<?xml version="1.0" encoding="UTF-8"?>
<osm version="0.6" generator="openstreetmap-cgimap 2.1.0 (2942770 spike-08.openstreetmap.org)" copyright="OpenStreetMap and contributors" attribution="http://www.openstreetmap.org/copyright" license="http://opendatacommons.org/licenses/odbl/1-0/">
 <bounds minlat="-34.4875000" minlon="-58.4875000" maxlat="-34.4750000" maxlon="-58.4750000"/>
 <node id="29603473" visible="true" version="8" changeset="158790052" timestamp="2024-11-05T18:19:05Z" user="JConormaps" uid="21599775" lat="-34.4870433" lon="-58.4857855">
  <tag k="enforcement" v="traffic_signals"/>
  <tag k="highway" v="traffic_signals"/>
 </node>
 <node id="29650874" visible="true" version="4" changeset="26517404" timestamp="2014-11-03T03:06:01Z" user="MSF-Fieldco" uid="1617763" lat="-34.4864324" lon="-58.4814980"/>
 <node id="29650884" visible="true" version="9" changeset="158790052" timestamp="2024-11-05T18:19:05Z" user="JConormaps" uid="21599775" lat="-34.4852602" lon="-58.4815582"/>
 <node id="29650892" visible="true" version="5" changeset="158790052" timestamp="2024-11-05T18:19:05Z" user="JConormaps" uid="21599775" lat="-34.4842370" lon="-58.4814679"/>
 <node id="29650897" visible="true" version="4" changeset="158790052" timestamp="2024-11-05T18:19:05Z" user="JConormaps" uid="21599775" lat="-34.4827044" lon="-58.4820496"/>
 <node id="29650902" visible="true" version="8" changeset="158791223" timestamp="2024-11-05T19:00:02Z" user="JConormaps" uid="21599775" lat="-34.4807944" lon="-58.4828774"/>
 <node id="29650906" visible="true" version="7" changeset="11328495" timestamp="2012-04-17T01:22:56Z" user="Beerforfree" uid="215693" lat="-34.4773186" lon="-58.4848423"/>
 <node id="29650912" visible="true" version="7" changeset="10654922" timestamp="2012-02-11T17:09:20Z" user="estela" uid="89271" lat="-34.4759362" lon="-58.4863118"/>
 <node id="29650917" visible="true" version="7" changeset="44788417" timestamp="2016-12-30T16:20:39Z" user="JAAS" uid="3321532" lat="-34.4732619" lon="-58.4908620"/>
 <node id="29651196" visible="true" version="7" changeset="158790052" timestamp="2024-11-05T18:19:05Z" user="JConormaps" uid="21599775" lat="-34.4851520" lon="-58.4812941"/>
 <node id="94288468" visible="true" version="10" changeset="10654922" timestamp="2012-02-11T17:09:21Z" user="estela" uid="89271" lat="-34.4731139" lon="-58.4875754"/>
 <node id="94291992" visible="true" version="10" changeset="10654626" timestamp="2012-02-11T16:38:40Z" user="estela" uid="89271" lat="-34.4749648" lon="-58.4858663"/>
 <node id="94293425" visible="true" version="11" changeset="10654922" timestamp="2012-02-11T17:09:22Z" user="estela" uid="89271" lat="-34.4798645" lon="-58.4814490"/>
 <node id="94296335" visible="true" version="10" changeset="26677354" timestamp="2014-11-09T23:14:29Z" user="MSF-Fieldco" uid="1617763" lat="-34.4897681" lon="-58.4795625"/>
 <node id="94298188" visible="true" version="10" changeset="10654922" timestamp="2012-02-11T17:09:22Z" user="estela" uid="89271" lat="-34.4711765" lon="-58.4900097"/>
 <node id="94300570" visible="true" version="10" changeset="10654922" timestamp="2012-02-11T17:09:22Z" user="estela" uid="89271" lat="-34.4732676" lon="-58.4876258"/>
 <node id="94303167" visible="true" version="10" changeset="10654626" timestamp="2012-02-11T16:38:41Z" user="estela" uid="89271" lat="-34.4754092" lon="-58.4855043"/>
 <node id="94306007" visible="true" version="10" changeset="10654626" timestamp="2012-02-11T16:38:41Z" user="estela" uid="89271" lat="-34.4810269" lon="-58.4818075"/>
 <node id="94311395" visible="true" version="10" changeset="10654922" timestamp="2012-02-11T17:09:22Z" user="estela" uid="89271" lat="-34.4720604" lon="-58.4896941"/>
 <node id="94314547" visible="true" version="9" changeset="10654922" timestamp="2012-02-11T17:09:22Z" user="estela" uid="89271" lat="-34.4734070" lon="-58.4872601"/>
 <node id="94318381" visible="true" version="10" changeset="10654626" timestamp="2012-02-11T16:38:41Z" user="estela" uid="89271" lat="-34.4761251" lon="-58.4845160"/>
 <node id="94320745" visible="true" version="10" changeset="10654626" timestamp="2012-02-11T16:38:41Z" user="estela" uid="89271" lat="-34.4825466" lon="-58.4804950"/>
 <node id="94322060" visible="true" version="9" changeset="1606518" timestamp="2009-06-23T21:57:39Z" user="zorko" uid="22005" lat="-34.4711739" lon="-58.4920157"/>
 <node id="94326164" visible="true" version="10" changeset="10654922" timestamp="2012-02-11T17:09:22Z" user="estela" uid="89271" lat="-34.4727424" lon="-58.4894059"/>
 <node id="94329811" visible="true" version="10" changeset="10654626" timestamp="2012-02-11T16:38:41Z" user="estela" uid="89271" lat="-34.4748246" lon="-58.4863864"/>
 <node id="94333261" visible="true" version="9" changeset="1606518" timestamp="2009-06-23T21:57:39Z" user="zorko" uid="22005" lat="-34.4772950" lon="-58.4837917"/>
 <node id="94341320" visible="true" version="11" changeset="150545996" timestamp="2024-04-26T15:52:56Z" user="g0nz" uid="9536659" lat="-34.4834107" lon="-58.4803457"/>
 <node id="94342883" visible="true" version="10" changeset="10654922" timestamp="2012-02-11T17:09:22Z" user="estela" uid="89271" lat="-34.4708417" lon="-58.4904477"/>
 <node id="108260637" visible="true" version="12" changeset="43504658" timestamp="2016-11-09T06:29:32Z" user="nicfer" uid="16712" lat="-34.4876002" lon="-58.4813041"/>
 <node id="108267188" visible="true" version="6" changeset="43504658" timestamp="2016-11-09T06:29:32Z" user="nicfer" uid="16712" lat="-34.4772333" lon="-58.4850726"/>
 <node id="108267189" visible="true" version="6" changeset="43504658" timestamp="2016-11-09T06:29:32Z" user="nicfer" uid="16712" lat="-34.4767302" lon="-58.4855278"/>
 <node id="108267190" visible="true" version="7" changeset="43504658" timestamp="2016-11-09T06:29:32Z" user="nicfer" uid="16712" lat="-34.4760855" lon="-58.4862808"/>
 <node id="247764960" visible="true" version="4" changeset="43504658" timestamp="2016-11-09T06:29:37Z" user="nicfer" uid="16712" lat="-34.4858139" lon="-58.4813100"/>
 <node id="247764961" visible="true" version="10" changeset="158790052" timestamp="2024-11-05T18:19:05Z" user="JConormaps" uid="21599775" lat="-34.4852068" lon="-58.4814186">
  <tag k="crossing:barrier" v="half"/>
  <tag k="crossing:light" v="yes"/>
  <tag k="railway" v="level_crossing"/>
 </node>
 <node id="247764962" visible="true" version="4" changeset="43504658" timestamp="2016-11-09T06:29:37Z" user="nicfer" uid="16712" lat="-34.4840617" lon="-58.4816323"/>
 <node id="247764963" visible="true" version="4" changeset="43504658" timestamp="2016-11-09T06:29:37Z" user="nicfer" uid="16712" lat="-34.4840766" lon="-58.4816730"/>
 <node id="247764964" visible="true" version="4" changeset="43504658" timestamp="2016-11-09T06:29:37Z" user="nicfer" uid="16712" lat="-34.4830202" lon="-58.4820367"/>
 <node id="247764965" visible="true" version="7" changeset="158791223" timestamp="2024-11-05T19:00:02Z" user="JConormaps" uid="21599775" lat="-34.4808259" lon="-58.4829759">
  <tag k="crossing:barrier" v="half"/>
  <tag k="crossing:bell" v="yes"/>
  <tag k="crossing:light" v="yes"/>
  <tag k="railway" v="level_crossing"/>
 </node>
 <node id="247764966" visible="true" version="8" changeset="158790052" timestamp="2024-11-05T18:19:05Z" user="JConormaps" uid="21599775" lat="-34.4851912" lon="-58.4813778">
  <tag k="crossing:barrier" v="half"/>
  <tag k="crossing:light" v="yes"/>
  <tag k="railway" v="level_crossing"/>
 </node>
 <node id="247764967" visible="true" version="3" changeset="43504658" timestamp="2016-11-09T06:29:37Z" user="nicfer" uid="16712" lat="-34.4785911" lon="-58.4841747"/>
 <node id="247764968" visible="true" version="4" changeset="181983433" timestamp="2026-04-29T11:29:26Z" user="AlejandroAlba" uid="6499071" lat="-34.4776862" lon="-58.4847483"/>
 <node id="247764969" visible="true" version="10" changeset="91233228" timestamp="2020-09-21T13:37:47Z" user="Fedejru" uid="3367777" lat="-34.4853253" lon="-58.4804534"/>
 <node id="247765284" visible="true" version="3" changeset="26677354" timestamp="2014-11-09T23:14:28Z" user="MSF-Fieldco" uid="1617763" lat="-34.4756301" lon="-58.4864344"/>
 <node id="247765285" visible="true" version="2" changeset="26677354" timestamp="2014-11-09T23:14:28Z" user="MSF-Fieldco" uid="1617763" lat="-34.4752868" lon="-58.4870543"/>
 <node id="247765286" visible="true" version="3" changeset="44788417" timestamp="2016-12-30T16:20:39Z" user="JAAS" uid="3321532" lat="-34.4752667" lon="-58.4874162"/>
 <node id="247765632" visible="true" version="4" changeset="43504658" timestamp="2016-11-09T06:29:37Z" user="nicfer" uid="16712" lat="-34.4785694" lon="-58.4841200"/>
 <node id="333469463" visible="true" version="8" changeset="159065499" timestamp="2024-11-12T19:59:50Z" user="Pegasus21" uid="13510663" lat="-34.4778330" lon="-58.4909550"/>
 <node id="333469466" visible="true" version="6" changeset="159065499" timestamp="2024-11-12T19:59:50Z" user="Pegasus21" uid="13510663" lat="-34.4770777" lon="-58.4894210"/>
 <node id="421872285" visible="true" version="4" changeset="41147544" timestamp="2016-07-31T15:04:46Z" user="pablopareja" uid="211657" lat="-34.4785537" lon="-58.4904487"/>
 <node id="421872286" visible="true" version="4" changeset="41147544" timestamp="2016-07-31T15:04:46Z" user="pablopareja" uid="211657" lat="-34.4778015" lon="-58.4889127"/>
 <node id="421872293" visible="true" version="2" changeset="9551366" timestamp="2011-10-13T21:33:46Z" user="argenos" uid="302384" lat="-34.4799966" lon="-58.4914851"/>
 <node id="421872294" visible="true" version="3" changeset="24900038" timestamp="2014-08-21T03:08:30Z" user="patodiez" uid="1856060" lat="-34.4792570" lon="-58.4899508"/>
 <node id="421872295" visible="true" version="4" changeset="26677354" timestamp="2014-11-09T23:14:28Z" user="MSF-Fieldco" uid="1617763" lat="-34.4785001" lon="-58.4883802"/>
 <node id="421872303" visible="true" version="4" changeset="41147544" timestamp="2016-07-31T15:04:46Z" user="pablopareja" uid="211657" lat="-34.4803433" lon="-58.4891737"/>
 <node id="421872304" visible="true" version="3" changeset="24900038" timestamp="2014-08-21T03:08:30Z" user="patodiez" uid="1856060" lat="-34.4795745" lon="-58.4876092"/>
 <node id="421872311" visible="true" version="5" changeset="158792241" timestamp="2024-11-05T19:33:07Z" user="JConormaps" uid="21599775" lat="-34.4817613" lon="-58.4902706"/>
 <node id="421872312" visible="true" version="5" changeset="158792241" timestamp="2024-11-05T19:33:07Z" user="JConormaps" uid="21599775" lat="-34.4810046" lon="-58.4886918"/>
 <node id="421872321" visible="true" version="8" changeset="158792241" timestamp="2024-11-05T19:33:07Z" user="JConormaps" uid="21599775" lat="-34.4816186" lon="-58.4882387"/>
 <node id="421872322" visible="true" version="4" changeset="24900038" timestamp="2014-08-21T03:08:30Z" user="patodiez" uid="1856060" lat="-34.4808520" lon="-58.4866818"/>
 <node id="421872330" visible="true" version="6" changeset="158792241" timestamp="2024-11-05T19:33:07Z" user="JConormaps" uid="21599775" lat="-34.4823155" lon="-58.4877522"/>
 <node id="421872336" visible="true" version="5" changeset="158791223" timestamp="2024-11-05T19:00:02Z" user="JConormaps" uid="21599775" lat="-34.4829738" lon="-58.4872840"/>
 <node id="421872337" visible="true" version="5" changeset="158791223" timestamp="2024-11-05T19:00:02Z" user="JConormaps" uid="21599775" lat="-34.4821877" lon="-58.4856891"/>
 <node id="421872360" visible="true" version="7" changeset="41147544" timestamp="2016-07-31T15:04:47Z" user="pablopareja" uid="211657" lat="-34.4761164" lon="-58.4900727"/>
 <node id="421872362" visible="true" version="6" changeset="44791901" timestamp="2016-12-30T18:43:35Z" user="JAAS" uid="3321532" lat="-34.4768775" lon="-58.4916264"/>
 <node id="421872367" visible="true" version="6" changeset="158792241" timestamp="2024-11-05T19:33:07Z" user="JConormaps" uid="21599775" lat="-34.4804738" lon="-58.4924577"/>
 <node id="421872374" visible="true" version="6" changeset="158830137" timestamp="2024-11-06T19:11:08Z" user="Johnny_Mappleseed" uid="21621709" lat="-34.4902689" lon="-58.4929728"/>
 <node id="421872375" visible="true" version="8" changeset="158830137" timestamp="2024-11-06T19:11:08Z" user="Johnny_Mappleseed" uid="21621709" lat="-34.4880249" lon="-58.4879728"/>
 <node id="421872376" visible="true" version="7" changeset="158830137" timestamp="2024-11-06T19:11:08Z" user="Johnny_Mappleseed" uid="21621709" lat="-34.4898367" lon="-58.4920098"/>
 <node id="421872377" visible="true" version="6" changeset="158830137" timestamp="2024-11-06T19:11:08Z" user="Johnny_Mappleseed" uid="21621709" lat="-34.4894050" lon="-58.4910479"/>
 <node id="421872379" visible="true" version="6" changeset="158830137" timestamp="2024-11-06T19:11:08Z" user="Johnny_Mappleseed" uid="21621709" lat="-34.4884596" lon="-58.4889413"/>
 <node id="421872385" visible="true" version="7" changeset="64092042" timestamp="2018-11-01T19:55:43Z" user="moon_walker" uid="8392691" lat="-34.4893498" lon="-58.4935445"/>
 <node id="421872388" visible="true" version="7" changeset="64092042" timestamp="2018-11-01T19:55:43Z" user="moon_walker" uid="8392691" lat="-34.4885473" lon="-58.4940541"/>
 <node id="421872390" visible="true" version="8" changeset="41147544" timestamp="2016-07-31T15:04:47Z" user="pablopareja" uid="211657" lat="-34.4877211" lon="-58.4945840"/>
 <node id="421872394" visible="true" version="6" changeset="65063705" timestamp="2018-12-01T03:49:24Z" user="AgusQui" uid="331218" lat="-34.4885265" lon="-58.4963048"/>
 <node id="421872396" visible="true" version="4" changeset="30222885" timestamp="2015-04-14T21:25:28Z" user="Souchong" uid="255141" lat="-34.4891968" lon="-58.4955323"/>
 <node id="421872398" visible="true" version="4" changeset="30226123" timestamp="2015-04-15T01:47:39Z" user="Souchong" uid="255141" lat="-34.4899194" lon="-58.4947563"/>
 <node id="421872408" visible="true" version="8" changeset="64092042" timestamp="2018-11-01T19:55:43Z" user="moon_walker" uid="8392691" lat="-34.4872539" lon="-58.4936477"/>
 <node id="421872410" visible="true" version="6" changeset="64092042" timestamp="2018-11-01T19:55:43Z" user="moon_walker" uid="8392691" lat="-34.4881014" lon="-58.4930963"/>
 <node id="421872412" visible="true" version="7" changeset="64092042" timestamp="2018-11-01T19:55:43Z" user="moon_walker" uid="8392691" lat="-34.4889437" lon="-58.4925769"/>
 <node id="421872424" visible="true" version="7" changeset="64092042" timestamp="2018-11-01T19:55:44Z" user="moon_walker" uid="8392691" lat="-34.4868140" lon="-58.4926915"/>
 <node id="421872426" visible="true" version="6" changeset="64092042" timestamp="2018-11-01T19:55:44Z" user="moon_walker" uid="8392691" lat="-34.4876630" lon="-58.4921631"/>
 <node id="421872427" visible="true" version="6" changeset="41147544" timestamp="2016-07-31T15:04:47Z" user="pablopareja" uid="211657" lat="-34.4885317" lon="-58.4916113"/>
 <node id="421872444" visible="true" version="9" changeset="64092042" timestamp="2018-11-01T19:55:44Z" user="moon_walker" uid="8392691" lat="-34.4863748" lon="-58.4917190"/>
 <node id="421872446" visible="true" version="7" changeset="64092042" timestamp="2018-11-01T19:55:44Z" user="moon_walker" uid="8392691" lat="-34.4872206" lon="-58.4911867"/>
 <node id="421872448" visible="true" version="7" changeset="41147544" timestamp="2016-07-31T15:04:47Z" user="pablopareja" uid="211657" lat="-34.4881037" lon="-58.4906414"/>
 <node id="421872457" visible="true" version="6" changeset="64092042" timestamp="2018-11-01T19:55:44Z" user="moon_walker" uid="8392691" lat="-34.4859133" lon="-58.4907461"/>
 <node id="421872459" visible="true" version="5" changeset="64092042" timestamp="2018-11-01T19:55:44Z" user="moon_walker" uid="8392691" lat="-34.4867486" lon="-58.4901521"/>
 <node id="421872461" visible="true" version="5" changeset="64092042" timestamp="2018-11-01T19:55:44Z" user="moon_walker" uid="8392691" lat="-34.4876031" lon="-58.4895475"/>
 <node id="421872472" visible="true" version="7" changeset="64092042" timestamp="2018-11-01T19:55:44Z" user="moon_walker" uid="8392691" lat="-34.4854834" lon="-58.4898115"/>
 <node id="421872474" visible="true" version="7" changeset="64092042" timestamp="2018-11-01T19:55:44Z" user="moon_walker" uid="8392691" lat="-34.4863099" lon="-58.4892090"/>
 <node id="421885363" visible="true" version="5" changeset="113139219" timestamp="2021-10-29T19:44:08Z" user="Ikohl" uid="10140113" lat="-34.4750674" lon="-58.4908215">
  <tag k="noexit" v="yes"/>
 </node>
 <node id="421885374" visible="true" version="5" changeset="44791901" timestamp="2016-12-30T18:43:35Z" user="JAAS" uid="3321532" lat="-34.4756187" lon="-58.4925108"/>
 <node id="421885382" visible="true" version="5" changeset="44791901" timestamp="2016-12-30T18:43:35Z" user="JAAS" uid="3321532" lat="-34.4760148" lon="-58.4922325"/>
 <node id="428635673" visible="true" version="2" changeset="26677354" timestamp="2014-11-09T23:14:29Z" user="MSF-Fieldco" uid="1617763" lat="-34.4876001" lon="-58.4806065"/>
 <node id="428635674" visible="true" version="2" changeset="106682118" timestamp="2021-06-20T22:01:18Z" user="dmgroom_ct" uid="437598" lat="-34.4892570" lon="-58.4800473"/>
 <node id="428635675" visible="true" version="2" changeset="26677354" timestamp="2014-11-09T23:14:29Z" user="MSF-Fieldco" uid="1617763" lat="-34.4879871" lon="-58.4804660"/>
 <node id="428635676" visible="true" version="2" changeset="26677354" timestamp="2014-11-09T23:14:29Z" user="MSF-Fieldco" uid="1617763" lat="-34.4863774" lon="-58.4803116"/>
 <node id="428635677" visible="true" version="3" changeset="91233228" timestamp="2020-09-21T13:37:47Z" user="Fedejru" uid="3367777" lat="-34.4857805" lon="-58.4803529"/>
 <node id="428635678" visible="true" version="3" changeset="50869369" timestamp="2017-08-05T19:22:55Z" user="juanperez79" uid="6218510" lat="-34.4847349" lon="-58.4804665"/>
 <node id="428635679" visible="true" version="2" changeset="10654626" timestamp="2012-02-11T16:38:40Z" user="estela" uid="89271" lat="-34.4839065" lon="-58.4798744"/>
 <node id="428635680" visible="true" version="3" changeset="50869369" timestamp="2017-08-05T19:22:55Z" user="juanperez79" uid="6218510" lat="-34.4836121" lon="-58.4798617"/>
 <node id="428635681" visible="true" version="2" changeset="50869369" timestamp="2017-08-05T19:22:55Z" user="juanperez79" uid="6218510" lat="-34.4837950" lon="-58.4798976"/>
 <node id="428635682" visible="true" version="1" changeset="1606518" timestamp="2009-06-23T21:57:33Z" user="zorko" uid="22005" lat="-34.4825497" lon="-58.4806756"/>
 <node id="428635683" visible="true" version="2" changeset="10654626" timestamp="2012-02-11T16:38:40Z" user="estela" uid="89271" lat="-34.4829680" lon="-58.4805647"/>
 <node id="428635684" visible="true" version="2" changeset="10654626" timestamp="2012-02-11T16:38:40Z" user="estela" uid="89271" lat="-34.4817987" lon="-58.4811492"/>
 <node id="428635685" visible="true" version="1" changeset="1606518" timestamp="2009-06-23T21:57:33Z" user="zorko" uid="22005" lat="-34.4802782" lon="-58.4819106"/>
 <node id="428635686" visible="true" version="2" changeset="10654626" timestamp="2012-02-11T16:38:40Z" user="estela" uid="89271" lat="-34.4806825" lon="-58.4818774"/>
 <node id="428635687" visible="true" version="2" changeset="10654922" timestamp="2012-02-11T17:09:20Z" user="estela" uid="89271" lat="-34.4786150" lon="-58.4822875"/>
 <node id="428635688" visible="true" version="2" changeset="10654922" timestamp="2012-02-11T17:09:20Z" user="estela" uid="89271" lat="-34.4791846" lon="-58.4817290"/>
 <node id="428635689" visible="true" version="2" changeset="10654922" timestamp="2012-02-11T17:09:20Z" user="estela" uid="89271" lat="-34.4785739" lon="-58.4828628"/>
 <node id="428635690" visible="true" version="2" changeset="10654922" timestamp="2012-02-11T17:09:20Z" user="estela" uid="89271" lat="-34.4785313" lon="-58.4824622"/>
 <node id="428635692" visible="true" version="2" changeset="10654922" timestamp="2012-02-11T17:09:20Z" user="estela" uid="89271" lat="-34.4782839" lon="-58.4829464"/>
 <node id="428635693" visible="true" version="1" changeset="1606518" timestamp="2009-06-23T21:57:33Z" user="zorko" uid="22005" lat="-34.4774889" lon="-58.4834668"/>
 <node id="428635694" visible="true" version="1" changeset="1606518" timestamp="2009-06-23T21:57:33Z" user="zorko" uid="22005" lat="-34.4767474" lon="-58.4840879"/>
 <node id="428635695" visible="true" version="2" changeset="10654626" timestamp="2012-02-11T16:38:40Z" user="estela" uid="89271" lat="-34.4757814" lon="-58.4848127"/>
 <node id="428635696" visible="true" version="2" changeset="10654922" timestamp="2012-02-11T17:09:21Z" user="estela" uid="89271" lat="-34.4724651" lon="-58.4890619"/>
 <node id="428635697" visible="true" version="2" changeset="10654922" timestamp="2012-02-11T17:09:21Z" user="estela" uid="89271" lat="-34.4722623" lon="-58.4881669"/>
 <node id="428635698" visible="true" version="2" changeset="10654922" timestamp="2012-02-11T17:09:21Z" user="estela" uid="89271" lat="-34.4742875" lon="-58.4866800"/>
 <node id="428635700" visible="true" version="2" changeset="10654922" timestamp="2012-02-11T17:09:21Z" user="estela" uid="89271" lat="-34.4726289" lon="-58.4893138"/>
 <node id="428635701" visible="true" version="2" changeset="10654922" timestamp="2012-02-11T17:09:21Z" user="estela" uid="89271" lat="-34.4725293" lon="-58.4896552"/>
 <node id="428635702" visible="true" version="1" changeset="1606518" timestamp="2009-06-23T21:57:33Z" user="zorko" uid="22005" lat="-34.4722865" lon="-58.4894919"/>
 <node id="428635706" visible="true" version="2" changeset="10654922" timestamp="2012-02-11T17:09:21Z" user="estela" uid="89271" lat="-34.4721239" lon="-58.4902104"/>
 <node id="428635708" visible="true" version="2" changeset="10654922" timestamp="2012-02-11T17:09:21Z" user="estela" uid="89271" lat="-34.4720856" lon="-58.4902143"/>
 <node id="428635709" visible="true" version="2" changeset="10654922" timestamp="2012-02-11T17:09:21Z" user="estela" uid="89271" lat="-34.4722382" lon="-58.4903901"/>
 <node id="428635710" visible="true" version="1" changeset="1606518" timestamp="2009-06-23T21:57:34Z" user="zorko" uid="22005" lat="-34.4708903" lon="-58.4912341"/>
 <node id="428635711" visible="true" version="1" changeset="1606518" timestamp="2009-06-23T21:57:34Z" user="zorko" uid="22005" lat="-34.4709551" lon="-58.4910199"/>
 <node id="428635712" visible="true" version="1" changeset="1606518" timestamp="2009-06-23T21:57:34Z" user="zorko" uid="22005" lat="-34.4707667" lon="-58.4908272"/>
 <node id="428635714" visible="true" version="2" changeset="77653941" timestamp="2019-11-27T21:42:05Z" user="Hernan" uid="72347" lat="-34.4708692" lon="-58.4912835"/>
 <node id="428635715" visible="true" version="2" changeset="77654413" timestamp="2019-11-27T22:05:59Z" user="Hernan" uid="72347" lat="-34.4708003" lon="-58.4913393"/>
 <node id="428635718" visible="true" version="1" changeset="1606518" timestamp="2009-06-23T21:57:34Z" user="zorko" uid="22005" lat="-34.4719026" lon="-58.4914840"/>
 <node id="428635719" visible="true" version="1" changeset="1606518" timestamp="2009-06-23T21:57:34Z" user="zorko" uid="22005" lat="-34.4708256" lon="-58.4915839"/>
 <node id="428635721" visible="true" version="1" changeset="1606518" timestamp="2009-06-23T21:57:34Z" user="zorko" uid="22005" lat="-34.4714553" lon="-58.4917481"/>
 <node id="595709688" visible="true" version="3" changeset="41147544" timestamp="2016-07-31T15:04:47Z" user="pablopareja" uid="211657" lat="-34.4888862" lon="-58.4948557"/>
 <node id="595715725" visible="true" version="4" changeset="30226123" timestamp="2015-04-15T01:47:39Z" user="Souchong" uid="255141" lat="-34.4847508" lon="-58.4828318"/>
 <node id="595715726" visible="true" version="5" changeset="64954979" timestamp="2018-11-28T00:34:10Z" user="GazEddyr" uid="9008001" lat="-34.4848204" lon="-58.4841302"/>
 <node id="595715727" visible="true" version="4" changeset="30226123" timestamp="2015-04-15T01:47:39Z" user="Souchong" uid="255141" lat="-34.4857361" lon="-58.4835673"/>
 <node id="595715728" visible="true" version="4" changeset="30226123" timestamp="2015-04-15T01:47:39Z" user="Souchong" uid="255141" lat="-34.4857465" lon="-58.4835881"/>
 <node id="595715729" visible="true" version="4" changeset="30226123" timestamp="2015-04-15T01:47:39Z" user="Souchong" uid="255141" lat="-34.4857619" lon="-58.4836038"/>
 <node id="595715730" visible="true" version="4" changeset="30226123" timestamp="2015-04-15T01:47:39Z" user="Souchong" uid="255141" lat="-34.4858496" lon="-58.4835044"/>
 <node id="595715731" visible="true" version="4" changeset="30226123" timestamp="2015-04-15T01:47:39Z" user="Souchong" uid="255141" lat="-34.4858369" lon="-58.4834840"/>
 <node id="595715732" visible="true" version="4" changeset="41147544" timestamp="2016-07-31T15:04:47Z" user="pablopareja" uid="211657" lat="-34.4802565" lon="-58.4871168"/>
 <node id="595715735" visible="true" version="3" changeset="26677354" timestamp="2014-11-09T23:14:29Z" user="MSF-Fieldco" uid="1617763" lat="-34.4845485" lon="-58.4857598"/>
 <node id="595715737" visible="true" version="5" changeset="30226123" timestamp="2015-04-15T01:47:39Z" user="Souchong" uid="255141" lat="-34.4839130" lon="-58.4842673">
  <tag k="highway" v="turning_circle"/>
 </node>
 <node id="595715738" visible="true" version="5" changeset="161698240" timestamp="2025-01-24T05:41:09Z" user="TaklamakanDesert" uid="15994195" lat="-34.4829875" lon="-58.4833947">
  <tag k="noexit" v="yes"/>
 </node>
 <node id="595715739" visible="true" version="5" changeset="158791223" timestamp="2024-11-05T19:00:02Z" user="JConormaps" uid="21599775" lat="-34.4832133" lon="-58.4850270"/>
 <node id="595715740" visible="true" version="8" changeset="158791223" timestamp="2024-11-05T19:00:02Z" user="JConormaps" uid="21599775" lat="-34.4838402" lon="-58.4863361"/>
 <node id="595715741" visible="true" version="5" changeset="158791223" timestamp="2024-11-05T19:00:02Z" user="JConormaps" uid="21599775" lat="-34.4847346" lon="-58.4882125"/>
 <node id="595715744" visible="true" version="2" changeset="161699668" timestamp="2025-01-24T06:59:12Z" user="TaklamakanDesert" uid="15994195" lat="-34.4836959" lon="-58.4836621"/>
 <node id="595715745" visible="true" version="3" changeset="41281389" timestamp="2016-08-06T03:58:56Z" user="pablopareja" uid="211657" lat="-34.4833754" lon="-58.4828314">
  <tag k="noexit" v="yes"/>
 </node>
 <node id="595715746" visible="true" version="2" changeset="26677354" timestamp="2014-11-09T23:14:29Z" user="MSF-Fieldco" uid="1617763" lat="-34.4839044" lon="-58.4837088"/>
 <node id="595715747" visible="true" version="2" changeset="26677354" timestamp="2014-11-09T23:14:29Z" user="MSF-Fieldco" uid="1617763" lat="-34.4842989" lon="-58.4835318"/>
 <node id="595715748" visible="true" version="1" changeset="3402126" timestamp="2009-12-18T18:17:03Z" user="el-tute" uid="202731" lat="-34.4845748" lon="-58.4832035"/>
 <node id="595715749" visible="true" version="5" changeset="41581745" timestamp="2016-08-20T19:36:44Z" user="pablopareja" uid="211657" lat="-34.4849535" lon="-58.4826938">
  <tag k="noexit" v="yes"/>
 </node>
 <node id="595715756" visible="true" version="7" changeset="64092042" timestamp="2018-11-01T19:55:44Z" user="moon_walker" uid="8392691" lat="-34.4871978" lon="-58.4885874"/>
 <node id="595715757" visible="true" version="3" changeset="24898532" timestamp="2014-08-20T23:17:17Z" user="patodiez" uid="1856060" lat="-34.4863027" lon="-58.4865597"/>
 <node id="595715759" visible="true" version="4" changeset="45080692" timestamp="2017-01-11T16:39:22Z" user="JAAS" uid="3321532" lat="-34.4892196" lon="-58.4837729"/>
 <node id="595715763" visible="true" version="4" changeset="158792531" timestamp="2024-11-05T19:42:02Z" user="JConormaps" uid="21599775" lat="-34.4913486" lon="-58.4834057"/>
 <node id="595715765" visible="true" version="5" changeset="41584254" timestamp="2016-08-20T22:46:39Z" user="pablopareja" uid="211657" lat="-34.4900779" lon="-58.4835267"/>
 <node id="598517572" visible="true" version="6" changeset="41147544" timestamp="2016-07-31T15:04:48Z" user="pablopareja" uid="211657" lat="-34.4881015" lon="-58.4953947"/>
 <node id="925991241" visible="true" version="3" changeset="26677354" timestamp="2014-11-09T23:14:29Z" user="MSF-Fieldco" uid="1617763" lat="-34.4903274" lon="-58.4795915"/>
 <node id="925991246" visible="true" version="2" changeset="11090727" timestamp="2012-03-25T02:07:30Z" user="Zalitoar" uid="79602" lat="-34.4904601" lon="-58.4810791"/>
 <node id="925991248" visible="true" version="4" changeset="60518247" timestamp="2018-07-08T20:44:12Z" user="nurdafur" uid="3172019" lat="-34.4918245" lon="-58.4795446"/>
 <node id="925991277" visible="true" version="3" changeset="26677354" timestamp="2014-11-09T23:14:29Z" user="MSF-Fieldco" uid="1617763" lat="-34.4902999" lon="-58.4805628"/>
 <node id="1432924942" visible="true" version="2" changeset="27659457" timestamp="2014-12-23T20:43:56Z" user="MSF-Fieldco" uid="1617763" lat="-34.4859234" lon="-58.4812797"/>
 <node id="1432924944" visible="true" version="1" changeset="9302129" timestamp="2011-09-14T18:54:59Z" user="Julio_Costa_Zambelli" uid="30854" lat="-34.4852385" lon="-58.4813021"/>
 <node id="1432924951" visible="true" version="3" changeset="91233228" timestamp="2020-09-21T13:37:47Z" user="Fedejru" uid="3367777" lat="-34.4851477" lon="-58.4809771"/>
 <node id="1432924953" visible="true" version="5" changeset="124569596" timestamp="2022-08-06T16:27:31Z" user="patodiez" uid="1856060" lat="-34.4881815" lon="-58.4814600"/>
 <node id="1432924956" visible="true" version="3" changeset="26677354" timestamp="2014-11-09T23:14:27Z" user="MSF-Fieldco" uid="1617763" lat="-34.4879647" lon="-58.4805197"/>
 <node id="1432924960" visible="true" version="3" changeset="91233228" timestamp="2020-09-21T13:37:47Z" user="Fedejru" uid="3367777" lat="-34.4854729" lon="-58.4807398"/>
 <node id="1432924963" visible="true" version="3" changeset="60519703" timestamp="2018-07-08T22:19:28Z" user="nurdafur" uid="3172019" lat="-34.4887804" lon="-58.4811246"/>
 <node id="1432924966" visible="true" version="4" changeset="50869369" timestamp="2017-08-05T19:22:55Z" user="juanperez79" uid="6218510" lat="-34.4876589" lon="-58.4807018"/>
 <node id="1432924971" visible="true" version="2" changeset="27659457" timestamp="2014-12-23T20:43:56Z" user="MSF-Fieldco" uid="1617763" lat="-34.4876963" lon="-58.4812154"/>
 <node id="1432924973" visible="true" version="2" changeset="27659457" timestamp="2014-12-23T20:43:56Z" user="MSF-Fieldco" uid="1617763" lat="-34.4885650" lon="-58.4811487"/>
 <node id="1432924975" visible="true" version="4" changeset="50869369" timestamp="2017-08-05T19:22:55Z" user="juanperez79" uid="6218510" lat="-34.4874592" lon="-58.4807458"/>
 <node id="1432924987" visible="true" version="2" changeset="11090727" timestamp="2012-03-25T02:20:23Z" user="Zalitoar" uid="79602" lat="-34.4893013" lon="-58.4809827"/>
 <node id="1432924999" visible="true" version="2" changeset="26677354" timestamp="2014-11-09T23:14:27Z" user="MSF-Fieldco" uid="1617763" lat="-34.4864419" lon="-58.4805479"/>
 <node id="1432925001" visible="true" version="3" changeset="26677354" timestamp="2014-11-09T23:14:27Z" user="MSF-Fieldco" uid="1617763" lat="-34.4878678" lon="-58.4806308"/>
 <node id="1432925006" visible="true" version="1" changeset="9302129" timestamp="2011-09-14T18:55:00Z" user="Julio_Costa_Zambelli" uid="30854" lat="-34.4892262" lon="-58.4810240"/>
 <node id="1432925010" visible="true" version="3" changeset="26677354" timestamp="2014-11-09T23:14:27Z" user="MSF-Fieldco" uid="1617763" lat="-34.4863687" lon="-58.4803571"/>
 <node id="1432925023" visible="true" version="4" changeset="91233228" timestamp="2020-09-21T13:37:47Z" user="Fedejru" uid="3367777" lat="-34.4857979" lon="-58.4806964"/>
 <node id="1432925025" visible="true" version="1" changeset="9302129" timestamp="2011-09-14T18:55:00Z" user="Julio_Costa_Zambelli" uid="30854" lat="-34.4852651" lon="-58.4811894"/>
 <node id="1459101725" visible="true" version="2" changeset="26677354" timestamp="2014-11-09T23:14:27Z" user="MSF-Fieldco" uid="1617763" lat="-34.4879814" lon="-58.4828974"/>
 <node id="1459104622" visible="true" version="5" changeset="158792241" timestamp="2024-11-05T19:33:07Z" user="JConormaps" uid="21599775" lat="-34.4878132" lon="-58.4855018"/>
 <node id="1459105633" visible="true" version="3" changeset="89589570" timestamp="2020-08-18T17:57:02Z" user="Nodestrawaymus" uid="8899783" lat="-34.4870863" lon="-58.4831021"/>
 <node id="1459198676" visible="true" version="6" changeset="64954979" timestamp="2018-11-28T00:34:10Z" user="GazEddyr" uid="9008001" lat="-34.4845111" lon="-58.4834175"/>
 <node id="1459198678" visible="true" version="3" changeset="64954979" timestamp="2018-11-28T00:34:10Z" user="GazEddyr" uid="9008001" lat="-34.4860097" lon="-58.4868705"/>
 <node id="1459207325" visible="true" version="5" changeset="30226123" timestamp="2015-04-15T01:47:37Z" user="Souchong" uid="255141" lat="-34.4864704" lon="-58.4844231"/>
 <node id="1459207326" visible="true" version="4" changeset="64954979" timestamp="2018-11-28T00:34:10Z" user="GazEddyr" uid="9008001" lat="-34.4852745" lon="-58.4851766"/>
 <node id="1465962725" visible="true" version="5" changeset="158830137" timestamp="2024-11-06T19:11:08Z" user="Johnny_Mappleseed" uid="21621709" lat="-34.4876565" lon="-58.4871519"/>
 <node id="1465969621" visible="true" version="4" changeset="41147544" timestamp="2016-07-31T15:04:46Z" user="pablopareja" uid="211657" lat="-34.4866224" lon="-58.4872842"/>
 <node id="1465969622" visible="true" version="6" changeset="158830137" timestamp="2024-11-06T19:11:08Z" user="Johnny_Mappleseed" uid="21621709" lat="-34.4874738" lon="-58.4867447"/>
 <node id="1467701275" visible="true" version="7" changeset="158830137" timestamp="2024-11-06T19:11:08Z" user="Johnny_Mappleseed" uid="21621709" lat="-34.4889723" lon="-58.4900836"/>
 <node id="1533399869" visible="true" version="3" changeset="30226123" timestamp="2015-04-15T01:47:37Z" user="Souchong" uid="255141" lat="-34.4858194" lon="-58.4834698"/>
 <node id="1628511800" visible="true" version="1" changeset="10654626" timestamp="2012-02-11T16:38:13Z" user="estela" uid="89271" lat="-34.4744896" lon="-58.4862827"/>
 <node id="1628511801" visible="true" version="1" changeset="10654626" timestamp="2012-02-11T16:38:13Z" user="estela" uid="89271" lat="-34.4745452" lon="-58.4863198"/>
 <node id="1628511802" visible="true" version="1" changeset="10654626" timestamp="2012-02-11T16:38:13Z" user="estela" uid="89271" lat="-34.4745761" lon="-58.4862148"/>
 <node id="1628511803" visible="true" version="1" changeset="10654626" timestamp="2012-02-11T16:38:13Z" user="estela" uid="89271" lat="-34.4746725" lon="-58.4861913"/>
 <node id="1628511804" visible="true" version="1" changeset="10654626" timestamp="2012-02-11T16:38:13Z" user="estela" uid="89271" lat="-34.4747355" lon="-58.4862395"/>
 <node id="1628511813" visible="true" version="1" changeset="10654626" timestamp="2012-02-11T16:38:13Z" user="estela" uid="89271" lat="-34.4747639" lon="-58.4863989"/>
 <node id="1628511816" visible="true" version="1" changeset="10654626" timestamp="2012-02-11T16:38:14Z" user="estela" uid="89271" lat="-34.4747751" lon="-58.4863186"/>
 <node id="1628511819" visible="true" version="1" changeset="10654626" timestamp="2012-02-11T16:38:14Z" user="estela" uid="89271" lat="-34.4748507" lon="-58.4861015"/>
 <node id="1628511821" visible="true" version="1" changeset="10654626" timestamp="2012-02-11T16:38:14Z" user="estela" uid="89271" lat="-34.4748540" lon="-58.4861761"/>
 <node id="1628511824" visible="true" version="1" changeset="10654626" timestamp="2012-02-11T16:38:14Z" user="estela" uid="89271" lat="-34.4748541" lon="-58.4863606"/>
 <node id="1628511827" visible="true" version="1" changeset="10654626" timestamp="2012-02-11T16:38:14Z" user="estela" uid="89271" lat="-34.4748702" lon="-58.4862735"/>
 <node id="1628511829" visible="true" version="1" changeset="10654626" timestamp="2012-02-11T16:38:14Z" user="estela" uid="89271" lat="-34.4748799" lon="-58.4859572"/>
 <node id="1628511831" visible="true" version="1" changeset="10654626" timestamp="2012-02-11T16:38:14Z" user="estela" uid="89271" lat="-34.4748815" lon="-58.4861794"/>
 <node id="1628511832" visible="true" version="1" changeset="10654626" timestamp="2012-02-11T16:38:14Z" user="estela" uid="89271" lat="-34.4748900" lon="-58.4861055"/>
 <node id="1628511836" visible="true" version="1" changeset="10654626" timestamp="2012-02-11T16:38:14Z" user="estela" uid="89271" lat="-34.4749015" lon="-58.4861308"/>
 <node id="1628511838" visible="true" version="1" changeset="10654626" timestamp="2012-02-11T16:38:14Z" user="estela" uid="89271" lat="-34.4749026" lon="-58.4862475"/>
 <node id="1628511839" visible="true" version="1" changeset="10654626" timestamp="2012-02-11T16:38:14Z" user="estela" uid="89271" lat="-34.4749059" lon="-58.4861461"/>
 <node id="1628511842" visible="true" version="1" changeset="10654626" timestamp="2012-02-11T16:38:14Z" user="estela" uid="89271" lat="-34.4749084" lon="-58.4859977"/>
 <node id="1628511845" visible="true" version="1" changeset="10654626" timestamp="2012-02-11T16:38:14Z" user="estela" uid="89271" lat="-34.4749153" lon="-58.4860493"/>
 <node id="1628511848" visible="true" version="1" changeset="10654626" timestamp="2012-02-11T16:38:14Z" user="estela" uid="89271" lat="-34.4749187" lon="-58.4859564"/>
 <node id="1628511850" visible="true" version="1" changeset="10654626" timestamp="2012-02-11T16:38:14Z" user="estela" uid="89271" lat="-34.4749391" lon="-58.4861664"/>
 <node id="1628511853" visible="true" version="1" changeset="10654626" timestamp="2012-02-11T16:38:14Z" user="estela" uid="89271" lat="-34.4749618" lon="-58.4861705"/>
 <node id="1628511855" visible="true" version="1" changeset="10654626" timestamp="2012-02-11T16:38:14Z" user="estela" uid="89271" lat="-34.4749994" lon="-58.4861265"/>
 <node id="1628511862" visible="true" version="1" changeset="10654626" timestamp="2012-02-11T16:38:15Z" user="estela" uid="89271" lat="-34.4750180" lon="-58.4861574"/>
 <node id="1628511864" visible="true" version="1" changeset="10654626" timestamp="2012-02-11T16:38:15Z" user="estela" uid="89271" lat="-34.4750229" lon="-58.4860734"/>
 <node id="1628511867" visible="true" version="1" changeset="10654626" timestamp="2012-02-11T16:38:15Z" user="estela" uid="89271" lat="-34.4750502" lon="-58.4857901"/>
 <node id="1628511869" visible="true" version="1" changeset="10654626" timestamp="2012-02-11T16:38:15Z" user="estela" uid="89271" lat="-34.4750785" lon="-58.4860091"/>
 <node id="1628511870" visible="true" version="1" changeset="10654626" timestamp="2012-02-11T16:38:15Z" user="estela" uid="89271" lat="-34.4751008" lon="-58.4859078"/>
 <node id="1628511872" visible="true" version="1" changeset="10654626" timestamp="2012-02-11T16:38:15Z" user="estela" uid="89271" lat="-34.4751346" lon="-58.4856668"/>
 <node id="1628511874" visible="true" version="1" changeset="10654626" timestamp="2012-02-11T16:38:15Z" user="estela" uid="89271" lat="-34.4751403" lon="-58.4858225"/>
 <node id="1628511876" visible="true" version="1" changeset="10654626" timestamp="2012-02-11T16:38:15Z" user="estela" uid="89271" lat="-34.4751562" lon="-58.4855813"/>
 <node id="1628511879" visible="true" version="1" changeset="10654626" timestamp="2012-02-11T16:38:15Z" user="estela" uid="89271" lat="-34.4751733" lon="-58.4856032"/>
 <node id="1628511889" visible="true" version="1" changeset="10654626" timestamp="2012-02-11T16:38:15Z" user="estela" uid="89271" lat="-34.4751959" lon="-58.4857089"/>
 <node id="1628511890" visible="true" version="1" changeset="10654626" timestamp="2012-02-11T16:38:15Z" user="estela" uid="89271" lat="-34.4752008" lon="-58.4855745"/>
 <node id="1628511892" visible="true" version="1" changeset="10654626" timestamp="2012-02-11T16:38:15Z" user="estela" uid="89271" lat="-34.4752146" lon="-58.4854644"/>
 <node id="1628511894" visible="true" version="1" changeset="10654626" timestamp="2012-02-11T16:38:15Z" user="estela" uid="89271" lat="-34.4752293" lon="-58.4856384"/>
 <node id="1628511896" visible="true" version="1" changeset="10654626" timestamp="2012-02-11T16:38:16Z" user="estela" uid="89271" lat="-34.4752329" lon="-58.4855309"/>
 <node id="1628511898" visible="true" version="1" changeset="10654626" timestamp="2012-02-11T16:38:16Z" user="estela" uid="89271" lat="-34.4752479" lon="-58.4853933"/>
 <node id="1628511900" visible="true" version="1" changeset="10654626" timestamp="2012-02-11T16:38:16Z" user="estela" uid="89271" lat="-34.4752823" lon="-58.4855022"/>
 <node id="1628511901" visible="true" version="1" changeset="10654626" timestamp="2012-02-11T16:38:16Z" user="estela" uid="89271" lat="-34.4752836" lon="-58.4855766"/>
 <node id="1628511903" visible="true" version="1" changeset="10654626" timestamp="2012-02-11T16:38:16Z" user="estela" uid="89271" lat="-34.4752926" lon="-58.4853830"/>
 <node id="1628511917" visible="true" version="1" changeset="10654626" timestamp="2012-02-11T16:38:16Z" user="estela" uid="89271" lat="-34.4753316" lon="-58.4853726"/>
 <node id="1628511919" visible="true" version="1" changeset="10654626" timestamp="2012-02-11T16:38:16Z" user="estela" uid="89271" lat="-34.4753327" lon="-58.4855022"/>
 <node id="1628511921" visible="true" version="1" changeset="10654626" timestamp="2012-02-11T16:38:16Z" user="estela" uid="89271" lat="-34.4753430" lon="-58.4855692"/>
 <node id="1628511923" visible="true" version="1" changeset="10654626" timestamp="2012-02-11T16:38:16Z" user="estela" uid="89271" lat="-34.4753694" lon="-58.4854071"/>
 <node id="1628511925" visible="true" version="1" changeset="10654626" timestamp="2012-02-11T16:38:16Z" user="estela" uid="89271" lat="-34.4753813" lon="-58.4855927"/>
 <node id="1628511927" visible="true" version="1" changeset="10654626" timestamp="2012-02-11T16:38:16Z" user="estela" uid="89271" lat="-34.4753818" lon="-58.4855034"/>
 <node id="1628511929" visible="true" version="1" changeset="10654626" timestamp="2012-02-11T16:38:16Z" user="estela" uid="89271" lat="-34.4753832" lon="-58.4854667"/>
 <node id="1628511931" visible="true" version="1" changeset="10654626" timestamp="2012-02-11T16:38:16Z" user="estela" uid="89271" lat="-34.4754307" lon="-58.4856409"/>
 <node id="1628511939" visible="true" version="1" changeset="10654626" timestamp="2012-02-11T16:38:16Z" user="estela" uid="89271" lat="-34.4754719" lon="-58.4854771"/>
 <node id="1628511941" visible="true" version="1" changeset="10654626" timestamp="2012-02-11T16:38:17Z" user="estela" uid="89271" lat="-34.4754784" lon="-58.4853733"/>
 <node id="1628511944" visible="true" version="1" changeset="10654626" timestamp="2012-02-11T16:38:17Z" user="estela" uid="89271" lat="-34.4754972" lon="-58.4853235"/>
 <node id="1628511947" visible="true" version="1" changeset="10654626" timestamp="2012-02-11T16:38:17Z" user="estela" uid="89271" lat="-34.4755173" lon="-58.4852256"/>
 <node id="1628511949" visible="true" version="1" changeset="10654626" timestamp="2012-02-11T16:38:17Z" user="estela" uid="89271" lat="-34.4755196" lon="-58.4856273"/>
 <node id="1628511952" visible="true" version="1" changeset="10654626" timestamp="2012-02-11T16:38:17Z" user="estela" uid="89271" lat="-34.4755289" lon="-58.4854013"/>
 <node id="1628511953" visible="true" version="1" changeset="10654626" timestamp="2012-02-11T16:38:17Z" user="estela" uid="89271" lat="-34.4755321" lon="-58.4851574"/>
 <node id="1628511955" visible="true" version="1" changeset="10654626" timestamp="2012-02-11T16:38:17Z" user="estela" uid="89271" lat="-34.4755356" lon="-58.4852938"/>
 <node id="1628511956" visible="true" version="1" changeset="10654626" timestamp="2012-02-11T16:38:17Z" user="estela" uid="89271" lat="-34.4755656" lon="-58.4853382"/>
 <node id="1628511964" visible="true" version="1" changeset="10654626" timestamp="2012-02-11T16:38:17Z" user="estela" uid="89271" lat="-34.4755680" lon="-58.4850806"/>
 <node id="1628511966" visible="true" version="1" changeset="10654626" timestamp="2012-02-11T16:38:17Z" user="estela" uid="89271" lat="-34.4755740" lon="-58.4854333"/>
 <node id="1628511968" visible="true" version="1" changeset="10654626" timestamp="2012-02-11T16:38:17Z" user="estela" uid="89271" lat="-34.4755814" lon="-58.4855618"/>
 <node id="1628511970" visible="true" version="1" changeset="10654626" timestamp="2012-02-11T16:38:17Z" user="estela" uid="89271" lat="-34.4755938" lon="-58.4854951"/>
 <node id="1628511972" visible="true" version="1" changeset="10654626" timestamp="2012-02-11T16:38:18Z" user="estela" uid="89271" lat="-34.4756011" lon="-58.4852752"/>
 <node id="1628511974" visible="true" version="1" changeset="10654626" timestamp="2012-02-11T16:38:18Z" user="estela" uid="89271" lat="-34.4756116" lon="-58.4850360"/>
 <node id="1628511976" visible="true" version="1" changeset="10654626" timestamp="2012-02-11T16:38:18Z" user="estela" uid="89271" lat="-34.4756185" lon="-58.4854111"/>
 <node id="1628511981" visible="true" version="1" changeset="10654626" timestamp="2012-02-11T16:38:18Z" user="estela" uid="89271" lat="-34.4756355" lon="-58.4852270"/>
 <node id="1628511984" visible="true" version="1" changeset="10654626" timestamp="2012-02-11T16:38:18Z" user="estela" uid="89271" lat="-34.4756420" lon="-58.4854185"/>
 <node id="1628511990" visible="true" version="1" changeset="10654626" timestamp="2012-02-11T16:38:18Z" user="estela" uid="89271" lat="-34.4756475" lon="-58.4850203"/>
 <node id="1628511991" visible="true" version="1" changeset="10654626" timestamp="2012-02-11T16:38:18Z" user="estela" uid="89271" lat="-34.4756632" lon="-58.4849425"/>
 <node id="1628511992" visible="true" version="1" changeset="10654626" timestamp="2012-02-11T16:38:18Z" user="estela" uid="89271" lat="-34.4756729" lon="-58.4853456"/>
 <node id="1628511993" visible="true" version="1" changeset="10654626" timestamp="2012-02-11T16:38:18Z" user="estela" uid="89271" lat="-34.4756883" lon="-58.4851765"/>
 <node id="1628511995" visible="true" version="1" changeset="10654626" timestamp="2012-02-11T16:38:18Z" user="estela" uid="89271" lat="-34.4757121" lon="-58.4848901"/>
 <node id="1628511997" visible="true" version="1" changeset="10654626" timestamp="2012-02-11T16:38:18Z" user="estela" uid="89271" lat="-34.4757456" lon="-58.4851238"/>
 <node id="1628511999" visible="true" version="1" changeset="10654626" timestamp="2012-02-11T16:38:18Z" user="estela" uid="89271" lat="-34.4757495" lon="-58.4852850"/>
 <node id="1628512002" visible="true" version="1" changeset="10654626" timestamp="2012-02-11T16:38:18Z" user="estela" uid="89271" lat="-34.4757567" lon="-58.4848700"/>
 <node id="1628512005" visible="true" version="1" changeset="10654626" timestamp="2012-02-11T16:38:18Z" user="estela" uid="89271" lat="-34.4758007" lon="-58.4850882"/>
 <node id="1628512011" visible="true" version="1" changeset="10654626" timestamp="2012-02-11T16:38:18Z" user="estela" uid="89271" lat="-34.4758572" lon="-58.4848281"/>
 <node id="1628512012" visible="true" version="1" changeset="10654626" timestamp="2012-02-11T16:38:19Z" user="estela" uid="89271" lat="-34.4758649" lon="-58.4850160"/>
 <node id="1628512013" visible="true" version="1" changeset="10654626" timestamp="2012-02-11T16:38:19Z" user="estela" uid="89271" lat="-34.4758718" lon="-58.4849907"/>
 <node id="1628512014" visible="true" version="1" changeset="10654626" timestamp="2012-02-11T16:38:19Z" user="estela" uid="89271" lat="-34.4758936" lon="-58.4851868"/>
 <node id="1628512015" visible="true" version="1" changeset="10654626" timestamp="2012-02-11T16:38:19Z" user="estela" uid="89271" lat="-34.4758956" lon="-58.4849032"/>
 <node id="1628512016" visible="true" version="1" changeset="10654626" timestamp="2012-02-11T16:38:19Z" user="estela" uid="89271" lat="-34.4759410" lon="-58.4848158"/>
 <node id="1628512017" visible="true" version="1" changeset="10654626" timestamp="2012-02-11T16:38:19Z" user="estela" uid="89271" lat="-34.4759440" lon="-58.4849563"/>
 <node id="1628512018" visible="true" version="1" changeset="10654626" timestamp="2012-02-11T16:38:19Z" user="estela" uid="89271" lat="-34.4759707" lon="-58.4847127"/>
 <node id="1628512019" visible="true" version="1" changeset="10654626" timestamp="2012-02-11T16:38:19Z" user="estela" uid="89271" lat="-34.4759865" lon="-58.4849049"/>
 <node id="1628512027" visible="true" version="1" changeset="10654626" timestamp="2012-02-11T16:38:19Z" user="estela" uid="89271" lat="-34.4759917" lon="-58.4846288"/>
 <node id="1628512030" visible="true" version="1" changeset="10654626" timestamp="2012-02-11T16:38:19Z" user="estela" uid="89271" lat="-34.4760129" lon="-58.4849391"/>
 <node id="1628512033" visible="true" version="1" changeset="10654626" timestamp="2012-02-11T16:38:19Z" user="estela" uid="89271" lat="-34.4760346" lon="-58.4850687"/>
 <node id="1628512036" visible="true" version="1" changeset="10654626" timestamp="2012-02-11T16:38:19Z" user="estela" uid="89271" lat="-34.4760371" lon="-58.4846009"/>
 <node id="1628512039" visible="true" version="1" changeset="10654626" timestamp="2012-02-11T16:38:19Z" user="estela" uid="89271" lat="-34.4760656" lon="-58.4849483"/>
 <node id="1628512041" visible="true" version="1" changeset="10654626" timestamp="2012-02-11T16:38:19Z" user="estela" uid="89271" lat="-34.4761080" lon="-58.4850205"/>
 <node id="1628512043" visible="true" version="1" changeset="10654626" timestamp="2012-02-11T16:38:19Z" user="estela" uid="89271" lat="-34.4761665" lon="-58.4844139"/>
 <node id="1628512044" visible="true" version="1" changeset="10654626" timestamp="2012-02-11T16:38:19Z" user="estela" uid="89271" lat="-34.4761822" lon="-58.4843230"/>
 <node id="1628512045" visible="true" version="1" changeset="10654626" timestamp="2012-02-11T16:38:20Z" user="estela" uid="89271" lat="-34.4762765" lon="-58.4843178"/>
 <node id="1628512051" visible="true" version="1" changeset="10654626" timestamp="2012-02-11T16:38:20Z" user="estela" uid="89271" lat="-34.4763971" lon="-58.4842619"/>
 <node id="1628512053" visible="true" version="1" changeset="10654626" timestamp="2012-02-11T16:38:20Z" user="estela" uid="89271" lat="-34.4764233" lon="-58.4842322"/>
 <node id="1628512057" visible="true" version="1" changeset="10654626" timestamp="2012-02-11T16:38:20Z" user="estela" uid="89271" lat="-34.4799596" lon="-58.4814717"/>
 <node id="1628512061" visible="true" version="1" changeset="10654626" timestamp="2012-02-11T16:38:20Z" user="estela" uid="89271" lat="-34.4800460" lon="-58.4815854"/>
 <node id="1628512064" visible="true" version="1" changeset="10654626" timestamp="2012-02-11T16:38:20Z" user="estela" uid="89271" lat="-34.4802092" lon="-58.4819660"/>
 <node id="1628512067" visible="true" version="1" changeset="10654626" timestamp="2012-02-11T16:38:20Z" user="estela" uid="89271" lat="-34.4802314" lon="-58.4820204"/>
 <node id="1628512069" visible="true" version="1" changeset="10654626" timestamp="2012-02-11T16:38:20Z" user="estela" uid="89271" lat="-34.4804266" lon="-58.4819833"/>
 <node id="1628512071" visible="true" version="1" changeset="10654626" timestamp="2012-02-11T16:38:20Z" user="estela" uid="89271" lat="-34.4804489" lon="-58.4819363"/>
 <node id="1628512072" visible="true" version="1" changeset="10654626" timestamp="2012-02-11T16:38:20Z" user="estela" uid="89271" lat="-34.4804785" lon="-58.4820179"/>
 <node id="1628512077" visible="true" version="1" changeset="10654626" timestamp="2012-02-11T16:38:20Z" user="estela" uid="89271" lat="-34.4805131" lon="-58.4821044"/>
 <node id="1628512080" visible="true" version="1" changeset="10654626" timestamp="2012-02-11T16:38:21Z" user="estela" uid="89271" lat="-34.4805774" lon="-58.4821044"/>
 <node id="1628512082" visible="true" version="1" changeset="10654626" timestamp="2012-02-11T16:38:21Z" user="estela" uid="89271" lat="-34.4807726" lon="-58.4821168"/>
 <node id="1628512085" visible="true" version="1" changeset="10654626" timestamp="2012-02-11T16:38:21Z" user="estela" uid="89271" lat="-34.4809407" lon="-58.4820698"/>
 <node id="1628512088" visible="true" version="1" changeset="10654626" timestamp="2012-02-11T16:38:21Z" user="estela" uid="89271" lat="-34.4810024" lon="-58.4819858"/>
 <node id="1628512090" visible="true" version="1" changeset="10654626" timestamp="2012-02-11T16:38:21Z" user="estela" uid="89271" lat="-34.4810766" lon="-58.4819487"/>
 <node id="1628512093" visible="true" version="1" changeset="10654626" timestamp="2012-02-11T16:38:21Z" user="estela" uid="89271" lat="-34.4811606" lon="-58.4819487"/>
 <node id="1628512096" visible="true" version="1" changeset="10654626" timestamp="2012-02-11T16:38:21Z" user="estela" uid="89271" lat="-34.4811655" lon="-58.4817559"/>
 <node id="1628512098" visible="true" version="1" changeset="10654626" timestamp="2012-02-11T16:38:21Z" user="estela" uid="89271" lat="-34.4811853" lon="-58.4816744"/>
 <node id="1628512107" visible="true" version="1" changeset="10654626" timestamp="2012-02-11T16:38:21Z" user="estela" uid="89271" lat="-34.4812372" lon="-58.4819215"/>
 <node id="1628512110" visible="true" version="1" changeset="10654626" timestamp="2012-02-11T16:38:21Z" user="estela" uid="89271" lat="-34.4812520" lon="-58.4815854"/>
 <node id="1628512113" visible="true" version="1" changeset="10654626" timestamp="2012-02-11T16:38:21Z" user="estela" uid="89271" lat="-34.4812842" lon="-58.4818424"/>
 <node id="1628512116" visible="true" version="1" changeset="10654626" timestamp="2012-02-11T16:38:21Z" user="estela" uid="89271" lat="-34.4813188" lon="-58.4817609"/>
 <node id="1628512120" visible="true" version="1" changeset="10654626" timestamp="2012-02-11T16:38:21Z" user="estela" uid="89271" lat="-34.4813830" lon="-58.4815063"/>
 <node id="1628512123" visible="true" version="1" changeset="10654626" timestamp="2012-02-11T16:38:21Z" user="estela" uid="89271" lat="-34.4814201" lon="-58.4816892"/>
 <node id="1628512126" visible="true" version="1" changeset="10654626" timestamp="2012-02-11T16:38:21Z" user="estela" uid="89271" lat="-34.4815263" lon="-58.4814297"/>
 <node id="1628512129" visible="true" version="1" changeset="10654626" timestamp="2012-02-11T16:38:21Z" user="estela" uid="89271" lat="-34.4815511" lon="-58.4815953"/>
 <node id="1628512132" visible="true" version="1" changeset="10654626" timestamp="2012-02-11T16:38:21Z" user="estela" uid="89271" lat="-34.4815585" lon="-58.4814396"/>
 <node id="1628512143" visible="true" version="1" changeset="10654626" timestamp="2012-02-11T16:38:22Z" user="estela" uid="89271" lat="-34.4815609" lon="-58.4812518"/>
 <node id="1628512145" visible="true" version="1" changeset="10654626" timestamp="2012-02-11T16:38:22Z" user="estela" uid="89271" lat="-34.4816203" lon="-58.4811678"/>
 <node id="1628512146" visible="true" version="1" changeset="10654626" timestamp="2012-02-11T16:38:22Z" user="estela" uid="89271" lat="-34.4816524" lon="-58.4807081"/>
 <node id="1628512149" visible="true" version="1" changeset="10654626" timestamp="2012-02-11T16:38:22Z" user="estela" uid="89271" lat="-34.4816524" lon="-58.4813927"/>
 <node id="1628512153" visible="true" version="1" changeset="10654626" timestamp="2012-02-11T16:38:22Z" user="estela" uid="89271" lat="-34.4816524" lon="-58.4815681"/>
 <node id="1628512155" visible="true" version="1" changeset="10654626" timestamp="2012-02-11T16:38:22Z" user="estela" uid="89271" lat="-34.4816796" lon="-58.4812567"/>
 <node id="1628512159" visible="true" version="1" changeset="10654626" timestamp="2012-02-11T16:38:22Z" user="estela" uid="89271" lat="-34.4817166" lon="-58.4813383"/>
 <node id="1628512163" visible="true" version="1" changeset="10654626" timestamp="2012-02-11T16:38:22Z" user="estela" uid="89271" lat="-34.4817438" lon="-58.4809429"/>
 <node id="1628512167" visible="true" version="1" changeset="10654626" timestamp="2012-02-11T16:38:22Z" user="estela" uid="89271" lat="-34.4817661" lon="-58.4805104"/>
 <node id="1628512188" visible="true" version="1" changeset="10654626" timestamp="2012-02-11T16:38:22Z" user="estela" uid="89271" lat="-34.4817710" lon="-58.4815063"/>
 <node id="1628512190" visible="true" version="1" changeset="10654626" timestamp="2012-02-11T16:38:22Z" user="estela" uid="89271" lat="-34.4817759" lon="-58.4812938"/>
 <node id="1628512191" visible="true" version="1" changeset="10654626" timestamp="2012-02-11T16:38:23Z" user="estela" uid="89271" lat="-34.4818056" lon="-58.4810714"/>
 <node id="1628512192" visible="true" version="1" changeset="10654626" timestamp="2012-02-11T16:38:23Z" user="estela" uid="89271" lat="-34.4818303" lon="-58.4812790"/>
 <node id="1628512193" visible="true" version="1" changeset="10654626" timestamp="2012-02-11T16:38:23Z" user="estela" uid="89271" lat="-34.4819094" lon="-58.4814100"/>
 <node id="1628512194" visible="true" version="1" changeset="10654626" timestamp="2012-02-11T16:38:23Z" user="estela" uid="89271" lat="-34.4819391" lon="-58.4811826"/>
 <node id="1628512195" visible="true" version="1" changeset="10654626" timestamp="2012-02-11T16:38:23Z" user="estela" uid="89271" lat="-34.4819786" lon="-58.4804536"/>
 <node id="1628512197" visible="true" version="1" changeset="10654626" timestamp="2012-02-11T16:38:23Z" user="estela" uid="89271" lat="-34.4819959" lon="-58.4812839"/>
 <node id="1628512200" visible="true" version="1" changeset="10654626" timestamp="2012-02-11T16:38:23Z" user="estela" uid="89271" lat="-34.4820725" lon="-58.4810417"/>
 <node id="1628512223" visible="true" version="1" changeset="10654626" timestamp="2012-02-11T16:38:23Z" user="estela" uid="89271" lat="-34.4821417" lon="-58.4811431"/>
 <node id="1628512226" visible="true" version="1" changeset="10654626" timestamp="2012-02-11T16:38:23Z" user="estela" uid="89271" lat="-34.4821590" lon="-58.4804363"/>
 <node id="1628512228" visible="true" version="1" changeset="10654626" timestamp="2012-02-11T16:38:23Z" user="estela" uid="89271" lat="-34.4821738" lon="-58.4809577"/>
 <node id="1628512232" visible="true" version="1" changeset="10654626" timestamp="2012-02-11T16:38:23Z" user="estela" uid="89271" lat="-34.4822257" lon="-58.4809033"/>
 <node id="1628512235" visible="true" version="1" changeset="10654626" timestamp="2012-02-11T16:38:23Z" user="estela" uid="89271" lat="-34.4822702" lon="-58.4805648"/>
 <node id="1628512237" visible="true" version="1" changeset="10654626" timestamp="2012-02-11T16:38:23Z" user="estela" uid="89271" lat="-34.4822949" lon="-58.4810195"/>
 <node id="1628512238" visible="true" version="1" changeset="10654626" timestamp="2012-02-11T16:38:23Z" user="estela" uid="89271" lat="-34.4823196" lon="-58.4809083"/>
 <node id="1628512240" visible="true" version="1" changeset="10654626" timestamp="2012-02-11T16:38:23Z" user="estela" uid="89271" lat="-34.4823814" lon="-58.4804857"/>
 <node id="1628512263" visible="true" version="1" changeset="10654626" timestamp="2012-02-11T16:38:24Z" user="estela" uid="89271" lat="-34.4824568" lon="-58.4808622"/>
 <node id="1628512266" visible="true" version="1" changeset="10654626" timestamp="2012-02-11T16:38:24Z" user="estela" uid="89271" lat="-34.4824914" lon="-58.4808004"/>
 <node id="1628512269" visible="true" version="1" changeset="10654626" timestamp="2012-02-11T16:38:24Z" user="estela" uid="89271" lat="-34.4825009" lon="-58.4807801"/>
 <node id="1628512270" visible="true" version="1" changeset="10654626" timestamp="2012-02-11T16:38:24Z" user="estela" uid="89271" lat="-34.4825136" lon="-58.4809561"/>
 <node id="1628512273" visible="true" version="1" changeset="10654626" timestamp="2012-02-11T16:38:24Z" user="estela" uid="89271" lat="-34.4825655" lon="-58.4808573"/>
 <node id="1628512275" visible="true" version="1" changeset="10654626" timestamp="2012-02-11T16:38:24Z" user="estela" uid="89271" lat="-34.4827212" lon="-58.4807782"/>
 <node id="1628512276" visible="true" version="1" changeset="10654626" timestamp="2012-02-11T16:38:24Z" user="estela" uid="89271" lat="-34.4828211" lon="-58.4805861"/>
 <node id="1628512279" visible="true" version="2" changeset="150545996" timestamp="2024-04-26T15:52:56Z" user="g0nz" uid="9536659" lat="-34.4829414" lon="-58.4807124"/>
 <node id="1628512297" visible="true" version="2" changeset="150545996" timestamp="2024-04-26T15:52:56Z" user="g0nz" uid="9536659" lat="-34.4831121" lon="-58.4806412"/>
 <node id="1628512301" visible="true" version="1" changeset="10654626" timestamp="2012-02-11T16:38:24Z" user="estela" uid="89271" lat="-34.4832600" lon="-58.4804866"/>
 <node id="1628512303" visible="true" version="2" changeset="150545996" timestamp="2024-04-26T15:52:56Z" user="g0nz" uid="9536659" lat="-34.4832733" lon="-58.4805536"/>
 <node id="1628512306" visible="true" version="2" changeset="150545996" timestamp="2024-04-26T15:52:56Z" user="g0nz" uid="9536659" lat="-34.4833187" lon="-58.4804524"/>
 <node id="1628512310" visible="true" version="2" changeset="150545996" timestamp="2024-04-26T15:52:56Z" user="g0nz" uid="9536659" lat="-34.4833877" lon="-58.4804676"/>
 <node id="1628512315" visible="true" version="1" changeset="10654626" timestamp="2012-02-11T16:38:25Z" user="estela" uid="89271" lat="-34.4834428" lon="-58.4802073"/>
 <node id="1628512348" visible="true" version="2" changeset="50869369" timestamp="2017-08-05T19:22:55Z" user="juanperez79" uid="6218510" lat="-34.4834587" lon="-58.4800784"/>
 <node id="1628512350" visible="true" version="2" changeset="50869369" timestamp="2017-08-05T19:22:55Z" user="juanperez79" uid="6218510" lat="-34.4834509" lon="-58.4799826"/>
 <node id="1628512352" visible="true" version="1" changeset="10654626" timestamp="2012-02-11T16:38:25Z" user="estela" uid="89271" lat="-34.4835269" lon="-58.4802370"/>
 <node id="1628512355" visible="true" version="1" changeset="10654626" timestamp="2012-02-11T16:38:25Z" user="estela" uid="89271" lat="-34.4835713" lon="-58.4801233"/>
 <node id="1628512364" visible="true" version="1" changeset="10654626" timestamp="2012-02-11T16:38:26Z" user="estela" uid="89271" lat="-34.4835936" lon="-58.4800467"/>
 <node id="1628512367" visible="true" version="2" changeset="50869369" timestamp="2017-08-05T19:22:55Z" user="juanperez79" uid="6218510" lat="-34.4835123" lon="-58.4798857"/>
 <node id="1628512390" visible="true" version="1" changeset="10654626" timestamp="2012-02-11T16:38:26Z" user="estela" uid="89271" lat="-34.4836504" lon="-58.4800096"/>
 <node id="1628512393" visible="true" version="1" changeset="10654626" timestamp="2012-02-11T16:38:26Z" user="estela" uid="89271" lat="-34.4837443" lon="-58.4799874"/>
 <node id="1628512394" visible="true" version="1" changeset="10654626" timestamp="2012-02-11T16:38:26Z" user="estela" uid="89271" lat="-34.4838679" lon="-58.4799874"/>
 <node id="1628512398" visible="true" version="1" changeset="10654626" timestamp="2012-02-11T16:38:26Z" user="estela" uid="89271" lat="-34.4839692" lon="-58.4799898"/>
 <node id="1628512402" visible="true" version="1" changeset="10654626" timestamp="2012-02-11T16:38:26Z" user="estela" uid="89271" lat="-34.4840038" lon="-58.4798861"/>
 <node id="1628512408" visible="true" version="1" changeset="10654626" timestamp="2012-02-11T16:38:26Z" user="estela" uid="89271" lat="-34.4840211" lon="-58.4800319"/>
 <node id="1628512412" visible="true" version="1" changeset="10654626" timestamp="2012-02-11T16:38:26Z" user="estela" uid="89271" lat="-34.4840755" lon="-58.4800887"/>
 <node id="1628512414" visible="true" version="1" changeset="10654626" timestamp="2012-02-11T16:38:26Z" user="estela" uid="89271" lat="-34.4841595" lon="-58.4799701"/>
 <node id="1628512418" visible="true" version="1" changeset="10654626" timestamp="2012-02-11T16:38:26Z" user="estela" uid="89271" lat="-34.4841694" lon="-58.4801505"/>
 <node id="1628512440" visible="true" version="1" changeset="10654626" timestamp="2012-02-11T16:38:27Z" user="estela" uid="89271" lat="-34.4841941" lon="-58.4799800"/>
 <node id="1628512444" visible="true" version="2" changeset="50869369" timestamp="2017-08-05T19:22:55Z" user="juanperez79" uid="6218510" lat="-34.4843275" lon="-58.4800644"/>
 <node id="1628512445" visible="true" version="2" changeset="50869369" timestamp="2017-08-05T19:22:55Z" user="juanperez79" uid="6218510" lat="-34.4843456" lon="-58.4799946"/>
 <node id="1628512446" visible="true" version="1" changeset="10654626" timestamp="2012-02-11T16:38:27Z" user="estela" uid="89271" lat="-34.4842954" lon="-58.4795549"/>
 <node id="1628512449" visible="true" version="1" changeset="10654626" timestamp="2012-02-11T16:38:27Z" user="estela" uid="89271" lat="-34.4843078" lon="-58.4796315"/>
 <node id="1628512452" visible="true" version="1" changeset="10654626" timestamp="2012-02-11T16:38:27Z" user="estela" uid="89271" lat="-34.4843226" lon="-58.4795129"/>
 <node id="1628512456" visible="true" version="1" changeset="10654626" timestamp="2012-02-11T16:38:27Z" user="estela" uid="89271" lat="-34.4843424" lon="-58.4796538"/>
 <node id="1628512459" visible="true" version="1" changeset="10654626" timestamp="2012-02-11T16:38:27Z" user="estela" uid="89271" lat="-34.4843819" lon="-58.4796587"/>
 <node id="1628512463" visible="true" version="1" changeset="10654626" timestamp="2012-02-11T16:38:27Z" user="estela" uid="89271" lat="-34.4843869" lon="-58.4795030"/>
 <node id="1628512480" visible="true" version="2" changeset="50869369" timestamp="2017-08-05T19:22:55Z" user="juanperez79" uid="6218510" lat="-34.4844009" lon="-58.4799420"/>
 <node id="1628512483" visible="true" version="1" changeset="10654626" timestamp="2012-02-11T16:38:28Z" user="estela" uid="89271" lat="-34.4844116" lon="-58.4796463"/>
 <node id="1628512487" visible="true" version="1" changeset="10654626" timestamp="2012-02-11T16:38:28Z" user="estela" uid="89271" lat="-34.4844289" lon="-58.4795450"/>
 <node id="1628512491" visible="true" version="1" changeset="10654626" timestamp="2012-02-11T16:38:28Z" user="estela" uid="89271" lat="-34.4844338" lon="-58.4795920"/>
 <node id="1628512495" visible="true" version="2" changeset="50869369" timestamp="2017-08-05T19:22:55Z" user="juanperez79" uid="6218510" lat="-34.4844599" lon="-58.4799235"/>
 <node id="1628512496" visible="true" version="1" changeset="10654626" timestamp="2012-02-11T16:38:28Z" user="estela" uid="89271" lat="-34.4846340" lon="-58.4802815"/>
 <node id="1628512500" visible="true" version="1" changeset="10654626" timestamp="2012-02-11T16:38:28Z" user="estela" uid="89271" lat="-34.4847847" lon="-58.4805805"/>
 <node id="1628512503" visible="true" version="1" changeset="10654626" timestamp="2012-02-11T16:38:28Z" user="estela" uid="89271" lat="-34.4848119" lon="-58.4805706"/>
 <node id="1628547334" visible="true" version="1" changeset="10654922" timestamp="2012-02-11T17:08:46Z" user="estela" uid="89271" lat="-34.4707140" lon="-58.4907358"/>
 <node id="1628547335" visible="true" version="1" changeset="10654922" timestamp="2012-02-11T17:08:46Z" user="estela" uid="89271" lat="-34.4707468" lon="-58.4906100"/>
 <node id="1628547336" visible="true" version="1" changeset="10654922" timestamp="2012-02-11T17:08:46Z" user="estela" uid="89271" lat="-34.4707486" lon="-58.4902857"/>
 <node id="1628547337" visible="true" version="1" changeset="10654922" timestamp="2012-02-11T17:08:47Z" user="estela" uid="89271" lat="-34.4707741" lon="-58.4901618"/>
 <node id="1628547338" visible="true" version="1" changeset="10654922" timestamp="2012-02-11T17:08:47Z" user="estela" uid="89271" lat="-34.4708087" lon="-58.4903859"/>
 <node id="1628547339" visible="true" version="1" changeset="10654922" timestamp="2012-02-11T17:08:47Z" user="estela" uid="89271" lat="-34.4708306" lon="-58.4901745"/>
 <node id="1628547340" visible="true" version="1" changeset="10654922" timestamp="2012-02-11T17:08:47Z" user="estela" uid="89271" lat="-34.4708415" lon="-58.4900798"/>
 <node id="1628547341" visible="true" version="1" changeset="10654922" timestamp="2012-02-11T17:08:47Z" user="estela" uid="89271" lat="-34.4708561" lon="-58.4902602"/>
 <node id="1628547342" visible="true" version="1" changeset="10654922" timestamp="2012-02-11T17:08:47Z" user="estela" uid="89271" lat="-34.4709162" lon="-58.4901108"/>
 <node id="1628547343" visible="true" version="1" changeset="10654922" timestamp="2012-02-11T17:08:47Z" user="estela" uid="89271" lat="-34.4710456" lon="-58.4899741"/>
 <node id="1628547344" visible="true" version="1" changeset="10654922" timestamp="2012-02-11T17:08:47Z" user="estela" uid="89271" lat="-34.4713608" lon="-58.4900543"/>
 <node id="1628547345" visible="true" version="1" changeset="10654922" timestamp="2012-02-11T17:08:47Z" user="estela" uid="89271" lat="-34.4714738" lon="-58.4901399"/>
 <node id="1628547346" visible="true" version="1" changeset="10654922" timestamp="2012-02-11T17:08:47Z" user="estela" uid="89271" lat="-34.4716615" lon="-58.4902237"/>
 <node id="1628547347" visible="true" version="1" changeset="10654922" timestamp="2012-02-11T17:08:47Z" user="estela" uid="89271" lat="-34.4716633" lon="-58.4897919"/>
 <node id="1628547348" visible="true" version="1" changeset="10654922" timestamp="2012-02-11T17:08:48Z" user="estela" uid="89271" lat="-34.4716742" lon="-58.4893272"/>
 <node id="1628547349" visible="true" version="1" changeset="10654922" timestamp="2012-02-11T17:08:48Z" user="estela" uid="89271" lat="-34.4716797" lon="-58.4896989"/>
 <node id="1628547350" visible="true" version="1" changeset="10654922" timestamp="2012-02-11T17:08:48Z" user="estela" uid="89271" lat="-34.4716998" lon="-58.4892452"/>
 <node id="1628547351" visible="true" version="1" changeset="10654922" timestamp="2012-02-11T17:08:48Z" user="estela" uid="89271" lat="-34.4717362" lon="-58.4894803"/>
 <node id="1628547352" visible="true" version="1" changeset="10654922" timestamp="2012-02-11T17:08:48Z" user="estela" uid="89271" lat="-34.4717763" lon="-58.4902875"/>
 <node id="1628547353" visible="true" version="1" changeset="10654922" timestamp="2012-02-11T17:08:48Z" user="estela" uid="89271" lat="-34.4717890" lon="-58.4892270"/>
 <node id="1628547354" visible="true" version="1" changeset="10654922" timestamp="2012-02-11T17:08:48Z" user="estela" uid="89271" lat="-34.4718054" lon="-58.4897627"/>
 <node id="1628547355" visible="true" version="1" changeset="10654922" timestamp="2012-02-11T17:08:48Z" user="estela" uid="89271" lat="-34.4718127" lon="-58.4899686"/>
 <node id="1628547356" visible="true" version="1" changeset="10654922" timestamp="2012-02-11T17:08:48Z" user="estela" uid="89271" lat="-34.4718182" lon="-58.4902638"/>
 <node id="1628547357" visible="true" version="1" changeset="10654922" timestamp="2012-02-11T17:08:48Z" user="estela" uid="89271" lat="-34.4718710" lon="-58.4893254"/>
 <node id="1628547358" visible="true" version="1" changeset="10654922" timestamp="2012-02-11T17:08:48Z" user="estela" uid="89271" lat="-34.4719075" lon="-58.4892762"/>
 <node id="1628547359" visible="true" version="1" changeset="10654922" timestamp="2012-02-11T17:08:48Z" user="estela" uid="89271" lat="-34.4719166" lon="-58.4896024"/>
 <node id="1628547360" visible="true" version="1" changeset="10654922" timestamp="2012-02-11T17:08:48Z" user="estela" uid="89271" lat="-34.4719184" lon="-58.4900816"/>
 <node id="1628547361" visible="true" version="1" changeset="10654922" timestamp="2012-02-11T17:08:48Z" user="estela" uid="89271" lat="-34.4719239" lon="-58.4903349"/>
 <node id="1628547362" visible="true" version="1" changeset="10654922" timestamp="2012-02-11T17:08:48Z" user="estela" uid="89271" lat="-34.4719476" lon="-58.4898557"/>
 <node id="1628547363" visible="true" version="1" changeset="10654922" timestamp="2012-02-11T17:08:48Z" user="estela" uid="89271" lat="-34.4719621" lon="-58.4893126"/>
 <node id="1628547364" visible="true" version="1" changeset="10654922" timestamp="2012-02-11T17:08:48Z" user="estela" uid="89271" lat="-34.4719895" lon="-58.4898156"/>
 <node id="1628547365" visible="true" version="1" changeset="10654922" timestamp="2012-02-11T17:08:48Z" user="estela" uid="89271" lat="-34.4720223" lon="-58.4893290"/>
 <node id="1628547366" visible="true" version="1" changeset="10654922" timestamp="2012-02-11T17:08:49Z" user="estela" uid="89271" lat="-34.4720387" lon="-58.4897718"/>
 <node id="1628547367" visible="true" version="1" changeset="10654922" timestamp="2012-02-11T17:08:49Z" user="estela" uid="89271" lat="-34.4720441" lon="-58.4898429"/>
 <node id="1628547368" visible="true" version="1" changeset="10654922" timestamp="2012-02-11T17:08:49Z" user="estela" uid="89271" lat="-34.4720587" lon="-58.4886192"/>
 <node id="1628547369" visible="true" version="1" changeset="10654922" timestamp="2012-02-11T17:08:49Z" user="estela" uid="89271" lat="-34.4720660" lon="-58.4882839"/>
 <node id="1628547370" visible="true" version="1" changeset="10654922" timestamp="2012-02-11T17:08:49Z" user="estela" uid="89271" lat="-34.4720788" lon="-58.4903750"/>
 <node id="1628547371" visible="true" version="1" changeset="10654922" timestamp="2012-02-11T17:08:49Z" user="estela" uid="89271" lat="-34.4720879" lon="-58.4898374"/>
 <node id="1628547372" visible="true" version="1" changeset="10654922" timestamp="2012-02-11T17:08:49Z" user="estela" uid="89271" lat="-34.4720988" lon="-58.4887941"/>
 <node id="1628547374" visible="true" version="1" changeset="10654922" timestamp="2012-02-11T17:08:49Z" user="estela" uid="89271" lat="-34.4721589" lon="-58.4904643"/>
 <node id="1628547375" visible="true" version="1" changeset="10654922" timestamp="2012-02-11T17:08:49Z" user="estela" uid="89271" lat="-34.4721790" lon="-58.4893946"/>
 <node id="1628547378" visible="true" version="1" changeset="10654922" timestamp="2012-02-11T17:08:49Z" user="estela" uid="89271" lat="-34.4723430" lon="-58.4890055"/>
 <node id="1628547381" visible="true" version="1" changeset="10654922" timestamp="2012-02-11T17:08:50Z" user="estela" uid="89271" lat="-34.4723534" lon="-58.4890103"/>
 <node id="1628547388" visible="true" version="1" changeset="10654922" timestamp="2012-02-11T17:08:50Z" user="estela" uid="89271" lat="-34.4724414" lon="-58.4879595"/>
 <node id="1628547389" visible="true" version="1" changeset="10654922" timestamp="2012-02-11T17:08:50Z" user="estela" uid="89271" lat="-34.4724742" lon="-58.4880579"/>
 <node id="1628547391" visible="true" version="1" changeset="10654922" timestamp="2012-02-11T17:08:50Z" user="estela" uid="89271" lat="-34.4724778" lon="-58.4895969"/>
 <node id="1628547393" visible="true" version="1" changeset="10654922" timestamp="2012-02-11T17:08:50Z" user="estela" uid="89271" lat="-34.4725038" lon="-58.4891881"/>
 <node id="1628547394" visible="true" version="1" changeset="10654922" timestamp="2012-02-11T17:08:50Z" user="estela" uid="89271" lat="-34.4725056" lon="-58.4891389"/>
 <node id="1628547398" visible="true" version="1" changeset="10654922" timestamp="2012-02-11T17:08:51Z" user="estela" uid="89271" lat="-34.4725876" lon="-58.4892355"/>
 <node id="1628547400" visible="true" version="1" changeset="10654922" timestamp="2012-02-11T17:08:51Z" user="estela" uid="89271" lat="-34.4726017" lon="-58.4877227"/>
 <node id="1628547404" visible="true" version="1" changeset="10654922" timestamp="2012-02-11T17:08:51Z" user="estela" uid="89271" lat="-34.4727293" lon="-58.4894967"/>
 <node id="1628547406" visible="true" version="1" changeset="10654922" timestamp="2012-02-11T17:08:51Z" user="estela" uid="89271" lat="-34.4727730" lon="-58.4876716"/>
 <node id="1628547410" visible="true" version="1" changeset="10654922" timestamp="2012-02-11T17:08:52Z" user="estela" uid="89271" lat="-34.4729443" lon="-58.4873837"/>
 <node id="1628547411" visible="true" version="1" changeset="10654922" timestamp="2012-02-11T17:08:52Z" user="estela" uid="89271" lat="-34.4729443" lon="-58.4876097"/>
 <node id="1628547415" visible="true" version="1" changeset="10654922" timestamp="2012-02-11T17:08:52Z" user="estela" uid="89271" lat="-34.4730791" lon="-58.4873509"/>
 <node id="1628547419" visible="true" version="1" changeset="10654922" timestamp="2012-02-11T17:08:52Z" user="estela" uid="89271" lat="-34.4731666" lon="-58.4876826"/>
 <node id="1628547421" visible="true" version="1" changeset="10654922" timestamp="2012-02-11T17:08:52Z" user="estela" uid="89271" lat="-34.4731739" lon="-58.4874238"/>
 <node id="1628547424" visible="true" version="1" changeset="10654922" timestamp="2012-02-11T17:08:53Z" user="estela" uid="89271" lat="-34.4732832" lon="-58.4872125"/>
 <node id="1628547426" visible="true" version="1" changeset="10654922" timestamp="2012-02-11T17:08:53Z" user="estela" uid="89271" lat="-34.4733051" lon="-58.4874238"/>
 <node id="1628547431" visible="true" version="1" changeset="10654922" timestamp="2012-02-11T17:08:53Z" user="estela" uid="89271" lat="-34.4734982" lon="-58.4871833"/>
 <node id="1628547432" visible="true" version="1" changeset="10654922" timestamp="2012-02-11T17:08:53Z" user="estela" uid="89271" lat="-34.4735092" lon="-58.4870849"/>
 <node id="1628547433" visible="true" version="1" changeset="10654922" timestamp="2012-02-11T17:08:53Z" user="estela" uid="89271" lat="-34.4735310" lon="-58.4868881"/>
 <node id="1628547435" visible="true" version="1" changeset="10654922" timestamp="2012-02-11T17:08:53Z" user="estela" uid="89271" lat="-34.4736331" lon="-58.4867861"/>
 <node id="1628547438" visible="true" version="1" changeset="10654922" timestamp="2012-02-11T17:08:53Z" user="estela" uid="89271" lat="-34.4737394" lon="-58.4866454"/>
 <node id="1628547439" visible="true" version="1" changeset="10654922" timestamp="2012-02-11T17:08:54Z" user="estela" uid="89271" lat="-34.4737570" lon="-58.4866221"/>
 <node id="1628547441" visible="true" version="1" changeset="10654922" timestamp="2012-02-11T17:08:54Z" user="estela" uid="89271" lat="-34.4738048" lon="-58.4870762"/>
 <node id="1628547442" visible="true" version="1" changeset="10654922" timestamp="2012-02-11T17:08:54Z" user="estela" uid="89271" lat="-34.4738088" lon="-58.4866797"/>
 <node id="1628547443" visible="true" version="1" changeset="10654922" timestamp="2012-02-11T17:08:54Z" user="estela" uid="89271" lat="-34.4738226" lon="-58.4866950"/>
 <node id="1628547445" visible="true" version="1" changeset="10654922" timestamp="2012-02-11T17:08:54Z" user="estela" uid="89271" lat="-34.4738882" lon="-58.4867460"/>
 <node id="1628547448" visible="true" version="1" changeset="10654922" timestamp="2012-02-11T17:08:54Z" user="estela" uid="89271" lat="-34.4740667" lon="-58.4865200"/>
 <node id="1628547450" visible="true" version="1" changeset="10654922" timestamp="2012-02-11T17:08:54Z" user="estela" uid="89271" lat="-34.4741250" lon="-58.4865310"/>
 <node id="1628547451" visible="true" version="1" changeset="10654922" timestamp="2012-02-11T17:08:55Z" user="estela" uid="89271" lat="-34.4742125" lon="-58.4865237"/>
 <node id="1628547453" visible="true" version="1" changeset="10654922" timestamp="2012-02-11T17:08:55Z" user="estela" uid="89271" lat="-34.4742344" lon="-58.4863998"/>
 <node id="1628547454" visible="true" version="1" changeset="10654922" timestamp="2012-02-11T17:08:55Z" user="estela" uid="89271" lat="-34.4743401" lon="-58.4862576"/>
 <node id="1628547455" visible="true" version="1" changeset="10654922" timestamp="2012-02-11T17:08:55Z" user="estela" uid="89271" lat="-34.4757759" lon="-58.4863961"/>
 <node id="1628547456" visible="true" version="1" changeset="10654922" timestamp="2012-02-11T17:08:55Z" user="estela" uid="89271" lat="-34.4764866" lon="-58.4856454"/>
 <node id="1628547457" visible="true" version="1" changeset="10654922" timestamp="2012-02-11T17:08:55Z" user="estela" uid="89271" lat="-34.4778891" lon="-58.4830459"/>
 <node id="1628547458" visible="true" version="1" changeset="10654922" timestamp="2012-02-11T17:08:55Z" user="estela" uid="89271" lat="-34.4780272" lon="-58.4830494"/>
 <node id="1628547459" visible="true" version="1" changeset="10654922" timestamp="2012-02-11T17:08:55Z" user="estela" uid="89271" lat="-34.4780516" lon="-58.4829900"/>
 <node id="1628547460" visible="true" version="1" changeset="10654922" timestamp="2012-02-11T17:08:55Z" user="estela" uid="89271" lat="-34.4781146" lon="-58.4829725"/>
 <node id="1628547462" visible="true" version="1" changeset="10654922" timestamp="2012-02-11T17:08:55Z" user="estela" uid="89271" lat="-34.4781879" lon="-58.4830110"/>
 <node id="1628547463" visible="true" version="1" changeset="10654922" timestamp="2012-02-11T17:08:55Z" user="estela" uid="89271" lat="-34.4782177" lon="-58.4829760"/>
 <node id="1628547464" visible="true" version="1" changeset="10654922" timestamp="2012-02-11T17:08:55Z" user="estela" uid="89271" lat="-34.4783592" lon="-58.4829673"/>
 <node id="1628547465" visible="true" version="1" changeset="10654922" timestamp="2012-02-11T17:08:55Z" user="estela" uid="89271" lat="-34.4784798" lon="-58.4828065"/>
 <node id="1628547466" visible="true" version="1" changeset="10654922" timestamp="2012-02-11T17:08:56Z" user="estela" uid="89271" lat="-34.4784850" lon="-58.4825741"/>
 <node id="1628547467" visible="true" version="1" changeset="10654922" timestamp="2012-02-11T17:08:56Z" user="estela" uid="89271" lat="-34.4784850" lon="-58.4828834"/>
 <node id="1628547468" visible="true" version="1" changeset="10654922" timestamp="2012-02-11T17:08:56Z" user="estela" uid="89271" lat="-34.4784868" lon="-58.4827174"/>
 <node id="1628547469" visible="true" version="1" changeset="10654922" timestamp="2012-02-11T17:08:56Z" user="estela" uid="89271" lat="-34.4785116" lon="-58.4825098"/>
 <node id="1628547470" visible="true" version="1" changeset="10654922" timestamp="2012-02-11T17:08:56Z" user="estela" uid="89271" lat="-34.4785182" lon="-58.4828502"/>
 <node id="1628547471" visible="true" version="1" changeset="10654922" timestamp="2012-02-11T17:08:56Z" user="estela" uid="89271" lat="-34.4785567" lon="-58.4828956"/>
 <node id="1628547473" visible="true" version="1" changeset="10654922" timestamp="2012-02-11T17:08:56Z" user="estela" uid="89271" lat="-34.4785654" lon="-58.4825601"/>
 <node id="1628547474" visible="true" version="1" changeset="10654922" timestamp="2012-02-11T17:08:56Z" user="estela" uid="89271" lat="-34.4785864" lon="-58.4817720"/>
 <node id="1628547475" visible="true" version="1" changeset="10654922" timestamp="2012-02-11T17:08:56Z" user="estela" uid="89271" lat="-34.4785881" lon="-58.4823644"/>
 <node id="1628547476" visible="true" version="1" changeset="10654922" timestamp="2012-02-11T17:08:56Z" user="estela" uid="89271" lat="-34.4785969" lon="-58.4826230"/>
 <node id="1628547477" visible="true" version="1" changeset="10654922" timestamp="2012-02-11T17:08:56Z" user="estela" uid="89271" lat="-34.4786034" lon="-58.4828252"/>
 <node id="1628547478" visible="true" version="1" changeset="10654922" timestamp="2012-02-11T17:08:56Z" user="estela" uid="89271" lat="-34.4786056" lon="-58.4819817"/>
 <node id="1628547480" visible="true" version="1" changeset="10654922" timestamp="2012-02-11T17:08:56Z" user="estela" uid="89271" lat="-34.4786108" lon="-58.4823592"/>
 <node id="1628547481" visible="true" version="1" changeset="10654922" timestamp="2012-02-11T17:08:56Z" user="estela" uid="89271" lat="-34.4786125" lon="-58.4817147"/>
 <node id="1628547482" visible="true" version="1" changeset="10654922" timestamp="2012-02-11T17:08:57Z" user="estela" uid="89271" lat="-34.4786146" lon="-58.4822948"/>
 <node id="1628547483" visible="true" version="1" changeset="10654922" timestamp="2012-02-11T17:08:57Z" user="estela" uid="89271" lat="-34.4786353" lon="-58.4827034"/>
 <node id="1628547484" visible="true" version="1" changeset="10654922" timestamp="2012-02-11T17:08:57Z" user="estela" uid="89271" lat="-34.4786440" lon="-58.4825339"/>
 <node id="1628547486" visible="true" version="1" changeset="10654922" timestamp="2012-02-11T17:08:57Z" user="estela" uid="89271" lat="-34.4786440" lon="-58.4827733"/>
 <node id="1628547488" visible="true" version="1" changeset="10654922" timestamp="2012-02-11T17:08:57Z" user="estela" uid="89271" lat="-34.4786475" lon="-58.4821250"/>
 <node id="1628547489" visible="true" version="1" changeset="10654922" timestamp="2012-02-11T17:08:57Z" user="estela" uid="89271" lat="-34.4786496" lon="-58.4818630"/>
 <node id="1628547490" visible="true" version="1" changeset="10654922" timestamp="2012-02-11T17:08:57Z" user="estela" uid="89271" lat="-34.4786720" lon="-58.4819642"/>
 <node id="1628547491" visible="true" version="1" changeset="10654922" timestamp="2012-02-11T17:08:57Z" user="estela" uid="89271" lat="-34.4786807" lon="-58.4818804"/>
 <node id="1628547492" visible="true" version="1" changeset="10654922" timestamp="2012-02-11T17:08:57Z" user="estela" uid="89271" lat="-34.4786807" lon="-58.4828485"/>
 <node id="1628547493" visible="true" version="2" changeset="43932766" timestamp="2016-11-24T21:49:58Z" user="pablopareja" uid="211657" lat="-34.4787016" lon="-58.4828199"/>
 <node id="1628547494" visible="true" version="1" changeset="10654922" timestamp="2012-02-11T17:08:57Z" user="estela" uid="89271" lat="-34.4787069" lon="-58.4824361"/>
 <node id="1628547495" visible="true" version="1" changeset="10654922" timestamp="2012-02-11T17:08:58Z" user="estela" uid="89271" lat="-34.4787126" lon="-58.4823016"/>
 <node id="1628547496" visible="true" version="1" changeset="10654922" timestamp="2012-02-11T17:08:58Z" user="estela" uid="89271" lat="-34.4787207" lon="-58.4816794"/>
 <node id="1628547497" visible="true" version="1" changeset="10654922" timestamp="2012-02-11T17:08:58Z" user="estela" uid="89271" lat="-34.4787608" lon="-58.4822695"/>
 <node id="1628547498" visible="true" version="1" changeset="10654922" timestamp="2012-02-11T17:08:58Z" user="estela" uid="89271" lat="-34.4787917" lon="-58.4817431"/>
 <node id="1628547499" visible="true" version="1" changeset="10654922" timestamp="2012-02-11T17:08:58Z" user="estela" uid="89271" lat="-34.4787926" lon="-58.4824116"/>
 <node id="1628547500" visible="true" version="1" changeset="10654922" timestamp="2012-02-11T17:08:58Z" user="estela" uid="89271" lat="-34.4787942" lon="-58.4821991"/>
 <node id="1628547501" visible="true" version="1" changeset="10654922" timestamp="2012-02-11T17:08:58Z" user="estela" uid="89271" lat="-34.4788498" lon="-58.4821694"/>
 <node id="1628547502" visible="true" version="1" changeset="10654922" timestamp="2012-02-11T17:08:58Z" user="estela" uid="89271" lat="-34.4788522" lon="-58.4816331"/>
 <node id="1628547503" visible="true" version="1" changeset="10654922" timestamp="2012-02-11T17:08:58Z" user="estela" uid="89271" lat="-34.4788747" lon="-58.4823102"/>
 <node id="1628547504" visible="true" version="1" changeset="10654922" timestamp="2012-02-11T17:08:58Z" user="estela" uid="89271" lat="-34.4788782" lon="-58.4821101"/>
 <node id="1628547505" visible="true" version="1" changeset="10654922" timestamp="2012-02-11T17:08:58Z" user="estela" uid="89271" lat="-34.4788852" lon="-58.4824046"/>
 <node id="1628547506" visible="true" version="1" changeset="10654922" timestamp="2012-02-11T17:08:58Z" user="estela" uid="89271" lat="-34.4788922" lon="-58.4822019"/>
 <node id="1628547507" visible="true" version="1" changeset="10654922" timestamp="2012-02-11T17:08:58Z" user="estela" uid="89271" lat="-34.4789153" lon="-58.4820829"/>
 <node id="1628547508" visible="true" version="1" changeset="10654922" timestamp="2012-02-11T17:08:58Z" user="estela" uid="89271" lat="-34.4789227" lon="-58.4815664"/>
 <node id="1628547509" visible="true" version="2" changeset="158791223" timestamp="2024-11-05T19:00:02Z" user="JConormaps" uid="21599775" lat="-34.4789258" lon="-58.4838190"/>
 <node id="1628547510" visible="true" version="1" changeset="10654922" timestamp="2012-02-11T17:08:59Z" user="estela" uid="89271" lat="-34.4789499" lon="-58.4820335"/>
 <node id="1628547511" visible="true" version="1" changeset="10654922" timestamp="2012-02-11T17:08:59Z" user="estela" uid="89271" lat="-34.4789516" lon="-58.4821163"/>
 <node id="1628547513" visible="true" version="2" changeset="43932766" timestamp="2016-11-24T21:49:58Z" user="pablopareja" uid="211657" lat="-34.4790186" lon="-58.4826906"/>
 <node id="1628547514" visible="true" version="2" changeset="43932766" timestamp="2016-11-24T21:49:58Z" user="pablopareja" uid="211657" lat="-34.4789086" lon="-58.4827576"/>
 <node id="1628547516" visible="true" version="1" changeset="10654922" timestamp="2012-02-11T17:08:59Z" user="estela" uid="89271" lat="-34.4790240" lon="-58.4816047"/>
 <node id="1628547517" visible="true" version="1" changeset="10654922" timestamp="2012-02-11T17:08:59Z" user="estela" uid="89271" lat="-34.4790302" lon="-58.4819803"/>
 <node id="1628547519" visible="true" version="1" changeset="10654922" timestamp="2012-02-11T17:08:59Z" user="estela" uid="89271" lat="-34.4791031" lon="-58.4816269"/>
 <node id="1628547520" visible="true" version="2" changeset="43932766" timestamp="2016-11-24T21:49:58Z" user="pablopareja" uid="211657" lat="-34.4791528" lon="-58.4824480"/>
 <node id="1628547521" visible="true" version="2" changeset="43932766" timestamp="2016-11-24T21:49:58Z" user="pablopareja" uid="211657" lat="-34.4790794" lon="-58.4828287"/>
 <node id="1628547522" visible="true" version="2" changeset="43932766" timestamp="2016-11-24T21:49:58Z" user="pablopareja" uid="211657" lat="-34.4791596" lon="-58.4824186"/>
 <node id="1628547523" visible="true" version="3" changeset="162702497" timestamp="2025-02-19T13:59:38Z" user="g0nz" uid="9536659" lat="-34.4791900" lon="-58.4825701"/>
 <node id="1628547525" visible="true" version="1" changeset="10654922" timestamp="2012-02-11T17:08:59Z" user="estela" uid="89271" lat="-34.4791933" lon="-58.4818728"/>
 <node id="1628547526" visible="true" version="3" changeset="162702497" timestamp="2025-02-19T13:59:38Z" user="g0nz" uid="9536659" lat="-34.4791994" lon="-58.4825645"/>
 <node id="1628547527" visible="true" version="3" changeset="162702497" timestamp="2025-02-19T13:59:38Z" user="g0nz" uid="9536659" lat="-34.4792566" lon="-58.4827367"/>
 <node id="1628547528" visible="true" version="1" changeset="10654922" timestamp="2012-02-11T17:09:00Z" user="estela" uid="89271" lat="-34.4793440" lon="-58.4817233"/>
 <node id="1628547529" visible="true" version="1" changeset="10654922" timestamp="2012-02-11T17:09:00Z" user="estela" uid="89271" lat="-34.4793490" lon="-58.4817604"/>
 <node id="1628547531" visible="true" version="3" changeset="162702497" timestamp="2025-02-19T13:59:38Z" user="g0nz" uid="9536659" lat="-34.4794273" lon="-58.4823892"/>
 <node id="1628547532" visible="true" version="1" changeset="10654922" timestamp="2012-02-11T17:09:00Z" user="estela" uid="89271" lat="-34.4794293" lon="-58.4816653"/>
 <node id="1628547533" visible="true" version="1" changeset="10654922" timestamp="2012-02-11T17:09:00Z" user="estela" uid="89271" lat="-34.4794952" lon="-58.4823397"/>
 <node id="1628547534" visible="true" version="1" changeset="10654922" timestamp="2012-02-11T17:09:00Z" user="estela" uid="89271" lat="-34.4795319" lon="-58.4823467"/>
 <node id="1628547535" visible="true" version="1" changeset="10654922" timestamp="2012-02-11T17:09:00Z" user="estela" uid="89271" lat="-34.4795476" lon="-58.4824760"/>
 <node id="1628547536" visible="true" version="1" changeset="10654922" timestamp="2012-02-11T17:09:00Z" user="estela" uid="89271" lat="-34.4795494" lon="-58.4824149"/>
 <node id="1628547537" visible="true" version="1" changeset="10654922" timestamp="2012-02-11T17:09:00Z" user="estela" uid="89271" lat="-34.4795689" lon="-58.4816158"/>
 <node id="1628547538" visible="true" version="1" changeset="10654922" timestamp="2012-02-11T17:09:00Z" user="estela" uid="89271" lat="-34.4795739" lon="-58.4824935"/>
 <node id="1628547539" visible="true" version="1" changeset="10654922" timestamp="2012-02-11T17:09:00Z" user="estela" uid="89271" lat="-34.4796437" lon="-58.4824585"/>
 <node id="1628547540" visible="true" version="1" changeset="10654922" timestamp="2012-02-11T17:09:00Z" user="estela" uid="89271" lat="-34.4798099" lon="-58.4814713"/>
 <node id="1628547541" visible="true" version="2" changeset="158790295" timestamp="2024-11-05T18:27:31Z" user="JConormaps" uid="21599775" lat="-34.4798437" lon="-58.4833587"/>
 <node id="1628547542" visible="true" version="1" changeset="10654922" timestamp="2012-02-11T17:09:01Z" user="estela" uid="89271" lat="-34.4798568" lon="-58.4814924"/>
 <node id="1628547544" visible="true" version="1" changeset="10654922" timestamp="2012-02-11T17:09:01Z" user="estela" uid="89271" lat="-34.4798965" lon="-58.4823463"/>
 <node id="1628547548" visible="true" version="1" changeset="10654922" timestamp="2012-02-11T17:09:01Z" user="estela" uid="89271" lat="-34.4799249" lon="-58.4814942"/>
 <node id="1628547566" visible="true" version="1" changeset="10654922" timestamp="2012-02-11T17:09:02Z" user="estela" uid="89271" lat="-34.4801571" lon="-58.4818036"/>
 <node id="1628547567" visible="true" version="1" changeset="10654922" timestamp="2012-02-11T17:09:03Z" user="estela" uid="89271" lat="-34.4801678" lon="-58.4819345"/>
 <node id="1628547569" visible="true" version="1" changeset="10654922" timestamp="2012-02-11T17:09:03Z" user="estela" uid="89271" lat="-34.4801991" lon="-58.4818691"/>
 <node id="1628547572" visible="true" version="1" changeset="10654922" timestamp="2012-02-11T17:09:03Z" user="estela" uid="89271" lat="-34.4802189" lon="-58.4819013"/>
 <node id="1628547573" visible="true" version="1" changeset="10654922" timestamp="2012-02-11T17:09:03Z" user="estela" uid="89271" lat="-34.4802288" lon="-58.4817085"/>
 <node id="1628547574" visible="true" version="2" changeset="150545996" timestamp="2024-04-26T15:52:56Z" user="g0nz" uid="9536659" lat="-34.4802880" lon="-58.4821280"/>
 <node id="1628547576" visible="true" version="1" changeset="10654922" timestamp="2012-02-11T17:09:03Z" user="estela" uid="89271" lat="-34.4802955" lon="-58.4817357"/>
 <node id="1628547579" visible="true" version="1" changeset="10654922" timestamp="2012-02-11T17:09:03Z" user="estela" uid="89271" lat="-34.4803325" lon="-58.4818086"/>
 <node id="1628547604" visible="true" version="2" changeset="158790052" timestamp="2024-11-05T18:19:05Z" user="JConormaps" uid="21599775" lat="-34.4847295" lon="-58.4813500"/>
 <node id="1689754559" visible="true" version="2" changeset="94594404" timestamp="2020-11-22T18:30:30Z" user="Sibo Dolem" uid="2744797" lat="-34.4932075" lon="-58.4801023"/>
 <node id="1689771070" visible="true" version="2" changeset="27659457" timestamp="2014-12-23T20:43:56Z" user="MSF-Fieldco" uid="1617763" lat="-34.4896975" lon="-58.4811035"/>
 <node id="1689771076" visible="true" version="2" changeset="27659457" timestamp="2014-12-23T20:43:56Z" user="MSF-Fieldco" uid="1617763" lat="-34.4900042" lon="-58.4810955"/>
 <node id="1689771084" visible="true" version="2" changeset="26677354" timestamp="2014-11-09T23:14:27Z" user="MSF-Fieldco" uid="1617763" lat="-34.4862855" lon="-58.4803521"/>
 <node id="1689771091" visible="true" version="1" changeset="11090727" timestamp="2012-03-25T02:20:20Z" user="Zalitoar" uid="79602" lat="-34.4862241" lon="-58.4804573"/>
 <node id="1689771098" visible="true" version="2" changeset="26677354" timestamp="2014-11-09T23:14:27Z" user="MSF-Fieldco" uid="1617763" lat="-34.4874093" lon="-58.4806945"/>
 <node id="1689771099" visible="true" version="1" changeset="11090727" timestamp="2012-03-25T02:20:21Z" user="Zalitoar" uid="79602" lat="-34.4861969" lon="-58.4805890"/>
 <node id="1689771103" visible="true" version="2" changeset="27659457" timestamp="2014-12-23T20:43:56Z" user="MSF-Fieldco" uid="1617763" lat="-34.4893620" lon="-58.4811072"/>
 <node id="1689771121" visible="true" version="2" changeset="26677354" timestamp="2014-11-09T23:14:27Z" user="MSF-Fieldco" uid="1617763" lat="-34.4897434" lon="-58.4795759"/>
 <node id="1689771123" visible="true" version="2" changeset="26677354" timestamp="2014-11-09T23:14:27Z" user="MSF-Fieldco" uid="1617763" lat="-34.4873133" lon="-58.4806727"/>
 <node id="1689771128" visible="true" version="2" changeset="26677354" timestamp="2014-11-09T23:14:27Z" user="MSF-Fieldco" uid="1617763" lat="-34.4897782" lon="-58.4795556"/>
 <node id="1719986439" visible="true" version="1" changeset="11328495" timestamp="2012-04-17T01:22:49Z" user="Beerforfree" uid="215693" lat="-34.4768472" lon="-58.4852527"/>
 <node id="1871042518" visible="true" version="7" changeset="158791223" timestamp="2024-11-05T19:00:02Z" user="JConormaps" uid="21599775" lat="-34.4808392" lon="-58.4830160">
  <tag k="crossing:barrier" v="half"/>
  <tag k="crossing:bell" v="yes"/>
  <tag k="crossing:light" v="yes"/>
  <tag k="railway" v="level_crossing"/>
 </node>
 <node id="1953750712" visible="true" version="1" changeset="13420276" timestamp="2012-10-08T23:25:24Z" user="jlgrobe" uid="887396" lat="-34.4863911" lon="-58.4806834"/>
 <node id="1953750725" visible="true" version="2" changeset="60519703" timestamp="2018-07-08T22:19:28Z" user="nurdafur" uid="3172019" lat="-34.4874905" lon="-58.4810214"/>
 <node id="1953750728" visible="true" version="2" changeset="27659457" timestamp="2014-12-23T20:43:56Z" user="MSF-Fieldco" uid="1617763" lat="-34.4860165" lon="-58.4807260"/>
 <node id="1953750733" visible="true" version="1" changeset="13420276" timestamp="2012-10-08T23:25:24Z" user="jlgrobe" uid="887396" lat="-34.4866122" lon="-58.4807210"/>
 <node id="1953750749" visible="true" version="4" changeset="158790052" timestamp="2024-11-05T18:19:05Z" user="JConormaps" uid="21599775" lat="-34.4855130" lon="-58.4809783"/>
 <node id="1953750753" visible="true" version="2" changeset="60519703" timestamp="2018-07-08T22:19:28Z" user="nurdafur" uid="3172019" lat="-34.4871710" lon="-58.4808878"/>
 <node id="1953750769" visible="true" version="2" changeset="181890442" timestamp="2026-04-27T13:11:56Z" user="AlejandroAlba" uid="6499071" lat="-34.4875585" lon="-58.4810355"/>
 <node id="1953750785" visible="true" version="2" changeset="60519703" timestamp="2018-07-08T22:19:28Z" user="nurdafur" uid="3172019" lat="-34.4870324" lon="-58.4809627"/>
 <node id="1953750793" visible="true" version="2" changeset="26677354" timestamp="2014-11-09T23:14:28Z" user="MSF-Fieldco" uid="1617763" lat="-34.4867231" lon="-58.4807449"/>
 <node id="1953750795" visible="true" version="2" changeset="60519703" timestamp="2018-07-08T22:19:28Z" user="nurdafur" uid="3172019" lat="-34.4869768" lon="-58.4809489"/>
 <node id="1953750796" visible="true" version="4" changeset="158790052" timestamp="2024-11-05T18:19:05Z" user="JConormaps" uid="21599775" lat="-34.4856247" lon="-58.4809760"/>
 <node id="1953750797" visible="true" version="2" changeset="60519703" timestamp="2018-07-08T22:19:28Z" user="nurdafur" uid="3172019" lat="-34.4872358" lon="-58.4808702"/>
 <node id="1953750798" visible="true" version="2" changeset="26677354" timestamp="2014-11-09T23:14:28Z" user="MSF-Fieldco" uid="1617763" lat="-34.4862010" lon="-58.4807044"/>
 <node id="2025909921" visible="true" version="4" changeset="73581742" timestamp="2019-08-21T13:39:01Z" user="CorazonDelator" uid="8127216" lat="-34.4868778" lon="-58.4861066">
  <tag k="bus" v="yes"/>
  <tag k="highway" v="bus_stop"/>
  <tag k="name" v="Libertador y Pacheco"/>
  <tag k="public_transport" v="platform"/>
 </node>
 <node id="2128029328" visible="true" version="1" changeset="14784788" timestamp="2013-01-25T19:22:23Z" user="muralito" uid="755114" lat="-34.1939923" lon="-58.0736308"/>
 <node id="2189043963" visible="true" version="4" changeset="41147544" timestamp="2016-07-31T15:04:46Z" user="pablopareja" uid="211657" lat="-34.4765232" lon="-58.4882947"/>
 <node id="2189043968" visible="true" version="3" changeset="26677354" timestamp="2014-11-09T23:14:28Z" user="MSF-Fieldco" uid="1617763" lat="-34.4772534" lon="-58.4877935"/>
 <node id="2189043970" visible="true" version="3" changeset="41281389" timestamp="2016-08-06T03:58:55Z" user="pablopareja" uid="211657" lat="-34.4786412" lon="-58.4868579">
  <tag k="noexit" v="yes"/>
 </node>
 <node id="2189048166" visible="true" version="3" changeset="26677354" timestamp="2014-11-09T23:14:28Z" user="MSF-Fieldco" uid="1617763" lat="-34.4779564" lon="-58.4873022"/>
 <node id="2189082668" visible="true" version="3" changeset="26677354" timestamp="2014-11-09T23:14:28Z" user="MSF-Fieldco" uid="1617763" lat="-34.4776206" lon="-58.4865706"/>
 <node id="2189082670" visible="true" version="4" changeset="41281389" timestamp="2016-08-06T03:58:56Z" user="pablopareja" uid="211657" lat="-34.4772115" lon="-58.4868501">
  <tag k="noexit" v="yes"/>
 </node>
 <node id="2189082671" visible="true" version="2" changeset="41281389" timestamp="2016-08-06T03:58:56Z" user="pablopareja" uid="211657" lat="-34.4782159" lon="-58.4861471">
  <tag k="noexit" v="yes"/>
 </node>
 <node id="2189091091" visible="true" version="1" changeset="15276232" timestamp="2013-03-06T22:52:32Z" user="fedecanete" uid="1217164" lat="-34.4838804" lon="-58.4817751"/>
 <node id="2189091092" visible="true" version="1" changeset="15276232" timestamp="2013-03-06T22:52:32Z" user="fedecanete" uid="1217164" lat="-34.4803871" lon="-58.4832771"/>
 <node id="2189091095" visible="true" version="2" changeset="50887282" timestamp="2017-08-06T14:57:39Z" user="juanperez79" uid="6218510" lat="-34.4759115" lon="-58.4867044"/>
 <node id="2189091103" visible="true" version="5" changeset="158791223" timestamp="2024-11-05T19:00:02Z" user="JConormaps" uid="21599775" lat="-34.4808599" lon="-58.4830683"/>
 <node id="2189091105" visible="true" version="2" changeset="181983433" timestamp="2026-04-29T11:29:26Z" user="AlejandroAlba" uid="6499071" lat="-34.4777051" lon="-58.4847818"/>
 <node id="2189091112" visible="true" version="6" changeset="158790052" timestamp="2024-11-05T18:19:05Z" user="JConormaps" uid="21599775" lat="-34.4852281" lon="-58.4814743"/>
 <node id="2189091113" visible="true" version="1" changeset="15276232" timestamp="2013-03-06T22:52:32Z" user="fedecanete" uid="1217164" lat="-34.4768583" lon="-58.4854872"/>
 <node id="2189091115" visible="true" version="1" changeset="15276232" timestamp="2013-03-06T22:52:32Z" user="fedecanete" uid="1217164" lat="-34.4761861" lon="-58.4862651"/>
 <node id="2189091118" visible="true" version="2" changeset="181983433" timestamp="2026-04-29T11:29:26Z" user="AlejandroAlba" uid="6499071" lat="-34.4777781" lon="-58.4847416"/>
 <node id="2189091120" visible="true" version="2" changeset="158791223" timestamp="2024-11-05T19:00:02Z" user="JConormaps" uid="21599775" lat="-34.4785206" lon="-58.4842618"/>
 <node id="2189091122" visible="true" version="3" changeset="146342612" timestamp="2024-01-17T00:00:09Z" user="AgusQui" uid="331218" lat="-34.4851339" lon="-58.4814928"/>
 <node id="2189091124" visible="true" version="3" changeset="146342612" timestamp="2024-01-17T00:00:09Z" user="AgusQui" uid="331218" lat="-34.4846652" lon="-58.4815672"/>
 <node id="2189091125" visible="true" version="2" changeset="146342612" timestamp="2024-01-17T00:00:09Z" user="AgusQui" uid="331218" lat="-34.4827966" lon="-58.4822018"/>
 <node id="2501263948" visible="true" version="4" changeset="181890442" timestamp="2026-04-27T13:11:56Z" user="AlejandroAlba" uid="6499071" lat="-34.4876002" lon="-58.4812552"/>
 <node id="2561121682" visible="true" version="2" changeset="43504658" timestamp="2016-11-09T06:29:39Z" user="nicfer" uid="16712" lat="-34.4766984" lon="-58.4854929"/>
 <node id="2561121685" visible="true" version="2" changeset="43504658" timestamp="2016-11-09T06:29:39Z" user="nicfer" uid="16712" lat="-34.4858271" lon="-58.4813575"/>
 <node id="2561121697" visible="true" version="2" changeset="43504658" timestamp="2016-11-09T06:29:39Z" user="nicfer" uid="16712" lat="-34.4772030" lon="-58.4850340"/>
 <node id="2561121741" visible="true" version="3" changeset="181983433" timestamp="2026-04-29T11:29:26Z" user="AlejandroAlba" uid="6499071" lat="-34.4776744" lon="-58.4847107"/>
 <node id="2561133538" visible="true" version="2" changeset="43504658" timestamp="2016-11-09T06:29:39Z" user="nicfer" uid="16712" lat="-34.4794426" lon="-58.4836959"/>
 <node id="2561133556" visible="true" version="2" changeset="43504658" timestamp="2016-11-09T06:29:40Z" user="nicfer" uid="16712" lat="-34.4830018" lon="-58.4819996"/>
 <node id="2561133586" visible="true" version="2" changeset="43504658" timestamp="2016-11-09T06:29:40Z" user="nicfer" uid="16712" lat="-34.4794149" lon="-58.4836369"/>
 <node id="2561165045" visible="true" version="2" changeset="43504658" timestamp="2016-11-09T06:29:41Z" user="nicfer" uid="16712" lat="-34.4760539" lon="-58.4862508"/>
 <node id="2986100622" visible="true" version="1" changeset="24424663" timestamp="2014-07-29T15:47:17Z" user="WillBCV" uid="2221648" lat="-34.4847324" lon="-58.4803871"/>
 <node id="3030411652" visible="true" version="2" changeset="41584254" timestamp="2016-08-20T22:46:39Z" user="pablopareja" uid="211657" lat="-34.4883586" lon="-58.4840252"/>
 <node id="3030411653" visible="true" version="3" changeset="41584254" timestamp="2016-08-20T22:46:39Z" user="pablopareja" uid="211657" lat="-34.4874231" lon="-58.4842986"/>
 <node id="3030929400" visible="true" version="4" changeset="158791223" timestamp="2024-11-05T19:00:02Z" user="JConormaps" uid="21599775" lat="-34.4841848" lon="-58.4859881"/>
 <node id="3030929401" visible="true" version="2" changeset="30226123" timestamp="2015-04-15T01:47:38Z" user="Souchong" uid="255141" lat="-34.4857805" lon="-58.4836129"/>
 <node id="3030929402" visible="true" version="2" changeset="30226123" timestamp="2015-04-15T01:47:38Z" user="Souchong" uid="255141" lat="-34.4858005" lon="-58.4836142"/>
 <node id="3030929403" visible="true" version="2" changeset="30226123" timestamp="2015-04-15T01:47:38Z" user="Souchong" uid="255141" lat="-34.4858199" lon="-58.4836078"/>
 <node id="3030929404" visible="true" version="2" changeset="30226123" timestamp="2015-04-15T01:47:38Z" user="Souchong" uid="255141" lat="-34.4858366" lon="-58.4835942"/>
 <node id="3030929405" visible="true" version="2" changeset="30226123" timestamp="2015-04-15T01:47:38Z" user="Souchong" uid="255141" lat="-34.4858489" lon="-58.4835750"/>
 <node id="3030929406" visible="true" version="2" changeset="30226123" timestamp="2015-04-15T01:47:38Z" user="Souchong" uid="255141" lat="-34.4858554" lon="-58.4835520"/>
 <node id="3030929407" visible="true" version="2" changeset="30226123" timestamp="2015-04-15T01:47:38Z" user="Souchong" uid="255141" lat="-34.4858557" lon="-58.4835276"/>
 <node id="3030929408" visible="true" version="2" changeset="30226123" timestamp="2015-04-15T01:47:38Z" user="Souchong" uid="255141" lat="-34.4857989" lon="-58.4834635"/>
 <node id="3030929409" visible="true" version="2" changeset="30226123" timestamp="2015-04-15T01:47:38Z" user="Souchong" uid="255141" lat="-34.4857780" lon="-58.4834657"/>
 <node id="3030929410" visible="true" version="2" changeset="30226123" timestamp="2015-04-15T01:47:38Z" user="Souchong" uid="255141" lat="-34.4857588" lon="-58.4834764"/>
 <node id="3030929411" visible="true" version="2" changeset="30226123" timestamp="2015-04-15T01:47:38Z" user="Souchong" uid="255141" lat="-34.4857436" lon="-58.4834940"/>
 <node id="3030929412" visible="true" version="2" changeset="30226123" timestamp="2015-04-15T01:47:38Z" user="Souchong" uid="255141" lat="-34.4857343" lon="-58.4835170"/>
 <node id="3030929413" visible="true" version="2" changeset="30226123" timestamp="2015-04-15T01:47:38Z" user="Souchong" uid="255141" lat="-34.4857316" lon="-58.4835423"/>
 <node id="3030929414" visible="true" version="3" changeset="30226123" timestamp="2015-04-15T01:47:38Z" user="Souchong" uid="255141" lat="-34.4846493" lon="-58.4829884"/>
 <node id="3030929415" visible="true" version="2" changeset="30226123" timestamp="2015-04-15T01:47:38Z" user="Souchong" uid="255141" lat="-34.4847089" lon="-58.4828884"/>
 <node id="3030929416" visible="true" version="2" changeset="26677354" timestamp="2014-11-09T23:14:28Z" user="MSF-Fieldco" uid="1617763" lat="-34.4840745" lon="-58.4836735"/>
 <node id="3031098546" visible="true" version="5" changeset="161697251" timestamp="2025-01-24T04:38:18Z" user="TaklamakanDesert" uid="15994195" lat="-34.4811452" lon="-58.4853026">
  <tag k="noexit" v="yes"/>
 </node>
 <node id="3084057096" visible="true" version="2" changeset="158790052" timestamp="2024-11-05T18:19:05Z" user="JConormaps" uid="21599775" lat="-34.4868152" lon="-58.4860137">
  <tag k="bus" v="yes"/>
  <tag k="name" v="Libertador y Pacheco"/>
  <tag k="public_transport" v="stop_position"/>
 </node>
 <node id="3177996775" visible="true" version="2" changeset="158791223" timestamp="2024-11-05T19:00:02Z" user="JConormaps" uid="21599775" lat="-34.4792860" lon="-58.4835980"/>
 <node id="3177996776" visible="true" version="4" changeset="161697251" timestamp="2025-01-24T04:38:18Z" user="TaklamakanDesert" uid="15994195" lat="-34.4795136" lon="-58.4850379">
  <tag k="noexit" v="yes"/>
 </node>
 <node id="3177996777" visible="true" version="2" changeset="158791223" timestamp="2024-11-05T19:00:02Z" user="JConormaps" uid="21599775" lat="-34.4802563" lon="-58.4856408"/>
 <node id="3177996778" visible="true" version="2" changeset="158791223" timestamp="2024-11-05T19:00:02Z" user="JConormaps" uid="21599775" lat="-34.4803542" lon="-58.4856607"/>
 <node id="3177996779" visible="true" version="4" changeset="158791223" timestamp="2024-11-05T19:00:02Z" user="JConormaps" uid="21599775" lat="-34.4813969" lon="-58.4841287"/>
 <node id="3177996780" visible="true" version="4" changeset="158792241" timestamp="2024-11-05T19:33:07Z" user="JConormaps" uid="21599775" lat="-34.4818027" lon="-58.4867087">
  <tag k="access" v="private"/>
  <tag k="barrier" v="gate"/>
 </node>
 <node id="3177996781" visible="true" version="2" changeset="146342612" timestamp="2024-01-17T00:00:09Z" user="AgusQui" uid="331218" lat="-34.4833324" lon="-58.4819699"/>
 <node id="3177996782" visible="true" version="3" changeset="158791223" timestamp="2024-11-05T19:00:02Z" user="JConormaps" uid="21599775" lat="-34.4833526" lon="-58.4852734"/>
 <node id="3177996783" visible="true" version="2" changeset="146342612" timestamp="2024-01-17T00:00:09Z" user="AgusQui" uid="331218" lat="-34.4840788" lon="-58.4817233"/>
 <node id="3177996784" visible="true" version="2" changeset="146342612" timestamp="2024-01-17T00:00:09Z" user="AgusQui" uid="331218" lat="-34.4844867" lon="-58.4816107"/>
 <node id="3177996786" visible="true" version="2" changeset="91233228" timestamp="2020-09-21T13:37:47Z" user="Fedejru" uid="3367777" lat="-34.4850601" lon="-58.4806881"/>
 <node id="3177996787" visible="true" version="2" changeset="27659457" timestamp="2014-12-23T20:43:57Z" user="MSF-Fieldco" uid="1617763" lat="-34.4858686" lon="-58.4808062"/>
 <node id="3177996788" visible="true" version="2" changeset="41581745" timestamp="2016-08-20T19:36:44Z" user="pablopareja" uid="211657" lat="-34.4853515" lon="-58.4817878"/>
 <node id="3177996789" visible="true" version="1" changeset="26677354" timestamp="2014-11-09T23:14:20Z" user="MSF-Fieldco" uid="1617763" lat="-34.4864397" lon="-58.4804235"/>
 <node id="3177996790" visible="true" version="2" changeset="50869369" timestamp="2017-08-05T19:22:55Z" user="juanperez79" uid="6218510" lat="-34.4874689" lon="-58.4806885"/>
 <node id="3177996791" visible="true" version="1" changeset="26677354" timestamp="2014-11-09T23:14:20Z" user="MSF-Fieldco" uid="1617763" lat="-34.4878581" lon="-58.4828753"/>
 <node id="3177996793" visible="true" version="1" changeset="26677354" timestamp="2014-11-09T23:14:20Z" user="MSF-Fieldco" uid="1617763" lat="-34.4894783" lon="-58.4795822"/>
 <node id="3177996795" visible="true" version="1" changeset="26677354" timestamp="2014-11-09T23:14:20Z" user="MSF-Fieldco" uid="1617763" lat="-34.4896585" lon="-58.4794572"/>
 <node id="3250055826" visible="true" version="2" changeset="158790295" timestamp="2024-11-05T18:27:31Z" user="JConormaps" uid="21599775" lat="-34.4802514" lon="-58.4820322"/>
 <node id="3250055827" visible="true" version="3" changeset="162702497" timestamp="2025-02-19T13:59:38Z" user="g0nz" uid="9536659" lat="-34.4801046" lon="-58.4820968"/>
 <node id="3250055828" visible="true" version="2" changeset="158790295" timestamp="2024-11-05T18:27:31Z" user="JConormaps" uid="21599775" lat="-34.4804624" lon="-58.4820310"/>
 <node id="3250055829" visible="true" version="2" changeset="158790295" timestamp="2024-11-05T18:27:31Z" user="JConormaps" uid="21599775" lat="-34.4804747" lon="-58.4821995"/>
 <node id="3250055830" visible="true" version="2" changeset="158790295" timestamp="2024-11-05T18:27:31Z" user="JConormaps" uid="21599775" lat="-34.4804963" lon="-58.4821171"/>
 <node id="3250055831" visible="true" version="1" changeset="27659457" timestamp="2014-12-23T20:43:52Z" user="MSF-Fieldco" uid="1617763" lat="-34.4805170" lon="-58.4825637"/>
 <node id="3250055832" visible="true" version="1" changeset="27659457" timestamp="2014-12-23T20:43:52Z" user="MSF-Fieldco" uid="1617763" lat="-34.4805795" lon="-58.4823973"/>
 <node id="3250055833" visible="true" version="1" changeset="27659457" timestamp="2014-12-23T20:43:53Z" user="MSF-Fieldco" uid="1617763" lat="-34.4806690" lon="-58.4822387"/>
 <node id="3250055834" visible="true" version="1" changeset="27659457" timestamp="2014-12-23T20:43:53Z" user="MSF-Fieldco" uid="1617763" lat="-34.4806937" lon="-58.4825333"/>
 <node id="3250055835" visible="true" version="1" changeset="27659457" timestamp="2014-12-23T20:43:53Z" user="MSF-Fieldco" uid="1617763" lat="-34.4807105" lon="-58.4828795"/>
 <node id="3250055836" visible="true" version="1" changeset="27659457" timestamp="2014-12-23T20:43:53Z" user="MSF-Fieldco" uid="1617763" lat="-34.4807554" lon="-58.4826968"/>
 <node id="3250055837" visible="true" version="1" changeset="27659457" timestamp="2014-12-23T20:43:53Z" user="MSF-Fieldco" uid="1617763" lat="-34.4808450" lon="-58.4822225"/>
 <node id="3250055838" visible="true" version="1" changeset="27659457" timestamp="2014-12-23T20:43:53Z" user="MSF-Fieldco" uid="1617763" lat="-34.4808563" lon="-58.4826257"/>
 <node id="3250055839" visible="true" version="1" changeset="27659457" timestamp="2014-12-23T20:43:53Z" user="MSF-Fieldco" uid="1617763" lat="-34.4809262" lon="-58.4827930"/>
 <node id="3250055840" visible="true" version="1" changeset="27659457" timestamp="2014-12-23T20:43:53Z" user="MSF-Fieldco" uid="1617763" lat="-34.4810137" lon="-58.4826968"/>
 <node id="3250055841" visible="true" version="1" changeset="27659457" timestamp="2014-12-23T20:43:53Z" user="MSF-Fieldco" uid="1617763" lat="-34.4810281" lon="-58.4827468"/>
 <node id="3250055842" visible="true" version="2" changeset="158790295" timestamp="2024-11-05T18:27:31Z" user="JConormaps" uid="21599775" lat="-34.4810609" lon="-58.4821815"/>
 <node id="3250055843" visible="true" version="1" changeset="27659457" timestamp="2014-12-23T20:43:53Z" user="MSF-Fieldco" uid="1617763" lat="-34.4810775" lon="-58.4824409"/>
 <node id="3250055844" visible="true" version="2" changeset="158790295" timestamp="2024-11-05T18:27:31Z" user="JConormaps" uid="21599775" lat="-34.4811700" lon="-58.4821479"/>
 <node id="3250055845" visible="true" version="1" changeset="27659457" timestamp="2014-12-23T20:43:53Z" user="MSF-Fieldco" uid="1617763" lat="-34.4811876" lon="-58.4823648"/>
 <node id="3250055846" visible="true" version="1" changeset="27659457" timestamp="2014-12-23T20:43:53Z" user="MSF-Fieldco" uid="1617763" lat="-34.4812349" lon="-58.4825096"/>
 <node id="3250055847" visible="true" version="1" changeset="27659457" timestamp="2014-12-23T20:43:53Z" user="MSF-Fieldco" uid="1617763" lat="-34.4814099" lon="-58.4823348"/>
 <node id="3250055849" visible="true" version="1" changeset="27659457" timestamp="2014-12-23T20:43:53Z" user="MSF-Fieldco" uid="1617763" lat="-34.4814531" lon="-58.4824884"/>
 <node id="3250055850" visible="true" version="1" changeset="27659457" timestamp="2014-12-23T20:43:53Z" user="MSF-Fieldco" uid="1617763" lat="-34.4814685" lon="-58.4825558"/>
 <node id="3250055851" visible="true" version="2" changeset="60519703" timestamp="2018-07-08T22:19:28Z" user="nurdafur" uid="3172019" lat="-34.4814859" lon="-58.4823566"/>
 <node id="3250055852" visible="true" version="1" changeset="27659457" timestamp="2014-12-23T20:43:53Z" user="MSF-Fieldco" uid="1617763" lat="-34.4815364" lon="-58.4825321"/>
 <node id="3250055853" visible="true" version="1" changeset="27659457" timestamp="2014-12-23T20:43:53Z" user="MSF-Fieldco" uid="1617763" lat="-34.4815974" lon="-58.4824988"/>
 <node id="3250055854" visible="true" version="1" changeset="27659457" timestamp="2014-12-23T20:43:53Z" user="MSF-Fieldco" uid="1617763" lat="-34.4855623" lon="-58.4811108"/>
 <node id="3250055855" visible="true" version="1" changeset="27659457" timestamp="2014-12-23T20:43:53Z" user="MSF-Fieldco" uid="1617763" lat="-34.4856786" lon="-58.4810534"/>
 <node id="3250055856" visible="true" version="1" changeset="27659457" timestamp="2014-12-23T20:43:53Z" user="MSF-Fieldco" uid="1617763" lat="-34.4858895" lon="-58.4812801"/>
 <node id="3250055857" visible="true" version="1" changeset="27659457" timestamp="2014-12-23T20:43:53Z" user="MSF-Fieldco" uid="1617763" lat="-34.4858937" lon="-58.4811445"/>
 <node id="3250055859" visible="true" version="3" changeset="158790052" timestamp="2024-11-05T18:19:05Z" user="JConormaps" uid="21599775" lat="-34.4859513" lon="-58.4811245"/>
 <node id="3250055860" visible="true" version="2" changeset="60519703" timestamp="2018-07-08T22:19:28Z" user="nurdafur" uid="3172019" lat="-34.4863061" lon="-58.4811629"/>
 <node id="3250056561" visible="true" version="1" changeset="27659457" timestamp="2014-12-23T20:43:53Z" user="MSF-Fieldco" uid="1617763" lat="-34.4863433" lon="-58.4812743"/>
 <node id="3250056562" visible="true" version="2" changeset="60519703" timestamp="2018-07-08T22:19:28Z" user="nurdafur" uid="3172019" lat="-34.4866269" lon="-58.4811983"/>
 <node id="3250056563" visible="true" version="2" changeset="60519703" timestamp="2018-07-08T22:19:28Z" user="nurdafur" uid="3172019" lat="-34.4867668" lon="-58.4812177"/>
 <node id="3250056564" visible="true" version="1" changeset="27659457" timestamp="2014-12-23T20:43:53Z" user="MSF-Fieldco" uid="1617763" lat="-34.4868866" lon="-58.4812531"/>
 <node id="3250056565" visible="true" version="2" changeset="60519703" timestamp="2018-07-08T22:19:28Z" user="nurdafur" uid="3172019" lat="-34.4869001" lon="-58.4811974"/>
 <node id="3250056566" visible="true" version="2" changeset="60519703" timestamp="2018-07-08T22:19:28Z" user="nurdafur" uid="3172019" lat="-34.4872546" lon="-58.4812064"/>
 <node id="3250056567" visible="true" version="2" changeset="60519703" timestamp="2018-07-08T22:19:28Z" user="nurdafur" uid="3172019" lat="-34.4875296" lon="-58.4811876"/>
 <node id="3250056572" visible="true" version="2" changeset="60519703" timestamp="2018-07-08T22:19:28Z" user="nurdafur" uid="3172019" lat="-34.4888114" lon="-58.4810573"/>
 <node id="3456721637" visible="true" version="1" changeset="30226123" timestamp="2015-04-15T01:47:28Z" user="Souchong" uid="255141" lat="-34.4848182" lon="-58.4827841"/>
 <node id="3456721638" visible="true" version="1" changeset="30226123" timestamp="2015-04-15T01:47:28Z" user="Souchong" uid="255141" lat="-34.4853355" lon="-58.4875971"/>
 <node id="3456721639" visible="true" version="1" changeset="30226123" timestamp="2015-04-15T01:47:28Z" user="Souchong" uid="255141" lat="-34.4855116" lon="-58.4874067"/>
 <node id="3456721645" visible="true" version="6" changeset="158792241" timestamp="2024-11-05T19:33:07Z" user="JConormaps" uid="21599775" lat="-34.4888152" lon="-58.4852105">
  <tag k="enforcement" v="traffic_signals"/>
  <tag k="highway" v="traffic_signals"/>
 </node>
 <node id="4328465960" visible="true" version="1" changeset="41135558" timestamp="2016-07-30T23:03:04Z" user="pablopareja" uid="211657" lat="-34.4867656" lon="-58.4873138">
  <tag k="addr:housenumber" v="2301"/>
  <tag k="addr:street" v="Carlos Casares"/>
 </node>
 <node id="4328465965" visible="true" version="2" changeset="60544303" timestamp="2018-07-09T15:12:45Z" user="muralito" uid="755114" lat="-34.4866729" lon="-58.4871731">
  <tag k="addr:housenumber" v="2302"/>
  <tag k="addr:street" v="Carlos Casares"/>
 </node>
 <node id="4328465970" visible="true" version="1" changeset="41135558" timestamp="2016-07-30T23:03:05Z" user="pablopareja" uid="211657" lat="-34.4874066" lon="-58.4869105">
  <tag k="addr:housenumber" v="2399"/>
  <tag k="addr:street" v="Carlos Casares"/>
 </node>
 <node id="4328465975" visible="true" version="2" changeset="60544303" timestamp="2018-07-09T15:12:45Z" user="muralito" uid="755114" lat="-34.4873482" lon="-58.4867216">
  <tag k="addr:housenumber" v="2400"/>
  <tag k="addr:street" v="Carlos Casares"/>
 </node>
 <node id="4329521676" visible="true" version="3" changeset="158791223" timestamp="2024-11-05T19:00:02Z" user="JConormaps" uid="21599775" lat="-34.4826124" lon="-58.4903259"/>
 <node id="4329538339" visible="true" version="3" changeset="75634596" timestamp="2019-10-13T20:51:43Z" user="alpertron" uid="466854" lat="-34.4872112" lon="-58.4884071">
  <tag k="addr:housenumber" v="1001"/>
  <tag k="addr:street" v="Doctor Francisco J. Muñiz"/>
 </node>
 <node id="4329538349" visible="true" version="3" changeset="75634596" timestamp="2019-10-13T20:51:43Z" user="alpertron" uid="466854" lat="-34.4870745" lon="-58.4885203">
  <tag k="addr:housenumber" v="1002"/>
  <tag k="addr:street" v="Doctor Francisco J. Muñiz"/>
 </node>
 <node id="4329538359" visible="true" version="3" changeset="75634596" timestamp="2019-10-13T20:51:43Z" user="alpertron" uid="466854" lat="-34.4867524" lon="-58.4873592">
  <tag k="addr:housenumber" v="1099"/>
  <tag k="addr:street" v="Doctor Francisco J. Muñiz"/>
 </node>
 <node id="4329538375" visible="true" version="3" changeset="75634596" timestamp="2019-10-13T20:51:43Z" user="alpertron" uid="466854" lat="-34.4866444" lon="-58.4871654">
  <tag k="addr:housenumber" v="1101"/>
  <tag k="addr:street" v="Doctor Francisco J. Muñiz"/>
 </node>
 <node id="4329538376" visible="true" version="3" changeset="75634596" timestamp="2019-10-13T20:51:43Z" user="alpertron" uid="466854" lat="-34.4864459" lon="-58.4866911">
  <tag k="addr:housenumber" v="1199"/>
  <tag k="addr:street" v="Doctor Francisco J. Muñiz"/>
 </node>
 <node id="4329538377" visible="true" version="2" changeset="75634596" timestamp="2019-10-13T20:51:43Z" user="alpertron" uid="466854" lat="-34.4862986" lon="-58.4868155">
  <tag k="addr:housenumber" v="1200"/>
  <tag k="addr:street" v="Doctor Francisco J. Muñiz"/>
 </node>
 <node id="4329538378" visible="true" version="1" changeset="41147850" timestamp="2016-07-31T15:23:07Z" user="pablopareja" uid="211657" lat="-34.4869110" lon="-58.4857182">
  <tag k="addr:housenumber" v="13401"/>
  <tag k="addr:street" v="Avenida del Libertador"/>
 </node>
 <node id="4329538379" visible="true" version="1" changeset="41147850" timestamp="2016-07-31T15:23:07Z" user="pablopareja" uid="211657" lat="-34.4870248" lon="-58.4859941">
  <tag k="addr:housenumber" v="13402"/>
  <tag k="addr:street" v="Avenida del Libertador"/>
 </node>
 <node id="4329538380" visible="true" version="1" changeset="41147850" timestamp="2016-07-31T15:23:07Z" user="pablopareja" uid="211657" lat="-34.4860435" lon="-58.4866840">
  <tag k="addr:housenumber" v="13499"/>
  <tag k="addr:street" v="Avenida del Libertador"/>
 </node>
 <node id="4329538381" visible="true" version="2" changeset="60544303" timestamp="2018-07-09T15:12:47Z" user="muralito" uid="755114" lat="-34.4864438" lon="-58.4866366">
  <tag k="addr:housenumber" v="13500"/>
  <tag k="addr:street" v="Avenida del Libertador"/>
 </node>
 <node id="4329538382" visible="true" version="1" changeset="41147850" timestamp="2016-07-31T15:23:07Z" user="pablopareja" uid="211657" lat="-34.4858928" lon="-58.4868220">
  <tag k="addr:housenumber" v="13501"/>
  <tag k="addr:street" v="Avenida del Libertador"/>
 </node>
 <node id="4329538383" visible="true" version="1" changeset="41147850" timestamp="2016-07-31T15:23:07Z" user="pablopareja" uid="211657" lat="-34.4862339" lon="-58.4868252">
  <tag k="addr:housenumber" v="13502"/>
  <tag k="addr:street" v="Avenida del Libertador"/>
 </node>
 <node id="4329538384" visible="true" version="1" changeset="41147850" timestamp="2016-07-31T15:23:07Z" user="pablopareja" uid="211657" lat="-34.4853479" lon="-58.4873932">
  <tag k="addr:housenumber" v="13599"/>
  <tag k="addr:street" v="Avenida del Libertador"/>
 </node>
 <node id="4329538385" visible="true" version="1" changeset="41147850" timestamp="2016-07-31T15:23:07Z" user="pablopareja" uid="211657" lat="-34.4857182" lon="-58.4874702">
  <tag k="addr:housenumber" v="13600"/>
  <tag k="addr:street" v="Avenida del Libertador"/>
 </node>
 <node id="4329538554" visible="true" version="1" changeset="41147850" timestamp="2016-07-31T15:23:09Z" user="pablopareja" uid="211657" lat="-34.4860761" lon="-58.4860322"/>
 <node id="4329538555" visible="true" version="1" changeset="41147850" timestamp="2016-07-31T15:23:09Z" user="pablopareja" uid="211657" lat="-34.4862196" lon="-58.4863595"/>
 <node id="4329538556" visible="true" version="1" changeset="41147850" timestamp="2016-07-31T15:23:09Z" user="pablopareja" uid="211657" lat="-34.4862810" lon="-58.4858999"/>
 <node id="4329538557" visible="true" version="1" changeset="41147850" timestamp="2016-07-31T15:23:09Z" user="pablopareja" uid="211657" lat="-34.4864246" lon="-58.4862272"/>
 <node id="4329571283" visible="true" version="1" changeset="41148398" timestamp="2016-07-31T15:49:27Z" user="pablopareja" uid="211657" lat="-34.4878945" lon="-58.4879088">
  <tag k="addr:housenumber" v="1002"/>
  <tag k="addr:street" v="General Pacheco"/>
 </node>
 <node id="4329571287" visible="true" version="1" changeset="41148398" timestamp="2016-07-31T15:49:27Z" user="pablopareja" uid="211657" lat="-34.4874774" lon="-58.4869632">
  <tag k="addr:housenumber" v="1100"/>
  <tag k="addr:street" v="General Pacheco"/>
 </node>
 <node id="4329571288" visible="true" version="1" changeset="41148398" timestamp="2016-07-31T15:49:27Z" user="pablopareja" uid="211657" lat="-34.4877130" lon="-58.4869619">
  <tag k="addr:housenumber" v="1101"/>
  <tag k="addr:street" v="General Pacheco"/>
 </node>
 <node id="4329577189" visible="true" version="2" changeset="60544303" timestamp="2018-07-09T15:12:47Z" user="muralito" uid="755114" lat="-34.4873322" lon="-58.4866668">
  <tag k="addr:housenumber" v="1102"/>
  <tag k="addr:street" v="General Pacheco"/>
 </node>
 <node id="4329577190" visible="true" version="1" changeset="41148398" timestamp="2016-07-31T15:49:27Z" user="pablopareja" uid="211657" lat="-34.4872606" lon="-58.4859559">
  <tag k="addr:housenumber" v="1199"/>
  <tag k="addr:street" v="General Pacheco"/>
 </node>
 <node id="4329577191" visible="true" version="2" changeset="60544303" timestamp="2018-07-09T15:12:47Z" user="muralito" uid="755114" lat="-34.4870660" lon="-58.4860286">
  <tag k="addr:housenumber" v="1200"/>
  <tag k="addr:street" v="General Pacheco"/>
 </node>
 <node id="4329577282" visible="true" version="4" changeset="159064903" timestamp="2024-11-12T19:44:14Z" user="Pegasus21" uid="13510663" lat="-34.4836885" lon="-58.4887526"/>
 <node id="4329690033" visible="true" version="1" changeset="41150655" timestamp="2016-07-31T17:41:29Z" user="pablopareja" uid="211657" lat="-34.4853857" lon="-58.4868921"/>
 <node id="4329690037" visible="true" version="1" changeset="41150655" timestamp="2016-07-31T17:41:29Z" user="pablopareja" uid="211657" lat="-34.4855262" lon="-58.4871048"/>
 <node id="4329690041" visible="true" version="1" changeset="41150655" timestamp="2016-07-31T17:41:29Z" user="pablopareja" uid="211657" lat="-34.4857156" lon="-58.4865713"/>
 <node id="4329690042" visible="true" version="1" changeset="41150655" timestamp="2016-07-31T17:41:29Z" user="pablopareja" uid="211657" lat="-34.4858561" lon="-58.4867840"/>
 <node id="4337895460" visible="true" version="1" changeset="41280495" timestamp="2016-08-06T01:16:10Z" user="pablopareja" uid="211657" lat="-34.4916970" lon="-58.4845275"/>
 <node id="4337895465" visible="true" version="1" changeset="41280495" timestamp="2016-08-06T01:16:10Z" user="pablopareja" uid="211657" lat="-34.4946320" lon="-58.4910099"/>
 <node id="4337970049" visible="true" version="2" changeset="43932766" timestamp="2016-11-24T21:49:58Z" user="pablopareja" uid="211657" lat="-34.4748717" lon="-58.4879598"/>
 <node id="4337970050" visible="true" version="1" changeset="41281389" timestamp="2016-08-06T03:58:51Z" user="pablopareja" uid="211657" lat="-34.4754635" lon="-58.4856359"/>
 <node id="4337970051" visible="true" version="2" changeset="50887282" timestamp="2017-08-06T14:57:39Z" user="juanperez79" uid="6218510" lat="-34.4758888" lon="-58.4862695"/>
 <node id="4337970052" visible="true" version="2" changeset="50887282" timestamp="2017-08-06T14:57:39Z" user="juanperez79" uid="6218510" lat="-34.4766586" lon="-58.4853479"/>
 <node id="4337970053" visible="true" version="2" changeset="50885278" timestamp="2017-08-06T13:28:42Z" user="juanperez79" uid="6218510" lat="-34.4768577" lon="-58.4842401"/>
 <node id="4337970054" visible="true" version="1" changeset="41281389" timestamp="2016-08-06T03:58:51Z" user="pablopareja" uid="211657" lat="-34.4772445" lon="-58.4839874"/>
 <node id="4337970055" visible="true" version="2" changeset="50887282" timestamp="2017-08-06T14:57:39Z" user="juanperez79" uid="6218510" lat="-34.4773254" lon="-58.4847622"/>
 <node id="4337970056" visible="true" version="1" changeset="41281389" timestamp="2016-08-06T03:58:51Z" user="pablopareja" uid="211657" lat="-34.4775168" lon="-58.4838052"/>
 <node id="4337970057" visible="true" version="1" changeset="41281389" timestamp="2016-08-06T03:58:51Z" user="pablopareja" uid="211657" lat="-34.4777297" lon="-58.4836191"/>
 <node id="4337970058" visible="true" version="1" changeset="41281389" timestamp="2016-08-06T03:58:51Z" user="pablopareja" uid="211657" lat="-34.4780459" lon="-58.4834292"/>
 <node id="4337970059" visible="true" version="1" changeset="41281389" timestamp="2016-08-06T03:58:51Z" user="pablopareja" uid="211657" lat="-34.4784090" lon="-58.4833533"/>
 <node id="4337970060" visible="true" version="3" changeset="50887282" timestamp="2017-08-06T14:57:39Z" user="juanperez79" uid="6218510" lat="-34.4786550" lon="-58.4839080"/>
 <node id="4337970061" visible="true" version="2" changeset="158790295" timestamp="2024-11-05T18:27:31Z" user="JConormaps" uid="21599775" lat="-34.4812782" lon="-58.4820972"/>
 <node id="4337970062" visible="true" version="2" changeset="158790295" timestamp="2024-11-05T18:27:31Z" user="JConormaps" uid="21599775" lat="-34.4814221" lon="-58.4819748"/>
 <node id="4337970064" visible="true" version="1" changeset="41281389" timestamp="2016-08-06T03:58:51Z" user="pablopareja" uid="211657" lat="-34.4824729" lon="-58.4809683"/>
 <node id="4337970065" visible="true" version="1" changeset="41281389" timestamp="2016-08-06T03:58:51Z" user="pablopareja" uid="211657" lat="-34.4827758" lon="-58.4819330"/>
 <node id="4337970066" visible="true" version="2" changeset="146342612" timestamp="2024-01-17T00:00:09Z" user="AgusQui" uid="331218" lat="-34.4853905" lon="-58.4816281"/>
 <node id="4337970067" visible="true" version="1" changeset="41281389" timestamp="2016-08-06T03:58:51Z" user="pablopareja" uid="211657" lat="-34.4861644" lon="-58.4827307"/>
 <node id="4337970068" visible="true" version="1" changeset="41281389" timestamp="2016-08-06T03:58:51Z" user="pablopareja" uid="211657" lat="-34.4861654" lon="-58.4826504"/>
 <node id="4337970069" visible="true" version="1" changeset="41281389" timestamp="2016-08-06T03:58:51Z" user="pablopareja" uid="211657" lat="-34.4861930" lon="-58.4827118"/>
 <node id="4337970070" visible="true" version="1" changeset="41281389" timestamp="2016-08-06T03:58:51Z" user="pablopareja" uid="211657" lat="-34.4862340" lon="-58.4828858"/>
 <node id="4337970071" visible="true" version="1" changeset="41281389" timestamp="2016-08-06T03:58:51Z" user="pablopareja" uid="211657" lat="-34.4862377" lon="-58.4825329"/>
 <node id="4337970072" visible="true" version="1" changeset="41281389" timestamp="2016-08-06T03:58:51Z" user="pablopareja" uid="211657" lat="-34.4862415" lon="-58.4825765"/>
 <node id="4337970073" visible="true" version="1" changeset="41281389" timestamp="2016-08-06T03:58:51Z" user="pablopareja" uid="211657" lat="-34.4862472" lon="-58.4825964"/>
 <node id="4337970074" visible="true" version="1" changeset="41281389" timestamp="2016-08-06T03:58:51Z" user="pablopareja" uid="211657" lat="-34.4862475" lon="-58.4824914"/>
 <node id="4337970075" visible="true" version="1" changeset="41281389" timestamp="2016-08-06T03:58:51Z" user="pablopareja" uid="211657" lat="-34.4862625" lon="-58.4828670"/>
 <node id="4337970076" visible="true" version="1" changeset="41281389" timestamp="2016-08-06T03:58:51Z" user="pablopareja" uid="211657" lat="-34.4862694" lon="-58.4824574"/>
 <node id="4337970077" visible="true" version="1" changeset="41281389" timestamp="2016-08-06T03:58:51Z" user="pablopareja" uid="211657" lat="-34.4862881" lon="-58.4829240"/>
 <node id="4337970078" visible="true" version="1" changeset="41281389" timestamp="2016-08-06T03:58:51Z" user="pablopareja" uid="211657" lat="-34.4863001" lon="-58.4824357"/>
 <node id="4337970079" visible="true" version="1" changeset="41281389" timestamp="2016-08-06T03:58:51Z" user="pablopareja" uid="211657" lat="-34.4863353" lon="-58.4824295"/>
 <node id="4337970080" visible="true" version="1" changeset="41281389" timestamp="2016-08-06T03:58:51Z" user="pablopareja" uid="211657" lat="-34.4863699" lon="-58.4824397"/>
 <node id="4337970081" visible="true" version="1" changeset="41281389" timestamp="2016-08-06T03:58:51Z" user="pablopareja" uid="211657" lat="-34.4864002" lon="-58.4824667"/>
 <node id="4337970082" visible="true" version="1" changeset="41281389" timestamp="2016-08-06T03:58:51Z" user="pablopareja" uid="211657" lat="-34.4864094" lon="-58.4824405"/>
 <node id="4337970083" visible="true" version="1" changeset="41281389" timestamp="2016-08-06T03:58:51Z" user="pablopareja" uid="211657" lat="-34.4864290" lon="-58.4824277"/>
 <node id="4337970084" visible="true" version="1" changeset="41281389" timestamp="2016-08-06T03:58:51Z" user="pablopareja" uid="211657" lat="-34.4864486" lon="-58.4824332"/>
 <node id="4337970085" visible="true" version="1" changeset="41281389" timestamp="2016-08-06T03:58:51Z" user="pablopareja" uid="211657" lat="-34.4864587" lon="-58.4825509"/>
 <node id="4337970086" visible="true" version="1" changeset="41281389" timestamp="2016-08-06T03:58:51Z" user="pablopareja" uid="211657" lat="-34.4864622" lon="-58.4824734"/>
 <node id="4337970087" visible="true" version="1" changeset="41281389" timestamp="2016-08-06T03:58:51Z" user="pablopareja" uid="211657" lat="-34.4864833" lon="-58.4824734"/>
 <node id="4337970088" visible="true" version="1" changeset="41281389" timestamp="2016-08-06T03:58:51Z" user="pablopareja" uid="211657" lat="-34.4865488" lon="-58.4827517"/>
 <node id="4337970189" visible="true" version="1" changeset="41281389" timestamp="2016-08-06T03:58:52Z" user="pablopareja" uid="211657" lat="-34.4865527" lon="-58.4815842"/>
 <node id="4337970190" visible="true" version="1" changeset="41281389" timestamp="2016-08-06T03:58:52Z" user="pablopareja" uid="211657" lat="-34.4868835" lon="-58.4844340"/>
 <node id="4337970191" visible="true" version="1" changeset="41281389" timestamp="2016-08-06T03:58:52Z" user="pablopareja" uid="211657" lat="-34.4868971" lon="-58.4843663"/>
 <node id="4337970192" visible="true" version="1" changeset="41281389" timestamp="2016-08-06T03:58:52Z" user="pablopareja" uid="211657" lat="-34.4869001" lon="-58.4844779"/>
 <node id="4337970193" visible="true" version="1" changeset="41281389" timestamp="2016-08-06T03:58:52Z" user="pablopareja" uid="211657" lat="-34.4869242" lon="-58.4844852"/>
 <node id="4337970194" visible="true" version="1" changeset="41281389" timestamp="2016-08-06T03:58:52Z" user="pablopareja" uid="211657" lat="-34.4869267" lon="-58.4853496"/>
 <node id="4337970195" visible="true" version="1" changeset="41281389" timestamp="2016-08-06T03:58:52Z" user="pablopareja" uid="211657" lat="-34.4869483" lon="-58.4842986"/>
 <node id="4337970196" visible="true" version="1" changeset="41281389" timestamp="2016-08-06T03:58:52Z" user="pablopareja" uid="211657" lat="-34.4869680" lon="-58.4845016"/>
 <node id="4337970197" visible="true" version="1" changeset="41281389" timestamp="2016-08-06T03:58:52Z" user="pablopareja" uid="211657" lat="-34.4869901" lon="-58.4847602"/>
 <node id="4337970198" visible="true" version="1" changeset="41281389" timestamp="2016-08-06T03:58:52Z" user="pablopareja" uid="211657" lat="-34.4869996" lon="-58.4842437"/>
 <node id="4337970199" visible="true" version="1" changeset="41281389" timestamp="2016-08-06T03:58:52Z" user="pablopareja" uid="211657" lat="-34.4870188" lon="-58.4848357"/>
 <node id="4337970200" visible="true" version="1" changeset="41281389" timestamp="2016-08-06T03:58:52Z" user="pablopareja" uid="211657" lat="-34.4870207" lon="-58.4844925"/>
 <node id="4337970201" visible="true" version="1" changeset="41281389" timestamp="2016-08-06T03:58:52Z" user="pablopareja" uid="211657" lat="-34.4870428" lon="-58.4846819"/>
 <node id="4337970202" visible="true" version="1" changeset="41281389" timestamp="2016-08-06T03:58:52Z" user="pablopareja" uid="211657" lat="-34.4870581" lon="-58.4847222"/>
 <node id="4337970203" visible="true" version="1" changeset="41281389" timestamp="2016-08-06T03:58:52Z" user="pablopareja" uid="211657" lat="-34.4870826" lon="-58.4842290"/>
 <node id="4337970204" visible="true" version="1" changeset="41281389" timestamp="2016-08-06T03:58:52Z" user="pablopareja" uid="211657" lat="-34.4870985" lon="-58.4847911"/>
 <node id="4337970205" visible="true" version="1" changeset="41281389" timestamp="2016-08-06T03:58:52Z" user="pablopareja" uid="211657" lat="-34.4871130" lon="-58.4846427"/>
 <node id="4337970206" visible="true" version="1" changeset="41281389" timestamp="2016-08-06T03:58:52Z" user="pablopareja" uid="211657" lat="-34.4871147" lon="-58.4848335"/>
 <node id="4337970207" visible="true" version="1" changeset="41281389" timestamp="2016-08-06T03:58:52Z" user="pablopareja" uid="211657" lat="-34.4871248" lon="-58.4844340"/>
 <node id="4337970208" visible="true" version="1" changeset="41281389" timestamp="2016-08-06T03:58:52Z" user="pablopareja" uid="211657" lat="-34.4871260" lon="-58.4846770"/>
 <node id="4337970209" visible="true" version="1" changeset="41281389" timestamp="2016-08-06T03:58:52Z" user="pablopareja" uid="211657" lat="-34.4871308" lon="-58.4842546"/>
 <node id="4337970210" visible="true" version="1" changeset="41281389" timestamp="2016-08-06T03:58:52Z" user="pablopareja" uid="211657" lat="-34.4871459" lon="-58.4843699"/>
 <node id="4337970211" visible="true" version="1" changeset="41281389" timestamp="2016-08-06T03:58:52Z" user="pablopareja" uid="211657" lat="-34.4871565" lon="-58.4842876"/>
 <node id="4337970212" visible="true" version="1" changeset="41281389" timestamp="2016-08-06T03:58:52Z" user="pablopareja" uid="211657" lat="-34.4871568" lon="-58.4847567"/>
 <node id="4337970213" visible="true" version="1" changeset="41281389" timestamp="2016-08-06T03:58:52Z" user="pablopareja" uid="211657" lat="-34.4871734" lon="-58.4848006"/>
 <node id="4337970214" visible="true" version="1" changeset="41281389" timestamp="2016-08-06T03:58:52Z" user="pablopareja" uid="211657" lat="-34.4872023" lon="-58.4846344"/>
 <node id="4337970215" visible="true" version="1" changeset="41281389" timestamp="2016-08-06T03:58:52Z" user="pablopareja" uid="211657" lat="-34.4872326" lon="-58.4847143"/>
 <node id="4337970216" visible="true" version="1" changeset="41281389" timestamp="2016-08-06T03:58:52Z" user="pablopareja" uid="211657" lat="-34.4873182" lon="-58.4847184"/>
 <node id="4337970217" visible="true" version="1" changeset="41281389" timestamp="2016-08-06T03:58:52Z" user="pablopareja" uid="211657" lat="-34.4874206" lon="-58.4850535"/>
 <node id="4337970218" visible="true" version="1" changeset="41281389" timestamp="2016-08-06T03:58:52Z" user="pablopareja" uid="211657" lat="-34.4874447" lon="-58.4846615"/>
 <node id="4337970219" visible="true" version="1" changeset="41281389" timestamp="2016-08-06T03:58:52Z" user="pablopareja" uid="211657" lat="-34.4875471" lon="-58.4849966"/>
 <node id="4337970220" visible="true" version="1" changeset="41281389" timestamp="2016-08-06T03:58:52Z" user="pablopareja" uid="211657" lat="-34.4876144" lon="-58.4850459"/>
 <node id="4356702157" visible="true" version="1" changeset="41546165" timestamp="2016-08-18T23:20:05Z" user="pablopareja" uid="211657" lat="-34.4774290" lon="-58.4878082">
  <tag k="addr:housenumber" v="1401"/>
  <tag k="addr:street" v="Juan de Garay"/>
 </node>
 <node id="4356702163" visible="true" version="1" changeset="41546165" timestamp="2016-08-18T23:20:06Z" user="pablopareja" uid="211657" lat="-34.4773499" lon="-58.4876063">
  <tag k="addr:housenumber" v="1402"/>
  <tag k="addr:street" v="Juan de Garay"/>
 </node>
 <node id="4356702173" visible="true" version="1" changeset="41546165" timestamp="2016-08-18T23:20:06Z" user="pablopareja" uid="211657" lat="-34.4779510" lon="-58.4874449">
  <tag k="addr:housenumber" v="1499"/>
  <tag k="addr:street" v="Juan de Garay"/>
 </node>
 <node id="4356702179" visible="true" version="1" changeset="41546165" timestamp="2016-08-18T23:20:06Z" user="pablopareja" uid="211657" lat="-34.4778761" lon="-58.4872506">
  <tag k="addr:housenumber" v="1500"/>
  <tag k="addr:street" v="Juan de Garay"/>
 </node>
 <node id="4356702183" visible="true" version="1" changeset="41546165" timestamp="2016-08-18T23:20:06Z" user="pablopareja" uid="211657" lat="-34.4780758" lon="-58.4873414">
  <tag k="addr:housenumber" v="1501"/>
  <tag k="addr:street" v="Juan de Garay"/>
 </node>
 <node id="4356702186" visible="true" version="1" changeset="41546165" timestamp="2016-08-18T23:20:06Z" user="pablopareja" uid="211657" lat="-34.4779988" lon="-58.4871522">
  <tag k="addr:housenumber" v="1502"/>
  <tag k="addr:street" v="Juan de Garay"/>
 </node>
 <node id="4356702189" visible="true" version="1" changeset="41546165" timestamp="2016-08-18T23:20:07Z" user="pablopareja" uid="211657" lat="-34.4786332" lon="-58.4869327">
  <tag k="addr:housenumber" v="1599"/>
  <tag k="addr:street" v="Juan de Garay"/>
 </node>
 <node id="4356702192" visible="true" version="1" changeset="41546165" timestamp="2016-08-18T23:20:07Z" user="pablopareja" uid="211657" lat="-34.4785437" lon="-58.4867611">
  <tag k="addr:housenumber" v="1600"/>
  <tag k="addr:street" v="Juan de Garay"/>
 </node>
 <node id="4356720587" visible="true" version="1" changeset="41546583" timestamp="2016-08-19T00:22:50Z" user="pablopareja" uid="211657" lat="-34.4810369" lon="-58.4884737">
  <tag k="addr:housenumber" v="1301"/>
  <tag k="addr:street" v="Aristóbulo del Valle"/>
 </node>
 <node id="4356720592" visible="true" version="1" changeset="41546583" timestamp="2016-08-19T00:22:50Z" user="pablopareja" uid="211657" lat="-34.4816173" lon="-58.4880261">
  <tag k="addr:housenumber" v="1301"/>
  <tag k="addr:street" v="Sarmiento"/>
 </node>
 <node id="4356720593" visible="true" version="1" changeset="41546583" timestamp="2016-08-19T00:22:50Z" user="pablopareja" uid="211657" lat="-34.4808601" lon="-58.4886259">
  <tag k="addr:housenumber" v="1302"/>
  <tag k="addr:street" v="Aristóbulo del Valle"/>
 </node>
 <node id="4356720598" visible="true" version="1" changeset="41546583" timestamp="2016-08-19T00:22:51Z" user="pablopareja" uid="211657" lat="-34.4814552" lon="-58.4881570">
  <tag k="addr:housenumber" v="1302"/>
  <tag k="addr:street" v="Sarmiento"/>
 </node>
 <node id="4356720599" visible="true" version="1" changeset="41546583" timestamp="2016-08-19T00:22:51Z" user="pablopareja" uid="211657" lat="-34.4804177" lon="-58.4871925">
  <tag k="addr:housenumber" v="1399"/>
  <tag k="addr:street" v="Aristóbulo del Valle"/>
 </node>
 <node id="4356720604" visible="true" version="1" changeset="41546583" timestamp="2016-08-19T00:22:51Z" user="pablopareja" uid="211657" lat="-34.4809981" lon="-58.4867450">
  <tag k="addr:housenumber" v="1399"/>
  <tag k="addr:street" v="Sarmiento"/>
 </node>
 <node id="4356720605" visible="true" version="1" changeset="41546583" timestamp="2016-08-19T00:22:51Z" user="pablopareja" uid="211657" lat="-34.4802095" lon="-58.4873257">
  <tag k="addr:housenumber" v="1400"/>
  <tag k="addr:street" v="Aristóbulo del Valle"/>
 </node>
 <node id="4356720610" visible="true" version="1" changeset="41546583" timestamp="2016-08-19T00:22:51Z" user="pablopareja" uid="211657" lat="-34.4808311" lon="-58.4868639">
  <tag k="addr:housenumber" v="1400"/>
  <tag k="addr:street" v="Sarmiento"/>
 </node>
 <node id="4356720612" visible="true" version="2" changeset="75634596" timestamp="2019-10-13T20:51:43Z" user="alpertron" uid="466854" lat="-34.4785190" lon="-58.4881904">
  <tag k="addr:housenumber" v="1401"/>
  <tag k="addr:street" v="Domingo S. Repetto"/>
 </node>
 <node id="4356720613" visible="true" version="1" changeset="41546583" timestamp="2016-08-19T00:22:51Z" user="pablopareja" uid="211657" lat="-34.4772467" lon="-58.4869454">
  <tag k="addr:housenumber" v="1401"/>
  <tag k="addr:street" v="Perdriel"/>
 </node>
 <node id="4356720615" visible="true" version="1" changeset="41546583" timestamp="2016-08-19T00:22:51Z" user="pablopareja" uid="211657" lat="-34.4808992" lon="-58.4865509">
  <tag k="addr:housenumber" v="1401"/>
  <tag k="addr:street" v="Sarmiento"/>
 </node>
 <node id="4356720618" visible="true" version="1" changeset="41546583" timestamp="2016-08-19T00:22:51Z" user="pablopareja" uid="211657" lat="-34.4771794" lon="-58.4867364">
  <tag k="addr:housenumber" v="1402"/>
  <tag k="addr:street" v="Perdriel"/>
 </node>
 <node id="4356720620" visible="true" version="1" changeset="41546583" timestamp="2016-08-19T00:22:51Z" user="pablopareja" uid="211657" lat="-34.4807037" lon="-58.4865963">
  <tag k="addr:housenumber" v="1402"/>
  <tag k="addr:street" v="Sarmiento"/>
 </node>
 <node id="4356720622" visible="true" version="2" changeset="75634596" timestamp="2019-10-13T20:51:43Z" user="alpertron" uid="466854" lat="-34.4781451" lon="-58.4874104">
  <tag k="addr:housenumber" v="1499"/>
  <tag k="addr:street" v="Domingo S. Repetto"/>
 </node>
 <node id="4356720623" visible="true" version="1" changeset="41546583" timestamp="2016-08-19T00:22:51Z" user="pablopareja" uid="211657" lat="-34.4775275" lon="-58.4867391">
  <tag k="addr:housenumber" v="1499"/>
  <tag k="addr:street" v="Perdriel"/>
 </node>
 <node id="4356720625" visible="true" version="1" changeset="41546583" timestamp="2016-08-19T00:22:51Z" user="pablopareja" uid="211657" lat="-34.4804375" lon="-58.4856073">
  <tag k="addr:housenumber" v="1499"/>
  <tag k="addr:street" v="Sarmiento"/>
 </node>
 <node id="4356720628" visible="true" version="1" changeset="41546583" timestamp="2016-08-19T00:22:52Z" user="pablopareja" uid="211657" lat="-34.4774527" lon="-58.4865448">
  <tag k="addr:housenumber" v="1500"/>
  <tag k="addr:street" v="Perdriel"/>
 </node>
 <node id="4356720630" visible="true" version="1" changeset="41546583" timestamp="2016-08-19T00:22:52Z" user="pablopareja" uid="211657" lat="-34.4803002" lon="-58.4857940">
  <tag k="addr:housenumber" v="1500"/>
  <tag k="addr:street" v="Sarmiento"/>
 </node>
 <node id="4356720632" visible="true" version="2" changeset="75634596" timestamp="2019-10-13T20:51:43Z" user="alpertron" uid="466854" lat="-34.4779608" lon="-58.4870765">
  <tag k="addr:housenumber" v="1501"/>
  <tag k="addr:street" v="Domingo S. Repetto"/>
 </node>
 <node id="4356720633" visible="true" version="1" changeset="41546583" timestamp="2016-08-19T00:22:52Z" user="pablopareja" uid="211657" lat="-34.4777847" lon="-58.4865429">
  <tag k="addr:housenumber" v="1501"/>
  <tag k="addr:street" v="Perdriel"/>
 </node>
 <node id="4356720635" visible="true" version="1" changeset="41546583" timestamp="2016-08-19T00:22:52Z" user="pablopareja" uid="211657" lat="-34.4786102" lon="-58.4881776">
  <tag k="addr:housenumber" v="1502"/>
  <tag k="addr:street" v="Doctor Eduardo Madero"/>
 </node>
 <node id="4356720636" visible="true" version="2" changeset="75634596" timestamp="2019-10-13T20:51:43Z" user="alpertron" uid="466854" lat="-34.4778277" lon="-58.4872178">
  <tag k="addr:housenumber" v="1502"/>
  <tag k="addr:street" v="Domingo S. Repetto"/>
 </node>
 <node id="4356720637" visible="true" version="1" changeset="41546583" timestamp="2016-08-19T00:22:52Z" user="pablopareja" uid="211657" lat="-34.4777107" lon="-58.4863643">
  <tag k="addr:housenumber" v="1502"/>
  <tag k="addr:street" v="Perdriel"/>
 </node>
 <node id="4356720640" visible="true" version="2" changeset="75634596" timestamp="2019-10-13T20:51:43Z" user="alpertron" uid="466854" lat="-34.4777486" lon="-58.4866122">
  <tag k="addr:housenumber" v="1599"/>
  <tag k="addr:street" v="Domingo S. Repetto"/>
 </node>
 <node id="4356720641" visible="true" version="1" changeset="41546583" timestamp="2016-08-19T00:22:52Z" user="pablopareja" uid="211657" lat="-34.4782332" lon="-58.4862233">
  <tag k="addr:housenumber" v="1599"/>
  <tag k="addr:street" v="Perdriel"/>
 </node>
 <node id="4356720643" visible="true" version="2" changeset="75634596" timestamp="2019-10-13T20:51:43Z" user="alpertron" uid="466854" lat="-34.4775947" lon="-58.4867031">
  <tag k="addr:housenumber" v="1600"/>
  <tag k="addr:street" v="Domingo S. Repetto"/>
 </node>
 <node id="4356720644" visible="true" version="1" changeset="41546583" timestamp="2016-08-19T00:22:52Z" user="pablopareja" uid="211657" lat="-34.4781438" lon="-58.4860411">
  <tag k="addr:housenumber" v="1600"/>
  <tag k="addr:street" v="Perdriel"/>
 </node>
 <node id="4356720646" visible="true" version="1" changeset="41546583" timestamp="2016-08-19T00:22:52Z" user="pablopareja" uid="211657" lat="-34.4797912" lon="-58.4876192">
  <tag k="addr:housenumber" v="1601"/>
  <tag k="addr:street" v="Doctor Eduardo Madero"/>
 </node>
 <node id="4356720649" visible="true" version="1" changeset="41546583" timestamp="2016-08-19T00:22:52Z" user="pablopareja" uid="211657" lat="-34.4801529" lon="-58.4873623">
  <tag k="addr:housenumber" v="1699"/>
  <tag k="addr:street" v="Doctor Eduardo Madero"/>
 </node>
 <node id="4356720651" visible="true" version="1" changeset="41546583" timestamp="2016-08-19T00:22:52Z" user="pablopareja" uid="211657" lat="-34.4800588" lon="-58.4871482">
  <tag k="addr:housenumber" v="1700"/>
  <tag k="addr:street" v="Doctor Eduardo Madero"/>
 </node>
 <node id="4356720653" visible="true" version="1" changeset="41546583" timestamp="2016-08-19T00:22:52Z" user="pablopareja" uid="211657" lat="-34.4804744" lon="-58.4871592">
  <tag k="addr:housenumber" v="1701"/>
  <tag k="addr:street" v="Doctor Eduardo Madero"/>
 </node>
 <node id="4356720655" visible="true" version="1" changeset="41546583" timestamp="2016-08-19T00:22:52Z" user="pablopareja" uid="211657" lat="-34.4803595" lon="-58.4869292">
  <tag k="addr:housenumber" v="1702"/>
  <tag k="addr:street" v="Doctor Eduardo Madero"/>
 </node>
 <node id="4356720657" visible="true" version="1" changeset="41546583" timestamp="2016-08-19T00:22:53Z" user="pablopareja" uid="211657" lat="-34.4807914" lon="-58.4869231">
  <tag k="addr:housenumber" v="1799"/>
  <tag k="addr:street" v="Doctor Eduardo Madero"/>
 </node>
 <node id="4356720659" visible="true" version="1" changeset="41546583" timestamp="2016-08-19T00:22:53Z" user="pablopareja" uid="211657" lat="-34.4806912" lon="-58.4866810">
  <tag k="addr:housenumber" v="1800"/>
  <tag k="addr:street" v="Doctor Eduardo Madero"/>
 </node>
 <node id="4359257932" visible="true" version="1" changeset="41581745" timestamp="2016-08-20T19:36:38Z" user="pablopareja" uid="211657" lat="-34.4838184" lon="-58.4888265">
  <tag k="addr:housenumber" v="1101"/>
  <tag k="addr:street" v="General Alvear"/>
 </node>
 <node id="4359257933" visible="true" version="1" changeset="41581745" timestamp="2016-08-20T19:36:38Z" user="pablopareja" uid="211657" lat="-34.4853194" lon="-58.4873037">
  <tag k="addr:housenumber" v="1101"/>
  <tag k="addr:street" v="Juan José Paso"/>
 </node>
 <node id="4359257934" visible="true" version="1" changeset="41581745" timestamp="2016-08-20T19:36:38Z" user="pablopareja" uid="211657" lat="-34.4847054" lon="-58.4879520">
  <tag k="addr:housenumber" v="1101"/>
  <tag k="addr:street" v="Ladislao Martínez"/>
 </node>
 <node id="4359257937" visible="true" version="1" changeset="41581745" timestamp="2016-08-20T19:36:38Z" user="pablopareja" uid="211657" lat="-34.4851750" lon="-58.4874704">
  <tag k="addr:housenumber" v="1102"/>
  <tag k="addr:street" v="Juan José Paso"/>
 </node>
 <node id="4359257938" visible="true" version="1" changeset="41581745" timestamp="2016-08-20T19:36:38Z" user="pablopareja" uid="211657" lat="-34.4845716" lon="-58.4881315">
  <tag k="addr:housenumber" v="1102"/>
  <tag k="addr:street" v="Ladislao Martínez"/>
 </node>
 <node id="4359257940" visible="true" version="2" changeset="75634596" timestamp="2019-10-13T20:51:43Z" user="alpertron" uid="466854" lat="-34.4859996" lon="-58.4866037">
  <tag k="addr:housenumber" v="1201"/>
  <tag k="addr:street" v="Doctor Francisco J. Muñiz"/>
 </node>
 <node id="4359257941" visible="true" version="2" changeset="146342612" timestamp="2024-01-17T00:00:09Z" user="AgusQui" uid="331218" lat="-34.4870138" lon="-58.4855531">
  <tag k="addr:housenumber" v="1201"/>
  <tag k="addr:street" v="General Pacheco"/>
 </node>
 <node id="4359257942" visible="true" version="2" changeset="75634596" timestamp="2019-10-13T20:51:43Z" user="alpertron" uid="466854" lat="-34.4858244" lon="-58.4866527">
  <tag k="addr:housenumber" v="1202"/>
  <tag k="addr:street" v="Doctor Francisco J. Muñiz"/>
 </node>
 <node id="4359257943" visible="true" version="1" changeset="41581745" timestamp="2016-08-20T19:36:38Z" user="pablopareja" uid="211657" lat="-34.4869108" lon="-58.4856437">
  <tag k="addr:housenumber" v="1202"/>
  <tag k="addr:street" v="General Pacheco"/>
 </node>
 <node id="4359257944" visible="true" version="2" changeset="75634596" timestamp="2019-10-13T20:51:43Z" user="alpertron" uid="466854" lat="-34.4854168" lon="-58.4852107">
  <tag k="addr:housenumber" v="1299"/>
  <tag k="addr:street" v="Doctor Francisco J. Muñiz"/>
 </node>
 <node id="4359257945" visible="true" version="1" changeset="41581745" timestamp="2016-08-20T19:36:38Z" user="pablopareja" uid="211657" lat="-34.4831597" lon="-58.4874505">
  <tag k="addr:housenumber" v="1299"/>
  <tag k="addr:street" v="General Alvear"/>
 </node>
 <node id="4359257946" visible="true" version="1" changeset="41581745" timestamp="2016-08-20T19:36:38Z" user="pablopareja" uid="211657" lat="-34.4839974" lon="-58.4863752">
  <tag k="addr:housenumber" v="1299"/>
  <tag k="addr:street" v="Ladislao Martínez"/>
 </node>
 <node id="4359257949" visible="true" version="1" changeset="41581745" timestamp="2016-08-20T19:36:38Z" user="pablopareja" uid="211657" lat="-34.4864705" lon="-58.4846309">
  <tag k="addr:housenumber" v="1300"/>
  <tag k="addr:street" v="General Pacheco"/>
 </node>
 <node id="4359257950" visible="true" version="1" changeset="41581745" timestamp="2016-08-20T19:36:39Z" user="pablopareja" uid="211657" lat="-34.4845586" lon="-58.4860260">
  <tag k="addr:housenumber" v="1300"/>
  <tag k="addr:street" v="Juan José Paso"/>
 </node>
 <node id="4359257951" visible="true" version="1" changeset="41581745" timestamp="2016-08-20T19:36:39Z" user="pablopareja" uid="211657" lat="-34.4838559" lon="-58.4865747">
  <tag k="addr:housenumber" v="1300"/>
  <tag k="addr:street" v="Ladislao Martínez"/>
 </node>
 <node id="4359257953" visible="true" version="2" changeset="75634596" timestamp="2019-10-13T20:51:43Z" user="alpertron" uid="466854" lat="-34.4853277" lon="-58.4849477">
  <tag k="addr:housenumber" v="1301"/>
  <tag k="addr:street" v="Doctor Francisco J. Muñiz"/>
 </node>
 <node id="4359257954" visible="true" version="1" changeset="41581745" timestamp="2016-08-20T19:36:39Z" user="pablopareja" uid="211657" lat="-34.4829625" lon="-58.4870659">
  <tag k="addr:housenumber" v="1301"/>
  <tag k="addr:street" v="General Alvear"/>
 </node>
 <node id="4359257955" visible="true" version="1" changeset="41581745" timestamp="2016-08-20T19:36:39Z" user="pablopareja" uid="211657" lat="-34.4838847" lon="-58.4861273">
  <tag k="addr:housenumber" v="1301"/>
  <tag k="addr:street" v="Ladislao Martínez"/>
 </node>
 <node id="4359257956" visible="true" version="1" changeset="41581745" timestamp="2016-08-20T19:36:39Z" user="pablopareja" uid="211657" lat="-34.4823194" lon="-58.4875297">
  <tag k="addr:housenumber" v="1301"/>
  <tag k="addr:street" v="Vicente Fidel López"/>
 </node>
 <node id="4359257957" visible="true" version="1" changeset="41581745" timestamp="2016-08-20T19:36:39Z" user="pablopareja" uid="211657" lat="-34.4828216" lon="-58.4871471">
  <tag k="addr:housenumber" v="1302"/>
  <tag k="addr:street" v="General Alvear"/>
 </node>
 <node id="4359257958" visible="true" version="1" changeset="41581745" timestamp="2016-08-20T19:36:39Z" user="pablopareja" uid="211657" lat="-34.4863367" lon="-58.4843190">
  <tag k="addr:housenumber" v="1302"/>
  <tag k="addr:street" v="General Pacheco"/>
 </node>
 <node id="4359257959" visible="true" version="1" changeset="41581745" timestamp="2016-08-20T19:36:39Z" user="pablopareja" uid="211657" lat="-34.4844036" lon="-58.4856371">
  <tag k="addr:housenumber" v="1302"/>
  <tag k="addr:street" v="Juan José Paso"/>
 </node>
 <node id="4359257960" visible="true" version="1" changeset="41581745" timestamp="2016-08-20T19:36:39Z" user="pablopareja" uid="211657" lat="-34.4837051" lon="-58.4863068">
  <tag k="addr:housenumber" v="1302"/>
  <tag k="addr:street" v="Ladislao Martínez"/>
 </node>
 <node id="4359257961" visible="true" version="1" changeset="41581745" timestamp="2016-08-20T19:36:39Z" user="pablopareja" uid="211657" lat="-34.4821700" lon="-58.4876264">
  <tag k="addr:housenumber" v="1302"/>
  <tag k="addr:street" v="Vicente Fidel López"/>
 </node>
 <node id="4359257962" visible="true" version="2" changeset="75634596" timestamp="2019-10-13T20:51:43Z" user="alpertron" uid="466854" lat="-34.4849896" lon="-58.4841572">
  <tag k="addr:housenumber" v="1399"/>
  <tag k="addr:street" v="Doctor Francisco J. Muñiz"/>
 </node>
 <node id="4359257963" visible="true" version="1" changeset="41581745" timestamp="2016-08-20T19:36:39Z" user="pablopareja" uid="211657" lat="-34.4823742" lon="-58.4858181">
  <tag k="addr:housenumber" v="1399"/>
  <tag k="addr:street" v="General Alvear"/>
 </node>
 <node id="4359257964" visible="true" version="1" changeset="41581745" timestamp="2016-08-20T19:36:39Z" user="pablopareja" uid="211657" lat="-34.4840091" lon="-58.4842441">
  <tag k="addr:housenumber" v="1399"/>
  <tag k="addr:street" v="Juan José Paso"/>
 </node>
 <node id="4359257965" visible="true" version="1" changeset="41581745" timestamp="2016-08-20T19:36:39Z" user="pablopareja" uid="211657" lat="-34.4834515" lon="-58.4852214">
  <tag k="addr:housenumber" v="1399"/>
  <tag k="addr:street" v="Ladislao Martínez"/>
 </node>
 <node id="4359257966" visible="true" version="1" changeset="41581745" timestamp="2016-08-20T19:36:39Z" user="pablopareja" uid="211657" lat="-34.4819159" lon="-58.4867108">
  <tag k="addr:housenumber" v="1399"/>
  <tag k="addr:street" v="Vicente Fidel López"/>
 </node>
 <node id="4359257967" visible="true" version="1" changeset="41581745" timestamp="2016-08-20T19:36:39Z" user="pablopareja" uid="211657" lat="-34.4822228" lon="-58.4859164">
  <tag k="addr:housenumber" v="1400"/>
  <tag k="addr:street" v="General Alvear"/>
 </node>
 <node id="4359257968" visible="true" version="1" changeset="41581745" timestamp="2016-08-20T19:36:39Z" user="pablopareja" uid="211657" lat="-34.4838647" lon="-58.4843552">
  <tag k="addr:housenumber" v="1400"/>
  <tag k="addr:street" v="Juan José Paso"/>
 </node>
 <node id="4359257969" visible="true" version="1" changeset="41581745" timestamp="2016-08-20T19:36:39Z" user="pablopareja" uid="211657" lat="-34.4833035" lon="-58.4854180">
  <tag k="addr:housenumber" v="1400"/>
  <tag k="addr:street" v="Ladislao Martínez"/>
 </node>
 <node id="4359257970" visible="true" version="1" changeset="41581745" timestamp="2016-08-20T19:36:39Z" user="pablopareja" uid="211657" lat="-34.4817889" lon="-58.4867924">
  <tag k="addr:housenumber" v="1400"/>
  <tag k="addr:street" v="Vicente Fidel López"/>
 </node>
 <node id="4359257971" visible="true" version="2" changeset="75634596" timestamp="2019-10-13T20:51:43Z" user="alpertron" uid="466854" lat="-34.4848980" lon="-58.4839307">
  <tag k="addr:housenumber" v="1401"/>
  <tag k="addr:street" v="Doctor Francisco J. Muñiz"/>
 </node>
 <node id="4359257972" visible="true" version="1" changeset="41581745" timestamp="2016-08-20T19:36:39Z" user="pablopareja" uid="211657" lat="-34.4822229" lon="-58.4855127">
  <tag k="addr:housenumber" v="1401"/>
  <tag k="addr:street" v="General Alvear"/>
 </node>
 <node id="4359257973" visible="true" version="1" changeset="41581745" timestamp="2016-08-20T19:36:39Z" user="pablopareja" uid="211657" lat="-34.4832772" lon="-58.4849007">
  <tag k="addr:housenumber" v="1401"/>
  <tag k="addr:street" v="Ladislao Martínez"/>
 </node>
 <node id="4359257974" visible="true" version="1" changeset="41581745" timestamp="2016-08-20T19:36:39Z" user="pablopareja" uid="211657" lat="-34.4820468" lon="-58.4856153">
  <tag k="addr:housenumber" v="1402"/>
  <tag k="addr:street" v="General Alvear"/>
 </node>
 <node id="4359257975" visible="true" version="1" changeset="41581745" timestamp="2016-08-20T19:36:39Z" user="pablopareja" uid="211657" lat="-34.4831117" lon="-58.4849776">
  <tag k="addr:housenumber" v="1402"/>
  <tag k="addr:street" v="Ladislao Martínez"/>
 </node>
 <node id="4359257976" visible="true" version="2" changeset="75634596" timestamp="2019-10-13T20:51:43Z" user="alpertron" uid="466854" lat="-34.4846514" lon="-58.4833880">
  <tag k="addr:housenumber" v="1499"/>
  <tag k="addr:street" v="Doctor Francisco J. Muñiz"/>
 </node>
 <node id="4359257977" visible="true" version="2" changeset="146342612" timestamp="2024-01-17T00:00:09Z" user="AgusQui" uid="331218" lat="-34.4853678" lon="-58.4816665">
  <tag k="addr:housenumber" v="1499"/>
  <tag k="addr:street" v="General Pacheco"/>
 </node>
 <node id="4359257978" visible="true" version="1" changeset="41581745" timestamp="2016-08-20T19:36:39Z" user="pablopareja" uid="211657" lat="-34.4829426" lon="-58.4841913">
  <tag k="addr:housenumber" v="1499"/>
  <tag k="addr:street" v="Ladislao Martínez"/>
 </node>
 <node id="4359257979" visible="true" version="2" changeset="75634596" timestamp="2019-10-13T20:51:43Z" user="alpertron" uid="466854" lat="-34.4845000" lon="-58.4835675">
  <tag k="addr:housenumber" v="1500"/>
  <tag k="addr:street" v="Doctor Francisco J. Muñiz"/>
 </node>
 <node id="4359257980" visible="true" version="1" changeset="41581745" timestamp="2016-08-20T19:36:40Z" user="pablopareja" uid="211657" lat="-34.4852589" lon="-58.4817294">
  <tag k="addr:housenumber" v="1500"/>
  <tag k="addr:street" v="General Pacheco"/>
 </node>
 <node id="4359257981" visible="true" version="1" changeset="41581745" timestamp="2016-08-20T19:36:40Z" user="pablopareja" uid="211657" lat="-34.4827982" lon="-58.4842853">
  <tag k="addr:housenumber" v="1500"/>
  <tag k="addr:street" v="Ladislao Martínez"/>
 </node>
 <node id="4359257982" visible="true" version="1" changeset="41581745" timestamp="2016-08-20T19:36:40Z" user="pablopareja" uid="211657" lat="-34.4810711" lon="-58.4831325">
  <tag k="addr:housenumber" v="1599"/>
  <tag k="addr:street" v="General Alvear"/>
 </node>
 <node id="4359257983" visible="true" version="1" changeset="41581745" timestamp="2016-08-20T19:36:40Z" user="pablopareja" uid="211657" lat="-34.4808738" lon="-58.4832223">
  <tag k="addr:housenumber" v="1600"/>
  <tag k="addr:street" v="General Alvear"/>
 </node>
 <node id="4359257988" visible="true" version="1" changeset="41581745" timestamp="2016-08-20T19:36:40Z" user="pablopareja" uid="211657" lat="-34.4824656" lon="-58.4878031">
  <tag k="addr:housenumber" v="1901"/>
  <tag k="addr:street" v="Presidente Quintana"/>
 </node>
 <node id="4359260989" visible="true" version="1" changeset="41581745" timestamp="2016-08-20T19:36:40Z" user="pablopareja" uid="211657" lat="-34.4823560" lon="-58.4875644">
  <tag k="addr:housenumber" v="1902"/>
  <tag k="addr:street" v="Presidente Quintana"/>
 </node>
 <node id="4359260990" visible="true" version="1" changeset="41581745" timestamp="2016-08-20T19:36:40Z" user="pablopareja" uid="211657" lat="-34.4829712" lon="-58.4874647">
  <tag k="addr:housenumber" v="1999"/>
  <tag k="addr:street" v="Presidente Quintana"/>
 </node>
 <node id="4359260991" visible="true" version="1" changeset="41581745" timestamp="2016-08-20T19:36:40Z" user="pablopareja" uid="211657" lat="-34.4828616" lon="-58.4872260">
  <tag k="addr:housenumber" v="2000"/>
  <tag k="addr:street" v="Presidente Quintana"/>
 </node>
 <node id="4359260992" visible="true" version="1" changeset="41581745" timestamp="2016-08-20T19:36:40Z" user="pablopareja" uid="211657" lat="-34.4824378" lon="-58.4857520">
  <tag k="addr:housenumber" v="2001"/>
  <tag k="addr:street" v="Doctor Eduardo Madero"/>
 </node>
 <node id="4359260993" visible="true" version="1" changeset="41581745" timestamp="2016-08-20T19:36:40Z" user="pablopareja" uid="211657" lat="-34.4831644" lon="-58.4873190">
  <tag k="addr:housenumber" v="2001"/>
  <tag k="addr:street" v="Presidente Quintana"/>
 </node>
 <node id="4359260994" visible="true" version="1" changeset="41581745" timestamp="2016-08-20T19:36:40Z" user="pablopareja" uid="211657" lat="-34.4823286" lon="-58.4855341">
  <tag k="addr:housenumber" v="2002"/>
  <tag k="addr:street" v="Doctor Eduardo Madero"/>
 </node>
 <node id="4359260995" visible="true" version="1" changeset="41581745" timestamp="2016-08-20T19:36:40Z" user="pablopareja" uid="211657" lat="-34.4830587" lon="-58.4870669">
  <tag k="addr:housenumber" v="2002"/>
  <tag k="addr:street" v="Presidente Quintana"/>
 </node>
 <node id="4359260996" visible="true" version="1" changeset="41581745" timestamp="2016-08-20T19:36:40Z" user="pablopareja" uid="211657" lat="-34.4831845" lon="-58.4852649">
  <tag k="addr:housenumber" v="2099"/>
  <tag k="addr:street" v="Doctor Eduardo Madero"/>
 </node>
 <node id="4359260997" visible="true" version="1" changeset="41581745" timestamp="2016-08-20T19:36:40Z" user="pablopareja" uid="211657" lat="-34.4837949" lon="-58.4866139">
  <tag k="addr:housenumber" v="2099"/>
  <tag k="addr:street" v="Presidente Quintana"/>
 </node>
 <node id="4359260998" visible="true" version="1" changeset="41581745" timestamp="2016-08-20T19:36:40Z" user="pablopareja" uid="211657" lat="-34.4831141" lon="-58.4850555">
  <tag k="addr:housenumber" v="2100"/>
  <tag k="addr:street" v="Doctor Eduardo Madero"/>
 </node>
 <node id="4359260999" visible="true" version="1" changeset="41581745" timestamp="2016-08-20T19:36:40Z" user="pablopareja" uid="211657" lat="-34.4836469" lon="-58.4863362">
  <tag k="addr:housenumber" v="2100"/>
  <tag k="addr:street" v="Presidente Quintana"/>
 </node>
 <node id="4359261000" visible="true" version="1" changeset="41581745" timestamp="2016-08-20T19:36:40Z" user="pablopareja" uid="211657" lat="-34.4840590" lon="-58.4862849">
  <tag k="addr:housenumber" v="2101"/>
  <tag k="addr:street" v="Presidente Quintana"/>
 </node>
 <node id="4359261001" visible="true" version="1" changeset="41581745" timestamp="2016-08-20T19:36:40Z" user="pablopareja" uid="211657" lat="-34.4839252" lon="-58.4860627">
  <tag k="addr:housenumber" v="2102"/>
  <tag k="addr:street" v="Presidente Quintana"/>
 </node>
 <node id="4359261002" visible="true" version="1" changeset="41581745" timestamp="2016-08-20T19:36:40Z" user="pablopareja" uid="211657" lat="-34.4845240" lon="-58.4859473">
  <tag k="addr:housenumber" v="2199"/>
  <tag k="addr:street" v="Presidente Quintana"/>
 </node>
 <node id="4359261003" visible="true" version="1" changeset="41581745" timestamp="2016-08-20T19:36:40Z" user="pablopareja" uid="211657" lat="-34.4844465" lon="-58.4857080">
  <tag k="addr:housenumber" v="2200"/>
  <tag k="addr:street" v="Presidente Quintana"/>
 </node>
 <node id="4359261004" visible="true" version="1" changeset="41581745" timestamp="2016-08-20T19:36:40Z" user="pablopareja" uid="211657" lat="-34.4841390" lon="-58.4837616">
  <tag k="addr:housenumber" v="2201"/>
  <tag k="addr:street" v="Juan de Garay"/>
 </node>
 <node id="4359261005" visible="true" version="1" changeset="41581745" timestamp="2016-08-20T19:36:40Z" user="pablopareja" uid="211657" lat="-34.4840677" lon="-58.4835546">
  <tag k="addr:housenumber" v="2202"/>
  <tag k="addr:street" v="Juan de Garay"/>
 </node>
 <node id="4359261006" visible="true" version="1" changeset="41581745" timestamp="2016-08-20T19:36:40Z" user="pablopareja" uid="211657" lat="-34.4844497" lon="-58.4835731">
  <tag k="addr:housenumber" v="2299"/>
  <tag k="addr:street" v="Juan de Garay"/>
 </node>
 <node id="4359261007" visible="true" version="1" changeset="41581745" timestamp="2016-08-20T19:36:40Z" user="pablopareja" uid="211657" lat="-34.4850354" lon="-58.4841144">
  <tag k="addr:housenumber" v="2301"/>
  <tag k="addr:street" v="Eduardo Madero"/>
 </node>
 <node id="4359261008" visible="true" version="1" changeset="41581745" timestamp="2016-08-20T19:36:40Z" user="pablopareja" uid="211657" lat="-34.4846407" lon="-58.4832920">
  <tag k="addr:housenumber" v="2301"/>
  <tag k="addr:street" v="Juan de Garay"/>
 </node>
 <node id="4359261009" visible="true" version="1" changeset="41581745" timestamp="2016-08-20T19:36:40Z" user="pablopareja" uid="211657" lat="-34.4854790" lon="-58.4851533">
  <tag k="addr:housenumber" v="2301"/>
  <tag k="addr:street" v="Presidente Quintana"/>
 </node>
 <node id="4359261010" visible="true" version="1" changeset="41581745" timestamp="2016-08-20T19:36:41Z" user="pablopareja" uid="211657" lat="-34.4849614" lon="-58.4839050">
  <tag k="addr:housenumber" v="2302"/>
  <tag k="addr:street" v="Eduardo Madero"/>
 </node>
 <node id="4359261011" visible="true" version="1" changeset="41581745" timestamp="2016-08-20T19:36:41Z" user="pablopareja" uid="211657" lat="-34.4854168" lon="-58.4849781">
  <tag k="addr:housenumber" v="2302"/>
  <tag k="addr:street" v="Presidente Quintana"/>
 </node>
 <node id="4359261012" visible="true" version="1" changeset="41581745" timestamp="2016-08-20T19:36:41Z" user="pablopareja" uid="211657" lat="-34.4856658" lon="-58.4837042">
  <tag k="addr:housenumber" v="2399"/>
  <tag k="addr:street" v="Eduardo Madero"/>
 </node>
 <node id="4359261013" visible="true" version="1" changeset="41581745" timestamp="2016-08-20T19:36:41Z" user="pablopareja" uid="211657" lat="-34.4849488" lon="-58.4828225">
  <tag k="addr:housenumber" v="2399"/>
  <tag k="addr:street" v="Juan de Garay"/>
 </node>
 <node id="4359261014" visible="true" version="1" changeset="41581745" timestamp="2016-08-20T19:36:41Z" user="pablopareja" uid="211657" lat="-34.4863856" lon="-58.4845883">
  <tag k="addr:housenumber" v="2399"/>
  <tag k="addr:street" v="Presidente Quintana"/>
 </node>
 <node id="4359261015" visible="true" version="1" changeset="41581745" timestamp="2016-08-20T19:36:41Z" user="pablopareja" uid="211657" lat="-34.4856130" lon="-58.4835205">
  <tag k="addr:housenumber" v="2400"/>
  <tag k="addr:street" v="Eduardo Madero"/>
 </node>
 <node id="4359261016" visible="true" version="1" changeset="41581745" timestamp="2016-08-20T19:36:41Z" user="pablopareja" uid="211657" lat="-34.4848826" lon="-58.4826309">
  <tag k="addr:housenumber" v="2400"/>
  <tag k="addr:street" v="Juan de Garay"/>
 </node>
 <node id="4359261017" visible="true" version="1" changeset="41581745" timestamp="2016-08-20T19:36:41Z" user="pablopareja" uid="211657" lat="-34.4863483" lon="-58.4844040">
  <tag k="addr:housenumber" v="2400"/>
  <tag k="addr:street" v="Presidente Quintana"/>
 </node>
 <node id="4359261018" visible="true" version="1" changeset="41581745" timestamp="2016-08-20T19:36:41Z" user="pablopareja" uid="211657" lat="-34.4844752" lon="-58.4833260"/>
 <node id="4359261019" visible="true" version="1" changeset="41581745" timestamp="2016-08-20T19:36:41Z" user="pablopareja" uid="211657" lat="-34.4845363" lon="-58.4830511"/>
 <node id="4359261020" visible="true" version="1" changeset="41581745" timestamp="2016-08-20T19:36:41Z" user="pablopareja" uid="211657" lat="-34.4846381" lon="-58.4828225"/>
 <node id="4359261021" visible="true" version="1" changeset="41581745" timestamp="2016-08-20T19:36:41Z" user="pablopareja" uid="211657" lat="-34.4846942" lon="-58.4830881"/>
 <node id="4359261022" visible="true" version="1" changeset="41581745" timestamp="2016-08-20T19:36:41Z" user="pablopareja" uid="211657" lat="-34.4847884" lon="-58.4829368"/>
 <node id="4359426480" visible="true" version="2" changeset="77783971" timestamp="2019-12-01T15:16:52Z" user="alpertron" uid="466854" lat="-34.4876264" lon="-58.4853859">
  <tag k="addr:housenumber" v="1202"/>
  <tag k="addr:street" v="San Isidro Labrador"/>
 </node>
 <node id="4359426482" visible="true" version="1" changeset="41584268" timestamp="2016-08-20T22:47:56Z" user="pablopareja" uid="211657" lat="-34.4874286" lon="-58.4840612">
  <tag k="addr:housenumber" v="1301"/>
  <tag k="addr:street" v="San Isidro Labrador"/>
 </node>
 <node id="4359426483" visible="true" version="1" changeset="41584268" timestamp="2016-08-20T22:47:56Z" user="pablopareja" uid="211657" lat="-34.4871663" lon="-58.4832208">
  <tag k="addr:housenumber" v="1399"/>
  <tag k="addr:street" v="San Isidro Labrador"/>
 </node>
 <node id="4359426484" visible="true" version="2" changeset="77783971" timestamp="2019-12-01T15:16:52Z" user="alpertron" uid="466854" lat="-34.4870026" lon="-58.4832834">
  <tag k="addr:housenumber" v="1400"/>
  <tag k="addr:street" v="San Isidro Labrador"/>
 </node>
 <node id="4359426485" visible="true" version="1" changeset="41584268" timestamp="2016-08-20T22:47:56Z" user="pablopareja" uid="211657" lat="-34.4872243" lon="-58.4831870">
  <tag k="addr:housenumber" v="2501"/>
  <tag k="addr:street" v="Eduardo Madero"/>
 </node>
 <node id="4359426486" visible="true" version="1" changeset="41584268" timestamp="2016-08-20T22:47:56Z" user="pablopareja" uid="211657" lat="-34.4871251" lon="-58.4829402">
  <tag k="addr:housenumber" v="2502"/>
  <tag k="addr:street" v="Eduardo Madero"/>
 </node>
 <node id="4359426487" visible="true" version="1" changeset="41584268" timestamp="2016-08-20T22:47:56Z" user="pablopareja" uid="211657" lat="-34.4878699" lon="-58.4830075">
  <tag k="addr:housenumber" v="2599"/>
  <tag k="addr:street" v="Eduardo Madero"/>
 </node>
 <node id="4359426488" visible="true" version="1" changeset="41584268" timestamp="2016-08-20T22:47:56Z" user="pablopareja" uid="211657" lat="-34.4878480" lon="-58.4827240">
  <tag k="addr:housenumber" v="2600"/>
  <tag k="addr:street" v="Eduardo Madero"/>
 </node>
 <node id="4359429284" visible="true" version="1" changeset="41584254" timestamp="2016-08-20T22:46:36Z" user="pablopareja" uid="211657" lat="-34.4874881" lon="-58.4841410">
  <tag k="addr:housenumber" v="2502"/>
  <tag k="addr:street" v="Presidente Quintana"/>
 </node>
 <node id="4359429286" visible="true" version="1" changeset="41584254" timestamp="2016-08-20T22:46:36Z" user="pablopareja" uid="211657" lat="-34.4882111" lon="-58.4839248">
  <tag k="addr:housenumber" v="2600"/>
  <tag k="addr:street" v="Presidente Quintana"/>
 </node>
 <node id="4359429299" visible="true" version="2" changeset="158792241" timestamp="2024-11-05T19:33:07Z" user="JConormaps" uid="21599775" lat="-34.4877109" lon="-58.4853905"/>
 <node id="4360469358" visible="true" version="1" changeset="41599877" timestamp="2016-08-21T19:12:07Z" user="pablopareja" uid="211657" lat="-34.4875940" lon="-58.4854465">
  <tag k="addr:housenumber" v="13301"/>
  <tag k="addr:street" v="Avenida del Libertador"/>
 </node>
 <node id="4360469359" visible="true" version="1" changeset="41599877" timestamp="2016-08-21T19:12:07Z" user="pablopareja" uid="211657" lat="-34.4877685" lon="-58.4856670">
  <tag k="addr:housenumber" v="13302"/>
  <tag k="addr:street" v="Avenida del Libertador"/>
 </node>
 <node id="4360469360" visible="true" version="1" changeset="41599877" timestamp="2016-08-21T19:12:07Z" user="pablopareja" uid="211657" lat="-34.4871325" lon="-58.4855832">
  <tag k="addr:housenumber" v="13399"/>
  <tag k="addr:street" v="Avenida del Libertador"/>
 </node>
 <node id="4360469361" visible="true" version="1" changeset="41599877" timestamp="2016-08-21T19:12:07Z" user="pablopareja" uid="211657" lat="-34.4872597" lon="-58.4858345">
  <tag k="addr:housenumber" v="13400"/>
  <tag k="addr:street" v="Avenida del Libertador"/>
 </node>
 <node id="4360469362" visible="true" version="3" changeset="146342612" timestamp="2024-01-17T00:00:09Z" user="AgusQui" uid="331218" lat="-34.4854095" lon="-58.4816327">
  <tag k="addr:housenumber" v="2401"/>
  <tag k="addr:street" v="Juan Díaz de Solís"/>
 </node>
 <node id="4360469363" visible="true" version="2" changeset="121937628" timestamp="2022-06-04T12:39:31Z" user="AndresDuhour" uid="2985830" lat="-34.4853783" lon="-58.4814970">
  <tag k="addr:housenumber" v="2402"/>
  <tag k="addr:street" v="Juan Díaz de Solís"/>
 </node>
 <node id="4360469364" visible="true" version="3" changeset="146342612" timestamp="2024-01-17T00:00:09Z" user="AgusQui" uid="331218" lat="-34.4880851" lon="-58.4815470">
  <tag k="addr:housenumber" v="2699"/>
  <tag k="addr:street" v="Juan Díaz de Solís"/>
 </node>
 <node id="4360469365" visible="true" version="2" changeset="121937628" timestamp="2022-06-04T12:39:31Z" user="AndresDuhour" uid="2985830" lat="-34.4880899" lon="-58.4813938">
  <tag k="addr:housenumber" v="2700"/>
  <tag k="addr:street" v="Juan Díaz de Solís"/>
 </node>
 <node id="4363678191" visible="true" version="3" changeset="75672615" timestamp="2019-10-14T14:41:42Z" user="alpertron" uid="466854" lat="-34.4806880" lon="-58.4830216">
  <tag k="addr:housenumber" v="1999"/>
  <tag k="addr:street" v="Sebastián Elcano"/>
 </node>
 <node id="4363678192" visible="true" version="3" changeset="75672615" timestamp="2019-10-14T14:41:42Z" user="alpertron" uid="466854" lat="-34.4806399" lon="-58.4828726">
  <tag k="addr:housenumber" v="2000"/>
  <tag k="addr:street" v="Sebastián Elcano"/>
 </node>
 <node id="4363678193" visible="true" version="3" changeset="75672615" timestamp="2019-10-14T14:41:42Z" user="alpertron" uid="466854" lat="-34.4808928" lon="-58.4829355">
  <tag k="addr:housenumber" v="2001"/>
  <tag k="addr:street" v="Sebastián Elcano"/>
 </node>
 <node id="4363678194" visible="true" version="3" changeset="75672615" timestamp="2019-10-14T14:41:42Z" user="alpertron" uid="466854" lat="-34.4808608" lon="-58.4827880">
  <tag k="addr:housenumber" v="2002"/>
  <tag k="addr:street" v="Sebastián Elcano"/>
 </node>
 <node id="4363678195" visible="true" version="3" changeset="75672615" timestamp="2019-10-14T14:41:42Z" user="alpertron" uid="466854" lat="-34.4850846" lon="-58.4813516">
  <tag k="addr:housenumber" v="2399"/>
  <tag k="addr:street" v="Sebastián Elcano"/>
 </node>
 <node id="4363678196" visible="true" version="3" changeset="75672615" timestamp="2019-10-14T14:41:42Z" user="alpertron" uid="466854" lat="-34.4850956" lon="-58.4812328">
  <tag k="addr:housenumber" v="2400"/>
  <tag k="addr:street" v="Sebastián Elcano"/>
 </node>
 <node id="4363678197" visible="true" version="3" changeset="75672615" timestamp="2019-10-14T14:41:42Z" user="alpertron" uid="466854" lat="-34.4726687" lon="-58.4921216">
  <tag k="addr:housenumber" v="801"/>
  <tag k="addr:street" v="Sebastián Elcano"/>
 </node>
 <node id="4363678198" visible="true" version="3" changeset="75672615" timestamp="2019-10-14T14:41:42Z" user="alpertron" uid="466854" lat="-34.4725632" lon="-58.4920554">
  <tag k="addr:housenumber" v="802"/>
  <tag k="addr:street" v="Sebastián Elcano"/>
 </node>
 <node id="4363678199" visible="true" version="1" changeset="41649499" timestamp="2016-08-23T22:18:54Z" user="pablopareja" uid="211657" lat="-34.4725841" lon="-58.4921417"/>
 <node id="4363678200" visible="true" version="1" changeset="41649499" timestamp="2016-08-23T22:18:54Z" user="pablopareja" uid="211657" lat="-34.4732630" lon="-58.4906556"/>
 <node id="4363678201" visible="true" version="2" changeset="44788417" timestamp="2016-12-30T16:20:39Z" user="JAAS" uid="3321532" lat="-34.4733094" lon="-58.4908734"/>
 <node id="4363678202" visible="true" version="1" changeset="41649499" timestamp="2016-08-23T22:18:54Z" user="pablopareja" uid="211657" lat="-34.4751858" lon="-58.4873845"/>
 <node id="4363678203" visible="true" version="1" changeset="41649499" timestamp="2016-08-23T22:18:54Z" user="pablopareja" uid="211657" lat="-34.4752112" lon="-58.4869965"/>
 <node id="4363678204" visible="true" version="1" changeset="41649499" timestamp="2016-08-23T22:18:54Z" user="pablopareja" uid="211657" lat="-34.4753413" lon="-58.4873965"/>
 <node id="4363678205" visible="true" version="1" changeset="41649499" timestamp="2016-08-23T22:18:54Z" user="pablopareja" uid="211657" lat="-34.4753513" lon="-58.4870584"/>
 <node id="4363678206" visible="true" version="1" changeset="41649499" timestamp="2016-08-23T22:18:54Z" user="pablopareja" uid="211657" lat="-34.4755836" lon="-58.4862897"/>
 <node id="4363678207" visible="true" version="1" changeset="41649499" timestamp="2016-08-23T22:18:54Z" user="pablopareja" uid="211657" lat="-34.4756482" lon="-58.4864950"/>
 <node id="4363678209" visible="true" version="1" changeset="41649499" timestamp="2016-08-23T22:18:54Z" user="pablopareja" uid="211657" lat="-34.4759668" lon="-58.4864024"/>
 <node id="4363678211" visible="true" version="1" changeset="41649499" timestamp="2016-08-23T22:18:54Z" user="pablopareja" uid="211657" lat="-34.4767647" lon="-58.4854465"/>
 <node id="4363678213" visible="true" version="1" changeset="41649499" timestamp="2016-08-23T22:18:54Z" user="pablopareja" uid="211657" lat="-34.4773934" lon="-58.4848971"/>
 <node id="4363678214" visible="true" version="1" changeset="41649499" timestamp="2016-08-23T22:18:54Z" user="pablopareja" uid="211657" lat="-34.4787256" lon="-58.4838627"/>
 <node id="4363678215" visible="true" version="1" changeset="41649499" timestamp="2016-08-23T22:18:54Z" user="pablopareja" uid="211657" lat="-34.4793924" lon="-58.4836595"/>
 <node id="4363678216" visible="true" version="1" changeset="41649499" timestamp="2016-08-23T22:18:54Z" user="pablopareja" uid="211657" lat="-34.4827980" lon="-58.4819427"/>
 <node id="4363678217" visible="true" version="1" changeset="41649499" timestamp="2016-08-23T22:18:54Z" user="pablopareja" uid="211657" lat="-34.4828118" lon="-58.4820547"/>
 <node id="4363678218" visible="true" version="1" changeset="41649499" timestamp="2016-08-23T22:18:54Z" user="pablopareja" uid="211657" lat="-34.4842569" lon="-58.4814088"/>
 <node id="4363678219" visible="true" version="1" changeset="41649499" timestamp="2016-08-23T22:18:54Z" user="pablopareja" uid="211657" lat="-34.4843022" lon="-58.4815158"/>
 <node id="4519649547" visible="true" version="1" changeset="43932766" timestamp="2016-11-24T21:49:56Z" user="pablopareja" uid="211657" lat="-34.4786898" lon="-58.4828882"/>
 <node id="4519649548" visible="true" version="1" changeset="43932766" timestamp="2016-11-24T21:49:56Z" user="pablopareja" uid="211657" lat="-34.4786511" lon="-58.4828909"/>
 <node id="4519649549" visible="true" version="1" changeset="43932766" timestamp="2016-11-24T21:49:56Z" user="pablopareja" uid="211657" lat="-34.4786200" lon="-58.4829175"/>
 <node id="4519649550" visible="true" version="1" changeset="43932766" timestamp="2016-11-24T21:49:56Z" user="pablopareja" uid="211657" lat="-34.4788015" lon="-58.4831551"/>
 <node id="4519649551" visible="true" version="1" changeset="43932766" timestamp="2016-11-24T21:49:56Z" user="pablopareja" uid="211657" lat="-34.4787053" lon="-58.4832289"/>
 <node id="4519649552" visible="true" version="1" changeset="43932766" timestamp="2016-11-24T21:49:56Z" user="pablopareja" uid="211657" lat="-34.4786533" lon="-58.4831095"/>
 <node id="4519649553" visible="true" version="1" changeset="43932766" timestamp="2016-11-24T21:49:56Z" user="pablopareja" uid="211657" lat="-34.4784499" lon="-58.4832530"/>
 <node id="4519649554" visible="true" version="1" changeset="43932766" timestamp="2016-11-24T21:49:56Z" user="pablopareja" uid="211657" lat="-34.4786401" lon="-58.4837036"/>
 <node id="4519649555" visible="true" version="1" changeset="43932766" timestamp="2016-11-24T21:49:56Z" user="pablopareja" uid="211657" lat="-34.4787385" lon="-58.4836460"/>
 <node id="4519649556" visible="true" version="2" changeset="50887282" timestamp="2017-08-06T14:57:39Z" user="juanperez79" uid="6218510" lat="-34.4788103" lon="-58.4838189"/>
 <node id="4519649557" visible="true" version="1" changeset="43932766" timestamp="2016-11-24T21:49:56Z" user="pablopareja" uid="211657" lat="-34.4783969" lon="-58.4831618"/>
 <node id="4519649558" visible="true" version="1" changeset="43932766" timestamp="2016-11-24T21:49:56Z" user="pablopareja" uid="211657" lat="-34.4787239" lon="-58.4836294"/>
 <node id="4519649559" visible="true" version="1" changeset="43932766" timestamp="2016-11-24T21:49:56Z" user="pablopareja" uid="211657" lat="-34.4787037" lon="-58.4835845"/>
 <node id="4519649560" visible="true" version="1" changeset="43932766" timestamp="2016-11-24T21:49:56Z" user="pablopareja" uid="211657" lat="-34.4787540" lon="-58.4835511"/>
 <node id="4519649561" visible="true" version="1" changeset="43932766" timestamp="2016-11-24T21:49:56Z" user="pablopareja" uid="211657" lat="-34.4787341" lon="-58.4835070"/>
 <node id="4519649562" visible="true" version="1" changeset="43932766" timestamp="2016-11-24T21:49:56Z" user="pablopareja" uid="211657" lat="-34.4787754" lon="-58.4834796"/>
 <node id="4519649563" visible="true" version="1" changeset="43932766" timestamp="2016-11-24T21:49:56Z" user="pablopareja" uid="211657" lat="-34.4787980" lon="-58.4835298"/>
 <node id="4519649564" visible="true" version="1" changeset="43932766" timestamp="2016-11-24T21:49:56Z" user="pablopareja" uid="211657" lat="-34.4789376" lon="-58.4834373"/>
 <node id="4519649565" visible="true" version="1" changeset="43932766" timestamp="2016-11-24T21:49:56Z" user="pablopareja" uid="211657" lat="-34.4789007" lon="-58.4833554"/>
 <node id="4519649566" visible="true" version="1" changeset="43932766" timestamp="2016-11-24T21:49:56Z" user="pablopareja" uid="211657" lat="-34.4789371" lon="-58.4833314"/>
 <node id="4519649567" visible="true" version="1" changeset="43932766" timestamp="2016-11-24T21:49:56Z" user="pablopareja" uid="211657" lat="-34.4788886" lon="-58.4832238"/>
 <node id="4519649568" visible="true" version="1" changeset="43932766" timestamp="2016-11-24T21:49:56Z" user="pablopareja" uid="211657" lat="-34.4788537" lon="-58.4832469"/>
 <node id="4519649569" visible="true" version="1" changeset="43932766" timestamp="2016-11-24T21:49:56Z" user="pablopareja" uid="211657" lat="-34.4788219" lon="-58.4831764"/>
 <node id="4519649570" visible="true" version="1" changeset="43932766" timestamp="2016-11-24T21:49:56Z" user="pablopareja" uid="211657" lat="-34.4787011" lon="-58.4832564"/>
 <node id="4519649571" visible="true" version="1" changeset="43932766" timestamp="2016-11-24T21:49:56Z" user="pablopareja" uid="211657" lat="-34.4786486" lon="-58.4831397"/>
 <node id="4519649572" visible="true" version="1" changeset="43932766" timestamp="2016-11-24T21:49:56Z" user="pablopareja" uid="211657" lat="-34.4784705" lon="-58.4832576"/>
 <node id="4519649573" visible="true" version="1" changeset="43932766" timestamp="2016-11-24T21:49:56Z" user="pablopareja" uid="211657" lat="-34.4785200" lon="-58.4833674"/>
 <node id="4519649574" visible="true" version="1" changeset="43932766" timestamp="2016-11-24T21:49:56Z" user="pablopareja" uid="211657" lat="-34.4785413" lon="-58.4833533"/>
 <node id="4519649575" visible="true" version="1" changeset="43932766" timestamp="2016-11-24T21:49:56Z" user="pablopareja" uid="211657" lat="-34.4785691" lon="-58.4834150"/>
 <node id="4519649576" visible="true" version="1" changeset="43932766" timestamp="2016-11-24T21:49:56Z" user="pablopareja" uid="211657" lat="-34.4785426" lon="-58.4834326"/>
 <node id="4519649577" visible="true" version="1" changeset="43932766" timestamp="2016-11-24T21:49:56Z" user="pablopareja" uid="211657" lat="-34.4786525" lon="-58.4836767"/>
 <node id="4519649715" visible="true" version="2" changeset="162702497" timestamp="2025-02-19T13:59:38Z" user="g0nz" uid="9536659" lat="-34.4793442" lon="-58.4828335"/>
 <node id="4519649716" visible="true" version="2" changeset="162702497" timestamp="2025-02-19T13:59:38Z" user="g0nz" uid="9536659" lat="-34.4793876" lon="-58.4828071"/>
 <node id="4519649717" visible="true" version="2" changeset="162702497" timestamp="2025-02-19T13:59:38Z" user="g0nz" uid="9536659" lat="-34.4794230" lon="-58.4828930"/>
 <node id="4519649718" visible="true" version="2" changeset="162702497" timestamp="2025-02-19T13:59:38Z" user="g0nz" uid="9536659" lat="-34.4795304" lon="-58.4828278"/>
 <node id="4519649719" visible="true" version="2" changeset="162702497" timestamp="2025-02-19T13:59:38Z" user="g0nz" uid="9536659" lat="-34.4794466" lon="-58.4826249"/>
 <node id="4519649720" visible="true" version="2" changeset="162702497" timestamp="2025-02-19T13:59:38Z" user="g0nz" uid="9536659" lat="-34.4793451" lon="-58.4826846"/>
 <node id="4519649721" visible="true" version="2" changeset="162702497" timestamp="2025-02-19T13:59:38Z" user="g0nz" uid="9536659" lat="-34.4793592" lon="-58.4827188"/>
 <node id="4519649722" visible="true" version="2" changeset="162702497" timestamp="2025-02-19T13:59:38Z" user="g0nz" uid="9536659" lat="-34.4793093" lon="-58.4827490"/>
 <node id="4519649723" visible="true" version="2" changeset="162702497" timestamp="2025-02-19T13:59:38Z" user="g0nz" uid="9536659" lat="-34.4792506" lon="-58.4823651"/>
 <node id="4519649724" visible="true" version="2" changeset="162702497" timestamp="2025-02-19T13:59:38Z" user="g0nz" uid="9536659" lat="-34.4793859" lon="-58.4822855"/>
 <node id="4519649725" visible="true" version="2" changeset="162702497" timestamp="2025-02-19T13:59:38Z" user="g0nz" uid="9536659" lat="-34.4795256" lon="-58.4825784"/>
 <node id="4519649726" visible="true" version="2" changeset="162702497" timestamp="2025-02-19T13:59:38Z" user="g0nz" uid="9536659" lat="-34.4794755" lon="-58.4824531"/>
 <node id="4519649727" visible="true" version="2" changeset="162702497" timestamp="2025-02-19T13:59:38Z" user="g0nz" uid="9536659" lat="-34.4794572" lon="-58.4824639"/>
 <node id="4519649728" visible="true" version="1" changeset="43932766" timestamp="2016-11-24T21:49:56Z" user="pablopareja" uid="211657" lat="-34.4790576" lon="-58.4830024"/>
 <node id="4519649729" visible="true" version="1" changeset="43932766" timestamp="2016-11-24T21:49:56Z" user="pablopareja" uid="211657" lat="-34.4789983" lon="-58.4828680"/>
 <node id="4519649730" visible="true" version="1" changeset="43932766" timestamp="2016-11-24T21:49:56Z" user="pablopareja" uid="211657" lat="-34.4790284" lon="-58.4828484"/>
 <node id="4519649731" visible="true" version="1" changeset="43932766" timestamp="2016-11-24T21:49:56Z" user="pablopareja" uid="211657" lat="-34.4789721" lon="-58.4827208"/>
 <node id="4519649732" visible="true" version="1" changeset="43932766" timestamp="2016-11-24T21:49:56Z" user="pablopareja" uid="211657" lat="-34.4788865" lon="-58.4827051"/>
 <node id="4519649733" visible="true" version="1" changeset="43932766" timestamp="2016-11-24T21:49:56Z" user="pablopareja" uid="211657" lat="-34.4789475" lon="-58.4827334"/>
 <node id="4519649734" visible="true" version="1" changeset="43932766" timestamp="2016-11-24T21:49:56Z" user="pablopareja" uid="211657" lat="-34.4789684" lon="-58.4827829"/>
 <node id="4519649735" visible="true" version="1" changeset="43932766" timestamp="2016-11-24T21:49:56Z" user="pablopareja" uid="211657" lat="-34.4789366" lon="-58.4828026"/>
 <node id="4519649736" visible="true" version="1" changeset="43932766" timestamp="2016-11-24T21:49:56Z" user="pablopareja" uid="211657" lat="-34.4789758" lon="-58.4828956"/>
 <node id="4519649737" visible="true" version="1" changeset="43932766" timestamp="2016-11-24T21:49:57Z" user="pablopareja" uid="211657" lat="-34.4789414" lon="-58.4829170"/>
 <node id="4519649738" visible="true" version="1" changeset="43932766" timestamp="2016-11-24T21:49:57Z" user="pablopareja" uid="211657" lat="-34.4789586" lon="-58.4829577"/>
 <node id="4519649739" visible="true" version="1" changeset="43932766" timestamp="2016-11-24T21:49:57Z" user="pablopareja" uid="211657" lat="-34.4789267" lon="-58.4829776"/>
 <node id="4519649740" visible="true" version="1" changeset="43932766" timestamp="2016-11-24T21:49:57Z" user="pablopareja" uid="211657" lat="-34.4789375" lon="-58.4830032"/>
 <node id="4519649741" visible="true" version="1" changeset="43932766" timestamp="2016-11-24T21:49:57Z" user="pablopareja" uid="211657" lat="-34.4788851" lon="-58.4830358"/>
 <node id="4519649742" visible="true" version="1" changeset="43932766" timestamp="2016-11-24T21:49:57Z" user="pablopareja" uid="211657" lat="-34.4788772" lon="-58.4830171"/>
 <node id="4519649743" visible="true" version="1" changeset="43932766" timestamp="2016-11-24T21:49:57Z" user="pablopareja" uid="211657" lat="-34.4787878" lon="-58.4830726"/>
 <node id="4519649744" visible="true" version="1" changeset="43932766" timestamp="2016-11-24T21:49:57Z" user="pablopareja" uid="211657" lat="-34.4786976" lon="-58.4828621"/>
 <node id="4519649745" visible="true" version="1" changeset="43932766" timestamp="2016-11-24T21:49:57Z" user="pablopareja" uid="211657" lat="-34.4793334" lon="-58.4834849"/>
 <node id="4519649746" visible="true" version="1" changeset="43932766" timestamp="2016-11-24T21:49:57Z" user="pablopareja" uid="211657" lat="-34.4791342" lon="-58.4829526"/>
 <node id="4519649747" visible="true" version="1" changeset="43932766" timestamp="2016-11-24T21:49:57Z" user="pablopareja" uid="211657" lat="-34.4788668" lon="-58.4831040"/>
 <node id="4519649748" visible="true" version="1" changeset="43932766" timestamp="2016-11-24T21:49:57Z" user="pablopareja" uid="211657" lat="-34.4790039" lon="-58.4834259"/>
 <node id="4519649749" visible="true" version="1" changeset="43932766" timestamp="2016-11-24T21:49:57Z" user="pablopareja" uid="211657" lat="-34.4787386" lon="-58.4835841"/>
 <node id="4519649750" visible="true" version="1" changeset="43932766" timestamp="2016-11-24T21:49:57Z" user="pablopareja" uid="211657" lat="-34.4788293" lon="-58.4838041"/>
 <node id="4519649751" visible="true" version="2" changeset="125592514" timestamp="2022-08-31T02:01:10Z" user="EsLoQueHay" uid="11572928" lat="-34.4788447" lon="-58.4829209">
  <tag k="addr:city" v="Martínez"/>
  <tag k="addr:postcode" v="B1640"/>
  <tag k="amenity" v="restaurant"/>
  <tag k="name" v="Kite Beach"/>
 </node>
 <node id="4555612771" visible="true" version="7" changeset="125592514" timestamp="2022-08-31T02:01:10Z" user="EsLoQueHay" uid="11572928" lat="-34.4868899" lon="-58.4861890">
  <tag k="addr:city" v="Martínez"/>
  <tag k="addr:country" v="AR"/>
  <tag k="addr:housename" v="13432"/>
  <tag k="addr:housenumber" v="13432"/>
  <tag k="addr:postcode" v="B1640AOD"/>
  <tag k="addr:state" v="Buenos Aires"/>
  <tag k="addr:street" v="Avenida del Libertador"/>
  <tag k="email" v="info@hardwind.com"/>
  <tag k="name" v="Hardwind"/>
  <tag k="opening_hours" v="Mo-Fr 09:30-18:00; Sa 10:00-14:00"/>
  <tag k="phone" v="+54 11 4733-3796"/>
  <tag k="shop" v="sports"/>
  <tag k="website" v="https://www.hardwind.com/"/>
 </node>
 <node id="4580701087" visible="true" version="1" changeset="44777409" timestamp="2016-12-30T07:47:27Z" user="JAAS" uid="3321532" lat="-34.4792062" lon="-58.4835655">
  <tag k="entrance" v="yes"/>
 </node>
 <node id="4580701088" visible="true" version="1" changeset="44777409" timestamp="2016-12-30T07:47:27Z" user="JAAS" uid="3321532" lat="-34.4789255" lon="-58.4837432">
  <tag k="entrance" v="yes"/>
 </node>
 <node id="4580710389" visible="true" version="1" changeset="44777409" timestamp="2016-12-30T07:47:27Z" user="JAAS" uid="3321532" lat="-34.4788717" lon="-58.4837772">
  <tag k="entrance" v="yes"/>
 </node>
 <node id="4580710391" visible="true" version="2" changeset="158790295" timestamp="2024-11-05T18:27:31Z" user="JConormaps" uid="21599775" lat="-34.4809600" lon="-58.4827444">
  <tag k="entrance" v="yes"/>
 </node>
 <node id="4580710392" visible="true" version="2" changeset="158790295" timestamp="2024-11-05T18:27:31Z" user="JConormaps" uid="21599775" lat="-34.4814733" lon="-58.4825313">
  <tag k="entrance" v="yes"/>
 </node>
 <node id="4580710394" visible="true" version="2" changeset="158790052" timestamp="2024-11-05T18:19:05Z" user="JConormaps" uid="21599775" lat="-34.4830627" lon="-58.4818937"/>
 <node id="4580710395" visible="true" version="2" changeset="150545996" timestamp="2024-04-26T15:52:56Z" user="g0nz" uid="9536659" lat="-34.4844044" lon="-58.4810794"/>
 <node id="4580710396" visible="true" version="2" changeset="150545996" timestamp="2024-04-26T15:52:56Z" user="g0nz" uid="9536659" lat="-34.4844298" lon="-58.4811532"/>
 <node id="4580710397" visible="true" version="2" changeset="150545996" timestamp="2024-04-26T15:52:56Z" user="g0nz" uid="9536659" lat="-34.4844652" lon="-58.4812645"/>
 <node id="4580710398" visible="true" version="2" changeset="150545996" timestamp="2024-04-26T15:52:56Z" user="g0nz" uid="9536659" lat="-34.4844786" lon="-58.4813623"/>
 <node id="4580710399" visible="true" version="2" changeset="158790052" timestamp="2024-11-05T18:19:05Z" user="JConormaps" uid="21599775" lat="-34.4845364" lon="-58.4813932"/>
 <node id="4580710407" visible="true" version="2" changeset="150545996" timestamp="2024-04-26T15:52:56Z" user="g0nz" uid="9536659" lat="-34.4843093" lon="-58.4808313"/>
 <node id="4580710413" visible="true" version="3" changeset="158790052" timestamp="2024-11-05T18:19:05Z" user="JConormaps" uid="21599775" lat="-34.4858199" lon="-58.4811986"/>
 <node id="4580715561" visible="true" version="3" changeset="125592514" timestamp="2022-08-31T02:01:10Z" user="EsLoQueHay" uid="11572928" lat="-34.4843590" lon="-58.4795787">
  <tag k="addr:city" v="Martínez"/>
  <tag k="addr:housenumber" v="2340"/>
  <tag k="addr:postcode" v="B1640"/>
  <tag k="addr:street" v="Sebastián Elcano"/>
  <tag k="name" v="Espigón de Martínez"/>
  <tag k="source" v="Reconocimiento terrestre por Kaart 2016;local knowledge"/>
  <tag k="tourism" v="attraction"/>
 </node>
 <node id="4580715562" visible="true" version="1" changeset="44777657" timestamp="2016-12-30T08:01:27Z" user="JAAS" uid="3321532" lat="-34.4848000" lon="-58.4805749"/>
 <node id="4580715563" visible="true" version="3" changeset="158790052" timestamp="2024-11-05T18:19:05Z" user="JConormaps" uid="21599775" lat="-34.4850923" lon="-58.4812832"/>
 <node id="4581534774" visible="true" version="1" changeset="44788417" timestamp="2016-12-30T16:20:35Z" user="JAAS" uid="3321532" lat="-34.4831480" lon="-58.4811051"/>
 <node id="4581534775" visible="true" version="1" changeset="44788417" timestamp="2016-12-30T16:20:35Z" user="JAAS" uid="3321532" lat="-34.4833560" lon="-58.4809715"/>
 <node id="4581534776" visible="true" version="1" changeset="44788417" timestamp="2016-12-30T16:20:35Z" user="JAAS" uid="3321532" lat="-34.4833688" lon="-58.4809683"/>
 <node id="4581534777" visible="true" version="1" changeset="44788417" timestamp="2016-12-30T16:20:35Z" user="JAAS" uid="3321532" lat="-34.4833849" lon="-58.4809683"/>
 <node id="4581534778" visible="true" version="1" changeset="44788417" timestamp="2016-12-30T16:20:35Z" user="JAAS" uid="3321532" lat="-34.4834003" lon="-58.4809723"/>
 <node id="4581534779" visible="true" version="1" changeset="44788417" timestamp="2016-12-30T16:20:35Z" user="JAAS" uid="3321532" lat="-34.4834124" lon="-58.4809797"/>
 <node id="4581534780" visible="true" version="1" changeset="44788417" timestamp="2016-12-30T16:20:35Z" user="JAAS" uid="3321532" lat="-34.4834245" lon="-58.4809911"/>
 <node id="4581534781" visible="true" version="1" changeset="44788417" timestamp="2016-12-30T16:20:35Z" user="JAAS" uid="3321532" lat="-34.4834339" lon="-58.4810057"/>
 <node id="4581534782" visible="true" version="1" changeset="44788417" timestamp="2016-12-30T16:20:35Z" user="JAAS" uid="3321532" lat="-34.4834406" lon="-58.4810188"/>
 <node id="4581534783" visible="true" version="1" changeset="44788417" timestamp="2016-12-30T16:20:35Z" user="JAAS" uid="3321532" lat="-34.4834466" lon="-58.4810399"/>
 <node id="4581534784" visible="true" version="1" changeset="44788417" timestamp="2016-12-30T16:20:35Z" user="JAAS" uid="3321532" lat="-34.4834500" lon="-58.4810595"/>
 <node id="4581534785" visible="true" version="1" changeset="44788417" timestamp="2016-12-30T16:20:35Z" user="JAAS" uid="3321532" lat="-34.4834486" lon="-58.4810757"/>
 <node id="4581534786" visible="true" version="1" changeset="44788417" timestamp="2016-12-30T16:20:35Z" user="JAAS" uid="3321532" lat="-34.4834453" lon="-58.4810880"/>
 <node id="4581534787" visible="true" version="1" changeset="44788417" timestamp="2016-12-30T16:20:35Z" user="JAAS" uid="3321532" lat="-34.4834386" lon="-58.4811034"/>
 <node id="4581534788" visible="true" version="1" changeset="44788417" timestamp="2016-12-30T16:20:35Z" user="JAAS" uid="3321532" lat="-34.4834312" lon="-58.4811140"/>
 <node id="4581534989" visible="true" version="1" changeset="44788417" timestamp="2016-12-30T16:20:35Z" user="JAAS" uid="3321532" lat="-34.4834218" lon="-58.4811238"/>
 <node id="4581534990" visible="true" version="1" changeset="44788417" timestamp="2016-12-30T16:20:36Z" user="JAAS" uid="3321532" lat="-34.4834117" lon="-58.4811327"/>
 <node id="4581534991" visible="true" version="1" changeset="44788417" timestamp="2016-12-30T16:20:36Z" user="JAAS" uid="3321532" lat="-34.4834023" lon="-58.4811384"/>
 <node id="4581534992" visible="true" version="1" changeset="44788417" timestamp="2016-12-30T16:20:36Z" user="JAAS" uid="3321532" lat="-34.4833896" lon="-58.4811441"/>
 <node id="4581534993" visible="true" version="1" changeset="44788417" timestamp="2016-12-30T16:20:36Z" user="JAAS" uid="3321532" lat="-34.4833802" lon="-58.4811450"/>
 <node id="4581534994" visible="true" version="1" changeset="44788417" timestamp="2016-12-30T16:20:36Z" user="JAAS" uid="3321532" lat="-34.4833688" lon="-58.4811417"/>
 <node id="4581534995" visible="true" version="1" changeset="44788417" timestamp="2016-12-30T16:20:36Z" user="JAAS" uid="3321532" lat="-34.4833621" lon="-58.4811376"/>
 <node id="4581534996" visible="true" version="1" changeset="44788417" timestamp="2016-12-30T16:20:36Z" user="JAAS" uid="3321532" lat="-34.4833507" lon="-58.4811336"/>
 <node id="4581534997" visible="true" version="1" changeset="44788417" timestamp="2016-12-30T16:20:36Z" user="JAAS" uid="3321532" lat="-34.4832258" lon="-58.4811954"/>
 <node id="4581534998" visible="true" version="1" changeset="44788417" timestamp="2016-12-30T16:20:36Z" user="JAAS" uid="3321532" lat="-34.4832366" lon="-58.4812190"/>
 <node id="4581534999" visible="true" version="1" changeset="44788417" timestamp="2016-12-30T16:20:36Z" user="JAAS" uid="3321532" lat="-34.4832090" lon="-58.4812361"/>
 <node id="4581535046" visible="true" version="1" changeset="44788417" timestamp="2016-12-30T16:20:37Z" user="JAAS" uid="3321532" lat="-34.4731745" lon="-58.4909968"/>
 <node id="4581535058" visible="true" version="1" changeset="44788417" timestamp="2016-12-30T16:20:37Z" user="JAAS" uid="3321532" lat="-34.4737190" lon="-58.4901028"/>
 <node id="4581535059" visible="true" version="1" changeset="44788417" timestamp="2016-12-30T16:20:37Z" user="JAAS" uid="3321532" lat="-34.4752483" lon="-58.4874726"/>
 <node id="4581535068" visible="true" version="2" changeset="161661028" timestamp="2025-01-23T06:02:27Z" user="LakePoyang" uid="18237328" lat="-34.4745372" lon="-58.4886931"/>
 <node id="4581535074" visible="true" version="1" changeset="44788417" timestamp="2016-12-30T16:20:37Z" user="JAAS" uid="3321532" lat="-34.4755812" lon="-58.4863573"/>
 <node id="4581535075" visible="true" version="1" changeset="44788417" timestamp="2016-12-30T16:20:37Z" user="JAAS" uid="3321532" lat="-34.4756527" lon="-58.4864219"/>
 <node id="4581535076" visible="true" version="1" changeset="44788417" timestamp="2016-12-30T16:20:37Z" user="JAAS" uid="3321532" lat="-34.4755721" lon="-58.4863418"/>
 <node id="4581535077" visible="true" version="1" changeset="44788417" timestamp="2016-12-30T16:20:37Z" user="JAAS" uid="3321532" lat="-34.4755749" lon="-58.4863219"/>
 <node id="4581535078" visible="true" version="1" changeset="44788417" timestamp="2016-12-30T16:20:37Z" user="JAAS" uid="3321532" lat="-34.4756277" lon="-58.4862269"/>
 <node id="4581535079" visible="true" version="1" changeset="44788417" timestamp="2016-12-30T16:20:37Z" user="JAAS" uid="3321532" lat="-34.4756377" lon="-58.4861916"/>
 <node id="4581535080" visible="true" version="1" changeset="44788417" timestamp="2016-12-30T16:20:37Z" user="JAAS" uid="3321532" lat="-34.4756313" lon="-58.4861474"/>
 <node id="4581535081" visible="true" version="5" changeset="161661028" timestamp="2025-01-23T06:02:27Z" user="LakePoyang" uid="18237328" lat="-34.4756007" lon="-58.4863879">
  <tag k="addr:city" v="Martínez"/>
  <tag k="addr:housenumber" v="1301"/>
  <tag k="addr:street" v="Sebastián Elcano"/>
  <tag k="barrier" v="gate"/>
  <tag k="entrance" v="yes"/>
 </node>
 <node id="4581535082" visible="true" version="1" changeset="44788417" timestamp="2016-12-30T16:20:37Z" user="JAAS" uid="3321532" lat="-34.4772388" lon="-58.4838221"/>
 <node id="4581535083" visible="true" version="2" changeset="181983433" timestamp="2026-04-29T11:29:26Z" user="AlejandroAlba" uid="6499071" lat="-34.4777511" lon="-58.4847758"/>
 <node id="4581535084" visible="true" version="1" changeset="44788417" timestamp="2016-12-30T16:20:37Z" user="JAAS" uid="3321532" lat="-34.4776548" lon="-58.4845840"/>
 <node id="4581535085" visible="true" version="3" changeset="181983433" timestamp="2026-04-29T11:29:26Z" user="AlejandroAlba" uid="6499071" lat="-34.4777012" lon="-58.4846756"/>
 <node id="4581535094" visible="true" version="2" changeset="158191567" timestamp="2024-10-22T00:52:54Z" user="csimeona22" uid="15166882" lat="-34.4777502" lon="-58.4844768"/>
 <node id="4581535095" visible="true" version="3" changeset="158191567" timestamp="2024-10-22T00:52:54Z" user="csimeona22" uid="15166882" lat="-34.4777723" lon="-58.4844445"/>
 <node id="4581535096" visible="true" version="3" changeset="158191567" timestamp="2024-10-22T00:52:54Z" user="csimeona22" uid="15166882" lat="-34.4780966" lon="-58.4842361"/>
 <node id="4581535097" visible="true" version="2" changeset="158191567" timestamp="2024-10-22T00:52:54Z" user="csimeona22" uid="15166882" lat="-34.4776834" lon="-58.4845571"/>
 <node id="4581535098" visible="true" version="2" changeset="158191567" timestamp="2024-10-22T00:52:54Z" user="csimeona22" uid="15166882" lat="-34.4777601" lon="-58.4845083"/>
 <node id="4581535100" visible="true" version="3" changeset="158791223" timestamp="2024-11-05T19:00:02Z" user="JConormaps" uid="21599775" lat="-34.4777024" lon="-58.4844862">
  <tag k="access" v="permissive"/>
  <tag k="barrier" v="swing_gate"/>
 </node>
 <node id="4581535101" visible="true" version="3" changeset="158791223" timestamp="2024-11-05T19:00:02Z" user="JConormaps" uid="21599775" lat="-34.4777235" lon="-58.4845708"/>
 <node id="4581609945" visible="true" version="1" changeset="44789872" timestamp="2016-12-30T17:23:57Z" user="JAAS" uid="3321532" lat="-34.4755721" lon="-58.4867736"/>
 <node id="4581609946" visible="true" version="1" changeset="44789872" timestamp="2016-12-30T17:23:57Z" user="JAAS" uid="3321532" lat="-34.4756522" lon="-58.4868389"/>
 <node id="4581609947" visible="true" version="1" changeset="44789872" timestamp="2016-12-30T17:23:57Z" user="JAAS" uid="3321532" lat="-34.4756907" lon="-58.4867695"/>
 <node id="4581609948" visible="true" version="1" changeset="44789872" timestamp="2016-12-30T17:23:57Z" user="JAAS" uid="3321532" lat="-34.4757098" lon="-58.4867851"/>
 <node id="4581609949" visible="true" version="1" changeset="44789872" timestamp="2016-12-30T17:23:57Z" user="JAAS" uid="3321532" lat="-34.4757967" lon="-58.4866283"/>
 <node id="4581609950" visible="true" version="1" changeset="44789872" timestamp="2016-12-30T17:23:57Z" user="JAAS" uid="3321532" lat="-34.4756974" lon="-58.4865474"/>
 <node id="4599218846" visible="true" version="1" changeset="45043355" timestamp="2017-01-10T06:24:07Z" user="JAAS" uid="3321532" lat="-34.4870224" lon="-58.4862319"/>
 <node id="4599218847" visible="true" version="1" changeset="45043355" timestamp="2017-01-10T06:24:07Z" user="JAAS" uid="3321532" lat="-34.4869449" lon="-58.4863156"/>
 <node id="4599218848" visible="true" version="1" changeset="45043355" timestamp="2017-01-10T06:24:07Z" user="JAAS" uid="3321532" lat="-34.4868621" lon="-58.4862028"/>
 <node id="4599218849" visible="true" version="1" changeset="45043355" timestamp="2017-01-10T06:24:07Z" user="JAAS" uid="3321532" lat="-34.4869396" lon="-58.4861190"/>
 <node id="4599218850" visible="true" version="1" changeset="45043355" timestamp="2017-01-10T06:24:07Z" user="JAAS" uid="3321532" lat="-34.4863700" lon="-58.4868806"/>
 <node id="4599218851" visible="true" version="1" changeset="45043355" timestamp="2017-01-10T06:24:07Z" user="JAAS" uid="3321532" lat="-34.4863086" lon="-58.4867804"/>
 <node id="4599218852" visible="true" version="1" changeset="45043355" timestamp="2017-01-10T06:24:07Z" user="JAAS" uid="3321532" lat="-34.4862394" lon="-58.4868428"/>
 <node id="4599218853" visible="true" version="1" changeset="45043355" timestamp="2017-01-10T06:24:07Z" user="JAAS" uid="3321532" lat="-34.4863008" lon="-58.4869430"/>
 <node id="4599218854" visible="true" version="1" changeset="45043355" timestamp="2017-01-10T06:24:07Z" user="JAAS" uid="3321532" lat="-34.4858751" lon="-58.4872484"/>
 <node id="4599218855" visible="true" version="1" changeset="45043355" timestamp="2017-01-10T06:24:07Z" user="JAAS" uid="3321532" lat="-34.4859359" lon="-58.4871821"/>
 <node id="4599218856" visible="true" version="1" changeset="45043355" timestamp="2017-01-10T06:24:07Z" user="JAAS" uid="3321532" lat="-34.4860683" lon="-58.4873608"/>
 <node id="4599218857" visible="true" version="1" changeset="45043355" timestamp="2017-01-10T06:24:07Z" user="JAAS" uid="3321532" lat="-34.4860075" lon="-58.4874271"/>
 <node id="4602114112" visible="true" version="1" changeset="45080692" timestamp="2017-01-11T16:39:20Z" user="JAAS" uid="3321532" lat="-34.4849583" lon="-58.4874624"/>
 <node id="4602114113" visible="true" version="1" changeset="45080692" timestamp="2017-01-11T16:39:20Z" user="JAAS" uid="3321532" lat="-34.4851241" lon="-58.4873326"/>
 <node id="4602114114" visible="true" version="1" changeset="45080692" timestamp="2017-01-11T16:39:20Z" user="JAAS" uid="3321532" lat="-34.4850273" lon="-58.4874417"/>
 <node id="4602114115" visible="true" version="1" changeset="45080692" timestamp="2017-01-11T16:39:20Z" user="JAAS" uid="3321532" lat="-34.4850038" lon="-58.4874110"/>
 <node id="4602114116" visible="true" version="1" changeset="45080692" timestamp="2017-01-11T16:39:20Z" user="JAAS" uid="3321532" lat="-34.4850796" lon="-58.4876201"/>
 <node id="4602114117" visible="true" version="1" changeset="45080692" timestamp="2017-01-11T16:39:20Z" user="JAAS" uid="3321532" lat="-34.4851941" lon="-58.4874888"/>
 <node id="4602114118" visible="true" version="1" changeset="45080692" timestamp="2017-01-11T16:39:20Z" user="JAAS" uid="3321532" lat="-34.4854377" lon="-58.4870859"/>
 <node id="4602114119" visible="true" version="1" changeset="45080692" timestamp="2017-01-11T16:39:20Z" user="JAAS" uid="3321532" lat="-34.4854987" lon="-58.4872248"/>
 <node id="4602114120" visible="true" version="1" changeset="45080692" timestamp="2017-01-11T16:39:20Z" user="JAAS" uid="3321532" lat="-34.4854366" lon="-58.4872898"/>
 <node id="4602114121" visible="true" version="1" changeset="45080692" timestamp="2017-01-11T16:39:20Z" user="JAAS" uid="3321532" lat="-34.4853671" lon="-58.4871316"/>
 <node id="4602114122" visible="true" version="1" changeset="45080692" timestamp="2017-01-11T16:39:20Z" user="JAAS" uid="3321532" lat="-34.4852740" lon="-58.4872012"/>
 <node id="4602114123" visible="true" version="1" changeset="45080692" timestamp="2017-01-11T16:39:20Z" user="JAAS" uid="3321532" lat="-34.4853647" lon="-58.4871433"/>
 <node id="4602114124" visible="true" version="1" changeset="45080692" timestamp="2017-01-11T16:39:20Z" user="JAAS" uid="3321532" lat="-34.4854217" lon="-58.4872744"/>
 <node id="4602114125" visible="true" version="1" changeset="45080692" timestamp="2017-01-11T16:39:20Z" user="JAAS" uid="3321532" lat="-34.4853309" lon="-58.4873324"/>
 <node id="4602114126" visible="true" version="3" changeset="73581742" timestamp="2019-08-21T13:39:01Z" user="CorazonDelator" uid="8127216" lat="-34.4871374" lon="-58.4856730">
  <tag k="bus" v="yes"/>
  <tag k="highway" v="bus_stop"/>
  <tag k="name" v="Libertador y Pacheco"/>
  <tag k="public_transport" v="platform"/>
  <tag k="shelter" v="yes"/>
  <tag k="source" v="Reconocimiento terrestre por Kaart 2016"/>
 </node>
 <node id="4777184352" visible="true" version="3" changeset="143842486" timestamp="2023-11-09T23:54:32Z" user="b-jazz-bot" uid="9451067" lat="-34.4849316" lon="-58.4805856">
  <tag k="addr:city" v="Martínez"/>
  <tag k="addr:postcode" v="B1640"/>
  <tag k="amenity" v="restaurant"/>
  <tag k="name" v="Dulce María"/>
  <tag k="takeaway" v="yes"/>
  <tag k="website" v="https://dulcemariadeli.com/"/>
 </node>
 <node id="4977591052" visible="true" version="1" changeset="50382354" timestamp="2017-07-18T15:19:40Z" user="juanperez79" uid="6218510" lat="-34.4739339" lon="-58.4928063"/>
 <node id="4977591053" visible="true" version="1" changeset="50382354" timestamp="2017-07-18T15:19:40Z" user="juanperez79" uid="6218510" lat="-34.4739096" lon="-58.4929083"/>
 <node id="4977591054" visible="true" version="1" changeset="50382354" timestamp="2017-07-18T15:19:40Z" user="juanperez79" uid="6218510" lat="-34.4739228" lon="-58.4930290"/>
 <node id="4977591055" visible="true" version="1" changeset="50382354" timestamp="2017-07-18T15:19:40Z" user="juanperez79" uid="6218510" lat="-34.4739250" lon="-58.4931336"/>
 <node id="4977591056" visible="true" version="1" changeset="50382354" timestamp="2017-07-18T15:19:40Z" user="juanperez79" uid="6218510" lat="-34.4739073" lon="-58.4932274"/>
 <node id="4977591058" visible="true" version="1" changeset="50382354" timestamp="2017-07-18T15:19:40Z" user="juanperez79" uid="6218510" lat="-34.4735160" lon="-58.4932999"/>
 <node id="5016887966" visible="true" version="1" changeset="50869369" timestamp="2017-08-05T19:22:53Z" user="juanperez79" uid="6218510" lat="-34.4875495" lon="-58.4806267"/>
 <node id="5016887967" visible="true" version="1" changeset="50869369" timestamp="2017-08-05T19:22:53Z" user="juanperez79" uid="6218510" lat="-34.4875114" lon="-58.4806469"/>
 <node id="5016887968" visible="true" version="1" changeset="50869369" timestamp="2017-08-05T19:22:53Z" user="juanperez79" uid="6218510" lat="-34.4875986" lon="-58.4806334"/>
 <node id="5016887969" visible="true" version="1" changeset="50869369" timestamp="2017-08-05T19:22:53Z" user="juanperez79" uid="6218510" lat="-34.4876352" lon="-58.4806496"/>
 <node id="5016887970" visible="true" version="1" changeset="50869369" timestamp="2017-08-05T19:22:53Z" user="juanperez79" uid="6218510" lat="-34.4878595" lon="-58.4806976"/>
 <node id="5016887971" visible="true" version="1" changeset="50869369" timestamp="2017-08-05T19:22:54Z" user="juanperez79" uid="6218510" lat="-34.4878279" lon="-58.4807213"/>
 <node id="5016887972" visible="true" version="1" changeset="50869369" timestamp="2017-08-05T19:22:54Z" user="juanperez79" uid="6218510" lat="-34.4849206" lon="-58.4804285"/>
 <node id="5016887973" visible="true" version="1" changeset="50869369" timestamp="2017-08-05T19:22:54Z" user="juanperez79" uid="6218510" lat="-34.4851089" lon="-58.4804376"/>
 <node id="5016887974" visible="true" version="1" changeset="50869369" timestamp="2017-08-05T19:22:54Z" user="juanperez79" uid="6218510" lat="-34.4848178" lon="-58.4806945"/>
 <node id="5016887975" visible="true" version="1" changeset="50869369" timestamp="2017-08-05T19:22:54Z" user="juanperez79" uid="6218510" lat="-34.4845072" lon="-58.4802640"/>
 <node id="5016887976" visible="true" version="1" changeset="50869369" timestamp="2017-08-05T19:22:54Z" user="juanperez79" uid="6218510" lat="-34.4843989" lon="-58.4801272"/>
 <node id="5016887977" visible="true" version="1" changeset="50869369" timestamp="2017-08-05T19:22:54Z" user="juanperez79" uid="6218510" lat="-34.4843535" lon="-58.4801218"/>
 <node id="5016887978" visible="true" version="1" changeset="50869369" timestamp="2017-08-05T19:22:54Z" user="juanperez79" uid="6218510" lat="-34.4842784" lon="-58.4801527"/>
 <node id="5016887979" visible="true" version="1" changeset="50869369" timestamp="2017-08-05T19:22:54Z" user="juanperez79" uid="6218510" lat="-34.4841966" lon="-58.4802144"/>
 <node id="5016887980" visible="true" version="1" changeset="50869369" timestamp="2017-08-05T19:22:54Z" user="juanperez79" uid="6218510" lat="-34.4841888" lon="-58.4802399"/>
 <node id="5016887981" visible="true" version="1" changeset="50869369" timestamp="2017-08-05T19:22:54Z" user="juanperez79" uid="6218510" lat="-34.4842220" lon="-58.4802868"/>
 <node id="5016887982" visible="true" version="1" changeset="50869369" timestamp="2017-08-05T19:22:54Z" user="juanperez79" uid="6218510" lat="-34.4842728" lon="-58.4803404"/>
 <node id="5016887983" visible="true" version="1" changeset="50869369" timestamp="2017-08-05T19:22:54Z" user="juanperez79" uid="6218510" lat="-34.4842728" lon="-58.4803874"/>
 <node id="5016887984" visible="true" version="1" changeset="50869369" timestamp="2017-08-05T19:22:54Z" user="juanperez79" uid="6218510" lat="-34.4842717" lon="-58.4804678"/>
 <node id="5016887985" visible="true" version="1" changeset="50869369" timestamp="2017-08-05T19:22:54Z" user="juanperez79" uid="6218510" lat="-34.4842806" lon="-58.4805456"/>
 <node id="5016887986" visible="true" version="1" changeset="50869369" timestamp="2017-08-05T19:22:54Z" user="juanperez79" uid="6218510" lat="-34.4843016" lon="-58.4806717"/>
 <node id="5016887987" visible="true" version="1" changeset="50869369" timestamp="2017-08-05T19:22:54Z" user="juanperez79" uid="6218510" lat="-34.4842994" lon="-58.4807347"/>
 <node id="5016887988" visible="true" version="1" changeset="50869369" timestamp="2017-08-05T19:22:54Z" user="juanperez79" uid="6218510" lat="-34.4843148" lon="-58.4807911"/>
 <node id="5018096456" visible="true" version="1" changeset="50885278" timestamp="2017-08-06T13:28:41Z" user="juanperez79" uid="6218510" lat="-34.4848134" lon="-58.4810563"/>
 <node id="5018096457" visible="true" version="1" changeset="50885278" timestamp="2017-08-06T13:28:41Z" user="juanperez79" uid="6218510" lat="-34.4847288" lon="-58.4808457"/>
 <node id="5018096458" visible="true" version="1" changeset="50885278" timestamp="2017-08-06T13:28:41Z" user="juanperez79" uid="6218510" lat="-34.4846548" lon="-58.4808819"/>
 <node id="5018096459" visible="true" version="1" changeset="50885278" timestamp="2017-08-06T13:28:41Z" user="juanperez79" uid="6218510" lat="-34.4846526" lon="-58.4808672"/>
 <node id="5018096460" visible="true" version="1" changeset="50885278" timestamp="2017-08-06T13:28:41Z" user="juanperez79" uid="6218510" lat="-34.4846072" lon="-58.4808873"/>
 <node id="5018096461" visible="true" version="1" changeset="50885278" timestamp="2017-08-06T13:28:41Z" user="juanperez79" uid="6218510" lat="-34.4845962" lon="-58.4808484"/>
 <node id="5018096462" visible="true" version="1" changeset="50885278" timestamp="2017-08-06T13:28:41Z" user="juanperez79" uid="6218510" lat="-34.4844912" lon="-58.4808980"/>
 <node id="5018096463" visible="true" version="1" changeset="50885278" timestamp="2017-08-06T13:28:41Z" user="juanperez79" uid="6218510" lat="-34.4845078" lon="-58.4809436"/>
 <node id="5018096464" visible="true" version="1" changeset="50885278" timestamp="2017-08-06T13:28:41Z" user="juanperez79" uid="6218510" lat="-34.4844503" lon="-58.4809691"/>
 <node id="5018096465" visible="true" version="1" changeset="50885278" timestamp="2017-08-06T13:28:41Z" user="juanperez79" uid="6218510" lat="-34.4844569" lon="-58.4809865"/>
 <node id="5018096466" visible="true" version="1" changeset="50885278" timestamp="2017-08-06T13:28:41Z" user="juanperez79" uid="6218510" lat="-34.4843917" lon="-58.4810174"/>
 <node id="5018096467" visible="true" version="1" changeset="50885278" timestamp="2017-08-06T13:28:42Z" user="juanperez79" uid="6218510" lat="-34.4844691" lon="-58.4812306"/>
 <node id="5018096468" visible="true" version="1" changeset="50885278" timestamp="2017-08-06T13:28:42Z" user="juanperez79" uid="6218510" lat="-34.4845310" lon="-58.4811998"/>
 <node id="5018096469" visible="true" version="1" changeset="50885278" timestamp="2017-08-06T13:28:42Z" user="juanperez79" uid="6218510" lat="-34.4845210" lon="-58.4811770"/>
 <node id="5018096470" visible="true" version="1" changeset="50885278" timestamp="2017-08-06T13:28:42Z" user="juanperez79" uid="6218510" lat="-34.4847277" lon="-58.4810697"/>
 <node id="5018096471" visible="true" version="1" changeset="50885278" timestamp="2017-08-06T13:28:42Z" user="juanperez79" uid="6218510" lat="-34.4847410" lon="-58.4810938"/>
 <node id="5018096472" visible="true" version="1" changeset="50885278" timestamp="2017-08-06T13:28:42Z" user="juanperez79" uid="6218510" lat="-34.4769326" lon="-58.4841628"/>
 <node id="5018197000" visible="true" version="2" changeset="158191567" timestamp="2024-10-22T00:52:54Z" user="csimeona22" uid="15166882" lat="-34.4781341" lon="-58.4842120"/>
 <node id="5018197001" visible="true" version="1" changeset="50887282" timestamp="2017-08-06T14:57:37Z" user="juanperez79" uid="6218510" lat="-34.4782827" lon="-58.4841472"/>
 <node id="5018197002" visible="true" version="2" changeset="158191567" timestamp="2024-10-22T00:52:54Z" user="csimeona22" uid="15166882" lat="-34.4781351" lon="-58.4840887"/>
 <node id="5018197003" visible="true" version="2" changeset="158191567" timestamp="2024-10-22T00:52:54Z" user="csimeona22" uid="15166882" lat="-34.4781651" lon="-58.4841069"/>
 <node id="5018197004" visible="true" version="2" changeset="158191567" timestamp="2024-10-22T00:52:54Z" user="csimeona22" uid="15166882" lat="-34.4781607" lon="-58.4841595"/>
 <node id="5018197005" visible="true" version="2" changeset="158191567" timestamp="2024-10-22T00:52:54Z" user="csimeona22" uid="15166882" lat="-34.4780871" lon="-58.4840942"/>
 <node id="5018197006" visible="true" version="2" changeset="158191567" timestamp="2024-10-22T00:52:54Z" user="csimeona22" uid="15166882" lat="-34.4779537" lon="-58.4841106"/>
 <node id="5018197007" visible="true" version="2" changeset="158191567" timestamp="2024-10-22T00:52:54Z" user="csimeona22" uid="15166882" lat="-34.4777377" lon="-58.4842197"/>
 <node id="5018197008" visible="true" version="2" changeset="158191567" timestamp="2024-10-22T00:52:54Z" user="csimeona22" uid="15166882" lat="-34.4776687" lon="-58.4842925"/>
 <node id="5018197009" visible="true" version="2" changeset="158191567" timestamp="2024-10-22T00:52:54Z" user="csimeona22" uid="15166882" lat="-34.4776372" lon="-58.4843944"/>
 <node id="5018197010" visible="true" version="2" changeset="158191567" timestamp="2024-10-22T00:52:54Z" user="csimeona22" uid="15166882" lat="-34.4776340" lon="-58.4844483"/>
 <node id="5018197011" visible="true" version="2" changeset="158191567" timestamp="2024-10-22T00:52:54Z" user="csimeona22" uid="15166882" lat="-34.4776735" lon="-58.4845285"/>
 <node id="5018197012" visible="true" version="1" changeset="50887282" timestamp="2017-08-06T14:57:37Z" user="juanperez79" uid="6218510" lat="-34.4757616" lon="-58.4863469"/>
 <node id="5018197013" visible="true" version="1" changeset="50887282" timestamp="2017-08-06T14:57:37Z" user="juanperez79" uid="6218510" lat="-34.4756382" lon="-58.4863628"/>
 <node id="5018197014" visible="true" version="1" changeset="50887282" timestamp="2017-08-06T14:57:37Z" user="juanperez79" uid="6218510" lat="-34.4752645" lon="-58.4869529"/>
 <node id="5018197015" visible="true" version="1" changeset="50887282" timestamp="2017-08-06T14:57:37Z" user="juanperez79" uid="6218510" lat="-34.4752380" lon="-58.4870253"/>
 <node id="5018197016" visible="true" version="1" changeset="50887282" timestamp="2017-08-06T14:57:37Z" user="juanperez79" uid="6218510" lat="-34.4752203" lon="-58.4873606"/>
 <node id="5018197017" visible="true" version="1" changeset="50887282" timestamp="2017-08-06T14:57:37Z" user="juanperez79" uid="6218510" lat="-34.4752048" lon="-58.4873927"/>
 <node id="5018197018" visible="true" version="1" changeset="50887282" timestamp="2017-08-06T14:57:37Z" user="juanperez79" uid="6218510" lat="-34.4751694" lon="-58.4874571"/>
 <node id="5018197019" visible="true" version="1" changeset="50887282" timestamp="2017-08-06T14:57:37Z" user="juanperez79" uid="6218510" lat="-34.4744243" lon="-58.4867034"/>
 <node id="5018197020" visible="true" version="1" changeset="50887282" timestamp="2017-08-06T14:57:37Z" user="juanperez79" uid="6218510" lat="-34.4744420" lon="-58.4866686"/>
 <node id="5018197821" visible="true" version="1" changeset="50887282" timestamp="2017-08-06T14:57:37Z" user="juanperez79" uid="6218510" lat="-34.4745061" lon="-58.4866417"/>
 <node id="5018197822" visible="true" version="1" changeset="50887282" timestamp="2017-08-06T14:57:37Z" user="juanperez79" uid="6218510" lat="-34.4746056" lon="-58.4865720"/>
 <node id="5018197823" visible="true" version="1" changeset="50887282" timestamp="2017-08-06T14:57:37Z" user="juanperez79" uid="6218510" lat="-34.4747161" lon="-58.4865076"/>
 <node id="5018197824" visible="true" version="1" changeset="50887282" timestamp="2017-08-06T14:57:37Z" user="juanperez79" uid="6218510" lat="-34.4748046" lon="-58.4864996"/>
 <node id="5018197825" visible="true" version="1" changeset="50887282" timestamp="2017-08-06T14:57:37Z" user="juanperez79" uid="6218510" lat="-34.4748952" lon="-58.4864727"/>
 <node id="5018197826" visible="true" version="1" changeset="50887282" timestamp="2017-08-06T14:57:37Z" user="juanperez79" uid="6218510" lat="-34.4749196" lon="-58.4863601"/>
 <node id="5018197827" visible="true" version="1" changeset="50887282" timestamp="2017-08-06T14:57:37Z" user="juanperez79" uid="6218510" lat="-34.4749196" lon="-58.4862877"/>
 <node id="5018197828" visible="true" version="1" changeset="50887282" timestamp="2017-08-06T14:57:37Z" user="juanperez79" uid="6218510" lat="-34.4749594" lon="-58.4862287"/>
 <node id="5018489021" visible="true" version="2" changeset="91233228" timestamp="2020-09-21T13:37:47Z" user="Fedejru" uid="3367777" lat="-34.4863304" lon="-58.4804527">
  <tag k="artwork_type" v="sculpture"/>
  <tag k="name" v="Cincel"/>
  <tag k="tourism" v="artwork"/>
 </node>
 <node id="5047067547" visible="true" version="1" changeset="51288496" timestamp="2017-08-21T00:32:57Z" user="juanperez79" uid="6218510" lat="-34.4755831" lon="-58.4905119"/>
 <node id="5047067550" visible="true" version="1" changeset="51288496" timestamp="2017-08-21T00:32:57Z" user="juanperez79" uid="6218510" lat="-34.4758035" lon="-58.4923800"/>
 <node id="5047067551" visible="true" version="1" changeset="51288496" timestamp="2017-08-21T00:32:57Z" user="juanperez79" uid="6218510" lat="-34.4749677" lon="-58.4909553"/>
 <node id="5047067552" visible="true" version="1" changeset="51288496" timestamp="2017-08-21T00:32:57Z" user="juanperez79" uid="6218510" lat="-34.4731406" lon="-58.4910624"/>
 <node id="5047067553" visible="true" version="1" changeset="51288496" timestamp="2017-08-21T00:32:57Z" user="juanperez79" uid="6218510" lat="-34.4733339" lon="-58.4907423"/>
 <node id="5047067557" visible="true" version="2" changeset="158791223" timestamp="2024-11-05T19:00:02Z" user="JConormaps" uid="21599775" lat="-34.4801226" lon="-58.4834007"/>
 <node id="5047067558" visible="true" version="1" changeset="51288496" timestamp="2017-08-21T00:32:57Z" user="juanperez79" uid="6218510" lat="-34.4810179" lon="-58.4851810"/>
 <node id="5047067559" visible="true" version="2" changeset="158791223" timestamp="2024-11-05T19:00:02Z" user="JConormaps" uid="21599775" lat="-34.4816947" lon="-58.4847193"/>
 <node id="5047067560" visible="true" version="1" changeset="51288496" timestamp="2017-08-21T00:32:57Z" user="juanperez79" uid="6218510" lat="-34.4807302" lon="-58.4829113"/>
 <node id="5047067561" visible="true" version="2" changeset="158791223" timestamp="2024-11-05T19:00:02Z" user="JConormaps" uid="21599775" lat="-34.4793705" lon="-58.4835569"/>
 <node id="5047075088" visible="true" version="1" changeset="51288635" timestamp="2017-08-21T00:58:16Z" user="juanperez79" uid="6218510" lat="-34.4873043" lon="-58.4830263"/>
 <node id="5047075089" visible="true" version="1" changeset="51288635" timestamp="2017-08-21T00:58:16Z" user="juanperez79" uid="6218510" lat="-34.4868590" lon="-58.4814862"/>
 <node id="5047075090" visible="true" version="1" changeset="51288635" timestamp="2017-08-21T00:58:16Z" user="juanperez79" uid="6218510" lat="-34.4875733" lon="-58.4814664"/>
 <node id="5047075091" visible="true" version="1" changeset="51288635" timestamp="2017-08-21T00:58:16Z" user="juanperez79" uid="6218510" lat="-34.4883691" lon="-58.4828234"/>
 <node id="5084792772" visible="true" version="1" changeset="51794934" timestamp="2017-09-06T22:45:47Z" user="juanperez79" uid="6218510" lat="-34.4766209" lon="-58.4882276"/>
 <node id="5084792773" visible="true" version="1" changeset="51794934" timestamp="2017-09-06T22:45:47Z" user="juanperez79" uid="6218510" lat="-34.4759991" lon="-58.4865642"/>
 <node id="5084792774" visible="true" version="1" changeset="51794934" timestamp="2017-09-06T22:45:47Z" user="juanperez79" uid="6218510" lat="-34.4758533" lon="-58.4868043"/>
 <node id="5084792775" visible="true" version="1" changeset="51794934" timestamp="2017-09-06T22:45:47Z" user="juanperez79" uid="6218510" lat="-34.4764407" lon="-58.4883520"/>
 <node id="5147954426" visible="true" version="1" changeset="52629536" timestamp="2017-10-04T16:00:15Z" user="MatiasJ" uid="3837224" lat="-34.4853781" lon="-58.4875510"/>
 <node id="5475659922" visible="true" version="2" changeset="125592514" timestamp="2022-08-31T02:01:10Z" user="EsLoQueHay" uid="11572928" lat="-34.4773300" lon="-58.4863866">
  <tag k="addr:city" v="Martínez"/>
  <tag k="addr:postcode" v="B1640"/>
  <tag k="name" v="Moto chris"/>
  <tag k="shop" v="travel_agency"/>
 </node>
 <node id="5747918986" visible="true" version="1" changeset="60519703" timestamp="2018-07-08T22:19:26Z" user="nurdafur" uid="3172019" lat="-34.4871786" lon="-58.4812008"/>
 <node id="5747918988" visible="true" version="1" changeset="60519703" timestamp="2018-07-08T22:19:26Z" user="nurdafur" uid="3172019" lat="-34.4874234" lon="-58.4809806"/>
 <node id="5747918989" visible="true" version="2" changeset="158790052" timestamp="2024-11-05T18:19:05Z" user="JConormaps" uid="21599775" lat="-34.4853282" lon="-58.4812527"/>
 <node id="5747918991" visible="true" version="1" changeset="60519703" timestamp="2018-07-08T22:19:27Z" user="nurdafur" uid="3172019" lat="-34.4850631" lon="-58.4807293"/>
 <node id="5747918992" visible="true" version="1" changeset="60519703" timestamp="2018-07-08T22:19:27Z" user="nurdafur" uid="3172019" lat="-34.4849299" lon="-58.4805280"/>
 <node id="5747918995" visible="true" version="1" changeset="60519703" timestamp="2018-07-08T22:19:27Z" user="nurdafur" uid="3172019" lat="-34.4848092" lon="-58.4805943"/>
 <node id="5747918996" visible="true" version="1" changeset="60519703" timestamp="2018-07-08T22:19:27Z" user="nurdafur" uid="3172019" lat="-34.4814762" lon="-58.4823877">
  <tag k="access" v="yes"/>
  <tag k="amenity" v="toilets"/>
  <tag k="toilets:disposal" v="chemical"/>
  <tag k="unisex" v="yes"/>
 </node>
 <node id="5747918997" visible="true" version="2" changeset="158790052" timestamp="2024-11-05T18:19:05Z" user="JConormaps" uid="21599775" lat="-34.4850012" lon="-58.4806231"/>
 <node id="5747918998" visible="true" version="1" changeset="60519703" timestamp="2018-07-08T22:19:27Z" user="nurdafur" uid="3172019" lat="-34.4874627" lon="-58.4811321"/>
 <node id="5747919000" visible="true" version="2" changeset="158790052" timestamp="2024-11-05T18:19:05Z" user="JConormaps" uid="21599775" lat="-34.4852304" lon="-58.4808846"/>
 <node id="5747919001" visible="true" version="2" changeset="158790052" timestamp="2024-11-05T18:19:05Z" user="JConormaps" uid="21599775" lat="-34.4851301" lon="-58.4808056"/>
 <node id="5747919003" visible="true" version="1" changeset="60519703" timestamp="2018-07-08T22:19:27Z" user="nurdafur" uid="3172019" lat="-34.4870539" lon="-58.4812184"/>
 <node id="5747919004" visible="true" version="2" changeset="158790052" timestamp="2024-11-05T18:19:05Z" user="JConormaps" uid="21599775" lat="-34.4854038" lon="-58.4810853"/>
 <node id="5747919005" visible="true" version="1" changeset="60519703" timestamp="2018-07-08T22:19:27Z" user="nurdafur" uid="3172019" lat="-34.4870826" lon="-58.4809466"/>
 <node id="5747919007" visible="true" version="1" changeset="60519703" timestamp="2018-07-08T22:19:27Z" user="nurdafur" uid="3172019" lat="-34.4875997" lon="-58.4811797"/>
 <node id="5992927671" visible="true" version="2" changeset="158790052" timestamp="2024-11-05T18:19:05Z" user="JConormaps" uid="21599775" lat="-34.4873734" lon="-58.4856441">
  <tag k="description" v="Detección de violación de luz roja"/>
  <tag k="highway" v="speed_camera"/>
 </node>
 <node id="6097103541" visible="true" version="2" changeset="158791223" timestamp="2024-11-05T19:00:02Z" user="JConormaps" uid="21599775" lat="-34.4831086" lon="-58.4851635"/>
 <node id="6097103542" visible="true" version="2" changeset="158791223" timestamp="2024-11-05T19:00:02Z" user="JConormaps" uid="21599775" lat="-34.4831971" lon="-58.4849453"/>
 <node id="6301571048" visible="true" version="1" changeset="67553578" timestamp="2019-02-25T16:05:46Z" user="Barta" uid="185325" lat="-34.4764058" lon="-58.4986421"/>
 <node id="6301571049" visible="true" version="1" changeset="67553578" timestamp="2019-02-25T16:05:46Z" user="Barta" uid="185325" lat="-34.4768349" lon="-58.4979960"/>
 <node id="6301571050" visible="true" version="2" changeset="126000661" timestamp="2022-09-10T02:20:00Z" user="AgusQui" uid="331218" lat="-34.4789776" lon="-58.4935424"/>
 <node id="6301571051" visible="true" version="2" changeset="126000661" timestamp="2022-09-10T02:20:00Z" user="AgusQui" uid="331218" lat="-34.4824319" lon="-58.4904673"/>
 <node id="6301571052" visible="true" version="2" changeset="126000661" timestamp="2022-09-10T02:20:00Z" user="AgusQui" uid="331218" lat="-34.4824766" lon="-58.4901970"/>
 <node id="6301571053" visible="true" version="2" changeset="126000661" timestamp="2022-09-10T02:20:00Z" user="AgusQui" uid="331218" lat="-34.4837368" lon="-58.4891347"/>
 <node id="6301571054" visible="true" version="1" changeset="67553578" timestamp="2019-02-25T16:05:46Z" user="Barta" uid="185325" lat="-34.4829138" lon="-58.4872389"/>
 <node id="6301571055" visible="true" version="1" changeset="67553578" timestamp="2019-02-25T16:05:46Z" user="Barta" uid="185325" lat="-34.4817057" lon="-58.4847798"/>
 <node id="6301571056" visible="true" version="1" changeset="67553578" timestamp="2019-02-25T16:05:46Z" user="Barta" uid="185325" lat="-34.4810043" lon="-58.4852323"/>
 <node id="6301571057" visible="true" version="1" changeset="67553578" timestamp="2019-02-25T16:05:46Z" user="Barta" uid="185325" lat="-34.4801651" lon="-58.4834765"/>
 <node id="6301571058" visible="true" version="1" changeset="67553578" timestamp="2019-02-25T16:05:46Z" user="Barta" uid="185325" lat="-34.4777244" lon="-58.4848388"/>
 <node id="6301571059" visible="true" version="1" changeset="67553578" timestamp="2019-02-25T16:05:46Z" user="Barta" uid="185325" lat="-34.4768730" lon="-58.4855225"/>
 <node id="6301571060" visible="true" version="1" changeset="67553578" timestamp="2019-02-25T16:05:46Z" user="Barta" uid="185325" lat="-34.4761959" lon="-58.4863143"/>
 <node id="6301571061" visible="true" version="1" changeset="67553578" timestamp="2019-02-25T16:05:46Z" user="Barta" uid="185325" lat="-34.4758391" lon="-58.4868947"/>
 <node id="6301571062" visible="true" version="1" changeset="67553578" timestamp="2019-02-25T16:05:46Z" user="Barta" uid="185325" lat="-34.4746714" lon="-58.4889210"/>
 <node id="6301571063" visible="true" version="1" changeset="67553578" timestamp="2019-02-25T16:05:46Z" user="Barta" uid="185325" lat="-34.4751255" lon="-58.4895604"/>
 <node id="6301571064" visible="true" version="1" changeset="67553578" timestamp="2019-02-25T16:05:46Z" user="Barta" uid="185325" lat="-34.4758269" lon="-58.4924011"/>
 <node id="6301571065" visible="true" version="1" changeset="67553578" timestamp="2019-02-25T16:05:46Z" user="Barta" uid="185325" lat="-34.4749709" lon="-58.4929982"/>
 <node id="6301571066" visible="true" version="1" changeset="67553578" timestamp="2019-02-25T16:05:46Z" user="Barta" uid="185325" lat="-34.4744263" lon="-58.4919466"/>
 <node id="6301571067" visible="true" version="1" changeset="67553578" timestamp="2019-02-25T16:05:46Z" user="Barta" uid="185325" lat="-34.4742978" lon="-58.4920708"/>
 <node id="6301571068" visible="true" version="1" changeset="67553578" timestamp="2019-02-25T16:05:46Z" user="Barta" uid="185325" lat="-34.4740408" lon="-58.4927762"/>
 <node id="6301571069" visible="true" version="1" changeset="67553578" timestamp="2019-02-25T16:05:47Z" user="Barta" uid="185325" lat="-34.4739645" lon="-58.4944752"/>
 <node id="6301571070" visible="true" version="1" changeset="67553578" timestamp="2019-02-25T16:05:47Z" user="Barta" uid="185325" lat="-34.4740843" lon="-58.4946047"/>
 <node id="6301571071" visible="true" version="1" changeset="67553578" timestamp="2019-02-25T16:05:47Z" user="Barta" uid="185325" lat="-34.4744764" lon="-58.4948847"/>
 <node id="6301571072" visible="true" version="1" changeset="67553578" timestamp="2019-02-25T16:05:47Z" user="Barta" uid="185325" lat="-34.4746311" lon="-58.4950512"/>
 <node id="6301571073" visible="true" version="1" changeset="67553578" timestamp="2019-02-25T16:05:47Z" user="Barta" uid="185325" lat="-34.4748227" lon="-58.4953947"/>
 <node id="6313602042" visible="true" version="1" changeset="67728248" timestamp="2019-03-03T04:41:44Z" user="Barta" uid="185325" lat="-34.4914767" lon="-58.4844039"/>
 <node id="6313602043" visible="true" version="1" changeset="67728248" timestamp="2019-03-03T04:41:44Z" user="Barta" uid="185325" lat="-34.4915117" lon="-58.4843068"/>
 <node id="6313602044" visible="true" version="1" changeset="67728248" timestamp="2019-03-03T04:41:44Z" user="Barta" uid="185325" lat="-34.4915134" lon="-58.4842219"/>
 <node id="6313602045" visible="true" version="1" changeset="67728248" timestamp="2019-03-03T04:41:44Z" user="Barta" uid="185325" lat="-34.4915067" lon="-58.4841654"/>
 <node id="6313602046" visible="true" version="1" changeset="67728248" timestamp="2019-03-03T04:41:44Z" user="Barta" uid="185325" lat="-34.4915134" lon="-58.4840865"/>
 <node id="6313602047" visible="true" version="1" changeset="67728248" timestamp="2019-03-03T04:41:44Z" user="Barta" uid="185325" lat="-34.4904422" lon="-58.4814649"/>
 <node id="6313602048" visible="true" version="1" changeset="67728248" timestamp="2019-03-03T04:41:44Z" user="Barta" uid="185325" lat="-34.4883170" lon="-58.4815365"/>
 <node id="6313602049" visible="true" version="1" changeset="67728248" timestamp="2019-03-03T04:41:44Z" user="Barta" uid="185325" lat="-34.4883091" lon="-58.4815944"/>
 <node id="6313602050" visible="true" version="1" changeset="67728248" timestamp="2019-03-03T04:41:44Z" user="Barta" uid="185325" lat="-34.4887941" lon="-58.4827087"/>
 <node id="6313602051" visible="true" version="1" changeset="67728248" timestamp="2019-03-03T04:41:44Z" user="Barta" uid="185325" lat="-34.4879552" lon="-58.4829403"/>
 <node id="6313602052" visible="true" version="1" changeset="67728248" timestamp="2019-03-03T04:41:44Z" user="Barta" uid="185325" lat="-34.4878717" lon="-58.4829258"/>
 <node id="6313602053" visible="true" version="1" changeset="67728248" timestamp="2019-03-03T04:41:44Z" user="Barta" uid="185325" lat="-34.4871202" lon="-58.4831284"/>
 <node id="6313602054" visible="true" version="1" changeset="67728248" timestamp="2019-03-03T04:41:44Z" user="Barta" uid="185325" lat="-34.4876690" lon="-58.4850270"/>
 <node id="6313602055" visible="true" version="1" changeset="67728248" timestamp="2019-03-03T04:41:44Z" user="Barta" uid="185325" lat="-34.4870595" lon="-58.4856667"/>
 <node id="6313602056" visible="true" version="1" changeset="67728248" timestamp="2019-03-03T04:41:44Z" user="Barta" uid="185325" lat="-34.4886389" lon="-58.4851766"/>
 <node id="6313602057" visible="true" version="1" changeset="67728248" timestamp="2019-03-03T04:41:44Z" user="Barta" uid="185325" lat="-34.4897394" lon="-58.4848685"/>
 <node id="6313602058" visible="true" version="1" changeset="67728248" timestamp="2019-03-03T04:41:44Z" user="Barta" uid="185325" lat="-34.4906367" lon="-58.4846191"/>
 <node id="6313602059" visible="true" version="1" changeset="67728248" timestamp="2019-03-03T04:41:44Z" user="Barta" uid="185325" lat="-34.4852243" lon="-58.4816306"/>
 <node id="6313602060" visible="true" version="1" changeset="67728248" timestamp="2019-03-03T04:41:44Z" user="Barta" uid="185325" lat="-34.4844289" lon="-58.4817976"/>
 <node id="6313602061" visible="true" version="1" changeset="67728248" timestamp="2019-03-03T04:41:44Z" user="Barta" uid="185325" lat="-34.4833583" lon="-58.4820945"/>
 <node id="6313602062" visible="true" version="1" changeset="67728248" timestamp="2019-03-03T04:41:44Z" user="Barta" uid="185325" lat="-34.4815841" lon="-58.4828367"/>
 <node id="6313602063" visible="true" version="1" changeset="67728248" timestamp="2019-03-03T04:41:44Z" user="Barta" uid="185325" lat="-34.4809978" lon="-58.4831088"/>
 <node id="6313602064" visible="true" version="1" changeset="67728248" timestamp="2019-03-03T04:41:44Z" user="Barta" uid="185325" lat="-34.4838936" lon="-58.4889907"/>
 <node id="6313602065" visible="true" version="1" changeset="67728248" timestamp="2019-03-03T04:41:44Z" user="Barta" uid="185325" lat="-34.4869243" lon="-58.4858316"/>
 <node id="6313602066" visible="true" version="1" changeset="67728248" timestamp="2019-03-03T04:41:44Z" user="Barta" uid="185325" lat="-34.4869739" lon="-58.4857262"/>
 <node id="6313602072" visible="true" version="1" changeset="67728248" timestamp="2019-03-03T04:41:44Z" user="Barta" uid="185325" lat="-34.4822427" lon="-58.4856374"/>
 <node id="6313602078" visible="true" version="1" changeset="67728248" timestamp="2019-03-03T04:41:44Z" user="Barta" uid="185325" lat="-34.4900629" lon="-58.4814777"/>
 <node id="6324013989" visible="true" version="1" changeset="67898483" timestamp="2019-03-07T20:02:52Z" user="Barta" uid="185325" lat="-34.4946056" lon="-58.4910758"/>
 <node id="6324013990" visible="true" version="1" changeset="67898483" timestamp="2019-03-07T20:02:52Z" user="Barta" uid="185325" lat="-34.4939590" lon="-58.4915194"/>
 <node id="6324013991" visible="true" version="1" changeset="67898483" timestamp="2019-03-07T20:02:52Z" user="Barta" uid="185325" lat="-34.4930703" lon="-58.4922187"/>
 <node id="6324013992" visible="true" version="1" changeset="67898483" timestamp="2019-03-07T20:02:52Z" user="Barta" uid="185325" lat="-34.4913557" lon="-58.4934675"/>
 <node id="6324013993" visible="true" version="1" changeset="67898483" timestamp="2019-03-07T20:02:52Z" user="Barta" uid="185325" lat="-34.4898566" lon="-58.4947104"/>
 <node id="6324013994" visible="true" version="1" changeset="67898483" timestamp="2019-03-07T20:02:52Z" user="Barta" uid="185325" lat="-34.4882437" lon="-58.4965791"/>
 <node id="6324013995" visible="true" version="1" changeset="67898483" timestamp="2019-03-07T20:02:52Z" user="Barta" uid="185325" lat="-34.4881735" lon="-58.4965968"/>
 <node id="6324013996" visible="true" version="1" changeset="67898483" timestamp="2019-03-07T20:02:52Z" user="Barta" uid="185325" lat="-34.4880960" lon="-58.4964998"/>
 <node id="6324013997" visible="true" version="1" changeset="67898483" timestamp="2019-03-07T20:02:52Z" user="Barta" uid="185325" lat="-34.4877569" lon="-58.4968377"/>
 <node id="6324013998" visible="true" version="1" changeset="67898483" timestamp="2019-03-07T20:02:52Z" user="Barta" uid="185325" lat="-34.4874348" lon="-58.4961560"/>
 <node id="6324013999" visible="true" version="1" changeset="67898483" timestamp="2019-03-07T20:02:52Z" user="Barta" uid="185325" lat="-34.4872967" lon="-58.4959092"/>
 <node id="6324014000" visible="true" version="1" changeset="67898483" timestamp="2019-03-07T20:02:52Z" user="Barta" uid="185325" lat="-34.4840368" lon="-58.4893099"/>
 <node id="6324014001" visible="true" version="1" changeset="67898483" timestamp="2019-03-07T20:02:52Z" user="Barta" uid="185325" lat="-34.4840683" lon="-58.4891835"/>
 <node id="6324014002" visible="true" version="1" changeset="67898483" timestamp="2019-03-07T20:02:52Z" user="Barta" uid="185325" lat="-34.4870497" lon="-58.4858809"/>
 <node id="6324014003" visible="true" version="1" changeset="67898483" timestamp="2019-03-07T20:02:52Z" user="Barta" uid="185325" lat="-34.4899487" lon="-58.4849495"/>
 <node id="6849074749" visible="true" version="1" changeset="75258669" timestamp="2019-10-04T03:41:06Z" user="Degorap" uid="10244496" lat="-34.4751732" lon="-58.4873700">
  <tag k="natural" v="tree"/>
 </node>
 <node id="6849074750" visible="true" version="1" changeset="75258669" timestamp="2019-10-04T03:41:06Z" user="Degorap" uid="10244496" lat="-34.4754341" lon="-58.4860611">
  <tag k="natural" v="tree"/>
 </node>
 <node id="6849074751" visible="true" version="1" changeset="75258669" timestamp="2019-10-04T03:41:06Z" user="Degorap" uid="10244496" lat="-34.4759073" lon="-58.4862810">
  <tag k="natural" v="tree"/>
 </node>
 <node id="6849074752" visible="true" version="1" changeset="75258669" timestamp="2019-10-04T03:41:06Z" user="Degorap" uid="10244496" lat="-34.4757393" lon="-58.4863079">
  <tag k="natural" v="tree"/>
 </node>
 <node id="6849074753" visible="true" version="1" changeset="75258669" timestamp="2019-10-04T03:41:06Z" user="Degorap" uid="10244496" lat="-34.4755889" lon="-58.4866834">
  <tag k="natural" v="tree"/>
 </node>
 <node id="6849074754" visible="true" version="1" changeset="75258669" timestamp="2019-10-04T03:41:06Z" user="Degorap" uid="10244496" lat="-34.4753678" lon="-58.4871554">
  <tag k="natural" v="tree"/>
 </node>
 <node id="6849074755" visible="true" version="1" changeset="75258669" timestamp="2019-10-04T03:41:06Z" user="Degorap" uid="10244496" lat="-34.4751688" lon="-58.4871876">
  <tag k="natural" v="tree"/>
 </node>
 <node id="6849074756" visible="true" version="1" changeset="75258669" timestamp="2019-10-04T03:41:06Z" user="Degorap" uid="10244496" lat="-34.4756906" lon="-58.4860021"/>
 <node id="6849074757" visible="true" version="1" changeset="75258669" timestamp="2019-10-04T03:41:06Z" user="Degorap" uid="10244496" lat="-34.4754916" lon="-58.4857661"/>
 <node id="6849074758" visible="true" version="1" changeset="75258669" timestamp="2019-10-04T03:41:06Z" user="Degorap" uid="10244496" lat="-34.4761903" lon="-58.4857500">
  <tag k="natural" v="tree"/>
 </node>
 <node id="6849074759" visible="true" version="1" changeset="75258669" timestamp="2019-10-04T03:41:06Z" user="Degorap" uid="10244496" lat="-34.4769510" lon="-58.4849507">
  <tag k="natural" v="tree"/>
 </node>
 <node id="6849074760" visible="true" version="1" changeset="75258669" timestamp="2019-10-04T03:41:06Z" user="Degorap" uid="10244496" lat="-34.4813288" lon="-58.4819225">
  <tag k="natural" v="tree"/>
 </node>
 <node id="6849074761" visible="true" version="1" changeset="75258669" timestamp="2019-10-04T03:41:06Z" user="Degorap" uid="10244496" lat="-34.4813332" lon="-58.4821612">
  <tag k="natural" v="tree"/>
 </node>
 <node id="6849074762" visible="true" version="1" changeset="75258669" timestamp="2019-10-04T03:41:06Z" user="Degorap" uid="10244496" lat="-34.4812824" lon="-58.4822685">
  <tag k="natural" v="tree"/>
 </node>
 <node id="6849074763" visible="true" version="1" changeset="75258669" timestamp="2019-10-04T03:41:06Z" user="Degorap" uid="10244496" lat="-34.4812072" lon="-58.4820727">
  <tag k="natural" v="tree"/>
 </node>
 <node id="6849074764" visible="true" version="1" changeset="75258669" timestamp="2019-10-04T03:41:06Z" user="Degorap" uid="10244496" lat="-34.4810613" lon="-58.4820780">
  <tag k="natural" v="tree"/>
 </node>
 <node id="6849074765" visible="true" version="1" changeset="75258669" timestamp="2019-10-04T03:41:06Z" user="Degorap" uid="10244496" lat="-34.4808866" lon="-58.4823436">
  <tag k="natural" v="tree"/>
 </node>
 <node id="6849074766" visible="true" version="1" changeset="75258669" timestamp="2019-10-04T03:41:06Z" user="Degorap" uid="10244496" lat="-34.4810569" lon="-58.4827110">
  <tag k="natural" v="tree"/>
 </node>
 <node id="6849074767" visible="true" version="1" changeset="75258669" timestamp="2019-10-04T03:41:06Z" user="Degorap" uid="10244496" lat="-34.4813023" lon="-58.4825850">
  <tag k="natural" v="tree"/>
 </node>
 <node id="6849074768" visible="true" version="1" changeset="75258669" timestamp="2019-10-04T03:41:06Z" user="Degorap" uid="10244496" lat="-34.4816737" lon="-58.4821531">
  <tag k="natural" v="tree"/>
 </node>
 <node id="6849074769" visible="true" version="1" changeset="75258669" timestamp="2019-10-04T03:41:06Z" user="Degorap" uid="10244496" lat="-34.4815963" lon="-58.4821504">
  <tag k="natural" v="tree"/>
 </node>
 <node id="6849074770" visible="true" version="1" changeset="75258669" timestamp="2019-10-04T03:41:06Z" user="Degorap" uid="10244496" lat="-34.4815919" lon="-58.4822363">
  <tag k="natural" v="tree"/>
 </node>
 <node id="6849074771" visible="true" version="1" changeset="75258669" timestamp="2019-10-04T03:41:06Z" user="Degorap" uid="10244496" lat="-34.4819634" lon="-58.4818983">
  <tag k="natural" v="tree"/>
 </node>
 <node id="6849074772" visible="true" version="1" changeset="75258669" timestamp="2019-10-04T03:41:06Z" user="Degorap" uid="10244496" lat="-34.4835132" lon="-58.4809917">
  <tag k="natural" v="tree"/>
 </node>
 <node id="6849074773" visible="true" version="1" changeset="75258669" timestamp="2019-10-04T03:41:06Z" user="Degorap" uid="10244496" lat="-34.4834314" lon="-58.4808764">
  <tag k="natural" v="tree"/>
 </node>
 <node id="6849074774" visible="true" version="1" changeset="75258669" timestamp="2019-10-04T03:41:06Z" user="Degorap" uid="10244496" lat="-34.4840615" lon="-58.4814128"/>
 <node id="6849074775" visible="true" version="1" changeset="75258669" timestamp="2019-10-04T03:41:06Z" user="Degorap" uid="10244496" lat="-34.4838957" lon="-58.4814557"/>
 <node id="6849074776" visible="true" version="1" changeset="75258669" timestamp="2019-10-04T03:41:06Z" user="Degorap" uid="10244496" lat="-34.4836636" lon="-58.4815121"/>
 <node id="6849074777" visible="true" version="1" changeset="75258669" timestamp="2019-10-04T03:41:06Z" user="Degorap" uid="10244496" lat="-34.4833872" lon="-58.4816462"/>
 <node id="6849074778" visible="true" version="1" changeset="75258669" timestamp="2019-10-04T03:41:06Z" user="Degorap" uid="10244496" lat="-34.4831130" lon="-58.4817776"/>
 <node id="6849074779" visible="true" version="1" changeset="75258669" timestamp="2019-10-04T03:41:06Z" user="Degorap" uid="10244496" lat="-34.4827394" lon="-58.4819385"/>
 <node id="6849074780" visible="true" version="1" changeset="75258669" timestamp="2019-10-04T03:41:06Z" user="Degorap" uid="10244496" lat="-34.4829406" lon="-58.4815791">
  <tag k="natural" v="tree"/>
 </node>
 <node id="6849074781" visible="true" version="1" changeset="75258669" timestamp="2019-10-04T03:41:06Z" user="Degorap" uid="10244496" lat="-34.4828389" lon="-58.4811768">
  <tag k="natural" v="tree"/>
 </node>
 <node id="6849074782" visible="true" version="1" changeset="75258669" timestamp="2019-10-04T03:41:06Z" user="Degorap" uid="10244496" lat="-34.4828389" lon="-58.4809783">
  <tag k="natural" v="tree"/>
 </node>
 <node id="6849074783" visible="true" version="1" changeset="75258669" timestamp="2019-10-04T03:41:06Z" user="Degorap" uid="10244496" lat="-34.4825603" lon="-58.4810266"/>
 <node id="6849074784" visible="true" version="1" changeset="75258669" timestamp="2019-10-04T03:41:06Z" user="Degorap" uid="10244496" lat="-34.4827328" lon="-58.4814182"/>
 <node id="6849090271" visible="true" version="1" changeset="75258268" timestamp="2019-10-04T03:18:06Z" user="Degorap" uid="10244496" lat="-34.4856976" lon="-58.4873325">
  <tag k="natural" v="tree"/>
 </node>
 <node id="6849090272" visible="true" version="1" changeset="75258268" timestamp="2019-10-04T03:18:06Z" user="Degorap" uid="10244496" lat="-34.4861088" lon="-58.4869489">
  <tag k="natural" v="tree"/>
 </node>
 <node id="6849090273" visible="true" version="1" changeset="75258268" timestamp="2019-10-04T03:18:06Z" user="Degorap" uid="10244496" lat="-34.4855937" lon="-58.4872064"/>
 <node id="6849090274" visible="true" version="1" changeset="75258268" timestamp="2019-10-04T03:18:06Z" user="Degorap" uid="10244496" lat="-34.4862083" lon="-58.4865224"/>
 <node id="6849090275" visible="true" version="1" changeset="75258268" timestamp="2019-10-04T03:18:06Z" user="Degorap" uid="10244496" lat="-34.4862547" lon="-58.4867424">
  <tag k="natural" v="tree"/>
 </node>
 <node id="6849090276" visible="true" version="1" changeset="75258268" timestamp="2019-10-04T03:18:06Z" user="Degorap" uid="10244496" lat="-34.4866217" lon="-58.4863669">
  <tag k="natural" v="tree"/>
 </node>
 <node id="6849090277" visible="true" version="1" changeset="75258268" timestamp="2019-10-04T03:18:06Z" user="Degorap" uid="10244496" lat="-34.4863652" lon="-58.4863991"/>
 <node id="6849090278" visible="true" version="1" changeset="75258268" timestamp="2019-10-04T03:18:06Z" user="Degorap" uid="10244496" lat="-34.4868737" lon="-58.4857982"/>
 <node id="6849090279" visible="true" version="1" changeset="75258268" timestamp="2019-10-04T03:18:06Z" user="Degorap" uid="10244496" lat="-34.4871567" lon="-58.4856641"/>
 <node id="6849090280" visible="true" version="1" changeset="75258268" timestamp="2019-10-04T03:18:06Z" user="Degorap" uid="10244496" lat="-34.4874972" lon="-58.4855300"/>
 <node id="6849090281" visible="true" version="1" changeset="75258268" timestamp="2019-10-04T03:18:06Z" user="Degorap" uid="10244496" lat="-34.4872319" lon="-58.4858197"/>
 <node id="6849090282" visible="true" version="1" changeset="75258268" timestamp="2019-10-04T03:18:06Z" user="Degorap" uid="10244496" lat="-34.4877227" lon="-58.4856319"/>
 <node id="6849120385" visible="true" version="1" changeset="75258669" timestamp="2019-10-04T03:41:06Z" user="Degorap" uid="10244496" lat="-34.4824785" lon="-58.4810802"/>
 <node id="6849120386" visible="true" version="1" changeset="75258669" timestamp="2019-10-04T03:41:06Z" user="Degorap" uid="10244496" lat="-34.4826421" lon="-58.4814665"/>
 <node id="6849120387" visible="true" version="1" changeset="75258669" timestamp="2019-10-04T03:41:06Z" user="Degorap" uid="10244496" lat="-34.4879659" lon="-58.4826815"/>
 <node id="6849120388" visible="true" version="1" changeset="75258669" timestamp="2019-10-04T03:41:06Z" user="Degorap" uid="10244496" lat="-34.4879482" lon="-58.4826279"/>
 <node id="6849120389" visible="true" version="1" changeset="75258669" timestamp="2019-10-04T03:41:06Z" user="Degorap" uid="10244496" lat="-34.4877934" lon="-58.4821022"/>
 <node id="6849120390" visible="true" version="1" changeset="75258669" timestamp="2019-10-04T03:41:06Z" user="Degorap" uid="10244496" lat="-34.4875900" lon="-58.4816355"/>
 <node id="6849120391" visible="true" version="1" changeset="75258669" timestamp="2019-10-04T03:41:06Z" user="Degorap" uid="10244496" lat="-34.4874176" lon="-58.4816194"/>
 <node id="6849120392" visible="true" version="1" changeset="75258669" timestamp="2019-10-04T03:41:06Z" user="Degorap" uid="10244496" lat="-34.4869489" lon="-58.4816301"/>
 <node id="6849120393" visible="true" version="1" changeset="75258669" timestamp="2019-10-04T03:41:06Z" user="Degorap" uid="10244496" lat="-34.4869887" lon="-58.4817910"/>
 <node id="6849120394" visible="true" version="1" changeset="75258669" timestamp="2019-10-04T03:41:06Z" user="Degorap" uid="10244496" lat="-34.4872098" lon="-58.4826064"/>
 <node id="6849120395" visible="true" version="1" changeset="75258669" timestamp="2019-10-04T03:41:06Z" user="Degorap" uid="10244496" lat="-34.4872805" lon="-58.4840226"/>
 <node id="6849120396" visible="true" version="1" changeset="75258669" timestamp="2019-10-04T03:41:06Z" user="Degorap" uid="10244496" lat="-34.4871037" lon="-58.4833896"/>
 <node id="6849120397" visible="true" version="1" changeset="75258669" timestamp="2019-10-04T03:41:06Z" user="Degorap" uid="10244496" lat="-34.4869666" lon="-58.4829980"/>
 <node id="6849120398" visible="true" version="1" changeset="75258669" timestamp="2019-10-04T03:41:06Z" user="Degorap" uid="10244496" lat="-34.4866703" lon="-58.4821129"/>
 <node id="6849120399" visible="true" version="1" changeset="75258669" timestamp="2019-10-04T03:41:06Z" user="Degorap" uid="10244496" lat="-34.4861707" lon="-58.4830195"/>
 <node id="6849120400" visible="true" version="1" changeset="75258669" timestamp="2019-10-04T03:41:06Z" user="Degorap" uid="10244496" lat="-34.4862459" lon="-58.4832126"/>
 <node id="6849120401" visible="true" version="1" changeset="75258669" timestamp="2019-10-04T03:41:06Z" user="Degorap" uid="10244496" lat="-34.4865288" lon="-58.4839958"/>
 <node id="6849120402" visible="true" version="1" changeset="75258669" timestamp="2019-10-04T03:41:06Z" user="Degorap" uid="10244496" lat="-34.4860292" lon="-58.4825742"/>
 <node id="6849120403" visible="true" version="1" changeset="75258669" timestamp="2019-10-04T03:41:06Z" user="Degorap" uid="10244496" lat="-34.4861707" lon="-58.4821665"/>
 <node id="6849120404" visible="true" version="1" changeset="75258669" timestamp="2019-10-04T03:41:06Z" user="Degorap" uid="10244496" lat="-34.4864493" lon="-58.4819198"/>
 <node id="6849120405" visible="true" version="1" changeset="75258669" timestamp="2019-10-04T03:41:06Z" user="Degorap" uid="10244496" lat="-34.4864802" lon="-58.4816515"/>
 <node id="6849120406" visible="true" version="1" changeset="75258669" timestamp="2019-10-04T03:41:06Z" user="Degorap" uid="10244496" lat="-34.4855517" lon="-58.4816891"/>
 <node id="6849120407" visible="true" version="1" changeset="75258669" timestamp="2019-10-04T03:41:06Z" user="Degorap" uid="10244496" lat="-34.4809706" lon="-58.4854925"/>
 <node id="6849120408" visible="true" version="1" changeset="75258669" timestamp="2019-10-04T03:41:06Z" user="Degorap" uid="10244496" lat="-34.4807097" lon="-58.4851009"/>
 <node id="6849120409" visible="true" version="1" changeset="75258669" timestamp="2019-10-04T03:41:06Z" user="Degorap" uid="10244496" lat="-34.4808468" lon="-58.4849399"/>
 <node id="6849120410" visible="true" version="1" changeset="75258669" timestamp="2019-10-04T03:41:06Z" user="Degorap" uid="10244496" lat="-34.4812359" lon="-58.4857446"/>
 <node id="6849120411" visible="true" version="1" changeset="75258669" timestamp="2019-10-04T03:41:06Z" user="Degorap" uid="10244496" lat="-34.4814349" lon="-58.4862059"/>
 <node id="6849120412" visible="true" version="1" changeset="75258669" timestamp="2019-10-04T03:41:06Z" user="Degorap" uid="10244496" lat="-34.4812713" lon="-58.4864044"/>
 <node id="6849120413" visible="true" version="1" changeset="75258669" timestamp="2019-10-04T03:41:06Z" user="Degorap" uid="10244496" lat="-34.4809618" lon="-58.4866566"/>
 <node id="6849120414" visible="true" version="1" changeset="75258669" timestamp="2019-10-04T03:41:06Z" user="Degorap" uid="10244496" lat="-34.4808999" lon="-58.4865063"/>
 <node id="6849120415" visible="true" version="1" changeset="75258669" timestamp="2019-10-04T03:41:06Z" user="Degorap" uid="10244496" lat="-34.4807230" lon="-58.4861469"/>
 <node id="6849120416" visible="true" version="1" changeset="75258669" timestamp="2019-10-04T03:41:06Z" user="Degorap" uid="10244496" lat="-34.4804709" lon="-58.4857285"/>
 <node id="6849120417" visible="true" version="1" changeset="75258669" timestamp="2019-10-04T03:41:06Z" user="Degorap" uid="10244496" lat="-34.4801924" lon="-58.4850955"/>
 <node id="6849120418" visible="true" version="1" changeset="75258669" timestamp="2019-10-04T03:41:06Z" user="Degorap" uid="10244496" lat="-34.4796086" lon="-58.4838617"/>
 <node id="6849120419" visible="true" version="1" changeset="75258669" timestamp="2019-10-04T03:41:06Z" user="Degorap" uid="10244496" lat="-34.4798165" lon="-58.4843659"/>
 <node id="6849120420" visible="true" version="1" changeset="75258669" timestamp="2019-10-04T03:41:06Z" user="Degorap" uid="10244496" lat="-34.4800111" lon="-58.4847146"/>
 <node id="6849120421" visible="true" version="1" changeset="75258669" timestamp="2019-10-04T03:41:06Z" user="Degorap" uid="10244496" lat="-34.4801570" lon="-58.4848595"/>
 <node id="6849120422" visible="true" version="1" changeset="75258669" timestamp="2019-10-04T03:41:06Z" user="Degorap" uid="10244496" lat="-34.4835486" lon="-58.4820807"/>
 <node id="6849120423" visible="true" version="1" changeset="75258669" timestamp="2019-10-04T03:41:06Z" user="Degorap" uid="10244496" lat="-34.4837653" lon="-58.4826118"/>
 <node id="6849120424" visible="true" version="1" changeset="75258669" timestamp="2019-10-04T03:41:06Z" user="Degorap" uid="10244496" lat="-34.4837122" lon="-58.4819788"/>
 <node id="6849120425" visible="true" version="1" changeset="75258669" timestamp="2019-10-04T03:41:06Z" user="Degorap" uid="10244496" lat="-34.4838316" lon="-58.4822953"/>
 <node id="6849120426" visible="true" version="1" changeset="75258669" timestamp="2019-10-04T03:41:06Z" user="Degorap" uid="10244496" lat="-34.4840483" lon="-58.4827834"/>
 <node id="6849120427" visible="true" version="1" changeset="75258669" timestamp="2019-10-04T03:41:06Z" user="Degorap" uid="10244496" lat="-34.4842738" lon="-58.4833628"/>
 <node id="6849120428" visible="true" version="1" changeset="75258669" timestamp="2019-10-04T03:41:06Z" user="Degorap" uid="10244496" lat="-34.4826731" lon="-58.4824455"/>
 <node id="6849120429" visible="true" version="1" changeset="75258669" timestamp="2019-10-04T03:41:06Z" user="Degorap" uid="10244496" lat="-34.4829340" lon="-58.4831536"/>
 <node id="6849120430" visible="true" version="1" changeset="75258669" timestamp="2019-10-04T03:41:06Z" user="Degorap" uid="10244496" lat="-34.4821955" lon="-58.4827459"/>
 <node id="6849120431" visible="true" version="1" changeset="75258669" timestamp="2019-10-04T03:41:06Z" user="Degorap" uid="10244496" lat="-34.4825758" lon="-58.4835935"/>
 <node id="6849120432" visible="true" version="1" changeset="75258669" timestamp="2019-10-04T03:41:06Z" user="Degorap" uid="10244496" lat="-34.4805328" lon="-58.4841836"/>
 <node id="6849120433" visible="true" version="1" changeset="75258669" timestamp="2019-10-04T03:41:06Z" user="Degorap" uid="10244496" lat="-34.4802852" lon="-58.4836310"/>
 <node id="6849120434" visible="true" version="1" changeset="75258669" timestamp="2019-10-04T03:41:06Z" user="Degorap" uid="10244496" lat="-34.4797148" lon="-58.4851062"/>
 <node id="6849120435" visible="true" version="1" changeset="75258669" timestamp="2019-10-04T03:41:06Z" user="Degorap" uid="10244496" lat="-34.4799138" lon="-58.4855300"/>
 <node id="6849120436" visible="true" version="1" changeset="75258669" timestamp="2019-10-04T03:41:06Z" user="Degorap" uid="10244496" lat="-34.4793124" lon="-58.4842426"/>
 <node id="6849120437" visible="true" version="1" changeset="75258669" timestamp="2019-10-04T03:41:06Z" user="Degorap" uid="10244496" lat="-34.4794627" lon="-58.4846020"/>
 <node id="6849120438" visible="true" version="1" changeset="75258669" timestamp="2019-10-04T03:41:06Z" user="Degorap" uid="10244496" lat="-34.4786491" lon="-58.4860128"/>
 <node id="6849120439" visible="true" version="1" changeset="75258669" timestamp="2019-10-04T03:41:06Z" user="Degorap" uid="10244496" lat="-34.4784633" lon="-58.4861308"/>
 <node id="6849120440" visible="true" version="1" changeset="75258669" timestamp="2019-10-04T03:41:06Z" user="Degorap" uid="10244496" lat="-34.4794539" lon="-58.4854978"/>
 <node id="6849120441" visible="true" version="1" changeset="75258669" timestamp="2019-10-04T03:41:06Z" user="Degorap" uid="10244496" lat="-34.4790249" lon="-58.4858358"/>
 <node id="6849120442" visible="true" version="1" changeset="75258669" timestamp="2019-10-04T03:41:06Z" user="Degorap" uid="10244496" lat="-34.4777956" lon="-58.4849399"/>
 <node id="6849120443" visible="true" version="1" changeset="75258669" timestamp="2019-10-04T03:41:06Z" user="Degorap" uid="10244496" lat="-34.4778973" lon="-58.4852833"/>
 <node id="6849120444" visible="true" version="1" changeset="75258669" timestamp="2019-10-04T03:41:06Z" user="Degorap" uid="10244496" lat="-34.4781582" lon="-58.4857982"/>
 <node id="6849120445" visible="true" version="1" changeset="75258669" timestamp="2019-10-04T03:41:06Z" user="Degorap" uid="10244496" lat="-34.4782820" lon="-58.4860557"/>
 <node id="6849120446" visible="true" version="1" changeset="75258669" timestamp="2019-10-04T03:41:06Z" user="Degorap" uid="10244496" lat="-34.4784324" lon="-58.4862596"/>
 <node id="6849120447" visible="true" version="1" changeset="75258669" timestamp="2019-10-04T03:41:06Z" user="Degorap" uid="10244496" lat="-34.4786623" lon="-58.4865493"/>
 <node id="6849120448" visible="true" version="1" changeset="75258669" timestamp="2019-10-04T03:41:06Z" user="Degorap" uid="10244496" lat="-34.4788038" lon="-58.4870106"/>
 <node id="6849120449" visible="true" version="1" changeset="75258669" timestamp="2019-10-04T03:41:06Z" user="Degorap" uid="10244496" lat="-34.4789100" lon="-58.4872037"/>
 <node id="6849120450" visible="true" version="1" changeset="75258669" timestamp="2019-10-04T03:41:06Z" user="Degorap" uid="10244496" lat="-34.4792239" lon="-58.4870213"/>
 <node id="6849120451" visible="true" version="1" changeset="75258669" timestamp="2019-10-04T03:41:06Z" user="Degorap" uid="10244496" lat="-34.4795556" lon="-58.4868980"/>
 <node id="6849120452" visible="true" version="1" changeset="75258669" timestamp="2019-10-04T03:41:06Z" user="Degorap" uid="10244496" lat="-34.4798165" lon="-58.4867638"/>
 <node id="6849120453" visible="true" version="1" changeset="75258669" timestamp="2019-10-04T03:41:06Z" user="Degorap" uid="10244496" lat="-34.4759737" lon="-58.4866083"/>
 <node id="6849120454" visible="true" version="1" changeset="75258669" timestamp="2019-10-04T03:41:06Z" user="Degorap" uid="10244496" lat="-34.4761638" lon="-58.4863508"/>
 <node id="6849120455" visible="true" version="1" changeset="75258669" timestamp="2019-10-04T03:41:06Z" user="Degorap" uid="10244496" lat="-34.4764247" lon="-58.4860236"/>
 <node id="6849120456" visible="true" version="1" changeset="75258669" timestamp="2019-10-04T03:41:06Z" user="Degorap" uid="10244496" lat="-34.4767829" lon="-58.4856319"/>
 <node id="6849120457" visible="true" version="1" changeset="75258669" timestamp="2019-10-04T03:41:06Z" user="Degorap" uid="10244496" lat="-34.4770438" lon="-58.4853584"/>
 <node id="6849120458" visible="true" version="1" changeset="75258669" timestamp="2019-10-04T03:41:06Z" user="Degorap" uid="10244496" lat="-34.4773224" lon="-58.4851652"/>
 <node id="6849120459" visible="true" version="1" changeset="75258669" timestamp="2019-10-04T03:41:06Z" user="Degorap" uid="10244496" lat="-34.4777956" lon="-58.4848487"/>
 <node id="6849120460" visible="true" version="1" changeset="75258669" timestamp="2019-10-04T03:41:06Z" user="Degorap" uid="10244496" lat="-34.4781670" lon="-58.4846127"/>
 <node id="6849120461" visible="true" version="1" changeset="75258669" timestamp="2019-10-04T03:41:06Z" user="Degorap" uid="10244496" lat="-34.4787817" lon="-58.4842211"/>
 <node id="6849120462" visible="true" version="1" changeset="75258669" timestamp="2019-10-04T03:41:06Z" user="Degorap" uid="10244496" lat="-34.4781383" lon="-58.4839180">
  <tag k="natural" v="tree"/>
 </node>
 <node id="6849120463" visible="true" version="1" changeset="75258669" timestamp="2019-10-04T03:41:06Z" user="Degorap" uid="10244496" lat="-34.4781140" lon="-58.4840816">
  <tag k="natural" v="tree"/>
 </node>
 <node id="6849120464" visible="true" version="1" changeset="75258669" timestamp="2019-10-04T03:41:06Z" user="Degorap" uid="10244496" lat="-34.4785031" lon="-58.4839931">
  <tag k="natural" v="tree"/>
 </node>
 <node id="6849120465" visible="true" version="1" changeset="75258669" timestamp="2019-10-04T03:41:06Z" user="Degorap" uid="10244496" lat="-34.4786535" lon="-58.4837920">
  <tag k="natural" v="tree"/>
 </node>
 <node id="6849120466" visible="true" version="1" changeset="75258669" timestamp="2019-10-04T03:41:06Z" user="Degorap" uid="10244496" lat="-34.4787419" lon="-58.4837437">
  <tag k="natural" v="tree"/>
 </node>
 <node id="6849120467" visible="true" version="1" changeset="75258669" timestamp="2019-10-04T03:41:06Z" user="Degorap" uid="10244496" lat="-34.4784412" lon="-58.4839556"/>
 <node id="6849120468" visible="true" version="1" changeset="75258669" timestamp="2019-10-04T03:41:06Z" user="Degorap" uid="10244496" lat="-34.4782909" lon="-58.4835640"/>
 <node id="6849120469" visible="true" version="1" changeset="75258669" timestamp="2019-10-04T03:41:06Z" user="Degorap" uid="10244496" lat="-34.4782157" lon="-58.4834594"/>
 <node id="6849120470" visible="true" version="1" changeset="75258669" timestamp="2019-10-04T03:41:06Z" user="Degorap" uid="10244496" lat="-34.4784589" lon="-58.4834862"/>
 <node id="6849120471" visible="true" version="1" changeset="75258669" timestamp="2019-10-04T03:41:06Z" user="Degorap" uid="10244496" lat="-34.4787154" lon="-58.4829766">
  <tag k="natural" v="tree"/>
 </node>
 <node id="6849120472" visible="true" version="1" changeset="75258669" timestamp="2019-10-04T03:41:06Z" user="Degorap" uid="10244496" lat="-34.4787972" lon="-58.4830785">
  <tag k="natural" v="tree"/>
 </node>
 <node id="6849120473" visible="true" version="1" changeset="75258669" timestamp="2019-10-04T03:41:06Z" user="Degorap" uid="10244496" lat="-34.4792306" lon="-58.4831670"/>
 <node id="6849120474" visible="true" version="1" changeset="75258669" timestamp="2019-10-04T03:41:06Z" user="Degorap" uid="10244496" lat="-34.4790426" lon="-58.4827378"/>
 <node id="6849120475" visible="true" version="1" changeset="75258669" timestamp="2019-10-04T03:41:06Z" user="Degorap" uid="10244496" lat="-34.4790271" lon="-58.4823892">
  <tag k="natural" v="tree"/>
 </node>
 <node id="6849120476" visible="true" version="1" changeset="75258669" timestamp="2019-10-04T03:41:06Z" user="Degorap" uid="10244496" lat="-34.4789564" lon="-58.4824213">
  <tag k="natural" v="tree"/>
 </node>
 <node id="6849120478" visible="true" version="1" changeset="75258669" timestamp="2019-10-04T03:41:06Z" user="Degorap" uid="10244496" lat="-34.4802742" lon="-58.4827915">
  <tag k="natural" v="tree"/>
 </node>
 <node id="6849120479" visible="true" version="1" changeset="75258669" timestamp="2019-10-04T03:41:06Z" user="Degorap" uid="10244496" lat="-34.4800486" lon="-58.4824884">
  <tag k="natural" v="tree"/>
 </node>
 <node id="6849120480" visible="true" version="1" changeset="75258669" timestamp="2019-10-04T03:41:06Z" user="Degorap" uid="10244496" lat="-34.4793455" lon="-58.4833843">
  <tag k="natural" v="tree"/>
 </node>
 <node id="6849120481" visible="true" version="1" changeset="75258669" timestamp="2019-10-04T03:41:06Z" user="Degorap" uid="10244496" lat="-34.4794472" lon="-58.4834781">
  <tag k="natural" v="tree"/>
 </node>
 <node id="6849120482" visible="true" version="1" changeset="75258669" timestamp="2019-10-04T03:41:06Z" user="Degorap" uid="10244496" lat="-34.4797678" lon="-58.4833708">
  <tag k="natural" v="tree"/>
 </node>
 <node id="6849120483" visible="true" version="1" changeset="75258669" timestamp="2019-10-04T03:41:06Z" user="Degorap" uid="10244496" lat="-34.4799889" lon="-58.4832582">
  <tag k="natural" v="tree"/>
 </node>
 <node id="6849120484" visible="true" version="1" changeset="75258669" timestamp="2019-10-04T03:41:06Z" user="Degorap" uid="10244496" lat="-34.4795246" lon="-58.4855568"/>
 <node id="6849120485" visible="true" version="1" changeset="75258669" timestamp="2019-10-04T03:41:06Z" user="Degorap" uid="10244496" lat="-34.4792593" lon="-58.4849668"/>
 <node id="6849120486" visible="true" version="1" changeset="75258669" timestamp="2019-10-04T03:41:06Z" user="Degorap" uid="10244496" lat="-34.4790603" lon="-58.4845752"/>
 <node id="6849120487" visible="true" version="1" changeset="75258669" timestamp="2019-10-04T03:41:06Z" user="Degorap" uid="10244496" lat="-34.4788657" lon="-58.4841567"/>
 <node id="6849120488" visible="true" version="1" changeset="75258669" timestamp="2019-10-04T03:41:06Z" user="Degorap" uid="10244496" lat="-34.4791709" lon="-58.4839529"/>
 <node id="6849120489" visible="true" version="1" changeset="75258669" timestamp="2019-10-04T03:41:06Z" user="Degorap" uid="10244496" lat="-34.4796131" lon="-58.4837490"/>
 <node id="6849120490" visible="true" version="1" changeset="75258669" timestamp="2019-10-04T03:41:06Z" user="Degorap" uid="10244496" lat="-34.4800332" lon="-58.4835506"/>
 <node id="6849120491" visible="true" version="1" changeset="75258669" timestamp="2019-10-04T03:41:06Z" user="Degorap" uid="10244496" lat="-34.4807982" lon="-58.4832126"/>
 <node id="6849120492" visible="true" version="1" changeset="75258669" timestamp="2019-10-04T03:41:06Z" user="Degorap" uid="10244496" lat="-34.4811342" lon="-58.4838724"/>
 <node id="6849120493" visible="true" version="1" changeset="75258669" timestamp="2019-10-04T03:41:06Z" user="Degorap" uid="10244496" lat="-34.4851979" lon="-58.4816086">
  <tag k="natural" v="tree"/>
 </node>
 <node id="6849120494" visible="true" version="1" changeset="75258669" timestamp="2019-10-04T03:41:06Z" user="Degorap" uid="10244496" lat="-34.4854676" lon="-58.4807825">
  <tag k="natural" v="tree"/>
 </node>
 <node id="6849120495" visible="true" version="1" changeset="75258669" timestamp="2019-10-04T03:41:06Z" user="Degorap" uid="10244496" lat="-34.4850785" lon="-58.4807932">
  <tag k="natural" v="tree"/>
 </node>
 <node id="6849120496" visible="true" version="1" changeset="75258669" timestamp="2019-10-04T03:41:06Z" user="Degorap" uid="10244496" lat="-34.4851449" lon="-58.4808630">
  <tag k="natural" v="tree"/>
 </node>
 <node id="6849120497" visible="true" version="1" changeset="75258669" timestamp="2019-10-04T03:41:06Z" user="Degorap" uid="10244496" lat="-34.4853261" lon="-58.4810078">
  <tag k="natural" v="tree"/>
 </node>
 <node id="6849120498" visible="true" version="1" changeset="75258669" timestamp="2019-10-04T03:41:06Z" user="Degorap" uid="10244496" lat="-34.4856710" lon="-58.4812707">
  <tag k="natural" v="tree"/>
 </node>
 <node id="6849120499" visible="true" version="1" changeset="75258669" timestamp="2019-10-04T03:41:06Z" user="Degorap" uid="10244496" lat="-34.4845125" lon="-58.4806269"/>
 <node id="6849120500" visible="true" version="1" changeset="75258669" timestamp="2019-10-04T03:41:06Z" user="Degorap" uid="10244496" lat="-34.4843534" lon="-58.4807155"/>
 <node id="6849120501" visible="true" version="1" changeset="75258669" timestamp="2019-10-04T03:41:06Z" user="Degorap" uid="10244496" lat="-34.4845059" lon="-58.4804580"/>
 <node id="6849120502" visible="true" version="1" changeset="75258669" timestamp="2019-10-04T03:41:06Z" user="Degorap" uid="10244496" lat="-34.4843998" lon="-58.4804928"/>
 <node id="6849120503" visible="true" version="1" changeset="75258669" timestamp="2019-10-04T03:41:06Z" user="Degorap" uid="10244496" lat="-34.4842959" lon="-58.4805036"/>
 <node id="6849120504" visible="true" version="1" changeset="75258669" timestamp="2019-10-04T03:41:06Z" user="Degorap" uid="10244496" lat="-34.4842273" lon="-58.4802783"/>
 <node id="6849120505" visible="true" version="1" changeset="75258669" timestamp="2019-10-04T03:41:06Z" user="Degorap" uid="10244496" lat="-34.4842583" lon="-58.4802058"/>
 <node id="6849120506" visible="true" version="1" changeset="75258669" timestamp="2019-10-04T03:41:06Z" user="Degorap" uid="10244496" lat="-34.4843887" lon="-58.4800959"/>
 <node id="6849120507" visible="true" version="1" changeset="75258669" timestamp="2019-10-04T03:41:06Z" user="Degorap" uid="10244496" lat="-34.4845148" lon="-58.4802219"/>
 <node id="6849120508" visible="true" version="1" changeset="75258669" timestamp="2019-10-04T03:41:06Z" user="Degorap" uid="10244496" lat="-34.4846341" lon="-58.4804848"/>
 <node id="6849120509" visible="true" version="1" changeset="75258669" timestamp="2019-10-04T03:41:06Z" user="Degorap" uid="10244496" lat="-34.4848110" lon="-58.4807557"/>
 <node id="6849120510" visible="true" version="1" changeset="75258669" timestamp="2019-10-04T03:41:06Z" user="Degorap" uid="10244496" lat="-34.4849392" lon="-58.4809703"/>
 <node id="6849120511" visible="true" version="1" changeset="75258669" timestamp="2019-10-04T03:41:06Z" user="Degorap" uid="10244496" lat="-34.4850188" lon="-58.4812224"/>
 <node id="6849120512" visible="true" version="1" changeset="75258669" timestamp="2019-10-04T03:41:06Z" user="Degorap" uid="10244496" lat="-34.4848265" lon="-58.4812197"/>
 <node id="6849120513" visible="true" version="1" changeset="75258669" timestamp="2019-10-04T03:41:06Z" user="Degorap" uid="10244496" lat="-34.4845899" lon="-58.4813002"/>
 <node id="6849120514" visible="true" version="1" changeset="75258669" timestamp="2019-10-04T03:41:06Z" user="Degorap" uid="10244496" lat="-34.4841610" lon="-58.4803051"/>
 <node id="6849120515" visible="true" version="1" changeset="75258669" timestamp="2019-10-04T03:41:06Z" user="Degorap" uid="10244496" lat="-34.4843976" lon="-58.4810883"/>
 <node id="6849120516" visible="true" version="1" changeset="75258669" timestamp="2019-10-04T03:41:06Z" user="Degorap" uid="10244496" lat="-34.4839178" lon="-58.4807262">
  <tag k="natural" v="tree"/>
 </node>
 <node id="6849120517" visible="true" version="1" changeset="75258669" timestamp="2019-10-04T03:41:06Z" user="Degorap" uid="10244496" lat="-34.4837542" lon="-58.4808737"/>
 <node id="6849120518" visible="true" version="1" changeset="75258669" timestamp="2019-10-04T03:41:06Z" user="Degorap" uid="10244496" lat="-34.4838648" lon="-58.4808898"/>
 <node id="6849120519" visible="true" version="1" changeset="75258669" timestamp="2019-10-04T03:41:06Z" user="Degorap" uid="10244496" lat="-34.4839244" lon="-58.4810025"/>
 <node id="6849120520" visible="true" version="1" changeset="75258669" timestamp="2019-10-04T03:41:06Z" user="Degorap" uid="10244496" lat="-34.4840284" lon="-58.4810615"/>
 <node id="6849120521" visible="true" version="1" changeset="75258669" timestamp="2019-10-04T03:41:06Z" user="Degorap" uid="10244496" lat="-34.4841278" lon="-58.4812197"/>
 <node id="6849120522" visible="true" version="1" changeset="75258669" timestamp="2019-10-04T03:41:06Z" user="Degorap" uid="10244496" lat="-34.4843158" lon="-58.4813753"/>
 <node id="6849120523" visible="true" version="1" changeset="75258669" timestamp="2019-10-04T03:41:06Z" user="Degorap" uid="10244496" lat="-34.4813620" lon="-58.4826949"/>
 <node id="6849120524" visible="true" version="1" changeset="75258669" timestamp="2019-10-04T03:41:06Z" user="Degorap" uid="10244496" lat="-34.4817887" lon="-58.4824991"/>
 <node id="6849120525" visible="true" version="1" changeset="75258669" timestamp="2019-10-04T03:41:06Z" user="Degorap" uid="10244496" lat="-34.4820761" lon="-58.4823704"/>
 <node id="6849120526" visible="true" version="1" changeset="75258669" timestamp="2019-10-04T03:41:06Z" user="Degorap" uid="10244496" lat="-34.4823481" lon="-58.4822524"/>
 <node id="6849120527" visible="true" version="1" changeset="75258669" timestamp="2019-10-04T03:41:06Z" user="Degorap" uid="10244496" lat="-34.4827261" lon="-58.4820780"/>
 <node id="6849120528" visible="true" version="1" changeset="75258669" timestamp="2019-10-04T03:41:06Z" user="Degorap" uid="10244496" lat="-34.4830489" lon="-58.4819278"/>
 <node id="6849120529" visible="true" version="1" changeset="75258669" timestamp="2019-10-04T03:41:06Z" user="Degorap" uid="10244496" lat="-34.4834823" lon="-58.4817454"/>
 <node id="6849120530" visible="true" version="1" changeset="75258669" timestamp="2019-10-04T03:41:06Z" user="Degorap" uid="10244496" lat="-34.4838183" lon="-58.4816408"/>
 <node id="6849120531" visible="true" version="1" changeset="75258669" timestamp="2019-10-04T03:41:06Z" user="Degorap" uid="10244496" lat="-34.4842826" lon="-58.4815121"/>
 <node id="6849120532" visible="true" version="1" changeset="75258669" timestamp="2019-10-04T03:41:06Z" user="Degorap" uid="10244496" lat="-34.4846408" lon="-58.4814370"/>
 <node id="6849120533" visible="true" version="1" changeset="75258669" timestamp="2019-10-04T03:41:06Z" user="Degorap" uid="10244496" lat="-34.4850608" lon="-58.4813511"/>
 <node id="6849120534" visible="true" version="1" changeset="75258669" timestamp="2019-10-04T03:41:06Z" user="Degorap" uid="10244496" lat="-34.4817179" lon="-58.4845859"/>
 <node id="6849120535" visible="true" version="1" changeset="75258669" timestamp="2019-10-04T03:41:06Z" user="Degorap" uid="10244496" lat="-34.4813730" lon="-58.4838456"/>
 <node id="6849120536" visible="true" version="1" changeset="75258669" timestamp="2019-10-04T03:41:06Z" user="Degorap" uid="10244496" lat="-34.4811475" lon="-58.4834272"/>
 <node id="6849120537" visible="true" version="1" changeset="75258669" timestamp="2019-10-04T03:41:06Z" user="Degorap" uid="10244496" lat="-34.4810016" lon="-58.4831107"/>
 <node id="6849120538" visible="true" version="1" changeset="75258669" timestamp="2019-10-04T03:41:06Z" user="Degorap" uid="10244496" lat="-34.4811342" lon="-58.4830141"/>
 <node id="6849120539" visible="true" version="1" changeset="75258669" timestamp="2019-10-04T03:41:06Z" user="Degorap" uid="10244496" lat="-34.4815322" lon="-58.4828532"/>
 <node id="6849120540" visible="true" version="1" changeset="75258669" timestamp="2019-10-04T03:41:06Z" user="Degorap" uid="10244496" lat="-34.4819213" lon="-58.4826869"/>
 <node id="6849120541" visible="true" version="1" changeset="75258669" timestamp="2019-10-04T03:41:06Z" user="Degorap" uid="10244496" lat="-34.4825581" lon="-58.4824026"/>
 <node id="6849120542" visible="true" version="1" changeset="75258669" timestamp="2019-10-04T03:41:06Z" user="Degorap" uid="10244496" lat="-34.4827969" lon="-58.4822738"/>
 <node id="6849120543" visible="true" version="1" changeset="75258669" timestamp="2019-10-04T03:41:06Z" user="Degorap" uid="10244496" lat="-34.4831816" lon="-58.4820968"/>
 <node id="6849120544" visible="true" version="1" changeset="75258669" timestamp="2019-10-04T03:41:06Z" user="Degorap" uid="10244496" lat="-34.4835397" lon="-58.4819681"/>
 <node id="6849120545" visible="true" version="1" changeset="75258669" timestamp="2019-10-04T03:41:06Z" user="Degorap" uid="10244496" lat="-34.4838758" lon="-58.4818178"/>
 <node id="6849120546" visible="true" version="1" changeset="75258669" timestamp="2019-10-04T03:41:06Z" user="Degorap" uid="10244496" lat="-34.4842207" lon="-58.4817159"/>
 <node id="6849120547" visible="true" version="1" changeset="75258669" timestamp="2019-10-04T03:41:06Z" user="Degorap" uid="10244496" lat="-34.4846585" lon="-58.4816462"/>
 <node id="6849120548" visible="true" version="1" changeset="75258669" timestamp="2019-10-04T03:41:06Z" user="Degorap" uid="10244496" lat="-34.4851272" lon="-58.4815925"/>
 <node id="6849120549" visible="true" version="1" changeset="75258669" timestamp="2019-10-04T03:41:06Z" user="Degorap" uid="10244496" lat="-34.4851891" lon="-58.4817213"/>
 <node id="6849120550" visible="true" version="1" changeset="75258669" timestamp="2019-10-04T03:41:06Z" user="Degorap" uid="10244496" lat="-34.4857683" lon="-58.4831214"/>
 <node id="6849120551" visible="true" version="1" changeset="75258669" timestamp="2019-10-04T03:41:06Z" user="Degorap" uid="10244496" lat="-34.4854367" lon="-58.4817213"/>
 <node id="6849120552" visible="true" version="1" changeset="75258669" timestamp="2019-10-04T03:41:06Z" user="Degorap" uid="10244496" lat="-34.4868516" lon="-58.4850901"/>
 <node id="6849120553" visible="true" version="1" changeset="75258669" timestamp="2019-10-04T03:41:06Z" user="Degorap" uid="10244496" lat="-34.4856357" lon="-58.4807557">
  <tag k="natural" v="tree"/>
 </node>
 <node id="6849120554" visible="true" version="1" changeset="75258669" timestamp="2019-10-04T03:41:06Z" user="Degorap" uid="10244496" lat="-34.4859120" lon="-58.4809944">
  <tag k="natural" v="tree"/>
 </node>
 <node id="6849120555" visible="true" version="1" changeset="75258669" timestamp="2019-10-04T03:41:06Z" user="Degorap" uid="10244496" lat="-34.4861221" lon="-58.4808040">
  <tag k="natural" v="tree"/>
 </node>
 <node id="6849120556" visible="true" version="1" changeset="75258669" timestamp="2019-10-04T03:41:06Z" user="Degorap" uid="10244496" lat="-34.4861685" lon="-58.4810641">
  <tag k="natural" v="tree"/>
 </node>
 <node id="6849120557" visible="true" version="1" changeset="75258669" timestamp="2019-10-04T03:41:06Z" user="Degorap" uid="10244496" lat="-34.4862812" lon="-58.4810722">
  <tag k="natural" v="tree"/>
 </node>
 <node id="6849120558" visible="true" version="1" changeset="75258669" timestamp="2019-10-04T03:41:06Z" user="Degorap" uid="10244496" lat="-34.4865487" lon="-58.4812492">
  <tag k="natural" v="tree"/>
 </node>
 <node id="6849120559" visible="true" version="1" changeset="75258669" timestamp="2019-10-04T03:41:06Z" user="Degorap" uid="10244496" lat="-34.4867964" lon="-58.4808630">
  <tag k="natural" v="tree"/>
 </node>
 <node id="6849120560" visible="true" version="1" changeset="75258669" timestamp="2019-10-04T03:41:06Z" user="Degorap" uid="10244496" lat="-34.4865775" lon="-58.4808415">
  <tag k="natural" v="tree"/>
 </node>
 <node id="6849120561" visible="true" version="1" changeset="75258669" timestamp="2019-10-04T03:41:06Z" user="Degorap" uid="10244496" lat="-34.4865045" lon="-58.4807986">
  <tag k="natural" v="tree"/>
 </node>
 <node id="6849120562" visible="true" version="1" changeset="75258669" timestamp="2019-10-04T03:41:06Z" user="Degorap" uid="10244496" lat="-34.4864603" lon="-58.4807530">
  <tag k="natural" v="tree"/>
 </node>
 <node id="6849120563" visible="true" version="1" changeset="75258669" timestamp="2019-10-04T03:41:06Z" user="Degorap" uid="10244496" lat="-34.4870550" lon="-58.4811902">
  <tag k="natural" v="tree"/>
 </node>
 <node id="6849120564" visible="true" version="1" changeset="75258669" timestamp="2019-10-04T03:41:06Z" user="Degorap" uid="10244496" lat="-34.4873911" lon="-58.4812224">
  <tag k="natural" v="tree"/>
 </node>
 <node id="7015576998" visible="true" version="1" changeset="77653941" timestamp="2019-11-27T21:42:05Z" user="Hernan" uid="72347" lat="-34.4711124" lon="-58.4915140"/>
 <node id="7015576999" visible="true" version="1" changeset="77653941" timestamp="2019-11-27T21:42:05Z" user="Hernan" uid="72347" lat="-34.4711920" lon="-58.4915663"/>
 <node id="7015577000" visible="true" version="1" changeset="77653941" timestamp="2019-11-27T21:42:05Z" user="Hernan" uid="72347" lat="-34.4713855" lon="-58.4914845"/>
 <node id="7015637610" visible="true" version="1" changeset="77654413" timestamp="2019-11-27T22:05:59Z" user="Hernan" uid="72347" lat="-34.4704103" lon="-58.4908757"/>
 <node id="7015637611" visible="true" version="1" changeset="77654413" timestamp="2019-11-27T22:05:59Z" user="Hernan" uid="72347" lat="-34.4704059" lon="-58.4908462"/>
 <node id="7015637612" visible="true" version="1" changeset="77654413" timestamp="2019-11-27T22:05:59Z" user="Hernan" uid="72347" lat="-34.4703882" lon="-58.4908113"/>
 <node id="7015637613" visible="true" version="1" changeset="77654413" timestamp="2019-11-27T22:05:59Z" user="Hernan" uid="72347" lat="-34.4703539" lon="-58.4908032"/>
 <node id="7015637614" visible="true" version="1" changeset="77654413" timestamp="2019-11-27T22:05:59Z" user="Hernan" uid="72347" lat="-34.4703053" lon="-58.4908193"/>
 <node id="7015637615" visible="true" version="1" changeset="77654413" timestamp="2019-11-27T22:05:59Z" user="Hernan" uid="72347" lat="-34.4702809" lon="-58.4908435"/>
 <node id="7015637616" visible="true" version="1" changeset="77654413" timestamp="2019-11-27T22:05:59Z" user="Hernan" uid="72347" lat="-34.4702555" lon="-58.4908918"/>
 <node id="7015637617" visible="true" version="1" changeset="77654413" timestamp="2019-11-27T22:05:59Z" user="Hernan" uid="72347" lat="-34.4702212" lon="-58.4909575"/>
 <node id="7015637618" visible="true" version="1" changeset="77654413" timestamp="2019-11-27T22:05:59Z" user="Hernan" uid="72347" lat="-34.4702080" lon="-58.4909883"/>
 <node id="7015637619" visible="true" version="1" changeset="77654413" timestamp="2019-11-27T22:05:59Z" user="Hernan" uid="72347" lat="-34.4701936" lon="-58.4910446"/>
 <node id="7015637620" visible="true" version="1" changeset="77654413" timestamp="2019-11-27T22:05:59Z" user="Hernan" uid="72347" lat="-34.4701748" lon="-58.4911197"/>
 <node id="7015637621" visible="true" version="1" changeset="77654413" timestamp="2019-11-27T22:05:59Z" user="Hernan" uid="72347" lat="-34.4701715" lon="-58.4911694"/>
 <node id="7015637622" visible="true" version="1" changeset="77654413" timestamp="2019-11-27T22:05:59Z" user="Hernan" uid="72347" lat="-34.4701792" lon="-58.4912096"/>
 <node id="7015637623" visible="true" version="1" changeset="77654413" timestamp="2019-11-27T22:05:59Z" user="Hernan" uid="72347" lat="-34.4702024" lon="-58.4912592"/>
 <node id="7015637624" visible="true" version="1" changeset="77654413" timestamp="2019-11-27T22:05:59Z" user="Hernan" uid="72347" lat="-34.4702201" lon="-58.4912820"/>
 <node id="7015637625" visible="true" version="1" changeset="77654413" timestamp="2019-11-27T22:05:59Z" user="Hernan" uid="72347" lat="-34.4702544" lon="-58.4912767"/>
 <node id="7015637626" visible="true" version="1" changeset="77654413" timestamp="2019-11-27T22:05:59Z" user="Hernan" uid="72347" lat="-34.4702633" lon="-58.4913169"/>
 <node id="7015637627" visible="true" version="1" changeset="77654413" timestamp="2019-11-27T22:05:59Z" user="Hernan" uid="72347" lat="-34.4702931" lon="-58.4913652"/>
 <node id="7015637628" visible="true" version="1" changeset="77654413" timestamp="2019-11-27T22:05:59Z" user="Hernan" uid="72347" lat="-34.4703418" lon="-58.4913920"/>
 <node id="7015637629" visible="true" version="1" changeset="77654413" timestamp="2019-11-27T22:05:59Z" user="Hernan" uid="72347" lat="-34.4703782" lon="-58.4913920"/>
 <node id="7015637630" visible="true" version="1" changeset="77654413" timestamp="2019-11-27T22:05:59Z" user="Hernan" uid="72347" lat="-34.4704125" lon="-58.4913853"/>
 <node id="7015637631" visible="true" version="1" changeset="77654413" timestamp="2019-11-27T22:05:59Z" user="Hernan" uid="72347" lat="-34.4704346" lon="-58.4913585"/>
 <node id="7015637632" visible="true" version="1" changeset="77654413" timestamp="2019-11-27T22:05:59Z" user="Hernan" uid="72347" lat="-34.4704623" lon="-58.4913625"/>
 <node id="7015637633" visible="true" version="1" changeset="77654413" timestamp="2019-11-27T22:05:59Z" user="Hernan" uid="72347" lat="-34.4704833" lon="-58.4914228"/>
 <node id="7015637634" visible="true" version="1" changeset="77654413" timestamp="2019-11-27T22:05:59Z" user="Hernan" uid="72347" lat="-34.4705242" lon="-58.4914564"/>
 <node id="7015637635" visible="true" version="1" changeset="77654413" timestamp="2019-11-27T22:05:59Z" user="Hernan" uid="72347" lat="-34.4705651" lon="-58.4914684"/>
 <node id="7015637636" visible="true" version="1" changeset="77654413" timestamp="2019-11-27T22:05:59Z" user="Hernan" uid="72347" lat="-34.4705839" lon="-58.4914456"/>
 <node id="7015637637" visible="true" version="1" changeset="77654413" timestamp="2019-11-27T22:05:59Z" user="Hernan" uid="72347" lat="-34.4704346" lon="-58.4908904"/>
 <node id="7015637638" visible="true" version="1" changeset="77654413" timestamp="2019-11-27T22:05:59Z" user="Hernan" uid="72347" lat="-34.4704667" lon="-58.4909427"/>
 <node id="7015637639" visible="true" version="1" changeset="77654413" timestamp="2019-11-27T22:05:59Z" user="Hernan" uid="72347" lat="-34.4705375" lon="-58.4910017"/>
 <node id="7015637640" visible="true" version="1" changeset="77654413" timestamp="2019-11-27T22:05:59Z" user="Hernan" uid="72347" lat="-34.4706104" lon="-58.4911305"/>
 <node id="7015637641" visible="true" version="1" changeset="77654413" timestamp="2019-11-27T22:05:59Z" user="Hernan" uid="72347" lat="-34.4706535" lon="-58.4911828"/>
 <node id="7015637642" visible="true" version="1" changeset="77654413" timestamp="2019-11-27T22:05:59Z" user="Hernan" uid="72347" lat="-34.4707055" lon="-58.4912243"/>
 <node id="7015637643" visible="true" version="1" changeset="77654413" timestamp="2019-11-27T22:05:59Z" user="Hernan" uid="72347" lat="-34.4707542" lon="-58.4912525"/>
 <node id="7015637644" visible="true" version="1" changeset="77654413" timestamp="2019-11-27T22:05:59Z" user="Hernan" uid="72347" lat="-34.4707796" lon="-58.4913115"/>
 <node id="7015637645" visible="true" version="1" changeset="77654413" timestamp="2019-11-27T22:05:59Z" user="Hernan" uid="72347" lat="-34.4706160" lon="-58.4914389"/>
 <node id="7015637646" visible="true" version="1" changeset="77654413" timestamp="2019-11-27T22:05:59Z" user="Hernan" uid="72347" lat="-34.4706259" lon="-58.4914805"/>
 <node id="7015637647" visible="true" version="1" changeset="77654413" timestamp="2019-11-27T22:05:59Z" user="Hernan" uid="72347" lat="-34.4706403" lon="-58.4915435"/>
 <node id="7015637648" visible="true" version="1" changeset="77654413" timestamp="2019-11-27T22:05:59Z" user="Hernan" uid="72347" lat="-34.4706834" lon="-58.4915824"/>
 <node id="7015637649" visible="true" version="1" changeset="77654413" timestamp="2019-11-27T22:05:59Z" user="Hernan" uid="72347" lat="-34.4707553" lon="-58.4915878"/>
 <node id="7773209361" visible="true" version="6" changeset="178399541" timestamp="2026-02-11T10:32:33Z" user="AndresDuhour" uid="2985830" lat="-34.3657564" lon="-58.3641602"/>
 <node id="7773231237" visible="true" version="4" changeset="172457308" timestamp="2025-09-25T20:17:30Z" user="muralito" uid="755114" lat="-34.2950724" lon="-58.2583309"/>
 <node id="7773231239" visible="true" version="5" changeset="172671050" timestamp="2025-09-30T17:18:09Z" user="muralito" uid="755114" lat="-34.1685823" lon="-58.1729940"/>
 <node id="7773231242" visible="true" version="5" changeset="172457308" timestamp="2025-09-25T20:17:30Z" user="muralito" uid="755114" lat="-34.2506185" lon="-58.2066825"/>
 <node id="7773231253" visible="true" version="6" changeset="178399541" timestamp="2026-02-11T10:32:33Z" user="AndresDuhour" uid="2985830" lat="-34.3843168" lon="-58.4064209"/>
 <node id="7773231292" visible="true" version="5" changeset="172457308" timestamp="2025-09-25T20:17:30Z" user="muralito" uid="755114" lat="-34.2736729" lon="-58.2119395"/>
 <node id="7823918746" visible="true" version="1" changeset="89589570" timestamp="2020-08-18T17:57:02Z" user="Nodestrawaymus" uid="8899783" lat="-34.4871045" lon="-58.4830855"/>
 <node id="7823918747" visible="true" version="1" changeset="89589570" timestamp="2020-08-18T17:57:02Z" user="Nodestrawaymus" uid="8899783" lat="-34.4870824" lon="-58.4831258"/>
 <node id="7823918748" visible="true" version="1" changeset="89589570" timestamp="2020-08-18T17:57:02Z" user="Nodestrawaymus" uid="8899783" lat="-34.4871263" lon="-58.4830748"/>
 <node id="7823918749" visible="true" version="1" changeset="89589570" timestamp="2020-08-18T17:57:02Z" user="Nodestrawaymus" uid="8899783" lat="-34.4870845" lon="-58.4831562"/>
 <node id="7928338625" visible="true" version="1" changeset="91233228" timestamp="2020-09-21T13:37:47Z" user="Fedejru" uid="3367777" lat="-34.4868925" lon="-58.4804944"/>
 <node id="7928338626" visible="true" version="1" changeset="91233228" timestamp="2020-09-21T13:37:47Z" user="Fedejru" uid="3367777" lat="-34.4864832" lon="-58.4804172"/>
 <node id="7928338627" visible="true" version="1" changeset="91233228" timestamp="2020-09-21T13:37:47Z" user="Fedejru" uid="3367777" lat="-34.4864362" lon="-58.4803502"/>
 <node id="7928338628" visible="true" version="1" changeset="91233228" timestamp="2020-09-21T13:37:47Z" user="Fedejru" uid="3367777" lat="-34.4862904" lon="-58.4803163"/>
 <node id="7928338629" visible="true" version="1" changeset="91233228" timestamp="2020-09-21T13:37:47Z" user="Fedejru" uid="3367777" lat="-34.4861974" lon="-58.4803718"/>
 <node id="7928338630" visible="true" version="1" changeset="91233228" timestamp="2020-09-21T13:37:47Z" user="Fedejru" uid="3367777" lat="-34.4860721" lon="-58.4805658"/>
 <node id="7928338631" visible="true" version="1" changeset="91233228" timestamp="2020-09-21T13:37:47Z" user="Fedejru" uid="3367777" lat="-34.4859569" lon="-58.4805248"/>
 <node id="7928338632" visible="true" version="1" changeset="91233228" timestamp="2020-09-21T13:37:47Z" user="Fedejru" uid="3367777" lat="-34.4858672" lon="-58.4803875"/>
 <node id="7928338633" visible="true" version="1" changeset="91233228" timestamp="2020-09-21T13:37:47Z" user="Fedejru" uid="3367777" lat="-34.4856331" lon="-58.4804332"/>
 <node id="7928338634" visible="true" version="2" changeset="158790052" timestamp="2024-11-05T18:19:05Z" user="JConormaps" uid="21599775" lat="-34.4853479" lon="-58.4809418"/>
 <node id="7928338635" visible="true" version="1" changeset="91233228" timestamp="2020-09-21T13:37:47Z" user="Fedejru" uid="3367777" lat="-34.4860937" lon="-58.4806462"/>
 <node id="7928338636" visible="true" version="1" changeset="91233228" timestamp="2020-09-21T13:37:47Z" user="Fedejru" uid="3367777" lat="-34.4859750" lon="-58.4806253"/>
 <node id="8131820479" visible="true" version="2" changeset="158791223" timestamp="2024-11-05T19:00:02Z" user="JConormaps" uid="21599775" lat="-34.4831808" lon="-58.4851188"/>
 <node id="8131820480" visible="true" version="1" changeset="94303637" timestamp="2020-11-17T19:36:00Z" user="CapAhab" uid="6172866" lat="-34.4832741" lon="-58.4853270"/>
 <node id="8151855686" visible="true" version="1" changeset="94594404" timestamp="2020-11-22T18:30:30Z" user="Sibo Dolem" uid="2744797" lat="-34.4932990" lon="-58.4788425"/>
 <node id="8151855687" visible="true" version="1" changeset="94594404" timestamp="2020-11-22T18:30:30Z" user="Sibo Dolem" uid="2744797" lat="-34.4933604" lon="-58.4789695"/>
 <node id="8151855688" visible="true" version="1" changeset="94594404" timestamp="2020-11-22T18:30:30Z" user="Sibo Dolem" uid="2744797" lat="-34.4932848" lon="-58.4796576"/>
 <node id="8151855689" visible="true" version="1" changeset="94594404" timestamp="2020-11-22T18:30:30Z" user="Sibo Dolem" uid="2744797" lat="-34.4932362" lon="-58.4801006"/>
 <node id="8151855691" visible="true" version="1" changeset="94594404" timestamp="2020-11-22T18:30:30Z" user="Sibo Dolem" uid="2744797" lat="-34.4933407" lon="-58.4789073"/>
 <node id="8151921506" visible="true" version="1" changeset="94594977" timestamp="2020-11-22T18:49:18Z" user="Sibo Dolem" uid="2744797" lat="-34.4931590" lon="-58.4786625"/>
 <node id="8151921507" visible="true" version="1" changeset="94594977" timestamp="2020-11-22T18:49:18Z" user="Sibo Dolem" uid="2744797" lat="-34.4930406" lon="-58.4786162"/>
 <node id="8151921509" visible="true" version="1" changeset="94594977" timestamp="2020-11-22T18:49:18Z" user="Sibo Dolem" uid="2744797" lat="-34.4932395" lon="-58.4787585"/>
 <node id="8151921511" visible="true" version="1" changeset="94594977" timestamp="2020-11-22T18:49:18Z" user="Sibo Dolem" uid="2744797" lat="-34.4928965" lon="-58.4786161"/>
 <node id="8151921513" visible="true" version="1" changeset="94594977" timestamp="2020-11-22T18:49:18Z" user="Sibo Dolem" uid="2744797" lat="-34.4926629" lon="-58.4786202"/>
 <node id="8151921515" visible="true" version="1" changeset="94594977" timestamp="2020-11-22T18:49:18Z" user="Sibo Dolem" uid="2744797" lat="-34.4925951" lon="-58.4786418"/>
 <node id="8151925617" visible="true" version="1" changeset="94594977" timestamp="2020-11-22T18:49:18Z" user="Sibo Dolem" uid="2744797" lat="-34.4920348" lon="-58.4789195"/>
 <node id="8151925622" visible="true" version="1" changeset="94594977" timestamp="2020-11-22T18:49:18Z" user="Sibo Dolem" uid="2744797" lat="-34.4918537" lon="-58.4789562"/>
 <node id="8151925623" visible="true" version="1" changeset="94594977" timestamp="2020-11-22T18:49:18Z" user="Sibo Dolem" uid="2744797" lat="-34.4910887" lon="-58.4789139"/>
 <node id="8151925624" visible="true" version="1" changeset="94594977" timestamp="2020-11-22T18:49:18Z" user="Sibo Dolem" uid="2744797" lat="-34.4906131" lon="-58.4790163"/>
 <node id="8151925625" visible="true" version="1" changeset="94594977" timestamp="2020-11-22T18:49:18Z" user="Sibo Dolem" uid="2744797" lat="-34.4900619" lon="-58.4792740"/>
 <node id="8151925626" visible="true" version="1" changeset="94594977" timestamp="2020-11-22T18:49:18Z" user="Sibo Dolem" uid="2744797" lat="-34.4898745" lon="-58.4793860"/>
 <node id="8151925627" visible="true" version="1" changeset="94594977" timestamp="2020-11-22T18:49:18Z" user="Sibo Dolem" uid="2744797" lat="-34.4898529" lon="-58.4794400"/>
 <node id="8151925628" visible="true" version="1" changeset="94594977" timestamp="2020-11-22T18:49:18Z" user="Sibo Dolem" uid="2744797" lat="-34.4898620" lon="-58.4794924"/>
 <node id="9210917755" visible="true" version="1" changeset="113139219" timestamp="2021-10-29T19:44:08Z" user="Ikohl" uid="10140113" lat="-34.4752569" lon="-58.4906862"/>
 <node id="9935886014" visible="true" version="1" changeset="124569596" timestamp="2022-08-06T16:27:31Z" user="patodiez" uid="1856060" lat="-34.4880530" lon="-58.4814512"/>
 <node id="9989629740" visible="true" version="3" changeset="143842486" timestamp="2023-11-09T23:54:22Z" user="b-jazz-bot" uid="9451067" lat="-34.4871208" lon="-58.4855247">
  <tag k="addr:city" v="Martínez"/>
  <tag k="addr:housenumber" v="13381"/>
  <tag k="addr:postcode" v="B1640AOD"/>
  <tag k="addr:street" v="Avenida del Libertador"/>
  <tag k="name" v="Motoplex San Isidro"/>
  <tag k="opening_hours" v="Mo-Fr 09:00-13:00,14:00-19:00; Sa 10:00-14:00"/>
  <tag k="shop" v="motorcycle"/>
  <tag k="website" v="https://www.motoplexsanisidro.com/"/>
 </node>
 <node id="9989629741" visible="true" version="2" changeset="143842486" timestamp="2023-11-09T23:54:25Z" user="b-jazz-bot" uid="9451067" lat="-34.4872944" lon="-58.4859237">
  <tag k="addr:city" v="Martínez"/>
  <tag k="addr:postcode" v="B1640AOD"/>
  <tag k="amenity" v="monastery"/>
  <tag k="name" v="Siervas de María"/>
  <tag k="website" v="https://www.rosario.com.ar/siervasdemaria/donde-estamos.htm"/>
 </node>
 <node id="9989629742" visible="true" version="3" changeset="143842486" timestamp="2023-11-09T23:54:31Z" user="b-jazz-bot" uid="9451067" lat="-34.4870267" lon="-58.4860600">
  <tag k="addr:city" v="Martínez"/>
  <tag k="addr:housenumber" v="13402"/>
  <tag k="addr:postcode" v="B1640"/>
  <tag k="addr:street" v="Avenida del Libertador"/>
  <tag k="name" v="Coin Vert"/>
  <tag k="opening_hours" v="Mo-Fr 10:00-19:30; Sa 10:00-14:00,15:00-18:00"/>
  <tag k="shop" v="furniture"/>
  <tag k="website" v="https://www.coinvert.com.ar/"/>
 </node>
 <node id="10005468018" visible="true" version="2" changeset="158790052" timestamp="2024-11-05T18:19:05Z" user="JConormaps" uid="21599775" lat="-34.4871432" lon="-58.4857253">
  <tag k="bus" v="yes"/>
  <tag k="name" v="Libertador y Pacheco"/>
  <tag k="public_transport" v="stop_position"/>
 </node>
 <node id="10012523945" visible="true" version="1" changeset="126000661" timestamp="2022-09-10T02:20:00Z" user="AgusQui" uid="331218" lat="-34.4813642" lon="-58.4914631"/>
 <node id="10012523946" visible="true" version="1" changeset="126000661" timestamp="2022-09-10T02:20:00Z" user="AgusQui" uid="331218" lat="-34.4805019" lon="-58.4922436"/>
 <node id="10012523947" visible="true" version="1" changeset="126000661" timestamp="2022-09-10T02:20:00Z" user="AgusQui" uid="331218" lat="-34.4832700" lon="-58.4896311"/>
 <node id="11409208462" visible="true" version="2" changeset="158790295" timestamp="2024-11-05T18:27:31Z" user="JConormaps" uid="21599775" lat="-34.4822180" lon="-58.4815087"/>
 <node id="11409208463" visible="true" version="2" changeset="158790295" timestamp="2024-11-05T18:27:31Z" user="JConormaps" uid="21599775" lat="-34.4822485" lon="-58.4815107"/>
 <node id="11409208464" visible="true" version="2" changeset="158790295" timestamp="2024-11-05T18:27:31Z" user="JConormaps" uid="21599775" lat="-34.4824600" lon="-58.4815313"/>
 <node id="11409208465" visible="true" version="2" changeset="158790295" timestamp="2024-11-05T18:27:31Z" user="JConormaps" uid="21599775" lat="-34.4822989" lon="-58.4816154"/>
 <node id="11409208466" visible="true" version="2" changeset="158790295" timestamp="2024-11-05T18:27:31Z" user="JConormaps" uid="21599775" lat="-34.4819555" lon="-58.4817948"/>
 <node id="11409208467" visible="true" version="1" changeset="144989023" timestamp="2023-12-11T08:07:44Z" user="DraaRiver" uid="17979775" lat="-34.4820181" lon="-58.4819298"/>
 <node id="11409208468" visible="true" version="2" changeset="158790295" timestamp="2024-11-05T18:27:31Z" user="JConormaps" uid="21599775" lat="-34.4820012" lon="-58.4819141"/>
 <node id="11409210469" visible="true" version="2" changeset="158790295" timestamp="2024-11-05T18:27:31Z" user="JConormaps" uid="21599775" lat="-34.4819123" lon="-58.4816821"/>
 <node id="11409210470" visible="true" version="2" changeset="158790295" timestamp="2024-11-05T18:27:31Z" user="JConormaps" uid="21599775" lat="-34.4819394" lon="-58.4816194"/>
 <node id="11409210471" visible="true" version="2" changeset="158790295" timestamp="2024-11-05T18:27:31Z" user="JConormaps" uid="21599775" lat="-34.4819985" lon="-58.4815959"/>
 <node id="11409210472" visible="true" version="2" changeset="158790295" timestamp="2024-11-05T18:27:31Z" user="JConormaps" uid="21599775" lat="-34.4820407" lon="-58.4814947"/>
 <node id="11409210473" visible="true" version="2" changeset="158790295" timestamp="2024-11-05T18:27:31Z" user="JConormaps" uid="21599775" lat="-34.4822779" lon="-58.4812747"/>
 <node id="11409210474" visible="true" version="2" changeset="158790295" timestamp="2024-11-05T18:27:31Z" user="JConormaps" uid="21599775" lat="-34.4823315" lon="-58.4812640"/>
 <node id="11409210475" visible="true" version="2" changeset="158790295" timestamp="2024-11-05T18:27:31Z" user="JConormaps" uid="21599775" lat="-34.4823762" lon="-58.4812988"/>
 <node id="11409210476" visible="true" version="2" changeset="158790295" timestamp="2024-11-05T18:27:31Z" user="JConormaps" uid="21599775" lat="-34.4824829" lon="-58.4816046"/>
 <node id="11409210477" visible="true" version="1" changeset="144989023" timestamp="2023-12-11T08:07:44Z" user="DraaRiver" uid="17979775" lat="-34.4824741" lon="-58.4816636"/>
 <node id="11409210478" visible="true" version="3" changeset="161698240" timestamp="2025-01-24T05:41:09Z" user="TaklamakanDesert" uid="15994195" lat="-34.4824630" lon="-58.4816932"/>
 <node id="11409210479" visible="true" version="2" changeset="158790295" timestamp="2024-11-05T18:27:31Z" user="JConormaps" uid="21599775" lat="-34.4823487" lon="-58.4817777"/>
 <node id="11409210480" visible="true" version="1" changeset="144989023" timestamp="2023-12-11T08:07:44Z" user="DraaRiver" uid="17979775" lat="-34.4820429" lon="-58.4819325"/>
 <node id="11409210481" visible="true" version="2" changeset="158790295" timestamp="2024-11-05T18:27:31Z" user="JConormaps" uid="21599775" lat="-34.4822719" lon="-58.4815273"/>
 <node id="11409210482" visible="true" version="4" changeset="187428422" timestamp="2026-08-14T08:32:24Z" user="BaudouinCanal" uid="23639058" lat="-34.4825471" lon="-58.4821128"/>
 <node id="11409210483" visible="true" version="1" changeset="144989023" timestamp="2023-12-11T08:07:44Z" user="DraaRiver" uid="17979775" lat="-34.4809759" lon="-58.4869334"/>
 <node id="11409210484" visible="true" version="2" changeset="158791223" timestamp="2024-11-05T19:00:02Z" user="JConormaps" uid="21599775" lat="-34.4812419" lon="-58.4867563"/>
 <node id="11409210485" visible="true" version="2" changeset="158791223" timestamp="2024-11-05T19:00:02Z" user="JConormaps" uid="21599775" lat="-34.4812792" lon="-58.4866831"/>
 <node id="11409210486" visible="true" version="2" changeset="158791223" timestamp="2024-11-05T19:00:02Z" user="JConormaps" uid="21599775" lat="-34.4812539" lon="-58.4865718"/>
 <node id="11409210488" visible="true" version="3" changeset="161698240" timestamp="2025-01-24T05:41:09Z" user="TaklamakanDesert" uid="15994195" lat="-34.4804887" lon="-58.4846207">
  <tag k="noexit" v="yes"/>
 </node>
 <node id="11409210489" visible="true" version="1" changeset="144989023" timestamp="2023-12-11T08:07:44Z" user="DraaRiver" uid="17979775" lat="-34.4835033" lon="-58.4835988"/>
 <node id="11409210490" visible="true" version="1" changeset="144989023" timestamp="2023-12-11T08:07:44Z" user="DraaRiver" uid="17979775" lat="-34.4834749" lon="-58.4855340"/>
 <node id="11409210491" visible="true" version="1" changeset="144989023" timestamp="2023-12-11T08:07:44Z" user="DraaRiver" uid="17979775" lat="-34.4839300" lon="-58.4851907"/>
 <node id="11454602545" visible="true" version="1" changeset="145518304" timestamp="2023-12-26T04:30:14Z" user="Alejandro Cynowicz" uid="4105609" lat="-34.4770388" lon="-58.4841613">
  <tag k="amenity" v="bench"/>
  <tag k="backrest" v="no"/>
  <tag k="capacity" v="3"/>
  <tag k="material" v="wood"/>
 </node>
 <node id="11523762349" visible="true" version="1" changeset="146342612" timestamp="2024-01-17T00:00:09Z" user="AgusQui" uid="331218" lat="-34.4876330" lon="-58.4815563"/>
 <node id="11523762353" visible="true" version="1" changeset="146342612" timestamp="2024-01-17T00:00:09Z" user="AgusQui" uid="331218" lat="-34.4832247" lon="-58.4820230"/>
 <node id="11523762354" visible="true" version="1" changeset="146342612" timestamp="2024-01-17T00:00:09Z" user="AgusQui" uid="331218" lat="-34.4831462" lon="-58.4820847"/>
 <node id="11523762355" visible="true" version="1" changeset="146342612" timestamp="2024-01-17T00:00:09Z" user="AgusQui" uid="331218" lat="-34.4830180" lon="-58.4821317"/>
 <node id="11523762356" visible="true" version="1" changeset="146342612" timestamp="2024-01-17T00:00:09Z" user="AgusQui" uid="331218" lat="-34.4835928" lon="-58.4818728"/>
 <node id="11523762357" visible="true" version="1" changeset="146342612" timestamp="2024-01-17T00:00:09Z" user="AgusQui" uid="331218" lat="-34.4853657" lon="-58.4816677"/>
 <node id="11523762358" visible="true" version="2" changeset="158790052" timestamp="2024-11-05T18:19:05Z" user="JConormaps" uid="21599775" lat="-34.4854309" lon="-58.4815508">
  <tag k="traffic_calming" v="bump"/>
 </node>
 <node id="11850786416" visible="true" version="1" changeset="150545996" timestamp="2024-04-26T15:52:56Z" user="g0nz" uid="9536659" lat="-34.4903125" lon="-58.4801168"/>
 <node id="11850786462" visible="true" version="1" changeset="150545996" timestamp="2024-04-26T15:52:56Z" user="g0nz" uid="9536659" lat="-34.4798581" lon="-58.4827392"/>
 <node id="11850786463" visible="true" version="1" changeset="150545996" timestamp="2024-04-26T15:52:56Z" user="g0nz" uid="9536659" lat="-34.4797991" lon="-58.4826192"/>
 <node id="11850786464" visible="true" version="1" changeset="150545996" timestamp="2024-04-26T15:52:56Z" user="g0nz" uid="9536659" lat="-34.4799156" lon="-58.4825351"/>
 <node id="11850786465" visible="true" version="1" changeset="150545996" timestamp="2024-04-26T15:52:56Z" user="g0nz" uid="9536659" lat="-34.4799540" lon="-58.4826133"/>
 <node id="11850786466" visible="true" version="1" changeset="150545996" timestamp="2024-04-26T15:52:56Z" user="g0nz" uid="9536659" lat="-34.4800021" lon="-58.4826108"/>
 <node id="11850786467" visible="true" version="1" changeset="150545996" timestamp="2024-04-26T15:52:56Z" user="g0nz" uid="9536659" lat="-34.4799988" lon="-58.4825198"/>
 <node id="11850786468" visible="true" version="1" changeset="150545996" timestamp="2024-04-26T15:52:56Z" user="g0nz" uid="9536659" lat="-34.4803813" lon="-58.4824995"/>
 <node id="11850786469" visible="true" version="1" changeset="150545996" timestamp="2024-04-26T15:52:56Z" user="g0nz" uid="9536659" lat="-34.4802640" lon="-58.4825767"/>
 <node id="11850786470" visible="true" version="1" changeset="150545996" timestamp="2024-04-26T15:52:56Z" user="g0nz" uid="9536659" lat="-34.4802686" lon="-58.4827165"/>
 <node id="11850786471" visible="true" version="1" changeset="150545996" timestamp="2024-04-26T15:52:56Z" user="g0nz" uid="9536659" lat="-34.4801484" lon="-58.4827223"/>
 <node id="11850786472" visible="true" version="1" changeset="150545996" timestamp="2024-04-26T15:52:56Z" user="g0nz" uid="9536659" lat="-34.4801452" lon="-58.4826269"/>
 <node id="11850786473" visible="true" version="1" changeset="150545996" timestamp="2024-04-26T15:52:56Z" user="g0nz" uid="9536659" lat="-34.4800541" lon="-58.4826313"/>
 <node id="11850786474" visible="true" version="1" changeset="150545996" timestamp="2024-04-26T15:52:56Z" user="g0nz" uid="9536659" lat="-34.4800553" lon="-58.4826672"/>
 <node id="11850786475" visible="true" version="1" changeset="150545996" timestamp="2024-04-26T15:52:56Z" user="g0nz" uid="9536659" lat="-34.4799507" lon="-58.4826723"/>
 <node id="11850786476" visible="true" version="1" changeset="150545996" timestamp="2024-04-26T15:52:56Z" user="g0nz" uid="9536659" lat="-34.4800371" lon="-58.4826681"/>
 <node id="11850786477" visible="true" version="1" changeset="150545996" timestamp="2024-04-26T15:52:56Z" user="g0nz" uid="9536659" lat="-34.4800258" lon="-58.4827294"/>
 <node id="11850786478" visible="true" version="1" changeset="150545996" timestamp="2024-04-26T15:52:56Z" user="g0nz" uid="9536659" lat="-34.4801756" lon="-58.4827633"/>
 <node id="11850786479" visible="true" version="1" changeset="150545996" timestamp="2024-04-26T15:52:56Z" user="g0nz" uid="9536659" lat="-34.4803471" lon="-58.4827156"/>
 <node id="11850786480" visible="true" version="1" changeset="150545996" timestamp="2024-04-26T15:52:56Z" user="g0nz" uid="9536659" lat="-34.4800982" lon="-58.4827572"/>
 <node id="11850786481" visible="true" version="1" changeset="150545996" timestamp="2024-04-26T15:52:56Z" user="g0nz" uid="9536659" lat="-34.4802563" lon="-58.4827549"/>
 <node id="11850786482" visible="true" version="1" changeset="150545996" timestamp="2024-04-26T15:52:56Z" user="g0nz" uid="9536659" lat="-34.4804208" lon="-58.4828009"/>
 <node id="11850786483" visible="true" version="1" changeset="150545996" timestamp="2024-04-26T15:52:56Z" user="g0nz" uid="9536659" lat="-34.4805125" lon="-58.4827293"/>
 <node id="11850786484" visible="true" version="1" changeset="150545996" timestamp="2024-04-26T15:52:56Z" user="g0nz" uid="9536659" lat="-34.4803965" lon="-58.4825103"/>
 <node id="11850786485" visible="true" version="1" changeset="150545996" timestamp="2024-04-26T15:52:56Z" user="g0nz" uid="9536659" lat="-34.4803048" lon="-58.4825818"/>
 <node id="11850786486" visible="true" version="2" changeset="158790295" timestamp="2024-11-05T18:27:31Z" user="JConormaps" uid="21599775" lat="-34.4800834" lon="-58.4832342"/>
 <node id="11850786487" visible="true" version="2" changeset="158790295" timestamp="2024-11-05T18:27:31Z" user="JConormaps" uid="21599775" lat="-34.4800547" lon="-58.4831505">
  <tag k="access" v="private"/>
  <tag k="barrier" v="gate"/>
 </node>
 <node id="11850786488" visible="true" version="2" changeset="158790295" timestamp="2024-11-05T18:27:31Z" user="JConormaps" uid="21599775" lat="-34.4800430" lon="-58.4830903"/>
 <node id="11850786489" visible="true" version="1" changeset="150545996" timestamp="2024-04-26T15:52:56Z" user="g0nz" uid="9536659" lat="-34.4800625" lon="-58.4830396"/>
 <node id="11850786490" visible="true" version="1" changeset="150545996" timestamp="2024-04-26T15:52:56Z" user="g0nz" uid="9536659" lat="-34.4805400" lon="-58.4828302"/>
 <node id="11850786491" visible="true" version="1" changeset="150545996" timestamp="2024-04-26T15:52:56Z" user="g0nz" uid="9536659" lat="-34.4800897" lon="-58.4830206"/>
 <node id="11850786492" visible="true" version="1" changeset="150545996" timestamp="2024-04-26T15:52:56Z" user="g0nz" uid="9536659" lat="-34.4799200" lon="-58.4827367"/>
 <node id="11850786493" visible="true" version="1" changeset="150545996" timestamp="2024-04-26T15:52:56Z" user="g0nz" uid="9536659" lat="-34.4802073" lon="-58.4829709"/>
 <node id="11850786494" visible="true" version="1" changeset="150545996" timestamp="2024-04-26T15:52:56Z" user="g0nz" uid="9536659" lat="-34.4801178" lon="-58.4827855"/>
 <node id="11850786495" visible="true" version="1" changeset="150545996" timestamp="2024-04-26T15:52:56Z" user="g0nz" uid="9536659" lat="-34.4803518" lon="-58.4829098"/>
 <node id="11850786496" visible="true" version="1" changeset="150545996" timestamp="2024-04-26T15:52:56Z" user="g0nz" uid="9536659" lat="-34.4802870" lon="-58.4827754"/>
 <node id="11850786497" visible="true" version="3" changeset="158791223" timestamp="2024-11-05T19:00:02Z" user="JConormaps" uid="21599775" lat="-34.4794899" lon="-58.4835092"/>
 <node id="11850786498" visible="true" version="1" changeset="150545996" timestamp="2024-04-26T15:52:56Z" user="g0nz" uid="9536659" lat="-34.4794261" lon="-58.4833486"/>
 <node id="11850786499" visible="true" version="1" changeset="150545996" timestamp="2024-04-26T15:52:56Z" user="g0nz" uid="9536659" lat="-34.4793914" lon="-58.4832902"/>
 <node id="11850786500" visible="true" version="1" changeset="150545996" timestamp="2024-04-26T15:52:56Z" user="g0nz" uid="9536659" lat="-34.4793510" lon="-58.4832435"/>
 <node id="11850786501" visible="true" version="1" changeset="150545996" timestamp="2024-04-26T15:52:56Z" user="g0nz" uid="9536659" lat="-34.4793241" lon="-58.4831898"/>
 <node id="11850786502" visible="true" version="1" changeset="150545996" timestamp="2024-04-26T15:52:56Z" user="g0nz" uid="9536659" lat="-34.4793183" lon="-58.4831338"/>
 <node id="11850786503" visible="true" version="2" changeset="161699668" timestamp="2025-01-24T06:59:12Z" user="TaklamakanDesert" uid="15994195" lat="-34.4793340" lon="-58.4830844"/>
 <node id="11850786504" visible="true" version="2" changeset="161699668" timestamp="2025-01-24T06:59:12Z" user="TaklamakanDesert" uid="15994195" lat="-34.4793754" lon="-58.4830444"/>
 <node id="11850786505" visible="true" version="2" changeset="161699668" timestamp="2025-01-24T06:59:12Z" user="TaklamakanDesert" uid="15994195" lat="-34.4794495" lon="-58.4830034"/>
 <node id="11850786506" visible="true" version="2" changeset="161699668" timestamp="2025-01-24T06:59:12Z" user="TaklamakanDesert" uid="15994195" lat="-34.4798048" lon="-58.4828937"/>
 <node id="11850786507" visible="true" version="2" changeset="161699668" timestamp="2025-01-24T06:59:12Z" user="TaklamakanDesert" uid="15994195" lat="-34.4798353" lon="-58.4828916"/>
 <node id="11850786508" visible="true" version="2" changeset="161699668" timestamp="2025-01-24T06:59:12Z" user="TaklamakanDesert" uid="15994195" lat="-34.4798631" lon="-58.4828924"/>
 <node id="11850786509" visible="true" version="2" changeset="158790295" timestamp="2024-11-05T18:27:31Z" user="JConormaps" uid="21599775" lat="-34.4800247" lon="-58.4832648"/>
 <node id="11850786510" visible="true" version="2" changeset="161699668" timestamp="2025-01-24T06:59:12Z" user="TaklamakanDesert" uid="15994195" lat="-34.4795896" lon="-58.4829230"/>
 <node id="11850786511" visible="true" version="1" changeset="150545996" timestamp="2024-04-26T15:52:56Z" user="g0nz" uid="9536659" lat="-34.4796062" lon="-58.4826463"/>
 <node id="11850786512" visible="true" version="1" changeset="150545996" timestamp="2024-04-26T15:52:56Z" user="g0nz" uid="9536659" lat="-34.4796208" lon="-58.4825968"/>
 <node id="11850786513" visible="true" version="1" changeset="150545996" timestamp="2024-04-26T15:52:56Z" user="g0nz" uid="9536659" lat="-34.4796529" lon="-58.4825631"/>
 <node id="11850786514" visible="true" version="1" changeset="150545996" timestamp="2024-04-26T15:52:56Z" user="g0nz" uid="9536659" lat="-34.4796820" lon="-58.4825596"/>
 <node id="11850786515" visible="true" version="1" changeset="150545996" timestamp="2024-04-26T15:52:56Z" user="g0nz" uid="9536659" lat="-34.4797170" lon="-58.4825720"/>
 <node id="11850786516" visible="true" version="1" changeset="150545996" timestamp="2024-04-26T15:52:56Z" user="g0nz" uid="9536659" lat="-34.4797375" lon="-58.4826056"/>
 <node id="11850786517" visible="true" version="1" changeset="150545996" timestamp="2024-04-26T15:52:56Z" user="g0nz" uid="9536659" lat="-34.4796005" lon="-58.4828286"/>
 <node id="11850786518" visible="true" version="1" changeset="150545996" timestamp="2024-04-26T15:52:56Z" user="g0nz" uid="9536659" lat="-34.4798188" lon="-58.4827979"/>
 <node id="11850786519" visible="true" version="1" changeset="150545996" timestamp="2024-04-26T15:52:56Z" user="g0nz" uid="9536659" lat="-34.4796042" lon="-58.4827085"/>
 <node id="11850786520" visible="true" version="1" changeset="150545996" timestamp="2024-04-26T15:52:56Z" user="g0nz" uid="9536659" lat="-34.4797655" lon="-58.4826718"/>
 <node id="11850786521" visible="true" version="2" changeset="158791223" timestamp="2024-11-05T19:00:02Z" user="JConormaps" uid="21599775" lat="-34.4788834" lon="-58.4835550"/>
 <node id="11850786522" visible="true" version="2" changeset="158791223" timestamp="2024-11-05T19:00:02Z" user="JConormaps" uid="21599775" lat="-34.4790452" lon="-58.4834534"/>
 <node id="11850786523" visible="true" version="3" changeset="161699668" timestamp="2025-01-24T06:59:12Z" user="TaklamakanDesert" uid="15994195" lat="-34.4790160" lon="-58.4833915"/>
 <node id="11850786525" visible="true" version="3" changeset="161699668" timestamp="2025-01-24T06:59:12Z" user="TaklamakanDesert" uid="15994195" lat="-34.4789659" lon="-58.4832728"/>
 <node id="11850786526" visible="true" version="3" changeset="161699668" timestamp="2025-01-24T06:59:12Z" user="TaklamakanDesert" uid="15994195" lat="-34.4789684" lon="-58.4832473"/>
 <node id="11850786527" visible="true" version="2" changeset="158791223" timestamp="2024-11-05T19:00:02Z" user="JConormaps" uid="21599775" lat="-34.4791374" lon="-58.4836819"/>
 <node id="11850786528" visible="true" version="1" changeset="150545996" timestamp="2024-04-26T15:52:56Z" user="g0nz" uid="9536659" lat="-34.4777146" lon="-58.4838648">
  <tag k="leisure" v="playground"/>
 </node>
 <node id="11850786529" visible="true" version="1" changeset="150545996" timestamp="2024-04-26T15:52:56Z" user="g0nz" uid="9536659" lat="-34.4810244" lon="-58.4822947">
  <tag k="leisure" v="playground"/>
 </node>
 <node id="11850786538" visible="true" version="1" changeset="150545996" timestamp="2024-04-26T15:52:56Z" user="g0nz" uid="9536659" lat="-34.4819190" lon="-58.4820580"/>
 <node id="11850786539" visible="true" version="1" changeset="150545996" timestamp="2024-04-26T15:52:56Z" user="g0nz" uid="9536659" lat="-34.4823299" lon="-58.4818810"/>
 <node id="11850786540" visible="true" version="1" changeset="150545996" timestamp="2024-04-26T15:52:56Z" user="g0nz" uid="9536659" lat="-34.4823923" lon="-58.4820940"/>
 <node id="11850786541" visible="true" version="1" changeset="150545996" timestamp="2024-04-26T15:52:56Z" user="g0nz" uid="9536659" lat="-34.4819813" lon="-58.4822709"/>
 <node id="11850786542" visible="true" version="2" changeset="158790295" timestamp="2024-11-05T18:27:31Z" user="JConormaps" uid="21599775" lat="-34.4811167" lon="-58.4824131"/>
 <node id="11850786543" visible="true" version="1" changeset="150545996" timestamp="2024-04-26T15:52:56Z" user="g0nz" uid="9536659" lat="-34.4834617" lon="-58.4803737"/>
 <node id="11850786544" visible="true" version="1" changeset="150545996" timestamp="2024-04-26T15:52:56Z" user="g0nz" uid="9536659" lat="-34.4834287" lon="-58.4805770"/>
 <node id="11850786545" visible="true" version="1" changeset="150545996" timestamp="2024-04-26T15:52:56Z" user="g0nz" uid="9536659" lat="-34.4835243" lon="-58.4803717"/>
 <node id="11850786546" visible="true" version="1" changeset="150545996" timestamp="2024-04-26T15:52:56Z" user="g0nz" uid="9536659" lat="-34.4838397" lon="-58.4803072"/>
 <node id="11850786547" visible="true" version="1" changeset="150545996" timestamp="2024-04-26T15:52:56Z" user="g0nz" uid="9536659" lat="-34.4838778" lon="-58.4805811"/>
 <node id="11850786548" visible="true" version="1" changeset="150545996" timestamp="2024-04-26T15:52:56Z" user="g0nz" uid="9536659" lat="-34.4839130" lon="-58.4806035"/>
 <node id="11850786549" visible="true" version="1" changeset="150545996" timestamp="2024-04-26T15:52:56Z" user="g0nz" uid="9536659" lat="-34.4839956" lon="-58.4805192"/>
 <node id="11850786550" visible="true" version="1" changeset="150545996" timestamp="2024-04-26T15:52:56Z" user="g0nz" uid="9536659" lat="-34.4841020" lon="-58.4806727"/>
 <node id="11850786551" visible="true" version="1" changeset="150545996" timestamp="2024-04-26T15:52:56Z" user="g0nz" uid="9536659" lat="-34.4840217" lon="-58.4807546"/>
 <node id="11850786552" visible="true" version="1" changeset="150545996" timestamp="2024-04-26T15:52:56Z" user="g0nz" uid="9536659" lat="-34.4839599" lon="-58.4806654"/>
 <node id="11850786553" visible="true" version="1" changeset="150545996" timestamp="2024-04-26T15:52:56Z" user="g0nz" uid="9536659" lat="-34.4839466" lon="-58.4806789"/>
 <node id="11850786554" visible="true" version="1" changeset="150545996" timestamp="2024-04-26T15:52:56Z" user="g0nz" uid="9536659" lat="-34.4839197" lon="-58.4806401"/>
 <node id="11850786555" visible="true" version="1" changeset="150545996" timestamp="2024-04-26T15:52:56Z" user="g0nz" uid="9536659" lat="-34.4838838" lon="-58.4807056"/>
 <node id="11850786556" visible="true" version="1" changeset="150545996" timestamp="2024-04-26T15:52:56Z" user="g0nz" uid="9536659" lat="-34.4838381" lon="-58.4807175"/>
 <node id="11850786557" visible="true" version="1" changeset="150545996" timestamp="2024-04-26T15:52:56Z" user="g0nz" uid="9536659" lat="-34.4838529" lon="-58.4808013"/>
 <node id="11850786558" visible="true" version="1" changeset="150545996" timestamp="2024-04-26T15:52:56Z" user="g0nz" uid="9536659" lat="-34.4836627" lon="-58.4808508"/>
 <node id="11850786559" visible="true" version="1" changeset="150545996" timestamp="2024-04-26T15:52:56Z" user="g0nz" uid="9536659" lat="-34.4836520" lon="-58.4807908"/>
 <node id="11850786560" visible="true" version="1" changeset="150545996" timestamp="2024-04-26T15:52:56Z" user="g0nz" uid="9536659" lat="-34.4834748" lon="-58.4808370"/>
 <node id="11850786561" visible="true" version="2" changeset="158790052" timestamp="2024-11-05T18:19:05Z" user="JConormaps" uid="21599775" lat="-34.4844219" lon="-58.4814224"/>
 <node id="11850786562" visible="true" version="1" changeset="150545996" timestamp="2024-04-26T15:52:56Z" user="g0nz" uid="9536659" lat="-34.4840358" lon="-58.4802404"/>
 <node id="11850786563" visible="true" version="1" changeset="150545996" timestamp="2024-04-26T15:52:56Z" user="g0nz" uid="9536659" lat="-34.4840093" lon="-58.4801962"/>
 <node id="11850786564" visible="true" version="1" changeset="150545996" timestamp="2024-04-26T15:52:56Z" user="g0nz" uid="9536659" lat="-34.4839685" lon="-58.4801772"/>
 <node id="11850786565" visible="true" version="1" changeset="150545996" timestamp="2024-04-26T15:52:56Z" user="g0nz" uid="9536659" lat="-34.4839215" lon="-58.4801648"/>
 <node id="11850786566" visible="true" version="1" changeset="150545996" timestamp="2024-04-26T15:52:56Z" user="g0nz" uid="9536659" lat="-34.4836244" lon="-58.4801417"/>
 <node id="11850786567" visible="true" version="1" changeset="150545996" timestamp="2024-04-26T15:52:56Z" user="g0nz" uid="9536659" lat="-34.4835863" lon="-58.4801571"/>
 <node id="11850786568" visible="true" version="1" changeset="150545996" timestamp="2024-04-26T15:52:56Z" user="g0nz" uid="9536659" lat="-34.4835558" lon="-58.4801956"/>
 <node id="11850786569" visible="true" version="1" changeset="150545996" timestamp="2024-04-26T15:52:56Z" user="g0nz" uid="9536659" lat="-34.4834390" lon="-58.4804283"/>
 <node id="11850786570" visible="true" version="1" changeset="150545996" timestamp="2024-04-26T15:52:56Z" user="g0nz" uid="9536659" lat="-34.4833844" lon="-58.4804991"/>
 <node id="11850786571" visible="true" version="1" changeset="150545996" timestamp="2024-04-26T15:52:56Z" user="g0nz" uid="9536659" lat="-34.4833336" lon="-58.4805515"/>
 <node id="11850786572" visible="true" version="1" changeset="150545996" timestamp="2024-04-26T15:52:56Z" user="g0nz" uid="9536659" lat="-34.4832726" lon="-58.4805993"/>
 <node id="11850786573" visible="true" version="1" changeset="150545996" timestamp="2024-04-26T15:52:56Z" user="g0nz" uid="9536659" lat="-34.4831838" lon="-58.4806378"/>
 <node id="11850786574" visible="true" version="1" changeset="150545996" timestamp="2024-04-26T15:52:56Z" user="g0nz" uid="9536659" lat="-34.4829590" lon="-58.4807425"/>
 <node id="11850786575" visible="true" version="1" changeset="150545996" timestamp="2024-04-26T15:52:56Z" user="g0nz" uid="9536659" lat="-34.4829361" lon="-58.4807795"/>
 <node id="11850786576" visible="true" version="1" changeset="150545996" timestamp="2024-04-26T15:52:56Z" user="g0nz" uid="9536659" lat="-34.4829158" lon="-58.4808427"/>
 <node id="11850786577" visible="true" version="1" changeset="150545996" timestamp="2024-04-26T15:52:56Z" user="g0nz" uid="9536659" lat="-34.4828980" lon="-58.4809074"/>
 <node id="11850786578" visible="true" version="1" changeset="150545996" timestamp="2024-04-26T15:52:56Z" user="g0nz" uid="9536659" lat="-34.4828866" lon="-58.4809828"/>
 <node id="11850786579" visible="true" version="1" changeset="150545996" timestamp="2024-04-26T15:52:56Z" user="g0nz" uid="9536659" lat="-34.4828803" lon="-58.4810583"/>
 <node id="11850786580" visible="true" version="1" changeset="150545996" timestamp="2024-04-26T15:52:56Z" user="g0nz" uid="9536659" lat="-34.4828980" lon="-58.4811708"/>
 <node id="11850786582" visible="true" version="2" changeset="161665321" timestamp="2025-01-23T08:59:17Z" user="TaklamakanDesert" uid="15994195" lat="-34.4829701" lon="-58.4814748"/>
 <node id="11850786583" visible="true" version="1" changeset="150545996" timestamp="2024-04-26T15:52:56Z" user="g0nz" uid="9536659" lat="-34.4830491" lon="-58.4814450"/>
 <node id="11850786584" visible="true" version="1" changeset="150545996" timestamp="2024-04-26T15:52:56Z" user="g0nz" uid="9536659" lat="-34.4833209" lon="-58.4813541"/>
 <node id="11850786585" visible="true" version="1" changeset="150545996" timestamp="2024-04-26T15:52:56Z" user="g0nz" uid="9536659" lat="-34.4841300" lon="-58.4805276"/>
 <node id="11850786586" visible="true" version="1" changeset="150545996" timestamp="2024-04-26T15:52:56Z" user="g0nz" uid="9536659" lat="-34.4839853" lon="-58.4804925"/>
 <node id="11850786587" visible="true" version="2" changeset="187428422" timestamp="2026-08-14T08:32:24Z" user="BaudouinCanal" uid="23639058" lat="-34.4839569" lon="-58.4804742"/>
 <node id="11850786588" visible="true" version="1" changeset="150545996" timestamp="2024-04-26T15:52:56Z" user="g0nz" uid="9536659" lat="-34.4839334" lon="-58.4804336"/>
 <node id="11850786589" visible="true" version="1" changeset="150545996" timestamp="2024-04-26T15:52:56Z" user="g0nz" uid="9536659" lat="-34.4838501" lon="-58.4801593"/>
 <node id="11850786590" visible="true" version="2" changeset="161660396" timestamp="2025-01-23T05:15:38Z" user="TaklamakanDesert" uid="15994195" lat="-34.4839763" lon="-58.4808571"/>
 <node id="11850786591" visible="true" version="1" changeset="150545996" timestamp="2024-04-26T15:52:56Z" user="g0nz" uid="9536659" lat="-34.4842009" lon="-58.4807437"/>
 <node id="11850786592" visible="true" version="1" changeset="150545996" timestamp="2024-04-26T15:52:56Z" user="g0nz" uid="9536659" lat="-34.4831540" lon="-58.4816273"/>
 <node id="11850786593" visible="true" version="1" changeset="150545996" timestamp="2024-04-26T15:52:56Z" user="g0nz" uid="9536659" lat="-34.4831219" lon="-58.4814862"/>
 <node id="11850786594" visible="true" version="1" changeset="150545996" timestamp="2024-04-26T15:52:56Z" user="g0nz" uid="9536659" lat="-34.4833900" lon="-58.4813961"/>
 <node id="11850786595" visible="true" version="1" changeset="150545996" timestamp="2024-04-26T15:52:56Z" user="g0nz" uid="9536659" lat="-34.4834222" lon="-58.4815373"/>
 <node id="12072149230" visible="true" version="1" changeset="154364207" timestamp="2024-07-24T18:45:18Z" user="clf_1987" uid="21297676" lat="-34.4888021" lon="-58.4838923"/>
 <node id="12216055415" visible="true" version="1" changeset="157379449" timestamp="2024-10-02T13:36:46Z" user="Cole1107" uid="22020188" lat="-34.4853779" lon="-58.4835779">
  <tag k="country" v="PK"/>
  <tag k="diplomatic" v="embassy"/>
  <tag k="name" v="Pakistan Embassy"/>
  <tag k="office" v="diplomatic"/>
 </node>
 <node id="12277569055" visible="true" version="2" changeset="158790295" timestamp="2024-11-05T18:27:31Z" user="JConormaps" uid="21599775" lat="-34.4813575" lon="-58.4820391"/>
 <node id="12277569056" visible="true" version="2" changeset="158790295" timestamp="2024-11-05T18:27:31Z" user="JConormaps" uid="21599775" lat="-34.4811332" lon="-58.4824870"/>
 <node id="12277569057" visible="true" version="1" changeset="158191500" timestamp="2024-10-22T00:49:02Z" user="csimeona22" uid="15166882" lat="-34.4807617" lon="-58.4827334"/>
 <node id="12277569058" visible="true" version="2" changeset="158790295" timestamp="2024-11-05T18:27:31Z" user="JConormaps" uid="21599775" lat="-34.4809682" lon="-58.4828041"/>
 <node id="12277569059" visible="true" version="1" changeset="158191500" timestamp="2024-10-22T00:49:02Z" user="csimeona22" uid="15166882" lat="-34.4809542" lon="-58.4826808"/>
 <node id="12277569060" visible="true" version="2" changeset="158790295" timestamp="2024-11-05T18:27:31Z" user="JConormaps" uid="21599775" lat="-34.4809747" lon="-58.4826145"/>
 <node id="12277569061" visible="true" version="2" changeset="158790295" timestamp="2024-11-05T18:27:31Z" user="JConormaps" uid="21599775" lat="-34.4811849" lon="-58.4824522"/>
 <node id="12277569062" visible="true" version="2" changeset="158790295" timestamp="2024-11-05T18:27:31Z" user="JConormaps" uid="21599775" lat="-34.4812531" lon="-58.4824276"/>
 <node id="12277569063" visible="true" version="2" changeset="158790295" timestamp="2024-11-05T18:27:31Z" user="JConormaps" uid="21599775" lat="-34.4814323" lon="-58.4824398"/>
 <node id="12277569065" visible="true" version="2" changeset="158790295" timestamp="2024-11-05T18:27:31Z" user="JConormaps" uid="21599775" lat="-34.4814517" lon="-58.4824733"/>
 <node id="12277569066" visible="true" version="2" changeset="158790295" timestamp="2024-11-05T18:27:31Z" user="JConormaps" uid="21599775" lat="-34.4814842" lon="-58.4825822"/>
 <node id="12277680271" visible="true" version="2" changeset="158791223" timestamp="2024-11-05T19:00:02Z" user="JConormaps" uid="21599775" lat="-34.4784727" lon="-58.4841049"/>
 <node id="12277680272" visible="true" version="2" changeset="158791223" timestamp="2024-11-05T19:00:02Z" user="JConormaps" uid="21599775" lat="-34.4784363" lon="-58.4840316">
  <tag k="access" v="permissive"/>
  <tag k="barrier" v="swing_gate"/>
 </node>
 <node id="12277680273" visible="true" version="2" changeset="158791223" timestamp="2024-11-05T19:00:02Z" user="JConormaps" uid="21599775" lat="-34.4783900" lon="-58.4840027"/>
 <node id="12277680274" visible="true" version="2" changeset="158791223" timestamp="2024-11-05T19:00:02Z" user="JConormaps" uid="21599775" lat="-34.4783337" lon="-58.4840033"/>
 <node id="12277680275" visible="true" version="2" changeset="158791223" timestamp="2024-11-05T19:00:02Z" user="JConormaps" uid="21599775" lat="-34.4777512" lon="-58.4843467"/>
 <node id="12277680276" visible="true" version="2" changeset="158791223" timestamp="2024-11-05T19:00:02Z" user="JConormaps" uid="21599775" lat="-34.4777225" lon="-58.4843890"/>
 <node id="12277680277" visible="true" version="2" changeset="158791223" timestamp="2024-11-05T19:00:02Z" user="JConormaps" uid="21599775" lat="-34.4777061" lon="-58.4844384"/>
 <node id="12315837915" visible="true" version="2" changeset="187428475" timestamp="2026-08-14T08:33:24Z" user="BaudouinCanal" uid="23639058" lat="-34.4830360" lon="-58.4817775">
  <tag k="access" v="no"/>
  <tag k="barrier" v="gate"/>
 </node>
 <node id="12315837916" visible="true" version="1" changeset="158790052" timestamp="2024-11-05T18:19:05Z" user="JConormaps" uid="21599775" lat="-34.4832899" lon="-58.4818058"/>
 <node id="12315837917" visible="true" version="1" changeset="158790052" timestamp="2024-11-05T18:19:05Z" user="JConormaps" uid="21599775" lat="-34.4835298" lon="-58.4817159"/>
 <node id="12315837918" visible="true" version="1" changeset="158790052" timestamp="2024-11-05T18:19:05Z" user="JConormaps" uid="21599775" lat="-34.4838946" lon="-58.4815805"/>
 <node id="12315837919" visible="true" version="1" changeset="158790052" timestamp="2024-11-05T18:19:05Z" user="JConormaps" uid="21599775" lat="-34.4851686" lon="-58.4813206"/>
 <node id="12315837920" visible="true" version="1" changeset="158790052" timestamp="2024-11-05T18:19:05Z" user="JConormaps" uid="21599775" lat="-34.4851250" lon="-58.4812827"/>
 <node id="12315837921" visible="true" version="1" changeset="158790052" timestamp="2024-11-05T18:19:05Z" user="JConormaps" uid="21599775" lat="-34.4849083" lon="-58.4813149"/>
 <node id="12315837922" visible="true" version="1" changeset="158790052" timestamp="2024-11-05T18:19:05Z" user="JConormaps" uid="21599775" lat="-34.4843837" lon="-58.4813010">
  <tag k="access" v="private"/>
  <tag k="barrier" v="gate"/>
 </node>
 <node id="12315837923" visible="true" version="1" changeset="158790052" timestamp="2024-11-05T18:19:05Z" user="JConormaps" uid="21599775" lat="-34.4849647" lon="-58.4805438"/>
 <node id="12315837924" visible="true" version="1" changeset="158790052" timestamp="2024-11-05T18:19:05Z" user="JConormaps" uid="21599775" lat="-34.4856710" lon="-58.4809569"/>
 <node id="12315837925" visible="true" version="1" changeset="158790052" timestamp="2024-11-05T18:19:05Z" user="JConormaps" uid="21599775" lat="-34.4860546" lon="-58.4811164"/>
 <node id="12315837926" visible="true" version="1" changeset="158790052" timestamp="2024-11-05T18:19:05Z" user="JConormaps" uid="21599775" lat="-34.4855616" lon="-58.4812371"/>
 <node id="12315837927" visible="true" version="1" changeset="158790052" timestamp="2024-11-05T18:19:05Z" user="JConormaps" uid="21599775" lat="-34.4851095" lon="-58.4808683"/>
 <node id="12315837928" visible="true" version="1" changeset="158790052" timestamp="2024-11-05T18:19:05Z" user="JConormaps" uid="21599775" lat="-34.4852156" lon="-58.4810346"/>
 <node id="12315837929" visible="true" version="1" changeset="158790052" timestamp="2024-11-05T18:19:05Z" user="JConormaps" uid="21599775" lat="-34.4852717" lon="-58.4812623"/>
 <node id="12315837930" visible="true" version="2" changeset="161660396" timestamp="2025-01-23T05:15:38Z" user="TaklamakanDesert" uid="15994195" lat="-34.4869870" lon="-58.4858371">
  <tag k="highway" v="crossing"/>
 </node>
 <node id="12315837931" visible="true" version="2" changeset="161660396" timestamp="2025-01-23T05:15:38Z" user="TaklamakanDesert" uid="15994195" lat="-34.4870865" lon="-58.4857553">
  <tag k="highway" v="crossing"/>
 </node>
 <node id="12315872287" visible="true" version="2" changeset="158791223" timestamp="2024-11-05T19:00:02Z" user="JConormaps" uid="21599775" lat="-34.4788940" lon="-58.4837405">
  <tag k="access" v="permissive"/>
  <tag k="barrier" v="lift_gate"/>
 </node>
 <node id="12315872288" visible="true" version="1" changeset="158790295" timestamp="2024-11-05T18:27:31Z" user="JConormaps" uid="21599775" lat="-34.4799922" lon="-58.4831932">
  <tag k="access" v="private"/>
  <tag k="barrier" v="gate"/>
 </node>
 <node id="12315872289" visible="true" version="1" changeset="158790295" timestamp="2024-11-05T18:27:31Z" user="JConormaps" uid="21599775" lat="-34.4794578" lon="-58.4834248">
  <tag k="access" v="private"/>
  <tag k="barrier" v="gate"/>
 </node>
 <node id="12315872290" visible="true" version="1" changeset="158790295" timestamp="2024-11-05T18:27:31Z" user="JConormaps" uid="21599775" lat="-34.4810270" lon="-58.4825622"/>
 <node id="12315872291" visible="true" version="1" changeset="158790295" timestamp="2024-11-05T18:27:31Z" user="JConormaps" uid="21599775" lat="-34.4813907" lon="-58.4824220"/>
 <node id="12315872292" visible="true" version="1" changeset="158790295" timestamp="2024-11-05T18:27:31Z" user="JConormaps" uid="21599775" lat="-34.4812177" lon="-58.4824354"/>
 <node id="12315872293" visible="true" version="2" changeset="161698240" timestamp="2025-01-24T05:41:09Z" user="TaklamakanDesert" uid="15994195" lat="-34.4823981" lon="-58.4819179">
  <tag k="access" v="private"/>
  <tag k="barrier" v="gate"/>
 </node>
 <node id="12315872294" visible="true" version="2" changeset="161698240" timestamp="2025-01-24T05:41:09Z" user="TaklamakanDesert" uid="15994195" lat="-34.4824733" lon="-58.4821465"/>
 <node id="12315872295" visible="true" version="2" changeset="161698240" timestamp="2025-01-24T05:41:09Z" user="TaklamakanDesert" uid="15994195" lat="-34.4824559" lon="-58.4817071"/>
 <node id="12315872296" visible="true" version="3" changeset="187428422" timestamp="2026-08-14T08:32:24Z" user="BaudouinCanal" uid="23639058" lat="-34.4824912" lon="-58.4818815">
  <tag k="access" v="private"/>
  <tag k="barrier" v="gate"/>
 </node>
 <node id="12315872297" visible="true" version="1" changeset="158790295" timestamp="2024-11-05T18:27:31Z" user="JConormaps" uid="21599775" lat="-34.4819147" lon="-58.4816435"/>
 <node id="12315872298" visible="true" version="1" changeset="158790295" timestamp="2024-11-05T18:27:31Z" user="JConormaps" uid="21599775" lat="-34.4818188" lon="-58.4815893"/>
 <node id="12315876227" visible="true" version="1" changeset="158791223" timestamp="2024-11-05T19:00:02Z" user="JConormaps" uid="21599775" lat="-34.4839819" lon="-58.4861764"/>
 <node id="12315876228" visible="true" version="1" changeset="158791223" timestamp="2024-11-05T19:00:02Z" user="JConormaps" uid="21599775" lat="-34.4832468" lon="-58.4870186"/>
 <node id="12315876229" visible="true" version="1" changeset="158791223" timestamp="2024-11-05T19:00:02Z" user="JConormaps" uid="21599775" lat="-34.4837542" lon="-58.4864353"/>
 <node id="12315876230" visible="true" version="1" changeset="158791223" timestamp="2024-11-05T19:00:02Z" user="JConormaps" uid="21599775" lat="-34.4829174" lon="-58.4873311"/>
 <node id="12315876231" visible="true" version="1" changeset="158791223" timestamp="2024-11-05T19:00:02Z" user="JConormaps" uid="21599775" lat="-34.4830976" lon="-58.4871729"/>
 <node id="12315876232" visible="true" version="1" changeset="158791223" timestamp="2024-11-05T19:00:02Z" user="JConormaps" uid="21599775" lat="-34.4812655" lon="-58.4867259"/>
 <node id="12315876233" visible="true" version="1" changeset="158791223" timestamp="2024-11-05T19:00:02Z" user="JConormaps" uid="21599775" lat="-34.4812770" lon="-58.4866331"/>
 <node id="12315876234" visible="true" version="1" changeset="158791223" timestamp="2024-11-05T19:00:02Z" user="JConormaps" uid="21599775" lat="-34.4803106" lon="-58.4856346"/>
 <node id="12315876235" visible="true" version="1" changeset="158791223" timestamp="2024-11-05T19:00:02Z" user="JConormaps" uid="21599775" lat="-34.4809695" lon="-58.4842707"/>
 <node id="12315876236" visible="true" version="1" changeset="158791223" timestamp="2024-11-05T19:00:02Z" user="JConormaps" uid="21599775" lat="-34.4808867" lon="-58.4841773">
  <tag k="highway" v="turning_loop"/>
 </node>
 <node id="12315876237" visible="true" version="1" changeset="158791223" timestamp="2024-11-05T19:00:02Z" user="JConormaps" uid="21599775" lat="-34.4811331" lon="-58.4850365">
  <tag k="noexit" v="yes"/>
 </node>
 <node id="12315876238" visible="true" version="1" changeset="158791223" timestamp="2024-11-05T19:00:02Z" user="JConormaps" uid="21599775" lat="-34.4812736" lon="-58.4848639"/>
 <node id="12315876239" visible="true" version="1" changeset="158791223" timestamp="2024-11-05T19:00:02Z" user="JConormaps" uid="21599775" lat="-34.4812535" lon="-58.4848251"/>
 <node id="12315876240" visible="true" version="1" changeset="158791223" timestamp="2024-11-05T19:00:02Z" user="JConormaps" uid="21599775" lat="-34.4815643" lon="-58.4846140">
  <tag k="access" v="private"/>
  <tag k="barrier" v="gate"/>
 </node>
 <node id="12315876241" visible="true" version="1" changeset="158791223" timestamp="2024-11-05T19:00:02Z" user="JConormaps" uid="21599775" lat="-34.4816209" lon="-58.4845715"/>
 <node id="12315876242" visible="true" version="1" changeset="158791223" timestamp="2024-11-05T19:00:02Z" user="JConormaps" uid="21599775" lat="-34.4793389" lon="-58.4837920"/>
 <node id="12315876243" visible="true" version="1" changeset="158791223" timestamp="2024-11-05T19:00:02Z" user="JConormaps" uid="21599775" lat="-34.4808927" lon="-58.4831408"/>
 <node id="12315876244" visible="true" version="1" changeset="158791223" timestamp="2024-11-05T19:00:02Z" user="JConormaps" uid="21599775" lat="-34.4788558" lon="-58.4836015"/>
 <node id="12315876245" visible="true" version="1" changeset="158791223" timestamp="2024-11-05T19:00:02Z" user="JConormaps" uid="21599775" lat="-34.4788624" lon="-58.4836605"/>
 <node id="12315876246" visible="true" version="1" changeset="158791223" timestamp="2024-11-05T19:00:02Z" user="JConormaps" uid="21599775" lat="-34.4791116" lon="-58.4836187">
  <tag k="access" v="permissive"/>
  <tag k="barrier" v="lift_gate"/>
 </node>
 <node id="12352341311" visible="true" version="1" changeset="159301940" timestamp="2024-11-18T21:41:37Z" user="Pegasus21" uid="13510663" lat="-34.4906187" lon="-58.4937353"/>
 <node id="12525661203" visible="true" version="1" changeset="161660396" timestamp="2025-01-23T05:15:38Z" user="TaklamakanDesert" uid="15994195" lat="-34.4870667" lon="-58.4858377">
  <tag k="highway" v="crossing"/>
 </node>
 <node id="12525661204" visible="true" version="1" changeset="161660396" timestamp="2025-01-23T05:15:38Z" user="TaklamakanDesert" uid="15994195" lat="-34.4870060" lon="-58.4856969">
  <tag k="highway" v="crossing"/>
 </node>
 <node id="12525661205" visible="true" version="1" changeset="161660396" timestamp="2025-01-23T05:15:38Z" user="TaklamakanDesert" uid="15994195" lat="-34.4863531" lon="-58.4866740">
  <tag k="highway" v="crossing"/>
 </node>
 <node id="12525661222" visible="true" version="2" changeset="161665321" timestamp="2025-01-23T08:59:17Z" user="TaklamakanDesert" uid="15994195" lat="-34.4839477" lon="-58.4809642"/>
 <node id="12525661223" visible="true" version="2" changeset="161665321" timestamp="2025-01-23T08:59:17Z" user="TaklamakanDesert" uid="15994195" lat="-34.4839466" lon="-58.4809166"/>
 <node id="12525661224" visible="true" version="1" changeset="161660396" timestamp="2025-01-23T05:15:38Z" user="TaklamakanDesert" uid="15994195" lat="-34.4841129" lon="-58.4812653"/>
 <node id="12525661225" visible="true" version="2" changeset="187428422" timestamp="2026-08-14T08:32:24Z" user="BaudouinCanal" uid="23639058" lat="-34.4842025" lon="-58.4814135">
  <tag k="access" v="no"/>
  <tag k="barrier" v="gate"/>
 </node>
 <node id="12525661226" visible="true" version="1" changeset="161660396" timestamp="2025-01-23T05:15:38Z" user="TaklamakanDesert" uid="15994195" lat="-34.4829511" lon="-58.4814056"/>
 <node id="12525715260" visible="true" version="1" changeset="161661028" timestamp="2025-01-23T06:02:27Z" user="LakePoyang" uid="18237328" lat="-34.4730645" lon="-58.4912100"/>
 <node id="12525715265" visible="true" version="1" changeset="161661028" timestamp="2025-01-23T06:02:27Z" user="LakePoyang" uid="18237328" lat="-34.4736355" lon="-58.4902414"/>
 <node id="12525715270" visible="true" version="1" changeset="161661028" timestamp="2025-01-23T06:02:27Z" user="LakePoyang" uid="18237328" lat="-34.4749584" lon="-58.4879712"/>
 <node id="12525715271" visible="true" version="1" changeset="161661028" timestamp="2025-01-23T06:02:27Z" user="LakePoyang" uid="18237328" lat="-34.4748493" lon="-58.4878810"/>
 <node id="12525715272" visible="true" version="1" changeset="161661028" timestamp="2025-01-23T06:02:27Z" user="LakePoyang" uid="18237328" lat="-34.4748327" lon="-58.4878582"/>
 <node id="12525715273" visible="true" version="1" changeset="161661028" timestamp="2025-01-23T06:02:27Z" user="LakePoyang" uid="18237328" lat="-34.4748349" lon="-58.4878314"/>
 <node id="12525715274" visible="true" version="1" changeset="161661028" timestamp="2025-01-23T06:02:27Z" user="LakePoyang" uid="18237328" lat="-34.4750317" lon="-58.4874505"/>
 <node id="12525715275" visible="true" version="1" changeset="161661028" timestamp="2025-01-23T06:02:27Z" user="LakePoyang" uid="18237328" lat="-34.4750472" lon="-58.4874438"/>
 <node id="12525715276" visible="true" version="1" changeset="161661028" timestamp="2025-01-23T06:02:27Z" user="LakePoyang" uid="18237328" lat="-34.4750616" lon="-58.4874505"/>
 <node id="12525715277" visible="true" version="1" changeset="161661028" timestamp="2025-01-23T06:02:27Z" user="LakePoyang" uid="18237328" lat="-34.4751874" lon="-58.4875773"/>
 <node id="12525715278" visible="true" version="1" changeset="161661028" timestamp="2025-01-23T06:02:27Z" user="LakePoyang" uid="18237328" lat="-34.4753811" lon="-58.4858049"/>
 <node id="12525715279" visible="true" version="1" changeset="161661028" timestamp="2025-01-23T06:02:27Z" user="LakePoyang" uid="18237328" lat="-34.4754972" lon="-58.4859015"/>
 <node id="12525715280" visible="true" version="1" changeset="161661028" timestamp="2025-01-23T06:02:27Z" user="LakePoyang" uid="18237328" lat="-34.4755657" lon="-58.4859967"/>
 <node id="12525735607" visible="true" version="1" changeset="161661439" timestamp="2025-01-23T06:22:34Z" user="LakePoyang" uid="18237328" lat="-34.4725331" lon="-58.4922241"/>
 <node id="12525735632" visible="true" version="1" changeset="161661439" timestamp="2025-01-23T06:22:34Z" user="LakePoyang" uid="18237328" lat="-34.4749840" lon="-58.4929587"/>
 <node id="12525744712" visible="true" version="1" changeset="161662068" timestamp="2025-01-23T06:51:36Z" user="TaklamakanDesert" uid="15994195" lat="-34.4886821" lon="-58.4852492">
  <tag k="highway" v="crossing"/>
 </node>
 <node id="12525744713" visible="true" version="1" changeset="161662068" timestamp="2025-01-23T06:51:36Z" user="TaklamakanDesert" uid="15994195" lat="-34.4863517" lon="-58.4865074">
  <tag k="highway" v="crossing"/>
 </node>
 <node id="12525744714" visible="true" version="1" changeset="161662068" timestamp="2025-01-23T06:51:36Z" user="TaklamakanDesert" uid="15994195" lat="-34.4860769" lon="-58.4867992">
  <tag k="highway" v="crossing"/>
 </node>
 <node id="12525744715" visible="true" version="1" changeset="161662068" timestamp="2025-01-23T06:51:36Z" user="TaklamakanDesert" uid="15994195" lat="-34.4859804" lon="-58.4869020">
  <tag k="highway" v="crossing"/>
 </node>
 <node id="12525744716" visible="true" version="1" changeset="161662068" timestamp="2025-01-23T06:51:36Z" user="TaklamakanDesert" uid="15994195" lat="-34.4855481" lon="-58.4873674">
  <tag k="highway" v="crossing"/>
 </node>
 <node id="12525744717" visible="true" version="1" changeset="161662068" timestamp="2025-01-23T06:51:36Z" user="TaklamakanDesert" uid="15994195" lat="-34.4854245" lon="-58.4875008">
  <tag k="highway" v="crossing"/>
 </node>
 <node id="12525948151" visible="true" version="1" changeset="161665321" timestamp="2025-01-23T08:59:17Z" user="TaklamakanDesert" uid="15994195" lat="-34.4846767" lon="-58.4880910">
  <tag k="highway" v="crossing"/>
 </node>
 <node id="12525948152" visible="true" version="1" changeset="161665321" timestamp="2025-01-23T08:59:17Z" user="TaklamakanDesert" uid="15994195" lat="-34.4847821" lon="-58.4883139">
  <tag k="highway" v="crossing"/>
 </node>
 <node id="12528594720" visible="true" version="1" changeset="161697251" timestamp="2025-01-24T04:38:18Z" user="TaklamakanDesert" uid="15994195" lat="-34.4794428" lon="-58.4851116"/>
 <node id="12528594721" visible="true" version="1" changeset="161697251" timestamp="2025-01-24T04:38:18Z" user="TaklamakanDesert" uid="15994195" lat="-34.4794296" lon="-58.4851532"/>
 <node id="12528594722" visible="true" version="1" changeset="161697251" timestamp="2025-01-24T04:38:18Z" user="TaklamakanDesert" uid="15994195" lat="-34.4794285" lon="-58.4852001"/>
 <node id="12528594723" visible="true" version="1" changeset="161697251" timestamp="2025-01-24T04:38:18Z" user="TaklamakanDesert" uid="15994195" lat="-34.4797490" lon="-58.4857593"/>
 <node id="12528594724" visible="true" version="1" changeset="161697251" timestamp="2025-01-24T04:38:18Z" user="TaklamakanDesert" uid="15994195" lat="-34.4798253" lon="-58.4858184"/>
 <node id="12528594725" visible="true" version="1" changeset="161697251" timestamp="2025-01-24T04:38:18Z" user="TaklamakanDesert" uid="15994195" lat="-34.4799038" lon="-58.4858425"/>
 <node id="12528594726" visible="true" version="1" changeset="161697251" timestamp="2025-01-24T04:38:18Z" user="TaklamakanDesert" uid="15994195" lat="-34.4799956" lon="-58.4858258"/>
 <node id="12528594727" visible="true" version="1" changeset="161697251" timestamp="2025-01-24T04:38:18Z" user="TaklamakanDesert" uid="15994195" lat="-34.4812658" lon="-58.4848903"/>
 <node id="12528594728" visible="true" version="1" changeset="161697251" timestamp="2025-01-24T04:38:18Z" user="TaklamakanDesert" uid="15994195" lat="-34.4836293" lon="-58.4847803"/>
 <node id="12528594730" visible="true" version="1" changeset="161697251" timestamp="2025-01-24T04:38:18Z" user="TaklamakanDesert" uid="15994195" lat="-34.4768523" lon="-58.4877962"/>
 <node id="12528594731" visible="true" version="1" changeset="161697251" timestamp="2025-01-24T04:38:18Z" user="TaklamakanDesert" uid="15994195" lat="-34.4764551" lon="-58.4869134"/>
 <node id="12528594732" visible="true" version="1" changeset="161697251" timestamp="2025-01-24T04:38:18Z" user="TaklamakanDesert" uid="15994195" lat="-34.4764546" lon="-58.4869663"/>
 <node id="12528594736" visible="true" version="1" changeset="161697251" timestamp="2025-01-24T04:38:18Z" user="TaklamakanDesert" uid="15994195" lat="-34.4764700" lon="-58.4870146"/>
 <node id="12528594737" visible="true" version="1" changeset="161697251" timestamp="2025-01-24T04:38:18Z" user="TaklamakanDesert" uid="15994195" lat="-34.4768614" lon="-58.4877697"/>
 <node id="12528594738" visible="true" version="1" changeset="161697251" timestamp="2025-01-24T04:38:18Z" user="TaklamakanDesert" uid="15994195" lat="-34.4768487" lon="-58.4878183"/>
 <node id="12528594739" visible="true" version="1" changeset="161697251" timestamp="2025-01-24T04:38:18Z" user="TaklamakanDesert" uid="15994195" lat="-34.4768515" lon="-58.4878407"/>
 <node id="12528594740" visible="true" version="1" changeset="161697251" timestamp="2025-01-24T04:38:18Z" user="TaklamakanDesert" uid="15994195" lat="-34.4769292" lon="-58.4880114"/>
 <node id="12528670435" visible="true" version="1" changeset="161698240" timestamp="2025-01-24T05:41:09Z" user="TaklamakanDesert" uid="15994195" lat="-34.4803195" lon="-58.4848622"/>
 <node id="12528670436" visible="true" version="1" changeset="161698240" timestamp="2025-01-24T05:41:09Z" user="TaklamakanDesert" uid="15994195" lat="-34.4804610" lon="-58.4849520"/>
 <node id="12528670437" visible="true" version="1" changeset="161698240" timestamp="2025-01-24T05:41:09Z" user="TaklamakanDesert" uid="15994195" lat="-34.4803162" lon="-58.4848085"/>
 <node id="12528670438" visible="true" version="1" changeset="161698240" timestamp="2025-01-24T05:41:09Z" user="TaklamakanDesert" uid="15994195" lat="-34.4803129" lon="-58.4848326"/>
 <node id="12528670439" visible="true" version="1" changeset="161698240" timestamp="2025-01-24T05:41:09Z" user="TaklamakanDesert" uid="15994195" lat="-34.4804806" lon="-58.4849758"/>
 <node id="12528670440" visible="true" version="1" changeset="161698240" timestamp="2025-01-24T05:41:09Z" user="TaklamakanDesert" uid="15994195" lat="-34.4830633" lon="-58.4834513"/>
 <node id="12528670441" visible="true" version="1" changeset="161698240" timestamp="2025-01-24T05:41:09Z" user="TaklamakanDesert" uid="15994195" lat="-34.4830290" lon="-58.4834017"/>
 <node id="12528670442" visible="true" version="1" changeset="161698240" timestamp="2025-01-24T05:41:09Z" user="TaklamakanDesert" uid="15994195" lat="-34.4830666" lon="-58.4835063"/>
 <node id="12528670443" visible="true" version="1" changeset="161698240" timestamp="2025-01-24T05:41:09Z" user="TaklamakanDesert" uid="15994195" lat="-34.4828422" lon="-58.4840387"/>
 <node id="12528670444" visible="true" version="1" changeset="161698240" timestamp="2025-01-24T05:41:09Z" user="TaklamakanDesert" uid="15994195" lat="-34.4828345" lon="-58.4841004"/>
 <node id="12528670445" visible="true" version="1" changeset="161698240" timestamp="2025-01-24T05:41:09Z" user="TaklamakanDesert" uid="15994195" lat="-34.4828499" lon="-58.4841527"/>
 <node id="12528742706" visible="true" version="1" changeset="161699668" timestamp="2025-01-24T06:59:12Z" user="TaklamakanDesert" uid="15994195" lat="-34.4808490" lon="-58.4830403">
  <tag k="barrier" v="lift_gate"/>
 </node>
 <node id="12528742707" visible="true" version="1" changeset="161699668" timestamp="2025-01-24T06:59:12Z" user="TaklamakanDesert" uid="15994195" lat="-34.4808164" lon="-58.4829487">
  <tag k="barrier" v="lift_gate"/>
 </node>
 <node id="12528742708" visible="true" version="1" changeset="161699668" timestamp="2025-01-24T06:59:12Z" user="TaklamakanDesert" uid="15994195" lat="-34.4912351" lon="-58.4834172">
  <tag k="highway" v="crossing"/>
 </node>
 <node id="12528742709" visible="true" version="1" changeset="161699668" timestamp="2025-01-24T06:59:12Z" user="TaklamakanDesert" uid="15994195" lat="-34.4852245" lon="-58.4814631">
  <tag k="barrier" v="lift_gate"/>
 </node>
 <node id="12528742710" visible="true" version="1" changeset="161699668" timestamp="2025-01-24T06:59:12Z" user="TaklamakanDesert" uid="15994195" lat="-34.4851808" lon="-58.4813491">
  <tag k="barrier" v="lift_gate"/>
 </node>
 <node id="12528742715" visible="true" version="1" changeset="161699668" timestamp="2025-01-24T06:59:12Z" user="TaklamakanDesert" uid="15994195" lat="-34.4791669" lon="-58.4832568"/>
 <node id="12528742716" visible="true" version="1" changeset="161699668" timestamp="2025-01-24T06:59:12Z" user="TaklamakanDesert" uid="15994195" lat="-34.4790709" lon="-58.4835173"/>
 <node id="12528742717" visible="true" version="1" changeset="161699668" timestamp="2025-01-24T06:59:12Z" user="TaklamakanDesert" uid="15994195" lat="-34.4792206" lon="-58.4833896"/>
 <node id="12528742718" visible="true" version="1" changeset="161699668" timestamp="2025-01-24T06:59:12Z" user="TaklamakanDesert" uid="15994195" lat="-34.4792228" lon="-58.4833668"/>
 <node id="12528742719" visible="true" version="1" changeset="161699668" timestamp="2025-01-24T06:59:12Z" user="TaklamakanDesert" uid="15994195" lat="-34.4791056" lon="-58.4831361"/>
 <node id="12528742720" visible="true" version="1" changeset="161699668" timestamp="2025-01-24T06:59:12Z" user="TaklamakanDesert" uid="15994195" lat="-34.4790835" lon="-58.4831321"/>
 <node id="12540570971" visible="true" version="1" changeset="161878725" timestamp="2025-01-29T01:00:29Z" user="TaklamakanDesert" uid="15994195" lat="-34.4830319" lon="-58.4817585">
  <tag k="barrier" v="lift_gate"/>
 </node>
 <node id="12540570972" visible="true" version="2" changeset="161882338" timestamp="2025-01-29T05:04:44Z" user="TaklamakanDesert" uid="15994195" lat="-34.4878552" lon="-58.4854896"/>
 <node id="12540570973" visible="true" version="2" changeset="161882338" timestamp="2025-01-29T05:04:44Z" user="TaklamakanDesert" uid="15994195" lat="-34.4877711" lon="-58.4855154"/>
 <node id="12600764523" visible="true" version="1" changeset="162702497" timestamp="2025-02-19T13:59:38Z" user="g0nz" uid="9536659" lat="-34.4803012" lon="-58.4821271"/>
 <node id="12600764524" visible="true" version="1" changeset="162702497" timestamp="2025-02-19T13:59:38Z" user="g0nz" uid="9536659" lat="-34.4797551" lon="-58.4820030"/>
 <node id="12600764525" visible="true" version="1" changeset="162702497" timestamp="2025-02-19T13:59:38Z" user="g0nz" uid="9536659" lat="-34.4797320" lon="-58.4819995"/>
 <node id="12600764526" visible="true" version="1" changeset="162702497" timestamp="2025-02-19T13:59:38Z" user="g0nz" uid="9536659" lat="-34.4797050" lon="-58.4820042"/>
 <node id="12600764527" visible="true" version="1" changeset="162702497" timestamp="2025-02-19T13:59:38Z" user="g0nz" uid="9536659" lat="-34.4792296" lon="-58.4821898"/>
 <node id="12600764528" visible="true" version="1" changeset="162702497" timestamp="2025-02-19T13:59:38Z" user="g0nz" uid="9536659" lat="-34.4790794" lon="-58.4822692"/>
 <node id="12600764529" visible="true" version="1" changeset="162702497" timestamp="2025-02-19T13:59:38Z" user="g0nz" uid="9536659" lat="-34.4790650" lon="-58.4822844"/>
 <node id="12600764530" visible="true" version="1" changeset="162702497" timestamp="2025-02-19T13:59:38Z" user="g0nz" uid="9536659" lat="-34.4790563" lon="-58.4823054"/>
 <node id="12600764531" visible="true" version="1" changeset="162702497" timestamp="2025-02-19T13:59:38Z" user="g0nz" uid="9536659" lat="-34.4789582" lon="-58.4825366"/>
 <node id="12600764532" visible="true" version="1" changeset="162702497" timestamp="2025-02-19T13:59:38Z" user="g0nz" uid="9536659" lat="-34.4798437" lon="-58.4816506">
  <tag k="natural" v="tree"/>
 </node>
 <node id="12600764533" visible="true" version="1" changeset="162702497" timestamp="2025-02-19T13:59:38Z" user="g0nz" uid="9536659" lat="-34.4794935" lon="-58.4821689">
  <tag k="natural" v="tree"/>
 </node>
 <node id="12600764534" visible="true" version="1" changeset="162702497" timestamp="2025-02-19T13:59:38Z" user="g0nz" uid="9536659" lat="-34.4799453" lon="-58.4831474"/>
 <node id="12600764535" visible="true" version="1" changeset="162702497" timestamp="2025-02-19T13:59:38Z" user="g0nz" uid="9536659" lat="-34.4798424" lon="-58.4829102"/>
 <node id="12600764536" visible="true" version="1" changeset="162702497" timestamp="2025-02-19T13:59:38Z" user="g0nz" uid="9536659" lat="-34.4795250" lon="-58.4830149"/>
 <node id="12600764537" visible="true" version="1" changeset="162702497" timestamp="2025-02-19T13:59:38Z" user="g0nz" uid="9536659" lat="-34.4793751" lon="-58.4830843"/>
 <node id="12600764538" visible="true" version="1" changeset="162702497" timestamp="2025-02-19T13:59:38Z" user="g0nz" uid="9536659" lat="-34.4793561" lon="-58.4831336"/>
 <node id="12600764539" visible="true" version="1" changeset="162702497" timestamp="2025-02-19T13:59:38Z" user="g0nz" uid="9536659" lat="-34.4793523" lon="-58.4831767"/>
 <node id="12600764540" visible="true" version="1" changeset="162702497" timestamp="2025-02-19T13:59:38Z" user="g0nz" uid="9536659" lat="-34.4793865" lon="-58.4832306"/>
 <node id="12600764541" visible="true" version="1" changeset="162702497" timestamp="2025-02-19T13:59:38Z" user="g0nz" uid="9536659" lat="-34.4794272" lon="-58.4832614"/>
 <node id="12600764542" visible="true" version="1" changeset="162702497" timestamp="2025-02-19T13:59:38Z" user="g0nz" uid="9536659" lat="-34.4794881" lon="-58.4833800"/>
 <node id="12600764543" visible="true" version="1" changeset="162702497" timestamp="2025-02-19T13:59:38Z" user="g0nz" uid="9536659" lat="-34.4799571" lon="-58.4831767"/>
 <node id="12600764544" visible="true" version="1" changeset="162702497" timestamp="2025-02-19T13:59:38Z" user="g0nz" uid="9536659" lat="-34.4801111" lon="-58.4831580"/>
 <node id="13049412641" visible="true" version="2" changeset="172457308" timestamp="2025-09-25T20:17:30Z" user="muralito" uid="755114" lat="-34.2873962" lon="-58.2231618"/>
 <node id="13049415202" visible="true" version="2" changeset="172670265" timestamp="2025-09-30T17:02:06Z" user="muralito" uid="755114" lat="-34.4071752" lon="-58.4559774"/>
 <node id="13171914609" visible="true" version="2" changeset="172670265" timestamp="2025-09-30T17:02:06Z" user="muralito" uid="755114" lat="-34.4621398" lon="-58.4891296"/>
 <node id="13184488131" visible="true" version="1" changeset="172670265" timestamp="2025-09-30T17:02:06Z" user="muralito" uid="755114" lat="-34.4896823" lon="-58.4794345"/>
 <node id="13184488132" visible="true" version="1" changeset="172670265" timestamp="2025-09-30T17:02:06Z" user="muralito" uid="755114" lat="-34.4849624" lon="-58.4791383"/>
 <node id="13184488133" visible="true" version="1" changeset="172670265" timestamp="2025-09-30T17:02:06Z" user="muralito" uid="755114" lat="-34.4825355" lon="-58.4798743"/>
 <node id="13184488134" visible="true" version="1" changeset="172670265" timestamp="2025-09-30T17:02:06Z" user="muralito" uid="755114" lat="-34.4792799" lon="-58.4811400"/>
 <node id="13184488135" visible="true" version="1" changeset="172670265" timestamp="2025-09-30T17:02:06Z" user="muralito" uid="755114" lat="-34.4779258" lon="-58.4821453"/>
 <node id="13184488136" visible="true" version="1" changeset="172670265" timestamp="2025-09-30T17:02:06Z" user="muralito" uid="755114" lat="-34.4749429" lon="-58.4852767"/>
 <node id="13184488137" visible="true" version="1" changeset="172670265" timestamp="2025-09-30T17:02:06Z" user="muralito" uid="755114" lat="-34.4721225" lon="-58.4878666"/>
 <node id="13184488138" visible="true" version="1" changeset="172670265" timestamp="2025-09-30T17:02:06Z" user="muralito" uid="755114" lat="-34.4690363" lon="-58.4901135"/>
 <node id="13184488139" visible="true" version="1" changeset="172670265" timestamp="2025-09-30T17:02:06Z" user="muralito" uid="755114" lat="-34.4659818" lon="-58.4902533"/>
 <node id="13184518168" visible="true" version="1" changeset="172671050" timestamp="2025-09-30T17:18:09Z" user="muralito" uid="755114" lat="-34.1893876" lon="-58.0778718"/>
 <node id="13184518169" visible="true" version="1" changeset="172671050" timestamp="2025-09-30T17:18:09Z" user="muralito" uid="755114" lat="-34.1801218" lon="-58.0953169"/>
 <node id="13184518170" visible="true" version="1" changeset="172671050" timestamp="2025-09-30T17:18:09Z" user="muralito" uid="755114" lat="-34.1750093" lon="-58.1104446"/>
 <node id="13184518171" visible="true" version="1" changeset="172671050" timestamp="2025-09-30T17:18:09Z" user="muralito" uid="755114" lat="-34.1692395" lon="-58.1461287"/>
 <node id="13759520486" visible="true" version="1" changeset="181782755" timestamp="2026-04-24T20:25:41Z" user="AlejandroAlba" uid="6499071" lat="-34.4919452" lon="-58.5094817"/>
 <node id="13759520487" visible="true" version="1" changeset="181782755" timestamp="2026-04-24T20:25:41Z" user="AlejandroAlba" uid="6499071" lat="-34.4925185" lon="-58.5107297"/>
 <node id="13759520488" visible="true" version="1" changeset="181782755" timestamp="2026-04-24T20:25:41Z" user="AlejandroAlba" uid="6499071" lat="-34.4925813" lon="-58.5108715"/>
 <node id="13759520489" visible="true" version="1" changeset="181782755" timestamp="2026-04-24T20:25:41Z" user="AlejandroAlba" uid="6499071" lat="-34.4936126" lon="-58.5131444"/>
 <node id="13759520490" visible="true" version="1" changeset="181782755" timestamp="2026-04-24T20:25:41Z" user="AlejandroAlba" uid="6499071" lat="-34.4963368" lon="-58.5191236"/>
 <node id="13759520491" visible="true" version="1" changeset="181782755" timestamp="2026-04-24T20:25:41Z" user="AlejandroAlba" uid="6499071" lat="-34.4969175" lon="-58.5203209"/>
 <node id="13759520492" visible="true" version="1" changeset="181782755" timestamp="2026-04-24T20:25:41Z" user="AlejandroAlba" uid="6499071" lat="-34.4965042" lon="-58.5205725"/>
 <node id="13759520493" visible="true" version="1" changeset="181782755" timestamp="2026-04-24T20:25:41Z" user="AlejandroAlba" uid="6499071" lat="-34.4970647" lon="-58.5217263"/>
 <node id="13759520494" visible="true" version="1" changeset="181782755" timestamp="2026-04-24T20:25:41Z" user="AlejandroAlba" uid="6499071" lat="-34.4975668" lon="-58.5228336"/>
 <node id="13759520495" visible="true" version="1" changeset="181782755" timestamp="2026-04-24T20:25:41Z" user="AlejandroAlba" uid="6499071" lat="-34.4991671" lon="-58.5263493"/>
 <node id="13759520496" visible="true" version="1" changeset="181782755" timestamp="2026-04-24T20:25:41Z" user="AlejandroAlba" uid="6499071" lat="-34.4991413" lon="-58.5264377"/>
 <node id="13759520497" visible="true" version="1" changeset="181782755" timestamp="2026-04-24T20:25:41Z" user="AlejandroAlba" uid="6499071" lat="-34.4986822" lon="-58.5267241"/>
 <node id="13759520498" visible="true" version="1" changeset="181782755" timestamp="2026-04-24T20:25:41Z" user="AlejandroAlba" uid="6499071" lat="-34.4986551" lon="-58.5268334"/>
 <node id="13759520499" visible="true" version="1" changeset="181782755" timestamp="2026-04-24T20:25:41Z" user="AlejandroAlba" uid="6499071" lat="-34.4987080" lon="-58.5269549"/>
 <node id="13759520500" visible="true" version="1" changeset="181782755" timestamp="2026-04-24T20:25:41Z" user="AlejandroAlba" uid="6499071" lat="-34.4989297" lon="-58.5274668"/>
 <node id="13759558101" visible="true" version="1" changeset="181782755" timestamp="2026-04-24T20:25:41Z" user="AlejandroAlba" uid="6499071" lat="-34.4990484" lon="-58.5276854"/>
 <node id="13759558102" visible="true" version="1" changeset="181782755" timestamp="2026-04-24T20:25:41Z" user="AlejandroAlba" uid="6499071" lat="-34.4992686" lon="-58.5279284"/>
 <node id="13759558103" visible="true" version="1" changeset="181782755" timestamp="2026-04-24T20:25:41Z" user="AlejandroAlba" uid="6499071" lat="-34.4993244" lon="-58.5280255"/>
 <node id="13759558104" visible="true" version="1" changeset="181782755" timestamp="2026-04-24T20:25:41Z" user="AlejandroAlba" uid="6499071" lat="-34.4997806" lon="-58.5290337"/>
 <node id="13759558105" visible="true" version="1" changeset="181782755" timestamp="2026-04-24T20:25:41Z" user="AlejandroAlba" uid="6499071" lat="-34.5002153" lon="-58.5300159"/>
 <node id="13759558106" visible="true" version="1" changeset="181782755" timestamp="2026-04-24T20:25:41Z" user="AlejandroAlba" uid="6499071" lat="-34.5006644" lon="-58.5309529"/>
 <node id="13759558107" visible="true" version="1" changeset="181782755" timestamp="2026-04-24T20:25:41Z" user="AlejandroAlba" uid="6499071" lat="-34.5011048" lon="-58.5319160"/>
 <node id="13759558108" visible="true" version="1" changeset="181782755" timestamp="2026-04-24T20:25:41Z" user="AlejandroAlba" uid="6499071" lat="-34.5015117" lon="-58.5328505"/>
 <node id="13759558109" visible="true" version="1" changeset="181782755" timestamp="2026-04-24T20:25:41Z" user="AlejandroAlba" uid="6499071" lat="-34.5016575" lon="-58.5331619"/>
 <node id="13759558110" visible="true" version="1" changeset="181782755" timestamp="2026-04-24T20:25:41Z" user="AlejandroAlba" uid="6499071" lat="-34.5017505" lon="-58.5333758"/>
 <node id="13766564018" visible="true" version="1" changeset="181887521" timestamp="2026-04-27T12:00:03Z" user="AlejandroAlba" uid="6499071" lat="-34.4824138" lon="-58.4808766"/>
 <node id="13766564019" visible="true" version="1" changeset="181887521" timestamp="2026-04-27T12:00:03Z" user="AlejandroAlba" uid="6499071" lat="-34.4827317" lon="-58.4817320"/>
 <node id="13766564020" visible="true" version="1" changeset="181887521" timestamp="2026-04-27T12:00:03Z" user="AlejandroAlba" uid="6499071" lat="-34.4828206" lon="-58.4819479"/>
 <node id="13766564021" visible="true" version="1" changeset="181887521" timestamp="2026-04-27T12:00:03Z" user="AlejandroAlba" uid="6499071" lat="-34.4828477" lon="-58.4820505"/>
 <node id="13766564022" visible="true" version="1" changeset="181887521" timestamp="2026-04-27T12:00:03Z" user="AlejandroAlba" uid="6499071" lat="-34.4828687" lon="-58.4821343"/>
 <node id="13766564023" visible="true" version="1" changeset="181887521" timestamp="2026-04-27T12:00:03Z" user="AlejandroAlba" uid="6499071" lat="-34.4828453" lon="-58.4820698"/>
 <node id="13766564024" visible="true" version="1" changeset="181887521" timestamp="2026-04-27T12:00:03Z" user="AlejandroAlba" uid="6499071" lat="-34.4828610" lon="-58.4820628"/>
 <node id="13766564025" visible="true" version="1" changeset="181887521" timestamp="2026-04-27T12:00:03Z" user="AlejandroAlba" uid="6499071" lat="-34.4828731" lon="-58.4821028"/>
 <node id="13766564026" visible="true" version="1" changeset="181887521" timestamp="2026-04-27T12:00:03Z" user="AlejandroAlba" uid="6499071" lat="-34.4828540" lon="-58.4821113"/>
 <node id="13766581253" visible="true" version="1" changeset="181887343" timestamp="2026-04-27T11:55:38Z" user="AlejandroAlba" uid="6499071" lat="-34.4814066" lon="-58.4827153"/>
 <node id="13766581254" visible="true" version="1" changeset="181887343" timestamp="2026-04-27T11:55:38Z" user="AlejandroAlba" uid="6499071" lat="-34.4814503" lon="-58.4826958"/>
 <node id="13766581255" visible="true" version="1" changeset="181887343" timestamp="2026-04-27T11:55:38Z" user="AlejandroAlba" uid="6499071" lat="-34.4814147" lon="-58.4827576"/>
 <node id="13766581256" visible="true" version="1" changeset="181887343" timestamp="2026-04-27T11:55:38Z" user="AlejandroAlba" uid="6499071" lat="-34.4814575" lon="-58.4827384"/>
 <node id="13766581257" visible="true" version="1" changeset="181887343" timestamp="2026-04-27T11:55:38Z" user="AlejandroAlba" uid="6499071" lat="-34.4814705" lon="-58.4827951"/>
 <node id="13766581258" visible="true" version="1" changeset="181887343" timestamp="2026-04-27T11:55:38Z" user="AlejandroAlba" uid="6499071" lat="-34.4814223" lon="-58.4828167"/>
 <node id="13766581259" visible="true" version="1" changeset="181887343" timestamp="2026-04-27T11:55:38Z" user="AlejandroAlba" uid="6499071" lat="-34.4814250" lon="-58.4826889"/>
 <node id="13766581260" visible="true" version="1" changeset="181887343" timestamp="2026-04-27T11:55:38Z" user="AlejandroAlba" uid="6499071" lat="-34.4810535" lon="-58.4815322"/>
 <node id="13766581261" visible="true" version="1" changeset="181887343" timestamp="2026-04-27T11:55:38Z" user="AlejandroAlba" uid="6499071" lat="-34.4811462" lon="-58.4817631"/>
 <node id="13766581262" visible="true" version="1" changeset="181887343" timestamp="2026-04-27T11:55:38Z" user="AlejandroAlba" uid="6499071" lat="-34.4811774" lon="-58.4818715"/>
 <node id="13766581263" visible="true" version="1" changeset="181887343" timestamp="2026-04-27T11:55:38Z" user="AlejandroAlba" uid="6499071" lat="-34.4813266" lon="-58.4822752"/>
 <node id="13766581264" visible="true" version="1" changeset="181887343" timestamp="2026-04-27T11:55:38Z" user="AlejandroAlba" uid="6499071" lat="-34.4814548" lon="-58.4828250"/>
 <node id="13766581265" visible="true" version="1" changeset="181887343" timestamp="2026-04-27T11:55:38Z" user="AlejandroAlba" uid="6499071" lat="-34.4808765" lon="-58.4830741"/>
 <node id="13766581266" visible="true" version="1" changeset="181887343" timestamp="2026-04-27T11:55:38Z" user="AlejandroAlba" uid="6499071" lat="-34.4816895" lon="-58.4847459"/>
 <node id="13766581267" visible="true" version="1" changeset="181887343" timestamp="2026-04-27T11:55:38Z" user="AlejandroAlba" uid="6499071" lat="-34.4821789" lon="-58.4856955"/>
 <node id="13766581268" visible="true" version="1" changeset="181887343" timestamp="2026-04-27T11:55:38Z" user="AlejandroAlba" uid="6499071" lat="-34.4829592" lon="-58.4872816"/>
 <node id="13766581269" visible="true" version="1" changeset="181887343" timestamp="2026-04-27T11:55:38Z" user="AlejandroAlba" uid="6499071" lat="-34.4838841" lon="-58.4891758"/>
 <node id="13766581270" visible="true" version="1" changeset="181887343" timestamp="2026-04-27T11:55:38Z" user="AlejandroAlba" uid="6499071" lat="-34.4845358" lon="-58.4904412"/>
 <node id="13766581271" visible="true" version="1" changeset="181887343" timestamp="2026-04-27T11:55:38Z" user="AlejandroAlba" uid="6499071" lat="-34.4849939" lon="-58.4913839"/>
 <node id="13766581272" visible="true" version="1" changeset="181887343" timestamp="2026-04-27T11:55:38Z" user="AlejandroAlba" uid="6499071" lat="-34.4854503" lon="-58.4922983"/>
 <node id="13766581273" visible="true" version="1" changeset="181887343" timestamp="2026-04-27T11:55:38Z" user="AlejandroAlba" uid="6499071" lat="-34.4859220" lon="-58.4932498"/>
 <node id="13766581274" visible="true" version="1" changeset="181887343" timestamp="2026-04-27T11:55:38Z" user="AlejandroAlba" uid="6499071" lat="-34.4863816" lon="-58.4941828"/>
 <node id="13766581275" visible="true" version="1" changeset="181887343" timestamp="2026-04-27T11:55:38Z" user="AlejandroAlba" uid="6499071" lat="-34.4868598" lon="-58.4951430"/>
 <node id="13766581276" visible="true" version="1" changeset="181887343" timestamp="2026-04-27T11:55:38Z" user="AlejandroAlba" uid="6499071" lat="-34.4873507" lon="-58.4961228"/>
 <node id="13766581277" visible="true" version="1" changeset="181887343" timestamp="2026-04-27T11:55:38Z" user="AlejandroAlba" uid="6499071" lat="-34.4877750" lon="-58.4969904"/>
 <node id="13766581278" visible="true" version="1" changeset="181887343" timestamp="2026-04-27T11:55:38Z" user="AlejandroAlba" uid="6499071" lat="-34.4879642" lon="-58.4973892"/>
 <node id="13766581279" visible="true" version="1" changeset="181887343" timestamp="2026-04-27T11:55:38Z" user="AlejandroAlba" uid="6499071" lat="-34.4884930" lon="-58.4984411"/>
 <node id="13766581280" visible="true" version="1" changeset="181887343" timestamp="2026-04-27T11:55:38Z" user="AlejandroAlba" uid="6499071" lat="-34.4889333" lon="-58.4993380"/>
 <node id="13766581281" visible="true" version="1" changeset="181887343" timestamp="2026-04-27T11:55:38Z" user="AlejandroAlba" uid="6499071" lat="-34.4894897" lon="-58.5005190"/>
 <node id="13766581282" visible="true" version="1" changeset="181887343" timestamp="2026-04-27T11:55:38Z" user="AlejandroAlba" uid="6499071" lat="-34.4895484" lon="-58.5006492"/>
 <node id="13766581283" visible="true" version="1" changeset="181887343" timestamp="2026-04-27T11:55:38Z" user="AlejandroAlba" uid="6499071" lat="-34.4902346" lon="-58.5020335"/>
 <node id="13766581284" visible="true" version="1" changeset="181887343" timestamp="2026-04-27T11:55:38Z" user="AlejandroAlba" uid="6499071" lat="-34.4908140" lon="-58.5031547"/>
 <node id="13766581285" visible="true" version="1" changeset="181887343" timestamp="2026-04-27T11:55:38Z" user="AlejandroAlba" uid="6499071" lat="-34.4913499" lon="-58.5042553"/>
 <node id="13766581286" visible="true" version="1" changeset="181887343" timestamp="2026-04-27T11:55:38Z" user="AlejandroAlba" uid="6499071" lat="-34.4918796" lon="-58.5053396"/>
 <node id="13766581287" visible="true" version="1" changeset="181887343" timestamp="2026-04-27T11:55:38Z" user="AlejandroAlba" uid="6499071" lat="-34.4923135" lon="-58.5062445"/>
 <node id="13766581288" visible="true" version="1" changeset="181887343" timestamp="2026-04-27T11:55:38Z" user="AlejandroAlba" uid="6499071" lat="-34.4921212" lon="-58.5078935"/>
 <node id="13766810434" visible="true" version="1" changeset="181890442" timestamp="2026-04-27T13:11:56Z" user="AlejandroAlba" uid="6499071" lat="-34.4872485" lon="-58.4801120"/>
 <node id="13766810435" visible="true" version="1" changeset="181890442" timestamp="2026-04-27T13:11:56Z" user="AlejandroAlba" uid="6499071" lat="-34.4873586" lon="-58.4805682"/>
 <node id="13766810436" visible="true" version="1" changeset="181890442" timestamp="2026-04-27T13:11:56Z" user="AlejandroAlba" uid="6499071" lat="-34.4874856" lon="-58.4807416"/>
 <node id="13766810437" visible="true" version="1" changeset="181890442" timestamp="2026-04-27T13:11:56Z" user="AlejandroAlba" uid="6499071" lat="-34.4875862" lon="-58.4809548"/>
 <node id="13766810438" visible="true" version="1" changeset="181890442" timestamp="2026-04-27T13:11:56Z" user="AlejandroAlba" uid="6499071" lat="-34.4875994" lon="-58.4810206"/>
 <node id="13766810439" visible="true" version="1" changeset="181890442" timestamp="2026-04-27T13:11:56Z" user="AlejandroAlba" uid="6499071" lat="-34.4876011" lon="-58.4810554"/>
 <node id="13766810440" visible="true" version="1" changeset="181890442" timestamp="2026-04-27T13:11:56Z" user="AlejandroAlba" uid="6499071" lat="-34.4876077" lon="-58.4811345"/>
 <node id="13766810441" visible="true" version="1" changeset="181890442" timestamp="2026-04-27T13:11:56Z" user="AlejandroAlba" uid="6499071" lat="-34.4876210" lon="-58.4812318"/>
 <node id="13766810442" visible="true" version="1" changeset="181890442" timestamp="2026-04-27T13:11:56Z" user="AlejandroAlba" uid="6499071" lat="-34.4876265" lon="-58.4813257"/>
 <node id="13774670151" visible="true" version="1" changeset="181983433" timestamp="2026-04-29T11:29:26Z" user="AlejandroAlba" uid="6499071" lat="-34.4775192" lon="-58.4841648"/>
 <node id="13774670152" visible="true" version="1" changeset="181983433" timestamp="2026-04-29T11:29:26Z" user="AlejandroAlba" uid="6499071" lat="-34.4774197" lon="-58.4842747"/>
 <node id="13774670153" visible="true" version="1" changeset="181983433" timestamp="2026-04-29T11:29:26Z" user="AlejandroAlba" uid="6499071" lat="-34.4776884" lon="-58.4848508"/>
 <node id="13774670154" visible="true" version="1" changeset="181983433" timestamp="2026-04-29T11:29:26Z" user="AlejandroAlba" uid="6499071" lat="-34.4777210" lon="-58.4848166"/>
 <node id="13774670155" visible="true" version="1" changeset="181983433" timestamp="2026-04-29T11:29:26Z" user="AlejandroAlba" uid="6499071" lat="-34.4777395" lon="-58.4846678"/>
 <node id="13774670156" visible="true" version="1" changeset="181983433" timestamp="2026-04-29T11:29:26Z" user="AlejandroAlba" uid="6499071" lat="-34.4777506" lon="-58.4847075"/>
 <node id="13774692655" visible="true" version="1" changeset="181983601" timestamp="2026-04-29T11:33:13Z" user="AlejandroAlba" uid="6499071" lat="-34.4750486" lon="-58.4881852"/>
 <node id="13774692658" visible="true" version="1" changeset="181983601" timestamp="2026-04-29T11:33:13Z" user="AlejandroAlba" uid="6499071" lat="-34.4749883" lon="-58.4881261"/>
 <node id="13774692660" visible="true" version="1" changeset="181983601" timestamp="2026-04-29T11:33:13Z" user="AlejandroAlba" uid="6499071" lat="-34.4750167" lon="-58.4881563"/>
 <node id="14093922562" visible="true" version="1" changeset="187428422" timestamp="2026-08-14T08:32:24Z" user="BaudouinCanal" uid="23639058" lat="-34.4826570" lon="-58.4815311">
  <tag k="ford" v="yes"/>
 </node>
 <way id="4662576" visible="true" version="32" changeset="161699668" timestamp="2025-01-24T06:59:12Z" user="TaklamakanDesert" uid="15994195">
  <nd ref="29650884"/>
  <nd ref="2189091112"/>
  <nd ref="12528742709"/>
  <nd ref="247764961"/>
  <nd ref="247764966"/>
  <nd ref="12528742710"/>
  <nd ref="12315837919"/>
  <nd ref="29651196"/>
  <tag k="highway" v="tertiary"/>
  <tag k="lanes" v="2"/>
  <tag k="maxheight" v="4.80"/>
  <tag k="maxspeed" v="20"/>
  <tag k="name" v="General Pacheco"/>
  <tag k="oneway" v="no"/>
  <tag k="surface" v="concrete"/>
 </way>
 <way id="36124690" visible="true" version="8" changeset="41150788" timestamp="2016-07-31T17:48:29Z" user="pablopareja" uid="211657">
  <nd ref="3031098546"/>
  <nd ref="3177996780"/>
  <tag k="access" v="private"/>
  <tag k="highway" v="service"/>
  <tag k="oneway" v="no"/>
  <tag k="surface" v="dirt"/>
 </way>
 <way id="36124712" visible="true" version="17" changeset="161665321" timestamp="2025-01-23T08:59:17Z" user="TaklamakanDesert" uid="15994195">
  <nd ref="421872394"/>
  <nd ref="598517572"/>
  <nd ref="421872390"/>
  <nd ref="421872408"/>
  <nd ref="421872424"/>
  <nd ref="421872444"/>
  <nd ref="421872457"/>
  <nd ref="421872472"/>
  <nd ref="12525948152"/>
  <nd ref="595715741"/>
  <nd ref="12525948151"/>
  <nd ref="595715740"/>
  <tag k="highway" v="residential"/>
  <tag k="maxspeed" v="40"/>
  <tag k="name" v="Ladislao Martínez"/>
  <tag k="oneway" v="yes"/>
  <tag k="surface" v="concrete"/>
 </way>
 <way id="36124713" visible="true" version="11" changeset="109725394" timestamp="2021-08-16T05:26:04Z" user="AgusQui" uid="331218">
  <nd ref="595715735"/>
  <nd ref="3456721638"/>
  <tag k="highway" v="residential"/>
  <tag k="name" v="Juan José Paso"/>
  <tag k="oneway" v="yes"/>
  <tag k="surface" v="concrete"/>
 </way>
 <way id="36124714" visible="true" version="15" changeset="161660396" timestamp="2025-01-23T05:15:38Z" user="TaklamakanDesert" uid="15994195">
  <nd ref="421872398"/>
  <nd ref="421872385"/>
  <nd ref="421872412"/>
  <nd ref="421872427"/>
  <nd ref="421872448"/>
  <nd ref="421872461"/>
  <nd ref="595715756"/>
  <nd ref="1465969621"/>
  <nd ref="12525661205"/>
  <nd ref="595715757"/>
  <tag k="highway" v="residential"/>
  <tag k="maxspeed" v="40"/>
  <tag k="name" v="Doctor Francisco Javier Muñiz"/>
  <tag k="oneway" v="yes"/>
  <tag k="surface" v="concrete"/>
 </way>
 <way id="46615408" visible="true" version="6" changeset="45988760" timestamp="2017-02-11T03:21:08Z" user="JAAS" uid="3321532">
  <nd ref="595715737"/>
  <nd ref="595715735"/>
  <tag k="highway" v="residential"/>
  <tag k="name" v="Juan José Paso"/>
  <tag k="oneway" v="no"/>
  <tag k="surface" v="concrete"/>
 </way>
 <way id="46615412" visible="true" version="7" changeset="41281389" timestamp="2016-08-06T03:58:55Z" user="pablopareja" uid="211657">
  <nd ref="595715745"/>
  <nd ref="595715744"/>
  <nd ref="595715746"/>
  <nd ref="3030929416"/>
  <tag k="access" v="private"/>
  <tag k="highway" v="service"/>
 </way>
 <way id="46615418" visible="true" version="10" changeset="166482345" timestamp="2025-05-19T15:17:06Z" user="veryclueless_" uid="22912092">
  <nd ref="595715763"/>
  <nd ref="12528742708"/>
  <nd ref="595715765"/>
  <nd ref="595715759"/>
  <nd ref="12072149230"/>
  <nd ref="3030411652"/>
  <nd ref="3030411653"/>
  <tag k="highway" v="residential"/>
  <tag k="maxspeed" v="40"/>
  <tag k="motor_vehicle" v="no"/>
  <tag k="name" v="Presidente Quintana"/>
  <tag k="oneway" v="no"/>
  <tag k="parking:both" v="no"/>
  <tag k="surface" v="asphalt"/>
  <tag k="width" v="5"/>
 </way>
 <way id="54358165" visible="true" version="13" changeset="126000751" timestamp="2022-09-10T02:29:59Z" user="AgusQui" uid="331218">
  <nd ref="421872367"/>
  <nd ref="421872293"/>
  <nd ref="421872294"/>
  <nd ref="421872295"/>
  <nd ref="2189048166"/>
  <nd ref="2189082668"/>
  <tag k="highway" v="residential"/>
  <tag k="maxspeed" v="40"/>
  <tag k="name" v="Domingo S. Repetto"/>
  <tag k="surface" v="cobblestone"/>
 </way>
 <way id="81341260" visible="true" version="36" changeset="181890442" timestamp="2026-04-27T13:11:56Z" user="AlejandroAlba" uid="6499071">
  <nd ref="94296335"/>
  <nd ref="1689771121"/>
  <nd ref="3177996795"/>
  <nd ref="3177996793"/>
  <nd ref="428635674"/>
  <nd ref="428635675"/>
  <nd ref="428635673"/>
  <nd ref="13766810435"/>
  <nd ref="7928338625"/>
  <nd ref="7928338626"/>
  <nd ref="7928338627"/>
  <nd ref="428635676"/>
  <nd ref="7928338628"/>
  <nd ref="7928338629"/>
  <nd ref="7928338630"/>
  <nd ref="7928338631"/>
  <nd ref="7928338632"/>
  <nd ref="428635677"/>
  <nd ref="7928338633"/>
  <nd ref="247764969"/>
  <nd ref="5016887973"/>
  <nd ref="5016887972"/>
  <nd ref="428635678"/>
  <nd ref="1628512496"/>
  <nd ref="1628512495"/>
  <nd ref="1628512480"/>
  <nd ref="1628512445"/>
  <nd ref="1628512444"/>
  <nd ref="1628512440"/>
  <nd ref="1628512414"/>
  <nd ref="1628512402"/>
  <nd ref="428635679"/>
  <nd ref="428635681"/>
  <nd ref="428635680"/>
  <nd ref="1628512367"/>
  <nd ref="1628512350"/>
  <nd ref="1628512348"/>
  <nd ref="1628512315"/>
  <nd ref="94341320"/>
  <nd ref="1628512306"/>
  <nd ref="1628512301"/>
  <nd ref="428635683"/>
  <nd ref="1628512276"/>
  <nd ref="428635682"/>
  <nd ref="94320745"/>
  <nd ref="1628512240"/>
  <nd ref="1628512235"/>
  <nd ref="1628512226"/>
  <nd ref="1628512195"/>
  <nd ref="1628512167"/>
  <nd ref="1628512146"/>
  <nd ref="1628512163"/>
  <nd ref="1628512191"/>
  <nd ref="428635684"/>
  <nd ref="1628512155"/>
  <nd ref="1628512145"/>
  <nd ref="1628512143"/>
  <nd ref="1628512126"/>
  <nd ref="1628512120"/>
  <nd ref="1628512110"/>
  <nd ref="1628512098"/>
  <nd ref="1628512096"/>
  <nd ref="13766581261"/>
  <nd ref="94306007"/>
  <nd ref="428635686"/>
  <nd ref="1628512071"/>
  <nd ref="428635685"/>
  <nd ref="1628547579"/>
  <nd ref="1628547576"/>
  <nd ref="1628547573"/>
  <nd ref="1628547569"/>
  <nd ref="1628547566"/>
  <nd ref="1628512061"/>
  <nd ref="1628512057"/>
  <nd ref="94293425"/>
  <nd ref="1628547540"/>
  <nd ref="1628547537"/>
  <nd ref="1628547532"/>
  <nd ref="1628547528"/>
  <nd ref="428635688"/>
  <nd ref="1628547519"/>
  <nd ref="1628547516"/>
  <nd ref="1628547508"/>
  <nd ref="1628547502"/>
  <nd ref="1628547498"/>
  <nd ref="1628547496"/>
  <nd ref="1628547481"/>
  <nd ref="1628547474"/>
  <nd ref="1628547489"/>
  <nd ref="1628547491"/>
  <nd ref="1628547490"/>
  <nd ref="1628547478"/>
  <nd ref="1628547488"/>
  <nd ref="428635687"/>
  <nd ref="1628547482"/>
  <nd ref="1628547480"/>
  <nd ref="1628547475"/>
  <nd ref="428635690"/>
  <nd ref="1628547469"/>
  <nd ref="1628547466"/>
  <nd ref="1628547468"/>
  <nd ref="1628547465"/>
  <nd ref="1628547470"/>
  <nd ref="428635689"/>
  <nd ref="1628547471"/>
  <nd ref="1628547467"/>
  <nd ref="1628547464"/>
  <nd ref="428635692"/>
  <nd ref="1628547463"/>
  <nd ref="1628547462"/>
  <nd ref="1628547460"/>
  <nd ref="1628547459"/>
  <nd ref="1628547458"/>
  <nd ref="1628547457"/>
  <nd ref="428635693"/>
  <nd ref="94333261"/>
  <nd ref="4581535082"/>
  <nd ref="428635694"/>
  <nd ref="1628512053"/>
  <nd ref="1628512051"/>
  <nd ref="1628512045"/>
  <nd ref="1628512044"/>
  <nd ref="1628512043"/>
  <nd ref="94318381"/>
  <nd ref="1628512036"/>
  <nd ref="1628512027"/>
  <nd ref="1628512018"/>
  <nd ref="1628512016"/>
  <nd ref="1628512019"/>
  <nd ref="1628512015"/>
  <nd ref="1628512011"/>
  <nd ref="428635695"/>
  <nd ref="1628512002"/>
  <nd ref="1628511995"/>
  <nd ref="1628511991"/>
  <nd ref="1628511990"/>
  <nd ref="1628511974"/>
  <nd ref="1628511964"/>
  <nd ref="1628511953"/>
  <nd ref="1628511947"/>
  <nd ref="1628511955"/>
  <nd ref="1628511944"/>
  <nd ref="1628511941"/>
  <nd ref="1628511939"/>
  <nd ref="94303167"/>
 </way>
 <way id="129965295" visible="true" version="13" changeset="150545996" timestamp="2024-04-26T15:52:56Z" user="g0nz" uid="9536659">
  <nd ref="1689754559"/>
  <nd ref="8151855689"/>
  <nd ref="8151855688"/>
  <nd ref="8151855687"/>
  <nd ref="8151855691"/>
  <nd ref="8151855686"/>
  <nd ref="8151921509"/>
  <nd ref="8151921506"/>
  <nd ref="8151921507"/>
  <nd ref="8151921511"/>
  <nd ref="8151921513"/>
  <nd ref="8151921515"/>
  <nd ref="8151925617"/>
  <nd ref="8151925622"/>
  <nd ref="8151925623"/>
  <nd ref="8151925624"/>
  <nd ref="8151925625"/>
  <nd ref="8151925626"/>
  <nd ref="8151925627"/>
  <nd ref="8151925628"/>
  <nd ref="1689771128"/>
  <nd ref="1689771121"/>
  <nd ref="3177996795"/>
  <nd ref="3177996793"/>
  <nd ref="428635674"/>
  <nd ref="428635675"/>
  <nd ref="1432924956"/>
  <nd ref="1432925001"/>
  <nd ref="5016887970"/>
  <nd ref="5016887971"/>
  <nd ref="1432924966"/>
  <nd ref="5016887969"/>
  <nd ref="5016887968"/>
  <nd ref="5016887966"/>
  <nd ref="5016887967"/>
  <nd ref="3177996790"/>
  <nd ref="1432924975"/>
  <nd ref="1689771098"/>
  <nd ref="1689771123"/>
  <nd ref="1432924999"/>
  <nd ref="3177996789"/>
  <nd ref="1432925010"/>
  <nd ref="1689771084"/>
  <nd ref="1689771091"/>
  <nd ref="1689771099"/>
  <nd ref="7928338635"/>
  <nd ref="7928338636"/>
  <nd ref="1432925023"/>
  <nd ref="1432924960"/>
  <nd ref="3177996786"/>
  <nd ref="1432924951"/>
  <nd ref="1432925025"/>
  <nd ref="1432924944"/>
  <nd ref="3250055856"/>
  <nd ref="1432924942"/>
  <nd ref="3250056561"/>
  <nd ref="3250056564"/>
  <nd ref="1432924971"/>
  <nd ref="1432924973"/>
  <nd ref="1432924963"/>
  <nd ref="3250056572"/>
  <nd ref="1432925006"/>
  <nd ref="1432924987"/>
  <nd ref="1689771103"/>
  <nd ref="1689771070"/>
  <nd ref="1689771076"/>
  <nd ref="925991246"/>
  <nd ref="925991277"/>
  <nd ref="11850786416"/>
  <nd ref="925991241"/>
  <nd ref="925991248"/>
 </way>
 <way id="131828246" visible="true" version="33" changeset="172670265" timestamp="2025-09-30T17:02:06Z" user="muralito" uid="755114">
  <nd ref="94303167"/>
  <nd ref="1628511927"/>
  <nd ref="1628511929"/>
  <nd ref="1628511923"/>
  <nd ref="1628511917"/>
  <nd ref="1628511903"/>
  <nd ref="1628511898"/>
  <nd ref="1628511892"/>
  <nd ref="1628511876"/>
  <nd ref="1628511879"/>
  <nd ref="1628511872"/>
  <nd ref="1628511867"/>
  <nd ref="94291992"/>
  <nd ref="1628511829"/>
  <nd ref="1628511819"/>
  <nd ref="1628511821"/>
  <nd ref="1628511831"/>
  <nd ref="1628511839"/>
  <nd ref="1628511850"/>
  <nd ref="1628511853"/>
  <nd ref="1628511838"/>
  <nd ref="1628511827"/>
  <nd ref="1628511824"/>
  <nd ref="94329811"/>
  <nd ref="1628511813"/>
  <nd ref="1628511816"/>
  <nd ref="1628511804"/>
  <nd ref="1628511803"/>
  <nd ref="1628511802"/>
  <nd ref="1628511801"/>
  <nd ref="1628511800"/>
  <nd ref="1628547454"/>
  <nd ref="1628547453"/>
  <nd ref="1628547451"/>
  <nd ref="428635698"/>
  <nd ref="1628547450"/>
  <nd ref="1628547448"/>
  <nd ref="1628547445"/>
  <nd ref="1628547443"/>
  <nd ref="1628547442"/>
  <nd ref="1628547439"/>
  <nd ref="1628547438"/>
  <nd ref="1628547435"/>
  <nd ref="1628547433"/>
  <nd ref="1628547432"/>
  <nd ref="1628547431"/>
  <nd ref="94314547"/>
  <nd ref="1628547424"/>
  <nd ref="1628547426"/>
  <nd ref="94300570"/>
  <nd ref="1628547419"/>
  <nd ref="94288468"/>
  <nd ref="1628547421"/>
  <nd ref="1628547415"/>
  <nd ref="1628547410"/>
  <nd ref="1628547411"/>
  <nd ref="1628547406"/>
  <nd ref="1628547400"/>
  <nd ref="1628547388"/>
  <nd ref="1628547389"/>
  <nd ref="428635697"/>
  <nd ref="1628547369"/>
  <nd ref="1628547368"/>
  <nd ref="1628547372"/>
  <nd ref="1628547378"/>
  <nd ref="1628547381"/>
  <nd ref="428635696"/>
  <nd ref="1628547394"/>
  <nd ref="1628547393"/>
  <nd ref="1628547398"/>
  <nd ref="428635700"/>
  <nd ref="94326164"/>
  <nd ref="1628547404"/>
  <nd ref="428635701"/>
  <nd ref="1628547391"/>
  <nd ref="428635702"/>
  <nd ref="1628547375"/>
  <nd ref="1628547365"/>
  <nd ref="1628547363"/>
  <nd ref="1628547358"/>
  <nd ref="1628547357"/>
  <nd ref="1628547353"/>
  <nd ref="1628547350"/>
  <nd ref="1628547348"/>
  <nd ref="1628547351"/>
  <nd ref="1628547359"/>
  <nd ref="94311395"/>
  <nd ref="1628547366"/>
  <nd ref="1628547371"/>
  <nd ref="1628547367"/>
  <nd ref="1628547364"/>
  <nd ref="1628547362"/>
  <nd ref="1628547354"/>
  <nd ref="1628547349"/>
  <nd ref="1628547347"/>
  <nd ref="1628547355"/>
  <nd ref="1628547360"/>
  <nd ref="428635708"/>
  <nd ref="428635706"/>
  <nd ref="428635709"/>
  <nd ref="1628547374"/>
  <nd ref="1628547370"/>
  <nd ref="1628547361"/>
  <nd ref="1628547356"/>
  <nd ref="1628547352"/>
  <nd ref="1628547346"/>
  <nd ref="1628547345"/>
  <nd ref="1628547344"/>
  <nd ref="94298188"/>
  <nd ref="1628547343"/>
  <nd ref="1628547342"/>
  <nd ref="1628547341"/>
  <nd ref="1628547339"/>
  <nd ref="1628547340"/>
  <nd ref="1628547337"/>
  <nd ref="1628547336"/>
  <nd ref="1628547338"/>
  <nd ref="94342883"/>
  <nd ref="1628547335"/>
  <nd ref="1628547334"/>
  <nd ref="428635712"/>
  <nd ref="428635711"/>
  <nd ref="428635710"/>
  <nd ref="428635714"/>
  <nd ref="428635715"/>
  <nd ref="7015637644"/>
  <nd ref="7015637643"/>
  <nd ref="7015637642"/>
  <nd ref="7015637641"/>
  <nd ref="7015637640"/>
  <nd ref="7015637639"/>
  <nd ref="7015637638"/>
  <nd ref="7015637637"/>
  <nd ref="7015637610"/>
  <nd ref="7015637611"/>
  <nd ref="7015637612"/>
  <nd ref="7015637613"/>
  <nd ref="7015637614"/>
  <nd ref="7015637615"/>
  <nd ref="7015637616"/>
  <nd ref="7015637617"/>
  <nd ref="7015637618"/>
  <nd ref="7015637619"/>
  <nd ref="7015637620"/>
  <nd ref="7015637621"/>
  <nd ref="7015637622"/>
  <nd ref="7015637623"/>
  <nd ref="7015637624"/>
  <nd ref="7015637625"/>
  <nd ref="7015637626"/>
  <nd ref="7015637627"/>
  <nd ref="7015637628"/>
  <nd ref="7015637629"/>
  <nd ref="7015637630"/>
  <nd ref="7015637631"/>
  <nd ref="7015637632"/>
  <nd ref="7015637633"/>
  <nd ref="7015637634"/>
  <nd ref="7015637635"/>
  <nd ref="7015637636"/>
  <nd ref="7015637645"/>
  <nd ref="7015637646"/>
  <nd ref="7015637647"/>
  <nd ref="7015637648"/>
  <nd ref="7015637649"/>
  <nd ref="428635719"/>
  <nd ref="7015576998"/>
  <nd ref="7015576999"/>
  <nd ref="7015577000"/>
  <nd ref="428635718"/>
  <nd ref="428635721"/>
  <nd ref="94322060"/>
  <tag k="admin_level" v="9"/>
  <tag k="boundary" v="administrative"/>
 </way>
 <way id="132363917" visible="true" version="13" changeset="161661439" timestamp="2025-01-23T06:22:34Z" user="LakePoyang" uid="18237328">
  <nd ref="12525735632"/>
  <nd ref="421885374"/>
  <nd ref="5047067550"/>
  <nd ref="421885382"/>
  <nd ref="421872362"/>
  <nd ref="333469463"/>
  <nd ref="421872285"/>
  <nd ref="421872294"/>
  <nd ref="421872303"/>
  <nd ref="421872312"/>
  <nd ref="421872321"/>
  <nd ref="421872330"/>
  <nd ref="12315876230"/>
  <nd ref="421872336"/>
  <nd ref="12315876231"/>
  <nd ref="12315876228"/>
  <nd ref="12315876229"/>
  <nd ref="595715740"/>
  <nd ref="12315876227"/>
  <nd ref="3030929400"/>
  <nd ref="595715735"/>
  <tag k="highway" v="residential"/>
  <tag k="maxspeed" v="40"/>
  <tag k="name" v="Presidente Quintana"/>
  <tag k="surface" v="concrete"/>
 </way>
 <way id="132363923" visible="true" version="9" changeset="113139219" timestamp="2021-10-29T19:44:08Z" user="Ikohl" uid="10140113">
  <nd ref="421885363"/>
  <nd ref="9210917755"/>
  <nd ref="421872360"/>
  <nd ref="333469466"/>
  <nd ref="421872286"/>
  <nd ref="421872295"/>
  <nd ref="421872304"/>
  <nd ref="595715732"/>
  <nd ref="421872322"/>
  <tag k="highway" v="residential"/>
  <tag k="name" v="Doctor Eduardo Madero"/>
  <tag k="oneway" v="no"/>
  <tag k="surface" v="concrete"/>
 </way>
 <way id="132655925" visible="true" version="12" changeset="158830137" timestamp="2024-11-06T19:11:08Z" user="Johnny_Mappleseed" uid="21621709">
  <nd ref="1459198678"/>
  <nd ref="1459207326"/>
  <tag k="highway" v="residential"/>
  <tag k="name" v="Doctor Francisco Javier Muñiz"/>
  <tag k="surface" v="concrete"/>
 </way>
 <way id="132656114" visible="true" version="6" changeset="161698240" timestamp="2025-01-24T05:41:09Z" user="TaklamakanDesert" uid="15994195">
  <nd ref="595715739"/>
  <nd ref="6097103542"/>
  <nd ref="12528670445"/>
  <nd ref="12528670444"/>
  <nd ref="12528670443"/>
  <nd ref="12528670442"/>
  <nd ref="12528670440"/>
  <nd ref="12528670441"/>
  <nd ref="595715738"/>
  <tag k="highway" v="residential"/>
  <tag k="name" v="Ladislao Martínez"/>
  <tag k="oneway" v="no"/>
  <tag k="surface" v="concrete"/>
 </way>
 <way id="132656346" visible="true" version="5" changeset="43537801" timestamp="2016-11-10T15:28:55Z" user="vespax" uid="2957617">
  <nd ref="1459207325"/>
  <nd ref="1459207326"/>
  <tag k="highway" v="residential"/>
  <tag k="name" v="Presidente Quintana"/>
  <tag k="surface" v="concrete"/>
 </way>
 <way id="133213051" visible="true" version="7" changeset="166429530" timestamp="2025-05-18T12:46:30Z" user="veryclueless_" uid="22912092">
  <nd ref="1459105633"/>
  <nd ref="7823918746"/>
  <nd ref="7823918748"/>
  <nd ref="5047075088"/>
  <nd ref="3177996791"/>
  <nd ref="1459101725"/>
  <tag k="highway" v="residential"/>
  <tag k="lane_markings" v="no"/>
  <tag k="maxspeed" v="40"/>
  <tag k="name" v="Eduardo Madero"/>
  <tag k="surface" v="asphalt"/>
 </way>
 <way id="133213052" visible="true" version="17" changeset="161699668" timestamp="2025-01-24T06:59:12Z" user="TaklamakanDesert" uid="15994195">
  <nd ref="29650902"/>
  <nd ref="12528742707"/>
  <nd ref="247764965"/>
  <nd ref="1871042518"/>
  <nd ref="12528742706"/>
  <nd ref="2189091103"/>
  <nd ref="12315876243"/>
  <nd ref="3177996779"/>
  <nd ref="12315876241"/>
  <nd ref="5047067559"/>
  <nd ref="421872337"/>
  <nd ref="421872336"/>
  <nd ref="4329577282"/>
  <tag k="highway" v="tertiary"/>
  <tag k="maxspeed" v="40"/>
  <tag k="name" v="General Alvear"/>
  <tag k="oneway" v="no"/>
  <tag k="surface" v="concrete"/>
 </way>
 <way id="133216665" visible="true" version="2" changeset="43537801" timestamp="2016-11-10T15:28:55Z" user="vespax" uid="2957617">
  <nd ref="1465969621"/>
  <nd ref="1465969622"/>
  <tag k="highway" v="residential"/>
  <tag k="name" v="Carlos Casares"/>
  <tag k="oneway" v="yes"/>
  <tag k="surface" v="concrete"/>
 </way>
 <way id="139941103" visible="true" version="6" changeset="159302076" timestamp="2024-11-18T21:46:33Z" user="Pegasus21" uid="13510663">
  <nd ref="3030929408"/>
  <nd ref="3030929409"/>
  <nd ref="3030929410"/>
  <nd ref="3030929411"/>
  <nd ref="3030929412"/>
  <nd ref="3030929413"/>
  <nd ref="595715727"/>
  <nd ref="595715728"/>
  <nd ref="595715729"/>
  <nd ref="3030929401"/>
  <nd ref="3030929402"/>
  <nd ref="3030929403"/>
  <nd ref="3030929404"/>
  <nd ref="3030929405"/>
  <nd ref="3030929406"/>
  <nd ref="3030929407"/>
  <nd ref="595715730"/>
  <nd ref="595715731"/>
  <nd ref="1533399869"/>
  <nd ref="3030929408"/>
  <tag k="highway" v="residential"/>
  <tag k="junction" v="roundabout"/>
 </way>
 <way id="149915782" visible="true" version="5" changeset="50869369" timestamp="2017-08-05T19:22:55Z" user="juanperez79" uid="6218510">
  <nd ref="1628512503"/>
  <nd ref="2986100622"/>
  <nd ref="1628512483"/>
  <nd ref="1628512491"/>
  <nd ref="1628512487"/>
  <nd ref="1628512463"/>
  <nd ref="1628512452"/>
  <nd ref="1628512446"/>
  <nd ref="1628512449"/>
  <nd ref="1628512456"/>
  <nd ref="1628512459"/>
  <nd ref="428635678"/>
  <nd ref="1628512500"/>
  <nd ref="4580715562"/>
  <nd ref="1628512503"/>
  <tag k="man_made" v="pier"/>
  <tag k="source" v="Reconocimiento terrestre por Kaart 2016"/>
 </way>
 <way id="149915783" visible="true" version="2" changeset="150545996" timestamp="2024-04-26T15:52:56Z" user="g0nz" uid="9536659">
  <nd ref="1628512414"/>
  <nd ref="1628512418"/>
  <nd ref="1628512412"/>
  <nd ref="1628512408"/>
  <nd ref="1628512398"/>
  <nd ref="1628512394"/>
  <nd ref="1628512393"/>
  <nd ref="1628512390"/>
  <nd ref="1628512364"/>
  <nd ref="1628512355"/>
  <nd ref="1628512352"/>
  <nd ref="1628512315"/>
  <nd ref="1628512348"/>
  <nd ref="1628512350"/>
  <nd ref="1628512367"/>
  <nd ref="428635680"/>
  <nd ref="428635681"/>
  <nd ref="428635679"/>
  <nd ref="1628512402"/>
  <nd ref="1628512414"/>
  <tag k="natural" v="beach"/>
 </way>
 <way id="149915784" visible="true" version="4" changeset="150545996" timestamp="2024-04-26T15:52:56Z" user="g0nz" uid="9536659">
  <nd ref="1628512306"/>
  <nd ref="1628512301"/>
  <nd ref="428635683"/>
  <nd ref="1628512276"/>
  <nd ref="428635682"/>
  <nd ref="1628512269"/>
  <nd ref="1628512263"/>
  <nd ref="4337970064"/>
  <nd ref="1628512270"/>
  <nd ref="1628512273"/>
  <nd ref="1628512275"/>
  <nd ref="1628512279"/>
  <nd ref="1628512297"/>
  <nd ref="1628512303"/>
  <nd ref="1628512310"/>
  <nd ref="11850786543"/>
  <nd ref="1628512352"/>
  <nd ref="1628512315"/>
  <nd ref="94341320"/>
  <nd ref="1628512306"/>
  <tag k="natural" v="beach"/>
 </way>
 <way id="149915785" visible="true" version="3" changeset="181887521" timestamp="2026-04-27T12:00:03Z" user="AlejandroAlba" uid="6499071">
  <nd ref="1628512263"/>
  <nd ref="1628512266"/>
  <nd ref="1628512269"/>
  <nd ref="428635682"/>
  <nd ref="94320745"/>
  <nd ref="1628512240"/>
  <nd ref="1628512235"/>
  <nd ref="1628512226"/>
  <nd ref="1628512195"/>
  <nd ref="1628512167"/>
  <nd ref="1628512146"/>
  <nd ref="1628512163"/>
  <nd ref="1628512191"/>
  <nd ref="428635684"/>
  <nd ref="1628512155"/>
  <nd ref="1628512145"/>
  <nd ref="1628512143"/>
  <nd ref="1628512126"/>
  <nd ref="1628512120"/>
  <nd ref="1628512132"/>
  <nd ref="1628512149"/>
  <nd ref="1628512159"/>
  <nd ref="1628512190"/>
  <nd ref="1628512192"/>
  <nd ref="1628512194"/>
  <nd ref="1628512200"/>
  <nd ref="1628512228"/>
  <nd ref="1628512232"/>
  <nd ref="1628512238"/>
  <nd ref="13766564018"/>
  <nd ref="1628512263"/>
  <tag k="natural" v="wetland"/>
 </way>
 <way id="149915786" visible="true" version="4" changeset="181887521" timestamp="2026-04-27T12:00:03Z" user="AlejandroAlba" uid="6499071">
  <nd ref="1628512064"/>
  <nd ref="1628512069"/>
  <nd ref="1628512071"/>
  <nd ref="428635686"/>
  <nd ref="94306007"/>
  <nd ref="13766581261"/>
  <nd ref="1628512096"/>
  <nd ref="1628512098"/>
  <nd ref="1628512110"/>
  <nd ref="1628512120"/>
  <nd ref="1628512132"/>
  <nd ref="1628512149"/>
  <nd ref="1628512159"/>
  <nd ref="1628512190"/>
  <nd ref="1628512192"/>
  <nd ref="1628512194"/>
  <nd ref="1628512200"/>
  <nd ref="1628512228"/>
  <nd ref="1628512232"/>
  <nd ref="1628512238"/>
  <nd ref="13766564018"/>
  <nd ref="1628512263"/>
  <nd ref="4337970064"/>
  <nd ref="1628512237"/>
  <nd ref="1628512223"/>
  <nd ref="1628512197"/>
  <nd ref="1628512193"/>
  <nd ref="1628512188"/>
  <nd ref="1628512153"/>
  <nd ref="1628512129"/>
  <nd ref="1628512123"/>
  <nd ref="1628512116"/>
  <nd ref="1628512113"/>
  <nd ref="1628512107"/>
  <nd ref="1628512093"/>
  <nd ref="1628512090"/>
  <nd ref="1628512088"/>
  <nd ref="1628512085"/>
  <nd ref="1628512082"/>
  <nd ref="1628512080"/>
  <nd ref="1628512077"/>
  <nd ref="1628512072"/>
  <nd ref="1628512067"/>
  <nd ref="1628512064"/>
  <tag k="natural" v="beach"/>
 </way>
 <way id="149915787" visible="true" version="2" changeset="41281389" timestamp="2016-08-06T03:58:54Z" user="pablopareja" uid="211657">
  <nd ref="1628511850"/>
  <nd ref="1628511836"/>
  <nd ref="1628511832"/>
  <nd ref="1628511845"/>
  <nd ref="1628511842"/>
  <nd ref="1628511848"/>
  <nd ref="94291992"/>
  <nd ref="1628511867"/>
  <nd ref="1628511872"/>
  <nd ref="1628511879"/>
  <nd ref="1628511890"/>
  <nd ref="1628511896"/>
  <nd ref="1628511900"/>
  <nd ref="1628511919"/>
  <nd ref="1628511927"/>
  <nd ref="94303167"/>
  <nd ref="1628511939"/>
  <nd ref="1628511952"/>
  <nd ref="1628511956"/>
  <nd ref="1628511972"/>
  <nd ref="1628511981"/>
  <nd ref="1628511993"/>
  <nd ref="1628511997"/>
  <nd ref="1628512005"/>
  <nd ref="1628512012"/>
  <nd ref="1628512013"/>
  <nd ref="1628512017"/>
  <nd ref="1628512030"/>
  <nd ref="1628512039"/>
  <nd ref="1628512041"/>
  <nd ref="1628512033"/>
  <nd ref="1628512014"/>
  <nd ref="1628511999"/>
  <nd ref="1628511992"/>
  <nd ref="1628511984"/>
  <nd ref="1628511976"/>
  <nd ref="1628511966"/>
  <nd ref="1628511970"/>
  <nd ref="1628511968"/>
  <nd ref="1628511949"/>
  <nd ref="4337970050"/>
  <nd ref="1628511931"/>
  <nd ref="1628511925"/>
  <nd ref="1628511921"/>
  <nd ref="1628511901"/>
  <nd ref="1628511894"/>
  <nd ref="1628511889"/>
  <nd ref="1628511874"/>
  <nd ref="1628511870"/>
  <nd ref="1628511869"/>
  <nd ref="1628511864"/>
  <nd ref="1628511855"/>
  <nd ref="1628511862"/>
  <nd ref="1628511853"/>
  <nd ref="1628511850"/>
  <tag k="natural" v="beach"/>
 </way>
 <way id="149919180" visible="true" version="2" changeset="43932766" timestamp="2016-11-24T21:49:58Z" user="pablopareja" uid="211657">
  <nd ref="1628547493"/>
  <nd ref="4519649732"/>
  <nd ref="1628547514"/>
  <nd ref="4519649733"/>
  <nd ref="4519649731"/>
  <nd ref="1628547513"/>
  <nd ref="1628547505"/>
  <nd ref="1628547499"/>
  <nd ref="1628547494"/>
  <nd ref="1628547484"/>
  <nd ref="1628547493"/>
  <tag k="landuse" v="grass"/>
 </way>
 <way id="149919183" visible="true" version="1" changeset="10654922" timestamp="2012-02-11T17:09:07Z" user="estela" uid="89271">
  <nd ref="1628547465"/>
  <nd ref="1628547470"/>
  <nd ref="428635689"/>
  <nd ref="1628547477"/>
  <nd ref="1628547486"/>
  <nd ref="1628547483"/>
  <nd ref="1628547476"/>
  <nd ref="1628547473"/>
  <nd ref="1628547469"/>
  <nd ref="1628547466"/>
  <nd ref="1628547468"/>
  <nd ref="1628547465"/>
  <tag k="natural" v="scrub"/>
 </way>
 <way id="149919186" visible="true" version="1" changeset="10654922" timestamp="2012-02-11T17:09:09Z" user="estela" uid="89271">
  <nd ref="1628547482"/>
  <nd ref="1628547495"/>
  <nd ref="1628547497"/>
  <nd ref="1628547500"/>
  <nd ref="1628547501"/>
  <nd ref="1628547504"/>
  <nd ref="1628547507"/>
  <nd ref="1628547510"/>
  <nd ref="1628547517"/>
  <nd ref="1628547525"/>
  <nd ref="1628547529"/>
  <nd ref="1628547532"/>
  <nd ref="1628547528"/>
  <nd ref="428635688"/>
  <nd ref="1628547519"/>
  <nd ref="1628547516"/>
  <nd ref="1628547508"/>
  <nd ref="1628547502"/>
  <nd ref="1628547498"/>
  <nd ref="1628547496"/>
  <nd ref="1628547481"/>
  <nd ref="1628547474"/>
  <nd ref="1628547489"/>
  <nd ref="1628547491"/>
  <nd ref="1628547490"/>
  <nd ref="1628547478"/>
  <nd ref="1628547488"/>
  <nd ref="428635687"/>
  <nd ref="1628547482"/>
  <tag k="natural" v="wetland"/>
 </way>
 <way id="149919188" visible="true" version="2" changeset="43932766" timestamp="2016-11-24T21:49:58Z" user="pablopareja" uid="211657">
  <nd ref="1628547477"/>
  <nd ref="4519649548"/>
  <nd ref="1628547492"/>
  <nd ref="1628547493"/>
  <nd ref="1628547484"/>
  <nd ref="1628547494"/>
  <nd ref="1628547499"/>
  <nd ref="1628547505"/>
  <nd ref="1628547503"/>
  <nd ref="1628547506"/>
  <nd ref="1628547511"/>
  <nd ref="1628547542"/>
  <nd ref="1628547548"/>
  <nd ref="1628547567"/>
  <nd ref="1628512064"/>
  <nd ref="1628512069"/>
  <nd ref="1628512071"/>
  <nd ref="428635685"/>
  <nd ref="1628547572"/>
  <nd ref="1628547569"/>
  <nd ref="1628547566"/>
  <nd ref="1628512061"/>
  <nd ref="1628512057"/>
  <nd ref="94293425"/>
  <nd ref="1628547540"/>
  <nd ref="1628547537"/>
  <nd ref="1628547532"/>
  <nd ref="1628547529"/>
  <nd ref="1628547525"/>
  <nd ref="1628547517"/>
  <nd ref="1628547510"/>
  <nd ref="1628547507"/>
  <nd ref="1628547504"/>
  <nd ref="1628547501"/>
  <nd ref="1628547500"/>
  <nd ref="1628547497"/>
  <nd ref="1628547495"/>
  <nd ref="1628547482"/>
  <nd ref="1628547480"/>
  <nd ref="1628547475"/>
  <nd ref="428635690"/>
  <nd ref="1628547469"/>
  <nd ref="1628547473"/>
  <nd ref="1628547476"/>
  <nd ref="1628547483"/>
  <nd ref="1628547486"/>
  <nd ref="1628547477"/>
  <tag k="natural" v="beach"/>
 </way>
 <way id="149919189" visible="true" version="1" changeset="10654922" timestamp="2012-02-11T17:09:10Z" user="estela" uid="89271">
  <nd ref="428635685"/>
  <nd ref="1628547579"/>
  <nd ref="1628547576"/>
  <nd ref="1628547573"/>
  <nd ref="1628547569"/>
  <nd ref="1628547572"/>
  <nd ref="428635685"/>
  <tag k="natural" v="wetland"/>
 </way>
 <way id="208631268" visible="true" version="3" changeset="41546165" timestamp="2016-08-18T23:20:12Z" user="pablopareja" uid="211657">
  <nd ref="2189043970"/>
  <nd ref="2189048166"/>
  <nd ref="2189043968"/>
  <tag k="highway" v="residential"/>
  <tag k="name" v="Juan de Garay"/>
  <tag k="oneway" v="no"/>
 </way>
 <way id="208635655" visible="true" version="2" changeset="17593884" timestamp="2013-08-30T18:55:14Z" user="saranditown" uid="1460489">
  <nd ref="2189082671"/>
  <nd ref="2189082668"/>
  <nd ref="2189082670"/>
  <tag k="highway" v="residential"/>
  <tag k="name" v="Perdriel"/>
 </way>
 <way id="209543836" visible="true" version="4" changeset="50887282" timestamp="2017-08-06T14:57:40Z" user="juanperez79" uid="6218510">
  <nd ref="94303167"/>
  <nd ref="4337970050"/>
  <nd ref="5018197012"/>
  <nd ref="2189091095"/>
  <nd ref="2189043963"/>
  <tag k="admin_level" v="9"/>
  <tag k="boundary" v="administrative"/>
 </way>
 <way id="246295112" visible="true" version="5" changeset="158830137" timestamp="2024-11-06T19:11:08Z" user="Johnny_Mappleseed" uid="21621709">
  <nd ref="1459207326"/>
  <nd ref="595715726"/>
  <nd ref="1459198676"/>
  <tag k="highway" v="residential"/>
  <tag k="name" v="Doctor Francisco Javier Muñiz"/>
  <tag k="oneway" v="no"/>
  <tag k="surface" v="concrete"/>
 </way>
 <way id="255861798" visible="true" version="9" changeset="161660396" timestamp="2025-01-23T05:15:38Z" user="TaklamakanDesert" uid="15994195">
  <nd ref="29603473"/>
  <nd ref="12525661204"/>
  <nd ref="1459207325"/>
  <nd ref="3177996788"/>
  <nd ref="29650884"/>
  <tag k="hgv" v="no"/>
  <tag k="highway" v="tertiary"/>
  <tag k="maxspeed" v="40"/>
  <tag k="name" v="General Pacheco"/>
  <tag k="oneway" v="no"/>
  <tag k="surface" v="sett"/>
 </way>
 <way id="255861799" visible="true" version="21" changeset="161662068" timestamp="2025-01-23T06:51:36Z" user="TaklamakanDesert" uid="15994195">
  <nd ref="29603473"/>
  <nd ref="12315837930"/>
  <nd ref="3084057096"/>
  <nd ref="12525744713"/>
  <nd ref="595715757"/>
  <tag k="highway" v="primary"/>
  <tag k="lanes" v="4"/>
  <tag k="maxspeed" v="60"/>
  <tag k="name" v="Avenida del Libertador"/>
  <tag k="old_ref" v="RN195"/>
  <tag k="oneway" v="no"/>
  <tag k="ref" v="RP27"/>
  <tag k="surface" v="asphalt"/>
 </way>
 <way id="312002415" visible="true" version="4" changeset="158791223" timestamp="2024-11-05T19:00:02Z" user="JConormaps" uid="21599775">
  <nd ref="421872337"/>
  <nd ref="6097103541"/>
  <nd ref="8131820479"/>
  <nd ref="595715739"/>
  <tag k="highway" v="residential"/>
  <tag k="name" v="Doctor Eduardo Madero"/>
  <tag k="surface" v="concrete"/>
 </way>
 <way id="312002418" visible="true" version="2" changeset="30226123" timestamp="2015-04-15T01:47:33Z" user="Souchong" uid="255141">
  <nd ref="3030929416"/>
  <nd ref="595715747"/>
  <nd ref="1459198676"/>
  <nd ref="595715748"/>
  <nd ref="3030929414"/>
  <nd ref="3030929415"/>
  <nd ref="595715725"/>
  <nd ref="3456721637"/>
  <nd ref="595715749"/>
  <tag k="highway" v="residential"/>
  <tag k="name" v="Juan de Garay"/>
 </way>
 <way id="312002419" visible="true" version="4" changeset="45988760" timestamp="2017-02-11T03:21:17Z" user="JAAS" uid="3321532">
  <nd ref="421872330"/>
  <nd ref="3177996780"/>
  <tag k="highway" v="residential"/>
  <tag k="maxspeed" v="40"/>
  <tag k="name" v="Vicente Fidel López"/>
  <tag k="oneway" v="no"/>
  <tag k="surface" v="concrete"/>
 </way>
 <way id="318617044" visible="true" version="5" changeset="150545996" timestamp="2024-04-26T15:52:56Z" user="g0nz" uid="9536659">
  <nd ref="3250055839"/>
  <nd ref="3250055838"/>
  <nd ref="3250055843"/>
  <nd ref="11850786542"/>
  <nd ref="3250055845"/>
  <nd ref="3250055847"/>
  <nd ref="3250055851"/>
  <nd ref="3250055852"/>
  <nd ref="4580710392"/>
  <nd ref="3250055850"/>
  <nd ref="3250055849"/>
  <nd ref="3250055846"/>
  <nd ref="3250055840"/>
  <nd ref="3250055841"/>
  <nd ref="4580710391"/>
  <nd ref="3250055839"/>
  <tag k="amenity" v="parking"/>
  <tag k="name" v="Paseo Público Costero"/>
  <tag k="parking" v="surface"/>
  <tag k="source" v="Reconocimiento terrestre por Kaart 2016"/>
  <tag k="surface" v="paving_stones"/>
 </way>
 <way id="318617046" visible="true" version="5" changeset="162702497" timestamp="2025-02-19T13:59:38Z" user="g0nz" uid="9536659">
  <nd ref="1628512113"/>
  <nd ref="1628512116"/>
  <nd ref="1628512123"/>
  <nd ref="1628512129"/>
  <nd ref="1628512153"/>
  <nd ref="1628512188"/>
  <nd ref="1628512193"/>
  <nd ref="1628512197"/>
  <nd ref="1628512223"/>
  <nd ref="1628512237"/>
  <nd ref="4337970064"/>
  <nd ref="4337970065"/>
  <nd ref="3250055853"/>
  <nd ref="3250055852"/>
  <nd ref="3250055851"/>
  <nd ref="3250055847"/>
  <nd ref="3250055845"/>
  <nd ref="11850786542"/>
  <nd ref="3250055843"/>
  <nd ref="3250055838"/>
  <nd ref="3250055839"/>
  <nd ref="3250055835"/>
  <nd ref="3250055831"/>
  <nd ref="1628547574"/>
  <nd ref="1628547544"/>
  <nd ref="1628547539"/>
  <nd ref="1628547538"/>
  <nd ref="1628547535"/>
  <nd ref="1628547536"/>
  <nd ref="1628547534"/>
  <nd ref="1628547533"/>
  <nd ref="1628547531"/>
  <nd ref="4519649724"/>
  <nd ref="1628547522"/>
  <nd ref="1628547520"/>
  <nd ref="1628547526"/>
  <nd ref="1628547523"/>
  <nd ref="1628547513"/>
  <nd ref="1628547505"/>
  <nd ref="1628547503"/>
  <nd ref="1628547506"/>
  <nd ref="1628547511"/>
  <nd ref="1628547542"/>
  <nd ref="1628547548"/>
  <nd ref="1628547567"/>
  <nd ref="1628512064"/>
  <nd ref="1628512067"/>
  <nd ref="1628512072"/>
  <nd ref="1628512077"/>
  <nd ref="1628512080"/>
  <nd ref="1628512082"/>
  <nd ref="1628512085"/>
  <nd ref="1628512088"/>
  <nd ref="1628512090"/>
  <nd ref="1628512093"/>
  <nd ref="1628512107"/>
  <nd ref="1628512113"/>
 </way>
 <way id="318617047" visible="true" version="5" changeset="60519703" timestamp="2018-07-08T22:19:29Z" user="nurdafur" uid="3172019">
  <nd ref="3250055856"/>
  <nd ref="3250055857"/>
  <nd ref="3250055855"/>
  <nd ref="3250055854"/>
  <nd ref="5747919004"/>
  <nd ref="1432924951"/>
  <nd ref="1432925025"/>
  <nd ref="1432924944"/>
  <nd ref="3250055856"/>
  <tag k="amenity" v="parking"/>
  <tag k="name" v="Paseo Público Costero"/>
  <tag k="parking" v="surface"/>
  <tag k="source" v="Reconocimiento terrestre por Kaart 2016"/>
  <tag k="surface" v="paving_stones"/>
 </way>
 <way id="318617048" visible="true" version="7" changeset="162702497" timestamp="2025-02-19T13:59:38Z" user="g0nz" uid="9536659">
  <nd ref="12315872297"/>
  <nd ref="12315872298"/>
  <nd ref="4337970062"/>
  <nd ref="12277569055"/>
  <nd ref="4337970061"/>
  <nd ref="3250055844"/>
  <nd ref="3250055842"/>
  <nd ref="3250055837"/>
  <nd ref="3250055833"/>
  <nd ref="3250055829"/>
  <nd ref="3250055830"/>
  <nd ref="3250055828"/>
  <nd ref="3250055826"/>
  <nd ref="3250055827"/>
  <nd ref="12600764523"/>
  <nd ref="3250055829"/>
  <tag k="highway" v="footway"/>
 </way>
 <way id="318617049" visible="true" version="5" changeset="158790052" timestamp="2024-11-05T18:19:05Z" user="JConormaps" uid="21599775">
  <nd ref="4580710413"/>
  <nd ref="3250055859"/>
  <nd ref="12315837925"/>
  <nd ref="3250055860"/>
  <nd ref="3250056562"/>
  <nd ref="3250056563"/>
  <nd ref="3250056565"/>
  <nd ref="5747919003"/>
  <nd ref="5747918986"/>
  <nd ref="3250056566"/>
  <nd ref="3250056567"/>
  <nd ref="5747919007"/>
  <tag k="bicycle" v="yes"/>
  <tag k="highway" v="footway"/>
  <tag k="segregated" v="no"/>
  <tag k="surface" v="asphalt"/>
 </way>
 <way id="318617050" visible="true" version="2" changeset="158191500" timestamp="2024-10-22T00:49:02Z" user="csimeona22" uid="15166882">
  <nd ref="3250055829"/>
  <nd ref="3250055832"/>
  <nd ref="3250055834"/>
  <nd ref="3250055836"/>
  <nd ref="12277569057"/>
  <nd ref="29650902"/>
  <tag k="highway" v="footway"/>
 </way>
 <way id="338562652" visible="true" version="2" changeset="41581745" timestamp="2016-08-20T19:36:43Z" user="pablopareja" uid="211657">
  <nd ref="595715727"/>
  <nd ref="595715726"/>
  <tag k="highway" v="residential"/>
  <tag k="name" v="Eduardo Madero"/>
  <tag k="oneway" v="no"/>
 </way>
 <way id="338562656" visible="true" version="6" changeset="65064381" timestamp="2018-12-01T04:46:48Z" user="AgusQui" uid="331218">
  <nd ref="3456721639"/>
  <nd ref="421872474"/>
  <nd ref="421872459"/>
  <nd ref="421872446"/>
  <nd ref="421872426"/>
  <nd ref="421872410"/>
  <nd ref="421872388"/>
  <nd ref="595709688"/>
  <nd ref="421872396"/>
  <tag k="highway" v="residential"/>
  <tag k="maxspeed" v="40"/>
  <tag k="name" v="Juan José Paso"/>
  <tag k="oneway" v="yes"/>
  <tag k="surface" v="concrete"/>
 </way>
 <way id="389132552" visible="true" version="9" changeset="161660396" timestamp="2025-01-23T05:15:38Z" user="TaklamakanDesert" uid="15994195">
  <nd ref="12352341311"/>
  <nd ref="421872374"/>
  <nd ref="421872376"/>
  <nd ref="421872377"/>
  <nd ref="1467701275"/>
  <nd ref="421872379"/>
  <nd ref="421872375"/>
  <nd ref="1465962725"/>
  <nd ref="1465969622"/>
  <nd ref="12525661203"/>
  <nd ref="29603473"/>
  <tag k="highway" v="tertiary"/>
  <tag k="lanes" v="2"/>
  <tag k="maxspeed" v="40"/>
  <tag k="name" v="General Pacheco"/>
  <tag k="oneway" v="no"/>
  <tag k="sidewalk" v="both"/>
  <tag k="surface" v="concrete"/>
 </way>
 <way id="434937476" visible="true" version="1" changeset="41135558" timestamp="2016-07-30T23:03:07Z" user="pablopareja" uid="211657">
  <nd ref="4328465965"/>
  <nd ref="4328465975"/>
  <tag k="addr:inclusion" v="actual"/>
  <tag k="addr:interpolation" v="even"/>
 </way>
 <way id="434937531" visible="true" version="1" changeset="41135558" timestamp="2016-07-30T23:03:09Z" user="pablopareja" uid="211657">
  <nd ref="4328465960"/>
  <nd ref="4328465970"/>
  <tag k="addr:inclusion" v="actual"/>
  <tag k="addr:interpolation" v="odd"/>
 </way>
 <way id="435017830" visible="true" version="4" changeset="126000751" timestamp="2022-09-10T02:29:59Z" user="AgusQui" uid="331218">
  <nd ref="595715732"/>
  <nd ref="421872312"/>
  <nd ref="421872311"/>
  <tag k="highway" v="residential"/>
  <tag k="maxspeed" v="40"/>
  <tag k="name" v="Aristóbulo del Valle"/>
  <tag k="oneway" v="yes"/>
  <tag k="surface" v="concrete"/>
 </way>
 <way id="435017832" visible="true" version="4" changeset="161697251" timestamp="2025-01-24T04:38:18Z" user="TaklamakanDesert" uid="15994195">
  <nd ref="421872322"/>
  <nd ref="3177996778"/>
  <nd ref="12315876234"/>
  <nd ref="3177996777"/>
  <nd ref="12528594726"/>
  <nd ref="12528594725"/>
  <nd ref="12528594724"/>
  <nd ref="12528594723"/>
  <nd ref="12528594722"/>
  <nd ref="12528594721"/>
  <nd ref="12528594720"/>
  <nd ref="3177996776"/>
  <tag k="highway" v="residential"/>
  <tag k="maxspeed" v="40"/>
  <tag k="name" v="Sarmiento"/>
  <tag k="oneway" v="no"/>
  <tag k="surface" v="concrete"/>
 </way>
 <way id="435019069" visible="true" version="1" changeset="41147850" timestamp="2016-07-31T15:23:09Z" user="pablopareja" uid="211657">
  <nd ref="4329538378"/>
  <nd ref="4329538380"/>
  <tag k="addr:inclusion" v="actual"/>
  <tag k="addr:interpolation" v="odd"/>
 </way>
 <way id="435019071" visible="true" version="1" changeset="41147850" timestamp="2016-07-31T15:23:09Z" user="pablopareja" uid="211657">
  <nd ref="4329538383"/>
  <nd ref="4329538385"/>
  <tag k="addr:inclusion" v="actual"/>
  <tag k="addr:interpolation" v="even"/>
 </way>
 <way id="435019075" visible="true" version="1" changeset="41147850" timestamp="2016-07-31T15:23:10Z" user="pablopareja" uid="211657">
  <nd ref="4329538379"/>
  <nd ref="4329538381"/>
  <tag k="addr:inclusion" v="actual"/>
  <tag k="addr:interpolation" v="even"/>
 </way>
 <way id="435019076" visible="true" version="1" changeset="41147850" timestamp="2016-07-31T15:23:10Z" user="pablopareja" uid="211657">
  <nd ref="4329538349"/>
  <nd ref="4329538377"/>
  <tag k="addr:inclusion" v="actual"/>
  <tag k="addr:interpolation" v="even"/>
 </way>
 <way id="435019099" visible="true" version="1" changeset="41147850" timestamp="2016-07-31T15:23:11Z" user="pablopareja" uid="211657">
  <nd ref="4329538375"/>
  <nd ref="4329538376"/>
  <tag k="addr:inclusion" v="actual"/>
  <tag k="addr:interpolation" v="odd"/>
 </way>
 <way id="435019102" visible="true" version="1" changeset="41147850" timestamp="2016-07-31T15:23:11Z" user="pablopareja" uid="211657">
  <nd ref="4329538382"/>
  <nd ref="4329538384"/>
  <tag k="addr:inclusion" v="actual"/>
  <tag k="addr:interpolation" v="odd"/>
 </way>
 <way id="435019108" visible="true" version="1" changeset="41147850" timestamp="2016-07-31T15:23:11Z" user="pablopareja" uid="211657">
  <nd ref="4329538339"/>
  <nd ref="4329538359"/>
  <tag k="addr:inclusion" v="actual"/>
  <tag k="addr:interpolation" v="odd"/>
 </way>
 <way id="435019115" visible="true" version="4" changeset="125592514" timestamp="2022-08-31T02:01:10Z" user="EsLoQueHay" uid="11572928">
  <nd ref="4329538555"/>
  <nd ref="4329538557"/>
  <nd ref="4329538556"/>
  <nd ref="4329538554"/>
  <nd ref="4329538555"/>
  <tag k="addr:city" v="Martínez"/>
  <tag k="addr:postcode" v="B1640"/>
  <tag k="addr:street" v="Avenida del Libertador"/>
  <tag k="building" v="yes"/>
  <tag k="building:levels" v="3"/>
  <tag k="source" v="Reconocimiento terrestre por Kaart 2016"/>
 </way>
 <way id="435022112" visible="true" version="1" changeset="41148398" timestamp="2016-07-31T15:49:31Z" user="pablopareja" uid="211657">
  <nd ref="4329571283"/>
  <nd ref="4329571287"/>
  <tag k="addr:inclusion" v="actual"/>
  <tag k="addr:interpolation" v="even"/>
 </way>
 <way id="435022115" visible="true" version="1" changeset="41148398" timestamp="2016-07-31T15:49:31Z" user="pablopareja" uid="211657">
  <nd ref="4329577189"/>
  <nd ref="4329577191"/>
  <tag k="addr:inclusion" v="actual"/>
  <tag k="addr:interpolation" v="even"/>
 </way>
 <way id="435022123" visible="true" version="1" changeset="41148398" timestamp="2016-07-31T15:49:31Z" user="pablopareja" uid="211657">
  <nd ref="4329571288"/>
  <nd ref="4329577190"/>
  <tag k="addr:inclusion" v="actual"/>
  <tag k="addr:interpolation" v="odd"/>
 </way>
 <way id="435033327" visible="true" version="1" changeset="41150655" timestamp="2016-07-31T17:41:30Z" user="pablopareja" uid="211657">
  <nd ref="4329690033"/>
  <nd ref="4329690041"/>
  <nd ref="4329690042"/>
  <nd ref="4329690037"/>
  <nd ref="4329690033"/>
  <tag k="leisure" v="pitch"/>
  <tag k="sport" v="soccer"/>
 </way>
 <way id="435902872" visible="true" version="1" changeset="41281389" timestamp="2016-08-06T03:58:52Z" user="pablopareja" uid="211657">
  <nd ref="4337970195"/>
  <nd ref="4337970191"/>
  <nd ref="4337970190"/>
  <nd ref="4337970192"/>
  <nd ref="4337970193"/>
  <nd ref="4337970196"/>
  <nd ref="4337970200"/>
  <nd ref="4337970207"/>
  <nd ref="4337970210"/>
  <nd ref="4337970211"/>
  <nd ref="4337970209"/>
  <nd ref="4337970203"/>
  <nd ref="4337970198"/>
  <nd ref="4337970195"/>
  <tag k="natural" v="water"/>
 </way>
 <way id="435902873" visible="true" version="4" changeset="50887282" timestamp="2017-08-06T14:57:40Z" user="juanperez79" uid="6218510">
  <nd ref="4337970059"/>
  <nd ref="4337970060"/>
  <nd ref="5018197001"/>
  <nd ref="5018197000"/>
  <nd ref="5018197004"/>
  <nd ref="5018197003"/>
  <nd ref="5018197002"/>
  <nd ref="5018197005"/>
  <nd ref="5018197006"/>
  <nd ref="5018197007"/>
  <nd ref="5018197008"/>
  <nd ref="5018197009"/>
  <nd ref="5018197010"/>
  <nd ref="5018197011"/>
  <nd ref="4337970055"/>
  <nd ref="4337970052"/>
  <nd ref="4337970051"/>
  <nd ref="4337970050"/>
  <nd ref="1628511949"/>
  <nd ref="1628511968"/>
  <nd ref="1628511970"/>
  <nd ref="1628511966"/>
  <nd ref="1628511976"/>
  <nd ref="1628511984"/>
  <nd ref="1628511992"/>
  <nd ref="1628511999"/>
  <nd ref="1628512014"/>
  <nd ref="1628512033"/>
  <nd ref="1628512041"/>
  <nd ref="4337970053"/>
  <nd ref="5018096472"/>
  <nd ref="4337970054"/>
  <nd ref="4337970056"/>
  <nd ref="4337970057"/>
  <nd ref="4337970058"/>
  <nd ref="4337970059"/>
 </way>
 <way id="435902876" visible="true" version="1" changeset="41281389" timestamp="2016-08-06T03:58:52Z" user="pablopareja" uid="211657">
  <nd ref="4337970217"/>
  <nd ref="4337970216"/>
  <nd ref="4337970218"/>
  <nd ref="4337970219"/>
  <nd ref="4337970217"/>
  <tag k="leisure" v="pitch"/>
  <tag k="sport" v="tennis"/>
 </way>
 <way id="435902877" visible="true" version="4" changeset="146342612" timestamp="2024-01-17T00:00:09Z" user="AgusQui" uid="331218">
  <nd ref="4337970194"/>
  <nd ref="4337970220"/>
  <nd ref="4337970189"/>
  <nd ref="4337970066"/>
  <nd ref="11523762357"/>
  <nd ref="4337970194"/>
  <tag k="castle_type" v="mansion"/>
  <tag k="landuse" v="residential"/>
  <tag k="name" v="Villa Alvear"/>
  <tag k="residential" v="gated"/>
 </way>
 <way id="435902882" visible="true" version="2" changeset="125592514" timestamp="2022-08-31T02:01:10Z" user="EsLoQueHay" uid="11572928">
  <nd ref="4337970199"/>
  <nd ref="4337970204"/>
  <nd ref="4337970206"/>
  <nd ref="4337970213"/>
  <nd ref="4337970212"/>
  <nd ref="4337970215"/>
  <nd ref="4337970214"/>
  <nd ref="4337970208"/>
  <nd ref="4337970205"/>
  <nd ref="4337970201"/>
  <nd ref="4337970202"/>
  <nd ref="4337970197"/>
  <nd ref="4337970199"/>
  <tag k="addr:city" v="Martínez"/>
  <tag k="addr:postcode" v="B1640"/>
  <tag k="building" v="yes"/>
 </way>
 <way id="435902883" visible="true" version="3" changeset="125592514" timestamp="2022-08-31T02:01:10Z" user="EsLoQueHay" uid="11572928">
  <nd ref="4337970085"/>
  <nd ref="4337970087"/>
  <nd ref="4337970086"/>
  <nd ref="4337970084"/>
  <nd ref="4337970083"/>
  <nd ref="4337970082"/>
  <nd ref="4337970081"/>
  <nd ref="4337970080"/>
  <nd ref="4337970079"/>
  <nd ref="4337970078"/>
  <nd ref="4337970076"/>
  <nd ref="4337970074"/>
  <nd ref="4337970071"/>
  <nd ref="4337970072"/>
  <nd ref="4337970073"/>
  <nd ref="4337970068"/>
  <nd ref="4337970069"/>
  <nd ref="4337970067"/>
  <nd ref="4337970070"/>
  <nd ref="4337970075"/>
  <nd ref="4337970077"/>
  <nd ref="4337970088"/>
  <nd ref="4337970085"/>
  <tag k="addr:city" v="Martínez"/>
  <tag k="addr:postcode" v="B1640"/>
  <tag k="building" v="house"/>
  <tag k="castle_type" v="mansion"/>
 </way>
 <way id="437892052" visible="true" version="1" changeset="41546165" timestamp="2016-08-18T23:20:08Z" user="pablopareja" uid="211657">
  <nd ref="4356702183"/>
  <nd ref="4356702189"/>
  <tag k="addr:inclusion" v="actual"/>
  <tag k="addr:interpolation" v="odd"/>
 </way>
 <way id="437892076" visible="true" version="1" changeset="41546165" timestamp="2016-08-18T23:20:09Z" user="pablopareja" uid="211657">
  <nd ref="4356702186"/>
  <nd ref="4356702192"/>
  <tag k="addr:inclusion" v="actual"/>
  <tag k="addr:interpolation" v="even"/>
 </way>
 <way id="437892083" visible="true" version="1" changeset="41546165" timestamp="2016-08-18T23:20:09Z" user="pablopareja" uid="211657">
  <nd ref="4356702163"/>
  <nd ref="4356702179"/>
  <tag k="addr:inclusion" v="actual"/>
  <tag k="addr:interpolation" v="even"/>
 </way>
 <way id="437892097" visible="true" version="1" changeset="41546165" timestamp="2016-08-18T23:20:10Z" user="pablopareja" uid="211657">
  <nd ref="4356702157"/>
  <nd ref="4356702173"/>
  <tag k="addr:inclusion" v="actual"/>
  <tag k="addr:interpolation" v="odd"/>
 </way>
 <way id="437893698" visible="true" version="1" changeset="41546583" timestamp="2016-08-19T00:22:53Z" user="pablopareja" uid="211657">
  <nd ref="4356720593"/>
  <nd ref="4356720605"/>
  <tag k="addr:inclusion" v="actual"/>
  <tag k="addr:interpolation" v="even"/>
 </way>
 <way id="437893701" visible="true" version="1" changeset="41546583" timestamp="2016-08-19T00:22:53Z" user="pablopareja" uid="211657">
  <nd ref="4356720632"/>
  <nd ref="4356720640"/>
  <tag k="addr:inclusion" v="actual"/>
  <tag k="addr:interpolation" v="odd"/>
 </way>
 <way id="437893703" visible="true" version="1" changeset="41546583" timestamp="2016-08-19T00:22:53Z" user="pablopareja" uid="211657">
  <nd ref="4356720646"/>
  <nd ref="4356720649"/>
  <tag k="addr:inclusion" v="actual"/>
  <tag k="addr:interpolation" v="odd"/>
 </way>
 <way id="437893706" visible="true" version="1" changeset="41546583" timestamp="2016-08-19T00:22:53Z" user="pablopareja" uid="211657">
  <nd ref="4356720613"/>
  <nd ref="4356720623"/>
  <tag k="addr:inclusion" v="actual"/>
  <tag k="addr:interpolation" v="odd"/>
 </way>
 <way id="437893716" visible="true" version="1" changeset="41546583" timestamp="2016-08-19T00:22:54Z" user="pablopareja" uid="211657">
  <nd ref="4356720636"/>
  <nd ref="4356720643"/>
  <tag k="addr:inclusion" v="actual"/>
  <tag k="addr:interpolation" v="even"/>
 </way>
 <way id="437893725" visible="true" version="1" changeset="41546583" timestamp="2016-08-19T00:22:54Z" user="pablopareja" uid="211657">
  <nd ref="4356720615"/>
  <nd ref="4356720625"/>
  <tag k="addr:inclusion" v="actual"/>
  <tag k="addr:interpolation" v="odd"/>
 </way>
 <way id="437893727" visible="true" version="1" changeset="41546583" timestamp="2016-08-19T00:22:54Z" user="pablopareja" uid="211657">
  <nd ref="4356720633"/>
  <nd ref="4356720641"/>
  <tag k="addr:inclusion" v="actual"/>
  <tag k="addr:interpolation" v="odd"/>
 </way>
 <way id="437893728" visible="true" version="1" changeset="41546583" timestamp="2016-08-19T00:22:54Z" user="pablopareja" uid="211657">
  <nd ref="4356720612"/>
  <nd ref="4356720622"/>
  <tag k="addr:inclusion" v="actual"/>
  <tag k="addr:interpolation" v="odd"/>
 </way>
 <way id="437893729" visible="true" version="1" changeset="41546583" timestamp="2016-08-19T00:22:54Z" user="pablopareja" uid="211657">
  <nd ref="4356720598"/>
  <nd ref="4356720610"/>
  <tag k="addr:inclusion" v="actual"/>
  <tag k="addr:interpolation" v="even"/>
 </way>
 <way id="437893730" visible="true" version="1" changeset="41546583" timestamp="2016-08-19T00:22:54Z" user="pablopareja" uid="211657">
  <nd ref="4356720635"/>
  <nd ref="4356720651"/>
  <tag k="addr:inclusion" v="actual"/>
  <tag k="addr:interpolation" v="even"/>
 </way>
 <way id="437893733" visible="true" version="1" changeset="41546583" timestamp="2016-08-19T00:22:54Z" user="pablopareja" uid="211657">
  <nd ref="4356720587"/>
  <nd ref="4356720599"/>
  <tag k="addr:inclusion" v="actual"/>
  <tag k="addr:interpolation" v="odd"/>
 </way>
 <way id="437893737" visible="true" version="1" changeset="41546583" timestamp="2016-08-19T00:22:54Z" user="pablopareja" uid="211657">
  <nd ref="4356720653"/>
  <nd ref="4356720657"/>
  <tag k="addr:inclusion" v="actual"/>
  <tag k="addr:interpolation" v="odd"/>
 </way>
 <way id="437893740" visible="true" version="1" changeset="41546583" timestamp="2016-08-19T00:22:55Z" user="pablopareja" uid="211657">
  <nd ref="4356720618"/>
  <nd ref="4356720628"/>
  <tag k="addr:inclusion" v="actual"/>
  <tag k="addr:interpolation" v="even"/>
 </way>
 <way id="437893744" visible="true" version="1" changeset="41546583" timestamp="2016-08-19T00:22:55Z" user="pablopareja" uid="211657">
  <nd ref="4356720620"/>
  <nd ref="4356720630"/>
  <tag k="addr:inclusion" v="actual"/>
  <tag k="addr:interpolation" v="even"/>
 </way>
 <way id="437893748" visible="true" version="1" changeset="41546583" timestamp="2016-08-19T00:22:55Z" user="pablopareja" uid="211657">
  <nd ref="4356720655"/>
  <nd ref="4356720659"/>
  <tag k="addr:inclusion" v="actual"/>
  <tag k="addr:interpolation" v="even"/>
 </way>
 <way id="437893750" visible="true" version="1" changeset="41546583" timestamp="2016-08-19T00:22:55Z" user="pablopareja" uid="211657">
  <nd ref="4356720637"/>
  <nd ref="4356720644"/>
  <tag k="addr:inclusion" v="actual"/>
  <tag k="addr:interpolation" v="even"/>
 </way>
 <way id="437893751" visible="true" version="1" changeset="41546583" timestamp="2016-08-19T00:22:55Z" user="pablopareja" uid="211657">
  <nd ref="4356720592"/>
  <nd ref="4356720604"/>
  <tag k="addr:inclusion" v="actual"/>
  <tag k="addr:interpolation" v="odd"/>
 </way>
 <way id="438192565" visible="true" version="1" changeset="41581745" timestamp="2016-08-20T19:36:41Z" user="pablopareja" uid="211657">
  <nd ref="4359257960"/>
  <nd ref="4359257969"/>
  <tag k="addr:inclusion" v="actual"/>
  <tag k="addr:interpolation" v="even"/>
 </way>
 <way id="438192567" visible="true" version="1" changeset="41581745" timestamp="2016-08-20T19:36:41Z" user="pablopareja" uid="211657">
  <nd ref="4359257937"/>
  <nd ref="4359257950"/>
  <tag k="addr:inclusion" v="actual"/>
  <tag k="addr:interpolation" v="even"/>
 </way>
 <way id="438192572" visible="true" version="1" changeset="41581745" timestamp="2016-08-20T19:36:41Z" user="pablopareja" uid="211657">
  <nd ref="4359261010"/>
  <nd ref="4359261015"/>
  <tag k="addr:inclusion" v="actual"/>
  <tag k="addr:interpolation" v="even"/>
 </way>
 <way id="438192574" visible="true" version="1" changeset="41581745" timestamp="2016-08-20T19:36:41Z" user="pablopareja" uid="211657">
  <nd ref="4359257957"/>
  <nd ref="4359257967"/>
  <tag k="addr:inclusion" v="actual"/>
  <tag k="addr:interpolation" v="even"/>
 </way>
 <way id="438192576" visible="true" version="1" changeset="41581745" timestamp="2016-08-20T19:36:41Z" user="pablopareja" uid="211657">
  <nd ref="4359257942"/>
  <nd ref="4359257979"/>
  <tag k="addr:inclusion" v="actual"/>
  <tag k="addr:interpolation" v="even"/>
 </way>
 <way id="438192578" visible="true" version="1" changeset="41581745" timestamp="2016-08-20T19:36:41Z" user="pablopareja" uid="211657">
  <nd ref="4359257973"/>
  <nd ref="4359257978"/>
  <tag k="addr:inclusion" v="actual"/>
  <tag k="addr:interpolation" v="odd"/>
 </way>
 <way id="438192581" visible="true" version="1" changeset="41581745" timestamp="2016-08-20T19:36:41Z" user="pablopareja" uid="211657">
  <nd ref="4359257940"/>
  <nd ref="4359257944"/>
  <tag k="addr:inclusion" v="actual"/>
  <tag k="addr:interpolation" v="odd"/>
 </way>
 <way id="438192583" visible="true" version="1" changeset="41581745" timestamp="2016-08-20T19:36:41Z" user="pablopareja" uid="211657">
  <nd ref="4359257972"/>
  <nd ref="4359257982"/>
  <tag k="addr:inclusion" v="actual"/>
  <tag k="addr:interpolation" v="odd"/>
 </way>
 <way id="438192587" visible="true" version="1" changeset="41581745" timestamp="2016-08-20T19:36:41Z" user="pablopareja" uid="211657">
  <nd ref="4359257953"/>
  <nd ref="4359257962"/>
  <tag k="addr:inclusion" v="actual"/>
  <tag k="addr:interpolation" v="odd"/>
 </way>
 <way id="438192589" visible="true" version="1" changeset="41581745" timestamp="2016-08-20T19:36:41Z" user="pablopareja" uid="211657">
  <nd ref="4359261000"/>
  <nd ref="4359261002"/>
  <tag k="addr:inclusion" v="actual"/>
  <tag k="addr:interpolation" v="odd"/>
 </way>
 <way id="438192591" visible="true" version="1" changeset="41581745" timestamp="2016-08-20T19:36:41Z" user="pablopareja" uid="211657">
  <nd ref="4359261009"/>
  <nd ref="4359261014"/>
  <tag k="addr:inclusion" v="actual"/>
  <tag k="addr:interpolation" v="odd"/>
 </way>
 <way id="438192593" visible="true" version="1" changeset="41581745" timestamp="2016-08-20T19:36:41Z" user="pablopareja" uid="211657">
  <nd ref="4359260994"/>
  <nd ref="4359260998"/>
  <tag k="addr:inclusion" v="actual"/>
  <tag k="addr:interpolation" v="even"/>
 </way>
 <way id="438192596" visible="true" version="1" changeset="41581745" timestamp="2016-08-20T19:36:41Z" user="pablopareja" uid="211657">
  <nd ref="4359257961"/>
  <nd ref="4359257970"/>
  <tag k="addr:inclusion" v="actual"/>
  <tag k="addr:interpolation" v="even"/>
 </way>
 <way id="438192598" visible="true" version="1" changeset="41581745" timestamp="2016-08-20T19:36:41Z" user="pablopareja" uid="211657">
  <nd ref="4359257934"/>
  <nd ref="4359257946"/>
  <tag k="addr:inclusion" v="actual"/>
  <tag k="addr:interpolation" v="odd"/>
 </way>
 <way id="438192600" visible="true" version="1" changeset="41581745" timestamp="2016-08-20T19:36:42Z" user="pablopareja" uid="211657">
  <nd ref="4359260995"/>
  <nd ref="4359260999"/>
  <tag k="addr:inclusion" v="actual"/>
  <tag k="addr:interpolation" v="even"/>
 </way>
 <way id="438192602" visible="true" version="1" changeset="41581745" timestamp="2016-08-20T19:36:42Z" user="pablopareja" uid="211657">
  <nd ref="4359257958"/>
  <nd ref="4359257980"/>
  <tag k="addr:inclusion" v="actual"/>
  <tag k="addr:interpolation" v="even"/>
 </way>
 <way id="438192604" visible="true" version="1" changeset="41581745" timestamp="2016-08-20T19:36:42Z" user="pablopareja" uid="211657">
  <nd ref="4359261011"/>
  <nd ref="4359261017"/>
  <tag k="addr:inclusion" v="actual"/>
  <tag k="addr:interpolation" v="even"/>
 </way>
 <way id="438192608" visible="true" version="1" changeset="41581745" timestamp="2016-08-20T19:36:42Z" user="pablopareja" uid="211657">
  <nd ref="4359257956"/>
  <nd ref="4359257966"/>
  <tag k="addr:inclusion" v="actual"/>
  <tag k="addr:interpolation" v="odd"/>
 </way>
 <way id="438192610" visible="true" version="1" changeset="41581745" timestamp="2016-08-20T19:36:42Z" user="pablopareja" uid="211657">
  <nd ref="4359261007"/>
  <nd ref="4359261012"/>
  <tag k="addr:inclusion" v="actual"/>
  <tag k="addr:interpolation" v="odd"/>
 </way>
 <way id="438192612" visible="true" version="1" changeset="41581745" timestamp="2016-08-20T19:36:42Z" user="pablopareja" uid="211657">
  <nd ref="4359257938"/>
  <nd ref="4359257951"/>
  <tag k="addr:inclusion" v="actual"/>
  <tag k="addr:interpolation" v="even"/>
 </way>
 <way id="438192615" visible="true" version="1" changeset="41581745" timestamp="2016-08-20T19:36:42Z" user="pablopareja" uid="211657">
  <nd ref="4359257959"/>
  <nd ref="4359257968"/>
  <tag k="addr:inclusion" v="actual"/>
  <tag k="addr:interpolation" v="even"/>
 </way>
 <way id="438192619" visible="true" version="1" changeset="41581745" timestamp="2016-08-20T19:36:42Z" user="pablopareja" uid="211657">
  <nd ref="4359257971"/>
  <nd ref="4359257976"/>
  <tag k="addr:inclusion" v="actual"/>
  <tag k="addr:interpolation" v="odd"/>
 </way>
 <way id="438192621" visible="true" version="1" changeset="41581745" timestamp="2016-08-20T19:36:42Z" user="pablopareja" uid="211657">
  <nd ref="4359257941"/>
  <nd ref="4359257977"/>
  <tag k="addr:inclusion" v="actual"/>
  <tag k="addr:interpolation" v="odd"/>
 </way>
 <way id="438192623" visible="true" version="1" changeset="41581745" timestamp="2016-08-20T19:36:42Z" user="pablopareja" uid="211657">
  <nd ref="4359257975"/>
  <nd ref="4359257981"/>
  <tag k="addr:inclusion" v="actual"/>
  <tag k="addr:interpolation" v="even"/>
 </way>
 <way id="438192625" visible="true" version="1" changeset="41581745" timestamp="2016-08-20T19:36:42Z" user="pablopareja" uid="211657">
  <nd ref="4359260989"/>
  <nd ref="4359260991"/>
  <tag k="addr:inclusion" v="actual"/>
  <tag k="addr:interpolation" v="even"/>
 </way>
 <way id="438192628" visible="true" version="1" changeset="41581745" timestamp="2016-08-20T19:36:42Z" user="pablopareja" uid="211657">
  <nd ref="4359257933"/>
  <nd ref="4359257964"/>
  <tag k="addr:inclusion" v="actual"/>
  <tag k="addr:interpolation" v="odd"/>
 </way>
 <way id="438192630" visible="true" version="1" changeset="41581745" timestamp="2016-08-20T19:36:42Z" user="pablopareja" uid="211657">
  <nd ref="4359257932"/>
  <nd ref="4359257945"/>
  <tag k="addr:inclusion" v="actual"/>
  <tag k="addr:interpolation" v="odd"/>
 </way>
 <way id="438192632" visible="true" version="1" changeset="41581745" timestamp="2016-08-20T19:36:42Z" user="pablopareja" uid="211657">
  <nd ref="4359257974"/>
  <nd ref="4359257983"/>
  <tag k="addr:inclusion" v="actual"/>
  <tag k="addr:interpolation" v="even"/>
 </way>
 <way id="438192634" visible="true" version="1" changeset="41581745" timestamp="2016-08-20T19:36:42Z" user="pablopareja" uid="211657">
  <nd ref="4359257954"/>
  <nd ref="4359257963"/>
  <tag k="addr:inclusion" v="actual"/>
  <tag k="addr:interpolation" v="odd"/>
 </way>
 <way id="438192636" visible="true" version="1" changeset="41581745" timestamp="2016-08-20T19:36:42Z" user="pablopareja" uid="211657">
  <nd ref="4359261004"/>
  <nd ref="4359261006"/>
  <tag k="addr:inclusion" v="actual"/>
  <tag k="addr:interpolation" v="odd"/>
 </way>
 <way id="438192638" visible="true" version="1" changeset="41581745" timestamp="2016-08-20T19:36:42Z" user="pablopareja" uid="211657">
  <nd ref="4359257988"/>
  <nd ref="4359260990"/>
  <tag k="addr:inclusion" v="actual"/>
  <tag k="addr:interpolation" v="odd"/>
 </way>
 <way id="438192641" visible="true" version="1" changeset="41581745" timestamp="2016-08-20T19:36:42Z" user="pablopareja" uid="211657">
  <nd ref="4359257943"/>
  <nd ref="4359257949"/>
  <tag k="addr:inclusion" v="actual"/>
  <tag k="addr:interpolation" v="even"/>
 </way>
 <way id="438192643" visible="true" version="1" changeset="41581745" timestamp="2016-08-20T19:36:42Z" user="pablopareja" uid="211657">
  <nd ref="4359257955"/>
  <nd ref="4359257965"/>
  <tag k="addr:inclusion" v="actual"/>
  <tag k="addr:interpolation" v="odd"/>
 </way>
 <way id="438192645" visible="true" version="1" changeset="41581745" timestamp="2016-08-20T19:36:42Z" user="pablopareja" uid="211657">
  <nd ref="4359261001"/>
  <nd ref="4359261003"/>
  <tag k="addr:inclusion" v="actual"/>
  <tag k="addr:interpolation" v="even"/>
 </way>
 <way id="438192649" visible="true" version="1" changeset="41581745" timestamp="2016-08-20T19:36:43Z" user="pablopareja" uid="211657">
  <nd ref="4359260992"/>
  <nd ref="4359260996"/>
  <tag k="addr:inclusion" v="actual"/>
  <tag k="addr:interpolation" v="odd"/>
 </way>
 <way id="438192651" visible="true" version="1" changeset="41581745" timestamp="2016-08-20T19:36:43Z" user="pablopareja" uid="211657">
  <nd ref="4359260993"/>
  <nd ref="4359260997"/>
  <tag k="addr:inclusion" v="actual"/>
  <tag k="addr:interpolation" v="odd"/>
 </way>
 <way id="438192654" visible="true" version="1" changeset="41581745" timestamp="2016-08-20T19:36:43Z" user="pablopareja" uid="211657">
  <nd ref="4359261008"/>
  <nd ref="4359261021"/>
  <nd ref="4359261022"/>
  <nd ref="4359261013"/>
  <tag k="addr:inclusion" v="actual"/>
  <tag k="addr:interpolation" v="odd"/>
 </way>
 <way id="438192656" visible="true" version="1" changeset="41581745" timestamp="2016-08-20T19:36:43Z" user="pablopareja" uid="211657">
  <nd ref="4359261005"/>
  <nd ref="4359261018"/>
  <nd ref="4359261019"/>
  <nd ref="4359261020"/>
  <nd ref="4359261016"/>
  <tag k="addr:inclusion" v="actual"/>
  <tag k="addr:interpolation" v="even"/>
 </way>
 <way id="438192659" visible="true" version="3" changeset="144989023" timestamp="2023-12-11T08:07:44Z" user="DraaRiver" uid="17979775">
  <nd ref="595715740"/>
  <nd ref="11409210490"/>
  <nd ref="3177996782"/>
  <tag k="highway" v="residential"/>
  <tag k="name" v="Ladislao Martínez"/>
  <tag k="oneway" v="no"/>
  <tag k="surface" v="concrete"/>
 </way>
 <way id="438212670" visible="true" version="1" changeset="41584254" timestamp="2016-08-20T22:46:36Z" user="pablopareja" uid="211657">
  <nd ref="4359429284"/>
  <nd ref="4359429286"/>
  <tag k="addr:inclusion" v="actual"/>
  <tag k="addr:interpolation" v="even"/>
 </way>
 <way id="438212761" visible="true" version="1" changeset="41584268" timestamp="2016-08-20T22:47:56Z" user="pablopareja" uid="211657">
  <nd ref="4359426480"/>
  <nd ref="4359426484"/>
  <tag k="addr:inclusion" v="actual"/>
  <tag k="addr:interpolation" v="even"/>
 </way>
 <way id="438212762" visible="true" version="1" changeset="41584268" timestamp="2016-08-20T22:47:56Z" user="pablopareja" uid="211657">
  <nd ref="4359426485"/>
  <nd ref="4359426487"/>
  <tag k="addr:inclusion" v="actual"/>
  <tag k="addr:interpolation" v="odd"/>
 </way>
 <way id="438212763" visible="true" version="1" changeset="41584268" timestamp="2016-08-20T22:47:56Z" user="pablopareja" uid="211657">
  <nd ref="4359426482"/>
  <nd ref="4359426483"/>
  <tag k="addr:inclusion" v="actual"/>
  <tag k="addr:interpolation" v="odd"/>
 </way>
 <way id="438212764" visible="true" version="1" changeset="41584268" timestamp="2016-08-20T22:47:56Z" user="pablopareja" uid="211657">
  <nd ref="4359426486"/>
  <nd ref="4359426488"/>
  <tag k="addr:inclusion" v="actual"/>
  <tag k="addr:interpolation" v="even"/>
 </way>
 <way id="438311823" visible="true" version="1" changeset="41599877" timestamp="2016-08-21T19:12:08Z" user="pablopareja" uid="211657">
  <nd ref="4360469362"/>
  <nd ref="4360469364"/>
  <tag k="addr:inclusion" v="actual"/>
  <tag k="addr:interpolation" v="odd"/>
 </way>
 <way id="438311831" visible="true" version="1" changeset="41599877" timestamp="2016-08-21T19:12:08Z" user="pablopareja" uid="211657">
  <nd ref="4360469363"/>
  <nd ref="4360469365"/>
  <tag k="addr:inclusion" v="actual"/>
  <tag k="addr:interpolation" v="even"/>
 </way>
 <way id="438311836" visible="true" version="1" changeset="41599877" timestamp="2016-08-21T19:12:09Z" user="pablopareja" uid="211657">
  <nd ref="4360469358"/>
  <nd ref="4360469360"/>
  <tag k="addr:inclusion" v="actual"/>
  <tag k="addr:interpolation" v="odd"/>
 </way>
 <way id="438311837" visible="true" version="1" changeset="41599877" timestamp="2016-08-21T19:12:09Z" user="pablopareja" uid="211657">
  <nd ref="4360469359"/>
  <nd ref="4360469361"/>
  <tag k="addr:inclusion" v="actual"/>
  <tag k="addr:interpolation" v="even"/>
 </way>
 <way id="438659810" visible="true" version="2" changeset="50887282" timestamp="2017-08-06T14:57:39Z" user="juanperez79" uid="6218510">
  <nd ref="4363678198"/>
  <nd ref="4363678200"/>
  <nd ref="4363678202"/>
  <nd ref="4363678203"/>
  <nd ref="4363678206"/>
  <nd ref="4337970051"/>
  <nd ref="4337970052"/>
  <nd ref="4337970055"/>
  <nd ref="5018197011"/>
  <nd ref="4581535095"/>
  <nd ref="4581535096"/>
  <nd ref="5018197000"/>
  <nd ref="5018197001"/>
  <nd ref="4337970060"/>
  <nd ref="4363678214"/>
  <nd ref="4519649556"/>
  <nd ref="4363678192"/>
  <tag k="addr:inclusion" v="actual"/>
  <tag k="addr:interpolation" v="even"/>
 </way>
 <way id="438659811" visible="true" version="1" changeset="41649499" timestamp="2016-08-23T22:18:54Z" user="pablopareja" uid="211657">
  <nd ref="4363678197"/>
  <nd ref="4363678201"/>
  <nd ref="4363678204"/>
  <nd ref="4363678205"/>
  <nd ref="4363678207"/>
  <nd ref="4363678209"/>
  <nd ref="4363678211"/>
  <nd ref="4363678213"/>
  <nd ref="4363678215"/>
  <nd ref="4363678191"/>
  <tag k="addr:inclusion" v="actual"/>
  <tag k="addr:interpolation" v="odd"/>
 </way>
 <way id="438659812" visible="true" version="1" changeset="41649499" timestamp="2016-08-23T22:18:54Z" user="pablopareja" uid="211657">
  <nd ref="4363678193"/>
  <nd ref="4363678217"/>
  <nd ref="4363678219"/>
  <nd ref="4363678195"/>
  <tag k="addr:inclusion" v="actual"/>
  <tag k="addr:interpolation" v="odd"/>
 </way>
 <way id="438659813" visible="true" version="3" changeset="150545996" timestamp="2024-04-26T15:52:56Z" user="g0nz" uid="9536659">
  <nd ref="4363678194"/>
  <nd ref="4363678216"/>
  <nd ref="4363678218"/>
  <nd ref="4580710398"/>
  <nd ref="4363678196"/>
  <tag k="addr:inclusion" v="actual"/>
  <tag k="addr:interpolation" v="even"/>
 </way>
 <way id="452470257" visible="true" version="2" changeset="89589570" timestamp="2020-08-18T17:57:02Z" user="Nodestrawaymus" uid="8899783">
  <nd ref="4359429299"/>
  <nd ref="3030411653"/>
  <nd ref="7823918749"/>
  <nd ref="7823918747"/>
  <nd ref="1459105633"/>
  <tag k="highway" v="residential"/>
  <tag k="name" v="San Isidro Labrador"/>
  <tag k="oneway" v="no"/>
  <tag k="surface" v="asphalt"/>
 </way>
 <way id="455575847" visible="true" version="1" changeset="43932766" timestamp="2016-11-24T21:49:57Z" user="pablopareja" uid="211657">
  <nd ref="4519649549"/>
  <nd ref="4519649557"/>
  <nd ref="4337970059"/>
  <nd ref="4337970060"/>
  <nd ref="4519649556"/>
  <nd ref="4519649555"/>
  <nd ref="4519649554"/>
  <nd ref="4519649553"/>
  <nd ref="4519649552"/>
  <nd ref="4519649551"/>
  <nd ref="4519649550"/>
  <nd ref="4519649547"/>
  <nd ref="4519649549"/>
  <tag k="landuse" v="grass"/>
 </way>
 <way id="455575848" visible="true" version="2" changeset="125592514" timestamp="2022-08-31T02:01:10Z" user="EsLoQueHay" uid="11572928">
  <nd ref="4519649577"/>
  <nd ref="4519649576"/>
  <nd ref="4519649575"/>
  <nd ref="4519649574"/>
  <nd ref="4519649573"/>
  <nd ref="4519649572"/>
  <nd ref="4519649571"/>
  <nd ref="4519649570"/>
  <nd ref="4519649569"/>
  <nd ref="4519649568"/>
  <nd ref="4519649567"/>
  <nd ref="4519649566"/>
  <nd ref="4519649565"/>
  <nd ref="4519649564"/>
  <nd ref="4519649563"/>
  <nd ref="4519649562"/>
  <nd ref="4519649561"/>
  <nd ref="4519649560"/>
  <nd ref="4519649559"/>
  <nd ref="4519649558"/>
  <nd ref="4519649577"/>
  <tag k="addr:city" v="Martínez"/>
  <tag k="addr:postcode" v="B1640"/>
  <tag k="building" v="yes"/>
 </way>
 <way id="455575851" visible="true" version="2" changeset="125592514" timestamp="2022-08-31T02:01:10Z" user="EsLoQueHay" uid="11572928">
  <nd ref="4519649722"/>
  <nd ref="4519649721"/>
  <nd ref="4519649720"/>
  <nd ref="4519649719"/>
  <nd ref="4519649718"/>
  <nd ref="4519649717"/>
  <nd ref="4519649716"/>
  <nd ref="4519649715"/>
  <nd ref="4519649722"/>
  <tag k="addr:city" v="Martínez"/>
  <tag k="addr:postcode" v="B1640"/>
  <tag k="building" v="yes"/>
 </way>
 <way id="455575852" visible="true" version="8" changeset="125592514" timestamp="2022-08-31T02:01:10Z" user="EsLoQueHay" uid="11572928">
  <nd ref="1628547527"/>
  <nd ref="1628547523"/>
  <nd ref="1628547526"/>
  <nd ref="1628547520"/>
  <nd ref="1628547522"/>
  <nd ref="4519649723"/>
  <nd ref="4519649724"/>
  <nd ref="1628547531"/>
  <nd ref="4519649727"/>
  <nd ref="4519649726"/>
  <nd ref="4519649725"/>
  <nd ref="4519649719"/>
  <nd ref="4519649720"/>
  <nd ref="1628547527"/>
  <tag k="addr:city" v="Martínez"/>
  <tag k="addr:housenumber" v="1718"/>
  <tag k="addr:postcode" v="B1640"/>
  <tag k="addr:street" v="Sebastián Elcano"/>
  <tag k="amenity" v="restaurant"/>
  <tag k="building" v="yes"/>
  <tag k="cuisine" v="regional"/>
  <tag k="delivery" v="no"/>
  <tag k="name" v="Malloy's"/>
  <tag k="opening_hours" v="Mo-Su 12:00-02:00"/>
  <tag k="outdoor_seating" v="yes"/>
  <tag k="phone" v="+54 11 248 84210"/>
  <tag k="source" v="Reconocimiento terrestre por Kaart 2016"/>
  <tag k="takeaway" v="yes"/>
  <tag k="wheelchair" v="yes"/>
 </way>
 <way id="455575853" visible="true" version="1" changeset="43932766" timestamp="2016-11-24T21:49:58Z" user="pablopareja" uid="211657">
  <nd ref="4519649731"/>
  <nd ref="4519649730"/>
  <nd ref="4519649729"/>
  <nd ref="4519649728"/>
  <nd ref="4519649746"/>
  <nd ref="1628547521"/>
  <nd ref="1628547513"/>
  <nd ref="4519649731"/>
  <tag k="building" v="yes"/>
 </way>
 <way id="455575854" visible="true" version="2" changeset="125592514" timestamp="2022-08-31T02:01:10Z" user="EsLoQueHay" uid="11572928">
  <nd ref="1628547493"/>
  <nd ref="4519649744"/>
  <nd ref="4519649743"/>
  <nd ref="4519649742"/>
  <nd ref="4519649741"/>
  <nd ref="4519649740"/>
  <nd ref="4519649739"/>
  <nd ref="4519649738"/>
  <nd ref="4519649737"/>
  <nd ref="4519649736"/>
  <nd ref="4519649735"/>
  <nd ref="4519649734"/>
  <nd ref="4519649733"/>
  <nd ref="1628547514"/>
  <nd ref="4519649732"/>
  <nd ref="1628547493"/>
  <tag k="addr:city" v="Martínez"/>
  <tag k="addr:postcode" v="B1640"/>
  <tag k="building" v="yes"/>
 </way>
 <way id="455575855" visible="true" version="6" changeset="75672615" timestamp="2019-10-14T14:41:42Z" user="alpertron" uid="466854">
  <nd ref="4519649750"/>
  <nd ref="4519649749"/>
  <nd ref="4519649748"/>
  <nd ref="4519649747"/>
  <nd ref="4519649728"/>
  <nd ref="4519649746"/>
  <nd ref="4519649745"/>
  <nd ref="4580701087"/>
  <nd ref="4580701088"/>
  <nd ref="4580710389"/>
  <nd ref="4519649750"/>
  <tag k="access" v="private"/>
  <tag k="addr:city" v="Martínez"/>
  <tag k="addr:street" v="Sebastián Elcano"/>
  <tag k="amenity" v="parking"/>
  <tag k="parking" v="surface"/>
  <tag k="source" v="Reconocimiento terrestre por Kaart 2016"/>
  <tag k="surface" v="sand"/>
 </way>
 <way id="462708069" visible="true" version="13" changeset="161661439" timestamp="2025-01-23T06:22:34Z" user="LakePoyang" uid="18237328">
  <nd ref="29650902"/>
  <nd ref="5047067560"/>
  <nd ref="11850786486"/>
  <nd ref="11850786509"/>
  <nd ref="1628547541"/>
  <nd ref="11850786497"/>
  <nd ref="5047067561"/>
  <nd ref="3177996775"/>
  <nd ref="11850786527"/>
  <nd ref="1628547509"/>
  <nd ref="12277680271"/>
  <nd ref="4581535101"/>
  <nd ref="29650906"/>
  <nd ref="1719986439"/>
  <nd ref="1628547456"/>
  <nd ref="29650912"/>
  <nd ref="1628547455"/>
  <nd ref="4581535075"/>
  <nd ref="247765284"/>
  <nd ref="247765285"/>
  <nd ref="247765286"/>
  <nd ref="4581535059"/>
  <nd ref="12525715277"/>
  <nd ref="12525715270"/>
  <nd ref="4581535068"/>
  <nd ref="4581535058"/>
  <nd ref="12525715265"/>
  <nd ref="5047067553"/>
  <nd ref="29650917"/>
  <nd ref="4581535046"/>
  <nd ref="5047067552"/>
  <nd ref="12525715260"/>
  <nd ref="4363678199"/>
  <nd ref="12525735607"/>
  <tag k="highway" v="residential"/>
  <tag k="lanes" v="2"/>
  <tag k="maxspeed" v="40"/>
  <tag k="name" v="Sebastián Elcano"/>
  <tag k="oneway" v="no"/>
  <tag k="surface" v="concrete"/>
 </way>
 <way id="462708070" visible="true" version="3" changeset="158790052" timestamp="2024-11-05T18:19:05Z" user="JConormaps" uid="21599775">
  <nd ref="4580710413"/>
  <nd ref="12315837926"/>
  <nd ref="5747918989"/>
  <nd ref="12315837929"/>
  <nd ref="29651196"/>
  <tag k="highway" v="service"/>
  <tag k="service" v="parking_aisle"/>
  <tag k="surface" v="paving_stones"/>
 </way>
 <way id="462709038" visible="true" version="3" changeset="150545996" timestamp="2024-04-26T15:52:56Z" user="g0nz" uid="9536659">
  <nd ref="4580715561"/>
  <nd ref="4580715562"/>
  <nd ref="5747918995"/>
  <nd ref="4580715563"/>
  <tag k="highway" v="footway"/>
  <tag k="surface" v="concrete"/>
 </way>
 <way id="462817703" visible="true" version="2" changeset="46505599" timestamp="2017-03-01T21:35:41Z" user="Velocimaptor" uid="3544143">
  <nd ref="4581534774"/>
  <nd ref="4581534775"/>
  <nd ref="4581534776"/>
  <nd ref="4581534777"/>
  <nd ref="4581534778"/>
  <nd ref="4581534779"/>
  <nd ref="4581534780"/>
  <nd ref="4581534781"/>
  <nd ref="4581534782"/>
  <nd ref="4581534783"/>
  <nd ref="4581534784"/>
  <nd ref="4581534785"/>
  <nd ref="4581534786"/>
  <nd ref="4581534787"/>
  <nd ref="4581534788"/>
  <nd ref="4581534989"/>
  <nd ref="4581534990"/>
  <nd ref="4581534991"/>
  <nd ref="4581534992"/>
  <nd ref="4581534993"/>
  <nd ref="4581534994"/>
  <nd ref="4581534995"/>
  <nd ref="4581534996"/>
  <nd ref="4581534997"/>
  <nd ref="4581534998"/>
  <nd ref="4581534999"/>
  <nd ref="4581534774"/>
  <tag k="leisure" v="swimming_pool"/>
  <tag k="source" v="Reconocimiento terrestre 2016 por Kaart."/>
 </way>
 <way id="462817721" visible="true" version="2" changeset="161661028" timestamp="2025-01-23T06:02:27Z" user="LakePoyang" uid="18237328">
  <nd ref="12525715278"/>
  <nd ref="12525715279"/>
  <nd ref="12525715280"/>
  <nd ref="4581535080"/>
  <nd ref="4581535079"/>
  <nd ref="4581535078"/>
  <nd ref="4581535077"/>
  <nd ref="4581535076"/>
  <nd ref="4581535074"/>
  <nd ref="4581535081"/>
  <nd ref="247765284"/>
  <tag k="highway" v="service"/>
  <tag k="service" v="driveway"/>
  <tag k="surface" v="grass"/>
 </way>
 <way id="462817722" visible="true" version="3" changeset="181983433" timestamp="2026-04-29T11:29:26Z" user="AlejandroAlba" uid="6499071">
  <nd ref="4581535084"/>
  <nd ref="4581535082"/>
  <tag k="intermittent" v="yes"/>
  <tag k="source" v="Reconocimiento terrestre por Kaart 2016"/>
  <tag k="waterway" v="stream"/>
 </way>
 <way id="462817723" visible="true" version="4" changeset="181983433" timestamp="2026-04-29T11:29:26Z" user="AlejandroAlba" uid="6499071">
  <nd ref="4581535085"/>
  <nd ref="4581535084"/>
  <tag k="intermittent" v="yes"/>
  <tag k="layer" v="-1"/>
  <tag k="source" v="Reconocimiento terrestre por Kaart 2016"/>
  <tag k="tunnel" v="culvert"/>
  <tag k="waterway" v="drain"/>
 </way>
 <way id="462817724" visible="true" version="3" changeset="181983433" timestamp="2026-04-29T11:29:26Z" user="AlejandroAlba" uid="6499071">
  <nd ref="13774670153"/>
  <nd ref="13774670154"/>
  <nd ref="4581535083"/>
  <nd ref="4581535085"/>
  <tag k="intermittent" v="yes"/>
  <tag k="source" v="Reconocimiento terrestre por Kaart 2016"/>
  <tag k="waterway" v="drain"/>
 </way>
 <way id="462817725" visible="true" version="3" changeset="50887282" timestamp="2017-08-06T14:57:40Z" user="juanperez79" uid="6218510">
  <nd ref="4581535097"/>
  <nd ref="5018197010"/>
  <nd ref="5018197009"/>
  <nd ref="5018197008"/>
  <nd ref="5018197007"/>
  <nd ref="5018197006"/>
  <nd ref="5018197005"/>
  <nd ref="5018197002"/>
  <nd ref="5018197003"/>
  <nd ref="5018197004"/>
  <nd ref="5018197000"/>
  <nd ref="4581535096"/>
  <nd ref="4581535095"/>
  <nd ref="4581535094"/>
  <nd ref="4581535098"/>
  <nd ref="4581535100"/>
  <nd ref="4581535097"/>
  <tag k="amenity" v="parking"/>
  <tag k="parking" v="surface"/>
  <tag k="source" v="Reconocimiento terrestre por Kaart 2016"/>
  <tag k="surface" v="ground"/>
 </way>
 <way id="462817726" visible="true" version="3" changeset="158791223" timestamp="2024-11-05T19:00:02Z" user="JConormaps" uid="21599775">
  <nd ref="12277680271"/>
  <nd ref="12277680272"/>
  <nd ref="12277680273"/>
  <nd ref="12277680274"/>
  <nd ref="12277680275"/>
  <nd ref="12277680276"/>
  <nd ref="12277680277"/>
  <nd ref="4581535100"/>
  <nd ref="4581535101"/>
  <tag k="highway" v="service"/>
  <tag k="service" v="parking_aisle"/>
  <tag k="surface" v="concrete"/>
 </way>
 <way id="462825912" visible="true" version="5" changeset="125626188" timestamp="2022-08-31T19:27:30Z" user="EsLoQueHay" uid="11572928">
  <nd ref="4581609945"/>
  <nd ref="4581609946"/>
  <nd ref="4581609947"/>
  <nd ref="4581609948"/>
  <nd ref="4581609949"/>
  <nd ref="4581609950"/>
  <nd ref="4581609945"/>
  <tag k="addr:city" v="Acassuso"/>
  <tag k="addr:housenumber" v="1301"/>
  <tag k="addr:postcode" v="B1641"/>
  <tag k="addr:street" v="Sebastián Elcano"/>
  <tag k="amenity" v="events_venue"/>
  <tag k="building" v="yes"/>
  <tag k="building:levels" v="1"/>
  <tag k="name" v="El Águila"/>
  <tag k="source" v="Reconocimiento terrestre por Kaart 2016"/>
  <tag k="website" v="http://www.aguilaclub.com/"/>
 </way>
 <way id="464856661" visible="true" version="4" changeset="125592514" timestamp="2022-08-31T02:01:10Z" user="EsLoQueHay" uid="11572928">
  <nd ref="4599218846"/>
  <nd ref="4599218847"/>
  <nd ref="4599218848"/>
  <nd ref="4599218849"/>
  <nd ref="4599218846"/>
  <tag k="addr:city" v="Martínez"/>
  <tag k="addr:postcode" v="B1640AOD"/>
  <tag k="addr:street" v="Avenida del Libertador"/>
  <tag k="building" v="commercial"/>
  <tag k="building:levels" v="2"/>
 </way>
 <way id="464856662" visible="true" version="3" changeset="125592514" timestamp="2022-08-31T02:01:10Z" user="EsLoQueHay" uid="11572928">
  <nd ref="4599218850"/>
  <nd ref="4599218851"/>
  <nd ref="4599218852"/>
  <nd ref="4599218853"/>
  <nd ref="4599218850"/>
  <tag k="addr:city" v="Martínez"/>
  <tag k="addr:housenumber" v="13510"/>
  <tag k="addr:postcode" v="B1640"/>
  <tag k="addr:street" v="Avenida del Libertador"/>
  <tag k="building" v="yes"/>
  <tag k="building:levels" v="1"/>
  <tag k="delivery" v="yes"/>
  <tag k="name" v="Johnson Amoblamientos"/>
  <tag k="shop" v="furniture"/>
  <tag k="source" v="Reconocimiento terrestre por Kaart 2016"/>
  <tag k="website" v="https://gaudirjohnson.com.ar/"/>
 </way>
 <way id="464856663" visible="true" version="3" changeset="125592514" timestamp="2022-08-31T02:01:10Z" user="EsLoQueHay" uid="11572928">
  <nd ref="4599218854"/>
  <nd ref="4599218855"/>
  <nd ref="4599218856"/>
  <nd ref="4599218857"/>
  <nd ref="4599218854"/>
  <tag k="addr:city" v="Martínez"/>
  <tag k="addr:postcode" v="B1640"/>
  <tag k="addr:street" v="Avenida del Libertador"/>
  <tag k="building" v="yes"/>
  <tag k="building:levels" v="2"/>
  <tag k="name" v="Cucina Bella"/>
  <tag k="shop" v="kitchen"/>
  <tag k="source" v="Reconocimiento terrestre por Kaart 2016"/>
 </way>
 <way id="465214949" visible="true" version="4" changeset="125592514" timestamp="2022-08-31T02:01:10Z" user="EsLoQueHay" uid="11572928">
  <nd ref="4602114112"/>
  <nd ref="4602114116"/>
  <nd ref="4602114117"/>
  <nd ref="4602114113"/>
  <nd ref="4602114114"/>
  <nd ref="4602114115"/>
  <nd ref="4602114112"/>
  <tag k="addr:city" v="Martínez"/>
  <tag k="addr:postcode" v="B1640"/>
  <tag k="addr:street" v="Avenida del Libertador"/>
  <tag k="brand" v="Porsche"/>
  <tag k="brand:wikidata" v="Q40993"/>
  <tag k="brand:wikipedia" v="en:Porsche"/>
  <tag k="building" v="yes"/>
  <tag k="building:levels" v="2"/>
  <tag k="name" v="Porsche"/>
  <tag k="shop" v="car"/>
  <tag k="source" v="Reconocimiento terrestre por Kaart 2016"/>
 </way>
 <way id="465214950" visible="true" version="3" changeset="125592514" timestamp="2022-08-31T02:01:10Z" user="EsLoQueHay" uid="11572928">
  <nd ref="4602114118"/>
  <nd ref="4602114119"/>
  <nd ref="4602114120"/>
  <nd ref="4602114121"/>
  <nd ref="4602114118"/>
  <tag k="addr:city" v="Martínez"/>
  <tag k="addr:postcode" v="B1640"/>
  <tag k="addr:street" v="Avenida del Libertador"/>
  <tag k="building" v="yes"/>
  <tag k="building:levels" v="4"/>
  <tag k="source" v="Reconocimiento terrestre por Kaart 2016"/>
 </way>
 <way id="465214951" visible="true" version="3" changeset="125592514" timestamp="2022-08-31T02:01:10Z" user="EsLoQueHay" uid="11572928">
  <nd ref="4602114122"/>
  <nd ref="4602114123"/>
  <nd ref="4602114124"/>
  <nd ref="4602114125"/>
  <nd ref="4602114122"/>
  <tag k="addr:city" v="Martínez"/>
  <tag k="addr:postcode" v="B1640"/>
  <tag k="addr:street" v="Juan José Paso"/>
  <tag k="building" v="yes"/>
  <tag k="building:levels" v="2"/>
  <tag k="source" v="Reconocimiento terrestre por Kaart 2016"/>
 </way>
 <way id="513154553" visible="true" version="3" changeset="150545996" timestamp="2024-04-26T15:52:56Z" user="g0nz" uid="9536659">
  <nd ref="4363678196"/>
  <nd ref="5016887974"/>
  <nd ref="5016887975"/>
  <nd ref="5016887976"/>
  <nd ref="5016887977"/>
  <nd ref="5016887978"/>
  <nd ref="5016887979"/>
  <nd ref="5016887980"/>
  <nd ref="5016887981"/>
  <nd ref="5016887982"/>
  <nd ref="5016887983"/>
  <nd ref="5016887984"/>
  <nd ref="5016887985"/>
  <nd ref="5016887986"/>
  <nd ref="5016887987"/>
  <nd ref="5016887988"/>
  <nd ref="4580710407"/>
  <nd ref="4580710395"/>
  <nd ref="4580710396"/>
  <nd ref="4580710397"/>
  <nd ref="4580710398"/>
  <nd ref="4363678196"/>
  <tag k="landuse" v="commercial"/>
  <tag k="name" v="Namasté Amanjena"/>
  <tag k="source" v="yes"/>
 </way>
 <way id="513154556" visible="true" version="2" changeset="150545996" timestamp="2024-04-26T15:52:56Z" user="g0nz" uid="9536659">
  <nd ref="4337970065"/>
  <nd ref="4337970064"/>
  <nd ref="1628512263"/>
  <nd ref="1628512266"/>
  <nd ref="1628512269"/>
  <nd ref="428635682"/>
  <nd ref="1628512276"/>
  <nd ref="428635683"/>
  <nd ref="1628512301"/>
  <nd ref="1628512306"/>
  <nd ref="94341320"/>
  <nd ref="1628512315"/>
  <nd ref="1628512348"/>
  <nd ref="1628512350"/>
  <nd ref="1628512367"/>
  <nd ref="428635680"/>
  <nd ref="428635681"/>
  <nd ref="428635679"/>
  <nd ref="1628512402"/>
  <nd ref="1628512414"/>
  <nd ref="1628512418"/>
  <nd ref="5016887980"/>
  <nd ref="5016887981"/>
  <nd ref="5016887982"/>
  <nd ref="5016887983"/>
  <nd ref="5016887984"/>
  <nd ref="5016887985"/>
  <nd ref="5016887986"/>
  <nd ref="5016887987"/>
  <nd ref="5016887988"/>
  <nd ref="4580710407"/>
  <nd ref="4580710395"/>
  <nd ref="4580710396"/>
  <nd ref="4580710397"/>
  <nd ref="4580710398"/>
  <nd ref="4363678218"/>
  <nd ref="4363678216"/>
  <nd ref="4337970065"/>
  <tag k="landuse" v="recreation_ground"/>
  <tag k="name" v="Puerto Libre"/>
 </way>
 <way id="513154558" visible="true" version="1" changeset="50869369" timestamp="2017-08-05T19:22:54Z" user="juanperez79" uid="6218510">
  <nd ref="3250055841"/>
  <nd ref="3250055850"/>
  <nd ref="3250055849"/>
  <nd ref="3250055846"/>
  <nd ref="3250055840"/>
  <nd ref="3250055841"/>
  <tag k="leisure" v="park"/>
 </way>
 <way id="513319720" visible="true" version="2" changeset="125592514" timestamp="2022-08-31T02:01:10Z" user="EsLoQueHay" uid="11572928">
  <nd ref="5018096456"/>
  <nd ref="5018096457"/>
  <nd ref="5018096458"/>
  <nd ref="5018096459"/>
  <nd ref="5018096460"/>
  <nd ref="5018096461"/>
  <nd ref="5018096462"/>
  <nd ref="5018096463"/>
  <nd ref="5018096464"/>
  <nd ref="5018096465"/>
  <nd ref="5018096466"/>
  <nd ref="5018096467"/>
  <nd ref="5018096468"/>
  <nd ref="5018096469"/>
  <nd ref="5018096470"/>
  <nd ref="5018096471"/>
  <nd ref="5018096456"/>
  <tag k="addr:city" v="Martínez"/>
  <tag k="addr:postcode" v="B1640"/>
  <tag k="building" v="yes"/>
  <tag k="shop" v="massage"/>
 </way>
 <way id="513332525" visible="true" version="1" changeset="50887282" timestamp="2017-08-06T14:57:38Z" user="juanperez79" uid="6218510">
  <nd ref="4337970051"/>
  <nd ref="5018197012"/>
  <nd ref="5018197013"/>
  <nd ref="4581535081"/>
  <nd ref="5018197014"/>
  <nd ref="5018197015"/>
  <nd ref="5018197016"/>
  <nd ref="5018197017"/>
  <nd ref="5018197018"/>
  <nd ref="5018197019"/>
  <nd ref="5018197020"/>
  <nd ref="5018197821"/>
  <nd ref="5018197822"/>
  <nd ref="5018197823"/>
  <nd ref="5018197824"/>
  <nd ref="5018197825"/>
  <nd ref="5018197826"/>
  <nd ref="5018197827"/>
  <nd ref="5018197828"/>
  <nd ref="1628511853"/>
  <nd ref="1628511850"/>
  <nd ref="1628511836"/>
  <nd ref="1628511832"/>
  <nd ref="1628511845"/>
  <nd ref="1628511842"/>
  <nd ref="1628511848"/>
  <nd ref="94291992"/>
  <nd ref="1628511867"/>
  <nd ref="1628511872"/>
  <nd ref="1628511879"/>
  <nd ref="1628511890"/>
  <nd ref="1628511896"/>
  <nd ref="1628511900"/>
  <nd ref="1628511919"/>
  <nd ref="1628511927"/>
  <nd ref="94303167"/>
  <nd ref="4337970050"/>
  <nd ref="4337970051"/>
  <tag k="landuse" v="commercial"/>
  <tag k="name" v="Águila Club"/>
 </way>
 <way id="517114925" visible="true" version="4" changeset="158791223" timestamp="2024-11-05T19:00:02Z" user="JConormaps" uid="21599775">
  <nd ref="5047067557"/>
  <nd ref="5047067558"/>
  <nd ref="5047067559"/>
  <nd ref="3177996779"/>
  <nd ref="12315876243"/>
  <nd ref="2189091103"/>
  <nd ref="2189091092"/>
  <nd ref="5047067557"/>
  <tag k="landuse" v="residential"/>
  <tag k="name" v="Alvear al Río"/>
  <tag k="residential" v="gated"/>
 </way>
 <way id="517115494" visible="true" version="3" changeset="146342612" timestamp="2024-01-17T00:00:09Z" user="AgusQui" uid="331218">
  <nd ref="5047075088"/>
  <nd ref="5047075089"/>
  <nd ref="11523762349"/>
  <nd ref="1459101725"/>
  <nd ref="3177996791"/>
  <nd ref="5047075088"/>
  <tag k="landuse" v="residential"/>
  <tag k="name" v="Residencia Noble Herrera"/>
  <tag k="residential" v="gated"/>
 </way>
 <way id="521940595" visible="true" version="1" changeset="51794934" timestamp="2017-09-06T22:45:47Z" user="juanperez79" uid="6218510">
  <nd ref="2189043963"/>
  <nd ref="2189091095"/>
  <tag k="highway" v="path"/>
 </way>
 <way id="521940596" visible="true" version="1" changeset="51794934" timestamp="2017-09-06T22:45:47Z" user="juanperez79" uid="6218510">
  <nd ref="5084792772"/>
  <nd ref="5084792773"/>
  <nd ref="5084792774"/>
  <nd ref="5084792775"/>
  <nd ref="2189043963"/>
  <nd ref="5084792772"/>
  <tag k="leisure" v="park"/>
  <tag k="name" v="Paseo del Águila"/>
 </way>
 <way id="606162529" visible="true" version="3" changeset="158790052" timestamp="2024-11-05T18:19:05Z" user="JConormaps" uid="21599775">
  <nd ref="1953750769"/>
  <nd ref="1953750725"/>
  <nd ref="5747918988"/>
  <nd ref="1953750797"/>
  <nd ref="1953750753"/>
  <nd ref="5747919005"/>
  <nd ref="1953750785"/>
  <nd ref="1953750795"/>
  <nd ref="1953750793"/>
  <nd ref="1953750733"/>
  <nd ref="1953750712"/>
  <nd ref="1953750798"/>
  <nd ref="1953750728"/>
  <nd ref="3177996787"/>
  <nd ref="12315837924"/>
  <nd ref="1953750796"/>
  <nd ref="1953750749"/>
  <nd ref="7928338634"/>
  <nd ref="5747919000"/>
  <nd ref="5747919001"/>
  <nd ref="5747918991"/>
  <nd ref="5747918997"/>
  <nd ref="12315837923"/>
  <nd ref="5747918992"/>
  <nd ref="5747918995"/>
  <tag k="bicycle" v="yes"/>
  <tag k="highway" v="footway"/>
  <tag k="segregated" v="no"/>
  <tag k="surface" v="concrete"/>
 </way>
 <way id="606162531" visible="true" version="1" changeset="60519703" timestamp="2018-07-08T22:19:27Z" user="nurdafur" uid="3172019">
  <nd ref="3250056567"/>
  <nd ref="5747918998"/>
  <nd ref="5747918988"/>
  <tag k="bicycle" v="yes"/>
  <tag k="highway" v="path"/>
  <tag k="surface" v="asphalt"/>
 </way>
 <way id="606162533" visible="true" version="1" changeset="60519703" timestamp="2018-07-08T22:19:27Z" user="nurdafur" uid="3172019">
  <nd ref="1953750749"/>
  <nd ref="5747919004"/>
  <nd ref="5747918989"/>
  <tag k="bicycle" v="yes"/>
  <tag k="highway" v="footway"/>
  <tag k="segregated" v="no"/>
  <tag k="surface" v="concrete"/>
 </way>
 <way id="672916768" visible="true" version="2" changeset="126000661" timestamp="2022-09-10T02:20:00Z" user="AgusQui" uid="331218">
  <nd ref="6301571048"/>
  <nd ref="6301571049"/>
  <nd ref="6301571050"/>
  <nd ref="10012523946"/>
  <nd ref="10012523945"/>
  <nd ref="6301571051"/>
  <nd ref="6301571052"/>
  <nd ref="10012523947"/>
  <nd ref="6301571053"/>
  <nd ref="6301571054"/>
  <nd ref="6301571055"/>
  <nd ref="6301571056"/>
  <nd ref="6301571057"/>
  <nd ref="6301571058"/>
  <nd ref="6301571059"/>
  <nd ref="6301571060"/>
  <nd ref="6301571061"/>
  <nd ref="6301571062"/>
  <nd ref="6301571063"/>
  <nd ref="5047067547"/>
  <nd ref="5047067551"/>
  <nd ref="6301571064"/>
  <nd ref="6301571065"/>
  <nd ref="6301571066"/>
  <nd ref="6301571067"/>
  <nd ref="6301571068"/>
  <nd ref="4977591052"/>
  <nd ref="4977591053"/>
  <nd ref="4977591054"/>
  <nd ref="4977591055"/>
  <nd ref="4977591056"/>
  <nd ref="4977591058"/>
  <nd ref="6301571069"/>
  <nd ref="6301571070"/>
  <nd ref="6301571071"/>
  <nd ref="6301571072"/>
  <nd ref="6301571073"/>
  <nd ref="6301571048"/>
  <tag k="landuse" v="residential"/>
 </way>
 <way id="674169067" visible="true" version="1" changeset="67728248" timestamp="2019-03-03T04:41:47Z" user="Barta" uid="185325">
  <nd ref="6313602042"/>
  <nd ref="6313602043"/>
  <nd ref="6313602044"/>
  <nd ref="6313602045"/>
  <nd ref="6313602046"/>
  <nd ref="6313602047"/>
  <nd ref="6313602078"/>
  <nd ref="6313602048"/>
  <nd ref="6313602049"/>
  <nd ref="6313602050"/>
  <nd ref="5047075091"/>
  <nd ref="6313602051"/>
  <nd ref="6313602052"/>
  <nd ref="6313602053"/>
  <nd ref="6313602054"/>
  <nd ref="4337970220"/>
  <nd ref="4337970194"/>
  <nd ref="6313602055"/>
  <nd ref="6313602056"/>
  <nd ref="6313602057"/>
  <nd ref="6313602058"/>
  <nd ref="6313602042"/>
  <tag k="landuse" v="residential"/>
 </way>
 <way id="674169068" visible="true" version="2" changeset="150274303" timestamp="2024-04-20T17:43:09Z" user="AgusQui" uid="331218">
  <nd ref="6313602059"/>
  <nd ref="6313602060"/>
  <nd ref="6313602061"/>
  <nd ref="6313602062"/>
  <nd ref="6313602063"/>
  <nd ref="6313602072"/>
  <nd ref="6313602064"/>
  <nd ref="6313602065"/>
  <nd ref="6313602066"/>
  <nd ref="6313602059"/>
  <tag k="landuse" v="residential"/>
 </way>
 <way id="675281520" visible="true" version="1" changeset="67898483" timestamp="2019-03-07T20:02:54Z" user="Barta" uid="185325">
  <nd ref="4337895465"/>
  <nd ref="6324013989"/>
  <nd ref="6324013990"/>
  <nd ref="6324013991"/>
  <nd ref="6324013992"/>
  <nd ref="6324013993"/>
  <nd ref="6324013994"/>
  <nd ref="6324013995"/>
  <nd ref="6324013996"/>
  <nd ref="6324013997"/>
  <nd ref="6324013998"/>
  <nd ref="6324013999"/>
  <nd ref="6324014000"/>
  <nd ref="6324014001"/>
  <nd ref="6324014002"/>
  <nd ref="6324014003"/>
  <nd ref="4337895460"/>
  <nd ref="4337895465"/>
  <tag k="landuse" v="residential"/>
 </way>
 <way id="682693237" visible="true" version="2" changeset="125626188" timestamp="2022-08-31T19:27:30Z" user="EsLoQueHay" uid="11572928">
  <nd ref="4337970049"/>
  <nd ref="5018197018"/>
  <nd ref="5018197019"/>
  <nd ref="1628547441"/>
  <nd ref="4337970049"/>
  <tag k="addr:city" v="Acassuso"/>
  <tag k="addr:postcode" v="B1641"/>
  <tag k="leisure" v="park"/>
  <tag k="name" v="Parque Aguila Chico"/>
 </way>
 <way id="731231420" visible="true" version="1" changeset="75258268" timestamp="2019-10-04T03:18:06Z" user="Degorap" uid="10244496">
  <nd ref="6849090274"/>
  <nd ref="6849090273"/>
  <tag k="natural" v="tree_row"/>
 </way>
 <way id="731231421" visible="true" version="1" changeset="75258268" timestamp="2019-10-04T03:18:06Z" user="Degorap" uid="10244496">
  <nd ref="6849090278"/>
  <nd ref="6849090277"/>
  <tag k="natural" v="tree_row"/>
 </way>
 <way id="731231422" visible="true" version="1" changeset="75258268" timestamp="2019-10-04T03:18:06Z" user="Degorap" uid="10244496">
  <nd ref="6849090280"/>
  <nd ref="6849090279"/>
  <tag k="natural" v="tree_row"/>
 </way>
 <way id="731231423" visible="true" version="1" changeset="75258268" timestamp="2019-10-04T03:18:06Z" user="Degorap" uid="10244496">
  <nd ref="6849090282"/>
  <nd ref="6849090281"/>
  <tag k="natural" v="tree_row"/>
 </way>
 <way id="731233151" visible="true" version="1" changeset="75258669" timestamp="2019-10-04T03:41:06Z" user="Degorap" uid="10244496">
  <nd ref="6849074757"/>
  <nd ref="6849074756"/>
  <tag k="natural" v="tree_row"/>
 </way>
 <way id="731233152" visible="true" version="1" changeset="75258669" timestamp="2019-10-04T03:41:06Z" user="Degorap" uid="10244496">
  <nd ref="6849074779"/>
  <nd ref="6849074778"/>
  <nd ref="6849074777"/>
  <nd ref="6849074776"/>
  <nd ref="6849074775"/>
  <nd ref="6849074774"/>
  <tag k="natural" v="tree_row"/>
 </way>
 <way id="731233153" visible="true" version="1" changeset="75258669" timestamp="2019-10-04T03:41:06Z" user="Degorap" uid="10244496">
  <nd ref="6849074784"/>
  <nd ref="6849074783"/>
  <tag k="natural" v="tree_row"/>
 </way>
 <way id="731233154" visible="true" version="1" changeset="75258669" timestamp="2019-10-04T03:41:06Z" user="Degorap" uid="10244496">
  <nd ref="6849120386"/>
  <nd ref="6849120385"/>
  <tag k="natural" v="tree_row"/>
 </way>
 <way id="731233155" visible="true" version="1" changeset="75258669" timestamp="2019-10-04T03:41:06Z" user="Degorap" uid="10244496">
  <nd ref="6849120394"/>
  <nd ref="6849120393"/>
  <nd ref="6849120392"/>
  <nd ref="6849120391"/>
  <nd ref="6849120390"/>
  <nd ref="6849120389"/>
  <nd ref="6849120388"/>
  <nd ref="6849120387"/>
  <tag k="natural" v="tree_row"/>
 </way>
 <way id="731233156" visible="true" version="2" changeset="166429529" timestamp="2025-05-18T12:46:30Z" user="veryclueless_" uid="22912092">
  <nd ref="6849120398"/>
  <nd ref="6849120397"/>
  <nd ref="6849120396"/>
  <nd ref="6849120395"/>
  <tag k="leaf_type" v="broadleaved"/>
  <tag k="natural" v="tree_row"/>
 </way>
 <way id="731233157" visible="true" version="1" changeset="75258669" timestamp="2019-10-04T03:41:06Z" user="Degorap" uid="10244496">
  <nd ref="6849120401"/>
  <nd ref="6849120400"/>
  <nd ref="6849120399"/>
  <tag k="natural" v="tree_row"/>
 </way>
 <way id="731233158" visible="true" version="1" changeset="75258669" timestamp="2019-10-04T03:41:06Z" user="Degorap" uid="10244496">
  <nd ref="6849120406"/>
  <nd ref="6849120405"/>
  <nd ref="6849120404"/>
  <nd ref="6849120403"/>
  <nd ref="6849120402"/>
  <tag k="natural" v="tree_row"/>
 </way>
 <way id="731233159" visible="true" version="1" changeset="75258669" timestamp="2019-10-04T03:41:06Z" user="Degorap" uid="10244496">
  <nd ref="6849120417"/>
  <nd ref="6849120416"/>
  <nd ref="6849120415"/>
  <nd ref="6849120414"/>
  <nd ref="6849120413"/>
  <nd ref="6849120412"/>
  <nd ref="6849120411"/>
  <nd ref="6849120410"/>
  <nd ref="6849120409"/>
  <nd ref="6849120408"/>
  <nd ref="6849120407"/>
  <tag k="natural" v="tree_row"/>
 </way>
 <way id="731233160" visible="true" version="1" changeset="75258669" timestamp="2019-10-04T03:41:06Z" user="Degorap" uid="10244496">
  <nd ref="6849120421"/>
  <nd ref="6849120420"/>
  <nd ref="6849120419"/>
  <nd ref="6849120418"/>
  <tag k="natural" v="tree_row"/>
 </way>
 <way id="731233161" visible="true" version="1" changeset="75258669" timestamp="2019-10-04T03:41:06Z" user="Degorap" uid="10244496">
  <nd ref="6849120423"/>
  <nd ref="6849120422"/>
  <tag k="natural" v="tree_row"/>
 </way>
 <way id="731233162" visible="true" version="1" changeset="75258669" timestamp="2019-10-04T03:41:06Z" user="Degorap" uid="10244496">
  <nd ref="6849120427"/>
  <nd ref="6849120426"/>
  <nd ref="6849120425"/>
  <nd ref="6849120424"/>
  <tag k="natural" v="tree_row"/>
 </way>
 <way id="731233163" visible="true" version="1" changeset="75258669" timestamp="2019-10-04T03:41:06Z" user="Degorap" uid="10244496">
  <nd ref="6849120429"/>
  <nd ref="6849120428"/>
  <tag k="natural" v="tree_row"/>
 </way>
 <way id="731233164" visible="true" version="1" changeset="75258669" timestamp="2019-10-04T03:41:06Z" user="Degorap" uid="10244496">
  <nd ref="6849120431"/>
  <nd ref="6849120430"/>
  <tag k="natural" v="tree_row"/>
 </way>
 <way id="731233165" visible="true" version="1" changeset="75258669" timestamp="2019-10-04T03:41:06Z" user="Degorap" uid="10244496">
  <nd ref="6849120433"/>
  <nd ref="6849120432"/>
  <tag k="natural" v="tree_row"/>
 </way>
 <way id="731233166" visible="true" version="1" changeset="75258669" timestamp="2019-10-04T03:41:06Z" user="Degorap" uid="10244496">
  <nd ref="6849120435"/>
  <nd ref="6849120434"/>
  <tag k="natural" v="tree_row"/>
 </way>
 <way id="731233167" visible="true" version="1" changeset="75258669" timestamp="2019-10-04T03:41:06Z" user="Degorap" uid="10244496">
  <nd ref="6849120437"/>
  <nd ref="6849120436"/>
  <tag k="natural" v="tree_row"/>
 </way>
 <way id="731233168" visible="true" version="1" changeset="75258669" timestamp="2019-10-04T03:41:06Z" user="Degorap" uid="10244496">
  <nd ref="6849120439"/>
  <nd ref="6849120438"/>
  <tag k="natural" v="tree_row"/>
 </way>
 <way id="731233169" visible="true" version="1" changeset="75258669" timestamp="2019-10-04T03:41:06Z" user="Degorap" uid="10244496">
  <nd ref="6849120441"/>
  <nd ref="6849120440"/>
  <tag k="natural" v="tree_row"/>
 </way>
 <way id="731233170" visible="true" version="1" changeset="75258669" timestamp="2019-10-04T03:41:06Z" user="Degorap" uid="10244496">
  <nd ref="6849120452"/>
  <nd ref="6849120451"/>
  <nd ref="6849120450"/>
  <nd ref="6849120449"/>
  <nd ref="6849120448"/>
  <nd ref="6849120447"/>
  <nd ref="6849120446"/>
  <nd ref="6849120445"/>
  <nd ref="6849120444"/>
  <nd ref="6849120443"/>
  <nd ref="6849120442"/>
  <tag k="natural" v="tree_row"/>
 </way>
 <way id="731233171" visible="true" version="1" changeset="75258669" timestamp="2019-10-04T03:41:06Z" user="Degorap" uid="10244496">
  <nd ref="6849120461"/>
  <nd ref="6849120460"/>
  <nd ref="6849120459"/>
  <nd ref="6849120458"/>
  <nd ref="6849120457"/>
  <nd ref="6849120456"/>
  <nd ref="6849120455"/>
  <nd ref="6849120454"/>
  <nd ref="6849120453"/>
  <tag k="natural" v="tree_row"/>
 </way>
 <way id="731233172" visible="true" version="1" changeset="75258669" timestamp="2019-10-04T03:41:06Z" user="Degorap" uid="10244496">
  <nd ref="6849120468"/>
  <nd ref="6849120467"/>
  <tag k="natural" v="tree_row"/>
 </way>
 <way id="731233173" visible="true" version="1" changeset="75258669" timestamp="2019-10-04T03:41:06Z" user="Degorap" uid="10244496">
  <nd ref="6849120470"/>
  <nd ref="6849120469"/>
  <tag k="natural" v="tree_row"/>
 </way>
 <way id="731233174" visible="true" version="1" changeset="75258669" timestamp="2019-10-04T03:41:06Z" user="Degorap" uid="10244496">
  <nd ref="6849120474"/>
  <nd ref="6849120473"/>
  <tag k="natural" v="tree_row"/>
 </way>
 <way id="731233175" visible="true" version="1" changeset="75258669" timestamp="2019-10-04T03:41:06Z" user="Degorap" uid="10244496">
  <nd ref="6849120492"/>
  <nd ref="6849120491"/>
  <nd ref="6849120490"/>
  <nd ref="6849120489"/>
  <nd ref="6849120488"/>
  <nd ref="6849120487"/>
  <nd ref="6849120486"/>
  <nd ref="6849120485"/>
  <nd ref="6849120484"/>
  <tag k="natural" v="tree_row"/>
 </way>
 <way id="731233176" visible="true" version="1" changeset="75258669" timestamp="2019-10-04T03:41:06Z" user="Degorap" uid="10244496">
  <nd ref="6849120500"/>
  <nd ref="6849120499"/>
  <tag k="natural" v="tree_row"/>
 </way>
 <way id="731233177" visible="true" version="1" changeset="75258669" timestamp="2019-10-04T03:41:06Z" user="Degorap" uid="10244496">
  <nd ref="6849120513"/>
  <nd ref="6849120512"/>
  <nd ref="6849120511"/>
  <nd ref="6849120510"/>
  <nd ref="6849120509"/>
  <nd ref="6849120508"/>
  <nd ref="6849120507"/>
  <nd ref="6849120506"/>
  <nd ref="6849120505"/>
  <nd ref="6849120504"/>
  <nd ref="6849120503"/>
  <nd ref="6849120502"/>
  <nd ref="6849120501"/>
  <tag k="natural" v="tree_row"/>
 </way>
 <way id="731233178" visible="true" version="1" changeset="75258669" timestamp="2019-10-04T03:41:06Z" user="Degorap" uid="10244496">
  <nd ref="6849120515"/>
  <nd ref="6849120514"/>
  <tag k="natural" v="tree_row"/>
 </way>
 <way id="731233179" visible="true" version="1" changeset="75258669" timestamp="2019-10-04T03:41:06Z" user="Degorap" uid="10244496">
  <nd ref="6849120522"/>
  <nd ref="6849120521"/>
  <nd ref="6849120520"/>
  <nd ref="6849120519"/>
  <nd ref="6849120518"/>
  <nd ref="6849120517"/>
  <tag k="natural" v="tree_row"/>
 </way>
 <way id="731233180" visible="true" version="1" changeset="75258669" timestamp="2019-10-04T03:41:06Z" user="Degorap" uid="10244496">
  <nd ref="6849120533"/>
  <nd ref="6849120532"/>
  <nd ref="6849120531"/>
  <nd ref="6849120530"/>
  <nd ref="6849120529"/>
  <nd ref="6849120528"/>
  <nd ref="6849120527"/>
  <nd ref="6849120526"/>
  <nd ref="6849120525"/>
  <nd ref="6849120524"/>
  <nd ref="6849120523"/>
  <tag k="natural" v="tree_row"/>
 </way>
 <way id="731233181" visible="true" version="1" changeset="75258669" timestamp="2019-10-04T03:41:06Z" user="Degorap" uid="10244496">
  <nd ref="6849120548"/>
  <nd ref="6849120547"/>
  <nd ref="6849120546"/>
  <nd ref="6849120545"/>
  <nd ref="6849120544"/>
  <nd ref="6849120543"/>
  <nd ref="6849120542"/>
  <nd ref="6849120541"/>
  <nd ref="6849120540"/>
  <nd ref="6849120539"/>
  <nd ref="6849120538"/>
  <nd ref="6849120537"/>
  <nd ref="6849120536"/>
  <nd ref="6849120535"/>
  <nd ref="6849120534"/>
  <tag k="natural" v="tree_row"/>
 </way>
 <way id="731233182" visible="true" version="1" changeset="75258669" timestamp="2019-10-04T03:41:06Z" user="Degorap" uid="10244496">
  <nd ref="6849120550"/>
  <nd ref="6849120549"/>
  <tag k="natural" v="tree_row"/>
 </way>
 <way id="731233183" visible="true" version="1" changeset="75258669" timestamp="2019-10-04T03:41:06Z" user="Degorap" uid="10244496">
  <nd ref="6849120552"/>
  <nd ref="6849120551"/>
  <tag k="natural" v="tree_row"/>
 </way>
 <way id="849795731" visible="true" version="1" changeset="91233228" timestamp="2020-09-21T13:37:47Z" user="Fedejru" uid="3367777">
  <nd ref="7928338636"/>
  <nd ref="7928338631"/>
  <nd ref="7928338632"/>
  <nd ref="428635677"/>
  <nd ref="7928338633"/>
  <nd ref="247764969"/>
  <nd ref="5016887973"/>
  <nd ref="5016887972"/>
  <nd ref="3177996786"/>
  <nd ref="1432924960"/>
  <nd ref="1432925023"/>
  <nd ref="7928338636"/>
  <tag k="natural" v="beach"/>
 </way>
 <way id="873203981" visible="true" version="1" changeset="94303637" timestamp="2020-11-17T19:36:00Z" user="CapAhab" uid="6172866">
  <nd ref="3177996782"/>
  <nd ref="8131820480"/>
  <nd ref="8131820479"/>
  <tag k="highway" v="footway"/>
 </way>
 <way id="954695945" visible="true" version="2" changeset="144989023" timestamp="2023-12-11T08:07:44Z" user="DraaRiver" uid="17979775">
  <nd ref="4329521676"/>
  <nd ref="421872321"/>
  <nd ref="11409210483"/>
  <nd ref="421872322"/>
  <tag k="highway" v="residential"/>
  <tag k="maxspeed" v="40"/>
  <tag k="name" v="Sarmiento"/>
  <tag k="oneway" v="yes"/>
  <tag k="surface" v="concrete"/>
 </way>
 <way id="957696405" visible="true" version="7" changeset="161878725" timestamp="2025-01-29T01:00:29Z" user="TaklamakanDesert" uid="15994195">
  <nd ref="3456721645"/>
  <nd ref="12525744712"/>
  <nd ref="12540570972"/>
  <nd ref="1459104622"/>
  <nd ref="12540570973"/>
  <nd ref="5992927671"/>
  <nd ref="10005468018"/>
  <nd ref="12315837931"/>
  <nd ref="29603473"/>
  <tag k="highway" v="primary"/>
  <tag k="lanes" v="4"/>
  <tag k="maxspeed" v="60"/>
  <tag k="name" v="Avenida del Libertador"/>
  <tag k="old_ref" v="RN195"/>
  <tag k="oneway" v="no"/>
  <tag k="ref" v="RP27"/>
  <tag k="surface" v="asphalt"/>
 </way>
 <way id="970114396" visible="true" version="5" changeset="161662068" timestamp="2025-01-23T06:51:36Z" user="TaklamakanDesert" uid="15994195">
  <nd ref="595715757"/>
  <nd ref="12525744714"/>
  <nd ref="1459198678"/>
  <tag k="highway" v="primary"/>
  <tag k="lanes" v="4"/>
  <tag k="maxspeed" v="60"/>
  <tag k="name" v="Avenida del Libertador"/>
  <tag k="old_ref" v="RN195"/>
  <tag k="oneway" v="no"/>
  <tag k="ref" v="RP27"/>
  <tag k="surface" v="asphalt"/>
 </way>
 <way id="970114429" visible="true" version="5" changeset="161662068" timestamp="2025-01-23T06:51:36Z" user="TaklamakanDesert" uid="15994195">
  <nd ref="1459198678"/>
  <nd ref="12525744715"/>
  <nd ref="12525744716"/>
  <nd ref="3456721639"/>
  <tag k="highway" v="primary"/>
  <tag k="lanes" v="4"/>
  <tag k="maxspeed" v="60"/>
  <tag k="name" v="Avenida del Libertador"/>
  <tag k="old_ref" v="RN195"/>
  <tag k="oneway" v="no"/>
  <tag k="ref" v="RP27"/>
  <tag k="surface" v="asphalt"/>
 </way>
 <way id="970114781" visible="true" version="4" changeset="161662068" timestamp="2025-01-23T06:51:36Z" user="TaklamakanDesert" uid="15994195">
  <nd ref="3456721639"/>
  <nd ref="12525744717"/>
  <nd ref="5147954426"/>
  <tag k="highway" v="primary"/>
  <tag k="lanes" v="4"/>
  <tag k="maxspeed" v="60"/>
  <tag k="name" v="Avenida del Libertador"/>
  <tag k="old_ref" v="RN195"/>
  <tag k="oneway" v="no"/>
  <tag k="ref" v="RP27"/>
  <tag k="surface" v="asphalt"/>
 </way>
 <way id="970643939" visible="true" version="3" changeset="146342612" timestamp="2024-01-17T00:00:09Z" user="AgusQui" uid="331218">
  <nd ref="1432924953"/>
  <nd ref="9935886014"/>
  <nd ref="5047075090"/>
  <nd ref="5047075089"/>
  <nd ref="29650874"/>
  <nd ref="11523762358"/>
  <nd ref="29650884"/>
  <tag k="highway" v="residential"/>
  <tag k="lanes" v="2"/>
  <tag k="maxspeed" v="40"/>
  <tag k="name" v="Juan Díaz de Solís"/>
  <tag k="oneway" v="no"/>
  <tag k="surface" v="concrete"/>
 </way>
 <way id="1230266451" visible="true" version="3" changeset="187428422" timestamp="2026-08-14T08:32:24Z" user="BaudouinCanal" uid="23639058">
  <nd ref="11409208466"/>
  <nd ref="11409208465"/>
  <nd ref="11409208464"/>
  <tag k="access" v="private"/>
  <tag k="highway" v="service"/>
  <tag k="service" v="parking_aisle"/>
 </way>
 <way id="1230266452" visible="true" version="3" changeset="187428422" timestamp="2026-08-14T08:32:24Z" user="BaudouinCanal" uid="23639058">
  <nd ref="11409210480"/>
  <nd ref="11409210479"/>
  <nd ref="12315872295"/>
  <nd ref="11409210478"/>
  <nd ref="11409210477"/>
  <nd ref="11409210476"/>
  <nd ref="11409208464"/>
  <nd ref="11409210475"/>
  <nd ref="11409210474"/>
  <nd ref="11409210473"/>
  <nd ref="11409210472"/>
  <nd ref="11409210471"/>
  <nd ref="11409210470"/>
  <nd ref="12315872297"/>
  <nd ref="11409210469"/>
  <nd ref="11409208466"/>
  <nd ref="11409208468"/>
  <nd ref="11409208467"/>
  <nd ref="11409210480"/>
  <tag k="access" v="private"/>
  <tag k="highway" v="service"/>
  <tag k="service" v="parking_aisle"/>
 </way>
 <way id="1230266453" visible="true" version="3" changeset="187428422" timestamp="2026-08-14T08:32:24Z" user="BaudouinCanal" uid="23639058">
  <nd ref="11409210479"/>
  <nd ref="11409208465"/>
  <nd ref="11409210481"/>
  <nd ref="11409208463"/>
  <nd ref="11409208462"/>
  <nd ref="11409210471"/>
  <tag k="access" v="private"/>
  <tag k="highway" v="service"/>
  <tag k="service" v="parking_aisle"/>
 </way>
 <way id="1230266454" visible="true" version="3" changeset="161698240" timestamp="2025-01-24T05:41:09Z" user="TaklamakanDesert" uid="15994195">
  <nd ref="11409210488"/>
  <nd ref="12528670437"/>
  <nd ref="12528670438"/>
  <nd ref="12528670435"/>
  <nd ref="12528670436"/>
  <nd ref="12528670439"/>
  <nd ref="11409210486"/>
  <nd ref="12315876233"/>
  <nd ref="11409210485"/>
  <nd ref="12315876232"/>
  <nd ref="11409210484"/>
  <nd ref="11409210483"/>
  <tag k="highway" v="residential"/>
 </way>
 <way id="1230266455" visible="true" version="1" changeset="144989023" timestamp="2023-12-11T08:07:44Z" user="DraaRiver" uid="17979775">
  <nd ref="11409210489"/>
  <nd ref="595715744"/>
  <tag k="access" v="private"/>
  <tag k="highway" v="service"/>
 </way>
 <way id="1230266456" visible="true" version="1" changeset="144989023" timestamp="2023-12-11T08:07:44Z" user="DraaRiver" uid="17979775">
  <nd ref="11409210491"/>
  <nd ref="11409210490"/>
  <tag k="highway" v="service"/>
 </way>
 <way id="1276489433" visible="true" version="1" changeset="150545996" timestamp="2024-04-26T15:52:56Z" user="g0nz" uid="9536659">
  <nd ref="11850786462"/>
  <nd ref="11850786463"/>
  <nd ref="11850786464"/>
  <nd ref="11850786465"/>
  <nd ref="11850786466"/>
  <nd ref="11850786467"/>
  <nd ref="11850786468"/>
  <nd ref="11850786469"/>
  <nd ref="11850786470"/>
  <nd ref="11850786471"/>
  <nd ref="11850786472"/>
  <nd ref="11850786473"/>
  <nd ref="11850786474"/>
  <nd ref="11850786476"/>
  <nd ref="11850786475"/>
  <nd ref="11850786462"/>
  <tag k="building" v="yes"/>
 </way>
 <way id="1276489434" visible="true" version="1" changeset="150545996" timestamp="2024-04-26T15:52:56Z" user="g0nz" uid="9536659">
  <nd ref="11850786476"/>
  <nd ref="11850786477"/>
  <nd ref="11850786480"/>
  <nd ref="11850786478"/>
  <nd ref="11850786481"/>
  <nd ref="11850786479"/>
  <nd ref="11850786469"/>
  <nd ref="11850786470"/>
  <nd ref="11850786471"/>
  <nd ref="11850786472"/>
  <nd ref="11850786473"/>
  <nd ref="11850786474"/>
  <nd ref="11850786476"/>
  <tag k="building" v="yes"/>
 </way>
 <way id="1276489435" visible="true" version="1" changeset="150545996" timestamp="2024-04-26T15:52:56Z" user="g0nz" uid="9536659">
  <nd ref="11850786482"/>
  <nd ref="11850786483"/>
  <nd ref="11850786484"/>
  <nd ref="11850786485"/>
  <nd ref="11850786482"/>
  <tag k="leisure" v="swimming_pool"/>
 </way>
 <way id="1276489436" visible="true" version="2" changeset="182183491" timestamp="2026-05-04T01:33:32Z" user="MountNyamulagira" uid="23866739">
  <nd ref="11850786487"/>
  <nd ref="11850786488"/>
  <nd ref="11850786489"/>
  <nd ref="11850786491"/>
  <nd ref="11850786493"/>
  <nd ref="11850786495"/>
  <nd ref="11850786490"/>
  <tag k="access" v="private"/>
  <tag k="highway" v="service"/>
  <tag k="service" v="parking_aisle"/>
 </way>
 <way id="1276489437" visible="true" version="2" changeset="182183491" timestamp="2026-05-04T01:33:32Z" user="MountNyamulagira" uid="23866739">
  <nd ref="11850786489"/>
  <nd ref="11850786492"/>
  <tag k="access" v="private"/>
  <tag k="highway" v="service"/>
  <tag k="service" v="parking_aisle"/>
 </way>
 <way id="1276489438" visible="true" version="2" changeset="182183491" timestamp="2026-05-04T01:33:32Z" user="MountNyamulagira" uid="23866739">
  <nd ref="11850786493"/>
  <nd ref="11850786494"/>
  <tag k="access" v="private"/>
  <tag k="highway" v="service"/>
  <tag k="service" v="parking_aisle"/>
 </way>
 <way id="1276489439" visible="true" version="2" changeset="182183491" timestamp="2026-05-04T01:33:32Z" user="MountNyamulagira" uid="23866739">
  <nd ref="11850786495"/>
  <nd ref="11850786496"/>
  <tag k="access" v="private"/>
  <tag k="highway" v="service"/>
  <tag k="service" v="parking_aisle"/>
 </way>
 <way id="1276489440" visible="true" version="2" changeset="158790295" timestamp="2024-11-05T18:27:31Z" user="JConormaps" uid="21599775">
  <nd ref="11850786497"/>
  <nd ref="12315872289"/>
  <nd ref="11850786498"/>
  <nd ref="11850786499"/>
  <nd ref="11850786500"/>
  <nd ref="11850786501"/>
  <nd ref="11850786502"/>
  <nd ref="11850786503"/>
  <nd ref="11850786504"/>
  <nd ref="11850786505"/>
  <nd ref="11850786510"/>
  <nd ref="11850786506"/>
  <nd ref="11850786507"/>
  <nd ref="11850786508"/>
  <nd ref="12315872288"/>
  <nd ref="11850786509"/>
  <tag k="highway" v="service"/>
  <tag k="service" v="parking_aisle"/>
 </way>
 <way id="1276489441" visible="true" version="1" changeset="150545996" timestamp="2024-04-26T15:52:56Z" user="g0nz" uid="9536659">
  <nd ref="11850786510"/>
  <nd ref="11850786517"/>
  <nd ref="11850786519"/>
  <nd ref="11850786511"/>
  <nd ref="11850786512"/>
  <nd ref="11850786513"/>
  <nd ref="11850786514"/>
  <nd ref="11850786515"/>
  <nd ref="11850786516"/>
  <nd ref="11850786520"/>
  <nd ref="11850786518"/>
  <nd ref="11850786508"/>
  <tag k="highway" v="service"/>
  <tag k="service" v="parking_aisle"/>
 </way>
 <way id="1276489442" visible="true" version="1" changeset="150545996" timestamp="2024-04-26T15:52:56Z" user="g0nz" uid="9536659">
  <nd ref="11850786517"/>
  <nd ref="11850786518"/>
  <tag k="highway" v="service"/>
  <tag k="service" v="parking_aisle"/>
 </way>
 <way id="1276489443" visible="true" version="1" changeset="150545996" timestamp="2024-04-26T15:52:56Z" user="g0nz" uid="9536659">
  <nd ref="11850786519"/>
  <nd ref="11850786520"/>
  <tag k="highway" v="service"/>
  <tag k="service" v="parking_aisle"/>
 </way>
 <way id="1276489444" visible="true" version="4" changeset="161699668" timestamp="2025-01-24T06:59:12Z" user="TaklamakanDesert" uid="15994195">
  <nd ref="1628547509"/>
  <nd ref="12315872287"/>
  <nd ref="12315876245"/>
  <nd ref="12315876244"/>
  <nd ref="11850786521"/>
  <nd ref="11850786522"/>
  <nd ref="11850786523"/>
  <nd ref="11850786525"/>
  <nd ref="11850786526"/>
  <nd ref="12528742720"/>
  <nd ref="12528742719"/>
  <nd ref="12528742715"/>
  <nd ref="12528742718"/>
  <nd ref="12528742717"/>
  <nd ref="12528742716"/>
  <tag k="highway" v="service"/>
  <tag k="service" v="parking_aisle"/>
 </way>
 <way id="1276489445" visible="true" version="3" changeset="161699668" timestamp="2025-01-24T06:59:12Z" user="TaklamakanDesert" uid="15994195">
  <nd ref="11850786522"/>
  <nd ref="12528742716"/>
  <nd ref="12315876246"/>
  <nd ref="11850786527"/>
  <tag k="highway" v="service"/>
  <tag k="service" v="parking_aisle"/>
 </way>
 <way id="1276489447" visible="true" version="1" changeset="150545996" timestamp="2024-04-26T15:52:56Z" user="g0nz" uid="9536659">
  <nd ref="11850786538"/>
  <nd ref="11850786539"/>
  <nd ref="11850786540"/>
  <nd ref="11850786541"/>
  <nd ref="11850786538"/>
  <tag k="landuse" v="orchard"/>
 </way>
 <way id="1276489448" visible="true" version="2" changeset="158191500" timestamp="2024-10-22T00:49:02Z" user="csimeona22" uid="15166882">
  <nd ref="12277569056"/>
  <nd ref="11850786542"/>
  <nd ref="3250055842"/>
  <tag k="highway" v="footway"/>
 </way>
 <way id="1276489449" visible="true" version="1" changeset="150545996" timestamp="2024-04-26T15:52:56Z" user="g0nz" uid="9536659">
  <nd ref="11850786544"/>
  <nd ref="11850786545"/>
  <nd ref="11850786546"/>
  <nd ref="11850786547"/>
  <nd ref="11850786548"/>
  <nd ref="11850786549"/>
  <nd ref="11850786550"/>
  <nd ref="11850786551"/>
  <nd ref="11850786552"/>
  <nd ref="11850786553"/>
  <nd ref="11850786554"/>
  <nd ref="11850786555"/>
  <nd ref="11850786556"/>
  <nd ref="11850786557"/>
  <nd ref="11850786558"/>
  <nd ref="11850786559"/>
  <nd ref="11850786560"/>
  <nd ref="11850786544"/>
  <tag k="amenity" v="events_venue"/>
  <tag k="building" v="yes"/>
  <tag k="name" v="Espacio PK"/>
 </way>
 <way id="1276489450" visible="true" version="5" changeset="187428422" timestamp="2026-08-14T08:32:24Z" user="BaudouinCanal" uid="23639058">
  <nd ref="12315837915"/>
  <nd ref="4580710394"/>
  <tag k="highway" v="service"/>
  <tag k="service" v="parking_aisle"/>
 </way>
 <way id="1276489451" visible="true" version="2" changeset="187428422" timestamp="2026-08-14T08:32:24Z" user="BaudouinCanal" uid="23639058">
  <nd ref="11850786582"/>
  <nd ref="11850786583"/>
  <nd ref="11850786584"/>
  <tag k="access" v="private"/>
  <tag k="highway" v="service"/>
  <tag k="service" v="parking_aisle"/>
 </way>
 <way id="1276489452" visible="true" version="2" changeset="187428422" timestamp="2026-08-14T08:32:24Z" user="BaudouinCanal" uid="23639058">
  <nd ref="11850786585"/>
  <nd ref="11850786586"/>
  <nd ref="11850786587"/>
  <nd ref="11850786588"/>
  <nd ref="11850786589"/>
  <tag k="access" v="private"/>
  <tag k="highway" v="service"/>
  <tag k="service" v="parking_aisle"/>
 </way>
 <way id="1276489453" visible="true" version="3" changeset="187428422" timestamp="2026-08-14T08:32:24Z" user="BaudouinCanal" uid="23639058">
  <nd ref="12525661225"/>
  <nd ref="12525661224"/>
  <nd ref="12525661222"/>
  <nd ref="12525661223"/>
  <nd ref="11850786590"/>
  <nd ref="11850786591"/>
  <tag k="access" v="private"/>
  <tag k="highway" v="service"/>
  <tag k="service" v="parking_aisle"/>
 </way>
 <way id="1276489454" visible="true" version="1" changeset="150545996" timestamp="2024-04-26T15:52:56Z" user="g0nz" uid="9536659">
  <nd ref="11850786592"/>
  <nd ref="11850786593"/>
  <nd ref="11850786594"/>
  <nd ref="11850786595"/>
  <nd ref="11850786592"/>
  <tag k="building" v="yes"/>
 </way>
 <way id="1325728694" visible="true" version="5" changeset="172671050" timestamp="2025-09-30T17:18:09Z" user="muralito" uid="755114">
  <nd ref="94296335"/>
  <nd ref="13184488131"/>
  <nd ref="13184488132"/>
  <nd ref="13184488133"/>
  <nd ref="13184488134"/>
  <nd ref="13184488135"/>
  <nd ref="13184488136"/>
  <nd ref="13184488137"/>
  <nd ref="13184488138"/>
  <nd ref="13184488139"/>
  <nd ref="13171914609"/>
  <nd ref="13049415202"/>
  <nd ref="7773231253"/>
  <nd ref="7773209361"/>
  <nd ref="7773231237"/>
  <nd ref="13049412641"/>
  <nd ref="7773231292"/>
  <nd ref="7773231242"/>
  <nd ref="7773231239"/>
  <nd ref="13184518171"/>
  <nd ref="13184518170"/>
  <nd ref="13184518169"/>
  <nd ref="13184518168"/>
  <nd ref="2128029328"/>
  <tag k="natural" v="coastline"/>
  <tag k="note" v="Temporarily adding coastline to allow world updates. Will revert afterward."/>
 </way>
 <way id="1327129075" visible="true" version="2" changeset="158790295" timestamp="2024-11-05T18:27:31Z" user="JConormaps" uid="21599775">
  <nd ref="12277569063"/>
  <nd ref="12277569055"/>
  <tag k="highway" v="footway"/>
 </way>
 <way id="1327129076" visible="true" version="1" changeset="158191500" timestamp="2024-10-22T00:49:02Z" user="csimeona22" uid="15166882">
  <nd ref="12277569057"/>
  <nd ref="12277569059"/>
  <tag k="highway" v="footway"/>
 </way>
 <way id="1327129077" visible="true" version="2" changeset="158790295" timestamp="2024-11-05T18:27:31Z" user="JConormaps" uid="21599775">
  <nd ref="12277569066"/>
  <nd ref="4580710392"/>
  <nd ref="12277569065"/>
  <nd ref="12277569063"/>
  <nd ref="12315872291"/>
  <nd ref="12277569062"/>
  <nd ref="12315872292"/>
  <nd ref="12277569061"/>
  <nd ref="12277569056"/>
  <nd ref="12315872290"/>
  <nd ref="12277569060"/>
  <nd ref="12277569059"/>
  <nd ref="4580710391"/>
  <nd ref="12277569058"/>
  <tag k="highway" v="service"/>
  <tag k="service" v="parking_aisle"/>
  <tag k="surface" v="paving_stones"/>
 </way>
 <way id="1331096648" visible="true" version="2" changeset="158790295" timestamp="2024-11-05T18:27:31Z" user="JConormaps" uid="21599775">
  <nd ref="29651196"/>
  <nd ref="12315837920"/>
  <nd ref="4580715563"/>
  <nd ref="12315837921"/>
  <nd ref="1628547604"/>
  <nd ref="4580710399"/>
  <nd ref="11850786561"/>
  <nd ref="29650892"/>
  <nd ref="12315837918"/>
  <nd ref="12315837917"/>
  <nd ref="12315837916"/>
  <nd ref="4580710394"/>
  <nd ref="29650897"/>
  <nd ref="11409210482"/>
  <nd ref="12315872294"/>
  <nd ref="12277569066"/>
  <nd ref="12277569058"/>
  <nd ref="29650902"/>
  <tag k="highway" v="tertiary"/>
  <tag k="lanes" v="2"/>
  <tag k="maxspeed" v="40"/>
  <tag k="name" v="Sebastián Elcano"/>
  <tag k="oneway" v="no"/>
  <tag k="surface" v="concrete"/>
 </way>
 <way id="1331096649" visible="true" version="1" changeset="158790052" timestamp="2024-11-05T18:19:05Z" user="JConormaps" uid="21599775">
  <nd ref="5747919001"/>
  <nd ref="12315837927"/>
  <tag k="bicycle" v="yes"/>
  <tag k="highway" v="footway"/>
  <tag k="segregated" v="no"/>
  <tag k="surface" v="concrete"/>
 </way>
 <way id="1331096650" visible="true" version="1" changeset="158790052" timestamp="2024-11-05T18:19:05Z" user="JConormaps" uid="21599775">
  <nd ref="12315837929"/>
  <nd ref="12315837928"/>
  <nd ref="12315837927"/>
  <tag k="highway" v="service"/>
  <tag k="service" v="parking_aisle"/>
  <tag k="surface" v="gravel"/>
 </way>
 <way id="1331098302" visible="true" version="2" changeset="187428422" timestamp="2026-08-14T08:32:24Z" user="BaudouinCanal" uid="23639058">
  <nd ref="11409210479"/>
  <nd ref="12315872293"/>
  <tag k="access" v="private"/>
  <tag k="highway" v="service"/>
  <tag k="oneway" v="yes"/>
 </way>
 <way id="1331098303" visible="true" version="2" changeset="187428422" timestamp="2026-08-14T08:32:24Z" user="BaudouinCanal" uid="23639058">
  <nd ref="12315872296"/>
  <nd ref="12315872295"/>
  <tag k="access" v="private"/>
  <tag k="highway" v="service"/>
  <tag k="oneway" v="yes"/>
 </way>
 <way id="1331104422" visible="true" version="1" changeset="158791223" timestamp="2024-11-05T19:00:02Z" user="JConormaps" uid="21599775">
  <nd ref="12315876239"/>
  <nd ref="12315876235"/>
  <nd ref="12315876236"/>
  <tag k="access" v="private"/>
  <tag k="highway" v="service"/>
  <tag k="service" v="driveway"/>
 </way>
 <way id="1331104423" visible="true" version="2" changeset="161697251" timestamp="2025-01-24T04:38:18Z" user="TaklamakanDesert" uid="15994195">
  <nd ref="12315876241"/>
  <nd ref="12315876240"/>
  <nd ref="12315876239"/>
  <nd ref="12315876238"/>
  <nd ref="12528594727"/>
  <nd ref="12315876237"/>
  <tag k="access" v="private"/>
  <tag k="highway" v="service"/>
  <tag k="service" v="driveway"/>
 </way>
 <way id="1353588035" visible="true" version="2" changeset="187428422" timestamp="2026-08-14T08:32:24Z" user="BaudouinCanal" uid="23639058">
  <nd ref="12525661226"/>
  <nd ref="14093922562"/>
  <nd ref="11409210476"/>
  <tag k="access" v="private"/>
  <tag k="highway" v="service"/>
  <tag k="service" v="parking_aisle"/>
 </way>
 <way id="1353593619" visible="true" version="1" changeset="161661028" timestamp="2025-01-23T06:02:27Z" user="LakePoyang" uid="18237328">
  <nd ref="12525715277"/>
  <nd ref="12525715276"/>
  <nd ref="12525715275"/>
  <nd ref="12525715274"/>
  <nd ref="12525715273"/>
  <nd ref="12525715272"/>
  <nd ref="12525715271"/>
  <nd ref="12525715270"/>
  <tag k="highway" v="service"/>
 </way>
 <way id="1353863654" visible="true" version="1" changeset="161697251" timestamp="2025-01-24T04:38:18Z" user="TaklamakanDesert" uid="15994195">
  <nd ref="595715739"/>
  <nd ref="12528594728"/>
  <tag k="highway" v="residential"/>
 </way>
 <way id="1353863656" visible="true" version="1" changeset="161697251" timestamp="2025-01-24T04:38:18Z" user="TaklamakanDesert" uid="15994195">
  <nd ref="12528594740"/>
  <nd ref="12528594739"/>
  <nd ref="12528594738"/>
  <nd ref="12528594730"/>
  <nd ref="12528594737"/>
  <nd ref="12528594736"/>
  <nd ref="12528594732"/>
  <nd ref="12528594731"/>
  <tag k="highway" v="service"/>
 </way>
 <way id="1353880915" visible="true" version="1" changeset="161699668" timestamp="2025-01-24T06:59:12Z" user="TaklamakanDesert" uid="15994195">
  <nd ref="11850786523"/>
  <nd ref="12528742715"/>
  <tag k="highway" v="service"/>
  <tag k="service" v="parking_aisle"/>
 </way>
 <way id="1361160188" visible="true" version="1" changeset="162702497" timestamp="2025-02-19T13:59:38Z" user="g0nz" uid="9536659">
  <nd ref="3250055827"/>
  <nd ref="12600764524"/>
  <nd ref="12600764525"/>
  <nd ref="12600764526"/>
  <nd ref="12600764527"/>
  <nd ref="12600764528"/>
  <nd ref="12600764529"/>
  <nd ref="12600764530"/>
  <nd ref="12600764531"/>
  <tag k="highway" v="footway"/>
 </way>
 <way id="1361160189" visible="true" version="1" changeset="162702497" timestamp="2025-02-19T13:59:38Z" user="g0nz" uid="9536659">
  <nd ref="12600764534"/>
  <nd ref="12600764535"/>
  <nd ref="12600764536"/>
  <nd ref="12600764537"/>
  <nd ref="12600764538"/>
  <nd ref="12600764539"/>
  <nd ref="12600764540"/>
  <nd ref="12600764541"/>
  <nd ref="12600764542"/>
  <nd ref="12600764534"/>
  <tag k="landuse" v="construction"/>
 </way>
 <way id="1361160190" visible="true" version="1" changeset="162702497" timestamp="2025-02-19T13:59:38Z" user="g0nz" uid="9536659">
  <nd ref="3250055835"/>
  <nd ref="3250055831"/>
  <nd ref="1628547574"/>
  <nd ref="1628547544"/>
  <nd ref="1628547539"/>
  <nd ref="1628547538"/>
  <nd ref="1628547535"/>
  <nd ref="1628547536"/>
  <nd ref="1628547534"/>
  <nd ref="1628547533"/>
  <nd ref="1628547531"/>
  <nd ref="4519649724"/>
  <nd ref="1628547522"/>
  <nd ref="1628547520"/>
  <nd ref="1628547526"/>
  <nd ref="1628547523"/>
  <nd ref="1628547527"/>
  <nd ref="1628547521"/>
  <nd ref="4519649746"/>
  <nd ref="4519649745"/>
  <nd ref="12600764543"/>
  <nd ref="12600764544"/>
  <nd ref="3250055835"/>
  <tag k="landuse" v="commercial"/>
 </way>
 <way id="1503454897" visible="true" version="2" changeset="181887343" timestamp="2026-04-27T11:55:38Z" user="AlejandroAlba" uid="6499071">
  <nd ref="13759558110"/>
  <nd ref="13759558109"/>
  <nd ref="13759558108"/>
  <nd ref="13759558107"/>
  <nd ref="13759558106"/>
  <nd ref="13759558105"/>
  <nd ref="13759558104"/>
  <nd ref="13759558103"/>
  <nd ref="13759558102"/>
  <nd ref="13759558101"/>
  <nd ref="13759520500"/>
  <nd ref="13759520499"/>
  <nd ref="13759520498"/>
  <nd ref="13759520497"/>
  <nd ref="13759520496"/>
  <nd ref="13759520495"/>
  <nd ref="13759520494"/>
  <nd ref="13759520493"/>
  <nd ref="13759520492"/>
  <nd ref="13759520491"/>
  <nd ref="13759520490"/>
  <nd ref="13759520489"/>
  <nd ref="13759520488"/>
  <nd ref="13759520487"/>
  <nd ref="13759520486"/>
  <nd ref="13766581288"/>
  <nd ref="13766581287"/>
  <nd ref="13766581286"/>
  <nd ref="13766581285"/>
  <nd ref="13766581284"/>
  <nd ref="13766581283"/>
  <nd ref="13766581282"/>
  <nd ref="13766581281"/>
  <nd ref="13766581280"/>
  <nd ref="13766581279"/>
  <nd ref="13766581278"/>
  <nd ref="13766581277"/>
  <nd ref="13766581276"/>
  <nd ref="13766581275"/>
  <nd ref="13766581274"/>
  <nd ref="13766581273"/>
  <nd ref="13766581272"/>
  <nd ref="13766581271"/>
  <nd ref="13766581270"/>
  <nd ref="13766581269"/>
  <nd ref="13766581268"/>
  <nd ref="13766581267"/>
  <nd ref="13766581266"/>
  <nd ref="13766581265"/>
  <nd ref="13766581264"/>
  <tag k="intermittent" v="yes"/>
  <tag k="layer" v="-1"/>
  <tag k="tunnel" v="culvert"/>
  <tag k="waterway" v="drain"/>
 </way>
 <way id="1504433008" visible="true" version="2" changeset="181887521" timestamp="2026-04-27T12:00:03Z" user="AlejandroAlba" uid="6499071">
  <nd ref="13766564024"/>
  <nd ref="2561133556"/>
  <nd ref="247764962"/>
  <nd ref="247764966"/>
  <nd ref="247764960"/>
  <nd ref="2501263948"/>
  <tag k="electrified" v="contact_line"/>
  <tag k="frequency" v="0"/>
  <tag k="gauge" v="1435"/>
  <tag k="maxspeed" v="70"/>
  <tag k="name" v="Tren de la Costa"/>
  <tag k="network" v="Mitre"/>
  <tag k="official_name" v="Ramal Mitre II - Delta"/>
  <tag k="old_gauge" v="1676"/>
  <tag k="operator" v="Ferrocarriles Argentinos S.A. (FASA)"/>
  <tag k="passenger_lines" v="2"/>
  <tag k="railway" v="light_rail"/>
  <tag k="railway:preferred_direction" v="forward"/>
  <tag k="ref" v="GM-16"/>
  <tag k="usage" v="main"/>
  <tag k="voltage" v="1500"/>
 </way>
 <way id="1504433009" visible="true" version="1" changeset="181887343" timestamp="2026-04-27T11:55:38Z" user="AlejandroAlba" uid="6499071">
  <nd ref="13766581253"/>
  <nd ref="13766581254"/>
  <tag k="bridge" v="yes"/>
  <tag k="electrified" v="contact_line"/>
  <tag k="frequency" v="0"/>
  <tag k="gauge" v="1435"/>
  <tag k="layer" v="1"/>
  <tag k="maxspeed" v="70"/>
  <tag k="name" v="Tren de la Costa"/>
  <tag k="network" v="Mitre"/>
  <tag k="official_name" v="Ramal Mitre II - Delta"/>
  <tag k="old_gauge" v="1676"/>
  <tag k="operator" v="Ferrocarriles Argentinos S.A. (FASA)"/>
  <tag k="passenger_lines" v="2"/>
  <tag k="railway" v="light_rail"/>
  <tag k="railway:preferred_direction" v="forward"/>
  <tag k="ref" v="GM-16"/>
  <tag k="usage" v="main"/>
  <tag k="voltage" v="1500"/>
 </way>
 <way id="1504433010" visible="true" version="1" changeset="181887343" timestamp="2026-04-27T11:55:38Z" user="AlejandroAlba" uid="6499071">
  <nd ref="13766581256"/>
  <nd ref="13766581255"/>
  <tag k="bridge" v="yes"/>
  <tag k="electrified" v="contact_line"/>
  <tag k="frequency" v="0"/>
  <tag k="gauge" v="1435"/>
  <tag k="layer" v="1"/>
  <tag k="maxspeed" v="70"/>
  <tag k="name" v="Tren de la Costa"/>
  <tag k="network" v="Mitre"/>
  <tag k="official_name" v="Ramal Mitre II - Delta"/>
  <tag k="old_gauge" v="1676"/>
  <tag k="operator" v="Ferrocarriles Argentinos S.A. (FASA)"/>
  <tag k="passenger_lines" v="2"/>
  <tag k="railway" v="light_rail"/>
  <tag k="railway:preferred_direction" v="forward"/>
  <tag k="ref" v="GM-16"/>
  <tag k="usage" v="main"/>
  <tag k="voltage" v="1500"/>
 </way>
 <way id="1504433011" visible="true" version="2" changeset="181887521" timestamp="2026-04-27T12:00:03Z" user="AlejandroAlba" uid="6499071">
  <nd ref="108260637"/>
  <nd ref="2561121685"/>
  <nd ref="247764961"/>
  <nd ref="247764963"/>
  <nd ref="247764964"/>
  <nd ref="13766564025"/>
  <tag k="electrified" v="contact_line"/>
  <tag k="frequency" v="0"/>
  <tag k="gauge" v="1435"/>
  <tag k="maxspeed" v="70"/>
  <tag k="name" v="Tren de la Costa"/>
  <tag k="network" v="Mitre"/>
  <tag k="official_name" v="Ramal Mitre II - Delta"/>
  <tag k="old_gauge" v="1676"/>
  <tag k="operator" v="Ferrocarriles Argentinos S.A. (FASA)"/>
  <tag k="passenger_lines" v="2"/>
  <tag k="railway" v="light_rail"/>
  <tag k="railway:preferred_direction" v="forward"/>
  <tag k="ref" v="GM-16"/>
  <tag k="usage" v="main"/>
  <tag k="voltage" v="1500"/>
 </way>
 <way id="1504433012" visible="true" version="1" changeset="181887343" timestamp="2026-04-27T11:55:38Z" user="AlejandroAlba" uid="6499071">
  <nd ref="13766581257"/>
  <nd ref="13766581258"/>
  <tag k="bridge" v="yes"/>
  <tag k="highway" v="cycleway"/>
  <tag k="layer" v="1"/>
 </way>
 <way id="1504433013" visible="true" version="1" changeset="181887343" timestamp="2026-04-27T11:55:38Z" user="AlejandroAlba" uid="6499071">
  <nd ref="2189091112"/>
  <nd ref="2189091122"/>
  <nd ref="2189091124"/>
  <nd ref="3177996784"/>
  <nd ref="3177996783"/>
  <nd ref="2189091091"/>
  <nd ref="11523762356"/>
  <nd ref="3177996781"/>
  <nd ref="11523762353"/>
  <nd ref="11523762354"/>
  <nd ref="11523762355"/>
  <nd ref="2189091125"/>
  <nd ref="13766581257"/>
  <tag k="highway" v="cycleway"/>
 </way>
 <way id="1504433014" visible="true" version="1" changeset="181887343" timestamp="2026-04-27T11:55:38Z" user="AlejandroAlba" uid="6499071">
  <nd ref="13766581259"/>
  <nd ref="13766581263"/>
  <tag k="intermittent" v="yes"/>
  <tag k="layer" v="-1"/>
  <tag k="tunnel" v="culvert"/>
  <tag k="waterway" v="drain"/>
 </way>
 <way id="1504433015" visible="true" version="1" changeset="181887343" timestamp="2026-04-27T11:55:38Z" user="AlejandroAlba" uid="6499071">
  <nd ref="13766581264"/>
  <nd ref="13766581259"/>
  <tag k="intermittent" v="yes"/>
  <tag k="layer" v="-1"/>
  <tag k="waterway" v="drain"/>
 </way>
 <way id="1504433016" visible="true" version="1" changeset="181887343" timestamp="2026-04-27T11:55:38Z" user="AlejandroAlba" uid="6499071">
  <nd ref="13766581263"/>
  <nd ref="13766581262"/>
  <nd ref="13766581261"/>
  <nd ref="13766581260"/>
  <tag k="intermittent" v="yes"/>
  <tag k="layer" v="-1"/>
  <tag k="waterway" v="drain"/>
 </way>
 <way id="1504434090" visible="true" version="1" changeset="181887521" timestamp="2026-04-27T12:00:03Z" user="AlejandroAlba" uid="6499071">
  <nd ref="13766564021"/>
  <nd ref="13766564020"/>
  <tag k="intermittent" v="yes"/>
  <tag k="layer" v="-1"/>
  <tag k="tunnel" v="culvert"/>
  <tag k="waterway" v="drain"/>
 </way>
 <way id="1504434091" visible="true" version="2" changeset="187428422" timestamp="2026-08-14T08:32:24Z" user="BaudouinCanal" uid="23639058">
  <nd ref="13766564020"/>
  <nd ref="13766564019"/>
  <nd ref="14093922562"/>
  <nd ref="13766564018"/>
  <nd ref="1628512240"/>
  <tag k="intermittent" v="yes"/>
  <tag k="waterway" v="drain"/>
 </way>
 <way id="1504434092" visible="true" version="1" changeset="181887521" timestamp="2026-04-27T12:00:03Z" user="AlejandroAlba" uid="6499071">
  <nd ref="13766564022"/>
  <nd ref="13766564021"/>
  <tag k="intermittent" v="yes"/>
  <tag k="waterway" v="drain"/>
 </way>
 <way id="1504434093" visible="true" version="1" changeset="181887521" timestamp="2026-04-27T12:00:03Z" user="AlejandroAlba" uid="6499071">
  <nd ref="13766564026"/>
  <nd ref="13766581256"/>
  <tag k="electrified" v="contact_line"/>
  <tag k="frequency" v="0"/>
  <tag k="gauge" v="1435"/>
  <tag k="maxspeed" v="70"/>
  <tag k="name" v="Tren de la Costa"/>
  <tag k="network" v="Mitre"/>
  <tag k="official_name" v="Ramal Mitre II - Delta"/>
  <tag k="old_gauge" v="1676"/>
  <tag k="operator" v="Ferrocarriles Argentinos S.A. (FASA)"/>
  <tag k="passenger_lines" v="2"/>
  <tag k="railway" v="light_rail"/>
  <tag k="railway:preferred_direction" v="forward"/>
  <tag k="ref" v="GM-16"/>
  <tag k="usage" v="main"/>
  <tag k="voltage" v="1500"/>
 </way>
 <way id="1504434094" visible="true" version="1" changeset="181887521" timestamp="2026-04-27T12:00:03Z" user="AlejandroAlba" uid="6499071">
  <nd ref="13766564025"/>
  <nd ref="13766564026"/>
  <tag k="bridge" v="yes"/>
  <tag k="electrified" v="contact_line"/>
  <tag k="frequency" v="0"/>
  <tag k="gauge" v="1435"/>
  <tag k="layer" v="1"/>
  <tag k="maxspeed" v="70"/>
  <tag k="name" v="Tren de la Costa"/>
  <tag k="network" v="Mitre"/>
  <tag k="official_name" v="Ramal Mitre II - Delta"/>
  <tag k="old_gauge" v="1676"/>
  <tag k="operator" v="Ferrocarriles Argentinos S.A. (FASA)"/>
  <tag k="passenger_lines" v="2"/>
  <tag k="railway" v="light_rail"/>
  <tag k="railway:preferred_direction" v="forward"/>
  <tag k="ref" v="GM-16"/>
  <tag k="usage" v="main"/>
  <tag k="voltage" v="1500"/>
 </way>
 <way id="1504434095" visible="true" version="1" changeset="181887521" timestamp="2026-04-27T12:00:03Z" user="AlejandroAlba" uid="6499071">
  <nd ref="13766564023"/>
  <nd ref="13766564024"/>
  <tag k="bridge" v="yes"/>
  <tag k="electrified" v="contact_line"/>
  <tag k="frequency" v="0"/>
  <tag k="gauge" v="1435"/>
  <tag k="layer" v="1"/>
  <tag k="maxspeed" v="70"/>
  <tag k="name" v="Tren de la Costa"/>
  <tag k="network" v="Mitre"/>
  <tag k="official_name" v="Ramal Mitre II - Delta"/>
  <tag k="old_gauge" v="1676"/>
  <tag k="operator" v="Ferrocarriles Argentinos S.A. (FASA)"/>
  <tag k="passenger_lines" v="2"/>
  <tag k="railway" v="light_rail"/>
  <tag k="railway:preferred_direction" v="forward"/>
  <tag k="ref" v="GM-16"/>
  <tag k="usage" v="main"/>
  <tag k="voltage" v="1500"/>
 </way>
 <way id="1504434096" visible="true" version="1" changeset="181887521" timestamp="2026-04-27T12:00:03Z" user="AlejandroAlba" uid="6499071">
  <nd ref="13766581254"/>
  <nd ref="13766564023"/>
  <tag k="electrified" v="contact_line"/>
  <tag k="frequency" v="0"/>
  <tag k="gauge" v="1435"/>
  <tag k="maxspeed" v="70"/>
  <tag k="name" v="Tren de la Costa"/>
  <tag k="network" v="Mitre"/>
  <tag k="official_name" v="Ramal Mitre II - Delta"/>
  <tag k="old_gauge" v="1676"/>
  <tag k="operator" v="Ferrocarriles Argentinos S.A. (FASA)"/>
  <tag k="passenger_lines" v="2"/>
  <tag k="railway" v="light_rail"/>
  <tag k="railway:preferred_direction" v="forward"/>
  <tag k="ref" v="GM-16"/>
  <tag k="usage" v="main"/>
  <tag k="voltage" v="1500"/>
 </way>
 <way id="1504461215" visible="true" version="1" changeset="181890442" timestamp="2026-04-27T13:11:56Z" user="AlejandroAlba" uid="6499071">
  <nd ref="13766810442"/>
  <nd ref="13766810441"/>
  <nd ref="13766810440"/>
  <nd ref="13766810439"/>
  <nd ref="13766810438"/>
  <nd ref="13766810437"/>
  <nd ref="13766810436"/>
  <nd ref="13766810435"/>
  <nd ref="13766810434"/>
  <tag k="waterway" v="drain"/>
 </way>
 <way id="1505727928" visible="true" version="1" changeset="181983433" timestamp="2026-04-29T11:29:26Z" user="AlejandroAlba" uid="6499071">
  <nd ref="13774670152"/>
  <nd ref="13774670151"/>
  <tag k="bridge" v="yes"/>
  <tag k="highway" v="footway"/>
  <tag k="layer" v="1"/>
 </way>
 <way id="1505727929" visible="true" version="1" changeset="181983433" timestamp="2026-04-29T11:29:26Z" user="AlejandroAlba" uid="6499071">
  <nd ref="13774670156"/>
  <nd ref="247764968"/>
  <tag k="bridge" v="yes"/>
  <tag k="electrified" v="contact_line"/>
  <tag k="frequency" v="0"/>
  <tag k="gauge" v="1435"/>
  <tag k="layer" v="1"/>
  <tag k="maxspeed" v="70"/>
  <tag k="name" v="Tren de la Costa"/>
  <tag k="network" v="Mitre"/>
  <tag k="official_name" v="Ramal Mitre II - Delta"/>
  <tag k="old_gauge" v="1676"/>
  <tag k="operator" v="Ferrocarriles Argentinos S.A. (FASA)"/>
  <tag k="passenger_lines" v="2"/>
  <tag k="railway" v="light_rail"/>
  <tag k="railway:preferred_direction" v="forward"/>
  <tag k="ref" v="GM-16"/>
  <tag k="usage" v="main"/>
  <tag k="voltage" v="1500"/>
 </way>
 <way id="1505727930" visible="true" version="1" changeset="181983433" timestamp="2026-04-29T11:29:26Z" user="AlejandroAlba" uid="6499071">
  <nd ref="13766581255"/>
  <nd ref="1871042518"/>
  <nd ref="2561133538"/>
  <nd ref="247764967"/>
  <nd ref="13774670156"/>
  <tag k="electrified" v="contact_line"/>
  <tag k="frequency" v="0"/>
  <tag k="gauge" v="1435"/>
  <tag k="maxspeed" v="70"/>
  <tag k="name" v="Tren de la Costa"/>
  <tag k="network" v="Mitre"/>
  <tag k="official_name" v="Ramal Mitre II - Delta"/>
  <tag k="old_gauge" v="1676"/>
  <tag k="operator" v="Ferrocarriles Argentinos S.A. (FASA)"/>
  <tag k="passenger_lines" v="2"/>
  <tag k="railway" v="light_rail"/>
  <tag k="railway:preferred_direction" v="forward"/>
  <tag k="ref" v="GM-16"/>
  <tag k="usage" v="main"/>
  <tag k="voltage" v="1500"/>
 </way>
 <way id="1505727931" visible="true" version="1" changeset="181983433" timestamp="2026-04-29T11:29:26Z" user="AlejandroAlba" uid="6499071">
  <nd ref="13774670155"/>
  <nd ref="247765632"/>
  <nd ref="2561133586"/>
  <nd ref="247764965"/>
  <nd ref="13766581253"/>
  <tag k="electrified" v="contact_line"/>
  <tag k="frequency" v="0"/>
  <tag k="gauge" v="1435"/>
  <tag k="maxspeed" v="70"/>
  <tag k="name" v="Tren de la Costa"/>
  <tag k="network" v="Mitre"/>
  <tag k="official_name" v="Ramal Mitre II - Delta"/>
  <tag k="old_gauge" v="1676"/>
  <tag k="operator" v="Ferrocarriles Argentinos S.A. (FASA)"/>
  <tag k="passenger_lines" v="2"/>
  <tag k="railway" v="light_rail"/>
  <tag k="railway:preferred_direction" v="forward"/>
  <tag k="ref" v="GM-16"/>
  <tag k="usage" v="main"/>
  <tag k="voltage" v="1500"/>
 </way>
 <way id="1505727932" visible="true" version="1" changeset="181983433" timestamp="2026-04-29T11:29:26Z" user="AlejandroAlba" uid="6499071">
  <nd ref="2561121741"/>
  <nd ref="13774670155"/>
  <tag k="bridge" v="yes"/>
  <tag k="electrified" v="contact_line"/>
  <tag k="frequency" v="0"/>
  <tag k="gauge" v="1435"/>
  <tag k="layer" v="1"/>
  <tag k="maxspeed" v="70"/>
  <tag k="name" v="Tren de la Costa"/>
  <tag k="network" v="Mitre"/>
  <tag k="official_name" v="Ramal Mitre II - Delta"/>
  <tag k="old_gauge" v="1676"/>
  <tag k="operator" v="Ferrocarriles Argentinos S.A. (FASA)"/>
  <tag k="passenger_lines" v="2"/>
  <tag k="railway" v="light_rail"/>
  <tag k="railway:preferred_direction" v="forward"/>
  <tag k="ref" v="GM-16"/>
  <tag k="usage" v="main"/>
  <tag k="voltage" v="1500"/>
 </way>
 <way id="1505727933" visible="true" version="1" changeset="181983433" timestamp="2026-04-29T11:29:26Z" user="AlejandroAlba" uid="6499071">
  <nd ref="2189091118"/>
  <nd ref="2189091105"/>
  <tag k="bridge" v="yes"/>
  <tag k="highway" v="cycleway"/>
  <tag k="layer" v="1"/>
 </way>
 <way id="1505727934" visible="true" version="1" changeset="181983433" timestamp="2026-04-29T11:29:26Z" user="AlejandroAlba" uid="6499071">
  <nd ref="13766581258"/>
  <nd ref="2189091103"/>
  <nd ref="2189091092"/>
  <nd ref="5047067557"/>
  <nd ref="12315876242"/>
  <nd ref="2189091120"/>
  <nd ref="2189091118"/>
  <tag k="highway" v="cycleway"/>
 </way>
 <way id="1505731589" visible="true" version="1" changeset="181983601" timestamp="2026-04-29T11:33:13Z" user="AlejandroAlba" uid="6499071">
  <nd ref="2189091105"/>
  <nd ref="2189091113"/>
  <nd ref="2189091115"/>
  <nd ref="5084792773"/>
  <nd ref="2189091095"/>
  <nd ref="5084792774"/>
  <nd ref="13774692655"/>
  <tag k="highway" v="cycleway"/>
 </way>
 <way id="1505731591" visible="true" version="1" changeset="181983601" timestamp="2026-04-29T11:33:13Z" user="AlejandroAlba" uid="6499071">
  <nd ref="247764968"/>
  <nd ref="108267188"/>
  <nd ref="108267189"/>
  <nd ref="108267190"/>
  <nd ref="13774692660"/>
  <tag k="electrified" v="contact_line"/>
  <tag k="frequency" v="0"/>
  <tag k="gauge" v="1435"/>
  <tag k="maxspeed" v="70"/>
  <tag k="name" v="Tren de la Costa"/>
  <tag k="network" v="Mitre"/>
  <tag k="official_name" v="Ramal Mitre II - Delta"/>
  <tag k="old_gauge" v="1676"/>
  <tag k="operator" v="Ferrocarriles Argentinos S.A. (FASA)"/>
  <tag k="passenger_lines" v="2"/>
  <tag k="railway" v="light_rail"/>
  <tag k="railway:preferred_direction" v="forward"/>
  <tag k="ref" v="GM-16"/>
  <tag k="usage" v="main"/>
  <tag k="voltage" v="1500"/>
 </way>
 <way id="1505731592" visible="true" version="1" changeset="181983601" timestamp="2026-04-29T11:33:13Z" user="AlejandroAlba" uid="6499071">
  <nd ref="13774692658"/>
  <nd ref="2561165045"/>
  <nd ref="2561121682"/>
  <nd ref="2561121697"/>
  <nd ref="2561121741"/>
  <tag k="electrified" v="contact_line"/>
  <tag k="frequency" v="0"/>
  <tag k="gauge" v="1435"/>
  <tag k="maxspeed" v="70"/>
  <tag k="name" v="Tren de la Costa"/>
  <tag k="network" v="Mitre"/>
  <tag k="official_name" v="Ramal Mitre II - Delta"/>
  <tag k="old_gauge" v="1676"/>
  <tag k="operator" v="Ferrocarriles Argentinos S.A. (FASA)"/>
  <tag k="passenger_lines" v="2"/>
  <tag k="railway" v="light_rail"/>
  <tag k="railway:preferred_direction" v="forward"/>
  <tag k="ref" v="GM-16"/>
  <tag k="usage" v="main"/>
  <tag k="voltage" v="1500"/>
 </way>
 <way id="1508657174" visible="true" version="1" changeset="182183491" timestamp="2026-05-04T01:33:32Z" user="MountNyamulagira" uid="23866739">
  <nd ref="11850786486"/>
  <nd ref="11850786487"/>
  <tag k="highway" v="service"/>
  <tag k="service" v="parking_aisle"/>
 </way>
 <way id="1549572113" visible="true" version="1" changeset="187428422" timestamp="2026-08-14T08:32:24Z" user="BaudouinCanal" uid="23639058">
  <nd ref="12315872293"/>
  <nd ref="12315872294"/>
  <tag k="highway" v="service"/>
  <tag k="oneway" v="yes"/>
 </way>
 <way id="1549572114" visible="true" version="1" changeset="187428422" timestamp="2026-08-14T08:32:24Z" user="BaudouinCanal" uid="23639058">
  <nd ref="11409210482"/>
  <nd ref="12315872296"/>
  <tag k="highway" v="service"/>
  <tag k="oneway" v="yes"/>
 </way>
 <way id="1549572115" visible="true" version="1" changeset="187428422" timestamp="2026-08-14T08:32:24Z" user="BaudouinCanal" uid="23639058">
  <nd ref="12315837922"/>
  <nd ref="11850786591"/>
  <nd ref="11850786585"/>
  <nd ref="11850786562"/>
  <nd ref="11850786563"/>
  <nd ref="11850786564"/>
  <nd ref="11850786565"/>
  <nd ref="11850786589"/>
  <nd ref="11850786566"/>
  <nd ref="11850786567"/>
  <nd ref="11850786568"/>
  <nd ref="11850786569"/>
  <nd ref="11850786570"/>
  <nd ref="11850786571"/>
  <nd ref="11850786572"/>
  <nd ref="11850786573"/>
  <nd ref="11850786574"/>
  <nd ref="11850786575"/>
  <nd ref="11850786576"/>
  <nd ref="11850786577"/>
  <nd ref="11850786578"/>
  <nd ref="11850786579"/>
  <nd ref="11850786580"/>
  <nd ref="12525661226"/>
  <nd ref="11850786582"/>
  <nd ref="12540570971"/>
  <nd ref="12315837915"/>
  <tag k="access" v="private"/>
  <tag k="highway" v="service"/>
  <tag k="service" v="parking_aisle"/>
 </way>
 <way id="1549572116" visible="true" version="1" changeset="187428422" timestamp="2026-08-14T08:32:24Z" user="BaudouinCanal" uid="23639058">
  <nd ref="29650892"/>
  <nd ref="12525661225"/>
  <tag k="highway" v="service"/>
  <tag k="service" v="parking_aisle"/>
 </way>
 <way id="1549572117" visible="true" version="1" changeset="187428422" timestamp="2026-08-14T08:32:24Z" user="BaudouinCanal" uid="23639058">
  <nd ref="11850786561"/>
  <nd ref="12315837922"/>
  <tag k="highway" v="service"/>
  <tag k="service" v="parking_aisle"/>
 </way>
 <relation id="129404" visible="true" version="45" changeset="181986792" timestamp="2026-04-29T12:40:54Z" user="AlejandroAlba" uid="6499071">
  <member type="node" ref="256023519" role="stop_entry_only"/>
  <member type="way" ref="204492403" role="platform_entry_only"/>
  <member type="node" ref="925962341" role="stop"/>
  <member type="way" ref="526867366" role="platform"/>
  <member type="node" ref="5122945456" role="stop"/>
  <member type="way" ref="526895463" role="platform"/>
  <member type="node" ref="1432924995" role="stop"/>
  <member type="way" ref="208637107" role="platform"/>
  <member type="node" ref="2189091110" role="stop"/>
  <member type="way" ref="208636774" role="platform"/>
  <member type="node" ref="108267209" role="stop"/>
  <member type="way" ref="207202618" role="platform"/>
  <member type="node" ref="108260652" role="stop"/>
  <member type="way" ref="207466604" role="platform"/>
  <member type="node" ref="1432949529" role="stop"/>
  <member type="way" ref="526913912" role="platform"/>
  <member type="node" ref="1432949475" role="stop"/>
  <member type="way" ref="249519059" role="platform"/>
  <member type="node" ref="1432949504" role="stop"/>
  <member type="way" ref="206904256" role="platform"/>
  <member type="node" ref="3651107373" role="stop_exit_only"/>
  <member type="way" ref="1012323498" role="platform_exit_only"/>
  <member type="way" ref="526867369" role=""/>
  <member type="way" ref="22983193" role=""/>
  <member type="way" ref="30554650" role=""/>
  <member type="way" ref="30554653" role=""/>
  <member type="way" ref="30554644" role=""/>
  <member type="way" ref="30554647" role=""/>
  <member type="way" ref="53237880" role=""/>
  <member type="way" ref="53237875" role=""/>
  <member type="way" ref="204492519" role=""/>
  <member type="way" ref="79291726" role=""/>
  <member type="way" ref="204492404" role=""/>
  <member type="way" ref="79291715" role=""/>
  <member type="way" ref="79291730" role=""/>
  <member type="way" ref="1504461212" role=""/>
  <member type="way" ref="1504461211" role=""/>
  <member type="way" ref="368772602" role=""/>
  <member type="way" ref="138999608" role=""/>
  <member type="way" ref="1504433011" role=""/>
  <member type="way" ref="1504434094" role=""/>
  <member type="way" ref="1504434093" role=""/>
  <member type="way" ref="1504433010" role=""/>
  <member type="way" ref="1505727930" role=""/>
  <member type="way" ref="1505727929" role=""/>
  <member type="way" ref="1505731591" role=""/>
  <member type="way" ref="1505731590" role=""/>
  <member type="way" ref="1505732394" role=""/>
  <member type="way" ref="1505732393" role=""/>
  <member type="way" ref="1152272544" role=""/>
  <member type="way" ref="1505735953" role=""/>
  <member type="way" ref="1505735952" role=""/>
  <member type="way" ref="1152272546" role=""/>
  <member type="way" ref="1505789329" role=""/>
  <member type="way" ref="1505789328" role=""/>
  <member type="way" ref="1505789321" role=""/>
  <member type="way" ref="1505789320" role=""/>
  <member type="way" ref="249519151" role=""/>
  <member type="way" ref="1505789312" role=""/>
  <member type="way" ref="1505789311" role=""/>
  <member type="way" ref="1505789310" role=""/>
  <member type="way" ref="1505789304" role=""/>
  <member type="way" ref="1505789303" role=""/>
  <member type="way" ref="1505789309" role=""/>
  <member type="way" ref="249519150" role=""/>
  <member type="way" ref="1505789290" role=""/>
  <member type="way" ref="1505789289" role=""/>
  <member type="way" ref="249519149" role=""/>
  <member type="way" ref="96811166" role=""/>
  <member type="way" ref="96811160" role=""/>
  <member type="way" ref="951810720" role=""/>
  <tag k="colour" v="#37bbed"/>
  <tag k="from" v="Avenida Maipú"/>
  <tag k="interval" v="30"/>
  <tag k="name" v="Tren de la Costa: Avenida Maipú → Delta"/>
  <tag k="network" v="Mitre"/>
  <tag k="opening_hours" v="Mo-Fr 06:50-21:45; Sa,Su,PH 08:00-21:55"/>
  <tag k="operator" v="Trenes Argentinos"/>
  <tag k="public_transport:version" v="2"/>
  <tag k="ref" v="TC"/>
  <tag k="route" v="light_rail"/>
  <tag k="service" v="commuter"/>
  <tag k="to" v="Delta"/>
  <tag k="type" v="route"/>
  <tag k="wheelchair" v="limited"/>
 </relation>
 <relation id="286393" visible="true" version="1203" changeset="189239489" timestamp="2026-09-19T07:09:50Z" user="jptolosa" uid="1975220">
  <member type="way" ref="816840987" role="outer"/>
  <member type="way" ref="816840988" role="outer"/>
  <member type="way" ref="1239776071" role="outer"/>
  <member type="way" ref="1239776072" role="outer"/>
  <member type="way" ref="233777740" role="outer"/>
  <member type="way" ref="234914340" role="outer"/>
  <member type="way" ref="351298755" role="outer"/>
  <member type="way" ref="118631709" role="outer"/>
  <member type="way" ref="118670933" role="outer"/>
  <member type="way" ref="118670931" role="outer"/>
  <member type="way" ref="172346964" role="outer"/>
  <member type="way" ref="380849325" role="outer"/>
  <member type="way" ref="380849324" role="outer"/>
  <member type="way" ref="810282312" role="outer"/>
  <member type="way" ref="837960314" role="outer"/>
  <member type="way" ref="258926620" role="outer"/>
  <member type="way" ref="837942841" role="outer"/>
  <member type="way" ref="1312517495" role="outer"/>
  <member type="way" ref="837942837" role="outer"/>
  <member type="way" ref="837991141" role="outer"/>
  <member type="way" ref="837991137" role="outer"/>
  <member type="way" ref="263121327" role="outer"/>
  <member type="way" ref="1046150981" role="outer"/>
  <member type="way" ref="691675190" role="outer"/>
  <member type="way" ref="691675189" role="outer"/>
  <member type="way" ref="1046150980" role="outer"/>
  <member type="way" ref="1190289193" role="outer"/>
  <member type="way" ref="263284840" role="outer"/>
  <member type="way" ref="1190289192" role="outer"/>
  <member type="way" ref="1312802039" role="outer"/>
  <member type="way" ref="838322864" role="outer"/>
  <member type="way" ref="838322869" role="outer"/>
  <member type="way" ref="443657049" role="outer"/>
  <member type="way" ref="443657045" role="outer"/>
  <member type="way" ref="28579357" role="outer"/>
  <member type="way" ref="276734377" role="outer"/>
  <member type="way" ref="443657053" role="outer"/>
  <member type="way" ref="443657054" role="outer"/>
  <member type="way" ref="443657051" role="outer"/>
  <member type="way" ref="708636243" role="outer"/>
  <member type="way" ref="737360161" role="outer"/>
  <member type="way" ref="737707342" role="outer"/>
  <member type="way" ref="737707356" role="outer"/>
  <member type="way" ref="1169218419" role="outer"/>
  <member type="way" ref="443657046" role="outer"/>
  <member type="way" ref="1169218418" role="outer"/>
  <member type="way" ref="276577459" role="outer"/>
  <member type="way" ref="276457590" role="outer"/>
  <member type="way" ref="443657056" role="outer"/>
  <member type="way" ref="274668480" role="outer"/>
  <member type="way" ref="691535606" role="outer"/>
  <member type="way" ref="164930123" role="outer"/>
  <member type="way" ref="29704029" role="outer"/>
  <member type="way" ref="691535353" role="outer"/>
  <member type="way" ref="442783734" role="outer"/>
  <member type="way" ref="442783727" role="outer"/>
  <member type="way" ref="164929597" role="outer"/>
  <member type="way" ref="691535354" role="outer"/>
  <member type="way" ref="165410273" role="outer"/>
  <member type="way" ref="164946219" role="outer"/>
  <member type="way" ref="165410255" role="outer"/>
  <member type="way" ref="165410236" role="outer"/>
  <member type="way" ref="165495576" role="outer"/>
  <member type="way" ref="262182001" role="outer"/>
  <member type="way" ref="1313069564" role="outer"/>
  <member type="way" ref="1313069559" role="outer"/>
  <member type="way" ref="262313420" role="outer"/>
  <member type="way" ref="825478444" role="outer"/>
  <member type="way" ref="825478446" role="outer"/>
  <member type="way" ref="259456152" role="outer"/>
  <member type="way" ref="262181985" role="outer"/>
  <member type="way" ref="1313069549" role="outer"/>
  <member type="way" ref="259526389" role="outer"/>
  <member type="way" ref="263337754" role="outer"/>
  <member type="way" ref="259520663" role="outer"/>
  <member type="way" ref="442783728" role="outer"/>
  <member type="way" ref="442783732" role="outer"/>
  <member type="way" ref="1313538368" role="outer"/>
  <member type="way" ref="259519375" role="outer"/>
  <member type="way" ref="1313538356" role="outer"/>
  <member type="way" ref="263337768" role="outer"/>
  <member type="way" ref="165194650" role="outer"/>
  <member type="way" ref="1313820314" role="outer"/>
  <member type="way" ref="259639510" role="outer"/>
  <member type="way" ref="1313820300" role="outer"/>
  <member type="way" ref="442783725" role="outer"/>
  <member type="way" ref="259633989" role="outer"/>
  <member type="way" ref="1314438108" role="outer"/>
  <member type="way" ref="263337741" role="outer"/>
  <member type="way" ref="165986701" role="outer"/>
  <member type="way" ref="595205052" role="outer"/>
  <member type="way" ref="1314440823" role="outer"/>
  <member type="way" ref="263337742" role="outer"/>
  <member type="way" ref="1314677265" role="outer"/>
  <member type="way" ref="596471248" role="outer"/>
  <member type="way" ref="596471249" role="outer"/>
  <member type="way" ref="596471250" role="outer"/>
  <member type="way" ref="838602716" role="outer"/>
  <member type="way" ref="1314677258" role="outer"/>
  <member type="way" ref="119008711" role="outer"/>
  <member type="way" ref="838602715" role="outer"/>
  <member type="way" ref="596471253" role="outer"/>
  <member type="way" ref="596471254" role="outer"/>
  <member type="way" ref="69286799" role="outer"/>
  <member type="way" ref="540439350" role="outer"/>
  <member type="way" ref="596471257" role="outer"/>
  <member type="way" ref="208665259" role="outer"/>
  <member type="way" ref="799227844" role="outer"/>
  <member type="way" ref="799227848" role="outer"/>
  <member type="way" ref="799227798" role="outer"/>
  <member type="way" ref="799227797" role="outer"/>
  <member type="way" ref="799227796" role="outer"/>
  <member type="way" ref="799227795" role="outer"/>
  <member type="way" ref="799227842" role="outer"/>
  <member type="way" ref="799227794" role="outer"/>
  <member type="way" ref="799227841" role="outer"/>
  <member type="way" ref="799227793" role="outer"/>
  <member type="way" ref="799227840" role="outer"/>
  <member type="way" ref="799227792" role="outer"/>
  <member type="way" ref="799227838" role="outer"/>
  <member type="way" ref="799227837" role="outer"/>
  <member type="way" ref="799227839" role="outer"/>
  <member type="way" ref="799227836" role="outer"/>
  <member type="way" ref="799227835" role="outer"/>
  <member type="way" ref="799227790" role="outer"/>
  <member type="way" ref="799227789" role="outer"/>
  <member type="way" ref="799227834" role="outer"/>
  <member type="way" ref="799227833" role="outer"/>
  <member type="way" ref="799227788" role="outer"/>
  <member type="way" ref="799227832" role="outer"/>
  <member type="way" ref="799227831" role="outer"/>
  <member type="way" ref="799227830" role="outer"/>
  <member type="way" ref="799227829" role="outer"/>
  <member type="way" ref="799227828" role="outer"/>
  <member type="way" ref="849509084" role="outer"/>
  <member type="way" ref="881073057" role="outer"/>
  <member type="way" ref="881073061" role="outer"/>
  <member type="way" ref="799227847" role="outer"/>
  <member type="way" ref="799227826" role="outer"/>
  <member type="way" ref="799227824" role="outer"/>
  <member type="way" ref="799227825" role="outer"/>
  <member type="way" ref="799227823" role="outer"/>
  <member type="way" ref="848463278" role="outer"/>
  <member type="way" ref="799227822" role="outer"/>
  <member type="way" ref="799227816" role="outer"/>
  <member type="way" ref="799227821" role="outer"/>
  <member type="way" ref="799227820" role="outer"/>
  <member type="way" ref="799227819" role="outer"/>
  <member type="way" ref="799227817" role="outer"/>
  <member type="way" ref="799227815" role="outer"/>
  <member type="way" ref="799227846" role="outer"/>
  <member type="way" ref="821223056" role="outer"/>
  <member type="way" ref="799227813" role="outer"/>
  <member type="way" ref="799227812" role="outer"/>
  <member type="way" ref="799227811" role="outer"/>
  <member type="way" ref="821223057" role="outer"/>
  <member type="way" ref="799227810" role="outer"/>
  <member type="way" ref="799227809" role="outer"/>
  <member type="way" ref="799227807" role="outer"/>
  <member type="way" ref="799227814" role="outer"/>
  <member type="way" ref="799227804" role="outer"/>
  <member type="way" ref="799227803" role="outer"/>
  <member type="way" ref="799227802" role="outer"/>
  <member type="way" ref="799227801" role="outer"/>
  <member type="way" ref="799227800" role="outer"/>
  <member type="way" ref="799227799" role="outer"/>
  <member type="way" ref="799227806" role="outer"/>
  <member type="way" ref="263719421" role="outer"/>
  <member type="way" ref="323333901" role="outer"/>
  <member type="way" ref="35584678" role="outer"/>
  <member type="way" ref="497747008" role="outer"/>
  <member type="way" ref="392719988" role="outer"/>
  <member type="way" ref="381513530" role="outer"/>
  <member type="way" ref="335310072" role="outer"/>
  <member type="way" ref="660350953" role="outer"/>
  <member type="way" ref="213877991" role="outer"/>
  <member type="way" ref="335310073" role="outer"/>
  <member type="way" ref="1323096643" role="outer"/>
  <member type="way" ref="658978606" role="outer"/>
  <member type="way" ref="658978605" role="outer"/>
  <member type="way" ref="381513537" role="outer"/>
  <member type="way" ref="381513534" role="outer"/>
  <member type="way" ref="114910784" role="outer"/>
  <member type="way" ref="41413068" role="outer"/>
  <member type="way" ref="1547824600" role="outer"/>
  <member type="way" ref="1547824601" role="outer"/>
  <member type="way" ref="659790232" role="outer"/>
  <member type="way" ref="659790230" role="outer"/>
  <member type="way" ref="381513511" role="outer"/>
  <member type="way" ref="659790224" role="outer"/>
  <member type="way" ref="659790226" role="outer"/>
  <member type="way" ref="1557508606" role="outer"/>
  <member type="way" ref="1557508607" role="outer"/>
  <member type="way" ref="1557508604" role="outer"/>
  <member type="way" ref="1557508605" role="outer"/>
  <member type="way" ref="41412382" role="outer"/>
  <member type="way" ref="392723690" role="outer"/>
  <member type="way" ref="111843638" role="outer"/>
  <member type="way" ref="856069759" role="outer"/>
  <member type="way" ref="659620252" role="outer"/>
  <member type="way" ref="659620253" role="outer"/>
  <member type="way" ref="659620251" role="outer"/>
  <member type="way" ref="314789122" role="outer"/>
  <member type="way" ref="35766832" role="outer"/>
  <member type="way" ref="267238372" role="outer"/>
  <member type="way" ref="860197984" role="outer"/>
  <member type="way" ref="35567173" role="outer"/>
  <member type="way" ref="695866119" role="outer"/>
  <member type="way" ref="111699563" role="outer"/>
  <member type="way" ref="43309952" role="outer"/>
  <member type="way" ref="40791016" role="outer"/>
  <member type="way" ref="645479247" role="outer"/>
  <member type="way" ref="777006876" role="outer"/>
  <member type="way" ref="645474772" role="outer"/>
  <member type="way" ref="520433812" role="outer"/>
  <member type="way" ref="520433813" role="outer"/>
  <member type="way" ref="494813399" role="outer"/>
  <member type="way" ref="494365310" role="outer"/>
  <member type="way" ref="494365309" role="outer"/>
  <member type="way" ref="1267017886" role="outer"/>
  <member type="way" ref="494365315" role="outer"/>
  <member type="way" ref="494365274" role="outer"/>
  <member type="way" ref="1441747912" role="outer"/>
  <member type="way" ref="1441747909" role="outer"/>
  <member type="way" ref="494365312" role="outer"/>
  <member type="way" ref="494348096" role="outer"/>
  <member type="way" ref="494348089" role="outer"/>
  <member type="way" ref="1441747907" role="outer"/>
  <member type="way" ref="494348085" role="outer"/>
  <member type="way" ref="494505286" role="outer"/>
  <member type="way" ref="1525957374" role="outer"/>
  <member type="way" ref="494505285" role="outer"/>
  <member type="way" ref="1525957378" role="outer"/>
  <member type="way" ref="1525957377" role="outer"/>
  <member type="way" ref="1525957379" role="outer"/>
  <member type="way" ref="1525957386" role="outer"/>
  <member type="way" ref="1525957376" role="outer"/>
  <member type="way" ref="1525957375" role="outer"/>
  <member type="way" ref="494616291" role="outer"/>
  <member type="way" ref="1525957384" role="outer"/>
  <member type="way" ref="1525957385" role="outer"/>
  <member type="way" ref="881695998" role="outer"/>
  <member type="way" ref="1525957383" role="outer"/>
  <member type="way" ref="1525957382" role="outer"/>
  <member type="way" ref="494616254" role="outer"/>
  <member type="way" ref="1525957381" role="outer"/>
  <member type="way" ref="494616200" role="outer"/>
  <member type="way" ref="1525957380" role="outer"/>
  <member type="way" ref="494616339" role="outer"/>
  <member type="way" ref="1537852401" role="outer"/>
  <member type="way" ref="494616223" role="outer"/>
  <member type="way" ref="495124064" role="outer"/>
  <member type="way" ref="1537852393" role="outer"/>
  <member type="way" ref="1537852392" role="outer"/>
  <member type="way" ref="495124065" role="outer"/>
  <member type="way" ref="495124071" role="outer"/>
  <member type="way" ref="495124063" role="outer"/>
  <member type="way" ref="40342803" role="outer"/>
  <member type="way" ref="165347885" role="outer"/>
  <member type="way" ref="443728510" role="outer"/>
  <member type="way" ref="443728772" role="outer"/>
  <member type="way" ref="37221955" role="outer"/>
  <member type="way" ref="496042803" role="outer"/>
  <member type="way" ref="496042797" role="outer"/>
  <member type="way" ref="496042805" role="outer"/>
  <member type="way" ref="496042804" role="outer"/>
  <member type="way" ref="496042801" role="outer"/>
  <member type="way" ref="1540193040" role="outer"/>
  <member type="way" ref="1540193038" role="outer"/>
  <member type="way" ref="1540193039" role="outer"/>
  <member type="way" ref="1540193041" role="outer"/>
  <member type="way" ref="496042802" role="outer"/>
  <member type="way" ref="1540193045" role="outer"/>
  <member type="way" ref="1540193046" role="outer"/>
  <member type="way" ref="1540193044" role="outer"/>
  <member type="way" ref="1540193043" role="outer"/>
  <member type="way" ref="750250979" role="outer"/>
  <member type="way" ref="443728773" role="outer"/>
  <member type="way" ref="1238678924" role="outer"/>
  <member type="way" ref="1540193010" role="outer"/>
  <member type="way" ref="1540193009" role="outer"/>
  <member type="way" ref="225792265" role="outer"/>
  <member type="way" ref="244456553" role="outer"/>
  <member type="way" ref="1238678923" role="outer"/>
  <member type="way" ref="227668240" role="outer"/>
  <member type="way" ref="1538795723" role="outer"/>
  <member type="way" ref="1538795719" role="outer"/>
  <member type="way" ref="1537337166" role="outer"/>
  <member type="way" ref="227335684" role="outer"/>
  <member type="way" ref="1538795730" role="outer"/>
  <member type="way" ref="1538795731" role="outer"/>
  <member type="way" ref="1537337167" role="outer"/>
  <member type="way" ref="1537337168" role="outer"/>
  <member type="way" ref="1537337169" role="outer"/>
  <member type="way" ref="1537337173" role="outer"/>
  <member type="way" ref="1537337172" role="outer"/>
  <member type="way" ref="1537337171" role="outer"/>
  <member type="way" ref="1537337170" role="outer"/>
  <member type="way" ref="226620157" role="outer"/>
  <member type="way" ref="1529904949" role="outer"/>
  <member type="way" ref="1238473871" role="outer"/>
  <member type="way" ref="1529904944" role="outer"/>
  <member type="way" ref="1529904946" role="outer"/>
  <member type="way" ref="1529904945" role="outer"/>
  <member type="way" ref="1537337177" role="outer"/>
  <member type="way" ref="1537337178" role="outer"/>
  <member type="way" ref="1238505496" role="outer"/>
  <member type="way" ref="1537337175" role="outer"/>
  <member type="way" ref="1537337176" role="outer"/>
  <member type="way" ref="1238505495" role="outer"/>
  <member type="way" ref="1238505497" role="outer"/>
  <member type="way" ref="462883341" role="outer"/>
  <member type="way" ref="462883340" role="outer"/>
  <member type="way" ref="39201381" role="outer"/>
  <member type="way" ref="1520989103" role="outer"/>
  <member type="way" ref="1537869268" role="outer"/>
  <member type="way" ref="867803106" role="outer"/>
  <member type="way" ref="1530738320" role="outer"/>
  <member type="way" ref="1530738319" role="outer"/>
  <member type="way" ref="226614083" role="outer"/>
  <member type="way" ref="121752106" role="outer"/>
  <member type="way" ref="867107904" role="outer"/>
  <member type="way" ref="40645305" role="outer"/>
  <member type="way" ref="867803107" role="outer"/>
  <member type="way" ref="1528960626" role="outer"/>
  <member type="way" ref="1528960623" role="outer"/>
  <member type="way" ref="1528960624" role="outer"/>
  <member type="way" ref="1528960627" role="outer"/>
  <member type="way" ref="1528960625" role="outer"/>
  <member type="way" ref="1235954738" role="outer"/>
  <member type="way" ref="1235954737" role="outer"/>
  <member type="way" ref="1235962742" role="outer"/>
  <member type="way" ref="1235962744" role="outer"/>
  <member type="way" ref="1235962743" role="outer"/>
  <member type="way" ref="54614885" role="outer"/>
  <member type="way" ref="1235962745" role="outer"/>
  <member type="way" ref="1235962746" role="outer"/>
  <member type="way" ref="1235962747" role="outer"/>
  <member type="way" ref="1235962748" role="outer"/>
  <member type="way" ref="1527695150" role="outer"/>
  <member type="way" ref="1527695149" role="outer"/>
  <member type="way" ref="1527695151" role="outer"/>
  <member type="way" ref="1527695156" role="outer"/>
  <member type="way" ref="1527695169" role="outer"/>
  <member type="way" ref="1527695170" role="outer"/>
  <member type="way" ref="1527695171" role="outer"/>
  <member type="way" ref="1527695174" role="outer"/>
  <member type="way" ref="1527695173" role="outer"/>
  <member type="way" ref="1527695168" role="outer"/>
  <member type="way" ref="1527695167" role="outer"/>
  <member type="way" ref="1527695152" role="outer"/>
  <member type="way" ref="1527695153" role="outer"/>
  <member type="way" ref="228287680" role="outer"/>
  <member type="way" ref="1531122202" role="outer"/>
  <member type="way" ref="1531122201" role="outer"/>
  <member type="way" ref="42207728" role="outer"/>
  <member type="way" ref="659597908" role="outer"/>
  <member type="way" ref="659597909" role="outer"/>
  <member type="way" ref="1468131859" role="outer"/>
  <member type="way" ref="54614879" role="outer"/>
  <member type="way" ref="1468131855" role="outer"/>
  <member type="way" ref="1536668483" role="outer"/>
  <member type="way" ref="1536668482" role="outer"/>
  <member type="way" ref="228287679" role="outer"/>
  <member type="way" ref="1536668481" role="outer"/>
  <member type="way" ref="1536668480" role="outer"/>
  <member type="way" ref="1535715212" role="outer"/>
  <member type="way" ref="1535715213" role="outer"/>
  <member type="way" ref="1535715214" role="outer"/>
  <member type="way" ref="1535715215" role="outer"/>
  <member type="way" ref="1535715219" role="outer"/>
  <member type="way" ref="1535715220" role="outer"/>
  <member type="way" ref="1535715221" role="outer"/>
  <member type="way" ref="1535715226" role="outer"/>
  <member type="way" ref="1535715222" role="outer"/>
  <member type="way" ref="1535715223" role="outer"/>
  <member type="way" ref="1535715224" role="outer"/>
  <member type="way" ref="1535715225" role="outer"/>
  <member type="way" ref="1535715227" role="outer"/>
  <member type="way" ref="1535715228" role="outer"/>
  <member type="way" ref="1535715229" role="outer"/>
  <member type="way" ref="1535715230" role="outer"/>
  <member type="way" ref="40931658" role="outer"/>
  <member type="way" ref="202034189" role="outer"/>
  <member type="way" ref="1526544319" role="outer"/>
  <member type="way" ref="191618148" role="outer"/>
  <member type="way" ref="1237450970" role="outer"/>
  <member type="way" ref="1526544322" role="outer"/>
  <member type="way" ref="1526544323" role="outer"/>
  <member type="way" ref="1240657705" role="outer"/>
  <member type="way" ref="1240657706" role="outer"/>
  <member type="way" ref="1238239859" role="outer"/>
  <member type="way" ref="1238239860" role="outer"/>
  <member type="way" ref="1526544329" role="outer"/>
  <member type="way" ref="1237450969" role="outer"/>
  <member type="way" ref="41003098" role="outer"/>
  <member type="way" ref="1237450977" role="outer"/>
  <member type="way" ref="1237450978" role="outer"/>
  <member type="way" ref="1526544336" role="outer"/>
  <member type="way" ref="1526544337" role="outer"/>
  <member type="way" ref="1526544338" role="outer"/>
  <member type="way" ref="1526544343" role="outer"/>
  <member type="way" ref="1526544344" role="outer"/>
  <member type="way" ref="1526544345" role="outer"/>
  <member type="way" ref="1526544346" role="outer"/>
  <member type="way" ref="1526544350" role="outer"/>
  <member type="way" ref="1526544351" role="outer"/>
  <member type="way" ref="1526544348" role="outer"/>
  <member type="way" ref="1526544347" role="outer"/>
  <member type="way" ref="520430373" role="outer"/>
  <member type="way" ref="496021217" role="outer"/>
  <member type="way" ref="496021211" role="outer"/>
  <member type="way" ref="657444559" role="outer"/>
  <member type="way" ref="658948669" role="outer"/>
  <member type="way" ref="658948674" role="outer"/>
  <member type="way" ref="496021190" role="outer"/>
  <member type="way" ref="567565257" role="outer"/>
  <member type="way" ref="1226122728" role="outer"/>
  <member type="way" ref="567565258" role="outer"/>
  <member type="way" ref="1226122729" role="outer"/>
  <member type="way" ref="1226344457" role="outer"/>
  <member type="way" ref="496021177" role="outer"/>
  <member type="way" ref="1526202629" role="outer"/>
  <member type="way" ref="1526202630" role="outer"/>
  <member type="way" ref="657444558" role="outer"/>
  <member type="way" ref="1526202625" role="outer"/>
  <member type="way" ref="1526202618" role="outer"/>
  <member type="way" ref="248144001" role="outer"/>
  <member type="way" ref="41057336" role="outer"/>
  <member type="way" ref="1526202588" role="outer"/>
  <member type="way" ref="248143999" role="outer"/>
  <member type="way" ref="1526202617" role="outer"/>
  <member type="way" ref="248143997" role="outer"/>
  <member type="way" ref="1526202616" role="outer"/>
  <member type="way" ref="567565256" role="outer"/>
  <member type="way" ref="567565253" role="outer"/>
  <member type="way" ref="567565254" role="outer"/>
  <member type="way" ref="567565255" role="outer"/>
  <member type="way" ref="41164626" role="outer"/>
  <member type="way" ref="248144003" role="outer"/>
  <member type="way" ref="1526202615" role="outer"/>
  <member type="way" ref="191955520" role="outer"/>
  <member type="way" ref="1425705490" role="outer"/>
  <member type="way" ref="1526202611" role="outer"/>
  <member type="way" ref="1526202610" role="outer"/>
  <member type="way" ref="1526202609" role="outer"/>
  <member type="way" ref="1526202608" role="outer"/>
  <member type="way" ref="1526202606" role="outer"/>
  <member type="way" ref="191618149" role="outer"/>
  <member type="way" ref="1526234464" role="outer"/>
  <member type="way" ref="1526234463" role="outer"/>
  <member type="way" ref="569815730" role="outer"/>
  <member type="way" ref="1526234473" role="outer"/>
  <member type="way" ref="1526234466" role="outer"/>
  <member type="way" ref="1526234465" role="outer"/>
  <member type="way" ref="1526234467" role="outer"/>
  <member type="way" ref="569815734" role="outer"/>
  <member type="way" ref="183021269" role="outer"/>
  <member type="way" ref="853100615" role="outer"/>
  <member type="way" ref="1526234461" role="outer"/>
  <member type="way" ref="1526234462" role="outer"/>
  <member type="way" ref="1526254705" role="outer"/>
  <member type="way" ref="1526254704" role="outer"/>
  <member type="way" ref="343137291" role="outer"/>
  <member type="way" ref="659425303" role="outer"/>
  <member type="way" ref="1526254702" role="outer"/>
  <member type="way" ref="1526254703" role="outer"/>
  <member type="way" ref="853100614" role="outer"/>
  <member type="way" ref="659425304" role="outer"/>
  <member type="way" ref="198822611" role="outer"/>
  <member type="way" ref="191657647" role="outer"/>
  <member type="way" ref="1526254716" role="outer"/>
  <member type="way" ref="1526254717" role="outer"/>
  <member type="way" ref="1526254718" role="outer"/>
  <member type="way" ref="1526254719" role="outer"/>
  <member type="way" ref="43305960" role="outer"/>
  <member type="way" ref="1526254720" role="outer"/>
  <member type="way" ref="659429005" role="outer"/>
  <member type="way" ref="1526254714" role="outer"/>
  <member type="way" ref="1526254715" role="outer"/>
  <member type="way" ref="659429002" role="outer"/>
  <member type="way" ref="659429004" role="outer"/>
  <member type="way" ref="1526254713" role="outer"/>
  <member type="way" ref="1526254712" role="outer"/>
  <member type="way" ref="368184639" role="outer"/>
  <member type="way" ref="368184640" role="outer"/>
  <member type="way" ref="368191130" role="outer"/>
  <member type="way" ref="196679998" role="outer"/>
  <member type="way" ref="368191129" role="outer"/>
  <member type="way" ref="842830193" role="outer"/>
  <member type="way" ref="860854710" role="outer"/>
  <member type="way" ref="842830192" role="outer"/>
  <member type="way" ref="860854706" role="outer"/>
  <member type="way" ref="191657648" role="outer"/>
  <member type="way" ref="456814775" role="outer"/>
  <member type="way" ref="128443821" role="outer"/>
  <member type="way" ref="204431111" role="outer"/>
  <member type="way" ref="822947811" role="outer"/>
  <member type="way" ref="822947809" role="outer"/>
  <member type="way" ref="823220640" role="outer"/>
  <member type="way" ref="826197407" role="outer"/>
  <member type="way" ref="1526810252" role="outer"/>
  <member type="way" ref="1526810251" role="outer"/>
  <member type="way" ref="1526810249" role="outer"/>
  <member type="way" ref="1526810250" role="outer"/>
  <member type="way" ref="1526810247" role="outer"/>
  <member type="way" ref="1526810248" role="outer"/>
  <member type="way" ref="191657645" role="outer"/>
  <member type="way" ref="826197404" role="outer"/>
  <member type="way" ref="823220633" role="outer"/>
  <member type="way" ref="823220641" role="outer"/>
  <member type="way" ref="456809231" role="outer"/>
  <member type="way" ref="812659011" role="outer"/>
  <member type="way" ref="826197411" role="outer"/>
  <member type="way" ref="823261631" role="outer"/>
  <member type="way" ref="825992957" role="outer"/>
  <member type="way" ref="823269831" role="outer"/>
  <member type="way" ref="823573282" role="outer"/>
  <member type="way" ref="812659017" role="outer"/>
  <member type="way" ref="812659014" role="outer"/>
  <member type="way" ref="823573278" role="outer"/>
  <member type="way" ref="456809232" role="outer"/>
  <member type="way" ref="823573276" role="outer"/>
  <member type="way" ref="1227074343" role="outer"/>
  <member type="way" ref="659803349" role="outer"/>
  <member type="way" ref="659803348" role="outer"/>
  <member type="way" ref="659803346" role="outer"/>
  <member type="way" ref="812648224" role="outer"/>
  <member type="way" ref="460962248" role="outer"/>
  <member type="way" ref="823573275" role="outer"/>
  <member type="way" ref="823607389" role="outer"/>
  <member type="way" ref="825973890" role="outer"/>
  <member type="way" ref="220888685" role="outer"/>
  <member type="way" ref="824180206" role="outer"/>
  <member type="way" ref="753942736" role="outer"/>
  <member type="way" ref="825973886" role="outer"/>
  <member type="way" ref="660825589" role="outer"/>
  <member type="way" ref="131665536" role="outer"/>
  <member type="way" ref="660825591" role="outer"/>
  <member type="way" ref="660825592" role="outer"/>
  <member type="way" ref="825936424" role="outer"/>
  <member type="way" ref="204431106" role="outer"/>
  <member type="way" ref="131908812" role="outer"/>
  <member type="way" ref="746988204" role="outer"/>
  <member type="way" ref="824710129" role="outer"/>
  <member type="way" ref="191708814" role="outer"/>
  <member type="way" ref="824710126" role="outer"/>
  <member type="way" ref="198130988" role="outer"/>
  <member type="way" ref="133042561" role="outer"/>
  <member type="way" ref="133040587" role="outer"/>
  <member type="way" ref="824710119" role="outer"/>
  <member type="way" ref="335279149" role="outer"/>
  <member type="way" ref="746957626" role="outer"/>
  <member type="way" ref="1557529539" role="outer"/>
  <member type="way" ref="133576948" role="outer"/>
  <member type="way" ref="133040586" role="outer"/>
  <member type="way" ref="824969650" role="outer"/>
  <member type="way" ref="746957622" role="outer"/>
  <member type="way" ref="860821784" role="outer"/>
  <member type="way" ref="824988409" role="outer"/>
  <member type="way" ref="860821785" role="outer"/>
  <member type="way" ref="660809020" role="outer"/>
  <member type="way" ref="1125948157" role="outer"/>
  <member type="way" ref="1125948165" role="outer"/>
  <member type="way" ref="1125948148" role="outer"/>
  <member type="way" ref="1125948164" role="outer"/>
  <member type="way" ref="1125948162" role="outer"/>
  <member type="way" ref="1125948161" role="outer"/>
  <member type="way" ref="1125948159" role="outer"/>
  <member type="way" ref="1125948147" role="outer"/>
  <member type="way" ref="824988436" role="outer"/>
  <member type="way" ref="660809019" role="outer"/>
  <member type="way" ref="133885049" role="outer"/>
  <member type="way" ref="746640727" role="outer"/>
  <member type="way" ref="204431116" role="outer"/>
  <member type="way" ref="746640725" role="outer"/>
  <member type="way" ref="661618249" role="outer"/>
  <member type="way" ref="747140598" role="outer"/>
  <member type="way" ref="660365621" role="outer"/>
  <member type="way" ref="742180847" role="outer"/>
  <member type="way" ref="1539622129" role="outer"/>
  <member type="way" ref="1539622130" role="outer"/>
  <member type="way" ref="1539622131" role="outer"/>
  <member type="way" ref="1539622115" role="outer"/>
  <member type="way" ref="1539622116" role="outer"/>
  <member type="way" ref="1539622132" role="outer"/>
  <member type="way" ref="1539622110" role="outer"/>
  <member type="way" ref="847018293" role="outer"/>
  <member type="way" ref="1539622109" role="outer"/>
  <member type="way" ref="783750787" role="outer"/>
  <member type="way" ref="1539622108" role="outer"/>
  <member type="way" ref="1539622107" role="outer"/>
  <member type="way" ref="1539622106" role="outer"/>
  <member type="way" ref="141198685" role="outer"/>
  <member type="way" ref="1539622105" role="outer"/>
  <member type="way" ref="783750788" role="outer"/>
  <member type="way" ref="194755895" role="outer"/>
  <member type="way" ref="749807289" role="outer"/>
  <member type="way" ref="822675497" role="outer"/>
  <member type="way" ref="1560435243" role="outer"/>
  <member type="way" ref="194755896" role="outer"/>
  <member type="way" ref="1560435242" role="outer"/>
  <member type="way" ref="1560435251" role="outer"/>
  <member type="way" ref="1560435244" role="outer"/>
  <member type="way" ref="192582160" role="outer"/>
  <member type="way" ref="1560435245" role="outer"/>
  <member type="way" ref="1560435226" role="outer"/>
  <member type="way" ref="1282045995" role="outer"/>
  <member type="way" ref="1560435229" role="outer"/>
  <member type="way" ref="1560435230" role="outer"/>
  <member type="way" ref="192582161" role="outer"/>
  <member type="way" ref="1560435240" role="outer"/>
  <member type="way" ref="1560435241" role="outer"/>
  <member type="way" ref="1560435239" role="outer"/>
  <member type="way" ref="1560435236" role="outer"/>
  <member type="way" ref="1560435237" role="outer"/>
  <member type="way" ref="35567419" role="outer"/>
  <member type="way" ref="1560435238" role="outer"/>
  <member type="way" ref="362875633" role="outer"/>
  <member type="way" ref="362875636" role="outer"/>
  <member type="way" ref="344925564" role="outer"/>
  <member type="way" ref="1083436057" role="outer"/>
  <member type="way" ref="197951123" role="outer"/>
  <member type="way" ref="194604780" role="outer"/>
  <member type="way" ref="194656687" role="outer"/>
  <member type="way" ref="344928203" role="outer"/>
  <member type="way" ref="822352918" role="outer"/>
  <member type="way" ref="228881376" role="outer"/>
  <member type="way" ref="715619303" role="outer"/>
  <member type="way" ref="628688430" role="outer"/>
  <member type="way" ref="194656688" role="outer"/>
  <member type="way" ref="715619302" role="outer"/>
  <member type="way" ref="337837168" role="outer"/>
  <member type="way" ref="494337815" role="outer"/>
  <member type="way" ref="780233771" role="outer"/>
  <member type="way" ref="494337817" role="outer"/>
  <member type="way" ref="494337816" role="outer"/>
  <member type="way" ref="228889817" role="outer"/>
  <member type="way" ref="659408390" role="outer"/>
  <member type="way" ref="741896355" role="outer"/>
  <member type="way" ref="659408389" role="outer"/>
  <member type="way" ref="197961755" role="outer"/>
  <member type="way" ref="659408386" role="outer"/>
  <member type="way" ref="659408387" role="outer"/>
  <member type="way" ref="659408385" role="outer"/>
  <member type="way" ref="1148707605" role="outer"/>
  <member type="way" ref="1148707609" role="outer"/>
  <member type="way" ref="1148707604" role="outer"/>
  <member type="way" ref="1148707610" role="outer"/>
  <member type="way" ref="360829097" role="outer"/>
  <member type="way" ref="859033256" role="outer"/>
  <member type="way" ref="1148707606" role="outer"/>
  <member type="way" ref="1148707600" role="outer"/>
  <member type="way" ref="780253238" role="outer"/>
  <member type="way" ref="339103497" role="outer"/>
  <member type="way" ref="780253237" role="outer"/>
  <member type="way" ref="364286870" role="outer"/>
  <member type="way" ref="364286872" role="outer"/>
  <member type="way" ref="780253235" role="outer"/>
  <member type="way" ref="364286871" role="outer"/>
  <member type="way" ref="320736718" role="outer"/>
  <member type="way" ref="486287145" role="outer"/>
  <member type="way" ref="859398528" role="outer"/>
  <member type="way" ref="486287166" role="outer"/>
  <member type="way" ref="390865042" role="outer"/>
  <member type="way" ref="780253234" role="outer"/>
  <member type="way" ref="390865043" role="outer"/>
  <member type="way" ref="783469436" role="outer"/>
  <member type="way" ref="494339808" role="outer"/>
  <member type="way" ref="494339809" role="outer"/>
  <member type="way" ref="494339807" role="outer"/>
  <member type="way" ref="1279843698" role="outer"/>
  <member type="way" ref="1279843697" role="outer"/>
  <member type="way" ref="494324804" role="outer"/>
  <member type="way" ref="1278647222" role="outer"/>
  <member type="way" ref="859355359" role="outer"/>
  <member type="way" ref="320736711" role="outer"/>
  <member type="way" ref="1032971271" role="outer"/>
  <member type="way" ref="1256731864" role="outer"/>
  <member type="way" ref="340024650" role="outer"/>
  <member type="way" ref="1256781287" role="outer"/>
  <member type="way" ref="1256781285" role="outer"/>
  <member type="way" ref="146851560" role="outer"/>
  <member type="way" ref="340037402" role="outer"/>
  <member type="way" ref="228287327" role="outer"/>
  <member type="way" ref="659398234" role="outer"/>
  <member type="way" ref="659398250" role="outer"/>
  <member type="way" ref="658987006" role="outer"/>
  <member type="way" ref="228330106" role="outer"/>
  <member type="way" ref="859029875" role="outer"/>
  <member type="way" ref="658987007" role="outer"/>
  <member type="way" ref="659262368" role="outer"/>
  <member type="way" ref="659262367" role="outer"/>
  <member type="way" ref="859028522" role="outer"/>
  <member type="way" ref="660778446" role="outer"/>
  <member type="way" ref="660793579" role="outer"/>
  <member type="way" ref="360261706" role="outer"/>
  <member type="way" ref="360261705" role="outer"/>
  <member type="way" ref="360262197" role="outer"/>
  <member type="way" ref="491828612" role="outer"/>
  <member type="way" ref="360262198" role="outer"/>
  <member type="way" ref="1258390963" role="outer"/>
  <member type="way" ref="1258390962" role="outer"/>
  <member type="way" ref="660645633" role="outer"/>
  <member type="way" ref="1263573104" role="outer"/>
  <member type="way" ref="1136879125" role="outer"/>
  <member type="way" ref="1136879124" role="outer"/>
  <member type="way" ref="228329679" role="outer"/>
  <member type="way" ref="1278659622" role="outer"/>
  <member type="way" ref="1278659620" role="outer"/>
  <member type="way" ref="399771638" role="outer"/>
  <member type="way" ref="399771618" role="outer"/>
  <member type="way" ref="399771696" role="outer"/>
  <member type="way" ref="360264507" role="outer"/>
  <member type="way" ref="360264509" role="outer"/>
  <member type="way" ref="146849903" role="outer"/>
  <member type="way" ref="339282708" role="outer"/>
  <member type="way" ref="1238741165" role="outer"/>
  <member type="way" ref="1238741166" role="outer"/>
  <member type="way" ref="1238741167" role="outer"/>
  <member type="way" ref="1344741698" role="outer"/>
  <member type="way" ref="341044560" role="outer"/>
  <member type="way" ref="159619943" role="outer"/>
  <member type="way" ref="146819483" role="outer"/>
  <member type="way" ref="658051195" role="outer"/>
  <member type="way" ref="257379356" role="outer"/>
  <member type="way" ref="399136472" role="outer"/>
  <member type="way" ref="760617476" role="outer"/>
  <member type="way" ref="760617477" role="outer"/>
  <member type="way" ref="760617478" role="outer"/>
  <member type="way" ref="760617479" role="outer"/>
  <member type="way" ref="494328284" role="outer"/>
  <member type="way" ref="494328286" role="outer"/>
  <member type="way" ref="494328285" role="outer"/>
  <member type="way" ref="337749271" role="outer"/>
  <member type="way" ref="760617481" role="outer"/>
  <member type="way" ref="198987226" role="outer"/>
  <member type="way" ref="318993439" role="outer"/>
  <member type="way" ref="760617480" role="outer"/>
  <member type="way" ref="318993438" role="outer"/>
  <member type="way" ref="494334757" role="outer"/>
  <member type="way" ref="494334758" role="outer"/>
  <member type="way" ref="659266390" role="outer"/>
  <member type="way" ref="1258522357" role="outer"/>
  <member type="way" ref="206411960" role="outer"/>
  <member type="way" ref="659266389" role="outer"/>
  <member type="way" ref="737624868" role="outer"/>
  <member type="way" ref="234174442" role="outer"/>
  <member type="way" ref="737618795" role="outer"/>
  <member type="way" ref="206614299" role="outer"/>
  <member type="way" ref="821975518" role="outer"/>
  <member type="way" ref="206614066" role="outer"/>
  <member type="way" ref="821982081" role="outer"/>
  <member type="way" ref="234174443" role="outer"/>
  <member type="way" ref="737618800" role="outer"/>
  <member type="way" ref="206436682" role="outer"/>
  <member type="way" ref="206436683" role="outer"/>
  <member type="way" ref="206437841" role="outer"/>
  <member type="way" ref="360265363" role="outer"/>
  <member type="way" ref="658627547" role="outer"/>
  <member type="way" ref="341030047" role="outer"/>
  <member type="way" ref="738004076" role="outer"/>
  <member type="way" ref="658632993" role="outer"/>
  <member type="way" ref="638571317" role="outer"/>
  <member type="way" ref="778846892" role="outer"/>
  <member type="way" ref="206452855" role="outer"/>
  <member type="way" ref="659849987" role="outer"/>
  <member type="way" ref="659850001" role="outer"/>
  <member type="way" ref="659849979" role="outer"/>
  <member type="way" ref="206452878" role="outer"/>
  <member type="way" ref="338729067" role="outer"/>
  <member type="way" ref="206446254" role="outer"/>
  <member type="way" ref="341077765" role="outer"/>
  <member type="way" ref="779884113" role="outer"/>
  <member type="way" ref="412561019" role="outer"/>
  <member type="way" ref="492211877" role="outer"/>
  <member type="way" ref="779884111" role="outer"/>
  <member type="way" ref="364451506" role="outer"/>
  <member type="way" ref="778846891" role="outer"/>
  <member type="way" ref="1136546917" role="outer"/>
  <member type="way" ref="638571324" role="outer"/>
  <member type="way" ref="779892446" role="outer"/>
  <member type="way" ref="779892448" role="outer"/>
  <member type="way" ref="655813920" role="outer"/>
  <member type="way" ref="742196997" role="outer"/>
  <member type="way" ref="412561018" role="outer"/>
  <member type="way" ref="453432961" role="outer"/>
  <member type="way" ref="410368381" role="outer"/>
  <member type="way" ref="1534121683" role="outer"/>
  <member type="way" ref="659435028" role="outer"/>
  <member type="way" ref="1534121684" role="outer"/>
  <member type="way" ref="1534121688" role="outer"/>
  <member type="way" ref="1533804396" role="outer"/>
  <member type="way" ref="1533373913" role="outer"/>
  <member type="way" ref="1533373910" role="outer"/>
  <member type="way" ref="1533373909" role="outer"/>
  <member type="way" ref="659435025" role="outer"/>
  <member type="way" ref="1533373907" role="outer"/>
  <member type="way" ref="1533373921" role="outer"/>
  <member type="way" ref="1533373925" role="outer"/>
  <member type="way" ref="1533373926" role="outer"/>
  <member type="way" ref="1533373927" role="outer"/>
  <member type="way" ref="1533373922" role="outer"/>
  <member type="way" ref="659435019" role="outer"/>
  <member type="way" ref="1533373934" role="outer"/>
  <member type="way" ref="712068329" role="outer"/>
  <member type="way" ref="712068328" role="outer"/>
  <member type="way" ref="712068321" role="outer"/>
  <member type="way" ref="1533373932" role="outer"/>
  <member type="way" ref="364451529" role="outer"/>
  <member type="way" ref="712068314" role="outer"/>
  <member type="way" ref="712068315" role="outer"/>
  <member type="way" ref="712068317" role="outer"/>
  <member type="way" ref="712068330" role="outer"/>
  <member type="way" ref="1534121678" role="outer"/>
  <member type="way" ref="1533373952" role="outer"/>
  <member type="way" ref="712068318" role="outer"/>
  <member type="way" ref="492873586" role="outer"/>
  <member type="way" ref="364451522" role="outer"/>
  <member type="way" ref="364451615" role="outer"/>
  <member type="way" ref="273358429" role="outer"/>
  <member type="way" ref="1145224770" role="outer"/>
  <member type="way" ref="818872085" role="outer"/>
  <member type="way" ref="1145224769" role="outer"/>
  <member type="way" ref="819197321" role="outer"/>
  <member type="way" ref="492873585" role="outer"/>
  <member type="way" ref="1533324924" role="outer"/>
  <member type="way" ref="1533324921" role="outer"/>
  <member type="way" ref="1533324923" role="outer"/>
  <member type="way" ref="1533324922" role="outer"/>
  <member type="way" ref="1536034531" role="outer"/>
  <member type="way" ref="364451619" role="outer"/>
  <member type="way" ref="492873584" role="outer"/>
  <member type="way" ref="364451581" role="outer"/>
  <member type="way" ref="492873583" role="outer"/>
  <member type="way" ref="1540152019" role="outer"/>
  <member type="way" ref="492873582" role="outer"/>
  <member type="way" ref="364451600" role="outer"/>
  <member type="way" ref="820504356" role="outer"/>
  <member type="way" ref="206475805" role="outer"/>
  <member type="way" ref="1533324914" role="outer"/>
  <member type="way" ref="655813921" role="outer"/>
  <member type="way" ref="364451584" role="outer"/>
  <member type="way" ref="364451587" role="outer"/>
  <member type="way" ref="274467512" role="outer"/>
  <member type="way" ref="747816319" role="outer"/>
  <member type="way" ref="655813923" role="outer"/>
  <member type="way" ref="206461886" role="outer"/>
  <member type="way" ref="273358430" role="outer"/>
  <member type="way" ref="491727816" role="outer"/>
  <member type="way" ref="409101915" role="outer"/>
  <member type="way" ref="491727817" role="outer"/>
  <member type="way" ref="409101916" role="outer"/>
  <member type="way" ref="395020542" role="outer"/>
  <member type="way" ref="395019725" role="outer"/>
  <member type="way" ref="383380763" role="outer"/>
  <member type="way" ref="381407724" role="outer"/>
  <member type="way" ref="381407723" role="outer"/>
  <member type="way" ref="392919870" role="outer"/>
  <member type="way" ref="603186391" role="outer"/>
  <member type="way" ref="661634461" role="outer"/>
  <member type="way" ref="491727814" role="outer"/>
  <member type="way" ref="658936445" role="outer"/>
  <member type="way" ref="658911663" role="outer"/>
  <member type="way" ref="206410733" role="outer"/>
  <member type="way" ref="658895397" role="outer"/>
  <member type="way" ref="658660013" role="outer"/>
  <member type="way" ref="509331621" role="outer"/>
  <member type="way" ref="509331620" role="outer"/>
  <member type="way" ref="658312487" role="outer"/>
  <member type="way" ref="775573228" role="outer"/>
  <member type="way" ref="658044845" role="outer"/>
  <member type="way" ref="658044838" role="outer"/>
  <member type="way" ref="146701041" role="outer"/>
  <member type="way" ref="658934283" role="outer"/>
  <member type="way" ref="658934261" role="outer"/>
  <member type="way" ref="658934274" role="outer"/>
  <member type="way" ref="658934278" role="outer"/>
  <member type="way" ref="484864601" role="outer"/>
  <member type="way" ref="146700251" role="outer"/>
  <member type="way" ref="484864602" role="outer"/>
  <member type="way" ref="484864603" role="outer"/>
  <member type="way" ref="205694202" role="outer"/>
  <member type="way" ref="737882322" role="outer"/>
  <member type="way" ref="381411947" role="outer"/>
  <member type="way" ref="10854053" role="outer"/>
  <member type="way" ref="437261267" role="outer"/>
  <member type="way" ref="381411946" role="outer"/>
  <member type="way" ref="146711600" role="outer"/>
  <member type="way" ref="146711601" role="outer"/>
  <member type="way" ref="453441462" role="outer"/>
  <member type="way" ref="1030238671" role="outer"/>
  <member type="way" ref="365213339" role="outer"/>
  <member type="way" ref="542138021" role="outer"/>
  <member type="way" ref="365213338" role="outer"/>
  <member type="way" ref="365213343" role="outer"/>
  <member type="way" ref="365213342" role="outer"/>
  <member type="way" ref="777798662" role="outer"/>
  <member type="way" ref="365213341" role="outer"/>
  <member type="way" ref="238410773" role="outer"/>
  <member type="way" ref="542138022" role="outer"/>
  <member type="way" ref="365213340" role="outer"/>
  <member type="way" ref="197732137" role="outer"/>
  <member type="way" ref="817928150" role="outer"/>
  <member type="way" ref="146584507" role="outer"/>
  <member type="way" ref="775367471" role="outer"/>
  <member type="way" ref="817928153" role="outer"/>
  <member type="way" ref="145812443" role="outer"/>
  <member type="way" ref="817871608" role="outer"/>
  <member type="way" ref="411879484" role="outer"/>
  <member type="way" ref="817928160" role="outer"/>
  <member type="way" ref="568584692" role="outer"/>
  <member type="way" ref="363531474" role="outer"/>
  <member type="way" ref="541646289" role="outer"/>
  <member type="way" ref="302960209" role="outer"/>
  <member type="way" ref="1047696148" role="outer"/>
  <member type="way" ref="1047696147" role="outer"/>
  <member type="way" ref="1047696146" role="outer"/>
  <member type="way" ref="1115386305" role="outer"/>
  <member type="way" ref="1115386304" role="outer"/>
  <member type="way" ref="1047696145" role="outer"/>
  <member type="way" ref="1047696144" role="outer"/>
  <member type="way" ref="1047696143" role="outer"/>
  <member type="way" ref="1047696142" role="outer"/>
  <member type="way" ref="1047696141" role="outer"/>
  <member type="way" ref="1047696149" role="outer"/>
  <member type="way" ref="259109125" role="outer"/>
  <member type="way" ref="406431785" role="outer"/>
  <member type="way" ref="922099087" role="outer"/>
  <member type="way" ref="550674404" role="outer"/>
  <member type="way" ref="406431786" role="outer"/>
  <member type="way" ref="406431787" role="outer"/>
  <member type="way" ref="192164373" role="outer"/>
  <member type="way" ref="119945049" role="outer"/>
  <member type="way" ref="220974713" role="outer"/>
  <member type="way" ref="220940523" role="outer"/>
  <member type="way" ref="119945047" role="outer"/>
  <member type="way" ref="220971955" role="outer"/>
  <member type="way" ref="220962083" role="outer"/>
  <member type="way" ref="219066747" role="outer"/>
  <member type="way" ref="795643487" role="outer"/>
  <member type="way" ref="219300382" role="outer"/>
  <member type="way" ref="121595854" role="outer"/>
  <member type="way" ref="795643486" role="outer"/>
  <member type="way" ref="219297934" role="outer"/>
  <member type="way" ref="213573898" role="outer"/>
  <member type="way" ref="216449101" role="outer"/>
  <member type="way" ref="216261533" role="outer"/>
  <member type="way" ref="215116718" role="outer"/>
  <member type="way" ref="812569093" role="outer"/>
  <member type="way" ref="214817390" role="outer"/>
  <member type="way" ref="214796402" role="outer"/>
  <member type="way" ref="749053106" role="outer"/>
  <member type="way" ref="749053105" role="outer"/>
  <member type="way" ref="210298970" role="outer"/>
  <member type="way" ref="1249319061" role="outer"/>
  <member type="way" ref="210395988" role="outer"/>
  <member type="way" ref="121557397" role="outer"/>
  <member type="way" ref="210638139" role="outer"/>
  <member type="way" ref="210637108" role="outer"/>
  <member type="way" ref="210392982" role="outer"/>
  <member type="way" ref="210637109" role="outer"/>
  <member type="way" ref="208360441" role="outer"/>
  <member type="way" ref="208503131" role="outer"/>
  <member type="way" ref="208621744" role="outer"/>
  <member type="way" ref="119943741" role="outer"/>
  <member type="way" ref="119017116" role="outer"/>
  <member type="way" ref="234460420" role="outer"/>
  <member type="way" ref="659290575" role="outer"/>
  <member type="way" ref="659290578" role="outer"/>
  <member type="way" ref="659290577" role="outer"/>
  <member type="way" ref="659290573" role="outer"/>
  <member type="way" ref="659238761" role="outer"/>
  <member type="way" ref="659238760" role="outer"/>
  <member type="way" ref="659238759" role="outer"/>
  <member type="way" ref="50329406" role="outer"/>
  <member type="way" ref="659238758" role="outer"/>
  <member type="way" ref="659238764" role="outer"/>
  <member type="way" ref="659238765" role="outer"/>
  <member type="way" ref="1251432299" role="outer"/>
  <member type="way" ref="234460419" role="outer"/>
  <member type="way" ref="1251432300" role="outer"/>
  <member type="way" ref="118988242" role="outer"/>
  <member type="way" ref="659288858" role="outer"/>
  <member type="way" ref="659288860" role="outer"/>
  <member type="way" ref="659288859" role="outer"/>
  <member type="way" ref="659288852" role="outer"/>
  <member type="way" ref="659288851" role="outer"/>
  <member type="way" ref="234460421" role="outer"/>
  <member type="way" ref="1352212273" role="outer"/>
  <member type="way" ref="48041867" role="outer"/>
  <member type="way" ref="548593434" role="outer"/>
  <member type="way" ref="671740814" role="outer"/>
  <member type="way" ref="671740815" role="outer"/>
  <member type="way" ref="548593480" role="outer"/>
  <member type="way" ref="234501167" role="outer"/>
  <member type="way" ref="1411915939" role="outer"/>
  <member type="way" ref="234501166" role="outer"/>
  <member type="way" ref="1166027339" role="outer"/>
  <member type="way" ref="671740817" role="outer"/>
  <member type="way" ref="1166027337" role="outer"/>
  <member type="way" ref="671740819" role="outer"/>
  <member type="way" ref="518959072" role="outer"/>
  <member type="way" ref="518959060" role="outer"/>
  <member type="way" ref="234501165" role="outer"/>
  <member type="way" ref="501098404" role="outer"/>
  <member type="way" ref="54750720" role="outer"/>
  <member type="way" ref="235051126" role="outer"/>
  <member type="way" ref="233331226" role="outer"/>
  <member type="way" ref="664542613" role="outer"/>
  <member type="way" ref="507054589" role="outer"/>
  <member type="way" ref="668577212" role="outer"/>
  <member type="way" ref="668577221" role="outer"/>
  <member type="way" ref="54750809" role="outer"/>
  <member type="way" ref="233331227" role="outer"/>
  <member type="way" ref="664535179" role="outer"/>
  <member type="way" ref="426669982" role="outer"/>
  <member type="way" ref="507050158" role="outer"/>
  <member type="way" ref="507050160" role="outer"/>
  <member type="way" ref="507050153" role="outer"/>
  <member type="way" ref="40834474" role="outer"/>
  <member type="way" ref="671740821" role="outer"/>
  <member type="way" ref="671740824" role="outer"/>
  <member type="way" ref="507050154" role="outer"/>
  <member type="way" ref="235081812" role="outer"/>
  <member type="way" ref="1411870840" role="outer"/>
  <member type="way" ref="235081814" role="outer"/>
  <member type="way" ref="40835573" role="outer"/>
  <member type="way" ref="671740827" role="outer"/>
  <member type="way" ref="235832882" role="outer"/>
  <member type="way" ref="1174260870" role="outer"/>
  <member type="way" ref="54750700" role="outer"/>
  <member type="way" ref="1173075914" role="outer"/>
  <member type="way" ref="237322565" role="outer"/>
  <member type="way" ref="1173075913" role="outer"/>
  <member type="way" ref="40835056" role="outer"/>
  <member type="way" ref="40834748" role="outer"/>
  <member type="way" ref="237322564" role="outer"/>
  <member type="way" ref="40834412" role="outer"/>
  <member type="way" ref="238882388" role="outer"/>
  <member type="way" ref="495731037" role="outer"/>
  <member type="way" ref="671740829" role="outer"/>
  <member type="way" ref="40835072" role="outer"/>
  <member type="way" ref="238882387" role="outer"/>
  <member type="way" ref="238882891" role="outer"/>
  <member type="way" ref="40834961" role="outer"/>
  <member type="way" ref="238226477" role="outer"/>
  <member type="way" ref="671740830" role="outer"/>
  <member type="way" ref="40835456" role="outer"/>
  <member type="way" ref="671740831" role="outer"/>
  <member type="way" ref="238268560" role="outer"/>
  <member type="way" ref="671740833" role="outer"/>
  <member type="way" ref="238226476" role="outer"/>
  <member type="way" ref="671740832" role="outer"/>
  <member type="way" ref="40835511" role="outer"/>
  <member type="way" ref="238885036" role="outer"/>
  <member type="way" ref="41682759" role="outer"/>
  <member type="way" ref="527125882" role="outer"/>
  <member type="way" ref="671740834" role="outer"/>
  <member type="way" ref="238885037" role="outer"/>
  <member type="way" ref="40835109" role="outer"/>
  <member type="way" ref="237757438" role="outer"/>
  <member type="way" ref="527125894" role="outer"/>
  <member type="way" ref="40835438" role="outer"/>
  <member type="way" ref="40835087" role="outer"/>
  <member type="way" ref="549174310" role="outer"/>
  <member type="way" ref="671740835" role="outer"/>
  <member type="way" ref="40834662" role="outer"/>
  <member type="way" ref="549174308" role="outer"/>
  <member type="way" ref="268599304" role="outer"/>
  <member type="way" ref="558301390" role="outer"/>
  <member type="way" ref="832332258" role="outer"/>
  <member type="way" ref="268776277" role="outer"/>
  <member type="way" ref="558301392" role="outer"/>
  <member type="way" ref="558301386" role="outer"/>
  <member type="way" ref="558301393" role="outer"/>
  <member type="way" ref="558301388" role="outer"/>
  <member type="way" ref="832332260" role="outer"/>
  <member type="way" ref="152198247" role="outer"/>
  <member type="way" ref="558301383" role="outer"/>
  <member type="way" ref="832685913" role="outer"/>
  <member type="way" ref="231159791" role="outer"/>
  <member type="way" ref="48779813" role="outer"/>
  <member type="way" ref="48780028" role="outer"/>
  <member type="way" ref="1557975292" role="outer"/>
  <member type="way" ref="48780029" role="outer"/>
  <member type="way" ref="48780027" role="outer"/>
  <member type="way" ref="1167097728" role="outer"/>
  <member type="way" ref="48780120" role="outer"/>
  <member type="way" ref="1165088354" role="outer"/>
  <member type="way" ref="558301367" role="outer"/>
  <member type="way" ref="42785996" role="outer"/>
  <member type="way" ref="237615180" role="outer"/>
  <member type="way" ref="592491369" role="outer"/>
  <member type="way" ref="1165091763" role="outer"/>
  <member type="way" ref="42786180" role="outer"/>
  <member type="way" ref="42786117" role="outer"/>
  <member type="way" ref="118524343" role="outer"/>
  <member type="way" ref="1387070045" role="outer"/>
  <member type="way" ref="530860719" role="outer"/>
  <member type="way" ref="530860710" role="outer"/>
  <member type="way" ref="530860713" role="outer"/>
  <member type="way" ref="1096299299" role="outer"/>
  <member type="way" ref="530860716" role="outer"/>
  <member type="way" ref="1186857026" role="outer"/>
  <member type="way" ref="42840454" role="outer"/>
  <member type="way" ref="530860722" role="outer"/>
  <member type="way" ref="530860726" role="outer"/>
  <member type="way" ref="118524344" role="outer"/>
  <member type="way" ref="120372468" role="outer"/>
  <member type="way" ref="275281059" role="outer"/>
  <member type="way" ref="42840398" role="outer"/>
  <member type="way" ref="42840064" role="outer"/>
  <member type="way" ref="237615190" role="outer"/>
  <member type="way" ref="1182452746" role="outer"/>
  <member type="way" ref="1182452745" role="outer"/>
  <member type="way" ref="157246170" role="outer"/>
  <member type="way" ref="439260561" role="outer"/>
  <member type="way" ref="1182452743" role="outer"/>
  <member type="way" ref="439260565" role="outer"/>
  <member type="way" ref="71183548" role="outer"/>
  <member type="way" ref="1165063918" role="outer"/>
  <member type="way" ref="71183550" role="outer"/>
  <member type="way" ref="832377975" role="outer"/>
  <member type="way" ref="237615181" role="outer"/>
  <member type="way" ref="71183551" role="outer"/>
  <member type="way" ref="45733858" role="outer"/>
  <member type="way" ref="290774315" role="outer"/>
  <member type="way" ref="42840005" role="outer"/>
  <member type="way" ref="219298907" role="outer"/>
  <member type="way" ref="237615188" role="outer"/>
  <member type="way" ref="27996034" role="outer"/>
  <member type="way" ref="439630583" role="outer"/>
  <member type="way" ref="202879822" role="outer"/>
  <member type="way" ref="262166336" role="outer"/>
  <member type="way" ref="740287543" role="outer"/>
  <member type="way" ref="48629608" role="outer"/>
  <member type="way" ref="439973529" role="outer"/>
  <member type="way" ref="751868357" role="outer"/>
  <member type="way" ref="444003242" role="outer"/>
  <member type="way" ref="262654935" role="outer"/>
  <member type="way" ref="1283182575" role="outer"/>
  <member type="way" ref="1343432226" role="outer"/>
  <member type="way" ref="444003247" role="outer"/>
  <member type="way" ref="444003246" role="outer"/>
  <member type="way" ref="237615813" role="outer"/>
  <member type="way" ref="237615814" role="outer"/>
  <member type="way" ref="444175191" role="outer"/>
  <member type="way" ref="237616193" role="outer"/>
  <member type="way" ref="237455566" role="outer"/>
  <member type="way" ref="23616552" role="outer"/>
  <member type="way" ref="237474752" role="outer"/>
  <member type="way" ref="237474753" role="outer"/>
  <member type="way" ref="864189023" role="outer"/>
  <member type="way" ref="237455565" role="outer"/>
  <member type="way" ref="238022553" role="outer"/>
  <member type="way" ref="833625195" role="outer"/>
  <member type="way" ref="833625194" role="outer"/>
  <member type="way" ref="1162436526" role="outer"/>
  <member type="way" ref="238022552" role="outer"/>
  <member type="way" ref="238021719" role="outer"/>
  <member type="way" ref="833625196" role="outer"/>
  <member type="way" ref="238021718" role="outer"/>
  <member type="way" ref="1153231352" role="outer"/>
  <member type="way" ref="238021717" role="outer"/>
  <member type="way" ref="238021720" role="outer"/>
  <member type="way" ref="238021721" role="outer"/>
  <member type="way" ref="238021722" role="outer"/>
  <member type="way" ref="238394003" role="outer"/>
  <member type="way" ref="238394001" role="outer"/>
  <member type="way" ref="238394002" role="outer"/>
  <member type="way" ref="833636495" role="outer"/>
  <member type="way" ref="833636494" role="outer"/>
  <member type="way" ref="238363388" role="outer"/>
  <member type="way" ref="864214352" role="outer"/>
  <member type="way" ref="833636488" role="outer"/>
  <member type="way" ref="833636487" role="outer"/>
  <member type="way" ref="238363389" role="outer"/>
  <member type="way" ref="864214353" role="outer"/>
  <member type="way" ref="864186615" role="outer"/>
  <member type="way" ref="422234890" role="outer"/>
  <member type="way" ref="236927014" role="outer"/>
  <member type="way" ref="864185762" role="outer"/>
  <member type="way" ref="237148215" role="outer"/>
  <member type="way" ref="236927015" role="outer"/>
  <member type="way" ref="864181771" role="outer"/>
  <member type="way" ref="703507583" role="outer"/>
  <member type="way" ref="262797395" role="outer"/>
  <member type="way" ref="237321536" role="outer"/>
  <member type="way" ref="864181769" role="outer"/>
  <member type="way" ref="703507582" role="outer"/>
  <member type="way" ref="118513794" role="outer"/>
  <member type="way" ref="23621856" role="outer"/>
  <member type="way" ref="682143170" role="outer"/>
  <member type="way" ref="682143169" role="outer"/>
  <member type="way" ref="233890987" role="outer"/>
  <member type="way" ref="233890984" role="outer"/>
  <member type="way" ref="1200627986" role="outer"/>
  <member type="way" ref="170435112" role="outer"/>
  <member type="way" ref="233381470" role="outer"/>
  <member type="way" ref="144406529" role="outer"/>
  <member type="way" ref="1200050125" role="outer"/>
  <member type="way" ref="170766958" role="outer"/>
  <member type="way" ref="170509858" role="outer"/>
  <member type="way" ref="232847228" role="outer"/>
  <member type="way" ref="1214358804" role="outer"/>
  <member type="way" ref="313893707" role="outer"/>
  <member type="way" ref="10662797" role="inner"/>
  <member type="way" ref="617674687" role="outer"/>
  <member type="way" ref="343952492" role="outer"/>
  <member type="way" ref="344398834" role="outer"/>
  <member type="way" ref="173739567" role="outer"/>
  <member type="way" ref="173739564" role="outer"/>
  <member type="way" ref="170515725" role="outer"/>
  <member type="way" ref="343954010" role="outer"/>
  <member type="way" ref="170772879" role="outer"/>
  <member type="way" ref="318746051" role="outer"/>
  <member type="way" ref="318746050" role="outer"/>
  <member type="way" ref="318746640" role="outer"/>
  <member type="way" ref="313862828" role="outer"/>
  <member type="way" ref="343799831" role="outer"/>
  <member type="way" ref="333920065" role="outer"/>
  <member type="way" ref="313868746" role="outer"/>
  <member type="way" ref="313868536" role="outer"/>
  <member type="way" ref="313868376" role="outer"/>
  <member type="way" ref="313868311" role="outer"/>
  <member type="way" ref="313868262" role="outer"/>
  <member type="way" ref="313869181" role="outer"/>
  <member type="way" ref="85625060" role="outer"/>
  <member type="way" ref="313869634" role="outer"/>
  <member type="way" ref="313874096" role="outer"/>
  <member type="way" ref="314028338" role="outer"/>
  <member type="way" ref="313893706" role="outer"/>
  <member type="way" ref="343362079" role="outer"/>
  <member type="way" ref="343362078" role="outer"/>
  <member type="way" ref="321517205" role="outer"/>
  <member type="way" ref="170763678" role="outer"/>
  <member type="way" ref="837266026" role="outer"/>
  <member type="way" ref="837266027" role="outer"/>
  <member type="way" ref="118401134" role="outer"/>
  <member type="way" ref="837266343" role="outer"/>
  <member type="way" ref="837266344" role="outer"/>
  <member type="way" ref="260419568" role="outer"/>
  <member type="way" ref="170766956" role="outer"/>
  <member type="way" ref="126470842" role="outer"/>
  <member type="way" ref="126470877" role="outer"/>
  <member type="way" ref="620917932" role="outer"/>
  <member type="way" ref="233913585" role="outer"/>
  <member type="way" ref="614112897" role="outer"/>
  <member type="way" ref="614112896" role="outer"/>
  <member type="way" ref="829413658" role="outer"/>
  <member type="way" ref="829412006" role="outer"/>
  <member type="way" ref="614106631" role="outer"/>
  <member type="way" ref="837264628" role="outer"/>
  <member type="way" ref="836531085" role="outer"/>
  <member type="way" ref="836531084" role="outer"/>
  <member type="way" ref="829413651" role="outer"/>
  <member type="way" ref="829413652" role="outer"/>
  <member type="way" ref="829413655" role="outer"/>
  <member type="way" ref="829413657" role="outer"/>
  <member type="way" ref="829413653" role="outer"/>
  <member type="way" ref="829413656" role="outer"/>
  <member type="way" ref="623549381" role="outer"/>
  <member type="way" ref="620976563" role="outer"/>
  <member type="way" ref="23638910" role="outer"/>
  <member type="way" ref="126470870" role="outer"/>
  <member type="way" ref="615329441" role="outer"/>
  <member type="way" ref="23638908" role="outer"/>
  <member type="way" ref="23623225" role="outer"/>
  <member type="way" ref="23638921" role="outer"/>
  <member type="way" ref="23638927" role="outer"/>
  <member type="way" ref="620976564" role="outer"/>
  <member type="way" ref="233913580" role="outer"/>
  <member type="way" ref="623149698" role="outer"/>
  <member type="way" ref="233913582" role="outer"/>
  <member type="way" ref="233913578" role="outer"/>
  <member type="way" ref="23623252" role="outer"/>
  <member type="way" ref="126470848" role="outer"/>
  <member type="way" ref="126470851" role="outer"/>
  <member type="way" ref="23638919" role="outer"/>
  <member type="way" ref="343954992" role="outer"/>
  <member type="way" ref="313870364" role="outer"/>
  <member type="way" ref="201989831" role="outer"/>
  <member type="way" ref="10663197" role="inner"/>
  <member type="way" ref="20324681" role="inner"/>
  <member type="way" ref="203774471" role="inner"/>
  <member type="way" ref="203756007" role="inner"/>
  <member type="way" ref="518953919" role="inner"/>
  <member type="way" ref="10662928" role="inner"/>
  <member type="way" ref="181098348" role="inner"/>
  <member type="way" ref="20324664" role="inner"/>
  <member type="way" ref="613501469" role="outer"/>
  <member type="way" ref="227912340" role="outer"/>
  <member type="way" ref="620630742" role="outer"/>
  <member type="way" ref="620631453" role="outer"/>
  <member type="way" ref="620413834" role="outer"/>
  <member type="way" ref="620917930" role="outer"/>
  <member type="way" ref="621233067" role="outer"/>
  <member type="way" ref="621577216" role="outer"/>
  <member type="way" ref="620636853" role="outer"/>
  <member type="way" ref="615651433" role="outer"/>
  <member type="way" ref="615651630" role="outer"/>
  <member type="way" ref="624755854" role="outer"/>
  <member type="way" ref="626243996" role="outer"/>
  <member type="way" ref="626244000" role="outer"/>
  <member type="way" ref="772631543" role="outer"/>
  <member type="way" ref="772631545" role="inner"/>
  <member type="way" ref="772631550" role="outer"/>
  <member type="way" ref="772631551" role="outer"/>
  <member type="way" ref="344396039" role="outer"/>
  <member type="way" ref="772654980" role="outer"/>
  <member type="way" ref="772654981" role="outer"/>
  <member type="way" ref="772654982" role="outer"/>
  <member type="way" ref="772654983" role="outer"/>
  <member type="way" ref="772654984" role="outer"/>
  <member type="way" ref="772654985" role="outer"/>
  <member type="way" ref="772654986" role="outer"/>
  <member type="way" ref="772631544" role="inner"/>
  <member type="way" ref="772631546" role="inner"/>
  <member type="way" ref="772631547" role="inner"/>
  <member type="way" ref="313867445" role="outer"/>
  <member type="way" ref="313873245" role="outer"/>
  <member type="way" ref="343952495" role="outer"/>
  <member type="way" ref="233913584" role="outer"/>
  <member type="way" ref="623868729" role="outer"/>
  <member type="way" ref="772654987" role="outer"/>
  <member type="way" ref="619166037" role="outer"/>
  <member type="way" ref="620632267" role="outer"/>
  <member type="node" ref="81590481" role="admin_centre"/>
  <member type="node" ref="249399280" role="label"/>
  <member type="relation" ref="153558" role="subarea"/>
  <member type="relation" ref="153550" role="subarea"/>
  <member type="relation" ref="153544" role="subarea"/>
  <member type="relation" ref="153543" role="subarea"/>
  <member type="relation" ref="153549" role="subarea"/>
  <member type="relation" ref="153538" role="subarea"/>
  <member type="relation" ref="153539" role="subarea"/>
  <member type="relation" ref="2405230" role="subarea"/>
  <member type="relation" ref="153547" role="subarea"/>
  <member type="relation" ref="1606727" role="subarea"/>
  <member type="relation" ref="153553" role="subarea"/>
  <member type="relation" ref="153540" role="subarea"/>
  <member type="relation" ref="153536" role="subarea"/>
  <member type="relation" ref="153541" role="subarea"/>
  <member type="relation" ref="153556" role="subarea"/>
  <member type="relation" ref="2849847" role="subarea"/>
  <member type="relation" ref="153551" role="subarea"/>
  <member type="relation" ref="153552" role="subarea"/>
  <member type="relation" ref="3592494" role="subarea"/>
  <member type="relation" ref="153548" role="subarea"/>
  <member type="relation" ref="153554" role="subarea"/>
  <member type="relation" ref="153545" role="subarea"/>
  <member type="relation" ref="1632167" role="subarea"/>
  <member type="relation" ref="3082668" role="subarea"/>
  <tag k="admin_level" v="2"/>
  <tag k="alt_name:be-tarask" v="Аргенціна"/>
  <tag k="alt_name:ckb" v="ئارجەنتین"/>
  <tag k="alt_name:co" v="Arghjintina"/>
  <tag k="alt_name:gn" v="Arahentína"/>
  <tag k="alt_name:kn" v="ಅರ್ಜೆಂಟೀನ ಗಣರಾಜ್ಯ"/>
  <tag k="alt_name:mzn" v="آرجانتین"/>
  <tag k="alt_name:nah" v="Argentina Tlācatlahtohcāyōtl"/>
  <tag k="alt_name:oc" v="Riu de la Plata"/>
  <tag k="alt_name:qu" v="Qullqillaqta"/>
  <tag k="alt_name:roa-rup" v="Arghentinescã"/>
  <tag k="alt_name:rw" v="Arijantina"/>
  <tag k="alt_name:ta" v="அர்ஜெந்தீனா"/>
  <tag k="alt_name:wo" v="Argentiin"/>
  <tag k="boundary" v="administrative"/>
  <tag k="capital_city" v="Buenos Aires"/>
  <tag k="country_code_fips" v="AR"/>
  <tag k="default_language" v="es"/>
  <tag k="driving_side" v="right"/>
  <tag k="flag" v="https://upload.wikimedia.org/wikipedia/commons/1/1a/Flag_of_Argentina.svg"/>
  <tag k="geonames:id" v="3865483"/>
  <tag k="int_name" v="Argentina"/>
  <tag k="ISO3166-1" v="AR"/>
  <tag k="ISO3166-1:alpha2" v="AR"/>
  <tag k="ISO3166-1:alpha3" v="ARG"/>
  <tag k="ISO3166-1:numeric" v="032"/>
  <tag k="name" v="Argentina"/>
  <tag k="name:ace" v="Argentina"/>
  <tag k="name:ady" v="Аргентинэ"/>
  <tag k="name:af" v="Argentinië"/>
  <tag k="name:ak" v="Agyɛntina"/>
  <tag k="name:als" v="Argentinie"/>
  <tag k="name:am" v="አርጀንቲና"/>
  <tag k="name:an" v="Archentina"/>
  <tag k="name:ang" v="Argentina"/>
  <tag k="name:ar" v="الأرجنتين"/>
  <tag k="name:arz" v="ارجنتين"/>
  <tag k="name:as" v="আৰ্জেণ্টিনা"/>
  <tag k="name:ast" v="Arxentina"/>
  <tag k="name:av" v="Аргентина"/>
  <tag k="name:ay" v="Arxintina"/>
  <tag k="name:az" v="Argentina"/>
  <tag k="name:azb" v="آرژانتین"/>
  <tag k="name:ba" v="Аргенти́на"/>
  <tag k="name:bar" v="Argentinien"/>
  <tag k="name:bat-smg" v="Argentėna"/>
  <tag k="name:bcl" v="Argentina"/>
  <tag k="name:be" v="Аргенці́на"/>
  <tag k="name:be-tarask" v="Аргенты́на"/>
  <tag k="name:bg" v="Аржентѝна"/>
  <tag k="name:bh" v="अर्जेन्टीना"/>
  <tag k="name:bi" v="Argentina"/>
  <tag k="name:bm" v="Argentina"/>
  <tag k="name:bn" v="আর্জেন্টিনা"/>
  <tag k="name:bo" v="ཨར་ཇེན་ཊི་ན།"/>
  <tag k="name:bpy" v="আর্জেন্টিনা"/>
  <tag k="name:br" v="Arc'hantina"/>
  <tag k="name:bs" v="Argentina"/>
  <tag k="name:bxr" v="Аргентина"/>
  <tag k="name:ca" v="Argentina"/>
  <tag k="name:cbk-zam" v="Argentina"/>
  <tag k="name:cdo" v="Ā-gŏng-dìng"/>
  <tag k="name:ce" v="Аргенти́на"/>
  <tag k="name:ceb" v="Arhentina"/>
  <tag k="name:ch" v="Argentina"/>
  <tag k="name:chr" v="ᎠᏥᏂᏘᏂᎠ"/>
  <tag k="name:ckb" v="ئەرجەنتین"/>
  <tag k="name:co" v="Argentina"/>
  <tag k="name:crh" v="Argentina"/>
  <tag k="name:cs" v="Argentina"/>
  <tag k="name:csb" v="Argentina"/>
  <tag k="name:cv" v="Аргентина"/>
  <tag k="name:cy" v="Ariannin"/>
  <tag k="name:da" v="Argentina"/>
  <tag k="name:de" v="Argentinien"/>
  <tag k="name:diq" v="Arcantin"/>
  <tag k="name:dsb" v="Argentinska"/>
  <tag k="name:dty" v="अर्जेन्टिना"/>
  <tag k="name:dv" v="އާޖެންޓީނާ"/>
  <tag k="name:dz" v="ཨར་ཇེན་ཊི་ན"/>
  <tag k="name:ee" v="Argentina"/>
  <tag k="name:el" v="Αργεντινή"/>
  <tag k="name:en" v="Argentina"/>
  <tag k="name:eo" v="Argentino"/>
  <tag k="name:es" v="Argentina"/>
  <tag k="name:et" v="Argentina"/>
  <tag k="name:eu" v="Argentina"/>
  <tag k="name:ext" v="Argentina"/>
  <tag k="name:fa" v="آرژانتین"/>
  <tag k="name:ff" v="Arjantiin"/>
  <tag k="name:fi" v="Argentiina"/>
  <tag k="name:fj" v="Argentina"/>
  <tag k="name:fo" v="Argentina"/>
  <tag k="name:fr" v="Argentine"/>
  <tag k="name:frp" v="Argentena"/>
  <tag k="name:frr" v="Argentiinien"/>
  <tag k="name:fur" v="Argjentine"/>
  <tag k="name:fy" v="Argentynje"/>
  <tag k="name:ga" v="an Airgintín"/>
  <tag k="name:gag" v="Argentina"/>
  <tag k="name:gan" v="阿根廷"/>
  <tag k="name:gd" v="Argentina"/>
  <tag k="name:gl" v="Arxentina"/>
  <tag k="name:gn" v="Argentina"/>
  <tag k="name:gom" v="आर्जेन्टिना"/>
  <tag k="name:gu" v="આર્જેન્ટીના"/>
  <tag k="name:gv" v="yn Argenteen"/>
  <tag k="name:ha" v="Argentina"/>
  <tag k="name:hak" v="Â-kîn-thìn"/>
  <tag k="name:haw" v="ʻAlekina"/>
  <tag k="name:he" v="ארגנטינה"/>
  <tag k="name:hi" v="अर्जेण्टीना"/>
  <tag k="name:hif" v="Argentina"/>
  <tag k="name:hr" v="Argentina"/>
  <tag k="name:hsb" v="Argentinska"/>
  <tag k="name:ht" v="Ajantin"/>
  <tag k="name:hu" v="Argentína"/>
  <tag k="name:hy" v="Արգենտինա"/>
  <tag k="name:ia" v="Argentina"/>
  <tag k="name:id" v="Argentina"/>
  <tag k="name:ie" v="Argentina"/>
  <tag k="name:ig" v="Argentina"/>
  <tag k="name:ilo" v="Arhentina"/>
  <tag k="name:io" v="Arjentinia"/>
  <tag k="name:is" v="Argentína"/>
  <tag k="name:it" v="Argentina"/>
  <tag k="name:ja" v="アルゼンチン"/>
  <tag k="name:ja-Latn" v="Aruzenchin"/>
  <tag k="name:jam" v="Aajentiina"/>
  <tag k="name:jbo" v="getygu'e"/>
  <tag k="name:jv" v="Argèntina"/>
  <tag k="name:ka" v="არგენტინა"/>
  <tag k="name:kaa" v="Argentina"/>
  <tag k="name:kab" v="Tarjentint"/>
  <tag k="name:kbd" v="Архенти́нэ"/>
  <tag k="name:kbp" v="Arzantiini"/>
  <tag k="name:kg" v="Arhentina"/>
  <tag k="name:ki" v="Argentina"/>
  <tag k="name:kk" v="Аргентина"/>
  <tag k="name:kl" v="Argentina"/>
  <tag k="name:km" v="អាហ្សង់ទីន"/>
  <tag k="name:kn" v="ಅರ್ಜೆಂಟೀನ"/>
  <tag k="name:ko" v="아르헨티나"/>
  <tag k="name:krc" v="Аргенти́на"/>
  <tag k="name:ks" v="أرجَنٹینا"/>
  <tag k="name:ksh" v="Ajjentiinije"/>
  <tag k="name:ku" v="Arjentîn"/>
  <tag k="name:kv" v="Аргентина"/>
  <tag k="name:kw" v="Arghantina"/>
  <tag k="name:ky" v="Аргентина"/>
  <tag k="name:la" v="Argentina"/>
  <tag k="name:lad" v="Arjentina"/>
  <tag k="name:lb" v="Argentinien"/>
  <tag k="name:lez" v="Аргентина"/>
  <tag k="name:lg" v="Arigentina"/>
  <tag k="name:li" v="Argentinië"/>
  <tag k="name:lij" v="Argentinn-a"/>
  <tag k="name:lmo" v="Argentina"/>
  <tag k="name:ln" v="Argentina"/>
  <tag k="name:lo" v="ອາກຊັງຕີນ"/>
  <tag k="name:lrc" v="آرجانتین"/>
  <tag k="name:lt" v="Argentina"/>
  <tag k="name:ltg" v="Argeņtina"/>
  <tag k="name:lv" v="Argentīna"/>
  <tag k="name:lzh" v="阿根廷"/>
  <tag k="name:mai" v="अर्जेन्टिना"/>
  <tag k="name:mg" v="Arjentina"/>
  <tag k="name:mhr" v="Аргентине"/>
  <tag k="name:mi" v="Āketina"/>
  <tag k="name:min" v="Argentina"/>
  <tag k="name:mk" v="Аргентина"/>
  <tag k="name:ml" v="അർജന്റീന"/>
  <tag k="name:mn" v="Аргентин"/>
  <tag k="name:mr" v="आर्जेन्टिना"/>
  <tag k="name:mrj" v="Аргентина"/>
  <tag k="name:ms" v="Argentina"/>
  <tag k="name:mt" v="Arġentina"/>
  <tag k="name:mwl" v="Argentina"/>
  <tag k="name:my" v="အာဂျင်တီးနားနိုင်ငံ"/>
  <tag k="name:mzn" v="آرژانتین"/>
  <tag k="name:na" v="Ardjentina"/>
  <tag k="name:nah" v="Argentina"/>
  <tag k="name:nan" v="Argentina"/>
  <tag k="name:nap" v="Argentina"/>
  <tag k="name:nds" v="Argentinien"/>
  <tag k="name:nds-nl" v="Argentinië"/>
  <tag k="name:ne" v="अर्जेन्टिना"/>
  <tag k="name:new" v="अर्जेन्टिना"/>
  <tag k="name:nl" v="Argentinië"/>
  <tag k="name:nn" v="Argentina"/>
  <tag k="name:no" v="Argentina"/>
  <tag k="name:nov" v="Argentina"/>
  <tag k="name:nrm" v="Argentinne"/>
  <tag k="name:nso" v="Argentina"/>
  <tag k="name:nv" v="Béésh Łigaii Bikéyah"/>
  <tag k="name:oc" v="Argentina"/>
  <tag k="name:olo" v="Argentiinu"/>
  <tag k="name:om" v="Arjentiinaa"/>
  <tag k="name:or" v="ଆର୍ଜେଣ୍ଟିନା"/>
  <tag k="name:os" v="Аргентинæ"/>
  <tag k="name:pa" v="ਅਰਜਨਟੀਨਾ"/>
  <tag k="name:pag" v="Argentina"/>
  <tag k="name:pam" v="Argentina"/>
  <tag k="name:pap" v="Argentina"/>
  <tag k="name:pdc" v="Artschenti"/>
  <tag k="name:pfl" v="Argentinje"/>
  <tag k="name:pi" v="अर्जन्टीना"/>
  <tag k="name:pih" v="Aajentiina"/>
  <tag k="name:pl" v="Argentyna"/>
  <tag k="name:pms" v="Argentin-a"/>
  <tag k="name:pnb" v="ارجنٹاین"/>
  <tag k="name:ps" v="ارجنټاین"/>
  <tag k="name:pt" v="Argentina"/>
  <tag k="name:qu" v="Arhintina"/>
  <tag k="name:rm" v="Argentinia"/>
  <tag k="name:rmy" v="Arxentina"/>
  <tag k="name:rn" v="Argentine"/>
  <tag k="name:ro" v="Argentina"/>
  <tag k="name:roa-rup" v="Arghentina"/>
  <tag k="name:roa-tara" v="Argendine"/>
  <tag k="name:ru" v="Аргентина"/>
  <tag k="name:rue" v="Арґентина"/>
  <tag k="name:rw" v="Arijantine"/>
  <tag k="name:sa" v="अर्जण्टिना"/>
  <tag k="name:sah" v="Аргентина"/>
  <tag k="name:sc" v="Argentina"/>
  <tag k="name:scn" v="Argintina"/>
  <tag k="name:sco" v="Argentinae"/>
  <tag k="name:se" v="Argentiinná"/>
  <tag k="name:sg" v="Arzantîna"/>
  <tag k="name:sh" v="Argentina"/>
  <tag k="name:si" v="ආජන්ටිනාව"/>
  <tag k="name:sk" v="Argentína"/>
  <tag k="name:sl" v="Argentina"/>
  <tag k="name:sm" v="Atenitina"/>
  <tag k="name:smn" v="Argentiina"/>
  <tag k="name:sms" v="Argentiin"/>
  <tag k="name:sn" v="Argentina"/>
  <tag k="name:so" v="Arjantiina"/>
  <tag k="name:sq" v="Argjentina"/>
  <tag k="name:sr" v="Аргентина"/>
  <tag k="name:srn" v="Argentinikondre"/>
  <tag k="name:stq" v="Argentinien"/>
  <tag k="name:su" v="Argéntina"/>
  <tag k="name:sv" v="Argentina"/>
  <tag k="name:sw" v="Argentina"/>
  <tag k="name:szl" v="Argyntyna"/>
  <tag k="name:ta" v="அர்கெந்தீனா"/>
  <tag k="name:te" v="అర్జెంటీనా"/>
  <tag k="name:tet" v="Arjentina"/>
  <tag k="name:tg" v="Аргенти́на"/>
  <tag k="name:th" v="อาร์เจนตินา"/>
  <tag k="name:ti" v="አርጀንቲና"/>
  <tag k="name:tk" v="Argentina"/>
  <tag k="name:tl" v="Arhentina"/>
  <tag k="name:to" v="ʻAsenitina"/>
  <tag k="name:tok" v="ma Alensina"/>
  <tag k="name:tpi" v="Ajentina"/>
  <tag k="name:tr" v="Arjantin"/>
  <tag k="name:ts" v="Arjentina"/>
  <tag k="name:tt" v="Аргенти́на"/>
  <tag k="name:tum" v="Argentina"/>
  <tag k="name:tw" v="Argentina"/>
  <tag k="name:ty" v="’Atetina"/>
  <tag k="name:tyv" v="Аргентина"/>
  <tag k="name:tzl" v="Arxhentì"/>
  <tag k="name:udm" v="Аргентина"/>
  <tag k="name:ug" v="ئارگېنتىنا"/>
  <tag k="name:uk" v="Аргенти́на"/>
  <tag k="name:ur" v="ارجنٹائن"/>
  <tag k="name:uz" v="Argentina"/>
  <tag k="name:vec" v="Argentina"/>
  <tag k="name:vep" v="Argentin"/>
  <tag k="name:vi" v="Argentina"/>
  <tag k="name:vls" v="Argentinië"/>
  <tag k="name:vo" v="Largäntän"/>
  <tag k="name:vro" v="Argentina"/>
  <tag k="name:wa" v="Årdjintene"/>
  <tag k="name:war" v="Argentina"/>
  <tag k="name:wo" v="Arsantin"/>
  <tag k="name:wuu" v="阿根廷"/>
  <tag k="name:xal" v="Эрҗентудин"/>
  <tag k="name:xmf" v="არგენტინა"/>
  <tag k="name:yi" v="אַרגענטינע"/>
  <tag k="name:yo" v="Argẹntínà"/>
  <tag k="name:yue" v="阿根廷"/>
  <tag k="name:za" v="Argentina"/>
  <tag k="name:zea" v="Arhentinië"/>
  <tag k="name:zh" v="阿根廷"/>
  <tag k="name:zh-Hans" v="阿根廷"/>
  <tag k="name:zh-Hant" v="阿根廷"/>
  <tag k="name:zu" v="i-Argentina"/>
  <tag k="official_name" v="República Argentina"/>
  <tag k="official_name:af" v="Argentynse Republiek"/>
  <tag k="official_name:als" v="Argentinischi Republik"/>
  <tag k="official_name:am" v="አርጀንቲናዊ ሬፑብሊክ"/>
  <tag k="official_name:an" v="Republica Archentina"/>
  <tag k="official_name:ar" v="جمهورية الأرجنتين"/>
  <tag k="official_name:arz" v="الجمهوريه الارچنتينيه"/>
  <tag k="official_name:ast" v="República Arxentina"/>
  <tag k="official_name:av" v="ЖумхIурият Аргентина"/>
  <tag k="official_name:ay" v="Arjintina Republika"/>
  <tag k="official_name:az" v="Argentina Respublikası"/>
  <tag k="official_name:azb" v="آرژانتین جومهوریسی"/>
  <tag k="official_name:ba" v="Аргентина Республикаһы"/>
  <tag k="official_name:bar" v="Argentinische Republik"/>
  <tag k="official_name:bat-smg" v="Argentėnas Respoblėka"/>
  <tag k="official_name:be" v="Аргенці́нская Рэспу́бліка"/>
  <tag k="official_name:be-tarask" v="Рэспу́бліка Аргенты́на"/>
  <tag k="official_name:bg" v="Република Аржентина"/>
  <tag k="official_name:bm" v="Argentina Fasojamana"/>
  <tag k="official_name:bn" v="আর্জেন্টিনীয় প্রজাতন্ত্র"/>
  <tag k="official_name:bpy" v="প্রজাতন্ত্রি আর্জেন্টিনা"/>
  <tag k="official_name:bs" v="Republika Argentina"/>
  <tag k="official_name:bxr" v="Бүгэдэ Найрамдаха Аргентинэ Улас"/>
  <tag k="official_name:ca" v="República Argentina"/>
  <tag k="official_name:cbk-zam" v="República Argentina"/>
  <tag k="official_name:ce" v="Аргентинан Пачхьалкх"/>
  <tag k="official_name:chr" v="ᎠᏥᏂᏘᏂᎠ ᏍᎦᏚᎩ"/>
  <tag k="official_name:ckb" v="کۆماری ئەرجەنتین"/>
  <tag k="official_name:crh" v="Argentina Cumhuriyeti"/>
  <tag k="official_name:cs" v="Argentinská republika"/>
  <tag k="official_name:cv" v="Аргентина Республики"/>
  <tag k="official_name:cy" v="Gweriniaeth yr Ariannin"/>
  <tag k="official_name:da" v="Argentinske Republik"/>
  <tag k="official_name:de" v="Argentinische Republik"/>
  <tag k="official_name:dsb" v="Republika Argentinska"/>
  <tag k="official_name:el" v="Δημοκρατία της Αργεντινής"/>
  <tag k="official_name:en" v="Argentine Republic"/>
  <tag k="official_name:eo" v="Argentina Respubliko"/>
  <tag k="official_name:es" v="República Argentina"/>
  <tag k="official_name:et" v="Argentina Vabariik"/>
  <tag k="official_name:eu" v="Argentinako Errepublika"/>
  <tag k="official_name:ext" v="Repúbrica Argentina"/>
  <tag k="official_name:fa" v="جمهوری آرژانتین"/>
  <tag k="official_name:fi" v="Argentiinan tasavalta"/>
  <tag k="official_name:fo" v="Lýðveldið Argentina"/>
  <tag k="official_name:fr" v="République Argentine"/>
  <tag k="official_name:frp" v="Rèpublica argentina"/>
  <tag k="official_name:frr" v="Argentiinsk Republiik"/>
  <tag k="official_name:fur" v="Republiche Argjentine"/>
  <tag k="official_name:fy" v="Argentynske Republyk"/>
  <tag k="official_name:gan" v="阿根廷共和國"/>
  <tag k="official_name:gd" v="an Argantain"/>
  <tag k="official_name:gl" v="República Arxentina"/>
  <tag k="official_name:gn" v="Tetã Argentina"/>
  <tag k="official_name:gu" v="આર્જેન્ટીના ગણરાજ્ય"/>
  <tag k="official_name:gv" v="Pobblaght ny h-Argenteen"/>
  <tag k="official_name:ha" v="Jamhuriyar Argentina"/>
  <tag k="official_name:haw" v="Lepupalika o ʻAlekina"/>
  <tag k="official_name:he" v="הרפובליקה הארגנטינאית"/>
  <tag k="official_name:hi" v="अर्जेन्टीना गणराज्य"/>
  <tag k="official_name:hif" v="República Argentina"/>
  <tag k="official_name:hr" v="Argentinska Republika"/>
  <tag k="official_name:hsb" v="Republika Argentinska"/>
  <tag k="official_name:hu" v="Argentin Köztársaság"/>
  <tag k="official_name:hy" v="Արգենտինայի Հանրապետություն"/>
  <tag k="official_name:ia" v="Republica Argentin"/>
  <tag k="official_name:id" v="Republik Argentina"/>
  <tag k="official_name:ilo" v="Arhentino a Republika"/>
  <tag k="official_name:io" v="Republiko Arjentinia"/>
  <tag k="official_name:is" v="Argentínska lýðveldið"/>
  <tag k="official_name:it" v="Repubblica Argentina"/>
  <tag k="official_name:ja" v="アルゼンチン共和国"/>
  <tag k="official_name:jam" v="Aajentiin Ripoblik"/>
  <tag k="official_name:ka" v="არგენტინის რესპუბლიკა"/>
  <tag k="official_name:kbd" v="Республикэ Архентинэ"/>
  <tag k="official_name:kk" v="Аргентина Республикасы"/>
  <tag k="official_name:kl" v="Kunngiitsuuffik Argentina"/>
  <tag k="official_name:kn" v="ರಿಪಬ್ಲಿಕ ಅರ್ಜೆಂಟೀನ"/>
  <tag k="official_name:ko" v="아르헨티나 공화국"/>
  <tag k="official_name:krc" v="Аргенти́на Респу́блика"/>
  <tag k="official_name:ku" v="Komara Arjentînê"/>
  <tag k="official_name:kv" v="Аргентина Республика"/>
  <tag k="official_name:kw" v="Repoblek Arghantinek"/>
  <tag k="official_name:ky" v="Аргентинa Республикaсы"/>
  <tag k="official_name:la" v="res publica Argentina"/>
  <tag k="official_name:lad" v="Republika Arjentina"/>
  <tag k="official_name:lb" v="Republik Argentinien"/>
  <tag k="official_name:lez" v="Аргентинадин Республика"/>
  <tag k="official_name:li" v="Rippebliek Argentinië"/>
  <tag k="official_name:lmo" v="Repübliga Argentina"/>
  <tag k="official_name:lo" v="ສາທາລະນະລັດອາກຊັງຕິນ"/>
  <tag k="official_name:lt" v="Argentinos Respublika"/>
  <tag k="official_name:ltg" v="Argeņtinys Republika"/>
  <tag k="official_name:lv" v="Argentīnas Republika"/>
  <tag k="official_name:lzh" v="阿根廷共和國"/>
  <tag k="official_name:mai" v="अर्जेन्टिना गणतन्त्र"/>
  <tag k="official_name:mg" v="Repoblika Arjentina"/>
  <tag k="official_name:mi" v="Te Whenua Tū Wehe o Āketina"/>
  <tag k="official_name:mk" v="Аргентинска Република"/>
  <tag k="official_name:ml" v="അർജന്റീന റിപ്പബ്ലിക്ക്"/>
  <tag k="official_name:mn" v="Бүгд Найрамдах Аргентин Улс"/>
  <tag k="official_name:mr" v="आर्जेन्टिनाचे प्रजासत्ताक"/>
  <tag k="official_name:mrj" v="Аргентина Республика"/>
  <tag k="official_name:ms" v="Republik Argentina"/>
  <tag k="official_name:mt" v="Repubblika Arġentina"/>
  <tag k="official_name:mwl" v="República Argentina"/>
  <tag k="official_name:mzn" v="آرژانتین جمهوری"/>
  <tag k="official_name:nah" v="Ticpatlahua Argentina"/>
  <tag k="official_name:nan" v="Argentina Kiōng-hô-kok"/>
  <tag k="official_name:nap" v="Repubbreca Argentina"/>
  <tag k="official_name:nds" v="Republiek Argentinien"/>
  <tag k="official_name:nds-nl" v="Republiek Argentinië"/>
  <tag k="official_name:ne" v="अर्जेन्टिनी गणतन्त्र"/>
  <tag k="official_name:new" v="गणतन्त्र अर्जेन्टिना"/>
  <tag k="official_name:nl" v="Argentijnse Republiek"/>
  <tag k="official_name:nn" v="Republikk Argentina"/>
  <tag k="official_name:no" v="Republikken Argentina"/>
  <tag k="official_name:nov" v="Republike de Argentina"/>
  <tag k="official_name:oc" v="Republica Argentina"/>
  <tag k="official_name:os" v="Аргентинæйы Республикæ"/>
  <tag k="official_name:pa" v="ਅਰਜਨਟੀਨ ਗਣਰਾਜ"/>
  <tag k="official_name:pam" v="Argentina Republica"/>
  <tag k="official_name:pap" v="Repúblika Argentino"/>
  <tag k="official_name:pfl" v="Republik Argentinje"/>
  <tag k="official_name:pl" v="Republika Argentyńska"/>
  <tag k="official_name:pms" v="Repùblica Argentin-a"/>
  <tag k="official_name:pt" v="República Argentina"/>
  <tag k="official_name:qu" v="Arhintina Ripuwlika"/>
  <tag k="official_name:rm" v="Republica Argentinia"/>
  <tag k="official_name:rmy" v="Republika Arxentina"/>
  <tag k="official_name:ro" v="Republica Argentina"/>
  <tag k="official_name:roa-rup" v="Republica Arghentinescã"/>
  <tag k="official_name:roa-tara" v="Repubbleche Argendine"/>
  <tag k="official_name:ru" v="Аргентинская Республика"/>
  <tag k="official_name:rue" v="Арґентиньска републіка"/>
  <tag k="official_name:sah" v="Аргентина Республиката"/>
  <tag k="official_name:sc" v="Repubblica Argentina"/>
  <tag k="official_name:scn" v="Ripubblicca Argintina"/>
  <tag k="official_name:sco" v="Argentine Republic"/>
  <tag k="official_name:se" v="Argentiinná dásseváldi"/>
  <tag k="official_name:sh" v="Argentinska Republika"/>
  <tag k="official_name:si" v="ආජන්ටිනා සමුහාණ්ඩුව"/>
  <tag k="official_name:sk" v="Argentínska republika"/>
  <tag k="official_name:sl" v="Argentinska republika"/>
  <tag k="official_name:so" v="Jamhuuriyadda Arjantiina"/>
  <tag k="official_name:sq" v="Republika Argjentine"/>
  <tag k="official_name:sr" v="Република Аргентина"/>
  <tag k="official_name:stq" v="Republik Argentinien"/>
  <tag k="official_name:su" v="Républik Argéntina"/>
  <tag k="official_name:sv" v="Republiken Argentina"/>
  <tag k="official_name:sw" v="Jamhuri ya Argentina"/>
  <tag k="official_name:szl" v="Republika Argyntyńskŏ"/>
  <tag k="official_name:ta" v="அர்கெந்தீனா குடியரசு"/>
  <tag k="official_name:te" v="రిపబ్లికా అర్జెంటీనా"/>
  <tag k="official_name:tet" v="Repúblika Arjentina"/>
  <tag k="official_name:tg" v="Ҷумҳурии Аргентина"/>
  <tag k="official_name:th" v="สาธารณรัฐอาร์เจนตินา"/>
  <tag k="official_name:tk" v="Argentina Respublikasy"/>
  <tag k="official_name:tl" v="Republikang Arhentino"/>
  <tag k="official_name:tr" v="Arjantin Cumhuriyeti"/>
  <tag k="official_name:tt" v="Аргентина Җөмһүрияте"/>
  <tag k="official_name:udm" v="Аргентина Республика"/>
  <tag k="official_name:ug" v="ئاندوررا كېنەزلىكى"/>
  <tag k="official_name:uk" v="Аргенти́нська Респу́бліка"/>
  <tag k="official_name:ur" v="جمہوریہ ارجنٹائن"/>
  <tag k="official_name:uz" v="Argenti-na Respublikasi"/>
  <tag k="official_name:vec" v="Republica Argentina"/>
  <tag k="official_name:vep" v="Argentinan Tazovaldkund"/>
  <tag k="official_name:vi" v="Cộng hòa Argentina"/>
  <tag k="official_name:vls" v="Republiek Argentinië"/>
  <tag k="official_name:vo" v="Republik Largäntänik"/>
  <tag k="official_name:vro" v="Argentina Vabariik"/>
  <tag k="official_name:war" v="Republika Argentina"/>
  <tag k="official_name:wo" v="Republik bu Argentiin"/>
  <tag k="official_name:wuu" v="阿根廷共和国"/>
  <tag k="official_name:xal" v="Эрҗентудин Орн"/>
  <tag k="official_name:xmf" v="არგენტინაშ რესპუბლიკა"/>
  <tag k="official_name:yi" v="אַרגענטינער רעפובליק"/>
  <tag k="official_name:yo" v="Republic Argẹntínà"/>
  <tag k="official_name:yue" v="阿根廷共和國"/>
  <tag k="official_name:zea" v="Rippebliek Arhentinië"/>
  <tag k="official_name:zh" v="阿根廷共和国 / 阿根廷共和國"/>
  <tag k="official_name:zh-Hans" v="阿根廷共和国"/>
  <tag k="official_name:zh-Hant" v="阿根廷共和國"/>
  <tag k="old_name:vi" v="Á Căn Đình"/>
  <tag k="population" v="47327407"/>
  <tag k="population:date" v="2022-05-20"/>
  <tag k="type" v="boundary"/>
  <tag k="wikidata" v="Q414"/>
  <tag k="wikimedia_commons" v="Category:Argentina"/>
  <tag k="wikipedia" v="es:Argentina"/>
 </relation>
 <relation id="1376333" visible="true" version="272" changeset="188504575" timestamp="2026-09-04T02:59:02Z" user="AgusQui" uid="331218">
  <member type="way" ref="285117358" role=""/>
  <member type="way" ref="79876737" role=""/>
  <member type="way" ref="79876726" role=""/>
  <member type="way" ref="79876728" role=""/>
  <member type="way" ref="469614410" role=""/>
  <member type="way" ref="469614411" role=""/>
  <member type="way" ref="1332940754" role=""/>
  <member type="way" ref="469614413" role=""/>
  <member type="way" ref="38400982" role=""/>
  <member type="way" ref="479980061" role=""/>
  <member type="way" ref="291042083" role=""/>
  <member type="way" ref="898599966" role=""/>
  <member type="way" ref="1073144674" role=""/>
  <member type="way" ref="1486219386" role=""/>
  <member type="way" ref="1486219387" role=""/>
  <member type="way" ref="1486219388" role=""/>
  <member type="way" ref="649711904" role=""/>
  <member type="way" ref="1073144675" role=""/>
  <member type="way" ref="1073144676" role=""/>
  <member type="way" ref="1341065402" role=""/>
  <member type="way" ref="1445743528" role=""/>
  <member type="way" ref="956732703" role=""/>
  <member type="way" ref="1445743527" role=""/>
  <member type="way" ref="1376496791" role=""/>
  <member type="way" ref="1073144678" role=""/>
  <member type="way" ref="1073150740" role=""/>
  <member type="way" ref="48052799" role=""/>
  <member type="way" ref="632064833" role=""/>
  <member type="way" ref="1073150741" role=""/>
  <member type="way" ref="632064834" role=""/>
  <member type="way" ref="473260148" role=""/>
  <member type="way" ref="473260152" role=""/>
  <member type="way" ref="17441481" role=""/>
  <member type="way" ref="473260159" role=""/>
  <member type="way" ref="1282340649" role=""/>
  <member type="way" ref="473260163" role=""/>
  <member type="way" ref="21265224" role=""/>
  <member type="way" ref="66403581" role=""/>
  <member type="way" ref="1445752925" role=""/>
  <member type="way" ref="66403582" role=""/>
  <member type="way" ref="292025694" role=""/>
  <member type="way" ref="1423784504" role=""/>
  <member type="way" ref="509366992" role=""/>
  <member type="way" ref="110151106" role=""/>
  <member type="way" ref="1344993126" role=""/>
  <member type="way" ref="27862122" role=""/>
  <member type="way" ref="63911095" role=""/>
  <member type="way" ref="515964047" role=""/>
  <member type="way" ref="1244697503" role=""/>
  <member type="way" ref="454605791" role=""/>
  <member type="way" ref="419995038" role=""/>
  <member type="way" ref="301608075" role=""/>
  <member type="way" ref="1244697502" role=""/>
  <member type="way" ref="1244697504" role=""/>
  <member type="way" ref="301608081" role=""/>
  <member type="way" ref="419995039" role=""/>
  <member type="way" ref="205314874" role=""/>
  <member type="way" ref="515964048" role=""/>
  <member type="way" ref="1486219403" role=""/>
  <member type="way" ref="63911106" role=""/>
  <member type="way" ref="1455905144" role=""/>
  <member type="way" ref="63911118" role=""/>
  <member type="way" ref="63911097" role=""/>
  <member type="way" ref="63911109" role=""/>
  <member type="way" ref="47099088" role=""/>
  <member type="way" ref="63911116" role=""/>
  <member type="way" ref="63911119" role=""/>
  <member type="way" ref="30567323" role=""/>
  <member type="way" ref="38546007" role=""/>
  <member type="way" ref="776131279" role=""/>
  <member type="way" ref="1227482950" role=""/>
  <member type="way" ref="30567311" role=""/>
  <member type="way" ref="258848049" role=""/>
  <member type="way" ref="38400976" role=""/>
  <member type="way" ref="533266586" role=""/>
  <member type="way" ref="110162980" role=""/>
  <member type="way" ref="38400975" role=""/>
  <member type="way" ref="291042076" role=""/>
  <member type="way" ref="288588217" role=""/>
  <member type="way" ref="288588218" role=""/>
  <member type="way" ref="17438048" role=""/>
  <member type="way" ref="4651802" role=""/>
  <member type="way" ref="305352915" role=""/>
  <member type="way" ref="961427717" role=""/>
  <member type="way" ref="161365793" role=""/>
  <member type="way" ref="161365794" role=""/>
  <member type="way" ref="348072877" role=""/>
  <member type="way" ref="4781013" role=""/>
  <member type="way" ref="425628918" role=""/>
  <member type="way" ref="4762896" role=""/>
  <member type="way" ref="132652496" role=""/>
  <member type="way" ref="970377771" role=""/>
  <member type="way" ref="970379623" role=""/>
  <member type="way" ref="969953930" role=""/>
  <member type="way" ref="970379686" role=""/>
  <member type="way" ref="970379989" role=""/>
  <member type="way" ref="970379988" role=""/>
  <member type="way" ref="970379990" role=""/>
  <member type="way" ref="954699702" role=""/>
  <member type="way" ref="954699700" role=""/>
  <member type="way" ref="969318731" role=""/>
  <member type="way" ref="463770641" role=""/>
  <member type="way" ref="969318734" role=""/>
  <member type="way" ref="970065925" role=""/>
  <member type="way" ref="970066459" role=""/>
  <member type="way" ref="465002070" role=""/>
  <member type="way" ref="958993902" role=""/>
  <member type="way" ref="958993901" role=""/>
  <member type="way" ref="954765116" role=""/>
  <member type="way" ref="957696160" role=""/>
  <member type="way" ref="957696161" role=""/>
  <member type="way" ref="132363898" role=""/>
  <member type="way" ref="957696401" role=""/>
  <member type="way" ref="1333301859" role=""/>
  <member type="way" ref="954695946" role=""/>
  <member type="way" ref="969318429" role=""/>
  <member type="way" ref="969318428" role=""/>
  <member type="way" ref="969318431" role=""/>
  <member type="way" ref="957696404" role=""/>
  <member type="way" ref="970114801" role=""/>
  <member type="way" ref="970114782" role=""/>
  <member type="way" ref="970114781" role=""/>
  <member type="way" ref="970114429" role=""/>
  <member type="way" ref="970114396" role=""/>
  <member type="way" ref="969859225" role=""/>
  <member type="way" ref="957691558" role=""/>
  <member type="way" ref="954764613" role=""/>
  <member type="way" ref="1335186853" role=""/>
  <member type="way" ref="79291724" role=""/>
  <member type="way" ref="1031674784" role=""/>
  <member type="way" ref="79291758" role=""/>
  <member type="way" ref="79291740" role=""/>
  <member type="way" ref="107497604" role=""/>
  <member type="way" ref="107497600" role=""/>
  <member type="way" ref="119241307" role=""/>
  <member type="way" ref="119241318" role=""/>
  <member type="way" ref="62898073" role=""/>
  <member type="way" ref="62897946" role=""/>
  <member type="way" ref="62897989" role=""/>
  <member type="way" ref="62897909" role=""/>
  <member type="way" ref="62897956" role=""/>
  <member type="way" ref="62898002" role=""/>
  <member type="way" ref="467876206" role=""/>
  <member type="way" ref="467876205" role=""/>
  <member type="way" ref="467876207" role=""/>
  <member type="way" ref="62897891" role=""/>
  <member type="way" ref="62898005" role=""/>
  <member type="way" ref="62898093" role=""/>
  <member type="way" ref="133915536" role=""/>
  <member type="way" ref="62898104" role=""/>
  <member type="way" ref="155710110" role=""/>
  <member type="way" ref="1267609272" role=""/>
  <member type="way" ref="375751567" role=""/>
  <member type="way" ref="1267609271" role=""/>
  <member type="way" ref="375751565" role=""/>
  <member type="way" ref="155710100" role=""/>
  <member type="way" ref="1423831968" role=""/>
  <member type="way" ref="62898036" role=""/>
  <member type="way" ref="240590126" role=""/>
  <member type="way" ref="699009406" role=""/>
  <member type="way" ref="79498817" role=""/>
  <member type="way" ref="699009407" role=""/>
  <member type="way" ref="954764979" role=""/>
  <member type="way" ref="255861799" role=""/>
  <member type="way" ref="690847967" role=""/>
  <member type="way" ref="62897988" role=""/>
  <member type="way" ref="1423831964" role=""/>
  <member type="way" ref="1423831963" role=""/>
  <member type="way" ref="1267609265" role=""/>
  <member type="way" ref="419608655" role=""/>
  <member type="way" ref="47308585" role=""/>
  <member type="way" ref="1324502911" role=""/>
  <member type="way" ref="690844882" role=""/>
  <member type="way" ref="970505231" role=""/>
  <member type="way" ref="419606570" role=""/>
  <member type="way" ref="224820819" role=""/>
  <member type="way" ref="419107801" role=""/>
  <member type="way" ref="62897824" role=""/>
  <member type="way" ref="419606568" role=""/>
  <member type="way" ref="281754916" role=""/>
  <member type="way" ref="1164585043" role=""/>
  <member type="way" ref="1267609264" role=""/>
  <member type="way" ref="1554933753" role=""/>
  <member type="way" ref="419606569" role=""/>
  <member type="way" ref="1164585042" role=""/>
  <member type="way" ref="297401022" role=""/>
  <member type="way" ref="611886122" role=""/>
  <member type="way" ref="611886124" role=""/>
  <member type="way" ref="1031834179" role=""/>
  <member type="way" ref="1435802199" role=""/>
  <member type="way" ref="419603264" role=""/>
  <member type="way" ref="1027577092" role=""/>
  <member type="way" ref="611886127" role=""/>
  <member type="way" ref="611886132" role=""/>
  <member type="way" ref="419370353" role=""/>
  <member type="way" ref="279673240" role=""/>
  <member type="way" ref="62897930" role=""/>
  <member type="way" ref="62898113" role=""/>
  <member type="way" ref="106932795" role=""/>
  <member type="way" ref="1012322132" role=""/>
  <member type="way" ref="1267609263" role=""/>
  <member type="way" ref="418587783" role=""/>
  <member type="way" ref="1267609263" role=""/>
  <member type="way" ref="418587783" role=""/>
  <member type="way" ref="1012322132" role=""/>
  <member type="way" ref="419370354" role=""/>
  <member type="way" ref="62898050" role=""/>
  <member type="way" ref="418587789" role=""/>
  <member type="way" ref="419370351" role=""/>
  <member type="way" ref="418587790" role=""/>
  <member type="way" ref="1093993213" role=""/>
  <member type="way" ref="62897758" role=""/>
  <member type="way" ref="62897965" role=""/>
  <member type="way" ref="1333304553" role=""/>
  <member type="way" ref="1333304551" role=""/>
  <member type="way" ref="79498815" role=""/>
  <member type="way" ref="954759833" role=""/>
  <member type="way" ref="970376718" role=""/>
  <member type="way" ref="62897936" role=""/>
  <member type="way" ref="20459486" role=""/>
  <member type="way" ref="1308941072" role=""/>
  <member type="way" ref="241061802" role=""/>
  <member type="way" ref="20459488" role=""/>
  <member type="way" ref="704905409" role=""/>
  <member type="way" ref="1237446642" role=""/>
  <member type="way" ref="20459490" role=""/>
  <member type="way" ref="1237446641" role=""/>
  <member type="way" ref="241194498" role=""/>
  <member type="way" ref="241194497" role=""/>
  <member type="way" ref="18961386" role=""/>
  <member type="way" ref="301608080" role=""/>
  <member type="way" ref="23633575" role=""/>
  <member type="way" ref="418576256" role=""/>
  <member type="way" ref="301608079" role=""/>
  <member type="way" ref="301608083" role=""/>
  <member type="way" ref="301608076" role=""/>
  <member type="way" ref="418587775" role=""/>
  <member type="way" ref="969856007" role=""/>
  <member type="way" ref="219731990" role=""/>
  <member type="way" ref="969843937" role=""/>
  <member type="way" ref="62898111" role=""/>
  <member type="way" ref="47308740" role=""/>
  <member type="way" ref="47303245" role=""/>
  <member type="way" ref="47304440" role=""/>
  <member type="way" ref="62897983" role=""/>
  <member type="way" ref="958978871" role=""/>
  <member type="way" ref="954722936" role=""/>
  <member type="way" ref="954695103" role=""/>
  <member type="way" ref="954696476" role=""/>
  <member type="way" ref="954696477" role=""/>
  <member type="way" ref="132390513" role=""/>
  <member type="way" ref="1353994391" role=""/>
  <member type="way" ref="1353994392" role=""/>
  <member type="way" ref="138999599" role=""/>
  <member type="way" ref="954724680" role=""/>
  <member type="way" ref="22983492" role=""/>
  <member type="way" ref="425628923" role=""/>
  <member type="way" ref="96760562" role=""/>
  <member type="way" ref="96763992" role=""/>
  <member type="way" ref="476147484" role=""/>
  <member type="way" ref="96763991" role=""/>
  <member type="way" ref="255624868" role=""/>
  <member type="way" ref="223092045" role=""/>
  <member type="way" ref="4762892" role=""/>
  <member type="way" ref="473170454" role=""/>
  <member type="way" ref="476147481" role=""/>
  <member type="way" ref="222720125" role=""/>
  <member type="way" ref="610050057" role=""/>
  <member type="way" ref="425628926" role=""/>
  <member type="way" ref="106932806" role=""/>
  <member type="way" ref="375751564" role=""/>
  <member type="way" ref="4762893" role=""/>
  <member type="way" ref="163156268" role=""/>
  <member type="way" ref="132390512" role=""/>
  <member type="way" ref="1455793048" role=""/>
  <member type="way" ref="954722945" role=""/>
  <member type="way" ref="954722938" role=""/>
  <member type="way" ref="957696573" role=""/>
  <member type="way" ref="969859177" role=""/>
  <member type="way" ref="970376813" role=""/>
  <member type="way" ref="970376812" role=""/>
  <member type="way" ref="970114783" role=""/>
  <member type="way" ref="957696580" role=""/>
  <member type="way" ref="957696581" role=""/>
  <member type="way" ref="1019794339" role=""/>
  <member type="way" ref="464854385" role=""/>
  <member type="way" ref="954754796" role=""/>
  <member type="way" ref="957691559" role=""/>
  <member type="way" ref="957691561" role=""/>
  <member type="way" ref="129996889" role=""/>
  <member type="way" ref="381982456" role=""/>
  <member type="way" ref="957696405" role=""/>
  <member type="way" ref="957691563" role=""/>
  <member type="way" ref="465963929" role=""/>
  <member type="way" ref="465963930" role=""/>
  <member type="way" ref="47304458" role=""/>
  <member type="way" ref="382003746" role=""/>
  <member type="way" ref="1333308637" role=""/>
  <member type="way" ref="382003744" role=""/>
  <member type="way" ref="1063110003" role=""/>
  <member type="way" ref="18943981" role=""/>
  <member type="way" ref="47003117" role=""/>
  <member type="way" ref="288586707" role=""/>
  <member type="way" ref="725238682" role=""/>
  <member type="way" ref="1423784505" role=""/>
  <member type="way" ref="1486219390" role=""/>
  <member type="way" ref="48052802" role=""/>
  <member type="way" ref="21265234" role=""/>
  <member type="way" ref="515964044" role=""/>
  <member type="way" ref="1271887222" role=""/>
  <member type="way" ref="292025692" role=""/>
  <member type="way" ref="1442107925" role=""/>
  <member type="way" ref="48052792" role=""/>
  <member type="way" ref="17448289" role=""/>
  <member type="way" ref="419370352" role=""/>
  <member type="way" ref="62897954" role=""/>
  <member type="way" ref="106932819" role=""/>
  <member type="way" ref="418587783" role=""/>
  <member type="way" ref="1267609263" role=""/>
  <member type="way" ref="1012322132" role=""/>
  <member type="way" ref="418576253" role=""/>
  <member type="way" ref="301608082" role=""/>
  <member type="way" ref="713959017" role=""/>
  <member type="way" ref="1281296022" role=""/>
  <member type="way" ref="47098825" role=""/>
  <member type="way" ref="699009404" role=""/>
  <member type="way" ref="699023601" role=""/>
  <member type="way" ref="1423831967" role=""/>
  <member type="way" ref="133915535" role=""/>
  <member type="way" ref="155710115" role=""/>
  <member type="way" ref="970455002" role=""/>
  <member type="way" ref="375751564" role=""/>
  <member type="way" ref="375751566" role=""/>
  <member type="way" ref="155710104" role=""/>
  <member type="way" ref="62897980" role=""/>
  <member type="way" ref="690847969" role=""/>
  <member type="way" ref="690847968" role=""/>
  <member type="way" ref="1392446753" role=""/>
  <member type="way" ref="1312903594" role=""/>
  <member type="way" ref="38400983" role=""/>
  <member type="way" ref="165268127" role=""/>
  <member type="way" ref="1425494703" role=""/>
  <member type="way" ref="1312903595" role=""/>
  <member type="way" ref="1425494704" role=""/>
  <member type="way" ref="79876741" role=""/>
  <member type="way" ref="289835397" role=""/>
  <member type="way" ref="79876749" role=""/>
  <member type="way" ref="79876734" role=""/>
  <member type="way" ref="83300084" role=""/>
  <tag k="name" v="Avenida Del Libertador"/>
  <tag k="route" v="road"/>
  <tag k="type" v="route"/>
  <tag k="wikidata" v="Q790500"/>
  <tag k="wikipedia" v="es:Avenida del Libertador"/>
 </relation>
 <relation id="1632167" visible="true" version="569" changeset="189038980" timestamp="2026-09-15T03:02:22Z" user="Dogui2000" uid="11499958">
  <member type="node" ref="247782633" role="admin_centre"/>
  <member type="node" ref="618279734" role="label"/>
  <member type="way" ref="1144573554" role="outer"/>
  <member type="way" ref="296794070" role="outer"/>
  <member type="way" ref="263739911" role="outer"/>
  <member type="way" ref="1238770814" role="outer"/>
  <member type="way" ref="1033991092" role="outer"/>
  <member type="way" ref="1511175631" role="outer"/>
  <member type="way" ref="48393709" role="outer"/>
  <member type="way" ref="583093072" role="outer"/>
  <member type="way" ref="48114828" role="outer"/>
  <member type="way" ref="198239669" role="outer"/>
  <member type="way" ref="197873679" role="outer"/>
  <member type="way" ref="296794072" role="outer"/>
  <member type="way" ref="1000947029" role="outer"/>
  <member type="way" ref="1000947028" role="outer"/>
  <member type="way" ref="1000947027" role="outer"/>
  <member type="way" ref="198871850" role="outer"/>
  <member type="way" ref="1001595825" role="outer"/>
  <member type="way" ref="1344477770" role="outer"/>
  <member type="way" ref="681040265" role="outer"/>
  <member type="way" ref="1428194600" role="outer"/>
  <member type="way" ref="1428194604" role="outer"/>
  <member type="way" ref="28260425" role="outer"/>
  <member type="way" ref="1428196122" role="outer"/>
  <member type="way" ref="229110105" role="outer"/>
  <member type="way" ref="1238770810" role="outer"/>
  <member type="way" ref="1238770809" role="outer"/>
  <member type="way" ref="226504411" role="outer"/>
  <member type="way" ref="297307155" role="outer"/>
  <member type="way" ref="229109915" role="outer"/>
  <member type="way" ref="92988169" role="outer"/>
  <member type="way" ref="510224153" role="outer"/>
  <member type="way" ref="92988156" role="outer"/>
  <member type="way" ref="297307153" role="outer"/>
  <member type="way" ref="297307154" role="outer"/>
  <member type="way" ref="92988179" role="outer"/>
  <member type="way" ref="47521364" role="outer"/>
  <member type="way" ref="303130490" role="outer"/>
  <member type="way" ref="1451843983" role="outer"/>
  <member type="way" ref="25799186" role="outer"/>
  <member type="way" ref="303130491" role="outer"/>
  <member type="way" ref="292390520" role="outer"/>
  <member type="way" ref="1194892368" role="outer"/>
  <member type="way" ref="28549114" role="outer"/>
  <member type="way" ref="292492015" role="outer"/>
  <member type="way" ref="265863298" role="outer"/>
  <member type="way" ref="1457337063" role="outer"/>
  <member type="way" ref="25617630" role="outer"/>
  <member type="way" ref="298030608" role="outer"/>
  <member type="way" ref="298030609" role="outer"/>
  <member type="way" ref="547350122" role="outer"/>
  <member type="way" ref="334054598" role="outer"/>
  <member type="way" ref="47059830" role="outer"/>
  <member type="way" ref="28615741" role="outer"/>
  <member type="way" ref="28533996" role="outer"/>
  <member type="way" ref="115811556" role="outer"/>
  <member type="way" ref="28533998" role="outer"/>
  <member type="way" ref="1396679990" role="outer"/>
  <member type="way" ref="28533999" role="outer"/>
  <member type="way" ref="87889826" role="outer"/>
  <member type="way" ref="87889827" role="outer"/>
  <member type="way" ref="298234733" role="outer"/>
  <member type="way" ref="298241488" role="outer"/>
  <member type="way" ref="1018417244" role="outer"/>
  <member type="way" ref="1041325445" role="outer"/>
  <member type="way" ref="778460840" role="outer"/>
  <member type="way" ref="1041325446" role="outer"/>
  <member type="way" ref="28534001" role="outer"/>
  <member type="way" ref="208937729" role="outer"/>
  <member type="way" ref="298241487" role="outer"/>
  <member type="way" ref="323554269" role="outer"/>
  <member type="way" ref="298244215" role="outer"/>
  <member type="way" ref="298244214" role="outer"/>
  <member type="way" ref="22718646" role="outer"/>
  <member type="way" ref="298458095" role="outer"/>
  <member type="way" ref="305654319" role="outer"/>
  <member type="way" ref="1396688996" role="outer"/>
  <member type="way" ref="1396689001" role="outer"/>
  <member type="way" ref="298458094" role="outer"/>
  <member type="way" ref="1356191322" role="outer"/>
  <member type="way" ref="31781704" role="outer"/>
  <member type="way" ref="892509688" role="outer"/>
  <member type="way" ref="31781700" role="outer"/>
  <member type="way" ref="1502921023" role="outer"/>
  <member type="way" ref="892509692" role="outer"/>
  <member type="way" ref="892509693" role="outer"/>
  <member type="way" ref="1285436674" role="outer"/>
  <member type="way" ref="289480889" role="outer"/>
  <member type="way" ref="299317209" role="outer"/>
  <member type="way" ref="299317217" role="outer"/>
  <member type="way" ref="298463834" role="outer"/>
  <member type="way" ref="82692932" role="outer"/>
  <member type="way" ref="26513143" role="outer"/>
  <member type="way" ref="312340734" role="outer"/>
  <member type="way" ref="81244709" role="outer"/>
  <member type="way" ref="291271632" role="outer"/>
  <member type="way" ref="298729191" role="outer"/>
  <member type="way" ref="82692969" role="outer"/>
  <member type="way" ref="298729193" role="outer"/>
  <member type="way" ref="85099564" role="outer"/>
  <member type="way" ref="298739055" role="outer"/>
  <member type="way" ref="226508752" role="outer"/>
  <member type="way" ref="223092075" role="outer"/>
  <member type="way" ref="596733538" role="outer"/>
  <member type="way" ref="226508750" role="outer"/>
  <member type="way" ref="1265697387" role="outer"/>
  <member type="way" ref="223092076" role="outer"/>
  <member type="way" ref="439084630" role="outer"/>
  <member type="way" ref="62940951" role="outer"/>
  <member type="way" ref="1320220898" role="outer"/>
  <member type="way" ref="303404814" role="outer"/>
  <member type="way" ref="993352856" role="outer"/>
  <member type="way" ref="222720128" role="outer"/>
  <member type="way" ref="1309220231" role="outer"/>
  <member type="way" ref="36102360" role="outer"/>
  <member type="way" ref="62940968" role="outer"/>
  <member type="way" ref="288399222" role="outer"/>
  <member type="way" ref="484301223" role="outer"/>
  <member type="way" ref="288399221" role="outer"/>
  <member type="way" ref="26508395" role="outer"/>
  <member type="way" ref="483833155" role="outer"/>
  <member type="way" ref="86576227" role="outer"/>
  <member type="way" ref="474972785" role="outer"/>
  <member type="way" ref="46933265" role="outer"/>
  <member type="way" ref="81339746" role="outer"/>
  <member type="way" ref="26330278" role="outer"/>
  <member type="way" ref="81341265" role="outer"/>
  <member type="way" ref="81341261" role="outer"/>
  <member type="way" ref="81341262" role="outer"/>
  <member type="way" ref="39517293" role="outer"/>
  <member type="way" ref="39517297" role="outer"/>
  <member type="way" ref="81341259" role="outer"/>
  <member type="way" ref="36866330" role="outer"/>
  <member type="way" ref="85099536" role="outer"/>
  <member type="way" ref="81341260" role="outer"/>
  <member type="way" ref="131828246" role="outer"/>
  <member type="way" ref="750142458" role="outer"/>
  <member type="way" ref="750142467" role="outer"/>
  <member type="way" ref="750142466" role="outer"/>
  <member type="way" ref="1543316511" role="outer"/>
  <member type="way" ref="1372763321" role="outer"/>
  <member type="way" ref="139486215" role="outer"/>
  <member type="way" ref="1433125561" role="outer"/>
  <member type="way" ref="1433125562" role="outer"/>
  <member type="way" ref="1433125573" role="outer"/>
  <member type="way" ref="1433125574" role="outer"/>
  <member type="way" ref="1433125578" role="outer"/>
  <member type="way" ref="1433125584" role="outer"/>
  <member type="way" ref="1433125588" role="outer"/>
  <member type="way" ref="1433125592" role="outer"/>
  <member type="way" ref="131828368" role="outer"/>
  <member type="way" ref="1433125586" role="outer"/>
  <member type="way" ref="1543316513" role="outer"/>
  <member type="way" ref="180867887" role="outer"/>
  <member type="way" ref="1325728695" role="outer"/>
  <member type="way" ref="183600708" role="outer"/>
  <member type="way" ref="922099087" role="outer"/>
  <member type="way" ref="550674404" role="outer"/>
  <member type="way" ref="406431786" role="outer"/>
  <member type="way" ref="406431787" role="outer"/>
  <member type="way" ref="801714116" role="outer"/>
  <member type="way" ref="262795442" role="outer"/>
  <member type="way" ref="183600716" role="outer"/>
  <member type="way" ref="184096014" role="outer"/>
  <member type="way" ref="220974712" role="outer"/>
  <member type="way" ref="872964806" role="outer"/>
  <member type="way" ref="220523009" role="outer"/>
  <member type="way" ref="184147156" role="outer"/>
  <member type="way" ref="1169052241" role="outer"/>
  <member type="way" ref="1169052240" role="outer"/>
  <member type="way" ref="1428863312" role="outer"/>
  <member type="way" ref="184234727" role="outer"/>
  <member type="way" ref="184241994" role="outer"/>
  <member type="way" ref="1025990857" role="outer"/>
  <member type="way" ref="637884333" role="outer"/>
  <member type="way" ref="637884337" role="outer"/>
  <member type="way" ref="184249250" role="outer"/>
  <member type="way" ref="623930063" role="outer"/>
  <member type="way" ref="119100490" role="outer"/>
  <member type="way" ref="637624216" role="outer"/>
  <member type="way" ref="304659589" role="outer"/>
  <member type="way" ref="624576596" role="outer"/>
  <member type="way" ref="624575003" role="outer"/>
  <member type="way" ref="624143167" role="outer"/>
  <member type="way" ref="624575002" role="outer"/>
  <member type="way" ref="624145296" role="outer"/>
  <member type="way" ref="624145297" role="outer"/>
  <member type="way" ref="675750121" role="outer"/>
  <member type="way" ref="304659579" role="outer"/>
  <member type="way" ref="304736371" role="outer"/>
  <member type="way" ref="304736369" role="outer"/>
  <member type="way" ref="184249248" role="outer"/>
  <member type="way" ref="304736341" role="outer"/>
  <member type="way" ref="304736372" role="outer"/>
  <member type="way" ref="304736370" role="outer"/>
  <member type="way" ref="304789153" role="outer"/>
  <member type="way" ref="184690785" role="outer"/>
  <member type="way" ref="948540076" role="outer"/>
  <member type="way" ref="304980265" role="outer"/>
  <member type="way" ref="614327586" role="outer"/>
  <member type="way" ref="618388542" role="outer"/>
  <member type="way" ref="842709509" role="outer"/>
  <member type="way" ref="643433563" role="outer"/>
  <member type="way" ref="842709510" role="outer"/>
  <member type="way" ref="187114388" role="outer"/>
  <member type="way" ref="185642485" role="outer"/>
  <member type="way" ref="189150209" role="outer"/>
  <member type="way" ref="616687662" role="outer"/>
  <member type="way" ref="305190402" role="outer"/>
  <member type="way" ref="616919449" role="outer"/>
  <member type="way" ref="618388546" role="outer"/>
  <member type="way" ref="1558982843" role="outer"/>
  <member type="way" ref="618388544" role="outer"/>
  <member type="way" ref="187114386" role="outer"/>
  <member type="way" ref="583464024" role="outer"/>
  <member type="way" ref="327521110" role="outer"/>
  <member type="way" ref="189154488" role="outer"/>
  <member type="way" ref="618388547" role="outer"/>
  <member type="way" ref="646776715" role="outer"/>
  <member type="way" ref="646776714" role="outer"/>
  <member type="way" ref="646776713" role="outer"/>
  <member type="way" ref="646776712" role="outer"/>
  <member type="way" ref="305190403" role="outer"/>
  <member type="way" ref="264691704" role="outer"/>
  <member type="way" ref="993314654" role="outer"/>
  <member type="way" ref="119108136" role="outer"/>
  <member type="way" ref="239252462" role="outer"/>
  <member type="way" ref="688216646" role="outer"/>
  <member type="way" ref="187130998" role="outer"/>
  <member type="way" ref="688216632" role="outer"/>
  <member type="way" ref="587373345" role="outer"/>
  <member type="way" ref="259457933" role="outer"/>
  <member type="way" ref="349940005" role="outer"/>
  <member type="way" ref="847010990" role="outer"/>
  <member type="way" ref="850096597" role="outer"/>
  <member type="way" ref="249490653" role="outer"/>
  <member type="way" ref="189308645" role="outer"/>
  <member type="way" ref="1537202701" role="outer"/>
  <member type="way" ref="1537202700" role="outer"/>
  <member type="way" ref="249707936" role="outer"/>
  <member type="way" ref="198046030" role="outer"/>
  <member type="way" ref="878050090" role="outer"/>
  <member type="way" ref="965034547" role="outer"/>
  <member type="way" ref="878050093" role="outer"/>
  <member type="way" ref="965034550" role="outer"/>
  <member type="way" ref="250259414" role="outer"/>
  <member type="way" ref="189410655" role="outer"/>
  <member type="way" ref="189410654" role="outer"/>
  <member type="way" ref="839722318" role="outer"/>
  <member type="way" ref="189779409" role="outer"/>
  <member type="way" ref="198065740" role="outer"/>
  <member type="way" ref="254526044" role="outer"/>
  <member type="way" ref="189826525" role="outer"/>
  <member type="way" ref="254584662" role="outer"/>
  <member type="way" ref="198079396" role="outer"/>
  <member type="way" ref="189781506" role="outer"/>
  <member type="way" ref="189412484" role="outer"/>
  <member type="way" ref="189410653" role="outer"/>
  <member type="way" ref="198090737" role="outer"/>
  <member type="way" ref="254687286" role="outer"/>
  <member type="way" ref="45304651" role="outer"/>
  <member type="way" ref="254688365" role="outer"/>
  <member type="way" ref="255228768" role="outer"/>
  <member type="way" ref="255228769" role="outer"/>
  <member type="way" ref="198097283" role="outer"/>
  <member type="way" ref="255228767" role="outer"/>
  <member type="way" ref="295762360" role="outer"/>
  <member type="way" ref="1303387189" role="outer"/>
  <member type="way" ref="191329178" role="outer"/>
  <member type="way" ref="1303387167" role="outer"/>
  <member type="way" ref="191412676" role="outer"/>
  <member type="way" ref="191412664" role="outer"/>
  <member type="way" ref="1303387162" role="outer"/>
  <member type="way" ref="191412670" role="outer"/>
  <member type="way" ref="191412665" role="outer"/>
  <member type="way" ref="1392749154" role="outer"/>
  <member type="way" ref="1392749153" role="outer"/>
  <member type="way" ref="636715774" role="outer"/>
  <member type="way" ref="255447759" role="outer"/>
  <member type="way" ref="636715773" role="outer"/>
  <member type="way" ref="191412666" role="outer"/>
  <member type="way" ref="885734120" role="outer"/>
  <member type="way" ref="1448158834" role="outer"/>
  <member type="way" ref="885734119" role="outer"/>
  <member type="way" ref="1448158837" role="outer"/>
  <member type="way" ref="1448300486" role="outer"/>
  <member type="way" ref="1448300488" role="outer"/>
  <member type="way" ref="885734117" role="outer"/>
  <member type="way" ref="1448300489" role="outer"/>
  <member type="way" ref="558616414" role="outer"/>
  <member type="way" ref="812910653" role="outer"/>
  <member type="way" ref="263414059" role="outer"/>
  <member type="way" ref="1303343752" role="outer"/>
  <member type="way" ref="263414060" role="outer"/>
  <member type="way" ref="1127419342" role="outer"/>
  <member type="way" ref="32785776" role="outer"/>
  <member type="way" ref="191504316" role="outer"/>
  <member type="way" ref="640877764" role="outer"/>
  <member type="way" ref="1127419340" role="outer"/>
  <member type="way" ref="708152691" role="outer"/>
  <member type="way" ref="1301825242" role="outer"/>
  <member type="way" ref="708152692" role="outer"/>
  <member type="way" ref="1415874990" role="outer"/>
  <member type="way" ref="1415874975" role="outer"/>
  <member type="way" ref="191504634" role="outer"/>
  <member type="way" ref="1415874974" role="outer"/>
  <member type="way" ref="1415874972" role="outer"/>
  <member type="way" ref="10579105" role="outer"/>
  <member type="way" ref="802285117" role="outer"/>
  <member type="way" ref="1127419326" role="outer"/>
  <member type="way" ref="406471373" role="outer"/>
  <member type="way" ref="796220167" role="outer"/>
  <member type="way" ref="796285773" role="outer"/>
  <member type="way" ref="796285772" role="outer"/>
  <member type="way" ref="796220154" role="outer"/>
  <member type="way" ref="1127862791" role="outer"/>
  <member type="way" ref="805912145" role="outer"/>
  <member type="way" ref="805912146" role="outer"/>
  <member type="way" ref="796220111" role="outer"/>
  <member type="way" ref="796220140" role="outer"/>
  <member type="way" ref="796220138" role="outer"/>
  <member type="way" ref="796220135" role="outer"/>
  <member type="way" ref="796220127" role="outer"/>
  <member type="way" ref="796220121" role="outer"/>
  <member type="way" ref="796220120" role="outer"/>
  <member type="way" ref="796220119" role="outer"/>
  <member type="way" ref="796220113" role="outer"/>
  <member type="way" ref="376619678" role="outer"/>
  <member type="way" ref="796220116" role="outer"/>
  <member type="way" ref="796220115" role="outer"/>
  <member type="way" ref="796220151" role="outer"/>
  <member type="way" ref="796220149" role="outer"/>
  <member type="way" ref="796220150" role="outer"/>
  <member type="way" ref="704094039" role="outer"/>
  <member type="way" ref="808919766" role="outer"/>
  <member type="way" ref="808259066" role="outer"/>
  <member type="way" ref="812608524" role="outer"/>
  <member type="way" ref="1127419325" role="outer"/>
  <member type="way" ref="796287385" role="outer"/>
  <member type="way" ref="1127419366" role="outer"/>
  <member type="way" ref="1303343775" role="outer"/>
  <member type="way" ref="10579117" role="outer"/>
  <member type="way" ref="796220161" role="outer"/>
  <member type="way" ref="837274704" role="outer"/>
  <member type="way" ref="191502688" role="outer"/>
  <member type="way" ref="837274714" role="outer"/>
  <member type="way" ref="639989428" role="outer"/>
  <member type="way" ref="837274716" role="outer"/>
  <member type="way" ref="837274720" role="outer"/>
  <member type="way" ref="837274719" role="outer"/>
  <member type="way" ref="837274723" role="outer"/>
  <member type="way" ref="796220164" role="outer"/>
  <member type="way" ref="10582427" role="outer"/>
  <member type="way" ref="639386233" role="outer"/>
  <member type="way" ref="639386230" role="outer"/>
  <member type="way" ref="10582245" role="outer"/>
  <member type="way" ref="1127835172" role="outer"/>
  <member type="way" ref="836662453" role="outer"/>
  <member type="way" ref="10582218" role="outer"/>
  <member type="way" ref="791428966" role="outer"/>
  <member type="way" ref="10582426" role="outer"/>
  <member type="way" ref="836662448" role="outer"/>
  <member type="way" ref="835139871" role="outer"/>
  <member type="way" ref="10582749" role="outer"/>
  <member type="way" ref="616959299" role="outer"/>
  <member type="way" ref="836662444" role="outer"/>
  <member type="way" ref="836662446" role="outer"/>
  <member type="way" ref="836662442" role="outer"/>
  <member type="way" ref="836662440" role="outer"/>
  <member type="way" ref="836662436" role="outer"/>
  <member type="way" ref="836662438" role="outer"/>
  <member type="way" ref="836662403" role="outer"/>
  <member type="way" ref="792167636" role="outer"/>
  <member type="way" ref="616959300" role="outer"/>
  <member type="way" ref="836662406" role="outer"/>
  <member type="way" ref="836662405" role="outer"/>
  <member type="way" ref="836662408" role="outer"/>
  <member type="way" ref="836662413" role="outer"/>
  <member type="way" ref="836662411" role="outer"/>
  <member type="way" ref="836662410" role="outer"/>
  <member type="way" ref="836662417" role="outer"/>
  <member type="way" ref="836662416" role="outer"/>
  <member type="way" ref="836662419" role="outer"/>
  <member type="way" ref="836662421" role="outer"/>
  <member type="way" ref="836662422" role="outer"/>
  <member type="way" ref="836662425" role="outer"/>
  <member type="way" ref="836662424" role="outer"/>
  <member type="way" ref="836662429" role="outer"/>
  <member type="way" ref="836662428" role="outer"/>
  <member type="way" ref="836662432" role="outer"/>
  <member type="way" ref="836662434" role="outer"/>
  <member type="way" ref="791428958" role="outer"/>
  <member type="way" ref="835131708" role="outer"/>
  <member type="way" ref="795753571" role="outer"/>
  <member type="way" ref="616959297" role="outer"/>
  <member type="way" ref="791428956" role="outer"/>
  <member type="way" ref="10582945" role="outer"/>
  <member type="way" ref="833237181" role="outer"/>
  <member type="way" ref="833237180" role="outer"/>
  <member type="way" ref="1127909881" role="outer"/>
  <member type="way" ref="1127830164" role="outer"/>
  <member type="way" ref="792167637" role="outer"/>
  <member type="way" ref="10582009" role="outer"/>
  <member type="way" ref="10582956" role="outer"/>
  <member type="way" ref="10583212" role="outer"/>
  <member type="way" ref="1127909888" role="outer"/>
  <member type="way" ref="10582906" role="outer"/>
  <member type="way" ref="10582055" role="outer"/>
  <member type="way" ref="791428955" role="outer"/>
  <member type="way" ref="10582287" role="outer"/>
  <member type="way" ref="1127830148" role="outer"/>
  <member type="way" ref="10618189" role="outer"/>
  <member type="way" ref="10618605" role="outer"/>
  <member type="way" ref="10618582" role="outer"/>
  <member type="way" ref="10618163" role="outer"/>
  <member type="way" ref="795753572" role="outer"/>
  <member type="way" ref="1127830109" role="outer"/>
  <member type="way" ref="10618750" role="outer"/>
  <member type="way" ref="813484955" role="outer"/>
  <member type="way" ref="10618642" role="outer"/>
  <member type="way" ref="10617577" role="outer"/>
  <member type="way" ref="10617706" role="outer"/>
  <member type="way" ref="813484956" role="outer"/>
  <member type="way" ref="10618176" role="outer"/>
  <member type="way" ref="10617426" role="outer"/>
  <member type="way" ref="10618708" role="outer"/>
  <member type="way" ref="10618105" role="outer"/>
  <member type="way" ref="10618431" role="outer"/>
  <member type="way" ref="10618309" role="outer"/>
  <member type="way" ref="36911839" role="outer"/>
  <member type="way" ref="10618320" role="outer"/>
  <member type="way" ref="813484960" role="outer"/>
  <member type="way" ref="813484961" role="outer"/>
  <member type="way" ref="793866408" role="outer"/>
  <member type="way" ref="793866403" role="outer"/>
  <member type="way" ref="793866409" role="outer"/>
  <member type="way" ref="1301837657" role="outer"/>
  <member type="way" ref="431587391" role="outer"/>
  <member type="way" ref="793866404" role="outer"/>
  <member type="way" ref="836189516" role="outer"/>
  <member type="way" ref="435244951" role="outer"/>
  <member type="way" ref="435244952" role="outer"/>
  <member type="way" ref="435244466" role="outer"/>
  <member type="way" ref="813690240" role="outer"/>
  <member type="way" ref="435244465" role="outer"/>
  <member type="way" ref="813690239" role="outer"/>
  <member type="way" ref="813680576" role="outer"/>
  <member type="way" ref="1301860225" role="outer"/>
  <member type="way" ref="10618599" role="outer"/>
  <member type="way" ref="191511568" role="outer"/>
  <member type="way" ref="430896685" role="outer"/>
  <member type="way" ref="430896686" role="outer"/>
  <member type="way" ref="1303542169" role="outer"/>
  <member type="way" ref="431106779" role="outer"/>
  <member type="way" ref="220537998" role="outer"/>
  <member type="way" ref="813680578" role="outer"/>
  <member type="way" ref="813690237" role="outer"/>
  <member type="way" ref="815558701" role="outer"/>
  <member type="way" ref="815558700" role="outer"/>
  <member type="way" ref="815558706" role="outer"/>
  <member type="way" ref="815558705" role="outer"/>
  <member type="way" ref="815558709" role="outer"/>
  <member type="way" ref="815558708" role="outer"/>
  <member type="way" ref="815558712" role="outer"/>
  <member type="way" ref="815558714" role="outer"/>
  <member type="way" ref="962413310" role="outer"/>
  <member type="way" ref="815558721" role="outer"/>
  <member type="way" ref="815558727" role="outer"/>
  <member type="way" ref="1303778868" role="outer"/>
  <member type="way" ref="791428960" role="outer"/>
  <member type="way" ref="815558725" role="outer"/>
  <member type="way" ref="815558724" role="outer"/>
  <member type="way" ref="708584035" role="outer"/>
  <member type="way" ref="815558722" role="outer"/>
  <member type="way" ref="795677056" role="outer"/>
  <member type="way" ref="791428961" role="outer"/>
  <member type="way" ref="708584036" role="outer"/>
  <member type="way" ref="395301496" role="outer"/>
  <member type="way" ref="791428965" role="outer"/>
  <member type="way" ref="791428963" role="outer"/>
  <member type="way" ref="795303811" role="outer"/>
  <member type="way" ref="1278250732" role="outer"/>
  <member type="way" ref="1303542132" role="outer"/>
  <member type="way" ref="1278250735" role="outer"/>
  <member type="way" ref="1278250741" role="outer"/>
  <member type="way" ref="191643422" role="outer"/>
  <member type="way" ref="1278250763" role="outer"/>
  <member type="way" ref="1278250746" role="outer"/>
  <member type="way" ref="1278250733" role="outer"/>
  <member type="way" ref="782255879" role="outer"/>
  <member type="way" ref="782255878" role="outer"/>
  <member type="way" ref="795303803" role="outer"/>
  <member type="way" ref="143982086" role="outer"/>
  <member type="way" ref="1303542121" role="outer"/>
  <member type="way" ref="191644166" role="outer"/>
  <member type="way" ref="1303776277" role="outer"/>
  <member type="way" ref="164962786" role="outer"/>
  <member type="way" ref="791157680" role="outer"/>
  <member type="way" ref="47840132" role="outer"/>
  <member type="way" ref="192148175" role="outer"/>
  <member type="way" ref="960817305" role="outer"/>
  <member type="way" ref="960817304" role="outer"/>
  <member type="way" ref="960817302" role="outer"/>
  <member type="way" ref="961359131" role="outer"/>
  <member type="way" ref="961359127" role="outer"/>
  <member type="way" ref="961359128" role="outer"/>
  <member type="way" ref="961359130" role="outer"/>
  <member type="way" ref="961359129" role="outer"/>
  <member type="way" ref="192148173" role="outer"/>
  <member type="way" ref="557235224" role="outer"/>
  <member type="way" ref="797983715" role="outer"/>
  <member type="way" ref="978703716" role="outer"/>
  <member type="way" ref="980100789" role="outer"/>
  <member type="way" ref="980100788" role="outer"/>
  <member type="way" ref="192168443" role="outer"/>
  <member type="way" ref="980100787" role="outer"/>
  <member type="way" ref="980100786" role="outer"/>
  <member type="way" ref="963254592" role="outer"/>
  <member type="way" ref="963254593" role="outer"/>
  <member type="way" ref="433838131" role="outer"/>
  <member type="way" ref="963254598" role="outer"/>
  <member type="way" ref="433838136" role="outer"/>
  <member type="way" ref="963254599" role="outer"/>
  <member type="way" ref="963254597" role="outer"/>
  <member type="way" ref="1013742854" role="outer"/>
  <member type="way" ref="963254589" role="outer"/>
  <member type="way" ref="963254588" role="outer"/>
  <member type="way" ref="963254587" role="outer"/>
  <member type="way" ref="183843439" role="outer"/>
  <member type="way" ref="1548628972" role="outer"/>
  <member type="way" ref="1013742851" role="outer"/>
  <member type="way" ref="192948173" role="outer"/>
  <member type="way" ref="193042527" role="outer"/>
  <member type="way" ref="963724228" role="outer"/>
  <member type="way" ref="963724227" role="outer"/>
  <member type="way" ref="963724214" role="outer"/>
  <member type="way" ref="963724215" role="outer"/>
  <member type="way" ref="147187551" role="outer"/>
  <member type="way" ref="337622173" role="outer"/>
  <member type="way" ref="337622174" role="outer"/>
  <member type="way" ref="337622172" role="outer"/>
  <member type="way" ref="337622178" role="outer"/>
  <member type="way" ref="337622168" role="outer"/>
  <member type="way" ref="337622167" role="outer"/>
  <member type="way" ref="337622176" role="outer"/>
  <member type="way" ref="337622132" role="outer"/>
  <member type="way" ref="147187516" role="outer"/>
  <member type="way" ref="388764768" role="outer"/>
  <member type="way" ref="1446894994" role="outer"/>
  <member type="way" ref="388764769" role="outer"/>
  <member type="way" ref="487981420" role="outer"/>
  <member type="way" ref="487597530" role="outer"/>
  <member type="way" ref="147187519" role="outer"/>
  <member type="way" ref="194714849" role="outer"/>
  <member type="way" ref="335298597" role="outer"/>
  <member type="way" ref="1501673836" role="outer"/>
  <member type="way" ref="335298598" role="outer"/>
  <member type="way" ref="580230905" role="outer"/>
  <member type="way" ref="992910994" role="outer"/>
  <member type="way" ref="580230902" role="outer"/>
  <member type="way" ref="718892747" role="outer"/>
  <member type="way" ref="335298599" role="outer"/>
  <member type="way" ref="718900773" role="outer"/>
  <member type="way" ref="718892742" role="outer"/>
  <member type="way" ref="798122250" role="outer"/>
  <member type="way" ref="718892746" role="outer"/>
  <member type="way" ref="798122249" role="outer"/>
  <member type="way" ref="718900774" role="outer"/>
  <member type="way" ref="718892748" role="outer"/>
  <member type="way" ref="194706389" role="outer"/>
  <member type="way" ref="995841062" role="outer"/>
  <member type="way" ref="441717701" role="outer"/>
  <member type="way" ref="441717702" role="outer"/>
  <member type="way" ref="441716229" role="outer"/>
  <member type="way" ref="441716200" role="outer"/>
  <member type="way" ref="441716207" role="outer"/>
  <member type="way" ref="441716225" role="outer"/>
  <member type="way" ref="441716226" role="outer"/>
  <member type="way" ref="441716204" role="outer"/>
  <member type="way" ref="194705913" role="outer"/>
  <member type="way" ref="194704682" role="outer"/>
  <member type="way" ref="1008203207" role="outer"/>
  <member type="way" ref="1008230510" role="outer"/>
  <member type="way" ref="1251452278" role="outer"/>
  <member type="way" ref="1251452274" role="outer"/>
  <member type="way" ref="1251452270" role="outer"/>
  <member type="way" ref="1251452264" role="outer"/>
  <member type="way" ref="1251452260" role="outer"/>
  <member type="way" ref="1251452253" role="outer"/>
  <member type="way" ref="1251452251" role="outer"/>
  <member type="way" ref="1245145132" role="outer"/>
  <member type="way" ref="147187540" role="outer"/>
  <member type="way" ref="1245145136" role="outer"/>
  <member type="way" ref="1245025270" role="outer"/>
  <member type="way" ref="1245025269" role="outer"/>
  <member type="way" ref="1245037605" role="outer"/>
  <member type="way" ref="676237532" role="outer"/>
  <member type="way" ref="676237535" role="outer"/>
  <member type="way" ref="676237543" role="outer"/>
  <member type="way" ref="676237541" role="outer"/>
  <member type="way" ref="676237544" role="outer"/>
  <member type="way" ref="147187541" role="outer"/>
  <member type="way" ref="798536462" role="outer"/>
  <member type="way" ref="798536464" role="outer"/>
  <member type="way" ref="798536472" role="outer"/>
  <member type="way" ref="581406140" role="outer"/>
  <member type="way" ref="798536469" role="outer"/>
  <member type="way" ref="259109325" role="outer"/>
  <member type="way" ref="798536471" role="outer"/>
  <member type="way" ref="798536473" role="outer"/>
  <member type="way" ref="1295972795" role="outer"/>
  <member type="way" ref="194704681" role="outer"/>
  <member type="way" ref="1295972796" role="outer"/>
  <member type="way" ref="1295972793" role="outer"/>
  <member type="way" ref="798536458" role="outer"/>
  <member type="way" ref="91820919" role="outer"/>
  <member type="way" ref="194704685" role="outer"/>
  <member type="way" ref="706820749" role="outer"/>
  <member type="way" ref="194704675" role="outer"/>
  <member type="way" ref="462426587" role="outer"/>
  <member type="way" ref="10620778" role="outer"/>
  <member type="way" ref="262425259" role="outer"/>
  <member type="way" ref="462426572" role="outer"/>
  <member type="way" ref="462426571" role="outer"/>
  <member type="way" ref="462426576" role="outer"/>
  <member type="way" ref="462426575" role="outer"/>
  <member type="way" ref="462426574" role="outer"/>
  <member type="way" ref="462426573" role="outer"/>
  <member type="way" ref="462426578" role="outer"/>
  <member type="way" ref="262405924" role="outer"/>
  <member type="way" ref="465883120" role="outer"/>
  <member type="way" ref="319783939" role="outer"/>
  <member type="way" ref="462426601" role="outer"/>
  <member type="way" ref="462426600" role="outer"/>
  <member type="way" ref="462426599" role="outer"/>
  <member type="way" ref="462426598" role="outer"/>
  <member type="way" ref="462426597" role="outer"/>
  <member type="way" ref="462426596" role="outer"/>
  <member type="way" ref="789972444" role="outer"/>
  <member type="way" ref="462426595" role="outer"/>
  <member type="way" ref="462426594" role="outer"/>
  <member type="way" ref="462426593" role="outer"/>
  <member type="way" ref="462426592" role="outer"/>
  <member type="way" ref="462426591" role="outer"/>
  <member type="way" ref="462426590" role="outer"/>
  <member type="way" ref="462426589" role="outer"/>
  <member type="way" ref="462426588" role="outer"/>
  <member type="way" ref="319786217" role="outer"/>
  <member type="way" ref="462426580" role="outer"/>
  <member type="way" ref="462426581" role="outer"/>
  <member type="way" ref="319791029" role="outer"/>
  <member type="way" ref="462426582" role="outer"/>
  <member type="way" ref="319791405" role="outer"/>
  <member type="way" ref="462426584" role="outer"/>
  <member type="way" ref="462426583" role="outer"/>
  <member type="way" ref="462426586" role="outer"/>
  <member type="way" ref="462426585" role="outer"/>
  <member type="way" ref="319791406" role="outer"/>
  <member type="way" ref="798493144" role="outer"/>
  <member type="way" ref="798493127" role="outer"/>
  <member type="way" ref="798493143" role="outer"/>
  <member type="way" ref="762280383" role="outer"/>
  <member type="way" ref="762280382" role="outer"/>
  <member type="way" ref="798493145" role="outer"/>
  <member type="way" ref="465883116" role="outer"/>
  <member type="way" ref="465883114" role="outer"/>
  <member type="way" ref="465883107" role="outer"/>
  <member type="way" ref="465883106" role="outer"/>
  <member type="way" ref="319959766" role="outer"/>
  <member type="way" ref="465883112" role="outer"/>
  <member type="way" ref="465883110" role="outer"/>
  <member type="way" ref="465883109" role="outer"/>
  <member type="way" ref="798493146" role="outer"/>
  <member type="way" ref="465883108" role="outer"/>
  <member type="way" ref="659299371" role="outer"/>
  <member type="way" ref="659299372" role="outer"/>
  <member type="way" ref="186841794" role="outer"/>
  <member type="way" ref="465883104" role="outer"/>
  <member type="way" ref="465883105" role="outer"/>
  <member type="way" ref="19554547" role="outer"/>
  <member type="way" ref="659299362" role="outer"/>
  <member type="way" ref="762280385" role="outer"/>
  <member type="way" ref="206883630" role="outer"/>
  <member type="way" ref="1419674512" role="outer"/>
  <member type="way" ref="259109245" role="outer"/>
  <member type="way" ref="259109344" role="outer"/>
  <member type="way" ref="19425617" role="outer"/>
  <member type="way" ref="799494170" role="outer"/>
  <member type="way" ref="799494171" role="outer"/>
  <member type="way" ref="19425557" role="outer"/>
  <member type="way" ref="706820752" role="outer"/>
  <member type="way" ref="19425562" role="outer"/>
  <member type="way" ref="182888681" role="outer"/>
  <member type="way" ref="182888679" role="outer"/>
  <member type="way" ref="179988909" role="outer"/>
  <member type="way" ref="259109251" role="outer"/>
  <member type="way" ref="179988903" role="outer"/>
  <member type="way" ref="1054974823" role="outer"/>
  <member type="way" ref="1149018794" role="outer"/>
  <member type="way" ref="1054974822" role="outer"/>
  <member type="way" ref="1148366607" role="outer"/>
  <member type="way" ref="1148366606" role="outer"/>
  <member type="way" ref="679024268" role="outer"/>
  <member type="way" ref="679024267" role="outer"/>
  <member type="way" ref="116792806" role="outer"/>
  <member type="way" ref="788904107" role="outer"/>
  <member type="way" ref="175593695" role="outer"/>
  <member type="way" ref="788904105" role="outer"/>
  <member type="way" ref="167908389" role="outer"/>
  <member type="way" ref="206848424" role="outer"/>
  <member type="way" ref="206848423" role="outer"/>
  <member type="way" ref="167906372" role="outer"/>
  <member type="way" ref="305653010" role="outer"/>
  <member type="way" ref="1418583338" role="outer"/>
  <member type="way" ref="206861192" role="outer"/>
  <member type="way" ref="185599306" role="outer"/>
  <member type="way" ref="1418531502" role="outer"/>
  <member type="way" ref="185597693" role="outer"/>
  <member type="way" ref="1418539003" role="outer"/>
  <member type="way" ref="1418539005" role="outer"/>
  <member type="way" ref="1552356824" role="outer"/>
  <member type="way" ref="1418496946" role="outer"/>
  <member type="way" ref="206861190" role="outer"/>
  <member type="way" ref="206861184" role="outer"/>
  <member type="way" ref="1049745149" role="outer"/>
  <member type="way" ref="1049745148" role="outer"/>
  <member type="way" ref="1444794896" role="outer"/>
  <member type="way" ref="19757608" role="outer"/>
  <member type="way" ref="1444794894" role="outer"/>
  <member type="way" ref="153194630" role="outer"/>
  <member type="way" ref="153194617" role="outer"/>
  <member type="way" ref="160359623" role="outer"/>
  <member type="way" ref="160376150" role="outer"/>
  <member type="way" ref="875880066" role="outer"/>
  <member type="way" ref="160376149" role="outer"/>
  <member type="way" ref="875880065" role="outer"/>
  <member type="way" ref="160535506" role="outer"/>
  <member type="way" ref="875880062" role="outer"/>
  <member type="way" ref="466121322" role="outer"/>
  <member type="way" ref="875880063" role="outer"/>
  <member type="way" ref="466121318" role="outer"/>
  <member type="way" ref="160540618" role="outer"/>
  <member type="way" ref="865547600" role="outer"/>
  <member type="way" ref="610359435" role="outer"/>
  <member type="way" ref="865547603" role="outer"/>
  <member type="way" ref="466121317" role="outer"/>
  <member type="way" ref="865547602" role="outer"/>
  <member type="way" ref="176937346" role="outer"/>
  <member type="way" ref="81339747" role="outer"/>
  <member type="way" ref="444637743" role="outer"/>
  <member type="way" ref="444637746" role="outer"/>
  <member type="way" ref="444637739" role="outer"/>
  <member type="way" ref="867931025" role="outer"/>
  <member type="way" ref="1485124884" role="outer"/>
  <member type="way" ref="160680309" role="outer"/>
  <member type="way" ref="1317447693" role="outer"/>
  <member type="way" ref="548442230" role="outer"/>
  <member type="way" ref="444637744" role="outer"/>
  <member type="way" ref="444637742" role="outer"/>
  <member type="way" ref="444637745" role="outer"/>
  <member type="way" ref="444637738" role="outer"/>
  <member type="way" ref="1489186670" role="outer"/>
  <member type="way" ref="1484801122" role="outer"/>
  <member type="way" ref="188289836" role="outer"/>
  <member type="way" ref="1489205365" role="outer"/>
  <member type="way" ref="444637741" role="outer"/>
  <member type="way" ref="444637747" role="outer"/>
  <member type="way" ref="444637740" role="outer"/>
  <member type="way" ref="1341335171" role="outer"/>
  <member type="way" ref="1341335170" role="outer"/>
  <member type="way" ref="81722452" role="outer"/>
  <member type="way" ref="1238770823" role="outer"/>
  <member type="way" ref="244316714" role="outer"/>
  <member type="way" ref="244316713" role="outer"/>
  <member type="way" ref="303265238" role="outer"/>
  <member type="way" ref="48055913" role="outer"/>
  <member type="way" ref="293501224" role="outer"/>
  <member type="way" ref="293501227" role="outer"/>
  <member type="way" ref="293945394" role="outer"/>
  <member type="way" ref="28533932" role="outer"/>
  <member type="way" ref="265965119" role="outer"/>
  <member type="way" ref="48055240" role="outer"/>
  <member type="way" ref="293945750" role="outer"/>
  <member type="way" ref="783961383" role="outer"/>
  <member type="way" ref="23136616" role="outer"/>
  <member type="way" ref="1277772902" role="outer"/>
  <member type="way" ref="1238770820" role="outer"/>
  <member type="way" ref="1279791486" role="outer"/>
  <member type="way" ref="379689202" role="outer"/>
  <member type="way" ref="48664397" role="outer"/>
  <member type="way" ref="272149446" role="outer"/>
  <member type="way" ref="23136615" role="outer"/>
  <member type="way" ref="129480974" role="outer"/>
  <member type="way" ref="272149445" role="outer"/>
  <member type="way" ref="292492005" role="outer"/>
  <member type="way" ref="583093071" role="outer"/>
  <member type="way" ref="26549522" role="outer"/>
  <member type="way" ref="1334087675" role="outer"/>
  <member type="way" ref="292492021" role="outer"/>
  <member type="way" ref="1276736080" role="outer"/>
  <member type="way" ref="653654256" role="outer"/>
  <member type="way" ref="29195885" role="outer"/>
  <member type="way" ref="653654257" role="outer"/>
  <member type="way" ref="126454322" role="outer"/>
  <member type="way" ref="29195887" role="outer"/>
  <member type="way" ref="680640187" role="outer"/>
  <member type="way" ref="680965155" role="outer"/>
  <member type="way" ref="653680172" role="outer"/>
  <member type="way" ref="292492014" role="outer"/>
  <member type="way" ref="29196366" role="outer"/>
  <member type="way" ref="296380519" role="outer"/>
  <member type="way" ref="292500042" role="outer"/>
  <member type="way" ref="560617731" role="outer"/>
  <member type="way" ref="1442966039" role="outer"/>
  <member type="way" ref="292500043" role="outer"/>
  <member type="way" ref="1128352604" role="outer"/>
  <member type="way" ref="1128352603" role="outer"/>
  <member type="way" ref="10579059" role="outer"/>
  <member type="way" ref="1185576410" role="outer"/>
  <member type="way" ref="1127896958" role="outer"/>
  <member type="way" ref="1127860143" role="outer"/>
  <member type="way" ref="807436228" role="inner"/>
  <member type="way" ref="118398302" role="inner"/>
  <member type="way" ref="807436233" role="inner"/>
  <member type="way" ref="807436227" role="inner"/>
  <member type="way" ref="807436231" role="inner"/>
  <member type="way" ref="807436230" role="inner"/>
  <member type="way" ref="825943227" role="inner"/>
  <member type="way" ref="825943226" role="inner"/>
  <member type="way" ref="825943229" role="inner"/>
  <member type="way" ref="1076233994" role="inner"/>
  <member type="way" ref="1076233995" role="inner"/>
  <member type="way" ref="807680463" role="inner"/>
  <member type="way" ref="825943228" role="inner"/>
  <member type="way" ref="807689002" role="inner"/>
  <member type="way" ref="10579214" role="inner"/>
  <member type="way" ref="118397539" role="inner"/>
  <member type="way" ref="837266026" role="outer"/>
  <member type="way" ref="837266027" role="outer"/>
  <member type="way" ref="118401134" role="outer"/>
  <member type="way" ref="837266343" role="outer"/>
  <member type="way" ref="837266344" role="outer"/>
  <member type="way" ref="260419568" role="outer"/>
  <member type="way" ref="319959764" role="outer"/>
  <member type="way" ref="319959765" role="outer"/>
  <member type="way" ref="10583035" role="outer"/>
  <member type="way" ref="10582233" role="outer"/>
  <member type="way" ref="10618446" role="outer"/>
  <member type="way" ref="803658493" role="outer"/>
  <member type="way" ref="10579388" role="outer"/>
  <member type="way" ref="10583156" role="outer"/>
  <member type="way" ref="10581975" role="outer"/>
  <member type="way" ref="704415366" role="outer"/>
  <member type="way" ref="10618459" role="outer"/>
  <member type="way" ref="10582043" role="outer"/>
  <member type="way" ref="791774675" role="outer"/>
  <member type="way" ref="10617743" role="outer"/>
  <member type="way" ref="10617932" role="outer"/>
  <member type="way" ref="10582318" role="outer"/>
  <member type="way" ref="10581992" role="outer"/>
  <member type="way" ref="10617501" role="outer"/>
  <member type="way" ref="10582674" role="outer"/>
  <member type="way" ref="780758085" role="outer"/>
  <member type="way" ref="10618526" role="outer"/>
  <member type="way" ref="10582640" role="outer"/>
  <member type="way" ref="10579235" role="outer"/>
  <member type="way" ref="10582878" role="outer"/>
  <member type="way" ref="10582076" role="outer"/>
  <member type="way" ref="10579148" role="outer"/>
  <member type="way" ref="10579370" role="outer"/>
  <member type="way" ref="10583323" role="outer"/>
  <member type="way" ref="10617965" role="outer"/>
  <member type="way" ref="616916688" role="outer"/>
  <member type="way" ref="616961460" role="outer"/>
  <member type="way" ref="791510531" role="outer"/>
  <member type="way" ref="10583024" role="outer"/>
  <member type="way" ref="10579485" role="outer"/>
  <member type="way" ref="10618220" role="outer"/>
  <member type="way" ref="10579436" role="outer"/>
  <member type="way" ref="10583389" role="outer"/>
  <member type="way" ref="791794071" role="outer"/>
  <member type="way" ref="10582213" role="outer"/>
  <member type="way" ref="616916416" role="outer"/>
  <member type="way" ref="10582435" role="outer"/>
  <member type="way" ref="205417905" role="outer"/>
  <member type="way" ref="10583460" role="outer"/>
  <member type="way" ref="10579194" role="outer"/>
  <member type="way" ref="10617910" role="outer"/>
  <member type="way" ref="10582280" role="outer"/>
  <member type="way" ref="704415361" role="outer"/>
  <member type="way" ref="10579022" role="outer"/>
  <member type="way" ref="10583218" role="outer"/>
  <member type="way" ref="10617208" role="outer"/>
  <member type="way" ref="10583440" role="outer"/>
  <member type="way" ref="10579213" role="outer"/>
  <member type="way" ref="791428945" role="outer"/>
  <member type="way" ref="616916686" role="outer"/>
  <member type="way" ref="10579348" role="outer"/>
  <member type="way" ref="10579314" role="outer"/>
  <member type="way" ref="10579449" role="outer"/>
  <member type="way" ref="10582226" role="outer"/>
  <member type="way" ref="791485035" role="outer"/>
  <member type="way" ref="704415356" role="outer"/>
  <member type="way" ref="10582124" role="outer"/>
  <member type="way" ref="10579004" role="outer"/>
  <member type="way" ref="10617173" role="outer"/>
  <member type="way" ref="10617394" role="outer"/>
  <member type="way" ref="10618198" role="outer"/>
  <member type="way" ref="10582805" role="outer"/>
  <member type="way" ref="10618641" role="outer"/>
  <member type="way" ref="10579075" role="outer"/>
  <member type="way" ref="10579500" role="outer"/>
  <member type="way" ref="832515266" role="outer"/>
  <member type="way" ref="832515267" role="outer"/>
  <member type="way" ref="10618607" role="outer"/>
  <member type="way" ref="10617804" role="outer"/>
  <member type="way" ref="788625832" role="outer"/>
  <member type="way" ref="10579259" role="outer"/>
  <member type="way" ref="10582036" role="outer"/>
  <member type="way" ref="791428943" role="outer"/>
  <member type="way" ref="791428944" role="outer"/>
  <member type="way" ref="791428941" role="outer"/>
  <member type="way" ref="10579108" role="outer"/>
  <member type="way" ref="10617562" role="outer"/>
  <member type="way" ref="10582514" role="outer"/>
  <member type="way" ref="791870932" role="outer"/>
  <member type="way" ref="10618727" role="outer"/>
  <member type="way" ref="10617925" role="outer"/>
  <member type="way" ref="1351004727" role="outer"/>
  <member type="way" ref="10579088" role="outer"/>
  <member type="way" ref="10582633" role="outer"/>
  <member type="way" ref="10582291" role="outer"/>
  <member type="way" ref="10582768" role="outer"/>
  <member type="way" ref="704415372" role="outer"/>
  <member type="way" ref="10579584" role="outer"/>
  <member type="way" ref="780454184" role="outer"/>
  <member type="way" ref="10578986" role="outer"/>
  <member type="way" ref="10583266" role="outer"/>
  <member type="way" ref="1350974505" role="outer"/>
  <member type="way" ref="10583127" role="outer"/>
  <member type="way" ref="10618397" role="outer"/>
  <member type="way" ref="10583039" role="outer"/>
  <member type="way" ref="10583484" role="outer"/>
  <member type="way" ref="1350974507" role="outer"/>
  <member type="way" ref="10582598" role="outer"/>
  <member type="way" ref="10579154" role="outer"/>
  <member type="way" ref="10581930" role="outer"/>
  <member type="way" ref="10579579" role="outer"/>
  <member type="way" ref="10618430" role="outer"/>
  <member type="way" ref="10582492" role="outer"/>
  <member type="way" ref="10617442" role="outer"/>
  <member type="way" ref="10582631" role="outer"/>
  <member type="way" ref="10579274" role="outer"/>
  <member type="way" ref="10582853" role="outer"/>
  <member type="way" ref="10582273" role="outer"/>
  <member type="way" ref="10582186" role="outer"/>
  <member type="way" ref="10582408" role="outer"/>
  <member type="way" ref="10582390" role="outer"/>
  <member type="way" ref="10618685" role="outer"/>
  <member type="way" ref="10579119" role="outer"/>
  <member type="way" ref="791855286" role="outer"/>
  <member type="way" ref="10617731" role="outer"/>
  <member type="way" ref="10583109" role="outer"/>
  <member type="way" ref="10579442" role="outer"/>
  <member type="way" ref="10618158" role="outer"/>
  <member type="way" ref="10618379" role="outer"/>
  <member type="way" ref="10579239" role="outer"/>
  <member type="way" ref="10582866" role="outer"/>
  <member type="way" ref="10579136" role="outer"/>
  <member type="way" ref="704415349" role="outer"/>
  <member type="way" ref="847783559" role="outer"/>
  <member type="way" ref="1351004725" role="outer"/>
  <member type="way" ref="10617987" role="outer"/>
  <member type="way" ref="1351004726" role="outer"/>
  <member type="way" ref="10582117" role="outer"/>
  <member type="way" ref="10578997" role="outer"/>
  <member type="way" ref="10617387" role="outer"/>
  <member type="way" ref="10582798" role="outer"/>
  <member type="way" ref="10579169" role="outer"/>
  <member type="way" ref="10583122" role="outer"/>
  <member type="way" ref="10618171" role="outer"/>
  <member type="way" ref="10617199" role="outer"/>
  <member type="way" ref="10582372" role="outer"/>
  <member type="way" ref="10579252" role="outer"/>
  <member type="way" ref="317457813" role="outer"/>
  <member type="way" ref="10579165" role="outer"/>
  <member type="way" ref="803658492" role="outer"/>
  <member type="way" ref="10582164" role="outer"/>
  <member type="way" ref="10618000" role="outer"/>
  <member type="way" ref="10579424" role="outer"/>
  <member type="way" ref="616916420" role="outer"/>
  <member type="way" ref="10582439" role="outer"/>
  <member type="way" ref="10582062" role="outer"/>
  <member type="way" ref="704415365" role="outer"/>
  <member type="way" ref="10579201" role="outer"/>
  <member type="way" ref="10582042" role="outer"/>
  <member type="way" ref="791428949" role="outer"/>
  <member type="way" ref="10582939" role="outer"/>
  <member type="way" ref="791774674" role="outer"/>
  <member type="way" ref="10583067" role="outer"/>
  <member type="way" ref="10579318" role="outer"/>
  <member type="way" ref="780758084" role="outer"/>
  <member type="way" ref="10618288" role="outer"/>
  <member type="way" ref="791496992" role="outer"/>
  <member type="way" ref="791496991" role="outer"/>
  <member type="way" ref="10582263" role="outer"/>
  <member type="way" ref="10579079" role="outer"/>
  <member type="way" ref="10583510" role="outer"/>
  <member type="way" ref="10579488" role="outer"/>
  <member type="way" ref="10617944" role="outer"/>
  <member type="way" ref="10583133" role="outer"/>
  <member type="way" ref="10583204" role="outer"/>
  <member type="way" ref="10579334" role="outer"/>
  <member type="way" ref="10582961" role="outer"/>
  <member type="way" ref="791794070" role="outer"/>
  <member type="way" ref="10618048" role="outer"/>
  <member type="way" ref="10579280" role="outer"/>
  <member type="way" ref="10579193" role="outer"/>
  <member type="way" ref="704415360" role="outer"/>
  <member type="way" ref="10582994" role="outer"/>
  <member type="way" ref="10579554" role="outer"/>
  <member type="way" ref="10583421" role="outer"/>
  <member type="way" ref="10582791" role="outer"/>
  <member type="way" ref="782028905" role="outer"/>
  <member type="way" ref="10582002" role="outer"/>
  <member type="way" ref="10579448" role="outer"/>
  <member type="way" ref="10618164" role="outer"/>
  <member type="way" ref="10582225" role="outer"/>
  <member type="way" ref="704057151" role="outer"/>
  <member type="way" ref="10618438" role="outer"/>
  <member type="way" ref="314209983" role="outer"/>
  <member type="way" ref="791485034" role="outer"/>
  <member type="way" ref="10617770" role="outer"/>
  <member type="way" ref="704415355" role="outer"/>
  <member type="way" ref="10582157" role="outer"/>
  <member type="way" ref="10617993" role="outer"/>
  <member type="way" ref="10617393" role="outer"/>
  <member type="way" ref="10582717" role="outer"/>
  <member type="way" ref="10581914" role="outer"/>
  <member type="way" ref="10579191" role="outer"/>
  <member type="way" ref="791866002" role="outer"/>
  <member type="way" ref="10618113" role="outer"/>
  <member type="way" ref="10582190" role="outer"/>
  <member type="way" ref="10583437" role="outer"/>
  <member type="way" ref="10582615" role="outer"/>
  <member type="way" ref="10618230" role="outer"/>
  <member type="way" ref="10618365" role="outer"/>
  <member type="way" ref="10618059" role="outer"/>
  <member type="way" ref="10579069" role="outer"/>
  <member type="way" ref="10582068" role="outer"/>
  <member type="way" ref="704415371" role="outer"/>
  <member type="way" ref="10583228" role="outer"/>
  <member type="way" ref="10579223" role="outer"/>
  <member type="way" ref="10618400" role="outer"/>
  <member type="way" ref="10582699" role="outer"/>
  <member type="way" ref="10579324" role="outer"/>
  <member type="way" ref="10617714" role="outer"/>
  <member type="way" ref="10582013" role="outer"/>
  <member type="way" ref="10618072" role="outer"/>
  <member type="way" ref="780758090" role="outer"/>
  <member type="way" ref="10618347" role="outer"/>
  <member type="way" ref="1351004732" role="outer"/>
  <member type="way" ref="1351004731" role="outer"/>
  <member type="way" ref="1351004730" role="outer"/>
  <member type="way" ref="10582954" role="outer"/>
  <member type="way" ref="10582134" role="outer"/>
  <member type="way" ref="10617183" role="outer"/>
  <member type="way" ref="780414995" role="outer"/>
  <member type="way" ref="10618192" role="outer"/>
  <member type="way" ref="10582269" role="outer"/>
  <member type="way" ref="10582630" role="outer"/>
  <member type="way" ref="10579510" role="outer"/>
  <member type="way" ref="10582050" role="outer"/>
  <member type="way" ref="10581962" role="outer"/>
  <member type="way" ref="10618124" role="outer"/>
  <member type="way" ref="10582185" role="outer"/>
  <member type="way" ref="1350974501" role="outer"/>
  <member type="way" ref="10583210" role="outer"/>
  <member type="way" ref="10617659" role="outer"/>
  <member type="way" ref="791855285" role="outer"/>
  <member type="way" ref="10582643" role="outer"/>
  <member type="way" ref="10579459" role="outer"/>
  <member type="way" ref="10618717" role="outer"/>
  <member type="way" ref="10618566" role="outer"/>
  <member type="way" ref="704415348" role="outer"/>
  <member type="way" ref="314209274" role="outer"/>
  <member type="way" ref="847783558" role="outer"/>
  <member type="way" ref="10582116" role="outer"/>
  <member type="way" ref="10617952" role="outer"/>
  <member type="way" ref="10583498" role="outer"/>
  <member type="way" ref="10582898" role="outer"/>
  <member type="way" ref="10582096" role="outer"/>
  <member type="way" ref="10617216" role="outer"/>
  <member type="way" ref="10582405" role="outer"/>
  <member type="way" ref="10617419" role="outer"/>
  <member type="way" ref="10582592" role="outer"/>
  <member type="way" ref="10579472" role="outer"/>
  <member type="way" ref="10618444" role="outer"/>
  <member type="way" ref="10583053" role="outer"/>
  <member type="way" ref="10617554" role="outer"/>
  <member type="way" ref="1350974502" role="outer"/>
  <member type="way" ref="10582506" role="outer"/>
  <member type="way" ref="1350974503" role="outer"/>
  <member type="way" ref="1350974504" role="outer"/>
  <member type="way" ref="803658491" role="outer"/>
  <member type="way" ref="10582965" role="outer"/>
  <member type="way" ref="10582129" role="outer"/>
  <member type="way" ref="10579439" role="outer"/>
  <member type="way" ref="10618203" role="outer"/>
  <member type="way" ref="10618424" role="outer"/>
  <member type="way" ref="616916419" role="outer"/>
  <member type="way" ref="10582659" role="outer"/>
  <member type="way" ref="704415364" role="outer"/>
  <member type="way" ref="10582196" role="outer"/>
  <member type="way" ref="616916415" role="outer"/>
  <member type="way" ref="10618236" role="outer"/>
  <member type="way" ref="791774673" role="outer"/>
  <member type="way" ref="10617364" role="outer"/>
  <member type="way" ref="10583341" role="outer"/>
  <member type="way" ref="10617278" role="outer"/>
  <member type="way" ref="780758083" role="outer"/>
  <member type="way" ref="10583099" role="outer"/>
  <member type="way" ref="704415359" role="outer"/>
  <member type="way" ref="10579007" role="outer"/>
  <member type="way" ref="10617963" role="outer"/>
  <member type="way" ref="10579078" role="outer"/>
  <member type="way" ref="10579044" role="outer"/>
  <member type="way" ref="10617720" role="outer"/>
  <member type="way" ref="10581955" role="outer"/>
  <member type="way" ref="10583203" role="outer"/>
  <member type="way" ref="616959603" role="outer"/>
  <member type="way" ref="791774671" role="outer"/>
  <member type="way" ref="10582174" role="outer"/>
  <member type="way" ref="616959298" role="outer"/>
  <member type="way" ref="10617976" role="outer"/>
  <member type="way" ref="10581988" role="outer"/>
  <member type="way" ref="791794069" role="outer"/>
  <member type="way" ref="10579295" role="outer"/>
  <member type="way" ref="10579516" role="outer"/>
  <member type="way" ref="10582294" role="outer"/>
  <member type="way" ref="10618130" role="outer"/>
  <member type="way" ref="10618623" role="outer"/>
  <member type="way" ref="10617820" role="outer"/>
  <member type="way" ref="10582207" role="outer"/>
  <member type="way" ref="10617601" role="outer"/>
  <member type="way" ref="10617736" role="outer"/>
  <member type="way" ref="10582891" role="outer"/>
  <member type="way" ref="10582327" role="outer"/>
  <member type="way" ref="10617412" role="outer"/>
  <member type="way" ref="10582649" role="outer"/>
  <member type="way" ref="10579244" role="outer"/>
  <member type="way" ref="10618437" role="outer"/>
  <member type="way" ref="314209982" role="outer"/>
  <member type="way" ref="791517426" role="outer"/>
  <member type="way" ref="791485033" role="outer"/>
  <member type="way" ref="10582720" role="outer"/>
  <member type="way" ref="704415354" role="outer"/>
  <member type="way" ref="10617171" role="outer"/>
  <member type="way" ref="10582344" role="outer"/>
  <member type="way" ref="10618417" role="outer"/>
  <member type="way" ref="10581913" role="outer"/>
  <member type="way" ref="10583504" role="outer"/>
  <member type="way" ref="10579277" role="outer"/>
  <member type="way" ref="780399482" role="outer"/>
  <member type="way" ref="10581966" role="outer"/>
  <member type="way" ref="791866000" role="outer"/>
  <member type="way" ref="10582189" role="outer"/>
  <member type="way" ref="10579257" role="outer"/>
  <member type="way" ref="10582836" role="outer"/>
  <member type="way" ref="10582034" role="outer"/>
  <member type="way" ref="10581946" role="outer"/>
  <member type="way" ref="10579328" role="outer"/>
  <member type="way" ref="10617700" role="outer"/>
  <member type="way" ref="10583194" role="outer"/>
  <member type="way" ref="10581999" role="outer"/>
  <member type="way" ref="10579445" role="outer"/>
  <member type="way" ref="1185576414" role="outer"/>
  <member type="way" ref="10579102" role="outer"/>
  <member type="way" ref="10618058" role="outer"/>
  <member type="way" ref="10579068" role="outer"/>
  <member type="way" ref="10618483" role="outer"/>
  <member type="way" ref="704415370" role="outer"/>
  <member type="way" ref="10579361" role="outer"/>
  <member type="way" ref="10618618" role="outer"/>
  <member type="way" ref="10579222" role="outer"/>
  <member type="way" ref="10617612" role="outer"/>
  <member type="way" ref="10617288" role="outer"/>
  <member type="way" ref="10618313" role="outer"/>
  <member type="way" ref="10583502" role="outer"/>
  <member type="way" ref="10617220" role="outer"/>
  <member type="way" ref="780758089" role="outer"/>
  <member type="way" ref="10582818" role="outer"/>
  <member type="way" ref="10582953" role="outer"/>
  <member type="way" ref="10582268" role="outer"/>
  <member type="way" ref="10618703" role="outer"/>
  <member type="way" ref="10582184" role="outer"/>
  <member type="way" ref="10583209" role="outer"/>
  <member type="way" ref="10583107" role="outer"/>
  <member type="way" ref="10618156" role="outer"/>
  <member type="way" ref="780758087" role="outer"/>
  <member type="way" ref="10579015" role="outer"/>
  <member type="way" ref="10618716" role="outer"/>
  <member type="way" ref="10579150" role="outer"/>
  <member type="way" ref="10617319" role="outer"/>
  <member type="way" ref="704415347" role="outer"/>
  <member type="way" ref="791496995" role="outer"/>
  <member type="way" ref="10578995" role="outer"/>
  <member type="way" ref="10617623" role="outer"/>
  <member type="way" ref="10579130" role="outer"/>
  <member type="way" ref="10583429" role="outer"/>
  <member type="way" ref="10582370" role="outer"/>
  <member type="way" ref="10579487" role="outer"/>
  <member type="way" ref="10618443" role="outer"/>
  <member type="way" ref="1351004729" role="outer"/>
  <member type="way" ref="10579163" role="outer"/>
  <member type="way" ref="803658490" role="outer"/>
  <member type="way" ref="10618578" role="outer"/>
  <member type="way" ref="10582964" role="outer"/>
  <member type="way" ref="10582809" role="outer"/>
  <member type="way" ref="616916418" role="outer"/>
  <member type="way" ref="205417907" role="outer"/>
  <member type="way" ref="10579061" role="outer"/>
  <member type="way" ref="780400262" role="outer"/>
  <member type="way" ref="10582282" role="outer"/>
  <member type="way" ref="704415363" role="outer"/>
  <member type="way" ref="813466445" role="outer"/>
  <member type="way" ref="813466446" role="outer"/>
  <member type="way" ref="10617838" role="outer"/>
  <member type="way" ref="10579557" role="outer"/>
  <member type="way" ref="10582195" role="outer"/>
  <member type="way" ref="616916414" role="outer"/>
  <member type="way" ref="10578977" role="outer"/>
  <member type="way" ref="10582399" role="outer"/>
  <member type="way" ref="791774672" role="outer"/>
  <member type="way" ref="10583495" role="outer"/>
  <member type="way" ref="10583030" role="outer"/>
  <member type="way" ref="10582450" role="outer"/>
  <member type="way" ref="780758082" role="outer"/>
  <member type="way" ref="10583475" role="outer"/>
  <member type="way" ref="10582653" role="outer"/>
  <member type="way" ref="10579232" role="outer"/>
  <member type="way" ref="791485037" role="outer"/>
  <member type="way" ref="704415358" role="outer"/>
  <member type="way" ref="1127862796" role="outer"/>
  <member type="way" ref="10579014" role="outer"/>
  <member type="way" ref="10618184" role="outer"/>
  <member type="way" ref="10618643" role="outer"/>
  <member type="way" ref="616961457" role="outer"/>
  <member type="way" ref="10618029" role="outer"/>
  <member type="way" ref="10579261" role="outer"/>
  <member type="way" ref="791774670" role="outer"/>
  <member type="way" ref="10579332" role="outer"/>
  <member type="way" ref="10582139" role="outer"/>
  <member type="way" ref="10618149" role="outer"/>
  <member type="way" ref="10618370" role="outer"/>
  <member type="way" ref="10583012" role="outer"/>
  <member type="way" ref="10582432" role="outer"/>
  <member type="way" ref="780463855" role="outer"/>
  <member type="way" ref="10617597" role="outer"/>
  <member type="way" ref="10581983" role="outer"/>
  <member type="way" ref="704415374" role="outer"/>
  <member type="way" ref="10579365" role="outer"/>
  <member type="way" ref="791881532" role="outer"/>
  <member type="way" ref="10582465" role="outer"/>
  <member type="way" ref="616961455" role="outer"/>
  <member type="way" ref="10579345" role="outer"/>
  <member type="way" ref="10582924" role="outer"/>
  <member type="way" ref="314209985" role="outer"/>
  <member type="way" ref="10618297" role="outer"/>
  <member type="way" ref="10579156" role="outer"/>
  <member type="way" ref="10582735" role="outer"/>
  <member type="way" ref="704415353" role="outer"/>
  <member type="way" ref="10579001" role="outer"/>
  <member type="way" ref="10618416" role="outer"/>
  <member type="way" ref="10583281" role="outer"/>
  <member type="way" ref="10582937" role="outer"/>
  <member type="way" ref="730268801" role="outer"/>
  <member type="way" ref="10579411" role="outer"/>
  <member type="way" ref="10579034" role="outer"/>
  <member type="way" ref="10583435" role="outer"/>
  <member type="way" ref="10618687" role="outer"/>
  <member type="way" ref="10582748" role="outer"/>
  <member type="way" ref="10579309" role="outer"/>
  <member type="way" ref="10617834" role="outer"/>
  <member type="way" ref="10582443" role="outer"/>
  <member type="way" ref="10582646" role="outer"/>
  <member type="way" ref="10579138" role="outer"/>
  <member type="way" ref="704415369" role="outer"/>
  <member type="way" ref="10579360" role="outer"/>
  <member type="way" ref="10583313" role="outer"/>
  <member type="way" ref="704415351" role="outer"/>
  <member type="way" ref="10582201" role="outer"/>
  <member type="way" ref="10583226" role="outer"/>
  <member type="way" ref="10578999" role="outer"/>
  <member type="way" ref="10582254" role="outer"/>
  <member type="way" ref="10579134" role="outer"/>
  <member type="way" ref="10618090" role="outer"/>
  <member type="way" ref="10579356" role="outer"/>
  <member type="way" ref="10583501" role="outer"/>
  <member type="way" ref="10583124" role="outer"/>
  <member type="way" ref="10582011" role="outer"/>
  <member type="way" ref="780758088" role="outer"/>
  <member type="way" ref="10579475" role="outer"/>
  <member type="way" ref="10617644" role="outer"/>
  <member type="way" ref="10582952" role="outer"/>
  <member type="way" ref="10582628" role="outer"/>
  <member type="way" ref="10582048" role="outer"/>
  <member type="way" ref="10581960" role="outer"/>
  <member type="way" ref="704415367" role="outer"/>
  <member type="way" ref="780103703" role="outer"/>
  <member type="way" ref="10618257" role="outer"/>
  <member type="way" ref="10583412" role="outer"/>
  <member type="way" ref="10579116" role="outer"/>
  <member type="way" ref="10583069" role="outer"/>
  <member type="way" ref="10582522" role="outer"/>
  <member type="way" ref="10582695" role="outer"/>
  <member type="way" ref="10618753" role="outer"/>
  <member type="way" ref="791505450" role="outer"/>
  <member type="way" ref="780758086" role="outer"/>
  <member type="way" ref="10583479" role="outer"/>
  <member type="way" ref="10579236" role="outer"/>
  <member type="way" ref="10618493" role="outer"/>
  <member type="way" ref="10579371" role="outer"/>
  <member type="way" ref="704415346" role="outer"/>
  <member type="way" ref="791496994" role="outer"/>
  <member type="way" ref="10578994" role="outer"/>
  <member type="way" ref="10583139" role="outer"/>
  <member type="way" ref="10583496" role="outer"/>
  <member type="way" ref="10579490" role="outer"/>
  <member type="way" ref="10582110" role="outer"/>
  <member type="way" ref="10583135" role="outer"/>
  <member type="way" ref="10579027" role="outer"/>
  <member type="way" ref="10579162" role="outer"/>
  <member type="way" ref="803658489" role="outer"/>
  <member type="way" ref="10582963" role="outer"/>
  <member type="way" ref="10579302" role="outer"/>
  <member type="way" ref="10618013" role="outer"/>
  <member type="way" ref="10582586" role="outer"/>
  <member type="way" ref="616916417" role="outer"/>
  <member type="way" ref="205417906" role="outer"/>
  <member type="way" ref="10618272" role="outer"/>
  <member type="way" ref="10618509" role="outer"/>
  <member type="way" ref="10582639" role="outer"/>
  <member type="way" ref="780400261" role="outer"/>
  <member type="way" ref="10582774" role="outer"/>
  <member type="way" ref="704415362" role="outer"/>
  <member type="way" ref="10579417" role="outer"/>
  <member type="way" ref="10582996" role="outer"/>
  <member type="way" ref="10582194" role="outer"/>
  <member type="way" ref="10582416" role="outer"/>
  <member type="way" ref="616916687" role="outer"/>
  <member type="way" ref="10583494" role="outer"/>
  <member type="way" ref="1351004728" role="outer"/>
  <member type="way" ref="10618079" role="outer"/>
  <member type="way" ref="10583252" role="outer"/>
  <member type="way" ref="10579247" role="outer"/>
  <member type="way" ref="10617637" role="outer"/>
  <member type="way" ref="10582072" role="outer"/>
  <member type="way" ref="791485036" role="outer"/>
  <member type="way" ref="780126000" role="outer"/>
  <member type="way" ref="10617550" role="outer"/>
  <member type="way" ref="704415357" role="outer"/>
  <member type="way" ref="10579569" role="outer"/>
  <member type="way" ref="1351008737" role="outer"/>
  <member type="way" ref="10582125" role="outer"/>
  <member type="way" ref="10618199" role="outer"/>
  <member type="way" ref="616961456" role="outer"/>
  <member type="way" ref="10583507" role="outer"/>
  <member type="way" ref="10582941" role="outer"/>
  <member type="way" ref="10582380" role="outer"/>
  <member type="way" ref="10618453" role="outer"/>
  <member type="way" ref="780465724" role="outer"/>
  <member type="way" ref="10581949" role="outer"/>
  <member type="way" ref="10579432" role="outer"/>
  <member type="way" ref="10579071" role="outer"/>
  <member type="way" ref="10618094" role="outer"/>
  <member type="way" ref="10582464" role="outer"/>
  <member type="way" ref="314209984" role="outer"/>
  <member type="way" ref="10582103" role="outer"/>
  <member type="way" ref="10617939" role="outer"/>
  <member type="way" ref="10582238" role="outer"/>
  <member type="way" ref="780758092" role="outer"/>
  <member type="way" ref="10579242" role="outer"/>
  <member type="way" ref="10579479" role="outer"/>
  <member type="way" ref="10617871" role="outer"/>
  <member type="way" ref="1350979568" role="outer"/>
  <member type="way" ref="10582734" role="outer"/>
  <member type="way" ref="10579377" role="outer"/>
  <member type="way" ref="704415352" role="outer"/>
  <member type="way" ref="10582358" role="outer"/>
  <member type="way" ref="10583280" role="outer"/>
  <member type="way" ref="10618502" role="outer"/>
  <member type="way" ref="10579496" role="outer"/>
  <member type="way" ref="780399481" role="outer"/>
  <member type="way" ref="779482957" role="outer"/>
  <member type="way" ref="10579033" role="outer"/>
  <member type="way" ref="10583434" role="outer"/>
  <member type="way" ref="10617439" role="outer"/>
  <member type="way" ref="10618686" role="outer"/>
  <member type="way" ref="10581944" role="outer"/>
  <member type="way" ref="791855287" role="outer"/>
  <member type="way" ref="10579529" role="outer"/>
  <member type="way" ref="10581997" role="outer"/>
  <member type="way" ref="10583022" role="outer"/>
  <member type="way" ref="10617269" role="outer"/>
  <member type="way" ref="780411704" role="outer"/>
  <member type="way" ref="10618719" role="outer"/>
  <member type="way" ref="704415368" role="outer"/>
  <member type="way" ref="10579375" role="outer"/>
  <member type="way" ref="704415350" role="outer"/>
  <member type="way" ref="10579562" role="outer"/>
  <member type="way" ref="780103704" role="outer"/>
  <member type="way" ref="10582118" role="outer"/>
  <member type="way" ref="10578998" role="outer"/>
  <member type="way" ref="10617610" role="outer"/>
  <member type="way" ref="10618635" role="outer"/>
  <member type="way" ref="838365895" role="outer"/>
  <member type="way" ref="10582475" role="outer"/>
  <member type="way" ref="835155151" role="outer"/>
  <member type="way" ref="791428950" role="outer"/>
  <member type="way" ref="791428952" role="outer"/>
  <member type="way" ref="1443228349" role="outer"/>
  <member type="way" ref="1442966782" role="outer"/>
  <member type="way" ref="1442966783" role="outer"/>
  <tag k="admin_level" v="4"/>
  <tag k="boundary" v="administrative"/>
  <tag k="ISO3166-2" v="AR-B"/>
  <tag k="name" v="Buenos Aires"/>
  <tag k="name:af" v="Buenos Aires"/>
  <tag k="name:ar" v="بوينس آيرس"/>
  <tag k="name:ay" v="Buenos Aires jisk'a suyu"/>
  <tag k="name:be" v="Буэнас-Айрэс"/>
  <tag k="name:bg" v="Буенос Айрес"/>
  <tag k="name:br" v="Buenos Aires"/>
  <tag k="name:ca" v="Província de Buenos Aires"/>
  <tag k="name:cs" v="Buenos Aires"/>
  <tag k="name:cy" v="Talaith Buenos Aires"/>
  <tag k="name:da" v="Provincia de Buenos Aires"/>
  <tag k="name:de" v="Provinz Buenos Aires"/>
  <tag k="name:en" v="Buenos Aires"/>
  <tag k="name:eo" v="Provinco Bonaero"/>
  <tag k="name:es" v="Buenos Aires"/>
  <tag k="name:et" v="Buenos Airese provints"/>
  <tag k="name:eu" v="Buenos Airesko probintzia"/>
  <tag k="name:fa" v="استان بوئنوس آیرس"/>
  <tag k="name:fi" v="Buenos Airesin maakunta"/>
  <tag k="name:fr" v="Province de Buenos Aires"/>
  <tag k="name:gl" v="Provincia de Buenos Aires"/>
  <tag k="name:gn" v="Tetãvore Buenos Aires"/>
  <tag k="name:he" v="בואנוס איירס"/>
  <tag k="name:hi" v="ब्यूनर्स आयर्स"/>
  <tag k="name:hr" v="Buenos Aires"/>
  <tag k="name:hu" v="Buenos Aires tartomány"/>
  <tag k="name:hy" v="Բուենոս Այրես"/>
  <tag k="name:ia" v="Provincia de Buenos Aires"/>
  <tag k="name:id" v="Provinsi Buenos Aires"/>
  <tag k="name:io" v="Provinco Buenos Aires"/>
  <tag k="name:it" v="Provincia di Buenos Aires"/>
  <tag k="name:ja" v="ブエノスアイレス州"/>
  <tag k="name:ka" v="ბუენოს-აირესის პროვინცია"/>
  <tag k="name:ko" v="부에노스아이레스주"/>
  <tag k="name:la" v="Bonus Aër"/>
  <tag k="name:lt" v="Buenos Airės"/>
  <tag k="name:lv" v="Buenosairesas province"/>
  <tag k="name:mk" v="Буенос Аирес"/>
  <tag k="name:mn" v="Буэнос-Айрес муж"/>
  <tag k="name:mr" v="बुएनोस आइरेस प्रांत"/>
  <tag k="name:ms" v="Buenos Aires"/>
  <tag k="name:nl" v="Buenos Aires"/>
  <tag k="name:no" v="Buenos Aires"/>
  <tag k="name:oc" v="Província de Buenos Aires"/>
  <tag k="name:os" v="Буэнос-Айрес"/>
  <tag k="name:pl" v="Buenos Aires"/>
  <tag k="name:pt" v="Buenos Aires"/>
  <tag k="name:qu" v="Buenos Aires wamani"/>
  <tag k="name:ro" v="Provincia Buenos Aires"/>
  <tag k="name:ru" v="Буэнос-Айрес"/>
  <tag k="name:sk" v="Buenos Aires"/>
  <tag k="name:sr" v="Буенос Ајрес"/>
  <tag k="name:sr-Latn" v="Buenos Ajres"/>
  <tag k="name:sv" v="Buenos Aires"/>
  <tag k="name:sw" v="Mkoa wa Buenos Aires"/>
  <tag k="name:tg" v="Буэнос-Айрес"/>
  <tag k="name:th" v="รัฐบัวโนสไอเรส"/>
  <tag k="name:tl" v="Lalawigan ng Buenos Aires"/>
  <tag k="name:tr" v="Buenos Aires"/>
  <tag k="name:tt" v="Буйныс-Айрыс"/>
  <tag k="name:uk" v="Буенос-Айрес"/>
  <tag k="name:ur" v="صوبہ بیونس آئرس"/>
  <tag k="name:vi" v="Buenos Aires"/>
  <tag k="name:vo" v="Buenos Aires"/>
  <tag k="name:zh" v="布宜诺斯艾利斯省"/>
  <tag k="official_name" v="Provincia de Buenos Aires"/>
  <tag k="official_name:sr" v="Провинција Буенос Ајрес"/>
  <tag k="official_name:sr-Latn" v="Provincija Buenos Ajres"/>
  <tag k="ref" v="BA"/>
  <tag k="short_name" v="Bs. As."/>
  <tag k="type" v="boundary"/>
  <tag k="wikidata" v="Q44754"/>
  <tag k="wikipedia" v="es:Provincia de Buenos Aires"/>
 </relation>
 <relation id="1769044" visible="true" version="130" changeset="186255891" timestamp="2026-07-23T20:04:13Z" user="Flynn Marquardt" uid="100357">
  <member type="way" ref="271947493" role="outer"/>
  <member type="way" ref="658624919" role="outer"/>
  <member type="way" ref="1352266312" role="outer"/>
  <member type="way" ref="658624918" role="outer"/>
  <member type="way" ref="658624917" role="outer"/>
  <member type="way" ref="658624916" role="outer"/>
  <member type="way" ref="131828237" role="outer"/>
  <member type="way" ref="452772968" role="outer"/>
  <member type="way" ref="470286297" role="outer"/>
  <member type="way" ref="1021012641" role="outer"/>
  <member type="way" ref="1340783903" role="outer"/>
  <member type="way" ref="470319433" role="outer"/>
  <member type="way" ref="1067453370" role="outer"/>
  <member type="way" ref="1050986361" role="outer"/>
  <member type="way" ref="1442073889" role="outer"/>
  <member type="way" ref="1050908942" role="outer"/>
  <member type="way" ref="131640775" role="outer"/>
  <member type="way" ref="64376442" role="outer"/>
  <member type="way" ref="64376431" role="outer"/>
  <member type="way" ref="64376445" role="outer"/>
  <member type="way" ref="958634506" role="outer"/>
  <member type="way" ref="468230090" role="outer"/>
  <member type="way" ref="272203083" role="outer"/>
  <member type="way" ref="1353994393" role="outer"/>
  <member type="way" ref="1353994394" role="outer"/>
  <member type="way" ref="4766348" role="outer"/>
  <member type="way" ref="64376474" role="outer"/>
  <member type="way" ref="513314395" role="outer"/>
  <member type="way" ref="1543332489" role="outer"/>
  <member type="way" ref="1543316514" role="outer"/>
  <member type="way" ref="180707132" role="outer"/>
  <member type="way" ref="180878267" role="outer"/>
  <member type="way" ref="180867887" role="outer"/>
  <member type="way" ref="1543316513" role="outer"/>
  <member type="way" ref="1433125586" role="outer"/>
  <member type="way" ref="131828368" role="outer"/>
  <member type="way" ref="1433125592" role="outer"/>
  <member type="way" ref="1433125588" role="outer"/>
  <member type="way" ref="1433125584" role="outer"/>
  <member type="way" ref="1433125578" role="outer"/>
  <member type="way" ref="1433125574" role="outer"/>
  <member type="way" ref="1433125573" role="outer"/>
  <member type="way" ref="1433125562" role="outer"/>
  <member type="way" ref="1433125561" role="outer"/>
  <member type="way" ref="139486215" role="outer"/>
  <member type="way" ref="1372763321" role="outer"/>
  <member type="way" ref="1543316511" role="outer"/>
  <member type="way" ref="750142466" role="outer"/>
  <member type="way" ref="750142467" role="outer"/>
  <member type="way" ref="750142458" role="outer"/>
  <member type="way" ref="131828246" role="outer"/>
  <member type="way" ref="81341260" role="outer"/>
  <member type="way" ref="81341263" role="outer"/>
  <member type="way" ref="435901541" role="outer"/>
  <member type="way" ref="964793352" role="outer"/>
  <member type="way" ref="970640245" role="outer"/>
  <member type="way" ref="79498816" role="outer"/>
  <member type="way" ref="1333304550" role="outer"/>
  <member type="way" ref="1333304552" role="outer"/>
  <member type="way" ref="971034995" role="outer"/>
  <member type="way" ref="971034994" role="outer"/>
  <member type="way" ref="971034993" role="outer"/>
  <member type="way" ref="971034977" role="outer"/>
  <member type="way" ref="1333308641" role="outer"/>
  <member type="way" ref="79498818" role="outer"/>
  <member type="way" ref="1008192079" role="outer"/>
  <member type="way" ref="1008192078" role="outer"/>
  <member type="way" ref="57400754" role="outer"/>
  <member type="way" ref="970635713" role="outer"/>
  <member type="way" ref="970635642" role="outer"/>
  <member type="way" ref="970635641" role="outer"/>
  <member type="way" ref="1353721154" role="outer"/>
  <member type="way" ref="436022417" role="outer"/>
  <member type="way" ref="133114648" role="outer"/>
  <member type="way" ref="1308646876" role="outer"/>
  <member type="way" ref="1353721155" role="outer"/>
  <member type="way" ref="286995383" role="outer"/>
  <member type="way" ref="311105228" role="outer"/>
  <member type="way" ref="1331439566" role="outer"/>
  <member type="way" ref="1034907214" role="outer"/>
  <member type="way" ref="1034907212" role="outer"/>
  <member type="way" ref="465565671" role="outer"/>
  <member type="way" ref="606222938" role="outer"/>
  <member type="way" ref="1322776655" role="outer"/>
  <member type="way" ref="425654849" role="outer"/>
  <member type="way" ref="294844726" role="outer"/>
  <member type="way" ref="85099547" role="outer"/>
  <member type="way" ref="294844727" role="outer"/>
  <member type="way" ref="285597491" role="outer"/>
  <member type="way" ref="81549798" role="outer"/>
  <member type="way" ref="81549837" role="outer"/>
  <member type="way" ref="86141594" role="outer"/>
  <member type="way" ref="46426610" role="outer"/>
  <member type="way" ref="81549830" role="outer"/>
  <member type="way" ref="358993384" role="outer"/>
  <member type="way" ref="86113049" role="outer"/>
  <member type="way" ref="200700158" role="outer"/>
  <member type="way" ref="267888905" role="outer"/>
  <member type="way" ref="172823677" role="outer"/>
  <member type="way" ref="472853382" role="outer"/>
  <member type="way" ref="358568675" role="outer"/>
  <member type="way" ref="81539581" role="outer"/>
  <member type="way" ref="375751590" role="outer"/>
  <member type="way" ref="47083985" role="outer"/>
  <member type="way" ref="200700160" role="outer"/>
  <member type="way" ref="172823678" role="outer"/>
  <member type="way" ref="30218143" role="outer"/>
  <member type="way" ref="47083982" role="outer"/>
  <member type="way" ref="659182028" role="outer"/>
  <member type="way" ref="1285072907" role="outer"/>
  <member type="way" ref="1285072908" role="outer"/>
  <member type="way" ref="1262429323" role="outer"/>
  <member type="way" ref="1262429325" role="outer"/>
  <member type="way" ref="131828229" role="outer"/>
  <member type="way" ref="47087009" role="outer"/>
  <member type="way" ref="1285074990" role="outer"/>
  <member type="way" ref="1285074991" role="outer"/>
  <member type="way" ref="1285074996" role="outer"/>
  <member type="way" ref="30280787" role="outer"/>
  <member type="way" ref="1026862649" role="outer"/>
  <member type="way" ref="1024270660" role="outer"/>
  <member type="way" ref="1285076939" role="outer"/>
  <member type="way" ref="1027190094" role="outer"/>
  <member type="way" ref="1285076940" role="outer"/>
  <member type="way" ref="1285076942" role="outer"/>
  <member type="way" ref="546721001" role="outer"/>
  <member type="way" ref="739008429" role="outer"/>
  <member type="way" ref="420676356" role="outer"/>
  <member type="way" ref="1285080505" role="outer"/>
  <member type="way" ref="269720900" role="outer"/>
  <member type="way" ref="1024287521" role="outer"/>
  <member type="way" ref="1285080506" role="outer"/>
  <member type="way" ref="269549998" role="outer"/>
  <member type="way" ref="1050884930" role="outer"/>
  <member type="way" ref="953896675" role="outer"/>
  <member type="way" ref="731815696" role="outer"/>
  <member type="way" ref="731815697" role="outer"/>
  <member type="way" ref="953896676" role="outer"/>
  <member type="way" ref="1050886394" role="outer"/>
  <member type="way" ref="1050886397" role="outer"/>
  <member type="way" ref="609646391" role="outer"/>
  <member type="way" ref="1285080511" role="outer"/>
  <member type="way" ref="1285080512" role="outer"/>
  <member type="way" ref="1285080513" role="outer"/>
  <member type="way" ref="1285080514" role="outer"/>
  <member type="way" ref="1013807199" role="outer"/>
  <member type="way" ref="1013807198" role="outer"/>
  <member type="way" ref="1285080515" role="outer"/>
  <member type="way" ref="271047555" role="outer"/>
  <member type="way" ref="1285080516" role="outer"/>
  <member type="way" ref="1285080517" role="outer"/>
  <member type="way" ref="257202342" role="outer"/>
  <member type="way" ref="1396679953" role="outer"/>
  <member type="way" ref="1543314934" role="outer"/>
  <member type="way" ref="1543314935" role="outer"/>
  <member type="node" ref="198420711" role="admin_centre"/>
  <tag k="admin_level" v="5"/>
  <tag k="boundary" v="administrative"/>
  <tag k="name" v="Partido de San Isidro"/>
  <tag k="population" v="291608"/>
  <tag k="type" v="boundary"/>
  <tag k="wikidata" v="Q2644735"/>
  <tag k="wikipedia" v="es:Partido de San Isidro"/>
 </relation>
 <relation id="1770849" visible="true" version="84" changeset="186251834" timestamp="2026-07-23T18:35:01Z" user="Bondi Maps" uid="22225370">
  <member type="node" ref="198402672" role="label"/>
  <member type="way" ref="209543836" role="outer"/>
  <member type="way" ref="81341260" role="outer"/>
  <member type="way" ref="81341263" role="outer"/>
  <member type="way" ref="435901541" role="outer"/>
  <member type="way" ref="964793352" role="outer"/>
  <member type="way" ref="970640245" role="outer"/>
  <member type="way" ref="79498816" role="outer"/>
  <member type="way" ref="1333304550" role="outer"/>
  <member type="way" ref="1333304552" role="outer"/>
  <member type="way" ref="971034995" role="outer"/>
  <member type="way" ref="971034994" role="outer"/>
  <member type="way" ref="971034993" role="outer"/>
  <member type="way" ref="971034977" role="outer"/>
  <member type="way" ref="1333308641" role="outer"/>
  <member type="way" ref="79498818" role="outer"/>
  <member type="way" ref="1008192079" role="outer"/>
  <member type="way" ref="1008192078" role="outer"/>
  <member type="way" ref="57400754" role="outer"/>
  <member type="way" ref="970635713" role="outer"/>
  <member type="way" ref="970635642" role="outer"/>
  <member type="way" ref="970635641" role="outer"/>
  <member type="way" ref="1353721154" role="outer"/>
  <member type="way" ref="436022417" role="outer"/>
  <member type="way" ref="133114648" role="outer"/>
  <member type="way" ref="1308646876" role="outer"/>
  <member type="way" ref="1353721155" role="outer"/>
  <member type="way" ref="286995383" role="outer"/>
  <member type="way" ref="311105228" role="outer"/>
  <member type="way" ref="1331439566" role="outer"/>
  <member type="way" ref="1034907214" role="outer"/>
  <member type="way" ref="1034907212" role="outer"/>
  <member type="way" ref="465565671" role="outer"/>
  <member type="way" ref="606222938" role="outer"/>
  <member type="way" ref="1322776655" role="outer"/>
  <member type="way" ref="425654849" role="outer"/>
  <member type="way" ref="294844726" role="outer"/>
  <member type="way" ref="85099547" role="outer"/>
  <member type="way" ref="294844727" role="outer"/>
  <member type="way" ref="285597491" role="outer"/>
  <member type="way" ref="81549798" role="outer"/>
  <member type="way" ref="334414883" role="outer"/>
  <member type="way" ref="334414881" role="outer"/>
  <member type="way" ref="954737558" role="outer"/>
  <member type="way" ref="200694991" role="outer"/>
  <member type="way" ref="1308653620" role="outer"/>
  <member type="way" ref="1353905972" role="outer"/>
  <member type="way" ref="1543316507" role="outer"/>
  <member type="way" ref="1308652570" role="outer"/>
  <member type="way" ref="1308652569" role="outer"/>
  <member type="way" ref="1308652568" role="outer"/>
  <member type="way" ref="1308651128" role="outer"/>
  <member type="way" ref="1308651127" role="outer"/>
  <member type="way" ref="1308651126" role="outer"/>
  <member type="way" ref="1308654537" role="outer"/>
  <member type="way" ref="470720698" role="outer"/>
  <member type="way" ref="30260246" role="outer"/>
  <member type="way" ref="57400753" role="outer"/>
  <member type="way" ref="312002417" role="outer"/>
  <tag k="admin_level" v="8"/>
  <tag k="boundary" v="administrative"/>
  <tag k="name" v="Martínez"/>
  <tag k="type" v="boundary"/>
  <tag k="wikidata" v="Q1840873"/>
  <tag k="wikipedia" v="es:Martínez (Buenos Aires)"/>
 </relation>
 <relation id="1877206" visible="true" version="40" changeset="186251834" timestamp="2026-07-23T18:35:01Z" user="Bondi Maps" uid="22225370">
  <member type="way" ref="1308657500" role="outer"/>
  <member type="way" ref="608807421" role="outer"/>
  <member type="way" ref="132652495" role="outer"/>
  <member type="way" ref="608807422" role="outer"/>
  <member type="way" ref="1335186861" role="outer"/>
  <member type="way" ref="132652496" role="outer"/>
  <member type="way" ref="257816202" role="outer"/>
  <member type="way" ref="1356719586" role="outer"/>
  <member type="way" ref="378845476" role="outer"/>
  <member type="way" ref="4762898" role="outer"/>
  <member type="way" ref="261476981" role="outer"/>
  <member type="way" ref="261476982" role="outer"/>
  <member type="way" ref="608807424" role="outer"/>
  <member type="way" ref="378845477" role="outer"/>
  <member type="way" ref="389131621" role="outer"/>
  <member type="way" ref="1308647247" role="outer"/>
  <member type="way" ref="1308654537" role="outer"/>
  <member type="way" ref="470720698" role="outer"/>
  <member type="way" ref="30260246" role="outer"/>
  <member type="way" ref="57400753" role="outer"/>
  <member type="way" ref="312002417" role="outer"/>
  <member type="way" ref="209543836" role="outer"/>
  <member type="way" ref="131828246" role="outer"/>
  <member type="way" ref="750142458" role="outer"/>
  <member type="way" ref="750142467" role="outer"/>
  <member type="way" ref="750142466" role="outer"/>
  <member type="way" ref="1543316511" role="outer"/>
  <member type="way" ref="1543316509" role="outer"/>
  <member type="way" ref="1543316508" role="outer"/>
  <tag k="admin_level" v="8"/>
  <tag k="boundary" v="administrative"/>
  <tag k="name" v="Acassuso"/>
  <tag k="type" v="boundary"/>
  <tag k="wikidata" v="Q2351223"/>
  <tag k="wikipedia" v="es:Acassuso (Buenos Aires)"/>
 </relation>
 <relation id="3474227" visible="true" version="243" changeset="188004451" timestamp="2026-08-25T18:00:15Z" user="Bondi Maps" uid="22225370">
  <member type="way" ref="185599306" role="outer"/>
  <member type="way" ref="1418531502" role="outer"/>
  <member type="way" ref="185597693" role="outer"/>
  <member type="way" ref="1418539003" role="outer"/>
  <member type="way" ref="1418539005" role="outer"/>
  <member type="way" ref="1552356824" role="outer"/>
  <member type="way" ref="1418496946" role="outer"/>
  <member type="way" ref="206861190" role="outer"/>
  <member type="way" ref="206861184" role="outer"/>
  <member type="way" ref="1049745149" role="outer"/>
  <member type="way" ref="1049745148" role="outer"/>
  <member type="way" ref="1444794896" role="outer"/>
  <member type="way" ref="19757608" role="outer"/>
  <member type="way" ref="1444794894" role="outer"/>
  <member type="way" ref="153194630" role="outer"/>
  <member type="way" ref="153194617" role="outer"/>
  <member type="way" ref="160359623" role="outer"/>
  <member type="way" ref="160376150" role="outer"/>
  <member type="way" ref="875880066" role="outer"/>
  <member type="way" ref="160376149" role="outer"/>
  <member type="way" ref="875880065" role="outer"/>
  <member type="way" ref="160535506" role="outer"/>
  <member type="way" ref="875880062" role="outer"/>
  <member type="way" ref="466121322" role="outer"/>
  <member type="way" ref="875880063" role="outer"/>
  <member type="way" ref="466121318" role="outer"/>
  <member type="way" ref="160540618" role="outer"/>
  <member type="way" ref="865547600" role="outer"/>
  <member type="way" ref="729129375" role="outer"/>
  <member type="way" ref="610359434" role="outer"/>
  <member type="way" ref="867931023" role="outer"/>
  <member type="way" ref="750095805" role="outer"/>
  <member type="way" ref="750095794" role="outer"/>
  <member type="way" ref="750095804" role="outer"/>
  <member type="way" ref="750095811" role="outer"/>
  <member type="way" ref="750095787" role="outer"/>
  <member type="way" ref="750095798" role="outer"/>
  <member type="way" ref="750095812" role="outer"/>
  <member type="way" ref="166828644" role="outer"/>
  <member type="way" ref="176937145" role="outer"/>
  <member type="way" ref="1428175630" role="outer"/>
  <member type="way" ref="1428175623" role="outer"/>
  <member type="way" ref="854707340" role="outer"/>
  <member type="way" ref="854808900" role="outer"/>
  <member type="way" ref="316462982" role="outer"/>
  <member type="way" ref="854707347" role="outer"/>
  <member type="way" ref="729210115" role="outer"/>
  <member type="way" ref="854707348" role="outer"/>
  <member type="way" ref="729219967" role="outer"/>
  <member type="way" ref="357291361" role="outer"/>
  <member type="way" ref="81339745" role="outer"/>
  <member type="way" ref="81339742" role="outer"/>
  <member type="way" ref="859138371" role="outer"/>
  <member type="way" ref="19357332" role="outer"/>
  <member type="way" ref="854707341" role="outer"/>
  <member type="way" ref="176937148" role="outer"/>
  <member type="way" ref="860549128" role="outer"/>
  <member type="way" ref="860549127" role="outer"/>
  <member type="way" ref="176937144" role="outer"/>
  <member type="way" ref="860549130" role="outer"/>
  <member type="way" ref="176936127" role="outer"/>
  <member type="way" ref="860549129" role="outer"/>
  <member type="way" ref="176936125" role="outer"/>
  <member type="way" ref="859138370" role="outer"/>
  <member type="way" ref="176936126" role="outer"/>
  <member type="way" ref="860549131" role="outer"/>
  <member type="way" ref="176936123" role="outer"/>
  <member type="way" ref="176936119" role="outer"/>
  <member type="way" ref="166883955" role="outer"/>
  <member type="way" ref="860549132" role="outer"/>
  <member type="way" ref="176936122" role="outer"/>
  <member type="way" ref="860286577" role="outer"/>
  <member type="way" ref="857710314" role="outer"/>
  <member type="way" ref="860549133" role="outer"/>
  <member type="way" ref="176936124" role="outer"/>
  <member type="way" ref="860549134" role="outer"/>
  <member type="way" ref="857710319" role="outer"/>
  <member type="way" ref="857710318" role="outer"/>
  <member type="way" ref="176936121" role="outer"/>
  <member type="way" ref="858779851" role="outer"/>
  <member type="way" ref="954081788" role="outer"/>
  <member type="way" ref="858779880" role="outer"/>
  <member type="way" ref="577629279" role="outer"/>
  <member type="way" ref="858779879" role="outer"/>
  <member type="way" ref="316435817" role="outer"/>
  <member type="way" ref="857710305" role="outer"/>
  <member type="way" ref="1428176848" role="outer"/>
  <member type="way" ref="176936120" role="outer"/>
  <member type="way" ref="176937152" role="outer"/>
  <member type="way" ref="26330945" role="outer"/>
  <member type="way" ref="1180651636" role="outer"/>
  <member type="way" ref="686101580" role="outer"/>
  <member type="way" ref="1180650040" role="outer"/>
  <member type="way" ref="1180082195" role="outer"/>
  <member type="way" ref="1180082194" role="outer"/>
  <member type="way" ref="176937307" role="outer"/>
  <member type="way" ref="1180649690" role="outer"/>
  <member type="way" ref="1180649689" role="outer"/>
  <member type="way" ref="166704159" role="outer"/>
  <member type="way" ref="375978044" role="outer"/>
  <member type="way" ref="375978045" role="outer"/>
  <member type="way" ref="275862278" role="outer"/>
  <member type="way" ref="275862276" role="outer"/>
  <member type="way" ref="275862277" role="outer"/>
  <member type="way" ref="280417313" role="outer"/>
  <member type="way" ref="166703468" role="outer"/>
  <member type="way" ref="26330278" role="outer"/>
  <member type="way" ref="81341265" role="outer"/>
  <member type="way" ref="81341261" role="outer"/>
  <member type="way" ref="81341262" role="outer"/>
  <member type="way" ref="39517293" role="outer"/>
  <member type="way" ref="39517297" role="outer"/>
  <member type="way" ref="81341259" role="outer"/>
  <member type="way" ref="36866330" role="outer"/>
  <member type="way" ref="85099536" role="outer"/>
  <member type="way" ref="81341260" role="outer"/>
  <member type="way" ref="131828246" role="outer"/>
  <member type="way" ref="750142458" role="outer"/>
  <member type="way" ref="750142467" role="outer"/>
  <member type="way" ref="750142466" role="outer"/>
  <member type="way" ref="1543316511" role="outer"/>
  <member type="way" ref="1372763321" role="outer"/>
  <member type="way" ref="139486215" role="outer"/>
  <member type="way" ref="1433125561" role="outer"/>
  <member type="way" ref="1433125562" role="outer"/>
  <member type="way" ref="1433125573" role="outer"/>
  <member type="way" ref="1433125574" role="outer"/>
  <member type="way" ref="1433125578" role="outer"/>
  <member type="way" ref="1433125584" role="outer"/>
  <member type="way" ref="1433125588" role="outer"/>
  <member type="way" ref="1433125592" role="outer"/>
  <member type="way" ref="131828368" role="outer"/>
  <member type="way" ref="1433125586" role="outer"/>
  <member type="way" ref="825284233" role="outer"/>
  <member type="way" ref="825284115" role="outer"/>
  <member type="way" ref="825284232" role="outer"/>
  <member type="way" ref="825284252" role="outer"/>
  <member type="way" ref="825284251" role="outer"/>
  <member type="way" ref="825284250" role="outer"/>
  <member type="way" ref="825284249" role="outer"/>
  <member type="way" ref="825284234" role="outer"/>
  <member type="way" ref="825284123" role="outer"/>
  <member type="way" ref="825284102" role="outer"/>
  <member type="way" ref="825284247" role="outer"/>
  <member type="way" ref="825284246" role="outer"/>
  <member type="way" ref="825284255" role="outer"/>
  <member type="way" ref="825284244" role="outer"/>
  <member type="way" ref="259109283" role="outer"/>
  <member type="way" ref="825284243" role="outer"/>
  <member type="way" ref="825284287" role="outer"/>
  <member type="way" ref="825284231" role="outer"/>
  <member type="way" ref="825284230" role="outer"/>
  <member type="way" ref="825284226" role="outer"/>
  <member type="way" ref="825284229" role="outer"/>
  <member type="way" ref="825284228" role="outer"/>
  <member type="way" ref="825284238" role="outer"/>
  <member type="way" ref="825284237" role="outer"/>
  <member type="way" ref="825284239" role="outer"/>
  <member type="way" ref="825284235" role="outer"/>
  <member type="way" ref="825284278" role="outer"/>
  <member type="way" ref="452821178" role="outer"/>
  <member type="way" ref="259109293" role="outer"/>
  <member type="way" ref="825284224" role="outer"/>
  <member type="way" ref="825284277" role="outer"/>
  <member type="way" ref="825284276" role="outer"/>
  <member type="way" ref="825284274" role="outer"/>
  <member type="way" ref="825284275" role="outer"/>
  <member type="way" ref="825284266" role="outer"/>
  <member type="way" ref="825284273" role="outer"/>
  <member type="way" ref="825284265" role="outer"/>
  <member type="way" ref="825284264" role="outer"/>
  <member type="way" ref="825284272" role="outer"/>
  <member type="way" ref="825284271" role="outer"/>
  <member type="way" ref="185787374" role="outer"/>
  <member type="way" ref="825284270" role="outer"/>
  <member type="way" ref="825284268" role="outer"/>
  <member type="way" ref="825284267" role="outer"/>
  <member type="way" ref="825284261" role="outer"/>
  <member type="way" ref="825284260" role="outer"/>
  <member type="way" ref="825284262" role="outer"/>
  <member type="way" ref="825284220" role="outer"/>
  <member type="way" ref="825284222" role="outer"/>
  <member type="way" ref="825284221" role="outer"/>
  <member type="way" ref="825284173" role="outer"/>
  <member type="way" ref="825284197" role="outer"/>
  <member type="way" ref="825284175" role="outer"/>
  <member type="way" ref="825284194" role="outer"/>
  <member type="way" ref="825284130" role="outer"/>
  <member type="way" ref="825284193" role="outer"/>
  <member type="way" ref="452821183" role="outer"/>
  <member type="way" ref="801689122" role="outer"/>
  <member type="way" ref="801689124" role="outer"/>
  <member type="way" ref="625184392" role="outer"/>
  <member type="way" ref="625184391" role="outer"/>
  <member type="way" ref="185745205" role="outer"/>
  <member type="way" ref="801689130" role="outer"/>
  <member type="way" ref="801689128" role="outer"/>
  <member type="way" ref="801689126" role="outer"/>
  <member type="way" ref="801689127" role="outer"/>
  <member type="way" ref="259109343" role="outer"/>
  <member type="way" ref="259109275" role="outer"/>
  <member type="way" ref="13239234" role="outer"/>
  <member type="way" ref="801689129" role="outer"/>
  <member type="way" ref="801689131" role="outer"/>
  <member type="way" ref="452821189" role="outer"/>
  <member type="way" ref="825626277" role="outer"/>
  <member type="way" ref="825626276" role="outer"/>
  <member type="way" ref="259109310" role="outer"/>
  <member type="way" ref="259109304" role="outer"/>
  <member type="way" ref="259109272" role="outer"/>
  <member type="way" ref="259109240" role="outer"/>
  <member type="way" ref="259109241" role="outer"/>
  <member type="way" ref="259109302" role="outer"/>
  <member type="way" ref="259109233" role="outer"/>
  <member type="way" ref="20303630" role="outer"/>
  <member type="way" ref="259109232" role="outer"/>
  <member type="way" ref="259109329" role="outer"/>
  <member type="way" ref="259109225" role="outer"/>
  <member type="way" ref="259109281" role="outer"/>
  <member type="way" ref="259109276" role="outer"/>
  <member type="way" ref="259109160" role="outer"/>
  <member type="way" ref="625184400" role="outer"/>
  <member type="way" ref="625184402" role="outer"/>
  <member type="way" ref="625184401" role="outer"/>
  <member type="way" ref="258851250" role="outer"/>
  <member type="way" ref="625184403" role="outer"/>
  <member type="way" ref="625184398" role="outer"/>
  <member type="way" ref="259109227" role="outer"/>
  <member type="way" ref="801714115" role="outer"/>
  <member type="way" ref="259109282" role="outer"/>
  <member type="way" ref="258851254" role="outer"/>
  <member type="way" ref="258851261" role="outer"/>
  <member type="way" ref="874871931" role="outer"/>
  <member type="way" ref="258851265" role="outer"/>
  <member type="way" ref="10667965" role="outer"/>
  <member type="way" ref="258851244" role="outer"/>
  <member type="way" ref="10663155" role="outer"/>
  <member type="way" ref="258851241" role="outer"/>
  <member type="way" ref="258851245" role="outer"/>
  <member type="way" ref="258851259" role="outer"/>
  <member type="way" ref="832607967" role="outer"/>
  <member type="way" ref="218892766" role="outer"/>
  <member type="way" ref="258851256" role="outer"/>
  <member type="way" ref="10663000" role="outer"/>
  <member type="way" ref="231382741" role="outer"/>
  <member type="way" ref="231382739" role="outer"/>
  <member type="way" ref="1536199762" role="outer"/>
  <member type="way" ref="231382737" role="outer"/>
  <member type="way" ref="1536199761" role="outer"/>
  <member type="way" ref="205388497" role="outer"/>
  <member type="way" ref="188493508" role="outer"/>
  <member type="way" ref="188493499" role="outer"/>
  <member type="way" ref="185029367" role="outer"/>
  <member type="way" ref="185029344" role="outer"/>
  <member type="way" ref="188496576" role="outer"/>
  <member type="way" ref="188496579" role="outer"/>
  <member type="way" ref="441615907" role="outer"/>
  <member type="way" ref="441615904" role="outer"/>
  <member type="way" ref="205388508" role="outer"/>
  <member type="way" ref="10669161" role="outer"/>
  <member type="way" ref="441599683" role="outer"/>
  <member type="way" ref="441599674" role="outer"/>
  <member type="way" ref="441599681" role="outer"/>
  <member type="way" ref="441599676" role="outer"/>
  <member type="way" ref="1123723777" role="outer"/>
  <member type="way" ref="1123723778" role="outer"/>
  <member type="way" ref="832607969" role="outer"/>
  <member type="way" ref="1423902562" role="outer"/>
  <member type="way" ref="448170919" role="outer"/>
  <member type="way" ref="202864600" role="outer"/>
  <member type="way" ref="202864599" role="outer"/>
  <member type="way" ref="216873232" role="outer"/>
  <member type="way" ref="1023801028" role="outer"/>
  <member type="way" ref="442773869" role="outer"/>
  <member type="way" ref="1531739964" role="outer"/>
  <member type="way" ref="1531739963" role="outer"/>
  <member type="way" ref="1531739969" role="outer"/>
  <member type="way" ref="1531739970" role="outer"/>
  <member type="way" ref="1531739984" role="outer"/>
  <member type="way" ref="1531739985" role="outer"/>
  <member type="way" ref="1531739989" role="outer"/>
  <member type="way" ref="1531739988" role="outer"/>
  <member type="way" ref="1531723082" role="outer"/>
  <member type="way" ref="1531723086" role="outer"/>
  <member type="way" ref="1531740074" role="outer"/>
  <member type="way" ref="1531723085" role="outer"/>
  <member type="way" ref="10668635" role="outer"/>
  <member type="way" ref="585931419" role="outer"/>
  <member type="way" ref="546873063" role="outer"/>
  <member type="way" ref="546873065" role="outer"/>
  <member type="way" ref="546873066" role="outer"/>
  <member type="way" ref="551539042" role="outer"/>
  <member type="way" ref="546873075" role="outer"/>
  <member type="way" ref="551539043" role="outer"/>
  <member type="way" ref="585931418" role="outer"/>
  <member type="way" ref="592129392" role="outer"/>
  <member type="way" ref="592129390" role="outer"/>
  <member type="way" ref="592129389" role="outer"/>
  <member type="way" ref="592129388" role="outer"/>
  <member type="way" ref="546873071" role="outer"/>
  <member type="way" ref="215506029" role="outer"/>
  <member type="way" ref="208616161" role="outer"/>
  <member type="way" ref="215506031" role="outer"/>
  <member type="way" ref="448187194" role="outer"/>
  <member type="way" ref="448187186" role="outer"/>
  <member type="way" ref="448187175" role="outer"/>
  <member type="way" ref="448187192" role="outer"/>
  <member type="way" ref="448187198" role="outer"/>
  <member type="way" ref="448187156" role="outer"/>
  <member type="way" ref="448187176" role="outer"/>
  <member type="way" ref="448187187" role="outer"/>
  <member type="way" ref="448187177" role="outer"/>
  <member type="way" ref="448187181" role="outer"/>
  <member type="way" ref="448187170" role="outer"/>
  <member type="way" ref="448187180" role="outer"/>
  <member type="way" ref="448187190" role="outer"/>
  <member type="way" ref="448187199" role="outer"/>
  <member type="way" ref="448187188" role="outer"/>
  <member type="way" ref="448187174" role="outer"/>
  <member type="way" ref="448187195" role="outer"/>
  <member type="way" ref="448187149" role="outer"/>
  <member type="way" ref="448187184" role="outer"/>
  <member type="way" ref="10668347" role="outer"/>
  <member type="way" ref="448187191" role="outer"/>
  <member type="way" ref="448187178" role="outer"/>
  <member type="way" ref="448187162" role="outer"/>
  <member type="way" ref="204587902" role="outer"/>
  <member type="way" ref="204587892" role="outer"/>
  <member type="way" ref="204587903" role="outer"/>
  <member type="way" ref="448187185" role="outer"/>
  <member type="way" ref="204579516" role="outer"/>
  <member type="way" ref="447518537" role="outer"/>
  <member type="way" ref="447518536" role="outer"/>
  <member type="way" ref="204579523" role="outer"/>
  <member type="way" ref="196779562" role="outer"/>
  <member type="way" ref="196779560" role="outer"/>
  <member type="way" ref="70802369" role="outer"/>
  <member type="way" ref="204576666" role="outer"/>
  <member type="way" ref="204576665" role="outer"/>
  <member type="way" ref="554312269" role="outer"/>
  <member type="way" ref="554312265" role="outer"/>
  <member type="way" ref="554312266" role="outer"/>
  <member type="way" ref="554312268" role="outer"/>
  <member type="way" ref="204576676" role="outer"/>
  <member type="way" ref="204576673" role="outer"/>
  <member type="way" ref="258851260" role="outer"/>
  <member type="way" ref="258851270" role="outer"/>
  <member type="way" ref="10669236" role="outer"/>
  <member type="way" ref="447272530" role="outer"/>
  <member type="way" ref="204683847" role="outer"/>
  <member type="way" ref="447272499" role="outer"/>
  <member type="way" ref="204683848" role="outer"/>
  <member type="way" ref="208607767" role="outer"/>
  <member type="way" ref="208592754" role="outer"/>
  <member type="way" ref="208458035" role="outer"/>
  <member type="way" ref="208455195" role="outer"/>
  <member type="way" ref="208279460" role="outer"/>
  <member type="way" ref="208279463" role="outer"/>
  <member type="way" ref="231384171" role="outer"/>
  <member type="way" ref="258851253" role="outer"/>
  <member type="way" ref="231384170" role="outer"/>
  <member type="way" ref="258851268" role="outer"/>
  <member type="way" ref="204692123" role="outer"/>
  <member type="way" ref="204692118" role="outer"/>
  <member type="way" ref="194517605" role="outer"/>
  <member type="way" ref="10668200" role="outer"/>
  <member type="way" ref="194517613" role="outer"/>
  <member type="way" ref="194517609" role="outer"/>
  <member type="way" ref="194517615" role="outer"/>
  <member type="way" ref="194517607" role="outer"/>
  <member type="way" ref="583074988" role="outer"/>
  <member type="way" ref="583074987" role="outer"/>
  <member type="way" ref="194517612" role="outer"/>
  <member type="way" ref="196852484" role="outer"/>
  <member type="way" ref="196852485" role="outer"/>
  <member type="way" ref="196852478" role="outer"/>
  <member type="way" ref="775385873" role="outer"/>
  <member type="way" ref="775385870" role="outer"/>
  <member type="way" ref="200204402" role="outer"/>
  <member type="way" ref="775385868" role="outer"/>
  <member type="way" ref="775385869" role="outer"/>
  <member type="way" ref="200197811" role="outer"/>
  <member type="way" ref="200197848" role="outer"/>
  <member type="way" ref="119939918" role="outer"/>
  <member type="way" ref="258851257" role="outer"/>
  <member type="way" ref="775385874" role="outer"/>
  <member type="way" ref="258851247" role="outer"/>
  <member type="way" ref="226734065" role="outer"/>
  <member type="way" ref="226734067" role="outer"/>
  <member type="way" ref="226734069" role="outer"/>
  <member type="way" ref="226734053" role="outer"/>
  <member type="way" ref="226734063" role="outer"/>
  <member type="way" ref="226734052" role="outer"/>
  <member type="way" ref="226734064" role="outer"/>
  <member type="way" ref="226734060" role="outer"/>
  <member type="way" ref="226734055" role="outer"/>
  <member type="way" ref="226734057" role="outer"/>
  <member type="way" ref="226734054" role="outer"/>
  <member type="way" ref="455512955" role="outer"/>
  <member type="way" ref="455512954" role="outer"/>
  <member type="way" ref="226734068" role="outer"/>
  <member type="way" ref="1163631552" role="outer"/>
  <member type="way" ref="1163631551" role="outer"/>
  <member type="way" ref="1163502929" role="outer"/>
  <member type="way" ref="1163502928" role="outer"/>
  <member type="way" ref="1163502934" role="outer"/>
  <member type="way" ref="1163502932" role="outer"/>
  <member type="way" ref="1163502924" role="outer"/>
  <member type="way" ref="1163502923" role="outer"/>
  <member type="way" ref="1163502935" role="outer"/>
  <member type="way" ref="1163502921" role="outer"/>
  <member type="way" ref="1163502922" role="outer"/>
  <member type="way" ref="189153001" role="outer"/>
  <member type="way" ref="1163502914" role="outer"/>
  <member type="way" ref="189152999" role="outer"/>
  <member type="way" ref="1163502915" role="outer"/>
  <member type="way" ref="37859226" role="outer"/>
  <member type="way" ref="218815755" role="outer"/>
  <member type="way" ref="455087327" role="outer"/>
  <member type="way" ref="218815756" role="outer"/>
  <member type="way" ref="1497355734" role="outer"/>
  <member type="way" ref="452677809" role="outer"/>
  <member type="way" ref="1135514641" role="outer"/>
  <member type="way" ref="1135514640" role="outer"/>
  <member type="way" ref="452677807" role="outer"/>
  <member type="way" ref="452677806" role="outer"/>
  <member type="way" ref="452677804" role="outer"/>
  <member type="way" ref="188210942" role="outer"/>
  <member type="way" ref="188210941" role="outer"/>
  <member type="way" ref="188246743" role="outer"/>
  <member type="way" ref="188246744" role="outer"/>
  <member type="way" ref="1250844725" role="outer"/>
  <member type="way" ref="188210929" role="outer"/>
  <member type="way" ref="1497436484" role="outer"/>
  <member type="way" ref="1497436483" role="outer"/>
  <member type="way" ref="1497436486" role="outer"/>
  <member type="way" ref="1497436485" role="outer"/>
  <member type="way" ref="1250864166" role="outer"/>
  <member type="way" ref="204738407" role="outer"/>
  <member type="way" ref="188210940" role="outer"/>
  <member type="way" ref="204738366" role="outer"/>
  <member type="way" ref="554103155" role="outer"/>
  <member type="way" ref="1191321239" role="outer"/>
  <member type="way" ref="1191321240" role="outer"/>
  <member type="way" ref="1209545221" role="outer"/>
  <member type="way" ref="1191321225" role="outer"/>
  <member type="way" ref="1191321226" role="outer"/>
  <member type="way" ref="1191321238" role="outer"/>
  <member type="way" ref="903875875" role="outer"/>
  <member type="way" ref="205233690" role="outer"/>
  <member type="way" ref="1191321221" role="outer"/>
  <member type="way" ref="1191321220" role="outer"/>
  <member type="way" ref="1191321218" role="outer"/>
  <member type="way" ref="211846856" role="outer"/>
  <member type="way" ref="1306063799" role="outer"/>
  <member type="way" ref="995435999" role="outer"/>
  <member type="way" ref="1306063798" role="outer"/>
  <member type="way" ref="1306063802" role="outer"/>
  <member type="way" ref="1306063801" role="outer"/>
  <member type="way" ref="995434504" role="outer"/>
  <member type="way" ref="1306063803" role="outer"/>
  <member type="way" ref="435457911" role="outer"/>
  <member type="way" ref="435457876" role="outer"/>
  <member type="way" ref="435457896" role="outer"/>
  <member type="way" ref="1245707416" role="outer"/>
  <member type="way" ref="435457898" role="outer"/>
  <member type="way" ref="291051465" role="outer"/>
  <member type="way" ref="435457905" role="outer"/>
  <member type="way" ref="435457878" role="outer"/>
  <member type="way" ref="484556277" role="outer"/>
  <member type="way" ref="484556276" role="outer"/>
  <member type="way" ref="484556275" role="outer"/>
  <member type="way" ref="484556272" role="outer"/>
  <member type="way" ref="995434506" role="outer"/>
  <member type="way" ref="484556267" role="outer"/>
  <member type="way" ref="291051456" role="outer"/>
  <member type="way" ref="435457888" role="outer"/>
  <member type="way" ref="435457877" role="outer"/>
  <member type="way" ref="646138744" role="outer"/>
  <member type="way" ref="646138743" role="outer"/>
  <member type="way" ref="646138739" role="outer"/>
  <member type="way" ref="646138740" role="outer"/>
  <member type="way" ref="1283773252" role="outer"/>
  <member type="way" ref="1283773251" role="outer"/>
  <member type="way" ref="1283773257" role="outer"/>
  <member type="way" ref="435457901" role="outer"/>
  <member type="way" ref="1283773256" role="outer"/>
  <member type="way" ref="646130188" role="outer"/>
  <member type="way" ref="646130190" role="outer"/>
  <member type="way" ref="1245707418" role="outer"/>
  <member type="way" ref="435457899" role="outer"/>
  <member type="way" ref="189151224" role="outer"/>
  <member type="way" ref="189151232" role="outer"/>
  <member type="way" ref="189151220" role="outer"/>
  <member type="way" ref="189151231" role="outer"/>
  <member type="way" ref="189151222" role="outer"/>
  <member type="way" ref="189151229" role="outer"/>
  <member type="way" ref="189151233" role="outer"/>
  <member type="way" ref="1357528294" role="outer"/>
  <member type="way" ref="1357528293" role="outer"/>
  <member type="way" ref="1357528290" role="outer"/>
  <member type="way" ref="1357528289" role="outer"/>
  <member type="way" ref="189151235" role="outer"/>
  <member type="way" ref="1357528280" role="outer"/>
  <member type="way" ref="258851267" role="outer"/>
  <member type="way" ref="188160375" role="outer"/>
  <member type="way" ref="188160253" role="outer"/>
  <member type="way" ref="555260029" role="outer"/>
  <member type="way" ref="188160252" role="outer"/>
  <member type="way" ref="188160254" role="outer"/>
  <member type="way" ref="188157859" role="outer"/>
  <member type="way" ref="188157864" role="outer"/>
  <member type="way" ref="188157865" role="outer"/>
  <member type="way" ref="188164847" role="outer"/>
  <member type="way" ref="156850270" role="outer"/>
  <member type="way" ref="188164862" role="outer"/>
  <member type="way" ref="188164852" role="outer"/>
  <member type="way" ref="188164848" role="outer"/>
  <member type="way" ref="188164845" role="outer"/>
  <member type="way" ref="189469588" role="outer"/>
  <member type="way" ref="191118584" role="outer"/>
  <member type="way" ref="191118603" role="outer"/>
  <member type="way" ref="187699903" role="outer"/>
  <member type="way" ref="502481176" role="outer"/>
  <member type="way" ref="191123797" role="outer"/>
  <member type="way" ref="187699911" role="outer"/>
  <member type="way" ref="470465843" role="outer"/>
  <member type="way" ref="470484542" role="outer"/>
  <member type="way" ref="1391912432" role="outer"/>
  <member type="way" ref="187699872" role="outer"/>
  <member type="way" ref="187699895" role="outer"/>
  <member type="way" ref="187699889" role="outer"/>
  <member type="way" ref="187709464" role="outer"/>
  <member type="way" ref="156850287" role="outer"/>
  <member type="way" ref="187699894" role="outer"/>
  <member type="way" ref="187714638" role="outer"/>
  <member type="way" ref="187699875" role="outer"/>
  <member type="way" ref="187699874" role="outer"/>
  <member type="way" ref="187717166" role="outer"/>
  <member type="way" ref="187717168" role="outer"/>
  <member type="way" ref="187717165" role="outer"/>
  <member type="way" ref="187796582" role="outer"/>
  <member type="way" ref="187801363" role="outer"/>
  <member type="way" ref="187801347" role="outer"/>
  <member type="way" ref="187801359" role="outer"/>
  <member type="way" ref="187801327" role="outer"/>
  <member type="way" ref="187479417" role="outer"/>
  <member type="way" ref="187479408" role="outer"/>
  <member type="way" ref="187504795" role="outer"/>
  <member type="way" ref="187504797" role="outer"/>
  <member type="way" ref="187504794" role="outer"/>
  <member type="way" ref="185282225" role="outer"/>
  <member type="way" ref="185282173" role="outer"/>
  <member type="way" ref="185282230" role="outer"/>
  <member type="way" ref="185282172" role="outer"/>
  <member type="way" ref="185282222" role="outer"/>
  <member type="way" ref="185282220" role="outer"/>
  <member type="way" ref="185282238" role="outer"/>
  <member type="way" ref="185282176" role="outer"/>
  <member type="way" ref="185282187" role="outer"/>
  <member type="way" ref="185282207" role="outer"/>
  <member type="way" ref="187485799" role="outer"/>
  <member type="way" ref="187485798" role="outer"/>
  <member type="way" ref="118740585" role="outer"/>
  <member type="way" ref="186515757" role="outer"/>
  <member type="way" ref="1306055296" role="outer"/>
  <member type="way" ref="1306055298" role="outer"/>
  <member type="way" ref="184158882" role="outer"/>
  <member type="way" ref="184157212" role="outer"/>
  <member type="way" ref="1252637147" role="outer"/>
  <member type="way" ref="184156425" role="outer"/>
  <member type="way" ref="186513814" role="outer"/>
  <member type="way" ref="186513817" role="outer"/>
  <member type="way" ref="186513820" role="outer"/>
  <member type="way" ref="186513811" role="outer"/>
  <member type="way" ref="184098093" role="outer"/>
  <member type="way" ref="186513809" role="outer"/>
  <member type="way" ref="186513808" role="outer"/>
  <member type="way" ref="184098094" role="outer"/>
  <member type="way" ref="186513812" role="outer"/>
  <member type="way" ref="184522599" role="outer"/>
  <member type="way" ref="184096079" role="outer"/>
  <member type="way" ref="184522605" role="outer"/>
  <member type="way" ref="427626047" role="outer"/>
  <member type="way" ref="10669191" role="outer"/>
  <member type="way" ref="200067949" role="outer"/>
  <member type="way" ref="184522600" role="outer"/>
  <member type="way" ref="184067126" role="outer"/>
  <member type="way" ref="186155345" role="outer"/>
  <member type="way" ref="186155347" role="outer"/>
  <member type="way" ref="184067125" role="outer"/>
  <member type="way" ref="427646765" role="outer"/>
  <member type="way" ref="186155341" role="outer"/>
  <member type="way" ref="186155340" role="outer"/>
  <member type="way" ref="184086595" role="outer"/>
  <member type="way" ref="186508934" role="outer"/>
  <member type="way" ref="186508928" role="outer"/>
  <member type="way" ref="186511043" role="outer"/>
  <member type="way" ref="184197867" role="outer"/>
  <member type="way" ref="186511047" role="outer"/>
  <member type="way" ref="184197865" role="outer"/>
  <member type="way" ref="1024652475" role="outer"/>
  <member type="way" ref="186511483" role="outer"/>
  <member type="way" ref="1024652476" role="outer"/>
  <member type="way" ref="186511608" role="outer"/>
  <member type="way" ref="186511609" role="outer"/>
  <member type="way" ref="186511611" role="outer"/>
  <member type="way" ref="184791632" role="outer"/>
  <member type="way" ref="283870914" role="outer"/>
  <member type="way" ref="10669002" role="outer"/>
  <member type="way" ref="427827217" role="outer"/>
  <member type="way" ref="184791636" role="outer"/>
  <member type="way" ref="554036160" role="outer"/>
  <member type="way" ref="1526529706" role="outer"/>
  <member type="way" ref="186169891" role="outer"/>
  <member type="way" ref="554036161" role="outer"/>
  <member type="way" ref="554036158" role="outer"/>
  <member type="way" ref="100290330" role="outer"/>
  <member type="way" ref="547981450" role="outer"/>
  <member type="way" ref="554036164" role="outer"/>
  <member type="way" ref="100290353" role="outer"/>
  <member type="way" ref="547981449" role="outer"/>
  <member type="way" ref="406530495" role="outer"/>
  <member type="way" ref="186710973" role="outer"/>
  <member type="way" ref="583074985" role="outer"/>
  <member type="way" ref="259109325" role="outer"/>
  <member type="way" ref="798536471" role="outer"/>
  <member type="way" ref="798536473" role="outer"/>
  <member type="way" ref="1295972795" role="outer"/>
  <member type="way" ref="194704681" role="outer"/>
  <member type="way" ref="1295972796" role="outer"/>
  <member type="way" ref="1295972793" role="outer"/>
  <member type="way" ref="798536458" role="outer"/>
  <member type="way" ref="91820919" role="outer"/>
  <member type="way" ref="194704685" role="outer"/>
  <member type="way" ref="706820749" role="outer"/>
  <member type="way" ref="194704675" role="outer"/>
  <member type="way" ref="462426587" role="outer"/>
  <member type="way" ref="10620778" role="outer"/>
  <member type="way" ref="262425259" role="outer"/>
  <member type="way" ref="262404481" role="outer"/>
  <member type="way" ref="462426571" role="outer"/>
  <member type="way" ref="262404478" role="outer"/>
  <member type="way" ref="462426573" role="outer"/>
  <member type="way" ref="262405934" role="outer"/>
  <member type="way" ref="262405924" role="outer"/>
  <member type="way" ref="465883120" role="outer"/>
  <member type="way" ref="319783939" role="outer"/>
  <member type="way" ref="462426601" role="outer"/>
  <member type="way" ref="319785755" role="outer"/>
  <member type="way" ref="462426599" role="outer"/>
  <member type="way" ref="319783967" role="outer"/>
  <member type="way" ref="462426597" role="outer"/>
  <member type="way" ref="319784236" role="outer"/>
  <member type="way" ref="462426595" role="outer"/>
  <member type="way" ref="319784507" role="outer"/>
  <member type="way" ref="462426593" role="outer"/>
  <member type="way" ref="319784842" role="outer"/>
  <member type="way" ref="462426591" role="outer"/>
  <member type="way" ref="319785179" role="outer"/>
  <member type="way" ref="462426589" role="outer"/>
  <member type="way" ref="319785180" role="outer"/>
  <member type="way" ref="319786217" role="outer"/>
  <member type="way" ref="462426580" role="outer"/>
  <member type="way" ref="462426581" role="outer"/>
  <member type="way" ref="319791029" role="outer"/>
  <member type="way" ref="462426582" role="outer"/>
  <member type="way" ref="319791405" role="outer"/>
  <member type="way" ref="462426584" role="outer"/>
  <member type="way" ref="462426583" role="outer"/>
  <member type="way" ref="462426586" role="outer"/>
  <member type="way" ref="462426585" role="outer"/>
  <member type="way" ref="319791406" role="outer"/>
  <member type="way" ref="798493144" role="outer"/>
  <member type="way" ref="798493127" role="outer"/>
  <member type="way" ref="798493143" role="outer"/>
  <member type="way" ref="762280383" role="outer"/>
  <member type="way" ref="762280382" role="outer"/>
  <member type="way" ref="798493145" role="outer"/>
  <member type="way" ref="465883116" role="outer"/>
  <member type="way" ref="465883114" role="outer"/>
  <member type="way" ref="465883107" role="outer"/>
  <member type="way" ref="465883106" role="outer"/>
  <member type="way" ref="319959766" role="outer"/>
  <member type="way" ref="465883112" role="outer"/>
  <member type="way" ref="465883110" role="outer"/>
  <member type="way" ref="465883109" role="outer"/>
  <member type="way" ref="798493146" role="outer"/>
  <member type="way" ref="465883108" role="outer"/>
  <member type="way" ref="659299371" role="outer"/>
  <member type="way" ref="659299372" role="outer"/>
  <member type="way" ref="186841794" role="outer"/>
  <member type="way" ref="465883104" role="outer"/>
  <member type="way" ref="465883105" role="outer"/>
  <member type="way" ref="19554547" role="outer"/>
  <member type="way" ref="659299362" role="outer"/>
  <member type="way" ref="762280385" role="outer"/>
  <member type="way" ref="206883630" role="outer"/>
  <member type="way" ref="1419674512" role="outer"/>
  <member type="way" ref="259109245" role="outer"/>
  <member type="way" ref="259109344" role="outer"/>
  <member type="way" ref="19425617" role="outer"/>
  <member type="way" ref="799494170" role="outer"/>
  <member type="way" ref="799494171" role="outer"/>
  <member type="way" ref="19425557" role="outer"/>
  <member type="way" ref="706820752" role="outer"/>
  <member type="way" ref="19425562" role="outer"/>
  <member type="way" ref="182888681" role="outer"/>
  <member type="way" ref="182888679" role="outer"/>
  <member type="way" ref="179988909" role="outer"/>
  <member type="way" ref="259109251" role="outer"/>
  <member type="way" ref="179988903" role="outer"/>
  <member type="way" ref="1054974823" role="outer"/>
  <member type="way" ref="1149018794" role="outer"/>
  <member type="way" ref="1054974822" role="outer"/>
  <member type="way" ref="1148366607" role="outer"/>
  <member type="way" ref="1148366606" role="outer"/>
  <member type="way" ref="679024268" role="outer"/>
  <member type="way" ref="679024267" role="outer"/>
  <member type="way" ref="116792806" role="outer"/>
  <member type="way" ref="788904107" role="outer"/>
  <member type="way" ref="175593695" role="outer"/>
  <member type="way" ref="788904105" role="outer"/>
  <member type="way" ref="167908389" role="outer"/>
  <member type="way" ref="206848424" role="outer"/>
  <member type="way" ref="206848423" role="outer"/>
  <member type="way" ref="167906372" role="outer"/>
  <member type="way" ref="305653010" role="outer"/>
  <member type="way" ref="1418583338" role="outer"/>
  <member type="way" ref="206861192" role="outer"/>
  <member type="way" ref="605883276" role="inner"/>
  <member type="way" ref="605883277" role="inner"/>
  <member type="way" ref="605837413" role="inner"/>
  <member type="way" ref="837266344" role="inner"/>
  <member type="way" ref="260419568" role="inner"/>
  <member type="way" ref="1002377947" role="inner"/>
  <member type="way" ref="260419567" role="inner"/>
  <member type="way" ref="698405748" role="inner"/>
  <member type="way" ref="260419566" role="inner"/>
  <member type="way" ref="10663454" role="inner"/>
  <member type="way" ref="10663510" role="inner"/>
  <member type="way" ref="10668736" role="inner"/>
  <member type="way" ref="10669023" role="inner"/>
  <member type="way" ref="10668678" role="inner"/>
  <member type="way" ref="10669109" role="inner"/>
  <member type="way" ref="10668500" role="inner"/>
  <member type="way" ref="10668296" role="inner"/>
  <member type="way" ref="10668780" role="inner"/>
  <member type="way" ref="10668026" role="inner"/>
  <member type="way" ref="377074112" role="inner"/>
  <member type="way" ref="10668792" role="inner"/>
  <member type="way" ref="10669104" role="inner"/>
  <member type="way" ref="10668529" role="inner"/>
  <member type="way" ref="258785238" role="inner"/>
  <member type="way" ref="10668038" role="inner"/>
  <member type="way" ref="605837411" role="inner"/>
  <member type="way" ref="10668725" role="inner"/>
  <member type="way" ref="10669126" role="inner"/>
  <member type="way" ref="10668119" role="inner"/>
  <member type="way" ref="1420102266" role="inner"/>
  <member type="way" ref="10668990" role="inner"/>
  <member type="way" ref="259218482" role="inner"/>
  <member type="way" ref="10668414" role="inner"/>
  <member type="way" ref="10668227" role="inner"/>
  <member type="way" ref="10669099" role="inner"/>
  <member type="way" ref="10663290" role="inner"/>
  <member type="way" ref="10663720" role="inner"/>
  <member type="way" ref="10663374" role="inner"/>
  <member type="way" ref="10668537" role="inner"/>
  <member type="way" ref="10669105" role="inner"/>
  <member type="way" ref="10668925" role="inner"/>
  <member type="way" ref="10668553" role="inner"/>
  <member type="way" ref="10669084" role="inner"/>
  <member type="way" ref="10668328" role="inner"/>
  <member type="way" ref="10668418" role="inner"/>
  <member type="way" ref="10668577" role="inner"/>
  <member type="way" ref="10668339" role="inner"/>
  <member type="way" ref="262787749" role="inner"/>
  <member type="way" ref="262787752" role="inner"/>
  <member type="way" ref="262787747" role="inner"/>
  <member type="way" ref="10668989" role="inner"/>
  <member type="way" ref="10669243" role="inner"/>
  <member type="way" ref="554103158" role="inner"/>
  <member type="way" ref="10668495" role="inner"/>
  <member type="way" ref="10668929" role="inner"/>
  <member type="way" ref="10668656" role="inner"/>
  <member type="way" ref="10669169" role="inner"/>
  <member type="way" ref="188285172" role="inner"/>
  <member type="way" ref="188285174" role="inner"/>
  <member type="way" ref="188285173" role="inner"/>
  <member type="way" ref="188285171" role="inner"/>
  <member type="way" ref="10668787" role="inner"/>
  <member type="way" ref="10668924" role="inner"/>
  <member type="way" ref="259293737" role="inner"/>
  <member type="way" ref="19585522" role="inner"/>
  <member type="way" ref="10668483" role="inner"/>
  <member type="way" ref="10668479" role="inner"/>
  <member type="way" ref="10668573" role="inner"/>
  <member type="way" ref="10669043" role="inner"/>
  <member type="way" ref="319959764" role="inner"/>
  <member type="way" ref="319959765" role="inner"/>
  <member type="way" ref="330736794" role="inner"/>
  <member type="way" ref="330172521" role="inner"/>
  <member type="way" ref="377074110" role="inner"/>
  <member type="way" ref="377074103" role="inner"/>
  <member type="way" ref="377074108" role="inner"/>
  <member type="way" ref="377074107" role="inner"/>
  <member type="way" ref="37346356" role="inner"/>
  <member type="way" ref="152111788" role="inner"/>
  <member type="way" ref="10668902" role="inner"/>
  <member type="way" ref="330172489" role="inner"/>
  <member type="way" ref="330172488" role="inner"/>
  <member type="way" ref="452969735" role="inner"/>
  <member type="way" ref="462426579" role="inner"/>
  <member type="way" ref="462426575" role="inner"/>
  <member type="way" ref="462426577" role="inner"/>
  <member type="way" ref="625184396" role="inner"/>
  <member type="way" ref="658344920" role="inner"/>
  <member type="way" ref="658344922" role="inner"/>
  <member type="way" ref="658344924" role="inner"/>
  <member type="way" ref="658344923" role="inner"/>
  <member type="way" ref="825284257" role="inner"/>
  <member type="way" ref="825284256" role="inner"/>
  <member type="way" ref="825284110" role="inner"/>
  <member type="way" ref="825626266" role="inner"/>
  <member type="way" ref="832607965" role="inner"/>
  <member type="way" ref="832607961" role="inner"/>
  <member type="way" ref="832607962" role="inner"/>
  <member type="way" ref="832607963" role="inner"/>
  <member type="way" ref="832607964" role="inner"/>
  <member type="way" ref="832607960" role="inner"/>
  <member type="way" ref="10669129" role="inner"/>
  <member type="way" ref="825284043" role="inner"/>
  <member type="way" ref="825284044" role="inner"/>
  <member type="way" ref="10668699" role="inner"/>
  <member type="way" ref="10668272" role="inner"/>
  <member type="way" ref="1420102265" role="inner"/>
  <member type="way" ref="605927673" role="inner"/>
  <member type="way" ref="825626274" role="inner"/>
  <member type="way" ref="452969736" role="inner"/>
  <member type="way" ref="10669172" role="inner"/>
  <member type="way" ref="858779853" role="inner"/>
  <member type="way" ref="857783850" role="inner"/>
  <member type="way" ref="857783848" role="inner"/>
  <member type="way" ref="857710317" role="inner"/>
  <member type="way" ref="858779852" role="inner"/>
  <member type="way" ref="1012337845" role="inner"/>
  <member type="way" ref="1009759463" role="inner"/>
  <member type="way" ref="615908312" role="inner"/>
  <member type="way" ref="605837412" role="inner"/>
  <member type="way" ref="605837414" role="inner"/>
  <member type="way" ref="1215046074" role="inner"/>
  <member type="way" ref="1215046073" role="inner"/>
  <member type="way" ref="1090755511" role="inner"/>
  <member type="way" ref="1007454820" role="inner"/>
  <member type="way" ref="825284042" role="inner"/>
  <member type="way" ref="1420102264" role="inner"/>
  <tag k="alt_name:cs" v="La Platský záliv"/>
  <tag k="description" v="Cuerpo de aguas del Rio de la Plata"/>
  <tag k="name" v="Río de la Plata"/>
  <tag k="name:af" v="Río de la Plata"/>
  <tag k="name:ar" v="ريو دي لا بلاتا"/>
  <tag k="name:ca" v="Riu de la Plata"/>
  <tag k="name:cs" v="Río de la Plata"/>
  <tag k="name:de" v="Río de la Plata"/>
  <tag k="name:el" v="Ρίο ντε λα Πλάτα"/>
  <tag k="name:en" v="Río de la Plata"/>
  <tag k="name:eo" v="Plata-Rivero"/>
  <tag k="name:es" v="Río de la Plata"/>
  <tag k="name:fa" v="دهانه پلاتا"/>
  <tag k="name:fr" v="Río de la Plata"/>
  <tag k="name:he" v="ריו דה לה פלטה"/>
  <tag k="name:hi" v="रिओ दे ला प्लाता"/>
  <tag k="name:hu" v="Río de la Plata"/>
  <tag k="name:it" v="Río de la Plata"/>
  <tag k="name:ja" v="ラプラタ川"/>
  <tag k="name:ko" v="라플라타 강"/>
  <tag k="name:nl" v="Río de la Plata"/>
  <tag k="name:pa" v="ਪਲਾਤਾ ਦਰਿਆ"/>
  <tag k="name:pt" v="Rio da Prata"/>
  <tag k="name:ru" v="Ла-Плата"/>
  <tag k="name:uk" v="Ла-Плата"/>
  <tag k="name:zh" v="拉普拉塔河"/>
  <tag k="natural" v="water"/>
  <tag k="place" v="sea"/>
  <tag k="short_name:cs" v="La Plata"/>
  <tag k="short_name:hu" v="La Plata"/>
  <tag k="source" v="IHO"/>
  <tag k="tidal" v="yes"/>
  <tag k="type" v="multipolygon"/>
  <tag k="water" v="river"/>
  <tag k="wikidata" v="Q35827"/>
  <tag k="wikimedia_commons" v="Category:Río de la Plata"/>
  <tag k="wikipedia" v="es:Río de la Plata"/>
 </relation>
 <relation id="4681272" visible="true" version="304" changeset="189773994" timestamp="2026-09-30T13:01:28Z" user="BritzCanal" uid="22951851">
  <member type="node" ref="8075785044" role="stop"/>
  <member type="node" ref="4636714048" role="platform"/>
  <member type="node" ref="10000807694" role="stop"/>
  <member type="node" ref="4636714036" role="platform"/>
  <member type="node" ref="10962657765" role="stop"/>
  <member type="node" ref="10962657764" role="platform"/>
  <member type="node" ref="9978724302" role="stop"/>
  <member type="node" ref="4636651830" role="platform"/>
  <member type="node" ref="9978724299" role="stop"/>
  <member type="node" ref="4636651815" role="platform"/>
  <member type="node" ref="10013967164" role="stop"/>
  <member type="node" ref="10014713776" role="platform"/>
  <member type="node" ref="9978646689" role="stop"/>
  <member type="node" ref="3922942170" role="stop"/>
  <member type="node" ref="3922942171" role="platform"/>
  <member type="node" ref="10013055816" role="stop"/>
  <member type="node" ref="10013112917" role="platform"/>
  <member type="node" ref="9978789071" role="stop"/>
  <member type="node" ref="9978789072" role="platform"/>
  <member type="node" ref="3084057105" role="stop"/>
  <member type="node" ref="2025909914" role="platform"/>
  <member type="node" ref="10005447763" role="stop"/>
  <member type="node" ref="10003173681" role="platform"/>
  <member type="node" ref="10036123380" role="stop"/>
  <member type="node" ref="4625854776" role="platform"/>
  <member type="node" ref="3084057092" role="stop"/>
  <member type="node" ref="2025909934" role="platform"/>
  <member type="node" ref="3084057100" role="stop"/>
  <member type="node" ref="3084057101" role="platform"/>
  <member type="node" ref="3084057093" role="stop"/>
  <member type="node" ref="2025909936" role="platform"/>
  <member type="node" ref="3084057102" role="stop"/>
  <member type="node" ref="2025909903" role="platform"/>
  <member type="node" ref="3084057103" role="stop"/>
  <member type="node" ref="10033284118" role="stop"/>
  <member type="node" ref="4600271231" role="platform"/>
  <member type="node" ref="10005422700" role="stop"/>
  <member type="node" ref="4599232961" role="platform"/>
  <member type="node" ref="3084057098" role="stop"/>
  <member type="node" ref="2025909906" role="platform"/>
  <member type="node" ref="3084057096" role="stop"/>
  <member type="node" ref="2025909921" role="platform"/>
  <member type="node" ref="3084057099" role="stop"/>
  <member type="node" ref="2025909919" role="platform"/>
  <member type="node" ref="3084057097" role="stop"/>
  <member type="node" ref="2025909928" role="platform"/>
  <member type="node" ref="10003173680" role="stop"/>
  <member type="node" ref="3084057095" role="stop"/>
  <member type="node" ref="2025909922" role="platform"/>
  <member type="node" ref="10930766051" role="stop"/>
  <member type="node" ref="4599218802" role="platform"/>
  <member type="node" ref="3084057090" role="stop"/>
  <member type="node" ref="2025909930" role="platform"/>
  <member type="node" ref="10926762657" role="stop"/>
  <member type="node" ref="10926762656" role="platform"/>
  <member type="node" ref="3084057104" role="stop"/>
  <member type="node" ref="2025909926" role="platform"/>
  <member type="node" ref="10003197096" role="stop"/>
  <member type="node" ref="10003197097" role="platform"/>
  <member type="node" ref="3084057089" role="stop"/>
  <member type="node" ref="2025909932" role="platform"/>
  <member type="node" ref="3084057091" role="stop"/>
  <member type="node" ref="2025909923" role="platform"/>
  <member type="node" ref="5746220153" role="stop"/>
  <member type="node" ref="4623820875" role="platform"/>
  <member type="node" ref="3084057094" role="stop"/>
  <member type="node" ref="2025909937" role="platform"/>
  <member type="node" ref="3084057088" role="stop"/>
  <member type="node" ref="2025909925" role="platform"/>
  <member type="node" ref="4448263080" role="stop"/>
  <member type="node" ref="4448263081" role="platform"/>
  <member type="node" ref="4735475924" role="stop"/>
  <member type="node" ref="4735475925" role="platform"/>
  <member type="node" ref="3646859261" role="stop"/>
  <member type="node" ref="3646872473" role="platform"/>
  <member type="node" ref="3646859330" role="stop"/>
  <member type="node" ref="3646872442" role="platform"/>
  <member type="node" ref="3646859378" role="stop"/>
  <member type="node" ref="3646872455" role="platform"/>
  <member type="node" ref="4312128485" role="stop"/>
  <member type="node" ref="4312128484" role="platform"/>
  <member type="node" ref="3606354766" role="stop"/>
  <member type="node" ref="3606354768" role="platform"/>
  <member type="node" ref="3606354774" role="stop"/>
  <member type="node" ref="3606354775" role="platform"/>
  <member type="node" ref="3606354790" role="stop"/>
  <member type="node" ref="3606354791" role="platform"/>
  <member type="node" ref="3606354904" role="stop"/>
  <member type="node" ref="3606354905" role="platform"/>
  <member type="node" ref="3606354920" role="stop"/>
  <member type="node" ref="3606354921" role="platform"/>
  <member type="node" ref="3606354938" role="stop"/>
  <member type="node" ref="3606354939" role="platform"/>
  <member type="node" ref="4522545247" role="stop"/>
  <member type="node" ref="4522545248" role="platform"/>
  <member type="node" ref="4522545255" role="stop"/>
  <member type="node" ref="4522545256" role="platform"/>
  <member type="node" ref="2989654933" role="stop"/>
  <member type="node" ref="2989597589" role="platform"/>
  <member type="node" ref="3013507233" role="stop"/>
  <member type="node" ref="3013496070" role="platform"/>
  <member type="node" ref="3013507634" role="stop"/>
  <member type="node" ref="3013496105" role="platform"/>
  <member type="node" ref="3084064243" role="stop"/>
  <member type="node" ref="3084064244" role="platform"/>
  <member type="node" ref="3084057132" role="stop"/>
  <member type="node" ref="3084064233" role="platform"/>
  <member type="node" ref="3235558358" role="stop"/>
  <member type="node" ref="3235487818" role="platform"/>
  <member type="node" ref="3084064235" role="stop"/>
  <member type="node" ref="3084064236" role="platform"/>
  <member type="node" ref="3084057074" role="stop"/>
  <member type="node" ref="3084057075" role="platform"/>
  <member type="node" ref="3404852452" role="stop"/>
  <member type="node" ref="3343100399" role="platform"/>
  <member type="node" ref="3406549537" role="stop"/>
  <member type="node" ref="3406422253" role="platform"/>
  <member type="node" ref="3404852446" role="stop"/>
  <member type="node" ref="3404852448" role="platform"/>
  <member type="node" ref="3404852450" role="stop"/>
  <member type="node" ref="3084057108" role="stop"/>
  <member type="node" ref="3084057109" role="platform"/>
  <member type="node" ref="3084057112" role="stop"/>
  <member type="node" ref="3084057113" role="platform"/>
  <member type="node" ref="3084057114" role="stop"/>
  <member type="node" ref="3084057115" role="platform"/>
  <member type="node" ref="3084057118" role="stop"/>
  <member type="node" ref="3084057119" role="platform"/>
  <member type="node" ref="3084057116" role="stop"/>
  <member type="node" ref="3084057117" role="platform"/>
  <member type="node" ref="3084057122" role="stop"/>
  <member type="node" ref="3084057123" role="platform"/>
  <member type="node" ref="3084057110" role="stop"/>
  <member type="node" ref="3084057111" role="platform"/>
  <member type="node" ref="3084057120" role="stop"/>
  <member type="node" ref="3084057121" role="platform"/>
  <member type="node" ref="3084057068" role="stop"/>
  <member type="node" ref="3084057069" role="platform"/>
  <member type="node" ref="3084057076" role="stop"/>
  <member type="node" ref="3084057077" role="platform"/>
  <member type="node" ref="3084057071" role="stop"/>
  <member type="node" ref="3084057070" role="platform"/>
  <member type="node" ref="3084057073" role="stop"/>
  <member type="node" ref="3084057072" role="platform"/>
  <member type="node" ref="3084057131" role="stop"/>
  <member type="node" ref="3084057130" role="platform"/>
  <member type="node" ref="3084057129" role="stop"/>
  <member type="node" ref="3084057128" role="platform"/>
  <member type="node" ref="3084057082" role="stop"/>
  <member type="node" ref="3084057083" role="platform"/>
  <member type="node" ref="3084057084" role="stop"/>
  <member type="node" ref="3084057085" role="platform"/>
  <member type="node" ref="3235558339" role="stop"/>
  <member type="node" ref="3235496674" role="platform"/>
  <member type="node" ref="3084057078" role="stop"/>
  <member type="node" ref="3084057079" role="platform"/>
  <member type="node" ref="3084057066" role="stop"/>
  <member type="node" ref="3084057067" role="platform"/>
  <member type="node" ref="3084057086" role="stop"/>
  <member type="node" ref="3084057087" role="platform"/>
  <member type="node" ref="4731355725" role="stop"/>
  <member type="node" ref="3084057125" role="platform"/>
  <member type="node" ref="4486045115" role="stop"/>
  <member type="node" ref="4469473500" role="platform"/>
  <member type="node" ref="4704721417" role="stop"/>
  <member type="node" ref="4704721418" role="platform"/>
  <member type="node" ref="4704721415" role="stop"/>
  <member type="node" ref="4704721416" role="platform"/>
  <member type="node" ref="4704721411" role="stop"/>
  <member type="node" ref="4704721412" role="platform"/>
  <member type="node" ref="4704721406" role="stop"/>
  <member type="node" ref="4704721407" role="platform"/>
  <member type="node" ref="4704721404" role="stop"/>
  <member type="node" ref="4704721405" role="platform"/>
  <member type="node" ref="4704721402" role="stop"/>
  <member type="node" ref="4704721403" role="platform"/>
  <member type="node" ref="4704721398" role="stop"/>
  <member type="node" ref="4704721399" role="platform"/>
  <member type="node" ref="4704721394" role="stop"/>
  <member type="node" ref="4704721395" role="platform"/>
  <member type="node" ref="9690731998" role="stop"/>
  <member type="node" ref="9690731999" role="platform"/>
  <member type="node" ref="4706146862" role="stop"/>
  <member type="node" ref="4706146863" role="platform"/>
  <member type="node" ref="9690731994" role="stop"/>
  <member type="node" ref="9690731995" role="platform"/>
  <member type="node" ref="5463432388" role="stop"/>
  <member type="node" ref="5462459321" role="platform"/>
  <member type="node" ref="9690731982" role="stop"/>
  <member type="node" ref="9690731983" role="platform"/>
  <member type="node" ref="5930603138" role="stop"/>
  <member type="node" ref="5930603141" role="platform"/>
  <member type="node" ref="10998553541" role="stop"/>
  <member type="node" ref="10998553540" role="platform"/>
  <member type="node" ref="10998457179" role="stop"/>
  <member type="node" ref="10998457178" role="platform"/>
  <member type="node" ref="10980801829" role="stop"/>
  <member type="node" ref="10980801828" role="platform"/>
  <member type="node" ref="10981733807" role="stop"/>
  <member type="node" ref="10980811219" role="platform"/>
  <member type="node" ref="10910591113" role="stop"/>
  <member type="node" ref="10910588803" role="platform"/>
  <member type="node" ref="11077190712" role="stop"/>
  <member type="node" ref="11077190711" role="platform"/>
  <member type="node" ref="11012210800" role="stop"/>
  <member type="node" ref="11012210799" role="platform"/>
  <member type="node" ref="11012210802" role="stop"/>
  <member type="node" ref="11012210801" role="platform"/>
  <member type="node" ref="3404852451" role="platform"/>
  <member type="node" ref="2025909899" role="platform"/>
  <member type="node" ref="9978657214" role="platform"/>
  <member type="node" ref="4625885863" role="platform"/>
  <member type="way" ref="1093273164" role=""/>
  <member type="way" ref="926056793" role=""/>
  <member type="way" ref="866435000" role=""/>
  <member type="way" ref="22663996" role=""/>
  <member type="way" ref="469326267" role=""/>
  <member type="way" ref="469452624" role=""/>
  <member type="way" ref="348072955" role=""/>
  <member type="way" ref="4762895" role=""/>
  <member type="way" ref="4781013" role=""/>
  <member type="way" ref="1452964197" role=""/>
  <member type="way" ref="132653166" role=""/>
  <member type="way" ref="1452964196" role=""/>
  <member type="way" ref="163156270" role=""/>
  <member type="way" ref="1452964195" role=""/>
  <member type="way" ref="1452964194" role=""/>
  <member type="way" ref="469300220" role=""/>
  <member type="way" ref="1452964193" role=""/>
  <member type="way" ref="469300217" role=""/>
  <member type="way" ref="64361861" role=""/>
  <member type="way" ref="240013485" role=""/>
  <member type="way" ref="1423243635" role=""/>
  <member type="way" ref="425628925" role=""/>
  <member type="way" ref="1423243639" role=""/>
  <member type="way" ref="716012775" role=""/>
  <member type="way" ref="480754862" role=""/>
  <member type="way" ref="480754861" role=""/>
  <member type="way" ref="1352842485" role=""/>
  <member type="way" ref="1352842489" role=""/>
  <member type="way" ref="956667495" role=""/>
  <member type="way" ref="961433190" role=""/>
  <member type="way" ref="1352842494" role=""/>
  <member type="way" ref="389136384" role=""/>
  <member type="way" ref="1355287712" role=""/>
  <member type="way" ref="1308651125" role=""/>
  <member type="way" ref="389131621" role=""/>
  <member type="way" ref="378845477" role=""/>
  <member type="way" ref="608807424" role=""/>
  <member type="way" ref="261476982" role=""/>
  <member type="way" ref="261476981" role=""/>
  <member type="way" ref="4762898" role=""/>
  <member type="way" ref="378845476" role=""/>
  <member type="way" ref="1356719586" role=""/>
  <member type="way" ref="257816202" role=""/>
  <member type="way" ref="132652496" role=""/>
  <member type="way" ref="970377771" role=""/>
  <member type="way" ref="970379623" role=""/>
  <member type="way" ref="969953930" role=""/>
  <member type="way" ref="970379686" role=""/>
  <member type="way" ref="970379989" role=""/>
  <member type="way" ref="970379988" role=""/>
  <member type="way" ref="970379990" role=""/>
  <member type="way" ref="954699702" role=""/>
  <member type="way" ref="954699700" role=""/>
  <member type="way" ref="969318731" role=""/>
  <member type="way" ref="463770641" role=""/>
  <member type="way" ref="969318734" role=""/>
  <member type="way" ref="970065925" role=""/>
  <member type="way" ref="970066459" role=""/>
  <member type="way" ref="465002070" role=""/>
  <member type="way" ref="958993902" role=""/>
  <member type="way" ref="958993901" role=""/>
  <member type="way" ref="954765116" role=""/>
  <member type="way" ref="957696160" role=""/>
  <member type="way" ref="957696161" role=""/>
  <member type="way" ref="132363898" role=""/>
  <member type="way" ref="957696401" role=""/>
  <member type="way" ref="1333301859" role=""/>
  <member type="way" ref="954695946" role=""/>
  <member type="way" ref="969318429" role=""/>
  <member type="way" ref="969318428" role=""/>
  <member type="way" ref="969318431" role=""/>
  <member type="way" ref="957696404" role=""/>
  <member type="way" ref="970114801" role=""/>
  <member type="way" ref="970114782" role=""/>
  <member type="way" ref="970114783" role=""/>
  <member type="way" ref="970114781" role=""/>
  <member type="way" ref="970114429" role=""/>
  <member type="way" ref="970114396" role=""/>
  <member type="way" ref="255861799" role=""/>
  <member type="way" ref="957696405" role=""/>
  <member type="way" ref="79498817" role=""/>
  <member type="way" ref="954764979" role=""/>
  <member type="way" ref="1333304553" role=""/>
  <member type="way" ref="1333304551" role=""/>
  <member type="way" ref="79498815" role=""/>
  <member type="way" ref="954759833" role=""/>
  <member type="way" ref="970376718" role=""/>
  <member type="way" ref="969859225" role=""/>
  <member type="way" ref="957696573" role=""/>
  <member type="way" ref="969859177" role=""/>
  <member type="way" ref="970376813" role=""/>
  <member type="way" ref="970376812" role=""/>
  <member type="way" ref="969856007" role=""/>
  <member type="way" ref="957696580" role=""/>
  <member type="way" ref="957696581" role=""/>
  <member type="way" ref="1019794339" role=""/>
  <member type="way" ref="464854385" role=""/>
  <member type="way" ref="957691558" role=""/>
  <member type="way" ref="957691559" role=""/>
  <member type="way" ref="957691561" role=""/>
  <member type="way" ref="129996889" role=""/>
  <member type="way" ref="381982456" role=""/>
  <member type="way" ref="969843937" role=""/>
  <member type="way" ref="957691563" role=""/>
  <member type="way" ref="465963929" role=""/>
  <member type="way" ref="465963930" role=""/>
  <member type="way" ref="47304458" role=""/>
  <member type="way" ref="382003746" role=""/>
  <member type="way" ref="1333308637" role=""/>
  <member type="way" ref="382003744" role=""/>
  <member type="way" ref="1063110003" role=""/>
  <member type="way" ref="18943981" role=""/>
  <member type="way" ref="954764613" role=""/>
  <member type="way" ref="1335186853" role=""/>
  <member type="way" ref="79291724" role=""/>
  <member type="way" ref="1031674784" role=""/>
  <member type="way" ref="79291758" role=""/>
  <member type="way" ref="79291740" role=""/>
  <member type="way" ref="107497604" role=""/>
  <member type="way" ref="107497600" role=""/>
  <member type="way" ref="119241307" role=""/>
  <member type="way" ref="112644157" role=""/>
  <member type="way" ref="640150617" role=""/>
  <member type="way" ref="107497606" role=""/>
  <member type="way" ref="467855461" role=""/>
  <member type="way" ref="1442260299" role=""/>
  <member type="way" ref="357023048" role=""/>
  <member type="way" ref="974507448" role=""/>
  <member type="way" ref="357023061" role=""/>
  <member type="way" ref="360093517" role=""/>
  <member type="way" ref="360093501" role=""/>
  <member type="way" ref="360093524" role=""/>
  <member type="way" ref="360093534" role=""/>
  <member type="way" ref="357023053" role=""/>
  <member type="way" ref="360093533" role=""/>
  <member type="way" ref="360085643" role=""/>
  <member type="way" ref="360093532" role=""/>
  <member type="way" ref="360093523" role=""/>
  <member type="way" ref="360093499" role=""/>
  <member type="way" ref="360093507" role=""/>
  <member type="way" ref="360093525" role=""/>
  <member type="way" ref="360093536" role=""/>
  <member type="way" ref="360093520" role=""/>
  <member type="way" ref="360085646" role=""/>
  <member type="way" ref="360093528" role=""/>
  <member type="way" ref="360093529" role=""/>
  <member type="way" ref="638653358" role=""/>
  <member type="way" ref="360093495" role=""/>
  <member type="way" ref="360093491" role=""/>
  <member type="way" ref="360093516" role=""/>
  <member type="way" ref="360093535" role=""/>
  <member type="way" ref="357023056" role=""/>
  <member type="way" ref="360093515" role=""/>
  <member type="way" ref="360085651" role=""/>
  <member type="way" ref="360093522" role=""/>
  <member type="way" ref="360093497" role=""/>
  <member type="way" ref="357023055" role=""/>
  <member type="way" ref="360093489" role=""/>
  <member type="way" ref="360093512" role=""/>
  <member type="way" ref="360093521" role=""/>
  <member type="way" ref="360093504" role=""/>
  <member type="way" ref="357023054" role=""/>
  <member type="way" ref="357023059" role=""/>
  <member type="way" ref="357023070" role=""/>
  <member type="way" ref="359453735" role=""/>
  <member type="way" ref="432042328" role=""/>
  <member type="way" ref="1336997803" role=""/>
  <member type="way" ref="359453732" role=""/>
  <member type="way" ref="1336997802" role=""/>
  <member type="way" ref="432042332" role=""/>
  <member type="way" ref="1038134257" role=""/>
  <member type="way" ref="432042331" role=""/>
  <member type="way" ref="359000258" role=""/>
  <member type="way" ref="359000245" role=""/>
  <member type="way" ref="1368603508" role=""/>
  <member type="way" ref="1368603536" role=""/>
  <member type="way" ref="1368603518" role=""/>
  <member type="way" ref="1368603529" role=""/>
  <member type="way" ref="335169969" role=""/>
  <member type="way" ref="1211978019" role=""/>
  <member type="way" ref="351993132" role=""/>
  <member type="way" ref="351993149" role=""/>
  <member type="way" ref="360972844" role=""/>
  <member type="way" ref="351993148" role=""/>
  <member type="way" ref="351993144" role=""/>
  <member type="way" ref="351993147" role=""/>
  <member type="way" ref="351993136" role=""/>
  <member type="way" ref="351993151" role=""/>
  <member type="way" ref="351993134" role=""/>
  <member type="way" ref="351993138" role=""/>
  <member type="way" ref="351993146" role=""/>
  <member type="way" ref="1030992546" role=""/>
  <member type="way" ref="951604626" role=""/>
  <member type="way" ref="455884211" role=""/>
  <member type="way" ref="1110918413" role=""/>
  <member type="way" ref="1026279341" role=""/>
  <member type="way" ref="455610302" role=""/>
  <member type="way" ref="1026279340" role=""/>
  <member type="way" ref="455630588" role=""/>
  <member type="way" ref="455884213" role=""/>
  <member type="way" ref="455884215" role=""/>
  <member type="way" ref="459276051" role=""/>
  <member type="way" ref="455630585" role=""/>
  <member type="way" ref="975843832" role=""/>
  <member type="way" ref="455630582" role=""/>
  <member type="way" ref="22565617" role=""/>
  <member type="way" ref="79221008" role=""/>
  <member type="way" ref="37938168" role=""/>
  <member type="way" ref="23652283" role=""/>
  <member type="way" ref="48664840" role=""/>
  <member type="way" ref="87649404" role=""/>
  <member type="way" ref="87649396" role=""/>
  <member type="way" ref="87649398" role=""/>
  <member type="way" ref="226665341" role=""/>
  <member type="way" ref="471635556" role=""/>
  <member type="way" ref="536510757" role=""/>
  <member type="way" ref="536510756" role=""/>
  <member type="way" ref="471608740" role=""/>
  <member type="way" ref="101815010" role=""/>
  <member type="way" ref="101815027" role=""/>
  <member type="way" ref="48664842" role=""/>
  <member type="way" ref="101815052" role=""/>
  <member type="way" ref="231392982" role=""/>
  <member type="way" ref="101815099" role=""/>
  <member type="way" ref="47084015" role=""/>
  <member type="way" ref="28679960" role=""/>
  <member type="way" ref="48114503" role=""/>
  <member type="way" ref="47084017" role=""/>
  <member type="way" ref="10238786" role=""/>
  <member type="way" ref="303901565" role=""/>
  <member type="way" ref="1216611191" role=""/>
  <member type="way" ref="1216611190" role=""/>
  <member type="way" ref="1216611176" role=""/>
  <member type="way" ref="1216611177" role=""/>
  <member type="way" ref="1216611148" role=""/>
  <member type="way" ref="1216611147" role=""/>
  <member type="way" ref="1014626895" role=""/>
  <member type="way" ref="315097506" role=""/>
  <member type="way" ref="751415998" role=""/>
  <member type="way" ref="28016083" role=""/>
  <member type="way" ref="722092110" role=""/>
  <member type="way" ref="722092113" role=""/>
  <member type="way" ref="98190901" role=""/>
  <member type="way" ref="1082426014" role=""/>
  <member type="way" ref="1082426015" role=""/>
  <member type="way" ref="315098587" role=""/>
  <member type="way" ref="1286152221" role=""/>
  <member type="way" ref="1286152220" role=""/>
  <member type="way" ref="46936313" role=""/>
  <member type="way" ref="46936311" role=""/>
  <member type="way" ref="121035133" role=""/>
  <member type="way" ref="449738606" role=""/>
  <member type="way" ref="451099230" role=""/>
  <member type="way" ref="533479222" role=""/>
  <member type="way" ref="303901570" role=""/>
  <member type="way" ref="303901563" role=""/>
  <member type="way" ref="25925390" role=""/>
  <member type="way" ref="48055936" role=""/>
  <member type="way" ref="1268297559" role=""/>
  <member type="way" ref="47413575" role=""/>
  <member type="way" ref="47396459" role=""/>
  <member type="way" ref="1268297558" role=""/>
  <member type="way" ref="47396445" role=""/>
  <member type="way" ref="1268297557" role=""/>
  <member type="way" ref="276156575" role=""/>
  <member type="way" ref="48099562" role=""/>
  <member type="way" ref="1268297584" role=""/>
  <member type="way" ref="1268297583" role=""/>
  <member type="way" ref="1268297582" role=""/>
  <member type="way" ref="1268297581" role=""/>
  <member type="way" ref="124916013" role=""/>
  <member type="way" ref="124916010" role=""/>
  <member type="way" ref="126149611" role=""/>
  <member type="way" ref="1450018694" role=""/>
  <member type="way" ref="1511728296" role=""/>
  <member type="way" ref="48098623" role=""/>
  <member type="way" ref="1458810636" role=""/>
  <member type="way" ref="48098626" role=""/>
  <member type="way" ref="1511728297" role=""/>
  <member type="way" ref="1388920400" role=""/>
  <member type="way" ref="46930406" role=""/>
  <member type="way" ref="1461959485" role=""/>
  <member type="way" ref="240589761" role=""/>
  <member type="way" ref="130351681" role=""/>
  <member type="way" ref="20280332" role=""/>
  <member type="way" ref="47099083" role=""/>
  <member type="way" ref="1563807712" role=""/>
  <member type="way" ref="1072135346" role=""/>
  <member type="way" ref="1563807711" role=""/>
  <member type="way" ref="532838113" role=""/>
  <member type="way" ref="532838112" role=""/>
  <member type="way" ref="333373300" role=""/>
  <member type="way" ref="131354383" role=""/>
  <member type="way" ref="532834917" role=""/>
  <member type="way" ref="333373308" role=""/>
  <member type="way" ref="512453906" role=""/>
  <member type="way" ref="469112075" role=""/>
  <member type="way" ref="1457886674" role=""/>
  <member type="way" ref="136792915" role=""/>
  <member type="way" ref="901864389" role=""/>
  <member type="way" ref="901864388" role=""/>
  <member type="way" ref="1257573203" role=""/>
  <member type="way" ref="136792918" role=""/>
  <member type="way" ref="72493182" role=""/>
  <member type="way" ref="693104617" role=""/>
  <member type="way" ref="333373306" role=""/>
  <member type="way" ref="333373307" role=""/>
  <member type="way" ref="136792890" role=""/>
  <member type="way" ref="48393716" role=""/>
  <member type="way" ref="47521383" role=""/>
  <member type="way" ref="47521386" role=""/>
  <member type="way" ref="136104184" role=""/>
  <member type="way" ref="311686896" role=""/>
  <member type="way" ref="628194475" role=""/>
  <member type="way" ref="923613080" role=""/>
  <member type="way" ref="490462507" role=""/>
  <member type="way" ref="495592437" role=""/>
  <member type="way" ref="47014556" role=""/>
  <member type="way" ref="47014538" role=""/>
  <member type="way" ref="686954661" role=""/>
  <member type="way" ref="19782865" role=""/>
  <member type="way" ref="141895223" role=""/>
  <member type="way" ref="141895225" role=""/>
  <member type="way" ref="1562099441" role=""/>
  <member type="way" ref="141895265" role=""/>
  <member type="way" ref="141895266" role=""/>
  <member type="way" ref="405707837" role=""/>
  <member type="way" ref="1426821211" role=""/>
  <member type="way" ref="1426820589" role=""/>
  <member type="way" ref="1426821216" role=""/>
  <member type="way" ref="1563388505" role=""/>
  <member type="way" ref="1563388507" role=""/>
  <member type="way" ref="1426821825" role=""/>
  <member type="way" ref="1426821214" role=""/>
  <member type="way" ref="1426822802" role=""/>
  <member type="way" ref="1426822803" role=""/>
  <member type="way" ref="1426820590" role=""/>
  <member type="way" ref="141895207" role=""/>
  <member type="way" ref="1173573897" role=""/>
  <member type="way" ref="1173573894" role=""/>
  <member type="way" ref="1033252565" role=""/>
  <member type="way" ref="1173573900" role=""/>
  <member type="way" ref="333373299" role=""/>
  <member type="way" ref="1033251160" role=""/>
  <member type="way" ref="19782855" role=""/>
  <member type="way" ref="1324395622" role=""/>
  <member type="way" ref="1556490749" role=""/>
  <member type="way" ref="333373310" role=""/>
  <member type="way" ref="19782758" role=""/>
  <tag k="colour" v="red"/>
  <tag k="fee" v="yes"/>
  <tag k="from" v="Puerto de San Isidro"/>
  <tag k="name" v="Línea 168: San Isidro →x Lacroze→ La Boca"/>
  <tag k="network" v="Nacional"/>
  <tag k="operator" v="Expreso San Isidro S.A.T.C.I.F.I."/>
  <tag k="payment:apple_pay" v="yes"/>
  <tag k="payment:contactless" v="yes"/>
  <tag k="payment:google_pay" v="yes"/>
  <tag k="payment:mastercard_contactless" v="yes"/>
  <tag k="payment:mercado_pago_qr" v="yes"/>
  <tag k="payment:qr_code" v="yes"/>
  <tag k="payment:sube" v="yes"/>
  <tag k="payment:sube_app" v="yes"/>
  <tag k="payment:sube_qr" v="yes"/>
  <tag k="payment:visa_contactless" v="yes"/>
  <tag k="public_transport:version" v="2"/>
  <tag k="ref" v="168"/>
  <tag k="reservation" v="no"/>
  <tag k="route" v="bus"/>
  <tag k="scope" v="urban"/>
  <tag k="to" v="La Boca"/>
  <tag k="type" v="route"/>
  <tag k="via" v="Lacroze"/>
  <tag k="wheelchair" v="yes"/>
 </relation>
 <relation id="5188890" visible="true" version="297" changeset="189708124" timestamp="2026-09-29T04:59:41Z" user="RiverDeel" uid="23759952">
  <member type="node" ref="9219826258" role="stop"/>
  <member type="node" ref="9219826257" role="platform"/>
  <member type="node" ref="6551807242" role="stop"/>
  <member type="node" ref="6551807226" role="platform"/>
  <member type="node" ref="6551807241" role="stop"/>
  <member type="node" ref="6551807225" role="platform"/>
  <member type="node" ref="10910591105" role="stop"/>
  <member type="node" ref="10910588800" role="platform"/>
  <member type="node" ref="10998513593" role="stop"/>
  <member type="node" ref="10998513594" role="platform"/>
  <member type="node" ref="10998360211" role="stop"/>
  <member type="node" ref="10998360210" role="platform"/>
  <member type="node" ref="11011359578" role="stop"/>
  <member type="node" ref="11011359577" role="platform"/>
  <member type="node" ref="7111375295" role="stop"/>
  <member type="node" ref="7111375296" role="platform"/>
  <member type="node" ref="7111375288" role="stop"/>
  <member type="node" ref="7111375289" role="platform"/>
  <member type="node" ref="7194584439" role="stop"/>
  <member type="node" ref="7194584438" role="platform"/>
  <member type="node" ref="11552894813" role="stop"/>
  <member type="node" ref="11552894812" role="platform"/>
  <member type="node" ref="11013957557" role="stop"/>
  <member type="node" ref="11013957556" role="platform"/>
  <member type="node" ref="4706146859" role="stop"/>
  <member type="node" ref="4706146860" role="platform"/>
  <member type="node" ref="4407495785" role="stop"/>
  <member type="node" ref="4407495784" role="platform"/>
  <member type="node" ref="4704731801" role="stop"/>
  <member type="node" ref="4704731802" role="platform"/>
  <member type="node" ref="3881372293" role="stop"/>
  <member type="node" ref="3881372292" role="platform"/>
  <member type="node" ref="4706146856" role="stop"/>
  <member type="node" ref="4706146857" role="platform"/>
  <member type="node" ref="4706146853" role="stop"/>
  <member type="node" ref="4706146854" role="platform"/>
  <member type="node" ref="4706146851" role="stop"/>
  <member type="node" ref="4706146852" role="platform"/>
  <member type="node" ref="4706146849" role="stop"/>
  <member type="node" ref="4706146850" role="platform"/>
  <member type="node" ref="4706146845" role="stop"/>
  <member type="node" ref="4706146846" role="platform"/>
  <member type="node" ref="5409144766" role="stop"/>
  <member type="node" ref="5409144765" role="platform"/>
  <member type="node" ref="4706146843" role="stop"/>
  <member type="node" ref="4706146844" role="platform"/>
  <member type="node" ref="4706146839" role="stop"/>
  <member type="node" ref="4706146840" role="platform"/>
  <member type="node" ref="4706146836" role="stop"/>
  <member type="node" ref="3840245664" role="platform"/>
  <member type="node" ref="4706146834" role="stop"/>
  <member type="node" ref="4706146835" role="platform"/>
  <member type="node" ref="4706146832" role="stop"/>
  <member type="node" ref="4706146833" role="platform"/>
  <member type="node" ref="5294932619" role="stop"/>
  <member type="node" ref="3110509368" role="platform"/>
  <member type="node" ref="3909887546" role="stop"/>
  <member type="node" ref="3909887545" role="platform"/>
  <member type="node" ref="3909887554" role="stop"/>
  <member type="node" ref="3909887553" role="platform"/>
  <member type="node" ref="3436438088" role="stop"/>
  <member type="node" ref="3436438089" role="platform"/>
  <member type="node" ref="3436437415" role="stop"/>
  <member type="node" ref="3436437416" role="platform"/>
  <member type="node" ref="3436437413" role="stop"/>
  <member type="node" ref="3436437414" role="platform"/>
  <member type="node" ref="3909891157" role="stop"/>
  <member type="node" ref="3909887555" role="platform"/>
  <member type="node" ref="3909887491" role="stop"/>
  <member type="node" ref="3909887492" role="platform"/>
  <member type="node" ref="3909887541" role="stop"/>
  <member type="node" ref="3909887542" role="platform"/>
  <member type="node" ref="3909887493" role="stop"/>
  <member type="node" ref="3909887494" role="platform"/>
  <member type="node" ref="5732950122" role="stop"/>
  <member type="node" ref="5732950121" role="platform"/>
  <member type="node" ref="3909887510" role="stop"/>
  <member type="node" ref="3909887509" role="platform"/>
  <member type="node" ref="3909887502" role="stop"/>
  <member type="node" ref="3909887501" role="platform"/>
  <member type="node" ref="3909887514" role="stop"/>
  <member type="node" ref="3909887513" role="platform"/>
  <member type="node" ref="3909887530" role="stop"/>
  <member type="node" ref="3909887529" role="platform"/>
  <member type="node" ref="3621260437" role="stop"/>
  <member type="node" ref="3186071092" role="platform"/>
  <member type="node" ref="3909887518" role="stop"/>
  <member type="node" ref="3909887517" role="platform"/>
  <member type="node" ref="3909887520" role="stop"/>
  <member type="node" ref="3909887519" role="platform"/>
  <member type="node" ref="3909887524" role="stop"/>
  <member type="node" ref="3909887523" role="platform"/>
  <member type="node" ref="3909887496" role="stop"/>
  <member type="node" ref="3909887495" role="platform"/>
  <member type="node" ref="3909887528" role="stop"/>
  <member type="node" ref="3909887527" role="platform"/>
  <member type="node" ref="3909887526" role="stop"/>
  <member type="node" ref="3909887525" role="platform"/>
  <member type="node" ref="3909887505" role="stop"/>
  <member type="node" ref="3909887506" role="platform"/>
  <member type="node" ref="3909887547" role="stop"/>
  <member type="node" ref="3909887548" role="platform"/>
  <member type="node" ref="3909887538" role="stop"/>
  <member type="node" ref="3909887537" role="platform"/>
  <member type="node" ref="3909887534" role="stop"/>
  <member type="node" ref="3909887533" role="platform"/>
  <member type="node" ref="3909887540" role="stop"/>
  <member type="node" ref="3909887539" role="platform"/>
  <member type="node" ref="3909891160" role="stop"/>
  <member type="node" ref="3909891159" role="platform"/>
  <member type="node" ref="3909887536" role="stop"/>
  <member type="node" ref="3909887535" role="platform"/>
  <member type="node" ref="7727258306" role="stop"/>
  <member type="node" ref="3003585937" role="platform"/>
  <member type="node" ref="3003706942" role="stop"/>
  <member type="node" ref="3003585732" role="platform"/>
  <member type="node" ref="7194605202" role="stop"/>
  <member type="node" ref="7194605201" role="platform"/>
  <member type="node" ref="4522545232" role="stop"/>
  <member type="node" ref="4522545231" role="platform"/>
  <member type="node" ref="4522545210" role="stop"/>
  <member type="node" ref="4522545209" role="platform"/>
  <member type="node" ref="3606354947" role="stop"/>
  <member type="node" ref="3606354946" role="platform"/>
  <member type="node" ref="3606354929" role="stop"/>
  <member type="node" ref="3606354928" role="platform"/>
  <member type="node" ref="3606354913" role="stop"/>
  <member type="node" ref="3606354912" role="platform"/>
  <member type="node" ref="3606354897" role="stop"/>
  <member type="node" ref="3606354896" role="platform"/>
  <member type="node" ref="3606354781" role="stop"/>
  <member type="node" ref="3606354780" role="platform"/>
  <member type="node" ref="3606354769" role="stop"/>
  <member type="node" ref="3606354767" role="platform"/>
  <member type="node" ref="3646872436" role="stop"/>
  <member type="node" ref="3646872435" role="platform"/>
  <member type="node" ref="3646859358" role="stop"/>
  <member type="node" ref="3646872452" role="platform"/>
  <member type="node" ref="3646859299" role="stop"/>
  <member type="node" ref="3646872464" role="platform"/>
  <member type="node" ref="3646859242" role="stop"/>
  <member type="node" ref="3646872466" role="platform"/>
  <member type="node" ref="3710051986" role="stop"/>
  <member type="node" ref="3710051987" role="platform"/>
  <member type="node" ref="10927095631" role="stop"/>
  <member type="node" ref="10927095632" role="platform"/>
  <member type="node" ref="6467387513" role="stop"/>
  <member type="node" ref="6467387514" role="platform"/>
  <member type="node" ref="3710051988" role="stop"/>
  <member type="node" ref="3710051989" role="platform"/>
  <member type="node" ref="9994827210" role="stop"/>
  <member type="node" ref="9994855269" role="platform"/>
  <member type="node" ref="9994855270" role="stop"/>
  <member type="node" ref="10003372177" role="platform"/>
  <member type="node" ref="10013198718" role="stop"/>
  <member type="node" ref="10013199978" role="platform"/>
  <member type="node" ref="10036128127" role="stop"/>
  <member type="node" ref="10036151052" role="platform"/>
  <member type="node" ref="9765912606" role="stop"/>
  <member type="node" ref="9765912605" role="platform"/>
  <member type="node" ref="10003197093" role="stop"/>
  <member type="node" ref="10003197094" role="platform"/>
  <member type="node" ref="9994855271" role="stop"/>
  <member type="node" ref="10000807697" role="platform"/>
  <member type="node" ref="9994855272" role="stop"/>
  <member type="node" ref="10007881247" role="platform"/>
  <member type="node" ref="10000807698" role="stop"/>
  <member type="node" ref="4604868650" role="platform"/>
  <member type="node" ref="10003199658" role="stop"/>
  <member type="node" ref="10003199659" role="platform"/>
  <member type="node" ref="10000807695" role="stop"/>
  <member type="node" ref="4604868649" role="platform"/>
  <member type="node" ref="10013000557" role="stop"/>
  <member type="node" ref="10013000558" role="platform"/>
  <member type="node" ref="10005480819" role="stop"/>
  <member type="node" ref="10005480820" role="platform"/>
  <member type="node" ref="10005468018" role="stop"/>
  <member type="node" ref="4602114126" role="platform"/>
  <member type="node" ref="10057375333" role="stop"/>
  <member type="node" ref="10057375334" role="platform"/>
  <member type="node" ref="10005422699" role="stop"/>
  <member type="node" ref="4602022579" role="platform"/>
  <member type="node" ref="10008577556" role="stop"/>
  <member type="node" ref="4600451812" role="platform"/>
  <member type="node" ref="10057291402" role="stop"/>
  <member type="node" ref="10057291403" role="platform"/>
  <member type="node" ref="10005447762" role="stop"/>
  <member type="node" ref="10005475224" role="platform"/>
  <member type="node" ref="10005459967" role="stop"/>
  <member type="node" ref="10007881248" role="platform"/>
  <member type="node" ref="10061048852" role="stop"/>
  <member type="node" ref="10061048853" role="platform"/>
  <member type="node" ref="10005459966" role="stop"/>
  <member type="node" ref="4626716437" role="platform"/>
  <member type="node" ref="10005447764" role="stop"/>
  <member type="node" ref="10005447765" role="platform"/>
  <member type="node" ref="10000807696" role="stop"/>
  <member type="node" ref="4626474121" role="platform"/>
  <member type="node" ref="10929748593" role="stop"/>
  <member type="node" ref="10929748594" role="platform"/>
  <member type="node" ref="9978724301" role="stop"/>
  <member type="node" ref="4626349575" role="platform"/>
  <member type="node" ref="9978717402" role="stop"/>
  <member type="node" ref="4636755917" role="platform"/>
  <member type="way" ref="348072929" role=""/>
  <member type="way" ref="1230933560" role=""/>
  <member type="way" ref="1230931867" role=""/>
  <member type="way" ref="75032344" role=""/>
  <member type="way" ref="1231803254" role=""/>
  <member type="way" ref="31719482" role=""/>
  <member type="way" ref="1562122188" role=""/>
  <member type="way" ref="1324395621" role=""/>
  <member type="way" ref="260548028" role=""/>
  <member type="way" ref="288588226" role=""/>
  <member type="way" ref="19782861" role=""/>
  <member type="way" ref="1562110754" role=""/>
  <member type="way" ref="1174204473" role=""/>
  <member type="way" ref="1174204472" role=""/>
  <member type="way" ref="1174212173" role=""/>
  <member type="way" ref="1174212174" role=""/>
  <member type="way" ref="1173851685" role=""/>
  <member type="way" ref="1314015917" role=""/>
  <member type="way" ref="1085883144" role=""/>
  <member type="way" ref="38445839" role=""/>
  <member type="way" ref="1387429997" role=""/>
  <member type="way" ref="1387921874" role=""/>
  <member type="way" ref="147999102" role=""/>
  <member type="way" ref="147999100" role=""/>
  <member type="way" ref="1252957315" role=""/>
  <member type="way" ref="1252957318" role=""/>
  <member type="way" ref="47259046" role=""/>
  <member type="way" ref="1563388508" role=""/>
  <member type="way" ref="1563388506" role=""/>
  <member type="way" ref="47259045" role=""/>
  <member type="way" ref="147999106" role=""/>
  <member type="way" ref="147999098" role=""/>
  <member type="way" ref="147999108" role=""/>
  <member type="way" ref="906011613" role=""/>
  <member type="way" ref="147999107" role=""/>
  <member type="way" ref="147999104" role=""/>
  <member type="way" ref="147999087" role=""/>
  <member type="way" ref="618077470" role=""/>
  <member type="way" ref="147999089" role=""/>
  <member type="way" ref="618077475" role=""/>
  <member type="way" ref="47032800" role=""/>
  <member type="way" ref="141895237" role=""/>
  <member type="way" ref="141895236" role=""/>
  <member type="way" ref="25965589" role=""/>
  <member type="way" ref="532822943" role=""/>
  <member type="way" ref="256799264" role=""/>
  <member type="way" ref="136104201" role=""/>
  <member type="way" ref="258699531" role=""/>
  <member type="way" ref="628465558" role=""/>
  <member type="way" ref="495592436" role=""/>
  <member type="way" ref="495592434" role=""/>
  <member type="way" ref="1172771838" role=""/>
  <member type="way" ref="495592433" role=""/>
  <member type="way" ref="923613082" role=""/>
  <member type="way" ref="258699524" role=""/>
  <member type="way" ref="761617347" role=""/>
  <member type="way" ref="1284742023" role=""/>
  <member type="way" ref="1284741741" role=""/>
  <member type="way" ref="1284742025" role=""/>
  <member type="way" ref="1284742024" role=""/>
  <member type="way" ref="1286580814" role=""/>
  <member type="way" ref="1006632474" role=""/>
  <member type="way" ref="131318297" role=""/>
  <member type="way" ref="258699532" role=""/>
  <member type="way" ref="1286872609" role=""/>
  <member type="way" ref="1242711682" role=""/>
  <member type="way" ref="532832986" role=""/>
  <member type="way" ref="47521384" role=""/>
  <member type="way" ref="901864396" role=""/>
  <member type="way" ref="901864395" role=""/>
  <member type="way" ref="532832985" role=""/>
  <member type="way" ref="532832984" role=""/>
  <member type="way" ref="477066607" role=""/>
  <member type="way" ref="47521382" role=""/>
  <member type="way" ref="814037606" role=""/>
  <member type="way" ref="477066606" role=""/>
  <member type="way" ref="477066604" role=""/>
  <member type="way" ref="348072923" role=""/>
  <member type="way" ref="792428247" role=""/>
  <member type="way" ref="47398644" role=""/>
  <member type="way" ref="562927539" role=""/>
  <member type="way" ref="532838111" role=""/>
  <member type="way" ref="532838110" role=""/>
  <member type="way" ref="477066609" role=""/>
  <member type="way" ref="20280326" role=""/>
  <member type="way" ref="477066608" role=""/>
  <member type="way" ref="477066610" role=""/>
  <member type="way" ref="110609963" role=""/>
  <member type="way" ref="48098624" role=""/>
  <member type="way" ref="348072981" role=""/>
  <member type="way" ref="348072960" role=""/>
  <member type="way" ref="387741268" role=""/>
  <member type="way" ref="387741269" role=""/>
  <member type="way" ref="48100987" role=""/>
  <member type="way" ref="48055256" role=""/>
  <member type="way" ref="348072902" role=""/>
  <member type="way" ref="48055928" role=""/>
  <member type="way" ref="226301125" role=""/>
  <member type="way" ref="845791745" role=""/>
  <member type="way" ref="845791744" role=""/>
  <member type="way" ref="849894731" role=""/>
  <member type="way" ref="166644419" role=""/>
  <member type="way" ref="473609241" role=""/>
  <member type="way" ref="46934485" role=""/>
  <member type="way" ref="121035100" role=""/>
  <member type="way" ref="947762681" role=""/>
  <member type="way" ref="637203331" role=""/>
  <member type="way" ref="387741267" role=""/>
  <member type="way" ref="722092105" role=""/>
  <member type="way" ref="722092109" role=""/>
  <member type="way" ref="722092107" role=""/>
  <member type="way" ref="166639860" role=""/>
  <member type="way" ref="637203330" role=""/>
  <member type="way" ref="101891616" role=""/>
  <member type="way" ref="48113504" role=""/>
  <member type="way" ref="1216611145" role=""/>
  <member type="way" ref="405942972" role=""/>
  <member type="way" ref="1216611143" role=""/>
  <member type="way" ref="1216614695" role=""/>
  <member type="way" ref="1216614694" role=""/>
  <member type="way" ref="302356633" role=""/>
  <member type="way" ref="101891610" role=""/>
  <member type="way" ref="94656330" role=""/>
  <member type="way" ref="101815003" role=""/>
  <member type="way" ref="47084016" role=""/>
  <member type="way" ref="101815032" role=""/>
  <member type="way" ref="101815015" role=""/>
  <member type="way" ref="48664842" role=""/>
  <member type="way" ref="101815027" role=""/>
  <member type="way" ref="536189213" role=""/>
  <member type="way" ref="536189212" role=""/>
  <member type="way" ref="348072879" role=""/>
  <member type="way" ref="226665343" role=""/>
  <member type="way" ref="746284435" role=""/>
  <member type="way" ref="87649394" role=""/>
  <member type="way" ref="22697706" role=""/>
  <member type="way" ref="37938167" role=""/>
  <member type="way" ref="28679966" role=""/>
  <member type="way" ref="48664847" role=""/>
  <member type="way" ref="455630586" role=""/>
  <member type="way" ref="455630590" role=""/>
  <member type="way" ref="1026279339" role=""/>
  <member type="way" ref="1026279338" role=""/>
  <member type="way" ref="1026279337" role=""/>
  <member type="way" ref="455630584" role=""/>
  <member type="way" ref="455630594" role=""/>
  <member type="way" ref="335169968" role=""/>
  <member type="way" ref="351993140" role=""/>
  <member type="way" ref="351993131" role=""/>
  <member type="way" ref="351993139" role=""/>
  <member type="way" ref="351993133" role=""/>
  <member type="way" ref="351993142" role=""/>
  <member type="way" ref="671008652" role=""/>
  <member type="way" ref="351993137" role=""/>
  <member type="way" ref="351993141" role=""/>
  <member type="way" ref="351993145" role=""/>
  <member type="way" ref="351993150" role=""/>
  <member type="way" ref="354436814" role=""/>
  <member type="way" ref="351993152" role=""/>
  <member type="way" ref="379857121" role=""/>
  <member type="way" ref="354436810" role=""/>
  <member type="way" ref="354436816" role=""/>
  <member type="way" ref="615073907" role=""/>
  <member type="way" ref="1368603530" role=""/>
  <member type="way" ref="1368603519" role=""/>
  <member type="way" ref="1368603535" role=""/>
  <member type="way" ref="1368603509" role=""/>
  <member type="way" ref="357012693" role=""/>
  <member type="way" ref="357023063" role=""/>
  <member type="way" ref="357023060" role=""/>
  <member type="way" ref="357023066" role=""/>
  <member type="way" ref="360091792" role=""/>
  <member type="way" ref="360085667" role=""/>
  <member type="way" ref="360091789" role=""/>
  <member type="way" ref="360091800" role=""/>
  <member type="way" ref="368856634" role=""/>
  <member type="way" ref="360091777" role=""/>
  <member type="way" ref="360085647" role=""/>
  <member type="way" ref="360091794" role=""/>
  <member type="way" ref="360091778" role=""/>
  <member type="way" ref="368856633" role=""/>
  <member type="way" ref="360091753" role=""/>
  <member type="way" ref="360091765" role=""/>
  <member type="way" ref="360091793" role=""/>
  <member type="way" ref="360091751" role=""/>
  <member type="way" ref="360085635" role=""/>
  <member type="way" ref="360091762" role=""/>
  <member type="way" ref="360091743" role=""/>
  <member type="way" ref="360091747" role=""/>
  <member type="way" ref="360091796" role=""/>
  <member type="way" ref="360091759" role=""/>
  <member type="way" ref="360085642" role=""/>
  <member type="way" ref="360091786" role=""/>
  <member type="way" ref="360091801" role=""/>
  <member type="way" ref="360091797" role=""/>
  <member type="way" ref="360085648" role=""/>
  <member type="way" ref="360091798" role=""/>
  <member type="way" ref="974506707" role=""/>
  <member type="way" ref="360091763" role=""/>
  <member type="way" ref="357023043" role=""/>
  <member type="way" ref="292389131" role=""/>
  <member type="way" ref="62897946" role=""/>
  <member type="way" ref="62898073" role=""/>
  <member type="way" ref="119241318" role=""/>
  <member type="way" ref="119241307" role=""/>
  <member type="way" ref="107497600" role=""/>
  <member type="way" ref="107497604" role=""/>
  <member type="way" ref="79291740" role=""/>
  <member type="way" ref="79291758" role=""/>
  <member type="way" ref="1031674784" role=""/>
  <member type="way" ref="79291724" role=""/>
  <member type="way" ref="1335186853" role=""/>
  <member type="way" ref="954764613" role=""/>
  <member type="way" ref="18943981" role=""/>
  <member type="way" ref="1063110003" role=""/>
  <member type="way" ref="382003744" role=""/>
  <member type="way" ref="1333308637" role=""/>
  <member type="way" ref="382003746" role=""/>
  <member type="way" ref="47304458" role=""/>
  <member type="way" ref="465963930" role=""/>
  <member type="way" ref="465963929" role=""/>
  <member type="way" ref="957691563" role=""/>
  <member type="way" ref="969843937" role=""/>
  <member type="way" ref="381982456" role=""/>
  <member type="way" ref="129996889" role=""/>
  <member type="way" ref="957691561" role=""/>
  <member type="way" ref="957691559" role=""/>
  <member type="way" ref="957691558" role=""/>
  <member type="way" ref="464854385" role=""/>
  <member type="way" ref="1019794339" role=""/>
  <member type="way" ref="957696581" role=""/>
  <member type="way" ref="957696580" role=""/>
  <member type="way" ref="969856007" role=""/>
  <member type="way" ref="970376812" role=""/>
  <member type="way" ref="970376813" role=""/>
  <member type="way" ref="969859177" role=""/>
  <member type="way" ref="957696573" role=""/>
  <member type="way" ref="969859225" role=""/>
  <member type="way" ref="970376718" role=""/>
  <member type="way" ref="954759833" role=""/>
  <member type="way" ref="79498815" role=""/>
  <member type="way" ref="1333304551" role=""/>
  <member type="way" ref="1333304553" role=""/>
  <member type="way" ref="954764979" role=""/>
  <member type="way" ref="79498817" role=""/>
  <member type="way" ref="957696405" role=""/>
  <member type="way" ref="255861799" role=""/>
  <member type="way" ref="970114396" role=""/>
  <member type="way" ref="970114429" role=""/>
  <member type="way" ref="970114781" role=""/>
  <member type="way" ref="970114783" role=""/>
  <member type="way" ref="970114782" role=""/>
  <member type="way" ref="970114801" role=""/>
  <member type="way" ref="957696404" role=""/>
  <member type="way" ref="969318431" role=""/>
  <member type="way" ref="969318428" role=""/>
  <member type="way" ref="969318429" role=""/>
  <member type="way" ref="954695946" role=""/>
  <member type="way" ref="1333301859" role=""/>
  <member type="way" ref="957696401" role=""/>
  <member type="way" ref="132363898" role=""/>
  <member type="way" ref="957696161" role=""/>
  <member type="way" ref="957696160" role=""/>
  <member type="way" ref="954765116" role=""/>
  <member type="way" ref="958993901" role=""/>
  <member type="way" ref="958993902" role=""/>
  <member type="way" ref="465002070" role=""/>
  <member type="way" ref="970066459" role=""/>
  <member type="way" ref="970065925" role=""/>
  <member type="way" ref="969318734" role=""/>
  <member type="way" ref="463770641" role=""/>
  <member type="way" ref="969318731" role=""/>
  <member type="way" ref="954699700" role=""/>
  <member type="way" ref="954699702" role=""/>
  <member type="way" ref="970379990" role=""/>
  <member type="way" ref="970379988" role=""/>
  <member type="way" ref="970379989" role=""/>
  <member type="way" ref="970379686" role=""/>
  <member type="way" ref="969953930" role=""/>
  <member type="way" ref="970379623" role=""/>
  <member type="way" ref="970377771" role=""/>
  <member type="way" ref="4651802" role=""/>
  <member type="way" ref="305352915" role=""/>
  <member type="way" ref="961427717" role=""/>
  <member type="way" ref="161365793" role=""/>
  <member type="way" ref="161365794" role=""/>
  <member type="way" ref="348072877" role=""/>
  <member type="way" ref="4762895" role=""/>
  <member type="way" ref="348072955" role=""/>
  <member type="way" ref="469452624" role=""/>
  <member type="way" ref="469326267" role=""/>
  <member type="way" ref="22663996" role=""/>
  <member type="way" ref="866434999" role=""/>
  <member type="way" ref="955329926" role=""/>
  <member type="way" ref="955329925" role=""/>
  <member type="way" ref="955329924" role=""/>
  <member type="way" ref="866435002" role=""/>
  <tag k="colour" v="red"/>
  <tag k="description" v="Algunos terminan en Saavedra"/>
  <tag k="fee" v="yes"/>
  <tag k="from" v="La Boca"/>
  <tag k="name" v="Línea 168: La Boca →x Lacroze→ San Isidro"/>
  <tag k="network" v="Nacional"/>
  <tag k="operator" v="Expreso San Isidro S.A.T.C.I.F.I."/>
  <tag k="payment:apple_pay" v="yes"/>
  <tag k="payment:contactless" v="yes"/>
  <tag k="payment:google_pay" v="yes"/>
  <tag k="payment:mastercard_contactless" v="yes"/>
  <tag k="payment:mercado_pago_qr" v="yes"/>
  <tag k="payment:qr_code" v="yes"/>
  <tag k="payment:sube" v="yes"/>
  <tag k="payment:sube_app" v="yes"/>
  <tag k="payment:sube_qr" v="yes"/>
  <tag k="payment:visa_contactless" v="yes"/>
  <tag k="public_transport:version" v="2"/>
  <tag k="ref" v="168"/>
  <tag k="reservation" v="no"/>
  <tag k="route" v="bus"/>
  <tag k="scope" v="urban"/>
  <tag k="to" v="Puerto de San Isidro"/>
  <tag k="type" v="route"/>
  <tag k="via" v="Lacroze"/>
  <tag k="wheelchair" v="yes"/>
 </relation>
 <relation id="5188891" visible="true" version="5" changeset="171402723" timestamp="2025-09-03T11:26:47Z" user="i2004" uid="11462915">
  <member type="relation" ref="5188889" role=""/>
  <member type="relation" ref="5188890" role=""/>
  <member type="relation" ref="4681272" role=""/>
  <member type="relation" ref="4049352" role=""/>
  <tag k="colour" v="red"/>
  <tag k="name" v="Línea 168"/>
  <tag k="network" v="Nacional"/>
  <tag k="operator" v="Expreso San Isidro S.A.T.C.I.F.I."/>
  <tag k="ref" v="168"/>
  <tag k="route_master" v="bus"/>
  <tag k="type" v="route_master"/>
 </relation>
 <relation id="6603491" visible="true" version="2" changeset="94598598" timestamp="2020-11-22T21:06:01Z" user="Hernan" uid="72347">
  <member type="way" ref="435902873" role="outer"/>
  <member type="way" ref="318617046" role="outer"/>
  <member type="way" ref="129965295" role="outer"/>
  <member type="way" ref="875882263" role="outer"/>
  <tag k="leisure" v="park"/>
  <tag k="name" v="Paseo Público Costero"/>
  <tag k="type" v="multipolygon"/>
 </relation>
 <relation id="6699648" visible="true" version="27" changeset="181986792" timestamp="2026-04-29T12:40:54Z" user="AlejandroAlba" uid="6499071">
  <member type="node" ref="3651107372" role="stop_entry_only"/>
  <member type="way" ref="1012323498" role="platform_entry_only"/>
  <member type="node" ref="2561087191" role="stop"/>
  <member type="way" ref="206904255" role="platform"/>
  <member type="node" ref="2561105846" role="stop"/>
  <member type="way" ref="249519061" role="platform"/>
  <member type="node" ref="2561121710" role="stop"/>
  <member type="way" ref="526913911" role="platform"/>
  <member type="node" ref="2561133552" role="stop"/>
  <member type="way" ref="207466605" role="platform"/>
  <member type="node" ref="2169675628" role="stop"/>
  <member type="way" ref="207202619" role="platform"/>
  <member type="node" ref="247764953" role="stop"/>
  <member type="way" ref="208636773" role="platform"/>
  <member type="node" ref="108260648" role="stop"/>
  <member type="way" ref="208637106" role="platform"/>
  <member type="node" ref="5122945455" role="stop"/>
  <member type="way" ref="526895464" role="platform"/>
  <member type="node" ref="108260640" role="stop"/>
  <member type="way" ref="526867362" role="platform"/>
  <member type="node" ref="2561085079" role="stop_exit_only"/>
  <member type="way" ref="204492403" role="platform_exit_only"/>
  <member type="way" ref="951810721" role=""/>
  <member type="way" ref="1352265693" role=""/>
  <member type="way" ref="1352265692" role=""/>
  <member type="way" ref="249518083" role=""/>
  <member type="way" ref="249518220" role=""/>
  <member type="way" ref="206903977" role=""/>
  <member type="way" ref="1505789292" role=""/>
  <member type="way" ref="1505789291" role=""/>
  <member type="way" ref="249517010" role=""/>
  <member type="way" ref="1505789314" role=""/>
  <member type="way" ref="1505789306" role=""/>
  <member type="way" ref="1505789305" role=""/>
  <member type="way" ref="1505789308" role=""/>
  <member type="way" ref="1505789307" role=""/>
  <member type="way" ref="1505789313" role=""/>
  <member type="way" ref="306029273" role=""/>
  <member type="way" ref="1505789323" role=""/>
  <member type="way" ref="1505789322" role=""/>
  <member type="way" ref="1505789327" role=""/>
  <member type="way" ref="1505789326" role=""/>
  <member type="way" ref="1152272548" role=""/>
  <member type="way" ref="1505735951" role=""/>
  <member type="way" ref="1505735950" role=""/>
  <member type="way" ref="1152272542" role=""/>
  <member type="way" ref="1505732396" role=""/>
  <member type="way" ref="1505732395" role=""/>
  <member type="way" ref="1505731593" role=""/>
  <member type="way" ref="1505731592" role=""/>
  <member type="way" ref="1505727932" role=""/>
  <member type="way" ref="1505727931" role=""/>
  <member type="way" ref="1504433009" role=""/>
  <member type="way" ref="1504434096" role=""/>
  <member type="way" ref="1504434095" role=""/>
  <member type="way" ref="1504433008" role=""/>
  <member type="way" ref="129994727" role=""/>
  <member type="way" ref="275805125" role=""/>
  <member type="way" ref="1504461214" role=""/>
  <member type="way" ref="1504461213" role=""/>
  <member type="way" ref="275805866" role=""/>
  <member type="way" ref="306029167" role=""/>
  <member type="way" ref="234112353" role=""/>
  <member type="way" ref="361488637" role=""/>
  <member type="way" ref="361488639" role=""/>
  <member type="way" ref="320734346" role=""/>
  <member type="way" ref="361488635" role=""/>
  <member type="way" ref="320734345" role=""/>
  <member type="way" ref="371538637" role=""/>
  <member type="way" ref="249517005" role=""/>
  <member type="way" ref="79291717" role=""/>
  <member type="way" ref="76492953" role=""/>
  <member type="way" ref="526867367" role=""/>
  <tag k="colour" v="#37bbed"/>
  <tag k="from" v="Delta"/>
  <tag k="interval" v="30"/>
  <tag k="name" v="Tren de la Costa: Delta → Avenida Maipú"/>
  <tag k="network" v="Mitre"/>
  <tag k="opening_hours" v="Mo-Fr 06:20-21:15; Sa,Su,PH 07:30-21:25"/>
  <tag k="operator" v="Trenes Argentinos"/>
  <tag k="public_transport:version" v="2"/>
  <tag k="ref" v="TC"/>
  <tag k="route" v="light_rail"/>
  <tag k="service" v="commuter"/>
  <tag k="to" v="Avenida Maipú"/>
  <tag k="type" v="route"/>
  <tag k="wheelchair" v="limited"/>
 </relation>
 <relation id="7553061" visible="true" version="24" changeset="181986792" timestamp="2026-04-29T12:40:54Z" user="AlejandroAlba" uid="6499071">
  <member type="way" ref="205186323" role=""/>
  <member type="way" ref="205200621" role=""/>
  <member type="way" ref="254660749" role=""/>
  <member type="way" ref="254660751" role=""/>
  <member type="way" ref="205200620" role=""/>
  <member type="way" ref="205201401" role=""/>
  <member type="way" ref="205201400" role=""/>
  <member type="way" ref="205204060" role=""/>
  <member type="way" ref="205204062" role=""/>
  <member type="way" ref="280804179" role=""/>
  <member type="way" ref="40102513" role=""/>
  <member type="way" ref="280804177" role=""/>
  <member type="way" ref="40102512" role=""/>
  <member type="way" ref="85355088" role=""/>
  <member type="way" ref="85355091" role=""/>
  <member type="way" ref="68667048" role=""/>
  <member type="way" ref="254660750" role=""/>
  <member type="way" ref="254660752" role=""/>
  <member type="way" ref="68667058" role=""/>
  <member type="way" ref="207522679" role=""/>
  <member type="way" ref="166699778" role=""/>
  <member type="way" ref="86113919" role=""/>
  <member type="way" ref="161010619" role=""/>
  <member type="way" ref="522336273" role=""/>
  <member type="way" ref="522336274" role=""/>
  <member type="way" ref="249526626" role=""/>
  <member type="way" ref="951810721" role=""/>
  <member type="way" ref="1352265693" role=""/>
  <member type="way" ref="1352265692" role=""/>
  <member type="way" ref="249518083" role=""/>
  <member type="way" ref="249518220" role=""/>
  <member type="way" ref="206903977" role=""/>
  <member type="way" ref="1505789292" role=""/>
  <member type="way" ref="1505789291" role=""/>
  <member type="way" ref="249517010" role=""/>
  <member type="way" ref="1505789314" role=""/>
  <member type="way" ref="1505789306" role=""/>
  <member type="way" ref="1505789305" role=""/>
  <member type="way" ref="1505789308" role=""/>
  <member type="way" ref="1505789307" role=""/>
  <member type="way" ref="1505789313" role=""/>
  <member type="way" ref="306029273" role=""/>
  <member type="way" ref="1505789323" role=""/>
  <member type="way" ref="1505789322" role=""/>
  <member type="way" ref="1505789327" role=""/>
  <member type="way" ref="1505789326" role=""/>
  <member type="way" ref="1152272548" role=""/>
  <member type="way" ref="1505735951" role=""/>
  <member type="way" ref="1505735950" role=""/>
  <member type="way" ref="1152272542" role=""/>
  <member type="way" ref="1505732396" role=""/>
  <member type="way" ref="1505732395" role=""/>
  <member type="way" ref="1505731593" role=""/>
  <member type="way" ref="1505731592" role=""/>
  <member type="way" ref="1505727932" role=""/>
  <member type="way" ref="1505727931" role=""/>
  <member type="way" ref="1504433009" role=""/>
  <member type="way" ref="1504434096" role=""/>
  <member type="way" ref="1504434095" role=""/>
  <member type="way" ref="1504433008" role=""/>
  <member type="way" ref="129994727" role=""/>
  <member type="way" ref="275805125" role=""/>
  <member type="way" ref="1504461214" role=""/>
  <member type="way" ref="1504461213" role=""/>
  <member type="way" ref="275805866" role=""/>
  <member type="way" ref="306029167" role=""/>
  <member type="way" ref="234112353" role=""/>
  <member type="way" ref="361488637" role=""/>
  <member type="way" ref="361488639" role=""/>
  <member type="way" ref="320734346" role=""/>
  <member type="way" ref="361488635" role=""/>
  <member type="way" ref="320734345" role=""/>
  <member type="way" ref="371538637" role=""/>
  <member type="way" ref="249517005" role=""/>
  <member type="way" ref="79291717" role=""/>
  <member type="way" ref="76492953" role=""/>
  <member type="way" ref="526867367" role=""/>
  <member type="way" ref="526867378" role=""/>
  <member type="way" ref="526867375" role=""/>
  <member type="way" ref="526867369" role=""/>
  <member type="way" ref="22983193" role=""/>
  <member type="way" ref="30554650" role=""/>
  <member type="way" ref="30554653" role=""/>
  <member type="way" ref="30554644" role=""/>
  <member type="way" ref="30554647" role=""/>
  <member type="way" ref="53237880" role=""/>
  <member type="way" ref="53237875" role=""/>
  <member type="way" ref="204492519" role=""/>
  <member type="way" ref="79291726" role=""/>
  <member type="way" ref="204492404" role=""/>
  <member type="way" ref="79291715" role=""/>
  <member type="way" ref="79291730" role=""/>
  <member type="way" ref="1504461212" role=""/>
  <member type="way" ref="1504461211" role=""/>
  <member type="way" ref="368772602" role=""/>
  <member type="way" ref="138999608" role=""/>
  <member type="way" ref="1504433011" role=""/>
  <member type="way" ref="1504434094" role=""/>
  <member type="way" ref="1504434093" role=""/>
  <member type="way" ref="1504433010" role=""/>
  <member type="way" ref="1505727930" role=""/>
  <member type="way" ref="1505727929" role=""/>
  <member type="way" ref="1505731591" role=""/>
  <member type="way" ref="1505731590" role=""/>
  <member type="way" ref="1505732394" role=""/>
  <member type="way" ref="1505732393" role=""/>
  <member type="way" ref="1152272544" role=""/>
  <member type="way" ref="1505735953" role=""/>
  <member type="way" ref="1505735952" role=""/>
  <member type="way" ref="1152272546" role=""/>
  <member type="way" ref="1505789329" role=""/>
  <member type="way" ref="1505789328" role=""/>
  <member type="way" ref="1505789321" role=""/>
  <member type="way" ref="1505789320" role=""/>
  <member type="way" ref="249519151" role=""/>
  <member type="way" ref="1505789312" role=""/>
  <member type="way" ref="1505789311" role=""/>
  <member type="way" ref="1505789310" role=""/>
  <member type="way" ref="1505789304" role=""/>
  <member type="way" ref="1505789303" role=""/>
  <member type="way" ref="1505789309" role=""/>
  <member type="way" ref="249519150" role=""/>
  <member type="way" ref="1505789290" role=""/>
  <member type="way" ref="1505789289" role=""/>
  <member type="way" ref="249519149" role=""/>
  <member type="way" ref="96811166" role=""/>
  <member type="way" ref="96811160" role=""/>
  <member type="way" ref="951810720" role=""/>
  <member type="way" ref="1012323497" role=""/>
  <tag k="name" v="Ramal ferroviario Belgrano R - Delta"/>
  <tag k="network" v="Mitre"/>
  <tag k="route" v="tracks"/>
  <tag k="type" v="route"/>
  <tag k="wikipedia" v="es:Ramal ferroviario Retiro-Bartolomé Mitre"/>
 </relation>
 <relation id="7597545" visible="true" version="8" changeset="180553125" timestamp="2026-03-28T17:58:15Z" user="AgusQui" uid="331218">
  <member type="relation" ref="6699648" role=""/>
  <member type="relation" ref="129404" role=""/>
  <tag k="colour" v="#37bbed"/>
  <tag k="contact:twitter" v="https://x.com/infotrenmitre"/>
  <tag k="name" v="Tren de la Costa"/>
  <tag k="network" v="Mitre"/>
  <tag k="operator" v="Trenes Argentinos"/>
  <tag k="ref" v="TC"/>
  <tag k="route_master" v="light_rail"/>
  <tag k="start_date" v="1995-04-25"/>
  <tag k="type" v="route_master"/>
  <tag k="website" v="https://www.argentina.gob.ar/transporte/trenes-argentinos/horarios-tarifas-y-recorridos/areametropolitana/tren-de-la-costa"/>
  <tag k="wheelchair" v="limited"/>
  <tag k="wikidata" v="Q3538439"/>
  <tag k="wikipedia" v="es:Tren de la Costa"/>
 </relation>
 <relation id="8824696" visible="true" version="1" changeset="63606708" timestamp="2018-10-17T11:12:19Z" user="ignaciolep" uid="2257847">
  <member type="node" ref="5992927671" role="device"/>
  <member type="node" ref="29603473" role="to"/>
  <member type="node" ref="1459104622" role="from"/>
  <tag k="enforcement" v="traffic_signals"/>
  <tag k="name" v="Radar Av. Libertador y Gral. Pacheco"/>
  <tag k="type" v="enforcement"/>
 </relation>
 <relation id="9653406" visible="true" version="115" changeset="184679407" timestamp="2026-06-27T04:44:36Z" user="11000matias" uid="9658350">
  <member type="way" ref="22991361" role=""/>
  <member type="way" ref="240590126" role=""/>
  <member type="way" ref="62898036" role=""/>
  <member type="way" ref="1423831968" role=""/>
  <member type="way" ref="155710100" role=""/>
  <member type="way" ref="375751565" role=""/>
  <member type="way" ref="1267609271" role=""/>
  <member type="way" ref="375751567" role=""/>
  <member type="way" ref="1267609272" role=""/>
  <member type="way" ref="155507990" role=""/>
  <member type="way" ref="375751566" role=""/>
  <member type="way" ref="375751564" role=""/>
  <member type="way" ref="970455002" role=""/>
  <member type="way" ref="155710115" role=""/>
  <member type="way" ref="155710104" role=""/>
  <member type="way" ref="62898104" role=""/>
  <member type="way" ref="62898093" role=""/>
  <member type="way" ref="62897980" role=""/>
  <member type="way" ref="62898005" role=""/>
  <member type="way" ref="62897891" role=""/>
  <member type="way" ref="467876207" role=""/>
  <member type="way" ref="467876205" role=""/>
  <member type="way" ref="467876206" role=""/>
  <member type="way" ref="62898002" role=""/>
  <member type="way" ref="62897956" role=""/>
  <member type="way" ref="62897909" role=""/>
  <member type="way" ref="62897989" role=""/>
  <member type="way" ref="62897954" role=""/>
  <member type="way" ref="62897946" role=""/>
  <member type="way" ref="62898073" role=""/>
  <member type="way" ref="119241318" role=""/>
  <member type="way" ref="119241307" role=""/>
  <member type="way" ref="107497600" role=""/>
  <member type="way" ref="107497604" role=""/>
  <member type="way" ref="79291740" role=""/>
  <member type="way" ref="79291716" role=""/>
  <member type="way" ref="79291758" role=""/>
  <member type="way" ref="1031674784" role=""/>
  <member type="way" ref="79291724" role=""/>
  <member type="way" ref="1335186853" role=""/>
  <member type="way" ref="954764613" role=""/>
  <member type="way" ref="18943981" role=""/>
  <member type="way" ref="1063110003" role=""/>
  <member type="way" ref="382003744" role=""/>
  <member type="way" ref="1333308637" role=""/>
  <member type="way" ref="382003746" role=""/>
  <member type="way" ref="47304458" role=""/>
  <member type="way" ref="465963930" role=""/>
  <member type="way" ref="465963929" role=""/>
  <member type="way" ref="957691563" role=""/>
  <member type="way" ref="969843937" role=""/>
  <member type="way" ref="381982456" role=""/>
  <member type="way" ref="129996889" role=""/>
  <member type="way" ref="957691561" role=""/>
  <member type="way" ref="957691559" role=""/>
  <member type="way" ref="957691558" role=""/>
  <member type="way" ref="464854385" role=""/>
  <member type="way" ref="1019794339" role=""/>
  <member type="way" ref="957696581" role=""/>
  <member type="way" ref="957696580" role=""/>
  <member type="way" ref="969856007" role=""/>
  <member type="way" ref="970376812" role=""/>
  <member type="way" ref="970376813" role=""/>
  <member type="way" ref="969859177" role=""/>
  <member type="way" ref="957696573" role=""/>
  <member type="way" ref="969859225" role=""/>
  <member type="way" ref="970376718" role=""/>
  <member type="way" ref="954759833" role=""/>
  <member type="way" ref="79498815" role=""/>
  <member type="way" ref="1333304551" role=""/>
  <member type="way" ref="1333304553" role=""/>
  <member type="way" ref="954764979" role=""/>
  <member type="way" ref="79498817" role=""/>
  <member type="way" ref="957696405" role=""/>
  <member type="way" ref="255861799" role=""/>
  <member type="way" ref="970114396" role=""/>
  <member type="way" ref="970114429" role=""/>
  <member type="way" ref="970114781" role=""/>
  <member type="way" ref="970114783" role=""/>
  <member type="way" ref="970114782" role=""/>
  <member type="way" ref="970114801" role=""/>
  <member type="way" ref="957696404" role=""/>
  <member type="way" ref="969318431" role=""/>
  <member type="way" ref="969318428" role=""/>
  <member type="way" ref="969318429" role=""/>
  <member type="way" ref="954695946" role=""/>
  <member type="way" ref="1333301859" role=""/>
  <member type="way" ref="957696401" role=""/>
  <member type="way" ref="132363898" role=""/>
  <member type="way" ref="957696161" role=""/>
  <member type="way" ref="957696160" role=""/>
  <member type="way" ref="954765116" role=""/>
  <member type="way" ref="958993901" role=""/>
  <member type="way" ref="958993902" role=""/>
  <member type="way" ref="465002070" role=""/>
  <member type="way" ref="970066459" role=""/>
  <member type="way" ref="970065925" role=""/>
  <member type="way" ref="969318734" role=""/>
  <member type="way" ref="463770641" role=""/>
  <member type="way" ref="969318731" role=""/>
  <member type="way" ref="954699700" role=""/>
  <member type="way" ref="954699702" role=""/>
  <member type="way" ref="970379990" role=""/>
  <member type="way" ref="970379988" role=""/>
  <member type="way" ref="970379989" role=""/>
  <member type="way" ref="970379686" role=""/>
  <member type="way" ref="969953930" role=""/>
  <member type="way" ref="970379623" role=""/>
  <member type="way" ref="970377771" role=""/>
  <member type="way" ref="4651802" role=""/>
  <member type="way" ref="305352915" role=""/>
  <member type="way" ref="961427717" role=""/>
  <member type="way" ref="161365793" role=""/>
  <member type="way" ref="161365794" role=""/>
  <member type="way" ref="348072877" role=""/>
  <member type="way" ref="4781013" role=""/>
  <member type="way" ref="425628918" role=""/>
  <member type="way" ref="4762896" role=""/>
  <member type="way" ref="132652496" role=""/>
  <member type="way" ref="382003749" role=""/>
  <member type="way" ref="4762893" role=""/>
  <member type="way" ref="163156268" role=""/>
  <member type="way" ref="132390512" role=""/>
  <member type="way" ref="1455793048" role=""/>
  <member type="way" ref="954722945" role=""/>
  <member type="way" ref="954722938" role=""/>
  <member type="way" ref="958978871" role=""/>
  <member type="way" ref="954722936" role=""/>
  <member type="way" ref="954695103" role=""/>
  <member type="way" ref="954696476" role=""/>
  <member type="way" ref="954696477" role=""/>
  <member type="way" ref="132390513" role=""/>
  <member type="way" ref="1353994391" role=""/>
  <member type="way" ref="1353994392" role=""/>
  <member type="way" ref="138999599" role=""/>
  <member type="way" ref="954724680" role=""/>
  <member type="way" ref="22983492" role=""/>
  <member type="way" ref="954754796" role=""/>
  <member type="way" ref="255706950" role=""/>
  <member type="way" ref="425628926" role=""/>
  <member type="way" ref="425628923" role=""/>
  <member type="way" ref="96760562" role=""/>
  <member type="way" ref="255706951" role=""/>
  <member type="way" ref="610050057" role=""/>
  <member type="way" ref="222720125" role=""/>
  <member type="way" ref="476147481" role=""/>
  <member type="way" ref="473170454" role=""/>
  <member type="way" ref="4762892" role=""/>
  <member type="way" ref="425690450" role=""/>
  <member type="way" ref="1036070334" role=""/>
  <member type="way" ref="255972147" role=""/>
  <member type="way" ref="261164356" role=""/>
  <member type="way" ref="223092070" role=""/>
  <member type="way" ref="158622354" role=""/>
  <member type="way" ref="958855003" role=""/>
  <member type="way" ref="958854998" role=""/>
  <member type="way" ref="333890459" role=""/>
  <member type="way" ref="958852846" role=""/>
  <member type="way" ref="693783939" role=""/>
  <member type="way" ref="694627350" role=""/>
  <member type="way" ref="693783941" role=""/>
  <member type="way" ref="158624631" role=""/>
  <member type="way" ref="57935956" role=""/>
  <member type="way" ref="255624868" role=""/>
  <member type="way" ref="96763992" role=""/>
  <member type="way" ref="969664352" role=""/>
  <member type="way" ref="969664422" role=""/>
  <member type="way" ref="158624626" role=""/>
  <member type="way" ref="969664423" role=""/>
  <member type="way" ref="1218612743" role=""/>
  <member type="way" ref="57935957" role=""/>
  <member type="way" ref="425692449" role=""/>
  <member type="way" ref="40034319" role=""/>
  <member type="way" ref="425692450" role=""/>
  <member type="way" ref="425692452" role=""/>
  <member type="way" ref="954741061" role=""/>
  <member type="way" ref="954741062" role=""/>
  <member type="way" ref="425692453" role=""/>
  <member type="way" ref="425692451" role=""/>
  <member type="way" ref="1218612744" role=""/>
  <member type="way" ref="137011682" role=""/>
  <member type="way" ref="57941509" role=""/>
  <member type="way" ref="57941507" role=""/>
  <member type="way" ref="57941508" role=""/>
  <member type="way" ref="57941508" role=""/>
  <member type="way" ref="57941507" role=""/>
  <member type="way" ref="57941509" role=""/>
  <member type="way" ref="693783940" role=""/>
  <member type="way" ref="96763991" role=""/>
  <member type="way" ref="476147484" role=""/>
  <member type="way" ref="223092017" role=""/>
  <member type="way" ref="425690448" role=""/>
  <member type="way" ref="158622799" role=""/>
  <member type="way" ref="158622353" role=""/>
  <member type="way" ref="958855005" role=""/>
  <member type="way" ref="958855000" role=""/>
  <member type="way" ref="333890458" role=""/>
  <member type="way" ref="26960893" role=""/>
  <member type="way" ref="1218612746" role=""/>
  <member type="way" ref="40035076" role=""/>
  <member type="way" ref="425601051" role=""/>
  <member type="way" ref="966740244" role=""/>
  <member type="way" ref="966740038" role=""/>
  <member type="way" ref="955495648" role=""/>
  <member type="way" ref="969550532" role=""/>
  <member type="way" ref="954743548" role=""/>
  <member type="way" ref="969550685" role=""/>
  <member type="way" ref="969550695" role=""/>
  <member type="way" ref="256521974" role=""/>
  <member type="way" ref="954743539" role=""/>
  <member type="way" ref="969551349" role=""/>
  <member type="way" ref="66737436" role=""/>
  <member type="way" ref="425692443" role=""/>
  <member type="way" ref="66737443" role=""/>
  <member type="way" ref="333890455" role=""/>
  <member type="way" ref="969551573" role=""/>
  <member type="way" ref="208688248" role=""/>
  <member type="way" ref="303410462" role=""/>
  <member type="way" ref="40363336" role=""/>
  <member type="way" ref="40363335" role=""/>
  <member type="way" ref="969557382" role=""/>
  <member type="way" ref="40035077" role=""/>
  <member type="way" ref="964975328" role=""/>
  <member type="way" ref="964975331" role=""/>
  <member type="way" ref="964975330" role=""/>
  <member type="way" ref="964975334" role=""/>
  <member type="way" ref="971699103" role=""/>
  <member type="way" ref="964447254" role=""/>
  <member type="way" ref="969306493" role=""/>
  <member type="way" ref="964447255" role=""/>
  <member type="way" ref="964447253" role=""/>
  <member type="way" ref="158627718" role=""/>
  <member type="way" ref="954746337" role=""/>
  <member type="way" ref="425628922" role=""/>
  <member type="way" ref="954746335" role=""/>
  <member type="way" ref="425628921" role=""/>
  <member type="way" ref="968197120" role=""/>
  <member type="way" ref="964447251" role=""/>
  <member type="way" ref="964447256" role=""/>
  <member type="way" ref="966741359" role=""/>
  <member type="way" ref="964975333" role=""/>
  <member type="way" ref="964975332" role=""/>
  <member type="way" ref="40355579" role=""/>
  <member type="way" ref="426043820" role=""/>
  <member type="way" ref="426043821" role=""/>
  <member type="way" ref="984784892" role=""/>
  <member type="way" ref="426043819" role=""/>
  <member type="way" ref="984784444" role=""/>
  <member type="way" ref="40355578" role=""/>
  <member type="way" ref="984784450" role=""/>
  <member type="way" ref="955495652" role=""/>
  <member type="way" ref="40355577" role=""/>
  <member type="way" ref="251572318" role=""/>
  <member type="way" ref="40034331" role=""/>
  <member type="way" ref="40034332" role=""/>
  <member type="way" ref="984786302" role=""/>
  <member type="way" ref="1337817220" role=""/>
  <member type="way" ref="1337817221" role=""/>
  <member type="way" ref="1391745200" role=""/>
  <member type="way" ref="955496427" role=""/>
  <member type="way" ref="955496428" role=""/>
  <member type="way" ref="955496429" role=""/>
  <member type="way" ref="147610706" role=""/>
  <member type="way" ref="49775245" role=""/>
  <member type="way" ref="147610701" role=""/>
  <member type="way" ref="49774955" role=""/>
  <member type="way" ref="955496430" role=""/>
  <member type="way" ref="955496426" role=""/>
  <member type="way" ref="1010402821" role=""/>
  <member type="way" ref="984785825" role=""/>
  <member type="way" ref="1391745199" role=""/>
  <member type="way" ref="1091959543" role=""/>
  <member type="way" ref="1091959545" role=""/>
  <member type="way" ref="1091959544" role=""/>
  <member type="way" ref="955495651" role=""/>
  <member type="way" ref="40355576" role=""/>
  <member type="way" ref="239333346" role=""/>
  <member type="way" ref="147610728" role=""/>
  <member type="way" ref="147610699" role=""/>
  <member type="way" ref="147610700" role=""/>
  <member type="way" ref="239364103" role=""/>
  <member type="way" ref="426043842" role=""/>
  <member type="way" ref="239691146" role=""/>
  <member type="way" ref="263367675" role=""/>
  <member type="way" ref="29086996" role=""/>
  <member type="way" ref="426043828" role=""/>
  <member type="way" ref="426043833" role=""/>
  <member type="way" ref="239333352" role=""/>
  <member type="way" ref="426043823" role=""/>
  <member type="way" ref="239364123" role=""/>
  <member type="way" ref="239364124" role=""/>
  <member type="way" ref="426043835" role=""/>
  <member type="way" ref="426043826" role=""/>
  <member type="way" ref="1032085000" role=""/>
  <member type="way" ref="239364125" role=""/>
  <member type="way" ref="426043837" role=""/>
  <member type="way" ref="239364121" role=""/>
  <member type="way" ref="239364113" role=""/>
  <member type="way" ref="239364122" role=""/>
  <member type="way" ref="1036130297" role=""/>
  <member type="way" ref="426043839" role=""/>
  <member type="way" ref="1036130298" role=""/>
  <member type="way" ref="426043832" role=""/>
  <member type="way" ref="239364100" role=""/>
  <member type="way" ref="426043834" role=""/>
  <member type="way" ref="180560915" role=""/>
  <member type="way" ref="239364109" role=""/>
  <member type="way" ref="426043838" role=""/>
  <member type="way" ref="252005742" role=""/>
  <member type="way" ref="426043836" role=""/>
  <member type="way" ref="239351028" role=""/>
  <member type="way" ref="239364120" role=""/>
  <member type="way" ref="239333347" role=""/>
  <member type="way" ref="180523225" role=""/>
  <member type="way" ref="239364115" role=""/>
  <member type="way" ref="239364118" role=""/>
  <member type="way" ref="239333348" role=""/>
  <member type="way" ref="239364117" role=""/>
  <member type="way" ref="239333341" role=""/>
  <member type="way" ref="239333340" role=""/>
  <member type="way" ref="1036132004" role=""/>
  <member type="way" ref="602562666" role=""/>
  <member type="way" ref="1300748387" role=""/>
  <member type="way" ref="254078357" role=""/>
  <member type="way" ref="426043830" role=""/>
  <member type="way" ref="1300748386" role=""/>
  <member type="way" ref="40363283" role=""/>
  <member type="way" ref="1036131288" role=""/>
  <member type="way" ref="40363282" role=""/>
  <member type="way" ref="239364108" role=""/>
  <member type="way" ref="254086244" role=""/>
  <member type="way" ref="1392364834" role=""/>
  <member type="way" ref="426043840" role=""/>
  <member type="way" ref="426043829" role=""/>
  <member type="way" ref="256631710" role=""/>
  <member type="way" ref="1300138999" role=""/>
  <member type="way" ref="426043814" role=""/>
  <member type="way" ref="281239861" role=""/>
  <member type="way" ref="57919135" role=""/>
  <member type="way" ref="1457861556" role=""/>
  <member type="way" ref="256631709" role=""/>
  <member type="way" ref="1300135921" role=""/>
  <member type="way" ref="426043822" role=""/>
  <member type="way" ref="281239860" role=""/>
  <member type="way" ref="256659724" role=""/>
  <member type="way" ref="281239859" role=""/>
  <member type="way" ref="646651089" role=""/>
  <tag k="from" v="RNA001;Avenida General Paz;Vicente López"/>
  <tag k="name" v="Ruta Provincial 27"/>
  <tag k="network" v="AR:provincial"/>
  <tag k="ref" v="27"/>
  <tag k="route" v="road"/>
  <tag k="to" v="RP9;Avenida General Juan Domingo Perón;Benavídez"/>
  <tag k="type" v="route"/>
 </relation>
 <relation id="12882557" visible="true" version="2" changeset="109752357" timestamp="2021-08-16T13:18:10Z" user="serock" uid="1810448">
  <member type="way" ref="79498817" role="from"/>
  <member type="node" ref="3456721645" role="via"/>
  <member type="way" ref="957696406" role="to"/>
  <tag k="restriction" v="no_left_turn"/>
  <tag k="type" v="restriction"/>
 </relation>
 <relation id="16382430" visible="true" version="86" changeset="189678824" timestamp="2026-09-28T13:03:04Z" user="LoughErneLake" uid="24039362">
  <member type="node" ref="3606354766" role="stop"/>
  <member type="node" ref="3606354768" role="platform"/>
  <member type="node" ref="3606354778" role="stop"/>
  <member type="node" ref="3606354779" role="platform"/>
  <member type="node" ref="3606354894" role="stop"/>
  <member type="node" ref="3606354895" role="platform"/>
  <member type="node" ref="3606354908" role="stop"/>
  <member type="node" ref="3606354909" role="platform"/>
  <member type="node" ref="3606354924" role="stop"/>
  <member type="node" ref="3606354925" role="platform"/>
  <member type="node" ref="3606354948" role="stop"/>
  <member type="node" ref="3606354949" role="platform"/>
  <member type="node" ref="4522545245" role="stop"/>
  <member type="node" ref="4522545246" role="platform"/>
  <member type="node" ref="4522545249" role="stop"/>
  <member type="node" ref="4522545250" role="platform"/>
  <member type="node" ref="4240551434" role="stop"/>
  <member type="node" ref="2612252881" role="platform"/>
  <member type="node" ref="2724746464" role="stop"/>
  <member type="node" ref="2724725010" role="platform"/>
  <member type="node" ref="2862181801" role="stop"/>
  <member type="node" ref="2489469727" role="platform"/>
  <member type="node" ref="2793979134" role="stop"/>
  <member type="node" ref="2793907104" role="platform"/>
  <member type="node" ref="11033597487" role="stop"/>
  <member type="node" ref="11033597488" role="platform"/>
  <member type="node" ref="3005742033" role="stop"/>
  <member type="node" ref="3005116327" role="platform"/>
  <member type="node" ref="3090112482" role="stop"/>
  <member type="node" ref="3090020056" role="platform"/>
  <member type="node" ref="4025082706" role="stop"/>
  <member type="node" ref="3090020916" role="platform"/>
  <member type="node" ref="4089381518" role="stop"/>
  <member type="node" ref="4089381519" role="platform"/>
  <member type="node" ref="2912747901" role="stop"/>
  <member type="node" ref="2025920247" role="platform"/>
  <member type="node" ref="4079446702" role="stop"/>
  <member type="node" ref="4079446703" role="platform"/>
  <member type="node" ref="4525434920" role="stop"/>
  <member type="node" ref="4525434921" role="platform"/>
  <member type="node" ref="4211790019" role="stop"/>
  <member type="node" ref="4211790020" role="platform"/>
  <member type="node" ref="4240551430" role="stop"/>
  <member type="node" ref="3212575274" role="platform"/>
  <member type="node" ref="9795986992" role="stop"/>
  <member type="node" ref="4349282274" role="platform"/>
  <member type="node" ref="4350440656" role="stop"/>
  <member type="node" ref="4211790040" role="platform"/>
  <member type="node" ref="3412120209" role="stop"/>
  <member type="node" ref="4025082719" role="platform"/>
  <member type="node" ref="11873233594" role="stop"/>
  <member type="node" ref="11873233595" role="platform"/>
  <member type="node" ref="4240551431" role="stop"/>
  <member type="node" ref="3212582430" role="platform"/>
  <member type="node" ref="4211790011" role="stop"/>
  <member type="node" ref="4211790012" role="platform"/>
  <member type="node" ref="4210150734" role="stop"/>
  <member type="node" ref="4210150735" role="platform"/>
  <member type="node" ref="4240551433" role="stop"/>
  <member type="node" ref="4210150737" role="platform"/>
  <member type="node" ref="4240551427" role="stop"/>
  <member type="node" ref="4210150738" role="platform"/>
  <member type="node" ref="4240551424" role="stop"/>
  <member type="node" ref="4210150739" role="platform"/>
  <member type="node" ref="4240551426" role="stop"/>
  <member type="node" ref="4210150741" role="platform"/>
  <member type="node" ref="4210150726" role="stop"/>
  <member type="node" ref="4210150727" role="platform"/>
  <member type="node" ref="4240551428" role="stop"/>
  <member type="node" ref="4210150742" role="platform"/>
  <member type="node" ref="4240551425" role="stop"/>
  <member type="node" ref="4210150743" role="platform"/>
  <member type="node" ref="4240551422" role="stop"/>
  <member type="node" ref="4143846389" role="platform"/>
  <member type="node" ref="4210150732" role="stop"/>
  <member type="node" ref="4210150733" role="platform"/>
  <member type="node" ref="4240551423" role="stop"/>
  <member type="node" ref="4210150744" role="platform"/>
  <member type="node" ref="5939842475" role="stop"/>
  <member type="node" ref="5939842476" role="platform"/>
  <member type="node" ref="4704721400" role="stop"/>
  <member type="node" ref="4704721401" role="platform"/>
  <member type="node" ref="11874136848" role="stop"/>
  <member type="node" ref="11874136847" role="platform"/>
  <member type="node" ref="4707765617" role="stop"/>
  <member type="node" ref="4707765618" role="platform"/>
  <member type="node" ref="12058429354" role="stop"/>
  <member type="node" ref="12058429355" role="platform"/>
  <member type="node" ref="11086000739" role="stop"/>
  <member type="node" ref="11086000738" role="platform"/>
  <member type="node" ref="6215506168" role="stop"/>
  <member type="node" ref="6215506167" role="platform"/>
  <member type="node" ref="11238334251" role="stop"/>
  <member type="node" ref="11238334248" role="platform"/>
  <member type="node" ref="11048616220" role="stop"/>
  <member type="node" ref="11048616219" role="platform"/>
  <member type="node" ref="11216948713" role="stop"/>
  <member type="node" ref="11216948712" role="platform"/>
  <member type="node" ref="11232618053" role="stop"/>
  <member type="node" ref="11232620808" role="platform"/>
  <member type="way" ref="1093273164" role=""/>
  <member type="way" ref="926056793" role=""/>
  <member type="way" ref="866435000" role=""/>
  <member type="way" ref="22663996" role=""/>
  <member type="way" ref="469326267" role=""/>
  <member type="way" ref="469452624" role=""/>
  <member type="way" ref="348072955" role=""/>
  <member type="way" ref="4762895" role=""/>
  <member type="way" ref="4781013" role=""/>
  <member type="way" ref="1452964197" role=""/>
  <member type="way" ref="132653166" role=""/>
  <member type="way" ref="1452964196" role=""/>
  <member type="way" ref="163156270" role=""/>
  <member type="way" ref="1452964195" role=""/>
  <member type="way" ref="1452964194" role=""/>
  <member type="way" ref="469300220" role=""/>
  <member type="way" ref="1452964193" role=""/>
  <member type="way" ref="469300217" role=""/>
  <member type="way" ref="64361861" role=""/>
  <member type="way" ref="240013485" role=""/>
  <member type="way" ref="1423243635" role=""/>
  <member type="way" ref="425628925" role=""/>
  <member type="way" ref="1423243639" role=""/>
  <member type="way" ref="716012775" role=""/>
  <member type="way" ref="480754862" role=""/>
  <member type="way" ref="480754861" role=""/>
  <member type="way" ref="1352842485" role=""/>
  <member type="way" ref="1352842489" role=""/>
  <member type="way" ref="956667495" role=""/>
  <member type="way" ref="961433190" role=""/>
  <member type="way" ref="1352842494" role=""/>
  <member type="way" ref="389136384" role=""/>
  <member type="way" ref="1355287712" role=""/>
  <member type="way" ref="1308651125" role=""/>
  <member type="way" ref="389131621" role=""/>
  <member type="way" ref="378845477" role=""/>
  <member type="way" ref="608807424" role=""/>
  <member type="way" ref="261476982" role=""/>
  <member type="way" ref="261476981" role=""/>
  <member type="way" ref="4762898" role=""/>
  <member type="way" ref="378845476" role=""/>
  <member type="way" ref="1356719586" role=""/>
  <member type="way" ref="257816202" role=""/>
  <member type="way" ref="132652496" role=""/>
  <member type="way" ref="970377771" role=""/>
  <member type="way" ref="970379623" role=""/>
  <member type="way" ref="969953930" role=""/>
  <member type="way" ref="970379686" role=""/>
  <member type="way" ref="970379989" role=""/>
  <member type="way" ref="970379988" role=""/>
  <member type="way" ref="970379990" role=""/>
  <member type="way" ref="954699702" role=""/>
  <member type="way" ref="954699700" role=""/>
  <member type="way" ref="969318731" role=""/>
  <member type="way" ref="463770641" role=""/>
  <member type="way" ref="969318734" role=""/>
  <member type="way" ref="970065925" role=""/>
  <member type="way" ref="970066459" role=""/>
  <member type="way" ref="465002070" role=""/>
  <member type="way" ref="958993902" role=""/>
  <member type="way" ref="958993901" role=""/>
  <member type="way" ref="954765116" role=""/>
  <member type="way" ref="957696160" role=""/>
  <member type="way" ref="957696161" role=""/>
  <member type="way" ref="132363898" role=""/>
  <member type="way" ref="957696401" role=""/>
  <member type="way" ref="1333301859" role=""/>
  <member type="way" ref="954695946" role=""/>
  <member type="way" ref="969318429" role=""/>
  <member type="way" ref="969318428" role=""/>
  <member type="way" ref="969318431" role=""/>
  <member type="way" ref="957696404" role=""/>
  <member type="way" ref="970114801" role=""/>
  <member type="way" ref="970114782" role=""/>
  <member type="way" ref="970114783" role=""/>
  <member type="way" ref="970114781" role=""/>
  <member type="way" ref="970114429" role=""/>
  <member type="way" ref="970114396" role=""/>
  <member type="way" ref="255861799" role=""/>
  <member type="way" ref="957696405" role=""/>
  <member type="way" ref="79498817" role=""/>
  <member type="way" ref="954764979" role=""/>
  <member type="way" ref="1333304553" role=""/>
  <member type="way" ref="1333304551" role=""/>
  <member type="way" ref="79498815" role=""/>
  <member type="way" ref="954759833" role=""/>
  <member type="way" ref="970376718" role=""/>
  <member type="way" ref="969859225" role=""/>
  <member type="way" ref="957696573" role=""/>
  <member type="way" ref="969859177" role=""/>
  <member type="way" ref="970376813" role=""/>
  <member type="way" ref="970376812" role=""/>
  <member type="way" ref="969856007" role=""/>
  <member type="way" ref="957696580" role=""/>
  <member type="way" ref="957696581" role=""/>
  <member type="way" ref="1019794339" role=""/>
  <member type="way" ref="464854385" role=""/>
  <member type="way" ref="957691558" role=""/>
  <member type="way" ref="957691559" role=""/>
  <member type="way" ref="957691561" role=""/>
  <member type="way" ref="129996889" role=""/>
  <member type="way" ref="381982456" role=""/>
  <member type="way" ref="969843937" role=""/>
  <member type="way" ref="957691563" role=""/>
  <member type="way" ref="465963929" role=""/>
  <member type="way" ref="465963930" role=""/>
  <member type="way" ref="47304458" role=""/>
  <member type="way" ref="382003746" role=""/>
  <member type="way" ref="1333308637" role=""/>
  <member type="way" ref="382003744" role=""/>
  <member type="way" ref="1063110003" role=""/>
  <member type="way" ref="18943981" role=""/>
  <member type="way" ref="954764613" role=""/>
  <member type="way" ref="1335186853" role=""/>
  <member type="way" ref="79291724" role=""/>
  <member type="way" ref="1031674784" role=""/>
  <member type="way" ref="79291758" role=""/>
  <member type="way" ref="79291740" role=""/>
  <member type="way" ref="107497604" role=""/>
  <member type="way" ref="107497600" role=""/>
  <member type="way" ref="119241307" role=""/>
  <member type="way" ref="112644157" role=""/>
  <member type="way" ref="640150617" role=""/>
  <member type="way" ref="107497606" role=""/>
  <member type="way" ref="467855461" role=""/>
  <member type="way" ref="1442260299" role=""/>
  <member type="way" ref="357023048" role=""/>
  <member type="way" ref="974507448" role=""/>
  <member type="way" ref="357023061" role=""/>
  <member type="way" ref="360093517" role=""/>
  <member type="way" ref="360093501" role=""/>
  <member type="way" ref="360093524" role=""/>
  <member type="way" ref="360093534" role=""/>
  <member type="way" ref="357023053" role=""/>
  <member type="way" ref="360093533" role=""/>
  <member type="way" ref="360085643" role=""/>
  <member type="way" ref="360093532" role=""/>
  <member type="way" ref="360093523" role=""/>
  <member type="way" ref="360093499" role=""/>
  <member type="way" ref="360093507" role=""/>
  <member type="way" ref="360093525" role=""/>
  <member type="way" ref="360093536" role=""/>
  <member type="way" ref="360093520" role=""/>
  <member type="way" ref="360085646" role=""/>
  <member type="way" ref="360093528" role=""/>
  <member type="way" ref="360093529" role=""/>
  <member type="way" ref="638653358" role=""/>
  <member type="way" ref="360093495" role=""/>
  <member type="way" ref="360093491" role=""/>
  <member type="way" ref="360093516" role=""/>
  <member type="way" ref="360093535" role=""/>
  <member type="way" ref="357023056" role=""/>
  <member type="way" ref="360093515" role=""/>
  <member type="way" ref="360085651" role=""/>
  <member type="way" ref="360093522" role=""/>
  <member type="way" ref="360093497" role=""/>
  <member type="way" ref="357023055" role=""/>
  <member type="way" ref="360093489" role=""/>
  <member type="way" ref="360093512" role=""/>
  <member type="way" ref="360093521" role=""/>
  <member type="way" ref="360093504" role=""/>
  <member type="way" ref="357023054" role=""/>
  <member type="way" ref="357023059" role=""/>
  <member type="way" ref="357023057" role=""/>
  <member type="way" ref="589125807" role=""/>
  <member type="way" ref="222720120" role=""/>
  <member type="way" ref="359000245" role=""/>
  <member type="way" ref="1368603508" role=""/>
  <member type="way" ref="1368603536" role=""/>
  <member type="way" ref="1368603518" role=""/>
  <member type="way" ref="1368603529" role=""/>
  <member type="way" ref="335169969" role=""/>
  <member type="way" ref="1211978019" role=""/>
  <member type="way" ref="351993132" role=""/>
  <member type="way" ref="351993149" role=""/>
  <member type="way" ref="360972844" role=""/>
  <member type="way" ref="351993148" role=""/>
  <member type="way" ref="351993144" role=""/>
  <member type="way" ref="351993147" role=""/>
  <member type="way" ref="351993136" role=""/>
  <member type="way" ref="351993151" role=""/>
  <member type="way" ref="351993134" role=""/>
  <member type="way" ref="351993138" role=""/>
  <member type="way" ref="351993146" role=""/>
  <member type="way" ref="1030992546" role=""/>
  <member type="way" ref="951604626" role=""/>
  <member type="way" ref="455884211" role=""/>
  <member type="way" ref="1110918413" role=""/>
  <member type="way" ref="1026279341" role=""/>
  <member type="way" ref="455610302" role=""/>
  <member type="way" ref="1026279340" role=""/>
  <member type="way" ref="455630588" role=""/>
  <member type="way" ref="455884213" role=""/>
  <member type="way" ref="455630581" role=""/>
  <member type="way" ref="447907912" role=""/>
  <member type="way" ref="63033524" role=""/>
  <member type="way" ref="180773684" role=""/>
  <member type="way" ref="47307616" role=""/>
  <member type="way" ref="115376037" role=""/>
  <member type="way" ref="115376032" role=""/>
  <member type="way" ref="115376039" role=""/>
  <member type="way" ref="47303247" role=""/>
  <member type="way" ref="690096711" role=""/>
  <member type="way" ref="690096710" role=""/>
  <member type="way" ref="28679998" role=""/>
  <member type="way" ref="255664863" role=""/>
  <member type="way" ref="762581723" role=""/>
  <member type="way" ref="690365648" role=""/>
  <member type="way" ref="711177878" role=""/>
  <member type="way" ref="79876742" role=""/>
  <member type="way" ref="689784611" role=""/>
  <member type="way" ref="690613521" role=""/>
  <member type="way" ref="690613522" role=""/>
  <member type="way" ref="27273707" role=""/>
  <member type="way" ref="27273708" role=""/>
  <member type="way" ref="10434054" role=""/>
  <member type="way" ref="47105630" role=""/>
  <member type="way" ref="1452751321" role=""/>
  <member type="way" ref="100473714" role=""/>
  <member type="way" ref="1452751320" role=""/>
  <member type="way" ref="100473710" role=""/>
  <member type="way" ref="1452751314" role=""/>
  <member type="way" ref="100473721" role=""/>
  <member type="way" ref="1452751313" role=""/>
  <member type="way" ref="100473726" role=""/>
  <member type="way" ref="1452751311" role=""/>
  <member type="way" ref="1452751310" role=""/>
  <member type="way" ref="63514342" role=""/>
  <member type="way" ref="1216891685" role=""/>
  <member type="way" ref="1216891687" role=""/>
  <member type="way" ref="100473727" role=""/>
  <member type="way" ref="1216891689" role=""/>
  <member type="way" ref="1216891690" role=""/>
  <member type="way" ref="100720958" role=""/>
  <member type="way" ref="100720942" role=""/>
  <member type="way" ref="47099086" role=""/>
  <member type="way" ref="47098819" role=""/>
  <member type="way" ref="63514290" role=""/>
  <member type="way" ref="48070881" role=""/>
  <member type="way" ref="48070877" role=""/>
  <member type="way" ref="390168195" role=""/>
  <member type="way" ref="314936738" role=""/>
  <member type="way" ref="27653449" role=""/>
  <member type="way" ref="1247011744" role=""/>
  <member type="way" ref="449607081" role=""/>
  <member type="way" ref="983744387" role=""/>
  <member type="way" ref="983744016" role=""/>
  <member type="way" ref="1009906630" role=""/>
  <member type="way" ref="983745109" role=""/>
  <member type="way" ref="456143781" role=""/>
  <member type="way" ref="260218992" role=""/>
  <member type="way" ref="984122134" role=""/>
  <member type="way" ref="456265554" role=""/>
  <member type="way" ref="456143782" role=""/>
  <member type="way" ref="38400973" role=""/>
  <member type="way" ref="10597135" role=""/>
  <member type="way" ref="56990466" role=""/>
  <member type="way" ref="107916883" role=""/>
  <member type="way" ref="47396475" role=""/>
  <member type="way" ref="1488979039" role=""/>
  <member type="way" ref="1022733879" role=""/>
  <member type="way" ref="911073936" role=""/>
  <member type="way" ref="1022733878" role=""/>
  <member type="way" ref="47396476" role=""/>
  <member type="way" ref="47098823" role=""/>
  <member type="way" ref="658445672" role=""/>
  <member type="way" ref="546847026" role=""/>
  <member type="way" ref="47372429" role=""/>
  <member type="way" ref="110151112" role=""/>
  <member type="way" ref="110151120" role=""/>
  <member type="way" ref="308167145" role=""/>
  <member type="way" ref="110151124" role=""/>
  <member type="way" ref="110151064" role=""/>
  <member type="way" ref="47396477" role=""/>
  <member type="way" ref="47396479" role=""/>
  <member type="way" ref="110162979" role=""/>
  <member type="way" ref="110162990" role=""/>
  <member type="way" ref="110162965" role=""/>
  <member type="way" ref="110162977" role=""/>
  <member type="way" ref="110162951" role=""/>
  <member type="way" ref="110162932" role=""/>
  <member type="way" ref="64457567" role=""/>
  <member type="way" ref="47173394" role=""/>
  <member type="way" ref="114352711" role=""/>
  <member type="way" ref="114352696" role=""/>
  <member type="way" ref="114352729" role=""/>
  <member type="way" ref="114352701" role=""/>
  <member type="way" ref="114352691" role=""/>
  <member type="way" ref="421717874" role=""/>
  <member type="way" ref="18778757" role=""/>
  <member type="way" ref="113531308" role=""/>
  <member type="way" ref="113531321" role=""/>
  <member type="way" ref="507883614" role=""/>
  <member type="way" ref="47084022" role=""/>
  <member type="way" ref="47084018" role=""/>
  <member type="way" ref="1324234411" role=""/>
  <member type="way" ref="1563127855" role=""/>
  <member type="way" ref="1563127854" role=""/>
  <member type="way" ref="1563127846" role=""/>
  <member type="way" ref="1563127844" role=""/>
  <member type="way" ref="421717866" role=""/>
  <member type="way" ref="1563137719" role=""/>
  <member type="way" ref="1563137720" role=""/>
  <member type="way" ref="681596397" role=""/>
  <member type="way" ref="1563137710" role=""/>
  <member type="way" ref="421717876" role=""/>
  <member type="way" ref="1563137707" role=""/>
  <member type="way" ref="335806710" role=""/>
  <member type="way" ref="258841067" role=""/>
  <member type="way" ref="23648406" role=""/>
  <member type="way" ref="72493176" role=""/>
  <member type="way" ref="18905618" role=""/>
  <member type="way" ref="532834917" role=""/>
  <member type="way" ref="333373308" role=""/>
  <member type="way" ref="131354384" role=""/>
  <member type="way" ref="532834919" role=""/>
  <member type="way" ref="532834918" role=""/>
  <member type="way" ref="532834167" role=""/>
  <member type="way" ref="697905448" role=""/>
  <member type="way" ref="490725974" role=""/>
  <member type="way" ref="48113503" role=""/>
  <member type="way" ref="886752491" role=""/>
  <member type="way" ref="886752490" role=""/>
  <member type="way" ref="276922486" role=""/>
  <member type="way" ref="1286873436" role=""/>
  <member type="way" ref="1286872610" role=""/>
  <member type="way" ref="258701371" role=""/>
  <member type="way" ref="311853464" role=""/>
  <member type="way" ref="276922479" role=""/>
  <member type="way" ref="75870385" role=""/>
  <member type="way" ref="311686898" role=""/>
  <member type="way" ref="923613080" role=""/>
  <member type="way" ref="490462507" role=""/>
  <member type="way" ref="495592437" role=""/>
  <member type="way" ref="47014556" role=""/>
  <member type="way" ref="47014538" role=""/>
  <member type="way" ref="686954661" role=""/>
  <member type="way" ref="141895250" role=""/>
  <member type="way" ref="495592438" role=""/>
  <member type="way" ref="136778245" role=""/>
  <member type="way" ref="19782870" role=""/>
  <member type="way" ref="141895247" role=""/>
  <member type="way" ref="141895238" role=""/>
  <member type="way" ref="618077474" role=""/>
  <member type="way" ref="618077472" role=""/>
  <member type="way" ref="618077489" role=""/>
  <member type="way" ref="618077488" role=""/>
  <member type="way" ref="618077469" role=""/>
  <member type="way" ref="147999096" role=""/>
  <member type="way" ref="618077468" role=""/>
  <member type="way" ref="618077466" role=""/>
  <member type="way" ref="618077465" role=""/>
  <member type="way" ref="618077484" role=""/>
  <member type="way" ref="618077464" role=""/>
  <member type="way" ref="618077478" role=""/>
  <member type="way" ref="147999080" role=""/>
  <member type="way" ref="147999059" role=""/>
  <member type="way" ref="147999071" role=""/>
  <member type="way" ref="1458835738" role=""/>
  <member type="way" ref="495592431" role=""/>
  <member type="way" ref="901745713" role=""/>
  <member type="way" ref="1004460474" role=""/>
  <member type="way" ref="47032807" role=""/>
  <member type="way" ref="19782654" role=""/>
  <member type="way" ref="451183132" role=""/>
  <member type="way" ref="451183130" role=""/>
  <member type="way" ref="147999165" role=""/>
  <member type="way" ref="147999163" role=""/>
  <member type="way" ref="256398485" role=""/>
  <member type="way" ref="465450852" role=""/>
  <member type="way" ref="496390245" role=""/>
  <member type="way" ref="496390246" role=""/>
  <member type="way" ref="465450851" role=""/>
  <member type="way" ref="465437012" role=""/>
  <tag k="alt_name" v="60 Constitución / Montes de Oca/Barracas x Libertador"/>
  <tag k="colour" v="red"/>
  <tag k="fee" v="yes"/>
  <tag k="from" v="Puerto de San Isidro"/>
  <tag k="name" v="Línea 60: San Isidro → Bajo Vicente Lopez →Barracas"/>
  <tag k="network" v="Nacional"/>
  <tag k="operator" v="Micro Ómnibus Norte S.A."/>
  <tag k="payment:apple_pay" v="yes"/>
  <tag k="payment:contactless" v="yes"/>
  <tag k="payment:google_pay" v="yes"/>
  <tag k="payment:mastercard_contactless" v="yes"/>
  <tag k="payment:mercado_pago_qr" v="yes"/>
  <tag k="payment:qr_code" v="yes"/>
  <tag k="payment:sube" v="yes"/>
  <tag k="payment:sube_app" v="yes"/>
  <tag k="payment:sube_qr" v="yes"/>
  <tag k="payment:visa_contactless" v="yes"/>
  <tag k="public_transport:version" v="2"/>
  <tag k="ref" v="60SIB"/>
  <tag k="reservation" v="no"/>
  <tag k="scope" v="urban"/>
  <tag k="stopping_pattern" v="all_stops"/>
  <tag k="to" v="Puente Bosch"/>
  <tag k="type" v="proposed:route"/>
  <tag k="wheelchair" v="yes"/>
 </relation>
 <relation id="16400451" visible="true" version="61" changeset="189678824" timestamp="2026-09-28T13:03:04Z" user="LoughErneLake" uid="24039362">
  <member type="node" ref="11112452350" role="stop"/>
  <member type="node" ref="11112452349" role="platform"/>
  <member type="node" ref="11112515672" role="stop"/>
  <member type="node" ref="11112515671" role="platform"/>
  <member type="node" ref="11112412215" role="stop"/>
  <member type="node" ref="11112412214" role="platform"/>
  <member type="node" ref="11112457941" role="stop"/>
  <member type="node" ref="11112457940" role="platform"/>
  <member type="node" ref="13653767789" role="stop"/>
  <member type="node" ref="11529346690" role="platform"/>
  <member type="node" ref="11529340387" role="stop"/>
  <member type="node" ref="11529340386" role="platform"/>
  <member type="node" ref="7111375307" role="stop"/>
  <member type="node" ref="7111375308" role="platform"/>
  <member type="node" ref="7111375297" role="stop"/>
  <member type="node" ref="7111375298" role="platform"/>
  <member type="node" ref="7111375288" role="stop"/>
  <member type="node" ref="7111375289" role="platform"/>
  <member type="node" ref="4873332010" role="stop"/>
  <member type="node" ref="4873332011" role="platform"/>
  <member type="node" ref="6689751402" role="stop"/>
  <member type="node" ref="6689751401" role="platform"/>
  <member type="node" ref="7111349175" role="stop"/>
  <member type="node" ref="7111349177" role="platform"/>
  <member type="node" ref="7111349174" role="stop"/>
  <member type="node" ref="4420848435" role="platform"/>
  <member type="node" ref="7111349171" role="stop"/>
  <member type="node" ref="7111349170" role="platform"/>
  <member type="node" ref="4704731795" role="stop"/>
  <member type="node" ref="4704731794" role="platform"/>
  <member type="node" ref="4214781272" role="stop"/>
  <member type="node" ref="3881372312" role="platform"/>
  <member type="node" ref="4214781263" role="stop"/>
  <member type="node" ref="3881372310" role="platform"/>
  <member type="node" ref="4214781273" role="stop"/>
  <member type="node" ref="3881372307" role="platform"/>
  <member type="node" ref="4475805647" role="stop"/>
  <member type="node" ref="5485649175" role="platform"/>
  <member type="node" ref="4214781269" role="stop"/>
  <member type="node" ref="3881385874" role="platform"/>
  <member type="node" ref="4214781268" role="stop"/>
  <member type="node" ref="3881385872" role="platform"/>
  <member type="node" ref="4214781274" role="stop"/>
  <member type="node" ref="3189520020" role="platform"/>
  <member type="node" ref="4214781264" role="stop"/>
  <member type="node" ref="3882679394" role="platform"/>
  <member type="node" ref="4214781265" role="stop"/>
  <member type="node" ref="3882679393" role="platform"/>
  <member type="node" ref="4475473156" role="stop"/>
  <member type="node" ref="3882679392" role="platform"/>
  <member type="node" ref="4214781266" role="stop"/>
  <member type="node" ref="3882679390" role="platform"/>
  <member type="node" ref="7016172559" role="stop"/>
  <member type="node" ref="7016172560" role="platform"/>
  <member type="node" ref="6371575319" role="stop"/>
  <member type="node" ref="6371575324" role="platform"/>
  <member type="node" ref="3036367523" role="stop"/>
  <member type="node" ref="3005105821" role="platform"/>
  <member type="node" ref="3036367526" role="stop"/>
  <member type="node" ref="3005105822" role="platform"/>
  <member type="node" ref="311308554" role="stop"/>
  <member type="node" ref="3005089313" role="platform"/>
  <member type="node" ref="3412120235" role="stop"/>
  <member type="node" ref="3412120254" role="platform"/>
  <member type="node" ref="3212841143" role="stop"/>
  <member type="node" ref="3005116556" role="platform"/>
  <member type="node" ref="3036367530" role="stop"/>
  <member type="node" ref="3005120581" role="platform"/>
  <member type="node" ref="3036367529" role="stop"/>
  <member type="node" ref="3005120530" role="platform"/>
  <member type="node" ref="6698406302" role="stop"/>
  <member type="node" ref="6698406305" role="platform"/>
  <member type="node" ref="4079454911" role="stop"/>
  <member type="node" ref="3832092682" role="platform"/>
  <member type="node" ref="3153624229" role="stop"/>
  <member type="node" ref="3153592297" role="platform"/>
  <member type="node" ref="3832092687" role="stop"/>
  <member type="node" ref="3832092686" role="platform"/>
  <member type="node" ref="3832092691" role="stop"/>
  <member type="node" ref="3832092690" role="platform"/>
  <member type="node" ref="2912228901" role="stop"/>
  <member type="node" ref="2025905698" role="platform"/>
  <member type="node" ref="3666565443" role="stop"/>
  <member type="node" ref="3005116009" role="platform"/>
  <member type="node" ref="2823713401" role="stop"/>
  <member type="node" ref="2822796901" role="platform"/>
  <member type="node" ref="4214781270" role="stop"/>
  <member type="node" ref="3015397594" role="platform"/>
  <member type="node" ref="4214781271" role="stop"/>
  <member type="node" ref="2724724792" role="platform"/>
  <member type="node" ref="4522545224" role="stop"/>
  <member type="node" ref="4522545223" role="platform"/>
  <member type="node" ref="3606354959" role="stop"/>
  <member type="node" ref="3606354958" role="platform"/>
  <member type="node" ref="3606354943" role="stop"/>
  <member type="node" ref="3606354942" role="platform"/>
  <member type="node" ref="3606354931" role="stop"/>
  <member type="node" ref="3606354930" role="platform"/>
  <member type="node" ref="3606354915" role="stop"/>
  <member type="node" ref="3606354914" role="platform"/>
  <member type="node" ref="3606354899" role="stop"/>
  <member type="node" ref="3606354898" role="platform"/>
  <member type="node" ref="3606354783" role="stop"/>
  <member type="node" ref="3606354782" role="platform"/>
  <member type="way" ref="1197752524" role=""/>
  <member type="way" ref="338334434" role=""/>
  <member type="way" ref="47014542" role=""/>
  <member type="way" ref="147999154" role=""/>
  <member type="way" ref="147999151" role=""/>
  <member type="way" ref="1434400913" role=""/>
  <member type="way" ref="147999169" role=""/>
  <member type="way" ref="451196881" role=""/>
  <member type="way" ref="1199671185" role=""/>
  <member type="way" ref="147999093" role=""/>
  <member type="way" ref="19782448" role=""/>
  <member type="way" ref="1458835737" role=""/>
  <member type="way" ref="47032806" role=""/>
  <member type="way" ref="47263549" role=""/>
  <member type="way" ref="47014539" role=""/>
  <member type="way" ref="901745714" role=""/>
  <member type="way" ref="147999062" role=""/>
  <member type="way" ref="618077462" role=""/>
  <member type="way" ref="147999091" role=""/>
  <member type="way" ref="147999060" role=""/>
  <member type="way" ref="147999067" role=""/>
  <member type="way" ref="147999073" role=""/>
  <member type="way" ref="618077480" role=""/>
  <member type="way" ref="618077477" role=""/>
  <member type="way" ref="147999075" role=""/>
  <member type="way" ref="147999088" role=""/>
  <member type="way" ref="147999087" role=""/>
  <member type="way" ref="618077470" role=""/>
  <member type="way" ref="147999089" role=""/>
  <member type="way" ref="618077475" role=""/>
  <member type="way" ref="47032800" role=""/>
  <member type="way" ref="141895237" role=""/>
  <member type="way" ref="141895236" role=""/>
  <member type="way" ref="25965589" role=""/>
  <member type="way" ref="532822943" role=""/>
  <member type="way" ref="256799264" role=""/>
  <member type="way" ref="136104201" role=""/>
  <member type="way" ref="258699531" role=""/>
  <member type="way" ref="628465558" role=""/>
  <member type="way" ref="495592436" role=""/>
  <member type="way" ref="495592434" role=""/>
  <member type="way" ref="1172771838" role=""/>
  <member type="way" ref="495592433" role=""/>
  <member type="way" ref="923613082" role=""/>
  <member type="way" ref="258699524" role=""/>
  <member type="way" ref="761617347" role=""/>
  <member type="way" ref="1284742023" role=""/>
  <member type="way" ref="1284741741" role=""/>
  <member type="way" ref="1284742025" role=""/>
  <member type="way" ref="1284742024" role=""/>
  <member type="way" ref="1286580814" role=""/>
  <member type="way" ref="1006632474" role=""/>
  <member type="way" ref="131318297" role=""/>
  <member type="way" ref="258699522" role=""/>
  <member type="way" ref="532834170" role=""/>
  <member type="way" ref="761148174" role=""/>
  <member type="way" ref="761148173" role=""/>
  <member type="way" ref="421717879" role=""/>
  <member type="way" ref="532834311" role=""/>
  <member type="way" ref="23047592" role=""/>
  <member type="way" ref="477066607" role=""/>
  <member type="way" ref="47521382" role=""/>
  <member type="way" ref="814037606" role=""/>
  <member type="way" ref="477066606" role=""/>
  <member type="way" ref="477066604" role=""/>
  <member type="way" ref="348072943" role=""/>
  <member type="way" ref="17492976" role=""/>
  <member type="way" ref="211064925" role=""/>
  <member type="way" ref="26189592" role=""/>
  <member type="way" ref="258841067" role=""/>
  <member type="way" ref="265347414" role=""/>
  <member type="way" ref="18686134" role=""/>
  <member type="way" ref="109677463" role=""/>
  <member type="way" ref="84049057" role=""/>
  <member type="way" ref="1563137705" role=""/>
  <member type="way" ref="38445655" role=""/>
  <member type="way" ref="1563137706" role=""/>
  <member type="way" ref="683440013" role=""/>
  <member type="way" ref="533153692" role=""/>
  <member type="way" ref="421717883" role=""/>
  <member type="way" ref="276148011" role=""/>
  <member type="way" ref="384912352" role=""/>
  <member type="way" ref="71179534" role=""/>
  <member type="way" ref="507883626" role=""/>
  <member type="way" ref="533156661" role=""/>
  <member type="way" ref="46936317" role=""/>
  <member type="way" ref="46936319" role=""/>
  <member type="way" ref="113531287" role=""/>
  <member type="way" ref="18686691" role=""/>
  <member type="way" ref="114352697" role=""/>
  <member type="way" ref="114352729" role=""/>
  <member type="way" ref="114352696" role=""/>
  <member type="way" ref="114352711" role=""/>
  <member type="way" ref="47173394" role=""/>
  <member type="way" ref="64457567" role=""/>
  <member type="way" ref="110162932" role=""/>
  <member type="way" ref="110162951" role=""/>
  <member type="way" ref="110162977" role=""/>
  <member type="way" ref="110162965" role=""/>
  <member type="way" ref="110162990" role=""/>
  <member type="way" ref="110162979" role=""/>
  <member type="way" ref="47396479" role=""/>
  <member type="way" ref="47396477" role=""/>
  <member type="way" ref="110151064" role=""/>
  <member type="way" ref="110151124" role=""/>
  <member type="way" ref="308167145" role=""/>
  <member type="way" ref="110151120" role=""/>
  <member type="way" ref="110151112" role=""/>
  <member type="way" ref="47372429" role=""/>
  <member type="way" ref="546847026" role=""/>
  <member type="way" ref="658445672" role=""/>
  <member type="way" ref="47098823" role=""/>
  <member type="way" ref="47396476" role=""/>
  <member type="way" ref="1022733878" role=""/>
  <member type="way" ref="911073936" role=""/>
  <member type="way" ref="1022733879" role=""/>
  <member type="way" ref="1488979039" role=""/>
  <member type="way" ref="47396475" role=""/>
  <member type="way" ref="107916818" role=""/>
  <member type="way" ref="131318693" role=""/>
  <member type="way" ref="48052795" role=""/>
  <member type="way" ref="234949490" role=""/>
  <member type="way" ref="23313143" role=""/>
  <member type="way" ref="456143783" role=""/>
  <member type="way" ref="456134911" role=""/>
  <member type="way" ref="456143780" role=""/>
  <member type="way" ref="261019446" role=""/>
  <member type="way" ref="261020300" role=""/>
  <member type="way" ref="456139188" role=""/>
  <member type="way" ref="1247011749" role=""/>
  <member type="way" ref="46936850" role=""/>
  <member type="way" ref="261020299" role=""/>
  <member type="way" ref="314936738" role=""/>
  <member type="way" ref="390168195" role=""/>
  <member type="way" ref="48070877" role=""/>
  <member type="way" ref="48070881" role=""/>
  <member type="way" ref="63514290" role=""/>
  <member type="way" ref="47098819" role=""/>
  <member type="way" ref="47099086" role=""/>
  <member type="way" ref="100720942" role=""/>
  <member type="way" ref="100720958" role=""/>
  <member type="way" ref="1216891690" role=""/>
  <member type="way" ref="1216891689" role=""/>
  <member type="way" ref="100473727" role=""/>
  <member type="way" ref="1216891687" role=""/>
  <member type="way" ref="1216891685" role=""/>
  <member type="way" ref="63514342" role=""/>
  <member type="way" ref="1452751310" role=""/>
  <member type="way" ref="1452751311" role=""/>
  <member type="way" ref="100473726" role=""/>
  <member type="way" ref="1452751313" role=""/>
  <member type="way" ref="100473721" role=""/>
  <member type="way" ref="1452751314" role=""/>
  <member type="way" ref="100473710" role=""/>
  <member type="way" ref="1452751320" role=""/>
  <member type="way" ref="100473714" role=""/>
  <member type="way" ref="1452751321" role=""/>
  <member type="way" ref="47105630" role=""/>
  <member type="way" ref="47126382" role=""/>
  <member type="way" ref="217077816" role=""/>
  <member type="way" ref="47105631" role=""/>
  <member type="way" ref="83095669" role=""/>
  <member type="way" ref="27273707" role=""/>
  <member type="way" ref="690613522" role=""/>
  <member type="way" ref="690613521" role=""/>
  <member type="way" ref="689784611" role=""/>
  <member type="way" ref="79876742" role=""/>
  <member type="way" ref="711177878" role=""/>
  <member type="way" ref="690365648" role=""/>
  <member type="way" ref="762581723" role=""/>
  <member type="way" ref="255664863" role=""/>
  <member type="way" ref="28679998" role=""/>
  <member type="way" ref="690096710" role=""/>
  <member type="way" ref="690096711" role=""/>
  <member type="way" ref="47303247" role=""/>
  <member type="way" ref="115376039" role=""/>
  <member type="way" ref="115376032" role=""/>
  <member type="way" ref="115376037" role=""/>
  <member type="way" ref="47307616" role=""/>
  <member type="way" ref="180773684" role=""/>
  <member type="way" ref="63033524" role=""/>
  <member type="way" ref="447907912" role=""/>
  <member type="way" ref="1026279339" role=""/>
  <member type="way" ref="1026279338" role=""/>
  <member type="way" ref="1026279337" role=""/>
  <member type="way" ref="455630584" role=""/>
  <member type="way" ref="455630594" role=""/>
  <member type="way" ref="335169968" role=""/>
  <member type="way" ref="351993140" role=""/>
  <member type="way" ref="351993131" role=""/>
  <member type="way" ref="351993139" role=""/>
  <member type="way" ref="351993133" role=""/>
  <member type="way" ref="351993142" role=""/>
  <member type="way" ref="671008652" role=""/>
  <member type="way" ref="351993137" role=""/>
  <member type="way" ref="351993141" role=""/>
  <member type="way" ref="351993145" role=""/>
  <member type="way" ref="351993150" role=""/>
  <member type="way" ref="354436814" role=""/>
  <member type="way" ref="351993152" role=""/>
  <member type="way" ref="379857121" role=""/>
  <member type="way" ref="354436810" role=""/>
  <member type="way" ref="354436816" role=""/>
  <member type="way" ref="615073907" role=""/>
  <member type="way" ref="1368603530" role=""/>
  <member type="way" ref="1368603519" role=""/>
  <member type="way" ref="1368603535" role=""/>
  <member type="way" ref="1368603509" role=""/>
  <member type="way" ref="357012693" role=""/>
  <member type="way" ref="357023063" role=""/>
  <member type="way" ref="357023060" role=""/>
  <member type="way" ref="357023066" role=""/>
  <member type="way" ref="360091792" role=""/>
  <member type="way" ref="360091748" role=""/>
  <member type="way" ref="360091774" role=""/>
  <member type="way" ref="360091800" role=""/>
  <member type="way" ref="368856634" role=""/>
  <member type="way" ref="360091777" role=""/>
  <member type="way" ref="360091756" role=""/>
  <member type="way" ref="360091758" role=""/>
  <member type="way" ref="360091778" role=""/>
  <member type="way" ref="368856633" role=""/>
  <member type="way" ref="360085684" role=""/>
  <member type="way" ref="360085637" role=""/>
  <member type="way" ref="360091793" role=""/>
  <member type="way" ref="360091751" role=""/>
  <member type="way" ref="360085635" role=""/>
  <member type="way" ref="360091762" role=""/>
  <member type="way" ref="360091743" role=""/>
  <member type="way" ref="360091747" role=""/>
  <member type="way" ref="360091796" role=""/>
  <member type="way" ref="360085685" role=""/>
  <member type="way" ref="360085668" role=""/>
  <member type="way" ref="360091768" role=""/>
  <member type="way" ref="360091801" role=""/>
  <member type="way" ref="360091797" role=""/>
  <member type="way" ref="360085648" role=""/>
  <member type="way" ref="360091798" role=""/>
  <member type="way" ref="974506707" role=""/>
  <member type="way" ref="360091763" role=""/>
  <member type="way" ref="357023043" role=""/>
  <member type="way" ref="292389131" role=""/>
  <member type="way" ref="62897946" role=""/>
  <member type="way" ref="62898073" role=""/>
  <member type="way" ref="119241318" role=""/>
  <member type="way" ref="119241307" role=""/>
  <member type="way" ref="107497600" role=""/>
  <member type="way" ref="107497604" role=""/>
  <member type="way" ref="79291740" role=""/>
  <member type="way" ref="79291758" role=""/>
  <member type="way" ref="1031674784" role=""/>
  <member type="way" ref="79291724" role=""/>
  <member type="way" ref="1335186853" role=""/>
  <member type="way" ref="954764613" role=""/>
  <member type="way" ref="18943981" role=""/>
  <member type="way" ref="1063110003" role=""/>
  <member type="way" ref="382003744" role=""/>
  <member type="way" ref="1333308637" role=""/>
  <member type="way" ref="382003746" role=""/>
  <member type="way" ref="47304458" role=""/>
  <member type="way" ref="465963930" role=""/>
  <member type="way" ref="465963929" role=""/>
  <member type="way" ref="957691563" role=""/>
  <member type="way" ref="969843937" role=""/>
  <member type="way" ref="381982456" role=""/>
  <member type="way" ref="129996889" role=""/>
  <member type="way" ref="957691561" role=""/>
  <member type="way" ref="957691559" role=""/>
  <member type="way" ref="957691558" role=""/>
  <member type="way" ref="464854385" role=""/>
  <member type="way" ref="1019794339" role=""/>
  <member type="way" ref="957696581" role=""/>
  <member type="way" ref="957696580" role=""/>
  <member type="way" ref="969856007" role=""/>
  <member type="way" ref="970376812" role=""/>
  <member type="way" ref="970376813" role=""/>
  <member type="way" ref="969859177" role=""/>
  <member type="way" ref="957696573" role=""/>
  <member type="way" ref="969859225" role=""/>
  <member type="way" ref="970376718" role=""/>
  <member type="way" ref="954759833" role=""/>
  <member type="way" ref="79498815" role=""/>
  <member type="way" ref="1333304551" role=""/>
  <member type="way" ref="1333304553" role=""/>
  <member type="way" ref="954764979" role=""/>
  <member type="way" ref="79498817" role=""/>
  <member type="way" ref="957696405" role=""/>
  <member type="way" ref="255861799" role=""/>
  <member type="way" ref="970114396" role=""/>
  <member type="way" ref="970114429" role=""/>
  <member type="way" ref="970114781" role=""/>
  <member type="way" ref="970114783" role=""/>
  <member type="way" ref="970114782" role=""/>
  <member type="way" ref="970114801" role=""/>
  <member type="way" ref="957696404" role=""/>
  <member type="way" ref="969318431" role=""/>
  <member type="way" ref="969318428" role=""/>
  <member type="way" ref="969318429" role=""/>
  <member type="way" ref="954695946" role=""/>
  <member type="way" ref="1333301859" role=""/>
  <member type="way" ref="957696401" role=""/>
  <member type="way" ref="132363898" role=""/>
  <member type="way" ref="957696161" role=""/>
  <member type="way" ref="957696160" role=""/>
  <member type="way" ref="954765116" role=""/>
  <member type="way" ref="958993901" role=""/>
  <member type="way" ref="958993902" role=""/>
  <member type="way" ref="465002070" role=""/>
  <member type="way" ref="970066459" role=""/>
  <member type="way" ref="970065925" role=""/>
  <member type="way" ref="969318734" role=""/>
  <member type="way" ref="463770641" role=""/>
  <member type="way" ref="969318731" role=""/>
  <member type="way" ref="954699700" role=""/>
  <member type="way" ref="954699702" role=""/>
  <member type="way" ref="970379990" role=""/>
  <member type="way" ref="970379988" role=""/>
  <member type="way" ref="970379989" role=""/>
  <member type="way" ref="970379686" role=""/>
  <member type="way" ref="969953930" role=""/>
  <member type="way" ref="970379623" role=""/>
  <member type="way" ref="970377771" role=""/>
  <member type="way" ref="4651802" role=""/>
  <member type="way" ref="305352915" role=""/>
  <member type="way" ref="961427717" role=""/>
  <member type="way" ref="161365793" role=""/>
  <member type="way" ref="161365794" role=""/>
  <member type="way" ref="348072877" role=""/>
  <member type="way" ref="4762895" role=""/>
  <member type="way" ref="348072955" role=""/>
  <member type="way" ref="469452624" role=""/>
  <member type="way" ref="469326267" role=""/>
  <member type="way" ref="22663996" role=""/>
  <member type="way" ref="866434999" role=""/>
  <member type="way" ref="955329926" role=""/>
  <member type="way" ref="955329925" role=""/>
  <member type="way" ref="955329924" role=""/>
  <member type="way" ref="866435002" role=""/>
  <tag k="alt_name" v="60 San Isidro x Bajo"/>
  <tag k="colour" v="red"/>
  <tag k="fee" v="yes"/>
  <tag k="from" v="Puente Bosch"/>
  <tag k="name" v="Línea 60: Barracas → Bajo Vicente Lopez→ San Isidro"/>
  <tag k="network" v="Nacional"/>
  <tag k="operator" v="Micro Ómnibus Norte S.A."/>
  <tag k="payment:apple_pay" v="yes"/>
  <tag k="payment:contactless" v="yes"/>
  <tag k="payment:google_pay" v="yes"/>
  <tag k="payment:mastercard_contactless" v="yes"/>
  <tag k="payment:mercado_pago_qr" v="yes"/>
  <tag k="payment:qr_code" v="yes"/>
  <tag k="payment:sube" v="yes"/>
  <tag k="payment:sube_app" v="yes"/>
  <tag k="payment:sube_qr" v="yes"/>
  <tag k="payment:visa_contactless" v="yes"/>
  <tag k="public_transport:version" v="2"/>
  <tag k="ref" v="60SIB"/>
  <tag k="reservation" v="no"/>
  <tag k="scope" v="urban"/>
  <tag k="stopping_pattern" v="all_stops"/>
  <tag k="to" v="San Isidro"/>
  <tag k="type" v="proposed:route"/>
  <tag k="wheelchair" v="yes"/>
 </relation>
</osm>
