<?xml version="1.0" encoding="UTF-8"?>
<osm version="0.6" generator="openstreetmap-cgimap 2.1.0 (244703 spike-07.openstreetmap.org)" copyright="OpenStreetMap and contributors" attribution="http://www.openstreetmap.org/copyright" license="http://opendatacommons.org/licenses/odbl/1-0/">
 <bounds minlat="-34.4500000" minlon="-58.5250000" maxlat="-34.4375000" maxlon="-58.5125000"/>
 <node id="29651006" visible="true" version="3" changeset="19926420" timestamp="2014-01-10T22:30:45Z" user="Souchong" uid="255141" lat="-34.4506190" lon="-58.5241647"/>
 <node id="29651008" visible="true" version="2" changeset="5870906" timestamp="2010-09-25T13:31:16Z" user="Maarten Deen" uid="9176" lat="-34.4481301" lon="-58.5277078"/>
 <node id="29651014" visible="true" version="7" changeset="146342612" timestamp="2024-01-17T00:00:09Z" user="AgusQui" uid="331218" lat="-34.4491004" lon="-58.5256293"/>
 <node id="29651018" visible="true" version="4" changeset="146342612" timestamp="2024-01-17T00:00:09Z" user="AgusQui" uid="331218" lat="-34.4473795" lon="-58.5297748"/>
 <node id="29651022" visible="true" version="8" changeset="146342612" timestamp="2024-01-17T00:00:09Z" user="AgusQui" uid="331218" lat="-34.4466218" lon="-58.5314461"/>
 <node id="94288397" visible="true" version="5" changeset="172457308" timestamp="2025-09-25T20:17:30Z" user="muralito" uid="755114" lat="-34.4410436" lon="-58.5101013"/>
 <node id="94290376" visible="true" version="9" changeset="21465557" timestamp="2014-04-02T20:32:00Z" user="Souchong" uid="255141" lat="-34.4471278" lon="-58.5134293"/>
 <node id="94291977" visible="true" version="10" changeset="21385458" timestamp="2014-03-29T16:13:11Z" user="Souchong" uid="255141" lat="-34.4488738" lon="-58.5190005"/>
 <node id="94292190" visible="true" version="11" changeset="21385458" timestamp="2014-03-29T16:13:11Z" user="Souchong" uid="255141" lat="-34.4459242" lon="-58.5260845"/>
 <node id="94292269" visible="true" version="4" changeset="10243685" timestamp="2011-12-30T10:28:46Z" user="estela" uid="89271" lat="-34.4384598" lon="-58.5186169"/>
 <node id="94293444" visible="true" version="10" changeset="12770562" timestamp="2012-08-18T08:52:52Z" user="dbusse" uid="149876" lat="-34.4491846" lon="-58.5056705"/>
 <node id="94294604" visible="true" version="10" changeset="10245547" timestamp="2011-12-30T14:05:52Z" user="estela" uid="89271" lat="-34.4475414" lon="-58.5160751"/>
 <node id="94294964" visible="true" version="11" changeset="21385458" timestamp="2014-03-29T16:13:11Z" user="Souchong" uid="255141" lat="-34.4445452" lon="-58.5265125"/>
 <node id="94295067" visible="true" version="11" changeset="21590601" timestamp="2014-04-09T14:48:52Z" user="Souchong" uid="255141" lat="-34.4475535" lon="-58.5191542"/>
 <node id="94296434" visible="true" version="10" changeset="21464360" timestamp="2014-04-02T19:31:05Z" user="Souchong" uid="255141" lat="-34.4543552" lon="-58.5079776"/>
 <node id="94297887" visible="true" version="10" changeset="10245170" timestamp="2011-12-30T13:26:16Z" user="estela" uid="89271" lat="-34.4480893" lon="-58.5181568"/>
 <node id="94298948" visible="true" version="10" changeset="10246243" timestamp="2011-12-30T15:26:03Z" user="estela" uid="89271" lat="-34.4481262" lon="-58.5231205"/>
 <node id="94300547" visible="true" version="10" changeset="29056645" timestamp="2015-02-23T23:12:22Z" user="MarcosAlejandro" uid="2697778" lat="-34.4482873" lon="-58.5157656"/>
 <node id="94300672" visible="true" version="9" changeset="10245170" timestamp="2011-12-30T13:26:16Z" user="estela" uid="89271" lat="-34.4473341" lon="-58.5180006"/>
 <node id="94300828" visible="true" version="9" changeset="10246243" timestamp="2011-12-30T15:26:03Z" user="estela" uid="89271" lat="-34.4451351" lon="-58.5251165"/>
 <node id="94301886" visible="true" version="9" changeset="10245547" timestamp="2011-12-30T14:05:52Z" user="estela" uid="89271" lat="-34.4477123" lon="-58.5136739"/>
 <node id="94303393" visible="true" version="10" changeset="21385458" timestamp="2014-03-29T16:13:11Z" user="Souchong" uid="255141" lat="-34.4457079" lon="-58.5265021"/>
 <node id="94303422" visible="true" version="11" changeset="21385458" timestamp="2014-03-29T16:13:11Z" user="Souchong" uid="255141" lat="-34.4484325" lon="-58.5189334"/>
 <node id="94304772" visible="true" version="10" changeset="10657283" timestamp="2012-02-11T20:48:01Z" user="estela" uid="89271" lat="-34.4507817" lon="-58.5066601"/>
 <node id="94305183" visible="true" version="3" changeset="10241571" timestamp="2011-12-30T01:14:46Z" user="estela" uid="89271" lat="-34.4370648" lon="-58.5331201"/>
 <node id="94305689" visible="true" version="3" changeset="10245170" timestamp="2011-12-30T13:26:16Z" user="estela" uid="89271" lat="-34.4418732" lon="-58.5125895"/>
 <node id="94307560" visible="true" version="11" changeset="21464360" timestamp="2014-04-02T19:31:05Z" user="Souchong" uid="255141" lat="-34.4555282" lon="-58.5085881"/>
 <node id="94308619" visible="true" version="4" changeset="10245170" timestamp="2011-12-30T13:26:16Z" user="estela" uid="89271" lat="-34.4432051" lon="-58.5173825"/>
 <node id="94308622" visible="true" version="11" changeset="21385458" timestamp="2014-03-29T16:13:11Z" user="Souchong" uid="255141" lat="-34.4468316" lon="-58.5182595"/>
 <node id="94308664" visible="true" version="10" changeset="10453790" timestamp="2012-01-21T10:11:52Z" user="estela" uid="89271" lat="-34.4470046" lon="-58.5194002"/>
 <node id="94310990" visible="true" version="9" changeset="10456531" timestamp="2012-01-21T15:24:00Z" user="estela" uid="89271" lat="-34.4476036" lon="-58.5157023"/>
 <node id="94311207" visible="true" version="10" changeset="10245170" timestamp="2011-12-30T13:26:16Z" user="estela" uid="89271" lat="-34.4482142" lon="-58.5175122"/>
 <node id="94311431" visible="true" version="10" changeset="10246243" timestamp="2011-12-30T15:26:03Z" user="estela" uid="89271" lat="-34.4457400" lon="-58.5238101"/>
 <node id="94314641" visible="true" version="10" changeset="10246243" timestamp="2011-12-30T15:26:03Z" user="estela" uid="89271" lat="-34.4472789" lon="-58.5251915"/>
 <node id="94314680" visible="true" version="12" changeset="161909681" timestamp="2025-01-29T18:41:48Z" user="MahaweliValley" uid="17834724" lat="-34.4474470" lon="-58.5168634"/>
 <node id="94318459" visible="true" version="4" changeset="10245170" timestamp="2011-12-30T13:26:17Z" user="estela" uid="89271" lat="-34.4417919" lon="-58.5142314"/>
 <node id="94318751" visible="true" version="10" changeset="21385458" timestamp="2014-03-29T16:13:11Z" user="Souchong" uid="255141" lat="-34.4464661" lon="-58.5270359"/>
 <node id="94318831" visible="true" version="11" changeset="10453790" timestamp="2012-01-21T10:11:52Z" user="estela" uid="89271" lat="-34.4481492" lon="-58.5212026"/>
 <node id="94319529" visible="true" version="4" changeset="21479513" timestamp="2014-04-03T16:14:01Z" user="Souchong" uid="255141" lat="-34.4378201" lon="-58.5339367"/>
 <node id="94320767" visible="true" version="9" changeset="10657283" timestamp="2012-02-11T20:48:01Z" user="estela" uid="89271" lat="-34.4522961" lon="-58.5073459"/>
 <node id="94321311" visible="true" version="12" changeset="21467432" timestamp="2014-04-02T22:30:14Z" user="Souchong" uid="255141" lat="-34.4501350" lon="-58.5166740"/>
 <node id="94321989" visible="true" version="9" changeset="10245170" timestamp="2011-12-30T13:26:17Z" user="estela" uid="89271" lat="-34.4480335" lon="-58.5182174"/>
 <node id="94322094" visible="true" version="4" changeset="10245170" timestamp="2011-12-30T13:26:17Z" user="estela" uid="89271" lat="-34.4439767" lon="-58.5194140"/>
 <node id="94322917" visible="true" version="11" changeset="21385458" timestamp="2014-03-29T16:13:11Z" user="Souchong" uid="255141" lat="-34.4458822" lon="-58.5233126"/>
 <node id="94324051" visible="true" version="3" changeset="10245170" timestamp="2011-12-30T13:26:17Z" user="estela" uid="89271" lat="-34.4441495" lon="-58.5195770"/>
 <node id="94325982" visible="true" version="10" changeset="10245170" timestamp="2011-12-30T13:26:17Z" user="estela" uid="89271" lat="-34.4479335" lon="-58.5174700"/>
 <node id="94326358" visible="true" version="11" changeset="21385458" timestamp="2014-03-29T16:13:11Z" user="Souchong" uid="255141" lat="-34.4450788" lon="-58.5250016"/>
 <node id="94329559" visible="true" version="10" changeset="14605532" timestamp="2013-01-11T01:33:15Z" user="Zalitoar" uid="79602" lat="-34.4472055" lon="-58.5152988"/>
 <node id="94329751" visible="true" version="11" changeset="161909681" timestamp="2025-01-29T18:41:48Z" user="MahaweliValley" uid="17834724" lat="-34.4486188" lon="-58.5171050"/>
 <node id="94329885" visible="true" version="10" changeset="21385458" timestamp="2014-03-29T16:13:11Z" user="Souchong" uid="255141" lat="-34.4466217" lon="-58.5266048"/>
 <node id="94332691" visible="true" version="4" changeset="10245170" timestamp="2011-12-30T13:26:18Z" user="estela" uid="89271" lat="-34.4423506" lon="-58.5153710"/>
 <node id="94333338" visible="true" version="10" changeset="21385458" timestamp="2014-03-29T16:13:11Z" user="Souchong" uid="255141" lat="-34.4461606" lon="-58.5276414"/>
 <node id="94333405" visible="true" version="11" changeset="21590601" timestamp="2014-04-09T14:48:52Z" user="Souchong" uid="255141" lat="-34.4474982" lon="-58.5196279"/>
 <node id="94335475" visible="true" version="10" changeset="10657283" timestamp="2012-02-11T20:48:01Z" user="estela" uid="89271" lat="-34.4528242" lon="-58.5071427"/>
 <node id="94336976" visible="true" version="10" changeset="21467432" timestamp="2014-04-02T22:30:14Z" user="Souchong" uid="255141" lat="-34.4497624" lon="-58.5166209"/>
 <node id="94337717" visible="true" version="11" changeset="21385458" timestamp="2014-03-29T16:13:11Z" user="Souchong" uid="255141" lat="-34.4460481" lon="-58.5237243"/>
 <node id="94341983" visible="true" version="3" changeset="10245170" timestamp="2011-12-30T13:26:18Z" user="estela" uid="89271" lat="-34.4435346" lon="-58.5228771"/>
 <node id="94342288" visible="true" version="10" changeset="21464360" timestamp="2014-04-02T19:31:05Z" user="Souchong" uid="255141" lat="-34.4496930" lon="-58.5161681"/>
 <node id="108260652" visible="true" version="18" changeset="73581742" timestamp="2019-08-21T13:39:01Z" user="CorazonDelator" uid="8127216" lat="-34.4505565" lon="-58.5238255">
  <tag k="light_rail" v="yes"/>
  <tag k="name" v="Punta Chica"/>
  <tag k="public_transport" v="stop_position"/>
  <tag k="railway" v="stop"/>
 </node>
 <node id="108260653" visible="true" version="15" changeset="43504658" timestamp="2016-11-09T06:29:32Z" user="nicfer" uid="16712" lat="-34.4490218" lon="-58.5255152">
  <tag k="railway" v="level_crossing"/>
 </node>
 <node id="108260654" visible="true" version="13" changeset="43504658" timestamp="2016-11-09T06:29:32Z" user="nicfer" uid="16712" lat="-34.4483276" lon="-58.5268558"/>
 <node id="300722173" visible="true" version="4" changeset="24916099" timestamp="2014-08-21T18:34:56Z" user="patodiez" uid="1856060" lat="-34.4456335" lon="-58.5336377"/>
 <node id="300722174" visible="true" version="5" changeset="24916099" timestamp="2014-08-21T18:34:56Z" user="patodiez" uid="1856060" lat="-34.4451052" lon="-58.5371026"/>
 <node id="300722175" visible="true" version="1" changeset="717444" timestamp="2008-09-28T22:02:17Z" user="tiantian" uid="7899" lat="-34.4445903" lon="-58.5399753"/>
 <node id="300722176" visible="true" version="3" changeset="7088542" timestamp="2011-01-25T22:13:06Z" user="zorko" uid="22005" lat="-34.4438836" lon="-58.5428657"/>
 <node id="300732388" visible="true" version="5" changeset="62470639" timestamp="2018-09-11T00:18:47Z" user="Beerforfree" uid="215693" lat="-34.4483112" lon="-58.5242119"/>
 <node id="302898209" visible="true" version="7" changeset="111562862" timestamp="2021-09-22T21:17:20Z" user="CapAhab" uid="6172866" lat="-34.4537752" lon="-58.5104115"/>
 <node id="302898211" visible="true" version="6" changeset="21467432" timestamp="2014-04-02T22:30:12Z" user="Souchong" uid="255141" lat="-34.4536233" lon="-58.5109145"/>
 <node id="302898212" visible="true" version="6" changeset="21467432" timestamp="2014-04-02T22:30:12Z" user="Souchong" uid="255141" lat="-34.4535659" lon="-58.5111616"/>
 <node id="302898213" visible="true" version="6" changeset="21467432" timestamp="2014-04-02T22:30:12Z" user="Souchong" uid="255141" lat="-34.4534147" lon="-58.5115437"/>
 <node id="302898214" visible="true" version="5" changeset="782424" timestamp="2009-01-13T15:43:12Z" user="zorko" uid="22005" lat="-34.4527605" lon="-58.5128974"/>
 <node id="302898216" visible="true" version="6" changeset="21467432" timestamp="2014-04-02T22:30:12Z" user="Souchong" uid="255141" lat="-34.4522518" lon="-58.5137905"/>
 <node id="302898217" visible="true" version="6" changeset="21467432" timestamp="2014-04-02T22:30:12Z" user="Souchong" uid="255141" lat="-34.4511539" lon="-58.5154457"/>
 <node id="302898219" visible="true" version="6" changeset="21467432" timestamp="2014-04-02T22:30:12Z" user="Souchong" uid="255141" lat="-34.4507489" lon="-58.5158708"/>
 <node id="302898220" visible="true" version="6" changeset="21467432" timestamp="2014-04-02T22:30:12Z" user="Souchong" uid="255141" lat="-34.4502785" lon="-58.5160592"/>
 <node id="302898222" visible="true" version="6" changeset="21467432" timestamp="2014-04-02T22:30:12Z" user="Souchong" uid="255141" lat="-34.4489421" lon="-58.5158655"/>
 <node id="302898223" visible="true" version="6" changeset="21467432" timestamp="2014-04-02T22:30:12Z" user="Souchong" uid="255141" lat="-34.4488880" lon="-58.5158244"/>
 <node id="302898224" visible="true" version="6" changeset="21467432" timestamp="2014-04-02T22:30:12Z" user="Souchong" uid="255141" lat="-34.4489284" lon="-58.5153691"/>
 <node id="302898225" visible="true" version="6" changeset="21467432" timestamp="2014-04-02T22:30:12Z" user="Souchong" uid="255141" lat="-34.4490852" lon="-58.5149391"/>
 <node id="302898226" visible="true" version="6" changeset="21467432" timestamp="2014-04-02T22:30:12Z" user="Souchong" uid="255141" lat="-34.4489984" lon="-58.5146673"/>
 <node id="302898228" visible="true" version="6" changeset="21467432" timestamp="2014-04-02T22:30:12Z" user="Souchong" uid="255141" lat="-34.4488944" lon="-58.5145929"/>
 <node id="302898229" visible="true" version="6" changeset="21467432" timestamp="2014-04-02T22:30:12Z" user="Souchong" uid="255141" lat="-34.4488306" lon="-58.5144750"/>
 <node id="302898230" visible="true" version="6" changeset="21467432" timestamp="2014-04-02T22:30:12Z" user="Souchong" uid="255141" lat="-34.4487244" lon="-58.5142643"/>
 <node id="302898231" visible="true" version="9" changeset="177826723" timestamp="2026-01-29T01:08:54Z" user="Josuer" uid="3382594" lat="-34.4479073" lon="-58.5139162"/>
 <node id="302898236" visible="true" version="10" changeset="21467432" timestamp="2014-04-02T22:30:12Z" user="Souchong" uid="255141" lat="-34.4476526" lon="-58.5149796"/>
 <node id="302898239" visible="true" version="6" changeset="21467432" timestamp="2014-04-02T22:30:12Z" user="Souchong" uid="255141" lat="-34.4475371" lon="-58.5153527"/>
 <node id="302898241" visible="true" version="6" changeset="21467432" timestamp="2014-04-02T22:30:12Z" user="Souchong" uid="255141" lat="-34.4475342" lon="-58.5154779"/>
 <node id="302898243" visible="true" version="6" changeset="21467432" timestamp="2014-04-02T22:30:12Z" user="Souchong" uid="255141" lat="-34.4475876" lon="-58.5155254"/>
 <node id="302898245" visible="true" version="6" changeset="21467432" timestamp="2014-04-02T22:30:12Z" user="Souchong" uid="255141" lat="-34.4476809" lon="-58.5153879"/>
 <node id="302898254" visible="true" version="6" changeset="21467432" timestamp="2014-04-02T22:30:12Z" user="Souchong" uid="255141" lat="-34.4489666" lon="-58.5096345"/>
 <node id="302898256" visible="true" version="6" changeset="21467432" timestamp="2014-04-02T22:30:12Z" user="Souchong" uid="255141" lat="-34.4497150" lon="-58.5077429"/>
 <node id="311051449" visible="true" version="3" changeset="21385458" timestamp="2014-03-29T16:13:10Z" user="Souchong" uid="255141" lat="-34.4383142" lon="-58.5354617"/>
 <node id="311051452" visible="true" version="2" changeset="13083397" timestamp="2012-09-12T14:18:01Z" user="alpertron" uid="466854" lat="-34.4418564" lon="-58.5292164"/>
 <node id="311051455" visible="true" version="4" changeset="102012009" timestamp="2021-03-30T22:38:39Z" user="Hernan" uid="72347" lat="-34.4454090" lon="-58.5194256"/>
 <node id="311051456" visible="true" version="2" changeset="13119404" timestamp="2012-09-15T15:32:03Z" user="Jochen Topf" uid="4499" lat="-34.4441899" lon="-58.5058517"/>
 <node id="319982914" visible="true" version="1" changeset="474767" timestamp="2008-12-19T15:30:26Z" user="zorko" uid="22005" lat="-34.4500726" lon="-58.5060446"/>
 <node id="319983018" visible="true" version="3" changeset="21464360" timestamp="2014-04-02T19:31:04Z" user="Souchong" uid="255141" lat="-34.4502097" lon="-58.5161743"/>
 <node id="319983024" visible="true" version="2" changeset="10245547" timestamp="2011-12-30T14:05:52Z" user="estela" uid="89271" lat="-34.4470705" lon="-58.5183436"/>
 <node id="319983030" visible="true" version="2" changeset="10245547" timestamp="2011-12-30T14:05:52Z" user="estela" uid="89271" lat="-34.4473763" lon="-58.5162143"/>
 <node id="319983037" visible="true" version="2" changeset="10245547" timestamp="2011-12-30T14:05:52Z" user="estela" uid="89271" lat="-34.4472004" lon="-58.5161792"/>
 <node id="319983043" visible="true" version="2" changeset="10245547" timestamp="2011-12-30T14:05:52Z" user="estela" uid="89271" lat="-34.4469623" lon="-58.5167837"/>
 <node id="319983050" visible="true" version="2" changeset="10245547" timestamp="2011-12-30T14:05:52Z" user="estela" uid="89271" lat="-34.4469137" lon="-58.5170135"/>
 <node id="319983056" visible="true" version="2" changeset="10245547" timestamp="2011-12-30T14:05:52Z" user="estela" uid="89271" lat="-34.4469425" lon="-58.5172696"/>
 <node id="319983069" visible="true" version="2" changeset="21464360" timestamp="2014-04-02T19:31:04Z" user="Souchong" uid="255141" lat="-34.4540251" lon="-58.5115766"/>
 <node id="319983075" visible="true" version="1" changeset="474767" timestamp="2008-12-19T15:30:40Z" user="zorko" uid="22005" lat="-34.4509955" lon="-58.5157435"/>
 <node id="319983106" visible="true" version="2" changeset="21385458" timestamp="2014-03-29T16:13:10Z" user="Souchong" uid="255141" lat="-34.4491511" lon="-58.5166589"/>
 <node id="319983113" visible="true" version="3" changeset="161909681" timestamp="2025-01-29T18:41:48Z" user="MahaweliValley" uid="17834724" lat="-34.4487261" lon="-58.5165448"/>
 <node id="319983119" visible="true" version="4" changeset="29056645" timestamp="2015-02-23T23:12:22Z" user="MarcosAlejandro" uid="2697778" lat="-34.4489885" lon="-58.5147866"/>
 <node id="319983126" visible="true" version="3" changeset="21464360" timestamp="2014-04-02T19:31:04Z" user="Souchong" uid="255141" lat="-34.4479916" lon="-58.5143251"/>
 <node id="319983132" visible="true" version="4" changeset="66519347" timestamp="2019-01-21T22:11:44Z" user="serock" uid="1810448" lat="-34.4480219" lon="-58.5155550"/>
 <node id="319983139" visible="true" version="1" changeset="474767" timestamp="2008-12-19T15:30:46Z" user="zorko" uid="22005" lat="-34.4478211" lon="-58.5153422"/>
 <node id="319983144" visible="true" version="4" changeset="66519347" timestamp="2019-01-21T22:11:44Z" user="serock" uid="1810448" lat="-34.4479667" lon="-58.5157066"/>
 <node id="319983150" visible="true" version="2" changeset="10456531" timestamp="2012-01-21T15:23:59Z" user="estela" uid="89271" lat="-34.4477286" lon="-58.5155899"/>
 <node id="319983161" visible="true" version="3" changeset="29056645" timestamp="2015-02-23T23:12:22Z" user="MarcosAlejandro" uid="2697778" lat="-34.4487054" lon="-58.5156824"/>
 <node id="319983168" visible="true" version="3" changeset="29056645" timestamp="2015-02-23T23:12:22Z" user="MarcosAlejandro" uid="2697778" lat="-34.4483316" lon="-58.5156180"/>
 <node id="319984201" visible="true" version="3" changeset="21590601" timestamp="2014-04-09T14:48:51Z" user="Souchong" uid="255141" lat="-34.4471360" lon="-58.5197319"/>
 <node id="319984202" visible="true" version="2" changeset="10453790" timestamp="2012-01-21T10:11:51Z" user="estela" uid="89271" lat="-34.4468517" lon="-58.5219161"/>
 <node id="319984203" visible="true" version="2" changeset="10453790" timestamp="2012-01-21T10:11:51Z" user="estela" uid="89271" lat="-34.4475534" lon="-58.5210131"/>
 <node id="319984204" visible="true" version="2" changeset="10453790" timestamp="2012-01-21T10:11:51Z" user="estela" uid="89271" lat="-34.4474777" lon="-58.5212632"/>
 <node id="319984205" visible="true" version="2" changeset="21385458" timestamp="2014-03-29T16:13:10Z" user="Souchong" uid="255141" lat="-34.4484976" lon="-58.5218404"/>
 <node id="319984206" visible="true" version="2" changeset="10453790" timestamp="2012-01-21T10:11:51Z" user="estela" uid="89271" lat="-34.4483100" lon="-58.5226917"/>
 <node id="319984207" visible="true" version="2" changeset="10453790" timestamp="2012-01-21T10:11:51Z" user="estela" uid="89271" lat="-34.4470049" lon="-58.5222335"/>
 <node id="319984208" visible="true" version="3" changeset="21590601" timestamp="2014-04-09T14:48:52Z" user="Souchong" uid="255141" lat="-34.4471333" lon="-58.5202058"/>
 <node id="319984209" visible="true" version="3" changeset="21479513" timestamp="2014-04-03T16:14:00Z" user="Souchong" uid="255141" lat="-34.4469957" lon="-58.5201111"/>
 <node id="319984213" visible="true" version="2" changeset="21479513" timestamp="2014-04-03T16:14:01Z" user="Souchong" uid="255141" lat="-34.4467583" lon="-58.5215970"/>
 <node id="319984218" visible="true" version="2" changeset="10453790" timestamp="2012-01-21T10:11:52Z" user="estela" uid="89271" lat="-34.4464810" lon="-58.5219228"/>
 <node id="319984222" visible="true" version="3" changeset="21385458" timestamp="2014-03-29T16:13:10Z" user="Souchong" uid="255141" lat="-34.4469677" lon="-58.5226986"/>
 <node id="319984225" visible="true" version="1" changeset="474767" timestamp="2008-12-19T15:38:03Z" user="zorko" uid="22005" lat="-34.4461326" lon="-58.5243829"/>
 <node id="319984226" visible="true" version="2" changeset="10246243" timestamp="2011-12-30T15:26:02Z" user="estela" uid="89271" lat="-34.4457229" lon="-58.5253555"/>
 <node id="319984228" visible="true" version="3" changeset="21385458" timestamp="2014-03-29T16:13:10Z" user="Souchong" uid="255141" lat="-34.4447644" lon="-58.5259140"/>
 <node id="319984229" visible="true" version="2" changeset="21385458" timestamp="2014-03-29T16:13:10Z" user="Souchong" uid="255141" lat="-34.4453947" lon="-58.5262806"/>
 <node id="319984230" visible="true" version="3" changeset="21385458" timestamp="2014-03-29T16:13:10Z" user="Souchong" uid="255141" lat="-34.4455450" lon="-58.5260181"/>
 <node id="319984231" visible="true" version="2" changeset="21385458" timestamp="2014-03-29T16:13:10Z" user="Souchong" uid="255141" lat="-34.4447739" lon="-58.5254633"/>
 <node id="319984233" visible="true" version="3" changeset="21590601" timestamp="2014-04-09T14:48:52Z" user="Souchong" uid="255141" lat="-34.4460148" lon="-58.5257255"/>
 <node id="319984234" visible="true" version="2" changeset="21385458" timestamp="2014-03-29T16:13:10Z" user="Souchong" uid="255141" lat="-34.4468226" lon="-58.5262686"/>
 <node id="319984235" visible="true" version="2" changeset="10246243" timestamp="2011-12-30T15:26:02Z" user="estela" uid="89271" lat="-34.4469374" lon="-58.5261457"/>
 <node id="319984236" visible="true" version="3" changeset="21590601" timestamp="2014-04-09T14:48:52Z" user="Souchong" uid="255141" lat="-34.4460943" lon="-58.5255152"/>
 <node id="319984237" visible="true" version="2" changeset="10246243" timestamp="2011-12-30T15:26:02Z" user="estela" uid="89271" lat="-34.4462491" lon="-58.5247615"/>
 <node id="319984238" visible="true" version="1" changeset="474767" timestamp="2008-12-19T15:38:09Z" user="zorko" uid="22005" lat="-34.4460745" lon="-58.5250658"/>
 <node id="319984239" visible="true" version="2" changeset="10246243" timestamp="2011-12-30T15:26:03Z" user="estela" uid="89271" lat="-34.4470584" lon="-58.5256455"/>
 <node id="319990510" visible="true" version="2" changeset="21479513" timestamp="2014-04-03T16:14:01Z" user="Souchong" uid="255141" lat="-34.4368895" lon="-58.5226178"/>
 <node id="319990512" visible="true" version="2" changeset="10243685" timestamp="2011-12-30T10:28:45Z" user="estela" uid="89271" lat="-34.4382961" lon="-58.5188040"/>
 <node id="319990513" visible="true" version="1" changeset="474767" timestamp="2008-12-19T16:08:02Z" user="zorko" uid="22005" lat="-34.4382461" lon="-58.5195593"/>
 <node id="319990514" visible="true" version="2" changeset="10243685" timestamp="2011-12-30T10:28:46Z" user="estela" uid="89271" lat="-34.4385353" lon="-58.5196284"/>
 <node id="319990516" visible="true" version="2" changeset="10241571" timestamp="2011-12-30T01:14:43Z" user="estela" uid="89271" lat="-34.4371615" lon="-58.5282175"/>
 <node id="319990526" visible="true" version="2" changeset="783771" timestamp="2009-01-13T17:24:35Z" user="zorko" uid="22005" lat="-34.4371156" lon="-58.5262457"/>
 <node id="319990530" visible="true" version="1" changeset="474767" timestamp="2008-12-19T16:08:06Z" user="zorko" uid="22005" lat="-34.4367485" lon="-58.5235396"/>
 <node id="319990531" visible="true" version="3" changeset="21479513" timestamp="2014-04-03T16:14:01Z" user="Souchong" uid="255141" lat="-34.4369649" lon="-58.5228263"/>
 <node id="319990532" visible="true" version="2" changeset="10245045" timestamp="2011-12-30T13:12:44Z" user="estela" uid="89271" lat="-34.4372457" lon="-58.5272037"/>
 <node id="319990533" visible="true" version="3" changeset="21479513" timestamp="2014-04-03T16:14:01Z" user="Souchong" uid="255141" lat="-34.4368877" lon="-58.5323699"/>
 <node id="319990538" visible="true" version="3" changeset="21408507" timestamp="2014-03-30T20:50:03Z" user="Souchong" uid="255141" lat="-34.4442595" lon="-58.5218312"/>
 <node id="319990539" visible="true" version="1" changeset="474767" timestamp="2008-12-19T16:08:12Z" user="zorko" uid="22005" lat="-34.4386975" lon="-58.5117222"/>
 <node id="331858861" visible="true" version="2" changeset="21479513" timestamp="2014-04-03T16:14:01Z" user="Souchong" uid="255141" lat="-34.4369978" lon="-58.5260287"/>
 <node id="331858863" visible="true" version="3" changeset="21479513" timestamp="2014-04-03T16:14:01Z" user="Souchong" uid="255141" lat="-34.4369269" lon="-58.5254951"/>
 <node id="331858866" visible="true" version="2" changeset="10245045" timestamp="2011-12-30T13:12:44Z" user="estela" uid="89271" lat="-34.4397130" lon="-58.5242204"/>
 <node id="331858867" visible="true" version="2" changeset="10245045" timestamp="2011-12-30T13:12:44Z" user="estela" uid="89271" lat="-34.4372314" lon="-58.5232485"/>
 <node id="331858870" visible="true" version="2" changeset="10245045" timestamp="2011-12-30T13:12:44Z" user="estela" uid="89271" lat="-34.4389331" lon="-58.5252566"/>
 <node id="331858874" visible="true" version="2" changeset="10245045" timestamp="2011-12-30T13:12:44Z" user="estela" uid="89271" lat="-34.4376746" lon="-58.5252117"/>
 <node id="331858876" visible="true" version="2" changeset="10245045" timestamp="2011-12-30T13:12:44Z" user="estela" uid="89271" lat="-34.4376793" lon="-58.5249826"/>
 <node id="331858877" visible="true" version="2" changeset="10245045" timestamp="2011-12-30T13:12:44Z" user="estela" uid="89271" lat="-34.4390388" lon="-58.5248386"/>
 <node id="331858878" visible="true" version="2" changeset="10245045" timestamp="2011-12-30T13:12:45Z" user="estela" uid="89271" lat="-34.4395720" lon="-58.5246878"/>
 <node id="331858882" visible="true" version="2" changeset="10245045" timestamp="2011-12-30T13:12:45Z" user="estela" uid="89271" lat="-34.4387590" lon="-58.5252621"/>
 <node id="331858885" visible="true" version="2" changeset="10245045" timestamp="2011-12-30T13:12:45Z" user="estela" uid="89271" lat="-34.4382366" lon="-58.5253120"/>
 <node id="331858894" visible="true" version="2" changeset="10245045" timestamp="2011-12-30T13:12:45Z" user="estela" uid="89271" lat="-34.4380648" lon="-58.5250074"/>
 <node id="331858902" visible="true" version="2" changeset="10245045" timestamp="2011-12-30T13:12:45Z" user="estela" uid="89271" lat="-34.4387689" lon="-58.5267386"/>
 <node id="331858911" visible="true" version="2" changeset="10245045" timestamp="2011-12-30T13:12:45Z" user="estela" uid="89271" lat="-34.4383924" lon="-58.5265958"/>
 <node id="331858918" visible="true" version="2" changeset="10245045" timestamp="2011-12-30T13:12:45Z" user="estela" uid="89271" lat="-34.4382980" lon="-58.5268241"/>
 <node id="331867643" visible="true" version="1" changeset="783771" timestamp="2009-01-13T18:03:46Z" user="zorko" uid="22005" lat="-34.4473249" lon="-58.5154986"/>
 <node id="331869659" visible="true" version="3" changeset="21467432" timestamp="2014-04-02T22:30:12Z" user="Souchong" uid="255141" lat="-34.4516692" lon="-58.5199973"/>
 <node id="331869664" visible="true" version="2" changeset="21467432" timestamp="2014-04-02T22:30:12Z" user="Souchong" uid="255141" lat="-34.4515234" lon="-58.5201360"/>
 <node id="420445726" visible="true" version="6" changeset="50358123" timestamp="2017-07-17T17:45:01Z" user="juanperez79" uid="6218510" lat="-34.4448022" lon="-58.5386717"/>
 <node id="677213693" visible="true" version="3" changeset="146342612" timestamp="2024-01-17T00:00:09Z" user="AgusQui" uid="331218" lat="-34.4499804" lon="-58.5246511"/>
 <node id="792201778" visible="true" version="4" changeset="21590851" timestamp="2014-04-09T15:05:11Z" user="Souchong" uid="255141" lat="-34.4490850" lon="-58.5209896"/>
 <node id="792201787" visible="true" version="4" changeset="124502845" timestamp="2022-08-05T03:38:00Z" user="patodiez" uid="1856060" lat="-34.4484058" lon="-58.5164299">
  <tag k="highway" v="turning_circle"/>
 </node>
 <node id="792201789" visible="true" version="6" changeset="161896735" timestamp="2025-01-29T13:04:57Z" user="MahaweliValley" uid="17834724" lat="-34.4496139" lon="-58.5167641">
  <tag k="access" v="permissive"/>
  <tag k="barrier" v="gate"/>
  <tag k="source" v="Actualizaciones en Argentina. Reconocimiento terrestre por #Kaart 2016."/>
 </node>
 <node id="792201798" visible="true" version="4" changeset="65218864" timestamp="2018-12-05T21:37:24Z" user="GazEddyr" uid="9008001" lat="-34.4484337" lon="-58.5269088"/>
 <node id="792201805" visible="true" version="3" changeset="24914901" timestamp="2014-08-21T17:48:36Z" user="patodiez" uid="1856060" lat="-34.4484893" lon="-58.5239969"/>
 <node id="792201806" visible="true" version="2" changeset="21580883" timestamp="2014-04-09T00:28:26Z" user="Souchong" uid="255141" lat="-34.4485560" lon="-58.5237803"/>
 <node id="792201822" visible="true" version="3" changeset="21467432" timestamp="2014-04-02T22:30:13Z" user="Souchong" uid="255141" lat="-34.4520953" lon="-58.5205308"/>
 <node id="792201829" visible="true" version="4" changeset="24914901" timestamp="2014-08-21T17:48:37Z" user="patodiez" uid="1856060" lat="-34.4488888" lon="-58.5252872"/>
 <node id="792201847" visible="true" version="1" changeset="5086162" timestamp="2010-06-27T03:21:26Z" user="Beerforfree" uid="215693" lat="-34.4492586" lon="-58.5180854"/>
 <node id="792201852" visible="true" version="2" changeset="21467432" timestamp="2014-04-02T22:30:13Z" user="Souchong" uid="255141" lat="-34.4515439" lon="-58.5205747"/>
 <node id="792201864" visible="true" version="3" changeset="24914901" timestamp="2014-08-21T17:48:37Z" user="patodiez" uid="1856060" lat="-34.4474543" lon="-58.5262003"/>
 <node id="792201865" visible="true" version="2" changeset="21467432" timestamp="2014-04-02T22:30:14Z" user="Souchong" uid="255141" lat="-34.4497020" lon="-58.5168372"/>
 <node id="792201866" visible="true" version="3" changeset="21580883" timestamp="2014-04-09T00:28:26Z" user="Souchong" uid="255141" lat="-34.4497126" lon="-58.5242174"/>
 <node id="792201881" visible="true" version="2" changeset="21580883" timestamp="2014-04-09T00:28:26Z" user="Souchong" uid="255141" lat="-34.4493023" lon="-58.5231836"/>
 <node id="792201886" visible="true" version="3" changeset="21580883" timestamp="2014-04-09T00:28:26Z" user="Souchong" uid="255141" lat="-34.4503315" lon="-58.5235665"/>
 <node id="971098498" visible="true" version="4" changeset="50358123" timestamp="2017-07-17T17:45:00Z" user="juanperez79" uid="6218510" lat="-34.4452681" lon="-58.5357373"/>
 <node id="1052753960" visible="true" version="3" changeset="19926420" timestamp="2014-01-10T22:30:44Z" user="Souchong" uid="255141" lat="-34.4443666" lon="-58.5412174"/>
 <node id="1432949454" visible="true" version="1" changeset="9302129" timestamp="2011-09-14T19:18:56Z" user="Julio_Costa_Zambelli" uid="30854" lat="-34.4498319" lon="-58.5173679"/>
 <node id="1432949481" visible="true" version="3" changeset="161813581" timestamp="2025-01-27T11:08:28Z" user="MahaweliValley" uid="17834724" lat="-34.4482914" lon="-58.5232501"/>
 <node id="1432949499" visible="true" version="3" changeset="161813581" timestamp="2025-01-27T11:08:28Z" user="MahaweliValley" uid="17834724" lat="-34.4483261" lon="-58.5231387"/>
 <node id="1432949501" visible="true" version="2" changeset="21580883" timestamp="2014-04-09T00:28:26Z" user="Souchong" uid="255141" lat="-34.4482033" lon="-58.5229083"/>
 <node id="1432949506" visible="true" version="2" changeset="21590601" timestamp="2014-04-09T14:48:50Z" user="Souchong" uid="255141" lat="-34.4496711" lon="-58.5185890"/>
 <node id="1432949512" visible="true" version="1" changeset="9302129" timestamp="2011-09-14T19:18:57Z" user="Julio_Costa_Zambelli" uid="30854" lat="-34.4497865" lon="-58.5182863"/>
 <node id="1432949514" visible="true" version="1" changeset="9302129" timestamp="2011-09-14T19:18:57Z" user="Julio_Costa_Zambelli" uid="30854" lat="-34.4494687" lon="-58.5176242"/>
 <node id="1432949518" visible="true" version="2" changeset="21590601" timestamp="2014-04-09T14:48:50Z" user="Souchong" uid="255141" lat="-34.4492642" lon="-58.5188894"/>
 <node id="1432949524" visible="true" version="2" changeset="21590601" timestamp="2014-04-09T14:48:50Z" user="Souchong" uid="255141" lat="-34.4501558" lon="-58.5194904"/>
 <node id="1432949525" visible="true" version="2" changeset="21580883" timestamp="2014-04-09T00:28:26Z" user="Souchong" uid="255141" lat="-34.4481341" lon="-58.5237788"/>
 <node id="1432949532" visible="true" version="2" changeset="21590601" timestamp="2014-04-09T14:48:50Z" user="Souchong" uid="255141" lat="-34.4501530" lon="-58.5182225"/>
 <node id="1432949534" visible="true" version="2" changeset="21590601" timestamp="2014-04-09T14:48:50Z" user="Souchong" uid="255141" lat="-34.4506184" lon="-58.5191486"/>
 <node id="1432949544" visible="true" version="5" changeset="161905310" timestamp="2025-01-29T16:42:36Z" user="MahaweliValley" uid="17834724" lat="-34.4472365" lon="-58.5225484"/>
 <node id="1432949546" visible="true" version="2" changeset="21590601" timestamp="2014-04-09T14:48:50Z" user="Souchong" uid="255141" lat="-34.4496904" lon="-58.5185643"/>
 <node id="1432949550" visible="true" version="2" changeset="21580883" timestamp="2014-04-09T00:28:26Z" user="Souchong" uid="255141" lat="-34.4481341" lon="-58.5239340"/>
 <node id="1432949554" visible="true" version="1" changeset="9302129" timestamp="2011-09-14T19:18:58Z" user="Julio_Costa_Zambelli" uid="30854" lat="-34.4501497" lon="-58.5180299"/>
 <node id="1432949558" visible="true" version="2" changeset="21580883" timestamp="2014-04-09T00:28:26Z" user="Souchong" uid="255141" lat="-34.4481761" lon="-58.5240340"/>
 <node id="1432949562" visible="true" version="2" changeset="21590601" timestamp="2014-04-09T14:48:50Z" user="Souchong" uid="255141" lat="-34.4501286" lon="-58.5195000"/>
 <node id="1432949563" visible="true" version="2" changeset="21590601" timestamp="2014-04-09T14:48:50Z" user="Souchong" uid="255141" lat="-34.4497217" lon="-58.5198005"/>
 <node id="1448579959" visible="true" version="4" changeset="102012009" timestamp="2021-03-30T22:38:39Z" user="Hernan" uid="72347" lat="-34.4460476" lon="-58.5175445"/>
 <node id="1568590672" visible="true" version="1" changeset="10241571" timestamp="2011-12-30T01:14:22Z" user="estela" uid="89271" lat="-34.4369430" lon="-58.5326975"/>
 <node id="1568590674" visible="true" version="2" changeset="10246036" timestamp="2011-12-30T15:01:59Z" user="estela" uid="89271" lat="-34.4369687" lon="-58.5308243"/>
 <node id="1568590678" visible="true" version="1" changeset="10241571" timestamp="2011-12-30T01:14:22Z" user="estela" uid="89271" lat="-34.4371662" lon="-58.5295570"/>
 <node id="1568590680" visible="true" version="1" changeset="10241571" timestamp="2011-12-30T01:14:22Z" user="estela" uid="89271" lat="-34.4371778" lon="-58.5290064"/>
 <node id="1568590695" visible="true" version="2" changeset="10245685" timestamp="2011-12-30T14:22:38Z" user="estela" uid="89271" lat="-34.4373574" lon="-58.5334792"/>
 <node id="1568997802" visible="true" version="1" changeset="10243685" timestamp="2011-12-30T10:28:26Z" user="estela" uid="89271" lat="-34.4373216" lon="-58.5222275"/>
 <node id="1568997804" visible="true" version="3" changeset="21479513" timestamp="2014-04-03T16:13:58Z" user="Souchong" uid="255141" lat="-34.4374256" lon="-58.5209727"/>
 <node id="1568997807" visible="true" version="1" changeset="10243685" timestamp="2011-12-30T10:28:26Z" user="estela" uid="89271" lat="-34.4375382" lon="-58.5205829"/>
 <node id="1568997810" visible="true" version="1" changeset="10243685" timestamp="2011-12-30T10:28:26Z" user="estela" uid="89271" lat="-34.4378584" lon="-58.5197430"/>
 <node id="1568997811" visible="true" version="1" changeset="10243685" timestamp="2011-12-30T10:28:26Z" user="estela" uid="89271" lat="-34.4380272" lon="-58.5194359"/>
 <node id="1568997814" visible="true" version="1" changeset="10243685" timestamp="2011-12-30T10:28:27Z" user="estela" uid="89271" lat="-34.4382397" lon="-58.5192383"/>
 <node id="1568997822" visible="true" version="1" changeset="10243685" timestamp="2011-12-30T10:28:27Z" user="estela" uid="89271" lat="-34.4383503" lon="-58.5186383"/>
 <node id="1568997825" visible="true" version="1" changeset="10243685" timestamp="2011-12-30T10:28:27Z" user="estela" uid="89271" lat="-34.4387112" lon="-58.5187018"/>
 <node id="1569166163" visible="true" version="1" changeset="10245045" timestamp="2011-12-30T13:12:21Z" user="estela" uid="89271" lat="-34.4359820" lon="-58.5222581"/>
 <node id="1569166196" visible="true" version="1" changeset="10245045" timestamp="2011-12-30T13:12:22Z" user="estela" uid="89271" lat="-34.4361133" lon="-58.5223230"/>
 <node id="1569166226" visible="true" version="1" changeset="10245045" timestamp="2011-12-30T13:12:22Z" user="estela" uid="89271" lat="-34.4362313" lon="-58.5224043"/>
 <node id="1569166234" visible="true" version="1" changeset="10245045" timestamp="2011-12-30T13:12:22Z" user="estela" uid="89271" lat="-34.4363385" lon="-58.5224530"/>
 <node id="1569166249" visible="true" version="1" changeset="10245045" timestamp="2011-12-30T13:12:23Z" user="estela" uid="89271" lat="-34.4364376" lon="-58.5224985"/>
 <node id="1569166272" visible="true" version="1" changeset="10245045" timestamp="2011-12-30T13:12:23Z" user="estela" uid="89271" lat="-34.4364966" lon="-58.5227260"/>
 <node id="1569166291" visible="true" version="1" changeset="10245045" timestamp="2011-12-30T13:12:24Z" user="estela" uid="89271" lat="-34.4366225" lon="-58.5228787"/>
 <node id="1569166302" visible="true" version="1" changeset="10245045" timestamp="2011-12-30T13:12:24Z" user="estela" uid="89271" lat="-34.4367110" lon="-58.5228884"/>
 <node id="1569166320" visible="true" version="1" changeset="10245045" timestamp="2011-12-30T13:12:24Z" user="estela" uid="89271" lat="-34.4367349" lon="-58.5239407"/>
 <node id="1569166333" visible="true" version="2" changeset="21479513" timestamp="2014-04-03T16:13:58Z" user="Souchong" uid="255141" lat="-34.4368192" lon="-58.5248925"/>
 <node id="1569166340" visible="true" version="1" changeset="10245045" timestamp="2011-12-30T13:12:24Z" user="estela" uid="89271" lat="-34.4368369" lon="-58.5227877"/>
 <node id="1569166361" visible="true" version="2" changeset="21479513" timestamp="2014-04-03T16:13:58Z" user="Souchong" uid="255141" lat="-34.4369040" lon="-58.5250580"/>
 <node id="1569166362" visible="true" version="2" changeset="21479513" timestamp="2014-04-03T16:13:59Z" user="Souchong" uid="255141" lat="-34.4368852" lon="-58.5227325"/>
 <node id="1569166404" visible="true" version="1" changeset="10245045" timestamp="2011-12-30T13:12:25Z" user="estela" uid="89271" lat="-34.4371068" lon="-58.5265477"/>
 <node id="1569166407" visible="true" version="1" changeset="10245045" timestamp="2011-12-30T13:12:25Z" user="estela" uid="89271" lat="-34.4371175" lon="-58.5268077"/>
 <node id="1569166410" visible="true" version="1" changeset="10245045" timestamp="2011-12-30T13:12:25Z" user="estela" uid="89271" lat="-34.4371470" lon="-58.5267102"/>
 <node id="1569166413" visible="true" version="1" changeset="10245045" timestamp="2011-12-30T13:12:25Z" user="estela" uid="89271" lat="-34.4371738" lon="-58.5270904"/>
 <node id="1569166471" visible="true" version="1" changeset="10245045" timestamp="2011-12-30T13:12:27Z" user="estela" uid="89271" lat="-34.4375056" lon="-58.5233552"/>
 <node id="1569166505" visible="true" version="1" changeset="10245045" timestamp="2011-12-30T13:12:27Z" user="estela" uid="89271" lat="-34.4376932" lon="-58.5251359"/>
 <node id="1569166523" visible="true" version="1" changeset="10245045" timestamp="2011-12-30T13:12:28Z" user="estela" uid="89271" lat="-34.4378808" lon="-58.5249539"/>
 <node id="1569166525" visible="true" version="1" changeset="10245045" timestamp="2011-12-30T13:12:28Z" user="estela" uid="89271" lat="-34.4379531" lon="-58.5235144"/>
 <node id="1569166527" visible="true" version="1" changeset="10245045" timestamp="2011-12-30T13:12:28Z" user="estela" uid="89271" lat="-34.4379665" lon="-58.5252853"/>
 <node id="1569166542" visible="true" version="1" changeset="10245045" timestamp="2011-12-30T13:12:28Z" user="estela" uid="89271" lat="-34.4380657" lon="-58.5235404"/>
 <node id="1569166545" visible="true" version="1" changeset="10245045" timestamp="2011-12-30T13:12:28Z" user="estela" uid="89271" lat="-34.4381782" lon="-58.5249604"/>
 <node id="1569166549" visible="true" version="1" changeset="10245045" timestamp="2011-12-30T13:12:28Z" user="estela" uid="89271" lat="-34.4382586" lon="-58.5248532"/>
 <node id="1569166550" visible="true" version="1" changeset="10245045" timestamp="2011-12-30T13:12:28Z" user="estela" uid="89271" lat="-34.4383256" lon="-58.5267573"/>
 <node id="1569166552" visible="true" version="1" changeset="10245045" timestamp="2011-12-30T13:12:28Z" user="estela" uid="89271" lat="-34.4383444" lon="-58.5236704"/>
 <node id="1569166554" visible="true" version="1" changeset="10245045" timestamp="2011-12-30T13:12:28Z" user="estela" uid="89271" lat="-34.4383498" lon="-58.5267346"/>
 <node id="1569166556" visible="true" version="1" changeset="10245045" timestamp="2011-12-30T13:12:29Z" user="estela" uid="89271" lat="-34.4383926" lon="-58.5237289"/>
 <node id="1569166585" visible="true" version="1" changeset="10245045" timestamp="2011-12-30T13:12:29Z" user="estela" uid="89271" lat="-34.4385454" lon="-58.5252983"/>
 <node id="1569166601" visible="true" version="1" changeset="10245045" timestamp="2011-12-30T13:12:30Z" user="estela" uid="89271" lat="-34.4386713" lon="-58.5267151"/>
 <node id="1569166603" visible="true" version="1" changeset="10245045" timestamp="2011-12-30T13:12:30Z" user="estela" uid="89271" lat="-34.4386767" lon="-58.5238491"/>
 <node id="1569166605" visible="true" version="1" changeset="10245045" timestamp="2011-12-30T13:12:30Z" user="estela" uid="89271" lat="-34.4387303" lon="-58.5248369"/>
 <node id="1569166610" visible="true" version="1" changeset="10245045" timestamp="2011-12-30T13:12:30Z" user="estela" uid="89271" lat="-34.4387973" lon="-58.5238004"/>
 <node id="1569166620" visible="true" version="1" changeset="10245045" timestamp="2011-12-30T13:12:30Z" user="estela" uid="89271" lat="-34.4390036" lon="-58.5260554"/>
 <node id="1569166623" visible="true" version="1" changeset="10245045" timestamp="2011-12-30T13:12:30Z" user="estela" uid="89271" lat="-34.4390278" lon="-58.5239499"/>
 <node id="1569166629" visible="true" version="1" changeset="10245045" timestamp="2011-12-30T13:12:30Z" user="estela" uid="89271" lat="-34.4391242" lon="-58.5257078"/>
 <node id="1569166632" visible="true" version="1" changeset="10245045" timestamp="2011-12-30T13:12:30Z" user="estela" uid="89271" lat="-34.4391886" lon="-58.5254478"/>
 <node id="1569166654" visible="true" version="1" changeset="10245045" timestamp="2011-12-30T13:12:31Z" user="estela" uid="89271" lat="-34.4394673" lon="-58.5248954"/>
 <node id="1569181576" visible="true" version="1" changeset="10245170" timestamp="2011-12-30T13:25:53Z" user="estela" uid="89271" lat="-34.4363464" lon="-58.5178039"/>
 <node id="1569181579" visible="true" version="1" changeset="10245170" timestamp="2011-12-30T13:25:53Z" user="estela" uid="89271" lat="-34.4363505" lon="-58.5177340"/>
 <node id="1569181584" visible="true" version="1" changeset="10245170" timestamp="2011-12-30T13:25:54Z" user="estela" uid="89271" lat="-34.4363652" lon="-58.5178543"/>
 <node id="1569181586" visible="true" version="1" changeset="10245170" timestamp="2011-12-30T13:25:54Z" user="estela" uid="89271" lat="-34.4363840" lon="-58.5176837"/>
 <node id="1569181588" visible="true" version="1" changeset="10245170" timestamp="2011-12-30T13:25:54Z" user="estela" uid="89271" lat="-34.4363853" lon="-58.5176366"/>
 <node id="1569181590" visible="true" version="1" changeset="10245170" timestamp="2011-12-30T13:25:54Z" user="estela" uid="89271" lat="-34.4363960" lon="-58.5179128"/>
 <node id="1569181593" visible="true" version="1" changeset="10245170" timestamp="2011-12-30T13:25:54Z" user="estela" uid="89271" lat="-34.4364054" lon="-58.5176252"/>
 <node id="1569181596" visible="true" version="1" changeset="10245170" timestamp="2011-12-30T13:25:54Z" user="estela" uid="89271" lat="-34.4364228" lon="-58.5176885"/>
 <node id="1569181599" visible="true" version="1" changeset="10245170" timestamp="2011-12-30T13:25:54Z" user="estela" uid="89271" lat="-34.4364858" lon="-58.5176934"/>
 <node id="1569181613" visible="true" version="1" changeset="10245170" timestamp="2011-12-30T13:25:54Z" user="estela" uid="89271" lat="-34.4365273" lon="-58.5176691"/>
 <node id="1569181615" visible="true" version="1" changeset="10245170" timestamp="2011-12-30T13:25:54Z" user="estela" uid="89271" lat="-34.4365367" lon="-58.5179355"/>
 <node id="1569181617" visible="true" version="1" changeset="10245170" timestamp="2011-12-30T13:25:54Z" user="estela" uid="89271" lat="-34.4365501" lon="-58.5175846"/>
 <node id="1569181618" visible="true" version="1" changeset="10245170" timestamp="2011-12-30T13:25:54Z" user="estela" uid="89271" lat="-34.4365742" lon="-58.5174757"/>
 <node id="1569181620" visible="true" version="1" changeset="10245170" timestamp="2011-12-30T13:25:54Z" user="estela" uid="89271" lat="-34.4365796" lon="-58.5178673"/>
 <node id="1569181622" visible="true" version="1" changeset="10245170" timestamp="2011-12-30T13:25:54Z" user="estela" uid="89271" lat="-34.4366439" lon="-58.5178851"/>
 <node id="1569181627" visible="true" version="1" changeset="10245170" timestamp="2011-12-30T13:25:55Z" user="estela" uid="89271" lat="-34.4367042" lon="-58.5179063"/>
 <node id="1569181652" visible="true" version="1" changeset="10245170" timestamp="2011-12-30T13:25:55Z" user="estela" uid="89271" lat="-34.4367364" lon="-58.5179550"/>
 <node id="1569181654" visible="true" version="1" changeset="10245170" timestamp="2011-12-30T13:25:55Z" user="estela" uid="89271" lat="-34.4367632" lon="-58.5180054"/>
 <node id="1569181655" visible="true" version="1" changeset="10245170" timestamp="2011-12-30T13:25:55Z" user="estela" uid="89271" lat="-34.4368087" lon="-58.5180135"/>
 <node id="1569181748" visible="true" version="2" changeset="172457308" timestamp="2025-09-25T20:17:30Z" user="muralito" uid="755114" lat="-34.4412462" lon="-58.5102546"/>
 <node id="1569181749" visible="true" version="2" changeset="172457308" timestamp="2025-09-25T20:17:30Z" user="muralito" uid="755114" lat="-34.4413561" lon="-58.5105180"/>
 <node id="1569181750" visible="true" version="1" changeset="10245170" timestamp="2011-12-30T13:25:58Z" user="estela" uid="89271" lat="-34.4413585" lon="-58.5110331"/>
 <node id="1569181751" visible="true" version="1" changeset="10245170" timestamp="2011-12-30T13:25:58Z" user="estela" uid="89271" lat="-34.4415025" lon="-58.5112261"/>
 <node id="1569181752" visible="true" version="1" changeset="10245170" timestamp="2011-12-30T13:25:58Z" user="estela" uid="89271" lat="-34.4417375" lon="-58.5113639"/>
 <node id="1569181754" visible="true" version="1" changeset="10245170" timestamp="2011-12-30T13:25:58Z" user="estela" uid="89271" lat="-34.4417564" lon="-58.5140935"/>
 <node id="1569181755" visible="true" version="1" changeset="10245170" timestamp="2011-12-30T13:25:58Z" user="estela" uid="89271" lat="-34.4417716" lon="-58.5133583"/>
 <node id="1569181758" visible="true" version="1" changeset="10245170" timestamp="2011-12-30T13:25:58Z" user="estela" uid="89271" lat="-34.4418436" lon="-58.5116856"/>
 <node id="1569181760" visible="true" version="1" changeset="10245170" timestamp="2011-12-30T13:25:58Z" user="estela" uid="89271" lat="-34.4418701" lon="-58.5134226"/>
 <node id="1569181771" visible="true" version="1" changeset="10245170" timestamp="2011-12-30T13:25:59Z" user="estela" uid="89271" lat="-34.4418891" lon="-58.5138362"/>
 <node id="1569181773" visible="true" version="1" changeset="10245170" timestamp="2011-12-30T13:25:59Z" user="estela" uid="89271" lat="-34.4418967" lon="-58.5123749"/>
 <node id="1569181774" visible="true" version="1" changeset="10245170" timestamp="2011-12-30T13:25:59Z" user="estela" uid="89271" lat="-34.4419421" lon="-58.5130182"/>
 <node id="1569181776" visible="true" version="1" changeset="10245170" timestamp="2011-12-30T13:25:59Z" user="estela" uid="89271" lat="-34.4419459" lon="-58.5143141"/>
 <node id="1569181777" visible="true" version="1" changeset="10245170" timestamp="2011-12-30T13:25:59Z" user="estela" uid="89271" lat="-34.4419573" lon="-58.5121084"/>
 <node id="1569181778" visible="true" version="1" changeset="10245170" timestamp="2011-12-30T13:25:59Z" user="estela" uid="89271" lat="-34.4419611" lon="-58.5135926"/>
 <node id="1569181779" visible="true" version="1" changeset="10245170" timestamp="2011-12-30T13:25:59Z" user="estela" uid="89271" lat="-34.4420786" lon="-58.5144749"/>
 <node id="1569181780" visible="true" version="1" changeset="10245170" timestamp="2011-12-30T13:25:59Z" user="estela" uid="89271" lat="-34.4422112" lon="-58.5147599"/>
 <node id="1569181782" visible="true" version="1" changeset="10245170" timestamp="2011-12-30T13:25:59Z" user="estela" uid="89271" lat="-34.4422605" lon="-58.5152102"/>
 <node id="1569181790" visible="true" version="1" changeset="10245170" timestamp="2011-12-30T13:25:59Z" user="estela" uid="89271" lat="-34.4422946" lon="-58.5150539"/>
 <node id="1569181794" visible="true" version="2" changeset="21408507" timestamp="2014-03-30T20:50:03Z" user="Souchong" uid="255141" lat="-34.4422374" lon="-58.5213556"/>
 <node id="1569181798" visible="true" version="2" changeset="21408507" timestamp="2014-03-30T20:50:03Z" user="Souchong" uid="255141" lat="-34.4424623" lon="-58.5215436"/>
 <node id="1569181801" visible="true" version="2" changeset="21408507" timestamp="2014-03-30T20:50:03Z" user="Souchong" uid="255141" lat="-34.4424387" lon="-58.5214894"/>
 <node id="1569181804" visible="true" version="1" changeset="10245170" timestamp="2011-12-30T13:25:59Z" user="estela" uid="89271" lat="-34.4424533" lon="-58.5208192"/>
 <node id="1569181808" visible="true" version="2" changeset="172457308" timestamp="2025-09-25T20:17:30Z" user="muralito" uid="755114" lat="-34.4425424" lon="-58.5217615"/>
 <node id="1569181810" visible="true" version="1" changeset="10245170" timestamp="2011-12-30T13:26:00Z" user="estela" uid="89271" lat="-34.4425636" lon="-58.5156100"/>
 <node id="1569181812" visible="true" version="1" changeset="10245170" timestamp="2011-12-30T13:26:00Z" user="estela" uid="89271" lat="-34.4425745" lon="-58.5203964"/>
 <node id="1569181818" visible="true" version="1" changeset="10245170" timestamp="2011-12-30T13:26:00Z" user="estela" uid="89271" lat="-34.4426579" lon="-58.5218071"/>
 <node id="1569181820" visible="true" version="1" changeset="10245170" timestamp="2011-12-30T13:26:00Z" user="estela" uid="89271" lat="-34.4427266" lon="-58.5157892"/>
 <node id="1569181822" visible="true" version="2" changeset="21408507" timestamp="2014-03-30T20:50:03Z" user="Souchong" uid="255141" lat="-34.4428512" lon="-58.5204142"/>
 <node id="1569181825" visible="true" version="2" changeset="21408507" timestamp="2014-03-30T20:50:03Z" user="Souchong" uid="255141" lat="-34.4435016" lon="-58.5204994"/>
 <node id="1569181827" visible="true" version="1" changeset="10245170" timestamp="2011-12-30T13:26:00Z" user="estela" uid="89271" lat="-34.4428744" lon="-58.5159776"/>
 <node id="1569181829" visible="true" version="1" changeset="10245170" timestamp="2011-12-30T13:26:00Z" user="estela" uid="89271" lat="-34.4429308" lon="-58.5219634"/>
 <node id="1569181831" visible="true" version="2" changeset="21408507" timestamp="2014-03-30T20:50:03Z" user="Souchong" uid="255141" lat="-34.4435538" lon="-58.5204694"/>
 <node id="1569181833" visible="true" version="2" changeset="21408507" timestamp="2014-03-30T20:50:03Z" user="Souchong" uid="255141" lat="-34.4436894" lon="-58.5207825"/>
 <node id="1569181834" visible="true" version="1" changeset="10245170" timestamp="2011-12-30T13:26:01Z" user="estela" uid="89271" lat="-34.4429995" lon="-58.5164188"/>
 <node id="1569181845" visible="true" version="2" changeset="21408507" timestamp="2014-03-30T20:50:03Z" user="Souchong" uid="255141" lat="-34.4435245" lon="-58.5203690"/>
 <node id="1569181847" visible="true" version="2" changeset="21408507" timestamp="2014-03-30T20:50:03Z" user="Souchong" uid="255141" lat="-34.4435055" lon="-58.5202812"/>
 <node id="1569181849" visible="true" version="1" changeset="10245170" timestamp="2011-12-30T13:26:01Z" user="estela" uid="89271" lat="-34.4430374" lon="-58.5162441"/>
 <node id="1569181851" visible="true" version="1" changeset="10245170" timestamp="2011-12-30T13:26:01Z" user="estela" uid="89271" lat="-34.4431056" lon="-58.5166439"/>
 <node id="1569181855" visible="true" version="1" changeset="10245170" timestamp="2011-12-30T13:26:01Z" user="estela" uid="89271" lat="-34.4431695" lon="-58.5220875"/>
 <node id="1569181857" visible="true" version="1" changeset="10245170" timestamp="2011-12-30T13:26:01Z" user="estela" uid="89271" lat="-34.4431889" lon="-58.5169748"/>
 <node id="1569181875" visible="true" version="1" changeset="10245170" timestamp="2011-12-30T13:26:02Z" user="estela" uid="89271" lat="-34.4433595" lon="-58.5177698"/>
 <node id="1569181877" visible="true" version="1" changeset="10245170" timestamp="2011-12-30T13:26:02Z" user="estela" uid="89271" lat="-34.4433855" lon="-58.5222253"/>
 <node id="1569181879" visible="true" version="1" changeset="10245170" timestamp="2011-12-30T13:26:02Z" user="estela" uid="89271" lat="-34.4434879" lon="-58.5222621"/>
 <node id="1569181880" visible="true" version="1" changeset="10245170" timestamp="2011-12-30T13:26:02Z" user="estela" uid="89271" lat="-34.4435106" lon="-58.5216095"/>
 <node id="1569181881" visible="true" version="1" changeset="10245170" timestamp="2011-12-30T13:26:02Z" user="estela" uid="89271" lat="-34.4435111" lon="-58.5181558"/>
 <node id="1569181882" visible="true" version="3" changeset="21408507" timestamp="2014-03-30T20:50:03Z" user="Souchong" uid="255141" lat="-34.4435026" lon="-58.5218283"/>
 <node id="1569181883" visible="true" version="1" changeset="10245170" timestamp="2011-12-30T13:26:03Z" user="estela" uid="89271" lat="-34.4435144" lon="-58.5223356"/>
 <node id="1569181887" visible="true" version="1" changeset="10245170" timestamp="2011-12-30T13:26:03Z" user="estela" uid="89271" lat="-34.4435902" lon="-58.5213890"/>
 <node id="1569181888" visible="true" version="1" changeset="10245170" timestamp="2011-12-30T13:26:03Z" user="estela" uid="89271" lat="-34.4436546" lon="-58.5211822"/>
 <node id="1569181890" visible="true" version="1" changeset="10245170" timestamp="2011-12-30T13:26:03Z" user="estela" uid="89271" lat="-34.4436811" lon="-58.5209294"/>
 <node id="1569181892" visible="true" version="3" changeset="21408507" timestamp="2014-03-30T20:50:03Z" user="Souchong" uid="255141" lat="-34.4436878" lon="-58.5219691"/>
 <node id="1569181894" visible="true" version="1" changeset="10245170" timestamp="2011-12-30T13:26:03Z" user="estela" uid="89271" lat="-34.4437039" lon="-58.5228733"/>
 <node id="1569181896" visible="true" version="2" changeset="21408507" timestamp="2014-03-30T20:50:03Z" user="Souchong" uid="255141" lat="-34.4438817" lon="-58.5225237"/>
 <node id="1569181899" visible="true" version="2" changeset="21408507" timestamp="2014-03-30T20:50:03Z" user="Souchong" uid="255141" lat="-34.4437753" lon="-58.5228477"/>
 <node id="1569181900" visible="true" version="2" changeset="21408507" timestamp="2014-03-30T20:50:03Z" user="Souchong" uid="255141" lat="-34.4439780" lon="-58.5226400"/>
 <node id="1569181901" visible="true" version="2" changeset="21408507" timestamp="2014-03-30T20:50:03Z" user="Souchong" uid="255141" lat="-34.4439395" lon="-58.5227835"/>
 <node id="1569181902" visible="true" version="2" changeset="21408507" timestamp="2014-03-30T20:50:03Z" user="Souchong" uid="255141" lat="-34.4439738" lon="-58.5220566"/>
 <node id="1569181903" visible="true" version="1" changeset="10245170" timestamp="2011-12-30T13:26:04Z" user="estela" uid="89271" lat="-34.4441136" lon="-58.5194517"/>
 <node id="1569181904" visible="true" version="2" changeset="21408507" timestamp="2014-03-30T20:50:03Z" user="Souchong" uid="255141" lat="-34.4440893" lon="-58.5220941"/>
 <node id="1569181905" visible="true" version="2" changeset="21408507" timestamp="2014-03-30T20:50:03Z" user="Souchong" uid="255141" lat="-34.4441554" lon="-58.5220572"/>
 <node id="1569181906" visible="true" version="1" changeset="10245170" timestamp="2011-12-30T13:26:04Z" user="estela" uid="89271" lat="-34.4442538" lon="-58.5200536"/>
 <node id="1569181907" visible="true" version="1" changeset="10245170" timestamp="2011-12-30T13:26:04Z" user="estela" uid="89271" lat="-34.4442917" lon="-58.5204626"/>
 <node id="1569181915" visible="true" version="2" changeset="21408507" timestamp="2014-03-30T20:50:03Z" user="Souchong" uid="255141" lat="-34.4443549" lon="-58.5211001"/>
 <node id="1569181917" visible="true" version="2" changeset="21385458" timestamp="2014-03-29T16:13:07Z" user="Souchong" uid="255141" lat="-34.4470959" lon="-58.5180314"/>
 <node id="1569181919" visible="true" version="2" changeset="21385458" timestamp="2014-03-29T16:13:07Z" user="Souchong" uid="255141" lat="-34.4471911" lon="-58.5180393"/>
 <node id="1569181920" visible="true" version="2" changeset="21385458" timestamp="2014-03-29T16:13:07Z" user="Souchong" uid="255141" lat="-34.4472097" lon="-58.5170846"/>
 <node id="1569181921" visible="true" version="1" changeset="10245170" timestamp="2011-12-30T13:26:05Z" user="estela" uid="89271" lat="-34.4472373" lon="-58.5179999"/>
 <node id="1569181922" visible="true" version="2" changeset="21385458" timestamp="2014-03-29T16:13:07Z" user="Souchong" uid="255141" lat="-34.4473771" lon="-58.5171034"/>
 <node id="1569181923" visible="true" version="2" changeset="21385458" timestamp="2014-03-29T16:13:07Z" user="Souchong" uid="255141" lat="-34.4475078" lon="-58.5200589"/>
 <node id="1569181924" visible="true" version="2" changeset="10654159" timestamp="2012-02-11T16:02:14Z" user="estela" uid="89271" lat="-34.4476861" lon="-58.5179447"/>
 <node id="1569181925" visible="true" version="1" changeset="10245170" timestamp="2011-12-30T13:26:05Z" user="estela" uid="89271" lat="-34.4477943" lon="-58.5179126"/>
 <node id="1569181926" visible="true" version="2" changeset="21385458" timestamp="2014-03-29T16:13:07Z" user="Souchong" uid="255141" lat="-34.4477712" lon="-58.5195563"/>
 <node id="1569181927" visible="true" version="1" changeset="10245170" timestamp="2011-12-30T13:26:05Z" user="estela" uid="89271" lat="-34.4478265" lon="-58.5178643"/>
 <node id="1569181928" visible="true" version="1" changeset="10245170" timestamp="2011-12-30T13:26:05Z" user="estela" uid="89271" lat="-34.4479004" lon="-58.5176414"/>
 <node id="1569181929" visible="true" version="1" changeset="10245170" timestamp="2011-12-30T13:26:05Z" user="estela" uid="89271" lat="-34.4480463" lon="-58.5174117"/>
 <node id="1569181930" visible="true" version="1" changeset="10245170" timestamp="2011-12-30T13:26:05Z" user="estela" uid="89271" lat="-34.4481221" lon="-58.5179815"/>
 <node id="1569181931" visible="true" version="2" changeset="10654159" timestamp="2012-02-11T16:02:14Z" user="estela" uid="89271" lat="-34.4481797" lon="-58.5174727"/>
 <node id="1569181933" visible="true" version="1" changeset="10245170" timestamp="2011-12-30T13:26:05Z" user="estela" uid="89271" lat="-34.4481581" lon="-58.5177954"/>
 <node id="1569181934" visible="true" version="1" changeset="10245170" timestamp="2011-12-30T13:26:05Z" user="estela" uid="89271" lat="-34.4481619" lon="-58.5180435"/>
 <node id="1569181943" visible="true" version="1" changeset="10245170" timestamp="2011-12-30T13:26:06Z" user="estela" uid="89271" lat="-34.4482377" lon="-58.5176966"/>
 <node id="1569181944" visible="true" version="1" changeset="10245170" timestamp="2011-12-30T13:26:06Z" user="estela" uid="89271" lat="-34.4483002" lon="-58.5175840"/>
 <node id="1569181945" visible="true" version="2" changeset="21385458" timestamp="2014-03-29T16:13:07Z" user="Souchong" uid="255141" lat="-34.4483629" lon="-58.5203692"/>
 <node id="1569181946" visible="true" version="2" changeset="21590601" timestamp="2014-04-09T14:48:50Z" user="Souchong" uid="255141" lat="-34.4483974" lon="-58.5199709"/>
 <node id="1569181947" visible="true" version="2" changeset="21590601" timestamp="2014-04-09T14:48:50Z" user="Souchong" uid="255141" lat="-34.4484081" lon="-58.5201551"/>
 <node id="1569181948" visible="true" version="1" changeset="10245170" timestamp="2011-12-30T13:26:06Z" user="estela" uid="89271" lat="-34.4484205" lon="-58.5198054"/>
 <node id="1569181949" visible="true" version="2" changeset="21590601" timestamp="2014-04-09T14:48:50Z" user="Souchong" uid="255141" lat="-34.4484260" lon="-58.5200761"/>
 <node id="1569181950" visible="true" version="3" changeset="50867826" timestamp="2017-08-05T17:43:20Z" user="juanperez79" uid="6218510" lat="-34.4484827" lon="-58.5195220"/>
 <node id="1569181951" visible="true" version="2" changeset="21590601" timestamp="2014-04-09T14:48:50Z" user="Souchong" uid="255141" lat="-34.4484501" lon="-58.5201249"/>
 <node id="1569181958" visible="true" version="2" changeset="21590601" timestamp="2014-04-09T14:48:50Z" user="Souchong" uid="255141" lat="-34.4484480" lon="-58.5200842"/>
 <node id="1569181960" visible="true" version="1" changeset="10245170" timestamp="2011-12-30T13:26:07Z" user="estela" uid="89271" lat="-34.4485530" lon="-58.5201275"/>
 <node id="1569181962" visible="true" version="2" changeset="21590601" timestamp="2014-04-09T14:48:50Z" user="Souchong" uid="255141" lat="-34.4485533" lon="-58.5200894"/>
 <node id="1569181965" visible="true" version="1" changeset="10245170" timestamp="2011-12-30T13:26:07Z" user="estela" uid="89271" lat="-34.4485865" lon="-58.5201113">
  <tag k="leisure" v="slipway"/>
 </node>
 <node id="1569181971" visible="true" version="3" changeset="21479513" timestamp="2014-04-03T16:13:59Z" user="Souchong" uid="255141" lat="-34.4488626" lon="-58.5180994"/>
 <node id="1569181973" visible="true" version="2" changeset="21385458" timestamp="2014-03-29T16:13:07Z" user="Souchong" uid="255141" lat="-34.4488901" lon="-58.5187804"/>
 <node id="1569205769" visible="true" version="1" changeset="10245386" timestamp="2011-12-30T13:49:23Z" user="estela" uid="89271" lat="-34.4471803" lon="-58.5132213"/>
 <node id="1569205771" visible="true" version="1" changeset="10245386" timestamp="2011-12-30T13:49:23Z" user="estela" uid="89271" lat="-34.4472922" lon="-58.5126515"/>
 <node id="1569205798" visible="true" version="2" changeset="21465557" timestamp="2014-04-02T20:31:59Z" user="Souchong" uid="255141" lat="-34.4473088" lon="-58.5123515"/>
 <node id="1569205800" visible="true" version="1" changeset="10245386" timestamp="2011-12-30T13:49:23Z" user="estela" uid="89271" lat="-34.4473817" lon="-58.5120884"/>
 <node id="1569205801" visible="true" version="1" changeset="10245386" timestamp="2011-12-30T13:49:23Z" user="estela" uid="89271" lat="-34.4474209" lon="-58.5117900"/>
 <node id="1569205802" visible="true" version="1" changeset="10245386" timestamp="2011-12-30T13:49:23Z" user="estela" uid="89271" lat="-34.4474992" lon="-58.5113219"/>
 <node id="1569205803" visible="true" version="1" changeset="10245386" timestamp="2011-12-30T13:49:23Z" user="estela" uid="89271" lat="-34.4475775" lon="-58.5107520"/>
 <node id="1569205804" visible="true" version="1" changeset="10245386" timestamp="2011-12-30T13:49:23Z" user="estela" uid="89271" lat="-34.4476111" lon="-58.5103518"/>
 <node id="1569205805" visible="true" version="1" changeset="10245386" timestamp="2011-12-30T13:49:23Z" user="estela" uid="89271" lat="-34.4476447" lon="-58.5102161"/>
 <node id="1569205806" visible="true" version="1" changeset="10245386" timestamp="2011-12-30T13:49:23Z" user="estela" uid="89271" lat="-34.4476894" lon="-58.5097684"/>
 <node id="1569217648" visible="true" version="2" changeset="21385458" timestamp="2014-03-29T16:13:07Z" user="Souchong" uid="255141" lat="-34.4468071" lon="-58.5181465"/>
 <node id="1569217650" visible="true" version="2" changeset="21385458" timestamp="2014-03-29T16:13:07Z" user="Souchong" uid="255141" lat="-34.4469410" lon="-58.5183364"/>
 <node id="1569217652" visible="true" version="1" changeset="10245547" timestamp="2011-12-30T14:05:40Z" user="estela" uid="89271" lat="-34.4471152" lon="-58.5163383"/>
 <node id="1569217654" visible="true" version="1" changeset="10245547" timestamp="2011-12-30T14:05:40Z" user="estela" uid="89271" lat="-34.4472673" lon="-58.5135071"/>
 <node id="1569217657" visible="true" version="1" changeset="10245547" timestamp="2011-12-30T14:05:41Z" user="estela" uid="89271" lat="-34.4473792" lon="-58.5128219"/>
 <node id="1569217660" visible="true" version="1" changeset="10245547" timestamp="2011-12-30T14:05:41Z" user="estela" uid="89271" lat="-34.4473903" lon="-58.5129915"/>
 <node id="1569217663" visible="true" version="1" changeset="10245547" timestamp="2011-12-30T14:05:41Z" user="estela" uid="89271" lat="-34.4474351" lon="-58.5125506"/>
 <node id="1569217666" visible="true" version="1" changeset="10245547" timestamp="2011-12-30T14:05:41Z" user="estela" uid="89271" lat="-34.4474397" lon="-58.5160856"/>
 <node id="1569217679" visible="true" version="1" changeset="10245547" timestamp="2011-12-30T14:05:41Z" user="estela" uid="89271" lat="-34.4474743" lon="-58.5121639"/>
 <node id="1569217681" visible="true" version="1" changeset="10245547" timestamp="2011-12-30T14:05:41Z" user="estela" uid="89271" lat="-34.4475124" lon="-58.5160975"/>
 <node id="1569217683" visible="true" version="1" changeset="10245547" timestamp="2011-12-30T14:05:41Z" user="estela" uid="89271" lat="-34.4475152" lon="-58.5131499"/>
 <node id="1569217685" visible="true" version="1" changeset="10245547" timestamp="2011-12-30T14:05:41Z" user="estela" uid="89271" lat="-34.4475694" lon="-58.5116551"/>
 <node id="1569217687" visible="true" version="2" changeset="161855213" timestamp="2025-01-28T12:07:55Z" user="RideauCanal" uid="20109092" lat="-34.4475583" lon="-58.5127304"/>
 <node id="1569217689" visible="true" version="1" changeset="10245547" timestamp="2011-12-30T14:05:41Z" user="estela" uid="89271" lat="-34.4476141" lon="-58.5113838"/>
 <node id="1569217693" visible="true" version="1" changeset="10245547" timestamp="2011-12-30T14:05:41Z" user="estela" uid="89271" lat="-34.4476645" lon="-58.5109768"/>
 <node id="1569217694" visible="true" version="1" changeset="10245547" timestamp="2011-12-30T14:05:41Z" user="estela" uid="89271" lat="-34.4477148" lon="-58.5102441"/>
 <node id="1569217697" visible="true" version="1" changeset="10245547" timestamp="2011-12-30T14:05:41Z" user="estela" uid="89271" lat="-34.4477260" lon="-58.5104951"/>
 <node id="1569217703" visible="true" version="1" changeset="10245547" timestamp="2011-12-30T14:05:42Z" user="estela" uid="89271" lat="-34.4477596" lon="-58.5099049"/>
 <node id="1569217712" visible="true" version="2" changeset="161866533" timestamp="2025-01-28T17:24:41Z" user="RideauCanal" uid="20109092" lat="-34.4477624" lon="-58.5147755"/>
 <node id="1569217713" visible="true" version="1" changeset="10245547" timestamp="2011-12-30T14:05:42Z" user="estela" uid="89271" lat="-34.4477641" lon="-58.5151816"/>
 <node id="1569217716" visible="true" version="1" changeset="10245547" timestamp="2011-12-30T14:05:42Z" user="estela" uid="89271" lat="-34.4478267" lon="-58.5098710"/>
 <node id="1569217718" visible="true" version="2" changeset="21464360" timestamp="2014-04-02T19:31:04Z" user="Souchong" uid="255141" lat="-34.4478618" lon="-58.5143511"/>
 <node id="1569217720" visible="true" version="1" changeset="10245547" timestamp="2011-12-30T14:05:42Z" user="estela" uid="89271" lat="-34.4478603" lon="-58.5096607"/>
 <node id="1569217722" visible="true" version="2" changeset="161855213" timestamp="2025-01-28T12:07:55Z" user="RideauCanal" uid="20109092" lat="-34.4478720" lon="-58.5132845"/>
 <node id="1569217724" visible="true" version="1" changeset="10245547" timestamp="2011-12-30T14:05:42Z" user="estela" uid="89271" lat="-34.4479218" lon="-58.5093147"/>
 <node id="1569217727" visible="true" version="2" changeset="161855213" timestamp="2025-01-28T12:07:55Z" user="RideauCanal" uid="20109092" lat="-34.4479711" lon="-58.5128947"/>
 <node id="1569217731" visible="true" version="1" changeset="10245547" timestamp="2011-12-30T14:05:42Z" user="estela" uid="89271" lat="-34.4479777" lon="-58.5090570"/>
 <node id="1569217746" visible="true" version="1" changeset="10245547" timestamp="2011-12-30T14:05:43Z" user="estela" uid="89271" lat="-34.4480393" lon="-58.5087110"/>
 <node id="1569217748" visible="true" version="2" changeset="161855213" timestamp="2025-01-28T12:07:55Z" user="RideauCanal" uid="20109092" lat="-34.4481043" lon="-58.5123524"/>
 <node id="1569217749" visible="true" version="1" changeset="10245547" timestamp="2011-12-30T14:05:43Z" user="estela" uid="89271" lat="-34.4480952" lon="-58.5084193"/>
 <node id="1569217750" visible="true" version="2" changeset="21464360" timestamp="2014-04-02T19:31:04Z" user="Souchong" uid="255141" lat="-34.4481508" lon="-58.5082173"/>
 <node id="1569217751" visible="true" version="2" changeset="21464360" timestamp="2014-04-02T19:31:04Z" user="Souchong" uid="255141" lat="-34.4481847" lon="-58.5081443"/>
 <node id="1569217752" visible="true" version="2" changeset="161855213" timestamp="2025-01-28T12:07:55Z" user="RideauCanal" uid="20109092" lat="-34.4482357" lon="-58.5118131"/>
 <node id="1569217754" visible="true" version="2" changeset="161855213" timestamp="2025-01-28T12:07:55Z" user="RideauCanal" uid="20109092" lat="-34.4483656" lon="-58.5112639"/>
 <node id="1569217756" visible="true" version="2" changeset="21465557" timestamp="2014-04-02T20:31:59Z" user="Souchong" uid="255141" lat="-34.4483936" lon="-58.5081426"/>
 <node id="1569217758" visible="true" version="2" changeset="161855213" timestamp="2025-01-28T12:07:55Z" user="RideauCanal" uid="20109092" lat="-34.4484912" lon="-58.5107307"/>
 <node id="1569217760" visible="true" version="2" changeset="21465557" timestamp="2014-04-02T20:31:59Z" user="Souchong" uid="255141" lat="-34.4484994" lon="-58.5102959"/>
 <node id="1569217774" visible="true" version="2" changeset="21465557" timestamp="2014-04-02T20:31:59Z" user="Souchong" uid="255141" lat="-34.4485379" lon="-58.5103438"/>
 <node id="1569217776" visible="true" version="2" changeset="10657378" timestamp="2012-02-11T20:57:29Z" user="estela" uid="89271" lat="-34.4486082" lon="-58.5145666"/>
 <node id="1569217778" visible="true" version="2" changeset="10657378" timestamp="2012-02-11T20:57:29Z" user="estela" uid="89271" lat="-34.4487112" lon="-58.5146222"/>
 <node id="1569217784" visible="true" version="2" changeset="21467432" timestamp="2014-04-02T22:30:09Z" user="Souchong" uid="255141" lat="-34.4542604" lon="-58.5096879"/>
 <node id="1569217786" visible="true" version="2" changeset="21467432" timestamp="2014-04-02T22:30:09Z" user="Souchong" uid="255141" lat="-34.4542591" lon="-58.5098294"/>
 <node id="1569217788" visible="true" version="1" changeset="10245547" timestamp="2011-12-30T14:05:44Z" user="estela" uid="89271" lat="-34.4543035" lon="-58.5099438"/>
 <node id="1569217790" visible="true" version="2" changeset="21467432" timestamp="2014-04-02T22:30:09Z" user="Souchong" uid="255141" lat="-34.4543453" lon="-58.5096077"/>
 <node id="1569217791" visible="true" version="2" changeset="21467432" timestamp="2014-04-02T22:30:09Z" user="Souchong" uid="255141" lat="-34.4544208" lon="-58.5101378"/>
 <node id="1569217793" visible="true" version="1" changeset="10245547" timestamp="2011-12-30T14:05:44Z" user="estela" uid="89271" lat="-34.4545368" lon="-58.5103018"/>
 <node id="1569217806" visible="true" version="1" changeset="10245547" timestamp="2011-12-30T14:05:44Z" user="estela" uid="89271" lat="-34.4545791" lon="-58.5100427"/>
 <node id="1569217807" visible="true" version="1" changeset="10245547" timestamp="2011-12-30T14:05:44Z" user="estela" uid="89271" lat="-34.4546286" lon="-58.5104432"/>
 <node id="1569217808" visible="true" version="1" changeset="10245547" timestamp="2011-12-30T14:05:44Z" user="estela" uid="89271" lat="-34.4546668" lon="-58.5101340"/>
 <node id="1569217810" visible="true" version="2" changeset="21467432" timestamp="2014-04-02T22:30:09Z" user="Souchong" uid="255141" lat="-34.4548041" lon="-58.5099117"/>
 <node id="1569217811" visible="true" version="2" changeset="21467432" timestamp="2014-04-02T22:30:09Z" user="Souchong" uid="255141" lat="-34.4548296" lon="-58.5099510"/>
 <node id="1569217813" visible="true" version="2" changeset="21467432" timestamp="2014-04-02T22:30:09Z" user="Souchong" uid="255141" lat="-34.4548707" lon="-58.5098308"/>
 <node id="1569217815" visible="true" version="1" changeset="10245547" timestamp="2011-12-30T14:05:44Z" user="estela" uid="89271" lat="-34.4548970" lon="-58.5098574"/>
 <node id="1569217817" visible="true" version="1" changeset="10245547" timestamp="2011-12-30T14:05:44Z" user="estela" uid="89271" lat="-34.4550002" lon="-58.5097072"/>
 <node id="1569236217" visible="true" version="1" changeset="10245685" timestamp="2011-12-30T14:22:24Z" user="estela" uid="89271" lat="-34.4369948" lon="-58.5306371"/>
 <node id="1569236225" visible="true" version="1" changeset="10245685" timestamp="2011-12-30T14:22:25Z" user="estela" uid="89271" lat="-34.4371412" lon="-58.5297145"/>
 <node id="1569236227" visible="true" version="1" changeset="10245685" timestamp="2011-12-30T14:22:25Z" user="estela" uid="89271" lat="-34.4371714" lon="-58.5293119"/>
 <node id="1569284020" visible="true" version="2" changeset="21479513" timestamp="2014-04-03T16:13:59Z" user="Souchong" uid="255141" lat="-34.4369183" lon="-58.5317681"/>
 <node id="1569284029" visible="true" version="1" changeset="10246036" timestamp="2011-12-30T15:01:32Z" user="estela" uid="89271" lat="-34.4369487" lon="-58.5310580"/>
 <node id="1569284157" visible="true" version="1" changeset="10246036" timestamp="2011-12-30T15:01:36Z" user="estela" uid="89271" lat="-34.4401996" lon="-58.5110348"/>
 <node id="1569284162" visible="true" version="1" changeset="10246036" timestamp="2011-12-30T15:01:36Z" user="estela" uid="89271" lat="-34.4402150" lon="-58.5113017"/>
 <node id="1569284189" visible="true" version="1" changeset="10246036" timestamp="2011-12-30T15:01:36Z" user="estela" uid="89271" lat="-34.4402610" lon="-58.5106060"/>
 <node id="1569284264" visible="true" version="1" changeset="10246036" timestamp="2011-12-30T15:01:37Z" user="estela" uid="89271" lat="-34.4404299" lon="-58.5115747"/>
 <node id="1569284318" visible="true" version="1" changeset="10246036" timestamp="2011-12-30T15:01:38Z" user="estela" uid="89271" lat="-34.4406910" lon="-58.5117858"/>
 <node id="1569284325" visible="true" version="1" changeset="10246036" timestamp="2011-12-30T15:01:39Z" user="estela" uid="89271" lat="-34.4408650" lon="-58.5120154"/>
 <node id="1569284329" visible="true" version="2" changeset="10655539" timestamp="2012-02-11T18:05:55Z" user="estela" uid="89271" lat="-34.4412159" lon="-58.5124638"/>
 <node id="1569284359" visible="true" version="1" changeset="10246036" timestamp="2011-12-30T15:01:39Z" user="estela" uid="89271" lat="-34.4410134" lon="-58.5123071"/>
 <node id="1569284364" visible="true" version="2" changeset="10655539" timestamp="2012-02-11T18:05:55Z" user="estela" uid="89271" lat="-34.4412930" lon="-58.5128046"/>
 <node id="1569284373" visible="true" version="2" changeset="10655539" timestamp="2012-02-11T18:05:55Z" user="estela" uid="89271" lat="-34.4413514" lon="-58.5140516"/>
 <node id="1569284374" visible="true" version="2" changeset="10655539" timestamp="2012-02-11T18:05:55Z" user="estela" uid="89271" lat="-34.4413853" lon="-58.5138766"/>
 <node id="1569284376" visible="true" version="1" changeset="10246036" timestamp="2011-12-30T15:01:40Z" user="estela" uid="89271" lat="-34.4412232" lon="-58.5147523"/>
 <node id="1569284406" visible="true" version="1" changeset="10246036" timestamp="2011-12-30T15:01:40Z" user="estela" uid="89271" lat="-34.4413205" lon="-58.5145102"/>
 <node id="1569284409" visible="true" version="1" changeset="10246036" timestamp="2011-12-30T15:01:40Z" user="estela" uid="89271" lat="-34.4413614" lon="-58.5141441"/>
 <node id="1569284415" visible="true" version="1" changeset="10246036" timestamp="2011-12-30T15:01:40Z" user="estela" uid="89271" lat="-34.4413768" lon="-58.5131139"/>
 <node id="1569284416" visible="true" version="1" changeset="10246036" timestamp="2011-12-30T15:01:40Z" user="estela" uid="89271" lat="-34.4414382" lon="-58.5135917"/>
 <node id="1569284424" visible="true" version="1" changeset="10246036" timestamp="2011-12-30T15:01:40Z" user="estela" uid="89271" lat="-34.4415764" lon="-58.5149198"/>
 <node id="1569284458" visible="true" version="1" changeset="10246036" timestamp="2011-12-30T15:01:41Z" user="estela" uid="89271" lat="-34.4418272" lon="-58.5150874"/>
 <node id="1569284460" visible="true" version="1" changeset="10246036" timestamp="2011-12-30T15:01:41Z" user="estela" uid="89271" lat="-34.4418886" lon="-58.5153791"/>
 <node id="1569284473" visible="true" version="1" changeset="10246036" timestamp="2011-12-30T15:01:41Z" user="estela" uid="89271" lat="-34.4420268" lon="-58.5156522"/>
 <node id="1569284476" visible="true" version="1" changeset="10246036" timestamp="2011-12-30T15:01:41Z" user="estela" uid="89271" lat="-34.4420479" lon="-58.5254512"/>
 <node id="1569284478" visible="true" version="1" changeset="10246036" timestamp="2011-12-30T15:01:41Z" user="estela" uid="89271" lat="-34.4420729" lon="-58.5159252"/>
 <node id="1569284482" visible="true" version="1" changeset="10246036" timestamp="2011-12-30T15:01:41Z" user="estela" uid="89271" lat="-34.4420787" lon="-58.5255894"/>
 <node id="1569284486" visible="true" version="1" changeset="10246036" timestamp="2011-12-30T15:01:41Z" user="estela" uid="89271" lat="-34.4420986" lon="-58.5250211"/>
 <node id="1569284513" visible="true" version="1" changeset="10246036" timestamp="2011-12-30T15:01:42Z" user="estela" uid="89271" lat="-34.4421203" lon="-58.5252800"/>
 <node id="1569284515" visible="true" version="1" changeset="10246036" timestamp="2011-12-30T15:01:42Z" user="estela" uid="89271" lat="-34.4421701" lon="-58.5159997"/>
 <node id="1569284516" visible="true" version="1" changeset="10246036" timestamp="2011-12-30T15:01:42Z" user="estela" uid="89271" lat="-34.4421782" lon="-58.5251967"/>
 <node id="1569284517" visible="true" version="1" changeset="10246036" timestamp="2011-12-30T15:01:42Z" user="estela" uid="89271" lat="-34.4422144" lon="-58.5248083"/>
 <node id="1569284519" visible="true" version="1" changeset="10246036" timestamp="2011-12-30T15:01:42Z" user="estela" uid="89271" lat="-34.4422506" lon="-58.5250562"/>
 <node id="1569284520" visible="true" version="1" changeset="10246036" timestamp="2011-12-30T15:01:42Z" user="estela" uid="89271" lat="-34.4422705" lon="-58.5247578"/>
 <node id="1569284522" visible="true" version="1" changeset="10246036" timestamp="2011-12-30T15:01:42Z" user="estela" uid="89271" lat="-34.4422958" lon="-58.5247885"/>
 <node id="1569284523" visible="true" version="1" changeset="10246036" timestamp="2011-12-30T15:01:42Z" user="estela" uid="89271" lat="-34.4423031" lon="-58.5249202"/>
 <node id="1569284525" visible="true" version="1" changeset="10246036" timestamp="2011-12-30T15:01:42Z" user="estela" uid="89271" lat="-34.4425028" lon="-58.5163783"/>
 <node id="1569284526" visible="true" version="1" changeset="10246036" timestamp="2011-12-30T15:01:42Z" user="estela" uid="89271" lat="-34.4425233" lon="-58.5165644"/>
 <node id="1569284527" visible="true" version="1" changeset="10246036" timestamp="2011-12-30T15:01:42Z" user="estela" uid="89271" lat="-34.4425999" lon="-58.5248648"/>
 <node id="1569284529" visible="true" version="1" changeset="10246036" timestamp="2011-12-30T15:01:42Z" user="estela" uid="89271" lat="-34.4427024" lon="-58.5166699"/>
 <node id="1569284531" visible="true" version="1" changeset="10246036" timestamp="2011-12-30T15:01:42Z" user="estela" uid="89271" lat="-34.4427733" lon="-58.5245075"/>
 <node id="1569284533" visible="true" version="1" changeset="10246036" timestamp="2011-12-30T15:01:42Z" user="estela" uid="89271" lat="-34.4428347" lon="-58.5244548"/>
 <node id="1569284552" visible="true" version="1" changeset="10246036" timestamp="2011-12-30T15:01:43Z" user="estela" uid="89271" lat="-34.4429122" lon="-58.5168127"/>
 <node id="1569284553" visible="true" version="1" changeset="10246036" timestamp="2011-12-30T15:01:43Z" user="estela" uid="89271" lat="-34.4429583" lon="-58.5173464"/>
 <node id="1569284555" visible="true" version="1" changeset="10246036" timestamp="2011-12-30T15:01:43Z" user="estela" uid="89271" lat="-34.4429890" lon="-58.5170051"/>
 <node id="1569284557" visible="true" version="1" changeset="10246036" timestamp="2011-12-30T15:01:43Z" user="estela" uid="89271" lat="-34.4430676" lon="-58.5238279"/>
 <node id="1569284559" visible="true" version="1" changeset="10246036" timestamp="2011-12-30T15:01:43Z" user="estela" uid="89271" lat="-34.4431323" lon="-58.5175947"/>
 <node id="1569284561" visible="true" version="1" changeset="10246036" timestamp="2011-12-30T15:01:43Z" user="estela" uid="89271" lat="-34.4432314" lon="-58.5234742"/>
 <node id="1569284563" visible="true" version="1" changeset="10246036" timestamp="2011-12-30T15:01:43Z" user="estela" uid="89271" lat="-34.4432749" lon="-58.5233004"/>
 <node id="1569284564" visible="true" version="1" changeset="10246036" timestamp="2011-12-30T15:01:43Z" user="estela" uid="89271" lat="-34.4433619" lon="-58.5231329"/>
 <node id="1569284565" visible="true" version="1" changeset="10246036" timestamp="2011-12-30T15:01:43Z" user="estela" uid="89271" lat="-34.4434292" lon="-58.5182959"/>
 <node id="1569284567" visible="true" version="1" changeset="10246036" timestamp="2011-12-30T15:01:43Z" user="estela" uid="89271" lat="-34.4434796" lon="-58.5223461"/>
 <node id="1569284568" visible="true" version="1" changeset="10246036" timestamp="2011-12-30T15:01:43Z" user="estela" uid="89271" lat="-34.4434802" lon="-58.5218834"/>
 <node id="1569284569" visible="true" version="1" changeset="10246036" timestamp="2011-12-30T15:01:43Z" user="estela" uid="89271" lat="-34.4435026" lon="-58.5223694"/>
 <node id="1569284570" visible="true" version="1" changeset="10246036" timestamp="2011-12-30T15:01:43Z" user="estela" uid="89271" lat="-34.4435109" lon="-58.5219580"/>
 <node id="1569284592" visible="true" version="1" changeset="10246036" timestamp="2011-12-30T15:01:44Z" user="estela" uid="89271" lat="-34.4435807" lon="-58.5224299"/>
 <node id="1569284595" visible="true" version="1" changeset="10246036" timestamp="2011-12-30T15:01:44Z" user="estela" uid="89271" lat="-34.4435856" lon="-58.5219544"/>
 <node id="1569284599" visible="true" version="1" changeset="10246036" timestamp="2011-12-30T15:01:44Z" user="estela" uid="89271" lat="-34.4436267" lon="-58.5228488"/>
 <node id="1569284601" visible="true" version="1" changeset="10246036" timestamp="2011-12-30T15:01:44Z" user="estela" uid="89271" lat="-34.4436339" lon="-58.5189600"/>
 <node id="1569284603" visible="true" version="1" changeset="10246036" timestamp="2011-12-30T15:01:44Z" user="estela" uid="89271" lat="-34.4436366" lon="-58.5217781"/>
 <node id="1569284604" visible="true" version="1" changeset="10246036" timestamp="2011-12-30T15:01:44Z" user="estela" uid="89271" lat="-34.4436472" lon="-58.5225152"/>
 <node id="1569284605" visible="true" version="1" changeset="10246036" timestamp="2011-12-30T15:01:44Z" user="estela" uid="89271" lat="-34.4436571" lon="-58.5216369"/>
 <node id="1569284606" visible="true" version="1" changeset="10246036" timestamp="2011-12-30T15:01:44Z" user="estela" uid="89271" lat="-34.4436587" lon="-58.5227991"/>
 <node id="1569284607" visible="true" version="1" changeset="10246036" timestamp="2011-12-30T15:01:44Z" user="estela" uid="89271" lat="-34.4436737" lon="-58.5218417"/>
 <node id="1569284608" visible="true" version="1" changeset="10246036" timestamp="2011-12-30T15:01:44Z" user="estela" uid="89271" lat="-34.4436843" lon="-58.5225788"/>
 <node id="1569284610" visible="true" version="1" changeset="10246036" timestamp="2011-12-30T15:01:44Z" user="estela" uid="89271" lat="-34.4436865" lon="-58.5215686"/>
 <node id="1569284612" visible="true" version="1" changeset="10246036" timestamp="2011-12-30T15:01:44Z" user="estela" uid="89271" lat="-34.4436993" lon="-58.5213436"/>
 <node id="1569284613" visible="true" version="1" changeset="10246036" timestamp="2011-12-30T15:01:44Z" user="estela" uid="89271" lat="-34.4437006" lon="-58.5208782"/>
 <node id="1569284615" visible="true" version="1" changeset="10246036" timestamp="2011-12-30T15:01:44Z" user="estela" uid="89271" lat="-34.4437160" lon="-58.5214181"/>
 <node id="1569284617" visible="true" version="1" changeset="10246036" timestamp="2011-12-30T15:01:44Z" user="estela" uid="89271" lat="-34.4437227" lon="-58.5226254"/>
 <node id="1569284638" visible="true" version="1" changeset="10246036" timestamp="2011-12-30T15:01:45Z" user="estela" uid="89271" lat="-34.4437227" lon="-58.5227060"/>
 <node id="1569284640" visible="true" version="1" changeset="10246036" timestamp="2011-12-30T15:01:45Z" user="estela" uid="89271" lat="-34.4437313" lon="-58.5218712"/>
 <node id="1569284642" visible="true" version="1" changeset="10246036" timestamp="2011-12-30T15:01:45Z" user="estela" uid="89271" lat="-34.4437339" lon="-58.5207323"/>
 <node id="1569284644" visible="true" version="1" changeset="10246036" timestamp="2011-12-30T15:01:45Z" user="estela" uid="89271" lat="-34.4437339" lon="-58.5215065"/>
 <node id="1569284645" visible="true" version="1" changeset="10246036" timestamp="2011-12-30T15:01:45Z" user="estela" uid="89271" lat="-34.4437467" lon="-58.5211652"/>
 <node id="1569284647" visible="true" version="1" changeset="10246036" timestamp="2011-12-30T15:01:45Z" user="estela" uid="89271" lat="-34.4437505" lon="-58.5213017"/>
 <node id="1569284649" visible="true" version="1" changeset="10246036" timestamp="2011-12-30T15:01:45Z" user="estela" uid="89271" lat="-34.4437799" lon="-58.5218991"/>
 <node id="1569284651" visible="true" version="1" changeset="10246036" timestamp="2011-12-30T15:01:45Z" user="estela" uid="89271" lat="-34.4437812" lon="-58.5206765"/>
 <node id="1569284653" visible="true" version="1" changeset="10246036" timestamp="2011-12-30T15:01:45Z" user="estela" uid="89271" lat="-34.4437927" lon="-58.5209402"/>
 <node id="1569284655" visible="true" version="1" changeset="10246036" timestamp="2011-12-30T15:01:45Z" user="estela" uid="89271" lat="-34.4437927" lon="-58.5210659"/>
 <node id="1569284658" visible="true" version="1" changeset="10246036" timestamp="2011-12-30T15:01:45Z" user="estela" uid="89271" lat="-34.4438068" lon="-58.5207696"/>
 <node id="1569284660" visible="true" version="1" changeset="10246036" timestamp="2011-12-30T15:01:45Z" user="estela" uid="89271" lat="-34.4438079" lon="-58.5193200"/>
 <node id="1569284662" visible="true" version="1" changeset="10246036" timestamp="2011-12-30T15:01:45Z" user="estela" uid="89271" lat="-34.4438094" lon="-58.5208673"/>
 <node id="1569284664" visible="true" version="1" changeset="10246036" timestamp="2011-12-30T15:01:45Z" user="estela" uid="89271" lat="-34.4438413" lon="-58.5206889"/>
 <node id="1569284678" visible="true" version="1" changeset="10246036" timestamp="2011-12-30T15:01:45Z" user="estela" uid="89271" lat="-34.4438426" lon="-58.5219255"/>
 <node id="1569284681" visible="true" version="1" changeset="10246036" timestamp="2011-12-30T15:01:45Z" user="estela" uid="89271" lat="-34.4438516" lon="-58.5207370"/>
 <node id="1569284685" visible="true" version="1" changeset="10246036" timestamp="2011-12-30T15:01:46Z" user="estela" uid="89271" lat="-34.4438951" lon="-58.5207215"/>
 <node id="1569284688" visible="true" version="1" changeset="10246036" timestamp="2011-12-30T15:01:46Z" user="estela" uid="89271" lat="-34.4439156" lon="-58.5218836"/>
 <node id="1569284690" visible="true" version="1" changeset="10246036" timestamp="2011-12-30T15:01:46Z" user="estela" uid="89271" lat="-34.4439256" lon="-58.5199716"/>
 <node id="1569284693" visible="true" version="1" changeset="10246036" timestamp="2011-12-30T15:01:46Z" user="estela" uid="89271" lat="-34.4439501" lon="-58.5219286"/>
 <node id="1569284694" visible="true" version="2" changeset="21408507" timestamp="2014-03-30T20:50:03Z" user="Souchong" uid="255141" lat="-34.4439269" lon="-58.5220407"/>
 <node id="1569284695" visible="true" version="1" changeset="10246036" timestamp="2011-12-30T15:01:46Z" user="estela" uid="89271" lat="-34.4440536" lon="-58.5217714"/>
 <node id="1569284696" visible="true" version="1" changeset="10246036" timestamp="2011-12-30T15:01:46Z" user="estela" uid="89271" lat="-34.4440740" lon="-58.5204184"/>
 <node id="1569284697" visible="true" version="1" changeset="10246036" timestamp="2011-12-30T15:01:46Z" user="estela" uid="89271" lat="-34.4441252" lon="-58.5215169"/>
 <node id="1569284698" visible="true" version="1" changeset="10246036" timestamp="2011-12-30T15:01:46Z" user="estela" uid="89271" lat="-34.4441662" lon="-58.5210328"/>
 <node id="1569306105" visible="true" version="1" changeset="10246166" timestamp="2011-12-30T15:17:38Z" user="estela" uid="89271" lat="-34.4430237" lon="-58.5202564"/>
 <node id="1569306106" visible="true" version="1" changeset="10246166" timestamp="2011-12-30T15:17:38Z" user="estela" uid="89271" lat="-34.4431486" lon="-58.5202783"/>
 <node id="1569306107" visible="true" version="1" changeset="10246166" timestamp="2011-12-30T15:17:38Z" user="estela" uid="89271" lat="-34.4432933" lon="-58.5203024"/>
 <node id="1569306109" visible="true" version="1" changeset="10246166" timestamp="2011-12-30T15:17:38Z" user="estela" uid="89271" lat="-34.4434652" lon="-58.5203266"/>
 <node id="1569306112" visible="true" version="2" changeset="21408507" timestamp="2014-03-30T20:50:03Z" user="Souchong" uid="255141" lat="-34.4435149" lon="-58.5203345"/>
 <node id="1569306140" visible="true" version="3" changeset="177826779" timestamp="2026-01-29T01:12:56Z" user="Josuer" uid="3382594" lat="-34.4485975" lon="-58.5101720"/>
 <node id="1569306142" visible="true" version="2" changeset="14605532" timestamp="2013-01-11T01:31:12Z" user="Zalitoar" uid="79602" lat="-34.4486810" lon="-58.5081931"/>
 <node id="1569306144" visible="true" version="2" changeset="161855213" timestamp="2025-01-28T12:07:55Z" user="RideauCanal" uid="20109092" lat="-34.4487222" lon="-58.5096570"/>
 <node id="1569306154" visible="true" version="3" changeset="177826779" timestamp="2026-01-29T01:12:56Z" user="Josuer" uid="3382594" lat="-34.4488530" lon="-58.5091176"/>
 <node id="1569306157" visible="true" version="2" changeset="161909681" timestamp="2025-01-29T18:41:48Z" user="MahaweliValley" uid="17834724" lat="-34.4489071" lon="-58.5086548"/>
 <node id="1569317599" visible="true" version="1" changeset="10246243" timestamp="2011-12-30T15:25:52Z" user="estela" uid="89271" lat="-34.4421385" lon="-58.5254909"/>
 <node id="1569317607" visible="true" version="1" changeset="10246243" timestamp="2011-12-30T15:25:52Z" user="estela" uid="89271" lat="-34.4421837" lon="-58.5253746"/>
 <node id="1569317608" visible="true" version="1" changeset="10246243" timestamp="2011-12-30T15:25:53Z" user="estela" uid="89271" lat="-34.4422742" lon="-58.5253702"/>
 <node id="1569317609" visible="true" version="1" changeset="10246243" timestamp="2011-12-30T15:25:53Z" user="estela" uid="89271" lat="-34.4423140" lon="-58.5252517"/>
 <node id="1569317610" visible="true" version="1" changeset="10246243" timestamp="2011-12-30T15:25:53Z" user="estela" uid="89271" lat="-34.4423575" lon="-58.5250060"/>
 <node id="1569317612" visible="true" version="1" changeset="10246243" timestamp="2011-12-30T15:25:53Z" user="estela" uid="89271" lat="-34.4423575" lon="-58.5251354"/>
 <node id="1569317614" visible="true" version="1" changeset="10246243" timestamp="2011-12-30T15:25:53Z" user="estela" uid="89271" lat="-34.4423918" lon="-58.5245276"/>
 <node id="1569317616" visible="true" version="1" changeset="10246243" timestamp="2011-12-30T15:25:53Z" user="estela" uid="89271" lat="-34.4423955" lon="-58.5247602"/>
 <node id="1569317618" visible="true" version="1" changeset="10246243" timestamp="2011-12-30T15:25:53Z" user="estela" uid="89271" lat="-34.4424624" lon="-58.5248524"/>
 <node id="1569317620" visible="true" version="1" changeset="10246243" timestamp="2011-12-30T15:25:53Z" user="estela" uid="89271" lat="-34.4424751" lon="-58.5247514"/>
 <node id="1569317622" visible="true" version="1" changeset="10246243" timestamp="2011-12-30T15:25:53Z" user="estela" uid="89271" lat="-34.4424896" lon="-58.5243806"/>
 <node id="1569317624" visible="true" version="1" changeset="10246243" timestamp="2011-12-30T15:25:53Z" user="estela" uid="89271" lat="-34.4425185" lon="-58.5246812"/>
 <node id="1569317626" visible="true" version="1" changeset="10246243" timestamp="2011-12-30T15:25:53Z" user="estela" uid="89271" lat="-34.4425420" lon="-58.5218288"/>
 <node id="1569317627" visible="true" version="1" changeset="10246243" timestamp="2011-12-30T15:25:53Z" user="estela" uid="89271" lat="-34.4425457" lon="-58.5244355"/>
 <node id="1569317628" visible="true" version="1" changeset="10246243" timestamp="2011-12-30T15:25:53Z" user="estela" uid="89271" lat="-34.4425656" lon="-58.5243719"/>
 <node id="1569317629" visible="true" version="1" changeset="10246243" timestamp="2011-12-30T15:25:53Z" user="estela" uid="89271" lat="-34.4425728" lon="-58.5245979"/>
 <node id="1569317630" visible="true" version="1" changeset="10246243" timestamp="2011-12-30T15:25:54Z" user="estela" uid="89271" lat="-34.4425782" lon="-58.5247339"/>
 <node id="1569317631" visible="true" version="1" changeset="10246243" timestamp="2011-12-30T15:25:54Z" user="estela" uid="89271" lat="-34.4425855" lon="-58.5241919"/>
 <node id="1569317632" visible="true" version="1" changeset="10246243" timestamp="2011-12-30T15:25:54Z" user="estela" uid="89271" lat="-34.4425927" lon="-58.5245430"/>
 <node id="1569317633" visible="true" version="1" changeset="10246243" timestamp="2011-12-30T15:25:54Z" user="estela" uid="89271" lat="-34.4426470" lon="-58.5245935"/>
 <node id="1569317634" visible="true" version="1" changeset="10246243" timestamp="2011-12-30T15:25:54Z" user="estela" uid="89271" lat="-34.4426615" lon="-58.5243740"/>
 <node id="1569317635" visible="true" version="2" changeset="172457308" timestamp="2025-09-25T20:17:30Z" user="muralito" uid="755114" lat="-34.4425723" lon="-58.5218978"/>
 <node id="1569317636" visible="true" version="1" changeset="10246243" timestamp="2011-12-30T15:25:54Z" user="estela" uid="89271" lat="-34.4426814" lon="-58.5238540"/>
 <node id="1569317637" visible="true" version="1" changeset="10246243" timestamp="2011-12-30T15:25:54Z" user="estela" uid="89271" lat="-34.4427157" lon="-58.5243038"/>
 <node id="1569317639" visible="true" version="1" changeset="10246243" timestamp="2011-12-30T15:25:54Z" user="estela" uid="89271" lat="-34.4427501" lon="-58.5244421"/>
 <node id="1569317641" visible="true" version="1" changeset="10246243" timestamp="2011-12-30T15:25:54Z" user="estela" uid="89271" lat="-34.4427700" lon="-58.5240098"/>
 <node id="1569317643" visible="true" version="1" changeset="10246243" timestamp="2011-12-30T15:25:54Z" user="estela" uid="89271" lat="-34.4428026" lon="-58.5241480"/>
 <node id="1569317645" visible="true" version="1" changeset="10246243" timestamp="2011-12-30T15:25:54Z" user="estela" uid="89271" lat="-34.4428117" lon="-58.5243455"/>
 <node id="1569317646" visible="true" version="1" changeset="10246243" timestamp="2011-12-30T15:25:54Z" user="estela" uid="89271" lat="-34.4428316" lon="-58.5239901"/>
 <node id="1569317650" visible="true" version="1" changeset="10246243" timestamp="2011-12-30T15:25:54Z" user="estela" uid="89271" lat="-34.4428334" lon="-58.5235030"/>
 <node id="1569317652" visible="true" version="1" changeset="10246243" timestamp="2011-12-30T15:25:54Z" user="estela" uid="89271" lat="-34.4428370" lon="-58.5238058"/>
 <node id="1569317654" visible="true" version="1" changeset="10246243" timestamp="2011-12-30T15:25:54Z" user="estela" uid="89271" lat="-34.4428696" lon="-58.5236982"/>
 <node id="1569317656" visible="true" version="1" changeset="10246243" timestamp="2011-12-30T15:25:54Z" user="estela" uid="89271" lat="-34.4428768" lon="-58.5239308"/>
 <node id="1569317658" visible="true" version="1" changeset="10246243" timestamp="2011-12-30T15:25:54Z" user="estela" uid="89271" lat="-34.4428840" lon="-58.5233384"/>
 <node id="1569317660" visible="true" version="1" changeset="10246243" timestamp="2011-12-30T15:25:54Z" user="estela" uid="89271" lat="-34.4429202" lon="-58.5240910"/>
 <node id="1569317662" visible="true" version="1" changeset="10246243" timestamp="2011-12-30T15:25:54Z" user="estela" uid="89271" lat="-34.4429383" lon="-58.5235161"/>
 <node id="1569317664" visible="true" version="1" changeset="10246243" timestamp="2011-12-30T15:25:54Z" user="estela" uid="89271" lat="-34.4429836" lon="-58.5238825"/>
 <node id="1569317666" visible="true" version="1" changeset="10246243" timestamp="2011-12-30T15:25:55Z" user="estela" uid="89271" lat="-34.4429980" lon="-58.5235863"/>
 <node id="1569317668" visible="true" version="1" changeset="10246243" timestamp="2011-12-30T15:25:55Z" user="estela" uid="89271" lat="-34.4430216" lon="-58.5232945"/>
 <node id="1569317670" visible="true" version="1" changeset="10246243" timestamp="2011-12-30T15:25:55Z" user="estela" uid="89271" lat="-34.4430469" lon="-58.5234108"/>
 <node id="1569317672" visible="true" version="1" changeset="10246243" timestamp="2011-12-30T15:25:55Z" user="estela" uid="89271" lat="-34.4430582" lon="-58.5238531"/>
 <node id="1569317673" visible="true" version="1" changeset="10246243" timestamp="2011-12-30T15:25:55Z" user="estela" uid="89271" lat="-34.4430795" lon="-58.5235885"/>
 <node id="1569317674" visible="true" version="1" changeset="10246243" timestamp="2011-12-30T15:25:55Z" user="estela" uid="89271" lat="-34.4431102" lon="-58.5234415"/>
 <node id="1569317678" visible="true" version="2" changeset="172457308" timestamp="2025-09-25T20:17:30Z" user="muralito" uid="755114" lat="-34.4428377" lon="-58.5220392"/>
 <node id="1569317680" visible="true" version="1" changeset="10246243" timestamp="2011-12-30T15:25:55Z" user="estela" uid="89271" lat="-34.4431229" lon="-58.5232528"/>
 <node id="1569317682" visible="true" version="1" changeset="10246243" timestamp="2011-12-30T15:25:55Z" user="estela" uid="89271" lat="-34.4431247" lon="-58.5235359"/>
 <node id="1569317684" visible="true" version="1" changeset="10246243" timestamp="2011-12-30T15:25:55Z" user="estela" uid="89271" lat="-34.4431555" lon="-58.5227591"/>
 <node id="1569317686" visible="true" version="1" changeset="10246243" timestamp="2011-12-30T15:25:55Z" user="estela" uid="89271" lat="-34.4431953" lon="-58.5230049"/>
 <node id="1569317689" visible="true" version="1" changeset="10246243" timestamp="2011-12-30T15:25:55Z" user="estela" uid="89271" lat="-34.4432079" lon="-58.5232506"/>
 <node id="1569317691" visible="true" version="2" changeset="172457308" timestamp="2025-09-25T20:17:30Z" user="muralito" uid="755114" lat="-34.4431283" lon="-58.5221857"/>
 <node id="1569317693" visible="true" version="1" changeset="10246243" timestamp="2011-12-30T15:25:55Z" user="estela" uid="89271" lat="-34.4432405" lon="-58.5231782"/>
 <node id="1569317695" visible="true" version="1" changeset="10246243" timestamp="2011-12-30T15:25:55Z" user="estela" uid="89271" lat="-34.4432477" lon="-58.5228930"/>
 <node id="1569317696" visible="true" version="1" changeset="10246243" timestamp="2011-12-30T15:25:55Z" user="estela" uid="89271" lat="-34.4432568" lon="-58.5227460"/>
 <node id="1569317698" visible="true" version="1" changeset="10246243" timestamp="2011-12-30T15:25:55Z" user="estela" uid="89271" lat="-34.4432876" lon="-58.5224914"/>
 <node id="1569317699" visible="true" version="1" changeset="10246243" timestamp="2011-12-30T15:25:55Z" user="estela" uid="89271" lat="-34.4433310" lon="-58.5227218"/>
 <node id="1569317700" visible="true" version="2" changeset="172457308" timestamp="2025-09-25T20:17:30Z" user="muralito" uid="755114" lat="-34.4432526" lon="-58.5222474"/>
 <node id="1569317702" visible="true" version="2" changeset="172457308" timestamp="2025-09-25T20:17:30Z" user="muralito" uid="755114" lat="-34.4433269" lon="-58.5224159"/>
 <node id="1569317708" visible="true" version="2" changeset="172457308" timestamp="2025-09-25T20:17:30Z" user="muralito" uid="755114" lat="-34.4433130" lon="-58.5223429"/>
 <node id="1569317711" visible="true" version="1" changeset="10246243" timestamp="2011-12-30T15:25:56Z" user="estela" uid="89271" lat="-34.4434377" lon="-58.5225858"/>
 <node id="1569317713" visible="true" version="1" changeset="10246243" timestamp="2011-12-30T15:25:56Z" user="estela" uid="89271" lat="-34.4434866" lon="-58.5224805"/>
 <node id="1569317715" visible="true" version="1" changeset="10246243" timestamp="2011-12-30T15:25:56Z" user="estela" uid="89271" lat="-34.4435137" lon="-58.5224256"/>
 <node id="1569317719" visible="true" version="1" changeset="10246243" timestamp="2011-12-30T15:25:56Z" user="estela" uid="89271" lat="-34.4455584" lon="-58.5253722"/>
 <node id="1569317721" visible="true" version="1" changeset="10246243" timestamp="2011-12-30T15:25:56Z" user="estela" uid="89271" lat="-34.4456525" lon="-58.5238692"/>
 <node id="1569317723" visible="true" version="1" changeset="10246243" timestamp="2011-12-30T15:25:56Z" user="estela" uid="89271" lat="-34.4456525" lon="-58.5254007"/>
 <node id="1569317724" visible="true" version="1" changeset="10246243" timestamp="2011-12-30T15:25:56Z" user="estela" uid="89271" lat="-34.4459131" lon="-58.5248609"/>
 <node id="1569317726" visible="true" version="1" changeset="10246243" timestamp="2011-12-30T15:25:56Z" user="estela" uid="89271" lat="-34.4459746" lon="-58.5245976"/>
 <node id="1569317727" visible="true" version="1" changeset="10246243" timestamp="2011-12-30T15:25:56Z" user="estela" uid="89271" lat="-34.4460325" lon="-58.5243892"/>
 <node id="1569317728" visible="true" version="1" changeset="10246243" timestamp="2011-12-30T15:25:56Z" user="estela" uid="89271" lat="-34.4461302" lon="-58.5248697"/>
 <node id="1569317735" visible="true" version="1" changeset="10246243" timestamp="2011-12-30T15:25:56Z" user="estela" uid="89271" lat="-34.4462116" lon="-58.5247754"/>
 <node id="1569317738" visible="true" version="1" changeset="10246243" timestamp="2011-12-30T15:25:57Z" user="estela" uid="89271" lat="-34.4466749" lon="-58.5260041"/>
 <node id="1569317739" visible="true" version="1" changeset="10246243" timestamp="2011-12-30T15:25:57Z" user="estela" uid="89271" lat="-34.4467110" lon="-58.5258966"/>
 <node id="1569317742" visible="true" version="1" changeset="10246243" timestamp="2011-12-30T15:25:57Z" user="estela" uid="89271" lat="-34.4470277" lon="-58.5259844"/>
 <node id="1569317743" visible="true" version="1" changeset="10246243" timestamp="2011-12-30T15:25:57Z" user="estela" uid="89271" lat="-34.4471019" lon="-58.5257123"/>
 <node id="1569317744" visible="true" version="1" changeset="10246243" timestamp="2011-12-30T15:25:57Z" user="estela" uid="89271" lat="-34.4471019" lon="-58.5257847"/>
 <node id="1569317745" visible="true" version="2" changeset="21385458" timestamp="2014-03-29T16:13:07Z" user="Souchong" uid="255141" lat="-34.4471775" lon="-58.5253653"/>
 <node id="1569317746" visible="true" version="2" changeset="21385458" timestamp="2014-03-29T16:13:07Z" user="Souchong" uid="255141" lat="-34.4472203" lon="-58.5253549"/>
 <node id="1569400630" visible="true" version="1" changeset="10246783" timestamp="2011-12-30T16:19:38Z" user="estela" uid="89271" lat="-34.4337383" lon="-58.5180875"/>
 <node id="1569400633" visible="true" version="1" changeset="10246783" timestamp="2011-12-30T16:19:38Z" user="estela" uid="89271" lat="-34.4338049" lon="-58.5179913"/>
 <node id="1569400646" visible="true" version="1" changeset="10246783" timestamp="2011-12-30T16:19:38Z" user="estela" uid="89271" lat="-34.4338637" lon="-58.5180285"/>
 <node id="1569400657" visible="true" version="1" changeset="10246783" timestamp="2011-12-30T16:19:38Z" user="estela" uid="89271" lat="-34.4339354" lon="-58.5180037"/>
 <node id="1569400670" visible="true" version="1" changeset="10246783" timestamp="2011-12-30T16:19:38Z" user="estela" uid="89271" lat="-34.4340147" lon="-58.5179013"/>
 <node id="1569400690" visible="true" version="1" changeset="10246783" timestamp="2011-12-30T16:19:39Z" user="estela" uid="89271" lat="-34.4341529" lon="-58.5178423"/>
 <node id="1569400693" visible="true" version="1" changeset="10246783" timestamp="2011-12-30T16:19:39Z" user="estela" uid="89271" lat="-34.4342016" lon="-58.5152358"/>
 <node id="1569400696" visible="true" version="1" changeset="10246783" timestamp="2011-12-30T16:19:39Z" user="estela" uid="89271" lat="-34.4342348" lon="-58.5153196"/>
 <node id="1569400699" visible="true" version="1" changeset="10246783" timestamp="2011-12-30T16:19:39Z" user="estela" uid="89271" lat="-34.4342553" lon="-58.5154406"/>
 <node id="1569400703" visible="true" version="1" changeset="10246783" timestamp="2011-12-30T16:19:39Z" user="estela" uid="89271" lat="-34.4342630" lon="-58.5177741"/>
 <node id="1569400706" visible="true" version="1" changeset="10246783" timestamp="2011-12-30T16:19:39Z" user="estela" uid="89271" lat="-34.4343474" lon="-58.5155306"/>
 <node id="1569400709" visible="true" version="1" changeset="10246783" timestamp="2011-12-30T16:19:39Z" user="estela" uid="89271" lat="-34.4343526" lon="-58.5175848"/>
 <node id="1569400712" visible="true" version="1" changeset="10246783" timestamp="2011-12-30T16:19:39Z" user="estela" uid="89271" lat="-34.4343551" lon="-58.5176810"/>
 <node id="1569400716" visible="true" version="1" changeset="10246783" timestamp="2011-12-30T16:19:39Z" user="estela" uid="89271" lat="-34.4343910" lon="-58.5177958"/>
 <node id="1569400719" visible="true" version="1" changeset="10246783" timestamp="2011-12-30T16:19:39Z" user="estela" uid="89271" lat="-34.4344063" lon="-58.5155833"/>
 <node id="1569400722" visible="true" version="1" changeset="10246783" timestamp="2011-12-30T16:19:39Z" user="estela" uid="89271" lat="-34.4344293" lon="-58.5177493"/>
 <node id="1569400725" visible="true" version="1" changeset="10246783" timestamp="2011-12-30T16:19:39Z" user="estela" uid="89271" lat="-34.4344396" lon="-58.5156702"/>
 <node id="1569400728" visible="true" version="1" changeset="10246783" timestamp="2011-12-30T16:19:39Z" user="estela" uid="89271" lat="-34.4344652" lon="-58.5175010"/>
 <node id="1569400730" visible="true" version="1" changeset="10246783" timestamp="2011-12-30T16:19:39Z" user="estela" uid="89271" lat="-34.4344933" lon="-58.5157788"/>
 <node id="1569400732" visible="true" version="1" changeset="10246783" timestamp="2011-12-30T16:19:39Z" user="estela" uid="89271" lat="-34.4345138" lon="-58.5176717"/>
 <node id="1569400734" visible="true" version="1" changeset="10246783" timestamp="2011-12-30T16:19:39Z" user="estela" uid="89271" lat="-34.4345164" lon="-58.5158843"/>
 <node id="1569400748" visible="true" version="1" changeset="10246783" timestamp="2011-12-30T16:19:40Z" user="estela" uid="89271" lat="-34.4345547" lon="-58.5175165"/>
 <node id="1569400751" visible="true" version="1" changeset="10246783" timestamp="2011-12-30T16:19:40Z" user="estela" uid="89271" lat="-34.4345624" lon="-58.5176903"/>
 <node id="1569400755" visible="true" version="1" changeset="10246783" timestamp="2011-12-30T16:19:40Z" user="estela" uid="89271" lat="-34.4345752" lon="-58.5159247"/>
 <node id="1569400757" visible="true" version="1" changeset="10246783" timestamp="2011-12-30T16:19:40Z" user="estela" uid="89271" lat="-34.4346059" lon="-58.5175693"/>
 <node id="1569400759" visible="true" version="1" changeset="10246783" timestamp="2011-12-30T16:19:40Z" user="estela" uid="89271" lat="-34.4346136" lon="-58.5160115"/>
 <node id="1569400765" visible="true" version="1" changeset="10246783" timestamp="2011-12-30T16:19:40Z" user="estela" uid="89271" lat="-34.4346750" lon="-58.5160767"/>
 <node id="1569400767" visible="true" version="1" changeset="10246783" timestamp="2011-12-30T16:19:40Z" user="estela" uid="89271" lat="-34.4347237" lon="-58.5161543"/>
 <node id="1569400770" visible="true" version="1" changeset="10246783" timestamp="2011-12-30T16:19:40Z" user="estela" uid="89271" lat="-34.4347390" lon="-58.5174948"/>
 <node id="1569400774" visible="true" version="1" changeset="10246783" timestamp="2011-12-30T16:19:40Z" user="estela" uid="89271" lat="-34.4347467" lon="-58.5160178"/>
 <node id="1569400777" visible="true" version="1" changeset="10246783" timestamp="2011-12-30T16:19:40Z" user="estela" uid="89271" lat="-34.4347621" lon="-58.5166508"/>
 <node id="1569400780" visible="true" version="1" changeset="10246783" timestamp="2011-12-30T16:19:40Z" user="estela" uid="89271" lat="-34.4347672" lon="-58.5162567"/>
 <node id="1569400782" visible="true" version="1" changeset="10246783" timestamp="2011-12-30T16:19:40Z" user="estela" uid="89271" lat="-34.4348056" lon="-58.5160084"/>
 <node id="1569400785" visible="true" version="1" changeset="10246783" timestamp="2011-12-30T16:19:40Z" user="estela" uid="89271" lat="-34.4348260" lon="-58.5167687"/>
 <node id="1569400808" visible="true" version="1" changeset="10246783" timestamp="2011-12-30T16:19:41Z" user="estela" uid="89271" lat="-34.4348286" lon="-58.5160953"/>
 <node id="1569400810" visible="true" version="1" changeset="10246783" timestamp="2011-12-30T16:19:41Z" user="estela" uid="89271" lat="-34.4348388" lon="-58.5174545"/>
 <node id="1569400812" visible="true" version="1" changeset="10246783" timestamp="2011-12-30T16:19:41Z" user="estela" uid="89271" lat="-34.4348414" lon="-58.5164149"/>
 <node id="1569400819" visible="true" version="1" changeset="10246783" timestamp="2011-12-30T16:19:41Z" user="estela" uid="89271" lat="-34.4348593" lon="-58.5168214"/>
 <node id="1569400823" visible="true" version="1" changeset="10246783" timestamp="2011-12-30T16:19:41Z" user="estela" uid="89271" lat="-34.4348900" lon="-58.5165453"/>
 <node id="1569400825" visible="true" version="1" changeset="10246783" timestamp="2011-12-30T16:19:41Z" user="estela" uid="89271" lat="-34.4349310" lon="-58.5173831"/>
 <node id="1569400827" visible="true" version="1" changeset="10246783" timestamp="2011-12-30T16:19:41Z" user="estela" uid="89271" lat="-34.4349386" lon="-58.5168525"/>
 <node id="1569400836" visible="true" version="1" changeset="10246783" timestamp="2011-12-30T16:19:41Z" user="estela" uid="89271" lat="-34.4349617" lon="-58.5173179"/>
 <node id="1569400845" visible="true" version="1" changeset="10246783" timestamp="2011-12-30T16:19:41Z" user="estela" uid="89271" lat="-34.4349822" lon="-58.5175041"/>
 <node id="1569400848" visible="true" version="1" changeset="10246783" timestamp="2011-12-30T16:19:41Z" user="estela" uid="89271" lat="-34.4350205" lon="-58.5168059"/>
 <node id="1569400883" visible="true" version="1" changeset="10246783" timestamp="2011-12-30T16:19:42Z" user="estela" uid="89271" lat="-34.4350257" lon="-58.5174358"/>
 <node id="1569400893" visible="true" version="1" changeset="10246783" timestamp="2011-12-30T16:19:42Z" user="estela" uid="89271" lat="-34.4350640" lon="-58.5172807"/>
 <node id="1569400897" visible="true" version="1" changeset="10246783" timestamp="2011-12-30T16:19:42Z" user="estela" uid="89271" lat="-34.4350768" lon="-58.5167097"/>
 <node id="1569400915" visible="true" version="1" changeset="10246783" timestamp="2011-12-30T16:19:42Z" user="estela" uid="89271" lat="-34.4351357" lon="-58.5166446"/>
 <node id="1569400954" visible="true" version="1" changeset="10246783" timestamp="2011-12-30T16:19:43Z" user="estela" uid="89271" lat="-34.4351895" lon="-58.5167221"/>
 <node id="1569400955" visible="true" version="1" changeset="10246783" timestamp="2011-12-30T16:19:43Z" user="estela" uid="89271" lat="-34.4351895" lon="-58.5171255"/>
 <node id="1569400956" visible="true" version="1" changeset="10246783" timestamp="2011-12-30T16:19:43Z" user="estela" uid="89271" lat="-34.4352150" lon="-58.5169518"/>
 <node id="1569400962" visible="true" version="1" changeset="10246783" timestamp="2011-12-30T16:19:43Z" user="estela" uid="89271" lat="-34.4352330" lon="-58.5170076"/>
 <node id="1569400964" visible="true" version="1" changeset="10246783" timestamp="2011-12-30T16:19:43Z" user="estela" uid="89271" lat="-34.4352637" lon="-58.5167470"/>
 <node id="1569400965" visible="true" version="1" changeset="10246783" timestamp="2011-12-30T16:19:43Z" user="estela" uid="89271" lat="-34.4352893" lon="-58.5168432"/>
 <node id="1569401103" visible="true" version="1" changeset="10246783" timestamp="2011-12-30T16:19:45Z" user="estela" uid="89271" lat="-34.4371667" lon="-58.5284673"/>
 <node id="1569401108" visible="true" version="1" changeset="10246783" timestamp="2011-12-30T16:19:45Z" user="estela" uid="89271" lat="-34.4371719" lon="-58.5287225"/>
 <node id="1569401113" visible="true" version="1" changeset="10246783" timestamp="2011-12-30T16:19:45Z" user="estela" uid="89271" lat="-34.4371835" lon="-58.5279521"/>
 <node id="1569401117" visible="true" version="1" changeset="10246783" timestamp="2011-12-30T16:19:45Z" user="estela" uid="89271" lat="-34.4372073" lon="-58.5276667"/>
 <node id="1569483590" visible="true" version="1" changeset="10247235" timestamp="2011-12-30T16:57:53Z" user="estela" uid="89271" lat="-34.4339327" lon="-58.5193316"/>
 <node id="1569483685" visible="true" version="1" changeset="10247235" timestamp="2011-12-30T16:57:55Z" user="estela" uid="89271" lat="-34.4342398" lon="-58.5194743"/>
 <node id="1569483691" visible="true" version="1" changeset="10247235" timestamp="2011-12-30T16:57:55Z" user="estela" uid="89271" lat="-34.4342757" lon="-58.5195891"/>
 <node id="1569483695" visible="true" version="1" changeset="10247235" timestamp="2011-12-30T16:57:55Z" user="estela" uid="89271" lat="-34.4342885" lon="-58.5197722"/>
 <node id="1569483713" visible="true" version="1" changeset="10247235" timestamp="2011-12-30T16:57:56Z" user="estela" uid="89271" lat="-34.4343217" lon="-58.5196450"/>
 <node id="1569483715" visible="true" version="1" changeset="10247235" timestamp="2011-12-30T16:57:56Z" user="estela" uid="89271" lat="-34.4343448" lon="-58.5197474"/>
 <node id="1569483722" visible="true" version="1" changeset="10247235" timestamp="2011-12-30T16:57:56Z" user="estela" uid="89271" lat="-34.4343678" lon="-58.5195581"/>
 <node id="1569483726" visible="true" version="1" changeset="10247235" timestamp="2011-12-30T16:57:56Z" user="estela" uid="89271" lat="-34.4344497" lon="-58.5195550"/>
 <node id="1569483737" visible="true" version="1" changeset="10247235" timestamp="2011-12-30T16:57:57Z" user="estela" uid="89271" lat="-34.4345265" lon="-58.5197660"/>
 <node id="1569483754" visible="true" version="1" changeset="10247235" timestamp="2011-12-30T16:57:57Z" user="estela" uid="89271" lat="-34.4346826" lon="-58.5196977"/>
 <node id="1569483770" visible="true" version="1" changeset="10247235" timestamp="2011-12-30T16:57:58Z" user="estela" uid="89271" lat="-34.4347671" lon="-58.5196822"/>
 <node id="1569483786" visible="true" version="1" changeset="10247235" timestamp="2011-12-30T16:57:58Z" user="estela" uid="89271" lat="-34.4348643" lon="-58.5196450"/>
 <node id="1569483794" visible="true" version="1" changeset="10247235" timestamp="2011-12-30T16:57:59Z" user="estela" uid="89271" lat="-34.4349257" lon="-58.5196512"/>
 <node id="1569483805" visible="true" version="1" changeset="10247235" timestamp="2011-12-30T16:57:59Z" user="estela" uid="89271" lat="-34.4349565" lon="-58.5197474"/>
 <node id="1569483809" visible="true" version="1" changeset="10247235" timestamp="2011-12-30T16:57:59Z" user="estela" uid="89271" lat="-34.4350435" lon="-58.5197908"/>
 <node id="1569483810" visible="true" version="1" changeset="10247235" timestamp="2011-12-30T16:57:59Z" user="estela" uid="89271" lat="-34.4350998" lon="-58.5198653"/>
 <node id="1569483811" visible="true" version="1" changeset="10247235" timestamp="2011-12-30T16:57:59Z" user="estela" uid="89271" lat="-34.4351254" lon="-58.5199925"/>
 <node id="1569483812" visible="true" version="1" changeset="10247235" timestamp="2011-12-30T16:57:59Z" user="estela" uid="89271" lat="-34.4351484" lon="-58.5199367"/>
 <node id="1569483819" visible="true" version="1" changeset="10247235" timestamp="2011-12-30T16:57:59Z" user="estela" uid="89271" lat="-34.4351714" lon="-58.5197908"/>
 <node id="1569483821" visible="true" version="1" changeset="10247235" timestamp="2011-12-30T16:58:00Z" user="estela" uid="89271" lat="-34.4351868" lon="-58.5195953"/>
 <node id="1569483823" visible="true" version="1" changeset="10247235" timestamp="2011-12-30T16:58:00Z" user="estela" uid="89271" lat="-34.4351919" lon="-58.5197008"/>
 <node id="1569483825" visible="true" version="1" changeset="10247235" timestamp="2011-12-30T16:58:00Z" user="estela" uid="89271" lat="-34.4351935" lon="-58.5200372"/>
 <node id="1569483829" visible="true" version="1" changeset="10247235" timestamp="2011-12-30T16:58:00Z" user="estela" uid="89271" lat="-34.4352303" lon="-58.5198156"/>
 <node id="1569483833" visible="true" version="1" changeset="10247235" timestamp="2011-12-30T16:58:00Z" user="estela" uid="89271" lat="-34.4352442" lon="-58.5199889"/>
 <node id="1569483835" visible="true" version="1" changeset="10247235" timestamp="2011-12-30T16:58:00Z" user="estela" uid="89271" lat="-34.4352636" lon="-58.5196450"/>
 <node id="1569483837" visible="true" version="1" changeset="10247235" timestamp="2011-12-30T16:58:00Z" user="estela" uid="89271" lat="-34.4352789" lon="-58.5197722"/>
 <node id="1569483842" visible="true" version="1" changeset="10247235" timestamp="2011-12-30T16:58:01Z" user="estela" uid="89271" lat="-34.4352994" lon="-58.5197132"/>
 <node id="1569483846" visible="true" version="1" changeset="10247235" timestamp="2011-12-30T16:58:01Z" user="estela" uid="89271" lat="-34.4353672" lon="-58.5199516"/>
 <node id="1569483848" visible="true" version="1" changeset="10247235" timestamp="2011-12-30T16:58:01Z" user="estela" uid="89271" lat="-34.4353962" lon="-58.5202105"/>
 <node id="1569483850" visible="true" version="1" changeset="10247235" timestamp="2011-12-30T16:58:01Z" user="estela" uid="89271" lat="-34.4354378" lon="-58.5202719"/>
 <node id="1569483852" visible="true" version="1" changeset="10247235" timestamp="2011-12-30T16:58:01Z" user="estela" uid="89271" lat="-34.4354451" lon="-58.5201425"/>
 <node id="1569483853" visible="true" version="1" changeset="10247235" timestamp="2011-12-30T16:58:01Z" user="estela" uid="89271" lat="-34.4354523" lon="-58.5199823"/>
 <node id="1569483863" visible="true" version="1" changeset="10247235" timestamp="2011-12-30T16:58:01Z" user="estela" uid="89271" lat="-34.4354903" lon="-58.5200481"/>
 <node id="1569483864" visible="true" version="1" changeset="10247235" timestamp="2011-12-30T16:58:01Z" user="estela" uid="89271" lat="-34.4355337" lon="-58.5202434"/>
 <node id="1569483867" visible="true" version="1" changeset="10247235" timestamp="2011-12-30T16:58:01Z" user="estela" uid="89271" lat="-34.4356170" lon="-58.5202763"/>
 <node id="1569483868" visible="true" version="1" changeset="10247235" timestamp="2011-12-30T16:58:01Z" user="estela" uid="89271" lat="-34.4356278" lon="-58.5203751"/>
 <node id="1569483869" visible="true" version="1" changeset="10247235" timestamp="2011-12-30T16:58:02Z" user="estela" uid="89271" lat="-34.4356514" lon="-58.5209456"/>
 <node id="1569483871" visible="true" version="1" changeset="10247235" timestamp="2011-12-30T16:58:02Z" user="estela" uid="89271" lat="-34.4356713" lon="-58.5209083"/>
 <node id="1569483873" visible="true" version="1" changeset="10247235" timestamp="2011-12-30T16:58:02Z" user="estela" uid="89271" lat="-34.4356767" lon="-58.5212571"/>
 <node id="1569483888" visible="true" version="1" changeset="10247235" timestamp="2011-12-30T16:58:02Z" user="estela" uid="89271" lat="-34.4357038" lon="-58.5210399"/>
 <node id="1569483889" visible="true" version="1" changeset="10247235" timestamp="2011-12-30T16:58:02Z" user="estela" uid="89271" lat="-34.4357057" lon="-58.5203531"/>
 <node id="1569483890" visible="true" version="1" changeset="10247235" timestamp="2011-12-30T16:58:02Z" user="estela" uid="89271" lat="-34.4357328" lon="-58.5212922"/>
 <node id="1569483891" visible="true" version="1" changeset="10247235" timestamp="2011-12-30T16:58:02Z" user="estela" uid="89271" lat="-34.4357455" lon="-58.5207481"/>
 <node id="1569483892" visible="true" version="1" changeset="10247235" timestamp="2011-12-30T16:58:02Z" user="estela" uid="89271" lat="-34.4357509" lon="-58.5204936"/>
 <node id="1569483893" visible="true" version="1" changeset="10247235" timestamp="2011-12-30T16:58:02Z" user="estela" uid="89271" lat="-34.4357527" lon="-58.5206493"/>
 <node id="1569483894" visible="true" version="1" changeset="10247235" timestamp="2011-12-30T16:58:02Z" user="estela" uid="89271" lat="-34.4357618" lon="-58.5209170"/>
 <node id="1569483895" visible="true" version="1" changeset="10247235" timestamp="2011-12-30T16:58:02Z" user="estela" uid="89271" lat="-34.4357636" lon="-58.5204102"/>
 <node id="1569483896" visible="true" version="1" changeset="10247235" timestamp="2011-12-30T16:58:02Z" user="estela" uid="89271" lat="-34.4357654" lon="-58.5210882"/>
 <node id="1569483897" visible="true" version="1" changeset="10247235" timestamp="2011-12-30T16:58:03Z" user="estela" uid="89271" lat="-34.4357799" lon="-58.5205638"/>
 <node id="1569483908" visible="true" version="1" changeset="10247235" timestamp="2011-12-30T16:58:03Z" user="estela" uid="89271" lat="-34.4357799" lon="-58.5212725"/>
 <node id="1569483909" visible="true" version="1" changeset="10247235" timestamp="2011-12-30T16:58:03Z" user="estela" uid="89271" lat="-34.4357853" lon="-58.5208380"/>
 <node id="1569483910" visible="true" version="1" changeset="10247235" timestamp="2011-12-30T16:58:03Z" user="estela" uid="89271" lat="-34.4358052" lon="-58.5211255"/>
 <node id="1569483911" visible="true" version="1" changeset="10247235" timestamp="2011-12-30T16:58:03Z" user="estela" uid="89271" lat="-34.4358287" lon="-58.5212835"/>
 <node id="1569483912" visible="true" version="1" changeset="10247235" timestamp="2011-12-30T16:58:03Z" user="estela" uid="89271" lat="-34.4358432" lon="-58.5211957"/>
 <node id="1569483913" visible="true" version="1" changeset="10247235" timestamp="2011-12-30T16:58:03Z" user="estela" uid="89271" lat="-34.4358631" lon="-58.5213712"/>
 <node id="1569483914" visible="true" version="1" changeset="10247235" timestamp="2011-12-30T16:58:03Z" user="estela" uid="89271" lat="-34.4359337" lon="-58.5211803"/>
 <node id="1569483915" visible="true" version="1" changeset="10247235" timestamp="2011-12-30T16:58:03Z" user="estela" uid="89271" lat="-34.4359554" lon="-58.5213252"/>
 <node id="1569483916" visible="true" version="1" changeset="10247235" timestamp="2011-12-30T16:58:03Z" user="estela" uid="89271" lat="-34.4359626" lon="-58.5212045"/>
 <node id="1569483917" visible="true" version="1" changeset="10247235" timestamp="2011-12-30T16:58:03Z" user="estela" uid="89271" lat="-34.4359771" lon="-58.5212593"/>
 <node id="1569521382" visible="true" version="1" changeset="10247440" timestamp="2011-12-30T17:17:19Z" user="estela" uid="89271" lat="-34.4370775" lon="-58.5121324"/>
 <node id="1569521384" visible="true" version="1" changeset="10247440" timestamp="2011-12-30T17:17:19Z" user="estela" uid="89271" lat="-34.4380179" lon="-58.5119510"/>
 <node id="1569521394" visible="true" version="1" changeset="10247440" timestamp="2011-12-30T17:17:19Z" user="estela" uid="89271" lat="-34.4391986" lon="-58.5114133"/>
 <node id="1569572245" visible="true" version="1" changeset="10247867" timestamp="2011-12-30T17:55:41Z" user="estela" uid="89271" lat="-34.4372115" lon="-58.5280962"/>
 <node id="1569572247" visible="true" version="1" changeset="10247867" timestamp="2011-12-30T17:55:41Z" user="estela" uid="89271" lat="-34.4372182" lon="-58.5291758"/>
 <node id="1569717842" visible="true" version="1" changeset="10248566" timestamp="2011-12-30T19:05:49Z" user="estela" uid="89271" lat="-34.4382247" lon="-58.5251411"/>
 <node id="1569717845" visible="true" version="1" changeset="10248566" timestamp="2011-12-30T19:05:49Z" user="estela" uid="89271" lat="-34.4382763" lon="-58.5250704"/>
 <node id="1569717848" visible="true" version="1" changeset="10248566" timestamp="2011-12-30T19:05:49Z" user="estela" uid="89271" lat="-34.4384102" lon="-58.5269038"/>
 <node id="1569717851" visible="true" version="1" changeset="10248566" timestamp="2011-12-30T19:05:49Z" user="estela" uid="89271" lat="-34.4384176" lon="-58.5249997"/>
 <node id="1569717854" visible="true" version="1" changeset="10248566" timestamp="2011-12-30T19:05:49Z" user="estela" uid="89271" lat="-34.4384310" lon="-58.5251357"/>
 <node id="1569717857" visible="true" version="1" changeset="10248566" timestamp="2011-12-30T19:05:49Z" user="estela" uid="89271" lat="-34.4384467" lon="-58.5267701"/>
 <node id="1569717859" visible="true" version="1" changeset="10248566" timestamp="2011-12-30T19:05:49Z" user="estela" uid="89271" lat="-34.4384579" lon="-58.5267075"/>
 <node id="1569717860" visible="true" version="1" changeset="10248566" timestamp="2011-12-30T19:05:49Z" user="estela" uid="89271" lat="-34.4385050" lon="-58.5268326"/>
 <node id="1569717861" visible="true" version="1" changeset="10248566" timestamp="2011-12-30T19:05:49Z" user="estela" uid="89271" lat="-34.4385880" lon="-58.5251520"/>
 <node id="1569717864" visible="true" version="1" changeset="10248566" timestamp="2011-12-30T19:05:49Z" user="estela" uid="89271" lat="-34.4387159" lon="-58.5249753"/>
 <node id="1569717866" visible="true" version="1" changeset="10248566" timestamp="2011-12-30T19:05:49Z" user="estela" uid="89271" lat="-34.4387405" lon="-58.5251411"/>
 <node id="1569717868" visible="true" version="1" changeset="10248566" timestamp="2011-12-30T19:05:49Z" user="estela" uid="89271" lat="-34.4387787" lon="-58.5268516"/>
 <node id="1569717869" visible="true" version="1" changeset="10248566" timestamp="2011-12-30T19:05:49Z" user="estela" uid="89271" lat="-34.4388504" lon="-58.5251112"/>
 <node id="1569717871" visible="true" version="1" changeset="10248566" timestamp="2011-12-30T19:05:49Z" user="estela" uid="89271" lat="-34.4388527" lon="-58.5269414"/>
 <node id="1569717873" visible="true" version="1" changeset="10248566" timestamp="2011-12-30T19:05:49Z" user="estela" uid="89271" lat="-34.4388908" lon="-58.5268163"/>
 <node id="1569717874" visible="true" version="1" changeset="10248566" timestamp="2011-12-30T19:05:49Z" user="estela" uid="89271" lat="-34.4388953" lon="-58.5269088"/>
 <node id="1569717876" visible="true" version="1" changeset="10248566" timestamp="2011-12-30T19:05:50Z" user="estela" uid="89271" lat="-34.4388975" lon="-58.5267401"/>
 <node id="1569717884" visible="true" version="1" changeset="10248566" timestamp="2011-12-30T19:05:50Z" user="estela" uid="89271" lat="-34.4389200" lon="-58.5249562"/>
 <node id="1569717885" visible="true" version="1" changeset="10248566" timestamp="2011-12-30T19:05:50Z" user="estela" uid="89271" lat="-34.4389536" lon="-58.5251384"/>
 <node id="1569717887" visible="true" version="1" changeset="10248566" timestamp="2011-12-30T19:05:50Z" user="estela" uid="89271" lat="-34.4389581" lon="-58.5266042"/>
 <node id="1569717889" visible="true" version="1" changeset="10248566" timestamp="2011-12-30T19:05:50Z" user="estela" uid="89271" lat="-34.4389850" lon="-58.5265362"/>
 <node id="1569717891" visible="true" version="1" changeset="10248566" timestamp="2011-12-30T19:05:50Z" user="estela" uid="89271" lat="-34.4390119" lon="-58.5264138"/>
 <node id="1569717894" visible="true" version="1" changeset="10248566" timestamp="2011-12-30T19:05:50Z" user="estela" uid="89271" lat="-34.4390321" lon="-58.5262806"/>
 <node id="1569717897" visible="true" version="1" changeset="10248566" timestamp="2011-12-30T19:05:50Z" user="estela" uid="89271" lat="-34.4390657" lon="-58.5264519"/>
 <node id="1569717898" visible="true" version="1" changeset="10248566" timestamp="2011-12-30T19:05:50Z" user="estela" uid="89271" lat="-34.4390702" lon="-58.5265008"/>
 <node id="1569717901" visible="true" version="1" changeset="10248566" timestamp="2011-12-30T19:05:50Z" user="estela" uid="89271" lat="-34.4390859" lon="-58.5261718"/>
 <node id="1569717912" visible="true" version="1" changeset="10248566" timestamp="2011-12-30T19:05:50Z" user="estela" uid="89271" lat="-34.4391083" lon="-58.5249970"/>
 <node id="1569717913" visible="true" version="1" changeset="10248566" timestamp="2011-12-30T19:05:50Z" user="estela" uid="89271" lat="-34.4391487" lon="-58.5252227"/>
 <node id="1569717914" visible="true" version="1" changeset="10248566" timestamp="2011-12-30T19:05:50Z" user="estela" uid="89271" lat="-34.4391779" lon="-58.5261065"/>
 <node id="1569717915" visible="true" version="1" changeset="10248566" timestamp="2011-12-30T19:05:50Z" user="estela" uid="89271" lat="-34.4392541" lon="-58.5252798"/>
 <node id="1569717916" visible="true" version="1" changeset="10248566" timestamp="2011-12-30T19:05:50Z" user="estela" uid="89271" lat="-34.4392564" lon="-58.5259950"/>
 <node id="1569717917" visible="true" version="1" changeset="10248566" timestamp="2011-12-30T19:05:50Z" user="estela" uid="89271" lat="-34.4392766" lon="-58.5250052"/>
 <node id="1569717918" visible="true" version="1" changeset="10248566" timestamp="2011-12-30T19:05:50Z" user="estela" uid="89271" lat="-34.4392950" lon="-58.5240554"/>
 <node id="1569717919" visible="true" version="1" changeset="10248566" timestamp="2011-12-30T19:05:51Z" user="estela" uid="89271" lat="-34.4393214" lon="-58.5258727"/>
 <node id="1569717926" visible="true" version="1" changeset="10248566" timestamp="2011-12-30T19:05:51Z" user="estela" uid="89271" lat="-34.4393326" lon="-58.5238902"/>
 <node id="1569717928" visible="true" version="1" changeset="10248566" timestamp="2011-12-30T19:05:51Z" user="estela" uid="89271" lat="-34.4393685" lon="-58.5253505"/>
 <node id="1569717930" visible="true" version="1" changeset="10248566" timestamp="2011-12-30T19:05:51Z" user="estela" uid="89271" lat="-34.4394066" lon="-58.5256796"/>
 <node id="1569717933" visible="true" version="1" changeset="10248566" timestamp="2011-12-30T19:05:51Z" user="estela" uid="89271" lat="-34.4394403" lon="-58.5254430"/>
 <node id="1569717936" visible="true" version="1" changeset="10248566" timestamp="2011-12-30T19:05:51Z" user="estela" uid="89271" lat="-34.4394963" lon="-58.5239636"/>
 <node id="1569717938" visible="true" version="1" changeset="10248566" timestamp="2011-12-30T19:05:51Z" user="estela" uid="89271" lat="-34.4395816" lon="-58.5250568"/>
 <node id="1569717940" visible="true" version="1" changeset="10248566" timestamp="2011-12-30T19:05:51Z" user="estela" uid="89271" lat="-34.4396758" lon="-58.5249154"/>
 <node id="1569717943" visible="true" version="1" changeset="10248566" timestamp="2011-12-30T19:05:51Z" user="estela" uid="89271" lat="-34.4397408" lon="-58.5247142"/>
 <node id="1569717945" visible="true" version="1" changeset="10248566" timestamp="2011-12-30T19:05:51Z" user="estela" uid="89271" lat="-34.4397587" lon="-58.5240643"/>
 <node id="1569717953" visible="true" version="1" changeset="10248566" timestamp="2011-12-30T19:05:51Z" user="estela" uid="89271" lat="-34.4398126" lon="-58.5245809"/>
 <node id="1569717955" visible="true" version="1" changeset="10248566" timestamp="2011-12-30T19:05:51Z" user="estela" uid="89271" lat="-34.4398574" lon="-58.5244123"/>
 <node id="1569717956" visible="true" version="1" changeset="10248566" timestamp="2011-12-30T19:05:51Z" user="estela" uid="89271" lat="-34.4399000" lon="-58.5241377"/>
 <node id="1569717958" visible="true" version="1" changeset="10248566" timestamp="2011-12-30T19:05:51Z" user="estela" uid="89271" lat="-34.4399135" lon="-58.5243172"/>
 <node id="1569717959" visible="true" version="1" changeset="10248566" timestamp="2011-12-30T19:05:51Z" user="estela" uid="89271" lat="-34.4399359" lon="-58.5242301"/>
 <node id="1570039443" visible="true" version="1" changeset="10250532" timestamp="2011-12-30T22:38:42Z" user="estela" uid="89271" lat="-34.4426403" lon="-58.5199128"/>
 <node id="1570039447" visible="true" version="1" changeset="10250532" timestamp="2011-12-30T22:38:42Z" user="estela" uid="89271" lat="-34.4428085" lon="-58.5176694"/>
 <node id="1570039451" visible="true" version="1" changeset="10250532" timestamp="2011-12-30T22:38:42Z" user="estela" uid="89271" lat="-34.4428353" lon="-58.5173635"/>
 <node id="1570039453" visible="true" version="1" changeset="10250532" timestamp="2011-12-30T22:38:42Z" user="estela" uid="89271" lat="-34.4428391" lon="-58.5179846"/>
 <node id="1570039454" visible="true" version="1" changeset="10250532" timestamp="2011-12-30T22:38:42Z" user="estela" uid="89271" lat="-34.4429109" lon="-58.5202979"/>
 <node id="1570039455" visible="true" version="1" changeset="10250532" timestamp="2011-12-30T22:38:42Z" user="estela" uid="89271" lat="-34.4430231" lon="-58.5202979"/>
 <node id="1570039458" visible="true" version="1" changeset="10250532" timestamp="2011-12-30T22:38:42Z" user="estela" uid="89271" lat="-34.4432258" lon="-58.5203340"/>
 <node id="1570039475" visible="true" version="1" changeset="10250532" timestamp="2011-12-30T22:38:42Z" user="estela" uid="89271" lat="-34.4434163" lon="-58.5203406"/>
 <node id="1570039488" visible="true" version="1" changeset="10250532" timestamp="2011-12-30T22:38:43Z" user="estela" uid="89271" lat="-34.4437716" lon="-58.5206879"/>
 <node id="1570045913" visible="true" version="2" changeset="172457308" timestamp="2025-09-25T20:17:30Z" user="muralito" uid="755114" lat="-34.4400894" lon="-58.5232628"/>
 <node id="1570045939" visible="true" version="2" changeset="172457308" timestamp="2025-09-25T20:17:30Z" user="muralito" uid="755114" lat="-34.4401541" lon="-58.5233475"/>
 <node id="1570045941" visible="true" version="2" changeset="172457308" timestamp="2025-09-25T20:17:30Z" user="muralito" uid="755114" lat="-34.4403085" lon="-58.5234167"/>
 <node id="1570045942" visible="true" version="2" changeset="172457308" timestamp="2025-09-25T20:17:30Z" user="muralito" uid="755114" lat="-34.4403768" lon="-58.5234385"/>
 <node id="1570045943" visible="true" version="1" changeset="10250569" timestamp="2011-12-30T22:43:24Z" user="estela" uid="89271" lat="-34.4404032" lon="-58.5218378"/>
 <node id="1570045951" visible="true" version="2" changeset="172457308" timestamp="2025-09-25T20:17:30Z" user="muralito" uid="755114" lat="-34.4404307" lon="-58.5234006"/>
 <node id="1570045952" visible="true" version="1" changeset="10250569" timestamp="2011-12-30T22:43:24Z" user="estela" uid="89271" lat="-34.4405600" lon="-58.5208284"/>
 <node id="1570045953" visible="true" version="1" changeset="10250569" timestamp="2011-12-30T22:43:24Z" user="estela" uid="89271" lat="-34.4405627" lon="-58.5208808"/>
 <node id="1570045954" visible="true" version="1" changeset="10250569" timestamp="2011-12-30T22:43:24Z" user="estela" uid="89271" lat="-34.4406140" lon="-58.5209136"/>
 <node id="1570045956" visible="true" version="1" changeset="10250569" timestamp="2011-12-30T22:43:24Z" user="estela" uid="89271" lat="-34.4406248" lon="-58.5207661"/>
 <node id="1570045958" visible="true" version="1" changeset="10250569" timestamp="2011-12-30T22:43:24Z" user="estela" uid="89271" lat="-34.4406654" lon="-58.5201073"/>
 <node id="1570045959" visible="true" version="1" changeset="10250569" timestamp="2011-12-30T22:43:24Z" user="estela" uid="89271" lat="-34.4406870" lon="-58.5201794"/>
 <node id="1570045962" visible="true" version="1" changeset="10250569" timestamp="2011-12-30T22:43:24Z" user="estela" uid="89271" lat="-34.4407032" lon="-58.5205760"/>
 <node id="1570045966" visible="true" version="1" changeset="10250569" timestamp="2011-12-30T22:43:24Z" user="estela" uid="89271" lat="-34.4407654" lon="-58.5204056"/>
 <node id="1570045968" visible="true" version="1" changeset="10250569" timestamp="2011-12-30T22:43:25Z" user="estela" uid="89271" lat="-34.4407708" lon="-58.5201106"/>
 <node id="1570045970" visible="true" version="1" changeset="10250569" timestamp="2011-12-30T22:43:25Z" user="estela" uid="89271" lat="-34.4407978" lon="-58.5202351"/>
 <node id="1570045975" visible="true" version="1" changeset="10250569" timestamp="2011-12-30T22:43:25Z" user="estela" uid="89271" lat="-34.4408303" lon="-58.5200549"/>
 <node id="1570045977" visible="true" version="1" changeset="10250569" timestamp="2011-12-30T22:43:25Z" user="estela" uid="89271" lat="-34.4408546" lon="-58.5199828"/>
 <node id="1570045980" visible="true" version="1" changeset="10250569" timestamp="2011-12-30T22:43:25Z" user="estela" uid="89271" lat="-34.4409168" lon="-58.5200188"/>
 <node id="1570045982" visible="true" version="1" changeset="10250569" timestamp="2011-12-30T22:43:25Z" user="estela" uid="89271" lat="-34.4409681" lon="-58.5200942"/>
 <node id="1570045993" visible="true" version="1" changeset="10250569" timestamp="2011-12-30T22:43:25Z" user="estela" uid="89271" lat="-34.4410411" lon="-58.5201270"/>
 <node id="1570046020" visible="true" version="1" changeset="10250569" timestamp="2011-12-30T22:43:26Z" user="estela" uid="89271" lat="-34.4413087" lon="-58.5201237"/>
 <node id="1570046040" visible="true" version="2" changeset="172457308" timestamp="2025-09-25T20:17:30Z" user="muralito" uid="755114" lat="-34.4405705" lon="-58.5228967"/>
 <node id="1570046047" visible="true" version="1" changeset="10250569" timestamp="2011-12-30T22:43:26Z" user="estela" uid="89271" lat="-34.4414763" lon="-58.5201696"/>
 <node id="1570046061" visible="true" version="2" changeset="172457308" timestamp="2025-09-25T20:17:30Z" user="muralito" uid="755114" lat="-34.4418990" lon="-58.5219778"/>
 <node id="1570046115" visible="true" version="2" changeset="172457308" timestamp="2025-09-25T20:17:30Z" user="muralito" uid="755114" lat="-34.4416539" lon="-58.5201526"/>
 <node id="1570046120" visible="true" version="1" changeset="10250569" timestamp="2011-12-30T22:43:28Z" user="estela" uid="89271" lat="-34.4417898" lon="-58.5201237"/>
 <node id="1570046123" visible="true" version="1" changeset="10250569" timestamp="2011-12-30T22:43:28Z" user="estela" uid="89271" lat="-34.4418412" lon="-58.5201335"/>
 <node id="1570046127" visible="true" version="2" changeset="172457308" timestamp="2025-09-25T20:17:30Z" user="muralito" uid="755114" lat="-34.4406555" lon="-58.5226372"/>
 <node id="1570046129" visible="true" version="1" changeset="10250569" timestamp="2011-12-30T22:43:28Z" user="estela" uid="89271" lat="-34.4419655" lon="-58.5202056"/>
 <node id="1570046133" visible="true" version="2" changeset="172457308" timestamp="2025-09-25T20:17:30Z" user="muralito" uid="755114" lat="-34.4416662" lon="-58.5217964"/>
 <node id="1570046135" visible="true" version="1" changeset="10250569" timestamp="2011-12-30T22:43:28Z" user="estela" uid="89271" lat="-34.4420493" lon="-58.5202089"/>
 <node id="1570046136" visible="true" version="2" changeset="172457308" timestamp="2025-09-25T20:17:30Z" user="muralito" uid="755114" lat="-34.4407066" lon="-58.5224614"/>
 <node id="1570046138" visible="true" version="2" changeset="172457308" timestamp="2025-09-25T20:17:30Z" user="muralito" uid="755114" lat="-34.4408413" lon="-58.5220776"/>
 <node id="1570046146" visible="true" version="2" changeset="172457308" timestamp="2025-09-25T20:17:30Z" user="muralito" uid="755114" lat="-34.4412645" lon="-58.5215425"/>
 <node id="1570046147" visible="true" version="1" changeset="10250569" timestamp="2011-12-30T22:43:29Z" user="estela" uid="89271" lat="-34.4421439" lon="-58.5201729"/>
 <node id="1570046148" visible="true" version="1" changeset="10250569" timestamp="2011-12-30T22:43:29Z" user="estela" uid="89271" lat="-34.4421655" lon="-58.5215724"/>
 <node id="1570046149" visible="true" version="2" changeset="172457308" timestamp="2025-09-25T20:17:30Z" user="muralito" uid="755114" lat="-34.4410130" lon="-58.5215364"/>
 <node id="1570046150" visible="true" version="2" changeset="21408507" timestamp="2014-03-30T20:50:03Z" user="Souchong" uid="255141" lat="-34.4421880" lon="-58.5215020"/>
 <node id="1570046151" visible="true" version="1" changeset="10250569" timestamp="2011-12-30T22:43:29Z" user="estela" uid="89271" lat="-34.4421980" lon="-58.5202188"/>
 <node id="1570046152" visible="true" version="2" changeset="172457308" timestamp="2025-09-25T20:17:30Z" user="muralito" uid="755114" lat="-34.4411020" lon="-58.5214975"/>
 <node id="1570046153" visible="true" version="2" changeset="172457308" timestamp="2025-09-25T20:17:30Z" user="muralito" uid="755114" lat="-34.4422915" lon="-58.5221885"/>
 <node id="1570046154" visible="true" version="1" changeset="10250569" timestamp="2011-12-30T22:43:29Z" user="estela" uid="89271" lat="-34.4423412" lon="-58.5202515"/>
 <node id="1570046156" visible="true" version="1" changeset="10250569" timestamp="2011-12-30T22:43:29Z" user="estela" uid="89271" lat="-34.4423439" lon="-58.5216740"/>
 <node id="1570046158" visible="true" version="1" changeset="10250569" timestamp="2011-12-30T22:43:29Z" user="estela" uid="89271" lat="-34.4423547" lon="-58.5201729"/>
 <node id="1570046160" visible="true" version="1" changeset="10250569" timestamp="2011-12-30T22:43:29Z" user="estela" uid="89271" lat="-34.4423736" lon="-58.5217461"/>
 <node id="1570046168" visible="true" version="1" changeset="10250569" timestamp="2011-12-30T22:43:29Z" user="estela" uid="89271" lat="-34.4423736" lon="-58.5218083"/>
 <node id="1570046170" visible="true" version="1" changeset="10250569" timestamp="2011-12-30T22:43:29Z" user="estela" uid="89271" lat="-34.4424196" lon="-58.5202876"/>
 <node id="1570046172" visible="true" version="1" changeset="10250569" timestamp="2011-12-30T22:43:29Z" user="estela" uid="89271" lat="-34.4424277" lon="-58.5204154"/>
 <node id="1570046174" visible="true" version="1" changeset="10250569" timestamp="2011-12-30T22:43:30Z" user="estela" uid="89271" lat="-34.4424439" lon="-58.5205301"/>
 <node id="1570046177" visible="true" version="1" changeset="10250569" timestamp="2011-12-30T22:43:30Z" user="estela" uid="89271" lat="-34.4424872" lon="-58.5203761"/>
 <node id="1570109777" visible="true" version="2" changeset="21467432" timestamp="2014-04-02T22:30:09Z" user="Souchong" uid="255141" lat="-34.4497780" lon="-58.5160730"/>
 <node id="1570109912" visible="true" version="2" changeset="21467432" timestamp="2014-04-02T22:30:09Z" user="Souchong" uid="255141" lat="-34.4500134" lon="-58.5160761"/>
 <node id="1570138031" visible="true" version="1" changeset="10250923" timestamp="2011-12-30T23:39:36Z" user="estela" uid="89271" lat="-34.4368353" lon="-58.5123393"/>
 <node id="1570138033" visible="true" version="1" changeset="10250923" timestamp="2011-12-30T23:39:36Z" user="estela" uid="89271" lat="-34.4368661" lon="-58.5122349"/>
 <node id="1570138035" visible="true" version="1" changeset="10250923" timestamp="2011-12-30T23:39:36Z" user="estela" uid="89271" lat="-34.4368799" lon="-58.5126915"/>
 <node id="1570138046" visible="true" version="1" changeset="10250923" timestamp="2011-12-30T23:39:36Z" user="estela" uid="89271" lat="-34.4369137" lon="-58.5127772"/>
 <node id="1570138049" visible="true" version="1" changeset="10250923" timestamp="2011-12-30T23:39:37Z" user="estela" uid="89271" lat="-34.4369537" lon="-58.5123187"/>
 <node id="1570138052" visible="true" version="1" changeset="10250923" timestamp="2011-12-30T23:39:37Z" user="estela" uid="89271" lat="-34.4369568" lon="-58.5122330"/>
 <node id="1570138055" visible="true" version="1" changeset="10250923" timestamp="2011-12-30T23:39:37Z" user="estela" uid="89271" lat="-34.4369645" lon="-58.5124213"/>
 <node id="1570138059" visible="true" version="1" changeset="10250923" timestamp="2011-12-30T23:39:37Z" user="estela" uid="89271" lat="-34.4369783" lon="-58.5128033"/>
 <node id="1570138062" visible="true" version="1" changeset="10250923" timestamp="2011-12-30T23:39:37Z" user="estela" uid="89271" lat="-34.4369937" lon="-58.5123634"/>
 <node id="1570138065" visible="true" version="1" changeset="10250923" timestamp="2011-12-30T23:39:37Z" user="estela" uid="89271" lat="-34.4370244" lon="-58.5126020"/>
 <node id="1570138068" visible="true" version="1" changeset="10250923" timestamp="2011-12-30T23:39:37Z" user="estela" uid="89271" lat="-34.4370336" lon="-58.5128779"/>
 <node id="1570138069" visible="true" version="1" changeset="10250923" timestamp="2011-12-30T23:39:37Z" user="estela" uid="89271" lat="-34.4370921" lon="-58.5125722"/>
 <node id="1570138070" visible="true" version="1" changeset="10250923" timestamp="2011-12-30T23:39:37Z" user="estela" uid="89271" lat="-34.4370951" lon="-58.5128406"/>
 <node id="1570138071" visible="true" version="1" changeset="10250923" timestamp="2011-12-30T23:39:37Z" user="estela" uid="89271" lat="-34.4371105" lon="-58.5127772"/>
 <node id="1570138072" visible="true" version="1" changeset="10250923" timestamp="2011-12-30T23:39:37Z" user="estela" uid="89271" lat="-34.4371197" lon="-58.5124455"/>
 <node id="1570138073" visible="true" version="2" changeset="20290034" timestamp="2014-01-30T20:46:45Z" user="muralito" uid="755114" lat="-34.4371394" lon="-58.5119542"/>
 <node id="1570138074" visible="true" version="1" changeset="10250923" timestamp="2011-12-30T23:39:37Z" user="estela" uid="89271" lat="-34.4371305" lon="-58.5125257"/>
 <node id="1570138075" visible="true" version="1" changeset="10250923" timestamp="2011-12-30T23:39:37Z" user="estela" uid="89271" lat="-34.4371566" lon="-58.5128406"/>
 <node id="1570138078" visible="true" version="1" changeset="10250923" timestamp="2011-12-30T23:39:38Z" user="estela" uid="89271" lat="-34.4371658" lon="-58.5127139"/>
 <node id="1570138081" visible="true" version="1" changeset="10250923" timestamp="2011-12-30T23:39:38Z" user="estela" uid="89271" lat="-34.4372181" lon="-58.5129525"/>
 <node id="1570138083" visible="true" version="1" changeset="10250923" timestamp="2011-12-30T23:39:38Z" user="estela" uid="89271" lat="-34.4372227" lon="-58.5126077"/>
 <node id="1570138089" visible="true" version="1" changeset="10250923" timestamp="2011-12-30T23:39:38Z" user="estela" uid="89271" lat="-34.4373165" lon="-58.5123746"/>
 <node id="1570138092" visible="true" version="1" changeset="10250923" timestamp="2011-12-30T23:39:38Z" user="estela" uid="89271" lat="-34.4373380" lon="-58.5130307"/>
 <node id="1570138094" visible="true" version="1" changeset="10250923" timestamp="2011-12-30T23:39:38Z" user="estela" uid="89271" lat="-34.4373595" lon="-58.5124902"/>
 <node id="1570138096" visible="true" version="1" changeset="10250923" timestamp="2011-12-30T23:39:38Z" user="estela" uid="89271" lat="-34.4373841" lon="-58.5123485"/>
 <node id="1570138097" visible="true" version="1" changeset="10250923" timestamp="2011-12-30T23:39:38Z" user="estela" uid="89271" lat="-34.4374641" lon="-58.5131128"/>
 <node id="1570138099" visible="true" version="1" changeset="10250923" timestamp="2011-12-30T23:39:38Z" user="estela" uid="89271" lat="-34.4374702" lon="-58.5125498"/>
 <node id="1570138101" visible="true" version="1" changeset="10250923" timestamp="2011-12-30T23:39:38Z" user="estela" uid="89271" lat="-34.4375040" lon="-58.5132880"/>
 <node id="1570138116" visible="true" version="1" changeset="10250923" timestamp="2011-12-30T23:39:39Z" user="estela" uid="89271" lat="-34.4375256" lon="-58.5123150"/>
 <node id="1570138118" visible="true" version="1" changeset="10250923" timestamp="2011-12-30T23:39:39Z" user="estela" uid="89271" lat="-34.4375317" lon="-58.5126244"/>
 <node id="1570138121" visible="true" version="1" changeset="10250923" timestamp="2011-12-30T23:39:39Z" user="estela" uid="89271" lat="-34.4375778" lon="-58.5131314"/>
 <node id="1570138124" visible="true" version="1" changeset="10250923" timestamp="2011-12-30T23:39:39Z" user="estela" uid="89271" lat="-34.4376147" lon="-58.5125536"/>
 <node id="1570138127" visible="true" version="1" changeset="10250923" timestamp="2011-12-30T23:39:39Z" user="estela" uid="89271" lat="-34.4376286" lon="-58.5128314"/>
 <node id="1570138130" visible="true" version="1" changeset="10250923" timestamp="2011-12-30T23:39:39Z" user="estela" uid="89271" lat="-34.4376731" lon="-58.5130792"/>
 <node id="1570138133" visible="true" version="1" changeset="10250923" timestamp="2011-12-30T23:39:39Z" user="estela" uid="89271" lat="-34.4376793" lon="-58.5122889"/>
 <node id="1570138139" visible="true" version="1" changeset="10250923" timestamp="2011-12-30T23:39:39Z" user="estela" uid="89271" lat="-34.4377285" lon="-58.5126580"/>
 <node id="1570138141" visible="true" version="1" changeset="10250923" timestamp="2011-12-30T23:39:39Z" user="estela" uid="89271" lat="-34.4377531" lon="-58.5130494"/>
 <node id="1570138145" visible="true" version="1" changeset="10250923" timestamp="2011-12-30T23:39:39Z" user="estela" uid="89271" lat="-34.4377992" lon="-58.5127437"/>
 <node id="1570138147" visible="true" version="1" changeset="10250923" timestamp="2011-12-30T23:39:39Z" user="estela" uid="89271" lat="-34.4378115" lon="-58.5122292"/>
 <node id="1570138152" visible="true" version="1" changeset="10250923" timestamp="2011-12-30T23:39:39Z" user="estela" uid="89271" lat="-34.4378300" lon="-58.5132358"/>
 <node id="1570138155" visible="true" version="1" changeset="10250923" timestamp="2011-12-30T23:39:39Z" user="estela" uid="89271" lat="-34.4378561" lon="-58.5129283"/>
 <node id="1570138161" visible="true" version="1" changeset="10250923" timestamp="2011-12-30T23:39:39Z" user="estela" uid="89271" lat="-34.4378668" lon="-58.5132880"/>
 <node id="1570138164" visible="true" version="1" changeset="10250923" timestamp="2011-12-30T23:39:39Z" user="estela" uid="89271" lat="-34.4378761" lon="-58.5131500"/>
 <node id="1570138169" visible="true" version="1" changeset="10250923" timestamp="2011-12-30T23:39:39Z" user="estela" uid="89271" lat="-34.4379130" lon="-58.5121808"/>
 <node id="1570138171" visible="true" version="1" changeset="10250923" timestamp="2011-12-30T23:39:40Z" user="estela" uid="89271" lat="-34.4379191" lon="-58.5128033"/>
 <node id="1570138187" visible="true" version="1" changeset="10250923" timestamp="2011-12-30T23:39:40Z" user="estela" uid="89271" lat="-34.4379499" lon="-58.5132470"/>
 <node id="1570138194" visible="true" version="1" changeset="10250923" timestamp="2011-12-30T23:39:40Z" user="estela" uid="89271" lat="-34.4379960" lon="-58.5133402"/>
 <node id="1570138195" visible="true" version="1" changeset="10250923" timestamp="2011-12-30T23:39:40Z" user="estela" uid="89271" lat="-34.4380206" lon="-58.5121994"/>
 <node id="1570138196" visible="true" version="1" changeset="10250923" timestamp="2011-12-30T23:39:40Z" user="estela" uid="89271" lat="-34.4380298" lon="-58.5127847"/>
 <node id="1570138200" visible="true" version="1" changeset="10250923" timestamp="2011-12-30T23:39:40Z" user="estela" uid="89271" lat="-34.4380728" lon="-58.5122516"/>
 <node id="1570138203" visible="true" version="1" changeset="10250923" timestamp="2011-12-30T23:39:40Z" user="estela" uid="89271" lat="-34.4380882" lon="-58.5128108"/>
 <node id="1570138207" visible="true" version="1" changeset="10250923" timestamp="2011-12-30T23:39:40Z" user="estela" uid="89271" lat="-34.4380913" lon="-58.5131687"/>
 <node id="1570138210" visible="true" version="1" changeset="10250923" timestamp="2011-12-30T23:39:41Z" user="estela" uid="89271" lat="-34.4381021" lon="-58.5130849"/>
 <node id="1570138211" visible="true" version="1" changeset="10250923" timestamp="2011-12-30T23:39:41Z" user="estela" uid="89271" lat="-34.4381036" lon="-58.5129525"/>
 <node id="1570138212" visible="true" version="1" changeset="10250923" timestamp="2011-12-30T23:39:41Z" user="estela" uid="89271" lat="-34.4381528" lon="-58.5121472"/>
 <node id="1570138213" visible="true" version="1" changeset="10250923" timestamp="2011-12-30T23:39:41Z" user="estela" uid="89271" lat="-34.4381989" lon="-58.5130196"/>
 <node id="1570138214" visible="true" version="1" changeset="10250923" timestamp="2011-12-30T23:39:41Z" user="estela" uid="89271" lat="-34.4382020" lon="-58.5132395"/>
 <node id="1570138215" visible="true" version="1" changeset="10250923" timestamp="2011-12-30T23:39:41Z" user="estela" uid="89271" lat="-34.4382619" lon="-58.5132266"/>
 <node id="1570138216" visible="true" version="1" changeset="10250923" timestamp="2011-12-30T23:39:41Z" user="estela" uid="89271" lat="-34.4382973" lon="-58.5131053"/>
 <node id="1570138217" visible="true" version="1" changeset="10250923" timestamp="2011-12-30T23:39:41Z" user="estela" uid="89271" lat="-34.4383649" lon="-58.5120801"/>
 <node id="1570138218" visible="true" version="1" changeset="10250923" timestamp="2011-12-30T23:39:41Z" user="estela" uid="89271" lat="-34.4383911" lon="-58.5132862"/>
 <node id="1570138219" visible="true" version="1" changeset="10250923" timestamp="2011-12-30T23:39:41Z" user="estela" uid="89271" lat="-34.4384510" lon="-58.5120317"/>
 <node id="1570138220" visible="true" version="1" changeset="10250923" timestamp="2011-12-30T23:39:41Z" user="estela" uid="89271" lat="-34.4385832" lon="-58.5119907"/>
 <node id="1570138221" visible="true" version="1" changeset="10250923" timestamp="2011-12-30T23:39:41Z" user="estela" uid="89271" lat="-34.4386370" lon="-58.5134353"/>
 <node id="1570138223" visible="true" version="1" changeset="10250923" timestamp="2011-12-30T23:39:41Z" user="estela" uid="89271" lat="-34.4386970" lon="-58.5119534"/>
 <node id="1570138224" visible="true" version="1" changeset="10250923" timestamp="2011-12-30T23:39:41Z" user="estela" uid="89271" lat="-34.4387954" lon="-58.5119161"/>
 <node id="1570138226" visible="true" version="1" changeset="10250923" timestamp="2011-12-30T23:39:42Z" user="estela" uid="89271" lat="-34.4388522" lon="-58.5135919"/>
 <node id="1570138230" visible="true" version="1" changeset="10250923" timestamp="2011-12-30T23:39:42Z" user="estela" uid="89271" lat="-34.4388937" lon="-58.5118900"/>
 <node id="1570138235" visible="true" version="1" changeset="10250923" timestamp="2011-12-30T23:39:42Z" user="estela" uid="89271" lat="-34.4390121" lon="-58.5137485"/>
 <node id="1570138237" visible="true" version="1" changeset="10250923" timestamp="2011-12-30T23:39:42Z" user="estela" uid="89271" lat="-34.4390229" lon="-58.5117483"/>
 <node id="1570138243" visible="true" version="1" changeset="10250923" timestamp="2011-12-30T23:39:42Z" user="estela" uid="89271" lat="-34.4390659" lon="-58.5117297"/>
 <node id="1570138245" visible="true" version="1" changeset="10250923" timestamp="2011-12-30T23:39:42Z" user="estela" uid="89271" lat="-34.4391297" lon="-58.5114558"/>
 <node id="1570138246" visible="true" version="1" changeset="10250923" timestamp="2011-12-30T23:39:42Z" user="estela" uid="89271" lat="-34.4391781" lon="-58.5138901"/>
 <node id="1570138247" visible="true" version="1" changeset="10250923" timestamp="2011-12-30T23:39:42Z" user="estela" uid="89271" lat="-34.4392073" lon="-58.5115806"/>
 <node id="1570138249" visible="true" version="1" changeset="10250923" timestamp="2011-12-30T23:39:42Z" user="estela" uid="89271" lat="-34.4392586" lon="-58.5113677"/>
 <node id="1570138251" visible="true" version="1" changeset="10250923" timestamp="2011-12-30T23:39:42Z" user="estela" uid="89271" lat="-34.4393211" lon="-58.5115060"/>
 <node id="1570138254" visible="true" version="1" changeset="10250923" timestamp="2011-12-30T23:39:42Z" user="estela" uid="89271" lat="-34.4393749" lon="-58.5140765"/>
 <node id="1570138255" visible="true" version="1" changeset="10250923" timestamp="2011-12-30T23:39:42Z" user="estela" uid="89271" lat="-34.4393934" lon="-58.5151427"/>
 <node id="1570138257" visible="true" version="1" changeset="10250923" timestamp="2011-12-30T23:39:42Z" user="estela" uid="89271" lat="-34.4394810" lon="-58.5114203"/>
 <node id="1570138262" visible="true" version="1" changeset="10250923" timestamp="2011-12-30T23:39:42Z" user="estela" uid="89271" lat="-34.4395409" lon="-58.5149414"/>
 <node id="1570138269" visible="true" version="1" changeset="10250923" timestamp="2011-12-30T23:39:43Z" user="estela" uid="89271" lat="-34.4395548" lon="-58.5113494"/>
 <node id="1570138274" visible="true" version="1" changeset="10250923" timestamp="2011-12-30T23:39:43Z" user="estela" uid="89271" lat="-34.4396347" lon="-58.5110819"/>
 <node id="1570138276" visible="true" version="1" changeset="10250923" timestamp="2011-12-30T23:39:43Z" user="estela" uid="89271" lat="-34.4396501" lon="-58.5111817"/>
 <node id="1570138278" visible="true" version="1" changeset="10250923" timestamp="2011-12-30T23:39:43Z" user="estela" uid="89271" lat="-34.4396578" lon="-58.5148221"/>
 <node id="1570138280" visible="true" version="1" changeset="10250923" timestamp="2011-12-30T23:39:43Z" user="estela" uid="89271" lat="-34.4397070" lon="-58.5141735"/>
 <node id="1570138282" visible="true" version="1" changeset="10250923" timestamp="2011-12-30T23:39:43Z" user="estela" uid="89271" lat="-34.4398299" lon="-58.5147848"/>
 <node id="1570138283" visible="true" version="1" changeset="10250923" timestamp="2011-12-30T23:39:43Z" user="estela" uid="89271" lat="-34.4399652" lon="-58.5144568"/>
 <node id="1570138285" visible="true" version="1" changeset="10250923" timestamp="2011-12-30T23:39:43Z" user="estela" uid="89271" lat="-34.4399775" lon="-58.5142033"/>
 <node id="1570138286" visible="true" version="1" changeset="10250923" timestamp="2011-12-30T23:39:43Z" user="estela" uid="89271" lat="-34.4400329" lon="-58.5143077"/>
 <node id="1570149461" visible="true" version="1" changeset="10250987" timestamp="2011-12-30T23:47:43Z" user="estela" uid="89271" lat="-34.4342834" lon="-58.5152033"/>
 <node id="1570149463" visible="true" version="1" changeset="10250987" timestamp="2011-12-30T23:47:43Z" user="estela" uid="89271" lat="-34.4344372" lon="-58.5154120"/>
 <node id="1570149467" visible="true" version="1" changeset="10250987" timestamp="2011-12-30T23:47:43Z" user="estela" uid="89271" lat="-34.4348246" lon="-58.5155686"/>
 <node id="1570149479" visible="true" version="1" changeset="10250987" timestamp="2011-12-30T23:47:44Z" user="estela" uid="89271" lat="-34.4351321" lon="-58.5154568"/>
 <node id="1570149482" visible="true" version="1" changeset="10250987" timestamp="2011-12-30T23:47:44Z" user="estela" uid="89271" lat="-34.4352796" lon="-58.5152182"/>
 <node id="1570149484" visible="true" version="1" changeset="10250987" timestamp="2011-12-30T23:47:44Z" user="estela" uid="89271" lat="-34.4353165" lon="-58.5153971"/>
 <node id="1570149485" visible="true" version="1" changeset="10250987" timestamp="2011-12-30T23:47:44Z" user="estela" uid="89271" lat="-34.4353288" lon="-58.5151063"/>
 <node id="1570149490" visible="true" version="1" changeset="10250987" timestamp="2011-12-30T23:47:44Z" user="estela" uid="89271" lat="-34.4355564" lon="-58.5145024"/>
 <node id="1570149491" visible="true" version="1" changeset="10250987" timestamp="2011-12-30T23:47:44Z" user="estela" uid="89271" lat="-34.4355748" lon="-58.5146143"/>
 <node id="1570149492" visible="true" version="1" changeset="10250987" timestamp="2011-12-30T23:47:44Z" user="estela" uid="89271" lat="-34.4355748" lon="-58.5150616"/>
 <node id="1570149496" visible="true" version="1" changeset="10250987" timestamp="2011-12-30T23:47:45Z" user="estela" uid="89271" lat="-34.4356425" lon="-58.5148156"/>
 <node id="1570149498" visible="true" version="1" changeset="10250987" timestamp="2011-12-30T23:47:45Z" user="estela" uid="89271" lat="-34.4357654" lon="-58.5148752"/>
 <node id="1570149500" visible="true" version="1" changeset="10250987" timestamp="2011-12-30T23:47:45Z" user="estela" uid="89271" lat="-34.4359438" lon="-58.5161427"/>
 <node id="1570149502" visible="true" version="1" changeset="10250987" timestamp="2011-12-30T23:47:45Z" user="estela" uid="89271" lat="-34.4359930" lon="-58.5163888"/>
 <node id="1570149508" visible="true" version="1" changeset="10250987" timestamp="2011-12-30T23:47:45Z" user="estela" uid="89271" lat="-34.4360299" lon="-58.5158445"/>
 <node id="1570149509" visible="true" version="1" changeset="10250987" timestamp="2011-12-30T23:47:45Z" user="estela" uid="89271" lat="-34.4362205" lon="-58.5154493"/>
 <node id="1570149510" visible="true" version="1" changeset="10250987" timestamp="2011-12-30T23:47:45Z" user="estela" uid="89271" lat="-34.4362389" lon="-58.5164559"/>
 <node id="1570149511" visible="true" version="1" changeset="10250987" timestamp="2011-12-30T23:47:45Z" user="estela" uid="89271" lat="-34.4364234" lon="-58.5153822"/>
 <node id="1570149512" visible="true" version="1" changeset="10250987" timestamp="2011-12-30T23:47:45Z" user="estela" uid="89271" lat="-34.4366017" lon="-58.5162769"/>
 <node id="1570149513" visible="true" version="1" changeset="10250987" timestamp="2011-12-30T23:47:45Z" user="estela" uid="89271" lat="-34.4366509" lon="-58.5154046"/>
 <node id="1570149514" visible="true" version="1" changeset="10250987" timestamp="2011-12-30T23:47:45Z" user="estela" uid="89271" lat="-34.4368231" lon="-58.5152033"/>
 <node id="1570149515" visible="true" version="1" changeset="10250987" timestamp="2011-12-30T23:47:45Z" user="estela" uid="89271" lat="-34.4368600" lon="-58.5162396"/>
 <node id="1570149517" visible="true" version="1" changeset="10250987" timestamp="2011-12-30T23:47:45Z" user="estela" uid="89271" lat="-34.4369768" lon="-58.5149945"/>
 <node id="1570149527" visible="true" version="1" changeset="10250987" timestamp="2011-12-30T23:47:46Z" user="estela" uid="89271" lat="-34.4371306" lon="-58.5148379"/>
 <node id="1570149529" visible="true" version="1" changeset="10250987" timestamp="2011-12-30T23:47:46Z" user="estela" uid="89271" lat="-34.4372351" lon="-58.5161725"/>
 <node id="1570149530" visible="true" version="1" changeset="10250987" timestamp="2011-12-30T23:47:46Z" user="estela" uid="89271" lat="-34.4372843" lon="-58.5162620"/>
 <node id="1570149531" visible="true" version="1" changeset="10250987" timestamp="2011-12-30T23:47:46Z" user="estela" uid="89271" lat="-34.4374196" lon="-58.5165528"/>
 <node id="1570149532" visible="true" version="1" changeset="10250987" timestamp="2011-12-30T23:47:46Z" user="estela" uid="89271" lat="-34.4374380" lon="-58.5146441"/>
 <node id="1570149533" visible="true" version="1" changeset="10250987" timestamp="2011-12-30T23:47:46Z" user="estela" uid="89271" lat="-34.4374811" lon="-58.5167914"/>
 <node id="1570149534" visible="true" version="1" changeset="10250987" timestamp="2011-12-30T23:47:46Z" user="estela" uid="89271" lat="-34.4375795" lon="-58.5170300"/>
 <node id="1570149535" visible="true" version="1" changeset="10250987" timestamp="2011-12-30T23:47:46Z" user="estela" uid="89271" lat="-34.4376287" lon="-58.5173357"/>
 <node id="1570149537" visible="true" version="1" changeset="10250987" timestamp="2011-12-30T23:47:46Z" user="estela" uid="89271" lat="-34.4377270" lon="-58.5146441"/>
 <node id="1570149543" visible="true" version="1" changeset="10250987" timestamp="2011-12-30T23:47:46Z" user="estela" uid="89271" lat="-34.4377332" lon="-58.5175444"/>
 <node id="1570149545" visible="true" version="1" changeset="10250987" timestamp="2011-12-30T23:47:46Z" user="estela" uid="89271" lat="-34.4379238" lon="-58.5177905"/>
 <node id="1570149547" visible="true" version="1" changeset="10250987" timestamp="2011-12-30T23:47:46Z" user="estela" uid="89271" lat="-34.4379730" lon="-58.5145173"/>
 <node id="1570149550" visible="true" version="1" changeset="10250987" timestamp="2011-12-30T23:47:46Z" user="estela" uid="89271" lat="-34.4381452" lon="-58.5178352"/>
 <node id="1570149552" visible="true" version="1" changeset="10250987" timestamp="2011-12-30T23:47:46Z" user="estela" uid="89271" lat="-34.4381513" lon="-58.5145099"/>
 <node id="1570149553" visible="true" version="1" changeset="10250987" timestamp="2011-12-30T23:47:46Z" user="estela" uid="89271" lat="-34.4382559" lon="-58.5176637"/>
 <node id="1570149554" visible="true" version="1" changeset="10250987" timestamp="2011-12-30T23:47:47Z" user="estela" uid="89271" lat="-34.4382620" lon="-58.5169032"/>
 <node id="1570149555" visible="true" version="1" changeset="10250987" timestamp="2011-12-30T23:47:47Z" user="estela" uid="89271" lat="-34.4382682" lon="-58.5172835"/>
 <node id="1570149556" visible="true" version="1" changeset="10250987" timestamp="2011-12-30T23:47:47Z" user="estela" uid="89271" lat="-34.4382805" lon="-58.5166497"/>
 <node id="1570149557" visible="true" version="1" changeset="10250987" timestamp="2011-12-30T23:47:47Z" user="estela" uid="89271" lat="-34.4383051" lon="-58.5144353"/>
 <node id="1570149558" visible="true" version="1" changeset="10250987" timestamp="2011-12-30T23:47:47Z" user="estela" uid="89271" lat="-34.4383297" lon="-58.5163515"/>
 <node id="1570149560" visible="true" version="1" changeset="10250987" timestamp="2011-12-30T23:47:47Z" user="estela" uid="89271" lat="-34.4383727" lon="-58.5160682"/>
 <node id="1570149562" visible="true" version="1" changeset="10250987" timestamp="2011-12-30T23:47:47Z" user="estela" uid="89271" lat="-34.4383789" lon="-58.5158147"/>
 <node id="1570149564" visible="true" version="1" changeset="10250987" timestamp="2011-12-30T23:47:47Z" user="estela" uid="89271" lat="-34.4384034" lon="-58.5155761"/>
 <node id="1570149566" visible="true" version="1" changeset="10250987" timestamp="2011-12-30T23:47:47Z" user="estela" uid="89271" lat="-34.4384711" lon="-58.5146441"/>
 <node id="1570149568" visible="true" version="1" changeset="10250987" timestamp="2011-12-30T23:47:47Z" user="estela" uid="89271" lat="-34.4385633" lon="-58.5155239"/>
 <node id="1570149570" visible="true" version="1" changeset="10250987" timestamp="2011-12-30T23:47:47Z" user="estela" uid="89271" lat="-34.4386002" lon="-58.5148454"/>
 <node id="1570149575" visible="true" version="1" changeset="10250987" timestamp="2011-12-30T23:47:47Z" user="estela" uid="89271" lat="-34.4386802" lon="-58.5157028"/>
 <node id="1570149576" visible="true" version="1" changeset="10250987" timestamp="2011-12-30T23:47:47Z" user="estela" uid="89271" lat="-34.4387232" lon="-58.5149200"/>
 <node id="1570149577" visible="true" version="1" changeset="10250987" timestamp="2011-12-30T23:47:47Z" user="estela" uid="89271" lat="-34.4388277" lon="-58.5151809"/>
 <node id="1570149578" visible="true" version="1" changeset="10250987" timestamp="2011-12-30T23:47:48Z" user="estela" uid="89271" lat="-34.4388708" lon="-58.5156730"/>
 <node id="1570149579" visible="true" version="1" changeset="10250987" timestamp="2011-12-30T23:47:48Z" user="estela" uid="89271" lat="-34.4389446" lon="-58.5153897"/>
 <node id="1570154496" visible="true" version="2" changeset="21479513" timestamp="2014-04-03T16:13:59Z" user="Souchong" uid="255141" lat="-34.4372980" lon="-58.5270251"/>
 <node id="1570154497" visible="true" version="1" changeset="10251019" timestamp="2011-12-30T23:54:05Z" user="estela" uid="89271" lat="-34.4382941" lon="-58.5186570"/>
 <node id="1570154498" visible="true" version="1" changeset="10251019" timestamp="2011-12-30T23:54:05Z" user="estela" uid="89271" lat="-34.4383003" lon="-58.5184706"/>
 <node id="1570154507" visible="true" version="1" changeset="10251019" timestamp="2011-12-30T23:54:06Z" user="estela" uid="89271" lat="-34.4383095" lon="-58.5182134"/>
 <node id="1570154509" visible="true" version="1" changeset="10251019" timestamp="2011-12-30T23:54:06Z" user="estela" uid="89271" lat="-34.4383372" lon="-58.5180493"/>
 <node id="1570154510" visible="true" version="1" changeset="10251019" timestamp="2011-12-30T23:54:06Z" user="estela" uid="89271" lat="-34.4383648" lon="-58.5177287"/>
 <node id="1570154511" visible="true" version="1" changeset="10251019" timestamp="2011-12-30T23:54:06Z" user="estela" uid="89271" lat="-34.4384110" lon="-58.5173187"/>
 <node id="1570154512" visible="true" version="1" changeset="10251019" timestamp="2011-12-30T23:54:06Z" user="estela" uid="89271" lat="-34.4384294" lon="-58.5169720"/>
 <node id="1570154513" visible="true" version="1" changeset="10251019" timestamp="2011-12-30T23:54:06Z" user="estela" uid="89271" lat="-34.4384294" lon="-58.5187800"/>
 <node id="1570154515" visible="true" version="1" changeset="10251019" timestamp="2011-12-30T23:54:06Z" user="estela" uid="89271" lat="-34.4384346" lon="-58.5184840"/>
 <node id="1570154517" visible="true" version="1" changeset="10251019" timestamp="2011-12-30T23:54:06Z" user="estela" uid="89271" lat="-34.4384653" lon="-58.5182939"/>
 <node id="1570154520" visible="true" version="1" changeset="10251019" timestamp="2011-12-30T23:54:06Z" user="estela" uid="89271" lat="-34.4384776" lon="-58.5180665"/>
 <node id="1570154521" visible="true" version="1" changeset="10251019" timestamp="2011-12-30T23:54:06Z" user="estela" uid="89271" lat="-34.4384991" lon="-58.5176117"/>
 <node id="1570154523" visible="true" version="1" changeset="10251019" timestamp="2011-12-30T23:54:06Z" user="estela" uid="89271" lat="-34.4385022" lon="-58.5177646"/>
 <node id="1570154525" visible="true" version="1" changeset="10251019" timestamp="2011-12-30T23:54:06Z" user="estela" uid="89271" lat="-34.4385029" lon="-58.5174743"/>
 <node id="1570154526" visible="true" version="1" changeset="10251019" timestamp="2011-12-30T23:54:06Z" user="estela" uid="89271" lat="-34.4385339" lon="-58.5158163"/>
 <node id="1570154530" visible="true" version="1" changeset="10251019" timestamp="2011-12-30T23:54:06Z" user="estela" uid="89271" lat="-34.4385575" lon="-58.5171644"/>
 <node id="1570154532" visible="true" version="1" changeset="10251019" timestamp="2011-12-30T23:54:06Z" user="estela" uid="89271" lat="-34.4385637" lon="-58.5173172"/>
 <node id="1570154534" visible="true" version="1" changeset="10251019" timestamp="2011-12-30T23:54:06Z" user="estela" uid="89271" lat="-34.4385724" lon="-58.5174783"/>
 <node id="1570154536" visible="true" version="1" changeset="10251019" timestamp="2011-12-30T23:54:06Z" user="estela" uid="89271" lat="-34.4385883" lon="-58.5185400"/>
 <node id="1570154537" visible="true" version="1" changeset="10251019" timestamp="2011-12-30T23:54:06Z" user="estela" uid="89271" lat="-34.4386344" lon="-58.5197441"/>
 <node id="1570154538" visible="true" version="1" changeset="10251019" timestamp="2011-12-30T23:54:06Z" user="estela" uid="89271" lat="-34.4386590" lon="-58.5159826"/>
 <node id="1570154539" visible="true" version="1" changeset="10251019" timestamp="2011-12-30T23:54:06Z" user="estela" uid="89271" lat="-34.4386631" lon="-58.5158200"/>
 <node id="1570154540" visible="true" version="1" changeset="10251019" timestamp="2011-12-30T23:54:07Z" user="estela" uid="89271" lat="-34.4386744" lon="-58.5195390"/>
 <node id="1570154542" visible="true" version="1" changeset="10251019" timestamp="2011-12-30T23:54:07Z" user="estela" uid="89271" lat="-34.4387359" lon="-58.5192110"/>
 <node id="1570154545" visible="true" version="1" changeset="10251019" timestamp="2011-12-30T23:54:07Z" user="estela" uid="89271" lat="-34.4387451" lon="-58.5176527"/>
 <node id="1570154546" visible="true" version="1" changeset="10251019" timestamp="2011-12-30T23:54:07Z" user="estela" uid="89271" lat="-34.4387512" lon="-58.5185772"/>
 <node id="1570154548" visible="true" version="1" changeset="10251019" timestamp="2011-12-30T23:54:07Z" user="estela" uid="89271" lat="-34.4387635" lon="-58.5190432"/>
 <node id="1570154550" visible="true" version="1" changeset="10251019" timestamp="2011-12-30T23:54:07Z" user="estela" uid="89271" lat="-34.4387922" lon="-58.5158200"/>
 <node id="1570154551" visible="true" version="1" changeset="10251019" timestamp="2011-12-30T23:54:07Z" user="estela" uid="89271" lat="-34.4388004" lon="-58.5187935"/>
 <node id="1570154553" visible="true" version="1" changeset="10251019" timestamp="2011-12-30T23:54:07Z" user="estela" uid="89271" lat="-34.4388035" lon="-58.5186369"/>
 <node id="1570154555" visible="true" version="1" changeset="10251019" timestamp="2011-12-30T23:54:07Z" user="estela" uid="89271" lat="-34.4390249" lon="-58.5160385"/>
 <node id="1570154557" visible="true" version="1" changeset="10251019" timestamp="2011-12-30T23:54:07Z" user="estela" uid="89271" lat="-34.4392042" lon="-58.5158909"/>
 <node id="1570154558" visible="true" version="1" changeset="10251019" timestamp="2011-12-30T23:54:07Z" user="estela" uid="89271" lat="-34.4393118" lon="-58.5158909"/>
 <node id="1570154568" visible="true" version="1" changeset="10251019" timestamp="2011-12-30T23:54:07Z" user="estela" uid="89271" lat="-34.4394379" lon="-58.5159282"/>
 <node id="1570154570" visible="true" version="1" changeset="10251019" timestamp="2011-12-30T23:54:07Z" user="estela" uid="89271" lat="-34.4395393" lon="-58.5159654"/>
 <node id="1570154572" visible="true" version="1" changeset="10251019" timestamp="2011-12-30T23:54:07Z" user="estela" uid="89271" lat="-34.4395414" lon="-58.5177086"/>
 <node id="1570154574" visible="true" version="1" changeset="10251019" timestamp="2011-12-30T23:54:07Z" user="estela" uid="89271" lat="-34.4395856" lon="-58.5175375"/>
 <node id="1570154575" visible="true" version="1" changeset="10251019" timestamp="2011-12-30T23:54:07Z" user="estela" uid="89271" lat="-34.4396715" lon="-58.5160139"/>
 <node id="1570154576" visible="true" version="1" changeset="10251019" timestamp="2011-12-30T23:54:08Z" user="estela" uid="89271" lat="-34.4397812" lon="-58.5161988"/>
 <node id="1570154577" visible="true" version="1" changeset="10251019" timestamp="2011-12-30T23:54:08Z" user="estela" uid="89271" lat="-34.4399021" lon="-58.5160549"/>
 <node id="1570154578" visible="true" version="1" changeset="10251019" timestamp="2011-12-30T23:54:08Z" user="estela" uid="89271" lat="-34.4400764" lon="-58.5162808"/>
 <node id="1570154579" visible="true" version="1" changeset="10251019" timestamp="2011-12-30T23:54:08Z" user="estela" uid="89271" lat="-34.4402403" lon="-58.5161369"/>
 <node id="1570154580" visible="true" version="1" changeset="10251019" timestamp="2011-12-30T23:54:08Z" user="estela" uid="89271" lat="-34.4403756" lon="-58.5161742"/>
 <node id="1570154582" visible="true" version="1" changeset="10251019" timestamp="2011-12-30T23:54:08Z" user="estela" uid="89271" lat="-34.4404791" lon="-58.5177795"/>
 <node id="1570154583" visible="true" version="1" changeset="10251019" timestamp="2011-12-30T23:54:08Z" user="estela" uid="89271" lat="-34.4405170" lon="-58.5162115"/>
 <node id="1570154585" visible="true" version="1" changeset="10251019" timestamp="2011-12-30T23:54:08Z" user="estela" uid="89271" lat="-34.4406113" lon="-58.5164001"/>
 <node id="1570154587" visible="true" version="1" changeset="10251019" timestamp="2011-12-30T23:54:08Z" user="estela" uid="89271" lat="-34.4406465" lon="-58.5176271"/>
 <node id="1570154588" visible="true" version="1" changeset="10251019" timestamp="2011-12-30T23:54:08Z" user="estela" uid="89271" lat="-34.4406830" lon="-58.5162450"/>
 <node id="1570154590" visible="true" version="1" changeset="10251019" timestamp="2011-12-30T23:54:08Z" user="estela" uid="89271" lat="-34.4408081" lon="-58.5178167"/>
 <node id="1570154592" visible="true" version="1" changeset="10251019" timestamp="2011-12-30T23:54:08Z" user="estela" uid="89271" lat="-34.4408583" lon="-58.5162898"/>
 <node id="1570154594" visible="true" version="1" changeset="10251019" timestamp="2011-12-30T23:54:08Z" user="estela" uid="89271" lat="-34.4408603" lon="-58.5164598"/>
 <node id="1570154597" visible="true" version="1" changeset="10251019" timestamp="2011-12-30T23:54:08Z" user="estela" uid="89271" lat="-34.4411749" lon="-58.5163755"/>
 <node id="1570154598" visible="true" version="1" changeset="10251019" timestamp="2011-12-30T23:54:08Z" user="estela" uid="89271" lat="-34.4412378" lon="-58.5176535"/>
 <node id="1570154599" visible="true" version="1" changeset="10251019" timestamp="2011-12-30T23:54:08Z" user="estela" uid="89271" lat="-34.4412969" lon="-58.5165753"/>
 <node id="1570154601" visible="true" version="1" changeset="10251019" timestamp="2011-12-30T23:54:08Z" user="estela" uid="89271" lat="-34.4413492" lon="-58.5178391"/>
 <node id="1570154602" visible="true" version="1" changeset="10251019" timestamp="2011-12-30T23:54:08Z" user="estela" uid="89271" lat="-34.4414855" lon="-58.5164463"/>
 <node id="1570154604" visible="true" version="1" changeset="10251019" timestamp="2011-12-30T23:54:08Z" user="estela" uid="89271" lat="-34.4415552" lon="-58.5166238"/>
 <node id="1570154606" visible="true" version="1" changeset="10251019" timestamp="2011-12-30T23:54:08Z" user="estela" uid="89271" lat="-34.4416161" lon="-58.5176588"/>
 <node id="1570154607" visible="true" version="1" changeset="10251019" timestamp="2011-12-30T23:54:08Z" user="estela" uid="89271" lat="-34.4416382" lon="-58.5178093"/>
 <node id="1570154609" visible="true" version="1" changeset="10251019" timestamp="2011-12-30T23:54:08Z" user="estela" uid="89271" lat="-34.4418552" lon="-58.5176430"/>
 <node id="1570154610" visible="true" version="1" changeset="10251019" timestamp="2011-12-30T23:54:08Z" user="estela" uid="89271" lat="-34.4418688" lon="-58.5177906"/>
 <node id="1570154611" visible="true" version="1" changeset="10251019" timestamp="2011-12-30T23:54:08Z" user="estela" uid="89271" lat="-34.4419639" lon="-58.5176377"/>
 <node id="1570154612" visible="true" version="1" changeset="10251019" timestamp="2011-12-30T23:54:08Z" user="estela" uid="89271" lat="-34.4419866" lon="-58.5165880"/>
 <node id="1570154613" visible="true" version="1" changeset="10251019" timestamp="2011-12-30T23:54:08Z" user="estela" uid="89271" lat="-34.4421205" lon="-58.5175902"/>
 <node id="1570154614" visible="true" version="1" changeset="10251019" timestamp="2011-12-30T23:54:08Z" user="estela" uid="89271" lat="-34.4421987" lon="-58.5166327"/>
 <node id="1570154626" visible="true" version="1" changeset="10251019" timestamp="2011-12-30T23:54:09Z" user="estela" uid="89271" lat="-34.4423637" lon="-58.5168288"/>
 <node id="1570154627" visible="true" version="1" changeset="10251019" timestamp="2011-12-30T23:54:09Z" user="estela" uid="89271" lat="-34.4424552" lon="-58.5176324"/>
 <node id="1570154628" visible="true" version="1" changeset="10251019" timestamp="2011-12-30T23:54:09Z" user="estela" uid="89271" lat="-34.4424570" lon="-58.5166812"/>
 <node id="1570154629" visible="true" version="1" changeset="10251019" timestamp="2011-12-30T23:54:09Z" user="estela" uid="89271" lat="-34.4424744" lon="-58.5177869"/>
 <node id="1570154630" visible="true" version="1" changeset="10251019" timestamp="2011-12-30T23:54:09Z" user="estela" uid="89271" lat="-34.4426076" lon="-58.5167297"/>
 <node id="1570154631" visible="true" version="1" changeset="10251019" timestamp="2011-12-30T23:54:09Z" user="estela" uid="89271" lat="-34.4426650" lon="-58.5178279"/>
 <node id="1570154633" visible="true" version="1" changeset="10251019" timestamp="2011-12-30T23:54:09Z" user="estela" uid="89271" lat="-34.4426681" lon="-58.5181821"/>
 <node id="1570154635" visible="true" version="1" changeset="10251019" timestamp="2011-12-30T23:54:09Z" user="estela" uid="89271" lat="-34.4427112" lon="-58.5179211"/>
 <node id="1570154637" visible="true" version="1" changeset="10251019" timestamp="2011-12-30T23:54:09Z" user="estela" uid="89271" lat="-34.4427118" lon="-58.5176430"/>
 <node id="1570154639" visible="true" version="1" changeset="10251019" timestamp="2011-12-30T23:54:09Z" user="estela" uid="89271" lat="-34.4427511" lon="-58.5169295"/>
 <node id="1570154641" visible="true" version="1" changeset="10251019" timestamp="2011-12-30T23:54:09Z" user="estela" uid="89271" lat="-34.4427634" lon="-58.5176639"/>
 <node id="1570154642" visible="true" version="1" changeset="10251019" timestamp="2011-12-30T23:54:09Z" user="estela" uid="89271" lat="-34.4427829" lon="-58.5167707"/>
 <node id="1570154643" visible="true" version="1" changeset="10251019" timestamp="2011-12-30T23:54:09Z" user="estela" uid="89271" lat="-34.4428034" lon="-58.5170152"/>
 <node id="1570154644" visible="true" version="1" changeset="10251019" timestamp="2011-12-30T23:54:09Z" user="estela" uid="89271" lat="-34.4428034" lon="-58.5172613"/>
 <node id="1570154645" visible="true" version="1" changeset="10251019" timestamp="2011-12-30T23:54:09Z" user="estela" uid="89271" lat="-34.4428879" lon="-58.5168469"/>
 <node id="1570154646" visible="true" version="1" changeset="10251019" timestamp="2011-12-30T23:54:09Z" user="estela" uid="89271" lat="-34.4429357" lon="-58.5169945"/>
 <node id="1570154647" visible="true" version="1" changeset="10251019" timestamp="2011-12-30T23:54:10Z" user="estela" uid="89271" lat="-34.4429466" lon="-58.5171474"/>
 <node id="1570155450" visible="true" version="1" changeset="10251026" timestamp="2011-12-30T23:56:30Z" user="estela" uid="89271" lat="-34.4360142" lon="-58.5184401"/>
 <node id="1570155451" visible="true" version="1" changeset="10251026" timestamp="2011-12-30T23:56:30Z" user="estela" uid="89271" lat="-34.4360175" lon="-58.5185956"/>
 <node id="1570155453" visible="true" version="1" changeset="10251026" timestamp="2011-12-30T23:56:30Z" user="estela" uid="89271" lat="-34.4360197" lon="-58.5185218"/>
 <node id="1570155454" visible="true" version="1" changeset="10251026" timestamp="2011-12-30T23:56:31Z" user="estela" uid="89271" lat="-34.4360284" lon="-58.5186299"/>
 <node id="1570155455" visible="true" version="1" changeset="10251026" timestamp="2011-12-30T23:56:31Z" user="estela" uid="89271" lat="-34.4360305" lon="-58.5183794"/>
 <node id="1570155457" visible="true" version="1" changeset="10251026" timestamp="2011-12-30T23:56:31Z" user="estela" uid="89271" lat="-34.4360305" lon="-58.5184796"/>
 <node id="1570155458" visible="true" version="1" changeset="10251026" timestamp="2011-12-30T23:56:31Z" user="estela" uid="89271" lat="-34.4360458" lon="-58.5183570"/>
 <node id="1570155459" visible="true" version="1" changeset="10251026" timestamp="2011-12-30T23:56:31Z" user="estela" uid="89271" lat="-34.4360555" lon="-58.5186549"/>
 <node id="1570155460" visible="true" version="1" changeset="10251026" timestamp="2011-12-30T23:56:31Z" user="estela" uid="89271" lat="-34.4360914" lon="-58.5183742"/>
 <node id="1570155461" visible="true" version="1" changeset="10251026" timestamp="2011-12-30T23:56:31Z" user="estela" uid="89271" lat="-34.4360990" lon="-58.5186523"/>
 <node id="1570155462" visible="true" version="1" changeset="10251026" timestamp="2011-12-30T23:56:31Z" user="estela" uid="89271" lat="-34.4361099" lon="-58.5183860"/>
 <node id="1570155464" visible="true" version="1" changeset="10251026" timestamp="2011-12-30T23:56:31Z" user="estela" uid="89271" lat="-34.4361371" lon="-58.5183662"/>
 <node id="1570155465" visible="true" version="1" changeset="10251026" timestamp="2011-12-30T23:56:31Z" user="estela" uid="89271" lat="-34.4361675" lon="-58.5183794"/>
 <node id="1570155466" visible="true" version="1" changeset="10251026" timestamp="2011-12-30T23:56:31Z" user="estela" uid="89271" lat="-34.4361751" lon="-58.5186588"/>
 <node id="1570155467" visible="true" version="1" changeset="10251026" timestamp="2011-12-30T23:56:31Z" user="estela" uid="89271" lat="-34.4362208" lon="-58.5186509"/>
 <node id="1570155468" visible="true" version="1" changeset="10251026" timestamp="2011-12-30T23:56:31Z" user="estela" uid="89271" lat="-34.4362240" lon="-58.5183676"/>
 <node id="1570155469" visible="true" version="1" changeset="10251026" timestamp="2011-12-30T23:56:31Z" user="estela" uid="89271" lat="-34.4362338" lon="-58.5186009"/>
 <node id="1570155470" visible="true" version="1" changeset="10251026" timestamp="2011-12-30T23:56:31Z" user="estela" uid="89271" lat="-34.4362414" lon="-58.5184058"/>
 <node id="1570155471" visible="true" version="1" changeset="10251026" timestamp="2011-12-30T23:56:31Z" user="estela" uid="89271" lat="-34.4362523" lon="-58.5184387"/>
 <node id="1570155473" visible="true" version="1" changeset="10251026" timestamp="2011-12-30T23:56:31Z" user="estela" uid="89271" lat="-34.4362566" lon="-58.5185916"/>
 <node id="1570155474" visible="true" version="1" changeset="10251026" timestamp="2011-12-30T23:56:32Z" user="estela" uid="89271" lat="-34.4362762" lon="-58.5184770"/>
 <node id="1570155475" visible="true" version="1" changeset="10251026" timestamp="2011-12-30T23:56:32Z" user="estela" uid="89271" lat="-34.4362795" lon="-58.5186259"/>
 <node id="1570155476" visible="true" version="1" changeset="10251026" timestamp="2011-12-30T23:56:32Z" user="estela" uid="89271" lat="-34.4362882" lon="-58.5185415"/>
 <node id="1570155477" visible="true" version="1" changeset="10251026" timestamp="2011-12-30T23:56:32Z" user="estela" uid="89271" lat="-34.4362990" lon="-58.5186813"/>
 <node id="1570155481" visible="true" version="1" changeset="10251026" timestamp="2011-12-30T23:56:32Z" user="estela" uid="89271" lat="-34.4363360" lon="-58.5186826"/>
 <node id="1570155482" visible="true" version="1" changeset="10251026" timestamp="2011-12-30T23:56:32Z" user="estela" uid="89271" lat="-34.4363430" lon="-58.5186250"/>
 <node id="1570155483" visible="true" version="1" changeset="10251026" timestamp="2011-12-30T23:56:32Z" user="estela" uid="89271" lat="-34.4363567" lon="-58.5186457"/>
 <node id="1570155484" visible="true" version="1" changeset="10251026" timestamp="2011-12-30T23:56:32Z" user="estela" uid="89271" lat="-34.4364778" lon="-58.5186566"/>
 <node id="1570155485" visible="true" version="1" changeset="10251026" timestamp="2011-12-30T23:56:32Z" user="estela" uid="89271" lat="-34.4366387" lon="-58.5187673"/>
 <node id="1570155486" visible="true" version="1" changeset="10251026" timestamp="2011-12-30T23:56:32Z" user="estela" uid="89271" lat="-34.4367726" lon="-58.5199404"/>
 <node id="1570155487" visible="true" version="1" changeset="10251026" timestamp="2011-12-30T23:56:32Z" user="estela" uid="89271" lat="-34.4367726" lon="-58.5200116"/>
 <node id="1570155489" visible="true" version="1" changeset="10251026" timestamp="2011-12-30T23:56:32Z" user="estela" uid="89271" lat="-34.4367909" lon="-58.5188570"/>
 <node id="1570155490" visible="true" version="1" changeset="10251026" timestamp="2011-12-30T23:56:32Z" user="estela" uid="89271" lat="-34.4367922" lon="-58.5195713"/>
 <node id="1570155491" visible="true" version="1" changeset="10251026" timestamp="2011-12-30T23:56:32Z" user="estela" uid="89271" lat="-34.4367922" lon="-58.5196451"/>
 <node id="1570155492" visible="true" version="1" changeset="10251026" timestamp="2011-12-30T23:56:32Z" user="estela" uid="89271" lat="-34.4368096" lon="-58.5201618"/>
 <node id="1570155494" visible="true" version="1" changeset="10251026" timestamp="2011-12-30T23:56:33Z" user="estela" uid="89271" lat="-34.4368117" lon="-58.5197321"/>
 <node id="1570155495" visible="true" version="1" changeset="10251026" timestamp="2011-12-30T23:56:33Z" user="estela" uid="89271" lat="-34.4368117" lon="-58.5200854"/>
 <node id="1570155496" visible="true" version="1" changeset="10251026" timestamp="2011-12-30T23:56:33Z" user="estela" uid="89271" lat="-34.4368161" lon="-58.5198797"/>
 <node id="1570155497" visible="true" version="1" changeset="10251026" timestamp="2011-12-30T23:56:33Z" user="estela" uid="89271" lat="-34.4368170" lon="-58.5191944"/>
 <node id="1570155499" visible="true" version="1" changeset="10251026" timestamp="2011-12-30T23:56:33Z" user="estela" uid="89271" lat="-34.4368291" lon="-58.5202145"/>
 <node id="1570155500" visible="true" version="1" changeset="10251026" timestamp="2011-12-30T23:56:33Z" user="estela" uid="89271" lat="-34.4368313" lon="-58.5194158"/>
 <node id="1570155501" visible="true" version="1" changeset="10251026" timestamp="2011-12-30T23:56:33Z" user="estela" uid="89271" lat="-34.4368422" lon="-58.5198007"/>
 <node id="1570155502" visible="true" version="1" changeset="10251026" timestamp="2011-12-30T23:56:33Z" user="estela" uid="89271" lat="-34.4368596" lon="-58.5203121"/>
 <node id="1570155503" visible="true" version="1" changeset="10251026" timestamp="2011-12-30T23:56:33Z" user="estela" uid="89271" lat="-34.4369074" lon="-58.5203437"/>
 <node id="1570155504" visible="true" version="1" changeset="10251026" timestamp="2011-12-30T23:56:33Z" user="estela" uid="89271" lat="-34.4369248" lon="-58.5206099"/>
 <node id="1570155505" visible="true" version="1" changeset="10251026" timestamp="2011-12-30T23:56:33Z" user="estela" uid="89271" lat="-34.4369257" lon="-58.5189466"/>
 <node id="1570155506" visible="true" version="1" changeset="10251026" timestamp="2011-12-30T23:56:33Z" user="estela" uid="89271" lat="-34.4369431" lon="-58.5190520"/>
 <node id="1570155507" visible="true" version="1" changeset="10251026" timestamp="2011-12-30T23:56:33Z" user="estela" uid="89271" lat="-34.4369552" lon="-58.5206442"/>
 <node id="1570155508" visible="true" version="1" changeset="10251026" timestamp="2011-12-30T23:56:33Z" user="estela" uid="89271" lat="-34.4369705" lon="-58.5204834"/>
 <node id="1570155509" visible="true" version="1" changeset="10251026" timestamp="2011-12-30T23:56:33Z" user="estela" uid="89271" lat="-34.4369813" lon="-58.5203911"/>
 <node id="1570155510" visible="true" version="1" changeset="10251026" timestamp="2011-12-30T23:56:34Z" user="estela" uid="89271" lat="-34.4370031" lon="-58.5206837"/>
 <node id="1570155511" visible="true" version="1" changeset="10251026" timestamp="2011-12-30T23:56:34Z" user="estela" uid="89271" lat="-34.4370509" lon="-58.5207338"/>
 <node id="1570155512" visible="true" version="1" changeset="10251026" timestamp="2011-12-30T23:56:34Z" user="estela" uid="89271" lat="-34.4370770" lon="-58.5208261"/>
 <node id="1570155513" visible="true" version="1" changeset="10251026" timestamp="2011-12-30T23:56:34Z" user="estela" uid="89271" lat="-34.4371313" lon="-58.5208894"/>
 <node id="1570155514" visible="true" version="1" changeset="10251026" timestamp="2011-12-30T23:56:34Z" user="estela" uid="89271" lat="-34.4371770" lon="-58.5209315"/>
 <node id="1570155515" visible="true" version="1" changeset="10251026" timestamp="2011-12-30T23:56:34Z" user="estela" uid="89271" lat="-34.4372335" lon="-58.5209473"/>
 <node id="1570155516" visible="true" version="1" changeset="10251026" timestamp="2011-12-30T23:56:34Z" user="estela" uid="89271" lat="-34.4373270" lon="-58.5209342"/>
 <node id="1570155517" visible="true" version="1" changeset="10251026" timestamp="2011-12-30T23:56:34Z" user="estela" uid="89271" lat="-34.4374053" lon="-58.5209579"/>
 <node id="1570155518" visible="true" version="2" changeset="21479513" timestamp="2014-04-03T16:13:59Z" user="Souchong" uid="255141" lat="-34.4375391" lon="-58.5210434"/>
 <node id="1570159783" visible="true" version="2" changeset="21479513" timestamp="2014-04-03T16:13:59Z" user="Souchong" uid="255141" lat="-34.4369272" lon="-58.5232030"/>
 <node id="1572715859" visible="true" version="1" changeset="10261951" timestamp="2012-01-01T14:53:42Z" user="estela" uid="89271" lat="-34.4390022" lon="-58.5265291"/>
 <node id="1572715979" visible="true" version="1" changeset="10261951" timestamp="2012-01-01T14:53:45Z" user="estela" uid="89271" lat="-34.4405888" lon="-58.5244150"/>
 <node id="1572715982" visible="true" version="1" changeset="10261951" timestamp="2012-01-01T14:53:45Z" user="estela" uid="89271" lat="-34.4406176" lon="-58.5244674"/>
 <node id="1572715983" visible="true" version="1" changeset="10261951" timestamp="2012-01-01T14:53:45Z" user="estela" uid="89271" lat="-34.4406593" lon="-58.5246772"/>
 <node id="1572715984" visible="true" version="1" changeset="10261951" timestamp="2012-01-01T14:53:46Z" user="estela" uid="89271" lat="-34.4406609" lon="-58.5246034"/>
 <node id="1572715985" visible="true" version="1" changeset="10261951" timestamp="2012-01-01T14:53:46Z" user="estela" uid="89271" lat="-34.4406657" lon="-58.5243975"/>
 <node id="1572715987" visible="true" version="1" changeset="10261951" timestamp="2012-01-01T14:53:46Z" user="estela" uid="89271" lat="-34.4406977" lon="-58.5244771"/>
 <node id="1572716002" visible="true" version="1" changeset="10261951" timestamp="2012-01-01T14:53:46Z" user="estela" uid="89271" lat="-34.4407169" lon="-58.5245451"/>
 <node id="1572716006" visible="true" version="1" changeset="10261951" timestamp="2012-01-01T14:53:46Z" user="estela" uid="89271" lat="-34.4407265" lon="-58.5244052"/>
 <node id="1572716008" visible="true" version="1" changeset="10261951" timestamp="2012-01-01T14:53:46Z" user="estela" uid="89271" lat="-34.4407986" lon="-58.5244402"/>
 <node id="1572716009" visible="true" version="1" changeset="10261951" timestamp="2012-01-01T14:53:46Z" user="estela" uid="89271" lat="-34.4408067" lon="-58.5247355"/>
 <node id="1572716010" visible="true" version="1" changeset="10261951" timestamp="2012-01-01T14:53:46Z" user="estela" uid="89271" lat="-34.4408675" lon="-58.5245315"/>
 <node id="1572716011" visible="true" version="1" changeset="10261951" timestamp="2012-01-01T14:53:46Z" user="estela" uid="89271" lat="-34.4409108" lon="-58.5245043"/>
 <node id="1572716012" visible="true" version="1" changeset="10261951" timestamp="2012-01-01T14:53:46Z" user="estela" uid="89271" lat="-34.4409268" lon="-58.5247452"/>
 <node id="1572716018" visible="true" version="1" changeset="10261951" timestamp="2012-01-01T14:53:46Z" user="estela" uid="89271" lat="-34.4409685" lon="-58.5245043"/>
 <node id="1572716020" visible="true" version="1" changeset="10261951" timestamp="2012-01-01T14:53:47Z" user="estela" uid="89271" lat="-34.4409717" lon="-58.5247977"/>
 <node id="1572716022" visible="true" version="1" changeset="10261951" timestamp="2012-01-01T14:53:47Z" user="estela" uid="89271" lat="-34.4410181" lon="-58.5245451"/>
 <node id="1572716024" visible="true" version="1" changeset="10261951" timestamp="2012-01-01T14:53:47Z" user="estela" uid="89271" lat="-34.4410390" lon="-58.5246015"/>
 <node id="1572716026" visible="true" version="1" changeset="10261951" timestamp="2012-01-01T14:53:47Z" user="estela" uid="89271" lat="-34.4411351" lon="-58.5245412"/>
 <node id="1572716028" visible="true" version="1" changeset="10261951" timestamp="2012-01-01T14:53:47Z" user="estela" uid="89271" lat="-34.4411752" lon="-58.5245607"/>
 <node id="1572716029" visible="true" version="1" changeset="10261951" timestamp="2012-01-01T14:53:47Z" user="estela" uid="89271" lat="-34.4411800" lon="-58.5247549"/>
 <node id="1572716030" visible="true" version="1" changeset="10261951" timestamp="2012-01-01T14:53:47Z" user="estela" uid="89271" lat="-34.4411880" lon="-58.5246442"/>
 <node id="1572716031" visible="true" version="1" changeset="10261951" timestamp="2012-01-01T14:53:47Z" user="estela" uid="89271" lat="-34.4411960" lon="-58.5247064"/>
 <node id="1572716041" visible="true" version="1" changeset="10261951" timestamp="2012-01-01T14:53:48Z" user="estela" uid="89271" lat="-34.4411976" lon="-58.5245879"/>
 <node id="1572716043" visible="true" version="1" changeset="10261951" timestamp="2012-01-01T14:53:48Z" user="estela" uid="89271" lat="-34.4412312" lon="-58.5249142"/>
 <node id="1572716046" visible="true" version="1" changeset="10261951" timestamp="2012-01-01T14:53:48Z" user="estela" uid="89271" lat="-34.4412601" lon="-58.5247880"/>
 <node id="1572716060" visible="true" version="1" changeset="10261951" timestamp="2012-01-01T14:53:48Z" user="estela" uid="89271" lat="-34.4413386" lon="-58.5248171"/>
 <node id="1572716061" visible="true" version="1" changeset="10261951" timestamp="2012-01-01T14:53:48Z" user="estela" uid="89271" lat="-34.4413706" lon="-58.5250056"/>
 <node id="1572716063" visible="true" version="1" changeset="10261951" timestamp="2012-01-01T14:53:49Z" user="estela" uid="89271" lat="-34.4413947" lon="-58.5248637"/>
 <node id="1572716065" visible="true" version="1" changeset="10261951" timestamp="2012-01-01T14:53:49Z" user="estela" uid="89271" lat="-34.4414331" lon="-58.5248482"/>
 <node id="1572716069" visible="true" version="1" changeset="10261951" timestamp="2012-01-01T14:53:49Z" user="estela" uid="89271" lat="-34.4414523" lon="-58.5248832"/>
 <node id="1572716078" visible="true" version="1" changeset="10261951" timestamp="2012-01-01T14:53:49Z" user="estela" uid="89271" lat="-34.4414635" lon="-58.5247763"/>
 <node id="1572716079" visible="true" version="1" changeset="10261951" timestamp="2012-01-01T14:53:49Z" user="estela" uid="89271" lat="-34.4414892" lon="-58.5248890"/>
 <node id="1572716082" visible="true" version="1" changeset="10261951" timestamp="2012-01-01T14:53:49Z" user="estela" uid="89271" lat="-34.4414988" lon="-58.5247083"/>
 <node id="1572716083" visible="true" version="1" changeset="10261951" timestamp="2012-01-01T14:53:49Z" user="estela" uid="89271" lat="-34.4415084" lon="-58.5250716"/>
 <node id="1572716093" visible="true" version="1" changeset="10261951" timestamp="2012-01-01T14:53:50Z" user="estela" uid="89271" lat="-34.4415597" lon="-58.5249337"/>
 <node id="1572716094" visible="true" version="1" changeset="10261951" timestamp="2012-01-01T14:53:50Z" user="estela" uid="89271" lat="-34.4415757" lon="-58.5247588"/>
 <node id="1572716105" visible="true" version="1" changeset="10261951" timestamp="2012-01-01T14:53:51Z" user="estela" uid="89271" lat="-34.4416061" lon="-58.5249123"/>
 <node id="1572716106" visible="true" version="1" changeset="10261951" timestamp="2012-01-01T14:53:51Z" user="estela" uid="89271" lat="-34.4416206" lon="-58.5248171"/>
 <node id="1572751078" visible="true" version="1" changeset="10262162" timestamp="2012-01-01T15:19:16Z" user="estela" uid="89271" lat="-34.4385514" lon="-58.5249888"/>
 <node id="1572767095" visible="true" version="1" changeset="10262275" timestamp="2012-01-01T15:29:53Z" user="estela" uid="89271" lat="-34.4416913" lon="-58.5248963"/>
 <node id="1572767099" visible="true" version="1" changeset="10262275" timestamp="2012-01-01T15:29:53Z" user="estela" uid="89271" lat="-34.4420463" lon="-58.5250380"/>
 <node id="1572817105" visible="true" version="1" changeset="10262667" timestamp="2012-01-01T16:07:38Z" user="estela" uid="89271" lat="-34.4397702" lon="-58.5249352">
  <tag k="natural" v="tree"/>
 </node>
 <node id="1572817106" visible="true" version="1" changeset="10262667" timestamp="2012-01-01T16:07:38Z" user="estela" uid="89271" lat="-34.4397914" lon="-58.5248630">
  <tag k="natural" v="tree"/>
 </node>
 <node id="1572817107" visible="true" version="1" changeset="10262667" timestamp="2012-01-01T16:07:38Z" user="estela" uid="89271" lat="-34.4398255" lon="-58.5247908">
  <tag k="natural" v="tree"/>
 </node>
 <node id="1572817108" visible="true" version="1" changeset="10262667" timestamp="2012-01-01T16:07:38Z" user="estela" uid="89271" lat="-34.4398765" lon="-58.5247006">
  <tag k="natural" v="tree"/>
 </node>
 <node id="1572817109" visible="true" version="1" changeset="10262667" timestamp="2012-01-01T16:07:39Z" user="estela" uid="89271" lat="-34.4399126" lon="-58.5246181">
  <tag k="natural" v="tree"/>
 </node>
 <node id="1572817110" visible="true" version="1" changeset="10262667" timestamp="2012-01-01T16:07:39Z" user="estela" uid="89271" lat="-34.4399339" lon="-58.5245227">
  <tag k="natural" v="tree"/>
 </node>
 <node id="1572817111" visible="true" version="1" changeset="10262667" timestamp="2012-01-01T16:07:39Z" user="estela" uid="89271" lat="-34.4399530" lon="-58.5244479">
  <tag k="natural" v="tree"/>
 </node>
 <node id="1572817112" visible="true" version="1" changeset="10262667" timestamp="2012-01-01T16:07:39Z" user="estela" uid="89271" lat="-34.4399913" lon="-58.5243757">
  <tag k="natural" v="tree"/>
 </node>
 <node id="1572817113" visible="true" version="1" changeset="10262667" timestamp="2012-01-01T16:07:39Z" user="estela" uid="89271" lat="-34.4400393" lon="-58.5243364"/>
 <node id="1572817114" visible="true" version="1" changeset="10262667" timestamp="2012-01-01T16:07:39Z" user="estela" uid="89271" lat="-34.4400529" lon="-58.5243948"/>
 <node id="1572817115" visible="true" version="1" changeset="10262667" timestamp="2012-01-01T16:07:39Z" user="estela" uid="89271" lat="-34.4400544" lon="-58.5244896"/>
 <node id="1572817116" visible="true" version="1" changeset="10262667" timestamp="2012-01-01T16:07:39Z" user="estela" uid="89271" lat="-34.4401040" lon="-58.5244841"/>
 <node id="1572817117" visible="true" version="1" changeset="10262667" timestamp="2012-01-01T16:07:39Z" user="estela" uid="89271" lat="-34.4401596" lon="-58.5244640"/>
 <node id="1572817118" visible="true" version="1" changeset="10262667" timestamp="2012-01-01T16:07:39Z" user="estela" uid="89271" lat="-34.4401927" lon="-58.5243054"/>
 <node id="1572817119" visible="true" version="1" changeset="10262667" timestamp="2012-01-01T16:07:39Z" user="estela" uid="89271" lat="-34.4402032" lon="-58.5243765"/>
 <node id="1572817120" visible="true" version="1" changeset="10262667" timestamp="2012-01-01T16:07:40Z" user="estela" uid="89271" lat="-34.4402348" lon="-58.5242981"/>
 <node id="1572817121" visible="true" version="1" changeset="10262667" timestamp="2012-01-01T16:07:40Z" user="estela" uid="89271" lat="-34.4402754" lon="-58.5243929"/>
 <node id="1572817122" visible="true" version="1" changeset="10262667" timestamp="2012-01-01T16:07:40Z" user="estela" uid="89271" lat="-34.4403295" lon="-58.5243893"/>
 <node id="1572817123" visible="true" version="1" changeset="10262667" timestamp="2012-01-01T16:07:40Z" user="estela" uid="89271" lat="-34.4403566" lon="-58.5243656"/>
 <node id="1572822269" visible="true" version="1" changeset="10262735" timestamp="2012-01-01T16:12:44Z" user="estela" uid="89271" lat="-34.4400983" lon="-58.5241869"/>
 <node id="1572822270" visible="true" version="1" changeset="10262735" timestamp="2012-01-01T16:12:44Z" user="estela" uid="89271" lat="-34.4401645" lon="-58.5242014"/>
 <node id="1572822271" visible="true" version="1" changeset="10262735" timestamp="2012-01-01T16:12:44Z" user="estela" uid="89271" lat="-34.4402051" lon="-58.5242361"/>
 <node id="1572822272" visible="true" version="1" changeset="10262735" timestamp="2012-01-01T16:12:44Z" user="estela" uid="89271" lat="-34.4402803" lon="-58.5242033"/>
 <node id="1572822273" visible="true" version="1" changeset="10262735" timestamp="2012-01-01T16:12:44Z" user="estela" uid="89271" lat="-34.4403254" lon="-58.5242379"/>
 <node id="1572822274" visible="true" version="1" changeset="10262735" timestamp="2012-01-01T16:12:44Z" user="estela" uid="89271" lat="-34.4403584" lon="-58.5243017"/>
 <node id="1572825263" visible="true" version="2" changeset="21408507" timestamp="2014-03-30T20:50:03Z" user="Souchong" uid="255141" lat="-34.4424634" lon="-58.5216053"/>
 <node id="1572825264" visible="true" version="2" changeset="21408507" timestamp="2014-03-30T20:50:03Z" user="Souchong" uid="255141" lat="-34.4424690" lon="-58.5216999"/>
 <node id="1572825265" visible="true" version="1" changeset="10262766" timestamp="2012-01-01T16:16:10Z" user="estela" uid="89271" lat="-34.4425124" lon="-58.5202879"/>
 <node id="1572825266" visible="true" version="1" changeset="10262766" timestamp="2012-01-01T16:16:10Z" user="estela" uid="89271" lat="-34.4425297" lon="-58.5203356"/>
 <node id="1572825267" visible="true" version="1" changeset="10262766" timestamp="2012-01-01T16:16:10Z" user="estela" uid="89271" lat="-34.4425738" lon="-58.5197402"/>
 <node id="1572825268" visible="true" version="1" changeset="10262766" timestamp="2012-01-01T16:16:10Z" user="estela" uid="89271" lat="-34.4425811" lon="-58.5203476"/>
 <node id="1572825269" visible="true" version="1" changeset="10262766" timestamp="2012-01-01T16:16:10Z" user="estela" uid="89271" lat="-34.4426965" lon="-58.5186526"/>
 <node id="1572825270" visible="true" version="1" changeset="10262766" timestamp="2012-01-01T16:16:10Z" user="estela" uid="89271" lat="-34.4427768" lon="-58.5179295"/>
 <node id="1572825271" visible="true" version="1" changeset="10262766" timestamp="2012-01-01T16:16:10Z" user="estela" uid="89271" lat="-34.4428274" lon="-58.5178636"/>
 <node id="1591000824" visible="true" version="1" changeset="10399531" timestamp="2012-01-15T16:00:18Z" user="estela" uid="89271" lat="-34.4356870" lon="-58.5215588"/>
 <node id="1591000834" visible="true" version="1" changeset="10399531" timestamp="2012-01-15T16:00:19Z" user="estela" uid="89271" lat="-34.4357664" lon="-58.5215656"/>
 <node id="1591000839" visible="true" version="1" changeset="10399531" timestamp="2012-01-15T16:00:19Z" user="estela" uid="89271" lat="-34.4358090" lon="-58.5216792"/>
 <node id="1591000844" visible="true" version="1" changeset="10399531" timestamp="2012-01-15T16:00:19Z" user="estela" uid="89271" lat="-34.4358459" lon="-58.5217789"/>
 <node id="1591000845" visible="true" version="1" changeset="10399531" timestamp="2012-01-15T16:00:19Z" user="estela" uid="89271" lat="-34.4359111" lon="-58.5218890"/>
 <node id="1591000847" visible="true" version="1" changeset="10399531" timestamp="2012-01-15T16:00:19Z" user="estela" uid="89271" lat="-34.4359281" lon="-58.5218064"/>
 <node id="1591000848" visible="true" version="1" changeset="10399531" timestamp="2012-01-15T16:00:19Z" user="estela" uid="89271" lat="-34.4361012" lon="-58.5221436"/>
 <node id="1591000855" visible="true" version="1" changeset="10399531" timestamp="2012-01-15T16:00:19Z" user="estela" uid="89271" lat="-34.4361239" lon="-58.5220541"/>
 <node id="1591000858" visible="true" version="1" changeset="10399531" timestamp="2012-01-15T16:00:19Z" user="estela" uid="89271" lat="-34.4361324" lon="-58.5222709"/>
 <node id="1591000860" visible="true" version="1" changeset="10399531" timestamp="2012-01-15T16:00:19Z" user="estela" uid="89271" lat="-34.4362034" lon="-58.5220060"/>
 <node id="1591000862" visible="true" version="1" changeset="10399531" timestamp="2012-01-15T16:00:20Z" user="estela" uid="89271" lat="-34.4362544" lon="-58.5220885"/>
 <node id="1591000866" visible="true" version="1" changeset="10399531" timestamp="2012-01-15T16:00:20Z" user="estela" uid="89271" lat="-34.4362658" lon="-58.5222881"/>
 <node id="1591000869" visible="true" version="1" changeset="10399531" timestamp="2012-01-15T16:00:20Z" user="estela" uid="89271" lat="-34.4362998" lon="-58.5221677"/>
 <node id="1591000871" visible="true" version="1" changeset="10399531" timestamp="2012-01-15T16:00:20Z" user="estela" uid="89271" lat="-34.4364020" lon="-58.5221986"/>
 <node id="1591000873" visible="true" version="1" changeset="10399531" timestamp="2012-01-15T16:00:20Z" user="estela" uid="89271" lat="-34.4364020" lon="-58.5222674"/>
 <node id="1599671156" visible="true" version="2" changeset="21385458" timestamp="2014-03-29T16:13:08Z" user="Souchong" uid="255141" lat="-34.4458850" lon="-58.5232256"/>
 <node id="1599671157" visible="true" version="1" changeset="10453790" timestamp="2012-01-21T10:11:46Z" user="estela" uid="89271" lat="-34.4462372" lon="-58.5225067"/>
 <node id="1599671159" visible="true" version="1" changeset="10453790" timestamp="2012-01-21T10:11:46Z" user="estela" uid="89271" lat="-34.4464771" lon="-58.5220158"/>
 <node id="1599671160" visible="true" version="1" changeset="10453790" timestamp="2012-01-21T10:11:46Z" user="estela" uid="89271" lat="-34.4465386" lon="-58.5218612"/>
 <node id="1599671162" visible="true" version="1" changeset="10453790" timestamp="2012-01-21T10:11:46Z" user="estela" uid="89271" lat="-34.4466406" lon="-58.5217903"/>
 <node id="1599671163" visible="true" version="1" changeset="10453790" timestamp="2012-01-21T10:11:46Z" user="estela" uid="89271" lat="-34.4467215" lon="-58.5216885"/>
 <node id="1599671164" visible="true" version="2" changeset="161866533" timestamp="2025-01-28T17:24:41Z" user="RideauCanal" uid="20109092" lat="-34.4467782" lon="-58.5241504"/>
 <node id="1599671165" visible="true" version="1" changeset="10453790" timestamp="2012-01-21T10:11:46Z" user="estela" uid="89271" lat="-34.4468385" lon="-58.5220504"/>
 <node id="1599671166" visible="true" version="1" changeset="10453790" timestamp="2012-01-21T10:11:46Z" user="estela" uid="89271" lat="-34.4468979" lon="-58.5221661"/>
 <node id="1599671167" visible="true" version="2" changeset="21590601" timestamp="2014-04-09T14:48:51Z" user="Souchong" uid="255141" lat="-34.4470641" lon="-58.5192987"/>
 <node id="1599671168" visible="true" version="3" changeset="161866533" timestamp="2025-01-28T17:24:41Z" user="RideauCanal" uid="20109092" lat="-34.4470597" lon="-58.5243485"/>
 <node id="1599671170" visible="true" version="2" changeset="161866533" timestamp="2025-01-28T17:24:41Z" user="RideauCanal" uid="20109092" lat="-34.4473691" lon="-58.5245730"/>
 <node id="1599671171" visible="true" version="2" changeset="21590601" timestamp="2014-04-09T14:48:51Z" user="Souchong" uid="255141" lat="-34.4474777" lon="-58.5213633"/>
 <node id="1599671172" visible="true" version="2" changeset="21590601" timestamp="2014-04-09T14:48:51Z" user="Souchong" uid="255141" lat="-34.4475726" lon="-58.5214714"/>
 <node id="1599671173" visible="true" version="1" changeset="10453790" timestamp="2012-01-21T10:11:47Z" user="estela" uid="89271" lat="-34.4475682" lon="-58.5195350"/>
 <node id="1599671174" visible="true" version="1" changeset="10453790" timestamp="2012-01-21T10:11:47Z" user="estela" uid="89271" lat="-34.4475915" lon="-58.5209982"/>
 <node id="1599671175" visible="true" version="2" changeset="21590601" timestamp="2014-04-09T14:48:51Z" user="Souchong" uid="255141" lat="-34.4476029" lon="-58.5192886"/>
 <node id="1599671176" visible="true" version="1" changeset="10453790" timestamp="2012-01-21T10:11:47Z" user="estela" uid="89271" lat="-34.4476170" lon="-58.5214945"/>
 <node id="1599671178" visible="true" version="1" changeset="10453790" timestamp="2012-01-21T10:11:47Z" user="estela" uid="89271" lat="-34.4479075" lon="-58.5216076"/>
 <node id="1600137544" visible="true" version="1" changeset="10456531" timestamp="2012-01-21T15:23:34Z" user="estela" uid="89271" lat="-34.4451748" lon="-58.5249222"/>
 <node id="1600137548" visible="true" version="1" changeset="10456531" timestamp="2012-01-21T15:23:34Z" user="estela" uid="89271" lat="-34.4452706" lon="-58.5247292"/>
 <node id="1600137553" visible="true" version="1" changeset="10456531" timestamp="2012-01-21T15:23:34Z" user="estela" uid="89271" lat="-34.4453592" lon="-58.5246744"/>
 <node id="1600137556" visible="true" version="1" changeset="10456531" timestamp="2012-01-21T15:23:35Z" user="estela" uid="89271" lat="-34.4454026" lon="-58.5245976"/>
 <node id="1600137558" visible="true" version="1" changeset="10456531" timestamp="2012-01-21T15:23:35Z" user="estela" uid="89271" lat="-34.4454171" lon="-58.5250450"/>
 <node id="1600137585" visible="true" version="1" changeset="10456531" timestamp="2012-01-21T15:23:35Z" user="estela" uid="89271" lat="-34.4454443" lon="-58.5244901"/>
 <node id="1600137587" visible="true" version="1" changeset="10456531" timestamp="2012-01-21T15:23:35Z" user="estela" uid="89271" lat="-34.4454786" lon="-58.5251086"/>
 <node id="1600137589" visible="true" version="1" changeset="10456531" timestamp="2012-01-21T15:23:35Z" user="estela" uid="89271" lat="-34.4454804" lon="-58.5248213"/>
 <node id="1600137591" visible="true" version="1" changeset="10456531" timestamp="2012-01-21T15:23:35Z" user="estela" uid="89271" lat="-34.4454804" lon="-58.5249375"/>
 <node id="1600137593" visible="true" version="1" changeset="10456531" timestamp="2012-01-21T15:23:35Z" user="estela" uid="89271" lat="-34.4454949" lon="-58.5244506"/>
 <node id="1600137596" visible="true" version="1" changeset="10456531" timestamp="2012-01-21T15:23:36Z" user="estela" uid="89271" lat="-34.4455419" lon="-58.5243761"/>
 <node id="1600137599" visible="true" version="1" changeset="10456531" timestamp="2012-01-21T15:23:36Z" user="estela" uid="89271" lat="-34.4455528" lon="-58.5247577"/>
 <node id="1600137602" visible="true" version="1" changeset="10456531" timestamp="2012-01-21T15:23:36Z" user="estela" uid="89271" lat="-34.4455528" lon="-58.5251656"/>
 <node id="1600137606" visible="true" version="1" changeset="10456531" timestamp="2012-01-21T15:23:36Z" user="estela" uid="89271" lat="-34.4455853" lon="-58.5249156"/>
 <node id="1600137609" visible="true" version="1" changeset="10456531" timestamp="2012-01-21T15:23:36Z" user="estela" uid="89271" lat="-34.4456143" lon="-58.5250143"/>
 <node id="1600137612" visible="true" version="1" changeset="10456531" timestamp="2012-01-21T15:23:36Z" user="estela" uid="89271" lat="-34.4456305" lon="-58.5246919"/>
 <node id="1600137630" visible="true" version="1" changeset="10456531" timestamp="2012-01-21T15:23:36Z" user="estela" uid="89271" lat="-34.4456324" lon="-58.5248257"/>
 <node id="1600137634" visible="true" version="1" changeset="10456531" timestamp="2012-01-21T15:23:37Z" user="estela" uid="89271" lat="-34.4456378" lon="-58.5242642"/>
 <node id="1600137636" visible="true" version="1" changeset="10456531" timestamp="2012-01-21T15:23:37Z" user="estela" uid="89271" lat="-34.4456414" lon="-58.5245296"/>
 <node id="1600137639" visible="true" version="1" changeset="10456531" timestamp="2012-01-21T15:23:37Z" user="estela" uid="89271" lat="-34.4456559" lon="-58.5251503"/>
 <node id="1600137643" visible="true" version="1" changeset="10456531" timestamp="2012-01-21T15:23:37Z" user="estela" uid="89271" lat="-34.4456740" lon="-58.5250319"/>
 <node id="1600137647" visible="true" version="1" changeset="10456531" timestamp="2012-01-21T15:23:37Z" user="estela" uid="89271" lat="-34.4456776" lon="-58.5245055"/>
 <node id="1600137651" visible="true" version="1" changeset="10456531" timestamp="2012-01-21T15:23:37Z" user="estela" uid="89271" lat="-34.4456938" lon="-58.5248081"/>
 <node id="1600137655" visible="true" version="1" changeset="10456531" timestamp="2012-01-21T15:23:37Z" user="estela" uid="89271" lat="-34.4457210" lon="-58.5242620"/>
 <node id="1600137658" visible="true" version="1" changeset="10456531" timestamp="2012-01-21T15:23:37Z" user="estela" uid="89271" lat="-34.4457210" lon="-58.5244550"/>
 <node id="1600137661" visible="true" version="1" changeset="10456531" timestamp="2012-01-21T15:23:37Z" user="estela" uid="89271" lat="-34.4457210" lon="-58.5247599"/>
 <node id="1600137665" visible="true" version="1" changeset="10456531" timestamp="2012-01-21T15:23:37Z" user="estela" uid="89271" lat="-34.4457354" lon="-58.5248454"/>
 <node id="1600137668" visible="true" version="1" changeset="10456531" timestamp="2012-01-21T15:23:37Z" user="estela" uid="89271" lat="-34.4457572" lon="-58.5247160"/>
 <node id="1600137687" visible="true" version="1" changeset="10456531" timestamp="2012-01-21T15:23:37Z" user="estela" uid="89271" lat="-34.4457608" lon="-58.5243519"/>
 <node id="1600137691" visible="true" version="1" changeset="10456531" timestamp="2012-01-21T15:23:37Z" user="estela" uid="89271" lat="-34.4457698" lon="-58.5244682"/>
 <node id="1600137695" visible="true" version="1" changeset="10456531" timestamp="2012-01-21T15:23:38Z" user="estela" uid="89271" lat="-34.4457734" lon="-58.5248257"/>
 <node id="1600137698" visible="true" version="1" changeset="10456531" timestamp="2012-01-21T15:23:38Z" user="estela" uid="89271" lat="-34.4457843" lon="-58.5245164"/>
 <node id="1600137701" visible="true" version="1" changeset="10456531" timestamp="2012-01-21T15:23:38Z" user="estela" uid="89271" lat="-34.4457988" lon="-58.5245976"/>
 <node id="1600137705" visible="true" version="1" changeset="10456531" timestamp="2012-01-21T15:23:38Z" user="estela" uid="89271" lat="-34.4458150" lon="-58.5247160"/>
 <node id="1600137711" visible="true" version="1" changeset="10456531" timestamp="2012-01-21T15:23:38Z" user="estela" uid="89271" lat="-34.4458729" lon="-58.5245186"/>
 <node id="1600137714" visible="true" version="1" changeset="10456531" timestamp="2012-01-21T15:23:38Z" user="estela" uid="89271" lat="-34.4459543" lon="-58.5244682"/>
 <node id="1600137722" visible="true" version="1" changeset="10456531" timestamp="2012-01-21T15:23:38Z" user="estela" uid="89271" lat="-34.4459706" lon="-58.5242971"/>
 <node id="1600137726" visible="true" version="1" changeset="10456531" timestamp="2012-01-21T15:23:38Z" user="estela" uid="89271" lat="-34.4459842" lon="-58.5243437"/>
 <node id="1600137730" visible="true" version="1" changeset="10456531" timestamp="2012-01-21T15:23:38Z" user="estela" uid="89271" lat="-34.4460429" lon="-58.5242489"/>
 <node id="1600137733" visible="true" version="1" changeset="10456531" timestamp="2012-01-21T15:23:38Z" user="estela" uid="89271" lat="-34.4461026" lon="-58.5242664"/>
 <node id="1600137754" visible="true" version="1" changeset="10456531" timestamp="2012-01-21T15:23:39Z" user="estela" uid="89271" lat="-34.4461587" lon="-58.5242905"/>
 <node id="1600137757" visible="true" version="1" changeset="10456531" timestamp="2012-01-21T15:23:39Z" user="estela" uid="89271" lat="-34.4462202" lon="-58.5243498"/>
 <node id="1600137762" visible="true" version="1" changeset="10456531" timestamp="2012-01-21T15:23:39Z" user="estela" uid="89271" lat="-34.4463395" lon="-58.5244353"/>
 <node id="1600137766" visible="true" version="1" changeset="10456531" timestamp="2012-01-21T15:23:39Z" user="estela" uid="89271" lat="-34.4464227" lon="-58.5244375"/>
 <node id="1600137770" visible="true" version="1" changeset="10456531" timestamp="2012-01-21T15:23:39Z" user="estela" uid="89271" lat="-34.4464738" lon="-58.5243254"/>
 <node id="1600137772" visible="true" version="1" changeset="10456531" timestamp="2012-01-21T15:23:39Z" user="estela" uid="89271" lat="-34.4469327" lon="-58.5171826"/>
 <node id="1600137778" visible="true" version="1" changeset="10456531" timestamp="2012-01-21T15:23:39Z" user="estela" uid="89271" lat="-34.4469912" lon="-58.5171471"/>
 <node id="1600137779" visible="true" version="1" changeset="10456531" timestamp="2012-01-21T15:23:39Z" user="estela" uid="89271" lat="-34.4470129" lon="-58.5172020"/>
 <node id="1600137783" visible="true" version="1" changeset="10456531" timestamp="2012-01-21T15:23:39Z" user="estela" uid="89271" lat="-34.4470654" lon="-58.5172151"/>
 <node id="1600137786" visible="true" version="2" changeset="10657378" timestamp="2012-02-11T20:57:29Z" user="estela" uid="89271" lat="-34.4470502" lon="-58.5144577"/>
 <node id="1600137791" visible="true" version="1" changeset="10456531" timestamp="2012-01-21T15:23:39Z" user="estela" uid="89271" lat="-34.4470925" lon="-58.5168971"/>
 <node id="1600137813" visible="true" version="1" changeset="10456531" timestamp="2012-01-21T15:23:39Z" user="estela" uid="89271" lat="-34.4471178" lon="-58.5182547"/>
 <node id="1600137814" visible="true" version="1" changeset="10456531" timestamp="2012-01-21T15:23:40Z" user="estela" uid="89271" lat="-34.4471412" lon="-58.5183343"/>
 <node id="1600137816" visible="true" version="1" changeset="10456531" timestamp="2012-01-21T15:23:40Z" user="estela" uid="89271" lat="-34.4471739" lon="-58.5169475"/>
 <node id="1600137819" visible="true" version="1" changeset="10456531" timestamp="2012-01-21T15:23:40Z" user="estela" uid="89271" lat="-34.4471884" lon="-58.5181999"/>
 <node id="1600137822" visible="true" version="1" changeset="10456531" timestamp="2012-01-21T15:23:40Z" user="estela" uid="89271" lat="-34.4474211" lon="-58.5253433"/>
 <node id="1600137831" visible="true" version="1" changeset="10456531" timestamp="2012-01-21T15:23:40Z" user="estela" uid="89271" lat="-34.4474446" lon="-58.5251459"/>
 <node id="1600137840" visible="true" version="1" changeset="10456531" timestamp="2012-01-21T15:23:40Z" user="estela" uid="89271" lat="-34.4474609" lon="-58.5252665"/>
 <node id="1600137847" visible="true" version="1" changeset="10456531" timestamp="2012-01-21T15:23:40Z" user="estela" uid="89271" lat="-34.4474899" lon="-58.5250340"/>
 <node id="1600137848" visible="true" version="1" changeset="10456531" timestamp="2012-01-21T15:23:40Z" user="estela" uid="89271" lat="-34.4475064" lon="-58.5156485"/>
 <node id="1600137850" visible="true" version="1" changeset="10456531" timestamp="2012-01-21T15:23:40Z" user="estela" uid="89271" lat="-34.4476752" lon="-58.5156950"/>
 <node id="1600137852" visible="true" version="1" changeset="10456531" timestamp="2012-01-21T15:23:41Z" user="estela" uid="89271" lat="-34.4478364" lon="-58.5154500"/>
 <node id="1600142092" visible="true" version="2" changeset="21465334" timestamp="2014-04-02T20:20:53Z" user="Souchong" uid="255141" lat="-34.4528283" lon="-58.5088498"/>
 <node id="1600142095" visible="true" version="2" changeset="21465334" timestamp="2014-04-02T20:20:53Z" user="Souchong" uid="255141" lat="-34.4534271" lon="-58.5091910"/>
 <node id="1600142097" visible="true" version="2" changeset="21465334" timestamp="2014-04-02T20:20:53Z" user="Souchong" uid="255141" lat="-34.4535708" lon="-58.5097956"/>
 <node id="1600142100" visible="true" version="2" changeset="21465334" timestamp="2014-04-02T20:20:53Z" user="Souchong" uid="255141" lat="-34.4537025" lon="-58.5094652"/>
 <node id="1600142101" visible="true" version="2" changeset="21465334" timestamp="2014-04-02T20:20:53Z" user="Souchong" uid="255141" lat="-34.4538373" lon="-58.5099518"/>
 <node id="1618645016" visible="true" version="1" changeset="10591252" timestamp="2012-02-05T08:30:16Z" user="estela" uid="89271" lat="-34.4382110" lon="-58.5218383"/>
 <node id="1618645020" visible="true" version="1" changeset="10591252" timestamp="2012-02-05T08:30:16Z" user="estela" uid="89271" lat="-34.4382603" lon="-58.5219974"/>
 <node id="1618645024" visible="true" version="1" changeset="10591252" timestamp="2012-02-05T08:30:16Z" user="estela" uid="89271" lat="-34.4383218" lon="-58.5221118"/>
 <node id="1618645031" visible="true" version="1" changeset="10591252" timestamp="2012-02-05T08:30:16Z" user="estela" uid="89271" lat="-34.4383341" lon="-58.5216293"/>
 <node id="1618645033" visible="true" version="1" changeset="10591252" timestamp="2012-02-05T08:30:16Z" user="estela" uid="89271" lat="-34.4385228" lon="-58.5220571"/>
 <node id="1618645034" visible="true" version="1" changeset="10591252" timestamp="2012-02-05T08:30:16Z" user="estela" uid="89271" lat="-34.4385802" lon="-58.5215697"/>
 <node id="1618645036" visible="true" version="1" changeset="10591252" timestamp="2012-02-05T08:30:16Z" user="estela" uid="89271" lat="-34.4386130" lon="-58.5219974"/>
 <node id="1618645038" visible="true" version="1" changeset="10591252" timestamp="2012-02-05T08:30:16Z" user="estela" uid="89271" lat="-34.4386746" lon="-58.5214354"/>
 <node id="1618645040" visible="true" version="1" changeset="10591252" timestamp="2012-02-05T08:30:16Z" user="estela" uid="89271" lat="-34.4386869" lon="-58.5221566"/>
 <node id="1618645042" visible="true" version="1" changeset="10591252" timestamp="2012-02-05T08:30:16Z" user="estela" uid="89271" lat="-34.4387894" lon="-58.5221118"/>
 <node id="1618645043" visible="true" version="1" changeset="10591252" timestamp="2012-02-05T08:30:16Z" user="estela" uid="89271" lat="-34.4388305" lon="-58.5213558"/>
 <node id="1618645052" visible="true" version="1" changeset="10591252" timestamp="2012-02-05T08:30:17Z" user="estela" uid="89271" lat="-34.4389289" lon="-58.5212464"/>
 <node id="1618645054" visible="true" version="1" changeset="10591252" timestamp="2012-02-05T08:30:17Z" user="estela" uid="89271" lat="-34.4389412" lon="-58.5219875"/>
 <node id="1618645056" visible="true" version="1" changeset="10591252" timestamp="2012-02-05T08:30:17Z" user="estela" uid="89271" lat="-34.4389822" lon="-58.5221566"/>
 <node id="1618645058" visible="true" version="1" changeset="10591252" timestamp="2012-02-05T08:30:17Z" user="estela" uid="89271" lat="-34.4390397" lon="-58.5206793"/>
 <node id="1618645060" visible="true" version="1" changeset="10591252" timestamp="2012-02-05T08:30:17Z" user="estela" uid="89271" lat="-34.4390479" lon="-58.5209479"/>
 <node id="1618645062" visible="true" version="1" changeset="10591252" timestamp="2012-02-05T08:30:17Z" user="estela" uid="89271" lat="-34.4391545" lon="-58.5204605"/>
 <node id="1618645064" visible="true" version="1" changeset="10591252" timestamp="2012-02-05T08:30:17Z" user="estela" uid="89271" lat="-34.4391545" lon="-58.5221765"/>
 <node id="1618645066" visible="true" version="1" changeset="10591252" timestamp="2012-02-05T08:30:17Z" user="estela" uid="89271" lat="-34.4392161" lon="-58.5197094"/>
 <node id="1618645068" visible="true" version="1" changeset="10591252" timestamp="2012-02-05T08:30:17Z" user="estela" uid="89271" lat="-34.4392451" lon="-58.5187015"/>
 <node id="1618645072" visible="true" version="1" changeset="10591252" timestamp="2012-02-05T08:30:17Z" user="estela" uid="89271" lat="-34.4392902" lon="-58.5187712"/>
 <node id="1618645073" visible="true" version="1" changeset="10591252" timestamp="2012-02-05T08:30:17Z" user="estela" uid="89271" lat="-34.4393268" lon="-58.5222163"/>
 <node id="1618645074" visible="true" version="1" changeset="10591252" timestamp="2012-02-05T08:30:17Z" user="estela" uid="89271" lat="-34.4393312" lon="-58.5186866"/>
 <node id="1618645075" visible="true" version="1" changeset="10591252" timestamp="2012-02-05T08:30:17Z" user="estela" uid="89271" lat="-34.4393681" lon="-58.5185175"/>
 <node id="1618645076" visible="true" version="1" changeset="10591252" timestamp="2012-02-05T08:30:17Z" user="estela" uid="89271" lat="-34.4393845" lon="-58.5182887"/>
 <node id="1618645077" visible="true" version="1" changeset="10591252" timestamp="2012-02-05T08:30:17Z" user="estela" uid="89271" lat="-34.4393886" lon="-58.5189751"/>
 <node id="1618645079" visible="true" version="1" changeset="10591252" timestamp="2012-02-05T08:30:18Z" user="estela" uid="89271" lat="-34.4393968" lon="-58.5187364"/>
 <node id="1618645081" visible="true" version="1" changeset="10591252" timestamp="2012-02-05T08:30:18Z" user="estela" uid="89271" lat="-34.4394047" lon="-58.5238477"/>
 <node id="1618645089" visible="true" version="1" changeset="10591252" timestamp="2012-02-05T08:30:18Z" user="estela" uid="89271" lat="-34.4394089" lon="-58.5221765"/>
 <node id="1618645091" visible="true" version="1" changeset="10591252" timestamp="2012-02-05T08:30:18Z" user="estela" uid="89271" lat="-34.4394294" lon="-58.5203262"/>
 <node id="1618645093" visible="true" version="1" changeset="10591252" timestamp="2012-02-05T08:30:18Z" user="estela" uid="89271" lat="-34.4394379" lon="-58.5180798"/>
 <node id="1618645095" visible="true" version="1" changeset="10591252" timestamp="2012-02-05T08:30:18Z" user="estela" uid="89271" lat="-34.4394461" lon="-58.5188159"/>
 <node id="1618645097" visible="true" version="1" changeset="10591252" timestamp="2012-02-05T08:30:18Z" user="estela" uid="89271" lat="-34.4394584" lon="-58.5190547"/>
 <node id="1618645099" visible="true" version="1" changeset="10591252" timestamp="2012-02-05T08:30:18Z" user="estela" uid="89271" lat="-34.4394625" lon="-58.5185424"/>
 <node id="1618645101" visible="true" version="1" changeset="10591252" timestamp="2012-02-05T08:30:18Z" user="estela" uid="89271" lat="-34.4394868" lon="-58.5223903"/>
 <node id="1618645103" visible="true" version="1" changeset="10591252" timestamp="2012-02-05T08:30:18Z" user="estela" uid="89271" lat="-34.4395032" lon="-58.5197194"/>
 <node id="1618645104" visible="true" version="1" changeset="10591252" timestamp="2012-02-05T08:30:18Z" user="estela" uid="89271" lat="-34.4395114" lon="-58.5222113"/>
 <node id="1618645105" visible="true" version="1" changeset="10591252" timestamp="2012-02-05T08:30:18Z" user="estela" uid="89271" lat="-34.4395363" lon="-58.5183384"/>
 <node id="1618645106" visible="true" version="1" changeset="10591252" timestamp="2012-02-05T08:30:18Z" user="estela" uid="89271" lat="-34.4395691" lon="-58.5186021"/>
 <node id="1618645107" visible="true" version="1" changeset="10591252" timestamp="2012-02-05T08:30:18Z" user="estela" uid="89271" lat="-34.4395691" lon="-58.5189602"/>
 <node id="1618645108" visible="true" version="1" changeset="10591252" timestamp="2012-02-05T08:30:18Z" user="estela" uid="89271" lat="-34.4395773" lon="-58.5191542"/>
 <node id="1618645109" visible="true" version="1" changeset="10591252" timestamp="2012-02-05T08:30:18Z" user="estela" uid="89271" lat="-34.4396060" lon="-58.5190000"/>
 <node id="1618645111" visible="true" version="1" changeset="10591252" timestamp="2012-02-05T08:30:18Z" user="estela" uid="89271" lat="-34.4396143" lon="-58.5185324"/>
 <node id="1618645113" visible="true" version="1" changeset="10591252" timestamp="2012-02-05T08:30:18Z" user="estela" uid="89271" lat="-34.4396225" lon="-58.5192188"/>
 <node id="1618645114" visible="true" version="1" changeset="10591252" timestamp="2012-02-05T08:30:19Z" user="estela" uid="89271" lat="-34.4396263" lon="-58.5234498"/>
 <node id="1618645122" visible="true" version="1" changeset="10591252" timestamp="2012-02-05T08:30:19Z" user="estela" uid="89271" lat="-34.4396345" lon="-58.5230121"/>
 <node id="1618645124" visible="true" version="1" changeset="10591252" timestamp="2012-02-05T08:30:19Z" user="estela" uid="89271" lat="-34.4396509" lon="-58.5238924"/>
 <node id="1618645126" visible="true" version="1" changeset="10591252" timestamp="2012-02-05T08:30:19Z" user="estela" uid="89271" lat="-34.4396758" lon="-58.5183186"/>
 <node id="1618645128" visible="true" version="1" changeset="10591252" timestamp="2012-02-05T08:30:19Z" user="estela" uid="89271" lat="-34.4396878" lon="-58.5228629"/>
 <node id="1618645130" visible="true" version="1" changeset="10591252" timestamp="2012-02-05T08:30:19Z" user="estela" uid="89271" lat="-34.4396878" lon="-58.5230220"/>
 <node id="1618645132" visible="true" version="1" changeset="10591252" timestamp="2012-02-05T08:30:19Z" user="estela" uid="89271" lat="-34.4397165" lon="-58.5223903"/>
 <node id="1618645134" visible="true" version="1" changeset="10591252" timestamp="2012-02-05T08:30:19Z" user="estela" uid="89271" lat="-34.4397288" lon="-58.5236139"/>
 <node id="1618645136" visible="true" version="1" changeset="10591252" timestamp="2012-02-05T08:30:19Z" user="estela" uid="89271" lat="-34.4397411" lon="-58.5201322"/>
 <node id="1618645137" visible="true" version="1" changeset="10591252" timestamp="2012-02-05T08:30:19Z" user="estela" uid="89271" lat="-34.4397534" lon="-58.5226142"/>
 <node id="1618645138" visible="true" version="1" changeset="10591252" timestamp="2012-02-05T08:30:19Z" user="estela" uid="89271" lat="-34.4397537" lon="-58.5192089"/>
 <node id="1618645139" visible="true" version="1" changeset="10591252" timestamp="2012-02-05T08:30:19Z" user="estela" uid="89271" lat="-34.4397660" lon="-58.5193233"/>
 <node id="1618645140" visible="true" version="1" changeset="10591252" timestamp="2012-02-05T08:30:19Z" user="estela" uid="89271" lat="-34.4397739" lon="-58.5234398"/>
 <node id="1618645142" visible="true" version="1" changeset="10591252" timestamp="2012-02-05T08:30:19Z" user="estela" uid="89271" lat="-34.4397783" lon="-58.5194874"/>
 <node id="1618645144" visible="true" version="1" changeset="10591252" timestamp="2012-02-05T08:30:19Z" user="estela" uid="89271" lat="-34.4397944" lon="-58.5229773"/>
 <node id="1618645146" visible="true" version="1" changeset="10591252" timestamp="2012-02-05T08:30:19Z" user="estela" uid="89271" lat="-34.4398109" lon="-58.5232807"/>
 <node id="1618645148" visible="true" version="1" changeset="10591252" timestamp="2012-02-05T08:30:19Z" user="estela" uid="89271" lat="-34.4398235" lon="-58.5193830"/>
 <node id="1618645150" visible="true" version="1" changeset="10591252" timestamp="2012-02-05T08:30:20Z" user="estela" uid="89271" lat="-34.4398257" lon="-58.5225046"/>
 <node id="1618645152" visible="true" version="1" changeset="10591252" timestamp="2012-02-05T08:30:20Z" user="estela" uid="89271" lat="-34.4398437" lon="-58.5227335"/>
 <node id="1618645159" visible="true" version="1" changeset="10591252" timestamp="2012-02-05T08:30:20Z" user="estela" uid="89271" lat="-34.4398440" lon="-58.5184180"/>
 <node id="1618645161" visible="true" version="1" changeset="10591252" timestamp="2012-02-05T08:30:20Z" user="estela" uid="89271" lat="-34.4398560" lon="-58.5228529"/>
 <node id="1618645163" visible="true" version="1" changeset="10591252" timestamp="2012-02-05T08:30:20Z" user="estela" uid="89271" lat="-34.4398601" lon="-58.5197542"/>
 <node id="1618645165" visible="true" version="1" changeset="10591252" timestamp="2012-02-05T08:30:20Z" user="estela" uid="89271" lat="-34.4398724" lon="-58.5237631"/>
 <node id="1618645167" visible="true" version="1" changeset="10591252" timestamp="2012-02-05T08:30:20Z" user="estela" uid="89271" lat="-34.4398724" lon="-58.5239472"/>
 <node id="1618645168" visible="true" version="1" changeset="10591252" timestamp="2012-02-05T08:30:20Z" user="estela" uid="89271" lat="-34.4398891" lon="-58.5195968"/>
 <node id="1618645169" visible="true" version="1" changeset="10591252" timestamp="2012-02-05T08:30:20Z" user="estela" uid="89271" lat="-34.4398970" lon="-58.5225794"/>
 <node id="1618645170" visible="true" version="1" changeset="10591252" timestamp="2012-02-05T08:30:20Z" user="estela" uid="89271" lat="-34.4399014" lon="-58.5184926"/>
 <node id="1618645171" visible="true" version="2" changeset="172457308" timestamp="2025-09-25T20:17:30Z" user="muralito" uid="755114" lat="-34.4400497" lon="-58.5231567"/>
 <node id="1618645173" visible="true" version="2" changeset="172457308" timestamp="2025-09-25T20:17:30Z" user="muralito" uid="755114" lat="-34.4400565" lon="-58.5232475"/>
 <node id="1618645175" visible="true" version="1" changeset="10591252" timestamp="2012-02-05T08:30:20Z" user="estela" uid="89271" lat="-34.4399547" lon="-58.5186518"/>
 <node id="1618645177" visible="true" version="1" changeset="10591252" timestamp="2012-02-05T08:30:20Z" user="estela" uid="89271" lat="-34.4399749" lon="-58.5228828"/>
 <node id="1618645179" visible="true" version="1" changeset="10591252" timestamp="2012-02-05T08:30:20Z" user="estela" uid="89271" lat="-34.4400204" lon="-58.5195919"/>
 <node id="1618645181" visible="true" version="1" changeset="10591252" timestamp="2012-02-05T08:30:20Z" user="estela" uid="89271" lat="-34.4400242" lon="-58.5200626"/>
 <node id="1618645183" visible="true" version="1" changeset="10591252" timestamp="2012-02-05T08:30:21Z" user="estela" uid="89271" lat="-34.4400438" lon="-58.5197707"/>
 <node id="1618645185" visible="true" version="1" changeset="10591252" timestamp="2012-02-05T08:30:21Z" user="estela" uid="89271" lat="-34.4400529" lon="-58.5230767"/>
 <node id="1618645187" visible="true" version="1" changeset="10591252" timestamp="2012-02-05T08:30:21Z" user="estela" uid="89271" lat="-34.4400734" lon="-58.5229474"/>
 <node id="1618645195" visible="true" version="1" changeset="10591252" timestamp="2012-02-05T08:30:21Z" user="estela" uid="89271" lat="-34.4400737" lon="-58.5187065"/>
 <node id="1618645197" visible="true" version="1" changeset="10591252" timestamp="2012-02-05T08:30:21Z" user="estela" uid="89271" lat="-34.4400816" lon="-58.5197741"/>
 <node id="1618645198" visible="true" version="1" changeset="10591252" timestamp="2012-02-05T08:30:21Z" user="estela" uid="89271" lat="-34.4401598" lon="-58.5196565"/>
 <node id="1618645199" visible="true" version="1" changeset="10591252" timestamp="2012-02-05T08:30:21Z" user="estela" uid="89271" lat="-34.4401803" lon="-58.5187364"/>
 <node id="1618645200" visible="true" version="1" changeset="10591252" timestamp="2012-02-05T08:30:21Z" user="estela" uid="89271" lat="-34.4402128" lon="-58.5197691"/>
 <node id="1618645201" visible="true" version="1" changeset="10591252" timestamp="2012-02-05T08:30:21Z" user="estela" uid="89271" lat="-34.4402173" lon="-58.5186170"/>
 <node id="1618645202" visible="true" version="1" changeset="10591252" timestamp="2012-02-05T08:30:21Z" user="estela" uid="89271" lat="-34.4402211" lon="-58.5200626"/>
 <node id="1618645203" visible="true" version="1" changeset="10591252" timestamp="2012-02-05T08:30:21Z" user="estela" uid="89271" lat="-34.4402665" lon="-58.5184131"/>
 <node id="1618645204" visible="true" version="1" changeset="10591252" timestamp="2012-02-05T08:30:21Z" user="estela" uid="89271" lat="-34.4402706" lon="-58.5196316"/>
 <node id="1618645210" visible="true" version="1" changeset="10591252" timestamp="2012-02-05T08:30:21Z" user="estela" uid="89271" lat="-34.4403116" lon="-58.5193233"/>
 <node id="1618645212" visible="true" version="1" changeset="10591252" timestamp="2012-02-05T08:30:21Z" user="estela" uid="89271" lat="-34.4403321" lon="-58.5188358"/>
 <node id="1618645214" visible="true" version="1" changeset="10591252" timestamp="2012-02-05T08:30:21Z" user="estela" uid="89271" lat="-34.4403523" lon="-58.5198537"/>
 <node id="1618645216" visible="true" version="1" changeset="10591252" timestamp="2012-02-05T08:30:21Z" user="estela" uid="89271" lat="-34.4403526" lon="-58.5184976"/>
 <node id="1618645218" visible="true" version="1" changeset="10591252" timestamp="2012-02-05T08:30:21Z" user="estela" uid="89271" lat="-34.4403649" lon="-58.5189453"/>
 <node id="1618645220" visible="true" version="1" changeset="10591252" timestamp="2012-02-05T08:30:22Z" user="estela" uid="89271" lat="-34.4403649" lon="-58.5195272"/>
 <node id="1618645222" visible="true" version="1" changeset="10591252" timestamp="2012-02-05T08:30:22Z" user="estela" uid="89271" lat="-34.4404018" lon="-58.5186916"/>
 <node id="1618645223" visible="true" version="1" changeset="10591252" timestamp="2012-02-05T08:30:22Z" user="estela" uid="89271" lat="-34.4404265" lon="-58.5192089"/>
 <node id="1618645229" visible="true" version="1" changeset="10591252" timestamp="2012-02-05T08:30:22Z" user="estela" uid="89271" lat="-34.4404508" lon="-58.5197542"/>
 <node id="1618645230" visible="true" version="1" changeset="10591252" timestamp="2012-02-05T08:30:22Z" user="estela" uid="89271" lat="-34.4404716" lon="-58.5185424"/>
 <node id="1618645231" visible="true" version="1" changeset="10591252" timestamp="2012-02-05T08:30:22Z" user="estela" uid="89271" lat="-34.4405451" lon="-58.5197244"/>
 <node id="1618645233" visible="true" version="1" changeset="10591252" timestamp="2012-02-05T08:30:22Z" user="estela" uid="89271" lat="-34.4405820" lon="-58.5198089"/>
 <node id="1618645236" visible="true" version="1" changeset="10591252" timestamp="2012-02-05T08:30:22Z" user="estela" uid="89271" lat="-34.4407625" lon="-58.5198985"/>
 <node id="1618666926" visible="true" version="1" changeset="10591328" timestamp="2012-02-05T08:42:04Z" user="estela" uid="89271" lat="-34.4362808" lon="-58.5130834"/>
 <node id="1618666942" visible="true" version="1" changeset="10591328" timestamp="2012-02-05T08:42:04Z" user="estela" uid="89271" lat="-34.4364235" lon="-58.5131774"/>
 <node id="1618666946" visible="true" version="1" changeset="10591328" timestamp="2012-02-05T08:42:04Z" user="estela" uid="89271" lat="-34.4366437" lon="-58.5132639"/>
 <node id="1618666950" visible="true" version="1" changeset="10591328" timestamp="2012-02-05T08:42:04Z" user="estela" uid="89271" lat="-34.4367802" lon="-58.5141251"/>
 <node id="1618666951" visible="true" version="1" changeset="10591328" timestamp="2012-02-05T08:42:04Z" user="estela" uid="89271" lat="-34.4368329" lon="-58.5134068"/>
 <node id="1618666955" visible="true" version="1" changeset="10591328" timestamp="2012-02-05T08:42:04Z" user="estela" uid="89271" lat="-34.4369260" lon="-58.5140386"/>
 <node id="1618666957" visible="true" version="1" changeset="10591328" timestamp="2012-02-05T08:42:05Z" user="estela" uid="89271" lat="-34.4370004" lon="-58.5136212"/>
 <node id="1618666959" visible="true" version="1" changeset="10591328" timestamp="2012-02-05T08:42:05Z" user="estela" uid="89271" lat="-34.4370842" lon="-58.5139446"/>
 <node id="1618666961" visible="true" version="1" changeset="10591328" timestamp="2012-02-05T08:42:05Z" user="estela" uid="89271" lat="-34.4384101" lon="-58.5131323"/>
 <node id="1618666962" visible="true" version="1" changeset="10591328" timestamp="2012-02-05T08:42:05Z" user="estela" uid="89271" lat="-34.4384582" lon="-58.5131549"/>
 <node id="1618666964" visible="true" version="1" changeset="10591328" timestamp="2012-02-05T08:42:05Z" user="estela" uid="89271" lat="-34.4385435" lon="-58.5131868"/>
 <node id="1618666966" visible="true" version="1" changeset="10591328" timestamp="2012-02-05T08:42:05Z" user="estela" uid="89271" lat="-34.4386738" lon="-58.5132921"/>
 <node id="1618666967" visible="true" version="1" changeset="10591328" timestamp="2012-02-05T08:42:05Z" user="estela" uid="89271" lat="-34.4387327" lon="-58.5133203"/>
 <node id="1618666969" visible="true" version="1" changeset="10591328" timestamp="2012-02-05T08:42:05Z" user="estela" uid="89271" lat="-34.4387932" lon="-58.5133598"/>
 <node id="1618666977" visible="true" version="1" changeset="10591328" timestamp="2012-02-05T08:42:05Z" user="estela" uid="89271" lat="-34.4388506" lon="-58.5134520"/>
 <node id="1618666978" visible="true" version="1" changeset="10591328" timestamp="2012-02-05T08:42:05Z" user="estela" uid="89271" lat="-34.4389095" lon="-58.5135046"/>
 <node id="1618666979" visible="true" version="1" changeset="10591328" timestamp="2012-02-05T08:42:05Z" user="estela" uid="89271" lat="-34.4389917" lon="-58.5135516"/>
 <node id="1618666980" visible="true" version="1" changeset="10591328" timestamp="2012-02-05T08:42:05Z" user="estela" uid="89271" lat="-34.4389917" lon="-58.5136438"/>
 <node id="1618666981" visible="true" version="1" changeset="10591328" timestamp="2012-02-05T08:42:05Z" user="estela" uid="89271" lat="-34.4390444" lon="-58.5137021"/>
 <node id="1618666982" visible="true" version="1" changeset="10591328" timestamp="2012-02-05T08:42:05Z" user="estela" uid="89271" lat="-34.4391576" lon="-58.5137980"/>
 <node id="1618666983" visible="true" version="1" changeset="10591328" timestamp="2012-02-05T08:42:06Z" user="estela" uid="89271" lat="-34.4392398" lon="-58.5138807"/>
 <node id="1618666984" visible="true" version="1" changeset="10591328" timestamp="2012-02-05T08:42:06Z" user="estela" uid="89271" lat="-34.4393344" lon="-58.5139672"/>
 <node id="1618666985" visible="true" version="1" changeset="10591328" timestamp="2012-02-05T08:42:06Z" user="estela" uid="89271" lat="-34.4394476" lon="-58.5140236"/>
 <node id="1618666992" visible="true" version="1" changeset="10591328" timestamp="2012-02-05T08:42:06Z" user="estela" uid="89271" lat="-34.4395562" lon="-58.5140706"/>
 <node id="1618666994" visible="true" version="1" changeset="10591328" timestamp="2012-02-05T08:42:06Z" user="estela" uid="89271" lat="-34.4396926" lon="-58.5141007"/>
 <node id="1618666996" visible="true" version="1" changeset="10591328" timestamp="2012-02-05T08:42:06Z" user="estela" uid="89271" lat="-34.4398121" lon="-58.5141251"/>
 <node id="1618666998" visible="true" version="1" changeset="10591328" timestamp="2012-02-05T08:42:06Z" user="estela" uid="89271" lat="-34.4398278" lon="-58.5117137"/>
 <node id="1618667000" visible="true" version="1" changeset="10591328" timestamp="2012-02-05T08:42:06Z" user="estela" uid="89271" lat="-34.4398849" lon="-58.5141195"/>
 <node id="1618667002" visible="true" version="1" changeset="10591328" timestamp="2012-02-05T08:42:06Z" user="estela" uid="89271" lat="-34.4399780" lon="-58.5141195"/>
 <node id="1618667003" visible="true" version="1" changeset="10591328" timestamp="2012-02-05T08:42:06Z" user="estela" uid="89271" lat="-34.4400760" lon="-58.5141996"/>
 <node id="1618667005" visible="true" version="1" changeset="10591328" timestamp="2012-02-05T08:42:06Z" user="estela" uid="89271" lat="-34.4401101" lon="-58.5119920"/>
 <node id="1618667010" visible="true" version="1" changeset="10591328" timestamp="2012-02-05T08:42:06Z" user="estela" uid="89271" lat="-34.4401690" lon="-58.5141094"/>
 <node id="1618667011" visible="true" version="1" changeset="10591328" timestamp="2012-02-05T08:42:06Z" user="estela" uid="89271" lat="-34.4402279" lon="-58.5141319"/>
 <node id="1618667012" visible="true" version="1" changeset="10591328" timestamp="2012-02-05T08:42:06Z" user="estela" uid="89271" lat="-34.4403024" lon="-58.5142184"/>
 <node id="1618667013" visible="true" version="1" changeset="10591328" timestamp="2012-02-05T08:42:06Z" user="estela" uid="89271" lat="-34.4403303" lon="-58.5123230"/>
 <node id="1618667014" visible="true" version="1" changeset="10591328" timestamp="2012-02-05T08:42:07Z" user="estela" uid="89271" lat="-34.4405319" lon="-58.5126050"/>
 <node id="1618667015" visible="true" version="1" changeset="10591328" timestamp="2012-02-05T08:42:07Z" user="estela" uid="89271" lat="-34.4406777" lon="-58.5129398"/>
 <node id="1618667016" visible="true" version="1" changeset="10591328" timestamp="2012-02-05T08:42:07Z" user="estela" uid="89271" lat="-34.4407242" lon="-58.5133685"/>
 <node id="1618667017" visible="true" version="1" changeset="10591328" timestamp="2012-02-05T08:42:07Z" user="estela" uid="89271" lat="-34.4408017" lon="-58.5141545"/>
 <node id="1618667019" visible="true" version="1" changeset="10591328" timestamp="2012-02-05T08:42:07Z" user="estela" uid="89271" lat="-34.4408576" lon="-58.5137859"/>
 <node id="1628454872" visible="true" version="2" changeset="10657378" timestamp="2012-02-11T20:57:30Z" user="estela" uid="89271" lat="-34.4470383" lon="-58.5148981"/>
 <node id="1628454877" visible="true" version="2" changeset="21465557" timestamp="2014-04-02T20:32:00Z" user="Souchong" uid="255141" lat="-34.4470897" lon="-58.5151243"/>
 <node id="1628454891" visible="true" version="2" changeset="21465557" timestamp="2014-04-02T20:32:00Z" user="Souchong" uid="255141" lat="-34.4470936" lon="-58.5136304"/>
 <node id="1628454982" visible="true" version="1" changeset="10654159" timestamp="2012-02-11T16:01:16Z" user="estela" uid="89271" lat="-34.4474905" lon="-58.5179795"/>
 <node id="1628454987" visible="true" version="1" changeset="10654159" timestamp="2012-02-11T16:01:16Z" user="estela" uid="89271" lat="-34.4475225" lon="-58.5180525"/>
 <node id="1628454991" visible="true" version="1" changeset="10654159" timestamp="2012-02-11T16:01:16Z" user="estela" uid="89271" lat="-34.4475761" lon="-58.5136229"/>
 <node id="1628454994" visible="true" version="1" changeset="10654159" timestamp="2012-02-11T16:01:16Z" user="estela" uid="89271" lat="-34.4475880" lon="-58.5106268"/>
 <node id="1628455004" visible="true" version="1" changeset="10654159" timestamp="2012-02-11T16:01:16Z" user="estela" uid="89271" lat="-34.4475926" lon="-58.5179699"/>
 <node id="1628455005" visible="true" version="1" changeset="10654159" timestamp="2012-02-11T16:01:16Z" user="estela" uid="89271" lat="-34.4475982" lon="-58.5180055"/>
 <node id="1628455008" visible="true" version="1" changeset="10654159" timestamp="2012-02-11T16:01:17Z" user="estela" uid="89271" lat="-34.4476303" lon="-58.5181603"/>
 <node id="1628455009" visible="true" version="1" changeset="10654159" timestamp="2012-02-11T16:01:17Z" user="estela" uid="89271" lat="-34.4476326" lon="-58.5180387"/>
 <node id="1628455034" visible="true" version="1" changeset="10654159" timestamp="2012-02-11T16:01:17Z" user="estela" uid="89271" lat="-34.4477014" lon="-58.5180754"/>
 <node id="1628455039" visible="true" version="1" changeset="10654159" timestamp="2012-02-11T16:01:17Z" user="estela" uid="89271" lat="-34.4477060" lon="-58.5181270"/>
 <node id="1628455046" visible="true" version="2" changeset="21465334" timestamp="2014-04-02T20:20:53Z" user="Souchong" uid="255141" lat="-34.4477326" lon="-58.5103381"/>
 <node id="1628455050" visible="true" version="1" changeset="10654159" timestamp="2012-02-11T16:01:18Z" user="estela" uid="89271" lat="-34.4477227" lon="-58.5105210"/>
 <node id="1628455055" visible="true" version="1" changeset="10654159" timestamp="2012-02-11T16:01:18Z" user="estela" uid="89271" lat="-34.4477462" lon="-58.5179539"/>
 <node id="1628455059" visible="true" version="1" changeset="10654159" timestamp="2012-02-11T16:01:18Z" user="estela" uid="89271" lat="-34.4477464" lon="-58.5179232"/>
 <node id="1628455075" visible="true" version="1" changeset="10654159" timestamp="2012-02-11T16:01:18Z" user="estela" uid="89271" lat="-34.4478001" lon="-58.5179642"/>
 <node id="1628455079" visible="true" version="1" changeset="10654159" timestamp="2012-02-11T16:01:18Z" user="estela" uid="89271" lat="-34.4478404" lon="-58.5178224"/>
 <node id="1628455083" visible="true" version="1" changeset="10654159" timestamp="2012-02-11T16:01:18Z" user="estela" uid="89271" lat="-34.4478586" lon="-58.5179240"/>
 <node id="1628455090" visible="true" version="1" changeset="10654159" timestamp="2012-02-11T16:01:18Z" user="estela" uid="89271" lat="-34.4478934" lon="-58.5179867"/>
 <node id="1628455092" visible="true" version="1" changeset="10654159" timestamp="2012-02-11T16:01:19Z" user="estela" uid="89271" lat="-34.4479193" lon="-58.5178713"/>
 <node id="1628455096" visible="true" version="1" changeset="10654159" timestamp="2012-02-11T16:01:19Z" user="estela" uid="89271" lat="-34.4479258" lon="-58.5179315"/>
 <node id="1628455099" visible="true" version="1" changeset="10654159" timestamp="2012-02-11T16:01:19Z" user="estela" uid="89271" lat="-34.4479358" lon="-58.5180234"/>
 <node id="1628455101" visible="true" version="1" changeset="10654159" timestamp="2012-02-11T16:01:19Z" user="estela" uid="89271" lat="-34.4479562" lon="-58.5179887"/>
 <node id="1628455103" visible="true" version="1" changeset="10654159" timestamp="2012-02-11T16:01:19Z" user="estela" uid="89271" lat="-34.4479575" lon="-58.5174242"/>
 <node id="1628455126" visible="true" version="1" changeset="10654159" timestamp="2012-02-11T16:01:19Z" user="estela" uid="89271" lat="-34.4479682" lon="-58.5179682"/>
 <node id="1628455129" visible="true" version="1" changeset="10654159" timestamp="2012-02-11T16:01:19Z" user="estela" uid="89271" lat="-34.4479813" lon="-58.5178931"/>
 <node id="1628455135" visible="true" version="1" changeset="10654159" timestamp="2012-02-11T16:01:19Z" user="estela" uid="89271" lat="-34.4480329" lon="-58.5179206"/>
 <node id="1628455137" visible="true" version="1" changeset="10654159" timestamp="2012-02-11T16:01:20Z" user="estela" uid="89271" lat="-34.4480673" lon="-58.5179516"/>
 <node id="1628455171" visible="true" version="2" changeset="21467432" timestamp="2014-04-02T22:30:10Z" user="Souchong" uid="255141" lat="-34.4484915" lon="-58.5164578"/>
 <node id="1628455218" visible="true" version="2" changeset="21467432" timestamp="2014-04-02T22:30:10Z" user="Souchong" uid="255141" lat="-34.4487646" lon="-58.5164941"/>
 <node id="1628455236" visible="true" version="2" changeset="21464360" timestamp="2014-04-02T19:31:04Z" user="Souchong" uid="255141" lat="-34.4489600" lon="-58.5084421"/>
 <node id="1628455506" visible="true" version="2" changeset="21464360" timestamp="2014-04-02T19:31:04Z" user="Souchong" uid="255141" lat="-34.4499421" lon="-58.5161469"/>
 <node id="1628455572" visible="true" version="2" changeset="21467432" timestamp="2014-04-02T22:30:10Z" user="Souchong" uid="255141" lat="-34.4502094" lon="-58.5166197"/>
 <node id="1628455595" visible="true" version="2" changeset="21467432" timestamp="2014-04-02T22:30:10Z" user="Souchong" uid="255141" lat="-34.4503121" lon="-58.5167092"/>
 <node id="1628455599" visible="true" version="2" changeset="21467432" timestamp="2014-04-02T22:30:10Z" user="Souchong" uid="255141" lat="-34.4503422" lon="-58.5165648"/>
 <node id="1628455608" visible="true" version="2" changeset="21467432" timestamp="2014-04-02T22:30:10Z" user="Souchong" uid="255141" lat="-34.4503535" lon="-58.5166705"/>
 <node id="1628455615" visible="true" version="2" changeset="21464360" timestamp="2014-04-02T19:31:04Z" user="Souchong" uid="255141" lat="-34.4504151" lon="-58.5161279"/>
 <node id="1628455633" visible="true" version="2" changeset="21467432" timestamp="2014-04-02T22:30:10Z" user="Souchong" uid="255141" lat="-34.4506014" lon="-58.5164468"/>
 <node id="1628455663" visible="true" version="2" changeset="21464360" timestamp="2014-04-02T19:31:04Z" user="Souchong" uid="255141" lat="-34.4507855" lon="-58.5159264"/>
 <node id="1628455995" visible="true" version="1" changeset="10654159" timestamp="2012-02-11T16:01:48Z" user="estela" uid="89271" lat="-34.4529565" lon="-58.5071475"/>
 <node id="1628455996" visible="true" version="2" changeset="12770562" timestamp="2012-08-18T08:52:49Z" user="dbusse" uid="149876" lat="-34.4546516" lon="-58.5081507"/>
 <node id="1628455997" visible="true" version="2" changeset="12770562" timestamp="2012-08-18T08:52:49Z" user="dbusse" uid="149876" lat="-34.4548498" lon="-58.5082164"/>
 <node id="1628578463" visible="true" version="1" changeset="10655270" timestamp="2012-02-11T17:40:23Z" user="estela" uid="89271" lat="-34.4363365" lon="-58.5125615"/>
 <node id="1628578464" visible="true" version="1" changeset="10655270" timestamp="2012-02-11T17:40:23Z" user="estela" uid="89271" lat="-34.4364362" lon="-58.5125040"/>
 <node id="1628578465" visible="true" version="1" changeset="10655270" timestamp="2012-02-11T17:40:23Z" user="estela" uid="89271" lat="-34.4365242" lon="-58.5125446"/>
 <node id="1628578466" visible="true" version="1" changeset="10655270" timestamp="2012-02-11T17:40:23Z" user="estela" uid="89271" lat="-34.4366223" lon="-58.5125598"/>
 <node id="1628578468" visible="true" version="1" changeset="10655270" timestamp="2012-02-11T17:40:23Z" user="estela" uid="89271" lat="-34.4367119" lon="-58.5126342"/>
 <node id="1628824552" visible="true" version="2" changeset="21465334" timestamp="2014-04-02T20:20:53Z" user="Souchong" uid="255141" lat="-34.4504812" lon="-58.5063354"/>
 <node id="1628824553" visible="true" version="1" changeset="10657283" timestamp="2012-02-11T20:47:57Z" user="estela" uid="89271" lat="-34.4510622" lon="-58.5067286"/>
 <node id="1628824554" visible="true" version="1" changeset="10657283" timestamp="2012-02-11T20:47:57Z" user="estela" uid="89271" lat="-34.4511110" lon="-58.5068058"/>
 <node id="1628824555" visible="true" version="1" changeset="10657283" timestamp="2012-02-11T20:47:57Z" user="estela" uid="89271" lat="-34.4511679" lon="-58.5068262"/>
 <node id="1628824556" visible="true" version="1" changeset="10657283" timestamp="2012-02-11T20:47:57Z" user="estela" uid="89271" lat="-34.4511963" lon="-58.5068790"/>
 <node id="1628824557" visible="true" version="1" changeset="10657283" timestamp="2012-02-11T20:47:57Z" user="estela" uid="89271" lat="-34.4524074" lon="-58.5073407"/>
 <node id="1628824558" visible="true" version="1" changeset="10657283" timestamp="2012-02-11T20:47:57Z" user="estela" uid="89271" lat="-34.4526086" lon="-58.5073034"/>
 <node id="1628824559" visible="true" version="1" changeset="10657283" timestamp="2012-02-11T20:47:57Z" user="estela" uid="89271" lat="-34.4527347" lon="-58.5072072"/>
 <node id="1628824560" visible="true" version="1" changeset="10657283" timestamp="2012-02-11T20:47:57Z" user="estela" uid="89271" lat="-34.4527481" lon="-58.5072300"/>
 <node id="1628837647" visible="true" version="1" changeset="10657378" timestamp="2012-02-11T20:57:09Z" user="estela" uid="89271" lat="-34.4470316" lon="-58.5146791"/>
 <node id="1628837650" visible="true" version="1" changeset="10657378" timestamp="2012-02-11T20:57:10Z" user="estela" uid="89271" lat="-34.4470438" lon="-58.5150002"/>
 <node id="1628837651" visible="true" version="2" changeset="21464360" timestamp="2014-04-02T19:31:04Z" user="Souchong" uid="255141" lat="-34.4489379" lon="-58.5147769"/>
 <node id="1669953454" visible="true" version="1" changeset="10940880" timestamp="2012-03-11T10:11:50Z" user="estela" uid="89271" lat="-34.4382339" lon="-58.5133660"/>
 <node id="1669953455" visible="true" version="1" changeset="10940880" timestamp="2012-03-11T10:11:50Z" user="estela" uid="89271" lat="-34.4384590" lon="-58.5135178"/>
 <node id="1669953456" visible="true" version="1" changeset="10940880" timestamp="2012-03-11T10:11:50Z" user="estela" uid="89271" lat="-34.4385741" lon="-58.5136172"/>
 <node id="1669953458" visible="true" version="1" changeset="10940880" timestamp="2012-03-11T10:11:50Z" user="estela" uid="89271" lat="-34.4387259" lon="-58.5136120"/>
 <node id="1858237760" visible="true" version="3" changeset="161866533" timestamp="2025-01-28T17:24:41Z" user="RideauCanal" uid="20109092" lat="-34.4478968" lon="-58.5191422"/>
 <node id="1858237762" visible="true" version="3" changeset="161866533" timestamp="2025-01-28T17:24:41Z" user="RideauCanal" uid="20109092" lat="-34.4479764" lon="-58.5188658"/>
 <node id="1858237766" visible="true" version="2" changeset="21385458" timestamp="2014-03-29T16:13:09Z" user="Souchong" uid="255141" lat="-34.4483930" lon="-58.5194905"/>
 <node id="1858237767" visible="true" version="3" changeset="161866533" timestamp="2025-01-28T17:24:41Z" user="RideauCanal" uid="20109092" lat="-34.4484105" lon="-58.5191939"/>
 <node id="1858237768" visible="true" version="2" changeset="21385458" timestamp="2014-03-29T16:13:09Z" user="Souchong" uid="255141" lat="-34.4484913" lon="-58.5150738"/>
 <node id="1871042506" visible="true" version="1" changeset="12770562" timestamp="2012-08-18T08:51:08Z" user="dbusse" uid="149876" lat="-34.4368443" lon="-58.5232389"/>
 <node id="1871042507" visible="true" version="1" changeset="12770562" timestamp="2012-08-18T08:51:08Z" user="dbusse" uid="149876" lat="-34.4369734" lon="-58.5121175"/>
 <node id="1871042508" visible="true" version="1" changeset="12770562" timestamp="2012-08-18T08:51:08Z" user="dbusse" uid="149876" lat="-34.4371581" lon="-58.5270114"/>
 <node id="1871042509" visible="true" version="1" changeset="12770562" timestamp="2012-08-18T08:51:08Z" user="dbusse" uid="149876" lat="-34.4383284" lon="-58.5186861"/>
 <node id="1871042510" visible="true" version="6" changeset="146342612" timestamp="2024-01-17T00:00:09Z" user="AgusQui" uid="331218" lat="-34.4499010" lon="-58.5244922">
  <tag k="railway" v="level_crossing"/>
 </node>
 <node id="1913215474" visible="true" version="3" changeset="115658011" timestamp="2022-01-02T05:07:33Z" user="AgusQui" uid="331218" lat="-34.4441526" lon="-58.5108909"/>
 <node id="2168156497" visible="true" version="2" changeset="50867826" timestamp="2017-08-05T17:43:20Z" user="juanperez79" uid="6218510" lat="-34.4462380" lon="-58.5241598"/>
 <node id="2168156498" visible="true" version="1" changeset="15130532" timestamp="2013-02-23T01:16:12Z" user="fedecanete" uid="1217164" lat="-34.4460895" lon="-58.5242452"/>
 <node id="2168156499" visible="true" version="1" changeset="15130532" timestamp="2013-02-23T01:16:12Z" user="fedecanete" uid="1217164" lat="-34.4458037" lon="-58.5244194"/>
 <node id="2168156500" visible="true" version="2" changeset="50867826" timestamp="2017-08-05T17:43:20Z" user="juanperez79" uid="6218510" lat="-34.4473628" lon="-58.5251238"/>
 <node id="2168156501" visible="true" version="1" changeset="15130532" timestamp="2013-02-23T01:16:12Z" user="fedecanete" uid="1217164" lat="-34.4454137" lon="-58.5252848"/>
 <node id="2168156502" visible="true" version="2" changeset="50867826" timestamp="2017-08-05T17:43:20Z" user="juanperez79" uid="6218510" lat="-34.4477675" lon="-58.5254484"/>
 <node id="2168156503" visible="true" version="2" changeset="50867826" timestamp="2017-08-05T17:43:20Z" user="juanperez79" uid="6218510" lat="-34.4459256" lon="-58.5241960"/>
 <node id="2466878021" visible="true" version="1" changeset="17963009" timestamp="2013-09-21T20:00:44Z" user="sancho95" uid="1752313" lat="-34.4545482" lon="-58.5105845"/>
 <node id="2466878038" visible="true" version="1" changeset="17963009" timestamp="2013-09-21T20:00:45Z" user="sancho95" uid="1752313" lat="-34.4545033" lon="-58.5106634"/>
 <node id="2511683361" visible="true" version="2" changeset="21385458" timestamp="2014-03-29T16:13:10Z" user="Souchong" uid="255141" lat="-34.4390003" lon="-58.5342666"/>
 <node id="2511683363" visible="true" version="2" changeset="21479513" timestamp="2014-04-03T16:14:00Z" user="Souchong" uid="255141" lat="-34.4373880" lon="-58.5333017"/>
 <node id="2511683364" visible="true" version="2" changeset="21479513" timestamp="2014-04-03T16:14:00Z" user="Souchong" uid="255141" lat="-34.4371200" lon="-58.5328136"/>
 <node id="2511683365" visible="true" version="2" changeset="21479513" timestamp="2014-04-03T16:14:00Z" user="Souchong" uid="255141" lat="-34.4370688" lon="-58.5325138"/>
 <node id="2511683366" visible="true" version="2" changeset="21479513" timestamp="2014-04-03T16:14:00Z" user="Souchong" uid="255141" lat="-34.4370679" lon="-58.5317275"/>
 <node id="2511683367" visible="true" version="2" changeset="21479513" timestamp="2014-04-03T16:14:00Z" user="Souchong" uid="255141" lat="-34.4373979" lon="-58.5290278"/>
 <node id="2511683368" visible="true" version="2" changeset="21479513" timestamp="2014-04-03T16:14:00Z" user="Souchong" uid="255141" lat="-34.4373136" lon="-58.5274587"/>
 <node id="2511683369" visible="true" version="2" changeset="21479513" timestamp="2014-04-03T16:14:00Z" user="Souchong" uid="255141" lat="-34.4373179" lon="-58.5272171"/>
 <node id="2511683370" visible="true" version="1" changeset="18587479" timestamp="2013-10-28T16:46:09Z" user="quiqueclur" uid="1779094" lat="-34.4372418" lon="-58.5264760"/>
 <node id="2511683371" visible="true" version="2" changeset="21479513" timestamp="2014-04-03T16:14:00Z" user="Souchong" uid="255141" lat="-34.4370458" lon="-58.5256138"/>
 <node id="2511683372" visible="true" version="2" changeset="21479513" timestamp="2014-04-03T16:14:00Z" user="Souchong" uid="255141" lat="-34.4368454" lon="-58.5241145"/>
 <node id="2511683373" visible="true" version="1" changeset="18587479" timestamp="2013-10-28T16:46:09Z" user="quiqueclur" uid="1779094" lat="-34.4373266" lon="-58.5216706"/>
 <node id="2511683374" visible="true" version="2" changeset="21479513" timestamp="2014-04-03T16:14:00Z" user="Souchong" uid="255141" lat="-34.4378701" lon="-58.5201098"/>
 <node id="2511683375" visible="true" version="2" changeset="21479513" timestamp="2014-04-03T16:14:00Z" user="Souchong" uid="255141" lat="-34.4383214" lon="-58.5193199"/>
 <node id="2561016853" visible="true" version="4" changeset="148775318" timestamp="2024-03-17T14:44:11Z" user="AlejandroAlba" uid="6499071" lat="-34.4405703" lon="-58.4930499"/>
 <node id="2561121714" visible="true" version="2" changeset="43504658" timestamp="2016-11-09T06:29:39Z" user="nicfer" uid="16712" lat="-34.4486191" lon="-58.5262036"/>
 <node id="2561123744" visible="true" version="3" changeset="51288635" timestamp="2017-08-21T00:58:16Z" user="juanperez79" uid="6218510" lat="-34.4534279" lon="-58.5208568"/>
 <node id="2561133533" visible="true" version="7" changeset="146342612" timestamp="2024-01-17T00:00:09Z" user="AgusQui" uid="331218" lat="-34.4498757" lon="-58.5244530">
  <tag k="railway" v="level_crossing"/>
 </node>
 <node id="2561133551" visible="true" version="5" changeset="43504658" timestamp="2016-11-09T06:29:40Z" user="nicfer" uid="16712" lat="-34.4489949" lon="-58.5254751">
  <tag k="railway" v="level_crossing"/>
 </node>
 <node id="2561133552" visible="true" version="5" changeset="83903526" timestamp="2020-04-21T22:44:36Z" user="CorazonDelator" uid="8127216" lat="-34.4505451" lon="-58.5237892">
  <tag k="light_rail" v="yes"/>
  <tag k="name" v="Punta Chica"/>
  <tag k="public_transport" v="stop_position"/>
  <tag k="railway" v="stop"/>
 </node>
 <node id="2561133569" visible="true" version="4" changeset="82769212" timestamp="2020-03-29T04:56:08Z" user="AgusQui" uid="331218" lat="-34.4485870" lon="-58.5261794"/>
 <node id="2561133585" visible="true" version="5" changeset="146342612" timestamp="2024-01-17T00:00:09Z" user="AgusQui" uid="331218" lat="-34.4525961" lon="-58.5216453">
  <tag k="railway" v="level_crossing"/>
 </node>
 <node id="2561133587" visible="true" version="5" changeset="82769212" timestamp="2020-03-29T04:56:08Z" user="AgusQui" uid="331218" lat="-34.4482833" lon="-58.5268377"/>
 <node id="2561133588" visible="true" version="2" changeset="43504658" timestamp="2016-11-09T06:29:40Z" user="nicfer" uid="16712" lat="-34.4493979" lon="-58.5250332"/>
 <node id="2561133589" visible="true" version="2" changeset="43504658" timestamp="2016-11-09T06:29:40Z" user="nicfer" uid="16712" lat="-34.4493681" lon="-58.5249944"/>
 <node id="2561139667" visible="true" version="4" changeset="146342612" timestamp="2024-01-17T00:00:09Z" user="AgusQui" uid="331218" lat="-34.4487284" lon="-58.5262595">
  <tag k="traffic_calming" v="bump"/>
 </node>
 <node id="2561139670" visible="true" version="4" changeset="146342612" timestamp="2024-01-17T00:00:09Z" user="AgusQui" uid="331218" lat="-34.4489928" lon="-58.5257839"/>
 <node id="2561139674" visible="true" version="2" changeset="21580883" timestamp="2014-04-09T00:28:26Z" user="Souchong" uid="255141" lat="-34.4485996" lon="-58.5265079"/>
 <node id="2613784987" visible="true" version="3" changeset="50358123" timestamp="2017-07-17T17:45:00Z" user="juanperez79" uid="6218510" lat="-34.4453018" lon="-58.5353372"/>
 <node id="2613784989" visible="true" version="4" changeset="146342612" timestamp="2024-01-17T00:00:09Z" user="AgusQui" uid="331218" lat="-34.4453411" lon="-58.5350321"/>
 <node id="2613784999" visible="true" version="2" changeset="124502845" timestamp="2022-08-05T03:38:00Z" user="patodiez" uid="1856060" lat="-34.4457087" lon="-58.5334455"/>
 <node id="2613785005" visible="true" version="1" changeset="19869481" timestamp="2014-01-07T19:44:15Z" user="Souchong" uid="255141" lat="-34.4458442" lon="-58.5331271"/>
 <node id="2613785013" visible="true" version="2" changeset="24916099" timestamp="2014-08-21T18:34:56Z" user="patodiez" uid="1856060" lat="-34.4461880" lon="-58.5323813"/>
 <node id="2617948563" visible="true" version="1" changeset="19926420" timestamp="2014-01-10T22:30:38Z" user="Souchong" uid="255141" lat="-34.4441317" lon="-58.5420606"/>
 <node id="2617948570" visible="true" version="1" changeset="19926420" timestamp="2014-01-10T22:30:39Z" user="Souchong" uid="255141" lat="-34.4444375" lon="-58.5408769"/>
 <node id="2617948668" visible="true" version="1" changeset="19926420" timestamp="2014-01-10T22:30:39Z" user="Souchong" uid="255141" lat="-34.4499234" lon="-58.5246717"/>
 <node id="2617948672" visible="true" version="1" changeset="19926420" timestamp="2014-01-10T22:30:40Z" user="Souchong" uid="255141" lat="-34.4500175" lon="-58.5246450"/>
 <node id="2617948673" visible="true" version="2" changeset="146342612" timestamp="2024-01-17T00:00:09Z" user="AgusQui" uid="331218" lat="-34.4500760" lon="-58.5246304"/>
 <node id="2752129704" visible="true" version="1" changeset="21385458" timestamp="2014-03-29T16:12:54Z" user="Souchong" uid="255141" lat="-34.4447667" lon="-58.5266844"/>
 <node id="2752129711" visible="true" version="1" changeset="21385458" timestamp="2014-03-29T16:12:54Z" user="Souchong" uid="255141" lat="-34.4448100" lon="-58.5254469"/>
 <node id="2752129713" visible="true" version="1" changeset="21385458" timestamp="2014-03-29T16:12:54Z" user="Souchong" uid="255141" lat="-34.4448333" lon="-58.5254365"/>
 <node id="2752129715" visible="true" version="1" changeset="21385458" timestamp="2014-03-29T16:12:54Z" user="Souchong" uid="255141" lat="-34.4448618" lon="-58.5254328"/>
 <node id="2752129719" visible="true" version="1" changeset="21385458" timestamp="2014-03-29T16:12:54Z" user="Souchong" uid="255141" lat="-34.4449018" lon="-58.5254374"/>
 <node id="2752129724" visible="true" version="1" changeset="21385458" timestamp="2014-03-29T16:12:54Z" user="Souchong" uid="255141" lat="-34.4450521" lon="-58.5269015"/>
 <node id="2752129726" visible="true" version="1" changeset="21385458" timestamp="2014-03-29T16:12:54Z" user="Souchong" uid="255141" lat="-34.4450828" lon="-58.5250376"/>
 <node id="2752129731" visible="true" version="1" changeset="21385458" timestamp="2014-03-29T16:12:54Z" user="Souchong" uid="255141" lat="-34.4450910" lon="-58.5250646"/>
 <node id="2752129733" visible="true" version="1" changeset="21385458" timestamp="2014-03-29T16:12:54Z" user="Souchong" uid="255141" lat="-34.4451075" lon="-58.5250917"/>
 <node id="2752129737" visible="true" version="2" changeset="161857146" timestamp="2025-01-28T13:06:35Z" user="RideauCanal" uid="20109092" lat="-34.4454059" lon="-58.5271601"/>
 <node id="2752129740" visible="true" version="1" changeset="21385458" timestamp="2014-03-29T16:12:54Z" user="Souchong" uid="255141" lat="-34.4454419" lon="-58.5262289"/>
 <node id="2752129741" visible="true" version="1" changeset="21385458" timestamp="2014-03-29T16:12:54Z" user="Souchong" uid="255141" lat="-34.4455098" lon="-58.5261172"/>
 <node id="2752129743" visible="true" version="1" changeset="21385458" timestamp="2014-03-29T16:12:54Z" user="Souchong" uid="255141" lat="-34.4455808" lon="-58.5272883"/>
 <node id="2752129748" visible="true" version="2" changeset="161857146" timestamp="2025-01-28T13:06:35Z" user="RideauCanal" uid="20109092" lat="-34.4456984" lon="-58.5273665"/>
 <node id="2752129750" visible="true" version="1" changeset="21385458" timestamp="2014-03-29T16:12:54Z" user="Souchong" uid="255141" lat="-34.4458104" lon="-58.5262689"/>
 <node id="2752129754" visible="true" version="2" changeset="161857146" timestamp="2025-01-28T13:06:35Z" user="RideauCanal" uid="20109092" lat="-34.4459864" lon="-58.5275397"/>
 <node id="2752129757" visible="true" version="2" changeset="50867826" timestamp="2017-08-05T17:43:20Z" user="juanperez79" uid="6218510" lat="-34.4467672" lon="-58.5265066"/>
 <node id="2752129758" visible="true" version="1" changeset="21385458" timestamp="2014-03-29T16:12:54Z" user="Souchong" uid="255141" lat="-34.4467187" lon="-58.5265100"/>
 <node id="2752129759" visible="true" version="1" changeset="21385458" timestamp="2014-03-29T16:12:54Z" user="Souchong" uid="255141" lat="-34.4467379" lon="-58.5264785"/>
 <node id="2752129760" visible="true" version="2" changeset="50867826" timestamp="2017-08-05T17:43:20Z" user="juanperez79" uid="6218510" lat="-34.4467626" lon="-58.5263901"/>
 <node id="2752129762" visible="true" version="1" changeset="21385458" timestamp="2014-03-29T16:12:54Z" user="Souchong" uid="255141" lat="-34.4468003" lon="-58.5251298"/>
 <node id="2752129763" visible="true" version="2" changeset="161857146" timestamp="2025-01-28T13:06:35Z" user="RideauCanal" uid="20109092" lat="-34.4471818" lon="-58.5220451"/>
 <node id="2752129766" visible="true" version="1" changeset="21385458" timestamp="2014-03-29T16:12:54Z" user="Souchong" uid="255141" lat="-34.4473099" lon="-58.5208589"/>
 <node id="2752129768" visible="true" version="2" changeset="161866533" timestamp="2025-01-28T17:24:41Z" user="RideauCanal" uid="20109092" lat="-34.4473323" lon="-58.5228258"/>
 <node id="2752129770" visible="true" version="1" changeset="21385458" timestamp="2014-03-29T16:12:54Z" user="Souchong" uid="255141" lat="-34.4473702" lon="-58.5204598"/>
 <node id="2752129772" visible="true" version="2" changeset="161857146" timestamp="2025-01-28T13:06:35Z" user="RideauCanal" uid="20109092" lat="-34.4473812" lon="-58.5212576"/>
 <node id="2752129774" visible="true" version="1" changeset="21385458" timestamp="2014-03-29T16:12:54Z" user="Souchong" uid="255141" lat="-34.4473974" lon="-58.5170589"/>
 <node id="2752129778" visible="true" version="1" changeset="21385458" timestamp="2014-03-29T16:12:54Z" user="Souchong" uid="255141" lat="-34.4474769" lon="-58.5212930"/>
 <node id="2752129780" visible="true" version="3" changeset="161896735" timestamp="2025-01-29T13:04:57Z" user="MahaweliValley" uid="17834724" lat="-34.4475641" lon="-58.5222144"/>
 <node id="2752129782" visible="true" version="2" changeset="161866533" timestamp="2025-01-28T17:24:41Z" user="RideauCanal" uid="20109092" lat="-34.4476571" lon="-58.5229379"/>
 <node id="2752129783" visible="true" version="2" changeset="161857146" timestamp="2025-01-28T13:06:35Z" user="RideauCanal" uid="20109092" lat="-34.4477302" lon="-58.5215370"/>
 <node id="2752129786" visible="true" version="3" changeset="161896735" timestamp="2025-01-29T13:04:57Z" user="MahaweliValley" uid="17834724" lat="-34.4478773" lon="-58.5223115"/>
 <node id="2752129792" visible="true" version="2" changeset="161866533" timestamp="2025-01-28T17:24:41Z" user="RideauCanal" uid="20109092" lat="-34.4480112" lon="-58.5230842"/>
 <node id="2752129794" visible="true" version="2" changeset="161857146" timestamp="2025-01-28T13:06:35Z" user="RideauCanal" uid="20109092" lat="-34.4480380" lon="-58.5216581"/>
 <node id="2752129796" visible="true" version="3" changeset="161896735" timestamp="2025-01-29T13:04:57Z" user="MahaweliValley" uid="17834724" lat="-34.4481441" lon="-58.5224176"/>
 <node id="2752129798" visible="true" version="1" changeset="21385458" timestamp="2014-03-29T16:12:55Z" user="Souchong" uid="255141" lat="-34.4481568" lon="-58.5211730"/>
 <node id="2752129800" visible="true" version="1" changeset="21385458" timestamp="2014-03-29T16:12:55Z" user="Souchong" uid="255141" lat="-34.4482510" lon="-58.5208058"/>
 <node id="2752129802" visible="true" version="2" changeset="161857146" timestamp="2025-01-28T13:06:35Z" user="RideauCanal" uid="20109092" lat="-34.4483016" lon="-58.5217567"/>
 <node id="2752129806" visible="true" version="1" changeset="21385458" timestamp="2014-03-29T16:12:55Z" user="Souchong" uid="255141" lat="-34.4484334" lon="-58.5189102"/>
 <node id="2752129809" visible="true" version="1" changeset="21385458" timestamp="2014-03-29T16:12:55Z" user="Souchong" uid="255141" lat="-34.4487378" lon="-58.5189867"/>
 <node id="2752129812" visible="true" version="1" changeset="21385458" timestamp="2014-03-29T16:12:55Z" user="Souchong" uid="255141" lat="-34.4487427" lon="-58.5189526"/>
 <node id="2752129815" visible="true" version="1" changeset="21385458" timestamp="2014-03-29T16:12:55Z" user="Souchong" uid="255141" lat="-34.4488491" lon="-58.5180994"/>
 <node id="2752129819" visible="true" version="1" changeset="21385458" timestamp="2014-03-29T16:12:55Z" user="Souchong" uid="255141" lat="-34.4488687" lon="-58.5187809"/>
 <node id="2752129821" visible="true" version="1" changeset="21385458" timestamp="2014-03-29T16:12:55Z" user="Souchong" uid="255141" lat="-34.4488712" lon="-58.5187191"/>
 <node id="2752129824" visible="true" version="1" changeset="21385458" timestamp="2014-03-29T16:12:55Z" user="Souchong" uid="255141" lat="-34.4488763" lon="-58.5186745"/>
 <node id="2752129827" visible="true" version="1" changeset="21385458" timestamp="2014-03-29T16:12:55Z" user="Souchong" uid="255141" lat="-34.4488947" lon="-58.5183558"/>
 <node id="2752129831" visible="true" version="2" changeset="21479513" timestamp="2014-04-03T16:14:00Z" user="Souchong" uid="255141" lat="-34.4489158" lon="-58.5187220"/>
 <node id="2752129834" visible="true" version="2" changeset="21479513" timestamp="2014-04-03T16:14:00Z" user="Souchong" uid="255141" lat="-34.4489201" lon="-58.5183928"/>
 <node id="2752129837" visible="true" version="2" changeset="161909681" timestamp="2025-01-29T18:41:48Z" user="MahaweliValley" uid="17834724" lat="-34.4488701" lon="-58.5165629"/>
 <node id="2752129840" visible="true" version="1" changeset="21385458" timestamp="2014-03-29T16:12:55Z" user="Souchong" uid="255141" lat="-34.4489819" lon="-58.5165929"/>
 <node id="2752129842" visible="true" version="1" changeset="21385458" timestamp="2014-03-29T16:12:55Z" user="Souchong" uid="255141" lat="-34.4489820" lon="-58.5174268"/>
 <node id="2752129846" visible="true" version="1" changeset="21385458" timestamp="2014-03-29T16:12:55Z" user="Souchong" uid="255141" lat="-34.4490051" lon="-58.5174339"/>
 <node id="2752129849" visible="true" version="1" changeset="21385458" timestamp="2014-03-29T16:12:55Z" user="Souchong" uid="255141" lat="-34.4491332" lon="-58.5166364"/>
 <node id="2754776591" visible="true" version="2" changeset="102012009" timestamp="2021-03-30T22:38:39Z" user="Hernan" uid="72347" lat="-34.4435804" lon="-58.5246503"/>
 <node id="2754776592" visible="true" version="2" changeset="102012009" timestamp="2021-03-30T22:38:39Z" user="Hernan" uid="72347" lat="-34.4444207" lon="-58.5227303"/>
 <node id="2754776593" visible="true" version="2" changeset="102012009" timestamp="2021-03-30T22:38:39Z" user="Hernan" uid="72347" lat="-34.4448527" lon="-58.5213984"/>
 <node id="2754776594" visible="true" version="2" changeset="102012009" timestamp="2021-03-30T22:38:39Z" user="Hernan" uid="72347" lat="-34.4451098" lon="-58.5205248"/>
 <node id="2754803378" visible="true" version="1" changeset="21408507" timestamp="2014-03-30T20:50:00Z" user="Souchong" uid="255141" lat="-34.4423506" lon="-58.5214089"/>
 <node id="2754803379" visible="true" version="1" changeset="21408507" timestamp="2014-03-30T20:50:00Z" user="Souchong" uid="255141" lat="-34.4423902" lon="-58.5214414"/>
 <node id="2754803380" visible="true" version="1" changeset="21408507" timestamp="2014-03-30T20:50:00Z" user="Souchong" uid="255141" lat="-34.4435055" lon="-58.5202464"/>
 <node id="2754803381" visible="true" version="1" changeset="21408507" timestamp="2014-03-30T20:50:00Z" user="Souchong" uid="255141" lat="-34.4435238" lon="-58.5202053"/>
 <node id="2754803383" visible="true" version="1" changeset="21408507" timestamp="2014-03-30T20:50:00Z" user="Souchong" uid="255141" lat="-34.4435616" lon="-58.5201800"/>
 <node id="2754803384" visible="true" version="1" changeset="21408507" timestamp="2014-03-30T20:50:00Z" user="Souchong" uid="255141" lat="-34.4435867" lon="-58.5223992"/>
 <node id="2754803386" visible="true" version="1" changeset="21408507" timestamp="2014-03-30T20:50:00Z" user="Souchong" uid="255141" lat="-34.4436060" lon="-58.5201674"/>
 <node id="2754803388" visible="true" version="1" changeset="21408507" timestamp="2014-03-30T20:50:00Z" user="Souchong" uid="255141" lat="-34.4436808" lon="-58.5224797"/>
 <node id="2754803390" visible="true" version="1" changeset="21408507" timestamp="2014-03-30T20:50:00Z" user="Souchong" uid="255141" lat="-34.4436842" lon="-58.5201848"/>
 <node id="2754803392" visible="true" version="1" changeset="21408507" timestamp="2014-03-30T20:50:00Z" user="Souchong" uid="255141" lat="-34.4437272" lon="-58.5206655"/>
 <node id="2754803394" visible="true" version="1" changeset="21408507" timestamp="2014-03-30T20:50:00Z" user="Souchong" uid="255141" lat="-34.4437298" lon="-58.5202227"/>
 <node id="2754803396" visible="true" version="1" changeset="21408507" timestamp="2014-03-30T20:50:00Z" user="Souchong" uid="255141" lat="-34.4437338" lon="-58.5205263"/>
 <node id="2754803398" visible="true" version="1" changeset="21408507" timestamp="2014-03-30T20:50:00Z" user="Souchong" uid="255141" lat="-34.4437500" lon="-58.5224875"/>
 <node id="2754803400" visible="true" version="1" changeset="21408507" timestamp="2014-03-30T20:50:00Z" user="Souchong" uid="255141" lat="-34.4437677" lon="-58.5204789"/>
 <node id="2754803402" visible="true" version="1" changeset="21408507" timestamp="2014-03-30T20:50:00Z" user="Souchong" uid="255141" lat="-34.4437846" lon="-58.5202939"/>
 <node id="2754803404" visible="true" version="1" changeset="21408507" timestamp="2014-03-30T20:50:00Z" user="Souchong" uid="255141" lat="-34.4437950" lon="-58.5204362"/>
 <node id="2754803405" visible="true" version="1" changeset="21408507" timestamp="2014-03-30T20:50:00Z" user="Souchong" uid="255141" lat="-34.4438029" lon="-58.5203682"/>
 <node id="2754803407" visible="true" version="1" changeset="21408507" timestamp="2014-03-30T20:50:00Z" user="Souchong" uid="255141" lat="-34.4438486" lon="-58.5228241"/>
 <node id="2754803409" visible="true" version="1" changeset="21408507" timestamp="2014-03-30T20:50:00Z" user="Souchong" uid="255141" lat="-34.4439003" lon="-58.5228084"/>
 <node id="2754803411" visible="true" version="1" changeset="21408507" timestamp="2014-03-30T20:50:00Z" user="Souchong" uid="255141" lat="-34.4439556" lon="-58.5225870"/>
 <node id="2754803413" visible="true" version="1" changeset="21408507" timestamp="2014-03-30T20:50:00Z" user="Souchong" uid="255141" lat="-34.4439639" lon="-58.5227525"/>
 <node id="2754803415" visible="true" version="1" changeset="21408507" timestamp="2014-03-30T20:50:00Z" user="Souchong" uid="255141" lat="-34.4439768" lon="-58.5227022"/>
 <node id="2754803417" visible="true" version="1" changeset="21408507" timestamp="2014-03-30T20:50:00Z" user="Souchong" uid="255141" lat="-34.4442062" lon="-58.5219877"/>
 <node id="2754803419" visible="true" version="1" changeset="21408507" timestamp="2014-03-30T20:50:00Z" user="Souchong" uid="255141" lat="-34.4442909" lon="-58.5216366"/>
 <node id="2754803421" visible="true" version="1" changeset="21408507" timestamp="2014-03-30T20:50:00Z" user="Souchong" uid="255141" lat="-34.4443352" lon="-58.5214010"/>
 <node id="2754803423" visible="true" version="1" changeset="21408507" timestamp="2014-03-30T20:50:00Z" user="Souchong" uid="255141" lat="-34.4443405" lon="-58.5207511"/>
 <node id="2761940565" visible="true" version="1" changeset="21464360" timestamp="2014-04-02T19:30:51Z" user="Souchong" uid="255141" lat="-34.4477331" lon="-58.5098858"/>
 <node id="2761940566" visible="true" version="1" changeset="21464360" timestamp="2014-04-02T19:30:51Z" user="Souchong" uid="255141" lat="-34.4477880" lon="-58.5098985"/>
 <node id="2761940569" visible="true" version="1" changeset="21464360" timestamp="2014-04-02T19:30:51Z" user="Souchong" uid="255141" lat="-34.4479076" lon="-58.5143191"/>
 <node id="2761940570" visible="true" version="1" changeset="21464360" timestamp="2014-04-02T19:30:51Z" user="Souchong" uid="255141" lat="-34.4489437" lon="-58.5147650"/>
 <node id="2761940571" visible="true" version="1" changeset="21464360" timestamp="2014-04-02T19:30:51Z" user="Souchong" uid="255141" lat="-34.4490277" lon="-58.5159832"/>
 <node id="2761940573" visible="true" version="1" changeset="21464360" timestamp="2014-04-02T19:30:51Z" user="Souchong" uid="255141" lat="-34.4495303" lon="-58.5161272"/>
 <node id="2761940589" visible="true" version="1" changeset="21464360" timestamp="2014-04-02T19:30:52Z" user="Souchong" uid="255141" lat="-34.4552952" lon="-58.5091494"/>
 <node id="2761940600" visible="true" version="1" changeset="21464360" timestamp="2014-04-02T19:30:52Z" user="Souchong" uid="255141" lat="-34.4555432" lon="-58.5086620"/>
 <node id="2762183241" visible="true" version="1" changeset="21465334" timestamp="2014-04-02T20:20:46Z" user="Souchong" uid="255141" lat="-34.4531277" lon="-58.5090204"/>
 <node id="2762183247" visible="true" version="1" changeset="21465334" timestamp="2014-04-02T20:20:46Z" user="Souchong" uid="255141" lat="-34.4534417" lon="-58.5091534"/>
 <node id="2762183256" visible="true" version="1" changeset="21465334" timestamp="2014-04-02T20:20:46Z" user="Souchong" uid="255141" lat="-34.4536367" lon="-58.5096304"/>
 <node id="2762183258" visible="true" version="1" changeset="21465334" timestamp="2014-04-02T20:20:46Z" user="Souchong" uid="255141" lat="-34.4537497" lon="-58.5093289"/>
 <node id="2762234532" visible="true" version="1" changeset="21465557" timestamp="2014-04-02T20:31:58Z" user="Souchong" uid="255141" lat="-34.4470561" lon="-58.5140045"/>
 <node id="2762234536" visible="true" version="1" changeset="21465557" timestamp="2014-04-02T20:31:58Z" user="Souchong" uid="255141" lat="-34.4470767" lon="-58.5137721"/>
 <node id="2762234538" visible="true" version="1" changeset="21465557" timestamp="2014-04-02T20:31:58Z" user="Souchong" uid="255141" lat="-34.4473230" lon="-58.5122492"/>
 <node id="2762234548" visible="true" version="1" changeset="21465557" timestamp="2014-04-02T20:31:58Z" user="Souchong" uid="255141" lat="-34.4481185" lon="-58.5082975"/>
 <node id="2762234550" visible="true" version="1" changeset="21465557" timestamp="2014-04-02T20:31:58Z" user="Souchong" uid="255141" lat="-34.4481222" lon="-58.5120241"/>
 <node id="2762234560" visible="true" version="1" changeset="21465557" timestamp="2014-04-02T20:31:58Z" user="Souchong" uid="255141" lat="-34.4483692" lon="-58.5110349"/>
 <node id="2762650086" visible="true" version="1" changeset="21467432" timestamp="2014-04-02T22:29:47Z" user="Souchong" uid="255141" lat="-34.4475247" lon="-58.5154327"/>
 <node id="2762650087" visible="true" version="1" changeset="21467432" timestamp="2014-04-02T22:29:47Z" user="Souchong" uid="255141" lat="-34.4475590" lon="-58.5155074"/>
 <node id="2762650088" visible="true" version="1" changeset="21467432" timestamp="2014-04-02T22:29:47Z" user="Souchong" uid="255141" lat="-34.4476151" lon="-58.5155274"/>
 <node id="2762650090" visible="true" version="1" changeset="21467432" timestamp="2014-04-02T22:29:47Z" user="Souchong" uid="255141" lat="-34.4476438" lon="-58.5155157"/>
 <node id="2762650092" visible="true" version="1" changeset="21467432" timestamp="2014-04-02T22:29:47Z" user="Souchong" uid="255141" lat="-34.4476644" lon="-58.5148252"/>
 <node id="2762650093" visible="true" version="1" changeset="21467432" timestamp="2014-04-02T22:29:47Z" user="Souchong" uid="255141" lat="-34.4476644" lon="-58.5154908"/>
 <node id="2762650095" visible="true" version="1" changeset="21467432" timestamp="2014-04-02T22:29:47Z" user="Souchong" uid="255141" lat="-34.4476781" lon="-58.5154502"/>
 <node id="2762650096" visible="true" version="1" changeset="21467432" timestamp="2014-04-02T22:29:47Z" user="Souchong" uid="255141" lat="-34.4476925" lon="-58.5146514"/>
 <node id="2762650105" visible="true" version="1" changeset="21467432" timestamp="2014-04-02T22:29:47Z" user="Souchong" uid="255141" lat="-34.4480070" lon="-58.5137465"/>
 <node id="2762650107" visible="true" version="1" changeset="21467432" timestamp="2014-04-02T22:29:47Z" user="Souchong" uid="255141" lat="-34.4480167" lon="-58.5138264"/>
 <node id="2762650108" visible="true" version="1" changeset="21467432" timestamp="2014-04-02T22:29:47Z" user="Souchong" uid="255141" lat="-34.4480535" lon="-58.5138757"/>
 <node id="2762650110" visible="true" version="1" changeset="21467432" timestamp="2014-04-02T22:29:47Z" user="Souchong" uid="255141" lat="-34.4484377" lon="-58.5118454"/>
 <node id="2762650111" visible="true" version="2" changeset="177826779" timestamp="2026-01-29T01:12:56Z" user="Josuer" uid="3382594" lat="-34.4487307" lon="-58.5106284"/>
 <node id="2762650113" visible="true" version="1" changeset="21467432" timestamp="2014-04-02T22:29:47Z" user="Souchong" uid="255141" lat="-34.4487331" lon="-58.5142067"/>
 <node id="2762650114" visible="true" version="1" changeset="21467432" timestamp="2014-04-02T22:29:47Z" user="Souchong" uid="255141" lat="-34.4487799" lon="-58.5143440"/>
 <node id="2762650116" visible="true" version="1" changeset="21467432" timestamp="2014-04-02T22:29:47Z" user="Souchong" uid="255141" lat="-34.4487911" lon="-58.5142678"/>
 <node id="2762650117" visible="true" version="1" changeset="21467432" timestamp="2014-04-02T22:29:47Z" user="Souchong" uid="255141" lat="-34.4488073" lon="-58.5144054"/>
 <node id="2762650118" visible="true" version="1" changeset="21467432" timestamp="2014-04-02T22:29:47Z" user="Souchong" uid="255141" lat="-34.4488453" lon="-58.5143781"/>
 <node id="2762650123" visible="true" version="1" changeset="21467432" timestamp="2014-04-02T22:29:47Z" user="Souchong" uid="255141" lat="-34.4488580" lon="-58.5157072"/>
 <node id="2762650125" visible="true" version="1" changeset="21467432" timestamp="2014-04-02T22:29:47Z" user="Souchong" uid="255141" lat="-34.4488628" lon="-58.5156309"/>
 <node id="2762650126" visible="true" version="1" changeset="21467432" timestamp="2014-04-02T22:29:48Z" user="Souchong" uid="255141" lat="-34.4488638" lon="-58.5157683"/>
 <node id="2762650127" visible="true" version="1" changeset="21467432" timestamp="2014-04-02T22:29:48Z" user="Souchong" uid="255141" lat="-34.4488647" lon="-58.5101801"/>
 <node id="2762650129" visible="true" version="1" changeset="21467432" timestamp="2014-04-02T22:29:48Z" user="Souchong" uid="255141" lat="-34.4488652" lon="-58.5145588"/>
 <node id="2762650131" visible="true" version="1" changeset="21467432" timestamp="2014-04-02T22:29:48Z" user="Souchong" uid="255141" lat="-34.4488894" lon="-58.5099312"/>
 <node id="2762650132" visible="true" version="1" changeset="21467432" timestamp="2014-04-02T22:29:48Z" user="Souchong" uid="255141" lat="-34.4488938" lon="-58.5156366"/>
 <node id="2762650133" visible="true" version="1" changeset="21467432" timestamp="2014-04-02T22:29:48Z" user="Souchong" uid="255141" lat="-34.4488938" lon="-58.5157211"/>
 <node id="2762650135" visible="true" version="1" changeset="21467432" timestamp="2014-04-02T22:29:48Z" user="Souchong" uid="255141" lat="-34.4489092" lon="-58.5145307"/>
 <node id="2762650137" visible="true" version="1" changeset="21467432" timestamp="2014-04-02T22:29:48Z" user="Souchong" uid="255141" lat="-34.4489092" lon="-58.5157845"/>
 <node id="2762650138" visible="true" version="1" changeset="21467432" timestamp="2014-04-02T22:29:48Z" user="Souchong" uid="255141" lat="-34.4489286" lon="-58.5154840"/>
 <node id="2762650139" visible="true" version="1" changeset="21467432" timestamp="2014-04-02T22:29:48Z" user="Souchong" uid="255141" lat="-34.4489333" lon="-58.5097420"/>
 <node id="2762650141" visible="true" version="1" changeset="21467432" timestamp="2014-04-02T22:29:48Z" user="Souchong" uid="255141" lat="-34.4489335" lon="-58.5140351"/>
 <node id="2762650143" visible="true" version="1" changeset="21467432" timestamp="2014-04-02T22:29:48Z" user="Souchong" uid="255141" lat="-34.4489364" lon="-58.5139823"/>
 <node id="2762650144" visible="true" version="1" changeset="21467432" timestamp="2014-04-02T22:29:48Z" user="Souchong" uid="255141" lat="-34.4489364" lon="-58.5140932"/>
 <node id="2762650145" visible="true" version="1" changeset="21467432" timestamp="2014-04-02T22:29:48Z" user="Souchong" uid="255141" lat="-34.4489383" lon="-58.5145730"/>
 <node id="2762650147" visible="true" version="1" changeset="21467432" timestamp="2014-04-02T22:29:48Z" user="Souchong" uid="255141" lat="-34.4489441" lon="-58.5158268"/>
 <node id="2762650149" visible="true" version="1" changeset="21467432" timestamp="2014-04-02T22:29:48Z" user="Souchong" uid="255141" lat="-34.4489461" lon="-58.5139011"/>
 <node id="2762650150" visible="true" version="1" changeset="21467432" timestamp="2014-04-02T22:29:48Z" user="Souchong" uid="255141" lat="-34.4489482" lon="-58.5141704"/>
 <node id="2762650152" visible="true" version="1" changeset="21467432" timestamp="2014-04-02T22:29:48Z" user="Souchong" uid="255141" lat="-34.4489504" lon="-58.5138671"/>
 <node id="2762650153" visible="true" version="1" changeset="21467432" timestamp="2014-04-02T22:29:48Z" user="Souchong" uid="255141" lat="-34.4489548" lon="-58.5138377"/>
 <node id="2762650155" visible="true" version="1" changeset="21467432" timestamp="2014-04-02T22:29:48Z" user="Souchong" uid="255141" lat="-34.4489576" lon="-58.5097622"/>
 <node id="2762650156" visible="true" version="1" changeset="21467432" timestamp="2014-04-02T22:29:48Z" user="Souchong" uid="255141" lat="-34.4489611" lon="-58.5137984"/>
 <node id="2762650157" visible="true" version="1" changeset="21467432" timestamp="2014-04-02T22:29:48Z" user="Souchong" uid="255141" lat="-34.4489631" lon="-58.5142393"/>
 <node id="2762650159" visible="true" version="1" changeset="21467432" timestamp="2014-04-02T22:29:48Z" user="Souchong" uid="255141" lat="-34.4489712" lon="-58.5158385"/>
 <node id="2762650160" visible="true" version="1" changeset="21467432" timestamp="2014-04-02T22:29:48Z" user="Souchong" uid="255141" lat="-34.4489785" lon="-58.5137737"/>
 <node id="2762650161" visible="true" version="1" changeset="21467432" timestamp="2014-04-02T22:29:48Z" user="Souchong" uid="255141" lat="-34.4489822" lon="-58.5142899"/>
 <node id="2762650162" visible="true" version="1" changeset="21467432" timestamp="2014-04-02T22:29:48Z" user="Souchong" uid="255141" lat="-34.4489882" lon="-58.5140619"/>
 <node id="2762650165" visible="true" version="1" changeset="21467432" timestamp="2014-04-02T22:29:48Z" user="Souchong" uid="255141" lat="-34.4489896" lon="-58.5141429"/>
 <node id="2762650166" visible="true" version="1" changeset="21467432" timestamp="2014-04-02T22:29:48Z" user="Souchong" uid="255141" lat="-34.4489945" lon="-58.5141831"/>
 <node id="2762650167" visible="true" version="1" changeset="21467432" timestamp="2014-04-02T22:29:48Z" user="Souchong" uid="255141" lat="-34.4489950" lon="-58.5140297"/>
 <node id="2762650168" visible="true" version="1" changeset="21467432" timestamp="2014-04-02T22:29:48Z" user="Souchong" uid="255141" lat="-34.4489967" lon="-58.5143176"/>
 <node id="2762650171" visible="true" version="1" changeset="21467432" timestamp="2014-04-02T22:29:48Z" user="Souchong" uid="255141" lat="-34.4490013" lon="-58.5137608"/>
 <node id="2762650172" visible="true" version="1" changeset="21467432" timestamp="2014-04-02T22:29:48Z" user="Souchong" uid="255141" lat="-34.4490013" lon="-58.5139939"/>
 <node id="2762650173" visible="true" version="1" changeset="21467432" timestamp="2014-04-02T22:29:48Z" user="Souchong" uid="255141" lat="-34.4490027" lon="-58.5139657"/>
 <node id="2762650174" visible="true" version="1" changeset="21467432" timestamp="2014-04-02T22:29:48Z" user="Souchong" uid="255141" lat="-34.4490095" lon="-58.5139422"/>
 <node id="2762650177" visible="true" version="1" changeset="21467432" timestamp="2014-04-02T22:29:48Z" user="Souchong" uid="255141" lat="-34.4490099" lon="-58.5146293"/>
 <node id="2762650178" visible="true" version="1" changeset="21467432" timestamp="2014-04-02T22:29:48Z" user="Souchong" uid="255141" lat="-34.4490105" lon="-58.5142230"/>
 <node id="2762650179" visible="true" version="1" changeset="21467432" timestamp="2014-04-02T22:29:48Z" user="Souchong" uid="255141" lat="-34.4490204" lon="-58.5143657"/>
 <node id="2762650180" visible="true" version="1" changeset="21467432" timestamp="2014-04-02T22:29:48Z" user="Souchong" uid="255141" lat="-34.4490279" lon="-58.5142629"/>
 <node id="2762650183" visible="true" version="1" changeset="21467432" timestamp="2014-04-02T22:29:48Z" user="Souchong" uid="255141" lat="-34.4490288" lon="-58.5139170"/>
 <node id="2762650184" visible="true" version="1" changeset="21467432" timestamp="2014-04-02T22:29:48Z" user="Souchong" uid="255141" lat="-34.4490366" lon="-58.5137409"/>
 <node id="2762650185" visible="true" version="1" changeset="21467432" timestamp="2014-04-02T22:29:48Z" user="Souchong" uid="255141" lat="-34.4490383" lon="-58.5143921"/>
 <node id="2762650186" visible="true" version="1" changeset="21467432" timestamp="2014-04-02T22:29:48Z" user="Souchong" uid="255141" lat="-34.4490390" lon="-58.5151834"/>
 <node id="2762650188" visible="true" version="1" changeset="21467432" timestamp="2014-04-02T22:29:48Z" user="Souchong" uid="255141" lat="-34.4490448" lon="-58.5147117"/>
 <node id="2762650190" visible="true" version="1" changeset="21467432" timestamp="2014-04-02T22:29:48Z" user="Souchong" uid="255141" lat="-34.4490478" lon="-58.5142923"/>
 <node id="2762650191" visible="true" version="1" changeset="21467432" timestamp="2014-04-02T22:29:48Z" user="Souchong" uid="255141" lat="-34.4490661" lon="-58.5146693"/>
 <node id="2762650192" visible="true" version="1" changeset="21467432" timestamp="2014-04-02T22:29:48Z" user="Souchong" uid="255141" lat="-34.4490700" lon="-58.5147505"/>
 <node id="2762650194" visible="true" version="1" changeset="21467432" timestamp="2014-04-02T22:29:48Z" user="Souchong" uid="255141" lat="-34.4490720" lon="-58.5143169"/>
 <node id="2762650196" visible="true" version="1" changeset="21467432" timestamp="2014-04-02T22:29:48Z" user="Souchong" uid="255141" lat="-34.4490739" lon="-58.5138847"/>
 <node id="2762650197" visible="true" version="1" changeset="21467432" timestamp="2014-04-02T22:29:48Z" user="Souchong" uid="255141" lat="-34.4490753" lon="-58.5137186"/>
 <node id="2762650198" visible="true" version="1" changeset="21467432" timestamp="2014-04-02T22:29:49Z" user="Souchong" uid="255141" lat="-34.4490766" lon="-58.5144326"/>
 <node id="2762650200" visible="true" version="1" changeset="21467432" timestamp="2014-04-02T22:29:49Z" user="Souchong" uid="255141" lat="-34.4490913" lon="-58.5148033"/>
 <node id="2762650202" visible="true" version="1" changeset="21467432" timestamp="2014-04-02T22:29:49Z" user="Souchong" uid="255141" lat="-34.4490963" lon="-58.5148605"/>
 <node id="2762650203" visible="true" version="1" changeset="21467432" timestamp="2014-04-02T22:29:49Z" user="Souchong" uid="255141" lat="-34.4490976" lon="-58.5143357"/>
 <node id="2762650204" visible="true" version="1" changeset="21467432" timestamp="2014-04-02T22:29:49Z" user="Souchong" uid="255141" lat="-34.4491019" lon="-58.5138618"/>
 <node id="2762650206" visible="true" version="1" changeset="21467432" timestamp="2014-04-02T22:29:49Z" user="Souchong" uid="255141" lat="-34.4491104" lon="-58.5144602"/>
 <node id="2762650208" visible="true" version="1" changeset="21467432" timestamp="2014-04-02T22:29:49Z" user="Souchong" uid="255141" lat="-34.4491145" lon="-58.5147350"/>
 <node id="2762650209" visible="true" version="1" changeset="21467432" timestamp="2014-04-02T22:29:49Z" user="Souchong" uid="255141" lat="-34.4491155" lon="-58.5138448"/>
 <node id="2762650210" visible="true" version="3" changeset="161896735" timestamp="2025-01-29T13:04:57Z" user="MahaweliValley" uid="17834724" lat="-34.4494989" lon="-58.5167159"/>
 <node id="2762650212" visible="true" version="1" changeset="21467432" timestamp="2014-04-02T22:29:49Z" user="Souchong" uid="255141" lat="-34.4491203" lon="-58.5137925"/>
 <node id="2762650213" visible="true" version="1" changeset="21467432" timestamp="2014-04-02T22:29:49Z" user="Souchong" uid="255141" lat="-34.4491203" lon="-58.5149674"/>
 <node id="2762650215" visible="true" version="1" changeset="21467432" timestamp="2014-04-02T22:29:49Z" user="Souchong" uid="255141" lat="-34.4491213" lon="-58.5136851"/>
 <node id="2762650216" visible="true" version="1" changeset="21467432" timestamp="2014-04-02T22:29:49Z" user="Souchong" uid="255141" lat="-34.4491218" lon="-58.5138201"/>
 <node id="2762650218" visible="true" version="1" changeset="21467432" timestamp="2014-04-02T22:29:49Z" user="Souchong" uid="255141" lat="-34.4491252" lon="-58.5137831"/>
 <node id="2762650219" visible="true" version="1" changeset="21467432" timestamp="2014-04-02T22:29:49Z" user="Souchong" uid="255141" lat="-34.4491319" lon="-58.5148125"/>
 <node id="2762650221" visible="true" version="1" changeset="21467432" timestamp="2014-04-02T22:29:49Z" user="Souchong" uid="255141" lat="-34.4491344" lon="-58.5137790"/>
 <node id="2762650222" visible="true" version="1" changeset="21467432" timestamp="2014-04-02T22:29:49Z" user="Souchong" uid="255141" lat="-34.4491351" lon="-58.5144760"/>
 <node id="2762650224" visible="true" version="1" changeset="21467432" timestamp="2014-04-02T22:29:49Z" user="Souchong" uid="255141" lat="-34.4491363" lon="-58.5143551"/>
 <node id="2762650225" visible="true" version="1" changeset="21467432" timestamp="2014-04-02T22:29:49Z" user="Souchong" uid="255141" lat="-34.4491377" lon="-58.5148782"/>
 <node id="2762650226" visible="true" version="1" changeset="21467432" timestamp="2014-04-02T22:29:49Z" user="Souchong" uid="255141" lat="-34.4491445" lon="-58.5137802"/>
 <node id="2762650228" visible="true" version="1" changeset="21467432" timestamp="2014-04-02T22:29:49Z" user="Souchong" uid="255141" lat="-34.4491450" lon="-58.5136622"/>
 <node id="2762650230" visible="true" version="1" changeset="21467432" timestamp="2014-04-02T22:29:49Z" user="Souchong" uid="255141" lat="-34.4491557" lon="-58.5137761"/>
 <node id="2762650231" visible="true" version="1" changeset="21467432" timestamp="2014-04-02T22:29:49Z" user="Souchong" uid="255141" lat="-34.4491564" lon="-58.5144925"/>
 <node id="2762650232" visible="true" version="1" changeset="21467432" timestamp="2014-04-02T22:29:49Z" user="Souchong" uid="255141" lat="-34.4491620" lon="-58.5137679"/>
 <node id="2762650234" visible="true" version="1" changeset="21467432" timestamp="2014-04-02T22:29:49Z" user="Souchong" uid="255141" lat="-34.4491634" lon="-58.5136464"/>
 <node id="2762650236" visible="true" version="1" changeset="21467432" timestamp="2014-04-02T22:29:49Z" user="Souchong" uid="255141" lat="-34.4491634" lon="-58.5137526"/>
 <node id="2762650237" visible="true" version="1" changeset="21467432" timestamp="2014-04-02T22:29:49Z" user="Souchong" uid="255141" lat="-34.4491663" lon="-58.5143609"/>
 <node id="2762650238" visible="true" version="1" changeset="21467432" timestamp="2014-04-02T22:29:49Z" user="Souchong" uid="255141" lat="-34.4491777" lon="-58.5144995"/>
 <node id="2762650239" visible="true" version="1" changeset="21467432" timestamp="2014-04-02T22:29:49Z" user="Souchong" uid="255141" lat="-34.4491813" lon="-58.5137332"/>
 <node id="2762650242" visible="true" version="1" changeset="21467432" timestamp="2014-04-02T22:29:49Z" user="Souchong" uid="255141" lat="-34.4491891" lon="-58.5135977"/>
 <node id="2762650243" visible="true" version="1" changeset="21467432" timestamp="2014-04-02T22:29:49Z" user="Souchong" uid="255141" lat="-34.4491932" lon="-58.5145066"/>
 <node id="2762650244" visible="true" version="1" changeset="21467432" timestamp="2014-04-02T22:29:49Z" user="Souchong" uid="255141" lat="-34.4491951" lon="-58.5145782"/>
 <node id="2762650245" visible="true" version="1" changeset="21467432" timestamp="2014-04-02T22:29:49Z" user="Souchong" uid="255141" lat="-34.4491971" lon="-58.5145565"/>
 <node id="2762650247" visible="true" version="1" changeset="21467432" timestamp="2014-04-02T22:29:49Z" user="Souchong" uid="255141" lat="-34.4492005" lon="-58.5145160"/>
 <node id="2762650249" visible="true" version="1" changeset="21467432" timestamp="2014-04-02T22:29:49Z" user="Souchong" uid="255141" lat="-34.4492014" lon="-58.5145430"/>
 <node id="2762650250" visible="true" version="1" changeset="21467432" timestamp="2014-04-02T22:29:49Z" user="Souchong" uid="255141" lat="-34.4492024" lon="-58.5146122"/>
 <node id="2762650251" visible="true" version="1" changeset="21467432" timestamp="2014-04-02T22:29:49Z" user="Souchong" uid="255141" lat="-34.4492039" lon="-58.5145242"/>
 <node id="2762650253" visible="true" version="1" changeset="21467432" timestamp="2014-04-02T22:29:49Z" user="Souchong" uid="255141" lat="-34.4492041" lon="-58.5135924"/>
 <node id="2762650255" visible="true" version="1" changeset="21467432" timestamp="2014-04-02T22:29:49Z" user="Souchong" uid="255141" lat="-34.4492055" lon="-58.5143621"/>
 <node id="2762650256" visible="true" version="1" changeset="21467432" timestamp="2014-04-02T22:29:49Z" user="Souchong" uid="255141" lat="-34.4492060" lon="-58.5136933"/>
 <node id="2762650257" visible="true" version="1" changeset="21467432" timestamp="2014-04-02T22:29:49Z" user="Souchong" uid="255141" lat="-34.4492140" lon="-58.5146410"/>
 <node id="2762650259" visible="true" version="1" changeset="21467432" timestamp="2014-04-02T22:29:49Z" user="Souchong" uid="255141" lat="-34.4492210" lon="-58.5136681"/>
 <node id="2762650261" visible="true" version="1" changeset="21467432" timestamp="2014-04-02T22:29:49Z" user="Souchong" uid="255141" lat="-34.4492239" lon="-58.5136047"/>
 <node id="2762650262" visible="true" version="1" changeset="21467432" timestamp="2014-04-02T22:29:49Z" user="Souchong" uid="255141" lat="-34.4492297" lon="-58.5136082"/>
 <node id="2762650263" visible="true" version="1" changeset="21467432" timestamp="2014-04-02T22:29:49Z" user="Souchong" uid="255141" lat="-34.4492324" lon="-58.5146686"/>
 <node id="2762650265" visible="true" version="1" changeset="21467432" timestamp="2014-04-02T22:29:49Z" user="Souchong" uid="255141" lat="-34.4492399" lon="-58.5136446"/>
 <node id="2762650267" visible="true" version="1" changeset="21467432" timestamp="2014-04-02T22:29:49Z" user="Souchong" uid="255141" lat="-34.4492408" lon="-58.5136188"/>
 <node id="2762650268" visible="true" version="1" changeset="21467432" timestamp="2014-04-02T22:29:49Z" user="Souchong" uid="255141" lat="-34.4492448" lon="-58.5143615"/>
 <node id="2762650269" visible="true" version="1" changeset="21467432" timestamp="2014-04-02T22:29:49Z" user="Souchong" uid="255141" lat="-34.4492457" lon="-58.5136288"/>
 <node id="2762650271" visible="true" version="1" changeset="21467432" timestamp="2014-04-02T22:29:49Z" user="Souchong" uid="255141" lat="-34.4492494" lon="-58.5146862"/>
 <node id="2762650273" visible="true" version="1" changeset="21467432" timestamp="2014-04-02T22:29:49Z" user="Souchong" uid="255141" lat="-34.4492629" lon="-58.5146134"/>
 <node id="2762650274" visible="true" version="1" changeset="21467432" timestamp="2014-04-02T22:29:49Z" user="Souchong" uid="255141" lat="-34.4492634" lon="-58.5145929"/>
 <node id="2762650275" visible="true" version="1" changeset="21467432" timestamp="2014-04-02T22:29:49Z" user="Souchong" uid="255141" lat="-34.4492678" lon="-58.5146874"/>
 <node id="2762650277" visible="true" version="1" changeset="21467432" timestamp="2014-04-02T22:29:49Z" user="Souchong" uid="255141" lat="-34.4492702" lon="-58.5146445"/>
 <node id="2762650279" visible="true" version="1" changeset="21467432" timestamp="2014-04-02T22:29:49Z" user="Souchong" uid="255141" lat="-34.4492731" lon="-58.5145788"/>
 <node id="2762650280" visible="true" version="1" changeset="21467432" timestamp="2014-04-02T22:29:50Z" user="Souchong" uid="255141" lat="-34.4492769" lon="-58.5146574"/>
 <node id="2762650281" visible="true" version="1" changeset="21467432" timestamp="2014-04-02T22:29:50Z" user="Souchong" uid="255141" lat="-34.4492842" lon="-58.5146891"/>
 <node id="2762650283" visible="true" version="1" changeset="21467432" timestamp="2014-04-02T22:29:50Z" user="Souchong" uid="255141" lat="-34.4492859" lon="-58.5143515"/>
 <node id="2762650285" visible="true" version="1" changeset="21467432" timestamp="2014-04-02T22:29:50Z" user="Souchong" uid="255141" lat="-34.4492861" lon="-58.5146627"/>
 <node id="2762650286" visible="true" version="1" changeset="21467432" timestamp="2014-04-02T22:29:50Z" user="Souchong" uid="255141" lat="-34.4492881" lon="-58.5145682"/>
 <node id="2762650287" visible="true" version="1" changeset="21467432" timestamp="2014-04-02T22:29:50Z" user="Souchong" uid="255141" lat="-34.4492939" lon="-58.5146885"/>
 <node id="2762650289" visible="true" version="1" changeset="21467432" timestamp="2014-04-02T22:29:50Z" user="Souchong" uid="255141" lat="-34.4492997" lon="-58.5146680"/>
 <node id="2762650291" visible="true" version="1" changeset="21467432" timestamp="2014-04-02T22:29:50Z" user="Souchong" uid="255141" lat="-34.4493007" lon="-58.5146838"/>
 <node id="2762650292" visible="true" version="1" changeset="21467432" timestamp="2014-04-02T22:29:50Z" user="Souchong" uid="255141" lat="-34.4493016" lon="-58.5145612"/>
 <node id="2762650293" visible="true" version="1" changeset="21467432" timestamp="2014-04-02T22:29:50Z" user="Souchong" uid="255141" lat="-34.4493026" lon="-58.5146768"/>
 <node id="2762650294" visible="true" version="1" changeset="21467432" timestamp="2014-04-02T22:29:50Z" user="Souchong" uid="255141" lat="-34.4493232" lon="-58.5143357"/>
 <node id="2762650296" visible="true" version="1" changeset="21467432" timestamp="2014-04-02T22:29:50Z" user="Souchong" uid="255141" lat="-34.4493254" lon="-58.5145606"/>
 <node id="2762650297" visible="true" version="1" changeset="21467432" timestamp="2014-04-02T22:29:50Z" user="Souchong" uid="255141" lat="-34.4493430" lon="-58.5143234"/>
 <node id="2762650298" visible="true" version="1" changeset="21467432" timestamp="2014-04-02T22:29:50Z" user="Souchong" uid="255141" lat="-34.4493505" lon="-58.5147056"/>
 <node id="2762650301" visible="true" version="1" changeset="21467432" timestamp="2014-04-02T22:29:50Z" user="Souchong" uid="255141" lat="-34.4493520" lon="-58.5145641"/>
 <node id="2762650303" visible="true" version="1" changeset="21467432" timestamp="2014-04-02T22:29:50Z" user="Souchong" uid="255141" lat="-34.4493520" lon="-58.5147126"/>
 <node id="2762650305" visible="true" version="1" changeset="21467432" timestamp="2014-04-02T22:29:50Z" user="Souchong" uid="255141" lat="-34.4493558" lon="-58.5147237"/>
 <node id="2762650306" visible="true" version="1" changeset="21467432" timestamp="2014-04-02T22:29:50Z" user="Souchong" uid="255141" lat="-34.4493597" lon="-58.5147003"/>
 <node id="2762650308" visible="true" version="1" changeset="21467432" timestamp="2014-04-02T22:29:50Z" user="Souchong" uid="255141" lat="-34.4493619" lon="-58.5143063"/>
 <node id="2762650310" visible="true" version="1" changeset="21467432" timestamp="2014-04-02T22:29:50Z" user="Souchong" uid="255141" lat="-34.4493650" lon="-58.5147349"/>
 <node id="2762650312" visible="true" version="1" changeset="21467432" timestamp="2014-04-02T22:29:50Z" user="Souchong" uid="255141" lat="-34.4493747" lon="-58.5145664"/>
 <node id="2762650313" visible="true" version="1" changeset="21467432" timestamp="2014-04-02T22:29:50Z" user="Souchong" uid="255141" lat="-34.4493771" lon="-58.5147455"/>
 <node id="2762650314" visible="true" version="1" changeset="21467432" timestamp="2014-04-02T22:29:50Z" user="Souchong" uid="255141" lat="-34.4493796" lon="-58.5146985"/>
 <node id="2762650316" visible="true" version="1" changeset="21467432" timestamp="2014-04-02T22:29:50Z" user="Souchong" uid="255141" lat="-34.4493851" lon="-58.5142782"/>
 <node id="2762650318" visible="true" version="1" changeset="21467432" timestamp="2014-04-02T22:29:50Z" user="Souchong" uid="255141" lat="-34.4493946" lon="-58.5145729"/>
 <node id="2762650319" visible="true" version="1" changeset="21467432" timestamp="2014-04-02T22:29:50Z" user="Souchong" uid="255141" lat="-34.4494042" lon="-58.5147496"/>
 <node id="2762650320" visible="true" version="1" changeset="21467432" timestamp="2014-04-02T22:29:50Z" user="Souchong" uid="255141" lat="-34.4494074" lon="-58.5142300"/>
 <node id="2762650322" visible="true" version="1" changeset="21467432" timestamp="2014-04-02T22:29:50Z" user="Souchong" uid="255141" lat="-34.4494096" lon="-58.5147038"/>
 <node id="2762650324" visible="true" version="1" changeset="21467432" timestamp="2014-04-02T22:29:50Z" user="Souchong" uid="255141" lat="-34.4494149" lon="-58.5145729"/>
 <node id="2762650325" visible="true" version="1" changeset="21467432" timestamp="2014-04-02T22:29:50Z" user="Souchong" uid="255141" lat="-34.4494263" lon="-58.5141925"/>
 <node id="2762650326" visible="true" version="1" changeset="21467432" timestamp="2014-04-02T22:29:50Z" user="Souchong" uid="255141" lat="-34.4494309" lon="-58.5145717"/>
 <node id="2762650328" visible="true" version="1" changeset="21467432" timestamp="2014-04-02T22:29:50Z" user="Souchong" uid="255141" lat="-34.4494401" lon="-58.5147061"/>
 <node id="2762650330" visible="true" version="1" changeset="21467432" timestamp="2014-04-02T22:29:50Z" user="Souchong" uid="255141" lat="-34.4494454" lon="-58.5145782"/>
 <node id="2762650331" visible="true" version="1" changeset="21467432" timestamp="2014-04-02T22:29:50Z" user="Souchong" uid="255141" lat="-34.4494456" lon="-58.5141702"/>
 <node id="2762650332" visible="true" version="1" changeset="21467432" timestamp="2014-04-02T22:29:50Z" user="Souchong" uid="255141" lat="-34.4494560" lon="-58.5147490"/>
 <node id="2762650334" visible="true" version="1" changeset="21467432" timestamp="2014-04-02T22:29:50Z" user="Souchong" uid="255141" lat="-34.4494626" lon="-58.5141620"/>
 <node id="2762650336" visible="true" version="1" changeset="21467432" timestamp="2014-04-02T22:29:50Z" user="Souchong" uid="255141" lat="-34.4494633" lon="-58.5147032"/>
 <node id="2762650337" visible="true" version="1" changeset="21467432" timestamp="2014-04-02T22:29:50Z" user="Souchong" uid="255141" lat="-34.4494691" lon="-58.5145958"/>
 <node id="2762650338" visible="true" version="1" changeset="21467432" timestamp="2014-04-02T22:29:50Z" user="Souchong" uid="255141" lat="-34.4494725" lon="-58.5147449"/>
 <node id="2762650340" visible="true" version="1" changeset="21467432" timestamp="2014-04-02T22:29:50Z" user="Souchong" uid="255141" lat="-34.4494795" lon="-58.5141608"/>
 <node id="2762650342" visible="true" version="1" changeset="21467432" timestamp="2014-04-02T22:29:50Z" user="Souchong" uid="255141" lat="-34.4494865" lon="-58.5146956"/>
 <node id="2762650343" visible="true" version="1" changeset="21467432" timestamp="2014-04-02T22:29:50Z" user="Souchong" uid="255141" lat="-34.4494928" lon="-58.5146134"/>
 <node id="2762650344" visible="true" version="1" changeset="21467432" timestamp="2014-04-02T22:29:50Z" user="Souchong" uid="255141" lat="-34.4494981" lon="-58.5147237"/>
 <node id="2762650346" visible="true" version="1" changeset="21467432" timestamp="2014-04-02T22:29:50Z" user="Souchong" uid="255141" lat="-34.4494989" lon="-58.5141661"/>
 <node id="2762650347" visible="true" version="1" changeset="21467432" timestamp="2014-04-02T22:29:50Z" user="Souchong" uid="255141" lat="-34.4495035" lon="-58.5146791"/>
 <node id="2762650348" visible="true" version="1" changeset="21467432" timestamp="2014-04-02T22:29:50Z" user="Souchong" uid="255141" lat="-34.4495073" lon="-58.5147179"/>
 <node id="2762650349" visible="true" version="1" changeset="21467432" timestamp="2014-04-02T22:29:51Z" user="Souchong" uid="255141" lat="-34.4495083" lon="-58.5146351"/>
 <node id="2762650351" visible="true" version="1" changeset="21467432" timestamp="2014-04-02T22:29:51Z" user="Souchong" uid="255141" lat="-34.4495112" lon="-58.5146645"/>
 <node id="2762650352" visible="true" version="1" changeset="21467432" timestamp="2014-04-02T22:29:51Z" user="Souchong" uid="255141" lat="-34.4495127" lon="-58.5146510"/>
 <node id="2762650353" visible="true" version="1" changeset="21467432" timestamp="2014-04-02T22:29:51Z" user="Souchong" uid="255141" lat="-34.4495156" lon="-58.5147220"/>
 <node id="2762650355" visible="true" version="1" changeset="21467432" timestamp="2014-04-02T22:29:51Z" user="Souchong" uid="255141" lat="-34.4495177" lon="-58.5141772"/>
 <node id="2762650357" visible="true" version="1" changeset="21467432" timestamp="2014-04-02T22:29:51Z" user="Souchong" uid="255141" lat="-34.4495277" lon="-58.5147314"/>
 <node id="2762650358" visible="true" version="1" changeset="21467432" timestamp="2014-04-02T22:29:51Z" user="Souchong" uid="255141" lat="-34.4495364" lon="-58.5146962"/>
 <node id="2762650359" visible="true" version="1" changeset="21467432" timestamp="2014-04-02T22:29:51Z" user="Souchong" uid="255141" lat="-34.4495383" lon="-58.5147355"/>
 <node id="2762650361" visible="true" version="1" changeset="21467432" timestamp="2014-04-02T22:29:51Z" user="Souchong" uid="255141" lat="-34.4495398" lon="-58.5146850"/>
 <node id="2762650363" visible="true" version="1" changeset="21467432" timestamp="2014-04-02T22:29:51Z" user="Souchong" uid="255141" lat="-34.4495407" lon="-58.5147056"/>
 <node id="2762650364" visible="true" version="1" changeset="21467432" timestamp="2014-04-02T22:29:51Z" user="Souchong" uid="255141" lat="-34.4495413" lon="-58.5132189"/>
 <node id="2762650365" visible="true" version="1" changeset="21467432" timestamp="2014-04-02T22:29:51Z" user="Souchong" uid="255141" lat="-34.4495461" lon="-58.5147308"/>
 <node id="2762650367" visible="true" version="1" changeset="21467432" timestamp="2014-04-02T22:29:51Z" user="Souchong" uid="255141" lat="-34.4495467" lon="-58.5131901"/>
 <node id="2762650369" visible="true" version="1" changeset="21467432" timestamp="2014-04-02T22:29:51Z" user="Souchong" uid="255141" lat="-34.4495485" lon="-58.5147179"/>
 <node id="2762650370" visible="true" version="1" changeset="21467432" timestamp="2014-04-02T22:29:51Z" user="Souchong" uid="255141" lat="-34.4495510" lon="-58.5132271"/>
 <node id="2762650371" visible="true" version="1" changeset="21467432" timestamp="2014-04-02T22:29:51Z" user="Souchong" uid="255141" lat="-34.4495516" lon="-58.5142013"/>
 <node id="2762650372" visible="true" version="1" changeset="21467432" timestamp="2014-04-02T22:29:51Z" user="Souchong" uid="255141" lat="-34.4495590" lon="-58.5146655"/>
 <node id="2762650374" visible="true" version="1" changeset="21467432" timestamp="2014-04-02T22:29:51Z" user="Souchong" uid="255141" lat="-34.4495598" lon="-58.5083230"/>
 <node id="2762650376" visible="true" version="1" changeset="21467432" timestamp="2014-04-02T22:29:51Z" user="Souchong" uid="255141" lat="-34.4495670" lon="-58.5132359"/>
 <node id="2762650377" visible="true" version="1" changeset="21467432" timestamp="2014-04-02T22:29:51Z" user="Souchong" uid="255141" lat="-34.4495750" lon="-58.5146561"/>
 <node id="2762650378" visible="true" version="1" changeset="21467432" timestamp="2014-04-02T22:29:51Z" user="Souchong" uid="255141" lat="-34.4495767" lon="-58.5130880"/>
 <node id="2762650380" visible="true" version="1" changeset="21467432" timestamp="2014-04-02T22:29:51Z" user="Souchong" uid="255141" lat="-34.4495772" lon="-58.5132294"/>
 <node id="2762650382" visible="true" version="1" changeset="21467432" timestamp="2014-04-02T22:29:51Z" user="Souchong" uid="255141" lat="-34.4495791" lon="-58.5159958"/>
 <node id="2762650383" visible="true" version="1" changeset="21467432" timestamp="2014-04-02T22:29:51Z" user="Souchong" uid="255141" lat="-34.4495841" lon="-58.5142306"/>
 <node id="2762650384" visible="true" version="1" changeset="21467432" timestamp="2014-04-02T22:29:51Z" user="Souchong" uid="255141" lat="-34.4495944" lon="-58.5146520"/>
 <node id="2762650386" visible="true" version="1" changeset="21467432" timestamp="2014-04-02T22:29:51Z" user="Souchong" uid="255141" lat="-34.4495965" lon="-58.5130146"/>
 <node id="2762650388" visible="true" version="1" changeset="21467432" timestamp="2014-04-02T22:29:51Z" user="Souchong" uid="255141" lat="-34.4496009" lon="-58.5129671"/>
 <node id="2762650389" visible="true" version="1" changeset="21467432" timestamp="2014-04-02T22:29:51Z" user="Souchong" uid="255141" lat="-34.4496018" lon="-58.5131784"/>
 <node id="2762650390" visible="true" version="1" changeset="21467432" timestamp="2014-04-02T22:29:51Z" user="Souchong" uid="255141" lat="-34.4496023" lon="-58.5129019"/>
 <node id="2762650392" visible="true" version="1" changeset="21467432" timestamp="2014-04-02T22:29:51Z" user="Souchong" uid="255141" lat="-34.4496023" lon="-58.5129242"/>
 <node id="2762650393" visible="true" version="1" changeset="21467432" timestamp="2014-04-02T22:29:51Z" user="Souchong" uid="255141" lat="-34.4496092" lon="-58.5142600"/>
 <node id="2762650395" visible="true" version="1" changeset="21467432" timestamp="2014-04-02T22:29:51Z" user="Souchong" uid="255141" lat="-34.4496094" lon="-58.5146537"/>
 <node id="2762650396" visible="true" version="1" changeset="21467432" timestamp="2014-04-02T22:29:51Z" user="Souchong" uid="255141" lat="-34.4496120" lon="-58.5128773"/>
 <node id="2762650398" visible="true" version="1" changeset="21467432" timestamp="2014-04-02T22:29:51Z" user="Souchong" uid="255141" lat="-34.4496224" lon="-58.5160510"/>
 <node id="2762650399" visible="true" version="1" changeset="21467432" timestamp="2014-04-02T22:29:51Z" user="Souchong" uid="255141" lat="-34.4496227" lon="-58.5128567"/>
 <node id="2762650400" visible="true" version="1" changeset="21467432" timestamp="2014-04-02T22:29:51Z" user="Souchong" uid="255141" lat="-34.4496276" lon="-58.5142835"/>
 <node id="2762650402" visible="true" version="1" changeset="21467432" timestamp="2014-04-02T22:29:51Z" user="Souchong" uid="255141" lat="-34.4496312" lon="-58.5146631"/>
 <node id="2762650404" visible="true" version="1" changeset="21467432" timestamp="2014-04-02T22:29:51Z" user="Souchong" uid="255141" lat="-34.4496318" lon="-58.5131308"/>
 <node id="2762650405" visible="true" version="1" changeset="21467432" timestamp="2014-04-02T22:29:51Z" user="Souchong" uid="255141" lat="-34.4496375" lon="-58.5145692"/>
 <node id="2762650406" visible="true" version="1" changeset="21467432" timestamp="2014-04-02T22:29:51Z" user="Souchong" uid="255141" lat="-34.4496404" lon="-58.5145915"/>
 <node id="2762650407" visible="true" version="1" changeset="21467432" timestamp="2014-04-02T22:29:51Z" user="Souchong" uid="255141" lat="-34.4496417" lon="-58.5143099"/>
 <node id="2762650408" visible="true" version="1" changeset="21467432" timestamp="2014-04-02T22:29:51Z" user="Souchong" uid="255141" lat="-34.4496421" lon="-58.5145511"/>
 <node id="2762650410" visible="true" version="1" changeset="21467432" timestamp="2014-04-02T22:29:51Z" user="Souchong" uid="255141" lat="-34.4496479" lon="-58.5143351"/>
 <node id="2762650411" visible="true" version="1" changeset="21467432" timestamp="2014-04-02T22:29:51Z" user="Souchong" uid="255141" lat="-34.4496500" lon="-58.5146121"/>
 <node id="2762650412" visible="true" version="1" changeset="21467432" timestamp="2014-04-02T22:29:51Z" user="Souchong" uid="255141" lat="-34.4496547" lon="-58.5145235"/>
 <node id="2762650413" visible="true" version="1" changeset="21467432" timestamp="2014-04-02T22:29:51Z" user="Souchong" uid="255141" lat="-34.4496570" lon="-58.5128280"/>
 <node id="2762650416" visible="true" version="1" changeset="21467432" timestamp="2014-04-02T22:29:51Z" user="Souchong" uid="255141" lat="-34.4496576" lon="-58.5143809"/>
 <node id="2762650417" visible="true" version="1" changeset="21467432" timestamp="2014-04-02T22:29:51Z" user="Souchong" uid="255141" lat="-34.4496576" lon="-58.5144308"/>
 <node id="2762650418" visible="true" version="1" changeset="21467432" timestamp="2014-04-02T22:29:51Z" user="Souchong" uid="255141" lat="-34.4496581" lon="-58.5144860"/>
 <node id="2762650419" visible="true" version="1" changeset="21467432" timestamp="2014-04-02T22:29:51Z" user="Souchong" uid="255141" lat="-34.4496604" lon="-58.5130733"/>
 <node id="2762650421" visible="true" version="1" changeset="21467432" timestamp="2014-04-02T22:29:51Z" user="Souchong" uid="255141" lat="-34.4496617" lon="-58.5146807"/>
 <node id="2762650423" visible="true" version="1" changeset="21467432" timestamp="2014-04-02T22:29:51Z" user="Souchong" uid="255141" lat="-34.4496621" lon="-58.5146291"/>
 <node id="2762650424" visible="true" version="1" changeset="21467432" timestamp="2014-04-02T22:29:51Z" user="Souchong" uid="255141" lat="-34.4496738" lon="-58.5146373"/>
 <node id="2762650425" visible="true" version="1" changeset="21467432" timestamp="2014-04-02T22:29:51Z" user="Souchong" uid="255141" lat="-34.4496744" lon="-58.5130293"/>
 <node id="2762650427" visible="true" version="1" changeset="21467432" timestamp="2014-04-02T22:29:51Z" user="Souchong" uid="255141" lat="-34.4496759" lon="-58.5128104"/>
 <node id="2762650429" visible="true" version="1" changeset="21467432" timestamp="2014-04-02T22:29:52Z" user="Souchong" uid="255141" lat="-34.4496807" lon="-58.5129630"/>
 <node id="2762650430" visible="true" version="1" changeset="21467432" timestamp="2014-04-02T22:29:52Z" user="Souchong" uid="255141" lat="-34.4496807" lon="-58.5129964"/>
 <node id="2762650431" visible="true" version="1" changeset="21467432" timestamp="2014-04-02T22:29:52Z" user="Souchong" uid="255141" lat="-34.4496870" lon="-58.5129178"/>
 <node id="2762650433" visible="true" version="1" changeset="21467432" timestamp="2014-04-02T22:29:52Z" user="Souchong" uid="255141" lat="-34.4496899" lon="-58.5127792"/>
 <node id="2762650434" visible="true" version="1" changeset="21467432" timestamp="2014-04-02T22:29:52Z" user="Souchong" uid="255141" lat="-34.4496912" lon="-58.5146925"/>
 <node id="2762650436" visible="true" version="1" changeset="21467432" timestamp="2014-04-02T22:29:52Z" user="Souchong" uid="255141" lat="-34.4496982" lon="-58.5128743"/>
 <node id="2762650438" visible="true" version="1" changeset="21467432" timestamp="2014-04-02T22:29:52Z" user="Souchong" uid="255141" lat="-34.4497009" lon="-58.5146438"/>
 <node id="2762650439" visible="true" version="1" changeset="21467432" timestamp="2014-04-02T22:29:52Z" user="Souchong" uid="255141" lat="-34.4497011" lon="-58.5127499"/>
 <node id="2762650440" visible="true" version="1" changeset="21467432" timestamp="2014-04-02T22:29:52Z" user="Souchong" uid="255141" lat="-34.4497047" lon="-58.5146936"/>
 <node id="2762650442" visible="true" version="1" changeset="21467432" timestamp="2014-04-02T22:29:52Z" user="Souchong" uid="255141" lat="-34.4497098" lon="-58.5127299"/>
 <node id="2762650444" visible="true" version="1" changeset="21467432" timestamp="2014-04-02T22:29:52Z" user="Souchong" uid="255141" lat="-34.4497161" lon="-58.5127082"/>
 <node id="2762650445" visible="true" version="1" changeset="21467432" timestamp="2014-04-02T22:29:52Z" user="Souchong" uid="255141" lat="-34.4497168" lon="-58.5146878"/>
 <node id="2762650446" visible="true" version="1" changeset="21467432" timestamp="2014-04-02T22:29:52Z" user="Souchong" uid="255141" lat="-34.4497178" lon="-58.5146496"/>
 <node id="2762650448" visible="true" version="1" changeset="21467432" timestamp="2014-04-02T22:29:52Z" user="Souchong" uid="255141" lat="-34.4497190" lon="-58.5128268"/>
 <node id="2762650450" visible="true" version="1" changeset="21467432" timestamp="2014-04-02T22:29:52Z" user="Souchong" uid="255141" lat="-34.4497217" lon="-58.5146778"/>
 <node id="2762650451" visible="true" version="1" changeset="21467432" timestamp="2014-04-02T22:29:52Z" user="Souchong" uid="255141" lat="-34.4497226" lon="-58.5146643"/>
 <node id="2762650452" visible="true" version="1" changeset="21467432" timestamp="2014-04-02T22:29:52Z" user="Souchong" uid="255141" lat="-34.4497287" lon="-58.5126830"/>
 <node id="2762650454" visible="true" version="1" changeset="21467432" timestamp="2014-04-02T22:29:52Z" user="Souchong" uid="255141" lat="-34.4497306" lon="-58.5127787"/>
 <node id="2762650456" visible="true" version="1" changeset="21467432" timestamp="2014-04-02T22:29:52Z" user="Souchong" uid="255141" lat="-34.4497408" lon="-58.5126654"/>
 <node id="2762650457" visible="true" version="1" changeset="21467432" timestamp="2014-04-02T22:29:52Z" user="Souchong" uid="255141" lat="-34.4497417" lon="-58.5127387"/>
 <node id="2762650458" visible="true" version="1" changeset="21467432" timestamp="2014-04-02T22:29:52Z" user="Souchong" uid="255141" lat="-34.4497461" lon="-58.5126454"/>
 <node id="2762650460" visible="true" version="1" changeset="21467432" timestamp="2014-04-02T22:29:52Z" user="Souchong" uid="255141" lat="-34.4497533" lon="-58.5127112"/>
 <node id="2762650462" visible="true" version="1" changeset="21467432" timestamp="2014-04-02T22:29:52Z" user="Souchong" uid="255141" lat="-34.4497538" lon="-58.5126313"/>
 <node id="2762650463" visible="true" version="1" changeset="21467432" timestamp="2014-04-02T22:29:52Z" user="Souchong" uid="255141" lat="-34.4497684" lon="-58.5146533"/>
 <node id="2762650464" visible="true" version="1" changeset="21467432" timestamp="2014-04-02T22:29:52Z" user="Souchong" uid="255141" lat="-34.4497689" lon="-58.5146627"/>
 <node id="2762650466" visible="true" version="1" changeset="21467432" timestamp="2014-04-02T22:29:52Z" user="Souchong" uid="255141" lat="-34.4497708" lon="-58.5146410"/>
 <node id="2762650468" visible="true" version="1" changeset="21467432" timestamp="2014-04-02T22:29:52Z" user="Souchong" uid="255141" lat="-34.4497713" lon="-58.5146774"/>
 <node id="2762650469" visible="true" version="1" changeset="21467432" timestamp="2014-04-02T22:29:52Z" user="Souchong" uid="255141" lat="-34.4497717" lon="-58.5126102"/>
 <node id="2762650470" visible="true" version="1" changeset="21467432" timestamp="2014-04-02T22:29:52Z" user="Souchong" uid="255141" lat="-34.4497722" lon="-58.5126830"/>
 <node id="2762650475" visible="true" version="1" changeset="21467432" timestamp="2014-04-02T22:29:52Z" user="Souchong" uid="255141" lat="-34.4497786" lon="-58.5146838"/>
 <node id="2762650477" visible="true" version="1" changeset="21467432" timestamp="2014-04-02T22:29:52Z" user="Souchong" uid="255141" lat="-34.4497800" lon="-58.5125873"/>
 <node id="2762650479" visible="true" version="1" changeset="21467432" timestamp="2014-04-02T22:29:52Z" user="Souchong" uid="255141" lat="-34.4497814" lon="-58.5125615"/>
 <node id="2762650480" visible="true" version="1" changeset="21467432" timestamp="2014-04-02T22:29:52Z" user="Souchong" uid="255141" lat="-34.4497815" lon="-58.5146316"/>
 <node id="2762650481" visible="true" version="1" changeset="21467432" timestamp="2014-04-02T22:29:52Z" user="Souchong" uid="255141" lat="-34.4497848" lon="-58.5125497"/>
 <node id="2762650483" visible="true" version="1" changeset="21467432" timestamp="2014-04-02T22:29:52Z" user="Souchong" uid="255141" lat="-34.4497897" lon="-58.5146833"/>
 <node id="2762650485" visible="true" version="1" changeset="21467432" timestamp="2014-04-02T22:29:52Z" user="Souchong" uid="255141" lat="-34.4497960" lon="-58.5077266"/>
 <node id="2762650486" visible="true" version="1" changeset="21467432" timestamp="2014-04-02T22:29:52Z" user="Souchong" uid="255141" lat="-34.4497988" lon="-58.5126542"/>
 <node id="2762650488" visible="true" version="1" changeset="21467432" timestamp="2014-04-02T22:29:52Z" user="Souchong" uid="255141" lat="-34.4498008" lon="-58.5146750"/>
 <node id="2762650489" visible="true" version="1" changeset="21467432" timestamp="2014-04-02T22:29:52Z" user="Souchong" uid="255141" lat="-34.4498028" lon="-58.5146228"/>
 <node id="2762650491" visible="true" version="1" changeset="21467432" timestamp="2014-04-02T22:29:52Z" user="Souchong" uid="255141" lat="-34.4498071" lon="-58.5125298"/>
 <node id="2762650492" visible="true" version="1" changeset="21467432" timestamp="2014-04-02T22:29:52Z" user="Souchong" uid="255141" lat="-34.4498129" lon="-58.5146750"/>
 <node id="2762650494" visible="true" version="1" changeset="21467432" timestamp="2014-04-02T22:29:52Z" user="Souchong" uid="255141" lat="-34.4498196" lon="-58.5126319"/>
 <node id="2762650495" visible="true" version="1" changeset="21467432" timestamp="2014-04-02T22:29:52Z" user="Souchong" uid="255141" lat="-34.4498206" lon="-58.5125210"/>
 <node id="2762650497" visible="true" version="1" changeset="21467432" timestamp="2014-04-02T22:29:52Z" user="Souchong" uid="255141" lat="-34.4498212" lon="-58.5146181"/>
 <node id="2762650498" visible="true" version="1" changeset="21467432" timestamp="2014-04-02T22:29:52Z" user="Souchong" uid="255141" lat="-34.4498240" lon="-58.5126114"/>
 <node id="2762650500" visible="true" version="1" changeset="21467432" timestamp="2014-04-02T22:29:52Z" user="Souchong" uid="255141" lat="-34.4498259" lon="-58.5125538"/>
 <node id="2762650501" visible="true" version="1" changeset="21467432" timestamp="2014-04-02T22:29:53Z" user="Souchong" uid="255141" lat="-34.4498269" lon="-58.5125251"/>
 <node id="2762650503" visible="true" version="1" changeset="21467432" timestamp="2014-04-02T22:29:53Z" user="Souchong" uid="255141" lat="-34.4498274" lon="-58.5125726"/>
 <node id="2762650504" visible="true" version="1" changeset="21467432" timestamp="2014-04-02T22:29:53Z" user="Souchong" uid="255141" lat="-34.4498279" lon="-58.5125333"/>
 <node id="2762650506" visible="true" version="1" changeset="21467432" timestamp="2014-04-02T22:29:53Z" user="Souchong" uid="255141" lat="-34.4498281" lon="-58.5169909"/>
 <node id="2762650508" visible="true" version="1" changeset="21467432" timestamp="2014-04-02T22:29:53Z" user="Souchong" uid="255141" lat="-34.4498293" lon="-58.5125908"/>
 <node id="2762650509" visible="true" version="1" changeset="21467432" timestamp="2014-04-02T22:29:53Z" user="Souchong" uid="255141" lat="-34.4498323" lon="-58.5146838"/>
 <node id="2762650511" visible="true" version="1" changeset="21467432" timestamp="2014-04-02T22:29:53Z" user="Souchong" uid="255141" lat="-34.4498347" lon="-58.5160263"/>
 <node id="2762650512" visible="true" version="1" changeset="21467432" timestamp="2014-04-02T22:29:53Z" user="Souchong" uid="255141" lat="-34.4498352" lon="-58.5146187"/>
 <node id="2762650515" visible="true" version="1" changeset="21467432" timestamp="2014-04-02T22:29:53Z" user="Souchong" uid="255141" lat="-34.4498705" lon="-58.5146334"/>
 <node id="2762650517" visible="true" version="1" changeset="21467432" timestamp="2014-04-02T22:29:53Z" user="Souchong" uid="255141" lat="-34.4498792" lon="-58.5147226"/>
 <node id="2762650518" visible="true" version="1" changeset="21467432" timestamp="2014-04-02T22:29:53Z" user="Souchong" uid="255141" lat="-34.4498964" lon="-58.5167284"/>
 <node id="2762650520" visible="true" version="1" changeset="21467432" timestamp="2014-04-02T22:29:53Z" user="Souchong" uid="255141" lat="-34.4499039" lon="-58.5146498"/>
 <node id="2762650521" visible="true" version="1" changeset="21467432" timestamp="2014-04-02T22:29:53Z" user="Souchong" uid="255141" lat="-34.4499096" lon="-58.5160786"/>
 <node id="2762650523" visible="true" version="1" changeset="21467432" timestamp="2014-04-02T22:29:53Z" user="Souchong" uid="255141" lat="-34.4499247" lon="-58.5147648"/>
 <node id="2762650524" visible="true" version="1" changeset="21467432" timestamp="2014-04-02T22:29:53Z" user="Souchong" uid="255141" lat="-34.4499339" lon="-58.5146580"/>
 <node id="2762650526" visible="true" version="1" changeset="21467432" timestamp="2014-04-02T22:29:53Z" user="Souchong" uid="255141" lat="-34.4499475" lon="-58.5147819"/>
 <node id="2762650527" visible="true" version="1" changeset="21467432" timestamp="2014-04-02T22:29:53Z" user="Souchong" uid="255141" lat="-34.4499499" lon="-58.5146633"/>
 <node id="2762650529" visible="true" version="1" changeset="21467432" timestamp="2014-04-02T22:29:53Z" user="Souchong" uid="255141" lat="-34.4499756" lon="-58.5146921"/>
 <node id="2762650530" visible="true" version="1" changeset="21467432" timestamp="2014-04-02T22:29:53Z" user="Souchong" uid="255141" lat="-34.4499949" lon="-58.5148089"/>
 <node id="2762650531" visible="true" version="1" changeset="21467432" timestamp="2014-04-02T22:29:53Z" user="Souchong" uid="255141" lat="-34.4499988" lon="-58.5147208"/>
 <node id="2762650533" visible="true" version="1" changeset="21467432" timestamp="2014-04-02T22:29:53Z" user="Souchong" uid="255141" lat="-34.4500114" lon="-58.5147355"/>
 <node id="2762650535" visible="true" version="1" changeset="21467432" timestamp="2014-04-02T22:29:53Z" user="Souchong" uid="255141" lat="-34.4500196" lon="-58.5148136"/>
 <node id="2762650536" visible="true" version="1" changeset="21467432" timestamp="2014-04-02T22:29:53Z" user="Souchong" uid="255141" lat="-34.4500225" lon="-58.5160263"/>
 <node id="2762650538" visible="true" version="1" changeset="21467432" timestamp="2014-04-02T22:29:53Z" user="Souchong" uid="255141" lat="-34.4500264" lon="-58.5147408"/>
 <node id="2762650540" visible="true" version="1" changeset="21467432" timestamp="2014-04-02T22:29:53Z" user="Souchong" uid="255141" lat="-34.4500438" lon="-58.5148206"/>
 <node id="2762650541" visible="true" version="1" changeset="21467432" timestamp="2014-04-02T22:29:53Z" user="Souchong" uid="255141" lat="-34.4500506" lon="-58.5147437"/>
 <node id="2762650543" visible="true" version="1" changeset="21467432" timestamp="2014-04-02T22:29:53Z" user="Souchong" uid="255141" lat="-34.4500579" lon="-58.5170637"/>
 <node id="2762650544" visible="true" version="1" changeset="21467432" timestamp="2014-04-02T22:29:53Z" user="Souchong" uid="255141" lat="-34.4500641" lon="-58.5148247"/>
 <node id="2762650545" visible="true" version="1" changeset="21467432" timestamp="2014-04-02T22:29:53Z" user="Souchong" uid="255141" lat="-34.4500850" lon="-58.5147425"/>
 <node id="2762650546" visible="true" version="1" changeset="21467432" timestamp="2014-04-02T22:29:53Z" user="Souchong" uid="255141" lat="-34.4500859" lon="-58.5148288"/>
 <node id="2762650548" visible="true" version="1" changeset="21467432" timestamp="2014-04-02T22:29:53Z" user="Souchong" uid="255141" lat="-34.4501017" lon="-58.5172630"/>
 <node id="2762650549" visible="true" version="1" changeset="21467432" timestamp="2014-04-02T22:29:53Z" user="Souchong" uid="255141" lat="-34.4501072" lon="-58.5147437"/>
 <node id="2762650550" visible="true" version="1" changeset="21467432" timestamp="2014-04-02T22:29:53Z" user="Souchong" uid="255141" lat="-34.4501092" lon="-58.5148411"/>
 <node id="2762650551" visible="true" version="1" changeset="21467432" timestamp="2014-04-02T22:29:53Z" user="Souchong" uid="255141" lat="-34.4501285" lon="-58.5147502"/>
 <node id="2762650553" visible="true" version="1" changeset="21467432" timestamp="2014-04-02T22:29:53Z" user="Souchong" uid="255141" lat="-34.4501324" lon="-58.5148605"/>
 <node id="2762650554" visible="true" version="1" changeset="21467432" timestamp="2014-04-02T22:29:53Z" user="Souchong" uid="255141" lat="-34.4501390" lon="-58.5160709"/>
 <node id="2762650555" visible="true" version="1" changeset="21467432" timestamp="2014-04-02T22:29:53Z" user="Souchong" uid="255141" lat="-34.4501396" lon="-58.5166597"/>
 <node id="2762650556" visible="true" version="1" changeset="21467432" timestamp="2014-04-02T22:29:53Z" user="Souchong" uid="255141" lat="-34.4501522" lon="-58.5147707"/>
 <node id="2762650559" visible="true" version="1" changeset="21467432" timestamp="2014-04-02T22:29:53Z" user="Souchong" uid="255141" lat="-34.4501668" lon="-58.5148863"/>
 <node id="2762650560" visible="true" version="1" changeset="21467432" timestamp="2014-04-02T22:29:53Z" user="Souchong" uid="255141" lat="-34.4501701" lon="-58.5147854"/>
 <node id="2762650561" visible="true" version="1" changeset="21467432" timestamp="2014-04-02T22:29:53Z" user="Souchong" uid="255141" lat="-34.4501793" lon="-58.5078675"/>
 <node id="2762650563" visible="true" version="1" changeset="21467432" timestamp="2014-04-02T22:29:53Z" user="Souchong" uid="255141" lat="-34.4501856" lon="-58.5147942"/>
 <node id="2762650564" visible="true" version="1" changeset="21467432" timestamp="2014-04-02T22:29:53Z" user="Souchong" uid="255141" lat="-34.4502045" lon="-58.5149151"/>
 <node id="2762650566" visible="true" version="1" changeset="21467432" timestamp="2014-04-02T22:29:53Z" user="Souchong" uid="255141" lat="-34.4502050" lon="-58.5148012"/>
 <node id="2762650567" visible="true" version="1" changeset="21467432" timestamp="2014-04-02T22:29:53Z" user="Souchong" uid="255141" lat="-34.4502248" lon="-58.5148153"/>
 <node id="2762650569" visible="true" version="1" changeset="21467432" timestamp="2014-04-02T22:29:53Z" user="Souchong" uid="255141" lat="-34.4502282" lon="-58.5149216"/>
 <node id="2762650571" visible="true" version="1" changeset="21467432" timestamp="2014-04-02T22:29:53Z" user="Souchong" uid="255141" lat="-34.4502524" lon="-58.5148617"/>
 <node id="2762650572" visible="true" version="1" changeset="21467432" timestamp="2014-04-02T22:29:53Z" user="Souchong" uid="255141" lat="-34.4502640" lon="-58.5148805"/>
 <node id="2762650573" visible="true" version="1" changeset="21467432" timestamp="2014-04-02T22:29:53Z" user="Souchong" uid="255141" lat="-34.4502655" lon="-58.5149392"/>
 <node id="2762650575" visible="true" version="1" changeset="21467432" timestamp="2014-04-02T22:29:54Z" user="Souchong" uid="255141" lat="-34.4502761" lon="-58.5148922"/>
 <node id="2762650577" visible="true" version="1" changeset="21467432" timestamp="2014-04-02T22:29:54Z" user="Souchong" uid="255141" lat="-34.4502926" lon="-58.5148987"/>
 <node id="2762650578" visible="true" version="1" changeset="21467432" timestamp="2014-04-02T22:29:54Z" user="Souchong" uid="255141" lat="-34.4502950" lon="-58.5149456"/>
 <node id="2762650579" visible="true" version="1" changeset="21467432" timestamp="2014-04-02T22:29:54Z" user="Souchong" uid="255141" lat="-34.4503202" lon="-58.5148987"/>
 <node id="2762650581" visible="true" version="1" changeset="21467432" timestamp="2014-04-02T22:29:54Z" user="Souchong" uid="255141" lat="-34.4503270" lon="-58.5149486"/>
 <node id="2762650583" visible="true" version="1" changeset="21467432" timestamp="2014-04-02T22:29:54Z" user="Souchong" uid="255141" lat="-34.4503378" lon="-58.5165850"/>
 <node id="2762650584" visible="true" version="1" changeset="21467432" timestamp="2014-04-02T22:29:54Z" user="Souchong" uid="255141" lat="-34.4503391" lon="-58.5149486"/>
 <node id="2762650585" visible="true" version="1" changeset="21467432" timestamp="2014-04-02T22:29:54Z" user="Souchong" uid="255141" lat="-34.4503439" lon="-58.5159958"/>
 <node id="2762650587" visible="true" version="1" changeset="21467432" timestamp="2014-04-02T22:29:54Z" user="Souchong" uid="255141" lat="-34.4503444" lon="-58.5149034"/>
 <node id="2762650589" visible="true" version="1" changeset="21467432" timestamp="2014-04-02T22:29:54Z" user="Souchong" uid="255141" lat="-34.4503473" lon="-58.5149439"/>
 <node id="2762650590" visible="true" version="1" changeset="21467432" timestamp="2014-04-02T22:29:54Z" user="Souchong" uid="255141" lat="-34.4503536" lon="-58.5149075"/>
 <node id="2762650591" visible="true" version="1" changeset="21467432" timestamp="2014-04-02T22:29:54Z" user="Souchong" uid="255141" lat="-34.4503546" lon="-58.5149274"/>
 <node id="2762650593" visible="true" version="1" changeset="21467432" timestamp="2014-04-02T22:29:54Z" user="Souchong" uid="255141" lat="-34.4503563" lon="-58.5165517"/>
 <node id="2762650595" visible="true" version="1" changeset="21467432" timestamp="2014-04-02T22:29:54Z" user="Souchong" uid="255141" lat="-34.4503570" lon="-58.5149151"/>
 <node id="2762650596" visible="true" version="1" changeset="21467432" timestamp="2014-04-02T22:29:54Z" user="Souchong" uid="255141" lat="-34.4503820" lon="-58.5160380"/>
 <node id="2762650606" visible="true" version="1" changeset="21467432" timestamp="2014-04-02T22:29:54Z" user="Souchong" uid="255141" lat="-34.4504349" lon="-58.5159676"/>
 <node id="2762650608" visible="true" version="1" changeset="21467432" timestamp="2014-04-02T22:29:54Z" user="Souchong" uid="255141" lat="-34.4504440" lon="-58.5180167"/>
 <node id="2762650609" visible="true" version="1" changeset="21467432" timestamp="2014-04-02T22:29:54Z" user="Souchong" uid="255141" lat="-34.4504504" lon="-58.5079144"/>
 <node id="2762650613" visible="true" version="1" changeset="21467432" timestamp="2014-04-02T22:29:54Z" user="Souchong" uid="255141" lat="-34.4504776" lon="-58.5160064"/>
 <node id="2762650620" visible="true" version="1" changeset="21467432" timestamp="2014-04-02T22:29:54Z" user="Souchong" uid="255141" lat="-34.4505406" lon="-58.5176107"/>
 <node id="2762650623" visible="true" version="1" changeset="21467432" timestamp="2014-04-02T22:29:54Z" user="Souchong" uid="255141" lat="-34.4505533" lon="-58.5159729"/>
 <node id="2762650625" visible="true" version="1" changeset="21467432" timestamp="2014-04-02T22:29:54Z" user="Souchong" uid="255141" lat="-34.4505707" lon="-58.5175742"/>
 <node id="2762650637" visible="true" version="1" changeset="21467432" timestamp="2014-04-02T22:29:54Z" user="Souchong" uid="255141" lat="-34.4506324" lon="-58.5158855"/>
 <node id="2762650646" visible="true" version="1" changeset="21467432" timestamp="2014-04-02T22:29:54Z" user="Souchong" uid="255141" lat="-34.4506433" lon="-58.5159312"/>
 <node id="2762650648" visible="true" version="1" changeset="21467432" timestamp="2014-04-02T22:29:54Z" user="Souchong" uid="255141" lat="-34.4506653" lon="-58.5079121"/>
 <node id="2762650661" visible="true" version="1" changeset="21467432" timestamp="2014-04-02T22:29:55Z" user="Souchong" uid="255141" lat="-34.4507213" lon="-58.5180025"/>
 <node id="2762650667" visible="true" version="1" changeset="21467432" timestamp="2014-04-02T22:29:55Z" user="Souchong" uid="255141" lat="-34.4507459" lon="-58.5180308"/>
 <node id="2762650672" visible="true" version="1" changeset="21467432" timestamp="2014-04-02T22:29:55Z" user="Souchong" uid="255141" lat="-34.4507718" lon="-58.5157962"/>
 <node id="2762650675" visible="true" version="1" changeset="21467432" timestamp="2014-04-02T22:29:55Z" user="Souchong" uid="255141" lat="-34.4507966" lon="-58.5181453"/>
 <node id="2762650679" visible="true" version="1" changeset="21467432" timestamp="2014-04-02T22:29:55Z" user="Souchong" uid="255141" lat="-34.4508050" lon="-58.5158332"/>
 <node id="2762650688" visible="true" version="1" changeset="21467432" timestamp="2014-04-02T22:29:55Z" user="Souchong" uid="255141" lat="-34.4508678" lon="-58.5157803"/>
 <node id="2762650695" visible="true" version="1" changeset="21467432" timestamp="2014-04-02T22:29:55Z" user="Souchong" uid="255141" lat="-34.4509298" lon="-58.5184525"/>
 <node id="2762650700" visible="true" version="1" changeset="21467432" timestamp="2014-04-02T22:29:55Z" user="Souchong" uid="255141" lat="-34.4509402" lon="-58.5156413"/>
 <node id="2762650706" visible="true" version="1" changeset="21467432" timestamp="2014-04-02T22:29:55Z" user="Souchong" uid="255141" lat="-34.4509712" lon="-58.5079144"/>
 <node id="2762650708" visible="true" version="1" changeset="21467432" timestamp="2014-04-02T22:29:55Z" user="Souchong" uid="255141" lat="-34.4509978" lon="-58.5156443"/>
 <node id="2762650720" visible="true" version="1" changeset="21467432" timestamp="2014-04-02T22:29:55Z" user="Souchong" uid="255141" lat="-34.4510459" lon="-58.5190935"/>
 <node id="2762650722" visible="true" version="1" changeset="21467432" timestamp="2014-04-02T22:29:55Z" user="Souchong" uid="255141" lat="-34.4510697" lon="-58.5191627"/>
 <node id="2762650729" visible="true" version="1" changeset="21467432" timestamp="2014-04-02T22:29:55Z" user="Souchong" uid="255141" lat="-34.4510949" lon="-58.5192930"/>
 <node id="2762650735" visible="true" version="1" changeset="21467432" timestamp="2014-04-02T22:29:55Z" user="Souchong" uid="255141" lat="-34.4511222" lon="-58.5154288"/>
 <node id="2762650736" visible="true" version="1" changeset="21467432" timestamp="2014-04-02T22:29:55Z" user="Souchong" uid="255141" lat="-34.4511230" lon="-58.5193482"/>
 <node id="2762650741" visible="true" version="1" changeset="21467432" timestamp="2014-04-02T22:29:55Z" user="Souchong" uid="255141" lat="-34.4511261" lon="-58.5078698"/>
 <node id="2762650746" visible="true" version="1" changeset="21467432" timestamp="2014-04-02T22:29:56Z" user="Souchong" uid="255141" lat="-34.4511491" lon="-58.5193846"/>
 <node id="2762650757" visible="true" version="1" changeset="21467432" timestamp="2014-04-02T22:29:56Z" user="Souchong" uid="255141" lat="-34.4511840" lon="-58.5194351"/>
 <node id="2762650774" visible="true" version="1" changeset="21467432" timestamp="2014-04-02T22:29:56Z" user="Souchong" uid="255141" lat="-34.4511995" lon="-58.5194867"/>
 <node id="2762650785" visible="true" version="1" changeset="21467432" timestamp="2014-04-02T22:29:56Z" user="Souchong" uid="255141" lat="-34.4512299" lon="-58.5195818"/>
 <node id="2762650790" visible="true" version="1" changeset="21467432" timestamp="2014-04-02T22:29:56Z" user="Souchong" uid="255141" lat="-34.4512403" lon="-58.5078487"/>
 <node id="2762650798" visible="true" version="1" changeset="21467432" timestamp="2014-04-02T22:29:56Z" user="Souchong" uid="255141" lat="-34.4512607" lon="-58.5152395"/>
 <node id="2762650863" visible="true" version="1" changeset="21467432" timestamp="2014-04-02T22:29:57Z" user="Souchong" uid="255141" lat="-34.4514059" lon="-58.5150199"/>
 <node id="2762650923" visible="true" version="1" changeset="21467432" timestamp="2014-04-02T22:29:57Z" user="Souchong" uid="255141" lat="-34.4514874" lon="-58.5196311"/>
 <node id="2762650988" visible="true" version="1" changeset="21467432" timestamp="2014-04-02T22:29:58Z" user="Souchong" uid="255141" lat="-34.4515745" lon="-58.5201031"/>
 <node id="2762650995" visible="true" version="1" changeset="21467432" timestamp="2014-04-02T22:29:58Z" user="Souchong" uid="255141" lat="-34.4515787" lon="-58.5206402"/>
 <node id="2762650997" visible="true" version="1" changeset="21467432" timestamp="2014-04-02T22:29:58Z" user="Souchong" uid="255141" lat="-34.4515878" lon="-58.5148107"/>
 <node id="2762651006" visible="true" version="1" changeset="21467432" timestamp="2014-04-02T22:29:58Z" user="Souchong" uid="255141" lat="-34.4516093" lon="-58.5200772"/>
 <node id="2762651011" visible="true" version="1" changeset="21467432" timestamp="2014-04-02T22:29:58Z" user="Souchong" uid="255141" lat="-34.4516184" lon="-58.5206900"/>
 <node id="2762651027" visible="true" version="1" changeset="21467432" timestamp="2014-04-02T22:29:58Z" user="Souchong" uid="255141" lat="-34.4516718" lon="-58.5207116"/>
 <node id="2762651032" visible="true" version="1" changeset="21467432" timestamp="2014-04-02T22:29:58Z" user="Souchong" uid="255141" lat="-34.4516875" lon="-58.5145976"/>
 <node id="2762651053" visible="true" version="1" changeset="21467432" timestamp="2014-04-02T22:29:58Z" user="Souchong" uid="255141" lat="-34.4517457" lon="-58.5207099"/>
 <node id="2762651111" visible="true" version="2" changeset="155629035" timestamp="2024-08-22T23:08:01Z" user="smaptious" uid="15166886" lat="-34.4518400" lon="-58.5206814"/>
 <node id="2762651137" visible="true" version="1" changeset="21467432" timestamp="2014-04-02T22:29:59Z" user="Souchong" uid="255141" lat="-34.4519655" lon="-58.5141890"/>
 <node id="2762651141" visible="true" version="1" changeset="21467432" timestamp="2014-04-02T22:29:59Z" user="Souchong" uid="255141" lat="-34.4519916" lon="-58.5142088"/>
 <node id="2762651147" visible="true" version="1" changeset="21467432" timestamp="2014-04-02T22:29:59Z" user="Souchong" uid="255141" lat="-34.4521444" lon="-58.5080835"/>
 <node id="2762651154" visible="true" version="1" changeset="21467432" timestamp="2014-04-02T22:29:59Z" user="Souchong" uid="255141" lat="-34.4522295" lon="-58.5137718"/>
 <node id="2762651159" visible="true" version="1" changeset="21467432" timestamp="2014-04-02T22:29:59Z" user="Souchong" uid="255141" lat="-34.4523582" lon="-58.5135460"/>
 <node id="2762651161" visible="true" version="1" changeset="21467432" timestamp="2014-04-02T22:29:59Z" user="Souchong" uid="255141" lat="-34.4524262" lon="-58.5134997"/>
 <node id="2762651166" visible="true" version="1" changeset="21467432" timestamp="2014-04-02T22:29:59Z" user="Souchong" uid="255141" lat="-34.4524387" lon="-58.5082009"/>
 <node id="2762651172" visible="true" version="1" changeset="21467432" timestamp="2014-04-02T22:29:59Z" user="Souchong" uid="255141" lat="-34.4525365" lon="-58.5132448"/>
 <node id="2762651184" visible="true" version="1" changeset="21467432" timestamp="2014-04-02T22:29:59Z" user="Souchong" uid="255141" lat="-34.4525879" lon="-58.5132133"/>
 <node id="2762651195" visible="true" version="1" changeset="21467432" timestamp="2014-04-02T22:29:59Z" user="Souchong" uid="255141" lat="-34.4526871" lon="-58.5129692"/>
 <node id="2762651205" visible="true" version="1" changeset="21467432" timestamp="2014-04-02T22:29:59Z" user="Souchong" uid="255141" lat="-34.4527658" lon="-58.5088148"/>
 <node id="2762651214" visible="true" version="1" changeset="21467432" timestamp="2014-04-02T22:29:59Z" user="Souchong" uid="255141" lat="-34.4529014" lon="-58.5084732"/>
 <node id="2762651217" visible="true" version="1" changeset="21467432" timestamp="2014-04-02T22:29:59Z" user="Souchong" uid="255141" lat="-34.4529226" lon="-58.5125109"/>
 <node id="2762651225" visible="true" version="1" changeset="21467432" timestamp="2014-04-02T22:29:59Z" user="Souchong" uid="255141" lat="-34.4530864" lon="-58.5122483"/>
 <node id="2762651228" visible="true" version="1" changeset="21467432" timestamp="2014-04-02T22:29:59Z" user="Souchong" uid="255141" lat="-34.4532114" lon="-58.5119033"/>
 <node id="2762651230" visible="true" version="1" changeset="21467432" timestamp="2014-04-02T22:30:00Z" user="Souchong" uid="255141" lat="-34.4534743" lon="-58.5113256"/>
 <node id="2762651233" visible="true" version="1" changeset="21467432" timestamp="2014-04-02T22:30:00Z" user="Souchong" uid="255141" lat="-34.4535386" lon="-58.5111546"/>
 <node id="2762651237" visible="true" version="1" changeset="21467432" timestamp="2014-04-02T22:30:00Z" user="Souchong" uid="255141" lat="-34.4535674" lon="-58.5110450"/>
 <node id="2762651240" visible="true" version="1" changeset="21467432" timestamp="2014-04-02T22:30:00Z" user="Souchong" uid="255141" lat="-34.4536016" lon="-58.5108375"/>
 <node id="2762651242" visible="true" version="1" changeset="21467432" timestamp="2014-04-02T22:30:00Z" user="Souchong" uid="255141" lat="-34.4536249" lon="-58.5107279"/>
 <node id="2762651249" visible="true" version="1" changeset="21467432" timestamp="2014-04-02T22:30:00Z" user="Souchong" uid="255141" lat="-34.4536468" lon="-58.5106482"/>
 <node id="2762651255" visible="true" version="1" changeset="21467432" timestamp="2014-04-02T22:30:00Z" user="Souchong" uid="255141" lat="-34.4536753" lon="-58.5106949"/>
 <node id="2762651258" visible="true" version="1" changeset="21467432" timestamp="2014-04-02T22:30:00Z" user="Souchong" uid="255141" lat="-34.4537070" lon="-58.5104839"/>
 <node id="2762651275" visible="true" version="1" changeset="21467432" timestamp="2014-04-02T22:30:00Z" user="Souchong" uid="255141" lat="-34.4538179" lon="-58.5102531"/>
 <node id="2762651282" visible="true" version="1" changeset="21467432" timestamp="2014-04-02T22:30:00Z" user="Souchong" uid="255141" lat="-34.4539238" lon="-58.5100063"/>
 <node id="2762651285" visible="true" version="1" changeset="21467432" timestamp="2014-04-02T22:30:00Z" user="Souchong" uid="255141" lat="-34.4542403" lon="-58.5097316"/>
 <node id="2762660001" visible="true" version="1" changeset="21467472" timestamp="2014-04-02T22:32:35Z" user="Souchong" uid="255141" lat="-34.4384694" lon="-58.5230211">
  <tag k="name" v="Isla Nazar Anchorena"/>
  <tag k="place" v="island"/>
 </node>
 <node id="2762680704" visible="true" version="1" changeset="21467547" timestamp="2014-04-02T22:41:29Z" user="Souchong" uid="255141" lat="-34.4507122" lon="-58.5163713"/>
 <node id="2764527023" visible="true" version="1" changeset="21479513" timestamp="2014-04-03T16:13:42Z" user="Souchong" uid="255141" lat="-34.4368188" lon="-58.5247901"/>
 <node id="2764527025" visible="true" version="1" changeset="21479513" timestamp="2014-04-03T16:13:42Z" user="Souchong" uid="255141" lat="-34.4368285" lon="-58.5245316"/>
 <node id="2764527027" visible="true" version="1" changeset="21479513" timestamp="2014-04-03T16:13:42Z" user="Souchong" uid="255141" lat="-34.4368305" lon="-58.5238808"/>
 <node id="2764527029" visible="true" version="1" changeset="21479513" timestamp="2014-04-03T16:13:42Z" user="Souchong" uid="255141" lat="-34.4368479" lon="-58.5246632"/>
 <node id="2764527031" visible="true" version="1" changeset="21479513" timestamp="2014-04-03T16:13:42Z" user="Souchong" uid="255141" lat="-34.4368518" lon="-58.5236411"/>
 <node id="2764527032" visible="true" version="1" changeset="21479513" timestamp="2014-04-03T16:13:42Z" user="Souchong" uid="255141" lat="-34.4368944" lon="-58.5257487"/>
 <node id="2764527034" visible="true" version="1" changeset="21479513" timestamp="2014-04-03T16:13:43Z" user="Souchong" uid="255141" lat="-34.4368952" lon="-58.5321008"/>
 <node id="2764527035" visible="true" version="1" changeset="21479513" timestamp="2014-04-03T16:13:43Z" user="Souchong" uid="255141" lat="-34.4369215" lon="-58.5258568"/>
 <node id="2764527037" visible="true" version="1" changeset="21479513" timestamp="2014-04-03T16:13:43Z" user="Souchong" uid="255141" lat="-34.4369235" lon="-58.5256030"/>
 <node id="2764527038" visible="true" version="1" changeset="21479513" timestamp="2014-04-03T16:13:43Z" user="Souchong" uid="255141" lat="-34.4369836" lon="-58.5251895"/>
 <node id="2764527040" visible="true" version="1" changeset="21479513" timestamp="2014-04-03T16:13:43Z" user="Souchong" uid="255141" lat="-34.4370455" lon="-58.5220935"/>
 <node id="2764527042" visible="true" version="1" changeset="21479513" timestamp="2014-04-03T16:13:43Z" user="Souchong" uid="255141" lat="-34.4370555" lon="-58.5321822"/>
 <node id="2764527044" visible="true" version="1" changeset="21479513" timestamp="2014-04-03T16:13:43Z" user="Souchong" uid="255141" lat="-34.4370866" lon="-58.5219008"/>
 <node id="2764527046" visible="true" version="1" changeset="21479513" timestamp="2014-04-03T16:13:43Z" user="Souchong" uid="255141" lat="-34.4371172" lon="-58.5311671"/>
 <node id="2764527048" visible="true" version="1" changeset="21479513" timestamp="2014-04-03T16:13:43Z" user="Souchong" uid="255141" lat="-34.4371894" lon="-58.5216233"/>
 <node id="2764527051" visible="true" version="1" changeset="21479513" timestamp="2014-04-03T16:13:43Z" user="Souchong" uid="255141" lat="-34.4372268" lon="-58.5330843"/>
 <node id="2764527053" visible="true" version="1" changeset="21479513" timestamp="2014-04-03T16:13:43Z" user="Souchong" uid="255141" lat="-34.4372528" lon="-58.5303031"/>
 <node id="2764527060" visible="true" version="1" changeset="21479513" timestamp="2014-04-03T16:13:43Z" user="Souchong" uid="255141" lat="-34.4373282" lon="-58.5278376"/>
 <node id="2764527065" visible="true" version="1" changeset="21479513" timestamp="2014-04-03T16:13:43Z" user="Souchong" uid="255141" lat="-34.4373408" lon="-58.5297455"/>
 <node id="2764527067" visible="true" version="1" changeset="21479513" timestamp="2014-04-03T16:13:43Z" user="Souchong" uid="255141" lat="-34.4373789" lon="-58.5285221"/>
 <node id="2764527074" visible="true" version="1" changeset="21479513" timestamp="2014-04-03T16:13:43Z" user="Souchong" uid="255141" lat="-34.4375851" lon="-58.5335259"/>
 <node id="2764527089" visible="true" version="1" changeset="21479513" timestamp="2014-04-03T16:13:43Z" user="Souchong" uid="255141" lat="-34.4378212" lon="-58.5207539"/>
 <node id="2764527092" visible="true" version="1" changeset="21479513" timestamp="2014-04-03T16:13:43Z" user="Souchong" uid="255141" lat="-34.4378271" lon="-58.5337119"/>
 <node id="2764527101" visible="true" version="1" changeset="21479513" timestamp="2014-04-03T16:13:43Z" user="Souchong" uid="255141" lat="-34.4381748" lon="-58.5194846"/>
 <node id="2764527104" visible="true" version="1" changeset="21479513" timestamp="2014-04-03T16:13:43Z" user="Souchong" uid="255141" lat="-34.4383981" lon="-58.5190128"/>
 <node id="2764527180" visible="true" version="1" changeset="21479513" timestamp="2014-04-03T16:13:44Z" user="Souchong" uid="255141" lat="-34.4465680" lon="-58.5218345"/>
 <node id="2778604333" visible="true" version="1" changeset="21580769" timestamp="2014-04-08T23:59:45Z" user="Souchong" uid="255141" lat="-34.4470113" lon="-58.5278702"/>
 <node id="2778604363" visible="true" version="2" changeset="181986792" timestamp="2026-04-29T12:40:54Z" user="AlejandroAlba" uid="6499071" lat="-34.4476355" lon="-58.5284688"/>
 <node id="2778634444" visible="true" version="1" changeset="21580883" timestamp="2014-04-09T00:28:22Z" user="Souchong" uid="255141" lat="-34.4481258" lon="-58.5238785"/>
 <node id="2778634446" visible="true" version="2" changeset="161813581" timestamp="2025-01-27T11:08:28Z" user="MahaweliValley" uid="17834724" lat="-34.4483229" lon="-58.5230430"/>
 <node id="2778634448" visible="true" version="2" changeset="24914901" timestamp="2014-08-21T17:48:37Z" user="patodiez" uid="1856060" lat="-34.4484363" lon="-58.5240809"/>
 <node id="2778634450" visible="true" version="2" changeset="24914901" timestamp="2014-08-21T17:48:37Z" user="patodiez" uid="1856060" lat="-34.4484457" lon="-58.5240988"/>
 <node id="2778634452" visible="true" version="2" changeset="24914901" timestamp="2014-08-21T17:48:37Z" user="patodiez" uid="1856060" lat="-34.4484325" lon="-58.5240602"/>
 <node id="2778634454" visible="true" version="2" changeset="24914901" timestamp="2014-08-21T17:48:37Z" user="patodiez" uid="1856060" lat="-34.4484596" lon="-58.5241117"/>
 <node id="2778634456" visible="true" version="2" changeset="24914901" timestamp="2014-08-21T17:48:37Z" user="patodiez" uid="1856060" lat="-34.4484347" lon="-58.5240392"/>
 <node id="2778634458" visible="true" version="2" changeset="24914901" timestamp="2014-08-21T17:48:36Z" user="patodiez" uid="1856060" lat="-34.4484763" lon="-58.5241180"/>
 <node id="2778634460" visible="true" version="2" changeset="24914901" timestamp="2014-08-21T17:48:36Z" user="patodiez" uid="1856060" lat="-34.4485327" lon="-58.5240653"/>
 <node id="2778634461" visible="true" version="2" changeset="24914901" timestamp="2014-08-21T17:48:36Z" user="patodiez" uid="1856060" lat="-34.4485044" lon="-58.5240023"/>
 <node id="2778634463" visible="true" version="2" changeset="24914901" timestamp="2014-08-21T17:48:36Z" user="patodiez" uid="1856060" lat="-34.4485323" lon="-58.5240462"/>
 <node id="2778634466" visible="true" version="2" changeset="24914901" timestamp="2014-08-21T17:48:36Z" user="patodiez" uid="1856060" lat="-34.4485174" lon="-58.5240131"/>
 <node id="2778634468" visible="true" version="2" changeset="24914901" timestamp="2014-08-21T17:48:36Z" user="patodiez" uid="1856060" lat="-34.4485270" lon="-58.5240282"/>
 <node id="2778634469" visible="true" version="1" changeset="21580883" timestamp="2014-04-09T00:28:22Z" user="Souchong" uid="255141" lat="-34.4486235" lon="-58.5236204"/>
 <node id="2778634470" visible="true" version="2" changeset="24914901" timestamp="2014-08-21T17:48:36Z" user="patodiez" uid="1856060" lat="-34.4487044" lon="-58.5221196"/>
 <node id="2778634471" visible="true" version="2" changeset="24914901" timestamp="2014-08-21T17:48:36Z" user="patodiez" uid="1856060" lat="-34.4486753" lon="-58.5220408"/>
 <node id="2778634472" visible="true" version="2" changeset="24914901" timestamp="2014-08-21T17:48:36Z" user="patodiez" uid="1856060" lat="-34.4487198" lon="-58.5221235"/>
 <node id="2778634473" visible="true" version="2" changeset="24914901" timestamp="2014-08-21T17:48:36Z" user="patodiez" uid="1856060" lat="-34.4486842" lon="-58.5220226"/>
 <node id="2778634474" visible="true" version="2" changeset="24914901" timestamp="2014-08-21T17:48:36Z" user="patodiez" uid="1856060" lat="-34.4487355" lon="-58.5221215"/>
 <node id="2778634475" visible="true" version="1" changeset="21580883" timestamp="2014-04-09T00:28:22Z" user="Souchong" uid="255141" lat="-34.4487052" lon="-58.5234913"/>
 <node id="2778634476" visible="true" version="2" changeset="24914901" timestamp="2014-08-21T17:48:36Z" user="patodiez" uid="1856060" lat="-34.4486978" lon="-58.5220092"/>
 <node id="2778634477" visible="true" version="2" changeset="24914901" timestamp="2014-08-21T17:48:36Z" user="patodiez" uid="1856060" lat="-34.4487498" lon="-58.5221136"/>
 <node id="2778634479" visible="true" version="2" changeset="24914901" timestamp="2014-08-21T17:48:36Z" user="patodiez" uid="1856060" lat="-34.4487143" lon="-58.5220022"/>
 <node id="2778634482" visible="true" version="2" changeset="24914901" timestamp="2014-08-21T17:48:36Z" user="patodiez" uid="1856060" lat="-34.4487318" lon="-58.5220026"/>
 <node id="2778634484" visible="true" version="2" changeset="24914901" timestamp="2014-08-21T17:48:36Z" user="patodiez" uid="1856060" lat="-34.4487615" lon="-58.5221008"/>
 <node id="2778634486" visible="true" version="2" changeset="24914901" timestamp="2014-08-21T17:48:36Z" user="patodiez" uid="1856060" lat="-34.4487481" lon="-58.5220101"/>
 <node id="2778634488" visible="true" version="2" changeset="24914901" timestamp="2014-08-21T17:48:36Z" user="patodiez" uid="1856060" lat="-34.4487694" lon="-58.5220843"/>
 <node id="2778634490" visible="true" version="3" changeset="62470639" timestamp="2018-09-11T00:18:47Z" user="Beerforfree" uid="215693" lat="-34.4488407" lon="-58.5247691"/>
 <node id="2778634492" visible="true" version="3" changeset="62470639" timestamp="2018-09-11T00:18:47Z" user="Beerforfree" uid="215693" lat="-34.4488365" lon="-58.5247507"/>
 <node id="2778634494" visible="true" version="3" changeset="62470639" timestamp="2018-09-11T00:18:47Z" user="Beerforfree" uid="215693" lat="-34.4488494" lon="-58.5247851"/>
 <node id="2778634496" visible="true" version="3" changeset="62470639" timestamp="2018-09-11T00:18:47Z" user="Beerforfree" uid="215693" lat="-34.4488372" lon="-58.5247316"/>
 <node id="2778634497" visible="true" version="3" changeset="62470639" timestamp="2018-09-11T00:18:47Z" user="Beerforfree" uid="215693" lat="-34.4488617" lon="-58.5247970"/>
 <node id="2778634499" visible="true" version="1" changeset="21580883" timestamp="2014-04-09T00:28:22Z" user="Souchong" uid="255141" lat="-34.4488095" lon="-58.5233609"/>
 <node id="2778634501" visible="true" version="1" changeset="21580883" timestamp="2014-04-09T00:28:22Z" user="Souchong" uid="255141" lat="-34.4488282" lon="-58.5221531"/>
 <node id="2778634504" visible="true" version="3" changeset="62470639" timestamp="2018-09-11T00:18:47Z" user="Beerforfree" uid="215693" lat="-34.4489253" lon="-58.5247828"/>
 <node id="2778634506" visible="true" version="3" changeset="62470639" timestamp="2018-09-11T00:18:47Z" user="Beerforfree" uid="215693" lat="-34.4488428" lon="-58.5247137"/>
 <node id="2778634507" visible="true" version="3" changeset="62470639" timestamp="2018-09-11T00:18:47Z" user="Beerforfree" uid="215693" lat="-34.4489340" lon="-58.5247644"/>
 <node id="2778634509" visible="true" version="3" changeset="62470639" timestamp="2018-09-11T00:18:47Z" user="Beerforfree" uid="215693" lat="-34.4489114" lon="-58.5246908"/>
 <node id="2778634511" visible="true" version="3" changeset="62470639" timestamp="2018-09-11T00:18:47Z" user="Beerforfree" uid="215693" lat="-34.4489369" lon="-58.5247435"/>
 <node id="2778634513" visible="true" version="3" changeset="62470639" timestamp="2018-09-11T00:18:47Z" user="Beerforfree" uid="215693" lat="-34.4489249" lon="-58.5247043"/>
 <node id="2778634515" visible="true" version="3" changeset="62470639" timestamp="2018-09-11T00:18:47Z" user="Beerforfree" uid="215693" lat="-34.4489337" lon="-58.5247226"/>
 <node id="2778634517" visible="true" version="1" changeset="21580883" timestamp="2014-04-09T00:28:22Z" user="Souchong" uid="255141" lat="-34.4489307" lon="-58.5246045"/>
 <node id="2778634520" visible="true" version="1" changeset="21580883" timestamp="2014-04-09T00:28:22Z" user="Souchong" uid="255141" lat="-34.4489364" lon="-58.5232188"/>
 <node id="2778634523" visible="true" version="1" changeset="21580883" timestamp="2014-04-09T00:28:22Z" user="Souchong" uid="255141" lat="-34.4489407" lon="-58.5223891"/>
 <node id="2778634526" visible="true" version="1" changeset="21580883" timestamp="2014-04-09T00:28:22Z" user="Souchong" uid="255141" lat="-34.4490288" lon="-58.5231510"/>
 <node id="2778634530" visible="true" version="1" changeset="21580883" timestamp="2014-04-09T00:28:22Z" user="Souchong" uid="255141" lat="-34.4490317" lon="-58.5244598"/>
 <node id="2778634533" visible="true" version="2" changeset="24914901" timestamp="2014-08-21T17:48:36Z" user="patodiez" uid="1856060" lat="-34.4491163" lon="-58.5229958"/>
 <node id="2778634569" visible="true" version="2" changeset="24914901" timestamp="2014-08-21T17:48:36Z" user="patodiez" uid="1856060" lat="-34.4491077" lon="-58.5230173"/>
 <node id="2778634574" visible="true" version="1" changeset="21580883" timestamp="2014-04-09T00:28:23Z" user="Souchong" uid="255141" lat="-34.4491127" lon="-58.5231210"/>
 <node id="2778634577" visible="true" version="2" changeset="24914901" timestamp="2014-08-21T17:48:36Z" user="patodiez" uid="1856060" lat="-34.4491299" lon="-58.5229787"/>
 <node id="2778634580" visible="true" version="2" changeset="24914901" timestamp="2014-08-21T17:48:36Z" user="patodiez" uid="1856060" lat="-34.4491050" lon="-58.5230408"/>
 <node id="2778634583" visible="true" version="1" changeset="21580883" timestamp="2014-04-09T00:28:23Z" user="Souchong" uid="255141" lat="-34.4491331" lon="-58.5228215"/>
 <node id="2778634586" visible="true" version="2" changeset="24914901" timestamp="2014-08-21T17:48:36Z" user="patodiez" uid="1856060" lat="-34.4491473" lon="-58.5229675"/>
 <node id="2778634590" visible="true" version="1" changeset="21580883" timestamp="2014-04-09T00:28:23Z" user="Souchong" uid="255141" lat="-34.4491457" lon="-58.5243203"/>
 <node id="2778634593" visible="true" version="2" changeset="24914901" timestamp="2014-08-21T17:48:36Z" user="patodiez" uid="1856060" lat="-34.4491496" lon="-58.5231121"/>
 <node id="2778634596" visible="true" version="1" changeset="21580883" timestamp="2014-04-09T00:28:23Z" user="Souchong" uid="255141" lat="-34.4491511" lon="-58.5242682"/>
 <node id="2778634599" visible="true" version="2" changeset="24914901" timestamp="2014-08-21T17:48:36Z" user="patodiez" uid="1856060" lat="-34.4491666" lon="-58.5229634"/>
 <node id="2778634602" visible="true" version="2" changeset="24914901" timestamp="2014-08-21T17:48:36Z" user="patodiez" uid="1856060" lat="-34.4491747" lon="-58.5231148"/>
 <node id="2778634606" visible="true" version="1" changeset="21580883" timestamp="2014-04-09T00:28:23Z" user="Souchong" uid="255141" lat="-34.4491812" lon="-58.5242056"/>
 <node id="2778634608" visible="true" version="2" changeset="24914901" timestamp="2014-08-21T17:48:36Z" user="patodiez" uid="1856060" lat="-34.4492299" lon="-58.5230473"/>
 <node id="2778634611" visible="true" version="2" changeset="24914901" timestamp="2014-08-21T17:48:36Z" user="patodiez" uid="1856060" lat="-34.4491949" lon="-58.5231077"/>
 <node id="2778634615" visible="true" version="1" changeset="21580883" timestamp="2014-04-09T00:28:23Z" user="Souchong" uid="255141" lat="-34.4492116" lon="-58.5231236"/>
 <node id="2778634618" visible="true" version="1" changeset="21580883" timestamp="2014-04-09T00:28:23Z" user="Souchong" uid="255141" lat="-34.4492199" lon="-58.5241639"/>
 <node id="2778634621" visible="true" version="2" changeset="24914901" timestamp="2014-08-21T17:48:36Z" user="patodiez" uid="1856060" lat="-34.4492242" lon="-58.5230719"/>
 <node id="2778634624" visible="true" version="2" changeset="24914901" timestamp="2014-08-21T17:48:36Z" user="patodiez" uid="1856060" lat="-34.4492121" lon="-58.5230928"/>
 <node id="2778634627" visible="true" version="1" changeset="21580883" timestamp="2014-04-09T00:28:23Z" user="Souchong" uid="255141" lat="-34.4492349" lon="-58.5242447"/>
 <node id="2778634630" visible="true" version="2" changeset="146342612" timestamp="2024-01-17T00:00:09Z" user="AgusQui" uid="331218" lat="-34.4492166" lon="-58.5254753">
  <tag k="traffic_calming" v="mini_bumps"/>
 </node>
 <node id="2778634639" visible="true" version="1" changeset="21580883" timestamp="2014-04-09T00:28:23Z" user="Souchong" uid="255141" lat="-34.4492578" lon="-58.5231432"/>
 <node id="2778634642" visible="true" version="1" changeset="21580883" timestamp="2014-04-09T00:28:23Z" user="Souchong" uid="255141" lat="-34.4492682" lon="-58.5241495"/>
 <node id="2778634645" visible="true" version="1" changeset="21580883" timestamp="2014-04-09T00:28:23Z" user="Souchong" uid="255141" lat="-34.4493370" lon="-58.5241378"/>
 <node id="2778634647" visible="true" version="1" changeset="21580883" timestamp="2014-04-09T00:28:23Z" user="Souchong" uid="255141" lat="-34.4494005" lon="-58.5240948"/>
 <node id="2778634650" visible="true" version="1" changeset="21580883" timestamp="2014-04-09T00:28:23Z" user="Souchong" uid="255141" lat="-34.4494929" lon="-58.5240505"/>
 <node id="2778634653" visible="true" version="1" changeset="21580883" timestamp="2014-04-09T00:28:23Z" user="Souchong" uid="255141" lat="-34.4495800" lon="-58.5250322"/>
 <node id="2778634656" visible="true" version="2" changeset="161816387" timestamp="2025-01-27T12:26:36Z" user="MahaweliValley" uid="17834724" lat="-34.4495601" lon="-58.5240150"/>
 <node id="2778634660" visible="true" version="2" changeset="161816387" timestamp="2025-01-27T12:26:36Z" user="MahaweliValley" uid="17834724" lat="-34.4496068" lon="-58.5239870"/>
 <node id="2778634662" visible="true" version="1" changeset="21580883" timestamp="2014-04-09T00:28:23Z" user="Souchong" uid="255141" lat="-34.4496100" lon="-58.5238781"/>
 <node id="2778634665" visible="true" version="1" changeset="21580883" timestamp="2014-04-09T00:28:23Z" user="Souchong" uid="255141" lat="-34.4496126" lon="-58.5238123"/>
 <node id="2778634668" visible="true" version="2" changeset="161824583" timestamp="2025-01-27T16:06:12Z" user="MahaweliValley" uid="17834724" lat="-34.4496344" lon="-58.5240897">
  <tag k="access" v="private"/>
  <tag k="barrier" v="gate"/>
 </node>
 <node id="2778634672" visible="true" version="1" changeset="21580883" timestamp="2014-04-09T00:28:23Z" user="Souchong" uid="255141" lat="-34.4496605" lon="-58.5241414"/>
 <node id="2778634675" visible="true" version="2" changeset="161816387" timestamp="2025-01-27T12:26:36Z" user="MahaweliValley" uid="17834724" lat="-34.4496741" lon="-58.5239574"/>
 <node id="2778634678" visible="true" version="2" changeset="161824583" timestamp="2025-01-27T16:06:12Z" user="MahaweliValley" uid="17834724" lat="-34.4496980" lon="-58.5240377">
  <tag k="access" v="private"/>
  <tag k="barrier" v="gate"/>
 </node>
 <node id="2778634681" visible="true" version="1" changeset="21580883" timestamp="2014-04-09T00:28:23Z" user="Souchong" uid="255141" lat="-34.4497131" lon="-58.5241220"/>
 <node id="2778634684" visible="true" version="1" changeset="21580883" timestamp="2014-04-09T00:28:23Z" user="Souchong" uid="255141" lat="-34.4498595" lon="-58.5247219"/>
 <node id="2779659835" visible="true" version="1" changeset="21590601" timestamp="2014-04-09T14:48:46Z" user="Souchong" uid="255141" lat="-34.4470481" lon="-58.5193141"/>
 <node id="2779659836" visible="true" version="1" changeset="21590601" timestamp="2014-04-09T14:48:46Z" user="Souchong" uid="255141" lat="-34.4483478" lon="-58.5196350"/>
 <node id="2779659838" visible="true" version="1" changeset="21590601" timestamp="2014-04-09T14:48:46Z" user="Souchong" uid="255141" lat="-34.4483488" lon="-58.5195814"/>
 <node id="2779659842" visible="true" version="1" changeset="21590601" timestamp="2014-04-09T14:48:46Z" user="Souchong" uid="255141" lat="-34.4483794" lon="-58.5196666"/>
 <node id="2779659843" visible="true" version="1" changeset="21590601" timestamp="2014-04-09T14:48:46Z" user="Souchong" uid="255141" lat="-34.4483844" lon="-58.5195486"/>
 <node id="2779659846" visible="true" version="1" changeset="21590601" timestamp="2014-04-09T14:48:46Z" user="Souchong" uid="255141" lat="-34.4484003" lon="-58.5200253"/>
 <node id="2779659848" visible="true" version="1" changeset="21590601" timestamp="2014-04-09T14:48:46Z" user="Souchong" uid="255141" lat="-34.4484081" lon="-58.5200572"/>
 <node id="2779659850" visible="true" version="1" changeset="21590601" timestamp="2014-04-09T14:48:46Z" user="Souchong" uid="255141" lat="-34.4484095" lon="-58.5196824"/>
 <node id="2779659851" visible="true" version="1" changeset="21590601" timestamp="2014-04-09T14:48:46Z" user="Souchong" uid="255141" lat="-34.4484100" lon="-58.5196727"/>
 <node id="2779659854" visible="true" version="2" changeset="50867826" timestamp="2017-08-05T17:43:20Z" user="juanperez79" uid="6218510" lat="-34.4484672" lon="-58.5195837"/>
 <node id="2779659857" visible="true" version="1" changeset="21590601" timestamp="2014-04-09T14:48:46Z" user="Souchong" uid="255141" lat="-34.4484258" lon="-58.5201355"/>
 <node id="2779659859" visible="true" version="1" changeset="21590601" timestamp="2014-04-09T14:48:46Z" user="Souchong" uid="255141" lat="-34.4484346" lon="-58.5196843"/>
 <node id="2779701399" visible="true" version="3" changeset="102012009" timestamp="2021-03-30T22:38:39Z" user="Hernan" uid="72347" lat="-34.4433383" lon="-58.5161438"/>
 <node id="2779701402" visible="true" version="1" changeset="21590851" timestamp="2014-04-09T15:05:08Z" user="Souchong" uid="255141" lat="-34.4490566" lon="-58.5192390"/>
 <node id="2986135281" visible="true" version="1" changeset="24425161" timestamp="2014-07-29T16:14:37Z" user="WillBCV" uid="2221648" lat="-34.4503893" lon="-58.5181632"/>
 <node id="2986135282" visible="true" version="1" changeset="24425161" timestamp="2014-07-29T16:14:37Z" user="WillBCV" uid="2221648" lat="-34.4499065" lon="-58.5171547"/>
 <node id="3032660976" visible="true" version="1" changeset="24911898" timestamp="2014-08-21T15:23:14Z" user="patodiez" uid="1856060" lat="-34.4518694" lon="-58.5206651"/>
 <node id="3033099824" visible="true" version="1" changeset="24914901" timestamp="2014-08-21T17:48:33Z" user="patodiez" uid="1856060" lat="-34.4491620" lon="-58.5231150"/>
 <node id="3033099825" visible="true" version="1" changeset="24914901" timestamp="2014-08-21T17:48:33Z" user="patodiez" uid="1856060" lat="-34.4492285" lon="-58.5230218"/>
 <node id="3033099826" visible="true" version="1" changeset="24914901" timestamp="2014-08-21T17:48:34Z" user="patodiez" uid="1856060" lat="-34.4492202" lon="-58.5229983"/>
 <node id="3033099827" visible="true" version="1" changeset="24914901" timestamp="2014-08-21T17:48:34Z" user="patodiez" uid="1856060" lat="-34.4492060" lon="-58.5229794"/>
 <node id="3033099828" visible="true" version="1" changeset="24914901" timestamp="2014-08-21T17:48:34Z" user="patodiez" uid="1856060" lat="-34.4491874" lon="-58.5229673"/>
 <node id="3033099829" visible="true" version="1" changeset="24914901" timestamp="2014-08-21T17:48:34Z" user="patodiez" uid="1856060" lat="-34.4491084" lon="-58.5230643"/>
 <node id="3033099830" visible="true" version="1" changeset="24914901" timestamp="2014-08-21T17:48:34Z" user="patodiez" uid="1856060" lat="-34.4491177" lon="-58.5230853"/>
 <node id="3033099831" visible="true" version="1" changeset="24914901" timestamp="2014-08-21T17:48:34Z" user="patodiez" uid="1856060" lat="-34.4491319" lon="-58.5231018"/>
 <node id="3033099832" visible="true" version="1" changeset="24914901" timestamp="2014-08-21T17:48:34Z" user="patodiez" uid="1856060" lat="-34.4486907" lon="-58.5221101"/>
 <node id="3033104433" visible="true" version="1" changeset="24914901" timestamp="2014-08-21T17:48:34Z" user="patodiez" uid="1856060" lat="-34.4486801" lon="-58.5220959"/>
 <node id="3033104434" visible="true" version="1" changeset="24914901" timestamp="2014-08-21T17:48:34Z" user="patodiez" uid="1856060" lat="-34.4486737" lon="-58.5220784"/>
 <node id="3033104435" visible="true" version="1" changeset="24914901" timestamp="2014-08-21T17:48:34Z" user="patodiez" uid="1856060" lat="-34.4486720" lon="-58.5220594"/>
 <node id="3033104436" visible="true" version="1" changeset="24914901" timestamp="2014-08-21T17:48:34Z" user="patodiez" uid="1856060" lat="-34.4487614" lon="-58.5220240"/>
 <node id="3033104437" visible="true" version="1" changeset="24914901" timestamp="2014-08-21T17:48:34Z" user="patodiez" uid="1856060" lat="-34.4487699" lon="-58.5220425"/>
 <node id="3033104438" visible="true" version="1" changeset="24914901" timestamp="2014-08-21T17:48:34Z" user="patodiez" uid="1856060" lat="-34.4487727" lon="-58.5220634"/>
 <node id="3033104439" visible="true" version="1" changeset="24914901" timestamp="2014-08-21T17:48:34Z" user="patodiez" uid="1856060" lat="-34.4485283" lon="-58.5240837"/>
 <node id="3033104440" visible="true" version="1" changeset="24914901" timestamp="2014-08-21T17:48:34Z" user="patodiez" uid="1856060" lat="-34.4485194" lon="-58.5240994"/>
 <node id="3033104441" visible="true" version="1" changeset="24914901" timestamp="2014-08-21T17:48:34Z" user="patodiez" uid="1856060" lat="-34.4485069" lon="-58.5241111"/>
 <node id="3033104442" visible="true" version="1" changeset="24914901" timestamp="2014-08-21T17:48:34Z" user="patodiez" uid="1856060" lat="-34.4484920" lon="-58.5241175"/>
 <node id="3033104443" visible="true" version="1" changeset="24914901" timestamp="2014-08-21T17:48:34Z" user="patodiez" uid="1856060" lat="-34.4484428" lon="-58.5240204"/>
 <node id="3033104444" visible="true" version="1" changeset="24914901" timestamp="2014-08-21T17:48:34Z" user="patodiez" uid="1856060" lat="-34.4484557" lon="-58.5240060"/>
 <node id="3033104445" visible="true" version="1" changeset="24914901" timestamp="2014-08-21T17:48:34Z" user="patodiez" uid="1856060" lat="-34.4484718" lon="-58.5239979"/>
 <node id="3033104446" visible="true" version="2" changeset="62470639" timestamp="2018-09-11T00:18:47Z" user="Beerforfree" uid="215693" lat="-34.4489120" lon="-58.5247965"/>
 <node id="3033104447" visible="true" version="2" changeset="62470639" timestamp="2018-09-11T00:18:47Z" user="Beerforfree" uid="215693" lat="-34.4488956" lon="-58.5248039"/>
 <node id="3033104448" visible="true" version="2" changeset="62470639" timestamp="2018-09-11T00:18:47Z" user="Beerforfree" uid="215693" lat="-34.4488781" lon="-58.5248041"/>
 <node id="3033104449" visible="true" version="2" changeset="62470639" timestamp="2018-09-11T00:18:47Z" user="Beerforfree" uid="215693" lat="-34.4488526" lon="-58.5246988"/>
 <node id="3033104450" visible="true" version="2" changeset="62470639" timestamp="2018-09-11T00:18:47Z" user="Beerforfree" uid="215693" lat="-34.4488657" lon="-58.5246883"/>
 <node id="3033104451" visible="true" version="2" changeset="62470639" timestamp="2018-09-11T00:18:47Z" user="Beerforfree" uid="215693" lat="-34.4488809" lon="-58.5246832"/>
 <node id="3033104452" visible="true" version="2" changeset="62470639" timestamp="2018-09-11T00:18:47Z" user="Beerforfree" uid="215693" lat="-34.4488967" lon="-58.5246841"/>
 <node id="3033197066" visible="true" version="3" changeset="146342612" timestamp="2024-01-17T00:00:09Z" user="AgusQui" uid="331218" lat="-34.4454401" lon="-58.5343988"/>
 <node id="3033197067" visible="true" version="3" changeset="146342612" timestamp="2024-01-17T00:00:09Z" user="AgusQui" uid="331218" lat="-34.4455231" lon="-58.5340214"/>
 <node id="3369312598" visible="true" version="2" changeset="66519347" timestamp="2019-01-21T22:11:44Z" user="serock" uid="1810448" lat="-34.4479296" lon="-58.5155618"/>
 <node id="3369312599" visible="true" version="2" changeset="66519347" timestamp="2019-01-21T22:11:44Z" user="serock" uid="1810448" lat="-34.4478397" lon="-58.5155284"/>
 <node id="3462461583" visible="true" version="2" changeset="50358123" timestamp="2017-07-17T17:45:00Z" user="juanperez79" uid="6218510" lat="-34.4479832" lon="-58.5380643">
  <tag k="addr:city" v="Victoria"/>
  <tag k="addr:country" v="AR"/>
  <tag k="addr:housenumber" v="2700"/>
  <tag k="addr:state" v="Buenos Aires"/>
  <tag k="addr:street" v="Avenida del Libertador"/>
 </node>
 <node id="4942801574" visible="true" version="1" changeset="49927985" timestamp="2017-06-29T19:15:58Z" user="juanperez79" uid="6218510" lat="-34.4497877" lon="-58.5240240"/>
 <node id="4942801577" visible="true" version="1" changeset="49927985" timestamp="2017-06-29T19:15:58Z" user="juanperez79" uid="6218510" lat="-34.4482350" lon="-58.5238148"/>
 <node id="4942801580" visible="true" version="1" changeset="49927985" timestamp="2017-06-29T19:15:58Z" user="juanperez79" uid="6218510" lat="-34.4490003" lon="-58.5253490"/>
 <node id="4942801581" visible="true" version="1" changeset="49927985" timestamp="2017-06-29T19:15:58Z" user="juanperez79" uid="6218510" lat="-34.4497877" lon="-58.5244800"/>
 <node id="4942801582" visible="true" version="1" changeset="49927985" timestamp="2017-06-29T19:15:58Z" user="juanperez79" uid="6218510" lat="-34.4496240" lon="-58.5242386"/>
 <node id="4947420153" visible="true" version="1" changeset="49990905" timestamp="2017-07-02T18:23:34Z" user="juanperez79" uid="6218510" lat="-34.4490113" lon="-58.5210259"/>
 <node id="4947420154" visible="true" version="1" changeset="49990905" timestamp="2017-07-02T18:23:34Z" user="juanperez79" uid="6218510" lat="-34.4502366" lon="-58.5235632"/>
 <node id="4947420155" visible="true" version="1" changeset="49990905" timestamp="2017-07-02T18:23:35Z" user="juanperez79" uid="6218510" lat="-34.4496947" lon="-58.5220692"/>
 <node id="4947420156" visible="true" version="1" changeset="49990905" timestamp="2017-07-02T18:23:35Z" user="juanperez79" uid="6218510" lat="-34.4503052" lon="-58.5233728"/>
 <node id="4947420157" visible="true" version="1" changeset="49990905" timestamp="2017-07-02T18:23:35Z" user="juanperez79" uid="6218510" lat="-34.4503207" lon="-58.5234023"/>
 <node id="4947420158" visible="true" version="1" changeset="49990905" timestamp="2017-07-02T18:23:35Z" user="juanperez79" uid="6218510" lat="-34.4503516" lon="-58.5234184"/>
 <node id="4947420159" visible="true" version="1" changeset="49990905" timestamp="2017-07-02T18:23:35Z" user="juanperez79" uid="6218510" lat="-34.4503848" lon="-58.5234238"/>
 <node id="4947420160" visible="true" version="1" changeset="49990905" timestamp="2017-07-02T18:23:35Z" user="juanperez79" uid="6218510" lat="-34.4504158" lon="-58.5234077"/>
 <node id="4947420161" visible="true" version="1" changeset="49990905" timestamp="2017-07-02T18:23:35Z" user="juanperez79" uid="6218510" lat="-34.4508515" lon="-58.5229557"/>
 <node id="4947420162" visible="true" version="1" changeset="49990905" timestamp="2017-07-02T18:23:35Z" user="juanperez79" uid="6218510" lat="-34.4501858" lon="-58.5217474"/>
 <node id="4947420178" visible="true" version="1" changeset="49990905" timestamp="2017-07-02T18:23:35Z" user="juanperez79" uid="6218510" lat="-34.4497691" lon="-58.5231247"/>
 <node id="4947420179" visible="true" version="1" changeset="49990905" timestamp="2017-07-02T18:23:35Z" user="juanperez79" uid="6218510" lat="-34.4496983" lon="-58.5229825"/>
 <node id="4947420180" visible="true" version="1" changeset="49990905" timestamp="2017-07-02T18:23:35Z" user="juanperez79" uid="6218510" lat="-34.4494595" lon="-58.5231542"/>
 <node id="4947420181" visible="true" version="1" changeset="49990905" timestamp="2017-07-02T18:23:35Z" user="juanperez79" uid="6218510" lat="-34.4495192" lon="-58.5232964"/>
 <node id="4975661241" visible="true" version="1" changeset="50356412" timestamp="2017-07-17T16:21:55Z" user="juanperez79" uid="6218510" lat="-34.4469434" lon="-58.5318294"/>
 <node id="4975661242" visible="true" version="1" changeset="50356412" timestamp="2017-07-17T16:21:55Z" user="juanperez79" uid="6218510" lat="-34.4472553" lon="-58.5315290"/>
 <node id="4975661243" visible="true" version="1" changeset="50356412" timestamp="2017-07-17T16:21:55Z" user="juanperez79" uid="6218510" lat="-34.4473128" lon="-58.5308611"/>
 <node id="4975661244" visible="true" version="1" changeset="50356412" timestamp="2017-07-17T16:21:55Z" user="juanperez79" uid="6218510" lat="-34.4470230" lon="-58.5307028"/>
 <node id="4975661245" visible="true" version="1" changeset="50356412" timestamp="2017-07-17T16:21:55Z" user="juanperez79" uid="6218510" lat="-34.4466868" lon="-58.5314512"/>
 <node id="4975807134" visible="true" version="2" changeset="52292858" timestamp="2017-09-23T01:00:02Z" user="AgusQui" uid="331218" lat="-34.4507711" lon="-58.5245921"/>
 <node id="4975807135" visible="true" version="1" changeset="50358123" timestamp="2017-07-17T17:44:59Z" user="juanperez79" uid="6218510" lat="-34.4501451" lon="-58.5251017"/>
 <node id="4975807136" visible="true" version="2" changeset="52292858" timestamp="2017-09-23T01:00:02Z" user="AgusQui" uid="331218" lat="-34.4498930" lon="-58.5247772"/>
 <node id="4975807137" visible="true" version="2" changeset="52292858" timestamp="2017-09-23T01:00:02Z" user="AgusQui" uid="331218" lat="-34.4499505" lon="-58.5247530"/>
 <node id="4975807138" visible="true" version="2" changeset="52292858" timestamp="2017-09-23T01:00:02Z" user="AgusQui" uid="331218" lat="-34.4499837" lon="-58.5247396"/>
 <node id="4975807139" visible="true" version="2" changeset="52292858" timestamp="2017-09-23T01:00:02Z" user="AgusQui" uid="331218" lat="-34.4500744" lon="-58.5247154"/>
 <node id="4975807140" visible="true" version="2" changeset="52292858" timestamp="2017-09-23T01:00:02Z" user="AgusQui" uid="331218" lat="-34.4501396" lon="-58.5246645"/>
 <node id="4975807141" visible="true" version="2" changeset="52292858" timestamp="2017-09-23T01:00:02Z" user="AgusQui" uid="331218" lat="-34.4506196" lon="-58.5242702"/>
 <node id="4975807156" visible="true" version="1" changeset="50358123" timestamp="2017-07-17T17:45:00Z" user="juanperez79" uid="6218510" lat="-34.4465818" lon="-58.5353960"/>
 <node id="5016782218" visible="true" version="3" changeset="146342612" timestamp="2024-01-17T00:00:09Z" user="AgusQui" uid="331218" lat="-34.4526107" lon="-58.5216799">
  <tag k="railway" v="level_crossing"/>
 </node>
 <node id="5016782328" visible="true" version="1" changeset="50867826" timestamp="2017-08-05T17:43:15Z" user="juanperez79" uid="6218510" lat="-34.4513315" lon="-58.5224269"/>
 <node id="5016782329" visible="true" version="1" changeset="50867826" timestamp="2017-08-05T17:43:15Z" user="juanperez79" uid="6218510" lat="-34.4510573" lon="-58.5213594"/>
 <node id="5016782330" visible="true" version="1" changeset="50867826" timestamp="2017-08-05T17:43:15Z" user="juanperez79" uid="6218510" lat="-34.4512784" lon="-58.5210268"/>
 <node id="5016782335" visible="true" version="1" changeset="50867826" timestamp="2017-08-05T17:43:15Z" user="juanperez79" uid="6218510" lat="-34.4515930" lon="-58.5208768"/>
 <node id="5016782336" visible="true" version="1" changeset="50867826" timestamp="2017-08-05T17:43:15Z" user="juanperez79" uid="6218510" lat="-34.4497811" lon="-58.5170490"/>
 <node id="5016782337" visible="true" version="1" changeset="50867826" timestamp="2017-08-05T17:43:15Z" user="juanperez79" uid="6218510" lat="-34.4496307" lon="-58.5168559"/>
 <node id="5016782338" visible="true" version="1" changeset="50867826" timestamp="2017-08-05T17:43:15Z" user="juanperez79" uid="6218510" lat="-34.4490882" lon="-58.5209368"/>
 <node id="5016782339" visible="true" version="2" changeset="161816387" timestamp="2025-01-27T12:26:36Z" user="MahaweliValley" uid="17834724" lat="-34.4489113" lon="-58.5206740"/>
 <node id="5016782340" visible="true" version="2" changeset="161816387" timestamp="2025-01-27T12:26:36Z" user="MahaweliValley" uid="17834724" lat="-34.4488715" lon="-58.5206037">
  <tag k="barrier" v="gate"/>
 </node>
 <node id="5016782341" visible="true" version="1" changeset="50867826" timestamp="2017-08-05T17:43:15Z" user="juanperez79" uid="6218510" lat="-34.4488034" lon="-58.5204850"/>
 <node id="5016782342" visible="true" version="1" changeset="50867826" timestamp="2017-08-05T17:43:15Z" user="juanperez79" uid="6218510" lat="-34.4487769" lon="-58.5204045"/>
 <node id="5016782343" visible="true" version="2" changeset="161816387" timestamp="2025-01-27T12:26:36Z" user="MahaweliValley" uid="17834724" lat="-34.4487437" lon="-58.5203053"/>
 <node id="5016782344" visible="true" version="1" changeset="50867826" timestamp="2017-08-05T17:43:15Z" user="juanperez79" uid="6218510" lat="-34.4484119" lon="-58.5191763"/>
 <node id="5016782345" visible="true" version="1" changeset="50867826" timestamp="2017-08-05T17:43:15Z" user="juanperez79" uid="6218510" lat="-34.4466203" lon="-58.5218065"/>
 <node id="5016782346" visible="true" version="1" changeset="50867826" timestamp="2017-08-05T17:43:15Z" user="juanperez79" uid="6218510" lat="-34.4467937" lon="-58.5223281"/>
 <node id="5016782347" visible="true" version="1" changeset="50867826" timestamp="2017-08-05T17:43:15Z" user="juanperez79" uid="6218510" lat="-34.4484606" lon="-58.5227956"/>
 <node id="5016782348" visible="true" version="1" changeset="50867826" timestamp="2017-08-05T17:43:15Z" user="juanperez79" uid="6218510" lat="-34.4487171" lon="-58.5217549"/>
 <node id="5016782349" visible="true" version="1" changeset="50867826" timestamp="2017-08-05T17:43:15Z" user="juanperez79" uid="6218510" lat="-34.4488786" lon="-58.5208167"/>
 <node id="5016782350" visible="true" version="1" changeset="50867826" timestamp="2017-08-05T17:43:15Z" user="juanperez79" uid="6218510" lat="-34.4489464" lon="-58.5209235"/>
 <node id="5016782351" visible="true" version="1" changeset="50867826" timestamp="2017-08-05T17:43:15Z" user="juanperez79" uid="6218510" lat="-34.4490953" lon="-58.5208210"/>
 <node id="5016782352" visible="true" version="1" changeset="50867826" timestamp="2017-08-05T17:43:16Z" user="juanperez79" uid="6218510" lat="-34.4491292" lon="-58.5202631"/>
 <node id="5016782353" visible="true" version="1" changeset="50867826" timestamp="2017-08-05T17:43:16Z" user="juanperez79" uid="6218510" lat="-34.4495610" lon="-58.5168178"/>
 <node id="5016782354" visible="true" version="1" changeset="50867826" timestamp="2017-08-05T17:43:16Z" user="juanperez79" uid="6218510" lat="-34.4496277" lon="-58.5165878"/>
 <node id="5016782356" visible="true" version="2" changeset="50869369" timestamp="2017-08-05T19:22:55Z" user="juanperez79" uid="6218510" lat="-34.4465772" lon="-58.5227080"/>
 <node id="5016782357" visible="true" version="1" changeset="50867826" timestamp="2017-08-05T17:43:16Z" user="juanperez79" uid="6218510" lat="-34.4484408" lon="-58.5228852"/>
 <node id="5016782358" visible="true" version="1" changeset="50867826" timestamp="2017-08-05T17:43:16Z" user="juanperez79" uid="6218510" lat="-34.4466563" lon="-58.5228401"/>
 <node id="5016782360" visible="true" version="1" changeset="50867826" timestamp="2017-08-05T17:43:16Z" user="juanperez79" uid="6218510" lat="-34.4468921" lon="-58.5228867"/>
 <node id="5016782361" visible="true" version="1" changeset="50867826" timestamp="2017-08-05T17:43:16Z" user="juanperez79" uid="6218510" lat="-34.4467894" lon="-58.5228355"/>
 <node id="5016782362" visible="true" version="1" changeset="50867826" timestamp="2017-08-05T17:43:16Z" user="juanperez79" uid="6218510" lat="-34.4465548" lon="-58.5231167"/>
 <node id="5016782363" visible="true" version="1" changeset="50867826" timestamp="2017-08-05T17:43:16Z" user="juanperez79" uid="6218510" lat="-34.4466065" lon="-58.5232020"/>
 <node id="5016782364" visible="true" version="1" changeset="50867826" timestamp="2017-08-05T17:43:16Z" user="juanperez79" uid="6218510" lat="-34.4463046" lon="-58.5239110"/>
 <node id="5016782365" visible="true" version="1" changeset="50867826" timestamp="2017-08-05T17:43:16Z" user="juanperez79" uid="6218510" lat="-34.4463860" lon="-58.5239190"/>
 <node id="5016782366" visible="true" version="1" changeset="50867826" timestamp="2017-08-05T17:43:16Z" user="juanperez79" uid="6218510" lat="-34.4466736" lon="-58.5232250"/>
 <node id="5016782367" visible="true" version="1" changeset="50867826" timestamp="2017-08-05T17:43:16Z" user="juanperez79" uid="6218510" lat="-34.4466423" lon="-58.5230288"/>
 <node id="5016782368" visible="true" version="1" changeset="50867826" timestamp="2017-08-05T17:43:16Z" user="juanperez79" uid="6218510" lat="-34.4467017" lon="-58.5228858"/>
 <node id="5016782369" visible="true" version="1" changeset="50867826" timestamp="2017-08-05T17:43:16Z" user="juanperez79" uid="6218510" lat="-34.4482251" lon="-58.5232992"/>
 <node id="5016782370" visible="true" version="1" changeset="50867826" timestamp="2017-08-05T17:43:16Z" user="juanperez79" uid="6218510" lat="-34.4482128" lon="-58.5239275"/>
 <node id="5016782371" visible="true" version="1" changeset="50867826" timestamp="2017-08-05T17:43:16Z" user="juanperez79" uid="6218510" lat="-34.4477353" lon="-58.5253081"/>
 <node id="5016782372" visible="true" version="1" changeset="50867826" timestamp="2017-08-05T17:43:16Z" user="juanperez79" uid="6218510" lat="-34.4482615" lon="-58.5240079"/>
 <node id="5016782373" visible="true" version="1" changeset="50867826" timestamp="2017-08-05T17:43:16Z" user="juanperez79" uid="6218510" lat="-34.4474366" lon="-58.5250014"/>
 <node id="5016782374" visible="true" version="1" changeset="50867826" timestamp="2017-08-05T17:43:16Z" user="juanperez79" uid="6218510" lat="-34.4474849" lon="-58.5250114"/>
 <node id="5016782375" visible="true" version="1" changeset="50867826" timestamp="2017-08-05T17:43:16Z" user="juanperez79" uid="6218510" lat="-34.4476183" lon="-58.5249990"/>
 <node id="5016782376" visible="true" version="1" changeset="50867826" timestamp="2017-08-05T17:43:16Z" user="juanperez79" uid="6218510" lat="-34.4478923" lon="-58.5242930"/>
 <node id="5016782377" visible="true" version="1" changeset="50867826" timestamp="2017-08-05T17:43:16Z" user="juanperez79" uid="6218510" lat="-34.4461336" lon="-58.5242756"/>
 <node id="5016782378" visible="true" version="1" changeset="50867826" timestamp="2017-08-05T17:43:16Z" user="juanperez79" uid="6218510" lat="-34.4468059" lon="-58.5264327"/>
 <node id="5016782379" visible="true" version="1" changeset="50867826" timestamp="2017-08-05T17:43:16Z" user="juanperez79" uid="6218510" lat="-34.4459767" lon="-58.5241728"/>
 <node id="5016782380" visible="true" version="1" changeset="50867826" timestamp="2017-08-05T17:43:16Z" user="juanperez79" uid="6218510" lat="-34.4470152" lon="-58.5270870"/>
 <node id="5016782381" visible="true" version="1" changeset="50867826" timestamp="2017-08-05T17:43:16Z" user="juanperez79" uid="6218510" lat="-34.4465410" lon="-58.5268238"/>
 <node id="5016782382" visible="true" version="1" changeset="50867826" timestamp="2017-08-05T17:43:16Z" user="juanperez79" uid="6218510" lat="-34.4465157" lon="-58.5267897"/>
 <node id="5016782383" visible="true" version="1" changeset="50867826" timestamp="2017-08-05T17:43:16Z" user="juanperez79" uid="6218510" lat="-34.4465160" lon="-58.5267326"/>
 <node id="5016782384" visible="true" version="1" changeset="50867826" timestamp="2017-08-05T17:43:16Z" user="juanperez79" uid="6218510" lat="-34.4465136" lon="-58.5266785"/>
 <node id="5016782385" visible="true" version="1" changeset="50867826" timestamp="2017-08-05T17:43:16Z" user="juanperez79" uid="6218510" lat="-34.4465324" lon="-58.5266159"/>
 <node id="5016782386" visible="true" version="1" changeset="50867826" timestamp="2017-08-05T17:43:16Z" user="juanperez79" uid="6218510" lat="-34.4458861" lon="-58.5261462"/>
 <node id="5016782387" visible="true" version="1" changeset="50867826" timestamp="2017-08-05T17:43:16Z" user="juanperez79" uid="6218510" lat="-34.4476848" lon="-58.5253801"/>
 <node id="5016782388" visible="true" version="2" changeset="161813581" timestamp="2025-01-27T11:08:28Z" user="MahaweliValley" uid="17834724" lat="-34.4470534" lon="-58.5271839"/>
 <node id="5040142908" visible="true" version="1" changeset="51190460" timestamp="2017-08-17T00:47:49Z" user="juanperez79" uid="6218510" lat="-34.4370822" lon="-58.5229238"/>
 <node id="5040142909" visible="true" version="1" changeset="51190460" timestamp="2017-08-17T00:47:49Z" user="juanperez79" uid="6218510" lat="-34.4385523" lon="-58.5235927"/>
 <node id="5040142910" visible="true" version="1" changeset="51190460" timestamp="2017-08-17T00:47:49Z" user="juanperez79" uid="6218510" lat="-34.4392380" lon="-58.5238556"/>
 <node id="5040142911" visible="true" version="1" changeset="51190460" timestamp="2017-08-17T00:47:49Z" user="juanperez79" uid="6218510" lat="-34.4400034" lon="-58.5242204"/>
 <node id="5040142912" visible="true" version="1" changeset="51190460" timestamp="2017-08-17T00:47:49Z" user="juanperez79" uid="6218510" lat="-34.4422995" lon="-58.5251645"/>
 <node id="5040142913" visible="true" version="1" changeset="51190460" timestamp="2017-08-17T00:47:49Z" user="juanperez79" uid="6218510" lat="-34.4424250" lon="-58.5252128"/>
 <node id="5119380665" visible="true" version="1" changeset="52239559" timestamp="2017-09-21T10:18:17Z" user="juanperez79" uid="6218510" lat="-34.4465535" lon="-58.5354180"/>
 <node id="5123249959" visible="true" version="1" changeset="52292858" timestamp="2017-09-23T00:59:53Z" user="AgusQui" uid="331218" lat="-34.4503562" lon="-58.5244703"/>
 <node id="5897941281" visible="true" version="1" changeset="62470639" timestamp="2018-09-11T00:18:44Z" user="Beerforfree" uid="215693" lat="-34.4489583" lon="-58.5251811">
  <tag k="addr:city" v="Victoria"/>
  <tag k="addr:housenumber" v="10"/>
  <tag k="addr:postcode" v="1644"/>
  <tag k="addr:street" v="Ricardo Rojas"/>
 </node>
 <node id="5897941282" visible="true" version="1" changeset="62470639" timestamp="2018-09-11T00:18:44Z" user="Beerforfree" uid="215693" lat="-34.4483965" lon="-58.5241377">
  <tag k="addr:city" v="Victoria"/>
  <tag k="addr:housenumber" v="2"/>
  <tag k="addr:postcode" v="1644"/>
  <tag k="addr:street" v="Ricardo Rojas"/>
 </node>
 <node id="5897941283" visible="true" version="1" changeset="62470639" timestamp="2018-09-11T00:18:44Z" user="Beerforfree" uid="215693" lat="-34.4487526" lon="-58.5252160">
  <tag k="addr:city" v="Victoria"/>
  <tag k="addr:housenumber" v="9"/>
  <tag k="addr:postcode" v="1644"/>
  <tag k="addr:street" v="Ricardo Rojas"/>
 </node>
 <node id="5897941284" visible="true" version="1" changeset="62470639" timestamp="2018-09-11T00:18:44Z" user="Beerforfree" uid="215693" lat="-34.4482726" lon="-58.5246366">
  <tag k="addr:city" v="Victoria"/>
  <tag k="addr:housenumber" v="1"/>
  <tag k="addr:postcode" v="1644"/>
  <tag k="addr:street" v="Ricardo Rojas"/>
 </node>
 <node id="5897943785" visible="true" version="1" changeset="62470639" timestamp="2018-09-11T00:18:45Z" user="Beerforfree" uid="215693" lat="-34.4487278" lon="-58.5249875"/>
 <node id="5897943786" visible="true" version="1" changeset="62470639" timestamp="2018-09-11T00:18:45Z" user="Beerforfree" uid="215693" lat="-34.4482103" lon="-58.5244414"/>
 <node id="6225984253" visible="true" version="1" changeset="66519347" timestamp="2019-01-21T22:11:44Z" user="serock" uid="1810448" lat="-34.4478200" lon="-58.5156063"/>
 <node id="6225984254" visible="true" version="1" changeset="66519347" timestamp="2019-01-21T22:11:44Z" user="serock" uid="1810448" lat="-34.4479099" lon="-58.5156397"/>
 <node id="6374111437" visible="true" version="1" changeset="68727600" timestamp="2019-03-31T15:31:04Z" user="yaugenka" uid="3166944" lat="-34.4413182" lon="-58.4731007"/>
 <node id="6374111438" visible="true" version="2" changeset="147151662" timestamp="2024-02-06T21:03:07Z" user="muralito" uid="755114" lat="-34.3877350" lon="-58.0014336"/>
 <node id="6376234624" visible="true" version="2" changeset="126027331" timestamp="2022-09-10T19:08:20Z" user="AgusQui" uid="331218" lat="-34.4522637" lon="-58.5276322"/>
 <node id="6376234625" visible="true" version="1" changeset="68760512" timestamp="2019-04-01T16:16:03Z" user="Barta" uid="185325" lat="-34.4494007" lon="-58.5253360"/>
 <node id="6376234626" visible="true" version="2" changeset="146342612" timestamp="2024-01-17T00:00:09Z" user="AgusQui" uid="331218" lat="-34.4490665" lon="-58.5257586"/>
 <node id="6376234627" visible="true" version="1" changeset="68760512" timestamp="2019-04-01T16:16:03Z" user="Barta" uid="185325" lat="-34.4488073" lon="-58.5261912"/>
 <node id="6376234628" visible="true" version="2" changeset="146342612" timestamp="2024-01-17T00:00:09Z" user="AgusQui" uid="331218" lat="-34.4486286" lon="-58.5265286"/>
 <node id="6376234629" visible="true" version="2" changeset="146342612" timestamp="2024-01-17T00:00:09Z" user="AgusQui" uid="331218" lat="-34.4484872" lon="-58.5268917"/>
 <node id="6376234630" visible="true" version="1" changeset="68760512" timestamp="2019-04-01T16:16:03Z" user="Barta" uid="185325" lat="-34.4474218" lon="-58.5297475"/>
 <node id="6376234631" visible="true" version="1" changeset="68760512" timestamp="2019-04-01T16:16:03Z" user="Barta" uid="185325" lat="-34.4461915" lon="-58.5324637"/>
 <node id="6376234632" visible="true" version="1" changeset="68760512" timestamp="2019-04-01T16:16:03Z" user="Barta" uid="185325" lat="-34.4458436" lon="-58.5332247"/>
 <node id="6376234633" visible="true" version="1" changeset="68760512" timestamp="2019-04-01T16:16:03Z" user="Barta" uid="185325" lat="-34.4456603" lon="-58.5337446"/>
 <node id="6376234634" visible="true" version="1" changeset="68760512" timestamp="2019-04-01T16:16:03Z" user="Barta" uid="185325" lat="-34.4455795" lon="-58.5340121"/>
 <node id="6376234635" visible="true" version="1" changeset="68760512" timestamp="2019-04-01T16:16:03Z" user="Barta" uid="185325" lat="-34.4465364" lon="-58.5353306"/>
 <node id="6376234636" visible="true" version="1" changeset="68760512" timestamp="2019-04-01T16:16:03Z" user="Barta" uid="185325" lat="-34.4481332" lon="-58.5378585"/>
 <node id="6376234637" visible="true" version="1" changeset="68760512" timestamp="2019-04-01T16:16:03Z" user="Barta" uid="185325" lat="-34.4488570" lon="-58.5356621"/>
 <node id="6376234638" visible="true" version="1" changeset="68760512" timestamp="2019-04-01T16:16:03Z" user="Barta" uid="185325" lat="-34.4495436" lon="-58.5340234"/>
 <node id="6376234639" visible="true" version="1" changeset="68760512" timestamp="2019-04-01T16:16:03Z" user="Barta" uid="185325" lat="-34.4499412" lon="-58.5330439"/>
 <node id="6376234640" visible="true" version="1" changeset="68760512" timestamp="2019-04-01T16:16:03Z" user="Barta" uid="185325" lat="-34.4503668" lon="-58.5321849"/>
 <node id="6376234641" visible="true" version="1" changeset="68760512" timestamp="2019-04-01T16:16:03Z" user="Barta" uid="185325" lat="-34.4504911" lon="-58.5318082"/>
 <node id="6376234642" visible="true" version="1" changeset="68760512" timestamp="2019-04-01T16:16:03Z" user="Barta" uid="185325" lat="-34.4506029" lon="-58.5309342"/>
 <node id="6376234643" visible="true" version="1" changeset="68760512" timestamp="2019-04-01T16:16:03Z" user="Barta" uid="185325" lat="-34.4506806" lon="-58.5305801"/>
 <node id="6376234644" visible="true" version="1" changeset="68760512" timestamp="2019-04-01T16:16:03Z" user="Barta" uid="185325" lat="-34.4509012" lon="-58.5300753"/>
 <node id="6376234645" visible="true" version="1" changeset="68760512" timestamp="2019-04-01T16:16:03Z" user="Barta" uid="185325" lat="-34.4513765" lon="-58.5291673"/>
 <node id="6376234646" visible="true" version="1" changeset="68760512" timestamp="2019-04-01T16:16:03Z" user="Barta" uid="185325" lat="-34.4482443" lon="-58.5266930"/>
 <node id="6376234647" visible="true" version="1" changeset="68760512" timestamp="2019-04-01T16:16:03Z" user="Barta" uid="185325" lat="-34.4489185" lon="-58.5254272"/>
 <node id="6376234648" visible="true" version="1" changeset="68760512" timestamp="2019-04-01T16:16:03Z" user="Barta" uid="185325" lat="-34.4486731" lon="-58.5249826"/>
 <node id="6376234649" visible="true" version="1" changeset="68760512" timestamp="2019-04-01T16:16:03Z" user="Barta" uid="185325" lat="-34.4482319" lon="-58.5245117"/>
 <node id="6376234650" visible="true" version="1" changeset="68760512" timestamp="2019-04-01T16:16:03Z" user="Barta" uid="185325" lat="-34.4474490" lon="-58.5262974"/>
 <node id="6376234651" visible="true" version="1" changeset="68760512" timestamp="2019-04-01T16:16:03Z" user="Barta" uid="185325" lat="-34.4468681" lon="-58.5277733"/>
 <node id="8577033137" visible="true" version="2" changeset="102012009" timestamp="2021-03-30T22:38:39Z" user="Hernan" uid="72347" lat="-34.4456184" lon="-58.5121268"/>
 <node id="8577035846" visible="true" version="2" changeset="148774744" timestamp="2024-03-17T14:32:31Z" user="AlejandroAlba" uid="6499071" lat="-34.4451605" lon="-58.5132868"/>
 <node id="8577035847" visible="true" version="2" changeset="148774744" timestamp="2024-03-17T14:32:31Z" user="AlejandroAlba" uid="6499071" lat="-34.4450798" lon="-58.5129140"/>
 <node id="8577035848" visible="true" version="2" changeset="148774744" timestamp="2024-03-17T14:32:31Z" user="AlejandroAlba" uid="6499071" lat="-34.4450908" lon="-58.5127719"/>
 <node id="8577035849" visible="true" version="2" changeset="148774744" timestamp="2024-03-17T14:32:31Z" user="AlejandroAlba" uid="6499071" lat="-34.4451350" lon="-58.5126941"/>
 <node id="8577035850" visible="true" version="2" changeset="148774744" timestamp="2024-03-17T14:32:31Z" user="AlejandroAlba" uid="6499071" lat="-34.4451937" lon="-58.5126136"/>
 <node id="8577035851" visible="true" version="2" changeset="148774744" timestamp="2024-03-17T14:32:31Z" user="AlejandroAlba" uid="6499071" lat="-34.4452070" lon="-58.5125399"/>
 <node id="8577035852" visible="true" version="2" changeset="148774744" timestamp="2024-03-17T14:32:31Z" user="AlejandroAlba" uid="6499071" lat="-34.4452279" lon="-58.5124593"/>
 <node id="8577035853" visible="true" version="1" changeset="102011637" timestamp="2021-03-30T22:22:28Z" user="Hernan" uid="72347" lat="-34.4451804" lon="-58.5123950"/>
 <node id="8577035854" visible="true" version="1" changeset="102011637" timestamp="2021-03-30T22:22:28Z" user="Hernan" uid="72347" lat="-34.4451605" lon="-58.5123011"/>
 <node id="8577035855" visible="true" version="1" changeset="102011637" timestamp="2021-03-30T22:22:28Z" user="Hernan" uid="72347" lat="-34.4451505" lon="-58.5122542"/>
 <node id="8577035856" visible="true" version="1" changeset="102011637" timestamp="2021-03-30T22:22:28Z" user="Hernan" uid="72347" lat="-34.4451339" lon="-58.5122421"/>
 <node id="8577035857" visible="true" version="1" changeset="102011637" timestamp="2021-03-30T22:22:28Z" user="Hernan" uid="72347" lat="-34.4451140" lon="-58.5122743"/>
 <node id="8577035858" visible="true" version="1" changeset="102011637" timestamp="2021-03-30T22:22:28Z" user="Hernan" uid="72347" lat="-34.4450941" lon="-58.5122743"/>
 <node id="8577035859" visible="true" version="1" changeset="102011637" timestamp="2021-03-30T22:22:28Z" user="Hernan" uid="72347" lat="-34.4450753" lon="-58.5122341"/>
 <node id="8577035860" visible="true" version="1" changeset="102011637" timestamp="2021-03-30T22:22:28Z" user="Hernan" uid="72347" lat="-34.4450510" lon="-58.5121831"/>
 <node id="8577035861" visible="true" version="1" changeset="102011637" timestamp="2021-03-30T22:22:28Z" user="Hernan" uid="72347" lat="-34.4450090" lon="-58.5120986"/>
 <node id="8577035862" visible="true" version="1" changeset="102011637" timestamp="2021-03-30T22:22:28Z" user="Hernan" uid="72347" lat="-34.4449769" lon="-58.5120208"/>
 <node id="8577035863" visible="true" version="1" changeset="102011637" timestamp="2021-03-30T22:22:28Z" user="Hernan" uid="72347" lat="-34.4449415" lon="-58.5119887"/>
 <node id="8577035864" visible="true" version="1" changeset="102011637" timestamp="2021-03-30T22:22:28Z" user="Hernan" uid="72347" lat="-34.4448785" lon="-58.5119592"/>
 <node id="8577035865" visible="true" version="1" changeset="102011637" timestamp="2021-03-30T22:22:28Z" user="Hernan" uid="72347" lat="-34.4447955" lon="-58.5119484"/>
 <node id="8577035866" visible="true" version="1" changeset="102011637" timestamp="2021-03-30T22:22:28Z" user="Hernan" uid="72347" lat="-34.4447413" lon="-58.5119793"/>
 <node id="8577035867" visible="true" version="1" changeset="102011637" timestamp="2021-03-30T22:22:28Z" user="Hernan" uid="72347" lat="-34.4446816" lon="-58.5120624"/>
 <node id="8577035868" visible="true" version="1" changeset="102011637" timestamp="2021-03-30T22:22:28Z" user="Hernan" uid="72347" lat="-34.4446529" lon="-58.5121429"/>
 <node id="8577035869" visible="true" version="1" changeset="102011637" timestamp="2021-03-30T22:22:28Z" user="Hernan" uid="72347" lat="-34.4446418" lon="-58.5122435"/>
 <node id="8577035870" visible="true" version="1" changeset="102011637" timestamp="2021-03-30T22:22:28Z" user="Hernan" uid="72347" lat="-34.4446440" lon="-58.5123816"/>
 <node id="8577035871" visible="true" version="1" changeset="102011637" timestamp="2021-03-30T22:22:28Z" user="Hernan" uid="72347" lat="-34.4446639" lon="-58.5126123"/>
 <node id="8577035872" visible="true" version="2" changeset="148774744" timestamp="2024-03-17T14:32:31Z" user="AlejandroAlba" uid="6499071" lat="-34.4446451" lon="-58.5127464"/>
 <node id="8577035873" visible="true" version="2" changeset="148774744" timestamp="2024-03-17T14:32:31Z" user="AlejandroAlba" uid="6499071" lat="-34.4446839" lon="-58.5129047"/>
 <node id="8577035874" visible="true" version="2" changeset="148774744" timestamp="2024-03-17T14:32:31Z" user="AlejandroAlba" uid="6499071" lat="-34.4450532" lon="-58.5138877"/>
 <node id="8577035875" visible="true" version="2" changeset="148774744" timestamp="2024-03-17T14:32:31Z" user="AlejandroAlba" uid="6499071" lat="-34.4451561" lon="-58.5136905"/>
 <node id="8577035876" visible="true" version="2" changeset="148774744" timestamp="2024-03-17T14:32:31Z" user="AlejandroAlba" uid="6499071" lat="-34.4451771" lon="-58.5134947"/>
 <node id="8577035879" visible="true" version="2" changeset="148774861" timestamp="2024-03-17T14:35:10Z" user="AlejandroAlba" uid="6499071" lat="-34.4441618" lon="-58.5131715"/>
 <node id="8577035880" visible="true" version="2" changeset="148774861" timestamp="2024-03-17T14:35:10Z" user="AlejandroAlba" uid="6499071" lat="-34.4441408" lon="-58.5130682"/>
 <node id="8577035881" visible="true" version="2" changeset="148774861" timestamp="2024-03-17T14:35:10Z" user="AlejandroAlba" uid="6499071" lat="-34.4441264" lon="-58.5129838"/>
 <node id="8577035882" visible="true" version="2" changeset="148774861" timestamp="2024-03-17T14:35:10Z" user="AlejandroAlba" uid="6499071" lat="-34.4441043" lon="-58.5129100"/>
 <node id="8577035883" visible="true" version="2" changeset="148774861" timestamp="2024-03-17T14:35:10Z" user="AlejandroAlba" uid="6499071" lat="-34.4440656" lon="-58.5128067"/>
 <node id="8577035884" visible="true" version="2" changeset="148774861" timestamp="2024-03-17T14:35:10Z" user="AlejandroAlba" uid="6499071" lat="-34.4440213" lon="-58.5127008"/>
 <node id="8577035885" visible="true" version="2" changeset="148774861" timestamp="2024-03-17T14:35:10Z" user="AlejandroAlba" uid="6499071" lat="-34.4439229" lon="-58.5126606"/>
 <node id="8577035886" visible="true" version="2" changeset="148774861" timestamp="2024-03-17T14:35:10Z" user="AlejandroAlba" uid="6499071" lat="-34.4437935" lon="-58.5126498"/>
 <node id="8577035887" visible="true" version="2" changeset="148774861" timestamp="2024-03-17T14:35:10Z" user="AlejandroAlba" uid="6499071" lat="-34.4437083" lon="-58.5127262"/>
 <node id="8577035888" visible="true" version="2" changeset="148774861" timestamp="2024-03-17T14:35:10Z" user="AlejandroAlba" uid="6499071" lat="-34.4436375" lon="-58.5128027"/>
 <node id="8577035889" visible="true" version="2" changeset="148774861" timestamp="2024-03-17T14:35:10Z" user="AlejandroAlba" uid="6499071" lat="-34.4436143" lon="-58.5129435"/>
 <node id="8577035890" visible="true" version="2" changeset="148774861" timestamp="2024-03-17T14:35:10Z" user="AlejandroAlba" uid="6499071" lat="-34.4436010" lon="-58.5131501"/>
 <node id="8577035891" visible="true" version="2" changeset="148774861" timestamp="2024-03-17T14:35:10Z" user="AlejandroAlba" uid="6499071" lat="-34.4437006" lon="-58.5137616"/>
 <node id="8577069774" visible="true" version="1" changeset="102012009" timestamp="2021-03-30T22:38:39Z" user="Hernan" uid="72347" lat="-34.4458749" lon="-58.5136986"/>
 <node id="8577069775" visible="true" version="1" changeset="102012009" timestamp="2021-03-30T22:38:39Z" user="Hernan" uid="72347" lat="-34.4460430" lon="-58.5156834"/>
 <node id="8577069776" visible="true" version="1" changeset="102012009" timestamp="2021-03-30T22:38:39Z" user="Hernan" uid="72347" lat="-34.4434949" lon="-58.5143960"/>
 <node id="8577069779" visible="true" version="1" changeset="102012009" timestamp="2021-03-30T22:38:39Z" user="Hernan" uid="72347" lat="-34.4460430" lon="-58.5175610"/>
 <node id="8651295284" visible="true" version="1" changeset="103340327" timestamp="2021-04-21T12:24:51Z" user="zorque" uid="13445" lat="-34.4432309" lon="-58.4954521"/>
 <node id="9115316542" visible="true" version="2" changeset="161701972" timestamp="2025-01-24T08:22:11Z" user="LakePoyang" uid="18237328" lat="-34.4538827" lon="-58.5102045"/>
 <node id="9294401331" visible="true" version="1" changeset="114375185" timestamp="2021-11-29T19:53:29Z" user="AlejandroAlba" uid="6499071" lat="-34.4386815" lon="-58.4886360"/>
 <node id="9294401332" visible="true" version="1" changeset="114375185" timestamp="2021-11-29T19:53:29Z" user="AlejandroAlba" uid="6499071" lat="-34.4372303" lon="-58.4860182"/>
 <node id="9295992753" visible="true" version="1" changeset="114400040" timestamp="2021-11-30T11:54:32Z" user="AlejandroAlba" uid="6499071" lat="-34.2200000" lon="-58.2300000">
  <tag k="note" v="-34° 22' -58° 23'"/>
 </node>
 <node id="9388901277" visible="true" version="1" changeset="115722443" timestamp="2022-01-03T17:52:39Z" user="Paula Videla" uid="14640841" lat="-34.4505887" lon="-58.5242937"/>
 <node id="9388901278" visible="true" version="1" changeset="115722443" timestamp="2022-01-03T17:52:39Z" user="Paula Videla" uid="14640841" lat="-34.4503481" lon="-58.5234166">
  <tag k="addr:housenumber" v="148"/>
  <tag k="addr:street" v="Uruguay"/>
 </node>
 <node id="9388901279" visible="true" version="1" changeset="115722443" timestamp="2022-01-03T17:52:39Z" user="Paula Videla" uid="14640841" lat="-34.4488399" lon="-58.5203475">
  <tag k="addr:housenumber" v="2"/>
  <tag k="addr:street" v="Uruguay"/>
 </node>
 <node id="9932921036" visible="true" version="1" changeset="124502845" timestamp="2022-08-05T03:38:00Z" user="patodiez" uid="1856060" lat="-34.4482802" lon="-58.5229553"/>
 <node id="9932921037" visible="true" version="1" changeset="124502845" timestamp="2022-08-05T03:38:00Z" user="patodiez" uid="1856060" lat="-34.4497746" lon="-58.5169141"/>
 <node id="11194357885" visible="true" version="1" changeset="141314800" timestamp="2023-09-15T18:17:27Z" user="dcskobuffs" uid="14174445" lat="-34.4493937" lon="-58.5166856"/>
 <node id="11194357886" visible="true" version="1" changeset="141314800" timestamp="2023-09-15T18:17:27Z" user="dcskobuffs" uid="14174445" lat="-34.4493752" lon="-58.5168260"/>
 <node id="11194357887" visible="true" version="1" changeset="141314800" timestamp="2023-09-15T18:17:27Z" user="dcskobuffs" uid="14174445" lat="-34.4493277" lon="-58.5170540"/>
 <node id="11194357888" visible="true" version="1" changeset="141314800" timestamp="2023-09-15T18:17:27Z" user="dcskobuffs" uid="14174445" lat="-34.4492879" lon="-58.5172163"/>
 <node id="11194357889" visible="true" version="1" changeset="141314800" timestamp="2023-09-15T18:17:27Z" user="dcskobuffs" uid="14174445" lat="-34.4492691" lon="-58.5172391"/>
 <node id="11194357890" visible="true" version="1" changeset="141314800" timestamp="2023-09-15T18:17:27Z" user="dcskobuffs" uid="14174445" lat="-34.4492337" lon="-58.5172458"/>
 <node id="11194357891" visible="true" version="1" changeset="141314800" timestamp="2023-09-15T18:17:27Z" user="dcskobuffs" uid="14174445" lat="-34.4491850" lon="-58.5172176"/>
 <node id="11194357892" visible="true" version="1" changeset="141314800" timestamp="2023-09-15T18:17:27Z" user="dcskobuffs" uid="14174445" lat="-34.4491640" lon="-58.5171761"/>
 <node id="11194357893" visible="true" version="1" changeset="141314800" timestamp="2023-09-15T18:17:27Z" user="dcskobuffs" uid="14174445" lat="-34.4491695" lon="-58.5170943"/>
 <node id="11194357894" visible="true" version="1" changeset="141314800" timestamp="2023-09-15T18:17:27Z" user="dcskobuffs" uid="14174445" lat="-34.4492038" lon="-58.5169709"/>
 <node id="11194357895" visible="true" version="1" changeset="141314800" timestamp="2023-09-15T18:17:27Z" user="dcskobuffs" uid="14174445" lat="-34.4492569" lon="-58.5168006"/>
 <node id="11194357896" visible="true" version="1" changeset="141314800" timestamp="2023-09-15T18:17:27Z" user="dcskobuffs" uid="14174445" lat="-34.4493182" lon="-58.5166626"/>
 <node id="11520857563" visible="true" version="1" changeset="146306475" timestamp="2024-01-16T04:23:22Z" user="AgusQui" uid="331218" lat="-34.4440922" lon="-58.5422103">
  <tag k="traffic_calming" v="bump"/>
 </node>
 <node id="11523765119" visible="true" version="1" changeset="146342612" timestamp="2024-01-17T00:00:09Z" user="AgusQui" uid="331218" lat="-34.4499285" lon="-58.5245473"/>
 <node id="11523765120" visible="true" version="1" changeset="146342612" timestamp="2024-01-17T00:00:09Z" user="AgusQui" uid="331218" lat="-34.4498286" lon="-58.5246380"/>
 <node id="11523765121" visible="true" version="1" changeset="146342612" timestamp="2024-01-17T00:00:09Z" user="AgusQui" uid="331218" lat="-34.4494770" lon="-58.5250309"/>
 <node id="11523765122" visible="true" version="1" changeset="146342612" timestamp="2024-01-17T00:00:09Z" user="AgusQui" uid="331218" lat="-34.4492691" lon="-58.5252750"/>
 <node id="11523765123" visible="true" version="1" changeset="146342612" timestamp="2024-01-17T00:00:09Z" user="AgusQui" uid="331218" lat="-34.4490553" lon="-58.5255658"/>
 <node id="11523765124" visible="true" version="1" changeset="146342612" timestamp="2024-01-17T00:00:09Z" user="AgusQui" uid="331218" lat="-34.4489561" lon="-58.5257243"/>
 <node id="11523765125" visible="true" version="1" changeset="146342612" timestamp="2024-01-17T00:00:09Z" user="AgusQui" uid="331218" lat="-34.4486453" lon="-58.5262781"/>
 <node id="11523765126" visible="true" version="1" changeset="146342612" timestamp="2024-01-17T00:00:09Z" user="AgusQui" uid="331218" lat="-34.4484916" lon="-58.5266000"/>
 <node id="11523765127" visible="true" version="1" changeset="146342612" timestamp="2024-01-17T00:00:09Z" user="AgusQui" uid="331218" lat="-34.4483290" lon="-58.5270010"/>
 <node id="11523765128" visible="true" version="1" changeset="146342612" timestamp="2024-01-17T00:00:09Z" user="AgusQui" uid="331218" lat="-34.4480465" lon="-58.5279380">
  <tag k="traffic_calming" v="bump"/>
 </node>
 <node id="11523765129" visible="true" version="1" changeset="146342612" timestamp="2024-01-17T00:00:09Z" user="AgusQui" uid="331218" lat="-34.4479663" lon="-58.5280122"/>
 <node id="11523765135" visible="true" version="1" changeset="146342612" timestamp="2024-01-17T00:00:09Z" user="AgusQui" uid="331218" lat="-34.4465558" lon="-58.5315892">
  <tag k="traffic_calming" v="bump"/>
 </node>
 <node id="11523765167" visible="true" version="1" changeset="146342612" timestamp="2024-01-17T00:00:09Z" user="AgusQui" uid="331218" lat="-34.4459740" lon="-58.5328455">
  <tag k="traffic_calming" v="bump"/>
 </node>
 <node id="11739026889" visible="true" version="1" changeset="148774861" timestamp="2024-03-17T14:35:10Z" user="AlejandroAlba" uid="6499071" lat="-34.4444460" lon="-58.5139990"/>
 <node id="11739026890" visible="true" version="1" changeset="148774861" timestamp="2024-03-17T14:35:10Z" user="AlejandroAlba" uid="6499071" lat="-34.4444770" lon="-58.5143638"/>
 <node id="11739026891" visible="true" version="1" changeset="148774861" timestamp="2024-03-17T14:35:10Z" user="AlejandroAlba" uid="6499071" lat="-34.4443045" lon="-58.5139078"/>
 <node id="11739026892" visible="true" version="1" changeset="148774861" timestamp="2024-03-17T14:35:10Z" user="AlejandroAlba" uid="6499071" lat="-34.4444637" lon="-58.5146481"/>
 <node id="11739026893" visible="true" version="1" changeset="148774861" timestamp="2024-03-17T14:35:10Z" user="AlejandroAlba" uid="6499071" lat="-34.4446230" lon="-58.5159463"/>
 <node id="11739026894" visible="true" version="1" changeset="148774861" timestamp="2024-03-17T14:35:10Z" user="AlejandroAlba" uid="6499071" lat="-34.4442514" lon="-58.5160911"/>
 <node id="11739026895" visible="true" version="1" changeset="148774861" timestamp="2024-03-17T14:35:10Z" user="AlejandroAlba" uid="6499071" lat="-34.4445212" lon="-58.5163593"/>
 <node id="11904461483" visible="true" version="3" changeset="161905310" timestamp="2025-01-29T16:42:36Z" user="MahaweliValley" uid="17834724" lat="-34.4471374" lon="-58.5225271"/>
 <node id="11904461484" visible="true" version="1" changeset="151318715" timestamp="2024-05-14T15:34:13Z" user="LakeTana" uid="17323103" lat="-34.4463992" lon="-58.5227343"/>
 <node id="11904461485" visible="true" version="3" changeset="161905310" timestamp="2025-01-29T16:42:36Z" user="MahaweliValley" uid="17834724" lat="-34.4470971" lon="-58.5225479"/>
 <node id="11904461486" visible="true" version="3" changeset="161905310" timestamp="2025-01-29T16:42:36Z" user="MahaweliValley" uid="17834724" lat="-34.4471894" lon="-58.5225218"/>
 <node id="11904461487" visible="true" version="1" changeset="151318715" timestamp="2024-05-14T15:34:13Z" user="LakeTana" uid="17323103" lat="-34.4463881" lon="-58.5235651"/>
 <node id="11904461488" visible="true" version="2" changeset="161866533" timestamp="2025-01-28T17:24:41Z" user="RideauCanal" uid="20109092" lat="-34.4465363" lon="-58.5231869"/>
 <node id="11904461489" visible="true" version="1" changeset="151318715" timestamp="2024-05-14T15:34:13Z" user="LakeTana" uid="17323103" lat="-34.4465883" lon="-58.5228959"/>
 <node id="11904461490" visible="true" version="1" changeset="151318715" timestamp="2024-05-14T15:34:13Z" user="LakeTana" uid="17323103" lat="-34.4466060" lon="-58.5228489"/>
 <node id="11904461491" visible="true" version="1" changeset="151318715" timestamp="2024-05-14T15:34:13Z" user="LakeTana" uid="17323103" lat="-34.4469112" lon="-58.5226357"/>
 <node id="11904461492" visible="true" version="3" changeset="161905310" timestamp="2025-01-29T16:42:36Z" user="MahaweliValley" uid="17834724" lat="-34.4470556" lon="-58.5225717"/>
 <node id="11904461493" visible="true" version="3" changeset="161905310" timestamp="2025-01-29T16:42:36Z" user="MahaweliValley" uid="17834724" lat="-34.4471313" lon="-58.5226465"/>
 <node id="11904461494" visible="true" version="1" changeset="151318715" timestamp="2024-05-14T15:34:13Z" user="LakeTana" uid="17323103" lat="-34.4481078" lon="-58.5229924"/>
 <node id="11904461495" visible="true" version="1" changeset="151318715" timestamp="2024-05-14T15:34:13Z" user="LakeTana" uid="17323103" lat="-34.4481532" lon="-58.5230260"/>
 <node id="11904461496" visible="true" version="2" changeset="161813581" timestamp="2025-01-27T11:08:28Z" user="MahaweliValley" uid="17834724" lat="-34.4482079" lon="-58.5230776"/>
 <node id="11904461497" visible="true" version="2" changeset="161813581" timestamp="2025-01-27T11:08:28Z" user="MahaweliValley" uid="17834724" lat="-34.4482505" lon="-58.5231513"/>
 <node id="12526762957" visible="true" version="1" changeset="161682876" timestamp="2025-01-23T17:18:26Z" user="MahaweliValley" uid="17834724" lat="-34.4511957" lon="-58.5210393"/>
 <node id="12526762958" visible="true" version="1" changeset="161682876" timestamp="2025-01-23T17:18:26Z" user="MahaweliValley" uid="17834724" lat="-34.4491673" lon="-58.5195123"/>
 <node id="12526762959" visible="true" version="1" changeset="161682876" timestamp="2025-01-23T17:18:26Z" user="MahaweliValley" uid="17834724" lat="-34.4491795" lon="-58.5190550"/>
 <node id="12526762960" visible="true" version="1" changeset="161682876" timestamp="2025-01-23T17:18:26Z" user="MahaweliValley" uid="17834724" lat="-34.4492005" lon="-58.5188806"/>
 <node id="12526762961" visible="true" version="1" changeset="161682876" timestamp="2025-01-23T17:18:26Z" user="MahaweliValley" uid="17834724" lat="-34.4492392" lon="-58.5187800"/>
 <node id="12526762962" visible="true" version="1" changeset="161682876" timestamp="2025-01-23T17:18:26Z" user="MahaweliValley" uid="17834724" lat="-34.4492879" lon="-58.5187304"/>
 <node id="12526762963" visible="true" version="1" changeset="161682876" timestamp="2025-01-23T17:18:26Z" user="MahaweliValley" uid="17834724" lat="-34.4499979" lon="-58.5182114"/>
 <node id="12526762964" visible="true" version="1" changeset="161682876" timestamp="2025-01-23T17:18:26Z" user="MahaweliValley" uid="17834724" lat="-34.4500930" lon="-58.5181296"/>
 <node id="12526762965" visible="true" version="1" changeset="161682876" timestamp="2025-01-23T17:18:26Z" user="MahaweliValley" uid="17834724" lat="-34.4501483" lon="-58.5181148"/>
 <node id="12526762966" visible="true" version="1" changeset="161682876" timestamp="2025-01-23T17:18:26Z" user="MahaweliValley" uid="17834724" lat="-34.4502168" lon="-58.5181443"/>
 <node id="12526762967" visible="true" version="1" changeset="161682876" timestamp="2025-01-23T17:18:26Z" user="MahaweliValley" uid="17834724" lat="-34.4502821" lon="-58.5182141"/>
 <node id="12526762968" visible="true" version="1" changeset="161682876" timestamp="2025-01-23T17:18:26Z" user="MahaweliValley" uid="17834724" lat="-34.4506437" lon="-58.5189973"/>
 <node id="12526762969" visible="true" version="1" changeset="161682876" timestamp="2025-01-23T17:18:26Z" user="MahaweliValley" uid="17834724" lat="-34.4509257" lon="-58.5196303"/>
 <node id="12526762970" visible="true" version="1" changeset="161682876" timestamp="2025-01-23T17:18:26Z" user="MahaweliValley" uid="17834724" lat="-34.4511989" lon="-58.5201935"/>
 <node id="12526762971" visible="true" version="1" changeset="161682876" timestamp="2025-01-23T17:18:26Z" user="MahaweliValley" uid="17834724" lat="-34.4513791" lon="-58.5205731"/>
 <node id="12526762972" visible="true" version="1" changeset="161682876" timestamp="2025-01-23T17:18:26Z" user="MahaweliValley" uid="17834724" lat="-34.4514001" lon="-58.5206522"/>
 <node id="12526762973" visible="true" version="1" changeset="161682876" timestamp="2025-01-23T17:18:26Z" user="MahaweliValley" uid="17834724" lat="-34.4513835" lon="-58.5207166"/>
 <node id="12526762974" visible="true" version="1" changeset="161682876" timestamp="2025-01-23T17:18:26Z" user="MahaweliValley" uid="17834724" lat="-34.4512586" lon="-58.5209191"/>
 <node id="12526762975" visible="true" version="1" changeset="161682876" timestamp="2025-01-23T17:18:26Z" user="MahaweliValley" uid="17834724" lat="-34.4511126" lon="-58.5211980"/>
 <node id="12526762976" visible="true" version="1" changeset="161682876" timestamp="2025-01-23T17:18:26Z" user="MahaweliValley" uid="17834724" lat="-34.4510507" lon="-58.5212973"/>
 <node id="12526762977" visible="true" version="2" changeset="161824304" timestamp="2025-01-27T15:58:47Z" user="MahaweliValley" uid="17834724" lat="-34.4510114" lon="-58.5213717"/>
 <node id="12528658932" visible="true" version="1" changeset="161697687" timestamp="2025-01-24T05:05:17Z" user="LakePoyang" uid="18237328" lat="-34.4478789" lon="-58.5132600"/>
 <node id="12528658933" visible="true" version="1" changeset="161697687" timestamp="2025-01-24T05:05:17Z" user="LakePoyang" uid="18237328" lat="-34.4488831" lon="-58.5089926"/>
 <node id="12528658934" visible="true" version="2" changeset="177826779" timestamp="2026-01-29T01:12:56Z" user="Josuer" uid="3382594" lat="-34.4485945" lon="-58.5101849"/>
 <node id="12528658935" visible="true" version="2" changeset="177826779" timestamp="2026-01-29T01:12:56Z" user="Josuer" uid="3382594" lat="-34.4485833" lon="-58.5102600"/>
 <node id="12528658936" visible="true" version="2" changeset="177826779" timestamp="2026-01-29T01:12:56Z" user="Josuer" uid="3382594" lat="-34.4485834" lon="-58.5103391"/>
 <node id="12528658937" visible="true" version="1" changeset="161697687" timestamp="2025-01-24T05:05:17Z" user="LakePoyang" uid="18237328" lat="-34.4482527" lon="-58.5117432"/>
 <node id="12528658938" visible="true" version="1" changeset="161697687" timestamp="2025-01-24T05:05:17Z" user="LakePoyang" uid="18237328" lat="-34.4480028" lon="-58.5127692"/>
 <node id="12528658939" visible="true" version="1" changeset="161697687" timestamp="2025-01-24T05:05:17Z" user="LakePoyang" uid="18237328" lat="-34.4477866" lon="-58.5135863"/>
 <node id="12528658940" visible="true" version="1" changeset="161697687" timestamp="2025-01-24T05:05:17Z" user="LakePoyang" uid="18237328" lat="-34.4477830" lon="-58.5136282"/>
 <node id="12528658941" visible="true" version="1" changeset="161697687" timestamp="2025-01-24T05:05:17Z" user="LakePoyang" uid="18237328" lat="-34.4477993" lon="-58.5136503"/>
 <node id="12528658942" visible="true" version="2" changeset="177826723" timestamp="2026-01-29T01:08:54Z" user="Josuer" uid="3382594" lat="-34.4479626" lon="-58.5137125"/>
 <node id="12528658944" visible="true" version="1" changeset="161697687" timestamp="2025-01-24T05:05:17Z" user="LakePoyang" uid="18237328" lat="-34.4488156" lon="-58.5102553"/>
 <node id="12528658945" visible="true" version="2" changeset="161707024" timestamp="2025-01-24T10:50:54Z" user="MulwalaCanal" uid="19895412" lat="-34.4490918" lon="-58.5092372"/>
 <node id="12528658953" visible="true" version="1" changeset="161697687" timestamp="2025-01-24T05:05:17Z" user="LakePoyang" uid="18237328" lat="-34.4496810" lon="-58.5078289"/>
 <node id="12528658960" visible="true" version="1" changeset="161697687" timestamp="2025-01-24T05:05:17Z" user="LakePoyang" uid="18237328" lat="-34.4494339" lon="-58.5084534"/>
 <node id="12536033034" visible="true" version="1" changeset="161813581" timestamp="2025-01-27T11:08:28Z" user="MahaweliValley" uid="17834724" lat="-34.4460812" lon="-58.5234739"/>
 <node id="12536033035" visible="true" version="1" changeset="161813581" timestamp="2025-01-27T11:08:28Z" user="MahaweliValley" uid="17834724" lat="-34.4463173" lon="-58.5235959"/>
 <node id="12536033036" visible="true" version="1" changeset="161813581" timestamp="2025-01-27T11:08:28Z" user="MahaweliValley" uid="17834724" lat="-34.4463505" lon="-58.5235926"/>
 <node id="12536167689" visible="true" version="1" changeset="161816387" timestamp="2025-01-27T12:26:36Z" user="MahaweliValley" uid="17834724" lat="-34.4501637" lon="-58.5232196"/>
 <node id="12536167693" visible="true" version="1" changeset="161816387" timestamp="2025-01-27T12:26:36Z" user="MahaweliValley" uid="17834724" lat="-34.4487287" lon="-58.5202454"/>
 <node id="12536167694" visible="true" version="1" changeset="161816387" timestamp="2025-01-27T12:26:36Z" user="MahaweliValley" uid="17834724" lat="-34.4489041" lon="-58.5202070"/>
 <node id="12536167695" visible="true" version="1" changeset="161816387" timestamp="2025-01-27T12:26:36Z" user="MahaweliValley" uid="17834724" lat="-34.4489594" lon="-58.5201734"/>
 <node id="12536167696" visible="true" version="1" changeset="161816387" timestamp="2025-01-27T12:26:36Z" user="MahaweliValley" uid="17834724" lat="-34.4489948" lon="-58.5201386"/>
 <node id="12536167697" visible="true" version="1" changeset="161816387" timestamp="2025-01-27T12:26:36Z" user="MahaweliValley" uid="17834724" lat="-34.4490059" lon="-58.5200527"/>
 <node id="12536167698" visible="true" version="1" changeset="161816387" timestamp="2025-01-27T12:26:36Z" user="MahaweliValley" uid="17834724" lat="-34.4490059" lon="-58.5199253"/>
 <node id="12536167699" visible="true" version="1" changeset="161816387" timestamp="2025-01-27T12:26:36Z" user="MahaweliValley" uid="17834724" lat="-34.4489848" lon="-58.5197215"/>
 <node id="12536167700" visible="true" version="1" changeset="161816387" timestamp="2025-01-27T12:26:36Z" user="MahaweliValley" uid="17834724" lat="-34.4489528" lon="-58.5196491"/>
 <node id="12536187401" visible="true" version="1" changeset="161816387" timestamp="2025-01-27T12:26:36Z" user="MahaweliValley" uid="17834724" lat="-34.4489019" lon="-58.5196021"/>
 <node id="12536187402" visible="true" version="1" changeset="161816387" timestamp="2025-01-27T12:26:36Z" user="MahaweliValley" uid="17834724" lat="-34.4488488" lon="-58.5195981"/>
 <node id="12536187403" visible="true" version="1" changeset="161816387" timestamp="2025-01-27T12:26:36Z" user="MahaweliValley" uid="17834724" lat="-34.4488013" lon="-58.5196276"/>
 <node id="12536187404" visible="true" version="1" changeset="161816387" timestamp="2025-01-27T12:26:36Z" user="MahaweliValley" uid="17834724" lat="-34.4487471" lon="-58.5196853"/>
 <node id="12536187405" visible="true" version="1" changeset="161816387" timestamp="2025-01-27T12:26:36Z" user="MahaweliValley" uid="17834724" lat="-34.4486984" lon="-58.5198274"/>
 <node id="12536187406" visible="true" version="1" changeset="161816387" timestamp="2025-01-27T12:26:36Z" user="MahaweliValley" uid="17834724" lat="-34.4486929" lon="-58.5199159"/>
 <node id="12536187407" visible="true" version="1" changeset="161816387" timestamp="2025-01-27T12:26:36Z" user="MahaweliValley" uid="17834724" lat="-34.4486929" lon="-58.5201024"/>
 <node id="12536187408" visible="true" version="1" changeset="161816387" timestamp="2025-01-27T12:26:36Z" user="MahaweliValley" uid="17834724" lat="-34.4485934" lon="-58.5207120"/>
 <node id="12536187409" visible="true" version="1" changeset="161816387" timestamp="2025-01-27T12:26:36Z" user="MahaweliValley" uid="17834724" lat="-34.4484754" lon="-58.5212552"/>
 <node id="12536187410" visible="true" version="1" changeset="161816387" timestamp="2025-01-27T12:26:36Z" user="MahaweliValley" uid="17834724" lat="-34.4486913" lon="-58.5207390"/>
 <node id="12536187411" visible="true" version="1" changeset="161816387" timestamp="2025-01-27T12:26:36Z" user="MahaweliValley" uid="17834724" lat="-34.4485675" lon="-58.5212833"/>
 <node id="12536187412" visible="true" version="1" changeset="161816387" timestamp="2025-01-27T12:26:36Z" user="MahaweliValley" uid="17834724" lat="-34.4488265" lon="-58.5207763"/>
 <node id="12536187413" visible="true" version="1" changeset="161816387" timestamp="2025-01-27T12:26:36Z" user="MahaweliValley" uid="17834724" lat="-34.4487183" lon="-58.5212758"/>
 <node id="12536187414" visible="true" version="1" changeset="161816387" timestamp="2025-01-27T12:26:36Z" user="MahaweliValley" uid="17834724" lat="-34.4486951" lon="-58.5213067"/>
 <node id="12536187415" visible="true" version="1" changeset="161816387" timestamp="2025-01-27T12:26:36Z" user="MahaweliValley" uid="17834724" lat="-34.4486619" lon="-58.5213120"/>
 <node id="12536187416" visible="true" version="1" changeset="161816387" timestamp="2025-01-27T12:26:36Z" user="MahaweliValley" uid="17834724" lat="-34.4484197" lon="-58.5212383"/>
 <node id="12536187417" visible="true" version="1" changeset="161816387" timestamp="2025-01-27T12:26:36Z" user="MahaweliValley" uid="17834724" lat="-34.4483744" lon="-58.5212101"/>
 <node id="12536187418" visible="true" version="1" changeset="161816387" timestamp="2025-01-27T12:26:36Z" user="MahaweliValley" uid="17834724" lat="-34.4483556" lon="-58.5211605"/>
 <node id="12536187419" visible="true" version="1" changeset="161816387" timestamp="2025-01-27T12:26:36Z" user="MahaweliValley" uid="17834724" lat="-34.4484418" lon="-58.5207582"/>
 <node id="12536187420" visible="true" version="1" changeset="161816387" timestamp="2025-01-27T12:26:36Z" user="MahaweliValley" uid="17834724" lat="-34.4484839" lon="-58.5207018"/>
 <node id="12536187421" visible="true" version="1" changeset="161816387" timestamp="2025-01-27T12:26:36Z" user="MahaweliValley" uid="17834724" lat="-34.4485226" lon="-58.5206924"/>
 <node id="12536187422" visible="true" version="1" changeset="161816387" timestamp="2025-01-27T12:26:36Z" user="MahaweliValley" uid="17834724" lat="-34.4489981" lon="-58.5208237"/>
 <node id="12536518569" visible="true" version="1" changeset="161824304" timestamp="2025-01-27T15:58:47Z" user="MahaweliValley" uid="17834724" lat="-34.4476865" lon="-58.5251731"/>
 <node id="12536518570" visible="true" version="1" changeset="161824304" timestamp="2025-01-27T15:58:47Z" user="MahaweliValley" uid="17834724" lat="-34.4478734" lon="-58.5247426"/>
 <node id="12536518571" visible="true" version="1" changeset="161824304" timestamp="2025-01-27T15:58:47Z" user="MahaweliValley" uid="17834724" lat="-34.4479077" lon="-58.5247198"/>
 <node id="12536518572" visible="true" version="1" changeset="161824304" timestamp="2025-01-27T15:58:47Z" user="MahaweliValley" uid="17834724" lat="-34.4479442" lon="-58.5247184"/>
 <node id="12536518573" visible="true" version="1" changeset="161824304" timestamp="2025-01-27T15:58:47Z" user="MahaweliValley" uid="17834724" lat="-34.4480604" lon="-58.5247823"/>
 <node id="12536518579" visible="true" version="1" changeset="161824304" timestamp="2025-01-27T15:58:47Z" user="MahaweliValley" uid="17834724" lat="-34.4475399" lon="-58.5252634"/>
 <node id="12536518580" visible="true" version="1" changeset="161824304" timestamp="2025-01-27T15:58:47Z" user="MahaweliValley" uid="17834724" lat="-34.4458440" lon="-58.5244891"/>
 <node id="12536518581" visible="true" version="1" changeset="161824304" timestamp="2025-01-27T15:58:47Z" user="MahaweliValley" uid="17834724" lat="-34.4459347" lon="-58.5243027"/>
 <node id="12536518582" visible="true" version="1" changeset="161824304" timestamp="2025-01-27T15:58:47Z" user="MahaweliValley" uid="17834724" lat="-34.4459789" lon="-58.5242343"/>
 <node id="12536518583" visible="true" version="1" changeset="161824304" timestamp="2025-01-27T15:58:47Z" user="MahaweliValley" uid="17834724" lat="-34.4460650" lon="-58.5242488"/>
 <node id="12536518584" visible="true" version="1" changeset="161824304" timestamp="2025-01-27T15:58:47Z" user="MahaweliValley" uid="17834724" lat="-34.4460209" lon="-58.5242184"/>
 <node id="12536854032" visible="true" version="1" changeset="161830026" timestamp="2025-01-27T18:24:06Z" user="MahaweliValley" uid="17834724" lat="-34.4458108" lon="-58.5242571"/>
 <node id="12536854033" visible="true" version="1" changeset="161830026" timestamp="2025-01-27T18:24:06Z" user="MahaweliValley" uid="17834724" lat="-34.4458584" lon="-58.5241927"/>
 <node id="12536854034" visible="true" version="1" changeset="161830026" timestamp="2025-01-27T18:24:06Z" user="MahaweliValley" uid="17834724" lat="-34.4459181" lon="-58.5241404"/>
 <node id="12536854035" visible="true" version="1" changeset="161830026" timestamp="2025-01-27T18:24:06Z" user="MahaweliValley" uid="17834724" lat="-34.4459822" lon="-58.5241351"/>
 <node id="12536854036" visible="true" version="1" changeset="161830026" timestamp="2025-01-27T18:24:06Z" user="MahaweliValley" uid="17834724" lat="-34.4461924" lon="-58.5242651"/>
 <node id="12536854037" visible="true" version="1" changeset="161830026" timestamp="2025-01-27T18:24:06Z" user="MahaweliValley" uid="17834724" lat="-34.4469765" lon="-58.5247949"/>
 <node id="12536854038" visible="true" version="1" changeset="161830026" timestamp="2025-01-27T18:24:06Z" user="MahaweliValley" uid="17834724" lat="-34.4473824" lon="-58.5250765"/>
 <node id="12536854039" visible="true" version="1" changeset="161830026" timestamp="2025-01-27T18:24:06Z" user="MahaweliValley" uid="17834724" lat="-34.4474354" lon="-58.5251006"/>
 <node id="12536854040" visible="true" version="1" changeset="161830026" timestamp="2025-01-27T18:24:06Z" user="MahaweliValley" uid="17834724" lat="-34.4475029" lon="-58.5250993"/>
 <node id="12536854041" visible="true" version="1" changeset="161830026" timestamp="2025-01-27T18:24:06Z" user="MahaweliValley" uid="17834724" lat="-34.4477255" lon="-58.5250833"/>
 <node id="12538973305" visible="true" version="1" changeset="161855213" timestamp="2025-01-28T12:07:55Z" user="RideauCanal" uid="20109092" lat="-34.4487987" lon="-58.5090912"/>
 <node id="12538973306" visible="true" version="1" changeset="161855213" timestamp="2025-01-28T12:07:55Z" user="RideauCanal" uid="20109092" lat="-34.4486634" lon="-58.5096358"/>
 <node id="12538973307" visible="true" version="1" changeset="161855213" timestamp="2025-01-28T12:07:55Z" user="RideauCanal" uid="20109092" lat="-34.4485353" lon="-58.5101515"/>
 <node id="12538973308" visible="true" version="1" changeset="161855213" timestamp="2025-01-28T12:07:55Z" user="RideauCanal" uid="20109092" lat="-34.4484494" lon="-58.5107064"/>
 <node id="12538973309" visible="true" version="1" changeset="161855213" timestamp="2025-01-28T12:07:55Z" user="RideauCanal" uid="20109092" lat="-34.4483172" lon="-58.5112431"/>
 <node id="12538973310" visible="true" version="1" changeset="161855213" timestamp="2025-01-28T12:07:55Z" user="RideauCanal" uid="20109092" lat="-34.4481818" lon="-58.5117855"/>
 <node id="12538973311" visible="true" version="1" changeset="161855213" timestamp="2025-01-28T12:07:55Z" user="RideauCanal" uid="20109092" lat="-34.4480474" lon="-58.5123251"/>
 <node id="12538973312" visible="true" version="1" changeset="161855213" timestamp="2025-01-28T12:07:55Z" user="RideauCanal" uid="20109092" lat="-34.4479125" lon="-58.5128683"/>
 <node id="12538973313" visible="true" version="1" changeset="161855213" timestamp="2025-01-28T12:07:55Z" user="RideauCanal" uid="20109092" lat="-34.4478140" lon="-58.5132646"/>
 <node id="12538973314" visible="true" version="1" changeset="161855213" timestamp="2025-01-28T12:07:55Z" user="RideauCanal" uid="20109092" lat="-34.4469350" lon="-58.5224406"/>
 <node id="12538973315" visible="true" version="1" changeset="161855213" timestamp="2025-01-28T12:07:55Z" user="RideauCanal" uid="20109092" lat="-34.4466690" lon="-58.5223601"/>
 <node id="12538973316" visible="true" version="1" changeset="161855213" timestamp="2025-01-28T12:07:55Z" user="RideauCanal" uid="20109092" lat="-34.4464943" lon="-58.5224620"/>
 <node id="12538973317" visible="true" version="1" changeset="161855213" timestamp="2025-01-28T12:07:55Z" user="RideauCanal" uid="20109092" lat="-34.4465695" lon="-58.5224010"/>
 <node id="12538973318" visible="true" version="1" changeset="161855213" timestamp="2025-01-28T12:07:55Z" user="RideauCanal" uid="20109092" lat="-34.4466242" lon="-58.5223641"/>
 <node id="12538973319" visible="true" version="1" changeset="161855213" timestamp="2025-01-28T12:07:55Z" user="RideauCanal" uid="20109092" lat="-34.4467282" lon="-58.5223668"/>
 <node id="12538973320" visible="true" version="1" changeset="161855213" timestamp="2025-01-28T12:07:55Z" user="RideauCanal" uid="20109092" lat="-34.4468902" lon="-58.5224117"/>
 <node id="12538973321" visible="true" version="2" changeset="161905310" timestamp="2025-01-29T16:42:36Z" user="MahaweliValley" uid="17834724" lat="-34.4469842" lon="-58.5224801"/>
 <node id="12538973338" visible="true" version="2" changeset="177826723" timestamp="2026-01-29T01:08:54Z" user="Josuer" uid="3382594" lat="-34.4474020" lon="-58.5137798"/>
 <node id="12538973339" visible="true" version="2" changeset="177826723" timestamp="2026-01-29T01:08:54Z" user="Josuer" uid="3382594" lat="-34.4477385" lon="-58.5138675"/>
 <node id="12538973340" visible="true" version="2" changeset="177826723" timestamp="2026-01-29T01:08:54Z" user="Josuer" uid="3382594" lat="-34.4473250" lon="-58.5137921"/>
 <node id="12538973341" visible="true" version="2" changeset="177826723" timestamp="2026-01-29T01:08:54Z" user="Josuer" uid="3382594" lat="-34.4472902" lon="-58.5138419"/>
 <node id="12538973342" visible="true" version="2" changeset="177826723" timestamp="2026-01-29T01:08:54Z" user="Josuer" uid="3382594" lat="-34.4473027" lon="-58.5139548"/>
 <node id="12538973343" visible="true" version="2" changeset="177826723" timestamp="2026-01-29T01:08:54Z" user="Josuer" uid="3382594" lat="-34.4473481" lon="-58.5139920"/>
 <node id="12538973344" visible="true" version="2" changeset="177826723" timestamp="2026-01-29T01:08:54Z" user="Josuer" uid="3382594" lat="-34.4476135" lon="-58.5140272"/>
 <node id="12538973345" visible="true" version="2" changeset="177826723" timestamp="2026-01-29T01:08:54Z" user="Josuer" uid="3382594" lat="-34.4478572" lon="-58.5141004"/>
 <node id="12538973346" visible="true" version="2" changeset="177826723" timestamp="2026-01-29T01:08:54Z" user="Josuer" uid="3382594" lat="-34.4482595" lon="-58.5141867"/>
 <node id="12538973347" visible="true" version="2" changeset="177826723" timestamp="2026-01-29T01:08:54Z" user="Josuer" uid="3382594" lat="-34.4482433" lon="-58.5141908"/>
 <node id="12538973348" visible="true" version="2" changeset="177826723" timestamp="2026-01-29T01:08:54Z" user="Josuer" uid="3382594" lat="-34.4482737" lon="-58.5141727"/>
 <node id="12538973349" visible="true" version="2" changeset="177826723" timestamp="2026-01-29T01:08:54Z" user="Josuer" uid="3382594" lat="-34.4483158" lon="-58.5140709"/>
 <node id="12538973351" visible="true" version="2" changeset="177826723" timestamp="2026-01-29T01:08:54Z" user="Josuer" uid="3382594" lat="-34.4478749" lon="-58.5140386"/>
 <node id="12539321234" visible="true" version="1" changeset="161863183" timestamp="2025-01-28T15:53:00Z" user="RideauCanal" uid="20109092" lat="-34.4502699" lon="-58.5234350">
  <tag k="highway" v="crossing"/>
 </node>
 <node id="12539443637" visible="true" version="1" changeset="161866533" timestamp="2025-01-28T17:24:41Z" user="RideauCanal" uid="20109092" lat="-34.4465463" lon="-58.5231433"/>
 <node id="12539443638" visible="true" version="1" changeset="161866533" timestamp="2025-01-28T17:24:41Z" user="RideauCanal" uid="20109092" lat="-34.4491162" lon="-58.5213443"/>
 <node id="12539443639" visible="true" version="1" changeset="161866533" timestamp="2025-01-28T17:24:41Z" user="RideauCanal" uid="20109092" lat="-34.4490280" lon="-58.5213120"/>
 <node id="12539443640" visible="true" version="1" changeset="161866533" timestamp="2025-01-28T17:24:41Z" user="RideauCanal" uid="20109092" lat="-34.4489682" lon="-58.5213147"/>
 <node id="12539443641" visible="true" version="1" changeset="161866533" timestamp="2025-01-28T17:24:41Z" user="RideauCanal" uid="20109092" lat="-34.4489373" lon="-58.5213523"/>
 <node id="12539443642" visible="true" version="1" changeset="161866533" timestamp="2025-01-28T17:24:41Z" user="RideauCanal" uid="20109092" lat="-34.4489329" lon="-58.5213979"/>
 <node id="12539443643" visible="true" version="1" changeset="161866533" timestamp="2025-01-28T17:24:41Z" user="RideauCanal" uid="20109092" lat="-34.4489638" lon="-58.5214381"/>
 <node id="12539443644" visible="true" version="1" changeset="161866533" timestamp="2025-01-28T17:24:41Z" user="RideauCanal" uid="20109092" lat="-34.4490059" lon="-58.5214300"/>
 <node id="12539443645" visible="true" version="1" changeset="161866533" timestamp="2025-01-28T17:24:41Z" user="RideauCanal" uid="20109092" lat="-34.4490600" lon="-58.5213912"/>
 <node id="12539443646" visible="true" version="1" changeset="161866533" timestamp="2025-01-28T17:24:41Z" user="RideauCanal" uid="20109092" lat="-34.4492162" lon="-58.5212608"/>
 <node id="12541428681" visible="true" version="1" changeset="161892031" timestamp="2025-01-29T10:47:59Z" user="MahaweliValley" uid="17834724" lat="-34.4468194" lon="-58.5277212"/>
 <node id="12541780496" visible="true" version="1" changeset="161896735" timestamp="2025-01-29T13:04:57Z" user="MahaweliValley" uid="17834724" lat="-34.4495350" lon="-58.5167288">
  <tag k="barrier" v="lift_gate"/>
 </node>
 <node id="12542186244" visible="true" version="1" changeset="161905310" timestamp="2025-01-29T16:42:36Z" user="MahaweliValley" uid="17834724" lat="-34.4535935" lon="-58.5110426"/>
 <node id="12542371859" visible="true" version="1" changeset="161909681" timestamp="2025-01-29T18:41:48Z" user="MahaweliValley" uid="17834724" lat="-34.4477219" lon="-58.5136354"/>
 <node id="12542371860" visible="true" version="1" changeset="161909681" timestamp="2025-01-29T18:41:48Z" user="MahaweliValley" uid="17834724" lat="-34.4473149" lon="-58.5134974"/>
 <node id="12542371861" visible="true" version="1" changeset="161909681" timestamp="2025-01-29T18:41:48Z" user="MahaweliValley" uid="17834724" lat="-34.4474620" lon="-58.5168817"/>
 <node id="12542371862" visible="true" version="1" changeset="161909681" timestamp="2025-01-29T18:41:48Z" user="MahaweliValley" uid="17834724" lat="-34.4486293" lon="-58.5171204"/>
 <node id="12542371863" visible="true" version="1" changeset="161909681" timestamp="2025-01-29T18:41:48Z" user="MahaweliValley" uid="17834724" lat="-34.4487430" lon="-58.5165469"/>
 <node id="12542371864" visible="true" version="1" changeset="161909681" timestamp="2025-01-29T18:41:48Z" user="MahaweliValley" uid="17834724" lat="-34.4491228" lon="-58.5166334"/>
 <node id="12542371865" visible="true" version="1" changeset="161909681" timestamp="2025-01-29T18:41:48Z" user="MahaweliValley" uid="17834724" lat="-34.4490285" lon="-58.5171298"/>
 <node id="12542371867" visible="true" version="1" changeset="161909681" timestamp="2025-01-29T18:41:48Z" user="MahaweliValley" uid="17834724" lat="-34.4496993" lon="-58.5228865"/>
 <node id="12542371868" visible="true" version="1" changeset="161909681" timestamp="2025-01-29T18:41:48Z" user="MahaweliValley" uid="17834724" lat="-34.4501175" lon="-58.5237915"/>
 <node id="13507917919" visible="true" version="1" changeset="177826723" timestamp="2026-01-29T01:08:54Z" user="Josuer" uid="3382594" lat="-34.4473589" lon="-58.5137762"/>
 <node id="13507917920" visible="true" version="1" changeset="177826723" timestamp="2026-01-29T01:08:54Z" user="Josuer" uid="3382594" lat="-34.4484971" lon="-58.5141438"/>
 <node id="13507917921" visible="true" version="1" changeset="177826723" timestamp="2026-01-29T01:08:54Z" user="Josuer" uid="3382594" lat="-34.4472847" lon="-58.5139082"/>
 <node id="13507917922" visible="true" version="1" changeset="177826723" timestamp="2026-01-29T01:08:54Z" user="Josuer" uid="3382594" lat="-34.4480669" lon="-58.5139695"/>
 <node id="13775143327" visible="true" version="1" changeset="181986792" timestamp="2026-04-29T12:40:54Z" user="AlejandroAlba" uid="6499071" lat="-34.4463999" lon="-58.5271672"/>
 <node id="13775143329" visible="true" version="1" changeset="181986792" timestamp="2026-04-29T12:40:54Z" user="AlejandroAlba" uid="6499071" lat="-34.4474553" lon="-58.5284776"/>
 <node id="13775143339" visible="true" version="1" changeset="181986792" timestamp="2026-04-29T12:40:54Z" user="AlejandroAlba" uid="6499071" lat="-34.4479478" lon="-58.5280640"/>
 <node id="13775143340" visible="true" version="1" changeset="181986792" timestamp="2026-04-29T12:40:54Z" user="AlejandroAlba" uid="6499071" lat="-34.4478610" lon="-58.5280178"/>
 <node id="13775143343" visible="true" version="1" changeset="181986792" timestamp="2026-04-29T12:40:54Z" user="AlejandroAlba" uid="6499071" lat="-34.4478993" lon="-58.5280379"/>
 <node id="13775143348" visible="true" version="1" changeset="181986792" timestamp="2026-04-29T12:40:54Z" user="AlejandroAlba" uid="6499071" lat="-34.4539653" lon="-58.5203018"/>
 <node id="13775143349" visible="true" version="1" changeset="181986792" timestamp="2026-04-29T12:40:54Z" user="AlejandroAlba" uid="6499071" lat="-34.4539386" lon="-58.5202641"/>
 <node id="14162915232" visible="true" version="1" changeset="188729661" timestamp="2026-09-08T15:33:50Z" user="Wolfram2005" uid="24071695" lat="-34.2279717" lon="-58.2401125"/>
 <node id="14162915248" visible="true" version="1" changeset="188729661" timestamp="2026-09-08T15:33:50Z" user="Wolfram2005" uid="24071695" lat="-34.2255802" lon="-58.2370787"/>
 <way id="30113923" visible="true" version="13" changeset="177826723" timestamp="2026-01-29T01:08:54Z" user="Josuer" uid="3382594">
  <nd ref="302898231"/>
  <nd ref="13507917922"/>
  <nd ref="12538973349"/>
  <nd ref="13507917920"/>
  <nd ref="302898230"/>
  <nd ref="2762650114"/>
  <nd ref="2762650117"/>
  <nd ref="302898229"/>
  <nd ref="2762650129"/>
  <nd ref="302898228"/>
  <nd ref="302898226"/>
  <nd ref="2762650188"/>
  <nd ref="2762650192"/>
  <nd ref="2762650200"/>
  <nd ref="2762650202"/>
  <nd ref="302898225"/>
  <nd ref="302898224"/>
  <nd ref="2762650125"/>
  <nd ref="2762650123"/>
  <nd ref="2762650126"/>
  <nd ref="302898223"/>
  <nd ref="302898222"/>
  <nd ref="2762650398"/>
  <nd ref="1570109777"/>
  <nd ref="2762650521"/>
  <nd ref="1570109912"/>
  <nd ref="2762650554"/>
  <nd ref="302898220"/>
  <nd ref="2762650596"/>
  <nd ref="2762650613"/>
  <nd ref="2762650623"/>
  <nd ref="2762650646"/>
  <nd ref="302898219"/>
  <nd ref="2762650679"/>
  <nd ref="2762650688"/>
  <nd ref="2762650708"/>
  <nd ref="302898217"/>
  <nd ref="2762650997"/>
  <nd ref="2762651141"/>
  <nd ref="302898216"/>
  <nd ref="2762651161"/>
  <nd ref="2762651184"/>
  <nd ref="302898214"/>
  <nd ref="2762651225"/>
  <nd ref="302898213"/>
  <nd ref="302898212"/>
  <nd ref="12542186244"/>
  <nd ref="302898211"/>
  <nd ref="2762651255"/>
  <nd ref="302898209"/>
  <nd ref="9115316542"/>
  <tag k="access" v="private"/>
  <tag k="highway" v="unclassified"/>
  <tag k="source" v="Actualizaciones en Argentina. Reconocimiento terrestre por #Kaart 2016."/>
  <tag k="surface" v="paved"/>
 </way>
 <way id="30117199" visible="true" version="5" changeset="34294158" timestamp="2015-09-27T23:25:00Z" user="Souchong" uid="255141">
  <nd ref="302898245"/>
  <nd ref="302898236"/>
  <nd ref="302898239"/>
  <nd ref="2762650086"/>
  <nd ref="302898241"/>
  <nd ref="2762650087"/>
  <nd ref="302898243"/>
  <nd ref="2762650088"/>
  <nd ref="2762650090"/>
  <nd ref="2762650093"/>
  <nd ref="2762650095"/>
  <nd ref="302898245"/>
  <tag k="access" v="private"/>
  <tag k="highway" v="unclassified"/>
  <tag k="surface" v="paved"/>
 </way>
 <way id="30117201" visible="true" version="9" changeset="177826723" timestamp="2026-01-29T01:08:54Z" user="Josuer" uid="3382594">
  <nd ref="302898236"/>
  <nd ref="2762650092"/>
  <nd ref="2762650096"/>
  <nd ref="12538973345"/>
  <nd ref="12538973351"/>
  <nd ref="302898231"/>
  <nd ref="12528658942"/>
  <nd ref="2762650110"/>
  <nd ref="2762650111"/>
  <nd ref="12528658944"/>
  <nd ref="2762650131"/>
  <nd ref="2762650139"/>
  <nd ref="302898254"/>
  <nd ref="12528658945"/>
  <nd ref="12528658960"/>
  <nd ref="12528658953"/>
  <nd ref="302898256"/>
  <tag k="access" v="private"/>
  <tag k="highway" v="unclassified"/>
  <tag k="surface" v="paved"/>
 </way>
 <way id="64376457" visible="true" version="4" changeset="129298551" timestamp="2022-11-23T21:43:10Z" user="HurricaneGator" uid="10147122">
  <nd ref="2762650210"/>
  <nd ref="792201847"/>
  <tag k="highway" v="service"/>
  <tag k="surface" v="unpaved"/>
 </way>
 <way id="64376470" visible="true" version="5" changeset="108713576" timestamp="2021-07-28T00:46:54Z" user="i2004" uid="11462915">
  <nd ref="2778634678"/>
  <nd ref="2778634675"/>
  <tag k="access" v="private"/>
  <tag k="highway" v="living_street"/>
  <tag k="oneway" v="yes"/>
  <tag k="surface" v="paved"/>
 </way>
 <way id="64376475" visible="true" version="11" changeset="161896735" timestamp="2025-01-29T13:04:57Z" user="MahaweliValley" uid="17834724">
  <nd ref="792201822"/>
  <nd ref="3032660976"/>
  <nd ref="2762651111"/>
  <nd ref="2762651053"/>
  <nd ref="2762651027"/>
  <nd ref="2762651011"/>
  <nd ref="2762650995"/>
  <nd ref="792201852"/>
  <nd ref="2986135281"/>
  <nd ref="2986135282"/>
  <nd ref="2762650506"/>
  <nd ref="9932921037"/>
  <nd ref="792201865"/>
  <nd ref="792201789"/>
  <nd ref="12541780496"/>
  <nd ref="2762650210"/>
  <nd ref="11194357885"/>
  <nd ref="11194357896"/>
  <nd ref="1628455218"/>
  <nd ref="1628455171"/>
  <nd ref="792201787"/>
  <tag k="highway" v="service"/>
  <tag k="name" v="Dársena Gauto y Pavón"/>
  <tag k="oneway" v="no"/>
  <tag k="surface" v="asphalt"/>
 </way>
 <way id="64376481" visible="true" version="7" changeset="146342942" timestamp="2024-01-17T00:25:19Z" user="AgusQui" uid="331218">
  <nd ref="677213693"/>
  <nd ref="11523765119"/>
  <nd ref="1871042510"/>
  <nd ref="2561133533"/>
  <nd ref="792201866"/>
  <tag k="highway" v="residential"/>
  <tag k="maxheight" v="4.80"/>
  <tag k="maxspeed" v="40"/>
  <tag k="name" v="John F. Kennedy"/>
 </way>
 <way id="64376493" visible="true" version="12" changeset="146342612" timestamp="2024-01-17T00:00:09Z" user="AgusQui" uid="331218">
  <nd ref="29651006"/>
  <nd ref="2617948673"/>
  <nd ref="2617948672"/>
  <nd ref="677213693"/>
  <nd ref="2617948668"/>
  <nd ref="2778634684"/>
  <nd ref="2778634653"/>
  <nd ref="2778634630"/>
  <nd ref="29651014"/>
  <nd ref="2561139670"/>
  <nd ref="2561139667"/>
  <nd ref="2561139674"/>
  <nd ref="792201798"/>
  <nd ref="29651008"/>
  <nd ref="11523765128"/>
  <nd ref="29651018"/>
  <nd ref="29651022"/>
  <nd ref="11523765135"/>
  <nd ref="2613785013"/>
  <nd ref="11523765167"/>
  <nd ref="2613785005"/>
  <nd ref="2613784999"/>
  <nd ref="300722173"/>
  <nd ref="3033197067"/>
  <nd ref="3033197066"/>
  <nd ref="2613784989"/>
  <nd ref="2613784987"/>
  <nd ref="971098498"/>
  <nd ref="300722174"/>
  <nd ref="420445726"/>
  <nd ref="300722175"/>
  <nd ref="2617948570"/>
  <nd ref="1052753960"/>
  <nd ref="2617948563"/>
  <nd ref="11520857563"/>
  <nd ref="300722176"/>
  <tag k="highway" v="residential"/>
  <tag k="maxspeed" v="40"/>
  <tag k="name" v="General Arias"/>
  <tag k="oneway" v="no"/>
  <tag k="surface" v="asphalt"/>
 </way>
 <way id="129970087" visible="true" version="1" changeset="9302129" timestamp="2011-09-14T19:18:59Z" user="Julio_Costa_Zambelli" uid="30854">
  <nd ref="1432949512"/>
  <nd ref="1432949554"/>
  <nd ref="1432949454"/>
  <nd ref="1432949514"/>
  <nd ref="1432949512"/>
  <tag k="leisure" v="pitch"/>
  <tag k="sport" v="soccer"/>
 </way>
 <way id="129970089" visible="true" version="1" changeset="9302129" timestamp="2011-09-14T19:19:00Z" user="Julio_Costa_Zambelli" uid="30854">
  <nd ref="1432949562"/>
  <nd ref="1432949506"/>
  <nd ref="1432949518"/>
  <nd ref="1432949563"/>
  <nd ref="1432949562"/>
  <tag k="leisure" v="pitch"/>
  <tag k="sport" v="soccer"/>
 </way>
 <way id="129970092" visible="true" version="1" changeset="9302129" timestamp="2011-09-14T19:19:00Z" user="Julio_Costa_Zambelli" uid="30854">
  <nd ref="1432949524"/>
  <nd ref="1432949534"/>
  <nd ref="1432949532"/>
  <nd ref="1432949546"/>
  <nd ref="1432949524"/>
  <tag k="leisure" v="pitch"/>
  <tag k="sport" v="soccer"/>
 </way>
 <way id="131640773" visible="true" version="7" changeset="161816387" timestamp="2025-01-27T12:26:36Z" user="MahaweliValley" uid="17834724">
  <nd ref="12536167693"/>
  <nd ref="12536187407"/>
  <nd ref="12536187406"/>
  <nd ref="12536187405"/>
  <nd ref="12536187404"/>
  <nd ref="12536187403"/>
  <nd ref="12536187402"/>
  <nd ref="12536187401"/>
  <nd ref="12536167700"/>
  <nd ref="12536167699"/>
  <nd ref="12536167698"/>
  <nd ref="12536167697"/>
  <nd ref="12536167696"/>
  <nd ref="12536167695"/>
  <nd ref="12536167694"/>
  <nd ref="12536167693"/>
  <tag k="highway" v="service"/>
  <tag k="lanes" v="1"/>
  <tag k="name" v="Uruguay"/>
  <tag k="oneway" v="no"/>
  <tag k="surface" v="asphalt"/>
 </way>
 <way id="133111928" visible="true" version="7" changeset="115560278" timestamp="2021-12-30T11:29:37Z" user="aleksaJov" uid="7436199">
  <nd ref="311051449"/>
  <nd ref="2511683361"/>
  <nd ref="311051452"/>
  <nd ref="2754776591"/>
  <nd ref="2754776592"/>
  <nd ref="2754776593"/>
  <nd ref="2754776594"/>
  <nd ref="311051455"/>
  <nd ref="1448579959"/>
  <tag k="boat" v="yes"/>
  <tag k="name" v="Río Luján"/>
  <tag k="name:en" v="Luján River"/>
  <tag k="waterway" v="river"/>
  <tag k="wikidata" v="Q7650614"/>
  <tag k="wikipedia" v="es:Río Luján"/>
 </way>
 <way id="143399764" visible="true" version="2" changeset="75800760" timestamp="2019-10-16T20:16:14Z" user="Degorap" uid="10244496">
  <nd ref="1569181945"/>
  <nd ref="1569181923"/>
  <tag k="man_made" v="pier"/>
  <tag k="mooring" v="yes"/>
 </way>
 <way id="143399765" visible="true" version="2" changeset="75800760" timestamp="2019-10-16T20:16:14Z" user="Degorap" uid="10244496">
  <nd ref="1569181948"/>
  <nd ref="1569181926"/>
  <tag k="man_made" v="pier"/>
  <tag k="mooring" v="yes"/>
 </way>
 <way id="143404786" visible="true" version="6" changeset="181986792" timestamp="2026-04-29T12:40:54Z" user="AlejandroAlba" uid="6499071">
  <nd ref="94326358"/>
  <nd ref="2752129726"/>
  <nd ref="2752129731"/>
  <nd ref="2752129733"/>
  <nd ref="94300828"/>
  <nd ref="2168156501"/>
  <nd ref="1569317719"/>
  <nd ref="1569317723"/>
  <nd ref="319984226"/>
  <nd ref="1569317724"/>
  <nd ref="1569317726"/>
  <nd ref="1569317727"/>
  <nd ref="319984225"/>
  <nd ref="94314641"/>
  <nd ref="1569317746"/>
  <nd ref="1569317745"/>
  <nd ref="2752129762"/>
  <nd ref="319984237"/>
  <nd ref="1569317735"/>
  <nd ref="1569317728"/>
  <nd ref="319984238"/>
  <nd ref="319984239"/>
  <nd ref="1569317743"/>
  <nd ref="1569317744"/>
  <nd ref="1569317742"/>
  <nd ref="319984235"/>
  <nd ref="1569317738"/>
  <nd ref="1569317739"/>
  <nd ref="319984236"/>
  <nd ref="319984233"/>
  <nd ref="319984234"/>
  <nd ref="2752129760"/>
  <nd ref="5016782378"/>
  <nd ref="2752129757"/>
  <nd ref="2752129759"/>
  <nd ref="2752129758"/>
  <nd ref="94329885"/>
  <nd ref="94292190"/>
  <nd ref="5016782386"/>
  <nd ref="2752129750"/>
  <nd ref="94303393"/>
  <nd ref="94318751"/>
  <nd ref="13775143327"/>
  <nd ref="94333338"/>
  <nd ref="2752129754"/>
  <nd ref="2752129748"/>
  <nd ref="2752129743"/>
  <nd ref="2752129737"/>
  <nd ref="2752129724"/>
  <nd ref="2752129704"/>
  <nd ref="94294964"/>
  <nd ref="319984228"/>
  <nd ref="319984229"/>
  <nd ref="2752129740"/>
  <nd ref="2752129741"/>
  <nd ref="319984230"/>
  <nd ref="2752129719"/>
  <nd ref="2752129715"/>
  <nd ref="2752129713"/>
  <nd ref="2752129711"/>
  <nd ref="319984231"/>
 </way>
 <way id="143405941" visible="true" version="3" changeset="161855213" timestamp="2025-01-28T12:07:55Z" user="RideauCanal" uid="20109092">
  <nd ref="12538973312"/>
  <nd ref="1569217687"/>
  <tag k="man_made" v="pier"/>
  <tag k="mooring" v="yes"/>
 </way>
 <way id="143405945" visible="true" version="3" changeset="161855213" timestamp="2025-01-28T12:07:55Z" user="RideauCanal" uid="20109092">
  <nd ref="12538973313"/>
  <nd ref="1569217683"/>
  <tag k="man_made" v="pier"/>
  <tag k="mooring" v="yes"/>
 </way>
 <way id="143411640" visible="true" version="3" changeset="172457308" timestamp="2025-09-25T20:17:30Z" user="muralito" uid="755114">
  <nd ref="1569284694"/>
  <nd ref="1569284693"/>
  <nd ref="1569284688"/>
  <nd ref="1569284678"/>
  <nd ref="1569284649"/>
  <nd ref="1569284640"/>
  <nd ref="1569284607"/>
  <nd ref="1569284603"/>
  <nd ref="1569284605"/>
  <nd ref="1569284610"/>
  <nd ref="1569284644"/>
  <nd ref="1569284615"/>
  <nd ref="1569284612"/>
  <nd ref="1569284647"/>
  <nd ref="1569284645"/>
  <nd ref="1569284655"/>
  <nd ref="1569284653"/>
  <nd ref="1569284662"/>
  <nd ref="1569284658"/>
  <nd ref="1569284681"/>
  <nd ref="1569284685"/>
  <nd ref="1569284664"/>
  <nd ref="1569284651"/>
  <nd ref="1570039488"/>
  <nd ref="1569284642"/>
  <nd ref="1569284613"/>
  <nd ref="1569181890"/>
 </way>
 <way id="143413209" visible="true" version="2" changeset="21408507" timestamp="2014-03-30T20:50:01Z" user="Souchong" uid="255141">
  <nd ref="1569306112"/>
  <nd ref="1569306109"/>
  <nd ref="1569306107"/>
  <nd ref="1569306106"/>
  <nd ref="1569306105"/>
  <tag k="waterway" v="ditch"/>
 </way>
 <way id="143413949" visible="true" version="3" changeset="172457308" timestamp="2025-09-25T20:17:30Z" user="muralito" uid="755114">
  <nd ref="1569284522"/>
  <nd ref="1569317616"/>
  <nd ref="1569317620"/>
  <nd ref="1569317624"/>
  <nd ref="1569317629"/>
  <nd ref="1569317632"/>
  <nd ref="1569317627"/>
  <nd ref="1569317628"/>
  <nd ref="1569317634"/>
  <nd ref="1569317637"/>
  <nd ref="1569317643"/>
  <nd ref="1569317641"/>
  <nd ref="1569317646"/>
  <nd ref="1569317656"/>
  <nd ref="1569317652"/>
  <nd ref="1569317654"/>
  <nd ref="1569317662"/>
  <nd ref="1569317666"/>
  <nd ref="1569317673"/>
  <nd ref="1569317682"/>
  <nd ref="1569317674"/>
  <nd ref="1569317670"/>
  <nd ref="1569317668"/>
  <nd ref="1569317680"/>
  <nd ref="1569317689"/>
  <nd ref="1569317693"/>
  <nd ref="1569317686"/>
  <nd ref="1569317695"/>
  <nd ref="1569317696"/>
  <nd ref="1569317699"/>
  <nd ref="1569317711"/>
  <nd ref="1569317713"/>
  <nd ref="1569317715"/>
  <nd ref="1569284592"/>
 </way>
 <way id="143454027" visible="true" version="4" changeset="172457308" timestamp="2025-09-25T20:17:30Z" user="muralito" uid="755114">
  <nd ref="1569717848"/>
  <nd ref="1569717860"/>
  <nd ref="1569717857"/>
  <nd ref="1569717859"/>
  <nd ref="1569717868"/>
  <nd ref="1569717871"/>
  <nd ref="1569717874"/>
  <nd ref="1569717873"/>
  <nd ref="1569717876"/>
  <nd ref="1569717887"/>
  <nd ref="1569717889"/>
  <nd ref="1572715859"/>
  <nd ref="1569717898"/>
  <nd ref="1569717897"/>
  <nd ref="1569717891"/>
  <nd ref="1569717894"/>
  <nd ref="1569717901"/>
  <nd ref="1569717914"/>
  <nd ref="1569717916"/>
  <nd ref="1569717919"/>
  <nd ref="1569717930"/>
  <nd ref="1569717933"/>
  <nd ref="1569717928"/>
  <nd ref="1569717915"/>
  <nd ref="1569717913"/>
  <nd ref="1569717885"/>
  <nd ref="1569717869"/>
  <nd ref="1569717866"/>
  <nd ref="1569717861"/>
  <nd ref="1569717854"/>
  <nd ref="1569717842"/>
  <nd ref="1569717845"/>
  <nd ref="1569717851"/>
  <nd ref="1572751078"/>
  <nd ref="1569717864"/>
  <nd ref="1569717884"/>
  <nd ref="1569717912"/>
  <nd ref="1569717917"/>
  <nd ref="1569717938"/>
  <nd ref="1569717940"/>
  <nd ref="1569717943"/>
  <nd ref="1569717953"/>
  <nd ref="1569717955"/>
  <nd ref="1569717958"/>
  <nd ref="1569717959"/>
 </way>
 <way id="143486262" visible="true" version="5" changeset="172457308" timestamp="2025-09-25T20:17:30Z" user="muralito" uid="755114">
  <nd ref="1569181890"/>
  <nd ref="1569181833"/>
  <nd ref="2754803392"/>
  <nd ref="2754803396"/>
  <nd ref="2754803400"/>
  <nd ref="2754803404"/>
  <nd ref="2754803405"/>
  <nd ref="2754803402"/>
  <nd ref="2754803394"/>
  <nd ref="2754803390"/>
  <nd ref="2754803386"/>
  <nd ref="2754803383"/>
  <nd ref="2754803381"/>
  <nd ref="2754803380"/>
  <nd ref="1569181847"/>
  <nd ref="1569306112"/>
  <nd ref="1569181845"/>
 </way>
 <way id="143486475" visible="true" version="2" changeset="172457308" timestamp="2025-09-25T20:17:30Z" user="muralito" uid="755114">
  <nd ref="1570045913"/>
  <nd ref="1570045943"/>
  <nd ref="1570045954"/>
  <nd ref="1570045953"/>
  <nd ref="1570045952"/>
  <nd ref="1570045956"/>
  <nd ref="1570045962"/>
  <nd ref="1570045966"/>
  <nd ref="1570045970"/>
  <nd ref="1570045959"/>
  <nd ref="1570045958"/>
  <nd ref="1570045968"/>
  <nd ref="1570045975"/>
  <nd ref="1570045977"/>
  <nd ref="1570045980"/>
  <nd ref="1570045982"/>
  <nd ref="1570045993"/>
  <nd ref="1570046020"/>
  <nd ref="1570046047"/>
  <nd ref="1570046115"/>
  <nd ref="1570046120"/>
  <nd ref="1570046123"/>
  <nd ref="1570046129"/>
  <nd ref="1570046135"/>
  <nd ref="1570046147"/>
  <nd ref="1570046151"/>
  <nd ref="1570046154"/>
  <nd ref="1570046158"/>
  <nd ref="1570046170"/>
  <nd ref="1570046172"/>
  <nd ref="1570046174"/>
  <nd ref="1570046177"/>
  <nd ref="1569181812"/>
 </way>
 <way id="143492027" visible="true" version="2" changeset="12770562" timestamp="2012-08-18T08:51:53Z" user="dbusse" uid="149876">
  <nd ref="1570138255"/>
  <nd ref="1570138262"/>
  <nd ref="1570138278"/>
  <nd ref="1570138282"/>
  <nd ref="1570138283"/>
  <nd ref="1570138286"/>
  <nd ref="1570138285"/>
  <nd ref="1570138280"/>
  <nd ref="1570138254"/>
  <nd ref="1570138246"/>
  <nd ref="1570138235"/>
  <nd ref="1570138226"/>
  <nd ref="1570138221"/>
  <nd ref="1570138218"/>
  <nd ref="1570138215"/>
  <nd ref="1570138210"/>
  <nd ref="1570138155"/>
  <nd ref="1570138127"/>
  <nd ref="1570138083"/>
  <nd ref="1570138074"/>
  <nd ref="1570138055"/>
  <nd ref="1570138031"/>
  <nd ref="1570138033"/>
  <nd ref="1871042507"/>
  <nd ref="1570138073"/>
  <tag k="waterway" v="canal"/>
 </way>
 <way id="143492036" visible="true" version="1" changeset="10250923" timestamp="2011-12-30T23:39:45Z" user="estela" uid="89271">
  <nd ref="1570138245"/>
  <nd ref="1570138247"/>
  <nd ref="1570138243"/>
  <nd ref="1570138237"/>
  <nd ref="1570138230"/>
  <nd ref="1570138224"/>
  <nd ref="1570138223"/>
  <nd ref="1570138220"/>
  <nd ref="1570138219"/>
  <nd ref="1570138217"/>
  <nd ref="1570138212"/>
  <nd ref="1570138200"/>
  <nd ref="1570138195"/>
  <nd ref="1570138169"/>
  <nd ref="1570138147"/>
  <nd ref="1570138133"/>
  <nd ref="1570138116"/>
  <nd ref="1570138096"/>
  <nd ref="1570138089"/>
  <nd ref="1570138094"/>
  <nd ref="1570138099"/>
  <nd ref="1570138118"/>
  <nd ref="1570138124"/>
  <nd ref="1570138139"/>
  <nd ref="1570138145"/>
  <nd ref="1570138171"/>
  <nd ref="1570138196"/>
  <nd ref="1570138203"/>
  <nd ref="1570138211"/>
  <nd ref="1570138213"/>
  <nd ref="1570138216"/>
  <nd ref="1570138214"/>
  <nd ref="1570138207"/>
  <nd ref="1570138194"/>
  <nd ref="1570138187"/>
  <nd ref="1570138161"/>
  <nd ref="1570138152"/>
  <nd ref="1570138164"/>
  <nd ref="1570138141"/>
  <nd ref="1570138130"/>
  <nd ref="1570138121"/>
  <nd ref="1570138101"/>
  <nd ref="1570138097"/>
  <nd ref="1570138092"/>
  <nd ref="1570138081"/>
  <nd ref="1570138075"/>
  <nd ref="1570138078"/>
  <nd ref="1570138071"/>
  <nd ref="1570138070"/>
  <nd ref="1570138068"/>
  <nd ref="1570138059"/>
  <nd ref="1570138046"/>
  <nd ref="1570138035"/>
  <nd ref="1570138065"/>
  <nd ref="1570138069"/>
  <nd ref="1570138072"/>
  <nd ref="1570138062"/>
  <nd ref="1570138049"/>
  <nd ref="1570138052"/>
  <nd ref="1569521382"/>
  <nd ref="1569521384"/>
  <nd ref="319990539"/>
  <nd ref="1570138245"/>
  <tag k="natural" v="wood"/>
 </way>
 <way id="143492956" visible="true" version="1" changeset="10250987" timestamp="2011-12-30T23:47:48Z" user="estela" uid="89271">
  <nd ref="1570149529"/>
  <nd ref="1570149515"/>
  <nd ref="1570149512"/>
  <nd ref="1570149510"/>
  <nd ref="1570149502"/>
  <nd ref="1570149500"/>
  <nd ref="1570149508"/>
  <nd ref="1570149509"/>
  <nd ref="1570149511"/>
  <nd ref="1570149513"/>
  <nd ref="1570149514"/>
  <nd ref="1570149517"/>
  <nd ref="1570149527"/>
  <nd ref="1570149532"/>
  <nd ref="1570149537"/>
  <nd ref="1570149547"/>
  <nd ref="1570149552"/>
  <nd ref="1570149557"/>
  <nd ref="1570149566"/>
  <nd ref="1570149570"/>
  <nd ref="1570149576"/>
  <nd ref="1570149577"/>
  <nd ref="1570149579"/>
  <nd ref="1570149578"/>
  <nd ref="1570149575"/>
  <nd ref="1570149568"/>
  <nd ref="1570149564"/>
  <nd ref="1570149562"/>
  <nd ref="1570149560"/>
  <nd ref="1570149558"/>
  <nd ref="1570149556"/>
  <nd ref="1570149554"/>
  <nd ref="1570149555"/>
  <nd ref="1570149553"/>
  <nd ref="1570149550"/>
  <nd ref="1570149545"/>
  <nd ref="1570149543"/>
  <nd ref="1570149535"/>
  <nd ref="1570149534"/>
  <nd ref="1570149533"/>
  <nd ref="1570149531"/>
  <nd ref="1570149530"/>
  <nd ref="1570149529"/>
  <tag k="natural" v="wetland"/>
 </way>
 <way id="143493805" visible="true" version="3" changeset="172457308" timestamp="2025-09-25T20:17:30Z" user="muralito" uid="755114">
  <nd ref="1570154513"/>
  <nd ref="1871042509"/>
  <nd ref="1570154497"/>
  <nd ref="1570154498"/>
  <nd ref="1570154507"/>
  <nd ref="1570154509"/>
  <nd ref="1570154510"/>
  <nd ref="1570154511"/>
  <nd ref="1570154512"/>
  <nd ref="1570154526"/>
  <tag k="waterway" v="canal"/>
 </way>
 <way id="143493807" visible="true" version="2" changeset="172457308" timestamp="2025-09-25T20:17:30Z" user="muralito" uid="755114">
  <nd ref="1570154526"/>
  <nd ref="1570154539"/>
  <nd ref="1570154550"/>
  <nd ref="1570154557"/>
  <nd ref="1570154558"/>
  <nd ref="1570154568"/>
  <nd ref="1570154570"/>
  <nd ref="1570154575"/>
  <nd ref="1570154577"/>
  <nd ref="1570154579"/>
  <nd ref="1570154580"/>
  <nd ref="1570154583"/>
  <nd ref="1570154588"/>
  <nd ref="1570154592"/>
  <nd ref="1570154597"/>
  <nd ref="1570154602"/>
  <nd ref="1570154612"/>
  <nd ref="1570154614"/>
  <nd ref="1570154628"/>
  <nd ref="1570154630"/>
  <nd ref="1570154642"/>
  <nd ref="1570154645"/>
  <nd ref="1570154646"/>
  <nd ref="1570154647"/>
  <tag k="intermittent" v="yes"/>
  <tag k="waterway" v="canal"/>
 </way>
 <way id="143493811" visible="true" version="2" changeset="172457308" timestamp="2025-09-25T20:17:30Z" user="muralito" uid="755114">
  <nd ref="1570154537"/>
  <nd ref="1570154540"/>
  <nd ref="1570154542"/>
  <nd ref="1570154548"/>
  <nd ref="1570154551"/>
  <nd ref="1570154553"/>
  <nd ref="1570154546"/>
  <nd ref="1570154536"/>
  <nd ref="1570154515"/>
  <nd ref="1570154517"/>
  <nd ref="1570154520"/>
  <nd ref="1570154523"/>
  <nd ref="1570154521"/>
  <nd ref="1570154545"/>
  <nd ref="1570154572"/>
  <nd ref="1570154582"/>
  <nd ref="1570154590"/>
  <nd ref="1570154601"/>
  <nd ref="1570154607"/>
  <nd ref="1570154610"/>
  <nd ref="1570154629"/>
  <nd ref="1570154631"/>
  <nd ref="1570154635"/>
  <nd ref="1570154633"/>
  <tag k="intermittent" v="yes"/>
  <tag k="waterway" v="canal"/>
 </way>
 <way id="143493813" visible="true" version="2" changeset="172457308" timestamp="2025-09-25T20:17:30Z" user="muralito" uid="755114">
  <nd ref="1570154525"/>
  <nd ref="1570154534"/>
  <nd ref="1570154574"/>
  <nd ref="1570154587"/>
  <nd ref="1570154598"/>
  <nd ref="1570154606"/>
  <nd ref="1570154609"/>
  <nd ref="1570154611"/>
  <nd ref="1570154613"/>
  <nd ref="1570154627"/>
  <nd ref="1570154637"/>
  <nd ref="1570154641"/>
  <nd ref="1570154644"/>
  <nd ref="1570154643"/>
  <nd ref="1570154639"/>
  <nd ref="1570154626"/>
  <nd ref="1570154604"/>
  <nd ref="1570154599"/>
  <nd ref="1570154594"/>
  <nd ref="1570154585"/>
  <nd ref="1570154578"/>
  <nd ref="1570154576"/>
  <nd ref="1570154555"/>
  <nd ref="1570154538"/>
  <tag k="intermittent" v="yes"/>
  <tag k="waterway" v="canal"/>
 </way>
 <way id="143493816" visible="true" version="1" changeset="10251019" timestamp="2011-12-30T23:54:11Z" user="estela" uid="89271">
  <nd ref="1570154539"/>
  <nd ref="1570154538"/>
  <nd ref="1570154530"/>
  <nd ref="1570154532"/>
  <nd ref="1570154534"/>
  <tag k="waterway" v="canal"/>
 </way>
 <way id="143494014" visible="true" version="3" changeset="21479513" timestamp="2014-04-03T16:13:53Z" user="Souchong" uid="255141">
  <nd ref="1570155482"/>
  <nd ref="1570155484"/>
  <nd ref="1570155485"/>
  <nd ref="1570155489"/>
  <nd ref="1570155505"/>
  <nd ref="1570155506"/>
  <nd ref="1570155497"/>
  <nd ref="1570155500"/>
  <nd ref="1570155490"/>
  <nd ref="1570155491"/>
  <nd ref="1570155494"/>
  <nd ref="1570155501"/>
  <nd ref="1570155496"/>
  <nd ref="1570155486"/>
  <nd ref="1570155487"/>
  <nd ref="1570155495"/>
  <nd ref="1570155492"/>
  <nd ref="1570155499"/>
  <nd ref="1570155502"/>
  <nd ref="1570155503"/>
  <nd ref="1570155509"/>
  <nd ref="1570155508"/>
  <nd ref="1570155504"/>
  <nd ref="1570155507"/>
  <nd ref="1570155510"/>
  <nd ref="1570155511"/>
  <nd ref="1570155512"/>
  <nd ref="1570155513"/>
  <nd ref="1570155514"/>
  <nd ref="1570155515"/>
  <nd ref="1570155516"/>
  <nd ref="1570155517"/>
  <nd ref="1568997804"/>
  <nd ref="1570155518"/>
  <tag k="waterway" v="ditch"/>
 </way>
 <way id="143729474" visible="true" version="2" changeset="172457308" timestamp="2025-09-25T20:17:30Z" user="muralito" uid="755114">
  <nd ref="1572716106"/>
  <nd ref="1572716094"/>
  <nd ref="1572716082"/>
  <nd ref="1572716078"/>
  <nd ref="1572716065"/>
  <nd ref="1572716063"/>
  <nd ref="1572716060"/>
  <nd ref="1572716046"/>
  <nd ref="1572716029"/>
  <nd ref="1572716031"/>
  <nd ref="1572716030"/>
  <nd ref="1572716041"/>
  <nd ref="1572716028"/>
  <nd ref="1572716026"/>
  <nd ref="1572716024"/>
  <nd ref="1572716022"/>
  <nd ref="1572716018"/>
  <nd ref="1572716011"/>
  <nd ref="1572716010"/>
  <nd ref="1572716008"/>
  <nd ref="1572716006"/>
  <nd ref="1572715985"/>
  <nd ref="1572715979"/>
 </way>
 <way id="143729478" visible="true" version="2" changeset="172457308" timestamp="2025-09-25T20:17:30Z" user="muralito" uid="755114">
  <nd ref="1572817113"/>
  <nd ref="1572817114"/>
  <nd ref="1572817115"/>
  <nd ref="1572817116"/>
  <nd ref="1572817117"/>
  <nd ref="1572817119"/>
  <nd ref="1572817118"/>
  <nd ref="1572817120"/>
  <nd ref="1572817121"/>
  <nd ref="1572817122"/>
  <nd ref="1572817123"/>
 </way>
 <way id="143730715" visible="true" version="3" changeset="172457308" timestamp="2025-09-25T20:17:30Z" user="muralito" uid="755114">
  <nd ref="1569181822"/>
  <nd ref="1570039454"/>
  <nd ref="1570039455"/>
  <nd ref="1570039458"/>
  <nd ref="1570039475"/>
  <nd ref="1569181845"/>
 </way>
 <way id="143730723" visible="true" version="2" changeset="172457308" timestamp="2025-09-25T20:17:30Z" user="muralito" uid="755114">
  <nd ref="1572825268"/>
  <nd ref="1572825266"/>
  <nd ref="1572825265"/>
  <nd ref="1572825267"/>
  <nd ref="1572825269"/>
  <nd ref="1572825270"/>
  <nd ref="1572825271"/>
 </way>
 <way id="146708721" visible="true" version="3" changeset="75800760" timestamp="2019-10-16T20:16:14Z" user="Degorap" uid="10244496">
  <nd ref="1599671168"/>
  <nd ref="2752129782"/>
  <tag k="man_made" v="pier"/>
  <tag k="mooring" v="yes"/>
 </way>
 <way id="146708722" visible="true" version="3" changeset="75800760" timestamp="2019-10-16T20:16:14Z" user="Degorap" uid="10244496">
  <nd ref="1599671170"/>
  <nd ref="2752129792"/>
  <tag k="man_made" v="pier"/>
  <tag k="mooring" v="yes"/>
 </way>
 <way id="146708723" visible="true" version="3" changeset="75800760" timestamp="2019-10-16T20:16:14Z" user="Degorap" uid="10244496">
  <nd ref="1599671164"/>
  <nd ref="2752129768"/>
  <tag k="man_made" v="pier"/>
  <tag k="mooring" v="yes"/>
 </way>
 <way id="146768661" visible="true" version="2" changeset="50867826" timestamp="2017-08-05T17:43:21Z" user="juanperez79" uid="6218510">
  <nd ref="94314641"/>
  <nd ref="1600137822"/>
  <nd ref="1600137840"/>
  <nd ref="1600137831"/>
  <nd ref="1600137847"/>
  <nd ref="5016782374"/>
  <nd ref="5016782373"/>
  <nd ref="1600137770"/>
  <nd ref="1600137766"/>
  <nd ref="1600137762"/>
  <nd ref="1600137757"/>
  <nd ref="1600137754"/>
  <nd ref="1600137733"/>
  <nd ref="1600137730"/>
  <nd ref="1600137722"/>
  <nd ref="1600137726"/>
  <nd ref="1569317727"/>
  <nd ref="319984225"/>
  <nd ref="94314641"/>
  <tag k="natural" v="wood"/>
 </way>
 <way id="146768664" visible="true" version="3" changeset="21464360" timestamp="2014-04-02T19:30:58Z" user="Souchong" uid="255141">
  <nd ref="1600137814"/>
  <nd ref="1600137813"/>
  <nd ref="1600137819"/>
  <nd ref="1569181919"/>
  <nd ref="1569181917"/>
  <nd ref="1569181920"/>
  <nd ref="1600137816"/>
  <nd ref="1600137783"/>
  <nd ref="1600137779"/>
  <nd ref="1600137778"/>
  <nd ref="1600137791"/>
  <nd ref="319983043"/>
  <nd ref="319983050"/>
  <nd ref="1600137772"/>
  <nd ref="319983056"/>
  <nd ref="1569217648"/>
  <nd ref="94308622"/>
  <nd ref="1569217650"/>
  <nd ref="319983024"/>
  <nd ref="1600137814"/>
  <tag k="landuse" v="grass"/>
 </way>
 <way id="146768666" visible="true" version="2" changeset="15130532" timestamp="2013-02-23T01:16:12Z" user="fedecanete" uid="1217164">
  <nd ref="1600137691"/>
  <nd ref="1600137687"/>
  <nd ref="1600137655"/>
  <nd ref="1600137634"/>
  <nd ref="1600137596"/>
  <nd ref="1600137593"/>
  <nd ref="1600137585"/>
  <nd ref="1600137556"/>
  <nd ref="1600137553"/>
  <nd ref="1600137548"/>
  <nd ref="1600137544"/>
  <nd ref="94300828"/>
  <nd ref="2168156501"/>
  <nd ref="1569317719"/>
  <nd ref="1569317723"/>
  <nd ref="319984226"/>
  <nd ref="1569317724"/>
  <nd ref="1569317726"/>
  <nd ref="1569317727"/>
  <nd ref="1600137714"/>
  <nd ref="1600137711"/>
  <nd ref="1600137701"/>
  <nd ref="1600137705"/>
  <nd ref="1600137668"/>
  <nd ref="1600137661"/>
  <nd ref="1600137695"/>
  <nd ref="1600137665"/>
  <nd ref="1600137651"/>
  <nd ref="1600137630"/>
  <nd ref="1600137606"/>
  <nd ref="1600137609"/>
  <nd ref="1600137643"/>
  <nd ref="1600137639"/>
  <nd ref="1600137602"/>
  <nd ref="1600137587"/>
  <nd ref="1600137558"/>
  <nd ref="1600137591"/>
  <nd ref="1600137589"/>
  <nd ref="1600137599"/>
  <nd ref="1600137612"/>
  <nd ref="1600137636"/>
  <nd ref="1600137647"/>
  <nd ref="1600137658"/>
  <nd ref="1600137698"/>
  <nd ref="1600137691"/>
  <tag k="natural" v="wood"/>
 </way>
 <way id="148789799" visible="true" version="1" changeset="10591252" timestamp="2012-02-05T08:30:25Z" user="estela" uid="89271">
  <nd ref="1618645183"/>
  <nd ref="1618645179"/>
  <nd ref="1618645198"/>
  <nd ref="1618645204"/>
  <nd ref="1618645220"/>
  <nd ref="1618645210"/>
  <nd ref="1618645223"/>
  <nd ref="1618645218"/>
  <nd ref="1618645212"/>
  <nd ref="1618645222"/>
  <nd ref="1618645230"/>
  <nd ref="1618645216"/>
  <nd ref="1618645203"/>
  <nd ref="1618645201"/>
  <nd ref="1618645199"/>
  <nd ref="1618645195"/>
  <nd ref="1618645175"/>
  <nd ref="1618645170"/>
  <nd ref="1618645159"/>
  <nd ref="1618645126"/>
  <nd ref="1618645111"/>
  <nd ref="1618645106"/>
  <nd ref="1618645105"/>
  <nd ref="1618645093"/>
  <nd ref="1618645076"/>
  <nd ref="1618645099"/>
  <nd ref="1618645075"/>
  <nd ref="1618645074"/>
  <nd ref="1618645068"/>
  <nd ref="1618645072"/>
  <nd ref="1618645079"/>
  <nd ref="1618645095"/>
  <nd ref="1618645077"/>
  <nd ref="1618645097"/>
  <nd ref="1618645107"/>
  <nd ref="1618645109"/>
  <nd ref="1618645108"/>
  <nd ref="1618645113"/>
  <nd ref="1618645138"/>
  <nd ref="1618645139"/>
  <nd ref="1618645148"/>
  <nd ref="1618645142"/>
  <nd ref="1618645168"/>
  <nd ref="1618645163"/>
  <nd ref="1618645183"/>
  <tag k="natural" v="scrub"/>
 </way>
 <way id="148789800" visible="true" version="2" changeset="172457308" timestamp="2025-09-25T20:17:30Z" user="muralito" uid="755114">
  <nd ref="1570045913"/>
  <nd ref="1618645173"/>
  <nd ref="1618645171"/>
  <nd ref="1618645185"/>
  <nd ref="1618645187"/>
  <nd ref="1618645177"/>
  <nd ref="1618645161"/>
  <nd ref="1618645144"/>
  <nd ref="1618645130"/>
  <nd ref="1618645122"/>
  <nd ref="1618645128"/>
  <nd ref="1618645152"/>
  <nd ref="1618645169"/>
  <nd ref="1618645150"/>
  <nd ref="1618645132"/>
  <nd ref="1618645101"/>
  <nd ref="1618645104"/>
  <nd ref="1618645089"/>
  <nd ref="1618645073"/>
  <nd ref="1618645064"/>
  <nd ref="1618645056"/>
  <nd ref="1618645054"/>
  <nd ref="1618645042"/>
  <nd ref="1618645040"/>
  <nd ref="1618645036"/>
  <nd ref="1618645033"/>
  <nd ref="1618645024"/>
  <nd ref="1618645020"/>
  <nd ref="1618645016"/>
  <nd ref="1618645031"/>
  <nd ref="1618645034"/>
  <nd ref="1618645038"/>
  <nd ref="1618645043"/>
  <nd ref="1618645052"/>
  <nd ref="1618645060"/>
  <nd ref="1618645058"/>
  <nd ref="1618645062"/>
  <nd ref="1618645091"/>
  <nd ref="1618645136"/>
  <nd ref="1618645181"/>
  <nd ref="1618645202"/>
  <nd ref="1570045958"/>
  <nd ref="1570045959"/>
  <nd ref="1570045970"/>
  <nd ref="1570045966"/>
  <nd ref="1570045962"/>
  <nd ref="1570045956"/>
  <nd ref="1570045952"/>
  <nd ref="1570045953"/>
  <nd ref="1570045954"/>
  <nd ref="1570045943"/>
  <nd ref="1570045913"/>
  <tag k="natural" v="wetland"/>
 </way>
 <way id="148789802" visible="true" version="4" changeset="172457308" timestamp="2025-09-25T20:17:30Z" user="muralito" uid="755114">
  <nd ref="331858867"/>
  <nd ref="1569166471"/>
  <nd ref="1569166525"/>
  <nd ref="1569166542"/>
  <nd ref="1569166552"/>
  <nd ref="1569166556"/>
  <nd ref="1569166603"/>
  <nd ref="1569166610"/>
  <nd ref="1569166623"/>
  <nd ref="1569717918"/>
  <nd ref="1569717926"/>
  <nd ref="1618645081"/>
  <nd ref="1618645124"/>
  <nd ref="1618645167"/>
  <nd ref="1618645165"/>
  <nd ref="1618645134"/>
  <nd ref="1618645114"/>
  <nd ref="1618645140"/>
  <nd ref="1618645146"/>
  <nd ref="1618645185"/>
  <nd ref="1618645187"/>
  <nd ref="1618645177"/>
  <nd ref="1618645161"/>
  <nd ref="1618645144"/>
  <nd ref="1618645130"/>
  <nd ref="1618645122"/>
  <nd ref="1618645128"/>
  <nd ref="1618645137"/>
  <nd ref="1618645150"/>
  <nd ref="1618645132"/>
  <nd ref="1618645101"/>
  <nd ref="1618645104"/>
  <nd ref="1618645089"/>
  <nd ref="1618645073"/>
  <nd ref="1618645064"/>
  <nd ref="1618645056"/>
  <nd ref="1618645054"/>
  <nd ref="1618645042"/>
  <nd ref="1618645040"/>
  <nd ref="1618645036"/>
  <nd ref="1618645033"/>
  <nd ref="1618645024"/>
  <nd ref="1618645020"/>
  <nd ref="1618645016"/>
  <nd ref="1618645031"/>
  <nd ref="1618645034"/>
  <nd ref="1618645038"/>
  <nd ref="1618645043"/>
  <nd ref="1618645052"/>
  <nd ref="1618645060"/>
  <nd ref="1618645058"/>
  <nd ref="1618645062"/>
  <nd ref="1618645091"/>
  <nd ref="1618645136"/>
  <nd ref="1618645181"/>
  <nd ref="1618645202"/>
  <nd ref="1570045958"/>
  <nd ref="1570045968"/>
  <nd ref="1570045975"/>
  <nd ref="1570045977"/>
  <nd ref="1618645236"/>
  <nd ref="1618645233"/>
  <nd ref="1618645231"/>
  <nd ref="1618645229"/>
  <nd ref="1618645214"/>
  <nd ref="1618645200"/>
  <nd ref="1618645197"/>
  <nd ref="1618645183"/>
  <nd ref="1618645163"/>
  <nd ref="1618645103"/>
  <nd ref="1618645066"/>
  <nd ref="319990514"/>
 </way>
 <way id="148790786" visible="true" version="1" changeset="10591328" timestamp="2012-02-05T08:42:08Z" user="estela" uid="89271">
  <nd ref="1618667002"/>
  <nd ref="1618667000"/>
  <nd ref="1618666996"/>
  <nd ref="1618666994"/>
  <nd ref="1618666992"/>
  <nd ref="1618666985"/>
  <nd ref="1618666984"/>
  <nd ref="1618666983"/>
  <nd ref="1618666982"/>
  <nd ref="1618666981"/>
  <nd ref="1618666980"/>
  <nd ref="1618666979"/>
  <nd ref="1618666978"/>
  <nd ref="1618666977"/>
  <nd ref="1618666969"/>
  <nd ref="1618666967"/>
  <nd ref="1618666966"/>
  <nd ref="1618666964"/>
  <nd ref="1618666962"/>
  <nd ref="1618666961"/>
  <nd ref="1570138216"/>
  <nd ref="1570138213"/>
  <nd ref="1570138211"/>
  <nd ref="1570138203"/>
  <nd ref="1570138196"/>
  <nd ref="1570138171"/>
  <nd ref="1570138145"/>
  <nd ref="1570138139"/>
  <nd ref="1570138124"/>
  <nd ref="1570138118"/>
  <nd ref="1570138099"/>
  <nd ref="1570138094"/>
  <nd ref="1570138089"/>
  <nd ref="1570138096"/>
  <nd ref="1570138116"/>
  <nd ref="1570138133"/>
  <nd ref="1570138147"/>
  <nd ref="1570138169"/>
  <nd ref="1570138195"/>
  <nd ref="1570138200"/>
  <nd ref="1570138212"/>
  <nd ref="1570138217"/>
  <nd ref="1570138219"/>
  <nd ref="1570138220"/>
  <nd ref="1570138223"/>
  <nd ref="1570138224"/>
  <nd ref="1570138230"/>
  <nd ref="1570138237"/>
  <nd ref="1570138243"/>
  <nd ref="1570138247"/>
  <nd ref="1570138245"/>
  <nd ref="1569521394"/>
  <nd ref="1570138249"/>
  <nd ref="1570138251"/>
  <nd ref="1570138257"/>
  <nd ref="1570138269"/>
  <nd ref="1618666998"/>
  <nd ref="1618667005"/>
  <nd ref="1618667013"/>
  <nd ref="1618667014"/>
  <nd ref="1618667015"/>
  <nd ref="1618667016"/>
  <nd ref="1618667019"/>
  <nd ref="1618667017"/>
  <nd ref="1618667012"/>
  <nd ref="1618667011"/>
  <nd ref="1618667010"/>
  <nd ref="1618667003"/>
  <nd ref="1618667002"/>
  <tag k="natural" v="heath"/>
 </way>
 <way id="149908327" visible="true" version="1" changeset="10654159" timestamp="2012-02-11T16:01:48Z" user="estela" uid="89271">
  <nd ref="1628455101"/>
  <nd ref="1628455126"/>
  <nd ref="1628455096"/>
  <nd ref="1628455083"/>
  <nd ref="1628455075"/>
  <nd ref="1628455055"/>
  <nd ref="1628455059"/>
  <nd ref="1569181925"/>
  <nd ref="1569181927"/>
  <nd ref="1628455079"/>
  <nd ref="1628455092"/>
  <nd ref="1628455129"/>
  <nd ref="1628455135"/>
  <nd ref="1628455137"/>
  <nd ref="1628455101"/>
  <tag k="landuse" v="grass"/>
 </way>
 <way id="149908333" visible="true" version="1" changeset="10654159" timestamp="2012-02-11T16:01:50Z" user="estela" uid="89271">
  <nd ref="1628455008"/>
  <nd ref="1628454987"/>
  <nd ref="1628454982"/>
  <nd ref="1628455004"/>
  <nd ref="1628455005"/>
  <nd ref="1628455009"/>
  <nd ref="1628455034"/>
  <nd ref="1628455039"/>
  <nd ref="1628455008"/>
  <tag k="landuse" v="grass"/>
 </way>
 <way id="149908419" visible="true" version="1" changeset="10654159" timestamp="2012-02-11T16:01:58Z" user="estela" uid="89271">
  <nd ref="1600137814"/>
  <nd ref="1600137813"/>
  <nd ref="1600137819"/>
  <nd ref="1569181919"/>
  <nd ref="1569181921"/>
  <nd ref="94300672"/>
  <nd ref="1628454982"/>
  <nd ref="1628454987"/>
  <nd ref="1628455008"/>
  <nd ref="1628455039"/>
  <nd ref="1628455034"/>
  <nd ref="1628455009"/>
  <nd ref="1628455005"/>
  <nd ref="1628455004"/>
  <nd ref="1569181924"/>
  <nd ref="1628455059"/>
  <nd ref="1628455055"/>
  <nd ref="1628455075"/>
  <nd ref="1628455083"/>
  <nd ref="1628455096"/>
  <nd ref="1628455126"/>
  <nd ref="1628455101"/>
  <nd ref="1628455137"/>
  <nd ref="1628455135"/>
  <nd ref="1628455129"/>
  <nd ref="1628455092"/>
  <nd ref="1628455079"/>
  <nd ref="1569181928"/>
  <nd ref="94325982"/>
  <nd ref="1628455103"/>
  <nd ref="1569181929"/>
  <nd ref="1569181931"/>
  <nd ref="94311207"/>
  <nd ref="1569181944"/>
  <nd ref="1569181943"/>
  <nd ref="1569181933"/>
  <nd ref="1569181930"/>
  <nd ref="1569181934"/>
  <nd ref="94297887"/>
  <nd ref="94321989"/>
  <nd ref="1600137814"/>
  <tag k="natural" v="wood"/>
 </way>
 <way id="149908426" visible="true" version="1" changeset="10654159" timestamp="2012-02-11T16:01:59Z" user="estela" uid="89271">
  <nd ref="1628455099"/>
  <nd ref="1628455090"/>
  <nd ref="1628455096"/>
  <nd ref="1628455126"/>
  <nd ref="1628455101"/>
  <nd ref="1628455099"/>
  <tag k="building" v="yes"/>
 </way>
 <way id="151092606" visible="true" version="1" changeset="10732055" timestamp="2012-02-19T16:49:48Z" user="estela" uid="89271">
  <nd ref="1569284376"/>
  <nd ref="1618667017"/>
  <nd ref="1618667019"/>
  <nd ref="1618667016"/>
  <nd ref="1618667015"/>
  <nd ref="1618667014"/>
  <nd ref="1618667013"/>
  <nd ref="1618667005"/>
  <nd ref="1618666998"/>
  <nd ref="1570138269"/>
  <nd ref="1570138276"/>
  <nd ref="1570138274"/>
  <nd ref="1569284189"/>
  <nd ref="1569284157"/>
  <nd ref="1569284162"/>
  <nd ref="1569284264"/>
  <nd ref="1569284318"/>
  <nd ref="1569284325"/>
  <nd ref="1569284359"/>
  <nd ref="1569284329"/>
  <nd ref="1569284364"/>
  <nd ref="1569284415"/>
  <nd ref="1569284416"/>
  <nd ref="1569284374"/>
  <nd ref="1569284373"/>
  <nd ref="1569284409"/>
  <nd ref="1569284406"/>
  <nd ref="1569284376"/>
  <tag k="natural" v="scrub"/>
 </way>
 <way id="154475482" visible="true" version="1" changeset="10940880" timestamp="2012-03-11T10:12:00Z" user="estela" uid="89271">
  <nd ref="1569400965"/>
  <nd ref="1570149502"/>
  <nd ref="1570149500"/>
  <nd ref="1570149508"/>
  <nd ref="1570149509"/>
  <nd ref="1570149511"/>
  <nd ref="1570149513"/>
  <nd ref="1570149514"/>
  <nd ref="1570149517"/>
  <nd ref="1570149527"/>
  <nd ref="1570149532"/>
  <nd ref="1570149537"/>
  <nd ref="1570149547"/>
  <nd ref="1570149552"/>
  <nd ref="1570149557"/>
  <nd ref="1669953458"/>
  <nd ref="1669953456"/>
  <nd ref="1669953455"/>
  <nd ref="1669953454"/>
  <nd ref="1570138214"/>
  <nd ref="1570138207"/>
  <nd ref="1570138194"/>
  <nd ref="1570138187"/>
  <nd ref="1570138161"/>
  <nd ref="1570138152"/>
  <nd ref="1570138164"/>
  <nd ref="1570138141"/>
  <nd ref="1570138130"/>
  <nd ref="1570138121"/>
  <nd ref="1570138101"/>
  <nd ref="1570138097"/>
  <nd ref="1570138092"/>
  <nd ref="1570138081"/>
  <nd ref="1570138075"/>
  <nd ref="1570138078"/>
  <nd ref="1570138071"/>
  <nd ref="1570138070"/>
  <nd ref="1570138068"/>
  <nd ref="1570138059"/>
  <nd ref="1570138046"/>
  <nd ref="1570138035"/>
  <nd ref="1628578468"/>
  <nd ref="1628578466"/>
  <nd ref="1628578465"/>
  <nd ref="1628578464"/>
  <nd ref="1628578463"/>
  <nd ref="1618666926"/>
  <nd ref="1618666942"/>
  <nd ref="1618666946"/>
  <nd ref="1618666951"/>
  <nd ref="1618666957"/>
  <nd ref="1618666959"/>
  <nd ref="1618666955"/>
  <nd ref="1618666950"/>
  <nd ref="1570149490"/>
  <nd ref="1570149491"/>
  <nd ref="1570149496"/>
  <nd ref="1570149498"/>
  <nd ref="1570149492"/>
  <nd ref="1570149485"/>
  <nd ref="1570149482"/>
  <nd ref="1570149484"/>
  <nd ref="1570149479"/>
  <nd ref="1570149467"/>
  <nd ref="1570149463"/>
  <nd ref="1570149461"/>
  <nd ref="1569400693"/>
  <nd ref="1569400696"/>
  <nd ref="1569400699"/>
  <nd ref="1569400706"/>
  <nd ref="1569400719"/>
  <nd ref="1569400725"/>
  <nd ref="1569400730"/>
  <nd ref="1569400734"/>
  <nd ref="1569400755"/>
  <nd ref="1569400759"/>
  <nd ref="1569400765"/>
  <nd ref="1569400774"/>
  <nd ref="1569400782"/>
  <nd ref="1569400808"/>
  <nd ref="1569400767"/>
  <nd ref="1569400780"/>
  <nd ref="1569400812"/>
  <nd ref="1569400823"/>
  <nd ref="1569400777"/>
  <nd ref="1569400785"/>
  <nd ref="1569400819"/>
  <nd ref="1569400827"/>
  <nd ref="1569400848"/>
  <nd ref="1569400897"/>
  <nd ref="1569400915"/>
  <nd ref="1569400954"/>
  <nd ref="1569400964"/>
  <nd ref="1569400965"/>
  <tag k="natural" v="scrub"/>
 </way>
 <way id="175192405" visible="true" version="2" changeset="75800760" timestamp="2019-10-16T20:16:14Z" user="Degorap" uid="10244496">
  <nd ref="94303422"/>
  <nd ref="1858237762"/>
  <tag k="man_made" v="pier"/>
  <tag k="mooring" v="yes"/>
 </way>
 <way id="175192406" visible="true" version="3" changeset="161866533" timestamp="2025-01-28T17:24:41Z" user="RideauCanal" uid="20109092">
  <nd ref="1858237768"/>
  <nd ref="1569217712"/>
  <tag k="man_made" v="pier"/>
  <tag k="mooring" v="yes"/>
 </way>
 <way id="175192407" visible="true" version="1" changeset="12665322" timestamp="2012-08-09T07:48:41Z" user="kr12" uid="570551">
  <nd ref="1858237767"/>
  <nd ref="1858237760"/>
  <tag k="man_made" v="pier"/>
 </way>
 <way id="180707132" visible="true" version="7" changeset="102012009" timestamp="2021-03-30T22:38:39Z" user="Hernan" uid="72347">
  <nd ref="1448579959"/>
  <nd ref="2779701399"/>
 </way>
 <way id="180878267" visible="true" version="4" changeset="115658011" timestamp="2022-01-02T05:07:33Z" user="AgusQui" uid="331218">
  <nd ref="1913215474"/>
  <nd ref="8577069776"/>
  <nd ref="2779701399"/>
 </way>
 <way id="184562594" visible="true" version="2" changeset="21479513" timestamp="2014-04-03T16:13:57Z" user="Souchong" uid="255141">
  <nd ref="319990510"/>
  <nd ref="1569166362"/>
  <nd ref="1569166340"/>
  <nd ref="1569166302"/>
  <nd ref="1569166291"/>
  <nd ref="1569166272"/>
  <nd ref="1569166249"/>
  <nd ref="1569166234"/>
  <nd ref="1569166226"/>
  <nd ref="1569166196"/>
  <nd ref="1569166163"/>
  <nd ref="1591000848"/>
  <nd ref="1591000858"/>
  <nd ref="1591000866"/>
  <nd ref="1591000873"/>
  <nd ref="1591000871"/>
  <nd ref="1591000869"/>
  <nd ref="1591000862"/>
  <nd ref="1591000860"/>
  <nd ref="1591000855"/>
  <nd ref="1591000845"/>
  <nd ref="1591000847"/>
  <nd ref="1591000844"/>
  <nd ref="1591000839"/>
  <nd ref="1591000834"/>
  <nd ref="1591000824"/>
  <nd ref="1569483873"/>
  <nd ref="1569483890"/>
  <nd ref="1569483908"/>
  <nd ref="1569483911"/>
  <nd ref="1569483913"/>
  <nd ref="1569483915"/>
  <nd ref="1569483917"/>
  <nd ref="1569483916"/>
  <nd ref="1569483914"/>
  <nd ref="1569483912"/>
  <nd ref="1569483910"/>
  <nd ref="1569483896"/>
  <nd ref="1569483888"/>
  <nd ref="1569483869"/>
  <nd ref="1569483871"/>
  <nd ref="1569483894"/>
  <nd ref="1569483909"/>
  <nd ref="1569483891"/>
  <nd ref="1569483893"/>
  <nd ref="1569483897"/>
  <nd ref="1569483892"/>
  <nd ref="1569483895"/>
  <nd ref="1569483889"/>
  <nd ref="1569483868"/>
  <nd ref="1569483867"/>
  <nd ref="1569483864"/>
  <nd ref="1569483850"/>
  <nd ref="1569483848"/>
  <nd ref="1569483852"/>
  <nd ref="1569483863"/>
  <nd ref="1569483853"/>
  <nd ref="1569483846"/>
  <nd ref="1569483833"/>
  <nd ref="1569483825"/>
  <nd ref="1569483811"/>
  <nd ref="1569483812"/>
  <nd ref="1569483829"/>
  <nd ref="1569483837"/>
  <nd ref="1569483842"/>
  <nd ref="1569483835"/>
  <nd ref="1569483821"/>
  <nd ref="1569483823"/>
  <nd ref="1569483819"/>
  <nd ref="1569483810"/>
  <nd ref="1569483809"/>
  <nd ref="1569483805"/>
  <nd ref="1569483794"/>
  <nd ref="1569483786"/>
  <nd ref="1569483770"/>
  <nd ref="1569483754"/>
  <nd ref="1569483737"/>
  <nd ref="1569483726"/>
  <nd ref="1569483722"/>
  <nd ref="1569483713"/>
  <nd ref="1569483715"/>
  <nd ref="1569483695"/>
  <nd ref="1569483691"/>
  <nd ref="1569483685"/>
  <nd ref="1569483590"/>
  <nd ref="1569400630"/>
  <nd ref="1569400633"/>
  <nd ref="1569400646"/>
  <nd ref="1569400657"/>
  <nd ref="1569400670"/>
  <nd ref="1569400690"/>
  <nd ref="1569400703"/>
  <nd ref="1569400716"/>
  <nd ref="1569400722"/>
  <nd ref="1569400712"/>
  <nd ref="1569400709"/>
  <nd ref="1569400728"/>
  <nd ref="1569400748"/>
  <nd ref="1569400757"/>
  <nd ref="1569400732"/>
  <nd ref="1569400751"/>
  <nd ref="1569400770"/>
  <nd ref="1569400810"/>
  <nd ref="1569400845"/>
  <nd ref="1569400883"/>
  <nd ref="1569400825"/>
  <nd ref="1569400836"/>
  <nd ref="1569400893"/>
  <nd ref="1569400955"/>
  <nd ref="1569400962"/>
  <nd ref="1569400956"/>
  <nd ref="1569400965"/>
  <nd ref="1570149502"/>
  <nd ref="1570149510"/>
  <nd ref="1569181618"/>
  <nd ref="1569181617"/>
  <nd ref="1569181613"/>
  <nd ref="1569181599"/>
  <nd ref="1569181596"/>
  <nd ref="1569181593"/>
  <nd ref="1569181588"/>
  <nd ref="1569181586"/>
  <nd ref="1569181579"/>
  <nd ref="1569181576"/>
  <nd ref="1569181584"/>
  <nd ref="1569181590"/>
  <nd ref="1569181615"/>
  <nd ref="1569181620"/>
  <nd ref="1569181622"/>
  <nd ref="1569181627"/>
  <nd ref="1569181652"/>
  <nd ref="1569181654"/>
  <nd ref="1569181655"/>
  <nd ref="1570155476"/>
  <nd ref="1570155474"/>
  <nd ref="1570155471"/>
  <nd ref="1570155470"/>
  <nd ref="1570155468"/>
  <nd ref="1570155465"/>
  <nd ref="1570155464"/>
  <nd ref="1570155462"/>
  <nd ref="1570155460"/>
  <nd ref="1570155458"/>
  <nd ref="1570155455"/>
  <nd ref="1570155450"/>
  <nd ref="1570155457"/>
  <nd ref="1570155453"/>
  <nd ref="1570155451"/>
  <nd ref="1570155454"/>
  <nd ref="1570155459"/>
  <nd ref="1570155461"/>
  <nd ref="1570155466"/>
  <nd ref="1570155467"/>
  <nd ref="1570155469"/>
  <nd ref="1570155473"/>
  <nd ref="1570155475"/>
  <nd ref="1570155477"/>
  <nd ref="1570155481"/>
  <nd ref="1570155483"/>
  <nd ref="319990512"/>
  <nd ref="1568997814"/>
  <nd ref="1568997811"/>
  <nd ref="1568997810"/>
  <nd ref="1568997807"/>
  <nd ref="1568997804"/>
  <nd ref="2764527048"/>
  <nd ref="2764527044"/>
  <nd ref="2764527040"/>
  <nd ref="319990510"/>
  <tag k="natural" v="scrub"/>
 </way>
 <way id="200526716" visible="true" version="5" changeset="161909681" timestamp="2025-01-29T18:41:48Z" user="MahaweliValley" uid="17834724">
  <nd ref="1569205806"/>
  <nd ref="2761940565"/>
  <nd ref="1569217703"/>
  <nd ref="2761940566"/>
  <nd ref="1569217716"/>
  <nd ref="1569217720"/>
  <nd ref="1569217724"/>
  <nd ref="1569217731"/>
  <nd ref="1569217746"/>
  <nd ref="1569217749"/>
  <nd ref="2762234548"/>
  <nd ref="1569217750"/>
  <nd ref="1569217751"/>
  <nd ref="1569217756"/>
  <nd ref="1569306142"/>
  <nd ref="1628455236"/>
  <nd ref="1569306157"/>
  <nd ref="12538973305"/>
  <nd ref="12538973306"/>
  <nd ref="12538973307"/>
  <nd ref="1569217760"/>
  <nd ref="1569217774"/>
  <nd ref="12538973308"/>
  <nd ref="2762234560"/>
  <nd ref="12538973309"/>
  <nd ref="12538973310"/>
  <nd ref="2762234550"/>
  <nd ref="12538973311"/>
  <nd ref="12538973312"/>
  <nd ref="12538973313"/>
  <nd ref="12542371859"/>
  <nd ref="94301886"/>
  <nd ref="1628454991"/>
  <nd ref="1569217654"/>
  <nd ref="1569217660"/>
  <nd ref="1569217657"/>
  <nd ref="1569217663"/>
  <nd ref="1569217679"/>
  <nd ref="1569217685"/>
  <nd ref="1569217689"/>
  <nd ref="1569217693"/>
  <nd ref="1628455050"/>
  <nd ref="1569217697"/>
  <nd ref="1628455046"/>
  <nd ref="1569217694"/>
  <nd ref="1569205805"/>
 </way>
 <way id="206775934" visible="true" version="3" changeset="50867826" timestamp="2017-08-05T17:43:21Z" user="juanperez79" uid="6218510">
  <nd ref="2168156497"/>
  <nd ref="94311431"/>
  <nd ref="1569317721"/>
  <nd ref="94326358"/>
  <nd ref="2752129726"/>
  <nd ref="2752129731"/>
  <nd ref="2752129733"/>
  <nd ref="94300828"/>
  <nd ref="2168156501"/>
  <nd ref="1600137606"/>
  <nd ref="2168156499"/>
  <nd ref="2168156503"/>
  <nd ref="5016782379"/>
  <nd ref="5016782377"/>
  <nd ref="2168156497"/>
  <tag k="leisure" v="park"/>
  <tag k="name" v="Costanera Pública Punta Chica"/>
 </way>
 <way id="206775935" visible="true" version="4" changeset="161824304" timestamp="2025-01-27T15:58:47Z" user="MahaweliValley" uid="17834724">
  <nd ref="2168156502"/>
  <nd ref="12536518579"/>
  <nd ref="2168156500"/>
  <nd ref="12536518583"/>
  <nd ref="12536518584"/>
  <nd ref="12536518582"/>
  <nd ref="12536518581"/>
  <nd ref="12536518580"/>
  <tag k="highway" v="service"/>
 </way>
 <way id="243809843" visible="true" version="2" changeset="21479513" timestamp="2014-04-03T16:13:51Z" user="Souchong" uid="255141">
  <nd ref="2511683361"/>
  <nd ref="2764527092"/>
  <nd ref="2764527074"/>
  <nd ref="2511683363"/>
  <nd ref="2764527051"/>
  <nd ref="2511683364"/>
  <nd ref="2511683365"/>
  <nd ref="2764527042"/>
  <nd ref="2511683366"/>
  <nd ref="2764527046"/>
  <nd ref="2764527053"/>
  <nd ref="2764527065"/>
  <nd ref="2511683367"/>
  <nd ref="2764527067"/>
  <nd ref="2764527060"/>
  <nd ref="2511683368"/>
  <nd ref="2511683369"/>
  <nd ref="1570154496"/>
  <nd ref="2511683370"/>
  <nd ref="2511683371"/>
  <nd ref="2764527038"/>
  <nd ref="2511683372"/>
  <nd ref="2764527027"/>
  <nd ref="2764527031"/>
  <nd ref="1570159783"/>
  <nd ref="2511683373"/>
  <nd ref="1570155518"/>
  <nd ref="2511683374"/>
  <nd ref="2764527101"/>
  <nd ref="2511683375"/>
  <nd ref="2764527104"/>
  <nd ref="1570154513"/>
  <tag k="name" v="Arroyo Ballenas"/>
  <tag k="waterway" v="river"/>
 </way>
 <way id="270141758" visible="true" version="6" changeset="50867826" timestamp="2017-08-05T17:43:20Z" user="juanperez79" uid="6218510">
  <nd ref="94308664"/>
  <nd ref="319984209"/>
  <nd ref="319984213"/>
  <nd ref="1599671163"/>
  <nd ref="1599671162"/>
  <nd ref="5016782345"/>
  <nd ref="2764527180"/>
  <nd ref="1599671160"/>
  <nd ref="319984218"/>
  <nd ref="1599671159"/>
  <nd ref="1599671157"/>
  <nd ref="1599671156"/>
  <nd ref="94322917"/>
 </way>
 <way id="270141768" visible="true" version="2" changeset="21590601" timestamp="2014-04-09T14:48:49Z" user="Souchong" uid="255141">
  <nd ref="94322917"/>
  <nd ref="94311431"/>
 </way>
 <way id="270141773" visible="true" version="2" changeset="75800760" timestamp="2019-10-16T20:16:14Z" user="Degorap" uid="10244496">
  <nd ref="2752129770"/>
  <nd ref="2752129800"/>
  <tag k="man_made" v="pier"/>
  <tag k="mooring" v="yes"/>
 </way>
 <way id="270141776" visible="true" version="2" changeset="75800760" timestamp="2019-10-16T20:16:14Z" user="Degorap" uid="10244496">
  <nd ref="2752129780"/>
  <nd ref="2752129783"/>
  <tag k="man_made" v="pier"/>
  <tag k="mooring" v="yes"/>
 </way>
 <way id="270141778" visible="true" version="2" changeset="75800760" timestamp="2019-10-16T20:16:14Z" user="Degorap" uid="10244496">
  <nd ref="2752129786"/>
  <nd ref="2752129794"/>
  <tag k="man_made" v="pier"/>
  <tag k="mooring" v="yes"/>
 </way>
 <way id="270141780" visible="true" version="2" changeset="75800760" timestamp="2019-10-16T20:16:14Z" user="Degorap" uid="10244496">
  <nd ref="2752129796"/>
  <nd ref="2752129802"/>
  <tag k="man_made" v="pier"/>
  <tag k="mooring" v="yes"/>
 </way>
 <way id="270141785" visible="true" version="1" changeset="21385458" timestamp="2014-03-29T16:12:56Z" user="Souchong" uid="255141">
  <nd ref="2752129766"/>
  <nd ref="2752129798"/>
  <tag k="man_made" v="pier"/>
 </way>
 <way id="270141788" visible="true" version="2" changeset="21590601" timestamp="2014-04-09T14:48:49Z" user="Souchong" uid="255141">
  <nd ref="94308622"/>
  <nd ref="94308664"/>
 </way>
 <way id="270141796" visible="true" version="2" changeset="50867826" timestamp="2017-08-05T17:43:21Z" user="juanperez79" uid="6218510">
  <nd ref="94322917"/>
  <nd ref="94337717"/>
  <nd ref="5016782364"/>
  <nd ref="5016782365"/>
  <nd ref="5016782366"/>
  <nd ref="5016782367"/>
  <nd ref="5016782368"/>
  <nd ref="5016782361"/>
  <nd ref="5016782360"/>
  <nd ref="319984222"/>
  <nd ref="2752129768"/>
  <nd ref="2752129782"/>
  <nd ref="2752129792"/>
  <nd ref="94298948"/>
  <nd ref="5016782369"/>
  <nd ref="5016782376"/>
  <nd ref="5016782375"/>
  <nd ref="5016782374"/>
  <nd ref="5016782373"/>
  <nd ref="1600137770"/>
  <nd ref="2168156497"/>
  <nd ref="94311431"/>
 </way>
 <way id="270141798" visible="true" version="2" changeset="75800760" timestamp="2019-10-16T20:16:14Z" user="Degorap" uid="10244496">
  <nd ref="2752129763"/>
  <nd ref="2752129772"/>
  <nd ref="2752129778"/>
  <tag k="man_made" v="pier"/>
  <tag k="mooring" v="yes"/>
 </way>
 <way id="270141807" visible="true" version="4" changeset="34193935" timestamp="2015-09-22T21:46:26Z" user="muralito" uid="755114">
  <nd ref="94311431"/>
  <nd ref="1569317721"/>
  <nd ref="94326358"/>
 </way>
 <way id="270141810" visible="true" version="1" changeset="21385458" timestamp="2014-03-29T16:12:57Z" user="Souchong" uid="255141">
  <nd ref="2752129824"/>
  <nd ref="2752129827"/>
  <nd ref="2752129815"/>
  <nd ref="2752129842"/>
  <nd ref="2752129846"/>
  <tag k="man_made" v="pier"/>
 </way>
 <way id="270141816" visible="true" version="4" changeset="161909681" timestamp="2025-01-29T18:41:48Z" user="MahaweliValley" uid="17834724">
  <nd ref="94308622"/>
  <nd ref="1569217650"/>
  <nd ref="319983024"/>
  <nd ref="1600137814"/>
  <nd ref="94321989"/>
  <nd ref="94297887"/>
  <nd ref="1569181934"/>
  <nd ref="1569181930"/>
  <nd ref="1569181933"/>
  <nd ref="1569181943"/>
  <nd ref="1569181944"/>
  <nd ref="94311207"/>
  <nd ref="1569181931"/>
  <nd ref="1569181929"/>
  <nd ref="1628455103"/>
  <nd ref="94325982"/>
  <nd ref="1569181928"/>
  <nd ref="1628455079"/>
  <nd ref="1569181927"/>
  <nd ref="1569181925"/>
  <nd ref="1628455059"/>
  <nd ref="1569181924"/>
  <nd ref="1628455004"/>
  <nd ref="1628454982"/>
  <nd ref="94300672"/>
  <nd ref="1569181921"/>
  <nd ref="1569181919"/>
  <nd ref="1569181917"/>
  <nd ref="1569181920"/>
  <nd ref="1569181922"/>
  <nd ref="2752129774"/>
  <nd ref="94314680"/>
  <nd ref="94329751"/>
  <nd ref="319983113"/>
  <nd ref="12542371863"/>
  <nd ref="2752129837"/>
  <nd ref="2752129840"/>
  <nd ref="12542371864"/>
  <nd ref="2752129849"/>
  <nd ref="319983106"/>
  <nd ref="2752129846"/>
  <nd ref="1569181971"/>
  <nd ref="2752129834"/>
  <nd ref="2752129831"/>
  <nd ref="2752129821"/>
  <nd ref="2752129819"/>
  <nd ref="1569181973"/>
  <nd ref="94291977"/>
  <nd ref="2752129809"/>
  <nd ref="2752129812"/>
  <nd ref="2752129806"/>
  <nd ref="94303422"/>
  <nd ref="5016782344"/>
  <nd ref="1858237767"/>
  <nd ref="1858237766"/>
  <nd ref="1569181950"/>
  <nd ref="2779659854"/>
  <nd ref="2779659843"/>
  <nd ref="2779659838"/>
  <nd ref="2779659836"/>
  <nd ref="2779659842"/>
  <nd ref="2779659850"/>
  <nd ref="2779659851"/>
  <nd ref="2779659859"/>
  <nd ref="1569181948"/>
  <nd ref="1569181946"/>
  <nd ref="2779659846"/>
  <nd ref="2779659848"/>
  <nd ref="1569181949"/>
  <nd ref="1569181958"/>
  <nd ref="1569181962"/>
  <nd ref="1569181960"/>
  <nd ref="1569181951"/>
  <nd ref="2779659857"/>
  <nd ref="1569181947"/>
  <nd ref="1569181945"/>
  <nd ref="2752129800"/>
  <nd ref="2752129798"/>
  <nd ref="94318831"/>
  <nd ref="1599671174"/>
  <nd ref="319984203"/>
  <nd ref="319984204"/>
  <nd ref="2752129778"/>
  <nd ref="1599671171"/>
  <nd ref="1599671172"/>
  <nd ref="1599671176"/>
  <nd ref="2752129783"/>
  <nd ref="1599671178"/>
  <nd ref="2752129794"/>
  <nd ref="2752129802"/>
  <nd ref="319984205"/>
  <nd ref="319984206"/>
  <nd ref="319984207"/>
  <nd ref="1599671166"/>
  <nd ref="1599671165"/>
  <nd ref="319984202"/>
  <nd ref="319984208"/>
  <nd ref="319984201"/>
  <nd ref="94333405"/>
  <nd ref="1599671173"/>
  <nd ref="1599671175"/>
  <nd ref="94295067"/>
  <nd ref="1599671167"/>
  <nd ref="2779659835"/>
  <nd ref="94308664"/>
 </way>
 <way id="270465090" visible="true" version="1" changeset="21408507" timestamp="2014-03-30T20:50:00Z" user="Souchong" uid="255141">
  <nd ref="1569181900"/>
  <nd ref="1569181905"/>
 </way>
 <way id="270465095" visible="true" version="3" changeset="34193935" timestamp="2015-09-22T21:46:27Z" user="muralito" uid="755114">
  <nd ref="1569181905"/>
  <nd ref="2754803417"/>
  <nd ref="319990538"/>
  <nd ref="2754803419"/>
  <nd ref="2754803421"/>
  <nd ref="1569181915"/>
  <nd ref="2754803423"/>
  <nd ref="1569181907"/>
  <nd ref="1569181906"/>
  <nd ref="94324051"/>
  <nd ref="1569181903"/>
  <nd ref="94322094"/>
  <nd ref="1569181881"/>
  <nd ref="1569181875"/>
  <nd ref="94308619"/>
  <nd ref="1569181857"/>
  <nd ref="1569181851"/>
  <nd ref="1569181834"/>
  <nd ref="1569181849"/>
  <nd ref="1569181827"/>
  <nd ref="1569181820"/>
  <nd ref="1569181810"/>
  <nd ref="94332691"/>
  <nd ref="1569181782"/>
  <nd ref="1569181790"/>
  <nd ref="1569181780"/>
  <nd ref="1569181779"/>
  <nd ref="1569181776"/>
  <nd ref="94318459"/>
  <nd ref="1569181754"/>
  <nd ref="1569181771"/>
  <nd ref="1569181778"/>
  <nd ref="1569181760"/>
  <nd ref="1569181755"/>
  <nd ref="1569181774"/>
  <nd ref="94305689"/>
  <nd ref="1569181773"/>
  <nd ref="1569181777"/>
  <nd ref="1569181758"/>
  <nd ref="1569181752"/>
  <nd ref="1569181751"/>
  <nd ref="1569181750"/>
  <nd ref="1569181749"/>
  <nd ref="1569181748"/>
  <nd ref="94288397"/>
 </way>
 <way id="271241248" visible="true" version="3" changeset="34193935" timestamp="2015-09-22T21:46:31Z" user="muralito" uid="755114">
  <nd ref="1569205805"/>
  <nd ref="1569205804"/>
  <nd ref="1628454994"/>
  <nd ref="1569205803"/>
  <nd ref="1569205802"/>
  <nd ref="1569205801"/>
  <nd ref="1569205800"/>
  <nd ref="2762234538"/>
  <nd ref="1569205798"/>
  <nd ref="1569205771"/>
  <nd ref="1569205769"/>
  <nd ref="94290376"/>
  <nd ref="1628454891"/>
  <nd ref="2762234536"/>
  <nd ref="2762234532"/>
  <nd ref="1600137786"/>
  <nd ref="1628837647"/>
  <nd ref="1628454872"/>
  <nd ref="1628837650"/>
  <nd ref="1628454877"/>
  <nd ref="94329559"/>
  <nd ref="331867643"/>
 </way>
 <way id="271241253" visible="true" version="3" changeset="34193935" timestamp="2015-09-22T21:46:31Z" user="muralito" uid="755114">
  <nd ref="319983037"/>
  <nd ref="1569217652"/>
  <nd ref="319983043"/>
  <nd ref="319983050"/>
  <nd ref="1600137772"/>
  <nd ref="319983056"/>
  <nd ref="1569217648"/>
  <nd ref="94308622"/>
 </way>
 <way id="271241257" visible="true" version="2" changeset="21465662" timestamp="2014-04-02T20:38:31Z" user="Souchong" uid="255141">
  <nd ref="331867643"/>
  <nd ref="319983037"/>
 </way>
 <way id="271270405" visible="true" version="4" changeset="66519347" timestamp="2019-01-21T22:11:44Z" user="serock" uid="1810448">
  <nd ref="331867643"/>
  <nd ref="1600137848"/>
  <nd ref="94310990"/>
  <nd ref="1600137850"/>
  <nd ref="319983150"/>
  <nd ref="319983144"/>
 </way>
 <way id="271301659" visible="true" version="1" changeset="21467432" timestamp="2014-04-02T22:30:01Z" user="Souchong" uid="255141">
  <nd ref="2762650166"/>
  <nd ref="2762650165"/>
  <nd ref="2762650162"/>
  <nd ref="2762650167"/>
  <nd ref="2762650172"/>
  <nd ref="2762650173"/>
  <nd ref="2762650174"/>
  <nd ref="2762650183"/>
  <nd ref="2762650196"/>
  <nd ref="2762650204"/>
  <nd ref="2762650209"/>
  <nd ref="2762650216"/>
  <nd ref="2762650212"/>
  <nd ref="2762650218"/>
  <nd ref="2762650221"/>
  <nd ref="2762650226"/>
  <nd ref="2762650230"/>
  <nd ref="2762650232"/>
  <nd ref="2762650236"/>
  <nd ref="2762650239"/>
  <nd ref="2762650256"/>
  <nd ref="2762650259"/>
  <nd ref="2762650265"/>
  <nd ref="2762650269"/>
  <nd ref="2762650267"/>
  <nd ref="2762650262"/>
  <nd ref="2762650261"/>
  <nd ref="2762650253"/>
  <nd ref="2762650242"/>
  <nd ref="2762650234"/>
  <nd ref="2762650228"/>
  <nd ref="2762650215"/>
  <nd ref="2762650197"/>
  <nd ref="2762650184"/>
  <nd ref="2762650171"/>
  <nd ref="2762650160"/>
  <nd ref="2762650156"/>
  <nd ref="2762650153"/>
  <nd ref="2762650152"/>
  <nd ref="2762650149"/>
  <nd ref="2762650143"/>
  <nd ref="2762650141"/>
  <nd ref="2762650144"/>
  <nd ref="2762650150"/>
  <nd ref="2762650157"/>
  <nd ref="2762650161"/>
  <nd ref="2762650168"/>
  <nd ref="2762650179"/>
  <nd ref="2762650185"/>
  <nd ref="2762650198"/>
  <nd ref="2762650206"/>
  <nd ref="2762650222"/>
  <nd ref="2762650231"/>
  <nd ref="2762650238"/>
  <nd ref="2762650243"/>
  <nd ref="2762650247"/>
  <nd ref="2762650251"/>
  <nd ref="2762650249"/>
  <nd ref="2762650245"/>
  <nd ref="2762650244"/>
  <nd ref="2762650250"/>
  <nd ref="2762650257"/>
  <nd ref="2762650263"/>
  <nd ref="2762650271"/>
  <nd ref="2762650275"/>
  <nd ref="2762650281"/>
  <nd ref="2762650287"/>
  <nd ref="2762650291"/>
  <nd ref="2762650293"/>
  <nd ref="2762650289"/>
  <nd ref="2762650285"/>
  <nd ref="2762650280"/>
  <nd ref="2762650277"/>
  <nd ref="2762650273"/>
  <nd ref="2762650274"/>
  <nd ref="2762650279"/>
  <nd ref="2762650286"/>
  <nd ref="2762650292"/>
  <nd ref="2762650296"/>
  <nd ref="2762650301"/>
  <nd ref="2762650312"/>
  <nd ref="2762650318"/>
  <nd ref="2762650324"/>
  <nd ref="2762650326"/>
  <nd ref="2762650330"/>
  <nd ref="2762650337"/>
  <nd ref="2762650343"/>
  <nd ref="2762650349"/>
  <nd ref="2762650352"/>
  <nd ref="2762650351"/>
  <nd ref="2762650347"/>
  <nd ref="2762650342"/>
  <nd ref="2762650336"/>
  <nd ref="2762650328"/>
  <nd ref="2762650322"/>
  <nd ref="2762650314"/>
  <nd ref="2762650306"/>
  <nd ref="2762650298"/>
  <nd ref="2762650303"/>
  <nd ref="2762650305"/>
  <nd ref="2762650310"/>
  <nd ref="2762650313"/>
  <nd ref="2762650319"/>
  <nd ref="2762650332"/>
  <nd ref="2762650338"/>
  <nd ref="2762650344"/>
  <nd ref="2762650348"/>
  <nd ref="2762650353"/>
  <nd ref="2762650357"/>
  <nd ref="2762650359"/>
  <nd ref="2762650365"/>
  <nd ref="2762650369"/>
  <nd ref="2762650363"/>
  <nd ref="2762650358"/>
  <nd ref="2762650361"/>
  <nd ref="2762650372"/>
  <nd ref="2762650377"/>
  <nd ref="2762650384"/>
  <nd ref="2762650395"/>
  <nd ref="2762650402"/>
  <nd ref="2762650421"/>
  <nd ref="2762650434"/>
  <nd ref="2762650440"/>
  <nd ref="2762650445"/>
  <nd ref="2762650450"/>
  <nd ref="2762650451"/>
  <nd ref="2762650446"/>
  <nd ref="2762650438"/>
  <nd ref="2762650424"/>
  <nd ref="2762650423"/>
  <nd ref="2762650411"/>
  <nd ref="2762650406"/>
  <nd ref="2762650405"/>
  <nd ref="2762650408"/>
  <nd ref="2762650412"/>
  <nd ref="2762650418"/>
  <nd ref="2762650417"/>
  <nd ref="2762650416"/>
  <nd ref="2762650410"/>
  <nd ref="2762650407"/>
  <nd ref="2762650400"/>
  <nd ref="2762650393"/>
  <nd ref="2762650383"/>
  <nd ref="2762650371"/>
  <nd ref="2762650355"/>
  <nd ref="2762650346"/>
  <nd ref="2762650340"/>
  <nd ref="2762650334"/>
  <nd ref="2762650331"/>
  <nd ref="2762650325"/>
  <nd ref="2762650320"/>
  <nd ref="2762650316"/>
  <nd ref="2762650308"/>
  <nd ref="2762650297"/>
  <nd ref="2762650294"/>
  <nd ref="2762650283"/>
  <nd ref="2762650268"/>
  <nd ref="2762650255"/>
  <nd ref="2762650237"/>
  <nd ref="2762650224"/>
  <nd ref="2762650203"/>
  <nd ref="2762650194"/>
  <nd ref="2762650190"/>
  <nd ref="2762650180"/>
  <nd ref="2762650178"/>
  <nd ref="2762650166"/>
  <tag k="natural" v="water"/>
  <tag k="water" v="pond"/>
 </way>
 <way id="271301675" visible="true" version="1" changeset="21467432" timestamp="2014-04-02T22:30:02Z" user="Souchong" uid="255141">
  <nd ref="319983144"/>
  <nd ref="319983132"/>
  <nd ref="1600137852"/>
  <nd ref="319983139"/>
  <nd ref="1569217713"/>
  <nd ref="1569217712"/>
  <nd ref="1569217718"/>
  <nd ref="2761940569"/>
  <nd ref="319983126"/>
  <nd ref="1569217776"/>
  <nd ref="1569217778"/>
  <nd ref="1628837651"/>
  <nd ref="2761940570"/>
  <nd ref="319983119"/>
  <nd ref="319983161"/>
  <nd ref="319983168"/>
  <nd ref="94300547"/>
 </way>
 <way id="271301681" visible="true" version="1" changeset="21467432" timestamp="2014-04-02T22:30:02Z" user="Souchong" uid="255141">
  <nd ref="319983144"/>
  <nd ref="94300547"/>
 </way>
 <way id="271301683" visible="true" version="1" changeset="21467432" timestamp="2014-04-02T22:30:02Z" user="Souchong" uid="255141">
  <nd ref="94300547"/>
  <nd ref="2761940571"/>
  <nd ref="2761940573"/>
  <nd ref="94342288"/>
  <nd ref="1628455506"/>
  <nd ref="319983018"/>
  <nd ref="1628455615"/>
  <nd ref="1628455663"/>
  <nd ref="319983075"/>
  <nd ref="319983069"/>
  <nd ref="2466878038"/>
  <nd ref="2466878021"/>
  <nd ref="1569217807"/>
  <nd ref="1569217793"/>
  <nd ref="1569217791"/>
  <nd ref="1569217788"/>
  <nd ref="1569217786"/>
  <nd ref="2762651285"/>
  <nd ref="1569217784"/>
  <nd ref="1569217790"/>
  <nd ref="1569217806"/>
  <nd ref="1569217808"/>
  <nd ref="1569217811"/>
  <nd ref="1569217810"/>
  <nd ref="1569217813"/>
  <nd ref="1569217815"/>
  <nd ref="1569217817"/>
  <nd ref="2761940589"/>
  <nd ref="2761940600"/>
  <nd ref="94307560"/>
  <nd ref="1628455997"/>
  <nd ref="1628455996"/>
  <nd ref="94296434"/>
  <nd ref="1628455995"/>
  <nd ref="94335475"/>
  <nd ref="1628824559"/>
  <nd ref="1628824560"/>
  <nd ref="1628824558"/>
  <nd ref="1628824557"/>
  <nd ref="94320767"/>
  <nd ref="1628824556"/>
  <nd ref="1628824555"/>
  <nd ref="1628824554"/>
  <nd ref="1628824553"/>
  <nd ref="94304772"/>
  <nd ref="1628824552"/>
  <nd ref="319982914"/>
  <nd ref="94293444"/>
 </way>
 <way id="271301688" visible="true" version="1" changeset="21467432" timestamp="2014-04-02T22:30:02Z" user="Souchong" uid="255141">
  <nd ref="2762650503"/>
  <nd ref="2762650500"/>
  <nd ref="2762650504"/>
  <nd ref="2762650501"/>
  <nd ref="2762650495"/>
  <nd ref="2762650491"/>
  <nd ref="2762650481"/>
  <nd ref="2762650479"/>
  <nd ref="2762650477"/>
  <nd ref="2762650469"/>
  <nd ref="2762650462"/>
  <nd ref="2762650458"/>
  <nd ref="2762650456"/>
  <nd ref="2762650452"/>
  <nd ref="2762650444"/>
  <nd ref="2762650442"/>
  <nd ref="2762650439"/>
  <nd ref="2762650433"/>
  <nd ref="2762650427"/>
  <nd ref="2762650413"/>
  <nd ref="2762650399"/>
  <nd ref="2762650396"/>
  <nd ref="2762650390"/>
  <nd ref="2762650392"/>
  <nd ref="2762650388"/>
  <nd ref="2762650386"/>
  <nd ref="2762650378"/>
  <nd ref="2762650367"/>
  <nd ref="2762650364"/>
  <nd ref="2762650370"/>
  <nd ref="2762650376"/>
  <nd ref="2762650380"/>
  <nd ref="2762650389"/>
  <nd ref="2762650404"/>
  <nd ref="2762650419"/>
  <nd ref="2762650425"/>
  <nd ref="2762650430"/>
  <nd ref="2762650429"/>
  <nd ref="2762650431"/>
  <nd ref="2762650436"/>
  <nd ref="2762650448"/>
  <nd ref="2762650454"/>
  <nd ref="2762650457"/>
  <nd ref="2762650460"/>
  <nd ref="2762650470"/>
  <nd ref="2762650486"/>
  <nd ref="2762650494"/>
  <nd ref="2762650498"/>
  <nd ref="2762650508"/>
  <nd ref="2762650503"/>
  <tag k="natural" v="water"/>
  <tag k="water" v="pond"/>
 </way>
 <way id="271301694" visible="true" version="1" changeset="21467432" timestamp="2014-04-02T22:30:02Z" user="Souchong" uid="255141">
  <nd ref="2762650464"/>
  <nd ref="2762650468"/>
  <nd ref="2762650475"/>
  <nd ref="2762650483"/>
  <nd ref="2762650488"/>
  <nd ref="2762650492"/>
  <nd ref="2762650509"/>
  <nd ref="2762650517"/>
  <nd ref="2762650523"/>
  <nd ref="2762650526"/>
  <nd ref="2762650530"/>
  <nd ref="2762650535"/>
  <nd ref="2762650540"/>
  <nd ref="2762650544"/>
  <nd ref="2762650546"/>
  <nd ref="2762650550"/>
  <nd ref="2762650553"/>
  <nd ref="2762650559"/>
  <nd ref="2762650564"/>
  <nd ref="2762650569"/>
  <nd ref="2762650573"/>
  <nd ref="2762650578"/>
  <nd ref="2762650581"/>
  <nd ref="2762650584"/>
  <nd ref="2762650589"/>
  <nd ref="2762650591"/>
  <nd ref="2762650595"/>
  <nd ref="2762650590"/>
  <nd ref="2762650587"/>
  <nd ref="2762650579"/>
  <nd ref="2762650577"/>
  <nd ref="2762650575"/>
  <nd ref="2762650572"/>
  <nd ref="2762650571"/>
  <nd ref="2762650567"/>
  <nd ref="2762650566"/>
  <nd ref="2762650563"/>
  <nd ref="2762650560"/>
  <nd ref="2762650556"/>
  <nd ref="2762650551"/>
  <nd ref="2762650549"/>
  <nd ref="2762650545"/>
  <nd ref="2762650541"/>
  <nd ref="2762650538"/>
  <nd ref="2762650533"/>
  <nd ref="2762650531"/>
  <nd ref="2762650529"/>
  <nd ref="2762650527"/>
  <nd ref="2762650524"/>
  <nd ref="2762650520"/>
  <nd ref="2762650515"/>
  <nd ref="2762650512"/>
  <nd ref="2762650497"/>
  <nd ref="2762650489"/>
  <nd ref="2762650480"/>
  <nd ref="2762650466"/>
  <nd ref="2762650463"/>
  <nd ref="2762650464"/>
  <tag k="natural" v="water"/>
  <tag k="water" v="pond"/>
 </way>
 <way id="271301707" visible="true" version="3" changeset="133152771" timestamp="2023-03-01T02:26:36Z" user="Calu" uid="212935">
  <nd ref="2762651214"/>
  <nd ref="2762651166"/>
  <nd ref="2762651147"/>
  <nd ref="2762650790"/>
  <nd ref="2762650741"/>
  <nd ref="2762650706"/>
  <nd ref="2762650648"/>
  <nd ref="2762650609"/>
  <nd ref="2762650561"/>
  <nd ref="2762650485"/>
  <nd ref="2762650374"/>
  <nd ref="2762650155"/>
  <nd ref="2762650127"/>
  <nd ref="2762650105"/>
  <nd ref="2762650107"/>
  <nd ref="2762650108"/>
  <nd ref="2762650113"/>
  <nd ref="2762650116"/>
  <nd ref="2762650118"/>
  <nd ref="2762650135"/>
  <nd ref="2762650145"/>
  <nd ref="2762650177"/>
  <nd ref="2762650191"/>
  <nd ref="2762650208"/>
  <nd ref="2762650219"/>
  <nd ref="2762650225"/>
  <nd ref="2762650213"/>
  <nd ref="2762650186"/>
  <nd ref="2762650138"/>
  <nd ref="2762650132"/>
  <nd ref="2762650133"/>
  <nd ref="2762650137"/>
  <nd ref="2762650147"/>
  <nd ref="2762650159"/>
  <nd ref="2762650382"/>
  <nd ref="2762650511"/>
  <nd ref="2762650536"/>
  <nd ref="2762650585"/>
  <nd ref="2762650606"/>
  <nd ref="2762650637"/>
  <nd ref="2762650672"/>
  <nd ref="2762650700"/>
  <nd ref="2762650735"/>
  <nd ref="2762650798"/>
  <nd ref="2762650863"/>
  <nd ref="2762651032"/>
  <nd ref="2762651137"/>
  <nd ref="2762651154"/>
  <nd ref="2762651159"/>
  <nd ref="2762651172"/>
  <nd ref="2762651195"/>
  <nd ref="2762651217"/>
  <nd ref="2762651228"/>
  <nd ref="2762651230"/>
  <nd ref="2762651233"/>
  <nd ref="2762651237"/>
  <nd ref="2762651240"/>
  <nd ref="2762651242"/>
  <nd ref="2762651249"/>
  <nd ref="2762651258"/>
  <nd ref="2762651275"/>
  <nd ref="2762651282"/>
  <nd ref="1600142101"/>
  <nd ref="1600142097"/>
  <nd ref="2762183256"/>
  <nd ref="1600142100"/>
  <nd ref="2762183258"/>
  <nd ref="2762183247"/>
  <nd ref="1600142095"/>
  <nd ref="2762183241"/>
  <nd ref="1600142092"/>
  <nd ref="2762651205"/>
  <nd ref="2762651214"/>
  <tag k="leisure" v="golf_course"/>
  <tag k="name" v="Náutico San Isidro"/>
  <tag k="sport" v="golf"/>
 </way>
 <way id="271306732" visible="true" version="2" changeset="50867826" timestamp="2017-08-05T17:43:21Z" user="juanperez79" uid="6218510">
  <nd ref="2762680704"/>
  <nd ref="1628455633"/>
  <nd ref="2762650593"/>
  <nd ref="1628455599"/>
  <nd ref="2762650583"/>
  <nd ref="1628455608"/>
  <nd ref="1628455595"/>
  <nd ref="1628455572"/>
  <nd ref="2762650555"/>
  <nd ref="94321311"/>
  <nd ref="2762650625"/>
  <nd ref="2762650620"/>
  <nd ref="2762650661"/>
  <nd ref="2762650667"/>
  <nd ref="2762650675"/>
  <nd ref="2762650695"/>
  <nd ref="2762650923"/>
  <nd ref="331869659"/>
  <nd ref="2762651006"/>
  <nd ref="2762650988"/>
  <nd ref="331869664"/>
  <nd ref="2762650785"/>
  <nd ref="2762650774"/>
  <nd ref="2762650757"/>
  <nd ref="2762650746"/>
  <nd ref="2762650736"/>
  <nd ref="2762650729"/>
  <nd ref="2762650722"/>
  <nd ref="2762650720"/>
  <nd ref="2762650608"/>
  <nd ref="2762650548"/>
  <nd ref="2762650543"/>
  <nd ref="2762650518"/>
  <nd ref="94336976"/>
  <nd ref="5016782354"/>
  <nd ref="94294604"/>
  <nd ref="1569217681"/>
  <nd ref="1569217666"/>
  <nd ref="319983030"/>
  <nd ref="319983037"/>
 </way>
 <way id="271491282" visible="true" version="4" changeset="172457308" timestamp="2025-09-25T20:17:30Z" user="muralito" uid="755114">
  <nd ref="94341983"/>
  <nd ref="1569181894"/>
  <nd ref="1569181899"/>
  <nd ref="2754803407"/>
  <nd ref="2754803409"/>
  <nd ref="1569181901"/>
  <nd ref="2754803413"/>
  <nd ref="2754803415"/>
  <nd ref="1569181900"/>
 </way>
 <way id="271491284" visible="true" version="6" changeset="172457308" timestamp="2025-09-25T20:17:30Z" user="muralito" uid="755114">
  <nd ref="94319529"/>
  <nd ref="1568590695"/>
  <nd ref="94305183"/>
  <nd ref="1568590672"/>
  <nd ref="319990533"/>
  <nd ref="2764527034"/>
  <nd ref="1569284020"/>
  <nd ref="1569284029"/>
  <nd ref="1568590674"/>
  <nd ref="1569236217"/>
  <nd ref="1569236225"/>
  <nd ref="1568590678"/>
  <nd ref="1569236227"/>
  <nd ref="1569572247"/>
  <nd ref="1568590680"/>
  <nd ref="1569401108"/>
  <nd ref="1569401103"/>
  <nd ref="319990516"/>
  <nd ref="1569572245"/>
  <nd ref="1569401113"/>
  <nd ref="1569401117"/>
  <nd ref="319990532"/>
  <nd ref="1569166413"/>
  <nd ref="1871042508"/>
  <nd ref="1569166407"/>
  <nd ref="1569166410"/>
  <nd ref="1569166404"/>
  <nd ref="319990526"/>
  <nd ref="331858861"/>
  <nd ref="2764527035"/>
  <nd ref="2764527032"/>
  <nd ref="2764527037"/>
  <nd ref="331858863"/>
  <nd ref="1569166361"/>
  <nd ref="1569166333"/>
  <nd ref="2764527023"/>
  <nd ref="2764527029"/>
  <nd ref="2764527025"/>
  <nd ref="1569166320"/>
  <nd ref="319990530"/>
  <nd ref="1871042506"/>
  <nd ref="319990531"/>
  <nd ref="1569166362"/>
  <nd ref="319990510"/>
  <nd ref="2764527040"/>
  <nd ref="2764527044"/>
  <nd ref="2764527048"/>
  <nd ref="1568997804"/>
  <nd ref="1568997807"/>
  <nd ref="1568997810"/>
  <nd ref="1568997811"/>
  <nd ref="1568997814"/>
  <nd ref="319990512"/>
  <nd ref="1871042509"/>
  <nd ref="1568997822"/>
  <nd ref="94292269"/>
  <nd ref="1568997825"/>
  <nd ref="319990514"/>
 </way>
 <way id="271491293" visible="true" version="2" changeset="172457308" timestamp="2025-09-25T20:17:30Z" user="muralito" uid="755114">
  <nd ref="1569717918"/>
  <nd ref="331858866"/>
  <nd ref="331858878"/>
  <nd ref="1569166654"/>
  <nd ref="331858877"/>
  <nd ref="1569166605"/>
  <nd ref="1569166549"/>
  <nd ref="1569166545"/>
  <nd ref="331858894"/>
  <nd ref="1569166523"/>
  <nd ref="331858876"/>
  <nd ref="1569166505"/>
  <nd ref="331858874"/>
  <nd ref="1569166527"/>
  <nd ref="331858885"/>
  <nd ref="1569166585"/>
  <nd ref="331858882"/>
  <nd ref="331858870"/>
  <nd ref="1569166632"/>
  <nd ref="1569166629"/>
  <nd ref="1569166620"/>
  <nd ref="331858902"/>
  <nd ref="1569166601"/>
  <nd ref="331858911"/>
  <nd ref="1569166554"/>
  <nd ref="1569166550"/>
  <nd ref="331858918"/>
  <nd ref="1569717848"/>
 </way>
 <way id="272970484" visible="true" version="4" changeset="161824304" timestamp="2025-01-27T15:58:47Z" user="MahaweliValley" uid="17834724">
  <nd ref="792201866"/>
  <nd ref="2778634681"/>
  <nd ref="2778634678"/>
  <tag k="highway" v="living_street"/>
  <tag k="maxspeed" v="40"/>
  <tag k="name" v="John F. Kennedy"/>
  <tag k="oneway" v="yes"/>
 </way>
 <way id="272970485" visible="true" version="4" changeset="161824304" timestamp="2025-01-27T15:58:47Z" user="MahaweliValley" uid="17834724">
  <nd ref="2778634668"/>
  <nd ref="2778634672"/>
  <nd ref="792201866"/>
  <tag k="highway" v="living_street"/>
  <tag k="maxspeed" v="40"/>
  <tag k="name" v="John F. Kennedy"/>
  <tag k="oneway" v="yes"/>
 </way>
 <way id="272970486" visible="true" version="5" changeset="161892031" timestamp="2025-01-29T10:47:59Z" user="MahaweliValley" uid="17834724">
  <nd ref="300732388"/>
  <nd ref="5897943786"/>
  <nd ref="12536518573"/>
  <nd ref="2168156502"/>
  <nd ref="792201864"/>
  <nd ref="5016782388"/>
  <nd ref="12541428681"/>
  <tag k="highway" v="residential"/>
  <tag k="name" v="Luis Piedra Buena"/>
 </way>
 <way id="272970487" visible="true" version="4" changeset="34294158" timestamp="2015-09-27T23:25:21Z" user="Souchong" uid="255141">
  <nd ref="3033104449"/>
  <nd ref="3033104450"/>
  <nd ref="3033104451"/>
  <nd ref="3033104452"/>
  <nd ref="2778634509"/>
  <nd ref="2778634513"/>
  <nd ref="2778634515"/>
  <nd ref="2778634511"/>
  <nd ref="2778634507"/>
  <nd ref="2778634504"/>
  <nd ref="3033104446"/>
  <nd ref="3033104447"/>
  <nd ref="3033104448"/>
  <nd ref="2778634497"/>
  <nd ref="2778634494"/>
  <nd ref="2778634490"/>
  <nd ref="2778634492"/>
  <nd ref="2778634496"/>
  <nd ref="2778634506"/>
  <nd ref="3033104449"/>
  <tag k="access" v="private"/>
  <tag k="highway" v="living_street"/>
  <tag k="surface" v="paved"/>
 </way>
 <way id="272970489" visible="true" version="4" changeset="34294158" timestamp="2015-09-27T23:25:20Z" user="Souchong" uid="255141">
  <nd ref="3033104443"/>
  <nd ref="3033104444"/>
  <nd ref="3033104445"/>
  <nd ref="792201805"/>
  <nd ref="2778634461"/>
  <nd ref="2778634466"/>
  <nd ref="2778634468"/>
  <nd ref="2778634463"/>
  <nd ref="2778634460"/>
  <nd ref="3033104439"/>
  <nd ref="3033104440"/>
  <nd ref="3033104441"/>
  <nd ref="3033104442"/>
  <nd ref="2778634458"/>
  <nd ref="2778634454"/>
  <nd ref="2778634450"/>
  <nd ref="2778634448"/>
  <nd ref="2778634452"/>
  <nd ref="2778634456"/>
  <nd ref="3033104443"/>
  <tag k="access" v="private"/>
  <tag k="highway" v="living_street"/>
  <tag k="surface" v="paved"/>
 </way>
 <way id="272970490" visible="true" version="4" changeset="34294158" timestamp="2015-09-27T23:25:27Z" user="Souchong" uid="255141">
  <nd ref="2778634533"/>
  <nd ref="2778634569"/>
  <nd ref="2778634580"/>
  <nd ref="3033099829"/>
  <nd ref="3033099830"/>
  <nd ref="3033099831"/>
  <nd ref="2778634593"/>
  <nd ref="3033099824"/>
  <nd ref="2778634602"/>
  <nd ref="2778634611"/>
  <nd ref="2778634624"/>
  <nd ref="2778634621"/>
  <nd ref="2778634608"/>
  <nd ref="3033099825"/>
  <nd ref="3033099826"/>
  <nd ref="3033099827"/>
  <nd ref="3033099828"/>
  <nd ref="2778634599"/>
  <nd ref="2778634586"/>
  <nd ref="2778634577"/>
  <nd ref="2778634533"/>
  <tag k="access" v="private"/>
  <tag k="highway" v="living_street"/>
  <tag k="oneway" v="yes"/>
  <tag k="surface" v="paved"/>
 </way>
 <way id="272970491" visible="true" version="3" changeset="111829924" timestamp="2021-09-28T17:23:53Z" user="CapAhab" uid="6172866">
  <nd ref="3033104436"/>
  <nd ref="3033104437"/>
  <nd ref="3033104438"/>
  <nd ref="2778634488"/>
  <nd ref="2778634484"/>
  <nd ref="2778634477"/>
  <nd ref="2778634474"/>
  <nd ref="2778634472"/>
  <nd ref="2778634470"/>
  <nd ref="3033099832"/>
  <nd ref="3033104433"/>
  <nd ref="3033104434"/>
  <nd ref="3033104435"/>
  <nd ref="2778634471"/>
  <nd ref="2778634473"/>
  <nd ref="2778634476"/>
  <nd ref="2778634479"/>
  <nd ref="2778634482"/>
  <nd ref="2778634486"/>
  <nd ref="3033104436"/>
  <tag k="access" v="private"/>
  <tag k="highway" v="living_street"/>
 </way>
 <way id="272970492" visible="true" version="3" changeset="34294158" timestamp="2015-09-27T23:25:32Z" user="Souchong" uid="255141">
  <nd ref="2778634590"/>
  <nd ref="2778634627"/>
  <nd ref="2778634645"/>
  <tag k="access" v="private"/>
  <tag k="highway" v="living_street"/>
  <tag k="oneway" v="yes"/>
  <tag k="surface" v="paved"/>
 </way>
 <way id="272970493" visible="true" version="3" changeset="34294158" timestamp="2015-09-27T23:25:34Z" user="Souchong" uid="255141">
  <nd ref="2778634509"/>
  <nd ref="2778634517"/>
  <nd ref="2778634530"/>
  <nd ref="2778634590"/>
  <tag k="access" v="private"/>
  <tag k="highway" v="living_street"/>
  <tag k="surface" v="paved"/>
 </way>
 <way id="272970494" visible="true" version="4" changeset="108713576" timestamp="2021-07-28T00:46:54Z" user="i2004" uid="11462915">
  <nd ref="2778634665"/>
  <nd ref="2778634662"/>
  <nd ref="2778634660"/>
  <tag k="access" v="private"/>
  <tag k="highway" v="living_street"/>
  <tag k="oneway" v="yes"/>
  <tag k="surface" v="paved"/>
 </way>
 <way id="272970495" visible="true" version="3" changeset="34294158" timestamp="2015-09-27T23:25:36Z" user="Souchong" uid="255141">
  <nd ref="2778634488"/>
  <nd ref="2778634501"/>
  <nd ref="2778634523"/>
  <nd ref="2778634583"/>
  <nd ref="2778634599"/>
  <tag k="access" v="private"/>
  <tag k="highway" v="living_street"/>
  <tag k="surface" v="paved"/>
 </way>
 <way id="272970496" visible="true" version="4" changeset="108713576" timestamp="2021-07-28T00:46:54Z" user="i2004" uid="11462915">
  <nd ref="2778634645"/>
  <nd ref="2778634647"/>
  <nd ref="2778634650"/>
  <nd ref="2778634656"/>
  <nd ref="2778634660"/>
  <tag k="access" v="private"/>
  <tag k="highway" v="living_street"/>
  <tag k="surface" v="paved"/>
 </way>
 <way id="272970497" visible="true" version="3" changeset="34294158" timestamp="2015-09-27T23:25:38Z" user="Souchong" uid="255141">
  <nd ref="2778634645"/>
  <nd ref="2778634642"/>
  <nd ref="2778634618"/>
  <nd ref="2778634606"/>
  <nd ref="2778634596"/>
  <nd ref="2778634590"/>
  <tag k="access" v="private"/>
  <tag k="highway" v="living_street"/>
  <tag k="oneway" v="yes"/>
  <tag k="surface" v="paved"/>
 </way>
 <way id="272970498" visible="true" version="3" changeset="34294158" timestamp="2015-09-27T23:25:41Z" user="Souchong" uid="255141">
  <nd ref="2778634593"/>
  <nd ref="2778634574"/>
  <nd ref="2778634526"/>
  <nd ref="2778634520"/>
  <nd ref="2778634499"/>
  <nd ref="2778634475"/>
  <nd ref="2778634469"/>
  <nd ref="792201806"/>
  <nd ref="792201805"/>
  <tag k="access" v="private"/>
  <tag k="highway" v="living_street"/>
  <tag k="surface" v="paved"/>
 </way>
 <way id="273066428" visible="true" version="5" changeset="161813581" timestamp="2025-01-27T11:08:28Z" user="MahaweliValley" uid="17834724">
  <nd ref="1432949481"/>
  <nd ref="1432949499"/>
  <nd ref="2778634446"/>
  <nd ref="9932921036"/>
  <nd ref="1432949501"/>
  <nd ref="1432949544"/>
  <nd ref="11904461486"/>
  <nd ref="11904461483"/>
  <nd ref="11904461485"/>
  <nd ref="11904461492"/>
  <tag k="highway" v="service"/>
  <tag k="maxspeed" v="20"/>
  <tag k="oneway" v="yes"/>
  <tag k="surface" v="paving_stones"/>
 </way>
 <way id="329970832" visible="true" version="4" changeset="141750618" timestamp="2023-09-25T22:39:23Z" user="pezapesta" uid="1972084">
  <nd ref="6225984253"/>
  <nd ref="6225984254"/>
  <nd ref="3369312598"/>
  <nd ref="3369312599"/>
  <nd ref="6225984253"/>
  <tag k="amenity" v="fuel"/>
  <tag k="brand" v="Puma"/>
  <tag k="building" v="yes"/>
  <tag k="check_date" v="2023-09-25"/>
  <tag k="fuel:diesel" v="yes"/>
  <tag k="name" v="Puma CNSI"/>
  <tag k="opening_hours" v="Mo-Tu 08:00-19:00; We-Su 08:00-20:00"/>
  <tag k="payment:credit_cards" v="yes"/>
  <tag k="payment:debit_cards" v="yes"/>
  <tag k="payment:mastercard" v="yes"/>
  <tag k="payment:visa" v="yes"/>
  <tag k="source" v="survey"/>
 </way>
 <way id="452715800" visible="true" version="3" changeset="146342942" timestamp="2024-01-17T00:25:19Z" user="AgusQui" uid="331218">
  <nd ref="792201829"/>
  <nd ref="5897943785"/>
  <tag k="highway" v="residential"/>
  <tag k="maxspeed" v="40"/>
  <tag k="name" v="Ricardo Rojas"/>
  <tag k="oneway" v="no"/>
  <tag k="surface" v="concrete"/>
 </way>
 <way id="504071238" visible="true" version="3" changeset="52120294" timestamp="2017-09-17T15:42:20Z" user="juanperez79" uid="6218510">
  <nd ref="4942801574"/>
  <nd ref="5016782348"/>
  <nd ref="5016782347"/>
  <nd ref="5016782357"/>
  <nd ref="4942801577"/>
  <nd ref="5016782370"/>
  <nd ref="5016782372"/>
  <nd ref="4942801580"/>
  <nd ref="4942801581"/>
  <nd ref="4942801582"/>
  <nd ref="4942801574"/>
  <tag k="landuse" v="residential"/>
  <tag k="name" v="Barrio Punta Chica Village"/>
 </way>
 <way id="504595317" visible="true" version="2" changeset="50867826" timestamp="2017-08-05T17:43:20Z" user="juanperez79" uid="6218510">
  <nd ref="5016782348"/>
  <nd ref="5016782349"/>
  <nd ref="5016782350"/>
  <nd ref="4947420153"/>
  <nd ref="4947420154"/>
  <nd ref="4942801574"/>
  <nd ref="5016782348"/>
  <tag k="addr:city" v="Victoria"/>
  <tag k="addr:housenumber" v="3680"/>
  <tag k="addr:street" v="Escalada"/>
  <tag k="amenity" v="school"/>
  <tag k="name" v="Colegio Holy Cross Varones"/>
  <tag k="website" v="http://www.holycross.edu.ar/varones/"/>
 </way>
 <way id="504595318" visible="true" version="3" changeset="161909681" timestamp="2025-01-29T18:41:48Z" user="MahaweliValley" uid="17834724">
  <nd ref="792201886"/>
  <nd ref="12542371868"/>
  <nd ref="792201866"/>
  <tag k="highway" v="residential"/>
  <tag k="maxspeed" v="40"/>
  <tag k="name" v="Escalada"/>
  <tag k="oneway" v="no"/>
  <tag k="surface" v="concrete"/>
 </way>
 <way id="504595319" visible="true" version="2" changeset="115722443" timestamp="2022-01-03T17:52:39Z" user="Paula Videla" uid="14640841">
  <nd ref="4947420155"/>
  <nd ref="4947420156"/>
  <nd ref="4947420157"/>
  <nd ref="9388901278"/>
  <nd ref="4947420158"/>
  <nd ref="4947420159"/>
  <nd ref="4947420160"/>
  <nd ref="4947420161"/>
  <nd ref="4947420162"/>
  <nd ref="4947420155"/>
  <tag k="addr:city" v="Beccar"/>
  <tag k="addr:housenumber" v="2653"/>
  <tag k="addr:street" v="Pedro de Mendoza"/>
  <tag k="amenity" v="school"/>
  <tag k="name" v="Holy Cross Mujeres"/>
  <tag k="website" v="http://www.holycross.edu.ar/mujeres/"/>
 </way>
 <way id="504595324" visible="true" version="1" changeset="49990905" timestamp="2017-07-02T18:23:36Z" user="juanperez79" uid="6218510">
  <nd ref="4947420178"/>
  <nd ref="4947420179"/>
  <nd ref="4947420180"/>
  <nd ref="4947420181"/>
  <nd ref="4947420178"/>
  <tag k="building" v="school"/>
 </way>
 <way id="508241972" visible="true" version="3" changeset="115722443" timestamp="2022-01-03T17:52:39Z" user="Paula Videla" uid="14640841">
  <nd ref="4975807134"/>
  <nd ref="4975807135"/>
  <nd ref="4975807136"/>
  <nd ref="4975807137"/>
  <nd ref="4975807138"/>
  <nd ref="4975807139"/>
  <nd ref="4975807140"/>
  <nd ref="5123249959"/>
  <nd ref="9388901277"/>
  <nd ref="4975807141"/>
  <nd ref="4975807134"/>
  <tag k="landuse" v="residential"/>
  <tag k="name" v="Complejo Ánima"/>
 </way>
 <way id="513141793" visible="true" version="1" changeset="50867826" timestamp="2017-08-05T17:43:17Z" user="juanperez79" uid="6218510">
  <nd ref="4947420161"/>
  <nd ref="5016782328"/>
  <nd ref="5016782329"/>
  <nd ref="5016782330"/>
  <nd ref="5016782335"/>
  <nd ref="5016782336"/>
  <nd ref="5016782337"/>
  <nd ref="2779701402"/>
  <nd ref="5016782352"/>
  <nd ref="5016782351"/>
  <nd ref="5016782338"/>
  <nd ref="4947420155"/>
  <nd ref="4947420162"/>
  <nd ref="4947420161"/>
  <tag k="landuse" v="recreation_ground"/>
  <tag k="name" v="Club SOIVA"/>
 </way>
 <way id="513141795" visible="true" version="3" changeset="126334367" timestamp="2022-09-18T15:02:30Z" user="EsLoQueHay" uid="11572928">
  <nd ref="2779701402"/>
  <nd ref="5016782344"/>
  <nd ref="1858237766"/>
  <nd ref="1569181950"/>
  <nd ref="2779659854"/>
  <nd ref="2779659843"/>
  <nd ref="2779659838"/>
  <nd ref="2779659836"/>
  <nd ref="2779659842"/>
  <nd ref="2779659851"/>
  <nd ref="2779659859"/>
  <nd ref="1569181946"/>
  <nd ref="2779659846"/>
  <nd ref="2779659848"/>
  <nd ref="1569181949"/>
  <nd ref="1569181958"/>
  <nd ref="1569181962"/>
  <nd ref="1569181960"/>
  <nd ref="1569181951"/>
  <nd ref="2779659857"/>
  <nd ref="1569181947"/>
  <nd ref="1569181945"/>
  <nd ref="2752129800"/>
  <nd ref="2752129798"/>
  <nd ref="94318831"/>
  <nd ref="1599671174"/>
  <nd ref="319984203"/>
  <nd ref="319984204"/>
  <nd ref="1599671171"/>
  <nd ref="1599671172"/>
  <nd ref="1599671176"/>
  <nd ref="1599671178"/>
  <nd ref="319984205"/>
  <nd ref="319984206"/>
  <nd ref="319984207"/>
  <nd ref="1599671166"/>
  <nd ref="1599671165"/>
  <nd ref="319984202"/>
  <nd ref="319984208"/>
  <nd ref="319984201"/>
  <nd ref="94333405"/>
  <nd ref="1599671173"/>
  <nd ref="1599671175"/>
  <nd ref="94295067"/>
  <nd ref="1599671167"/>
  <nd ref="2779659835"/>
  <nd ref="94308664"/>
  <nd ref="319984209"/>
  <nd ref="319984213"/>
  <nd ref="1599671163"/>
  <nd ref="1599671162"/>
  <nd ref="5016782345"/>
  <nd ref="5016782346"/>
  <nd ref="5016782357"/>
  <nd ref="5016782347"/>
  <nd ref="5016782348"/>
  <nd ref="5016782349"/>
  <nd ref="5016782350"/>
  <nd ref="5016782351"/>
  <nd ref="5016782352"/>
  <nd ref="2779701402"/>
  <tag k="addr:city" v="Beccar"/>
  <tag k="landuse" v="recreation_ground"/>
  <tag k="name" v="Club Náutico Álbatros"/>
  <tag k="website" v="https://www.cnas.com.ar/"/>
 </way>
 <way id="513141796" visible="true" version="3" changeset="161909681" timestamp="2025-01-29T18:41:48Z" user="MahaweliValley" uid="17834724">
  <nd ref="5016782344"/>
  <nd ref="2779701402"/>
  <nd ref="5016782337"/>
  <nd ref="5016782353"/>
  <nd ref="5016782354"/>
  <nd ref="94294604"/>
  <nd ref="1569217681"/>
  <nd ref="1569217666"/>
  <nd ref="319983030"/>
  <nd ref="319983037"/>
  <nd ref="1569217652"/>
  <nd ref="319983043"/>
  <nd ref="319983050"/>
  <nd ref="1600137772"/>
  <nd ref="319983056"/>
  <nd ref="1569217648"/>
  <nd ref="94308622"/>
  <nd ref="1569217650"/>
  <nd ref="319983024"/>
  <nd ref="1600137814"/>
  <nd ref="94321989"/>
  <nd ref="94297887"/>
  <nd ref="1569181934"/>
  <nd ref="1569181930"/>
  <nd ref="1569181933"/>
  <nd ref="1569181943"/>
  <nd ref="1569181944"/>
  <nd ref="94311207"/>
  <nd ref="1569181931"/>
  <nd ref="1569181929"/>
  <nd ref="1628455103"/>
  <nd ref="94325982"/>
  <nd ref="1569181928"/>
  <nd ref="1628455079"/>
  <nd ref="1569181927"/>
  <nd ref="1569181925"/>
  <nd ref="1628455059"/>
  <nd ref="1569181924"/>
  <nd ref="1628455004"/>
  <nd ref="1628454982"/>
  <nd ref="94300672"/>
  <nd ref="1569181921"/>
  <nd ref="1569181919"/>
  <nd ref="1569181917"/>
  <nd ref="1569181920"/>
  <nd ref="1569181922"/>
  <nd ref="2752129774"/>
  <nd ref="94314680"/>
  <nd ref="94329751"/>
  <nd ref="319983113"/>
  <nd ref="12542371863"/>
  <nd ref="2752129837"/>
  <nd ref="2752129840"/>
  <nd ref="12542371864"/>
  <nd ref="2752129849"/>
  <nd ref="319983106"/>
  <nd ref="2752129846"/>
  <nd ref="1569181971"/>
  <nd ref="2752129834"/>
  <nd ref="2752129831"/>
  <nd ref="2752129821"/>
  <nd ref="2752129819"/>
  <nd ref="1569181973"/>
  <nd ref="94291977"/>
  <nd ref="2752129809"/>
  <nd ref="2752129812"/>
  <nd ref="2752129806"/>
  <nd ref="5016782344"/>
  <tag k="landuse" v="recreation_ground"/>
  <tag k="name" v="Club Náutico Sudeste"/>
 </way>
 <way id="513141797" visible="true" version="3" changeset="51190096" timestamp="2017-08-17T00:03:36Z" user="juanperez79" uid="6218510">
  <nd ref="5016782346"/>
  <nd ref="5016782345"/>
  <nd ref="2764527180"/>
  <nd ref="1599671160"/>
  <nd ref="319984218"/>
  <nd ref="1599671159"/>
  <nd ref="1599671157"/>
  <nd ref="5016782356"/>
  <nd ref="5016782358"/>
  <nd ref="5016782362"/>
  <nd ref="5016782363"/>
  <nd ref="5016782364"/>
  <nd ref="5016782365"/>
  <nd ref="5016782366"/>
  <nd ref="5016782367"/>
  <nd ref="5016782368"/>
  <nd ref="5016782361"/>
  <nd ref="5016782360"/>
  <nd ref="319984222"/>
  <nd ref="2752129768"/>
  <nd ref="2752129782"/>
  <nd ref="2752129792"/>
  <nd ref="94298948"/>
  <nd ref="5016782369"/>
  <nd ref="5016782376"/>
  <nd ref="5016782375"/>
  <nd ref="5016782374"/>
  <nd ref="5016782373"/>
  <nd ref="2168156497"/>
  <nd ref="5016782377"/>
  <nd ref="5016782387"/>
  <nd ref="5016782371"/>
  <nd ref="5016782372"/>
  <nd ref="5016782370"/>
  <nd ref="5016782357"/>
  <nd ref="5016782346"/>
  <tag k="landuse" v="recreation_ground"/>
  <tag k="name" v="Marina Punta Chica"/>
 </way>
 <way id="513141798" visible="true" version="4" changeset="126334367" timestamp="2022-09-18T15:02:30Z" user="EsLoQueHay" uid="11572928">
  <nd ref="5016782364"/>
  <nd ref="94337717"/>
  <nd ref="94322917"/>
  <nd ref="1599671156"/>
  <nd ref="1599671157"/>
  <nd ref="5016782356"/>
  <nd ref="5016782358"/>
  <nd ref="5016782362"/>
  <nd ref="5016782363"/>
  <nd ref="5016782364"/>
  <tag k="addr:city" v="Victoria"/>
  <tag k="addr:postcode" v="B1644"/>
  <tag k="landuse" v="commercial"/>
  <tag k="name" v="Bahía Punta Chica Eventos"/>
  <tag k="website" v="+54 11 4746-4214"/>
 </way>
 <way id="513141799" visible="true" version="2" changeset="51190096" timestamp="2017-08-17T00:03:36Z" user="juanperez79" uid="6218510">
  <nd ref="5016782387"/>
  <nd ref="5016782380"/>
  <nd ref="5016782381"/>
  <nd ref="5016782382"/>
  <nd ref="5016782383"/>
  <nd ref="5016782384"/>
  <nd ref="5016782385"/>
  <nd ref="5016782386"/>
  <nd ref="94292190"/>
  <nd ref="94329885"/>
  <nd ref="2752129758"/>
  <nd ref="2752129759"/>
  <nd ref="2752129757"/>
  <nd ref="5016782378"/>
  <nd ref="2752129760"/>
  <nd ref="319984234"/>
  <nd ref="319984233"/>
  <nd ref="319984236"/>
  <nd ref="1569317739"/>
  <nd ref="1569317738"/>
  <nd ref="319984235"/>
  <nd ref="1569317742"/>
  <nd ref="1569317744"/>
  <nd ref="1569317743"/>
  <nd ref="319984239"/>
  <nd ref="319984238"/>
  <nd ref="1569317728"/>
  <nd ref="1569317735"/>
  <nd ref="319984237"/>
  <nd ref="2752129762"/>
  <nd ref="1569317745"/>
  <nd ref="1569317746"/>
  <nd ref="94314641"/>
  <nd ref="319984225"/>
  <nd ref="1569317727"/>
  <nd ref="1569317726"/>
  <nd ref="1569317724"/>
  <nd ref="319984226"/>
  <nd ref="1569317723"/>
  <nd ref="1569317719"/>
  <nd ref="2168156501"/>
  <nd ref="1600137606"/>
  <nd ref="2168156499"/>
  <nd ref="2168156503"/>
  <nd ref="5016782379"/>
  <nd ref="2168156498"/>
  <nd ref="5016782377"/>
  <nd ref="2168156500"/>
  <nd ref="5016782387"/>
  <tag k="landuse" v="recreation_ground"/>
  <tag k="name" v="Club Náutico Victoria"/>
 </way>
 <way id="513314395" visible="true" version="6" changeset="161866533" timestamp="2025-01-28T17:24:41Z" user="RideauCanal" uid="20109092">
  <nd ref="792201886"/>
  <nd ref="12539321234"/>
  <nd ref="12536167689"/>
  <nd ref="12539443646"/>
  <nd ref="792201778"/>
  <tag k="highway" v="service"/>
  <tag k="lanes" v="1"/>
  <tag k="maxspeed" v="40"/>
  <tag k="name" v="Uruguay"/>
  <tag k="oneway" v="no"/>
  <tag k="surface" v="asphalt"/>
 </way>
 <way id="624570125" visible="true" version="1" changeset="62470639" timestamp="2018-09-11T00:18:46Z" user="Beerforfree" uid="215693">
  <nd ref="5897941282"/>
  <nd ref="5897941281"/>
  <tag k="addr:inclusion" v="actual"/>
  <tag k="addr:interpolation" v="even"/>
 </way>
 <way id="624570126" visible="true" version="1" changeset="62470639" timestamp="2018-09-11T00:18:46Z" user="Beerforfree" uid="215693">
  <nd ref="5897941284"/>
  <nd ref="5897941283"/>
  <tag k="addr:inclusion" v="actual"/>
  <tag k="addr:interpolation" v="odd"/>
 </way>
 <way id="624570127" visible="true" version="1" changeset="62470639" timestamp="2018-09-11T00:18:46Z" user="Beerforfree" uid="215693">
  <nd ref="5897943785"/>
  <nd ref="300732388"/>
  <tag k="highway" v="residential"/>
  <tag k="name" v="Ricardo Rojas"/>
  <tag k="oneway" v="yes"/>
  <tag k="surface" v="concrete"/>
 </way>
 <way id="624570128" visible="true" version="1" changeset="62470639" timestamp="2018-09-11T00:18:46Z" user="Beerforfree" uid="215693">
  <nd ref="5897943786"/>
  <nd ref="5897943785"/>
  <tag k="highway" v="residential"/>
  <tag k="name" v="Ricardo Rojas"/>
  <tag k="oneway" v="yes"/>
  <tag k="surface" v="concrete"/>
 </way>
 <way id="680929675" visible="true" version="2" changeset="126027331" timestamp="2022-09-10T19:08:20Z" user="AgusQui" uid="331218">
  <nd ref="6376234624"/>
  <nd ref="4975807134"/>
  <nd ref="4975807135"/>
  <nd ref="4975807136"/>
  <nd ref="6376234625"/>
  <nd ref="6376234626"/>
  <nd ref="6376234627"/>
  <nd ref="6376234628"/>
  <nd ref="6376234629"/>
  <nd ref="6376234630"/>
  <nd ref="4975661244"/>
  <nd ref="4975661243"/>
  <nd ref="4975661242"/>
  <nd ref="4975661241"/>
  <nd ref="4975661245"/>
  <nd ref="6376234631"/>
  <nd ref="6376234632"/>
  <nd ref="6376234633"/>
  <nd ref="6376234634"/>
  <nd ref="6376234635"/>
  <nd ref="5119380665"/>
  <nd ref="4975807156"/>
  <nd ref="3462461583"/>
  <nd ref="6376234636"/>
  <nd ref="6376234637"/>
  <nd ref="6376234638"/>
  <nd ref="6376234639"/>
  <nd ref="6376234640"/>
  <nd ref="6376234641"/>
  <nd ref="6376234642"/>
  <nd ref="6376234643"/>
  <nd ref="6376234644"/>
  <nd ref="6376234645"/>
  <nd ref="6376234624"/>
  <tag k="landuse" v="residential"/>
 </way>
 <way id="680929676" visible="true" version="2" changeset="181986792" timestamp="2026-04-29T12:40:54Z" user="AlejandroAlba" uid="6499071">
  <nd ref="2778604363"/>
  <nd ref="6376234646"/>
  <nd ref="6376234647"/>
  <nd ref="6376234648"/>
  <nd ref="6376234649"/>
  <nd ref="6376234650"/>
  <nd ref="6376234651"/>
  <nd ref="2778604333"/>
  <nd ref="13775143329"/>
  <nd ref="2778604363"/>
  <tag k="place" v="neighbourhood"/>
 </way>
 <way id="923975415" visible="true" version="2" changeset="102012111" timestamp="2021-03-30T22:44:00Z" user="Hernan" uid="72347">
  <nd ref="8577035876"/>
  <nd ref="8577035875"/>
  <nd ref="8577035874"/>
  <nd ref="8577035873"/>
  <nd ref="8577035872"/>
  <nd ref="8577035871"/>
  <nd ref="8577035870"/>
  <nd ref="8577035869"/>
  <nd ref="8577035868"/>
  <nd ref="8577035867"/>
  <nd ref="8577035866"/>
  <nd ref="8577035865"/>
  <nd ref="8577035864"/>
  <nd ref="8577035863"/>
  <nd ref="8577035862"/>
  <nd ref="8577035861"/>
  <nd ref="8577035860"/>
  <nd ref="8577035859"/>
  <nd ref="8577035858"/>
  <nd ref="8577035857"/>
  <nd ref="8577035856"/>
  <nd ref="8577035855"/>
  <nd ref="8577035854"/>
  <nd ref="8577035853"/>
  <nd ref="8577035852"/>
  <nd ref="8577035851"/>
  <nd ref="8577035850"/>
  <nd ref="8577035849"/>
  <nd ref="8577035848"/>
  <nd ref="8577035847"/>
  <nd ref="8577035846"/>
  <nd ref="8577035876"/>
  <tag k="name" v="Islas Trillizas"/>
  <tag k="natural" v="wetland"/>
  <tag k="place" v="islet"/>
  <tag k="wetland" v="reedbed"/>
 </way>
 <way id="923975416" visible="true" version="3" changeset="148774861" timestamp="2024-03-17T14:35:10Z" user="AlejandroAlba" uid="6499071">
  <nd ref="8577035891"/>
  <nd ref="8577035890"/>
  <nd ref="8577035889"/>
  <nd ref="8577035888"/>
  <nd ref="8577035887"/>
  <nd ref="8577035886"/>
  <nd ref="8577035885"/>
  <nd ref="8577035884"/>
  <nd ref="8577035883"/>
  <nd ref="8577035882"/>
  <nd ref="8577035881"/>
  <nd ref="8577035880"/>
  <nd ref="8577035879"/>
  <nd ref="11739026891"/>
  <nd ref="11739026889"/>
  <nd ref="11739026890"/>
  <nd ref="11739026892"/>
  <nd ref="11739026893"/>
  <nd ref="11739026895"/>
  <nd ref="11739026894"/>
  <nd ref="8577035891"/>
  <tag k="name" v="Islas Trillizas"/>
  <tag k="natural" v="wetland"/>
  <tag k="place" v="islet"/>
  <tag k="wetland" v="reedbed"/>
 </way>
 <way id="933318482" visible="true" version="3" changeset="169984824" timestamp="2025-08-05T04:55:24Z" user="muralito" uid="755114">
  <nd ref="1448579959"/>
  <nd ref="8577069775"/>
  <nd ref="8577069774"/>
  <nd ref="8577033137"/>
  <nd ref="311051456"/>
  <nd ref="8651295284"/>
  <nd ref="2561016853"/>
  <nd ref="9294401331"/>
  <nd ref="9294401332"/>
  <nd ref="6374111437"/>
  <nd ref="6374111438"/>
  <tag k="boat" v="yes"/>
  <tag k="name" v="Río Luján"/>
  <tag k="name:en" v="Luján River"/>
  <tag k="waterway" v="river"/>
  <tag k="wikidata" v="Q7650614"/>
  <tag k="wikipedia" v="es:Río Luján"/>
 </way>
 <way id="968004127" visible="true" version="3" changeset="173863696" timestamp="2025-10-28T03:33:49Z" user="GivorsCanal" uid="22220374">
  <nd ref="2778634602"/>
  <nd ref="2778634615"/>
  <nd ref="2778634639"/>
  <nd ref="792201881"/>
  <tag k="access" v="private"/>
  <tag k="highway" v="living_street"/>
  <tag k="oneway" v="yes"/>
  <tag k="surface" v="paved"/>
 </way>
 <way id="968004128" visible="true" version="1" changeset="108713576" timestamp="2021-07-28T00:46:54Z" user="i2004" uid="11462915">
  <nd ref="2778634660"/>
  <nd ref="2778634668"/>
  <tag k="access" v="private"/>
  <tag k="highway" v="living_street"/>
  <tag k="oneway" v="yes"/>
  <tag k="surface" v="paved"/>
 </way>
 <way id="968004129" visible="true" version="1" changeset="108713576" timestamp="2021-07-28T00:46:54Z" user="i2004" uid="11462915">
  <nd ref="2778634660"/>
  <nd ref="2778634675"/>
  <tag k="access" v="private"/>
  <tag k="highway" v="living_street"/>
  <tag k="surface" v="paved"/>
 </way>
 <way id="968004130" visible="true" version="1" changeset="108713576" timestamp="2021-07-28T00:46:54Z" user="i2004" uid="11462915">
  <nd ref="2778634675"/>
  <nd ref="2778634665"/>
  <tag k="access" v="private"/>
  <tag k="highway" v="living_street"/>
  <tag k="oneway" v="yes"/>
  <tag k="surface" v="paved"/>
 </way>
 <way id="1007618271" visible="true" version="2" changeset="188729661" timestamp="2026-09-08T15:33:50Z" user="Wolfram2005" uid="24071695">
  <nd ref="792201778"/>
  <nd ref="14162915232"/>
  <nd ref="14162915248"/>
  <nd ref="9295992753"/>
  <tag k="note" v="Ley 12599 Provincia de Buenos Aires. Límite de San Isidro/Tigre en islas en formación en el delta"/>
 </way>
 <way id="1017902850" visible="true" version="1" changeset="115722443" timestamp="2022-01-03T17:52:39Z" user="Paula Videla" uid="14640841">
  <nd ref="9388901278"/>
  <nd ref="9388901279"/>
  <tag k="addr:inclusion" v="potential"/>
  <tag k="addr:interpolation" v="even"/>
 </way>
 <way id="1208116047" visible="true" version="1" changeset="141314800" timestamp="2023-09-15T18:17:27Z" user="dcskobuffs" uid="14174445">
  <nd ref="11194357896"/>
  <nd ref="11194357895"/>
  <nd ref="11194357894"/>
  <nd ref="11194357893"/>
  <nd ref="11194357892"/>
  <nd ref="11194357891"/>
  <nd ref="11194357890"/>
  <nd ref="11194357889"/>
  <nd ref="11194357888"/>
  <nd ref="11194357887"/>
  <nd ref="11194357886"/>
  <nd ref="11194357885"/>
  <tag k="highway" v="service"/>
 </way>
 <way id="1282900473" visible="true" version="2" changeset="161813581" timestamp="2025-01-27T11:08:28Z" user="MahaweliValley" uid="17834724">
  <nd ref="11904461490"/>
  <nd ref="11904461484"/>
  <tag k="highway" v="service"/>
 </way>
 <way id="1282900474" visible="true" version="2" changeset="161813581" timestamp="2025-01-27T11:08:28Z" user="MahaweliValley" uid="17834724">
  <nd ref="11904461492"/>
  <nd ref="11904461493"/>
  <nd ref="11904461494"/>
  <nd ref="11904461495"/>
  <nd ref="11904461496"/>
  <nd ref="11904461497"/>
  <nd ref="1432949481"/>
  <tag k="highway" v="service"/>
  <tag k="oneway" v="yes"/>
 </way>
 <way id="1353717698" visible="true" version="2" changeset="161824304" timestamp="2025-01-27T15:58:47Z" user="MahaweliValley" uid="17834724">
  <nd ref="12526762977"/>
  <nd ref="12526762976"/>
  <nd ref="12526762975"/>
  <nd ref="12526762957"/>
  <nd ref="12526762974"/>
  <nd ref="12526762973"/>
  <nd ref="12526762972"/>
  <nd ref="12526762971"/>
  <nd ref="12526762970"/>
  <nd ref="12526762969"/>
  <nd ref="12526762968"/>
  <nd ref="12526762967"/>
  <nd ref="12526762966"/>
  <nd ref="12526762965"/>
  <nd ref="12526762964"/>
  <nd ref="12526762963"/>
  <nd ref="12526762962"/>
  <nd ref="12526762961"/>
  <nd ref="12526762960"/>
  <nd ref="12526762959"/>
  <nd ref="12526762958"/>
  <tag k="highway" v="service"/>
 </way>
 <way id="1353871927" visible="true" version="4" changeset="177826779" timestamp="2026-01-29T01:12:56Z" user="Josuer" uid="3382594">
  <nd ref="12528658942"/>
  <nd ref="12528658941"/>
  <nd ref="12528658940"/>
  <nd ref="12528658939"/>
  <nd ref="1569217722"/>
  <nd ref="12528658932"/>
  <nd ref="1569217727"/>
  <nd ref="12528658938"/>
  <nd ref="1569217748"/>
  <nd ref="1569217752"/>
  <nd ref="12528658937"/>
  <nd ref="1569217754"/>
  <nd ref="1569217758"/>
  <nd ref="12528658936"/>
  <nd ref="12528658935"/>
  <nd ref="12528658934"/>
  <nd ref="1569306140"/>
  <nd ref="1569306144"/>
  <nd ref="1569306154"/>
  <nd ref="12528658933"/>
  <tag k="access" v="private"/>
  <tag k="highway" v="footway"/>
 </way>
 <way id="1354618654" visible="true" version="2" changeset="161866533" timestamp="2025-01-28T17:24:41Z" user="RideauCanal" uid="20109092">
  <nd ref="11904461492"/>
  <nd ref="11904461491"/>
  <nd ref="11904461490"/>
  <nd ref="11904461489"/>
  <nd ref="12539443637"/>
  <nd ref="11904461488"/>
  <nd ref="11904461487"/>
  <nd ref="12536033036"/>
  <nd ref="12536033035"/>
  <nd ref="12536033034"/>
  <tag k="highway" v="service"/>
 </way>
 <way id="1354618655" visible="true" version="1" changeset="161813581" timestamp="2025-01-27T11:08:28Z" user="MahaweliValley" uid="17834724">
  <nd ref="300732388"/>
  <nd ref="1432949558"/>
  <nd ref="1432949550"/>
  <nd ref="2778634444"/>
  <nd ref="1432949525"/>
  <nd ref="1432949481"/>
  <tag k="highway" v="service"/>
  <tag k="maxspeed" v="20"/>
  <tag k="oneway" v="no"/>
  <tag k="surface" v="paving_stones"/>
 </way>
 <way id="1354632140" visible="true" version="2" changeset="186255891" timestamp="2026-07-23T20:04:13Z" user="Flynn Marquardt" uid="100357">
  <nd ref="5016782340"/>
  <nd ref="5016782341"/>
  <nd ref="5016782342"/>
  <nd ref="5016782343"/>
  <nd ref="12536167693"/>
  <tag k="highway" v="service"/>
  <tag k="lanes" v="1"/>
  <tag k="name" v="Uruguay"/>
  <tag k="oneway" v="no"/>
  <tag k="surface" v="asphalt"/>
 </way>
 <way id="1354632141" visible="true" version="1" changeset="161816387" timestamp="2025-01-27T12:26:36Z" user="MahaweliValley" uid="17834724">
  <nd ref="12536187409"/>
  <nd ref="12536187408"/>
  <tag k="highway" v="service"/>
 </way>
 <way id="1354632142" visible="true" version="1" changeset="161816387" timestamp="2025-01-27T12:26:36Z" user="MahaweliValley" uid="17834724">
  <nd ref="12536187411"/>
  <nd ref="12536187410"/>
  <tag k="highway" v="service"/>
 </way>
 <way id="1354632143" visible="true" version="1" changeset="161816387" timestamp="2025-01-27T12:26:36Z" user="MahaweliValley" uid="17834724">
  <nd ref="12536187422"/>
  <nd ref="12536187412"/>
  <tag k="highway" v="service"/>
 </way>
 <way id="1354632144" visible="true" version="1" changeset="161816387" timestamp="2025-01-27T12:26:36Z" user="MahaweliValley" uid="17834724">
  <nd ref="12536187412"/>
  <nd ref="12536187410"/>
  <nd ref="12536187408"/>
  <nd ref="12536187421"/>
  <nd ref="12536187420"/>
  <nd ref="12536187419"/>
  <nd ref="12536187418"/>
  <nd ref="12536187417"/>
  <nd ref="12536187416"/>
  <nd ref="12536187409"/>
  <nd ref="12536187411"/>
  <nd ref="12536187415"/>
  <nd ref="12536187414"/>
  <nd ref="12536187413"/>
  <nd ref="12536187412"/>
  <tag k="highway" v="service"/>
 </way>
 <way id="1354673882" visible="true" version="2" changeset="161830026" timestamp="2025-01-27T18:24:06Z" user="MahaweliValley" uid="17834724">
  <nd ref="12536518573"/>
  <nd ref="12536518572"/>
  <nd ref="12536518571"/>
  <nd ref="12536518570"/>
  <nd ref="12536854041"/>
  <nd ref="12536518569"/>
  <tag k="highway" v="service"/>
 </way>
 <way id="1354675479" visible="true" version="1" changeset="161824583" timestamp="2025-01-27T16:06:12Z" user="MahaweliValley" uid="17834724">
  <nd ref="792201881"/>
  <nd ref="2778634608"/>
  <tag k="access" v="private"/>
  <tag k="highway" v="living_street"/>
  <tag k="oneway" v="yes"/>
  <tag k="surface" v="paved"/>
 </way>
 <way id="1354675480" visible="true" version="1" changeset="161824583" timestamp="2025-01-27T16:06:12Z" user="MahaweliValley" uid="17834724">
  <nd ref="2778634665"/>
  <nd ref="792201881"/>
  <tag k="access" v="private"/>
  <tag k="highway" v="living_street"/>
  <tag k="surface" v="paved"/>
 </way>
 <way id="1354712365" visible="true" version="1" changeset="161830026" timestamp="2025-01-27T18:24:06Z" user="MahaweliValley" uid="17834724">
  <nd ref="12536854041"/>
  <nd ref="12536854040"/>
  <nd ref="12536854039"/>
  <nd ref="12536854038"/>
  <nd ref="12536854037"/>
  <nd ref="12536854036"/>
  <nd ref="12536854035"/>
  <nd ref="12536854034"/>
  <nd ref="12536854033"/>
  <nd ref="12536854032"/>
  <tag k="highway" v="footway"/>
 </way>
 <way id="1354912114" visible="true" version="1" changeset="161855213" timestamp="2025-01-28T12:07:55Z" user="RideauCanal" uid="20109092">
  <nd ref="11904461492"/>
  <nd ref="12538973321"/>
  <nd ref="12538973314"/>
  <nd ref="12538973320"/>
  <nd ref="12538973319"/>
  <nd ref="12538973315"/>
  <nd ref="12538973318"/>
  <nd ref="12538973317"/>
  <nd ref="12538973316"/>
  <tag k="highway" v="service"/>
 </way>
 <way id="1354912121" visible="true" version="2" changeset="177826723" timestamp="2026-01-29T01:08:54Z" user="Josuer" uid="3382594">
  <nd ref="12538973345"/>
  <nd ref="12538973344"/>
  <nd ref="12538973343"/>
  <nd ref="12538973342"/>
  <nd ref="13507917921"/>
  <nd ref="12538973341"/>
  <nd ref="12538973340"/>
  <nd ref="13507917919"/>
  <nd ref="12538973338"/>
  <nd ref="12538973339"/>
  <nd ref="302898231"/>
  <tag k="access" v="private"/>
  <tag k="highway" v="service"/>
 </way>
 <way id="1354912122" visible="true" version="2" changeset="177826723" timestamp="2026-01-29T01:08:54Z" user="Josuer" uid="3382594">
  <nd ref="12538973351"/>
  <nd ref="12538973347"/>
  <nd ref="12538973346"/>
  <nd ref="12538973348"/>
  <nd ref="12538973349"/>
  <tag k="access" v="private"/>
  <tag k="highway" v="unclassified"/>
 </way>
 <way id="1354966612" visible="true" version="1" changeset="161866533" timestamp="2025-01-28T17:24:41Z" user="RideauCanal" uid="20109092">
  <nd ref="12539443646"/>
  <nd ref="12539443638"/>
  <tag k="highway" v="service"/>
 </way>
 <way id="1354966613" visible="true" version="1" changeset="161866533" timestamp="2025-01-28T17:24:41Z" user="RideauCanal" uid="20109092">
  <nd ref="12539443638"/>
  <nd ref="12539443645"/>
  <nd ref="12539443644"/>
  <nd ref="12539443643"/>
  <nd ref="12539443642"/>
  <nd ref="12539443641"/>
  <nd ref="12539443640"/>
  <nd ref="12539443639"/>
  <nd ref="12539443638"/>
  <tag k="highway" v="service"/>
 </way>
 <way id="1355231553" visible="true" version="1" changeset="161909681" timestamp="2025-01-29T18:41:48Z" user="MahaweliValley" uid="17834724">
  <nd ref="12542371860"/>
  <nd ref="12542371859"/>
  <tag k="man_made" v="pier"/>
 </way>
 <way id="1355231554" visible="true" version="1" changeset="161909681" timestamp="2025-01-29T18:41:48Z" user="MahaweliValley" uid="17834724">
  <nd ref="12542371863"/>
  <nd ref="12542371862"/>
  <nd ref="12542371861"/>
  <tag k="man_made" v="pier"/>
 </way>
 <way id="1355231555" visible="true" version="1" changeset="161909681" timestamp="2025-01-29T18:41:48Z" user="MahaweliValley" uid="17834724">
  <nd ref="12542371865"/>
  <nd ref="12542371864"/>
  <tag k="man_made" v="pier"/>
 </way>
 <way id="1355231556" visible="true" version="1" changeset="161909681" timestamp="2025-01-29T18:41:48Z" user="MahaweliValley" uid="17834724">
  <nd ref="12542371868"/>
  <nd ref="12542371867"/>
  <tag k="highway" v="footway"/>
 </way>
 <way id="1433125477" visible="true" version="1" changeset="172457308" timestamp="2025-09-25T20:17:30Z" user="muralito" uid="755114">
  <nd ref="1572715979"/>
  <nd ref="1572817123"/>
 </way>
 <way id="1433125478" visible="true" version="1" changeset="172457308" timestamp="2025-09-25T20:17:30Z" user="muralito" uid="755114">
  <nd ref="1569284486"/>
  <nd ref="1572767099"/>
  <nd ref="1572767095"/>
  <nd ref="1572716106"/>
 </way>
 <way id="1433125479" visible="true" version="1" changeset="172457308" timestamp="2025-09-25T20:17:30Z" user="muralito" uid="755114">
  <nd ref="1572715979"/>
  <nd ref="1572715982"/>
  <nd ref="1572715987"/>
  <nd ref="1572716002"/>
  <nd ref="1572715984"/>
  <nd ref="1572715983"/>
  <nd ref="1572716009"/>
  <nd ref="1572716012"/>
  <nd ref="1572716020"/>
  <nd ref="1572716043"/>
  <nd ref="1572716061"/>
  <nd ref="1572716083"/>
  <nd ref="1572716069"/>
  <nd ref="1572716079"/>
  <nd ref="1572716093"/>
  <nd ref="1572716105"/>
  <nd ref="1572716106"/>
 </way>
 <way id="1433125480" visible="true" version="1" changeset="172457308" timestamp="2025-09-25T20:17:30Z" user="muralito" uid="755114">
  <nd ref="1572817113"/>
  <nd ref="1569717959"/>
 </way>
 <way id="1433125481" visible="true" version="1" changeset="172457308" timestamp="2025-09-25T20:17:30Z" user="muralito" uid="755114">
  <nd ref="1572817123"/>
  <nd ref="1572822274"/>
  <nd ref="1572822273"/>
  <nd ref="1572822272"/>
  <nd ref="1572822271"/>
  <nd ref="1572822270"/>
  <nd ref="1572822269"/>
  <nd ref="1572817113"/>
 </way>
 <way id="1433125482" visible="true" version="1" changeset="172457308" timestamp="2025-09-25T20:17:30Z" user="muralito" uid="755114">
  <nd ref="1569717959"/>
  <nd ref="1569717956"/>
  <nd ref="1570045913"/>
 </way>
 <way id="1433125483" visible="true" version="1" changeset="172457308" timestamp="2025-09-25T20:17:30Z" user="muralito" uid="755114">
  <nd ref="1569717959"/>
  <nd ref="1569717956"/>
  <nd ref="1569717945"/>
  <nd ref="1569717936"/>
  <nd ref="1569717926"/>
  <nd ref="1569717918"/>
 </way>
 <way id="1433125501" visible="true" version="1" changeset="172457308" timestamp="2025-09-25T20:17:30Z" user="muralito" uid="755114">
  <nd ref="94341983"/>
  <nd ref="1569284564"/>
  <nd ref="1569284563"/>
  <nd ref="1569284561"/>
  <nd ref="1569284557"/>
  <nd ref="1569317672"/>
 </way>
 <way id="1433125502" visible="true" version="1" changeset="172457308" timestamp="2025-09-25T20:17:30Z" user="muralito" uid="755114">
  <nd ref="1569284522"/>
  <nd ref="1569284520"/>
 </way>
 <way id="1433125503" visible="true" version="1" changeset="172457308" timestamp="2025-09-25T20:17:30Z" user="muralito" uid="755114">
  <nd ref="1569284592"/>
  <nd ref="1569284604"/>
  <nd ref="1569284608"/>
  <nd ref="1569284617"/>
  <nd ref="1569284638"/>
  <nd ref="1569284606"/>
  <nd ref="1569284599"/>
  <nd ref="94341983"/>
 </way>
 <way id="1433125504" visible="true" version="1" changeset="172457308" timestamp="2025-09-25T20:17:30Z" user="muralito" uid="755114">
  <nd ref="1569317672"/>
  <nd ref="1569317664"/>
  <nd ref="1569317660"/>
  <nd ref="1569317645"/>
  <nd ref="1569317639"/>
  <nd ref="1569317633"/>
  <nd ref="1569317630"/>
  <nd ref="1569317618"/>
  <nd ref="1569317610"/>
  <nd ref="1569317612"/>
  <nd ref="1569317609"/>
  <nd ref="1569317608"/>
  <nd ref="1569317607"/>
  <nd ref="1569317599"/>
  <nd ref="1569284482"/>
 </way>
 <way id="1433125506" visible="true" version="1" changeset="172457308" timestamp="2025-09-25T20:17:30Z" user="muralito" uid="755114">
  <nd ref="1569284482"/>
  <nd ref="1569284476"/>
  <nd ref="1569284513"/>
  <nd ref="1569284516"/>
  <nd ref="1569284519"/>
  <nd ref="1569284523"/>
  <nd ref="1569284522"/>
 </way>
 <way id="1433125507" visible="true" version="1" changeset="172457308" timestamp="2025-09-25T20:17:30Z" user="muralito" uid="755114">
  <nd ref="1569284520"/>
  <nd ref="1569284517"/>
  <nd ref="1569284486"/>
 </way>
 <way id="1433125510" visible="true" version="1" changeset="172457308" timestamp="2025-09-25T20:17:30Z" user="muralito" uid="755114">
  <nd ref="331858867"/>
  <nd ref="1569166471"/>
  <nd ref="1569166525"/>
  <nd ref="1569166542"/>
  <nd ref="1569166552"/>
  <nd ref="1569166556"/>
  <nd ref="1569166603"/>
  <nd ref="1569166610"/>
  <nd ref="1569166623"/>
  <nd ref="1569717918"/>
 </way>
 <way id="1433125515" visible="true" version="1" changeset="172457308" timestamp="2025-09-25T20:17:30Z" user="muralito" uid="755114">
  <nd ref="319990514"/>
  <nd ref="319990513"/>
  <nd ref="2764527089"/>
  <nd ref="1568997802"/>
  <nd ref="5040142908"/>
 </way>
 <way id="1433125516" visible="true" version="1" changeset="172457308" timestamp="2025-09-25T20:17:30Z" user="muralito" uid="755114">
  <nd ref="1570045913"/>
  <nd ref="1570045939"/>
  <nd ref="1570045941"/>
  <nd ref="1570045942"/>
  <nd ref="1570045951"/>
  <nd ref="1570046040"/>
  <nd ref="1570046127"/>
  <nd ref="1570046136"/>
  <nd ref="1570046138"/>
  <nd ref="1570046149"/>
  <nd ref="1570046152"/>
  <nd ref="1570046146"/>
  <nd ref="1570046133"/>
  <nd ref="1570046061"/>
  <nd ref="1570046153"/>
  <nd ref="1570046168"/>
 </way>
 <way id="1433125517" visible="true" version="1" changeset="172457308" timestamp="2025-09-25T20:17:30Z" user="muralito" uid="755114">
  <nd ref="1569181812"/>
  <nd ref="1572825268"/>
 </way>
 <way id="1433125518" visible="true" version="1" changeset="172457308" timestamp="2025-09-25T20:17:30Z" user="muralito" uid="755114">
  <nd ref="1572825271"/>
  <nd ref="1570039447"/>
  <nd ref="1570039451"/>
  <nd ref="1569284553"/>
 </way>
 <way id="1433125519" visible="true" version="1" changeset="172457308" timestamp="2025-09-25T20:17:30Z" user="muralito" uid="755114">
  <nd ref="1569181822"/>
  <nd ref="1569181812"/>
 </way>
 <way id="1433125520" visible="true" version="1" changeset="172457308" timestamp="2025-09-25T20:17:30Z" user="muralito" uid="755114">
  <nd ref="1569181822"/>
  <nd ref="1569181825"/>
  <nd ref="1569181831"/>
  <nd ref="1569181845"/>
 </way>
 <way id="1433125521" visible="true" version="1" changeset="172457308" timestamp="2025-09-25T20:17:30Z" user="muralito" uid="755114">
  <nd ref="1572825268"/>
  <nd ref="1570039443"/>
  <nd ref="1570039453"/>
  <nd ref="1572825271"/>
 </way>
 <way id="1433125522" visible="true" version="1" changeset="172457308" timestamp="2025-09-25T20:17:30Z" user="muralito" uid="755114">
  <nd ref="1569181794"/>
  <nd ref="1569181804"/>
  <nd ref="1569181812"/>
 </way>
 <way id="1433125523" visible="true" version="1" changeset="172457308" timestamp="2025-09-25T20:17:30Z" user="muralito" uid="755114">
  <nd ref="1569181902"/>
  <nd ref="1569284694"/>
 </way>
 <way id="1433125524" visible="true" version="1" changeset="172457308" timestamp="2025-09-25T20:17:30Z" user="muralito" uid="755114">
  <nd ref="1569181890"/>
  <nd ref="1569181888"/>
  <nd ref="1569181887"/>
  <nd ref="1569181880"/>
  <nd ref="1569181882"/>
  <nd ref="1569284568"/>
  <nd ref="1569284570"/>
  <nd ref="1569284595"/>
  <nd ref="1569181892"/>
  <nd ref="1569284694"/>
 </way>
 <way id="1433125525" visible="true" version="1" changeset="172457308" timestamp="2025-09-25T20:17:30Z" user="muralito" uid="755114">
  <nd ref="1570046168"/>
  <nd ref="1569317626"/>
 </way>
 <way id="1433125526" visible="true" version="1" changeset="172457308" timestamp="2025-09-25T20:17:30Z" user="muralito" uid="755114">
  <nd ref="1569317626"/>
  <nd ref="1569317635"/>
  <nd ref="1569317678"/>
  <nd ref="1569317691"/>
  <nd ref="1569317700"/>
  <nd ref="1569317708"/>
  <nd ref="1569317702"/>
  <nd ref="1569317698"/>
  <nd ref="1569317684"/>
  <nd ref="1569317658"/>
  <nd ref="1569317650"/>
  <nd ref="1569317636"/>
  <nd ref="1569317631"/>
  <nd ref="1569317622"/>
  <nd ref="1569317614"/>
  <nd ref="1569284520"/>
 </way>
 <way id="1433125527" visible="true" version="1" changeset="172457308" timestamp="2025-09-25T20:17:30Z" user="muralito" uid="755114">
  <nd ref="1569317626"/>
  <nd ref="1569181808"/>
 </way>
 <way id="1433125528" visible="true" version="1" changeset="172457308" timestamp="2025-09-25T20:17:30Z" user="muralito" uid="755114">
  <nd ref="1570046168"/>
  <nd ref="1570046160"/>
  <nd ref="1570046156"/>
  <nd ref="1570046148"/>
  <nd ref="1570046150"/>
  <nd ref="1569181794"/>
 </way>
 <way id="1433125529" visible="true" version="1" changeset="172457308" timestamp="2025-09-25T20:17:30Z" user="muralito" uid="755114">
  <nd ref="1569181808"/>
  <nd ref="1572825264"/>
  <nd ref="1572825263"/>
  <nd ref="1569181798"/>
  <nd ref="1569181801"/>
  <nd ref="2754803379"/>
  <nd ref="2754803378"/>
  <nd ref="1569181794"/>
 </way>
 <way id="1433125530" visible="true" version="1" changeset="172457308" timestamp="2025-09-25T20:17:30Z" user="muralito" uid="755114">
  <nd ref="1569181879"/>
  <nd ref="1569181877"/>
  <nd ref="1569181855"/>
  <nd ref="1569181829"/>
  <nd ref="1569181818"/>
  <nd ref="1569181808"/>
 </way>
 <way id="1433125531" visible="true" version="1" changeset="172457308" timestamp="2025-09-25T20:17:30Z" user="muralito" uid="755114">
  <nd ref="1569284592"/>
  <nd ref="1569284569"/>
  <nd ref="1569284567"/>
  <nd ref="1569181879"/>
 </way>
 <way id="1433125532" visible="true" version="1" changeset="172457308" timestamp="2025-09-25T20:17:30Z" user="muralito" uid="755114">
  <nd ref="1569181900"/>
  <nd ref="2754803411"/>
  <nd ref="1569181896"/>
  <nd ref="2754803398"/>
  <nd ref="2754803388"/>
  <nd ref="2754803384"/>
  <nd ref="1569181883"/>
  <nd ref="1569181879"/>
 </way>
 <way id="1433125533" visible="true" version="1" changeset="172457308" timestamp="2025-09-25T20:17:30Z" user="muralito" uid="755114">
  <nd ref="5040142913"/>
  <nd ref="1569284527"/>
  <nd ref="1569284531"/>
  <nd ref="1569284533"/>
  <nd ref="1569317672"/>
 </way>
 <way id="1433125536" visible="true" version="1" changeset="172457308" timestamp="2025-09-25T20:17:30Z" user="muralito" uid="755114">
  <nd ref="5040142908"/>
  <nd ref="5040142909"/>
  <nd ref="5040142910"/>
  <nd ref="1569717956"/>
  <nd ref="5040142911"/>
  <nd ref="5040142912"/>
  <nd ref="5040142913"/>
 </way>
 <way id="1433125537" visible="true" version="1" changeset="172457308" timestamp="2025-09-25T20:17:30Z" user="muralito" uid="755114">
  <nd ref="1569181902"/>
  <nd ref="1569284695"/>
  <nd ref="1569284697"/>
  <nd ref="1569284698"/>
  <nd ref="1569284696"/>
  <nd ref="1569284690"/>
  <nd ref="1569284660"/>
  <nd ref="1569284601"/>
  <nd ref="1569284565"/>
  <nd ref="1569284559"/>
  <nd ref="1569284553"/>
 </way>
 <way id="1433125538" visible="true" version="1" changeset="172457308" timestamp="2025-09-25T20:17:30Z" user="muralito" uid="755114">
  <nd ref="1569181905"/>
  <nd ref="1569181904"/>
  <nd ref="1569181902"/>
 </way>
 <way id="1433125541" visible="true" version="1" changeset="172457308" timestamp="2025-09-25T20:17:30Z" user="muralito" uid="755114">
  <nd ref="1569284553"/>
  <nd ref="1569284555"/>
  <nd ref="1569284552"/>
  <nd ref="1569284529"/>
  <nd ref="1569284526"/>
  <nd ref="1569284525"/>
  <nd ref="1569284515"/>
  <nd ref="1569284478"/>
  <nd ref="1569284473"/>
  <nd ref="1569284460"/>
  <nd ref="1569284458"/>
  <nd ref="1569284424"/>
  <nd ref="1569284376"/>
  <nd ref="1569284406"/>
  <nd ref="1569284409"/>
  <nd ref="1569284373"/>
  <nd ref="1569284374"/>
  <nd ref="1569284416"/>
  <nd ref="1569284415"/>
  <nd ref="1569284364"/>
  <nd ref="1569284329"/>
  <nd ref="1569284359"/>
  <nd ref="1569284325"/>
  <nd ref="1569284318"/>
  <nd ref="1569284264"/>
  <nd ref="1569284162"/>
  <nd ref="1569284157"/>
  <nd ref="1569284189"/>
 </way>
 <way id="1505789318" visible="true" version="1" changeset="181986792" timestamp="2026-04-29T12:40:54Z" user="AlejandroAlba" uid="6499071">
  <nd ref="13775143339"/>
  <nd ref="11523765129"/>
  <nd ref="11523765127"/>
  <nd ref="11523765126"/>
  <nd ref="11523765125"/>
  <nd ref="11523765124"/>
  <nd ref="11523765123"/>
  <nd ref="11523765122"/>
  <nd ref="11523765121"/>
  <nd ref="11523765120"/>
  <nd ref="11523765119"/>
  <tag k="highway" v="cycleway"/>
 </way>
 <way id="1505789321" visible="true" version="1" changeset="181986792" timestamp="2026-04-29T12:40:54Z" user="AlejandroAlba" uid="6499071">
  <nd ref="13775143348"/>
  <nd ref="2561123744"/>
  <nd ref="5016782218"/>
  <nd ref="108260652"/>
  <nd ref="1871042510"/>
  <nd ref="2561133588"/>
  <nd ref="108260653"/>
  <nd ref="2561121714"/>
  <nd ref="108260654"/>
  <nd ref="13775143343"/>
  <tag k="electrified" v="contact_line"/>
  <tag k="frequency" v="0"/>
  <tag k="gauge" v="1435"/>
  <tag k="maxspeed" v="70"/>
  <tag k="name" v="Tren de la Costa"/>
  <tag k="network" v="Mitre"/>
  <tag k="official_name" v="Ramal Mitre II - Delta"/>
  <tag k="old_gauge" v="1676"/>
  <tag k="operator" v="Ferrocarriles Argentinos S.A. (FASA)"/>
  <tag k="passenger_lines" v="2"/>
  <tag k="railway" v="light_rail"/>
  <tag k="railway:preferred_direction" v="forward"/>
  <tag k="ref" v="GM-16"/>
  <tag k="usage" v="main"/>
  <tag k="voltage" v="1500"/>
 </way>
 <way id="1505789322" visible="true" version="1" changeset="181986792" timestamp="2026-04-29T12:40:54Z" user="AlejandroAlba" uid="6499071">
  <nd ref="13775143340"/>
  <nd ref="2561133587"/>
  <nd ref="2561133569"/>
  <nd ref="2561133551"/>
  <nd ref="2561133589"/>
  <nd ref="2561133533"/>
  <nd ref="2561133552"/>
  <nd ref="2561133585"/>
  <nd ref="13775143349"/>
  <tag k="electrified" v="contact_line"/>
  <tag k="frequency" v="0"/>
  <tag k="gauge" v="1435"/>
  <tag k="maxspeed" v="70"/>
  <tag k="name" v="Tren de la Costa"/>
  <tag k="network" v="Mitre"/>
  <tag k="official_name" v="Ramal Mitre II - Delta"/>
  <tag k="old_gauge" v="1676"/>
  <tag k="operator" v="Ferrocarriles Argentinos S.A. (FASA)"/>
  <tag k="passenger_lines" v="2"/>
  <tag k="railway" v="light_rail"/>
  <tag k="railway:preferred_direction" v="forward"/>
  <tag k="ref" v="GM-16"/>
  <tag k="usage" v="main"/>
  <tag k="voltage" v="1500"/>
 </way>
 <way id="1543316514" visible="true" version="1" changeset="186251834" timestamp="2026-07-23T18:35:01Z" user="Bondi Maps" uid="22225370">
  <nd ref="1448579959"/>
  <nd ref="8577069779"/>
  <nd ref="5016782340"/>
 </way>
 <way id="1543332489" visible="true" version="1" changeset="186255891" timestamp="2026-07-23T20:04:13Z" user="Flynn Marquardt" uid="100357">
  <nd ref="792201778"/>
  <nd ref="12536187422"/>
  <nd ref="5016782339"/>
  <nd ref="5016782340"/>
  <tag k="highway" v="service"/>
  <tag k="lanes" v="1"/>
  <tag k="name" v="Uruguay"/>
  <tag k="oneway" v="no"/>
  <tag k="surface" v="asphalt"/>
 </way>
 <relation id="129404" visible="true" version="45" changeset="181986792" timestamp="2026-04-29T12:40:54Z" user="AlejandroAlba" uid="6499071">
  <member type="node" ref="256023519" role="stop_entry_only"/>
  <member type="way" ref="204492403" role="platform_entry_only"/>
  <member type="node" ref="925962341" role="stop"/>
  <member type="way" ref="526867366" role="platform"/>
  <member type="node" ref="5122945456" role="stop"/>
  <member type="way" ref="526895463" role="platform"/>
  <member type="node" ref="1432924995" role="stop"/>
  <member type="way" ref="208637107" role="platform"/>
  <member type="node" ref="2189091110" role="stop"/>
  <member type="way" ref="208636774" role="platform"/>
  <member type="node" ref="108267209" role="stop"/>
  <member type="way" ref="207202618" role="platform"/>
  <member type="node" ref="108260652" role="stop"/>
  <member type="way" ref="207466604" role="platform"/>
  <member type="node" ref="1432949529" role="stop"/>
  <member type="way" ref="526913912" role="platform"/>
  <member type="node" ref="1432949475" role="stop"/>
  <member type="way" ref="249519059" role="platform"/>
  <member type="node" ref="1432949504" role="stop"/>
  <member type="way" ref="206904256" role="platform"/>
  <member type="node" ref="3651107373" role="stop_exit_only"/>
  <member type="way" ref="1012323498" role="platform_exit_only"/>
  <member type="way" ref="526867369" role=""/>
  <member type="way" ref="22983193" role=""/>
  <member type="way" ref="30554650" role=""/>
  <member type="way" ref="30554653" role=""/>
  <member type="way" ref="30554644" role=""/>
  <member type="way" ref="30554647" role=""/>
  <member type="way" ref="53237880" role=""/>
  <member type="way" ref="53237875" role=""/>
  <member type="way" ref="204492519" role=""/>
  <member type="way" ref="79291726" role=""/>
  <member type="way" ref="204492404" role=""/>
  <member type="way" ref="79291715" role=""/>
  <member type="way" ref="79291730" role=""/>
  <member type="way" ref="1504461212" role=""/>
  <member type="way" ref="1504461211" role=""/>
  <member type="way" ref="368772602" role=""/>
  <member type="way" ref="138999608" role=""/>
  <member type="way" ref="1504433011" role=""/>
  <member type="way" ref="1504434094" role=""/>
  <member type="way" ref="1504434093" role=""/>
  <member type="way" ref="1504433010" role=""/>
  <member type="way" ref="1505727930" role=""/>
  <member type="way" ref="1505727929" role=""/>
  <member type="way" ref="1505731591" role=""/>
  <member type="way" ref="1505731590" role=""/>
  <member type="way" ref="1505732394" role=""/>
  <member type="way" ref="1505732393" role=""/>
  <member type="way" ref="1152272544" role=""/>
  <member type="way" ref="1505735953" role=""/>
  <member type="way" ref="1505735952" role=""/>
  <member type="way" ref="1152272546" role=""/>
  <member type="way" ref="1505789329" role=""/>
  <member type="way" ref="1505789328" role=""/>
  <member type="way" ref="1505789321" role=""/>
  <member type="way" ref="1505789320" role=""/>
  <member type="way" ref="249519151" role=""/>
  <member type="way" ref="1505789312" role=""/>
  <member type="way" ref="1505789311" role=""/>
  <member type="way" ref="1505789310" role=""/>
  <member type="way" ref="1505789304" role=""/>
  <member type="way" ref="1505789303" role=""/>
  <member type="way" ref="1505789309" role=""/>
  <member type="way" ref="249519150" role=""/>
  <member type="way" ref="1505789290" role=""/>
  <member type="way" ref="1505789289" role=""/>
  <member type="way" ref="249519149" role=""/>
  <member type="way" ref="96811166" role=""/>
  <member type="way" ref="96811160" role=""/>
  <member type="way" ref="951810720" role=""/>
  <tag k="colour" v="#37bbed"/>
  <tag k="from" v="Avenida Maipú"/>
  <tag k="interval" v="30"/>
  <tag k="name" v="Tren de la Costa: Avenida Maipú → Delta"/>
  <tag k="network" v="Mitre"/>
  <tag k="opening_hours" v="Mo-Fr 06:50-21:45; Sa,Su,PH 08:00-21:55"/>
  <tag k="operator" v="Trenes Argentinos"/>
  <tag k="public_transport:version" v="2"/>
  <tag k="ref" v="TC"/>
  <tag k="route" v="light_rail"/>
  <tag k="service" v="commuter"/>
  <tag k="to" v="Delta"/>
  <tag k="type" v="route"/>
  <tag k="wheelchair" v="limited"/>
 </relation>
 <relation id="1769044" visible="true" version="130" changeset="186255891" timestamp="2026-07-23T20:04:13Z" user="Flynn Marquardt" uid="100357">
  <member type="way" ref="271947493" role="outer"/>
  <member type="way" ref="658624919" role="outer"/>
  <member type="way" ref="1352266312" role="outer"/>
  <member type="way" ref="658624918" role="outer"/>
  <member type="way" ref="658624917" role="outer"/>
  <member type="way" ref="658624916" role="outer"/>
  <member type="way" ref="131828237" role="outer"/>
  <member type="way" ref="452772968" role="outer"/>
  <member type="way" ref="470286297" role="outer"/>
  <member type="way" ref="1021012641" role="outer"/>
  <member type="way" ref="1340783903" role="outer"/>
  <member type="way" ref="470319433" role="outer"/>
  <member type="way" ref="1067453370" role="outer"/>
  <member type="way" ref="1050986361" role="outer"/>
  <member type="way" ref="1442073889" role="outer"/>
  <member type="way" ref="1050908942" role="outer"/>
  <member type="way" ref="131640775" role="outer"/>
  <member type="way" ref="64376442" role="outer"/>
  <member type="way" ref="64376431" role="outer"/>
  <member type="way" ref="64376445" role="outer"/>
  <member type="way" ref="958634506" role="outer"/>
  <member type="way" ref="468230090" role="outer"/>
  <member type="way" ref="272203083" role="outer"/>
  <member type="way" ref="1353994393" role="outer"/>
  <member type="way" ref="1353994394" role="outer"/>
  <member type="way" ref="4766348" role="outer"/>
  <member type="way" ref="64376474" role="outer"/>
  <member type="way" ref="513314395" role="outer"/>
  <member type="way" ref="1543332489" role="outer"/>
  <member type="way" ref="1543316514" role="outer"/>
  <member type="way" ref="180707132" role="outer"/>
  <member type="way" ref="180878267" role="outer"/>
  <member type="way" ref="180867887" role="outer"/>
  <member type="way" ref="1543316513" role="outer"/>
  <member type="way" ref="1433125586" role="outer"/>
  <member type="way" ref="131828368" role="outer"/>
  <member type="way" ref="1433125592" role="outer"/>
  <member type="way" ref="1433125588" role="outer"/>
  <member type="way" ref="1433125584" role="outer"/>
  <member type="way" ref="1433125578" role="outer"/>
  <member type="way" ref="1433125574" role="outer"/>
  <member type="way" ref="1433125573" role="outer"/>
  <member type="way" ref="1433125562" role="outer"/>
  <member type="way" ref="1433125561" role="outer"/>
  <member type="way" ref="139486215" role="outer"/>
  <member type="way" ref="1372763321" role="outer"/>
  <member type="way" ref="1543316511" role="outer"/>
  <member type="way" ref="750142466" role="outer"/>
  <member type="way" ref="750142467" role="outer"/>
  <member type="way" ref="750142458" role="outer"/>
  <member type="way" ref="131828246" role="outer"/>
  <member type="way" ref="81341260" role="outer"/>
  <member type="way" ref="81341263" role="outer"/>
  <member type="way" ref="435901541" role="outer"/>
  <member type="way" ref="964793352" role="outer"/>
  <member type="way" ref="970640245" role="outer"/>
  <member type="way" ref="79498816" role="outer"/>
  <member type="way" ref="1333304550" role="outer"/>
  <member type="way" ref="1333304552" role="outer"/>
  <member type="way" ref="971034995" role="outer"/>
  <member type="way" ref="971034994" role="outer"/>
  <member type="way" ref="971034993" role="outer"/>
  <member type="way" ref="971034977" role="outer"/>
  <member type="way" ref="1333308641" role="outer"/>
  <member type="way" ref="79498818" role="outer"/>
  <member type="way" ref="1008192079" role="outer"/>
  <member type="way" ref="1008192078" role="outer"/>
  <member type="way" ref="57400754" role="outer"/>
  <member type="way" ref="970635713" role="outer"/>
  <member type="way" ref="970635642" role="outer"/>
  <member type="way" ref="970635641" role="outer"/>
  <member type="way" ref="1353721154" role="outer"/>
  <member type="way" ref="436022417" role="outer"/>
  <member type="way" ref="133114648" role="outer"/>
  <member type="way" ref="1308646876" role="outer"/>
  <member type="way" ref="1353721155" role="outer"/>
  <member type="way" ref="286995383" role="outer"/>
  <member type="way" ref="311105228" role="outer"/>
  <member type="way" ref="1331439566" role="outer"/>
  <member type="way" ref="1034907214" role="outer"/>
  <member type="way" ref="1034907212" role="outer"/>
  <member type="way" ref="465565671" role="outer"/>
  <member type="way" ref="606222938" role="outer"/>
  <member type="way" ref="1322776655" role="outer"/>
  <member type="way" ref="425654849" role="outer"/>
  <member type="way" ref="294844726" role="outer"/>
  <member type="way" ref="85099547" role="outer"/>
  <member type="way" ref="294844727" role="outer"/>
  <member type="way" ref="285597491" role="outer"/>
  <member type="way" ref="81549798" role="outer"/>
  <member type="way" ref="81549837" role="outer"/>
  <member type="way" ref="86141594" role="outer"/>
  <member type="way" ref="46426610" role="outer"/>
  <member type="way" ref="81549830" role="outer"/>
  <member type="way" ref="358993384" role="outer"/>
  <member type="way" ref="86113049" role="outer"/>
  <member type="way" ref="200700158" role="outer"/>
  <member type="way" ref="267888905" role="outer"/>
  <member type="way" ref="172823677" role="outer"/>
  <member type="way" ref="472853382" role="outer"/>
  <member type="way" ref="358568675" role="outer"/>
  <member type="way" ref="81539581" role="outer"/>
  <member type="way" ref="375751590" role="outer"/>
  <member type="way" ref="47083985" role="outer"/>
  <member type="way" ref="200700160" role="outer"/>
  <member type="way" ref="172823678" role="outer"/>
  <member type="way" ref="30218143" role="outer"/>
  <member type="way" ref="47083982" role="outer"/>
  <member type="way" ref="659182028" role="outer"/>
  <member type="way" ref="1285072907" role="outer"/>
  <member type="way" ref="1285072908" role="outer"/>
  <member type="way" ref="1262429323" role="outer"/>
  <member type="way" ref="1262429325" role="outer"/>
  <member type="way" ref="131828229" role="outer"/>
  <member type="way" ref="47087009" role="outer"/>
  <member type="way" ref="1285074990" role="outer"/>
  <member type="way" ref="1285074991" role="outer"/>
  <member type="way" ref="1285074996" role="outer"/>
  <member type="way" ref="30280787" role="outer"/>
  <member type="way" ref="1026862649" role="outer"/>
  <member type="way" ref="1024270660" role="outer"/>
  <member type="way" ref="1285076939" role="outer"/>
  <member type="way" ref="1027190094" role="outer"/>
  <member type="way" ref="1285076940" role="outer"/>
  <member type="way" ref="1285076942" role="outer"/>
  <member type="way" ref="546721001" role="outer"/>
  <member type="way" ref="739008429" role="outer"/>
  <member type="way" ref="420676356" role="outer"/>
  <member type="way" ref="1285080505" role="outer"/>
  <member type="way" ref="269720900" role="outer"/>
  <member type="way" ref="1024287521" role="outer"/>
  <member type="way" ref="1285080506" role="outer"/>
  <member type="way" ref="269549998" role="outer"/>
  <member type="way" ref="1050884930" role="outer"/>
  <member type="way" ref="953896675" role="outer"/>
  <member type="way" ref="731815696" role="outer"/>
  <member type="way" ref="731815697" role="outer"/>
  <member type="way" ref="953896676" role="outer"/>
  <member type="way" ref="1050886394" role="outer"/>
  <member type="way" ref="1050886397" role="outer"/>
  <member type="way" ref="609646391" role="outer"/>
  <member type="way" ref="1285080511" role="outer"/>
  <member type="way" ref="1285080512" role="outer"/>
  <member type="way" ref="1285080513" role="outer"/>
  <member type="way" ref="1285080514" role="outer"/>
  <member type="way" ref="1013807199" role="outer"/>
  <member type="way" ref="1013807198" role="outer"/>
  <member type="way" ref="1285080515" role="outer"/>
  <member type="way" ref="271047555" role="outer"/>
  <member type="way" ref="1285080516" role="outer"/>
  <member type="way" ref="1285080517" role="outer"/>
  <member type="way" ref="257202342" role="outer"/>
  <member type="way" ref="1396679953" role="outer"/>
  <member type="way" ref="1543314934" role="outer"/>
  <member type="way" ref="1543314935" role="outer"/>
  <member type="node" ref="198420711" role="admin_centre"/>
  <tag k="admin_level" v="5"/>
  <tag k="boundary" v="administrative"/>
  <tag k="name" v="Partido de San Isidro"/>
  <tag k="population" v="291608"/>
  <tag k="type" v="boundary"/>
  <tag k="wikidata" v="Q2644735"/>
  <tag k="wikipedia" v="es:Partido de San Isidro"/>
 </relation>
 <relation id="1770851" visible="true" version="68" changeset="186255891" timestamp="2026-07-23T20:04:13Z" user="Flynn Marquardt" uid="100357">
  <member type="way" ref="1543314935" role="outer"/>
  <member type="way" ref="271947493" role="outer"/>
  <member type="way" ref="658624919" role="outer"/>
  <member type="way" ref="1352266312" role="outer"/>
  <member type="way" ref="658624918" role="outer"/>
  <member type="way" ref="658624917" role="outer"/>
  <member type="way" ref="658624916" role="outer"/>
  <member type="way" ref="131828237" role="outer"/>
  <member type="way" ref="452772968" role="outer"/>
  <member type="way" ref="470286297" role="outer"/>
  <member type="way" ref="1021012641" role="outer"/>
  <member type="way" ref="1340783903" role="outer"/>
  <member type="way" ref="470319433" role="outer"/>
  <member type="way" ref="1067453370" role="outer"/>
  <member type="way" ref="1050986361" role="outer"/>
  <member type="way" ref="1442073889" role="outer"/>
  <member type="way" ref="1050908942" role="outer"/>
  <member type="way" ref="131640775" role="outer"/>
  <member type="way" ref="64376442" role="outer"/>
  <member type="way" ref="64376431" role="outer"/>
  <member type="way" ref="64376445" role="outer"/>
  <member type="way" ref="958634506" role="outer"/>
  <member type="way" ref="468230090" role="outer"/>
  <member type="way" ref="272203083" role="outer"/>
  <member type="way" ref="1353994393" role="outer"/>
  <member type="way" ref="1353994394" role="outer"/>
  <member type="way" ref="4766348" role="outer"/>
  <member type="way" ref="64376474" role="outer"/>
  <member type="way" ref="513314395" role="outer"/>
  <member type="way" ref="1543332489" role="outer"/>
  <member type="way" ref="1543316514" role="outer"/>
  <member type="way" ref="180707132" role="outer"/>
  <member type="way" ref="180878267" role="outer"/>
  <member type="way" ref="180867887" role="outer"/>
  <member type="way" ref="1543316512" role="outer"/>
  <member type="way" ref="22663959" role="outer"/>
  <member type="way" ref="1240325346" role="outer"/>
  <member type="way" ref="1240325345" role="outer"/>
  <member type="way" ref="132390512" role="outer"/>
  <member type="way" ref="36130443" role="outer"/>
  <member type="way" ref="256257078" role="outer"/>
  <member type="way" ref="659540334" role="outer"/>
  <member type="way" ref="659540333" role="outer"/>
  <member type="way" ref="659540332" role="outer"/>
  <member type="way" ref="389119590" role="outer"/>
  <member type="way" ref="53051863" role="outer"/>
  <member type="way" ref="468535373" role="outer"/>
  <member type="way" ref="954728787" role="outer"/>
  <member type="way" ref="468535370" role="outer"/>
  <member type="way" ref="468425732" role="outer"/>
  <member type="way" ref="659827655" role="outer"/>
  <member type="way" ref="658032669" role="outer"/>
  <member type="way" ref="131828367" role="outer"/>
  <member type="way" ref="992752841" role="outer"/>
  <member type="way" ref="992752840" role="outer"/>
  <member type="way" ref="658032670" role="outer"/>
  <member type="way" ref="53051862" role="outer"/>
  <member type="way" ref="1064207062" role="outer"/>
  <member type="way" ref="51366168" role="outer"/>
  <member type="way" ref="954730235" role="outer"/>
  <member type="way" ref="1064104898" role="outer"/>
  <member type="node" ref="198440627" role="label"/>
  <tag k="admin_level" v="8"/>
  <tag k="boundary" v="administrative"/>
  <tag k="name" v="Béccar"/>
  <tag k="type" v="boundary"/>
  <tag k="wikidata" v="Q8215298"/>
  <tag k="wikipedia" v="es:Beccar"/>
 </relation>
 <relation id="1788821" visible="true" version="64" changeset="186255891" timestamp="2026-07-23T20:04:13Z" user="Flynn Marquardt" uid="100357">
  <member type="way" ref="271947493" role="outer"/>
  <member type="way" ref="658624919" role="outer"/>
  <member type="way" ref="1352266312" role="outer"/>
  <member type="way" ref="658624918" role="outer"/>
  <member type="way" ref="658624917" role="outer"/>
  <member type="way" ref="658624916" role="outer"/>
  <member type="way" ref="131828237" role="outer"/>
  <member type="way" ref="452772968" role="outer"/>
  <member type="way" ref="470286297" role="outer"/>
  <member type="way" ref="1021012641" role="outer"/>
  <member type="way" ref="1340783903" role="outer"/>
  <member type="way" ref="470319433" role="outer"/>
  <member type="way" ref="1067453370" role="outer"/>
  <member type="way" ref="1050986361" role="outer"/>
  <member type="way" ref="1442073889" role="outer"/>
  <member type="way" ref="1050908942" role="outer"/>
  <member type="way" ref="131640775" role="outer"/>
  <member type="way" ref="64376442" role="outer"/>
  <member type="way" ref="64376431" role="outer"/>
  <member type="way" ref="64376445" role="outer"/>
  <member type="way" ref="958634506" role="outer"/>
  <member type="way" ref="468230090" role="outer"/>
  <member type="way" ref="272203083" role="outer"/>
  <member type="way" ref="1353994393" role="outer"/>
  <member type="way" ref="1353994394" role="outer"/>
  <member type="way" ref="4766348" role="outer"/>
  <member type="way" ref="64376474" role="outer"/>
  <member type="way" ref="513314395" role="outer"/>
  <member type="way" ref="1543332489" role="outer"/>
  <member type="way" ref="1543316514" role="outer"/>
  <member type="way" ref="133111928" role="outer"/>
  <member type="way" ref="133111960" role="outer"/>
  <member type="way" ref="272821130" role="outer"/>
  <member type="way" ref="35971173" role="outer"/>
  <member type="way" ref="27394534" role="outer"/>
  <member type="way" ref="610050058" role="outer"/>
  <member type="way" ref="1017983477" role="outer"/>
  <member type="way" ref="22983279" role="outer"/>
  <member type="way" ref="425628926" role="outer"/>
  <member type="way" ref="610050057" role="outer"/>
  <member type="way" ref="222720125" role="outer"/>
  <member type="way" ref="372260603" role="outer"/>
  <member type="way" ref="372260602" role="outer"/>
  <member type="way" ref="255624812" role="outer"/>
  <member type="way" ref="133111907" role="outer"/>
  <member type="way" ref="133111965" role="outer"/>
  <member type="way" ref="452698902" role="outer"/>
  <member type="way" ref="27395722" role="outer"/>
  <member type="way" ref="133111951" role="outer"/>
  <member type="way" ref="413207224" role="outer"/>
  <member type="way" ref="27395712" role="outer"/>
  <member type="way" ref="473652153" role="outer"/>
  <member type="way" ref="1050908937" role="outer"/>
  <member type="way" ref="473652154" role="outer"/>
  <member type="way" ref="1476563262" role="outer"/>
  <member type="way" ref="1050908074" role="outer"/>
  <member type="way" ref="1026430671" role="outer"/>
  <member type="way" ref="133111967" role="outer"/>
  <member type="way" ref="133111941" role="outer"/>
  <member type="way" ref="54276840" role="outer"/>
  <member type="way" ref="57899138" role="outer"/>
  <member type="way" ref="1477396017" role="outer"/>
  <member type="way" ref="1390930967" role="outer"/>
  <member type="way" ref="58329948" role="outer"/>
  <member type="way" ref="1543314938" role="outer"/>
  <member type="way" ref="198313084" role="outer"/>
  <member type="way" ref="198453971" role="outer"/>
  <member type="way" ref="1543314937" role="outer"/>
  <member type="way" ref="143510462" role="outer"/>
  <member type="way" ref="1543314934" role="outer"/>
  <member type="way" ref="1543314935" role="outer"/>
  <tag k="admin_level" v="8"/>
  <tag k="boundary" v="administrative"/>
  <tag k="name" v="Victoria"/>
  <tag k="population" v="39447"/>
  <tag k="type" v="boundary"/>
  <tag k="wikidata" v="Q2485287"/>
  <tag k="wikipedia" v="es:Victoria (Buenos Aires)"/>
 </relation>
 <relation id="2266337" visible="true" version="4" changeset="172457308" timestamp="2025-09-25T20:17:30Z" user="muralito" uid="755114">
  <member type="way" ref="143411636" role="outer"/>
  <member type="way" ref="1433125478" role="outer"/>
  <member type="way" ref="1433125479" role="outer"/>
  <member type="way" ref="1433125477" role="outer"/>
  <member type="way" ref="143729478" role="outer"/>
  <member type="way" ref="1433125480" role="outer"/>
  <member type="way" ref="143454027" role="outer"/>
  <member type="way" ref="1433125484" role="outer"/>
  <member type="way" ref="1433125489" role="outer"/>
  <member type="way" ref="1433125486" role="outer"/>
  <member type="way" ref="1433125485" role="outer"/>
  <member type="way" ref="1433125490" role="outer"/>
  <member type="way" ref="1433125487" role="outer"/>
  <member type="way" ref="1433125494" role="outer"/>
  <member type="way" ref="1433125493" role="outer"/>
  <member type="way" ref="143483495" role="outer"/>
  <member type="way" ref="1433125508" role="outer"/>
  <member type="way" ref="170297895" role="inner"/>
  <member type="way" ref="143724704" role="inner"/>
  <member type="way" ref="170297888" role="inner"/>
  <member type="way" ref="143724263" role="inner"/>
  <member type="way" ref="143724266" role="inner"/>
  <member type="way" ref="170297892" role="inner"/>
  <member type="way" ref="170297890" role="inner"/>
  <member type="way" ref="170297893" role="inner"/>
  <member type="way" ref="170297907" role="inner"/>
  <member type="way" ref="170297877" role="inner"/>
  <member type="way" ref="170297883" role="inner"/>
  <member type="way" ref="170297887" role="inner"/>
  <member type="way" ref="170297906" role="inner"/>
  <member type="way" ref="170297903" role="inner"/>
  <member type="way" ref="170297897" role="inner"/>
  <member type="way" ref="170297889" role="inner"/>
  <member type="way" ref="170297899" role="inner"/>
  <member type="way" ref="170297872" role="inner"/>
  <member type="way" ref="170297891" role="inner"/>
  <member type="way" ref="143727930" role="inner"/>
  <member type="way" ref="170297875" role="inner"/>
  <member type="way" ref="170297905" role="inner"/>
  <member type="way" ref="170297886" role="inner"/>
  <member type="way" ref="170297880" role="inner"/>
  <member type="way" ref="170297885" role="inner"/>
  <member type="way" ref="143727936" role="inner"/>
  <member type="way" ref="170297902" role="inner"/>
  <member type="way" ref="170297908" role="inner"/>
  <member type="way" ref="170297901" role="inner"/>
  <member type="way" ref="170297904" role="inner"/>
  <member type="way" ref="170297882" role="inner"/>
  <member type="way" ref="170297876" role="inner"/>
  <member type="way" ref="170297898" role="inner"/>
  <member type="way" ref="170297900" role="inner"/>
  <tag k="landuse" v="meadow"/>
  <tag k="type" v="multipolygon"/>
 </relation>
 <relation id="2411762" visible="true" version="97" changeset="186251121" timestamp="2026-07-23T18:19:51Z" user="Bondi Maps" uid="22225370">
  <member type="node" ref="198429487" role="admin_centre"/>
  <member type="way" ref="133113519" role="outer"/>
  <member type="way" ref="133111928" role="outer"/>
  <member type="way" ref="180707132" role="outer"/>
  <member type="way" ref="180878267" role="outer"/>
  <member type="way" ref="1325728695" role="outer"/>
  <member type="way" ref="262791425" role="outer"/>
  <member type="way" ref="180720987" role="outer"/>
  <member type="way" ref="180706120" role="outer"/>
  <member type="way" ref="1028588353" role="outer"/>
  <member type="way" ref="30090978" role="outer"/>
  <member type="way" ref="180697086" role="outer"/>
  <member type="way" ref="260048594" role="outer"/>
  <member type="way" ref="260048593" role="outer"/>
  <member type="way" ref="180701681" role="outer"/>
  <member type="way" ref="1115614074" role="outer"/>
  <member type="way" ref="1420060397" role="outer"/>
  <member type="way" ref="180701682" role="outer"/>
  <member type="way" ref="643340200" role="outer"/>
  <member type="way" ref="643340201" role="outer"/>
  <member type="way" ref="643340203" role="outer"/>
  <member type="way" ref="211566761" role="outer"/>
  <member type="way" ref="252921866" role="outer"/>
  <member type="way" ref="252921878" role="outer"/>
  <member type="way" ref="211566762" role="outer"/>
  <member type="way" ref="252921868" role="outer"/>
  <member type="way" ref="180630808" role="outer"/>
  <member type="way" ref="180630804" role="outer"/>
  <member type="way" ref="75134146" role="outer"/>
  <member type="way" ref="140046036" role="outer"/>
  <member type="way" ref="1027438842" role="outer"/>
  <member type="way" ref="140046060" role="outer"/>
  <member type="way" ref="180630810" role="outer"/>
  <member type="way" ref="1260687581" role="outer"/>
  <member type="way" ref="255827566" role="outer"/>
  <member type="way" ref="1260687589" role="outer"/>
  <member type="way" ref="256928646" role="outer"/>
  <member type="way" ref="256928645" role="outer"/>
  <member type="way" ref="426063001" role="outer"/>
  <member type="way" ref="180630805" role="outer"/>
  <member type="way" ref="180630803" role="outer"/>
  <member type="way" ref="180630800" role="outer"/>
  <member type="way" ref="264853288" role="outer"/>
  <member type="way" ref="180598222" role="outer"/>
  <member type="way" ref="739705962" role="outer"/>
  <member type="way" ref="280940535" role="outer"/>
  <member type="way" ref="420676349" role="outer"/>
  <member type="way" ref="140046037" role="outer"/>
  <member type="way" ref="280940538" role="outer"/>
  <member type="way" ref="57822907" role="outer"/>
  <member type="way" ref="280940536" role="outer"/>
  <member type="way" ref="420676350" role="outer"/>
  <member type="way" ref="280940533" role="outer"/>
  <member type="way" ref="41224816" role="outer"/>
  <member type="way" ref="57836929" role="outer"/>
  <member type="way" ref="96808804" role="outer"/>
  <member type="way" ref="1462970463" role="outer"/>
  <member type="way" ref="281755699" role="outer"/>
  <member type="way" ref="1462970464" role="outer"/>
  <member type="way" ref="215910439" role="outer"/>
  <member type="way" ref="215910441" role="outer"/>
  <member type="way" ref="48019102" role="outer"/>
  <member type="way" ref="91959549" role="outer"/>
  <member type="way" ref="255621513" role="outer"/>
  <member type="way" ref="255319265" role="outer"/>
  <member type="way" ref="255319320" role="outer"/>
  <member type="way" ref="462935889" role="outer"/>
  <member type="way" ref="139035079" role="outer"/>
  <member type="way" ref="255813864" role="outer"/>
  <member type="way" ref="54233561" role="outer"/>
  <member type="way" ref="54227502" role="outer"/>
  <member type="way" ref="180745080" role="outer"/>
  <member type="way" ref="1465441838" role="outer"/>
  <member type="way" ref="197099633" role="outer"/>
  <member type="way" ref="265359436" role="outer"/>
  <member type="way" ref="180745081" role="outer"/>
  <member type="way" ref="1412560928" role="outer"/>
  <member type="way" ref="659182018" role="outer"/>
  <member type="way" ref="126860427" role="outer"/>
  <member type="way" ref="143510462" role="outer"/>
  <member type="way" ref="1543314936" role="outer"/>
  <member type="way" ref="198707055" role="outer"/>
  <member type="way" ref="180521570" role="outer"/>
  <member type="way" ref="1543314941" role="outer"/>
  <member type="way" ref="139038089" role="outer"/>
  <member type="way" ref="180628005" role="outer"/>
  <member type="way" ref="1543284897" role="outer"/>
  <member type="way" ref="1543284895" role="outer"/>
  <member type="way" ref="1355882479" role="outer"/>
  <member type="way" ref="1351119432" role="outer"/>
  <member type="way" ref="1355882480" role="outer"/>
  <member type="way" ref="1543284903" role="outer"/>
  <tag k="admin_level" v="5"/>
  <tag k="boundary" v="administrative"/>
  <tag k="name" v="Partido de Tigre"/>
  <tag k="population" v="380709"/>
  <tag k="type" v="boundary"/>
  <tag k="wikidata" v="Q1906802"/>
  <tag k="wikipedia" v="es:Tigre (partido)"/>
 </relation>
 <relation id="2443418" visible="true" version="72" changeset="186255891" timestamp="2026-07-23T20:04:13Z" user="Flynn Marquardt" uid="100357">
  <member type="way" ref="183600708" role="outer"/>
  <member type="way" ref="922099087" role="outer"/>
  <member type="way" ref="550674404" role="outer"/>
  <member type="way" ref="406431786" role="outer"/>
  <member type="way" ref="406431787" role="outer"/>
  <member type="way" ref="801714116" role="outer"/>
  <member type="way" ref="262795442" role="outer"/>
  <member type="way" ref="183600716" role="outer"/>
  <member type="way" ref="183600731" role="outer"/>
  <member type="way" ref="262795441" role="outer"/>
  <member type="way" ref="183591480" role="outer"/>
  <member type="way" ref="183600706" role="outer"/>
  <member type="way" ref="1028588353" role="outer"/>
  <member type="way" ref="180706120" role="outer"/>
  <member type="way" ref="180720987" role="outer"/>
  <member type="way" ref="262791425" role="outer"/>
  <member type="way" ref="143510462" role="outer"/>
  <member type="way" ref="1543314934" role="outer"/>
  <member type="way" ref="1543314935" role="outer"/>
  <member type="way" ref="271947493" role="outer"/>
  <member type="way" ref="658624919" role="outer"/>
  <member type="way" ref="1352266312" role="outer"/>
  <member type="way" ref="658624918" role="outer"/>
  <member type="way" ref="658624917" role="outer"/>
  <member type="way" ref="658624916" role="outer"/>
  <member type="way" ref="131828237" role="outer"/>
  <member type="way" ref="452772968" role="outer"/>
  <member type="way" ref="470286297" role="outer"/>
  <member type="way" ref="1021012641" role="outer"/>
  <member type="way" ref="1340783903" role="outer"/>
  <member type="way" ref="470319433" role="outer"/>
  <member type="way" ref="1067453370" role="outer"/>
  <member type="way" ref="1050986361" role="outer"/>
  <member type="way" ref="1442073889" role="outer"/>
  <member type="way" ref="1050908942" role="outer"/>
  <member type="way" ref="131640775" role="outer"/>
  <member type="way" ref="64376442" role="outer"/>
  <member type="way" ref="64376431" role="outer"/>
  <member type="way" ref="64376445" role="outer"/>
  <member type="way" ref="958634506" role="outer"/>
  <member type="way" ref="468230090" role="outer"/>
  <member type="way" ref="272203083" role="outer"/>
  <member type="way" ref="1353994393" role="outer"/>
  <member type="way" ref="1353994394" role="outer"/>
  <member type="way" ref="4766348" role="outer"/>
  <member type="way" ref="64376474" role="outer"/>
  <member type="way" ref="513314395" role="outer"/>
  <member type="way" ref="1543332489" role="outer"/>
  <member type="way" ref="1543316514" role="outer"/>
  <member type="way" ref="133111928" role="outer"/>
  <member type="way" ref="133113519" role="outer"/>
  <member type="way" ref="1543284903" role="outer"/>
  <member type="way" ref="1355882480" role="outer"/>
  <member type="way" ref="1351119432" role="outer"/>
  <member type="way" ref="1355882479" role="outer"/>
  <member type="way" ref="1543284895" role="outer"/>
  <member type="way" ref="1543284897" role="outer"/>
  <member type="way" ref="180628005" role="outer"/>
  <member type="way" ref="139038089" role="outer"/>
  <member type="way" ref="1543314941" role="outer"/>
  <member type="way" ref="180521570" role="outer"/>
  <member type="way" ref="198707055" role="outer"/>
  <member type="way" ref="1543314936" role="outer"/>
  <member type="node" ref="198420042" role="admin_centre"/>
  <tag k="admin_level" v="5"/>
  <tag k="boundary" v="administrative"/>
  <tag k="name" v="Partido de San Fernando"/>
  <tag k="population" v="163462"/>
  <tag k="type" v="boundary"/>
  <tag k="wikidata" v="Q1971695"/>
  <tag k="wikipedia" v="es:Partido de San Fernando"/>
 </relation>
 <relation id="3010420" visible="true" version="2" changeset="52292858" timestamp="2017-09-23T01:00:07Z" user="AgusQui" uid="331218">
  <member type="node" ref="108260652" role="stop"/>
  <member type="way" ref="207466604" role="platform"/>
  <member type="way" ref="207466605" role="platform"/>
  <member type="node" ref="5123249958" role=""/>
  <member type="node" ref="2561133552" role="stop"/>
  <tag k="name" v="Estación Punta Chica"/>
  <tag k="network" v="Mitre"/>
  <tag k="operator" v="Trenes Argentinos"/>
  <tag k="public_transport" v="stop_area"/>
  <tag k="type" v="public_transport"/>
 </relation>
 <relation id="3530378" visible="true" version="12" changeset="186243901" timestamp="2026-07-23T16:10:12Z" user="Bondi Maps" uid="22225370">
  <member type="way" ref="262791425" role="outer"/>
  <member type="way" ref="1325728695" role="outer"/>
  <member type="way" ref="180878267" role="outer"/>
  <member type="way" ref="180707132" role="outer"/>
  <member type="way" ref="133111928" role="outer"/>
  <member type="way" ref="133113519" role="outer"/>
  <member type="way" ref="1543284904" role="outer"/>
  <member type="way" ref="955841368" role="outer"/>
  <member type="way" ref="180594777" role="outer"/>
  <member type="way" ref="1543284902" role="outer"/>
  <member type="way" ref="180523221" role="outer"/>
  <member type="way" ref="180523220" role="outer"/>
  <member type="way" ref="180631029" role="outer"/>
  <member type="way" ref="1306603190" role="outer"/>
  <member type="way" ref="180706119" role="outer"/>
  <member type="way" ref="180697086" role="outer"/>
  <member type="way" ref="140063138" role="outer"/>
  <member type="way" ref="149848977" role="outer"/>
  <member type="way" ref="183513141" role="outer"/>
  <member type="way" ref="183600706" role="outer"/>
  <member type="way" ref="1028588353" role="outer"/>
  <member type="way" ref="180706120" role="outer"/>
  <member type="way" ref="180720987" role="outer"/>
  <tag k="admin_level" v="8"/>
  <tag k="boundary" v="administrative"/>
  <tag k="name" v="Primera Sección"/>
  <tag k="type" v="boundary"/>
 </relation>
 <relation id="3613995" visible="true" version="2" changeset="111794065" timestamp="2021-09-28T02:24:00Z" user="RCA7HEAD" uid="5489757">
  <member type="way" ref="270141777" role="outer"/>
  <member type="way" ref="143404786" role="outer"/>
  <tag k="leisure" v="marina"/>
  <tag k="natural" v="water"/>
  <tag k="seamark:harbour:category" v="marina"/>
  <tag k="seamark:type" v="harbour"/>
  <tag k="type" v="multipolygon"/>
 </relation>
 <relation id="3613996" visible="true" version="4" changeset="111794065" timestamp="2021-09-28T02:24:00Z" user="RCA7HEAD" uid="5489757">
  <member type="way" ref="270141768" role="outer"/>
  <member type="way" ref="270141796" role="outer"/>
  <tag k="leisure" v="marina"/>
  <tag k="natural" v="water"/>
  <tag k="seamark:harbour:category" v="marina"/>
  <tag k="seamark:type" v="harbour"/>
  <tag k="type" v="multipolygon"/>
 </relation>
 <relation id="3613997" visible="true" version="2" changeset="111794065" timestamp="2021-09-28T02:24:00Z" user="RCA7HEAD" uid="5489757">
  <member type="way" ref="270141788" role="outer"/>
  <member type="way" ref="270141816" role="outer"/>
  <tag k="leisure" v="marina"/>
  <tag k="natural" v="water"/>
  <tag k="seamark:harbour:category" v="marina"/>
  <tag k="seamark:type" v="harbour"/>
  <tag k="type" v="multipolygon"/>
 </relation>
 <relation id="3616196" visible="true" version="12" changeset="172457308" timestamp="2025-09-25T20:17:30Z" user="muralito" uid="755114">
  <member type="way" ref="923975416" role="inner"/>
  <member type="way" ref="923975415" role="inner"/>
  <member type="way" ref="825284049" role="outer"/>
  <member type="way" ref="259109248" role="outer"/>
  <member type="way" ref="1433125540" role="outer"/>
  <member type="way" ref="270465095" role="outer"/>
  <member type="way" ref="270465090" role="outer"/>
  <member type="way" ref="271491282" role="outer"/>
  <member type="way" ref="1433125501" role="outer"/>
  <member type="way" ref="1433125533" role="outer"/>
  <member type="way" ref="1433125534" role="outer"/>
  <member type="way" ref="1433125535" role="outer"/>
  <member type="way" ref="1433125499" role="outer"/>
  <member type="way" ref="1433125500" role="outer"/>
  <member type="way" ref="1433125508" role="outer"/>
  <member type="way" ref="271241250" role="outer"/>
  <member type="way" ref="271241259" role="outer"/>
  <member type="way" ref="271241247" role="outer"/>
  <member type="way" ref="271241256" role="outer"/>
  <member type="way" ref="270462509" role="outer"/>
  <member type="way" ref="271241252" role="outer"/>
  <member type="way" ref="270462516" role="outer"/>
  <member type="way" ref="270462511" role="outer"/>
  <member type="way" ref="145796880" role="outer"/>
  <member type="way" ref="270141792" role="outer"/>
  <member type="way" ref="270141751" role="outer"/>
  <member type="way" ref="270141772" role="outer"/>
  <member type="way" ref="270141750" role="outer"/>
  <member type="way" ref="271241249" role="outer"/>
  <member type="way" ref="271241258" role="outer"/>
  <member type="way" ref="272609282" role="outer"/>
  <member type="way" ref="270141762" role="outer"/>
  <member type="way" ref="270141771" role="outer"/>
  <member type="way" ref="272967850" role="outer"/>
  <member type="way" ref="270141813" role="outer"/>
  <member type="way" ref="270141774" role="outer"/>
  <member type="way" ref="270141754" role="outer"/>
  <member type="way" ref="270141777" role="outer"/>
  <member type="way" ref="270141807" role="outer"/>
  <member type="way" ref="270141768" role="outer"/>
  <member type="way" ref="270141758" role="outer"/>
  <member type="way" ref="270141788" role="outer"/>
  <member type="way" ref="271241253" role="outer"/>
  <member type="way" ref="271241257" role="outer"/>
  <member type="way" ref="271241248" role="outer"/>
  <member type="way" ref="271241254" role="outer"/>
  <member type="way" ref="271241246" role="outer"/>
  <member type="way" ref="180878266" role="outer"/>
  <member type="way" ref="825284233" role="outer"/>
  <member type="way" ref="149994000" role="outer"/>
  <member type="way" ref="825284047" role="outer"/>
  <member type="way" ref="825284048" role="outer"/>
  <tag k="description" v="Cuerpo de aguas del Río Luján"/>
  <tag k="natural" v="water"/>
  <tag k="type" v="multipolygon"/>
  <tag k="water" v="river"/>
 </relation>
 <relation id="3616236" visible="true" version="2" changeset="172457308" timestamp="2025-09-25T20:17:30Z" user="muralito" uid="755114">
  <member type="way" ref="1433125523" role="outer"/>
  <member type="way" ref="1433125538" role="outer"/>
  <member type="way" ref="270465090" role="outer"/>
  <member type="way" ref="1433125532" role="outer"/>
  <member type="way" ref="1433125530" role="outer"/>
  <member type="way" ref="1433125529" role="outer"/>
  <member type="way" ref="1433125522" role="outer"/>
  <member type="way" ref="1433125519" role="outer"/>
  <member type="way" ref="1433125520" role="outer"/>
  <member type="way" ref="143486262" role="outer"/>
  <member type="way" ref="1433125524" role="outer"/>
  <tag k="natural" v="water"/>
  <tag k="type" v="multipolygon"/>
 </relation>
 <relation id="3623359" visible="true" version="6" changeset="143264655" timestamp="2023-10-28T14:21:30Z" user="b-jazz-bot" uid="9451067">
  <member type="way" ref="271301681" role="outer"/>
  <member type="way" ref="271301683" role="outer"/>
  <member type="way" ref="271241246" role="outer"/>
  <member type="way" ref="271241254" role="outer"/>
  <member type="way" ref="271241248" role="outer"/>
  <member type="way" ref="271270405" role="outer"/>
  <tag k="addr:city" v="San Isidro"/>
  <tag k="addr:housenumber" v="1999"/>
  <tag k="addr:postcode" v="1642"/>
  <tag k="addr:street" v="Avenida Mitre"/>
  <tag k="landuse" v="recreation_ground"/>
  <tag k="name" v="Club Náutico San Isidro"/>
  <tag k="phone" v="+54 11 4732-0600"/>
  <tag k="sport" v="multi"/>
  <tag k="type" v="multipolygon"/>
  <tag k="website" v="https://www.cnsi.org.ar/"/>
  <tag k="wikidata" v="Q18206049"/>
  <tag k="wikipedia" v="es:Club Náutico San Isidro"/>
 </relation>
 <relation id="3623415" visible="true" version="2" changeset="21467432" timestamp="2014-04-02T22:30:04Z" user="Souchong" uid="255141">
  <member type="way" ref="271270405" role="outer"/>
  <member type="way" ref="271301675" role="outer"/>
  <member type="way" ref="271301683" role="outer"/>
  <member type="way" ref="271241246" role="outer"/>
  <member type="way" ref="200526716" role="outer"/>
  <member type="way" ref="271241248" role="outer"/>
  <tag k="name" v="Isla Sarandí"/>
  <tag k="place" v="island"/>
  <tag k="type" v="multipolygon"/>
 </relation>
 <relation id="3623416" visible="true" version="2" changeset="111794147" timestamp="2021-09-28T02:32:40Z" user="RCA7HEAD" uid="5489757">
  <member type="way" ref="271241254" role="outer"/>
  <member type="way" ref="200526716" role="outer"/>
  <tag k="leisure" v="marina"/>
  <tag k="natural" v="water"/>
  <tag k="seamark:harbour:category" v="marina"/>
  <tag k="seamark:type" v="harbour"/>
  <tag k="type" v="multipolygon"/>
 </relation>
 <relation id="3623442" visible="true" version="7" changeset="172457308" timestamp="2025-09-25T20:17:30Z" user="muralito" uid="755114">
  <member type="way" ref="271301681" role="outer"/>
  <member type="way" ref="271301683" role="outer"/>
  <member type="way" ref="180878266" role="outer"/>
  <member type="way" ref="143403390" role="outer"/>
  <member type="way" ref="1433125566" role="outer"/>
  <member type="way" ref="1433125565" role="outer"/>
  <member type="way" ref="1433125568" role="outer"/>
  <member type="way" ref="1433125567" role="outer"/>
  <member type="way" ref="271306733" role="outer"/>
  <member type="way" ref="271306732" role="outer"/>
  <member type="way" ref="271241257" role="outer"/>
  <member type="way" ref="271270405" role="outer"/>
  <member type="way" ref="271301678" role="inner"/>
  <tag k="leisure" v="marina"/>
  <tag k="natural" v="water"/>
  <tag k="seamark:harbour:category" v="marina"/>
  <tag k="seamark:type" v="harbour"/>
  <tag k="type" v="multipolygon"/>
 </relation>
 <relation id="3623768" visible="true" version="2" changeset="111794065" timestamp="2021-09-28T02:24:00Z" user="RCA7HEAD" uid="5489757">
  <member type="way" ref="271301675" role="outer"/>
  <member type="way" ref="271301681" role="outer"/>
  <tag k="leisure" v="marina"/>
  <tag k="natural" v="water"/>
  <tag k="seamark:harbour:category" v="marina"/>
  <tag k="seamark:type" v="harbour"/>
  <tag k="type" v="multipolygon"/>
 </relation>
 <relation id="3625034" visible="true" version="3" changeset="172457308" timestamp="2025-09-25T20:17:30Z" user="muralito" uid="755114">
  <member type="way" ref="271241259" role="outer"/>
  <member type="way" ref="271491284" role="outer"/>
  <member type="way" ref="1433125515" role="outer"/>
  <member type="way" ref="1433125514" role="outer"/>
  <member type="way" ref="1433125513" role="outer"/>
  <member type="way" ref="271491286" role="outer"/>
  <member type="way" ref="143378024" role="outer"/>
  <member type="way" ref="1433125485" role="outer"/>
  <member type="way" ref="1433125488" role="outer"/>
  <member type="way" ref="271491283" role="outer"/>
  <tag k="name" v="Arroyo Ballenas"/>
  <tag k="natural" v="water"/>
  <tag k="type" v="multipolygon"/>
  <tag k="water" v="river"/>
 </relation>
 <relation id="3625035" visible="true" version="2" changeset="172457308" timestamp="2025-09-25T20:17:30Z" user="muralito" uid="755114">
  <member type="way" ref="1433125509" role="outer"/>
  <member type="way" ref="271491293" role="outer"/>
  <member type="way" ref="1433125510" role="outer"/>
  <member type="way" ref="1433125511" role="outer"/>
  <member type="way" ref="271491286" role="outer"/>
  <tag k="natural" v="water"/>
  <tag k="type" v="multipolygon"/>
 </relation>
 <relation id="3648837" visible="true" version="33" changeset="186243901" timestamp="2026-07-23T16:10:12Z" user="Bondi Maps" uid="22225370">
  <member type="way" ref="243731994" role="main_stream"/>
  <member type="way" ref="184506684" role="main_stream"/>
  <member type="way" ref="184471928" role="main_stream"/>
  <member type="way" ref="184472363" role="main_stream"/>
  <member type="way" ref="886746990" role="main_stream"/>
  <member type="way" ref="886746989" role="main_stream"/>
  <member type="way" ref="184471929" role="main_stream"/>
  <member type="way" ref="142993735" role="main_stream"/>
  <member type="way" ref="816708182" role="main_stream"/>
  <member type="way" ref="264747231" role="main_stream"/>
  <member type="way" ref="816683216" role="main_stream"/>
  <member type="way" ref="264817105" role="main_stream"/>
  <member type="way" ref="220509839" role="main_stream"/>
  <member type="way" ref="220509841" role="main_stream"/>
  <member type="way" ref="816619478" role="main_stream"/>
  <member type="way" ref="816619484" role="main_stream"/>
  <member type="way" ref="264798501" role="main_stream"/>
  <member type="way" ref="264801848" role="main_stream"/>
  <member type="way" ref="264801847" role="main_stream"/>
  <member type="way" ref="768011013" role="main_stream"/>
  <member type="way" ref="264895968" role="main_stream"/>
  <member type="way" ref="264891848" role="main_stream"/>
  <member type="way" ref="264891847" role="main_stream"/>
  <member type="way" ref="184846321" role="main_stream"/>
  <member type="way" ref="184846287" role="main_stream"/>
  <member type="way" ref="315384058" role="main_stream"/>
  <member type="way" ref="1464924807" role="main_stream"/>
  <member type="way" ref="195239473" role="main_stream"/>
  <member type="way" ref="1464921283" role="main_stream"/>
  <member type="way" ref="28325724" role="main_stream"/>
  <member type="way" ref="182622242" role="main_stream"/>
  <member type="way" ref="1464905350" role="main_stream"/>
  <member type="way" ref="184096582" role="main_stream"/>
  <member type="way" ref="587783934" role="main_stream"/>
  <member type="way" ref="196801010" role="main_stream"/>
  <member type="way" ref="140063137" role="main_stream"/>
  <member type="way" ref="183655619" role="main_stream"/>
  <member type="way" ref="749040736" role="main_stream"/>
  <member type="way" ref="749040733" role="main_stream"/>
  <member type="way" ref="749040734" role="main_stream"/>
  <member type="way" ref="183666194" role="main_stream"/>
  <member type="way" ref="140063138" role="main_stream"/>
  <member type="way" ref="180697086" role="main_stream"/>
  <member type="way" ref="180706119" role="main_stream"/>
  <member type="way" ref="1306603190" role="main_stream"/>
  <member type="way" ref="180631029" role="main_stream"/>
  <member type="way" ref="180523220" role="main_stream"/>
  <member type="way" ref="180523221" role="main_stream"/>
  <member type="way" ref="1543284902" role="main_stream"/>
  <member type="way" ref="180594777" role="main_stream"/>
  <member type="way" ref="955841368" role="main_stream"/>
  <member type="way" ref="1543284904" role="main_stream"/>
  <member type="way" ref="133113519" role="main_stream"/>
  <member type="way" ref="133111928" role="main_stream"/>
  <member type="way" ref="933318482" role="main_stream"/>
  <tag k="destination" v="Río de la Plata"/>
  <tag k="name" v="Río Luján"/>
  <tag k="type" v="waterway"/>
  <tag k="waterway" v="river"/>
  <tag k="wikidata" v="Q7650614"/>
  <tag k="wikipedia" v="es:Río Luján"/>
 </relation>
 <relation id="6699648" visible="true" version="27" changeset="181986792" timestamp="2026-04-29T12:40:54Z" user="AlejandroAlba" uid="6499071">
  <member type="node" ref="3651107372" role="stop_entry_only"/>
  <member type="way" ref="1012323498" role="platform_entry_only"/>
  <member type="node" ref="2561087191" role="stop"/>
  <member type="way" ref="206904255" role="platform"/>
  <member type="node" ref="2561105846" role="stop"/>
  <member type="way" ref="249519061" role="platform"/>
  <member type="node" ref="2561121710" role="stop"/>
  <member type="way" ref="526913911" role="platform"/>
  <member type="node" ref="2561133552" role="stop"/>
  <member type="way" ref="207466605" role="platform"/>
  <member type="node" ref="2169675628" role="stop"/>
  <member type="way" ref="207202619" role="platform"/>
  <member type="node" ref="247764953" role="stop"/>
  <member type="way" ref="208636773" role="platform"/>
  <member type="node" ref="108260648" role="stop"/>
  <member type="way" ref="208637106" role="platform"/>
  <member type="node" ref="5122945455" role="stop"/>
  <member type="way" ref="526895464" role="platform"/>
  <member type="node" ref="108260640" role="stop"/>
  <member type="way" ref="526867362" role="platform"/>
  <member type="node" ref="2561085079" role="stop_exit_only"/>
  <member type="way" ref="204492403" role="platform_exit_only"/>
  <member type="way" ref="951810721" role=""/>
  <member type="way" ref="1352265693" role=""/>
  <member type="way" ref="1352265692" role=""/>
  <member type="way" ref="249518083" role=""/>
  <member type="way" ref="249518220" role=""/>
  <member type="way" ref="206903977" role=""/>
  <member type="way" ref="1505789292" role=""/>
  <member type="way" ref="1505789291" role=""/>
  <member type="way" ref="249517010" role=""/>
  <member type="way" ref="1505789314" role=""/>
  <member type="way" ref="1505789306" role=""/>
  <member type="way" ref="1505789305" role=""/>
  <member type="way" ref="1505789308" role=""/>
  <member type="way" ref="1505789307" role=""/>
  <member type="way" ref="1505789313" role=""/>
  <member type="way" ref="306029273" role=""/>
  <member type="way" ref="1505789323" role=""/>
  <member type="way" ref="1505789322" role=""/>
  <member type="way" ref="1505789327" role=""/>
  <member type="way" ref="1505789326" role=""/>
  <member type="way" ref="1152272548" role=""/>
  <member type="way" ref="1505735951" role=""/>
  <member type="way" ref="1505735950" role=""/>
  <member type="way" ref="1152272542" role=""/>
  <member type="way" ref="1505732396" role=""/>
  <member type="way" ref="1505732395" role=""/>
  <member type="way" ref="1505731593" role=""/>
  <member type="way" ref="1505731592" role=""/>
  <member type="way" ref="1505727932" role=""/>
  <member type="way" ref="1505727931" role=""/>
  <member type="way" ref="1504433009" role=""/>
  <member type="way" ref="1504434096" role=""/>
  <member type="way" ref="1504434095" role=""/>
  <member type="way" ref="1504433008" role=""/>
  <member type="way" ref="129994727" role=""/>
  <member type="way" ref="275805125" role=""/>
  <member type="way" ref="1504461214" role=""/>
  <member type="way" ref="1504461213" role=""/>
  <member type="way" ref="275805866" role=""/>
  <member type="way" ref="306029167" role=""/>
  <member type="way" ref="234112353" role=""/>
  <member type="way" ref="361488637" role=""/>
  <member type="way" ref="361488639" role=""/>
  <member type="way" ref="320734346" role=""/>
  <member type="way" ref="361488635" role=""/>
  <member type="way" ref="320734345" role=""/>
  <member type="way" ref="371538637" role=""/>
  <member type="way" ref="249517005" role=""/>
  <member type="way" ref="79291717" role=""/>
  <member type="way" ref="76492953" role=""/>
  <member type="way" ref="526867367" role=""/>
  <tag k="colour" v="#37bbed"/>
  <tag k="from" v="Delta"/>
  <tag k="interval" v="30"/>
  <tag k="name" v="Tren de la Costa: Delta → Avenida Maipú"/>
  <tag k="network" v="Mitre"/>
  <tag k="opening_hours" v="Mo-Fr 06:20-21:15; Sa,Su,PH 07:30-21:25"/>
  <tag k="operator" v="Trenes Argentinos"/>
  <tag k="public_transport:version" v="2"/>
  <tag k="ref" v="TC"/>
  <tag k="route" v="light_rail"/>
  <tag k="service" v="commuter"/>
  <tag k="to" v="Avenida Maipú"/>
  <tag k="type" v="route"/>
  <tag k="wheelchair" v="limited"/>
 </relation>
 <relation id="7553061" visible="true" version="24" changeset="181986792" timestamp="2026-04-29T12:40:54Z" user="AlejandroAlba" uid="6499071">
  <member type="way" ref="205186323" role=""/>
  <member type="way" ref="205200621" role=""/>
  <member type="way" ref="254660749" role=""/>
  <member type="way" ref="254660751" role=""/>
  <member type="way" ref="205200620" role=""/>
  <member type="way" ref="205201401" role=""/>
  <member type="way" ref="205201400" role=""/>
  <member type="way" ref="205204060" role=""/>
  <member type="way" ref="205204062" role=""/>
  <member type="way" ref="280804179" role=""/>
  <member type="way" ref="40102513" role=""/>
  <member type="way" ref="280804177" role=""/>
  <member type="way" ref="40102512" role=""/>
  <member type="way" ref="85355088" role=""/>
  <member type="way" ref="85355091" role=""/>
  <member type="way" ref="68667048" role=""/>
  <member type="way" ref="254660750" role=""/>
  <member type="way" ref="254660752" role=""/>
  <member type="way" ref="68667058" role=""/>
  <member type="way" ref="207522679" role=""/>
  <member type="way" ref="166699778" role=""/>
  <member type="way" ref="86113919" role=""/>
  <member type="way" ref="161010619" role=""/>
  <member type="way" ref="522336273" role=""/>
  <member type="way" ref="522336274" role=""/>
  <member type="way" ref="249526626" role=""/>
  <member type="way" ref="951810721" role=""/>
  <member type="way" ref="1352265693" role=""/>
  <member type="way" ref="1352265692" role=""/>
  <member type="way" ref="249518083" role=""/>
  <member type="way" ref="249518220" role=""/>
  <member type="way" ref="206903977" role=""/>
  <member type="way" ref="1505789292" role=""/>
  <member type="way" ref="1505789291" role=""/>
  <member type="way" ref="249517010" role=""/>
  <member type="way" ref="1505789314" role=""/>
  <member type="way" ref="1505789306" role=""/>
  <member type="way" ref="1505789305" role=""/>
  <member type="way" ref="1505789308" role=""/>
  <member type="way" ref="1505789307" role=""/>
  <member type="way" ref="1505789313" role=""/>
  <member type="way" ref="306029273" role=""/>
  <member type="way" ref="1505789323" role=""/>
  <member type="way" ref="1505789322" role=""/>
  <member type="way" ref="1505789327" role=""/>
  <member type="way" ref="1505789326" role=""/>
  <member type="way" ref="1152272548" role=""/>
  <member type="way" ref="1505735951" role=""/>
  <member type="way" ref="1505735950" role=""/>
  <member type="way" ref="1152272542" role=""/>
  <member type="way" ref="1505732396" role=""/>
  <member type="way" ref="1505732395" role=""/>
  <member type="way" ref="1505731593" role=""/>
  <member type="way" ref="1505731592" role=""/>
  <member type="way" ref="1505727932" role=""/>
  <member type="way" ref="1505727931" role=""/>
  <member type="way" ref="1504433009" role=""/>
  <member type="way" ref="1504434096" role=""/>
  <member type="way" ref="1504434095" role=""/>
  <member type="way" ref="1504433008" role=""/>
  <member type="way" ref="129994727" role=""/>
  <member type="way" ref="275805125" role=""/>
  <member type="way" ref="1504461214" role=""/>
  <member type="way" ref="1504461213" role=""/>
  <member type="way" ref="275805866" role=""/>
  <member type="way" ref="306029167" role=""/>
  <member type="way" ref="234112353" role=""/>
  <member type="way" ref="361488637" role=""/>
  <member type="way" ref="361488639" role=""/>
  <member type="way" ref="320734346" role=""/>
  <member type="way" ref="361488635" role=""/>
  <member type="way" ref="320734345" role=""/>
  <member type="way" ref="371538637" role=""/>
  <member type="way" ref="249517005" role=""/>
  <member type="way" ref="79291717" role=""/>
  <member type="way" ref="76492953" role=""/>
  <member type="way" ref="526867367" role=""/>
  <member type="way" ref="526867378" role=""/>
  <member type="way" ref="526867375" role=""/>
  <member type="way" ref="526867369" role=""/>
  <member type="way" ref="22983193" role=""/>
  <member type="way" ref="30554650" role=""/>
  <member type="way" ref="30554653" role=""/>
  <member type="way" ref="30554644" role=""/>
  <member type="way" ref="30554647" role=""/>
  <member type="way" ref="53237880" role=""/>
  <member type="way" ref="53237875" role=""/>
  <member type="way" ref="204492519" role=""/>
  <member type="way" ref="79291726" role=""/>
  <member type="way" ref="204492404" role=""/>
  <member type="way" ref="79291715" role=""/>
  <member type="way" ref="79291730" role=""/>
  <member type="way" ref="1504461212" role=""/>
  <member type="way" ref="1504461211" role=""/>
  <member type="way" ref="368772602" role=""/>
  <member type="way" ref="138999608" role=""/>
  <member type="way" ref="1504433011" role=""/>
  <member type="way" ref="1504434094" role=""/>
  <member type="way" ref="1504434093" role=""/>
  <member type="way" ref="1504433010" role=""/>
  <member type="way" ref="1505727930" role=""/>
  <member type="way" ref="1505727929" role=""/>
  <member type="way" ref="1505731591" role=""/>
  <member type="way" ref="1505731590" role=""/>
  <member type="way" ref="1505732394" role=""/>
  <member type="way" ref="1505732393" role=""/>
  <member type="way" ref="1152272544" role=""/>
  <member type="way" ref="1505735953" role=""/>
  <member type="way" ref="1505735952" role=""/>
  <member type="way" ref="1152272546" role=""/>
  <member type="way" ref="1505789329" role=""/>
  <member type="way" ref="1505789328" role=""/>
  <member type="way" ref="1505789321" role=""/>
  <member type="way" ref="1505789320" role=""/>
  <member type="way" ref="249519151" role=""/>
  <member type="way" ref="1505789312" role=""/>
  <member type="way" ref="1505789311" role=""/>
  <member type="way" ref="1505789310" role=""/>
  <member type="way" ref="1505789304" role=""/>
  <member type="way" ref="1505789303" role=""/>
  <member type="way" ref="1505789309" role=""/>
  <member type="way" ref="249519150" role=""/>
  <member type="way" ref="1505789290" role=""/>
  <member type="way" ref="1505789289" role=""/>
  <member type="way" ref="249519149" role=""/>
  <member type="way" ref="96811166" role=""/>
  <member type="way" ref="96811160" role=""/>
  <member type="way" ref="951810720" role=""/>
  <member type="way" ref="1012323497" role=""/>
  <tag k="name" v="Ramal ferroviario Belgrano R - Delta"/>
  <tag k="network" v="Mitre"/>
  <tag k="route" v="tracks"/>
  <tag k="type" v="route"/>
  <tag k="wikipedia" v="es:Ramal ferroviario Retiro-Bartolomé Mitre"/>
 </relation>
 <relation id="7597545" visible="true" version="8" changeset="180553125" timestamp="2026-03-28T17:58:15Z" user="AgusQui" uid="331218">
  <member type="relation" ref="6699648" role=""/>
  <member type="relation" ref="129404" role=""/>
  <tag k="colour" v="#37bbed"/>
  <tag k="contact:twitter" v="https://x.com/infotrenmitre"/>
  <tag k="name" v="Tren de la Costa"/>
  <tag k="network" v="Mitre"/>
  <tag k="operator" v="Trenes Argentinos"/>
  <tag k="ref" v="TC"/>
  <tag k="route_master" v="light_rail"/>
  <tag k="start_date" v="1995-04-25"/>
  <tag k="type" v="route_master"/>
  <tag k="website" v="https://www.argentina.gob.ar/transporte/trenes-argentinos/horarios-tarifas-y-recorridos/areametropolitana/tren-de-la-costa"/>
  <tag k="wheelchair" v="limited"/>
  <tag k="wikidata" v="Q3538439"/>
  <tag k="wikipedia" v="es:Tren de la Costa"/>
 </relation>
 <relation id="19648899" visible="true" version="1" changeset="172457308" timestamp="2025-09-25T20:17:30Z" user="muralito" uid="755114">
  <member type="way" ref="143729474" role="outer"/>
  <member type="way" ref="1433125479" role="outer"/>
  <tag k="natural" v="wood"/>
  <tag k="type" v="multipolygon"/>
 </relation>
 <relation id="19648900" visible="true" version="1" changeset="172457308" timestamp="2025-09-25T20:17:30Z" user="muralito" uid="755114">
  <member type="way" ref="1433125481" role="outer"/>
  <member type="way" ref="143729478" role="outer"/>
  <tag k="natural" v="wood"/>
  <tag k="type" v="multipolygon"/>
 </relation>
 <relation id="19648906" visible="true" version="1" changeset="172457308" timestamp="2025-09-25T20:17:30Z" user="muralito" uid="755114">
  <member type="way" ref="1433125506" role="outer"/>
  <member type="way" ref="143413949" role="outer"/>
  <member type="way" ref="1433125503" role="outer"/>
  <member type="way" ref="1433125501" role="outer"/>
  <member type="way" ref="1433125504" role="outer"/>
  <tag k="natural" v="heath"/>
  <tag k="type" v="multipolygon"/>
 </relation>
 <relation id="19648907" visible="true" version="1" changeset="172457308" timestamp="2025-09-25T20:17:30Z" user="muralito" uid="755114">
  <member type="way" ref="1433125502" role="outer"/>
  <member type="way" ref="1433125507" role="outer"/>
  <member type="way" ref="143411636" role="outer"/>
  <member type="way" ref="1433125500" role="outer"/>
  <member type="way" ref="143411643" role="outer"/>
  <member type="way" ref="1433125535" role="outer"/>
  <member type="way" ref="1433125505" role="outer"/>
  <member type="way" ref="1433125506" role="outer"/>
  <tag k="natural" v="wood"/>
  <tag k="type" v="multipolygon"/>
 </relation>
 <relation id="19648908" visible="true" version="1" changeset="172457308" timestamp="2025-09-25T20:17:30Z" user="muralito" uid="755114">
  <member type="way" ref="271491293" role="outer"/>
  <member type="way" ref="143454027" role="outer"/>
  <member type="way" ref="1433125483" role="outer"/>
  <tag k="natural" v="wood"/>
  <tag k="type" v="multipolygon"/>
 </relation>
 <relation id="19648910" visible="true" version="1" changeset="172457308" timestamp="2025-09-25T20:17:30Z" user="muralito" uid="755114">
  <member type="way" ref="1433125514" role="outer"/>
  <member type="way" ref="1433125515" role="outer"/>
  <member type="way" ref="148789802" role="outer"/>
  <member type="way" ref="1433125512" role="outer"/>
  <tag k="natural" v="wood"/>
  <tag k="type" v="multipolygon"/>
 </relation>
 <relation id="19648911" visible="true" version="1" changeset="172457308" timestamp="2025-09-25T20:17:30Z" user="muralito" uid="755114">
  <member type="way" ref="1433125516" role="outer"/>
  <member type="way" ref="1433125528" role="outer"/>
  <member type="way" ref="1433125522" role="outer"/>
  <member type="way" ref="143486475" role="outer"/>
  <tag k="natural" v="wood"/>
  <tag k="type" v="multipolygon"/>
 </relation>
 <relation id="19648912" visible="true" version="1" changeset="172457308" timestamp="2025-09-25T20:17:30Z" user="muralito" uid="755114">
  <member type="way" ref="1433125521" role="outer"/>
  <member type="way" ref="143730723" role="outer"/>
  <tag k="natural" v="wood"/>
  <tag k="type" v="multipolygon"/>
 </relation>
 <relation id="19648913" visible="true" version="1" changeset="172457308" timestamp="2025-09-25T20:17:30Z" user="muralito" uid="755114">
  <member type="way" ref="1433125520" role="outer"/>
  <member type="way" ref="143730715" role="outer"/>
  <tag k="natural" v="wood"/>
  <tag k="type" v="multipolygon"/>
 </relation>
 <relation id="19648914" visible="true" version="1" changeset="172457308" timestamp="2025-09-25T20:17:30Z" user="muralito" uid="755114">
  <member type="way" ref="1433125524" role="outer"/>
  <member type="way" ref="143411640" role="outer"/>
  <tag k="natural" v="wood"/>
  <tag k="type" v="multipolygon"/>
 </relation>
 <relation id="19648915" visible="true" version="1" changeset="172457308" timestamp="2025-09-25T20:17:30Z" user="muralito" uid="755114">
  <member type="way" ref="1433125507" role="outer"/>
  <member type="way" ref="1433125478" role="outer"/>
  <member type="way" ref="143729474" role="outer"/>
  <member type="way" ref="1433125477" role="outer"/>
  <member type="way" ref="1433125481" role="outer"/>
  <member type="way" ref="1433125480" role="outer"/>
  <member type="way" ref="1433125482" role="outer"/>
  <member type="way" ref="1433125516" role="outer"/>
  <member type="way" ref="1433125525" role="outer"/>
  <member type="way" ref="1433125526" role="outer"/>
  <tag k="landuse" v="meadow"/>
  <tag k="type" v="multipolygon"/>
 </relation>
 <relation id="19648916" visible="true" version="1" changeset="172457308" timestamp="2025-09-25T20:17:30Z" user="muralito" uid="755114">
  <member type="way" ref="1433125525" role="outer"/>
  <member type="way" ref="1433125527" role="outer"/>
  <member type="way" ref="1433125529" role="outer"/>
  <member type="way" ref="1433125528" role="outer"/>
  <tag k="natural" v="scrub"/>
  <tag k="type" v="multipolygon"/>
 </relation>
 <relation id="19648917" visible="true" version="1" changeset="172457308" timestamp="2025-09-25T20:17:30Z" user="muralito" uid="755114">
  <member type="way" ref="1433125502" role="outer"/>
  <member type="way" ref="1433125526" role="outer"/>
  <member type="way" ref="1433125527" role="outer"/>
  <member type="way" ref="1433125530" role="outer"/>
  <member type="way" ref="1433125531" role="outer"/>
  <member type="way" ref="143413949" role="outer"/>
  <tag k="natural" v="wood"/>
  <tag k="type" v="multipolygon"/>
 </relation>
 <relation id="19648918" visible="true" version="1" changeset="172457308" timestamp="2025-09-25T20:17:30Z" user="muralito" uid="755114">
  <member type="way" ref="1433125503" role="outer"/>
  <member type="way" ref="271491282" role="outer"/>
  <member type="way" ref="1433125532" role="outer"/>
  <member type="way" ref="1433125531" role="outer"/>
  <tag k="natural" v="wetland"/>
  <tag k="type" v="multipolygon"/>
 </relation>
 <relation id="19648919" visible="true" version="1" changeset="172457308" timestamp="2025-09-25T20:17:30Z" user="muralito" uid="755114">
  <member type="way" ref="1433125533" role="outer"/>
  <member type="way" ref="1433125504" role="outer"/>
  <member type="way" ref="1433125505" role="outer"/>
  <member type="way" ref="1433125534" role="outer"/>
  <tag k="natural" v="wetland"/>
  <tag k="type" v="multipolygon"/>
 </relation>
 <relation id="19648920" visible="true" version="1" changeset="172457308" timestamp="2025-09-25T20:17:30Z" user="muralito" uid="755114">
  <member type="way" ref="1433125534" role="outer"/>
  <member type="way" ref="1433125535" role="outer"/>
  <member type="way" ref="1433125499" role="outer"/>
  <member type="way" ref="1433125500" role="outer"/>
  <member type="way" ref="1433125508" role="outer"/>
  <member type="way" ref="271241250" role="outer"/>
  <member type="way" ref="271491283" role="outer"/>
  <member type="way" ref="1433125488" role="outer"/>
  <member type="way" ref="1433125485" role="outer"/>
  <member type="way" ref="143378024" role="outer"/>
  <member type="way" ref="271491286" role="outer"/>
  <member type="way" ref="1433125513" role="outer"/>
  <member type="way" ref="1433125514" role="outer"/>
  <member type="way" ref="1433125536" role="outer"/>
  <tag k="landuse" v="recreation_ground"/>
  <tag k="name" v="Club Náutico San Isidro"/>
  <tag k="type" v="multipolygon"/>
 </relation>
 <relation id="19648922" visible="true" version="1" changeset="172457308" timestamp="2025-09-25T20:17:30Z" user="muralito" uid="755114">
  <member type="way" ref="1433125537" role="outer"/>
  <member type="way" ref="1433125523" role="outer"/>
  <member type="way" ref="143411640" role="outer"/>
  <member type="way" ref="143486262" role="outer"/>
  <member type="way" ref="143730715" role="outer"/>
  <member type="way" ref="1433125519" role="outer"/>
  <member type="way" ref="1433125517" role="outer"/>
  <member type="way" ref="1433125521" role="outer"/>
  <member type="way" ref="1433125518" role="outer"/>
  <tag k="natural" v="scrub"/>
  <tag k="type" v="multipolygon"/>
 </relation>
 <relation id="19648923" visible="true" version="1" changeset="172457308" timestamp="2025-09-25T20:17:30Z" user="muralito" uid="755114">
  <member type="way" ref="270465095" role="outer"/>
  <member type="way" ref="1433125539" role="outer"/>
  <member type="way" ref="1433125541" role="outer"/>
  <member type="way" ref="1433125537" role="outer"/>
  <member type="way" ref="1433125538" role="outer"/>
  <tag k="natural" v="wetland"/>
  <tag k="type" v="multipolygon"/>
 </relation>
</osm>
