<?xml version="1.0" encoding="UTF-8"?>
<osm version="0.6" generator="openstreetmap-cgimap 2.1.0 (244698 spike-07.openstreetmap.org)" copyright="OpenStreetMap and contributors" attribution="http://www.openstreetmap.org/copyright" license="http://opendatacommons.org/licenses/odbl/1-0/">
 <bounds minlat="-34.4750000" minlon="-58.4875000" maxlat="-34.4625000" maxlon="-58.4750000"/>
 <node id="94288468" visible="true" version="10" changeset="10654922" timestamp="2012-02-11T17:09:21Z" user="estela" uid="89271" lat="-34.4731139" lon="-58.4875754"/>
 <node id="94291992" visible="true" version="10" changeset="10654626" timestamp="2012-02-11T16:38:40Z" user="estela" uid="89271" lat="-34.4749648" lon="-58.4858663"/>
 <node id="94296335" visible="true" version="10" changeset="26677354" timestamp="2014-11-09T23:14:29Z" user="MSF-Fieldco" uid="1617763" lat="-34.4897681" lon="-58.4795625"/>
 <node id="94298188" visible="true" version="10" changeset="10654922" timestamp="2012-02-11T17:09:22Z" user="estela" uid="89271" lat="-34.4711765" lon="-58.4900097"/>
 <node id="94300570" visible="true" version="10" changeset="10654922" timestamp="2012-02-11T17:09:22Z" user="estela" uid="89271" lat="-34.4732676" lon="-58.4876258"/>
 <node id="94303167" visible="true" version="10" changeset="10654626" timestamp="2012-02-11T16:38:41Z" user="estela" uid="89271" lat="-34.4754092" lon="-58.4855043"/>
 <node id="94311395" visible="true" version="10" changeset="10654922" timestamp="2012-02-11T17:09:22Z" user="estela" uid="89271" lat="-34.4720604" lon="-58.4896941"/>
 <node id="94314547" visible="true" version="9" changeset="10654922" timestamp="2012-02-11T17:09:22Z" user="estela" uid="89271" lat="-34.4734070" lon="-58.4872601"/>
 <node id="94322060" visible="true" version="9" changeset="1606518" timestamp="2009-06-23T21:57:39Z" user="zorko" uid="22005" lat="-34.4711739" lon="-58.4920157"/>
 <node id="94326164" visible="true" version="10" changeset="10654922" timestamp="2012-02-11T17:09:22Z" user="estela" uid="89271" lat="-34.4727424" lon="-58.4894059"/>
 <node id="94329811" visible="true" version="10" changeset="10654626" timestamp="2012-02-11T16:38:41Z" user="estela" uid="89271" lat="-34.4748246" lon="-58.4863864"/>
 <node id="94342883" visible="true" version="10" changeset="10654922" timestamp="2012-02-11T17:09:22Z" user="estela" uid="89271" lat="-34.4708417" lon="-58.4904477"/>
 <node id="423984155" visible="true" version="1" changeset="1555496" timestamp="2009-06-18T16:30:39Z" user="zorko" uid="22005" lat="-34.4653958" lon="-58.4933321"/>
 <node id="428635696" visible="true" version="2" changeset="10654922" timestamp="2012-02-11T17:09:21Z" user="estela" uid="89271" lat="-34.4724651" lon="-58.4890619"/>
 <node id="428635697" visible="true" version="2" changeset="10654922" timestamp="2012-02-11T17:09:21Z" user="estela" uid="89271" lat="-34.4722623" lon="-58.4881669"/>
 <node id="428635698" visible="true" version="2" changeset="10654922" timestamp="2012-02-11T17:09:21Z" user="estela" uid="89271" lat="-34.4742875" lon="-58.4866800"/>
 <node id="428635700" visible="true" version="2" changeset="10654922" timestamp="2012-02-11T17:09:21Z" user="estela" uid="89271" lat="-34.4726289" lon="-58.4893138"/>
 <node id="428635701" visible="true" version="2" changeset="10654922" timestamp="2012-02-11T17:09:21Z" user="estela" uid="89271" lat="-34.4725293" lon="-58.4896552"/>
 <node id="428635702" visible="true" version="1" changeset="1606518" timestamp="2009-06-23T21:57:33Z" user="zorko" uid="22005" lat="-34.4722865" lon="-58.4894919"/>
 <node id="428635706" visible="true" version="2" changeset="10654922" timestamp="2012-02-11T17:09:21Z" user="estela" uid="89271" lat="-34.4721239" lon="-58.4902104"/>
 <node id="428635708" visible="true" version="2" changeset="10654922" timestamp="2012-02-11T17:09:21Z" user="estela" uid="89271" lat="-34.4720856" lon="-58.4902143"/>
 <node id="428635709" visible="true" version="2" changeset="10654922" timestamp="2012-02-11T17:09:21Z" user="estela" uid="89271" lat="-34.4722382" lon="-58.4903901"/>
 <node id="428635710" visible="true" version="1" changeset="1606518" timestamp="2009-06-23T21:57:34Z" user="zorko" uid="22005" lat="-34.4708903" lon="-58.4912341"/>
 <node id="428635711" visible="true" version="1" changeset="1606518" timestamp="2009-06-23T21:57:34Z" user="zorko" uid="22005" lat="-34.4709551" lon="-58.4910199"/>
 <node id="428635712" visible="true" version="1" changeset="1606518" timestamp="2009-06-23T21:57:34Z" user="zorko" uid="22005" lat="-34.4707667" lon="-58.4908272"/>
 <node id="428635714" visible="true" version="2" changeset="77653941" timestamp="2019-11-27T21:42:05Z" user="Hernan" uid="72347" lat="-34.4708692" lon="-58.4912835"/>
 <node id="428635715" visible="true" version="2" changeset="77654413" timestamp="2019-11-27T22:05:59Z" user="Hernan" uid="72347" lat="-34.4708003" lon="-58.4913393"/>
 <node id="428635718" visible="true" version="1" changeset="1606518" timestamp="2009-06-23T21:57:34Z" user="zorko" uid="22005" lat="-34.4719026" lon="-58.4914840"/>
 <node id="428635719" visible="true" version="1" changeset="1606518" timestamp="2009-06-23T21:57:34Z" user="zorko" uid="22005" lat="-34.4708256" lon="-58.4915839"/>
 <node id="428635721" visible="true" version="1" changeset="1606518" timestamp="2009-06-23T21:57:34Z" user="zorko" uid="22005" lat="-34.4714553" lon="-58.4917481"/>
 <node id="1628511800" visible="true" version="1" changeset="10654626" timestamp="2012-02-11T16:38:13Z" user="estela" uid="89271" lat="-34.4744896" lon="-58.4862827"/>
 <node id="1628511801" visible="true" version="1" changeset="10654626" timestamp="2012-02-11T16:38:13Z" user="estela" uid="89271" lat="-34.4745452" lon="-58.4863198"/>
 <node id="1628511802" visible="true" version="1" changeset="10654626" timestamp="2012-02-11T16:38:13Z" user="estela" uid="89271" lat="-34.4745761" lon="-58.4862148"/>
 <node id="1628511803" visible="true" version="1" changeset="10654626" timestamp="2012-02-11T16:38:13Z" user="estela" uid="89271" lat="-34.4746725" lon="-58.4861913"/>
 <node id="1628511804" visible="true" version="1" changeset="10654626" timestamp="2012-02-11T16:38:13Z" user="estela" uid="89271" lat="-34.4747355" lon="-58.4862395"/>
 <node id="1628511813" visible="true" version="1" changeset="10654626" timestamp="2012-02-11T16:38:13Z" user="estela" uid="89271" lat="-34.4747639" lon="-58.4863989"/>
 <node id="1628511816" visible="true" version="1" changeset="10654626" timestamp="2012-02-11T16:38:14Z" user="estela" uid="89271" lat="-34.4747751" lon="-58.4863186"/>
 <node id="1628511819" visible="true" version="1" changeset="10654626" timestamp="2012-02-11T16:38:14Z" user="estela" uid="89271" lat="-34.4748507" lon="-58.4861015"/>
 <node id="1628511821" visible="true" version="1" changeset="10654626" timestamp="2012-02-11T16:38:14Z" user="estela" uid="89271" lat="-34.4748540" lon="-58.4861761"/>
 <node id="1628511824" visible="true" version="1" changeset="10654626" timestamp="2012-02-11T16:38:14Z" user="estela" uid="89271" lat="-34.4748541" lon="-58.4863606"/>
 <node id="1628511827" visible="true" version="1" changeset="10654626" timestamp="2012-02-11T16:38:14Z" user="estela" uid="89271" lat="-34.4748702" lon="-58.4862735"/>
 <node id="1628511829" visible="true" version="1" changeset="10654626" timestamp="2012-02-11T16:38:14Z" user="estela" uid="89271" lat="-34.4748799" lon="-58.4859572"/>
 <node id="1628511831" visible="true" version="1" changeset="10654626" timestamp="2012-02-11T16:38:14Z" user="estela" uid="89271" lat="-34.4748815" lon="-58.4861794"/>
 <node id="1628511832" visible="true" version="1" changeset="10654626" timestamp="2012-02-11T16:38:14Z" user="estela" uid="89271" lat="-34.4748900" lon="-58.4861055"/>
 <node id="1628511836" visible="true" version="1" changeset="10654626" timestamp="2012-02-11T16:38:14Z" user="estela" uid="89271" lat="-34.4749015" lon="-58.4861308"/>
 <node id="1628511838" visible="true" version="1" changeset="10654626" timestamp="2012-02-11T16:38:14Z" user="estela" uid="89271" lat="-34.4749026" lon="-58.4862475"/>
 <node id="1628511839" visible="true" version="1" changeset="10654626" timestamp="2012-02-11T16:38:14Z" user="estela" uid="89271" lat="-34.4749059" lon="-58.4861461"/>
 <node id="1628511842" visible="true" version="1" changeset="10654626" timestamp="2012-02-11T16:38:14Z" user="estela" uid="89271" lat="-34.4749084" lon="-58.4859977"/>
 <node id="1628511845" visible="true" version="1" changeset="10654626" timestamp="2012-02-11T16:38:14Z" user="estela" uid="89271" lat="-34.4749153" lon="-58.4860493"/>
 <node id="1628511848" visible="true" version="1" changeset="10654626" timestamp="2012-02-11T16:38:14Z" user="estela" uid="89271" lat="-34.4749187" lon="-58.4859564"/>
 <node id="1628511850" visible="true" version="1" changeset="10654626" timestamp="2012-02-11T16:38:14Z" user="estela" uid="89271" lat="-34.4749391" lon="-58.4861664"/>
 <node id="1628511853" visible="true" version="1" changeset="10654626" timestamp="2012-02-11T16:38:14Z" user="estela" uid="89271" lat="-34.4749618" lon="-58.4861705"/>
 <node id="1628511855" visible="true" version="1" changeset="10654626" timestamp="2012-02-11T16:38:14Z" user="estela" uid="89271" lat="-34.4749994" lon="-58.4861265"/>
 <node id="1628511862" visible="true" version="1" changeset="10654626" timestamp="2012-02-11T16:38:15Z" user="estela" uid="89271" lat="-34.4750180" lon="-58.4861574"/>
 <node id="1628511864" visible="true" version="1" changeset="10654626" timestamp="2012-02-11T16:38:15Z" user="estela" uid="89271" lat="-34.4750229" lon="-58.4860734"/>
 <node id="1628511867" visible="true" version="1" changeset="10654626" timestamp="2012-02-11T16:38:15Z" user="estela" uid="89271" lat="-34.4750502" lon="-58.4857901"/>
 <node id="1628511869" visible="true" version="1" changeset="10654626" timestamp="2012-02-11T16:38:15Z" user="estela" uid="89271" lat="-34.4750785" lon="-58.4860091"/>
 <node id="1628511870" visible="true" version="1" changeset="10654626" timestamp="2012-02-11T16:38:15Z" user="estela" uid="89271" lat="-34.4751008" lon="-58.4859078"/>
 <node id="1628511872" visible="true" version="1" changeset="10654626" timestamp="2012-02-11T16:38:15Z" user="estela" uid="89271" lat="-34.4751346" lon="-58.4856668"/>
 <node id="1628511874" visible="true" version="1" changeset="10654626" timestamp="2012-02-11T16:38:15Z" user="estela" uid="89271" lat="-34.4751403" lon="-58.4858225"/>
 <node id="1628511876" visible="true" version="1" changeset="10654626" timestamp="2012-02-11T16:38:15Z" user="estela" uid="89271" lat="-34.4751562" lon="-58.4855813"/>
 <node id="1628511879" visible="true" version="1" changeset="10654626" timestamp="2012-02-11T16:38:15Z" user="estela" uid="89271" lat="-34.4751733" lon="-58.4856032"/>
 <node id="1628511889" visible="true" version="1" changeset="10654626" timestamp="2012-02-11T16:38:15Z" user="estela" uid="89271" lat="-34.4751959" lon="-58.4857089"/>
 <node id="1628511890" visible="true" version="1" changeset="10654626" timestamp="2012-02-11T16:38:15Z" user="estela" uid="89271" lat="-34.4752008" lon="-58.4855745"/>
 <node id="1628511892" visible="true" version="1" changeset="10654626" timestamp="2012-02-11T16:38:15Z" user="estela" uid="89271" lat="-34.4752146" lon="-58.4854644"/>
 <node id="1628511894" visible="true" version="1" changeset="10654626" timestamp="2012-02-11T16:38:15Z" user="estela" uid="89271" lat="-34.4752293" lon="-58.4856384"/>
 <node id="1628511896" visible="true" version="1" changeset="10654626" timestamp="2012-02-11T16:38:16Z" user="estela" uid="89271" lat="-34.4752329" lon="-58.4855309"/>
 <node id="1628511898" visible="true" version="1" changeset="10654626" timestamp="2012-02-11T16:38:16Z" user="estela" uid="89271" lat="-34.4752479" lon="-58.4853933"/>
 <node id="1628511900" visible="true" version="1" changeset="10654626" timestamp="2012-02-11T16:38:16Z" user="estela" uid="89271" lat="-34.4752823" lon="-58.4855022"/>
 <node id="1628511901" visible="true" version="1" changeset="10654626" timestamp="2012-02-11T16:38:16Z" user="estela" uid="89271" lat="-34.4752836" lon="-58.4855766"/>
 <node id="1628511903" visible="true" version="1" changeset="10654626" timestamp="2012-02-11T16:38:16Z" user="estela" uid="89271" lat="-34.4752926" lon="-58.4853830"/>
 <node id="1628511917" visible="true" version="1" changeset="10654626" timestamp="2012-02-11T16:38:16Z" user="estela" uid="89271" lat="-34.4753316" lon="-58.4853726"/>
 <node id="1628511919" visible="true" version="1" changeset="10654626" timestamp="2012-02-11T16:38:16Z" user="estela" uid="89271" lat="-34.4753327" lon="-58.4855022"/>
 <node id="1628511921" visible="true" version="1" changeset="10654626" timestamp="2012-02-11T16:38:16Z" user="estela" uid="89271" lat="-34.4753430" lon="-58.4855692"/>
 <node id="1628511923" visible="true" version="1" changeset="10654626" timestamp="2012-02-11T16:38:16Z" user="estela" uid="89271" lat="-34.4753694" lon="-58.4854071"/>
 <node id="1628511925" visible="true" version="1" changeset="10654626" timestamp="2012-02-11T16:38:16Z" user="estela" uid="89271" lat="-34.4753813" lon="-58.4855927"/>
 <node id="1628511927" visible="true" version="1" changeset="10654626" timestamp="2012-02-11T16:38:16Z" user="estela" uid="89271" lat="-34.4753818" lon="-58.4855034"/>
 <node id="1628511929" visible="true" version="1" changeset="10654626" timestamp="2012-02-11T16:38:16Z" user="estela" uid="89271" lat="-34.4753832" lon="-58.4854667"/>
 <node id="1628511931" visible="true" version="1" changeset="10654626" timestamp="2012-02-11T16:38:16Z" user="estela" uid="89271" lat="-34.4754307" lon="-58.4856409"/>
 <node id="1628511939" visible="true" version="1" changeset="10654626" timestamp="2012-02-11T16:38:16Z" user="estela" uid="89271" lat="-34.4754719" lon="-58.4854771"/>
 <node id="1628511949" visible="true" version="1" changeset="10654626" timestamp="2012-02-11T16:38:17Z" user="estela" uid="89271" lat="-34.4755196" lon="-58.4856273"/>
 <node id="1628511952" visible="true" version="1" changeset="10654626" timestamp="2012-02-11T16:38:17Z" user="estela" uid="89271" lat="-34.4755289" lon="-58.4854013"/>
 <node id="1628511956" visible="true" version="1" changeset="10654626" timestamp="2012-02-11T16:38:17Z" user="estela" uid="89271" lat="-34.4755656" lon="-58.4853382"/>
 <node id="1628511966" visible="true" version="1" changeset="10654626" timestamp="2012-02-11T16:38:17Z" user="estela" uid="89271" lat="-34.4755740" lon="-58.4854333"/>
 <node id="1628511968" visible="true" version="1" changeset="10654626" timestamp="2012-02-11T16:38:17Z" user="estela" uid="89271" lat="-34.4755814" lon="-58.4855618"/>
 <node id="1628511970" visible="true" version="1" changeset="10654626" timestamp="2012-02-11T16:38:17Z" user="estela" uid="89271" lat="-34.4755938" lon="-58.4854951"/>
 <node id="1628511972" visible="true" version="1" changeset="10654626" timestamp="2012-02-11T16:38:18Z" user="estela" uid="89271" lat="-34.4756011" lon="-58.4852752"/>
 <node id="1628511976" visible="true" version="1" changeset="10654626" timestamp="2012-02-11T16:38:18Z" user="estela" uid="89271" lat="-34.4756185" lon="-58.4854111"/>
 <node id="1628511981" visible="true" version="1" changeset="10654626" timestamp="2012-02-11T16:38:18Z" user="estela" uid="89271" lat="-34.4756355" lon="-58.4852270"/>
 <node id="1628511984" visible="true" version="1" changeset="10654626" timestamp="2012-02-11T16:38:18Z" user="estela" uid="89271" lat="-34.4756420" lon="-58.4854185"/>
 <node id="1628511992" visible="true" version="1" changeset="10654626" timestamp="2012-02-11T16:38:18Z" user="estela" uid="89271" lat="-34.4756729" lon="-58.4853456"/>
 <node id="1628511993" visible="true" version="1" changeset="10654626" timestamp="2012-02-11T16:38:18Z" user="estela" uid="89271" lat="-34.4756883" lon="-58.4851765"/>
 <node id="1628511997" visible="true" version="1" changeset="10654626" timestamp="2012-02-11T16:38:18Z" user="estela" uid="89271" lat="-34.4757456" lon="-58.4851238"/>
 <node id="1628511999" visible="true" version="1" changeset="10654626" timestamp="2012-02-11T16:38:18Z" user="estela" uid="89271" lat="-34.4757495" lon="-58.4852850"/>
 <node id="1628512005" visible="true" version="1" changeset="10654626" timestamp="2012-02-11T16:38:18Z" user="estela" uid="89271" lat="-34.4758007" lon="-58.4850882"/>
 <node id="1628512012" visible="true" version="1" changeset="10654626" timestamp="2012-02-11T16:38:19Z" user="estela" uid="89271" lat="-34.4758649" lon="-58.4850160"/>
 <node id="1628512013" visible="true" version="1" changeset="10654626" timestamp="2012-02-11T16:38:19Z" user="estela" uid="89271" lat="-34.4758718" lon="-58.4849907"/>
 <node id="1628512014" visible="true" version="1" changeset="10654626" timestamp="2012-02-11T16:38:19Z" user="estela" uid="89271" lat="-34.4758936" lon="-58.4851868"/>
 <node id="1628512017" visible="true" version="1" changeset="10654626" timestamp="2012-02-11T16:38:19Z" user="estela" uid="89271" lat="-34.4759440" lon="-58.4849563"/>
 <node id="1628512030" visible="true" version="1" changeset="10654626" timestamp="2012-02-11T16:38:19Z" user="estela" uid="89271" lat="-34.4760129" lon="-58.4849391"/>
 <node id="1628512033" visible="true" version="1" changeset="10654626" timestamp="2012-02-11T16:38:19Z" user="estela" uid="89271" lat="-34.4760346" lon="-58.4850687"/>
 <node id="1628512039" visible="true" version="1" changeset="10654626" timestamp="2012-02-11T16:38:19Z" user="estela" uid="89271" lat="-34.4760656" lon="-58.4849483"/>
 <node id="1628512041" visible="true" version="1" changeset="10654626" timestamp="2012-02-11T16:38:19Z" user="estela" uid="89271" lat="-34.4761080" lon="-58.4850205"/>
 <node id="1628547334" visible="true" version="1" changeset="10654922" timestamp="2012-02-11T17:08:46Z" user="estela" uid="89271" lat="-34.4707140" lon="-58.4907358"/>
 <node id="1628547335" visible="true" version="1" changeset="10654922" timestamp="2012-02-11T17:08:46Z" user="estela" uid="89271" lat="-34.4707468" lon="-58.4906100"/>
 <node id="1628547336" visible="true" version="1" changeset="10654922" timestamp="2012-02-11T17:08:46Z" user="estela" uid="89271" lat="-34.4707486" lon="-58.4902857"/>
 <node id="1628547337" visible="true" version="1" changeset="10654922" timestamp="2012-02-11T17:08:47Z" user="estela" uid="89271" lat="-34.4707741" lon="-58.4901618"/>
 <node id="1628547338" visible="true" version="1" changeset="10654922" timestamp="2012-02-11T17:08:47Z" user="estela" uid="89271" lat="-34.4708087" lon="-58.4903859"/>
 <node id="1628547339" visible="true" version="1" changeset="10654922" timestamp="2012-02-11T17:08:47Z" user="estela" uid="89271" lat="-34.4708306" lon="-58.4901745"/>
 <node id="1628547340" visible="true" version="1" changeset="10654922" timestamp="2012-02-11T17:08:47Z" user="estela" uid="89271" lat="-34.4708415" lon="-58.4900798"/>
 <node id="1628547341" visible="true" version="1" changeset="10654922" timestamp="2012-02-11T17:08:47Z" user="estela" uid="89271" lat="-34.4708561" lon="-58.4902602"/>
 <node id="1628547342" visible="true" version="1" changeset="10654922" timestamp="2012-02-11T17:08:47Z" user="estela" uid="89271" lat="-34.4709162" lon="-58.4901108"/>
 <node id="1628547343" visible="true" version="1" changeset="10654922" timestamp="2012-02-11T17:08:47Z" user="estela" uid="89271" lat="-34.4710456" lon="-58.4899741"/>
 <node id="1628547344" visible="true" version="1" changeset="10654922" timestamp="2012-02-11T17:08:47Z" user="estela" uid="89271" lat="-34.4713608" lon="-58.4900543"/>
 <node id="1628547345" visible="true" version="1" changeset="10654922" timestamp="2012-02-11T17:08:47Z" user="estela" uid="89271" lat="-34.4714738" lon="-58.4901399"/>
 <node id="1628547346" visible="true" version="1" changeset="10654922" timestamp="2012-02-11T17:08:47Z" user="estela" uid="89271" lat="-34.4716615" lon="-58.4902237"/>
 <node id="1628547347" visible="true" version="1" changeset="10654922" timestamp="2012-02-11T17:08:47Z" user="estela" uid="89271" lat="-34.4716633" lon="-58.4897919"/>
 <node id="1628547348" visible="true" version="1" changeset="10654922" timestamp="2012-02-11T17:08:48Z" user="estela" uid="89271" lat="-34.4716742" lon="-58.4893272"/>
 <node id="1628547349" visible="true" version="1" changeset="10654922" timestamp="2012-02-11T17:08:48Z" user="estela" uid="89271" lat="-34.4716797" lon="-58.4896989"/>
 <node id="1628547350" visible="true" version="1" changeset="10654922" timestamp="2012-02-11T17:08:48Z" user="estela" uid="89271" lat="-34.4716998" lon="-58.4892452"/>
 <node id="1628547351" visible="true" version="1" changeset="10654922" timestamp="2012-02-11T17:08:48Z" user="estela" uid="89271" lat="-34.4717362" lon="-58.4894803"/>
 <node id="1628547352" visible="true" version="1" changeset="10654922" timestamp="2012-02-11T17:08:48Z" user="estela" uid="89271" lat="-34.4717763" lon="-58.4902875"/>
 <node id="1628547353" visible="true" version="1" changeset="10654922" timestamp="2012-02-11T17:08:48Z" user="estela" uid="89271" lat="-34.4717890" lon="-58.4892270"/>
 <node id="1628547354" visible="true" version="1" changeset="10654922" timestamp="2012-02-11T17:08:48Z" user="estela" uid="89271" lat="-34.4718054" lon="-58.4897627"/>
 <node id="1628547355" visible="true" version="1" changeset="10654922" timestamp="2012-02-11T17:08:48Z" user="estela" uid="89271" lat="-34.4718127" lon="-58.4899686"/>
 <node id="1628547356" visible="true" version="1" changeset="10654922" timestamp="2012-02-11T17:08:48Z" user="estela" uid="89271" lat="-34.4718182" lon="-58.4902638"/>
 <node id="1628547357" visible="true" version="1" changeset="10654922" timestamp="2012-02-11T17:08:48Z" user="estela" uid="89271" lat="-34.4718710" lon="-58.4893254"/>
 <node id="1628547358" visible="true" version="1" changeset="10654922" timestamp="2012-02-11T17:08:48Z" user="estela" uid="89271" lat="-34.4719075" lon="-58.4892762"/>
 <node id="1628547359" visible="true" version="1" changeset="10654922" timestamp="2012-02-11T17:08:48Z" user="estela" uid="89271" lat="-34.4719166" lon="-58.4896024"/>
 <node id="1628547360" visible="true" version="1" changeset="10654922" timestamp="2012-02-11T17:08:48Z" user="estela" uid="89271" lat="-34.4719184" lon="-58.4900816"/>
 <node id="1628547361" visible="true" version="1" changeset="10654922" timestamp="2012-02-11T17:08:48Z" user="estela" uid="89271" lat="-34.4719239" lon="-58.4903349"/>
 <node id="1628547362" visible="true" version="1" changeset="10654922" timestamp="2012-02-11T17:08:48Z" user="estela" uid="89271" lat="-34.4719476" lon="-58.4898557"/>
 <node id="1628547363" visible="true" version="1" changeset="10654922" timestamp="2012-02-11T17:08:48Z" user="estela" uid="89271" lat="-34.4719621" lon="-58.4893126"/>
 <node id="1628547364" visible="true" version="1" changeset="10654922" timestamp="2012-02-11T17:08:48Z" user="estela" uid="89271" lat="-34.4719895" lon="-58.4898156"/>
 <node id="1628547365" visible="true" version="1" changeset="10654922" timestamp="2012-02-11T17:08:48Z" user="estela" uid="89271" lat="-34.4720223" lon="-58.4893290"/>
 <node id="1628547366" visible="true" version="1" changeset="10654922" timestamp="2012-02-11T17:08:49Z" user="estela" uid="89271" lat="-34.4720387" lon="-58.4897718"/>
 <node id="1628547367" visible="true" version="1" changeset="10654922" timestamp="2012-02-11T17:08:49Z" user="estela" uid="89271" lat="-34.4720441" lon="-58.4898429"/>
 <node id="1628547368" visible="true" version="1" changeset="10654922" timestamp="2012-02-11T17:08:49Z" user="estela" uid="89271" lat="-34.4720587" lon="-58.4886192"/>
 <node id="1628547369" visible="true" version="1" changeset="10654922" timestamp="2012-02-11T17:08:49Z" user="estela" uid="89271" lat="-34.4720660" lon="-58.4882839"/>
 <node id="1628547370" visible="true" version="1" changeset="10654922" timestamp="2012-02-11T17:08:49Z" user="estela" uid="89271" lat="-34.4720788" lon="-58.4903750"/>
 <node id="1628547371" visible="true" version="1" changeset="10654922" timestamp="2012-02-11T17:08:49Z" user="estela" uid="89271" lat="-34.4720879" lon="-58.4898374"/>
 <node id="1628547372" visible="true" version="1" changeset="10654922" timestamp="2012-02-11T17:08:49Z" user="estela" uid="89271" lat="-34.4720988" lon="-58.4887941"/>
 <node id="1628547374" visible="true" version="1" changeset="10654922" timestamp="2012-02-11T17:08:49Z" user="estela" uid="89271" lat="-34.4721589" lon="-58.4904643"/>
 <node id="1628547375" visible="true" version="1" changeset="10654922" timestamp="2012-02-11T17:08:49Z" user="estela" uid="89271" lat="-34.4721790" lon="-58.4893946"/>
 <node id="1628547378" visible="true" version="1" changeset="10654922" timestamp="2012-02-11T17:08:49Z" user="estela" uid="89271" lat="-34.4723430" lon="-58.4890055"/>
 <node id="1628547381" visible="true" version="1" changeset="10654922" timestamp="2012-02-11T17:08:50Z" user="estela" uid="89271" lat="-34.4723534" lon="-58.4890103"/>
 <node id="1628547386" visible="true" version="1" changeset="10654922" timestamp="2012-02-11T17:08:50Z" user="estela" uid="89271" lat="-34.4724327" lon="-58.4889348"/>
 <node id="1628547388" visible="true" version="1" changeset="10654922" timestamp="2012-02-11T17:08:50Z" user="estela" uid="89271" lat="-34.4724414" lon="-58.4879595"/>
 <node id="1628547389" visible="true" version="1" changeset="10654922" timestamp="2012-02-11T17:08:50Z" user="estela" uid="89271" lat="-34.4724742" lon="-58.4880579"/>
 <node id="1628547390" visible="true" version="1" changeset="10654922" timestamp="2012-02-11T17:08:50Z" user="estela" uid="89271" lat="-34.4724746" lon="-58.4889876"/>
 <node id="1628547391" visible="true" version="1" changeset="10654922" timestamp="2012-02-11T17:08:50Z" user="estela" uid="89271" lat="-34.4724778" lon="-58.4895969"/>
 <node id="1628547393" visible="true" version="1" changeset="10654922" timestamp="2012-02-11T17:08:50Z" user="estela" uid="89271" lat="-34.4725038" lon="-58.4891881"/>
 <node id="1628547394" visible="true" version="1" changeset="10654922" timestamp="2012-02-11T17:08:50Z" user="estela" uid="89271" lat="-34.4725056" lon="-58.4891389"/>
 <node id="1628547395" visible="true" version="1" changeset="10654922" timestamp="2012-02-11T17:08:50Z" user="estela" uid="89271" lat="-34.4725147" lon="-58.4890751"/>
 <node id="1628547398" visible="true" version="1" changeset="10654922" timestamp="2012-02-11T17:08:51Z" user="estela" uid="89271" lat="-34.4725876" lon="-58.4892355"/>
 <node id="1628547400" visible="true" version="1" changeset="10654922" timestamp="2012-02-11T17:08:51Z" user="estela" uid="89271" lat="-34.4726017" lon="-58.4877227"/>
 <node id="1628547404" visible="true" version="1" changeset="10654922" timestamp="2012-02-11T17:08:51Z" user="estela" uid="89271" lat="-34.4727293" lon="-58.4894967"/>
 <node id="1628547406" visible="true" version="1" changeset="10654922" timestamp="2012-02-11T17:08:51Z" user="estela" uid="89271" lat="-34.4727730" lon="-58.4876716"/>
 <node id="1628547410" visible="true" version="1" changeset="10654922" timestamp="2012-02-11T17:08:52Z" user="estela" uid="89271" lat="-34.4729443" lon="-58.4873837"/>
 <node id="1628547411" visible="true" version="1" changeset="10654922" timestamp="2012-02-11T17:08:52Z" user="estela" uid="89271" lat="-34.4729443" lon="-58.4876097"/>
 <node id="1628547415" visible="true" version="1" changeset="10654922" timestamp="2012-02-11T17:08:52Z" user="estela" uid="89271" lat="-34.4730791" lon="-58.4873509"/>
 <node id="1628547419" visible="true" version="1" changeset="10654922" timestamp="2012-02-11T17:08:52Z" user="estela" uid="89271" lat="-34.4731666" lon="-58.4876826"/>
 <node id="1628547421" visible="true" version="1" changeset="10654922" timestamp="2012-02-11T17:08:52Z" user="estela" uid="89271" lat="-34.4731739" lon="-58.4874238"/>
 <node id="1628547422" visible="true" version="1" changeset="10654922" timestamp="2012-02-11T17:08:53Z" user="estela" uid="89271" lat="-34.4732199" lon="-58.4878871"/>
 <node id="1628547423" visible="true" version="1" changeset="10654922" timestamp="2012-02-11T17:08:53Z" user="estela" uid="89271" lat="-34.4732818" lon="-58.4877048"/>
 <node id="1628547424" visible="true" version="1" changeset="10654922" timestamp="2012-02-11T17:08:53Z" user="estela" uid="89271" lat="-34.4732832" lon="-58.4872125"/>
 <node id="1628547425" visible="true" version="1" changeset="10654922" timestamp="2012-02-11T17:08:53Z" user="estela" uid="89271" lat="-34.4732855" lon="-58.4877941"/>
 <node id="1628547426" visible="true" version="1" changeset="10654922" timestamp="2012-02-11T17:08:53Z" user="estela" uid="89271" lat="-34.4733051" lon="-58.4874238"/>
 <node id="1628547427" visible="true" version="1" changeset="10654922" timestamp="2012-02-11T17:08:53Z" user="estela" uid="89271" lat="-34.4733219" lon="-58.4876739"/>
 <node id="1628547428" visible="true" version="1" changeset="10654922" timestamp="2012-02-11T17:08:53Z" user="estela" uid="89271" lat="-34.4733329" lon="-58.4877650"/>
 <node id="1628547429" visible="true" version="1" changeset="10654922" timestamp="2012-02-11T17:08:53Z" user="estela" uid="89271" lat="-34.4733620" lon="-58.4876119"/>
 <node id="1628547430" visible="true" version="1" changeset="10654922" timestamp="2012-02-11T17:08:53Z" user="estela" uid="89271" lat="-34.4734713" lon="-58.4875190"/>
 <node id="1628547431" visible="true" version="1" changeset="10654922" timestamp="2012-02-11T17:08:53Z" user="estela" uid="89271" lat="-34.4734982" lon="-58.4871833"/>
 <node id="1628547432" visible="true" version="1" changeset="10654922" timestamp="2012-02-11T17:08:53Z" user="estela" uid="89271" lat="-34.4735092" lon="-58.4870849"/>
 <node id="1628547433" visible="true" version="1" changeset="10654922" timestamp="2012-02-11T17:08:53Z" user="estela" uid="89271" lat="-34.4735310" lon="-58.4868881"/>
 <node id="1628547434" visible="true" version="1" changeset="10654922" timestamp="2012-02-11T17:08:53Z" user="estela" uid="89271" lat="-34.4735989" lon="-58.4874370"/>
 <node id="1628547435" visible="true" version="1" changeset="10654922" timestamp="2012-02-11T17:08:53Z" user="estela" uid="89271" lat="-34.4736331" lon="-58.4867861"/>
 <node id="1628547436" visible="true" version="1" changeset="10654922" timestamp="2012-02-11T17:08:53Z" user="estela" uid="89271" lat="-34.4736627" lon="-58.4873368"/>
 <node id="1628547437" visible="true" version="1" changeset="10654922" timestamp="2012-02-11T17:08:53Z" user="estela" uid="89271" lat="-34.4737155" lon="-58.4872183"/>
 <node id="1628547438" visible="true" version="1" changeset="10654922" timestamp="2012-02-11T17:08:53Z" user="estela" uid="89271" lat="-34.4737394" lon="-58.4866454"/>
 <node id="1628547439" visible="true" version="1" changeset="10654922" timestamp="2012-02-11T17:08:54Z" user="estela" uid="89271" lat="-34.4737570" lon="-58.4866221"/>
 <node id="1628547440" visible="true" version="1" changeset="10654922" timestamp="2012-02-11T17:08:54Z" user="estela" uid="89271" lat="-34.4737592" lon="-58.4871163"/>
 <node id="1628547441" visible="true" version="1" changeset="10654922" timestamp="2012-02-11T17:08:54Z" user="estela" uid="89271" lat="-34.4738048" lon="-58.4870762"/>
 <node id="1628547442" visible="true" version="1" changeset="10654922" timestamp="2012-02-11T17:08:54Z" user="estela" uid="89271" lat="-34.4738088" lon="-58.4866797"/>
 <node id="1628547443" visible="true" version="1" changeset="10654922" timestamp="2012-02-11T17:08:54Z" user="estela" uid="89271" lat="-34.4738226" lon="-58.4866950"/>
 <node id="1628547445" visible="true" version="1" changeset="10654922" timestamp="2012-02-11T17:08:54Z" user="estela" uid="89271" lat="-34.4738882" lon="-58.4867460"/>
 <node id="1628547447" visible="true" version="2" changeset="69047637" timestamp="2019-04-09T14:02:16Z" user="leandropennella" uid="290450" lat="-34.4738845" lon="-58.4871543"/>
 <node id="1628547448" visible="true" version="1" changeset="10654922" timestamp="2012-02-11T17:08:54Z" user="estela" uid="89271" lat="-34.4740667" lon="-58.4865200"/>
 <node id="1628547450" visible="true" version="1" changeset="10654922" timestamp="2012-02-11T17:08:54Z" user="estela" uid="89271" lat="-34.4741250" lon="-58.4865310"/>
 <node id="1628547451" visible="true" version="1" changeset="10654922" timestamp="2012-02-11T17:08:55Z" user="estela" uid="89271" lat="-34.4742125" lon="-58.4865237"/>
 <node id="1628547452" visible="true" version="1" changeset="10654922" timestamp="2012-02-11T17:08:55Z" user="estela" uid="89271" lat="-34.4742221" lon="-58.4867755"/>
 <node id="1628547453" visible="true" version="1" changeset="10654922" timestamp="2012-02-11T17:08:55Z" user="estela" uid="89271" lat="-34.4742344" lon="-58.4863998"/>
 <node id="1628547454" visible="true" version="1" changeset="10654922" timestamp="2012-02-11T17:08:55Z" user="estela" uid="89271" lat="-34.4743401" lon="-58.4862576"/>
 <node id="1637560172" visible="true" version="2" changeset="10856277" timestamp="2012-03-03T10:47:37Z" user="estela" uid="89271" lat="-34.4654333" lon="-58.4810833">
  <tag k="seamark:buoy_lateral:category" v="port"/>
  <tag k="seamark:buoy_lateral:colour" v="green"/>
  <tag k="seamark:buoy_lateral:shape" v="spar"/>
  <tag k="seamark:buoy_lateral:system" v="iala-b"/>
  <tag k="seamark:light:character" v="Fl"/>
  <tag k="seamark:light:colour" v="green"/>
  <tag k="seamark:name" v="Costanero 4"/>
  <tag k="seamark:type" v="buoy_lateral"/>
 </node>
 <node id="1637563068" visible="true" version="7" changeset="21945052" timestamp="2014-04-26T00:39:07Z" user="Skippern" uid="31385" lat="-34.4681645" lon="-58.4778760">
  <tag k="seamark:beacon_lateral:category" v="port"/>
  <tag k="seamark:beacon_lateral:colour" v="green"/>
  <tag k="seamark:beacon_lateral:system" v="iala-b"/>
  <tag k="seamark:light:character" v="Fl"/>
  <tag k="seamark:light:colour" v="green"/>
  <tag k="seamark:name" v="Costanero 3"/>
  <tag k="seamark:topmark:colour" v="green"/>
  <tag k="seamark:topmark:shape" v="cylinder"/>
  <tag k="seamark:type" v="beacon_lateral"/>
 </node>
 <node id="2128029328" visible="true" version="1" changeset="14784788" timestamp="2013-01-25T19:22:23Z" user="muralito" uid="755114" lat="-34.1939923" lon="-58.0736308"/>
 <node id="4337970022" visible="true" version="1" changeset="41281389" timestamp="2016-08-06T03:58:51Z" user="pablopareja" uid="211657" lat="-34.4725281" lon="-58.4887939"/>
 <node id="4337970024" visible="true" version="1" changeset="41281389" timestamp="2016-08-06T03:58:51Z" user="pablopareja" uid="211657" lat="-34.4726784" lon="-58.4886572"/>
 <node id="4337970026" visible="true" version="1" changeset="41281389" timestamp="2016-08-06T03:58:51Z" user="pablopareja" uid="211657" lat="-34.4728287" lon="-58.4893674"/>
 <node id="4337970027" visible="true" version="1" changeset="41281389" timestamp="2016-08-06T03:58:51Z" user="pablopareja" uid="211657" lat="-34.4729195" lon="-58.4893408"/>
 <node id="4337970028" visible="true" version="1" changeset="41281389" timestamp="2016-08-06T03:58:51Z" user="pablopareja" uid="211657" lat="-34.4730009" lon="-58.4884370"/>
 <node id="4337970029" visible="true" version="1" changeset="41281389" timestamp="2016-08-06T03:58:51Z" user="pablopareja" uid="211657" lat="-34.4730009" lon="-58.4892800"/>
 <node id="4337970030" visible="true" version="1" changeset="41281389" timestamp="2016-08-06T03:58:51Z" user="pablopareja" uid="211657" lat="-34.4730635" lon="-58.4892648"/>
 <node id="4337970031" visible="true" version="1" changeset="41281389" timestamp="2016-08-06T03:58:51Z" user="pablopareja" uid="211657" lat="-34.4732263" lon="-58.4893750"/>
 <node id="4337970032" visible="true" version="1" changeset="41281389" timestamp="2016-08-06T03:58:51Z" user="pablopareja" uid="211657" lat="-34.4733891" lon="-58.4892534"/>
 <node id="4337970033" visible="true" version="1" changeset="41281389" timestamp="2016-08-06T03:58:51Z" user="pablopareja" uid="211657" lat="-34.4734830" lon="-58.4890864"/>
 <node id="4337970034" visible="true" version="1" changeset="41281389" timestamp="2016-08-06T03:58:51Z" user="pablopareja" uid="211657" lat="-34.4736426" lon="-58.4886193"/>
 <node id="4337970035" visible="true" version="1" changeset="41281389" timestamp="2016-08-06T03:58:51Z" user="pablopareja" uid="211657" lat="-34.4737021" lon="-58.4885205"/>
 <node id="4337970036" visible="true" version="1" changeset="41281389" timestamp="2016-08-06T03:58:51Z" user="pablopareja" uid="211657" lat="-34.4737115" lon="-58.4887256"/>
 <node id="4337970037" visible="true" version="1" changeset="41281389" timestamp="2016-08-06T03:58:51Z" user="pablopareja" uid="211657" lat="-34.4738868" lon="-58.4884028"/>
 <node id="4337970038" visible="true" version="1" changeset="41281389" timestamp="2016-08-06T03:58:51Z" user="pablopareja" uid="211657" lat="-34.4739839" lon="-58.4883648"/>
 <node id="4337970039" visible="true" version="2" changeset="43932766" timestamp="2016-11-24T21:49:58Z" user="pablopareja" uid="211657" lat="-34.4739603" lon="-58.4885728"/>
 <node id="4337970040" visible="true" version="1" changeset="41281389" timestamp="2016-08-06T03:58:51Z" user="pablopareja" uid="211657" lat="-34.4740152" lon="-58.4886420"/>
 <node id="4337970041" visible="true" version="1" changeset="41281389" timestamp="2016-08-06T03:58:51Z" user="pablopareja" uid="211657" lat="-34.4741185" lon="-58.4885433"/>
 <node id="4337970043" visible="true" version="1" changeset="41281389" timestamp="2016-08-06T03:58:51Z" user="pablopareja" uid="211657" lat="-34.4743376" lon="-58.4883345"/>
 <node id="4337970045" visible="true" version="1" changeset="41281389" timestamp="2016-08-06T03:58:51Z" user="pablopareja" uid="211657" lat="-34.4744848" lon="-58.4876243"/>
 <node id="4337970046" visible="true" version="3" changeset="44788417" timestamp="2016-12-30T16:20:39Z" user="JAAS" uid="3321532" lat="-34.4745994" lon="-58.4882109"/>
 <node id="4337970047" visible="true" version="1" changeset="41281389" timestamp="2016-08-06T03:58:51Z" user="pablopareja" uid="211657" lat="-34.4745943" lon="-58.4877459"/>
 <node id="4337970048" visible="true" version="1" changeset="41281389" timestamp="2016-08-06T03:58:51Z" user="pablopareja" uid="211657" lat="-34.4747947" lon="-58.4878750"/>
 <node id="4337970049" visible="true" version="2" changeset="43932766" timestamp="2016-11-24T21:49:58Z" user="pablopareja" uid="211657" lat="-34.4748717" lon="-58.4879598"/>
 <node id="4337970050" visible="true" version="1" changeset="41281389" timestamp="2016-08-06T03:58:51Z" user="pablopareja" uid="211657" lat="-34.4754635" lon="-58.4856359"/>
 <node id="4337970051" visible="true" version="2" changeset="50887282" timestamp="2017-08-06T14:57:39Z" user="juanperez79" uid="6218510" lat="-34.4758888" lon="-58.4862695"/>
 <node id="4519649752" visible="true" version="2" changeset="44788417" timestamp="2016-12-30T16:20:39Z" user="JAAS" uid="3321532" lat="-34.4746636" lon="-58.4883286"/>
 <node id="4519649753" visible="true" version="1" changeset="43932766" timestamp="2016-11-24T21:49:57Z" user="pablopareja" uid="211657" lat="-34.4740256" lon="-58.4884188"/>
 <node id="4581535081" visible="true" version="5" changeset="161661028" timestamp="2025-01-23T06:02:27Z" user="LakePoyang" uid="18237328" lat="-34.4756007" lon="-58.4863879">
  <tag k="addr:city" v="Martínez"/>
  <tag k="addr:housenumber" v="1301"/>
  <tag k="addr:street" v="Sebastián Elcano"/>
  <tag k="barrier" v="gate"/>
  <tag k="entrance" v="yes"/>
 </node>
 <node id="5018197012" visible="true" version="1" changeset="50887282" timestamp="2017-08-06T14:57:37Z" user="juanperez79" uid="6218510" lat="-34.4757616" lon="-58.4863469"/>
 <node id="5018197013" visible="true" version="1" changeset="50887282" timestamp="2017-08-06T14:57:37Z" user="juanperez79" uid="6218510" lat="-34.4756382" lon="-58.4863628"/>
 <node id="5018197014" visible="true" version="1" changeset="50887282" timestamp="2017-08-06T14:57:37Z" user="juanperez79" uid="6218510" lat="-34.4752645" lon="-58.4869529"/>
 <node id="5018197015" visible="true" version="1" changeset="50887282" timestamp="2017-08-06T14:57:37Z" user="juanperez79" uid="6218510" lat="-34.4752380" lon="-58.4870253"/>
 <node id="5018197016" visible="true" version="1" changeset="50887282" timestamp="2017-08-06T14:57:37Z" user="juanperez79" uid="6218510" lat="-34.4752203" lon="-58.4873606"/>
 <node id="5018197017" visible="true" version="1" changeset="50887282" timestamp="2017-08-06T14:57:37Z" user="juanperez79" uid="6218510" lat="-34.4752048" lon="-58.4873927"/>
 <node id="5018197018" visible="true" version="1" changeset="50887282" timestamp="2017-08-06T14:57:37Z" user="juanperez79" uid="6218510" lat="-34.4751694" lon="-58.4874571"/>
 <node id="5018197019" visible="true" version="1" changeset="50887282" timestamp="2017-08-06T14:57:37Z" user="juanperez79" uid="6218510" lat="-34.4744243" lon="-58.4867034"/>
 <node id="5018197020" visible="true" version="1" changeset="50887282" timestamp="2017-08-06T14:57:37Z" user="juanperez79" uid="6218510" lat="-34.4744420" lon="-58.4866686"/>
 <node id="5018197821" visible="true" version="1" changeset="50887282" timestamp="2017-08-06T14:57:37Z" user="juanperez79" uid="6218510" lat="-34.4745061" lon="-58.4866417"/>
 <node id="5018197822" visible="true" version="1" changeset="50887282" timestamp="2017-08-06T14:57:37Z" user="juanperez79" uid="6218510" lat="-34.4746056" lon="-58.4865720"/>
 <node id="5018197823" visible="true" version="1" changeset="50887282" timestamp="2017-08-06T14:57:37Z" user="juanperez79" uid="6218510" lat="-34.4747161" lon="-58.4865076"/>
 <node id="5018197824" visible="true" version="1" changeset="50887282" timestamp="2017-08-06T14:57:37Z" user="juanperez79" uid="6218510" lat="-34.4748046" lon="-58.4864996"/>
 <node id="5018197825" visible="true" version="1" changeset="50887282" timestamp="2017-08-06T14:57:37Z" user="juanperez79" uid="6218510" lat="-34.4748952" lon="-58.4864727"/>
 <node id="5018197826" visible="true" version="1" changeset="50887282" timestamp="2017-08-06T14:57:37Z" user="juanperez79" uid="6218510" lat="-34.4749196" lon="-58.4863601"/>
 <node id="5018197827" visible="true" version="1" changeset="50887282" timestamp="2017-08-06T14:57:37Z" user="juanperez79" uid="6218510" lat="-34.4749196" lon="-58.4862877"/>
 <node id="5018197828" visible="true" version="1" changeset="50887282" timestamp="2017-08-06T14:57:37Z" user="juanperez79" uid="6218510" lat="-34.4749594" lon="-58.4862287"/>
 <node id="6393913219" visible="true" version="1" changeset="69047637" timestamp="2019-04-09T14:02:15Z" user="leandropennella" uid="290450" lat="-34.4747602" lon="-58.4877644"/>
 <node id="6393913220" visible="true" version="1" changeset="69047637" timestamp="2019-04-09T14:02:16Z" user="leandropennella" uid="290450" lat="-34.4749546" lon="-58.4874352"/>
 <node id="6393913221" visible="true" version="1" changeset="69047637" timestamp="2019-04-09T14:02:16Z" user="leandropennella" uid="290450" lat="-34.4750567" lon="-58.4875402"/>
 <node id="6393913222" visible="true" version="1" changeset="69047637" timestamp="2019-04-09T14:02:16Z" user="leandropennella" uid="290450" lat="-34.4748699" lon="-58.4878601"/>
 <node id="6849074747" visible="true" version="1" changeset="75258669" timestamp="2019-10-04T03:41:06Z" user="Degorap" uid="10244496" lat="-34.4744833" lon="-58.4869623">
  <tag k="natural" v="tree"/>
 </node>
 <node id="6849074748" visible="true" version="1" changeset="75258669" timestamp="2019-10-04T03:41:06Z" user="Degorap" uid="10244496" lat="-34.4744037" lon="-58.4870374">
  <tag k="natural" v="tree"/>
 </node>
 <node id="7015576997" visible="true" version="2" changeset="77654413" timestamp="2019-11-27T22:05:59Z" user="Hernan" uid="72347" lat="-34.4666999" lon="-58.4857220"/>
 <node id="7015576998" visible="true" version="1" changeset="77653941" timestamp="2019-11-27T21:42:05Z" user="Hernan" uid="72347" lat="-34.4711124" lon="-58.4915140"/>
 <node id="7015576999" visible="true" version="1" changeset="77653941" timestamp="2019-11-27T21:42:05Z" user="Hernan" uid="72347" lat="-34.4711920" lon="-58.4915663"/>
 <node id="7015577000" visible="true" version="1" changeset="77653941" timestamp="2019-11-27T21:42:05Z" user="Hernan" uid="72347" lat="-34.4713855" lon="-58.4914845"/>
 <node id="7015577001" visible="true" version="2" changeset="77654413" timestamp="2019-11-27T22:05:59Z" user="Hernan" uid="72347" lat="-34.4623152" lon="-58.4888891"/>
 <node id="7015631157" visible="true" version="1" changeset="77654413" timestamp="2019-11-27T22:05:59Z" user="Hernan" uid="72347" lat="-34.4701870" lon="-58.4913638"/>
 <node id="7015637610" visible="true" version="1" changeset="77654413" timestamp="2019-11-27T22:05:59Z" user="Hernan" uid="72347" lat="-34.4704103" lon="-58.4908757"/>
 <node id="7015637611" visible="true" version="1" changeset="77654413" timestamp="2019-11-27T22:05:59Z" user="Hernan" uid="72347" lat="-34.4704059" lon="-58.4908462"/>
 <node id="7015637612" visible="true" version="1" changeset="77654413" timestamp="2019-11-27T22:05:59Z" user="Hernan" uid="72347" lat="-34.4703882" lon="-58.4908113"/>
 <node id="7015637613" visible="true" version="1" changeset="77654413" timestamp="2019-11-27T22:05:59Z" user="Hernan" uid="72347" lat="-34.4703539" lon="-58.4908032"/>
 <node id="7015637614" visible="true" version="1" changeset="77654413" timestamp="2019-11-27T22:05:59Z" user="Hernan" uid="72347" lat="-34.4703053" lon="-58.4908193"/>
 <node id="7015637615" visible="true" version="1" changeset="77654413" timestamp="2019-11-27T22:05:59Z" user="Hernan" uid="72347" lat="-34.4702809" lon="-58.4908435"/>
 <node id="7015637616" visible="true" version="1" changeset="77654413" timestamp="2019-11-27T22:05:59Z" user="Hernan" uid="72347" lat="-34.4702555" lon="-58.4908918"/>
 <node id="7015637617" visible="true" version="1" changeset="77654413" timestamp="2019-11-27T22:05:59Z" user="Hernan" uid="72347" lat="-34.4702212" lon="-58.4909575"/>
 <node id="7015637618" visible="true" version="1" changeset="77654413" timestamp="2019-11-27T22:05:59Z" user="Hernan" uid="72347" lat="-34.4702080" lon="-58.4909883"/>
 <node id="7015637619" visible="true" version="1" changeset="77654413" timestamp="2019-11-27T22:05:59Z" user="Hernan" uid="72347" lat="-34.4701936" lon="-58.4910446"/>
 <node id="7015637620" visible="true" version="1" changeset="77654413" timestamp="2019-11-27T22:05:59Z" user="Hernan" uid="72347" lat="-34.4701748" lon="-58.4911197"/>
 <node id="7015637621" visible="true" version="1" changeset="77654413" timestamp="2019-11-27T22:05:59Z" user="Hernan" uid="72347" lat="-34.4701715" lon="-58.4911694"/>
 <node id="7015637622" visible="true" version="1" changeset="77654413" timestamp="2019-11-27T22:05:59Z" user="Hernan" uid="72347" lat="-34.4701792" lon="-58.4912096"/>
 <node id="7015637623" visible="true" version="1" changeset="77654413" timestamp="2019-11-27T22:05:59Z" user="Hernan" uid="72347" lat="-34.4702024" lon="-58.4912592"/>
 <node id="7015637624" visible="true" version="1" changeset="77654413" timestamp="2019-11-27T22:05:59Z" user="Hernan" uid="72347" lat="-34.4702201" lon="-58.4912820"/>
 <node id="7015637625" visible="true" version="1" changeset="77654413" timestamp="2019-11-27T22:05:59Z" user="Hernan" uid="72347" lat="-34.4702544" lon="-58.4912767"/>
 <node id="7015637626" visible="true" version="1" changeset="77654413" timestamp="2019-11-27T22:05:59Z" user="Hernan" uid="72347" lat="-34.4702633" lon="-58.4913169"/>
 <node id="7015637627" visible="true" version="1" changeset="77654413" timestamp="2019-11-27T22:05:59Z" user="Hernan" uid="72347" lat="-34.4702931" lon="-58.4913652"/>
 <node id="7015637628" visible="true" version="1" changeset="77654413" timestamp="2019-11-27T22:05:59Z" user="Hernan" uid="72347" lat="-34.4703418" lon="-58.4913920"/>
 <node id="7015637629" visible="true" version="1" changeset="77654413" timestamp="2019-11-27T22:05:59Z" user="Hernan" uid="72347" lat="-34.4703782" lon="-58.4913920"/>
 <node id="7015637630" visible="true" version="1" changeset="77654413" timestamp="2019-11-27T22:05:59Z" user="Hernan" uid="72347" lat="-34.4704125" lon="-58.4913853"/>
 <node id="7015637631" visible="true" version="1" changeset="77654413" timestamp="2019-11-27T22:05:59Z" user="Hernan" uid="72347" lat="-34.4704346" lon="-58.4913585"/>
 <node id="7015637632" visible="true" version="1" changeset="77654413" timestamp="2019-11-27T22:05:59Z" user="Hernan" uid="72347" lat="-34.4704623" lon="-58.4913625"/>
 <node id="7015637633" visible="true" version="1" changeset="77654413" timestamp="2019-11-27T22:05:59Z" user="Hernan" uid="72347" lat="-34.4704833" lon="-58.4914228"/>
 <node id="7015637634" visible="true" version="1" changeset="77654413" timestamp="2019-11-27T22:05:59Z" user="Hernan" uid="72347" lat="-34.4705242" lon="-58.4914564"/>
 <node id="7015637635" visible="true" version="1" changeset="77654413" timestamp="2019-11-27T22:05:59Z" user="Hernan" uid="72347" lat="-34.4705651" lon="-58.4914684"/>
 <node id="7015637636" visible="true" version="1" changeset="77654413" timestamp="2019-11-27T22:05:59Z" user="Hernan" uid="72347" lat="-34.4705839" lon="-58.4914456"/>
 <node id="7015637637" visible="true" version="1" changeset="77654413" timestamp="2019-11-27T22:05:59Z" user="Hernan" uid="72347" lat="-34.4704346" lon="-58.4908904"/>
 <node id="7015637638" visible="true" version="1" changeset="77654413" timestamp="2019-11-27T22:05:59Z" user="Hernan" uid="72347" lat="-34.4704667" lon="-58.4909427"/>
 <node id="7015637639" visible="true" version="1" changeset="77654413" timestamp="2019-11-27T22:05:59Z" user="Hernan" uid="72347" lat="-34.4705375" lon="-58.4910017"/>
 <node id="7015637640" visible="true" version="1" changeset="77654413" timestamp="2019-11-27T22:05:59Z" user="Hernan" uid="72347" lat="-34.4706104" lon="-58.4911305"/>
 <node id="7015637641" visible="true" version="1" changeset="77654413" timestamp="2019-11-27T22:05:59Z" user="Hernan" uid="72347" lat="-34.4706535" lon="-58.4911828"/>
 <node id="7015637642" visible="true" version="1" changeset="77654413" timestamp="2019-11-27T22:05:59Z" user="Hernan" uid="72347" lat="-34.4707055" lon="-58.4912243"/>
 <node id="7015637643" visible="true" version="1" changeset="77654413" timestamp="2019-11-27T22:05:59Z" user="Hernan" uid="72347" lat="-34.4707542" lon="-58.4912525"/>
 <node id="7015637644" visible="true" version="1" changeset="77654413" timestamp="2019-11-27T22:05:59Z" user="Hernan" uid="72347" lat="-34.4707796" lon="-58.4913115"/>
 <node id="7015637645" visible="true" version="1" changeset="77654413" timestamp="2019-11-27T22:05:59Z" user="Hernan" uid="72347" lat="-34.4706160" lon="-58.4914389"/>
 <node id="7015637646" visible="true" version="1" changeset="77654413" timestamp="2019-11-27T22:05:59Z" user="Hernan" uid="72347" lat="-34.4706259" lon="-58.4914805"/>
 <node id="7015637647" visible="true" version="1" changeset="77654413" timestamp="2019-11-27T22:05:59Z" user="Hernan" uid="72347" lat="-34.4706403" lon="-58.4915435"/>
 <node id="7015637648" visible="true" version="1" changeset="77654413" timestamp="2019-11-27T22:05:59Z" user="Hernan" uid="72347" lat="-34.4706834" lon="-58.4915824"/>
 <node id="7015637649" visible="true" version="1" changeset="77654413" timestamp="2019-11-27T22:05:59Z" user="Hernan" uid="72347" lat="-34.4707553" lon="-58.4915878"/>
 <node id="7773209361" visible="true" version="6" changeset="178399541" timestamp="2026-02-11T10:32:33Z" user="AndresDuhour" uid="2985830" lat="-34.3657564" lon="-58.3641602"/>
 <node id="7773231237" visible="true" version="4" changeset="172457308" timestamp="2025-09-25T20:17:30Z" user="muralito" uid="755114" lat="-34.2950724" lon="-58.2583309"/>
 <node id="7773231239" visible="true" version="5" changeset="172671050" timestamp="2025-09-30T17:18:09Z" user="muralito" uid="755114" lat="-34.1685823" lon="-58.1729940"/>
 <node id="7773231242" visible="true" version="5" changeset="172457308" timestamp="2025-09-25T20:17:30Z" user="muralito" uid="755114" lat="-34.2506185" lon="-58.2066825"/>
 <node id="7773231253" visible="true" version="6" changeset="178399541" timestamp="2026-02-11T10:32:33Z" user="AndresDuhour" uid="2985830" lat="-34.3843168" lon="-58.4064209"/>
 <node id="7773231292" visible="true" version="5" changeset="172457308" timestamp="2025-09-25T20:17:30Z" user="muralito" uid="755114" lat="-34.2736729" lon="-58.2119395"/>
 <node id="13049412641" visible="true" version="2" changeset="172457308" timestamp="2025-09-25T20:17:30Z" user="muralito" uid="755114" lat="-34.2873962" lon="-58.2231618"/>
 <node id="13049415202" visible="true" version="2" changeset="172670265" timestamp="2025-09-30T17:02:06Z" user="muralito" uid="755114" lat="-34.4071752" lon="-58.4559774"/>
 <node id="13171914609" visible="true" version="2" changeset="172670265" timestamp="2025-09-30T17:02:06Z" user="muralito" uid="755114" lat="-34.4621398" lon="-58.4891296"/>
 <node id="13184488131" visible="true" version="1" changeset="172670265" timestamp="2025-09-30T17:02:06Z" user="muralito" uid="755114" lat="-34.4896823" lon="-58.4794345"/>
 <node id="13184488132" visible="true" version="1" changeset="172670265" timestamp="2025-09-30T17:02:06Z" user="muralito" uid="755114" lat="-34.4849624" lon="-58.4791383"/>
 <node id="13184488133" visible="true" version="1" changeset="172670265" timestamp="2025-09-30T17:02:06Z" user="muralito" uid="755114" lat="-34.4825355" lon="-58.4798743"/>
 <node id="13184488134" visible="true" version="1" changeset="172670265" timestamp="2025-09-30T17:02:06Z" user="muralito" uid="755114" lat="-34.4792799" lon="-58.4811400"/>
 <node id="13184488135" visible="true" version="1" changeset="172670265" timestamp="2025-09-30T17:02:06Z" user="muralito" uid="755114" lat="-34.4779258" lon="-58.4821453"/>
 <node id="13184488136" visible="true" version="1" changeset="172670265" timestamp="2025-09-30T17:02:06Z" user="muralito" uid="755114" lat="-34.4749429" lon="-58.4852767"/>
 <node id="13184488137" visible="true" version="1" changeset="172670265" timestamp="2025-09-30T17:02:06Z" user="muralito" uid="755114" lat="-34.4721225" lon="-58.4878666"/>
 <node id="13184488138" visible="true" version="1" changeset="172670265" timestamp="2025-09-30T17:02:06Z" user="muralito" uid="755114" lat="-34.4690363" lon="-58.4901135"/>
 <node id="13184488139" visible="true" version="1" changeset="172670265" timestamp="2025-09-30T17:02:06Z" user="muralito" uid="755114" lat="-34.4659818" lon="-58.4902533"/>
 <node id="13184518168" visible="true" version="1" changeset="172671050" timestamp="2025-09-30T17:18:09Z" user="muralito" uid="755114" lat="-34.1893876" lon="-58.0778718"/>
 <node id="13184518169" visible="true" version="1" changeset="172671050" timestamp="2025-09-30T17:18:09Z" user="muralito" uid="755114" lat="-34.1801218" lon="-58.0953169"/>
 <node id="13184518170" visible="true" version="1" changeset="172671050" timestamp="2025-09-30T17:18:09Z" user="muralito" uid="755114" lat="-34.1750093" lon="-58.1104446"/>
 <node id="13184518171" visible="true" version="1" changeset="172671050" timestamp="2025-09-30T17:18:09Z" user="muralito" uid="755114" lat="-34.1692395" lon="-58.1461287"/>
 <node id="13774689792" visible="true" version="1" changeset="181983807" timestamp="2026-04-29T11:37:57Z" user="AlejandroAlba" uid="6499071" lat="-34.4735605" lon="-58.4874617"/>
 <node id="13774689793" visible="true" version="1" changeset="181983807" timestamp="2026-04-29T11:37:57Z" user="AlejandroAlba" uid="6499071" lat="-34.4736099" lon="-58.4875229"/>
 <node id="13774689794" visible="true" version="1" changeset="181983807" timestamp="2026-04-29T11:37:57Z" user="AlejandroAlba" uid="6499071" lat="-34.4738996" lon="-58.4879816"/>
 <node id="13774689795" visible="true" version="1" changeset="181983807" timestamp="2026-04-29T11:37:57Z" user="AlejandroAlba" uid="6499071" lat="-34.4744402" lon="-58.4887876"/>
 <node id="13774692648" visible="true" version="1" changeset="181983601" timestamp="2026-04-29T11:33:13Z" user="AlejandroAlba" uid="6499071" lat="-34.4738078" lon="-58.4871796"/>
 <node id="13774692649" visible="true" version="1" changeset="181983601" timestamp="2026-04-29T11:33:13Z" user="AlejandroAlba" uid="6499071" lat="-34.4740765" lon="-58.4873660"/>
 <node id="13774692650" visible="true" version="1" changeset="181983601" timestamp="2026-04-29T11:33:13Z" user="AlejandroAlba" uid="6499071" lat="-34.4743949" lon="-58.4875913"/>
 <node id="13774692651" visible="true" version="1" changeset="181983601" timestamp="2026-04-29T11:33:13Z" user="AlejandroAlba" uid="6499071" lat="-34.4744447" lon="-58.4876235"/>
 <node id="13774692652" visible="true" version="1" changeset="181983601" timestamp="2026-04-29T11:33:13Z" user="AlejandroAlba" uid="6499071" lat="-34.4748062" lon="-58.4879816"/>
 <way id="131828246" visible="true" version="33" changeset="172670265" timestamp="2025-09-30T17:02:06Z" user="muralito" uid="755114">
  <nd ref="94303167"/>
  <nd ref="1628511927"/>
  <nd ref="1628511929"/>
  <nd ref="1628511923"/>
  <nd ref="1628511917"/>
  <nd ref="1628511903"/>
  <nd ref="1628511898"/>
  <nd ref="1628511892"/>
  <nd ref="1628511876"/>
  <nd ref="1628511879"/>
  <nd ref="1628511872"/>
  <nd ref="1628511867"/>
  <nd ref="94291992"/>
  <nd ref="1628511829"/>
  <nd ref="1628511819"/>
  <nd ref="1628511821"/>
  <nd ref="1628511831"/>
  <nd ref="1628511839"/>
  <nd ref="1628511850"/>
  <nd ref="1628511853"/>
  <nd ref="1628511838"/>
  <nd ref="1628511827"/>
  <nd ref="1628511824"/>
  <nd ref="94329811"/>
  <nd ref="1628511813"/>
  <nd ref="1628511816"/>
  <nd ref="1628511804"/>
  <nd ref="1628511803"/>
  <nd ref="1628511802"/>
  <nd ref="1628511801"/>
  <nd ref="1628511800"/>
  <nd ref="1628547454"/>
  <nd ref="1628547453"/>
  <nd ref="1628547451"/>
  <nd ref="428635698"/>
  <nd ref="1628547450"/>
  <nd ref="1628547448"/>
  <nd ref="1628547445"/>
  <nd ref="1628547443"/>
  <nd ref="1628547442"/>
  <nd ref="1628547439"/>
  <nd ref="1628547438"/>
  <nd ref="1628547435"/>
  <nd ref="1628547433"/>
  <nd ref="1628547432"/>
  <nd ref="1628547431"/>
  <nd ref="94314547"/>
  <nd ref="1628547424"/>
  <nd ref="1628547426"/>
  <nd ref="94300570"/>
  <nd ref="1628547419"/>
  <nd ref="94288468"/>
  <nd ref="1628547421"/>
  <nd ref="1628547415"/>
  <nd ref="1628547410"/>
  <nd ref="1628547411"/>
  <nd ref="1628547406"/>
  <nd ref="1628547400"/>
  <nd ref="1628547388"/>
  <nd ref="1628547389"/>
  <nd ref="428635697"/>
  <nd ref="1628547369"/>
  <nd ref="1628547368"/>
  <nd ref="1628547372"/>
  <nd ref="1628547378"/>
  <nd ref="1628547381"/>
  <nd ref="428635696"/>
  <nd ref="1628547394"/>
  <nd ref="1628547393"/>
  <nd ref="1628547398"/>
  <nd ref="428635700"/>
  <nd ref="94326164"/>
  <nd ref="1628547404"/>
  <nd ref="428635701"/>
  <nd ref="1628547391"/>
  <nd ref="428635702"/>
  <nd ref="1628547375"/>
  <nd ref="1628547365"/>
  <nd ref="1628547363"/>
  <nd ref="1628547358"/>
  <nd ref="1628547357"/>
  <nd ref="1628547353"/>
  <nd ref="1628547350"/>
  <nd ref="1628547348"/>
  <nd ref="1628547351"/>
  <nd ref="1628547359"/>
  <nd ref="94311395"/>
  <nd ref="1628547366"/>
  <nd ref="1628547371"/>
  <nd ref="1628547367"/>
  <nd ref="1628547364"/>
  <nd ref="1628547362"/>
  <nd ref="1628547354"/>
  <nd ref="1628547349"/>
  <nd ref="1628547347"/>
  <nd ref="1628547355"/>
  <nd ref="1628547360"/>
  <nd ref="428635708"/>
  <nd ref="428635706"/>
  <nd ref="428635709"/>
  <nd ref="1628547374"/>
  <nd ref="1628547370"/>
  <nd ref="1628547361"/>
  <nd ref="1628547356"/>
  <nd ref="1628547352"/>
  <nd ref="1628547346"/>
  <nd ref="1628547345"/>
  <nd ref="1628547344"/>
  <nd ref="94298188"/>
  <nd ref="1628547343"/>
  <nd ref="1628547342"/>
  <nd ref="1628547341"/>
  <nd ref="1628547339"/>
  <nd ref="1628547340"/>
  <nd ref="1628547337"/>
  <nd ref="1628547336"/>
  <nd ref="1628547338"/>
  <nd ref="94342883"/>
  <nd ref="1628547335"/>
  <nd ref="1628547334"/>
  <nd ref="428635712"/>
  <nd ref="428635711"/>
  <nd ref="428635710"/>
  <nd ref="428635714"/>
  <nd ref="428635715"/>
  <nd ref="7015637644"/>
  <nd ref="7015637643"/>
  <nd ref="7015637642"/>
  <nd ref="7015637641"/>
  <nd ref="7015637640"/>
  <nd ref="7015637639"/>
  <nd ref="7015637638"/>
  <nd ref="7015637637"/>
  <nd ref="7015637610"/>
  <nd ref="7015637611"/>
  <nd ref="7015637612"/>
  <nd ref="7015637613"/>
  <nd ref="7015637614"/>
  <nd ref="7015637615"/>
  <nd ref="7015637616"/>
  <nd ref="7015637617"/>
  <nd ref="7015637618"/>
  <nd ref="7015637619"/>
  <nd ref="7015637620"/>
  <nd ref="7015637621"/>
  <nd ref="7015637622"/>
  <nd ref="7015637623"/>
  <nd ref="7015637624"/>
  <nd ref="7015637625"/>
  <nd ref="7015637626"/>
  <nd ref="7015637627"/>
  <nd ref="7015637628"/>
  <nd ref="7015637629"/>
  <nd ref="7015637630"/>
  <nd ref="7015637631"/>
  <nd ref="7015637632"/>
  <nd ref="7015637633"/>
  <nd ref="7015637634"/>
  <nd ref="7015637635"/>
  <nd ref="7015637636"/>
  <nd ref="7015637645"/>
  <nd ref="7015637646"/>
  <nd ref="7015637647"/>
  <nd ref="7015637648"/>
  <nd ref="7015637649"/>
  <nd ref="428635719"/>
  <nd ref="7015576998"/>
  <nd ref="7015576999"/>
  <nd ref="7015577000"/>
  <nd ref="428635718"/>
  <nd ref="428635721"/>
  <nd ref="94322060"/>
  <tag k="admin_level" v="9"/>
  <tag k="boundary" v="administrative"/>
 </way>
 <way id="149915787" visible="true" version="2" changeset="41281389" timestamp="2016-08-06T03:58:54Z" user="pablopareja" uid="211657">
  <nd ref="1628511850"/>
  <nd ref="1628511836"/>
  <nd ref="1628511832"/>
  <nd ref="1628511845"/>
  <nd ref="1628511842"/>
  <nd ref="1628511848"/>
  <nd ref="94291992"/>
  <nd ref="1628511867"/>
  <nd ref="1628511872"/>
  <nd ref="1628511879"/>
  <nd ref="1628511890"/>
  <nd ref="1628511896"/>
  <nd ref="1628511900"/>
  <nd ref="1628511919"/>
  <nd ref="1628511927"/>
  <nd ref="94303167"/>
  <nd ref="1628511939"/>
  <nd ref="1628511952"/>
  <nd ref="1628511956"/>
  <nd ref="1628511972"/>
  <nd ref="1628511981"/>
  <nd ref="1628511993"/>
  <nd ref="1628511997"/>
  <nd ref="1628512005"/>
  <nd ref="1628512012"/>
  <nd ref="1628512013"/>
  <nd ref="1628512017"/>
  <nd ref="1628512030"/>
  <nd ref="1628512039"/>
  <nd ref="1628512041"/>
  <nd ref="1628512033"/>
  <nd ref="1628512014"/>
  <nd ref="1628511999"/>
  <nd ref="1628511992"/>
  <nd ref="1628511984"/>
  <nd ref="1628511976"/>
  <nd ref="1628511966"/>
  <nd ref="1628511970"/>
  <nd ref="1628511968"/>
  <nd ref="1628511949"/>
  <nd ref="4337970050"/>
  <nd ref="1628511931"/>
  <nd ref="1628511925"/>
  <nd ref="1628511921"/>
  <nd ref="1628511901"/>
  <nd ref="1628511894"/>
  <nd ref="1628511889"/>
  <nd ref="1628511874"/>
  <nd ref="1628511870"/>
  <nd ref="1628511869"/>
  <nd ref="1628511864"/>
  <nd ref="1628511855"/>
  <nd ref="1628511862"/>
  <nd ref="1628511853"/>
  <nd ref="1628511850"/>
  <tag k="natural" v="beach"/>
 </way>
 <way id="149919190" visible="true" version="4" changeset="181983807" timestamp="2026-04-29T11:37:57Z" user="AlejandroAlba" uid="6499071">
  <nd ref="1628547394"/>
  <nd ref="1628547395"/>
  <nd ref="1628547390"/>
  <nd ref="1628547386"/>
  <nd ref="4337970022"/>
  <nd ref="4337970024"/>
  <nd ref="4337970028"/>
  <nd ref="1628547422"/>
  <nd ref="1628547425"/>
  <nd ref="1628547428"/>
  <nd ref="1628547423"/>
  <nd ref="1628547427"/>
  <nd ref="1628547429"/>
  <nd ref="1628547430"/>
  <nd ref="13774689792"/>
  <nd ref="1628547434"/>
  <nd ref="1628547436"/>
  <nd ref="1628547437"/>
  <nd ref="1628547440"/>
  <nd ref="1628547441"/>
  <nd ref="1628547447"/>
  <nd ref="1628547452"/>
  <nd ref="428635698"/>
  <nd ref="1628547450"/>
  <nd ref="1628547448"/>
  <nd ref="1628547445"/>
  <nd ref="1628547442"/>
  <nd ref="1628547438"/>
  <nd ref="1628547435"/>
  <nd ref="1628547433"/>
  <nd ref="1628547432"/>
  <nd ref="1628547431"/>
  <nd ref="94314547"/>
  <nd ref="1628547424"/>
  <nd ref="1628547426"/>
  <nd ref="94300570"/>
  <nd ref="1628547419"/>
  <nd ref="94288468"/>
  <nd ref="1628547421"/>
  <nd ref="1628547415"/>
  <nd ref="1628547410"/>
  <nd ref="1628547411"/>
  <nd ref="1628547406"/>
  <nd ref="1628547400"/>
  <nd ref="1628547388"/>
  <nd ref="1628547389"/>
  <nd ref="428635697"/>
  <nd ref="1628547369"/>
  <nd ref="1628547368"/>
  <nd ref="1628547372"/>
  <nd ref="1628547381"/>
  <nd ref="428635696"/>
  <nd ref="1628547394"/>
  <tag k="natural" v="wetland"/>
 </way>
 <way id="435902878" visible="true" version="4" changeset="181983807" timestamp="2026-04-29T11:37:57Z" user="AlejandroAlba" uid="6499071">
  <nd ref="94326164"/>
  <nd ref="4337970026"/>
  <nd ref="4337970027"/>
  <nd ref="4337970029"/>
  <nd ref="4337970030"/>
  <nd ref="4337970031"/>
  <nd ref="4337970032"/>
  <nd ref="4337970033"/>
  <nd ref="4337970036"/>
  <nd ref="4337970034"/>
  <nd ref="4337970035"/>
  <nd ref="4337970037"/>
  <nd ref="4337970038"/>
  <nd ref="4519649753"/>
  <nd ref="4337970039"/>
  <nd ref="4337970040"/>
  <nd ref="4337970041"/>
  <nd ref="4337970043"/>
  <nd ref="4337970046"/>
  <nd ref="4519649752"/>
  <nd ref="4337970049"/>
  <nd ref="4337970048"/>
  <nd ref="4337970047"/>
  <nd ref="4337970045"/>
  <nd ref="1628547447"/>
  <nd ref="1628547441"/>
  <nd ref="1628547440"/>
  <nd ref="1628547437"/>
  <nd ref="1628547436"/>
  <nd ref="1628547434"/>
  <nd ref="13774689792"/>
  <nd ref="1628547430"/>
  <nd ref="1628547429"/>
  <nd ref="1628547427"/>
  <nd ref="1628547423"/>
  <nd ref="1628547428"/>
  <nd ref="1628547425"/>
  <nd ref="1628547422"/>
  <nd ref="4337970028"/>
  <nd ref="4337970024"/>
  <nd ref="4337970022"/>
  <nd ref="1628547386"/>
  <nd ref="1628547390"/>
  <nd ref="1628547395"/>
  <nd ref="1628547394"/>
  <nd ref="1628547393"/>
  <nd ref="1628547398"/>
  <nd ref="428635700"/>
  <nd ref="94326164"/>
  <tag k="natural" v="wood"/>
 </way>
 <way id="513332525" visible="true" version="1" changeset="50887282" timestamp="2017-08-06T14:57:38Z" user="juanperez79" uid="6218510">
  <nd ref="4337970051"/>
  <nd ref="5018197012"/>
  <nd ref="5018197013"/>
  <nd ref="4581535081"/>
  <nd ref="5018197014"/>
  <nd ref="5018197015"/>
  <nd ref="5018197016"/>
  <nd ref="5018197017"/>
  <nd ref="5018197018"/>
  <nd ref="5018197019"/>
  <nd ref="5018197020"/>
  <nd ref="5018197821"/>
  <nd ref="5018197822"/>
  <nd ref="5018197823"/>
  <nd ref="5018197824"/>
  <nd ref="5018197825"/>
  <nd ref="5018197826"/>
  <nd ref="5018197827"/>
  <nd ref="5018197828"/>
  <nd ref="1628511853"/>
  <nd ref="1628511850"/>
  <nd ref="1628511836"/>
  <nd ref="1628511832"/>
  <nd ref="1628511845"/>
  <nd ref="1628511842"/>
  <nd ref="1628511848"/>
  <nd ref="94291992"/>
  <nd ref="1628511867"/>
  <nd ref="1628511872"/>
  <nd ref="1628511879"/>
  <nd ref="1628511890"/>
  <nd ref="1628511896"/>
  <nd ref="1628511900"/>
  <nd ref="1628511919"/>
  <nd ref="1628511927"/>
  <nd ref="94303167"/>
  <nd ref="4337970050"/>
  <nd ref="4337970051"/>
  <tag k="landuse" v="commercial"/>
  <tag k="name" v="Águila Club"/>
 </way>
 <way id="682693237" visible="true" version="2" changeset="125626188" timestamp="2022-08-31T19:27:30Z" user="EsLoQueHay" uid="11572928">
  <nd ref="4337970049"/>
  <nd ref="5018197018"/>
  <nd ref="5018197019"/>
  <nd ref="1628547441"/>
  <nd ref="4337970049"/>
  <tag k="addr:city" v="Acassuso"/>
  <tag k="addr:postcode" v="B1641"/>
  <tag k="leisure" v="park"/>
  <tag k="name" v="Parque Aguila Chico"/>
 </way>
 <way id="682693239" visible="true" version="1" changeset="69047637" timestamp="2019-04-09T14:02:16Z" user="leandropennella" uid="290450">
  <nd ref="6393913219"/>
  <nd ref="6393913220"/>
  <nd ref="6393913221"/>
  <nd ref="6393913222"/>
  <nd ref="6393913219"/>
  <tag k="access" v="yes"/>
  <tag k="amenity" v="parking"/>
  <tag k="fee" v="no"/>
  <tag k="parking" v="surface"/>
 </way>
 <way id="750292393" visible="true" version="2" changeset="77654413" timestamp="2019-11-27T22:05:59Z" user="Hernan" uid="72347">
  <nd ref="423984155"/>
  <nd ref="7015577001"/>
  <nd ref="7015576997"/>
  <nd ref="7015631157"/>
  <nd ref="94322060"/>
 </way>
 <way id="1325728694" visible="true" version="5" changeset="172671050" timestamp="2025-09-30T17:18:09Z" user="muralito" uid="755114">
  <nd ref="94296335"/>
  <nd ref="13184488131"/>
  <nd ref="13184488132"/>
  <nd ref="13184488133"/>
  <nd ref="13184488134"/>
  <nd ref="13184488135"/>
  <nd ref="13184488136"/>
  <nd ref="13184488137"/>
  <nd ref="13184488138"/>
  <nd ref="13184488139"/>
  <nd ref="13171914609"/>
  <nd ref="13049415202"/>
  <nd ref="7773231253"/>
  <nd ref="7773209361"/>
  <nd ref="7773231237"/>
  <nd ref="13049412641"/>
  <nd ref="7773231292"/>
  <nd ref="7773231242"/>
  <nd ref="7773231239"/>
  <nd ref="13184518171"/>
  <nd ref="13184518170"/>
  <nd ref="13184518169"/>
  <nd ref="13184518168"/>
  <nd ref="2128029328"/>
  <tag k="natural" v="coastline"/>
  <tag k="note" v="Temporarily adding coastline to allow world updates. Will revert afterward."/>
 </way>
 <way id="1505731587" visible="true" version="1" changeset="181983601" timestamp="2026-04-29T11:33:13Z" user="AlejandroAlba" uid="6499071">
  <nd ref="13774692652"/>
  <nd ref="13774692651"/>
  <nd ref="13774692650"/>
  <nd ref="13774692649"/>
  <nd ref="13774692648"/>
  <nd ref="1628547440"/>
  <nd ref="1628547433"/>
  <tag k="intermittent" v="yes"/>
  <tag k="waterway" v="stream"/>
 </way>
 <way id="1505732399" visible="true" version="1" changeset="181983807" timestamp="2026-04-29T11:37:57Z" user="AlejandroAlba" uid="6499071">
  <nd ref="13774689795"/>
  <nd ref="13774689794"/>
  <nd ref="13774689793"/>
  <nd ref="13774689792"/>
  <nd ref="94314547"/>
  <tag k="intermittent" v="yes"/>
  <tag k="waterway" v="drain"/>
 </way>
 <relation id="286393" visible="true" version="1203" changeset="189239489" timestamp="2026-09-19T07:09:50Z" user="jptolosa" uid="1975220">
  <member type="way" ref="816840987" role="outer"/>
  <member type="way" ref="816840988" role="outer"/>
  <member type="way" ref="1239776071" role="outer"/>
  <member type="way" ref="1239776072" role="outer"/>
  <member type="way" ref="233777740" role="outer"/>
  <member type="way" ref="234914340" role="outer"/>
  <member type="way" ref="351298755" role="outer"/>
  <member type="way" ref="118631709" role="outer"/>
  <member type="way" ref="118670933" role="outer"/>
  <member type="way" ref="118670931" role="outer"/>
  <member type="way" ref="172346964" role="outer"/>
  <member type="way" ref="380849325" role="outer"/>
  <member type="way" ref="380849324" role="outer"/>
  <member type="way" ref="810282312" role="outer"/>
  <member type="way" ref="837960314" role="outer"/>
  <member type="way" ref="258926620" role="outer"/>
  <member type="way" ref="837942841" role="outer"/>
  <member type="way" ref="1312517495" role="outer"/>
  <member type="way" ref="837942837" role="outer"/>
  <member type="way" ref="837991141" role="outer"/>
  <member type="way" ref="837991137" role="outer"/>
  <member type="way" ref="263121327" role="outer"/>
  <member type="way" ref="1046150981" role="outer"/>
  <member type="way" ref="691675190" role="outer"/>
  <member type="way" ref="691675189" role="outer"/>
  <member type="way" ref="1046150980" role="outer"/>
  <member type="way" ref="1190289193" role="outer"/>
  <member type="way" ref="263284840" role="outer"/>
  <member type="way" ref="1190289192" role="outer"/>
  <member type="way" ref="1312802039" role="outer"/>
  <member type="way" ref="838322864" role="outer"/>
  <member type="way" ref="838322869" role="outer"/>
  <member type="way" ref="443657049" role="outer"/>
  <member type="way" ref="443657045" role="outer"/>
  <member type="way" ref="28579357" role="outer"/>
  <member type="way" ref="276734377" role="outer"/>
  <member type="way" ref="443657053" role="outer"/>
  <member type="way" ref="443657054" role="outer"/>
  <member type="way" ref="443657051" role="outer"/>
  <member type="way" ref="708636243" role="outer"/>
  <member type="way" ref="737360161" role="outer"/>
  <member type="way" ref="737707342" role="outer"/>
  <member type="way" ref="737707356" role="outer"/>
  <member type="way" ref="1169218419" role="outer"/>
  <member type="way" ref="443657046" role="outer"/>
  <member type="way" ref="1169218418" role="outer"/>
  <member type="way" ref="276577459" role="outer"/>
  <member type="way" ref="276457590" role="outer"/>
  <member type="way" ref="443657056" role="outer"/>
  <member type="way" ref="274668480" role="outer"/>
  <member type="way" ref="691535606" role="outer"/>
  <member type="way" ref="164930123" role="outer"/>
  <member type="way" ref="29704029" role="outer"/>
  <member type="way" ref="691535353" role="outer"/>
  <member type="way" ref="442783734" role="outer"/>
  <member type="way" ref="442783727" role="outer"/>
  <member type="way" ref="164929597" role="outer"/>
  <member type="way" ref="691535354" role="outer"/>
  <member type="way" ref="165410273" role="outer"/>
  <member type="way" ref="164946219" role="outer"/>
  <member type="way" ref="165410255" role="outer"/>
  <member type="way" ref="165410236" role="outer"/>
  <member type="way" ref="165495576" role="outer"/>
  <member type="way" ref="262182001" role="outer"/>
  <member type="way" ref="1313069564" role="outer"/>
  <member type="way" ref="1313069559" role="outer"/>
  <member type="way" ref="262313420" role="outer"/>
  <member type="way" ref="825478444" role="outer"/>
  <member type="way" ref="825478446" role="outer"/>
  <member type="way" ref="259456152" role="outer"/>
  <member type="way" ref="262181985" role="outer"/>
  <member type="way" ref="1313069549" role="outer"/>
  <member type="way" ref="259526389" role="outer"/>
  <member type="way" ref="263337754" role="outer"/>
  <member type="way" ref="259520663" role="outer"/>
  <member type="way" ref="442783728" role="outer"/>
  <member type="way" ref="442783732" role="outer"/>
  <member type="way" ref="1313538368" role="outer"/>
  <member type="way" ref="259519375" role="outer"/>
  <member type="way" ref="1313538356" role="outer"/>
  <member type="way" ref="263337768" role="outer"/>
  <member type="way" ref="165194650" role="outer"/>
  <member type="way" ref="1313820314" role="outer"/>
  <member type="way" ref="259639510" role="outer"/>
  <member type="way" ref="1313820300" role="outer"/>
  <member type="way" ref="442783725" role="outer"/>
  <member type="way" ref="259633989" role="outer"/>
  <member type="way" ref="1314438108" role="outer"/>
  <member type="way" ref="263337741" role="outer"/>
  <member type="way" ref="165986701" role="outer"/>
  <member type="way" ref="595205052" role="outer"/>
  <member type="way" ref="1314440823" role="outer"/>
  <member type="way" ref="263337742" role="outer"/>
  <member type="way" ref="1314677265" role="outer"/>
  <member type="way" ref="596471248" role="outer"/>
  <member type="way" ref="596471249" role="outer"/>
  <member type="way" ref="596471250" role="outer"/>
  <member type="way" ref="838602716" role="outer"/>
  <member type="way" ref="1314677258" role="outer"/>
  <member type="way" ref="119008711" role="outer"/>
  <member type="way" ref="838602715" role="outer"/>
  <member type="way" ref="596471253" role="outer"/>
  <member type="way" ref="596471254" role="outer"/>
  <member type="way" ref="69286799" role="outer"/>
  <member type="way" ref="540439350" role="outer"/>
  <member type="way" ref="596471257" role="outer"/>
  <member type="way" ref="208665259" role="outer"/>
  <member type="way" ref="799227844" role="outer"/>
  <member type="way" ref="799227848" role="outer"/>
  <member type="way" ref="799227798" role="outer"/>
  <member type="way" ref="799227797" role="outer"/>
  <member type="way" ref="799227796" role="outer"/>
  <member type="way" ref="799227795" role="outer"/>
  <member type="way" ref="799227842" role="outer"/>
  <member type="way" ref="799227794" role="outer"/>
  <member type="way" ref="799227841" role="outer"/>
  <member type="way" ref="799227793" role="outer"/>
  <member type="way" ref="799227840" role="outer"/>
  <member type="way" ref="799227792" role="outer"/>
  <member type="way" ref="799227838" role="outer"/>
  <member type="way" ref="799227837" role="outer"/>
  <member type="way" ref="799227839" role="outer"/>
  <member type="way" ref="799227836" role="outer"/>
  <member type="way" ref="799227835" role="outer"/>
  <member type="way" ref="799227790" role="outer"/>
  <member type="way" ref="799227789" role="outer"/>
  <member type="way" ref="799227834" role="outer"/>
  <member type="way" ref="799227833" role="outer"/>
  <member type="way" ref="799227788" role="outer"/>
  <member type="way" ref="799227832" role="outer"/>
  <member type="way" ref="799227831" role="outer"/>
  <member type="way" ref="799227830" role="outer"/>
  <member type="way" ref="799227829" role="outer"/>
  <member type="way" ref="799227828" role="outer"/>
  <member type="way" ref="849509084" role="outer"/>
  <member type="way" ref="881073057" role="outer"/>
  <member type="way" ref="881073061" role="outer"/>
  <member type="way" ref="799227847" role="outer"/>
  <member type="way" ref="799227826" role="outer"/>
  <member type="way" ref="799227824" role="outer"/>
  <member type="way" ref="799227825" role="outer"/>
  <member type="way" ref="799227823" role="outer"/>
  <member type="way" ref="848463278" role="outer"/>
  <member type="way" ref="799227822" role="outer"/>
  <member type="way" ref="799227816" role="outer"/>
  <member type="way" ref="799227821" role="outer"/>
  <member type="way" ref="799227820" role="outer"/>
  <member type="way" ref="799227819" role="outer"/>
  <member type="way" ref="799227817" role="outer"/>
  <member type="way" ref="799227815" role="outer"/>
  <member type="way" ref="799227846" role="outer"/>
  <member type="way" ref="821223056" role="outer"/>
  <member type="way" ref="799227813" role="outer"/>
  <member type="way" ref="799227812" role="outer"/>
  <member type="way" ref="799227811" role="outer"/>
  <member type="way" ref="821223057" role="outer"/>
  <member type="way" ref="799227810" role="outer"/>
  <member type="way" ref="799227809" role="outer"/>
  <member type="way" ref="799227807" role="outer"/>
  <member type="way" ref="799227814" role="outer"/>
  <member type="way" ref="799227804" role="outer"/>
  <member type="way" ref="799227803" role="outer"/>
  <member type="way" ref="799227802" role="outer"/>
  <member type="way" ref="799227801" role="outer"/>
  <member type="way" ref="799227800" role="outer"/>
  <member type="way" ref="799227799" role="outer"/>
  <member type="way" ref="799227806" role="outer"/>
  <member type="way" ref="263719421" role="outer"/>
  <member type="way" ref="323333901" role="outer"/>
  <member type="way" ref="35584678" role="outer"/>
  <member type="way" ref="497747008" role="outer"/>
  <member type="way" ref="392719988" role="outer"/>
  <member type="way" ref="381513530" role="outer"/>
  <member type="way" ref="335310072" role="outer"/>
  <member type="way" ref="660350953" role="outer"/>
  <member type="way" ref="213877991" role="outer"/>
  <member type="way" ref="335310073" role="outer"/>
  <member type="way" ref="1323096643" role="outer"/>
  <member type="way" ref="658978606" role="outer"/>
  <member type="way" ref="658978605" role="outer"/>
  <member type="way" ref="381513537" role="outer"/>
  <member type="way" ref="381513534" role="outer"/>
  <member type="way" ref="114910784" role="outer"/>
  <member type="way" ref="41413068" role="outer"/>
  <member type="way" ref="1547824600" role="outer"/>
  <member type="way" ref="1547824601" role="outer"/>
  <member type="way" ref="659790232" role="outer"/>
  <member type="way" ref="659790230" role="outer"/>
  <member type="way" ref="381513511" role="outer"/>
  <member type="way" ref="659790224" role="outer"/>
  <member type="way" ref="659790226" role="outer"/>
  <member type="way" ref="1557508606" role="outer"/>
  <member type="way" ref="1557508607" role="outer"/>
  <member type="way" ref="1557508604" role="outer"/>
  <member type="way" ref="1557508605" role="outer"/>
  <member type="way" ref="41412382" role="outer"/>
  <member type="way" ref="392723690" role="outer"/>
  <member type="way" ref="111843638" role="outer"/>
  <member type="way" ref="856069759" role="outer"/>
  <member type="way" ref="659620252" role="outer"/>
  <member type="way" ref="659620253" role="outer"/>
  <member type="way" ref="659620251" role="outer"/>
  <member type="way" ref="314789122" role="outer"/>
  <member type="way" ref="35766832" role="outer"/>
  <member type="way" ref="267238372" role="outer"/>
  <member type="way" ref="860197984" role="outer"/>
  <member type="way" ref="35567173" role="outer"/>
  <member type="way" ref="695866119" role="outer"/>
  <member type="way" ref="111699563" role="outer"/>
  <member type="way" ref="43309952" role="outer"/>
  <member type="way" ref="40791016" role="outer"/>
  <member type="way" ref="645479247" role="outer"/>
  <member type="way" ref="777006876" role="outer"/>
  <member type="way" ref="645474772" role="outer"/>
  <member type="way" ref="520433812" role="outer"/>
  <member type="way" ref="520433813" role="outer"/>
  <member type="way" ref="494813399" role="outer"/>
  <member type="way" ref="494365310" role="outer"/>
  <member type="way" ref="494365309" role="outer"/>
  <member type="way" ref="1267017886" role="outer"/>
  <member type="way" ref="494365315" role="outer"/>
  <member type="way" ref="494365274" role="outer"/>
  <member type="way" ref="1441747912" role="outer"/>
  <member type="way" ref="1441747909" role="outer"/>
  <member type="way" ref="494365312" role="outer"/>
  <member type="way" ref="494348096" role="outer"/>
  <member type="way" ref="494348089" role="outer"/>
  <member type="way" ref="1441747907" role="outer"/>
  <member type="way" ref="494348085" role="outer"/>
  <member type="way" ref="494505286" role="outer"/>
  <member type="way" ref="1525957374" role="outer"/>
  <member type="way" ref="494505285" role="outer"/>
  <member type="way" ref="1525957378" role="outer"/>
  <member type="way" ref="1525957377" role="outer"/>
  <member type="way" ref="1525957379" role="outer"/>
  <member type="way" ref="1525957386" role="outer"/>
  <member type="way" ref="1525957376" role="outer"/>
  <member type="way" ref="1525957375" role="outer"/>
  <member type="way" ref="494616291" role="outer"/>
  <member type="way" ref="1525957384" role="outer"/>
  <member type="way" ref="1525957385" role="outer"/>
  <member type="way" ref="881695998" role="outer"/>
  <member type="way" ref="1525957383" role="outer"/>
  <member type="way" ref="1525957382" role="outer"/>
  <member type="way" ref="494616254" role="outer"/>
  <member type="way" ref="1525957381" role="outer"/>
  <member type="way" ref="494616200" role="outer"/>
  <member type="way" ref="1525957380" role="outer"/>
  <member type="way" ref="494616339" role="outer"/>
  <member type="way" ref="1537852401" role="outer"/>
  <member type="way" ref="494616223" role="outer"/>
  <member type="way" ref="495124064" role="outer"/>
  <member type="way" ref="1537852393" role="outer"/>
  <member type="way" ref="1537852392" role="outer"/>
  <member type="way" ref="495124065" role="outer"/>
  <member type="way" ref="495124071" role="outer"/>
  <member type="way" ref="495124063" role="outer"/>
  <member type="way" ref="40342803" role="outer"/>
  <member type="way" ref="165347885" role="outer"/>
  <member type="way" ref="443728510" role="outer"/>
  <member type="way" ref="443728772" role="outer"/>
  <member type="way" ref="37221955" role="outer"/>
  <member type="way" ref="496042803" role="outer"/>
  <member type="way" ref="496042797" role="outer"/>
  <member type="way" ref="496042805" role="outer"/>
  <member type="way" ref="496042804" role="outer"/>
  <member type="way" ref="496042801" role="outer"/>
  <member type="way" ref="1540193040" role="outer"/>
  <member type="way" ref="1540193038" role="outer"/>
  <member type="way" ref="1540193039" role="outer"/>
  <member type="way" ref="1540193041" role="outer"/>
  <member type="way" ref="496042802" role="outer"/>
  <member type="way" ref="1540193045" role="outer"/>
  <member type="way" ref="1540193046" role="outer"/>
  <member type="way" ref="1540193044" role="outer"/>
  <member type="way" ref="1540193043" role="outer"/>
  <member type="way" ref="750250979" role="outer"/>
  <member type="way" ref="443728773" role="outer"/>
  <member type="way" ref="1238678924" role="outer"/>
  <member type="way" ref="1540193010" role="outer"/>
  <member type="way" ref="1540193009" role="outer"/>
  <member type="way" ref="225792265" role="outer"/>
  <member type="way" ref="244456553" role="outer"/>
  <member type="way" ref="1238678923" role="outer"/>
  <member type="way" ref="227668240" role="outer"/>
  <member type="way" ref="1538795723" role="outer"/>
  <member type="way" ref="1538795719" role="outer"/>
  <member type="way" ref="1537337166" role="outer"/>
  <member type="way" ref="227335684" role="outer"/>
  <member type="way" ref="1538795730" role="outer"/>
  <member type="way" ref="1538795731" role="outer"/>
  <member type="way" ref="1537337167" role="outer"/>
  <member type="way" ref="1537337168" role="outer"/>
  <member type="way" ref="1537337169" role="outer"/>
  <member type="way" ref="1537337173" role="outer"/>
  <member type="way" ref="1537337172" role="outer"/>
  <member type="way" ref="1537337171" role="outer"/>
  <member type="way" ref="1537337170" role="outer"/>
  <member type="way" ref="226620157" role="outer"/>
  <member type="way" ref="1529904949" role="outer"/>
  <member type="way" ref="1238473871" role="outer"/>
  <member type="way" ref="1529904944" role="outer"/>
  <member type="way" ref="1529904946" role="outer"/>
  <member type="way" ref="1529904945" role="outer"/>
  <member type="way" ref="1537337177" role="outer"/>
  <member type="way" ref="1537337178" role="outer"/>
  <member type="way" ref="1238505496" role="outer"/>
  <member type="way" ref="1537337175" role="outer"/>
  <member type="way" ref="1537337176" role="outer"/>
  <member type="way" ref="1238505495" role="outer"/>
  <member type="way" ref="1238505497" role="outer"/>
  <member type="way" ref="462883341" role="outer"/>
  <member type="way" ref="462883340" role="outer"/>
  <member type="way" ref="39201381" role="outer"/>
  <member type="way" ref="1520989103" role="outer"/>
  <member type="way" ref="1537869268" role="outer"/>
  <member type="way" ref="867803106" role="outer"/>
  <member type="way" ref="1530738320" role="outer"/>
  <member type="way" ref="1530738319" role="outer"/>
  <member type="way" ref="226614083" role="outer"/>
  <member type="way" ref="121752106" role="outer"/>
  <member type="way" ref="867107904" role="outer"/>
  <member type="way" ref="40645305" role="outer"/>
  <member type="way" ref="867803107" role="outer"/>
  <member type="way" ref="1528960626" role="outer"/>
  <member type="way" ref="1528960623" role="outer"/>
  <member type="way" ref="1528960624" role="outer"/>
  <member type="way" ref="1528960627" role="outer"/>
  <member type="way" ref="1528960625" role="outer"/>
  <member type="way" ref="1235954738" role="outer"/>
  <member type="way" ref="1235954737" role="outer"/>
  <member type="way" ref="1235962742" role="outer"/>
  <member type="way" ref="1235962744" role="outer"/>
  <member type="way" ref="1235962743" role="outer"/>
  <member type="way" ref="54614885" role="outer"/>
  <member type="way" ref="1235962745" role="outer"/>
  <member type="way" ref="1235962746" role="outer"/>
  <member type="way" ref="1235962747" role="outer"/>
  <member type="way" ref="1235962748" role="outer"/>
  <member type="way" ref="1527695150" role="outer"/>
  <member type="way" ref="1527695149" role="outer"/>
  <member type="way" ref="1527695151" role="outer"/>
  <member type="way" ref="1527695156" role="outer"/>
  <member type="way" ref="1527695169" role="outer"/>
  <member type="way" ref="1527695170" role="outer"/>
  <member type="way" ref="1527695171" role="outer"/>
  <member type="way" ref="1527695174" role="outer"/>
  <member type="way" ref="1527695173" role="outer"/>
  <member type="way" ref="1527695168" role="outer"/>
  <member type="way" ref="1527695167" role="outer"/>
  <member type="way" ref="1527695152" role="outer"/>
  <member type="way" ref="1527695153" role="outer"/>
  <member type="way" ref="228287680" role="outer"/>
  <member type="way" ref="1531122202" role="outer"/>
  <member type="way" ref="1531122201" role="outer"/>
  <member type="way" ref="42207728" role="outer"/>
  <member type="way" ref="659597908" role="outer"/>
  <member type="way" ref="659597909" role="outer"/>
  <member type="way" ref="1468131859" role="outer"/>
  <member type="way" ref="54614879" role="outer"/>
  <member type="way" ref="1468131855" role="outer"/>
  <member type="way" ref="1536668483" role="outer"/>
  <member type="way" ref="1536668482" role="outer"/>
  <member type="way" ref="228287679" role="outer"/>
  <member type="way" ref="1536668481" role="outer"/>
  <member type="way" ref="1536668480" role="outer"/>
  <member type="way" ref="1535715212" role="outer"/>
  <member type="way" ref="1535715213" role="outer"/>
  <member type="way" ref="1535715214" role="outer"/>
  <member type="way" ref="1535715215" role="outer"/>
  <member type="way" ref="1535715219" role="outer"/>
  <member type="way" ref="1535715220" role="outer"/>
  <member type="way" ref="1535715221" role="outer"/>
  <member type="way" ref="1535715226" role="outer"/>
  <member type="way" ref="1535715222" role="outer"/>
  <member type="way" ref="1535715223" role="outer"/>
  <member type="way" ref="1535715224" role="outer"/>
  <member type="way" ref="1535715225" role="outer"/>
  <member type="way" ref="1535715227" role="outer"/>
  <member type="way" ref="1535715228" role="outer"/>
  <member type="way" ref="1535715229" role="outer"/>
  <member type="way" ref="1535715230" role="outer"/>
  <member type="way" ref="40931658" role="outer"/>
  <member type="way" ref="202034189" role="outer"/>
  <member type="way" ref="1526544319" role="outer"/>
  <member type="way" ref="191618148" role="outer"/>
  <member type="way" ref="1237450970" role="outer"/>
  <member type="way" ref="1526544322" role="outer"/>
  <member type="way" ref="1526544323" role="outer"/>
  <member type="way" ref="1240657705" role="outer"/>
  <member type="way" ref="1240657706" role="outer"/>
  <member type="way" ref="1238239859" role="outer"/>
  <member type="way" ref="1238239860" role="outer"/>
  <member type="way" ref="1526544329" role="outer"/>
  <member type="way" ref="1237450969" role="outer"/>
  <member type="way" ref="41003098" role="outer"/>
  <member type="way" ref="1237450977" role="outer"/>
  <member type="way" ref="1237450978" role="outer"/>
  <member type="way" ref="1526544336" role="outer"/>
  <member type="way" ref="1526544337" role="outer"/>
  <member type="way" ref="1526544338" role="outer"/>
  <member type="way" ref="1526544343" role="outer"/>
  <member type="way" ref="1526544344" role="outer"/>
  <member type="way" ref="1526544345" role="outer"/>
  <member type="way" ref="1526544346" role="outer"/>
  <member type="way" ref="1526544350" role="outer"/>
  <member type="way" ref="1526544351" role="outer"/>
  <member type="way" ref="1526544348" role="outer"/>
  <member type="way" ref="1526544347" role="outer"/>
  <member type="way" ref="520430373" role="outer"/>
  <member type="way" ref="496021217" role="outer"/>
  <member type="way" ref="496021211" role="outer"/>
  <member type="way" ref="657444559" role="outer"/>
  <member type="way" ref="658948669" role="outer"/>
  <member type="way" ref="658948674" role="outer"/>
  <member type="way" ref="496021190" role="outer"/>
  <member type="way" ref="567565257" role="outer"/>
  <member type="way" ref="1226122728" role="outer"/>
  <member type="way" ref="567565258" role="outer"/>
  <member type="way" ref="1226122729" role="outer"/>
  <member type="way" ref="1226344457" role="outer"/>
  <member type="way" ref="496021177" role="outer"/>
  <member type="way" ref="1526202629" role="outer"/>
  <member type="way" ref="1526202630" role="outer"/>
  <member type="way" ref="657444558" role="outer"/>
  <member type="way" ref="1526202625" role="outer"/>
  <member type="way" ref="1526202618" role="outer"/>
  <member type="way" ref="248144001" role="outer"/>
  <member type="way" ref="41057336" role="outer"/>
  <member type="way" ref="1526202588" role="outer"/>
  <member type="way" ref="248143999" role="outer"/>
  <member type="way" ref="1526202617" role="outer"/>
  <member type="way" ref="248143997" role="outer"/>
  <member type="way" ref="1526202616" role="outer"/>
  <member type="way" ref="567565256" role="outer"/>
  <member type="way" ref="567565253" role="outer"/>
  <member type="way" ref="567565254" role="outer"/>
  <member type="way" ref="567565255" role="outer"/>
  <member type="way" ref="41164626" role="outer"/>
  <member type="way" ref="248144003" role="outer"/>
  <member type="way" ref="1526202615" role="outer"/>
  <member type="way" ref="191955520" role="outer"/>
  <member type="way" ref="1425705490" role="outer"/>
  <member type="way" ref="1526202611" role="outer"/>
  <member type="way" ref="1526202610" role="outer"/>
  <member type="way" ref="1526202609" role="outer"/>
  <member type="way" ref="1526202608" role="outer"/>
  <member type="way" ref="1526202606" role="outer"/>
  <member type="way" ref="191618149" role="outer"/>
  <member type="way" ref="1526234464" role="outer"/>
  <member type="way" ref="1526234463" role="outer"/>
  <member type="way" ref="569815730" role="outer"/>
  <member type="way" ref="1526234473" role="outer"/>
  <member type="way" ref="1526234466" role="outer"/>
  <member type="way" ref="1526234465" role="outer"/>
  <member type="way" ref="1526234467" role="outer"/>
  <member type="way" ref="569815734" role="outer"/>
  <member type="way" ref="183021269" role="outer"/>
  <member type="way" ref="853100615" role="outer"/>
  <member type="way" ref="1526234461" role="outer"/>
  <member type="way" ref="1526234462" role="outer"/>
  <member type="way" ref="1526254705" role="outer"/>
  <member type="way" ref="1526254704" role="outer"/>
  <member type="way" ref="343137291" role="outer"/>
  <member type="way" ref="659425303" role="outer"/>
  <member type="way" ref="1526254702" role="outer"/>
  <member type="way" ref="1526254703" role="outer"/>
  <member type="way" ref="853100614" role="outer"/>
  <member type="way" ref="659425304" role="outer"/>
  <member type="way" ref="198822611" role="outer"/>
  <member type="way" ref="191657647" role="outer"/>
  <member type="way" ref="1526254716" role="outer"/>
  <member type="way" ref="1526254717" role="outer"/>
  <member type="way" ref="1526254718" role="outer"/>
  <member type="way" ref="1526254719" role="outer"/>
  <member type="way" ref="43305960" role="outer"/>
  <member type="way" ref="1526254720" role="outer"/>
  <member type="way" ref="659429005" role="outer"/>
  <member type="way" ref="1526254714" role="outer"/>
  <member type="way" ref="1526254715" role="outer"/>
  <member type="way" ref="659429002" role="outer"/>
  <member type="way" ref="659429004" role="outer"/>
  <member type="way" ref="1526254713" role="outer"/>
  <member type="way" ref="1526254712" role="outer"/>
  <member type="way" ref="368184639" role="outer"/>
  <member type="way" ref="368184640" role="outer"/>
  <member type="way" ref="368191130" role="outer"/>
  <member type="way" ref="196679998" role="outer"/>
  <member type="way" ref="368191129" role="outer"/>
  <member type="way" ref="842830193" role="outer"/>
  <member type="way" ref="860854710" role="outer"/>
  <member type="way" ref="842830192" role="outer"/>
  <member type="way" ref="860854706" role="outer"/>
  <member type="way" ref="191657648" role="outer"/>
  <member type="way" ref="456814775" role="outer"/>
  <member type="way" ref="128443821" role="outer"/>
  <member type="way" ref="204431111" role="outer"/>
  <member type="way" ref="822947811" role="outer"/>
  <member type="way" ref="822947809" role="outer"/>
  <member type="way" ref="823220640" role="outer"/>
  <member type="way" ref="826197407" role="outer"/>
  <member type="way" ref="1526810252" role="outer"/>
  <member type="way" ref="1526810251" role="outer"/>
  <member type="way" ref="1526810249" role="outer"/>
  <member type="way" ref="1526810250" role="outer"/>
  <member type="way" ref="1526810247" role="outer"/>
  <member type="way" ref="1526810248" role="outer"/>
  <member type="way" ref="191657645" role="outer"/>
  <member type="way" ref="826197404" role="outer"/>
  <member type="way" ref="823220633" role="outer"/>
  <member type="way" ref="823220641" role="outer"/>
  <member type="way" ref="456809231" role="outer"/>
  <member type="way" ref="812659011" role="outer"/>
  <member type="way" ref="826197411" role="outer"/>
  <member type="way" ref="823261631" role="outer"/>
  <member type="way" ref="825992957" role="outer"/>
  <member type="way" ref="823269831" role="outer"/>
  <member type="way" ref="823573282" role="outer"/>
  <member type="way" ref="812659017" role="outer"/>
  <member type="way" ref="812659014" role="outer"/>
  <member type="way" ref="823573278" role="outer"/>
  <member type="way" ref="456809232" role="outer"/>
  <member type="way" ref="823573276" role="outer"/>
  <member type="way" ref="1227074343" role="outer"/>
  <member type="way" ref="659803349" role="outer"/>
  <member type="way" ref="659803348" role="outer"/>
  <member type="way" ref="659803346" role="outer"/>
  <member type="way" ref="812648224" role="outer"/>
  <member type="way" ref="460962248" role="outer"/>
  <member type="way" ref="823573275" role="outer"/>
  <member type="way" ref="823607389" role="outer"/>
  <member type="way" ref="825973890" role="outer"/>
  <member type="way" ref="220888685" role="outer"/>
  <member type="way" ref="824180206" role="outer"/>
  <member type="way" ref="753942736" role="outer"/>
  <member type="way" ref="825973886" role="outer"/>
  <member type="way" ref="660825589" role="outer"/>
  <member type="way" ref="131665536" role="outer"/>
  <member type="way" ref="660825591" role="outer"/>
  <member type="way" ref="660825592" role="outer"/>
  <member type="way" ref="825936424" role="outer"/>
  <member type="way" ref="204431106" role="outer"/>
  <member type="way" ref="131908812" role="outer"/>
  <member type="way" ref="746988204" role="outer"/>
  <member type="way" ref="824710129" role="outer"/>
  <member type="way" ref="191708814" role="outer"/>
  <member type="way" ref="824710126" role="outer"/>
  <member type="way" ref="198130988" role="outer"/>
  <member type="way" ref="133042561" role="outer"/>
  <member type="way" ref="133040587" role="outer"/>
  <member type="way" ref="824710119" role="outer"/>
  <member type="way" ref="335279149" role="outer"/>
  <member type="way" ref="746957626" role="outer"/>
  <member type="way" ref="1557529539" role="outer"/>
  <member type="way" ref="133576948" role="outer"/>
  <member type="way" ref="133040586" role="outer"/>
  <member type="way" ref="824969650" role="outer"/>
  <member type="way" ref="746957622" role="outer"/>
  <member type="way" ref="860821784" role="outer"/>
  <member type="way" ref="824988409" role="outer"/>
  <member type="way" ref="860821785" role="outer"/>
  <member type="way" ref="660809020" role="outer"/>
  <member type="way" ref="1125948157" role="outer"/>
  <member type="way" ref="1125948165" role="outer"/>
  <member type="way" ref="1125948148" role="outer"/>
  <member type="way" ref="1125948164" role="outer"/>
  <member type="way" ref="1125948162" role="outer"/>
  <member type="way" ref="1125948161" role="outer"/>
  <member type="way" ref="1125948159" role="outer"/>
  <member type="way" ref="1125948147" role="outer"/>
  <member type="way" ref="824988436" role="outer"/>
  <member type="way" ref="660809019" role="outer"/>
  <member type="way" ref="133885049" role="outer"/>
  <member type="way" ref="746640727" role="outer"/>
  <member type="way" ref="204431116" role="outer"/>
  <member type="way" ref="746640725" role="outer"/>
  <member type="way" ref="661618249" role="outer"/>
  <member type="way" ref="747140598" role="outer"/>
  <member type="way" ref="660365621" role="outer"/>
  <member type="way" ref="742180847" role="outer"/>
  <member type="way" ref="1539622129" role="outer"/>
  <member type="way" ref="1539622130" role="outer"/>
  <member type="way" ref="1539622131" role="outer"/>
  <member type="way" ref="1539622115" role="outer"/>
  <member type="way" ref="1539622116" role="outer"/>
  <member type="way" ref="1539622132" role="outer"/>
  <member type="way" ref="1539622110" role="outer"/>
  <member type="way" ref="847018293" role="outer"/>
  <member type="way" ref="1539622109" role="outer"/>
  <member type="way" ref="783750787" role="outer"/>
  <member type="way" ref="1539622108" role="outer"/>
  <member type="way" ref="1539622107" role="outer"/>
  <member type="way" ref="1539622106" role="outer"/>
  <member type="way" ref="141198685" role="outer"/>
  <member type="way" ref="1539622105" role="outer"/>
  <member type="way" ref="783750788" role="outer"/>
  <member type="way" ref="194755895" role="outer"/>
  <member type="way" ref="749807289" role="outer"/>
  <member type="way" ref="822675497" role="outer"/>
  <member type="way" ref="1560435243" role="outer"/>
  <member type="way" ref="194755896" role="outer"/>
  <member type="way" ref="1560435242" role="outer"/>
  <member type="way" ref="1560435251" role="outer"/>
  <member type="way" ref="1560435244" role="outer"/>
  <member type="way" ref="192582160" role="outer"/>
  <member type="way" ref="1560435245" role="outer"/>
  <member type="way" ref="1560435226" role="outer"/>
  <member type="way" ref="1282045995" role="outer"/>
  <member type="way" ref="1560435229" role="outer"/>
  <member type="way" ref="1560435230" role="outer"/>
  <member type="way" ref="192582161" role="outer"/>
  <member type="way" ref="1560435240" role="outer"/>
  <member type="way" ref="1560435241" role="outer"/>
  <member type="way" ref="1560435239" role="outer"/>
  <member type="way" ref="1560435236" role="outer"/>
  <member type="way" ref="1560435237" role="outer"/>
  <member type="way" ref="35567419" role="outer"/>
  <member type="way" ref="1560435238" role="outer"/>
  <member type="way" ref="362875633" role="outer"/>
  <member type="way" ref="362875636" role="outer"/>
  <member type="way" ref="344925564" role="outer"/>
  <member type="way" ref="1083436057" role="outer"/>
  <member type="way" ref="197951123" role="outer"/>
  <member type="way" ref="194604780" role="outer"/>
  <member type="way" ref="194656687" role="outer"/>
  <member type="way" ref="344928203" role="outer"/>
  <member type="way" ref="822352918" role="outer"/>
  <member type="way" ref="228881376" role="outer"/>
  <member type="way" ref="715619303" role="outer"/>
  <member type="way" ref="628688430" role="outer"/>
  <member type="way" ref="194656688" role="outer"/>
  <member type="way" ref="715619302" role="outer"/>
  <member type="way" ref="337837168" role="outer"/>
  <member type="way" ref="494337815" role="outer"/>
  <member type="way" ref="780233771" role="outer"/>
  <member type="way" ref="494337817" role="outer"/>
  <member type="way" ref="494337816" role="outer"/>
  <member type="way" ref="228889817" role="outer"/>
  <member type="way" ref="659408390" role="outer"/>
  <member type="way" ref="741896355" role="outer"/>
  <member type="way" ref="659408389" role="outer"/>
  <member type="way" ref="197961755" role="outer"/>
  <member type="way" ref="659408386" role="outer"/>
  <member type="way" ref="659408387" role="outer"/>
  <member type="way" ref="659408385" role="outer"/>
  <member type="way" ref="1148707605" role="outer"/>
  <member type="way" ref="1148707609" role="outer"/>
  <member type="way" ref="1148707604" role="outer"/>
  <member type="way" ref="1148707610" role="outer"/>
  <member type="way" ref="360829097" role="outer"/>
  <member type="way" ref="859033256" role="outer"/>
  <member type="way" ref="1148707606" role="outer"/>
  <member type="way" ref="1148707600" role="outer"/>
  <member type="way" ref="780253238" role="outer"/>
  <member type="way" ref="339103497" role="outer"/>
  <member type="way" ref="780253237" role="outer"/>
  <member type="way" ref="364286870" role="outer"/>
  <member type="way" ref="364286872" role="outer"/>
  <member type="way" ref="780253235" role="outer"/>
  <member type="way" ref="364286871" role="outer"/>
  <member type="way" ref="320736718" role="outer"/>
  <member type="way" ref="486287145" role="outer"/>
  <member type="way" ref="859398528" role="outer"/>
  <member type="way" ref="486287166" role="outer"/>
  <member type="way" ref="390865042" role="outer"/>
  <member type="way" ref="780253234" role="outer"/>
  <member type="way" ref="390865043" role="outer"/>
  <member type="way" ref="783469436" role="outer"/>
  <member type="way" ref="494339808" role="outer"/>
  <member type="way" ref="494339809" role="outer"/>
  <member type="way" ref="494339807" role="outer"/>
  <member type="way" ref="1279843698" role="outer"/>
  <member type="way" ref="1279843697" role="outer"/>
  <member type="way" ref="494324804" role="outer"/>
  <member type="way" ref="1278647222" role="outer"/>
  <member type="way" ref="859355359" role="outer"/>
  <member type="way" ref="320736711" role="outer"/>
  <member type="way" ref="1032971271" role="outer"/>
  <member type="way" ref="1256731864" role="outer"/>
  <member type="way" ref="340024650" role="outer"/>
  <member type="way" ref="1256781287" role="outer"/>
  <member type="way" ref="1256781285" role="outer"/>
  <member type="way" ref="146851560" role="outer"/>
  <member type="way" ref="340037402" role="outer"/>
  <member type="way" ref="228287327" role="outer"/>
  <member type="way" ref="659398234" role="outer"/>
  <member type="way" ref="659398250" role="outer"/>
  <member type="way" ref="658987006" role="outer"/>
  <member type="way" ref="228330106" role="outer"/>
  <member type="way" ref="859029875" role="outer"/>
  <member type="way" ref="658987007" role="outer"/>
  <member type="way" ref="659262368" role="outer"/>
  <member type="way" ref="659262367" role="outer"/>
  <member type="way" ref="859028522" role="outer"/>
  <member type="way" ref="660778446" role="outer"/>
  <member type="way" ref="660793579" role="outer"/>
  <member type="way" ref="360261706" role="outer"/>
  <member type="way" ref="360261705" role="outer"/>
  <member type="way" ref="360262197" role="outer"/>
  <member type="way" ref="491828612" role="outer"/>
  <member type="way" ref="360262198" role="outer"/>
  <member type="way" ref="1258390963" role="outer"/>
  <member type="way" ref="1258390962" role="outer"/>
  <member type="way" ref="660645633" role="outer"/>
  <member type="way" ref="1263573104" role="outer"/>
  <member type="way" ref="1136879125" role="outer"/>
  <member type="way" ref="1136879124" role="outer"/>
  <member type="way" ref="228329679" role="outer"/>
  <member type="way" ref="1278659622" role="outer"/>
  <member type="way" ref="1278659620" role="outer"/>
  <member type="way" ref="399771638" role="outer"/>
  <member type="way" ref="399771618" role="outer"/>
  <member type="way" ref="399771696" role="outer"/>
  <member type="way" ref="360264507" role="outer"/>
  <member type="way" ref="360264509" role="outer"/>
  <member type="way" ref="146849903" role="outer"/>
  <member type="way" ref="339282708" role="outer"/>
  <member type="way" ref="1238741165" role="outer"/>
  <member type="way" ref="1238741166" role="outer"/>
  <member type="way" ref="1238741167" role="outer"/>
  <member type="way" ref="1344741698" role="outer"/>
  <member type="way" ref="341044560" role="outer"/>
  <member type="way" ref="159619943" role="outer"/>
  <member type="way" ref="146819483" role="outer"/>
  <member type="way" ref="658051195" role="outer"/>
  <member type="way" ref="257379356" role="outer"/>
  <member type="way" ref="399136472" role="outer"/>
  <member type="way" ref="760617476" role="outer"/>
  <member type="way" ref="760617477" role="outer"/>
  <member type="way" ref="760617478" role="outer"/>
  <member type="way" ref="760617479" role="outer"/>
  <member type="way" ref="494328284" role="outer"/>
  <member type="way" ref="494328286" role="outer"/>
  <member type="way" ref="494328285" role="outer"/>
  <member type="way" ref="337749271" role="outer"/>
  <member type="way" ref="760617481" role="outer"/>
  <member type="way" ref="198987226" role="outer"/>
  <member type="way" ref="318993439" role="outer"/>
  <member type="way" ref="760617480" role="outer"/>
  <member type="way" ref="318993438" role="outer"/>
  <member type="way" ref="494334757" role="outer"/>
  <member type="way" ref="494334758" role="outer"/>
  <member type="way" ref="659266390" role="outer"/>
  <member type="way" ref="1258522357" role="outer"/>
  <member type="way" ref="206411960" role="outer"/>
  <member type="way" ref="659266389" role="outer"/>
  <member type="way" ref="737624868" role="outer"/>
  <member type="way" ref="234174442" role="outer"/>
  <member type="way" ref="737618795" role="outer"/>
  <member type="way" ref="206614299" role="outer"/>
  <member type="way" ref="821975518" role="outer"/>
  <member type="way" ref="206614066" role="outer"/>
  <member type="way" ref="821982081" role="outer"/>
  <member type="way" ref="234174443" role="outer"/>
  <member type="way" ref="737618800" role="outer"/>
  <member type="way" ref="206436682" role="outer"/>
  <member type="way" ref="206436683" role="outer"/>
  <member type="way" ref="206437841" role="outer"/>
  <member type="way" ref="360265363" role="outer"/>
  <member type="way" ref="658627547" role="outer"/>
  <member type="way" ref="341030047" role="outer"/>
  <member type="way" ref="738004076" role="outer"/>
  <member type="way" ref="658632993" role="outer"/>
  <member type="way" ref="638571317" role="outer"/>
  <member type="way" ref="778846892" role="outer"/>
  <member type="way" ref="206452855" role="outer"/>
  <member type="way" ref="659849987" role="outer"/>
  <member type="way" ref="659850001" role="outer"/>
  <member type="way" ref="659849979" role="outer"/>
  <member type="way" ref="206452878" role="outer"/>
  <member type="way" ref="338729067" role="outer"/>
  <member type="way" ref="206446254" role="outer"/>
  <member type="way" ref="341077765" role="outer"/>
  <member type="way" ref="779884113" role="outer"/>
  <member type="way" ref="412561019" role="outer"/>
  <member type="way" ref="492211877" role="outer"/>
  <member type="way" ref="779884111" role="outer"/>
  <member type="way" ref="364451506" role="outer"/>
  <member type="way" ref="778846891" role="outer"/>
  <member type="way" ref="1136546917" role="outer"/>
  <member type="way" ref="638571324" role="outer"/>
  <member type="way" ref="779892446" role="outer"/>
  <member type="way" ref="779892448" role="outer"/>
  <member type="way" ref="655813920" role="outer"/>
  <member type="way" ref="742196997" role="outer"/>
  <member type="way" ref="412561018" role="outer"/>
  <member type="way" ref="453432961" role="outer"/>
  <member type="way" ref="410368381" role="outer"/>
  <member type="way" ref="1534121683" role="outer"/>
  <member type="way" ref="659435028" role="outer"/>
  <member type="way" ref="1534121684" role="outer"/>
  <member type="way" ref="1534121688" role="outer"/>
  <member type="way" ref="1533804396" role="outer"/>
  <member type="way" ref="1533373913" role="outer"/>
  <member type="way" ref="1533373910" role="outer"/>
  <member type="way" ref="1533373909" role="outer"/>
  <member type="way" ref="659435025" role="outer"/>
  <member type="way" ref="1533373907" role="outer"/>
  <member type="way" ref="1533373921" role="outer"/>
  <member type="way" ref="1533373925" role="outer"/>
  <member type="way" ref="1533373926" role="outer"/>
  <member type="way" ref="1533373927" role="outer"/>
  <member type="way" ref="1533373922" role="outer"/>
  <member type="way" ref="659435019" role="outer"/>
  <member type="way" ref="1533373934" role="outer"/>
  <member type="way" ref="712068329" role="outer"/>
  <member type="way" ref="712068328" role="outer"/>
  <member type="way" ref="712068321" role="outer"/>
  <member type="way" ref="1533373932" role="outer"/>
  <member type="way" ref="364451529" role="outer"/>
  <member type="way" ref="712068314" role="outer"/>
  <member type="way" ref="712068315" role="outer"/>
  <member type="way" ref="712068317" role="outer"/>
  <member type="way" ref="712068330" role="outer"/>
  <member type="way" ref="1534121678" role="outer"/>
  <member type="way" ref="1533373952" role="outer"/>
  <member type="way" ref="712068318" role="outer"/>
  <member type="way" ref="492873586" role="outer"/>
  <member type="way" ref="364451522" role="outer"/>
  <member type="way" ref="364451615" role="outer"/>
  <member type="way" ref="273358429" role="outer"/>
  <member type="way" ref="1145224770" role="outer"/>
  <member type="way" ref="818872085" role="outer"/>
  <member type="way" ref="1145224769" role="outer"/>
  <member type="way" ref="819197321" role="outer"/>
  <member type="way" ref="492873585" role="outer"/>
  <member type="way" ref="1533324924" role="outer"/>
  <member type="way" ref="1533324921" role="outer"/>
  <member type="way" ref="1533324923" role="outer"/>
  <member type="way" ref="1533324922" role="outer"/>
  <member type="way" ref="1536034531" role="outer"/>
  <member type="way" ref="364451619" role="outer"/>
  <member type="way" ref="492873584" role="outer"/>
  <member type="way" ref="364451581" role="outer"/>
  <member type="way" ref="492873583" role="outer"/>
  <member type="way" ref="1540152019" role="outer"/>
  <member type="way" ref="492873582" role="outer"/>
  <member type="way" ref="364451600" role="outer"/>
  <member type="way" ref="820504356" role="outer"/>
  <member type="way" ref="206475805" role="outer"/>
  <member type="way" ref="1533324914" role="outer"/>
  <member type="way" ref="655813921" role="outer"/>
  <member type="way" ref="364451584" role="outer"/>
  <member type="way" ref="364451587" role="outer"/>
  <member type="way" ref="274467512" role="outer"/>
  <member type="way" ref="747816319" role="outer"/>
  <member type="way" ref="655813923" role="outer"/>
  <member type="way" ref="206461886" role="outer"/>
  <member type="way" ref="273358430" role="outer"/>
  <member type="way" ref="491727816" role="outer"/>
  <member type="way" ref="409101915" role="outer"/>
  <member type="way" ref="491727817" role="outer"/>
  <member type="way" ref="409101916" role="outer"/>
  <member type="way" ref="395020542" role="outer"/>
  <member type="way" ref="395019725" role="outer"/>
  <member type="way" ref="383380763" role="outer"/>
  <member type="way" ref="381407724" role="outer"/>
  <member type="way" ref="381407723" role="outer"/>
  <member type="way" ref="392919870" role="outer"/>
  <member type="way" ref="603186391" role="outer"/>
  <member type="way" ref="661634461" role="outer"/>
  <member type="way" ref="491727814" role="outer"/>
  <member type="way" ref="658936445" role="outer"/>
  <member type="way" ref="658911663" role="outer"/>
  <member type="way" ref="206410733" role="outer"/>
  <member type="way" ref="658895397" role="outer"/>
  <member type="way" ref="658660013" role="outer"/>
  <member type="way" ref="509331621" role="outer"/>
  <member type="way" ref="509331620" role="outer"/>
  <member type="way" ref="658312487" role="outer"/>
  <member type="way" ref="775573228" role="outer"/>
  <member type="way" ref="658044845" role="outer"/>
  <member type="way" ref="658044838" role="outer"/>
  <member type="way" ref="146701041" role="outer"/>
  <member type="way" ref="658934283" role="outer"/>
  <member type="way" ref="658934261" role="outer"/>
  <member type="way" ref="658934274" role="outer"/>
  <member type="way" ref="658934278" role="outer"/>
  <member type="way" ref="484864601" role="outer"/>
  <member type="way" ref="146700251" role="outer"/>
  <member type="way" ref="484864602" role="outer"/>
  <member type="way" ref="484864603" role="outer"/>
  <member type="way" ref="205694202" role="outer"/>
  <member type="way" ref="737882322" role="outer"/>
  <member type="way" ref="381411947" role="outer"/>
  <member type="way" ref="10854053" role="outer"/>
  <member type="way" ref="437261267" role="outer"/>
  <member type="way" ref="381411946" role="outer"/>
  <member type="way" ref="146711600" role="outer"/>
  <member type="way" ref="146711601" role="outer"/>
  <member type="way" ref="453441462" role="outer"/>
  <member type="way" ref="1030238671" role="outer"/>
  <member type="way" ref="365213339" role="outer"/>
  <member type="way" ref="542138021" role="outer"/>
  <member type="way" ref="365213338" role="outer"/>
  <member type="way" ref="365213343" role="outer"/>
  <member type="way" ref="365213342" role="outer"/>
  <member type="way" ref="777798662" role="outer"/>
  <member type="way" ref="365213341" role="outer"/>
  <member type="way" ref="238410773" role="outer"/>
  <member type="way" ref="542138022" role="outer"/>
  <member type="way" ref="365213340" role="outer"/>
  <member type="way" ref="197732137" role="outer"/>
  <member type="way" ref="817928150" role="outer"/>
  <member type="way" ref="146584507" role="outer"/>
  <member type="way" ref="775367471" role="outer"/>
  <member type="way" ref="817928153" role="outer"/>
  <member type="way" ref="145812443" role="outer"/>
  <member type="way" ref="817871608" role="outer"/>
  <member type="way" ref="411879484" role="outer"/>
  <member type="way" ref="817928160" role="outer"/>
  <member type="way" ref="568584692" role="outer"/>
  <member type="way" ref="363531474" role="outer"/>
  <member type="way" ref="541646289" role="outer"/>
  <member type="way" ref="302960209" role="outer"/>
  <member type="way" ref="1047696148" role="outer"/>
  <member type="way" ref="1047696147" role="outer"/>
  <member type="way" ref="1047696146" role="outer"/>
  <member type="way" ref="1115386305" role="outer"/>
  <member type="way" ref="1115386304" role="outer"/>
  <member type="way" ref="1047696145" role="outer"/>
  <member type="way" ref="1047696144" role="outer"/>
  <member type="way" ref="1047696143" role="outer"/>
  <member type="way" ref="1047696142" role="outer"/>
  <member type="way" ref="1047696141" role="outer"/>
  <member type="way" ref="1047696149" role="outer"/>
  <member type="way" ref="259109125" role="outer"/>
  <member type="way" ref="406431785" role="outer"/>
  <member type="way" ref="922099087" role="outer"/>
  <member type="way" ref="550674404" role="outer"/>
  <member type="way" ref="406431786" role="outer"/>
  <member type="way" ref="406431787" role="outer"/>
  <member type="way" ref="192164373" role="outer"/>
  <member type="way" ref="119945049" role="outer"/>
  <member type="way" ref="220974713" role="outer"/>
  <member type="way" ref="220940523" role="outer"/>
  <member type="way" ref="119945047" role="outer"/>
  <member type="way" ref="220971955" role="outer"/>
  <member type="way" ref="220962083" role="outer"/>
  <member type="way" ref="219066747" role="outer"/>
  <member type="way" ref="795643487" role="outer"/>
  <member type="way" ref="219300382" role="outer"/>
  <member type="way" ref="121595854" role="outer"/>
  <member type="way" ref="795643486" role="outer"/>
  <member type="way" ref="219297934" role="outer"/>
  <member type="way" ref="213573898" role="outer"/>
  <member type="way" ref="216449101" role="outer"/>
  <member type="way" ref="216261533" role="outer"/>
  <member type="way" ref="215116718" role="outer"/>
  <member type="way" ref="812569093" role="outer"/>
  <member type="way" ref="214817390" role="outer"/>
  <member type="way" ref="214796402" role="outer"/>
  <member type="way" ref="749053106" role="outer"/>
  <member type="way" ref="749053105" role="outer"/>
  <member type="way" ref="210298970" role="outer"/>
  <member type="way" ref="1249319061" role="outer"/>
  <member type="way" ref="210395988" role="outer"/>
  <member type="way" ref="121557397" role="outer"/>
  <member type="way" ref="210638139" role="outer"/>
  <member type="way" ref="210637108" role="outer"/>
  <member type="way" ref="210392982" role="outer"/>
  <member type="way" ref="210637109" role="outer"/>
  <member type="way" ref="208360441" role="outer"/>
  <member type="way" ref="208503131" role="outer"/>
  <member type="way" ref="208621744" role="outer"/>
  <member type="way" ref="119943741" role="outer"/>
  <member type="way" ref="119017116" role="outer"/>
  <member type="way" ref="234460420" role="outer"/>
  <member type="way" ref="659290575" role="outer"/>
  <member type="way" ref="659290578" role="outer"/>
  <member type="way" ref="659290577" role="outer"/>
  <member type="way" ref="659290573" role="outer"/>
  <member type="way" ref="659238761" role="outer"/>
  <member type="way" ref="659238760" role="outer"/>
  <member type="way" ref="659238759" role="outer"/>
  <member type="way" ref="50329406" role="outer"/>
  <member type="way" ref="659238758" role="outer"/>
  <member type="way" ref="659238764" role="outer"/>
  <member type="way" ref="659238765" role="outer"/>
  <member type="way" ref="1251432299" role="outer"/>
  <member type="way" ref="234460419" role="outer"/>
  <member type="way" ref="1251432300" role="outer"/>
  <member type="way" ref="118988242" role="outer"/>
  <member type="way" ref="659288858" role="outer"/>
  <member type="way" ref="659288860" role="outer"/>
  <member type="way" ref="659288859" role="outer"/>
  <member type="way" ref="659288852" role="outer"/>
  <member type="way" ref="659288851" role="outer"/>
  <member type="way" ref="234460421" role="outer"/>
  <member type="way" ref="1352212273" role="outer"/>
  <member type="way" ref="48041867" role="outer"/>
  <member type="way" ref="548593434" role="outer"/>
  <member type="way" ref="671740814" role="outer"/>
  <member type="way" ref="671740815" role="outer"/>
  <member type="way" ref="548593480" role="outer"/>
  <member type="way" ref="234501167" role="outer"/>
  <member type="way" ref="1411915939" role="outer"/>
  <member type="way" ref="234501166" role="outer"/>
  <member type="way" ref="1166027339" role="outer"/>
  <member type="way" ref="671740817" role="outer"/>
  <member type="way" ref="1166027337" role="outer"/>
  <member type="way" ref="671740819" role="outer"/>
  <member type="way" ref="518959072" role="outer"/>
  <member type="way" ref="518959060" role="outer"/>
  <member type="way" ref="234501165" role="outer"/>
  <member type="way" ref="501098404" role="outer"/>
  <member type="way" ref="54750720" role="outer"/>
  <member type="way" ref="235051126" role="outer"/>
  <member type="way" ref="233331226" role="outer"/>
  <member type="way" ref="664542613" role="outer"/>
  <member type="way" ref="507054589" role="outer"/>
  <member type="way" ref="668577212" role="outer"/>
  <member type="way" ref="668577221" role="outer"/>
  <member type="way" ref="54750809" role="outer"/>
  <member type="way" ref="233331227" role="outer"/>
  <member type="way" ref="664535179" role="outer"/>
  <member type="way" ref="426669982" role="outer"/>
  <member type="way" ref="507050158" role="outer"/>
  <member type="way" ref="507050160" role="outer"/>
  <member type="way" ref="507050153" role="outer"/>
  <member type="way" ref="40834474" role="outer"/>
  <member type="way" ref="671740821" role="outer"/>
  <member type="way" ref="671740824" role="outer"/>
  <member type="way" ref="507050154" role="outer"/>
  <member type="way" ref="235081812" role="outer"/>
  <member type="way" ref="1411870840" role="outer"/>
  <member type="way" ref="235081814" role="outer"/>
  <member type="way" ref="40835573" role="outer"/>
  <member type="way" ref="671740827" role="outer"/>
  <member type="way" ref="235832882" role="outer"/>
  <member type="way" ref="1174260870" role="outer"/>
  <member type="way" ref="54750700" role="outer"/>
  <member type="way" ref="1173075914" role="outer"/>
  <member type="way" ref="237322565" role="outer"/>
  <member type="way" ref="1173075913" role="outer"/>
  <member type="way" ref="40835056" role="outer"/>
  <member type="way" ref="40834748" role="outer"/>
  <member type="way" ref="237322564" role="outer"/>
  <member type="way" ref="40834412" role="outer"/>
  <member type="way" ref="238882388" role="outer"/>
  <member type="way" ref="495731037" role="outer"/>
  <member type="way" ref="671740829" role="outer"/>
  <member type="way" ref="40835072" role="outer"/>
  <member type="way" ref="238882387" role="outer"/>
  <member type="way" ref="238882891" role="outer"/>
  <member type="way" ref="40834961" role="outer"/>
  <member type="way" ref="238226477" role="outer"/>
  <member type="way" ref="671740830" role="outer"/>
  <member type="way" ref="40835456" role="outer"/>
  <member type="way" ref="671740831" role="outer"/>
  <member type="way" ref="238268560" role="outer"/>
  <member type="way" ref="671740833" role="outer"/>
  <member type="way" ref="238226476" role="outer"/>
  <member type="way" ref="671740832" role="outer"/>
  <member type="way" ref="40835511" role="outer"/>
  <member type="way" ref="238885036" role="outer"/>
  <member type="way" ref="41682759" role="outer"/>
  <member type="way" ref="527125882" role="outer"/>
  <member type="way" ref="671740834" role="outer"/>
  <member type="way" ref="238885037" role="outer"/>
  <member type="way" ref="40835109" role="outer"/>
  <member type="way" ref="237757438" role="outer"/>
  <member type="way" ref="527125894" role="outer"/>
  <member type="way" ref="40835438" role="outer"/>
  <member type="way" ref="40835087" role="outer"/>
  <member type="way" ref="549174310" role="outer"/>
  <member type="way" ref="671740835" role="outer"/>
  <member type="way" ref="40834662" role="outer"/>
  <member type="way" ref="549174308" role="outer"/>
  <member type="way" ref="268599304" role="outer"/>
  <member type="way" ref="558301390" role="outer"/>
  <member type="way" ref="832332258" role="outer"/>
  <member type="way" ref="268776277" role="outer"/>
  <member type="way" ref="558301392" role="outer"/>
  <member type="way" ref="558301386" role="outer"/>
  <member type="way" ref="558301393" role="outer"/>
  <member type="way" ref="558301388" role="outer"/>
  <member type="way" ref="832332260" role="outer"/>
  <member type="way" ref="152198247" role="outer"/>
  <member type="way" ref="558301383" role="outer"/>
  <member type="way" ref="832685913" role="outer"/>
  <member type="way" ref="231159791" role="outer"/>
  <member type="way" ref="48779813" role="outer"/>
  <member type="way" ref="48780028" role="outer"/>
  <member type="way" ref="1557975292" role="outer"/>
  <member type="way" ref="48780029" role="outer"/>
  <member type="way" ref="48780027" role="outer"/>
  <member type="way" ref="1167097728" role="outer"/>
  <member type="way" ref="48780120" role="outer"/>
  <member type="way" ref="1165088354" role="outer"/>
  <member type="way" ref="558301367" role="outer"/>
  <member type="way" ref="42785996" role="outer"/>
  <member type="way" ref="237615180" role="outer"/>
  <member type="way" ref="592491369" role="outer"/>
  <member type="way" ref="1165091763" role="outer"/>
  <member type="way" ref="42786180" role="outer"/>
  <member type="way" ref="42786117" role="outer"/>
  <member type="way" ref="118524343" role="outer"/>
  <member type="way" ref="1387070045" role="outer"/>
  <member type="way" ref="530860719" role="outer"/>
  <member type="way" ref="530860710" role="outer"/>
  <member type="way" ref="530860713" role="outer"/>
  <member type="way" ref="1096299299" role="outer"/>
  <member type="way" ref="530860716" role="outer"/>
  <member type="way" ref="1186857026" role="outer"/>
  <member type="way" ref="42840454" role="outer"/>
  <member type="way" ref="530860722" role="outer"/>
  <member type="way" ref="530860726" role="outer"/>
  <member type="way" ref="118524344" role="outer"/>
  <member type="way" ref="120372468" role="outer"/>
  <member type="way" ref="275281059" role="outer"/>
  <member type="way" ref="42840398" role="outer"/>
  <member type="way" ref="42840064" role="outer"/>
  <member type="way" ref="237615190" role="outer"/>
  <member type="way" ref="1182452746" role="outer"/>
  <member type="way" ref="1182452745" role="outer"/>
  <member type="way" ref="157246170" role="outer"/>
  <member type="way" ref="439260561" role="outer"/>
  <member type="way" ref="1182452743" role="outer"/>
  <member type="way" ref="439260565" role="outer"/>
  <member type="way" ref="71183548" role="outer"/>
  <member type="way" ref="1165063918" role="outer"/>
  <member type="way" ref="71183550" role="outer"/>
  <member type="way" ref="832377975" role="outer"/>
  <member type="way" ref="237615181" role="outer"/>
  <member type="way" ref="71183551" role="outer"/>
  <member type="way" ref="45733858" role="outer"/>
  <member type="way" ref="290774315" role="outer"/>
  <member type="way" ref="42840005" role="outer"/>
  <member type="way" ref="219298907" role="outer"/>
  <member type="way" ref="237615188" role="outer"/>
  <member type="way" ref="27996034" role="outer"/>
  <member type="way" ref="439630583" role="outer"/>
  <member type="way" ref="202879822" role="outer"/>
  <member type="way" ref="262166336" role="outer"/>
  <member type="way" ref="740287543" role="outer"/>
  <member type="way" ref="48629608" role="outer"/>
  <member type="way" ref="439973529" role="outer"/>
  <member type="way" ref="751868357" role="outer"/>
  <member type="way" ref="444003242" role="outer"/>
  <member type="way" ref="262654935" role="outer"/>
  <member type="way" ref="1283182575" role="outer"/>
  <member type="way" ref="1343432226" role="outer"/>
  <member type="way" ref="444003247" role="outer"/>
  <member type="way" ref="444003246" role="outer"/>
  <member type="way" ref="237615813" role="outer"/>
  <member type="way" ref="237615814" role="outer"/>
  <member type="way" ref="444175191" role="outer"/>
  <member type="way" ref="237616193" role="outer"/>
  <member type="way" ref="237455566" role="outer"/>
  <member type="way" ref="23616552" role="outer"/>
  <member type="way" ref="237474752" role="outer"/>
  <member type="way" ref="237474753" role="outer"/>
  <member type="way" ref="864189023" role="outer"/>
  <member type="way" ref="237455565" role="outer"/>
  <member type="way" ref="238022553" role="outer"/>
  <member type="way" ref="833625195" role="outer"/>
  <member type="way" ref="833625194" role="outer"/>
  <member type="way" ref="1162436526" role="outer"/>
  <member type="way" ref="238022552" role="outer"/>
  <member type="way" ref="238021719" role="outer"/>
  <member type="way" ref="833625196" role="outer"/>
  <member type="way" ref="238021718" role="outer"/>
  <member type="way" ref="1153231352" role="outer"/>
  <member type="way" ref="238021717" role="outer"/>
  <member type="way" ref="238021720" role="outer"/>
  <member type="way" ref="238021721" role="outer"/>
  <member type="way" ref="238021722" role="outer"/>
  <member type="way" ref="238394003" role="outer"/>
  <member type="way" ref="238394001" role="outer"/>
  <member type="way" ref="238394002" role="outer"/>
  <member type="way" ref="833636495" role="outer"/>
  <member type="way" ref="833636494" role="outer"/>
  <member type="way" ref="238363388" role="outer"/>
  <member type="way" ref="864214352" role="outer"/>
  <member type="way" ref="833636488" role="outer"/>
  <member type="way" ref="833636487" role="outer"/>
  <member type="way" ref="238363389" role="outer"/>
  <member type="way" ref="864214353" role="outer"/>
  <member type="way" ref="864186615" role="outer"/>
  <member type="way" ref="422234890" role="outer"/>
  <member type="way" ref="236927014" role="outer"/>
  <member type="way" ref="864185762" role="outer"/>
  <member type="way" ref="237148215" role="outer"/>
  <member type="way" ref="236927015" role="outer"/>
  <member type="way" ref="864181771" role="outer"/>
  <member type="way" ref="703507583" role="outer"/>
  <member type="way" ref="262797395" role="outer"/>
  <member type="way" ref="237321536" role="outer"/>
  <member type="way" ref="864181769" role="outer"/>
  <member type="way" ref="703507582" role="outer"/>
  <member type="way" ref="118513794" role="outer"/>
  <member type="way" ref="23621856" role="outer"/>
  <member type="way" ref="682143170" role="outer"/>
  <member type="way" ref="682143169" role="outer"/>
  <member type="way" ref="233890987" role="outer"/>
  <member type="way" ref="233890984" role="outer"/>
  <member type="way" ref="1200627986" role="outer"/>
  <member type="way" ref="170435112" role="outer"/>
  <member type="way" ref="233381470" role="outer"/>
  <member type="way" ref="144406529" role="outer"/>
  <member type="way" ref="1200050125" role="outer"/>
  <member type="way" ref="170766958" role="outer"/>
  <member type="way" ref="170509858" role="outer"/>
  <member type="way" ref="232847228" role="outer"/>
  <member type="way" ref="1214358804" role="outer"/>
  <member type="way" ref="313893707" role="outer"/>
  <member type="way" ref="10662797" role="inner"/>
  <member type="way" ref="617674687" role="outer"/>
  <member type="way" ref="343952492" role="outer"/>
  <member type="way" ref="344398834" role="outer"/>
  <member type="way" ref="173739567" role="outer"/>
  <member type="way" ref="173739564" role="outer"/>
  <member type="way" ref="170515725" role="outer"/>
  <member type="way" ref="343954010" role="outer"/>
  <member type="way" ref="170772879" role="outer"/>
  <member type="way" ref="318746051" role="outer"/>
  <member type="way" ref="318746050" role="outer"/>
  <member type="way" ref="318746640" role="outer"/>
  <member type="way" ref="313862828" role="outer"/>
  <member type="way" ref="343799831" role="outer"/>
  <member type="way" ref="333920065" role="outer"/>
  <member type="way" ref="313868746" role="outer"/>
  <member type="way" ref="313868536" role="outer"/>
  <member type="way" ref="313868376" role="outer"/>
  <member type="way" ref="313868311" role="outer"/>
  <member type="way" ref="313868262" role="outer"/>
  <member type="way" ref="313869181" role="outer"/>
  <member type="way" ref="85625060" role="outer"/>
  <member type="way" ref="313869634" role="outer"/>
  <member type="way" ref="313874096" role="outer"/>
  <member type="way" ref="314028338" role="outer"/>
  <member type="way" ref="313893706" role="outer"/>
  <member type="way" ref="343362079" role="outer"/>
  <member type="way" ref="343362078" role="outer"/>
  <member type="way" ref="321517205" role="outer"/>
  <member type="way" ref="170763678" role="outer"/>
  <member type="way" ref="837266026" role="outer"/>
  <member type="way" ref="837266027" role="outer"/>
  <member type="way" ref="118401134" role="outer"/>
  <member type="way" ref="837266343" role="outer"/>
  <member type="way" ref="837266344" role="outer"/>
  <member type="way" ref="260419568" role="outer"/>
  <member type="way" ref="170766956" role="outer"/>
  <member type="way" ref="126470842" role="outer"/>
  <member type="way" ref="126470877" role="outer"/>
  <member type="way" ref="620917932" role="outer"/>
  <member type="way" ref="233913585" role="outer"/>
  <member type="way" ref="614112897" role="outer"/>
  <member type="way" ref="614112896" role="outer"/>
  <member type="way" ref="829413658" role="outer"/>
  <member type="way" ref="829412006" role="outer"/>
  <member type="way" ref="614106631" role="outer"/>
  <member type="way" ref="837264628" role="outer"/>
  <member type="way" ref="836531085" role="outer"/>
  <member type="way" ref="836531084" role="outer"/>
  <member type="way" ref="829413651" role="outer"/>
  <member type="way" ref="829413652" role="outer"/>
  <member type="way" ref="829413655" role="outer"/>
  <member type="way" ref="829413657" role="outer"/>
  <member type="way" ref="829413653" role="outer"/>
  <member type="way" ref="829413656" role="outer"/>
  <member type="way" ref="623549381" role="outer"/>
  <member type="way" ref="620976563" role="outer"/>
  <member type="way" ref="23638910" role="outer"/>
  <member type="way" ref="126470870" role="outer"/>
  <member type="way" ref="615329441" role="outer"/>
  <member type="way" ref="23638908" role="outer"/>
  <member type="way" ref="23623225" role="outer"/>
  <member type="way" ref="23638921" role="outer"/>
  <member type="way" ref="23638927" role="outer"/>
  <member type="way" ref="620976564" role="outer"/>
  <member type="way" ref="233913580" role="outer"/>
  <member type="way" ref="623149698" role="outer"/>
  <member type="way" ref="233913582" role="outer"/>
  <member type="way" ref="233913578" role="outer"/>
  <member type="way" ref="23623252" role="outer"/>
  <member type="way" ref="126470848" role="outer"/>
  <member type="way" ref="126470851" role="outer"/>
  <member type="way" ref="23638919" role="outer"/>
  <member type="way" ref="343954992" role="outer"/>
  <member type="way" ref="313870364" role="outer"/>
  <member type="way" ref="201989831" role="outer"/>
  <member type="way" ref="10663197" role="inner"/>
  <member type="way" ref="20324681" role="inner"/>
  <member type="way" ref="203774471" role="inner"/>
  <member type="way" ref="203756007" role="inner"/>
  <member type="way" ref="518953919" role="inner"/>
  <member type="way" ref="10662928" role="inner"/>
  <member type="way" ref="181098348" role="inner"/>
  <member type="way" ref="20324664" role="inner"/>
  <member type="way" ref="613501469" role="outer"/>
  <member type="way" ref="227912340" role="outer"/>
  <member type="way" ref="620630742" role="outer"/>
  <member type="way" ref="620631453" role="outer"/>
  <member type="way" ref="620413834" role="outer"/>
  <member type="way" ref="620917930" role="outer"/>
  <member type="way" ref="621233067" role="outer"/>
  <member type="way" ref="621577216" role="outer"/>
  <member type="way" ref="620636853" role="outer"/>
  <member type="way" ref="615651433" role="outer"/>
  <member type="way" ref="615651630" role="outer"/>
  <member type="way" ref="624755854" role="outer"/>
  <member type="way" ref="626243996" role="outer"/>
  <member type="way" ref="626244000" role="outer"/>
  <member type="way" ref="772631543" role="outer"/>
  <member type="way" ref="772631545" role="inner"/>
  <member type="way" ref="772631550" role="outer"/>
  <member type="way" ref="772631551" role="outer"/>
  <member type="way" ref="344396039" role="outer"/>
  <member type="way" ref="772654980" role="outer"/>
  <member type="way" ref="772654981" role="outer"/>
  <member type="way" ref="772654982" role="outer"/>
  <member type="way" ref="772654983" role="outer"/>
  <member type="way" ref="772654984" role="outer"/>
  <member type="way" ref="772654985" role="outer"/>
  <member type="way" ref="772654986" role="outer"/>
  <member type="way" ref="772631544" role="inner"/>
  <member type="way" ref="772631546" role="inner"/>
  <member type="way" ref="772631547" role="inner"/>
  <member type="way" ref="313867445" role="outer"/>
  <member type="way" ref="313873245" role="outer"/>
  <member type="way" ref="343952495" role="outer"/>
  <member type="way" ref="233913584" role="outer"/>
  <member type="way" ref="623868729" role="outer"/>
  <member type="way" ref="772654987" role="outer"/>
  <member type="way" ref="619166037" role="outer"/>
  <member type="way" ref="620632267" role="outer"/>
  <member type="node" ref="81590481" role="admin_centre"/>
  <member type="node" ref="249399280" role="label"/>
  <member type="relation" ref="153558" role="subarea"/>
  <member type="relation" ref="153550" role="subarea"/>
  <member type="relation" ref="153544" role="subarea"/>
  <member type="relation" ref="153543" role="subarea"/>
  <member type="relation" ref="153549" role="subarea"/>
  <member type="relation" ref="153538" role="subarea"/>
  <member type="relation" ref="153539" role="subarea"/>
  <member type="relation" ref="2405230" role="subarea"/>
  <member type="relation" ref="153547" role="subarea"/>
  <member type="relation" ref="1606727" role="subarea"/>
  <member type="relation" ref="153553" role="subarea"/>
  <member type="relation" ref="153540" role="subarea"/>
  <member type="relation" ref="153536" role="subarea"/>
  <member type="relation" ref="153541" role="subarea"/>
  <member type="relation" ref="153556" role="subarea"/>
  <member type="relation" ref="2849847" role="subarea"/>
  <member type="relation" ref="153551" role="subarea"/>
  <member type="relation" ref="153552" role="subarea"/>
  <member type="relation" ref="3592494" role="subarea"/>
  <member type="relation" ref="153548" role="subarea"/>
  <member type="relation" ref="153554" role="subarea"/>
  <member type="relation" ref="153545" role="subarea"/>
  <member type="relation" ref="1632167" role="subarea"/>
  <member type="relation" ref="3082668" role="subarea"/>
  <tag k="admin_level" v="2"/>
  <tag k="alt_name:be-tarask" v="Аргенціна"/>
  <tag k="alt_name:ckb" v="ئارجەنتین"/>
  <tag k="alt_name:co" v="Arghjintina"/>
  <tag k="alt_name:gn" v="Arahentína"/>
  <tag k="alt_name:kn" v="ಅರ್ಜೆಂಟೀನ ಗಣರಾಜ್ಯ"/>
  <tag k="alt_name:mzn" v="آرجانتین"/>
  <tag k="alt_name:nah" v="Argentina Tlācatlahtohcāyōtl"/>
  <tag k="alt_name:oc" v="Riu de la Plata"/>
  <tag k="alt_name:qu" v="Qullqillaqta"/>
  <tag k="alt_name:roa-rup" v="Arghentinescã"/>
  <tag k="alt_name:rw" v="Arijantina"/>
  <tag k="alt_name:ta" v="அர்ஜெந்தீனா"/>
  <tag k="alt_name:wo" v="Argentiin"/>
  <tag k="boundary" v="administrative"/>
  <tag k="capital_city" v="Buenos Aires"/>
  <tag k="country_code_fips" v="AR"/>
  <tag k="default_language" v="es"/>
  <tag k="driving_side" v="right"/>
  <tag k="flag" v="https://upload.wikimedia.org/wikipedia/commons/1/1a/Flag_of_Argentina.svg"/>
  <tag k="geonames:id" v="3865483"/>
  <tag k="int_name" v="Argentina"/>
  <tag k="ISO3166-1" v="AR"/>
  <tag k="ISO3166-1:alpha2" v="AR"/>
  <tag k="ISO3166-1:alpha3" v="ARG"/>
  <tag k="ISO3166-1:numeric" v="032"/>
  <tag k="name" v="Argentina"/>
  <tag k="name:ace" v="Argentina"/>
  <tag k="name:ady" v="Аргентинэ"/>
  <tag k="name:af" v="Argentinië"/>
  <tag k="name:ak" v="Agyɛntina"/>
  <tag k="name:als" v="Argentinie"/>
  <tag k="name:am" v="አርጀንቲና"/>
  <tag k="name:an" v="Archentina"/>
  <tag k="name:ang" v="Argentina"/>
  <tag k="name:ar" v="الأرجنتين"/>
  <tag k="name:arz" v="ارجنتين"/>
  <tag k="name:as" v="আৰ্জেণ্টিনা"/>
  <tag k="name:ast" v="Arxentina"/>
  <tag k="name:av" v="Аргентина"/>
  <tag k="name:ay" v="Arxintina"/>
  <tag k="name:az" v="Argentina"/>
  <tag k="name:azb" v="آرژانتین"/>
  <tag k="name:ba" v="Аргенти́на"/>
  <tag k="name:bar" v="Argentinien"/>
  <tag k="name:bat-smg" v="Argentėna"/>
  <tag k="name:bcl" v="Argentina"/>
  <tag k="name:be" v="Аргенці́на"/>
  <tag k="name:be-tarask" v="Аргенты́на"/>
  <tag k="name:bg" v="Аржентѝна"/>
  <tag k="name:bh" v="अर्जेन्टीना"/>
  <tag k="name:bi" v="Argentina"/>
  <tag k="name:bm" v="Argentina"/>
  <tag k="name:bn" v="আর্জেন্টিনা"/>
  <tag k="name:bo" v="ཨར་ཇེན་ཊི་ན།"/>
  <tag k="name:bpy" v="আর্জেন্টিনা"/>
  <tag k="name:br" v="Arc'hantina"/>
  <tag k="name:bs" v="Argentina"/>
  <tag k="name:bxr" v="Аргентина"/>
  <tag k="name:ca" v="Argentina"/>
  <tag k="name:cbk-zam" v="Argentina"/>
  <tag k="name:cdo" v="Ā-gŏng-dìng"/>
  <tag k="name:ce" v="Аргенти́на"/>
  <tag k="name:ceb" v="Arhentina"/>
  <tag k="name:ch" v="Argentina"/>
  <tag k="name:chr" v="ᎠᏥᏂᏘᏂᎠ"/>
  <tag k="name:ckb" v="ئەرجەنتین"/>
  <tag k="name:co" v="Argentina"/>
  <tag k="name:crh" v="Argentina"/>
  <tag k="name:cs" v="Argentina"/>
  <tag k="name:csb" v="Argentina"/>
  <tag k="name:cv" v="Аргентина"/>
  <tag k="name:cy" v="Ariannin"/>
  <tag k="name:da" v="Argentina"/>
  <tag k="name:de" v="Argentinien"/>
  <tag k="name:diq" v="Arcantin"/>
  <tag k="name:dsb" v="Argentinska"/>
  <tag k="name:dty" v="अर्जेन्टिना"/>
  <tag k="name:dv" v="އާޖެންޓީނާ"/>
  <tag k="name:dz" v="ཨར་ཇེན་ཊི་ན"/>
  <tag k="name:ee" v="Argentina"/>
  <tag k="name:el" v="Αργεντινή"/>
  <tag k="name:en" v="Argentina"/>
  <tag k="name:eo" v="Argentino"/>
  <tag k="name:es" v="Argentina"/>
  <tag k="name:et" v="Argentina"/>
  <tag k="name:eu" v="Argentina"/>
  <tag k="name:ext" v="Argentina"/>
  <tag k="name:fa" v="آرژانتین"/>
  <tag k="name:ff" v="Arjantiin"/>
  <tag k="name:fi" v="Argentiina"/>
  <tag k="name:fj" v="Argentina"/>
  <tag k="name:fo" v="Argentina"/>
  <tag k="name:fr" v="Argentine"/>
  <tag k="name:frp" v="Argentena"/>
  <tag k="name:frr" v="Argentiinien"/>
  <tag k="name:fur" v="Argjentine"/>
  <tag k="name:fy" v="Argentynje"/>
  <tag k="name:ga" v="an Airgintín"/>
  <tag k="name:gag" v="Argentina"/>
  <tag k="name:gan" v="阿根廷"/>
  <tag k="name:gd" v="Argentina"/>
  <tag k="name:gl" v="Arxentina"/>
  <tag k="name:gn" v="Argentina"/>
  <tag k="name:gom" v="आर्जेन्टिना"/>
  <tag k="name:gu" v="આર્જેન્ટીના"/>
  <tag k="name:gv" v="yn Argenteen"/>
  <tag k="name:ha" v="Argentina"/>
  <tag k="name:hak" v="Â-kîn-thìn"/>
  <tag k="name:haw" v="ʻAlekina"/>
  <tag k="name:he" v="ארגנטינה"/>
  <tag k="name:hi" v="अर्जेण्टीना"/>
  <tag k="name:hif" v="Argentina"/>
  <tag k="name:hr" v="Argentina"/>
  <tag k="name:hsb" v="Argentinska"/>
  <tag k="name:ht" v="Ajantin"/>
  <tag k="name:hu" v="Argentína"/>
  <tag k="name:hy" v="Արգենտինա"/>
  <tag k="name:ia" v="Argentina"/>
  <tag k="name:id" v="Argentina"/>
  <tag k="name:ie" v="Argentina"/>
  <tag k="name:ig" v="Argentina"/>
  <tag k="name:ilo" v="Arhentina"/>
  <tag k="name:io" v="Arjentinia"/>
  <tag k="name:is" v="Argentína"/>
  <tag k="name:it" v="Argentina"/>
  <tag k="name:ja" v="アルゼンチン"/>
  <tag k="name:ja-Latn" v="Aruzenchin"/>
  <tag k="name:jam" v="Aajentiina"/>
  <tag k="name:jbo" v="getygu'e"/>
  <tag k="name:jv" v="Argèntina"/>
  <tag k="name:ka" v="არგენტინა"/>
  <tag k="name:kaa" v="Argentina"/>
  <tag k="name:kab" v="Tarjentint"/>
  <tag k="name:kbd" v="Архенти́нэ"/>
  <tag k="name:kbp" v="Arzantiini"/>
  <tag k="name:kg" v="Arhentina"/>
  <tag k="name:ki" v="Argentina"/>
  <tag k="name:kk" v="Аргентина"/>
  <tag k="name:kl" v="Argentina"/>
  <tag k="name:km" v="អាហ្សង់ទីន"/>
  <tag k="name:kn" v="ಅರ್ಜೆಂಟೀನ"/>
  <tag k="name:ko" v="아르헨티나"/>
  <tag k="name:krc" v="Аргенти́на"/>
  <tag k="name:ks" v="أرجَنٹینا"/>
  <tag k="name:ksh" v="Ajjentiinije"/>
  <tag k="name:ku" v="Arjentîn"/>
  <tag k="name:kv" v="Аргентина"/>
  <tag k="name:kw" v="Arghantina"/>
  <tag k="name:ky" v="Аргентина"/>
  <tag k="name:la" v="Argentina"/>
  <tag k="name:lad" v="Arjentina"/>
  <tag k="name:lb" v="Argentinien"/>
  <tag k="name:lez" v="Аргентина"/>
  <tag k="name:lg" v="Arigentina"/>
  <tag k="name:li" v="Argentinië"/>
  <tag k="name:lij" v="Argentinn-a"/>
  <tag k="name:lmo" v="Argentina"/>
  <tag k="name:ln" v="Argentina"/>
  <tag k="name:lo" v="ອາກຊັງຕີນ"/>
  <tag k="name:lrc" v="آرجانتین"/>
  <tag k="name:lt" v="Argentina"/>
  <tag k="name:ltg" v="Argeņtina"/>
  <tag k="name:lv" v="Argentīna"/>
  <tag k="name:lzh" v="阿根廷"/>
  <tag k="name:mai" v="अर्जेन्टिना"/>
  <tag k="name:mg" v="Arjentina"/>
  <tag k="name:mhr" v="Аргентине"/>
  <tag k="name:mi" v="Āketina"/>
  <tag k="name:min" v="Argentina"/>
  <tag k="name:mk" v="Аргентина"/>
  <tag k="name:ml" v="അർജന്റീന"/>
  <tag k="name:mn" v="Аргентин"/>
  <tag k="name:mr" v="आर्जेन्टिना"/>
  <tag k="name:mrj" v="Аргентина"/>
  <tag k="name:ms" v="Argentina"/>
  <tag k="name:mt" v="Arġentina"/>
  <tag k="name:mwl" v="Argentina"/>
  <tag k="name:my" v="အာဂျင်တီးနားနိုင်ငံ"/>
  <tag k="name:mzn" v="آرژانتین"/>
  <tag k="name:na" v="Ardjentina"/>
  <tag k="name:nah" v="Argentina"/>
  <tag k="name:nan" v="Argentina"/>
  <tag k="name:nap" v="Argentina"/>
  <tag k="name:nds" v="Argentinien"/>
  <tag k="name:nds-nl" v="Argentinië"/>
  <tag k="name:ne" v="अर्जेन्टिना"/>
  <tag k="name:new" v="अर्जेन्टिना"/>
  <tag k="name:nl" v="Argentinië"/>
  <tag k="name:nn" v="Argentina"/>
  <tag k="name:no" v="Argentina"/>
  <tag k="name:nov" v="Argentina"/>
  <tag k="name:nrm" v="Argentinne"/>
  <tag k="name:nso" v="Argentina"/>
  <tag k="name:nv" v="Béésh Łigaii Bikéyah"/>
  <tag k="name:oc" v="Argentina"/>
  <tag k="name:olo" v="Argentiinu"/>
  <tag k="name:om" v="Arjentiinaa"/>
  <tag k="name:or" v="ଆର୍ଜେଣ୍ଟିନା"/>
  <tag k="name:os" v="Аргентинæ"/>
  <tag k="name:pa" v="ਅਰਜਨਟੀਨਾ"/>
  <tag k="name:pag" v="Argentina"/>
  <tag k="name:pam" v="Argentina"/>
  <tag k="name:pap" v="Argentina"/>
  <tag k="name:pdc" v="Artschenti"/>
  <tag k="name:pfl" v="Argentinje"/>
  <tag k="name:pi" v="अर्जन्टीना"/>
  <tag k="name:pih" v="Aajentiina"/>
  <tag k="name:pl" v="Argentyna"/>
  <tag k="name:pms" v="Argentin-a"/>
  <tag k="name:pnb" v="ارجنٹاین"/>
  <tag k="name:ps" v="ارجنټاین"/>
  <tag k="name:pt" v="Argentina"/>
  <tag k="name:qu" v="Arhintina"/>
  <tag k="name:rm" v="Argentinia"/>
  <tag k="name:rmy" v="Arxentina"/>
  <tag k="name:rn" v="Argentine"/>
  <tag k="name:ro" v="Argentina"/>
  <tag k="name:roa-rup" v="Arghentina"/>
  <tag k="name:roa-tara" v="Argendine"/>
  <tag k="name:ru" v="Аргентина"/>
  <tag k="name:rue" v="Арґентина"/>
  <tag k="name:rw" v="Arijantine"/>
  <tag k="name:sa" v="अर्जण्टिना"/>
  <tag k="name:sah" v="Аргентина"/>
  <tag k="name:sc" v="Argentina"/>
  <tag k="name:scn" v="Argintina"/>
  <tag k="name:sco" v="Argentinae"/>
  <tag k="name:se" v="Argentiinná"/>
  <tag k="name:sg" v="Arzantîna"/>
  <tag k="name:sh" v="Argentina"/>
  <tag k="name:si" v="ආජන්ටිනාව"/>
  <tag k="name:sk" v="Argentína"/>
  <tag k="name:sl" v="Argentina"/>
  <tag k="name:sm" v="Atenitina"/>
  <tag k="name:smn" v="Argentiina"/>
  <tag k="name:sms" v="Argentiin"/>
  <tag k="name:sn" v="Argentina"/>
  <tag k="name:so" v="Arjantiina"/>
  <tag k="name:sq" v="Argjentina"/>
  <tag k="name:sr" v="Аргентина"/>
  <tag k="name:srn" v="Argentinikondre"/>
  <tag k="name:stq" v="Argentinien"/>
  <tag k="name:su" v="Argéntina"/>
  <tag k="name:sv" v="Argentina"/>
  <tag k="name:sw" v="Argentina"/>
  <tag k="name:szl" v="Argyntyna"/>
  <tag k="name:ta" v="அர்கெந்தீனா"/>
  <tag k="name:te" v="అర్జెంటీనా"/>
  <tag k="name:tet" v="Arjentina"/>
  <tag k="name:tg" v="Аргенти́на"/>
  <tag k="name:th" v="อาร์เจนตินา"/>
  <tag k="name:ti" v="አርጀንቲና"/>
  <tag k="name:tk" v="Argentina"/>
  <tag k="name:tl" v="Arhentina"/>
  <tag k="name:to" v="ʻAsenitina"/>
  <tag k="name:tok" v="ma Alensina"/>
  <tag k="name:tpi" v="Ajentina"/>
  <tag k="name:tr" v="Arjantin"/>
  <tag k="name:ts" v="Arjentina"/>
  <tag k="name:tt" v="Аргенти́на"/>
  <tag k="name:tum" v="Argentina"/>
  <tag k="name:tw" v="Argentina"/>
  <tag k="name:ty" v="’Atetina"/>
  <tag k="name:tyv" v="Аргентина"/>
  <tag k="name:tzl" v="Arxhentì"/>
  <tag k="name:udm" v="Аргентина"/>
  <tag k="name:ug" v="ئارگېنتىنا"/>
  <tag k="name:uk" v="Аргенти́на"/>
  <tag k="name:ur" v="ارجنٹائن"/>
  <tag k="name:uz" v="Argentina"/>
  <tag k="name:vec" v="Argentina"/>
  <tag k="name:vep" v="Argentin"/>
  <tag k="name:vi" v="Argentina"/>
  <tag k="name:vls" v="Argentinië"/>
  <tag k="name:vo" v="Largäntän"/>
  <tag k="name:vro" v="Argentina"/>
  <tag k="name:wa" v="Årdjintene"/>
  <tag k="name:war" v="Argentina"/>
  <tag k="name:wo" v="Arsantin"/>
  <tag k="name:wuu" v="阿根廷"/>
  <tag k="name:xal" v="Эрҗентудин"/>
  <tag k="name:xmf" v="არგენტინა"/>
  <tag k="name:yi" v="אַרגענטינע"/>
  <tag k="name:yo" v="Argẹntínà"/>
  <tag k="name:yue" v="阿根廷"/>
  <tag k="name:za" v="Argentina"/>
  <tag k="name:zea" v="Arhentinië"/>
  <tag k="name:zh" v="阿根廷"/>
  <tag k="name:zh-Hans" v="阿根廷"/>
  <tag k="name:zh-Hant" v="阿根廷"/>
  <tag k="name:zu" v="i-Argentina"/>
  <tag k="official_name" v="República Argentina"/>
  <tag k="official_name:af" v="Argentynse Republiek"/>
  <tag k="official_name:als" v="Argentinischi Republik"/>
  <tag k="official_name:am" v="አርጀንቲናዊ ሬፑብሊክ"/>
  <tag k="official_name:an" v="Republica Archentina"/>
  <tag k="official_name:ar" v="جمهورية الأرجنتين"/>
  <tag k="official_name:arz" v="الجمهوريه الارچنتينيه"/>
  <tag k="official_name:ast" v="República Arxentina"/>
  <tag k="official_name:av" v="ЖумхIурият Аргентина"/>
  <tag k="official_name:ay" v="Arjintina Republika"/>
  <tag k="official_name:az" v="Argentina Respublikası"/>
  <tag k="official_name:azb" v="آرژانتین جومهوریسی"/>
  <tag k="official_name:ba" v="Аргентина Республикаһы"/>
  <tag k="official_name:bar" v="Argentinische Republik"/>
  <tag k="official_name:bat-smg" v="Argentėnas Respoblėka"/>
  <tag k="official_name:be" v="Аргенці́нская Рэспу́бліка"/>
  <tag k="official_name:be-tarask" v="Рэспу́бліка Аргенты́на"/>
  <tag k="official_name:bg" v="Република Аржентина"/>
  <tag k="official_name:bm" v="Argentina Fasojamana"/>
  <tag k="official_name:bn" v="আর্জেন্টিনীয় প্রজাতন্ত্র"/>
  <tag k="official_name:bpy" v="প্রজাতন্ত্রি আর্জেন্টিনা"/>
  <tag k="official_name:bs" v="Republika Argentina"/>
  <tag k="official_name:bxr" v="Бүгэдэ Найрамдаха Аргентинэ Улас"/>
  <tag k="official_name:ca" v="República Argentina"/>
  <tag k="official_name:cbk-zam" v="República Argentina"/>
  <tag k="official_name:ce" v="Аргентинан Пачхьалкх"/>
  <tag k="official_name:chr" v="ᎠᏥᏂᏘᏂᎠ ᏍᎦᏚᎩ"/>
  <tag k="official_name:ckb" v="کۆماری ئەرجەنتین"/>
  <tag k="official_name:crh" v="Argentina Cumhuriyeti"/>
  <tag k="official_name:cs" v="Argentinská republika"/>
  <tag k="official_name:cv" v="Аргентина Республики"/>
  <tag k="official_name:cy" v="Gweriniaeth yr Ariannin"/>
  <tag k="official_name:da" v="Argentinske Republik"/>
  <tag k="official_name:de" v="Argentinische Republik"/>
  <tag k="official_name:dsb" v="Republika Argentinska"/>
  <tag k="official_name:el" v="Δημοκρατία της Αργεντινής"/>
  <tag k="official_name:en" v="Argentine Republic"/>
  <tag k="official_name:eo" v="Argentina Respubliko"/>
  <tag k="official_name:es" v="República Argentina"/>
  <tag k="official_name:et" v="Argentina Vabariik"/>
  <tag k="official_name:eu" v="Argentinako Errepublika"/>
  <tag k="official_name:ext" v="Repúbrica Argentina"/>
  <tag k="official_name:fa" v="جمهوری آرژانتین"/>
  <tag k="official_name:fi" v="Argentiinan tasavalta"/>
  <tag k="official_name:fo" v="Lýðveldið Argentina"/>
  <tag k="official_name:fr" v="République Argentine"/>
  <tag k="official_name:frp" v="Rèpublica argentina"/>
  <tag k="official_name:frr" v="Argentiinsk Republiik"/>
  <tag k="official_name:fur" v="Republiche Argjentine"/>
  <tag k="official_name:fy" v="Argentynske Republyk"/>
  <tag k="official_name:gan" v="阿根廷共和國"/>
  <tag k="official_name:gd" v="an Argantain"/>
  <tag k="official_name:gl" v="República Arxentina"/>
  <tag k="official_name:gn" v="Tetã Argentina"/>
  <tag k="official_name:gu" v="આર્જેન્ટીના ગણરાજ્ય"/>
  <tag k="official_name:gv" v="Pobblaght ny h-Argenteen"/>
  <tag k="official_name:ha" v="Jamhuriyar Argentina"/>
  <tag k="official_name:haw" v="Lepupalika o ʻAlekina"/>
  <tag k="official_name:he" v="הרפובליקה הארגנטינאית"/>
  <tag k="official_name:hi" v="अर्जेन्टीना गणराज्य"/>
  <tag k="official_name:hif" v="República Argentina"/>
  <tag k="official_name:hr" v="Argentinska Republika"/>
  <tag k="official_name:hsb" v="Republika Argentinska"/>
  <tag k="official_name:hu" v="Argentin Köztársaság"/>
  <tag k="official_name:hy" v="Արգենտինայի Հանրապետություն"/>
  <tag k="official_name:ia" v="Republica Argentin"/>
  <tag k="official_name:id" v="Republik Argentina"/>
  <tag k="official_name:ilo" v="Arhentino a Republika"/>
  <tag k="official_name:io" v="Republiko Arjentinia"/>
  <tag k="official_name:is" v="Argentínska lýðveldið"/>
  <tag k="official_name:it" v="Repubblica Argentina"/>
  <tag k="official_name:ja" v="アルゼンチン共和国"/>
  <tag k="official_name:jam" v="Aajentiin Ripoblik"/>
  <tag k="official_name:ka" v="არგენტინის რესპუბლიკა"/>
  <tag k="official_name:kbd" v="Республикэ Архентинэ"/>
  <tag k="official_name:kk" v="Аргентина Республикасы"/>
  <tag k="official_name:kl" v="Kunngiitsuuffik Argentina"/>
  <tag k="official_name:kn" v="ರಿಪಬ್ಲಿಕ ಅರ್ಜೆಂಟೀನ"/>
  <tag k="official_name:ko" v="아르헨티나 공화국"/>
  <tag k="official_name:krc" v="Аргенти́на Респу́блика"/>
  <tag k="official_name:ku" v="Komara Arjentînê"/>
  <tag k="official_name:kv" v="Аргентина Республика"/>
  <tag k="official_name:kw" v="Repoblek Arghantinek"/>
  <tag k="official_name:ky" v="Аргентинa Республикaсы"/>
  <tag k="official_name:la" v="res publica Argentina"/>
  <tag k="official_name:lad" v="Republika Arjentina"/>
  <tag k="official_name:lb" v="Republik Argentinien"/>
  <tag k="official_name:lez" v="Аргентинадин Республика"/>
  <tag k="official_name:li" v="Rippebliek Argentinië"/>
  <tag k="official_name:lmo" v="Repübliga Argentina"/>
  <tag k="official_name:lo" v="ສາທາລະນະລັດອາກຊັງຕິນ"/>
  <tag k="official_name:lt" v="Argentinos Respublika"/>
  <tag k="official_name:ltg" v="Argeņtinys Republika"/>
  <tag k="official_name:lv" v="Argentīnas Republika"/>
  <tag k="official_name:lzh" v="阿根廷共和國"/>
  <tag k="official_name:mai" v="अर्जेन्टिना गणतन्त्र"/>
  <tag k="official_name:mg" v="Repoblika Arjentina"/>
  <tag k="official_name:mi" v="Te Whenua Tū Wehe o Āketina"/>
  <tag k="official_name:mk" v="Аргентинска Република"/>
  <tag k="official_name:ml" v="അർജന്റീന റിപ്പബ്ലിക്ക്"/>
  <tag k="official_name:mn" v="Бүгд Найрамдах Аргентин Улс"/>
  <tag k="official_name:mr" v="आर्जेन्टिनाचे प्रजासत्ताक"/>
  <tag k="official_name:mrj" v="Аргентина Республика"/>
  <tag k="official_name:ms" v="Republik Argentina"/>
  <tag k="official_name:mt" v="Repubblika Arġentina"/>
  <tag k="official_name:mwl" v="República Argentina"/>
  <tag k="official_name:mzn" v="آرژانتین جمهوری"/>
  <tag k="official_name:nah" v="Ticpatlahua Argentina"/>
  <tag k="official_name:nan" v="Argentina Kiōng-hô-kok"/>
  <tag k="official_name:nap" v="Repubbreca Argentina"/>
  <tag k="official_name:nds" v="Republiek Argentinien"/>
  <tag k="official_name:nds-nl" v="Republiek Argentinië"/>
  <tag k="official_name:ne" v="अर्जेन्टिनी गणतन्त्र"/>
  <tag k="official_name:new" v="गणतन्त्र अर्जेन्टिना"/>
  <tag k="official_name:nl" v="Argentijnse Republiek"/>
  <tag k="official_name:nn" v="Republikk Argentina"/>
  <tag k="official_name:no" v="Republikken Argentina"/>
  <tag k="official_name:nov" v="Republike de Argentina"/>
  <tag k="official_name:oc" v="Republica Argentina"/>
  <tag k="official_name:os" v="Аргентинæйы Республикæ"/>
  <tag k="official_name:pa" v="ਅਰਜਨਟੀਨ ਗਣਰਾਜ"/>
  <tag k="official_name:pam" v="Argentina Republica"/>
  <tag k="official_name:pap" v="Repúblika Argentino"/>
  <tag k="official_name:pfl" v="Republik Argentinje"/>
  <tag k="official_name:pl" v="Republika Argentyńska"/>
  <tag k="official_name:pms" v="Repùblica Argentin-a"/>
  <tag k="official_name:pt" v="República Argentina"/>
  <tag k="official_name:qu" v="Arhintina Ripuwlika"/>
  <tag k="official_name:rm" v="Republica Argentinia"/>
  <tag k="official_name:rmy" v="Republika Arxentina"/>
  <tag k="official_name:ro" v="Republica Argentina"/>
  <tag k="official_name:roa-rup" v="Republica Arghentinescã"/>
  <tag k="official_name:roa-tara" v="Repubbleche Argendine"/>
  <tag k="official_name:ru" v="Аргентинская Республика"/>
  <tag k="official_name:rue" v="Арґентиньска републіка"/>
  <tag k="official_name:sah" v="Аргентина Республиката"/>
  <tag k="official_name:sc" v="Repubblica Argentina"/>
  <tag k="official_name:scn" v="Ripubblicca Argintina"/>
  <tag k="official_name:sco" v="Argentine Republic"/>
  <tag k="official_name:se" v="Argentiinná dásseváldi"/>
  <tag k="official_name:sh" v="Argentinska Republika"/>
  <tag k="official_name:si" v="ආජන්ටිනා සමුහාණ්ඩුව"/>
  <tag k="official_name:sk" v="Argentínska republika"/>
  <tag k="official_name:sl" v="Argentinska republika"/>
  <tag k="official_name:so" v="Jamhuuriyadda Arjantiina"/>
  <tag k="official_name:sq" v="Republika Argjentine"/>
  <tag k="official_name:sr" v="Република Аргентина"/>
  <tag k="official_name:stq" v="Republik Argentinien"/>
  <tag k="official_name:su" v="Républik Argéntina"/>
  <tag k="official_name:sv" v="Republiken Argentina"/>
  <tag k="official_name:sw" v="Jamhuri ya Argentina"/>
  <tag k="official_name:szl" v="Republika Argyntyńskŏ"/>
  <tag k="official_name:ta" v="அர்கெந்தீனா குடியரசு"/>
  <tag k="official_name:te" v="రిపబ్లికా అర్జెంటీనా"/>
  <tag k="official_name:tet" v="Repúblika Arjentina"/>
  <tag k="official_name:tg" v="Ҷумҳурии Аргентина"/>
  <tag k="official_name:th" v="สาธารณรัฐอาร์เจนตินา"/>
  <tag k="official_name:tk" v="Argentina Respublikasy"/>
  <tag k="official_name:tl" v="Republikang Arhentino"/>
  <tag k="official_name:tr" v="Arjantin Cumhuriyeti"/>
  <tag k="official_name:tt" v="Аргентина Җөмһүрияте"/>
  <tag k="official_name:udm" v="Аргентина Республика"/>
  <tag k="official_name:ug" v="ئاندوررا كېنەزلىكى"/>
  <tag k="official_name:uk" v="Аргенти́нська Респу́бліка"/>
  <tag k="official_name:ur" v="جمہوریہ ارجنٹائن"/>
  <tag k="official_name:uz" v="Argenti-na Respublikasi"/>
  <tag k="official_name:vec" v="Republica Argentina"/>
  <tag k="official_name:vep" v="Argentinan Tazovaldkund"/>
  <tag k="official_name:vi" v="Cộng hòa Argentina"/>
  <tag k="official_name:vls" v="Republiek Argentinië"/>
  <tag k="official_name:vo" v="Republik Largäntänik"/>
  <tag k="official_name:vro" v="Argentina Vabariik"/>
  <tag k="official_name:war" v="Republika Argentina"/>
  <tag k="official_name:wo" v="Republik bu Argentiin"/>
  <tag k="official_name:wuu" v="阿根廷共和国"/>
  <tag k="official_name:xal" v="Эрҗентудин Орн"/>
  <tag k="official_name:xmf" v="არგენტინაშ რესპუბლიკა"/>
  <tag k="official_name:yi" v="אַרגענטינער רעפובליק"/>
  <tag k="official_name:yo" v="Republic Argẹntínà"/>
  <tag k="official_name:yue" v="阿根廷共和國"/>
  <tag k="official_name:zea" v="Rippebliek Arhentinië"/>
  <tag k="official_name:zh" v="阿根廷共和国 / 阿根廷共和國"/>
  <tag k="official_name:zh-Hans" v="阿根廷共和国"/>
  <tag k="official_name:zh-Hant" v="阿根廷共和國"/>
  <tag k="old_name:vi" v="Á Căn Đình"/>
  <tag k="population" v="47327407"/>
  <tag k="population:date" v="2022-05-20"/>
  <tag k="type" v="boundary"/>
  <tag k="wikidata" v="Q414"/>
  <tag k="wikimedia_commons" v="Category:Argentina"/>
  <tag k="wikipedia" v="es:Argentina"/>
 </relation>
 <relation id="1632167" visible="true" version="569" changeset="189038980" timestamp="2026-09-15T03:02:22Z" user="Dogui2000" uid="11499958">
  <member type="node" ref="247782633" role="admin_centre"/>
  <member type="node" ref="618279734" role="label"/>
  <member type="way" ref="1144573554" role="outer"/>
  <member type="way" ref="296794070" role="outer"/>
  <member type="way" ref="263739911" role="outer"/>
  <member type="way" ref="1238770814" role="outer"/>
  <member type="way" ref="1033991092" role="outer"/>
  <member type="way" ref="1511175631" role="outer"/>
  <member type="way" ref="48393709" role="outer"/>
  <member type="way" ref="583093072" role="outer"/>
  <member type="way" ref="48114828" role="outer"/>
  <member type="way" ref="198239669" role="outer"/>
  <member type="way" ref="197873679" role="outer"/>
  <member type="way" ref="296794072" role="outer"/>
  <member type="way" ref="1000947029" role="outer"/>
  <member type="way" ref="1000947028" role="outer"/>
  <member type="way" ref="1000947027" role="outer"/>
  <member type="way" ref="198871850" role="outer"/>
  <member type="way" ref="1001595825" role="outer"/>
  <member type="way" ref="1344477770" role="outer"/>
  <member type="way" ref="681040265" role="outer"/>
  <member type="way" ref="1428194600" role="outer"/>
  <member type="way" ref="1428194604" role="outer"/>
  <member type="way" ref="28260425" role="outer"/>
  <member type="way" ref="1428196122" role="outer"/>
  <member type="way" ref="229110105" role="outer"/>
  <member type="way" ref="1238770810" role="outer"/>
  <member type="way" ref="1238770809" role="outer"/>
  <member type="way" ref="226504411" role="outer"/>
  <member type="way" ref="297307155" role="outer"/>
  <member type="way" ref="229109915" role="outer"/>
  <member type="way" ref="92988169" role="outer"/>
  <member type="way" ref="510224153" role="outer"/>
  <member type="way" ref="92988156" role="outer"/>
  <member type="way" ref="297307153" role="outer"/>
  <member type="way" ref="297307154" role="outer"/>
  <member type="way" ref="92988179" role="outer"/>
  <member type="way" ref="47521364" role="outer"/>
  <member type="way" ref="303130490" role="outer"/>
  <member type="way" ref="1451843983" role="outer"/>
  <member type="way" ref="25799186" role="outer"/>
  <member type="way" ref="303130491" role="outer"/>
  <member type="way" ref="292390520" role="outer"/>
  <member type="way" ref="1194892368" role="outer"/>
  <member type="way" ref="28549114" role="outer"/>
  <member type="way" ref="292492015" role="outer"/>
  <member type="way" ref="265863298" role="outer"/>
  <member type="way" ref="1457337063" role="outer"/>
  <member type="way" ref="25617630" role="outer"/>
  <member type="way" ref="298030608" role="outer"/>
  <member type="way" ref="298030609" role="outer"/>
  <member type="way" ref="547350122" role="outer"/>
  <member type="way" ref="334054598" role="outer"/>
  <member type="way" ref="47059830" role="outer"/>
  <member type="way" ref="28615741" role="outer"/>
  <member type="way" ref="28533996" role="outer"/>
  <member type="way" ref="115811556" role="outer"/>
  <member type="way" ref="28533998" role="outer"/>
  <member type="way" ref="1396679990" role="outer"/>
  <member type="way" ref="28533999" role="outer"/>
  <member type="way" ref="87889826" role="outer"/>
  <member type="way" ref="87889827" role="outer"/>
  <member type="way" ref="298234733" role="outer"/>
  <member type="way" ref="298241488" role="outer"/>
  <member type="way" ref="1018417244" role="outer"/>
  <member type="way" ref="1041325445" role="outer"/>
  <member type="way" ref="778460840" role="outer"/>
  <member type="way" ref="1041325446" role="outer"/>
  <member type="way" ref="28534001" role="outer"/>
  <member type="way" ref="208937729" role="outer"/>
  <member type="way" ref="298241487" role="outer"/>
  <member type="way" ref="323554269" role="outer"/>
  <member type="way" ref="298244215" role="outer"/>
  <member type="way" ref="298244214" role="outer"/>
  <member type="way" ref="22718646" role="outer"/>
  <member type="way" ref="298458095" role="outer"/>
  <member type="way" ref="305654319" role="outer"/>
  <member type="way" ref="1396688996" role="outer"/>
  <member type="way" ref="1396689001" role="outer"/>
  <member type="way" ref="298458094" role="outer"/>
  <member type="way" ref="1356191322" role="outer"/>
  <member type="way" ref="31781704" role="outer"/>
  <member type="way" ref="892509688" role="outer"/>
  <member type="way" ref="31781700" role="outer"/>
  <member type="way" ref="1502921023" role="outer"/>
  <member type="way" ref="892509692" role="outer"/>
  <member type="way" ref="892509693" role="outer"/>
  <member type="way" ref="1285436674" role="outer"/>
  <member type="way" ref="289480889" role="outer"/>
  <member type="way" ref="299317209" role="outer"/>
  <member type="way" ref="299317217" role="outer"/>
  <member type="way" ref="298463834" role="outer"/>
  <member type="way" ref="82692932" role="outer"/>
  <member type="way" ref="26513143" role="outer"/>
  <member type="way" ref="312340734" role="outer"/>
  <member type="way" ref="81244709" role="outer"/>
  <member type="way" ref="291271632" role="outer"/>
  <member type="way" ref="298729191" role="outer"/>
  <member type="way" ref="82692969" role="outer"/>
  <member type="way" ref="298729193" role="outer"/>
  <member type="way" ref="85099564" role="outer"/>
  <member type="way" ref="298739055" role="outer"/>
  <member type="way" ref="226508752" role="outer"/>
  <member type="way" ref="223092075" role="outer"/>
  <member type="way" ref="596733538" role="outer"/>
  <member type="way" ref="226508750" role="outer"/>
  <member type="way" ref="1265697387" role="outer"/>
  <member type="way" ref="223092076" role="outer"/>
  <member type="way" ref="439084630" role="outer"/>
  <member type="way" ref="62940951" role="outer"/>
  <member type="way" ref="1320220898" role="outer"/>
  <member type="way" ref="303404814" role="outer"/>
  <member type="way" ref="993352856" role="outer"/>
  <member type="way" ref="222720128" role="outer"/>
  <member type="way" ref="1309220231" role="outer"/>
  <member type="way" ref="36102360" role="outer"/>
  <member type="way" ref="62940968" role="outer"/>
  <member type="way" ref="288399222" role="outer"/>
  <member type="way" ref="484301223" role="outer"/>
  <member type="way" ref="288399221" role="outer"/>
  <member type="way" ref="26508395" role="outer"/>
  <member type="way" ref="483833155" role="outer"/>
  <member type="way" ref="86576227" role="outer"/>
  <member type="way" ref="474972785" role="outer"/>
  <member type="way" ref="46933265" role="outer"/>
  <member type="way" ref="81339746" role="outer"/>
  <member type="way" ref="26330278" role="outer"/>
  <member type="way" ref="81341265" role="outer"/>
  <member type="way" ref="81341261" role="outer"/>
  <member type="way" ref="81341262" role="outer"/>
  <member type="way" ref="39517293" role="outer"/>
  <member type="way" ref="39517297" role="outer"/>
  <member type="way" ref="81341259" role="outer"/>
  <member type="way" ref="36866330" role="outer"/>
  <member type="way" ref="85099536" role="outer"/>
  <member type="way" ref="81341260" role="outer"/>
  <member type="way" ref="131828246" role="outer"/>
  <member type="way" ref="750142458" role="outer"/>
  <member type="way" ref="750142467" role="outer"/>
  <member type="way" ref="750142466" role="outer"/>
  <member type="way" ref="1543316511" role="outer"/>
  <member type="way" ref="1372763321" role="outer"/>
  <member type="way" ref="139486215" role="outer"/>
  <member type="way" ref="1433125561" role="outer"/>
  <member type="way" ref="1433125562" role="outer"/>
  <member type="way" ref="1433125573" role="outer"/>
  <member type="way" ref="1433125574" role="outer"/>
  <member type="way" ref="1433125578" role="outer"/>
  <member type="way" ref="1433125584" role="outer"/>
  <member type="way" ref="1433125588" role="outer"/>
  <member type="way" ref="1433125592" role="outer"/>
  <member type="way" ref="131828368" role="outer"/>
  <member type="way" ref="1433125586" role="outer"/>
  <member type="way" ref="1543316513" role="outer"/>
  <member type="way" ref="180867887" role="outer"/>
  <member type="way" ref="1325728695" role="outer"/>
  <member type="way" ref="183600708" role="outer"/>
  <member type="way" ref="922099087" role="outer"/>
  <member type="way" ref="550674404" role="outer"/>
  <member type="way" ref="406431786" role="outer"/>
  <member type="way" ref="406431787" role="outer"/>
  <member type="way" ref="801714116" role="outer"/>
  <member type="way" ref="262795442" role="outer"/>
  <member type="way" ref="183600716" role="outer"/>
  <member type="way" ref="184096014" role="outer"/>
  <member type="way" ref="220974712" role="outer"/>
  <member type="way" ref="872964806" role="outer"/>
  <member type="way" ref="220523009" role="outer"/>
  <member type="way" ref="184147156" role="outer"/>
  <member type="way" ref="1169052241" role="outer"/>
  <member type="way" ref="1169052240" role="outer"/>
  <member type="way" ref="1428863312" role="outer"/>
  <member type="way" ref="184234727" role="outer"/>
  <member type="way" ref="184241994" role="outer"/>
  <member type="way" ref="1025990857" role="outer"/>
  <member type="way" ref="637884333" role="outer"/>
  <member type="way" ref="637884337" role="outer"/>
  <member type="way" ref="184249250" role="outer"/>
  <member type="way" ref="623930063" role="outer"/>
  <member type="way" ref="119100490" role="outer"/>
  <member type="way" ref="637624216" role="outer"/>
  <member type="way" ref="304659589" role="outer"/>
  <member type="way" ref="624576596" role="outer"/>
  <member type="way" ref="624575003" role="outer"/>
  <member type="way" ref="624143167" role="outer"/>
  <member type="way" ref="624575002" role="outer"/>
  <member type="way" ref="624145296" role="outer"/>
  <member type="way" ref="624145297" role="outer"/>
  <member type="way" ref="675750121" role="outer"/>
  <member type="way" ref="304659579" role="outer"/>
  <member type="way" ref="304736371" role="outer"/>
  <member type="way" ref="304736369" role="outer"/>
  <member type="way" ref="184249248" role="outer"/>
  <member type="way" ref="304736341" role="outer"/>
  <member type="way" ref="304736372" role="outer"/>
  <member type="way" ref="304736370" role="outer"/>
  <member type="way" ref="304789153" role="outer"/>
  <member type="way" ref="184690785" role="outer"/>
  <member type="way" ref="948540076" role="outer"/>
  <member type="way" ref="304980265" role="outer"/>
  <member type="way" ref="614327586" role="outer"/>
  <member type="way" ref="618388542" role="outer"/>
  <member type="way" ref="842709509" role="outer"/>
  <member type="way" ref="643433563" role="outer"/>
  <member type="way" ref="842709510" role="outer"/>
  <member type="way" ref="187114388" role="outer"/>
  <member type="way" ref="185642485" role="outer"/>
  <member type="way" ref="189150209" role="outer"/>
  <member type="way" ref="616687662" role="outer"/>
  <member type="way" ref="305190402" role="outer"/>
  <member type="way" ref="616919449" role="outer"/>
  <member type="way" ref="618388546" role="outer"/>
  <member type="way" ref="1558982843" role="outer"/>
  <member type="way" ref="618388544" role="outer"/>
  <member type="way" ref="187114386" role="outer"/>
  <member type="way" ref="583464024" role="outer"/>
  <member type="way" ref="327521110" role="outer"/>
  <member type="way" ref="189154488" role="outer"/>
  <member type="way" ref="618388547" role="outer"/>
  <member type="way" ref="646776715" role="outer"/>
  <member type="way" ref="646776714" role="outer"/>
  <member type="way" ref="646776713" role="outer"/>
  <member type="way" ref="646776712" role="outer"/>
  <member type="way" ref="305190403" role="outer"/>
  <member type="way" ref="264691704" role="outer"/>
  <member type="way" ref="993314654" role="outer"/>
  <member type="way" ref="119108136" role="outer"/>
  <member type="way" ref="239252462" role="outer"/>
  <member type="way" ref="688216646" role="outer"/>
  <member type="way" ref="187130998" role="outer"/>
  <member type="way" ref="688216632" role="outer"/>
  <member type="way" ref="587373345" role="outer"/>
  <member type="way" ref="259457933" role="outer"/>
  <member type="way" ref="349940005" role="outer"/>
  <member type="way" ref="847010990" role="outer"/>
  <member type="way" ref="850096597" role="outer"/>
  <member type="way" ref="249490653" role="outer"/>
  <member type="way" ref="189308645" role="outer"/>
  <member type="way" ref="1537202701" role="outer"/>
  <member type="way" ref="1537202700" role="outer"/>
  <member type="way" ref="249707936" role="outer"/>
  <member type="way" ref="198046030" role="outer"/>
  <member type="way" ref="878050090" role="outer"/>
  <member type="way" ref="965034547" role="outer"/>
  <member type="way" ref="878050093" role="outer"/>
  <member type="way" ref="965034550" role="outer"/>
  <member type="way" ref="250259414" role="outer"/>
  <member type="way" ref="189410655" role="outer"/>
  <member type="way" ref="189410654" role="outer"/>
  <member type="way" ref="839722318" role="outer"/>
  <member type="way" ref="189779409" role="outer"/>
  <member type="way" ref="198065740" role="outer"/>
  <member type="way" ref="254526044" role="outer"/>
  <member type="way" ref="189826525" role="outer"/>
  <member type="way" ref="254584662" role="outer"/>
  <member type="way" ref="198079396" role="outer"/>
  <member type="way" ref="189781506" role="outer"/>
  <member type="way" ref="189412484" role="outer"/>
  <member type="way" ref="189410653" role="outer"/>
  <member type="way" ref="198090737" role="outer"/>
  <member type="way" ref="254687286" role="outer"/>
  <member type="way" ref="45304651" role="outer"/>
  <member type="way" ref="254688365" role="outer"/>
  <member type="way" ref="255228768" role="outer"/>
  <member type="way" ref="255228769" role="outer"/>
  <member type="way" ref="198097283" role="outer"/>
  <member type="way" ref="255228767" role="outer"/>
  <member type="way" ref="295762360" role="outer"/>
  <member type="way" ref="1303387189" role="outer"/>
  <member type="way" ref="191329178" role="outer"/>
  <member type="way" ref="1303387167" role="outer"/>
  <member type="way" ref="191412676" role="outer"/>
  <member type="way" ref="191412664" role="outer"/>
  <member type="way" ref="1303387162" role="outer"/>
  <member type="way" ref="191412670" role="outer"/>
  <member type="way" ref="191412665" role="outer"/>
  <member type="way" ref="1392749154" role="outer"/>
  <member type="way" ref="1392749153" role="outer"/>
  <member type="way" ref="636715774" role="outer"/>
  <member type="way" ref="255447759" role="outer"/>
  <member type="way" ref="636715773" role="outer"/>
  <member type="way" ref="191412666" role="outer"/>
  <member type="way" ref="885734120" role="outer"/>
  <member type="way" ref="1448158834" role="outer"/>
  <member type="way" ref="885734119" role="outer"/>
  <member type="way" ref="1448158837" role="outer"/>
  <member type="way" ref="1448300486" role="outer"/>
  <member type="way" ref="1448300488" role="outer"/>
  <member type="way" ref="885734117" role="outer"/>
  <member type="way" ref="1448300489" role="outer"/>
  <member type="way" ref="558616414" role="outer"/>
  <member type="way" ref="812910653" role="outer"/>
  <member type="way" ref="263414059" role="outer"/>
  <member type="way" ref="1303343752" role="outer"/>
  <member type="way" ref="263414060" role="outer"/>
  <member type="way" ref="1127419342" role="outer"/>
  <member type="way" ref="32785776" role="outer"/>
  <member type="way" ref="191504316" role="outer"/>
  <member type="way" ref="640877764" role="outer"/>
  <member type="way" ref="1127419340" role="outer"/>
  <member type="way" ref="708152691" role="outer"/>
  <member type="way" ref="1301825242" role="outer"/>
  <member type="way" ref="708152692" role="outer"/>
  <member type="way" ref="1415874990" role="outer"/>
  <member type="way" ref="1415874975" role="outer"/>
  <member type="way" ref="191504634" role="outer"/>
  <member type="way" ref="1415874974" role="outer"/>
  <member type="way" ref="1415874972" role="outer"/>
  <member type="way" ref="10579105" role="outer"/>
  <member type="way" ref="802285117" role="outer"/>
  <member type="way" ref="1127419326" role="outer"/>
  <member type="way" ref="406471373" role="outer"/>
  <member type="way" ref="796220167" role="outer"/>
  <member type="way" ref="796285773" role="outer"/>
  <member type="way" ref="796285772" role="outer"/>
  <member type="way" ref="796220154" role="outer"/>
  <member type="way" ref="1127862791" role="outer"/>
  <member type="way" ref="805912145" role="outer"/>
  <member type="way" ref="805912146" role="outer"/>
  <member type="way" ref="796220111" role="outer"/>
  <member type="way" ref="796220140" role="outer"/>
  <member type="way" ref="796220138" role="outer"/>
  <member type="way" ref="796220135" role="outer"/>
  <member type="way" ref="796220127" role="outer"/>
  <member type="way" ref="796220121" role="outer"/>
  <member type="way" ref="796220120" role="outer"/>
  <member type="way" ref="796220119" role="outer"/>
  <member type="way" ref="796220113" role="outer"/>
  <member type="way" ref="376619678" role="outer"/>
  <member type="way" ref="796220116" role="outer"/>
  <member type="way" ref="796220115" role="outer"/>
  <member type="way" ref="796220151" role="outer"/>
  <member type="way" ref="796220149" role="outer"/>
  <member type="way" ref="796220150" role="outer"/>
  <member type="way" ref="704094039" role="outer"/>
  <member type="way" ref="808919766" role="outer"/>
  <member type="way" ref="808259066" role="outer"/>
  <member type="way" ref="812608524" role="outer"/>
  <member type="way" ref="1127419325" role="outer"/>
  <member type="way" ref="796287385" role="outer"/>
  <member type="way" ref="1127419366" role="outer"/>
  <member type="way" ref="1303343775" role="outer"/>
  <member type="way" ref="10579117" role="outer"/>
  <member type="way" ref="796220161" role="outer"/>
  <member type="way" ref="837274704" role="outer"/>
  <member type="way" ref="191502688" role="outer"/>
  <member type="way" ref="837274714" role="outer"/>
  <member type="way" ref="639989428" role="outer"/>
  <member type="way" ref="837274716" role="outer"/>
  <member type="way" ref="837274720" role="outer"/>
  <member type="way" ref="837274719" role="outer"/>
  <member type="way" ref="837274723" role="outer"/>
  <member type="way" ref="796220164" role="outer"/>
  <member type="way" ref="10582427" role="outer"/>
  <member type="way" ref="639386233" role="outer"/>
  <member type="way" ref="639386230" role="outer"/>
  <member type="way" ref="10582245" role="outer"/>
  <member type="way" ref="1127835172" role="outer"/>
  <member type="way" ref="836662453" role="outer"/>
  <member type="way" ref="10582218" role="outer"/>
  <member type="way" ref="791428966" role="outer"/>
  <member type="way" ref="10582426" role="outer"/>
  <member type="way" ref="836662448" role="outer"/>
  <member type="way" ref="835139871" role="outer"/>
  <member type="way" ref="10582749" role="outer"/>
  <member type="way" ref="616959299" role="outer"/>
  <member type="way" ref="836662444" role="outer"/>
  <member type="way" ref="836662446" role="outer"/>
  <member type="way" ref="836662442" role="outer"/>
  <member type="way" ref="836662440" role="outer"/>
  <member type="way" ref="836662436" role="outer"/>
  <member type="way" ref="836662438" role="outer"/>
  <member type="way" ref="836662403" role="outer"/>
  <member type="way" ref="792167636" role="outer"/>
  <member type="way" ref="616959300" role="outer"/>
  <member type="way" ref="836662406" role="outer"/>
  <member type="way" ref="836662405" role="outer"/>
  <member type="way" ref="836662408" role="outer"/>
  <member type="way" ref="836662413" role="outer"/>
  <member type="way" ref="836662411" role="outer"/>
  <member type="way" ref="836662410" role="outer"/>
  <member type="way" ref="836662417" role="outer"/>
  <member type="way" ref="836662416" role="outer"/>
  <member type="way" ref="836662419" role="outer"/>
  <member type="way" ref="836662421" role="outer"/>
  <member type="way" ref="836662422" role="outer"/>
  <member type="way" ref="836662425" role="outer"/>
  <member type="way" ref="836662424" role="outer"/>
  <member type="way" ref="836662429" role="outer"/>
  <member type="way" ref="836662428" role="outer"/>
  <member type="way" ref="836662432" role="outer"/>
  <member type="way" ref="836662434" role="outer"/>
  <member type="way" ref="791428958" role="outer"/>
  <member type="way" ref="835131708" role="outer"/>
  <member type="way" ref="795753571" role="outer"/>
  <member type="way" ref="616959297" role="outer"/>
  <member type="way" ref="791428956" role="outer"/>
  <member type="way" ref="10582945" role="outer"/>
  <member type="way" ref="833237181" role="outer"/>
  <member type="way" ref="833237180" role="outer"/>
  <member type="way" ref="1127909881" role="outer"/>
  <member type="way" ref="1127830164" role="outer"/>
  <member type="way" ref="792167637" role="outer"/>
  <member type="way" ref="10582009" role="outer"/>
  <member type="way" ref="10582956" role="outer"/>
  <member type="way" ref="10583212" role="outer"/>
  <member type="way" ref="1127909888" role="outer"/>
  <member type="way" ref="10582906" role="outer"/>
  <member type="way" ref="10582055" role="outer"/>
  <member type="way" ref="791428955" role="outer"/>
  <member type="way" ref="10582287" role="outer"/>
  <member type="way" ref="1127830148" role="outer"/>
  <member type="way" ref="10618189" role="outer"/>
  <member type="way" ref="10618605" role="outer"/>
  <member type="way" ref="10618582" role="outer"/>
  <member type="way" ref="10618163" role="outer"/>
  <member type="way" ref="795753572" role="outer"/>
  <member type="way" ref="1127830109" role="outer"/>
  <member type="way" ref="10618750" role="outer"/>
  <member type="way" ref="813484955" role="outer"/>
  <member type="way" ref="10618642" role="outer"/>
  <member type="way" ref="10617577" role="outer"/>
  <member type="way" ref="10617706" role="outer"/>
  <member type="way" ref="813484956" role="outer"/>
  <member type="way" ref="10618176" role="outer"/>
  <member type="way" ref="10617426" role="outer"/>
  <member type="way" ref="10618708" role="outer"/>
  <member type="way" ref="10618105" role="outer"/>
  <member type="way" ref="10618431" role="outer"/>
  <member type="way" ref="10618309" role="outer"/>
  <member type="way" ref="36911839" role="outer"/>
  <member type="way" ref="10618320" role="outer"/>
  <member type="way" ref="813484960" role="outer"/>
  <member type="way" ref="813484961" role="outer"/>
  <member type="way" ref="793866408" role="outer"/>
  <member type="way" ref="793866403" role="outer"/>
  <member type="way" ref="793866409" role="outer"/>
  <member type="way" ref="1301837657" role="outer"/>
  <member type="way" ref="431587391" role="outer"/>
  <member type="way" ref="793866404" role="outer"/>
  <member type="way" ref="836189516" role="outer"/>
  <member type="way" ref="435244951" role="outer"/>
  <member type="way" ref="435244952" role="outer"/>
  <member type="way" ref="435244466" role="outer"/>
  <member type="way" ref="813690240" role="outer"/>
  <member type="way" ref="435244465" role="outer"/>
  <member type="way" ref="813690239" role="outer"/>
  <member type="way" ref="813680576" role="outer"/>
  <member type="way" ref="1301860225" role="outer"/>
  <member type="way" ref="10618599" role="outer"/>
  <member type="way" ref="191511568" role="outer"/>
  <member type="way" ref="430896685" role="outer"/>
  <member type="way" ref="430896686" role="outer"/>
  <member type="way" ref="1303542169" role="outer"/>
  <member type="way" ref="431106779" role="outer"/>
  <member type="way" ref="220537998" role="outer"/>
  <member type="way" ref="813680578" role="outer"/>
  <member type="way" ref="813690237" role="outer"/>
  <member type="way" ref="815558701" role="outer"/>
  <member type="way" ref="815558700" role="outer"/>
  <member type="way" ref="815558706" role="outer"/>
  <member type="way" ref="815558705" role="outer"/>
  <member type="way" ref="815558709" role="outer"/>
  <member type="way" ref="815558708" role="outer"/>
  <member type="way" ref="815558712" role="outer"/>
  <member type="way" ref="815558714" role="outer"/>
  <member type="way" ref="962413310" role="outer"/>
  <member type="way" ref="815558721" role="outer"/>
  <member type="way" ref="815558727" role="outer"/>
  <member type="way" ref="1303778868" role="outer"/>
  <member type="way" ref="791428960" role="outer"/>
  <member type="way" ref="815558725" role="outer"/>
  <member type="way" ref="815558724" role="outer"/>
  <member type="way" ref="708584035" role="outer"/>
  <member type="way" ref="815558722" role="outer"/>
  <member type="way" ref="795677056" role="outer"/>
  <member type="way" ref="791428961" role="outer"/>
  <member type="way" ref="708584036" role="outer"/>
  <member type="way" ref="395301496" role="outer"/>
  <member type="way" ref="791428965" role="outer"/>
  <member type="way" ref="791428963" role="outer"/>
  <member type="way" ref="795303811" role="outer"/>
  <member type="way" ref="1278250732" role="outer"/>
  <member type="way" ref="1303542132" role="outer"/>
  <member type="way" ref="1278250735" role="outer"/>
  <member type="way" ref="1278250741" role="outer"/>
  <member type="way" ref="191643422" role="outer"/>
  <member type="way" ref="1278250763" role="outer"/>
  <member type="way" ref="1278250746" role="outer"/>
  <member type="way" ref="1278250733" role="outer"/>
  <member type="way" ref="782255879" role="outer"/>
  <member type="way" ref="782255878" role="outer"/>
  <member type="way" ref="795303803" role="outer"/>
  <member type="way" ref="143982086" role="outer"/>
  <member type="way" ref="1303542121" role="outer"/>
  <member type="way" ref="191644166" role="outer"/>
  <member type="way" ref="1303776277" role="outer"/>
  <member type="way" ref="164962786" role="outer"/>
  <member type="way" ref="791157680" role="outer"/>
  <member type="way" ref="47840132" role="outer"/>
  <member type="way" ref="192148175" role="outer"/>
  <member type="way" ref="960817305" role="outer"/>
  <member type="way" ref="960817304" role="outer"/>
  <member type="way" ref="960817302" role="outer"/>
  <member type="way" ref="961359131" role="outer"/>
  <member type="way" ref="961359127" role="outer"/>
  <member type="way" ref="961359128" role="outer"/>
  <member type="way" ref="961359130" role="outer"/>
  <member type="way" ref="961359129" role="outer"/>
  <member type="way" ref="192148173" role="outer"/>
  <member type="way" ref="557235224" role="outer"/>
  <member type="way" ref="797983715" role="outer"/>
  <member type="way" ref="978703716" role="outer"/>
  <member type="way" ref="980100789" role="outer"/>
  <member type="way" ref="980100788" role="outer"/>
  <member type="way" ref="192168443" role="outer"/>
  <member type="way" ref="980100787" role="outer"/>
  <member type="way" ref="980100786" role="outer"/>
  <member type="way" ref="963254592" role="outer"/>
  <member type="way" ref="963254593" role="outer"/>
  <member type="way" ref="433838131" role="outer"/>
  <member type="way" ref="963254598" role="outer"/>
  <member type="way" ref="433838136" role="outer"/>
  <member type="way" ref="963254599" role="outer"/>
  <member type="way" ref="963254597" role="outer"/>
  <member type="way" ref="1013742854" role="outer"/>
  <member type="way" ref="963254589" role="outer"/>
  <member type="way" ref="963254588" role="outer"/>
  <member type="way" ref="963254587" role="outer"/>
  <member type="way" ref="183843439" role="outer"/>
  <member type="way" ref="1548628972" role="outer"/>
  <member type="way" ref="1013742851" role="outer"/>
  <member type="way" ref="192948173" role="outer"/>
  <member type="way" ref="193042527" role="outer"/>
  <member type="way" ref="963724228" role="outer"/>
  <member type="way" ref="963724227" role="outer"/>
  <member type="way" ref="963724214" role="outer"/>
  <member type="way" ref="963724215" role="outer"/>
  <member type="way" ref="147187551" role="outer"/>
  <member type="way" ref="337622173" role="outer"/>
  <member type="way" ref="337622174" role="outer"/>
  <member type="way" ref="337622172" role="outer"/>
  <member type="way" ref="337622178" role="outer"/>
  <member type="way" ref="337622168" role="outer"/>
  <member type="way" ref="337622167" role="outer"/>
  <member type="way" ref="337622176" role="outer"/>
  <member type="way" ref="337622132" role="outer"/>
  <member type="way" ref="147187516" role="outer"/>
  <member type="way" ref="388764768" role="outer"/>
  <member type="way" ref="1446894994" role="outer"/>
  <member type="way" ref="388764769" role="outer"/>
  <member type="way" ref="487981420" role="outer"/>
  <member type="way" ref="487597530" role="outer"/>
  <member type="way" ref="147187519" role="outer"/>
  <member type="way" ref="194714849" role="outer"/>
  <member type="way" ref="335298597" role="outer"/>
  <member type="way" ref="1501673836" role="outer"/>
  <member type="way" ref="335298598" role="outer"/>
  <member type="way" ref="580230905" role="outer"/>
  <member type="way" ref="992910994" role="outer"/>
  <member type="way" ref="580230902" role="outer"/>
  <member type="way" ref="718892747" role="outer"/>
  <member type="way" ref="335298599" role="outer"/>
  <member type="way" ref="718900773" role="outer"/>
  <member type="way" ref="718892742" role="outer"/>
  <member type="way" ref="798122250" role="outer"/>
  <member type="way" ref="718892746" role="outer"/>
  <member type="way" ref="798122249" role="outer"/>
  <member type="way" ref="718900774" role="outer"/>
  <member type="way" ref="718892748" role="outer"/>
  <member type="way" ref="194706389" role="outer"/>
  <member type="way" ref="995841062" role="outer"/>
  <member type="way" ref="441717701" role="outer"/>
  <member type="way" ref="441717702" role="outer"/>
  <member type="way" ref="441716229" role="outer"/>
  <member type="way" ref="441716200" role="outer"/>
  <member type="way" ref="441716207" role="outer"/>
  <member type="way" ref="441716225" role="outer"/>
  <member type="way" ref="441716226" role="outer"/>
  <member type="way" ref="441716204" role="outer"/>
  <member type="way" ref="194705913" role="outer"/>
  <member type="way" ref="194704682" role="outer"/>
  <member type="way" ref="1008203207" role="outer"/>
  <member type="way" ref="1008230510" role="outer"/>
  <member type="way" ref="1251452278" role="outer"/>
  <member type="way" ref="1251452274" role="outer"/>
  <member type="way" ref="1251452270" role="outer"/>
  <member type="way" ref="1251452264" role="outer"/>
  <member type="way" ref="1251452260" role="outer"/>
  <member type="way" ref="1251452253" role="outer"/>
  <member type="way" ref="1251452251" role="outer"/>
  <member type="way" ref="1245145132" role="outer"/>
  <member type="way" ref="147187540" role="outer"/>
  <member type="way" ref="1245145136" role="outer"/>
  <member type="way" ref="1245025270" role="outer"/>
  <member type="way" ref="1245025269" role="outer"/>
  <member type="way" ref="1245037605" role="outer"/>
  <member type="way" ref="676237532" role="outer"/>
  <member type="way" ref="676237535" role="outer"/>
  <member type="way" ref="676237543" role="outer"/>
  <member type="way" ref="676237541" role="outer"/>
  <member type="way" ref="676237544" role="outer"/>
  <member type="way" ref="147187541" role="outer"/>
  <member type="way" ref="798536462" role="outer"/>
  <member type="way" ref="798536464" role="outer"/>
  <member type="way" ref="798536472" role="outer"/>
  <member type="way" ref="581406140" role="outer"/>
  <member type="way" ref="798536469" role="outer"/>
  <member type="way" ref="259109325" role="outer"/>
  <member type="way" ref="798536471" role="outer"/>
  <member type="way" ref="798536473" role="outer"/>
  <member type="way" ref="1295972795" role="outer"/>
  <member type="way" ref="194704681" role="outer"/>
  <member type="way" ref="1295972796" role="outer"/>
  <member type="way" ref="1295972793" role="outer"/>
  <member type="way" ref="798536458" role="outer"/>
  <member type="way" ref="91820919" role="outer"/>
  <member type="way" ref="194704685" role="outer"/>
  <member type="way" ref="706820749" role="outer"/>
  <member type="way" ref="194704675" role="outer"/>
  <member type="way" ref="462426587" role="outer"/>
  <member type="way" ref="10620778" role="outer"/>
  <member type="way" ref="262425259" role="outer"/>
  <member type="way" ref="462426572" role="outer"/>
  <member type="way" ref="462426571" role="outer"/>
  <member type="way" ref="462426576" role="outer"/>
  <member type="way" ref="462426575" role="outer"/>
  <member type="way" ref="462426574" role="outer"/>
  <member type="way" ref="462426573" role="outer"/>
  <member type="way" ref="462426578" role="outer"/>
  <member type="way" ref="262405924" role="outer"/>
  <member type="way" ref="465883120" role="outer"/>
  <member type="way" ref="319783939" role="outer"/>
  <member type="way" ref="462426601" role="outer"/>
  <member type="way" ref="462426600" role="outer"/>
  <member type="way" ref="462426599" role="outer"/>
  <member type="way" ref="462426598" role="outer"/>
  <member type="way" ref="462426597" role="outer"/>
  <member type="way" ref="462426596" role="outer"/>
  <member type="way" ref="789972444" role="outer"/>
  <member type="way" ref="462426595" role="outer"/>
  <member type="way" ref="462426594" role="outer"/>
  <member type="way" ref="462426593" role="outer"/>
  <member type="way" ref="462426592" role="outer"/>
  <member type="way" ref="462426591" role="outer"/>
  <member type="way" ref="462426590" role="outer"/>
  <member type="way" ref="462426589" role="outer"/>
  <member type="way" ref="462426588" role="outer"/>
  <member type="way" ref="319786217" role="outer"/>
  <member type="way" ref="462426580" role="outer"/>
  <member type="way" ref="462426581" role="outer"/>
  <member type="way" ref="319791029" role="outer"/>
  <member type="way" ref="462426582" role="outer"/>
  <member type="way" ref="319791405" role="outer"/>
  <member type="way" ref="462426584" role="outer"/>
  <member type="way" ref="462426583" role="outer"/>
  <member type="way" ref="462426586" role="outer"/>
  <member type="way" ref="462426585" role="outer"/>
  <member type="way" ref="319791406" role="outer"/>
  <member type="way" ref="798493144" role="outer"/>
  <member type="way" ref="798493127" role="outer"/>
  <member type="way" ref="798493143" role="outer"/>
  <member type="way" ref="762280383" role="outer"/>
  <member type="way" ref="762280382" role="outer"/>
  <member type="way" ref="798493145" role="outer"/>
  <member type="way" ref="465883116" role="outer"/>
  <member type="way" ref="465883114" role="outer"/>
  <member type="way" ref="465883107" role="outer"/>
  <member type="way" ref="465883106" role="outer"/>
  <member type="way" ref="319959766" role="outer"/>
  <member type="way" ref="465883112" role="outer"/>
  <member type="way" ref="465883110" role="outer"/>
  <member type="way" ref="465883109" role="outer"/>
  <member type="way" ref="798493146" role="outer"/>
  <member type="way" ref="465883108" role="outer"/>
  <member type="way" ref="659299371" role="outer"/>
  <member type="way" ref="659299372" role="outer"/>
  <member type="way" ref="186841794" role="outer"/>
  <member type="way" ref="465883104" role="outer"/>
  <member type="way" ref="465883105" role="outer"/>
  <member type="way" ref="19554547" role="outer"/>
  <member type="way" ref="659299362" role="outer"/>
  <member type="way" ref="762280385" role="outer"/>
  <member type="way" ref="206883630" role="outer"/>
  <member type="way" ref="1419674512" role="outer"/>
  <member type="way" ref="259109245" role="outer"/>
  <member type="way" ref="259109344" role="outer"/>
  <member type="way" ref="19425617" role="outer"/>
  <member type="way" ref="799494170" role="outer"/>
  <member type="way" ref="799494171" role="outer"/>
  <member type="way" ref="19425557" role="outer"/>
  <member type="way" ref="706820752" role="outer"/>
  <member type="way" ref="19425562" role="outer"/>
  <member type="way" ref="182888681" role="outer"/>
  <member type="way" ref="182888679" role="outer"/>
  <member type="way" ref="179988909" role="outer"/>
  <member type="way" ref="259109251" role="outer"/>
  <member type="way" ref="179988903" role="outer"/>
  <member type="way" ref="1054974823" role="outer"/>
  <member type="way" ref="1149018794" role="outer"/>
  <member type="way" ref="1054974822" role="outer"/>
  <member type="way" ref="1148366607" role="outer"/>
  <member type="way" ref="1148366606" role="outer"/>
  <member type="way" ref="679024268" role="outer"/>
  <member type="way" ref="679024267" role="outer"/>
  <member type="way" ref="116792806" role="outer"/>
  <member type="way" ref="788904107" role="outer"/>
  <member type="way" ref="175593695" role="outer"/>
  <member type="way" ref="788904105" role="outer"/>
  <member type="way" ref="167908389" role="outer"/>
  <member type="way" ref="206848424" role="outer"/>
  <member type="way" ref="206848423" role="outer"/>
  <member type="way" ref="167906372" role="outer"/>
  <member type="way" ref="305653010" role="outer"/>
  <member type="way" ref="1418583338" role="outer"/>
  <member type="way" ref="206861192" role="outer"/>
  <member type="way" ref="185599306" role="outer"/>
  <member type="way" ref="1418531502" role="outer"/>
  <member type="way" ref="185597693" role="outer"/>
  <member type="way" ref="1418539003" role="outer"/>
  <member type="way" ref="1418539005" role="outer"/>
  <member type="way" ref="1552356824" role="outer"/>
  <member type="way" ref="1418496946" role="outer"/>
  <member type="way" ref="206861190" role="outer"/>
  <member type="way" ref="206861184" role="outer"/>
  <member type="way" ref="1049745149" role="outer"/>
  <member type="way" ref="1049745148" role="outer"/>
  <member type="way" ref="1444794896" role="outer"/>
  <member type="way" ref="19757608" role="outer"/>
  <member type="way" ref="1444794894" role="outer"/>
  <member type="way" ref="153194630" role="outer"/>
  <member type="way" ref="153194617" role="outer"/>
  <member type="way" ref="160359623" role="outer"/>
  <member type="way" ref="160376150" role="outer"/>
  <member type="way" ref="875880066" role="outer"/>
  <member type="way" ref="160376149" role="outer"/>
  <member type="way" ref="875880065" role="outer"/>
  <member type="way" ref="160535506" role="outer"/>
  <member type="way" ref="875880062" role="outer"/>
  <member type="way" ref="466121322" role="outer"/>
  <member type="way" ref="875880063" role="outer"/>
  <member type="way" ref="466121318" role="outer"/>
  <member type="way" ref="160540618" role="outer"/>
  <member type="way" ref="865547600" role="outer"/>
  <member type="way" ref="610359435" role="outer"/>
  <member type="way" ref="865547603" role="outer"/>
  <member type="way" ref="466121317" role="outer"/>
  <member type="way" ref="865547602" role="outer"/>
  <member type="way" ref="176937346" role="outer"/>
  <member type="way" ref="81339747" role="outer"/>
  <member type="way" ref="444637743" role="outer"/>
  <member type="way" ref="444637746" role="outer"/>
  <member type="way" ref="444637739" role="outer"/>
  <member type="way" ref="867931025" role="outer"/>
  <member type="way" ref="1485124884" role="outer"/>
  <member type="way" ref="160680309" role="outer"/>
  <member type="way" ref="1317447693" role="outer"/>
  <member type="way" ref="548442230" role="outer"/>
  <member type="way" ref="444637744" role="outer"/>
  <member type="way" ref="444637742" role="outer"/>
  <member type="way" ref="444637745" role="outer"/>
  <member type="way" ref="444637738" role="outer"/>
  <member type="way" ref="1489186670" role="outer"/>
  <member type="way" ref="1484801122" role="outer"/>
  <member type="way" ref="188289836" role="outer"/>
  <member type="way" ref="1489205365" role="outer"/>
  <member type="way" ref="444637741" role="outer"/>
  <member type="way" ref="444637747" role="outer"/>
  <member type="way" ref="444637740" role="outer"/>
  <member type="way" ref="1341335171" role="outer"/>
  <member type="way" ref="1341335170" role="outer"/>
  <member type="way" ref="81722452" role="outer"/>
  <member type="way" ref="1238770823" role="outer"/>
  <member type="way" ref="244316714" role="outer"/>
  <member type="way" ref="244316713" role="outer"/>
  <member type="way" ref="303265238" role="outer"/>
  <member type="way" ref="48055913" role="outer"/>
  <member type="way" ref="293501224" role="outer"/>
  <member type="way" ref="293501227" role="outer"/>
  <member type="way" ref="293945394" role="outer"/>
  <member type="way" ref="28533932" role="outer"/>
  <member type="way" ref="265965119" role="outer"/>
  <member type="way" ref="48055240" role="outer"/>
  <member type="way" ref="293945750" role="outer"/>
  <member type="way" ref="783961383" role="outer"/>
  <member type="way" ref="23136616" role="outer"/>
  <member type="way" ref="1277772902" role="outer"/>
  <member type="way" ref="1238770820" role="outer"/>
  <member type="way" ref="1279791486" role="outer"/>
  <member type="way" ref="379689202" role="outer"/>
  <member type="way" ref="48664397" role="outer"/>
  <member type="way" ref="272149446" role="outer"/>
  <member type="way" ref="23136615" role="outer"/>
  <member type="way" ref="129480974" role="outer"/>
  <member type="way" ref="272149445" role="outer"/>
  <member type="way" ref="292492005" role="outer"/>
  <member type="way" ref="583093071" role="outer"/>
  <member type="way" ref="26549522" role="outer"/>
  <member type="way" ref="1334087675" role="outer"/>
  <member type="way" ref="292492021" role="outer"/>
  <member type="way" ref="1276736080" role="outer"/>
  <member type="way" ref="653654256" role="outer"/>
  <member type="way" ref="29195885" role="outer"/>
  <member type="way" ref="653654257" role="outer"/>
  <member type="way" ref="126454322" role="outer"/>
  <member type="way" ref="29195887" role="outer"/>
  <member type="way" ref="680640187" role="outer"/>
  <member type="way" ref="680965155" role="outer"/>
  <member type="way" ref="653680172" role="outer"/>
  <member type="way" ref="292492014" role="outer"/>
  <member type="way" ref="29196366" role="outer"/>
  <member type="way" ref="296380519" role="outer"/>
  <member type="way" ref="292500042" role="outer"/>
  <member type="way" ref="560617731" role="outer"/>
  <member type="way" ref="1442966039" role="outer"/>
  <member type="way" ref="292500043" role="outer"/>
  <member type="way" ref="1128352604" role="outer"/>
  <member type="way" ref="1128352603" role="outer"/>
  <member type="way" ref="10579059" role="outer"/>
  <member type="way" ref="1185576410" role="outer"/>
  <member type="way" ref="1127896958" role="outer"/>
  <member type="way" ref="1127860143" role="outer"/>
  <member type="way" ref="807436228" role="inner"/>
  <member type="way" ref="118398302" role="inner"/>
  <member type="way" ref="807436233" role="inner"/>
  <member type="way" ref="807436227" role="inner"/>
  <member type="way" ref="807436231" role="inner"/>
  <member type="way" ref="807436230" role="inner"/>
  <member type="way" ref="825943227" role="inner"/>
  <member type="way" ref="825943226" role="inner"/>
  <member type="way" ref="825943229" role="inner"/>
  <member type="way" ref="1076233994" role="inner"/>
  <member type="way" ref="1076233995" role="inner"/>
  <member type="way" ref="807680463" role="inner"/>
  <member type="way" ref="825943228" role="inner"/>
  <member type="way" ref="807689002" role="inner"/>
  <member type="way" ref="10579214" role="inner"/>
  <member type="way" ref="118397539" role="inner"/>
  <member type="way" ref="837266026" role="outer"/>
  <member type="way" ref="837266027" role="outer"/>
  <member type="way" ref="118401134" role="outer"/>
  <member type="way" ref="837266343" role="outer"/>
  <member type="way" ref="837266344" role="outer"/>
  <member type="way" ref="260419568" role="outer"/>
  <member type="way" ref="319959764" role="outer"/>
  <member type="way" ref="319959765" role="outer"/>
  <member type="way" ref="10583035" role="outer"/>
  <member type="way" ref="10582233" role="outer"/>
  <member type="way" ref="10618446" role="outer"/>
  <member type="way" ref="803658493" role="outer"/>
  <member type="way" ref="10579388" role="outer"/>
  <member type="way" ref="10583156" role="outer"/>
  <member type="way" ref="10581975" role="outer"/>
  <member type="way" ref="704415366" role="outer"/>
  <member type="way" ref="10618459" role="outer"/>
  <member type="way" ref="10582043" role="outer"/>
  <member type="way" ref="791774675" role="outer"/>
  <member type="way" ref="10617743" role="outer"/>
  <member type="way" ref="10617932" role="outer"/>
  <member type="way" ref="10582318" role="outer"/>
  <member type="way" ref="10581992" role="outer"/>
  <member type="way" ref="10617501" role="outer"/>
  <member type="way" ref="10582674" role="outer"/>
  <member type="way" ref="780758085" role="outer"/>
  <member type="way" ref="10618526" role="outer"/>
  <member type="way" ref="10582640" role="outer"/>
  <member type="way" ref="10579235" role="outer"/>
  <member type="way" ref="10582878" role="outer"/>
  <member type="way" ref="10582076" role="outer"/>
  <member type="way" ref="10579148" role="outer"/>
  <member type="way" ref="10579370" role="outer"/>
  <member type="way" ref="10583323" role="outer"/>
  <member type="way" ref="10617965" role="outer"/>
  <member type="way" ref="616916688" role="outer"/>
  <member type="way" ref="616961460" role="outer"/>
  <member type="way" ref="791510531" role="outer"/>
  <member type="way" ref="10583024" role="outer"/>
  <member type="way" ref="10579485" role="outer"/>
  <member type="way" ref="10618220" role="outer"/>
  <member type="way" ref="10579436" role="outer"/>
  <member type="way" ref="10583389" role="outer"/>
  <member type="way" ref="791794071" role="outer"/>
  <member type="way" ref="10582213" role="outer"/>
  <member type="way" ref="616916416" role="outer"/>
  <member type="way" ref="10582435" role="outer"/>
  <member type="way" ref="205417905" role="outer"/>
  <member type="way" ref="10583460" role="outer"/>
  <member type="way" ref="10579194" role="outer"/>
  <member type="way" ref="10617910" role="outer"/>
  <member type="way" ref="10582280" role="outer"/>
  <member type="way" ref="704415361" role="outer"/>
  <member type="way" ref="10579022" role="outer"/>
  <member type="way" ref="10583218" role="outer"/>
  <member type="way" ref="10617208" role="outer"/>
  <member type="way" ref="10583440" role="outer"/>
  <member type="way" ref="10579213" role="outer"/>
  <member type="way" ref="791428945" role="outer"/>
  <member type="way" ref="616916686" role="outer"/>
  <member type="way" ref="10579348" role="outer"/>
  <member type="way" ref="10579314" role="outer"/>
  <member type="way" ref="10579449" role="outer"/>
  <member type="way" ref="10582226" role="outer"/>
  <member type="way" ref="791485035" role="outer"/>
  <member type="way" ref="704415356" role="outer"/>
  <member type="way" ref="10582124" role="outer"/>
  <member type="way" ref="10579004" role="outer"/>
  <member type="way" ref="10617173" role="outer"/>
  <member type="way" ref="10617394" role="outer"/>
  <member type="way" ref="10618198" role="outer"/>
  <member type="way" ref="10582805" role="outer"/>
  <member type="way" ref="10618641" role="outer"/>
  <member type="way" ref="10579075" role="outer"/>
  <member type="way" ref="10579500" role="outer"/>
  <member type="way" ref="832515266" role="outer"/>
  <member type="way" ref="832515267" role="outer"/>
  <member type="way" ref="10618607" role="outer"/>
  <member type="way" ref="10617804" role="outer"/>
  <member type="way" ref="788625832" role="outer"/>
  <member type="way" ref="10579259" role="outer"/>
  <member type="way" ref="10582036" role="outer"/>
  <member type="way" ref="791428943" role="outer"/>
  <member type="way" ref="791428944" role="outer"/>
  <member type="way" ref="791428941" role="outer"/>
  <member type="way" ref="10579108" role="outer"/>
  <member type="way" ref="10617562" role="outer"/>
  <member type="way" ref="10582514" role="outer"/>
  <member type="way" ref="791870932" role="outer"/>
  <member type="way" ref="10618727" role="outer"/>
  <member type="way" ref="10617925" role="outer"/>
  <member type="way" ref="1351004727" role="outer"/>
  <member type="way" ref="10579088" role="outer"/>
  <member type="way" ref="10582633" role="outer"/>
  <member type="way" ref="10582291" role="outer"/>
  <member type="way" ref="10582768" role="outer"/>
  <member type="way" ref="704415372" role="outer"/>
  <member type="way" ref="10579584" role="outer"/>
  <member type="way" ref="780454184" role="outer"/>
  <member type="way" ref="10578986" role="outer"/>
  <member type="way" ref="10583266" role="outer"/>
  <member type="way" ref="1350974505" role="outer"/>
  <member type="way" ref="10583127" role="outer"/>
  <member type="way" ref="10618397" role="outer"/>
  <member type="way" ref="10583039" role="outer"/>
  <member type="way" ref="10583484" role="outer"/>
  <member type="way" ref="1350974507" role="outer"/>
  <member type="way" ref="10582598" role="outer"/>
  <member type="way" ref="10579154" role="outer"/>
  <member type="way" ref="10581930" role="outer"/>
  <member type="way" ref="10579579" role="outer"/>
  <member type="way" ref="10618430" role="outer"/>
  <member type="way" ref="10582492" role="outer"/>
  <member type="way" ref="10617442" role="outer"/>
  <member type="way" ref="10582631" role="outer"/>
  <member type="way" ref="10579274" role="outer"/>
  <member type="way" ref="10582853" role="outer"/>
  <member type="way" ref="10582273" role="outer"/>
  <member type="way" ref="10582186" role="outer"/>
  <member type="way" ref="10582408" role="outer"/>
  <member type="way" ref="10582390" role="outer"/>
  <member type="way" ref="10618685" role="outer"/>
  <member type="way" ref="10579119" role="outer"/>
  <member type="way" ref="791855286" role="outer"/>
  <member type="way" ref="10617731" role="outer"/>
  <member type="way" ref="10583109" role="outer"/>
  <member type="way" ref="10579442" role="outer"/>
  <member type="way" ref="10618158" role="outer"/>
  <member type="way" ref="10618379" role="outer"/>
  <member type="way" ref="10579239" role="outer"/>
  <member type="way" ref="10582866" role="outer"/>
  <member type="way" ref="10579136" role="outer"/>
  <member type="way" ref="704415349" role="outer"/>
  <member type="way" ref="847783559" role="outer"/>
  <member type="way" ref="1351004725" role="outer"/>
  <member type="way" ref="10617987" role="outer"/>
  <member type="way" ref="1351004726" role="outer"/>
  <member type="way" ref="10582117" role="outer"/>
  <member type="way" ref="10578997" role="outer"/>
  <member type="way" ref="10617387" role="outer"/>
  <member type="way" ref="10582798" role="outer"/>
  <member type="way" ref="10579169" role="outer"/>
  <member type="way" ref="10583122" role="outer"/>
  <member type="way" ref="10618171" role="outer"/>
  <member type="way" ref="10617199" role="outer"/>
  <member type="way" ref="10582372" role="outer"/>
  <member type="way" ref="10579252" role="outer"/>
  <member type="way" ref="317457813" role="outer"/>
  <member type="way" ref="10579165" role="outer"/>
  <member type="way" ref="803658492" role="outer"/>
  <member type="way" ref="10582164" role="outer"/>
  <member type="way" ref="10618000" role="outer"/>
  <member type="way" ref="10579424" role="outer"/>
  <member type="way" ref="616916420" role="outer"/>
  <member type="way" ref="10582439" role="outer"/>
  <member type="way" ref="10582062" role="outer"/>
  <member type="way" ref="704415365" role="outer"/>
  <member type="way" ref="10579201" role="outer"/>
  <member type="way" ref="10582042" role="outer"/>
  <member type="way" ref="791428949" role="outer"/>
  <member type="way" ref="10582939" role="outer"/>
  <member type="way" ref="791774674" role="outer"/>
  <member type="way" ref="10583067" role="outer"/>
  <member type="way" ref="10579318" role="outer"/>
  <member type="way" ref="780758084" role="outer"/>
  <member type="way" ref="10618288" role="outer"/>
  <member type="way" ref="791496992" role="outer"/>
  <member type="way" ref="791496991" role="outer"/>
  <member type="way" ref="10582263" role="outer"/>
  <member type="way" ref="10579079" role="outer"/>
  <member type="way" ref="10583510" role="outer"/>
  <member type="way" ref="10579488" role="outer"/>
  <member type="way" ref="10617944" role="outer"/>
  <member type="way" ref="10583133" role="outer"/>
  <member type="way" ref="10583204" role="outer"/>
  <member type="way" ref="10579334" role="outer"/>
  <member type="way" ref="10582961" role="outer"/>
  <member type="way" ref="791794070" role="outer"/>
  <member type="way" ref="10618048" role="outer"/>
  <member type="way" ref="10579280" role="outer"/>
  <member type="way" ref="10579193" role="outer"/>
  <member type="way" ref="704415360" role="outer"/>
  <member type="way" ref="10582994" role="outer"/>
  <member type="way" ref="10579554" role="outer"/>
  <member type="way" ref="10583421" role="outer"/>
  <member type="way" ref="10582791" role="outer"/>
  <member type="way" ref="782028905" role="outer"/>
  <member type="way" ref="10582002" role="outer"/>
  <member type="way" ref="10579448" role="outer"/>
  <member type="way" ref="10618164" role="outer"/>
  <member type="way" ref="10582225" role="outer"/>
  <member type="way" ref="704057151" role="outer"/>
  <member type="way" ref="10618438" role="outer"/>
  <member type="way" ref="314209983" role="outer"/>
  <member type="way" ref="791485034" role="outer"/>
  <member type="way" ref="10617770" role="outer"/>
  <member type="way" ref="704415355" role="outer"/>
  <member type="way" ref="10582157" role="outer"/>
  <member type="way" ref="10617993" role="outer"/>
  <member type="way" ref="10617393" role="outer"/>
  <member type="way" ref="10582717" role="outer"/>
  <member type="way" ref="10581914" role="outer"/>
  <member type="way" ref="10579191" role="outer"/>
  <member type="way" ref="791866002" role="outer"/>
  <member type="way" ref="10618113" role="outer"/>
  <member type="way" ref="10582190" role="outer"/>
  <member type="way" ref="10583437" role="outer"/>
  <member type="way" ref="10582615" role="outer"/>
  <member type="way" ref="10618230" role="outer"/>
  <member type="way" ref="10618365" role="outer"/>
  <member type="way" ref="10618059" role="outer"/>
  <member type="way" ref="10579069" role="outer"/>
  <member type="way" ref="10582068" role="outer"/>
  <member type="way" ref="704415371" role="outer"/>
  <member type="way" ref="10583228" role="outer"/>
  <member type="way" ref="10579223" role="outer"/>
  <member type="way" ref="10618400" role="outer"/>
  <member type="way" ref="10582699" role="outer"/>
  <member type="way" ref="10579324" role="outer"/>
  <member type="way" ref="10617714" role="outer"/>
  <member type="way" ref="10582013" role="outer"/>
  <member type="way" ref="10618072" role="outer"/>
  <member type="way" ref="780758090" role="outer"/>
  <member type="way" ref="10618347" role="outer"/>
  <member type="way" ref="1351004732" role="outer"/>
  <member type="way" ref="1351004731" role="outer"/>
  <member type="way" ref="1351004730" role="outer"/>
  <member type="way" ref="10582954" role="outer"/>
  <member type="way" ref="10582134" role="outer"/>
  <member type="way" ref="10617183" role="outer"/>
  <member type="way" ref="780414995" role="outer"/>
  <member type="way" ref="10618192" role="outer"/>
  <member type="way" ref="10582269" role="outer"/>
  <member type="way" ref="10582630" role="outer"/>
  <member type="way" ref="10579510" role="outer"/>
  <member type="way" ref="10582050" role="outer"/>
  <member type="way" ref="10581962" role="outer"/>
  <member type="way" ref="10618124" role="outer"/>
  <member type="way" ref="10582185" role="outer"/>
  <member type="way" ref="1350974501" role="outer"/>
  <member type="way" ref="10583210" role="outer"/>
  <member type="way" ref="10617659" role="outer"/>
  <member type="way" ref="791855285" role="outer"/>
  <member type="way" ref="10582643" role="outer"/>
  <member type="way" ref="10579459" role="outer"/>
  <member type="way" ref="10618717" role="outer"/>
  <member type="way" ref="10618566" role="outer"/>
  <member type="way" ref="704415348" role="outer"/>
  <member type="way" ref="314209274" role="outer"/>
  <member type="way" ref="847783558" role="outer"/>
  <member type="way" ref="10582116" role="outer"/>
  <member type="way" ref="10617952" role="outer"/>
  <member type="way" ref="10583498" role="outer"/>
  <member type="way" ref="10582898" role="outer"/>
  <member type="way" ref="10582096" role="outer"/>
  <member type="way" ref="10617216" role="outer"/>
  <member type="way" ref="10582405" role="outer"/>
  <member type="way" ref="10617419" role="outer"/>
  <member type="way" ref="10582592" role="outer"/>
  <member type="way" ref="10579472" role="outer"/>
  <member type="way" ref="10618444" role="outer"/>
  <member type="way" ref="10583053" role="outer"/>
  <member type="way" ref="10617554" role="outer"/>
  <member type="way" ref="1350974502" role="outer"/>
  <member type="way" ref="10582506" role="outer"/>
  <member type="way" ref="1350974503" role="outer"/>
  <member type="way" ref="1350974504" role="outer"/>
  <member type="way" ref="803658491" role="outer"/>
  <member type="way" ref="10582965" role="outer"/>
  <member type="way" ref="10582129" role="outer"/>
  <member type="way" ref="10579439" role="outer"/>
  <member type="way" ref="10618203" role="outer"/>
  <member type="way" ref="10618424" role="outer"/>
  <member type="way" ref="616916419" role="outer"/>
  <member type="way" ref="10582659" role="outer"/>
  <member type="way" ref="704415364" role="outer"/>
  <member type="way" ref="10582196" role="outer"/>
  <member type="way" ref="616916415" role="outer"/>
  <member type="way" ref="10618236" role="outer"/>
  <member type="way" ref="791774673" role="outer"/>
  <member type="way" ref="10617364" role="outer"/>
  <member type="way" ref="10583341" role="outer"/>
  <member type="way" ref="10617278" role="outer"/>
  <member type="way" ref="780758083" role="outer"/>
  <member type="way" ref="10583099" role="outer"/>
  <member type="way" ref="704415359" role="outer"/>
  <member type="way" ref="10579007" role="outer"/>
  <member type="way" ref="10617963" role="outer"/>
  <member type="way" ref="10579078" role="outer"/>
  <member type="way" ref="10579044" role="outer"/>
  <member type="way" ref="10617720" role="outer"/>
  <member type="way" ref="10581955" role="outer"/>
  <member type="way" ref="10583203" role="outer"/>
  <member type="way" ref="616959603" role="outer"/>
  <member type="way" ref="791774671" role="outer"/>
  <member type="way" ref="10582174" role="outer"/>
  <member type="way" ref="616959298" role="outer"/>
  <member type="way" ref="10617976" role="outer"/>
  <member type="way" ref="10581988" role="outer"/>
  <member type="way" ref="791794069" role="outer"/>
  <member type="way" ref="10579295" role="outer"/>
  <member type="way" ref="10579516" role="outer"/>
  <member type="way" ref="10582294" role="outer"/>
  <member type="way" ref="10618130" role="outer"/>
  <member type="way" ref="10618623" role="outer"/>
  <member type="way" ref="10617820" role="outer"/>
  <member type="way" ref="10582207" role="outer"/>
  <member type="way" ref="10617601" role="outer"/>
  <member type="way" ref="10617736" role="outer"/>
  <member type="way" ref="10582891" role="outer"/>
  <member type="way" ref="10582327" role="outer"/>
  <member type="way" ref="10617412" role="outer"/>
  <member type="way" ref="10582649" role="outer"/>
  <member type="way" ref="10579244" role="outer"/>
  <member type="way" ref="10618437" role="outer"/>
  <member type="way" ref="314209982" role="outer"/>
  <member type="way" ref="791517426" role="outer"/>
  <member type="way" ref="791485033" role="outer"/>
  <member type="way" ref="10582720" role="outer"/>
  <member type="way" ref="704415354" role="outer"/>
  <member type="way" ref="10617171" role="outer"/>
  <member type="way" ref="10582344" role="outer"/>
  <member type="way" ref="10618417" role="outer"/>
  <member type="way" ref="10581913" role="outer"/>
  <member type="way" ref="10583504" role="outer"/>
  <member type="way" ref="10579277" role="outer"/>
  <member type="way" ref="780399482" role="outer"/>
  <member type="way" ref="10581966" role="outer"/>
  <member type="way" ref="791866000" role="outer"/>
  <member type="way" ref="10582189" role="outer"/>
  <member type="way" ref="10579257" role="outer"/>
  <member type="way" ref="10582836" role="outer"/>
  <member type="way" ref="10582034" role="outer"/>
  <member type="way" ref="10581946" role="outer"/>
  <member type="way" ref="10579328" role="outer"/>
  <member type="way" ref="10617700" role="outer"/>
  <member type="way" ref="10583194" role="outer"/>
  <member type="way" ref="10581999" role="outer"/>
  <member type="way" ref="10579445" role="outer"/>
  <member type="way" ref="1185576414" role="outer"/>
  <member type="way" ref="10579102" role="outer"/>
  <member type="way" ref="10618058" role="outer"/>
  <member type="way" ref="10579068" role="outer"/>
  <member type="way" ref="10618483" role="outer"/>
  <member type="way" ref="704415370" role="outer"/>
  <member type="way" ref="10579361" role="outer"/>
  <member type="way" ref="10618618" role="outer"/>
  <member type="way" ref="10579222" role="outer"/>
  <member type="way" ref="10617612" role="outer"/>
  <member type="way" ref="10617288" role="outer"/>
  <member type="way" ref="10618313" role="outer"/>
  <member type="way" ref="10583502" role="outer"/>
  <member type="way" ref="10617220" role="outer"/>
  <member type="way" ref="780758089" role="outer"/>
  <member type="way" ref="10582818" role="outer"/>
  <member type="way" ref="10582953" role="outer"/>
  <member type="way" ref="10582268" role="outer"/>
  <member type="way" ref="10618703" role="outer"/>
  <member type="way" ref="10582184" role="outer"/>
  <member type="way" ref="10583209" role="outer"/>
  <member type="way" ref="10583107" role="outer"/>
  <member type="way" ref="10618156" role="outer"/>
  <member type="way" ref="780758087" role="outer"/>
  <member type="way" ref="10579015" role="outer"/>
  <member type="way" ref="10618716" role="outer"/>
  <member type="way" ref="10579150" role="outer"/>
  <member type="way" ref="10617319" role="outer"/>
  <member type="way" ref="704415347" role="outer"/>
  <member type="way" ref="791496995" role="outer"/>
  <member type="way" ref="10578995" role="outer"/>
  <member type="way" ref="10617623" role="outer"/>
  <member type="way" ref="10579130" role="outer"/>
  <member type="way" ref="10583429" role="outer"/>
  <member type="way" ref="10582370" role="outer"/>
  <member type="way" ref="10579487" role="outer"/>
  <member type="way" ref="10618443" role="outer"/>
  <member type="way" ref="1351004729" role="outer"/>
  <member type="way" ref="10579163" role="outer"/>
  <member type="way" ref="803658490" role="outer"/>
  <member type="way" ref="10618578" role="outer"/>
  <member type="way" ref="10582964" role="outer"/>
  <member type="way" ref="10582809" role="outer"/>
  <member type="way" ref="616916418" role="outer"/>
  <member type="way" ref="205417907" role="outer"/>
  <member type="way" ref="10579061" role="outer"/>
  <member type="way" ref="780400262" role="outer"/>
  <member type="way" ref="10582282" role="outer"/>
  <member type="way" ref="704415363" role="outer"/>
  <member type="way" ref="813466445" role="outer"/>
  <member type="way" ref="813466446" role="outer"/>
  <member type="way" ref="10617838" role="outer"/>
  <member type="way" ref="10579557" role="outer"/>
  <member type="way" ref="10582195" role="outer"/>
  <member type="way" ref="616916414" role="outer"/>
  <member type="way" ref="10578977" role="outer"/>
  <member type="way" ref="10582399" role="outer"/>
  <member type="way" ref="791774672" role="outer"/>
  <member type="way" ref="10583495" role="outer"/>
  <member type="way" ref="10583030" role="outer"/>
  <member type="way" ref="10582450" role="outer"/>
  <member type="way" ref="780758082" role="outer"/>
  <member type="way" ref="10583475" role="outer"/>
  <member type="way" ref="10582653" role="outer"/>
  <member type="way" ref="10579232" role="outer"/>
  <member type="way" ref="791485037" role="outer"/>
  <member type="way" ref="704415358" role="outer"/>
  <member type="way" ref="1127862796" role="outer"/>
  <member type="way" ref="10579014" role="outer"/>
  <member type="way" ref="10618184" role="outer"/>
  <member type="way" ref="10618643" role="outer"/>
  <member type="way" ref="616961457" role="outer"/>
  <member type="way" ref="10618029" role="outer"/>
  <member type="way" ref="10579261" role="outer"/>
  <member type="way" ref="791774670" role="outer"/>
  <member type="way" ref="10579332" role="outer"/>
  <member type="way" ref="10582139" role="outer"/>
  <member type="way" ref="10618149" role="outer"/>
  <member type="way" ref="10618370" role="outer"/>
  <member type="way" ref="10583012" role="outer"/>
  <member type="way" ref="10582432" role="outer"/>
  <member type="way" ref="780463855" role="outer"/>
  <member type="way" ref="10617597" role="outer"/>
  <member type="way" ref="10581983" role="outer"/>
  <member type="way" ref="704415374" role="outer"/>
  <member type="way" ref="10579365" role="outer"/>
  <member type="way" ref="791881532" role="outer"/>
  <member type="way" ref="10582465" role="outer"/>
  <member type="way" ref="616961455" role="outer"/>
  <member type="way" ref="10579345" role="outer"/>
  <member type="way" ref="10582924" role="outer"/>
  <member type="way" ref="314209985" role="outer"/>
  <member type="way" ref="10618297" role="outer"/>
  <member type="way" ref="10579156" role="outer"/>
  <member type="way" ref="10582735" role="outer"/>
  <member type="way" ref="704415353" role="outer"/>
  <member type="way" ref="10579001" role="outer"/>
  <member type="way" ref="10618416" role="outer"/>
  <member type="way" ref="10583281" role="outer"/>
  <member type="way" ref="10582937" role="outer"/>
  <member type="way" ref="730268801" role="outer"/>
  <member type="way" ref="10579411" role="outer"/>
  <member type="way" ref="10579034" role="outer"/>
  <member type="way" ref="10583435" role="outer"/>
  <member type="way" ref="10618687" role="outer"/>
  <member type="way" ref="10582748" role="outer"/>
  <member type="way" ref="10579309" role="outer"/>
  <member type="way" ref="10617834" role="outer"/>
  <member type="way" ref="10582443" role="outer"/>
  <member type="way" ref="10582646" role="outer"/>
  <member type="way" ref="10579138" role="outer"/>
  <member type="way" ref="704415369" role="outer"/>
  <member type="way" ref="10579360" role="outer"/>
  <member type="way" ref="10583313" role="outer"/>
  <member type="way" ref="704415351" role="outer"/>
  <member type="way" ref="10582201" role="outer"/>
  <member type="way" ref="10583226" role="outer"/>
  <member type="way" ref="10578999" role="outer"/>
  <member type="way" ref="10582254" role="outer"/>
  <member type="way" ref="10579134" role="outer"/>
  <member type="way" ref="10618090" role="outer"/>
  <member type="way" ref="10579356" role="outer"/>
  <member type="way" ref="10583501" role="outer"/>
  <member type="way" ref="10583124" role="outer"/>
  <member type="way" ref="10582011" role="outer"/>
  <member type="way" ref="780758088" role="outer"/>
  <member type="way" ref="10579475" role="outer"/>
  <member type="way" ref="10617644" role="outer"/>
  <member type="way" ref="10582952" role="outer"/>
  <member type="way" ref="10582628" role="outer"/>
  <member type="way" ref="10582048" role="outer"/>
  <member type="way" ref="10581960" role="outer"/>
  <member type="way" ref="704415367" role="outer"/>
  <member type="way" ref="780103703" role="outer"/>
  <member type="way" ref="10618257" role="outer"/>
  <member type="way" ref="10583412" role="outer"/>
  <member type="way" ref="10579116" role="outer"/>
  <member type="way" ref="10583069" role="outer"/>
  <member type="way" ref="10582522" role="outer"/>
  <member type="way" ref="10582695" role="outer"/>
  <member type="way" ref="10618753" role="outer"/>
  <member type="way" ref="791505450" role="outer"/>
  <member type="way" ref="780758086" role="outer"/>
  <member type="way" ref="10583479" role="outer"/>
  <member type="way" ref="10579236" role="outer"/>
  <member type="way" ref="10618493" role="outer"/>
  <member type="way" ref="10579371" role="outer"/>
  <member type="way" ref="704415346" role="outer"/>
  <member type="way" ref="791496994" role="outer"/>
  <member type="way" ref="10578994" role="outer"/>
  <member type="way" ref="10583139" role="outer"/>
  <member type="way" ref="10583496" role="outer"/>
  <member type="way" ref="10579490" role="outer"/>
  <member type="way" ref="10582110" role="outer"/>
  <member type="way" ref="10583135" role="outer"/>
  <member type="way" ref="10579027" role="outer"/>
  <member type="way" ref="10579162" role="outer"/>
  <member type="way" ref="803658489" role="outer"/>
  <member type="way" ref="10582963" role="outer"/>
  <member type="way" ref="10579302" role="outer"/>
  <member type="way" ref="10618013" role="outer"/>
  <member type="way" ref="10582586" role="outer"/>
  <member type="way" ref="616916417" role="outer"/>
  <member type="way" ref="205417906" role="outer"/>
  <member type="way" ref="10618272" role="outer"/>
  <member type="way" ref="10618509" role="outer"/>
  <member type="way" ref="10582639" role="outer"/>
  <member type="way" ref="780400261" role="outer"/>
  <member type="way" ref="10582774" role="outer"/>
  <member type="way" ref="704415362" role="outer"/>
  <member type="way" ref="10579417" role="outer"/>
  <member type="way" ref="10582996" role="outer"/>
  <member type="way" ref="10582194" role="outer"/>
  <member type="way" ref="10582416" role="outer"/>
  <member type="way" ref="616916687" role="outer"/>
  <member type="way" ref="10583494" role="outer"/>
  <member type="way" ref="1351004728" role="outer"/>
  <member type="way" ref="10618079" role="outer"/>
  <member type="way" ref="10583252" role="outer"/>
  <member type="way" ref="10579247" role="outer"/>
  <member type="way" ref="10617637" role="outer"/>
  <member type="way" ref="10582072" role="outer"/>
  <member type="way" ref="791485036" role="outer"/>
  <member type="way" ref="780126000" role="outer"/>
  <member type="way" ref="10617550" role="outer"/>
  <member type="way" ref="704415357" role="outer"/>
  <member type="way" ref="10579569" role="outer"/>
  <member type="way" ref="1351008737" role="outer"/>
  <member type="way" ref="10582125" role="outer"/>
  <member type="way" ref="10618199" role="outer"/>
  <member type="way" ref="616961456" role="outer"/>
  <member type="way" ref="10583507" role="outer"/>
  <member type="way" ref="10582941" role="outer"/>
  <member type="way" ref="10582380" role="outer"/>
  <member type="way" ref="10618453" role="outer"/>
  <member type="way" ref="780465724" role="outer"/>
  <member type="way" ref="10581949" role="outer"/>
  <member type="way" ref="10579432" role="outer"/>
  <member type="way" ref="10579071" role="outer"/>
  <member type="way" ref="10618094" role="outer"/>
  <member type="way" ref="10582464" role="outer"/>
  <member type="way" ref="314209984" role="outer"/>
  <member type="way" ref="10582103" role="outer"/>
  <member type="way" ref="10617939" role="outer"/>
  <member type="way" ref="10582238" role="outer"/>
  <member type="way" ref="780758092" role="outer"/>
  <member type="way" ref="10579242" role="outer"/>
  <member type="way" ref="10579479" role="outer"/>
  <member type="way" ref="10617871" role="outer"/>
  <member type="way" ref="1350979568" role="outer"/>
  <member type="way" ref="10582734" role="outer"/>
  <member type="way" ref="10579377" role="outer"/>
  <member type="way" ref="704415352" role="outer"/>
  <member type="way" ref="10582358" role="outer"/>
  <member type="way" ref="10583280" role="outer"/>
  <member type="way" ref="10618502" role="outer"/>
  <member type="way" ref="10579496" role="outer"/>
  <member type="way" ref="780399481" role="outer"/>
  <member type="way" ref="779482957" role="outer"/>
  <member type="way" ref="10579033" role="outer"/>
  <member type="way" ref="10583434" role="outer"/>
  <member type="way" ref="10617439" role="outer"/>
  <member type="way" ref="10618686" role="outer"/>
  <member type="way" ref="10581944" role="outer"/>
  <member type="way" ref="791855287" role="outer"/>
  <member type="way" ref="10579529" role="outer"/>
  <member type="way" ref="10581997" role="outer"/>
  <member type="way" ref="10583022" role="outer"/>
  <member type="way" ref="10617269" role="outer"/>
  <member type="way" ref="780411704" role="outer"/>
  <member type="way" ref="10618719" role="outer"/>
  <member type="way" ref="704415368" role="outer"/>
  <member type="way" ref="10579375" role="outer"/>
  <member type="way" ref="704415350" role="outer"/>
  <member type="way" ref="10579562" role="outer"/>
  <member type="way" ref="780103704" role="outer"/>
  <member type="way" ref="10582118" role="outer"/>
  <member type="way" ref="10578998" role="outer"/>
  <member type="way" ref="10617610" role="outer"/>
  <member type="way" ref="10618635" role="outer"/>
  <member type="way" ref="838365895" role="outer"/>
  <member type="way" ref="10582475" role="outer"/>
  <member type="way" ref="835155151" role="outer"/>
  <member type="way" ref="791428950" role="outer"/>
  <member type="way" ref="791428952" role="outer"/>
  <member type="way" ref="1443228349" role="outer"/>
  <member type="way" ref="1442966782" role="outer"/>
  <member type="way" ref="1442966783" role="outer"/>
  <tag k="admin_level" v="4"/>
  <tag k="boundary" v="administrative"/>
  <tag k="ISO3166-2" v="AR-B"/>
  <tag k="name" v="Buenos Aires"/>
  <tag k="name:af" v="Buenos Aires"/>
  <tag k="name:ar" v="بوينس آيرس"/>
  <tag k="name:ay" v="Buenos Aires jisk'a suyu"/>
  <tag k="name:be" v="Буэнас-Айрэс"/>
  <tag k="name:bg" v="Буенос Айрес"/>
  <tag k="name:br" v="Buenos Aires"/>
  <tag k="name:ca" v="Província de Buenos Aires"/>
  <tag k="name:cs" v="Buenos Aires"/>
  <tag k="name:cy" v="Talaith Buenos Aires"/>
  <tag k="name:da" v="Provincia de Buenos Aires"/>
  <tag k="name:de" v="Provinz Buenos Aires"/>
  <tag k="name:en" v="Buenos Aires"/>
  <tag k="name:eo" v="Provinco Bonaero"/>
  <tag k="name:es" v="Buenos Aires"/>
  <tag k="name:et" v="Buenos Airese provints"/>
  <tag k="name:eu" v="Buenos Airesko probintzia"/>
  <tag k="name:fa" v="استان بوئنوس آیرس"/>
  <tag k="name:fi" v="Buenos Airesin maakunta"/>
  <tag k="name:fr" v="Province de Buenos Aires"/>
  <tag k="name:gl" v="Provincia de Buenos Aires"/>
  <tag k="name:gn" v="Tetãvore Buenos Aires"/>
  <tag k="name:he" v="בואנוס איירס"/>
  <tag k="name:hi" v="ब्यूनर्स आयर्स"/>
  <tag k="name:hr" v="Buenos Aires"/>
  <tag k="name:hu" v="Buenos Aires tartomány"/>
  <tag k="name:hy" v="Բուենոս Այրես"/>
  <tag k="name:ia" v="Provincia de Buenos Aires"/>
  <tag k="name:id" v="Provinsi Buenos Aires"/>
  <tag k="name:io" v="Provinco Buenos Aires"/>
  <tag k="name:it" v="Provincia di Buenos Aires"/>
  <tag k="name:ja" v="ブエノスアイレス州"/>
  <tag k="name:ka" v="ბუენოს-აირესის პროვინცია"/>
  <tag k="name:ko" v="부에노스아이레스주"/>
  <tag k="name:la" v="Bonus Aër"/>
  <tag k="name:lt" v="Buenos Airės"/>
  <tag k="name:lv" v="Buenosairesas province"/>
  <tag k="name:mk" v="Буенос Аирес"/>
  <tag k="name:mn" v="Буэнос-Айрес муж"/>
  <tag k="name:mr" v="बुएनोस आइरेस प्रांत"/>
  <tag k="name:ms" v="Buenos Aires"/>
  <tag k="name:nl" v="Buenos Aires"/>
  <tag k="name:no" v="Buenos Aires"/>
  <tag k="name:oc" v="Província de Buenos Aires"/>
  <tag k="name:os" v="Буэнос-Айрес"/>
  <tag k="name:pl" v="Buenos Aires"/>
  <tag k="name:pt" v="Buenos Aires"/>
  <tag k="name:qu" v="Buenos Aires wamani"/>
  <tag k="name:ro" v="Provincia Buenos Aires"/>
  <tag k="name:ru" v="Буэнос-Айрес"/>
  <tag k="name:sk" v="Buenos Aires"/>
  <tag k="name:sr" v="Буенос Ајрес"/>
  <tag k="name:sr-Latn" v="Buenos Ajres"/>
  <tag k="name:sv" v="Buenos Aires"/>
  <tag k="name:sw" v="Mkoa wa Buenos Aires"/>
  <tag k="name:tg" v="Буэнос-Айрес"/>
  <tag k="name:th" v="รัฐบัวโนสไอเรส"/>
  <tag k="name:tl" v="Lalawigan ng Buenos Aires"/>
  <tag k="name:tr" v="Buenos Aires"/>
  <tag k="name:tt" v="Буйныс-Айрыс"/>
  <tag k="name:uk" v="Буенос-Айрес"/>
  <tag k="name:ur" v="صوبہ بیونس آئرس"/>
  <tag k="name:vi" v="Buenos Aires"/>
  <tag k="name:vo" v="Buenos Aires"/>
  <tag k="name:zh" v="布宜诺斯艾利斯省"/>
  <tag k="official_name" v="Provincia de Buenos Aires"/>
  <tag k="official_name:sr" v="Провинција Буенос Ајрес"/>
  <tag k="official_name:sr-Latn" v="Provincija Buenos Ajres"/>
  <tag k="ref" v="BA"/>
  <tag k="short_name" v="Bs. As."/>
  <tag k="type" v="boundary"/>
  <tag k="wikidata" v="Q44754"/>
  <tag k="wikipedia" v="es:Provincia de Buenos Aires"/>
 </relation>
 <relation id="1769044" visible="true" version="130" changeset="186255891" timestamp="2026-07-23T20:04:13Z" user="Flynn Marquardt" uid="100357">
  <member type="way" ref="271947493" role="outer"/>
  <member type="way" ref="658624919" role="outer"/>
  <member type="way" ref="1352266312" role="outer"/>
  <member type="way" ref="658624918" role="outer"/>
  <member type="way" ref="658624917" role="outer"/>
  <member type="way" ref="658624916" role="outer"/>
  <member type="way" ref="131828237" role="outer"/>
  <member type="way" ref="452772968" role="outer"/>
  <member type="way" ref="470286297" role="outer"/>
  <member type="way" ref="1021012641" role="outer"/>
  <member type="way" ref="1340783903" role="outer"/>
  <member type="way" ref="470319433" role="outer"/>
  <member type="way" ref="1067453370" role="outer"/>
  <member type="way" ref="1050986361" role="outer"/>
  <member type="way" ref="1442073889" role="outer"/>
  <member type="way" ref="1050908942" role="outer"/>
  <member type="way" ref="131640775" role="outer"/>
  <member type="way" ref="64376442" role="outer"/>
  <member type="way" ref="64376431" role="outer"/>
  <member type="way" ref="64376445" role="outer"/>
  <member type="way" ref="958634506" role="outer"/>
  <member type="way" ref="468230090" role="outer"/>
  <member type="way" ref="272203083" role="outer"/>
  <member type="way" ref="1353994393" role="outer"/>
  <member type="way" ref="1353994394" role="outer"/>
  <member type="way" ref="4766348" role="outer"/>
  <member type="way" ref="64376474" role="outer"/>
  <member type="way" ref="513314395" role="outer"/>
  <member type="way" ref="1543332489" role="outer"/>
  <member type="way" ref="1543316514" role="outer"/>
  <member type="way" ref="180707132" role="outer"/>
  <member type="way" ref="180878267" role="outer"/>
  <member type="way" ref="180867887" role="outer"/>
  <member type="way" ref="1543316513" role="outer"/>
  <member type="way" ref="1433125586" role="outer"/>
  <member type="way" ref="131828368" role="outer"/>
  <member type="way" ref="1433125592" role="outer"/>
  <member type="way" ref="1433125588" role="outer"/>
  <member type="way" ref="1433125584" role="outer"/>
  <member type="way" ref="1433125578" role="outer"/>
  <member type="way" ref="1433125574" role="outer"/>
  <member type="way" ref="1433125573" role="outer"/>
  <member type="way" ref="1433125562" role="outer"/>
  <member type="way" ref="1433125561" role="outer"/>
  <member type="way" ref="139486215" role="outer"/>
  <member type="way" ref="1372763321" role="outer"/>
  <member type="way" ref="1543316511" role="outer"/>
  <member type="way" ref="750142466" role="outer"/>
  <member type="way" ref="750142467" role="outer"/>
  <member type="way" ref="750142458" role="outer"/>
  <member type="way" ref="131828246" role="outer"/>
  <member type="way" ref="81341260" role="outer"/>
  <member type="way" ref="81341263" role="outer"/>
  <member type="way" ref="435901541" role="outer"/>
  <member type="way" ref="964793352" role="outer"/>
  <member type="way" ref="970640245" role="outer"/>
  <member type="way" ref="79498816" role="outer"/>
  <member type="way" ref="1333304550" role="outer"/>
  <member type="way" ref="1333304552" role="outer"/>
  <member type="way" ref="971034995" role="outer"/>
  <member type="way" ref="971034994" role="outer"/>
  <member type="way" ref="971034993" role="outer"/>
  <member type="way" ref="971034977" role="outer"/>
  <member type="way" ref="1333308641" role="outer"/>
  <member type="way" ref="79498818" role="outer"/>
  <member type="way" ref="1008192079" role="outer"/>
  <member type="way" ref="1008192078" role="outer"/>
  <member type="way" ref="57400754" role="outer"/>
  <member type="way" ref="970635713" role="outer"/>
  <member type="way" ref="970635642" role="outer"/>
  <member type="way" ref="970635641" role="outer"/>
  <member type="way" ref="1353721154" role="outer"/>
  <member type="way" ref="436022417" role="outer"/>
  <member type="way" ref="133114648" role="outer"/>
  <member type="way" ref="1308646876" role="outer"/>
  <member type="way" ref="1353721155" role="outer"/>
  <member type="way" ref="286995383" role="outer"/>
  <member type="way" ref="311105228" role="outer"/>
  <member type="way" ref="1331439566" role="outer"/>
  <member type="way" ref="1034907214" role="outer"/>
  <member type="way" ref="1034907212" role="outer"/>
  <member type="way" ref="465565671" role="outer"/>
  <member type="way" ref="606222938" role="outer"/>
  <member type="way" ref="1322776655" role="outer"/>
  <member type="way" ref="425654849" role="outer"/>
  <member type="way" ref="294844726" role="outer"/>
  <member type="way" ref="85099547" role="outer"/>
  <member type="way" ref="294844727" role="outer"/>
  <member type="way" ref="285597491" role="outer"/>
  <member type="way" ref="81549798" role="outer"/>
  <member type="way" ref="81549837" role="outer"/>
  <member type="way" ref="86141594" role="outer"/>
  <member type="way" ref="46426610" role="outer"/>
  <member type="way" ref="81549830" role="outer"/>
  <member type="way" ref="358993384" role="outer"/>
  <member type="way" ref="86113049" role="outer"/>
  <member type="way" ref="200700158" role="outer"/>
  <member type="way" ref="267888905" role="outer"/>
  <member type="way" ref="172823677" role="outer"/>
  <member type="way" ref="472853382" role="outer"/>
  <member type="way" ref="358568675" role="outer"/>
  <member type="way" ref="81539581" role="outer"/>
  <member type="way" ref="375751590" role="outer"/>
  <member type="way" ref="47083985" role="outer"/>
  <member type="way" ref="200700160" role="outer"/>
  <member type="way" ref="172823678" role="outer"/>
  <member type="way" ref="30218143" role="outer"/>
  <member type="way" ref="47083982" role="outer"/>
  <member type="way" ref="659182028" role="outer"/>
  <member type="way" ref="1285072907" role="outer"/>
  <member type="way" ref="1285072908" role="outer"/>
  <member type="way" ref="1262429323" role="outer"/>
  <member type="way" ref="1262429325" role="outer"/>
  <member type="way" ref="131828229" role="outer"/>
  <member type="way" ref="47087009" role="outer"/>
  <member type="way" ref="1285074990" role="outer"/>
  <member type="way" ref="1285074991" role="outer"/>
  <member type="way" ref="1285074996" role="outer"/>
  <member type="way" ref="30280787" role="outer"/>
  <member type="way" ref="1026862649" role="outer"/>
  <member type="way" ref="1024270660" role="outer"/>
  <member type="way" ref="1285076939" role="outer"/>
  <member type="way" ref="1027190094" role="outer"/>
  <member type="way" ref="1285076940" role="outer"/>
  <member type="way" ref="1285076942" role="outer"/>
  <member type="way" ref="546721001" role="outer"/>
  <member type="way" ref="739008429" role="outer"/>
  <member type="way" ref="420676356" role="outer"/>
  <member type="way" ref="1285080505" role="outer"/>
  <member type="way" ref="269720900" role="outer"/>
  <member type="way" ref="1024287521" role="outer"/>
  <member type="way" ref="1285080506" role="outer"/>
  <member type="way" ref="269549998" role="outer"/>
  <member type="way" ref="1050884930" role="outer"/>
  <member type="way" ref="953896675" role="outer"/>
  <member type="way" ref="731815696" role="outer"/>
  <member type="way" ref="731815697" role="outer"/>
  <member type="way" ref="953896676" role="outer"/>
  <member type="way" ref="1050886394" role="outer"/>
  <member type="way" ref="1050886397" role="outer"/>
  <member type="way" ref="609646391" role="outer"/>
  <member type="way" ref="1285080511" role="outer"/>
  <member type="way" ref="1285080512" role="outer"/>
  <member type="way" ref="1285080513" role="outer"/>
  <member type="way" ref="1285080514" role="outer"/>
  <member type="way" ref="1013807199" role="outer"/>
  <member type="way" ref="1013807198" role="outer"/>
  <member type="way" ref="1285080515" role="outer"/>
  <member type="way" ref="271047555" role="outer"/>
  <member type="way" ref="1285080516" role="outer"/>
  <member type="way" ref="1285080517" role="outer"/>
  <member type="way" ref="257202342" role="outer"/>
  <member type="way" ref="1396679953" role="outer"/>
  <member type="way" ref="1543314934" role="outer"/>
  <member type="way" ref="1543314935" role="outer"/>
  <member type="node" ref="198420711" role="admin_centre"/>
  <tag k="admin_level" v="5"/>
  <tag k="boundary" v="administrative"/>
  <tag k="name" v="Partido de San Isidro"/>
  <tag k="population" v="291608"/>
  <tag k="type" v="boundary"/>
  <tag k="wikidata" v="Q2644735"/>
  <tag k="wikipedia" v="es:Partido de San Isidro"/>
 </relation>
 <relation id="1877206" visible="true" version="40" changeset="186251834" timestamp="2026-07-23T18:35:01Z" user="Bondi Maps" uid="22225370">
  <member type="way" ref="1308657500" role="outer"/>
  <member type="way" ref="608807421" role="outer"/>
  <member type="way" ref="132652495" role="outer"/>
  <member type="way" ref="608807422" role="outer"/>
  <member type="way" ref="1335186861" role="outer"/>
  <member type="way" ref="132652496" role="outer"/>
  <member type="way" ref="257816202" role="outer"/>
  <member type="way" ref="1356719586" role="outer"/>
  <member type="way" ref="378845476" role="outer"/>
  <member type="way" ref="4762898" role="outer"/>
  <member type="way" ref="261476981" role="outer"/>
  <member type="way" ref="261476982" role="outer"/>
  <member type="way" ref="608807424" role="outer"/>
  <member type="way" ref="378845477" role="outer"/>
  <member type="way" ref="389131621" role="outer"/>
  <member type="way" ref="1308647247" role="outer"/>
  <member type="way" ref="1308654537" role="outer"/>
  <member type="way" ref="470720698" role="outer"/>
  <member type="way" ref="30260246" role="outer"/>
  <member type="way" ref="57400753" role="outer"/>
  <member type="way" ref="312002417" role="outer"/>
  <member type="way" ref="209543836" role="outer"/>
  <member type="way" ref="131828246" role="outer"/>
  <member type="way" ref="750142458" role="outer"/>
  <member type="way" ref="750142467" role="outer"/>
  <member type="way" ref="750142466" role="outer"/>
  <member type="way" ref="1543316511" role="outer"/>
  <member type="way" ref="1543316509" role="outer"/>
  <member type="way" ref="1543316508" role="outer"/>
  <tag k="admin_level" v="8"/>
  <tag k="boundary" v="administrative"/>
  <tag k="name" v="Acassuso"/>
  <tag k="type" v="boundary"/>
  <tag k="wikidata" v="Q2351223"/>
  <tag k="wikipedia" v="es:Acassuso (Buenos Aires)"/>
 </relation>
 <relation id="3474227" visible="true" version="243" changeset="188004451" timestamp="2026-08-25T18:00:15Z" user="Bondi Maps" uid="22225370">
  <member type="way" ref="185599306" role="outer"/>
  <member type="way" ref="1418531502" role="outer"/>
  <member type="way" ref="185597693" role="outer"/>
  <member type="way" ref="1418539003" role="outer"/>
  <member type="way" ref="1418539005" role="outer"/>
  <member type="way" ref="1552356824" role="outer"/>
  <member type="way" ref="1418496946" role="outer"/>
  <member type="way" ref="206861190" role="outer"/>
  <member type="way" ref="206861184" role="outer"/>
  <member type="way" ref="1049745149" role="outer"/>
  <member type="way" ref="1049745148" role="outer"/>
  <member type="way" ref="1444794896" role="outer"/>
  <member type="way" ref="19757608" role="outer"/>
  <member type="way" ref="1444794894" role="outer"/>
  <member type="way" ref="153194630" role="outer"/>
  <member type="way" ref="153194617" role="outer"/>
  <member type="way" ref="160359623" role="outer"/>
  <member type="way" ref="160376150" role="outer"/>
  <member type="way" ref="875880066" role="outer"/>
  <member type="way" ref="160376149" role="outer"/>
  <member type="way" ref="875880065" role="outer"/>
  <member type="way" ref="160535506" role="outer"/>
  <member type="way" ref="875880062" role="outer"/>
  <member type="way" ref="466121322" role="outer"/>
  <member type="way" ref="875880063" role="outer"/>
  <member type="way" ref="466121318" role="outer"/>
  <member type="way" ref="160540618" role="outer"/>
  <member type="way" ref="865547600" role="outer"/>
  <member type="way" ref="729129375" role="outer"/>
  <member type="way" ref="610359434" role="outer"/>
  <member type="way" ref="867931023" role="outer"/>
  <member type="way" ref="750095805" role="outer"/>
  <member type="way" ref="750095794" role="outer"/>
  <member type="way" ref="750095804" role="outer"/>
  <member type="way" ref="750095811" role="outer"/>
  <member type="way" ref="750095787" role="outer"/>
  <member type="way" ref="750095798" role="outer"/>
  <member type="way" ref="750095812" role="outer"/>
  <member type="way" ref="166828644" role="outer"/>
  <member type="way" ref="176937145" role="outer"/>
  <member type="way" ref="1428175630" role="outer"/>
  <member type="way" ref="1428175623" role="outer"/>
  <member type="way" ref="854707340" role="outer"/>
  <member type="way" ref="854808900" role="outer"/>
  <member type="way" ref="316462982" role="outer"/>
  <member type="way" ref="854707347" role="outer"/>
  <member type="way" ref="729210115" role="outer"/>
  <member type="way" ref="854707348" role="outer"/>
  <member type="way" ref="729219967" role="outer"/>
  <member type="way" ref="357291361" role="outer"/>
  <member type="way" ref="81339745" role="outer"/>
  <member type="way" ref="81339742" role="outer"/>
  <member type="way" ref="859138371" role="outer"/>
  <member type="way" ref="19357332" role="outer"/>
  <member type="way" ref="854707341" role="outer"/>
  <member type="way" ref="176937148" role="outer"/>
  <member type="way" ref="860549128" role="outer"/>
  <member type="way" ref="860549127" role="outer"/>
  <member type="way" ref="176937144" role="outer"/>
  <member type="way" ref="860549130" role="outer"/>
  <member type="way" ref="176936127" role="outer"/>
  <member type="way" ref="860549129" role="outer"/>
  <member type="way" ref="176936125" role="outer"/>
  <member type="way" ref="859138370" role="outer"/>
  <member type="way" ref="176936126" role="outer"/>
  <member type="way" ref="860549131" role="outer"/>
  <member type="way" ref="176936123" role="outer"/>
  <member type="way" ref="176936119" role="outer"/>
  <member type="way" ref="166883955" role="outer"/>
  <member type="way" ref="860549132" role="outer"/>
  <member type="way" ref="176936122" role="outer"/>
  <member type="way" ref="860286577" role="outer"/>
  <member type="way" ref="857710314" role="outer"/>
  <member type="way" ref="860549133" role="outer"/>
  <member type="way" ref="176936124" role="outer"/>
  <member type="way" ref="860549134" role="outer"/>
  <member type="way" ref="857710319" role="outer"/>
  <member type="way" ref="857710318" role="outer"/>
  <member type="way" ref="176936121" role="outer"/>
  <member type="way" ref="858779851" role="outer"/>
  <member type="way" ref="954081788" role="outer"/>
  <member type="way" ref="858779880" role="outer"/>
  <member type="way" ref="577629279" role="outer"/>
  <member type="way" ref="858779879" role="outer"/>
  <member type="way" ref="316435817" role="outer"/>
  <member type="way" ref="857710305" role="outer"/>
  <member type="way" ref="1428176848" role="outer"/>
  <member type="way" ref="176936120" role="outer"/>
  <member type="way" ref="176937152" role="outer"/>
  <member type="way" ref="26330945" role="outer"/>
  <member type="way" ref="1180651636" role="outer"/>
  <member type="way" ref="686101580" role="outer"/>
  <member type="way" ref="1180650040" role="outer"/>
  <member type="way" ref="1180082195" role="outer"/>
  <member type="way" ref="1180082194" role="outer"/>
  <member type="way" ref="176937307" role="outer"/>
  <member type="way" ref="1180649690" role="outer"/>
  <member type="way" ref="1180649689" role="outer"/>
  <member type="way" ref="166704159" role="outer"/>
  <member type="way" ref="375978044" role="outer"/>
  <member type="way" ref="375978045" role="outer"/>
  <member type="way" ref="275862278" role="outer"/>
  <member type="way" ref="275862276" role="outer"/>
  <member type="way" ref="275862277" role="outer"/>
  <member type="way" ref="280417313" role="outer"/>
  <member type="way" ref="166703468" role="outer"/>
  <member type="way" ref="26330278" role="outer"/>
  <member type="way" ref="81341265" role="outer"/>
  <member type="way" ref="81341261" role="outer"/>
  <member type="way" ref="81341262" role="outer"/>
  <member type="way" ref="39517293" role="outer"/>
  <member type="way" ref="39517297" role="outer"/>
  <member type="way" ref="81341259" role="outer"/>
  <member type="way" ref="36866330" role="outer"/>
  <member type="way" ref="85099536" role="outer"/>
  <member type="way" ref="81341260" role="outer"/>
  <member type="way" ref="131828246" role="outer"/>
  <member type="way" ref="750142458" role="outer"/>
  <member type="way" ref="750142467" role="outer"/>
  <member type="way" ref="750142466" role="outer"/>
  <member type="way" ref="1543316511" role="outer"/>
  <member type="way" ref="1372763321" role="outer"/>
  <member type="way" ref="139486215" role="outer"/>
  <member type="way" ref="1433125561" role="outer"/>
  <member type="way" ref="1433125562" role="outer"/>
  <member type="way" ref="1433125573" role="outer"/>
  <member type="way" ref="1433125574" role="outer"/>
  <member type="way" ref="1433125578" role="outer"/>
  <member type="way" ref="1433125584" role="outer"/>
  <member type="way" ref="1433125588" role="outer"/>
  <member type="way" ref="1433125592" role="outer"/>
  <member type="way" ref="131828368" role="outer"/>
  <member type="way" ref="1433125586" role="outer"/>
  <member type="way" ref="825284233" role="outer"/>
  <member type="way" ref="825284115" role="outer"/>
  <member type="way" ref="825284232" role="outer"/>
  <member type="way" ref="825284252" role="outer"/>
  <member type="way" ref="825284251" role="outer"/>
  <member type="way" ref="825284250" role="outer"/>
  <member type="way" ref="825284249" role="outer"/>
  <member type="way" ref="825284234" role="outer"/>
  <member type="way" ref="825284123" role="outer"/>
  <member type="way" ref="825284102" role="outer"/>
  <member type="way" ref="825284247" role="outer"/>
  <member type="way" ref="825284246" role="outer"/>
  <member type="way" ref="825284255" role="outer"/>
  <member type="way" ref="825284244" role="outer"/>
  <member type="way" ref="259109283" role="outer"/>
  <member type="way" ref="825284243" role="outer"/>
  <member type="way" ref="825284287" role="outer"/>
  <member type="way" ref="825284231" role="outer"/>
  <member type="way" ref="825284230" role="outer"/>
  <member type="way" ref="825284226" role="outer"/>
  <member type="way" ref="825284229" role="outer"/>
  <member type="way" ref="825284228" role="outer"/>
  <member type="way" ref="825284238" role="outer"/>
  <member type="way" ref="825284237" role="outer"/>
  <member type="way" ref="825284239" role="outer"/>
  <member type="way" ref="825284235" role="outer"/>
  <member type="way" ref="825284278" role="outer"/>
  <member type="way" ref="452821178" role="outer"/>
  <member type="way" ref="259109293" role="outer"/>
  <member type="way" ref="825284224" role="outer"/>
  <member type="way" ref="825284277" role="outer"/>
  <member type="way" ref="825284276" role="outer"/>
  <member type="way" ref="825284274" role="outer"/>
  <member type="way" ref="825284275" role="outer"/>
  <member type="way" ref="825284266" role="outer"/>
  <member type="way" ref="825284273" role="outer"/>
  <member type="way" ref="825284265" role="outer"/>
  <member type="way" ref="825284264" role="outer"/>
  <member type="way" ref="825284272" role="outer"/>
  <member type="way" ref="825284271" role="outer"/>
  <member type="way" ref="185787374" role="outer"/>
  <member type="way" ref="825284270" role="outer"/>
  <member type="way" ref="825284268" role="outer"/>
  <member type="way" ref="825284267" role="outer"/>
  <member type="way" ref="825284261" role="outer"/>
  <member type="way" ref="825284260" role="outer"/>
  <member type="way" ref="825284262" role="outer"/>
  <member type="way" ref="825284220" role="outer"/>
  <member type="way" ref="825284222" role="outer"/>
  <member type="way" ref="825284221" role="outer"/>
  <member type="way" ref="825284173" role="outer"/>
  <member type="way" ref="825284197" role="outer"/>
  <member type="way" ref="825284175" role="outer"/>
  <member type="way" ref="825284194" role="outer"/>
  <member type="way" ref="825284130" role="outer"/>
  <member type="way" ref="825284193" role="outer"/>
  <member type="way" ref="452821183" role="outer"/>
  <member type="way" ref="801689122" role="outer"/>
  <member type="way" ref="801689124" role="outer"/>
  <member type="way" ref="625184392" role="outer"/>
  <member type="way" ref="625184391" role="outer"/>
  <member type="way" ref="185745205" role="outer"/>
  <member type="way" ref="801689130" role="outer"/>
  <member type="way" ref="801689128" role="outer"/>
  <member type="way" ref="801689126" role="outer"/>
  <member type="way" ref="801689127" role="outer"/>
  <member type="way" ref="259109343" role="outer"/>
  <member type="way" ref="259109275" role="outer"/>
  <member type="way" ref="13239234" role="outer"/>
  <member type="way" ref="801689129" role="outer"/>
  <member type="way" ref="801689131" role="outer"/>
  <member type="way" ref="452821189" role="outer"/>
  <member type="way" ref="825626277" role="outer"/>
  <member type="way" ref="825626276" role="outer"/>
  <member type="way" ref="259109310" role="outer"/>
  <member type="way" ref="259109304" role="outer"/>
  <member type="way" ref="259109272" role="outer"/>
  <member type="way" ref="259109240" role="outer"/>
  <member type="way" ref="259109241" role="outer"/>
  <member type="way" ref="259109302" role="outer"/>
  <member type="way" ref="259109233" role="outer"/>
  <member type="way" ref="20303630" role="outer"/>
  <member type="way" ref="259109232" role="outer"/>
  <member type="way" ref="259109329" role="outer"/>
  <member type="way" ref="259109225" role="outer"/>
  <member type="way" ref="259109281" role="outer"/>
  <member type="way" ref="259109276" role="outer"/>
  <member type="way" ref="259109160" role="outer"/>
  <member type="way" ref="625184400" role="outer"/>
  <member type="way" ref="625184402" role="outer"/>
  <member type="way" ref="625184401" role="outer"/>
  <member type="way" ref="258851250" role="outer"/>
  <member type="way" ref="625184403" role="outer"/>
  <member type="way" ref="625184398" role="outer"/>
  <member type="way" ref="259109227" role="outer"/>
  <member type="way" ref="801714115" role="outer"/>
  <member type="way" ref="259109282" role="outer"/>
  <member type="way" ref="258851254" role="outer"/>
  <member type="way" ref="258851261" role="outer"/>
  <member type="way" ref="874871931" role="outer"/>
  <member type="way" ref="258851265" role="outer"/>
  <member type="way" ref="10667965" role="outer"/>
  <member type="way" ref="258851244" role="outer"/>
  <member type="way" ref="10663155" role="outer"/>
  <member type="way" ref="258851241" role="outer"/>
  <member type="way" ref="258851245" role="outer"/>
  <member type="way" ref="258851259" role="outer"/>
  <member type="way" ref="832607967" role="outer"/>
  <member type="way" ref="218892766" role="outer"/>
  <member type="way" ref="258851256" role="outer"/>
  <member type="way" ref="10663000" role="outer"/>
  <member type="way" ref="231382741" role="outer"/>
  <member type="way" ref="231382739" role="outer"/>
  <member type="way" ref="1536199762" role="outer"/>
  <member type="way" ref="231382737" role="outer"/>
  <member type="way" ref="1536199761" role="outer"/>
  <member type="way" ref="205388497" role="outer"/>
  <member type="way" ref="188493508" role="outer"/>
  <member type="way" ref="188493499" role="outer"/>
  <member type="way" ref="185029367" role="outer"/>
  <member type="way" ref="185029344" role="outer"/>
  <member type="way" ref="188496576" role="outer"/>
  <member type="way" ref="188496579" role="outer"/>
  <member type="way" ref="441615907" role="outer"/>
  <member type="way" ref="441615904" role="outer"/>
  <member type="way" ref="205388508" role="outer"/>
  <member type="way" ref="10669161" role="outer"/>
  <member type="way" ref="441599683" role="outer"/>
  <member type="way" ref="441599674" role="outer"/>
  <member type="way" ref="441599681" role="outer"/>
  <member type="way" ref="441599676" role="outer"/>
  <member type="way" ref="1123723777" role="outer"/>
  <member type="way" ref="1123723778" role="outer"/>
  <member type="way" ref="832607969" role="outer"/>
  <member type="way" ref="1423902562" role="outer"/>
  <member type="way" ref="448170919" role="outer"/>
  <member type="way" ref="202864600" role="outer"/>
  <member type="way" ref="202864599" role="outer"/>
  <member type="way" ref="216873232" role="outer"/>
  <member type="way" ref="1023801028" role="outer"/>
  <member type="way" ref="442773869" role="outer"/>
  <member type="way" ref="1531739964" role="outer"/>
  <member type="way" ref="1531739963" role="outer"/>
  <member type="way" ref="1531739969" role="outer"/>
  <member type="way" ref="1531739970" role="outer"/>
  <member type="way" ref="1531739984" role="outer"/>
  <member type="way" ref="1531739985" role="outer"/>
  <member type="way" ref="1531739989" role="outer"/>
  <member type="way" ref="1531739988" role="outer"/>
  <member type="way" ref="1531723082" role="outer"/>
  <member type="way" ref="1531723086" role="outer"/>
  <member type="way" ref="1531740074" role="outer"/>
  <member type="way" ref="1531723085" role="outer"/>
  <member type="way" ref="10668635" role="outer"/>
  <member type="way" ref="585931419" role="outer"/>
  <member type="way" ref="546873063" role="outer"/>
  <member type="way" ref="546873065" role="outer"/>
  <member type="way" ref="546873066" role="outer"/>
  <member type="way" ref="551539042" role="outer"/>
  <member type="way" ref="546873075" role="outer"/>
  <member type="way" ref="551539043" role="outer"/>
  <member type="way" ref="585931418" role="outer"/>
  <member type="way" ref="592129392" role="outer"/>
  <member type="way" ref="592129390" role="outer"/>
  <member type="way" ref="592129389" role="outer"/>
  <member type="way" ref="592129388" role="outer"/>
  <member type="way" ref="546873071" role="outer"/>
  <member type="way" ref="215506029" role="outer"/>
  <member type="way" ref="208616161" role="outer"/>
  <member type="way" ref="215506031" role="outer"/>
  <member type="way" ref="448187194" role="outer"/>
  <member type="way" ref="448187186" role="outer"/>
  <member type="way" ref="448187175" role="outer"/>
  <member type="way" ref="448187192" role="outer"/>
  <member type="way" ref="448187198" role="outer"/>
  <member type="way" ref="448187156" role="outer"/>
  <member type="way" ref="448187176" role="outer"/>
  <member type="way" ref="448187187" role="outer"/>
  <member type="way" ref="448187177" role="outer"/>
  <member type="way" ref="448187181" role="outer"/>
  <member type="way" ref="448187170" role="outer"/>
  <member type="way" ref="448187180" role="outer"/>
  <member type="way" ref="448187190" role="outer"/>
  <member type="way" ref="448187199" role="outer"/>
  <member type="way" ref="448187188" role="outer"/>
  <member type="way" ref="448187174" role="outer"/>
  <member type="way" ref="448187195" role="outer"/>
  <member type="way" ref="448187149" role="outer"/>
  <member type="way" ref="448187184" role="outer"/>
  <member type="way" ref="10668347" role="outer"/>
  <member type="way" ref="448187191" role="outer"/>
  <member type="way" ref="448187178" role="outer"/>
  <member type="way" ref="448187162" role="outer"/>
  <member type="way" ref="204587902" role="outer"/>
  <member type="way" ref="204587892" role="outer"/>
  <member type="way" ref="204587903" role="outer"/>
  <member type="way" ref="448187185" role="outer"/>
  <member type="way" ref="204579516" role="outer"/>
  <member type="way" ref="447518537" role="outer"/>
  <member type="way" ref="447518536" role="outer"/>
  <member type="way" ref="204579523" role="outer"/>
  <member type="way" ref="196779562" role="outer"/>
  <member type="way" ref="196779560" role="outer"/>
  <member type="way" ref="70802369" role="outer"/>
  <member type="way" ref="204576666" role="outer"/>
  <member type="way" ref="204576665" role="outer"/>
  <member type="way" ref="554312269" role="outer"/>
  <member type="way" ref="554312265" role="outer"/>
  <member type="way" ref="554312266" role="outer"/>
  <member type="way" ref="554312268" role="outer"/>
  <member type="way" ref="204576676" role="outer"/>
  <member type="way" ref="204576673" role="outer"/>
  <member type="way" ref="258851260" role="outer"/>
  <member type="way" ref="258851270" role="outer"/>
  <member type="way" ref="10669236" role="outer"/>
  <member type="way" ref="447272530" role="outer"/>
  <member type="way" ref="204683847" role="outer"/>
  <member type="way" ref="447272499" role="outer"/>
  <member type="way" ref="204683848" role="outer"/>
  <member type="way" ref="208607767" role="outer"/>
  <member type="way" ref="208592754" role="outer"/>
  <member type="way" ref="208458035" role="outer"/>
  <member type="way" ref="208455195" role="outer"/>
  <member type="way" ref="208279460" role="outer"/>
  <member type="way" ref="208279463" role="outer"/>
  <member type="way" ref="231384171" role="outer"/>
  <member type="way" ref="258851253" role="outer"/>
  <member type="way" ref="231384170" role="outer"/>
  <member type="way" ref="258851268" role="outer"/>
  <member type="way" ref="204692123" role="outer"/>
  <member type="way" ref="204692118" role="outer"/>
  <member type="way" ref="194517605" role="outer"/>
  <member type="way" ref="10668200" role="outer"/>
  <member type="way" ref="194517613" role="outer"/>
  <member type="way" ref="194517609" role="outer"/>
  <member type="way" ref="194517615" role="outer"/>
  <member type="way" ref="194517607" role="outer"/>
  <member type="way" ref="583074988" role="outer"/>
  <member type="way" ref="583074987" role="outer"/>
  <member type="way" ref="194517612" role="outer"/>
  <member type="way" ref="196852484" role="outer"/>
  <member type="way" ref="196852485" role="outer"/>
  <member type="way" ref="196852478" role="outer"/>
  <member type="way" ref="775385873" role="outer"/>
  <member type="way" ref="775385870" role="outer"/>
  <member type="way" ref="200204402" role="outer"/>
  <member type="way" ref="775385868" role="outer"/>
  <member type="way" ref="775385869" role="outer"/>
  <member type="way" ref="200197811" role="outer"/>
  <member type="way" ref="200197848" role="outer"/>
  <member type="way" ref="119939918" role="outer"/>
  <member type="way" ref="258851257" role="outer"/>
  <member type="way" ref="775385874" role="outer"/>
  <member type="way" ref="258851247" role="outer"/>
  <member type="way" ref="226734065" role="outer"/>
  <member type="way" ref="226734067" role="outer"/>
  <member type="way" ref="226734069" role="outer"/>
  <member type="way" ref="226734053" role="outer"/>
  <member type="way" ref="226734063" role="outer"/>
  <member type="way" ref="226734052" role="outer"/>
  <member type="way" ref="226734064" role="outer"/>
  <member type="way" ref="226734060" role="outer"/>
  <member type="way" ref="226734055" role="outer"/>
  <member type="way" ref="226734057" role="outer"/>
  <member type="way" ref="226734054" role="outer"/>
  <member type="way" ref="455512955" role="outer"/>
  <member type="way" ref="455512954" role="outer"/>
  <member type="way" ref="226734068" role="outer"/>
  <member type="way" ref="1163631552" role="outer"/>
  <member type="way" ref="1163631551" role="outer"/>
  <member type="way" ref="1163502929" role="outer"/>
  <member type="way" ref="1163502928" role="outer"/>
  <member type="way" ref="1163502934" role="outer"/>
  <member type="way" ref="1163502932" role="outer"/>
  <member type="way" ref="1163502924" role="outer"/>
  <member type="way" ref="1163502923" role="outer"/>
  <member type="way" ref="1163502935" role="outer"/>
  <member type="way" ref="1163502921" role="outer"/>
  <member type="way" ref="1163502922" role="outer"/>
  <member type="way" ref="189153001" role="outer"/>
  <member type="way" ref="1163502914" role="outer"/>
  <member type="way" ref="189152999" role="outer"/>
  <member type="way" ref="1163502915" role="outer"/>
  <member type="way" ref="37859226" role="outer"/>
  <member type="way" ref="218815755" role="outer"/>
  <member type="way" ref="455087327" role="outer"/>
  <member type="way" ref="218815756" role="outer"/>
  <member type="way" ref="1497355734" role="outer"/>
  <member type="way" ref="452677809" role="outer"/>
  <member type="way" ref="1135514641" role="outer"/>
  <member type="way" ref="1135514640" role="outer"/>
  <member type="way" ref="452677807" role="outer"/>
  <member type="way" ref="452677806" role="outer"/>
  <member type="way" ref="452677804" role="outer"/>
  <member type="way" ref="188210942" role="outer"/>
  <member type="way" ref="188210941" role="outer"/>
  <member type="way" ref="188246743" role="outer"/>
  <member type="way" ref="188246744" role="outer"/>
  <member type="way" ref="1250844725" role="outer"/>
  <member type="way" ref="188210929" role="outer"/>
  <member type="way" ref="1497436484" role="outer"/>
  <member type="way" ref="1497436483" role="outer"/>
  <member type="way" ref="1497436486" role="outer"/>
  <member type="way" ref="1497436485" role="outer"/>
  <member type="way" ref="1250864166" role="outer"/>
  <member type="way" ref="204738407" role="outer"/>
  <member type="way" ref="188210940" role="outer"/>
  <member type="way" ref="204738366" role="outer"/>
  <member type="way" ref="554103155" role="outer"/>
  <member type="way" ref="1191321239" role="outer"/>
  <member type="way" ref="1191321240" role="outer"/>
  <member type="way" ref="1209545221" role="outer"/>
  <member type="way" ref="1191321225" role="outer"/>
  <member type="way" ref="1191321226" role="outer"/>
  <member type="way" ref="1191321238" role="outer"/>
  <member type="way" ref="903875875" role="outer"/>
  <member type="way" ref="205233690" role="outer"/>
  <member type="way" ref="1191321221" role="outer"/>
  <member type="way" ref="1191321220" role="outer"/>
  <member type="way" ref="1191321218" role="outer"/>
  <member type="way" ref="211846856" role="outer"/>
  <member type="way" ref="1306063799" role="outer"/>
  <member type="way" ref="995435999" role="outer"/>
  <member type="way" ref="1306063798" role="outer"/>
  <member type="way" ref="1306063802" role="outer"/>
  <member type="way" ref="1306063801" role="outer"/>
  <member type="way" ref="995434504" role="outer"/>
  <member type="way" ref="1306063803" role="outer"/>
  <member type="way" ref="435457911" role="outer"/>
  <member type="way" ref="435457876" role="outer"/>
  <member type="way" ref="435457896" role="outer"/>
  <member type="way" ref="1245707416" role="outer"/>
  <member type="way" ref="435457898" role="outer"/>
  <member type="way" ref="291051465" role="outer"/>
  <member type="way" ref="435457905" role="outer"/>
  <member type="way" ref="435457878" role="outer"/>
  <member type="way" ref="484556277" role="outer"/>
  <member type="way" ref="484556276" role="outer"/>
  <member type="way" ref="484556275" role="outer"/>
  <member type="way" ref="484556272" role="outer"/>
  <member type="way" ref="995434506" role="outer"/>
  <member type="way" ref="484556267" role="outer"/>
  <member type="way" ref="291051456" role="outer"/>
  <member type="way" ref="435457888" role="outer"/>
  <member type="way" ref="435457877" role="outer"/>
  <member type="way" ref="646138744" role="outer"/>
  <member type="way" ref="646138743" role="outer"/>
  <member type="way" ref="646138739" role="outer"/>
  <member type="way" ref="646138740" role="outer"/>
  <member type="way" ref="1283773252" role="outer"/>
  <member type="way" ref="1283773251" role="outer"/>
  <member type="way" ref="1283773257" role="outer"/>
  <member type="way" ref="435457901" role="outer"/>
  <member type="way" ref="1283773256" role="outer"/>
  <member type="way" ref="646130188" role="outer"/>
  <member type="way" ref="646130190" role="outer"/>
  <member type="way" ref="1245707418" role="outer"/>
  <member type="way" ref="435457899" role="outer"/>
  <member type="way" ref="189151224" role="outer"/>
  <member type="way" ref="189151232" role="outer"/>
  <member type="way" ref="189151220" role="outer"/>
  <member type="way" ref="189151231" role="outer"/>
  <member type="way" ref="189151222" role="outer"/>
  <member type="way" ref="189151229" role="outer"/>
  <member type="way" ref="189151233" role="outer"/>
  <member type="way" ref="1357528294" role="outer"/>
  <member type="way" ref="1357528293" role="outer"/>
  <member type="way" ref="1357528290" role="outer"/>
  <member type="way" ref="1357528289" role="outer"/>
  <member type="way" ref="189151235" role="outer"/>
  <member type="way" ref="1357528280" role="outer"/>
  <member type="way" ref="258851267" role="outer"/>
  <member type="way" ref="188160375" role="outer"/>
  <member type="way" ref="188160253" role="outer"/>
  <member type="way" ref="555260029" role="outer"/>
  <member type="way" ref="188160252" role="outer"/>
  <member type="way" ref="188160254" role="outer"/>
  <member type="way" ref="188157859" role="outer"/>
  <member type="way" ref="188157864" role="outer"/>
  <member type="way" ref="188157865" role="outer"/>
  <member type="way" ref="188164847" role="outer"/>
  <member type="way" ref="156850270" role="outer"/>
  <member type="way" ref="188164862" role="outer"/>
  <member type="way" ref="188164852" role="outer"/>
  <member type="way" ref="188164848" role="outer"/>
  <member type="way" ref="188164845" role="outer"/>
  <member type="way" ref="189469588" role="outer"/>
  <member type="way" ref="191118584" role="outer"/>
  <member type="way" ref="191118603" role="outer"/>
  <member type="way" ref="187699903" role="outer"/>
  <member type="way" ref="502481176" role="outer"/>
  <member type="way" ref="191123797" role="outer"/>
  <member type="way" ref="187699911" role="outer"/>
  <member type="way" ref="470465843" role="outer"/>
  <member type="way" ref="470484542" role="outer"/>
  <member type="way" ref="1391912432" role="outer"/>
  <member type="way" ref="187699872" role="outer"/>
  <member type="way" ref="187699895" role="outer"/>
  <member type="way" ref="187699889" role="outer"/>
  <member type="way" ref="187709464" role="outer"/>
  <member type="way" ref="156850287" role="outer"/>
  <member type="way" ref="187699894" role="outer"/>
  <member type="way" ref="187714638" role="outer"/>
  <member type="way" ref="187699875" role="outer"/>
  <member type="way" ref="187699874" role="outer"/>
  <member type="way" ref="187717166" role="outer"/>
  <member type="way" ref="187717168" role="outer"/>
  <member type="way" ref="187717165" role="outer"/>
  <member type="way" ref="187796582" role="outer"/>
  <member type="way" ref="187801363" role="outer"/>
  <member type="way" ref="187801347" role="outer"/>
  <member type="way" ref="187801359" role="outer"/>
  <member type="way" ref="187801327" role="outer"/>
  <member type="way" ref="187479417" role="outer"/>
  <member type="way" ref="187479408" role="outer"/>
  <member type="way" ref="187504795" role="outer"/>
  <member type="way" ref="187504797" role="outer"/>
  <member type="way" ref="187504794" role="outer"/>
  <member type="way" ref="185282225" role="outer"/>
  <member type="way" ref="185282173" role="outer"/>
  <member type="way" ref="185282230" role="outer"/>
  <member type="way" ref="185282172" role="outer"/>
  <member type="way" ref="185282222" role="outer"/>
  <member type="way" ref="185282220" role="outer"/>
  <member type="way" ref="185282238" role="outer"/>
  <member type="way" ref="185282176" role="outer"/>
  <member type="way" ref="185282187" role="outer"/>
  <member type="way" ref="185282207" role="outer"/>
  <member type="way" ref="187485799" role="outer"/>
  <member type="way" ref="187485798" role="outer"/>
  <member type="way" ref="118740585" role="outer"/>
  <member type="way" ref="186515757" role="outer"/>
  <member type="way" ref="1306055296" role="outer"/>
  <member type="way" ref="1306055298" role="outer"/>
  <member type="way" ref="184158882" role="outer"/>
  <member type="way" ref="184157212" role="outer"/>
  <member type="way" ref="1252637147" role="outer"/>
  <member type="way" ref="184156425" role="outer"/>
  <member type="way" ref="186513814" role="outer"/>
  <member type="way" ref="186513817" role="outer"/>
  <member type="way" ref="186513820" role="outer"/>
  <member type="way" ref="186513811" role="outer"/>
  <member type="way" ref="184098093" role="outer"/>
  <member type="way" ref="186513809" role="outer"/>
  <member type="way" ref="186513808" role="outer"/>
  <member type="way" ref="184098094" role="outer"/>
  <member type="way" ref="186513812" role="outer"/>
  <member type="way" ref="184522599" role="outer"/>
  <member type="way" ref="184096079" role="outer"/>
  <member type="way" ref="184522605" role="outer"/>
  <member type="way" ref="427626047" role="outer"/>
  <member type="way" ref="10669191" role="outer"/>
  <member type="way" ref="200067949" role="outer"/>
  <member type="way" ref="184522600" role="outer"/>
  <member type="way" ref="184067126" role="outer"/>
  <member type="way" ref="186155345" role="outer"/>
  <member type="way" ref="186155347" role="outer"/>
  <member type="way" ref="184067125" role="outer"/>
  <member type="way" ref="427646765" role="outer"/>
  <member type="way" ref="186155341" role="outer"/>
  <member type="way" ref="186155340" role="outer"/>
  <member type="way" ref="184086595" role="outer"/>
  <member type="way" ref="186508934" role="outer"/>
  <member type="way" ref="186508928" role="outer"/>
  <member type="way" ref="186511043" role="outer"/>
  <member type="way" ref="184197867" role="outer"/>
  <member type="way" ref="186511047" role="outer"/>
  <member type="way" ref="184197865" role="outer"/>
  <member type="way" ref="1024652475" role="outer"/>
  <member type="way" ref="186511483" role="outer"/>
  <member type="way" ref="1024652476" role="outer"/>
  <member type="way" ref="186511608" role="outer"/>
  <member type="way" ref="186511609" role="outer"/>
  <member type="way" ref="186511611" role="outer"/>
  <member type="way" ref="184791632" role="outer"/>
  <member type="way" ref="283870914" role="outer"/>
  <member type="way" ref="10669002" role="outer"/>
  <member type="way" ref="427827217" role="outer"/>
  <member type="way" ref="184791636" role="outer"/>
  <member type="way" ref="554036160" role="outer"/>
  <member type="way" ref="1526529706" role="outer"/>
  <member type="way" ref="186169891" role="outer"/>
  <member type="way" ref="554036161" role="outer"/>
  <member type="way" ref="554036158" role="outer"/>
  <member type="way" ref="100290330" role="outer"/>
  <member type="way" ref="547981450" role="outer"/>
  <member type="way" ref="554036164" role="outer"/>
  <member type="way" ref="100290353" role="outer"/>
  <member type="way" ref="547981449" role="outer"/>
  <member type="way" ref="406530495" role="outer"/>
  <member type="way" ref="186710973" role="outer"/>
  <member type="way" ref="583074985" role="outer"/>
  <member type="way" ref="259109325" role="outer"/>
  <member type="way" ref="798536471" role="outer"/>
  <member type="way" ref="798536473" role="outer"/>
  <member type="way" ref="1295972795" role="outer"/>
  <member type="way" ref="194704681" role="outer"/>
  <member type="way" ref="1295972796" role="outer"/>
  <member type="way" ref="1295972793" role="outer"/>
  <member type="way" ref="798536458" role="outer"/>
  <member type="way" ref="91820919" role="outer"/>
  <member type="way" ref="194704685" role="outer"/>
  <member type="way" ref="706820749" role="outer"/>
  <member type="way" ref="194704675" role="outer"/>
  <member type="way" ref="462426587" role="outer"/>
  <member type="way" ref="10620778" role="outer"/>
  <member type="way" ref="262425259" role="outer"/>
  <member type="way" ref="262404481" role="outer"/>
  <member type="way" ref="462426571" role="outer"/>
  <member type="way" ref="262404478" role="outer"/>
  <member type="way" ref="462426573" role="outer"/>
  <member type="way" ref="262405934" role="outer"/>
  <member type="way" ref="262405924" role="outer"/>
  <member type="way" ref="465883120" role="outer"/>
  <member type="way" ref="319783939" role="outer"/>
  <member type="way" ref="462426601" role="outer"/>
  <member type="way" ref="319785755" role="outer"/>
  <member type="way" ref="462426599" role="outer"/>
  <member type="way" ref="319783967" role="outer"/>
  <member type="way" ref="462426597" role="outer"/>
  <member type="way" ref="319784236" role="outer"/>
  <member type="way" ref="462426595" role="outer"/>
  <member type="way" ref="319784507" role="outer"/>
  <member type="way" ref="462426593" role="outer"/>
  <member type="way" ref="319784842" role="outer"/>
  <member type="way" ref="462426591" role="outer"/>
  <member type="way" ref="319785179" role="outer"/>
  <member type="way" ref="462426589" role="outer"/>
  <member type="way" ref="319785180" role="outer"/>
  <member type="way" ref="319786217" role="outer"/>
  <member type="way" ref="462426580" role="outer"/>
  <member type="way" ref="462426581" role="outer"/>
  <member type="way" ref="319791029" role="outer"/>
  <member type="way" ref="462426582" role="outer"/>
  <member type="way" ref="319791405" role="outer"/>
  <member type="way" ref="462426584" role="outer"/>
  <member type="way" ref="462426583" role="outer"/>
  <member type="way" ref="462426586" role="outer"/>
  <member type="way" ref="462426585" role="outer"/>
  <member type="way" ref="319791406" role="outer"/>
  <member type="way" ref="798493144" role="outer"/>
  <member type="way" ref="798493127" role="outer"/>
  <member type="way" ref="798493143" role="outer"/>
  <member type="way" ref="762280383" role="outer"/>
  <member type="way" ref="762280382" role="outer"/>
  <member type="way" ref="798493145" role="outer"/>
  <member type="way" ref="465883116" role="outer"/>
  <member type="way" ref="465883114" role="outer"/>
  <member type="way" ref="465883107" role="outer"/>
  <member type="way" ref="465883106" role="outer"/>
  <member type="way" ref="319959766" role="outer"/>
  <member type="way" ref="465883112" role="outer"/>
  <member type="way" ref="465883110" role="outer"/>
  <member type="way" ref="465883109" role="outer"/>
  <member type="way" ref="798493146" role="outer"/>
  <member type="way" ref="465883108" role="outer"/>
  <member type="way" ref="659299371" role="outer"/>
  <member type="way" ref="659299372" role="outer"/>
  <member type="way" ref="186841794" role="outer"/>
  <member type="way" ref="465883104" role="outer"/>
  <member type="way" ref="465883105" role="outer"/>
  <member type="way" ref="19554547" role="outer"/>
  <member type="way" ref="659299362" role="outer"/>
  <member type="way" ref="762280385" role="outer"/>
  <member type="way" ref="206883630" role="outer"/>
  <member type="way" ref="1419674512" role="outer"/>
  <member type="way" ref="259109245" role="outer"/>
  <member type="way" ref="259109344" role="outer"/>
  <member type="way" ref="19425617" role="outer"/>
  <member type="way" ref="799494170" role="outer"/>
  <member type="way" ref="799494171" role="outer"/>
  <member type="way" ref="19425557" role="outer"/>
  <member type="way" ref="706820752" role="outer"/>
  <member type="way" ref="19425562" role="outer"/>
  <member type="way" ref="182888681" role="outer"/>
  <member type="way" ref="182888679" role="outer"/>
  <member type="way" ref="179988909" role="outer"/>
  <member type="way" ref="259109251" role="outer"/>
  <member type="way" ref="179988903" role="outer"/>
  <member type="way" ref="1054974823" role="outer"/>
  <member type="way" ref="1149018794" role="outer"/>
  <member type="way" ref="1054974822" role="outer"/>
  <member type="way" ref="1148366607" role="outer"/>
  <member type="way" ref="1148366606" role="outer"/>
  <member type="way" ref="679024268" role="outer"/>
  <member type="way" ref="679024267" role="outer"/>
  <member type="way" ref="116792806" role="outer"/>
  <member type="way" ref="788904107" role="outer"/>
  <member type="way" ref="175593695" role="outer"/>
  <member type="way" ref="788904105" role="outer"/>
  <member type="way" ref="167908389" role="outer"/>
  <member type="way" ref="206848424" role="outer"/>
  <member type="way" ref="206848423" role="outer"/>
  <member type="way" ref="167906372" role="outer"/>
  <member type="way" ref="305653010" role="outer"/>
  <member type="way" ref="1418583338" role="outer"/>
  <member type="way" ref="206861192" role="outer"/>
  <member type="way" ref="605883276" role="inner"/>
  <member type="way" ref="605883277" role="inner"/>
  <member type="way" ref="605837413" role="inner"/>
  <member type="way" ref="837266344" role="inner"/>
  <member type="way" ref="260419568" role="inner"/>
  <member type="way" ref="1002377947" role="inner"/>
  <member type="way" ref="260419567" role="inner"/>
  <member type="way" ref="698405748" role="inner"/>
  <member type="way" ref="260419566" role="inner"/>
  <member type="way" ref="10663454" role="inner"/>
  <member type="way" ref="10663510" role="inner"/>
  <member type="way" ref="10668736" role="inner"/>
  <member type="way" ref="10669023" role="inner"/>
  <member type="way" ref="10668678" role="inner"/>
  <member type="way" ref="10669109" role="inner"/>
  <member type="way" ref="10668500" role="inner"/>
  <member type="way" ref="10668296" role="inner"/>
  <member type="way" ref="10668780" role="inner"/>
  <member type="way" ref="10668026" role="inner"/>
  <member type="way" ref="377074112" role="inner"/>
  <member type="way" ref="10668792" role="inner"/>
  <member type="way" ref="10669104" role="inner"/>
  <member type="way" ref="10668529" role="inner"/>
  <member type="way" ref="258785238" role="inner"/>
  <member type="way" ref="10668038" role="inner"/>
  <member type="way" ref="605837411" role="inner"/>
  <member type="way" ref="10668725" role="inner"/>
  <member type="way" ref="10669126" role="inner"/>
  <member type="way" ref="10668119" role="inner"/>
  <member type="way" ref="1420102266" role="inner"/>
  <member type="way" ref="10668990" role="inner"/>
  <member type="way" ref="259218482" role="inner"/>
  <member type="way" ref="10668414" role="inner"/>
  <member type="way" ref="10668227" role="inner"/>
  <member type="way" ref="10669099" role="inner"/>
  <member type="way" ref="10663290" role="inner"/>
  <member type="way" ref="10663720" role="inner"/>
  <member type="way" ref="10663374" role="inner"/>
  <member type="way" ref="10668537" role="inner"/>
  <member type="way" ref="10669105" role="inner"/>
  <member type="way" ref="10668925" role="inner"/>
  <member type="way" ref="10668553" role="inner"/>
  <member type="way" ref="10669084" role="inner"/>
  <member type="way" ref="10668328" role="inner"/>
  <member type="way" ref="10668418" role="inner"/>
  <member type="way" ref="10668577" role="inner"/>
  <member type="way" ref="10668339" role="inner"/>
  <member type="way" ref="262787749" role="inner"/>
  <member type="way" ref="262787752" role="inner"/>
  <member type="way" ref="262787747" role="inner"/>
  <member type="way" ref="10668989" role="inner"/>
  <member type="way" ref="10669243" role="inner"/>
  <member type="way" ref="554103158" role="inner"/>
  <member type="way" ref="10668495" role="inner"/>
  <member type="way" ref="10668929" role="inner"/>
  <member type="way" ref="10668656" role="inner"/>
  <member type="way" ref="10669169" role="inner"/>
  <member type="way" ref="188285172" role="inner"/>
  <member type="way" ref="188285174" role="inner"/>
  <member type="way" ref="188285173" role="inner"/>
  <member type="way" ref="188285171" role="inner"/>
  <member type="way" ref="10668787" role="inner"/>
  <member type="way" ref="10668924" role="inner"/>
  <member type="way" ref="259293737" role="inner"/>
  <member type="way" ref="19585522" role="inner"/>
  <member type="way" ref="10668483" role="inner"/>
  <member type="way" ref="10668479" role="inner"/>
  <member type="way" ref="10668573" role="inner"/>
  <member type="way" ref="10669043" role="inner"/>
  <member type="way" ref="319959764" role="inner"/>
  <member type="way" ref="319959765" role="inner"/>
  <member type="way" ref="330736794" role="inner"/>
  <member type="way" ref="330172521" role="inner"/>
  <member type="way" ref="377074110" role="inner"/>
  <member type="way" ref="377074103" role="inner"/>
  <member type="way" ref="377074108" role="inner"/>
  <member type="way" ref="377074107" role="inner"/>
  <member type="way" ref="37346356" role="inner"/>
  <member type="way" ref="152111788" role="inner"/>
  <member type="way" ref="10668902" role="inner"/>
  <member type="way" ref="330172489" role="inner"/>
  <member type="way" ref="330172488" role="inner"/>
  <member type="way" ref="452969735" role="inner"/>
  <member type="way" ref="462426579" role="inner"/>
  <member type="way" ref="462426575" role="inner"/>
  <member type="way" ref="462426577" role="inner"/>
  <member type="way" ref="625184396" role="inner"/>
  <member type="way" ref="658344920" role="inner"/>
  <member type="way" ref="658344922" role="inner"/>
  <member type="way" ref="658344924" role="inner"/>
  <member type="way" ref="658344923" role="inner"/>
  <member type="way" ref="825284257" role="inner"/>
  <member type="way" ref="825284256" role="inner"/>
  <member type="way" ref="825284110" role="inner"/>
  <member type="way" ref="825626266" role="inner"/>
  <member type="way" ref="832607965" role="inner"/>
  <member type="way" ref="832607961" role="inner"/>
  <member type="way" ref="832607962" role="inner"/>
  <member type="way" ref="832607963" role="inner"/>
  <member type="way" ref="832607964" role="inner"/>
  <member type="way" ref="832607960" role="inner"/>
  <member type="way" ref="10669129" role="inner"/>
  <member type="way" ref="825284043" role="inner"/>
  <member type="way" ref="825284044" role="inner"/>
  <member type="way" ref="10668699" role="inner"/>
  <member type="way" ref="10668272" role="inner"/>
  <member type="way" ref="1420102265" role="inner"/>
  <member type="way" ref="605927673" role="inner"/>
  <member type="way" ref="825626274" role="inner"/>
  <member type="way" ref="452969736" role="inner"/>
  <member type="way" ref="10669172" role="inner"/>
  <member type="way" ref="858779853" role="inner"/>
  <member type="way" ref="857783850" role="inner"/>
  <member type="way" ref="857783848" role="inner"/>
  <member type="way" ref="857710317" role="inner"/>
  <member type="way" ref="858779852" role="inner"/>
  <member type="way" ref="1012337845" role="inner"/>
  <member type="way" ref="1009759463" role="inner"/>
  <member type="way" ref="615908312" role="inner"/>
  <member type="way" ref="605837412" role="inner"/>
  <member type="way" ref="605837414" role="inner"/>
  <member type="way" ref="1215046074" role="inner"/>
  <member type="way" ref="1215046073" role="inner"/>
  <member type="way" ref="1090755511" role="inner"/>
  <member type="way" ref="1007454820" role="inner"/>
  <member type="way" ref="825284042" role="inner"/>
  <member type="way" ref="1420102264" role="inner"/>
  <tag k="alt_name:cs" v="La Platský záliv"/>
  <tag k="description" v="Cuerpo de aguas del Rio de la Plata"/>
  <tag k="name" v="Río de la Plata"/>
  <tag k="name:af" v="Río de la Plata"/>
  <tag k="name:ar" v="ريو دي لا بلاتا"/>
  <tag k="name:ca" v="Riu de la Plata"/>
  <tag k="name:cs" v="Río de la Plata"/>
  <tag k="name:de" v="Río de la Plata"/>
  <tag k="name:el" v="Ρίο ντε λα Πλάτα"/>
  <tag k="name:en" v="Río de la Plata"/>
  <tag k="name:eo" v="Plata-Rivero"/>
  <tag k="name:es" v="Río de la Plata"/>
  <tag k="name:fa" v="دهانه پلاتا"/>
  <tag k="name:fr" v="Río de la Plata"/>
  <tag k="name:he" v="ריו דה לה פלטה"/>
  <tag k="name:hi" v="रिओ दे ला प्लाता"/>
  <tag k="name:hu" v="Río de la Plata"/>
  <tag k="name:it" v="Río de la Plata"/>
  <tag k="name:ja" v="ラプラタ川"/>
  <tag k="name:ko" v="라플라타 강"/>
  <tag k="name:nl" v="Río de la Plata"/>
  <tag k="name:pa" v="ਪਲਾਤਾ ਦਰਿਆ"/>
  <tag k="name:pt" v="Rio da Prata"/>
  <tag k="name:ru" v="Ла-Плата"/>
  <tag k="name:uk" v="Ла-Плата"/>
  <tag k="name:zh" v="拉普拉塔河"/>
  <tag k="natural" v="water"/>
  <tag k="place" v="sea"/>
  <tag k="short_name:cs" v="La Plata"/>
  <tag k="short_name:hu" v="La Plata"/>
  <tag k="source" v="IHO"/>
  <tag k="tidal" v="yes"/>
  <tag k="type" v="multipolygon"/>
  <tag k="water" v="river"/>
  <tag k="wikidata" v="Q35827"/>
  <tag k="wikimedia_commons" v="Category:Río de la Plata"/>
  <tag k="wikipedia" v="es:Río de la Plata"/>
 </relation>
 <relation id="10343663" visible="true" version="4" changeset="172457308" timestamp="2025-09-25T20:17:30Z" user="muralito" uid="755114">
  <member type="way" ref="750292393" role="outer"/>
  <member type="way" ref="750142459" role="outer"/>
  <member type="way" ref="750142460" role="outer"/>
  <member type="way" ref="750142465" role="outer"/>
  <member type="way" ref="750142462" role="outer"/>
  <member type="way" ref="1433125555" role="outer"/>
  <member type="way" ref="750142464" role="outer"/>
  <tag k="boundary" v="protected_area"/>
  <tag k="name" v="Parque Natural Municipal Ribera Norte"/>
  <tag k="operator" v="Municipalidad de San Isidro"/>
  <tag k="protect_class" v="6"/>
  <tag k="protected_area" v="sustainable"/>
  <tag k="protection_title" v="Parque Natural"/>
  <tag k="type" v="boundary"/>
  <tag k="wikidata" v="Q6106261"/>
  <tag k="wikipedia" v="es:Parque natural municipal Ribera Norte"/>
 </relation>
</osm>
