archivo,anio,codigo,sitio,fecha,ecoli_raw,ecoli,ecoli_cens,ecoli_unidad,colif_fec_raw,colif_fec,colif_fec_unidad,enteroc_raw,enteroc,enteroc_cens,enteroc_unidad
CIAM_RdP_monitoreo_2004_dt482.csv,2004,TI001,Canal Villa Nueva y Río Luján,27/9/2004,no se midió,,,NMP/100 ml,no se midió,,NMP/100 ml,,,,
CIAM_RdP_monitoreo_2004_dt482.csv,2004,TI002,Canal Aliviador y Río Lujan,27/9/2004,no se midió,,,NMP/100 ml,no se midió,,NMP/100 ml,,,,
CIAM_RdP_monitoreo_2004_dt482.csv,2004,TI003,Río Carapachay y Arroyo Gallo Fiambre,27/9/2004,no se midió,,,NMP/100 ml,no se midió,,NMP/100 ml,,,,
CIAM_RdP_monitoreo_2004_dt482.csv,2004,TI004,Río Reconquista y Río Lujan,27/9/2004,no se midió,,,NMP/100 ml,no se midió,,NMP/100 ml,,,,
CIAM_RdP_monitoreo_2004_dt482.csv,2004,TI005,Río Tigre y Río Lujan,27/9/2004,no se midió,,,NMP/100 ml,no se midió,,NMP/100 ml,,,,
CIAM_RdP_monitoreo_2004_dt482.csv,2004,TI006,Río Lujan y Arroyo Caraguatá,27/9/2004,no se midió,,,NMP/100 ml,no se midió,,NMP/100 ml,,,,
CIAM_RdP_monitoreo_2004_dt482.csv,2004,TI007,Río Lujan y Canal San Fernando,27/9/2004,no se midió,,,NMP/100 ml,no se midió,,NMP/100 ml,,,,
CIAM_RdP_monitoreo_2004_dt482.csv,2004,TI008,Río Capitán y Río San Antonio,27/9/2004,no se midió,,,NMP/100 ml,no se midió,,NMP/100 ml,,,,
CIAM_RdP_monitoreo_2004_dt482.csv,2004,TI009,Arroyo Abra Vieja y Santa Rosa,27/9/2004,no se midió,,,NMP/100 ml,no se midió,,NMP/100 ml,,,,
CIAM_RdP_monitoreo_2004_dt482.csv,2004,SI021,Espigón La Farola,23/9/2004,1081,1081.0,,NMP/100 ml,9208,9208.0,NMP/100 ml,,,,
CIAM_RdP_monitoreo_2004_dt482.csv,2004,SI022,Reserva Ecógica,23/9/2004,109,109.0,,NMP/100 ml,no se midió,,NMP/100 ml,,,,
CIAM_RdP_monitoreo_2004_dt482.csv,2004,SI024,Pacheco,23/9/2004,no se midió,,,NMP/100 ml,no se midió,,NMP/100 ml,,,,
CIAM_RdP_monitoreo_2004_dt482.csv,2004,VL033,Barrio El Ceibo,23/9/2004,no se midió,,,NMP/100 ml,15000,15000.0,NMP/100 ml,,,,
CIAM_RdP_monitoreo_2004_dt482.csv,2004,VL032,Puerto de Olivos Espigón,23/9/2004,7900,7900.0,,NMP/100 ml,35000,35000.0,NMP/100 ml,,,,
CIAM_RdP_monitoreo_2004_dt482.csv,2004,VL031,Costa y Melo,23/9/2004,7900,7900.0,,NMP/100 ml,35000,35000.0,NMP/100 ml,,,,
CIAM_RdP_monitoreo_2004_dt482.csv,2004,CA041,Parque de los Niños,23/9/2004,22800,22800.0,,NMP/100 ml,no se midió,,NMP/100 ml,,,,
CIAM_RdP_monitoreo_2004_dt482.csv,2004,CA046,Club de Pescadores,23/9/2004,19000,19000.0,,NMP/100 ml,no se midió,,NMP/100 ml,,,,
CIAM_RdP_monitoreo_2004_dt482.csv,2004,CA043,Frente a la toma de agua AySA,23/9/2004,5650,5650.0,,NMP/100 ml,9500,9500.0,NMP/100 ml,,,,
CIAM_RdP_monitoreo_2004_dt482.csv,2004,CA044,Costanera Norte - Espigon Abanico,23/9/2004,6000,6000.0,,NMP/100 ml,9700,9700.0,NMP/100 ml,,,,
CIAM_RdP_monitoreo_2004_dt482.csv,2004,TI009,Arroyo Abra Vieja y Santa Rosa,10/12/2004,0,0.0,,NMP/100 ml,3,3.0,NMP/100 ml,,,,
CIAM_RdP_monitoreo_2004_dt482.csv,2004,TI008,Río Capitán y Río San Antonio,10/12/2004,0,0.0,,NMP/100 ml,3,3.0,NMP/100 ml,,,,
CIAM_RdP_monitoreo_2004_dt482.csv,2004,TI007,Río Lujan y Canal San Fernando,10/12/2004,0,0.0,,NMP/100 ml,9000,9000.0,NMP/100 ml,,,,
CIAM_RdP_monitoreo_2004_dt482.csv,2004,TI005,Río Tigre y Río Lujan,10/12/2004,0,0.0,,NMP/100 ml,930000,930000.0,NMP/100 ml,,,,
CIAM_RdP_monitoreo_2004_dt482.csv,2004,TI004,Río Reconquista y Río Lujan,10/12/2004,0,0.0,,NMP/100 ml,300,300.0,NMP/100 ml,,,,
CIAM_RdP_monitoreo_2004_dt482.csv,2004,TI003,Río Carapachay y Arroyo Gallo Fiambre,10/12/2004,0,0.0,,NMP/100 ml,3,3.0,NMP/100 ml,,,,
CIAM_RdP_monitoreo_2004_dt482.csv,2004,TI002,Canal Aliviador y Río Lujan,10/12/2004,0,0.0,,NMP/100 ml,400,400.0,NMP/100 ml,,,,
CIAM_RdP_monitoreo_2004_dt482.csv,2004,TI006,Río Lujan y Arroyo Caraguatá,10/12/2004,0,0.0,,NMP/100 ml,300,300.0,NMP/100 ml,,,,
CIAM_RdP_monitoreo_2004_dt482.csv,2004,TI001,Canal Villa Nueva y Río Luján,10/12/2004,0,0.0,,NMP/100 ml,3,3.0,NMP/100 ml,,,,
CIAM_RdP_monitoreo_2004_dt482.csv,2004,SI021,Espigón La Farola,7/12/2004,no se midió,,,NMP/100 ml,3000,3000.0,NMP/100 ml,,,,
CIAM_RdP_monitoreo_2004_dt482.csv,2004,SI022,Reserva Ecógica,7/12/2004,no se midió,,,NMP/100 ml,28000,28000.0,NMP/100 ml,,,,
CIAM_RdP_monitoreo_2004_dt482.csv,2004,SI024,Pacheco,7/12/2004,no se midió,,,NMP/100 ml,no se midió,,NMP/100 ml,,,,
CIAM_RdP_monitoreo_2004_dt482.csv,2004,VL033,Barrio El Ceibo,7/12/2004,no se midió,,,NMP/100 ml,900,900.0,NMP/100 ml,,,,
CIAM_RdP_monitoreo_2004_dt482.csv,2004,VL032,Puerto de Olivos Espigón,7/12/2004,no se midió,,,NMP/100 ml,2300,2300.0,NMP/100 ml,,,,
CIAM_RdP_monitoreo_2004_dt482.csv,2004,VL031,Costa y Melo,7/12/2004,no se midió,,,NMP/100 ml,2300,2300.0,NMP/100 ml,,,,
CIAM_RdP_monitoreo_2004_dt482.csv,2004,CA041,Parque de los Niños,7/12/2004,0,0.0,,NMP/100 ml,1200,1200.0,NMP/100 ml,,,,
CIAM_RdP_monitoreo_2004_dt482.csv,2004,CA046,Club de Pescadores,7/12/2004,7567,7567.0,,NMP/100 ml,9633,9633.0,NMP/100 ml,,,,
CIAM_RdP_monitoreo_2004_dt482.csv,2004,CA043,Frente a la toma de agua AySA,7/12/2004,5567,5567.0,,NMP/100 ml,11400,11400.0,NMP/100 ml,,,,
CIAM_RdP_monitoreo_2004_dt482.csv,2004,CA044,Costanera Norte - Espigon Abanico,7/12/2004,5033,5033.0,,NMP/100 ml,9600,9600.0,NMP/100 ml,,,,
CIAM_RdP_monitoreo_2016_dt454.csv,2016,TI001,Canal Villanueva y Río Luján,30/3/2016,600,600.0,,UFC/100 ml,15000,15000.0,UFC/100 ml,,,,
CIAM_RdP_monitoreo_2016_dt454.csv,2016,TI006,Río Lujan y Arroyo Caraguatá,30/3/2016,200,200.0,,UFC/100 ml,23000,23000.0,UFC/100 ml,,,,
CIAM_RdP_monitoreo_2016_dt454.csv,2016,TI002,Canal Aliviador y Río Lujan,30/3/2016,700,700.0,,UFC/100 ml,10000,10000.0,UFC/100 ml,,,,
CIAM_RdP_monitoreo_2016_dt454.csv,2016,TI003,Río Carapachay y Arroyo Gallo Fiambre,30/3/2016,400,400.0,,UFC/100 ml,10000,10000.0,UFC/100 ml,,,,
CIAM_RdP_monitoreo_2016_dt454.csv,2016,TI004,Río Reconquista y Río Lujan,30/3/2016,4200,4200.0,,UFC/100 ml,4500,4500.0,UFC/100 ml,,,,
CIAM_RdP_monitoreo_2016_dt454.csv,2016,TI005,Rio Tigre 100m antes del Rio Luján,30/3/2016,30000,30000.0,,UFC/100 ml,36000,36000.0,UFC/100 ml,,,,
CIAM_RdP_monitoreo_2016_dt454.csv,2016,TI007,Río Lujan y Canal San Fernando,30/3/2016,30000,30000.0,,UFC/100 ml,35000,35000.0,UFC/100 ml,,,,
CIAM_RdP_monitoreo_2016_dt454.csv,2016,TI008,Río Capitán y Río San Antonio,30/3/2016,100,100.0,,UFC/100 ml,7000,7000.0,UFC/100 ml,,,,
CIAM_RdP_monitoreo_2016_dt454.csv,2016,TI009,Arroyo Abra Vieja y Santa Rosa,30/3/2016,100,100.0,,UFC/100 ml,10000,10000.0,UFC/100 ml,,,,
CIAM_RdP_monitoreo_2016_dt454.csv,2016,SF015,Del Arca,30/3/2016,3000,3000.0,,UFC/100 ml,35000,35000.0,UFC/100 ml,,,,
CIAM_RdP_monitoreo_2016_dt454.csv,2016,SI021,Espigón La Farola,30/3/2016,400,400.0,,UFC/100 ml,400,400.0,UFC/100 ml,,,,
CIAM_RdP_monitoreo_2016_dt454.csv,2016,SI022,Reserva Ecológica,30/3/2016,2600,2600.0,,UFC/100 ml,2600,2600.0,UFC/100 ml,,,,
CIAM_RdP_monitoreo_2016_dt454.csv,2016,SI024,Playa Espigón de Pacheco,30/3/2016,500,500.0,,UFC/100 ml,28000,28000.0,UFC/100 ml,,,,
CIAM_RdP_monitoreo_2016_dt454.csv,2016,SI023,Perú Puente,30/3/2016,6600,6600.0,,UFC/100 ml,40000,40000.0,UFC/100 ml,,,,
CIAM_RdP_monitoreo_2016_dt454.csv,2016,VL033,Reserva Barrio El Ceibo,30/3/2016,4000,4000.0,,UFC/100 ml,15000,15000.0,UFC/100 ml,,,,
CIAM_RdP_monitoreo_2016_dt454.csv,2016,VL032,Puerto de Olivos Espigón,30/3/2016,9000,9000.0,,UFC/100 ml,22000,22000.0,UFC/100 ml,,,,
CIAM_RdP_monitoreo_2016_dt454.csv,2016,VL031,Costa y Melo,30/3/2016,6100,6100.0,,UFC/100 ml,16000,16000.0,UFC/100 ml,,,,
CIAM_RdP_monitoreo_2016_dt454.csv,2016,CA041,Parque de los Niños,30/3/2016,12000,12000.0,,UFC/100 ml,15000,15000.0,UFC/100 ml,,,,
CIAM_RdP_monitoreo_2016_dt454.csv,2016,CA044,Costanera Norte - Espigón Abanico,30/3/2016,6100,6100.0,,UFC/100 ml,8100,8100.0,UFC/100 ml,,,,
CIAM_RdP_monitoreo_2016_dt454.csv,2016,CA046,Club de Pescadores,30/3/2016,15000,15000.0,,UFC/100 ml,15000,15000.0,UFC/100 ml,,,,
CIAM_RdP_monitoreo_2016_dt454.csv,2016,TI001,Canal Villa Nueva y Río Luján,22/6/2016,300,300.0,,UFC/100 ml,500,500.0,UFC/100 ml,,,,
CIAM_RdP_monitoreo_2016_dt454.csv,2016,TI006,Río Lujan y Arroyo Caraguatá,22/6/2016,300,300.0,,UFC/100 ml,4000,4000.0,UFC/100 ml,,,,
CIAM_RdP_monitoreo_2016_dt454.csv,2016,TI002,Canal Aliviador y Río Lujan,22/6/2016,100,100.0,,UFC/100 ml,200,200.0,UFC/100 ml,,,,
CIAM_RdP_monitoreo_2016_dt454.csv,2016,TI003,Río Carapachay y Arroyo Gallo Fiambre,22/6/2016,100,100.0,,UFC/100 ml,200,200.0,UFC/100 ml,,,,
CIAM_RdP_monitoreo_2016_dt454.csv,2016,TI004,Río Reconquista y Río Lujan,22/6/2016,4000,4000.0,,UFC/100 ml,6000,6000.0,UFC/100 ml,,,,
CIAM_RdP_monitoreo_2016_dt454.csv,2016,TI005,Rio Tigre 100m antes del Rio Luján,22/6/2016,7000,7000.0,,UFC/100 ml,7500,7500.0,UFC/100 ml,,,,
CIAM_RdP_monitoreo_2016_dt454.csv,2016,TI007,Río Lujan y Canal San Fernando,22/6/2016,700,700.0,,UFC/100 ml,1000,1000.0,UFC/100 ml,,,,
CIAM_RdP_monitoreo_2016_dt454.csv,2016,TI008,Río Capitán y Río San Antonio,22/6/2016,99,99.0,,UFC/100 ml,200,200.0,UFC/100 ml,,,,
CIAM_RdP_monitoreo_2016_dt454.csv,2016,TI009,Arroyo Abra Vieja y Santa Rosa,22/6/2016,99,99.0,,UFC/100 ml,1000,1000.0,UFC/100 ml,,,,
CIAM_RdP_monitoreo_2016_dt454.csv,2016,SF015,Del Arca,22/6/2016,200,200.0,,UFC/100 ml,2000,2000.0,UFC/100 ml,,,,
CIAM_RdP_monitoreo_2016_dt454.csv,2016,SI021,Espigón La Farola,22/6/2016,100,100.0,,UFC/100 ml,200,200.0,UFC/100 ml,,,,
CIAM_RdP_monitoreo_2016_dt454.csv,2016,SI022,Reserva Ecológica,22/6/2016,100,100.0,,UFC/100 ml,1000,1000.0,UFC/100 ml,,,,
CIAM_RdP_monitoreo_2016_dt454.csv,2016,SI024,Playa Espigón de Pacheco,22/6/2016,100,100.0,,UFC/100 ml,15000,15000.0,UFC/100 ml,,,,
CIAM_RdP_monitoreo_2016_dt454.csv,2016,SI023,Perú Puente,22/6/2016,700,700.0,,UFC/100 ml,2500,2500.0,UFC/100 ml,,,,
CIAM_RdP_monitoreo_2016_dt454.csv,2016,VL033,Reserva Barrio El Ceibo,22/6/2016,2100,2100.0,,UFC/100 ml,2500,2500.0,UFC/100 ml,,,,
CIAM_RdP_monitoreo_2016_dt454.csv,2016,VL032,Puerto de Olivos Espigón,22/6/2016,1900,1900.0,,UFC/100 ml,2000,2000.0,UFC/100 ml,,,,
CIAM_RdP_monitoreo_2016_dt454.csv,2016,VL031,Costa y Melo,22/6/2016,4700,4700.0,,UFC/100 ml,5000,5000.0,UFC/100 ml,,,,
CIAM_RdP_monitoreo_2016_dt454.csv,2016,CA041,Parque de los Niños,22/6/2016,3000,3000.0,,UFC/100 ml,3000,3000.0,UFC/100 ml,,,,
CIAM_RdP_monitoreo_2016_dt454.csv,2016,CA044,Costanera Norte - Espigón Abanico,22/6/2016,2500,2500.0,,UFC/100 ml,2500,2500.0,UFC/100 ml,,,,
CIAM_RdP_monitoreo_2016_dt454.csv,2016,CA046,Club de Pescadores,22/6/2016,98000,98000.0,,UFC/100 ml,98000,98000.0,UFC/100 ml,,,,
CIAM_RdP_monitoreo_2016_dt454.csv,2016,TI001,Canal Villa Nueva y Río Luján,15/9/2016,900,900.0,,UFC/100 ml,3200,3200.0,UFC/100 ml,,,,
CIAM_RdP_monitoreo_2016_dt454.csv,2016,TI006,Río Lujan y Arroyo Caraguatá,15/9/2016,2000,2000.0,,UFC/100 ml,5600,5600.0,UFC/100 ml,,,,
CIAM_RdP_monitoreo_2016_dt454.csv,2016,TI002,Canal Aliviador y Río Lujan,15/9/2016,4500,4500.0,,UFC/100 ml,11000,11000.0,UFC/100 ml,,,,
CIAM_RdP_monitoreo_2016_dt454.csv,2016,TI003,Río Carapachay y Arroyo Gallo Fiambre,15/9/2016,1000,1000.0,,UFC/100 ml,3400,3400.0,UFC/100 ml,,,,
CIAM_RdP_monitoreo_2016_dt454.csv,2016,TI004,Río Reconquista y Río Lujan,15/9/2016,1800,1800.0,,UFC/100 ml,8000,8000.0,UFC/100 ml,,,,
CIAM_RdP_monitoreo_2016_dt454.csv,2016,TI005,Rio Tigre 100m antes del Rio Luján,15/9/2016,7000,7000.0,,UFC/100 ml,9000,9000.0,UFC/100 ml,,,,
CIAM_RdP_monitoreo_2016_dt454.csv,2016,TI007,Río Lujan y Canal San Fernando,15/9/2016,6600,6600.0,,UFC/100 ml,8200,8200.0,UFC/100 ml,,,,
CIAM_RdP_monitoreo_2016_dt454.csv,2016,TI008,Río Capitán y Río San Antonio,15/9/2016,5200,5200.0,,UFC/100 ml,8000,8000.0,UFC/100 ml,,,,
CIAM_RdP_monitoreo_2016_dt454.csv,2016,TI009,Arroyo Abra Vieja y Santa Rosa,15/9/2016,2100,2100.0,,UFC/100 ml,5200,5200.0,UFC/100 ml,,,,
CIAM_RdP_monitoreo_2016_dt454.csv,2016,SF015,Del Arca,15/9/2016,no se muestreó,,,UFC/100 ml,no se muestreó,,UFC/100 ml,,,,
CIAM_RdP_monitoreo_2016_dt454.csv,2016,SI021,Espigón La Farola,15/9/2016,1200,1200.0,,UFC/100 ml,2000,2000.0,UFC/100 ml,,,,
CIAM_RdP_monitoreo_2016_dt454.csv,2016,SI022,Reserva Ecológica,15/9/2016,800,800.0,,UFC/100 ml,2600,2600.0,UFC/100 ml,,,,
CIAM_RdP_monitoreo_2016_dt454.csv,2016,SI024,Playa Espigón de Pacheco,15/9/2016,3700,3700.0,,UFC/100 ml,10600,10600.0,UFC/100 ml,,,,
CIAM_RdP_monitoreo_2016_dt454.csv,2016,SI023,Perú Puente,15/9/2016,30000,30000.0,,UFC/100 ml,124000,124000.0,UFC/100 ml,,,,
CIAM_RdP_monitoreo_2016_dt454.csv,2016,VL033,Reserva Barrio El Ceibo,15/9/2016,9400,9400.0,,UFC/100 ml,36200,36200.0,UFC/100 ml,,,,
CIAM_RdP_monitoreo_2016_dt454.csv,2016,VL032,Puerto de Olivos Espigón,15/9/2016,15000,15000.0,,UFC/100 ml,32800,32800.0,UFC/100 ml,,,,
CIAM_RdP_monitoreo_2016_dt454.csv,2016,VL031,Costa y Melo,15/9/2016,3600,3600.0,,UFC/100 ml,20800,20800.0,UFC/100 ml,,,,
CIAM_RdP_monitoreo_2016_dt454.csv,2016,CA041,Parque de los Niños,14/9/2016,23000,23000.0,,UFC/100 ml,23000,23000.0,UFC/100 ml,,,,
CIAM_RdP_monitoreo_2016_dt454.csv,2016,CA044,Costanera Norte - Espigón Abanico,14/9/2016,30000,30000.0,,UFC/100 ml,33000,33000.0,UFC/100 ml,,,,
CIAM_RdP_monitoreo_2016_dt454.csv,2016,CA046,Club de Pescadores,14/9/2016,47000,47000.0,,UFC/100 ml,54000,54000.0,UFC/100 ml,,,,
CIAM_RdP_monitoreo_2016_dt454.csv,2016,TI001,Canal Villa Nueva y Río Luján,30/11/2016,1900,1900.0,,UFC/100 ml,6300,6300.0,UFC/100 ml,,,,
CIAM_RdP_monitoreo_2016_dt454.csv,2016,TI006,Río Lujan y Arroyo Caraguatá,30/11/2016,200,200.0,,UFC/100 ml,6000,6000.0,UFC/100 ml,,,,
CIAM_RdP_monitoreo_2016_dt454.csv,2016,TI002,Canal Aliviador y Río Lujan,30/11/2016,2100,2100.0,,UFC/100 ml,2100,2100.0,UFC/100 ml,,,,
CIAM_RdP_monitoreo_2016_dt454.csv,2016,TI003,Río Carapachay y Arroyo Gallo Fiambre,30/11/2016,3000,3000.0,,UFC/100 ml,8000,8000.0,UFC/100 ml,,,,
CIAM_RdP_monitoreo_2016_dt454.csv,2016,TI004,Río Reconquista y Río Lujan,30/11/2016,3700,3700.0,,UFC/100 ml,4000,4000.0,UFC/100 ml,,,,
CIAM_RdP_monitoreo_2016_dt454.csv,2016,TI005,Rio Tigre 100m antes del Rio Luján,30/11/2016,12700,12700.0,,UFC/100 ml,42000,42000.0,UFC/100 ml,,,,
CIAM_RdP_monitoreo_2016_dt454.csv,2016,TI007,Río Lujan y Canal San Fernando,30/11/2016,1400,1400.0,,UFC/100 ml,1800,1800.0,UFC/100 ml,,,,
CIAM_RdP_monitoreo_2016_dt454.csv,2016,TI008,Río Capitán y Río San Antonio,30/11/2016,2000,2000.0,,UFC/100 ml,2500,2500.0,UFC/100 ml,,,,
CIAM_RdP_monitoreo_2016_dt454.csv,2016,TI009,Arroyo Abra Vieja y Santa Rosa,30/11/2016,1300,1300.0,,UFC/100 ml,1400,1400.0,UFC/100 ml,,,,
CIAM_RdP_monitoreo_2016_dt454.csv,2016,SF015,Del Arca,30/11/2016,no se muestreó,,,UFC/100 ml,no se muestreó,,UFC/100 ml,,,,
CIAM_RdP_monitoreo_2016_dt454.csv,2016,SI021,Espigón La Farola,30/11/2016,1300,1300.0,,UFC/100 ml,8000,8000.0,UFC/100 ml,,,,
CIAM_RdP_monitoreo_2016_dt454.csv,2016,SI022,Reserva Ecológica,30/11/2016,700,700.0,,UFC/100 ml,5000,5000.0,UFC/100 ml,,,,
CIAM_RdP_monitoreo_2016_dt454.csv,2016,SI024,Playa Espigón de Pacheco,30/11/2016,1700,1700.0,,UFC/100 ml,40000,40000.0,UFC/100 ml,,,,
CIAM_RdP_monitoreo_2016_dt454.csv,2016,SI023,Perú Puente,30/11/2016,14000,14000.0,,UFC/100 ml,30000,30000.0,UFC/100 ml,,,,
CIAM_RdP_monitoreo_2016_dt454.csv,2016,VL033,Reserva Barrio El Ceibo,30/11/2016,9200,9200.0,,UFC/100 ml,10000,10000.0,UFC/100 ml,,,,
CIAM_RdP_monitoreo_2016_dt454.csv,2016,VL032,Puerto de Olivos Espigón,30/11/2016,800,800.0,,UFC/100 ml,1600,1600.0,UFC/100 ml,,,,
CIAM_RdP_monitoreo_2016_dt454.csv,2016,VL031,Costa y Melo,30/11/2016,1900,1900.0,,UFC/100 ml,2000,2000.0,UFC/100 ml,,,,
CIAM_RdP_monitoreo_2016_dt454.csv,2016,CA041,Parque de los Niños,30/11/2016,30000,30000.0,,UFC/100 ml,30000,30000.0,UFC/100 ml,,,,
CIAM_RdP_monitoreo_2016_dt454.csv,2016,CA044,Costanera Norte - Espigón Abanico,30/11/2016,13000,13000.0,,UFC/100 ml,20000,20000.0,UFC/100 ml,,,,
CIAM_RdP_monitoreo_2016_dt454.csv,2016,CA046,Club de Pescadores,30/11/2016,4300,4300.0,,UFC/100 ml,4700,4700.0,UFC/100 ml,,,,
CIAM_RdP_monitoreo_2017_dt453.csv,2017,TI001,Canal Villanueva y Río Luján,8/3/2017,700,700.0,,UFC/100 ml,3000,3000.0,UFC/100 ml,,,,
CIAM_RdP_monitoreo_2017_dt453.csv,2017,TI006,Río Lujan y Arroyo Caraguatá,8/3/2017,9000,9000.0,,UFC/100 ml,34000,34000.0,UFC/100 ml,,,,
CIAM_RdP_monitoreo_2017_dt453.csv,2017,TI002,Canal Aliviador y Río Lujan,8/3/2017,800,800.0,,UFC/100 ml,6000,6000.0,UFC/100 ml,,,,
CIAM_RdP_monitoreo_2017_dt453.csv,2017,TI003,Río Carapachay y Arroyo Gallo Fiambre,8/3/2017,300,300.0,,UFC/100 ml,6000,6000.0,UFC/100 ml,,,,
CIAM_RdP_monitoreo_2017_dt453.csv,2017,TI004,Río Reconquista y Río Lujan,8/3/2017,400,400.0,,UFC/100 ml,4000,4000.0,UFC/100 ml,,,,
CIAM_RdP_monitoreo_2017_dt453.csv,2017,TI005,Rio Tigre 100m antes del Rio Luján,8/3/2017,8000,8000.0,,UFC/100 ml,26000,26000.0,UFC/100 ml,,,,
CIAM_RdP_monitoreo_2017_dt453.csv,2017,TI007,Río Lujan y Canal San Fernando,8/3/2017,8500,8500.0,,UFC/100 ml,33000,33000.0,UFC/100 ml,,,,
CIAM_RdP_monitoreo_2017_dt453.csv,2017,TI008,Río Capitán y Río San Antonio,8/3/2017,100,100.0,,UFC/100 ml,4000,4000.0,UFC/100 ml,,,,
CIAM_RdP_monitoreo_2017_dt453.csv,2017,TI009,Arroyo Abra Vieja y Santa Rosa,8/3/2017,200,200.0,,UFC/100 ml,3000,3000.0,UFC/100 ml,,,,
CIAM_RdP_monitoreo_2017_dt453.csv,2017,SF015,Del Arca,8/3/2017,no se midió,,,UFC/100 ml,no se midió,,UFC/100 ml,,,,
CIAM_RdP_monitoreo_2017_dt453.csv,2017,SI021,Espigón La Farola,8/3/2017,600,600.0,,UFC/100 ml,3000,3000.0,UFC/100 ml,,,,
CIAM_RdP_monitoreo_2017_dt453.csv,2017,SI022,Reserva Ecológica,8/3/2017,1000,1000.0,,UFC/100 ml,4000,4000.0,UFC/100 ml,,,,
CIAM_RdP_monitoreo_2017_dt453.csv,2017,SI024,Playa Espigón de Pacheco,8/3/2017,1000,1000.0,,UFC/100 ml,6600,6600.0,UFC/100 ml,,,,
CIAM_RdP_monitoreo_2017_dt453.csv,2017,SI023,Perú Puente,8/3/2017,28000,28000.0,,UFC/100 ml,30000,30000.0,UFC/100 ml,,,,
CIAM_RdP_monitoreo_2017_dt453.csv,2017,VL033,Reserva Barrio El Ceibo,8/3/2017,4800,4800.0,,UFC/100 ml,20000,20000.0,UFC/100 ml,,,,
CIAM_RdP_monitoreo_2017_dt453.csv,2017,VL032,Puerto de Olivos Espigón,8/3/2017,3000,3000.0,,UFC/100 ml,4200,4200.0,UFC/100 ml,,,,
CIAM_RdP_monitoreo_2017_dt453.csv,2017,VL031,Costa y Melo,8/3/2017,11200,11200.0,,UFC/100 ml,20800,20800.0,UFC/100 ml,,,,
CIAM_RdP_monitoreo_2017_dt453.csv,2017,CA041,Parque de los Niños,8/3/2017,4000,4000.0,,UFC/100 ml,4000,4000.0,UFC/100 ml,,,,
CIAM_RdP_monitoreo_2017_dt453.csv,2017,CA044,Costanera Norte - Espigón Abanico,8/3/2017,5500,5500.0,,UFC/100 ml,6000,6000.0,UFC/100 ml,,,,
CIAM_RdP_monitoreo_2017_dt453.csv,2017,CA046,Club de Pescadores,8/3/2017,8000,8000.0,,UFC/100 ml,8000,8000.0,UFC/100 ml,,,,
CIAM_RdP_monitoreo_2017_dt453.csv,2017,TI001,Canal Villa Nueva y Río Luján,31/5/2017,2500,2500.0,,UFC/100 ml,6400,6400.0,UFC/100 ml,,,,
CIAM_RdP_monitoreo_2017_dt453.csv,2017,TI006,Río Lujan y Arroyo Caraguatá,31/5/2017,1200,1200.0,,UFC/100 ml,1400,1400.0,UFC/100 ml,,,,
CIAM_RdP_monitoreo_2017_dt453.csv,2017,TI002,Canal Aliviador y Río Lujan,31/5/2017,5800,5800.0,,UFC/100 ml,20000,20000.0,UFC/100 ml,,,,
CIAM_RdP_monitoreo_2017_dt453.csv,2017,TI003,Río Carapachay y Arroyo Gallo Fiambre,31/5/2017,2200,2200.0,,UFC/100 ml,7400,7400.0,UFC/100 ml,,,,
CIAM_RdP_monitoreo_2017_dt453.csv,2017,TI004,Río Reconquista y Río Lujan,31/5/2017,4200,4200.0,,UFC/100 ml,7000,7000.0,UFC/100 ml,,,,
CIAM_RdP_monitoreo_2017_dt453.csv,2017,TI005,Rio Tigre 100m antes del Rio Luján,31/5/2017,1100,1100.0,,UFC/100 ml,2400,2400.0,UFC/100 ml,,,,
CIAM_RdP_monitoreo_2017_dt453.csv,2017,TI007,Río Lujan y Canal San Fernando,31/5/2017,600,600.0,,UFC/100 ml,3400,3400.0,UFC/100 ml,,,,
CIAM_RdP_monitoreo_2017_dt453.csv,2017,TI008,Río Capitán y Río San Antonio,31/5/2017,1200,1200.0,,UFC/100 ml,3200,3200.0,UFC/100 ml,,,,
CIAM_RdP_monitoreo_2017_dt453.csv,2017,TI009,Arroyo Abra Vieja y Santa Rosa,31/5/2017,3200,3200.0,,UFC/100 ml,10000,10000.0,UFC/100 ml,,,,
CIAM_RdP_monitoreo_2017_dt453.csv,2017,SF015,Del Arca,31/5/2017,no se midió,,,UFC/100 ml,no se midió,,UFC/100 ml,,,,
CIAM_RdP_monitoreo_2017_dt453.csv,2017,SI021,Espigón La Farola,31/5/2017,600,600.0,,UFC/100 ml,800,800.0,UFC/100 ml,,,,
CIAM_RdP_monitoreo_2017_dt453.csv,2017,SI022,Reserva Ecológica,31/5/2017,1000,1000.0,,UFC/100 ml,1200,1200.0,UFC/100 ml,,,,
CIAM_RdP_monitoreo_2017_dt453.csv,2017,SI024,Playa Espigón de Pacheco,31/5/2017,2200,2200.0,,UFC/100 ml,8500,8500.0,UFC/100 ml,,,,
CIAM_RdP_monitoreo_2017_dt453.csv,2017,SI023,Perú Puente,31/5/2017,3000,3000.0,,UFC/100 ml,20000,20000.0,UFC/100 ml,,,,
CIAM_RdP_monitoreo_2017_dt453.csv,2017,VL033,Reserva Barrio El Ceibo,31/5/2017,1100,1100.0,,UFC/100 ml,1200,1200.0,UFC/100 ml,,,,
CIAM_RdP_monitoreo_2017_dt453.csv,2017,VL032,Puerto de Olivos Espigón,31/5/2017,800,800.0,,UFC/100 ml,3200,3200.0,UFC/100 ml,,,,
CIAM_RdP_monitoreo_2017_dt453.csv,2017,VL031,Costa y Melo,31/5/2017,200,200.0,,UFC/100 ml,3400,3400.0,UFC/100 ml,,,,
CIAM_RdP_monitoreo_2017_dt453.csv,2017,CA041,Parque de los Niños,31/5/2017,590,590.0,,UFC/100 ml,590,590.0,UFC/100 ml,,,,
CIAM_RdP_monitoreo_2017_dt453.csv,2017,CA044,Costanera Norte - Espigón Abanico,31/5/2017,1100,1100.0,,UFC/100 ml,1100,1100.0,UFC/100 ml,,,,
CIAM_RdP_monitoreo_2017_dt453.csv,2017,CA046,Club de Pescadores,31/5/2017,70000,70000.0,,UFC/100 ml,82000,82000.0,UFC/100 ml,,,,
CIAM_RdP_monitoreo_2017_dt453.csv,2017,TI001,Canal Villa Nueva y Río Luján,16/8/2017,8000,8000.0,,UFC/100 ml,8800,8800.0,UFC/100 ml,,,,
CIAM_RdP_monitoreo_2017_dt453.csv,2017,TI006,Río Lujan y Arroyo Caraguatá,16/8/2017,2200,2200.0,,UFC/100 ml,4600,4600.0,UFC/100 ml,,,,
CIAM_RdP_monitoreo_2017_dt453.csv,2017,TI002,Canal Aliviador y Río Lujan,16/8/2017,3900,3900.0,,UFC/100 ml,5200,5200.0,UFC/100 ml,,,,
CIAM_RdP_monitoreo_2017_dt453.csv,2017,TI003,Río Carapachay y Arroyo Gallo Fiambre,16/8/2017,7000,7000.0,,UFC/100 ml,7800,7800.0,UFC/100 ml,,,,
CIAM_RdP_monitoreo_2017_dt453.csv,2017,TI004,Río Reconquista y Río Lujan,16/8/2017,4600,4600.0,,UFC/100 ml,6000,6000.0,UFC/100 ml,,,,
CIAM_RdP_monitoreo_2017_dt453.csv,2017,TI005,Rio Tigre 100m antes del Rio Luján,16/8/2017,8200,8200.0,,UFC/100 ml,20000,20000.0,UFC/100 ml,,,,
CIAM_RdP_monitoreo_2017_dt453.csv,2017,TI007,Río Lujan y Canal San Fernando,16/8/2017,6600,6600.0,,UFC/100 ml,14000,14000.0,UFC/100 ml,,,,
CIAM_RdP_monitoreo_2017_dt453.csv,2017,TI008,Río Capitán y Río San Antonio,16/8/2017,6000,6000.0,,UFC/100 ml,7600,7600.0,UFC/100 ml,,,,
CIAM_RdP_monitoreo_2017_dt453.csv,2017,TI009,Arroyo Abra Vieja y Santa Rosa,16/8/2017,3300,3300.0,,UFC/100 ml,7000,7000.0,UFC/100 ml,,,,
CIAM_RdP_monitoreo_2017_dt453.csv,2017,SF015,Del Arca,16/8/2017,3000,3000.0,,UFC/100 ml,6400,6400.0,UFC/100 ml,,,,
CIAM_RdP_monitoreo_2017_dt453.csv,2017,SI021,Espigón La Farola,16/8/2017,500,500.0,,UFC/100 ml,800,800.0,UFC/100 ml,,,,
CIAM_RdP_monitoreo_2017_dt453.csv,2017,SI022,Reserva Ecológica,16/8/2017,300,300.0,,UFC/100 ml,1200,1200.0,UFC/100 ml,,,,
CIAM_RdP_monitoreo_2017_dt453.csv,2017,SI024,Playa Espigón de Pacheco,16/8/2017,1200,1200.0,,UFC/100 ml,1600,1600.0,UFC/100 ml,,,,
CIAM_RdP_monitoreo_2017_dt453.csv,2017,SI023,Perú Puente,16/8/2017,1000,1000.0,,UFC/100 ml,2000,2000.0,UFC/100 ml,,,,
CIAM_RdP_monitoreo_2017_dt453.csv,2017,VL033,Reserva Barrio El Ceibo,16/8/2017,3200,3200.0,,UFC/100 ml,3400,3400.0,UFC/100 ml,,,,
CIAM_RdP_monitoreo_2017_dt453.csv,2017,VL032,Puerto de Olivos Espigón,16/8/2017,5100,5100.0,,UFC/100 ml,8400,8400.0,UFC/100 ml,,,,
CIAM_RdP_monitoreo_2017_dt453.csv,2017,VL031,Costa y Melo,16/8/2017,4600,4600.0,,UFC/100 ml,7600,7600.0,UFC/100 ml,,,,
CIAM_RdP_monitoreo_2017_dt453.csv,2017,CA041,Parque de los Niños,16/8/2017,200,200.0,,UFC/100 ml,200,200.0,UFC/100 ml,,,,
CIAM_RdP_monitoreo_2017_dt453.csv,2017,CA044,Costanera Norte - Espigón Abanico,16/8/2017,2000,2000.0,,UFC/100 ml,2000,2000.0,UFC/100 ml,,,,
CIAM_RdP_monitoreo_2017_dt453.csv,2017,CA046,Club de Pescadores,16/8/2017,3500,3500.0,,UFC/100 ml,3500,3500.0,UFC/100 ml,,,,
CIAM_RdP_monitoreo_2017_dt453.csv,2017,TI001,Canal Villa Nueva y Río Luján,22/11/2017,600,600.0,,UFC/100 ml,1000,1000.0,UFC/100 ml,,,,
CIAM_RdP_monitoreo_2017_dt453.csv,2017,TI006,Río Lujan y Arroyo Caraguatá,22/11/2017,99,99.0,,UFC/100 ml,<100,100.0,UFC/100 ml,,,,
CIAM_RdP_monitoreo_2017_dt453.csv,2017,TI002,Canal Aliviador y Río Lujan,22/11/2017,4300,4300.0,,UFC/100 ml,6400,6400.0,UFC/100 ml,,,,
CIAM_RdP_monitoreo_2017_dt453.csv,2017,TI003,Río Carapachay y Arroyo Gallo Fiambre,22/11/2017,700,700.0,,UFC/100 ml,2400,2400.0,UFC/100 ml,,,,
CIAM_RdP_monitoreo_2017_dt453.csv,2017,TI004,Río Reconquista y Río Lujan,22/11/2017,9200,9200.0,,UFC/100 ml,16400,16400.0,UFC/100 ml,,,,
CIAM_RdP_monitoreo_2017_dt453.csv,2017,TI005,Rio Tigre 100m antes del Rio Luján,22/11/2017,20000,20000.0,,UFC/100 ml,45000,45000.0,UFC/100 ml,,,,
CIAM_RdP_monitoreo_2017_dt453.csv,2017,TI007,Río Lujan y Canal San Fernando,22/11/2017,14000,14000.0,,UFC/100 ml,15000,15000.0,UFC/100 ml,,,,
CIAM_RdP_monitoreo_2017_dt453.csv,2017,TI008,Río Capitán y Río San Antonio,22/11/2017,3100,3100.0,,UFC/100 ml,10000,10000.0,UFC/100 ml,,,,
CIAM_RdP_monitoreo_2017_dt453.csv,2017,TI009,Arroyo Abra Vieja y Santa Rosa,22/11/2017,1000,1000.0,,UFC/100 ml,2000,2000.0,UFC/100 ml,,,,
CIAM_RdP_monitoreo_2017_dt453.csv,2017,SF015,Del Arca,22/11/2017,1500,1500.0,,UFC/100 ml,2000,2000.0,UFC/100 ml,,,,
CIAM_RdP_monitoreo_2017_dt453.csv,2017,SI021,Espigón La Farola,22/11/2017,300,300.0,,UFC/100 ml,800,800.0,UFC/100 ml,,,,
CIAM_RdP_monitoreo_2017_dt453.csv,2017,SI022,Reserva Ecológica,22/11/2017,200,200.0,,UFC/100 ml,3600,3600.0,UFC/100 ml,,,,
CIAM_RdP_monitoreo_2017_dt453.csv,2017,SI024,Playa Espigón de Pacheco,22/11/2017,3800,3800.0,,UFC/100 ml,4000,4000.0,UFC/100 ml,,,,
CIAM_RdP_monitoreo_2017_dt453.csv,2017,SI023,Perú Puente,22/11/2017,13000,13000.0,,UFC/100 ml,27500,27500.0,UFC/100 ml,,,,
CIAM_RdP_monitoreo_2017_dt453.csv,2017,VL033,Reserva Barrio El Ceibo,22/11/2017,7200,7200.0,,UFC/100 ml,11200,11200.0,UFC/100 ml,,,,
CIAM_RdP_monitoreo_2017_dt453.csv,2017,VL032,Puerto de Olivos Espigón,22/11/2017,8000,8000.0,,UFC/100 ml,25000,25000.0,UFC/100 ml,,,,
CIAM_RdP_monitoreo_2017_dt453.csv,2017,VL031,Costa y Melo,22/11/2017,4800,4800.0,,UFC/100 ml,5000,5000.0,UFC/100 ml,,,,
CIAM_RdP_monitoreo_2017_dt453.csv,2017,CA041,Parque de los Niños,22/11/2017,54000,54000.0,,UFC/100 ml,54000,54000.0,UFC/100 ml,,,,
CIAM_RdP_monitoreo_2017_dt453.csv,2017,CA044,Costanera Norte - Espigón Abanico,22/11/2017,500,500.0,,UFC/100 ml,500,500.0,UFC/100 ml,,,,
CIAM_RdP_monitoreo_2017_dt453.csv,2017,CA046,Club de Pescadores,22/11/2017,80000,80000.0,,UFC/100 ml,80000,80000.0,UFC/100 ml,,,,
CIAM_RdP_monitoreo_2018_dt452.csv,2018,TI001,Canal Villanueva y Río Luján,21/3/2018,290,290.0,,UFC/100 ml,,,,10,10.0,,UFC/100 ml
CIAM_RdP_monitoreo_2018_dt452.csv,2018,TI006,Río Lujan y Arroyo Caraguatá,21/3/2018,210,210.0,,UFC/100 ml,,,,10,10.0,,UFC/100 ml
CIAM_RdP_monitoreo_2018_dt452.csv,2018,TI002,Canal Aliviador y Río Lujan,21/3/2018,1750,1750.0,,UFC/100 ml,,,,210,210.0,,UFC/100 ml
CIAM_RdP_monitoreo_2018_dt452.csv,2018,TI003,Río Carapachay y Arroyo Gallo Fiambre,21/3/2018,1560,1560.0,,UFC/100 ml,,,,10,10.0,,UFC/100 ml
CIAM_RdP_monitoreo_2018_dt452.csv,2018,TI004,Río Reconquista y Río Lujan,21/3/2018,1620,1620.0,,UFC/100 ml,,,,190,190.0,,UFC/100 ml
CIAM_RdP_monitoreo_2018_dt452.csv,2018,TI005,Rio Tigre 100m antes del Rio Luján,21/3/2018,1230,1230.0,,UFC/100 ml,,,,180,180.0,,UFC/100 ml
CIAM_RdP_monitoreo_2018_dt452.csv,2018,TI007,Río Lujan y Canal San Fernando,21/3/2018,1250,1250.0,,UFC/100 ml,,,,110,110.0,,UFC/100 ml
CIAM_RdP_monitoreo_2018_dt452.csv,2018,TI008,Río Capitán y Río San Antonio,21/3/2018,1480,1480.0,,UFC/100 ml,,,,80,80.0,,UFC/100 ml
CIAM_RdP_monitoreo_2018_dt452.csv,2018,TI009,Arroyo Abra Vieja y Santa Rosa,21/3/2018,1260,1260.0,,UFC/100 ml,,,,70,70.0,,UFC/100 ml
CIAM_RdP_monitoreo_2018_dt452.csv,2018,SF015,Del Arca,21/3/2018,no se midió,,,UFC/100 ml,,,,no se midió,,,UFC/100 ml
CIAM_RdP_monitoreo_2018_dt452.csv,2018,SI021,Espigón La Farola,21/3/2018,450,450.0,,UFC/100 ml,,,,10,10.0,,UFC/100 ml
CIAM_RdP_monitoreo_2018_dt452.csv,2018,SI022,Reserva Ecológica,21/3/2018,380,380.0,,UFC/100 ml,,,,10,10.0,,UFC/100 ml
CIAM_RdP_monitoreo_2018_dt452.csv,2018,SI024,Playa Espigón de Pacheco,21/3/2018,1720,1720.0,,UFC/100 ml,,,,220,220.0,,UFC/100 ml
CIAM_RdP_monitoreo_2018_dt452.csv,2018,SI023,Perú Puente,21/3/2018,1670,1670.0,,UFC/100 ml,,,,200,200.0,,UFC/100 ml
CIAM_RdP_monitoreo_2018_dt452.csv,2018,VL033,Reserva Barrio El Ceibo,21/3/2018,1530,1530.0,,UFC/100 ml,,,,100,100.0,,UFC/100 ml
CIAM_RdP_monitoreo_2018_dt452.csv,2018,VL032,Puerto de Olivos Espigón,21/3/2018,1430,1430.0,,UFC/100 ml,,,,110,110.0,,UFC/100 ml
CIAM_RdP_monitoreo_2018_dt452.csv,2018,VL031,Costa y Melo,21/3/2018,1390,1390.0,,UFC/100 ml,,,,90,90.0,,UFC/100 ml
CIAM_RdP_monitoreo_2018_dt452.csv,2018,CA041,Parque de los Niños,21/3/2018,6800,6800.0,,UFC/100 ml,,,,1300,1300.0,,UFC/100 ml
CIAM_RdP_monitoreo_2018_dt452.csv,2018,CA044,Costanera Norte - Espigón Abanico,21/3/2018,1600,1600.0,,UFC/100 ml,,,,650,650.0,,UFC/100 ml
CIAM_RdP_monitoreo_2018_dt452.csv,2018,CA046,Club de Pescadores,21/3/2018,8900,8900.0,,UFC/100 ml,,,,3500,3500.0,,UFC/100 ml
CIAM_RdP_monitoreo_2018_dt452.csv,2018,TI001,Canal Villanueva y Río Luján,16/5/2018,200,200.0,,UFC/100 ml,,,,<10,10.0,<,UFC/100 ml
CIAM_RdP_monitoreo_2018_dt452.csv,2018,TI006,Río Lujan y Arroyo Caraguatá,16/5/2018,900,900.0,,UFC/100 ml,,,,20,20.0,,UFC/100 ml
CIAM_RdP_monitoreo_2018_dt452.csv,2018,TI002,Canal Aliviador y Río Lujan,16/5/2018,1300,1300.0,,UFC/100 ml,,,,30,30.0,,UFC/100 ml
CIAM_RdP_monitoreo_2018_dt452.csv,2018,TI003,Río Carapachay y Arroyo Gallo Fiambre,16/5/2018,800,800.0,,UFC/100 ml,,,,20,20.0,,UFC/100 ml
CIAM_RdP_monitoreo_2018_dt452.csv,2018,TI004,Río Reconquista y Río Lujan,16/5/2018,600,600.0,,UFC/100 ml,,,,15,15.0,,UFC/100 ml
CIAM_RdP_monitoreo_2018_dt452.csv,2018,TI005,Rio Tigre 100m antes del Rio Luján,16/5/2018,1200,1200.0,,UFC/100 ml,,,,30,30.0,,UFC/100 ml
CIAM_RdP_monitoreo_2018_dt452.csv,2018,TI007,Río Lujan y Canal San Fernando,16/5/2018,2500,2500.0,,UFC/100 ml,,,,70,70.0,,UFC/100 ml
CIAM_RdP_monitoreo_2018_dt452.csv,2018,TI008,Río Capitán y Río San Antonio,16/5/2018,100,100.0,,UFC/100 ml,,,,<10,10.0,<,UFC/100 ml
CIAM_RdP_monitoreo_2018_dt452.csv,2018,TI009,Arroyo Abra Vieja y Santa Rosa,16/5/2018,100,100.0,,UFC/100 ml,,,,<10,10.0,<,UFC/100 ml
CIAM_RdP_monitoreo_2018_dt452.csv,2018,SF015,Del Arca,16/5/2018,800,800.0,,UFC/100 ml,,,,25,25.0,,UFC/100 ml
CIAM_RdP_monitoreo_2018_dt452.csv,2018,SI021,Espigón La Farola,16/5/2018,500,500.0,,UFC/100 ml,,,,10,10.0,,UFC/100 ml
CIAM_RdP_monitoreo_2018_dt452.csv,2018,SI022,Reserva Ecológica,16/5/2018,500,500.0,,UFC/100 ml,,,,<10,10.0,<,UFC/100 ml
CIAM_RdP_monitoreo_2018_dt452.csv,2018,SI024,Playa Espigón de Pacheco,16/5/2018,4000,4000.0,,UFC/100 ml,,,,150,150.0,,UFC/100 ml
CIAM_RdP_monitoreo_2018_dt452.csv,2018,SI023,Perú Puente,16/5/2018,6000,6000.0,,UFC/100 ml,,,,190,190.0,,UFC/100 ml
CIAM_RdP_monitoreo_2018_dt452.csv,2018,VL033,Reserva Barrio El Ceibo,16/5/2018,3000,3000.0,,UFC/100 ml,,,,130,130.0,,UFC/100 ml
CIAM_RdP_monitoreo_2018_dt452.csv,2018,VL032,Puerto de Olivos Espigón,16/5/2018,2400,2400.0,,UFC/100 ml,,,,60,60.0,,UFC/100 ml
CIAM_RdP_monitoreo_2018_dt452.csv,2018,VL031,Costa y Melo,16/5/2018,3400,3400.0,,UFC/100 ml,,,,100,100.0,,UFC/100 ml
CIAM_RdP_monitoreo_2018_dt452.csv,2018,CA041,Parque de los Niños,27/6/2018,17000,17000.0,,UFC/100 ml,,,,2500,2500.0,,UFC/100 ml
CIAM_RdP_monitoreo_2018_dt452.csv,2018,CA044,Costanera Norte - Espigón Abanico,27/6/2018,4000,4000.0,,UFC/100 ml,,,,470,470.0,,UFC/100 ml
CIAM_RdP_monitoreo_2018_dt452.csv,2018,CA046,Club de Pescadores,27/6/2018,25000,25000.0,,UFC/100 ml,,,,3100,3100.0,,UFC/100 ml
CIAM_RdP_monitoreo_2018_dt452.csv,2018,TI001,Canal Villanueva y Río Luján,15/8/2018,200,200.0,,UFC/100 ml,,,,20,20.0,,UFC/100 ml
CIAM_RdP_monitoreo_2018_dt452.csv,2018,TI006,Río Lujan y Arroyo Caraguatá,15/8/2018,7600,7600.0,,UFC/100 ml,,,,2600,2600.0,,UFC/100 ml
CIAM_RdP_monitoreo_2018_dt452.csv,2018,TI002,Canal Aliviador y Río Lujan,15/8/2018,3300,3300.0,,UFC/100 ml,,,,750,750.0,,UFC/100 ml
CIAM_RdP_monitoreo_2018_dt452.csv,2018,TI003,Río Carapachay y Arroyo Gallo Fiambre,15/8/2018,2300,2300.0,,UFC/100 ml,,,,600,600.0,,UFC/100 ml
CIAM_RdP_monitoreo_2018_dt452.csv,2018,TI004,Río Reconquista y Río Lujan,15/8/2018,3000,3000.0,,UFC/100 ml,,,,50,50.0,,UFC/100 ml
CIAM_RdP_monitoreo_2018_dt452.csv,2018,TI005,Rio Tigre 100m antes del Rio Luján,15/8/2018,4500,4500.0,,UFC/100 ml,,,,1100,1100.0,,UFC/100 ml
CIAM_RdP_monitoreo_2018_dt452.csv,2018,TI007,Río Lujan y Canal San Fernando,15/8/2018,2400,2400.0,,UFC/100 ml,,,,850,850.0,,UFC/100 ml
CIAM_RdP_monitoreo_2018_dt452.csv,2018,TI008,Río Capitán y Río San Antonio,15/8/2018,100,100.0,,UFC/100 ml,,,,130,130.0,,UFC/100 ml
CIAM_RdP_monitoreo_2018_dt452.csv,2018,TI009,Arroyo Abra Vieja y Santa Rosa,15/8/2018,200,200.0,,UFC/100 ml,,,,50,50.0,,UFC/100 ml
CIAM_RdP_monitoreo_2018_dt452.csv,2018,SF015,Del Arca,15/8/2018,900,900.0,,UFC/100 ml,,,,70,70.0,,UFC/100 ml
CIAM_RdP_monitoreo_2018_dt452.csv,2018,SI021,Espigón La Farola,15/8/2018,600,600.0,,UFC/100 ml,,,,50,50.0,,UFC/100 ml
CIAM_RdP_monitoreo_2018_dt452.csv,2018,SI022,Reserva Ecológica,15/8/2018,500,500.0,,UFC/100 ml,,,,110,110.0,,UFC/100 ml
CIAM_RdP_monitoreo_2018_dt452.csv,2018,SI024,Playa Espigón de Pacheco,15/8/2018,29200,29200.0,,UFC/100 ml,,,,8300,8300.0,,UFC/100 ml
CIAM_RdP_monitoreo_2018_dt452.csv,2018,SI023,Perú Puente,15/8/2018,6600,6600.0,,UFC/100 ml,,,,1550,1550.0,,UFC/100 ml
CIAM_RdP_monitoreo_2018_dt452.csv,2018,VL033,Reserva Barrio El Ceibo,15/8/2018,3000,3000.0,,UFC/100 ml,,,,2450,2450.0,,UFC/100 ml
CIAM_RdP_monitoreo_2018_dt452.csv,2018,VL032,Puerto de Olivos Espigón,15/8/2018,2800,2800.0,,UFC/100 ml,,,,700,700.0,,UFC/100 ml
CIAM_RdP_monitoreo_2018_dt452.csv,2018,VL031,Costa y Melo,15/8/2018,8600,8600.0,,UFC/100 ml,,,,2900,2900.0,,UFC/100 ml
CIAM_RdP_monitoreo_2018_dt452.csv,2018,CA041,Parque de los Niños,15/8/2018,no se midió,,,UFC/100 ml,,,,no se midió,,,UFC/100 ml
CIAM_RdP_monitoreo_2018_dt452.csv,2018,CA044,Costanera Norte - Espigón Abanico,15/8/2018,no se midió,,,UFC/100 ml,,,,no se midió,,,UFC/100 ml
CIAM_RdP_monitoreo_2018_dt452.csv,2018,CA046,Club de Pescadores,15/8/2018,no se midió,,,UFC/100 ml,,,,no se midió,,,UFC/100 ml
CIAM_RdP_monitoreo_2018_dt452.csv,2018,TI001,Canal Villanueva y Río Luján,29/10/2018,100,100.0,,UFC/100 ml,,,,40,40.0,,UFC/100 ml
CIAM_RdP_monitoreo_2018_dt452.csv,2018,TI006,Río Lujan y Arroyo Caraguatá,29/10/2018,4800,4800.0,,UFC/100 ml,,,,1200,1200.0,,UFC/100 ml
CIAM_RdP_monitoreo_2018_dt452.csv,2018,TI002,Canal Aliviador y Río Lujan,29/10/2018,3800,3800.0,,UFC/100 ml,,,,850,850.0,,UFC/100 ml
CIAM_RdP_monitoreo_2018_dt452.csv,2018,TI003,Río Carapachay y Arroyo Gallo Fiambre,29/10/2018,6000,6000.0,,UFC/100 ml,,,,900,900.0,,UFC/100 ml
CIAM_RdP_monitoreo_2018_dt452.csv,2018,TI004,Río Reconquista y Río Lujan,29/10/2018,16900,16900.0,,UFC/100 ml,,,,4450,4450.0,,UFC/100 ml
CIAM_RdP_monitoreo_2018_dt452.csv,2018,TI005,Rio Tigre 100m antes del Rio Luján,29/10/2018,22000,22000.0,,UFC/100 ml,,,,5000,5000.0,,UFC/100 ml
CIAM_RdP_monitoreo_2018_dt452.csv,2018,TI007,Río Lujan y Canal San Fernando,29/10/2018,10800,10800.0,,UFC/100 ml,,,,2050,2050.0,,UFC/100 ml
CIAM_RdP_monitoreo_2018_dt452.csv,2018,TI008,Río Capitán y Río San Antonio,29/10/2018,49,49.0,,UFC/100 ml,,,,90,90.0,,UFC/100 ml
CIAM_RdP_monitoreo_2018_dt452.csv,2018,TI009,Arroyo Abra Vieja y Santa Rosa,29/10/2018,200,200.0,,UFC/100 ml,,,,<10,10.0,<,UFC/100 ml
CIAM_RdP_monitoreo_2018_dt452.csv,2018,SF015,Del Arca,7/11/2018,14700,14700.0,,UFC/100 ml,,,,750,750.0,,UFC/100 ml
CIAM_RdP_monitoreo_2018_dt452.csv,2018,SI021,Espigón La Farola,7/11/2018,400,400.0,,UFC/100 ml,,,,100,100.0,,UFC/100 ml
CIAM_RdP_monitoreo_2018_dt452.csv,2018,SI022,Reserva Ecológica,7/11/2018,1300,1300.0,,UFC/100 ml,,,,500,500.0,,UFC/100 ml
CIAM_RdP_monitoreo_2018_dt452.csv,2018,SI024,Playa Espigón de Pacheco,7/11/2018,1200,1200.0,,UFC/100 ml,,,,50,50.0,,UFC/100 ml
CIAM_RdP_monitoreo_2018_dt452.csv,2018,SI023,Perú Puente,7/11/2018,6400,6400.0,,UFC/100 ml,,,,600,600.0,,UFC/100 ml
CIAM_RdP_monitoreo_2018_dt452.csv,2018,VL033,Reserva Barrio El Ceibo,7/11/2018,3400,3400.0,,UFC/100 ml,,,,350,350.0,,UFC/100 ml
CIAM_RdP_monitoreo_2018_dt452.csv,2018,VL032,Puerto de Olivos Espigón,7/11/2018,1800,1800.0,,UFC/100 ml,,,,200,200.0,,UFC/100 ml
CIAM_RdP_monitoreo_2018_dt452.csv,2018,VL031,Costa y Melo,7/11/2018,17500,17500.0,,UFC/100 ml,,,,3500,3500.0,,UFC/100 ml
CIAM_RdP_monitoreo_2018_dt452.csv,2018,CA041,Parque de los Niños,31/10/2018,23000,23000.0,,UFC/100 ml,,,,9700,9700.0,,UFC/100 ml
CIAM_RdP_monitoreo_2018_dt452.csv,2018,CA044,Costanera Norte - Espigón Abanico,31/10/2018,11000,11000.0,,UFC/100 ml,,,,4800,4800.0,,UFC/100 ml
CIAM_RdP_monitoreo_2018_dt452.csv,2018,CA046,Club de Pescadores,31/10/2018,7000,7000.0,,UFC/100 ml,,,,61000,61000.0,,UFC/100 ml
CIAM_RdP_monitoreo_2019_dt451.csv,2019,TI001,Canal Villanueva y Río Luján,6/2/2019,140,140.0,,UFC/100 ml,,,,30,30.0,,UFC/100 ml
CIAM_RdP_monitoreo_2019_dt451.csv,2019,TI006,Río Lujan y Arroyo Caraguatá,6/2/2019,60,60.0,,UFC/100 ml,,,,<10,10.0,<,UFC/100 ml
CIAM_RdP_monitoreo_2019_dt451.csv,2019,TI002,Canal Aliviador y Río Lujan,6/2/2019,800,800.0,,UFC/100 ml,,,,180,180.0,,UFC/100 ml
CIAM_RdP_monitoreo_2019_dt451.csv,2019,TI003,Río Carapachay y Arroyo Gallo Fiambre,6/2/2019,120,120.0,,UFC/100 ml,,,,550,550.0,,UFC/100 ml
CIAM_RdP_monitoreo_2019_dt451.csv,2019,TI004,Río Reconquista y Río Lujan,6/2/2019,2500,2500.0,,UFC/100 ml,,,,200,200.0,,UFC/100 ml
CIAM_RdP_monitoreo_2019_dt451.csv,2019,TI005,Rio Tigre 100m antes del Rio Luján,6/2/2019,1400,1400.0,,UFC/100 ml,,,,400,400.0,,UFC/100 ml
CIAM_RdP_monitoreo_2019_dt451.csv,2019,TI007,Río Lujan y Canal San Fernando,6/2/2019,1600,1600.0,,UFC/100 ml,,,,1000,1000.0,,UFC/100 ml
CIAM_RdP_monitoreo_2019_dt451.csv,2019,TI008,Río Capitán y Río San Antonio,6/2/2019,70,70.0,,UFC/100 ml,,,,100,100.0,,UFC/100 ml
CIAM_RdP_monitoreo_2019_dt451.csv,2019,TI009,Arroyo Abra Vieja y Santa Rosa,6/2/2019,150,150.0,,UFC/100 ml,,,,110,110.0,,UFC/100 ml
CIAM_RdP_monitoreo_2019_dt451.csv,2019,SF015,Del Arca,6/2/2019,2200,2200.0,,UFC/100 ml,,,,<10,10.0,<,UFC/100 ml
CIAM_RdP_monitoreo_2019_dt451.csv,2019,SI021,Espigón La Farola,6/2/2019,300,300.0,,UFC/100 ml,,,,<10,10.0,<,UFC/100 ml
CIAM_RdP_monitoreo_2019_dt451.csv,2019,SI022,Reserva Ecológica,6/2/2019,900,900.0,,UFC/100 ml,,,,<10,10.0,<,UFC/100 ml
CIAM_RdP_monitoreo_2019_dt451.csv,2019,SI024,Playa Espigón de Pacheco,6/2/2019,29600,29600.0,,UFC/100 ml,,,,3200,3200.0,,UFC/100 ml
CIAM_RdP_monitoreo_2019_dt451.csv,2019,SI023,Perú Puente,6/2/2019,179500,179500.0,,UFC/100 ml,,,,15800,15800.0,,UFC/100 ml
CIAM_RdP_monitoreo_2019_dt451.csv,2019,VL033,Reserva Barrio El Ceibo,6/2/2019,7900,7900.0,,UFC/100 ml,,,,850,850.0,,UFC/100 ml
CIAM_RdP_monitoreo_2019_dt451.csv,2019,VL032,Puerto de Olivos Espigón,6/2/2019,28100,28100.0,,UFC/100 ml,,,,800,800.0,,UFC/100 ml
CIAM_RdP_monitoreo_2019_dt451.csv,2019,VL031,Costa y Melo,6/2/2019,16600,16600.0,,UFC/100 ml,,,,950,950.0,,UFC/100 ml
CIAM_RdP_monitoreo_2019_dt451.csv,2019,CA041,Parque de los Niños,6/2/2019,900,900.0,,UFC/100 ml,,,,330,330.0,,UFC/100 ml
CIAM_RdP_monitoreo_2019_dt451.csv,2019,CA044,Costanera Norte - Espigón Abanico,6/2/2019,150,150.0,,UFC/100 ml,,,,600,600.0,,UFC/100 ml
CIAM_RdP_monitoreo_2019_dt451.csv,2019,CA046,Club de Pescadores,6/2/2019,25000,25000.0,,UFC/100 ml,,,,19000,19000.0,,UFC/100 ml
CIAM_RdP_monitoreo_2019_dt451.csv,2019,TI001,Canal Villanueva y Río Luján,28/5/2019,300,300.0,,UFC/100 ml,,,,30,30.0,,UFC/100 ml
CIAM_RdP_monitoreo_2019_dt451.csv,2019,TI006,Río Lujan y Arroyo Caraguatá,28/5/2019,400,400.0,,UFC/100 ml,,,,70,70.0,,UFC/100 ml
CIAM_RdP_monitoreo_2019_dt451.csv,2019,TI002,Canal Aliviador y Río Lujan,28/5/2019,3800,3800.0,,UFC/100 ml,,,,950,950.0,,UFC/100 ml
CIAM_RdP_monitoreo_2019_dt451.csv,2019,TI003,Río Carapachay y Arroyo Gallo Fiambre,28/5/2019,500,500.0,,UFC/100 ml,,,,350,350.0,,UFC/100 ml
CIAM_RdP_monitoreo_2019_dt451.csv,2019,TI004,Río Reconquista y Río Lujan,28/5/2019,1300,1300.0,,UFC/100 ml,,,,700,700.0,,UFC/100 ml
CIAM_RdP_monitoreo_2019_dt451.csv,2019,TI005,Rio Tigre 100m antes del Rio Luján,28/5/2019,33400,33400.0,,UFC/100 ml,,,,12900,12900.0,,UFC/100 ml
CIAM_RdP_monitoreo_2019_dt451.csv,2019,TI007,Río Lujan y Canal San Fernando,28/5/2019,9600,9600.0,,UFC/100 ml,,,,1800,1800.0,,UFC/100 ml
CIAM_RdP_monitoreo_2019_dt451.csv,2019,TI008,Río Capitán y Río San Antonio,28/5/2019,250,250.0,,UFC/100 ml,,,,40,40.0,,UFC/100 ml
CIAM_RdP_monitoreo_2019_dt451.csv,2019,TI009,Arroyo Abra Vieja y Santa Rosa,28/5/2019,400,400.0,,UFC/100 ml,,,,200,200.0,,UFC/100 ml
CIAM_RdP_monitoreo_2019_dt451.csv,2019,SF015,Del Arca,28/5/2019,19000,19000.0,,UFC/100 ml,,,,5950,5950.0,,UFC/100 ml
CIAM_RdP_monitoreo_2019_dt451.csv,2019,SI021,Espigón La Farola,28/5/2019,no se midió,,,UFC/100 ml,,,,no se midió,,,UFC/100 ml
CIAM_RdP_monitoreo_2019_dt451.csv,2019,SI022,Reserva Ecológica,28/5/2019,4400,4400.0,,UFC/100 ml,,,,950,950.0,,UFC/100 ml
CIAM_RdP_monitoreo_2019_dt451.csv,2019,SI024,Playa Espigón de Pacheco,28/5/2019,2400,2400.0,,UFC/100 ml,,,,200,200.0,,UFC/100 ml
CIAM_RdP_monitoreo_2019_dt451.csv,2019,SI023,Perú Puente,28/5/2019,9600,9600.0,,UFC/100 ml,,,,4600,4600.0,,UFC/100 ml
CIAM_RdP_monitoreo_2019_dt451.csv,2019,VL033,Reserva Barrio El Ceibo,15/5/2019,24300,24300.0,,UFC/100 ml,,,,5000,5000.0,,UFC/100 ml
CIAM_RdP_monitoreo_2019_dt451.csv,2019,VL032,Puerto de Olivos Espigón,15/5/2019,2500,2500.0,,UFC/100 ml,,,,400,400.0,,UFC/100 ml
CIAM_RdP_monitoreo_2019_dt451.csv,2019,VL031,Costa y Melo,15/5/2019,7400,7400.0,,UFC/100 ml,,,,2800,2800.0,,UFC/100 ml
CIAM_RdP_monitoreo_2019_dt451.csv,2019,CA041,Parque de los Niños,15/5/2019,10000,10000.0,,UFC/100 ml,,,,500,500.0,,UFC/100 ml
CIAM_RdP_monitoreo_2019_dt451.csv,2019,CA044,Costanera Norte - Espigón Abanico,15/5/2019,18000,18000.0,,UFC/100 ml,,,,5500,5500.0,,UFC/100 ml
CIAM_RdP_monitoreo_2019_dt451.csv,2019,CA046,Club de Pescadores,15/5/2019,4000,4000.0,,UFC/100 ml,,,,450,450.0,,UFC/100 ml
CIAM_RdP_monitoreo_2019_dt451.csv,2019,TI001,Canal Villanueva y Río Luján,7/8/2019,100,100.0,,UFC/100 ml,,,,300,300.0,,UFC/100 ml
CIAM_RdP_monitoreo_2019_dt451.csv,2019,TI006,Río Lujan y Arroyo Caraguatá,7/8/2019,400,400.0,,UFC/100 ml,,,,200,200.0,,UFC/100 ml
CIAM_RdP_monitoreo_2019_dt451.csv,2019,TI002,Canal Aliviador y Río Lujan,7/8/2019,8300,8300.0,,UFC/100 ml,,,,3450,3450.0,,UFC/100 ml
CIAM_RdP_monitoreo_2019_dt451.csv,2019,TI003,Río Carapachay y Arroyo Gallo Fiambre,7/8/2019,2300,2300.0,,UFC/100 ml,,,,850,850.0,,UFC/100 ml
CIAM_RdP_monitoreo_2019_dt451.csv,2019,TI004,Río Reconquista y Río Lujan,7/8/2019,12200,12200.0,,UFC/100 ml,,,,2450,2450.0,,UFC/100 ml
CIAM_RdP_monitoreo_2019_dt451.csv,2019,TI005,Rio Tigre 100m antes del Rio Luján,7/8/2019,13800,13800.0,,UFC/100 ml,,,,1300,1300.0,,UFC/100 ml
CIAM_RdP_monitoreo_2019_dt451.csv,2019,TI007,Río Lujan y Canal San Fernando,7/8/2019,5100,5100.0,,UFC/100 ml,,,,2100,2100.0,,UFC/100 ml
CIAM_RdP_monitoreo_2019_dt451.csv,2019,TI008,Río Capitán y Río San Antonio,7/8/2019,600,600.0,,UFC/100 ml,,,,30,30.0,,UFC/100 ml
CIAM_RdP_monitoreo_2019_dt451.csv,2019,TI009,Arroyo Abra Vieja y Santa Rosa,7/8/2019,100,100.0,,UFC/100 ml,,,,200,200.0,,UFC/100 ml
CIAM_RdP_monitoreo_2019_dt451.csv,2019,SF015,Del Arca,7/8/2019,4300,4300.0,,UFC/100 ml,,,,1600,1600.0,,UFC/100 ml
CIAM_RdP_monitoreo_2019_dt451.csv,2019,SI021,Espigón La Farola,no se midió,no se midió,,,UFC/100 ml,,,,no se midió,,,UFC/100 ml
CIAM_RdP_monitoreo_2019_dt451.csv,2019,SI022,Reserva Ecológica,7/8/2019,4700,4700.0,,UFC/100 ml,,,,2050,2050.0,,UFC/100 ml
CIAM_RdP_monitoreo_2019_dt451.csv,2019,SI024,Playa Espigón de Pacheco,7/8/2019,12900,12900.0,,UFC/100 ml,,,,4200,4200.0,,UFC/100 ml
CIAM_RdP_monitoreo_2019_dt451.csv,2019,SI023,Perú Puente,7/8/2019,40200,40200.0,,UFC/100 ml,,,,16300,16300.0,,UFC/100 ml
CIAM_RdP_monitoreo_2019_dt451.csv,2019,VL033,Reserva Barrio El Ceibo,7/8/2019,12700,12700.0,,UFC/100 ml,,,,4200,4200.0,,UFC/100 ml
CIAM_RdP_monitoreo_2019_dt451.csv,2019,VL032,Puerto de Olivos Espigón,7/8/2019,7800,7800.0,,UFC/100 ml,,,,2350,2350.0,,UFC/100 ml
CIAM_RdP_monitoreo_2019_dt451.csv,2019,VL031,Costa y Melo,7/8/2019,39400,39400.0,,UFC/100 ml,,,,17000,17000.0,,UFC/100 ml
CIAM_RdP_monitoreo_2019_dt451.csv,2019,CA041,Parque de los Niños,31/7/2019,6800,6800.0,,UFC/100 ml,,,,650,650.0,,UFC/100 ml
CIAM_RdP_monitoreo_2019_dt451.csv,2019,CA044,Costanera Norte - Espigón Abanico,31/7/2019,35000,35000.0,,UFC/100 ml,,,,8500,8500.0,,UFC/100 ml
CIAM_RdP_monitoreo_2019_dt451.csv,2019,CA046,Club de Pescadores,31/7/2019,5300,5300.0,,UFC/100 ml,,,,920,920.0,,UFC/100 ml
CIAM_RdP_monitoreo_2019_dt451.csv,2019,TI001,Canal Villanueva y Río Luján,29/10/2019,300,300.0,,UFC/100 ml,,,,100,100.0,,UFC/100 ml
CIAM_RdP_monitoreo_2019_dt451.csv,2019,TI006,Río Lujan y Arroyo Caraguatá,29/10/2019,2300,2300.0,,UFC/100 ml,,,,1000,1000.0,,UFC/100 ml
CIAM_RdP_monitoreo_2019_dt451.csv,2019,TI002,Canal Aliviador y Río Lujan,29/10/2019,2200,2200.0,,UFC/100 ml,,,,1300,1300.0,,UFC/100 ml
CIAM_RdP_monitoreo_2019_dt451.csv,2019,TI003,Río Carapachay y Arroyo Gallo Fiambre,29/10/2019,3000,3000.0,,UFC/100 ml,,,,1050,1050.0,,UFC/100 ml
CIAM_RdP_monitoreo_2019_dt451.csv,2019,TI004,Río Reconquista y Río Lujan,29/10/2019,2000,2000.0,,UFC/100 ml,,,,800,800.0,,UFC/100 ml
CIAM_RdP_monitoreo_2019_dt451.csv,2019,TI005,Rio Tigre 100m antes del Rio Luján,29/10/2019,5000,5000.0,,UFC/100 ml,,,,2200,2200.0,,UFC/100 ml
CIAM_RdP_monitoreo_2019_dt451.csv,2019,TI007,Río Lujan y Canal San Fernando,29/10/2019,5300,5300.0,,UFC/100 ml,,,,3300,3300.0,,UFC/100 ml
CIAM_RdP_monitoreo_2019_dt451.csv,2019,TI008,Río Capitán y Río San Antonio,29/10/2019,400,400.0,,UFC/100 ml,,,,200,200.0,,UFC/100 ml
CIAM_RdP_monitoreo_2019_dt451.csv,2019,TI009,Arroyo Abra Vieja y Santa Rosa,29/10/2019,400,400.0,,UFC/100 ml,,,,150,150.0,,UFC/100 ml
CIAM_RdP_monitoreo_2019_dt451.csv,2019,SF015,Del Arca,29/10/2019,3100,3100.0,,UFC/100 ml,,,,3300,3300.0,,UFC/100 ml
CIAM_RdP_monitoreo_2019_dt451.csv,2019,SI021,Espigón La Farola,29/10/2019,no se midió,,,UFC/100 ml,,,,no se midió,,,UFC/100 ml
CIAM_RdP_monitoreo_2019_dt451.csv,2019,SI022,Reserva Ecológica,29/10/2019,17200,17200.0,,UFC/100 ml,,,,5750,5750.0,,UFC/100 ml
CIAM_RdP_monitoreo_2019_dt451.csv,2019,SI024,Playa Espigón de Pacheco,29/10/2019,8500,8500.0,,UFC/100 ml,,,,3400,3400.0,,UFC/100 ml
CIAM_RdP_monitoreo_2019_dt451.csv,2019,SI023,Perú Puente,29/10/2019,261000,261000.0,,UFC/100 ml,,,,23900,23900.0,,UFC/100 ml
CIAM_RdP_monitoreo_2019_dt451.csv,2019,VL033,Reserva Barrio El Ceibo,30/10/2019,3500,3500.0,,UFC/100 ml,,,,700,700.0,,UFC/100 ml
CIAM_RdP_monitoreo_2019_dt451.csv,2019,VL032,Puerto de Olivos Espigón,30/10/2019,9200,9200.0,,UFC/100 ml,,,,2100,2100.0,,UFC/100 ml
CIAM_RdP_monitoreo_2019_dt451.csv,2019,VL031,Costa y Melo,30/10/2019,39000,39000.0,,UFC/100 ml,,,,12200,12200.0,,UFC/100 ml
CIAM_RdP_monitoreo_2019_dt451.csv,2019,CA041,Parque de los Niños,30/10/2019,2800,2800.0,,UFC/100 ml,,,,1600,1600.0,,UFC/100 ml
CIAM_RdP_monitoreo_2019_dt451.csv,2019,CA044,Costanera Norte - Espigón Abanico,30/10/2019,740,740.0,,UFC/100 ml,,,,6400,6400.0,,UFC/100 ml
CIAM_RdP_monitoreo_2019_dt451.csv,2019,CA046,Club de Pescadores,30/10/2019,24000,24000.0,,UFC/100 ml,,,,9500,9500.0,,UFC/100 ml
CIAM_RdP_monitoreo_2020_dt448.csv,2020,TI001,Canal Villanueva y Río Luján,19/2/2020,700,700.0,,UFC/100 ml,,,,,,,
CIAM_RdP_monitoreo_2020_dt448.csv,2020,TI006,Río Lujan y Arroyo Caraguatá,19/2/2020,4600,4600.0,,UFC/100 ml,,,,,,,
CIAM_RdP_monitoreo_2020_dt448.csv,2020,TI002,Canal Aliviador y Río Lujan,19/2/2020,6600,6600.0,,UFC/100 ml,,,,,,,
CIAM_RdP_monitoreo_2020_dt448.csv,2020,TI003,Río Carapachay y Arroyo Gallo Fiambre,19/2/2020,4700,4700.0,,UFC/100 ml,,,,,,,
CIAM_RdP_monitoreo_2020_dt448.csv,2020,TI004,Río Reconquista y Río Lujan,19/2/2020,8200,8200.0,,UFC/100 ml,,,,,,,
CIAM_RdP_monitoreo_2020_dt448.csv,2020,TI005,Rio Tigre 100m antes del Rio Luján,19/2/2020,8000,8000.0,,UFC/100 ml,,,,,,,
CIAM_RdP_monitoreo_2020_dt448.csv,2020,TI007,Río Lujan y Canal San Fernando,19/2/2020,7500,7500.0,,UFC/100 ml,,,,,,,
CIAM_RdP_monitoreo_2020_dt448.csv,2020,TI008,Río Capitán y Río San Antonio,19/2/2020,700,700.0,,UFC/100 ml,,,,,,,
CIAM_RdP_monitoreo_2020_dt448.csv,2020,TI009,Arroyo Abra Vieja y Santa Rosa,19/2/2020,1500,1500.0,,UFC/100 ml,,,,,,,
CIAM_RdP_monitoreo_2020_dt448.csv,2020,SF015,Del Arca,19/2/2020,14200,14200.0,,UFC/100 ml,,,,,,,
CIAM_RdP_monitoreo_2020_dt448.csv,2020,SI021,Espigón La Farola,19/2/2020,no se midió,,,UFC/100 ml,,,,,,,
CIAM_RdP_monitoreo_2020_dt448.csv,2020,SI022,Reserva Ecológica,19/2/2020,8300,8300.0,,UFC/100 ml,,,,,,,
CIAM_RdP_monitoreo_2020_dt448.csv,2020,SI024,Playa Espigón de Pacheco,19/2/2020,32500,32500.0,,UFC/100 ml,,,,,,,
CIAM_RdP_monitoreo_2020_dt448.csv,2020,SI023,Perú Puente,19/2/2020,360000,360000.0,,UFC/100 ml,,,,,,,
CIAM_RdP_monitoreo_2020_dt448.csv,2020,VL033,Reserva Barrio El Ceibo,19/2/2020,25000,25000.0,,UFC/100 ml,,,,,,,
CIAM_RdP_monitoreo_2020_dt448.csv,2020,VL032,Puerto de Olivos Espigón,19/2/2020,17400,17400.0,,UFC/100 ml,,,,,,,
CIAM_RdP_monitoreo_2020_dt448.csv,2020,VL031,Costa y Melo,19/2/2020,36800,36800.0,,UFC/100 ml,,,,,,,
CIAM_RdP_monitoreo_2020_dt448.csv,2020,CA041,Parque de los Niños,12/2/2020,4200,4200.0,,UFC/100 ml,,,,,,,
CIAM_RdP_monitoreo_2020_dt448.csv,2020,CA044,Costanera Norte - Espigón Abanico,12/2/2020,8500,8500.0,,UFC/100 ml,,,,,,,
CIAM_RdP_monitoreo_2020_dt448.csv,2020,CA046,Club de Pescadores,12/2/2020,11000,11000.0,,UFC/100 ml,,,,,,,
CIAM_RdP_monitoreo_2020_dt448.csv,2020,TI001,Canal Villanueva y Río Luján,4/11/2020,49,49.0,,UFC/100 ml,,,,,,,
CIAM_RdP_monitoreo_2020_dt448.csv,2020,TI006,Río Lujan y Arroyo Caraguatá,4/11/2020,18300,18300.0,,UFC/100 ml,,,,,,,
CIAM_RdP_monitoreo_2020_dt448.csv,2020,TI002,Canal Aliviador y Río Lujan,4/11/2020,11600,11600.0,,UFC/100 ml,,,,,,,
CIAM_RdP_monitoreo_2020_dt448.csv,2020,TI003,Río Carapachay y Arroyo Gallo Fiambre,4/11/2020,3100,3100.0,,UFC/100 ml,,,,,,,
CIAM_RdP_monitoreo_2020_dt448.csv,2020,TI004,Río Reconquista y Río Lujan,4/11/2020,2800,2800.0,,UFC/100 ml,,,,,,,
CIAM_RdP_monitoreo_2020_dt448.csv,2020,TI005,Rio Tigre 100m antes del Rio Luján,4/11/2020,7700,7700.0,,UFC/100 ml,,,,,,,
CIAM_RdP_monitoreo_2020_dt448.csv,2020,TI007,Río Lujan y Canal San Fernando,4/11/2020,7500,7500.0,,UFC/100 ml,,,,,,,
CIAM_RdP_monitoreo_2020_dt448.csv,2020,TI008,Río Capitán y Río San Antonio,4/11/2020,49,49.0,,UFC/100 ml,,,,,,,
CIAM_RdP_monitoreo_2020_dt448.csv,2020,TI009,Arroyo Abra Vieja y Santa Rosa,4/11/2020,400,400.0,,UFC/100 ml,,,,,,,
CIAM_RdP_monitoreo_2020_dt448.csv,2020,SF015,Del Arca,4/11/2020,3300,3300.0,,UFC/100 ml,,,,,,,
CIAM_RdP_monitoreo_2020_dt448.csv,2020,SI021,Espigón La Farola,4/11/2020,no se midió,,,UFC/100 ml,,,,,,,
CIAM_RdP_monitoreo_2020_dt448.csv,2020,SI022,Reserva Ecológica,4/11/2020,5800,5800.0,,UFC/100 ml,,,,,,,
CIAM_RdP_monitoreo_2020_dt448.csv,2020,SI024,Playa Espigón de Pacheco,4/11/2020,14400,14400.0,,UFC/100 ml,,,,,,,
CIAM_RdP_monitoreo_2020_dt448.csv,2020,SI023,Perú Puente,4/11/2020,279000,279000.0,,UFC/100 ml,,,,,,,
CIAM_RdP_monitoreo_2020_dt448.csv,2020,VL033,Reserva Barrio El Ceibo,4/11/2020,13600,13600.0,,UFC/100 ml,,,,,,,
CIAM_RdP_monitoreo_2020_dt448.csv,2020,VL032,Puerto de Olivos Espigón,4/11/2020,14600,14600.0,,UFC/100 ml,,,,,,,
CIAM_RdP_monitoreo_2020_dt448.csv,2020,VL031,Costa y Melo,4/11/2020,23600,23600.0,,UFC/100 ml,,,,,,,
CIAM_RdP_monitoreo_2020_dt448.csv,2020,CA041,Parque de los Niños,4/11/2020,5600,5600.0,,UFC/100 ml,,,,,,,
CIAM_RdP_monitoreo_2020_dt448.csv,2020,CA044,Costanera Norte - Espigón Abanico,4/11/2020,1600,1600.0,,UFC/100 ml,,,,,,,
CIAM_RdP_monitoreo_2020_dt448.csv,2020,CA046,Club de Pescadores,4/11/2020,2400,2400.0,,UFC/100 ml,,,,,,,
CIAM_RdP_monitoreo_2021_dt447.csv,2021,TI001,Canal Villanueva y Río Luján,24/2/2021,1000,1000.0,,UFC/100 ml,4000,4000.0,UFC/100 ml,330,330.0,,UFC/100 ml
CIAM_RdP_monitoreo_2021_dt447.csv,2021,TI006,Río Lujan y Arroyo Caraguatá,24/2/2021,no se midió,,,UFC/100 ml,no se midió,,UFC/100 ml,no se midió,,,UFC/100 ml
CIAM_RdP_monitoreo_2021_dt447.csv,2021,TI002,Canal Aliviador y Río Lujan,24/2/2021,18000,18000.0,,UFC/100 ml,20000,20000.0,UFC/100 ml,4600,4600.0,,UFC/100 ml
CIAM_RdP_monitoreo_2021_dt447.csv,2021,TI003,Río Carapachay y Arroyo Gallo Fiambre,24/2/2021,400,400.0,,UFC/100 ml,4000,4000.0,UFC/100 ml,20,20.0,,UFC/100 ml
CIAM_RdP_monitoreo_2021_dt447.csv,2021,TI004,Río Reconquista y Río Lujan,24/2/2021,2200,2200.0,,UFC/100 ml,8000,8000.0,UFC/100 ml,800,800.0,,UFC/100 ml
CIAM_RdP_monitoreo_2021_dt447.csv,2021,TI005,Rio Tigre 100m antes del Rio Luján,24/2/2021,8000,8000.0,,UFC/100 ml,20000,20000.0,UFC/100 ml,1940,1940.0,,UFC/100 ml
CIAM_RdP_monitoreo_2021_dt447.csv,2021,TI007,Río Lujan y Canal San Fernando,24/2/2021,2500,2500.0,,UFC/100 ml,4000,4000.0,UFC/100 ml,2000,2000.0,,UFC/100 ml
CIAM_RdP_monitoreo_2021_dt447.csv,2021,TI008,Río Capitán y Río San Antonio,24/2/2021,440,440.0,,UFC/100 ml,2000,2000.0,UFC/100 ml,200,200.0,,UFC/100 ml
CIAM_RdP_monitoreo_2021_dt447.csv,2021,TI009,Arroyo Abra Vieja y Santa Rosa,24/2/2021,360,360.0,,UFC/100 ml,1900,1900.0,UFC/100 ml,150,150.0,,UFC/100 ml
CIAM_RdP_monitoreo_2021_dt447.csv,2021,SF015,Del Arca,24/2/2021,2500,2500.0,,UFC/100 ml,4000,4000.0,UFC/100 ml,960,960.0,,UFC/100 ml
CIAM_RdP_monitoreo_2021_dt447.csv,2021,SI021,Espigón La Farola,24/2/2021,no se midió,,,UFC/100 ml,no se midió,,UFC/100 ml,no se midió,,,UFC/100 ml
CIAM_RdP_monitoreo_2021_dt447.csv,2021,SI022,Reserva Ecológica,24/2/2021,2000,2000.0,,UFC/100 ml,5100,5100.0,UFC/100 ml,260,260.0,,UFC/100 ml
CIAM_RdP_monitoreo_2021_dt447.csv,2021,SI024,Playa Espigón de Pacheco,24/2/2021,7000,7000.0,,UFC/100 ml,7600,7600.0,UFC/100 ml,270,270.0,,UFC/100 ml
CIAM_RdP_monitoreo_2021_dt447.csv,2021,SI023,Perú Puente,24/2/2021,37000,37000.0,,UFC/100 ml,40000,40000.0,UFC/100 ml,4800,4800.0,,UFC/100 ml
CIAM_RdP_monitoreo_2021_dt447.csv,2021,VL033,Reserva Barrio El Ceibo,24/2/2021,4500,4500.0,,UFC/100 ml,5000,5000.0,UFC/100 ml,350,350.0,,UFC/100 ml
CIAM_RdP_monitoreo_2021_dt447.csv,2021,VL032,Puerto de Olivos Espigón,24/2/2021,4000,4000.0,,UFC/100 ml,5000,5000.0,UFC/100 ml,820,820.0,,UFC/100 ml
CIAM_RdP_monitoreo_2021_dt447.csv,2021,VL031,Costa y Melo,24/2/2021,100,100.0,,UFC/100 ml,4000,4000.0,UFC/100 ml,100,100.0,,UFC/100 ml
CIAM_RdP_monitoreo_2021_dt447.csv,2021,CA041,Parque de los Niños,24/2/2021,3500,3500.0,,UFC/100 ml,4000,4000.0,UFC/100 ml,40,40.0,,UFC/100 ml
CIAM_RdP_monitoreo_2021_dt447.csv,2021,CA044,Costanera Norte - Espigón Abanico,24/2/2021,3800,3800.0,,UFC/100 ml,25000,25000.0,UFC/100 ml,370,370.0,,UFC/100 ml
CIAM_RdP_monitoreo_2021_dt447.csv,2021,CA046,Club de Pescadores,24/2/2021,3600,3600.0,,UFC/100 ml,4000,4000.0,UFC/100 ml,800,800.0,,UFC/100 ml
CIAM_RdP_monitoreo_2021_dt447.csv,2021,TI001,Canal Villanueva y Río Luján,19/5/2021,200,200.0,,UFC/100 ml,4000,4000.0,UFC/100 ml,50,50.0,,UFC/100 ml
CIAM_RdP_monitoreo_2021_dt447.csv,2021,TI006,Río Lujan y Arroyo Caraguatá,19/5/2021,1000,1000.0,,UFC/100 ml,30000,30000.0,UFC/100 ml,800,800.0,,UFC/100 ml
CIAM_RdP_monitoreo_2021_dt447.csv,2021,TI002,Canal Aliviador y Río Lujan,19/5/2021,60000,60000.0,,UFC/100 ml,80000,80000.0,UFC/100 ml,5600,5600.0,,UFC/100 ml
CIAM_RdP_monitoreo_2021_dt447.csv,2021,TI003,Río Carapachay y Arroyo Gallo Fiambre,19/5/2021,20000,20000.0,,UFC/100 ml,40000,40000.0,UFC/100 ml,1500,1500.0,,UFC/100 ml
CIAM_RdP_monitoreo_2021_dt447.csv,2021,TI004,Río Reconquista y Río Lujan,19/5/2021,25000,25000.0,,UFC/100 ml,82000,82000.0,UFC/100 ml,2100,2100.0,,UFC/100 ml
CIAM_RdP_monitoreo_2021_dt447.csv,2021,TI005,Rio Tigre 100m antes del Rio Luján,19/5/2021,48000,48000.0,,UFC/100 ml,120000,120000.0,UFC/100 ml,4600,4600.0,,UFC/100 ml
CIAM_RdP_monitoreo_2021_dt447.csv,2021,TI007,Río Lujan y Canal San Fernando,19/5/2021,2000,2000.0,,UFC/100 ml,9000,9000.0,UFC/100 ml,100,100.0,,UFC/100 ml
CIAM_RdP_monitoreo_2021_dt447.csv,2021,TI008,Río Capitán y Río San Antonio,19/5/2021,no se midió,,,UFC/100 ml,no se midió,,UFC/100 ml,no se midió,,,UFC/100 ml
CIAM_RdP_monitoreo_2021_dt447.csv,2021,TI009,Arroyo Abra Vieja y Santa Rosa,19/5/2021,400,400.0,,UFC/100 ml,5300,5300.0,UFC/100 ml,90,90.0,,UFC/100 ml
CIAM_RdP_monitoreo_2021_dt447.csv,2021,SF015,Del Arca,19/5/2021,no se midió,,,UFC/100 ml,no se midió,,UFC/100 ml,no se midió,,,UFC/100 ml
CIAM_RdP_monitoreo_2021_dt447.csv,2021,SI021,Espigón La Farola,19/5/2021,no se midió,,,UFC/100 ml,no se midió,,UFC/100 ml,no se midió,,,UFC/100 ml
CIAM_RdP_monitoreo_2021_dt447.csv,2021,SI022,Reserva Ecológica,19/5/2021,6000,6000.0,,UFC/100 ml,88000,88000.0,UFC/100 ml,1300,1300.0,,UFC/100 ml
CIAM_RdP_monitoreo_2021_dt447.csv,2021,SI024,Playa Espigón de Pacheco,19/5/2021,2000,2000.0,,UFC/100 ml,2500,2500.0,UFC/100 ml,100,100.0,,UFC/100 ml
CIAM_RdP_monitoreo_2021_dt447.csv,2021,SI023,Perú Puente,19/5/2021,12000,12000.0,,UFC/100 ml,15000,15000.0,UFC/100 ml,2000,2000.0,,UFC/100 ml
CIAM_RdP_monitoreo_2021_dt447.csv,2021,VL033,Reserva Barrio El Ceibo,19/5/2021,2000,2000.0,,UFC/100 ml,6000,6000.0,UFC/100 ml,830,830.0,,UFC/100 ml
CIAM_RdP_monitoreo_2021_dt447.csv,2021,VL032,Puerto de Olivos Espigón,19/5/2021,2000,2000.0,,UFC/100 ml,4000,4000.0,UFC/100 ml,1400,1400.0,,UFC/100 ml
CIAM_RdP_monitoreo_2021_dt447.csv,2021,VL031,Costa y Melo,19/5/2021,7500,7500.0,,UFC/100 ml,10000,10000.0,UFC/100 ml,2300,2300.0,,UFC/100 ml
CIAM_RdP_monitoreo_2021_dt447.csv,2021,CA041,Parque de los Niños,19/5/2021,no se midió,,,UFC/100 ml,no se midió,,UFC/100 ml,no se midió,,,UFC/100 ml
CIAM_RdP_monitoreo_2021_dt447.csv,2021,CA044,Costanera Norte - Espigón Abanico,19/5/2021,no se midió,,,UFC/100 ml,no se midió,,UFC/100 ml,no se midió,,,UFC/100 ml
CIAM_RdP_monitoreo_2021_dt447.csv,2021,CA046,Club de Pescadores,19/5/2021,no se midió,,,UFC/100 ml,no se midió,,UFC/100 ml,no se midió,,,UFC/100 ml
CIAM_RdP_monitoreo_2021_dt447.csv,2021,TI001,Canal Villanueva y Río Luján,25/8/2021,200,200.0,,UFC/100 ml,1000,1000.0,UFC/100 ml,68,68.0,,UFC/100 ml
CIAM_RdP_monitoreo_2021_dt447.csv,2021,TI006,Río Lujan y Arroyo Caraguatá,25/8/2021,2000,2000.0,,UFC/100 ml,10000,10000.0,UFC/100 ml,150,150.0,,UFC/100 ml
CIAM_RdP_monitoreo_2021_dt447.csv,2021,TI002,Canal Aliviador y Río Lujan,25/8/2021,10000,10000.0,,UFC/100 ml,30000,30000.0,UFC/100 ml,240,240.0,,UFC/100 ml
CIAM_RdP_monitoreo_2021_dt447.csv,2021,TI003,Río Carapachay y Arroyo Gallo Fiambre,25/8/2021,10000,10000.0,,UFC/100 ml,10000,10000.0,UFC/100 ml,1700,1700.0,,UFC/100 ml
CIAM_RdP_monitoreo_2021_dt447.csv,2021,TI004,Río Reconquista y Río Lujan,25/8/2021,500,500.0,,UFC/100 ml,1000,1000.0,UFC/100 ml,100,100.0,,UFC/100 ml
CIAM_RdP_monitoreo_2021_dt447.csv,2021,TI005,Rio Tigre 100m antes del Rio Luján,25/8/2021,10000,10000.0,,UFC/100 ml,100000,100000.0,UFC/100 ml,400,400.0,,UFC/100 ml
CIAM_RdP_monitoreo_2021_dt447.csv,2021,TI007,Río Lujan y Canal San Fernando,25/8/2021,2000,2000.0,,UFC/100 ml,14000,14000.0,UFC/100 ml,690,690.0,,UFC/100 ml
CIAM_RdP_monitoreo_2021_dt447.csv,2021,TI008,Río Capitán y Río San Antonio,25/8/2021,600,600.0,,UFC/100 ml,1000,1000.0,UFC/100 ml,100,100.0,,UFC/100 ml
CIAM_RdP_monitoreo_2021_dt447.csv,2021,TI009,Arroyo Abra Vieja y Santa Rosa,25/8/2021,no se midió,,,UFC/100 ml,no se midió,,UFC/100 ml,no se midió,,,UFC/100 ml
CIAM_RdP_monitoreo_2021_dt447.csv,2021,SF015,Del Arca,25/8/2021,100,100.0,,UFC/100 ml,3000,3000.0,UFC/100 ml,40,40.0,,UFC/100 ml
CIAM_RdP_monitoreo_2021_dt447.csv,2021,SI021,Espigón La Farola,25/8/2021,no se midió,,,UFC/100 ml,no se midió,,UFC/100 ml,no se midió,,,UFC/100 ml
CIAM_RdP_monitoreo_2021_dt447.csv,2021,SI022,Reserva Ecológica,25/8/2021,1000,1000.0,,UFC/100 ml,1000,1000.0,UFC/100 ml,100,100.0,,UFC/100 ml
CIAM_RdP_monitoreo_2021_dt447.csv,2021,SI024,Playa Espigón de Pacheco,25/8/2021,4400,4400.0,,UFC/100 ml,14000,14000.0,UFC/100 ml,700,700.0,,UFC/100 ml
CIAM_RdP_monitoreo_2021_dt447.csv,2021,SI023,Perú Puente,25/8/2021,5000,5000.0,,UFC/100 ml,80000,80000.0,UFC/100 ml,2800,2800.0,,UFC/100 ml
CIAM_RdP_monitoreo_2021_dt447.csv,2021,VL033,Reserva Barrio El Ceibo,25/8/2021,400,400.0,,UFC/100 ml,5000,5000.0,UFC/100 ml,100,100.0,,UFC/100 ml
CIAM_RdP_monitoreo_2021_dt447.csv,2021,VL032,Puerto de Olivos Espigón,25/8/2021,3000,3000.0,,UFC/100 ml,20000,20000.0,UFC/100 ml,900,900.0,,UFC/100 ml
CIAM_RdP_monitoreo_2021_dt447.csv,2021,VL031,Costa y Melo,25/8/2021,7000,7000.0,,UFC/100 ml,20000,20000.0,UFC/100 ml,800,800.0,,UFC/100 ml
CIAM_RdP_monitoreo_2021_dt447.csv,2021,CA041,Parque de los Niños,25/8/2021,11000,11000.0,,UFC/100 ml,50000,50000.0,UFC/100 ml,4100,4100.0,,UFC/100 ml
CIAM_RdP_monitoreo_2021_dt447.csv,2021,CA044,Costanera Norte - Espigón Abanico,25/8/2021,6000,6000.0,,UFC/100 ml,13000,13000.0,UFC/100 ml,3100,3100.0,,UFC/100 ml
CIAM_RdP_monitoreo_2021_dt447.csv,2021,CA046,Club de Pescadores,25/8/2021,3800,3800.0,,UFC/100 ml,4000,4000.0,UFC/100 ml,810,810.0,,UFC/100 ml
CIAM_RdP_monitoreo_2021_dt447.csv,2021,TI001,Canal Villanueva y Río Luján,27/10/2021,200,200.0,,UFC/100 ml,400,400.0,UFC/100 ml,65,65.0,,UFC/100 ml
CIAM_RdP_monitoreo_2021_dt447.csv,2021,TI006,Río Lujan y Arroyo Caraguatá,27/10/2021,1000,1000.0,,UFC/100 ml,2000,2000.0,UFC/100 ml,58,58.0,,UFC/100 ml
CIAM_RdP_monitoreo_2021_dt447.csv,2021,TI002,Canal Aliviador y Río Lujan,27/10/2021,1000,1000.0,,UFC/100 ml,4000,4000.0,UFC/100 ml,1350,1350.0,,UFC/100 ml
CIAM_RdP_monitoreo_2021_dt447.csv,2021,TI003,Río Carapachay y Arroyo Gallo Fiambre,27/10/2021,2000,2000.0,,UFC/100 ml,3000,3000.0,UFC/100 ml,10,10.0,,UFC/100 ml
CIAM_RdP_monitoreo_2021_dt447.csv,2021,TI004,Río Reconquista y Río Lujan,27/10/2021,1400,1400.0,,UFC/100 ml,6200,6200.0,UFC/100 ml,200,200.0,,UFC/100 ml
CIAM_RdP_monitoreo_2021_dt447.csv,2021,TI005,Rio Tigre 100m antes del Rio Luján,27/10/2021,5000,5000.0,,UFC/100 ml,30000,30000.0,UFC/100 ml,1340,1340.0,,UFC/100 ml
CIAM_RdP_monitoreo_2021_dt447.csv,2021,TI007,Río Lujan y Canal San Fernando,27/10/2021,12000,12000.0,,UFC/100 ml,15000,15000.0,UFC/100 ml,430,430.0,,UFC/100 ml
CIAM_RdP_monitoreo_2021_dt447.csv,2021,TI008,Río Capitán y Río San Antonio,27/10/2021,150,150.0,,UFC/100 ml,8000,8000.0,UFC/100 ml,40,40.0,,UFC/100 ml
CIAM_RdP_monitoreo_2021_dt447.csv,2021,TI009,Arroyo Abra Vieja y Santa Rosa,27/10/2021,2000,2000.0,,UFC/100 ml,5000,5000.0,UFC/100 ml,40,40.0,,UFC/100 ml
CIAM_RdP_monitoreo_2021_dt447.csv,2021,SF015,Del Arca,27/10/2021,300,300.0,,UFC/100 ml,3000,3000.0,UFC/100 ml,30,30.0,,UFC/100 ml
CIAM_RdP_monitoreo_2021_dt447.csv,2021,SI021,Espigón La Farola,27/10/2021,no se midió,,,UFC/100 ml,no se midió,,UFC/100 ml,no se midió,,,UFC/100 ml
CIAM_RdP_monitoreo_2021_dt447.csv,2021,SI022,Reserva Ecológica,27/10/2021,2400,2400.0,,UFC/100 ml,15000,15000.0,UFC/100 ml,290,290.0,,UFC/100 ml
CIAM_RdP_monitoreo_2021_dt447.csv,2021,SI024,Playa Espigón de Pacheco,27/10/2021,300,300.0,,UFC/100 ml,4000,4000.0,UFC/100 ml,30,30.0,,UFC/100 ml
CIAM_RdP_monitoreo_2021_dt447.csv,2021,SI023,Perú Puente,27/10/2021,2000,2000.0,,UFC/100 ml,5000,5000.0,UFC/100 ml,450,450.0,,UFC/100 ml
CIAM_RdP_monitoreo_2021_dt447.csv,2021,VL033,Reserva Barrio El Ceibo,27/10/2021,900,900.0,,UFC/100 ml,8300,8300.0,UFC/100 ml,360,360.0,,UFC/100 ml
CIAM_RdP_monitoreo_2021_dt447.csv,2021,VL032,Puerto de Olivos Espigón,27/10/2021,300,300.0,,UFC/100 ml,28000,28000.0,UFC/100 ml,500,500.0,,UFC/100 ml
CIAM_RdP_monitoreo_2021_dt447.csv,2021,VL031,Costa y Melo,27/10/2021,3000,3000.0,,UFC/100 ml,8000,8000.0,UFC/100 ml,300,300.0,,UFC/100 ml
CIAM_RdP_monitoreo_2021_dt447.csv,2021,CA041,Parque de los Niños,27/10/2021,2500,2500.0,,UFC/100 ml,23000,23000.0,UFC/100 ml,5200,5200.0,,UFC/100 ml
CIAM_RdP_monitoreo_2021_dt447.csv,2021,CA044,Costanera Norte - Espigón Abanico,27/10/2021,5200,5200.0,,UFC/100 ml,35000,35000.0,UFC/100 ml,6100,6100.0,,UFC/100 ml
CIAM_RdP_monitoreo_2021_dt447.csv,2021,CA046,Club de Pescadores,27/10/2021,45000,45000.0,,UFC/100 ml,100000,100000.0,UFC/100 ml,490,490.0,,UFC/100 ml
CIAM_RdP_monitoreo_2022_dt405.csv,2022,TI001,Canal Villanueva y Río Luján,23/2/2022,100,100.0,,UFC/100 ml,,,,130,130.0,,UFC/100 ml
CIAM_RdP_monitoreo_2022_dt405.csv,2022,TI006,Río Lujan y Arroyo Caraguatá,23/2/2022,200,200.0,,UFC/100 ml,,,,400,400.0,,UFC/100 ml
CIAM_RdP_monitoreo_2022_dt405.csv,2022,TI002,Canal Aliviador y Río Lujan,23/2/2022,200,200.0,,UFC/100 ml,,,,580,580.0,,UFC/100 ml
CIAM_RdP_monitoreo_2022_dt405.csv,2022,TI003,Río Carapachay y Arroyo Gallo Fiambre,23/2/2022,100,100.0,,UFC/100 ml,,,,300,300.0,,UFC/100 ml
CIAM_RdP_monitoreo_2022_dt405.csv,2022,TI004,Río Reconquista y Río Lujan,23/2/2022,100,100.0,,UFC/100 ml,,,,370,370.0,,UFC/100 ml
CIAM_RdP_monitoreo_2022_dt405.csv,2022,TI005,Rio Tigre 100m antes del Rio Luján,23/2/2022,200,200.0,,UFC/100 ml,,,,750,750.0,,UFC/100 ml
CIAM_RdP_monitoreo_2022_dt405.csv,2022,TI007,Río Lujan y Canal San Fernando,23/2/2022,1500,1500.0,,UFC/100 ml,,,,100,100.0,,UFC/100 ml
CIAM_RdP_monitoreo_2022_dt405.csv,2022,TI008,Río Capitán y Río San Antonio,23/2/2022,200,200.0,,UFC/100 ml,,,,1200,1200.0,,UFC/100 ml
CIAM_RdP_monitoreo_2022_dt405.csv,2022,TI009,Arroyo Abra Vieja y Santa Rosa,23/2/2022,100,100.0,,UFC/100 ml,,,,220,220.0,,UFC/100 ml
CIAM_RdP_monitoreo_2022_dt405.csv,2022,SF015,Del Arca,23/2/2022,100,100.0,,UFC/100 ml,,,,270,270.0,,UFC/100 ml
CIAM_RdP_monitoreo_2022_dt405.csv,2022,SI021,Espigón La Farola,23/2/2022,no se midió,,,UFC/100 ml,,,,no se midió,,,UFC/100 ml
CIAM_RdP_monitoreo_2022_dt405.csv,2022,SI022,Reserva Ecológica,23/2/2022,800,800.0,,UFC/100 ml,,,,760,760.0,,UFC/100 ml
CIAM_RdP_monitoreo_2022_dt405.csv,2022,SI024,Playa Espigón de Pacheco,23/2/2022,no se midió,,,UFC/100 ml,,,,no se midió,,,UFC/100 ml
CIAM_RdP_monitoreo_2022_dt405.csv,2022,SI023,Perú Puente,23/2/2022,5200,5200.0,,UFC/100 ml,,,,3300,3300.0,,UFC/100 ml
CIAM_RdP_monitoreo_2022_dt405.csv,2022,VL033,Reserva Barrio El Ceibo,23/2/2022,100,100.0,,UFC/100 ml,,,,650,650.0,,UFC/100 ml
CIAM_RdP_monitoreo_2022_dt405.csv,2022,VL032,Puerto de Olivos Espigón,23/2/2022,200,200.0,,UFC/100 ml,,,,1700,1700.0,,UFC/100 ml
CIAM_RdP_monitoreo_2022_dt405.csv,2022,VL031,Costa y Melo,23/2/2022,500,500.0,,UFC/100 ml,,,,240,240.0,,UFC/100 ml
CIAM_RdP_monitoreo_2022_dt405.csv,2022,CA041,Parque de los Niños,23/2/2022,1300,1300.0,,UFC/100 ml,,,,10,10.0,,UFC/100 ml
CIAM_RdP_monitoreo_2022_dt405.csv,2022,CA044,Costanera Norte - Espigón Abanico,23/2/2022,700,700.0,,UFC/100 ml,,,,30,30.0,,UFC/100 ml
CIAM_RdP_monitoreo_2022_dt405.csv,2022,CA046,Club de Pescadores,23/2/2022,600,600.0,,UFC/100 ml,,,,100,100.0,,UFC/100 ml
CIAM_RdP_monitoreo_2022_dt405.csv,2022,TI001,Canal Villanueva y Río Luján,4/5/2022,200,200.0,,UFC/100 ml,,,,50,50.0,,UFC/100 ml
CIAM_RdP_monitoreo_2022_dt405.csv,2022,TI006,Río Lujan y Arroyo Caraguatá,4/5/2022,12000,12000.0,,UFC/100 ml,,,,1440,1440.0,,UFC/100 ml
CIAM_RdP_monitoreo_2022_dt405.csv,2022,TI002,Canal Aliviador y Río Lujan,4/5/2022,10000,10000.0,,UFC/100 ml,,,,110,110.0,,UFC/100 ml
CIAM_RdP_monitoreo_2022_dt405.csv,2022,TI003,Río Carapachay y Arroyo Gallo Fiambre,4/5/2022,2000,2000.0,,UFC/100 ml,,,,380,380.0,,UFC/100 ml
CIAM_RdP_monitoreo_2022_dt405.csv,2022,TI004,Río Reconquista y Río Lujan,4/5/2022,5200,5200.0,,UFC/100 ml,,,,460,460.0,,UFC/100 ml
CIAM_RdP_monitoreo_2022_dt405.csv,2022,TI005,Rio Tigre 100m antes del Rio Luján,4/5/2022,8000,8000.0,,UFC/100 ml,,,,770,770.0,,UFC/100 ml
CIAM_RdP_monitoreo_2022_dt405.csv,2022,TI007,Río Lujan y Canal San Fernando,4/5/2022,2300,2300.0,,UFC/100 ml,,,,300,300.0,,UFC/100 ml
CIAM_RdP_monitoreo_2022_dt405.csv,2022,TI008,Río Capitán y Río San Antonio,4/5/2022,300,300.0,,UFC/100 ml,,,,50,50.0,,UFC/100 ml
CIAM_RdP_monitoreo_2022_dt405.csv,2022,TI009,Arroyo Abra Vieja y Santa Rosa,4/5/2022,50,50.0,,UFC/100 ml,,,,50,50.0,,UFC/100 ml
CIAM_RdP_monitoreo_2022_dt405.csv,2022,SF015,Del Arca,4/5/2022,4200,4200.0,,UFC/100 ml,,,,1500,1500.0,,UFC/100 ml
CIAM_RdP_monitoreo_2022_dt405.csv,2022,SI021,Espigón La Farola,4/5/2022,no se midió,,,UFC/100 ml,,,,no se midió,,,UFC/100 ml
CIAM_RdP_monitoreo_2022_dt405.csv,2022,SI022,Reserva Ecológica,4/5/2022,300,300.0,,UFC/100 ml,,,,160,160.0,,UFC/100 ml
CIAM_RdP_monitoreo_2022_dt405.csv,2022,SI024,Playa Espigón de Pacheco,4/5/2022,4500,4500.0,,UFC/100 ml,,,,440,440.0,,UFC/100 ml
CIAM_RdP_monitoreo_2022_dt405.csv,2022,SI023,Perú Puente,4/5/2022,44000,44000.0,,UFC/100 ml,,,,4200,4200.0,,UFC/100 ml
CIAM_RdP_monitoreo_2022_dt405.csv,2022,VL033,Reserva Barrio El Ceibo,4/5/2022,700,700.0,,UFC/100 ml,,,,350,350.0,,UFC/100 ml
CIAM_RdP_monitoreo_2022_dt405.csv,2022,VL032,Puerto de Olivos Espigón,4/5/2022,7000,7000.0,,UFC/100 ml,,,,730,730.0,,UFC/100 ml
CIAM_RdP_monitoreo_2022_dt405.csv,2022,VL031,Costa y Melo,4/5/2022,10000,10000.0,,UFC/100 ml,,,,1500,1500.0,,UFC/100 ml
CIAM_RdP_monitoreo_2022_dt405.csv,2022,CA041,Parque de los Niños,4/5/2022,10000,10000.0,,UFC/100 ml,,,,960,960.0,,UFC/100 ml
CIAM_RdP_monitoreo_2022_dt405.csv,2022,CA044,Costanera Norte - Espigón Abanico,4/5/2022,15000,15000.0,,UFC/100 ml,,,,800,800.0,,UFC/100 ml
CIAM_RdP_monitoreo_2022_dt405.csv,2022,CA046,Club de Pescadores,4/5/2022,50000,50000.0,,UFC/100 ml,,,,5000,5000.0,,UFC/100 ml
CIAM_RdP_monitoreo_2022_dt405.csv,2022,TI001,Canal Villanueva y Río Luján,23/8/2022,80,80.0,,UFC/100 ml,,,,90,90.0,,UFC/100 ml
CIAM_RdP_monitoreo_2022_dt405.csv,2022,TI006,Río Lujan y Arroyo Caraguatá,23/8/2022,600,600.0,,UFC/100 ml,,,,300,300.0,,UFC/100 ml
CIAM_RdP_monitoreo_2022_dt405.csv,2022,TI002,Canal Aliviador y Río Lujan,23/8/2022,186,186.0,,UFC/100 ml,,,,11,11.0,,UFC/100 ml
CIAM_RdP_monitoreo_2022_dt405.csv,2022,TI003,Río Carapachay y Arroyo Gallo Fiambre,23/8/2022,100,100.0,,UFC/100 ml,,,,580,580.0,,UFC/100 ml
CIAM_RdP_monitoreo_2022_dt405.csv,2022,TI004,Río Reconquista y Río Lujan,23/8/2022,9,9.0,,UFC/100 ml,,,,780,780.0,,UFC/100 ml
CIAM_RdP_monitoreo_2022_dt405.csv,2022,TI005,Rio Tigre 100m antes del Rio Luján,23/8/2022,560,560.0,,UFC/100 ml,,,,27,27.0,,UFC/100 ml
CIAM_RdP_monitoreo_2022_dt405.csv,2022,TI007,Río Lujan y Canal San Fernando,23/8/2022,90,90.0,,UFC/100 ml,,,,9,9.0,,UFC/100 ml
CIAM_RdP_monitoreo_2022_dt405.csv,2022,TI008,Río Capitán y Río San Antonio,23/8/2022,930,930.0,,UFC/100 ml,,,,730,730.0,,UFC/100 ml
CIAM_RdP_monitoreo_2022_dt405.csv,2022,TI009,Arroyo Abra Vieja y Santa Rosa,23/8/2022,2,2.0,,UFC/100 ml,,,,250,250.0,,UFC/100 ml
CIAM_RdP_monitoreo_2022_dt405.csv,2022,SF015,Del Arca,23/8/2022,15,15.0,,UFC/100 ml,,,,5,5.0,,UFC/100 ml
CIAM_RdP_monitoreo_2022_dt405.csv,2022,SI021,Espigón La Farola,23/8/2022,no se midió,,,UFC/100 ml,,,,no se midió,,,UFC/100 ml
CIAM_RdP_monitoreo_2022_dt405.csv,2022,SI022,Reserva Ecológica,23/8/2022,no se midió,,,UFC/100 ml,,,,no se midió,,,UFC/100 ml
CIAM_RdP_monitoreo_2022_dt405.csv,2022,SI024,Playa Espigón de Pacheco,23/8/2022,no se midió,,,UFC/100 ml,,,,no se midió,,,UFC/100 ml
CIAM_RdP_monitoreo_2022_dt405.csv,2022,SI023,Perú Puente,23/8/2022,no se midió,,,UFC/100 ml,,,,no se midió,,,UFC/100 ml
CIAM_RdP_monitoreo_2022_dt405.csv,2022,VL033,Reserva Barrio El Ceibo,23/8/2022,6,6.0,,UFC/100 ml,,,,2,2.0,,UFC/100 ml
CIAM_RdP_monitoreo_2022_dt405.csv,2022,VL032,Puerto de Olivos Espigón,23/8/2022,1,1.0,,UFC/100 ml,,,,450,450.0,,UFC/100 ml
CIAM_RdP_monitoreo_2022_dt405.csv,2022,VL031,Costa y Melo,23/8/2022,4,4.0,,UFC/100 ml,,,,2,2.0,,UFC/100 ml
CIAM_RdP_monitoreo_2022_dt405.csv,2022,CA041,Parque de los Niños,23/8/2022,no se midió,,,UFC/100 ml,,,,no se midió,,,UFC/100 ml
CIAM_RdP_monitoreo_2022_dt405.csv,2022,CA044,Costanera Norte - Espigón Abanico,23/8/2022,30,30.0,,UFC/100 ml,,,,2,2.0,,UFC/100 ml
CIAM_RdP_monitoreo_2022_dt405.csv,2022,CA046,Club de Pescadores,23/8/2022,18,18.0,,UFC/100 ml,,,,2,2.0,,UFC/100 ml
CIAM_RdP_monitoreo_2023_dt404.csv,2023,TI001,Canal Villanueva y Río Luján,22/2/2023,100,100.0,,UFC/100 ml,600,600.0,UFC/100 ml,130,130.0,,UFC/100 ml
CIAM_RdP_monitoreo_2023_dt404.csv,2023,TI006,Río Lujan y Arroyo Caraguatá,22/2/2023,400,400.0,,UFC/100 ml,1000,1000.0,UFC/100 ml,1.500,1500.0,,UFC/100 ml
CIAM_RdP_monitoreo_2023_dt404.csv,2023,TI002,Canal Aliviador y Río Lujan,22/2/2023,1000,1000.0,,UFC/100 ml,2000,2000.0,UFC/100 ml,100,100.0,,UFC/100 ml
CIAM_RdP_monitoreo_2023_dt404.csv,2023,TI003,Río Carapachay y Arroyo Gallo Fiambre,22/2/2023,500,500.0,,UFC/100 ml,6000,6000.0,UFC/100 ml,220,220.0,,UFC/100 ml
CIAM_RdP_monitoreo_2023_dt404.csv,2023,TI004,Río Reconquista y Río Lujan,22/2/2023,3200,3200.0,,UFC/100 ml,15000,15000.0,UFC/100 ml,560,560.0,,UFC/100 ml
CIAM_RdP_monitoreo_2023_dt404.csv,2023,TI005,Rio Tigre 100m antes del Rio Luján,22/2/2023,1100,1100.0,,UFC/100 ml,2000,2000.0,UFC/100 ml,100,100.0,,UFC/100 ml
CIAM_RdP_monitoreo_2023_dt404.csv,2023,TI007,Río Lujan y Canal San Fernando,22/2/2023,7200,7200.0,,UFC/100 ml,21000,21000.0,UFC/100 ml,1.190,1190.0,,UFC/100 ml
CIAM_RdP_monitoreo_2023_dt404.csv,2023,TI008,Río Capitán y Río San Antonio,22/2/2023,120,120.0,,UFC/100 ml,800,800.0,UFC/100 ml,110,110.0,,UFC/100 ml
CIAM_RdP_monitoreo_2023_dt404.csv,2023,TI009,Arroyo Abra Vieja y Santa Rosa,22/2/2023,350,350.0,,UFC/100 ml,1200,1200.0,UFC/100 ml,550,550.0,,UFC/100 ml
CIAM_RdP_monitoreo_2023_dt404.csv,2023,SF015,Del Arca,22/2/2023,4700,4700.0,,UFC/100 ml,15000,15000.0,UFC/100 ml,920,920.0,,UFC/100 ml
CIAM_RdP_monitoreo_2023_dt404.csv,2023,SI021,Espigón La Farola,22/2/2023,en obra,,,UFC/100 ml,en obra,,UFC/100 ml,en obra,,,UFC/100 ml
CIAM_RdP_monitoreo_2023_dt404.csv,2023,SI022,Reserva Ecológica,22/2/2023,1000,1000.0,,UFC/100 ml,1700,1700.0,UFC/100 ml,60,60.0,,UFC/100 ml
CIAM_RdP_monitoreo_2023_dt404.csv,2023,SI024,Playa Espigón de Pacheco,22/2/2023,4500,4500.0,,UFC/100 ml,5200,5200.0,UFC/100 ml,110,110.0,,UFC/100 ml
CIAM_RdP_monitoreo_2023_dt404.csv,2023,SI023,Perú Puente,22/2/2023,no se midió,,,UFC/100 ml,no se midió,,UFC/100 ml,no se midió,,,UFC/100 ml
CIAM_RdP_monitoreo_2023_dt404.csv,2023,VL033,Reserva Barrio El Ceibo,22/2/2023,1400,1400.0,,UFC/100 ml,7600,7600.0,UFC/100 ml,1.500,1500.0,,UFC/100 ml
CIAM_RdP_monitoreo_2023_dt404.csv,2023,VL032,Puerto de Olivos Espigón,22/2/2023,1200,1200.0,,UFC/100 ml,2000,2000.0,UFC/100 ml,320,320.0,,UFC/100 ml
CIAM_RdP_monitoreo_2023_dt404.csv,2023,VL031,Costa y Melo,22/2/2023,1600,1600.0,,UFC/100 ml,7000,7000.0,UFC/100 ml,300,300.0,,UFC/100 ml
CIAM_RdP_monitoreo_2023_dt404.csv,2023,CA041,Parque de los Niños,22/2/2023,1100,1100.0,,UFC/100 ml,1100,1100.0,UFC/100 ml,400,400.0,,UFC/100 ml
CIAM_RdP_monitoreo_2023_dt404.csv,2023,CA044,Costanera Norte - Espigón Abanico,22/2/2023,1300,1300.0,,UFC/100 ml,1300,1300.0,UFC/100 ml,780,780.0,,UFC/100 ml
CIAM_RdP_monitoreo_2023_dt404.csv,2023,CA046,Club de Pescadores,22/2/2023,1600,1600.0,,UFC/100 ml,1700,1700.0,UFC/100 ml,480,480.0,,UFC/100 ml
CIAM_RdP_monitoreo_2023_dt404.csv,2023,TI001,Canal Villanueva y Río Luján,10/5/2023,2200,2200.0,,UFC/100 ml,3200,3200.0,UFC/100 ml,770,770.0,,UFC/100 ml
CIAM_RdP_monitoreo_2023_dt404.csv,2023,TI006,Río Lujan y Arroyo Caraguatá,10/5/2023,1100,1100.0,,UFC/100 ml,300,300.0,UFC/100 ml,300,300.0,,UFC/100 ml
CIAM_RdP_monitoreo_2023_dt404.csv,2023,TI002,Canal Aliviador y Río Lujan,10/5/2023,3.000,3000.0,,UFC/100 ml,5.000,5000.0,UFC/100 ml,200,200.0,,UFC/100 ml
CIAM_RdP_monitoreo_2023_dt404.csv,2023,TI003,Río Carapachay y Arroyo Gallo Fiambre,10/5/2023,2.900,2900.0,,UFC/100 ml,4000,4000.0,UFC/100 ml,640,640.0,,UFC/100 ml
CIAM_RdP_monitoreo_2023_dt404.csv,2023,TI004,Río Reconquista y Río Lujan,10/5/2023,1.500,1500.0,,UFC/100 ml,2.000,2000.0,UFC/100 ml,250,250.0,,UFC/100 ml
CIAM_RdP_monitoreo_2023_dt404.csv,2023,TI005,Rio Tigre 100m antes del Rio Luján,10/5/2023,20.000,20000.0,,UFC/100 ml,41.000,41000.0,UFC/100 ml,9300,9300.0,,UFC/100 ml
CIAM_RdP_monitoreo_2023_dt404.csv,2023,TI007,Río Lujan y Canal San Fernando,10/5/2023,600,600.0,,UFC/100 ml,4.000,4000.0,UFC/100 ml,930,930.0,,UFC/100 ml
CIAM_RdP_monitoreo_2023_dt404.csv,2023,TI008,Río Capitán y Río San Antonio,10/5/2023,sin muestra,,,UFC/100 ml,sin muestra,,UFC/100 ml,sin muestra,,,UFC/100 ml
CIAM_RdP_monitoreo_2023_dt404.csv,2023,TI009,Arroyo Abra Vieja y Santa Rosa,10/5/2023,220,220.0,,UFC/100 ml,235,235.0,UFC/100 ml,140,140.0,,UFC/100 ml
CIAM_RdP_monitoreo_2023_dt404.csv,2023,SF015,Del Arca,10/5/2023,1400,1400.0,,UFC/100 ml,5000,5000.0,UFC/100 ml,300,300.0,,UFC/100 ml
CIAM_RdP_monitoreo_2023_dt404.csv,2023,SI021,Espigón La Farola,10/5/2023,en obra,,,UFC/100 ml,en obra,,UFC/100 ml,en obra,,,UFC/100 ml
CIAM_RdP_monitoreo_2023_dt404.csv,2023,SI022,Reserva Ecológica,10/5/2023,600,600.0,,UFC/100 ml,1.300,1300.0,UFC/100 ml,130,130.0,,UFC/100 ml
CIAM_RdP_monitoreo_2023_dt404.csv,2023,SI024,Playa Espigón de Pacheco,10/5/2023,4200,4200.0,,UFC/100 ml,5800,5800.0,UFC/100 ml,500,500.0,,UFC/100 ml
CIAM_RdP_monitoreo_2023_dt404.csv,2023,SI023,Perú Puente,10/5/2023,19000,19000.0,,UFC/100 ml,24.000,24000.0,UFC/100 ml,5000,5000.0,,UFC/100 ml
CIAM_RdP_monitoreo_2023_dt404.csv,2023,VL033,Reserva Barrio El Ceibo,10/5/2023,3.400,3400.0,,UFC/100 ml,3.400,3400.0,UFC/100 ml,800,800.0,,UFC/100 ml
CIAM_RdP_monitoreo_2023_dt404.csv,2023,VL032,Puerto de Olivos Espigón,10/5/2023,4.000,4000.0,,UFC/100 ml,4.200,4200.0,UFC/100 ml,100,100.0,,UFC/100 ml
CIAM_RdP_monitoreo_2023_dt404.csv,2023,VL031,Costa y Melo,10/5/2023,3.700,3700.0,,UFC/100 ml,6.800,6800.0,UFC/100 ml,50,50.0,,UFC/100 ml
CIAM_RdP_monitoreo_2023_dt404.csv,2023,CA041,Parque de los Niños,10/5/2023,140.000,140000.0,,UFC/100 ml,200.000,200000.0,UFC/100 ml,180,180.0,,UFC/100 ml
CIAM_RdP_monitoreo_2023_dt404.csv,2023,CA044,Costanera Norte - Espigón Abanico,10/5/2023,21.000,21000.0,,UFC/100 ml,29.000,29000.0,UFC/100 ml,760,760.0,,UFC/100 ml
CIAM_RdP_monitoreo_2023_dt404.csv,2023,CA046,Club de Pescadores,10/5/2023,19.000,19000.0,,UFC/100 ml,19.000,19000.0,UFC/100 ml,5500,5500.0,,UFC/100 ml
CIAM_RdP_monitoreo_2023_dt404.csv,2023,TI001,Canal Villanueva y Río Luján,23/8/2023,200,200.0,,UFC/100 ml,240,240.0,UFC/100 ml,300,300.0,,UFC/100 ml
CIAM_RdP_monitoreo_2023_dt404.csv,2023,TI006,Río Lujan y Arroyo Caraguatá,23/8/2023,8300,8300.0,,UFC/100 ml,15000,15000.0,UFC/100 ml,5000,5000.0,,UFC/100 ml
CIAM_RdP_monitoreo_2023_dt404.csv,2023,TI002,Canal Aliviador y Río Lujan,23/8/2023,19000,19000.0,,UFC/100 ml,23000,23000.0,UFC/100 ml,3000,3000.0,,UFC/100 ml
CIAM_RdP_monitoreo_2023_dt404.csv,2023,TI003,Río Carapachay y Arroyo Gallo Fiambre,23/8/2023,5200,5200.0,,UFC/100 ml,11000,11000.0,UFC/100 ml,1400,1400.0,,UFC/100 ml
CIAM_RdP_monitoreo_2023_dt404.csv,2023,TI004,Río Reconquista y Río Lujan,23/8/2023,3600,3600.0,,UFC/100 ml,4000,4000.0,UFC/100 ml,1500,1500.0,,UFC/100 ml
CIAM_RdP_monitoreo_2023_dt404.csv,2023,TI005,Rio Tigre 100m antes del Rio Luján,23/8/2023,4100,4100.0,,UFC/100 ml,6000,6000.0,UFC/100 ml,2000,2000.0,,UFC/100 ml
CIAM_RdP_monitoreo_2023_dt404.csv,2023,TI007,Río Lujan y Canal San Fernando,23/8/2023,4400,4400.0,,UFC/100 ml,9000,9000.0,UFC/100 ml,920,920.0,,UFC/100 ml
CIAM_RdP_monitoreo_2023_dt404.csv,2023,TI008,Río Capitán y Río San Antonio,23/8/2023,1620,1620.0,,UFC/100 ml,8800,8800.0,UFC/100 ml,220,220.0,,UFC/100 ml
CIAM_RdP_monitoreo_2023_dt404.csv,2023,TI009,Arroyo Abra Vieja y Santa Rosa,23/8/2023,150,150.0,,UFC/100 ml,170,170.0,UFC/100 ml,170,170.0,,UFC/100 ml
CIAM_RdP_monitoreo_2023_dt404.csv,2023,SF015,Del Arca,23/8/2023,2700,2700.0,,UFC/100 ml,3000,3000.0,UFC/100 ml,500,500.0,,UFC/100 ml
CIAM_RdP_monitoreo_2023_dt404.csv,2023,SI021,Espigón La Farola,23/8/2023,en obra,,,UFC/100 ml,en obra,,UFC/100 ml,en obra,,,UFC/100 ml
CIAM_RdP_monitoreo_2023_dt404.csv,2023,SI022,Reserva Ecológica,23/8/2023,2300,2300.0,,UFC/100 ml,2900,2900.0,UFC/100 ml,1400,1400.0,,UFC/100 ml
CIAM_RdP_monitoreo_2023_dt404.csv,2023,SI024,Playa Espigón de Pacheco,23/8/2023,2300,2300.0,,UFC/100 ml,3300,3300.0,UFC/100 ml,1500,1500.0,,UFC/100 ml
CIAM_RdP_monitoreo_2023_dt404.csv,2023,SI023,Perú Puente,23/8/2023,65000,65000.0,,UFC/100 ml,150000,150000.0,UFC/100 ml,18000,18000.0,,UFC/100 ml
CIAM_RdP_monitoreo_2023_dt404.csv,2023,VL033,Reserva Barrio El Ceibo,23/8/2023,3000,3000.0,,UFC/100 ml,20000,20000.0,UFC/100 ml,800,800.0,,UFC/100 ml
CIAM_RdP_monitoreo_2023_dt404.csv,2023,VL032,Puerto de Olivos Espigón,23/8/2023,9800,9800.0,,UFC/100 ml,13200,13200.0,UFC/100 ml,3000,3000.0,,UFC/100 ml
CIAM_RdP_monitoreo_2023_dt404.csv,2023,VL031,Costa y Melo,23/8/2023,11000,11000.0,,UFC/100 ml,38000,38000.0,UFC/100 ml,3500,3500.0,,UFC/100 ml
CIAM_RdP_monitoreo_2023_dt404.csv,2023,CA041,Parque de los Niños,23/8/2023,no muestreó,,,UFC/100 ml,no muestreó,,UFC/100 ml,no muestreó,,,UFC/100 ml
CIAM_RdP_monitoreo_2023_dt404.csv,2023,CA044,Costanera Norte - Espigón Abanico,23/8/2023,no muestreó,,,UFC/100 ml,no muestreó,,UFC/100 ml,no muestreó,,,UFC/100 ml
CIAM_RdP_monitoreo_2023_dt404.csv,2023,CA046,Club de Pescadores,23/8/2023,no muestreó,,,UFC/100 ml,no muestreó,,UFC/100 ml,no muestreó,,,UFC/100 ml
CIAM_RdP_monitoreo_2023_dt404.csv,2023,TI001,Canal Villanueva y Río Luján,14/11/2023,180,180.0,,UFC/100 ml,200,200.0,UFC/100 ml,290,290.0,,UFC/100 ml
CIAM_RdP_monitoreo_2023_dt404.csv,2023,TI006,Río Lujan y Arroyo Caraguatá,14/11/2023,400,400.0,,UFC/100 ml,2000,2000.0,UFC/100 ml,800,800.0,,UFC/100 ml
CIAM_RdP_monitoreo_2023_dt404.csv,2023,TI002,Canal Aliviador y Río Lujan,14/11/2023,600,600.0,,UFC/100 ml,4000,4000.0,UFC/100 ml,400,400.0,,UFC/100 ml
CIAM_RdP_monitoreo_2023_dt404.csv,2023,TI003,Río Carapachay y Arroyo Gallo Fiambre,14/11/2023,400,400.0,,UFC/100 ml,1000,1000.0,UFC/100 ml,900,900.0,,UFC/100 ml
CIAM_RdP_monitoreo_2023_dt404.csv,2023,TI004,Río Reconquista y Río Lujan,14/11/2023,18000,18000.0,,UFC/100 ml,19000,19000.0,UFC/100 ml,5700,5700.0,,UFC/100 ml
CIAM_RdP_monitoreo_2023_dt404.csv,2023,TI005,Rio Tigre 100m antes del Rio Luján,14/11/2023,13000,13000.0,,UFC/100 ml,15000,15000.0,UFC/100 ml,3000,3000.0,,UFC/100 ml
CIAM_RdP_monitoreo_2023_dt404.csv,2023,TI007,Río Lujan y Canal San Fernando,14/11/2023,2000,2000.0,,UFC/100 ml,7000,7000.0,UFC/100 ml,1600,1600.0,,UFC/100 ml
CIAM_RdP_monitoreo_2023_dt404.csv,2023,TI008,Río Capitán y Río San Antonio,14/11/2023,200,200.0,,UFC/100 ml,400,400.0,UFC/100 ml,360,360.0,,UFC/100 ml
CIAM_RdP_monitoreo_2023_dt404.csv,2023,TI009,Arroyo Abra Vieja y Santa Rosa,14/11/2023,260,260.0,,UFC/100 ml,300,300.0,UFC/100 ml,400,400.0,,UFC/100 ml
CIAM_RdP_monitoreo_2023_dt404.csv,2023,SF015,Del Arca,14/11/2023,5800,5800.0,,UFC/100 ml,62000,62000.0,UFC/100 ml,2480,2480.0,,UFC/100 ml
CIAM_RdP_monitoreo_2023_dt404.csv,2023,SI021,Espigón La Farola,14/11/2023,en obra,,,UFC/100 ml,en obra,,UFC/100 ml,en obra,,,UFC/100 ml
CIAM_RdP_monitoreo_2023_dt404.csv,2023,SI022,Reserva Ecológica,14/11/2023,400,400.0,,UFC/100 ml,400,400.0,UFC/100 ml,300,300.0,,UFC/100 ml
CIAM_RdP_monitoreo_2023_dt404.csv,2023,SI024,Playa Espigón de Pacheco,14/11/2023,500,500.0,,UFC/100 ml,500,500.0,UFC/100 ml,200,200.0,,UFC/100 ml
CIAM_RdP_monitoreo_2023_dt404.csv,2023,SI023,Perú Puente,14/11/2023,20000,20000.0,,UFC/100 ml,28000,28000.0,UFC/100 ml,10000,10000.0,,UFC/100 ml
CIAM_RdP_monitoreo_2023_dt404.csv,2023,VL033,Reserva Barrio El Ceibo,14/11/2023,2000,2000.0,,UFC/100 ml,3000,3000.0,UFC/100 ml,900,900.0,,UFC/100 ml
CIAM_RdP_monitoreo_2023_dt404.csv,2023,VL032,Puerto de Olivos Espigón,14/11/2023,14000,14000.0,,UFC/100 ml,22000,22000.0,UFC/100 ml,16000,16000.0,,UFC/100 ml
CIAM_RdP_monitoreo_2023_dt404.csv,2023,VL031,Costa y Melo,14/11/2023,11000,11000.0,,UFC/100 ml,11000,11000.0,UFC/100 ml,3000,3000.0,,UFC/100 ml
CIAM_RdP_monitoreo_2023_dt404.csv,2023,CA041,Parque de los Niños,14/11/2023,no se muestreó,,,UFC/100 ml,no se muestreó,,UFC/100 ml,no se muestreó,,,UFC/100 ml
CIAM_RdP_monitoreo_2023_dt404.csv,2023,CA044,Costanera Norte - Espigón Abanico,14/11/2023,no se muestreó,,,UFC/100 ml,no se muestreó,,UFC/100 ml,no se muestreó,,,UFC/100 ml
CIAM_RdP_monitoreo_2023_dt404.csv,2023,CA046,Club de Pescadores,14/11/2023,no se muestreó,,,UFC/100 ml,no se muestreó,,UFC/100 ml,no se muestreó,,,UFC/100 ml
CIAM_RdP_monitoreo_2024_dt403.csv,2024,TI001,Canal Villanueva y Río Luján,8/4/2024,380,380.0,,sin unidad en encabezado (se asume UFC/100 ml),640,640.0,sin unidad en encabezado (se asume UFC/100 ml),180,180.0,,sin unidad en encabezado (se asume UFC/100 ml)
CIAM_RdP_monitoreo_2024_dt403.csv,2024,TI006,Río Luján y Arroyo Caraguatá,8/4/2024,2000,2000.0,,sin unidad en encabezado (se asume UFC/100 ml),2200,2200.0,sin unidad en encabezado (se asume UFC/100 ml),100,100.0,,sin unidad en encabezado (se asume UFC/100 ml)
CIAM_RdP_monitoreo_2024_dt403.csv,2024,TI002,Canal Aliviador y Río Luján,8/4/2024,4100,4100.0,,sin unidad en encabezado (se asume UFC/100 ml),4600,4600.0,sin unidad en encabezado (se asume UFC/100 ml),500,500.0,,sin unidad en encabezado (se asume UFC/100 ml)
CIAM_RdP_monitoreo_2024_dt403.csv,2024,TI003,Río Carapachay y Arroyo Gallo Fiambre,8/4/2024,900,900.0,,sin unidad en encabezado (se asume UFC/100 ml),1700,1700.0,sin unidad en encabezado (se asume UFC/100 ml),170,170.0,,sin unidad en encabezado (se asume UFC/100 ml)
CIAM_RdP_monitoreo_2024_dt403.csv,2024,TI004,Río Reconquista y Río Luján,8/4/2024,13000,13000.0,,sin unidad en encabezado (se asume UFC/100 ml),15000,15000.0,sin unidad en encabezado (se asume UFC/100 ml),1000,1000.0,,sin unidad en encabezado (se asume UFC/100 ml)
CIAM_RdP_monitoreo_2024_dt403.csv,2024,TI005,Río Tigre y Río Luján,8/4/2024,7400,7400.0,,sin unidad en encabezado (se asume UFC/100 ml),11000,11000.0,sin unidad en encabezado (se asume UFC/100 ml),200,200.0,,sin unidad en encabezado (se asume UFC/100 ml)
CIAM_RdP_monitoreo_2024_dt403.csv,2024,TI007,Río Luján y Canal San Fernando,8/4/2024,5800,5800.0,,sin unidad en encabezado (se asume UFC/100 ml),6900,6900.0,sin unidad en encabezado (se asume UFC/100 ml),1800,1800.0,,sin unidad en encabezado (se asume UFC/100 ml)
CIAM_RdP_monitoreo_2024_dt403.csv,2024,TI008,Río Capitán y Río San Antonio,8/4/2024,220,220.0,,sin unidad en encabezado (se asume UFC/100 ml),340,340.0,sin unidad en encabezado (se asume UFC/100 ml),90,90.0,,sin unidad en encabezado (se asume UFC/100 ml)
CIAM_RdP_monitoreo_2024_dt403.csv,2024,TI009,Arroyo Abra Vieja y Santa Rosa,8/4/2024,300,300.0,,sin unidad en encabezado (se asume UFC/100 ml),440,440.0,sin unidad en encabezado (se asume UFC/100 ml),100,100.0,,sin unidad en encabezado (se asume UFC/100 ml)
CIAM_RdP_monitoreo_2024_dt403.csv,2024,SF015,Del Arca,8/4/2024,6000,6000.0,,sin unidad en encabezado (se asume UFC/100 ml),9000,9000.0,sin unidad en encabezado (se asume UFC/100 ml),800,800.0,,sin unidad en encabezado (se asume UFC/100 ml)
CIAM_RdP_monitoreo_2024_dt403.csv,2024,SI021,Espigón La Farola,8/4/2024,800,800.0,,sin unidad en encabezado (se asume UFC/100 ml),900,900.0,sin unidad en encabezado (se asume UFC/100 ml),140,140.0,,sin unidad en encabezado (se asume UFC/100 ml)
CIAM_RdP_monitoreo_2024_dt403.csv,2024,SI022,Reserva Ecológica,8/4/2024,2700,2700.0,,sin unidad en encabezado (se asume UFC/100 ml),3100,3100.0,sin unidad en encabezado (se asume UFC/100 ml),340,340.0,,sin unidad en encabezado (se asume UFC/100 ml)
CIAM_RdP_monitoreo_2024_dt403.csv,2024,SI024,Playa Espigón Pacheco,8/4/2024,4500,4500.0,,sin unidad en encabezado (se asume UFC/100 ml),5300,5300.0,sin unidad en encabezado (se asume UFC/100 ml),540,540.0,,sin unidad en encabezado (se asume UFC/100 ml)
CIAM_RdP_monitoreo_2024_dt403.csv,2024,SI023,Perú Puente,8/4/2024,48000,48000.0,,sin unidad en encabezado (se asume UFC/100 ml),62000,62000.0,sin unidad en encabezado (se asume UFC/100 ml),4600,4600.0,,sin unidad en encabezado (se asume UFC/100 ml)
CIAM_RdP_monitoreo_2024_dt403.csv,2024,VL033,Reserva Barrio El Ceibo,8/4/2024,4300,4300.0,,sin unidad en encabezado (se asume UFC/100 ml),5000,5000.0,sin unidad en encabezado (se asume UFC/100 ml),600,600.0,,sin unidad en encabezado (se asume UFC/100 ml)
CIAM_RdP_monitoreo_2024_dt403.csv,2024,VL032,Puerto de Olivos Espigón,8/4/2024,8700,8700.0,,sin unidad en encabezado (se asume UFC/100 ml),9000,9000.0,sin unidad en encabezado (se asume UFC/100 ml),2300,2300.0,,sin unidad en encabezado (se asume UFC/100 ml)
CIAM_RdP_monitoreo_2024_dt403.csv,2024,VL031,Costa y Melo,8/4/2024,11000,11000.0,,sin unidad en encabezado (se asume UFC/100 ml),15000,15000.0,sin unidad en encabezado (se asume UFC/100 ml),1600,1600.0,,sin unidad en encabezado (se asume UFC/100 ml)
CIAM_RdP_monitoreo_2024_dt403.csv,2024,CA041,Parque de los Niños,8/4/2024,s/m,,,sin unidad en encabezado (se asume UFC/100 ml),s/m,,sin unidad en encabezado (se asume UFC/100 ml),s/m,,,sin unidad en encabezado (se asume UFC/100 ml)
CIAM_RdP_monitoreo_2024_dt403.csv,2024,CA044,Costanera Norte - Espigón Abanico,8/4/2024,s/m,,,sin unidad en encabezado (se asume UFC/100 ml),s/m,,sin unidad en encabezado (se asume UFC/100 ml),s/m,,,sin unidad en encabezado (se asume UFC/100 ml)
CIAM_RdP_monitoreo_2024_dt403.csv,2024,CA046,Club de Pescadores,8/4/2024,s/m,,,sin unidad en encabezado (se asume UFC/100 ml),s/m,,sin unidad en encabezado (se asume UFC/100 ml),s/m,,,sin unidad en encabezado (se asume UFC/100 ml)
CIAM_RdP_monitoreo_2024_dt403.csv,2024,TI001,Canal Villanueva y Río Luján,no se muestreó,s/m,,,sin unidad en encabezado (se asume UFC/100 ml),s/m,,sin unidad en encabezado (se asume UFC/100 ml),s/m,,,sin unidad en encabezado (se asume UFC/100 ml)
CIAM_RdP_monitoreo_2024_dt403.csv,2024,TI006,Río Luján y Arroyo Caraguatá,no se muestreó,s/m,,,sin unidad en encabezado (se asume UFC/100 ml),s/m,,sin unidad en encabezado (se asume UFC/100 ml),s/m,,,sin unidad en encabezado (se asume UFC/100 ml)
CIAM_RdP_monitoreo_2024_dt403.csv,2024,TI002,Canal Aliviador y Río Luján,no se muestreó,s/m,,,sin unidad en encabezado (se asume UFC/100 ml),s/m,,sin unidad en encabezado (se asume UFC/100 ml),s/m,,,sin unidad en encabezado (se asume UFC/100 ml)
CIAM_RdP_monitoreo_2024_dt403.csv,2024,TI003,Río Carapachay y Arroyo Gallo Fiambre,27/11/2024,5900,5900.0,,sin unidad en encabezado (se asume UFC/100 ml),s/m,,sin unidad en encabezado (se asume UFC/100 ml),2300,2300.0,,sin unidad en encabezado (se asume UFC/100 ml)
CIAM_RdP_monitoreo_2024_dt403.csv,2024,TI004,Río Reconquista y Río Luján,no se muestreó,s/m,,,sin unidad en encabezado (se asume UFC/100 ml),s/m,,sin unidad en encabezado (se asume UFC/100 ml),s/m,,,sin unidad en encabezado (se asume UFC/100 ml)
CIAM_RdP_monitoreo_2024_dt403.csv,2024,TI005,Río Tigre y Río Luján,27/11/2024,s/m,,,sin unidad en encabezado (se asume UFC/100 ml),s/m,,sin unidad en encabezado (se asume UFC/100 ml),s/m,,,sin unidad en encabezado (se asume UFC/100 ml)
CIAM_RdP_monitoreo_2024_dt403.csv,2024,TI007,Río Luján y Canal San Fernando,27/11/2024,s/m,,,sin unidad en encabezado (se asume UFC/100 ml),s/m,,sin unidad en encabezado (se asume UFC/100 ml),s/m,,,sin unidad en encabezado (se asume UFC/100 ml)
CIAM_RdP_monitoreo_2024_dt403.csv,2024,TI008,Río Capitán y Río San Antonio,no se muestreó,s/m,,,sin unidad en encabezado (se asume UFC/100 ml),s/m,,sin unidad en encabezado (se asume UFC/100 ml),s/m,,,sin unidad en encabezado (se asume UFC/100 ml)
CIAM_RdP_monitoreo_2024_dt403.csv,2024,TI009,Arroyo Abra Vieja y Santa Rosa,no se muestreó,s/m,,,sin unidad en encabezado (se asume UFC/100 ml),s/m,,sin unidad en encabezado (se asume UFC/100 ml),s/m,,,sin unidad en encabezado (se asume UFC/100 ml)
CIAM_RdP_monitoreo_2024_dt403.csv,2024,SF015,Del Arca,27/11/2024,s/m,,,sin unidad en encabezado (se asume UFC/100 ml),s/m,,sin unidad en encabezado (se asume UFC/100 ml),s/m,,,sin unidad en encabezado (se asume UFC/100 ml)
CIAM_RdP_monitoreo_2024_dt403.csv,2024,SI021,Espigón La Farola,no se muestreó,s/m,,,sin unidad en encabezado (se asume UFC/100 ml),s/m,,sin unidad en encabezado (se asume UFC/100 ml),s/m,,,sin unidad en encabezado (se asume UFC/100 ml)
CIAM_RdP_monitoreo_2024_dt403.csv,2024,SI022,Reserva Ecológica,no se muestreó,s/m,,,sin unidad en encabezado (se asume UFC/100 ml),s/m,,sin unidad en encabezado (se asume UFC/100 ml),s/m,,,sin unidad en encabezado (se asume UFC/100 ml)
CIAM_RdP_monitoreo_2024_dt403.csv,2024,SI024,Playa Espigón Pacheco,27/11/2024,s/m,,,sin unidad en encabezado (se asume UFC/100 ml),s/m,,sin unidad en encabezado (se asume UFC/100 ml),s/m,,,sin unidad en encabezado (se asume UFC/100 ml)
CIAM_RdP_monitoreo_2024_dt403.csv,2024,SI023,Perú Puente,27/11/2024,96000,96000.0,,sin unidad en encabezado (se asume UFC/100 ml),s/m,,sin unidad en encabezado (se asume UFC/100 ml),15000,15000.0,,sin unidad en encabezado (se asume UFC/100 ml)
CIAM_RdP_monitoreo_2024_dt403.csv,2024,VL033,Reserva Barrio El Ceibo,no se muestreó,s/m,,,sin unidad en encabezado (se asume UFC/100 ml),s/m,,sin unidad en encabezado (se asume UFC/100 ml),s/m,,,sin unidad en encabezado (se asume UFC/100 ml)
CIAM_RdP_monitoreo_2024_dt403.csv,2024,VL032,Puerto de Olivos Espigón,27/11/2024,s/m,,,sin unidad en encabezado (se asume UFC/100 ml),s/m,,sin unidad en encabezado (se asume UFC/100 ml),s/m,,,sin unidad en encabezado (se asume UFC/100 ml)
CIAM_RdP_monitoreo_2024_dt403.csv,2024,VL031,Costa y Melo,27/11/2024,180000,180000.0,,sin unidad en encabezado (se asume UFC/100 ml),s/m,,sin unidad en encabezado (se asume UFC/100 ml),16700,16700.0,,sin unidad en encabezado (se asume UFC/100 ml)
CIAM_RdP_monitoreo_2024_dt403.csv,2024,CA041,Parque de los Niños,no se muestreó,s/m,,,sin unidad en encabezado (se asume UFC/100 ml),s/m,,sin unidad en encabezado (se asume UFC/100 ml),s/m,,,sin unidad en encabezado (se asume UFC/100 ml)
CIAM_RdP_monitoreo_2024_dt403.csv,2024,CA044,Costanera Norte - Espigón Abanico,no se muestreó,s/m,,,sin unidad en encabezado (se asume UFC/100 ml),s/m,,sin unidad en encabezado (se asume UFC/100 ml),s/m,,,sin unidad en encabezado (se asume UFC/100 ml)
CIAM_RdP_monitoreo_2024_dt403.csv,2024,CA046,Club de Pescadores,no se muestreó,s/m,,,sin unidad en encabezado (se asume UFC/100 ml),s/m,,sin unidad en encabezado (se asume UFC/100 ml),s/m,,,sin unidad en encabezado (se asume UFC/100 ml)
CIAM_RdP_monitoreo_2025_dt367.csv,2025,TI001,Canal Villanueva y Río Luján,9/4/2025,s/m,,,sin unidad en encabezado (se asume UFC/100 ml),,,,s/m,,,sin unidad en encabezado (se asume UFC/100 ml)
CIAM_RdP_monitoreo_2025_dt367.csv,2025,TI006,Río Luján y Arroyo Caraguatá,9/4/2025,s/m,,,sin unidad en encabezado (se asume UFC/100 ml),,,,s/m,,,sin unidad en encabezado (se asume UFC/100 ml)
CIAM_RdP_monitoreo_2025_dt367.csv,2025,TI002,Canal Aliviador y Río Luján,9/4/2025,s/m,,,sin unidad en encabezado (se asume UFC/100 ml),,,,s/m,,,sin unidad en encabezado (se asume UFC/100 ml)
CIAM_RdP_monitoreo_2025_dt367.csv,2025,TI003,Río Carapachay y Arroyo Gallo Fiambre,9/4/2025,1.100,1100.0,,sin unidad en encabezado (se asume UFC/100 ml),,,,770,770.0,,sin unidad en encabezado (se asume UFC/100 ml)
CIAM_RdP_monitoreo_2025_dt367.csv,2025,TI004,Río Reconquista y Río Luján,9/4/2025,s/m,,,sin unidad en encabezado (se asume UFC/100 ml),,,,s/m,,,sin unidad en encabezado (se asume UFC/100 ml)
CIAM_RdP_monitoreo_2025_dt367.csv,2025,TI005,Río Tigre y Río Luján,9/4/2025,s/m,,,sin unidad en encabezado (se asume UFC/100 ml),,,,s/m,,,sin unidad en encabezado (se asume UFC/100 ml)
CIAM_RdP_monitoreo_2025_dt367.csv,2025,TI007,Río Luján y Canal San Fernando,9/4/2025,s/m,,,sin unidad en encabezado (se asume UFC/100 ml),,,,s/m,,,sin unidad en encabezado (se asume UFC/100 ml)
CIAM_RdP_monitoreo_2025_dt367.csv,2025,TI008,Río Capitán y Río San Antonio,9/4/2025,s/m,,,sin unidad en encabezado (se asume UFC/100 ml),,,,s/m,,,sin unidad en encabezado (se asume UFC/100 ml)
CIAM_RdP_monitoreo_2025_dt367.csv,2025,TI009,Arroyo Abra Vieja y Santa Rosa,9/4/2025,s/m,,,sin unidad en encabezado (se asume UFC/100 ml),,,,s/m,,,sin unidad en encabezado (se asume UFC/100 ml)
CIAM_RdP_monitoreo_2025_dt367.csv,2025,SF015,Del Arca,9/4/2025,23.000,23000.0,,sin unidad en encabezado (se asume UFC/100 ml),,,,2.600,2600.0,,sin unidad en encabezado (se asume UFC/100 ml)
CIAM_RdP_monitoreo_2025_dt367.csv,2025,SI021,Espigón La Farola,9/4/2025,s/m,,,sin unidad en encabezado (se asume UFC/100 ml),,,,s/m,,,sin unidad en encabezado (se asume UFC/100 ml)
CIAM_RdP_monitoreo_2025_dt367.csv,2025,SI022,Reserva Ecológica,9/4/2025,s/m,,,sin unidad en encabezado (se asume UFC/100 ml),,,,s/m,,,sin unidad en encabezado (se asume UFC/100 ml)
CIAM_RdP_monitoreo_2025_dt367.csv,2025,SI024,Playa Espigón Pacheco,9/4/2025,s/m,,,sin unidad en encabezado (se asume UFC/100 ml),,,,s/m,,,sin unidad en encabezado (se asume UFC/100 ml)
CIAM_RdP_monitoreo_2025_dt367.csv,2025,SI023,Perú Puente,9/4/2025,2.000.000,2000000.0,,sin unidad en encabezado (se asume UFC/100 ml),,,,36.000,36000.0,,sin unidad en encabezado (se asume UFC/100 ml)
CIAM_RdP_monitoreo_2025_dt367.csv,2025,VL033,Reserva Barrio El Ceibo,8/4/2025,s/m,,,sin unidad en encabezado (se asume UFC/100 ml),,,,s/m,,,sin unidad en encabezado (se asume UFC/100 ml)
CIAM_RdP_monitoreo_2025_dt367.csv,2025,VL032,Puerto de Olivos Espigón,8/4/2025,s/m,,,sin unidad en encabezado (se asume UFC/100 ml),,,,s/m,,,sin unidad en encabezado (se asume UFC/100 ml)
CIAM_RdP_monitoreo_2025_dt367.csv,2025,VL031,Costa y Melo,8/4/2025,70.000,70000.0,,sin unidad en encabezado (se asume UFC/100 ml),,,,11.000,11000.0,,sin unidad en encabezado (se asume UFC/100 ml)
CIAM_RdP_monitoreo_2025_dt367.csv,2025,CA041,Parque de los Niños,s/m,s/m,,,sin unidad en encabezado (se asume UFC/100 ml),,,,s/m,,,sin unidad en encabezado (se asume UFC/100 ml)
CIAM_RdP_monitoreo_2025_dt367.csv,2025,CA044,Costanera Norte - Espigón Abanico,s/m,s/m,,,sin unidad en encabezado (se asume UFC/100 ml),,,,s/m,,,sin unidad en encabezado (se asume UFC/100 ml)
CIAM_RdP_monitoreo_2025_dt367.csv,2025,CA046,Club de Pescadores,s/m,s/m,,,sin unidad en encabezado (se asume UFC/100 ml),,,,s/m,,,sin unidad en encabezado (se asume UFC/100 ml)
CIAM_RdP_monitoreo_2025_dt367.csv,2025,TI001,Canal Villanueva y Río Luján,12/11/2025,s/m,,,sin unidad en encabezado (se asume UFC/100 ml),,,,s/m,,,sin unidad en encabezado (se asume UFC/100 ml)
CIAM_RdP_monitoreo_2025_dt367.csv,2025,TI006,Río Luján y Arroyo Caraguatá,12/11/2025,s/m,,,sin unidad en encabezado (se asume UFC/100 ml),,,,s/m,,,sin unidad en encabezado (se asume UFC/100 ml)
CIAM_RdP_monitoreo_2025_dt367.csv,2025,TI002,Canal Aliviador y Río Luján,12/11/2025,s/m,,,sin unidad en encabezado (se asume UFC/100 ml),,,,s/m,,,sin unidad en encabezado (se asume UFC/100 ml)
CIAM_RdP_monitoreo_2025_dt367.csv,2025,TI003,Río Carapachay y Arroyo Gallo Fiambre,12/11/2025,500,500.0,,sin unidad en encabezado (se asume UFC/100 ml),,,,100,100.0,,sin unidad en encabezado (se asume UFC/100 ml)
CIAM_RdP_monitoreo_2025_dt367.csv,2025,TI004,Río Reconquista y Río Luján,12/11/2025,s/m,,,sin unidad en encabezado (se asume UFC/100 ml),,,,s/m,,,sin unidad en encabezado (se asume UFC/100 ml)
CIAM_RdP_monitoreo_2025_dt367.csv,2025,TI005,Río Tigre y Río Luján,12/11/2025,s/m,,,sin unidad en encabezado (se asume UFC/100 ml),,,,s/m,,,sin unidad en encabezado (se asume UFC/100 ml)
CIAM_RdP_monitoreo_2025_dt367.csv,2025,TI007,Río Luján y Canal San Fernando,12/11/2025,s/m,,,sin unidad en encabezado (se asume UFC/100 ml),,,,s/m,,,sin unidad en encabezado (se asume UFC/100 ml)
CIAM_RdP_monitoreo_2025_dt367.csv,2025,TI008,Río Capitán y Río San Antonio,12/11/2025,s/m,,,sin unidad en encabezado (se asume UFC/100 ml),,,,s/m,,,sin unidad en encabezado (se asume UFC/100 ml)
CIAM_RdP_monitoreo_2025_dt367.csv,2025,TI009,Arroyo Abra Vieja y Santa Rosa,12/11/2025,s/m,,,sin unidad en encabezado (se asume UFC/100 ml),,,,s/m,,,sin unidad en encabezado (se asume UFC/100 ml)
CIAM_RdP_monitoreo_2025_dt367.csv,2025,SF015,Del Arca,12/11/2025,410.000,410000.0,,sin unidad en encabezado (se asume UFC/100 ml),,,,7.800,7800.0,,sin unidad en encabezado (se asume UFC/100 ml)
CIAM_RdP_monitoreo_2025_dt367.csv,2025,SI021,Espigón La Farola,12/11/2025,s/m,,,sin unidad en encabezado (se asume UFC/100 ml),,,,s/m,,,sin unidad en encabezado (se asume UFC/100 ml)
CIAM_RdP_monitoreo_2025_dt367.csv,2025,SI022,Reserva Ecológica,12/11/2025,s/m,,,sin unidad en encabezado (se asume UFC/100 ml),,,,s/m,,,sin unidad en encabezado (se asume UFC/100 ml)
CIAM_RdP_monitoreo_2025_dt367.csv,2025,SI024,Playa Espigón Pacheco,12/11/2025,s/m,,,sin unidad en encabezado (se asume UFC/100 ml),,,,s/m,,,sin unidad en encabezado (se asume UFC/100 ml)
CIAM_RdP_monitoreo_2025_dt367.csv,2025,SI023,Perú Puente,12/11/2025,55.000,55000.0,,sin unidad en encabezado (se asume UFC/100 ml),,,,10.400,10400.0,,sin unidad en encabezado (se asume UFC/100 ml)
CIAM_RdP_monitoreo_2025_dt367.csv,2025,VL033,Reserva Barrio El Ceibo,11/11/2025,s/m,,,sin unidad en encabezado (se asume UFC/100 ml),,,,s/m,,,sin unidad en encabezado (se asume UFC/100 ml)
CIAM_RdP_monitoreo_2025_dt367.csv,2025,VL032,Puerto de Olivos Espigón,11/11/2025,s/m,,,sin unidad en encabezado (se asume UFC/100 ml),,,,s/m,,,sin unidad en encabezado (se asume UFC/100 ml)
CIAM_RdP_monitoreo_2025_dt367.csv,2025,VL031,Costa y Melo,11/11/2025,8.000,8000.0,,sin unidad en encabezado (se asume UFC/100 ml),,,,900,900.0,,sin unidad en encabezado (se asume UFC/100 ml)
CIAM_RdP_monitoreo_2025_dt367.csv,2025,CA041,Parque de los Niños,s/m,s/m,,,sin unidad en encabezado (se asume UFC/100 ml),,,,s/m,,,sin unidad en encabezado (se asume UFC/100 ml)
CIAM_RdP_monitoreo_2025_dt367.csv,2025,CA044,Costanera Norte - Espigón Abanico,s/m,s/m,,,sin unidad en encabezado (se asume UFC/100 ml),,,,s/m,,,sin unidad en encabezado (se asume UFC/100 ml)
CIAM_RdP_monitoreo_2025_dt367.csv,2025,CA046,Club de Pescadores,s/m,s/m,,,sin unidad en encabezado (se asume UFC/100 ml),,,,s/m,,,sin unidad en encabezado (se asume UFC/100 ml)
