2026-09-07,"MUNICIPALIDAD DE MERCEDES PROVINCIA DE BUENOS AIRES","1","SI","COLECTIVO","MUNICIPAL","BUENOS AIRES","MERCEDES",495,"SI"
2026-09-07,"MUNICIPALIDAD DE MERCEDES PROVINCIA DE BUENOS AIRES","2B","SI","COLECTIVO","MUNICIPAL","BUENOS AIRES","MERCEDES",205,"SI"
2026-09-07,"DI CE TOURS SRL","701 F","NO","COLECTIVO","PROVINCIAL","MENDOZA","SN",804,"SI"
2026-09-07,"DI CE TOURS SRL","702 A","NO","COLECTIVO","PROVINCIAL","MENDOZA","SN",60,"SI"
2026-09-07,"DI CE TOURS SRL","707 A","NO","COLECTIVO","PROVINCIAL","MENDOZA","SN",307,"SI"
2026-09-07,"DI CE TOURS SRL","707 B","NO","COLECTIVO","PROVINCIAL","MENDOZA","SN",1267,"SI"
2026-09-07,"DI CE TOURS SRL","710 A","NO","COLECTIVO","PROVINCIAL","MENDOZA","SN",835,"SI"
2026-09-07,"DI CE TOURS SRL","711 B","NO","COLECTIVO","PROVINCIAL","MENDOZA","SN",686,"SI"
2026-09-07,"DI CE TOURS SRL","712 C","NO","COLECTIVO","PROVINCIAL","MENDOZA","SN",1742,"SI"
2026-09-07,"DI CE TOURS SRL","713 C","NO","COLECTIVO","PROVINCIAL","MENDOZA","SN",183,"SI"
2026-09-07,"DI CE TOURS SRL","713 E","NO","COLECTIVO","PROVINCIAL","MENDOZA","SN",646,"SI"
2026-09-07,"DI CE TOURS SRL","713 F","NO","COLECTIVO","PROVINCIAL","MENDOZA","SN",560,"SI"
2026-09-07,"DI CE TOURS SRL","715 A","NO","COLECTIVO","PROVINCIAL","MENDOZA","SN",504,"SI"
2026-09-07,"DI CE TOURS SRL","715 F","NO","COLECTIVO","PROVINCIAL","MENDOZA","SN",177,"SI"
2026-09-07,"DI CE TOURS SRL","717 C","NO","COLECTIVO","PROVINCIAL","MENDOZA","SN",254,"SI"
2026-09-07,"DI CE TOURS SRL","718 B","NO","COLECTIVO","PROVINCIAL","MENDOZA","SN",413,"SI"
2026-09-07,"DI CE TOURS SRL","720 I","NO","COLECTIVO","PROVINCIAL","MENDOZA","SN",1222,"SI"
2026-09-07,"DI CE TOURS SRL","720 J","NO","COLECTIVO","PROVINCIAL","MENDOZA","SN",217,"SI"
2026-09-07,"DI CE TOURS SRL","720 L","NO","COLECTIVO","PROVINCIAL","MENDOZA","SN",5276,"SI"
2026-09-07,"DI CE TOURS SRL","722 B","NO","COLECTIVO","PROVINCIAL","MENDOZA","SN",202,"SI"
2026-09-07,"DI CE TOURS SRL","723 A","NO","COLECTIVO","PROVINCIAL","MENDOZA","SN",479,"SI"
2026-09-07,"DI CE TOURS SRL","724 A","NO","COLECTIVO","PROVINCIAL","MENDOZA","SN",783,"SI"
2026-09-07,"DI CE TOURS SRL","725 A","NO","COLECTIVO","PROVINCIAL","MENDOZA","SN",180,"SI"
2026-09-07,"DI CE TOURS SRL","725 B","NO","COLECTIVO","PROVINCIAL","MENDOZA","SN",316,"SI"
2026-09-07,"DI CE TOURS SRL","725 C","NO","COLECTIVO","PROVINCIAL","MENDOZA","SN",253,"SI"
2026-09-07,"DI CE TOURS SRL","725 D","NO","COLECTIVO","PROVINCIAL","MENDOZA","SN",138,"SI"
2026-09-07,"DI CE TOURS SRL","725 E","NO","COLECTIVO","PROVINCIAL","MENDOZA","SN",621,"SI"
2026-09-07,"DI CE TOURS SRL","725 G","NO","COLECTIVO","PROVINCIAL","MENDOZA","SN",292,"SI"
2026-09-07,"DI CE TOURS SRL","725 H","NO","COLECTIVO","PROVINCIAL","MENDOZA","SN",394,"SI"
2026-09-07,"DI CE TOURS SRL","749 J","NO","COLECTIVO","PROVINCIAL","MENDOZA","SN",16,"SI"
2026-09-07,"NUEVA GENERACION S A","751 B","NO","COLECTIVO","PROVINCIAL","MENDOZA","SN",1055,"SI"
2026-09-07,"NUEVA GENERACION S A","751 D","NO","COLECTIVO","PROVINCIAL","MENDOZA","SN",819,"SI"
2026-09-07,"NUEVA GENERACION S A","754 A","NO","COLECTIVO","PROVINCIAL","MENDOZA","SN",2,"SI"
2026-09-07,"NUEVA GENERACION S A","754 B","NO","COLECTIVO","PROVINCIAL","MENDOZA","SN",67,"SI"
2026-09-07,"NUEVA GENERACION S A","754 E","NO","COLECTIVO","PROVINCIAL","MENDOZA","SN",20,"SI"
2026-09-07,"NUEVA GENERACION S A","754 F","NO","COLECTIVO","PROVINCIAL","MENDOZA","SN",4,"SI"
2026-09-07,"NUEVA GENERACION S A","754 G","NO","COLECTIVO","PROVINCIAL","MENDOZA","SN",5,"SI"
2026-09-07,"NUEVA GENERACION S A","754 H","NO","COLECTIVO","PROVINCIAL","MENDOZA","SN",4,"SI"
2026-09-07,"NUEVA GENERACION S A","754 I","NO","COLECTIVO","PROVINCIAL","MENDOZA","SN",1,"SI"
2026-09-07,"NUEVA GENERACION S A","754 J","NO","COLECTIVO","PROVINCIAL","MENDOZA","SN",22,"SI"
2026-09-07,"NUEVA GENERACION S A","755 A","NO","COLECTIVO","PROVINCIAL","MENDOZA","SN",748,"SI"
2026-09-07,"NUEVA GENERACION S A","755 B","NO","COLECTIVO","PROVINCIAL","MENDOZA","SN",1048,"SI"
2026-09-07,"NUEVA GENERACION S A","755 C","NO","COLECTIVO","PROVINCIAL","MENDOZA","SN",23,"SI"
2026-09-07,"NUEVA GENERACION S A","755 D","NO","COLECTIVO","PROVINCIAL","MENDOZA","SN",123,"SI"
2026-09-07,"NUEVA GENERACION S A","755 E","NO","COLECTIVO","PROVINCIAL","MENDOZA","SN",2,"SI"
2026-09-07,"NUEVA GENERACION S A","758 A","NO","COLECTIVO","PROVINCIAL","MENDOZA","SN",2168,"SI"
2026-09-07,"NUEVA GENERACION S A","758 B","NO","COLECTIVO","PROVINCIAL","MENDOZA","SN",2363,"SI"
2026-09-07,"NUEVA GENERACION S A","758 C","NO","COLECTIVO","PROVINCIAL","MENDOZA","SN",621,"SI"
2026-09-07,"NUEVA GENERACION S A","758 D","NO","COLECTIVO","PROVINCIAL","MENDOZA","SN",452,"SI"
2026-09-07,"NUEVA GENERACION S A","759 A","NO","COLECTIVO","PROVINCIAL","MENDOZA","SN",611,"SI"
2026-09-07,"NUEVA GENERACION S A","759 B","NO","COLECTIVO","PROVINCIAL","MENDOZA","SN",450,"SI"
2026-09-07,"NUEVA GENERACION S A","760 A","NO","COLECTIVO","PROVINCIAL","MENDOZA","SN",2291,"SI"
2026-09-07,"NUEVA GENERACION S A","760 B","NO","COLECTIVO","PROVINCIAL","MENDOZA","SN",2756,"SI"
2026-09-07,"NUEVA GENERACION S A","760 C","NO","COLECTIVO","PROVINCIAL","MENDOZA","SN",35,"SI"
2026-09-07,"NUEVA GENERACION S A","762 A","NO","COLECTIVO","PROVINCIAL","MENDOZA","SN",1518,"SI"
2026-09-07,"NUEVA GENERACION S A","762 B","NO","COLECTIVO","PROVINCIAL","MENDOZA","SN",1690,"SI"
2026-09-07,"NUEVA GENERACION S A","762 E","NO","COLECTIVO","PROVINCIAL","MENDOZA","SN",41,"SI"
2026-09-07,"NUEVA GENERACION S A","762 K","NO","COLECTIVO","PROVINCIAL","MENDOZA","SN",10,"SI"
2026-09-07,"NUEVA GENERACION S A","763 A","NO","COLECTIVO","PROVINCIAL","MENDOZA","SN",64,"SI"
2026-09-07,"NUEVA GENERACION S A","763 B","NO","COLECTIVO","PROVINCIAL","MENDOZA","SN",80,"SI"
2026-09-07,"NUEVA GENERACION S A","763 C","NO","COLECTIVO","PROVINCIAL","MENDOZA","SN",136,"SI"
2026-09-07,"NUEVA GENERACION S A","763 D","NO","COLECTIVO","PROVINCIAL","MENDOZA","SN",107,"SI"
2026-09-07,"NUEVA GENERACION S A","764 B","NO","COLECTIVO","PROVINCIAL","MENDOZA","SN",92,"SI"
2026-09-07,"NUEVA GENERACION S A","764 C","NO","COLECTIVO","PROVINCIAL","MENDOZA","SN",81,"SI"
2026-09-07,"NUEVA GENERACION S A","764 D","NO","COLECTIVO","PROVINCIAL","MENDOZA","SN",40,"SI"
2026-09-07,"NUEVA GENERACION S A","764 E","NO","COLECTIVO","PROVINCIAL","MENDOZA","SN",341,"SI"
2026-09-07,"NUEVA GENERACION S A","764 G","NO","COLECTIVO","PROVINCIAL","MENDOZA","SN",242,"SI"
2026-09-07,"NUEVA GENERACION S A","764 H","NO","COLECTIVO","PROVINCIAL","MENDOZA","SN",36,"SI"
2026-09-07,"NUEVA GENERACION S A","764 J","NO","COLECTIVO","PROVINCIAL","MENDOZA","SN",82,"SI"
2026-09-07,"NUEVA GENERACION S A","764 K","NO","COLECTIVO","PROVINCIAL","MENDOZA","SN",13,"SI"
2026-09-07,"NUEVA GENERACION S A","764 M","NO","COLECTIVO","PROVINCIAL","MENDOZA","SN",18,"SI"
2026-09-07,"NUEVA GENERACION S A","764 N","NO","COLECTIVO","PROVINCIAL","MENDOZA","SN",96,"SI"
2026-09-07,"NUEVA GENERACION S A","764 O","NO","COLECTIVO","PROVINCIAL","MENDOZA","SN",19,"SI"
2026-09-07,"NUEVA GENERACION S A","764 P","NO","COLECTIVO","PROVINCIAL","MENDOZA","SN",26,"SI"
2026-09-07,"NUEVA GENERACION S A","765 A","NO","COLECTIVO","PROVINCIAL","MENDOZA","SN",21,"SI"
2026-09-07,"NUEVA GENERACION S A","765 B","NO","COLECTIVO","PROVINCIAL","MENDOZA","SN",23,"SI"
2026-09-07,"NUEVA GENERACION S A","765 C","NO","COLECTIVO","PROVINCIAL","MENDOZA","SN",42,"SI"
2026-09-07,"NUEVA GENERACION S A","765 D","NO","COLECTIVO","PROVINCIAL","MENDOZA","SN",43,"SI"
2026-09-07,"NUEVA GENERACION S A","766 D","NO","COLECTIVO","PROVINCIAL","MENDOZA","SN",52,"SI"
2026-09-07,"NUEVA GENERACION S A","766 F","NO","COLECTIVO","PROVINCIAL","MENDOZA","SN",28,"SI"
2026-09-07,"NUEVA GENERACION S A","766 G","NO","COLECTIVO","PROVINCIAL","MENDOZA","SN",44,"SI"
2026-09-07,"NUEVA GENERACION S A","766 I","NO","COLECTIVO","PROVINCIAL","MENDOZA","SN",39,"SI"
2026-09-07,"NUEVA GENERACION S A","766 J","NO","COLECTIVO","PROVINCIAL","MENDOZA","SN",17,"SI"
2026-09-07,"NUEVA GENERACION S A","767 A","NO","COLECTIVO","PROVINCIAL","MENDOZA","SN",16,"SI"
2026-09-07,"NUEVA GENERACION S A","767 B","NO","COLECTIVO","PROVINCIAL","MENDOZA","SN",87,"SI"
2026-09-07,"NUEVA GENERACION S A","767 C","NO","COLECTIVO","PROVINCIAL","MENDOZA","SN",16,"SI"
2026-09-07,"NUEVA GENERACION S A","767 D","NO","COLECTIVO","PROVINCIAL","MENDOZA","SN",3,"SI"
2026-09-07,"NUEVA GENERACION S A","767 E","NO","COLECTIVO","PROVINCIAL","MENDOZA","SN",76,"SI"
2026-09-07,"NUEVA GENERACION S A","767 F","NO","COLECTIVO","PROVINCIAL","MENDOZA","SN",14,"SI"
2026-09-07,"NUEVA GENERACION S A","767 G","NO","COLECTIVO","PROVINCIAL","MENDOZA","SN",33,"SI"
2026-09-07,"NUEVA GENERACION S A","768 A","NO","COLECTIVO","PROVINCIAL","MENDOZA","SN",223,"SI"
2026-09-07,"NUEVA GENERACION S A","768 B","NO","COLECTIVO","PROVINCIAL","MENDOZA","SN",185,"SI"
2026-09-07,"NUEVA GENERACION S A","768 C","NO","COLECTIVO","PROVINCIAL","MENDOZA","SN",1743,"SI"
2026-09-07,"NUEVA GENERACION S A","768 D","NO","COLECTIVO","PROVINCIAL","MENDOZA","SN",1317,"SI"
2026-09-07,"NUEVA GENERACION S A","768 F","NO","COLECTIVO","PROVINCIAL","MENDOZA","SN",11,"SI"
2026-09-07,"NUEVA GENERACION S A","768 H","NO","COLECTIVO","PROVINCIAL","MENDOZA","SN",59,"SI"
2026-09-07,"NUEVA GENERACION S A","769 A","NO","COLECTIVO","PROVINCIAL","MENDOZA","SN",143,"SI"
2026-09-07,"NUEVA GENERACION S A","769 C","NO","COLECTIVO","PROVINCIAL","MENDOZA","SN",172,"SI"
2026-09-07,"NUEVA GENERACION S A","769 D","NO","COLECTIVO","PROVINCIAL","MENDOZA","SN",48,"SI"
2026-09-07,"NUEVA GENERACION S A","769 E","NO","COLECTIVO","PROVINCIAL","MENDOZA","SN",148,"SI"
2026-09-07,"NUEVA GENERACION S A","769 F","NO","COLECTIVO","PROVINCIAL","MENDOZA","SN",45,"SI"
2026-09-07,"NUEVA GENERACION S A","769 H","NO","COLECTIVO","PROVINCIAL","MENDOZA","SN",30,"SI"
2026-09-07,"NUEVA GENERACION S A","769 I","NO","COLECTIVO","PROVINCIAL","MENDOZA","SN",36,"SI"
2026-09-07,"NUEVA GENERACION S A","770 A","NO","COLECTIVO","PROVINCIAL","MENDOZA","SN",72,"SI"
2026-09-07,"NUEVA GENERACION S A","770 B","NO","COLECTIVO","PROVINCIAL","MENDOZA","SN",37,"SI"
2026-09-07,"NUEVA GENERACION S A","771 A","NO","COLECTIVO","PROVINCIAL","MENDOZA","SN",14,"SI"
2026-09-07,"NUEVA GENERACION S A","771 B","NO","COLECTIVO","PROVINCIAL","MENDOZA","SN",24,"SI"
2026-09-07,"NUEVA GENERACION S A","771 C","NO","COLECTIVO","PROVINCIAL","MENDOZA","SN",46,"SI"
2026-09-07,"NUEVA GENERACION S A","771 D","NO","COLECTIVO","PROVINCIAL","MENDOZA","SN",48,"SI"
2026-09-07,"NUEVA GENERACION S A","771 E","NO","COLECTIVO","PROVINCIAL","MENDOZA","SN",55,"SI"
2026-09-07,"NUEVA GENERACION S A","771 H","NO","COLECTIVO","PROVINCIAL","MENDOZA","SN",23,"SI"
2026-09-07,"NUEVA GENERACION S A","771 I","NO","COLECTIVO","PROVINCIAL","MENDOZA","SN",23,"SI"
2026-09-07,"NUEVA GENERACION S A","774 A","NO","COLECTIVO","PROVINCIAL","MENDOZA","SN",49,"SI"
2026-09-07,"NUEVA GENERACION S A","774 B","NO","COLECTIVO","PROVINCIAL","MENDOZA","SN",21,"SI"
2026-09-07,"NUEVA GENERACION S A","774 E","NO","COLECTIVO","PROVINCIAL","MENDOZA","SN",29,"SI"
2026-09-07,"NUEVA GENERACION S A","774 F","NO","COLECTIVO","PROVINCIAL","MENDOZA","SN",18,"SI"
2026-09-07,"NUEVA GENERACION S A","774 G","NO","COLECTIVO","PROVINCIAL","MENDOZA","SN",67,"SI"
2026-09-07,"NUEVA GENERACION S A","775 A","NO","COLECTIVO","PROVINCIAL","MENDOZA","SN",26,"SI"
2026-09-07,"NUEVA GENERACION S A","775 B","NO","COLECTIVO","PROVINCIAL","MENDOZA","SN",11,"SI"
2026-09-07,"NUEVA GENERACION S A","775 C","NO","COLECTIVO","PROVINCIAL","MENDOZA","SN",74,"SI"
2026-09-07,"NUEVA GENERACION S A","775 G","NO","COLECTIVO","PROVINCIAL","MENDOZA","SN",13,"SI"
2026-09-07,"NUEVA GENERACION S A","776 A","NO","COLECTIVO","PROVINCIAL","MENDOZA","SN",129,"SI"
2026-09-07,"NUEVA GENERACION S A","776 B","NO","COLECTIVO","PROVINCIAL","MENDOZA","SN",19,"SI"
2026-09-07,"NUEVA GENERACION S A","776 C","NO","COLECTIVO","PROVINCIAL","MENDOZA","SN",27,"SI"
2026-09-07,"NUEVA GENERACION S A","776 D","NO","COLECTIVO","PROVINCIAL","MENDOZA","SN",80,"SI"
2026-09-07,"NUEVA GENERACION S A","776 E","NO","COLECTIVO","PROVINCIAL","MENDOZA","SN",50,"SI"
2026-09-07,"NUEVA GENERACION S A","776 F","NO","COLECTIVO","PROVINCIAL","MENDOZA","SN",15,"SI"
2026-09-07,"NUEVA GENERACION S A","776 G","NO","COLECTIVO","PROVINCIAL","MENDOZA","SN",27,"SI"
2026-09-07,"NUEVA GENERACION S A","776 H","NO","COLECTIVO","PROVINCIAL","MENDOZA","SN",19,"SI"
2026-09-07,"NUEVA GENERACION S A","776 I","NO","COLECTIVO","PROVINCIAL","MENDOZA","SN",31,"SI"
2026-09-07,"NUEVA GENERACION S A","777 A","NO","COLECTIVO","PROVINCIAL","MENDOZA","SN",138,"SI"
2026-09-07,"NUEVA GENERACION S A","777 C","NO","COLECTIVO","PROVINCIAL","MENDOZA","SN",58,"SI"
2026-09-07,"NUEVA GENERACION S A","777 D","NO","COLECTIVO","PROVINCIAL","MENDOZA","SN",38,"SI"
2026-09-07,"NUEVA GENERACION S A","777 G","NO","COLECTIVO","PROVINCIAL","MENDOZA","SN",43,"SI"
2026-09-07,"NUEVA GENERACION S A","777 H","NO","COLECTIVO","PROVINCIAL","MENDOZA","SN",91,"SI"
2026-09-07,"NUEVA GENERACION S A","777 J","NO","COLECTIVO","PROVINCIAL","MENDOZA","SN",5,"SI"
2026-09-07,"NUEVA GENERACION S A","777 K","NO","COLECTIVO","PROVINCIAL","MENDOZA","SN",76,"SI"
2026-09-07,"NUEVA GENERACION S A","777 N","NO","COLECTIVO","PROVINCIAL","MENDOZA","SN",57,"SI"
2026-09-07,"NUEVA GENERACION S A","777 O","NO","COLECTIVO","PROVINCIAL","MENDOZA","SN",67,"SI"
2026-09-07,"NUEVA GENERACION S A","777 P","NO","COLECTIVO","PROVINCIAL","MENDOZA","SN",99,"SI"
2026-09-07,"NUEVA GENERACION S A","778 B","NO","COLECTIVO","PROVINCIAL","MENDOZA","SN",194,"SI"
2026-09-07,"NUEVA GENERACION S A","778 C","NO","COLECTIVO","PROVINCIAL","MENDOZA","SN",102,"SI"
2026-09-07,"NUEVA GENERACION S A","778 D","NO","COLECTIVO","PROVINCIAL","MENDOZA","SN",62,"SI"
2026-09-07,"NUEVA GENERACION S A","778 E","NO","COLECTIVO","PROVINCIAL","MENDOZA","SN",121,"SI"
2026-09-07,"NUEVA GENERACION S A","778 F","NO","COLECTIVO","PROVINCIAL","MENDOZA","SN",22,"SI"
2026-09-07,"NUEVA GENERACION S A","778 L","NO","COLECTIVO","PROVINCIAL","MENDOZA","SN",176,"SI"
2026-09-07,"NUEVA GENERACION S A","778 M","NO","COLECTIVO","PROVINCIAL","MENDOZA","SN",33,"SI"
2026-09-07,"NUEVA GENERACION S A","779 A","NO","COLECTIVO","PROVINCIAL","MENDOZA","SN",69,"SI"
2026-09-07,"NUEVA GENERACION S A","779 C","NO","COLECTIVO","PROVINCIAL","MENDOZA","SN",79,"SI"
2026-09-07,"NUEVA GENERACION S A","780 A","NO","COLECTIVO","PROVINCIAL","MENDOZA","SN",38,"SI"
2026-09-07,"NUEVA GENERACION S A","780 B","NO","COLECTIVO","PROVINCIAL","MENDOZA","SN",99,"SI"
2026-09-07,"NUEVA GENERACION S A","780 C","NO","COLECTIVO","PROVINCIAL","MENDOZA","SN",45,"SI"
2026-09-07,"NUEVA GENERACION S A","780 D","NO","COLECTIVO","PROVINCIAL","MENDOZA","SN",89,"SI"
2026-09-07,"NUEVA GENERACION S A","780 E","NO","COLECTIVO","PROVINCIAL","MENDOZA","SN",24,"SI"
2026-09-07,"NUEVA GENERACION S A","782 A","NO","COLECTIVO","PROVINCIAL","MENDOZA","SN",70,"SI"
2026-09-07,"NUEVA GENERACION S A","782 B","NO","COLECTIVO","PROVINCIAL","MENDOZA","SN",28,"SI"
2026-09-07,"NUEVA GENERACION S A","782 C","NO","COLECTIVO","PROVINCIAL","MENDOZA","SN",33,"SI"
2026-09-07,"NUEVA GENERACION S A","782 D","NO","COLECTIVO","PROVINCIAL","MENDOZA","SN",111,"SI"
2026-09-07,"NUEVA GENERACION S A","782 F","NO","COLECTIVO","PROVINCIAL","MENDOZA","SN",275,"SI"
2026-09-07,"NUEVA GENERACION S A","782 G","NO","COLECTIVO","PROVINCIAL","MENDOZA","SN",66,"SI"
2026-09-07,"NUEVA GENERACION S A","782 I","NO","COLECTIVO","PROVINCIAL","MENDOZA","SN",32,"SI"
2026-09-07,"NUEVA GENERACION S A","782 J","NO","COLECTIVO","PROVINCIAL","MENDOZA","SN",3,"SI"
2026-09-07,"NUEVA GENERACION S A","783 B","NO","COLECTIVO","PROVINCIAL","MENDOZA","SN",115,"SI"
2026-09-07,"NUEVA GENERACION S A","783 C","NO","COLECTIVO","PROVINCIAL","MENDOZA","SN",222,"SI"
2026-09-07,"NUEVA GENERACION S A","783 D","NO","COLECTIVO","PROVINCIAL","MENDOZA","SN",20,"SI"
2026-09-07,"NUEVA GENERACION S A","783 E","NO","COLECTIVO","PROVINCIAL","MENDOZA","SN",4,"SI"
2026-09-07,"NUEVA GENERACION S A","783 M","NO","COLECTIVO","PROVINCIAL","MENDOZA","SN",8,"SI"
2026-09-07,"NUEVA GENERACION S A","784 A","NO","COLECTIVO","PROVINCIAL","MENDOZA","SN",62,"SI"
2026-09-07,"NUEVA GENERACION S A","784 B","NO","COLECTIVO","PROVINCIAL","MENDOZA","SN",28,"SI"
2026-09-07,"NUEVA GENERACION S A","784 C","NO","COLECTIVO","PROVINCIAL","MENDOZA","SN",16,"SI"
2026-09-07,"NUEVA GENERACION S A","784 E","NO","COLECTIVO","PROVINCIAL","MENDOZA","SN",24,"SI"
2026-09-07,"NUEVA GENERACION S A","784 I","NO","COLECTIVO","PROVINCIAL","MENDOZA","SN",14,"SI"
2026-09-07,"NUEVA GENERACION S A","785 A","NO","COLECTIVO","PROVINCIAL","MENDOZA","SN",14,"SI"
2026-09-07,"NUEVA GENERACION S A","785 B","NO","COLECTIVO","PROVINCIAL","MENDOZA","SN",65,"SI"
2026-09-07,"NUEVA GENERACION S A","785 D","NO","COLECTIVO","PROVINCIAL","MENDOZA","SN",29,"SI"
2026-09-07,"NUEVA GENERACION S A","785 J","NO","COLECTIVO","PROVINCIAL","MENDOZA","SN",9,"SI"
2026-09-07,"NUEVA GENERACION S A","786 A","NO","COLECTIVO","PROVINCIAL","MENDOZA","SN",432,"SI"
2026-09-07,"NUEVA GENERACION S A","786 B","NO","COLECTIVO","PROVINCIAL","MENDOZA","SN",523,"SI"
2026-09-07,"NUEVA GENERACION S A","786 C","NO","COLECTIVO","PROVINCIAL","MENDOZA","SN",49,"SI"
2026-09-07,"NUEVA GENERACION S A","786 D","NO","COLECTIVO","PROVINCIAL","MENDOZA","SN",84,"SI"
2026-09-07,"NUEVA GENERACION S A","787 A","NO","COLECTIVO","PROVINCIAL","MENDOZA","SN",156,"SI"
2026-09-07,"NUEVA GENERACION S A","787 B","NO","COLECTIVO","PROVINCIAL","MENDOZA","SN",161,"SI"
2026-09-07,"NUEVA GENERACION S A","788 D","NO","COLECTIVO","PROVINCIAL","MENDOZA","SN",243,"SI"
2026-09-07,"NUEVA GENERACION S A","789 A","NO","COLECTIVO","PROVINCIAL","MENDOZA","SN",49,"SI"
2026-09-07,"NUEVA GENERACION S A","789 B","NO","COLECTIVO","PROVINCIAL","MENDOZA","SN",72,"SI"
2026-09-07,"NUEVA GENERACION S A","789 C","NO","COLECTIVO","PROVINCIAL","MENDOZA","SN",65,"SI"
2026-09-07,"NUEVA GENERACION S A","789 D","NO","COLECTIVO","PROVINCIAL","MENDOZA","SN",18,"SI"
2026-09-07,"NUEVA GENERACION S A","789 E","NO","COLECTIVO","PROVINCIAL","MENDOZA","SN",18,"SI"
2026-09-07,"NUEVA GENERACION S A","789 F","NO","COLECTIVO","PROVINCIAL","MENDOZA","SN",48,"SI"
2026-09-07,"NUEVA GENERACION S A","789 G","NO","COLECTIVO","PROVINCIAL","MENDOZA","SN",33,"SI"
2026-09-07,"NUEVA GENERACION S A","790 A","NO","COLECTIVO","PROVINCIAL","MENDOZA","SN",17,"SI"
2026-09-07,"NUEVA GENERACION S A","790 B","NO","COLECTIVO","PROVINCIAL","MENDOZA","SN",57,"SI"
2026-09-07,"NUEVA GENERACION S A","790 C","NO","COLECTIVO","PROVINCIAL","MENDOZA","SN",39,"SI"
2026-09-07,"NUEVA GENERACION S A","790 D","NO","COLECTIVO","PROVINCIAL","MENDOZA","SN",56,"SI"
2026-09-07,"NUEVA GENERACION S A","790 E","NO","COLECTIVO","PROVINCIAL","MENDOZA","SN",63,"SI"
2026-09-07,"NUEVA GENERACION S A","790 F","NO","COLECTIVO","PROVINCIAL","MENDOZA","SN",2,"SI"
2026-09-07,"NUEVA GENERACION S A","790 G","NO","COLECTIVO","PROVINCIAL","MENDOZA","SN",40,"SI"
2026-09-07,"NUEVA GENERACION S A","790 H","NO","COLECTIVO","PROVINCIAL","MENDOZA","SN",15,"SI"
2026-09-07,"NUEVA GENERACION S A","790 I","NO","COLECTIVO","PROVINCIAL","MENDOZA","SN",31,"SI"
2026-09-07,"NUEVA GENERACION S A","790 J","NO","COLECTIVO","PROVINCIAL","MENDOZA","SN",34,"SI"
2026-09-07,"NUEVA GENERACION S A","790 K","NO","COLECTIVO","PROVINCIAL","MENDOZA","SN",1,"SI"
2026-09-07,"NUEVA GENERACION S A","790 L","NO","COLECTIVO","PROVINCIAL","MENDOZA","SN",44,"SI"
2026-09-07,"NUEVA GENERACION S A","790 M","NO","COLECTIVO","PROVINCIAL","MENDOZA","SN",19,"SI"
2026-09-07,"NUEVA GENERACION S A","790 N","NO","COLECTIVO","PROVINCIAL","MENDOZA","SN",26,"SI"
2026-09-07,"NUEVA GENERACION S A","790 P","NO","COLECTIVO","PROVINCIAL","MENDOZA","SN",127,"SI"
2026-09-07,"NUEVA GENERACION S A","790 Q","NO","COLECTIVO","PROVINCIAL","MENDOZA","SN",3,"SI"
2026-09-07,"NUEVA GENERACION S A","790 R","NO","COLECTIVO","PROVINCIAL","MENDOZA","SN",9,"SI"
2026-09-07,"NUEVA GENERACION S A","790 S","NO","COLECTIVO","PROVINCIAL","MENDOZA","SN",69,"SI"
2026-09-07,"NUEVA GENERACION S A","790 T","NO","COLECTIVO","PROVINCIAL","MENDOZA","SN",12,"SI"
2026-09-07,"NUEVA GENERACION S A","790 U","NO","COLECTIVO","PROVINCIAL","MENDOZA","SN",2,"SI"
2026-09-07,"NUEVA GENERACION S A","791 A","NO","COLECTIVO","PROVINCIAL","MENDOZA","SN",2,"SI"
2026-09-07,"NUEVA GENERACION S A","791 B","NO","COLECTIVO","PROVINCIAL","MENDOZA","SN",4,"SI"
2026-09-07,"NUEVA GENERACION S A","791 C","NO","COLECTIVO","PROVINCIAL","MENDOZA","SN",31,"SI"
2026-09-07,"NUEVA GENERACION S A","791 D","NO","COLECTIVO","PROVINCIAL","MENDOZA","SN",5,"SI"
2026-09-07,"NUEVA GENERACION S A","791 E","NO","COLECTIVO","PROVINCIAL","MENDOZA","SN",20,"SI"
2026-09-07,"NUEVA GENERACION S A","791 H","NO","COLECTIVO","PROVINCIAL","MENDOZA","SN",35,"SI"
2026-09-07,"NUEVA GENERACION S A","791 I","NO","COLECTIVO","PROVINCIAL","MENDOZA","SN",3,"SI"
2026-09-07,"NUEVA GENERACION S A","791 K","NO","COLECTIVO","PROVINCIAL","MENDOZA","SN",36,"SI"
2026-09-07,"NUEVA GENERACION S A","791 L","NO","COLECTIVO","PROVINCIAL","MENDOZA","SN",13,"SI"
2026-09-07,"NUEVA GENERACION S A","791 M","NO","COLECTIVO","PROVINCIAL","MENDOZA","SN",10,"SI"
2026-09-07,"NUEVA GENERACION S A","791 Q","NO","COLECTIVO","PROVINCIAL","MENDOZA","SN",31,"SI"
2026-09-07,"NUEVA GENERACION S A","798 A","NO","COLECTIVO","PROVINCIAL","MENDOZA","SN",153,"SI"
2026-09-07,"NUEVA GENERACION S A","798 C","NO","COLECTIVO","PROVINCIAL","MENDOZA","SN",33,"SI"
2026-09-07,"NUEVA GENERACION S A","798 D","NO","COLECTIVO","PROVINCIAL","MENDOZA","SN",72,"SI"
2026-09-07,"NUEVA GENERACION S A","798 H","NO","COLECTIVO","PROVINCIAL","MENDOZA","SN",34,"SI"
2026-09-07,"NUEVA GENERACION S A","799 B","NO","COLECTIVO","PROVINCIAL","MENDOZA","SN",47,"SI"
2026-09-07,"NUEVA GENERACION S A","799 C","NO","COLECTIVO","PROVINCIAL","MENDOZA","SN",18,"SI"
2026-09-07,"NUEVA GENERACION S A","799 E","NO","COLECTIVO","PROVINCIAL","MENDOZA","SN",23,"SI"
2026-09-07,"NUEVA GENERACION S A","799 G","NO","COLECTIVO","PROVINCIAL","MENDOZA","SN",20,"SI"
2026-09-07,"NUEVA GENERACION S A","799 H","NO","COLECTIVO","PROVINCIAL","MENDOZA","SN",14,"SI"
2026-09-07,"NUEVA GENERACION S A","799 M","NO","COLECTIVO","PROVINCIAL","MENDOZA","SN",16,"SI"
2026-09-07,"NUEVA GENERACION S A","799 O","NO","COLECTIVO","PROVINCIAL","MENDOZA","SN",27,"SI"
2026-09-07,"NUEVA GENERACION S A","799 P","NO","COLECTIVO","PROVINCIAL","MENDOZA","SN",22,"SI"
2026-09-07,"NUEVA GENERACION S A","799 Q","NO","COLECTIVO","PROVINCIAL","MENDOZA","SN",44,"SI"
2026-09-07,"NUEVA GENERACION S A","799 R","NO","COLECTIVO","PROVINCIAL","MENDOZA","SN",74,"SI"
2026-09-07,"NUEVA GENERACION S A","799 S","NO","COLECTIVO","PROVINCIAL","MENDOZA","SN",43,"SI"
2026-09-07,"NUEVA GENERACION S A","799 T","NO","COLECTIVO","PROVINCIAL","MENDOZA","SN",1,"SI"
2026-09-07,"NUEVA GENERACION S A","799 U","NO","COLECTIVO","PROVINCIAL","MENDOZA","SN",3,"SI"
2026-09-07,"NUEVA GENERACION S A","799 V","NO","COLECTIVO","PROVINCIAL","MENDOZA","SN",23,"SI"
2026-09-07,"NUEVA GENERACION S A","799 W","NO","COLECTIVO","PROVINCIAL","MENDOZA","SN",89,"SI"
2026-09-07,"NUEVA GENERACION S A","799 X","NO","COLECTIVO","PROVINCIAL","MENDOZA","SN",55,"SI"
2026-09-07,"NUEVA GENERACION S A","799 Z","NO","COLECTIVO","PROVINCIAL","MENDOZA","SN",20,"SI"
2026-09-07,"COOP. DE PROVISION DE SERVICIOS 1 DE SEPTIEMBRE LTDA","AEROCLUB - 140 VIV.","NO","COLECTIVO","MUNICIPAL","RÍO NEGRO","GENERAL ROCA",529,"SI"
2026-09-07,"TRANSPORTES 8 DE OCTUBRE S.A.","AGUSTIN ROCA - JUNIN","NO","COLECTIVO","MUNICIPAL","BUENOS AIRES","JUNIN",48,"SI"
2026-09-07,"COOP. DE PROVISION DE SERVICIOS 1 DE SEPTIEMBRE LTDA","BARRIO NUEVO","NO","COLECTIVO","MUNICIPAL","RÍO NEGRO","GENERAL ROCA",1544,"SI"
2026-09-07,"EMPRESA BATAN S.A.","BS_AS_LINEA 715M","NO","COLECTIVO","MUNICIPAL","BUENOS AIRES","GENERAL PUEYRREDON",7332,"SI"
2026-09-07,"EMPRESA BATAN S.A.","BS_AS_LINEA 720M","NO","COLECTIVO","MUNICIPAL","BUENOS AIRES","GENERAL PUEYRREDON",248,"SI"
2026-09-07,"COMPAÑIA  DE TRANSPORTE VECINAL S.A.","BS_AS_LINEA_326","SI","COLECTIVO","PROVINCIAL","BUENOS AIRES","SN",2912,"SI"
2026-09-07,"EMPRESA DE TRANSPORTE PERALTA RAMOS SACI","BS_AS_LINEA_512","NO","COLECTIVO","MUNICIPAL","BUENOS AIRES","GENERAL PUEYRREDON",3564,"SI"
2026-09-07,"EL URBANO SRL","BS_AS_LINEA_522","SI","COLECTIVO","MUNICIPAL","BUENOS AIRES","LANUS",803,"SI"
2026-09-07,"EL URBANO SRL","BS_AS_LINEA_527","SI","COLECTIVO","MUNICIPAL","BUENOS AIRES","LANUS",2072,"SI"
2026-09-07,"TRANSPORTES LINEA 123 S.A.C.I.","BS_ASLINEA_123","SI","COLECTIVO","NACIONAL","JN","SD",11878,"SI"
2026-09-07,"LA CENTRAL DE VICENTE LOPEZ S.A.","BSAS_LINEA 148","SI","COLECTIVO","NACIONAL","JN","SD",34295,"SI"
2026-09-07,"COMPAÑIA ISLEÑA S.R.L.","BSAS_LINEA302","SI","COLECTIVO","PROVINCIAL","BUENOS AIRES","SN",16014,"SI"
2026-09-07,"COMPAÑIA ISLEÑA S.R.L.","BSAS_LINEA303","SI","COLECTIVO","PROVINCIAL","BUENOS AIRES","SN",25032,"SI"
2026-09-07,"TRANPORTES VEINTIDOS DE SETIEMBRE S.A.C.","BSAS_LINEA_002","SI","COLECTIVO","NACIONAL","JN","SD",28583,"SI"
2026-09-07,"GENERAL TOMAS GUIDO S.A.C.I.F.","BSAS_LINEA_009","SI","COLECTIVO","NACIONAL","JN","SD",30075,"SI"
2026-09-07,"LINEA 10 S.A.","BSAS_LINEA_010","SI","COLECTIVO","NACIONAL","JN","SD",28355,"SI"
2026-09-07,"TRANSPORTES SUR-NOR C.I.S.A.","BSAS_LINEA_015","SI","COLECTIVO","NACIONAL","JN","SD",34572,"SI"
2026-09-07,"LINEA 17 S.A.","BSAS_LINEA_017","SI","COLECTIVO","NACIONAL","JN","SD",39972,"SI"
2026-09-07,"MICROOMNIBUS SAAVEDRA S.A.T.A.C.I.","BSAS_LINEA_019","SI","COLECTIVO","NACIONAL","JN","SD",20127,"SI"
2026-09-07,"TRANSPORTE LARRAZABAL C.I.S.A.","BSAS_LINEA_020","SI","COLECTIVO","NACIONAL","JN","SD",15919,"SI"
2026-09-07,"EMPRESA DE TRANSP. TTE. GRAL. ROCA S.A","BSAS_LINEA_021","SI","COLECTIVO","NACIONAL","JN","SD",65864,"SI"
2026-09-07,"LINEA 22 S.A.","BSAS_LINEA_022","SI","COLECTIVO","NACIONAL","JN","SD",9169,"SI"
2026-09-07,"EMP.TRANSP.AUTOM.DE PASAJEROS S.A.C.I.F.","BSAS_LINEA_024","SI","COLECTIVO","NACIONAL","JN","SD",47147,"SI"
2026-09-07,"EMP.DE TRANSP. PEDRO DE MENDOZA C.I.S.A.","BSAS_LINEA_029","SI","COLECTIVO","NACIONAL","JN","SD",31226,"SI"
2026-09-07,"EL PUENTE S.A.T.","BSAS_LINEA_032","SI","COLECTIVO","NACIONAL","JN","SD",13902,"SI"
2026-09-07,"4 DE SEPTIEMBRE S.A.T.C.P.","BSAS_LINEA_037","SI","COLECTIVO","NACIONAL","JN","SD",38793,"SI"
2026-09-07,"AZUL S.A. DE TRANSPORTE AUTOMOTOR","BSAS_LINEA_041","SI","COLECTIVO","NACIONAL","JN","SD",37452,"SI"
2026-09-07,"MICROOMNIBUS CUARENTA Y CINCO S.A.C.I.F.","BSAS_LINEA_045","SI","COLECTIVO","NACIONAL","JN","SD",32561,"SI"
2026-09-07,"UNION TRANSPORTISTAS DE EMPRESAS SA","BSAS_LINEA_046","SI","COLECTIVO","NACIONAL","JN","SD",22475,"SI"
2026-09-07,"BUENOS AIRES BUS SOCIEDAD ANONIMA","BSAS_LINEA_049","SI","COLECTIVO","NACIONAL","JN","SD",12212,"SI"
2026-09-07,"SAN VICENTE S.A. DE TRANSPORTES","BSAS_LINEA_051","SI","COLECTIVO","NACIONAL","JN","SD",30114,"SI"
2026-09-07,"LINEA 213 S.A. DE TRANSPORTE","BSAS_LINEA_053","SI","COLECTIVO","NACIONAL","JN","SD",47664,"SI"
2026-09-07,"ALMAFUERTE S.A.T.A.C.I.","BSAS_LINEA_055","SI","COLECTIVO","NACIONAL","JN","SD",21021,"SI"
2026-09-07,"TRANSPORTES LOPE DE VEGA S.A.C.I.","BSAS_LINEA_056","SI","COLECTIVO","NACIONAL","JN","SD",8574,"SI"
2026-09-07,"TRANSPORTES ATLANTIDA S.A.C.","BSAS_LINEA_057","SI","COLECTIVO","NACIONAL","JN","SD",45724,"SI"
2026-09-07,"MICROOMNIBUS CIUDAD DE BS.AS. S.A.T.C.I","BSAS_LINEA_059","SI","COLECTIVO","NACIONAL","JN","SD",49055,"SI"
2026-09-07,"MICRO OMNIBUS NORTE S.A.","BSAS_LINEA_060","SI","COLECTIVO","NACIONAL","JN","SD",118133,"SI"
2026-09-07,"BERNARDINO RIVADAVIA S.A.T.A.","BSAS_LINEA_063","SI","COLECTIVO","NACIONAL","JN","SD",24549,"SI"
2026-09-07,"TRANSPORTES DEL TEJAR S.A.","BSAS_LINEA_067","SI","COLECTIVO","NACIONAL","JN","SD",34889,"SI"
2026-09-07,"TRANSPORTES 270 S.A.","BSAS_LINEA_070","SI","COLECTIVO","NACIONAL","JN","SD",20866,"SI"
2026-09-07,"LINEA 71 S.A.","BSAS_LINEA_071","SI","COLECTIVO","NACIONAL","JN","SD",43964,"SI"
2026-09-07,"SAN VICENTE S.A. DE TRANSPORTES","BSAS_LINEA_074","SI","COLECTIVO","NACIONAL","JN","SD",20372,"SI"
2026-09-07,"LOS CONSTITUYENTES S.A.T.","BSAS_LINEA_078","SI","COLECTIVO","NACIONAL","JN","SD",31650,"SI"
2026-09-07,"SAN VICENTE S.A. DE TRANSPORTES","BSAS_LINEA_079","SI","COLECTIVO","NACIONAL","JN","SD",27230,"SI"
2026-09-07,"TRANSPORTES NUEVA CHICAGO C.I.S.A.","BSAS_LINEA_080","SI","COLECTIVO","NACIONAL","JN","SD",36131,"SI"
2026-09-07,"SOCIEDAD ANONIMA EXPRESO SUDOESTE","BSAS_LINEA_085","SI","COLECTIVO","NACIONAL","JN","SD",52637,"SI"
2026-09-07,"D.U.V.I. SOCIEDAD ANONIMA","BSAS_LINEA_086","SI","COLECTIVO","NACIONAL","JN","SD",15324,"SI"
2026-09-07,"LOS CONSTITUYENTES S.A.T.","BSAS_LINEA_087","SI","COLECTIVO","NACIONAL","JN","SD",23922,"SI"
2026-09-07,"LINEA EXPRESO LINIERS S.A.I.Y C.","BSAS_LINEA_088","SI","COLECTIVO","NACIONAL","JN","SD",18647,"SI"
2026-09-07,"TRANSPORTES LOPE DE VEGA S.A.C.I.","BSAS_LINEA_091","SI","COLECTIVO","NACIONAL","JN","SD",23393,"SI"
2026-09-07,"EMP.DE TRANSP.MICROOMN.SAENZ PEÑA S.R.L.","BSAS_LINEA_092","SI","COLECTIVO","NACIONAL","JN","SD",1171,"SI"
2026-09-07,"TRANSPORTES 1º SEPTIEMBRE S.A.","BSAS_LINEA_093","SI","COLECTIVO","NACIONAL","JN","SD",10314,"SI"
2026-09-07,"EMPRESA ANTARTIDA ARGENTINA S.A.T.","BSAS_LINEA_095","SI","COLECTIVO","NACIONAL","JN","SD",19241,"SI"
2026-09-07,"TRANSPORTE IDEAL SAN JUSTO S.A.","BSAS_LINEA_096","SI","COLECTIVO","NACIONAL","JN","SD",41674,"SI"
2026-09-07,"BUS DEL OESTE S.A.","BSAS_LINEA_097","SI","COLECTIVO","NACIONAL","JN","SD",10646,"SI"
2026-09-07,"EXPRESO QUILMES S.A.","BSAS_LINEA_098","SI","COLECTIVO","NACIONAL","JN","SD",73799,"SI"
2026-09-07,"TRANSPORTES AUTOMOTORES RIACHUELO S.A.","BSAS_LINEA_100","SI","COLECTIVO","NACIONAL","JN","SD",33963,"SI"
2026-09-07,"TRANSPORTES QUIRNO COSTA S.A.C.I.","BSAS_LINEA_103","SI","COLECTIVO","NACIONAL","JN","SD",26719,"SI"
2026-09-07,"EMPRESA DE TRANSPORTES AMERICA S.A.C.I.","BSAS_LINEA_105","SI","COLECTIVO","NACIONAL","JN","SD",34206,"SI"
2026-09-07,"GENERAL PUEYRREDON S.A.T.C.I.","BSAS_LINEA_110","SI","COLECTIVO","NACIONAL","JN","SD",36717,"SI"
2026-09-07,"LOS CONSTITUYENTES S.A.T.","BSAS_LINEA_111","SI","COLECTIVO","NACIONAL","JN","SD",20980,"SI"
2026-09-07,"BERNARDINO RIVADAVIA S.A.T.A.","BSAS_LINEA_113","SI","COLECTIVO","NACIONAL","JN","SD",31799,"SI"
2026-09-07,"LA CENTRAL DE VICENTE LOPEZ S.A.","BSAS_LINEA_114","SI","COLECTIVO","NACIONAL","JN","SD",23942,"SI"
2026-09-07,"TRANSPORTE LARRAZABAL C.I.S.A.","BSAS_LINEA_117","SI","COLECTIVO","NACIONAL","JN","SD",28872,"SI"
2026-09-07,"TRANSPORTES AUTOMOTORES CALLAO S.A.","BSAS_LINEA_124","SI","COLECTIVO","NACIONAL","JN","SD",26303,"SI"
2026-09-07,"CARDENAS S.A. EMPRESA DE TRANSPORTES","BSAS_LINEA_126","SI","COLECTIVO","NACIONAL","JN","SD",32058,"SI"
2026-09-07,"LOS CONSTITUYENTES S.A.T.","BSAS_LINEA_127","SI","COLECTIVO","NACIONAL","JN","SD",24973,"SI"
2026-09-07,"EL PUENTE S.A.T.","BSAS_LINEA_128","SI","COLECTIVO","NACIONAL","JN","SD",22153,"SI"
2026-09-07,"LA CENTRAL DE VICENTE LOPEZ S.A.","BSAS_LINEA_129","SI","COLECTIVO","NACIONAL","JN","SD",10374,"SI"
2026-09-07,"TRANSPORTES AVENIDA BERNARDO ADER S.A.","BSAS_LINEA_130","SI","COLECTIVO","NACIONAL","JN","SD",44461,"SI"
2026-09-07,"MICROOMNIBUS SAAVEDRA S.A.T.A.C.I.","BSAS_LINEA_133","SI","COLECTIVO","NACIONAL","JN","SD",23511,"SI"
2026-09-07,"TRANSPORTES AUTOMOTORES RIACHUELO S.A.","BSAS_LINEA_134","SI","COLECTIVO","NACIONAL","JN","SD",26313,"SI"
2026-09-07,"TRANSPORTES LOPE DE VEGA S.A.C.I.","BSAS_LINEA_135","SI","COLECTIVO","NACIONAL","JN","SD",25449,"SI"
2026-09-07,"SARGENTO CABRAL S.A.DE TRANSPORTE","BSAS_LINEA_136","SI","COLECTIVO","NACIONAL","JN","SD",10005,"SI"
2026-09-07,"MICROOMNIBUS SAAVEDRA S.A.T.A.C.I.","BSAS_LINEA_140","SI","COLECTIVO","NACIONAL","JN","SD",24034,"SI"
2026-09-07,"LA CENTRAL DE VICENTE LOPEZ S.A.","BSAS_LINEA_143","SI","COLECTIVO","NACIONAL","JN","SD",19424,"SI"
2026-09-07,"ROCARAZA S.A.","BSAS_LINEA_146","SI","COLECTIVO","NACIONAL","JN","SD",31262,"SI"
2026-09-07,"NUDO S.A.","BSAS_LINEA_150","SI","COLECTIVO","NACIONAL","JN","SD",25885,"SI"
2026-09-07,"EMPRESA TANDILENSE S.A.C.I.F.I.Y DE S.","BSAS_LINEA_152","SI","COLECTIVO","NACIONAL","JN","SD",80403,"SI"
2026-09-07,"MICROOMNIBUS SAAVEDRA S.A.T.A.C.I.","BSAS_LINEA_153","SI","COLECTIVO","NACIONAL","JN","SD",9266,"SI"
2026-09-07,"MICROOMNIBUS CUARENTA Y CINCO S.A.C.I.F.","BSAS_LINEA_154","SI","COLECTIVO","NACIONAL","JN","SD",1766,"SI"
2026-09-07,"EL PUENTE S.A.T.","BSAS_LINEA_158","SI","COLECTIVO","NACIONAL","JN","SD",17980,"SI"
2026-09-07,"MICRO OMNIBUS QUILMES S.A.C.I. Y F.","BSAS_LINEA_159","SI","COLECTIVO","NACIONAL","JN","SD",51815,"SI"
2026-09-07,"MICRO OMNIBUS SUR S.A.C.","BSAS_LINEA_160","SI","COLECTIVO","NACIONAL","JN","SD",41555,"SI"
2026-09-07,"TRANSPORTE LARRAZABAL C.I.S.A.","BSAS_LINEA_161","SI","COLECTIVO","NACIONAL","JN","SD",42697,"SI"
2026-09-07,"SARGENTO CABRAL S.A.DE TRANSPORTE","BSAS_LINEA_163","SI","COLECTIVO","NACIONAL","JN","SD",4709,"SI"
2026-09-07,"EMPRESA LINEA 216 S.A.T.","BSAS_LINEA_166","SI","COLECTIVO","NACIONAL","JN","SD",33815,"SI"
2026-09-07,"EXPRESO SAN ISIDRO S.A.T.C.I.F.I.","BSAS_LINEA_168","SI","COLECTIVO","NACIONAL","JN","SD",36876,"SI"
2026-09-07,"TRANSPORTE ESCALADA S.A.T.","BSAS_LINEA_169","SI","COLECTIVO","NACIONAL","JN","SD",20401,"SI"
2026-09-07,"LA CABAÑA S.A.","BSAS_LINEA_172","SI","COLECTIVO","NACIONAL","JN","SD",17786,"SI"
2026-09-07,"LA CABAÑA S.A.","BSAS_LINEA_174","SI","COLECTIVO","NACIONAL","JN","SD",27001,"SI"
2026-09-07,"EXPRESO GENERAL SARMIENTO S.A.","BSAS_LINEA_176","SI","COLECTIVO","NACIONAL","JN","SD",62777,"SI"
2026-09-07,"SAN VICENTE S.A. DE TRANSPORTES","BSAS_LINEA_177","SI","COLECTIVO","NACIONAL","JN","SD",24284,"SI"
2026-09-07,"COMPAÑIA MICROOMNIBUS LA COLORADA SACI","BSAS_LINEA_178","SI","COLECTIVO","NACIONAL","JN","SD",42619,"SI"
2026-09-07,"GRUPO LINEA 179 S.A.","BSAS_LINEA_179","SI","COLECTIVO","NACIONAL","JN","SD",10737,"SI"
2026-09-07,"LA VECINAL DE MATANZA SACI. DE MICROOMNIBUS","BSAS_LINEA_180","SI","COLECTIVO","NACIONAL","JN","SD",40732,"SI"
2026-09-07,"TTES.AUTOMOTORES DE PASAJEROS SIGLO XXI SA","BSAS_LINEA_181","SI","COLECTIVO","NACIONAL","JN","SD",20544,"SI"
2026-09-07,"SARGENTO CABRAL S.A.DE TRANSPORTE","BSAS_LINEA_182","SI","COLECTIVO","NACIONAL","JN","SD",46113,"SI"
2026-09-07,"MICROOMNIBUS SAAVEDRA S.A.T.A.C.I.","BSAS_LINEA_184","SI","COLECTIVO","NACIONAL","JN","SD",15276,"SI"
2026-09-07,"TRANSPORTE IDEAL SAN JUSTO S.A.","BSAS_LINEA_185","SI","COLECTIVO","NACIONAL","JN","SD",7913,"SI"
2026-09-07,"TRANSPORTE LARRAZABAL C.I.S.A.","BSAS_LINEA_188","SI","COLECTIVO","NACIONAL","JN","SD",30761,"SI"
2026-09-07,"D.U.V.I. SOCIEDAD ANONIMA","BSAS_LINEA_193","SI","COLECTIVO","NACIONAL","JN","SD",6979,"SI"
2026-09-07,"LA NUEVA METROPOL S.A.","BSAS_LINEA_194","SI","COLECTIVO","NACIONAL","JN","SD",21889,"SI"
2026-09-07,"LA NUEVA METROPOL S.A.","BSAS_LINEA_195","SI","COLECTIVO","NACIONAL","JN","SD",14921,"SI"
2026-09-07,"LA CENTRAL DE VICENTE LOPEZ S.A.","BSAS_LINEA_197","SI","COLECTIVO","NACIONAL","JN","SD",26523,"SI"
2026-09-07,"EMPRESA DE TRANSPORTE DEL SUR SRL","BSAS_LINEA_200","SI","COLECTIVO","PROVINCIAL","BUENOS AIRES","SN",627,"SI"
2026-09-07,"TRANSPORTE LA UNION SA","BSAS_LINEA_202","SI","COLECTIVO","PROVINCIAL","BUENOS AIRES","SN",32047,"SI"
2026-09-07,"AZUL S.A. DE TRANSPORTE AUTOMOTOR","BSAS_LINEA_203","SI","COLECTIVO","PROVINCIAL","BUENOS AIRES","SN",93389,"SI"
2026-09-07,"MICRO OMNIBUS TIGRE S.A.","BSAS_LINEA_204","SI","COLECTIVO","PROVINCIAL","BUENOS AIRES","SN",12149,"SI"
2026-09-07,"LINEA SESENTA SA","BSAS_LINEA_204A","SI","COLECTIVO","PROVINCIAL","BUENOS AIRES","SN",4669,"SI"
2026-09-07,"UNION PLATENSE SRL","BSAS_LINEA_214","SI","COLECTIVO","PROVINCIAL","BUENOS AIRES","SN",20036,"SI"
2026-09-07,"EMPRESA NUEVE DE JULIO S.A.T.","BSAS_LINEA_215","SI","COLECTIVO","PROVINCIAL","BUENOS AIRES","SN",7699,"SI"
2026-09-07,"ALMAFUERTE EMPRESA DE TRANSPORTE S.A.C.I. E I","BSAS_LINEA_218","SI","COLECTIVO","PROVINCIAL","BUENOS AIRES","SN",17873,"SI"
2026-09-07,"MICRO OMNIBUS QUILMES S.A.C.I. Y F.","BSAS_LINEA_219","SI","COLECTIVO","PROVINCIAL","BUENOS AIRES","SN",15801,"SI"
2026-09-07,"EXPRESO ESTEBAN ECHEVERRIA S.R.L.","BSAS_LINEA_222","SI","COLECTIVO","PROVINCIAL","BUENOS AIRES","SN",3963,"SI"
2026-09-07,"EMPRESA NUEVE DE JULIO S.A.T.","BSAS_LINEA_225","SI","COLECTIVO","PROVINCIAL","BUENOS AIRES","SN",1902,"SI"
2026-09-07,"LA NUEVA METROPOL S.A.","BSAS_LINEA_228A","SI","COLECTIVO","PROVINCIAL","BUENOS AIRES","SN",520,"SI"
2026-09-07,"LINEA SESENTA SA","BSAS_LINEA_228B","SI","COLECTIVO","PROVINCIAL","BUENOS AIRES","SN",1104,"SI"
2026-09-07,"MICRO OMNIBUS TIGRE S.A.","BSAS_LINEA_228C","SI","COLECTIVO","PROVINCIAL","BUENOS AIRES","SN",3676,"SI"
2026-09-07,"MICRO OMNIBUS TIGRE S.A.","BSAS_LINEA_228E","SI","COLECTIVO","PROVINCIAL","BUENOS AIRES","SN",4344,"SI"
2026-09-07,"LA CENTRAL DE ESCOBAR SA","BSAS_LINEA_228F","SI","COLECTIVO","PROVINCIAL","BUENOS AIRES","SN",9394,"SI"
2026-09-07,"EMPRESA LINEA 216 S.A.T.","BSAS_LINEA_236","SI","COLECTIVO","PROVINCIAL","BUENOS AIRES","SN",66465,"SI"
2026-09-07,"COMPAÑIA ISLEÑA S.R.L.","BSAS_LINEA_237A","SI","COLECTIVO","PROVINCIAL","BUENOS AIRES","SN",37278,"SI"
2026-09-07,"TRANSPORTES UNIDOS DE MERLO S.A.C.I.I.","BSAS_LINEA_238","SI","COLECTIVO","PROVINCIAL","BUENOS AIRES","SN",18082,"SI"
2026-09-07,"COMPAÑÍA DE OMNIBUS 25 DE MAYO LINEA 278","BSAS_LINEA_239A","SI","COLECTIVO","PROVINCIAL","BUENOS AIRES","SN",13695,"SI"
2026-09-07,"EXPRESO VILLA GALICIA  SAN JOSE S.A.","BSAS_LINEA_239B","SI","COLECTIVO","PROVINCIAL","BUENOS AIRES","SN",5884,"SI"
2026-09-07,"LA CABAÑA S.A.","BSAS_LINEA_242","SI","COLECTIVO","PROVINCIAL","BUENOS AIRES","SN",59762,"SI"
2026-09-07,"EMPRESA DEL OESTE SAT","BSAS_LINEA_244","SI","COLECTIVO","PROVINCIAL","BUENOS AIRES","SN",11555,"SI"
2026-09-07,"EMPRESA MONTE GRANDE S.A. LINEA 501","BSAS_LINEA_245","SI","COLECTIVO","PROVINCIAL","BUENOS AIRES","SN",5652,"SI"
2026-09-07,"EXPRESO NUEVE DE JULIO S.A.","BSAS_LINEA_247","SI","COLECTIVO","PROVINCIAL","BUENOS AIRES","SN",19450,"SI"
2026-09-07,"TRANSPORTE JOSE HERNANDEZ S.A.C.I.","BSAS_LINEA_252","SI","COLECTIVO","PROVINCIAL","BUENOS AIRES","SN",16222,"SI"
2026-09-07,"MICROOMNIBUS SAAVEDRA S.A.T.A.C.I.","BSAS_LINEA_253","SI","COLECTIVO","PROVINCIAL","BUENOS AIRES","SN",282,"SI"
2026-09-07,"TRANSPORTE 11 DE JUNIO S.R.L.","BSAS_LINEA_256","SI","COLECTIVO","PROVINCIAL","BUENOS AIRES","SN",682,"SI"
2026-09-07,"EXPRESO VILLA NUEVA S.A.","BSAS_LINEA_257","SI","COLECTIVO","PROVINCIAL","BUENOS AIRES","SN",15635,"SI"
2026-09-07,"EXPRESO VILLA GALICIA  SAN JOSE S.A.","BSAS_LINEA_263B","SI","COLECTIVO","PROVINCIAL","BUENOS AIRES","SN",15048,"SI"
2026-09-07,"SAN VICENTE S.A. DE TRANSPORTES","BSAS_LINEA_263B","SI","COLECTIVO","PROVINCIAL","BUENOS AIRES","SN",18616,"SI"
2026-09-07,"EMPRESA CIUDAD DE SAN FERNANDO SA","BSAS_LINEA_264","SI","COLECTIVO","PROVINCIAL","BUENOS AIRES","SN",13628,"SI"
2026-09-07,"EXPRESO VILLA GALICIA  SAN JOSE S.A.","BSAS_LINEA_266","SI","COLECTIVO","PROVINCIAL","BUENOS AIRES","SN",45808,"SI"
2026-09-07,"EMPRESA LINEA 216 S.A.T.","BSAS_LINEA_269","SI","COLECTIVO","PROVINCIAL","BUENOS AIRES","SN",43222,"SI"
2026-09-07,"GENERAL TOMAS GUIDO S.A.C.I.F.","BSAS_LINEA_271","SI","COLECTIVO","PROVINCIAL","BUENOS AIRES","SN",33066,"SI"
2026-09-07,"UNION PLATENSE SRL","BSAS_LINEA_273","SI","COLECTIVO","PROVINCIAL","BUENOS AIRES","SN",33197,"SI"
2026-09-07,"FUERTE BARRAGAN S.A.T.I.C.I.","BSAS_LINEA_275","SI","COLECTIVO","PROVINCIAL","BUENOS AIRES","SN",25574,"SI"
2026-09-07,"COMPAÑIA ISLEÑA S.R.L.","BSAS_LINEA_276","SI","COLECTIVO","PROVINCIAL","BUENOS AIRES","SN",27817,"SI"
2026-09-07,"CIA LA PAZ AMADOR MOURE SACIFIYA","BSAS_LINEA_277","SI","COLECTIVO","PROVINCIAL","BUENOS AIRES","SN",6809,"SI"
2026-09-07,"COMPAÑÍA DE OMNIBUS 25 DE MAYO LINEA 278","BSAS_LINEA_278","SI","COLECTIVO","PROVINCIAL","BUENOS AIRES","SN",38684,"SI"
2026-09-07,"COMPAÑÍA DE OMNIBUS 25 DE MAYO LINEA 278","BSAS_LINEA_281","SI","COLECTIVO","PROVINCIAL","BUENOS AIRES","SN",15401,"SI"
2026-09-07,"CIA ANDRADE EMPRESA DE TRANSPORTE DE PASAJEROS SRL","BSAS_LINEA_283","SI","COLECTIVO","PROVINCIAL","BUENOS AIRES","SN",23026,"SI"
2026-09-07,"ALMAFUERTE EMPRESA DE TRANSPORTE S.A.C.I. E I","BSAS_LINEA_284","SI","COLECTIVO","PROVINCIAL","BUENOS AIRES","SN",4493,"SI"
2026-09-07,"TRANSPORTES LA PERLITA S.A. ","BSAS_LINEA_288","SI","COLECTIVO","PROVINCIAL","BUENOS AIRES","SN",8201,"SI"
2026-09-07,"COMPAÑIA NOROESTE S.A.T.","BSAS_LINEA_289","SI","COLECTIVO","PROVINCIAL","BUENOS AIRES","SN",13371,"SI"
2026-09-07,"LA CENTRAL DE ESCOBAR SA","BSAS_LINEA_291","SI","COLECTIVO","PROVINCIAL","BUENOS AIRES","SN",19008,"SI"
2026-09-07,"COMPAÑÍA DE OMNIBUS 25 DE MAYO LINEA 278","BSAS_LINEA_293A","SI","COLECTIVO","PROVINCIAL","BUENOS AIRES","SN",9377,"SI"
2026-09-07,"EXPRESO VILLA GALICIA  SAN JOSE S.A.","BSAS_LINEA_293B","SI","COLECTIVO","PROVINCIAL","BUENOS AIRES","SN",15486,"SI"
2026-09-07,"MICRO OMNIBUS O´HIGGINS S.A.T.","BSAS_LINEA_295","SI","COLECTIVO","PROVINCIAL","BUENOS AIRES","SN",16598,"SI"
2026-09-07,"TRANSPORTES UNIDOS DE MERLO S.A.C.I.I.","BSAS_LINEA_297","SI","COLECTIVO","PROVINCIAL","BUENOS AIRES","SN",10828,"SI"
2026-09-07,"LA CABAÑA S.A.","BSAS_LINEA_298","SI","COLECTIVO","PROVINCIAL","BUENOS AIRES","SN",24256,"SI"
2026-09-07,"GENERAL TOMAS GUIDO S.A.C.I.F.","BSAS_LINEA_299","SI","COLECTIVO","PROVINCIAL","BUENOS AIRES","SN",17763,"SI"
2026-09-07,"MICRO OMNIBUS QUILMES S.A.C.I. Y F.","BSAS_LINEA_300","SI","COLECTIVO","PROVINCIAL","BUENOS AIRES","SN",10307,"SI"
2026-09-07,"COMPAÑIA NOROESTE S.A.T.","BSAS_LINEA_304","SI","COLECTIVO","PROVINCIAL","BUENOS AIRES","SN",37484,"SI"
2026-09-07,"EXPRESO ESTEBAN ECHEVERRIA S.R.L.","BSAS_LINEA_306","SI","COLECTIVO","PROVINCIAL","BUENOS AIRES","SN",40277,"SI"
2026-09-07,"EMPRESA LINEA SIETE SAT","BSAS_LINEA_307","SI","COLECTIVO","PROVINCIAL","BUENOS AIRES","SN",30727,"SI"
2026-09-07,"ROCARAZA S.A.","BSAS_LINEA_31","SI","COLECTIVO","NACIONAL","JN","SD",37852,"SI"
2026-09-07,"COMPAÑIA ISLEÑA S.R.L.","BSAS_LINEA_310","SI","COLECTIVO","PROVINCIAL","BUENOS AIRES","SN",4314,"SI"
2026-09-07,"TRANSPORTES LA PERLITA S.A. ","BSAS_LINEA_311","SI","COLECTIVO","PROVINCIAL","BUENOS AIRES","SN",20369,"SI"
2026-09-07,"TRANSPORTES LA PERLITA S.A. ","BSAS_LINEA_312","SI","COLECTIVO","PROVINCIAL","BUENOS AIRES","SN",13974,"SI"
2026-09-07,"RUTA BUS S.A.","BSAS_LINEA_313","SI","COLECTIVO","PROVINCIAL","BUENOS AIRES","SN",3254,"SI"
2026-09-07,"LA PRIMERA DE MARTINEZ S.A","BSAS_LINEA_314","SI","COLECTIVO","PROVINCIAL","BUENOS AIRES","SN",42119,"SI"
2026-09-07,"LA PRIMERA DE GRAND BOURG S.A.","BSAS_LINEA_315","SI","COLECTIVO","PROVINCIAL","BUENOS AIRES","SN",17722,"SI"
2026-09-07,"LA CABAÑA S.A.","BSAS_LINEA_317","SI","COLECTIVO","PROVINCIAL","BUENOS AIRES","SN",16018,"SI"
2026-09-07,"MICRO OMNIBUS MITRE S.A.","BSAS_LINEA_318","SI","COLECTIVO","PROVINCIAL","BUENOS AIRES","SN",34383,"SI"
2026-09-07,"EMPRESA DEL OESTE SAT","BSAS_LINEA_320","SI","COLECTIVO","PROVINCIAL","BUENOS AIRES","SN",4517,"SI"
2026-09-07,"MICROOMNIBUS SAAVEDRA S.A.T.A.C.I.","BSAS_LINEA_321","SI","COLECTIVO","PROVINCIAL","BUENOS AIRES","SN",8179,"SI"
2026-09-07,"LIBERTADOR SAN MARTIN SAT","BSAS_LINEA_322","SI","COLECTIVO","PROVINCIAL","BUENOS AIRES","SN",21949,"SI"
2026-09-07,"COMPAÑÍA DE OMNIBUS 25 DE MAYO LINEA 278","BSAS_LINEA_323","SI","COLECTIVO","PROVINCIAL","BUENOS AIRES","SN",20278,"SI"
2026-09-07,"MICRO OMNIBUS PRIMERA JUNTA S.A","BSAS_LINEA_324","SI","COLECTIVO","PROVINCIAL","BUENOS AIRES","SN",83129,"SI"
2026-09-07,"ALMAFUERTE EMPRESA DE TRANSPORTE S.A.C.I. E I","BSAS_LINEA_325","SI","COLECTIVO","PROVINCIAL","BUENOS AIRES","SN",7281,"SI"
2026-09-07,"LIBERTADOR SAN MARTIN SAT","BSAS_LINEA_327","SI","COLECTIVO","PROVINCIAL","BUENOS AIRES","SN",20807,"SI"
2026-09-07,"TRANSPORTES VILLA BOSCH SAC el","BSAS_LINEA_328","SI","COLECTIVO","PROVINCIAL","BUENOS AIRES","SN",26196,"SI"
2026-09-07,"TRANSPORTES LA PERLITA S.A. ","BSAS_LINEA_329","SI","COLECTIVO","PROVINCIAL","BUENOS AIRES","SN",9866,"SI"
2026-09-07,"LIBERTADOR SAN MARTIN SAT","BSAS_LINEA_336","SI","COLECTIVO","PROVINCIAL","BUENOS AIRES","SN",6640,"SI"
2026-09-07,"TRANSPORTE AUTOMOTORES LA PLATA SA","BSAS_LINEA_338","SI","COLECTIVO","PROVINCIAL","BUENOS AIRES","SN",40206,"SI"
2026-09-07,"EXPRESO PARQUE EL LUCERO S.A. DE TRANSPORTES","BSAS_LINEA_341","SI","COLECTIVO","PROVINCIAL","BUENOS AIRES","SN",22932,"SI"
2026-09-07,"COMPAÑIA NOROESTE S.A.T.","BSAS_LINEA_343","SI","COLECTIVO","PROVINCIAL","BUENOS AIRES","SN",43946,"SI"
2026-09-07,"RUTA BUS S.A.","BSAS_LINEA_350","SI","COLECTIVO","PROVINCIAL","BUENOS AIRES","SN",17882,"SI"
2026-09-07,"TRANSPORTES AUTOMOTORES  LANUS ESTE S.A.","BSAS_LINEA_354","SI","COLECTIVO","PROVINCIAL","BUENOS AIRES","SN",28847,"SI"
2026-09-07,"RUTA BUS S.A.","BSAS_LINEA_355","SI","COLECTIVO","PROVINCIAL","BUENOS AIRES","SN",2436,"SI"
2026-09-07,"LA NUEVA METROPOL S.A.","BSAS_LINEA_365","SI","COLECTIVO","PROVINCIAL","BUENOS AIRES","SN",92582,"SI"
2026-09-07,"SAN VICENTE S.A. DE TRANSPORTES","BSAS_LINEA_370","SI","COLECTIVO","PROVINCIAL","BUENOS AIRES","SN",9115,"SI"
2026-09-07,"EMPRESA CIUDAD DE SAN FERNANDO SA","BSAS_LINEA_371","SI","COLECTIVO","PROVINCIAL","BUENOS AIRES","SN",31430,"SI"
2026-09-07,"MICRO OMNIBUS QUILMES S.A.C.I. Y F.","BSAS_LINEA_372","SI","COLECTIVO","PROVINCIAL","BUENOS AIRES","SN",5292,"SI"
2026-09-07,"GENERAL TOMAS GUIDO S.A.C.I.F.","BSAS_LINEA_373","SI","COLECTIVO","PROVINCIAL","BUENOS AIRES","SN",15912,"SI"
2026-09-07,"ALMAFUERTE EMPRESA DE TRANSPORTE S.A.C.I. E I","BSAS_LINEA_378","SI","COLECTIVO","PROVINCIAL","BUENOS AIRES","SN",28367,"SI"
2026-09-07,"EXPRESO PARQUE EL LUCERO S.A. DE TRANSPORTES","BSAS_LINEA_379","SI","COLECTIVO","PROVINCIAL","BUENOS AIRES","SN",11685,"SI"
2026-09-07,"NUEVO IDEAL S.A.","BSAS_LINEA_382","SI","COLECTIVO","PROVINCIAL","BUENOS AIRES","SN",18361,"SI"
2026-09-07,"TRANSPORTES SAN JUAN BAUTISTA S.A.","BSAS_LINEA_383","SI","COLECTIVO","PROVINCIAL","BUENOS AIRES","SN",14760,"SI"
2026-09-07,"GENERAL TOMAS GUIDO S.A.C.I.F.","BSAS_LINEA_384","SI","COLECTIVO","PROVINCIAL","BUENOS AIRES","SN",8166,"SI"
2026-09-07,"SAN VICENTE S.A. DE TRANSPORTES","BSAS_LINEA_385","SI","COLECTIVO","PROVINCIAL","BUENOS AIRES","SN",13148,"SI"
2026-09-07,"COMPAÑIA  DE TRANSPORTE VECINAL S.A.","BSAS_LINEA_386","SI","COLECTIVO","PROVINCIAL","BUENOS AIRES","SN",1638,"SI"
2026-09-07,"SAN VICENTE S.A. DE TRANSPORTES","BSAS_LINEA_388","SI","COLECTIVO","PROVINCIAL","BUENOS AIRES","SN",3432,"SI"
2026-09-07,"EMPRESA DEL OESTE SAT","BSAS_LINEA_390","SI","COLECTIVO","PROVINCIAL","BUENOS AIRES","SN",9198,"SI"
2026-09-07,"EXPRESO PARQUE EL LUCERO S.A. DE TRANSPORTES","BSAS_LINEA_391","SI","COLECTIVO","PROVINCIAL","BUENOS AIRES","SN",17597,"SI"
2026-09-07,"LIBERTADOR SAN MARTIN SAT","BSAS_LINEA_392","SI","COLECTIVO","PROVINCIAL","BUENOS AIRES","SN",7228,"SI"
2026-09-07,"EMPRESA MONTE GRANDE S.A. LINEA 501","BSAS_LINEA_394","SI","COLECTIVO","PROVINCIAL","BUENOS AIRES","SN",13198,"SI"
2026-09-07,"EMPRESA LINEA 216 S.A.T.","BSAS_LINEA_395","SI","COLECTIVO","PROVINCIAL","BUENOS AIRES","SN",11221,"SI"
2026-09-07,"SAN VICENTE S.A. DE TRANSPORTES","BSAS_LINEA_403","SI","COLECTIVO","PROVINCIAL","BUENOS AIRES","SN",169,"SI"
2026-09-07,"EMPRESA DE TRANSPORTE DEL SUR SRL","BSAS_LINEA_404","SI","COLECTIVO","PROVINCIAL","BUENOS AIRES","SN",19523,"SI"
2026-09-07,"MICRO OMNIBUS AVENIDA S.A.","BSAS_LINEA_405","SI","COLECTIVO","PROVINCIAL","BUENOS AIRES","SN",14968,"SI"
2026-09-07,"TRANSPORTE AUTOMOTORES LA PLATA SA","BSAS_LINEA_406","SI","COLECTIVO","PROVINCIAL","BUENOS AIRES","SN",18387,"SI"
2026-09-07,"EMPRESA NUEVE DE JULIO S.A.T.","BSAS_LINEA_414","SI","COLECTIVO","PROVINCIAL","BUENOS AIRES","SN",1651,"SI"
2026-09-07,"UNION PLATENSE SRL","BSAS_LINEA_418","SI","COLECTIVO","PROVINCIAL","BUENOS AIRES","SN",756,"SI"
2026-09-07,"TRANSPORTES LA PERLITA S.A. ","BSAS_LINEA_422","SI","COLECTIVO","PROVINCIAL","BUENOS AIRES","SN",15731,"SI"
2026-09-07,"LINEA SESENTA SA","BSAS_LINEA_430","SI","COLECTIVO","PROVINCIAL","BUENOS AIRES","SN",2766,"SI"
2026-09-07,"SAN VICENTE S.A. DE TRANSPORTES","BSAS_LINEA_435","SI","COLECTIVO","PROVINCIAL","BUENOS AIRES","SN",2863,"SI"
2026-09-07,"EXPRESO VILLA GALICIA  SAN JOSE S.A.","BSAS_LINEA_436","SI","COLECTIVO","PROVINCIAL","BUENOS AIRES","SN",13077,"SI"
2026-09-07,"LA PRIMERA DE GRAND BOURG S.A.","BSAS_LINEA_440","SI","COLECTIVO","PROVINCIAL","BUENOS AIRES","SN",79419,"SI"
2026-09-07,"EMPRESA LINEA 216 S.A.T.","BSAS_LINEA_441","SI","COLECTIVO","PROVINCIAL","BUENOS AIRES","SN",11341,"SI"
2026-09-07,"EMPRESA LINEA 216 S.A.T.","BSAS_LINEA_443","SI","COLECTIVO","PROVINCIAL","BUENOS AIRES","SN",1113,"SI"
2026-09-07,"EMPRESA DEL OESTE SAT","BSAS_LINEA_443A","SI","COLECTIVO","PROVINCIAL","BUENOS AIRES","SN",6839,"SI"
2026-09-07,"EMPRESA CIUDAD DE SAN FERNANDO SA","BSAS_LINEA_445","SI","COLECTIVO","PROVINCIAL","BUENOS AIRES","SN",4441,"SI"
2026-09-07,"EXPRESO GENERAL SARMIENTO S.A.","BSAS_LINEA_448","SI","COLECTIVO","PROVINCIAL","BUENOS AIRES","SN",39740,"SI"
2026-09-07,"EMPRESA DE TRANSPORTES EL LITORAL S.A.","BSAS_LINEA_449","SI","COLECTIVO","PROVINCIAL","BUENOS AIRES","SN",12580,"SI"
2026-09-07,"EMPRESA DEL OESTE SAT","BSAS_LINEA_461","SI","COLECTIVO","PROVINCIAL","BUENOS AIRES","SN",6007,"SI"
2026-09-07,"EMPRESA DEL OESTE SAT","BSAS_LINEA_462","SI","COLECTIVO","PROVINCIAL","BUENOS AIRES","SN",3414,"SI"
2026-09-07,"EMPRESA DEL OESTE SAT","BSAS_LINEA_463","SI","COLECTIVO","PROVINCIAL","BUENOS AIRES","SN",14556,"SI"
2026-09-07,"EMPRESA DEL OESTE SAT","BSAS_LINEA_464","SI","COLECTIVO","PROVINCIAL","BUENOS AIRES","SN",9665,"SI"
2026-09-07,"TRANSPORTES LA PERLITA S.A. ","BSAS_LINEA_500","SI","COLECTIVO","MUNICIPAL","BUENOS AIRES","GENERAL RODRIGUEZ",17537,"SI"
2026-09-07,"EMPRESA DE TRANSPORTES SANTA RITA  SRL","BSAS_LINEA_500B","SI","COLECTIVO","MUNICIPAL","BUENOS AIRES","BRANDSEN",1398,"SI"
2026-09-07,"TRANSPORTE 11 DE JUNIO S.R.L.","BSAS_LINEA_500C","SI","COLECTIVO","MUNICIPAL","BUENOS AIRES","LUJAN",1022,"SI"
2026-09-07,"TRANSPORTES UNIDOS DE MERLO S.A.C.I.I.","BSAS_LINEA_500D","SI","COLECTIVO","MUNICIPAL","BUENOS AIRES","MERLO",37045,"SI"
2026-09-07,"COOPERATIVA DE TRABAJO 6 DE JULIO LIMITADA","BSAS_LINEA_501","SI","COLECTIVO","MUNICIPAL","BUENOS AIRES","CAMPANA",152,"SI"
2026-09-07,"EMPRESA TRANSPORTE TRATADO DEL PILAR S.R.L.","BSAS_LINEA_501B","SI","COLECTIVO","MUNICIPAL","BUENOS AIRES","PILAR",10589,"SI"
2026-09-07,"EMPRESA MONTE GRANDE S.A. LINEA 501","BSAS_LINEA_501C","SI","COLECTIVO","MUNICIPAL","BUENOS AIRES","ESTEBAN ECHEVERRIA",55607,"SI"
2026-09-07,"EXPRESO EMPALME LOBOS S.R.L.","BSAS_LINEA_501D","SI","COLECTIVO","MUNICIPAL","BUENOS AIRES","LOBOS",1916,"SI"
2026-09-07,"MICRO OMNIBUS PRIMERA JUNTA S.A","BSAS_LINEA_501E","SI","COLECTIVO","MUNICIPAL","BUENOS AIRES","FLORENCIO VARELA",3013,"SI"
2026-09-07,"TRANSPORTE 11 DE JUNIO S.R.L.","BSAS_LINEA_501F","SI","COLECTIVO","MUNICIPAL","BUENOS AIRES","LUJAN",2946,"SI"
2026-09-07,"TRANSPORTES LA PERLITA S.A. ","BSAS_LINEA_501G","SI","COLECTIVO","MUNICIPAL","BUENOS AIRES","MORENO",130899,"SI"
2026-09-07,"RUTA BUS S.A.","BSAS_LINEA_501H","SI","COLECTIVO","MUNICIPAL","BUENOS AIRES","EXALTACION DE LA CRUZ",2265,"SI"
2026-09-07,"LA PRIMERA DE MALVINAS ARGENTINAS UTE","BSAS_LINEA_501I","SI","COLECTIVO","MUNICIPAL","BUENOS AIRES","MALVINAS ARGENTINAS",8426,"SI"
2026-09-07,"LINEA EXPRESO LINIERS S.A.I.Y C.","BSAS_LINEA_502","SI","COLECTIVO","MUNICIPAL","BUENOS AIRES","CAÑUELAS",1757,"SI"
2026-09-07,"UNION PLATENSE SRL","BSAS_LINEA_502_SUR","SI","COLECTIVO","MUNICIPAL","BUENOS AIRES","LA PLATA",8191,"SI"
2026-09-07,"EXPRESO EMPALME LOBOS S.R.L.","BSAS_LINEA_502A","SI","COLECTIVO","MUNICIPAL","BUENOS AIRES","LOBOS",98,"SI"
2026-09-07,"TRANSPORTE 11 DE JUNIO S.R.L.","BSAS_LINEA_502B","SI","COLECTIVO","MUNICIPAL","BUENOS AIRES","LUJAN",1406,"SI"
2026-09-07,"EMPRESA TRANSPORTE TRATADO DEL PILAR S.R.L.","BSAS_LINEA_503","SI","COLECTIVO","MUNICIPAL","BUENOS AIRES","PILAR",3835,"SI"
2026-09-07,"MICROEXPRES S.A.","BSAS_LINEA_503_ESTE","SI","COLECTIVO","MUNICIPAL","BUENOS AIRES","LA PLATA",6620,"SI"
2026-09-07,"UNION TRANSITORIA COSA CIA TRANSPORTE VECINAL U.T.","BSAS_LINEA_503A","SI","COLECTIVO","MUNICIPAL","BUENOS AIRES","MERLO",35340,"SI"
2026-09-07,"SAN VICENTE S.A. DE TRANSPORTES","BSAS_LINEA_503C","SI","COLECTIVO","MUNICIPAL","BUENOS AIRES","SAN VICENTE",3203,"SI"
2026-09-07,"EXPRESO LA PLATA BUENOS AIRES S.A.","BSAS_LINEA_503E","SI","COLECTIVO","MUNICIPAL","BUENOS AIRES","LA PLATA",23191,"SI"
2026-09-07,"TRANSPORTE 11 DE JUNIO S.R.L.","BSAS_LINEA_503E","SI","COLECTIVO","MUNICIPAL","BUENOS AIRES","LUJAN",1632,"SI"
2026-09-07,"EMPRESA LINEA 216 S.A.T.","BSAS_LINEA_504A","SI","COLECTIVO","MUNICIPAL","BUENOS AIRES","MERLO",42470,"SI"
2026-09-07,"MICRO OMNIBUS PRIMERA JUNTA S.A","BSAS_LINEA_504C","SI","COLECTIVO","MUNICIPAL","BUENOS AIRES","FLORENCIO VARELA",3917,"SI"
2026-09-07,"MICRO OMNIBUS TIGRE S.A.","BSAS_LINEA_505A","SI","COLECTIVO","MUNICIPAL","BUENOS AIRES","ESCOBAR",464,"SI"
2026-09-07,"MICRO OMNIBUS TIGRE S.A.","BSAS_LINEA_505C","SI","COLECTIVO","MUNICIPAL","BUENOS AIRES","CAMPANA",446,"SI"
2026-09-07,"COMPAÑIA MICROOMNIBUS LA COLORADA SACI","BSAS_LINEA_505D","SI","COLECTIVO","MUNICIPAL","BUENOS AIRES","FLORENCIO VARELA",10333,"SI"
2026-09-07,"EMPRESA MONTERREY S.R.L.","BSAS_LINEA_506A","SI","COLECTIVO","MUNICIPAL","BUENOS AIRES","PILAR",4756,"SI"
2026-09-07,"MICRO OMNIBUS TIGRE S.A.","BSAS_LINEA_506B","SI","COLECTIVO","MUNICIPAL","BUENOS AIRES","ESCOBAR",932,"SI"
2026-09-07,"SAN VICENTE S.A. DE TRANSPORTES","BSAS_LINEA_507","SI","COLECTIVO","MUNICIPAL","BUENOS AIRES","FLORENCIO VARELA",3918,"SI"
2026-09-07,"MICRO OMNIBUS TIGRE S.A.","BSAS_LINEA_508A","SI","COLECTIVO","MUNICIPAL","BUENOS AIRES","ESCOBAR",5690,"SI"
2026-09-07,"EMPRESA NUEVE DE JULIO S.A.T.","BSAS_LINEA_508C","SI","COLECTIVO","MUNICIPAL","BUENOS AIRES","LA PLATA",1039,"SI"
2026-09-07,"LA PRIMERA DE LA ESCONDIDA SRL","BSAS_LINEA_509","SI","COLECTIVO","MUNICIPAL","BUENOS AIRES","PILAR",4907,"SI"
2026-09-07,"LINEA SESENTA SA","BSAS_LINEA_509D","SI","COLECTIVO","MUNICIPAL","BUENOS AIRES","ESCOBAR",2664,"SI"
2026-09-07,"EXPRESO VILLA GALICIA  SAN JOSE S.A.","BSAS_LINEA_510A","SI","COLECTIVO","MUNICIPAL","BUENOS AIRES","ALMIRANTE BROWN",4135,"SI"
2026-09-07,"PILARBUS SA","BSAS_LINEA_510B","SI","COLECTIVO","MUNICIPAL","BUENOS AIRES","PILAR",17523,"SI"
2026-09-07,"SAN VICENTE S.A. DE TRANSPORTES","BSAS_LINEA_511","SI","COLECTIVO","MUNICIPAL","BUENOS AIRES","FLORENCIO VARELA",1168,"SI"
2026-09-07,"RUTA BUS S.A.","BSAS_LINEA_511","SI","COLECTIVO","MUNICIPAL","BUENOS AIRES","PILAR",11929,"SI"
2026-09-07,"MICRO OMNIBUS TIGRE S.A.","BSAS_LINEA_511A","SI","COLECTIVO","MUNICIPAL","BUENOS AIRES","ESCOBAR",41,"SI"
2026-09-07,"SAN VICENTE S.A. DE TRANSPORTES","BSAS_LINEA_512","SI","COLECTIVO","MUNICIPAL","BUENOS AIRES","FLORENCIO VARELA",5399,"SI"
2026-09-07,"SAN VICENTE S.A. DE TRANSPORTES","BSAS_LINEA_513","SI","COLECTIVO","MUNICIPAL","BUENOS AIRES","FLORENCIO VARELA",5374,"SI"
2026-09-07,"MICRO OMNIBUS AVENIDA S.A.","BSAS_LINEA_514","SI","COLECTIVO","MUNICIPAL","BUENOS AIRES","ALMIRANTE BROWN",25552,"SI"
2026-09-07,"TRANSPORTE DEL SUR S.R.L.","BSAS_LINEA_515","SI","COLECTIVO","MUNICIPAL","BUENOS AIRES","ALMIRANTE BROWN",19572,"SI"
2026-09-07,"EMPRESA J.M. EZEIZA S.R.L.","BSAS_LINEA_518","SI","COLECTIVO","MUNICIPAL","BUENOS AIRES","EZEIZA",25832,"SI"
2026-09-07,"EXPRESO LA PLATA BUENOS AIRES S.A.","BSAS_LINEA_518","SI","COLECTIVO","MUNICIPAL","BUENOS AIRES","LA PLATA",887,"SI"
2026-09-07,"LA CENTRAL DE ESCOBAR SA","BSAS_LINEA_520A","SI","COLECTIVO","MUNICIPAL","BUENOS AIRES","PILAR",18128,"SI"
2026-09-07,"MICRO OMNIBUS AVENIDA S.A.","BSAS_LINEA_520B","SI","COLECTIVO","MUNICIPAL","BUENOS AIRES","LANUS",12950,"SI"
2026-09-07,"UNION PLATENSE SRL","BSAS_LINEA_520C","SI","COLECTIVO","MUNICIPAL","BUENOS AIRES","LA PLATA",7946,"SI"
2026-09-07,"CIA ANDRADE EMPRESA DE TRANSPORTE DE PASAJEROS SRL","BSAS_LINEA_523","SI","COLECTIVO","MUNICIPAL","BUENOS AIRES","LANUS",5301,"SI"
2026-09-07,"EMPRESA CINCO DE AGOSTO S.R.L.","BSAS_LINEA_524","SI","COLECTIVO","MUNICIPAL","BUENOS AIRES","LANUS",8682,"SI"
2026-09-07,"EMPRESA DE TRANSPORTE 12 DE OCTUBRE S R L","BSAS_LINEA_531","NO","COLECTIVO","MUNICIPAL","BUENOS AIRES","GENERAL PUEYRREDON",12265,"SI"
2026-09-07,"EMPRESA DE TRANSPORTE 12 DE OCTUBRE S R L","BSAS_LINEA_532","NO","COLECTIVO","MUNICIPAL","BUENOS AIRES","GENERAL PUEYRREDON",6349,"SI"
2026-09-07,"EMPRESA DE TRANSPORTE 12 DE OCTUBRE S R L","BSAS_LINEA_533","NO","COLECTIVO","MUNICIPAL","BUENOS AIRES","GENERAL PUEYRREDON",556,"SI"
2026-09-07,"YITOS S.A.","BSAS_LINEA_541","SI","COLECTIVO","MUNICIPAL","BUENOS AIRES","LOMAS DE ZAMORA",6710,"SI"
2026-09-07,"YITOS S.A.","BSAS_LINEA_543","SI","COLECTIVO","MUNICIPAL","BUENOS AIRES","LOMAS DE ZAMORA",12867,"SI"
2026-09-07,"YITOS S.A.","BSAS_LINEA_544","SI","COLECTIVO","MUNICIPAL","BUENOS AIRES","LOMAS DE ZAMORA",12758,"SI"
2026-09-07,"YITOS S.A.","BSAS_LINEA_549","SI","COLECTIVO","MUNICIPAL","BUENOS AIRES","LOMAS DE ZAMORA",2455,"SI"
2026-09-07,"YITOS S.A.","BSAS_LINEA_561","SI","COLECTIVO","MUNICIPAL","BUENOS AIRES","LOMAS DE ZAMORA",3168,"SI"
2026-09-07,"EMPRESA NUEVE DE JULIO S.A.T.","BSAS_LINEA_561B","SI","COLECTIVO","MUNICIPAL","BUENOS AIRES","LA PLATA",1284,"SI"
2026-09-07,"YITOS S.A.","BSAS_LINEA_562","SI","COLECTIVO","MUNICIPAL","BUENOS AIRES","LOMAS DE ZAMORA",3125,"SI"
2026-09-07,"EXPRESO VILLA GALICIA  SAN JOSE S.A.","BSAS_LINEA_564","SI","COLECTIVO","MUNICIPAL","BUENOS AIRES","LOMAS DE ZAMORA",11394,"SI"
2026-09-07,"EXPRESO VILLA NUEVA S.A.","BSAS_LINEA_580","SI","COLECTIVO","MUNICIPAL","BUENOS AIRES","QUILMES",3054,"SI"
2026-09-07,"EXPRESO VILLA NUEVA S.A.","BSAS_LINEA_582","SI","COLECTIVO","MUNICIPAL","BUENOS AIRES","QUILMES",10170,"SI"
2026-09-07,"MICRO OMNIBUS PRIMERA JUNTA S.A","BSAS_LINEA_583","SI","COLECTIVO","MUNICIPAL","BUENOS AIRES","QUILMES",10859,"SI"
2026-09-07,"MICRO OMNIBUS QUILMES S.A.C.I. Y F.","BSAS_LINEA_584","SI","COLECTIVO","MUNICIPAL","BUENOS AIRES","QUILMES",5620,"SI"
2026-09-07,"COMPAÑÍA DE OMNIBUS 25 DE MAYO LINEA 278","BSAS_LINEA_585","SI","COLECTIVO","MUNICIPAL","BUENOS AIRES","QUILMES",24887,"SI"
2026-09-07,"COMPAÑÍA DE OMNIBUS 25 DE MAYO LINEA 278","BSAS_LINEA_586","SI","COLECTIVO","MUNICIPAL","BUENOS AIRES","QUILMES",858,"SI"
2026-09-07,"MICRO OMNIBUS QUILMES S.A.C.I. Y F.","BSAS_LINEA_603","SI","COLECTIVO","MUNICIPAL","BUENOS AIRES","BERAZATEGUI",13705,"SI"
2026-09-07,"MICRO OMNIBUS QUILMES S.A.C.I. Y F.","BSAS_LINEA_619","SI","COLECTIVO","MUNICIPAL","BUENOS AIRES","BERAZATEGUI",8902,"SI"
2026-09-07,"NUEVO IDEAL S.A.","BSAS_LINEA_620","SI","COLECTIVO","MUNICIPAL","BUENOS AIRES","LA MATANZA",63928,"SI"
2026-09-07,"TRANSPORTE IDEAL SAN JUSTO S.A.","BSAS_LINEA_621","SI","COLECTIVO","MUNICIPAL","BUENOS AIRES","LA MATANZA",37137,"SI"
2026-09-07,"ALMAFUERTE EMPRESA DE TRANSPORTE S.A.C.I. E I","BSAS_LINEA_622","SI","COLECTIVO","MUNICIPAL","BUENOS AIRES","LA MATANZA",25751,"SI"
2026-09-07,"LA CABAÑA S.A.","BSAS_LINEA_624","SI","COLECTIVO","MUNICIPAL","BUENOS AIRES","LA MATANZA",28096,"SI"
2026-09-07,"ALMAFUERTE EMPRESA DE TRANSPORTE S.A.C.I. E I","BSAS_LINEA_628","SI","COLECTIVO","MUNICIPAL","BUENOS AIRES","LA MATANZA",2911,"SI"
2026-09-07,"EMPRESA LINEA 216 S.A.T.","BSAS_LINEA_634","SI","COLECTIVO","MUNICIPAL","BUENOS AIRES","MORON",14684,"SI"
2026-09-07,"LA CABAÑA S.A.","BSAS_LINEA_635","SI","COLECTIVO","MUNICIPAL","BUENOS AIRES","MORON",8469,"SI"
2026-09-07,"COMPAÑIA ISLEÑA S.R.L.","BSAS_LINEA_670","SI","COLECTIVO","MUNICIPAL","BUENOS AIRES","GENERAL SAN MARTIN",32339,"SI"
2026-09-07,"EMPRESA CIUDAD DE SAN FERNANDO SA","BSAS_LINEA_710","SI","COLECTIVO","MUNICIPAL","BUENOS AIRES","SAN FERNANDO",20767,"SI"
2026-09-07,"MICRO OMNIBUS TIGRE S.A.","BSAS_LINEA_720","SI","COLECTIVO","MUNICIPAL","BUENOS AIRES","TIGRE",36043,"SI"
2026-09-07,"MICRO OMNIBUS GENERAL PACHECO SA","BSAS_LINEA_721","SI","COLECTIVO","MUNICIPAL","BUENOS AIRES","TIGRE",34074,"SI"
2026-09-07,"UTENOR LINEA 723 UNION TRANSITORIA DE EMPRESAS","BSAS_LINEA_723","SI","COLECTIVO","MUNICIPAL","BUENOS AIRES","TIGRE",10740,"SI"
2026-09-07,"LA PRIMERA DE GRAND BOURG S.A.","BSAS_LINEA_740","SI","COLECTIVO","MUNICIPAL","BUENOS AIRES","SAN MIGUEL",30386,"SI"
2026-09-07,"SARGENTO CABRAL S.A.DE TRANSPORTE","BSAS_LINEA_741","SI","COLECTIVO","MUNICIPAL","BUENOS AIRES","JOSE C. PAZ",14374,"SI"
2026-09-07,"EMPRESA DE TRANSPORTES EL LITORAL S.A.","BSAS_LINEA_749","SI","COLECTIVO","MUNICIPAL","BUENOS AIRES","JOSE C. PAZ",26010,"SI"
2026-09-07,"TRANSPORTES COLEGIALES S.A.C.I.","CABA_LINEA_ 42","SI","COLECTIVO","C.A.B.A","C.A.B.A","SD",25949,"SI"
2026-09-07,"D.O.T.A. S.A. DE TRANSPORTE AUTOMOTOR","CABA_LINEA_ 44","SI","COLECTIVO","C.A.B.A","C.A.B.A","SD",25137,"SI"
2026-09-07,"NUDO S.A.","CABA_LINEA_ 50","SI","COLECTIVO","C.A.B.A","C.A.B.A","SD",27129,"SI"
2026-09-07,"TRANSPORTES LOPE DE VEGA S.A.C.I.","CABA_LINEA_ 76","SI","COLECTIVO","C.A.B.A","C.A.B.A","SD",26668,"SI"
2026-09-07,"TRANSPORTES AUTOMOTORES RIACHUELO S.A.","CABA_LINEA_025","SI","COLECTIVO","C.A.B.A","C.A.B.A","SD",15314,"SI"
2026-09-07,"JUAN B. JUSTO S.A.T.C.I.","CABA_LINEA_04","SI","COLECTIVO","C.A.B.A","C.A.B.A","SD",20891,"SI"
2026-09-07,"TRANSPORTES AUTOMOTORES RIACHUELO S.A.","CABA_LINEA_084","SI","COLECTIVO","C.A.B.A","C.A.B.A","SD",15699,"SI"
2026-09-07,"TRANSP. SGTO. CABRAL","CABA_LINEA_102","SI","COLECTIVO","C.A.B.A","C.A.B.A","SD",22002,"SI"
2026-09-07,"COLECTIVEROS UNIDOS S.A.","CABA_LINEA_106","SI","COLECTIVO","C.A.B.A","C.A.B.A","SD",60745,"SI"
2026-09-07,"NUDO S.A.","CABA_LINEA_107","SI","COLECTIVO","C.A.B.A","C.A.B.A","SD",28644,"SI"
2026-09-07,"EMPRESA DE TRANSP. TTE. GRAL. ROCA S.A","CABA_LINEA_108","SI","COLECTIVO","C.A.B.A","C.A.B.A","SD",21286,"SI"
2026-09-07,"TRANSPORTE NUEVE DE JULIO SAC.","CABA_LINEA_109","SI","COLECTIVO","C.A.B.A","C.A.B.A","SD",24358,"SI"
2026-09-07,"TRANSPORTES AUTOMOTORES RIACHUELO S.A.","CABA_LINEA_115","SI","COLECTIVO","C.A.B.A","C.A.B.A","SD",25847,"SI"
2026-09-07,"MICROOMNIBUS BARRANCAS DE BELGRANO S.A.","CABA_LINEA_118","SI","COLECTIVO","C.A.B.A","C.A.B.A","SD",20987,"SI"
2026-09-07,"TRANSPORTES AUTOMOTORES CALLAO S.A.","CABA_LINEA_12","SI","COLECTIVO","C.A.B.A","C.A.B.A","SD",45004,"SI"
2026-09-07,"NUEVOS RUMBOS S.A.T.A.C.I.F.I.","CABA_LINEA_132","SI","COLECTIVO","C.A.B.A","C.A.B.A","SD",53143,"SI"
2026-09-07,"LA NUEVA METROPOL S.A.","CABA_LINEA_151","SI","COLECTIVO","C.A.B.A","C.A.B.A","SD",34327,"SI"
2026-09-07,"17 DE AGOSTO S.A.","CABA_LINEA_26","SI","COLECTIVO","C.A.B.A","C.A.B.A","SD",29472,"SI"
2026-09-07,"JUAN B. JUSTO S.A.T.C.I.","CABA_LINEA_34","SI","COLECTIVO","C.A.B.A","C.A.B.A","SD",43597,"SI"
2026-09-07,"TRANSPORTES SANTA FE S.A.C.I.","CABA_LINEA_39","SI","COLECTIVO","C.A.B.A","C.A.B.A","SD",54549,"SI"
2026-09-07,"LINEA DE MICROOMNIBUS 47 S.A.T.C.F.I.","CABA_LINEA_47","SI","COLECTIVO","C.A.B.A","C.A.B.A","SD",19473,"SI"
2026-09-07,"LA CENTRAL DE VICENTE LOPEZ S.A.","CABA_LINEA_61","SI","COLECTIVO","C.A.B.A","C.A.B.A","SD",9049,"SI"
2026-09-07,"LA CENTRAL DE VICENTE LOPEZ S.A.","CABA_LINEA_62","SI","COLECTIVO","C.A.B.A","C.A.B.A","SD",9495,"SI"
2026-09-07,"VUELTA DE ROCHA S.A.T.C.I.","CABA_LINEA_64","SI","COLECTIVO","C.A.B.A","C.A.B.A","SD",19612,"SI"
2026-09-07,"LA NUEVA METROPOL S.A.","CABA_LINEA_65","SI","COLECTIVO","C.A.B.A","C.A.B.A","SD",25318,"SI"
2026-09-07,"TRANSPORTES SESENTA Y OCHO S.R.L.","CABA_LINEA_68","SI","COLECTIVO","C.A.B.A","C.A.B.A","SD",38101,"SI"
2026-09-07,"NUDO S.A.","CABA_LINEA_7","SI","COLECTIVO","C.A.B.A","C.A.B.A","SD",15016,"SI"
2026-09-07,"COOP. DE PROVISION DE SERVICIOS 1 DE SEPTIEMBRE LTDA","CHACRA MONTE - PAISSANIDIS","NO","COLECTIVO","MUNICIPAL","RÍO NEGRO","GENERAL ROCA",481,"SI"
2026-09-07,"SOFSE - Mitre","FCC MITRE_TIGRE","SI","TREN","NACIONAL","JN","SD",46638,"SI"
2026-09-07,"SOFSE - Roca","FFCC ROCA","SI","TREN","NACIONAL","JN","SD",294514,"SI"
2026-09-07,"SOFSE- SARMIENTO","FFCC SAR  MERLO - LOBOS","SI","TREN","NACIONAL","JN","SD",2211,"SI"
2026-09-07,"SOFSE- SARMIENTO","FFCC SAR MORENO - MERCEDES","SI","TREN","NACIONAL","JN","SD",1334,"SI"
2026-09-07,"SOFSE- SARMIENTO","FFCC SAR","SI","TREN","NACIONAL","JN","SD",163717,"SI"
2026-09-07,"SOFSE - TREN DEL VALLE","FFCC TREN DEL VALLE","NO","TREN","NACIONAL","JN","SD",336,"SI"
2026-09-07,"METROVIAS S.A. (URQUIZA)","FFCC URQUIZA","SI","TREN","NACIONAL","JN","SD",59949,"SI"
2026-09-07,"SOFSE - Belgrano Sur","FFCC_BELG_SUR","SI","TREN","NACIONAL","JN","SD",40119,"SI"
2026-09-07,"FERROVIAS S.A.","FFCC_BELGRANO_NORTE","SI","TREN","NACIONAL","JN","SD",87431,"SI"
2026-09-07,"SOFSE - Mitre","FFCC_MITRE","SI","TREN","NACIONAL","JN","SD",76,"SI"
2026-09-07,"SOFSE - Mitre","FFCC_MITRE_CAPILLA","SI","TREN","NACIONAL","JN","SD",135,"SI"
2026-09-07,"SOFSE - Mitre","FFCC_MITRE_ZARATE","SI","TREN","NACIONAL","JN","SD",68,"SI"
2026-09-07,"SOFSE - Roca","FFCC_ROCA_CAÑUELAS-MONTE","SI","TREN","NACIONAL","JN","SD",4,"SI"
2026-09-07,"SOFSE - Roca","FFCC_ROCA_KORN-CHASCOMUS","SI","TREN","NACIONAL","JN","SD",30,"SI"
2026-09-07,"SOFSE - Roca","FFCC_ROCA_UNIVERSITARIO","SI","TREN","NACIONAL","JN","SD",524,"SI"
2026-09-07,"SOFSE - San Martin","FFCC_SANM","SI","TREN","NACIONAL","JN","SD",100673,"SI"
2026-09-07,"SOFSE - Mitre","FFCC_SUAREZ","SI","TREN","NACIONAL","JN","SD",50562,"SI"
2026-09-07,"SOFSE- TREN DE LA COSTA","FFCC_TREN_COSTA","SI","TREN","NACIONAL","JN","SD",2217,"SI"
2026-09-07,"COOP. DE PROVISION DE SERVICIOS 1 DE SEPTIEMBRE LTDA","ISLAS MALVINAS - PUENTE CERO","NO","COLECTIVO","MUNICIPAL","RÍO NEGRO","GENERAL ROCA",871,"SI"
2026-09-07,"COOP. DE PROVISION DE SERVICIOS 1 DE SEPTIEMBRE LTDA","J.J. GOMEZ - ALTA BARDA","NO","COLECTIVO","MUNICIPAL","RÍO NEGRO","GENERAL ROCA",1695,"SI"
2026-09-07,"EMOVA MOVILIDAD S.A. (ex MTV)","LIN_PREMETRO","SI","SUBTE",,,,6399,"SI"
2026-09-07,"DAVALO ELIANA ELISABET","LINEA 02","NO","COLECTIVO","MUNICIPAL","SANTA FE","RECONQUISTA",332,"SI"
2026-09-07,"MAREGA GUSTAVO ANTONIO","LINEA 03","NO","COLECTIVO","MUNICIPAL","SANTA FE","RECONQUISTA",180,"SI"
2026-09-07,"BRAIDOT JOSE MANUEL","LINEA 04","NO","COLECTIVO","MUNICIPAL","SANTA FE","RECONQUISTA",365,"SI"
2026-09-07,"TRANSPORTE JACOBSEN S.R.L.","LINEA 1 ESQUEL/LA ALDEA","NO","COLECTIVO","PROVINCIAL","CHUBUT","SN",1329,"SI"
2026-09-07,"EMPRESA DE TRANSPORTE 12 DE OCTUBRE S R L","LINEA 1","NO","COLECTIVO","MUNICIPAL","BUENOS AIRES","PINAMAR",1427,"SI"
2026-09-07,"VIA 51 VIAJES SA","LINEA 1","NO","COLECTIVO","MUNICIPAL","BUENOS AIRES","TORNQUIST",283,"SI"
2026-09-07,"TRANSPORTE JACOBSEN S.R.L.","LINEA 1","NO","COLECTIVO","MUNICIPAL","CHUBUT","ESQUEL",906,"SI"
2026-09-07,"SI! BUS EMPRESA SARMIENTO S.R.L - INTERCORDOBA S.A – UTE","LINEA 1","NO","COLECTIVO","MUNICIPAL","CORDOBA","VILLA ALLENDE",257,"SI"
2026-09-07,"COOPERATIVA TRABAJO TRANSPORTES CONCORDIA LTDA","LINEA 1","NO","COLECTIVO","MUNICIPAL","ENTRE RÍOS","CONCORDIA",5945,"SI"
2026-09-07,"ENTE MUNICIPAL DE SERVICIOS URBANOS","LINEA 1","NO","COLECTIVO","MUNICIPAL","LA PAMPA","SANTA ROSA",935,"SI"
2026-09-07,"PEHUENCHE S A","LINEA 1","NO","COLECTIVO","MUNICIPAL","RÍO NEGRO","CIPOLLETTI",251,"SI"
2026-09-07,"MUNICIPALIDAD DE RAFAELA","LINEA 1","NO","COLECTIVO","MUNICIPAL","SANTA FE","RAFAELA",372,"SI"
2026-09-07,"AUTOTRANSPORTE DECANO S.R.L","LINEA 1","NO","COLECTIVO","MUNICIPAL","SANTIAGO DEL ESTERO","LA BANDA",96,"SI"
2026-09-07,"EL GALGO SRL","LINEA 1","NO","COLECTIVO","MUNICIPAL","TUCUMAN","SAN MIGUEL DE TUCUMAN",4031,"SI"
2026-09-07,"TRANSPORTES SAN CAYETANO S.A.C.","LINEA 1","SI","COLECTIVO","NACIONAL","JN","SD",12078,"SI"
2026-09-07,"CONIFERAL S.A.","LINEA 10","NO","COLECTIVO","MUNICIPAL","CORDOBA","CORDOBA",5989,"SI"
2026-09-07,"LEAGAS S.A.","LINEA 10","NO","COLECTIVO","MUNICIPAL","TUCUMAN","SAN MIGUEL DE TUCUMAN",6758,"SI"
2026-09-07,"VIZZONI LIDIA INES","LINEA 10","NO","COLECTIVO","PROVINCIAL","CATAMARCA","SN",115,"SI"
2026-09-07,"S.A TRANSPORTE CIUDAD DE RIO CUARTO","LINEA 100","NO","COLECTIVO","MUNICIPAL","CORDOBA","RIO CUARTO",131,"SI"
2026-09-07,"SOCIEDAD DE TRANSPORTE DE MENDOZA SOCIEDAD ANONIMA UNIPERSONAL DE PARTICIPACION ESTATAL","LINEA 100","NO","COLECTIVO","PROVINCIAL","MENDOZA","SN",3949,"SI"
2026-09-07,"S.A TRANSPORTE CIUDAD DE RIO CUARTO","LINEA 101","NO","COLECTIVO","MUNICIPAL","CORDOBA","RIO CUARTO",144,"SI"
2026-09-07,"D.O.T.A. S.A. DE TRANSPORTE AUTOMOTOR","LINEA 101","SI","COLECTIVO","NACIONAL","JN","SD",45214,"SI"
2026-09-07,"S.A TRANSPORTE CIUDAD DE RIO CUARTO","LINEA 102","NO","COLECTIVO","MUNICIPAL","CORDOBA","RIO CUARTO",66,"SI"
2026-09-07,"S.A TRANSPORTE CIUDAD DE RIO CUARTO","LINEA 103","NO","COLECTIVO","MUNICIPAL","CORDOBA","RIO CUARTO",31,"SI"
2026-09-07,"S.A TRANSPORTE CIUDAD DE RIO CUARTO","LINEA 104","NO","COLECTIVO","MUNICIPAL","CORDOBA","RIO CUARTO",9,"SI"
2026-09-07,"S.A TRANSPORTE CIUDAD DE RIO CUARTO","LINEA 105","NO","COLECTIVO","MUNICIPAL","CORDOBA","RIO CUARTO",11,"SI"
2026-09-07,"S.A TRANSPORTE CIUDAD DE RIO CUARTO","LINEA 106","NO","COLECTIVO","MUNICIPAL","CORDOBA","RIO CUARTO",137,"SI"
2026-09-07,"S.A TRANSPORTE CIUDAD DE RIO CUARTO","LINEA 107","NO","COLECTIVO","MUNICIPAL","CORDOBA","RIO CUARTO",73,"SI"
2026-09-07,"S.A TRANSPORTE CIUDAD DE RIO CUARTO","LINEA 108","NO","COLECTIVO","MUNICIPAL","CORDOBA","RIO CUARTO",14,"SI"
2026-09-07,"CONIFERAL S.A.","LINEA 11","NO","COLECTIVO","MUNICIPAL","CORDOBA","CORDOBA",6283,"SI"
2026-09-07,"TCM BUS S.R.L.","LINEA 11","NO","COLECTIVO","MUNICIPAL","TUCUMAN","SAN MIGUEL DE TUCUMAN",10315,"SI"
2026-09-07,"SOCIEDAD DE TRANSPORTE DE MENDOZA SOCIEDAD ANONIMA UNIPERSONAL DE PARTICIPACION ESTATAL","LINEA 110","NO","COLECTIVO","PROVINCIAL","MENDOZA","SN",15021,"SI"
2026-09-07,"MICROOMNIBUS CUARENTA Y CINCO S.A.C.I.F.","LINEA 119","SI","COLECTIVO","NACIONAL","JN","SD",8688,"SI"
2026-09-07,"CONIFERAL S.A.","LINEA 12","NO","COLECTIVO","MUNICIPAL","CORDOBA","CORDOBA",7099,"SI"
2026-09-07,"TRANS BUS SRL","LINEA 12","NO","COLECTIVO","MUNICIPAL","CORDOBA","VILLA MARIA",2,"SI"
2026-09-07,"EMPRESA CERRO POZO S.R.L.","LINEA 12","NO","COLECTIVO","MUNICIPAL","TUCUMAN","SAN MIGUEL DE TUCUMAN",2597,"SI"
2026-09-07,"EMPRESA DE SERVICIOS EL JACARANDA S.A.","LINEA 12","NO","COLECTIVO","MUNICIPAL","TUCUMAN","SAN MIGUEL DE TUCUMAN",2301,"SI"
2026-09-07,"ILLAGES S.R.L.","LINEA 12","NO","COLECTIVO","MUNICIPAL","TUCUMAN","SAN MIGUEL DE TUCUMAN",2387,"SI"
2026-09-07,"TRANSPORTE YERBA BUENA SRL","LINEA 12","NO","COLECTIVO","MUNICIPAL","TUCUMAN","SAN MIGUEL DE TUCUMAN",2416,"SI"
2026-09-07,"ERSA URBANO SA","LINEA 12","NO","COLECTIVO","PROVINCIAL","ENTRE RÍOS","SN",828,"SI"
2026-09-07,"SOCIEDAD DE TRANSPORTE DE MENDOZA SOCIEDAD ANONIMA UNIPERSONAL DE PARTICIPACION ESTATAL","LINEA 120","NO","COLECTIVO","PROVINCIAL","MENDOZA","SN",18692,"SI"
2026-09-07,"SOCIEDAD DE TRANSPORTE DE MENDOZA SOCIEDAD ANONIMA UNIPERSONAL DE PARTICIPACION ESTATAL","LINEA 121","NO","COLECTIVO","PROVINCIAL","MENDOZA","SN",164,"SI"
2026-09-07,"SOCIEDAD DE TRANSPORTE DE MENDOZA SOCIEDAD ANONIMA UNIPERSONAL DE PARTICIPACION ESTATAL","LINEA 125","NO","COLECTIVO","PROVINCIAL","MENDOZA","SN",4121,"SI"
2026-09-07,"CONIFERAL S.A.","LINEA 13","NO","COLECTIVO","MUNICIPAL","CORDOBA","CORDOBA",2105,"SI"
2026-09-07,"TRANS BUS SRL","LINEA 13","NO","COLECTIVO","MUNICIPAL","CORDOBA","VILLA MARIA",3,"SI"
2026-09-07,"SOCIEDAD DE TRANSPORTE DE MENDOZA SOCIEDAD ANONIMA UNIPERSONAL DE PARTICIPACION ESTATAL","LINEA 130","NO","COLECTIVO","PROVINCIAL","MENDOZA","SN",3517,"SI"
2026-09-07,"CONIFERAL S.A.","LINEA 14","NO","COLECTIVO","MUNICIPAL","CORDOBA","CORDOBA",7424,"SI"
2026-09-07,"TRANS BUS SRL","LINEA 14","NO","COLECTIVO","MUNICIPAL","CORDOBA","VILLA MARIA",9,"SI"
2026-09-07,"SOCIEDAD DE TRANSPORTE DE MENDOZA SOCIEDAD ANONIMA UNIPERSONAL DE PARTICIPACION ESTATAL","LINEA 140","NO","COLECTIVO","PROVINCIAL","MENDOZA","SN",10195,"SI"
2026-09-07,"ROSARIO GUARANI SA","LINEA 145","SI","COLECTIVO","NACIONAL","JN","SD",30578,"SI"
2026-09-07,"CONIFERAL S.A.","LINEA 15","NO","COLECTIVO","MUNICIPAL","CORDOBA","CORDOBA",5571,"SI"
2026-09-07,"TRANS BUS SRL","LINEA 15","NO","COLECTIVO","MUNICIPAL","CORDOBA","VILLA MARIA",17,"SI"
2026-09-07,"9 DE JULIO","LINEA 15","NO","COLECTIVO","PROVINCIAL","CATAMARCA","SN",145,"SI"
2026-09-07,"ERSA URBANO SA","LINEA 15","NO","COLECTIVO","PROVINCIAL","ENTRE RÍOS","SN",377,"SI"
2026-09-07,"EMPRESA RECREO S R L","LINEA 157 SFE","NO","COLECTIVO","PROVINCIAL","SANTA FE","SN",4656,"SI"
2026-09-07,"EMPRESA RECREO S R L","LINEA 158 SFE","NO","COLECTIVO","PROVINCIAL","SANTA FE","SN",1022,"SI"
2026-09-07,"CONIFERAL S.A.","LINEA 16","NO","COLECTIVO","MUNICIPAL","CORDOBA","CORDOBA",2697,"SI"
2026-09-07,"TRANS BUS SRL","LINEA 16","NO","COLECTIVO","MUNICIPAL","CORDOBA","VILLA MARIA",7,"SI"
2026-09-07,"9 DE JULIO","LINEA 16","NO","COLECTIVO","PROVINCIAL","CATAMARCA","SN",49,"SI"
2026-09-07,"CONIFERAL S.A.","LINEA 17","NO","COLECTIVO","MUNICIPAL","CORDOBA","CORDOBA",4050,"SI"
2026-09-07,"TRANS BUS SRL","LINEA 17","NO","COLECTIVO","MUNICIPAL","CORDOBA","VILLA MARIA",42,"SI"
2026-09-07,"EL CONDOR SRL","LINEA 17","NO","COLECTIVO","MUNICIPAL","TUCUMAN","SAN MIGUEL DE TUCUMAN",13198,"SI"
2026-09-07,"ERSA URBANO SA","LINEA 17","NO","COLECTIVO","PROVINCIAL","ENTRE RÍOS","SN",431,"SI"
2026-09-07,"CONIFERAL S.A.","LINEA 18","NO","COLECTIVO","MUNICIPAL","CORDOBA","CORDOBA",4249,"SI"
2026-09-07,"BSV LOGISTICA S.A.S.","LINEA 18","NO","COLECTIVO","MUNICIPAL","TUCUMAN","SAN MIGUEL DE TUCUMAN",8859,"SI"
2026-09-07,"EMPRESA MAIPU S.R.L","LINEA 1856","NO","COLECTIVO","PROVINCIAL","MENDOZA","SN",219,"SI"
2026-09-07,"CONIFERAL S.A.","LINEA 19","NO","COLECTIVO","MUNICIPAL","CORDOBA","CORDOBA",2570,"SI"
2026-09-07,"TRANS BUS SRL","LINEA 19","NO","COLECTIVO","MUNICIPAL","CORDOBA","VILLA MARIA",14,"SI"
2026-09-07,"B y V TRANSPORTES S.R.L.","LINEA 19","NO","COLECTIVO","MUNICIPAL","TUCUMAN","SAN MIGUEL DE TUCUMAN",9521,"SI"
2026-09-07,"LINEA 28 DE JULIO SOCIEDAD COOPERATIVA DE TRABAJO DE TRANSPORTES LIMITADA","LINEA 1: TRELEW / PUERTO MADRYN","NO","COLECTIVO","PROVINCIAL","CHUBUT","SN",823,"SI"
2026-09-07,"DAVALO ELIANA ELISABET","LINEA 2 BIS","NO","COLECTIVO","MUNICIPAL","SANTA FE","RECONQUISTA",60,"SI"
2026-09-07,"TRANSPORTE JACOBSEN S.R.L.","LINEA 2 ESQUEL/TREVELIN","NO","COLECTIVO","PROVINCIAL","CHUBUT","SN",1034,"SI"
2026-09-07,"TRANSPORTE JACOBSEN S.R.L.","LINEA 2","NO","COLECTIVO","MUNICIPAL","CHUBUT","ESQUEL",931,"SI"
2026-09-07,"SI! BUS EMPRESA SARMIENTO S.R.L - INTERCORDOBA S.A – UTE","LINEA 2","NO","COLECTIVO","MUNICIPAL","CORDOBA","VILLA ALLENDE",134,"SI"
2026-09-07,"COOPERATIVA DE TRABAJO ""12 DE OCTUBRE"" LTADA","LINEA 2","NO","COLECTIVO","MUNICIPAL","ENTRE RÍOS","CONCORDIA",5246,"SI"
2026-09-07,"ENTE MUNICIPAL DE SERVICIOS URBANOS","LINEA 2","NO","COLECTIVO","MUNICIPAL","LA PAMPA","SANTA ROSA",1624,"SI"
2026-09-07,"MUNICIPALIDAD DE RAFAELA","LINEA 2","NO","COLECTIVO","MUNICIPAL","SANTA FE","RAFAELA",134,"SI"
2026-09-07,"ESPONDA OSVALDO RAMON Y CAMPIÑO CARLOS ANTONIO S.H.","LINEA 2","NO","COLECTIVO","PROVINCIAL","ENTRE RÍOS","SN",2081,"SI"
2026-09-07,"TAMSAU","LINEA 20","NO","COLECTIVO","MUNICIPAL","CORDOBA","CORDOBA",3148,"SI"
2026-09-07,"TRANS BUS SRL","LINEA 20","NO","COLECTIVO","MUNICIPAL","CORDOBA","VILLA MARIA",11,"SI"
2026-09-07,"ERSA URBANO SA","LINEA 20","NO","COLECTIVO","PROVINCIAL","ENTRE RÍOS","SN",1222,"SI"
2026-09-07,"EMPRESA MAIPU S.R.L.","LINEA 200","NO","COLECTIVO","PROVINCIAL","MENDOZA","SN",10302,"SI"
2026-09-07,"EMPRESA MAIPU S.R.L.","LINEA 201","NO","COLECTIVO","PROVINCIAL","MENDOZA","SN",12356,"SI"
2026-09-07,"EMPRESA MAIPU S.R.L.","LINEA 202","NO","COLECTIVO","PROVINCIAL","MENDOZA","SN",1250,"SI"
2026-09-07,"EMPRESA MAIPU S.R.L.","LINEA 203","NO","COLECTIVO","PROVINCIAL","MENDOZA","SN",2915,"SI"
2026-09-07,"EMPRESA MAIPU S.R.L.","LINEA 204","NO","COLECTIVO","PROVINCIAL","MENDOZA","SN",3735,"SI"
2026-09-07,"NUEVO IDEAL S.A.","LINEA 205","SI","COLECTIVO","PROVINCIAL","BUENOS AIRES","SN",7756,"SI"
2026-09-07,"EMPRESA MAIPU S.R.L.","LINEA 206","NO","COLECTIVO","PROVINCIAL","MENDOZA","SN",297,"SI"
2026-09-07,"EMPRESA MAIPU S.R.L.","LINEA 207","NO","COLECTIVO","PROVINCIAL","MENDOZA","SN",744,"SI"
2026-09-07,"EMPRESA MAIPU S.R.L.","LINEA 208","NO","COLECTIVO","PROVINCIAL","MENDOZA","SN",825,"SI"
2026-09-07,"CONIFERAL S.A.","LINEA 21","NO","COLECTIVO","MUNICIPAL","CORDOBA","CORDOBA",2331,"SI"
2026-09-07,"TAMSAU","LINEA 22","NO","COLECTIVO","MUNICIPAL","CORDOBA","CORDOBA",2019,"SI"
2026-09-07,"ERSA URBANO SA","LINEA 22","NO","COLECTIVO","PROVINCIAL","ENTRE RÍOS","SN",6629,"SI"
2026-09-07,"EMPRESA MAIPU S.R.L.","LINEA 221","NO","COLECTIVO","PROVINCIAL","MENDOZA","SN",1168,"SI"
2026-09-07,"TAMSAU","LINEA 23","NO","COLECTIVO","MUNICIPAL","CORDOBA","CORDOBA",1923,"SI"
2026-09-07,"EMPRESA MAIPU S.R.L.","LINEA 230","NO","COLECTIVO","PROVINCIAL","MENDOZA","SN",1849,"SI"
2026-09-07,"EMPRESA MAIPU S.R.L.","LINEA 232","NO","COLECTIVO","PROVINCIAL","MENDOZA","SN",1479,"SI"
2026-09-07,"EMPRESA MAIPU S.R.L.","LINEA 233","NO","COLECTIVO","PROVINCIAL","MENDOZA","SN",3687,"SI"
2026-09-07,"EMPRESA MAIPU S.R.L.","LINEA 234","NO","COLECTIVO","PROVINCIAL","MENDOZA","SN",3442,"SI"
2026-09-07,"EMPRESA MAIPU S.R.L.","LINEA 235","NO","COLECTIVO","PROVINCIAL","MENDOZA","SN",1206,"SI"
2026-09-07,"EMPRESA MAIPU S.R.L.","LINEA 236","NO","COLECTIVO","PROVINCIAL","MENDOZA","SN",428,"SI"
2026-09-07,"TAMSAU","LINEA 24","NO","COLECTIVO","MUNICIPAL","CORDOBA","CORDOBA",2728,"SI"
2026-09-07,"ERSA URBANO SA","LINEA 24","NO","COLECTIVO","PROVINCIAL","ENTRE RÍOS","SN",355,"SI"
2026-09-07,"EMPRESA MAIPU S.R.L.","LINEA 240","NO","COLECTIVO","PROVINCIAL","MENDOZA","SN",1495,"SI"
2026-09-07,"EMPRESA MAIPU S.R.L.","LINEA 241","NO","COLECTIVO","PROVINCIAL","MENDOZA","SN",1469,"SI"
2026-09-07,"EMPRESA MAIPU S.R.L.","LINEA 242","NO","COLECTIVO","PROVINCIAL","MENDOZA","SN",851,"SI"
2026-09-07,"CONIFERAL S.A.","LINEA 25","NO","COLECTIVO","MUNICIPAL","CORDOBA","CORDOBA",4626,"SI"
2026-09-07,"20 DE JULIO S.R.L.","LINEA 25","NO","COLECTIVO","PROVINCIAL","CATAMARCA","SN",171,"SI"
2026-09-07,"EMPRESA MAIPU S.R.L.","LINEA 250","NO","COLECTIVO","PROVINCIAL","MENDOZA","SN",952,"SI"
2026-09-07,"EMPRESA MAIPU S.R.L.","LINEA 251","NO","COLECTIVO","PROVINCIAL","MENDOZA","SN",1053,"SI"
2026-09-07,"EMPRESA MAIPU S.R.L.","LINEA 252","NO","COLECTIVO","PROVINCIAL","MENDOZA","SN",1573,"SI"
2026-09-07,"TAMSAU","LINEA 26","NO","COLECTIVO","MUNICIPAL","CORDOBA","CORDOBA",2513,"SI"
2026-09-07,"EMPRESA MAIPU S.R.L.","LINEA 260","NO","COLECTIVO","PROVINCIAL","MENDOZA","SN",2702,"SI"
2026-09-07,"EMPRESA MAIPU S.R.L.","LINEA 261","NO","COLECTIVO","PROVINCIAL","MENDOZA","SN",1301,"SI"
2026-09-07,"TAMSAU","LINEA 27","NO","COLECTIVO","MUNICIPAL","CORDOBA","CORDOBA",2832,"SI"
2026-09-07,"EMPRESA MAIPU S.R.L.","LINEA 270","NO","COLECTIVO","PROVINCIAL","MENDOZA","SN",650,"SI"
2026-09-07,"EMPRESA MAIPU S.R.L.","LINEA 271","NO","COLECTIVO","PROVINCIAL","MENDOZA","SN",675,"SI"
2026-09-07,"EMPRESA MAIPU S.R.L.","LINEA 272","NO","COLECTIVO","PROVINCIAL","MENDOZA","SN",5,"SI"
2026-09-07,"EMPRESA MAIPU S.R.L.","LINEA 273","NO","COLECTIVO","PROVINCIAL","MENDOZA","SN",63,"SI"
2026-09-07,"EMPRESA MAIPU S.R.L.","LINEA 274","NO","COLECTIVO","PROVINCIAL","MENDOZA","SN",22,"SI"
2026-09-07,"EMPRESA MAIPU S.R.L.","LINEA 275","NO","COLECTIVO","PROVINCIAL","MENDOZA","SN",5,"SI"
2026-09-07,"EMPRESA MAIPU S.R.L.","LINEA 276","NO","COLECTIVO","PROVINCIAL","MENDOZA","SN",20,"SI"
2026-09-07,"EMPRESA MAIPU S.R.L.","LINEA 277","NO","COLECTIVO","PROVINCIAL","MENDOZA","SN",28,"SI"
2026-09-07,"EMPRESA MAIPU S.R.L.","LINEA 278","NO","COLECTIVO","PROVINCIAL","MENDOZA","SN",18,"SI"
2026-09-07,"EMPRESA MAIPU S.R.L.","LINEA 279","NO","COLECTIVO","PROVINCIAL","MENDOZA","SN",7,"SI"
2026-09-07,"TAMSAU","LINEA 28","NO","COLECTIVO","MUNICIPAL","CORDOBA","CORDOBA",2141,"SI"
2026-09-07,"D.O.T.A. S.A. DE TRANSPORTE AUTOMOTOR","LINEA 28","SI","COLECTIVO","NACIONAL","JN","SD",81233,"SI"
2026-09-07,"EMPRESA MAIPU S.R.L.","LINEA 281","NO","COLECTIVO","PROVINCIAL","MENDOZA","SN",38,"SI"
2026-09-07,"EMPRESA MAIPU S.R.L.","LINEA 282","NO","COLECTIVO","PROVINCIAL","MENDOZA","SN",69,"SI"
2026-09-07,"EMPRESA MAIPU S.R.L.","LINEA 283","NO","COLECTIVO","PROVINCIAL","MENDOZA","SN",24,"SI"
2026-09-07,"EMPRESA MAIPU S.R.L.","LINEA 284","NO","COLECTIVO","PROVINCIAL","MENDOZA","SN",84,"SI"
2026-09-07,"EMPRESA MAIPU S.R.L.","LINEA 285","NO","COLECTIVO","PROVINCIAL","MENDOZA","SN",13,"SI"
2026-09-07,"EMPRESA MAIPU S.R.L.","LINEA 286","NO","COLECTIVO","PROVINCIAL","MENDOZA","SN",7,"SI"
2026-09-07,"EMPRESA MAIPU S.R.L.","LINEA 287","NO","COLECTIVO","PROVINCIAL","MENDOZA","SN",12,"SI"
2026-09-07,"EMPRESA MAIPU S.R.L.","LINEA 288","NO","COLECTIVO","PROVINCIAL","MENDOZA","SN",9,"SI"
2026-09-07,"EMPRESA MAIPU S.R.L.","LINEA 289","NO","COLECTIVO","PROVINCIAL","MENDOZA","SN",67,"SI"
2026-09-07,"TAMSAU","LINEA 29","NO","COLECTIVO","MUNICIPAL","CORDOBA","CORDOBA",2431,"SI"
2026-09-07,"EMPRESA MAIPU S.R.L.","LINEA 290","NO","COLECTIVO","PROVINCIAL","MENDOZA","SN",60,"SI"
2026-09-07,"EMPRESA MAIPU S.R.L.","LINEA 291","NO","COLECTIVO","PROVINCIAL","MENDOZA","SN",36,"SI"
2026-09-07,"EMPRESA MAIPU S.R.L.","LINEA 292","NO","COLECTIVO","PROVINCIAL","MENDOZA","SN",5,"SI"
2026-09-07,"EMPRESA MAIPU S.R.L.","LINEA 293","NO","COLECTIVO","PROVINCIAL","MENDOZA","SN",1,"SI"
2026-09-07,"EMPRESA MAIPU S.R.L.","LINEA 294","NO","COLECTIVO","PROVINCIAL","MENDOZA","SN",31,"SI"
2026-09-07,"EMPRESA MAIPU S.R.L.","LINEA 295","NO","COLECTIVO","PROVINCIAL","MENDOZA","SN",71,"SI"
2026-09-07,"EMPRESA MAIPU S.R.L.","LINEA 296","NO","COLECTIVO","PROVINCIAL","MENDOZA","SN",1,"SI"
2026-09-07,"EMPRESA MAIPU S.R.L.","LINEA 297","NO","COLECTIVO","PROVINCIAL","MENDOZA","SN",18,"SI"
2026-09-07,"EMPRESA MAIPU S.R.L.","LINEA 298","NO","COLECTIVO","PROVINCIAL","MENDOZA","SN",1,"SI"
2026-09-07,"LINEA 28 DE JULIO SOCIEDAD COOPERATIVA DE TRABAJO DE TRANSPORTES LIMITADA","LINEA 2: TRELEW / DOLAVON","NO","COLECTIVO","PROVINCIAL","CHUBUT","SN",1147,"SI"
2026-09-07,"TRANSPORTE JACOBSEN S.R.L.","LINEA 3 ESQUEL/LA BALSA","NO","COLECTIVO","PROVINCIAL","CHUBUT","SN",30,"SI"
2026-09-07,"TRANSPORTE JACOBSEN S.R.L.","LINEA 3","NO","COLECTIVO","MUNICIPAL","CHUBUT","ESQUEL",915,"SI"
2026-09-07,"TURISMO PALMARES S.R.L.","LINEA 3","NO","COLECTIVO","MUNICIPAL","ENTRE RÍOS","CONCORDIA",6352,"SI"
2026-09-07,"ENTE MUNICIPAL DE SERVICIOS URBANOS","LINEA 3","NO","COLECTIVO","MUNICIPAL","LA PAMPA","SANTA ROSA",1540,"SI"
2026-09-07,"PEHUENCHE S A","LINEA 3","NO","COLECTIVO","MUNICIPAL","RÍO NEGRO","CIPOLLETTI",799,"SI"
2026-09-07,"MUNICIPALIDAD DE RAFAELA","LINEA 3","NO","COLECTIVO","MUNICIPAL","SANTA FE","RAFAELA",533,"SI"
2026-09-07,"TRANSPORTE YERBA BUENA SRL","LINEA 3","NO","COLECTIVO","MUNICIPAL","TUCUMAN","SAN MIGUEL DE TUCUMAN",4428,"SI"
2026-09-07,"RISSMA S.R.L","LINEA 30","NO","COLECTIVO","MUNICIPAL","CORDOBA","CORDOBA",5733,"SI"
2026-09-07,"AUTOTRANSPORTES LOS ANDES S.A. EL CACIQUE S.A. U.T.","LINEA 300","NO","COLECTIVO","PROVINCIAL","MENDOZA","SN",3279,"SI"
2026-09-07,"PRESTACIONES S.A.","LINEA 301A","NO","COLECTIVO","PROVINCIAL","MENDOZA","SN",247,"SI"
2026-09-07,"PRESTACIONES S.A.","LINEA 301B","NO","COLECTIVO","PROVINCIAL","MENDOZA","SN",198,"SI"
2026-09-07,"PRESTACIONES S.A.","LINEA 301C","NO","COLECTIVO","PROVINCIAL","MENDOZA","SN",38,"SI"
2026-09-07,"PRESTACIONES S.A.","LINEA 301E","NO","COLECTIVO","PROVINCIAL","MENDOZA","SN",19,"SI"
2026-09-07,"PRESTACIONES S.A.","LINEA 301H","NO","COLECTIVO","PROVINCIAL","MENDOZA","SN",62,"SI"
2026-09-07,"PRESTACIONES S.A.","LINEA 301J","NO","COLECTIVO","PROVINCIAL","MENDOZA","SN",45,"SI"
2026-09-07,"PRESTACIONES S.A.","LINEA 301K","NO","COLECTIVO","PROVINCIAL","MENDOZA","SN",91,"SI"
2026-09-07,"PRESTACIONES S.A.","LINEA 301L","NO","COLECTIVO","PROVINCIAL","MENDOZA","SN",11,"SI"
2026-09-07,"PRESTACIONES S.A.","LINEA 301M","NO","COLECTIVO","PROVINCIAL","MENDOZA","SN",2345,"SI"
2026-09-07,"PRESTACIONES S.A.","LINEA 301N","NO","COLECTIVO","PROVINCIAL","MENDOZA","SN",2418,"SI"
2026-09-07,"PRESTACIONES S.A.","LINEA 301O","NO","COLECTIVO","PROVINCIAL","MENDOZA","SN",591,"SI"
2026-09-07,"PRESTACIONES S.A.","LINEA 301P","NO","COLECTIVO","PROVINCIAL","MENDOZA","SN",490,"SI"
2026-09-07,"PRESTACIONES S.A.","LINEA 301Q","NO","COLECTIVO","PROVINCIAL","MENDOZA","SN",139,"SI"
2026-09-07,"PRESTACIONES S.A.","LINEA 301R","NO","COLECTIVO","PROVINCIAL","MENDOZA","SN",189,"SI"
2026-09-07,"AUTOTRANSPORTES LOS ANDES S.A. EL CACIQUE S.A. U.T.","LINEA 302","NO","COLECTIVO","PROVINCIAL","MENDOZA","SN",3224,"SI"
2026-09-07,"PRESTACIONES S.A.","LINEA 302A","NO","COLECTIVO","PROVINCIAL","MENDOZA","SN",82,"SI"
2026-09-07,"PRESTACIONES S.A.","LINEA 303Y","NO","COLECTIVO","PROVINCIAL","MENDOZA","SN",53,"SI"
2026-09-07,"PRESTACIONES S.A.","LINEA 303Z","NO","COLECTIVO","PROVINCIAL","MENDOZA","SN",111,"SI"
2026-09-07,"AUTOTRANSPORTES LOS ANDES S.A. EL CACIQUE S.A. U.T.","LINEA 304","NO","COLECTIVO","PROVINCIAL","MENDOZA","SN",376,"SI"
2026-09-07,"PRESTACIONES S.A.","LINEA 304E","NO","COLECTIVO","PROVINCIAL","MENDOZA","SN",284,"SI"
2026-09-07,"PRESTACIONES S.A.","LINEA 304I","NO","COLECTIVO","PROVINCIAL","MENDOZA","SN",552,"SI"
2026-09-07,"AUTOTRANSPORTES LOS ANDES S.A. EL CACIQUE S.A. U.T.","LINEA 305","NO","COLECTIVO","PROVINCIAL","MENDOZA","SN",4968,"SI"
2026-09-07,"AUTOTRANSPORTES LOS ANDES S.A. EL CACIQUE S.A. U.T.","LINEA 309","NO","COLECTIVO","PROVINCIAL","MENDOZA","SN",1008,"SI"
2026-09-07,"RISSMA S.R.L","LINEA 31","NO","COLECTIVO","MUNICIPAL","CORDOBA","CORDOBA",2742,"SI"
2026-09-07,"AUTOTRANSPORTES LOS ANDES S.A. EL CACIQUE S.A. U.T.","LINEA 310","NO","COLECTIVO","PROVINCIAL","MENDOZA","SN",8762,"SI"
2026-09-07,"AUTOTRANSPORTES LOS ANDES S.A. EL CACIQUE S.A. U.T.","LINEA 311","NO","COLECTIVO","PROVINCIAL","MENDOZA","SN",2516,"SI"
2026-09-07,"PRESTACIONES S.A.","LINEA 311B","NO","COLECTIVO","PROVINCIAL","MENDOZA","SN",477,"SI"
2026-09-07,"AUTOTRANSPORTES LOS ANDES S.A. EL CACIQUE S.A. U.T.","LINEA 313","NO","COLECTIVO","PROVINCIAL","MENDOZA","SN",2325,"SI"
2026-09-07,"AUTOTRANSPORTES LOS ANDES S.A. EL CACIQUE S.A. U.T.","LINEA 314","NO","COLECTIVO","PROVINCIAL","MENDOZA","SN",105,"SI"
2026-09-07,"AUTOTRANSPORTES LOS ANDES S.A. EL CACIQUE S.A. U.T.","LINEA 315","NO","COLECTIVO","PROVINCIAL","MENDOZA","SN",3337,"SI"
2026-09-07,"PRESTACIONES S.A.","LINEA 315A","NO","COLECTIVO","PROVINCIAL","MENDOZA","SN",1126,"SI"
2026-09-07,"PRESTACIONES S.A.","LINEA 315B","NO","COLECTIVO","PROVINCIAL","MENDOZA","SN",2110,"SI"
2026-09-07,"PRESTACIONES S.A.","LINEA 315C","NO","COLECTIVO","PROVINCIAL","MENDOZA","SN",236,"SI"
2026-09-07,"PRESTACIONES S.A.","LINEA 315D","NO","COLECTIVO","PROVINCIAL","MENDOZA","SN",384,"SI"
2026-09-07,"PRESTACIONES S.A.","LINEA 315I","NO","COLECTIVO","PROVINCIAL","MENDOZA","SN",45,"SI"
2026-09-07,"PRESTACIONES S.A.","LINEA 315J","NO","COLECTIVO","PROVINCIAL","MENDOZA","SN",103,"SI"
2026-09-07,"AUTOTRANSPORTES LOS ANDES S.A. EL CACIQUE S.A. U.T.","LINEA 316","NO","COLECTIVO","PROVINCIAL","MENDOZA","SN",2411,"SI"
2026-09-07,"AUTOTRANSPORTES LOS ANDES S.A. EL CACIQUE S.A. U.T.","LINEA 317","NO","COLECTIVO","PROVINCIAL","MENDOZA","SN",356,"SI"
2026-09-07,"PRESTACIONES S.A.","LINEA 318A","NO","COLECTIVO","PROVINCIAL","MENDOZA","SN",200,"SI"
2026-09-07,"PRESTACIONES S.A.","LINEA 318B","NO","COLECTIVO","PROVINCIAL","MENDOZA","SN",256,"SI"
2026-09-07,"PRESTACIONES S.A.","LINEA 318C","NO","COLECTIVO","PROVINCIAL","MENDOZA","SN",193,"SI"
2026-09-07,"PRESTACIONES S.A.","LINEA 318D","NO","COLECTIVO","PROVINCIAL","MENDOZA","SN",20,"SI"
2026-09-07,"PRESTACIONES S.A.","LINEA 318N","NO","COLECTIVO","PROVINCIAL","MENDOZA","SN",23,"SI"
2026-09-07,"PRESTACIONES S.A.","LINEA 318O","NO","COLECTIVO","PROVINCIAL","MENDOZA","SN",34,"SI"
2026-09-07,"PRESTACIONES S.A.","LINEA 319B","NO","COLECTIVO","PROVINCIAL","MENDOZA","SN",925,"SI"
2026-09-07,"PRESTACIONES S.A.","LINEA 319D","NO","COLECTIVO","PROVINCIAL","MENDOZA","SN",88,"SI"
2026-09-07,"RISSMA S.R.L","LINEA 32","NO","COLECTIVO","MUNICIPAL","CORDOBA","CORDOBA",6275,"SI"
2026-09-07,"AUTOTRANSPORTES LOS ANDES S.A. EL CACIQUE S.A. U.T.","LINEA 320","NO","COLECTIVO","PROVINCIAL","MENDOZA","SN",375,"SI"
2026-09-07,"PRESTACIONES S.A.","LINEA 321A","NO","COLECTIVO","PROVINCIAL","MENDOZA","SN",68,"SI"
2026-09-07,"PRESTACIONES S.A.","LINEA 321B","NO","COLECTIVO","PROVINCIAL","MENDOZA","SN",49,"SI"
2026-09-07,"PRESTACIONES S.A.","LINEA 322C","NO","COLECTIVO","PROVINCIAL","MENDOZA","SN",62,"SI"
2026-09-07,"PRESTACIONES S.A.","LINEA 322F","NO","COLECTIVO","PROVINCIAL","MENDOZA","SN",73,"SI"
2026-09-07,"PRESTACIONES S.A.","LINEA 322G","NO","COLECTIVO","PROVINCIAL","MENDOZA","SN",100,"SI"
2026-09-07,"PRESTACIONES S.A.","LINEA 322H","NO","COLECTIVO","PROVINCIAL","MENDOZA","SN",67,"SI"
2026-09-07,"RISSMA S.R.L","LINEA 33","NO","COLECTIVO","MUNICIPAL","CORDOBA","CORDOBA",2835,"SI"
2026-09-07,"TRANSPORTES ALMIRANTE BROWN S.A.","LINEA 33","SI","COLECTIVO","NACIONAL","JN","SD",39616,"SI"
2026-09-07,"AUTOTRANSPORTES LOS ANDES S.A. EL CACIQUE S.A. U.T.","LINEA 330","NO","COLECTIVO","PROVINCIAL","MENDOZA","SN",7152,"SI"
2026-09-07,"AUTOTRANSPORTES LOS ANDES S.A. EL CACIQUE S.A. U.T.","LINEA 331","NO","COLECTIVO","PROVINCIAL","MENDOZA","SN",7148,"SI"
2026-09-07,"RISSMA S.R.L","LINEA 34","NO","COLECTIVO","MUNICIPAL","CORDOBA","CORDOBA",2291,"SI"
2026-09-07,"RISSMA S.R.L","LINEA 35","NO","COLECTIVO","MUNICIPAL","CORDOBA","CORDOBA",3951,"SI"
2026-09-07,"AUTOTRANSPORTES LOS ANDES S.A. EL CACIQUE S.A. U.T.","LINEA 350","NO","COLECTIVO","PROVINCIAL","MENDOZA","SN",4147,"SI"
2026-09-07,"AUTOTRANSPORTES LOS ANDES S.A. EL CACIQUE S.A. U.T.","LINEA 352","NO","COLECTIVO","PROVINCIAL","MENDOZA","SN",6465,"SI"
2026-09-07,"AUTOTRANSPORTES LOS ANDES S.A. EL CACIQUE S.A. U.T.","LINEA 353","NO","COLECTIVO","PROVINCIAL","MENDOZA","SN",4389,"SI"
2026-09-07,"AUTOTRANSPORTES LOS ANDES S.A. EL CACIQUE S.A. U.T.","LINEA 354","NO","COLECTIVO","PROVINCIAL","MENDOZA","SN",1717,"SI"
2026-09-07,"RISSMA S.R.L","LINEA 36","NO","COLECTIVO","MUNICIPAL","CORDOBA","CORDOBA",4921,"SI"
2026-09-07,"AUTOTRANSPORTES LOS ANDES S.A. EL CACIQUE S.A. U.T.","LINEA 370","NO","COLECTIVO","PROVINCIAL","MENDOZA","SN",530,"SI"
2026-09-07,"AUTOTRANSPORTES LOS ANDES S.A. EL CACIQUE S.A. U.T.","LINEA 371","NO","COLECTIVO","PROVINCIAL","MENDOZA","SN",2760,"SI"
2026-09-07,"AUTOTRANSPORTES LOS ANDES S.A. EL CACIQUE S.A. U.T.","LINEA 372","NO","COLECTIVO","PROVINCIAL","MENDOZA","SN",857,"SI"
2026-09-07,"AUTOTRANSPORTES LOS ANDES S.A. EL CACIQUE S.A. U.T.","LINEA 373","NO","COLECTIVO","PROVINCIAL","MENDOZA","SN",933,"SI"
2026-09-07,"AUTOTRANSPORTES LOS ANDES S.A. EL CACIQUE S.A. U.T.","LINEA 389-390-391","NO","COLECTIVO","PROVINCIAL","MENDOZA","SN",120,"SI"
2026-09-07,"AUTOTRANSPORTE CEFERINO S.R.L.","LINEA 3: TRELEW / 28 DE JULIO","NO","COLECTIVO","PROVINCIAL","CHUBUT","SN",759,"SI"
2026-09-07,"LINEA 28 DE JULIO SOCIEDAD COOPERATIVA DE TRABAJO DE TRANSPORTES LIMITADA","LINEA 3: TRELEW / GAIMAN","NO","COLECTIVO","PROVINCIAL","CHUBUT","SN",826,"SI"
2026-09-07,"URUGUAY BUS S.R.L","LINEA 4 BIS","NO","COLECTIVO","MUNICIPAL","ENTRE RÍOS","CONCEPCION DEL URUGUAY",662,"SI"
2026-09-07,"BAJOURUGUAY S.R.L","LINEA 4","NO","COLECTIVO","MUNICIPAL","ENTRE RÍOS","CONCEPCION DEL URUGUAY",797,"SI"
2026-09-07,"TURISMO PALMARES S.R.L.","LINEA 4","NO","COLECTIVO","MUNICIPAL","ENTRE RÍOS","CONCORDIA",5852,"SI"
2026-09-07,"ENTE MUNICIPAL DE SERVICIOS URBANOS","LINEA 4","NO","COLECTIVO","MUNICIPAL","LA PAMPA","SANTA ROSA",1340,"SI"
2026-09-07,"PEHUENCHE S A","LINEA 4","NO","COLECTIVO","MUNICIPAL","RÍO NEGRO","CIPOLLETTI",670,"SI"
2026-09-07,"MUNICIPALIDAD DE RAFAELA","LINEA 4","NO","COLECTIVO","MUNICIPAL","SANTA FE","RAFAELA",158,"SI"
2026-09-07,"EL CORCEL S.A UTE","LINEA 4","NO","COLECTIVO","MUNICIPAL","TUCUMAN","SAN MIGUEL DE TUCUMAN",8074,"SI"
2026-09-07,"ERSA URBANO SA","LINEA 4","NO","COLECTIVO","PROVINCIAL","ENTRE RÍOS","SN",5041,"SI"
2026-09-07,"CONIFERAL S.A.","LINEA 40","NO","COLECTIVO","MUNICIPAL","CORDOBA","CORDOBA",7017,"SI"
2026-09-07,"AUTOTRANSPORTE PRESIDENTE ALVEAR S.A. Y AUTOTRANSPORTE EL TRAPICHE S.R.L. U.T.","LINEA 400","NO","COLECTIVO","PROVINCIAL","MENDOZA","SN",3746,"SI"
2026-09-07,"AUTOTRANSPORTE PRESIDENTE ALVEAR S.A. Y AUTOTRANSPORTE EL TRAPICHE S.R.L. U.T.","LINEA 401","NO","COLECTIVO","PROVINCIAL","MENDOZA","SN",11170,"SI"
2026-09-07,"AUTOTRANSPORTE PRESIDENTE ALVEAR S.A. Y AUTOTRANSPORTE EL TRAPICHE S.R.L. U.T.","LINEA 402","NO","COLECTIVO","PROVINCIAL","MENDOZA","SN",3288,"SI"
2026-09-07,"AGUERO RICARDO DANTE","LINEA 40A","NO","COLECTIVO","PROVINCIAL","CATAMARCA","SN",50,"SI"
2026-09-07,"CONIFERAL S.A.","LINEA 41","NO","COLECTIVO","MUNICIPAL","CORDOBA","CORDOBA",3915,"SI"
2026-09-07,"AGUERO RICARDO DANTE","LINEA 41","NO","COLECTIVO","PROVINCIAL","CATAMARCA","SN",49,"SI"
2026-09-07,"TRANSPORTES ATLANTIDA S.A.C.","LINEA 410","SI","COLECTIVO","PROVINCIAL","BUENOS AIRES","SN",14914,"SI"
2026-09-07,"CONIFERAL S.A.","LINEA 42","NO","COLECTIVO","MUNICIPAL","CORDOBA","CORDOBA",5404,"SI"
2026-09-07,"AUTOTRANSPORTE PRESIDENTE ALVEAR S.A. Y AUTOTRANSPORTE EL TRAPICHE S.R.L. U.T.","LINEA 420","NO","COLECTIVO","PROVINCIAL","MENDOZA","SN",7569,"SI"
2026-09-07,"AUTOTRANSPORTE PRESIDENTE ALVEAR S.A. Y AUTOTRANSPORTE EL TRAPICHE S.R.L. U.T.","LINEA 421","NO","COLECTIVO","PROVINCIAL","MENDOZA","SN",1225,"SI"
2026-09-07,"AUTOTRANSPORTE PRESIDENTE ALVEAR S.A. Y AUTOTRANSPORTE EL TRAPICHE S.R.L. U.T.","LINEA 422","NO","COLECTIVO","PROVINCIAL","MENDOZA","SN",87,"SI"
2026-09-07,"TRANSPORTES ATLANTIDA S.A.C.","LINEA 429","SI","COLECTIVO","PROVINCIAL","BUENOS AIRES","SN",3241,"SI"
2026-09-07,"CONIFERAL S.A.","LINEA 43","NO","COLECTIVO","MUNICIPAL","CORDOBA","CORDOBA",2999,"SI"
2026-09-07,"CONIFERAL S.A.","LINEA 44","NO","COLECTIVO","MUNICIPAL","CORDOBA","CORDOBA",3805,"SI"
2026-09-07,"AGUERO RICARDO DANTE","LINEA 44","NO","COLECTIVO","PROVINCIAL","CATAMARCA","SN",4,"SI"
2026-09-07,"AUTOTRANSPORTE PRESIDENTE ALVEAR S.A. Y AUTOTRANSPORTE EL TRAPICHE S.R.L. U.T.","LINEA 440","NO","COLECTIVO","PROVINCIAL","MENDOZA","SN",4095,"SI"
2026-09-07,"AUTOTRANSPORTE PRESIDENTE ALVEAR S.A. Y AUTOTRANSPORTE EL TRAPICHE S.R.L. U.T.","LINEA 441","NO","COLECTIVO","PROVINCIAL","MENDOZA","SN",5036,"SI"
2026-09-07,"AUTOTRANSPORTE PRESIDENTE ALVEAR S.A. Y AUTOTRANSPORTE EL TRAPICHE S.R.L. U.T.","LINEA 442","NO","COLECTIVO","PROVINCIAL","MENDOZA","SN",1231,"SI"
2026-09-07,"AUTOTRANSPORTE PRESIDENTE ALVEAR S.A. Y AUTOTRANSPORTE EL TRAPICHE S.R.L. U.T.","LINEA 443","NO","COLECTIVO","PROVINCIAL","MENDOZA","SN",1741,"SI"
2026-09-07,"CONIFERAL S.A.","LINEA 45","NO","COLECTIVO","MUNICIPAL","CORDOBA","CORDOBA",3647,"SI"
2026-09-07,"AGUERO RICARDO DANTE","LINEA 45","NO","COLECTIVO","PROVINCIAL","CATAMARCA","SN",4,"SI"
2026-09-07,"AUTOTRANSPORTE PRESIDENTE ALVEAR S.A. Y AUTOTRANSPORTE EL TRAPICHE S.R.L. U.T.","LINEA 461","NO","COLECTIVO","PROVINCIAL","MENDOZA","SN",11772,"SI"
2026-09-07,"AUTOTRANSPORTE PRESIDENTE ALVEAR S.A. Y AUTOTRANSPORTE EL TRAPICHE S.R.L. U.T.","LINEA 462","NO","COLECTIVO","PROVINCIAL","MENDOZA","SN",859,"SI"
2026-09-07,"AUTOTRANSPORTE PRESIDENTE ALVEAR S.A. Y AUTOTRANSPORTE EL TRAPICHE S.R.L. U.T.","LINEA 463","NO","COLECTIVO","PROVINCIAL","MENDOZA","SN",837,"SI"
2026-09-07,"AUTOTRANSPORTE PRESIDENTE ALVEAR S.A. Y AUTOTRANSPORTE EL TRAPICHE S.R.L. U.T.","LINEA 464","NO","COLECTIVO","PROVINCIAL","MENDOZA","SN",4728,"SI"
2026-09-07,"AUTOTRANSPORTE PRESIDENTE ALVEAR S.A. Y AUTOTRANSPORTE EL TRAPICHE S.R.L. U.T.","LINEA 465","NO","COLECTIVO","PROVINCIAL","MENDOZA","SN",77,"SI"
2026-09-07,"AUTOTRANSPORTE PRESIDENTE ALVEAR S.A. Y AUTOTRANSPORTE EL TRAPICHE S.R.L. U.T.","LINEA 466","NO","COLECTIVO","PROVINCIAL","MENDOZA","SN",779,"SI"
2026-09-07,"AUTOTRANSPORTE PRESIDENTE ALVEAR S.A. Y AUTOTRANSPORTE EL TRAPICHE S.R.L. U.T.","LINEA 467","NO","COLECTIVO","PROVINCIAL","MENDOZA","SN",620,"SI"
2026-09-07,"AUTOTRANSPORTE PRESIDENTE ALVEAR S.A. Y AUTOTRANSPORTE EL TRAPICHE S.R.L. U.T.","LINEA 481","NO","COLECTIVO","PROVINCIAL","MENDOZA","SN",151,"SI"
2026-09-07,"AUTOTRANSPORTE PRESIDENTE ALVEAR S.A. Y AUTOTRANSPORTE EL TRAPICHE S.R.L. U.T.","LINEA 482","NO","COLECTIVO","PROVINCIAL","MENDOZA","SN",226,"SI"
2026-09-07,"AUTOTRANSPORTE PRESIDENTE ALVEAR S.A. Y AUTOTRANSPORTE EL TRAPICHE S.R.L. U.T.","LINEA 484","NO","COLECTIVO","PROVINCIAL","MENDOZA","SN",25,"SI"
2026-09-07,"AUTOTRANSPORTE PRESIDENTE ALVEAR S.A. Y AUTOTRANSPORTE EL TRAPICHE S.R.L. U.T.","LINEA 485","NO","COLECTIVO","PROVINCIAL","MENDOZA","SN",55,"SI"
2026-09-07,"AUTOTRANSPORTE PRESIDENTE ALVEAR S.A. Y AUTOTRANSPORTE EL TRAPICHE S.R.L. U.T.","LINEA 486","NO","COLECTIVO","PROVINCIAL","MENDOZA","SN",58,"SI"
2026-09-07,"AUTOTRANSPORTE PRESIDENTE ALVEAR S.A. Y AUTOTRANSPORTE EL TRAPICHE S.R.L. U.T.","LINEA 487","NO","COLECTIVO","PROVINCIAL","MENDOZA","SN",38,"SI"
2026-09-07,"AUTOTRANSPORTE PRESIDENTE ALVEAR S.A. Y AUTOTRANSPORTE EL TRAPICHE S.R.L. U.T.","LINEA 488","NO","COLECTIVO","PROVINCIAL","MENDOZA","SN",41,"SI"
2026-09-07,"LINEA 28 DE JULIO SOCIEDAD COOPERATIVA DE TRABAJO DE TRANSPORTES LIMITADA","LINEA 4: TRELEW / RAWSON","NO","COLECTIVO","PROVINCIAL","CHUBUT","SN",835,"SI"
2026-09-07,"COOPERATIVA DE TRABAJO NUEVO EXPRESO LIMITADA","LINEA 5","NO","COLECTIVO","MUNICIPAL","ENTRE RÍOS","CONCORDIA",3506,"SI"
2026-09-07,"EL VERDE SRL","LINEA 5","NO","COLECTIVO","MUNICIPAL","ENTRE RÍOS","GUALEGUAYCHU",656,"SI"
2026-09-07,"ENTE MUNICIPAL DE SERVICIOS URBANOS","LINEA 5","NO","COLECTIVO","MUNICIPAL","LA PAMPA","SANTA ROSA",255,"SI"
2026-09-07,"PEHUENCHE S A","LINEA 5","NO","COLECTIVO","MUNICIPAL","RÍO NEGRO","CIPOLLETTI",709,"SI"
2026-09-07,"MUNICIPALIDAD DE RAFAELA","LINEA 5","NO","COLECTIVO","MUNICIPAL","SANTA FE","RAFAELA",269,"SI"
2026-09-07,"TRANSPORTE J.M.F S.R.L.","LINEA 5","NO","COLECTIVO","MUNICIPAL","SANTIAGO DEL ESTERO","LA BANDA",243,"SI"
2026-09-07,"TRANSPORTE YERBA BUENA SRL","LINEA 5","NO","COLECTIVO","MUNICIPAL","TUCUMAN","SAN MIGUEL DE TUCUMAN",4267,"SI"
2026-09-07,"TRANSPORTES ASOCIADOS S.R.L.","LINEA 5","NO","COLECTIVO","MUNICIPAL","TUCUMAN","SAN MIGUEL DE TUCUMAN",1788,"SI"
2026-09-07,"RISSMA S.R.L","LINEA 50","NO","COLECTIVO","MUNICIPAL","CORDOBA","CORDOBA",7066,"SI"
2026-09-07,"NUEVA VISION TRANSPORTE Y SERVICIOS SRL","LINEA 50","NO","COLECTIVO","MUNICIPAL","NEUQUÉN","PLOTTIER",5388,"SI"
2026-09-07,"COOPERATIVA DE TRABAJO DE TRANSPORTE SAN FERNANDO LTDA","LINEA 50","NO","COLECTIVO","PROVINCIAL","CATAMARCA","SN",25,"SI"
2026-09-07,"BOTACURA S.R.L","LINEA 500","NO","COLECTIVO","MUNICIPAL","BUENOS AIRES","OLAVARRIA",1072,"SI"
2026-09-07,"MAXIMILIANO BERTORELLO S.R.L.","LINEA 500","NO","COLECTIVO","MUNICIPAL","BUENOS AIRES","RAMALLO",1433,"SI"
2026-09-07,"TRANSPORTE 9 DE JULIO S.A","LINEA 500","NO","COLECTIVO","MUNICIPAL","BUENOS AIRES","TANDIL",4169,"SI"
2026-09-07,"EMPRESA 501 SA","LINEA 501 A","SI","COLECTIVO","MUNICIPAL","BUENOS AIRES","ALMIRANTE BROWN",47828,"SI"
2026-09-07,"AUTOBUSES BUENOS AIRES SRL","LINEA 501","NO","COLECTIVO","MUNICIPAL","BUENOS AIRES","AZUL",555,"SI"
2026-09-07,"BOTACURA S.R.L","LINEA 501","NO","COLECTIVO","MUNICIPAL","BUENOS AIRES","OLAVARRIA",1156,"SI"
2026-09-07,"TRANSPORTES CIUDAD DE TANDIL S.A.","LINEA 501","NO","COLECTIVO","MUNICIPAL","BUENOS AIRES","TANDIL",5685,"SI"
2026-09-07,"COOP. PROV. OB. Y S.P. SAN CLEMENTE DEL TUYU","LINEA 501","NO","COLECTIVO","MUNICIPAL","BUENOS AIRES","URBANO DE LA COSTA",767,"SI"
2026-09-07,"AUTOBUSES BUENOS AIRES SRL","LINEA 502","NO","COLECTIVO","MUNICIPAL","BUENOS AIRES","AZUL",1121,"SI"
2026-09-07,"COOPERATIVA DE TRABAJO 3 DE JULIO LIMITADA","LINEA 502","SI","COLECTIVO","MUNICIPAL","BUENOS AIRES","CAMPANA",395,"SI"
2026-09-07,"BOTACURA S.R.L","LINEA 502","NO","COLECTIVO","MUNICIPAL","BUENOS AIRES","OLAVARRIA",413,"SI"
2026-09-07,"LA NUEVA MOVEDIZA TRANSPORTE S.A.","LINEA 502","NO","COLECTIVO","MUNICIPAL","BUENOS AIRES","TANDIL",2352,"SI"
2026-09-07,"COOP.DE PROV.DE O.Y S.P.Y C.LAS TONINAS","LINEA 502","NO","COLECTIVO","MUNICIPAL","BUENOS AIRES","URBANO DE LA COSTA",1261,"SI"
2026-09-07,"LINEA SESENTA SA","LINEA 503 B","SI","COLECTIVO","MUNICIPAL","BUENOS AIRES","ESCOBAR",11951,"SI"
2026-09-07,"AUTOBUSES BUENOS AIRES SRL","LINEA 503","NO","COLECTIVO","MUNICIPAL","BUENOS AIRES","AZUL",42,"SI"
2026-09-07,"BOTACURA S.R.L","LINEA 503","NO","COLECTIVO","MUNICIPAL","BUENOS AIRES","OLAVARRIA",841,"SI"
2026-09-07,"TRANSPORTES GENERAL RODRIGUEZ S.A.","LINEA 503","NO","COLECTIVO","MUNICIPAL","BUENOS AIRES","TANDIL",6991,"SI"
2026-09-07,"COOP.DE ELEC.SERV.Y OB.PUB.SAN BERNARDO","LINEA 503","NO","COLECTIVO","MUNICIPAL","BUENOS AIRES","URBANO DE LA COSTA",843,"SI"
2026-09-07,"BOTACURA S.R.L","LINEA 504","NO","COLECTIVO","MUNICIPAL","BUENOS AIRES","OLAVARRIA",664,"SI"
2026-09-07,"TRANSPORTE VILLA AGUIRRE S.A.","LINEA 504","NO","COLECTIVO","MUNICIPAL","BUENOS AIRES","TANDIL",3859,"SI"
2026-09-07,"EMPRESA MUNICIPAL DE TRANSPORTE URBANO DE PASAJEROS SOCIEDAD DEL ESTADO","LINEA 505","NO","COLECTIVO","MUNICIPAL","BUENOS AIRES","CHIVILCOY",315,"SI"
2026-09-07,"BOTACURA S.R.L","LINEA 505","NO","COLECTIVO","MUNICIPAL","BUENOS AIRES","OLAVARRIA",1092,"SI"
2026-09-07,"TRANSPORTES GENERAL BELGRANO S.A","LINEA 505","NO","COLECTIVO","MUNICIPAL","BUENOS AIRES","TANDIL",6465,"SI"
2026-09-07,"EMPRESA MUNICIPAL DE TRANSPORTE URBANO DE PASAJEROS SOCIEDAD DEL ESTADO","LINEA 506","NO","COLECTIVO","MUNICIPAL","BUENOS AIRES","CHIVILCOY",915,"SI"
2026-09-07,"NUEVO BUS DE OLAVARRIA SRL","LINEA 507 ABC AVENIDA 3 - BOULEVARD","NO","COLECTIVO","MUNICIPAL","BUENOS AIRES","VILLA GESELL",1911,"SI"
2026-09-07,"NUEVO BUS DE OLAVARRIA SRL","LINEA 507 E MAR AZUL","NO","COLECTIVO","MUNICIPAL","BUENOS AIRES","VILLA GESELL",383,"SI"
2026-09-07,"NUEVO BUS DE OLAVARRIA SRL","LINEA 507 F DIRECTO A MAR AZUL","NO","COLECTIVO","MUNICIPAL","BUENOS AIRES","VILLA GESELL",40,"SI"
2026-09-07,"RISSMA S.R.L","LINEA 51","NO","COLECTIVO","MUNICIPAL","CORDOBA","CORDOBA",3412,"SI"
2026-09-07,"AUTOTRANSPORTES ISELIN S A","LINEA 511","NO","COLECTIVO","PROVINCIAL","MENDOZA","SN",7684,"SI"
2026-09-07,"AUTOTRANSPORTES ISELIN S A","LINEA 512","NO","COLECTIVO","PROVINCIAL","MENDOZA","SN",611,"SI"
2026-09-07,"AUTOTRANSPORTES ISELIN S A","LINEA 513","NO","COLECTIVO","PROVINCIAL","MENDOZA","SN",113,"SI"
2026-09-07,"AUTOTRANSPORTES ISELIN S A","LINEA 514","NO","COLECTIVO","PROVINCIAL","MENDOZA","SN",2090,"SI"
2026-09-07,"AUTOTRANSPORTES ISELIN S A","LINEA 515","NO","COLECTIVO","PROVINCIAL","MENDOZA","SN",96,"SI"
2026-09-07,"AUTOTRANSPORTES ISELIN S A","LINEA 516","NO","COLECTIVO","PROVINCIAL","MENDOZA","SN",351,"SI"
2026-09-07,"AUTOTRANSPORTES ISELIN S A","LINEA 517","NO","COLECTIVO","PROVINCIAL","MENDOZA","SN",213,"SI"
2026-09-07,"AUTOTRANSPORTES ISELIN S A","LINEA 518","NO","COLECTIVO","PROVINCIAL","MENDOZA","SN",617,"SI"
2026-09-07,"RISSMA S.R.L","LINEA 52","NO","COLECTIVO","MUNICIPAL","CORDOBA","CORDOBA",2955,"SI"
2026-09-07,"TRANPORTE DE PASAJEROS GENERAL ROCA S.R.L","LINEA 520","NO","COLECTIVO","PROVINCIAL","MENDOZA","SN",2397,"SI"
2026-09-07,"EVHSA SOCIEDAD ANONIMA","LINEA 520A","NO","COLECTIVO","MUNICIPAL","BUENOS AIRES","SAN PEDRO",523,"SI"
2026-09-07,"EVHSA SOCIEDAD ANONIMA","LINEA 520B","NO","COLECTIVO","MUNICIPAL","BUENOS AIRES","SAN PEDRO",463,"SI"
2026-09-07,"MICRO OMNIBUS ESTE S.A","LINEA 521 A","SI","COLECTIVO","MUNICIPAL","BUENOS AIRES","LANUS",6221,"SI"
2026-09-07,"TRANPORTE DE PASAJEROS GENERAL ROCA S.R.L","LINEA 521","NO","COLECTIVO","PROVINCIAL","MENDOZA","SN",1595,"SI"
2026-09-07,"EVHSA SOCIEDAD ANONIMA","LINEA 522","NO","COLECTIVO","MUNICIPAL","BUENOS AIRES","SAN PEDRO",315,"SI"
2026-09-07,"TRANPORTE DE PASAJEROS GENERAL ROCA S.R.L","LINEA 522","NO","COLECTIVO","PROVINCIAL","MENDOZA","SN",4760,"SI"
2026-09-07,"TRANPORTE DE PASAJEROS GENERAL ROCA S.R.L","LINEA 523","NO","COLECTIVO","PROVINCIAL","MENDOZA","SN",4828,"SI"
2026-09-07,"EVHSA SOCIEDAD ANONIMA","LINEA 524","NO","COLECTIVO","MUNICIPAL","BUENOS AIRES","SAN PEDRO",90,"SI"
2026-09-07,"TRANPORTE DE PASAJEROS GENERAL ROCA S.R.L","LINEA 524","NO","COLECTIVO","PROVINCIAL","MENDOZA","SN",138,"SI"
2026-09-07,"TRANPORTE DE PASAJEROS GENERAL ROCA S.R.L","LINEA 525","NO","COLECTIVO","PROVINCIAL","MENDOZA","SN",1743,"SI"
2026-09-07,"MICRO OMNIBUS ESTE S.A","LINEA 526","SI","COLECTIVO","MUNICIPAL","BUENOS AIRES","LANUS",16938,"SI"
2026-09-07,"RISSMA S.R.L","LINEA 53","NO","COLECTIVO","MUNICIPAL","CORDOBA","CORDOBA",3011,"SI"
2026-09-07,"COOPERATIVA DE TRABAJO DE TRANSPORTE SAN FERNANDO LTDA","LINEA 53","NO","COLECTIVO","PROVINCIAL","CATAMARCA","SN",32,"SI"
2026-09-07,"TRANPORTE DE PASAJEROS GENERAL ROCA S.R.L","LINEA 530","NO","COLECTIVO","PROVINCIAL","MENDOZA","SN",3547,"SI"
2026-09-07,"TRANPORTE DE PASAJEROS GENERAL ROCA S.R.L","LINEA 531","NO","COLECTIVO","PROVINCIAL","MENDOZA","SN",1717,"SI"
2026-09-07,"TRANPORTE DE PASAJEROS GENERAL ROCA S.R.L","LINEA 532","NO","COLECTIVO","PROVINCIAL","MENDOZA","SN",4380,"SI"
2026-09-07,"TRANPORTE DE PASAJEROS GENERAL ROCA S.R.L","LINEA 533","NO","COLECTIVO","PROVINCIAL","MENDOZA","SN",4515,"SI"
2026-09-07,"TRANPORTE DE PASAJEROS GENERAL ROCA S.R.L","LINEA 534","NO","COLECTIVO","PROVINCIAL","MENDOZA","SN",58,"SI"
2026-09-07,"TRANPORTE DE PASAJEROS GENERAL ROCA S.R.L","LINEA 535","NO","COLECTIVO","PROVINCIAL","MENDOZA","SN",1312,"SI"
2026-09-07,"RISSMA S.R.L","LINEA 54","NO","COLECTIVO","MUNICIPAL","CORDOBA","CORDOBA",1977,"SI"
2026-09-07,"TRANPORTE DE PASAJEROS GENERAL ROCA S.R.L","LINEA 540","NO","COLECTIVO","PROVINCIAL","MENDOZA","SN",1189,"SI"
2026-09-07,"ANTONIO BUTTINI E HIJOS S R L","LINEA 541","NO","COLECTIVO","PROVINCIAL","MENDOZA","SN",70,"SI"
2026-09-07,"TRANPORTE DE PASAJEROS GENERAL ROCA S.R.L","LINEA 541","NO","COLECTIVO","PROVINCIAL","MENDOZA","SN",1169,"SI"
2026-09-07,"ANTONIO BUTTINI E HIJOS S R L","LINEA 542","NO","COLECTIVO","PROVINCIAL","MENDOZA","SN",833,"SI"
2026-09-07,"TRANPORTE DE PASAJEROS GENERAL ROCA S.R.L","LINEA 542","NO","COLECTIVO","PROVINCIAL","MENDOZA","SN",948,"SI"
2026-09-07,"ANTONIO BUTTINI E HIJOS S R L","LINEA 543","NO","COLECTIVO","PROVINCIAL","MENDOZA","SN",327,"SI"
2026-09-07,"TRANPORTE DE PASAJEROS GENERAL ROCA S.R.L","LINEA 543","NO","COLECTIVO","PROVINCIAL","MENDOZA","SN",669,"SI"
2026-09-07,"ANTONIO BUTTINI E HIJOS S R L","LINEA 544","NO","COLECTIVO","PROVINCIAL","MENDOZA","SN",1387,"SI"
2026-09-07,"TRANPORTE DE PASAJEROS GENERAL ROCA S.R.L","LINEA 544","NO","COLECTIVO","PROVINCIAL","MENDOZA","SN",3903,"SI"
2026-09-07,"TRANPORTE DE PASAJEROS GENERAL ROCA S.R.L","LINEA 545","NO","COLECTIVO","PROVINCIAL","MENDOZA","SN",200,"SI"
2026-09-07,"TRANPORTE DE PASAJEROS GENERAL ROCA S.R.L","LINEA 546","NO","COLECTIVO","PROVINCIAL","MENDOZA","SN",648,"SI"
2026-09-07,"TRANPORTE DE PASAJEROS GENERAL ROCA S.R.L","LINEA 547","NO","COLECTIVO","PROVINCIAL","MENDOZA","SN",581,"SI"
2026-09-07,"ANTONIO BUTTINI E HIJOS S R L","LINEA 548","NO","COLECTIVO","PROVINCIAL","MENDOZA","SN",599,"SI"
2026-09-07,"TRANPORTE DE PASAJEROS GENERAL ROCA S.R.L","LINEA 548","NO","COLECTIVO","PROVINCIAL","MENDOZA","SN",567,"SI"
2026-09-07,"TRANPORTE DE PASAJEROS GENERAL ROCA S.R.L","LINEA 549","NO","COLECTIVO","PROVINCIAL","MENDOZA","SN",702,"SI"
2026-09-07,"COOPERATIVA DE TRABAJO DE TRANSPORTE SAN FERNANDO LTDA","LINEA 55","NO","COLECTIVO","PROVINCIAL","CATAMARCA","SN",8,"SI"
2026-09-07,"TRANPORTE DE PASAJEROS GENERAL ROCA S.R.L","LINEA 550","NO","COLECTIVO","PROVINCIAL","MENDOZA","SN",1605,"SI"
2026-09-07,"TRANPORTE DE PASAJEROS GENERAL ROCA S.R.L","LINEA 551","NO","COLECTIVO","PROVINCIAL","MENDOZA","SN",514,"SI"
2026-09-07,"TRANPORTE DE PASAJEROS GENERAL ROCA S.R.L","LINEA 552","NO","COLECTIVO","PROVINCIAL","MENDOZA","SN",363,"SI"
2026-09-07,"TRANPORTE DE PASAJEROS GENERAL ROCA S.R.L","LINEA 553","NO","COLECTIVO","PROVINCIAL","MENDOZA","SN",780,"SI"
2026-09-07,"TRANPORTE DE PASAJEROS GENERAL ROCA S.R.L","LINEA 554","NO","COLECTIVO","PROVINCIAL","MENDOZA","SN",2899,"SI"
2026-09-07,"TRANPORTE DE PASAJEROS GENERAL ROCA S.R.L","LINEA 555","NO","COLECTIVO","PROVINCIAL","MENDOZA","SN",25,"SI"
2026-09-07,"TRANPORTE DE PASAJEROS GENERAL ROCA S.R.L","LINEA 556","NO","COLECTIVO","PROVINCIAL","MENDOZA","SN",1035,"SI"
2026-09-07,"TRANPORTE DE PASAJEROS GENERAL ROCA S.R.L","LINEA 557","NO","COLECTIVO","PROVINCIAL","MENDOZA","SN",145,"SI"
2026-09-07,"TRANPORTE DE PASAJEROS GENERAL ROCA S.R.L","LINEA 558","NO","COLECTIVO","PROVINCIAL","MENDOZA","SN",80,"SI"
2026-09-07,"TRANPORTE DE PASAJEROS GENERAL ROCA S.R.L","LINEA 559","NO","COLECTIVO","PROVINCIAL","MENDOZA","SN",73,"SI"
2026-09-07,"TRANPORTE DE PASAJEROS GENERAL ROCA S.R.L","LINEA 560","NO","COLECTIVO","PROVINCIAL","MENDOZA","SN",1344,"SI"
2026-09-07,"TRANPORTE DE PASAJEROS GENERAL ROCA S.R.L","LINEA 561","NO","COLECTIVO","PROVINCIAL","MENDOZA","SN",658,"SI"
2026-09-07,"TRANPORTE DE PASAJEROS GENERAL ROCA S.R.L","LINEA 562","NO","COLECTIVO","PROVINCIAL","MENDOZA","SN",1032,"SI"
2026-09-07,"TRANPORTE DE PASAJEROS GENERAL ROCA S.R.L","LINEA 563","NO","COLECTIVO","PROVINCIAL","MENDOZA","SN",827,"SI"
2026-09-07,"TRANPORTE DE PASAJEROS GENERAL ROCA S.R.L","LINEA 564","NO","COLECTIVO","PROVINCIAL","MENDOZA","SN",87,"SI"
2026-09-07,"TRANPORTE DE PASAJEROS GENERAL ROCA S.R.L","LINEA 570","NO","COLECTIVO","PROVINCIAL","MENDOZA","SN",801,"SI"
2026-09-07,"ANTONIO BUTTINI E HIJOS S R L","LINEA 571","NO","COLECTIVO","PROVINCIAL","MENDOZA","SN",9,"SI"
2026-09-07,"ANTONIO BUTTINI E HIJOS S R L","LINEA 572","NO","COLECTIVO","PROVINCIAL","MENDOZA","SN",172,"SI"
2026-09-07,"ANTONIO BUTTINI E HIJOS S R L","LINEA 573","NO","COLECTIVO","PROVINCIAL","MENDOZA","SN",408,"SI"
2026-09-07,"ANTONIO BUTTINI E HIJOS S R L","LINEA 574","NO","COLECTIVO","PROVINCIAL","MENDOZA","SN",1126,"SI"
2026-09-07,"ANTONIO BUTTINI E HIJOS S R L","LINEA 575","NO","COLECTIVO","PROVINCIAL","MENDOZA","SN",896,"SI"
2026-09-07,"TRANPORTE DE PASAJEROS GENERAL ROCA S.R.L","LINEA 590","NO","COLECTIVO","PROVINCIAL","MENDOZA","SN",29,"SI"
2026-09-07,"TRANPORTE DE PASAJEROS GENERAL ROCA S.R.L","LINEA 591","NO","COLECTIVO","PROVINCIAL","MENDOZA","SN",26,"SI"
2026-09-07,"TURISMO PALMARES S.R.L.","LINEA 6","NO","COLECTIVO","MUNICIPAL","ENTRE RÍOS","CONCORDIA",1211,"SI"
2026-09-07,"ENTE MUNICIPAL DE SERVICIOS URBANOS","LINEA 6","NO","COLECTIVO","MUNICIPAL","LA PAMPA","SANTA ROSA",418,"SI"
2026-09-07,"TRANSPORTE J.M.F S.R.L.","LINEA 6","NO","COLECTIVO","MUNICIPAL","SANTIAGO DEL ESTERO","LA BANDA",3299,"SI"
2026-09-07,"EMPRESA CERRO POZO S.R.L.","LINEA 6","NO","COLECTIVO","MUNICIPAL","TUCUMAN","SAN MIGUEL DE TUCUMAN",4239,"SI"
2026-09-07,"ILLAGES S.R.L.","LINEA 6","NO","COLECTIVO","MUNICIPAL","TUCUMAN","SAN MIGUEL DE TUCUMAN",3232,"SI"
2026-09-07,"PUESTO NUEVO S.R.L.","LINEA 6","NO","COLECTIVO","MUNICIPAL","TUCUMAN","SAN MIGUEL DE TUCUMAN",524,"SI"
2026-09-07,"ERSA URBANO SA","LINEA 6","NO","COLECTIVO","PROVINCIAL","ENTRE RÍOS","SN",2958,"SI"
2026-09-07,"CONIFERAL S.A.","LINEA 60","NO","COLECTIVO","MUNICIPAL","CORDOBA","CORDOBA",8410,"SI"
2026-09-07,"TAMSAU","LINEA 600","NO","COLECTIVO","MUNICIPAL","CORDOBA","CORDOBA",563,"SI"
2026-09-07,"TRANSPORTES EL PLUMERILLO S A","LINEA 600","NO","COLECTIVO","PROVINCIAL","MENDOZA","SN",11788,"SI"
2026-09-07,"TAMSAU","LINEA 601","NO","COLECTIVO","MUNICIPAL","CORDOBA","CORDOBA",642,"SI"
2026-09-07,"TRANSPORTES EL PLUMERILLO S A","LINEA 601","NO","COLECTIVO","PROVINCIAL","MENDOZA","SN",4148,"SI"
2026-09-07,"TRANSPORTES EL PLUMERILLO S A","LINEA 603","NO","COLECTIVO","PROVINCIAL","MENDOZA","SN",1672,"SI"
2026-09-07,"TRANSPORTES EL PLUMERILLO S A","LINEA 604","NO","COLECTIVO","PROVINCIAL","MENDOZA","SN",2457,"SI"
2026-09-07,"TRANSPORTES EL PLUMERILLO S A","LINEA 605","NO","COLECTIVO","PROVINCIAL","MENDOZA","SN",4256,"SI"
2026-09-07,"TRANSPORTES EL PLUMERILLO S A","LINEA 606","NO","COLECTIVO","PROVINCIAL","MENDOZA","SN",7998,"SI"
2026-09-07,"TRANSPORTES EL PLUMERILLO S A","LINEA 607","NO","COLECTIVO","PROVINCIAL","MENDOZA","SN",174,"SI"
2026-09-07,"TRANSPORTES EL PLUMERILLO S A","LINEA 608","NO","COLECTIVO","PROVINCIAL","MENDOZA","SN",1926,"SI"
2026-09-07,"TRANSPORTES EL PLUMERILLO S A","LINEA 609","NO","COLECTIVO","PROVINCIAL","MENDOZA","SN",2084,"SI"
2026-09-07,"CONIFERAL S.A.","LINEA 61","NO","COLECTIVO","MUNICIPAL","CORDOBA","CORDOBA",2609,"SI"
2026-09-07,"TRANSPORTES EL PLUMERILLO S A","LINEA 610","NO","COLECTIVO","PROVINCIAL","MENDOZA","SN",5693,"SI"
2026-09-07,"TRANSPORTES EL PLUMERILLO S A","LINEA 611","NO","COLECTIVO","PROVINCIAL","MENDOZA","SN",6073,"SI"
2026-09-07,"TRANSPORTES EL PLUMERILLO S A","LINEA 612","NO","COLECTIVO","PROVINCIAL","MENDOZA","SN",237,"SI"
2026-09-07,"CONIFERAL S.A.","LINEA 62","NO","COLECTIVO","MUNICIPAL","CORDOBA","CORDOBA",6289,"SI"
2026-09-07,"TRANSPORTES EL PLUMERILLO S A","LINEA 620","NO","COLECTIVO","PROVINCIAL","MENDOZA","SN",1542,"SI"
2026-09-07,"TRANSPORTES EL PLUMERILLO S A","LINEA 625","NO","COLECTIVO","PROVINCIAL","MENDOZA","SN",3807,"SI"
2026-09-07,"CONIFERAL S.A.","LINEA 63","NO","COLECTIVO","MUNICIPAL","CORDOBA","CORDOBA",3784,"SI"
2026-09-07,"LA VECINAL DE MATANZA SACI. DE MICROOMNIBUS","LINEA 630","SI","COLECTIVO","MUNICIPAL","BUENOS AIRES","LA MATANZA",19122,"SI"
2026-09-07,"TRANSPORTES EL PLUMERILLO S A","LINEA 630","NO","COLECTIVO","PROVINCIAL","MENDOZA","SN",5562,"SI"
2026-09-07,"CONIFERAL S.A.","LINEA 64","NO","COLECTIVO","MUNICIPAL","CORDOBA","CORDOBA",2985,"SI"
2026-09-07,"TRANSPORTES EL PLUMERILLO S A","LINEA 640","NO","COLECTIVO","PROVINCIAL","MENDOZA","SN",2354,"SI"
2026-09-07,"TRANSPORTES EL PLUMERILLO S A","LINEA 645","NO","COLECTIVO","PROVINCIAL","MENDOZA","SN",2129,"SI"
2026-09-07,"CONIFERAL S.A.","LINEA 65","NO","COLECTIVO","MUNICIPAL","CORDOBA","CORDOBA",5758,"SI"
2026-09-07,"TRANSPORTES EL PLUMERILLO S A","LINEA 650","NO","COLECTIVO","PROVINCIAL","MENDOZA","SN",2304,"SI"
2026-09-07,"TRANSPORTES EL PLUMERILLO S A","LINEA 651","NO","COLECTIVO","PROVINCIAL","MENDOZA","SN",1444,"SI"
2026-09-07,"TRANSPORTES EL PLUMERILLO S A","LINEA 653","NO","COLECTIVO","PROVINCIAL","MENDOZA","SN",1508,"SI"
2026-09-07,"CONIFERAL S.A.","LINEA 66","NO","COLECTIVO","MUNICIPAL","CORDOBA","CORDOBA",5315,"SI"
2026-09-07,"TRANSPORTES EL PLUMERILLO S A","LINEA 660","NO","COLECTIVO","PROVINCIAL","MENDOZA","SN",1578,"SI"
2026-09-07,"TRANSPORTES EL PLUMERILLO S A","LINEA 665","NO","COLECTIVO","PROVINCIAL","MENDOZA","SN",744,"SI"
2026-09-07,"CONIFERAL S.A.","LINEA 67","NO","COLECTIVO","MUNICIPAL","CORDOBA","CORDOBA",2406,"SI"
2026-09-07,"AGUERO RICARDO DANTE","LINEA 67","NO","COLECTIVO","PROVINCIAL","CATAMARCA","SN",6,"SI"
2026-09-07,"TRANSPORTES EL PLUMERILLO S A","LINEA 670","NO","COLECTIVO","PROVINCIAL","MENDOZA","SN",4219,"SI"
2026-09-07,"TRANSPORTES EL PLUMERILLO S A","LINEA 675","NO","COLECTIVO","PROVINCIAL","MENDOZA","SN",837,"SI"
2026-09-07,"TRANSPORTES EL PLUMERILLO S A","LINEA 676","NO","COLECTIVO","PROVINCIAL","MENDOZA","SN",322,"SI"
2026-09-07,"CONIFERAL S.A.","LINEA 68","NO","COLECTIVO","MUNICIPAL","CORDOBA","CORDOBA",2229,"SI"
2026-09-07,"TRANSPORTES EL PLUMERILLO S A","LINEA 697","NO","COLECTIVO","PROVINCIAL","MENDOZA","SN",40,"SI"
2026-09-07,"TRANSPORTES EL PLUMERILLO S A","LINEA 698","NO","COLECTIVO","PROVINCIAL","MENDOZA","SN",18,"SI"
2026-09-07,"COOPERATIVA DE TRABAJO NUEVO EXPRESO LIMITADA","LINEA 7","NO","COLECTIVO","MUNICIPAL","ENTRE RÍOS","CONCORDIA",8416,"SI"
2026-09-07,"ENTE MUNICIPAL DE SERVICIOS URBANOS","LINEA 7","NO","COLECTIVO","MUNICIPAL","LA PAMPA","SANTA ROSA",2286,"SI"
2026-09-07,"EL CEIBO SRL","LINEA 7","NO","COLECTIVO","MUNICIPAL","TUCUMAN","SAN MIGUEL DE TUCUMAN",6492,"SI"
2026-09-07,"GRUPO MR S.R.L.","LINEA 70","NO","COLECTIVO","MUNICIPAL","CORDOBA","CORDOBA",9419,"SI"
2026-09-07,"AUTOTRANSPORTES EL TRAPICHE SRL Y TRANSPORTE GENERAL BARTOLOME MITRE SRL UNION TRANSITORIA","LINEA 700","NO","COLECTIVO","PROVINCIAL","MENDOZA","SN",13187,"SI"
2026-09-07,"AUTOTRANSPORTES EL TRAPICHE SRL Y TRANSPORTE GENERAL BARTOLOME MITRE SRL UNION TRANSITORIA","LINEA 702","NO","COLECTIVO","PROVINCIAL","MENDOZA","SN",218,"SI"
2026-09-07,"AUTOTRANSPORTES EL TRAPICHE SRL Y TRANSPORTE GENERAL BARTOLOME MITRE SRL UNION TRANSITORIA","LINEA 703","NO","COLECTIVO","PROVINCIAL","MENDOZA","SN",351,"SI"
2026-09-07,"AUTOTRANSPORTES EL TRAPICHE SRL Y TRANSPORTE GENERAL BARTOLOME MITRE SRL UNION TRANSITORIA","LINEA 704","NO","COLECTIVO","PROVINCIAL","MENDOZA","SN",4447,"SI"
2026-09-07,"AUTOTRANSPORTES EL TRAPICHE SRL Y TRANSPORTE GENERAL BARTOLOME MITRE SRL UNION TRANSITORIA","LINEA 705","NO","COLECTIVO","PROVINCIAL","MENDOZA","SN",1486,"SI"
2026-09-07,"AUTOTRANSPORTES EL TRAPICHE SRL Y TRANSPORTE GENERAL BARTOLOME MITRE SRL UNION TRANSITORIA","LINEA 707","NO","COLECTIVO","PROVINCIAL","MENDOZA","SN",1693,"SI"
2026-09-07,"AUTOTRANSPORTES EL TRAPICHE SRL Y TRANSPORTE GENERAL BARTOLOME MITRE SRL UNION TRANSITORIA","LINEA 708","NO","COLECTIVO","PROVINCIAL","MENDOZA","SN",1389,"SI"
2026-09-07,"AUTOTRANSPORTES EL TRAPICHE SRL Y TRANSPORTE GENERAL BARTOLOME MITRE SRL UNION TRANSITORIA","LINEA 709","NO","COLECTIVO","PROVINCIAL","MENDOZA","SN",46,"SI"
2026-09-07,"GRUPO MR S.R.L.","LINEA 71","NO","COLECTIVO","MUNICIPAL","CORDOBA","CORDOBA",2745,"SI"
2026-09-07,"AUTOTRANSPORTES EL TRAPICHE SRL Y TRANSPORTE GENERAL BARTOLOME MITRE SRL UNION TRANSITORIA","LINEA 710","NO","COLECTIVO","PROVINCIAL","MENDOZA","SN",2657,"SI"
2026-09-07,"AUTOTRANSPORTES EL TRAPICHE SRL Y TRANSPORTE GENERAL BARTOLOME MITRE SRL UNION TRANSITORIA","LINEA 711","NO","COLECTIVO","PROVINCIAL","MENDOZA","SN",345,"SI"
2026-09-07,"AUTOTRANSPORTES EL TRAPICHE SRL Y TRANSPORTE GENERAL BARTOLOME MITRE SRL UNION TRANSITORIA","LINEA 713","NO","COLECTIVO","PROVINCIAL","MENDOZA","SN",558,"SI"
2026-09-07,"AUTOTRANSPORTES EL TRAPICHE SRL Y TRANSPORTE GENERAL BARTOLOME MITRE SRL UNION TRANSITORIA","LINEA 714","NO","COLECTIVO","PROVINCIAL","MENDOZA","SN",1173,"SI"
2026-09-07,"AUTOTRANSPORTES EL TRAPICHE SRL Y TRANSPORTE GENERAL BARTOLOME MITRE SRL UNION TRANSITORIA","LINEA 715","NO","COLECTIVO","PROVINCIAL","MENDOZA","SN",91,"SI"
2026-09-07,"EMPRESA DE TRANSPORTE PERALTA RAMOS SACI","LINEA 717","NO","COLECTIVO","MUNICIPAL","BUENOS AIRES","GENERAL PUEYRREDON",5506,"SI"
2026-09-07,"GRUPO MR S.R.L.","LINEA 72","NO","COLECTIVO","MUNICIPAL","CORDOBA","CORDOBA",3221,"SI"
2026-09-07,"AUTOTRANSPORTES EL TRAPICHE SRL Y TRANSPORTE GENERAL BARTOLOME MITRE SRL UNION TRANSITORIA","LINEA 720","NO","COLECTIVO","PROVINCIAL","MENDOZA","SN",7929,"SI"
2026-09-07,"AUTOTRANSPORTES EL TRAPICHE SRL Y TRANSPORTE GENERAL BARTOLOME MITRE SRL UNION TRANSITORIA","LINEA 721","NO","COLECTIVO","PROVINCIAL","MENDOZA","SN",345,"SI"
2026-09-07,"UTENOR SA L 722","LINEA 722","SI","COLECTIVO","MUNICIPAL","BUENOS AIRES","TIGRE",4537,"SI"
2026-09-07,"AUTOTRANSPORTES EL TRAPICHE SRL Y TRANSPORTE GENERAL BARTOLOME MITRE SRL UNION TRANSITORIA","LINEA 722","NO","COLECTIVO","PROVINCIAL","MENDOZA","SN",4088,"SI"
2026-09-07,"AUTOTRANSPORTES EL TRAPICHE SRL Y TRANSPORTE GENERAL BARTOLOME MITRE SRL UNION TRANSITORIA","LINEA 723","NO","COLECTIVO","PROVINCIAL","MENDOZA","SN",1450,"SI"
2026-09-07,"AUTOTRANSPORTES EL TRAPICHE SRL Y TRANSPORTE GENERAL BARTOLOME MITRE SRL UNION TRANSITORIA","LINEA 724","NO","COLECTIVO","PROVINCIAL","MENDOZA","SN",789,"SI"
2026-09-07,"AUTOTRANSPORTES EL TRAPICHE SRL Y TRANSPORTE GENERAL BARTOLOME MITRE SRL UNION TRANSITORIA","LINEA 729","NO","COLECTIVO","PROVINCIAL","MENDOZA","SN",141,"SI"
2026-09-07,"GRUPO MR S.R.L.","LINEA 73","NO","COLECTIVO","MUNICIPAL","CORDOBA","CORDOBA",2552,"SI"
2026-09-07,"AUTOTRANSPORTES EL TRAPICHE SRL Y TRANSPORTE GENERAL BARTOLOME MITRE SRL UNION TRANSITORIA","LINEA 730","NO","COLECTIVO","PROVINCIAL","MENDOZA","SN",2461,"SI"
2026-09-07,"AUTOTRANSPORTES EL TRAPICHE SRL Y TRANSPORTE GENERAL BARTOLOME MITRE SRL UNION TRANSITORIA","LINEA 731","NO","COLECTIVO","PROVINCIAL","MENDOZA","SN",74,"SI"
2026-09-07,"AUTOTRANSPORTES EL TRAPICHE SRL Y TRANSPORTE GENERAL BARTOLOME MITRE SRL UNION TRANSITORIA","LINEA 732","NO","COLECTIVO","PROVINCIAL","MENDOZA","SN",6594,"SI"
2026-09-07,"AUTOTRANSPORTES EL TRAPICHE SRL Y TRANSPORTE GENERAL BARTOLOME MITRE SRL UNION TRANSITORIA","LINEA 733","NO","COLECTIVO","PROVINCIAL","MENDOZA","SN",6269,"SI"
2026-09-07,"AUTOTRANSPORTES EL TRAPICHE SRL Y TRANSPORTE GENERAL BARTOLOME MITRE SRL UNION TRANSITORIA","LINEA 734","NO","COLECTIVO","PROVINCIAL","MENDOZA","SN",1241,"SI"
2026-09-07,"AUTOTRANSPORTES EL TRAPICHE SRL Y TRANSPORTE GENERAL BARTOLOME MITRE SRL UNION TRANSITORIA","LINEA 735","NO","COLECTIVO","PROVINCIAL","MENDOZA","SN",15,"SI"
2026-09-07,"AUTOTRANSPORTES EL TRAPICHE SRL Y TRANSPORTE GENERAL BARTOLOME MITRE SRL UNION TRANSITORIA","LINEA 736","NO","COLECTIVO","PROVINCIAL","MENDOZA","SN",9,"SI"
2026-09-07,"AUTOTRANSPORTES EL TRAPICHE SRL Y TRANSPORTE GENERAL BARTOLOME MITRE SRL UNION TRANSITORIA","LINEA 737","NO","COLECTIVO","PROVINCIAL","MENDOZA","SN",8,"SI"
2026-09-07,"AUTOTRANSPORTES EL TRAPICHE SRL Y TRANSPORTE GENERAL BARTOLOME MITRE SRL UNION TRANSITORIA","LINEA 738","NO","COLECTIVO","PROVINCIAL","MENDOZA","SN",29,"SI"
2026-09-07,"AUTOTRANSPORTES EL TRAPICHE SRL Y TRANSPORTE GENERAL BARTOLOME MITRE SRL UNION TRANSITORIA","LINEA 739","NO","COLECTIVO","PROVINCIAL","MENDOZA","SN",7,"SI"
2026-09-07,"GRUPO MR S.R.L.","LINEA 74","NO","COLECTIVO","MUNICIPAL","CORDOBA","CORDOBA",3156,"SI"
2026-09-07,"AUTOTRANSPORTES EL TRAPICHE SRL Y TRANSPORTE GENERAL BARTOLOME MITRE SRL UNION TRANSITORIA","LINEA 740","NO","COLECTIVO","PROVINCIAL","MENDOZA","SN",1153,"SI"
2026-09-07,"AUTOTRANSPORTES EL TRAPICHE SRL Y TRANSPORTE GENERAL BARTOLOME MITRE SRL UNION TRANSITORIA","LINEA 746","NO","COLECTIVO","PROVINCIAL","MENDOZA","SN",65,"SI"
2026-09-07,"AUTOTRANSPORTES EL TRAPICHE SRL Y TRANSPORTE GENERAL BARTOLOME MITRE SRL UNION TRANSITORIA","LINEA 747","NO","COLECTIVO","PROVINCIAL","MENDOZA","SN",37,"SI"
2026-09-07,"AUTOTRANSPORTES EL TRAPICHE SRL Y TRANSPORTE GENERAL BARTOLOME MITRE SRL UNION TRANSITORIA","LINEA 748","NO","COLECTIVO","PROVINCIAL","MENDOZA","SN",129,"SI"
2026-09-07,"AUTOTRANSPORTES EL TRAPICHE SRL Y TRANSPORTE GENERAL BARTOLOME MITRE SRL UNION TRANSITORIA","LINEA 749","NO","COLECTIVO","PROVINCIAL","MENDOZA","SN",93,"SI"
2026-09-07,"GRUPO MR S.R.L.","LINEA 75","NO","COLECTIVO","MUNICIPAL","CORDOBA","CORDOBA",3909,"SI"
2026-09-07,"AUTOTRANSPORTES EL TRAPICHE SRL Y TRANSPORTE GENERAL BARTOLOME MITRE SRL UNION TRANSITORIA","LINEA 750","NO","COLECTIVO","PROVINCIAL","MENDOZA","SN",428,"SI"
2026-09-07,"AUTOTRANSPORTES EL TRAPICHE SRL Y TRANSPORTE GENERAL BARTOLOME MITRE SRL UNION TRANSITORIA","LINEA 751","NO","COLECTIVO","PROVINCIAL","MENDOZA","SN",875,"SI"
2026-09-07,"AUTOTRANSPORTES EL TRAPICHE SRL Y TRANSPORTE GENERAL BARTOLOME MITRE SRL UNION TRANSITORIA","LINEA 752","NO","COLECTIVO","PROVINCIAL","MENDOZA","SN",1014,"SI"
2026-09-07,"AUTOTRANSPORTES EL TRAPICHE SRL Y TRANSPORTE GENERAL BARTOLOME MITRE SRL UNION TRANSITORIA","LINEA 753","NO","COLECTIVO","PROVINCIAL","MENDOZA","SN",471,"SI"
2026-09-07,"AUTOTRANSPORTES EL TRAPICHE SRL Y TRANSPORTE GENERAL BARTOLOME MITRE SRL UNION TRANSITORIA","LINEA 754","NO","COLECTIVO","PROVINCIAL","MENDOZA","SN",1061,"SI"
2026-09-07,"GRUPO MR S.R.L.","LINEA 76","NO","COLECTIVO","MUNICIPAL","CORDOBA","CORDOBA",556,"SI"
2026-09-07,"AUTOTRANSPORTES EL TRAPICHE SRL Y TRANSPORTE GENERAL BARTOLOME MITRE SRL UNION TRANSITORIA","LINEA 760","NO","COLECTIVO","PROVINCIAL","MENDOZA","SN",3699,"SI"
2026-09-07,"AUTOTRANSPORTES EL TRAPICHE SRL Y TRANSPORTE GENERAL BARTOLOME MITRE SRL UNION TRANSITORIA","LINEA 761","NO","COLECTIVO","PROVINCIAL","MENDOZA","SN",3759,"SI"
2026-09-07,"AUTOTRANSPORTES EL TRAPICHE SRL Y TRANSPORTE GENERAL BARTOLOME MITRE SRL UNION TRANSITORIA","LINEA 762","NO","COLECTIVO","PROVINCIAL","MENDOZA","SN",20,"SI"
2026-09-07,"AUTOTRANSPORTES EL TRAPICHE SRL Y TRANSPORTE GENERAL BARTOLOME MITRE SRL UNION TRANSITORIA","LINEA 765","NO","COLECTIVO","PROVINCIAL","MENDOZA","SN",49,"SI"
2026-09-07,"AUTOTRANSPORTES EL TRAPICHE SRL Y TRANSPORTE GENERAL BARTOLOME MITRE SRL UNION TRANSITORIA","LINEA 766","NO","COLECTIVO","PROVINCIAL","MENDOZA","SN",487,"SI"
2026-09-07,"AUTOTRANSPORTES EL TRAPICHE SRL Y TRANSPORTE GENERAL BARTOLOME MITRE SRL UNION TRANSITORIA","LINEA 767","NO","COLECTIVO","PROVINCIAL","MENDOZA","SN",98,"SI"
2026-09-07,"AUTOTRANSPORTES EL TRAPICHE SRL Y TRANSPORTE GENERAL BARTOLOME MITRE SRL UNION TRANSITORIA","LINEA 769","NO","COLECTIVO","PROVINCIAL","MENDOZA","SN",89,"SI"
2026-09-07,"AUTOTRANSPORTES EL TRAPICHE SRL Y TRANSPORTE GENERAL BARTOLOME MITRE SRL UNION TRANSITORIA","LINEA 770","NO","COLECTIVO","PROVINCIAL","MENDOZA","SN",725,"SI"
2026-09-07,"AUTOTRANSPORTES EL TRAPICHE SRL Y TRANSPORTE GENERAL BARTOLOME MITRE SRL UNION TRANSITORIA","LINEA 771","NO","COLECTIVO","PROVINCIAL","MENDOZA","SN",804,"SI"
2026-09-07,"AUTOTRANSPORTES EL TRAPICHE SRL Y TRANSPORTE GENERAL BARTOLOME MITRE SRL UNION TRANSITORIA","LINEA 772","NO","COLECTIVO","PROVINCIAL","MENDOZA","SN",1328,"SI"
2026-09-07,"AUTOTRANSPORTES EL TRAPICHE SRL Y TRANSPORTE GENERAL BARTOLOME MITRE SRL UNION TRANSITORIA","LINEA 773","NO","COLECTIVO","PROVINCIAL","MENDOZA","SN",419,"SI"
2026-09-07,"AUTOTRANSPORTES EL TRAPICHE SRL Y TRANSPORTE GENERAL BARTOLOME MITRE SRL UNION TRANSITORIA","LINEA 774","NO","COLECTIVO","PROVINCIAL","MENDOZA","SN",42,"SI"
2026-09-07,"AUTOTRANSPORTES EL TRAPICHE SRL Y TRANSPORTE GENERAL BARTOLOME MITRE SRL UNION TRANSITORIA","LINEA 777","NO","COLECTIVO","PROVINCIAL","MENDOZA","SN",18,"SI"
2026-09-07,"AUTOTRANSPORTES EL TRAPICHE SRL Y TRANSPORTE GENERAL BARTOLOME MITRE SRL UNION TRANSITORIA","LINEA 778","NO","COLECTIVO","PROVINCIAL","MENDOZA","SN",2,"SI"
2026-09-07,"AUTOTRANSPORTES EL TRAPICHE SRL Y TRANSPORTE GENERAL BARTOLOME MITRE SRL UNION TRANSITORIA","LINEA 779","NO","COLECTIVO","PROVINCIAL","MENDOZA","SN",17,"SI"
2026-09-07,"AUTOTRANSPORTES EL TRAPICHE SRL Y TRANSPORTE GENERAL BARTOLOME MITRE SRL UNION TRANSITORIA","LINEA 780","NO","COLECTIVO","PROVINCIAL","MENDOZA","SN",24,"SI"
2026-09-07,"AUTOTRANSPORTES EL TRAPICHE SRL Y TRANSPORTE GENERAL BARTOLOME MITRE SRL UNION TRANSITORIA","LINEA 782","NO","COLECTIVO","PROVINCIAL","MENDOZA","SN",147,"SI"
2026-09-07,"AUTOTRANSPORTES EL TRAPICHE SRL Y TRANSPORTE GENERAL BARTOLOME MITRE SRL UNION TRANSITORIA","LINEA 783","NO","COLECTIVO","PROVINCIAL","MENDOZA","SN",133,"SI"
2026-09-07,"AUTOTRANSPORTES EL TRAPICHE SRL Y TRANSPORTE GENERAL BARTOLOME MITRE SRL UNION TRANSITORIA","LINEA 784","NO","COLECTIVO","PROVINCIAL","MENDOZA","SN",18,"SI"
2026-09-07,"AUTOTRANSPORTES EL TRAPICHE SRL Y TRANSPORTE GENERAL BARTOLOME MITRE SRL UNION TRANSITORIA","LINEA 785","NO","COLECTIVO","PROVINCIAL","MENDOZA","SN",13,"SI"
2026-09-07,"AUTOTRANSPORTES EL TRAPICHE SRL Y TRANSPORTE GENERAL BARTOLOME MITRE SRL UNION TRANSITORIA","LINEA 786","NO","COLECTIVO","PROVINCIAL","MENDOZA","SN",10,"SI"
2026-09-07,"AUTOTRANSPORTES EL TRAPICHE SRL Y TRANSPORTE GENERAL BARTOLOME MITRE SRL UNION TRANSITORIA","LINEA 787","NO","COLECTIVO","PROVINCIAL","MENDOZA","SN",16,"SI"
2026-09-07,"AUTOTRANSPORTES EL TRAPICHE SRL Y TRANSPORTE GENERAL BARTOLOME MITRE SRL UNION TRANSITORIA","LINEA 788","NO","COLECTIVO","PROVINCIAL","MENDOZA","SN",26,"SI"
2026-09-07,"AUTOTRANSPORTES EL TRAPICHE SRL Y TRANSPORTE GENERAL BARTOLOME MITRE SRL UNION TRANSITORIA","LINEA 789","NO","COLECTIVO","PROVINCIAL","MENDOZA","SN",36,"SI"
2026-09-07,"AUTOTRANSPORTES EL TRAPICHE SRL Y TRANSPORTE GENERAL BARTOLOME MITRE SRL UNION TRANSITORIA","LINEA 790","NO","COLECTIVO","PROVINCIAL","MENDOZA","SN",26,"SI"
2026-09-07,"AUTOTRANSPORTES EL TRAPICHE SRL Y TRANSPORTE GENERAL BARTOLOME MITRE SRL UNION TRANSITORIA","LINEA 791","NO","COLECTIVO","PROVINCIAL","MENDOZA","SN",24,"SI"
2026-09-07,"AUTOTRANSPORTES EL TRAPICHE SRL Y TRANSPORTE GENERAL BARTOLOME MITRE SRL UNION TRANSITORIA","LINEA 792","NO","COLECTIVO","PROVINCIAL","MENDOZA","SN",4,"SI"
2026-09-07,"AUTOTRANSPORTES EL TRAPICHE SRL Y TRANSPORTE GENERAL BARTOLOME MITRE SRL UNION TRANSITORIA","LINEA 793","NO","COLECTIVO","PROVINCIAL","MENDOZA","SN",9,"SI"
2026-09-07,"AUTOTRANSPORTES EL TRAPICHE SRL Y TRANSPORTE GENERAL BARTOLOME MITRE SRL UNION TRANSITORIA","LINEA 794","NO","COLECTIVO","PROVINCIAL","MENDOZA","SN",36,"SI"
2026-09-07,"AUTOTRANSPORTES EL TRAPICHE SRL Y TRANSPORTE GENERAL BARTOLOME MITRE SRL UNION TRANSITORIA","LINEA 795","NO","COLECTIVO","PROVINCIAL","MENDOZA","SN",2,"SI"
2026-09-07,"AUTOTRANSPORTES EL TRAPICHE SRL Y TRANSPORTE GENERAL BARTOLOME MITRE SRL UNION TRANSITORIA","LINEA 796","NO","COLECTIVO","PROVINCIAL","MENDOZA","SN",10,"SI"
2026-09-07,"COOPERATIVA DE TRABAJO NUEVO EXPRESO LIMITADA","LINEA 8","NO","COLECTIVO","MUNICIPAL","ENTRE RÍOS","CONCORDIA",1456,"SI"
2026-09-07,"ENTE MUNICIPAL DE SERVICIOS URBANOS","LINEA 8","NO","COLECTIVO","MUNICIPAL","LA PAMPA","SANTA ROSA",405,"SI"
2026-09-07,"EL RAYO BUS S.R.L.","LINEA 8","NO","COLECTIVO","MUNICIPAL","TUCUMAN","SAN MIGUEL DE TUCUMAN",6373,"SI"
2026-09-07,"TRANSPORTES RIO GRANDE S.A.C.I.F.","LINEA 8","SI","COLECTIVO","NACIONAL","JN","SD",57830,"SI"
2026-09-07,"RISSMA S.R.L","LINEA 80","NO","COLECTIVO","MUNICIPAL","CORDOBA","CORDOBA",4028,"SI"
2026-09-07,"EMPRESA MAIPU S.R.L","LINEA 801","NO","COLECTIVO","PROVINCIAL","MENDOZA","SN",638,"SI"
2026-09-07,"EMPRESA MAIPU S.R.L","LINEA 802","NO","COLECTIVO","PROVINCIAL","MENDOZA","SN",142,"SI"
2026-09-07,"EMPRESA MAIPU S.R.L","LINEA 803","NO","COLECTIVO","PROVINCIAL","MENDOZA","SN",298,"SI"
2026-09-07,"EMPRESA MAIPU S.R.L","LINEA 804","NO","COLECTIVO","PROVINCIAL","MENDOZA","SN",1999,"SI"
2026-09-07,"RISSMA S.R.L","LINEA 81","NO","COLECTIVO","MUNICIPAL","CORDOBA","CORDOBA",6444,"SI"
2026-09-07,"EMPRESA MAIPU S.R.L","LINEA 810","NO","COLECTIVO","PROVINCIAL","MENDOZA","SN",2884,"SI"
2026-09-07,"EMPRESA MAIPU S.R.L","LINEA 811","NO","COLECTIVO","PROVINCIAL","MENDOZA","SN",3360,"SI"
2026-09-07,"EMPRESA MAIPU S.R.L","LINEA 812","NO","COLECTIVO","PROVINCIAL","MENDOZA","SN",3242,"SI"
2026-09-07,"EMPRESA MAIPU S.R.L","LINEA 813","NO","COLECTIVO","PROVINCIAL","MENDOZA","SN",3545,"SI"
2026-09-07,"EMPRESA MAIPU S.R.L","LINEA 814","NO","COLECTIVO","PROVINCIAL","MENDOZA","SN",194,"SI"
2026-09-07,"EMPRESA MAIPU S.R.L","LINEA 815","NO","COLECTIVO","PROVINCIAL","MENDOZA","SN",825,"SI"
2026-09-07,"EMPRESA MAIPU S.R.L","LINEA 816","NO","COLECTIVO","PROVINCIAL","MENDOZA","SN",283,"SI"
2026-09-07,"EMPRESA MAIPU S.R.L","LINEA 817","NO","COLECTIVO","PROVINCIAL","MENDOZA","SN",419,"SI"
2026-09-07,"EMPRESA MAIPU S.R.L","LINEA 818","NO","COLECTIVO","PROVINCIAL","MENDOZA","SN",106,"SI"
2026-09-07,"EMPRESA MAIPU S.R.L","LINEA 819","NO","COLECTIVO","PROVINCIAL","MENDOZA","SN",78,"SI"
2026-09-07,"RISSMA S.R.L","LINEA 82","NO","COLECTIVO","MUNICIPAL","CORDOBA","CORDOBA",4753,"SI"
2026-09-07,"EMPRESA MAIPU S.R.L","LINEA 820","NO","COLECTIVO","PROVINCIAL","MENDOZA","SN",5830,"SI"
2026-09-07,"EMPRESA MAIPU S.R.L","LINEA 821","NO","COLECTIVO","PROVINCIAL","MENDOZA","SN",920,"SI"
2026-09-07,"EMPRESA MAIPU S.R.L","LINEA 823","NO","COLECTIVO","PROVINCIAL","MENDOZA","SN",1262,"SI"
2026-09-07,"EMPRESA MAIPU S.R.L","LINEA 824","NO","COLECTIVO","PROVINCIAL","MENDOZA","SN",7657,"SI"
2026-09-07,"EMPRESA MAIPU S.R.L","LINEA 825","NO","COLECTIVO","PROVINCIAL","MENDOZA","SN",37,"SI"
2026-09-07,"RISSMA S.R.L","LINEA 83","NO","COLECTIVO","MUNICIPAL","CORDOBA","CORDOBA",2860,"SI"
2026-09-07,"EMPRESA MAIPU S.R.L","LINEA 830","NO","COLECTIVO","PROVINCIAL","MENDOZA","SN",2788,"SI"
2026-09-07,"RISSMA S.R.L","LINEA 84","NO","COLECTIVO","MUNICIPAL","CORDOBA","CORDOBA",1319,"SI"
2026-09-07,"EMPRESA MAIPU S.R.L","LINEA 840","NO","COLECTIVO","PROVINCIAL","MENDOZA","SN",2565,"SI"
2026-09-07,"RISSMA S.R.L","LINEA 85","NO","COLECTIVO","MUNICIPAL","CORDOBA","CORDOBA",1943,"SI"
2026-09-07,"EMPRESA MAIPU S.R.L","LINEA 850","NO","COLECTIVO","PROVINCIAL","MENDOZA","SN",1198,"SI"
2026-09-07,"EMPRESA MAIPU S.R.L","LINEA 854","NO","COLECTIVO","PROVINCIAL","MENDOZA","SN",534,"SI"
2026-09-07,"EMPRESA MAIPU S.R.L","LINEA 855","NO","COLECTIVO","PROVINCIAL","MENDOZA","SN",322,"SI"
2026-09-07,"EMPRESA MAIPU S.R.L","LINEA 857","NO","COLECTIVO","PROVINCIAL","MENDOZA","SN",1549,"SI"
2026-09-07,"EMPRESA MAIPU S.R.L","LINEA 860","NO","COLECTIVO","PROVINCIAL","MENDOZA","SN",279,"SI"
2026-09-07,"EMPRESA MAIPU S.R.L","LINEA 861","NO","COLECTIVO","PROVINCIAL","MENDOZA","SN",545,"SI"
2026-09-07,"EMPRESA MAIPU S.R.L","LINEA 863","NO","COLECTIVO","PROVINCIAL","MENDOZA","SN",224,"SI"
2026-09-07,"EMPRESA MAIPU S.R.L","LINEA 864","NO","COLECTIVO","PROVINCIAL","MENDOZA","SN",297,"SI"
2026-09-07,"EMPRESA MAIPU S.R.L","LINEA 865","NO","COLECTIVO","PROVINCIAL","MENDOZA","SN",1407,"SI"
2026-09-07,"EMPRESA MAIPU S.R.L","LINEA 866","NO","COLECTIVO","PROVINCIAL","MENDOZA","SN",1518,"SI"
2026-09-07,"EMPRESA MAIPU S.R.L","LINEA 867","NO","COLECTIVO","PROVINCIAL","MENDOZA","SN",193,"SI"
2026-09-07,"EMPRESA MAIPU S.R.L","LINEA 868","NO","COLECTIVO","PROVINCIAL","MENDOZA","SN",42,"SI"
2026-09-07,"EMPRESA MAIPU S.R.L","LINEA 869","NO","COLECTIVO","PROVINCIAL","MENDOZA","SN",18,"SI"
2026-09-07,"EMPRESA MAIPU S.R.L","LINEA 870","NO","COLECTIVO","PROVINCIAL","MENDOZA","SN",1157,"SI"
2026-09-07,"EMPRESA MAIPU S.R.L","LINEA 871","NO","COLECTIVO","PROVINCIAL","MENDOZA","SN",296,"SI"
2026-09-07,"EMPRESA MAIPU S.R.L","LINEA 872","NO","COLECTIVO","PROVINCIAL","MENDOZA","SN",238,"SI"
2026-09-07,"EMPRESA MAIPU S.R.L","LINEA 880","NO","COLECTIVO","PROVINCIAL","MENDOZA","SN",367,"SI"
2026-09-07,"EMPRESA MAIPU S.R.L","LINEA 881","NO","COLECTIVO","PROVINCIAL","MENDOZA","SN",349,"SI"
2026-09-07,"EMPRESA MAIPU S.R.L","LINEA 890","NO","COLECTIVO","PROVINCIAL","MENDOZA","SN",16,"SI"
2026-09-07,"EMPRESA MAIPU S.R.L","LINEA 892","NO","COLECTIVO","PROVINCIAL","MENDOZA","SN",7,"SI"
2026-09-07,"EMPRESA MAIPU S.R.L","LINEA 896","NO","COLECTIVO","PROVINCIAL","MENDOZA","SN",292,"SI"
2026-09-07,"EMPRESA MAIPU S.R.L","LINEA 898","NO","COLECTIVO","PROVINCIAL","MENDOZA","SN",66,"SI"
2026-09-07,"COOPERATIVA DE TRABAJO ""12 DE OCTUBRE"" LTADA","LINEA 9","NO","COLECTIVO","MUNICIPAL","ENTRE RÍOS","CONCORDIA",1216,"SI"
2026-09-07,"COOPERATIVA DE TRABAJO NUEVO EXPRESO LIMITADA","LINEA 9","NO","COLECTIVO","MUNICIPAL","ENTRE RÍOS","CONCORDIA",625,"SI"
2026-09-07,"TURISMO PALMARES S.R.L.","LINEA 9","NO","COLECTIVO","MUNICIPAL","ENTRE RÍOS","CONCORDIA",1478,"SI"
2026-09-07,"GENERAL BELGRANO SRL","LINEA 9","NO","COLECTIVO","MUNICIPAL","TUCUMAN","SAN MIGUEL DE TUCUMAN",6932,"SI"
2026-09-07,"EL CACIQUE SA","LINEA 900","NO","COLECTIVO","PROVINCIAL","MENDOZA","SN",6881,"SI"
2026-09-07,"ERSA URBANO SA","LINEA 904","NO","COLECTIVO","NACIONAL","JN","SD",4191,"SI"
2026-09-07,"EL CACIQUE SA","LINEA 905","NO","COLECTIVO","PROVINCIAL","MENDOZA","SN",4036,"SI"
2026-09-07,"EMPRESA CEFERINO SOCIEDAD ANONIMA","LINEA 908","NO","COLECTIVO","NACIONAL","JN","SD",2730,"SI"
2026-09-07,"EL CACIQUE SA","LINEA 910","NO","COLECTIVO","PROVINCIAL","MENDOZA","SN",5861,"SI"
2026-09-07,"PEHUENCHE S A","LINEA 911 RIO NEGRO","NO","COLECTIVO","NACIONAL","JN","SD",8633,"SI"
2026-09-07,"EL CACIQUE SA","LINEA 911","NO","COLECTIVO","PROVINCIAL","MENDOZA","SN",3389,"SI"
2026-09-07,"EMPRESA RIO URUGUAY SRL","LINEA 912","NO","COLECTIVO","NACIONAL","JN","SD",50,"SI"
2026-09-07,"EL CACIQUE SA","LINEA 912","NO","COLECTIVO","PROVINCIAL","MENDOZA","SN",4714,"SI"
2026-09-07,"EL CACIQUE SA","LINEA 913","NO","COLECTIVO","PROVINCIAL","MENDOZA","SN",2290,"SI"
2026-09-07,"EMPRESA DE TRANSPORTE DE PASAJEROS KO KO SRL","LINEA 914","NO","COLECTIVO","NACIONAL","JN","SD",7940,"SI"
2026-09-07,"EL CACIQUE SA","LINEA 914","NO","COLECTIVO","PROVINCIAL","MENDOZA","SN",2993,"SI"
2026-09-07,"EL CACIQUE SA","LINEA 915","NO","COLECTIVO","PROVINCIAL","MENDOZA","SN",3247,"SI"
2026-09-07,"SOCSA S.R.L.","LINEA 916","NO","COLECTIVO","NACIONAL","JN","SD",275,"SI"
2026-09-07,"EL CACIQUE SA","LINEA 920","NO","COLECTIVO","PROVINCIAL","MENDOZA","SN",2444,"SI"
2026-09-07,"EL CACIQUE SA","LINEA 921","NO","COLECTIVO","PROVINCIAL","MENDOZA","SN",946,"SI"
2026-09-07,"EL CACIQUE SA","LINEA 925","NO","COLECTIVO","PROVINCIAL","MENDOZA","SN",4929,"SI"
2026-09-07,"EL CACIQUE SA","LINEA 927","NO","COLECTIVO","PROVINCIAL","MENDOZA","SN",1789,"SI"
2026-09-07,"EL CACIQUE SA","LINEA 928","NO","COLECTIVO","PROVINCIAL","MENDOZA","SN",1524,"SI"
2026-09-07,"EL CACIQUE SA","LINEA 930","NO","COLECTIVO","PROVINCIAL","MENDOZA","SN",935,"SI"
2026-09-07,"EL CACIQUE SA","LINEA 931","NO","COLECTIVO","PROVINCIAL","MENDOZA","SN",1409,"SI"
2026-09-07,"EL CACIQUE SA","LINEA 932","NO","COLECTIVO","PROVINCIAL","MENDOZA","SN",1675,"SI"
2026-09-07,"EL CACIQUE SA","LINEA 935","NO","COLECTIVO","PROVINCIAL","MENDOZA","SN",1781,"SI"
2026-09-07,"EL CACIQUE SA","LINEA 936","NO","COLECTIVO","PROVINCIAL","MENDOZA","SN",1679,"SI"
2026-09-07,"EL CACIQUE SA","LINEA 937","NO","COLECTIVO","PROVINCIAL","MENDOZA","SN",2197,"SI"
2026-09-07,"EL CACIQUE SA","LINEA 938","NO","COLECTIVO","PROVINCIAL","MENDOZA","SN",2441,"SI"
2026-09-07,"EL CACIQUE SA","LINEA 940","NO","COLECTIVO","PROVINCIAL","MENDOZA","SN",939,"SI"
2026-09-07,"EL CACIQUE SA","LINEA 941","NO","COLECTIVO","PROVINCIAL","MENDOZA","SN",994,"SI"
2026-09-07,"EL CACIQUE SA","LINEA 942","NO","COLECTIVO","PROVINCIAL","MENDOZA","SN",1883,"SI"
2026-09-07,"EL CACIQUE SA","LINEA 943","NO","COLECTIVO","PROVINCIAL","MENDOZA","SN",1879,"SI"
2026-09-07,"EL CACIQUE SA","LINEA 945","NO","COLECTIVO","PROVINCIAL","MENDOZA","SN",3502,"SI"
2026-09-07,"EL CACIQUE SA","LINEA 946","NO","COLECTIVO","PROVINCIAL","MENDOZA","SN",2854,"SI"
2026-09-07,"EL CACIQUE SA","LINEA 947","NO","COLECTIVO","PROVINCIAL","MENDOZA","SN",884,"SI"
2026-09-07,"EL CACIQUE SA","LINEA 950","NO","COLECTIVO","PROVINCIAL","MENDOZA","SN",3407,"SI"
2026-09-07,"EL CACIQUE SA","LINEA 951","NO","COLECTIVO","PROVINCIAL","MENDOZA","SN",3278,"SI"
2026-09-07,"EL CACIQUE SA","LINEA 955","NO","COLECTIVO","PROVINCIAL","MENDOZA","SN",444,"SI"
2026-09-07,"EL CACIQUE SA","LINEA 960","NO","COLECTIVO","PROVINCIAL","MENDOZA","SN",346,"SI"
2026-09-07,"EL CACIQUE SA","LINEA 965","NO","COLECTIVO","PROVINCIAL","MENDOZA","SN",455,"SI"
2026-09-07,"EL CACIQUE SA","LINEA 970","NO","COLECTIVO","PROVINCIAL","MENDOZA","SN",997,"SI"
2026-09-07,"EL CACIQUE SA","LINEA 984","NO","COLECTIVO","PROVINCIAL","MENDOZA","SN",26,"SI"
2026-09-07,"EL CACIQUE SA","LINEA 985","NO","COLECTIVO","PROVINCIAL","MENDOZA","SN",49,"SI"
2026-09-07,"EL CACIQUE SA","LINEA 986","NO","COLECTIVO","PROVINCIAL","MENDOZA","SN",8,"SI"
2026-09-07,"EL CACIQUE SA","LINEA 987","NO","COLECTIVO","PROVINCIAL","MENDOZA","SN",22,"SI"
2026-09-07,"EL CACIQUE SA","LINEA 990","NO","COLECTIVO","PROVINCIAL","MENDOZA","SN",13,"SI"
2026-09-07,"EL CACIQUE SA","LINEA 991","NO","COLECTIVO","PROVINCIAL","MENDOZA","SN",13,"SI"
2026-09-07,"EL CACIQUE SA","LINEA 992","NO","COLECTIVO","PROVINCIAL","MENDOZA","SN",18,"SI"
2026-09-07,"EL CACIQUE SA","LINEA 993","NO","COLECTIVO","PROVINCIAL","MENDOZA","SN",3,"SI"
2026-09-07,"EL CACIQUE SA","LINEA 995","NO","COLECTIVO","PROVINCIAL","MENDOZA","SN",44,"SI"
2026-09-07,"EL CACIQUE SA","LINEA 996","NO","COLECTIVO","PROVINCIAL","MENDOZA","SN",18,"SI"
2026-09-07,"EL CACIQUE SA","LINEA 997","NO","COLECTIVO","PROVINCIAL","MENDOZA","SN",21,"SI"
2026-09-07,"MAR Y VALLE S.R.L.","LINEA A PUERTO MADRYN","NO","COLECTIVO","PROVINCIAL","CHUBUT","SN",730,"SI"
2026-09-07,"TAMSAU","LINEA A","NO","COLECTIVO","MUNICIPAL","CORDOBA","CORDOBA",2154,"SI"
2026-09-07,"S.A TRANSPORTE CIUDAD DE RIO CUARTO","LINEA A","NO","COLECTIVO","MUNICIPAL","CORDOBA","RIO CUARTO",212,"SI"
2026-09-07,"TRANSPORTE SAN JOSE SA","LINEA A","NO","COLECTIVO","MUNICIPAL","ENTRE RÍOS","PARANA",2107,"SI"
2026-09-07,"MUNICIPALIDAD DE LA CIUDAD DE FORMOSA","LINEA A","NO","COLECTIVO","MUNICIPAL","FORMOSA","FORMOSA",1150,"SI"
2026-09-07,"TRANSPORTE CITYBUS TIERRA DEL FUEGO S.R.L","LINEA A","NO","COLECTIVO","MUNICIPAL","SANTA CRUZ","RIO GALLEGOS",589,"SI"
2026-09-07,"MUNICIPALIDAD DE RAFAELA","LINEA A","NO","COLECTIVO","MUNICIPAL","SANTA FE","RAFAELA",12,"SI"
2026-09-07,"ANGUS CATERING S.R.L","LINEA A","NO","COLECTIVO","MUNICIPAL","TIERRA DEL FUEGO","RIO GRANDE",4231,"SI"
2026-09-07,"RISSMA S.R.L","LINEA A1","NO","COLECTIVO","MUNICIPAL","CORDOBA","CORDOBA",2292,"SI"
2026-09-07,"TAMSAU","LINEA B","NO","COLECTIVO","MUNICIPAL","CORDOBA","CORDOBA",4261,"SI"
2026-09-07,"S.A TRANSPORTE CIUDAD DE RIO CUARTO","LINEA B","NO","COLECTIVO","MUNICIPAL","CORDOBA","RIO CUARTO",187,"SI"
2026-09-07,"TRANSPORTE SAN JOSE SA","LINEA B","NO","COLECTIVO","MUNICIPAL","ENTRE RÍOS","PARANA",531,"SI"
2026-09-07,"TRANSPORTE CITYBUS TIERRA DEL FUEGO S.R.L","LINEA B","NO","COLECTIVO","MUNICIPAL","SANTA CRUZ","RIO GALLEGOS",2518,"SI"
2026-09-07,"MUNICIPALIDAD DE RAFAELA","LINEA B","NO","COLECTIVO","MUNICIPAL","SANTA FE","RAFAELA",14,"SI"
2026-09-07,"ANGUS CATERING S.R.L","LINEA B","NO","COLECTIVO","MUNICIPAL","TIERRA DEL FUEGO","RIO GRANDE",1725,"SI"
2026-09-07,"RISSMA S.R.L","LINEA B1","NO","COLECTIVO","MUNICIPAL","CORDOBA","CORDOBA",5390,"SI"
2026-09-07,"CONIFERAL S.A.","LINEA B60","NO","COLECTIVO","MUNICIPAL","CORDOBA","CORDOBA",368,"SI"
2026-09-07,"RISSMA S.R.L","LINEA B80","NO","COLECTIVO","MUNICIPAL","CORDOBA","CORDOBA",46,"SI"
2026-09-07,"TAMSAU","LINEA C","NO","COLECTIVO","MUNICIPAL","CORDOBA","CORDOBA",2436,"SI"
2026-09-07,"S.A TRANSPORTE CIUDAD DE RIO CUARTO","LINEA C","NO","COLECTIVO","MUNICIPAL","CORDOBA","RIO CUARTO",143,"SI"
2026-09-07,"TRANSPORTE SAN JOSE SA","LINEA C","NO","COLECTIVO","MUNICIPAL","ENTRE RÍOS","PARANA",884,"SI"
2026-09-07,"MUNICIPALIDAD DE LA CIUDAD DE FORMOSA","LINEA C","NO","COLECTIVO","MUNICIPAL","FORMOSA","FORMOSA",673,"SI"
2026-09-07,"TRANSPORTE CITYBUS TIERRA DEL FUEGO S.R.L","LINEA C","NO","COLECTIVO","MUNICIPAL","SANTA CRUZ","RIO GALLEGOS",1674,"SI"
2026-09-07,"ANGUS CATERING S.R.L","LINEA C","NO","COLECTIVO","MUNICIPAL","TIERRA DEL FUEGO","RIO GRANDE",3066,"SI"
2026-09-07,"CONIFERAL S.A.","LINEA C1","NO","COLECTIVO","MUNICIPAL","CORDOBA","CORDOBA",6141,"SI"
2026-09-07,"CONIFERAL S.A.","LINEA C2","NO","COLECTIVO","MUNICIPAL","CORDOBA","CORDOBA",160,"SI"
2026-09-07,"S.A TRANSPORTE CIUDAD DE RIO CUARTO","LINEA D","NO","COLECTIVO","MUNICIPAL","CORDOBA","RIO CUARTO",149,"SI"
2026-09-07,"TRANSPORTE SAN JOSE SA","LINEA D","NO","COLECTIVO","MUNICIPAL","ENTRE RÍOS","PARANA",5487,"SI"
2026-09-07,"MUNICIPALIDAD DE LA CIUDAD DE FORMOSA","LINEA D","NO","COLECTIVO","MUNICIPAL","FORMOSA","FORMOSA",3148,"SI"
2026-09-07,"TRANSPORTE CITYBUS TIERRA DEL FUEGO S.R.L","LINEA D","NO","COLECTIVO","MUNICIPAL","SANTA CRUZ","RIO GALLEGOS",167,"SI"
2026-09-07,"ANGUS CATERING S.R.L","LINEA D","NO","COLECTIVO","MUNICIPAL","TIERRA DEL FUEGO","RIO GRANDE",531,"SI"
2026-09-07,"TRANSPORTE SAN JOSE SA","LINEA E","NO","COLECTIVO","MUNICIPAL","ENTRE RÍOS","PARANA",1404,"SI"
2026-09-07,"TRANSPORTE CITYBUS TIERRA DEL FUEGO S.R.L","LINEA E","NO","COLECTIVO","MUNICIPAL","SANTA CRUZ","RIO GALLEGOS",4272,"SI"
2026-09-07,"ANGUS CATERING S.R.L","LINEA E","NO","COLECTIVO","MUNICIPAL","TIERRA DEL FUEGO","RIO GRANDE",321,"SI"
2026-09-07,"TRANSPORTE SAN JOSE SA","LINEA F","NO","COLECTIVO","MUNICIPAL","ENTRE RÍOS","PARANA",5091,"SI"
2026-09-07,"MUNICIPALIDAD DE LA CIUDAD DE FORMOSA","LINEA F","NO","COLECTIVO","MUNICIPAL","FORMOSA","FORMOSA",1950,"SI"
2026-09-07,"TRANSPORTE SAN JOSE SA","LINEA G","NO","COLECTIVO","MUNICIPAL","ENTRE RÍOS","PARANA",3550,"SI"
2026-09-07,"MUNICIPALIDAD DE LA CIUDAD DE FORMOSA","LINEA G","NO","COLECTIVO","MUNICIPAL","FORMOSA","FORMOSA",4063,"SI"
2026-09-07,"TRANS BUS SRL","LINEA H","NO","COLECTIVO","MUNICIPAL","CORDOBA","VILLA MARIA",21,"SI"
2026-09-07,"TRANSPORTE SAN JOSE SA","LINEA H","NO","COLECTIVO","MUNICIPAL","ENTRE RÍOS","PARANA",1889,"SI"
2026-09-07,"MUNICIPALIDAD DE LA CIUDAD DE FORMOSA","LINEA H","NO","COLECTIVO","MUNICIPAL","FORMOSA","FORMOSA",1395,"SI"
2026-09-07,"TRANS BUS SRL","LINEA I","NO","COLECTIVO","MUNICIPAL","CORDOBA","VILLA MARIA",73,"SI"
2026-09-07,"TRANSPORTES 8 DE OCTUBRE S.A.","LINEA INICIAL","NO","COLECTIVO","MUNICIPAL","BUENOS AIRES","JUNIN",3955,"SI"
2026-09-07,"MUNICIPALIDAD DE LA CIUDAD DE FORMOSA","LINEA K","NO","COLECTIVO","MUNICIPAL","FORMOSA","FORMOSA",2584,"SI"
2026-09-07,"TRANSPORTE SAN JOSE SA","LINEA L","NO","COLECTIVO","MUNICIPAL","ENTRE RÍOS","PARANA",2506,"SI"
2026-09-07,"MUNICIPALIDAD DE LA CIUDAD DE FORMOSA","LINEA L","NO","COLECTIVO","MUNICIPAL","FORMOSA","FORMOSA",769,"SI"
2026-09-07,"MAREGA GUSTAVO ANTONIO","LINEA LA LOLA - CENTRO","NO","COLECTIVO","MUNICIPAL","SANTA FE","RECONQUISTA",105,"SI"
2026-09-07,"TRANSP. COMARCAL S.R.L.","LINEA LAGO PUELO / EL MAITEN","NO","COLECTIVO","PROVINCIAL","CHUBUT","SN",31,"SI"
2026-09-07,"TRANSPORTE SAN JOSE SA","LINEA M","NO","COLECTIVO","MUNICIPAL","ENTRE RÍOS","PARANA",1429,"SI"
2026-09-07,"BRAIDOT JOSE MANUEL","LINEA MONTE CARLO - CENTRO","NO","COLECTIVO","MUNICIPAL","SANTA FE","RECONQUISTA",371,"SI"
2026-09-07,"EMPRESA NUEVE DE JULIO S.A.T.","LINEA OESTE","SI","COLECTIVO","MUNICIPAL","BUENOS AIRES","LA PLATA",49572,"SI"
2026-09-07,"TRANSPORTE SAN JOSE SA","LINEA P","NO","COLECTIVO","MUNICIPAL","ENTRE RÍOS","PARANA",1787,"SI"
2026-09-07,"TRANSP. COMARCAL S.R.L.","LINEA PARALELO 42 / CHOLILA","NO","COLECTIVO","PROVINCIAL","CHUBUT","SN",38,"SI"
2026-09-07,"TRANSP. COMARCAL S.R.L.","LINEA PARALELO 42 / EL HOYO","NO","COLECTIVO","PROVINCIAL","CHUBUT","SN",46,"SI"
2026-09-07,"TRANSP. COMARCAL S.R.L.","LINEA PARALELO 42 / EPUYEN","NO","COLECTIVO","PROVINCIAL","CHUBUT","SN",181,"SI"
2026-09-07,"EXPRESSO RADA TILLY S.R.L.","LINEA RADA TILLY / COMODORO RIVADAV","NO","COLECTIVO","PROVINCIAL","CHUBUT","SN",2133,"SI"
2026-09-07,"ZARATE TRANSPORTE S.A.P.E.M.","LINEA RZ-1","SI","COLECTIVO","MUNICIPAL","BUENOS AIRES","ZARATE",492,"SI"
2026-09-07,"ZARATE TRANSPORTE S.A.P.E.M.","LINEA RZ-10","SI","COLECTIVO","MUNICIPAL","BUENOS AIRES","ZARATE",1774,"SI"
2026-09-07,"ZARATE TRANSPORTE S.A.P.E.M.","LINEA RZ-11","SI","COLECTIVO","MUNICIPAL","BUENOS AIRES","ZARATE",2761,"SI"
2026-09-07,"ZARATE TRANSPORTE S.A.P.E.M.","LINEA RZ-2","SI","COLECTIVO","MUNICIPAL","BUENOS AIRES","ZARATE",1695,"SI"
2026-09-07,"ZARATE TRANSPORTE S.A.P.E.M.","LINEA RZ-3","SI","COLECTIVO","MUNICIPAL","BUENOS AIRES","ZARATE",4562,"SI"
2026-09-07,"ZARATE TRANSPORTE S.A.P.E.M.","LINEA RZ-6","SI","COLECTIVO","MUNICIPAL","BUENOS AIRES","ZARATE",174,"SI"
2026-09-07,"ZARATE TRANSPORTE S.A.P.E.M.","LINEA RZ-7","SI","COLECTIVO","MUNICIPAL","BUENOS AIRES","ZARATE",356,"SI"
2026-09-07,"ZARATE TRANSPORTE S.A.P.E.M.","LINEA RZ-8","SI","COLECTIVO","MUNICIPAL","BUENOS AIRES","ZARATE",1526,"SI"
2026-09-07,"TAMSAU","LINEA SERVICIO ESPECIAL AEROPUERTO","NO","COLECTIVO","MUNICIPAL","CORDOBA","CORDOBA",160,"SI"
2026-09-07,"EMOVA MOVILIDAD S.A. (ex MTV)","LINEA SUBTE C","SI","SUBTE",,,,67235,"SI"
2026-09-07,"EMOVA MOVILIDAD S.A. (ex MTV)","LINEA SUBTE D","SI","SUBTE",,,,87459,"SI"
2026-09-07,"EMOVA MOVILIDAD S.A. (ex MTV)","LINEA SUBTE E","SI","SUBTE",,,,50172,"SI"
2026-09-07,"EMOVA MOVILIDAD S.A. (ex MTV)","LINEA SUBTE H","SI","SUBTE",,,,59993,"SI"
2026-09-07,"TRANSPORTE EL 22 SRL","LINEA_001","NO","COLECTIVO","MUNICIPAL","CHUBUT","TRELEW",5008,"SI"
2026-09-07,"EL URBANO SRL","LINEA_001_JUJ","NO","COLECTIVO","MUNICIPAL","JUJUY","SAN SALVADOR DE JUJUY",6904,"SI"
2026-09-07,"EXPRESO COLONIA SA","LINEA_001_NQN","NO","COLECTIVO","MUNICIPAL","NEUQUÉN","SAN MARTIN DE LOS ANDES",5305,"SI"
2026-09-07,"LA NUEVA PERLA SRL","LINEA_001_PERG","NO","COLECTIVO","MUNICIPAL","BUENOS AIRES","PERGAMINO",2268,"SI"
2026-09-07,"ERSA URBANO SA","LINEA_001_SFE","NO","COLECTIVO","MUNICIPAL","SANTA FE","SANTA FE",6824,"SI"
2026-09-07,"EMPRESA VERCELLI HNOS S A C I F A E I","LINEA_001_SN","NO","COLECTIVO","MUNICIPAL","BUENOS AIRES","SAN NICOLAS DE LOS ARROYOS",1853,"SI"
2026-09-07,"MUNICIPALIDAD DE VENADO TUERTO","LINEA_001_VTSFE","NO","COLECTIVO","MUNICIPAL","SANTA FE","VENADO TUERTO",286,"SI"
2026-09-07,"TRANSPORTE EL 22 SRL","LINEA_002","NO","COLECTIVO","MUNICIPAL","CHUBUT","TRELEW",5209,"SI"
2026-09-07,"EXPRESO COLONIA SA","LINEA_002_NQN","NO","COLECTIVO","MUNICIPAL","NEUQUÉN","SAN MARTIN DE LOS ANDES",606,"SI"
2026-09-07,"LA NUEVA PERLA SRL","LINEA_002_PERG","NO","COLECTIVO","MUNICIPAL","BUENOS AIRES","PERGAMINO",193,"SI"
2026-09-07,"COOPERATIVA REGIONAL DE ELECTRICIDAD DE OBRAS Y OTROS SERVICIOS DE GRAL PICO (CORPICO LTDA)","LINEA_002_PMP","NO","COLECTIVO","MUNICIPAL","LA PAMPA","GENERAL PICO",16,"SI"
2026-09-07,"ERSA URBANO SA","LINEA_002_SFE","NO","COLECTIVO","MUNICIPAL","SANTA FE","SANTA FE",6938,"SI"
2026-09-07,"EMPRESA MAYO SRL","LINEA_002_SJUAN","NO","COLECTIVO","PROVINCIAL","SAN JUAN","SN",5331,"SI"
2026-09-07,"EMPRESA VERCELLI HNOS S A C I F A E I","LINEA_002_SN","NO","COLECTIVO","MUNICIPAL","BUENOS AIRES","SAN NICOLAS DE LOS ARROYOS",2419,"SI"
2026-09-07,"MUNICIPALIDAD DE VENADO TUERTO","LINEA_002_VTSFE","NO","COLECTIVO","MUNICIPAL","SANTA FE","VENADO TUERTO",176,"SI"
2026-09-07,"TIRO FEDERAL RESISTENCIA SRL- LA CORDIAL SRL- MICROBUS SRL. U.T.E","LINEA_003","NO","COLECTIVO","PROVINCIAL","CHACO","SN",1953,"SI"
2026-09-07,"TRANSPORTE EL 22 SRL","LINEA_003_CHT","NO","COLECTIVO","MUNICIPAL","CHUBUT","TRELEW",3613,"SI"
2026-09-07,"SANTA ANA SRL","LINEA_003_JUJ","NO","COLECTIVO","MUNICIPAL","JUJUY","SAN SALVADOR DE JUJUY",2989,"SI"
2026-09-07,"ERSA URBANO SA","LINEA_003_SFE","NO","COLECTIVO","MUNICIPAL","SANTA FE","SANTA FE",6056,"SI"
2026-09-07,"TRANSPORTE DE PASAJEROS EL TRIUNFO SA","LINEA_003_SJUAN","NO","COLECTIVO","PROVINCIAL","SAN JUAN","SN",6184,"SI"
2026-09-07,"EMPRESA VERCELLI HNOS S A C I F A E I","LINEA_003_SN","NO","COLECTIVO","MUNICIPAL","BUENOS AIRES","SAN NICOLAS DE LOS ARROYOS",1134,"SI"
2026-09-07,"MUNICIPALIDAD DE VENADO TUERTO","LINEA_003_VTSFE","NO","COLECTIVO","MUNICIPAL","SANTA FE","VENADO TUERTO",373,"SI"
2026-09-07,"TRANSPORTE EL 22 SRL","LINEA_004_CHT","NO","COLECTIVO","MUNICIPAL","CHUBUT","TRELEW",4230,"SI"
2026-09-07,"EXPRESO COLONIA SA","LINEA_004_NQN","NO","COLECTIVO","MUNICIPAL","NEUQUÉN","SAN MARTIN DE LOS ANDES",825,"SI"
2026-09-07,"AUTOBUSES SANTA FE S.R.L","LINEA_004_SFE","NO","COLECTIVO","MUNICIPAL","SANTA FE","SANTA FE",5755,"SI"
2026-09-07,"EMPRESA DE TRANSPORTES ALBARDON SRL","LINEA_004_SJUAN","NO","COLECTIVO","PROVINCIAL","SAN JUAN","SN",7115,"SI"
2026-09-07,"EMPRESA VERCELLI HNOS S A C I F A E I","LINEA_004_SN","NO","COLECTIVO","MUNICIPAL","BUENOS AIRES","SAN NICOLAS DE LOS ARROYOS",3454,"SI"
2026-09-07,"MUNICIPALIDAD DE VENADO TUERTO","LINEA_004_VTSFE","NO","COLECTIVO","MUNICIPAL","SANTA FE","VENADO TUERTO",401,"SI"
2026-09-07,"TRANSPORTE EL 22 SRL","LINEA_005","NO","COLECTIVO","MUNICIPAL","CHUBUT","TRELEW",1561,"SI"
2026-09-07,"SAN FERNANDO URBANOS SRL","LINEA_005","NO","COLECTIVO","PROVINCIAL","CHACO","SN",6593,"SI"
2026-09-07,"EXPRESO COLONIA SA","LINEA_005_NQN","NO","COLECTIVO","MUNICIPAL","NEUQUÉN","SAN MARTIN DE LOS ANDES",133,"SI"
2026-09-07,"EMPRESA RECREO S R L","LINEA_005_SFE","NO","COLECTIVO","MUNICIPAL","SANTA FE","SANTA FE",11860,"SI"
2026-09-07,"EMPRESA VERCELLI HNOS S A C I F A E I","LINEA_005_SN","NO","COLECTIVO","MUNICIPAL","BUENOS AIRES","SAN NICOLAS DE LOS ARROYOS",2757,"SI"
2026-09-07,"EXPRESO COLONIA SA","LINEA_006_NQN","NO","COLECTIVO","MUNICIPAL","NEUQUÉN","SAN MARTIN DE LOS ANDES",68,"SI"
2026-09-07,"EMPRESA VERCELLI HNOS S A C I F A E I","LINEA_006_SN","NO","COLECTIVO","MUNICIPAL","BUENOS AIRES","SAN NICOLAS DE LOS ARROYOS",538,"SI"
2026-09-07,"EL URBANO SRL","LINEA_007_JUJ","NO","COLECTIVO","MUNICIPAL","JUJUY","SAN SALVADOR DE JUJUY",2194,"SI"
2026-09-07,"EMPRESA VERCELLI HNOS S A C I F A E I","LINEA_007_SN","NO","COLECTIVO","MUNICIPAL","BUENOS AIRES","SAN NICOLAS DE LOS ARROYOS",546,"SI"
2026-09-07,"TIRO FEDERAL RESISTENCIA SRL- LA CORDIAL SRL- MICROBUS SRL. U.T.E","LINEA_008","NO","COLECTIVO","PROVINCIAL","CHACO","SN",6012,"SI"
2026-09-07,"AUTOBUSES SANTA FE S.R.L","LINEA_008_SFE","NO","COLECTIVO","MUNICIPAL","SANTA FE","SANTA FE",8022,"SI"
2026-09-07,"EMPRESA VERCELLI HNOS S A C I F A E I","LINEA_008_SN","NO","COLECTIVO","MUNICIPAL","BUENOS AIRES","SAN NICOLAS DE LOS ARROYOS",3792,"SI"
2026-09-07,"ERSA URBANO S.A UNION TRANSITORIA","LINEA_009","NO","COLECTIVO","PROVINCIAL","CHACO","SN",3666,"SI"
2026-09-07,"EL URBANO SRL","LINEA_009_JUJ","NO","COLECTIVO","MUNICIPAL","JUJUY","SAN SALVADOR DE JUJUY",3837,"SI"
2026-09-07,"EXPRESO COLONIA SA","LINEA_009_NQN","NO","COLECTIVO","MUNICIPAL","NEUQUÉN","SAN MARTIN DE LOS ANDES",549,"SI"
2026-09-07,"ERSA URBANO SA","LINEA_009_SFE","NO","COLECTIVO","MUNICIPAL","SANTA FE","SANTA FE",6240,"SI"
2026-09-07,"EMPRESA VERCELLI HNOS S A C I F A E I","LINEA_009_SN","NO","COLECTIVO","MUNICIPAL","BUENOS AIRES","SAN NICOLAS DE LOS ARROYOS",3646,"SI"
2026-09-07,"EMPRESA DE TRANSPORTE AMANCAY SRL","LINEA_010_BRC","NO","COLECTIVO","MUNICIPAL","RÍO NEGRO","SAN CARLOS DE BARILOCHE",388,"SI"
2026-09-07,"DIADEMA S.A.","LINEA_010_CHT","NO","COLECTIVO","MUNICIPAL","CHUBUT","COMODORO RIVADAVIA",64,"SI"
2026-09-07,"SANTA ANA SRL","LINEA_010_JUJ","NO","COLECTIVO","MUNICIPAL","JUJUY","SAN SALVADOR DE JUJUY",7962,"SI"
2026-09-07,"EMPR.TRANSP AUTOMOTOR DE PASAJEROS GRAL SAVIO SRL","LINEA_010_PAL_PROV","NO","COLECTIVO","PROVINCIAL","JUJUY","SN",5640,"SI"
2026-09-07,"EMPRESA RECREO S R L","LINEA_010_SFE","NO","COLECTIVO","MUNICIPAL","SANTA FE","SANTA FE",6229,"SI"
2026-09-07,"EMPRESA MAYO SRL","LINEA_010_SJUAN","NO","COLECTIVO","PROVINCIAL","SAN JUAN","SN",1997,"SI"
2026-09-07,"EMPRESA VERCELLI HNOS S A C I F A E I","LINEA_010_SN","NO","COLECTIVO","MUNICIPAL","BUENOS AIRES","SAN NICOLAS DE LOS ARROYOS",5016,"SI"
2026-09-07,"DIADEMA S.A.","LINEA_011_CHT","NO","COLECTIVO","MUNICIPAL","CHUBUT","COMODORO RIVADAVIA",453,"SI"
2026-09-07,"SANTA ANA SRL","LINEA_011_JUJ","NO","COLECTIVO","MUNICIPAL","JUJUY","SAN SALVADOR DE JUJUY",1709,"SI"
2026-09-07,"EMPRESA RECREO S R L","LINEA_011_SFE","NO","COLECTIVO","MUNICIPAL","SANTA FE","SANTA FE",8091,"SI"
2026-09-07,"TIRO FEDERAL RESISTENCIA SRL- LA CORDIAL SRL- MICROBUS SRL. U.T.E","LINEA_012","NO","COLECTIVO","PROVINCIAL","CHACO","SN",3086,"SI"
2026-09-07,"SANTA ANA SRL","LINEA_012_JUJ","NO","COLECTIVO","MUNICIPAL","JUJUY","SAN SALVADOR DE JUJUY",4229,"SI"
2026-09-07,"EL URBANO SRL","LINEA_013_JUJ","NO","COLECTIVO","MUNICIPAL","JUJUY","SAN SALVADOR DE JUJUY",3674,"SI"
2026-09-07,"EMPRESA RECREO S R L","LINEA_013_SFE","NO","COLECTIVO","MUNICIPAL","SANTA FE","SANTA FE",9483,"SI"
2026-09-07,"EL URBANO SRL","LINEA_014_JUJ","NO","COLECTIVO","MUNICIPAL","JUJUY","SAN SALVADOR DE JUJUY",9931,"SI"
2026-09-07,"AUTOBUSES SANTA FE S.R.L","LINEA_014_SFE","NO","COLECTIVO","MUNICIPAL","SANTA FE","SANTA FE",5513,"SI"
2026-09-07,"SANTA ANA SRL","LINEA_015_JUJ","NO","COLECTIVO","MUNICIPAL","JUJUY","SAN SALVADOR DE JUJUY",3696,"SI"
2026-09-07,"EMPR.TRANSP AUTOMOTOR DE PASAJEROS GRAL SAVIO SRL","LINEA_015_PAL","NO","COLECTIVO","PROVINCIAL","JUJUY","SN",748,"SI"
2026-09-07,"ERSA URBANO SA","LINEA_015_SFE","NO","COLECTIVO","MUNICIPAL","SANTA FE","SANTA FE",6849,"SI"
2026-09-07,"SANTA ANA SRL","LINEA_016_JUJ","NO","COLECTIVO","MUNICIPAL","JUJUY","SAN SALVADOR DE JUJUY",155,"SI"
2026-09-07,"EMPRESA RECREO S R L","LINEA_016_SFE","NO","COLECTIVO","MUNICIPAL","SANTA FE","SANTA FE",7121,"SI"
2026-09-07,"SANTA ANA SRL","LINEA_017_JUJ","NO","COLECTIVO","MUNICIPAL","JUJUY","SAN SALVADOR DE JUJUY",2814,"SI"
2026-09-07,"SANTA ANA SRL","LINEA_018_JUJ","NO","COLECTIVO","MUNICIPAL","JUJUY","SAN SALVADOR DE JUJUY",3175,"SI"
2026-09-07,"EMPRESA RECREO S R L","LINEA_018_SFE","NO","COLECTIVO","MUNICIPAL","SANTA FE","SANTA FE",9052,"SI"
2026-09-07,"SANTA ANA SRL","LINEA_019_JUJ","NO","COLECTIVO","MUNICIPAL","JUJUY","SAN SALVADOR DE JUJUY",1794,"SI"
2026-09-07,"EMPRESA DE TRANSPORTE AMANCAY SRL","LINEA_020_BRC","NO","COLECTIVO","MUNICIPAL","RÍO NEGRO","SAN CARLOS DE BARILOCHE",6144,"SI"
2026-09-07,"SANTA ANA SRL","LINEA_020_JUJ","NO","COLECTIVO","MUNICIPAL","JUJUY","SAN SALVADOR DE JUJUY",4757,"SI"
2026-09-07,"EMPRESA MAYO SRL","LINEA_020_SJUAN","NO","COLECTIVO","PROVINCIAL","SAN JUAN","SN",1485,"SI"
2026-09-07,"EMPRESA DE TRANSPORTE AMANCAY SRL","LINEA_021_BRC","NO","COLECTIVO","MUNICIPAL","RÍO NEGRO","SAN CARLOS DE BARILOCHE",1774,"SI"
2026-09-07,"SANTA ANA SRL","LINEA_021_JUJ","NO","COLECTIVO","MUNICIPAL","JUJUY","SAN SALVADOR DE JUJUY",1958,"SI"
2026-09-07,"EL URBANO SRL","LINEA_022_JUJ","NO","COLECTIVO","MUNICIPAL","JUJUY","SAN SALVADOR DE JUJUY",1146,"SI"
2026-09-07,"AUTOBUSES SANTA FE S.R.L","LINEA_022_SFE","NO","COLECTIVO","MUNICIPAL","SANTA FE","SANTA FE",2679,"SI"
2026-09-07,"EL URBANO SRL","LINEA_023_JUJ","NO","COLECTIVO","MUNICIPAL","JUJUY","SAN SALVADOR DE JUJUY",614,"SI"
2026-09-07,"SANTA ANA SRL","LINEA_024_JUJ","NO","COLECTIVO","MUNICIPAL","JUJUY","SAN SALVADOR DE JUJUY",1648,"SI"
2026-09-07,"SANTA ANA SRL","LINEA_025_JUJ","NO","COLECTIVO","MUNICIPAL","JUJUY","SAN SALVADOR DE JUJUY",1501,"SI"
2026-09-07,"EMPR.TRANSP AUTOMOTOR DE PASAJEROS GRAL SAVIO SRL","LINEA_025C_PAL","NO","COLECTIVO","PROVINCIAL","JUJUY","SN",309,"SI"
2026-09-07,"SANTA ANA SRL","LINEA_027_JUJ","NO","COLECTIVO","MUNICIPAL","JUJUY","SAN SALVADOR DE JUJUY",3210,"SI"
2026-09-07,"SANTA ANA SRL","LINEA_028_JUJ","NO","COLECTIVO","MUNICIPAL","JUJUY","SAN SALVADOR DE JUJUY",472,"SI"
2026-09-07,"SANTA ANA SRL","LINEA_02_JUJ","NO","COLECTIVO","MUNICIPAL","JUJUY","SAN SALVADOR DE JUJUY",4630,"SI"
2026-09-07,"SANTA ANA SRL","LINEA_030_JUJ","NO","COLECTIVO","MUNICIPAL","JUJUY","SAN SALVADOR DE JUJUY",5114,"SI"
2026-09-07,"TRANSPORTE DE PASAJEROS ALTO DE SIERRA S.R.L.","LINEA_030_SJUAN","NO","COLECTIVO","PROVINCIAL","SAN JUAN","SN",311,"SI"
2026-09-07,"EMPRESA DE TRANSPORTE AMANCAY SRL","LINEA_031_BRC","NO","COLECTIVO","MUNICIPAL","RÍO NEGRO","SAN CARLOS DE BARILOCHE",321,"SI"
2026-09-07,"EL URBANO SRL","LINEA_031_JUJ","NO","COLECTIVO","MUNICIPAL","JUJUY","SAN SALVADOR DE JUJUY",3268,"SI"
2026-09-07,"SANTA ANA SRL","LINEA_032_JUJ","NO","COLECTIVO","MUNICIPAL","JUJUY","SAN SALVADOR DE JUJUY",3200,"SI"
2026-09-07,"SANTA ANA SRL","LINEA_033_JUJ","NO","COLECTIVO","MUNICIPAL","JUJUY","SAN SALVADOR DE JUJUY",3287,"SI"
2026-09-07,"SANTA ANA SRL","LINEA_034_JUJ","NO","COLECTIVO","MUNICIPAL","JUJUY","SAN SALVADOR DE JUJUY",1054,"SI"
2026-09-07,"SANTA ANA SRL","LINEA_035_JUJ","NO","COLECTIVO","MUNICIPAL","JUJUY","SAN SALVADOR DE JUJUY",1095,"SI"
2026-09-07,"SANTA ANA SRL","LINEA_036_JUJ","NO","COLECTIVO","MUNICIPAL","JUJUY","SAN SALVADOR DE JUJUY",67,"SI"
2026-09-07,"SANTA ANA SRL","LINEA_038_JUJ","NO","COLECTIVO","MUNICIPAL","JUJUY","SAN SALVADOR DE JUJUY",1794,"SI"
2026-09-07,"SANTA ANA SRL","LINEA_039_JUJ","NO","COLECTIVO","MUNICIPAL","JUJUY","SAN SALVADOR DE JUJUY",3795,"SI"
2026-09-07,"EMPRESA DE TRANSPORTE AMANCAY SRL","LINEA_040/041_BRC","NO","COLECTIVO","MUNICIPAL","RÍO NEGRO","SAN CARLOS DE BARILOCHE",2687,"SI"
2026-09-07,"SANTA ANA SRL","LINEA_040_JUJ","NO","COLECTIVO","MUNICIPAL","JUJUY","SAN SALVADOR DE JUJUY",1591,"SI"
2026-09-07,"EMPRESA DE TRANSPORTES ALBARDON SRL","LINEA_040_SJUAN","NO","COLECTIVO","PROVINCIAL","SAN JUAN","SN",1318,"SI"
2026-09-07,"SANTA ANA SRL","LINEA_041_JUJ","NO","COLECTIVO","MUNICIPAL","JUJUY","SAN SALVADOR DE JUJUY",712,"SI"
2026-09-07,"EL URBANO SRL","LINEA_042_JUJ","NO","COLECTIVO","MUNICIPAL","JUJUY","SAN SALVADOR DE JUJUY",3038,"SI"
2026-09-07,"EL URBANO SRL","LINEA_043_JUJ","NO","COLECTIVO","MUNICIPAL","JUJUY","SAN SALVADOR DE JUJUY",955,"SI"
2026-09-07,"SANTA ANA SRL","LINEA_044_JUJ","NO","COLECTIVO","MUNICIPAL","JUJUY","SAN SALVADOR DE JUJUY",1258,"SI"
2026-09-07,"SANTA ANA SRL","LINEA_045_JUJ","NO","COLECTIVO","MUNICIPAL","JUJUY","SAN SALVADOR DE JUJUY",2721,"SI"
2026-09-07,"TRANSPORTE SAN CAYETANO S.R.L.","LINEA_045_PAL","NO","COLECTIVO","PROVINCIAL","JUJUY","SN",218,"SI"
2026-09-07,"TRANSPORTE SAN CAYETANO S.R.L.","LINEA_045A_PAL","NO","COLECTIVO","PROVINCIAL","JUJUY","SN",410,"SI"
2026-09-07,"SANTA ANA SRL","LINEA_046_JUJ","NO","COLECTIVO","MUNICIPAL","JUJUY","SAN SALVADOR DE JUJUY",1851,"SI"
2026-09-07,"EL URBANO SRL","LINEA_047_JUJ","NO","COLECTIVO","MUNICIPAL","JUJUY","SAN SALVADOR DE JUJUY",8294,"SI"
2026-09-07,"EL URBANO SRL","LINEA_048_JUJ","NO","COLECTIVO","MUNICIPAL","JUJUY","SAN SALVADOR DE JUJUY",5202,"SI"
2026-09-07,"SANTA ANA SRL","LINEA_049_JUJ","NO","COLECTIVO","MUNICIPAL","JUJUY","SAN SALVADOR DE JUJUY",1534,"SI"
2026-09-07,"EMPR.TRANSP AUTOMOTOR DE PASAJEROS GRAL SAVIO SRL","LINEA_049_PAL_PROV","NO","COLECTIVO","PROVINCIAL","JUJUY","SN",3945,"SI"
2026-09-07,"EMPR.TRANSP AUTOMOTOR DE PASAJEROS GRAL SAVIO SRL","LINEA_049A_PAL_PROV","NO","COLECTIVO","PROVINCIAL","JUJUY","SN",5650,"SI"
2026-09-07,"EMPR.TRANSP AUTOMOTOR DE PASAJEROS GRAL SAVIO SRL","LINEA_049B_PAL","NO","COLECTIVO","PROVINCIAL","JUJUY","SN",957,"SI"
2026-09-07,"EMPR.TRANSP AUTOMOTOR DE PASAJEROS GRAL SAVIO SRL","LINEA_049F_PAL","NO","COLECTIVO","PROVINCIAL","JUJUY","SN",1901,"SI"
2026-09-07,"SANTA ANA SRL","LINEA_04_JUJ","NO","COLECTIVO","MUNICIPAL","JUJUY","SAN SALVADOR DE JUJUY",3024,"SI"
2026-09-07,"TRANSPORTE AUTOMOTOR DE PASAJEROS FIGUEROA S.A.","LINEA_050","NO","COLECTIVO","PROVINCIAL","JUJUY","SN",339,"SI"
2026-09-07,"EMPRESA DE TRANSPORTE AMANCAY SRL","LINEA_050_BRC","NO","COLECTIVO","MUNICIPAL","RÍO NEGRO","SAN CARLOS DE BARILOCHE",5785,"SI"
2026-09-07,"EMPRESA DE TRANSPORTE AMANCAY SRL","LINEA_051_BRC","NO","COLECTIVO","MUNICIPAL","RÍO NEGRO","SAN CARLOS DE BARILOCHE",3389,"SI"
2026-09-07,"SANTA ANA SRL","LINEA_052_JUJ","NO","COLECTIVO","MUNICIPAL","JUJUY","SAN SALVADOR DE JUJUY",4707,"SI"
2026-09-07,"EMPR.TRANSP AUTOMOTOR DE PASAJEROS GRAL SAVIO SRL","LINEA_052_PAL","NO","COLECTIVO","PROVINCIAL","JUJUY","SN",1529,"SI"
2026-09-07,"EMPRESA DE TRANSPORTE AMANCAY SRL","LINEA_055_BRC","NO","COLECTIVO","MUNICIPAL","RÍO NEGRO","SAN CARLOS DE BARILOCHE",787,"SI"
2026-09-07,"SANTA ANA SRL","LINEA_05_JUJ","NO","COLECTIVO","MUNICIPAL","JUJUY","SAN SALVADOR DE JUJUY",2517,"SI"
2026-09-07,"TRANSPORTE FUTURO SRL","LINEA_06","NO","COLECTIVO","PROVINCIAL","JUJUY","SN",912,"SI"
2026-09-07,"EMPRESA DE TRANSPORTE AMANCAY SRL","LINEA_060_BRC","NO","COLECTIVO","MUNICIPAL","RÍO NEGRO","SAN CARLOS DE BARILOCHE",4418,"SI"
2026-09-07,"EMPRESA DE TRANSPORTE AMANCAY SRL","LINEA_061_BRC","NO","COLECTIVO","MUNICIPAL","RÍO NEGRO","SAN CARLOS DE BARILOCHE",4834,"SI"
2026-09-07,"SANTA ANA SRL","LINEA_06_JUJ","NO","COLECTIVO","MUNICIPAL","JUJUY","SAN SALVADOR DE JUJUY",4002,"SI"
2026-09-07,"EMPRESA DE TRANSPORTE AMANCAY SRL","LINEA_070_BRC","NO","COLECTIVO","MUNICIPAL","RÍO NEGRO","SAN CARLOS DE BARILOCHE",952,"SI"
2026-09-07,"EMPRESA DE TRANSPORTE AMANCAY SRL","LINEA_071_BRC","NO","COLECTIVO","MUNICIPAL","RÍO NEGRO","SAN CARLOS DE BARILOCHE",2865,"SI"
2026-09-07,"EMPRESA DE TRANSPORTE AMANCAY SRL","LINEA_072_BRC","NO","COLECTIVO","MUNICIPAL","RÍO NEGRO","SAN CARLOS DE BARILOCHE",323,"SI"
2026-09-07,"TRANSPORTE AUTOMOTOR DE PASAJEROS FIGUEROA S.A.","LINEA_08","NO","COLECTIVO","PROVINCIAL","JUJUY","SN",973,"SI"
2026-09-07,"EMPRESA DE TRANSPORTE AMANCAY SRL","LINEA_081_BRC","NO","COLECTIVO","MUNICIPAL","RÍO NEGRO","SAN CARLOS DE BARILOCHE",2715,"SI"
2026-09-07,"EMPRESA DE TRANSPORTE AMANCAY SRL","LINEA_082_BRC","NO","COLECTIVO","MUNICIPAL","RÍO NEGRO","SAN CARLOS DE BARILOCHE",970,"SI"
2026-09-07,"EMPRESA DE TRANSPORTE AMANCAY SRL","LINEA_083_BRC","NO","COLECTIVO","MUNICIPAL","RÍO NEGRO","SAN CARLOS DE BARILOCHE",3293,"SI"
2026-09-07,"SANTA ANA SRL","LINEA_08_JUJ","NO","COLECTIVO","MUNICIPAL","JUJUY","SAN SALVADOR DE JUJUY",4826,"SI"
2026-09-07,"TRANSPORTE SAN CAYETANO S.R.L.","LINEA_08_PAL","NO","COLECTIVO","PROVINCIAL","JUJUY","SN",355,"SI"
2026-09-07,"TRANSPORTE SAN CAYETANO S.R.L.","LINEA_08A_PAL","NO","COLECTIVO","PROVINCIAL","JUJUY","SN",120,"SI"
2026-09-07,"TRANSPORTE SAN CAYETANO S.R.L.","LINEA_08B_PAL","NO","COLECTIVO","PROVINCIAL","JUJUY","SN",43,"SI"
2026-09-07,"TRANSPORTE AUTOMOTOR DE PASAJEROS FIGUEROA S.A.","LINEA_09","NO","COLECTIVO","PROVINCIAL","JUJUY","SN",832,"SI"
2026-09-07,"TRANSPORTE FUTURO SRL","LINEA_09","NO","COLECTIVO","PROVINCIAL","JUJUY","SN",2474,"SI"
2026-09-07,"TRANSPORTE SAN CAYETANO S.R.L.","LINEA_09_PAL","NO","COLECTIVO","PROVINCIAL","JUJUY","SN",80,"SI"
2026-09-07,"TRANSPORTE SAN CAYETANO S.R.L.","LINEA_09A_PAL","NO","COLECTIVO","PROVINCIAL","JUJUY","SN",39,"SI"
2026-09-07,"TRANSPORTE SAN CAYETANO S.R.L.","LINEA_09C_PAL","NO","COLECTIVO","PROVINCIAL","JUJUY","SN",180,"SI"
2026-09-07,"TRANSPORTE SAN CAYETANO S.R.L.","LINEA_09D_PAL","NO","COLECTIVO","PROVINCIAL","JUJUY","SN",212,"SI"
2026-09-07,"AUTOTRANSPORTE CEFERINO S.R.L","LINEA_1","NO","COLECTIVO","MUNICIPAL","CHUBUT","RAWSON",106,"SI"
2026-09-07,"AMERICA TRANSPORTE AUTOMOTOR S.R.L. - AZUL S.A. T.A. - UTE.","LINEA_100_SFE","NO","COLECTIVO","PROVINCIAL","SANTA FE","SN",3466,"SI"
2026-09-07,"U.T.E EMPRESA DE TRANSPORTE DE PASAJEROS LA MARINA SA- LA POSITIVA SA","LINEA_100_SJUAN","NO","COLECTIVO","PROVINCIAL","SAN JUAN","SN",3049,"SI"
2026-09-07,"COOPERATIVA DE TRABAJO DE TRANSPORTE SAN FERNANDO LTDA","LINEA_101","NO","COLECTIVO","PROVINCIAL","CATAMARCA","SN",344,"SI"
2026-09-07,"ERSA URBANO S.A UNION TRANSITORIA","LINEA_101","NO","COLECTIVO","PROVINCIAL","CHACO","SN",1569,"SI"
2026-09-07,"MIRAMAR ESTRELLA U.T.","LINEA_101_CORR","NO","COLECTIVO","MUNICIPAL","CORRIENTES","CORRIENTES",6066,"SI"
2026-09-07,"ROSARIO BUS  S.A","LINEA_101_NEGRA","NO","COLECTIVO","MUNICIPAL","SANTA FE","ROSARIO",8876,"SI"
2026-09-07,"AMERICA TRANSPORTE AUTOMOTOR S.R.L. - AZUL S.A. T.A. - UTE.","LINEA_101_SFE","NO","COLECTIVO","PROVINCIAL","SANTA FE","SN",728,"SI"
2026-09-07,"U.T.E EMPRESA DE TRANSPORTE DE PASAJEROS LA MARINA SA- LA POSITIVA SA","LINEA_101_SJUAN","NO","COLECTIVO","PROVINCIAL","SAN JUAN","SN",3460,"SI"
2026-09-07,"COOPERATIVA DE TRABAJO DE TRANSPORTE SAN FERNANDO LTDA","LINEA_102","NO","COLECTIVO","PROVINCIAL","CATAMARCA","SN",913,"SI"
2026-09-07,"ERSA URBANO SA","LINEA_102_CORR","NO","COLECTIVO","MUNICIPAL","CORRIENTES","CORRIENTES",9440,"SI"
2026-09-07,"MOVI ROSARIO S.A.U","LINEA_102_ROJA","NO","COLECTIVO","MUNICIPAL","SANTA FE","ROSARIO",4815,"SI"
2026-09-07,"AMERICA TRANSPORTE AUTOMOTOR S.R.L. - AZUL S.A. T.A. - UTE.","LINEA_102_SFE","NO","COLECTIVO","PROVINCIAL","SANTA FE","SN",21,"SI"
2026-09-07,"U.T.E EMPRESA DE TRANSPORTE DE PASAJEROS LA MARINA SA- LA POSITIVA SA","LINEA_102_SJUAN","NO","COLECTIVO","PROVINCIAL","SAN JUAN","SN",2580,"SI"
2026-09-07,"ROSARIO BUS  S.A","LINEA_102NEGRA_144NEGRA","NO","COLECTIVO","MUNICIPAL","SANTA FE","ROSARIO",9073,"SI"
2026-09-07,"ROSARIO BUS  S.A","LINEA_103","NO","COLECTIVO","MUNICIPAL","SANTA FE","ROSARIO",20661,"SI"
2026-09-07,"LINEAS G.M. SRL","LINEA_103_CAT","NO","COLECTIVO","PROVINCIAL","CATAMARCA","SN",518,"SI"
2026-09-07,"ERSA URBANO SA","LINEA_103_CORR","NO","COLECTIVO","MUNICIPAL","CORRIENTES","CORRIENTES",11057,"SI"
2026-09-07,"U.T.E EMPRESA DE TRANSPORTE DE PASAJEROS LA MARINA SA- LA POSITIVA SA","LINEA_103_SJUAN","NO","COLECTIVO","PROVINCIAL","SAN JUAN","SN",1323,"SI"
2026-09-07,"EL NENE SRL","LINEA_104_CAT","NO","COLECTIVO","PROVINCIAL","CATAMARCA","SN",1685,"SI"
2026-09-07,"ATACO NORTE S.A.C.I-NAVARRO HNOS S.R.L-U.T.E","LINEA_104_CHA","NO","COLECTIVO","PROVINCIAL","CHACO","SN",2968,"SI"
2026-09-07,"TRANSPORTE SAN LORENZO S.A UNION TRANSITORIA","LINEA_104_CORR","NO","COLECTIVO","MUNICIPAL","CORRIENTES","CORRIENTES",9769,"SI"
2026-09-07,"U.T.E EMPRESA DE TRANSPORTE DE PASAJEROS LA MARINA SA- LA POSITIVA SA","LINEA_104_SJUAN","NO","COLECTIVO","PROVINCIAL","SAN JUAN","SN",2533,"SI"
2026-09-07,"LINEAS G.M. SRL","LINEA_105_CAT","NO","COLECTIVO","PROVINCIAL","CATAMARCA","SN",513,"SI"
2026-09-07,"ERSA URBANO SA","LINEA_105_CORR","NO","COLECTIVO","MUNICIPAL","CORRIENTES","CORRIENTES",11501,"SI"
2026-09-07,"MOVI ROSARIO S.A.U","LINEA_106","NO","COLECTIVO","MUNICIPAL","SANTA FE","ROSARIO",4966,"SI"
2026-09-07,"ERSA URBANO S.A UNION TRANSITORIA","LINEA_106","NO","COLECTIVO","PROVINCIAL","CHACO","SN",3822,"SI"
2026-09-07,"LA RUBI SRL","LINEA_106_CAT","NO","COLECTIVO","PROVINCIAL","CATAMARCA","SN",1319,"SI"
2026-09-07,"ERSA URBANO SA","LINEA_106_CORR","NO","COLECTIVO","MUNICIPAL","CORRIENTES","CORRIENTES",9413,"SI"
2026-09-07,"ROSARIO BUS  S.A","LINEA_107","NO","COLECTIVO","MUNICIPAL","SANTA FE","ROSARIO",18486,"SI"
2026-09-07,"ERSA URBANO S.A UNION TRANSITORIA","LINEA_107","NO","COLECTIVO","PROVINCIAL","CHACO","SN",3311,"SI"
2026-09-07,"25 DE AGOSTO SRL","LINEA_108_CAT","NO","COLECTIVO","PROVINCIAL","CATAMARCA","SN",3181,"SI"
2026-09-07,"TRANSPORTE SAN LORENZO S.A UNION TRANSITORIA","LINEA_108_CORR","NO","COLECTIVO","MUNICIPAL","CORRIENTES","CORRIENTES",7880,"SI"
2026-09-07,"COOPERATIVA DE TRABAJO DE TRANSPORTE SAN FERNANDO LTDA","LINEA_109","NO","COLECTIVO","PROVINCIAL","CATAMARCA","SN",1393,"SI"
2026-09-07,"ERSA URBANO SA","LINEA_109_CORR","NO","COLECTIVO","MUNICIPAL","CORRIENTES","CORRIENTES",3023,"SI"
2026-09-07,"EMPRESA KOKO S.R.L","LINEA_10_NQN","NO","COLECTIVO","MUNICIPAL","NEUQUÉN","NEUQUEN",1251,"SI"
2026-09-07,"COOPERATIVA DE TRABAJO PALBUS 2000 LIMITADA","LINEA_10A_JUJUY","NO","COLECTIVO","PROVINCIAL","JUJUY","SN",8503,"SI"
2026-09-07,"ROSARIO BUS  S.A","LINEA_110","NO","COLECTIVO","MUNICIPAL","SANTA FE","ROSARIO",17921,"SI"
2026-09-07,"ATACO NORTE S.A.C.I-NAVARRO HNOS S.R.L-U.T.E","LINEA_110_CHA","NO","COLECTIVO","PROVINCIAL","CHACO","SN",6766,"SI"
2026-09-07,"MIRAMAR ESTRELLA U.T.","LINEA_110_CORR","NO","COLECTIVO","MUNICIPAL","CORRIENTES","CORRIENTES",10678,"SI"
2026-09-07,"TRANSPUNTANO SAPEM","LINEA_110_SL","NO","COLECTIVO","MUNICIPAL","SAN LUIS","SAN LUIS",1770,"SI"
2026-09-07,"TIRO FEDERAL RESISTENCIA SRL- LA CORDIAL SRL- MICROBUS SRL. U.T.E","LINEA_111","NO","COLECTIVO","PROVINCIAL","CHACO","SN",3511,"SI"
2026-09-07,"MOVI ROSARIO S.A.U","LINEA_112","NO","COLECTIVO","MUNICIPAL","SANTA FE","ROSARIO",7905,"SI"
2026-09-07,"MOVI ROSARIO S.A.U","LINEA_113","NO","COLECTIVO","MUNICIPAL","SANTA FE","ROSARIO",4108,"SI"
2026-09-07,"MOVI ROSARIO S.A.U","LINEA_115","NO","COLECTIVO","MUNICIPAL","SANTA FE","ROSARIO",4040,"SI"
2026-09-07,"MOVI ROSARIO S.A.U","LINEA_115_AEROPUERTO","NO","COLECTIVO","MUNICIPAL","SANTA FE","ROSARIO",4803,"SI"
2026-09-07,"MOVI ROSARIO S.A.U","LINEA_116","NO","COLECTIVO","MUNICIPAL","SANTA FE","ROSARIO",5230,"SI"
2026-09-07,"EXPRESO TIGRE-IGUAZU SA","LINEA_11_NQN","NO","COLECTIVO","MUNICIPAL","NEUQUÉN","NEUQUEN",1803,"SI"
2026-09-07,"EMPR.TRANSP AUTOMOTOR DE PASAJEROS GRAL SAVIO SRL","LINEA_11K_PAL","NO","COLECTIVO","MUNICIPAL","JUJUY","PALPALA",333,"SI"
2026-09-07,"MOVI ROSARIO S.A.U","LINEA_120","NO","COLECTIVO","MUNICIPAL","SANTA FE","ROSARIO",3468,"SI"
2026-09-07,"U.T.E EMPRESA DE TRANSPORTE DE PASAJEROS LA MARINA SA- LA POSITIVA SA","LINEA_120_SJUAN","NO","COLECTIVO","PROVINCIAL","SAN JUAN","SN",3249,"SI"
2026-09-07,"MOVI ROSARIO S.A.U","LINEA_121","NO","COLECTIVO","MUNICIPAL","SANTA FE","ROSARIO",3622,"SI"
2026-09-07,"U.T.E EMPRESA DE TRANSPORTE DE PASAJEROS LA MARINA SA- LA POSITIVA SA","LINEA_121_SJUAN","NO","COLECTIVO","PROVINCIAL","SAN JUAN","SN",3039,"SI"
2026-09-07,"ROSARIO BUS  S.A","LINEA_122","NO","COLECTIVO","MUNICIPAL","SANTA FE","ROSARIO",21516,"SI"
2026-09-07,"U.T.E EMPRESA DE TRANSPORTE DE PASAJEROS LA MARINA SA- LA POSITIVA SA","LINEA_122_SJUAN","NO","COLECTIVO","PROVINCIAL","SAN JUAN","SN",2320,"SI"
2026-09-07,"MOVI ROSARIO S.A.U","LINEA_123","NO","COLECTIVO","MUNICIPAL","SANTA FE","ROSARIO",4962,"SI"
2026-09-07,"U.T.E EMPRESA DE TRANSPORTE DE PASAJEROS LA MARINA SA- LA POSITIVA SA","LINEA_123_SJUAN","NO","COLECTIVO","PROVINCIAL","SAN JUAN","SN",4987,"SI"
2026-09-07,"U.T.E EMPRESA DE TRANSPORTE DE PASAJEROS LA MARINA SA- LA POSITIVA SA","LINEA_124_SJUAN","NO","COLECTIVO","PROVINCIAL","SAN JUAN","SN",2092,"SI"
2026-09-07,"U.T.E EMPRESA DE TRANSPORTE DE PASAJEROS LA MARINA SA- LA POSITIVA SA","LINEA_125_SJUAN","NO","COLECTIVO","PROVINCIAL","SAN JUAN","SN",3108,"SI"
2026-09-07,"ROSARIO BUS  S.A","LINEA_126","NO","COLECTIVO","MUNICIPAL","SANTA FE","ROSARIO",1865,"SI"
2026-09-07,"U.T.E EMPRESA DE TRANSPORTE DE PASAJEROS LA MARINA SA- LA POSITIVA SA","LINEA_126_SJUAN","NO","COLECTIVO","PROVINCIAL","SAN JUAN","SN",5112,"SI"
2026-09-07,"MOVI ROSARIO S.A.U","LINEA_127","NO","COLECTIVO","MUNICIPAL","SANTA FE","ROSARIO",5165,"SI"
2026-09-07,"U.T.E EMPRESA DE TRANSPORTE DE PASAJEROS LA MARINA SA- LA POSITIVA SA","LINEA_127_SJUAN","NO","COLECTIVO","PROVINCIAL","SAN JUAN","SN",259,"SI"
2026-09-07,"ROSARIO BUS  S.A","LINEA_128","NO","COLECTIVO","MUNICIPAL","SANTA FE","ROSARIO",8371,"SI"
2026-09-07,"U.T.E EMPRESA DE TRANSPORTE DE PASAJEROS LA MARINA SA- LA POSITIVA SA","LINEA_128_SJUAN","NO","COLECTIVO","PROVINCIAL","SAN JUAN","SN",1106,"SI"
2026-09-07,"MOVI ROSARIO S.A.U","LINEA_129","NO","COLECTIVO","MUNICIPAL","SANTA FE","ROSARIO",4337,"SI"
2026-09-07,"U.T.E EMPRESA DE TRANSPORTE DE PASAJEROS LA MARINA SA- LA POSITIVA SA","LINEA_129_SJUAN","NO","COLECTIVO","PROVINCIAL","SAN JUAN","SN",3054,"SI"
2026-09-07,"EMPRESA KOKO S.R.L","LINEA_12_NQN","NO","COLECTIVO","MUNICIPAL","NEUQUÉN","NEUQUEN",1916,"SI"
2026-09-07,"EMPR.TRANSP AUTOMOTOR DE PASAJEROS GRAL SAVIO SRL","LINEA_12L_PAL","NO","COLECTIVO","MUNICIPAL","JUJUY","PALPALA",1593,"SI"
2026-09-07,"EMPRESA DE TRANSPORTE AMANCAY SRL","LINEA_13-22_BRC","NO","COLECTIVO","MUNICIPAL","RÍO NEGRO","SAN CARLOS DE BARILOCHE",66,"SI"
2026-09-07,"ROSARIO BUS  S.A","LINEA_130","NO","COLECTIVO","MUNICIPAL","SANTA FE","ROSARIO",5452,"SI"
2026-09-07,"U.T.E EMPRESA DE TRANSPORTE DE PASAJEROS LA MARINA SA- LA POSITIVA SA","LINEA_130_SJUAN","NO","COLECTIVO","PROVINCIAL","SAN JUAN","SN",1712,"SI"
2026-09-07,"MOVI ROSARIO S.A.U","LINEA_131","NO","COLECTIVO","MUNICIPAL","SANTA FE","ROSARIO",5025,"SI"
2026-09-07,"MOVI ROSARIO S.A.U","LINEA_132","NO","COLECTIVO","MUNICIPAL","SANTA FE","ROSARIO",3802,"SI"
2026-09-07,"ROSARIO BUS  S.A","LINEA_133NEGRA_125","NO","COLECTIVO","MUNICIPAL","SANTA FE","ROSARIO",4812,"SI"
2026-09-07,"ROSARIO BUS  S.A","LINEA_133VERDE_125","NO","COLECTIVO","MUNICIPAL","SANTA FE","ROSARIO",4179,"SI"
2026-09-07,"MOVI ROSARIO S.A.U","LINEA_134","NO","COLECTIVO","MUNICIPAL","SANTA FE","ROSARIO",3074,"SI"
2026-09-07,"MOVI ROSARIO S.A.U","LINEA_135","NO","COLECTIVO","MUNICIPAL","SANTA FE","ROSARIO",1440,"SI"
2026-09-07,"ROSARIO BUS  S.A","LINEA_138_139","NO","COLECTIVO","MUNICIPAL","SANTA FE","ROSARIO",7606,"SI"
2026-09-07,"EMPRESA KOKO S.R.L","LINEA_13_NQN","NO","COLECTIVO","MUNICIPAL","NEUQUÉN","NEUQUEN",1388,"SI"
2026-09-07,"ROSARIO BUS  S.A","LINEA_140","NO","COLECTIVO","MUNICIPAL","SANTA FE","ROSARIO",9380,"SI"
2026-09-07,"MOVI ROSARIO S.A.U","LINEA_141","NO","COLECTIVO","MUNICIPAL","SANTA FE","ROSARIO",8807,"SI"
2026-09-07,"TRANSPORTE LIBERTADOR SRL","LINEA_141_SJUAN","NO","COLECTIVO","PROVINCIAL","SAN JUAN","SN",181,"SI"
2026-09-07,"ROSARIO BUS  S.A","LINEA_142","NO","COLECTIVO","MUNICIPAL","SANTA FE","ROSARIO",21951,"SI"
2026-09-07,"TRANSPORTE LIBERTADOR SRL","LINEA_142_SJUAN","NO","COLECTIVO","PROVINCIAL","SAN JUAN","SN",1117,"SI"
2026-09-07,"ROSARIO BUS  S.A","LINEA_143NEGRA_136_137","NO","COLECTIVO","MUNICIPAL","SANTA FE","ROSARIO",7344,"SI"
2026-09-07,"ROSARIO BUS  S.A","LINEA_143ROJA_136_137","NO","COLECTIVO","MUNICIPAL","SANTA FE","ROSARIO",4920,"SI"
2026-09-07,"ROSARIO BUS  S.A","LINEA_145CABIN_9_133","NO","COLECTIVO","MUNICIPAL","SANTA FE","ROSARIO",13643,"SI"
2026-09-07,"ROSARIO BUS  S.A","LINEA_145SOLDINI_133","NO","COLECTIVO","MUNICIPAL","SANTA FE","ROSARIO",4537,"SI"
2026-09-07,"ROSARIO BUS  S.A","LINEA_146","NO","COLECTIVO","MUNICIPAL","SANTA FE","ROSARIO",8738,"SI"
2026-09-07,"EMPRESA KOKO S.R.L","LINEA_14_NQN","NO","COLECTIVO","MUNICIPAL","NEUQUÉN","NEUQUEN",1677,"SI"
2026-09-07,"TRANSPORTE SAN JOSE S.A.","LINEA_15","NO","COLECTIVO","PROVINCIAL","JUJUY","SN",1797,"SI"
2026-09-07,"MOVI ROSARIO S.A.U","LINEA_153","NO","COLECTIVO","MUNICIPAL","SANTA FE","ROSARIO",10819,"SI"
2026-09-07,"EMPRESA KOKO S.R.L","LINEA_15_NQN","NO","COLECTIVO","MUNICIPAL","NEUQUÉN","NEUQUEN",984,"SI"
2026-09-07,"TRANSPORTE LIBERTADOR SRL","LINEA_160_SJUAN","NO","COLECTIVO","PROVINCIAL","SAN JUAN","SN",701,"SI"
2026-09-07,"TRANSPORTE LIBERTADOR SRL","LINEA_161_SJUAN","NO","COLECTIVO","PROVINCIAL","SAN JUAN","SN",91,"SI"
2026-09-07,"TRANSPORTE LIBERTADOR SRL","LINEA_162_SJUAN","NO","COLECTIVO","PROVINCIAL","SAN JUAN","SN",159,"SI"
2026-09-07,"GENERAL TOMAS GUIDO S.A.C.I.F.","LINEA_164_AMBA","SI","COLECTIVO","NACIONAL","JN","SD",26405,"SI"
2026-09-07,"EXPRESO TIGRE-IGUAZU SA","LINEA_16_NQN","NO","COLECTIVO","MUNICIPAL","NEUQUÉN","NEUQUEN",1574,"SI"
2026-09-07,"EXPRESO TIGRE-IGUAZU SA","LINEA_17_NQN","NO","COLECTIVO","MUNICIPAL","NEUQUÉN","NEUQUEN",2652,"SI"
2026-09-07,"EXPRESO TIGRE-IGUAZU SA","LINEA_18_NQN","NO","COLECTIVO","MUNICIPAL","NEUQUÉN","NEUQUEN",1658,"SI"
2026-09-07,"EMPRESA KOKO S.R.L","LINEA_1_NQN","NO","COLECTIVO","MUNICIPAL","NEUQUÉN","NEUQUEN",967,"SI"
2026-09-07,"COOPERATIVA DE TRABAJO PALBUS 2000 LIMITADA","LINEA_1A_PAL","NO","COLECTIVO","MUNICIPAL","JUJUY","PALPALA",757,"SI"
2026-09-07,"AUTOTRANSPORTE CEFERINO S.R.L","LINEA_2","NO","COLECTIVO","MUNICIPAL","CHUBUT","RAWSON",538,"SI"
2026-09-07,"EMPRESA MAYO SRL","LINEA_200_SJUAN","NO","COLECTIVO","PROVINCIAL","SAN JUAN","SN",449,"SI"
2026-09-07,"25 DE AGOSTO SRL","LINEA_201_CAT","NO","COLECTIVO","PROVINCIAL","CATAMARCA","SN",1014,"SI"
2026-09-07,"EMPRESA MAYO SRL","LINEA_201_SJUAN","NO","COLECTIVO","PROVINCIAL","SAN JUAN","SN",1724,"SI"
2026-09-07,"LINEAS G.M. SRL","LINEA_202_CAT","NO","COLECTIVO","PROVINCIAL","CATAMARCA","SN",162,"SI"
2026-09-07,"EMPRESA MAYO SRL","LINEA_202_SJUAN","NO","COLECTIVO","PROVINCIAL","SAN JUAN","SN",503,"SI"
2026-09-07,"25 DE AGOSTO SRL","LINEA_203_CAT","NO","COLECTIVO","PROVINCIAL","CATAMARCA","SN",456,"SI"
2026-09-07,"ATACO NORTE S.A.C.I-NAVARRO HNOS S.R.L-U.T.E","LINEA_203_CHA","NO","COLECTIVO","PROVINCIAL","CHACO","SN",81,"SI"
2026-09-07,"EMPRESA MAYO SRL","LINEA_203_SJUAN","NO","COLECTIVO","PROVINCIAL","SAN JUAN","SN",3327,"SI"
2026-09-07,"ERSA URBANO S.A UNION TRANSITORIA","LINEA_204","NO","COLECTIVO","PROVINCIAL","CHACO","SN",2455,"SI"
2026-09-07,"LINEAS G.M. SRL","LINEA_204_CAT","NO","COLECTIVO","PROVINCIAL","CATAMARCA","SN",966,"SI"
2026-09-07,"EMPRESA MAYO SRL","LINEA_204_SJUAN","NO","COLECTIVO","PROVINCIAL","SAN JUAN","SN",4891,"SI"
2026-09-07,"EMPRESA MAYO SRL","LINEA_205_SJUAN","NO","COLECTIVO","PROVINCIAL","SAN JUAN","SN",3508,"SI"
2026-09-07,"TIRO FEDERAL RESISTENCIA SRL- LA CORDIAL SRL- MICROBUS SRL. U.T.E","LINEA_206","NO","COLECTIVO","PROVINCIAL","CHACO","SN",266,"SI"
2026-09-07,"EMPRESA MAYO SRL","LINEA_206_SJUAN","NO","COLECTIVO","PROVINCIAL","SAN JUAN","SN",3117,"SI"
2026-09-07,"LINEAS G.M. SRL","LINEA_207_CAT","NO","COLECTIVO","PROVINCIAL","CATAMARCA","SN",191,"SI"
2026-09-07,"EMPRESA MAYO SRL","LINEA_207_SJUAN","NO","COLECTIVO","PROVINCIAL","SAN JUAN","SN",875,"SI"
2026-09-07,"EMPRESA MAYO SRL","LINEA_208_SJUAN","NO","COLECTIVO","PROVINCIAL","SAN JUAN","SN",2061,"SI"
2026-09-07,"EMPRESA MAYO SRL","LINEA_209_SJUAN","NO","COLECTIVO","PROVINCIAL","SAN JUAN","SN",2111,"SI"
2026-09-07,"EMPRESA KOKO S.R.L","LINEA_20_NQN","NO","COLECTIVO","MUNICIPAL","NEUQUÉN","NEUQUEN",336,"SI"
2026-09-07,"EMPRESA MAYO SRL","LINEA_210_SJUAN","NO","COLECTIVO","PROVINCIAL","SAN JUAN","SN",8035,"SI"
2026-09-07,"EMPRESA MAYO SRL","LINEA_211_SJUAN","NO","COLECTIVO","PROVINCIAL","SAN JUAN","SN",5352,"SI"
2026-09-07,"EMPRESA MAYO SRL","LINEA_212_SJUAN","NO","COLECTIVO","PROVINCIAL","SAN JUAN","SN",1808,"SI"
2026-09-07,"EMPRESA MAYO SRL","LINEA_213_SJUAN","NO","COLECTIVO","PROVINCIAL","SAN JUAN","SN",2673,"SI"
2026-09-07,"EMPRESA MAYO SRL","LINEA_214_SJUAN","NO","COLECTIVO","PROVINCIAL","SAN JUAN","SN",1529,"SI"
2026-09-07,"EMPRESA KOKO S.R.L","LINEA_21_NQN","NO","COLECTIVO","MUNICIPAL","NEUQUÉN","NEUQUEN",1889,"SI"
2026-09-07,"EXPRESO TIGRE-IGUAZU SA","LINEA_22_NQN","NO","COLECTIVO","MUNICIPAL","NEUQUÉN","NEUQUEN",1111,"SI"
2026-09-07,"EXPRESO TIGRE-IGUAZU SA","LINEA_23_NQN","NO","COLECTIVO","MUNICIPAL","NEUQUÉN","NEUQUEN",2234,"SI"
2026-09-07,"EMPRESA MAYO SRL","LINEA_240_SJUAN","NO","COLECTIVO","PROVINCIAL","SAN JUAN","SN",487,"SI"
2026-09-07,"EMPRESA MAYO SRL","LINEA_241_SJUAN","NO","COLECTIVO","PROVINCIAL","SAN JUAN","SN",2937,"SI"
2026-09-07,"EMPRESA MAYO SRL","LINEA_242_SJUAN","NO","COLECTIVO","PROVINCIAL","SAN JUAN","SN",7078,"SI"
2026-09-07,"EMPRESA MAYO SRL","LINEA_243_SJUAN","NO","COLECTIVO","PROVINCIAL","SAN JUAN","SN",7115,"SI"
2026-09-07,"EMPRESA MAYO SRL","LINEA_244_SJUAN","NO","COLECTIVO","PROVINCIAL","SAN JUAN","SN",2127,"SI"
2026-09-07,"EMPRESA MAYO SRL","LINEA_245_SJUAN","NO","COLECTIVO","PROVINCIAL","SAN JUAN","SN",353,"SI"
2026-09-07,"EMPRESA MAYO SRL","LINEA_246_SJUAN","NO","COLECTIVO","PROVINCIAL","SAN JUAN","SN",392,"SI"
2026-09-07,"EMPRESA MAYO SRL","LINEA_247_SJUAN","NO","COLECTIVO","PROVINCIAL","SAN JUAN","SN",336,"SI"
2026-09-07,"EMPRESA MAYO SRL","LINEA_248_SJUAN","NO","COLECTIVO","PROVINCIAL","SAN JUAN","SN",1541,"SI"
2026-09-07,"EMPRESA KOKO S.R.L","LINEA_24_NQN","NO","COLECTIVO","MUNICIPAL","NEUQUÉN","NEUQUEN",1049,"SI"
2026-09-07,"EMPRESA KOKO S.R.L","LINEA_25_NQN","NO","COLECTIVO","MUNICIPAL","NEUQUÉN","NEUQUEN",1340,"SI"
2026-09-07,"NUEVO SUR S.R.L.","LINEA_261_SJUAN","NO","COLECTIVO","PROVINCIAL","SAN JUAN","SN",29,"SI"
2026-09-07,"NUEVO SUR S.R.L.","LINEA_262_SJUAN","NO","COLECTIVO","PROVINCIAL","SAN JUAN","SN",3729,"SI"
2026-09-07,"NUEVO SUR S.R.L.","LINEA_263_SJUAN","NO","COLECTIVO","PROVINCIAL","SAN JUAN","SN",59,"SI"
2026-09-07,"NUEVO SUR S.R.L.","LINEA_264_SJUAN","NO","COLECTIVO","PROVINCIAL","SAN JUAN","SN",55,"SI"
2026-09-07,"NUEVO SUR S.R.L.","LINEA_265_SJUAN","NO","COLECTIVO","PROVINCIAL","SAN JUAN","SN",174,"SI"
2026-09-07,"NUEVO SUR S.R.L.","LINEA_266_SJUAN","NO","COLECTIVO","PROVINCIAL","SAN JUAN","SN",79,"SI"
2026-09-07,"EMPRESA KOKO S.R.L","LINEA_26_NQN","NO","COLECTIVO","MUNICIPAL","NEUQUÉN","NEUQUEN",565,"SI"
2026-09-07,"EMPRESA KOKO S.R.L","LINEA_27_NQN","NO","COLECTIVO","MUNICIPAL","NEUQUÉN","NEUQUEN",331,"SI"
2026-09-07,"EMPRESA KOKO S.R.L","LINEA_28_NQN","NO","COLECTIVO","MUNICIPAL","NEUQUÉN","NEUQUEN",1449,"SI"
2026-09-07,"EXPRESO TIGRE-IGUAZU SA","LINEA_29_NQN","NO","COLECTIVO","MUNICIPAL","NEUQUÉN","NEUQUEN",705,"SI"
2026-09-07,"EMPRESA KOKO S.R.L","LINEA_2_NQN","NO","COLECTIVO","MUNICIPAL","NEUQUÉN","NEUQUEN",1368,"SI"
2026-09-07,"AUTOTRANSPORTE CEFERINO S.R.L","LINEA_3","NO","COLECTIVO","MUNICIPAL","CHUBUT","RAWSON",320,"SI"
2026-09-07,"TRANSPORTE DE PASAJEROS ALTO DE SIERRA S.R.L.","LINEA_300_SJUAN","NO","COLECTIVO","PROVINCIAL","SAN JUAN","SN",624,"SI"
2026-09-07,"TRANSPORTE DE PASAJEROS ALTO DE SIERRA S.R.L.","LINEA_301_SJUAN","NO","COLECTIVO","PROVINCIAL","SAN JUAN","SN",4038,"SI"
2026-09-07,"TRANSPORTE DE PASAJEROS ALTO DE SIERRA S.R.L.","LINEA_302_SJUAN","NO","COLECTIVO","PROVINCIAL","SAN JUAN","SN",319,"SI"
2026-09-07,"TRANSPORTE DE PASAJEROS ALTO DE SIERRA S.R.L.","LINEA_303_SJUAN","NO","COLECTIVO","PROVINCIAL","SAN JUAN","SN",1873,"SI"
2026-09-07,"TRANSPORTE DE PASAJEROS ALTO DE SIERRA S.R.L.","LINEA_304_SJUAN","NO","COLECTIVO","PROVINCIAL","SAN JUAN","SN",2132,"SI"
2026-09-07,"TRANSPORTE DE PASAJEROS ALTO DE SIERRA S.R.L.","LINEA_305_SJUAN","NO","COLECTIVO","PROVINCIAL","SAN JUAN","SN",3806,"SI"
2026-09-07,"EMPRESA KOKO S.R.L","LINEA_30_NQN","NO","COLECTIVO","MUNICIPAL","NEUQUÉN","NEUQUEN",2835,"SI"
2026-09-07,"EMPRESA KOKO S.R.L","LINEA_31_NQN","NO","COLECTIVO","MUNICIPAL","NEUQUÉN","NEUQUEN",408,"SI"
2026-09-07,"TRANSPORTE DE PASAJEROS EL TRIUNFO SA","LINEA_320_SJUAN","NO","COLECTIVO","PROVINCIAL","SAN JUAN","SN",2910,"SI"
2026-09-07,"TRANSPORTE DE PASAJEROS EL TRIUNFO SA","LINEA_321_SJUAN","NO","COLECTIVO","PROVINCIAL","SAN JUAN","SN",536,"SI"
2026-09-07,"TRANSPORTE DE PASAJEROS EL TRIUNFO SA","LINEA_322_SJUAN","NO","COLECTIVO","PROVINCIAL","SAN JUAN","SN",896,"SI"
2026-09-07,"TRANSPORTE DE PASAJEROS EL TRIUNFO SA","LINEA_323_SJUAN","NO","COLECTIVO","PROVINCIAL","SAN JUAN","SN",847,"SI"
2026-09-07,"EXPRESO TIGRE-IGUAZU SA","LINEA_32E_NQN","NO","COLECTIVO","MUNICIPAL","NEUQUÉN","NEUQUEN",473,"SI"
2026-09-07,"TRANSPORTE DE PASAJEROS EL TRIUNFO SA","LINEA_340_SJUAN","NO","COLECTIVO","PROVINCIAL","SAN JUAN","SN",1553,"SI"
2026-09-07,"TRANSPORTE DE PASAJEROS EL TRIUNFO SA","LINEA_341_SJUAN","NO","COLECTIVO","PROVINCIAL","SAN JUAN","SN",3551,"SI"
2026-09-07,"TRANSPORTE DE PASAJEROS EL TRIUNFO SA","LINEA_342_SJUAN","NO","COLECTIVO","PROVINCIAL","SAN JUAN","SN",252,"SI"
2026-09-07,"TRANSPORTE DE PASAJEROS EL TRIUNFO SA","LINEA_343_SJUAN","NO","COLECTIVO","PROVINCIAL","SAN JUAN","SN",318,"SI"
2026-09-07,"TRANSPORTE DE PASAJEROS EL TRIUNFO SA","LINEA_344_SJUAN","NO","COLECTIVO","PROVINCIAL","SAN JUAN","SN",434,"SI"
2026-09-07,"TRANSPORTE DE PASAJEROS EL TRIUNFO SA","LINEA_345_SJUAN","NO","COLECTIVO","PROVINCIAL","SAN JUAN","SN",3163,"SI"
2026-09-07,"TRANSPORTE DE PASAJEROS EL TRIUNFO SA","LINEA_346_SJUAN","NO","COLECTIVO","PROVINCIAL","SAN JUAN","SN",319,"SI"
2026-09-07,"TRANSPORTE DE PASAJEROS EL TRIUNFO SA","LINEA_360_SJUAN","NO","COLECTIVO","PROVINCIAL","SAN JUAN","SN",136,"SI"
2026-09-07,"TRANSPORTE DE PASAJEROS EL TRIUNFO SA","LINEA_361_SJUAN","NO","COLECTIVO","PROVINCIAL","SAN JUAN","SN",436,"SI"
2026-09-07,"TRANSPORTE DE PASAJEROS EL TRIUNFO SA","LINEA_362_SJUAN","NO","COLECTIVO","PROVINCIAL","SAN JUAN","SN",300,"SI"
2026-09-07,"TRANSPORTE DE PASAJEROS EL TRIUNFO SA","LINEA_363_SJUAN","NO","COLECTIVO","PROVINCIAL","SAN JUAN","SN",3649,"SI"
2026-09-07,"TRANSPORTE DE PASAJEROS EL TRIUNFO SA","LINEA_364_SJUAN","NO","COLECTIVO","PROVINCIAL","SAN JUAN","SN",4369,"SI"
2026-09-07,"EXPRESO TIGRE-IGUAZU SA","LINEA_3_NQN","NO","COLECTIVO","MUNICIPAL","NEUQUÉN","NEUQUEN",95,"SI"
2026-09-07,"COOPERATIVA DE TRABAJO PALBUS 2000 LIMITADA","LINEA_3C_PAL","NO","COLECTIVO","MUNICIPAL","JUJUY","PALPALA",3172,"SI"
2026-09-07,"EMPRESA DE TRANSPORTES ALBARDON SRL","LINEA_400_SJUAN","NO","COLECTIVO","PROVINCIAL","SAN JUAN","SN",3010,"SI"
2026-09-07,"EMPRESA DE TRANSPORTES ALBARDON SRL","LINEA_401_SJUAN","NO","COLECTIVO","PROVINCIAL","SAN JUAN","SN",3373,"SI"
2026-09-07,"EMPRESA DE TRANSPORTES ALBARDON SRL","LINEA_402_SJUAN","NO","COLECTIVO","PROVINCIAL","SAN JUAN","SN",2544,"SI"
2026-09-07,"EMPRESA DE TRANSPORTES ALBARDON SRL","LINEA_403_SJUAN","NO","COLECTIVO","PROVINCIAL","SAN JUAN","SN",4358,"SI"
2026-09-07,"EMPRESA DE TRANSPORTES ALBARDON SRL","LINEA_404_SJUAN","NO","COLECTIVO","PROVINCIAL","SAN JUAN","SN",7077,"SI"
2026-09-07,"EMPRESA DE TRANSPORTES ALBARDON SRL","LINEA_405_SJUAN","NO","COLECTIVO","PROVINCIAL","SAN JUAN","SN",3455,"SI"
2026-09-07,"EMPRESA DE TRANSPORTES ALBARDON SRL","LINEA_406_SJUAN","NO","COLECTIVO","PROVINCIAL","SAN JUAN","SN",5688,"SI"
2026-09-07,"EMPRESA DE TRANSPORTES ALBARDON SRL","LINEA_407_SJUAN","NO","COLECTIVO","PROVINCIAL","SAN JUAN","SN",5811,"SI"
2026-09-07,"EMPRESA DE TRANSPORTES ALBARDON SRL","LINEA_408_SJUAN","NO","COLECTIVO","PROVINCIAL","SAN JUAN","SN",2030,"SI"
2026-09-07,"EMPRESA DE TRANSPORTES ALBARDON SRL","LINEA_420_SJUAN","NO","COLECTIVO","PROVINCIAL","SAN JUAN","SN",8962,"SI"
2026-09-07,"EMPRESA DE TRANSPORTES ALBARDON SRL","LINEA_421_SJUAN","NO","COLECTIVO","PROVINCIAL","SAN JUAN","SN",437,"SI"
2026-09-07,"EMPRESA DE TRANSPORTES ALBARDON SRL","LINEA_422_SJUAN","NO","COLECTIVO","PROVINCIAL","SAN JUAN","SN",350,"SI"
2026-09-07,"EMPRESA DE TRANSPORTES ALBARDON SRL","LINEA_423_SJUAN","NO","COLECTIVO","PROVINCIAL","SAN JUAN","SN",1150,"SI"
2026-09-07,"EMPRESA DE TRANSPORTES ALBARDON SRL","LINEA_440_SJUAN","NO","COLECTIVO","PROVINCIAL","SAN JUAN","SN",1869,"SI"
2026-09-07,"EMPRESA DE TRANSPORTES ALBARDON SRL","LINEA_441_SJUAN","NO","COLECTIVO","PROVINCIAL","SAN JUAN","SN",2289,"SI"
2026-09-07,"EMPRESA DE TRANSPORTES ALBARDON SRL","LINEA_442_SJUAN","NO","COLECTIVO","PROVINCIAL","SAN JUAN","SN",437,"SI"
2026-09-07,"FRANCISCO BUIATTI E HIJOS S.A","LINEA_450_LANCHAS","NO","LANCHAS","PROVINCIAL","BUENOS AIRES","SN",265,"SI"
2026-09-07,"INTERISLEÑA S A C E I","LINEA_451_LANCHAS","NO","LANCHAS","PROVINCIAL","BUENOS AIRES","SN",11,"SI"
2026-09-07,"INTERISLEÑA S A C E I","LINEA_452_451_LANCHAS","NO","LANCHAS","PROVINCIAL","BUENOS AIRES","SN",895,"SI"
2026-09-07,"LINEAS DELTA ARGENTINO S.R.L.","LINEA_453_LANCHAS","NO","LANCHAS","PROVINCIAL","BUENOS AIRES","SN",103,"SI"
2026-09-07,"EMPRESA EL LEON S R L","LINEA_454_LANCHAS","NO","LANCHAS","PROVINCIAL","BUENOS AIRES","SN",5,"SI"
2026-09-07,"HUGO A. PFLUGER S.A","LINEA_455_LANCHAS","NO","LANCHAS","PROVINCIAL","BUENOS AIRES","SN",12,"SI"
2026-09-07,"EMPRESA DE TRANSPORTES ALBARDON SRL","LINEA_460_SJUAN","NO","COLECTIVO","PROVINCIAL","SAN JUAN","SN",738,"SI"
2026-09-07,"EMPRESA DE TRANSPORTES ALBARDON SRL","LINEA_461_SJUAN","NO","COLECTIVO","PROVINCIAL","SAN JUAN","SN",803,"SI"
2026-09-07,"TRANSPORTE FUTURO SRL","LINEA_47","NO","COLECTIVO","PROVINCIAL","JUJUY","SN",367,"SI"
2026-09-07,"EXPRESO TIGRE-IGUAZU SA","LINEA_4_NQN","NO","COLECTIVO","MUNICIPAL","NEUQUÉN","NEUQUEN",3145,"SI"
2026-09-07,"COOPERATIVA DE TRABAJO PALBUS 2000 LIMITADA","LINEA_4D_PAL","NO","COLECTIVO","MUNICIPAL","JUJUY","PALPALA",1093,"SI"
2026-09-07,"TRANSPORTE AUTOMOTOR DE PASAJEROS FIGUEROA S.A.","LINEA_50-A","NO","COLECTIVO","PROVINCIAL","JUJUY","SN",1,"SI"
2026-09-07,"LEMOS Y RODRIGUEZ S.A.","LINEA_500_BSAS","NO","COLECTIVO","MUNICIPAL","BUENOS AIRES","BAHIA BLANCA",7735,"SI"
2026-09-07,"BALCARBUS SRL","LINEA_501","NO","COLECTIVO","MUNICIPAL","BUENOS AIRES","BALCARCE",246,"SI"
2026-09-07,"COMPAÑIA BELGRANO S.A.","LINEA_501","NO","COLECTIVO","MUNICIPAL","BUENOS AIRES","CORONEL ROSALES",367,"SI"
2026-09-07,"EMPRESA DE TRANSPORTE PERALTA RAMOS SACI","LINEA_501_MDQ","NO","COLECTIVO","MUNICIPAL","BUENOS AIRES","GENERAL PUEYRREDON",1291,"SI"
2026-09-07,"EMPRESA VALLECITO SRL","LINEA_501_SJUAN","NO","COLECTIVO","PROVINCIAL","SAN JUAN","SN",157,"SI"
2026-09-07,"BALCARBUS SRL","LINEA_502","NO","COLECTIVO","MUNICIPAL","BUENOS AIRES","BALCARCE",294,"SI"
2026-09-07,"COMPAÑIA BELGRANO S.A.","LINEA_502","NO","COLECTIVO","MUNICIPAL","BUENOS AIRES","CORONEL ROSALES",265,"SI"
2026-09-07,"T. A. SAN GABRIEL S.A.","LINEA_502_BAHIA","NO","COLECTIVO","MUNICIPAL","BUENOS AIRES","BAHIA BLANCA",3969,"SI"
2026-09-07,"EMPRESA VALLECITO SRL","LINEA_502_SJUAN","NO","COLECTIVO","PROVINCIAL","SAN JUAN","SN",654,"SI"
2026-09-07,"BALCARBUS SRL","LINEA_503","NO","COLECTIVO","MUNICIPAL","BUENOS AIRES","BALCARCE",467,"SI"
2026-09-07,"COMPAÑIA BELGRANO S.A.","LINEA_503","NO","COLECTIVO","MUNICIPAL","BUENOS AIRES","CORONEL ROSALES",997,"SI"
2026-09-07,"T. A. SAN GABRIEL S.A.","LINEA_503_BAHIA","NO","COLECTIVO","MUNICIPAL","BUENOS AIRES","BAHIA BLANCA",3889,"SI"
2026-09-07,"COMPAÑIA BELGRANO S.A.","LINEA_503BIS","NO","COLECTIVO","MUNICIPAL","BUENOS AIRES","CORONEL ROSALES",1087,"SI"
2026-09-07,"BALCARBUS SRL","LINEA_504","NO","COLECTIVO","MUNICIPAL","BUENOS AIRES","BALCARCE",75,"SI"
2026-09-07,"COMPAÑIA BELGRANO S.A.","LINEA_504","NO","COLECTIVO","MUNICIPAL","BUENOS AIRES","CORONEL ROSALES",532,"SI"
2026-09-07,"EMPRESA LINEA 216 S.A.T.","LINEA_504_ ITUZ","SI","COLECTIVO","MUNICIPAL","BUENOS AIRES","ITUZAINGO",675,"SI"
2026-09-07,"EMPRESA DE TRANSPORTE DEL SUR SRL","LINEA_504_AMBA","SI","COLECTIVO","MUNICIPAL","BUENOS AIRES","PRESIDENTE PERON",8750,"SI"
2026-09-07,"T. A. SAN GABRIEL S.A.","LINEA_504_BAHIA","NO","COLECTIVO","MUNICIPAL","BUENOS AIRES","BAHIA BLANCA",2677,"SI"
2026-09-07,"EMPRESA VALLECITO SRL","LINEA_504_SJUAN","NO","COLECTIVO","PROVINCIAL","SAN JUAN","SN",71,"SI"
2026-09-07,"COMPAÑIA ISLEÑA S.R.L.","LINEA_504B","SI","COLECTIVO","MUNICIPAL","BUENOS AIRES","ESCOBAR",1752,"SI"
2026-09-07,"COMPAÑIA BELGRANO S.A.","LINEA_504BIS","NO","COLECTIVO","MUNICIPAL","BUENOS AIRES","CORONEL ROSALES",327,"SI"
2026-09-07,"COMPAÑIA BELGRANO S.A.","LINEA_505","NO","COLECTIVO","MUNICIPAL","BUENOS AIRES","CORONEL ROSALES",745,"SI"
2026-09-07,"EMPRESA DE TRANSPORTE DEL SUR SRL","LINEA_505_AMBA","SI","COLECTIVO","MUNICIPAL","BUENOS AIRES","ALMIRANTE BROWN",12568,"SI"
2026-09-07,"LEMOS Y RODRIGUEZ S.A.","LINEA_505_BSAS","NO","COLECTIVO","MUNICIPAL","BUENOS AIRES","BAHIA BLANCA",4118,"SI"
2026-09-07,"EMPRESA VALLECITO SRL","LINEA_505_SJUAN","NO","COLECTIVO","PROVINCIAL","SAN JUAN","SN",214,"SI"
2026-09-07,"EMPRESA DE TRANSPORTE DEL SUR SRL","LINEA_506_AMBA","SI","COLECTIVO","MUNICIPAL","BUENOS AIRES","ALMIRANTE BROWN",26590,"SI"
2026-09-07,"T. A. SAN GABRIEL S.A.","LINEA_506_BAHIA","NO","COLECTIVO","MUNICIPAL","BUENOS AIRES","BAHIA BLANCA",2778,"SI"
2026-09-07,"FUERTE BARRAGAN S.A.T.I.C.I.","LINEA_506F_BSAS","SI","COLECTIVO","MUNICIPAL","BUENOS AIRES","LA PLATA",9813,"SI"
2026-09-07,"LEMOS Y RODRIGUEZ S.A.","LINEA_507_BSAS","NO","COLECTIVO","MUNICIPAL","BUENOS AIRES","BAHIA BLANCA",3990,"SI"
2026-09-07,"COMPAÑIA ISLEÑA S.R.L.","LINEA_507B","SI","COLECTIVO","MUNICIPAL","BUENOS AIRES","ESCOBAR",2549,"SI"
2026-09-07,"T. A. SAN GABRIEL S.A.","LINEA_509_BAHIA","NO","COLECTIVO","MUNICIPAL","BUENOS AIRES","BAHIA BLANCA",1081,"SI"
2026-09-07,"LAS SIERRAS DE OLAVARRIA S. R. L.","LINEA_509_BSAS","NO","COLECTIVO","MUNICIPAL","BUENOS AIRES","OLAVARRIA",669,"SI"
2026-09-07,"TURITOUR S.A.","LINEA_510","NO","COLECTIVO","MUNICIPAL","BUENOS AIRES","CORONEL ROSALES",46,"SI"
2026-09-07,"LAS SIERRAS DE OLAVARRIA S. R. L.","LINEA_510_BSAS","NO","COLECTIVO","MUNICIPAL","BUENOS AIRES","OLAVARRIA",949,"SI"
2026-09-07,"COMPAÑÍA DE TRANSPORTE NECOCHEA S.A.","LINEA_510N_BSAS","NO","COLECTIVO","MUNICIPAL","BUENOS AIRES","NECOCHEA",2900,"SI"
2026-09-07,"EMPRESA DE TRANSPORTE PERALTA RAMOS SACI","LINEA_511","NO","COLECTIVO","MUNICIPAL","BUENOS AIRES","GENERAL PUEYRREDON",19605,"SI"
2026-09-07,"COMPAÑÍA DE TRANSPORTE NECOCHEA S.A.","LINEA_511N_BSAS","NO","COLECTIVO","MUNICIPAL","BUENOS AIRES","NECOCHEA",1876,"SI"
2026-09-07,"T. A. SAN GABRIEL S.A.","LINEA_512_BAHIA","NO","COLECTIVO","MUNICIPAL","BUENOS AIRES","BAHIA BLANCA",3374,"SI"
2026-09-07,"COMPAÑÍA DE TRANSPORTE NECOCHEA S.A.","LINEA_512N_BSAS","NO","COLECTIVO","MUNICIPAL","BUENOS AIRES","NECOCHEA",1470,"SI"
2026-09-07,"LEMOS Y RODRIGUEZ S.A.","LINEA_513_BSAS","NO","COLECTIVO","MUNICIPAL","BUENOS AIRES","BAHIA BLANCA",4243,"SI"
2026-09-07,"T. A. SAN GABRIEL S.A.","LINEA_513EX_BAHIA","NO","COLECTIVO","MUNICIPAL","BUENOS AIRES","BAHIA BLANCA",3113,"SI"
2026-09-07,"COMPAÑÍA DE TRANSPORTE NECOCHEA S.A.","LINEA_513N_BSAS","NO","COLECTIVO","MUNICIPAL","BUENOS AIRES","NECOCHEA",64,"SI"
2026-09-07,"LEMOS Y RODRIGUEZ S.A.","LINEA_514_BSAS","NO","COLECTIVO","MUNICIPAL","BUENOS AIRES","BAHIA BLANCA",6733,"SI"
2026-09-07,"LAS SIERRAS DE OLAVARRIA S. R. L.","LINEA_514A_BSAS","NO","COLECTIVO","MUNICIPAL","BUENOS AIRES","OLAVARRIA",1561,"SI"
2026-09-07,"LAS SIERRAS DE OLAVARRIA S. R. L.","LINEA_514B_BSAS","NO","COLECTIVO","MUNICIPAL","BUENOS AIRES","OLAVARRIA",31,"SI"
2026-09-07,"COMPAÑÍA DE TRANSPORTE NECOCHEA S.A.","LINEA_514N_BSAS","NO","COLECTIVO","MUNICIPAL","BUENOS AIRES","NECOCHEA",242,"SI"
2026-09-07,"T. A. SAN GABRIEL S.A.","LINEA_516_BAHIA","NO","COLECTIVO","MUNICIPAL","BUENOS AIRES","BAHIA BLANCA",3325,"SI"
2026-09-07,"T. A. SAN GABRIEL S.A.","LINEA_517_BAHIA","NO","COLECTIVO","MUNICIPAL","BUENOS AIRES","BAHIA BLANCA",5352,"SI"
2026-09-07,"T. A. SAN GABRIEL S.A.","LINEA_518_BAHIA","NO","COLECTIVO","MUNICIPAL","BUENOS AIRES","BAHIA BLANCA",2554,"SI"
2026-09-07,"LEMOS Y RODRIGUEZ S.A.","LINEA_519_BSAS","NO","COLECTIVO","MUNICIPAL","BUENOS AIRES","BAHIA BLANCA",5055,"SI"
2026-09-07,"BAHIA TRANSPORTE SAPEN","LINEA_519A_BAHIA","NO","COLECTIVO","MUNICIPAL","BUENOS AIRES","BAHIA BLANCA",6160,"SI"
2026-09-07,"VIA 51 VIAJES SA","LINEA_520_BSAS","NO","COLECTIVO","MUNICIPAL","BUENOS AIRES","BAHIA BLANCA",27,"SI"
2026-09-07,"EMPRESA DE TRANSPORTE DEL SUR SRL","LINEA_521_AMBA","SI","COLECTIVO","MUNICIPAL","BUENOS AIRES","ALMIRANTE BROWN",2455,"SI"
2026-09-07,"EMPRESA DE TRANSPORTE PERALTA RAMOS SACI","LINEA_521_MDQ","NO","COLECTIVO","MUNICIPAL","BUENOS AIRES","GENERAL PUEYRREDON",4858,"SI"
2026-09-07,"EMPRESA DE TRANSPORTE PERALTA RAMOS SACI","LINEA_522_MDQ","NO","COLECTIVO","MUNICIPAL","BUENOS AIRES","GENERAL PUEYRREDON",6387,"SI"
2026-09-07,"EMPRESA DE TRANSPORTE PERALTA RAMOS SACI","LINEA_523_MDQ","NO","COLECTIVO","MUNICIPAL","BUENOS AIRES","GENERAL PUEYRREDON",8759,"SI"
2026-09-07,"EMPRESA DE TRANSPORTE PERALTA RAMOS SACI","LINEA_525_MDQ","NO","COLECTIVO","MUNICIPAL","BUENOS AIRES","GENERAL PUEYRREDON",1465,"SI"
2026-09-07,"AUTOBUSES BUENOS AIRES SRL","LINEA_540_BSAS","SI","COLECTIVO","MUNICIPAL","BUENOS AIRES","LOMAS DE ZAMORA",14129,"SI"
2026-09-07,"EMPRESA DE TRANSPORTE PERALTA RAMOS SACI","LINEA_541_MDQ","NO","COLECTIVO","MUNICIPAL","BUENOS AIRES","GENERAL PUEYRREDON",5822,"SI"
2026-09-07,"AUTOBUSES BUENOS AIRES SRL","LINEA_542_BSAS","SI","COLECTIVO","MUNICIPAL","BUENOS AIRES","LOMAS DE ZAMORA",12193,"SI"
2026-09-07,"EMPRESA DE TRANSPORTE PERALTA RAMOS SACI","LINEA_542_MDQ","NO","COLECTIVO","MUNICIPAL","BUENOS AIRES","GENERAL PUEYRREDON",5314,"SI"
2026-09-07,"EMPRESA DE TRANSPORTE PERALTA RAMOS SACI","LINEA_543_MDQ","NO","COLECTIVO","MUNICIPAL","BUENOS AIRES","GENERAL PUEYRREDON",4567,"SI"
2026-09-07,"AUTOBUSES BUENOS AIRES SRL","LINEA_548_BSAS","SI","COLECTIVO","MUNICIPAL","BUENOS AIRES","LOMAS DE ZAMORA",6476,"SI"
2026-09-07,"AUTOBUSES BUENOS AIRES SRL","LINEA_550_BSAS","SI","COLECTIVO","MUNICIPAL","BUENOS AIRES","LOMAS DE ZAMORA",10636,"SI"
2026-09-07,"AUTOBUSES BUENOS AIRES SRL","LINEA_551_BSAS","SI","COLECTIVO","MUNICIPAL","BUENOS AIRES","LOMAS DE ZAMORA",6194,"SI"
2026-09-07,"EMPRESA DE TRANSPORTE PERALTA RAMOS SACI","LINEA_551_MDQ","NO","COLECTIVO","MUNICIPAL","BUENOS AIRES","GENERAL PUEYRREDON",6379,"SI"
2026-09-07,"AUTOBUSES BUENOS AIRES SRL","LINEA_552_BSAS","SI","COLECTIVO","MUNICIPAL","BUENOS AIRES","LOMAS DE ZAMORA",10073,"SI"
2026-09-07,"EMPRESA DE TRANSPORTE PERALTA RAMOS SACI","LINEA_552_MDQ","NO","COLECTIVO","MUNICIPAL","BUENOS AIRES","GENERAL PUEYRREDON",10227,"SI"
2026-09-07,"AUTOBUSES BUENOS AIRES SRL","LINEA_553_BSAS","SI","COLECTIVO","MUNICIPAL","BUENOS AIRES","LOMAS DE ZAMORA",6933,"SI"
2026-09-07,"EMPRESA DE TRANSPORTE PERALTA RAMOS SACI","LINEA_553_MDQ","NO","COLECTIVO","MUNICIPAL","BUENOS AIRES","GENERAL PUEYRREDON",4309,"SI"
2026-09-07,"EMPRESA DE TRANSPORTE PERALTA RAMOS SACI","LINEA_554_MDQ","NO","COLECTIVO","MUNICIPAL","BUENOS AIRES","GENERAL PUEYRREDON",6088,"SI"
2026-09-07,"EMPRESA DE TRANSPORTE PERALTA RAMOS SACI","LINEA_555_MDQ","NO","COLECTIVO","MUNICIPAL","BUENOS AIRES","GENERAL PUEYRREDON",6110,"SI"
2026-09-07,"EMPRESA VALLECITO SRL","LINEA_560_SJUAN","NO","COLECTIVO","PROVINCIAL","SAN JUAN","SN",29,"SI"
2026-09-07,"EMPRESA DE TRANSPORTE 12 DE OCTUBRE S R L","LINEA_562_MDQ","NO","COLECTIVO","MUNICIPAL","BUENOS AIRES","GENERAL PUEYRREDON",11077,"SI"
2026-09-07,"EMPRESA DE TRANSPORTE 12 DE OCTUBRE S R L","LINEA_563_MDQ","NO","COLECTIVO","MUNICIPAL","BUENOS AIRES","GENERAL PUEYRREDON",9678,"SI"
2026-09-07,"EMPRESA DE TRANSPORTE PERALTA RAMOS SACI","LINEA_571_MDQ","NO","COLECTIVO","MUNICIPAL","BUENOS AIRES","GENERAL PUEYRREDON",13809,"SI"
2026-09-07,"EMPRESA DE TRANSPORTE PERALTA RAMOS SACI","LINEA_573_MDQ","NO","COLECTIVO","MUNICIPAL","BUENOS AIRES","GENERAL PUEYRREDON",8705,"SI"
2026-09-07,"EMPRESA DE TRANSPORTE PERALTA RAMOS SACI","LINEA_581_MDQ","NO","COLECTIVO","MUNICIPAL","BUENOS AIRES","GENERAL PUEYRREDON",4857,"SI"
2026-09-07,"EMPRESA DE TRANSPORTE PERALTA RAMOS SACI","LINEA_591_MDQ","NO","COLECTIVO","MUNICIPAL","BUENOS AIRES","GENERAL PUEYRREDON",6556,"SI"
2026-09-07,"EMPRESA DE TRANSPORTE PERALTA RAMOS SACI","LINEA_593_MDQ","NO","COLECTIVO","MUNICIPAL","BUENOS AIRES","GENERAL PUEYRREDON",2595,"SI"
2026-09-07,"EMPRESA KOKO S.R.L","LINEA_5_NQN","NO","COLECTIVO","MUNICIPAL","NEUQUÉN","NEUQUEN",1622,"SI"
2026-09-07,"TRANSPORTE SAN JOSE S.A.","LINEA_60","NO","COLECTIVO","PROVINCIAL","JUJUY","SN",484,"SI"
2026-09-07,"EMPRESA KOKO S.R.L","LINEA_6_NQN","NO","COLECTIVO","MUNICIPAL","NEUQUÉN","NEUQUEN",2702,"SI"
2026-09-07,"EMPRESA KOKO S.R.L","LINEA_7_NQN","NO","COLECTIVO","MUNICIPAL","NEUQUÉN","NEUQUEN",2506,"SI"
2026-09-07,"EMPRESA VALLECITO SRL","LINEA_801_SJUAN","NO","COLECTIVO","PROVINCIAL","SAN JUAN","SN",266,"SI"
2026-09-07,"EMPRESA VALLECITO SRL","LINEA_802_SJUAN","NO","COLECTIVO","PROVINCIAL","SAN JUAN","SN",97,"SI"
2026-09-07,"EMPRESA VALLECITO SRL","LINEA_803_SJUAN","NO","COLECTIVO","PROVINCIAL","SAN JUAN","SN",27,"SI"
2026-09-07,"EMPRESA KOKO S.R.L","LINEA_8_NQN","NO","COLECTIVO","MUNICIPAL","NEUQUÉN","NEUQUEN",2508,"SI"
2026-09-07,"EMPR.TRANSP AUTOMOTOR DE PASAJEROS GRAL SAVIO SRL","LINEA_8H_PAL","NO","COLECTIVO","MUNICIPAL","JUJUY","PALPALA",416,"SI"
2026-09-07,"A T A C O NORTE S A C I","LINEA_902","NO","COLECTIVO","NACIONAL","JN","SD",4494,"SI"
2026-09-07,"EMPRESA DE TRANSPORTES FLUVIALES DEL LITORAL SA","LINEA_906","NO","COLECTIVO","NACIONAL","JN","SD",3446,"SI"
2026-09-07,"TRANSPORTE AUTOMOTOR DE PASAJEROS FIGUEROA S.A.","LINEA_91","NO","COLECTIVO","PROVINCIAL","JUJUY","SN",27,"SI"
2026-09-07,"AZUL S.A. DE TRANSPORTE AUTOMOTOR","LINEA_910_STAFE","NO","COLECTIVO","NACIONAL","JN","SD",12783,"SI"
2026-09-07,"AZUL S.A. DE TRANSPORTE AUTOMOTOR","LINEA_915_STAFE","NO","COLECTIVO","NACIONAL","JN","SD",689,"SI"
2026-09-07,"TRANSPORTE AUTOMOTOR DE PASAJEROS FIGUEROA S.A.","LINEA_92","NO","COLECTIVO","PROVINCIAL","JUJUY","SN",44,"SI"
2026-09-07,"EXPRESO TIGRE-IGUAZU SA","LINEA_9_NQN","NO","COLECTIVO","MUNICIPAL","NEUQUÉN","NEUQUEN",2787,"SI"
2026-09-07,"EMPR.TRANSP AUTOMOTOR DE PASAJEROS GRAL SAVIO SRL","LINEA_9I_PAL","NO","COLECTIVO","MUNICIPAL","JUJUY","PALPALA",177,"SI"
2026-09-07,"EMOVA MOVILIDAD S.A. (ex MTV)","LINEA_A","SI","SUBTE",,,,87208,"SI"
2026-09-07,"TRANSPORTE LIBERTADOR SRL","LINEA_A_SJUAN","NO","COLECTIVO","PROVINCIAL","SAN JUAN","SN",13991,"SI"
2026-09-07,"TRANSPUNTANO SAPEM","LINEA_A_SL","NO","COLECTIVO","MUNICIPAL","SAN LUIS","SAN LUIS",2115,"SI"
2026-09-07,"USHUAIA INTEGRAL SOCIEDAD DEL ESTADO","LINEA_A_USHUAIA","NO","COLECTIVO","MUNICIPAL","TIERRA DEL FUEGO","USHUAIA",4803,"SI"
2026-09-07,"COOPERATIVA DE TRABAJO CHOFERES DE COLECTIVOS Y MINIBUSES LIMITADA - C.C.M.","LINEA_AZUL","NO","COLECTIVO","MUNICIPAL","SANTA FE","RECONQUISTA",173,"SI"
2026-09-07,"EMOVA MOVILIDAD S.A. (ex MTV)","LINEA_B","SI","SUBTE",,,,100886,"SI"
2026-09-07,"U.T.E EMPRESA DE TRANSPORTE DE PASAJEROS LA MARINA SA- LA POSITIVA SA","LINEA_B_SJUAN","NO","COLECTIVO","PROVINCIAL","SAN JUAN","SN",6347,"SI"
2026-09-07,"USHUAIA INTEGRAL SOCIEDAD DEL ESTADO","LINEA_B_USHUAIA","NO","COLECTIVO","MUNICIPAL","TIERRA DEL FUEGO","USHUAIA",5638,"SI"
2026-09-07,"TRANSPUNTANO SAPEM","LINEA_BCG_SL","NO","COLECTIVO","MUNICIPAL","SAN LUIS","SAN LUIS",3999,"SI"
2026-09-07,"MICRO OMNIBUS PRIMERA JUNTA S.A","LINEA_BSAS_500","SI","COLECTIVO","MUNICIPAL","BUENOS AIRES","FLORENCIO VARELA",5093,"SI"
2026-09-07,"COMPAÑIA MICROOMNIBUS LA COLORADA SACI","LINEA_BSAS_503","SI","COLECTIVO","MUNICIPAL","BUENOS AIRES","FLORENCIO VARELA",11425,"SI"
2026-09-07,"COMPAÑIA MICROOMNIBUS LA COLORADA SACI","LINEA_BSAS_506","SI","COLECTIVO","MUNICIPAL","BUENOS AIRES","FLORENCIO VARELA",4661,"SI"
2026-09-07,"COMPAÑIA MICROOMNIBUS LA COLORADA SACI","LINEA_BSAS_508","SI","COLECTIVO","MUNICIPAL","BUENOS AIRES","FLORENCIO VARELA",4351,"SI"
2026-09-07,"MICRO OMNIBUS PRIMERA JUNTA S.A","LINEA_BSAS_509","SI","COLECTIVO","MUNICIPAL","BUENOS AIRES","FLORENCIO VARELA",5536,"SI"
2026-09-07,"CONTINENTAL T.P.A S.A","LINEA_C_SFE","NO","COLECTIVO","PROVINCIAL","SANTA FE","SN",23549,"SI"
2026-09-07,"EMPRESA MAYO SRL","LINEA_C_SJUAN","NO","COLECTIVO","PROVINCIAL","SAN JUAN","SN",2174,"SI"
2026-09-07,"USHUAIA INTEGRAL SOCIEDAD DEL ESTADO","LINEA_C_USHUAIA","NO","COLECTIVO","MUNICIPAL","TIERRA DEL FUEGO","USHUAIA",1194,"SI"
2026-09-07,"TRANSPORTE DE PASAJEROS ALTO DE SIERRA S.R.L.","LINEA_D_SJUAN","NO","COLECTIVO","PROVINCIAL","SAN JUAN","SN",8221,"SI"
2026-09-07,"TRANSPUNTANO SAPEM","LINEA_D_SL","NO","COLECTIVO","MUNICIPAL","SAN LUIS","SAN LUIS",6723,"SI"
2026-09-07,"USHUAIA INTEGRAL SOCIEDAD DEL ESTADO","LINEA_D_USHUAIA","NO","COLECTIVO","MUNICIPAL","TIERRA DEL FUEGO","USHUAIA",1661,"SI"
2026-09-07,"U.T.E EMPRESA DE TRANSPORTE DE PASAJEROS LA MARINA SA- LA POSITIVA SA","LINEA_E_SJUAN","NO","COLECTIVO","PROVINCIAL","SAN JUAN","SN",1608,"SI"
2026-09-07,"TRANSPUNTANO SAPEM","LINEA_E_SL","NO","COLECTIVO","MUNICIPAL","SAN LUIS","SAN LUIS",3137,"SI"
2026-09-07,"MOVI ROSARIO S.A.U","LINEA_ENLACE_AVELLANEDA_OESTE","NO","COLECTIVO","MUNICIPAL","SANTA FE","ROSARIO",728,"SI"
2026-09-07,"MOVI ROSARIO S.A.U","LINEA_ENLACE_NOROESTE","NO","COLECTIVO","MUNICIPAL","SANTA FE","ROSARIO",367,"SI"
2026-09-07,"MOVI ROSARIO S.A.U","LINEA_ENLACE_SANTA_LUCIA","NO","COLECTIVO","MUNICIPAL","SANTA FE","ROSARIO",255,"SI"
2026-09-07,"MOVI ROSARIO S.A.U","LINEA_ENLACE_URIBURU","NO","COLECTIVO","MUNICIPAL","SANTA FE","ROSARIO",98,"SI"
2026-09-07,"TRANSPUNTANO SAPEM","LINEA_F_SL","NO","COLECTIVO","MUNICIPAL","SAN LUIS","SAN LUIS",1575,"SI"
2026-09-07,"TRANSPUNTANO SAPEM","LINEA_H_SL","NO","COLECTIVO","MUNICIPAL","SAN LUIS","SAN LUIS",4302,"SI"
2026-09-07,"TRANSPUNTANO SAPEM","LINEA_I_SL","NO","COLECTIVO","MUNICIPAL","SAN LUIS","SAN LUIS",7489,"SI"
2026-09-07,"MOVI ROSARIO S.A.U","LINEA_K","NO","COLECTIVO","MUNICIPAL","SANTA FE","ROSARIO",10849,"SI"
2026-09-07,"TRANSPUNTANO SAPEM","LINEA_N_SL","NO","COLECTIVO","MUNICIPAL","SAN LUIS","SAN LUIS",2607,"SI"
2026-09-07,"TRANSPUNTANO SAPEM","LINEA_OK_SL","NO","COLECTIVO","MUNICIPAL","SAN LUIS","SAN LUIS",5029,"SI"
2026-09-07,"TRANSPUNTANO SAPEM","LINEA_P_SL","NO","COLECTIVO","MUNICIPAL","SAN LUIS","SAN LUIS",1456,"SI"
2026-09-07,"NAVARRO HNOS SRL","LINEA_R-C_CHA","NO","COLECTIVO","PROVINCIAL","CHACO","SN",2,"SI"
2026-09-07,"NAVARRO HNOS SRL","LINEA_R-P_CHA","NO","COLECTIVO","PROVINCIAL","CHACO","SN",292,"SI"
2026-09-07,"TRANSPUNTANO SAPEM","LINEA_R_SL","NO","COLECTIVO","MUNICIPAL","SAN LUIS","SAN LUIS",988,"SI"
2026-09-07,"COOPERATIVA DE TRABAJO CHOFERES DE COLECTIVOS Y MINIBUSES LIMITADA - C.C.M.","LINEA_ROJA","NO","COLECTIVO","MUNICIPAL","SANTA FE","RECONQUISTA",107,"SI"
2026-09-07,"MOVI ROSARIO S.A.U","LINEA_RONDA_CUR_SUR","NO","COLECTIVO","MUNICIPAL","SANTA FE","ROSARIO",749,"SI"
2026-09-07,"TRANSPUNTANO SAPEM","LINEA_T_SL","NO","COLECTIVO","MUNICIPAL","SAN LUIS","SAN LUIS",202,"SI"
2026-09-07,"U.T.E EMPRESA DE TRANSPORTE DE PASAJEROS LA MARINA SA- LA POSITIVA SA","LINEA_TEO_SJUAN","NO","COLECTIVO","PROVINCIAL","SAN JUAN","SN",16452,"SI"
2026-09-07,"TRANSPORTE DE PASAJEROS EL TRIUNFO SA","LINEA_TNS_SJUAN","NO","COLECTIVO","PROVINCIAL","SAN JUAN","SN",11408,"SI"
2026-09-07,"TRANSPUNTANO SAPEM","LINEA_U_SL","NO","COLECTIVO","MUNICIPAL","SAN LUIS","SAN LUIS",1211,"SI"
2026-09-07,"COOPERATIVA DE TRABAJO CHOFERES DE COLECTIVOS Y MINIBUSES LIMITADA - C.C.M.","LINEA_VERDE","NO","COLECTIVO","MUNICIPAL","SANTA FE","RECONQUISTA",240,"SI"
2026-09-07,"EMPRESA CEFERINO SOCIEDAD ANONIMA","Línea A","NO","COLECTIVO","MUNICIPAL","RÍO NEGRO","VIEDMA",435,"SI"
2026-09-07,"LA COMARCA SA","Línea D","NO","COLECTIVO","MUNICIPAL","RÍO NEGRO","VIEDMA",632,"SI"
2026-09-07,"LA COMARCA SA","Línea E","NO","COLECTIVO","MUNICIPAL","RÍO NEGRO","VIEDMA",1566,"SI"
2026-09-07,"EMPRESA CEFERINO SOCIEDAD ANONIMA","Línea G","NO","COLECTIVO","MUNICIPAL","RÍO NEGRO","VIEDMA",318,"SI"
2026-09-07,"COOP. DE PROVISION DE SERVICIOS 1 DE SEPTIEMBRE LTDA","MOSCONI - LA RIVERA","NO","COLECTIVO","MUNICIPAL","RÍO NEGRO","GENERAL ROCA",888,"SI"
2026-09-07,"UNION PLATENSE SRL","NORTE MUNICIPAL","SI","COLECTIVO","MUNICIPAL","BUENOS AIRES","LA PLATA",8945,"SI"
2026-09-07,"EMP.TRANSP.FLUVIALES DEL LITORAL S.A.","PARANA - MARIA GRANDE","NO","COLECTIVO","PROVINCIAL","ENTRE RÍOS","SN",195,"SI"
2026-09-07,"EMP.TRANSP.FLUVIALES DEL LITORAL S.A.","PARANA - TABOSSI","NO","COLECTIVO","PROVINCIAL","ENTRE RÍOS","SN",180,"SI"
2026-09-07,"EMP.TRANSP.FLUVIALES DEL LITORAL S.A.","PARANA - VIALE","NO","COLECTIVO","PROVINCIAL","ENTRE RÍOS","SN",206,"SI"
2026-09-07,"COOP. DE PROVISION DE SERVICIOS 1 DE SEPTIEMBRE LTDA","PASO CORDOBA","NO","COLECTIVO","MUNICIPAL","RÍO NEGRO","GENERAL ROCA",330,"SI"
2026-09-07,"EMPRESA DE TTES. RAWSON S.R.L.","RAWSON - TRELEW","NO","COLECTIVO","PROVINCIAL","CHUBUT","SN",2343,"SI"
2026-09-07,"A T A C O NORTE S A C I","RES_COL_POP_Y _VIC","NO","COLECTIVO","PROVINCIAL","CHACO","SN",55,"SI"
2026-09-07,"A T A C O NORTE S A C I","RES_PUERTO_TIROL_Y VIC","NO","COLECTIVO","PROVINCIAL","CHACO","SN",1856,"SI"
2026-09-07,"CIA.DE TRANSPORTE BERMEJO S.R.L","RESISTENCIA-COL. BENITEZ-M. BELEN","NO","COLECTIVO","PROVINCIAL","CHACO","SN",1308,"SI"
2026-09-07,"AMERICA TRANSPORTE AUTOMOTOR S.R.L","SF022","NO","COLECTIVO","PROVINCIAL","SANTA FE","SN",273,"SI"
2026-09-07,"CONTINENTAL TRANSPORTE PÚBLICO AUTOMOTOR S.R.L","SF022","NO","COLECTIVO","PROVINCIAL","SANTA FE","SN",877,"SI"
2026-09-07,"EMPRESA  9 DE JULIO SRL","SF022","NO","COLECTIVO","PROVINCIAL","SANTA FE","SN",286,"SI"
2026-09-07,"AMERICA TRANSPORTE AUTOMOTOR S.R.L","SF037","NO","COLECTIVO","PROVINCIAL","SANTA FE","SN",106,"SI"
2026-09-07,"CONTINENTAL TRANSPORTE PÚBLICO AUTOMOTOR S.R.L","SF037","NO","COLECTIVO","PROVINCIAL","SANTA FE","SN",43,"SI"
2026-09-07,"EMPRESA  9 DE JULIO SRL","SF037","NO","COLECTIVO","PROVINCIAL","SANTA FE","SN",13,"SI"
2026-09-07,"INTERBUS S.R.L","SF113","NO","COLECTIVO","PROVINCIAL","SANTA FE","SN",858,"SI"
2026-09-07,"INTERBUS S.R.L","SF114","NO","COLECTIVO","PROVINCIAL","SANTA FE","SN",1294,"SI"
2026-09-07,"EMPRESA LAGUNA PAIVA S.R.L.","SF132","NO","COLECTIVO","PROVINCIAL","SANTA FE","SN",1731,"SI"
2026-09-07,"MONTE VERA S.R.L.","SF143 MONTE VERA - SANTA FE","NO","COLECTIVO","PROVINCIAL","SANTA FE","SN",2207,"SI"
2026-09-07,"TATA RAPIDO S.A.","SF210 ROSARIO - SAN GENARO","NO","COLECTIVO","PROVINCIAL","SANTA FE","SN",58,"SI"
2026-09-07,"AMERICA TRANSPORTE AUTOMOTOR S.R.L","SF212","NO","COLECTIVO","PROVINCIAL","SANTA FE","SN",2375,"SI"
2026-09-07,"CONTINENTAL TRANSPORTE PÚBLICO AUTOMOTOR S.R.L","SF212","NO","COLECTIVO","PROVINCIAL","SANTA FE","SN",209,"SI"
2026-09-07,"EMPRESA  9 DE JULIO SRL","SF212","NO","COLECTIVO","PROVINCIAL","SANTA FE","SN",908,"SI"
2026-09-07,"AMERICA TRANSPORTE AUTOMOTOR S.R.L","SF214","NO","COLECTIVO","PROVINCIAL","SANTA FE","SN",5,"SI"
2026-09-07,"AMERICA TRANSPORTE AUTOMOTOR S.R.L","SF215","NO","COLECTIVO","PROVINCIAL","SANTA FE","SN",399,"SI"
2026-09-07,"TATA RAPIDO S.A.","SF229 ROSARIO - PUERTO GABOTO","NO","COLECTIVO","PROVINCIAL","SANTA FE","SN",43,"SI"
2026-09-07,"TATA RAPIDO S.A.","SF233 MACIEL - PUERTO GABOTO","NO","COLECTIVO","PROVINCIAL","SANTA FE","SN",7,"SI"
2026-09-07,"TATA RAPIDO S.A.","SF248 SERODINO-ROSARIO","NO","COLECTIVO","PROVINCIAL","SANTA FE","SN",121,"SI"
2026-09-07,"AMERICA TRANSPORTE AUTOMOTOR S.R.L","SF282","NO","COLECTIVO","PROVINCIAL","SANTA FE","SN",159,"SI"
2026-09-07,"CONTINENTAL TRANSPORTE PÚBLICO AUTOMOTOR S.R.L","SF282","NO","COLECTIVO","PROVINCIAL","SANTA FE","SN",364,"SI"
2026-09-07,"EMPRESA  9 DE JULIO SRL","SF282","NO","COLECTIVO","PROVINCIAL","SANTA FE","SN",332,"SI"
2026-09-07,"AMERICA TRANSPORTE AUTOMOTOR S.R.L","SF284","NO","COLECTIVO","PROVINCIAL","SANTA FE","SN",5209,"SI"
2026-09-07,"CONTINENTAL TRANSPORTE PÚBLICO AUTOMOTOR S.R.L","SF284","NO","COLECTIVO","PROVINCIAL","SANTA FE","SN",4301,"SI"
2026-09-07,"EMPRESA  9 DE JULIO SRL","SF284","NO","COLECTIVO","PROVINCIAL","SANTA FE","SN",3824,"SI"
2026-09-07,"AMERICA TRANSPORTE AUTOMOTOR S.R.L","SF287","NO","COLECTIVO","PROVINCIAL","SANTA FE","SN",1587,"SI"
2026-09-07,"CONTINENTAL TRANSPORTE PÚBLICO AUTOMOTOR S.R.L","SF287","NO","COLECTIVO","PROVINCIAL","SANTA FE","SN",992,"SI"
2026-09-07,"EMPRESA  9 DE JULIO SRL","SF287","NO","COLECTIVO","PROVINCIAL","SANTA FE","SN",1096,"SI"
2026-09-07,"AMERICA TRANSPORTE AUTOMOTOR S.R.L","SF288","NO","COLECTIVO","PROVINCIAL","SANTA FE","SN",1103,"SI"
2026-09-07,"CONTINENTAL TRANSPORTE PÚBLICO AUTOMOTOR S.R.L","SF288","NO","COLECTIVO","PROVINCIAL","SANTA FE","SN",34,"SI"
2026-09-07,"EMPRESA  9 DE JULIO SRL","SF288","NO","COLECTIVO","PROVINCIAL","SANTA FE","SN",133,"SI"
2026-09-07,"AMERICA TRANSPORTE AUTOMOTOR S.R.L","SF292","NO","COLECTIVO","PROVINCIAL","SANTA FE","SN",22,"SI"
2026-09-07,"AMERICA TRANSPORTE AUTOMOTOR S.R.L","SF293","NO","COLECTIVO","PROVINCIAL","SANTA FE","SN",34,"SI"
2026-09-07,"AMERICA TRANSPORTE AUTOMOTOR S.R.L","SF304","NO","COLECTIVO","PROVINCIAL","SANTA FE","SN",1278,"SI"
2026-09-07,"CONTINENTAL TRANSPORTE PÚBLICO AUTOMOTOR S.R.L","SF304","NO","COLECTIVO","PROVINCIAL","SANTA FE","SN",619,"SI"
2026-09-07,"EMPRESA  9 DE JULIO SRL","SF304","NO","COLECTIVO","PROVINCIAL","SANTA FE","SN",629,"SI"
2026-09-07,"AMERICA TRANSPORTE AUTOMOTOR S.R.L","SF312-1","NO","COLECTIVO","PROVINCIAL","SANTA FE","SN",1237,"SI"
2026-09-07,"CONTINENTAL TRANSPORTE PÚBLICO AUTOMOTOR S.R.L","SF312-1","NO","COLECTIVO","PROVINCIAL","SANTA FE","SN",61,"SI"
2026-09-07,"AMERICA TRANSPORTE AUTOMOTOR S.R.L","SF312","NO","COLECTIVO","PROVINCIAL","SANTA FE","SN",3399,"SI"
2026-09-07,"AMERICA TRANSPORTE AUTOMOTOR S.R.L","SF317","NO","COLECTIVO","PROVINCIAL","SANTA FE","SN",126,"SI"
2026-09-07,"CONTINENTAL TRANSPORTE PÚBLICO AUTOMOTOR S.R.L","SF317","NO","COLECTIVO","PROVINCIAL","SANTA FE","SN",117,"SI"
2026-09-07,"EMPRESA  9 DE JULIO SRL","SF317","NO","COLECTIVO","PROVINCIAL","SANTA FE","SN",194,"SI"
2026-09-07,"AMERICA TRANSPORTE AUTOMOTOR S.R.L","SF320-1","NO","COLECTIVO","PROVINCIAL","SANTA FE","SN",562,"SI"
2026-09-07,"CONTINENTAL TRANSPORTE PÚBLICO AUTOMOTOR S.R.L","SF320-1","NO","COLECTIVO","PROVINCIAL","SANTA FE","SN",252,"SI"
2026-09-07,"EMPRESA  9 DE JULIO SRL","SF320-1","NO","COLECTIVO","PROVINCIAL","SANTA FE","SN",488,"SI"
2026-09-07,"AMERICA TRANSPORTE AUTOMOTOR S.R.L","SF320","NO","COLECTIVO","PROVINCIAL","SANTA FE","SN",352,"SI"
2026-09-07,"CONTINENTAL TRANSPORTE PÚBLICO AUTOMOTOR S.R.L","SF320","NO","COLECTIVO","PROVINCIAL","SANTA FE","SN",349,"SI"
2026-09-07,"EMPRESA  9 DE JULIO SRL","SF320","NO","COLECTIVO","PROVINCIAL","SANTA FE","SN",552,"SI"
2026-09-07,"INTERBUS S.R.L","SF343","NO","COLECTIVO","PROVINCIAL","SANTA FE","SN",27,"SI"
2026-09-07,"TATA RAPIDO S.A.","SF355 RICARDONE - TOTORAS","NO","COLECTIVO","PROVINCIAL","SANTA FE","SN",278,"SI"
2026-09-07,"TATA RAPIDO S.A.","SF357 ROSARIO - CORONDA","NO","COLECTIVO","PROVINCIAL","SANTA FE","SN",54,"SI"
2026-09-07,"MUNICIPALIDAD DE PRESIDENCIA ROQUE SAENZ PENA","SiMTraPUP","NO","COLECTIVO","MUNICIPAL","CHACO","PRESIDENCIA ROQUE SAENZ PEÑA",584,"SI"
2026-09-07,"ETACER SRL","STAFE_SANTA FE_LINEA_907","NO","COLECTIVO","NACIONAL","JN","SD",3164,"SI"
2026-09-07,"COOP. DE PROVISION DE SERVICIOS 1 DE SEPTIEMBRE LTDA","STEFENELLI - LA COSTA","NO","COLECTIVO","MUNICIPAL","RÍO NEGRO","GENERAL ROCA",326,"SI"
2026-09-07,"PEHUENCHE SA","TA-02","NO","COLECTIVO","PROVINCIAL","NEUQUÉN","SN",1687,"SI"
2026-09-07,"PEHUENCHE SA","TA-15","NO","COLECTIVO","PROVINCIAL","NEUQUÉN","SN",220,"SI"
2026-09-07,"PEHUENCHE SA","TA-16","NO","COLECTIVO","PROVINCIAL","NEUQUÉN","SN",321,"SI"
2026-09-07,"PEHUENCHE SA","TA-21","NO","COLECTIVO","PROVINCIAL","NEUQUÉN","SN",73,"SI"
2026-09-07,"EXPRESO COLONIA SA","TD-02","NO","COLECTIVO","PROVINCIAL","NEUQUÉN","SN",805,"SI"
2026-09-07,"TRANSPORTE BAHIA S.R.L.","TRELEW - PUERTO RAWSON","NO","COLECTIVO","PROVINCIAL","CHUBUT","SN",1509,"SI"
