2025-01-18,"MUNICIPALIDAD DE MERCEDES PROVINCIA DE BUENOS AIRES","1","SI","COLECTIVO","MUNICIPAL","BUENOS AIRES","MERCEDES",251,"NO"
2025-01-18,"MUNICIPALIDAD DE MERCEDES PROVINCIA DE BUENOS AIRES","2B","SI","COLECTIVO","MUNICIPAL","BUENOS AIRES","MERCEDES",86,"NO"
2025-01-18,"COOP. DE PROVISION DE SERVICIOS 1 DE SEPTIEMBRE LTDA","AEROCLUB - 140 VIV.","NO","COLECTIVO","MUNICIPAL","RÍO NEGRO","GENERAL ROCA",225,"NO"
2025-01-18,"COOP. DE PROVISION DE SERVICIOS 1 DE SEPTIEMBRE LTDA","BARRIO NUEVO","NO","COLECTIVO","MUNICIPAL","RÍO NEGRO","GENERAL ROCA",639,"NO"
2025-01-18,"EMPRESA BATAN S.A.","BS_AS_LINEA 715M","NO","COLECTIVO","MUNICIPAL","BUENOS AIRES","GENERAL PUEYRREDON",4598,"NO"
2025-01-18,"EMPRESA BATAN S.A.","BS_AS_LINEA 720M","NO","COLECTIVO","MUNICIPAL","BUENOS AIRES","GENERAL PUEYRREDON",636,"NO"
2025-01-18,"COMPAÑIA  DE TRANSPORTE VECINAL S.A.","BS_AS_LINEA_326","SI","COLECTIVO","PROVINCIAL","BUENOS AIRES","SN",2835,"NO"
2025-01-18,"EMPRESA DE TRANSPORTE PERALTA RAMOS SACI","BS_AS_LINEA_512","NO","COLECTIVO","MUNICIPAL","BUENOS AIRES","GENERAL PUEYRREDON",3356,"NO"
2025-01-18,"EL URBANO SRL","BS_AS_LINEA_522","SI","COLECTIVO","MUNICIPAL","BUENOS AIRES","LANUS",719,"NO"
2025-01-18,"EL URBANO SRL","BS_AS_LINEA_527","SI","COLECTIVO","MUNICIPAL","BUENOS AIRES","LANUS",2410,"NO"
2025-01-18,"TRANSPORTES LINEA 123 S.A.C.I.","BS_ASLINEA_123","SI","COLECTIVO","NACIONAL","JN","SD",5797,"NO"
2025-01-18,"TRANPORTES VEINTIDOS DE SETIEMBRE S.A.C.","BSAS_LINEA_002","SI","COLECTIVO","NACIONAL","JN","SD",16504,"NO"
2025-01-18,"GENERAL TOMAS GUIDO S.A.C.I.F.","BSAS_LINEA_009","SI","COLECTIVO","NACIONAL","JN","SD",16152,"NO"
2025-01-18,"LINEA 10 S.A.","BSAS_LINEA_010","SI","COLECTIVO","NACIONAL","JN","SD",14167,"NO"
2025-01-18,"TRANSPORTES SUR-NOR C.I.S.A.","BSAS_LINEA_015","SI","COLECTIVO","NACIONAL","JN","SD",34103,"NO"
2025-01-18,"LINEA 17 S.A.","BSAS_LINEA_017","SI","COLECTIVO","NACIONAL","JN","SD",22445,"NO"
2025-01-18,"MICROOMNIBUS SAAVEDRA S.A.T.A.C.I.","BSAS_LINEA_019","SI","COLECTIVO","NACIONAL","JN","SD",10103,"NO"
2025-01-18,"TRANSPORTE LARRAZABAL C.I.S.A.","BSAS_LINEA_020","SI","COLECTIVO","NACIONAL","JN","SD",7007,"NO"
2025-01-18,"EMPRESA DE TRANSP. TTE. GRAL. ROCA S.A","BSAS_LINEA_021","SI","COLECTIVO","NACIONAL","JN","SD",43110,"NO"
2025-01-18,"LINEA 22 S.A.","BSAS_LINEA_022","SI","COLECTIVO","NACIONAL","JN","SD",8458,"NO"
2025-01-18,"EMP.TRANSP.AUTOM.DE PASAJEROS S.A.C.I.F.","BSAS_LINEA_024","SI","COLECTIVO","NACIONAL","JN","SD",21923,"NO"
2025-01-18,"17 DE AGOSTO S.A.","BSAS_LINEA_026","SI","COLECTIVO","NACIONAL","JN","SD",16603,"NO"
2025-01-18,"EMP.DE TRANSP. PEDRO DE MENDOZA C.I.S.A.","BSAS_LINEA_029","SI","COLECTIVO","NACIONAL","JN","SD",16533,"NO"
2025-01-18,"EL PUENTE S.A.T.","BSAS_LINEA_032","SI","COLECTIVO","NACIONAL","JN","SD",5480,"NO"
2025-01-18,"JUAN B. JUSTO S.A.T.C.I.","BSAS_LINEA_034","SI","COLECTIVO","NACIONAL","JN","SD",25503,"NO"
2025-01-18,"4 DE SEPTIEMBRE S.A.T.C.P.","BSAS_LINEA_037","SI","COLECTIVO","NACIONAL","JN","SD",22092,"NO"
2025-01-18,"TRANSPORTES SANTA FE S.A.C.I.","BSAS_LINEA_039","SI","COLECTIVO","NACIONAL","JN","SD",27527,"NO"
2025-01-18,"AZUL S.A. DE TRANSPORTE AUTOMOTOR","BSAS_LINEA_041","SI","COLECTIVO","NACIONAL","JN","SD",19895,"NO"
2025-01-18,"MICROOMNIBUS CUARENTA Y CINCO S.A.C.I.F.","BSAS_LINEA_045","SI","COLECTIVO","NACIONAL","JN","SD",15483,"NO"
2025-01-18,"UNION TRANSPORTISTAS DE EMPRESAS SA","BSAS_LINEA_046","SI","COLECTIVO","NACIONAL","JN","SD",16263,"NO"
2025-01-18,"LINEA DE MICROOMNIBUS 47 S.A.T.C.F.I.","BSAS_LINEA_047","SI","COLECTIVO","NACIONAL","JN","SD",10869,"NO"
2025-01-18,"BUENOS AIRES BUS SOCIEDAD ANONIMA","BSAS_LINEA_049","SI","COLECTIVO","NACIONAL","JN","SD",6493,"NO"
2025-01-18,"SAN VICENTE S.A. DE TRANSPORTES","BSAS_LINEA_051","SI","COLECTIVO","NACIONAL","JN","SD",14900,"NO"
2025-01-18,"LINEA 213 S.A. DE TRANSPORTE","BSAS_LINEA_053","SI","COLECTIVO","NACIONAL","JN","SD",30004,"NO"
2025-01-18,"ALMAFUERTE S.A.T.A.C.I.","BSAS_LINEA_055","SI","COLECTIVO","NACIONAL","JN","SD",17456,"NO"
2025-01-18,"TRANSPORTES LOPE DE VEGA S.A.C.I.","BSAS_LINEA_056","SI","COLECTIVO","NACIONAL","JN","SD",8374,"NO"
2025-01-18,"TRANSPORTES ATLANTIDA S.A.C.","BSAS_LINEA_057","SI","COLECTIVO","NACIONAL","JN","SD",27965,"NO"
2025-01-18,"MICROOMNIBUS CIUDAD DE BS.AS. S.A.T.C.I","BSAS_LINEA_059","SI","COLECTIVO","NACIONAL","JN","SD",29288,"NO"
2025-01-18,"MICRO OMNIBUS NORTE S.A.","BSAS_LINEA_060","SI","COLECTIVO","NACIONAL","JN","SD",59411,"NO"
2025-01-18,"LA CENTRAL DE VICENTE LOPEZ S.A.","BSAS_LINEA_061","SI","COLECTIVO","NACIONAL","JN","SD",3032,"NO"
2025-01-18,"LA CENTRAL DE VICENTE LOPEZ S.A.","BSAS_LINEA_062","SI","COLECTIVO","NACIONAL","JN","SD",2745,"NO"
2025-01-18,"BERNARDINO RIVADAVIA S.A.T.A.","BSAS_LINEA_063","SI","COLECTIVO","NACIONAL","JN","SD",16540,"NO"
2025-01-18,"VUELTA DE ROCHA S.A.T.C.I.","BSAS_LINEA_064","SI","COLECTIVO","NACIONAL","JN","SD",16423,"NO"
2025-01-18,"LA NUEVA METROPOL S.A.","BSAS_LINEA_065","SI","COLECTIVO","NACIONAL","JN","SD",11601,"NO"
2025-01-18,"TRANSPORTES DEL TEJAR S.A.","BSAS_LINEA_067","SI","COLECTIVO","NACIONAL","JN","SD",18674,"NO"
2025-01-18,"TRANSPORTES SESENTA Y OCHO S.R.L.","BSAS_LINEA_068","SI","COLECTIVO","NACIONAL","JN","SD",23441,"NO"
2025-01-18,"TRANSPORTES 270 S.A.","BSAS_LINEA_070","SI","COLECTIVO","NACIONAL","JN","SD",12179,"NO"
2025-01-18,"LINEA 71 S.A.","BSAS_LINEA_071","SI","COLECTIVO","NACIONAL","JN","SD",24849,"NO"
2025-01-18,"SAN VICENTE S.A. DE TRANSPORTES","BSAS_LINEA_074","SI","COLECTIVO","NACIONAL","JN","SD",3778,"NO"
2025-01-18,"EL PUENTE S.A.T.","BSAS_LINEA_075","SI","COLECTIVO","NACIONAL","JN","SD",3856,"NO"
2025-01-18,"LOS CONSTITUYENTES S.A.T.","BSAS_LINEA_078","SI","COLECTIVO","NACIONAL","JN","SD",15748,"NO"
2025-01-18,"SAN VICENTE S.A. DE TRANSPORTES","BSAS_LINEA_079","SI","COLECTIVO","NACIONAL","JN","SD",12069,"NO"
2025-01-18,"TRANSPORTES NUEVA CHICAGO C.I.S.A.","BSAS_LINEA_080","SI","COLECTIVO","NACIONAL","JN","SD",24409,"NO"
2025-01-18,"GENERAL TOMAS GUIDO S.A.C.I.F.","BSAS_LINEA_084","SI","COLECTIVO","NACIONAL","JN","SD",9341,"NO"
2025-01-18,"SOCIEDAD ANONIMA EXPRESO SUDOESTE","BSAS_LINEA_085","SI","COLECTIVO","NACIONAL","JN","SD",27446,"NO"
2025-01-18,"D.U.V.I. SOCIEDAD ANONIMA","BSAS_LINEA_086","SI","COLECTIVO","NACIONAL","JN","SD",6130,"NO"
2025-01-18,"LOS CONSTITUYENTES S.A.T.","BSAS_LINEA_087","SI","COLECTIVO","NACIONAL","JN","SD",14243,"NO"
2025-01-18,"LINEA EXPRESO LINIERS S.A.I.Y C.","BSAS_LINEA_088","SI","COLECTIVO","NACIONAL","JN","SD",13045,"NO"
2025-01-18,"M.O.D.O. S.A. DE TRANSPORTE AUTOMOTOR","BSAS_LINEA_090","SI","COLECTIVO","NACIONAL","JN","SD",4697,"NO"
2025-01-18,"TRANSPORTES LOPE DE VEGA S.A.C.I.","BSAS_LINEA_091","SI","COLECTIVO","NACIONAL","JN","SD",15886,"NO"
2025-01-18,"EMP.DE TRANSP.MICROOMN.SAENZ PEÑA S.R.L.","BSAS_LINEA_092","SI","COLECTIVO","NACIONAL","JN","SD",28727,"NO"
2025-01-18,"TRANSPORTES 1º SEPTIEMBRE S.A.","BSAS_LINEA_093","SI","COLECTIVO","NACIONAL","JN","SD",8390,"NO"
2025-01-18,"EMPRESA ANTARTIDA ARGENTINA S.A.T.","BSAS_LINEA_095","SI","COLECTIVO","NACIONAL","JN","SD",9339,"NO"
2025-01-18,"TRANSPORTE IDEAL SAN JUSTO S.A.","BSAS_LINEA_096","SI","COLECTIVO","NACIONAL","JN","SD",21864,"NO"
2025-01-18,"BUS DEL OESTE S.A.","BSAS_LINEA_097","SI","COLECTIVO","NACIONAL","JN","SD",7277,"NO"
2025-01-18,"EXPRESO QUILMES S.A.","BSAS_LINEA_098","SI","COLECTIVO","NACIONAL","JN","SD",37789,"NO"
2025-01-18,"TRANSPORTES AUTOMOTORES RIACHUELO S.A.","BSAS_LINEA_100","SI","COLECTIVO","NACIONAL","JN","SD",16549,"NO"
2025-01-18,"TRANSP. SGTO. CABRAL","BSAS_LINEA_102","SI","COLECTIVO","NACIONAL","JN","SD",9630,"NO"
2025-01-18,"TRANSPORTES QUIRNO COSTA S.A.C.I.","BSAS_LINEA_103","SI","COLECTIVO","NACIONAL","JN","SD",11873,"NO"
2025-01-18,"EMPRESA DE TRANSPORTES AMERICA S.A.C.I.","BSAS_LINEA_105","SI","COLECTIVO","NACIONAL","JN","SD",15409,"NO"
2025-01-18,"COLECTIVEROS UNIDOS S.A.","BSAS_LINEA_106","SI","COLECTIVO","NACIONAL","JN","SD",16743,"NO"
2025-01-18,"EMPRESA DE TRANSP. TTE. GRAL. ROCA S.A","BSAS_LINEA_108","SI","COLECTIVO","NACIONAL","JN","SD",10179,"NO"
2025-01-18,"TRANSPORTE NUEVE DE JULIO SAC.","BSAS_LINEA_109","SI","COLECTIVO","NACIONAL","JN","SD",11791,"NO"
2025-01-18,"GENERAL PUEYRREDON S.A.T.C.I.","BSAS_LINEA_110","SI","COLECTIVO","NACIONAL","JN","SD",16025,"NO"
2025-01-18,"LOS CONSTITUYENTES S.A.T.","BSAS_LINEA_111","SI","COLECTIVO","NACIONAL","JN","SD",9768,"NO"
2025-01-18,"BERNARDINO RIVADAVIA S.A.T.A.","BSAS_LINEA_113","SI","COLECTIVO","NACIONAL","JN","SD",14983,"NO"
2025-01-18,"LA CENTRAL DE VICENTE LOPEZ S.A.","BSAS_LINEA_114","SI","COLECTIVO","NACIONAL","JN","SD",13171,"NO"
2025-01-18,"TRANSPORTES AUTOMOTORES RIACHUELO S.A.","BSAS_LINEA_115","SI","COLECTIVO","NACIONAL","JN","SD",8768,"NO"
2025-01-18,"TRANSPORTE LARRAZABAL C.I.S.A.","BSAS_LINEA_117","SI","COLECTIVO","NACIONAL","JN","SD",16574,"NO"
2025-01-18,"MICROOMNIBUS BARRANCAS DE BELGRANO S.A.","BSAS_LINEA_118","SI","COLECTIVO","NACIONAL","JN","SD",13819,"NO"
2025-01-18,"TRANSPORTES AUTOMOTORES CALLAO S.A.","BSAS_LINEA_124","SI","COLECTIVO","NACIONAL","JN","SD",14611,"NO"
2025-01-18,"CARDENAS S.A. EMPRESA DE TRANSPORTES","BSAS_LINEA_126","SI","COLECTIVO","NACIONAL","JN","SD",21094,"NO"
2025-01-18,"LOS CONSTITUYENTES S.A.T.","BSAS_LINEA_127","SI","COLECTIVO","NACIONAL","JN","SD",10577,"NO"
2025-01-18,"EL PUENTE S.A.T.","BSAS_LINEA_128","SI","COLECTIVO","NACIONAL","JN","SD",10767,"NO"
2025-01-18,"LA CENTRAL DE VICENTE LOPEZ S.A.","BSAS_LINEA_129","SI","COLECTIVO","NACIONAL","JN","SD",23860,"NO"
2025-01-18,"TRANSPORTES AVENIDA BERNARDO ADER S.A.","BSAS_LINEA_130","SI","COLECTIVO","NACIONAL","JN","SD",21921,"NO"
2025-01-18,"NUEVOS RUMBOS S.A.T.A.C.I.F.I.","BSAS_LINEA_132","SI","COLECTIVO","NACIONAL","JN","SD",27400,"NO"
2025-01-18,"ERSA URBANO SA","BSAS_LINEA_133","SI","COLECTIVO","NACIONAL","JN","SD",15714,"NO"
2025-01-18,"TRANSPORTES AUTOMOTORES RIACHUELO S.A.","BSAS_LINEA_134","SI","COLECTIVO","NACIONAL","JN","SD",15306,"NO"
2025-01-18,"TRANSPORTES LOPE DE VEGA S.A.C.I.","BSAS_LINEA_135","SI","COLECTIVO","NACIONAL","JN","SD",14104,"NO"
2025-01-18,"SARGENTO CABRAL S.A.DE TRANSPORTE","BSAS_LINEA_136","SI","COLECTIVO","NACIONAL","JN","SD",8899,"NO"
2025-01-18,"ERSA URBANO SA","BSAS_LINEA_140","SI","COLECTIVO","NACIONAL","JN","SD",14777,"NO"
2025-01-18,"LA CENTRAL DE VICENTE LOPEZ S.A.","BSAS_LINEA_143","SI","COLECTIVO","NACIONAL","JN","SD",7962,"NO"
2025-01-18,"ROCARAZA S.A.","BSAS_LINEA_146","SI","COLECTIVO","NACIONAL","JN","SD",16036,"NO"
2025-01-18,"EL NUEVO HALCON S.A.","BSAS_LINEA_148","SI","COLECTIVO","NACIONAL","JN","SD",38468,"NO"
2025-01-18,"NUDO S.A.","BSAS_LINEA_150","SI","COLECTIVO","NACIONAL","JN","SD",8884,"NO"
2025-01-18,"M.O.D.O. S.A. DE TRANSPORTE AUTOMOTOR","BSAS_LINEA_151","SI","COLECTIVO","NACIONAL","JN","SD",14077,"NO"
2025-01-18,"EMPRESA TANDILENSE S.A.C.I.F.I.Y DE S.","BSAS_LINEA_152","SI","COLECTIVO","NACIONAL","JN","SD",40802,"NO"
2025-01-18,"MICROOMNIBUS SAAVEDRA S.A.T.A.C.I.","BSAS_LINEA_153","SI","COLECTIVO","NACIONAL","JN","SD",6518,"NO"
2025-01-18,"MICROOMNIBUS CUARENTA Y CINCO S.A.C.I.F.","BSAS_LINEA_154","SI","COLECTIVO","NACIONAL","JN","SD",2086,"NO"
2025-01-18,"EL PUENTE S.A.T.","BSAS_LINEA_158","SI","COLECTIVO","NACIONAL","JN","SD",11048,"NO"
2025-01-18,"MICRO OMNIBUS QUILMES S.A.C.I. Y F.","BSAS_LINEA_159","SI","COLECTIVO","NACIONAL","JN","SD",38394,"NO"
2025-01-18,"MICRO OMNIBUS SUR S.A.C.","BSAS_LINEA_160","SI","COLECTIVO","NACIONAL","JN","SD",32987,"NO"
2025-01-18,"TRANSPORTE LARRAZABAL C.I.S.A.","BSAS_LINEA_161","SI","COLECTIVO","NACIONAL","JN","SD",21615,"NO"
2025-01-18,"SARGENTO CABRAL S.A.DE TRANSPORTE","BSAS_LINEA_163","SI","COLECTIVO","NACIONAL","JN","SD",5756,"NO"
2025-01-18,"EMPRESA LINEA 216 S.A.T.","BSAS_LINEA_166","SI","COLECTIVO","NACIONAL","JN","SD",20797,"NO"
2025-01-18,"EXPRESO SAN ISIDRO S.A.T.C.I.F.I.","BSAS_LINEA_168","SI","COLECTIVO","NACIONAL","JN","SD",22077,"NO"
2025-01-18,"TRANSPORTE ESCALADA S.A.T.","BSAS_LINEA_169","SI","COLECTIVO","NACIONAL","JN","SD",12356,"NO"
2025-01-18,"LA CABAÑA S.A.","BSAS_LINEA_172","SI","COLECTIVO","NACIONAL","JN","SD",10082,"NO"
2025-01-18,"LA CABAÑA S.A.","BSAS_LINEA_174","SI","COLECTIVO","NACIONAL","JN","SD",14520,"NO"
2025-01-18,"EXPRESO GENERAL SARMIENTO S.A.","BSAS_LINEA_176","SI","COLECTIVO","NACIONAL","JN","SD",39434,"NO"
2025-01-18,"SAN VICENTE S.A. DE TRANSPORTES","BSAS_LINEA_177","SI","COLECTIVO","NACIONAL","JN","SD",14290,"NO"
2025-01-18,"COMPAÑIA MICROOMNIBUS LA COLORADA SACI","BSAS_LINEA_178","SI","COLECTIVO","NACIONAL","JN","SD",27517,"NO"
2025-01-18,"GRUPO LINEA 179 S.A.","BSAS_LINEA_179","SI","COLECTIVO","NACIONAL","JN","SD",6650,"NO"
2025-01-18,"LA VECINAL DE MATANZA SACI. DE MICROOMNIBUS","BSAS_LINEA_180","SI","COLECTIVO","NACIONAL","JN","SD",32398,"NO"
2025-01-18,"TTES.AUTOMOTORES DE PASAJEROS SIGLO XXI SA","BSAS_LINEA_181","SI","COLECTIVO","NACIONAL","JN","SD",12034,"NO"
2025-01-18,"SARGENTO CABRAL S.A.DE TRANSPORTE","BSAS_LINEA_182","SI","COLECTIVO","NACIONAL","JN","SD",20440,"NO"
2025-01-18,"TRANSPORTE IDEAL SAN JUSTO S.A.","BSAS_LINEA_185","SI","COLECTIVO","NACIONAL","JN","SD",3539,"NO"
2025-01-18,"TRANSPORTE LARRAZABAL C.I.S.A.","BSAS_LINEA_188","SI","COLECTIVO","NACIONAL","JN","SD",16151,"NO"
2025-01-18,"D.U.V.I. SOCIEDAD ANONIMA","BSAS_LINEA_193","SI","COLECTIVO","NACIONAL","JN","SD",5050,"NO"
2025-01-18,"LA NUEVA METROPOL S.A.","BSAS_LINEA_194","SI","COLECTIVO","NACIONAL","JN","SD",15296,"NO"
2025-01-18,"LA NUEVA METROPOL S.A.","BSAS_LINEA_195","SI","COLECTIVO","NACIONAL","JN","SD",7148,"NO"
2025-01-18,"EMPRESA DE TRANSPORTE DEL SUR SRL","BSAS_LINEA_200","SI","COLECTIVO","PROVINCIAL","BUENOS AIRES","SN",584,"NO"
2025-01-18,"TRANSPORTE LA UNION SA","BSAS_LINEA_202","SI","COLECTIVO","PROVINCIAL","BUENOS AIRES","SN",15113,"NO"
2025-01-18,"AZUL S.A. DE TRANSPORTE AUTOMOTOR","BSAS_LINEA_203","SI","COLECTIVO","PROVINCIAL","BUENOS AIRES","SN",77031,"NO"
2025-01-18,"MICRO OMNIBUS TIGRE S.A.","BSAS_LINEA_204","SI","COLECTIVO","PROVINCIAL","BUENOS AIRES","SN",5079,"NO"
2025-01-18,"LINEA SESENTA SA","BSAS_LINEA_204A","SI","COLECTIVO","PROVINCIAL","BUENOS AIRES","SN",2312,"NO"
2025-01-18,"TRANSPORTE IDEAL SAN JUSTO S.A.","BSAS_LINEA_205","SI","COLECTIVO","PROVINCIAL","BUENOS AIRES","SN",4251,"NO"
2025-01-18,"UNION PLATENSE SRL","BSAS_LINEA_214","SI","COLECTIVO","PROVINCIAL","BUENOS AIRES","SN",7389,"NO"
2025-01-18,"EMPRESA NUEVE DE JULIO S.A.T.","BSAS_LINEA_215","SI","COLECTIVO","PROVINCIAL","BUENOS AIRES","SN",3737,"NO"
2025-01-18,"ALMAFUERTE EMPRESA DE TRANSPORTE S.A.C.I. E I","BSAS_LINEA_218","SI","COLECTIVO","PROVINCIAL","BUENOS AIRES","SN",16399,"NO"
2025-01-18,"MICRO OMNIBUS QUILMES S.A.C.I. Y F.","BSAS_LINEA_219","SI","COLECTIVO","PROVINCIAL","BUENOS AIRES","SN",10838,"NO"
2025-01-18,"EXPRESO ESTEBAN ECHEVERRIA S.R.L.","BSAS_LINEA_222","SI","COLECTIVO","PROVINCIAL","BUENOS AIRES","SN",4118,"NO"
2025-01-18,"EMPRESA NUEVE DE JULIO S.A.T.","BSAS_LINEA_225","SI","COLECTIVO","PROVINCIAL","BUENOS AIRES","SN",760,"NO"
2025-01-18,"LA NUEVA METROPOL S.A.","BSAS_LINEA_228A","SI","COLECTIVO","PROVINCIAL","BUENOS AIRES","SN",482,"NO"
2025-01-18,"LINEA SESENTA SA","BSAS_LINEA_228B","SI","COLECTIVO","PROVINCIAL","BUENOS AIRES","SN",367,"NO"
2025-01-18,"MICRO OMNIBUS TIGRE S.A.","BSAS_LINEA_228C","SI","COLECTIVO","PROVINCIAL","BUENOS AIRES","SN",2526,"NO"
2025-01-18,"MICRO OMNIBUS TIGRE S.A.","BSAS_LINEA_228E","SI","COLECTIVO","PROVINCIAL","BUENOS AIRES","SN",2323,"NO"
2025-01-18,"LA CENTRAL DE ESCOBAR SA","BSAS_LINEA_228F","SI","COLECTIVO","PROVINCIAL","BUENOS AIRES","SN",6437,"NO"
2025-01-18,"EMPRESA LINEA 216 S.A.T.","BSAS_LINEA_236","SI","COLECTIVO","PROVINCIAL","BUENOS AIRES","SN",52251,"NO"
2025-01-18,"COMPAÑIA ISLEÑA S.R.L.","BSAS_LINEA_237A","SI","COLECTIVO","PROVINCIAL","BUENOS AIRES","SN",18186,"NO"
2025-01-18,"TRANSPORTES UNIDOS DE MERLO S.A.C.I.I.","BSAS_LINEA_238","SI","COLECTIVO","PROVINCIAL","BUENOS AIRES","SN",12415,"NO"
2025-01-18,"COMPAÑÍA DE OMNIBUS 25 DE MAYO LINEA 278","BSAS_LINEA_239A","SI","COLECTIVO","PROVINCIAL","BUENOS AIRES","SN",14047,"NO"
2025-01-18,"EXPRESO VILLA GALICIA  SAN JOSE S.A.","BSAS_LINEA_239B","SI","COLECTIVO","PROVINCIAL","BUENOS AIRES","SN",9189,"NO"
2025-01-18,"LA CABAÑA S.A.","BSAS_LINEA_242","SI","COLECTIVO","PROVINCIAL","BUENOS AIRES","SN",39296,"NO"
2025-01-18,"EMPRESA DEL OESTE SAT","BSAS_LINEA_244","SI","COLECTIVO","PROVINCIAL","BUENOS AIRES","SN",7035,"NO"
2025-01-18,"EMPRESA MONTE GRANDE S.A. LINEA 501","BSAS_LINEA_245","SI","COLECTIVO","PROVINCIAL","BUENOS AIRES","SN",3359,"NO"
2025-01-18,"EXPRESO NUEVE DE JULIO S.A.","BSAS_LINEA_247","SI","COLECTIVO","PROVINCIAL","BUENOS AIRES","SN",22643,"NO"
2025-01-18,"GENERAL TOMAS GUIDO S.A.C.I.F.","BSAS_LINEA_25","SI","COLECTIVO","NACIONAL","JN","SD",7765,"NO"
2025-01-18,"TRANSPORTE JOSE HERNANDEZ S.A.C.I.","BSAS_LINEA_252","SI","COLECTIVO","PROVINCIAL","BUENOS AIRES","SN",8732,"NO"
2025-01-18,"MICROOMNIBUS SAAVEDRA S.A.T.A.C.I.","BSAS_LINEA_253","SI","COLECTIVO","PROVINCIAL","BUENOS AIRES","SN",458,"NO"
2025-01-18,"TRANSPORTE 11 DE JUNIO S.R.L.","BSAS_LINEA_256","SI","COLECTIVO","PROVINCIAL","BUENOS AIRES","SN",315,"NO"
2025-01-18,"EXPRESO VILLA NUEVA S.A.","BSAS_LINEA_257","SI","COLECTIVO","PROVINCIAL","BUENOS AIRES","SN",17682,"NO"
2025-01-18,"EXPRESO VILLA GALICIA  SAN JOSE S.A.","BSAS_LINEA_263A","SI","COLECTIVO","PROVINCIAL","BUENOS AIRES","SN",8888,"NO"
2025-01-18,"SAN VICENTE S.A. DE TRANSPORTES","BSAS_LINEA_263B","SI","COLECTIVO","PROVINCIAL","BUENOS AIRES","SN",7396,"NO"
2025-01-18,"EMPRESA CIUDAD DE SAN FERNANDO SA","BSAS_LINEA_264","SI","COLECTIVO","PROVINCIAL","BUENOS AIRES","SN",7975,"NO"
2025-01-18,"EXPRESO VILLA GALICIA  SAN JOSE S.A.","BSAS_LINEA_266","SI","COLECTIVO","PROVINCIAL","BUENOS AIRES","SN",36331,"NO"
2025-01-18,"EMPRESA LINEA 216 S.A.T.","BSAS_LINEA_269","SI","COLECTIVO","PROVINCIAL","BUENOS AIRES","SN",28729,"NO"
2025-01-18,"GENERAL TOMAS GUIDO S.A.C.I.F.","BSAS_LINEA_271","SI","COLECTIVO","PROVINCIAL","BUENOS AIRES","SN",19262,"NO"
2025-01-18,"UNION PLATENSE SRL","BSAS_LINEA_273","SI","COLECTIVO","PROVINCIAL","BUENOS AIRES","SN",16258,"NO"
2025-01-18,"FUERTE BARRAGAN S.A.T.I.C.I.","BSAS_LINEA_275","SI","COLECTIVO","PROVINCIAL","BUENOS AIRES","SN",13712,"NO"
2025-01-18,"COMPAÑIA ISLEÑA S.R.L.","BSAS_LINEA_276","SI","COLECTIVO","PROVINCIAL","BUENOS AIRES","SN",19555,"NO"
2025-01-18,"CIA LA PAZ AMADOR MOURE SACIFIYA","BSAS_LINEA_277","SI","COLECTIVO","PROVINCIAL","BUENOS AIRES","SN",3042,"NO"
2025-01-18,"COMPAÑÍA DE OMNIBUS 25 DE MAYO LINEA 278","BSAS_LINEA_278","SI","COLECTIVO","PROVINCIAL","BUENOS AIRES","SN",28711,"NO"
2025-01-18,"COMPAÑÍA DE OMNIBUS 25 DE MAYO LINEA 278","BSAS_LINEA_281","SI","COLECTIVO","PROVINCIAL","BUENOS AIRES","SN",11722,"NO"
2025-01-18,"CIA ANDRADE EMPRESA DE TRANSPORTE DE PASAJEROS SRL","BSAS_LINEA_283","SI","COLECTIVO","PROVINCIAL","BUENOS AIRES","SN",17867,"NO"
2025-01-18,"ALMAFUERTE EMPRESA DE TRANSPORTE S.A.C.I. E I","BSAS_LINEA_284","SI","COLECTIVO","PROVINCIAL","BUENOS AIRES","SN",2611,"NO"
2025-01-18,"TRANSPORTES LA PERLITA S.A. ","BSAS_LINEA_288","SI","COLECTIVO","PROVINCIAL","BUENOS AIRES","SN",8466,"NO"
2025-01-18,"COMPAÑIA NOROESTE S.A.T.","BSAS_LINEA_289","SI","COLECTIVO","PROVINCIAL","BUENOS AIRES","SN",9158,"NO"
2025-01-18,"LA CENTRAL DE ESCOBAR SA","BSAS_LINEA_291","SI","COLECTIVO","PROVINCIAL","BUENOS AIRES","SN",15224,"NO"
2025-01-18,"EXPRESO VILLA GALICIA  SAN JOSE S.A.","BSAS_LINEA_293A","SI","COLECTIVO","PROVINCIAL","BUENOS AIRES","SN",10679,"NO"
2025-01-18,"COMPAÑÍA DE OMNIBUS 25 DE MAYO LINEA 278","BSAS_LINEA_293B","SI","COLECTIVO","PROVINCIAL","BUENOS AIRES","SN",6301,"NO"
2025-01-18,"MICRO OMNIBUS O´HIGGINS S.A.T.","BSAS_LINEA_295","SI","COLECTIVO","PROVINCIAL","BUENOS AIRES","SN",10619,"NO"
2025-01-18,"TRANSPORTES UNIDOS DE MERLO S.A.C.I.I.","BSAS_LINEA_297","SI","COLECTIVO","PROVINCIAL","BUENOS AIRES","SN",10043,"NO"
2025-01-18,"LA CABAÑA S.A.","BSAS_LINEA_298","SI","COLECTIVO","PROVINCIAL","BUENOS AIRES","SN",17243,"NO"
2025-01-18,"GENERAL TOMAS GUIDO S.A.C.I.F.","BSAS_LINEA_299","SI","COLECTIVO","PROVINCIAL","BUENOS AIRES","SN",11890,"NO"
2025-01-18,"MICRO OMNIBUS QUILMES S.A.C.I. Y F.","BSAS_LINEA_300","SI","COLECTIVO","PROVINCIAL","BUENOS AIRES","SN",14691,"NO"
2025-01-18,"EMPRESA DEL OESTE SAT","BSAS_LINEA_303","SI","COLECTIVO","PROVINCIAL","BUENOS AIRES","SN",13041,"NO"
2025-01-18,"COMPAÑIA NOROESTE S.A.T.","BSAS_LINEA_304","SI","COLECTIVO","PROVINCIAL","BUENOS AIRES","SN",15051,"NO"
2025-01-18,"EXPRESO ESTEBAN ECHEVERRIA S.R.L.","BSAS_LINEA_306","SI","COLECTIVO","PROVINCIAL","BUENOS AIRES","SN",34479,"NO"
2025-01-18,"EMPRESA LINEA SIETE SAT","BSAS_LINEA_307","SI","COLECTIVO","PROVINCIAL","BUENOS AIRES","SN",16114,"NO"
2025-01-18,"ROCARAZA S.A.","BSAS_LINEA_31","SI","COLECTIVO","NACIONAL","JN","SD",26292,"NO"
2025-01-18,"COMPAÑIA ISLEÑA S.R.L.","BSAS_LINEA_310","SI","COLECTIVO","PROVINCIAL","BUENOS AIRES","SN",1795,"NO"
2025-01-18,"TRANSPORTES LA PERLITA S.A. ","BSAS_LINEA_311","SI","COLECTIVO","PROVINCIAL","BUENOS AIRES","SN",15039,"NO"
2025-01-18,"TRANSPORTES LA PERLITA S.A. ","BSAS_LINEA_312","SI","COLECTIVO","PROVINCIAL","BUENOS AIRES","SN",9986,"NO"
2025-01-18,"RUTA BUS S.A.","BSAS_LINEA_313","SI","COLECTIVO","PROVINCIAL","BUENOS AIRES","SN",2051,"NO"
2025-01-18,"LA PRIMERA DE MARTINEZ S.A","BSAS_LINEA_314","SI","COLECTIVO","PROVINCIAL","BUENOS AIRES","SN",21114,"NO"
2025-01-18,"LA PRIMERA DE GRAND BOURG S.A.","BSAS_LINEA_315","SI","COLECTIVO","PROVINCIAL","BUENOS AIRES","SN",14179,"NO"
2025-01-18,"LA CABAÑA S.A.","BSAS_LINEA_317","SI","COLECTIVO","PROVINCIAL","BUENOS AIRES","SN",12351,"NO"
2025-01-18,"MICRO OMNIBUS MITRE S.A.","BSAS_LINEA_318","SI","COLECTIVO","PROVINCIAL","BUENOS AIRES","SN",29670,"NO"
2025-01-18,"EMPRESA DEL OESTE SAT","BSAS_LINEA_320","SI","COLECTIVO","PROVINCIAL","BUENOS AIRES","SN",2513,"NO"
2025-01-18,"MICROOMNIBUS SAAVEDRA S.A.T.A.C.I.","BSAS_LINEA_321","SI","COLECTIVO","PROVINCIAL","BUENOS AIRES","SN",5456,"NO"
2025-01-18,"LIBERTADOR SAN MARTIN SAT","BSAS_LINEA_322","SI","COLECTIVO","PROVINCIAL","BUENOS AIRES","SN",10150,"NO"
2025-01-18,"COMPAÑÍA DE OMNIBUS 25 DE MAYO LINEA 278","BSAS_LINEA_323","SI","COLECTIVO","PROVINCIAL","BUENOS AIRES","SN",13038,"NO"
2025-01-18,"MICRO OMNIBUS PRIMERA JUNTA S.A","BSAS_LINEA_324","SI","COLECTIVO","PROVINCIAL","BUENOS AIRES","SN",60759,"NO"
2025-01-18,"ALMAFUERTE EMPRESA DE TRANSPORTE S.A.C.I. E I","BSAS_LINEA_325","SI","COLECTIVO","PROVINCIAL","BUENOS AIRES","SN",4992,"NO"
2025-01-18,"LIBERTADOR SAN MARTIN SAT","BSAS_LINEA_327","SI","COLECTIVO","PROVINCIAL","BUENOS AIRES","SN",11806,"NO"
2025-01-18,"TRANSPORTES VILLA BOSCH SAC el","BSAS_LINEA_328","SI","COLECTIVO","PROVINCIAL","BUENOS AIRES","SN",14182,"NO"
2025-01-18,"TRANSPORTES LA PERLITA S.A. ","BSAS_LINEA_329","SI","COLECTIVO","PROVINCIAL","BUENOS AIRES","SN",8523,"NO"
2025-01-18,"MICRO OMNIBUS GENERAL SAN MARTIN SAC","BSAS_LINEA_333A","SI","COLECTIVO","PROVINCIAL","BUENOS AIRES","SN",6783,"NO"
2025-01-18,"LIBERTADOR SAN MARTIN SAT","BSAS_LINEA_336","SI","COLECTIVO","PROVINCIAL","BUENOS AIRES","SN",3288,"NO"
2025-01-18,"TRANSPORTE AUTOMOTORES LA PLATA SA","BSAS_LINEA_338","SI","COLECTIVO","PROVINCIAL","BUENOS AIRES","SN",30585,"NO"
2025-01-18,"EXPRESO PARQUE EL LUCERO S.A. DE TRANSPORTES","BSAS_LINEA_341","SI","COLECTIVO","PROVINCIAL","BUENOS AIRES","SN",18313,"NO"
2025-01-18,"COMPAÑIA NOROESTE S.A.T.","BSAS_LINEA_343","SI","COLECTIVO","PROVINCIAL","BUENOS AIRES","SN",18865,"NO"
2025-01-18,"RUTA BUS S.A.","BSAS_LINEA_350","SI","COLECTIVO","PROVINCIAL","BUENOS AIRES","SN",12202,"NO"
2025-01-18,"TRANSPORTES AUTOMOTORES  LANUS ESTE S.A.","BSAS_LINEA_354","SI","COLECTIVO","PROVINCIAL","BUENOS AIRES","SN",20772,"NO"
2025-01-18,"RUTA BUS S.A.","BSAS_LINEA_355","SI","COLECTIVO","PROVINCIAL","BUENOS AIRES","SN",1737,"NO"
2025-01-18,"LA NUEVA METROPOL S.A.","BSAS_LINEA_365","SI","COLECTIVO","PROVINCIAL","BUENOS AIRES","SN",58038,"NO"
2025-01-18,"SAN VICENTE S.A. DE TRANSPORTES","BSAS_LINEA_370","SI","COLECTIVO","PROVINCIAL","BUENOS AIRES","SN",6265,"NO"
2025-01-18,"EMPRESA CIUDAD DE SAN FERNANDO SA","BSAS_LINEA_371","SI","COLECTIVO","PROVINCIAL","BUENOS AIRES","SN",20193,"NO"
2025-01-18,"MICRO OMNIBUS QUILMES S.A.C.I. Y F.","BSAS_LINEA_372","SI","COLECTIVO","PROVINCIAL","BUENOS AIRES","SN",3919,"NO"
2025-01-18,"GENERAL TOMAS GUIDO S.A.C.I.F.","BSAS_LINEA_373","SI","COLECTIVO","PROVINCIAL","BUENOS AIRES","SN",9084,"NO"
2025-01-18,"ALMAFUERTE EMPRESA DE TRANSPORTE S.A.C.I. E I","BSAS_LINEA_378","SI","COLECTIVO","PROVINCIAL","BUENOS AIRES","SN",20032,"NO"
2025-01-18,"EXPRESO PARQUE EL LUCERO S.A. DE TRANSPORTES","BSAS_LINEA_379","SI","COLECTIVO","PROVINCIAL","BUENOS AIRES","SN",9842,"NO"
2025-01-18,"NUEVO IDEAL S.A.","BSAS_LINEA_382","SI","COLECTIVO","PROVINCIAL","BUENOS AIRES","SN",9787,"NO"
2025-01-18,"TRANSPORTES SAN JUAN BAUTISTA S.A.","BSAS_LINEA_383","SI","COLECTIVO","PROVINCIAL","BUENOS AIRES","SN",17071,"NO"
2025-01-18,"GENERAL TOMAS GUIDO S.A.C.I.F.","BSAS_LINEA_384","SI","COLECTIVO","PROVINCIAL","BUENOS AIRES","SN",6548,"NO"
2025-01-18,"SAN VICENTE S.A. DE TRANSPORTES","BSAS_LINEA_385","SI","COLECTIVO","PROVINCIAL","BUENOS AIRES","SN",10065,"NO"
2025-01-18,"COMPAÑIA  DE TRANSPORTE VECINAL S.A.","BSAS_LINEA_386","SI","COLECTIVO","PROVINCIAL","BUENOS AIRES","SN",1124,"NO"
2025-01-18,"SAN VICENTE S.A. DE TRANSPORTES","BSAS_LINEA_388","SI","COLECTIVO","PROVINCIAL","BUENOS AIRES","SN",4304,"NO"
2025-01-18,"EMPRESA DEL OESTE SAT","BSAS_LINEA_390","SI","COLECTIVO","PROVINCIAL","BUENOS AIRES","SN",5337,"NO"
2025-01-18,"EXPRESO PARQUE EL LUCERO S.A. DE TRANSPORTES","BSAS_LINEA_391","SI","COLECTIVO","PROVINCIAL","BUENOS AIRES","SN",8967,"NO"
2025-01-18,"LIBERTADOR SAN MARTIN SAT","BSAS_LINEA_392","SI","COLECTIVO","PROVINCIAL","BUENOS AIRES","SN",2960,"NO"
2025-01-18,"EMPRESA MONTE GRANDE S.A. LINEA 501","BSAS_LINEA_394","SI","COLECTIVO","PROVINCIAL","BUENOS AIRES","SN",11752,"NO"
2025-01-18,"EMPRESA LINEA 216 S.A.T.","BSAS_LINEA_395","SI","COLECTIVO","PROVINCIAL","BUENOS AIRES","SN",6824,"NO"
2025-01-18,"SAN VICENTE S.A. DE TRANSPORTES","BSAS_LINEA_403","SI","COLECTIVO","PROVINCIAL","BUENOS AIRES","SN",957,"NO"
2025-01-18,"EMPRESA DE TRANSPORTE DEL SUR SRL","BSAS_LINEA_404","SI","COLECTIVO","PROVINCIAL","BUENOS AIRES","SN",13943,"NO"
2025-01-18,"MICRO OMNIBUS AVENIDA S.A.","BSAS_LINEA_405","SI","COLECTIVO","PROVINCIAL","BUENOS AIRES","SN",11469,"NO"
2025-01-18,"TRANSPORTE AUTOMOTORES LA PLATA SA","BSAS_LINEA_406","SI","COLECTIVO","PROVINCIAL","BUENOS AIRES","SN",13113,"NO"
2025-01-18,"MICRO OMNIBUS GENERAL SAN MARTIN SAC","BSAS_LINEA_407","SI","COLECTIVO","PROVINCIAL","BUENOS AIRES","SN",5117,"NO"
2025-01-18,"EMPRESA NUEVE DE JULIO S.A.T.","BSAS_LINEA_414","SI","COLECTIVO","PROVINCIAL","BUENOS AIRES","SN",881,"NO"
2025-01-18,"UNION PLATENSE SRL","BSAS_LINEA_418","SI","COLECTIVO","PROVINCIAL","BUENOS AIRES","SN",630,"NO"
2025-01-18,"TRANSPORTE LARRAZABAL C.I.S.A.","BSAS_LINEA_421","SI","COLECTIVO","PROVINCIAL","BUENOS AIRES","SN",1476,"NO"
2025-01-18,"TRANSPORTES LA PERLITA S.A. ","BSAS_LINEA_422","SI","COLECTIVO","PROVINCIAL","BUENOS AIRES","SN",17235,"NO"
2025-01-18,"LINEA SESENTA SA","BSAS_LINEA_430","SI","COLECTIVO","PROVINCIAL","BUENOS AIRES","SN",20,"NO"
2025-01-18,"SAN VICENTE S.A. DE TRANSPORTES","BSAS_LINEA_435","SI","COLECTIVO","PROVINCIAL","BUENOS AIRES","SN",2805,"NO"
2025-01-18,"EXPRESO VILLA GALICIA  SAN JOSE S.A.","BSAS_LINEA_436","SI","COLECTIVO","PROVINCIAL","BUENOS AIRES","SN",7863,"NO"
2025-01-18,"MICRO OMNIBUS GENERAL SAN MARTIN SAC","BSAS_LINEA_437","SI","COLECTIVO","PROVINCIAL","BUENOS AIRES","SN",5662,"NO"
2025-01-18,"LA PRIMERA DE GRAND BOURG S.A.","BSAS_LINEA_440","SI","COLECTIVO","PROVINCIAL","BUENOS AIRES","SN",58009,"NO"
2025-01-18,"EMPRESA LINEA 216 S.A.T.","BSAS_LINEA_441","SI","COLECTIVO","PROVINCIAL","BUENOS AIRES","SN",7096,"NO"
2025-01-18,"EMPRESA LINEA 216 S.A.T.","BSAS_LINEA_443","SI","COLECTIVO","PROVINCIAL","BUENOS AIRES","SN",672,"NO"
2025-01-18,"EMPRESA DEL OESTE SAT","BSAS_LINEA_443A","SI","COLECTIVO","PROVINCIAL","BUENOS AIRES","SN",4282,"NO"
2025-01-18,"EMPRESA CIUDAD DE SAN FERNANDO SA","BSAS_LINEA_445","SI","COLECTIVO","PROVINCIAL","BUENOS AIRES","SN",3151,"NO"
2025-01-18,"EXPRESO GENERAL SARMIENTO S.A.","BSAS_LINEA_448","SI","COLECTIVO","PROVINCIAL","BUENOS AIRES","SN",24126,"NO"
2025-01-18,"EMPRESA DE TRANSPORTES EL LITORAL S.A.","BSAS_LINEA_449","SI","COLECTIVO","PROVINCIAL","BUENOS AIRES","SN",4869,"NO"
2025-01-18,"EMPRESA DEL OESTE SAT","BSAS_LINEA_461","SI","COLECTIVO","PROVINCIAL","BUENOS AIRES","SN",2388,"NO"
2025-01-18,"EMPRESA DEL OESTE SAT","BSAS_LINEA_462","SI","COLECTIVO","PROVINCIAL","BUENOS AIRES","SN",1277,"NO"
2025-01-18,"EMPRESA DEL OESTE SAT","BSAS_LINEA_463","SI","COLECTIVO","PROVINCIAL","BUENOS AIRES","SN",14943,"NO"
2025-01-18,"EMPRESA DEL OESTE SAT","BSAS_LINEA_464","SI","COLECTIVO","PROVINCIAL","BUENOS AIRES","SN",7744,"NO"
2025-01-18,"TRANSPORTES LA PERLITA S.A. ","BSAS_LINEA_500","SI","COLECTIVO","MUNICIPAL","BUENOS AIRES","GENERAL RODRIGUEZ",12975,"NO"
2025-01-18,"EMPRESA DE TRANSPORTES SANTA RITA  SRL","BSAS_LINEA_500B","SI","COLECTIVO","MUNICIPAL","BUENOS AIRES","BRANDSEN",491,"NO"
2025-01-18,"TRANSPORTE 11 DE JUNIO S.R.L.","BSAS_LINEA_500C","SI","COLECTIVO","MUNICIPAL","BUENOS AIRES","LUJAN",783,"NO"
2025-01-18,"TRANSPORTES UNIDOS DE MERLO S.A.C.I.I.","BSAS_LINEA_500D","SI","COLECTIVO","MUNICIPAL","BUENOS AIRES","MERLO",29147,"NO"
2025-01-18,"TRANSPORTES SAN JUAN BAUTISTA S.A.","BSAS_LINEA_500H","SI","COLECTIVO","MUNICIPAL","BUENOS AIRES","FLORENCIO VARELA",4112,"NO"
2025-01-18,"COOPERATIVA DE TRABAJO 6 DE JULIO LIMITADA","BSAS_LINEA_501","SI","COLECTIVO","MUNICIPAL","BUENOS AIRES","CAMPANA",167,"NO"
2025-01-18,"EMPRESA TRANSPORTE TRATADO DEL PILAR S.R.L.","BSAS_LINEA_501B","SI","COLECTIVO","MUNICIPAL","BUENOS AIRES","PILAR",7842,"NO"
2025-01-18,"EMPRESA MONTE GRANDE S.A. LINEA 501","BSAS_LINEA_501C","SI","COLECTIVO","MUNICIPAL","BUENOS AIRES","ESTEBAN ECHEVERRIA",48131,"NO"
2025-01-18,"EXPRESO EMPALME LOBOS S.R.L.","BSAS_LINEA_501D","SI","COLECTIVO","MUNICIPAL","BUENOS AIRES","LOBOS",1241,"NO"
2025-01-18,"MICRO OMNIBUS PRIMERA JUNTA S.A","BSAS_LINEA_501E","SI","COLECTIVO","MUNICIPAL","BUENOS AIRES","FLORENCIO VARELA",2026,"NO"
2025-01-18,"TRANSPORTE 11 DE JUNIO S.R.L.","BSAS_LINEA_501F","SI","COLECTIVO","MUNICIPAL","BUENOS AIRES","LUJAN",1929,"NO"
2025-01-18,"TRANSPORTES LA PERLITA S.A. ","BSAS_LINEA_501G","SI","COLECTIVO","MUNICIPAL","BUENOS AIRES","MORENO",108252,"NO"
2025-01-18,"RUTA BUS S.A.","BSAS_LINEA_501H","SI","COLECTIVO","MUNICIPAL","BUENOS AIRES","EXALTACION DE LA CRUZ",808,"NO"
2025-01-18,"LA PRIMERA DE MALVINAS ARGENTINAS UTE","BSAS_LINEA_501I","SI","COLECTIVO","MUNICIPAL","BUENOS AIRES","MALVINAS ARGENTINAS",5824,"NO"
2025-01-18,"LINEA EXPRESO LINIERS S.A.I.Y C.","BSAS_LINEA_502","SI","COLECTIVO","MUNICIPAL","BUENOS AIRES","CAÑUELAS",230,"NO"
2025-01-18,"UNION PLATENSE SRL","BSAS_LINEA_502_SUR","SI","COLECTIVO","MUNICIPAL","BUENOS AIRES","LA PLATA",3920,"NO"
2025-01-18,"EXPRESO EMPALME LOBOS S.R.L.","BSAS_LINEA_502A","SI","COLECTIVO","MUNICIPAL","BUENOS AIRES","LOBOS",52,"NO"
2025-01-18,"TRANSPORTE 11 DE JUNIO S.R.L.","BSAS_LINEA_502B","SI","COLECTIVO","MUNICIPAL","BUENOS AIRES","LUJAN",754,"NO"
2025-01-18,"TRANSPORTES SAN JUAN BAUTISTA S.A.","BSAS_LINEA_503","SI","COLECTIVO","MUNICIPAL","BUENOS AIRES","FLORENCIO VARELA",4355,"NO"
2025-01-18,"EMPRESA TRANSPORTE TRATADO DEL PILAR S.R.L.","BSAS_LINEA_503","SI","COLECTIVO","MUNICIPAL","BUENOS AIRES","PILAR",2163,"NO"
2025-01-18,"MICROEXPRES S.A.","BSAS_LINEA_503_ESTE","SI","COLECTIVO","MUNICIPAL","BUENOS AIRES","LA PLATA",3122,"NO"
2025-01-18,"UNION TRANSITORIA COSA CIA TRANSPORTE VECINAL U.T.","BSAS_LINEA_503A","SI","COLECTIVO","MUNICIPAL","BUENOS AIRES","MERLO",20835,"NO"
2025-01-18,"SAN VICENTE S.A. DE TRANSPORTES","BSAS_LINEA_503C","SI","COLECTIVO","MUNICIPAL","BUENOS AIRES","SAN VICENTE",2424,"NO"
2025-01-18,"EXPRESO LA PLATA BUENOS AIRES S.A.","BSAS_LINEA_503E","SI","COLECTIVO","MUNICIPAL","BUENOS AIRES","LA PLATA",13296,"NO"
2025-01-18,"TRANSPORTE 11 DE JUNIO S.R.L.","BSAS_LINEA_503E","SI","COLECTIVO","MUNICIPAL","BUENOS AIRES","LUJAN",915,"NO"
2025-01-18,"EMPRESA LINEA 216 S.A.T.","BSAS_LINEA_504A","SI","COLECTIVO","MUNICIPAL","BUENOS AIRES","MERLO",34717,"NO"
2025-01-18,"MICRO OMNIBUS PRIMERA JUNTA S.A","BSAS_LINEA_504C","SI","COLECTIVO","MUNICIPAL","BUENOS AIRES","FLORENCIO VARELA",3997,"NO"
2025-01-18,"MICRO OMNIBUS TIGRE S.A.","BSAS_LINEA_505A","SI","COLECTIVO","MUNICIPAL","BUENOS AIRES","ESCOBAR",297,"NO"
2025-01-18,"COMPAÑIA MICROOMNIBUS LA COLORADA SACI","BSAS_LINEA_505D","SI","COLECTIVO","MUNICIPAL","BUENOS AIRES","FLORENCIO VARELA",8316,"NO"
2025-01-18,"TRANSPORTES SAN JUAN BAUTISTA S.A.","BSAS_LINEA_506","SI","COLECTIVO","MUNICIPAL","BUENOS AIRES","FLORENCIO VARELA",2785,"NO"
2025-01-18,"EMPRESA MONTERREY S.R.L.","BSAS_LINEA_506A","SI","COLECTIVO","MUNICIPAL","BUENOS AIRES","PILAR",4218,"NO"
2025-01-18,"MICRO OMNIBUS TIGRE S.A.","BSAS_LINEA_506B","SI","COLECTIVO","MUNICIPAL","BUENOS AIRES","ESCOBAR",532,"NO"
2025-01-18,"TRANSPORTES SAN JUAN BAUTISTA S.A.","BSAS_LINEA_507","SI","COLECTIVO","MUNICIPAL","BUENOS AIRES","FLORENCIO VARELA",2443,"NO"
2025-01-18,"TRANSPORTES SAN JUAN BAUTISTA S.A.","BSAS_LINEA_508","SI","COLECTIVO","MUNICIPAL","BUENOS AIRES","FLORENCIO VARELA",3414,"NO"
2025-01-18,"MICRO OMNIBUS TIGRE S.A.","BSAS_LINEA_508A","SI","COLECTIVO","MUNICIPAL","BUENOS AIRES","ESCOBAR",2100,"NO"
2025-01-18,"EMPRESA NUEVE DE JULIO S.A.T.","BSAS_LINEA_508C","SI","COLECTIVO","MUNICIPAL","BUENOS AIRES","LA PLATA",301,"NO"
2025-01-18,"LA PRIMERA DE LA ESCONDIDA SRL","BSAS_LINEA_509","SI","COLECTIVO","MUNICIPAL","BUENOS AIRES","PILAR",3732,"NO"
2025-01-18,"TRANSPORTES SAN JUAN BAUTISTA S.A.","BSAS_LINEA_509C","SI","COLECTIVO","MUNICIPAL","BUENOS AIRES","FLORENCIO VARELA",2041,"NO"
2025-01-18,"LINEA SESENTA SA","BSAS_LINEA_509D","SI","COLECTIVO","MUNICIPAL","BUENOS AIRES","ESCOBAR",50,"NO"
2025-01-18,"EXPRESO VILLA GALICIA  SAN JOSE S.A.","BSAS_LINEA_510A","SI","COLECTIVO","MUNICIPAL","BUENOS AIRES","ALMIRANTE BROWN",2509,"NO"
2025-01-18,"PILARBUS SA","BSAS_LINEA_510B","SI","COLECTIVO","MUNICIPAL","BUENOS AIRES","PILAR",12716,"NO"
2025-01-18,"TRANSPORTES SAN JUAN BAUTISTA S.A.","BSAS_LINEA_511","SI","COLECTIVO","MUNICIPAL","BUENOS AIRES","FLORENCIO VARELA",598,"NO"
2025-01-18,"RUTA BUS S.A.","BSAS_LINEA_511","SI","COLECTIVO","MUNICIPAL","BUENOS AIRES","PILAR",7515,"NO"
2025-01-18,"MICRO OMNIBUS TIGRE S.A.","BSAS_LINEA_511A","SI","COLECTIVO","MUNICIPAL","BUENOS AIRES","ESCOBAR",52,"NO"
2025-01-18,"TRANSPORTES SAN JUAN BAUTISTA S.A.","BSAS_LINEA_512","SI","COLECTIVO","MUNICIPAL","BUENOS AIRES","FLORENCIO VARELA",1857,"NO"
2025-01-18,"MICRO OMNIBUS TIGRE S.A.","BSAS_LINEA_513A","SI","COLECTIVO","MUNICIPAL","BUENOS AIRES","ESCOBAR",2275,"NO"
2025-01-18,"MICRO OMNIBUS AVENIDA S.A.","BSAS_LINEA_514","SI","COLECTIVO","MUNICIPAL","BUENOS AIRES","ALMIRANTE BROWN",18613,"NO"
2025-01-18,"TRANSPORTE DEL SUR S.R.L.","BSAS_LINEA_515","SI","COLECTIVO","MUNICIPAL","BUENOS AIRES","ALMIRANTE BROWN",13523,"NO"
2025-01-18,"EMPRESA J.M. EZEIZA S.R.L.","BSAS_LINEA_518","SI","COLECTIVO","MUNICIPAL","BUENOS AIRES","EZEIZA",18161,"NO"
2025-01-18,"EXPRESO LA PLATA BUENOS AIRES S.A.","BSAS_LINEA_518","SI","COLECTIVO","MUNICIPAL","BUENOS AIRES","LA PLATA",325,"NO"
2025-01-18,"LA CENTRAL DE ESCOBAR SA","BSAS_LINEA_520A","SI","COLECTIVO","MUNICIPAL","BUENOS AIRES","PILAR",12035,"NO"
2025-01-18,"MICRO OMNIBUS AVENIDA S.A.","BSAS_LINEA_520B","SI","COLECTIVO","MUNICIPAL","BUENOS AIRES","LANUS",8457,"NO"
2025-01-18,"UNION PLATENSE SRL","BSAS_LINEA_520C","SI","COLECTIVO","MUNICIPAL","BUENOS AIRES","LA PLATA",4539,"NO"
2025-01-18,"CIA ANDRADE EMPRESA DE TRANSPORTE DE PASAJEROS SRL","BSAS_LINEA_523","SI","COLECTIVO","MUNICIPAL","BUENOS AIRES","LANUS",4072,"NO"
2025-01-18,"EMPRESA CINCO DE AGOSTO S.R.L.","BSAS_LINEA_524","SI","COLECTIVO","MUNICIPAL","BUENOS AIRES","LANUS",5595,"NO"
2025-01-18,"EMPRESA DE TRANSPORTE 12 DE OCTUBRE S R L","BSAS_LINEA_531","NO","COLECTIVO","MUNICIPAL","BUENOS AIRES","GENERAL PUEYRREDON",7688,"NO"
2025-01-18,"EMPRESA DE TRANSPORTE 12 DE OCTUBRE S R L","BSAS_LINEA_532","NO","COLECTIVO","MUNICIPAL","BUENOS AIRES","GENERAL PUEYRREDON",5000,"NO"
2025-01-18,"EMPRESA DE TRANSPORTE 12 DE OCTUBRE S R L","BSAS_LINEA_533","NO","COLECTIVO","MUNICIPAL","BUENOS AIRES","GENERAL PUEYRREDON",2086,"NO"
2025-01-18,"YITOS S.A.","BSAS_LINEA_541","SI","COLECTIVO","MUNICIPAL","BUENOS AIRES","LOMAS DE ZAMORA",6888,"NO"
2025-01-18,"YITOS S.A.","BSAS_LINEA_543","SI","COLECTIVO","MUNICIPAL","BUENOS AIRES","LOMAS DE ZAMORA",10956,"NO"
2025-01-18,"YITOS S.A.","BSAS_LINEA_544","SI","COLECTIVO","MUNICIPAL","BUENOS AIRES","LOMAS DE ZAMORA",14766,"NO"
2025-01-18,"YITOS S.A.","BSAS_LINEA_549","SI","COLECTIVO","MUNICIPAL","BUENOS AIRES","LOMAS DE ZAMORA",989,"NO"
2025-01-18,"YITOS S.A.","BSAS_LINEA_561","SI","COLECTIVO","MUNICIPAL","BUENOS AIRES","LOMAS DE ZAMORA",2255,"NO"
2025-01-18,"EMPRESA NUEVE DE JULIO S.A.T.","BSAS_LINEA_561B","SI","COLECTIVO","MUNICIPAL","BUENOS AIRES","LA PLATA",436,"NO"
2025-01-18,"YITOS S.A.","BSAS_LINEA_562","SI","COLECTIVO","MUNICIPAL","BUENOS AIRES","LOMAS DE ZAMORA",5724,"NO"
2025-01-18,"EXPRESO VILLA GALICIA  SAN JOSE S.A.","BSAS_LINEA_564","SI","COLECTIVO","MUNICIPAL","BUENOS AIRES","LOMAS DE ZAMORA",6353,"NO"
2025-01-18,"GENERAL TOMAS GUIDO S.A.C.I.F.","BSAS_LINEA_570","SI","COLECTIVO","MUNICIPAL","BUENOS AIRES","AVELLANEDA",5990,"NO"
2025-01-18,"EXPRESO VILLA NUEVA S.A.","BSAS_LINEA_580","SI","COLECTIVO","MUNICIPAL","BUENOS AIRES","QUILMES",3085,"NO"
2025-01-18,"EXPRESO VILLA NUEVA S.A.","BSAS_LINEA_582","SI","COLECTIVO","MUNICIPAL","BUENOS AIRES","QUILMES",8146,"NO"
2025-01-18,"MICRO OMNIBUS PRIMERA JUNTA S.A","BSAS_LINEA_583","SI","COLECTIVO","MUNICIPAL","BUENOS AIRES","QUILMES",6505,"NO"
2025-01-18,"MICRO OMNIBUS QUILMES S.A.C.I. Y F.","BSAS_LINEA_584","SI","COLECTIVO","MUNICIPAL","BUENOS AIRES","QUILMES",5024,"NO"
2025-01-18,"COMPAÑÍA DE OMNIBUS 25 DE MAYO LINEA 278","BSAS_LINEA_585","SI","COLECTIVO","MUNICIPAL","BUENOS AIRES","QUILMES",18024,"NO"
2025-01-18,"COMPAÑÍA DE OMNIBUS 25 DE MAYO LINEA 278","BSAS_LINEA_586","SI","COLECTIVO","MUNICIPAL","BUENOS AIRES","QUILMES",186,"NO"
2025-01-18,"MICRO OMNIBUS QUILMES S.A.C.I. Y F.","BSAS_LINEA_603","SI","COLECTIVO","MUNICIPAL","BUENOS AIRES","BERAZATEGUI",11598,"NO"
2025-01-18,"MICRO OMNIBUS QUILMES S.A.C.I. Y F.","BSAS_LINEA_619","SI","COLECTIVO","MUNICIPAL","BUENOS AIRES","BERAZATEGUI",4399,"NO"
2025-01-18,"NUEVO IDEAL S.A.","BSAS_LINEA_620","SI","COLECTIVO","MUNICIPAL","BUENOS AIRES","LA MATANZA",40018,"NO"
2025-01-18,"TRANSPORTE IDEAL SAN JUSTO S.A.","BSAS_LINEA_621","SI","COLECTIVO","MUNICIPAL","BUENOS AIRES","LA MATANZA",19913,"NO"
2025-01-18,"ALMAFUERTE EMPRESA DE TRANSPORTE S.A.C.I. E I","BSAS_LINEA_622","SI","COLECTIVO","MUNICIPAL","BUENOS AIRES","LA MATANZA",22877,"NO"
2025-01-18,"LA CABAÑA S.A.","BSAS_LINEA_624","SI","COLECTIVO","MUNICIPAL","BUENOS AIRES","LA MATANZA",15803,"NO"
2025-01-18,"ALMAFUERTE EMPRESA DE TRANSPORTE S.A.C.I. E I","BSAS_LINEA_628","SI","COLECTIVO","MUNICIPAL","BUENOS AIRES","LA MATANZA",1935,"NO"
2025-01-18,"EMPRESA LINEA 216 S.A.T.","BSAS_LINEA_634","SI","COLECTIVO","MUNICIPAL","BUENOS AIRES","MORON",8364,"NO"
2025-01-18,"LA CABAÑA S.A.","BSAS_LINEA_635","SI","COLECTIVO","MUNICIPAL","BUENOS AIRES","MORON",5036,"NO"
2025-01-18,"COMPAÑIA ISLEÑA S.R.L.","BSAS_LINEA_670","SI","COLECTIVO","MUNICIPAL","BUENOS AIRES","GENERAL SAN MARTIN",15275,"NO"
2025-01-18,"MICRO OMNIBUS GENERAL SAN MARTIN SAC","BSAS_LINEA_707","SI","COLECTIVO","MUNICIPAL","BUENOS AIRES","SAN ISIDRO",15823,"NO"
2025-01-18,"EMPRESA CIUDAD DE SAN FERNANDO SA","BSAS_LINEA_710","SI","COLECTIVO","MUNICIPAL","BUENOS AIRES","SAN FERNANDO",11734,"NO"
2025-01-18,"MICRO OMNIBUS TIGRE S.A.","BSAS_LINEA_720","SI","COLECTIVO","MUNICIPAL","BUENOS AIRES","TIGRE",31556,"NO"
2025-01-18,"MICRO OMNIBUS GENERAL PACHECO SA","BSAS_LINEA_721","SI","COLECTIVO","MUNICIPAL","BUENOS AIRES","TIGRE",24772,"NO"
2025-01-18,"UTENOR LINEA 723 UNION TRANSITORIA DE EMPRESAS","BSAS_LINEA_723","SI","COLECTIVO","MUNICIPAL","BUENOS AIRES","TIGRE",4443,"NO"
2025-01-18,"LA PRIMERA DE GRAND BOURG S.A.","BSAS_LINEA_740","SI","COLECTIVO","MUNICIPAL","BUENOS AIRES","SAN MIGUEL",18292,"NO"
2025-01-18,"SARGENTO CABRAL S.A.DE TRANSPORTE","BSAS_LINEA_741","SI","COLECTIVO","MUNICIPAL","BUENOS AIRES","JOSE C. PAZ",11460,"NO"
2025-01-18,"EMPRESA DE TRANSPORTES EL LITORAL S.A.","BSAS_LINEA_749","SI","COLECTIVO","MUNICIPAL","BUENOS AIRES","JOSE C. PAZ",25562,"NO"
2025-01-18,"COOP. PROV. OB. Y S.P. SAN CLEMENTE DEL TUYU","BSAS_LINEA_SCLE","NO","COLECTIVO","MUNICIPAL","BUENOS AIRES","URBANO DE LA COSTA",1315,"NO"
2025-01-18,"COOP. DE PROVISION DE SERVICIOS 1 DE SEPTIEMBRE LTDA","CHACRA MONTE - PAISSANIDIS","NO","COLECTIVO","MUNICIPAL","RÍO NEGRO","GENERAL ROCA",755,"NO"
2025-01-18,"SOFSE - Mitre","FCC MITRE_TIGRE","SI","TREN","NACIONAL","JN","SD",24236,"NO"
2025-01-18,"SOFSE - Roca","FFCC ROCA","SI","TREN","NACIONAL","JN","SD",151635,"NO"
2025-01-18,"SOFSE- SARMIENTO","FFCC SAR","SI","TREN","NACIONAL","JN","SD",136453,"NO"
2025-01-18,"METROVIAS S.A. (URQUIZA)","FFCC URQUIZA","SI","TREN","NACIONAL","JN","SD",23636,"NO"
2025-01-18,"SOFSE - Belgrano Sur","FFCC_BELG_SUR","SI","TREN","NACIONAL","JN","SD",29057,"NO"
2025-01-18,"FERROVIAS S.A.","FFCC_BELGRANO_NORTE","SI","TREN","NACIONAL","JN","SD",41498,"NO"
2025-01-18,"SOFSE - Mitre","FFCC_MITRE","SI","TREN","NACIONAL","JN","SD",127,"NO"
2025-01-18,"SOFSE - Mitre","FFCC_MITRE_CAPILLA","SI","TREN","NACIONAL","JN","SD",113,"NO"
2025-01-18,"SOFSE - Mitre","FFCC_MITRE_ZARATE","SI","TREN","NACIONAL","JN","SD",115,"NO"
2025-01-18,"SOFSE - Roca","FFCC_ROCA_CAÑUELAS-LOBOS","SI","TREN","NACIONAL","JN","SD",37,"NO"
2025-01-18,"SOFSE - Roca","FFCC_ROCA_CAÑUELAS-MONTE","SI","TREN","NACIONAL","JN","SD",11,"NO"
2025-01-18,"SOFSE - Roca","FFCC_ROCA_KORN-CHASCOMUS","SI","TREN","NACIONAL","JN","SD",534,"NO"
2025-01-18,"SOFSE - Roca","FFCC_ROCA_UNIVERSITARIO","SI","TREN","NACIONAL","JN","SD",97,"NO"
2025-01-18,"SOFSE - San Martin","FFCC_SANM","SI","TREN","NACIONAL","JN","SD",53939,"NO"
2025-01-18,"SOFSE - Mitre","FFCC_SUAREZ","SI","TREN","NACIONAL","JN","SD",11909,"NO"
2025-01-18,"SOFSE- TREN DE LA COSTA","FFCC_TREN_COSTA","SI","TREN","NACIONAL","JN","SD",3683,"NO"
2025-01-18,"COOP. DE PROVISION DE SERVICIOS 1 DE SEPTIEMBRE LTDA","ISLAS MALVINAS - PUENTE CERO","NO","COLECTIVO","MUNICIPAL","RÍO NEGRO","GENERAL ROCA",497,"NO"
2025-01-18,"COOP. DE PROVISION DE SERVICIOS 1 DE SEPTIEMBRE LTDA","J.J. GOMEZ - ALTA BARDA","NO","COLECTIVO","MUNICIPAL","RÍO NEGRO","GENERAL ROCA",858,"NO"
2025-01-18,"EMOVA MOVILIDAD S.A. (ex MTV)","LIN_PREMETRO","SI","SUBTE",,,,616,"NO"
2025-01-18,"MAREGA GUSTAVO ANTONIO","LINEA 03","NO","COLECTIVO","MUNICIPAL","SANTA FE","RECONQUISTA",114,"NO"
2025-01-18,"BRAIDOT JOSE MANUEL","LINEA 04","NO","COLECTIVO","MUNICIPAL","SANTA FE","RECONQUISTA",106,"NO"
2025-01-18,"TRANSPORTE JACOBSEN S.R.L.","LINEA 1 ESQUEL/LA ALDEA","NO","COLECTIVO","PROVINCIAL","CHUBUT","SN",298,"NO"
2025-01-18,"EMPRESA DE TRANSPORTE 12 DE OCTUBRE S R L","LINEA 1","NO","COLECTIVO","MUNICIPAL","BUENOS AIRES","PINAMAR",3184,"NO"
2025-01-18,"VIA 51 VIAJES SA","LINEA 1","NO","COLECTIVO","MUNICIPAL","BUENOS AIRES","TORNQUIST",313,"NO"
2025-01-18,"TRANSPORTE JACOBSEN S.R.L.","LINEA 1","NO","COLECTIVO","MUNICIPAL","CHUBUT","ESQUEL",262,"NO"
2025-01-18,"SI! BUS EMPRESA SARMIENTO S.R.L - INTERCORDOBA S.A – UTE","LINEA 1","NO","COLECTIVO","MUNICIPAL","CORDOBA","VILLA ALLENDE",20,"NO"
2025-01-18,"COOPERATIVA TRABAJO TRANSPORTES CONCORDIA LTDA","LINEA 1","NO","COLECTIVO","MUNICIPAL","ENTRE RÍOS","CONCORDIA",3000,"NO"
2025-01-18,"DELCAUSSE HERMANOS SOCIEDAD DE RESPONSABILIDAD LIMITADA","LINEA 1","NO","COLECTIVO","MUNICIPAL","ENTRE RÍOS","GUALEGUAYCHU",285,"NO"
2025-01-18,"ENTE MUNICIPAL DE SERVICIOS URBANOS","LINEA 1","NO","COLECTIVO","MUNICIPAL","LA PAMPA","SANTA ROSA",203,"NO"
2025-01-18,"PEHUENCHE S A","LINEA 1","NO","COLECTIVO","MUNICIPAL","RÍO NEGRO","CIPOLLETTI",222,"NO"
2025-01-18,"MUNICIPALIDAD DE RAFAELA","LINEA 1","NO","COLECTIVO","MUNICIPAL","SANTA FE","RAFAELA",139,"NO"
2025-01-18,"AUTOTRANSPORTE DECANO S.R.L","LINEA 1","NO","COLECTIVO","MUNICIPAL","SANTIAGO DEL ESTERO","LA BANDA",100,"NO"
2025-01-18,"EL GALGO SRL","LINEA 1","NO","COLECTIVO","MUNICIPAL","TUCUMAN","SAN MIGUEL DE TUCUMAN",265,"NO"
2025-01-18,"TRANSPORTES SAN CAYETANO S.A.C.","LINEA 1","SI","COLECTIVO","NACIONAL","JN","SD",7233,"NO"
2025-01-18,"LEAGAS S.A.","LINEA 10","NO","COLECTIVO","MUNICIPAL","TUCUMAN","SAN MIGUEL DE TUCUMAN",492,"NO"
2025-01-18,"SOCIEDAD DE TRANSPORTE DE MENDOZA SOCIEDAD ANONIMA UNIPERSONAL DE PARTICIPACION ESTATAL","LINEA 100","NO","COLECTIVO","PROVINCIAL","MENDOZA","SN",4624,"NO"
2025-01-18,"D.O.T.A. S.A. DE TRANSPORTE AUTOMOTOR","LINEA 101","SI","COLECTIVO","NACIONAL","JN","SD",22018,"NO"
2025-01-18,"NUDO S.A.","LINEA 107","SI","COLECTIVO","NACIONAL","JN","SD",13879,"NO"
2025-01-18,"TCM BUS S.R.L.","LINEA 11","NO","COLECTIVO","MUNICIPAL","TUCUMAN","SAN MIGUEL DE TUCUMAN",740,"NO"
2025-01-18,"SOCIEDAD DE TRANSPORTE DE MENDOZA SOCIEDAD ANONIMA UNIPERSONAL DE PARTICIPACION ESTATAL","LINEA 110","NO","COLECTIVO","PROVINCIAL","MENDOZA","SN",6558,"NO"
2025-01-18,"MICROOMNIBUS CUARENTA Y CINCO S.A.C.I.F.","LINEA 119","SI","COLECTIVO","NACIONAL","JN","SD",5604,"NO"
2025-01-18,"EMPRESA CERRO POZO S.R.L.","LINEA 12","NO","COLECTIVO","MUNICIPAL","TUCUMAN","SAN MIGUEL DE TUCUMAN",186,"NO"
2025-01-18,"EMPRESA DE SERVICIOS EL JACARANDA S.A.","LINEA 12","NO","COLECTIVO","MUNICIPAL","TUCUMAN","SAN MIGUEL DE TUCUMAN",153,"NO"
2025-01-18,"ILLAGES S.R.L.","LINEA 12","NO","COLECTIVO","MUNICIPAL","TUCUMAN","SAN MIGUEL DE TUCUMAN",105,"NO"
2025-01-18,"TRANSPORTE YERBA BUENA SRL","LINEA 12","NO","COLECTIVO","MUNICIPAL","TUCUMAN","SAN MIGUEL DE TUCUMAN",163,"NO"
2025-01-18,"TRANSPORTES AUTOMOTORES CALLAO S.A.","LINEA 12","SI","COLECTIVO","NACIONAL","JN","SD",27281,"NO"
2025-01-18,"ERSA URBANO SA","LINEA 12","NO","COLECTIVO","PROVINCIAL","ENTRE RÍOS","SN",128,"NO"
2025-01-18,"SOCIEDAD DE TRANSPORTE DE MENDOZA SOCIEDAD ANONIMA UNIPERSONAL DE PARTICIPACION ESTATAL","LINEA 120","NO","COLECTIVO","PROVINCIAL","MENDOZA","SN",4880,"NO"
2025-01-18,"SOCIEDAD DE TRANSPORTE DE MENDOZA SOCIEDAD ANONIMA UNIPERSONAL DE PARTICIPACION ESTATAL","LINEA 121","NO","COLECTIVO","PROVINCIAL","MENDOZA","SN",4470,"NO"
2025-01-18,"SOCIEDAD DE TRANSPORTE DE MENDOZA SOCIEDAD ANONIMA UNIPERSONAL DE PARTICIPACION ESTATAL","LINEA 125","NO","COLECTIVO","PROVINCIAL","MENDOZA","SN",385,"NO"
2025-01-18,"SOCIEDAD DE TRANSPORTE DE MENDOZA SOCIEDAD ANONIMA UNIPERSONAL DE PARTICIPACION ESTATAL","LINEA 126","NO","COLECTIVO","PROVINCIAL","MENDOZA","SN",243,"NO"
2025-01-18,"SOCIEDAD DE TRANSPORTE DE MENDOZA SOCIEDAD ANONIMA UNIPERSONAL DE PARTICIPACION ESTATAL","LINEA 130","NO","COLECTIVO","PROVINCIAL","MENDOZA","SN",1241,"NO"
2025-01-18,"ROSARIO GUARANI SA","LINEA 145","SI","COLECTIVO","NACIONAL","JN","SD",16965,"NO"
2025-01-18,"ERSA URBANO SA","LINEA 15","NO","COLECTIVO","PROVINCIAL","ENTRE RÍOS","SN",64,"NO"
2025-01-18,"EMPRESA RECREO S R L","LINEA 157 SFE","NO","COLECTIVO","PROVINCIAL","SANTA FE","SN",2025,"NO"
2025-01-18,"EMPRESA RECREO S R L","LINEA 158 SFE","NO","COLECTIVO","PROVINCIAL","SANTA FE","SN",207,"NO"
2025-01-18,"EL CONDOR SRL","LINEA 17","NO","COLECTIVO","MUNICIPAL","TUCUMAN","SAN MIGUEL DE TUCUMAN",899,"NO"
2025-01-18,"BSV LOGISTICA S.A.S.","LINEA 18","NO","COLECTIVO","MUNICIPAL","TUCUMAN","SAN MIGUEL DE TUCUMAN",220,"NO"
2025-01-18,"ERSA URBANO SA","LINEA 184","SI","COLECTIVO","NACIONAL","JN","SD",6411,"NO"
2025-01-18,"EMPRESA MAIPU S.R.L","LINEA 1856","NO","COLECTIVO","PROVINCIAL","MENDOZA","SN",130,"NO"
2025-01-18,"B y V TRANSPORTES S.R.L.","LINEA 19","NO","COLECTIVO","MUNICIPAL","TUCUMAN","SAN MIGUEL DE TUCUMAN",739,"NO"
2025-01-18,"AUTOTRANSPORTE CEFERINO S.R.L.","LINEA 1: TRELEW / GAIMAN","NO","COLECTIVO","PROVINCIAL","CHUBUT","SN",2,"NO"
2025-01-18,"LINEA 28 DE JULIO SOCIEDAD COOPERATIVA DE TRABAJO DE TRANSPORTES LIMITADA","LINEA 1: TRELEW / PUERTO MADRYN","NO","COLECTIVO","PROVINCIAL","CHUBUT","SN",465,"NO"
2025-01-18,"DAVALO ELIANA ELISABET","LINEA 2 BIS","NO","COLECTIVO","MUNICIPAL","SANTA FE","RECONQUISTA",40,"NO"
2025-01-18,"TRANSPORTE JACOBSEN S.R.L.","LINEA 2 ESQUEL/TREVELIN","NO","COLECTIVO","PROVINCIAL","CHUBUT","SN",192,"NO"
2025-01-18,"TRANSPORTE JACOBSEN S.R.L.","LINEA 2","NO","COLECTIVO","MUNICIPAL","CHUBUT","ESQUEL",118,"NO"
2025-01-18,"COOPERATIVA DE TRABAJO ""12 DE OCTUBRE"" LTADA","LINEA 2","NO","COLECTIVO","MUNICIPAL","ENTRE RÍOS","CONCORDIA",2191,"NO"
2025-01-18,"ENTE MUNICIPAL DE SERVICIOS URBANOS","LINEA 2","NO","COLECTIVO","MUNICIPAL","LA PAMPA","SANTA ROSA",372,"NO"
2025-01-18,"PEHUENCHE S A","LINEA 2","NO","COLECTIVO","MUNICIPAL","RÍO NEGRO","CIPOLLETTI",458,"NO"
2025-01-18,"MUNICIPALIDAD DE RAFAELA","LINEA 2","NO","COLECTIVO","MUNICIPAL","SANTA FE","RAFAELA",97,"NO"
2025-01-18,"AUTOTRANSPORTE DECANO S.R.L","LINEA 2","NO","COLECTIVO","MUNICIPAL","SANTIAGO DEL ESTERO","LA BANDA",25,"NO"
2025-01-18,"ESPONDA OSVALDO RAMON Y CAMPIÑO CARLOS ANTONIO S.H.","LINEA 2","NO","COLECTIVO","PROVINCIAL","ENTRE RÍOS","SN",663,"NO"
2025-01-18,"ERSA URBANO SA","LINEA 20","NO","COLECTIVO","PROVINCIAL","ENTRE RÍOS","SN",564,"NO"
2025-01-18,"EMPRESA MAIPU S.R.L.","LINEA 200","NO","COLECTIVO","PROVINCIAL","MENDOZA","SN",6396,"NO"
2025-01-18,"EMPRESA MAIPU S.R.L.","LINEA 201","NO","COLECTIVO","PROVINCIAL","MENDOZA","SN",7483,"NO"
2025-01-18,"EMPRESA MAIPU S.R.L.","LINEA 202","NO","COLECTIVO","PROVINCIAL","MENDOZA","SN",351,"NO"
2025-01-18,"EMPRESA MAIPU S.R.L.","LINEA 203","NO","COLECTIVO","PROVINCIAL","MENDOZA","SN",1793,"NO"
2025-01-18,"EMPRESA MAIPU S.R.L.","LINEA 204","NO","COLECTIVO","PROVINCIAL","MENDOZA","SN",2200,"NO"
2025-01-18,"EMPRESA MAIPU S.R.L.","LINEA 205","NO","COLECTIVO","PROVINCIAL","MENDOZA","SN",481,"NO"
2025-01-18,"EMPRESA MAIPU S.R.L.","LINEA 206","NO","COLECTIVO","PROVINCIAL","MENDOZA","SN",141,"NO"
2025-01-18,"EMPRESA MAIPU S.R.L.","LINEA 207","NO","COLECTIVO","PROVINCIAL","MENDOZA","SN",415,"NO"
2025-01-18,"EMPRESA MAIPU S.R.L.","LINEA 208","NO","COLECTIVO","PROVINCIAL","MENDOZA","SN",448,"NO"
2025-01-18,"ERSA URBANO SA","LINEA 22","NO","COLECTIVO","PROVINCIAL","ENTRE RÍOS","SN",1853,"NO"
2025-01-18,"EMPRESA MAIPU S.R.L.","LINEA 221","NO","COLECTIVO","PROVINCIAL","MENDOZA","SN",978,"NO"
2025-01-18,"TRANSPORTES RIO GRANDE S.A.C.I.F.","LINEA 23","SI","COLECTIVO","NACIONAL","JN","SD",3955,"NO"
2025-01-18,"EMPRESA MAIPU S.R.L.","LINEA 230","NO","COLECTIVO","PROVINCIAL","MENDOZA","SN",1130,"NO"
2025-01-18,"EMPRESA MAIPU S.R.L.","LINEA 232","NO","COLECTIVO","PROVINCIAL","MENDOZA","SN",971,"NO"
2025-01-18,"EMPRESA MAIPU S.R.L.","LINEA 233","NO","COLECTIVO","PROVINCIAL","MENDOZA","SN",2677,"NO"
2025-01-18,"EMPRESA MAIPU S.R.L.","LINEA 234","NO","COLECTIVO","PROVINCIAL","MENDOZA","SN",2796,"NO"
2025-01-18,"EMPRESA MAIPU S.R.L.","LINEA 235","NO","COLECTIVO","PROVINCIAL","MENDOZA","SN",835,"NO"
2025-01-18,"EMPRESA MAIPU S.R.L.","LINEA 236","NO","COLECTIVO","PROVINCIAL","MENDOZA","SN",212,"NO"
2025-01-18,"EMPRESA MAIPU S.R.L.","LINEA 240","NO","COLECTIVO","PROVINCIAL","MENDOZA","SN",714,"NO"
2025-01-18,"EMPRESA MAIPU S.R.L.","LINEA 241","NO","COLECTIVO","PROVINCIAL","MENDOZA","SN",379,"NO"
2025-01-18,"EMPRESA MAIPU S.R.L.","LINEA 242","NO","COLECTIVO","PROVINCIAL","MENDOZA","SN",472,"NO"
2025-01-18,"EMPRESA MAIPU S.R.L.","LINEA 250","NO","COLECTIVO","PROVINCIAL","MENDOZA","SN",592,"NO"
2025-01-18,"EMPRESA MAIPU S.R.L.","LINEA 251","NO","COLECTIVO","PROVINCIAL","MENDOZA","SN",699,"NO"
2025-01-18,"EMPRESA MAIPU S.R.L.","LINEA 252","NO","COLECTIVO","PROVINCIAL","MENDOZA","SN",1295,"NO"
2025-01-18,"EMPRESA MAIPU S.R.L.","LINEA 260","NO","COLECTIVO","PROVINCIAL","MENDOZA","SN",1227,"NO"
2025-01-18,"EMPRESA MAIPU S.R.L.","LINEA 261","NO","COLECTIVO","PROVINCIAL","MENDOZA","SN",1061,"NO"
2025-01-18,"EMPRESA MAIPU S.R.L.","LINEA 270","NO","COLECTIVO","PROVINCIAL","MENDOZA","SN",419,"NO"
2025-01-18,"EMPRESA MAIPU S.R.L.","LINEA 271","NO","COLECTIVO","PROVINCIAL","MENDOZA","SN",473,"NO"
2025-01-18,"D.O.T.A. S.A. DE TRANSPORTE AUTOMOTOR","LINEA 28","SI","COLECTIVO","NACIONAL","JN","SD",41145,"NO"
2025-01-18,"LINEA 28 DE JULIO SOCIEDAD COOPERATIVA DE TRABAJO DE TRANSPORTES LIMITADA","LINEA 2: TRELEW / DOLAVON","NO","COLECTIVO","PROVINCIAL","CHUBUT","SN",699,"NO"
2025-01-18,"TRANSPORTE JACOBSEN S.R.L.","LINEA 3","NO","COLECTIVO","MUNICIPAL","CHUBUT","ESQUEL",251,"NO"
2025-01-18,"TURISMO PALMARES S.R.L.","LINEA 3","NO","COLECTIVO","MUNICIPAL","ENTRE RÍOS","CONCORDIA",2535,"NO"
2025-01-18,"ENTE MUNICIPAL DE SERVICIOS URBANOS","LINEA 3","NO","COLECTIVO","MUNICIPAL","LA PAMPA","SANTA ROSA",312,"NO"
2025-01-18,"MUNICIPALIDAD DE RAFAELA","LINEA 3","NO","COLECTIVO","MUNICIPAL","SANTA FE","RAFAELA",136,"NO"
2025-01-18,"AUTOTRANSPORTE DECANO S.R.L","LINEA 3","NO","COLECTIVO","MUNICIPAL","SANTIAGO DEL ESTERO","LA BANDA",22,"NO"
2025-01-18,"TRANSPORTE YERBA BUENA SRL","LINEA 3","NO","COLECTIVO","MUNICIPAL","TUCUMAN","SAN MIGUEL DE TUCUMAN",379,"NO"
2025-01-18,"AUTOTRANSPORTES LOS ANDES S.A. EL CACIQUE S.A. U.T.","LINEA 300","NO","COLECTIVO","PROVINCIAL","MENDOZA","SN",700,"NO"
2025-01-18,"AUTOTRANSPORTES LOS ANDES S.A. EL CACIQUE S.A. U.T.","LINEA 301","NO","COLECTIVO","PROVINCIAL","MENDOZA","SN",754,"NO"
2025-01-18,"EMPRESA DEL OESTE SAT","LINEA 302","SI","COLECTIVO","PROVINCIAL","BUENOS AIRES","SN",8239,"NO"
2025-01-18,"AUTOTRANSPORTES LOS ANDES S.A. EL CACIQUE S.A. U.T.","LINEA 302","NO","COLECTIVO","PROVINCIAL","MENDOZA","SN",753,"NO"
2025-01-18,"AUTOTRANSPORTES LOS ANDES S.A. EL CACIQUE S.A. U.T.","LINEA 303","NO","COLECTIVO","PROVINCIAL","MENDOZA","SN",703,"NO"
2025-01-18,"AUTOTRANSPORTES LOS ANDES S.A. EL CACIQUE S.A. U.T.","LINEA 304","NO","COLECTIVO","PROVINCIAL","MENDOZA","SN",144,"NO"
2025-01-18,"AUTOTRANSPORTES LOS ANDES S.A. EL CACIQUE S.A. U.T.","LINEA 305","NO","COLECTIVO","PROVINCIAL","MENDOZA","SN",2366,"NO"
2025-01-18,"AUTOTRANSPORTES LOS ANDES S.A. EL CACIQUE S.A. U.T.","LINEA 310","NO","COLECTIVO","PROVINCIAL","MENDOZA","SN",5347,"NO"
2025-01-18,"AUTOTRANSPORTES LOS ANDES S.A. EL CACIQUE S.A. U.T.","LINEA 311","NO","COLECTIVO","PROVINCIAL","MENDOZA","SN",1863,"NO"
2025-01-18,"AUTOTRANSPORTES LOS ANDES S.A. EL CACIQUE S.A. U.T.","LINEA 312","NO","COLECTIVO","PROVINCIAL","MENDOZA","SN",21,"NO"
2025-01-18,"AUTOTRANSPORTES LOS ANDES S.A. EL CACIQUE S.A. U.T.","LINEA 313","NO","COLECTIVO","PROVINCIAL","MENDOZA","SN",1426,"NO"
2025-01-18,"AUTOTRANSPORTES LOS ANDES S.A. EL CACIQUE S.A. U.T.","LINEA 315","NO","COLECTIVO","PROVINCIAL","MENDOZA","SN",2360,"NO"
2025-01-18,"AUTOTRANSPORTES LOS ANDES S.A. EL CACIQUE S.A. U.T.","LINEA 316","NO","COLECTIVO","PROVINCIAL","MENDOZA","SN",1616,"NO"
2025-01-18,"TRANSPORTES ALMIRANTE BROWN S.A.","LINEA 33","SI","COLECTIVO","NACIONAL","JN","SD",22179,"NO"
2025-01-18,"AUTOTRANSPORTES LOS ANDES S.A. EL CACIQUE S.A. U.T.","LINEA 330","NO","COLECTIVO","PROVINCIAL","MENDOZA","SN",4663,"NO"
2025-01-18,"AUTOTRANSPORTES LOS ANDES S.A. EL CACIQUE S.A. U.T.","LINEA 331","NO","COLECTIVO","PROVINCIAL","MENDOZA","SN",4411,"NO"
2025-01-18,"AUTOTRANSPORTES LOS ANDES S.A. EL CACIQUE S.A. U.T.","LINEA 350","NO","COLECTIVO","PROVINCIAL","MENDOZA","SN",1645,"NO"
2025-01-18,"AUTOTRANSPORTES LOS ANDES S.A. EL CACIQUE S.A. U.T.","LINEA 352","NO","COLECTIVO","PROVINCIAL","MENDOZA","SN",3095,"NO"
2025-01-18,"AUTOTRANSPORTES LOS ANDES S.A. EL CACIQUE S.A. U.T.","LINEA 353","NO","COLECTIVO","PROVINCIAL","MENDOZA","SN",2139,"NO"
2025-01-18,"AUTOTRANSPORTES LOS ANDES S.A. EL CACIQUE S.A. U.T.","LINEA 354","NO","COLECTIVO","PROVINCIAL","MENDOZA","SN",766,"NO"
2025-01-18,"AUTOTRANSPORTES LOS ANDES S.A. EL CACIQUE S.A. U.T.","LINEA 370","NO","COLECTIVO","PROVINCIAL","MENDOZA","SN",206,"NO"
2025-01-18,"AUTOTRANSPORTES LOS ANDES S.A. EL CACIQUE S.A. U.T.","LINEA 371","NO","COLECTIVO","PROVINCIAL","MENDOZA","SN",1530,"NO"
2025-01-18,"AUTOTRANSPORTES LOS ANDES S.A. EL CACIQUE S.A. U.T.","LINEA 372","NO","COLECTIVO","PROVINCIAL","MENDOZA","SN",361,"NO"
2025-01-18,"AUTOTRANSPORTES LOS ANDES S.A. EL CACIQUE S.A. U.T.","LINEA 373","NO","COLECTIVO","PROVINCIAL","MENDOZA","SN",420,"NO"
2025-01-18,"AUTOTRANSPORTE CEFERINO S.R.L.","LINEA 3: TRELEW / 28 DE JULIO","NO","COLECTIVO","PROVINCIAL","CHUBUT","SN",37,"NO"
2025-01-18,"LINEA 28 DE JULIO SOCIEDAD COOPERATIVA DE TRABAJO DE TRANSPORTES LIMITADA","LINEA 3: TRELEW / GAIMAN","NO","COLECTIVO","PROVINCIAL","CHUBUT","SN",553,"NO"
2025-01-18,"ENTE MUNICIPAL DE SERVICIOS URBANOS","LINEA 4 A","NO","COLECTIVO","MUNICIPAL","LA PAMPA","SANTA ROSA",339,"NO"
2025-01-18,"TURISMO PALMARES S.R.L.","LINEA 4","NO","COLECTIVO","MUNICIPAL","ENTRE RÍOS","CONCORDIA",2726,"NO"
2025-01-18,"DELCAUSSE HERMANOS SOCIEDAD DE RESPONSABILIDAD LIMITADA","LINEA 4","NO","COLECTIVO","MUNICIPAL","ENTRE RÍOS","GUALEGUAYCHU",399,"NO"
2025-01-18,"MUNICIPALIDAD DE RAFAELA","LINEA 4","NO","COLECTIVO","MUNICIPAL","SANTA FE","RAFAELA",138,"NO"
2025-01-18,"MAPO S.R.L.","LINEA 4","NO","COLECTIVO","MUNICIPAL","SANTIAGO DEL ESTERO","LA BANDA",27,"NO"
2025-01-18,"EL CORCEL S.A UTE","LINEA 4","NO","COLECTIVO","MUNICIPAL","TUCUMAN","SAN MIGUEL DE TUCUMAN",525,"NO"
2025-01-18,"TRANSPORTES SOL DE MAYO C.I.S.A.","LINEA 4","SI","COLECTIVO","NACIONAL","JN","SD",8351,"NO"
2025-01-18,"ERSA URBANO SA","LINEA 4","NO","COLECTIVO","PROVINCIAL","ENTRE RÍOS","SN",1093,"NO"
2025-01-18,"AUTOTRANSPORTE PRESIDENTE ALVEAR S.A. Y AUTOTRANSPORTE EL TRAPICHE S.R.L. U.T.","LINEA 400","NO","COLECTIVO","PROVINCIAL","MENDOZA","SN",2935,"NO"
2025-01-18,"AUTOTRANSPORTE PRESIDENTE ALVEAR S.A. Y AUTOTRANSPORTE EL TRAPICHE S.R.L. U.T.","LINEA 401","NO","COLECTIVO","PROVINCIAL","MENDOZA","SN",7230,"NO"
2025-01-18,"AUTOTRANSPORTE PRESIDENTE ALVEAR S.A. Y AUTOTRANSPORTE EL TRAPICHE S.R.L. U.T.","LINEA 402","NO","COLECTIVO","PROVINCIAL","MENDOZA","SN",2240,"NO"
2025-01-18,"TRANSPORTES ATLANTIDA S.A.C.","LINEA 410","SI","COLECTIVO","PROVINCIAL","BUENOS AIRES","SN",9987,"NO"
2025-01-18,"TRANSPORTES COLEGIALES S.A.C.I.","LINEA 42","SI","COLECTIVO","NACIONAL","JN","SD",15671,"NO"
2025-01-18,"AUTOTRANSPORTE PRESIDENTE ALVEAR S.A. Y AUTOTRANSPORTE EL TRAPICHE S.R.L. U.T.","LINEA 420","NO","COLECTIVO","PROVINCIAL","MENDOZA","SN",4869,"NO"
2025-01-18,"AUTOTRANSPORTE PRESIDENTE ALVEAR S.A. Y AUTOTRANSPORTE EL TRAPICHE S.R.L. U.T.","LINEA 421","NO","COLECTIVO","PROVINCIAL","MENDOZA","SN",255,"NO"
2025-01-18,"AUTOTRANSPORTE PRESIDENTE ALVEAR S.A. Y AUTOTRANSPORTE EL TRAPICHE S.R.L. U.T.","LINEA 422","NO","COLECTIVO","PROVINCIAL","MENDOZA","SN",472,"NO"
2025-01-18,"TRANSPORTES ATLANTIDA S.A.C.","LINEA 429","SI","COLECTIVO","PROVINCIAL","BUENOS AIRES","SN",2524,"NO"
2025-01-18,"D.O.T.A. S.A. DE TRANSPORTE AUTOMOTOR","LINEA 44","SI","COLECTIVO","NACIONAL","JN","SD",15261,"NO"
2025-01-18,"AUTOTRANSPORTE PRESIDENTE ALVEAR S.A. Y AUTOTRANSPORTE EL TRAPICHE S.R.L. U.T.","LINEA 440","NO","COLECTIVO","PROVINCIAL","MENDOZA","SN",2097,"NO"
2025-01-18,"AUTOTRANSPORTE PRESIDENTE ALVEAR S.A. Y AUTOTRANSPORTE EL TRAPICHE S.R.L. U.T.","LINEA 441","NO","COLECTIVO","PROVINCIAL","MENDOZA","SN",2923,"NO"
2025-01-18,"AUTOTRANSPORTE PRESIDENTE ALVEAR S.A. Y AUTOTRANSPORTE EL TRAPICHE S.R.L. U.T.","LINEA 442","NO","COLECTIVO","PROVINCIAL","MENDOZA","SN",884,"NO"
2025-01-18,"AUTOTRANSPORTE PRESIDENTE ALVEAR S.A. Y AUTOTRANSPORTE EL TRAPICHE S.R.L. U.T.","LINEA 443","NO","COLECTIVO","PROVINCIAL","MENDOZA","SN",436,"NO"
2025-01-18,"AUTOTRANSPORTE PRESIDENTE ALVEAR S.A. Y AUTOTRANSPORTE EL TRAPICHE S.R.L. U.T.","LINEA 461","NO","COLECTIVO","PROVINCIAL","MENDOZA","SN",6873,"NO"
2025-01-18,"AUTOTRANSPORTE PRESIDENTE ALVEAR S.A. Y AUTOTRANSPORTE EL TRAPICHE S.R.L. U.T.","LINEA 462","NO","COLECTIVO","PROVINCIAL","MENDOZA","SN",477,"NO"
2025-01-18,"AUTOTRANSPORTE PRESIDENTE ALVEAR S.A. Y AUTOTRANSPORTE EL TRAPICHE S.R.L. U.T.","LINEA 463","NO","COLECTIVO","PROVINCIAL","MENDOZA","SN",471,"NO"
2025-01-18,"AUTOTRANSPORTE PRESIDENTE ALVEAR S.A. Y AUTOTRANSPORTE EL TRAPICHE S.R.L. U.T.","LINEA 464","NO","COLECTIVO","PROVINCIAL","MENDOZA","SN",1076,"NO"
2025-01-18,"AUTOTRANSPORTE PRESIDENTE ALVEAR S.A. Y AUTOTRANSPORTE EL TRAPICHE S.R.L. U.T.","LINEA 465","NO","COLECTIVO","PROVINCIAL","MENDOZA","SN",1243,"NO"
2025-01-18,"AUTOTRANSPORTE PRESIDENTE ALVEAR S.A. Y AUTOTRANSPORTE EL TRAPICHE S.R.L. U.T.","LINEA 466","NO","COLECTIVO","PROVINCIAL","MENDOZA","SN",409,"NO"
2025-01-18,"AUTOTRANSPORTE PRESIDENTE ALVEAR S.A. Y AUTOTRANSPORTE EL TRAPICHE S.R.L. U.T.","LINEA 467","NO","COLECTIVO","PROVINCIAL","MENDOZA","SN",327,"NO"
2025-01-18,"LINEA 28 DE JULIO SOCIEDAD COOPERATIVA DE TRABAJO DE TRANSPORTES LIMITADA","LINEA 4: TRELEW / RAWSON","NO","COLECTIVO","PROVINCIAL","CHUBUT","SN",427,"NO"
2025-01-18,"COOPERATIVA DE TRABAJO NUEVO EXPRESO LIMITADA","LINEA 5","NO","COLECTIVO","MUNICIPAL","ENTRE RÍOS","CONCORDIA",2344,"NO"
2025-01-18,"EL VERDE SRL","LINEA 5","NO","COLECTIVO","MUNICIPAL","ENTRE RÍOS","GUALEGUAYCHU",264,"NO"
2025-01-18,"MUNICIPALIDAD DE RAFAELA","LINEA 5","NO","COLECTIVO","MUNICIPAL","SANTA FE","RAFAELA",116,"NO"
2025-01-18,"TRANSPORTE J.M.F S.R.L.","LINEA 5","NO","COLECTIVO","MUNICIPAL","SANTIAGO DEL ESTERO","LA BANDA",68,"NO"
2025-01-18,"TRANSPORTE YERBA BUENA SRL","LINEA 5","NO","COLECTIVO","MUNICIPAL","TUCUMAN","SAN MIGUEL DE TUCUMAN",152,"NO"
2025-01-18,"TRANSPORTES ASOCIADOS S.R.L.","LINEA 5","NO","COLECTIVO","MUNICIPAL","TUCUMAN","SAN MIGUEL DE TUCUMAN",156,"NO"
2025-01-18,"NUDO S.A.","LINEA 50","SI","COLECTIVO","NACIONAL","JN","SD",10506,"NO"
2025-01-18,"BOTACURA S.R.L","LINEA 500","NO","COLECTIVO","MUNICIPAL","BUENOS AIRES","OLAVARRIA",171,"NO"
2025-01-18,"TRANSPORTE 9 DE JULIO S.A","LINEA 500","NO","COLECTIVO","MUNICIPAL","BUENOS AIRES","TANDIL",1440,"NO"
2025-01-18,"EMPRESA 501 SA","LINEA 501 A","SI","COLECTIVO","MUNICIPAL","BUENOS AIRES","ALMIRANTE BROWN",33047,"NO"
2025-01-18,"TRANSPORTES LA UNION S.R.L","LINEA 501","NO","COLECTIVO","MUNICIPAL","BUENOS AIRES","AZUL",66,"NO"
2025-01-18,"BOTACURA S.R.L","LINEA 501","NO","COLECTIVO","MUNICIPAL","BUENOS AIRES","OLAVARRIA",120,"NO"
2025-01-18,"TRANSPORTES CIUDAD DE TANDIL S.A.","LINEA 501","NO","COLECTIVO","MUNICIPAL","BUENOS AIRES","TANDIL",1719,"NO"
2025-01-18,"TRANSPORTES LA UNION S.R.L","LINEA 502","NO","COLECTIVO","MUNICIPAL","BUENOS AIRES","AZUL",293,"NO"
2025-01-18,"COOPERATIVA DE TRABAJO 3 DE JULIO LIMITADA","LINEA 502","SI","COLECTIVO","MUNICIPAL","BUENOS AIRES","CAMPANA",47,"NO"
2025-01-18,"BOTACURA S.R.L","LINEA 502","NO","COLECTIVO","MUNICIPAL","BUENOS AIRES","OLAVARRIA",129,"NO"
2025-01-18,"LA NUEVA MOVEDIZA TRANSPORTE S.A.","LINEA 502","NO","COLECTIVO","MUNICIPAL","BUENOS AIRES","TANDIL",1260,"NO"
2025-01-18,"COOP.DE PROV.DE O.Y S.P.Y C.LAS TONINAS","LINEA 502","NO","COLECTIVO","MUNICIPAL","BUENOS AIRES","URBANO DE LA COSTA",2267,"NO"
2025-01-18,"LINEA SESENTA SA","LINEA 503 B","SI","COLECTIVO","MUNICIPAL","BUENOS AIRES","ESCOBAR",8234,"NO"
2025-01-18,"BOTACURA S.R.L","LINEA 503","NO","COLECTIVO","MUNICIPAL","BUENOS AIRES","OLAVARRIA",241,"NO"
2025-01-18,"TRANSPORTES GENERAL RODRIGUEZ S.A.","LINEA 503","NO","COLECTIVO","MUNICIPAL","BUENOS AIRES","TANDIL",2344,"NO"
2025-01-18,"BOTACURA S.R.L","LINEA 504","NO","COLECTIVO","MUNICIPAL","BUENOS AIRES","OLAVARRIA",167,"NO"
2025-01-18,"TRANSPORTE VILLA AGUIRRE S.A.","LINEA 504","NO","COLECTIVO","MUNICIPAL","BUENOS AIRES","TANDIL",1755,"NO"
2025-01-18,"EMPRESA MUNICIPAL DE TRANSPORTE URBANO DE PASAJEROS SOCIEDAD DEL ESTADO","LINEA 505","NO","COLECTIVO","MUNICIPAL","BUENOS AIRES","CHIVILCOY",124,"NO"
2025-01-18,"BOTACURA S.R.L","LINEA 505","NO","COLECTIVO","MUNICIPAL","BUENOS AIRES","OLAVARRIA",251,"NO"
2025-01-18,"TRANSPORTES GENERAL BELGRANO S.A","LINEA 505","NO","COLECTIVO","MUNICIPAL","BUENOS AIRES","TANDIL",1469,"NO"
2025-01-18,"NUEVO BUS DE OLAVARRIA SRL","LINEA 507 ABC AVENIDA 3 - BOULEVARD","NO","COLECTIVO","MUNICIPAL","BUENOS AIRES","VILLA GESELL",2425,"NO"
2025-01-18,"NUEVO BUS DE OLAVARRIA SRL","LINEA 507 E MAR AZUL","NO","COLECTIVO","MUNICIPAL","BUENOS AIRES","VILLA GESELL",1892,"NO"
2025-01-18,"NUEVO BUS DE OLAVARRIA SRL","LINEA 507 F DIRECTO A MAR AZUL","NO","COLECTIVO","MUNICIPAL","BUENOS AIRES","VILLA GESELL",158,"NO"
2025-01-18,"AUTOTRANSPORTES ISELIN S A","LINEA 511","NO","COLECTIVO","PROVINCIAL","MENDOZA","SN",4220,"NO"
2025-01-18,"AUTOTRANSPORTES ISELIN S A","LINEA 512","NO","COLECTIVO","PROVINCIAL","MENDOZA","SN",280,"NO"
2025-01-18,"AUTOTRANSPORTES ISELIN S A","LINEA 513","NO","COLECTIVO","PROVINCIAL","MENDOZA","SN",1308,"NO"
2025-01-18,"AUTOTRANSPORTES ISELIN S A","LINEA 514","NO","COLECTIVO","PROVINCIAL","MENDOZA","SN",836,"NO"
2025-01-18,"AUTOTRANSPORTES ISELIN S A","LINEA 515","NO","COLECTIVO","PROVINCIAL","MENDOZA","SN",392,"NO"
2025-01-18,"AUTOTRANSPORTES ISELIN S A","LINEA 516","NO","COLECTIVO","PROVINCIAL","MENDOZA","SN",90,"NO"
2025-01-18,"AUTOTRANSPORTES ISELIN S A","LINEA 517","NO","COLECTIVO","PROVINCIAL","MENDOZA","SN",91,"NO"
2025-01-18,"AUTOTRANSPORTES ISELIN S A","LINEA 518","NO","COLECTIVO","PROVINCIAL","MENDOZA","SN",142,"NO"
2025-01-18,"EVHSA SOCIEDAD ANONIMA","LINEA 520A","NO","COLECTIVO","MUNICIPAL","BUENOS AIRES","SAN PEDRO",246,"NO"
2025-01-18,"EVHSA SOCIEDAD ANONIMA","LINEA 520B","NO","COLECTIVO","MUNICIPAL","BUENOS AIRES","SAN PEDRO",147,"NO"
2025-01-18,"MICRO OMNIBUS ESTE S.A","LINEA 521 A","SI","COLECTIVO","MUNICIPAL","BUENOS AIRES","LANUS",4447,"NO"
2025-01-18,"TRANPORTE DE PASAJEROS GENERAL ROCA S.R.L","LINEA 521","NO","COLECTIVO","PROVINCIAL","MENDOZA","SN",1871,"NO"
2025-01-18,"EVHSA SOCIEDAD ANONIMA","LINEA 522","NO","COLECTIVO","MUNICIPAL","BUENOS AIRES","SAN PEDRO",137,"NO"
2025-01-18,"TRANPORTE DE PASAJEROS GENERAL ROCA S.R.L","LINEA 522","NO","COLECTIVO","PROVINCIAL","MENDOZA","SN",3441,"NO"
2025-01-18,"TRANPORTE DE PASAJEROS GENERAL ROCA S.R.L","LINEA 523","NO","COLECTIVO","PROVINCIAL","MENDOZA","SN",3037,"NO"
2025-01-18,"EVHSA SOCIEDAD ANONIMA","LINEA 524","NO","COLECTIVO","MUNICIPAL","BUENOS AIRES","SAN PEDRO",25,"NO"
2025-01-18,"TRANPORTE DE PASAJEROS GENERAL ROCA S.R.L","LINEA 524","NO","COLECTIVO","PROVINCIAL","MENDOZA","SN",167,"NO"
2025-01-18,"TRANPORTE DE PASAJEROS GENERAL ROCA S.R.L","LINEA 525","NO","COLECTIVO","PROVINCIAL","MENDOZA","SN",309,"NO"
2025-01-18,"MICRO OMNIBUS ESTE S.A","LINEA 526","SI","COLECTIVO","MUNICIPAL","BUENOS AIRES","LANUS",9894,"NO"
2025-01-18,"TRANPORTE DE PASAJEROS GENERAL ROCA S.R.L","LINEA 530","NO","COLECTIVO","PROVINCIAL","MENDOZA","SN",2573,"NO"
2025-01-18,"TRANPORTE DE PASAJEROS GENERAL ROCA S.R.L","LINEA 531","NO","COLECTIVO","PROVINCIAL","MENDOZA","SN",293,"NO"
2025-01-18,"TRANPORTE DE PASAJEROS GENERAL ROCA S.R.L","LINEA 532","NO","COLECTIVO","PROVINCIAL","MENDOZA","SN",3162,"NO"
2025-01-18,"TRANPORTE DE PASAJEROS GENERAL ROCA S.R.L","LINEA 533","NO","COLECTIVO","PROVINCIAL","MENDOZA","SN",3236,"NO"
2025-01-18,"TRANPORTE DE PASAJEROS GENERAL ROCA S.R.L","LINEA 534","NO","COLECTIVO","PROVINCIAL","MENDOZA","SN",312,"NO"
2025-01-18,"ANTONIO BUTTINI E HIJOS S R L","LINEA 541","NO","COLECTIVO","PROVINCIAL","MENDOZA","SN",16,"NO"
2025-01-18,"TRANPORTE DE PASAJEROS GENERAL ROCA S.R.L","LINEA 541","NO","COLECTIVO","PROVINCIAL","MENDOZA","SN",1370,"NO"
2025-01-18,"ANTONIO BUTTINI E HIJOS S R L","LINEA 542","NO","COLECTIVO","PROVINCIAL","MENDOZA","SN",480,"NO"
2025-01-18,"ANTONIO BUTTINI E HIJOS S R L","LINEA 543","NO","COLECTIVO","PROVINCIAL","MENDOZA","SN",95,"NO"
2025-01-18,"TRANPORTE DE PASAJEROS GENERAL ROCA S.R.L","LINEA 543","NO","COLECTIVO","PROVINCIAL","MENDOZA","SN",1522,"NO"
2025-01-18,"ANTONIO BUTTINI E HIJOS S R L","LINEA 544","NO","COLECTIVO","PROVINCIAL","MENDOZA","SN",732,"NO"
2025-01-18,"TRANPORTE DE PASAJEROS GENERAL ROCA S.R.L","LINEA 544","NO","COLECTIVO","PROVINCIAL","MENDOZA","SN",4847,"NO"
2025-01-18,"TRANPORTE DE PASAJEROS GENERAL ROCA S.R.L","LINEA 546","NO","COLECTIVO","PROVINCIAL","MENDOZA","SN",1247,"NO"
2025-01-18,"TRANPORTE DE PASAJEROS GENERAL ROCA S.R.L","LINEA 547","NO","COLECTIVO","PROVINCIAL","MENDOZA","SN",427,"NO"
2025-01-18,"ANTONIO BUTTINI E HIJOS S R L","LINEA 548","NO","COLECTIVO","PROVINCIAL","MENDOZA","SN",229,"NO"
2025-01-18,"TRANPORTE DE PASAJEROS GENERAL ROCA S.R.L","LINEA 548","NO","COLECTIVO","PROVINCIAL","MENDOZA","SN",716,"NO"
2025-01-18,"TRANPORTE DE PASAJEROS GENERAL ROCA S.R.L","LINEA 549","NO","COLECTIVO","PROVINCIAL","MENDOZA","SN",627,"NO"
2025-01-18,"TRANPORTE DE PASAJEROS GENERAL ROCA S.R.L","LINEA 550","NO","COLECTIVO","PROVINCIAL","MENDOZA","SN",1152,"NO"
2025-01-18,"TRANPORTE DE PASAJEROS GENERAL ROCA S.R.L","LINEA 551","NO","COLECTIVO","PROVINCIAL","MENDOZA","SN",104,"NO"
2025-01-18,"TRANPORTE DE PASAJEROS GENERAL ROCA S.R.L","LINEA 552","NO","COLECTIVO","PROVINCIAL","MENDOZA","SN",351,"NO"
2025-01-18,"TRANPORTE DE PASAJEROS GENERAL ROCA S.R.L","LINEA 553","NO","COLECTIVO","PROVINCIAL","MENDOZA","SN",293,"NO"
2025-01-18,"TRANPORTE DE PASAJEROS GENERAL ROCA S.R.L","LINEA 554","NO","COLECTIVO","PROVINCIAL","MENDOZA","SN",4022,"NO"
2025-01-18,"TRANPORTE DE PASAJEROS GENERAL ROCA S.R.L","LINEA 555","NO","COLECTIVO","PROVINCIAL","MENDOZA","SN",23,"NO"
2025-01-18,"TRANPORTE DE PASAJEROS GENERAL ROCA S.R.L","LINEA 556","NO","COLECTIVO","PROVINCIAL","MENDOZA","SN",740,"NO"
2025-01-18,"TRANPORTE DE PASAJEROS GENERAL ROCA S.R.L","LINEA 558","NO","COLECTIVO","PROVINCIAL","MENDOZA","SN",466,"NO"
2025-01-18,"TRANPORTE DE PASAJEROS GENERAL ROCA S.R.L","LINEA 559","NO","COLECTIVO","PROVINCIAL","MENDOZA","SN",256,"NO"
2025-01-18,"TRANPORTE DE PASAJEROS GENERAL ROCA S.R.L","LINEA 560","NO","COLECTIVO","PROVINCIAL","MENDOZA","SN",861,"NO"
2025-01-18,"TRANPORTE DE PASAJEROS GENERAL ROCA S.R.L","LINEA 561","NO","COLECTIVO","PROVINCIAL","MENDOZA","SN",376,"NO"
2025-01-18,"TRANPORTE DE PASAJEROS GENERAL ROCA S.R.L","LINEA 563","NO","COLECTIVO","PROVINCIAL","MENDOZA","SN",1537,"NO"
2025-01-18,"TRANPORTE DE PASAJEROS GENERAL ROCA S.R.L","LINEA 564","NO","COLECTIVO","PROVINCIAL","MENDOZA","SN",36,"NO"
2025-01-18,"TRANPORTE DE PASAJEROS GENERAL ROCA S.R.L","LINEA 570","NO","COLECTIVO","PROVINCIAL","MENDOZA","SN",296,"NO"
2025-01-18,"ANTONIO BUTTINI E HIJOS S R L","LINEA 572","NO","COLECTIVO","PROVINCIAL","MENDOZA","SN",21,"NO"
2025-01-18,"ANTONIO BUTTINI E HIJOS S R L","LINEA 573","NO","COLECTIVO","PROVINCIAL","MENDOZA","SN",57,"NO"
2025-01-18,"ANTONIO BUTTINI E HIJOS S R L","LINEA 574","NO","COLECTIVO","PROVINCIAL","MENDOZA","SN",239,"NO"
2025-01-18,"ANTONIO BUTTINI E HIJOS S R L","LINEA 575","NO","COLECTIVO","PROVINCIAL","MENDOZA","SN",807,"NO"
2025-01-18,"TURISMO PALMARES S.R.L.","LINEA 6","NO","COLECTIVO","MUNICIPAL","ENTRE RÍOS","CONCORDIA",567,"NO"
2025-01-18,"ENTE MUNICIPAL DE SERVICIOS URBANOS","LINEA 6","NO","COLECTIVO","MUNICIPAL","LA PAMPA","SANTA ROSA",133,"NO"
2025-01-18,"TRANSPORTE J.M.F S.R.L.","LINEA 6","NO","COLECTIVO","MUNICIPAL","SANTIAGO DEL ESTERO","LA BANDA",860,"NO"
2025-01-18,"EMPRESA CERRO POZO S.R.L.","LINEA 6","NO","COLECTIVO","MUNICIPAL","TUCUMAN","SAN MIGUEL DE TUCUMAN",347,"NO"
2025-01-18,"ILLAGES S.R.L.","LINEA 6","NO","COLECTIVO","MUNICIPAL","TUCUMAN","SAN MIGUEL DE TUCUMAN",214,"NO"
2025-01-18,"PUESTO NUEVO S.R.L.","LINEA 6","NO","COLECTIVO","MUNICIPAL","TUCUMAN","SAN MIGUEL DE TUCUMAN",37,"NO"
2025-01-18,"NUDO S.A.","LINEA 6","SI","COLECTIVO","NACIONAL","JN","SD",5589,"NO"
2025-01-18,"ERSA URBANO SA","LINEA 6","NO","COLECTIVO","PROVINCIAL","ENTRE RÍOS","SN",585,"NO"
2025-01-18,"TRANSPORTES EL PLUMERILLO S A","LINEA 600","NO","COLECTIVO","PROVINCIAL","MENDOZA","SN",6565,"NO"
2025-01-18,"TRANSPORTES EL PLUMERILLO S A","LINEA 601","NO","COLECTIVO","PROVINCIAL","MENDOZA","SN",2826,"NO"
2025-01-18,"TRANSPORTES EL PLUMERILLO S A","LINEA 602","NO","COLECTIVO","PROVINCIAL","MENDOZA","SN",390,"NO"
2025-01-18,"TRANSPORTES EL PLUMERILLO S A","LINEA 604","NO","COLECTIVO","PROVINCIAL","MENDOZA","SN",929,"NO"
2025-01-18,"TRANSPORTES EL PLUMERILLO S A","LINEA 605","NO","COLECTIVO","PROVINCIAL","MENDOZA","SN",3011,"NO"
2025-01-18,"TRANSPORTES EL PLUMERILLO S A","LINEA 607","NO","COLECTIVO","PROVINCIAL","MENDOZA","SN",4044,"NO"
2025-01-18,"TRANSPORTES EL PLUMERILLO S A","LINEA 608","NO","COLECTIVO","PROVINCIAL","MENDOZA","SN",918,"NO"
2025-01-18,"TRANSPORTES EL PLUMERILLO S A","LINEA 610","NO","COLECTIVO","PROVINCIAL","MENDOZA","SN",3996,"NO"
2025-01-18,"TRANSPORTES EL PLUMERILLO S A","LINEA 611","NO","COLECTIVO","PROVINCIAL","MENDOZA","SN",4089,"NO"
2025-01-18,"TRANSPORTES EL PLUMERILLO S A","LINEA 613","NO","COLECTIVO","PROVINCIAL","MENDOZA","SN",526,"NO"
2025-01-18,"TRANSPORTES EL PLUMERILLO S A","LINEA 620","NO","COLECTIVO","PROVINCIAL","MENDOZA","SN",684,"NO"
2025-01-18,"TRANSPORTES EL PLUMERILLO S A","LINEA 625","NO","COLECTIVO","PROVINCIAL","MENDOZA","SN",2076,"NO"
2025-01-18,"LA VECINAL DE MATANZA SACI. DE MICROOMNIBUS","LINEA 630","SI","COLECTIVO","MUNICIPAL","BUENOS AIRES","LA MATANZA",14771,"NO"
2025-01-18,"TRANSPORTES EL PLUMERILLO S A","LINEA 630","NO","COLECTIVO","PROVINCIAL","MENDOZA","SN",5254,"NO"
2025-01-18,"TRANSPORTES EL PLUMERILLO S A","LINEA 640","NO","COLECTIVO","PROVINCIAL","MENDOZA","SN",1237,"NO"
2025-01-18,"TRANSPORTES EL PLUMERILLO S A","LINEA 645","NO","COLECTIVO","PROVINCIAL","MENDOZA","SN",987,"NO"
2025-01-18,"TRANSPORTES EL PLUMERILLO S A","LINEA 650","NO","COLECTIVO","PROVINCIAL","MENDOZA","SN",1437,"NO"
2025-01-18,"TRANSPORTES EL PLUMERILLO S A","LINEA 651","NO","COLECTIVO","PROVINCIAL","MENDOZA","SN",548,"NO"
2025-01-18,"TRANSPORTES EL PLUMERILLO S A","LINEA 653","NO","COLECTIVO","PROVINCIAL","MENDOZA","SN",572,"NO"
2025-01-18,"TRANSPORTES EL PLUMERILLO S A","LINEA 660","NO","COLECTIVO","PROVINCIAL","MENDOZA","SN",347,"NO"
2025-01-18,"TRANSPORTES EL PLUMERILLO S A","LINEA 661","NO","COLECTIVO","PROVINCIAL","MENDOZA","SN",299,"NO"
2025-01-18,"TRANSPORTES EL PLUMERILLO S A","LINEA 665","NO","COLECTIVO","PROVINCIAL","MENDOZA","SN",774,"NO"
2025-01-18,"TRANSPORTES EL PLUMERILLO S A","LINEA 670","NO","COLECTIVO","PROVINCIAL","MENDOZA","SN",2750,"NO"
2025-01-18,"TRANSPORTES EL PLUMERILLO S A","LINEA 675","NO","COLECTIVO","PROVINCIAL","MENDOZA","SN",359,"NO"
2025-01-18,"TRANSPORTES EL PLUMERILLO S A","LINEA 676","NO","COLECTIVO","PROVINCIAL","MENDOZA","SN",89,"NO"
2025-01-18,"TRANSPORTES EL PLUMERILLO S A","LINEA 680","NO","COLECTIVO","PROVINCIAL","MENDOZA","SN",158,"NO"
2025-01-18,"COOPERATIVA DE TRABAJO NUEVO EXPRESO LIMITADA","LINEA 7","NO","COLECTIVO","MUNICIPAL","ENTRE RÍOS","CONCORDIA",4066,"NO"
2025-01-18,"ENTE MUNICIPAL DE SERVICIOS URBANOS","LINEA 7","NO","COLECTIVO","MUNICIPAL","LA PAMPA","SANTA ROSA",774,"NO"
2025-01-18,"EL CEIBO SRL","LINEA 7","NO","COLECTIVO","MUNICIPAL","TUCUMAN","SAN MIGUEL DE TUCUMAN",280,"NO"
2025-01-18,"TRANSP. AUTOMOTORES 12 DE OCTUBRE S.A.C.","LINEA 7","SI","COLECTIVO","NACIONAL","JN","SD",6635,"NO"
2025-01-18,"AUTOTRANSPORTES EL TRAPICHE SRL Y TRANSPORTE GENERAL BARTOLOME MITRE SRL UNION TRANSITORIA","LINEA 700","NO","COLECTIVO","PROVINCIAL","MENDOZA","SN",9160,"NO"
2025-01-18,"AUTOTRANSPORTES EL TRAPICHE SRL Y TRANSPORTE GENERAL BARTOLOME MITRE SRL UNION TRANSITORIA","LINEA 702","NO","COLECTIVO","PROVINCIAL","MENDOZA","SN",182,"NO"
2025-01-18,"AUTOTRANSPORTES EL TRAPICHE SRL Y TRANSPORTE GENERAL BARTOLOME MITRE SRL UNION TRANSITORIA","LINEA 704","NO","COLECTIVO","PROVINCIAL","MENDOZA","SN",2641,"NO"
2025-01-18,"AUTOTRANSPORTES EL TRAPICHE SRL Y TRANSPORTE GENERAL BARTOLOME MITRE SRL UNION TRANSITORIA","LINEA 705","NO","COLECTIVO","PROVINCIAL","MENDOZA","SN",1614,"NO"
2025-01-18,"AUTOTRANSPORTES EL TRAPICHE SRL Y TRANSPORTE GENERAL BARTOLOME MITRE SRL UNION TRANSITORIA","LINEA 707","NO","COLECTIVO","PROVINCIAL","MENDOZA","SN",899,"NO"
2025-01-18,"AUTOTRANSPORTES EL TRAPICHE SRL Y TRANSPORTE GENERAL BARTOLOME MITRE SRL UNION TRANSITORIA","LINEA 708","NO","COLECTIVO","PROVINCIAL","MENDOZA","SN",858,"NO"
2025-01-18,"AUTOTRANSPORTES EL TRAPICHE SRL Y TRANSPORTE GENERAL BARTOLOME MITRE SRL UNION TRANSITORIA","LINEA 709","NO","COLECTIVO","PROVINCIAL","MENDOZA","SN",64,"NO"
2025-01-18,"AUTOTRANSPORTES EL TRAPICHE SRL Y TRANSPORTE GENERAL BARTOLOME MITRE SRL UNION TRANSITORIA","LINEA 710","NO","COLECTIVO","PROVINCIAL","MENDOZA","SN",1177,"NO"
2025-01-18,"AUTOTRANSPORTES EL TRAPICHE SRL Y TRANSPORTE GENERAL BARTOLOME MITRE SRL UNION TRANSITORIA","LINEA 711","NO","COLECTIVO","PROVINCIAL","MENDOZA","SN",1370,"NO"
2025-01-18,"AUTOTRANSPORTES EL TRAPICHE SRL Y TRANSPORTE GENERAL BARTOLOME MITRE SRL UNION TRANSITORIA","LINEA 714","NO","COLECTIVO","PROVINCIAL","MENDOZA","SN",360,"NO"
2025-01-18,"EMPRESA DE TRANSPORTE PERALTA RAMOS SACI","LINEA 717","NO","COLECTIVO","MUNICIPAL","BUENOS AIRES","GENERAL PUEYRREDON",4915,"NO"
2025-01-18,"AUTOTRANSPORTES EL TRAPICHE SRL Y TRANSPORTE GENERAL BARTOLOME MITRE SRL UNION TRANSITORIA","LINEA 720","NO","COLECTIVO","PROVINCIAL","MENDOZA","SN",5046,"NO"
2025-01-18,"AUTOTRANSPORTES EL TRAPICHE SRL Y TRANSPORTE GENERAL BARTOLOME MITRE SRL UNION TRANSITORIA","LINEA 721","NO","COLECTIVO","PROVINCIAL","MENDOZA","SN",660,"NO"
2025-01-18,"UTENOR SA L 722","LINEA 722","SI","COLECTIVO","MUNICIPAL","BUENOS AIRES","TIGRE",3564,"NO"
2025-01-18,"AUTOTRANSPORTES EL TRAPICHE SRL Y TRANSPORTE GENERAL BARTOLOME MITRE SRL UNION TRANSITORIA","LINEA 722","NO","COLECTIVO","PROVINCIAL","MENDOZA","SN",1995,"NO"
2025-01-18,"AUTOTRANSPORTES EL TRAPICHE SRL Y TRANSPORTE GENERAL BARTOLOME MITRE SRL UNION TRANSITORIA","LINEA 723","NO","COLECTIVO","PROVINCIAL","MENDOZA","SN",772,"NO"
2025-01-18,"AUTOTRANSPORTES EL TRAPICHE SRL Y TRANSPORTE GENERAL BARTOLOME MITRE SRL UNION TRANSITORIA","LINEA 724","NO","COLECTIVO","PROVINCIAL","MENDOZA","SN",122,"NO"
2025-01-18,"AUTOTRANSPORTES EL TRAPICHE SRL Y TRANSPORTE GENERAL BARTOLOME MITRE SRL UNION TRANSITORIA","LINEA 729","NO","COLECTIVO","PROVINCIAL","MENDOZA","SN",159,"NO"
2025-01-18,"AUTOTRANSPORTES EL TRAPICHE SRL Y TRANSPORTE GENERAL BARTOLOME MITRE SRL UNION TRANSITORIA","LINEA 730","NO","COLECTIVO","PROVINCIAL","MENDOZA","SN",352,"NO"
2025-01-18,"AUTOTRANSPORTES EL TRAPICHE SRL Y TRANSPORTE GENERAL BARTOLOME MITRE SRL UNION TRANSITORIA","LINEA 731","NO","COLECTIVO","PROVINCIAL","MENDOZA","SN",564,"NO"
2025-01-18,"AUTOTRANSPORTES EL TRAPICHE SRL Y TRANSPORTE GENERAL BARTOLOME MITRE SRL UNION TRANSITORIA","LINEA 732","NO","COLECTIVO","PROVINCIAL","MENDOZA","SN",3775,"NO"
2025-01-18,"AUTOTRANSPORTES EL TRAPICHE SRL Y TRANSPORTE GENERAL BARTOLOME MITRE SRL UNION TRANSITORIA","LINEA 733","NO","COLECTIVO","PROVINCIAL","MENDOZA","SN",2001,"NO"
2025-01-18,"AUTOTRANSPORTES EL TRAPICHE SRL Y TRANSPORTE GENERAL BARTOLOME MITRE SRL UNION TRANSITORIA","LINEA 734","NO","COLECTIVO","PROVINCIAL","MENDOZA","SN",502,"NO"
2025-01-18,"AUTOTRANSPORTES EL TRAPICHE SRL Y TRANSPORTE GENERAL BARTOLOME MITRE SRL UNION TRANSITORIA","LINEA 740","NO","COLECTIVO","PROVINCIAL","MENDOZA","SN",390,"NO"
2025-01-18,"AUTOTRANSPORTES EL TRAPICHE SRL Y TRANSPORTE GENERAL BARTOLOME MITRE SRL UNION TRANSITORIA","LINEA 749","NO","COLECTIVO","PROVINCIAL","MENDOZA","SN",14,"NO"
2025-01-18,"AUTOTRANSPORTES EL TRAPICHE SRL Y TRANSPORTE GENERAL BARTOLOME MITRE SRL UNION TRANSITORIA","LINEA 750","NO","COLECTIVO","PROVINCIAL","MENDOZA","SN",968,"NO"
2025-01-18,"AUTOTRANSPORTES EL TRAPICHE SRL Y TRANSPORTE GENERAL BARTOLOME MITRE SRL UNION TRANSITORIA","LINEA 751","NO","COLECTIVO","PROVINCIAL","MENDOZA","SN",195,"NO"
2025-01-18,"AUTOTRANSPORTES EL TRAPICHE SRL Y TRANSPORTE GENERAL BARTOLOME MITRE SRL UNION TRANSITORIA","LINEA 752","NO","COLECTIVO","PROVINCIAL","MENDOZA","SN",303,"NO"
2025-01-18,"AUTOTRANSPORTES EL TRAPICHE SRL Y TRANSPORTE GENERAL BARTOLOME MITRE SRL UNION TRANSITORIA","LINEA 753","NO","COLECTIVO","PROVINCIAL","MENDOZA","SN",176,"NO"
2025-01-18,"AUTOTRANSPORTES EL TRAPICHE SRL Y TRANSPORTE GENERAL BARTOLOME MITRE SRL UNION TRANSITORIA","LINEA 754","NO","COLECTIVO","PROVINCIAL","MENDOZA","SN",443,"NO"
2025-01-18,"TRANSPORTES LOPE DE VEGA S.A.C.I.","LINEA 76","SI","COLECTIVO","NACIONAL","JN","SD",17225,"NO"
2025-01-18,"AUTOTRANSPORTES EL TRAPICHE SRL Y TRANSPORTE GENERAL BARTOLOME MITRE SRL UNION TRANSITORIA","LINEA 760","NO","COLECTIVO","PROVINCIAL","MENDOZA","SN",1822,"NO"
2025-01-18,"AUTOTRANSPORTES EL TRAPICHE SRL Y TRANSPORTE GENERAL BARTOLOME MITRE SRL UNION TRANSITORIA","LINEA 761","NO","COLECTIVO","PROVINCIAL","MENDOZA","SN",2814,"NO"
2025-01-18,"AUTOTRANSPORTES EL TRAPICHE SRL Y TRANSPORTE GENERAL BARTOLOME MITRE SRL UNION TRANSITORIA","LINEA 762","NO","COLECTIVO","PROVINCIAL","MENDOZA","SN",162,"NO"
2025-01-18,"AUTOTRANSPORTES EL TRAPICHE SRL Y TRANSPORTE GENERAL BARTOLOME MITRE SRL UNION TRANSITORIA","LINEA 763","NO","COLECTIVO","PROVINCIAL","MENDOZA","SN",676,"NO"
2025-01-18,"AUTOTRANSPORTES EL TRAPICHE SRL Y TRANSPORTE GENERAL BARTOLOME MITRE SRL UNION TRANSITORIA","LINEA 764","NO","COLECTIVO","PROVINCIAL","MENDOZA","SN",1194,"NO"
2025-01-18,"AUTOTRANSPORTES EL TRAPICHE SRL Y TRANSPORTE GENERAL BARTOLOME MITRE SRL UNION TRANSITORIA","LINEA 765","NO","COLECTIVO","PROVINCIAL","MENDOZA","SN",415,"NO"
2025-01-18,"AUTOTRANSPORTES EL TRAPICHE SRL Y TRANSPORTE GENERAL BARTOLOME MITRE SRL UNION TRANSITORIA","LINEA 766","NO","COLECTIVO","PROVINCIAL","MENDOZA","SN",127,"NO"
2025-01-18,"AUTOTRANSPORTES EL TRAPICHE SRL Y TRANSPORTE GENERAL BARTOLOME MITRE SRL UNION TRANSITORIA","LINEA 767","NO","COLECTIVO","PROVINCIAL","MENDOZA","SN",57,"NO"
2025-01-18,"AUTOTRANSPORTES EL TRAPICHE SRL Y TRANSPORTE GENERAL BARTOLOME MITRE SRL UNION TRANSITORIA","LINEA 770","NO","COLECTIVO","PROVINCIAL","MENDOZA","SN",603,"NO"
2025-01-18,"AUTOTRANSPORTES EL TRAPICHE SRL Y TRANSPORTE GENERAL BARTOLOME MITRE SRL UNION TRANSITORIA","LINEA 771","NO","COLECTIVO","PROVINCIAL","MENDOZA","SN",976,"NO"
2025-01-18,"AUTOTRANSPORTES EL TRAPICHE SRL Y TRANSPORTE GENERAL BARTOLOME MITRE SRL UNION TRANSITORIA","LINEA 772","NO","COLECTIVO","PROVINCIAL","MENDOZA","SN",850,"NO"
2025-01-18,"AUTOTRANSPORTES EL TRAPICHE SRL Y TRANSPORTE GENERAL BARTOLOME MITRE SRL UNION TRANSITORIA","LINEA 773","NO","COLECTIVO","PROVINCIAL","MENDOZA","SN",210,"NO"
2025-01-18,"AUTOTRANSPORTES EL TRAPICHE SRL Y TRANSPORTE GENERAL BARTOLOME MITRE SRL UNION TRANSITORIA","LINEA 774","NO","COLECTIVO","PROVINCIAL","MENDOZA","SN",47,"NO"
2025-01-18,"AUTOTRANSPORTES EL TRAPICHE SRL Y TRANSPORTE GENERAL BARTOLOME MITRE SRL UNION TRANSITORIA","LINEA 775","NO","COLECTIVO","PROVINCIAL","MENDOZA","SN",146,"NO"
2025-01-18,"AUTOTRANSPORTES EL TRAPICHE SRL Y TRANSPORTE GENERAL BARTOLOME MITRE SRL UNION TRANSITORIA","LINEA 779","NO","COLECTIVO","PROVINCIAL","MENDOZA","SN",391,"NO"
2025-01-18,"AUTOTRANSPORTES EL TRAPICHE SRL Y TRANSPORTE GENERAL BARTOLOME MITRE SRL UNION TRANSITORIA","LINEA 780","NO","COLECTIVO","PROVINCIAL","MENDOZA","SN",73,"NO"
2025-01-18,"AUTOTRANSPORTES EL TRAPICHE SRL Y TRANSPORTE GENERAL BARTOLOME MITRE SRL UNION TRANSITORIA","LINEA 781","NO","COLECTIVO","PROVINCIAL","MENDOZA","SN",97,"NO"
2025-01-18,"AUTOTRANSPORTES EL TRAPICHE SRL Y TRANSPORTE GENERAL BARTOLOME MITRE SRL UNION TRANSITORIA","LINEA 782","NO","COLECTIVO","PROVINCIAL","MENDOZA","SN",56,"NO"
2025-01-18,"AUTOTRANSPORTES EL TRAPICHE SRL Y TRANSPORTE GENERAL BARTOLOME MITRE SRL UNION TRANSITORIA","LINEA 783","NO","COLECTIVO","PROVINCIAL","MENDOZA","SN",40,"NO"
2025-01-18,"COOPERATIVA DE TRABAJO NUEVO EXPRESO LIMITADA","LINEA 8","NO","COLECTIVO","MUNICIPAL","ENTRE RÍOS","CONCORDIA",446,"NO"
2025-01-18,"ENTE MUNICIPAL DE SERVICIOS URBANOS","LINEA 8","NO","COLECTIVO","MUNICIPAL","LA PAMPA","SANTA ROSA",141,"NO"
2025-01-18,"EL RAYO BUS S.R.L.","LINEA 8","NO","COLECTIVO","MUNICIPAL","TUCUMAN","SAN MIGUEL DE TUCUMAN",308,"NO"
2025-01-18,"TRANSPORTES RIO GRANDE S.A.C.I.F.","LINEA 8","SI","COLECTIVO","NACIONAL","JN","SD",31256,"NO"
2025-01-18,"EMPRESA MAIPU S.R.L","LINEA 801","NO","COLECTIVO","PROVINCIAL","MENDOZA","SN",76,"NO"
2025-01-18,"EMPRESA MAIPU S.R.L","LINEA 802","NO","COLECTIVO","PROVINCIAL","MENDOZA","SN",60,"NO"
2025-01-18,"EMPRESA MAIPU S.R.L","LINEA 803","NO","COLECTIVO","PROVINCIAL","MENDOZA","SN",82,"NO"
2025-01-18,"EMPRESA MAIPU S.R.L","LINEA 804","NO","COLECTIVO","PROVINCIAL","MENDOZA","SN",653,"NO"
2025-01-18,"EMPRESA MAIPU S.R.L","LINEA 810","NO","COLECTIVO","PROVINCIAL","MENDOZA","SN",2390,"NO"
2025-01-18,"EMPRESA MAIPU S.R.L","LINEA 811","NO","COLECTIVO","PROVINCIAL","MENDOZA","SN",2522,"NO"
2025-01-18,"EMPRESA MAIPU S.R.L","LINEA 812","NO","COLECTIVO","PROVINCIAL","MENDOZA","SN",2493,"NO"
2025-01-18,"EMPRESA MAIPU S.R.L","LINEA 813","NO","COLECTIVO","PROVINCIAL","MENDOZA","SN",2518,"NO"
2025-01-18,"EMPRESA MAIPU S.R.L","LINEA 815","NO","COLECTIVO","PROVINCIAL","MENDOZA","SN",326,"NO"
2025-01-18,"EMPRESA MAIPU S.R.L","LINEA 817","NO","COLECTIVO","PROVINCIAL","MENDOZA","SN",344,"NO"
2025-01-18,"EMPRESA MAIPU S.R.L","LINEA 818","NO","COLECTIVO","PROVINCIAL","MENDOZA","SN",145,"NO"
2025-01-18,"EMPRESA MAIPU S.R.L","LINEA 820","NO","COLECTIVO","PROVINCIAL","MENDOZA","SN",6256,"NO"
2025-01-18,"EMPRESA MAIPU S.R.L","LINEA 821","NO","COLECTIVO","PROVINCIAL","MENDOZA","SN",235,"NO"
2025-01-18,"EMPRESA MAIPU S.R.L","LINEA 823","NO","COLECTIVO","PROVINCIAL","MENDOZA","SN",316,"NO"
2025-01-18,"EMPRESA MAIPU S.R.L","LINEA 824","NO","COLECTIVO","PROVINCIAL","MENDOZA","SN",6737,"NO"
2025-01-18,"EMPRESA MAIPU S.R.L","LINEA 830","NO","COLECTIVO","PROVINCIAL","MENDOZA","SN",2262,"NO"
2025-01-18,"EMPRESA MAIPU S.R.L","LINEA 840","NO","COLECTIVO","PROVINCIAL","MENDOZA","SN",2048,"NO"
2025-01-18,"EMPRESA MAIPU S.R.L","LINEA 850","NO","COLECTIVO","PROVINCIAL","MENDOZA","SN",395,"NO"
2025-01-18,"EMPRESA MAIPU S.R.L","LINEA 852","NO","COLECTIVO","PROVINCIAL","MENDOZA","SN",124,"NO"
2025-01-18,"EMPRESA MAIPU S.R.L","LINEA 854","NO","COLECTIVO","PROVINCIAL","MENDOZA","SN",347,"NO"
2025-01-18,"EMPRESA MAIPU S.R.L","LINEA 855","NO","COLECTIVO","PROVINCIAL","MENDOZA","SN",331,"NO"
2025-01-18,"EMPRESA MAIPU S.R.L","LINEA 857","NO","COLECTIVO","PROVINCIAL","MENDOZA","SN",705,"NO"
2025-01-18,"EMPRESA MAIPU S.R.L","LINEA 860","NO","COLECTIVO","PROVINCIAL","MENDOZA","SN",402,"NO"
2025-01-18,"EMPRESA MAIPU S.R.L","LINEA 861","NO","COLECTIVO","PROVINCIAL","MENDOZA","SN",510,"NO"
2025-01-18,"EMPRESA MAIPU S.R.L","LINEA 863","NO","COLECTIVO","PROVINCIAL","MENDOZA","SN",56,"NO"
2025-01-18,"EMPRESA MAIPU S.R.L","LINEA 864","NO","COLECTIVO","PROVINCIAL","MENDOZA","SN",261,"NO"
2025-01-18,"EMPRESA MAIPU S.R.L","LINEA 865","NO","COLECTIVO","PROVINCIAL","MENDOZA","SN",867,"NO"
2025-01-18,"EMPRESA MAIPU S.R.L","LINEA 866","NO","COLECTIVO","PROVINCIAL","MENDOZA","SN",936,"NO"
2025-01-18,"EMPRESA MAIPU S.R.L","LINEA 867","NO","COLECTIVO","PROVINCIAL","MENDOZA","SN",62,"NO"
2025-01-18,"EMPRESA MAIPU S.R.L","LINEA 869","NO","COLECTIVO","PROVINCIAL","MENDOZA","SN",15,"NO"
2025-01-18,"EMPRESA MAIPU S.R.L","LINEA 870","NO","COLECTIVO","PROVINCIAL","MENDOZA","SN",313,"NO"
2025-01-18,"EMPRESA MAIPU S.R.L","LINEA 871","NO","COLECTIVO","PROVINCIAL","MENDOZA","SN",329,"NO"
2025-01-18,"EMPRESA MAIPU S.R.L","LINEA 872","NO","COLECTIVO","PROVINCIAL","MENDOZA","SN",384,"NO"
2025-01-18,"EMPRESA MAIPU S.R.L","LINEA 880","NO","COLECTIVO","PROVINCIAL","MENDOZA","SN",310,"NO"
2025-01-18,"EMPRESA MAIPU S.R.L","LINEA 881","NO","COLECTIVO","PROVINCIAL","MENDOZA","SN",310,"NO"
2025-01-18,"EMPRESA MAIPU S.R.L","LINEA 896","NO","COLECTIVO","PROVINCIAL","MENDOZA","SN",123,"NO"
2025-01-18,"COOPERATIVA DE TRABAJO ""12 DE OCTUBRE"" LTADA","LINEA 9","NO","COLECTIVO","MUNICIPAL","ENTRE RÍOS","CONCORDIA",469,"NO"
2025-01-18,"COOPERATIVA DE TRABAJO NUEVO EXPRESO LIMITADA","LINEA 9","NO","COLECTIVO","MUNICIPAL","ENTRE RÍOS","CONCORDIA",344,"NO"
2025-01-18,"TURISMO PALMARES S.R.L.","LINEA 9","NO","COLECTIVO","MUNICIPAL","ENTRE RÍOS","CONCORDIA",393,"NO"
2025-01-18,"GENERAL BELGRANO SRL","LINEA 9","NO","COLECTIVO","MUNICIPAL","TUCUMAN","SAN MIGUEL DE TUCUMAN",336,"NO"
2025-01-18,"EL CACIQUE SA","LINEA 900","NO","COLECTIVO","PROVINCIAL","MENDOZA","SN",3348,"NO"
2025-01-18,"ERSA URBANO SA","LINEA 904","NO","COLECTIVO","NACIONAL","JN","SD",3229,"NO"
2025-01-18,"EL CACIQUE SA","LINEA 905","NO","COLECTIVO","PROVINCIAL","MENDOZA","SN",2071,"NO"
2025-01-18,"EMPRESA CEFERINO SOCIEDAD ANONIMA","LINEA 908","NO","COLECTIVO","NACIONAL","JN","SD",663,"NO"
2025-01-18,"EL CACIQUE SA","LINEA 910","NO","COLECTIVO","PROVINCIAL","MENDOZA","SN",2334,"NO"
2025-01-18,"PEHUENCHE S A","LINEA 911 RIO NEGRO","NO","COLECTIVO","NACIONAL","JN","SD",3817,"NO"
2025-01-18,"EL CACIQUE SA","LINEA 911","NO","COLECTIVO","PROVINCIAL","MENDOZA","SN",2035,"NO"
2025-01-18,"EMPRESA RIO URUGUAY SRL","LINEA 912","NO","COLECTIVO","NACIONAL","JN","SD",32,"NO"
2025-01-18,"EL CACIQUE SA","LINEA 912","NO","COLECTIVO","PROVINCIAL","MENDOZA","SN",1689,"NO"
2025-01-18,"EMPRESA DE TRANSPORTE DE PASAJEROS KO KO SRL","LINEA 914","NO","COLECTIVO","NACIONAL","JN","SD",9291,"NO"
2025-01-18,"EL CACIQUE SA","LINEA 914","NO","COLECTIVO","PROVINCIAL","MENDOZA","SN",1382,"NO"
2025-01-18,"EL CACIQUE SA","LINEA 915","NO","COLECTIVO","PROVINCIAL","MENDOZA","SN",1437,"NO"
2025-01-18,"EL CACIQUE SA","LINEA 920","NO","COLECTIVO","PROVINCIAL","MENDOZA","SN",985,"NO"
2025-01-18,"EL CACIQUE SA","LINEA 921","NO","COLECTIVO","PROVINCIAL","MENDOZA","SN",512,"NO"
2025-01-18,"EL CACIQUE SA","LINEA 925","NO","COLECTIVO","PROVINCIAL","MENDOZA","SN",2049,"NO"
2025-01-18,"EL CACIQUE SA","LINEA 927","NO","COLECTIVO","PROVINCIAL","MENDOZA","SN",772,"NO"
2025-01-18,"EL CACIQUE SA","LINEA 928","NO","COLECTIVO","PROVINCIAL","MENDOZA","SN",680,"NO"
2025-01-18,"EL CACIQUE SA","LINEA 930","NO","COLECTIVO","PROVINCIAL","MENDOZA","SN",326,"NO"
2025-01-18,"EL CACIQUE SA","LINEA 931","NO","COLECTIVO","PROVINCIAL","MENDOZA","SN",579,"NO"
2025-01-18,"EL CACIQUE SA","LINEA 932","NO","COLECTIVO","PROVINCIAL","MENDOZA","SN",764,"NO"
2025-01-18,"EL CACIQUE SA","LINEA 940","NO","COLECTIVO","PROVINCIAL","MENDOZA","SN",1423,"NO"
2025-01-18,"EL CACIQUE SA","LINEA 941","NO","COLECTIVO","PROVINCIAL","MENDOZA","SN",1522,"NO"
2025-01-18,"EL CACIQUE SA","LINEA 942","NO","COLECTIVO","PROVINCIAL","MENDOZA","SN",1982,"NO"
2025-01-18,"EL CACIQUE SA","LINEA 943","NO","COLECTIVO","PROVINCIAL","MENDOZA","SN",2218,"NO"
2025-01-18,"EL CACIQUE SA","LINEA 945","NO","COLECTIVO","PROVINCIAL","MENDOZA","SN",1438,"NO"
2025-01-18,"EL CACIQUE SA","LINEA 946","NO","COLECTIVO","PROVINCIAL","MENDOZA","SN",1726,"NO"
2025-01-18,"EL CACIQUE SA","LINEA 947","NO","COLECTIVO","PROVINCIAL","MENDOZA","SN",476,"NO"
2025-01-18,"EL CACIQUE SA","LINEA 950","NO","COLECTIVO","PROVINCIAL","MENDOZA","SN",1362,"NO"
2025-01-18,"EL CACIQUE SA","LINEA 951","NO","COLECTIVO","PROVINCIAL","MENDOZA","SN",1330,"NO"
2025-01-18,"EL CACIQUE SA","LINEA 955","NO","COLECTIVO","PROVINCIAL","MENDOZA","SN",107,"NO"
2025-01-18,"EL CACIQUE SA","LINEA 970","NO","COLECTIVO","PROVINCIAL","MENDOZA","SN",429,"NO"
2025-01-18,"MAR Y VALLE S.R.L.","LINEA A PUERTO MADRYN","NO","COLECTIVO","PROVINCIAL","CHUBUT","SN",474,"NO"
2025-01-18,"MUNICIPALIDAD DE LA CIUDAD DE FORMOSA","LINEA A","NO","COLECTIVO","MUNICIPAL","FORMOSA","FORMOSA",834,"NO"
2025-01-18,"TRANSPORTE CITYBUS TIERRA DEL FUEGO S.R.L","LINEA A","NO","COLECTIVO","MUNICIPAL","SANTA CRUZ","RIO GALLEGOS",279,"NO"
2025-01-18,"ANGUS CATERING S.R.L","LINEA A","NO","COLECTIVO","MUNICIPAL","TIERRA DEL FUEGO","RIO GRANDE",1800,"NO"
2025-01-18,"TRANSPORTE CITYBUS TIERRA DEL FUEGO S.R.L","LINEA B","NO","COLECTIVO","MUNICIPAL","SANTA CRUZ","RIO GALLEGOS",704,"NO"
2025-01-18,"ANGUS CATERING S.R.L","LINEA B","NO","COLECTIVO","MUNICIPAL","TIERRA DEL FUEGO","RIO GRANDE",1144,"NO"
2025-01-18,"MUNICIPALIDAD DE LA CIUDAD DE FORMOSA","LINEA C","NO","COLECTIVO","MUNICIPAL","FORMOSA","FORMOSA",691,"NO"
2025-01-18,"TRANSPORTE CITYBUS TIERRA DEL FUEGO S.R.L","LINEA C","NO","COLECTIVO","MUNICIPAL","SANTA CRUZ","RIO GALLEGOS",514,"NO"
2025-01-18,"ANGUS CATERING S.R.L","LINEA C","NO","COLECTIVO","MUNICIPAL","TIERRA DEL FUEGO","RIO GRANDE",1605,"NO"
2025-01-18,"MUNICIPALIDAD DE LA CIUDAD DE FORMOSA","LINEA D","NO","COLECTIVO","MUNICIPAL","FORMOSA","FORMOSA",1017,"NO"
2025-01-18,"ANGUS CATERING S.R.L","LINEA D","NO","COLECTIVO","MUNICIPAL","TIERRA DEL FUEGO","RIO GRANDE",390,"NO"
2025-01-18,"MUNICIPALIDAD DE LA CIUDAD DE FORMOSA","LINEA E","NO","COLECTIVO","MUNICIPAL","FORMOSA","FORMOSA",361,"NO"
2025-01-18,"TRANSPORTE CITYBUS TIERRA DEL FUEGO S.R.L","LINEA E","NO","COLECTIVO","MUNICIPAL","SANTA CRUZ","RIO GALLEGOS",1306,"NO"
2025-01-18,"ANGUS CATERING S.R.L","LINEA E","NO","COLECTIVO","MUNICIPAL","TIERRA DEL FUEGO","RIO GRANDE",115,"NO"
2025-01-18,"MUNICIPALIDAD DE LA CIUDAD DE FORMOSA","LINEA F","NO","COLECTIVO","MUNICIPAL","FORMOSA","FORMOSA",936,"NO"
2025-01-18,"MUNICIPALIDAD DE LA CIUDAD DE FORMOSA","LINEA G","NO","COLECTIVO","MUNICIPAL","FORMOSA","FORMOSA",2084,"NO"
2025-01-18,"MUNICIPALIDAD DE LA CIUDAD DE FORMOSA","LINEA H","NO","COLECTIVO","MUNICIPAL","FORMOSA","FORMOSA",495,"NO"
2025-01-18,"TRANSPORTES 8 DE OCTUBRE S.A.","LINEA INICIAL","NO","COLECTIVO","MUNICIPAL","BUENOS AIRES","JUNIN",1138,"NO"
2025-01-18,"MUNICIPALIDAD DE LA CIUDAD DE FORMOSA","LINEA K","NO","COLECTIVO","MUNICIPAL","FORMOSA","FORMOSA",1073,"NO"
2025-01-18,"MUNICIPALIDAD DE LA CIUDAD DE FORMOSA","LINEA L","NO","COLECTIVO","MUNICIPAL","FORMOSA","FORMOSA",711,"NO"
2025-01-18,"EMPRESA NUEVE DE JULIO S.A.T.","LINEA OESTE","SI","COLECTIVO","MUNICIPAL","BUENOS AIRES","LA PLATA",25697,"NO"
2025-01-18,"TRANSP. COMARCAL S.R.L.","LINEA PARALELO 42 / CHOLILA","NO","COLECTIVO","PROVINCIAL","CHUBUT","SN",1,"NO"
2025-01-18,"TRANSP. COMARCAL S.R.L.","LINEA PARALELO 42 / EL HOYO","NO","COLECTIVO","PROVINCIAL","CHUBUT","SN",25,"NO"
2025-01-18,"TRANSP. COMARCAL S.R.L.","LINEA PARALELO 42 / EPUYEN","NO","COLECTIVO","PROVINCIAL","CHUBUT","SN",34,"NO"
2025-01-18,"EXPRESSO RADA TILLY S.R.L.","LINEA RADA TILLY / COMODORO RIVADAV","NO","COLECTIVO","PROVINCIAL","CHUBUT","SN",1277,"NO"
2025-01-18,"ZARATE TRANSPORTE S.A.P.E.M.","LINEA RZ-1","SI","COLECTIVO","MUNICIPAL","BUENOS AIRES","ZARATE",79,"NO"
2025-01-18,"ZARATE TRANSPORTE S.A.P.E.M.","LINEA RZ-10","SI","COLECTIVO","MUNICIPAL","BUENOS AIRES","ZARATE",734,"NO"
2025-01-18,"ZARATE TRANSPORTE S.A.P.E.M.","LINEA RZ-11","SI","COLECTIVO","MUNICIPAL","BUENOS AIRES","ZARATE",712,"NO"
2025-01-18,"ZARATE TRANSPORTE S.A.P.E.M.","LINEA RZ-2","SI","COLECTIVO","MUNICIPAL","BUENOS AIRES","ZARATE",1436,"NO"
2025-01-18,"ZARATE TRANSPORTE S.A.P.E.M.","LINEA RZ-3","SI","COLECTIVO","MUNICIPAL","BUENOS AIRES","ZARATE",1988,"NO"
2025-01-18,"ZARATE TRANSPORTE S.A.P.E.M.","LINEA RZ-8","SI","COLECTIVO","MUNICIPAL","BUENOS AIRES","ZARATE",766,"NO"
2025-01-18,"COOP.DE ELEC.SERV.Y OB.PUB.SAN BERNARDO","LINEA SAN BERNARDO","NO","COLECTIVO","MUNICIPAL","BUENOS AIRES","URBANO DE LA COSTA",1819,"NO"
2025-01-18,"EMOVA MOVILIDAD S.A. (ex MTV)","LINEA SUBTE C","SI","SUBTE",,,,31884,"NO"
2025-01-18,"EMOVA MOVILIDAD S.A. (ex MTV)","LINEA SUBTE D","SI","SUBTE",,,,32081,"NO"
2025-01-18,"EMOVA MOVILIDAD S.A. (ex MTV)","LINEA SUBTE E","SI","SUBTE",,,,15771,"NO"
2025-01-18,"EMOVA MOVILIDAD S.A. (ex MTV)","LINEA SUBTE H","SI","SUBTE",,,,20060,"NO"
2025-01-18,"TRANSPORTE EL 22 SRL","LINEA_001","NO","COLECTIVO","MUNICIPAL","CHUBUT","TRELEW",1757,"NO"
2025-01-18,"PATAGONIA ARGENTINA S.R.L.","LINEA_001_CHT","NO","COLECTIVO","MUNICIPAL","CHUBUT","COMODORO RIVADAVIA",4017,"NO"
2025-01-18,"TRANSPORTE SAN JORGE S.A.","LINEA_001_JUJ","NO","COLECTIVO","MUNICIPAL","JUJUY","SAN SALVADOR DE JUJUY",5567,"NO"
2025-01-18,"EXPRESO COLONIA SA","LINEA_001_NQN","NO","COLECTIVO","MUNICIPAL","NEUQUÉN","SAN MARTIN DE LOS ANDES",3516,"NO"
2025-01-18,"LA NUEVA PERLA SRL","LINEA_001_PERG","NO","COLECTIVO","MUNICIPAL","BUENOS AIRES","PERGAMINO",378,"NO"
2025-01-18,"COOPERATIVA REGIONAL DE ELECTRICIDAD DE OBRAS Y OTROS SERVICIOS DE GRAL PICO (CORPICO LTDA)","LINEA_001_PMP","NO","COLECTIVO","MUNICIPAL","LA PAMPA","GENERAL PICO",273,"NO"
2025-01-18,"ERSA URBANO SA","LINEA_001_PRN","NO","COLECTIVO","MUNICIPAL","ENTRE RÍOS","PARANA",1771,"NO"
2025-01-18,"ERSA URBANO SA","LINEA_001_SFE","NO","COLECTIVO","MUNICIPAL","SANTA FE","SANTA FE",2318,"NO"
2025-01-18,"EMPRESA VERCELLI HNOS S A C I F A E I","LINEA_001_SN","NO","COLECTIVO","MUNICIPAL","BUENOS AIRES","SAN NICOLAS DE LOS ARROYOS",626,"NO"
2025-01-18,"MUNICIPALIDAD DE VENADO TUERTO","LINEA_001_VTSFE","NO","COLECTIVO","MUNICIPAL","SANTA FE","VENADO TUERTO",126,"NO"
2025-01-18,"TRANSPORTE EL 22 SRL","LINEA_002","NO","COLECTIVO","MUNICIPAL","CHUBUT","TRELEW",2399,"NO"
2025-01-18,"ERSA URBANO S.A UNION TRANSITORIA","LINEA_002","NO","COLECTIVO","PROVINCIAL","CHACO","SN",883,"NO"
2025-01-18,"PATAGONIA ARGENTINA S.R.L.","LINEA_002_CHT","NO","COLECTIVO","MUNICIPAL","CHUBUT","COMODORO RIVADAVIA",2143,"NO"
2025-01-18,"EXPRESO COLONIA SA","LINEA_002_NQN","NO","COLECTIVO","MUNICIPAL","NEUQUÉN","SAN MARTIN DE LOS ANDES",394,"NO"
2025-01-18,"LA NUEVA PERLA SRL","LINEA_002_PERG","NO","COLECTIVO","MUNICIPAL","BUENOS AIRES","PERGAMINO",85,"NO"
2025-01-18,"COOPERATIVA REGIONAL DE ELECTRICIDAD DE OBRAS Y OTROS SERVICIOS DE GRAL PICO (CORPICO LTDA)","LINEA_002_PMP","NO","COLECTIVO","MUNICIPAL","LA PAMPA","GENERAL PICO",274,"NO"
2025-01-18,"TRANSPORTE MARIANO MORENO SRL","LINEA_002_PRN","NO","COLECTIVO","MUNICIPAL","ENTRE RÍOS","PARANA",310,"NO"
2025-01-18,"ERSA URBANO SA","LINEA_002_SFE","NO","COLECTIVO","MUNICIPAL","SANTA FE","SANTA FE",1315,"NO"
2025-01-18,"EMPRESA MAYO SRL","LINEA_002_SJUAN","NO","COLECTIVO","PROVINCIAL","SAN JUAN","SN",2766,"NO"
2025-01-18,"EMPRESA VERCELLI HNOS S A C I F A E I","LINEA_002_SN","NO","COLECTIVO","MUNICIPAL","BUENOS AIRES","SAN NICOLAS DE LOS ARROYOS",894,"NO"
2025-01-18,"MUNICIPALIDAD DE VENADO TUERTO","LINEA_002_VTSFE","NO","COLECTIVO","MUNICIPAL","SANTA FE","VENADO TUERTO",98,"NO"
2025-01-18,"TIRO FEDERAL RESISTENCIA SRL- LA CORDIAL SRL- MICROBUS SRL. U.T.E","LINEA_003","NO","COLECTIVO","PROVINCIAL","CHACO","SN",1175,"NO"
2025-01-18,"PATAGONIA ARGENTINA S.R.L.","LINEA_003_CHT","NO","COLECTIVO","MUNICIPAL","CHUBUT","COMODORO RIVADAVIA",4380,"NO"
2025-01-18,"TRANSPORTE EL 22 SRL","LINEA_003_CHT","NO","COLECTIVO","MUNICIPAL","CHUBUT","TRELEW",1319,"NO"
2025-01-18,"TRANSPORTE SAN JORGE S.A.","LINEA_003_JUJ","NO","COLECTIVO","MUNICIPAL","JUJUY","SAN SALVADOR DE JUJUY",889,"NO"
2025-01-18,"EXPRESO COLONIA SA","LINEA_003_NQN","NO","COLECTIVO","MUNICIPAL","NEUQUÉN","SAN MARTIN DE LOS ANDES",355,"NO"
2025-01-18,"ERSA URBANO SA","LINEA_003_PRN","NO","COLECTIVO","MUNICIPAL","ENTRE RÍOS","PARANA",140,"NO"
2025-01-18,"ERSA URBANO SA","LINEA_003_SFE","NO","COLECTIVO","MUNICIPAL","SANTA FE","SANTA FE",1898,"NO"
2025-01-18,"TRANSPORTE DE PASAJEROS EL TRIUNFO SA","LINEA_003_SJUAN","NO","COLECTIVO","PROVINCIAL","SAN JUAN","SN",2280,"NO"
2025-01-18,"EMPRESA VERCELLI HNOS S A C I F A E I","LINEA_003_SN","NO","COLECTIVO","MUNICIPAL","BUENOS AIRES","SAN NICOLAS DE LOS ARROYOS",418,"NO"
2025-01-18,"MUNICIPALIDAD DE VENADO TUERTO","LINEA_003_VTSFE","NO","COLECTIVO","MUNICIPAL","SANTA FE","VENADO TUERTO",154,"NO"
2025-01-18,"PATAGONIA ARGENTINA S.R.L.","LINEA_004_CHT","NO","COLECTIVO","MUNICIPAL","CHUBUT","COMODORO RIVADAVIA",3046,"NO"
2025-01-18,"TRANSPORTE EL 22 SRL","LINEA_004_CHT","NO","COLECTIVO","MUNICIPAL","CHUBUT","TRELEW",1036,"NO"
2025-01-18,"COOPERATIVA DE TRABAJO UNION BUS LIMITADA","LINEA_004_JUJ","NO","COLECTIVO","MUNICIPAL","JUJUY","SAN SALVADOR DE JUJUY",2328,"NO"
2025-01-18,"EXPRESO COLONIA SA","LINEA_004_NQN","NO","COLECTIVO","MUNICIPAL","NEUQUÉN","SAN MARTIN DE LOS ANDES",454,"NO"
2025-01-18,"AUTOBUSES SANTA FE S.R.L","LINEA_004_SFE","NO","COLECTIVO","MUNICIPAL","SANTA FE","SANTA FE",1360,"NO"
2025-01-18,"EMPRESA DE TRANSPORTES ALBARDON SRL","LINEA_004_SJUAN","NO","COLECTIVO","PROVINCIAL","SAN JUAN","SN",4957,"NO"
2025-01-18,"EMPRESA VERCELLI HNOS S A C I F A E I","LINEA_004_SN","NO","COLECTIVO","MUNICIPAL","BUENOS AIRES","SAN NICOLAS DE LOS ARROYOS",1309,"NO"
2025-01-18,"MUNICIPALIDAD DE VENADO TUERTO","LINEA_004_VTSFE","NO","COLECTIVO","MUNICIPAL","SANTA FE","VENADO TUERTO",167,"NO"
2025-01-18,"TRANSPORTE EL 22 SRL","LINEA_005","NO","COLECTIVO","MUNICIPAL","CHUBUT","TRELEW",1111,"NO"
2025-01-18,"SAN FERNANDO URBANOS SRL","LINEA_005","NO","COLECTIVO","PROVINCIAL","CHACO","SN",2899,"NO"
2025-01-18,"PATAGONIA ARGENTINA S.R.L.","LINEA_005_CHT","NO","COLECTIVO","MUNICIPAL","CHUBUT","COMODORO RIVADAVIA",2136,"NO"
2025-01-18,"TRANSPORTES AUTOMOTORES COLON SRL","LINEA_005_JU","NO","COLECTIVO","MUNICIPAL","JUJUY","SAN SALVADOR DE JUJUY",1029,"NO"
2025-01-18,"EXPRESO COLONIA SA","LINEA_005_NQN","NO","COLECTIVO","MUNICIPAL","NEUQUÉN","SAN MARTIN DE LOS ANDES",428,"NO"
2025-01-18,"ERSA URBANO SA","LINEA_005_PRN","NO","COLECTIVO","MUNICIPAL","ENTRE RÍOS","PARANA",1344,"NO"
2025-01-18,"EMPRESA RECREO S R L","LINEA_005_SFE","NO","COLECTIVO","MUNICIPAL","SANTA FE","SANTA FE",5021,"NO"
2025-01-18,"EMPRESA VERCELLI HNOS S A C I F A E I","LINEA_005_SN","NO","COLECTIVO","MUNICIPAL","BUENOS AIRES","SAN NICOLAS DE LOS ARROYOS",1160,"NO"
2025-01-18,"EXPRESO COLONIA SA","LINEA_006_NQN","NO","COLECTIVO","MUNICIPAL","NEUQUÉN","SAN MARTIN DE LOS ANDES",48,"NO"
2025-01-18,"EMPRESA VERCELLI HNOS S A C I F A E I","LINEA_006_SN","NO","COLECTIVO","MUNICIPAL","BUENOS AIRES","SAN NICOLAS DE LOS ARROYOS",177,"NO"
2025-01-18,"PATAGONIA ARGENTINA S.R.L.","LINEA_007_CHT","NO","COLECTIVO","MUNICIPAL","CHUBUT","COMODORO RIVADAVIA",1277,"NO"
2025-01-18,"TRANSPORTE SAN JORGE S.A.","LINEA_007_JUJ","NO","COLECTIVO","MUNICIPAL","JUJUY","SAN SALVADOR DE JUJUY",505,"NO"
2025-01-18,"TRANSPORTE MARIANO MORENO SRL","LINEA_007_PRN","NO","COLECTIVO","MUNICIPAL","ENTRE RÍOS","PARANA",626,"NO"
2025-01-18,"EMPRESA VERCELLI HNOS S A C I F A E I","LINEA_007_SN","NO","COLECTIVO","MUNICIPAL","BUENOS AIRES","SAN NICOLAS DE LOS ARROYOS",190,"NO"
2025-01-18,"TIRO FEDERAL RESISTENCIA SRL- LA CORDIAL SRL- MICROBUS SRL. U.T.E","LINEA_008","NO","COLECTIVO","PROVINCIAL","CHACO","SN",2780,"NO"
2025-01-18,"PATAGONIA ARGENTINA S.R.L.","LINEA_008_CHT","NO","COLECTIVO","MUNICIPAL","CHUBUT","COMODORO RIVADAVIA",5343,"NO"
2025-01-18,"EXPRESO COLONIA SA","LINEA_008_NQN","NO","COLECTIVO","MUNICIPAL","NEUQUÉN","SAN MARTIN DE LOS ANDES",91,"NO"
2025-01-18,"TRANSPORTE MARIANO MORENO SRL","LINEA_008_PRN","NO","COLECTIVO","MUNICIPAL","ENTRE RÍOS","PARANA",601,"NO"
2025-01-18,"AUTOBUSES SANTA FE S.R.L","LINEA_008_SFE","NO","COLECTIVO","MUNICIPAL","SANTA FE","SANTA FE",2558,"NO"
2025-01-18,"EMPRESA VERCELLI HNOS S A C I F A E I","LINEA_008_SN","NO","COLECTIVO","MUNICIPAL","BUENOS AIRES","SAN NICOLAS DE LOS ARROYOS",1586,"NO"
2025-01-18,"ERSA URBANO S.A UNION TRANSITORIA","LINEA_009","NO","COLECTIVO","PROVINCIAL","CHACO","SN",2204,"NO"
2025-01-18,"PATAGONIA ARGENTINA S.R.L.","LINEA_009_CHT","NO","COLECTIVO","MUNICIPAL","CHUBUT","COMODORO RIVADAVIA",594,"NO"
2025-01-18,"EL URBANO SRL","LINEA_009_JUJ","NO","COLECTIVO","MUNICIPAL","JUJUY","SAN SALVADOR DE JUJUY",5277,"NO"
2025-01-18,"EXPRESO COLONIA SA","LINEA_009_NQN","NO","COLECTIVO","MUNICIPAL","NEUQUÉN","SAN MARTIN DE LOS ANDES",341,"NO"
2025-01-18,"TRANSPORTE MARIANO MORENO SRL","LINEA_009_PRN","NO","COLECTIVO","MUNICIPAL","ENTRE RÍOS","PARANA",522,"NO"
2025-01-18,"ERSA URBANO SA","LINEA_009_SFE","NO","COLECTIVO","MUNICIPAL","SANTA FE","SANTA FE",2101,"NO"
2025-01-18,"EMPRESA VERCELLI HNOS S A C I F A E I","LINEA_009_SN","NO","COLECTIVO","MUNICIPAL","BUENOS AIRES","SAN NICOLAS DE LOS ARROYOS",1167,"NO"
2025-01-18,"EMPRESA DE TRANSPORTE AMANCAY SRL","LINEA_010_BRC","NO","COLECTIVO","MUNICIPAL","RÍO NEGRO","SAN CARLOS DE BARILOCHE",1489,"NO"
2025-01-18,"DIADEMA S.A.","LINEA_010_CHT","NO","COLECTIVO","MUNICIPAL","CHUBUT","COMODORO RIVADAVIA",441,"NO"
2025-01-18,"SANTA ANA SRL","LINEA_010_JUJ","NO","COLECTIVO","MUNICIPAL","JUJUY","SAN SALVADOR DE JUJUY",4976,"NO"
2025-01-18,"EMPR.TRANSP AUTOMOTOR DE PASAJEROS GRAL SAVIO SRL","LINEA_010_PAL_PROV","NO","COLECTIVO","PROVINCIAL","JUJUY","SN",4065,"NO"
2025-01-18,"ERSA URBANO SA","LINEA_010_PRN","NO","COLECTIVO","MUNICIPAL","ENTRE RÍOS","PARANA",180,"NO"
2025-01-18,"EMPRESA RECREO S R L","LINEA_010_SFE","NO","COLECTIVO","MUNICIPAL","SANTA FE","SANTA FE",2058,"NO"
2025-01-18,"EMPRESA MAYO SRL","LINEA_010_SJUAN","NO","COLECTIVO","PROVINCIAL","SAN JUAN","SN",862,"NO"
2025-01-18,"EMPRESA VERCELLI HNOS S A C I F A E I","LINEA_010_SN","NO","COLECTIVO","MUNICIPAL","BUENOS AIRES","SAN NICOLAS DE LOS ARROYOS",2387,"NO"
2025-01-18,"DIADEMA S.A.","LINEA_011_CHT","NO","COLECTIVO","MUNICIPAL","CHUBUT","COMODORO RIVADAVIA",321,"NO"
2025-01-18,"ERSA URBANO SA","LINEA_011_PRN","NO","COLECTIVO","MUNICIPAL","ENTRE RÍOS","PARANA",267,"NO"
2025-01-18,"EMPRESA RECREO S R L","LINEA_011_SFE","NO","COLECTIVO","MUNICIPAL","SANTA FE","SANTA FE",2766,"NO"
2025-01-18,"SANTA ANA SRL","LINEA_011A_JUJ","NO","COLECTIVO","MUNICIPAL","JUJUY","SAN SALVADOR DE JUJUY",1458,"NO"
2025-01-18,"SANTA ANA SRL","LINEA_011B_JUJ","NO","COLECTIVO","MUNICIPAL","JUJUY","SAN SALVADOR DE JUJUY",915,"NO"
2025-01-18,"TIRO FEDERAL RESISTENCIA SRL- LA CORDIAL SRL- MICROBUS SRL. U.T.E","LINEA_012","NO","COLECTIVO","PROVINCIAL","CHACO","SN",1501,"NO"
2025-01-18,"PATAGONIA ARGENTINA S.R.L.","LINEA_012_CHT","NO","COLECTIVO","MUNICIPAL","CHUBUT","COMODORO RIVADAVIA",2309,"NO"
2025-01-18,"SANTA ANA SRL","LINEA_012_JUJ","NO","COLECTIVO","MUNICIPAL","JUJUY","SAN SALVADOR DE JUJUY",2482,"NO"
2025-01-18,"EMPRESA DE TRANSPORTE AMANCAY SRL","LINEA_013_BRC","NO","COLECTIVO","MUNICIPAL","RÍO NEGRO","SAN CARLOS DE BARILOCHE",101,"NO"
2025-01-18,"PATAGONIA ARGENTINA S.R.L.","LINEA_013_CHT","NO","COLECTIVO","MUNICIPAL","CHUBUT","COMODORO RIVADAVIA",1897,"NO"
2025-01-18,"EL URBANO SRL","LINEA_013_JUJ","NO","COLECTIVO","MUNICIPAL","JUJUY","SAN SALVADOR DE JUJUY",314,"NO"
2025-01-18,"EMPRESA RECREO S R L","LINEA_013_SFE","NO","COLECTIVO","MUNICIPAL","SANTA FE","SANTA FE",2266,"NO"
2025-01-18,"EL URBANO SRL","LINEA_014_JUJ","NO","COLECTIVO","MUNICIPAL","JUJUY","SAN SALVADOR DE JUJUY",6428,"NO"
2025-01-18,"TRANSPORTE MARIANO MORENO SRL","LINEA_014_PRN","NO","COLECTIVO","MUNICIPAL","ENTRE RÍOS","PARANA",185,"NO"
2025-01-18,"AUTOBUSES SANTA FE S.R.L","LINEA_014_SFE","NO","COLECTIVO","MUNICIPAL","SANTA FE","SANTA FE",1105,"NO"
2025-01-18,"SANTA ANA SRL","LINEA_015_JUJ","NO","COLECTIVO","MUNICIPAL","JUJUY","SAN SALVADOR DE JUJUY",3212,"NO"
2025-01-18,"ERSA URBANO SA","LINEA_015_SFE","NO","COLECTIVO","MUNICIPAL","SANTA FE","SANTA FE",2639,"NO"
2025-01-18,"SANTA ANA SRL","LINEA_016_JUJ","NO","COLECTIVO","MUNICIPAL","JUJUY","SAN SALVADOR DE JUJUY",928,"NO"
2025-01-18,"TRANSPORTE MARIANO MORENO SRL","LINEA_016_PRN","NO","COLECTIVO","MUNICIPAL","ENTRE RÍOS","PARANA",301,"NO"
2025-01-18,"EMPRESA RECREO S R L","LINEA_016_SFE","NO","COLECTIVO","MUNICIPAL","SANTA FE","SANTA FE",1756,"NO"
2025-01-18,"SANTA ANA SRL","LINEA_017_JUJ","NO","COLECTIVO","MUNICIPAL","JUJUY","SAN SALVADOR DE JUJUY",1299,"NO"
2025-01-18,"COOPERATIVA DE TRABAJO UNION BUS LIMITADA","LINEA_018_JUJ","NO","COLECTIVO","MUNICIPAL","JUJUY","SAN SALVADOR DE JUJUY",1549,"NO"
2025-01-18,"EMPRESA RECREO S R L","LINEA_018_SFE","NO","COLECTIVO","MUNICIPAL","SANTA FE","SANTA FE",3426,"NO"
2025-01-18,"SANTA ANA SRL","LINEA_019_JUJ","NO","COLECTIVO","MUNICIPAL","JUJUY","SAN SALVADOR DE JUJUY",1164,"NO"
2025-01-18,"EMPRESA DE TRANSPORTE AMANCAY SRL","LINEA_020_BRC","NO","COLECTIVO","MUNICIPAL","RÍO NEGRO","SAN CARLOS DE BARILOCHE",7093,"NO"
2025-01-18,"SANTA ANA SRL","LINEA_020_JUJ","NO","COLECTIVO","MUNICIPAL","JUJUY","SAN SALVADOR DE JUJUY",3339,"NO"
2025-01-18,"EMPRESA MAYO SRL","LINEA_020_SJUAN","NO","COLECTIVO","PROVINCIAL","SAN JUAN","SN",542,"NO"
2025-01-18,"EMPRESA DE TRANSPORTE AMANCAY SRL","LINEA_021_BRC","NO","COLECTIVO","MUNICIPAL","RÍO NEGRO","SAN CARLOS DE BARILOCHE",1384,"NO"
2025-01-18,"TRANSPORTES AUTOMOTORES COLON SRL","LINEA_021_JUJ","NO","COLECTIVO","MUNICIPAL","JUJUY","SAN SALVADOR DE JUJUY",880,"NO"
2025-01-18,"EL URBANO SRL","LINEA_022_JUJ","NO","COLECTIVO","MUNICIPAL","JUJUY","SAN SALVADOR DE JUJUY",794,"NO"
2025-01-18,"TRANSPORTE SAN JORGE S.A.","LINEA_023_JUJ","NO","COLECTIVO","MUNICIPAL","JUJUY","SAN SALVADOR DE JUJUY",337,"NO"
2025-01-18,"ERSA URBANO SA","LINEA_023_PRN","NO","COLECTIVO","MUNICIPAL","ENTRE RÍOS","PARANA",96,"NO"
2025-01-18,"SANTA ANA SRL","LINEA_024_JUJ","NO","COLECTIVO","MUNICIPAL","JUJUY","SAN SALVADOR DE JUJUY",587,"NO"
2025-01-18,"TRANSPORTES AUTOMOTORES COLON SRL","LINEA_025_JU","NO","COLECTIVO","MUNICIPAL","JUJUY","SAN SALVADOR DE JUJUY",127,"NO"
2025-01-18,"TRANSPORTES AUTOMOTORES COLON SRL","LINEA_026_JU","NO","COLECTIVO","MUNICIPAL","JUJUY","SAN SALVADOR DE JUJUY",413,"NO"
2025-01-18,"TRANSPORTES AUTOMOTORES COLON SRL","LINEA_027_JU","NO","COLECTIVO","MUNICIPAL","JUJUY","SAN SALVADOR DE JUJUY",1699,"NO"
2025-01-18,"SANTA ANA SRL","LINEA_029_JUJ","NO","COLECTIVO","MUNICIPAL","JUJUY","SAN SALVADOR DE JUJUY",170,"NO"
2025-01-18,"SANTA ANA SRL","LINEA_02_JUJ","NO","COLECTIVO","MUNICIPAL","JUJUY","SAN SALVADOR DE JUJUY",2294,"NO"
2025-01-18,"SANTA ANA SRL","LINEA_030_JUJ","NO","COLECTIVO","MUNICIPAL","JUJUY","SAN SALVADOR DE JUJUY",4206,"NO"
2025-01-18,"TRANSPORTE DE PASAJEROS ALTO DE SIERRA S.R.L.","LINEA_030_SJUAN","NO","COLECTIVO","PROVINCIAL","SAN JUAN","SN",163,"NO"
2025-01-18,"EMPRESA DE TRANSPORTE AMANCAY SRL","LINEA_031_BRC","NO","COLECTIVO","MUNICIPAL","RÍO NEGRO","SAN CARLOS DE BARILOCHE",175,"NO"
2025-01-18,"TRANSPORTES AUTOMOTORES COLON SRL","LINEA_032_JU","NO","COLECTIVO","MUNICIPAL","JUJUY","SAN SALVADOR DE JUJUY",1497,"NO"
2025-01-18,"COOPERATIVA DE TRABAJO UNION BUS LIMITADA","LINEA_033_JUJ","NO","COLECTIVO","MUNICIPAL","JUJUY","SAN SALVADOR DE JUJUY",1394,"NO"
2025-01-18,"TRANSPORTES AUTOMOTORES COLON SRL","LINEA_034_JU","NO","COLECTIVO","MUNICIPAL","JUJUY","SAN SALVADOR DE JUJUY",770,"NO"
2025-01-18,"SANTA ANA SRL","LINEA_035_JUJ","NO","COLECTIVO","MUNICIPAL","JUJUY","SAN SALVADOR DE JUJUY",1897,"NO"
2025-01-18,"SANTA ANA SRL","LINEA_036_JUJ","NO","COLECTIVO","MUNICIPAL","JUJUY","SAN SALVADOR DE JUJUY",1342,"NO"
2025-01-18,"TRANSPORTES AUTOMOTORES COLON SRL","LINEA_037_JU","NO","COLECTIVO","MUNICIPAL","JUJUY","SAN SALVADOR DE JUJUY",513,"NO"
2025-01-18,"SANTA ANA SRL","LINEA_038_JUJ","NO","COLECTIVO","MUNICIPAL","JUJUY","SAN SALVADOR DE JUJUY",1509,"NO"
2025-01-18,"SANTA ANA SRL","LINEA_039_JUJ","NO","COLECTIVO","MUNICIPAL","JUJUY","SAN SALVADOR DE JUJUY",1521,"NO"
2025-01-18,"EMPRESA DE TRANSPORTE AMANCAY SRL","LINEA_040_BRC","NO","COLECTIVO","MUNICIPAL","RÍO NEGRO","SAN CARLOS DE BARILOCHE",1074,"NO"
2025-01-18,"TRANSPORTES AUTOMOTORES COLON SRL","LINEA_040_JU","NO","COLECTIVO","MUNICIPAL","JUJUY","SAN SALVADOR DE JUJUY",586,"NO"
2025-01-18,"EMPRESA DE TRANSPORTES ALBARDON SRL","LINEA_040_SJUAN","NO","COLECTIVO","PROVINCIAL","SAN JUAN","SN",550,"NO"
2025-01-18,"TRANSPORTE SAN JORGE S.A.","LINEA_041_JUJ","NO","COLECTIVO","MUNICIPAL","JUJUY","SAN SALVADOR DE JUJUY",252,"NO"
2025-01-18,"EL URBANO SRL","LINEA_042_JUJ","NO","COLECTIVO","MUNICIPAL","JUJUY","SAN SALVADOR DE JUJUY",1428,"NO"
2025-01-18,"EL URBANO SRL","LINEA_043_JUJ","NO","COLECTIVO","MUNICIPAL","JUJUY","SAN SALVADOR DE JUJUY",370,"NO"
2025-01-18,"TRANSPORTE SAN JORGE S.A.","LINEA_045_JUJ","NO","COLECTIVO","MUNICIPAL","JUJUY","SAN SALVADOR DE JUJUY",347,"NO"
2025-01-18,"COOPERATIVA DE TRABAJO UNION BUS LIMITADA","LINEA_046_JUJ","NO","COLECTIVO","MUNICIPAL","JUJUY","SAN SALVADOR DE JUJUY",725,"NO"
2025-01-18,"EL URBANO SRL","LINEA_047_JUJ","NO","COLECTIVO","MUNICIPAL","JUJUY","SAN SALVADOR DE JUJUY",5085,"NO"
2025-01-18,"EL URBANO SRL","LINEA_048I_JUJ","NO","COLECTIVO","MUNICIPAL","JUJUY","SAN SALVADOR DE JUJUY",4169,"NO"
2025-01-18,"SANTA ANA SRL","LINEA_049_JUJ","NO","COLECTIVO","MUNICIPAL","JUJUY","SAN SALVADOR DE JUJUY",3988,"NO"
2025-01-18,"EMPR.TRANSP AUTOMOTOR DE PASAJEROS GRAL SAVIO SRL","LINEA_049_PAL_PROV","NO","COLECTIVO","PROVINCIAL","JUJUY","SN",2118,"NO"
2025-01-18,"EMPR.TRANSP AUTOMOTOR DE PASAJEROS GRAL SAVIO SRL","LINEA_049A_PAL_PROV","NO","COLECTIVO","PROVINCIAL","JUJUY","SN",4039,"NO"
2025-01-18,"EMPR.TRANSP AUTOMOTOR DE PASAJEROS GRAL SAVIO SRL","LINEA_049B_PAL","NO","COLECTIVO","PROVINCIAL","JUJUY","SN",268,"NO"
2025-01-18,"EMPR.TRANSP AUTOMOTOR DE PASAJEROS GRAL SAVIO SRL","LINEA_049F_PAL","NO","COLECTIVO","PROVINCIAL","JUJUY","SN",1318,"NO"
2025-01-18,"EMPRESA DE TRANSPORTE AMANCAY SRL","LINEA_050_BRC","NO","COLECTIVO","MUNICIPAL","RÍO NEGRO","SAN CARLOS DE BARILOCHE",4831,"NO"
2025-01-18,"INDALO S.A.","LINEA_050_NQN","NO","COLECTIVO","MUNICIPAL","NEUQUÉN","PLOTTIER",2666,"NO"
2025-01-18,"EMPRESA DE TRANSPORTE AMANCAY SRL","LINEA_051_BRC","NO","COLECTIVO","MUNICIPAL","RÍO NEGRO","SAN CARLOS DE BARILOCHE",3156,"NO"
2025-01-18,"SANTA ANA SRL","LINEA_052_JUJ","NO","COLECTIVO","MUNICIPAL","JUJUY","SAN SALVADOR DE JUJUY",2838,"NO"
2025-01-18,"EMPRESA DE TRANSPORTE AMANCAY SRL","LINEA_055_BRC","NO","COLECTIVO","MUNICIPAL","RÍO NEGRO","SAN CARLOS DE BARILOCHE",259,"NO"
2025-01-18,"EMPRESA DE TRANSPORTE AMANCAY SRL","LINEA_060_BRC","NO","COLECTIVO","MUNICIPAL","RÍO NEGRO","SAN CARLOS DE BARILOCHE",2384,"NO"
2025-01-18,"EMPRESA DE TRANSPORTE AMANCAY SRL","LINEA_061_BRC","NO","COLECTIVO","MUNICIPAL","RÍO NEGRO","SAN CARLOS DE BARILOCHE",3525,"NO"
2025-01-18,"SANTA ANA SRL","LINEA_06_JUJ","NO","COLECTIVO","MUNICIPAL","JUJUY","SAN SALVADOR DE JUJUY",1555,"NO"
2025-01-18,"EMPRESA DE TRANSPORTE AMANCAY SRL","LINEA_070_BRC","NO","COLECTIVO","MUNICIPAL","RÍO NEGRO","SAN CARLOS DE BARILOCHE",746,"NO"
2025-01-18,"EMPRESA DE TRANSPORTE AMANCAY SRL","LINEA_072_BRC","NO","COLECTIVO","MUNICIPAL","RÍO NEGRO","SAN CARLOS DE BARILOCHE",540,"NO"
2025-01-18,"EMPRESA DE TRANSPORTE AMANCAY SRL","LINEA_080_BRC","NO","COLECTIVO","MUNICIPAL","RÍO NEGRO","SAN CARLOS DE BARILOCHE",889,"NO"
2025-01-18,"EMPRESA DE TRANSPORTE AMANCAY SRL","LINEA_081_BRC","NO","COLECTIVO","MUNICIPAL","RÍO NEGRO","SAN CARLOS DE BARILOCHE",1734,"NO"
2025-01-18,"EMPRESA DE TRANSPORTE AMANCAY SRL","LINEA_082_BRC","NO","COLECTIVO","MUNICIPAL","RÍO NEGRO","SAN CARLOS DE BARILOCHE",598,"NO"
2025-01-18,"EMPRESA DE TRANSPORTE AMANCAY SRL","LINEA_084_BRC","NO","COLECTIVO","MUNICIPAL","RÍO NEGRO","SAN CARLOS DE BARILOCHE",1153,"NO"
2025-01-18,"SANTA ANA SRL","LINEA_08_JUJ","NO","COLECTIVO","MUNICIPAL","JUJUY","SAN SALVADOR DE JUJUY",3405,"NO"
2025-01-18,"COLECTIVEROS UNIDOS S.A.","LINEA_099","SI","COLECTIVO","NACIONAL","JN","SD",6211,"NO"
2025-01-18,"AMERICA TRANSPORTE AUTOMOTOR S.R.L. - AZUL S.A. T.A. - UTE.","LINEA_100_SFE","NO","COLECTIVO","PROVINCIAL","SANTA FE","SN",1913,"NO"
2025-01-18,"U.T.E EMPRESA DE TRANSPORTE DE PASAJEROS LA MARINA SA- LA POSITIVA SA","LINEA_100_SJUAN","NO","COLECTIVO","PROVINCIAL","SAN JUAN","SN",1162,"NO"
2025-01-18,"ERSA URBANO S.A UNION TRANSITORIA","LINEA_101","NO","COLECTIVO","PROVINCIAL","CHACO","SN",551,"NO"
2025-01-18,"MIRAMAR ESTRELLA U.T.","LINEA_101_CORR","NO","COLECTIVO","MUNICIPAL","CORRIENTES","CORRIENTES",1839,"NO"
2025-01-18,"ROSARIO BUS  S.A","LINEA_101_NEGRA","NO","COLECTIVO","MUNICIPAL","SANTA FE","ROSARIO",2477,"NO"
2025-01-18,"AMERICA TRANSPORTE AUTOMOTOR S.R.L. - AZUL S.A. T.A. - UTE.","LINEA_101_SFE","NO","COLECTIVO","PROVINCIAL","SANTA FE","SN",395,"NO"
2025-01-18,"U.T.E EMPRESA DE TRANSPORTE DE PASAJEROS LA MARINA SA- LA POSITIVA SA","LINEA_101_SJUAN","NO","COLECTIVO","PROVINCIAL","SAN JUAN","SN",1160,"NO"
2025-01-18,"COOPERATIVA DE TRABAJO DE TRANSPORTE SAN FERNANDO LTDA","LINEA_101A","NO","COLECTIVO","PROVINCIAL","CATAMARCA","SN",587,"NO"
2025-01-18,"COOPERATIVA DE TRABAJO DE TRANSPORTE SAN FERNANDO LTDA","LINEA_102","NO","COLECTIVO","PROVINCIAL","CATAMARCA","SN",783,"NO"
2025-01-18,"ERSA URBANO SA","LINEA_102_CORR","NO","COLECTIVO","MUNICIPAL","CORRIENTES","CORRIENTES",3659,"NO"
2025-01-18,"MOVI ROSARIO S.A.U","LINEA_102_ROJA","NO","COLECTIVO","MUNICIPAL","SANTA FE","ROSARIO",1323,"NO"
2025-01-18,"AMERICA TRANSPORTE AUTOMOTOR S.R.L. - AZUL S.A. T.A. - UTE.","LINEA_102_SFE","NO","COLECTIVO","PROVINCIAL","SANTA FE","SN",56,"NO"
2025-01-18,"U.T.E EMPRESA DE TRANSPORTE DE PASAJEROS LA MARINA SA- LA POSITIVA SA","LINEA_102_SJUAN","NO","COLECTIVO","PROVINCIAL","SAN JUAN","SN",951,"NO"
2025-01-18,"ROSARIO BUS  S.A","LINEA_102NEGRA_144NEGRA","NO","COLECTIVO","MUNICIPAL","SANTA FE","ROSARIO",2189,"NO"
2025-01-18,"ROSARIO BUS  S.A","LINEA_103","NO","COLECTIVO","MUNICIPAL","SANTA FE","ROSARIO",9775,"NO"
2025-01-18,"LINEAS G.M. SRL","LINEA_103_CAT","NO","COLECTIVO","PROVINCIAL","CATAMARCA","SN",317,"NO"
2025-01-18,"ERSA URBANO SA","LINEA_103_CORR","NO","COLECTIVO","MUNICIPAL","CORRIENTES","CORRIENTES",4757,"NO"
2025-01-18,"U.T.E EMPRESA DE TRANSPORTE DE PASAJEROS LA MARINA SA- LA POSITIVA SA","LINEA_103_SJUAN","NO","COLECTIVO","PROVINCIAL","SAN JUAN","SN",347,"NO"
2025-01-18,"EL NENE SRL","LINEA_104_CAT","NO","COLECTIVO","PROVINCIAL","CATAMARCA","SN",2334,"NO"
2025-01-18,"ATACO NORTE S.A.C.I-NAVARRO HNOS S.R.L-U.T.E","LINEA_104_CHA","NO","COLECTIVO","PROVINCIAL","CHACO","SN",1415,"NO"
2025-01-18,"TRANSPORTE SAN LORENZO S.A UNION TRANSITORIA","LINEA_104_CORR","NO","COLECTIVO","MUNICIPAL","CORRIENTES","CORRIENTES",2828,"NO"
2025-01-18,"U.T.E EMPRESA DE TRANSPORTE DE PASAJEROS LA MARINA SA- LA POSITIVA SA","LINEA_104_SJUAN","NO","COLECTIVO","PROVINCIAL","SAN JUAN","SN",975,"NO"
2025-01-18,"LINEAS G.M. SRL","LINEA_105_CAT","NO","COLECTIVO","PROVINCIAL","CATAMARCA","SN",535,"NO"
2025-01-18,"ERSA URBANO SA","LINEA_105_CORR","NO","COLECTIVO","MUNICIPAL","CORRIENTES","CORRIENTES",3700,"NO"
2025-01-18,"MOVI ROSARIO S.A.U","LINEA_106","NO","COLECTIVO","MUNICIPAL","SANTA FE","ROSARIO",1920,"NO"
2025-01-18,"ERSA URBANO S.A UNION TRANSITORIA","LINEA_106","NO","COLECTIVO","PROVINCIAL","CHACO","SN",3133,"NO"
2025-01-18,"LA RUBI SRL","LINEA_106_CAT","NO","COLECTIVO","PROVINCIAL","CATAMARCA","SN",1574,"NO"
2025-01-18,"ERSA URBANO SA","LINEA_106_CORR","NO","COLECTIVO","MUNICIPAL","CORRIENTES","CORRIENTES",3398,"NO"
2025-01-18,"ROSARIO BUS  S.A","LINEA_107","NO","COLECTIVO","MUNICIPAL","SANTA FE","ROSARIO",8067,"NO"
2025-01-18,"ERSA URBANO S.A UNION TRANSITORIA","LINEA_107","NO","COLECTIVO","PROVINCIAL","CHACO","SN",1819,"NO"
2025-01-18,"25 DE AGOSTO SRL","LINEA_108_CAT","NO","COLECTIVO","PROVINCIAL","CATAMARCA","SN",3379,"NO"
2025-01-18,"TRANSPORTE SAN LORENZO S.A UNION TRANSITORIA","LINEA_108_CORR","NO","COLECTIVO","MUNICIPAL","CORRIENTES","CORRIENTES",3159,"NO"
2025-01-18,"COOPERATIVA DE TRABAJO DE TRANSPORTE SAN FERNANDO LTDA","LINEA_109","NO","COLECTIVO","PROVINCIAL","CATAMARCA","SN",59,"NO"
2025-01-18,"ERSA URBANO SA","LINEA_109_CORR","NO","COLECTIVO","MUNICIPAL","CORRIENTES","CORRIENTES",1321,"NO"
2025-01-18,"COOPERATIVA DE TRABAJO DE TRANSPORTE SAN FERNANDO LTDA","LINEA_109A","NO","COLECTIVO","PROVINCIAL","CATAMARCA","SN",1675,"NO"
2025-01-18,"EMPRESA KOKO S.R.L","LINEA_10_NQN","NO","COLECTIVO","MUNICIPAL","NEUQUÉN","NEUQUEN",734,"NO"
2025-01-18,"COOPERATIVA DE TRABAJO PALBUS 2000 LIMITADA","LINEA_10A_JUJUY","NO","COLECTIVO","PROVINCIAL","JUJUY","SN",5915,"NO"
2025-01-18,"ROSARIO BUS  S.A","LINEA_110","NO","COLECTIVO","MUNICIPAL","SANTA FE","ROSARIO",8251,"NO"
2025-01-18,"ATACO NORTE S.A.C.I-NAVARRO HNOS S.R.L-U.T.E","LINEA_110_CHA","NO","COLECTIVO","PROVINCIAL","CHACO","SN",3549,"NO"
2025-01-18,"MIRAMAR ESTRELLA U.T.","LINEA_110_CORR","NO","COLECTIVO","MUNICIPAL","CORRIENTES","CORRIENTES",4407,"NO"
2025-01-18,"TIRO FEDERAL RESISTENCIA SRL- LA CORDIAL SRL- MICROBUS SRL. U.T.E","LINEA_111","NO","COLECTIVO","PROVINCIAL","CHACO","SN",1744,"NO"
2025-01-18,"MOVI ROSARIO S.A.U","LINEA_112","NO","COLECTIVO","MUNICIPAL","SANTA FE","ROSARIO",3272,"NO"
2025-01-18,"MOVI ROSARIO S.A.U","LINEA_113","NO","COLECTIVO","MUNICIPAL","SANTA FE","ROSARIO",2485,"NO"
2025-01-18,"MOVI ROSARIO S.A.U","LINEA_115","NO","COLECTIVO","MUNICIPAL","SANTA FE","ROSARIO",2184,"NO"
2025-01-18,"MOVI ROSARIO S.A.U","LINEA_115_AEROPUERTO","NO","COLECTIVO","MUNICIPAL","SANTA FE","ROSARIO",2079,"NO"
2025-01-18,"MOVI ROSARIO S.A.U","LINEA_116","NO","COLECTIVO","MUNICIPAL","SANTA FE","ROSARIO",2279,"NO"
2025-01-18,"EXPRESO TIGRE-IGUAZU SA","LINEA_11_NQN","NO","COLECTIVO","MUNICIPAL","NEUQUÉN","NEUQUEN",2561,"NO"
2025-01-18,"EMPR.TRANSP AUTOMOTOR DE PASAJEROS GRAL SAVIO SRL","LINEA_11K_PAL","NO","COLECTIVO","MUNICIPAL","JUJUY","PALPALA",210,"NO"
2025-01-18,"MOVI ROSARIO S.A.U","LINEA_120","NO","COLECTIVO","MUNICIPAL","SANTA FE","ROSARIO",1649,"NO"
2025-01-18,"U.T.E EMPRESA DE TRANSPORTE DE PASAJEROS LA MARINA SA- LA POSITIVA SA","LINEA_120_SJUAN","NO","COLECTIVO","PROVINCIAL","SAN JUAN","SN",1620,"NO"
2025-01-18,"MOVI ROSARIO S.A.U","LINEA_121","NO","COLECTIVO","MUNICIPAL","SANTA FE","ROSARIO",2318,"NO"
2025-01-18,"U.T.E EMPRESA DE TRANSPORTE DE PASAJEROS LA MARINA SA- LA POSITIVA SA","LINEA_121_SJUAN","NO","COLECTIVO","PROVINCIAL","SAN JUAN","SN",1832,"NO"
2025-01-18,"ROSARIO BUS  S.A","LINEA_122","NO","COLECTIVO","MUNICIPAL","SANTA FE","ROSARIO",8971,"NO"
2025-01-18,"U.T.E EMPRESA DE TRANSPORTE DE PASAJEROS LA MARINA SA- LA POSITIVA SA","LINEA_122_SJUAN","NO","COLECTIVO","PROVINCIAL","SAN JUAN","SN",1247,"NO"
2025-01-18,"MOVI ROSARIO S.A.U","LINEA_123","NO","COLECTIVO","MUNICIPAL","SANTA FE","ROSARIO",1725,"NO"
2025-01-18,"U.T.E EMPRESA DE TRANSPORTE DE PASAJEROS LA MARINA SA- LA POSITIVA SA","LINEA_123_SJUAN","NO","COLECTIVO","PROVINCIAL","SAN JUAN","SN",1998,"NO"
2025-01-18,"U.T.E EMPRESA DE TRANSPORTE DE PASAJEROS LA MARINA SA- LA POSITIVA SA","LINEA_124_SJUAN","NO","COLECTIVO","PROVINCIAL","SAN JUAN","SN",637,"NO"
2025-01-18,"U.T.E EMPRESA DE TRANSPORTE DE PASAJEROS LA MARINA SA- LA POSITIVA SA","LINEA_125_SJUAN","NO","COLECTIVO","PROVINCIAL","SAN JUAN","SN",1047,"NO"
2025-01-18,"ROSARIO BUS  S.A","LINEA_126","NO","COLECTIVO","MUNICIPAL","SANTA FE","ROSARIO",1221,"NO"
2025-01-18,"U.T.E EMPRESA DE TRANSPORTE DE PASAJEROS LA MARINA SA- LA POSITIVA SA","LINEA_126_SJUAN","NO","COLECTIVO","PROVINCIAL","SAN JUAN","SN",2198,"NO"
2025-01-18,"MOVI ROSARIO S.A.U","LINEA_127","NO","COLECTIVO","MUNICIPAL","SANTA FE","ROSARIO",1851,"NO"
2025-01-18,"U.T.E EMPRESA DE TRANSPORTE DE PASAJEROS LA MARINA SA- LA POSITIVA SA","LINEA_127_SJUAN","NO","COLECTIVO","PROVINCIAL","SAN JUAN","SN",74,"NO"
2025-01-18,"ROSARIO BUS  S.A","LINEA_128","NO","COLECTIVO","MUNICIPAL","SANTA FE","ROSARIO",3653,"NO"
2025-01-18,"U.T.E EMPRESA DE TRANSPORTE DE PASAJEROS LA MARINA SA- LA POSITIVA SA","LINEA_128_SJUAN","NO","COLECTIVO","PROVINCIAL","SAN JUAN","SN",373,"NO"
2025-01-18,"MOVI ROSARIO S.A.U","LINEA_129","NO","COLECTIVO","MUNICIPAL","SANTA FE","ROSARIO",2540,"NO"
2025-01-18,"U.T.E EMPRESA DE TRANSPORTE DE PASAJEROS LA MARINA SA- LA POSITIVA SA","LINEA_129_SJUAN","NO","COLECTIVO","PROVINCIAL","SAN JUAN","SN",970,"NO"
2025-01-18,"EMPRESA KOKO S.R.L","LINEA_12_NQN","NO","COLECTIVO","MUNICIPAL","NEUQUÉN","NEUQUEN",3363,"NO"
2025-01-18,"EMPR.TRANSP AUTOMOTOR DE PASAJEROS GRAL SAVIO SRL","LINEA_12L_PAL","NO","COLECTIVO","MUNICIPAL","JUJUY","PALPALA",691,"NO"
2025-01-18,"EMPRESA DE TRANSPORTE AMANCAY SRL","LINEA_13-22_BRC","NO","COLECTIVO","MUNICIPAL","RÍO NEGRO","SAN CARLOS DE BARILOCHE",156,"NO"
2025-01-18,"ROSARIO BUS  S.A","LINEA_130","NO","COLECTIVO","MUNICIPAL","SANTA FE","ROSARIO",2179,"NO"
2025-01-18,"U.T.E EMPRESA DE TRANSPORTE DE PASAJEROS LA MARINA SA- LA POSITIVA SA","LINEA_130_SJUAN","NO","COLECTIVO","PROVINCIAL","SAN JUAN","SN",427,"NO"
2025-01-18,"MOVI ROSARIO S.A.U","LINEA_131","NO","COLECTIVO","MUNICIPAL","SANTA FE","ROSARIO",2733,"NO"
2025-01-18,"MOVI ROSARIO S.A.U","LINEA_132","NO","COLECTIVO","MUNICIPAL","SANTA FE","ROSARIO",2214,"NO"
2025-01-18,"ROSARIO BUS  S.A","LINEA_133NEGRA_125","NO","COLECTIVO","MUNICIPAL","SANTA FE","ROSARIO",2199,"NO"
2025-01-18,"ROSARIO BUS  S.A","LINEA_133VERDE_125","NO","COLECTIVO","MUNICIPAL","SANTA FE","ROSARIO",1536,"NO"
2025-01-18,"MOVI ROSARIO S.A.U","LINEA_134","NO","COLECTIVO","MUNICIPAL","SANTA FE","ROSARIO",1268,"NO"
2025-01-18,"MOVI ROSARIO S.A.U","LINEA_135","NO","COLECTIVO","MUNICIPAL","SANTA FE","ROSARIO",1964,"NO"
2025-01-18,"ROSARIO BUS  S.A","LINEA_138_139","NO","COLECTIVO","MUNICIPAL","SANTA FE","ROSARIO",3201,"NO"
2025-01-18,"EMPRESA KOKO S.R.L","LINEA_13_NQN","NO","COLECTIVO","MUNICIPAL","NEUQUÉN","NEUQUEN",1306,"NO"
2025-01-18,"ROSARIO BUS  S.A","LINEA_140","NO","COLECTIVO","MUNICIPAL","SANTA FE","ROSARIO",3476,"NO"
2025-01-18,"TRANSPORTE LIBERTADOR SRL","LINEA_140_SJUAN","NO","COLECTIVO","PROVINCIAL","SAN JUAN","SN",51,"NO"
2025-01-18,"MOVI ROSARIO S.A.U","LINEA_141","NO","COLECTIVO","MUNICIPAL","SANTA FE","ROSARIO",2931,"NO"
2025-01-18,"TRANSPORTE LIBERTADOR SRL","LINEA_141_SJUAN","NO","COLECTIVO","PROVINCIAL","SAN JUAN","SN",185,"NO"
2025-01-18,"ROSARIO BUS  S.A","LINEA_142","NO","COLECTIVO","MUNICIPAL","SANTA FE","ROSARIO",10597,"NO"
2025-01-18,"TRANSPORTE LIBERTADOR SRL","LINEA_142_SJUAN","NO","COLECTIVO","PROVINCIAL","SAN JUAN","SN",1426,"NO"
2025-01-18,"ROSARIO BUS  S.A","LINEA_143NEGRA_136_137","NO","COLECTIVO","MUNICIPAL","SANTA FE","ROSARIO",3228,"NO"
2025-01-18,"ROSARIO BUS  S.A","LINEA_143ROJA_136_137","NO","COLECTIVO","MUNICIPAL","SANTA FE","ROSARIO",2019,"NO"
2025-01-18,"ROSARIO BUS  S.A","LINEA_145CABIN_9_133","NO","COLECTIVO","MUNICIPAL","SANTA FE","ROSARIO",4805,"NO"
2025-01-18,"ROSARIO BUS  S.A","LINEA_145SOLDINI_133","NO","COLECTIVO","MUNICIPAL","SANTA FE","ROSARIO",2617,"NO"
2025-01-18,"ROSARIO BUS  S.A","LINEA_146","NO","COLECTIVO","MUNICIPAL","SANTA FE","ROSARIO",4311,"NO"
2025-01-18,"EMPRESA KOKO S.R.L","LINEA_14_NQN","NO","COLECTIVO","MUNICIPAL","NEUQUÉN","NEUQUEN",1983,"NO"
2025-01-18,"MOVI ROSARIO S.A.U","LINEA_153","NO","COLECTIVO","MUNICIPAL","SANTA FE","ROSARIO",5274,"NO"
2025-01-18,"EMPRESA KOKO S.R.L","LINEA_15_NQN","NO","COLECTIVO","MUNICIPAL","NEUQUÉN","NEUQUEN",1181,"NO"
2025-01-18,"TRANSPORTE LIBERTADOR SRL","LINEA_160_SJUAN","NO","COLECTIVO","PROVINCIAL","SAN JUAN","SN",1089,"NO"
2025-01-18,"TRANSPORTE LIBERTADOR SRL","LINEA_161_SJUAN","NO","COLECTIVO","PROVINCIAL","SAN JUAN","SN",102,"NO"
2025-01-18,"TRANSPORTE LIBERTADOR SRL","LINEA_162_SJUAN","NO","COLECTIVO","PROVINCIAL","SAN JUAN","SN",333,"NO"
2025-01-18,"GENERAL TOMAS GUIDO S.A.C.I.F.","LINEA_164_AMBA","SI","COLECTIVO","NACIONAL","JN","SD",13471,"NO"
2025-01-18,"EXPRESO TIGRE-IGUAZU SA","LINEA_16_NQN","NO","COLECTIVO","MUNICIPAL","NEUQUÉN","NEUQUEN",1743,"NO"
2025-01-18,"EXPRESO TIGRE-IGUAZU SA","LINEA_17_NQN","NO","COLECTIVO","MUNICIPAL","NEUQUÉN","NEUQUEN",2003,"NO"
2025-01-18,"EXPRESO TIGRE-IGUAZU SA","LINEA_18_NQN","NO","COLECTIVO","MUNICIPAL","NEUQUÉN","NEUQUEN",962,"NO"
2025-01-18,"EMPRESA KOKO S.R.L","LINEA_19_NQN","NO","COLECTIVO","MUNICIPAL","NEUQUÉN","NEUQUEN",433,"NO"
2025-01-18,"EMPRESA KOKO S.R.L","LINEA_1_NQN","NO","COLECTIVO","MUNICIPAL","NEUQUÉN","NEUQUEN",2302,"NO"
2025-01-18,"COOPERATIVA DE TRABAJO PALBUS 2000 LIMITADA","LINEA_1A_PAL","NO","COLECTIVO","MUNICIPAL","JUJUY","PALPALA",213,"NO"
2025-01-18,"AUTOTRANSPORTE CEFERINO S.R.L","LINEA_2","NO","COLECTIVO","MUNICIPAL","CHUBUT","RAWSON",1054,"NO"
2025-01-18,"EMPRESA MAYO SRL","LINEA_200_SJUAN","NO","COLECTIVO","PROVINCIAL","SAN JUAN","SN",303,"NO"
2025-01-18,"25 DE AGOSTO SRL","LINEA_201_CAT","NO","COLECTIVO","PROVINCIAL","CATAMARCA","SN",2161,"NO"
2025-01-18,"EMPRESA MAYO SRL","LINEA_201_SJUAN","NO","COLECTIVO","PROVINCIAL","SAN JUAN","SN",811,"NO"
2025-01-18,"LINEAS G.M. SRL","LINEA_202_CAT","NO","COLECTIVO","PROVINCIAL","CATAMARCA","SN",248,"NO"
2025-01-18,"EMPRESA MAYO SRL","LINEA_202_SJUAN","NO","COLECTIVO","PROVINCIAL","SAN JUAN","SN",345,"NO"
2025-01-18,"25 DE AGOSTO SRL","LINEA_203_CAT","NO","COLECTIVO","PROVINCIAL","CATAMARCA","SN",45,"NO"
2025-01-18,"ATACO NORTE S.A.C.I-NAVARRO HNOS S.R.L-U.T.E","LINEA_203_CHA","NO","COLECTIVO","PROVINCIAL","CHACO","SN",28,"NO"
2025-01-18,"EMPRESA MAYO SRL","LINEA_203_SJUAN","NO","COLECTIVO","PROVINCIAL","SAN JUAN","SN",1116,"NO"
2025-01-18,"ERSA URBANO S.A UNION TRANSITORIA","LINEA_204","NO","COLECTIVO","PROVINCIAL","CHACO","SN",1075,"NO"
2025-01-18,"LINEAS G.M. SRL","LINEA_204_CAT","NO","COLECTIVO","PROVINCIAL","CATAMARCA","SN",1031,"NO"
2025-01-18,"EMPRESA MAYO SRL","LINEA_204_SJUAN","NO","COLECTIVO","PROVINCIAL","SAN JUAN","SN",3267,"NO"
2025-01-18,"ERSA URBANO S.A UNION TRANSITORIA","LINEA_205","NO","COLECTIVO","PROVINCIAL","CHACO","SN",289,"NO"
2025-01-18,"EMPRESA MAYO SRL","LINEA_205_SJUAN","NO","COLECTIVO","PROVINCIAL","SAN JUAN","SN",1492,"NO"
2025-01-18,"TIRO FEDERAL RESISTENCIA SRL- LA CORDIAL SRL- MICROBUS SRL. U.T.E","LINEA_206","NO","COLECTIVO","PROVINCIAL","CHACO","SN",893,"NO"
2025-01-18,"EMPRESA MAYO SRL","LINEA_206_SJUAN","NO","COLECTIVO","PROVINCIAL","SAN JUAN","SN",1325,"NO"
2025-01-18,"SAN FERNANDO URBANOS SRL","LINEA_207","NO","COLECTIVO","PROVINCIAL","CHACO","SN",300,"NO"
2025-01-18,"LINEAS G.M. SRL","LINEA_207_CAT","NO","COLECTIVO","PROVINCIAL","CATAMARCA","SN",145,"NO"
2025-01-18,"EMPRESA MAYO SRL","LINEA_207_SJUAN","NO","COLECTIVO","PROVINCIAL","SAN JUAN","SN",571,"NO"
2025-01-18,"EMPRESA MAYO SRL","LINEA_208_SJUAN","NO","COLECTIVO","PROVINCIAL","SAN JUAN","SN",1076,"NO"
2025-01-18,"EMPRESA MAYO SRL","LINEA_209_SJUAN","NO","COLECTIVO","PROVINCIAL","SAN JUAN","SN",924,"NO"
2025-01-18,"EMPRESA KOKO S.R.L","LINEA_20_NQN","NO","COLECTIVO","MUNICIPAL","NEUQUÉN","NEUQUEN",271,"NO"
2025-01-18,"EMPRESA MAYO SRL","LINEA_210_SJUAN","NO","COLECTIVO","PROVINCIAL","SAN JUAN","SN",3845,"NO"
2025-01-18,"EMPRESA MAYO SRL","LINEA_211_SJUAN","NO","COLECTIVO","PROVINCIAL","SAN JUAN","SN",2418,"NO"
2025-01-18,"EMPRESA MAYO SRL","LINEA_212_SJUAN","NO","COLECTIVO","PROVINCIAL","SAN JUAN","SN",729,"NO"
2025-01-18,"EMPRESA MAYO SRL","LINEA_213_SJUAN","NO","COLECTIVO","PROVINCIAL","SAN JUAN","SN",1076,"NO"
2025-01-18,"EMPRESA MAYO SRL","LINEA_214_SJUAN","NO","COLECTIVO","PROVINCIAL","SAN JUAN","SN",547,"NO"
2025-01-18,"EMPRESA KOKO S.R.L","LINEA_21_NQN","NO","COLECTIVO","MUNICIPAL","NEUQUÉN","NEUQUEN",1204,"NO"
2025-01-18,"EXPRESO TIGRE-IGUAZU SA","LINEA_22_NQN","NO","COLECTIVO","MUNICIPAL","NEUQUÉN","NEUQUEN",1625,"NO"
2025-01-18,"EXPRESO TIGRE-IGUAZU SA","LINEA_23_NQN","NO","COLECTIVO","MUNICIPAL","NEUQUÉN","NEUQUEN",1496,"NO"
2025-01-18,"EMPRESA MAYO SRL","LINEA_240_SJUAN","NO","COLECTIVO","PROVINCIAL","SAN JUAN","SN",381,"NO"
2025-01-18,"EMPRESA MAYO SRL","LINEA_241_SJUAN","NO","COLECTIVO","PROVINCIAL","SAN JUAN","SN",1186,"NO"
2025-01-18,"EMPRESA MAYO SRL","LINEA_242_SJUAN","NO","COLECTIVO","PROVINCIAL","SAN JUAN","SN",3338,"NO"
2025-01-18,"EMPRESA MAYO SRL","LINEA_243_SJUAN","NO","COLECTIVO","PROVINCIAL","SAN JUAN","SN",3575,"NO"
2025-01-18,"EMPRESA MAYO SRL","LINEA_244_SJUAN","NO","COLECTIVO","PROVINCIAL","SAN JUAN","SN",1863,"NO"
2025-01-18,"EMPRESA MAYO SRL","LINEA_245_SJUAN","NO","COLECTIVO","PROVINCIAL","SAN JUAN","SN",204,"NO"
2025-01-18,"EMPRESA MAYO SRL","LINEA_246_SJUAN","NO","COLECTIVO","PROVINCIAL","SAN JUAN","SN",276,"NO"
2025-01-18,"EMPRESA MAYO SRL","LINEA_247_SJUAN","NO","COLECTIVO","PROVINCIAL","SAN JUAN","SN",271,"NO"
2025-01-18,"EMPRESA MAYO SRL","LINEA_248_SJUAN","NO","COLECTIVO","PROVINCIAL","SAN JUAN","SN",567,"NO"
2025-01-18,"EMPRESA KOKO S.R.L","LINEA_24_NQN","NO","COLECTIVO","MUNICIPAL","NEUQUÉN","NEUQUEN",607,"NO"
2025-01-18,"EMPRESA KOKO S.R.L","LINEA_25_NQN","NO","COLECTIVO","MUNICIPAL","NEUQUÉN","NEUQUEN",2378,"NO"
2025-01-18,"NUEVO SUR S.R.L.","LINEA_261_SJUAN","NO","COLECTIVO","PROVINCIAL","SAN JUAN","SN",385,"NO"
2025-01-18,"NUEVO SUR S.R.L.","LINEA_262_SJUAN","NO","COLECTIVO","PROVINCIAL","SAN JUAN","SN",3340,"NO"
2025-01-18,"NUEVO SUR S.R.L.","LINEA_263_SJUAN","NO","COLECTIVO","PROVINCIAL","SAN JUAN","SN",87,"NO"
2025-01-18,"NUEVO SUR S.R.L.","LINEA_264_SJUAN","NO","COLECTIVO","PROVINCIAL","SAN JUAN","SN",123,"NO"
2025-01-18,"NUEVO SUR S.R.L.","LINEA_265_SJUAN","NO","COLECTIVO","PROVINCIAL","SAN JUAN","SN",229,"NO"
2025-01-18,"NUEVO SUR S.R.L.","LINEA_266_SJUAN","NO","COLECTIVO","PROVINCIAL","SAN JUAN","SN",22,"NO"
2025-01-18,"EMPRESA KOKO S.R.L","LINEA_26_NQN","NO","COLECTIVO","MUNICIPAL","NEUQUÉN","NEUQUEN",1502,"NO"
2025-01-18,"EMPRESA KOKO S.R.L","LINEA_27_NQN","NO","COLECTIVO","MUNICIPAL","NEUQUÉN","NEUQUEN",344,"NO"
2025-01-18,"EMPRESA KOKO S.R.L","LINEA_28_NQN","NO","COLECTIVO","MUNICIPAL","NEUQUÉN","NEUQUEN",704,"NO"
2025-01-18,"EXPRESO TIGRE-IGUAZU SA","LINEA_29_NQN","NO","COLECTIVO","MUNICIPAL","NEUQUÉN","NEUQUEN",615,"NO"
2025-01-18,"EMPRESA KOKO S.R.L","LINEA_2_NQN","NO","COLECTIVO","MUNICIPAL","NEUQUÉN","NEUQUEN",1379,"NO"
2025-01-18,"AUTOTRANSPORTE CEFERINO S.R.L","LINEA_3","NO","COLECTIVO","MUNICIPAL","CHUBUT","RAWSON",300,"NO"
2025-01-18,"TRANSPORTE DE PASAJEROS ALTO DE SIERRA S.R.L.","LINEA_300_SJUAN","NO","COLECTIVO","PROVINCIAL","SAN JUAN","SN",233,"NO"
2025-01-18,"TRANSPORTE DE PASAJEROS ALTO DE SIERRA S.R.L.","LINEA_301_SJUAN","NO","COLECTIVO","PROVINCIAL","SAN JUAN","SN",1978,"NO"
2025-01-18,"TRANSPORTE DE PASAJEROS ALTO DE SIERRA S.R.L.","LINEA_302_SJUAN","NO","COLECTIVO","PROVINCIAL","SAN JUAN","SN",135,"NO"
2025-01-18,"TRANSPORTE DE PASAJEROS ALTO DE SIERRA S.R.L.","LINEA_303_SJUAN","NO","COLECTIVO","PROVINCIAL","SAN JUAN","SN",681,"NO"
2025-01-18,"TRANSPORTE DE PASAJEROS ALTO DE SIERRA S.R.L.","LINEA_304_SJUAN","NO","COLECTIVO","PROVINCIAL","SAN JUAN","SN",948,"NO"
2025-01-18,"TRANSPORTE DE PASAJEROS ALTO DE SIERRA S.R.L.","LINEA_305_SJUAN","NO","COLECTIVO","PROVINCIAL","SAN JUAN","SN",1776,"NO"
2025-01-18,"EMPRESA KOKO S.R.L","LINEA_30_NQN","NO","COLECTIVO","MUNICIPAL","NEUQUÉN","NEUQUEN",2122,"NO"
2025-01-18,"TRANSPORTE DE PASAJEROS EL TRIUNFO SA","LINEA_320_SJUAN","NO","COLECTIVO","PROVINCIAL","SAN JUAN","SN",1089,"NO"
2025-01-18,"TRANSPORTE DE PASAJEROS EL TRIUNFO SA","LINEA_321_SJUAN","NO","COLECTIVO","PROVINCIAL","SAN JUAN","SN",87,"NO"
2025-01-18,"TRANSPORTE DE PASAJEROS EL TRIUNFO SA","LINEA_322_SJUAN","NO","COLECTIVO","PROVINCIAL","SAN JUAN","SN",374,"NO"
2025-01-18,"TRANSPORTE DE PASAJEROS EL TRIUNFO SA","LINEA_323_SJUAN","NO","COLECTIVO","PROVINCIAL","SAN JUAN","SN",198,"NO"
2025-01-18,"TRANSPORTE DE PASAJEROS EL TRIUNFO SA","LINEA_340_SJUAN","NO","COLECTIVO","PROVINCIAL","SAN JUAN","SN",589,"NO"
2025-01-18,"TRANSPORTE DE PASAJEROS EL TRIUNFO SA","LINEA_341_SJUAN","NO","COLECTIVO","PROVINCIAL","SAN JUAN","SN",2470,"NO"
2025-01-18,"TRANSPORTE DE PASAJEROS EL TRIUNFO SA","LINEA_342_SJUAN","NO","COLECTIVO","PROVINCIAL","SAN JUAN","SN",136,"NO"
2025-01-18,"TRANSPORTE DE PASAJEROS EL TRIUNFO SA","LINEA_343_SJUAN","NO","COLECTIVO","PROVINCIAL","SAN JUAN","SN",136,"NO"
2025-01-18,"TRANSPORTE DE PASAJEROS EL TRIUNFO SA","LINEA_344_SJUAN","NO","COLECTIVO","PROVINCIAL","SAN JUAN","SN",268,"NO"
2025-01-18,"TRANSPORTE DE PASAJEROS EL TRIUNFO SA","LINEA_345_SJUAN","NO","COLECTIVO","PROVINCIAL","SAN JUAN","SN",1912,"NO"
2025-01-18,"TRANSPORTE DE PASAJEROS EL TRIUNFO SA","LINEA_346_SJUAN","NO","COLECTIVO","PROVINCIAL","SAN JUAN","SN",1,"NO"
2025-01-18,"TRANSPORTE DE PASAJEROS EL TRIUNFO SA","LINEA_360_SJUAN","NO","COLECTIVO","PROVINCIAL","SAN JUAN","SN",113,"NO"
2025-01-18,"TRANSPORTE DE PASAJEROS EL TRIUNFO SA","LINEA_361_SJUAN","NO","COLECTIVO","PROVINCIAL","SAN JUAN","SN",207,"NO"
2025-01-18,"TRANSPORTE DE PASAJEROS EL TRIUNFO SA","LINEA_362_SJUAN","NO","COLECTIVO","PROVINCIAL","SAN JUAN","SN",96,"NO"
2025-01-18,"TRANSPORTE DE PASAJEROS EL TRIUNFO SA","LINEA_363_SJUAN","NO","COLECTIVO","PROVINCIAL","SAN JUAN","SN",2286,"NO"
2025-01-18,"TRANSPORTE DE PASAJEROS EL TRIUNFO SA","LINEA_364_SJUAN","NO","COLECTIVO","PROVINCIAL","SAN JUAN","SN",3070,"NO"
2025-01-18,"EXPRESO TIGRE-IGUAZU SA","LINEA_3_NQN","NO","COLECTIVO","MUNICIPAL","NEUQUÉN","NEUQUEN",486,"NO"
2025-01-18,"COOPERATIVA DE TRABAJO PALBUS 2000 LIMITADA","LINEA_3C_PAL","NO","COLECTIVO","MUNICIPAL","JUJUY","PALPALA",684,"NO"
2025-01-18,"EMPRESA DE TRANSPORTES ALBARDON SRL","LINEA_400_SJUAN","NO","COLECTIVO","PROVINCIAL","SAN JUAN","SN",1130,"NO"
2025-01-18,"EMPRESA DE TRANSPORTES ALBARDON SRL","LINEA_401_SJUAN","NO","COLECTIVO","PROVINCIAL","SAN JUAN","SN",1265,"NO"
2025-01-18,"EMPRESA DE TRANSPORTES ALBARDON SRL","LINEA_402_SJUAN","NO","COLECTIVO","PROVINCIAL","SAN JUAN","SN",1687,"NO"
2025-01-18,"EMPRESA DE TRANSPORTES ALBARDON SRL","LINEA_403_SJUAN","NO","COLECTIVO","PROVINCIAL","SAN JUAN","SN",2096,"NO"
2025-01-18,"EMPRESA DE TRANSPORTES ALBARDON SRL","LINEA_404_SJUAN","NO","COLECTIVO","PROVINCIAL","SAN JUAN","SN",4056,"NO"
2025-01-18,"EMPRESA DE TRANSPORTES ALBARDON SRL","LINEA_405_SJUAN","NO","COLECTIVO","PROVINCIAL","SAN JUAN","SN",1592,"NO"
2025-01-18,"EMPRESA DE TRANSPORTES ALBARDON SRL","LINEA_406_SJUAN","NO","COLECTIVO","PROVINCIAL","SAN JUAN","SN",2344,"NO"
2025-01-18,"EMPRESA DE TRANSPORTES ALBARDON SRL","LINEA_407_SJUAN","NO","COLECTIVO","PROVINCIAL","SAN JUAN","SN",2797,"NO"
2025-01-18,"EMPRESA DE TRANSPORTES ALBARDON SRL","LINEA_408_SJUAN","NO","COLECTIVO","PROVINCIAL","SAN JUAN","SN",901,"NO"
2025-01-18,"EMPRESA DE TRANSPORTES ALBARDON SRL","LINEA_420_SJUAN","NO","COLECTIVO","PROVINCIAL","SAN JUAN","SN",4686,"NO"
2025-01-18,"EMPRESA DE TRANSPORTES ALBARDON SRL","LINEA_421_SJUAN","NO","COLECTIVO","PROVINCIAL","SAN JUAN","SN",4,"NO"
2025-01-18,"EMPRESA DE TRANSPORTES ALBARDON SRL","LINEA_422_SJUAN","NO","COLECTIVO","PROVINCIAL","SAN JUAN","SN",102,"NO"
2025-01-18,"EMPRESA DE TRANSPORTES ALBARDON SRL","LINEA_423_SJUAN","NO","COLECTIVO","PROVINCIAL","SAN JUAN","SN",306,"NO"
2025-01-18,"EMPRESA DE TRANSPORTES ALBARDON SRL","LINEA_440_SJUAN","NO","COLECTIVO","PROVINCIAL","SAN JUAN","SN",568,"NO"
2025-01-18,"EMPRESA DE TRANSPORTES ALBARDON SRL","LINEA_441_SJUAN","NO","COLECTIVO","PROVINCIAL","SAN JUAN","SN",997,"NO"
2025-01-18,"EMPRESA DE TRANSPORTES ALBARDON SRL","LINEA_442_SJUAN","NO","COLECTIVO","PROVINCIAL","SAN JUAN","SN",223,"NO"
2025-01-18,"FRANCISCO BUIATTI E HIJOS S.A","LINEA_450_LANCHAS","NO","LANCHAS","PROVINCIAL","BUENOS AIRES","SN",445,"NO"
2025-01-18,"INTERISLEÑA S A C E I","LINEA_452_451_LANCHAS","NO","LANCHAS","PROVINCIAL","BUENOS AIRES","SN",974,"NO"
2025-01-18,"LINEAS DELTA ARGENTINO S.R.L.","LINEA_453_LANCHAS","NO","LANCHAS","PROVINCIAL","BUENOS AIRES","SN",137,"NO"
2025-01-18,"EMPRESA EL LEON S R L","LINEA_454_LANCHAS","NO","LANCHAS","PROVINCIAL","BUENOS AIRES","SN",7,"NO"
2025-01-18,"HUGO A. PFLUGER S.A","LINEA_455_LANCHAS","NO","LANCHAS","PROVINCIAL","BUENOS AIRES","SN",92,"NO"
2025-01-18,"EMPRESA DE TRANSPORTES ALBARDON SRL","LINEA_460_SJUAN","NO","COLECTIVO","PROVINCIAL","SAN JUAN","SN",412,"NO"
2025-01-18,"EMPRESA DE TRANSPORTES ALBARDON SRL","LINEA_461_SJUAN","NO","COLECTIVO","PROVINCIAL","SAN JUAN","SN",944,"NO"
2025-01-18,"EMPRESA DE TRANSPORTES ALBARDON SRL","LINEA_462_SJUAN","NO","COLECTIVO","PROVINCIAL","SAN JUAN","SN",207,"NO"
2025-01-18,"EXPRESO TIGRE-IGUAZU SA","LINEA_4_NQN","NO","COLECTIVO","MUNICIPAL","NEUQUÉN","NEUQUEN",1647,"NO"
2025-01-18,"COOPERATIVA DE TRABAJO PALBUS 2000 LIMITADA","LINEA_4D_PAL","NO","COLECTIVO","MUNICIPAL","JUJUY","PALPALA",410,"NO"
2025-01-18,"LEMOS Y RODRIGUEZ S.A.","LINEA_500_BSAS","NO","COLECTIVO","MUNICIPAL","BUENOS AIRES","BAHIA BLANCA",3501,"NO"
2025-01-18,"EMPRESA DE TRANSPORTE PERALTA RAMOS SACI","LINEA_501_MDQ","NO","COLECTIVO","MUNICIPAL","BUENOS AIRES","GENERAL PUEYRREDON",1187,"NO"
2025-01-18,"EMPRESA VALLECITO SRL","LINEA_501_SJUAN","NO","COLECTIVO","PROVINCIAL","SAN JUAN","SN",17,"NO"
2025-01-18,"COMPAÑIA PUNTALTENSE S.A.","LINEA_502","NO","COLECTIVO","MUNICIPAL","BUENOS AIRES","CORONEL ROSALES",195,"NO"
2025-01-18,"T. A. SAN GABRIEL S.A.","LINEA_502_BAHIA","NO","COLECTIVO","MUNICIPAL","BUENOS AIRES","BAHIA BLANCA",1941,"NO"
2025-01-18,"EMPRESA VALLECITO SRL","LINEA_502_SJUAN","NO","COLECTIVO","PROVINCIAL","SAN JUAN","SN",83,"NO"
2025-01-18,"MICRO ÓMNIBUS NUEVA POMPEYA S.R.L.","LINEA_502N_BSAS","NO","COLECTIVO","MUNICIPAL","BUENOS AIRES","NECOCHEA",756,"NO"
2025-01-18,"COMPAÑIA BELGRANO S.A.","LINEA_503","NO","COLECTIVO","MUNICIPAL","BUENOS AIRES","CORONEL ROSALES",104,"NO"
2025-01-18,"T. A. SAN GABRIEL S.A.","LINEA_503_BAHIA","NO","COLECTIVO","MUNICIPAL","BUENOS AIRES","BAHIA BLANCA",875,"NO"
2025-01-18,"COMPAÑIA BELGRANO S.A.","LINEA_503BIS","NO","COLECTIVO","MUNICIPAL","BUENOS AIRES","CORONEL ROSALES",183,"NO"
2025-01-18,"MICRO ÓMNIBUS NUEVA POMPEYA S.R.L.","LINEA_503N_BSAS","NO","COLECTIVO","MUNICIPAL","BUENOS AIRES","NECOCHEA",321,"NO"
2025-01-18,"COMPAÑIA PUNTALTENSE S.A.","LINEA_504","NO","COLECTIVO","MUNICIPAL","BUENOS AIRES","CORONEL ROSALES",44,"NO"
2025-01-18,"EMPRESA LINEA 216 S.A.T.","LINEA_504_ ITUZ","SI","COLECTIVO","MUNICIPAL","BUENOS AIRES","ITUZAINGO",381,"NO"
2025-01-18,"EMPRESA DE TRANSPORTE DEL SUR SRL","LINEA_504_AMBA","SI","COLECTIVO","MUNICIPAL","BUENOS AIRES","PRESIDENTE PERON",2856,"NO"
2025-01-18,"T. A. SAN GABRIEL S.A.","LINEA_504_BAHIA","NO","COLECTIVO","MUNICIPAL","BUENOS AIRES","BAHIA BLANCA",2099,"NO"
2025-01-18,"COMPAÑIA ISLEÑA S.R.L.","LINEA_504B","SI","COLECTIVO","MUNICIPAL","BUENOS AIRES","ESCOBAR",845,"NO"
2025-01-18,"COMPAÑIA PUNTALTENSE S.A.","LINEA_504BIS","NO","COLECTIVO","MUNICIPAL","BUENOS AIRES","CORONEL ROSALES",89,"NO"
2025-01-18,"COMPAÑIA BELGRANO S.A.","LINEA_505","NO","COLECTIVO","MUNICIPAL","BUENOS AIRES","CORONEL ROSALES",92,"NO"
2025-01-18,"EMPRESA DE TRANSPORTE DEL SUR SRL","LINEA_505_AMBA","SI","COLECTIVO","MUNICIPAL","BUENOS AIRES","ALMIRANTE BROWN",8544,"NO"
2025-01-18,"LEMOS Y RODRIGUEZ S.A.","LINEA_505_BSAS","NO","COLECTIVO","MUNICIPAL","BUENOS AIRES","BAHIA BLANCA",2095,"NO"
2025-01-18,"EMPRESA DE TRANSPORTE DEL SUR SRL","LINEA_506_AMBA","SI","COLECTIVO","MUNICIPAL","BUENOS AIRES","ALMIRANTE BROWN",16596,"NO"
2025-01-18,"T. A. SAN GABRIEL S.A.","LINEA_506_BAHIA","NO","COLECTIVO","MUNICIPAL","BUENOS AIRES","BAHIA BLANCA",1613,"NO"
2025-01-18,"FUERTE BARRAGAN S.A.T.I.C.I.","LINEA_506F_BSAS","SI","COLECTIVO","MUNICIPAL","BUENOS AIRES","LA PLATA",4475,"NO"
2025-01-18,"LEMOS Y RODRIGUEZ S.A.","LINEA_507_BSAS","NO","COLECTIVO","MUNICIPAL","BUENOS AIRES","BAHIA BLANCA",1407,"NO"
2025-01-18,"COMPAÑIA ISLEÑA S.R.L.","LINEA_507B","SI","COLECTIVO","MUNICIPAL","BUENOS AIRES","ESCOBAR",1050,"NO"
2025-01-18,"T. A. SAN GABRIEL S.A.","LINEA_509_BAHIA","NO","COLECTIVO","MUNICIPAL","BUENOS AIRES","BAHIA BLANCA",830,"NO"
2025-01-18,"LAS SIERRAS DE OLAVARRIA S. R. L.","LINEA_509_BSAS","NO","COLECTIVO","MUNICIPAL","BUENOS AIRES","OLAVARRIA",341,"NO"
2025-01-18,"TURITOUR S.A.","LINEA_510","NO","COLECTIVO","MUNICIPAL","BUENOS AIRES","CORONEL ROSALES",151,"NO"
2025-01-18,"LAS SIERRAS DE OLAVARRIA S. R. L.","LINEA_510_BSAS","NO","COLECTIVO","MUNICIPAL","BUENOS AIRES","OLAVARRIA",459,"NO"
2025-01-18,"COMPAÑÍA DE TRANSPORTE NECOCHEA S.A.","LINEA_510N_BSAS","NO","COLECTIVO","MUNICIPAL","BUENOS AIRES","NECOCHEA",2955,"NO"
2025-01-18,"EMPRESA DE TRANSPORTE PERALTA RAMOS SACI","LINEA_511","NO","COLECTIVO","MUNICIPAL","BUENOS AIRES","GENERAL PUEYRREDON",24865,"NO"
2025-01-18,"COMPAÑÍA DE TRANSPORTE NECOCHEA S.A.","LINEA_511N_BSAS","NO","COLECTIVO","MUNICIPAL","BUENOS AIRES","NECOCHEA",1127,"NO"
2025-01-18,"T. A. SAN GABRIEL S.A.","LINEA_512_BAHIA","NO","COLECTIVO","MUNICIPAL","BUENOS AIRES","BAHIA BLANCA",2124,"NO"
2025-01-18,"COMPAÑÍA DE TRANSPORTE NECOCHEA S.A.","LINEA_512N_BSAS","NO","COLECTIVO","MUNICIPAL","BUENOS AIRES","NECOCHEA",581,"NO"
2025-01-18,"LEMOS Y RODRIGUEZ S.A.","LINEA_513_BSAS","NO","COLECTIVO","MUNICIPAL","BUENOS AIRES","BAHIA BLANCA",2388,"NO"
2025-01-18,"T. A. SAN GABRIEL S.A.","LINEA_513EX_BAHIA","NO","COLECTIVO","MUNICIPAL","BUENOS AIRES","BAHIA BLANCA",1200,"NO"
2025-01-18,"COMPAÑÍA DE TRANSPORTE NECOCHEA S.A.","LINEA_513N_BSAS","NO","COLECTIVO","MUNICIPAL","BUENOS AIRES","NECOCHEA",532,"NO"
2025-01-18,"LEMOS Y RODRIGUEZ S.A.","LINEA_514_BSAS","NO","COLECTIVO","MUNICIPAL","BUENOS AIRES","BAHIA BLANCA",3429,"NO"
2025-01-18,"LAS SIERRAS DE OLAVARRIA S. R. L.","LINEA_514A_BSAS","NO","COLECTIVO","MUNICIPAL","BUENOS AIRES","OLAVARRIA",995,"NO"
2025-01-18,"COMPAÑÍA DE TRANSPORTE NECOCHEA S.A.","LINEA_514N_BSAS","NO","COLECTIVO","MUNICIPAL","BUENOS AIRES","NECOCHEA",684,"NO"
2025-01-18,"T. A. SAN GABRIEL S.A.","LINEA_516_BAHIA","NO","COLECTIVO","MUNICIPAL","BUENOS AIRES","BAHIA BLANCA",1174,"NO"
2025-01-18,"T. A. SAN GABRIEL S.A.","LINEA_517_BAHIA","NO","COLECTIVO","MUNICIPAL","BUENOS AIRES","BAHIA BLANCA",3734,"NO"
2025-01-18,"T. A. SAN GABRIEL S.A.","LINEA_518_BAHIA","NO","COLECTIVO","MUNICIPAL","BUENOS AIRES","BAHIA BLANCA",1832,"NO"
2025-01-18,"COMPAÑÍA DE TRANSPORTE NECOCHEA S.A.","LINEA_518N_BSAS","NO","COLECTIVO","MUNICIPAL","BUENOS AIRES","NECOCHEA",244,"NO"
2025-01-18,"LEMOS Y RODRIGUEZ S.A.","LINEA_519_BSAS","NO","COLECTIVO","MUNICIPAL","BUENOS AIRES","BAHIA BLANCA",2327,"NO"
2025-01-18,"BAHIA TRANSPORTE SAPEN","LINEA_519A_BAHIA","NO","COLECTIVO","MUNICIPAL","BUENOS AIRES","BAHIA BLANCA",2486,"NO"
2025-01-18,"VIA 51 VIAJES SA","LINEA_520_BSAS","NO","COLECTIVO","MUNICIPAL","BUENOS AIRES","BAHIA BLANCA",131,"NO"
2025-01-18,"EMPRESA DE TRANSPORTE DEL SUR SRL","LINEA_521_AMBA","SI","COLECTIVO","MUNICIPAL","BUENOS AIRES","ALMIRANTE BROWN",856,"NO"
2025-01-18,"EMPRESA DE TRANSPORTE PERALTA RAMOS SACI","LINEA_521_MDQ","NO","COLECTIVO","MUNICIPAL","BUENOS AIRES","GENERAL PUEYRREDON",4034,"NO"
2025-01-18,"EMPRESA DE TRANSPORTE PERALTA RAMOS SACI","LINEA_522_MDQ","NO","COLECTIVO","MUNICIPAL","BUENOS AIRES","GENERAL PUEYRREDON",7853,"NO"
2025-01-18,"EMPRESA DE TRANSPORTE PERALTA RAMOS SACI","LINEA_523_MDQ","NO","COLECTIVO","MUNICIPAL","BUENOS AIRES","GENERAL PUEYRREDON",10899,"NO"
2025-01-18,"EMPRESA DE TRANSPORTE PERALTA RAMOS SACI","LINEA_525_MDQ","NO","COLECTIVO","MUNICIPAL","BUENOS AIRES","GENERAL PUEYRREDON",959,"NO"
2025-01-18,"AUTOBUSES BUENOS AIRES SRL","LINEA_540_BSAS","SI","COLECTIVO","MUNICIPAL","BUENOS AIRES","LOMAS DE ZAMORA",11713,"NO"
2025-01-18,"EMPRESA DE TRANSPORTE PERALTA RAMOS SACI","LINEA_541_MDQ","NO","COLECTIVO","MUNICIPAL","BUENOS AIRES","GENERAL PUEYRREDON",5822,"NO"
2025-01-18,"AUTOBUSES BUENOS AIRES SRL","LINEA_542_BSAS","SI","COLECTIVO","MUNICIPAL","BUENOS AIRES","LOMAS DE ZAMORA",7636,"NO"
2025-01-18,"EMPRESA DE TRANSPORTE PERALTA RAMOS SACI","LINEA_542_MDQ","NO","COLECTIVO","MUNICIPAL","BUENOS AIRES","GENERAL PUEYRREDON",4902,"NO"
2025-01-18,"EMPRESA DE TRANSPORTE PERALTA RAMOS SACI","LINEA_543_MDQ","NO","COLECTIVO","MUNICIPAL","BUENOS AIRES","GENERAL PUEYRREDON",3137,"NO"
2025-01-18,"AUTOBUSES BUENOS AIRES SRL","LINEA_548_BSAS","SI","COLECTIVO","MUNICIPAL","BUENOS AIRES","LOMAS DE ZAMORA",5042,"NO"
2025-01-18,"AUTOBUSES BUENOS AIRES SRL","LINEA_550_BSAS","SI","COLECTIVO","MUNICIPAL","BUENOS AIRES","LOMAS DE ZAMORA",8566,"NO"
2025-01-18,"AUTOBUSES BUENOS AIRES SRL","LINEA_551_BSAS","SI","COLECTIVO","MUNICIPAL","BUENOS AIRES","LOMAS DE ZAMORA",4005,"NO"
2025-01-18,"EMPRESA DE TRANSPORTE PERALTA RAMOS SACI","LINEA_551_MDQ","NO","COLECTIVO","MUNICIPAL","BUENOS AIRES","GENERAL PUEYRREDON",7560,"NO"
2025-01-18,"AUTOBUSES BUENOS AIRES SRL","LINEA_552_BSAS","SI","COLECTIVO","MUNICIPAL","BUENOS AIRES","LOMAS DE ZAMORA",7965,"NO"
2025-01-18,"EMPRESA DE TRANSPORTE PERALTA RAMOS SACI","LINEA_552_MDQ","NO","COLECTIVO","MUNICIPAL","BUENOS AIRES","GENERAL PUEYRREDON",7812,"NO"
2025-01-18,"AUTOBUSES BUENOS AIRES SRL","LINEA_553_BSAS","SI","COLECTIVO","MUNICIPAL","BUENOS AIRES","LOMAS DE ZAMORA",7710,"NO"
2025-01-18,"EMPRESA DE TRANSPORTE PERALTA RAMOS SACI","LINEA_553_MDQ","NO","COLECTIVO","MUNICIPAL","BUENOS AIRES","GENERAL PUEYRREDON",4093,"NO"
2025-01-18,"EMPRESA DE TRANSPORTE PERALTA RAMOS SACI","LINEA_554_MDQ","NO","COLECTIVO","MUNICIPAL","BUENOS AIRES","GENERAL PUEYRREDON",3899,"NO"
2025-01-18,"EMPRESA DE TRANSPORTE PERALTA RAMOS SACI","LINEA_555_MDQ","NO","COLECTIVO","MUNICIPAL","BUENOS AIRES","GENERAL PUEYRREDON",4838,"NO"
2025-01-18,"EMPRESA DE TRANSPORTE 12 DE OCTUBRE S R L","LINEA_562_MDQ","NO","COLECTIVO","MUNICIPAL","BUENOS AIRES","GENERAL PUEYRREDON",9635,"NO"
2025-01-18,"EMPRESA DE TRANSPORTE 12 DE OCTUBRE S R L","LINEA_563_MDQ","NO","COLECTIVO","MUNICIPAL","BUENOS AIRES","GENERAL PUEYRREDON",6211,"NO"
2025-01-18,"EMPRESA DE TRANSPORTE PERALTA RAMOS SACI","LINEA_571_MDQ","NO","COLECTIVO","MUNICIPAL","BUENOS AIRES","GENERAL PUEYRREDON",12109,"NO"
2025-01-18,"EMPRESA DE TRANSPORTE PERALTA RAMOS SACI","LINEA_573_MDQ","NO","COLECTIVO","MUNICIPAL","BUENOS AIRES","GENERAL PUEYRREDON",9433,"NO"
2025-01-18,"EMPRESA DE TRANSPORTE PERALTA RAMOS SACI","LINEA_581_MDQ","NO","COLECTIVO","MUNICIPAL","BUENOS AIRES","GENERAL PUEYRREDON",7868,"NO"
2025-01-18,"EMPRESA DE TRANSPORTE PERALTA RAMOS SACI","LINEA_591_MDQ","NO","COLECTIVO","MUNICIPAL","BUENOS AIRES","GENERAL PUEYRREDON",4344,"NO"
2025-01-18,"EMPRESA DE TRANSPORTE PERALTA RAMOS SACI","LINEA_593_MDQ","NO","COLECTIVO","MUNICIPAL","BUENOS AIRES","GENERAL PUEYRREDON",2947,"NO"
2025-01-18,"EMPRESA KOKO S.R.L","LINEA_5_NQN","NO","COLECTIVO","MUNICIPAL","NEUQUÉN","NEUQUEN",2470,"NO"
2025-01-18,"EMPRESA KOKO S.R.L","LINEA_6_NQN","NO","COLECTIVO","MUNICIPAL","NEUQUÉN","NEUQUEN",2139,"NO"
2025-01-18,"EMPRESA DE TRANSPORTE AMANCAY SRL","LINEA_71-81_BRC","NO","COLECTIVO","MUNICIPAL","RÍO NEGRO","SAN CARLOS DE BARILOCHE",660,"NO"
2025-01-18,"EMPRESA KOKO S.R.L","LINEA_7_NQN","NO","COLECTIVO","MUNICIPAL","NEUQUÉN","NEUQUEN",2339,"NO"
2025-01-18,"EMPRESA KOKO S.R.L","LINEA_8_NQN","NO","COLECTIVO","MUNICIPAL","NEUQUÉN","NEUQUEN",2627,"NO"
2025-01-18,"EMPR.TRANSP AUTOMOTOR DE PASAJEROS GRAL SAVIO SRL","LINEA_8H_PAL","NO","COLECTIVO","MUNICIPAL","JUJUY","PALPALA",243,"NO"
2025-01-18,"A T A C O NORTE S A C I","LINEA_902","NO","COLECTIVO","NACIONAL","JN","SD",3324,"NO"
2025-01-18,"EMPRESA DE TRANSPORTES FLUVIALES DEL LITORAL SA","LINEA_906","NO","COLECTIVO","NACIONAL","JN","SD",1974,"NO"
2025-01-18,"AZUL S.A. DE TRANSPORTE AUTOMOTOR","LINEA_910_STAFE","NO","COLECTIVO","NACIONAL","JN","SD",7407,"NO"
2025-01-18,"AZUL S.A. DE TRANSPORTE AUTOMOTOR","LINEA_915_STAFE","NO","COLECTIVO","NACIONAL","JN","SD",81,"NO"
2025-01-18,"EXPRESO TIGRE-IGUAZU SA","LINEA_9_NQN","NO","COLECTIVO","MUNICIPAL","NEUQUÉN","NEUQUEN",3676,"NO"
2025-01-18,"EMPR.TRANSP AUTOMOTOR DE PASAJEROS GRAL SAVIO SRL","LINEA_9I_PAL","NO","COLECTIVO","MUNICIPAL","JUJUY","PALPALA",137,"NO"
2025-01-18,"EMOVA MOVILIDAD S.A. (ex MTV)","LINEA_A","SI","SUBTE",,,,38937,"NO"
2025-01-18,"TRANSPORTE LIBERTADOR SRL","LINEA_A_SJUAN","NO","COLECTIVO","PROVINCIAL","SAN JUAN","SN",5520,"NO"
2025-01-18,"TRANSPUNTANO SAPEM","LINEA_A_SL","NO","COLECTIVO","MUNICIPAL","SAN LUIS","SAN LUIS",614,"NO"
2025-01-18,"USHUAIA INTEGRAL SOCIEDAD DEL ESTADO","LINEA_A_USHUAIA","NO","COLECTIVO","MUNICIPAL","TIERRA DEL FUEGO","USHUAIA",2674,"NO"
2025-01-18,"EMOVA MOVILIDAD S.A. (ex MTV)","LINEA_B","SI","SUBTE",,,,50086,"NO"
2025-01-18,"U.T.E EMPRESA DE TRANSPORTE DE PASAJEROS LA MARINA SA- LA POSITIVA SA","LINEA_B_SJUAN","NO","COLECTIVO","PROVINCIAL","SAN JUAN","SN",4429,"NO"
2025-01-18,"USHUAIA INTEGRAL SOCIEDAD DEL ESTADO","LINEA_B_USHUAIA","NO","COLECTIVO","MUNICIPAL","TIERRA DEL FUEGO","USHUAIA",2191,"NO"
2025-01-18,"TRANSPUNTANO SAPEM","LINEA_BCG_SL","NO","COLECTIVO","MUNICIPAL","SAN LUIS","SAN LUIS",1558,"NO"
2025-01-18,"CONTINENTAL T.P.A S.A","LINEA_C_SFE","NO","COLECTIVO","PROVINCIAL","SANTA FE","SN",10747,"NO"
2025-01-18,"EMPRESA MAYO SRL","LINEA_C_SJUAN","NO","COLECTIVO","PROVINCIAL","SAN JUAN","SN",1590,"NO"
2025-01-18,"USHUAIA INTEGRAL SOCIEDAD DEL ESTADO","LINEA_C_USHUAIA","NO","COLECTIVO","MUNICIPAL","TIERRA DEL FUEGO","USHUAIA",144,"NO"
2025-01-18,"TRANSPORTE DE PASAJEROS ALTO DE SIERRA S.R.L.","LINEA_D_SJUAN","NO","COLECTIVO","PROVINCIAL","SAN JUAN","SN",3915,"NO"
2025-01-18,"TRANSPUNTANO SAPEM","LINEA_D_SL","NO","COLECTIVO","MUNICIPAL","SAN LUIS","SAN LUIS",2613,"NO"
2025-01-18,"USHUAIA INTEGRAL SOCIEDAD DEL ESTADO","LINEA_D_USHUAIA","NO","COLECTIVO","MUNICIPAL","TIERRA DEL FUEGO","USHUAIA",467,"NO"
2025-01-18,"MOVI ROSARIO S.A.U","LINEA_DE_LA_COSTA","NO","COLECTIVO","MUNICIPAL","SANTA FE","ROSARIO",849,"NO"
2025-01-18,"TRANSPUNTANO SAPEM","LINEA_E1_SL","NO","COLECTIVO","MUNICIPAL","SAN LUIS","SAN LUIS",231,"NO"
2025-01-18,"U.T.E EMPRESA DE TRANSPORTE DE PASAJEROS LA MARINA SA- LA POSITIVA SA","LINEA_E_SJUAN","NO","COLECTIVO","PROVINCIAL","SAN JUAN","SN",836,"NO"
2025-01-18,"TRANSPUNTANO SAPEM","LINEA_E_SL","NO","COLECTIVO","MUNICIPAL","SAN LUIS","SAN LUIS",1370,"NO"
2025-01-18,"MOVI ROSARIO S.A.U","LINEA_ENLACE_AVELLANEDA_OESTE","NO","COLECTIVO","MUNICIPAL","SANTA FE","ROSARIO",252,"NO"
2025-01-18,"MOVI ROSARIO S.A.U","LINEA_ENLACE_NOROESTE","NO","COLECTIVO","MUNICIPAL","SANTA FE","ROSARIO",48,"NO"
2025-01-18,"MOVI ROSARIO S.A.U","LINEA_ENLACE_SANTA_LUCIA","NO","COLECTIVO","MUNICIPAL","SANTA FE","ROSARIO",124,"NO"
2025-01-18,"TRANSPUNTANO SAPEM","LINEA_F_SL","NO","COLECTIVO","MUNICIPAL","SAN LUIS","SAN LUIS",454,"NO"
2025-01-18,"TRANSPUNTANO SAPEM","LINEA_H_SL","NO","COLECTIVO","MUNICIPAL","SAN LUIS","SAN LUIS",1884,"NO"
2025-01-18,"TRANSPUNTANO SAPEM","LINEA_I_SL","NO","COLECTIVO","MUNICIPAL","SAN LUIS","SAN LUIS",3602,"NO"
2025-01-18,"MOVI ROSARIO S.A.U","LINEA_K","NO","COLECTIVO","MUNICIPAL","SANTA FE","ROSARIO",3097,"NO"
2025-01-18,"TRANSPUNTANO SAPEM","LINEA_N_SL","NO","COLECTIVO","MUNICIPAL","SAN LUIS","SAN LUIS",926,"NO"
2025-01-18,"TRANSPUNTANO SAPEM","LINEA_OK_SL","NO","COLECTIVO","MUNICIPAL","SAN LUIS","SAN LUIS",1839,"NO"
2025-01-18,"TRANSPUNTANO SAPEM","LINEA_P_SL","NO","COLECTIVO","MUNICIPAL","SAN LUIS","SAN LUIS",342,"NO"
2025-01-18,"NAVARRO HNOS SRL","LINEA_R-C_CHA","NO","COLECTIVO","PROVINCIAL","CHACO","SN",8,"NO"
2025-01-18,"NAVARRO HNOS SRL","LINEA_R-P_CHA","NO","COLECTIVO","PROVINCIAL","CHACO","SN",902,"NO"
2025-01-18,"TRANSPUNTANO SAPEM","LINEA_R_SL","NO","COLECTIVO","MUNICIPAL","SAN LUIS","SAN LUIS",541,"NO"
2025-01-18,"TRANSPUNTANO SAPEM","LINEA_T_SL","NO","COLECTIVO","MUNICIPAL","SAN LUIS","SAN LUIS",60,"NO"
2025-01-18,"U.T.E EMPRESA DE TRANSPORTE DE PASAJEROS LA MARINA SA- LA POSITIVA SA","LINEA_TEO_SJUAN","NO","COLECTIVO","PROVINCIAL","SAN JUAN","SN",7389,"NO"
2025-01-18,"TRANSPORTE DE PASAJEROS EL TRIUNFO SA","LINEA_TNS_SJUAN","NO","COLECTIVO","PROVINCIAL","SAN JUAN","SN",8034,"NO"
2025-01-18,"TRANSPUNTANO SAPEM","LINEA_U_SL","NO","COLECTIVO","MUNICIPAL","SAN LUIS","SAN LUIS",433,"NO"
2025-01-18,"COOPERATIVA DE TRABAJO CHOFERES DE COLECTIVOS Y MINIBUSES LIMITADA - C.C.M.","LINEA_VERDE","NO","COLECTIVO","MUNICIPAL","SANTA FE","RECONQUISTA",125,"NO"
2025-01-18,"LA COMARCA SA","Línea D","NO","COLECTIVO","MUNICIPAL","RÍO NEGRO","VIEDMA",72,"NO"
2025-01-18,"LA COMARCA SA","Línea E","NO","COLECTIVO","MUNICIPAL","RÍO NEGRO","VIEDMA",648,"NO"
2025-01-18,"COOP. DE PROVISION DE SERVICIOS 1 DE SEPTIEMBRE LTDA","MOSCONI - LA RIVERA","NO","COLECTIVO","MUNICIPAL","RÍO NEGRO","GENERAL ROCA",577,"NO"
2025-01-18,"UNION PLATENSE SRL","NORTE MUNICIPAL","SI","COLECTIVO","MUNICIPAL","BUENOS AIRES","LA PLATA",3634,"NO"
2025-01-18,"COOP. DE PROVISION DE SERVICIOS 1 DE SEPTIEMBRE LTDA","PASO CORDOBA","NO","COLECTIVO","MUNICIPAL","RÍO NEGRO","GENERAL ROCA",385,"NO"
2025-01-18,"S.A TRANSPORTE CIUDAD DE RIO CUARTO","RAMAL F","NO","COLECTIVO","MUNICIPAL","CORDOBA","RIO CUARTO",104,"NO"
2025-01-18,"S.A TRANSPORTE CIUDAD DE RIO CUARTO","RAMAL G","NO","COLECTIVO","MUNICIPAL","CORDOBA","RIO CUARTO",79,"NO"
2025-01-18,"S.A TRANSPORTE CIUDAD DE RIO CUARTO","RAMAL H","NO","COLECTIVO","MUNICIPAL","CORDOBA","RIO CUARTO",77,"NO"
2025-01-18,"S.A TRANSPORTE CIUDAD DE RIO CUARTO","RAMAL I","NO","COLECTIVO","MUNICIPAL","CORDOBA","RIO CUARTO",93,"NO"
2025-01-18,"S.A TRANSPORTE CIUDAD DE RIO CUARTO","RAMAL K","NO","COLECTIVO","MUNICIPAL","CORDOBA","RIO CUARTO",83,"NO"
2025-01-18,"S.A TRANSPORTE CIUDAD DE RIO CUARTO","RAMAL L","NO","COLECTIVO","MUNICIPAL","CORDOBA","RIO CUARTO",126,"NO"
2025-01-18,"S.A TRANSPORTE CIUDAD DE RIO CUARTO","RAMAL N","NO","COLECTIVO","MUNICIPAL","CORDOBA","RIO CUARTO",58,"NO"
2025-01-18,"S.A TRANSPORTE CIUDAD DE RIO CUARTO","RAMAL RED","NO","COLECTIVO","MUNICIPAL","CORDOBA","RIO CUARTO",99,"NO"
2025-01-18,"EMPRESA DE TTES. RAWSON S.R.L.","RAWSON - TRELEW","NO","COLECTIVO","PROVINCIAL","CHUBUT","SN",554,"NO"
2025-01-18,"A T A C O NORTE S A C I","RES_PUERTO_TIROL_Y VIC","NO","COLECTIVO","PROVINCIAL","CHACO","SN",391,"NO"
2025-01-18,"CIA.DE TRANSPORTE BERMEJO S.R.L","RESISTENCIA-COL. BENITEZ-M. BELEN","NO","COLECTIVO","PROVINCIAL","CHACO","SN",1053,"NO"
2025-01-18,"AMERICA TRANSPORTE AUTOMOTOR S.R.L","SF022","NO","COLECTIVO","PROVINCIAL","SANTA FE","SN",210,"NO"
2025-01-18,"EMPRESA  9 DE JULIO SRL","SF022","NO","COLECTIVO","PROVINCIAL","SANTA FE","SN",259,"NO"
2025-01-18,"INTERBUS S.R.L","SF113","NO","COLECTIVO","PROVINCIAL","SANTA FE","SN",203,"NO"
2025-01-18,"INTERBUS S.R.L","SF114","NO","COLECTIVO","PROVINCIAL","SANTA FE","SN",195,"NO"
2025-01-18,"EMPRESA LAGUNA PAIVA S.R.L.","SF132","NO","COLECTIVO","PROVINCIAL","SANTA FE","SN",609,"NO"
2025-01-18,"MONTE VERA S.R.L.","SF143 MONTE VERA - SANTA FE","NO","COLECTIVO","PROVINCIAL","SANTA FE","SN",615,"NO"
2025-01-18,"TATA RAPIDO S.A.","SF210 ROSARIO - SAN GENARO","NO","COLECTIVO","PROVINCIAL","SANTA FE","SN",25,"NO"
2025-01-18,"AMERICA TRANSPORTE AUTOMOTOR S.R.L","SF212","NO","COLECTIVO","PROVINCIAL","SANTA FE","SN",583,"NO"
2025-01-18,"CONTINENTAL TRANSPORTE PÚBLICO AUTOMOTOR S.R.L","SF212","NO","COLECTIVO","PROVINCIAL","SANTA FE","SN",135,"NO"
2025-01-18,"EMPRESA  9 DE JULIO SRL","SF212","NO","COLECTIVO","PROVINCIAL","SANTA FE","SN",451,"NO"
2025-01-18,"TATA RAPIDO S.A.","SF213 SERODINO - TOTORAS","NO","COLECTIVO","PROVINCIAL","SANTA FE","SN",27,"NO"
2025-01-18,"AMERICA TRANSPORTE AUTOMOTOR S.R.L","SF214","NO","COLECTIVO","PROVINCIAL","SANTA FE","SN",24,"NO"
2025-01-18,"AMERICA TRANSPORTE AUTOMOTOR S.R.L","SF215","NO","COLECTIVO","PROVINCIAL","SANTA FE","SN",58,"NO"
2025-01-18,"TATA RAPIDO S.A.","SF229 ROSARIO - PUERTO GABOTO","NO","COLECTIVO","PROVINCIAL","SANTA FE","SN",87,"NO"
2025-01-18,"TATA RAPIDO S.A.","SF233 MACIEL - PUERTO GABOTO","NO","COLECTIVO","PROVINCIAL","SANTA FE","SN",6,"NO"
2025-01-18,"TATA RAPIDO S.A.","SF248 SERODINO-ROSARIO","NO","COLECTIVO","PROVINCIAL","SANTA FE","SN",67,"NO"
2025-01-18,"CONTINENTAL TRANSPORTE PÚBLICO AUTOMOTOR S.R.L","SF282","NO","COLECTIVO","PROVINCIAL","SANTA FE","SN",215,"NO"
2025-01-18,"EMPRESA  9 DE JULIO SRL","SF282","NO","COLECTIVO","PROVINCIAL","SANTA FE","SN",240,"NO"
2025-01-18,"AMERICA TRANSPORTE AUTOMOTOR S.R.L","SF284","NO","COLECTIVO","PROVINCIAL","SANTA FE","SN",1661,"NO"
2025-01-18,"CONTINENTAL TRANSPORTE PÚBLICO AUTOMOTOR S.R.L","SF284","NO","COLECTIVO","PROVINCIAL","SANTA FE","SN",1668,"NO"
2025-01-18,"EMPRESA  9 DE JULIO SRL","SF284","NO","COLECTIVO","PROVINCIAL","SANTA FE","SN",1769,"NO"
2025-01-18,"AMERICA TRANSPORTE AUTOMOTOR S.R.L","SF287","NO","COLECTIVO","PROVINCIAL","SANTA FE","SN",1334,"NO"
2025-01-18,"CONTINENTAL TRANSPORTE PÚBLICO AUTOMOTOR S.R.L","SF287","NO","COLECTIVO","PROVINCIAL","SANTA FE","SN",659,"NO"
2025-01-18,"EMPRESA  9 DE JULIO SRL","SF287","NO","COLECTIVO","PROVINCIAL","SANTA FE","SN",1403,"NO"
2025-01-18,"AMERICA TRANSPORTE AUTOMOTOR S.R.L","SF288","NO","COLECTIVO","PROVINCIAL","SANTA FE","SN",179,"NO"
2025-01-18,"AMERICA TRANSPORTE AUTOMOTOR S.R.L","SF304","NO","COLECTIVO","PROVINCIAL","SANTA FE","SN",697,"NO"
2025-01-18,"CONTINENTAL TRANSPORTE PÚBLICO AUTOMOTOR S.R.L","SF304","NO","COLECTIVO","PROVINCIAL","SANTA FE","SN",420,"NO"
2025-01-18,"EMPRESA  9 DE JULIO SRL","SF304","NO","COLECTIVO","PROVINCIAL","SANTA FE","SN",1049,"NO"
2025-01-18,"AMERICA TRANSPORTE AUTOMOTOR S.R.L","SF312-1","NO","COLECTIVO","PROVINCIAL","SANTA FE","SN",723,"NO"
2025-01-18,"AMERICA TRANSPORTE AUTOMOTOR S.R.L","SF312","NO","COLECTIVO","PROVINCIAL","SANTA FE","SN",1436,"NO"
2025-01-18,"CONTINENTAL TRANSPORTE PÚBLICO AUTOMOTOR S.R.L","SF317","NO","COLECTIVO","PROVINCIAL","SANTA FE","SN",108,"NO"
2025-01-18,"EMPRESA  9 DE JULIO SRL","SF317","NO","COLECTIVO","PROVINCIAL","SANTA FE","SN",87,"NO"
2025-01-18,"AMERICA TRANSPORTE AUTOMOTOR S.R.L","SF320-1","NO","COLECTIVO","PROVINCIAL","SANTA FE","SN",153,"NO"
2025-01-18,"CONTINENTAL TRANSPORTE PÚBLICO AUTOMOTOR S.R.L","SF320-1","NO","COLECTIVO","PROVINCIAL","SANTA FE","SN",154,"NO"
2025-01-18,"EMPRESA  9 DE JULIO SRL","SF320-1","NO","COLECTIVO","PROVINCIAL","SANTA FE","SN",283,"NO"
2025-01-18,"AMERICA TRANSPORTE AUTOMOTOR S.R.L","SF320","NO","COLECTIVO","PROVINCIAL","SANTA FE","SN",93,"NO"
2025-01-18,"CONTINENTAL TRANSPORTE PÚBLICO AUTOMOTOR S.R.L","SF320","NO","COLECTIVO","PROVINCIAL","SANTA FE","SN",271,"NO"
2025-01-18,"EMPRESA  9 DE JULIO SRL","SF320","NO","COLECTIVO","PROVINCIAL","SANTA FE","SN",202,"NO"
2025-01-18,"MUNICIPALIDAD DE PRESIDENCIA ROQUE SAENZ PENA","SiMTraPUP","NO","COLECTIVO","MUNICIPAL","CHACO","PRESIDENCIA ROQUE SAENZ PEÑA",215,"NO"
2025-01-18,"ETACER SRL","STAFE_SANTA FE_LINEA_907","NO","COLECTIVO","NACIONAL","JN","SD",834,"NO"
2025-01-18,"COOP. DE PROVISION DE SERVICIOS 1 DE SEPTIEMBRE LTDA","STEFENELLI - LA COSTA","NO","COLECTIVO","MUNICIPAL","RÍO NEGRO","GENERAL ROCA",236,"NO"
2025-01-18,"PEHUENCHE SA","TA-02","NO","COLECTIVO","PROVINCIAL","NEUQUÉN","SN",827,"NO"
2025-01-18,"PEHUENCHE SA","TA-15","NO","COLECTIVO","PROVINCIAL","NEUQUÉN","SN",85,"NO"
2025-01-18,"PEHUENCHE SA","TA-21","NO","COLECTIVO","PROVINCIAL","NEUQUÉN","SN",603,"NO"
2025-01-18,"EXPRESO COLONIA SA","TD-02","NO","COLECTIVO","PROVINCIAL","NEUQUÉN","SN",908,"NO"
2025-01-18,"TRANSPORTE BAHIA S.R.L.","TRELEW - PUERTO RAWSON","NO","COLECTIVO","PROVINCIAL","CHUBUT","SN",1510,"NO"
2025-01-18,"S.A TRANSPORTE CIUDAD DE RIO CUARTO","TRONCAL  A","NO","COLECTIVO","MUNICIPAL","CORDOBA","RIO CUARTO",291,"NO"
2025-01-18,"S.A TRANSPORTE CIUDAD DE RIO CUARTO","TRONCAL B","NO","COLECTIVO","MUNICIPAL","CORDOBA","RIO CUARTO",272,"NO"
2025-01-18,"S.A TRANSPORTE CIUDAD DE RIO CUARTO","TRONCAL C","NO","COLECTIVO","MUNICIPAL","CORDOBA","RIO CUARTO",273,"NO"
2025-01-18,"S.A TRANSPORTE CIUDAD DE RIO CUARTO","TRONCAL D","NO","COLECTIVO","MUNICIPAL","CORDOBA","RIO CUARTO",249,"NO"
2025-01-18,"COOP.DE PROV.DE O.Y S.P.Y C.LAS TONINAS","URBANA DE TRANSPORTE","NO","COLECTIVO","MUNICIPAL","BUENOS AIRES","URBANO DE LA COSTA",2103,"NO"
