2026-03-14,"MUNICIPALIDAD DE MERCEDES PROVINCIA DE BUENOS AIRES","1","SI","COLECTIVO","MUNICIPAL","BUENOS AIRES","MERCEDES",353,"NO"
2026-03-14,"MUNICIPALIDAD DE MERCEDES PROVINCIA DE BUENOS AIRES","2B","SI","COLECTIVO","MUNICIPAL","BUENOS AIRES","MERCEDES",169,"NO"
2026-03-14,"COOP. DE PROVISION DE SERVICIOS 1 DE SEPTIEMBRE LTDA","AEROCLUB - 140 VIV.","NO","COLECTIVO","MUNICIPAL","RÍO NEGRO","GENERAL ROCA",267,"NO"
2026-03-14,"COOP. DE PROVISION DE SERVICIOS 1 DE SEPTIEMBRE LTDA","BARRIO NUEVO","NO","COLECTIVO","MUNICIPAL","RÍO NEGRO","GENERAL ROCA",658,"NO"
2026-03-14,"EMPRESA BATAN S.A.","BS_AS_LINEA 715M","NO","COLECTIVO","MUNICIPAL","BUENOS AIRES","GENERAL PUEYRREDON",3735,"NO"
2026-03-14,"EMPRESA BATAN S.A.","BS_AS_LINEA 720M","NO","COLECTIVO","MUNICIPAL","BUENOS AIRES","GENERAL PUEYRREDON",487,"NO"
2026-03-14,"COMPAÑIA  DE TRANSPORTE VECINAL S.A.","BS_AS_LINEA_326","SI","COLECTIVO","PROVINCIAL","BUENOS AIRES","SN",1479,"NO"
2026-03-14,"EMPRESA DE TRANSPORTE PERALTA RAMOS SACI","BS_AS_LINEA_512","NO","COLECTIVO","MUNICIPAL","BUENOS AIRES","GENERAL PUEYRREDON",1881,"NO"
2026-03-14,"EL URBANO SRL","BS_AS_LINEA_522","SI","COLECTIVO","MUNICIPAL","BUENOS AIRES","LANUS",394,"NO"
2026-03-14,"EL URBANO SRL","BS_AS_LINEA_527","SI","COLECTIVO","MUNICIPAL","BUENOS AIRES","LANUS",1778,"NO"
2026-03-14,"TRANSPORTES LINEA 123 S.A.C.I.","BS_ASLINEA_123","SI","COLECTIVO","NACIONAL","JN","SD",5982,"NO"
2026-03-14,"COMPAÑIA ISLEÑA S.R.L.","BSAS_LINEA302","SI","COLECTIVO","PROVINCIAL","BUENOS AIRES","SN",8295,"NO"
2026-03-14,"COMPAÑIA ISLEÑA S.R.L.","BSAS_LINEA303","SI","COLECTIVO","PROVINCIAL","BUENOS AIRES","SN",14982,"NO"
2026-03-14,"TRANPORTES VEINTIDOS DE SETIEMBRE S.A.C.","BSAS_LINEA_002","SI","COLECTIVO","NACIONAL","JN","SD",19315,"NO"
2026-03-14,"GENERAL TOMAS GUIDO S.A.C.I.F.","BSAS_LINEA_009","SI","COLECTIVO","NACIONAL","JN","SD",14732,"NO"
2026-03-14,"LINEA 10 S.A.","BSAS_LINEA_010","SI","COLECTIVO","NACIONAL","JN","SD",15884,"NO"
2026-03-14,"TRANSPORTES SUR-NOR C.I.S.A.","BSAS_LINEA_015","SI","COLECTIVO","NACIONAL","JN","SD",32468,"NO"
2026-03-14,"LINEA 17 S.A.","BSAS_LINEA_017","SI","COLECTIVO","NACIONAL","JN","SD",24761,"NO"
2026-03-14,"MICROOMNIBUS SAAVEDRA S.A.T.A.C.I.","BSAS_LINEA_019","SI","COLECTIVO","NACIONAL","JN","SD",11415,"NO"
2026-03-14,"TRANSPORTE LARRAZABAL C.I.S.A.","BSAS_LINEA_020","SI","COLECTIVO","NACIONAL","JN","SD",8447,"NO"
2026-03-14,"EMPRESA DE TRANSP. TTE. GRAL. ROCA S.A","BSAS_LINEA_021","SI","COLECTIVO","NACIONAL","JN","SD",48592,"NO"
2026-03-14,"LINEA 22 S.A.","BSAS_LINEA_022","SI","COLECTIVO","NACIONAL","JN","SD",8970,"NO"
2026-03-14,"EMP.TRANSP.AUTOM.DE PASAJEROS S.A.C.I.F.","BSAS_LINEA_024","SI","COLECTIVO","NACIONAL","JN","SD",29014,"NO"
2026-03-14,"EMP.DE TRANSP. PEDRO DE MENDOZA C.I.S.A.","BSAS_LINEA_029","SI","COLECTIVO","NACIONAL","JN","SD",21456,"NO"
2026-03-14,"EL PUENTE S.A.T.","BSAS_LINEA_032","SI","COLECTIVO","NACIONAL","JN","SD",7183,"NO"
2026-03-14,"4 DE SEPTIEMBRE S.A.T.C.P.","BSAS_LINEA_037","SI","COLECTIVO","NACIONAL","JN","SD",26101,"NO"
2026-03-14,"AZUL S.A. DE TRANSPORTE AUTOMOTOR","BSAS_LINEA_041","SI","COLECTIVO","NACIONAL","JN","SD",23483,"NO"
2026-03-14,"MICROOMNIBUS CUARENTA Y CINCO S.A.C.I.F.","BSAS_LINEA_045","SI","COLECTIVO","NACIONAL","JN","SD",14589,"NO"
2026-03-14,"UNION TRANSPORTISTAS DE EMPRESAS SA","BSAS_LINEA_046","SI","COLECTIVO","NACIONAL","JN","SD",16676,"NO"
2026-03-14,"BUENOS AIRES BUS SOCIEDAD ANONIMA","BSAS_LINEA_049","SI","COLECTIVO","NACIONAL","JN","SD",7482,"NO"
2026-03-14,"SAN VICENTE S.A. DE TRANSPORTES","BSAS_LINEA_051","SI","COLECTIVO","NACIONAL","JN","SD",10379,"NO"
2026-03-14,"LINEA 213 S.A. DE TRANSPORTE","BSAS_LINEA_053","SI","COLECTIVO","NACIONAL","JN","SD",30162,"NO"
2026-03-14,"ALMAFUERTE S.A.T.A.C.I.","BSAS_LINEA_055","SI","COLECTIVO","NACIONAL","JN","SD",20079,"NO"
2026-03-14,"TRANSPORTES LOPE DE VEGA S.A.C.I.","BSAS_LINEA_056","SI","COLECTIVO","NACIONAL","JN","SD",5007,"NO"
2026-03-14,"TRANSPORTES ATLANTIDA S.A.C.","BSAS_LINEA_057","SI","COLECTIVO","NACIONAL","JN","SD",30579,"NO"
2026-03-14,"MICROOMNIBUS CIUDAD DE BS.AS. S.A.T.C.I","BSAS_LINEA_059","SI","COLECTIVO","NACIONAL","JN","SD",35051,"NO"
2026-03-14,"MICRO OMNIBUS NORTE S.A.","BSAS_LINEA_060","SI","COLECTIVO","NACIONAL","JN","SD",74027,"NO"
2026-03-14,"BERNARDINO RIVADAVIA S.A.T.A.","BSAS_LINEA_063","SI","COLECTIVO","NACIONAL","JN","SD",18719,"NO"
2026-03-14,"TRANSPORTES DEL TEJAR S.A.","BSAS_LINEA_067","SI","COLECTIVO","NACIONAL","JN","SD",21000,"NO"
2026-03-14,"TRANSPORTES 270 S.A.","BSAS_LINEA_070","SI","COLECTIVO","NACIONAL","JN","SD",12994,"NO"
2026-03-14,"LINEA 71 S.A.","BSAS_LINEA_071","SI","COLECTIVO","NACIONAL","JN","SD",28015,"NO"
2026-03-14,"SAN VICENTE S.A. DE TRANSPORTES","BSAS_LINEA_074","SI","COLECTIVO","NACIONAL","JN","SD",4963,"NO"
2026-03-14,"LOS CONSTITUYENTES S.A.T.","BSAS_LINEA_078","SI","COLECTIVO","NACIONAL","JN","SD",18950,"NO"
2026-03-14,"SAN VICENTE S.A. DE TRANSPORTES","BSAS_LINEA_079","SI","COLECTIVO","NACIONAL","JN","SD",9962,"NO"
2026-03-14,"TRANSPORTES NUEVA CHICAGO C.I.S.A.","BSAS_LINEA_080","SI","COLECTIVO","NACIONAL","JN","SD",23017,"NO"
2026-03-14,"SOCIEDAD ANONIMA EXPRESO SUDOESTE","BSAS_LINEA_085","SI","COLECTIVO","NACIONAL","JN","SD",32041,"NO"
2026-03-14,"D.U.V.I. SOCIEDAD ANONIMA","BSAS_LINEA_086","SI","COLECTIVO","NACIONAL","JN","SD",7682,"NO"
2026-03-14,"LOS CONSTITUYENTES S.A.T.","BSAS_LINEA_087","SI","COLECTIVO","NACIONAL","JN","SD",14419,"NO"
2026-03-14,"LINEA EXPRESO LINIERS S.A.I.Y C.","BSAS_LINEA_088","SI","COLECTIVO","NACIONAL","JN","SD",10215,"NO"
2026-03-14,"TRANSPORTES LOPE DE VEGA S.A.C.I.","BSAS_LINEA_091","SI","COLECTIVO","NACIONAL","JN","SD",13024,"NO"
2026-03-14,"EMP.DE TRANSP.MICROOMN.SAENZ PEÑA S.R.L.","BSAS_LINEA_092","SI","COLECTIVO","NACIONAL","JN","SD",32749,"NO"
2026-03-14,"TRANSPORTES 1º SEPTIEMBRE S.A.","BSAS_LINEA_093","SI","COLECTIVO","NACIONAL","JN","SD",8023,"NO"
2026-03-14,"EMPRESA ANTARTIDA ARGENTINA S.A.T.","BSAS_LINEA_095","SI","COLECTIVO","NACIONAL","JN","SD",10282,"NO"
2026-03-14,"TRANSPORTE IDEAL SAN JUSTO S.A.","BSAS_LINEA_096","SI","COLECTIVO","NACIONAL","JN","SD",25114,"NO"
2026-03-14,"BUS DEL OESTE S.A.","BSAS_LINEA_097","SI","COLECTIVO","NACIONAL","JN","SD",7343,"NO"
2026-03-14,"EXPRESO QUILMES S.A.","BSAS_LINEA_098","SI","COLECTIVO","NACIONAL","JN","SD",44674,"NO"
2026-03-14,"TRANSPORTES AUTOMOTORES RIACHUELO S.A.","BSAS_LINEA_100","SI","COLECTIVO","NACIONAL","JN","SD",19526,"NO"
2026-03-14,"TRANSPORTES QUIRNO COSTA S.A.C.I.","BSAS_LINEA_103","SI","COLECTIVO","NACIONAL","JN","SD",13698,"NO"
2026-03-14,"EMPRESA DE TRANSPORTES AMERICA S.A.C.I.","BSAS_LINEA_105","SI","COLECTIVO","NACIONAL","JN","SD",19238,"NO"
2026-03-14,"GENERAL PUEYRREDON S.A.T.C.I.","BSAS_LINEA_110","SI","COLECTIVO","NACIONAL","JN","SD",21406,"NO"
2026-03-14,"LOS CONSTITUYENTES S.A.T.","BSAS_LINEA_111","SI","COLECTIVO","NACIONAL","JN","SD",10762,"NO"
2026-03-14,"BERNARDINO RIVADAVIA S.A.T.A.","BSAS_LINEA_113","SI","COLECTIVO","NACIONAL","JN","SD",16855,"NO"
2026-03-14,"LA CENTRAL DE VICENTE LOPEZ S.A.","BSAS_LINEA_114","SI","COLECTIVO","NACIONAL","JN","SD",14621,"NO"
2026-03-14,"TRANSPORTE LARRAZABAL C.I.S.A.","BSAS_LINEA_117","SI","COLECTIVO","NACIONAL","JN","SD",19752,"NO"
2026-03-14,"TRANSPORTES AUTOMOTORES CALLAO S.A.","BSAS_LINEA_124","SI","COLECTIVO","NACIONAL","JN","SD",15657,"NO"
2026-03-14,"CARDENAS S.A. EMPRESA DE TRANSPORTES","BSAS_LINEA_126","SI","COLECTIVO","NACIONAL","JN","SD",26917,"NO"
2026-03-14,"LOS CONSTITUYENTES S.A.T.","BSAS_LINEA_127","SI","COLECTIVO","NACIONAL","JN","SD",13154,"NO"
2026-03-14,"EL PUENTE S.A.T.","BSAS_LINEA_128","SI","COLECTIVO","NACIONAL","JN","SD",12942,"NO"
2026-03-14,"LA CENTRAL DE VICENTE LOPEZ S.A.","BSAS_LINEA_129","SI","COLECTIVO","NACIONAL","JN","SD",7899,"NO"
2026-03-14,"TRANSPORTES AVENIDA BERNARDO ADER S.A.","BSAS_LINEA_130","SI","COLECTIVO","NACIONAL","JN","SD",24305,"NO"
2026-03-14,"MICROOMNIBUS SAAVEDRA S.A.T.A.C.I.","BSAS_LINEA_133","SI","COLECTIVO","NACIONAL","JN","SD",17310,"NO"
2026-03-14,"TRANSPORTES AUTOMOTORES RIACHUELO S.A.","BSAS_LINEA_134","SI","COLECTIVO","NACIONAL","JN","SD",17237,"NO"
2026-03-14,"TRANSPORTES LOPE DE VEGA S.A.C.I.","BSAS_LINEA_135","SI","COLECTIVO","NACIONAL","JN","SD",15567,"NO"
2026-03-14,"SARGENTO CABRAL S.A.DE TRANSPORTE","BSAS_LINEA_136","SI","COLECTIVO","NACIONAL","JN","SD",10023,"NO"
2026-03-14,"MICROOMNIBUS SAAVEDRA S.A.T.A.C.I.","BSAS_LINEA_140","SI","COLECTIVO","NACIONAL","JN","SD",13691,"NO"
2026-03-14,"LA CENTRAL DE VICENTE LOPEZ S.A.","BSAS_LINEA_143","SI","COLECTIVO","NACIONAL","JN","SD",9573,"NO"
2026-03-14,"ROCARAZA S.A.","BSAS_LINEA_146","SI","COLECTIVO","NACIONAL","JN","SD",18724,"NO"
2026-03-14,"NUDO S.A.","BSAS_LINEA_150","SI","COLECTIVO","NACIONAL","JN","SD",14164,"NO"
2026-03-14,"EMPRESA TANDILENSE S.A.C.I.F.I.Y DE S.","BSAS_LINEA_152","SI","COLECTIVO","NACIONAL","JN","SD",49031,"NO"
2026-03-14,"MICROOMNIBUS SAAVEDRA S.A.T.A.C.I.","BSAS_LINEA_153","SI","COLECTIVO","NACIONAL","JN","SD",6541,"NO"
2026-03-14,"MICROOMNIBUS CUARENTA Y CINCO S.A.C.I.F.","BSAS_LINEA_154","SI","COLECTIVO","NACIONAL","JN","SD",1799,"NO"
2026-03-14,"EL PUENTE S.A.T.","BSAS_LINEA_158","SI","COLECTIVO","NACIONAL","JN","SD",11989,"NO"
2026-03-14,"MICRO OMNIBUS QUILMES S.A.C.I. Y F.","BSAS_LINEA_159","SI","COLECTIVO","NACIONAL","JN","SD",35657,"NO"
2026-03-14,"MICRO OMNIBUS SUR S.A.C.","BSAS_LINEA_160","SI","COLECTIVO","NACIONAL","JN","SD",34138,"NO"
2026-03-14,"TRANSPORTE LARRAZABAL C.I.S.A.","BSAS_LINEA_161","SI","COLECTIVO","NACIONAL","JN","SD",22501,"NO"
2026-03-14,"SARGENTO CABRAL S.A.DE TRANSPORTE","BSAS_LINEA_163","SI","COLECTIVO","NACIONAL","JN","SD",6158,"NO"
2026-03-14,"EMPRESA LINEA 216 S.A.T.","BSAS_LINEA_166","SI","COLECTIVO","NACIONAL","JN","SD",24307,"NO"
2026-03-14,"EXPRESO SAN ISIDRO S.A.T.C.I.F.I.","BSAS_LINEA_168","SI","COLECTIVO","NACIONAL","JN","SD",23645,"NO"
2026-03-14,"TRANSPORTE ESCALADA S.A.T.","BSAS_LINEA_169","SI","COLECTIVO","NACIONAL","JN","SD",15457,"NO"
2026-03-14,"LA CABAÑA S.A.","BSAS_LINEA_172","SI","COLECTIVO","NACIONAL","JN","SD",11713,"NO"
2026-03-14,"LA CABAÑA S.A.","BSAS_LINEA_174","SI","COLECTIVO","NACIONAL","JN","SD",15483,"NO"
2026-03-14,"EXPRESO GENERAL SARMIENTO S.A.","BSAS_LINEA_176","SI","COLECTIVO","NACIONAL","JN","SD",37128,"NO"
2026-03-14,"SAN VICENTE S.A. DE TRANSPORTES","BSAS_LINEA_177","SI","COLECTIVO","NACIONAL","JN","SD",14063,"NO"
2026-03-14,"COMPAÑIA MICROOMNIBUS LA COLORADA SACI","BSAS_LINEA_178","SI","COLECTIVO","NACIONAL","JN","SD",29315,"NO"
2026-03-14,"GRUPO LINEA 179 S.A.","BSAS_LINEA_179","SI","COLECTIVO","NACIONAL","JN","SD",7041,"NO"
2026-03-14,"LA VECINAL DE MATANZA SACI. DE MICROOMNIBUS","BSAS_LINEA_180","SI","COLECTIVO","NACIONAL","JN","SD",28765,"NO"
2026-03-14,"TTES.AUTOMOTORES DE PASAJEROS SIGLO XXI SA","BSAS_LINEA_181","SI","COLECTIVO","NACIONAL","JN","SD",13709,"NO"
2026-03-14,"SARGENTO CABRAL S.A.DE TRANSPORTE","BSAS_LINEA_182","SI","COLECTIVO","NACIONAL","JN","SD",26497,"NO"
2026-03-14,"MICROOMNIBUS SAAVEDRA S.A.T.A.C.I.","BSAS_LINEA_184","SI","COLECTIVO","NACIONAL","JN","SD",7263,"NO"
2026-03-14,"TRANSPORTE IDEAL SAN JUSTO S.A.","BSAS_LINEA_185","SI","COLECTIVO","NACIONAL","JN","SD",3415,"NO"
2026-03-14,"TRANSPORTE LARRAZABAL C.I.S.A.","BSAS_LINEA_188","SI","COLECTIVO","NACIONAL","JN","SD",16329,"NO"
2026-03-14,"D.U.V.I. SOCIEDAD ANONIMA","BSAS_LINEA_193","SI","COLECTIVO","NACIONAL","JN","SD",5181,"NO"
2026-03-14,"LA NUEVA METROPOL S.A.","BSAS_LINEA_194","SI","COLECTIVO","NACIONAL","JN","SD",16357,"NO"
2026-03-14,"LA NUEVA METROPOL S.A.","BSAS_LINEA_195","SI","COLECTIVO","NACIONAL","JN","SD",10280,"NO"
2026-03-14,"LA CENTRAL DE VICENTE LOPEZ S.A.","BSAS_LINEA_197","SI","COLECTIVO","NACIONAL","JN","SD",19528,"NO"
2026-03-14,"EMPRESA DE TRANSPORTE DEL SUR SRL","BSAS_LINEA_200","SI","COLECTIVO","PROVINCIAL","BUENOS AIRES","SN",365,"NO"
2026-03-14,"TRANSPORTE LA UNION SA","BSAS_LINEA_202","SI","COLECTIVO","PROVINCIAL","BUENOS AIRES","SN",15575,"NO"
2026-03-14,"AZUL S.A. DE TRANSPORTE AUTOMOTOR","BSAS_LINEA_203","SI","COLECTIVO","PROVINCIAL","BUENOS AIRES","SN",77770,"NO"
2026-03-14,"MICRO OMNIBUS TIGRE S.A.","BSAS_LINEA_204","SI","COLECTIVO","PROVINCIAL","BUENOS AIRES","SN",4646,"NO"
2026-03-14,"LINEA SESENTA SA","BSAS_LINEA_204A","SI","COLECTIVO","PROVINCIAL","BUENOS AIRES","SN",2456,"NO"
2026-03-14,"UNION PLATENSE SRL","BSAS_LINEA_214","SI","COLECTIVO","PROVINCIAL","BUENOS AIRES","SN",7815,"NO"
2026-03-14,"EMPRESA NUEVE DE JULIO S.A.T.","BSAS_LINEA_215","SI","COLECTIVO","PROVINCIAL","BUENOS AIRES","SN",3966,"NO"
2026-03-14,"ALMAFUERTE EMPRESA DE TRANSPORTE S.A.C.I. E I","BSAS_LINEA_218","SI","COLECTIVO","PROVINCIAL","BUENOS AIRES","SN",16970,"NO"
2026-03-14,"MICRO OMNIBUS QUILMES S.A.C.I. Y F.","BSAS_LINEA_219","SI","COLECTIVO","PROVINCIAL","BUENOS AIRES","SN",10000,"NO"
2026-03-14,"EXPRESO ESTEBAN ECHEVERRIA S.R.L.","BSAS_LINEA_222","SI","COLECTIVO","PROVINCIAL","BUENOS AIRES","SN",3691,"NO"
2026-03-14,"EMPRESA NUEVE DE JULIO S.A.T.","BSAS_LINEA_225","SI","COLECTIVO","PROVINCIAL","BUENOS AIRES","SN",991,"NO"
2026-03-14,"LA NUEVA METROPOL S.A.","BSAS_LINEA_228A","SI","COLECTIVO","PROVINCIAL","BUENOS AIRES","SN",159,"NO"
2026-03-14,"LINEA SESENTA SA","BSAS_LINEA_228B","SI","COLECTIVO","PROVINCIAL","BUENOS AIRES","SN",147,"NO"
2026-03-14,"MICRO OMNIBUS TIGRE S.A.","BSAS_LINEA_228C","SI","COLECTIVO","PROVINCIAL","BUENOS AIRES","SN",2243,"NO"
2026-03-14,"MICRO OMNIBUS TIGRE S.A.","BSAS_LINEA_228E","SI","COLECTIVO","PROVINCIAL","BUENOS AIRES","SN",1721,"NO"
2026-03-14,"LA CENTRAL DE ESCOBAR SA","BSAS_LINEA_228F","SI","COLECTIVO","PROVINCIAL","BUENOS AIRES","SN",7357,"NO"
2026-03-14,"EMPRESA LINEA 216 S.A.T.","BSAS_LINEA_236","SI","COLECTIVO","PROVINCIAL","BUENOS AIRES","SN",50530,"NO"
2026-03-14,"COMPAÑIA ISLEÑA S.R.L.","BSAS_LINEA_237A","SI","COLECTIVO","PROVINCIAL","BUENOS AIRES","SN",22669,"NO"
2026-03-14,"TRANSPORTES UNIDOS DE MERLO S.A.C.I.I.","BSAS_LINEA_238","SI","COLECTIVO","PROVINCIAL","BUENOS AIRES","SN",11271,"NO"
2026-03-14,"COMPAÑÍA DE OMNIBUS 25 DE MAYO LINEA 278","BSAS_LINEA_239A","SI","COLECTIVO","PROVINCIAL","BUENOS AIRES","SN",13274,"NO"
2026-03-14,"EXPRESO VILLA GALICIA  SAN JOSE S.A.","BSAS_LINEA_239B","SI","COLECTIVO","PROVINCIAL","BUENOS AIRES","SN",3046,"NO"
2026-03-14,"LA CABAÑA S.A.","BSAS_LINEA_242","SI","COLECTIVO","PROVINCIAL","BUENOS AIRES","SN",39528,"NO"
2026-03-14,"EMPRESA DEL OESTE SAT","BSAS_LINEA_244","SI","COLECTIVO","PROVINCIAL","BUENOS AIRES","SN",5768,"NO"
2026-03-14,"EMPRESA MONTE GRANDE S.A. LINEA 501","BSAS_LINEA_245","SI","COLECTIVO","PROVINCIAL","BUENOS AIRES","SN",3088,"NO"
2026-03-14,"EXPRESO NUEVE DE JULIO S.A.","BSAS_LINEA_247","SI","COLECTIVO","PROVINCIAL","BUENOS AIRES","SN",17783,"NO"
2026-03-14,"TRANSPORTE JOSE HERNANDEZ S.A.C.I.","BSAS_LINEA_252","SI","COLECTIVO","PROVINCIAL","BUENOS AIRES","SN",8819,"NO"
2026-03-14,"MICROOMNIBUS SAAVEDRA S.A.T.A.C.I.","BSAS_LINEA_253","SI","COLECTIVO","PROVINCIAL","BUENOS AIRES","SN",150,"NO"
2026-03-14,"TRANSPORTE 11 DE JUNIO S.R.L.","BSAS_LINEA_256","SI","COLECTIVO","PROVINCIAL","BUENOS AIRES","SN",402,"NO"
2026-03-14,"EXPRESO VILLA NUEVA S.A.","BSAS_LINEA_257","SI","COLECTIVO","PROVINCIAL","BUENOS AIRES","SN",16363,"NO"
2026-03-14,"EXPRESO VILLA GALICIA  SAN JOSE S.A.","BSAS_LINEA_263B","SI","COLECTIVO","PROVINCIAL","BUENOS AIRES","SN",11633,"NO"
2026-03-14,"SAN VICENTE S.A. DE TRANSPORTES","BSAS_LINEA_263B","SI","COLECTIVO","PROVINCIAL","BUENOS AIRES","SN",12876,"NO"
2026-03-14,"EMPRESA CIUDAD DE SAN FERNANDO SA","BSAS_LINEA_264","SI","COLECTIVO","PROVINCIAL","BUENOS AIRES","SN",7951,"NO"
2026-03-14,"EXPRESO VILLA GALICIA  SAN JOSE S.A.","BSAS_LINEA_266","SI","COLECTIVO","PROVINCIAL","BUENOS AIRES","SN",31735,"NO"
2026-03-14,"EMPRESA LINEA 216 S.A.T.","BSAS_LINEA_269","SI","COLECTIVO","PROVINCIAL","BUENOS AIRES","SN",29088,"NO"
2026-03-14,"GENERAL TOMAS GUIDO S.A.C.I.F.","BSAS_LINEA_271","SI","COLECTIVO","PROVINCIAL","BUENOS AIRES","SN",20733,"NO"
2026-03-14,"UNION PLATENSE SRL","BSAS_LINEA_273","SI","COLECTIVO","PROVINCIAL","BUENOS AIRES","SN",17549,"NO"
2026-03-14,"FUERTE BARRAGAN S.A.T.I.C.I.","BSAS_LINEA_275","SI","COLECTIVO","PROVINCIAL","BUENOS AIRES","SN",11968,"NO"
2026-03-14,"COMPAÑIA ISLEÑA S.R.L.","BSAS_LINEA_276","SI","COLECTIVO","PROVINCIAL","BUENOS AIRES","SN",17969,"NO"
2026-03-14,"CIA LA PAZ AMADOR MOURE SACIFIYA","BSAS_LINEA_277","SI","COLECTIVO","PROVINCIAL","BUENOS AIRES","SN",4523,"NO"
2026-03-14,"COMPAÑÍA DE OMNIBUS 25 DE MAYO LINEA 278","BSAS_LINEA_278","SI","COLECTIVO","PROVINCIAL","BUENOS AIRES","SN",29303,"NO"
2026-03-14,"COMPAÑÍA DE OMNIBUS 25 DE MAYO LINEA 278","BSAS_LINEA_281","SI","COLECTIVO","PROVINCIAL","BUENOS AIRES","SN",10747,"NO"
2026-03-14,"CIA ANDRADE EMPRESA DE TRANSPORTE DE PASAJEROS SRL","BSAS_LINEA_283","SI","COLECTIVO","PROVINCIAL","BUENOS AIRES","SN",18050,"NO"
2026-03-14,"ALMAFUERTE EMPRESA DE TRANSPORTE S.A.C.I. E I","BSAS_LINEA_284","SI","COLECTIVO","PROVINCIAL","BUENOS AIRES","SN",2864,"NO"
2026-03-14,"TRANSPORTES LA PERLITA S.A. ","BSAS_LINEA_288","SI","COLECTIVO","PROVINCIAL","BUENOS AIRES","SN",7230,"NO"
2026-03-14,"COMPAÑIA NOROESTE S.A.T.","BSAS_LINEA_289","SI","COLECTIVO","PROVINCIAL","BUENOS AIRES","SN",9600,"NO"
2026-03-14,"LA CENTRAL DE ESCOBAR SA","BSAS_LINEA_291","SI","COLECTIVO","PROVINCIAL","BUENOS AIRES","SN",14636,"NO"
2026-03-14,"COMPAÑÍA DE OMNIBUS 25 DE MAYO LINEA 278","BSAS_LINEA_293A","SI","COLECTIVO","PROVINCIAL","BUENOS AIRES","SN",6777,"NO"
2026-03-14,"EXPRESO VILLA GALICIA  SAN JOSE S.A.","BSAS_LINEA_293B","SI","COLECTIVO","PROVINCIAL","BUENOS AIRES","SN",10774,"NO"
2026-03-14,"MICRO OMNIBUS O´HIGGINS S.A.T.","BSAS_LINEA_295","SI","COLECTIVO","PROVINCIAL","BUENOS AIRES","SN",11785,"NO"
2026-03-14,"TRANSPORTES UNIDOS DE MERLO S.A.C.I.I.","BSAS_LINEA_297","SI","COLECTIVO","PROVINCIAL","BUENOS AIRES","SN",10948,"NO"
2026-03-14,"LA CABAÑA S.A.","BSAS_LINEA_298","SI","COLECTIVO","PROVINCIAL","BUENOS AIRES","SN",18594,"NO"
2026-03-14,"GENERAL TOMAS GUIDO S.A.C.I.F.","BSAS_LINEA_299","SI","COLECTIVO","PROVINCIAL","BUENOS AIRES","SN",12585,"NO"
2026-03-14,"MICRO OMNIBUS QUILMES S.A.C.I. Y F.","BSAS_LINEA_300","SI","COLECTIVO","PROVINCIAL","BUENOS AIRES","SN",6952,"NO"
2026-03-14,"COMPAÑIA NOROESTE S.A.T.","BSAS_LINEA_304","SI","COLECTIVO","PROVINCIAL","BUENOS AIRES","SN",18720,"NO"
2026-03-14,"EXPRESO ESTEBAN ECHEVERRIA S.R.L.","BSAS_LINEA_306","SI","COLECTIVO","PROVINCIAL","BUENOS AIRES","SN",33704,"NO"
2026-03-14,"EMPRESA LINEA SIETE SAT","BSAS_LINEA_307","SI","COLECTIVO","PROVINCIAL","BUENOS AIRES","SN",16137,"NO"
2026-03-14,"ROCARAZA S.A.","BSAS_LINEA_31","SI","COLECTIVO","NACIONAL","JN","SD",28582,"NO"
2026-03-14,"COMPAÑIA ISLEÑA S.R.L.","BSAS_LINEA_310","SI","COLECTIVO","PROVINCIAL","BUENOS AIRES","SN",2185,"NO"
2026-03-14,"TRANSPORTES LA PERLITA S.A. ","BSAS_LINEA_311","SI","COLECTIVO","PROVINCIAL","BUENOS AIRES","SN",16215,"NO"
2026-03-14,"TRANSPORTES LA PERLITA S.A. ","BSAS_LINEA_312","SI","COLECTIVO","PROVINCIAL","BUENOS AIRES","SN",8885,"NO"
2026-03-14,"RUTA BUS S.A.","BSAS_LINEA_313","SI","COLECTIVO","PROVINCIAL","BUENOS AIRES","SN",2085,"NO"
2026-03-14,"LA PRIMERA DE MARTINEZ S.A","BSAS_LINEA_314","SI","COLECTIVO","PROVINCIAL","BUENOS AIRES","SN",22332,"NO"
2026-03-14,"LA PRIMERA DE GRAND BOURG S.A.","BSAS_LINEA_315","SI","COLECTIVO","PROVINCIAL","BUENOS AIRES","SN",16652,"NO"
2026-03-14,"LA CABAÑA S.A.","BSAS_LINEA_317","SI","COLECTIVO","PROVINCIAL","BUENOS AIRES","SN",12271,"NO"
2026-03-14,"MICRO OMNIBUS MITRE S.A.","BSAS_LINEA_318","SI","COLECTIVO","PROVINCIAL","BUENOS AIRES","SN",28602,"NO"
2026-03-14,"EMPRESA DEL OESTE SAT","BSAS_LINEA_320","SI","COLECTIVO","PROVINCIAL","BUENOS AIRES","SN",2758,"NO"
2026-03-14,"MICROOMNIBUS SAAVEDRA S.A.T.A.C.I.","BSAS_LINEA_321","SI","COLECTIVO","PROVINCIAL","BUENOS AIRES","SN",5818,"NO"
2026-03-14,"LIBERTADOR SAN MARTIN SAT","BSAS_LINEA_322","SI","COLECTIVO","PROVINCIAL","BUENOS AIRES","SN",11437,"NO"
2026-03-14,"COMPAÑÍA DE OMNIBUS 25 DE MAYO LINEA 278","BSAS_LINEA_323","SI","COLECTIVO","PROVINCIAL","BUENOS AIRES","SN",13141,"NO"
2026-03-14,"MICRO OMNIBUS PRIMERA JUNTA S.A","BSAS_LINEA_324","SI","COLECTIVO","PROVINCIAL","BUENOS AIRES","SN",57092,"NO"
2026-03-14,"ALMAFUERTE EMPRESA DE TRANSPORTE S.A.C.I. E I","BSAS_LINEA_325","SI","COLECTIVO","PROVINCIAL","BUENOS AIRES","SN",4568,"NO"
2026-03-14,"LIBERTADOR SAN MARTIN SAT","BSAS_LINEA_327","SI","COLECTIVO","PROVINCIAL","BUENOS AIRES","SN",13299,"NO"
2026-03-14,"TRANSPORTES VILLA BOSCH SAC el","BSAS_LINEA_328","SI","COLECTIVO","PROVINCIAL","BUENOS AIRES","SN",14151,"NO"
2026-03-14,"TRANSPORTES LA PERLITA S.A. ","BSAS_LINEA_329","SI","COLECTIVO","PROVINCIAL","BUENOS AIRES","SN",8421,"NO"
2026-03-14,"MICRO OMNIBUS GENERAL SAN MARTIN SAC","BSAS_LINEA_333A","SI","COLECTIVO","PROVINCIAL","BUENOS AIRES","SN",5659,"NO"
2026-03-14,"LIBERTADOR SAN MARTIN SAT","BSAS_LINEA_336","SI","COLECTIVO","PROVINCIAL","BUENOS AIRES","SN",3265,"NO"
2026-03-14,"TRANSPORTE AUTOMOTORES LA PLATA SA","BSAS_LINEA_338","SI","COLECTIVO","PROVINCIAL","BUENOS AIRES","SN",32498,"NO"
2026-03-14,"EXPRESO PARQUE EL LUCERO S.A. DE TRANSPORTES","BSAS_LINEA_341","SI","COLECTIVO","PROVINCIAL","BUENOS AIRES","SN",17478,"NO"
2026-03-14,"COMPAÑIA NOROESTE S.A.T.","BSAS_LINEA_343","SI","COLECTIVO","PROVINCIAL","BUENOS AIRES","SN",20918,"NO"
2026-03-14,"RUTA BUS S.A.","BSAS_LINEA_350","SI","COLECTIVO","PROVINCIAL","BUENOS AIRES","SN",11572,"NO"
2026-03-14,"TRANSPORTES AUTOMOTORES  LANUS ESTE S.A.","BSAS_LINEA_354","SI","COLECTIVO","PROVINCIAL","BUENOS AIRES","SN",23043,"NO"
2026-03-14,"RUTA BUS S.A.","BSAS_LINEA_355","SI","COLECTIVO","PROVINCIAL","BUENOS AIRES","SN",1677,"NO"
2026-03-14,"LA NUEVA METROPOL S.A.","BSAS_LINEA_365","SI","COLECTIVO","PROVINCIAL","BUENOS AIRES","SN",61853,"NO"
2026-03-14,"SAN VICENTE S.A. DE TRANSPORTES","BSAS_LINEA_370","SI","COLECTIVO","PROVINCIAL","BUENOS AIRES","SN",6436,"NO"
2026-03-14,"EMPRESA CIUDAD DE SAN FERNANDO SA","BSAS_LINEA_371","SI","COLECTIVO","PROVINCIAL","BUENOS AIRES","SN",19629,"NO"
2026-03-14,"MICRO OMNIBUS QUILMES S.A.C.I. Y F.","BSAS_LINEA_372","SI","COLECTIVO","PROVINCIAL","BUENOS AIRES","SN",3385,"NO"
2026-03-14,"GENERAL TOMAS GUIDO S.A.C.I.F.","BSAS_LINEA_373","SI","COLECTIVO","PROVINCIAL","BUENOS AIRES","SN",8732,"NO"
2026-03-14,"ALMAFUERTE EMPRESA DE TRANSPORTE S.A.C.I. E I","BSAS_LINEA_378","SI","COLECTIVO","PROVINCIAL","BUENOS AIRES","SN",18840,"NO"
2026-03-14,"EXPRESO PARQUE EL LUCERO S.A. DE TRANSPORTES","BSAS_LINEA_379","SI","COLECTIVO","PROVINCIAL","BUENOS AIRES","SN",8710,"NO"
2026-03-14,"NUEVO IDEAL S.A.","BSAS_LINEA_382","SI","COLECTIVO","PROVINCIAL","BUENOS AIRES","SN",14172,"NO"
2026-03-14,"TRANSPORTES SAN JUAN BAUTISTA S.A.","BSAS_LINEA_383","SI","COLECTIVO","PROVINCIAL","BUENOS AIRES","SN",9425,"NO"
2026-03-14,"GENERAL TOMAS GUIDO S.A.C.I.F.","BSAS_LINEA_384","SI","COLECTIVO","PROVINCIAL","BUENOS AIRES","SN",4550,"NO"
2026-03-14,"SAN VICENTE S.A. DE TRANSPORTES","BSAS_LINEA_385","SI","COLECTIVO","PROVINCIAL","BUENOS AIRES","SN",8132,"NO"
2026-03-14,"COMPAÑIA  DE TRANSPORTE VECINAL S.A.","BSAS_LINEA_386","SI","COLECTIVO","PROVINCIAL","BUENOS AIRES","SN",655,"NO"
2026-03-14,"SAN VICENTE S.A. DE TRANSPORTES","BSAS_LINEA_388","SI","COLECTIVO","PROVINCIAL","BUENOS AIRES","SN",4454,"NO"
2026-03-14,"EMPRESA DEL OESTE SAT","BSAS_LINEA_390","SI","COLECTIVO","PROVINCIAL","BUENOS AIRES","SN",5588,"NO"
2026-03-14,"EXPRESO PARQUE EL LUCERO S.A. DE TRANSPORTES","BSAS_LINEA_391","SI","COLECTIVO","PROVINCIAL","BUENOS AIRES","SN",12340,"NO"
2026-03-14,"LIBERTADOR SAN MARTIN SAT","BSAS_LINEA_392","SI","COLECTIVO","PROVINCIAL","BUENOS AIRES","SN",3273,"NO"
2026-03-14,"EMPRESA MONTE GRANDE S.A. LINEA 501","BSAS_LINEA_394","SI","COLECTIVO","PROVINCIAL","BUENOS AIRES","SN",10845,"NO"
2026-03-14,"EMPRESA LINEA 216 S.A.T.","BSAS_LINEA_395","SI","COLECTIVO","PROVINCIAL","BUENOS AIRES","SN",6494,"NO"
2026-03-14,"EMPRESA DE TRANSPORTE DEL SUR SRL","BSAS_LINEA_404","SI","COLECTIVO","PROVINCIAL","BUENOS AIRES","SN",15487,"NO"
2026-03-14,"MICRO OMNIBUS AVENIDA S.A.","BSAS_LINEA_405","SI","COLECTIVO","PROVINCIAL","BUENOS AIRES","SN",12606,"NO"
2026-03-14,"TRANSPORTE AUTOMOTORES LA PLATA SA","BSAS_LINEA_406","SI","COLECTIVO","PROVINCIAL","BUENOS AIRES","SN",16864,"NO"
2026-03-14,"MICRO OMNIBUS GENERAL SAN MARTIN SAC","BSAS_LINEA_407","SI","COLECTIVO","PROVINCIAL","BUENOS AIRES","SN",4357,"NO"
2026-03-14,"EMPRESA NUEVE DE JULIO S.A.T.","BSAS_LINEA_414","SI","COLECTIVO","PROVINCIAL","BUENOS AIRES","SN",701,"NO"
2026-03-14,"UNION PLATENSE SRL","BSAS_LINEA_418","SI","COLECTIVO","PROVINCIAL","BUENOS AIRES","SN",618,"NO"
2026-03-14,"TRANSPORTES LA PERLITA S.A. ","BSAS_LINEA_422","SI","COLECTIVO","PROVINCIAL","BUENOS AIRES","SN",15563,"NO"
2026-03-14,"LINEA SESENTA SA","BSAS_LINEA_430","SI","COLECTIVO","PROVINCIAL","BUENOS AIRES","SN",590,"NO"
2026-03-14,"SAN VICENTE S.A. DE TRANSPORTES","BSAS_LINEA_435","SI","COLECTIVO","PROVINCIAL","BUENOS AIRES","SN",3528,"NO"
2026-03-14,"EXPRESO VILLA GALICIA  SAN JOSE S.A.","BSAS_LINEA_436","SI","COLECTIVO","PROVINCIAL","BUENOS AIRES","SN",8980,"NO"
2026-03-14,"MICRO OMNIBUS GENERAL SAN MARTIN SAC","BSAS_LINEA_437","SI","COLECTIVO","PROVINCIAL","BUENOS AIRES","SN",3996,"NO"
2026-03-14,"LA PRIMERA DE GRAND BOURG S.A.","BSAS_LINEA_440","SI","COLECTIVO","PROVINCIAL","BUENOS AIRES","SN",53342,"NO"
2026-03-14,"EMPRESA LINEA 216 S.A.T.","BSAS_LINEA_441","SI","COLECTIVO","PROVINCIAL","BUENOS AIRES","SN",7323,"NO"
2026-03-14,"EMPRESA LINEA 216 S.A.T.","BSAS_LINEA_443","SI","COLECTIVO","PROVINCIAL","BUENOS AIRES","SN",703,"NO"
2026-03-14,"EMPRESA DEL OESTE SAT","BSAS_LINEA_443A","SI","COLECTIVO","PROVINCIAL","BUENOS AIRES","SN",3979,"NO"
2026-03-14,"EMPRESA CIUDAD DE SAN FERNANDO SA","BSAS_LINEA_445","SI","COLECTIVO","PROVINCIAL","BUENOS AIRES","SN",2864,"NO"
2026-03-14,"EXPRESO GENERAL SARMIENTO S.A.","BSAS_LINEA_448","SI","COLECTIVO","PROVINCIAL","BUENOS AIRES","SN",25387,"NO"
2026-03-14,"EMPRESA DE TRANSPORTES EL LITORAL S.A.","BSAS_LINEA_449","SI","COLECTIVO","PROVINCIAL","BUENOS AIRES","SN",10318,"NO"
2026-03-14,"EMPRESA DEL OESTE SAT","BSAS_LINEA_461","SI","COLECTIVO","PROVINCIAL","BUENOS AIRES","SN",2915,"NO"
2026-03-14,"EMPRESA DEL OESTE SAT","BSAS_LINEA_462","SI","COLECTIVO","PROVINCIAL","BUENOS AIRES","SN",2432,"NO"
2026-03-14,"EMPRESA DEL OESTE SAT","BSAS_LINEA_463","SI","COLECTIVO","PROVINCIAL","BUENOS AIRES","SN",9423,"NO"
2026-03-14,"EMPRESA DEL OESTE SAT","BSAS_LINEA_464","SI","COLECTIVO","PROVINCIAL","BUENOS AIRES","SN",6128,"NO"
2026-03-14,"TRANSPORTES LA PERLITA S.A. ","BSAS_LINEA_500","SI","COLECTIVO","MUNICIPAL","BUENOS AIRES","GENERAL RODRIGUEZ",12340,"NO"
2026-03-14,"EMPRESA DE TRANSPORTES SANTA RITA  SRL","BSAS_LINEA_500B","SI","COLECTIVO","MUNICIPAL","BUENOS AIRES","BRANDSEN",690,"NO"
2026-03-14,"TRANSPORTE 11 DE JUNIO S.R.L.","BSAS_LINEA_500C","SI","COLECTIVO","MUNICIPAL","BUENOS AIRES","LUJAN",877,"NO"
2026-03-14,"TRANSPORTES UNIDOS DE MERLO S.A.C.I.I.","BSAS_LINEA_500D","SI","COLECTIVO","MUNICIPAL","BUENOS AIRES","MERLO",26176,"NO"
2026-03-14,"EMPRESA TRANSPORTE TRATADO DEL PILAR S.R.L.","BSAS_LINEA_501B","SI","COLECTIVO","MUNICIPAL","BUENOS AIRES","PILAR",7718,"NO"
2026-03-14,"EMPRESA MONTE GRANDE S.A. LINEA 501","BSAS_LINEA_501C","SI","COLECTIVO","MUNICIPAL","BUENOS AIRES","ESTEBAN ECHEVERRIA",46847,"NO"
2026-03-14,"EXPRESO EMPALME LOBOS S.R.L.","BSAS_LINEA_501D","SI","COLECTIVO","MUNICIPAL","BUENOS AIRES","LOBOS",969,"NO"
2026-03-14,"MICRO OMNIBUS PRIMERA JUNTA S.A","BSAS_LINEA_501E","SI","COLECTIVO","MUNICIPAL","BUENOS AIRES","FLORENCIO VARELA",2127,"NO"
2026-03-14,"TRANSPORTE 11 DE JUNIO S.R.L.","BSAS_LINEA_501F","SI","COLECTIVO","MUNICIPAL","BUENOS AIRES","LUJAN",1244,"NO"
2026-03-14,"TRANSPORTES LA PERLITA S.A. ","BSAS_LINEA_501G","SI","COLECTIVO","MUNICIPAL","BUENOS AIRES","MORENO",100654,"NO"
2026-03-14,"RUTA BUS S.A.","BSAS_LINEA_501H","SI","COLECTIVO","MUNICIPAL","BUENOS AIRES","EXALTACION DE LA CRUZ",885,"NO"
2026-03-14,"LA PRIMERA DE MALVINAS ARGENTINAS UTE","BSAS_LINEA_501I","SI","COLECTIVO","MUNICIPAL","BUENOS AIRES","MALVINAS ARGENTINAS",4838,"NO"
2026-03-14,"LINEA EXPRESO LINIERS S.A.I.Y C.","BSAS_LINEA_502","SI","COLECTIVO","MUNICIPAL","BUENOS AIRES","CAÑUELAS",227,"NO"
2026-03-14,"UNION PLATENSE SRL","BSAS_LINEA_502_SUR","SI","COLECTIVO","MUNICIPAL","BUENOS AIRES","LA PLATA",3384,"NO"
2026-03-14,"EXPRESO EMPALME LOBOS S.R.L.","BSAS_LINEA_502A","SI","COLECTIVO","MUNICIPAL","BUENOS AIRES","LOBOS",35,"NO"
2026-03-14,"TRANSPORTE 11 DE JUNIO S.R.L.","BSAS_LINEA_502B","SI","COLECTIVO","MUNICIPAL","BUENOS AIRES","LUJAN",764,"NO"
2026-03-14,"EMPRESA TRANSPORTE TRATADO DEL PILAR S.R.L.","BSAS_LINEA_503","SI","COLECTIVO","MUNICIPAL","BUENOS AIRES","PILAR",1833,"NO"
2026-03-14,"MICROEXPRES S.A.","BSAS_LINEA_503_ESTE","SI","COLECTIVO","MUNICIPAL","BUENOS AIRES","LA PLATA",3194,"NO"
2026-03-14,"UNION TRANSITORIA COSA CIA TRANSPORTE VECINAL U.T.","BSAS_LINEA_503A","SI","COLECTIVO","MUNICIPAL","BUENOS AIRES","MERLO",20012,"NO"
2026-03-14,"SAN VICENTE S.A. DE TRANSPORTES","BSAS_LINEA_503C","SI","COLECTIVO","MUNICIPAL","BUENOS AIRES","SAN VICENTE",2888,"NO"
2026-03-14,"EXPRESO LA PLATA BUENOS AIRES S.A.","BSAS_LINEA_503E","SI","COLECTIVO","MUNICIPAL","BUENOS AIRES","LA PLATA",13429,"NO"
2026-03-14,"TRANSPORTE 11 DE JUNIO S.R.L.","BSAS_LINEA_503E","SI","COLECTIVO","MUNICIPAL","BUENOS AIRES","LUJAN",880,"NO"
2026-03-14,"EMPRESA LINEA 216 S.A.T.","BSAS_LINEA_504A","SI","COLECTIVO","MUNICIPAL","BUENOS AIRES","MERLO",33463,"NO"
2026-03-14,"MICRO OMNIBUS PRIMERA JUNTA S.A","BSAS_LINEA_504C","SI","COLECTIVO","MUNICIPAL","BUENOS AIRES","FLORENCIO VARELA",3181,"NO"
2026-03-14,"MICRO OMNIBUS TIGRE S.A.","BSAS_LINEA_505A","SI","COLECTIVO","MUNICIPAL","BUENOS AIRES","ESCOBAR",137,"NO"
2026-03-14,"COMPAÑIA MICROOMNIBUS LA COLORADA SACI","BSAS_LINEA_505D","SI","COLECTIVO","MUNICIPAL","BUENOS AIRES","FLORENCIO VARELA",7437,"NO"
2026-03-14,"EMPRESA MONTERREY S.R.L.","BSAS_LINEA_506A","SI","COLECTIVO","MUNICIPAL","BUENOS AIRES","PILAR",3856,"NO"
2026-03-14,"MICRO OMNIBUS TIGRE S.A.","BSAS_LINEA_506B","SI","COLECTIVO","MUNICIPAL","BUENOS AIRES","ESCOBAR",1104,"NO"
2026-03-14,"SAN VICENTE S.A. DE TRANSPORTES","BSAS_LINEA_507","SI","COLECTIVO","MUNICIPAL","BUENOS AIRES","FLORENCIO VARELA",2056,"NO"
2026-03-14,"MICRO OMNIBUS TIGRE S.A.","BSAS_LINEA_508A","SI","COLECTIVO","MUNICIPAL","BUENOS AIRES","ESCOBAR",2639,"NO"
2026-03-14,"EMPRESA NUEVE DE JULIO S.A.T.","BSAS_LINEA_508C","SI","COLECTIVO","MUNICIPAL","BUENOS AIRES","LA PLATA",434,"NO"
2026-03-14,"LA PRIMERA DE LA ESCONDIDA SRL","BSAS_LINEA_509","SI","COLECTIVO","MUNICIPAL","BUENOS AIRES","PILAR",3226,"NO"
2026-03-14,"LINEA SESENTA SA","BSAS_LINEA_509D","SI","COLECTIVO","MUNICIPAL","BUENOS AIRES","ESCOBAR",586,"NO"
2026-03-14,"EXPRESO VILLA GALICIA  SAN JOSE S.A.","BSAS_LINEA_510A","SI","COLECTIVO","MUNICIPAL","BUENOS AIRES","ALMIRANTE BROWN",2332,"NO"
2026-03-14,"PILARBUS SA","BSAS_LINEA_510B","SI","COLECTIVO","MUNICIPAL","BUENOS AIRES","PILAR",10533,"NO"
2026-03-14,"SAN VICENTE S.A. DE TRANSPORTES","BSAS_LINEA_511","SI","COLECTIVO","MUNICIPAL","BUENOS AIRES","FLORENCIO VARELA",535,"NO"
2026-03-14,"RUTA BUS S.A.","BSAS_LINEA_511","SI","COLECTIVO","MUNICIPAL","BUENOS AIRES","PILAR",6940,"NO"
2026-03-14,"MICRO OMNIBUS TIGRE S.A.","BSAS_LINEA_511A","SI","COLECTIVO","MUNICIPAL","BUENOS AIRES","ESCOBAR",7,"NO"
2026-03-14,"SAN VICENTE S.A. DE TRANSPORTES","BSAS_LINEA_512","SI","COLECTIVO","MUNICIPAL","BUENOS AIRES","FLORENCIO VARELA",1568,"NO"
2026-03-14,"SAN VICENTE S.A. DE TRANSPORTES","BSAS_LINEA_513","SI","COLECTIVO","MUNICIPAL","BUENOS AIRES","FLORENCIO VARELA",1735,"NO"
2026-03-14,"MICRO OMNIBUS TIGRE S.A.","BSAS_LINEA_513A","SI","COLECTIVO","MUNICIPAL","BUENOS AIRES","ESCOBAR",2082,"NO"
2026-03-14,"MICRO OMNIBUS AVENIDA S.A.","BSAS_LINEA_514","SI","COLECTIVO","MUNICIPAL","BUENOS AIRES","ALMIRANTE BROWN",16345,"NO"
2026-03-14,"TRANSPORTE DEL SUR S.R.L.","BSAS_LINEA_515","SI","COLECTIVO","MUNICIPAL","BUENOS AIRES","ALMIRANTE BROWN",13460,"NO"
2026-03-14,"EMPRESA J.M. EZEIZA S.R.L.","BSAS_LINEA_518","SI","COLECTIVO","MUNICIPAL","BUENOS AIRES","EZEIZA",17060,"NO"
2026-03-14,"EXPRESO LA PLATA BUENOS AIRES S.A.","BSAS_LINEA_518","SI","COLECTIVO","MUNICIPAL","BUENOS AIRES","LA PLATA",316,"NO"
2026-03-14,"LA CENTRAL DE ESCOBAR SA","BSAS_LINEA_520A","SI","COLECTIVO","MUNICIPAL","BUENOS AIRES","PILAR",11459,"NO"
2026-03-14,"MICRO OMNIBUS AVENIDA S.A.","BSAS_LINEA_520B","SI","COLECTIVO","MUNICIPAL","BUENOS AIRES","LANUS",7788,"NO"
2026-03-14,"UNION PLATENSE SRL","BSAS_LINEA_520C","SI","COLECTIVO","MUNICIPAL","BUENOS AIRES","LA PLATA",4667,"NO"
2026-03-14,"CIA ANDRADE EMPRESA DE TRANSPORTE DE PASAJEROS SRL","BSAS_LINEA_523","SI","COLECTIVO","MUNICIPAL","BUENOS AIRES","LANUS",3845,"NO"
2026-03-14,"EMPRESA CINCO DE AGOSTO S.R.L.","BSAS_LINEA_524","SI","COLECTIVO","MUNICIPAL","BUENOS AIRES","LANUS",5844,"NO"
2026-03-14,"EMPRESA DE TRANSPORTE 12 DE OCTUBRE S R L","BSAS_LINEA_531","NO","COLECTIVO","MUNICIPAL","BUENOS AIRES","GENERAL PUEYRREDON",3641,"NO"
2026-03-14,"EMPRESA DE TRANSPORTE 12 DE OCTUBRE S R L","BSAS_LINEA_532","NO","COLECTIVO","MUNICIPAL","BUENOS AIRES","GENERAL PUEYRREDON",5692,"NO"
2026-03-14,"EMPRESA DE TRANSPORTE 12 DE OCTUBRE S R L","BSAS_LINEA_533","NO","COLECTIVO","MUNICIPAL","BUENOS AIRES","GENERAL PUEYRREDON",1344,"NO"
2026-03-14,"YITOS S.A.","BSAS_LINEA_541","SI","COLECTIVO","MUNICIPAL","BUENOS AIRES","LOMAS DE ZAMORA",7294,"NO"
2026-03-14,"YITOS S.A.","BSAS_LINEA_543","SI","COLECTIVO","MUNICIPAL","BUENOS AIRES","LOMAS DE ZAMORA",10144,"NO"
2026-03-14,"YITOS S.A.","BSAS_LINEA_544","SI","COLECTIVO","MUNICIPAL","BUENOS AIRES","LOMAS DE ZAMORA",17055,"NO"
2026-03-14,"YITOS S.A.","BSAS_LINEA_549","SI","COLECTIVO","MUNICIPAL","BUENOS AIRES","LOMAS DE ZAMORA",1188,"NO"
2026-03-14,"YITOS S.A.","BSAS_LINEA_561","SI","COLECTIVO","MUNICIPAL","BUENOS AIRES","LOMAS DE ZAMORA",2342,"NO"
2026-03-14,"EMPRESA NUEVE DE JULIO S.A.T.","BSAS_LINEA_561B","SI","COLECTIVO","MUNICIPAL","BUENOS AIRES","LA PLATA",511,"NO"
2026-03-14,"YITOS S.A.","BSAS_LINEA_562","SI","COLECTIVO","MUNICIPAL","BUENOS AIRES","LOMAS DE ZAMORA",5410,"NO"
2026-03-14,"EXPRESO VILLA GALICIA  SAN JOSE S.A.","BSAS_LINEA_564","SI","COLECTIVO","MUNICIPAL","BUENOS AIRES","LOMAS DE ZAMORA",5988,"NO"
2026-03-14,"EXPRESO VILLA NUEVA S.A.","BSAS_LINEA_580","SI","COLECTIVO","MUNICIPAL","BUENOS AIRES","QUILMES",2849,"NO"
2026-03-14,"EXPRESO VILLA NUEVA S.A.","BSAS_LINEA_582","SI","COLECTIVO","MUNICIPAL","BUENOS AIRES","QUILMES",8826,"NO"
2026-03-14,"MICRO OMNIBUS PRIMERA JUNTA S.A","BSAS_LINEA_583","SI","COLECTIVO","MUNICIPAL","BUENOS AIRES","QUILMES",6989,"NO"
2026-03-14,"MICRO OMNIBUS QUILMES S.A.C.I. Y F.","BSAS_LINEA_584","SI","COLECTIVO","MUNICIPAL","BUENOS AIRES","QUILMES",4453,"NO"
2026-03-14,"COMPAÑÍA DE OMNIBUS 25 DE MAYO LINEA 278","BSAS_LINEA_585","SI","COLECTIVO","MUNICIPAL","BUENOS AIRES","QUILMES",17384,"NO"
2026-03-14,"COMPAÑÍA DE OMNIBUS 25 DE MAYO LINEA 278","BSAS_LINEA_586","SI","COLECTIVO","MUNICIPAL","BUENOS AIRES","QUILMES",659,"NO"
2026-03-14,"MICRO OMNIBUS QUILMES S.A.C.I. Y F.","BSAS_LINEA_603","SI","COLECTIVO","MUNICIPAL","BUENOS AIRES","BERAZATEGUI",10746,"NO"
2026-03-14,"MICRO OMNIBUS QUILMES S.A.C.I. Y F.","BSAS_LINEA_619","SI","COLECTIVO","MUNICIPAL","BUENOS AIRES","BERAZATEGUI",6024,"NO"
2026-03-14,"NUEVO IDEAL S.A.","BSAS_LINEA_620","SI","COLECTIVO","MUNICIPAL","BUENOS AIRES","LA MATANZA",40381,"NO"
2026-03-14,"TRANSPORTE IDEAL SAN JUSTO S.A.","BSAS_LINEA_621","SI","COLECTIVO","MUNICIPAL","BUENOS AIRES","LA MATANZA",22365,"NO"
2026-03-14,"ALMAFUERTE EMPRESA DE TRANSPORTE S.A.C.I. E I","BSAS_LINEA_622","SI","COLECTIVO","MUNICIPAL","BUENOS AIRES","LA MATANZA",24075,"NO"
2026-03-14,"LA CABAÑA S.A.","BSAS_LINEA_624","SI","COLECTIVO","MUNICIPAL","BUENOS AIRES","LA MATANZA",16210,"NO"
2026-03-14,"ALMAFUERTE EMPRESA DE TRANSPORTE S.A.C.I. E I","BSAS_LINEA_628","SI","COLECTIVO","MUNICIPAL","BUENOS AIRES","LA MATANZA",2153,"NO"
2026-03-14,"EMPRESA LINEA 216 S.A.T.","BSAS_LINEA_634","SI","COLECTIVO","MUNICIPAL","BUENOS AIRES","MORON",8351,"NO"
2026-03-14,"LA CABAÑA S.A.","BSAS_LINEA_635","SI","COLECTIVO","MUNICIPAL","BUENOS AIRES","MORON",5272,"NO"
2026-03-14,"COMPAÑIA ISLEÑA S.R.L.","BSAS_LINEA_670","SI","COLECTIVO","MUNICIPAL","BUENOS AIRES","GENERAL SAN MARTIN",16736,"NO"
2026-03-14,"MICRO OMNIBUS GENERAL SAN MARTIN SAC","BSAS_LINEA_707","SI","COLECTIVO","MUNICIPAL","BUENOS AIRES","SAN ISIDRO",10166,"NO"
2026-03-14,"EMPRESA CIUDAD DE SAN FERNANDO SA","BSAS_LINEA_710","SI","COLECTIVO","MUNICIPAL","BUENOS AIRES","SAN FERNANDO",11676,"NO"
2026-03-14,"MICRO OMNIBUS TIGRE S.A.","BSAS_LINEA_720","SI","COLECTIVO","MUNICIPAL","BUENOS AIRES","TIGRE",29716,"NO"
2026-03-14,"MICRO OMNIBUS GENERAL PACHECO SA","BSAS_LINEA_721","SI","COLECTIVO","MUNICIPAL","BUENOS AIRES","TIGRE",23236,"NO"
2026-03-14,"UTENOR LINEA 723 UNION TRANSITORIA DE EMPRESAS","BSAS_LINEA_723","SI","COLECTIVO","MUNICIPAL","BUENOS AIRES","TIGRE",4189,"NO"
2026-03-14,"LA PRIMERA DE GRAND BOURG S.A.","BSAS_LINEA_740","SI","COLECTIVO","MUNICIPAL","BUENOS AIRES","SAN MIGUEL",19490,"NO"
2026-03-14,"SARGENTO CABRAL S.A.DE TRANSPORTE","BSAS_LINEA_741","SI","COLECTIVO","MUNICIPAL","BUENOS AIRES","JOSE C. PAZ",11845,"NO"
2026-03-14,"EMPRESA DE TRANSPORTES EL LITORAL S.A.","BSAS_LINEA_749","SI","COLECTIVO","MUNICIPAL","BUENOS AIRES","JOSE C. PAZ",18880,"NO"
2026-03-14,"TRANSPORTES COLEGIALES S.A.C.I.","CABA_LINEA_ 42","SI","COLECTIVO","C.A.B.A","C.A.B.A","SD",19299,"NO"
2026-03-14,"D.O.T.A. S.A. DE TRANSPORTE AUTOMOTOR","CABA_LINEA_ 44","SI","COLECTIVO","C.A.B.A","C.A.B.A","SD",16494,"NO"
2026-03-14,"NUDO S.A.","CABA_LINEA_ 50","SI","COLECTIVO","C.A.B.A","C.A.B.A","SD",15714,"NO"
2026-03-14,"TRANSPORTES LOPE DE VEGA S.A.C.I.","CABA_LINEA_ 76","SI","COLECTIVO","C.A.B.A","C.A.B.A","SD",17308,"NO"
2026-03-14,"TRANSPORTES AUTOMOTORES RIACHUELO S.A.","CABA_LINEA_025","SI","COLECTIVO","C.A.B.A","C.A.B.A","SD",8456,"NO"
2026-03-14,"JUAN B. JUSTO S.A.T.C.I.","CABA_LINEA_04","SI","COLECTIVO","C.A.B.A","C.A.B.A","SD",11886,"NO"
2026-03-14,"TRANSPORTES AUTOMOTORES RIACHUELO S.A.","CABA_LINEA_084","SI","COLECTIVO","C.A.B.A","C.A.B.A","SD",9592,"NO"
2026-03-14,"TRANSP. SGTO. CABRAL","CABA_LINEA_102","SI","COLECTIVO","C.A.B.A","C.A.B.A","SD",14084,"NO"
2026-03-14,"COLECTIVEROS UNIDOS S.A.","CABA_LINEA_106","SI","COLECTIVO","C.A.B.A","C.A.B.A","SD",31118,"NO"
2026-03-14,"NUDO S.A.","CABA_LINEA_107","SI","COLECTIVO","C.A.B.A","C.A.B.A","SD",15573,"NO"
2026-03-14,"EMPRESA DE TRANSP. TTE. GRAL. ROCA S.A","CABA_LINEA_108","SI","COLECTIVO","C.A.B.A","C.A.B.A","SD",13455,"NO"
2026-03-14,"TRANSPORTE NUEVE DE JULIO SAC.","CABA_LINEA_109","SI","COLECTIVO","C.A.B.A","C.A.B.A","SD",13805,"NO"
2026-03-14,"TRANSPORTES AUTOMOTORES RIACHUELO S.A.","CABA_LINEA_115","SI","COLECTIVO","C.A.B.A","C.A.B.A","SD",11822,"NO"
2026-03-14,"MICROOMNIBUS BARRANCAS DE BELGRANO S.A.","CABA_LINEA_118","SI","COLECTIVO","C.A.B.A","C.A.B.A","SD",16291,"NO"
2026-03-14,"TRANSPORTES AUTOMOTORES CALLAO S.A.","CABA_LINEA_12","SI","COLECTIVO","C.A.B.A","C.A.B.A","SD",29981,"NO"
2026-03-14,"NUEVOS RUMBOS S.A.T.A.C.I.F.I.","CABA_LINEA_132","SI","COLECTIVO","C.A.B.A","C.A.B.A","SD",31000,"NO"
2026-03-14,"LA NUEVA METROPOL S.A.","CABA_LINEA_151","SI","COLECTIVO","C.A.B.A","C.A.B.A","SD",24922,"NO"
2026-03-14,"17 DE AGOSTO S.A.","CABA_LINEA_26","SI","COLECTIVO","C.A.B.A","C.A.B.A","SD",18516,"NO"
2026-03-14,"JUAN B. JUSTO S.A.T.C.I.","CABA_LINEA_34","SI","COLECTIVO","C.A.B.A","C.A.B.A","SD",33115,"NO"
2026-03-14,"TRANSPORTES SANTA FE S.A.C.I.","CABA_LINEA_39","SI","COLECTIVO","C.A.B.A","C.A.B.A","SD",33122,"NO"
2026-03-14,"LINEA DE MICROOMNIBUS 47 S.A.T.C.F.I.","CABA_LINEA_47","SI","COLECTIVO","C.A.B.A","C.A.B.A","SD",10220,"NO"
2026-03-14,"LA CENTRAL DE VICENTE LOPEZ S.A.","CABA_LINEA_61","SI","COLECTIVO","C.A.B.A","C.A.B.A","SD",3009,"NO"
2026-03-14,"LA CENTRAL DE VICENTE LOPEZ S.A.","CABA_LINEA_62","SI","COLECTIVO","C.A.B.A","C.A.B.A","SD",2672,"NO"
2026-03-14,"VUELTA DE ROCHA S.A.T.C.I.","CABA_LINEA_64","SI","COLECTIVO","C.A.B.A","C.A.B.A","SD",21720,"NO"
2026-03-14,"LA NUEVA METROPOL S.A.","CABA_LINEA_65","SI","COLECTIVO","C.A.B.A","C.A.B.A","SD",16804,"NO"
2026-03-14,"TRANSPORTES SESENTA Y OCHO S.R.L.","CABA_LINEA_68","SI","COLECTIVO","C.A.B.A","C.A.B.A","SD",28881,"NO"
2026-03-14,"TRANSP. AUTOMOTORES 12 DE OCTUBRE S.A.C.","CABA_LINEA_7","SI","COLECTIVO","C.A.B.A","C.A.B.A","SD",8482,"NO"
2026-03-14,"COOP. DE PROVISION DE SERVICIOS 1 DE SEPTIEMBRE LTDA","CHACRA MONTE - PAISSANIDIS","NO","COLECTIVO","MUNICIPAL","RÍO NEGRO","GENERAL ROCA",592,"NO"
2026-03-14,"SOFSE - Mitre","FCC MITRE_TIGRE","SI","TREN","NACIONAL","JN","SD",49511,"NO"
2026-03-14,"SOFSE - Roca","FFCC ROCA","SI","TREN","NACIONAL","JN","SD",200483,"NO"
2026-03-14,"SOFSE- SARMIENTO","FFCC SAR","SI","TREN","NACIONAL","JN","SD",125932,"NO"
2026-03-14,"METROVIAS S.A. (URQUIZA)","FFCC URQUIZA","SI","TREN","NACIONAL","JN","SD",29878,"NO"
2026-03-14,"SOFSE - Belgrano Sur","FFCC_BELG_SUR","SI","TREN","NACIONAL","JN","SD",34934,"NO"
2026-03-14,"FERROVIAS S.A.","FFCC_BELGRANO_NORTE","SI","TREN","NACIONAL","JN","SD",47611,"NO"
2026-03-14,"SOFSE - Mitre","FFCC_MITRE","SI","TREN","NACIONAL","JN","SD",118,"NO"
2026-03-14,"SOFSE - Mitre","FFCC_MITRE_CAPILLA","SI","TREN","NACIONAL","JN","SD",67,"NO"
2026-03-14,"SOFSE - Mitre","FFCC_MITRE_ZARATE","SI","TREN","NACIONAL","JN","SD",146,"NO"
2026-03-14,"SOFSE - Roca","FFCC_ROCA_CAÑUELAS-MONTE","SI","TREN","NACIONAL","JN","SD",6,"NO"
2026-03-14,"SOFSE - Roca","FFCC_ROCA_KORN-CHASCOMUS","SI","TREN","NACIONAL","JN","SD",243,"NO"
2026-03-14,"SOFSE - Roca","FFCC_ROCA_UNIVERSITARIO","SI","TREN","NACIONAL","JN","SD",157,"NO"
2026-03-14,"SOFSE - San Martin","FFCC_SANM","SI","TREN","NACIONAL","JN","SD",69508,"NO"
2026-03-14,"SOFSE - Mitre","FFCC_SUAREZ","SI","TREN","NACIONAL","JN","SD",17579,"NO"
2026-03-14,"SOFSE- TREN DE LA COSTA","FFCC_TREN_COSTA","SI","TREN","NACIONAL","JN","SD",4764,"NO"
2026-03-14,"COOP. DE PROVISION DE SERVICIOS 1 DE SEPTIEMBRE LTDA","ISLAS MALVINAS - PUENTE CERO","NO","COLECTIVO","MUNICIPAL","RÍO NEGRO","GENERAL ROCA",522,"NO"
2026-03-14,"COOP. DE PROVISION DE SERVICIOS 1 DE SEPTIEMBRE LTDA","J.J. GOMEZ - ALTA BARDA","NO","COLECTIVO","MUNICIPAL","RÍO NEGRO","GENERAL ROCA",685,"NO"
2026-03-14,"EMOVA MOVILIDAD S.A. (ex MTV)","LIN_PREMETRO","SI","SUBTE",,,,3609,"NO"
2026-03-14,"MAREGA GUSTAVO ANTONIO","LINEA 03","NO","COLECTIVO","MUNICIPAL","SANTA FE","RECONQUISTA",153,"NO"
2026-03-14,"BRAIDOT JOSE MANUEL","LINEA 04","NO","COLECTIVO","MUNICIPAL","SANTA FE","RECONQUISTA",63,"NO"
2026-03-14,"TRANSPORTE JACOBSEN S.R.L.","LINEA 1 ESQUEL/LA ALDEA","NO","COLECTIVO","PROVINCIAL","CHUBUT","SN",103,"NO"
2026-03-14,"EMPRESA DE TRANSPORTE 12 DE OCTUBRE S R L","LINEA 1","NO","COLECTIVO","MUNICIPAL","BUENOS AIRES","PINAMAR",1334,"NO"
2026-03-14,"VIA 51 VIAJES SA","LINEA 1","NO","COLECTIVO","MUNICIPAL","BUENOS AIRES","TORNQUIST",120,"NO"
2026-03-14,"TRANSPORTE JACOBSEN S.R.L.","LINEA 1","NO","COLECTIVO","MUNICIPAL","CHUBUT","ESQUEL",246,"NO"
2026-03-14,"SI! BUS EMPRESA SARMIENTO S.R.L - INTERCORDOBA S.A – UTE","LINEA 1","NO","COLECTIVO","MUNICIPAL","CORDOBA","VILLA ALLENDE",51,"NO"
2026-03-14,"COOPERATIVA TRABAJO TRANSPORTES CONCORDIA LTDA","LINEA 1","NO","COLECTIVO","MUNICIPAL","ENTRE RÍOS","CONCORDIA",2844,"NO"
2026-03-14,"DELCAUSSE HERMANOS SOCIEDAD DE RESPONSABILIDAD LIMITADA","LINEA 1","NO","COLECTIVO","MUNICIPAL","ENTRE RÍOS","GUALEGUAYCHU",257,"NO"
2026-03-14,"ENTE MUNICIPAL DE SERVICIOS URBANOS","LINEA 1","NO","COLECTIVO","MUNICIPAL","LA PAMPA","SANTA ROSA",270,"NO"
2026-03-14,"PEHUENCHE S A","LINEA 1","NO","COLECTIVO","MUNICIPAL","RÍO NEGRO","CIPOLLETTI",363,"NO"
2026-03-14,"MUNICIPALIDAD DE RAFAELA","LINEA 1","NO","COLECTIVO","MUNICIPAL","SANTA FE","RAFAELA",91,"NO"
2026-03-14,"AUTOTRANSPORTE DECANO S.R.L","LINEA 1","NO","COLECTIVO","MUNICIPAL","SANTIAGO DEL ESTERO","LA BANDA",53,"NO"
2026-03-14,"EL GALGO SRL","LINEA 1","NO","COLECTIVO","MUNICIPAL","TUCUMAN","SAN MIGUEL DE TUCUMAN",1234,"NO"
2026-03-14,"TRANSPORTES SAN CAYETANO S.A.C.","LINEA 1","SI","COLECTIVO","NACIONAL","JN","SD",7679,"NO"
2026-03-14,"CONIFERAL S.A.","LINEA 10","NO","COLECTIVO","MUNICIPAL","CORDOBA","CORDOBA",7850,"NO"
2026-03-14,"LEAGAS S.A.","LINEA 10","NO","COLECTIVO","MUNICIPAL","TUCUMAN","SAN MIGUEL DE TUCUMAN",2485,"NO"
2026-03-14,"VIZZONI LIDIA INES","LINEA 10","NO","COLECTIVO","PROVINCIAL","CATAMARCA","SN",188,"NO"
2026-03-14,"S.A TRANSPORTE CIUDAD DE RIO CUARTO","LINEA 100","NO","COLECTIVO","MUNICIPAL","CORDOBA","RIO CUARTO",66,"NO"
2026-03-14,"SOCIEDAD DE TRANSPORTE DE MENDOZA SOCIEDAD ANONIMA UNIPERSONAL DE PARTICIPACION ESTATAL","LINEA 100","NO","COLECTIVO","PROVINCIAL","MENDOZA","SN",2727,"NO"
2026-03-14,"S.A TRANSPORTE CIUDAD DE RIO CUARTO","LINEA 101","NO","COLECTIVO","MUNICIPAL","CORDOBA","RIO CUARTO",59,"NO"
2026-03-14,"D.O.T.A. S.A. DE TRANSPORTE AUTOMOTOR","LINEA 101","SI","COLECTIVO","NACIONAL","JN","SD",24390,"NO"
2026-03-14,"S.A TRANSPORTE CIUDAD DE RIO CUARTO","LINEA 105","NO","COLECTIVO","MUNICIPAL","CORDOBA","RIO CUARTO",66,"NO"
2026-03-14,"S.A TRANSPORTE CIUDAD DE RIO CUARTO","LINEA 106","NO","COLECTIVO","MUNICIPAL","CORDOBA","RIO CUARTO",82,"NO"
2026-03-14,"S.A TRANSPORTE CIUDAD DE RIO CUARTO","LINEA 107","NO","COLECTIVO","MUNICIPAL","CORDOBA","RIO CUARTO",25,"NO"
2026-03-14,"S.A TRANSPORTE CIUDAD DE RIO CUARTO","LINEA 109","NO","COLECTIVO","MUNICIPAL","CORDOBA","RIO CUARTO",34,"NO"
2026-03-14,"CONIFERAL S.A.","LINEA 11","NO","COLECTIVO","MUNICIPAL","CORDOBA","CORDOBA",4220,"NO"
2026-03-14,"TCM BUS S.R.L.","LINEA 11","NO","COLECTIVO","MUNICIPAL","TUCUMAN","SAN MIGUEL DE TUCUMAN",3438,"NO"
2026-03-14,"SOCIEDAD DE TRANSPORTE DE MENDOZA SOCIEDAD ANONIMA UNIPERSONAL DE PARTICIPACION ESTATAL","LINEA 110","NO","COLECTIVO","PROVINCIAL","MENDOZA","SN",7920,"NO"
2026-03-14,"MICROOMNIBUS CUARENTA Y CINCO S.A.C.I.F.","LINEA 119","SI","COLECTIVO","NACIONAL","JN","SD",6589,"NO"
2026-03-14,"CONIFERAL S.A.","LINEA 12","NO","COLECTIVO","MUNICIPAL","CORDOBA","CORDOBA",3483,"NO"
2026-03-14,"EMPRESA CERRO POZO S.R.L.","LINEA 12","NO","COLECTIVO","MUNICIPAL","TUCUMAN","SAN MIGUEL DE TUCUMAN",889,"NO"
2026-03-14,"EMPRESA DE SERVICIOS EL JACARANDA S.A.","LINEA 12","NO","COLECTIVO","MUNICIPAL","TUCUMAN","SAN MIGUEL DE TUCUMAN",715,"NO"
2026-03-14,"ILLAGES S.R.L.","LINEA 12","NO","COLECTIVO","MUNICIPAL","TUCUMAN","SAN MIGUEL DE TUCUMAN",676,"NO"
2026-03-14,"TRANSPORTE YERBA BUENA SRL","LINEA 12","NO","COLECTIVO","MUNICIPAL","TUCUMAN","SAN MIGUEL DE TUCUMAN",872,"NO"
2026-03-14,"ERSA URBANO SA","LINEA 12","NO","COLECTIVO","PROVINCIAL","ENTRE RÍOS","SN",190,"NO"
2026-03-14,"SOCIEDAD DE TRANSPORTE DE MENDOZA SOCIEDAD ANONIMA UNIPERSONAL DE PARTICIPACION ESTATAL","LINEA 120","NO","COLECTIVO","PROVINCIAL","MENDOZA","SN",5459,"NO"
2026-03-14,"SOCIEDAD DE TRANSPORTE DE MENDOZA SOCIEDAD ANONIMA UNIPERSONAL DE PARTICIPACION ESTATAL","LINEA 121","NO","COLECTIVO","PROVINCIAL","MENDOZA","SN",4785,"NO"
2026-03-14,"SOCIEDAD DE TRANSPORTE DE MENDOZA SOCIEDAD ANONIMA UNIPERSONAL DE PARTICIPACION ESTATAL","LINEA 125","NO","COLECTIVO","PROVINCIAL","MENDOZA","SN",432,"NO"
2026-03-14,"SOCIEDAD DE TRANSPORTE DE MENDOZA SOCIEDAD ANONIMA UNIPERSONAL DE PARTICIPACION ESTATAL","LINEA 126","NO","COLECTIVO","PROVINCIAL","MENDOZA","SN",254,"NO"
2026-03-14,"CONIFERAL S.A.","LINEA 13","NO","COLECTIVO","MUNICIPAL","CORDOBA","CORDOBA",739,"NO"
2026-03-14,"SOCIEDAD DE TRANSPORTE DE MENDOZA SOCIEDAD ANONIMA UNIPERSONAL DE PARTICIPACION ESTATAL","LINEA 130","NO","COLECTIVO","PROVINCIAL","MENDOZA","SN",1408,"NO"
2026-03-14,"CONIFERAL S.A.","LINEA 14","NO","COLECTIVO","MUNICIPAL","CORDOBA","CORDOBA",3284,"NO"
2026-03-14,"SOCIEDAD DE TRANSPORTE DE MENDOZA SOCIEDAD ANONIMA UNIPERSONAL DE PARTICIPACION ESTATAL","LINEA 140","NO","COLECTIVO","PROVINCIAL","MENDOZA","SN",3660,"NO"
2026-03-14,"ROSARIO GUARANI SA","LINEA 145","SI","COLECTIVO","NACIONAL","JN","SD",18326,"NO"
2026-03-14,"CONIFERAL S.A.","LINEA 15","NO","COLECTIVO","MUNICIPAL","CORDOBA","CORDOBA",2655,"NO"
2026-03-14,"9 DE JULIO","LINEA 15","NO","COLECTIVO","PROVINCIAL","CATAMARCA","SN",174,"NO"
2026-03-14,"ERSA URBANO SA","LINEA 15","NO","COLECTIVO","PROVINCIAL","ENTRE RÍOS","SN",96,"NO"
2026-03-14,"EMPRESA RECREO S R L","LINEA 157 SFE","NO","COLECTIVO","PROVINCIAL","SANTA FE","SN",2466,"NO"
2026-03-14,"EMPRESA RECREO S R L","LINEA 158 SFE","NO","COLECTIVO","PROVINCIAL","SANTA FE","SN",290,"NO"
2026-03-14,"CONIFERAL S.A.","LINEA 16","NO","COLECTIVO","MUNICIPAL","CORDOBA","CORDOBA",1228,"NO"
2026-03-14,"9 DE JULIO","LINEA 16","NO","COLECTIVO","PROVINCIAL","CATAMARCA","SN",55,"NO"
2026-03-14,"CONIFERAL S.A.","LINEA 17","NO","COLECTIVO","MUNICIPAL","CORDOBA","CORDOBA",2196,"NO"
2026-03-14,"EL CONDOR SRL","LINEA 17","NO","COLECTIVO","MUNICIPAL","TUCUMAN","SAN MIGUEL DE TUCUMAN",3990,"NO"
2026-03-14,"CONIFERAL S.A.","LINEA 18","NO","COLECTIVO","MUNICIPAL","CORDOBA","CORDOBA",2171,"NO"
2026-03-14,"BSV LOGISTICA S.A.S.","LINEA 18","NO","COLECTIVO","MUNICIPAL","TUCUMAN","SAN MIGUEL DE TUCUMAN",1416,"NO"
2026-03-14,"EMPRESA MAIPU S.R.L","LINEA 1856","NO","COLECTIVO","PROVINCIAL","MENDOZA","SN",171,"NO"
2026-03-14,"CONIFERAL S.A.","LINEA 19","NO","COLECTIVO","MUNICIPAL","CORDOBA","CORDOBA",866,"NO"
2026-03-14,"B y V TRANSPORTES S.R.L.","LINEA 19","NO","COLECTIVO","MUNICIPAL","TUCUMAN","SAN MIGUEL DE TUCUMAN",3595,"NO"
2026-03-14,"LINEA 28 DE JULIO SOCIEDAD COOPERATIVA DE TRABAJO DE TRANSPORTES LIMITADA","LINEA 1: TRELEW / PUERTO MADRYN","NO","COLECTIVO","PROVINCIAL","CHUBUT","SN",480,"NO"
2026-03-14,"DAVALO ELIANA ELISABET","LINEA 2 BIS","NO","COLECTIVO","MUNICIPAL","SANTA FE","RECONQUISTA",43,"NO"
2026-03-14,"TRANSPORTE JACOBSEN S.R.L.","LINEA 2 ESQUEL/TREVELIN","NO","COLECTIVO","PROVINCIAL","CHUBUT","SN",459,"NO"
2026-03-14,"TRANSPORTE JACOBSEN S.R.L.","LINEA 2","NO","COLECTIVO","MUNICIPAL","CHUBUT","ESQUEL",135,"NO"
2026-03-14,"COOPERATIVA DE TRABAJO ""12 DE OCTUBRE"" LTADA","LINEA 2","NO","COLECTIVO","MUNICIPAL","ENTRE RÍOS","CONCORDIA",2403,"NO"
2026-03-14,"ENTE MUNICIPAL DE SERVICIOS URBANOS","LINEA 2","NO","COLECTIVO","MUNICIPAL","LA PAMPA","SANTA ROSA",477,"NO"
2026-03-14,"PEHUENCHE S A","LINEA 2","NO","COLECTIVO","MUNICIPAL","RÍO NEGRO","CIPOLLETTI",286,"NO"
2026-03-14,"MUNICIPALIDAD DE RAFAELA","LINEA 2","NO","COLECTIVO","MUNICIPAL","SANTA FE","RAFAELA",54,"NO"
2026-03-14,"ESPONDA OSVALDO RAMON Y CAMPIÑO CARLOS ANTONIO S.H.","LINEA 2","NO","COLECTIVO","PROVINCIAL","ENTRE RÍOS","SN",694,"NO"
2026-03-14,"ERSA URBANO SA","LINEA 20","NO","COLECTIVO","PROVINCIAL","ENTRE RÍOS","SN",995,"NO"
2026-03-14,"EMPRESA MAIPU S.R.L.","LINEA 200","NO","COLECTIVO","PROVINCIAL","MENDOZA","SN",6190,"NO"
2026-03-14,"EMPRESA MAIPU S.R.L.","LINEA 201","NO","COLECTIVO","PROVINCIAL","MENDOZA","SN",7363,"NO"
2026-03-14,"EMPRESA MAIPU S.R.L.","LINEA 202","NO","COLECTIVO","PROVINCIAL","MENDOZA","SN",350,"NO"
2026-03-14,"EMPRESA MAIPU S.R.L.","LINEA 203","NO","COLECTIVO","PROVINCIAL","MENDOZA","SN",1735,"NO"
2026-03-14,"EMPRESA MAIPU S.R.L.","LINEA 204","NO","COLECTIVO","PROVINCIAL","MENDOZA","SN",2134,"NO"
2026-03-14,"NUEVO IDEAL S.A.","LINEA 205","SI","COLECTIVO","PROVINCIAL","BUENOS AIRES","SN",6424,"NO"
2026-03-14,"EMPRESA MAIPU S.R.L.","LINEA 205","NO","COLECTIVO","PROVINCIAL","MENDOZA","SN",567,"NO"
2026-03-14,"EMPRESA MAIPU S.R.L.","LINEA 206","NO","COLECTIVO","PROVINCIAL","MENDOZA","SN",138,"NO"
2026-03-14,"EMPRESA MAIPU S.R.L.","LINEA 207","NO","COLECTIVO","PROVINCIAL","MENDOZA","SN",457,"NO"
2026-03-14,"EMPRESA MAIPU S.R.L.","LINEA 208","NO","COLECTIVO","PROVINCIAL","MENDOZA","SN",495,"NO"
2026-03-14,"ERSA URBANO SA","LINEA 22","NO","COLECTIVO","PROVINCIAL","ENTRE RÍOS","SN",2600,"NO"
2026-03-14,"EMPRESA MAIPU S.R.L.","LINEA 221","NO","COLECTIVO","PROVINCIAL","MENDOZA","SN",1080,"NO"
2026-03-14,"EMPRESA MAIPU S.R.L.","LINEA 230","NO","COLECTIVO","PROVINCIAL","MENDOZA","SN",1323,"NO"
2026-03-14,"EMPRESA MAIPU S.R.L.","LINEA 232","NO","COLECTIVO","PROVINCIAL","MENDOZA","SN",1010,"NO"
2026-03-14,"EMPRESA MAIPU S.R.L.","LINEA 233","NO","COLECTIVO","PROVINCIAL","MENDOZA","SN",2472,"NO"
2026-03-14,"EMPRESA MAIPU S.R.L.","LINEA 234","NO","COLECTIVO","PROVINCIAL","MENDOZA","SN",2919,"NO"
2026-03-14,"EMPRESA MAIPU S.R.L.","LINEA 235","NO","COLECTIVO","PROVINCIAL","MENDOZA","SN",929,"NO"
2026-03-14,"EMPRESA MAIPU S.R.L.","LINEA 236","NO","COLECTIVO","PROVINCIAL","MENDOZA","SN",232,"NO"
2026-03-14,"EMPRESA MAIPU S.R.L.","LINEA 240","NO","COLECTIVO","PROVINCIAL","MENDOZA","SN",713,"NO"
2026-03-14,"EMPRESA MAIPU S.R.L.","LINEA 241","NO","COLECTIVO","PROVINCIAL","MENDOZA","SN",465,"NO"
2026-03-14,"EMPRESA MAIPU S.R.L.","LINEA 242","NO","COLECTIVO","PROVINCIAL","MENDOZA","SN",441,"NO"
2026-03-14,"20 DE JULIO S.R.L.","LINEA 25","NO","COLECTIVO","PROVINCIAL","CATAMARCA","SN",182,"NO"
2026-03-14,"EMPRESA MAIPU S.R.L.","LINEA 250","NO","COLECTIVO","PROVINCIAL","MENDOZA","SN",657,"NO"
2026-03-14,"EMPRESA MAIPU S.R.L.","LINEA 251","NO","COLECTIVO","PROVINCIAL","MENDOZA","SN",704,"NO"
2026-03-14,"EMPRESA MAIPU S.R.L.","LINEA 252","NO","COLECTIVO","PROVINCIAL","MENDOZA","SN",1200,"NO"
2026-03-14,"EMPRESA MAIPU S.R.L.","LINEA 260","NO","COLECTIVO","PROVINCIAL","MENDOZA","SN",1252,"NO"
2026-03-14,"EMPRESA MAIPU S.R.L.","LINEA 261","NO","COLECTIVO","PROVINCIAL","MENDOZA","SN",1152,"NO"
2026-03-14,"EMPRESA MAIPU S.R.L.","LINEA 270","NO","COLECTIVO","PROVINCIAL","MENDOZA","SN",419,"NO"
2026-03-14,"EMPRESA MAIPU S.R.L.","LINEA 271","NO","COLECTIVO","PROVINCIAL","MENDOZA","SN",449,"NO"
2026-03-14,"D.O.T.A. S.A. DE TRANSPORTE AUTOMOTOR","LINEA 28","SI","COLECTIVO","NACIONAL","JN","SD",48663,"NO"
2026-03-14,"TEJADA, MARCOS GUSTAVO","LINEA 28","NO","COLECTIVO","PROVINCIAL","CATAMARCA","SN",52,"NO"
2026-03-14,"LINEA 28 DE JULIO SOCIEDAD COOPERATIVA DE TRABAJO DE TRANSPORTES LIMITADA","LINEA 2: TRELEW / DOLAVON","NO","COLECTIVO","PROVINCIAL","CHUBUT","SN",608,"NO"
2026-03-14,"TRANSPORTE JACOBSEN S.R.L.","LINEA 3","NO","COLECTIVO","MUNICIPAL","CHUBUT","ESQUEL",239,"NO"
2026-03-14,"TURISMO PALMARES S.R.L.","LINEA 3","NO","COLECTIVO","MUNICIPAL","ENTRE RÍOS","CONCORDIA",2522,"NO"
2026-03-14,"ENTE MUNICIPAL DE SERVICIOS URBANOS","LINEA 3","NO","COLECTIVO","MUNICIPAL","LA PAMPA","SANTA ROSA",445,"NO"
2026-03-14,"MUNICIPALIDAD DE RAFAELA","LINEA 3","NO","COLECTIVO","MUNICIPAL","SANTA FE","RAFAELA",144,"NO"
2026-03-14,"TRANSPORTE YERBA BUENA SRL","LINEA 3","NO","COLECTIVO","MUNICIPAL","TUCUMAN","SAN MIGUEL DE TUCUMAN",1405,"NO"
2026-03-14,"RISSMA S.R.L","LINEA 30","NO","COLECTIVO","MUNICIPAL","CORDOBA","CORDOBA",2869,"NO"
2026-03-14,"AUTOTRANSPORTES LOS ANDES S.A. EL CACIQUE S.A. U.T.","LINEA 300","NO","COLECTIVO","PROVINCIAL","MENDOZA","SN",746,"NO"
2026-03-14,"AUTOTRANSPORTES LOS ANDES S.A. EL CACIQUE S.A. U.T.","LINEA 301","NO","COLECTIVO","PROVINCIAL","MENDOZA","SN",829,"NO"
2026-03-14,"PRESTACIONES S.A.","LINEA 301A","NO","COLECTIVO","PROVINCIAL","MENDOZA","SN",92,"NO"
2026-03-14,"PRESTACIONES S.A.","LINEA 301B","NO","COLECTIVO","PROVINCIAL","MENDOZA","SN",232,"NO"
2026-03-14,"PRESTACIONES S.A.","LINEA 301C","NO","COLECTIVO","PROVINCIAL","MENDOZA","SN",16,"NO"
2026-03-14,"PRESTACIONES S.A.","LINEA 301D","NO","COLECTIVO","PROVINCIAL","MENDOZA","SN",15,"NO"
2026-03-14,"PRESTACIONES S.A.","LINEA 301M","NO","COLECTIVO","PROVINCIAL","MENDOZA","SN",1451,"NO"
2026-03-14,"PRESTACIONES S.A.","LINEA 301N","NO","COLECTIVO","PROVINCIAL","MENDOZA","SN",899,"NO"
2026-03-14,"PRESTACIONES S.A.","LINEA 301O","NO","COLECTIVO","PROVINCIAL","MENDOZA","SN",368,"NO"
2026-03-14,"PRESTACIONES S.A.","LINEA 301P","NO","COLECTIVO","PROVINCIAL","MENDOZA","SN",279,"NO"
2026-03-14,"PRESTACIONES S.A.","LINEA 301Q","NO","COLECTIVO","PROVINCIAL","MENDOZA","SN",151,"NO"
2026-03-14,"PRESTACIONES S.A.","LINEA 301R","NO","COLECTIVO","PROVINCIAL","MENDOZA","SN",84,"NO"
2026-03-14,"AUTOTRANSPORTES LOS ANDES S.A. EL CACIQUE S.A. U.T.","LINEA 302","NO","COLECTIVO","PROVINCIAL","MENDOZA","SN",767,"NO"
2026-03-14,"AUTOTRANSPORTES LOS ANDES S.A. EL CACIQUE S.A. U.T.","LINEA 303","NO","COLECTIVO","PROVINCIAL","MENDOZA","SN",708,"NO"
2026-03-14,"PRESTACIONES S.A.","LINEA 303B","NO","COLECTIVO","PROVINCIAL","MENDOZA","SN",14,"NO"
2026-03-14,"PRESTACIONES S.A.","LINEA 303F","NO","COLECTIVO","PROVINCIAL","MENDOZA","SN",8,"NO"
2026-03-14,"PRESTACIONES S.A.","LINEA 303G","NO","COLECTIVO","PROVINCIAL","MENDOZA","SN",23,"NO"
2026-03-14,"PRESTACIONES S.A.","LINEA 303H","NO","COLECTIVO","PROVINCIAL","MENDOZA","SN",67,"NO"
2026-03-14,"PRESTACIONES S.A.","LINEA 303J","NO","COLECTIVO","PROVINCIAL","MENDOZA","SN",5,"NO"
2026-03-14,"AUTOTRANSPORTES LOS ANDES S.A. EL CACIQUE S.A. U.T.","LINEA 304","NO","COLECTIVO","PROVINCIAL","MENDOZA","SN",131,"NO"
2026-03-14,"PRESTACIONES S.A.","LINEA 304E","NO","COLECTIVO","PROVINCIAL","MENDOZA","SN",37,"NO"
2026-03-14,"PRESTACIONES S.A.","LINEA 304H","NO","COLECTIVO","PROVINCIAL","MENDOZA","SN",31,"NO"
2026-03-14,"PRESTACIONES S.A.","LINEA 304I","NO","COLECTIVO","PROVINCIAL","MENDOZA","SN",35,"NO"
2026-03-14,"AUTOTRANSPORTES LOS ANDES S.A. EL CACIQUE S.A. U.T.","LINEA 305","NO","COLECTIVO","PROVINCIAL","MENDOZA","SN",2619,"NO"
2026-03-14,"PRESTACIONES S.A.","LINEA 309A","NO","COLECTIVO","PROVINCIAL","MENDOZA","SN",33,"NO"
2026-03-14,"PRESTACIONES S.A.","LINEA 309B","NO","COLECTIVO","PROVINCIAL","MENDOZA","SN",5,"NO"
2026-03-14,"RISSMA S.R.L","LINEA 31","NO","COLECTIVO","MUNICIPAL","CORDOBA","CORDOBA",1181,"NO"
2026-03-14,"AUTOTRANSPORTES LOS ANDES S.A. EL CACIQUE S.A. U.T.","LINEA 310","NO","COLECTIVO","PROVINCIAL","MENDOZA","SN",5990,"NO"
2026-03-14,"AUTOTRANSPORTES LOS ANDES S.A. EL CACIQUE S.A. U.T.","LINEA 311","NO","COLECTIVO","PROVINCIAL","MENDOZA","SN",2187,"NO"
2026-03-14,"PRESTACIONES S.A.","LINEA 311A","NO","COLECTIVO","PROVINCIAL","MENDOZA","SN",68,"NO"
2026-03-14,"PRESTACIONES S.A.","LINEA 311B","NO","COLECTIVO","PROVINCIAL","MENDOZA","SN",7,"NO"
2026-03-14,"AUTOTRANSPORTES LOS ANDES S.A. EL CACIQUE S.A. U.T.","LINEA 312","NO","COLECTIVO","PROVINCIAL","MENDOZA","SN",24,"NO"
2026-03-14,"PRESTACIONES S.A.","LINEA 312X","NO","COLECTIVO","PROVINCIAL","MENDOZA","SN",9,"NO"
2026-03-14,"PRESTACIONES S.A.","LINEA 312Z","NO","COLECTIVO","PROVINCIAL","MENDOZA","SN",5,"NO"
2026-03-14,"AUTOTRANSPORTES LOS ANDES S.A. EL CACIQUE S.A. U.T.","LINEA 313","NO","COLECTIVO","PROVINCIAL","MENDOZA","SN",1647,"NO"
2026-03-14,"PRESTACIONES S.A.","LINEA 313A","NO","COLECTIVO","PROVINCIAL","MENDOZA","SN",10,"NO"
2026-03-14,"AUTOTRANSPORTES LOS ANDES S.A. EL CACIQUE S.A. U.T.","LINEA 315","NO","COLECTIVO","PROVINCIAL","MENDOZA","SN",2712,"NO"
2026-03-14,"PRESTACIONES S.A.","LINEA 315A","NO","COLECTIVO","PROVINCIAL","MENDOZA","SN",1134,"NO"
2026-03-14,"PRESTACIONES S.A.","LINEA 315B","NO","COLECTIVO","PROVINCIAL","MENDOZA","SN",597,"NO"
2026-03-14,"PRESTACIONES S.A.","LINEA 315C","NO","COLECTIVO","PROVINCIAL","MENDOZA","SN",92,"NO"
2026-03-14,"PRESTACIONES S.A.","LINEA 315D","NO","COLECTIVO","PROVINCIAL","MENDOZA","SN",85,"NO"
2026-03-14,"AUTOTRANSPORTES LOS ANDES S.A. EL CACIQUE S.A. U.T.","LINEA 316","NO","COLECTIVO","PROVINCIAL","MENDOZA","SN",1901,"NO"
2026-03-14,"PRESTACIONES S.A.","LINEA 318A","NO","COLECTIVO","PROVINCIAL","MENDOZA","SN",485,"NO"
2026-03-14,"PRESTACIONES S.A.","LINEA 318B","NO","COLECTIVO","PROVINCIAL","MENDOZA","SN",440,"NO"
2026-03-14,"PRESTACIONES S.A.","LINEA 318C","NO","COLECTIVO","PROVINCIAL","MENDOZA","SN",100,"NO"
2026-03-14,"PRESTACIONES S.A.","LINEA 318D","NO","COLECTIVO","PROVINCIAL","MENDOZA","SN",124,"NO"
2026-03-14,"PRESTACIONES S.A.","LINEA 318G","NO","COLECTIVO","PROVINCIAL","MENDOZA","SN",30,"NO"
2026-03-14,"PRESTACIONES S.A.","LINEA 318H","NO","COLECTIVO","PROVINCIAL","MENDOZA","SN",6,"NO"
2026-03-14,"PRESTACIONES S.A.","LINEA 318M","NO","COLECTIVO","PROVINCIAL","MENDOZA","SN",5,"NO"
2026-03-14,"PRESTACIONES S.A.","LINEA 318N","NO","COLECTIVO","PROVINCIAL","MENDOZA","SN",55,"NO"
2026-03-14,"PRESTACIONES S.A.","LINEA 319A","NO","COLECTIVO","PROVINCIAL","MENDOZA","SN",23,"NO"
2026-03-14,"RISSMA S.R.L","LINEA 32","NO","COLECTIVO","MUNICIPAL","CORDOBA","CORDOBA",3612,"NO"
2026-03-14,"PRESTACIONES S.A.","LINEA 321C","NO","COLECTIVO","PROVINCIAL","MENDOZA","SN",93,"NO"
2026-03-14,"RISSMA S.R.L","LINEA 33","NO","COLECTIVO","MUNICIPAL","CORDOBA","CORDOBA",1452,"NO"
2026-03-14,"TRANSPORTES ALMIRANTE BROWN S.A.","LINEA 33","SI","COLECTIVO","NACIONAL","JN","SD",24448,"NO"
2026-03-14,"AUTOTRANSPORTES LOS ANDES S.A. EL CACIQUE S.A. U.T.","LINEA 330","NO","COLECTIVO","PROVINCIAL","MENDOZA","SN",4840,"NO"
2026-03-14,"AUTOTRANSPORTES LOS ANDES S.A. EL CACIQUE S.A. U.T.","LINEA 331","NO","COLECTIVO","PROVINCIAL","MENDOZA","SN",4709,"NO"
2026-03-14,"RISSMA S.R.L","LINEA 34","NO","COLECTIVO","MUNICIPAL","CORDOBA","CORDOBA",1023,"NO"
2026-03-14,"RISSMA S.R.L","LINEA 35","NO","COLECTIVO","MUNICIPAL","CORDOBA","CORDOBA",2629,"NO"
2026-03-14,"AUTOTRANSPORTES LOS ANDES S.A. EL CACIQUE S.A. U.T.","LINEA 350","NO","COLECTIVO","PROVINCIAL","MENDOZA","SN",1704,"NO"
2026-03-14,"AUTOTRANSPORTES LOS ANDES S.A. EL CACIQUE S.A. U.T.","LINEA 352","NO","COLECTIVO","PROVINCIAL","MENDOZA","SN",3289,"NO"
2026-03-14,"AUTOTRANSPORTES LOS ANDES S.A. EL CACIQUE S.A. U.T.","LINEA 353","NO","COLECTIVO","PROVINCIAL","MENDOZA","SN",2172,"NO"
2026-03-14,"AUTOTRANSPORTES LOS ANDES S.A. EL CACIQUE S.A. U.T.","LINEA 354","NO","COLECTIVO","PROVINCIAL","MENDOZA","SN",734,"NO"
2026-03-14,"RISSMA S.R.L","LINEA 36","NO","COLECTIVO","MUNICIPAL","CORDOBA","CORDOBA",3865,"NO"
2026-03-14,"AUTOTRANSPORTES LOS ANDES S.A. EL CACIQUE S.A. U.T.","LINEA 370","NO","COLECTIVO","PROVINCIAL","MENDOZA","SN",237,"NO"
2026-03-14,"AUTOTRANSPORTES LOS ANDES S.A. EL CACIQUE S.A. U.T.","LINEA 371","NO","COLECTIVO","PROVINCIAL","MENDOZA","SN",1613,"NO"
2026-03-14,"AUTOTRANSPORTES LOS ANDES S.A. EL CACIQUE S.A. U.T.","LINEA 372","NO","COLECTIVO","PROVINCIAL","MENDOZA","SN",390,"NO"
2026-03-14,"AUTOTRANSPORTES LOS ANDES S.A. EL CACIQUE S.A. U.T.","LINEA 373","NO","COLECTIVO","PROVINCIAL","MENDOZA","SN",520,"NO"
2026-03-14,"AUTOTRANSPORTE CEFERINO S.R.L.","LINEA 3: TRELEW / 28 DE JULIO","NO","COLECTIVO","PROVINCIAL","CHUBUT","SN",158,"NO"
2026-03-14,"LINEA 28 DE JULIO SOCIEDAD COOPERATIVA DE TRABAJO DE TRANSPORTES LIMITADA","LINEA 3: TRELEW / GAIMAN","NO","COLECTIVO","PROVINCIAL","CHUBUT","SN",529,"NO"
2026-03-14,"TURISMO PALMARES S.R.L.","LINEA 4","NO","COLECTIVO","MUNICIPAL","ENTRE RÍOS","CONCORDIA",2851,"NO"
2026-03-14,"DELCAUSSE HERMANOS SOCIEDAD DE RESPONSABILIDAD LIMITADA","LINEA 4","NO","COLECTIVO","MUNICIPAL","ENTRE RÍOS","GUALEGUAYCHU",324,"NO"
2026-03-14,"ENTE MUNICIPAL DE SERVICIOS URBANOS","LINEA 4","NO","COLECTIVO","MUNICIPAL","LA PAMPA","SANTA ROSA",281,"NO"
2026-03-14,"MUNICIPALIDAD DE RAFAELA","LINEA 4","NO","COLECTIVO","MUNICIPAL","SANTA FE","RAFAELA",190,"NO"
2026-03-14,"EL CORCEL S.A UTE","LINEA 4","NO","COLECTIVO","MUNICIPAL","TUCUMAN","SAN MIGUEL DE TUCUMAN",2330,"NO"
2026-03-14,"ERSA URBANO SA","LINEA 4","NO","COLECTIVO","PROVINCIAL","ENTRE RÍOS","SN",1665,"NO"
2026-03-14,"CONIFERAL S.A.","LINEA 40","NO","COLECTIVO","MUNICIPAL","CORDOBA","CORDOBA",4816,"NO"
2026-03-14,"AUTOTRANSPORTE PRESIDENTE ALVEAR S.A. Y AUTOTRANSPORTE EL TRAPICHE S.R.L. U.T.","LINEA 400","NO","COLECTIVO","PROVINCIAL","MENDOZA","SN",3471,"NO"
2026-03-14,"AUTOTRANSPORTE PRESIDENTE ALVEAR S.A. Y AUTOTRANSPORTE EL TRAPICHE S.R.L. U.T.","LINEA 401","NO","COLECTIVO","PROVINCIAL","MENDOZA","SN",7591,"NO"
2026-03-14,"AUTOTRANSPORTE PRESIDENTE ALVEAR S.A. Y AUTOTRANSPORTE EL TRAPICHE S.R.L. U.T.","LINEA 402","NO","COLECTIVO","PROVINCIAL","MENDOZA","SN",2493,"NO"
2026-03-14,"AGUERO RICARDO DANTE","LINEA 40B","NO","COLECTIVO","PROVINCIAL","CATAMARCA","SN",70,"NO"
2026-03-14,"CONIFERAL S.A.","LINEA 41","NO","COLECTIVO","MUNICIPAL","CORDOBA","CORDOBA",1891,"NO"
2026-03-14,"TRANSPORTES ATLANTIDA S.A.C.","LINEA 410","SI","COLECTIVO","PROVINCIAL","BUENOS AIRES","SN",10163,"NO"
2026-03-14,"CONIFERAL S.A.","LINEA 42","NO","COLECTIVO","MUNICIPAL","CORDOBA","CORDOBA",3516,"NO"
2026-03-14,"AGUERO RICARDO DANTE","LINEA 42","NO","COLECTIVO","PROVINCIAL","CATAMARCA","SN",235,"NO"
2026-03-14,"AUTOTRANSPORTE PRESIDENTE ALVEAR S.A. Y AUTOTRANSPORTE EL TRAPICHE S.R.L. U.T.","LINEA 420","NO","COLECTIVO","PROVINCIAL","MENDOZA","SN",5444,"NO"
2026-03-14,"AUTOTRANSPORTE PRESIDENTE ALVEAR S.A. Y AUTOTRANSPORTE EL TRAPICHE S.R.L. U.T.","LINEA 421","NO","COLECTIVO","PROVINCIAL","MENDOZA","SN",323,"NO"
2026-03-14,"AUTOTRANSPORTE PRESIDENTE ALVEAR S.A. Y AUTOTRANSPORTE EL TRAPICHE S.R.L. U.T.","LINEA 422","NO","COLECTIVO","PROVINCIAL","MENDOZA","SN",447,"NO"
2026-03-14,"TRANSPORTES ATLANTIDA S.A.C.","LINEA 429","SI","COLECTIVO","PROVINCIAL","BUENOS AIRES","SN",1837,"NO"
2026-03-14,"CONIFERAL S.A.","LINEA 43","NO","COLECTIVO","MUNICIPAL","CORDOBA","CORDOBA",1503,"NO"
2026-03-14,"AGUERO RICARDO DANTE","LINEA 43","NO","COLECTIVO","PROVINCIAL","CATAMARCA","SN",13,"NO"
2026-03-14,"CONIFERAL S.A.","LINEA 44","NO","COLECTIVO","MUNICIPAL","CORDOBA","CORDOBA",1531,"NO"
2026-03-14,"AUTOTRANSPORTE PRESIDENTE ALVEAR S.A. Y AUTOTRANSPORTE EL TRAPICHE S.R.L. U.T.","LINEA 440","NO","COLECTIVO","PROVINCIAL","MENDOZA","SN",2341,"NO"
2026-03-14,"AUTOTRANSPORTE PRESIDENTE ALVEAR S.A. Y AUTOTRANSPORTE EL TRAPICHE S.R.L. U.T.","LINEA 441","NO","COLECTIVO","PROVINCIAL","MENDOZA","SN",2854,"NO"
2026-03-14,"AUTOTRANSPORTE PRESIDENTE ALVEAR S.A. Y AUTOTRANSPORTE EL TRAPICHE S.R.L. U.T.","LINEA 442","NO","COLECTIVO","PROVINCIAL","MENDOZA","SN",951,"NO"
2026-03-14,"AUTOTRANSPORTE PRESIDENTE ALVEAR S.A. Y AUTOTRANSPORTE EL TRAPICHE S.R.L. U.T.","LINEA 443","NO","COLECTIVO","PROVINCIAL","MENDOZA","SN",575,"NO"
2026-03-14,"CONIFERAL S.A.","LINEA 45","NO","COLECTIVO","MUNICIPAL","CORDOBA","CORDOBA",1005,"NO"
2026-03-14,"AUTOTRANSPORTE PRESIDENTE ALVEAR S.A. Y AUTOTRANSPORTE EL TRAPICHE S.R.L. U.T.","LINEA 461","NO","COLECTIVO","PROVINCIAL","MENDOZA","SN",7241,"NO"
2026-03-14,"AUTOTRANSPORTE PRESIDENTE ALVEAR S.A. Y AUTOTRANSPORTE EL TRAPICHE S.R.L. U.T.","LINEA 462","NO","COLECTIVO","PROVINCIAL","MENDOZA","SN",554,"NO"
2026-03-14,"AUTOTRANSPORTE PRESIDENTE ALVEAR S.A. Y AUTOTRANSPORTE EL TRAPICHE S.R.L. U.T.","LINEA 463","NO","COLECTIVO","PROVINCIAL","MENDOZA","SN",546,"NO"
2026-03-14,"AUTOTRANSPORTE PRESIDENTE ALVEAR S.A. Y AUTOTRANSPORTE EL TRAPICHE S.R.L. U.T.","LINEA 464","NO","COLECTIVO","PROVINCIAL","MENDOZA","SN",1329,"NO"
2026-03-14,"AUTOTRANSPORTE PRESIDENTE ALVEAR S.A. Y AUTOTRANSPORTE EL TRAPICHE S.R.L. U.T.","LINEA 465","NO","COLECTIVO","PROVINCIAL","MENDOZA","SN",1365,"NO"
2026-03-14,"AUTOTRANSPORTE PRESIDENTE ALVEAR S.A. Y AUTOTRANSPORTE EL TRAPICHE S.R.L. U.T.","LINEA 466","NO","COLECTIVO","PROVINCIAL","MENDOZA","SN",384,"NO"
2026-03-14,"AUTOTRANSPORTE PRESIDENTE ALVEAR S.A. Y AUTOTRANSPORTE EL TRAPICHE S.R.L. U.T.","LINEA 467","NO","COLECTIVO","PROVINCIAL","MENDOZA","SN",358,"NO"
2026-03-14,"LINEA 28 DE JULIO SOCIEDAD COOPERATIVA DE TRABAJO DE TRANSPORTES LIMITADA","LINEA 4: TRELEW / RAWSON","NO","COLECTIVO","PROVINCIAL","CHUBUT","SN",521,"NO"
2026-03-14,"COOPERATIVA DE TRABAJO NUEVO EXPRESO LIMITADA","LINEA 5","NO","COLECTIVO","MUNICIPAL","ENTRE RÍOS","CONCORDIA",2156,"NO"
2026-03-14,"EL VERDE SRL","LINEA 5","NO","COLECTIVO","MUNICIPAL","ENTRE RÍOS","GUALEGUAYCHU",205,"NO"
2026-03-14,"MUNICIPALIDAD DE RAFAELA","LINEA 5","NO","COLECTIVO","MUNICIPAL","SANTA FE","RAFAELA",124,"NO"
2026-03-14,"TRANSPORTE J.M.F S.R.L.","LINEA 5","NO","COLECTIVO","MUNICIPAL","SANTIAGO DEL ESTERO","LA BANDA",63,"NO"
2026-03-14,"TRANSPORTE YERBA BUENA SRL","LINEA 5","NO","COLECTIVO","MUNICIPAL","TUCUMAN","SAN MIGUEL DE TUCUMAN",1303,"NO"
2026-03-14,"TRANSPORTES ASOCIADOS S.R.L.","LINEA 5","NO","COLECTIVO","MUNICIPAL","TUCUMAN","SAN MIGUEL DE TUCUMAN",434,"NO"
2026-03-14,"NUEVA VISION TRANSPORTE Y SERVICIOS SRL","LINEA 50","NO","COLECTIVO","MUNICIPAL","NEUQUÉN","PLOTTIER",3693,"NO"
2026-03-14,"COOPERATIVA DE TRABAJO DE TRANSPORTE SAN FERNANDO LTDA","LINEA 50","NO","COLECTIVO","PROVINCIAL","CATAMARCA","SN",145,"NO"
2026-03-14,"BOTACURA S.R.L","LINEA 500","NO","COLECTIVO","MUNICIPAL","BUENOS AIRES","OLAVARRIA",145,"NO"
2026-03-14,"MAXIMILIANO BERTORELLO S.R.L.","LINEA 500","NO","COLECTIVO","MUNICIPAL","BUENOS AIRES","RAMALLO",319,"NO"
2026-03-14,"TRANSPORTE 9 DE JULIO S.A","LINEA 500","NO","COLECTIVO","MUNICIPAL","BUENOS AIRES","TANDIL",1387,"NO"
2026-03-14,"EMPRESA 501 SA","LINEA 501 A","SI","COLECTIVO","MUNICIPAL","BUENOS AIRES","ALMIRANTE BROWN",32401,"NO"
2026-03-14,"AUTOBUSES BUENOS AIRES SRL","LINEA 501","NO","COLECTIVO","MUNICIPAL","BUENOS AIRES","AZUL",22,"NO"
2026-03-14,"BOTACURA S.R.L","LINEA 501","NO","COLECTIVO","MUNICIPAL","BUENOS AIRES","OLAVARRIA",90,"NO"
2026-03-14,"TRANSPORTES CIUDAD DE TANDIL S.A.","LINEA 501","NO","COLECTIVO","MUNICIPAL","BUENOS AIRES","TANDIL",1775,"NO"
2026-03-14,"COOP. PROV. OB. Y S.P. SAN CLEMENTE DEL TUYU","LINEA 501","NO","COLECTIVO","MUNICIPAL","BUENOS AIRES","URBANO DE LA COSTA",432,"NO"
2026-03-14,"AUTOBUSES BUENOS AIRES SRL","LINEA 502","NO","COLECTIVO","MUNICIPAL","BUENOS AIRES","AZUL",148,"NO"
2026-03-14,"COOPERATIVA DE TRABAJO 3 DE JULIO LIMITADA","LINEA 502","SI","COLECTIVO","MUNICIPAL","BUENOS AIRES","CAMPANA",11,"NO"
2026-03-14,"BOTACURA S.R.L","LINEA 502","NO","COLECTIVO","MUNICIPAL","BUENOS AIRES","OLAVARRIA",77,"NO"
2026-03-14,"LA NUEVA MOVEDIZA TRANSPORTE S.A.","LINEA 502","NO","COLECTIVO","MUNICIPAL","BUENOS AIRES","TANDIL",1177,"NO"
2026-03-14,"COOP.DE PROV.DE O.Y S.P.Y C.LAS TONINAS","LINEA 502","NO","COLECTIVO","MUNICIPAL","BUENOS AIRES","URBANO DE LA COSTA",1126,"NO"
2026-03-14,"LINEA SESENTA SA","LINEA 503 B","SI","COLECTIVO","MUNICIPAL","BUENOS AIRES","ESCOBAR",6729,"NO"
2026-03-14,"BOTACURA S.R.L","LINEA 503","NO","COLECTIVO","MUNICIPAL","BUENOS AIRES","OLAVARRIA",106,"NO"
2026-03-14,"TRANSPORTES GENERAL RODRIGUEZ S.A.","LINEA 503","NO","COLECTIVO","MUNICIPAL","BUENOS AIRES","TANDIL",2402,"NO"
2026-03-14,"COOP.DE ELEC.SERV.Y OB.PUB.SAN BERNARDO","LINEA 503","NO","COLECTIVO","MUNICIPAL","BUENOS AIRES","URBANO DE LA COSTA",1174,"NO"
2026-03-14,"BOTACURA S.R.L","LINEA 504","NO","COLECTIVO","MUNICIPAL","BUENOS AIRES","OLAVARRIA",110,"NO"
2026-03-14,"TRANSPORTE VILLA AGUIRRE S.A.","LINEA 504","NO","COLECTIVO","MUNICIPAL","BUENOS AIRES","TANDIL",1654,"NO"
2026-03-14,"EMPRESA MUNICIPAL DE TRANSPORTE URBANO DE PASAJEROS SOCIEDAD DEL ESTADO","LINEA 505","NO","COLECTIVO","MUNICIPAL","BUENOS AIRES","CHIVILCOY",126,"NO"
2026-03-14,"BOTACURA S.R.L","LINEA 505","NO","COLECTIVO","MUNICIPAL","BUENOS AIRES","OLAVARRIA",188,"NO"
2026-03-14,"TRANSPORTES GENERAL BELGRANO S.A","LINEA 505","NO","COLECTIVO","MUNICIPAL","BUENOS AIRES","TANDIL",1488,"NO"
2026-03-14,"EMPRESA MUNICIPAL DE TRANSPORTE URBANO DE PASAJEROS SOCIEDAD DEL ESTADO","LINEA 506","NO","COLECTIVO","MUNICIPAL","BUENOS AIRES","CHIVILCOY",219,"NO"
2026-03-14,"NUEVO BUS DE OLAVARRIA SRL","LINEA 507 ABC AVENIDA 3 - BOULEVARD","NO","COLECTIVO","MUNICIPAL","BUENOS AIRES","VILLA GESELL",879,"NO"
2026-03-14,"NUEVO BUS DE OLAVARRIA SRL","LINEA 507 E MAR AZUL","NO","COLECTIVO","MUNICIPAL","BUENOS AIRES","VILLA GESELL",744,"NO"
2026-03-14,"NUEVO BUS DE OLAVARRIA SRL","LINEA 507 F DIRECTO A MAR AZUL","NO","COLECTIVO","MUNICIPAL","BUENOS AIRES","VILLA GESELL",45,"NO"
2026-03-14,"AUTOTRANSPORTES ISELIN S A","LINEA 511","NO","COLECTIVO","PROVINCIAL","MENDOZA","SN",4650,"NO"
2026-03-14,"AUTOTRANSPORTES ISELIN S A","LINEA 512","NO","COLECTIVO","PROVINCIAL","MENDOZA","SN",372,"NO"
2026-03-14,"AUTOTRANSPORTES ISELIN S A","LINEA 513","NO","COLECTIVO","PROVINCIAL","MENDOZA","SN",1407,"NO"
2026-03-14,"AUTOTRANSPORTES ISELIN S A","LINEA 514","NO","COLECTIVO","PROVINCIAL","MENDOZA","SN",912,"NO"
2026-03-14,"AUTOTRANSPORTES ISELIN S A","LINEA 515","NO","COLECTIVO","PROVINCIAL","MENDOZA","SN",107,"NO"
2026-03-14,"AUTOTRANSPORTES ISELIN S A","LINEA 516","NO","COLECTIVO","PROVINCIAL","MENDOZA","SN",118,"NO"
2026-03-14,"AUTOTRANSPORTES ISELIN S A","LINEA 517","NO","COLECTIVO","PROVINCIAL","MENDOZA","SN",78,"NO"
2026-03-14,"AUTOTRANSPORTES ISELIN S A","LINEA 518","NO","COLECTIVO","PROVINCIAL","MENDOZA","SN",211,"NO"
2026-03-14,"EVHSA SOCIEDAD ANONIMA","LINEA 520A","NO","COLECTIVO","MUNICIPAL","BUENOS AIRES","SAN PEDRO",228,"NO"
2026-03-14,"EVHSA SOCIEDAD ANONIMA","LINEA 520B","NO","COLECTIVO","MUNICIPAL","BUENOS AIRES","SAN PEDRO",167,"NO"
2026-03-14,"MICRO OMNIBUS ESTE S.A","LINEA 521 A","SI","COLECTIVO","MUNICIPAL","BUENOS AIRES","LANUS",4867,"NO"
2026-03-14,"TRANPORTE DE PASAJEROS GENERAL ROCA S.R.L","LINEA 521","NO","COLECTIVO","PROVINCIAL","MENDOZA","SN",2205,"NO"
2026-03-14,"EVHSA SOCIEDAD ANONIMA","LINEA 522","NO","COLECTIVO","MUNICIPAL","BUENOS AIRES","SAN PEDRO",115,"NO"
2026-03-14,"TRANPORTE DE PASAJEROS GENERAL ROCA S.R.L","LINEA 522","NO","COLECTIVO","PROVINCIAL","MENDOZA","SN",3577,"NO"
2026-03-14,"TRANPORTE DE PASAJEROS GENERAL ROCA S.R.L","LINEA 523","NO","COLECTIVO","PROVINCIAL","MENDOZA","SN",2951,"NO"
2026-03-14,"EVHSA SOCIEDAD ANONIMA","LINEA 524","NO","COLECTIVO","MUNICIPAL","BUENOS AIRES","SAN PEDRO",39,"NO"
2026-03-14,"TRANPORTE DE PASAJEROS GENERAL ROCA S.R.L","LINEA 524","NO","COLECTIVO","PROVINCIAL","MENDOZA","SN",124,"NO"
2026-03-14,"TRANPORTE DE PASAJEROS GENERAL ROCA S.R.L","LINEA 525","NO","COLECTIVO","PROVINCIAL","MENDOZA","SN",375,"NO"
2026-03-14,"MICRO OMNIBUS ESTE S.A","LINEA 526","SI","COLECTIVO","MUNICIPAL","BUENOS AIRES","LANUS",10430,"NO"
2026-03-14,"TRANPORTE DE PASAJEROS GENERAL ROCA S.R.L","LINEA 530","NO","COLECTIVO","PROVINCIAL","MENDOZA","SN",2624,"NO"
2026-03-14,"TRANPORTE DE PASAJEROS GENERAL ROCA S.R.L","LINEA 531","NO","COLECTIVO","PROVINCIAL","MENDOZA","SN",306,"NO"
2026-03-14,"TRANPORTE DE PASAJEROS GENERAL ROCA S.R.L","LINEA 532","NO","COLECTIVO","PROVINCIAL","MENDOZA","SN",3087,"NO"
2026-03-14,"TRANPORTE DE PASAJEROS GENERAL ROCA S.R.L","LINEA 533","NO","COLECTIVO","PROVINCIAL","MENDOZA","SN",3371,"NO"
2026-03-14,"TRANPORTE DE PASAJEROS GENERAL ROCA S.R.L","LINEA 534","NO","COLECTIVO","PROVINCIAL","MENDOZA","SN",305,"NO"
2026-03-14,"ANTONIO BUTTINI E HIJOS S R L","LINEA 541","NO","COLECTIVO","PROVINCIAL","MENDOZA","SN",12,"NO"
2026-03-14,"TRANPORTE DE PASAJEROS GENERAL ROCA S.R.L","LINEA 541","NO","COLECTIVO","PROVINCIAL","MENDOZA","SN",1422,"NO"
2026-03-14,"ANTONIO BUTTINI E HIJOS S R L","LINEA 542","NO","COLECTIVO","PROVINCIAL","MENDOZA","SN",535,"NO"
2026-03-14,"ANTONIO BUTTINI E HIJOS S R L","LINEA 543","NO","COLECTIVO","PROVINCIAL","MENDOZA","SN",96,"NO"
2026-03-14,"TRANPORTE DE PASAJEROS GENERAL ROCA S.R.L","LINEA 543","NO","COLECTIVO","PROVINCIAL","MENDOZA","SN",1460,"NO"
2026-03-14,"ANTONIO BUTTINI E HIJOS S R L","LINEA 544","NO","COLECTIVO","PROVINCIAL","MENDOZA","SN",774,"NO"
2026-03-14,"TRANPORTE DE PASAJEROS GENERAL ROCA S.R.L","LINEA 544","NO","COLECTIVO","PROVINCIAL","MENDOZA","SN",5060,"NO"
2026-03-14,"TRANPORTE DE PASAJEROS GENERAL ROCA S.R.L","LINEA 546","NO","COLECTIVO","PROVINCIAL","MENDOZA","SN",1272,"NO"
2026-03-14,"TRANPORTE DE PASAJEROS GENERAL ROCA S.R.L","LINEA 547","NO","COLECTIVO","PROVINCIAL","MENDOZA","SN",375,"NO"
2026-03-14,"ANTONIO BUTTINI E HIJOS S R L","LINEA 548","NO","COLECTIVO","PROVINCIAL","MENDOZA","SN",311,"NO"
2026-03-14,"TRANPORTE DE PASAJEROS GENERAL ROCA S.R.L","LINEA 548","NO","COLECTIVO","PROVINCIAL","MENDOZA","SN",685,"NO"
2026-03-14,"TRANPORTE DE PASAJEROS GENERAL ROCA S.R.L","LINEA 549","NO","COLECTIVO","PROVINCIAL","MENDOZA","SN",607,"NO"
2026-03-14,"COOPERATIVA DE TRABAJO DE TRANSPORTE SAN FERNANDO LTDA","LINEA 55","NO","COLECTIVO","PROVINCIAL","CATAMARCA","SN",39,"NO"
2026-03-14,"TRANPORTE DE PASAJEROS GENERAL ROCA S.R.L","LINEA 550","NO","COLECTIVO","PROVINCIAL","MENDOZA","SN",1290,"NO"
2026-03-14,"TRANPORTE DE PASAJEROS GENERAL ROCA S.R.L","LINEA 551","NO","COLECTIVO","PROVINCIAL","MENDOZA","SN",160,"NO"
2026-03-14,"TRANPORTE DE PASAJEROS GENERAL ROCA S.R.L","LINEA 552","NO","COLECTIVO","PROVINCIAL","MENDOZA","SN",348,"NO"
2026-03-14,"TRANPORTE DE PASAJEROS GENERAL ROCA S.R.L","LINEA 553","NO","COLECTIVO","PROVINCIAL","MENDOZA","SN",351,"NO"
2026-03-14,"TRANPORTE DE PASAJEROS GENERAL ROCA S.R.L","LINEA 554","NO","COLECTIVO","PROVINCIAL","MENDOZA","SN",4019,"NO"
2026-03-14,"TRANPORTE DE PASAJEROS GENERAL ROCA S.R.L","LINEA 555","NO","COLECTIVO","PROVINCIAL","MENDOZA","SN",8,"NO"
2026-03-14,"TRANPORTE DE PASAJEROS GENERAL ROCA S.R.L","LINEA 556","NO","COLECTIVO","PROVINCIAL","MENDOZA","SN",755,"NO"
2026-03-14,"TRANPORTE DE PASAJEROS GENERAL ROCA S.R.L","LINEA 558","NO","COLECTIVO","PROVINCIAL","MENDOZA","SN",404,"NO"
2026-03-14,"TRANPORTE DE PASAJEROS GENERAL ROCA S.R.L","LINEA 559","NO","COLECTIVO","PROVINCIAL","MENDOZA","SN",188,"NO"
2026-03-14,"TRANPORTE DE PASAJEROS GENERAL ROCA S.R.L","LINEA 560","NO","COLECTIVO","PROVINCIAL","MENDOZA","SN",849,"NO"
2026-03-14,"TRANPORTE DE PASAJEROS GENERAL ROCA S.R.L","LINEA 561","NO","COLECTIVO","PROVINCIAL","MENDOZA","SN",381,"NO"
2026-03-14,"TRANPORTE DE PASAJEROS GENERAL ROCA S.R.L","LINEA 563","NO","COLECTIVO","PROVINCIAL","MENDOZA","SN",1648,"NO"
2026-03-14,"TRANPORTE DE PASAJEROS GENERAL ROCA S.R.L","LINEA 564","NO","COLECTIVO","PROVINCIAL","MENDOZA","SN",36,"NO"
2026-03-14,"TRANPORTE DE PASAJEROS GENERAL ROCA S.R.L","LINEA 570","NO","COLECTIVO","PROVINCIAL","MENDOZA","SN",396,"NO"
2026-03-14,"ANTONIO BUTTINI E HIJOS S R L","LINEA 571","NO","COLECTIVO","PROVINCIAL","MENDOZA","SN",9,"NO"
2026-03-14,"ANTONIO BUTTINI E HIJOS S R L","LINEA 572","NO","COLECTIVO","PROVINCIAL","MENDOZA","SN",12,"NO"
2026-03-14,"ANTONIO BUTTINI E HIJOS S R L","LINEA 573","NO","COLECTIVO","PROVINCIAL","MENDOZA","SN",70,"NO"
2026-03-14,"ANTONIO BUTTINI E HIJOS S R L","LINEA 574","NO","COLECTIVO","PROVINCIAL","MENDOZA","SN",246,"NO"
2026-03-14,"ANTONIO BUTTINI E HIJOS S R L","LINEA 575","NO","COLECTIVO","PROVINCIAL","MENDOZA","SN",650,"NO"
2026-03-14,"TURISMO PALMARES S.R.L.","LINEA 6","NO","COLECTIVO","MUNICIPAL","ENTRE RÍOS","CONCORDIA",639,"NO"
2026-03-14,"ENTE MUNICIPAL DE SERVICIOS URBANOS","LINEA 6","NO","COLECTIVO","MUNICIPAL","LA PAMPA","SANTA ROSA",111,"NO"
2026-03-14,"TRANSPORTE J.M.F S.R.L.","LINEA 6","NO","COLECTIVO","MUNICIPAL","SANTIAGO DEL ESTERO","LA BANDA",1191,"NO"
2026-03-14,"EMPRESA CERRO POZO S.R.L.","LINEA 6","NO","COLECTIVO","MUNICIPAL","TUCUMAN","SAN MIGUEL DE TUCUMAN",1482,"NO"
2026-03-14,"ILLAGES S.R.L.","LINEA 6","NO","COLECTIVO","MUNICIPAL","TUCUMAN","SAN MIGUEL DE TUCUMAN",987,"NO"
2026-03-14,"PUESTO NUEVO S.R.L.","LINEA 6","NO","COLECTIVO","MUNICIPAL","TUCUMAN","SAN MIGUEL DE TUCUMAN",366,"NO"
2026-03-14,"ERSA URBANO SA","LINEA 6","NO","COLECTIVO","PROVINCIAL","ENTRE RÍOS","SN",886,"NO"
2026-03-14,"CONIFERAL S.A.","LINEA 60","NO","COLECTIVO","MUNICIPAL","CORDOBA","CORDOBA",5664,"NO"
2026-03-14,"TRANSPORTES EL PLUMERILLO S A","LINEA 600","NO","COLECTIVO","PROVINCIAL","MENDOZA","SN",6945,"NO"
2026-03-14,"TRANSPORTES EL PLUMERILLO S A","LINEA 601","NO","COLECTIVO","PROVINCIAL","MENDOZA","SN",3118,"NO"
2026-03-14,"TRANSPORTES EL PLUMERILLO S A","LINEA 602","NO","COLECTIVO","PROVINCIAL","MENDOZA","SN",471,"NO"
2026-03-14,"TRANSPORTES EL PLUMERILLO S A","LINEA 604","NO","COLECTIVO","PROVINCIAL","MENDOZA","SN",1022,"NO"
2026-03-14,"TRANSPORTES EL PLUMERILLO S A","LINEA 605","NO","COLECTIVO","PROVINCIAL","MENDOZA","SN",3434,"NO"
2026-03-14,"TRANSPORTES EL PLUMERILLO S A","LINEA 607","NO","COLECTIVO","PROVINCIAL","MENDOZA","SN",4324,"NO"
2026-03-14,"TRANSPORTES EL PLUMERILLO S A","LINEA 608","NO","COLECTIVO","PROVINCIAL","MENDOZA","SN",932,"NO"
2026-03-14,"TRANSPORTES EL PLUMERILLO S A","LINEA 609","NO","COLECTIVO","PROVINCIAL","MENDOZA","SN",58,"NO"
2026-03-14,"CONIFERAL S.A.","LINEA 61","NO","COLECTIVO","MUNICIPAL","CORDOBA","CORDOBA",936,"NO"
2026-03-14,"TRANSPORTES EL PLUMERILLO S A","LINEA 610","NO","COLECTIVO","PROVINCIAL","MENDOZA","SN",3858,"NO"
2026-03-14,"TRANSPORTES EL PLUMERILLO S A","LINEA 611","NO","COLECTIVO","PROVINCIAL","MENDOZA","SN",3889,"NO"
2026-03-14,"TRANSPORTES EL PLUMERILLO S A","LINEA 613","NO","COLECTIVO","PROVINCIAL","MENDOZA","SN",558,"NO"
2026-03-14,"CONIFERAL S.A.","LINEA 62","NO","COLECTIVO","MUNICIPAL","CORDOBA","CORDOBA",2739,"NO"
2026-03-14,"TRANSPORTES EL PLUMERILLO S A","LINEA 620","NO","COLECTIVO","PROVINCIAL","MENDOZA","SN",765,"NO"
2026-03-14,"TRANSPORTES EL PLUMERILLO S A","LINEA 625","NO","COLECTIVO","PROVINCIAL","MENDOZA","SN",2227,"NO"
2026-03-14,"CONIFERAL S.A.","LINEA 63","NO","COLECTIVO","MUNICIPAL","CORDOBA","CORDOBA",1360,"NO"
2026-03-14,"LA VECINAL DE MATANZA SACI. DE MICROOMNIBUS","LINEA 630","SI","COLECTIVO","MUNICIPAL","BUENOS AIRES","LA MATANZA",13751,"NO"
2026-03-14,"TRANSPORTES EL PLUMERILLO S A","LINEA 630","NO","COLECTIVO","PROVINCIAL","MENDOZA","SN",5730,"NO"
2026-03-14,"CONIFERAL S.A.","LINEA 64","NO","COLECTIVO","MUNICIPAL","CORDOBA","CORDOBA",1068,"NO"
2026-03-14,"TRANSPORTES EL PLUMERILLO S A","LINEA 640","NO","COLECTIVO","PROVINCIAL","MENDOZA","SN",1318,"NO"
2026-03-14,"TRANSPORTES EL PLUMERILLO S A","LINEA 645","NO","COLECTIVO","PROVINCIAL","MENDOZA","SN",932,"NO"
2026-03-14,"CONIFERAL S.A.","LINEA 65","NO","COLECTIVO","MUNICIPAL","CORDOBA","CORDOBA",3068,"NO"
2026-03-14,"TRANSPORTES EL PLUMERILLO S A","LINEA 650","NO","COLECTIVO","PROVINCIAL","MENDOZA","SN",1365,"NO"
2026-03-14,"TRANSPORTES EL PLUMERILLO S A","LINEA 651","NO","COLECTIVO","PROVINCIAL","MENDOZA","SN",621,"NO"
2026-03-14,"TRANSPORTES EL PLUMERILLO S A","LINEA 653","NO","COLECTIVO","PROVINCIAL","MENDOZA","SN",642,"NO"
2026-03-14,"CONIFERAL S.A.","LINEA 66","NO","COLECTIVO","MUNICIPAL","CORDOBA","CORDOBA",2679,"NO"
2026-03-14,"TRANSPORTES EL PLUMERILLO S A","LINEA 660","NO","COLECTIVO","PROVINCIAL","MENDOZA","SN",382,"NO"
2026-03-14,"TRANSPORTES EL PLUMERILLO S A","LINEA 661","NO","COLECTIVO","PROVINCIAL","MENDOZA","SN",384,"NO"
2026-03-14,"TRANSPORTES EL PLUMERILLO S A","LINEA 665","NO","COLECTIVO","PROVINCIAL","MENDOZA","SN",844,"NO"
2026-03-14,"CONIFERAL S.A.","LINEA 67","NO","COLECTIVO","MUNICIPAL","CORDOBA","CORDOBA",657,"NO"
2026-03-14,"9 DE JULIO","LINEA 67","NO","COLECTIVO","PROVINCIAL","CATAMARCA","SN",2,"NO"
2026-03-14,"TRANSPORTES EL PLUMERILLO S A","LINEA 670","NO","COLECTIVO","PROVINCIAL","MENDOZA","SN",2650,"NO"
2026-03-14,"TRANSPORTES EL PLUMERILLO S A","LINEA 675","NO","COLECTIVO","PROVINCIAL","MENDOZA","SN",430,"NO"
2026-03-14,"TRANSPORTES EL PLUMERILLO S A","LINEA 676","NO","COLECTIVO","PROVINCIAL","MENDOZA","SN",100,"NO"
2026-03-14,"CONIFERAL S.A.","LINEA 68","NO","COLECTIVO","MUNICIPAL","CORDOBA","CORDOBA",1257,"NO"
2026-03-14,"TRANSPORTES EL PLUMERILLO S A","LINEA 680","NO","COLECTIVO","PROVINCIAL","MENDOZA","SN",63,"NO"
2026-03-14,"COOPERATIVA DE TRABAJO NUEVO EXPRESO LIMITADA","LINEA 7","NO","COLECTIVO","MUNICIPAL","ENTRE RÍOS","CONCORDIA",3749,"NO"
2026-03-14,"ENTE MUNICIPAL DE SERVICIOS URBANOS","LINEA 7","NO","COLECTIVO","MUNICIPAL","LA PAMPA","SANTA ROSA",596,"NO"
2026-03-14,"EL CEIBO SRL","LINEA 7","NO","COLECTIVO","MUNICIPAL","TUCUMAN","SAN MIGUEL DE TUCUMAN",2335,"NO"
2026-03-14,"AUTOTRANSPORTES EL TRAPICHE SRL Y TRANSPORTE GENERAL BARTOLOME MITRE SRL UNION TRANSITORIA","LINEA 700","NO","COLECTIVO","PROVINCIAL","MENDOZA","SN",9858,"NO"
2026-03-14,"AUTOTRANSPORTES EL TRAPICHE SRL Y TRANSPORTE GENERAL BARTOLOME MITRE SRL UNION TRANSITORIA","LINEA 702","NO","COLECTIVO","PROVINCIAL","MENDOZA","SN",28,"NO"
2026-03-14,"AUTOTRANSPORTES EL TRAPICHE SRL Y TRANSPORTE GENERAL BARTOLOME MITRE SRL UNION TRANSITORIA","LINEA 704","NO","COLECTIVO","PROVINCIAL","MENDOZA","SN",3110,"NO"
2026-03-14,"AUTOTRANSPORTES EL TRAPICHE SRL Y TRANSPORTE GENERAL BARTOLOME MITRE SRL UNION TRANSITORIA","LINEA 705","NO","COLECTIVO","PROVINCIAL","MENDOZA","SN",1247,"NO"
2026-03-14,"AUTOTRANSPORTES EL TRAPICHE SRL Y TRANSPORTE GENERAL BARTOLOME MITRE SRL UNION TRANSITORIA","LINEA 707","NO","COLECTIVO","PROVINCIAL","MENDOZA","SN",873,"NO"
2026-03-14,"AUTOTRANSPORTES EL TRAPICHE SRL Y TRANSPORTE GENERAL BARTOLOME MITRE SRL UNION TRANSITORIA","LINEA 708","NO","COLECTIVO","PROVINCIAL","MENDOZA","SN",882,"NO"
2026-03-14,"AUTOTRANSPORTES EL TRAPICHE SRL Y TRANSPORTE GENERAL BARTOLOME MITRE SRL UNION TRANSITORIA","LINEA 709","NO","COLECTIVO","PROVINCIAL","MENDOZA","SN",81,"NO"
2026-03-14,"AUTOTRANSPORTES EL TRAPICHE SRL Y TRANSPORTE GENERAL BARTOLOME MITRE SRL UNION TRANSITORIA","LINEA 710","NO","COLECTIVO","PROVINCIAL","MENDOZA","SN",1260,"NO"
2026-03-14,"AUTOTRANSPORTES EL TRAPICHE SRL Y TRANSPORTE GENERAL BARTOLOME MITRE SRL UNION TRANSITORIA","LINEA 711","NO","COLECTIVO","PROVINCIAL","MENDOZA","SN",1461,"NO"
2026-03-14,"AUTOTRANSPORTES EL TRAPICHE SRL Y TRANSPORTE GENERAL BARTOLOME MITRE SRL UNION TRANSITORIA","LINEA 714","NO","COLECTIVO","PROVINCIAL","MENDOZA","SN",847,"NO"
2026-03-14,"EMPRESA DE TRANSPORTE PERALTA RAMOS SACI","LINEA 717","NO","COLECTIVO","MUNICIPAL","BUENOS AIRES","GENERAL PUEYRREDON",3813,"NO"
2026-03-14,"AUTOTRANSPORTES EL TRAPICHE SRL Y TRANSPORTE GENERAL BARTOLOME MITRE SRL UNION TRANSITORIA","LINEA 720","NO","COLECTIVO","PROVINCIAL","MENDOZA","SN",5481,"NO"
2026-03-14,"AUTOTRANSPORTES EL TRAPICHE SRL Y TRANSPORTE GENERAL BARTOLOME MITRE SRL UNION TRANSITORIA","LINEA 721","NO","COLECTIVO","PROVINCIAL","MENDOZA","SN",742,"NO"
2026-03-14,"UTENOR SA L 722","LINEA 722","SI","COLECTIVO","MUNICIPAL","BUENOS AIRES","TIGRE",4035,"NO"
2026-03-14,"AUTOTRANSPORTES EL TRAPICHE SRL Y TRANSPORTE GENERAL BARTOLOME MITRE SRL UNION TRANSITORIA","LINEA 722","NO","COLECTIVO","PROVINCIAL","MENDOZA","SN",2365,"NO"
2026-03-14,"AUTOTRANSPORTES EL TRAPICHE SRL Y TRANSPORTE GENERAL BARTOLOME MITRE SRL UNION TRANSITORIA","LINEA 723","NO","COLECTIVO","PROVINCIAL","MENDOZA","SN",837,"NO"
2026-03-14,"AUTOTRANSPORTES EL TRAPICHE SRL Y TRANSPORTE GENERAL BARTOLOME MITRE SRL UNION TRANSITORIA","LINEA 724","NO","COLECTIVO","PROVINCIAL","MENDOZA","SN",453,"NO"
2026-03-14,"AUTOTRANSPORTES EL TRAPICHE SRL Y TRANSPORTE GENERAL BARTOLOME MITRE SRL UNION TRANSITORIA","LINEA 729","NO","COLECTIVO","PROVINCIAL","MENDOZA","SN",182,"NO"
2026-03-14,"AUTOTRANSPORTES EL TRAPICHE SRL Y TRANSPORTE GENERAL BARTOLOME MITRE SRL UNION TRANSITORIA","LINEA 730","NO","COLECTIVO","PROVINCIAL","MENDOZA","SN",454,"NO"
2026-03-14,"AUTOTRANSPORTES EL TRAPICHE SRL Y TRANSPORTE GENERAL BARTOLOME MITRE SRL UNION TRANSITORIA","LINEA 731","NO","COLECTIVO","PROVINCIAL","MENDOZA","SN",635,"NO"
2026-03-14,"AUTOTRANSPORTES EL TRAPICHE SRL Y TRANSPORTE GENERAL BARTOLOME MITRE SRL UNION TRANSITORIA","LINEA 732","NO","COLECTIVO","PROVINCIAL","MENDOZA","SN",4167,"NO"
2026-03-14,"AUTOTRANSPORTES EL TRAPICHE SRL Y TRANSPORTE GENERAL BARTOLOME MITRE SRL UNION TRANSITORIA","LINEA 733","NO","COLECTIVO","PROVINCIAL","MENDOZA","SN",2284,"NO"
2026-03-14,"AUTOTRANSPORTES EL TRAPICHE SRL Y TRANSPORTE GENERAL BARTOLOME MITRE SRL UNION TRANSITORIA","LINEA 734","NO","COLECTIVO","PROVINCIAL","MENDOZA","SN",575,"NO"
2026-03-14,"AUTOTRANSPORTES EL TRAPICHE SRL Y TRANSPORTE GENERAL BARTOLOME MITRE SRL UNION TRANSITORIA","LINEA 740","NO","COLECTIVO","PROVINCIAL","MENDOZA","SN",433,"NO"
2026-03-14,"AUTOTRANSPORTES EL TRAPICHE SRL Y TRANSPORTE GENERAL BARTOLOME MITRE SRL UNION TRANSITORIA","LINEA 750","NO","COLECTIVO","PROVINCIAL","MENDOZA","SN",1035,"NO"
2026-03-14,"AUTOTRANSPORTES EL TRAPICHE SRL Y TRANSPORTE GENERAL BARTOLOME MITRE SRL UNION TRANSITORIA","LINEA 751","NO","COLECTIVO","PROVINCIAL","MENDOZA","SN",284,"NO"
2026-03-14,"AUTOTRANSPORTES EL TRAPICHE SRL Y TRANSPORTE GENERAL BARTOLOME MITRE SRL UNION TRANSITORIA","LINEA 752","NO","COLECTIVO","PROVINCIAL","MENDOZA","SN",343,"NO"
2026-03-14,"AUTOTRANSPORTES EL TRAPICHE SRL Y TRANSPORTE GENERAL BARTOLOME MITRE SRL UNION TRANSITORIA","LINEA 753","NO","COLECTIVO","PROVINCIAL","MENDOZA","SN",222,"NO"
2026-03-14,"AUTOTRANSPORTES EL TRAPICHE SRL Y TRANSPORTE GENERAL BARTOLOME MITRE SRL UNION TRANSITORIA","LINEA 754","NO","COLECTIVO","PROVINCIAL","MENDOZA","SN",441,"NO"
2026-03-14,"AUTOTRANSPORTES EL TRAPICHE SRL Y TRANSPORTE GENERAL BARTOLOME MITRE SRL UNION TRANSITORIA","LINEA 760","NO","COLECTIVO","PROVINCIAL","MENDOZA","SN",1879,"NO"
2026-03-14,"AUTOTRANSPORTES EL TRAPICHE SRL Y TRANSPORTE GENERAL BARTOLOME MITRE SRL UNION TRANSITORIA","LINEA 761","NO","COLECTIVO","PROVINCIAL","MENDOZA","SN",3052,"NO"
2026-03-14,"AUTOTRANSPORTES EL TRAPICHE SRL Y TRANSPORTE GENERAL BARTOLOME MITRE SRL UNION TRANSITORIA","LINEA 762","NO","COLECTIVO","PROVINCIAL","MENDOZA","SN",174,"NO"
2026-03-14,"AUTOTRANSPORTES EL TRAPICHE SRL Y TRANSPORTE GENERAL BARTOLOME MITRE SRL UNION TRANSITORIA","LINEA 763","NO","COLECTIVO","PROVINCIAL","MENDOZA","SN",781,"NO"
2026-03-14,"AUTOTRANSPORTES EL TRAPICHE SRL Y TRANSPORTE GENERAL BARTOLOME MITRE SRL UNION TRANSITORIA","LINEA 764","NO","COLECTIVO","PROVINCIAL","MENDOZA","SN",1564,"NO"
2026-03-14,"AUTOTRANSPORTES EL TRAPICHE SRL Y TRANSPORTE GENERAL BARTOLOME MITRE SRL UNION TRANSITORIA","LINEA 765","NO","COLECTIVO","PROVINCIAL","MENDOZA","SN",450,"NO"
2026-03-14,"AUTOTRANSPORTES EL TRAPICHE SRL Y TRANSPORTE GENERAL BARTOLOME MITRE SRL UNION TRANSITORIA","LINEA 766","NO","COLECTIVO","PROVINCIAL","MENDOZA","SN",434,"NO"
2026-03-14,"AUTOTRANSPORTES EL TRAPICHE SRL Y TRANSPORTE GENERAL BARTOLOME MITRE SRL UNION TRANSITORIA","LINEA 767","NO","COLECTIVO","PROVINCIAL","MENDOZA","SN",83,"NO"
2026-03-14,"AUTOTRANSPORTES EL TRAPICHE SRL Y TRANSPORTE GENERAL BARTOLOME MITRE SRL UNION TRANSITORIA","LINEA 770","NO","COLECTIVO","PROVINCIAL","MENDOZA","SN",521,"NO"
2026-03-14,"AUTOTRANSPORTES EL TRAPICHE SRL Y TRANSPORTE GENERAL BARTOLOME MITRE SRL UNION TRANSITORIA","LINEA 771","NO","COLECTIVO","PROVINCIAL","MENDOZA","SN",783,"NO"
2026-03-14,"AUTOTRANSPORTES EL TRAPICHE SRL Y TRANSPORTE GENERAL BARTOLOME MITRE SRL UNION TRANSITORIA","LINEA 772","NO","COLECTIVO","PROVINCIAL","MENDOZA","SN",781,"NO"
2026-03-14,"AUTOTRANSPORTES EL TRAPICHE SRL Y TRANSPORTE GENERAL BARTOLOME MITRE SRL UNION TRANSITORIA","LINEA 773","NO","COLECTIVO","PROVINCIAL","MENDOZA","SN",203,"NO"
2026-03-14,"AUTOTRANSPORTES EL TRAPICHE SRL Y TRANSPORTE GENERAL BARTOLOME MITRE SRL UNION TRANSITORIA","LINEA 774","NO","COLECTIVO","PROVINCIAL","MENDOZA","SN",88,"NO"
2026-03-14,"AUTOTRANSPORTES EL TRAPICHE SRL Y TRANSPORTE GENERAL BARTOLOME MITRE SRL UNION TRANSITORIA","LINEA 775","NO","COLECTIVO","PROVINCIAL","MENDOZA","SN",154,"NO"
2026-03-14,"AUTOTRANSPORTES EL TRAPICHE SRL Y TRANSPORTE GENERAL BARTOLOME MITRE SRL UNION TRANSITORIA","LINEA 779","NO","COLECTIVO","PROVINCIAL","MENDOZA","SN",298,"NO"
2026-03-14,"AUTOTRANSPORTES EL TRAPICHE SRL Y TRANSPORTE GENERAL BARTOLOME MITRE SRL UNION TRANSITORIA","LINEA 780","NO","COLECTIVO","PROVINCIAL","MENDOZA","SN",94,"NO"
2026-03-14,"AUTOTRANSPORTES EL TRAPICHE SRL Y TRANSPORTE GENERAL BARTOLOME MITRE SRL UNION TRANSITORIA","LINEA 781","NO","COLECTIVO","PROVINCIAL","MENDOZA","SN",101,"NO"
2026-03-14,"AUTOTRANSPORTES EL TRAPICHE SRL Y TRANSPORTE GENERAL BARTOLOME MITRE SRL UNION TRANSITORIA","LINEA 782","NO","COLECTIVO","PROVINCIAL","MENDOZA","SN",40,"NO"
2026-03-14,"AUTOTRANSPORTES EL TRAPICHE SRL Y TRANSPORTE GENERAL BARTOLOME MITRE SRL UNION TRANSITORIA","LINEA 783","NO","COLECTIVO","PROVINCIAL","MENDOZA","SN",56,"NO"
2026-03-14,"COOPERATIVA DE TRABAJO NUEVO EXPRESO LIMITADA","LINEA 8","NO","COLECTIVO","MUNICIPAL","ENTRE RÍOS","CONCORDIA",547,"NO"
2026-03-14,"ENTE MUNICIPAL DE SERVICIOS URBANOS","LINEA 8","NO","COLECTIVO","MUNICIPAL","LA PAMPA","SANTA ROSA",76,"NO"
2026-03-14,"EL RAYO BUS S.R.L.","LINEA 8","NO","COLECTIVO","MUNICIPAL","TUCUMAN","SAN MIGUEL DE TUCUMAN",1634,"NO"
2026-03-14,"TRANSPORTES RIO GRANDE S.A.C.I.F.","LINEA 8","SI","COLECTIVO","NACIONAL","JN","SD",35765,"NO"
2026-03-14,"RISSMA S.R.L","LINEA 80","NO","COLECTIVO","MUNICIPAL","CORDOBA","CORDOBA",2384,"NO"
2026-03-14,"EMPRESA MAIPU S.R.L","LINEA 801","NO","COLECTIVO","PROVINCIAL","MENDOZA","SN",209,"NO"
2026-03-14,"EMPRESA MAIPU S.R.L","LINEA 802","NO","COLECTIVO","PROVINCIAL","MENDOZA","SN",95,"NO"
2026-03-14,"EMPRESA MAIPU S.R.L","LINEA 803","NO","COLECTIVO","PROVINCIAL","MENDOZA","SN",98,"NO"
2026-03-14,"EMPRESA MAIPU S.R.L","LINEA 804","NO","COLECTIVO","PROVINCIAL","MENDOZA","SN",789,"NO"
2026-03-14,"RISSMA S.R.L","LINEA 81","NO","COLECTIVO","MUNICIPAL","CORDOBA","CORDOBA",4709,"NO"
2026-03-14,"EMPRESA MAIPU S.R.L","LINEA 810","NO","COLECTIVO","PROVINCIAL","MENDOZA","SN",2280,"NO"
2026-03-14,"EMPRESA MAIPU S.R.L","LINEA 811","NO","COLECTIVO","PROVINCIAL","MENDOZA","SN",2379,"NO"
2026-03-14,"EMPRESA MAIPU S.R.L","LINEA 812","NO","COLECTIVO","PROVINCIAL","MENDOZA","SN",2375,"NO"
2026-03-14,"EMPRESA MAIPU S.R.L","LINEA 813","NO","COLECTIVO","PROVINCIAL","MENDOZA","SN",2542,"NO"
2026-03-14,"EMPRESA MAIPU S.R.L","LINEA 815","NO","COLECTIVO","PROVINCIAL","MENDOZA","SN",342,"NO"
2026-03-14,"EMPRESA MAIPU S.R.L","LINEA 816","NO","COLECTIVO","PROVINCIAL","MENDOZA","SN",35,"NO"
2026-03-14,"EMPRESA MAIPU S.R.L","LINEA 817","NO","COLECTIVO","PROVINCIAL","MENDOZA","SN",321,"NO"
2026-03-14,"EMPRESA MAIPU S.R.L","LINEA 818","NO","COLECTIVO","PROVINCIAL","MENDOZA","SN",141,"NO"
2026-03-14,"RISSMA S.R.L","LINEA 82","NO","COLECTIVO","MUNICIPAL","CORDOBA","CORDOBA",1858,"NO"
2026-03-14,"EMPRESA MAIPU S.R.L","LINEA 820","NO","COLECTIVO","PROVINCIAL","MENDOZA","SN",6229,"NO"
2026-03-14,"EMPRESA MAIPU S.R.L","LINEA 821","NO","COLECTIVO","PROVINCIAL","MENDOZA","SN",289,"NO"
2026-03-14,"EMPRESA MAIPU S.R.L","LINEA 823","NO","COLECTIVO","PROVINCIAL","MENDOZA","SN",397,"NO"
2026-03-14,"EMPRESA MAIPU S.R.L","LINEA 824","NO","COLECTIVO","PROVINCIAL","MENDOZA","SN",7038,"NO"
2026-03-14,"RISSMA S.R.L","LINEA 83","NO","COLECTIVO","MUNICIPAL","CORDOBA","CORDOBA",1406,"NO"
2026-03-14,"EMPRESA MAIPU S.R.L","LINEA 830","NO","COLECTIVO","PROVINCIAL","MENDOZA","SN",2227,"NO"
2026-03-14,"RISSMA S.R.L","LINEA 84","NO","COLECTIVO","MUNICIPAL","CORDOBA","CORDOBA",1183,"NO"
2026-03-14,"EMPRESA MAIPU S.R.L","LINEA 840","NO","COLECTIVO","PROVINCIAL","MENDOZA","SN",2193,"NO"
2026-03-14,"RISSMA S.R.L","LINEA 85","NO","COLECTIVO","MUNICIPAL","CORDOBA","CORDOBA",1903,"NO"
2026-03-14,"EMPRESA MAIPU S.R.L","LINEA 850","NO","COLECTIVO","PROVINCIAL","MENDOZA","SN",404,"NO"
2026-03-14,"EMPRESA MAIPU S.R.L","LINEA 852","NO","COLECTIVO","PROVINCIAL","MENDOZA","SN",168,"NO"
2026-03-14,"EMPRESA MAIPU S.R.L","LINEA 854","NO","COLECTIVO","PROVINCIAL","MENDOZA","SN",363,"NO"
2026-03-14,"EMPRESA MAIPU S.R.L","LINEA 855","NO","COLECTIVO","PROVINCIAL","MENDOZA","SN",359,"NO"
2026-03-14,"EMPRESA MAIPU S.R.L","LINEA 857","NO","COLECTIVO","PROVINCIAL","MENDOZA","SN",835,"NO"
2026-03-14,"EMPRESA MAIPU S.R.L","LINEA 860","NO","COLECTIVO","PROVINCIAL","MENDOZA","SN",440,"NO"
2026-03-14,"EMPRESA MAIPU S.R.L","LINEA 861","NO","COLECTIVO","PROVINCIAL","MENDOZA","SN",458,"NO"
2026-03-14,"EMPRESA MAIPU S.R.L","LINEA 863","NO","COLECTIVO","PROVINCIAL","MENDOZA","SN",56,"NO"
2026-03-14,"EMPRESA MAIPU S.R.L","LINEA 864","NO","COLECTIVO","PROVINCIAL","MENDOZA","SN",245,"NO"
2026-03-14,"EMPRESA MAIPU S.R.L","LINEA 865","NO","COLECTIVO","PROVINCIAL","MENDOZA","SN",1114,"NO"
2026-03-14,"EMPRESA MAIPU S.R.L","LINEA 866","NO","COLECTIVO","PROVINCIAL","MENDOZA","SN",1182,"NO"
2026-03-14,"EMPRESA MAIPU S.R.L","LINEA 867","NO","COLECTIVO","PROVINCIAL","MENDOZA","SN",85,"NO"
2026-03-14,"EMPRESA MAIPU S.R.L","LINEA 869","NO","COLECTIVO","PROVINCIAL","MENDOZA","SN",12,"NO"
2026-03-14,"EMPRESA MAIPU S.R.L","LINEA 870","NO","COLECTIVO","PROVINCIAL","MENDOZA","SN",387,"NO"
2026-03-14,"EMPRESA MAIPU S.R.L","LINEA 871","NO","COLECTIVO","PROVINCIAL","MENDOZA","SN",495,"NO"
2026-03-14,"EMPRESA MAIPU S.R.L","LINEA 872","NO","COLECTIVO","PROVINCIAL","MENDOZA","SN",504,"NO"
2026-03-14,"EMPRESA MAIPU S.R.L","LINEA 880","NO","COLECTIVO","PROVINCIAL","MENDOZA","SN",315,"NO"
2026-03-14,"EMPRESA MAIPU S.R.L","LINEA 881","NO","COLECTIVO","PROVINCIAL","MENDOZA","SN",274,"NO"
2026-03-14,"EMPRESA MAIPU S.R.L","LINEA 896","NO","COLECTIVO","PROVINCIAL","MENDOZA","SN",192,"NO"
2026-03-14,"COOPERATIVA DE TRABAJO ""12 DE OCTUBRE"" LTADA","LINEA 9","NO","COLECTIVO","MUNICIPAL","ENTRE RÍOS","CONCORDIA",357,"NO"
2026-03-14,"COOPERATIVA DE TRABAJO NUEVO EXPRESO LIMITADA","LINEA 9","NO","COLECTIVO","MUNICIPAL","ENTRE RÍOS","CONCORDIA",504,"NO"
2026-03-14,"TURISMO PALMARES S.R.L.","LINEA 9","NO","COLECTIVO","MUNICIPAL","ENTRE RÍOS","CONCORDIA",352,"NO"
2026-03-14,"GENERAL BELGRANO SRL","LINEA 9","NO","COLECTIVO","MUNICIPAL","TUCUMAN","SAN MIGUEL DE TUCUMAN",1857,"NO"
2026-03-14,"EL CACIQUE SA","LINEA 900","NO","COLECTIVO","PROVINCIAL","MENDOZA","SN",4268,"NO"
2026-03-14,"ERSA URBANO SA","LINEA 904","NO","COLECTIVO","NACIONAL","JN","SD",2564,"NO"
2026-03-14,"EL CACIQUE SA","LINEA 905","NO","COLECTIVO","PROVINCIAL","MENDOZA","SN",2465,"NO"
2026-03-14,"EMPRESA CEFERINO SOCIEDAD ANONIMA","LINEA 908","NO","COLECTIVO","NACIONAL","JN","SD",1094,"NO"
2026-03-14,"EL CACIQUE SA","LINEA 910","NO","COLECTIVO","PROVINCIAL","MENDOZA","SN",2739,"NO"
2026-03-14,"PEHUENCHE S A","LINEA 911 RIO NEGRO","NO","COLECTIVO","NACIONAL","JN","SD",4775,"NO"
2026-03-14,"EL CACIQUE SA","LINEA 911","NO","COLECTIVO","PROVINCIAL","MENDOZA","SN",2139,"NO"
2026-03-14,"EMPRESA RIO URUGUAY SRL","LINEA 912","NO","COLECTIVO","NACIONAL","JN","SD",21,"NO"
2026-03-14,"EL CACIQUE SA","LINEA 912","NO","COLECTIVO","PROVINCIAL","MENDOZA","SN",1929,"NO"
2026-03-14,"EL CACIQUE SA","LINEA 913","NO","COLECTIVO","PROVINCIAL","MENDOZA","SN",259,"NO"
2026-03-14,"EMPRESA DE TRANSPORTE DE PASAJEROS KO KO SRL","LINEA 914","NO","COLECTIVO","NACIONAL","JN","SD",10524,"NO"
2026-03-14,"EL CACIQUE SA","LINEA 914","NO","COLECTIVO","PROVINCIAL","MENDOZA","SN",1535,"NO"
2026-03-14,"EL CACIQUE SA","LINEA 915","NO","COLECTIVO","PROVINCIAL","MENDOZA","SN",1594,"NO"
2026-03-14,"SOCSA S.R.L.","LINEA 916","NO","COLECTIVO","NACIONAL","JN","SD",137,"NO"
2026-03-14,"EL CACIQUE SA","LINEA 920","NO","COLECTIVO","PROVINCIAL","MENDOZA","SN",1517,"NO"
2026-03-14,"EL CACIQUE SA","LINEA 921","NO","COLECTIVO","PROVINCIAL","MENDOZA","SN",731,"NO"
2026-03-14,"EL CACIQUE SA","LINEA 925","NO","COLECTIVO","PROVINCIAL","MENDOZA","SN",2866,"NO"
2026-03-14,"EL CACIQUE SA","LINEA 927","NO","COLECTIVO","PROVINCIAL","MENDOZA","SN",897,"NO"
2026-03-14,"EL CACIQUE SA","LINEA 928","NO","COLECTIVO","PROVINCIAL","MENDOZA","SN",796,"NO"
2026-03-14,"EL CACIQUE SA","LINEA 930","NO","COLECTIVO","PROVINCIAL","MENDOZA","SN",360,"NO"
2026-03-14,"EL CACIQUE SA","LINEA 931","NO","COLECTIVO","PROVINCIAL","MENDOZA","SN",763,"NO"
2026-03-14,"EL CACIQUE SA","LINEA 932","NO","COLECTIVO","PROVINCIAL","MENDOZA","SN",882,"NO"
2026-03-14,"EL CACIQUE SA","LINEA 940","NO","COLECTIVO","PROVINCIAL","MENDOZA","SN",1729,"NO"
2026-03-14,"EL CACIQUE SA","LINEA 941","NO","COLECTIVO","PROVINCIAL","MENDOZA","SN",1653,"NO"
2026-03-14,"EL CACIQUE SA","LINEA 942","NO","COLECTIVO","PROVINCIAL","MENDOZA","SN",2168,"NO"
2026-03-14,"EL CACIQUE SA","LINEA 943","NO","COLECTIVO","PROVINCIAL","MENDOZA","SN",2682,"NO"
2026-03-14,"EL CACIQUE SA","LINEA 945","NO","COLECTIVO","PROVINCIAL","MENDOZA","SN",1782,"NO"
2026-03-14,"EL CACIQUE SA","LINEA 946","NO","COLECTIVO","PROVINCIAL","MENDOZA","SN",1825,"NO"
2026-03-14,"EL CACIQUE SA","LINEA 947","NO","COLECTIVO","PROVINCIAL","MENDOZA","SN",529,"NO"
2026-03-14,"EL CACIQUE SA","LINEA 950","NO","COLECTIVO","PROVINCIAL","MENDOZA","SN",1592,"NO"
2026-03-14,"EL CACIQUE SA","LINEA 951","NO","COLECTIVO","PROVINCIAL","MENDOZA","SN",1638,"NO"
2026-03-14,"EL CACIQUE SA","LINEA 955","NO","COLECTIVO","PROVINCIAL","MENDOZA","SN",133,"NO"
2026-03-14,"EL CACIQUE SA","LINEA 970","NO","COLECTIVO","PROVINCIAL","MENDOZA","SN",500,"NO"
2026-03-14,"MAR Y VALLE S.R.L.","LINEA A PUERTO MADRYN","NO","COLECTIVO","PROVINCIAL","CHUBUT","SN",470,"NO"
2026-03-14,"TAMSE","LINEA A","NO","COLECTIVO","MUNICIPAL","CORDOBA","CORDOBA",1192,"NO"
2026-03-14,"S.A TRANSPORTE CIUDAD DE RIO CUARTO","LINEA A","NO","COLECTIVO","MUNICIPAL","CORDOBA","RIO CUARTO",125,"NO"
2026-03-14,"TRANSPORTE SAN JOSE SA","LINEA A","NO","COLECTIVO","MUNICIPAL","ENTRE RÍOS","PARANA",269,"NO"
2026-03-14,"MUNICIPALIDAD DE LA CIUDAD DE FORMOSA","LINEA A","NO","COLECTIVO","MUNICIPAL","FORMOSA","FORMOSA",855,"NO"
2026-03-14,"TRANSPORTE CITYBUS TIERRA DEL FUEGO S.R.L","LINEA A","NO","COLECTIVO","MUNICIPAL","SANTA CRUZ","RIO GALLEGOS",134,"NO"
2026-03-14,"ANGUS CATERING S.R.L","LINEA A","NO","COLECTIVO","MUNICIPAL","TIERRA DEL FUEGO","RIO GRANDE",2034,"NO"
2026-03-14,"TAMSE","LINEA B","NO","COLECTIVO","MUNICIPAL","CORDOBA","CORDOBA",2131,"NO"
2026-03-14,"S.A TRANSPORTE CIUDAD DE RIO CUARTO","LINEA B","NO","COLECTIVO","MUNICIPAL","CORDOBA","RIO CUARTO",61,"NO"
2026-03-14,"TRANSPORTE SAN JOSE SA","LINEA B","NO","COLECTIVO","MUNICIPAL","ENTRE RÍOS","PARANA",339,"NO"
2026-03-14,"TRANSPORTE CITYBUS TIERRA DEL FUEGO S.R.L","LINEA B","NO","COLECTIVO","MUNICIPAL","SANTA CRUZ","RIO GALLEGOS",852,"NO"
2026-03-14,"ANGUS CATERING S.R.L","LINEA B","NO","COLECTIVO","MUNICIPAL","TIERRA DEL FUEGO","RIO GRANDE",1090,"NO"
2026-03-14,"CONIFERAL S.A.","LINEA B60","NO","COLECTIVO","MUNICIPAL","CORDOBA","CORDOBA",189,"NO"
2026-03-14,"RISSMA S.R.L","LINEA B80","NO","COLECTIVO","MUNICIPAL","CORDOBA","CORDOBA",9,"NO"
2026-03-14,"TAMSE","LINEA C","NO","COLECTIVO","MUNICIPAL","CORDOBA","CORDOBA",1457,"NO"
2026-03-14,"S.A TRANSPORTE CIUDAD DE RIO CUARTO","LINEA C","NO","COLECTIVO","MUNICIPAL","CORDOBA","RIO CUARTO",95,"NO"
2026-03-14,"TRANSPORTE SAN JOSE SA","LINEA C","NO","COLECTIVO","MUNICIPAL","ENTRE RÍOS","PARANA",410,"NO"
2026-03-14,"MUNICIPALIDAD DE LA CIUDAD DE FORMOSA","LINEA C","NO","COLECTIVO","MUNICIPAL","FORMOSA","FORMOSA",633,"NO"
2026-03-14,"TRANSPORTE CITYBUS TIERRA DEL FUEGO S.R.L","LINEA C","NO","COLECTIVO","MUNICIPAL","SANTA CRUZ","RIO GALLEGOS",504,"NO"
2026-03-14,"ANGUS CATERING S.R.L","LINEA C","NO","COLECTIVO","MUNICIPAL","TIERRA DEL FUEGO","RIO GRANDE",1445,"NO"
2026-03-14,"TAMSE","LINEA C1","NO","COLECTIVO","MUNICIPAL","CORDOBA","CORDOBA",3,"NO"
2026-03-14,"S.A TRANSPORTE CIUDAD DE RIO CUARTO","LINEA D","NO","COLECTIVO","MUNICIPAL","CORDOBA","RIO CUARTO",84,"NO"
2026-03-14,"TRANSPORTE SAN JOSE SA","LINEA D","NO","COLECTIVO","MUNICIPAL","ENTRE RÍOS","PARANA",1722,"NO"
2026-03-14,"MUNICIPALIDAD DE LA CIUDAD DE FORMOSA","LINEA D","NO","COLECTIVO","MUNICIPAL","FORMOSA","FORMOSA",1126,"NO"
2026-03-14,"TRANSPORTE CITYBUS TIERRA DEL FUEGO S.R.L","LINEA D","NO","COLECTIVO","MUNICIPAL","SANTA CRUZ","RIO GALLEGOS",23,"NO"
2026-03-14,"ANGUS CATERING S.R.L","LINEA D","NO","COLECTIVO","MUNICIPAL","TIERRA DEL FUEGO","RIO GRANDE",119,"NO"
2026-03-14,"TRANSPORTE SAN JOSE SA","LINEA E","NO","COLECTIVO","MUNICIPAL","ENTRE RÍOS","PARANA",508,"NO"
2026-03-14,"TRANSPORTE CITYBUS TIERRA DEL FUEGO S.R.L","LINEA E","NO","COLECTIVO","MUNICIPAL","SANTA CRUZ","RIO GALLEGOS",1810,"NO"
2026-03-14,"ANGUS CATERING S.R.L","LINEA E","NO","COLECTIVO","MUNICIPAL","TIERRA DEL FUEGO","RIO GRANDE",134,"NO"
2026-03-14,"TRANSPORTE SAN JOSE SA","LINEA F","NO","COLECTIVO","MUNICIPAL","ENTRE RÍOS","PARANA",1635,"NO"
2026-03-14,"MUNICIPALIDAD DE LA CIUDAD DE FORMOSA","LINEA F","NO","COLECTIVO","MUNICIPAL","FORMOSA","FORMOSA",902,"NO"
2026-03-14,"TRANSPORTE SAN JOSE SA","LINEA G","NO","COLECTIVO","MUNICIPAL","ENTRE RÍOS","PARANA",875,"NO"
2026-03-14,"MUNICIPALIDAD DE LA CIUDAD DE FORMOSA","LINEA G","NO","COLECTIVO","MUNICIPAL","FORMOSA","FORMOSA",1900,"NO"
2026-03-14,"TRANSPORTE SAN JOSE SA","LINEA H","NO","COLECTIVO","MUNICIPAL","ENTRE RÍOS","PARANA",601,"NO"
2026-03-14,"MUNICIPALIDAD DE LA CIUDAD DE FORMOSA","LINEA H","NO","COLECTIVO","MUNICIPAL","FORMOSA","FORMOSA",766,"NO"
2026-03-14,"TRANSPORTES 8 DE OCTUBRE S.A.","LINEA INICIAL","NO","COLECTIVO","MUNICIPAL","BUENOS AIRES","JUNIN",1067,"NO"
2026-03-14,"MUNICIPALIDAD DE LA CIUDAD DE FORMOSA","LINEA K","NO","COLECTIVO","MUNICIPAL","FORMOSA","FORMOSA",1083,"NO"
2026-03-14,"TRANSPORTE SAN JOSE SA","LINEA L","NO","COLECTIVO","MUNICIPAL","ENTRE RÍOS","PARANA",567,"NO"
2026-03-14,"MUNICIPALIDAD DE LA CIUDAD DE FORMOSA","LINEA L","NO","COLECTIVO","MUNICIPAL","FORMOSA","FORMOSA",752,"NO"
2026-03-14,"TRANSP. COMARCAL S.R.L.","LINEA LAGO PUELO / EL MAITEN","NO","COLECTIVO","PROVINCIAL","CHUBUT","SN",10,"NO"
2026-03-14,"TRANSPORTE SAN JOSE SA","LINEA M","NO","COLECTIVO","MUNICIPAL","ENTRE RÍOS","PARANA",327,"NO"
2026-03-14,"EMPRESA NUEVE DE JULIO S.A.T.","LINEA OESTE","SI","COLECTIVO","MUNICIPAL","BUENOS AIRES","LA PLATA",24374,"NO"
2026-03-14,"TRANSPORTE SAN JOSE SA","LINEA P","NO","COLECTIVO","MUNICIPAL","ENTRE RÍOS","PARANA",151,"NO"
2026-03-14,"TRANSP. COMARCAL S.R.L.","LINEA PARALELO 42 / CHOLILA","NO","COLECTIVO","PROVINCIAL","CHUBUT","SN",11,"NO"
2026-03-14,"TRANSP. COMARCAL S.R.L.","LINEA PARALELO 42 / EL HOYO","NO","COLECTIVO","PROVINCIAL","CHUBUT","SN",23,"NO"
2026-03-14,"TRANSP. COMARCAL S.R.L.","LINEA PARALELO 42 / EPUYEN","NO","COLECTIVO","PROVINCIAL","CHUBUT","SN",40,"NO"
2026-03-14,"EXPRESSO RADA TILLY S.R.L.","LINEA RADA TILLY / COMODORO RIVADAV","NO","COLECTIVO","PROVINCIAL","CHUBUT","SN",882,"NO"
2026-03-14,"ZARATE TRANSPORTE S.A.P.E.M.","LINEA RZ-1","SI","COLECTIVO","MUNICIPAL","BUENOS AIRES","ZARATE",124,"NO"
2026-03-14,"ZARATE TRANSPORTE S.A.P.E.M.","LINEA RZ-10","SI","COLECTIVO","MUNICIPAL","BUENOS AIRES","ZARATE",690,"NO"
2026-03-14,"ZARATE TRANSPORTE S.A.P.E.M.","LINEA RZ-11","SI","COLECTIVO","MUNICIPAL","BUENOS AIRES","ZARATE",1735,"NO"
2026-03-14,"ZARATE TRANSPORTE S.A.P.E.M.","LINEA RZ-2","SI","COLECTIVO","MUNICIPAL","BUENOS AIRES","ZARATE",727,"NO"
2026-03-14,"ZARATE TRANSPORTE S.A.P.E.M.","LINEA RZ-3","SI","COLECTIVO","MUNICIPAL","BUENOS AIRES","ZARATE",1508,"NO"
2026-03-14,"ZARATE TRANSPORTE S.A.P.E.M.","LINEA RZ-7","SI","COLECTIVO","MUNICIPAL","BUENOS AIRES","ZARATE",2,"NO"
2026-03-14,"ZARATE TRANSPORTE S.A.P.E.M.","LINEA RZ-8","SI","COLECTIVO","MUNICIPAL","BUENOS AIRES","ZARATE",668,"NO"
2026-03-14,"TAMSE","LINEA SERVICIO ESPECIAL AEROPUERTO","NO","COLECTIVO","MUNICIPAL","CORDOBA","CORDOBA",268,"NO"
2026-03-14,"EMOVA MOVILIDAD S.A. (ex MTV)","LINEA SUBTE C","SI","SUBTE",,,,40443,"NO"
2026-03-14,"EMOVA MOVILIDAD S.A. (ex MTV)","LINEA SUBTE D","SI","SUBTE",,,,36506,"NO"
2026-03-14,"EMOVA MOVILIDAD S.A. (ex MTV)","LINEA SUBTE E","SI","SUBTE",,,,21496,"NO"
2026-03-14,"EMOVA MOVILIDAD S.A. (ex MTV)","LINEA SUBTE H","SI","SUBTE",,,,25720,"NO"
2026-03-14,"TOBARES DE BOSIO DANIELA","LINEA TERMINAL-LOS ANGELES","NO","COLECTIVO","PROVINCIAL","CATAMARCA","SN",6,"NO"
2026-03-14,"TRANSPORTE EL 22 SRL","LINEA_001","NO","COLECTIVO","MUNICIPAL","CHUBUT","TRELEW",2543,"NO"
2026-03-14,"PATAGONIA ARGENTINA S.R.L.","LINEA_001_CHT","NO","COLECTIVO","MUNICIPAL","CHUBUT","COMODORO RIVADAVIA",3785,"NO"
2026-03-14,"TRANSPORTE SAN JORGE S.A.","LINEA_001_JUJ","NO","COLECTIVO","MUNICIPAL","JUJUY","SAN SALVADOR DE JUJUY",4798,"NO"
2026-03-14,"EXPRESO COLONIA SA","LINEA_001_NQN","NO","COLECTIVO","MUNICIPAL","NEUQUÉN","SAN MARTIN DE LOS ANDES",2391,"NO"
2026-03-14,"LA NUEVA PERLA SRL","LINEA_001_PERG","NO","COLECTIVO","MUNICIPAL","BUENOS AIRES","PERGAMINO",384,"NO"
2026-03-14,"COOPERATIVA REGIONAL DE ELECTRICIDAD DE OBRAS Y OTROS SERVICIOS DE GRAL PICO (CORPICO LTDA)","LINEA_001_PMP","NO","COLECTIVO","MUNICIPAL","LA PAMPA","GENERAL PICO",253,"NO"
2026-03-14,"ERSA URBANO SA","LINEA_001_SFE","NO","COLECTIVO","MUNICIPAL","SANTA FE","SANTA FE",2999,"NO"
2026-03-14,"EMPRESA VERCELLI HNOS S A C I F A E I","LINEA_001_SN","NO","COLECTIVO","MUNICIPAL","BUENOS AIRES","SAN NICOLAS DE LOS ARROYOS",732,"NO"
2026-03-14,"MUNICIPALIDAD DE VENADO TUERTO","LINEA_001_VTSFE","NO","COLECTIVO","MUNICIPAL","SANTA FE","VENADO TUERTO",96,"NO"
2026-03-14,"TRANSPORTE EL 22 SRL","LINEA_002","NO","COLECTIVO","MUNICIPAL","CHUBUT","TRELEW",2450,"NO"
2026-03-14,"ERSA URBANO S.A UNION TRANSITORIA","LINEA_002","NO","COLECTIVO","PROVINCIAL","CHACO","SN",352,"NO"
2026-03-14,"PATAGONIA ARGENTINA S.R.L.","LINEA_002_CHT","NO","COLECTIVO","MUNICIPAL","CHUBUT","COMODORO RIVADAVIA",2360,"NO"
2026-03-14,"EXPRESO COLONIA SA","LINEA_002_NQN","NO","COLECTIVO","MUNICIPAL","NEUQUÉN","SAN MARTIN DE LOS ANDES",331,"NO"
2026-03-14,"LA NUEVA PERLA SRL","LINEA_002_PERG","NO","COLECTIVO","MUNICIPAL","BUENOS AIRES","PERGAMINO",86,"NO"
2026-03-14,"COOPERATIVA REGIONAL DE ELECTRICIDAD DE OBRAS Y OTROS SERVICIOS DE GRAL PICO (CORPICO LTDA)","LINEA_002_PMP","NO","COLECTIVO","MUNICIPAL","LA PAMPA","GENERAL PICO",311,"NO"
2026-03-14,"ERSA URBANO SA","LINEA_002_SFE","NO","COLECTIVO","MUNICIPAL","SANTA FE","SANTA FE",2009,"NO"
2026-03-14,"EMPRESA MAYO SRL","LINEA_002_SJUAN","NO","COLECTIVO","PROVINCIAL","SAN JUAN","SN",2341,"NO"
2026-03-14,"EMPRESA VERCELLI HNOS S A C I F A E I","LINEA_002_SN","NO","COLECTIVO","MUNICIPAL","BUENOS AIRES","SAN NICOLAS DE LOS ARROYOS",1015,"NO"
2026-03-14,"MUNICIPALIDAD DE VENADO TUERTO","LINEA_002_VTSFE","NO","COLECTIVO","MUNICIPAL","SANTA FE","VENADO TUERTO",110,"NO"
2026-03-14,"TIRO FEDERAL RESISTENCIA SRL- LA CORDIAL SRL- MICROBUS SRL. U.T.E","LINEA_003","NO","COLECTIVO","PROVINCIAL","CHACO","SN",570,"NO"
2026-03-14,"PATAGONIA ARGENTINA S.R.L.","LINEA_003_CHT","NO","COLECTIVO","MUNICIPAL","CHUBUT","COMODORO RIVADAVIA",4240,"NO"
2026-03-14,"TRANSPORTE EL 22 SRL","LINEA_003_CHT","NO","COLECTIVO","MUNICIPAL","CHUBUT","TRELEW",1323,"NO"
2026-03-14,"TRANSPORTE SAN JORGE S.A.","LINEA_003_JUJ","NO","COLECTIVO","MUNICIPAL","JUJUY","SAN SALVADOR DE JUJUY",862,"NO"
2026-03-14,"EXPRESO COLONIA SA","LINEA_003_NQN","NO","COLECTIVO","MUNICIPAL","NEUQUÉN","SAN MARTIN DE LOS ANDES",244,"NO"
2026-03-14,"ERSA URBANO SA","LINEA_003_SFE","NO","COLECTIVO","MUNICIPAL","SANTA FE","SANTA FE",3029,"NO"
2026-03-14,"TRANSPORTE DE PASAJEROS EL TRIUNFO SA","LINEA_003_SJUAN","NO","COLECTIVO","PROVINCIAL","SAN JUAN","SN",2714,"NO"
2026-03-14,"EMPRESA VERCELLI HNOS S A C I F A E I","LINEA_003_SN","NO","COLECTIVO","MUNICIPAL","BUENOS AIRES","SAN NICOLAS DE LOS ARROYOS",367,"NO"
2026-03-14,"MUNICIPALIDAD DE VENADO TUERTO","LINEA_003_VTSFE","NO","COLECTIVO","MUNICIPAL","SANTA FE","VENADO TUERTO",165,"NO"
2026-03-14,"PATAGONIA ARGENTINA S.R.L.","LINEA_004_CHT","NO","COLECTIVO","MUNICIPAL","CHUBUT","COMODORO RIVADAVIA",3312,"NO"
2026-03-14,"TRANSPORTE EL 22 SRL","LINEA_004_CHT","NO","COLECTIVO","MUNICIPAL","CHUBUT","TRELEW",1466,"NO"
2026-03-14,"COOPERATIVA DE TRABAJO UNION BUS LIMITADA","LINEA_004_JUJ","NO","COLECTIVO","MUNICIPAL","JUJUY","SAN SALVADOR DE JUJUY",2088,"NO"
2026-03-14,"EXPRESO COLONIA SA","LINEA_004_NQN","NO","COLECTIVO","MUNICIPAL","NEUQUÉN","SAN MARTIN DE LOS ANDES",467,"NO"
2026-03-14,"AUTOBUSES SANTA FE S.R.L","LINEA_004_SFE","NO","COLECTIVO","MUNICIPAL","SANTA FE","SANTA FE",1536,"NO"
2026-03-14,"EMPRESA DE TRANSPORTES ALBARDON SRL","LINEA_004_SJUAN","NO","COLECTIVO","PROVINCIAL","SAN JUAN","SN",4326,"NO"
2026-03-14,"EMPRESA VERCELLI HNOS S A C I F A E I","LINEA_004_SN","NO","COLECTIVO","MUNICIPAL","BUENOS AIRES","SAN NICOLAS DE LOS ARROYOS",1390,"NO"
2026-03-14,"MUNICIPALIDAD DE VENADO TUERTO","LINEA_004_VTSFE","NO","COLECTIVO","MUNICIPAL","SANTA FE","VENADO TUERTO",161,"NO"
2026-03-14,"TRANSPORTE EL 22 SRL","LINEA_005","NO","COLECTIVO","MUNICIPAL","CHUBUT","TRELEW",980,"NO"
2026-03-14,"SAN FERNANDO URBANOS SRL","LINEA_005","NO","COLECTIVO","PROVINCIAL","CHACO","SN",2293,"NO"
2026-03-14,"PATAGONIA ARGENTINA S.R.L.","LINEA_005_CHT","NO","COLECTIVO","MUNICIPAL","CHUBUT","COMODORO RIVADAVIA",2313,"NO"
2026-03-14,"TRANSPORTES AUTOMOTORES COLON SRL","LINEA_005_JU","NO","COLECTIVO","MUNICIPAL","JUJUY","SAN SALVADOR DE JUJUY",860,"NO"
2026-03-14,"EXPRESO COLONIA SA","LINEA_005_NQN","NO","COLECTIVO","MUNICIPAL","NEUQUÉN","SAN MARTIN DE LOS ANDES",75,"NO"
2026-03-14,"EMPRESA RECREO S R L","LINEA_005_SFE","NO","COLECTIVO","MUNICIPAL","SANTA FE","SANTA FE",5301,"NO"
2026-03-14,"EMPRESA VERCELLI HNOS S A C I F A E I","LINEA_005_SN","NO","COLECTIVO","MUNICIPAL","BUENOS AIRES","SAN NICOLAS DE LOS ARROYOS",741,"NO"
2026-03-14,"EXPRESO COLONIA SA","LINEA_006_NQN","NO","COLECTIVO","MUNICIPAL","NEUQUÉN","SAN MARTIN DE LOS ANDES",36,"NO"
2026-03-14,"EMPRESA VERCELLI HNOS S A C I F A E I","LINEA_006_SN","NO","COLECTIVO","MUNICIPAL","BUENOS AIRES","SAN NICOLAS DE LOS ARROYOS",137,"NO"
2026-03-14,"PATAGONIA ARGENTINA S.R.L.","LINEA_007_CHT","NO","COLECTIVO","MUNICIPAL","CHUBUT","COMODORO RIVADAVIA",1459,"NO"
2026-03-14,"TRANSPORTE SAN JORGE S.A.","LINEA_007_JUJ","NO","COLECTIVO","MUNICIPAL","JUJUY","SAN SALVADOR DE JUJUY",366,"NO"
2026-03-14,"EMPRESA VERCELLI HNOS S A C I F A E I","LINEA_007_SN","NO","COLECTIVO","MUNICIPAL","BUENOS AIRES","SAN NICOLAS DE LOS ARROYOS",165,"NO"
2026-03-14,"TIRO FEDERAL RESISTENCIA SRL- LA CORDIAL SRL- MICROBUS SRL. U.T.E","LINEA_008","NO","COLECTIVO","PROVINCIAL","CHACO","SN",2218,"NO"
2026-03-14,"PATAGONIA ARGENTINA S.R.L.","LINEA_008_CHT","NO","COLECTIVO","MUNICIPAL","CHUBUT","COMODORO RIVADAVIA",5251,"NO"
2026-03-14,"AUTOBUSES SANTA FE S.R.L","LINEA_008_SFE","NO","COLECTIVO","MUNICIPAL","SANTA FE","SANTA FE",2383,"NO"
2026-03-14,"EMPRESA VERCELLI HNOS S A C I F A E I","LINEA_008_SN","NO","COLECTIVO","MUNICIPAL","BUENOS AIRES","SAN NICOLAS DE LOS ARROYOS",1432,"NO"
2026-03-14,"ERSA URBANO S.A UNION TRANSITORIA","LINEA_009","NO","COLECTIVO","PROVINCIAL","CHACO","SN",1480,"NO"
2026-03-14,"PATAGONIA ARGENTINA S.R.L.","LINEA_009_CHT","NO","COLECTIVO","MUNICIPAL","CHUBUT","COMODORO RIVADAVIA",489,"NO"
2026-03-14,"EL URBANO SRL","LINEA_009_JUJ","NO","COLECTIVO","MUNICIPAL","JUJUY","SAN SALVADOR DE JUJUY",4412,"NO"
2026-03-14,"ERSA URBANO SA","LINEA_009_SFE","NO","COLECTIVO","MUNICIPAL","SANTA FE","SANTA FE",2312,"NO"
2026-03-14,"EMPRESA VERCELLI HNOS S A C I F A E I","LINEA_009_SN","NO","COLECTIVO","MUNICIPAL","BUENOS AIRES","SAN NICOLAS DE LOS ARROYOS",1138,"NO"
2026-03-14,"EMPRESA DE TRANSPORTE AMANCAY SRL","LINEA_010_BRC","NO","COLECTIVO","MUNICIPAL","RÍO NEGRO","SAN CARLOS DE BARILOCHE",333,"NO"
2026-03-14,"DIADEMA S.A.","LINEA_010_CHT","NO","COLECTIVO","MUNICIPAL","CHUBUT","COMODORO RIVADAVIA",155,"NO"
2026-03-14,"SANTA ANA SRL","LINEA_010_JUJ","NO","COLECTIVO","MUNICIPAL","JUJUY","SAN SALVADOR DE JUJUY",4076,"NO"
2026-03-14,"EMPR.TRANSP AUTOMOTOR DE PASAJEROS GRAL SAVIO SRL","LINEA_010_PAL_PROV","NO","COLECTIVO","PROVINCIAL","JUJUY","SN",3213,"NO"
2026-03-14,"EMPRESA RECREO S R L","LINEA_010_SFE","NO","COLECTIVO","MUNICIPAL","SANTA FE","SANTA FE",2318,"NO"
2026-03-14,"EMPRESA MAYO SRL","LINEA_010_SJUAN","NO","COLECTIVO","PROVINCIAL","SAN JUAN","SN",692,"NO"
2026-03-14,"EMPRESA VERCELLI HNOS S A C I F A E I","LINEA_010_SN","NO","COLECTIVO","MUNICIPAL","BUENOS AIRES","SAN NICOLAS DE LOS ARROYOS",1961,"NO"
2026-03-14,"DIADEMA S.A.","LINEA_011_CHT","NO","COLECTIVO","MUNICIPAL","CHUBUT","COMODORO RIVADAVIA",680,"NO"
2026-03-14,"EMPRESA RECREO S R L","LINEA_011_SFE","NO","COLECTIVO","MUNICIPAL","SANTA FE","SANTA FE",2911,"NO"
2026-03-14,"SANTA ANA SRL","LINEA_011A_JUJ","NO","COLECTIVO","MUNICIPAL","JUJUY","SAN SALVADOR DE JUJUY",1440,"NO"
2026-03-14,"SANTA ANA SRL","LINEA_011B_JUJ","NO","COLECTIVO","MUNICIPAL","JUJUY","SAN SALVADOR DE JUJUY",1011,"NO"
2026-03-14,"TIRO FEDERAL RESISTENCIA SRL- LA CORDIAL SRL- MICROBUS SRL. U.T.E","LINEA_012","NO","COLECTIVO","PROVINCIAL","CHACO","SN",1617,"NO"
2026-03-14,"PATAGONIA ARGENTINA S.R.L.","LINEA_012_CHT","NO","COLECTIVO","MUNICIPAL","CHUBUT","COMODORO RIVADAVIA",1961,"NO"
2026-03-14,"SANTA ANA SRL","LINEA_012_JUJ","NO","COLECTIVO","MUNICIPAL","JUJUY","SAN SALVADOR DE JUJUY",1727,"NO"
2026-03-14,"EMPRESA DE TRANSPORTE AMANCAY SRL","LINEA_013_BRC","NO","COLECTIVO","MUNICIPAL","RÍO NEGRO","SAN CARLOS DE BARILOCHE",36,"NO"
2026-03-14,"PATAGONIA ARGENTINA S.R.L.","LINEA_013_CHT","NO","COLECTIVO","MUNICIPAL","CHUBUT","COMODORO RIVADAVIA",2399,"NO"
2026-03-14,"EMPRESA RECREO S R L","LINEA_013_SFE","NO","COLECTIVO","MUNICIPAL","SANTA FE","SANTA FE",2745,"NO"
2026-03-14,"EL URBANO SRL","LINEA_014_JUJ","NO","COLECTIVO","MUNICIPAL","JUJUY","SAN SALVADOR DE JUJUY",6160,"NO"
2026-03-14,"AUTOBUSES SANTA FE S.R.L","LINEA_014_SFE","NO","COLECTIVO","MUNICIPAL","SANTA FE","SANTA FE",1211,"NO"
2026-03-14,"SANTA ANA SRL","LINEA_015_JUJ","NO","COLECTIVO","MUNICIPAL","JUJUY","SAN SALVADOR DE JUJUY",2433,"NO"
2026-03-14,"EMPR.TRANSP AUTOMOTOR DE PASAJEROS GRAL SAVIO SRL","LINEA_015_PAL","NO","COLECTIVO","PROVINCIAL","JUJUY","SN",459,"NO"
2026-03-14,"ERSA URBANO SA","LINEA_015_SFE","NO","COLECTIVO","MUNICIPAL","SANTA FE","SANTA FE",2569,"NO"
2026-03-14,"SANTA ANA SRL","LINEA_016_JUJ","NO","COLECTIVO","MUNICIPAL","JUJUY","SAN SALVADOR DE JUJUY",913,"NO"
2026-03-14,"EMPRESA RECREO S R L","LINEA_016_SFE","NO","COLECTIVO","MUNICIPAL","SANTA FE","SANTA FE",2177,"NO"
2026-03-14,"SANTA ANA SRL","LINEA_017_JUJ","NO","COLECTIVO","MUNICIPAL","JUJUY","SAN SALVADOR DE JUJUY",1285,"NO"
2026-03-14,"COOPERATIVA DE TRABAJO UNION BUS LIMITADA","LINEA_018_JUJ","NO","COLECTIVO","MUNICIPAL","JUJUY","SAN SALVADOR DE JUJUY",1434,"NO"
2026-03-14,"EMPRESA RECREO S R L","LINEA_018_SFE","NO","COLECTIVO","MUNICIPAL","SANTA FE","SANTA FE",3791,"NO"
2026-03-14,"SANTA ANA SRL","LINEA_019_JUJ","NO","COLECTIVO","MUNICIPAL","JUJUY","SAN SALVADOR DE JUJUY",818,"NO"
2026-03-14,"EMPRESA DE TRANSPORTE AMANCAY SRL","LINEA_020_BRC","NO","COLECTIVO","MUNICIPAL","RÍO NEGRO","SAN CARLOS DE BARILOCHE",3880,"NO"
2026-03-14,"SANTA ANA SRL","LINEA_020_JUJ","NO","COLECTIVO","MUNICIPAL","JUJUY","SAN SALVADOR DE JUJUY",2681,"NO"
2026-03-14,"EMPRESA MAYO SRL","LINEA_020_SJUAN","NO","COLECTIVO","PROVINCIAL","SAN JUAN","SN",418,"NO"
2026-03-14,"EMPRESA DE TRANSPORTE AMANCAY SRL","LINEA_021_BRC","NO","COLECTIVO","MUNICIPAL","RÍO NEGRO","SAN CARLOS DE BARILOCHE",802,"NO"
2026-03-14,"TRANSPORTES AUTOMOTORES COLON SRL","LINEA_021_JUJ","NO","COLECTIVO","MUNICIPAL","JUJUY","SAN SALVADOR DE JUJUY",826,"NO"
2026-03-14,"EL URBANO SRL","LINEA_022_JUJ","NO","COLECTIVO","MUNICIPAL","JUJUY","SAN SALVADOR DE JUJUY",669,"NO"
2026-03-14,"AUTOBUSES SANTA FE S.R.L","LINEA_022_SFE","NO","COLECTIVO","MUNICIPAL","SANTA FE","SANTA FE",1253,"NO"
2026-03-14,"TRANSPORTE SAN JORGE S.A.","LINEA_023_JUJ","NO","COLECTIVO","MUNICIPAL","JUJUY","SAN SALVADOR DE JUJUY",251,"NO"
2026-03-14,"SANTA ANA SRL","LINEA_024_JUJ","NO","COLECTIVO","MUNICIPAL","JUJUY","SAN SALVADOR DE JUJUY",367,"NO"
2026-03-14,"TRANSPORTES AUTOMOTORES COLON SRL","LINEA_025_JU","NO","COLECTIVO","MUNICIPAL","JUJUY","SAN SALVADOR DE JUJUY",274,"NO"
2026-03-14,"EMPR.TRANSP AUTOMOTOR DE PASAJEROS GRAL SAVIO SRL","LINEA_025C_PAL","NO","COLECTIVO","PROVINCIAL","JUJUY","SN",176,"NO"
2026-03-14,"TRANSPORTES AUTOMOTORES COLON SRL","LINEA_026_JU","NO","COLECTIVO","MUNICIPAL","JUJUY","SAN SALVADOR DE JUJUY",678,"NO"
2026-03-14,"TRANSPORTES AUTOMOTORES COLON SRL","LINEA_027_JU","NO","COLECTIVO","MUNICIPAL","JUJUY","SAN SALVADOR DE JUJUY",1210,"NO"
2026-03-14,"SANTA ANA SRL","LINEA_029_JUJ","NO","COLECTIVO","MUNICIPAL","JUJUY","SAN SALVADOR DE JUJUY",324,"NO"
2026-03-14,"SANTA ANA SRL","LINEA_02_JUJ","NO","COLECTIVO","MUNICIPAL","JUJUY","SAN SALVADOR DE JUJUY",2221,"NO"
2026-03-14,"SANTA ANA SRL","LINEA_030_JUJ","NO","COLECTIVO","MUNICIPAL","JUJUY","SAN SALVADOR DE JUJUY",3694,"NO"
2026-03-14,"TRANSPORTE DE PASAJEROS ALTO DE SIERRA S.R.L.","LINEA_030_SJUAN","NO","COLECTIVO","PROVINCIAL","SAN JUAN","SN",113,"NO"
2026-03-14,"EMPRESA DE TRANSPORTE AMANCAY SRL","LINEA_031_BRC","NO","COLECTIVO","MUNICIPAL","RÍO NEGRO","SAN CARLOS DE BARILOCHE",168,"NO"
2026-03-14,"TRANSPORTES AUTOMOTORES COLON SRL","LINEA_032_JU","NO","COLECTIVO","MUNICIPAL","JUJUY","SAN SALVADOR DE JUJUY",1097,"NO"
2026-03-14,"COOPERATIVA DE TRABAJO UNION BUS LIMITADA","LINEA_033_JUJ","NO","COLECTIVO","MUNICIPAL","JUJUY","SAN SALVADOR DE JUJUY",1101,"NO"
2026-03-14,"TRANSPORTES AUTOMOTORES COLON SRL","LINEA_034_JU","NO","COLECTIVO","MUNICIPAL","JUJUY","SAN SALVADOR DE JUJUY",875,"NO"
2026-03-14,"SANTA ANA SRL","LINEA_035_JUJ","NO","COLECTIVO","MUNICIPAL","JUJUY","SAN SALVADOR DE JUJUY",932,"NO"
2026-03-14,"SANTA ANA SRL","LINEA_036_JUJ","NO","COLECTIVO","MUNICIPAL","JUJUY","SAN SALVADOR DE JUJUY",1087,"NO"
2026-03-14,"TRANSPORTES AUTOMOTORES COLON SRL","LINEA_037_JU","NO","COLECTIVO","MUNICIPAL","JUJUY","SAN SALVADOR DE JUJUY",426,"NO"
2026-03-14,"SANTA ANA SRL","LINEA_038_JUJ","NO","COLECTIVO","MUNICIPAL","JUJUY","SAN SALVADOR DE JUJUY",1228,"NO"
2026-03-14,"SANTA ANA SRL","LINEA_039_JUJ","NO","COLECTIVO","MUNICIPAL","JUJUY","SAN SALVADOR DE JUJUY",1164,"NO"
2026-03-14,"EMPRESA DE TRANSPORTE AMANCAY SRL","LINEA_040/041_BRC","NO","COLECTIVO","MUNICIPAL","RÍO NEGRO","SAN CARLOS DE BARILOCHE",776,"NO"
2026-03-14,"TRANSPORTES AUTOMOTORES COLON SRL","LINEA_040_JU","NO","COLECTIVO","MUNICIPAL","JUJUY","SAN SALVADOR DE JUJUY",688,"NO"
2026-03-14,"EMPRESA DE TRANSPORTES ALBARDON SRL","LINEA_040_SJUAN","NO","COLECTIVO","PROVINCIAL","SAN JUAN","SN",428,"NO"
2026-03-14,"TRANSPORTE SAN JORGE S.A.","LINEA_041_JUJ","NO","COLECTIVO","MUNICIPAL","JUJUY","SAN SALVADOR DE JUJUY",254,"NO"
2026-03-14,"EL URBANO SRL","LINEA_042_JUJ","NO","COLECTIVO","MUNICIPAL","JUJUY","SAN SALVADOR DE JUJUY",1320,"NO"
2026-03-14,"EL URBANO SRL","LINEA_043_JUJ","NO","COLECTIVO","MUNICIPAL","JUJUY","SAN SALVADOR DE JUJUY",369,"NO"
2026-03-14,"TRANSPORTE SAN JORGE S.A.","LINEA_045_JUJ","NO","COLECTIVO","MUNICIPAL","JUJUY","SAN SALVADOR DE JUJUY",377,"NO"
2026-03-14,"TRANSPORTE SAN CAYETANO S.R.L.","LINEA_045_PAL","NO","COLECTIVO","PROVINCIAL","JUJUY","SN",69,"NO"
2026-03-14,"TRANSPORTE SAN CAYETANO S.R.L.","LINEA_045A_PAL","NO","COLECTIVO","PROVINCIAL","JUJUY","SN",278,"NO"
2026-03-14,"COOPERATIVA DE TRABAJO UNION BUS LIMITADA","LINEA_046_JUJ","NO","COLECTIVO","MUNICIPAL","JUJUY","SAN SALVADOR DE JUJUY",936,"NO"
2026-03-14,"EL URBANO SRL","LINEA_047_JUJ","NO","COLECTIVO","MUNICIPAL","JUJUY","SAN SALVADOR DE JUJUY",4409,"NO"
2026-03-14,"EL URBANO SRL","LINEA_048I_JUJ","NO","COLECTIVO","MUNICIPAL","JUJUY","SAN SALVADOR DE JUJUY",3320,"NO"
2026-03-14,"SANTA ANA SRL","LINEA_049_JUJ","NO","COLECTIVO","MUNICIPAL","JUJUY","SAN SALVADOR DE JUJUY",3702,"NO"
2026-03-14,"EMPR.TRANSP AUTOMOTOR DE PASAJEROS GRAL SAVIO SRL","LINEA_049_PAL_PROV","NO","COLECTIVO","PROVINCIAL","JUJUY","SN",2954,"NO"
2026-03-14,"EMPR.TRANSP AUTOMOTOR DE PASAJEROS GRAL SAVIO SRL","LINEA_049A_PAL_PROV","NO","COLECTIVO","PROVINCIAL","JUJUY","SN",3976,"NO"
2026-03-14,"EMPR.TRANSP AUTOMOTOR DE PASAJEROS GRAL SAVIO SRL","LINEA_049B_PAL","NO","COLECTIVO","PROVINCIAL","JUJUY","SN",513,"NO"
2026-03-14,"EMPR.TRANSP AUTOMOTOR DE PASAJEROS GRAL SAVIO SRL","LINEA_049F_PAL","NO","COLECTIVO","PROVINCIAL","JUJUY","SN",1656,"NO"
2026-03-14,"TRANSPORTE AUTOMOTOR DE PASAJEROS FIGUEROA S.A.","LINEA_050","NO","COLECTIVO","PROVINCIAL","JUJUY","SN",183,"NO"
2026-03-14,"EMPRESA DE TRANSPORTE AMANCAY SRL","LINEA_050_BRC","NO","COLECTIVO","MUNICIPAL","RÍO NEGRO","SAN CARLOS DE BARILOCHE",2317,"NO"
2026-03-14,"EMPRESA DE TRANSPORTE AMANCAY SRL","LINEA_051_BRC","NO","COLECTIVO","MUNICIPAL","RÍO NEGRO","SAN CARLOS DE BARILOCHE",1725,"NO"
2026-03-14,"SANTA ANA SRL","LINEA_052_JUJ","NO","COLECTIVO","MUNICIPAL","JUJUY","SAN SALVADOR DE JUJUY",2821,"NO"
2026-03-14,"EMPR.TRANSP AUTOMOTOR DE PASAJEROS GRAL SAVIO SRL","LINEA_052_PAL","NO","COLECTIVO","PROVINCIAL","JUJUY","SN",1296,"NO"
2026-03-14,"EMPRESA DE TRANSPORTE AMANCAY SRL","LINEA_055_BRC","NO","COLECTIVO","MUNICIPAL","RÍO NEGRO","SAN CARLOS DE BARILOCHE",114,"NO"
2026-03-14,"TRANSPORTE FUTURO SRL","LINEA_06","NO","COLECTIVO","PROVINCIAL","JUJUY","SN",210,"NO"
2026-03-14,"EMPRESA DE TRANSPORTE AMANCAY SRL","LINEA_060_BRC","NO","COLECTIVO","MUNICIPAL","RÍO NEGRO","SAN CARLOS DE BARILOCHE",1492,"NO"
2026-03-14,"EMPRESA DE TRANSPORTE AMANCAY SRL","LINEA_061_BRC","NO","COLECTIVO","MUNICIPAL","RÍO NEGRO","SAN CARLOS DE BARILOCHE",2158,"NO"
2026-03-14,"SANTA ANA SRL","LINEA_06_JUJ","NO","COLECTIVO","MUNICIPAL","JUJUY","SAN SALVADOR DE JUJUY",1404,"NO"
2026-03-14,"EMPRESA DE TRANSPORTE AMANCAY SRL","LINEA_070_BRC","NO","COLECTIVO","MUNICIPAL","RÍO NEGRO","SAN CARLOS DE BARILOCHE",348,"NO"
2026-03-14,"EMPRESA DE TRANSPORTE AMANCAY SRL","LINEA_071_BRC","NO","COLECTIVO","MUNICIPAL","RÍO NEGRO","SAN CARLOS DE BARILOCHE",608,"NO"
2026-03-14,"EMPRESA DE TRANSPORTE AMANCAY SRL","LINEA_072_BRC","NO","COLECTIVO","MUNICIPAL","RÍO NEGRO","SAN CARLOS DE BARILOCHE",416,"NO"
2026-03-14,"TRANSPORTE AUTOMOTOR DE PASAJEROS FIGUEROA S.A.","LINEA_08","NO","COLECTIVO","PROVINCIAL","JUJUY","SN",879,"NO"
2026-03-14,"EMPRESA DE TRANSPORTE AMANCAY SRL","LINEA_081_BRC","NO","COLECTIVO","MUNICIPAL","RÍO NEGRO","SAN CARLOS DE BARILOCHE",1038,"NO"
2026-03-14,"EMPRESA DE TRANSPORTE AMANCAY SRL","LINEA_082_BRC","NO","COLECTIVO","MUNICIPAL","RÍO NEGRO","SAN CARLOS DE BARILOCHE",402,"NO"
2026-03-14,"EMPRESA DE TRANSPORTE AMANCAY SRL","LINEA_083_BRC","NO","COLECTIVO","MUNICIPAL","RÍO NEGRO","SAN CARLOS DE BARILOCHE",1027,"NO"
2026-03-14,"SANTA ANA SRL","LINEA_08_JUJ","NO","COLECTIVO","MUNICIPAL","JUJUY","SAN SALVADOR DE JUJUY",2893,"NO"
2026-03-14,"TRANSPORTE SAN CAYETANO S.R.L.","LINEA_08_PAL","NO","COLECTIVO","PROVINCIAL","JUJUY","SN",271,"NO"
2026-03-14,"TRANSPORTE SAN CAYETANO S.R.L.","LINEA_08A_PAL","NO","COLECTIVO","PROVINCIAL","JUJUY","SN",59,"NO"
2026-03-14,"TRANSPORTE AUTOMOTOR DE PASAJEROS FIGUEROA S.A.","LINEA_09","NO","COLECTIVO","PROVINCIAL","JUJUY","SN",843,"NO"
2026-03-14,"TRANSPORTE FUTURO SRL","LINEA_09","NO","COLECTIVO","PROVINCIAL","JUJUY","SN",1297,"NO"
2026-03-14,"TRANSPORTE SAN CAYETANO S.R.L.","LINEA_09A_PAL","NO","COLECTIVO","PROVINCIAL","JUJUY","SN",103,"NO"
2026-03-14,"TRANSPORTE SAN CAYETANO S.R.L.","LINEA_09C_PAL","NO","COLECTIVO","PROVINCIAL","JUJUY","SN",421,"NO"
2026-03-14,"AMERICA TRANSPORTE AUTOMOTOR S.R.L. - AZUL S.A. T.A. - UTE.","LINEA_100_SFE","NO","COLECTIVO","PROVINCIAL","SANTA FE","SN",2223,"NO"
2026-03-14,"U.T.E EMPRESA DE TRANSPORTE DE PASAJEROS LA MARINA SA- LA POSITIVA SA","LINEA_100_SJUAN","NO","COLECTIVO","PROVINCIAL","SAN JUAN","SN",922,"NO"
2026-03-14,"COOPERATIVA DE TRABAJO DE TRANSPORTE SAN FERNANDO LTDA","LINEA_101","NO","COLECTIVO","PROVINCIAL","CATAMARCA","SN",399,"NO"
2026-03-14,"ERSA URBANO S.A UNION TRANSITORIA","LINEA_101","NO","COLECTIVO","PROVINCIAL","CHACO","SN",403,"NO"
2026-03-14,"MIRAMAR ESTRELLA U.T.","LINEA_101_CORR","NO","COLECTIVO","MUNICIPAL","CORRIENTES","CORRIENTES",1799,"NO"
2026-03-14,"ROSARIO BUS  S.A","LINEA_101_NEGRA","NO","COLECTIVO","MUNICIPAL","SANTA FE","ROSARIO",2186,"NO"
2026-03-14,"AMERICA TRANSPORTE AUTOMOTOR S.R.L. - AZUL S.A. T.A. - UTE.","LINEA_101_SFE","NO","COLECTIVO","PROVINCIAL","SANTA FE","SN",357,"NO"
2026-03-14,"U.T.E EMPRESA DE TRANSPORTE DE PASAJEROS LA MARINA SA- LA POSITIVA SA","LINEA_101_SJUAN","NO","COLECTIVO","PROVINCIAL","SAN JUAN","SN",1123,"NO"
2026-03-14,"COOPERATIVA DE TRABAJO DE TRANSPORTE SAN FERNANDO LTDA","LINEA_102","NO","COLECTIVO","PROVINCIAL","CATAMARCA","SN",852,"NO"
2026-03-14,"ERSA URBANO SA","LINEA_102_CORR","NO","COLECTIVO","MUNICIPAL","CORRIENTES","CORRIENTES",3303,"NO"
2026-03-14,"MOVI ROSARIO S.A.U","LINEA_102_ROJA","NO","COLECTIVO","MUNICIPAL","SANTA FE","ROSARIO",1634,"NO"
2026-03-14,"AMERICA TRANSPORTE AUTOMOTOR S.R.L. - AZUL S.A. T.A. - UTE.","LINEA_102_SFE","NO","COLECTIVO","PROVINCIAL","SANTA FE","SN",1,"NO"
2026-03-14,"U.T.E EMPRESA DE TRANSPORTE DE PASAJEROS LA MARINA SA- LA POSITIVA SA","LINEA_102_SJUAN","NO","COLECTIVO","PROVINCIAL","SAN JUAN","SN",809,"NO"
2026-03-14,"ROSARIO BUS  S.A","LINEA_102NEGRA_144NEGRA","NO","COLECTIVO","MUNICIPAL","SANTA FE","ROSARIO",2242,"NO"
2026-03-14,"ROSARIO BUS  S.A","LINEA_103","NO","COLECTIVO","MUNICIPAL","SANTA FE","ROSARIO",9406,"NO"
2026-03-14,"LINEAS G.M. SRL","LINEA_103_CAT","NO","COLECTIVO","PROVINCIAL","CATAMARCA","SN",443,"NO"
2026-03-14,"ERSA URBANO SA","LINEA_103_CORR","NO","COLECTIVO","MUNICIPAL","CORRIENTES","CORRIENTES",4409,"NO"
2026-03-14,"U.T.E EMPRESA DE TRANSPORTE DE PASAJEROS LA MARINA SA- LA POSITIVA SA","LINEA_103_SJUAN","NO","COLECTIVO","PROVINCIAL","SAN JUAN","SN",310,"NO"
2026-03-14,"EL NENE SRL","LINEA_104_CAT","NO","COLECTIVO","PROVINCIAL","CATAMARCA","SN",2121,"NO"
2026-03-14,"ATACO NORTE S.A.C.I-NAVARRO HNOS S.R.L-U.T.E","LINEA_104_CHA","NO","COLECTIVO","PROVINCIAL","CHACO","SN",1137,"NO"
2026-03-14,"TRANSPORTE SAN LORENZO S.A UNION TRANSITORIA","LINEA_104_CORR","NO","COLECTIVO","MUNICIPAL","CORRIENTES","CORRIENTES",2546,"NO"
2026-03-14,"U.T.E EMPRESA DE TRANSPORTE DE PASAJEROS LA MARINA SA- LA POSITIVA SA","LINEA_104_SJUAN","NO","COLECTIVO","PROVINCIAL","SAN JUAN","SN",860,"NO"
2026-03-14,"LINEAS G.M. SRL","LINEA_105_CAT","NO","COLECTIVO","PROVINCIAL","CATAMARCA","SN",532,"NO"
2026-03-14,"ERSA URBANO SA","LINEA_105_CORR","NO","COLECTIVO","MUNICIPAL","CORRIENTES","CORRIENTES",3785,"NO"
2026-03-14,"MOVI ROSARIO S.A.U","LINEA_106","NO","COLECTIVO","MUNICIPAL","SANTA FE","ROSARIO",1609,"NO"
2026-03-14,"ERSA URBANO S.A UNION TRANSITORIA","LINEA_106","NO","COLECTIVO","PROVINCIAL","CHACO","SN",2050,"NO"
2026-03-14,"LA RUBI SRL","LINEA_106_CAT","NO","COLECTIVO","PROVINCIAL","CATAMARCA","SN",1496,"NO"
2026-03-14,"ERSA URBANO SA","LINEA_106_CORR","NO","COLECTIVO","MUNICIPAL","CORRIENTES","CORRIENTES",3050,"NO"
2026-03-14,"ROSARIO BUS  S.A","LINEA_107","NO","COLECTIVO","MUNICIPAL","SANTA FE","ROSARIO",8652,"NO"
2026-03-14,"ERSA URBANO S.A UNION TRANSITORIA","LINEA_107","NO","COLECTIVO","PROVINCIAL","CHACO","SN",1521,"NO"
2026-03-14,"25 DE AGOSTO SRL","LINEA_108_CAT","NO","COLECTIVO","PROVINCIAL","CATAMARCA","SN",4136,"NO"
2026-03-14,"TRANSPORTE SAN LORENZO S.A UNION TRANSITORIA","LINEA_108_CORR","NO","COLECTIVO","MUNICIPAL","CORRIENTES","CORRIENTES",2641,"NO"
2026-03-14,"COOPERATIVA DE TRABAJO DE TRANSPORTE SAN FERNANDO LTDA","LINEA_109","NO","COLECTIVO","PROVINCIAL","CATAMARCA","SN",1804,"NO"
2026-03-14,"ERSA URBANO SA","LINEA_109_CORR","NO","COLECTIVO","MUNICIPAL","CORRIENTES","CORRIENTES",1085,"NO"
2026-03-14,"EMPRESA KOKO S.R.L","LINEA_10_NQN","NO","COLECTIVO","MUNICIPAL","NEUQUÉN","NEUQUEN",597,"NO"
2026-03-14,"COOPERATIVA DE TRABAJO PALBUS 2000 LIMITADA","LINEA_10A_JUJUY","NO","COLECTIVO","PROVINCIAL","JUJUY","SN",5582,"NO"
2026-03-14,"ROSARIO BUS  S.A","LINEA_110","NO","COLECTIVO","MUNICIPAL","SANTA FE","ROSARIO",8035,"NO"
2026-03-14,"ATACO NORTE S.A.C.I-NAVARRO HNOS S.R.L-U.T.E","LINEA_110_CHA","NO","COLECTIVO","PROVINCIAL","CHACO","SN",3133,"NO"
2026-03-14,"MIRAMAR ESTRELLA U.T.","LINEA_110_CORR","NO","COLECTIVO","MUNICIPAL","CORRIENTES","CORRIENTES",3474,"NO"
2026-03-14,"TIRO FEDERAL RESISTENCIA SRL- LA CORDIAL SRL- MICROBUS SRL. U.T.E","LINEA_111","NO","COLECTIVO","PROVINCIAL","CHACO","SN",1460,"NO"
2026-03-14,"MOVI ROSARIO S.A.U","LINEA_112","NO","COLECTIVO","MUNICIPAL","SANTA FE","ROSARIO",4062,"NO"
2026-03-14,"MOVI ROSARIO S.A.U","LINEA_113","NO","COLECTIVO","MUNICIPAL","SANTA FE","ROSARIO",2149,"NO"
2026-03-14,"MOVI ROSARIO S.A.U","LINEA_115","NO","COLECTIVO","MUNICIPAL","SANTA FE","ROSARIO",2570,"NO"
2026-03-14,"MOVI ROSARIO S.A.U","LINEA_115_AEROPUERTO","NO","COLECTIVO","MUNICIPAL","SANTA FE","ROSARIO",2444,"NO"
2026-03-14,"MOVI ROSARIO S.A.U","LINEA_116","NO","COLECTIVO","MUNICIPAL","SANTA FE","ROSARIO",2632,"NO"
2026-03-14,"EXPRESO TIGRE-IGUAZU SA","LINEA_11_NQN","NO","COLECTIVO","MUNICIPAL","NEUQUÉN","NEUQUEN",2076,"NO"
2026-03-14,"EMPR.TRANSP AUTOMOTOR DE PASAJEROS GRAL SAVIO SRL","LINEA_11K_PAL","NO","COLECTIVO","MUNICIPAL","JUJUY","PALPALA",343,"NO"
2026-03-14,"MOVI ROSARIO S.A.U","LINEA_120","NO","COLECTIVO","MUNICIPAL","SANTA FE","ROSARIO",1763,"NO"
2026-03-14,"U.T.E EMPRESA DE TRANSPORTE DE PASAJEROS LA MARINA SA- LA POSITIVA SA","LINEA_120_SJUAN","NO","COLECTIVO","PROVINCIAL","SAN JUAN","SN",1282,"NO"
2026-03-14,"MOVI ROSARIO S.A.U","LINEA_121","NO","COLECTIVO","MUNICIPAL","SANTA FE","ROSARIO",2397,"NO"
2026-03-14,"U.T.E EMPRESA DE TRANSPORTE DE PASAJEROS LA MARINA SA- LA POSITIVA SA","LINEA_121_SJUAN","NO","COLECTIVO","PROVINCIAL","SAN JUAN","SN",1934,"NO"
2026-03-14,"ROSARIO BUS  S.A","LINEA_122","NO","COLECTIVO","MUNICIPAL","SANTA FE","ROSARIO",9018,"NO"
2026-03-14,"U.T.E EMPRESA DE TRANSPORTE DE PASAJEROS LA MARINA SA- LA POSITIVA SA","LINEA_122_SJUAN","NO","COLECTIVO","PROVINCIAL","SAN JUAN","SN",1046,"NO"
2026-03-14,"MOVI ROSARIO S.A.U","LINEA_123","NO","COLECTIVO","MUNICIPAL","SANTA FE","ROSARIO",2009,"NO"
2026-03-14,"U.T.E EMPRESA DE TRANSPORTE DE PASAJEROS LA MARINA SA- LA POSITIVA SA","LINEA_123_SJUAN","NO","COLECTIVO","PROVINCIAL","SAN JUAN","SN",2047,"NO"
2026-03-14,"U.T.E EMPRESA DE TRANSPORTE DE PASAJEROS LA MARINA SA- LA POSITIVA SA","LINEA_124_SJUAN","NO","COLECTIVO","PROVINCIAL","SAN JUAN","SN",590,"NO"
2026-03-14,"U.T.E EMPRESA DE TRANSPORTE DE PASAJEROS LA MARINA SA- LA POSITIVA SA","LINEA_125_SJUAN","NO","COLECTIVO","PROVINCIAL","SAN JUAN","SN",978,"NO"
2026-03-14,"ROSARIO BUS  S.A","LINEA_126","NO","COLECTIVO","MUNICIPAL","SANTA FE","ROSARIO",998,"NO"
2026-03-14,"U.T.E EMPRESA DE TRANSPORTE DE PASAJEROS LA MARINA SA- LA POSITIVA SA","LINEA_126_SJUAN","NO","COLECTIVO","PROVINCIAL","SAN JUAN","SN",2211,"NO"
2026-03-14,"MOVI ROSARIO S.A.U","LINEA_127","NO","COLECTIVO","MUNICIPAL","SANTA FE","ROSARIO",2099,"NO"
2026-03-14,"U.T.E EMPRESA DE TRANSPORTE DE PASAJEROS LA MARINA SA- LA POSITIVA SA","LINEA_127_SJUAN","NO","COLECTIVO","PROVINCIAL","SAN JUAN","SN",68,"NO"
2026-03-14,"ROSARIO BUS  S.A","LINEA_128","NO","COLECTIVO","MUNICIPAL","SANTA FE","ROSARIO",3390,"NO"
2026-03-14,"U.T.E EMPRESA DE TRANSPORTE DE PASAJEROS LA MARINA SA- LA POSITIVA SA","LINEA_128_SJUAN","NO","COLECTIVO","PROVINCIAL","SAN JUAN","SN",338,"NO"
2026-03-14,"MOVI ROSARIO S.A.U","LINEA_129","NO","COLECTIVO","MUNICIPAL","SANTA FE","ROSARIO",2486,"NO"
2026-03-14,"U.T.E EMPRESA DE TRANSPORTE DE PASAJEROS LA MARINA SA- LA POSITIVA SA","LINEA_129_SJUAN","NO","COLECTIVO","PROVINCIAL","SAN JUAN","SN",924,"NO"
2026-03-14,"EMPRESA KOKO S.R.L","LINEA_12_NQN","NO","COLECTIVO","MUNICIPAL","NEUQUÉN","NEUQUEN",4328,"NO"
2026-03-14,"EMPR.TRANSP AUTOMOTOR DE PASAJEROS GRAL SAVIO SRL","LINEA_12L_PAL","NO","COLECTIVO","MUNICIPAL","JUJUY","PALPALA",471,"NO"
2026-03-14,"EMPRESA DE TRANSPORTE AMANCAY SRL","LINEA_13-22_BRC","NO","COLECTIVO","MUNICIPAL","RÍO NEGRO","SAN CARLOS DE BARILOCHE",78,"NO"
2026-03-14,"ROSARIO BUS  S.A","LINEA_130","NO","COLECTIVO","MUNICIPAL","SANTA FE","ROSARIO",2016,"NO"
2026-03-14,"U.T.E EMPRESA DE TRANSPORTE DE PASAJEROS LA MARINA SA- LA POSITIVA SA","LINEA_130_SJUAN","NO","COLECTIVO","PROVINCIAL","SAN JUAN","SN",437,"NO"
2026-03-14,"MOVI ROSARIO S.A.U","LINEA_131","NO","COLECTIVO","MUNICIPAL","SANTA FE","ROSARIO",2709,"NO"
2026-03-14,"MOVI ROSARIO S.A.U","LINEA_132","NO","COLECTIVO","MUNICIPAL","SANTA FE","ROSARIO",2199,"NO"
2026-03-14,"ROSARIO BUS  S.A","LINEA_133NEGRA_125","NO","COLECTIVO","MUNICIPAL","SANTA FE","ROSARIO",2083,"NO"
2026-03-14,"ROSARIO BUS  S.A","LINEA_133VERDE_125","NO","COLECTIVO","MUNICIPAL","SANTA FE","ROSARIO",1149,"NO"
2026-03-14,"MOVI ROSARIO S.A.U","LINEA_134","NO","COLECTIVO","MUNICIPAL","SANTA FE","ROSARIO",1952,"NO"
2026-03-14,"MOVI ROSARIO S.A.U","LINEA_135","NO","COLECTIVO","MUNICIPAL","SANTA FE","ROSARIO",1756,"NO"
2026-03-14,"ROSARIO BUS  S.A","LINEA_138_139","NO","COLECTIVO","MUNICIPAL","SANTA FE","ROSARIO",3091,"NO"
2026-03-14,"EMPRESA KOKO S.R.L","LINEA_13_NQN","NO","COLECTIVO","MUNICIPAL","NEUQUÉN","NEUQUEN",2112,"NO"
2026-03-14,"ROSARIO BUS  S.A","LINEA_140","NO","COLECTIVO","MUNICIPAL","SANTA FE","ROSARIO",3820,"NO"
2026-03-14,"TRANSPORTE LIBERTADOR SRL","LINEA_140_SJUAN","NO","COLECTIVO","PROVINCIAL","SAN JUAN","SN",94,"NO"
2026-03-14,"MOVI ROSARIO S.A.U","LINEA_141","NO","COLECTIVO","MUNICIPAL","SANTA FE","ROSARIO",2964,"NO"
2026-03-14,"TRANSPORTE LIBERTADOR SRL","LINEA_141_SJUAN","NO","COLECTIVO","PROVINCIAL","SAN JUAN","SN",45,"NO"
2026-03-14,"ROSARIO BUS  S.A","LINEA_142","NO","COLECTIVO","MUNICIPAL","SANTA FE","ROSARIO",10586,"NO"
2026-03-14,"TRANSPORTE LIBERTADOR SRL","LINEA_142_SJUAN","NO","COLECTIVO","PROVINCIAL","SAN JUAN","SN",1090,"NO"
2026-03-14,"ROSARIO BUS  S.A","LINEA_143NEGRA_136_137","NO","COLECTIVO","MUNICIPAL","SANTA FE","ROSARIO",2702,"NO"
2026-03-14,"ROSARIO BUS  S.A","LINEA_143ROJA_136_137","NO","COLECTIVO","MUNICIPAL","SANTA FE","ROSARIO",2062,"NO"
2026-03-14,"ROSARIO BUS  S.A","LINEA_145CABIN_9_133","NO","COLECTIVO","MUNICIPAL","SANTA FE","ROSARIO",4404,"NO"
2026-03-14,"ROSARIO BUS  S.A","LINEA_145SOLDINI_133","NO","COLECTIVO","MUNICIPAL","SANTA FE","ROSARIO",2913,"NO"
2026-03-14,"ROSARIO BUS  S.A","LINEA_146","NO","COLECTIVO","MUNICIPAL","SANTA FE","ROSARIO",4163,"NO"
2026-03-14,"EMPRESA KOKO S.R.L","LINEA_14_NQN","NO","COLECTIVO","MUNICIPAL","NEUQUÉN","NEUQUEN",1699,"NO"
2026-03-14,"TRANSPORTE SAN JOSE S.A.","LINEA_15","NO","COLECTIVO","PROVINCIAL","JUJUY","SN",1421,"NO"
2026-03-14,"MOVI ROSARIO S.A.U","LINEA_153","NO","COLECTIVO","MUNICIPAL","SANTA FE","ROSARIO",5390,"NO"
2026-03-14,"EMPRESA KOKO S.R.L","LINEA_15_NQN","NO","COLECTIVO","MUNICIPAL","NEUQUÉN","NEUQUEN",855,"NO"
2026-03-14,"TRANSPORTE LIBERTADOR SRL","LINEA_160_SJUAN","NO","COLECTIVO","PROVINCIAL","SAN JUAN","SN",788,"NO"
2026-03-14,"TRANSPORTE LIBERTADOR SRL","LINEA_161_SJUAN","NO","COLECTIVO","PROVINCIAL","SAN JUAN","SN",90,"NO"
2026-03-14,"TRANSPORTE LIBERTADOR SRL","LINEA_162_SJUAN","NO","COLECTIVO","PROVINCIAL","SAN JUAN","SN",80,"NO"
2026-03-14,"GENERAL TOMAS GUIDO S.A.C.I.F.","LINEA_164_AMBA","SI","COLECTIVO","NACIONAL","JN","SD",14018,"NO"
2026-03-14,"EXPRESO TIGRE-IGUAZU SA","LINEA_16_NQN","NO","COLECTIVO","MUNICIPAL","NEUQUÉN","NEUQUEN",2039,"NO"
2026-03-14,"EXPRESO TIGRE-IGUAZU SA","LINEA_17_NQN","NO","COLECTIVO","MUNICIPAL","NEUQUÉN","NEUQUEN",1823,"NO"
2026-03-14,"EXPRESO TIGRE-IGUAZU SA","LINEA_18_NQN","NO","COLECTIVO","MUNICIPAL","NEUQUÉN","NEUQUEN",1236,"NO"
2026-03-14,"EMPRESA KOKO S.R.L","LINEA_19_NQN","NO","COLECTIVO","MUNICIPAL","NEUQUÉN","NEUQUEN",537,"NO"
2026-03-14,"EMPRESA KOKO S.R.L","LINEA_1_NQN","NO","COLECTIVO","MUNICIPAL","NEUQUÉN","NEUQUEN",3195,"NO"
2026-03-14,"COOPERATIVA DE TRABAJO PALBUS 2000 LIMITADA","LINEA_1A_PAL","NO","COLECTIVO","MUNICIPAL","JUJUY","PALPALA",394,"NO"
2026-03-14,"AUTOTRANSPORTE CEFERINO S.R.L","LINEA_2","NO","COLECTIVO","MUNICIPAL","CHUBUT","RAWSON",667,"NO"
2026-03-14,"EMPRESA MAYO SRL","LINEA_200_SJUAN","NO","COLECTIVO","PROVINCIAL","SAN JUAN","SN",205,"NO"
2026-03-14,"25 DE AGOSTO SRL","LINEA_201_CAT","NO","COLECTIVO","PROVINCIAL","CATAMARCA","SN",1777,"NO"
2026-03-14,"EMPRESA MAYO SRL","LINEA_201_SJUAN","NO","COLECTIVO","PROVINCIAL","SAN JUAN","SN",735,"NO"
2026-03-14,"LINEAS G.M. SRL","LINEA_202_CAT","NO","COLECTIVO","PROVINCIAL","CATAMARCA","SN",273,"NO"
2026-03-14,"EMPRESA MAYO SRL","LINEA_202_SJUAN","NO","COLECTIVO","PROVINCIAL","SAN JUAN","SN",256,"NO"
2026-03-14,"25 DE AGOSTO SRL","LINEA_203_CAT","NO","COLECTIVO","PROVINCIAL","CATAMARCA","SN",511,"NO"
2026-03-14,"EMPRESA MAYO SRL","LINEA_203_SJUAN","NO","COLECTIVO","PROVINCIAL","SAN JUAN","SN",920,"NO"
2026-03-14,"ERSA URBANO S.A UNION TRANSITORIA","LINEA_204","NO","COLECTIVO","PROVINCIAL","CHACO","SN",1079,"NO"
2026-03-14,"LINEAS G.M. SRL","LINEA_204_CAT","NO","COLECTIVO","PROVINCIAL","CATAMARCA","SN",1131,"NO"
2026-03-14,"EMPRESA MAYO SRL","LINEA_204_SJUAN","NO","COLECTIVO","PROVINCIAL","SAN JUAN","SN",2483,"NO"
2026-03-14,"EMPRESA MAYO SRL","LINEA_205_SJUAN","NO","COLECTIVO","PROVINCIAL","SAN JUAN","SN",1196,"NO"
2026-03-14,"TIRO FEDERAL RESISTENCIA SRL- LA CORDIAL SRL- MICROBUS SRL. U.T.E","LINEA_206","NO","COLECTIVO","PROVINCIAL","CHACO","SN",205,"NO"
2026-03-14,"EMPRESA MAYO SRL","LINEA_206_SJUAN","NO","COLECTIVO","PROVINCIAL","SAN JUAN","SN",1073,"NO"
2026-03-14,"LINEAS G.M. SRL","LINEA_207_CAT","NO","COLECTIVO","PROVINCIAL","CATAMARCA","SN",256,"NO"
2026-03-14,"EMPRESA MAYO SRL","LINEA_207_SJUAN","NO","COLECTIVO","PROVINCIAL","SAN JUAN","SN",369,"NO"
2026-03-14,"EMPRESA MAYO SRL","LINEA_208_SJUAN","NO","COLECTIVO","PROVINCIAL","SAN JUAN","SN",830,"NO"
2026-03-14,"EMPRESA MAYO SRL","LINEA_209_SJUAN","NO","COLECTIVO","PROVINCIAL","SAN JUAN","SN",784,"NO"
2026-03-14,"EMPRESA KOKO S.R.L","LINEA_20_NQN","NO","COLECTIVO","MUNICIPAL","NEUQUÉN","NEUQUEN",622,"NO"
2026-03-14,"EMPRESA MAYO SRL","LINEA_210_SJUAN","NO","COLECTIVO","PROVINCIAL","SAN JUAN","SN",3288,"NO"
2026-03-14,"EMPRESA MAYO SRL","LINEA_211_SJUAN","NO","COLECTIVO","PROVINCIAL","SAN JUAN","SN",2025,"NO"
2026-03-14,"EMPRESA MAYO SRL","LINEA_212_SJUAN","NO","COLECTIVO","PROVINCIAL","SAN JUAN","SN",543,"NO"
2026-03-14,"EMPRESA MAYO SRL","LINEA_213_SJUAN","NO","COLECTIVO","PROVINCIAL","SAN JUAN","SN",909,"NO"
2026-03-14,"EMPRESA MAYO SRL","LINEA_214_SJUAN","NO","COLECTIVO","PROVINCIAL","SAN JUAN","SN",429,"NO"
2026-03-14,"EMPRESA KOKO S.R.L","LINEA_21_NQN","NO","COLECTIVO","MUNICIPAL","NEUQUÉN","NEUQUEN",2086,"NO"
2026-03-14,"EXPRESO TIGRE-IGUAZU SA","LINEA_22_NQN","NO","COLECTIVO","MUNICIPAL","NEUQUÉN","NEUQUEN",1125,"NO"
2026-03-14,"EXPRESO TIGRE-IGUAZU SA","LINEA_23_NQN","NO","COLECTIVO","MUNICIPAL","NEUQUÉN","NEUQUEN",1345,"NO"
2026-03-14,"EMPRESA MAYO SRL","LINEA_240_SJUAN","NO","COLECTIVO","PROVINCIAL","SAN JUAN","SN",307,"NO"
2026-03-14,"EMPRESA MAYO SRL","LINEA_241_SJUAN","NO","COLECTIVO","PROVINCIAL","SAN JUAN","SN",1095,"NO"
2026-03-14,"EMPRESA MAYO SRL","LINEA_242_SJUAN","NO","COLECTIVO","PROVINCIAL","SAN JUAN","SN",3028,"NO"
2026-03-14,"EMPRESA MAYO SRL","LINEA_243_SJUAN","NO","COLECTIVO","PROVINCIAL","SAN JUAN","SN",3100,"NO"
2026-03-14,"EMPRESA MAYO SRL","LINEA_244_SJUAN","NO","COLECTIVO","PROVINCIAL","SAN JUAN","SN",1402,"NO"
2026-03-14,"EMPRESA MAYO SRL","LINEA_245_SJUAN","NO","COLECTIVO","PROVINCIAL","SAN JUAN","SN",216,"NO"
2026-03-14,"EMPRESA MAYO SRL","LINEA_246_SJUAN","NO","COLECTIVO","PROVINCIAL","SAN JUAN","SN",226,"NO"
2026-03-14,"EMPRESA MAYO SRL","LINEA_247_SJUAN","NO","COLECTIVO","PROVINCIAL","SAN JUAN","SN",162,"NO"
2026-03-14,"EMPRESA MAYO SRL","LINEA_248_SJUAN","NO","COLECTIVO","PROVINCIAL","SAN JUAN","SN",553,"NO"
2026-03-14,"EMPRESA KOKO S.R.L","LINEA_24_NQN","NO","COLECTIVO","MUNICIPAL","NEUQUÉN","NEUQUEN",31,"NO"
2026-03-14,"EMPRESA KOKO S.R.L","LINEA_25_NQN","NO","COLECTIVO","MUNICIPAL","NEUQUÉN","NEUQUEN",1752,"NO"
2026-03-14,"NUEVO SUR S.R.L.","LINEA_261_SJUAN","NO","COLECTIVO","PROVINCIAL","SAN JUAN","SN",358,"NO"
2026-03-14,"NUEVO SUR S.R.L.","LINEA_262_SJUAN","NO","COLECTIVO","PROVINCIAL","SAN JUAN","SN",3229,"NO"
2026-03-14,"NUEVO SUR S.R.L.","LINEA_263_SJUAN","NO","COLECTIVO","PROVINCIAL","SAN JUAN","SN",321,"NO"
2026-03-14,"NUEVO SUR S.R.L.","LINEA_264_SJUAN","NO","COLECTIVO","PROVINCIAL","SAN JUAN","SN",24,"NO"
2026-03-14,"NUEVO SUR S.R.L.","LINEA_265_SJUAN","NO","COLECTIVO","PROVINCIAL","SAN JUAN","SN",194,"NO"
2026-03-14,"NUEVO SUR S.R.L.","LINEA_266_SJUAN","NO","COLECTIVO","PROVINCIAL","SAN JUAN","SN",65,"NO"
2026-03-14,"EMPRESA KOKO S.R.L","LINEA_26_NQN","NO","COLECTIVO","MUNICIPAL","NEUQUÉN","NEUQUEN",1275,"NO"
2026-03-14,"EMPRESA KOKO S.R.L","LINEA_27_NQN","NO","COLECTIVO","MUNICIPAL","NEUQUÉN","NEUQUEN",417,"NO"
2026-03-14,"EMPRESA KOKO S.R.L","LINEA_28_NQN","NO","COLECTIVO","MUNICIPAL","NEUQUÉN","NEUQUEN",569,"NO"
2026-03-14,"EXPRESO TIGRE-IGUAZU SA","LINEA_29_NQN","NO","COLECTIVO","MUNICIPAL","NEUQUÉN","NEUQUEN",324,"NO"
2026-03-14,"EMPRESA KOKO S.R.L","LINEA_2_NQN","NO","COLECTIVO","MUNICIPAL","NEUQUÉN","NEUQUEN",1388,"NO"
2026-03-14,"AUTOTRANSPORTE CEFERINO S.R.L","LINEA_3","NO","COLECTIVO","MUNICIPAL","CHUBUT","RAWSON",364,"NO"
2026-03-14,"TRANSPORTE DE PASAJEROS ALTO DE SIERRA S.R.L.","LINEA_300_SJUAN","NO","COLECTIVO","PROVINCIAL","SAN JUAN","SN",211,"NO"
2026-03-14,"TRANSPORTE DE PASAJEROS ALTO DE SIERRA S.R.L.","LINEA_301_SJUAN","NO","COLECTIVO","PROVINCIAL","SAN JUAN","SN",1777,"NO"
2026-03-14,"TRANSPORTE DE PASAJEROS ALTO DE SIERRA S.R.L.","LINEA_302_SJUAN","NO","COLECTIVO","PROVINCIAL","SAN JUAN","SN",101,"NO"
2026-03-14,"TRANSPORTE DE PASAJEROS ALTO DE SIERRA S.R.L.","LINEA_303_SJUAN","NO","COLECTIVO","PROVINCIAL","SAN JUAN","SN",611,"NO"
2026-03-14,"TRANSPORTE DE PASAJEROS ALTO DE SIERRA S.R.L.","LINEA_304_SJUAN","NO","COLECTIVO","PROVINCIAL","SAN JUAN","SN",735,"NO"
2026-03-14,"TRANSPORTE DE PASAJEROS ALTO DE SIERRA S.R.L.","LINEA_305_SJUAN","NO","COLECTIVO","PROVINCIAL","SAN JUAN","SN",1245,"NO"
2026-03-14,"EMPRESA KOKO S.R.L","LINEA_30_NQN","NO","COLECTIVO","MUNICIPAL","NEUQUÉN","NEUQUEN",3350,"NO"
2026-03-14,"TRANSPORTE DE PASAJEROS EL TRIUNFO SA","LINEA_320_SJUAN","NO","COLECTIVO","PROVINCIAL","SAN JUAN","SN",1102,"NO"
2026-03-14,"TRANSPORTE DE PASAJEROS EL TRIUNFO SA","LINEA_321_SJUAN","NO","COLECTIVO","PROVINCIAL","SAN JUAN","SN",140,"NO"
2026-03-14,"TRANSPORTE DE PASAJEROS EL TRIUNFO SA","LINEA_322_SJUAN","NO","COLECTIVO","PROVINCIAL","SAN JUAN","SN",249,"NO"
2026-03-14,"TRANSPORTE DE PASAJEROS EL TRIUNFO SA","LINEA_323_SJUAN","NO","COLECTIVO","PROVINCIAL","SAN JUAN","SN",246,"NO"
2026-03-14,"TRANSPORTE DE PASAJEROS EL TRIUNFO SA","LINEA_340_SJUAN","NO","COLECTIVO","PROVINCIAL","SAN JUAN","SN",660,"NO"
2026-03-14,"TRANSPORTE DE PASAJEROS EL TRIUNFO SA","LINEA_341_SJUAN","NO","COLECTIVO","PROVINCIAL","SAN JUAN","SN",2561,"NO"
2026-03-14,"TRANSPORTE DE PASAJEROS EL TRIUNFO SA","LINEA_342_SJUAN","NO","COLECTIVO","PROVINCIAL","SAN JUAN","SN",131,"NO"
2026-03-14,"TRANSPORTE DE PASAJEROS EL TRIUNFO SA","LINEA_343_SJUAN","NO","COLECTIVO","PROVINCIAL","SAN JUAN","SN",118,"NO"
2026-03-14,"TRANSPORTE DE PASAJEROS EL TRIUNFO SA","LINEA_344_SJUAN","NO","COLECTIVO","PROVINCIAL","SAN JUAN","SN",239,"NO"
2026-03-14,"TRANSPORTE DE PASAJEROS EL TRIUNFO SA","LINEA_345_SJUAN","NO","COLECTIVO","PROVINCIAL","SAN JUAN","SN",1854,"NO"
2026-03-14,"TRANSPORTE DE PASAJEROS EL TRIUNFO SA","LINEA_360_SJUAN","NO","COLECTIVO","PROVINCIAL","SAN JUAN","SN",129,"NO"
2026-03-14,"TRANSPORTE DE PASAJEROS EL TRIUNFO SA","LINEA_361_SJUAN","NO","COLECTIVO","PROVINCIAL","SAN JUAN","SN",293,"NO"
2026-03-14,"TRANSPORTE DE PASAJEROS EL TRIUNFO SA","LINEA_362_SJUAN","NO","COLECTIVO","PROVINCIAL","SAN JUAN","SN",137,"NO"
2026-03-14,"TRANSPORTE DE PASAJEROS EL TRIUNFO SA","LINEA_363_SJUAN","NO","COLECTIVO","PROVINCIAL","SAN JUAN","SN",2540,"NO"
2026-03-14,"TRANSPORTE DE PASAJEROS EL TRIUNFO SA","LINEA_364_SJUAN","NO","COLECTIVO","PROVINCIAL","SAN JUAN","SN",3120,"NO"
2026-03-14,"EXPRESO TIGRE-IGUAZU SA","LINEA_3_NQN","NO","COLECTIVO","MUNICIPAL","NEUQUÉN","NEUQUEN",820,"NO"
2026-03-14,"COOPERATIVA DE TRABAJO PALBUS 2000 LIMITADA","LINEA_3C_PAL","NO","COLECTIVO","MUNICIPAL","JUJUY","PALPALA",611,"NO"
2026-03-14,"EMPRESA DE TRANSPORTES ALBARDON SRL","LINEA_400_SJUAN","NO","COLECTIVO","PROVINCIAL","SAN JUAN","SN",908,"NO"
2026-03-14,"EMPRESA DE TRANSPORTES ALBARDON SRL","LINEA_401_SJUAN","NO","COLECTIVO","PROVINCIAL","SAN JUAN","SN",1268,"NO"
2026-03-14,"EMPRESA DE TRANSPORTES ALBARDON SRL","LINEA_402_SJUAN","NO","COLECTIVO","PROVINCIAL","SAN JUAN","SN",1269,"NO"
2026-03-14,"EMPRESA DE TRANSPORTES ALBARDON SRL","LINEA_403_SJUAN","NO","COLECTIVO","PROVINCIAL","SAN JUAN","SN",1519,"NO"
2026-03-14,"EMPRESA DE TRANSPORTES ALBARDON SRL","LINEA_404_SJUAN","NO","COLECTIVO","PROVINCIAL","SAN JUAN","SN",3447,"NO"
2026-03-14,"EMPRESA DE TRANSPORTES ALBARDON SRL","LINEA_405_SJUAN","NO","COLECTIVO","PROVINCIAL","SAN JUAN","SN",1328,"NO"
2026-03-14,"EMPRESA DE TRANSPORTES ALBARDON SRL","LINEA_406_SJUAN","NO","COLECTIVO","PROVINCIAL","SAN JUAN","SN",1991,"NO"
2026-03-14,"EMPRESA DE TRANSPORTES ALBARDON SRL","LINEA_407_SJUAN","NO","COLECTIVO","PROVINCIAL","SAN JUAN","SN",2694,"NO"
2026-03-14,"EMPRESA DE TRANSPORTES ALBARDON SRL","LINEA_408_SJUAN","NO","COLECTIVO","PROVINCIAL","SAN JUAN","SN",905,"NO"
2026-03-14,"EMPRESA DE TRANSPORTES ALBARDON SRL","LINEA_420_SJUAN","NO","COLECTIVO","PROVINCIAL","SAN JUAN","SN",3982,"NO"
2026-03-14,"EMPRESA DE TRANSPORTES ALBARDON SRL","LINEA_421_SJUAN","NO","COLECTIVO","PROVINCIAL","SAN JUAN","SN",1,"NO"
2026-03-14,"EMPRESA DE TRANSPORTES ALBARDON SRL","LINEA_422_SJUAN","NO","COLECTIVO","PROVINCIAL","SAN JUAN","SN",84,"NO"
2026-03-14,"EMPRESA DE TRANSPORTES ALBARDON SRL","LINEA_423_SJUAN","NO","COLECTIVO","PROVINCIAL","SAN JUAN","SN",178,"NO"
2026-03-14,"EMPRESA DE TRANSPORTES ALBARDON SRL","LINEA_440_SJUAN","NO","COLECTIVO","PROVINCIAL","SAN JUAN","SN",557,"NO"
2026-03-14,"EMPRESA DE TRANSPORTES ALBARDON SRL","LINEA_441_SJUAN","NO","COLECTIVO","PROVINCIAL","SAN JUAN","SN",974,"NO"
2026-03-14,"EMPRESA DE TRANSPORTES ALBARDON SRL","LINEA_442_SJUAN","NO","COLECTIVO","PROVINCIAL","SAN JUAN","SN",292,"NO"
2026-03-14,"FRANCISCO BUIATTI E HIJOS S.A","LINEA_450_LANCHAS","NO","LANCHAS","PROVINCIAL","BUENOS AIRES","SN",494,"NO"
2026-03-14,"INTERISLEÑA S A C E I","LINEA_451_LANCHAS","NO","LANCHAS","PROVINCIAL","BUENOS AIRES","SN",15,"NO"
2026-03-14,"INTERISLEÑA S A C E I","LINEA_452_451_LANCHAS","NO","LANCHAS","PROVINCIAL","BUENOS AIRES","SN",1147,"NO"
2026-03-14,"LINEAS DELTA ARGENTINO S.R.L.","LINEA_453_LANCHAS","NO","LANCHAS","PROVINCIAL","BUENOS AIRES","SN",203,"NO"
2026-03-14,"EMPRESA EL LEON S R L","LINEA_454_LANCHAS","NO","LANCHAS","PROVINCIAL","BUENOS AIRES","SN",17,"NO"
2026-03-14,"HUGO A. PFLUGER S.A","LINEA_455_LANCHAS","NO","LANCHAS","PROVINCIAL","BUENOS AIRES","SN",131,"NO"
2026-03-14,"EMPRESA DE TRANSPORTES ALBARDON SRL","LINEA_460_SJUAN","NO","COLECTIVO","PROVINCIAL","SAN JUAN","SN",469,"NO"
2026-03-14,"EMPRESA DE TRANSPORTES ALBARDON SRL","LINEA_461_SJUAN","NO","COLECTIVO","PROVINCIAL","SAN JUAN","SN",892,"NO"
2026-03-14,"EMPRESA DE TRANSPORTES ALBARDON SRL","LINEA_462_SJUAN","NO","COLECTIVO","PROVINCIAL","SAN JUAN","SN",190,"NO"
2026-03-14,"TRANSPORTE FUTURO SRL","LINEA_47","NO","COLECTIVO","PROVINCIAL","JUJUY","SN",60,"NO"
2026-03-14,"EXPRESO TIGRE-IGUAZU SA","LINEA_4_NQN","NO","COLECTIVO","MUNICIPAL","NEUQUÉN","NEUQUEN",2561,"NO"
2026-03-14,"COOPERATIVA DE TRABAJO PALBUS 2000 LIMITADA","LINEA_4D_PAL","NO","COLECTIVO","MUNICIPAL","JUJUY","PALPALA",142,"NO"
2026-03-14,"LEMOS Y RODRIGUEZ S.A.","LINEA_500_BSAS","NO","COLECTIVO","MUNICIPAL","BUENOS AIRES","BAHIA BLANCA",3806,"NO"
2026-03-14,"EMPRESA DE TRANSPORTE PERALTA RAMOS SACI","LINEA_501_MDQ","NO","COLECTIVO","MUNICIPAL","BUENOS AIRES","GENERAL PUEYRREDON",1003,"NO"
2026-03-14,"EMPRESA VALLECITO SRL","LINEA_501_SJUAN","NO","COLECTIVO","PROVINCIAL","SAN JUAN","SN",31,"NO"
2026-03-14,"T. A. SAN GABRIEL S.A.","LINEA_502_BAHIA","NO","COLECTIVO","MUNICIPAL","BUENOS AIRES","BAHIA BLANCA",1853,"NO"
2026-03-14,"EMPRESA VALLECITO SRL","LINEA_502_SJUAN","NO","COLECTIVO","PROVINCIAL","SAN JUAN","SN",73,"NO"
2026-03-14,"MICRO ÓMNIBUS NUEVA POMPEYA S.R.L.","LINEA_502N_BSAS","NO","COLECTIVO","MUNICIPAL","BUENOS AIRES","NECOCHEA",248,"NO"
2026-03-14,"COMPAÑIA BELGRANO S.A.","LINEA_503","NO","COLECTIVO","MUNICIPAL","BUENOS AIRES","CORONEL ROSALES",115,"NO"
2026-03-14,"T. A. SAN GABRIEL S.A.","LINEA_503_BAHIA","NO","COLECTIVO","MUNICIPAL","BUENOS AIRES","BAHIA BLANCA",929,"NO"
2026-03-14,"COMPAÑIA BELGRANO S.A.","LINEA_503BIS","NO","COLECTIVO","MUNICIPAL","BUENOS AIRES","CORONEL ROSALES",181,"NO"
2026-03-14,"MICRO ÓMNIBUS NUEVA POMPEYA S.R.L.","LINEA_503N_BSAS","NO","COLECTIVO","MUNICIPAL","BUENOS AIRES","NECOCHEA",247,"NO"
2026-03-14,"EMPRESA LINEA 216 S.A.T.","LINEA_504_ ITUZ","SI","COLECTIVO","MUNICIPAL","BUENOS AIRES","ITUZAINGO",328,"NO"
2026-03-14,"EMPRESA DE TRANSPORTE DEL SUR SRL","LINEA_504_AMBA","SI","COLECTIVO","MUNICIPAL","BUENOS AIRES","PRESIDENTE PERON",4528,"NO"
2026-03-14,"T. A. SAN GABRIEL S.A.","LINEA_504_BAHIA","NO","COLECTIVO","MUNICIPAL","BUENOS AIRES","BAHIA BLANCA",1429,"NO"
2026-03-14,"EMPRESA VALLECITO SRL","LINEA_504_SJUAN","NO","COLECTIVO","PROVINCIAL","SAN JUAN","SN",12,"NO"
2026-03-14,"COMPAÑIA ISLEÑA S.R.L.","LINEA_504B","SI","COLECTIVO","MUNICIPAL","BUENOS AIRES","ESCOBAR",836,"NO"
2026-03-14,"COMPAÑIA BELGRANO S.A.","LINEA_505","NO","COLECTIVO","MUNICIPAL","BUENOS AIRES","CORONEL ROSALES",132,"NO"
2026-03-14,"EMPRESA DE TRANSPORTE DEL SUR SRL","LINEA_505_AMBA","SI","COLECTIVO","MUNICIPAL","BUENOS AIRES","ALMIRANTE BROWN",9641,"NO"
2026-03-14,"LEMOS Y RODRIGUEZ S.A.","LINEA_505_BSAS","NO","COLECTIVO","MUNICIPAL","BUENOS AIRES","BAHIA BLANCA",1727,"NO"
2026-03-14,"EMPRESA DE TRANSPORTE DEL SUR SRL","LINEA_506_AMBA","SI","COLECTIVO","MUNICIPAL","BUENOS AIRES","ALMIRANTE BROWN",17894,"NO"
2026-03-14,"T. A. SAN GABRIEL S.A.","LINEA_506_BAHIA","NO","COLECTIVO","MUNICIPAL","BUENOS AIRES","BAHIA BLANCA",1210,"NO"
2026-03-14,"FUERTE BARRAGAN S.A.T.I.C.I.","LINEA_506F_BSAS","SI","COLECTIVO","MUNICIPAL","BUENOS AIRES","LA PLATA",4401,"NO"
2026-03-14,"LEMOS Y RODRIGUEZ S.A.","LINEA_507_BSAS","NO","COLECTIVO","MUNICIPAL","BUENOS AIRES","BAHIA BLANCA",1080,"NO"
2026-03-14,"COMPAÑIA ISLEÑA S.R.L.","LINEA_507B","SI","COLECTIVO","MUNICIPAL","BUENOS AIRES","ESCOBAR",956,"NO"
2026-03-14,"T. A. SAN GABRIEL S.A.","LINEA_509_BAHIA","NO","COLECTIVO","MUNICIPAL","BUENOS AIRES","BAHIA BLANCA",593,"NO"
2026-03-14,"LAS SIERRAS DE OLAVARRIA S. R. L.","LINEA_509_BSAS","NO","COLECTIVO","MUNICIPAL","BUENOS AIRES","OLAVARRIA",431,"NO"
2026-03-14,"TURITOUR S.A.","LINEA_510","NO","COLECTIVO","MUNICIPAL","BUENOS AIRES","CORONEL ROSALES",37,"NO"
2026-03-14,"LAS SIERRAS DE OLAVARRIA S. R. L.","LINEA_510_BSAS","NO","COLECTIVO","MUNICIPAL","BUENOS AIRES","OLAVARRIA",407,"NO"
2026-03-14,"COMPAÑÍA DE TRANSPORTE NECOCHEA S.A.","LINEA_510N_BSAS","NO","COLECTIVO","MUNICIPAL","BUENOS AIRES","NECOCHEA",1721,"NO"
2026-03-14,"EMPRESA DE TRANSPORTE PERALTA RAMOS SACI","LINEA_511","NO","COLECTIVO","MUNICIPAL","BUENOS AIRES","GENERAL PUEYRREDON",15299,"NO"
2026-03-14,"COMPAÑÍA DE TRANSPORTE NECOCHEA S.A.","LINEA_511N_BSAS","NO","COLECTIVO","MUNICIPAL","BUENOS AIRES","NECOCHEA",1076,"NO"
2026-03-14,"T. A. SAN GABRIEL S.A.","LINEA_512_BAHIA","NO","COLECTIVO","MUNICIPAL","BUENOS AIRES","BAHIA BLANCA",1834,"NO"
2026-03-14,"COMPAÑÍA DE TRANSPORTE NECOCHEA S.A.","LINEA_512N_BSAS","NO","COLECTIVO","MUNICIPAL","BUENOS AIRES","NECOCHEA",517,"NO"
2026-03-14,"LEMOS Y RODRIGUEZ S.A.","LINEA_513_BSAS","NO","COLECTIVO","MUNICIPAL","BUENOS AIRES","BAHIA BLANCA",2314,"NO"
2026-03-14,"T. A. SAN GABRIEL S.A.","LINEA_513EX_BAHIA","NO","COLECTIVO","MUNICIPAL","BUENOS AIRES","BAHIA BLANCA",1169,"NO"
2026-03-14,"COMPAÑÍA DE TRANSPORTE NECOCHEA S.A.","LINEA_513N_BSAS","NO","COLECTIVO","MUNICIPAL","BUENOS AIRES","NECOCHEA",46,"NO"
2026-03-14,"LEMOS Y RODRIGUEZ S.A.","LINEA_514_BSAS","NO","COLECTIVO","MUNICIPAL","BUENOS AIRES","BAHIA BLANCA",2943,"NO"
2026-03-14,"LAS SIERRAS DE OLAVARRIA S. R. L.","LINEA_514A_BSAS","NO","COLECTIVO","MUNICIPAL","BUENOS AIRES","OLAVARRIA",957,"NO"
2026-03-14,"T. A. SAN GABRIEL S.A.","LINEA_516_BAHIA","NO","COLECTIVO","MUNICIPAL","BUENOS AIRES","BAHIA BLANCA",1300,"NO"
2026-03-14,"T. A. SAN GABRIEL S.A.","LINEA_517_BAHIA","NO","COLECTIVO","MUNICIPAL","BUENOS AIRES","BAHIA BLANCA",3127,"NO"
2026-03-14,"T. A. SAN GABRIEL S.A.","LINEA_518_BAHIA","NO","COLECTIVO","MUNICIPAL","BUENOS AIRES","BAHIA BLANCA",1651,"NO"
2026-03-14,"COMPAÑÍA DE TRANSPORTE NECOCHEA S.A.","LINEA_518N_BSAS","NO","COLECTIVO","MUNICIPAL","BUENOS AIRES","NECOCHEA",34,"NO"
2026-03-14,"LEMOS Y RODRIGUEZ S.A.","LINEA_519_BSAS","NO","COLECTIVO","MUNICIPAL","BUENOS AIRES","BAHIA BLANCA",1782,"NO"
2026-03-14,"BAHIA TRANSPORTE SAPEN","LINEA_519A_BAHIA","NO","COLECTIVO","MUNICIPAL","BUENOS AIRES","BAHIA BLANCA",2326,"NO"
2026-03-14,"VIA 51 VIAJES SA","LINEA_520_BSAS","NO","COLECTIVO","MUNICIPAL","BUENOS AIRES","BAHIA BLANCA",153,"NO"
2026-03-14,"EMPRESA DE TRANSPORTE DEL SUR SRL","LINEA_521_AMBA","SI","COLECTIVO","MUNICIPAL","BUENOS AIRES","ALMIRANTE BROWN",895,"NO"
2026-03-14,"EMPRESA DE TRANSPORTE PERALTA RAMOS SACI","LINEA_521_MDQ","NO","COLECTIVO","MUNICIPAL","BUENOS AIRES","GENERAL PUEYRREDON",2569,"NO"
2026-03-14,"EMPRESA DE TRANSPORTE PERALTA RAMOS SACI","LINEA_522_MDQ","NO","COLECTIVO","MUNICIPAL","BUENOS AIRES","GENERAL PUEYRREDON",4871,"NO"
2026-03-14,"EMPRESA DE TRANSPORTE PERALTA RAMOS SACI","LINEA_523_MDQ","NO","COLECTIVO","MUNICIPAL","BUENOS AIRES","GENERAL PUEYRREDON",6246,"NO"
2026-03-14,"EMPRESA DE TRANSPORTE PERALTA RAMOS SACI","LINEA_525_MDQ","NO","COLECTIVO","MUNICIPAL","BUENOS AIRES","GENERAL PUEYRREDON",835,"NO"
2026-03-14,"AUTOBUSES BUENOS AIRES SRL","LINEA_540_BSAS","SI","COLECTIVO","MUNICIPAL","BUENOS AIRES","LOMAS DE ZAMORA",12542,"NO"
2026-03-14,"EMPRESA DE TRANSPORTE PERALTA RAMOS SACI","LINEA_541_MDQ","NO","COLECTIVO","MUNICIPAL","BUENOS AIRES","GENERAL PUEYRREDON",3817,"NO"
2026-03-14,"AUTOBUSES BUENOS AIRES SRL","LINEA_542_BSAS","SI","COLECTIVO","MUNICIPAL","BUENOS AIRES","LOMAS DE ZAMORA",8045,"NO"
2026-03-14,"EMPRESA DE TRANSPORTE PERALTA RAMOS SACI","LINEA_542_MDQ","NO","COLECTIVO","MUNICIPAL","BUENOS AIRES","GENERAL PUEYRREDON",3625,"NO"
2026-03-14,"EMPRESA DE TRANSPORTE PERALTA RAMOS SACI","LINEA_543_MDQ","NO","COLECTIVO","MUNICIPAL","BUENOS AIRES","GENERAL PUEYRREDON",1939,"NO"
2026-03-14,"AUTOBUSES BUENOS AIRES SRL","LINEA_548_BSAS","SI","COLECTIVO","MUNICIPAL","BUENOS AIRES","LOMAS DE ZAMORA",4380,"NO"
2026-03-14,"AUTOBUSES BUENOS AIRES SRL","LINEA_550_BSAS","SI","COLECTIVO","MUNICIPAL","BUENOS AIRES","LOMAS DE ZAMORA",9269,"NO"
2026-03-14,"AUTOBUSES BUENOS AIRES SRL","LINEA_551_BSAS","SI","COLECTIVO","MUNICIPAL","BUENOS AIRES","LOMAS DE ZAMORA",4676,"NO"
2026-03-14,"EMPRESA DE TRANSPORTE PERALTA RAMOS SACI","LINEA_551_MDQ","NO","COLECTIVO","MUNICIPAL","BUENOS AIRES","GENERAL PUEYRREDON",4167,"NO"
2026-03-14,"AUTOBUSES BUENOS AIRES SRL","LINEA_552_BSAS","SI","COLECTIVO","MUNICIPAL","BUENOS AIRES","LOMAS DE ZAMORA",8443,"NO"
2026-03-14,"EMPRESA DE TRANSPORTE PERALTA RAMOS SACI","LINEA_552_MDQ","NO","COLECTIVO","MUNICIPAL","BUENOS AIRES","GENERAL PUEYRREDON",6119,"NO"
2026-03-14,"AUTOBUSES BUENOS AIRES SRL","LINEA_553_BSAS","SI","COLECTIVO","MUNICIPAL","BUENOS AIRES","LOMAS DE ZAMORA",7863,"NO"
2026-03-14,"EMPRESA DE TRANSPORTE PERALTA RAMOS SACI","LINEA_553_MDQ","NO","COLECTIVO","MUNICIPAL","BUENOS AIRES","GENERAL PUEYRREDON",3149,"NO"
2026-03-14,"EMPRESA DE TRANSPORTE PERALTA RAMOS SACI","LINEA_554_MDQ","NO","COLECTIVO","MUNICIPAL","BUENOS AIRES","GENERAL PUEYRREDON",3311,"NO"
2026-03-14,"EMPRESA DE TRANSPORTE PERALTA RAMOS SACI","LINEA_555_MDQ","NO","COLECTIVO","MUNICIPAL","BUENOS AIRES","GENERAL PUEYRREDON",3357,"NO"
2026-03-14,"EMPRESA DE TRANSPORTE 12 DE OCTUBRE S R L","LINEA_562_MDQ","NO","COLECTIVO","MUNICIPAL","BUENOS AIRES","GENERAL PUEYRREDON",7484,"NO"
2026-03-14,"EMPRESA DE TRANSPORTE 12 DE OCTUBRE S R L","LINEA_563_MDQ","NO","COLECTIVO","MUNICIPAL","BUENOS AIRES","GENERAL PUEYRREDON",5049,"NO"
2026-03-14,"EMPRESA DE TRANSPORTE PERALTA RAMOS SACI","LINEA_571_MDQ","NO","COLECTIVO","MUNICIPAL","BUENOS AIRES","GENERAL PUEYRREDON",9492,"NO"
2026-03-14,"EMPRESA DE TRANSPORTE PERALTA RAMOS SACI","LINEA_573_MDQ","NO","COLECTIVO","MUNICIPAL","BUENOS AIRES","GENERAL PUEYRREDON",5215,"NO"
2026-03-14,"EMPRESA DE TRANSPORTE PERALTA RAMOS SACI","LINEA_581_MDQ","NO","COLECTIVO","MUNICIPAL","BUENOS AIRES","GENERAL PUEYRREDON",4285,"NO"
2026-03-14,"EMPRESA DE TRANSPORTE PERALTA RAMOS SACI","LINEA_591_MDQ","NO","COLECTIVO","MUNICIPAL","BUENOS AIRES","GENERAL PUEYRREDON",3720,"NO"
2026-03-14,"EMPRESA DE TRANSPORTE PERALTA RAMOS SACI","LINEA_593_MDQ","NO","COLECTIVO","MUNICIPAL","BUENOS AIRES","GENERAL PUEYRREDON",2219,"NO"
2026-03-14,"EMPRESA KOKO S.R.L","LINEA_5_NQN","NO","COLECTIVO","MUNICIPAL","NEUQUÉN","NEUQUEN",2345,"NO"
2026-03-14,"TRANSPORTE SAN JOSE S.A.","LINEA_60","NO","COLECTIVO","PROVINCIAL","JUJUY","SN",410,"NO"
2026-03-14,"EMPRESA KOKO S.R.L","LINEA_6_NQN","NO","COLECTIVO","MUNICIPAL","NEUQUÉN","NEUQUEN",2879,"NO"
2026-03-14,"EMPRESA KOKO S.R.L","LINEA_7_NQN","NO","COLECTIVO","MUNICIPAL","NEUQUÉN","NEUQUEN",2265,"NO"
2026-03-14,"EMPRESA KOKO S.R.L","LINEA_8_NQN","NO","COLECTIVO","MUNICIPAL","NEUQUÉN","NEUQUEN",3174,"NO"
2026-03-14,"EMPR.TRANSP AUTOMOTOR DE PASAJEROS GRAL SAVIO SRL","LINEA_8H_PAL","NO","COLECTIVO","MUNICIPAL","JUJUY","PALPALA",134,"NO"
2026-03-14,"A T A C O NORTE S A C I","LINEA_902","NO","COLECTIVO","NACIONAL","JN","SD",2673,"NO"
2026-03-14,"EMPRESA DE TRANSPORTES FLUVIALES DEL LITORAL SA","LINEA_906","NO","COLECTIVO","NACIONAL","JN","SD",1941,"NO"
2026-03-14,"AZUL S.A. DE TRANSPORTE AUTOMOTOR","LINEA_910_STAFE","NO","COLECTIVO","NACIONAL","JN","SD",7749,"NO"
2026-03-14,"AZUL S.A. DE TRANSPORTE AUTOMOTOR","LINEA_915_STAFE","NO","COLECTIVO","NACIONAL","JN","SD",65,"NO"
2026-03-14,"EXPRESO TIGRE-IGUAZU SA","LINEA_9_NQN","NO","COLECTIVO","MUNICIPAL","NEUQUÉN","NEUQUEN",2977,"NO"
2026-03-14,"EMPR.TRANSP AUTOMOTOR DE PASAJEROS GRAL SAVIO SRL","LINEA_9I_PAL","NO","COLECTIVO","MUNICIPAL","JUJUY","PALPALA",130,"NO"
2026-03-14,"EMOVA MOVILIDAD S.A. (ex MTV)","LINEA_A","SI","SUBTE",,,,39484,"NO"
2026-03-14,"TRANSPORTE LIBERTADOR SRL","LINEA_A_SJUAN","NO","COLECTIVO","PROVINCIAL","SAN JUAN","SN",5349,"NO"
2026-03-14,"TRANSPUNTANO SAPEM","LINEA_A_SL","NO","COLECTIVO","MUNICIPAL","SAN LUIS","SAN LUIS",494,"NO"
2026-03-14,"USHUAIA INTEGRAL SOCIEDAD DEL ESTADO","LINEA_A_USHUAIA","NO","COLECTIVO","MUNICIPAL","TIERRA DEL FUEGO","USHUAIA",2284,"NO"
2026-03-14,"EMOVA MOVILIDAD S.A. (ex MTV)","LINEA_B","SI","SUBTE",,,,50161,"NO"
2026-03-14,"U.T.E EMPRESA DE TRANSPORTE DE PASAJEROS LA MARINA SA- LA POSITIVA SA","LINEA_B_SJUAN","NO","COLECTIVO","PROVINCIAL","SAN JUAN","SN",3593,"NO"
2026-03-14,"USHUAIA INTEGRAL SOCIEDAD DEL ESTADO","LINEA_B_USHUAIA","NO","COLECTIVO","MUNICIPAL","TIERRA DEL FUEGO","USHUAIA",2600,"NO"
2026-03-14,"TRANSPUNTANO SAPEM","LINEA_BCG_SL","NO","COLECTIVO","MUNICIPAL","SAN LUIS","SAN LUIS",1272,"NO"
2026-03-14,"MICRO OMNIBUS PRIMERA JUNTA S.A","LINEA_BSAS_500","SI","COLECTIVO","MUNICIPAL","BUENOS AIRES","FLORENCIO VARELA",2768,"NO"
2026-03-14,"MICRO OMNIBUS PRIMERA JUNTA S.A","LINEA_BSAS_500","SI","COLECTIVO","PROVINCIAL","BUENOS AIRES","SN",2768,"SI"
2026-03-14,"COMPAÑIA MICROOMNIBUS LA COLORADA SACI","LINEA_BSAS_503","SI","COLECTIVO","MUNICIPAL","BUENOS AIRES","FLORENCIO VARELA",11415,"NO"
2026-03-14,"COMPAÑIA MICROOMNIBUS LA COLORADA SACI","LINEA_BSAS_503","SI","COLECTIVO","PROVINCIAL","BUENOS AIRES","SN",9995,"SI"
2026-03-14,"COMPAÑIA MICROOMNIBUS LA COLORADA SACI","LINEA_BSAS_506","SI","COLECTIVO","MUNICIPAL","BUENOS AIRES","FLORENCIO VARELA",3619,"NO"
2026-03-14,"COMPAÑIA MICROOMNIBUS LA COLORADA SACI","LINEA_BSAS_506","SI","COLECTIVO","PROVINCIAL","BUENOS AIRES","SN",3448,"SI"
2026-03-14,"COMPAÑIA MICROOMNIBUS LA COLORADA SACI","LINEA_BSAS_508","SI","COLECTIVO","MUNICIPAL","BUENOS AIRES","FLORENCIO VARELA",4066,"NO"
2026-03-14,"COMPAÑIA MICROOMNIBUS LA COLORADA SACI","LINEA_BSAS_508","SI","COLECTIVO","PROVINCIAL","BUENOS AIRES","SN",3800,"SI"
2026-03-14,"MICRO OMNIBUS PRIMERA JUNTA S.A","LINEA_BSAS_509","SI","COLECTIVO","MUNICIPAL","BUENOS AIRES","FLORENCIO VARELA",3110,"NO"
2026-03-14,"MICRO OMNIBUS PRIMERA JUNTA S.A","LINEA_BSAS_509","SI","COLECTIVO","PROVINCIAL","BUENOS AIRES","SN",2833,"SI"
2026-03-14,"CONTINENTAL T.P.A S.A","LINEA_C_SFE","NO","COLECTIVO","PROVINCIAL","SANTA FE","SN",12151,"NO"
2026-03-14,"EMPRESA MAYO SRL","LINEA_C_SJUAN","NO","COLECTIVO","PROVINCIAL","SAN JUAN","SN",1230,"NO"
2026-03-14,"USHUAIA INTEGRAL SOCIEDAD DEL ESTADO","LINEA_C_USHUAIA","NO","COLECTIVO","MUNICIPAL","TIERRA DEL FUEGO","USHUAIA",149,"NO"
2026-03-14,"TRANSPORTE DE PASAJEROS ALTO DE SIERRA S.R.L.","LINEA_D_SJUAN","NO","COLECTIVO","PROVINCIAL","SAN JUAN","SN",3586,"NO"
2026-03-14,"TRANSPUNTANO SAPEM","LINEA_D_SL","NO","COLECTIVO","MUNICIPAL","SAN LUIS","SAN LUIS",2163,"NO"
2026-03-14,"USHUAIA INTEGRAL SOCIEDAD DEL ESTADO","LINEA_D_USHUAIA","NO","COLECTIVO","MUNICIPAL","TIERRA DEL FUEGO","USHUAIA",597,"NO"
2026-03-14,"TRANSPUNTANO SAPEM","LINEA_E1_SL","NO","COLECTIVO","MUNICIPAL","SAN LUIS","SAN LUIS",468,"NO"
2026-03-14,"U.T.E EMPRESA DE TRANSPORTE DE PASAJEROS LA MARINA SA- LA POSITIVA SA","LINEA_E_SJUAN","NO","COLECTIVO","PROVINCIAL","SAN JUAN","SN",684,"NO"
2026-03-14,"TRANSPUNTANO SAPEM","LINEA_E_SL","NO","COLECTIVO","MUNICIPAL","SAN LUIS","SAN LUIS",1018,"NO"
2026-03-14,"USHUAIA INTEGRAL SOCIEDAD DEL ESTADO","LINEA_E_USHUAIA","NO","COLECTIVO","MUNICIPAL","TIERRA DEL FUEGO","USHUAIA",159,"NO"
2026-03-14,"MOVI ROSARIO S.A.U","LINEA_ENLACE_AVELLANEDA_OESTE","NO","COLECTIVO","MUNICIPAL","SANTA FE","ROSARIO",206,"NO"
2026-03-14,"MOVI ROSARIO S.A.U","LINEA_ENLACE_NOROESTE","NO","COLECTIVO","MUNICIPAL","SANTA FE","ROSARIO",49,"NO"
2026-03-14,"MOVI ROSARIO S.A.U","LINEA_ENLACE_SANTA_LUCIA","NO","COLECTIVO","MUNICIPAL","SANTA FE","ROSARIO",109,"NO"
2026-03-14,"TRANSPUNTANO SAPEM","LINEA_F_SL","NO","COLECTIVO","MUNICIPAL","SAN LUIS","SAN LUIS",292,"NO"
2026-03-14,"TRANSPUNTANO SAPEM","LINEA_H_SL","NO","COLECTIVO","MUNICIPAL","SAN LUIS","SAN LUIS",1548,"NO"
2026-03-14,"TRANSPUNTANO SAPEM","LINEA_I_SL","NO","COLECTIVO","MUNICIPAL","SAN LUIS","SAN LUIS",2788,"NO"
2026-03-14,"MOVI ROSARIO S.A.U","LINEA_K","NO","COLECTIVO","MUNICIPAL","SANTA FE","ROSARIO",3837,"NO"
2026-03-14,"TRANSPUNTANO SAPEM","LINEA_N_SL","NO","COLECTIVO","MUNICIPAL","SAN LUIS","SAN LUIS",730,"NO"
2026-03-14,"TRANSPUNTANO SAPEM","LINEA_OK_SL","NO","COLECTIVO","MUNICIPAL","SAN LUIS","SAN LUIS",1475,"NO"
2026-03-14,"TRANSPUNTANO SAPEM","LINEA_P_SL","NO","COLECTIVO","MUNICIPAL","SAN LUIS","SAN LUIS",328,"NO"
2026-03-14,"NAVARRO HNOS SRL","LINEA_R-P_CHA","NO","COLECTIVO","PROVINCIAL","CHACO","SN",190,"NO"
2026-03-14,"TRANSPUNTANO SAPEM","LINEA_R_SL","NO","COLECTIVO","MUNICIPAL","SAN LUIS","SAN LUIS",407,"NO"
2026-03-14,"TRANSPUNTANO SAPEM","LINEA_T_SL","NO","COLECTIVO","MUNICIPAL","SAN LUIS","SAN LUIS",54,"NO"
2026-03-14,"U.T.E EMPRESA DE TRANSPORTE DE PASAJEROS LA MARINA SA- LA POSITIVA SA","LINEA_TEO_SJUAN","NO","COLECTIVO","PROVINCIAL","SAN JUAN","SN",7003,"NO"
2026-03-14,"TRANSPORTE DE PASAJEROS EL TRIUNFO SA","LINEA_TNS_SJUAN","NO","COLECTIVO","PROVINCIAL","SAN JUAN","SN",6480,"NO"
2026-03-14,"TRANSPUNTANO SAPEM","LINEA_U_SL","NO","COLECTIVO","MUNICIPAL","SAN LUIS","SAN LUIS",291,"NO"
2026-03-14,"COOPERATIVA DE TRABAJO CHOFERES DE COLECTIVOS Y MINIBUSES LIMITADA - C.C.M.","LINEA_VERDE","NO","COLECTIVO","MUNICIPAL","SANTA FE","RECONQUISTA",127,"NO"
2026-03-14,"LA COMARCA SA","Línea D","NO","COLECTIVO","MUNICIPAL","RÍO NEGRO","VIEDMA",155,"NO"
2026-03-14,"LA COMARCA SA","Línea E","NO","COLECTIVO","MUNICIPAL","RÍO NEGRO","VIEDMA",680,"NO"
2026-03-14,"COOP. DE PROVISION DE SERVICIOS 1 DE SEPTIEMBRE LTDA","MOSCONI - LA RIVERA","NO","COLECTIVO","MUNICIPAL","RÍO NEGRO","GENERAL ROCA",465,"NO"
2026-03-14,"UNION PLATENSE SRL","NORTE MUNICIPAL","SI","COLECTIVO","MUNICIPAL","BUENOS AIRES","LA PLATA",2789,"NO"
2026-03-14,"EMP.TRANSP.FLUVIALES DEL LITORAL S.A.","PARANA - MARIA GRANDE","NO","COLECTIVO","PROVINCIAL","ENTRE RÍOS","SN",179,"NO"
2026-03-14,"EMP.TRANSP.FLUVIALES DEL LITORAL S.A.","PARANA - TABOSSI","NO","COLECTIVO","PROVINCIAL","ENTRE RÍOS","SN",69,"NO"
2026-03-14,"EMP.TRANSP.FLUVIALES DEL LITORAL S.A.","PARANA - VIALE","NO","COLECTIVO","PROVINCIAL","ENTRE RÍOS","SN",119,"NO"
2026-03-14,"COOP. DE PROVISION DE SERVICIOS 1 DE SEPTIEMBRE LTDA","PASO CORDOBA","NO","COLECTIVO","MUNICIPAL","RÍO NEGRO","GENERAL ROCA",361,"NO"
2026-03-14,"EMPRESA DE TTES. RAWSON S.R.L.","RAWSON - TRELEW","NO","COLECTIVO","PROVINCIAL","CHUBUT","SN",605,"NO"
2026-03-14,"A T A C O NORTE S A C I","RES_COL_POP_Y _VIC","NO","COLECTIVO","PROVINCIAL","CHACO","SN",6,"NO"
2026-03-14,"A T A C O NORTE S A C I","RES_PUERTO_TIROL_Y VIC","NO","COLECTIVO","PROVINCIAL","CHACO","SN",1190,"NO"
2026-03-14,"CIA.DE TRANSPORTE BERMEJO S.R.L","RESISTENCIA-COL. BENITEZ-M. BELEN","NO","COLECTIVO","PROVINCIAL","CHACO","SN",1232,"NO"
2026-03-14,"EMPRESA  9 DE JULIO SRL","SF022","NO","COLECTIVO","PROVINCIAL","SANTA FE","SN",441,"NO"
2026-03-14,"INTERBUS S.R.L","SF113","NO","COLECTIVO","PROVINCIAL","SANTA FE","SN",253,"NO"
2026-03-14,"INTERBUS S.R.L","SF114","NO","COLECTIVO","PROVINCIAL","SANTA FE","SN",370,"NO"
2026-03-14,"EMPRESA LAGUNA PAIVA S.R.L.","SF132","NO","COLECTIVO","PROVINCIAL","SANTA FE","SN",796,"NO"
2026-03-14,"MONTE VERA S.R.L.","SF143 MONTE VERA - SANTA FE","NO","COLECTIVO","PROVINCIAL","SANTA FE","SN",862,"NO"
2026-03-14,"TATA RAPIDO S.A.","SF210 ROSARIO - SAN GENARO","NO","COLECTIVO","PROVINCIAL","SANTA FE","SN",9,"NO"
2026-03-14,"AMERICA TRANSPORTE AUTOMOTOR S.R.L","SF212","NO","COLECTIVO","PROVINCIAL","SANTA FE","SN",692,"NO"
2026-03-14,"CONTINENTAL TRANSPORTE PÚBLICO AUTOMOTOR S.R.L","SF212","NO","COLECTIVO","PROVINCIAL","SANTA FE","SN",312,"NO"
2026-03-14,"EMPRESA  9 DE JULIO SRL","SF212","NO","COLECTIVO","PROVINCIAL","SANTA FE","SN",323,"NO"
2026-03-14,"AMERICA TRANSPORTE AUTOMOTOR S.R.L","SF214","NO","COLECTIVO","PROVINCIAL","SANTA FE","SN",18,"NO"
2026-03-14,"AMERICA TRANSPORTE AUTOMOTOR S.R.L","SF215","NO","COLECTIVO","PROVINCIAL","SANTA FE","SN",101,"NO"
2026-03-14,"TATA RAPIDO S.A.","SF229 ROSARIO - PUERTO GABOTO","NO","COLECTIVO","PROVINCIAL","SANTA FE","SN",94,"NO"
2026-03-14,"TATA RAPIDO S.A.","SF233 MACIEL - PUERTO GABOTO","NO","COLECTIVO","PROVINCIAL","SANTA FE","SN",5,"NO"
2026-03-14,"AMERICA TRANSPORTE AUTOMOTOR S.R.L","SF282","NO","COLECTIVO","PROVINCIAL","SANTA FE","SN",83,"NO"
2026-03-14,"CONTINENTAL TRANSPORTE PÚBLICO AUTOMOTOR S.R.L","SF282","NO","COLECTIVO","PROVINCIAL","SANTA FE","SN",97,"NO"
2026-03-14,"EMPRESA  9 DE JULIO SRL","SF282","NO","COLECTIVO","PROVINCIAL","SANTA FE","SN",58,"NO"
2026-03-14,"AMERICA TRANSPORTE AUTOMOTOR S.R.L","SF284","NO","COLECTIVO","PROVINCIAL","SANTA FE","SN",2062,"NO"
2026-03-14,"CONTINENTAL TRANSPORTE PÚBLICO AUTOMOTOR S.R.L","SF284","NO","COLECTIVO","PROVINCIAL","SANTA FE","SN",1608,"NO"
2026-03-14,"EMPRESA  9 DE JULIO SRL","SF284","NO","COLECTIVO","PROVINCIAL","SANTA FE","SN",1065,"NO"
2026-03-14,"AMERICA TRANSPORTE AUTOMOTOR S.R.L","SF287","NO","COLECTIVO","PROVINCIAL","SANTA FE","SN",928,"NO"
2026-03-14,"CONTINENTAL TRANSPORTE PÚBLICO AUTOMOTOR S.R.L","SF287","NO","COLECTIVO","PROVINCIAL","SANTA FE","SN",1237,"NO"
2026-03-14,"EMPRESA  9 DE JULIO SRL","SF287","NO","COLECTIVO","PROVINCIAL","SANTA FE","SN",1007,"NO"
2026-03-14,"AMERICA TRANSPORTE AUTOMOTOR S.R.L","SF288","NO","COLECTIVO","PROVINCIAL","SANTA FE","SN",161,"NO"
2026-03-14,"AMERICA TRANSPORTE AUTOMOTOR S.R.L","SF304","NO","COLECTIVO","PROVINCIAL","SANTA FE","SN",289,"NO"
2026-03-14,"CONTINENTAL TRANSPORTE PÚBLICO AUTOMOTOR S.R.L","SF304","NO","COLECTIVO","PROVINCIAL","SANTA FE","SN",638,"NO"
2026-03-14,"EMPRESA  9 DE JULIO SRL","SF304","NO","COLECTIVO","PROVINCIAL","SANTA FE","SN",1252,"NO"
2026-03-14,"AMERICA TRANSPORTE AUTOMOTOR S.R.L","SF312-1","NO","COLECTIVO","PROVINCIAL","SANTA FE","SN",728,"NO"
2026-03-14,"AMERICA TRANSPORTE AUTOMOTOR S.R.L","SF312","NO","COLECTIVO","PROVINCIAL","SANTA FE","SN",1467,"NO"
2026-03-14,"AMERICA TRANSPORTE AUTOMOTOR S.R.L","SF317","NO","COLECTIVO","PROVINCIAL","SANTA FE","SN",121,"NO"
2026-03-14,"CONTINENTAL TRANSPORTE PÚBLICO AUTOMOTOR S.R.L","SF317","NO","COLECTIVO","PROVINCIAL","SANTA FE","SN",50,"NO"
2026-03-14,"EMPRESA  9 DE JULIO SRL","SF317","NO","COLECTIVO","PROVINCIAL","SANTA FE","SN",91,"NO"
2026-03-14,"AMERICA TRANSPORTE AUTOMOTOR S.R.L","SF320-1","NO","COLECTIVO","PROVINCIAL","SANTA FE","SN",257,"NO"
2026-03-14,"CONTINENTAL TRANSPORTE PÚBLICO AUTOMOTOR S.R.L","SF320-1","NO","COLECTIVO","PROVINCIAL","SANTA FE","SN",169,"NO"
2026-03-14,"EMPRESA  9 DE JULIO SRL","SF320-1","NO","COLECTIVO","PROVINCIAL","SANTA FE","SN",115,"NO"
2026-03-14,"AMERICA TRANSPORTE AUTOMOTOR S.R.L","SF320","NO","COLECTIVO","PROVINCIAL","SANTA FE","SN",182,"NO"
2026-03-14,"CONTINENTAL TRANSPORTE PÚBLICO AUTOMOTOR S.R.L","SF320","NO","COLECTIVO","PROVINCIAL","SANTA FE","SN",133,"NO"
2026-03-14,"MUNICIPALIDAD DE PRESIDENCIA ROQUE SAENZ PENA","SiMTraPUP","NO","COLECTIVO","MUNICIPAL","CHACO","PRESIDENCIA ROQUE SAENZ PEÑA",116,"NO"
2026-03-14,"ETACER SRL","STAFE_SANTA FE_LINEA_907","NO","COLECTIVO","NACIONAL","JN","SD",1680,"NO"
2026-03-14,"COOP. DE PROVISION DE SERVICIOS 1 DE SEPTIEMBRE LTDA","STEFENELLI - LA COSTA","NO","COLECTIVO","MUNICIPAL","RÍO NEGRO","GENERAL ROCA",184,"NO"
2026-03-14,"PEHUENCHE SA","TA-02","NO","COLECTIVO","PROVINCIAL","NEUQUÉN","SN",1036,"NO"
2026-03-14,"PEHUENCHE SA","TA-15","NO","COLECTIVO","PROVINCIAL","NEUQUÉN","SN",139,"NO"
2026-03-14,"PEHUENCHE SA","TA-21","NO","COLECTIVO","PROVINCIAL","NEUQUÉN","SN",591,"NO"
2026-03-14,"EXPRESO COLONIA SA","TD-02","NO","COLECTIVO","PROVINCIAL","NEUQUÉN","SN",595,"NO"
2026-03-14,"TRANSPORTE BAHIA S.R.L.","TRELEW - PUERTO RAWSON","NO","COLECTIVO","PROVINCIAL","CHUBUT","SN",1265,"NO"
