2026-03-12,"MUNICIPALIDAD DE MERCEDES PROVINCIA DE BUENOS AIRES","1","SI","COLECTIVO","MUNICIPAL","BUENOS AIRES","MERCEDES",665,"NO"
2026-03-12,"MUNICIPALIDAD DE MERCEDES PROVINCIA DE BUENOS AIRES","2B","SI","COLECTIVO","MUNICIPAL","BUENOS AIRES","MERCEDES",171,"NO"
2026-03-12,"COOP. DE PROVISION DE SERVICIOS 1 DE SEPTIEMBRE LTDA","AEROCLUB - 140 VIV.","NO","COLECTIVO","MUNICIPAL","RÍO NEGRO","GENERAL ROCA",624,"NO"
2026-03-12,"TRANSPORTES 8 DE OCTUBRE S.A.","AGUSTIN ROCA - JUNIN","NO","COLECTIVO","MUNICIPAL","BUENOS AIRES","JUNIN",134,"NO"
2026-03-12,"COOP. DE PROVISION DE SERVICIOS 1 DE SEPTIEMBRE LTDA","BARRIO NUEVO","NO","COLECTIVO","MUNICIPAL","RÍO NEGRO","GENERAL ROCA",1890,"NO"
2026-03-12,"EMPRESA BATAN S.A.","BS_AS_LINEA 715M","NO","COLECTIVO","MUNICIPAL","BUENOS AIRES","GENERAL PUEYRREDON",7098,"NO"
2026-03-12,"EMPRESA BATAN S.A.","BS_AS_LINEA 720M","NO","COLECTIVO","MUNICIPAL","BUENOS AIRES","GENERAL PUEYRREDON",695,"NO"
2026-03-12,"COMPAÑIA  DE TRANSPORTE VECINAL S.A.","BS_AS_LINEA_326","SI","COLECTIVO","PROVINCIAL","BUENOS AIRES","SN",3977,"NO"
2026-03-12,"EMPRESA DE TRANSPORTE PERALTA RAMOS SACI","BS_AS_LINEA_512","NO","COLECTIVO","MUNICIPAL","BUENOS AIRES","GENERAL PUEYRREDON",3050,"NO"
2026-03-12,"EL URBANO SRL","BS_AS_LINEA_522","SI","COLECTIVO","MUNICIPAL","BUENOS AIRES","LANUS",852,"NO"
2026-03-12,"EL URBANO SRL","BS_AS_LINEA_527","SI","COLECTIVO","MUNICIPAL","BUENOS AIRES","LANUS",3495,"NO"
2026-03-12,"TRANSPORTES LINEA 123 S.A.C.I.","BS_ASLINEA_123","SI","COLECTIVO","NACIONAL","JN","SD",12720,"NO"
2026-03-12,"COMPAÑIA ISLEÑA S.R.L.","BSAS_LINEA302","SI","COLECTIVO","PROVINCIAL","BUENOS AIRES","SN",14810,"NO"
2026-03-12,"COMPAÑIA ISLEÑA S.R.L.","BSAS_LINEA303","SI","COLECTIVO","PROVINCIAL","BUENOS AIRES","SN",22610,"NO"
2026-03-12,"TRANPORTES VEINTIDOS DE SETIEMBRE S.A.C.","BSAS_LINEA_002","SI","COLECTIVO","NACIONAL","JN","SD",33405,"NO"
2026-03-12,"GENERAL TOMAS GUIDO S.A.C.I.F.","BSAS_LINEA_009","SI","COLECTIVO","NACIONAL","JN","SD",32065,"NO"
2026-03-12,"LINEA 10 S.A.","BSAS_LINEA_010","SI","COLECTIVO","NACIONAL","JN","SD",30074,"NO"
2026-03-12,"TRANSPORTES SUR-NOR C.I.S.A.","BSAS_LINEA_015","SI","COLECTIVO","NACIONAL","JN","SD",49910,"NO"
2026-03-12,"LINEA 17 S.A.","BSAS_LINEA_017","SI","COLECTIVO","NACIONAL","JN","SD",45066,"NO"
2026-03-12,"MICROOMNIBUS SAAVEDRA S.A.T.A.C.I.","BSAS_LINEA_019","SI","COLECTIVO","NACIONAL","JN","SD",22516,"NO"
2026-03-12,"TRANSPORTE LARRAZABAL C.I.S.A.","BSAS_LINEA_020","SI","COLECTIVO","NACIONAL","JN","SD",15761,"NO"
2026-03-12,"EMPRESA DE TRANSP. TTE. GRAL. ROCA S.A","BSAS_LINEA_021","SI","COLECTIVO","NACIONAL","JN","SD",71392,"NO"
2026-03-12,"LINEA 22 S.A.","BSAS_LINEA_022","SI","COLECTIVO","NACIONAL","JN","SD",19368,"NO"
2026-03-12,"EMP.TRANSP.AUTOM.DE PASAJEROS S.A.C.I.F.","BSAS_LINEA_024","SI","COLECTIVO","NACIONAL","JN","SD",51045,"NO"
2026-03-12,"EMP.DE TRANSP. PEDRO DE MENDOZA C.I.S.A.","BSAS_LINEA_029","SI","COLECTIVO","NACIONAL","JN","SD",41478,"NO"
2026-03-12,"EL PUENTE S.A.T.","BSAS_LINEA_032","SI","COLECTIVO","NACIONAL","JN","SD",14444,"NO"
2026-03-12,"4 DE SEPTIEMBRE S.A.T.C.P.","BSAS_LINEA_037","SI","COLECTIVO","NACIONAL","JN","SD",40927,"NO"
2026-03-12,"AZUL S.A. DE TRANSPORTE AUTOMOTOR","BSAS_LINEA_041","SI","COLECTIVO","NACIONAL","JN","SD",41001,"NO"
2026-03-12,"MICROOMNIBUS CUARENTA Y CINCO S.A.C.I.F.","BSAS_LINEA_045","SI","COLECTIVO","NACIONAL","JN","SD",32463,"NO"
2026-03-12,"UNION TRANSPORTISTAS DE EMPRESAS SA","BSAS_LINEA_046","SI","COLECTIVO","NACIONAL","JN","SD",25212,"NO"
2026-03-12,"BUENOS AIRES BUS SOCIEDAD ANONIMA","BSAS_LINEA_049","SI","COLECTIVO","NACIONAL","JN","SD",12662,"NO"
2026-03-12,"SAN VICENTE S.A. DE TRANSPORTES","BSAS_LINEA_051","SI","COLECTIVO","NACIONAL","JN","SD",22483,"NO"
2026-03-12,"LINEA 213 S.A. DE TRANSPORTE","BSAS_LINEA_053","SI","COLECTIVO","NACIONAL","JN","SD",50010,"NO"
2026-03-12,"ALMAFUERTE S.A.T.A.C.I.","BSAS_LINEA_055","SI","COLECTIVO","NACIONAL","JN","SD",26807,"NO"
2026-03-12,"TRANSPORTES LOPE DE VEGA S.A.C.I.","BSAS_LINEA_056","SI","COLECTIVO","NACIONAL","JN","SD",10450,"NO"
2026-03-12,"TRANSPORTES ATLANTIDA S.A.C.","BSAS_LINEA_057","SI","COLECTIVO","NACIONAL","JN","SD",46036,"NO"
2026-03-12,"MICROOMNIBUS CIUDAD DE BS.AS. S.A.T.C.I","BSAS_LINEA_059","SI","COLECTIVO","NACIONAL","JN","SD",69272,"NO"
2026-03-12,"MICRO OMNIBUS NORTE S.A.","BSAS_LINEA_060","SI","COLECTIVO","NACIONAL","JN","SD",122590,"NO"
2026-03-12,"BERNARDINO RIVADAVIA S.A.T.A.","BSAS_LINEA_063","SI","COLECTIVO","NACIONAL","JN","SD",28313,"NO"
2026-03-12,"TRANSPORTES DEL TEJAR S.A.","BSAS_LINEA_067","SI","COLECTIVO","NACIONAL","JN","SD",40490,"NO"
2026-03-12,"TRANSPORTES 270 S.A.","BSAS_LINEA_070","SI","COLECTIVO","NACIONAL","JN","SD",21330,"NO"
2026-03-12,"LINEA 71 S.A.","BSAS_LINEA_071","SI","COLECTIVO","NACIONAL","JN","SD",46450,"NO"
2026-03-12,"SAN VICENTE S.A. DE TRANSPORTES","BSAS_LINEA_074","SI","COLECTIVO","NACIONAL","JN","SD",17937,"NO"
2026-03-12,"LOS CONSTITUYENTES S.A.T.","BSAS_LINEA_078","SI","COLECTIVO","NACIONAL","JN","SD",34378,"NO"
2026-03-12,"SAN VICENTE S.A. DE TRANSPORTES","BSAS_LINEA_079","SI","COLECTIVO","NACIONAL","JN","SD",25164,"NO"
2026-03-12,"TRANSPORTES NUEVA CHICAGO C.I.S.A.","BSAS_LINEA_080","SI","COLECTIVO","NACIONAL","JN","SD",39396,"NO"
2026-03-12,"SOCIEDAD ANONIMA EXPRESO SUDOESTE","BSAS_LINEA_085","SI","COLECTIVO","NACIONAL","JN","SD",53382,"NO"
2026-03-12,"D.U.V.I. SOCIEDAD ANONIMA","BSAS_LINEA_086","SI","COLECTIVO","NACIONAL","JN","SD",14399,"NO"
2026-03-12,"LOS CONSTITUYENTES S.A.T.","BSAS_LINEA_087","SI","COLECTIVO","NACIONAL","JN","SD",28545,"NO"
2026-03-12,"LINEA EXPRESO LINIERS S.A.I.Y C.","BSAS_LINEA_088","SI","COLECTIVO","NACIONAL","JN","SD",19309,"NO"
2026-03-12,"TRANSPORTES LOPE DE VEGA S.A.C.I.","BSAS_LINEA_091","SI","COLECTIVO","NACIONAL","JN","SD",25308,"NO"
2026-03-12,"EMP.DE TRANSP.MICROOMN.SAENZ PEÑA S.R.L.","BSAS_LINEA_092","SI","COLECTIVO","NACIONAL","JN","SD",50279,"NO"
2026-03-12,"TRANSPORTES 1º SEPTIEMBRE S.A.","BSAS_LINEA_093","SI","COLECTIVO","NACIONAL","JN","SD",16250,"NO"
2026-03-12,"EMPRESA ANTARTIDA ARGENTINA S.A.T.","BSAS_LINEA_095","SI","COLECTIVO","NACIONAL","JN","SD",20704,"NO"
2026-03-12,"TRANSPORTE IDEAL SAN JUSTO S.A.","BSAS_LINEA_096","SI","COLECTIVO","NACIONAL","JN","SD",45773,"NO"
2026-03-12,"BUS DEL OESTE S.A.","BSAS_LINEA_097","SI","COLECTIVO","NACIONAL","JN","SD",11536,"NO"
2026-03-12,"EXPRESO QUILMES S.A.","BSAS_LINEA_098","SI","COLECTIVO","NACIONAL","JN","SD",76830,"NO"
2026-03-12,"TRANSPORTES AUTOMOTORES RIACHUELO S.A.","BSAS_LINEA_100","SI","COLECTIVO","NACIONAL","JN","SD",34675,"NO"
2026-03-12,"TRANSPORTES QUIRNO COSTA S.A.C.I.","BSAS_LINEA_103","SI","COLECTIVO","NACIONAL","JN","SD",26109,"NO"
2026-03-12,"EMPRESA DE TRANSPORTES AMERICA S.A.C.I.","BSAS_LINEA_105","SI","COLECTIVO","NACIONAL","JN","SD",35063,"NO"
2026-03-12,"GENERAL PUEYRREDON S.A.T.C.I.","BSAS_LINEA_110","SI","COLECTIVO","NACIONAL","JN","SD",38203,"NO"
2026-03-12,"LOS CONSTITUYENTES S.A.T.","BSAS_LINEA_111","SI","COLECTIVO","NACIONAL","JN","SD",22816,"NO"
2026-03-12,"BERNARDINO RIVADAVIA S.A.T.A.","BSAS_LINEA_113","SI","COLECTIVO","NACIONAL","JN","SD",31726,"NO"
2026-03-12,"LA CENTRAL DE VICENTE LOPEZ S.A.","BSAS_LINEA_114","SI","COLECTIVO","NACIONAL","JN","SD",23317,"NO"
2026-03-12,"TRANSPORTE LARRAZABAL C.I.S.A.","BSAS_LINEA_117","SI","COLECTIVO","NACIONAL","JN","SD",33656,"NO"
2026-03-12,"TRANSPORTES AUTOMOTORES CALLAO S.A.","BSAS_LINEA_124","SI","COLECTIVO","NACIONAL","JN","SD",28081,"NO"
2026-03-12,"CARDENAS S.A. EMPRESA DE TRANSPORTES","BSAS_LINEA_126","SI","COLECTIVO","NACIONAL","JN","SD",49069,"NO"
2026-03-12,"LOS CONSTITUYENTES S.A.T.","BSAS_LINEA_127","SI","COLECTIVO","NACIONAL","JN","SD",26116,"NO"
2026-03-12,"EL PUENTE S.A.T.","BSAS_LINEA_128","SI","COLECTIVO","NACIONAL","JN","SD",23586,"NO"
2026-03-12,"LA CENTRAL DE VICENTE LOPEZ S.A.","BSAS_LINEA_129","SI","COLECTIVO","NACIONAL","JN","SD",8362,"NO"
2026-03-12,"TRANSPORTES AVENIDA BERNARDO ADER S.A.","BSAS_LINEA_130","SI","COLECTIVO","NACIONAL","JN","SD",52237,"NO"
2026-03-12,"MICROOMNIBUS SAAVEDRA S.A.T.A.C.I.","BSAS_LINEA_133","SI","COLECTIVO","NACIONAL","JN","SD",27972,"NO"
2026-03-12,"TRANSPORTES AUTOMOTORES RIACHUELO S.A.","BSAS_LINEA_134","SI","COLECTIVO","NACIONAL","JN","SD",28871,"NO"
2026-03-12,"TRANSPORTES LOPE DE VEGA S.A.C.I.","BSAS_LINEA_135","SI","COLECTIVO","NACIONAL","JN","SD",27987,"NO"
2026-03-12,"SARGENTO CABRAL S.A.DE TRANSPORTE","BSAS_LINEA_136","SI","COLECTIVO","NACIONAL","JN","SD",17296,"NO"
2026-03-12,"MICROOMNIBUS SAAVEDRA S.A.T.A.C.I.","BSAS_LINEA_140","SI","COLECTIVO","NACIONAL","JN","SD",27131,"NO"
2026-03-12,"LA CENTRAL DE VICENTE LOPEZ S.A.","BSAS_LINEA_143","SI","COLECTIVO","NACIONAL","JN","SD",19829,"NO"
2026-03-12,"ROCARAZA S.A.","BSAS_LINEA_146","SI","COLECTIVO","NACIONAL","JN","SD",31824,"NO"
2026-03-12,"NUDO S.A.","BSAS_LINEA_150","SI","COLECTIVO","NACIONAL","JN","SD",25800,"NO"
2026-03-12,"EMPRESA TANDILENSE S.A.C.I.F.I.Y DE S.","BSAS_LINEA_152","SI","COLECTIVO","NACIONAL","JN","SD",88627,"NO"
2026-03-12,"MICROOMNIBUS SAAVEDRA S.A.T.A.C.I.","BSAS_LINEA_153","SI","COLECTIVO","NACIONAL","JN","SD",10847,"NO"
2026-03-12,"MICROOMNIBUS CUARENTA Y CINCO S.A.C.I.F.","BSAS_LINEA_154","SI","COLECTIVO","NACIONAL","JN","SD",4098,"NO"
2026-03-12,"EL PUENTE S.A.T.","BSAS_LINEA_158","SI","COLECTIVO","NACIONAL","JN","SD",17614,"NO"
2026-03-12,"MICRO OMNIBUS QUILMES S.A.C.I. Y F.","BSAS_LINEA_159","SI","COLECTIVO","NACIONAL","JN","SD",59254,"NO"
2026-03-12,"MICRO OMNIBUS SUR S.A.C.","BSAS_LINEA_160","SI","COLECTIVO","NACIONAL","JN","SD",41012,"NO"
2026-03-12,"TRANSPORTE LARRAZABAL C.I.S.A.","BSAS_LINEA_161","SI","COLECTIVO","NACIONAL","JN","SD",48309,"NO"
2026-03-12,"SARGENTO CABRAL S.A.DE TRANSPORTE","BSAS_LINEA_163","SI","COLECTIVO","NACIONAL","JN","SD",10299,"NO"
2026-03-12,"EMPRESA LINEA 216 S.A.T.","BSAS_LINEA_166","SI","COLECTIVO","NACIONAL","JN","SD",34774,"NO"
2026-03-12,"EXPRESO SAN ISIDRO S.A.T.C.I.F.I.","BSAS_LINEA_168","SI","COLECTIVO","NACIONAL","JN","SD",40443,"NO"
2026-03-12,"TRANSPORTE ESCALADA S.A.T.","BSAS_LINEA_169","SI","COLECTIVO","NACIONAL","JN","SD",28389,"NO"
2026-03-12,"LA CABAÑA S.A.","BSAS_LINEA_172","SI","COLECTIVO","NACIONAL","JN","SD",18881,"NO"
2026-03-12,"LA CABAÑA S.A.","BSAS_LINEA_174","SI","COLECTIVO","NACIONAL","JN","SD",26415,"NO"
2026-03-12,"EXPRESO GENERAL SARMIENTO S.A.","BSAS_LINEA_176","SI","COLECTIVO","NACIONAL","JN","SD",67340,"NO"
2026-03-12,"SAN VICENTE S.A. DE TRANSPORTES","BSAS_LINEA_177","SI","COLECTIVO","NACIONAL","JN","SD",24492,"NO"
2026-03-12,"COMPAÑIA MICROOMNIBUS LA COLORADA SACI","BSAS_LINEA_178","SI","COLECTIVO","NACIONAL","JN","SD",48908,"NO"
2026-03-12,"GRUPO LINEA 179 S.A.","BSAS_LINEA_179","SI","COLECTIVO","NACIONAL","JN","SD",13976,"NO"
2026-03-12,"LA VECINAL DE MATANZA SACI. DE MICROOMNIBUS","BSAS_LINEA_180","SI","COLECTIVO","NACIONAL","JN","SD",50548,"NO"
2026-03-12,"TTES.AUTOMOTORES DE PASAJEROS SIGLO XXI SA","BSAS_LINEA_181","SI","COLECTIVO","NACIONAL","JN","SD",24924,"NO"
2026-03-12,"SARGENTO CABRAL S.A.DE TRANSPORTE","BSAS_LINEA_182","SI","COLECTIVO","NACIONAL","JN","SD",47841,"NO"
2026-03-12,"MICROOMNIBUS SAAVEDRA S.A.T.A.C.I.","BSAS_LINEA_184","SI","COLECTIVO","NACIONAL","JN","SD",15949,"NO"
2026-03-12,"TRANSPORTE IDEAL SAN JUSTO S.A.","BSAS_LINEA_185","SI","COLECTIVO","NACIONAL","JN","SD",8480,"NO"
2026-03-12,"TRANSPORTE LARRAZABAL C.I.S.A.","BSAS_LINEA_188","SI","COLECTIVO","NACIONAL","JN","SD",28615,"NO"
2026-03-12,"D.U.V.I. SOCIEDAD ANONIMA","BSAS_LINEA_193","SI","COLECTIVO","NACIONAL","JN","SD",6889,"NO"
2026-03-12,"LA NUEVA METROPOL S.A.","BSAS_LINEA_194","SI","COLECTIVO","NACIONAL","JN","SD",20430,"NO"
2026-03-12,"LA NUEVA METROPOL S.A.","BSAS_LINEA_195","SI","COLECTIVO","NACIONAL","JN","SD",16470,"NO"
2026-03-12,"LA CENTRAL DE VICENTE LOPEZ S.A.","BSAS_LINEA_197","SI","COLECTIVO","NACIONAL","JN","SD",28022,"NO"
2026-03-12,"EMPRESA DE TRANSPORTE DEL SUR SRL","BSAS_LINEA_200","SI","COLECTIVO","PROVINCIAL","BUENOS AIRES","SN",263,"NO"
2026-03-12,"TRANSPORTE LA UNION SA","BSAS_LINEA_202","SI","COLECTIVO","PROVINCIAL","BUENOS AIRES","SN",34672,"NO"
2026-03-12,"AZUL S.A. DE TRANSPORTE AUTOMOTOR","BSAS_LINEA_203","SI","COLECTIVO","PROVINCIAL","BUENOS AIRES","SN",106655,"NO"
2026-03-12,"MICRO OMNIBUS TIGRE S.A.","BSAS_LINEA_204","SI","COLECTIVO","PROVINCIAL","BUENOS AIRES","SN",7037,"NO"
2026-03-12,"LINEA SESENTA SA","BSAS_LINEA_204A","SI","COLECTIVO","PROVINCIAL","BUENOS AIRES","SN",6218,"NO"
2026-03-12,"UNION PLATENSE SRL","BSAS_LINEA_214","SI","COLECTIVO","PROVINCIAL","BUENOS AIRES","SN",21432,"NO"
2026-03-12,"EMPRESA NUEVE DE JULIO S.A.T.","BSAS_LINEA_215","SI","COLECTIVO","PROVINCIAL","BUENOS AIRES","SN",8022,"NO"
2026-03-12,"ALMAFUERTE EMPRESA DE TRANSPORTE S.A.C.I. E I","BSAS_LINEA_218","SI","COLECTIVO","PROVINCIAL","BUENOS AIRES","SN",25597,"NO"
2026-03-12,"MICRO OMNIBUS QUILMES S.A.C.I. Y F.","BSAS_LINEA_219","SI","COLECTIVO","PROVINCIAL","BUENOS AIRES","SN",18891,"NO"
2026-03-12,"EXPRESO ESTEBAN ECHEVERRIA S.R.L.","BSAS_LINEA_222","SI","COLECTIVO","PROVINCIAL","BUENOS AIRES","SN",4498,"NO"
2026-03-12,"EMPRESA NUEVE DE JULIO S.A.T.","BSAS_LINEA_225","SI","COLECTIVO","PROVINCIAL","BUENOS AIRES","SN",1823,"NO"
2026-03-12,"LA NUEVA METROPOL S.A.","BSAS_LINEA_228A","SI","COLECTIVO","PROVINCIAL","BUENOS AIRES","SN",583,"NO"
2026-03-12,"LINEA SESENTA SA","BSAS_LINEA_228B","SI","COLECTIVO","PROVINCIAL","BUENOS AIRES","SN",1236,"NO"
2026-03-12,"MICRO OMNIBUS TIGRE S.A.","BSAS_LINEA_228C","SI","COLECTIVO","PROVINCIAL","BUENOS AIRES","SN",3504,"NO"
2026-03-12,"MICRO OMNIBUS TIGRE S.A.","BSAS_LINEA_228E","SI","COLECTIVO","PROVINCIAL","BUENOS AIRES","SN",5254,"NO"
2026-03-12,"LA CENTRAL DE ESCOBAR SA","BSAS_LINEA_228F","SI","COLECTIVO","PROVINCIAL","BUENOS AIRES","SN",10219,"NO"
2026-03-12,"EMPRESA LINEA 216 S.A.T.","BSAS_LINEA_236","SI","COLECTIVO","PROVINCIAL","BUENOS AIRES","SN",73908,"NO"
2026-03-12,"COMPAÑIA ISLEÑA S.R.L.","BSAS_LINEA_237A","SI","COLECTIVO","PROVINCIAL","BUENOS AIRES","SN",49300,"NO"
2026-03-12,"TRANSPORTES UNIDOS DE MERLO S.A.C.I.I.","BSAS_LINEA_238","SI","COLECTIVO","PROVINCIAL","BUENOS AIRES","SN",21234,"NO"
2026-03-12,"COMPAÑÍA DE OMNIBUS 25 DE MAYO LINEA 278","BSAS_LINEA_239A","SI","COLECTIVO","PROVINCIAL","BUENOS AIRES","SN",16468,"NO"
2026-03-12,"EXPRESO VILLA GALICIA  SAN JOSE S.A.","BSAS_LINEA_239B","SI","COLECTIVO","PROVINCIAL","BUENOS AIRES","SN",6977,"NO"
2026-03-12,"LA CABAÑA S.A.","BSAS_LINEA_242","SI","COLECTIVO","PROVINCIAL","BUENOS AIRES","SN",65301,"NO"
2026-03-12,"EMPRESA DEL OESTE SAT","BSAS_LINEA_244","SI","COLECTIVO","PROVINCIAL","BUENOS AIRES","SN",11184,"NO"
2026-03-12,"EMPRESA MONTE GRANDE S.A. LINEA 501","BSAS_LINEA_245","SI","COLECTIVO","PROVINCIAL","BUENOS AIRES","SN",6249,"NO"
2026-03-12,"EXPRESO NUEVE DE JULIO S.A.","BSAS_LINEA_247","SI","COLECTIVO","PROVINCIAL","BUENOS AIRES","SN",29238,"NO"
2026-03-12,"TRANSPORTE JOSE HERNANDEZ S.A.C.I.","BSAS_LINEA_252","SI","COLECTIVO","PROVINCIAL","BUENOS AIRES","SN",18916,"NO"
2026-03-12,"MICROOMNIBUS SAAVEDRA S.A.T.A.C.I.","BSAS_LINEA_253","SI","COLECTIVO","PROVINCIAL","BUENOS AIRES","SN",260,"NO"
2026-03-12,"TRANSPORTE 11 DE JUNIO S.R.L.","BSAS_LINEA_256","SI","COLECTIVO","PROVINCIAL","BUENOS AIRES","SN",804,"NO"
2026-03-12,"EXPRESO VILLA NUEVA S.A.","BSAS_LINEA_257","SI","COLECTIVO","PROVINCIAL","BUENOS AIRES","SN",21815,"NO"
2026-03-12,"EXPRESO VILLA GALICIA  SAN JOSE S.A.","BSAS_LINEA_263B","SI","COLECTIVO","PROVINCIAL","BUENOS AIRES","SN",15770,"NO"
2026-03-12,"SAN VICENTE S.A. DE TRANSPORTES","BSAS_LINEA_263B","SI","COLECTIVO","PROVINCIAL","BUENOS AIRES","SN",21468,"NO"
2026-03-12,"EMPRESA CIUDAD DE SAN FERNANDO SA","BSAS_LINEA_264","SI","COLECTIVO","PROVINCIAL","BUENOS AIRES","SN",13331,"NO"
2026-03-12,"EXPRESO VILLA GALICIA  SAN JOSE S.A.","BSAS_LINEA_266","SI","COLECTIVO","PROVINCIAL","BUENOS AIRES","SN",53030,"NO"
2026-03-12,"EMPRESA LINEA 216 S.A.T.","BSAS_LINEA_269","SI","COLECTIVO","PROVINCIAL","BUENOS AIRES","SN",47170,"NO"
2026-03-12,"GENERAL TOMAS GUIDO S.A.C.I.F.","BSAS_LINEA_271","SI","COLECTIVO","PROVINCIAL","BUENOS AIRES","SN",40128,"NO"
2026-03-12,"UNION PLATENSE SRL","BSAS_LINEA_273","SI","COLECTIVO","PROVINCIAL","BUENOS AIRES","SN",40289,"NO"
2026-03-12,"FUERTE BARRAGAN S.A.T.I.C.I.","BSAS_LINEA_275","SI","COLECTIVO","PROVINCIAL","BUENOS AIRES","SN",27533,"NO"
2026-03-12,"COMPAÑIA ISLEÑA S.R.L.","BSAS_LINEA_276","SI","COLECTIVO","PROVINCIAL","BUENOS AIRES","SN",35146,"NO"
2026-03-12,"CIA LA PAZ AMADOR MOURE SACIFIYA","BSAS_LINEA_277","SI","COLECTIVO","PROVINCIAL","BUENOS AIRES","SN",9464,"NO"
2026-03-12,"COMPAÑÍA DE OMNIBUS 25 DE MAYO LINEA 278","BSAS_LINEA_278","SI","COLECTIVO","PROVINCIAL","BUENOS AIRES","SN",46004,"NO"
2026-03-12,"COMPAÑÍA DE OMNIBUS 25 DE MAYO LINEA 278","BSAS_LINEA_281","SI","COLECTIVO","PROVINCIAL","BUENOS AIRES","SN",19010,"NO"
2026-03-12,"CIA ANDRADE EMPRESA DE TRANSPORTE DE PASAJEROS SRL","BSAS_LINEA_283","SI","COLECTIVO","PROVINCIAL","BUENOS AIRES","SN",28262,"NO"
2026-03-12,"ALMAFUERTE EMPRESA DE TRANSPORTE S.A.C.I. E I","BSAS_LINEA_284","SI","COLECTIVO","PROVINCIAL","BUENOS AIRES","SN",4481,"NO"
2026-03-12,"TRANSPORTES LA PERLITA S.A. ","BSAS_LINEA_288","SI","COLECTIVO","PROVINCIAL","BUENOS AIRES","SN",10219,"NO"
2026-03-12,"COMPAÑIA NOROESTE S.A.T.","BSAS_LINEA_289","SI","COLECTIVO","PROVINCIAL","BUENOS AIRES","SN",17276,"NO"
2026-03-12,"LA CENTRAL DE ESCOBAR SA","BSAS_LINEA_291","SI","COLECTIVO","PROVINCIAL","BUENOS AIRES","SN",23252,"NO"
2026-03-12,"COMPAÑÍA DE OMNIBUS 25 DE MAYO LINEA 278","BSAS_LINEA_293A","SI","COLECTIVO","PROVINCIAL","BUENOS AIRES","SN",11854,"NO"
2026-03-12,"EXPRESO VILLA GALICIA  SAN JOSE S.A.","BSAS_LINEA_293B","SI","COLECTIVO","PROVINCIAL","BUENOS AIRES","SN",17767,"NO"
2026-03-12,"MICRO OMNIBUS O´HIGGINS S.A.T.","BSAS_LINEA_295","SI","COLECTIVO","PROVINCIAL","BUENOS AIRES","SN",20134,"NO"
2026-03-12,"TRANSPORTES UNIDOS DE MERLO S.A.C.I.I.","BSAS_LINEA_297","SI","COLECTIVO","PROVINCIAL","BUENOS AIRES","SN",15284,"NO"
2026-03-12,"LA CABAÑA S.A.","BSAS_LINEA_298","SI","COLECTIVO","PROVINCIAL","BUENOS AIRES","SN",24751,"NO"
2026-03-12,"GENERAL TOMAS GUIDO S.A.C.I.F.","BSAS_LINEA_299","SI","COLECTIVO","PROVINCIAL","BUENOS AIRES","SN",21364,"NO"
2026-03-12,"MICRO OMNIBUS QUILMES S.A.C.I. Y F.","BSAS_LINEA_300","SI","COLECTIVO","PROVINCIAL","BUENOS AIRES","SN",13997,"NO"
2026-03-12,"COMPAÑIA NOROESTE S.A.T.","BSAS_LINEA_304","SI","COLECTIVO","PROVINCIAL","BUENOS AIRES","SN",36639,"NO"
2026-03-12,"EXPRESO ESTEBAN ECHEVERRIA S.R.L.","BSAS_LINEA_306","SI","COLECTIVO","PROVINCIAL","BUENOS AIRES","SN",46172,"NO"
2026-03-12,"EMPRESA LINEA SIETE SAT","BSAS_LINEA_307","SI","COLECTIVO","PROVINCIAL","BUENOS AIRES","SN",36719,"NO"
2026-03-12,"ROCARAZA S.A.","BSAS_LINEA_31","SI","COLECTIVO","NACIONAL","JN","SD",39497,"NO"
2026-03-12,"COMPAÑIA ISLEÑA S.R.L.","BSAS_LINEA_310","SI","COLECTIVO","PROVINCIAL","BUENOS AIRES","SN",4623,"NO"
2026-03-12,"TRANSPORTES LA PERLITA S.A. ","BSAS_LINEA_311","SI","COLECTIVO","PROVINCIAL","BUENOS AIRES","SN",22061,"NO"
2026-03-12,"TRANSPORTES LA PERLITA S.A. ","BSAS_LINEA_312","SI","COLECTIVO","PROVINCIAL","BUENOS AIRES","SN",15063,"NO"
2026-03-12,"RUTA BUS S.A.","BSAS_LINEA_313","SI","COLECTIVO","PROVINCIAL","BUENOS AIRES","SN",3891,"NO"
2026-03-12,"LA PRIMERA DE MARTINEZ S.A","BSAS_LINEA_314","SI","COLECTIVO","PROVINCIAL","BUENOS AIRES","SN",39056,"NO"
2026-03-12,"LA PRIMERA DE GRAND BOURG S.A.","BSAS_LINEA_315","SI","COLECTIVO","PROVINCIAL","BUENOS AIRES","SN",21554,"NO"
2026-03-12,"LA CABAÑA S.A.","BSAS_LINEA_317","SI","COLECTIVO","PROVINCIAL","BUENOS AIRES","SN",17388,"NO"
2026-03-12,"MICRO OMNIBUS MITRE S.A.","BSAS_LINEA_318","SI","COLECTIVO","PROVINCIAL","BUENOS AIRES","SN",41751,"NO"
2026-03-12,"EMPRESA DEL OESTE SAT","BSAS_LINEA_320","SI","COLECTIVO","PROVINCIAL","BUENOS AIRES","SN",4646,"NO"
2026-03-12,"MICROOMNIBUS SAAVEDRA S.A.T.A.C.I.","BSAS_LINEA_321","SI","COLECTIVO","PROVINCIAL","BUENOS AIRES","SN",9771,"NO"
2026-03-12,"LIBERTADOR SAN MARTIN SAT","BSAS_LINEA_322","SI","COLECTIVO","PROVINCIAL","BUENOS AIRES","SN",16240,"NO"
2026-03-12,"COMPAÑÍA DE OMNIBUS 25 DE MAYO LINEA 278","BSAS_LINEA_323","SI","COLECTIVO","PROVINCIAL","BUENOS AIRES","SN",22981,"NO"
2026-03-12,"MICRO OMNIBUS PRIMERA JUNTA S.A","BSAS_LINEA_324","SI","COLECTIVO","PROVINCIAL","BUENOS AIRES","SN",91295,"NO"
2026-03-12,"ALMAFUERTE EMPRESA DE TRANSPORTE S.A.C.I. E I","BSAS_LINEA_325","SI","COLECTIVO","PROVINCIAL","BUENOS AIRES","SN",9124,"NO"
2026-03-12,"LIBERTADOR SAN MARTIN SAT","BSAS_LINEA_327","SI","COLECTIVO","PROVINCIAL","BUENOS AIRES","SN",23008,"NO"
2026-03-12,"TRANSPORTES VILLA BOSCH SAC el","BSAS_LINEA_328","SI","COLECTIVO","PROVINCIAL","BUENOS AIRES","SN",30812,"NO"
2026-03-12,"TRANSPORTES LA PERLITA S.A. ","BSAS_LINEA_329","SI","COLECTIVO","PROVINCIAL","BUENOS AIRES","SN",11425,"NO"
2026-03-12,"MICRO OMNIBUS GENERAL SAN MARTIN SAC","BSAS_LINEA_333A","SI","COLECTIVO","PROVINCIAL","BUENOS AIRES","SN",14316,"NO"
2026-03-12,"LIBERTADOR SAN MARTIN SAT","BSAS_LINEA_336","SI","COLECTIVO","PROVINCIAL","BUENOS AIRES","SN",7021,"NO"
2026-03-12,"TRANSPORTE AUTOMOTORES LA PLATA SA","BSAS_LINEA_338","SI","COLECTIVO","PROVINCIAL","BUENOS AIRES","SN",43470,"NO"
2026-03-12,"EXPRESO PARQUE EL LUCERO S.A. DE TRANSPORTES","BSAS_LINEA_341","SI","COLECTIVO","PROVINCIAL","BUENOS AIRES","SN",27866,"NO"
2026-03-12,"COMPAÑIA NOROESTE S.A.T.","BSAS_LINEA_343","SI","COLECTIVO","PROVINCIAL","BUENOS AIRES","SN",39999,"NO"
2026-03-12,"RUTA BUS S.A.","BSAS_LINEA_350","SI","COLECTIVO","PROVINCIAL","BUENOS AIRES","SN",19505,"NO"
2026-03-12,"TRANSPORTES AUTOMOTORES  LANUS ESTE S.A.","BSAS_LINEA_354","SI","COLECTIVO","PROVINCIAL","BUENOS AIRES","SN",31471,"NO"
2026-03-12,"RUTA BUS S.A.","BSAS_LINEA_355","SI","COLECTIVO","PROVINCIAL","BUENOS AIRES","SN",2634,"NO"
2026-03-12,"LA NUEVA METROPOL S.A.","BSAS_LINEA_365","SI","COLECTIVO","PROVINCIAL","BUENOS AIRES","SN",106347,"NO"
2026-03-12,"SAN VICENTE S.A. DE TRANSPORTES","BSAS_LINEA_370","SI","COLECTIVO","PROVINCIAL","BUENOS AIRES","SN",10974,"NO"
2026-03-12,"EMPRESA CIUDAD DE SAN FERNANDO SA","BSAS_LINEA_371","SI","COLECTIVO","PROVINCIAL","BUENOS AIRES","SN",33367,"NO"
2026-03-12,"MICRO OMNIBUS QUILMES S.A.C.I. Y F.","BSAS_LINEA_372","SI","COLECTIVO","PROVINCIAL","BUENOS AIRES","SN",6020,"NO"
2026-03-12,"GENERAL TOMAS GUIDO S.A.C.I.F.","BSAS_LINEA_373","SI","COLECTIVO","PROVINCIAL","BUENOS AIRES","SN",18935,"NO"
2026-03-12,"ALMAFUERTE EMPRESA DE TRANSPORTE S.A.C.I. E I","BSAS_LINEA_378","SI","COLECTIVO","PROVINCIAL","BUENOS AIRES","SN",30799,"NO"
2026-03-12,"EXPRESO PARQUE EL LUCERO S.A. DE TRANSPORTES","BSAS_LINEA_379","SI","COLECTIVO","PROVINCIAL","BUENOS AIRES","SN",14323,"NO"
2026-03-12,"NUEVO IDEAL S.A.","BSAS_LINEA_382","SI","COLECTIVO","PROVINCIAL","BUENOS AIRES","SN",18538,"NO"
2026-03-12,"TRANSPORTES SAN JUAN BAUTISTA S.A.","BSAS_LINEA_383","SI","COLECTIVO","PROVINCIAL","BUENOS AIRES","SN",14587,"NO"
2026-03-12,"GENERAL TOMAS GUIDO S.A.C.I.F.","BSAS_LINEA_384","SI","COLECTIVO","PROVINCIAL","BUENOS AIRES","SN",10405,"NO"
2026-03-12,"SAN VICENTE S.A. DE TRANSPORTES","BSAS_LINEA_385","SI","COLECTIVO","PROVINCIAL","BUENOS AIRES","SN",12969,"NO"
2026-03-12,"COMPAÑIA  DE TRANSPORTE VECINAL S.A.","BSAS_LINEA_386","SI","COLECTIVO","PROVINCIAL","BUENOS AIRES","SN",2776,"NO"
2026-03-12,"SAN VICENTE S.A. DE TRANSPORTES","BSAS_LINEA_388","SI","COLECTIVO","PROVINCIAL","BUENOS AIRES","SN",6214,"NO"
2026-03-12,"EMPRESA DEL OESTE SAT","BSAS_LINEA_390","SI","COLECTIVO","PROVINCIAL","BUENOS AIRES","SN",9565,"NO"
2026-03-12,"EXPRESO PARQUE EL LUCERO S.A. DE TRANSPORTES","BSAS_LINEA_391","SI","COLECTIVO","PROVINCIAL","BUENOS AIRES","SN",16246,"NO"
2026-03-12,"LIBERTADOR SAN MARTIN SAT","BSAS_LINEA_392","SI","COLECTIVO","PROVINCIAL","BUENOS AIRES","SN",6777,"NO"
2026-03-12,"EMPRESA MONTE GRANDE S.A. LINEA 501","BSAS_LINEA_394","SI","COLECTIVO","PROVINCIAL","BUENOS AIRES","SN",18802,"NO"
2026-03-12,"EMPRESA LINEA 216 S.A.T.","BSAS_LINEA_395","SI","COLECTIVO","PROVINCIAL","BUENOS AIRES","SN",14059,"NO"
2026-03-12,"SAN VICENTE S.A. DE TRANSPORTES","BSAS_LINEA_403","SI","COLECTIVO","PROVINCIAL","BUENOS AIRES","SN",402,"NO"
2026-03-12,"EMPRESA DE TRANSPORTE DEL SUR SRL","BSAS_LINEA_404","SI","COLECTIVO","PROVINCIAL","BUENOS AIRES","SN",22424,"NO"
2026-03-12,"MICRO OMNIBUS AVENIDA S.A.","BSAS_LINEA_405","SI","COLECTIVO","PROVINCIAL","BUENOS AIRES","SN",18767,"NO"
2026-03-12,"TRANSPORTE AUTOMOTORES LA PLATA SA","BSAS_LINEA_406","SI","COLECTIVO","PROVINCIAL","BUENOS AIRES","SN",23555,"NO"
2026-03-12,"MICRO OMNIBUS GENERAL SAN MARTIN SAC","BSAS_LINEA_407","SI","COLECTIVO","PROVINCIAL","BUENOS AIRES","SN",8836,"NO"
2026-03-12,"EMPRESA NUEVE DE JULIO S.A.T.","BSAS_LINEA_414","SI","COLECTIVO","PROVINCIAL","BUENOS AIRES","SN",1354,"NO"
2026-03-12,"UNION PLATENSE SRL","BSAS_LINEA_418","SI","COLECTIVO","PROVINCIAL","BUENOS AIRES","SN",1408,"NO"
2026-03-12,"TRANSPORTES LA PERLITA S.A. ","BSAS_LINEA_422","SI","COLECTIVO","PROVINCIAL","BUENOS AIRES","SN",22786,"NO"
2026-03-12,"LINEA SESENTA SA","BSAS_LINEA_430","SI","COLECTIVO","PROVINCIAL","BUENOS AIRES","SN",3152,"NO"
2026-03-12,"SAN VICENTE S.A. DE TRANSPORTES","BSAS_LINEA_435","SI","COLECTIVO","PROVINCIAL","BUENOS AIRES","SN",8487,"NO"
2026-03-12,"EXPRESO VILLA GALICIA  SAN JOSE S.A.","BSAS_LINEA_436","SI","COLECTIVO","PROVINCIAL","BUENOS AIRES","SN",13529,"NO"
2026-03-12,"MICRO OMNIBUS GENERAL SAN MARTIN SAC","BSAS_LINEA_437","SI","COLECTIVO","PROVINCIAL","BUENOS AIRES","SN",9373,"NO"
2026-03-12,"LA PRIMERA DE GRAND BOURG S.A.","BSAS_LINEA_440","SI","COLECTIVO","PROVINCIAL","BUENOS AIRES","SN",91810,"NO"
2026-03-12,"EMPRESA LINEA 216 S.A.T.","BSAS_LINEA_441","SI","COLECTIVO","PROVINCIAL","BUENOS AIRES","SN",14035,"NO"
2026-03-12,"EMPRESA LINEA 216 S.A.T.","BSAS_LINEA_443","SI","COLECTIVO","PROVINCIAL","BUENOS AIRES","SN",1174,"NO"
2026-03-12,"EMPRESA DEL OESTE SAT","BSAS_LINEA_443A","SI","COLECTIVO","PROVINCIAL","BUENOS AIRES","SN",8703,"NO"
2026-03-12,"EMPRESA CIUDAD DE SAN FERNANDO SA","BSAS_LINEA_445","SI","COLECTIVO","PROVINCIAL","BUENOS AIRES","SN",5742,"NO"
2026-03-12,"EXPRESO GENERAL SARMIENTO S.A.","BSAS_LINEA_448","SI","COLECTIVO","PROVINCIAL","BUENOS AIRES","SN",46380,"NO"
2026-03-12,"EMPRESA DE TRANSPORTES EL LITORAL S.A.","BSAS_LINEA_449","SI","COLECTIVO","PROVINCIAL","BUENOS AIRES","SN",15794,"NO"
2026-03-12,"EMPRESA DEL OESTE SAT","BSAS_LINEA_461","SI","COLECTIVO","PROVINCIAL","BUENOS AIRES","SN",5637,"NO"
2026-03-12,"EMPRESA DEL OESTE SAT","BSAS_LINEA_462","SI","COLECTIVO","PROVINCIAL","BUENOS AIRES","SN",3241,"NO"
2026-03-12,"EMPRESA DEL OESTE SAT","BSAS_LINEA_463","SI","COLECTIVO","PROVINCIAL","BUENOS AIRES","SN",17474,"NO"
2026-03-12,"EMPRESA DEL OESTE SAT","BSAS_LINEA_464","SI","COLECTIVO","PROVINCIAL","BUENOS AIRES","SN",11376,"NO"
2026-03-12,"TRANSPORTES LA PERLITA S.A. ","BSAS_LINEA_500","SI","COLECTIVO","MUNICIPAL","BUENOS AIRES","GENERAL RODRIGUEZ",25388,"NO"
2026-03-12,"EMPRESA DE TRANSPORTES SANTA RITA  SRL","BSAS_LINEA_500B","SI","COLECTIVO","MUNICIPAL","BUENOS AIRES","BRANDSEN",1545,"NO"
2026-03-12,"TRANSPORTE 11 DE JUNIO S.R.L.","BSAS_LINEA_500C","SI","COLECTIVO","MUNICIPAL","BUENOS AIRES","LUJAN",1701,"NO"
2026-03-12,"TRANSPORTES UNIDOS DE MERLO S.A.C.I.I.","BSAS_LINEA_500D","SI","COLECTIVO","MUNICIPAL","BUENOS AIRES","MERLO",45202,"NO"
2026-03-12,"COOPERATIVA DE TRABAJO 6 DE JULIO LIMITADA","BSAS_LINEA_501","SI","COLECTIVO","MUNICIPAL","BUENOS AIRES","CAMPANA",1564,"NO"
2026-03-12,"EMPRESA TRANSPORTE TRATADO DEL PILAR S.R.L.","BSAS_LINEA_501B","SI","COLECTIVO","MUNICIPAL","BUENOS AIRES","PILAR",12947,"NO"
2026-03-12,"EMPRESA MONTE GRANDE S.A. LINEA 501","BSAS_LINEA_501C","SI","COLECTIVO","MUNICIPAL","BUENOS AIRES","ESTEBAN ECHEVERRIA",77684,"NO"
2026-03-12,"EXPRESO EMPALME LOBOS S.R.L.","BSAS_LINEA_501D","SI","COLECTIVO","MUNICIPAL","BUENOS AIRES","LOBOS",1830,"NO"
2026-03-12,"MICRO OMNIBUS PRIMERA JUNTA S.A","BSAS_LINEA_501E","SI","COLECTIVO","MUNICIPAL","BUENOS AIRES","FLORENCIO VARELA",3324,"NO"
2026-03-12,"TRANSPORTE 11 DE JUNIO S.R.L.","BSAS_LINEA_501F","SI","COLECTIVO","MUNICIPAL","BUENOS AIRES","LUJAN",5118,"NO"
2026-03-12,"TRANSPORTES LA PERLITA S.A. ","BSAS_LINEA_501G","SI","COLECTIVO","MUNICIPAL","BUENOS AIRES","MORENO",149953,"NO"
2026-03-12,"RUTA BUS S.A.","BSAS_LINEA_501H","SI","COLECTIVO","MUNICIPAL","BUENOS AIRES","EXALTACION DE LA CRUZ",2342,"NO"
2026-03-12,"LA PRIMERA DE MALVINAS ARGENTINAS UTE","BSAS_LINEA_501I","SI","COLECTIVO","MUNICIPAL","BUENOS AIRES","MALVINAS ARGENTINAS",10083,"NO"
2026-03-12,"LINEA EXPRESO LINIERS S.A.I.Y C.","BSAS_LINEA_502","SI","COLECTIVO","MUNICIPAL","BUENOS AIRES","CAÑUELAS",787,"NO"
2026-03-12,"UNION PLATENSE SRL","BSAS_LINEA_502_SUR","SI","COLECTIVO","MUNICIPAL","BUENOS AIRES","LA PLATA",11261,"NO"
2026-03-12,"EXPRESO EMPALME LOBOS S.R.L.","BSAS_LINEA_502A","SI","COLECTIVO","MUNICIPAL","BUENOS AIRES","LOBOS",116,"NO"
2026-03-12,"TRANSPORTE 11 DE JUNIO S.R.L.","BSAS_LINEA_502B","SI","COLECTIVO","MUNICIPAL","BUENOS AIRES","LUJAN",1650,"NO"
2026-03-12,"EMPRESA TRANSPORTE TRATADO DEL PILAR S.R.L.","BSAS_LINEA_503","SI","COLECTIVO","MUNICIPAL","BUENOS AIRES","PILAR",4990,"NO"
2026-03-12,"MICROEXPRES S.A.","BSAS_LINEA_503_ESTE","SI","COLECTIVO","MUNICIPAL","BUENOS AIRES","LA PLATA",7460,"NO"
2026-03-12,"UNION TRANSITORIA COSA CIA TRANSPORTE VECINAL U.T.","BSAS_LINEA_503A","SI","COLECTIVO","MUNICIPAL","BUENOS AIRES","MERLO",36464,"NO"
2026-03-12,"SAN VICENTE S.A. DE TRANSPORTES","BSAS_LINEA_503C","SI","COLECTIVO","MUNICIPAL","BUENOS AIRES","SAN VICENTE",5622,"NO"
2026-03-12,"EXPRESO LA PLATA BUENOS AIRES S.A.","BSAS_LINEA_503E","SI","COLECTIVO","MUNICIPAL","BUENOS AIRES","LA PLATA",29694,"NO"
2026-03-12,"TRANSPORTE 11 DE JUNIO S.R.L.","BSAS_LINEA_503E","SI","COLECTIVO","MUNICIPAL","BUENOS AIRES","LUJAN",2341,"NO"
2026-03-12,"EMPRESA LINEA 216 S.A.T.","BSAS_LINEA_504A","SI","COLECTIVO","MUNICIPAL","BUENOS AIRES","MERLO",51448,"NO"
2026-03-12,"MICRO OMNIBUS PRIMERA JUNTA S.A","BSAS_LINEA_504C","SI","COLECTIVO","MUNICIPAL","BUENOS AIRES","FLORENCIO VARELA",7097,"NO"
2026-03-12,"MICRO OMNIBUS TIGRE S.A.","BSAS_LINEA_505A","SI","COLECTIVO","MUNICIPAL","BUENOS AIRES","ESCOBAR",519,"NO"
2026-03-12,"MICRO OMNIBUS TIGRE S.A.","BSAS_LINEA_505C","SI","COLECTIVO","MUNICIPAL","BUENOS AIRES","CAMPANA",931,"NO"
2026-03-12,"COMPAÑIA MICROOMNIBUS LA COLORADA SACI","BSAS_LINEA_505D","SI","COLECTIVO","MUNICIPAL","BUENOS AIRES","FLORENCIO VARELA",12555,"NO"
2026-03-12,"EMPRESA MONTERREY S.R.L.","BSAS_LINEA_506A","SI","COLECTIVO","MUNICIPAL","BUENOS AIRES","PILAR",5476,"NO"
2026-03-12,"MICRO OMNIBUS TIGRE S.A.","BSAS_LINEA_506B","SI","COLECTIVO","MUNICIPAL","BUENOS AIRES","ESCOBAR",2029,"NO"
2026-03-12,"SAN VICENTE S.A. DE TRANSPORTES","BSAS_LINEA_507","SI","COLECTIVO","MUNICIPAL","BUENOS AIRES","FLORENCIO VARELA",4561,"NO"
2026-03-12,"MICRO OMNIBUS TIGRE S.A.","BSAS_LINEA_508A","SI","COLECTIVO","MUNICIPAL","BUENOS AIRES","ESCOBAR",5359,"NO"
2026-03-12,"EMPRESA NUEVE DE JULIO S.A.T.","BSAS_LINEA_508C","SI","COLECTIVO","MUNICIPAL","BUENOS AIRES","LA PLATA",1157,"NO"
2026-03-12,"LA PRIMERA DE LA ESCONDIDA SRL","BSAS_LINEA_509","SI","COLECTIVO","MUNICIPAL","BUENOS AIRES","PILAR",5901,"NO"
2026-03-12,"LINEA SESENTA SA","BSAS_LINEA_509D","SI","COLECTIVO","MUNICIPAL","BUENOS AIRES","ESCOBAR",2306,"NO"
2026-03-12,"EXPRESO VILLA GALICIA  SAN JOSE S.A.","BSAS_LINEA_510A","SI","COLECTIVO","MUNICIPAL","BUENOS AIRES","ALMIRANTE BROWN",4902,"NO"
2026-03-12,"PILARBUS SA","BSAS_LINEA_510B","SI","COLECTIVO","MUNICIPAL","BUENOS AIRES","PILAR",23752,"NO"
2026-03-12,"SAN VICENTE S.A. DE TRANSPORTES","BSAS_LINEA_511","SI","COLECTIVO","MUNICIPAL","BUENOS AIRES","FLORENCIO VARELA",1484,"NO"
2026-03-12,"RUTA BUS S.A.","BSAS_LINEA_511","SI","COLECTIVO","MUNICIPAL","BUENOS AIRES","PILAR",15149,"NO"
2026-03-12,"MICRO OMNIBUS TIGRE S.A.","BSAS_LINEA_511A","SI","COLECTIVO","MUNICIPAL","BUENOS AIRES","ESCOBAR",81,"NO"
2026-03-12,"SAN VICENTE S.A. DE TRANSPORTES","BSAS_LINEA_512","SI","COLECTIVO","MUNICIPAL","BUENOS AIRES","FLORENCIO VARELA",4785,"NO"
2026-03-12,"SAN VICENTE S.A. DE TRANSPORTES","BSAS_LINEA_513","SI","COLECTIVO","MUNICIPAL","BUENOS AIRES","FLORENCIO VARELA",4425,"NO"
2026-03-12,"MICRO OMNIBUS TIGRE S.A.","BSAS_LINEA_513A","SI","COLECTIVO","MUNICIPAL","BUENOS AIRES","ESCOBAR",3800,"NO"
2026-03-12,"MICRO OMNIBUS AVENIDA S.A.","BSAS_LINEA_514","SI","COLECTIVO","MUNICIPAL","BUENOS AIRES","ALMIRANTE BROWN",31245,"NO"
2026-03-12,"TRANSPORTE DEL SUR S.R.L.","BSAS_LINEA_515","SI","COLECTIVO","MUNICIPAL","BUENOS AIRES","ALMIRANTE BROWN",22225,"NO"
2026-03-12,"EMPRESA J.M. EZEIZA S.R.L.","BSAS_LINEA_518","SI","COLECTIVO","MUNICIPAL","BUENOS AIRES","EZEIZA",32322,"NO"
2026-03-12,"EXPRESO LA PLATA BUENOS AIRES S.A.","BSAS_LINEA_518","SI","COLECTIVO","MUNICIPAL","BUENOS AIRES","LA PLATA",768,"NO"
2026-03-12,"LA CENTRAL DE ESCOBAR SA","BSAS_LINEA_520A","SI","COLECTIVO","MUNICIPAL","BUENOS AIRES","PILAR",21384,"NO"
2026-03-12,"MICRO OMNIBUS AVENIDA S.A.","BSAS_LINEA_520B","SI","COLECTIVO","MUNICIPAL","BUENOS AIRES","LANUS",15992,"NO"
2026-03-12,"UNION PLATENSE SRL","BSAS_LINEA_520C","SI","COLECTIVO","MUNICIPAL","BUENOS AIRES","LA PLATA",13165,"NO"
2026-03-12,"CIA ANDRADE EMPRESA DE TRANSPORTE DE PASAJEROS SRL","BSAS_LINEA_523","SI","COLECTIVO","MUNICIPAL","BUENOS AIRES","LANUS",6315,"NO"
2026-03-12,"EMPRESA CINCO DE AGOSTO S.R.L.","BSAS_LINEA_524","SI","COLECTIVO","MUNICIPAL","BUENOS AIRES","LANUS",8549,"NO"
2026-03-12,"EMPRESA DE TRANSPORTE 12 DE OCTUBRE S R L","BSAS_LINEA_531","NO","COLECTIVO","MUNICIPAL","BUENOS AIRES","GENERAL PUEYRREDON",5913,"NO"
2026-03-12,"EMPRESA DE TRANSPORTE 12 DE OCTUBRE S R L","BSAS_LINEA_532","NO","COLECTIVO","MUNICIPAL","BUENOS AIRES","GENERAL PUEYRREDON",9902,"NO"
2026-03-12,"EMPRESA DE TRANSPORTE 12 DE OCTUBRE S R L","BSAS_LINEA_533","NO","COLECTIVO","MUNICIPAL","BUENOS AIRES","GENERAL PUEYRREDON",2672,"NO"
2026-03-12,"YITOS S.A.","BSAS_LINEA_541","SI","COLECTIVO","MUNICIPAL","BUENOS AIRES","LOMAS DE ZAMORA",14249,"NO"
2026-03-12,"YITOS S.A.","BSAS_LINEA_543","SI","COLECTIVO","MUNICIPAL","BUENOS AIRES","LOMAS DE ZAMORA",17308,"NO"
2026-03-12,"YITOS S.A.","BSAS_LINEA_544","SI","COLECTIVO","MUNICIPAL","BUENOS AIRES","LOMAS DE ZAMORA",24784,"NO"
2026-03-12,"YITOS S.A.","BSAS_LINEA_549","SI","COLECTIVO","MUNICIPAL","BUENOS AIRES","LOMAS DE ZAMORA",2718,"NO"
2026-03-12,"YITOS S.A.","BSAS_LINEA_561","SI","COLECTIVO","MUNICIPAL","BUENOS AIRES","LOMAS DE ZAMORA",5359,"NO"
2026-03-12,"EMPRESA NUEVE DE JULIO S.A.T.","BSAS_LINEA_561B","SI","COLECTIVO","MUNICIPAL","BUENOS AIRES","LA PLATA",1464,"NO"
2026-03-12,"YITOS S.A.","BSAS_LINEA_562","SI","COLECTIVO","MUNICIPAL","BUENOS AIRES","LOMAS DE ZAMORA",10283,"NO"
2026-03-12,"EXPRESO VILLA GALICIA  SAN JOSE S.A.","BSAS_LINEA_564","SI","COLECTIVO","MUNICIPAL","BUENOS AIRES","LOMAS DE ZAMORA",12642,"NO"
2026-03-12,"EXPRESO VILLA NUEVA S.A.","BSAS_LINEA_580","SI","COLECTIVO","MUNICIPAL","BUENOS AIRES","QUILMES",4922,"NO"
2026-03-12,"EXPRESO VILLA NUEVA S.A.","BSAS_LINEA_582","SI","COLECTIVO","MUNICIPAL","BUENOS AIRES","QUILMES",14309,"NO"
2026-03-12,"MICRO OMNIBUS PRIMERA JUNTA S.A","BSAS_LINEA_583","SI","COLECTIVO","MUNICIPAL","BUENOS AIRES","QUILMES",12518,"NO"
2026-03-12,"MICRO OMNIBUS QUILMES S.A.C.I. Y F.","BSAS_LINEA_584","SI","COLECTIVO","MUNICIPAL","BUENOS AIRES","QUILMES",8037,"NO"
2026-03-12,"COMPAÑÍA DE OMNIBUS 25 DE MAYO LINEA 278","BSAS_LINEA_585","SI","COLECTIVO","MUNICIPAL","BUENOS AIRES","QUILMES",28878,"NO"
2026-03-12,"COMPAÑÍA DE OMNIBUS 25 DE MAYO LINEA 278","BSAS_LINEA_586","SI","COLECTIVO","MUNICIPAL","BUENOS AIRES","QUILMES",800,"NO"
2026-03-12,"MICRO OMNIBUS QUILMES S.A.C.I. Y F.","BSAS_LINEA_603","SI","COLECTIVO","MUNICIPAL","BUENOS AIRES","BERAZATEGUI",17954,"NO"
2026-03-12,"MICRO OMNIBUS QUILMES S.A.C.I. Y F.","BSAS_LINEA_619","SI","COLECTIVO","MUNICIPAL","BUENOS AIRES","BERAZATEGUI",10696,"NO"
2026-03-12,"NUEVO IDEAL S.A.","BSAS_LINEA_620","SI","COLECTIVO","MUNICIPAL","BUENOS AIRES","LA MATANZA",73439,"NO"
2026-03-12,"TRANSPORTE IDEAL SAN JUSTO S.A.","BSAS_LINEA_621","SI","COLECTIVO","MUNICIPAL","BUENOS AIRES","LA MATANZA",33572,"NO"
2026-03-12,"ALMAFUERTE EMPRESA DE TRANSPORTE S.A.C.I. E I","BSAS_LINEA_622","SI","COLECTIVO","MUNICIPAL","BUENOS AIRES","LA MATANZA",35924,"NO"
2026-03-12,"LA CABAÑA S.A.","BSAS_LINEA_624","SI","COLECTIVO","MUNICIPAL","BUENOS AIRES","LA MATANZA",29351,"NO"
2026-03-12,"ALMAFUERTE EMPRESA DE TRANSPORTE S.A.C.I. E I","BSAS_LINEA_628","SI","COLECTIVO","MUNICIPAL","BUENOS AIRES","LA MATANZA",4526,"NO"
2026-03-12,"EMPRESA LINEA 216 S.A.T.","BSAS_LINEA_634","SI","COLECTIVO","MUNICIPAL","BUENOS AIRES","MORON",16013,"NO"
2026-03-12,"LA CABAÑA S.A.","BSAS_LINEA_635","SI","COLECTIVO","MUNICIPAL","BUENOS AIRES","MORON",8716,"NO"
2026-03-12,"COMPAÑIA ISLEÑA S.R.L.","BSAS_LINEA_670","SI","COLECTIVO","MUNICIPAL","BUENOS AIRES","GENERAL SAN MARTIN",36619,"NO"
2026-03-12,"MICRO OMNIBUS GENERAL SAN MARTIN SAC","BSAS_LINEA_707","SI","COLECTIVO","MUNICIPAL","BUENOS AIRES","SAN ISIDRO",25613,"NO"
2026-03-12,"EMPRESA CIUDAD DE SAN FERNANDO SA","BSAS_LINEA_710","SI","COLECTIVO","MUNICIPAL","BUENOS AIRES","SAN FERNANDO",25225,"NO"
2026-03-12,"MICRO OMNIBUS TIGRE S.A.","BSAS_LINEA_720","SI","COLECTIVO","MUNICIPAL","BUENOS AIRES","TIGRE",44768,"NO"
2026-03-12,"MICRO OMNIBUS GENERAL PACHECO SA","BSAS_LINEA_721","SI","COLECTIVO","MUNICIPAL","BUENOS AIRES","TIGRE",40192,"NO"
2026-03-12,"UTENOR LINEA 723 UNION TRANSITORIA DE EMPRESAS","BSAS_LINEA_723","SI","COLECTIVO","MUNICIPAL","BUENOS AIRES","TIGRE",11100,"NO"
2026-03-12,"LA PRIMERA DE GRAND BOURG S.A.","BSAS_LINEA_740","SI","COLECTIVO","MUNICIPAL","BUENOS AIRES","SAN MIGUEL",33690,"NO"
2026-03-12,"SARGENTO CABRAL S.A.DE TRANSPORTE","BSAS_LINEA_741","SI","COLECTIVO","MUNICIPAL","BUENOS AIRES","JOSE C. PAZ",19443,"NO"
2026-03-12,"EMPRESA DE TRANSPORTES EL LITORAL S.A.","BSAS_LINEA_749","SI","COLECTIVO","MUNICIPAL","BUENOS AIRES","JOSE C. PAZ",31143,"NO"
2026-03-12,"TRANSPORTES COLEGIALES S.A.C.I.","CABA_LINEA_ 42","SI","COLECTIVO","C.A.B.A","C.A.B.A","SD",30574,"NO"
2026-03-12,"D.O.T.A. S.A. DE TRANSPORTE AUTOMOTOR","CABA_LINEA_ 44","SI","COLECTIVO","C.A.B.A","C.A.B.A","SD",26191,"NO"
2026-03-12,"NUDO S.A.","CABA_LINEA_ 50","SI","COLECTIVO","C.A.B.A","C.A.B.A","SD",31268,"NO"
2026-03-12,"TRANSPORTES LOPE DE VEGA S.A.C.I.","CABA_LINEA_ 76","SI","COLECTIVO","C.A.B.A","C.A.B.A","SD",26922,"NO"
2026-03-12,"TRANSPORTES AUTOMOTORES RIACHUELO S.A.","CABA_LINEA_025","SI","COLECTIVO","C.A.B.A","C.A.B.A","SD",17681,"NO"
2026-03-12,"JUAN B. JUSTO S.A.T.C.I.","CABA_LINEA_04","SI","COLECTIVO","C.A.B.A","C.A.B.A","SD",22528,"NO"
2026-03-12,"TRANSPORTES AUTOMOTORES RIACHUELO S.A.","CABA_LINEA_084","SI","COLECTIVO","C.A.B.A","C.A.B.A","SD",18937,"NO"
2026-03-12,"TRANSP. SGTO. CABRAL","CABA_LINEA_102","SI","COLECTIVO","C.A.B.A","C.A.B.A","SD",26043,"NO"
2026-03-12,"COLECTIVEROS UNIDOS S.A.","CABA_LINEA_106","SI","COLECTIVO","C.A.B.A","C.A.B.A","SD",62396,"NO"
2026-03-12,"NUDO S.A.","CABA_LINEA_107","SI","COLECTIVO","C.A.B.A","C.A.B.A","SD",29575,"NO"
2026-03-12,"EMPRESA DE TRANSP. TTE. GRAL. ROCA S.A","CABA_LINEA_108","SI","COLECTIVO","C.A.B.A","C.A.B.A","SD",22763,"NO"
2026-03-12,"TRANSPORTE NUEVE DE JULIO SAC.","CABA_LINEA_109","SI","COLECTIVO","C.A.B.A","C.A.B.A","SD",28162,"NO"
2026-03-12,"TRANSPORTES AUTOMOTORES RIACHUELO S.A.","CABA_LINEA_115","SI","COLECTIVO","C.A.B.A","C.A.B.A","SD",24609,"NO"
2026-03-12,"MICROOMNIBUS BARRANCAS DE BELGRANO S.A.","CABA_LINEA_118","SI","COLECTIVO","C.A.B.A","C.A.B.A","SD",26484,"NO"
2026-03-12,"TRANSPORTES AUTOMOTORES CALLAO S.A.","CABA_LINEA_12","SI","COLECTIVO","C.A.B.A","C.A.B.A","SD",52674,"NO"
2026-03-12,"NUEVOS RUMBOS S.A.T.A.C.I.F.I.","CABA_LINEA_132","SI","COLECTIVO","C.A.B.A","C.A.B.A","SD",57048,"NO"
2026-03-12,"LA NUEVA METROPOL S.A.","CABA_LINEA_151","SI","COLECTIVO","C.A.B.A","C.A.B.A","SD",39876,"NO"
2026-03-12,"17 DE AGOSTO S.A.","CABA_LINEA_26","SI","COLECTIVO","C.A.B.A","C.A.B.A","SD",31368,"NO"
2026-03-12,"JUAN B. JUSTO S.A.T.C.I.","CABA_LINEA_34","SI","COLECTIVO","C.A.B.A","C.A.B.A","SD",45661,"NO"
2026-03-12,"TRANSPORTES SANTA FE S.A.C.I.","CABA_LINEA_39","SI","COLECTIVO","C.A.B.A","C.A.B.A","SD",60097,"NO"
2026-03-12,"LINEA DE MICROOMNIBUS 47 S.A.T.C.F.I.","CABA_LINEA_47","SI","COLECTIVO","C.A.B.A","C.A.B.A","SD",20693,"NO"
2026-03-12,"LA CENTRAL DE VICENTE LOPEZ S.A.","CABA_LINEA_61","SI","COLECTIVO","C.A.B.A","C.A.B.A","SD",10056,"NO"
2026-03-12,"LA CENTRAL DE VICENTE LOPEZ S.A.","CABA_LINEA_62","SI","COLECTIVO","C.A.B.A","C.A.B.A","SD",11098,"NO"
2026-03-12,"VUELTA DE ROCHA S.A.T.C.I.","CABA_LINEA_64","SI","COLECTIVO","C.A.B.A","C.A.B.A","SD",33087,"NO"
2026-03-12,"LA NUEVA METROPOL S.A.","CABA_LINEA_65","SI","COLECTIVO","C.A.B.A","C.A.B.A","SD",30766,"NO"
2026-03-12,"TRANSPORTES SESENTA Y OCHO S.R.L.","CABA_LINEA_68","SI","COLECTIVO","C.A.B.A","C.A.B.A","SD",43064,"NO"
2026-03-12,"TRANSP. AUTOMOTORES 12 DE OCTUBRE S.A.C.","CABA_LINEA_7","SI","COLECTIVO","C.A.B.A","C.A.B.A","SD",18403,"NO"
2026-03-12,"COOP. DE PROVISION DE SERVICIOS 1 DE SEPTIEMBRE LTDA","CHACRA MONTE - PAISSANIDIS","NO","COLECTIVO","MUNICIPAL","RÍO NEGRO","GENERAL ROCA",762,"NO"
2026-03-12,"SOFSE - Mitre","FCC MITRE_TIGRE","SI","TREN","NACIONAL","JN","SD",37767,"NO"
2026-03-12,"SOFSE - Roca","FFCC ROCA","SI","TREN","NACIONAL","JN","SD",380121,"NO"
2026-03-12,"SOFSE- SARMIENTO","FFCC SAR","SI","TREN","NACIONAL","JN","SD",211621,"NO"
2026-03-12,"SOFSE - TREN DEL VALLE","FFCC TREN DEL VALLE","NO","TREN","NACIONAL","JN","SD",825,"NO"
2026-03-12,"METROVIAS S.A. (URQUIZA)","FFCC URQUIZA","SI","TREN","NACIONAL","JN","SD",63425,"NO"
2026-03-12,"SOFSE - Belgrano Sur","FFCC_BELG_SUR","SI","TREN","NACIONAL","JN","SD",46173,"NO"
2026-03-12,"FERROVIAS S.A.","FFCC_BELGRANO_NORTE","SI","TREN","NACIONAL","JN","SD",87515,"NO"
2026-03-12,"SOFSE - Mitre","FFCC_MITRE","SI","TREN","NACIONAL","JN","SD",164,"NO"
2026-03-12,"SOFSE - Mitre","FFCC_MITRE_CAPILLA","SI","TREN","NACIONAL","JN","SD",127,"NO"
2026-03-12,"SOFSE - Mitre","FFCC_MITRE_ZARATE","SI","TREN","NACIONAL","JN","SD",113,"NO"
2026-03-12,"SOFSE - Roca","FFCC_ROCA_CAÑUELAS-MONTE","SI","TREN","NACIONAL","JN","SD",1,"NO"
2026-03-12,"SOFSE - Roca","FFCC_ROCA_KORN-CHASCOMUS","SI","TREN","NACIONAL","JN","SD",123,"NO"
2026-03-12,"SOFSE - Roca","FFCC_ROCA_UNIVERSITARIO","SI","TREN","NACIONAL","JN","SD",706,"NO"
2026-03-12,"SOFSE - San Martin","FFCC_SANM","SI","TREN","NACIONAL","JN","SD",103852,"NO"
2026-03-12,"SOFSE - Mitre","FFCC_SUAREZ","SI","TREN","NACIONAL","JN","SD",45168,"NO"
2026-03-12,"SOFSE- TREN DE LA COSTA","FFCC_TREN_COSTA","SI","TREN","NACIONAL","JN","SD",5106,"NO"
2026-03-12,"COOP. DE PROVISION DE SERVICIOS 1 DE SEPTIEMBRE LTDA","ISLAS MALVINAS - PUENTE CERO","NO","COLECTIVO","MUNICIPAL","RÍO NEGRO","GENERAL ROCA",1300,"NO"
2026-03-12,"COOP. DE PROVISION DE SERVICIOS 1 DE SEPTIEMBRE LTDA","J.J. GOMEZ - ALTA BARDA","NO","COLECTIVO","MUNICIPAL","RÍO NEGRO","GENERAL ROCA",1298,"NO"
2026-03-12,"EMOVA MOVILIDAD S.A. (ex MTV)","LIN_PREMETRO","SI","SUBTE",,,,6748,"NO"
2026-03-12,"MAREGA GUSTAVO ANTONIO","LINEA 03","NO","COLECTIVO","MUNICIPAL","SANTA FE","RECONQUISTA",180,"NO"
2026-03-12,"BRAIDOT JOSE MANUEL","LINEA 04","NO","COLECTIVO","MUNICIPAL","SANTA FE","RECONQUISTA",433,"NO"
2026-03-12,"TRANSPORTE JACOBSEN S.R.L.","LINEA 1 ESQUEL/LA ALDEA","NO","COLECTIVO","PROVINCIAL","CHUBUT","SN",1084,"NO"
2026-03-12,"EMPRESA DE TRANSPORTE 12 DE OCTUBRE S R L","LINEA 1","NO","COLECTIVO","MUNICIPAL","BUENOS AIRES","PINAMAR",2211,"NO"
2026-03-12,"VIA 51 VIAJES SA","LINEA 1","NO","COLECTIVO","MUNICIPAL","BUENOS AIRES","TORNQUIST",371,"NO"
2026-03-12,"TRANSPORTE JACOBSEN S.R.L.","LINEA 1","NO","COLECTIVO","MUNICIPAL","CHUBUT","ESQUEL",976,"NO"
2026-03-12,"SI! BUS EMPRESA SARMIENTO S.R.L - INTERCORDOBA S.A – UTE","LINEA 1","NO","COLECTIVO","MUNICIPAL","CORDOBA","VILLA ALLENDE",377,"NO"
2026-03-12,"COOPERATIVA TRABAJO TRANSPORTES CONCORDIA LTDA","LINEA 1","NO","COLECTIVO","MUNICIPAL","ENTRE RÍOS","CONCORDIA",6451,"NO"
2026-03-12,"DELCAUSSE HERMANOS SOCIEDAD DE RESPONSABILIDAD LIMITADA","LINEA 1","NO","COLECTIVO","MUNICIPAL","ENTRE RÍOS","GUALEGUAYCHU",1568,"NO"
2026-03-12,"ENTE MUNICIPAL DE SERVICIOS URBANOS","LINEA 1","NO","COLECTIVO","MUNICIPAL","LA PAMPA","SANTA ROSA",956,"NO"
2026-03-12,"PEHUENCHE S A","LINEA 1","NO","COLECTIVO","MUNICIPAL","RÍO NEGRO","CIPOLLETTI",1787,"NO"
2026-03-12,"MUNICIPALIDAD DE RAFAELA","LINEA 1","NO","COLECTIVO","MUNICIPAL","SANTA FE","RAFAELA",525,"NO"
2026-03-12,"AUTOTRANSPORTE DECANO S.R.L","LINEA 1","NO","COLECTIVO","MUNICIPAL","SANTIAGO DEL ESTERO","LA BANDA",244,"NO"
2026-03-12,"EL GALGO SRL","LINEA 1","NO","COLECTIVO","MUNICIPAL","TUCUMAN","SAN MIGUEL DE TUCUMAN",2633,"NO"
2026-03-12,"TRANSPORTES SAN CAYETANO S.A.C.","LINEA 1","SI","COLECTIVO","NACIONAL","JN","SD",13908,"NO"
2026-03-12,"CONIFERAL S.A.","LINEA 10","NO","COLECTIVO","MUNICIPAL","CORDOBA","CORDOBA",14215,"NO"
2026-03-12,"LEAGAS S.A.","LINEA 10","NO","COLECTIVO","MUNICIPAL","TUCUMAN","SAN MIGUEL DE TUCUMAN",4227,"NO"
2026-03-12,"VIZZONI LIDIA INES","LINEA 10","NO","COLECTIVO","PROVINCIAL","CATAMARCA","SN",418,"NO"
2026-03-12,"S.A TRANSPORTE CIUDAD DE RIO CUARTO","LINEA 100","NO","COLECTIVO","MUNICIPAL","CORDOBA","RIO CUARTO",410,"NO"
2026-03-12,"SOCIEDAD DE TRANSPORTE DE MENDOZA SOCIEDAD ANONIMA UNIPERSONAL DE PARTICIPACION ESTATAL","LINEA 100","NO","COLECTIVO","PROVINCIAL","MENDOZA","SN",6963,"NO"
2026-03-12,"S.A TRANSPORTE CIUDAD DE RIO CUARTO","LINEA 101","NO","COLECTIVO","MUNICIPAL","CORDOBA","RIO CUARTO",205,"NO"
2026-03-12,"D.O.T.A. S.A. DE TRANSPORTE AUTOMOTOR","LINEA 101","SI","COLECTIVO","NACIONAL","JN","SD",49839,"NO"
2026-03-12,"S.A TRANSPORTE CIUDAD DE RIO CUARTO","LINEA 102","NO","COLECTIVO","MUNICIPAL","CORDOBA","RIO CUARTO",100,"NO"
2026-03-12,"S.A TRANSPORTE CIUDAD DE RIO CUARTO","LINEA 103","NO","COLECTIVO","MUNICIPAL","CORDOBA","RIO CUARTO",65,"NO"
2026-03-12,"S.A TRANSPORTE CIUDAD DE RIO CUARTO","LINEA 104","NO","COLECTIVO","MUNICIPAL","CORDOBA","RIO CUARTO",21,"NO"
2026-03-12,"S.A TRANSPORTE CIUDAD DE RIO CUARTO","LINEA 105","NO","COLECTIVO","MUNICIPAL","CORDOBA","RIO CUARTO",25,"NO"
2026-03-12,"S.A TRANSPORTE CIUDAD DE RIO CUARTO","LINEA 106","NO","COLECTIVO","MUNICIPAL","CORDOBA","RIO CUARTO",239,"NO"
2026-03-12,"S.A TRANSPORTE CIUDAD DE RIO CUARTO","LINEA 107","NO","COLECTIVO","MUNICIPAL","CORDOBA","RIO CUARTO",176,"NO"
2026-03-12,"S.A TRANSPORTE CIUDAD DE RIO CUARTO","LINEA 108","NO","COLECTIVO","MUNICIPAL","CORDOBA","RIO CUARTO",21,"NO"
2026-03-12,"CONIFERAL S.A.","LINEA 11","NO","COLECTIVO","MUNICIPAL","CORDOBA","CORDOBA",9603,"NO"
2026-03-12,"TCM BUS S.R.L.","LINEA 11","NO","COLECTIVO","MUNICIPAL","TUCUMAN","SAN MIGUEL DE TUCUMAN",6516,"NO"
2026-03-12,"SOCIEDAD DE TRANSPORTE DE MENDOZA SOCIEDAD ANONIMA UNIPERSONAL DE PARTICIPACION ESTATAL","LINEA 110","NO","COLECTIVO","PROVINCIAL","MENDOZA","SN",16808,"NO"
2026-03-12,"MICROOMNIBUS CUARENTA Y CINCO S.A.C.I.F.","LINEA 119","SI","COLECTIVO","NACIONAL","JN","SD",11048,"NO"
2026-03-12,"CONIFERAL S.A.","LINEA 12","NO","COLECTIVO","MUNICIPAL","CORDOBA","CORDOBA",8828,"NO"
2026-03-12,"TRANS BUS SRL","LINEA 12","NO","COLECTIVO","MUNICIPAL","CORDOBA","VILLA MARIA",10,"NO"
2026-03-12,"EMPRESA CERRO POZO S.R.L.","LINEA 12","NO","COLECTIVO","MUNICIPAL","TUCUMAN","SAN MIGUEL DE TUCUMAN",1465,"NO"
2026-03-12,"EMPRESA DE SERVICIOS EL JACARANDA S.A.","LINEA 12","NO","COLECTIVO","MUNICIPAL","TUCUMAN","SAN MIGUEL DE TUCUMAN",1529,"NO"
2026-03-12,"ILLAGES S.R.L.","LINEA 12","NO","COLECTIVO","MUNICIPAL","TUCUMAN","SAN MIGUEL DE TUCUMAN",1494,"NO"
2026-03-12,"TRANSPORTE YERBA BUENA SRL","LINEA 12","NO","COLECTIVO","MUNICIPAL","TUCUMAN","SAN MIGUEL DE TUCUMAN",1497,"NO"
2026-03-12,"ERSA URBANO SA","LINEA 12","NO","COLECTIVO","PROVINCIAL","ENTRE RÍOS","SN",1288,"NO"
2026-03-12,"SOCIEDAD DE TRANSPORTE DE MENDOZA SOCIEDAD ANONIMA UNIPERSONAL DE PARTICIPACION ESTATAL","LINEA 120","NO","COLECTIVO","PROVINCIAL","MENDOZA","SN",18908,"NO"
2026-03-12,"SOCIEDAD DE TRANSPORTE DE MENDOZA SOCIEDAD ANONIMA UNIPERSONAL DE PARTICIPACION ESTATAL","LINEA 121","NO","COLECTIVO","PROVINCIAL","MENDOZA","SN",246,"NO"
2026-03-12,"SOCIEDAD DE TRANSPORTE DE MENDOZA SOCIEDAD ANONIMA UNIPERSONAL DE PARTICIPACION ESTATAL","LINEA 125","NO","COLECTIVO","PROVINCIAL","MENDOZA","SN",3337,"NO"
2026-03-12,"CONIFERAL S.A.","LINEA 13","NO","COLECTIVO","MUNICIPAL","CORDOBA","CORDOBA",2157,"NO"
2026-03-12,"TRANS BUS SRL","LINEA 13","NO","COLECTIVO","MUNICIPAL","CORDOBA","VILLA MARIA",26,"NO"
2026-03-12,"SOCIEDAD DE TRANSPORTE DE MENDOZA SOCIEDAD ANONIMA UNIPERSONAL DE PARTICIPACION ESTATAL","LINEA 130","NO","COLECTIVO","PROVINCIAL","MENDOZA","SN",3908,"NO"
2026-03-12,"CONIFERAL S.A.","LINEA 14","NO","COLECTIVO","MUNICIPAL","CORDOBA","CORDOBA",9727,"NO"
2026-03-12,"TRANS BUS SRL","LINEA 14","NO","COLECTIVO","MUNICIPAL","CORDOBA","VILLA MARIA",51,"NO"
2026-03-12,"SOCIEDAD DE TRANSPORTE DE MENDOZA SOCIEDAD ANONIMA UNIPERSONAL DE PARTICIPACION ESTATAL","LINEA 140","NO","COLECTIVO","PROVINCIAL","MENDOZA","SN",8829,"NO"
2026-03-12,"ROSARIO GUARANI SA","LINEA 145","SI","COLECTIVO","NACIONAL","JN","SD",29576,"NO"
2026-03-12,"CONIFERAL S.A.","LINEA 15","NO","COLECTIVO","MUNICIPAL","CORDOBA","CORDOBA",6274,"NO"
2026-03-12,"TRANS BUS SRL","LINEA 15","NO","COLECTIVO","MUNICIPAL","CORDOBA","VILLA MARIA",34,"NO"
2026-03-12,"9 DE JULIO","LINEA 15","NO","COLECTIVO","PROVINCIAL","CATAMARCA","SN",431,"NO"
2026-03-12,"ERSA URBANO SA","LINEA 15","NO","COLECTIVO","PROVINCIAL","ENTRE RÍOS","SN",897,"NO"
2026-03-12,"EMPRESA RECREO S R L","LINEA 157 SFE","NO","COLECTIVO","PROVINCIAL","SANTA FE","SN",4562,"NO"
2026-03-12,"EMPRESA RECREO S R L","LINEA 158 SFE","NO","COLECTIVO","PROVINCIAL","SANTA FE","SN",1013,"NO"
2026-03-12,"CONIFERAL S.A.","LINEA 16","NO","COLECTIVO","MUNICIPAL","CORDOBA","CORDOBA",3254,"NO"
2026-03-12,"TRANS BUS SRL","LINEA 16","NO","COLECTIVO","MUNICIPAL","CORDOBA","VILLA MARIA",53,"NO"
2026-03-12,"9 DE JULIO","LINEA 16","NO","COLECTIVO","PROVINCIAL","CATAMARCA","SN",314,"NO"
2026-03-12,"CONIFERAL S.A.","LINEA 17","NO","COLECTIVO","MUNICIPAL","CORDOBA","CORDOBA",4605,"NO"
2026-03-12,"TRANS BUS SRL","LINEA 17","NO","COLECTIVO","MUNICIPAL","CORDOBA","VILLA MARIA",48,"NO"
2026-03-12,"EL CONDOR SRL","LINEA 17","NO","COLECTIVO","MUNICIPAL","TUCUMAN","SAN MIGUEL DE TUCUMAN",7796,"NO"
2026-03-12,"ERSA URBANO SA","LINEA 17","NO","COLECTIVO","PROVINCIAL","ENTRE RÍOS","SN",418,"NO"
2026-03-12,"CONIFERAL S.A.","LINEA 18","NO","COLECTIVO","MUNICIPAL","CORDOBA","CORDOBA",6193,"NO"
2026-03-12,"BSV LOGISTICA S.A.S.","LINEA 18","NO","COLECTIVO","MUNICIPAL","TUCUMAN","SAN MIGUEL DE TUCUMAN",3698,"NO"
2026-03-12,"EMPRESA MAIPU S.R.L","LINEA 1856","NO","COLECTIVO","PROVINCIAL","MENDOZA","SN",385,"NO"
2026-03-12,"EMPRESA MAIPU S.R.L","LINEA 1873","NO","COLECTIVO","PROVINCIAL","MENDOZA","SN",93,"NO"
2026-03-12,"CONIFERAL S.A.","LINEA 19","NO","COLECTIVO","MUNICIPAL","CORDOBA","CORDOBA",2834,"NO"
2026-03-12,"TRANS BUS SRL","LINEA 19","NO","COLECTIVO","MUNICIPAL","CORDOBA","VILLA MARIA",9,"NO"
2026-03-12,"B y V TRANSPORTES S.R.L.","LINEA 19","NO","COLECTIVO","MUNICIPAL","TUCUMAN","SAN MIGUEL DE TUCUMAN",6000,"NO"
2026-03-12,"LINEA 28 DE JULIO SOCIEDAD COOPERATIVA DE TRABAJO DE TRANSPORTES LIMITADA","LINEA 1: TRELEW / PUERTO MADRYN","NO","COLECTIVO","PROVINCIAL","CHUBUT","SN",633,"NO"
2026-03-12,"DAVALO ELIANA ELISABET","LINEA 2 BIS","NO","COLECTIVO","MUNICIPAL","SANTA FE","RECONQUISTA",252,"NO"
2026-03-12,"TRANSPORTE JACOBSEN S.R.L.","LINEA 2 ESQUEL/TREVELIN","NO","COLECTIVO","PROVINCIAL","CHUBUT","SN",1173,"NO"
2026-03-12,"TRANSPORTE JACOBSEN S.R.L.","LINEA 2","NO","COLECTIVO","MUNICIPAL","CHUBUT","ESQUEL",939,"NO"
2026-03-12,"COOPERATIVA DE TRABAJO ""12 DE OCTUBRE"" LTADA","LINEA 2","NO","COLECTIVO","MUNICIPAL","ENTRE RÍOS","CONCORDIA",5365,"NO"
2026-03-12,"ENTE MUNICIPAL DE SERVICIOS URBANOS","LINEA 2","NO","COLECTIVO","MUNICIPAL","LA PAMPA","SANTA ROSA",1430,"NO"
2026-03-12,"PEHUENCHE S A","LINEA 2","NO","COLECTIVO","MUNICIPAL","RÍO NEGRO","CIPOLLETTI",501,"NO"
2026-03-12,"MUNICIPALIDAD DE RAFAELA","LINEA 2","NO","COLECTIVO","MUNICIPAL","SANTA FE","RAFAELA",242,"NO"
2026-03-12,"ESPONDA OSVALDO RAMON Y CAMPIÑO CARLOS ANTONIO S.H.","LINEA 2","NO","COLECTIVO","PROVINCIAL","ENTRE RÍOS","SN",2162,"NO"
2026-03-12,"TRANS BUS SRL","LINEA 20","NO","COLECTIVO","MUNICIPAL","CORDOBA","VILLA MARIA",35,"NO"
2026-03-12,"ERSA URBANO SA","LINEA 20","NO","COLECTIVO","PROVINCIAL","ENTRE RÍOS","SN",2499,"NO"
2026-03-12,"EMPRESA MAIPU S.R.L.","LINEA 200","NO","COLECTIVO","PROVINCIAL","MENDOZA","SN",11379,"NO"
2026-03-12,"EMPRESA MAIPU S.R.L.","LINEA 201","NO","COLECTIVO","PROVINCIAL","MENDOZA","SN",13079,"NO"
2026-03-12,"EMPRESA MAIPU S.R.L.","LINEA 202","NO","COLECTIVO","PROVINCIAL","MENDOZA","SN",1260,"NO"
2026-03-12,"EMPRESA MAIPU S.R.L.","LINEA 203","NO","COLECTIVO","PROVINCIAL","MENDOZA","SN",3272,"NO"
2026-03-12,"EMPRESA MAIPU S.R.L.","LINEA 204","NO","COLECTIVO","PROVINCIAL","MENDOZA","SN",4285,"NO"
2026-03-12,"NUEVO IDEAL S.A.","LINEA 205","SI","COLECTIVO","PROVINCIAL","BUENOS AIRES","SN",10344,"NO"
2026-03-12,"EMPRESA MAIPU S.R.L.","LINEA 205","NO","COLECTIVO","PROVINCIAL","MENDOZA","SN",94,"NO"
2026-03-12,"EMPRESA MAIPU S.R.L.","LINEA 206","NO","COLECTIVO","PROVINCIAL","MENDOZA","SN",342,"NO"
2026-03-12,"EMPRESA MAIPU S.R.L.","LINEA 207","NO","COLECTIVO","PROVINCIAL","MENDOZA","SN",980,"NO"
2026-03-12,"EMPRESA MAIPU S.R.L.","LINEA 208","NO","COLECTIVO","PROVINCIAL","MENDOZA","SN",815,"NO"
2026-03-12,"ERSA URBANO SA","LINEA 22","NO","COLECTIVO","PROVINCIAL","ENTRE RÍOS","SN",6762,"NO"
2026-03-12,"EMPRESA MAIPU S.R.L.","LINEA 221","NO","COLECTIVO","PROVINCIAL","MENDOZA","SN",1509,"NO"
2026-03-12,"EMPRESA MAIPU S.R.L.","LINEA 230","NO","COLECTIVO","PROVINCIAL","MENDOZA","SN",2678,"NO"
2026-03-12,"EMPRESA MAIPU S.R.L.","LINEA 232","NO","COLECTIVO","PROVINCIAL","MENDOZA","SN",1631,"NO"
2026-03-12,"EMPRESA MAIPU S.R.L.","LINEA 233","NO","COLECTIVO","PROVINCIAL","MENDOZA","SN",4357,"NO"
2026-03-12,"EMPRESA MAIPU S.R.L.","LINEA 234","NO","COLECTIVO","PROVINCIAL","MENDOZA","SN",5134,"NO"
2026-03-12,"EMPRESA MAIPU S.R.L.","LINEA 235","NO","COLECTIVO","PROVINCIAL","MENDOZA","SN",1310,"NO"
2026-03-12,"EMPRESA MAIPU S.R.L.","LINEA 236","NO","COLECTIVO","PROVINCIAL","MENDOZA","SN",466,"NO"
2026-03-12,"ERSA URBANO SA","LINEA 24","NO","COLECTIVO","PROVINCIAL","ENTRE RÍOS","SN",333,"NO"
2026-03-12,"EMPRESA MAIPU S.R.L.","LINEA 240","NO","COLECTIVO","PROVINCIAL","MENDOZA","SN",1695,"NO"
2026-03-12,"EMPRESA MAIPU S.R.L.","LINEA 241","NO","COLECTIVO","PROVINCIAL","MENDOZA","SN",1485,"NO"
2026-03-12,"EMPRESA MAIPU S.R.L.","LINEA 242","NO","COLECTIVO","PROVINCIAL","MENDOZA","SN",846,"NO"
2026-03-12,"20 DE JULIO S.R.L.","LINEA 25","NO","COLECTIVO","PROVINCIAL","CATAMARCA","SN",637,"NO"
2026-03-12,"EMPRESA MAIPU S.R.L.","LINEA 250","NO","COLECTIVO","PROVINCIAL","MENDOZA","SN",972,"NO"
2026-03-12,"EMPRESA MAIPU S.R.L.","LINEA 251","NO","COLECTIVO","PROVINCIAL","MENDOZA","SN",1184,"NO"
2026-03-12,"EMPRESA MAIPU S.R.L.","LINEA 252","NO","COLECTIVO","PROVINCIAL","MENDOZA","SN",1768,"NO"
2026-03-12,"EMPRESA MAIPU S.R.L.","LINEA 260","NO","COLECTIVO","PROVINCIAL","MENDOZA","SN",2869,"NO"
2026-03-12,"EMPRESA MAIPU S.R.L.","LINEA 261","NO","COLECTIVO","PROVINCIAL","MENDOZA","SN",1487,"NO"
2026-03-12,"EMPRESA MAIPU S.R.L.","LINEA 270","NO","COLECTIVO","PROVINCIAL","MENDOZA","SN",782,"NO"
2026-03-12,"EMPRESA MAIPU S.R.L.","LINEA 271","NO","COLECTIVO","PROVINCIAL","MENDOZA","SN",877,"NO"
2026-03-12,"EMPRESA MAIPU S.R.L.","LINEA 272","NO","COLECTIVO","PROVINCIAL","MENDOZA","SN",25,"NO"
2026-03-12,"EMPRESA MAIPU S.R.L.","LINEA 273","NO","COLECTIVO","PROVINCIAL","MENDOZA","SN",48,"NO"
2026-03-12,"EMPRESA MAIPU S.R.L.","LINEA 274","NO","COLECTIVO","PROVINCIAL","MENDOZA","SN",54,"NO"
2026-03-12,"EMPRESA MAIPU S.R.L.","LINEA 275","NO","COLECTIVO","PROVINCIAL","MENDOZA","SN",10,"NO"
2026-03-12,"EMPRESA MAIPU S.R.L.","LINEA 276","NO","COLECTIVO","PROVINCIAL","MENDOZA","SN",9,"NO"
2026-03-12,"EMPRESA MAIPU S.R.L.","LINEA 277","NO","COLECTIVO","PROVINCIAL","MENDOZA","SN",22,"NO"
2026-03-12,"EMPRESA MAIPU S.R.L.","LINEA 278","NO","COLECTIVO","PROVINCIAL","MENDOZA","SN",15,"NO"
2026-03-12,"EMPRESA MAIPU S.R.L.","LINEA 279","NO","COLECTIVO","PROVINCIAL","MENDOZA","SN",8,"NO"
2026-03-12,"D.O.T.A. S.A. DE TRANSPORTE AUTOMOTOR","LINEA 28","SI","COLECTIVO","NACIONAL","JN","SD",81779,"NO"
2026-03-12,"TEJADA, MARCOS GUSTAVO","LINEA 28","NO","COLECTIVO","PROVINCIAL","CATAMARCA","SN",204,"NO"
2026-03-12,"EMPRESA MAIPU S.R.L.","LINEA 280","NO","COLECTIVO","PROVINCIAL","MENDOZA","SN",1,"NO"
2026-03-12,"EMPRESA MAIPU S.R.L.","LINEA 281","NO","COLECTIVO","PROVINCIAL","MENDOZA","SN",32,"NO"
2026-03-12,"EMPRESA MAIPU S.R.L.","LINEA 282","NO","COLECTIVO","PROVINCIAL","MENDOZA","SN",81,"NO"
2026-03-12,"EMPRESA MAIPU S.R.L.","LINEA 283","NO","COLECTIVO","PROVINCIAL","MENDOZA","SN",26,"NO"
2026-03-12,"EMPRESA MAIPU S.R.L.","LINEA 284","NO","COLECTIVO","PROVINCIAL","MENDOZA","SN",131,"NO"
2026-03-12,"EMPRESA MAIPU S.R.L.","LINEA 285","NO","COLECTIVO","PROVINCIAL","MENDOZA","SN",27,"NO"
2026-03-12,"EMPRESA MAIPU S.R.L.","LINEA 286","NO","COLECTIVO","PROVINCIAL","MENDOZA","SN",19,"NO"
2026-03-12,"EMPRESA MAIPU S.R.L.","LINEA 287","NO","COLECTIVO","PROVINCIAL","MENDOZA","SN",14,"NO"
2026-03-12,"EMPRESA MAIPU S.R.L.","LINEA 288","NO","COLECTIVO","PROVINCIAL","MENDOZA","SN",15,"NO"
2026-03-12,"EMPRESA MAIPU S.R.L.","LINEA 289","NO","COLECTIVO","PROVINCIAL","MENDOZA","SN",52,"NO"
2026-03-12,"EMPRESA MAIPU S.R.L.","LINEA 290","NO","COLECTIVO","PROVINCIAL","MENDOZA","SN",85,"NO"
2026-03-12,"EMPRESA MAIPU S.R.L.","LINEA 291","NO","COLECTIVO","PROVINCIAL","MENDOZA","SN",48,"NO"
2026-03-12,"EMPRESA MAIPU S.R.L.","LINEA 292","NO","COLECTIVO","PROVINCIAL","MENDOZA","SN",7,"NO"
2026-03-12,"EMPRESA MAIPU S.R.L.","LINEA 294","NO","COLECTIVO","PROVINCIAL","MENDOZA","SN",34,"NO"
2026-03-12,"EMPRESA MAIPU S.R.L.","LINEA 295","NO","COLECTIVO","PROVINCIAL","MENDOZA","SN",82,"NO"
2026-03-12,"EMPRESA MAIPU S.R.L.","LINEA 297","NO","COLECTIVO","PROVINCIAL","MENDOZA","SN",25,"NO"
2026-03-12,"EMPRESA MAIPU S.R.L.","LINEA 298","NO","COLECTIVO","PROVINCIAL","MENDOZA","SN",19,"NO"
2026-03-12,"LINEA 28 DE JULIO SOCIEDAD COOPERATIVA DE TRABAJO DE TRANSPORTES LIMITADA","LINEA 2: TRELEW / DOLAVON","NO","COLECTIVO","PROVINCIAL","CHUBUT","SN",1080,"NO"
2026-03-12,"TRANSPORTE JACOBSEN S.R.L.","LINEA 3","NO","COLECTIVO","MUNICIPAL","CHUBUT","ESQUEL",944,"NO"
2026-03-12,"TURISMO PALMARES S.R.L.","LINEA 3","NO","COLECTIVO","MUNICIPAL","ENTRE RÍOS","CONCORDIA",5693,"NO"
2026-03-12,"ENTE MUNICIPAL DE SERVICIOS URBANOS","LINEA 3","NO","COLECTIVO","MUNICIPAL","LA PAMPA","SANTA ROSA",1455,"NO"
2026-03-12,"MUNICIPALIDAD DE RAFAELA","LINEA 3","NO","COLECTIVO","MUNICIPAL","SANTA FE","RAFAELA",606,"NO"
2026-03-12,"TRANSPORTE YERBA BUENA SRL","LINEA 3","NO","COLECTIVO","MUNICIPAL","TUCUMAN","SAN MIGUEL DE TUCUMAN",2658,"NO"
2026-03-12,"RISSMA S.R.L","LINEA 30","NO","COLECTIVO","MUNICIPAL","CORDOBA","CORDOBA",7173,"NO"
2026-03-12,"AUTOTRANSPORTES LOS ANDES S.A. EL CACIQUE S.A. U.T.","LINEA 300","NO","COLECTIVO","PROVINCIAL","MENDOZA","SN",3574,"NO"
2026-03-12,"PRESTACIONES S.A.","LINEA 301A","NO","COLECTIVO","PROVINCIAL","MENDOZA","SN",153,"NO"
2026-03-12,"PRESTACIONES S.A.","LINEA 301B","NO","COLECTIVO","PROVINCIAL","MENDOZA","SN",163,"NO"
2026-03-12,"PRESTACIONES S.A.","LINEA 301C","NO","COLECTIVO","PROVINCIAL","MENDOZA","SN",28,"NO"
2026-03-12,"PRESTACIONES S.A.","LINEA 301D","NO","COLECTIVO","PROVINCIAL","MENDOZA","SN",40,"NO"
2026-03-12,"PRESTACIONES S.A.","LINEA 301G","NO","COLECTIVO","PROVINCIAL","MENDOZA","SN",65,"NO"
2026-03-12,"PRESTACIONES S.A.","LINEA 301H","NO","COLECTIVO","PROVINCIAL","MENDOZA","SN",150,"NO"
2026-03-12,"PRESTACIONES S.A.","LINEA 301L","NO","COLECTIVO","PROVINCIAL","MENDOZA","SN",9,"NO"
2026-03-12,"PRESTACIONES S.A.","LINEA 301M","NO","COLECTIVO","PROVINCIAL","MENDOZA","SN",1821,"NO"
2026-03-12,"PRESTACIONES S.A.","LINEA 301N","NO","COLECTIVO","PROVINCIAL","MENDOZA","SN",2047,"NO"
2026-03-12,"PRESTACIONES S.A.","LINEA 301O","NO","COLECTIVO","PROVINCIAL","MENDOZA","SN",556,"NO"
2026-03-12,"PRESTACIONES S.A.","LINEA 301P","NO","COLECTIVO","PROVINCIAL","MENDOZA","SN",1079,"NO"
2026-03-12,"PRESTACIONES S.A.","LINEA 301Q","NO","COLECTIVO","PROVINCIAL","MENDOZA","SN",249,"NO"
2026-03-12,"PRESTACIONES S.A.","LINEA 301R","NO","COLECTIVO","PROVINCIAL","MENDOZA","SN",97,"NO"
2026-03-12,"AUTOTRANSPORTES LOS ANDES S.A. EL CACIQUE S.A. U.T.","LINEA 302","NO","COLECTIVO","PROVINCIAL","MENDOZA","SN",3058,"NO"
2026-03-12,"PRESTACIONES S.A.","LINEA 302A","NO","COLECTIVO","PROVINCIAL","MENDOZA","SN",52,"NO"
2026-03-12,"PRESTACIONES S.A.","LINEA 303Y","NO","COLECTIVO","PROVINCIAL","MENDOZA","SN",40,"NO"
2026-03-12,"PRESTACIONES S.A.","LINEA 303Z","NO","COLECTIVO","PROVINCIAL","MENDOZA","SN",70,"NO"
2026-03-12,"AUTOTRANSPORTES LOS ANDES S.A. EL CACIQUE S.A. U.T.","LINEA 304","NO","COLECTIVO","PROVINCIAL","MENDOZA","SN",371,"NO"
2026-03-12,"PRESTACIONES S.A.","LINEA 304E","NO","COLECTIVO","PROVINCIAL","MENDOZA","SN",566,"NO"
2026-03-12,"AUTOTRANSPORTES LOS ANDES S.A. EL CACIQUE S.A. U.T.","LINEA 305","NO","COLECTIVO","PROVINCIAL","MENDOZA","SN",5227,"NO"
2026-03-12,"PRESTACIONES S.A.","LINEA 306J","NO","COLECTIVO","PROVINCIAL","MENDOZA","SN",15,"NO"
2026-03-12,"PRESTACIONES S.A.","LINEA 308A","NO","COLECTIVO","PROVINCIAL","MENDOZA","SN",39,"NO"
2026-03-12,"AUTOTRANSPORTES LOS ANDES S.A. EL CACIQUE S.A. U.T.","LINEA 309","NO","COLECTIVO","PROVINCIAL","MENDOZA","SN",1333,"NO"
2026-03-12,"PRESTACIONES S.A.","LINEA 309A","NO","COLECTIVO","PROVINCIAL","MENDOZA","SN",37,"NO"
2026-03-12,"RISSMA S.R.L","LINEA 31","NO","COLECTIVO","MUNICIPAL","CORDOBA","CORDOBA",3779,"NO"
2026-03-12,"AUTOTRANSPORTES LOS ANDES S.A. EL CACIQUE S.A. U.T.","LINEA 310","NO","COLECTIVO","PROVINCIAL","MENDOZA","SN",9250,"NO"
2026-03-12,"AUTOTRANSPORTES LOS ANDES S.A. EL CACIQUE S.A. U.T.","LINEA 311","NO","COLECTIVO","PROVINCIAL","MENDOZA","SN",3543,"NO"
2026-03-12,"PRESTACIONES S.A.","LINEA 311B","NO","COLECTIVO","PROVINCIAL","MENDOZA","SN",326,"NO"
2026-03-12,"PRESTACIONES S.A.","LINEA 311F","NO","COLECTIVO","PROVINCIAL","MENDOZA","SN",157,"NO"
2026-03-12,"AUTOTRANSPORTES LOS ANDES S.A. EL CACIQUE S.A. U.T.","LINEA 313","NO","COLECTIVO","PROVINCIAL","MENDOZA","SN",2842,"NO"
2026-03-12,"AUTOTRANSPORTES LOS ANDES S.A. EL CACIQUE S.A. U.T.","LINEA 314","NO","COLECTIVO","PROVINCIAL","MENDOZA","SN",66,"NO"
2026-03-12,"AUTOTRANSPORTES LOS ANDES S.A. EL CACIQUE S.A. U.T.","LINEA 315","NO","COLECTIVO","PROVINCIAL","MENDOZA","SN",4837,"NO"
2026-03-12,"PRESTACIONES S.A.","LINEA 315A","NO","COLECTIVO","PROVINCIAL","MENDOZA","SN",1359,"NO"
2026-03-12,"PRESTACIONES S.A.","LINEA 315B","NO","COLECTIVO","PROVINCIAL","MENDOZA","SN",1152,"NO"
2026-03-12,"PRESTACIONES S.A.","LINEA 315C","NO","COLECTIVO","PROVINCIAL","MENDOZA","SN",150,"NO"
2026-03-12,"PRESTACIONES S.A.","LINEA 315D","NO","COLECTIVO","PROVINCIAL","MENDOZA","SN",245,"NO"
2026-03-12,"PRESTACIONES S.A.","LINEA 315I","NO","COLECTIVO","PROVINCIAL","MENDOZA","SN",33,"NO"
2026-03-12,"PRESTACIONES S.A.","LINEA 315J","NO","COLECTIVO","PROVINCIAL","MENDOZA","SN",91,"NO"
2026-03-12,"AUTOTRANSPORTES LOS ANDES S.A. EL CACIQUE S.A. U.T.","LINEA 316","NO","COLECTIVO","PROVINCIAL","MENDOZA","SN",3775,"NO"
2026-03-12,"AUTOTRANSPORTES LOS ANDES S.A. EL CACIQUE S.A. U.T.","LINEA 317","NO","COLECTIVO","PROVINCIAL","MENDOZA","SN",402,"NO"
2026-03-12,"PRESTACIONES S.A.","LINEA 318A","NO","COLECTIVO","PROVINCIAL","MENDOZA","SN",410,"NO"
2026-03-12,"PRESTACIONES S.A.","LINEA 318B","NO","COLECTIVO","PROVINCIAL","MENDOZA","SN",284,"NO"
2026-03-12,"PRESTACIONES S.A.","LINEA 318C","NO","COLECTIVO","PROVINCIAL","MENDOZA","SN",83,"NO"
2026-03-12,"PRESTACIONES S.A.","LINEA 318D","NO","COLECTIVO","PROVINCIAL","MENDOZA","SN",105,"NO"
2026-03-12,"PRESTACIONES S.A.","LINEA 318G","NO","COLECTIVO","PROVINCIAL","MENDOZA","SN",55,"NO"
2026-03-12,"PRESTACIONES S.A.","LINEA 318H","NO","COLECTIVO","PROVINCIAL","MENDOZA","SN",4,"NO"
2026-03-12,"PRESTACIONES S.A.","LINEA 318M","NO","COLECTIVO","PROVINCIAL","MENDOZA","SN",51,"NO"
2026-03-12,"PRESTACIONES S.A.","LINEA 318N","NO","COLECTIVO","PROVINCIAL","MENDOZA","SN",75,"NO"
2026-03-12,"PRESTACIONES S.A.","LINEA 318O","NO","COLECTIVO","PROVINCIAL","MENDOZA","SN",19,"NO"
2026-03-12,"PRESTACIONES S.A.","LINEA 319A","NO","COLECTIVO","PROVINCIAL","MENDOZA","SN",40,"NO"
2026-03-12,"PRESTACIONES S.A.","LINEA 319B","NO","COLECTIVO","PROVINCIAL","MENDOZA","SN",436,"NO"
2026-03-12,"PRESTACIONES S.A.","LINEA 319D","NO","COLECTIVO","PROVINCIAL","MENDOZA","SN",54,"NO"
2026-03-12,"RISSMA S.R.L","LINEA 32","NO","COLECTIVO","MUNICIPAL","CORDOBA","CORDOBA",8190,"NO"
2026-03-12,"AUTOTRANSPORTES LOS ANDES S.A. EL CACIQUE S.A. U.T.","LINEA 320","NO","COLECTIVO","PROVINCIAL","MENDOZA","SN",381,"NO"
2026-03-12,"PRESTACIONES S.A.","LINEA 321A","NO","COLECTIVO","PROVINCIAL","MENDOZA","SN",1,"NO"
2026-03-12,"PRESTACIONES S.A.","LINEA 322C","NO","COLECTIVO","PROVINCIAL","MENDOZA","SN",144,"NO"
2026-03-12,"PRESTACIONES S.A.","LINEA 322H","NO","COLECTIVO","PROVINCIAL","MENDOZA","SN",59,"NO"
2026-03-12,"RISSMA S.R.L","LINEA 33","NO","COLECTIVO","MUNICIPAL","CORDOBA","CORDOBA",4251,"NO"
2026-03-12,"TRANSPORTES ALMIRANTE BROWN S.A.","LINEA 33","SI","COLECTIVO","NACIONAL","JN","SD",41857,"NO"
2026-03-12,"AUTOTRANSPORTES LOS ANDES S.A. EL CACIQUE S.A. U.T.","LINEA 330","NO","COLECTIVO","PROVINCIAL","MENDOZA","SN",7539,"NO"
2026-03-12,"AUTOTRANSPORTES LOS ANDES S.A. EL CACIQUE S.A. U.T.","LINEA 331","NO","COLECTIVO","PROVINCIAL","MENDOZA","SN",7782,"NO"
2026-03-12,"RISSMA S.R.L","LINEA 34","NO","COLECTIVO","MUNICIPAL","CORDOBA","CORDOBA",2581,"NO"
2026-03-12,"RISSMA S.R.L","LINEA 35","NO","COLECTIVO","MUNICIPAL","CORDOBA","CORDOBA",5776,"NO"
2026-03-12,"AUTOTRANSPORTES LOS ANDES S.A. EL CACIQUE S.A. U.T.","LINEA 350","NO","COLECTIVO","PROVINCIAL","MENDOZA","SN",4492,"NO"
2026-03-12,"AUTOTRANSPORTES LOS ANDES S.A. EL CACIQUE S.A. U.T.","LINEA 352","NO","COLECTIVO","PROVINCIAL","MENDOZA","SN",7397,"NO"
2026-03-12,"AUTOTRANSPORTES LOS ANDES S.A. EL CACIQUE S.A. U.T.","LINEA 353","NO","COLECTIVO","PROVINCIAL","MENDOZA","SN",4866,"NO"
2026-03-12,"AUTOTRANSPORTES LOS ANDES S.A. EL CACIQUE S.A. U.T.","LINEA 354","NO","COLECTIVO","PROVINCIAL","MENDOZA","SN",1586,"NO"
2026-03-12,"RISSMA S.R.L","LINEA 36","NO","COLECTIVO","MUNICIPAL","CORDOBA","CORDOBA",8331,"NO"
2026-03-12,"AUTOTRANSPORTES LOS ANDES S.A. EL CACIQUE S.A. U.T.","LINEA 370","NO","COLECTIVO","PROVINCIAL","MENDOZA","SN",640,"NO"
2026-03-12,"AUTOTRANSPORTES LOS ANDES S.A. EL CACIQUE S.A. U.T.","LINEA 371","NO","COLECTIVO","PROVINCIAL","MENDOZA","SN",2905,"NO"
2026-03-12,"AUTOTRANSPORTES LOS ANDES S.A. EL CACIQUE S.A. U.T.","LINEA 372","NO","COLECTIVO","PROVINCIAL","MENDOZA","SN",1053,"NO"
2026-03-12,"AUTOTRANSPORTES LOS ANDES S.A. EL CACIQUE S.A. U.T.","LINEA 373","NO","COLECTIVO","PROVINCIAL","MENDOZA","SN",969,"NO"
2026-03-12,"AUTOTRANSPORTES LOS ANDES S.A. EL CACIQUE S.A. U.T.","LINEA 389-390-391","NO","COLECTIVO","PROVINCIAL","MENDOZA","SN",171,"NO"
2026-03-12,"AUTOTRANSPORTE CEFERINO S.R.L.","LINEA 3: TRELEW / 28 DE JULIO","NO","COLECTIVO","PROVINCIAL","CHUBUT","SN",965,"NO"
2026-03-12,"LINEA 28 DE JULIO SOCIEDAD COOPERATIVA DE TRABAJO DE TRANSPORTES LIMITADA","LINEA 3: TRELEW / GAIMAN","NO","COLECTIVO","PROVINCIAL","CHUBUT","SN",1028,"NO"
2026-03-12,"URUGUAY BUS S.R.L","LINEA 4 BIS","NO","COLECTIVO","MUNICIPAL","ENTRE RÍOS","CONCEPCION DEL URUGUAY",449,"NO"
2026-03-12,"BAJOURUGUAY S.R.L","LINEA 4","NO","COLECTIVO","MUNICIPAL","ENTRE RÍOS","CONCEPCION DEL URUGUAY",661,"NO"
2026-03-12,"TURISMO PALMARES S.R.L.","LINEA 4","NO","COLECTIVO","MUNICIPAL","ENTRE RÍOS","CONCORDIA",6318,"NO"
2026-03-12,"DELCAUSSE HERMANOS SOCIEDAD DE RESPONSABILIDAD LIMITADA","LINEA 4","NO","COLECTIVO","MUNICIPAL","ENTRE RÍOS","GUALEGUAYCHU",2139,"NO"
2026-03-12,"ENTE MUNICIPAL DE SERVICIOS URBANOS","LINEA 4","NO","COLECTIVO","MUNICIPAL","LA PAMPA","SANTA ROSA",1298,"NO"
2026-03-12,"MUNICIPALIDAD DE RAFAELA","LINEA 4","NO","COLECTIVO","MUNICIPAL","SANTA FE","RAFAELA",337,"NO"
2026-03-12,"EL CORCEL S.A UTE","LINEA 4","NO","COLECTIVO","MUNICIPAL","TUCUMAN","SAN MIGUEL DE TUCUMAN",5455,"NO"
2026-03-12,"ERSA URBANO SA","LINEA 4","NO","COLECTIVO","PROVINCIAL","ENTRE RÍOS","SN",5190,"NO"
2026-03-12,"CONIFERAL S.A.","LINEA 40","NO","COLECTIVO","MUNICIPAL","CORDOBA","CORDOBA",9408,"NO"
2026-03-12,"AUTOTRANSPORTE PRESIDENTE ALVEAR S.A. Y AUTOTRANSPORTE EL TRAPICHE S.R.L. U.T.","LINEA 400","NO","COLECTIVO","PROVINCIAL","MENDOZA","SN",6574,"NO"
2026-03-12,"AUTOTRANSPORTE PRESIDENTE ALVEAR S.A. Y AUTOTRANSPORTE EL TRAPICHE S.R.L. U.T.","LINEA 401","NO","COLECTIVO","PROVINCIAL","MENDOZA","SN",12180,"NO"
2026-03-12,"AUTOTRANSPORTE PRESIDENTE ALVEAR S.A. Y AUTOTRANSPORTE EL TRAPICHE S.R.L. U.T.","LINEA 402","NO","COLECTIVO","PROVINCIAL","MENDOZA","SN",5092,"NO"
2026-03-12,"AGUERO RICARDO DANTE","LINEA 40A","NO","COLECTIVO","PROVINCIAL","CATAMARCA","SN",102,"NO"
2026-03-12,"AGUERO RICARDO DANTE","LINEA 40B","NO","COLECTIVO","PROVINCIAL","CATAMARCA","SN",48,"NO"
2026-03-12,"CONIFERAL S.A.","LINEA 41","NO","COLECTIVO","MUNICIPAL","CORDOBA","CORDOBA",5390,"NO"
2026-03-12,"TRANSPORTES ATLANTIDA S.A.C.","LINEA 410","SI","COLECTIVO","PROVINCIAL","BUENOS AIRES","SN",15927,"NO"
2026-03-12,"CONIFERAL S.A.","LINEA 42","NO","COLECTIVO","MUNICIPAL","CORDOBA","CORDOBA",7077,"NO"
2026-03-12,"AGUERO RICARDO DANTE","LINEA 42","NO","COLECTIVO","PROVINCIAL","CATAMARCA","SN",708,"NO"
2026-03-12,"AUTOTRANSPORTE PRESIDENTE ALVEAR S.A. Y AUTOTRANSPORTE EL TRAPICHE S.R.L. U.T.","LINEA 420","NO","COLECTIVO","PROVINCIAL","MENDOZA","SN",11484,"NO"
2026-03-12,"AUTOTRANSPORTE PRESIDENTE ALVEAR S.A. Y AUTOTRANSPORTE EL TRAPICHE S.R.L. U.T.","LINEA 421","NO","COLECTIVO","PROVINCIAL","MENDOZA","SN",1684,"NO"
2026-03-12,"AUTOTRANSPORTE PRESIDENTE ALVEAR S.A. Y AUTOTRANSPORTE EL TRAPICHE S.R.L. U.T.","LINEA 422","NO","COLECTIVO","PROVINCIAL","MENDOZA","SN",91,"NO"
2026-03-12,"TRANSPORTES ATLANTIDA S.A.C.","LINEA 429","SI","COLECTIVO","PROVINCIAL","BUENOS AIRES","SN",4644,"NO"
2026-03-12,"CONIFERAL S.A.","LINEA 43","NO","COLECTIVO","MUNICIPAL","CORDOBA","CORDOBA",3622,"NO"
2026-03-12,"AGUERO RICARDO DANTE","LINEA 43","NO","COLECTIVO","PROVINCIAL","CATAMARCA","SN",117,"NO"
2026-03-12,"CONIFERAL S.A.","LINEA 44","NO","COLECTIVO","MUNICIPAL","CORDOBA","CORDOBA",3994,"NO"
2026-03-12,"AUTOTRANSPORTE PRESIDENTE ALVEAR S.A. Y AUTOTRANSPORTE EL TRAPICHE S.R.L. U.T.","LINEA 440","NO","COLECTIVO","PROVINCIAL","MENDOZA","SN",4417,"NO"
2026-03-12,"AUTOTRANSPORTE PRESIDENTE ALVEAR S.A. Y AUTOTRANSPORTE EL TRAPICHE S.R.L. U.T.","LINEA 441","NO","COLECTIVO","PROVINCIAL","MENDOZA","SN",5899,"NO"
2026-03-12,"AUTOTRANSPORTE PRESIDENTE ALVEAR S.A. Y AUTOTRANSPORTE EL TRAPICHE S.R.L. U.T.","LINEA 442","NO","COLECTIVO","PROVINCIAL","MENDOZA","SN",1507,"NO"
2026-03-12,"AUTOTRANSPORTE PRESIDENTE ALVEAR S.A. Y AUTOTRANSPORTE EL TRAPICHE S.R.L. U.T.","LINEA 443","NO","COLECTIVO","PROVINCIAL","MENDOZA","SN",1874,"NO"
2026-03-12,"CONIFERAL S.A.","LINEA 45","NO","COLECTIVO","MUNICIPAL","CORDOBA","CORDOBA",3561,"NO"
2026-03-12,"AUTOTRANSPORTE PRESIDENTE ALVEAR S.A. Y AUTOTRANSPORTE EL TRAPICHE S.R.L. U.T.","LINEA 461","NO","COLECTIVO","PROVINCIAL","MENDOZA","SN",13162,"NO"
2026-03-12,"AUTOTRANSPORTE PRESIDENTE ALVEAR S.A. Y AUTOTRANSPORTE EL TRAPICHE S.R.L. U.T.","LINEA 462","NO","COLECTIVO","PROVINCIAL","MENDOZA","SN",1216,"NO"
2026-03-12,"AUTOTRANSPORTE PRESIDENTE ALVEAR S.A. Y AUTOTRANSPORTE EL TRAPICHE S.R.L. U.T.","LINEA 463","NO","COLECTIVO","PROVINCIAL","MENDOZA","SN",1231,"NO"
2026-03-12,"AUTOTRANSPORTE PRESIDENTE ALVEAR S.A. Y AUTOTRANSPORTE EL TRAPICHE S.R.L. U.T.","LINEA 464","NO","COLECTIVO","PROVINCIAL","MENDOZA","SN",7227,"NO"
2026-03-12,"AUTOTRANSPORTE PRESIDENTE ALVEAR S.A. Y AUTOTRANSPORTE EL TRAPICHE S.R.L. U.T.","LINEA 465","NO","COLECTIVO","PROVINCIAL","MENDOZA","SN",299,"NO"
2026-03-12,"AUTOTRANSPORTE PRESIDENTE ALVEAR S.A. Y AUTOTRANSPORTE EL TRAPICHE S.R.L. U.T.","LINEA 466","NO","COLECTIVO","PROVINCIAL","MENDOZA","SN",1070,"NO"
2026-03-12,"AUTOTRANSPORTE PRESIDENTE ALVEAR S.A. Y AUTOTRANSPORTE EL TRAPICHE S.R.L. U.T.","LINEA 467","NO","COLECTIVO","PROVINCIAL","MENDOZA","SN",700,"NO"
2026-03-12,"AUTOTRANSPORTE PRESIDENTE ALVEAR S.A. Y AUTOTRANSPORTE EL TRAPICHE S.R.L. U.T.","LINEA 481","NO","COLECTIVO","PROVINCIAL","MENDOZA","SN",244,"NO"
2026-03-12,"AUTOTRANSPORTE PRESIDENTE ALVEAR S.A. Y AUTOTRANSPORTE EL TRAPICHE S.R.L. U.T.","LINEA 482","NO","COLECTIVO","PROVINCIAL","MENDOZA","SN",240,"NO"
2026-03-12,"AUTOTRANSPORTE PRESIDENTE ALVEAR S.A. Y AUTOTRANSPORTE EL TRAPICHE S.R.L. U.T.","LINEA 483","NO","COLECTIVO","PROVINCIAL","MENDOZA","SN",99,"NO"
2026-03-12,"AUTOTRANSPORTE PRESIDENTE ALVEAR S.A. Y AUTOTRANSPORTE EL TRAPICHE S.R.L. U.T.","LINEA 484","NO","COLECTIVO","PROVINCIAL","MENDOZA","SN",15,"NO"
2026-03-12,"AUTOTRANSPORTE PRESIDENTE ALVEAR S.A. Y AUTOTRANSPORTE EL TRAPICHE S.R.L. U.T.","LINEA 485","NO","COLECTIVO","PROVINCIAL","MENDOZA","SN",30,"NO"
2026-03-12,"AUTOTRANSPORTE PRESIDENTE ALVEAR S.A. Y AUTOTRANSPORTE EL TRAPICHE S.R.L. U.T.","LINEA 486","NO","COLECTIVO","PROVINCIAL","MENDOZA","SN",43,"NO"
2026-03-12,"AUTOTRANSPORTE PRESIDENTE ALVEAR S.A. Y AUTOTRANSPORTE EL TRAPICHE S.R.L. U.T.","LINEA 487","NO","COLECTIVO","PROVINCIAL","MENDOZA","SN",51,"NO"
2026-03-12,"AUTOTRANSPORTE PRESIDENTE ALVEAR S.A. Y AUTOTRANSPORTE EL TRAPICHE S.R.L. U.T.","LINEA 488","NO","COLECTIVO","PROVINCIAL","MENDOZA","SN",26,"NO"
2026-03-12,"LINEA 28 DE JULIO SOCIEDAD COOPERATIVA DE TRABAJO DE TRANSPORTES LIMITADA","LINEA 4: TRELEW / RAWSON","NO","COLECTIVO","PROVINCIAL","CHUBUT","SN",919,"NO"
2026-03-12,"COOPERATIVA DE TRABAJO NUEVO EXPRESO LIMITADA","LINEA 5","NO","COLECTIVO","MUNICIPAL","ENTRE RÍOS","CONCORDIA",4872,"NO"
2026-03-12,"EL VERDE SRL","LINEA 5","NO","COLECTIVO","MUNICIPAL","ENTRE RÍOS","GUALEGUAYCHU",898,"NO"
2026-03-12,"ENTE MUNICIPAL DE SERVICIOS URBANOS","LINEA 5","NO","COLECTIVO","MUNICIPAL","LA PAMPA","SANTA ROSA",214,"NO"
2026-03-12,"MUNICIPALIDAD DE RAFAELA","LINEA 5","NO","COLECTIVO","MUNICIPAL","SANTA FE","RAFAELA",324,"NO"
2026-03-12,"TRANSPORTE J.M.F S.R.L.","LINEA 5","NO","COLECTIVO","MUNICIPAL","SANTIAGO DEL ESTERO","LA BANDA",239,"NO"
2026-03-12,"TRANSPORTE YERBA BUENA SRL","LINEA 5","NO","COLECTIVO","MUNICIPAL","TUCUMAN","SAN MIGUEL DE TUCUMAN",2516,"NO"
2026-03-12,"TRANSPORTES ASOCIADOS S.R.L.","LINEA 5","NO","COLECTIVO","MUNICIPAL","TUCUMAN","SAN MIGUEL DE TUCUMAN",1341,"NO"
2026-03-12,"NUEVA VISION TRANSPORTE Y SERVICIOS SRL","LINEA 50","NO","COLECTIVO","MUNICIPAL","NEUQUÉN","PLOTTIER",6096,"NO"
2026-03-12,"COOPERATIVA DE TRABAJO DE TRANSPORTE SAN FERNANDO LTDA","LINEA 50","NO","COLECTIVO","PROVINCIAL","CATAMARCA","SN",449,"NO"
2026-03-12,"BOTACURA S.R.L","LINEA 500","NO","COLECTIVO","MUNICIPAL","BUENOS AIRES","OLAVARRIA",958,"NO"
2026-03-12,"MAXIMILIANO BERTORELLO S.R.L.","LINEA 500","NO","COLECTIVO","MUNICIPAL","BUENOS AIRES","RAMALLO",1283,"NO"
2026-03-12,"TRANSPORTE 9 DE JULIO S.A","LINEA 500","NO","COLECTIVO","MUNICIPAL","BUENOS AIRES","TANDIL",4861,"NO"
2026-03-12,"EMPRESA 501 SA","LINEA 501 A","SI","COLECTIVO","MUNICIPAL","BUENOS AIRES","ALMIRANTE BROWN",55964,"NO"
2026-03-12,"AUTOBUSES BUENOS AIRES SRL","LINEA 501","NO","COLECTIVO","MUNICIPAL","BUENOS AIRES","AZUL",425,"NO"
2026-03-12,"BOTACURA S.R.L","LINEA 501","NO","COLECTIVO","MUNICIPAL","BUENOS AIRES","OLAVARRIA",777,"NO"
2026-03-12,"TRANSPORTES CIUDAD DE TANDIL S.A.","LINEA 501","NO","COLECTIVO","MUNICIPAL","BUENOS AIRES","TANDIL",5100,"NO"
2026-03-12,"COOP. PROV. OB. Y S.P. SAN CLEMENTE DEL TUYU","LINEA 501","NO","COLECTIVO","MUNICIPAL","BUENOS AIRES","URBANO DE LA COSTA",877,"NO"
2026-03-12,"AUTOBUSES BUENOS AIRES SRL","LINEA 502","NO","COLECTIVO","MUNICIPAL","BUENOS AIRES","AZUL",1070,"NO"
2026-03-12,"COOPERATIVA DE TRABAJO 3 DE JULIO LIMITADA","LINEA 502","SI","COLECTIVO","MUNICIPAL","BUENOS AIRES","CAMPANA",435,"NO"
2026-03-12,"BOTACURA S.R.L","LINEA 502","NO","COLECTIVO","MUNICIPAL","BUENOS AIRES","OLAVARRIA",676,"NO"
2026-03-12,"LA NUEVA MOVEDIZA TRANSPORTE S.A.","LINEA 502","NO","COLECTIVO","MUNICIPAL","BUENOS AIRES","TANDIL",4445,"NO"
2026-03-12,"COOP.DE PROV.DE O.Y S.P.Y C.LAS TONINAS","LINEA 502","NO","COLECTIVO","MUNICIPAL","BUENOS AIRES","URBANO DE LA COSTA",2909,"NO"
2026-03-12,"LINEA SESENTA SA","LINEA 503 B","SI","COLECTIVO","MUNICIPAL","BUENOS AIRES","ESCOBAR",14264,"NO"
2026-03-12,"AUTOBUSES BUENOS AIRES SRL","LINEA 503","NO","COLECTIVO","MUNICIPAL","BUENOS AIRES","AZUL",23,"NO"
2026-03-12,"BOTACURA S.R.L","LINEA 503","NO","COLECTIVO","MUNICIPAL","BUENOS AIRES","OLAVARRIA",988,"NO"
2026-03-12,"TRANSPORTES GENERAL RODRIGUEZ S.A.","LINEA 503","NO","COLECTIVO","MUNICIPAL","BUENOS AIRES","TANDIL",7055,"NO"
2026-03-12,"COOP.DE ELEC.SERV.Y OB.PUB.SAN BERNARDO","LINEA 503","NO","COLECTIVO","MUNICIPAL","BUENOS AIRES","URBANO DE LA COSTA",2297,"NO"
2026-03-12,"BOTACURA S.R.L","LINEA 504","NO","COLECTIVO","MUNICIPAL","BUENOS AIRES","OLAVARRIA",713,"NO"
2026-03-12,"TRANSPORTE VILLA AGUIRRE S.A.","LINEA 504","NO","COLECTIVO","MUNICIPAL","BUENOS AIRES","TANDIL",5607,"NO"
2026-03-12,"EMPRESA MUNICIPAL DE TRANSPORTE URBANO DE PASAJEROS SOCIEDAD DEL ESTADO","LINEA 505","NO","COLECTIVO","MUNICIPAL","BUENOS AIRES","CHIVILCOY",306,"NO"
2026-03-12,"BOTACURA S.R.L","LINEA 505","NO","COLECTIVO","MUNICIPAL","BUENOS AIRES","OLAVARRIA",995,"NO"
2026-03-12,"TRANSPORTES GENERAL BELGRANO S.A","LINEA 505","NO","COLECTIVO","MUNICIPAL","BUENOS AIRES","TANDIL",5216,"NO"
2026-03-12,"EMPRESA MUNICIPAL DE TRANSPORTE URBANO DE PASAJEROS SOCIEDAD DEL ESTADO","LINEA 506","NO","COLECTIVO","MUNICIPAL","BUENOS AIRES","CHIVILCOY",1287,"NO"
2026-03-12,"NUEVO BUS DE OLAVARRIA SRL","LINEA 507 ABC AVENIDA 3 - BOULEVARD","NO","COLECTIVO","MUNICIPAL","BUENOS AIRES","VILLA GESELL",2145,"NO"
2026-03-12,"NUEVO BUS DE OLAVARRIA SRL","LINEA 507 E MAR AZUL","NO","COLECTIVO","MUNICIPAL","BUENOS AIRES","VILLA GESELL",961,"NO"
2026-03-12,"NUEVO BUS DE OLAVARRIA SRL","LINEA 507 F DIRECTO A MAR AZUL","NO","COLECTIVO","MUNICIPAL","BUENOS AIRES","VILLA GESELL",51,"NO"
2026-03-12,"AUTOTRANSPORTES ISELIN S A","LINEA 511","NO","COLECTIVO","PROVINCIAL","MENDOZA","SN",10133,"NO"
2026-03-12,"AUTOTRANSPORTES ISELIN S A","LINEA 512","NO","COLECTIVO","PROVINCIAL","MENDOZA","SN",677,"NO"
2026-03-12,"AUTOTRANSPORTES ISELIN S A","LINEA 513","NO","COLECTIVO","PROVINCIAL","MENDOZA","SN",3416,"NO"
2026-03-12,"AUTOTRANSPORTES ISELIN S A","LINEA 514","NO","COLECTIVO","PROVINCIAL","MENDOZA","SN",2197,"NO"
2026-03-12,"AUTOTRANSPORTES ISELIN S A","LINEA 515","NO","COLECTIVO","PROVINCIAL","MENDOZA","SN",147,"NO"
2026-03-12,"AUTOTRANSPORTES ISELIN S A","LINEA 516","NO","COLECTIVO","PROVINCIAL","MENDOZA","SN",243,"NO"
2026-03-12,"AUTOTRANSPORTES ISELIN S A","LINEA 517","NO","COLECTIVO","PROVINCIAL","MENDOZA","SN",334,"NO"
2026-03-12,"AUTOTRANSPORTES ISELIN S A","LINEA 518","NO","COLECTIVO","PROVINCIAL","MENDOZA","SN",633,"NO"
2026-03-12,"TRANPORTE DE PASAJEROS GENERAL ROCA S.R.L","LINEA 520","NO","COLECTIVO","PROVINCIAL","MENDOZA","SN",2543,"NO"
2026-03-12,"EVHSA SOCIEDAD ANONIMA","LINEA 520A","NO","COLECTIVO","MUNICIPAL","BUENOS AIRES","SAN PEDRO",528,"NO"
2026-03-12,"EVHSA SOCIEDAD ANONIMA","LINEA 520B","NO","COLECTIVO","MUNICIPAL","BUENOS AIRES","SAN PEDRO",461,"NO"
2026-03-12,"MICRO OMNIBUS ESTE S.A","LINEA 521 A","SI","COLECTIVO","MUNICIPAL","BUENOS AIRES","LANUS",7173,"NO"
2026-03-12,"TRANPORTE DE PASAJEROS GENERAL ROCA S.R.L","LINEA 521","NO","COLECTIVO","PROVINCIAL","MENDOZA","SN",2279,"NO"
2026-03-12,"EVHSA SOCIEDAD ANONIMA","LINEA 522","NO","COLECTIVO","MUNICIPAL","BUENOS AIRES","SAN PEDRO",377,"NO"
2026-03-12,"TRANPORTE DE PASAJEROS GENERAL ROCA S.R.L","LINEA 522","NO","COLECTIVO","PROVINCIAL","MENDOZA","SN",6165,"NO"
2026-03-12,"TRANPORTE DE PASAJEROS GENERAL ROCA S.R.L","LINEA 523","NO","COLECTIVO","PROVINCIAL","MENDOZA","SN",6103,"NO"
2026-03-12,"EVHSA SOCIEDAD ANONIMA","LINEA 524","NO","COLECTIVO","MUNICIPAL","BUENOS AIRES","SAN PEDRO",65,"NO"
2026-03-12,"TRANPORTE DE PASAJEROS GENERAL ROCA S.R.L","LINEA 524","NO","COLECTIVO","PROVINCIAL","MENDOZA","SN",149,"NO"
2026-03-12,"TRANPORTE DE PASAJEROS GENERAL ROCA S.R.L","LINEA 525","NO","COLECTIVO","PROVINCIAL","MENDOZA","SN",1893,"NO"
2026-03-12,"MICRO OMNIBUS ESTE S.A","LINEA 526","SI","COLECTIVO","MUNICIPAL","BUENOS AIRES","LANUS",18500,"NO"
2026-03-12,"COOPERATIVA DE TRABAJO DE TRANSPORTE SAN FERNANDO LTDA","LINEA 53","NO","COLECTIVO","PROVINCIAL","CATAMARCA","SN",268,"NO"
2026-03-12,"TRANPORTE DE PASAJEROS GENERAL ROCA S.R.L","LINEA 530","NO","COLECTIVO","PROVINCIAL","MENDOZA","SN",4989,"NO"
2026-03-12,"TRANPORTE DE PASAJEROS GENERAL ROCA S.R.L","LINEA 531","NO","COLECTIVO","PROVINCIAL","MENDOZA","SN",1775,"NO"
2026-03-12,"TRANPORTE DE PASAJEROS GENERAL ROCA S.R.L","LINEA 532","NO","COLECTIVO","PROVINCIAL","MENDOZA","SN",5881,"NO"
2026-03-12,"TRANPORTE DE PASAJEROS GENERAL ROCA S.R.L","LINEA 533","NO","COLECTIVO","PROVINCIAL","MENDOZA","SN",5990,"NO"
2026-03-12,"TRANPORTE DE PASAJEROS GENERAL ROCA S.R.L","LINEA 534","NO","COLECTIVO","PROVINCIAL","MENDOZA","SN",85,"NO"
2026-03-12,"TRANPORTE DE PASAJEROS GENERAL ROCA S.R.L","LINEA 535","NO","COLECTIVO","PROVINCIAL","MENDOZA","SN",1529,"NO"
2026-03-12,"TRANPORTE DE PASAJEROS GENERAL ROCA S.R.L","LINEA 540","NO","COLECTIVO","PROVINCIAL","MENDOZA","SN",1438,"NO"
2026-03-12,"ANTONIO BUTTINI E HIJOS S R L","LINEA 541","NO","COLECTIVO","PROVINCIAL","MENDOZA","SN",62,"NO"
2026-03-12,"TRANPORTE DE PASAJEROS GENERAL ROCA S.R.L","LINEA 541","NO","COLECTIVO","PROVINCIAL","MENDOZA","SN",1285,"NO"
2026-03-12,"ANTONIO BUTTINI E HIJOS S R L","LINEA 542","NO","COLECTIVO","PROVINCIAL","MENDOZA","SN",931,"NO"
2026-03-12,"TRANPORTE DE PASAJEROS GENERAL ROCA S.R.L","LINEA 542","NO","COLECTIVO","PROVINCIAL","MENDOZA","SN",1295,"NO"
2026-03-12,"ANTONIO BUTTINI E HIJOS S R L","LINEA 543","NO","COLECTIVO","PROVINCIAL","MENDOZA","SN",387,"NO"
2026-03-12,"TRANPORTE DE PASAJEROS GENERAL ROCA S.R.L","LINEA 543","NO","COLECTIVO","PROVINCIAL","MENDOZA","SN",1136,"NO"
2026-03-12,"ANTONIO BUTTINI E HIJOS S R L","LINEA 544","NO","COLECTIVO","PROVINCIAL","MENDOZA","SN",1593,"NO"
2026-03-12,"TRANPORTE DE PASAJEROS GENERAL ROCA S.R.L","LINEA 544","NO","COLECTIVO","PROVINCIAL","MENDOZA","SN",7020,"NO"
2026-03-12,"TRANPORTE DE PASAJEROS GENERAL ROCA S.R.L","LINEA 545","NO","COLECTIVO","PROVINCIAL","MENDOZA","SN",435,"NO"
2026-03-12,"TRANPORTE DE PASAJEROS GENERAL ROCA S.R.L","LINEA 546","NO","COLECTIVO","PROVINCIAL","MENDOZA","SN",973,"NO"
2026-03-12,"TRANPORTE DE PASAJEROS GENERAL ROCA S.R.L","LINEA 547","NO","COLECTIVO","PROVINCIAL","MENDOZA","SN",648,"NO"
2026-03-12,"ANTONIO BUTTINI E HIJOS S R L","LINEA 548","NO","COLECTIVO","PROVINCIAL","MENDOZA","SN",565,"NO"
2026-03-12,"TRANPORTE DE PASAJEROS GENERAL ROCA S.R.L","LINEA 548","NO","COLECTIVO","PROVINCIAL","MENDOZA","SN",1888,"NO"
2026-03-12,"TRANPORTE DE PASAJEROS GENERAL ROCA S.R.L","LINEA 549","NO","COLECTIVO","PROVINCIAL","MENDOZA","SN",1534,"NO"
2026-03-12,"COOPERATIVA DE TRABAJO DE TRANSPORTE SAN FERNANDO LTDA","LINEA 55","NO","COLECTIVO","PROVINCIAL","CATAMARCA","SN",62,"NO"
2026-03-12,"TRANPORTE DE PASAJEROS GENERAL ROCA S.R.L","LINEA 550","NO","COLECTIVO","PROVINCIAL","MENDOZA","SN",2991,"NO"
2026-03-12,"TRANPORTE DE PASAJEROS GENERAL ROCA S.R.L","LINEA 551","NO","COLECTIVO","PROVINCIAL","MENDOZA","SN",561,"NO"
2026-03-12,"TRANPORTE DE PASAJEROS GENERAL ROCA S.R.L","LINEA 552","NO","COLECTIVO","PROVINCIAL","MENDOZA","SN",460,"NO"
2026-03-12,"TRANPORTE DE PASAJEROS GENERAL ROCA S.R.L","LINEA 553","NO","COLECTIVO","PROVINCIAL","MENDOZA","SN",967,"NO"
2026-03-12,"TRANPORTE DE PASAJEROS GENERAL ROCA S.R.L","LINEA 554","NO","COLECTIVO","PROVINCIAL","MENDOZA","SN",6382,"NO"
2026-03-12,"TRANPORTE DE PASAJEROS GENERAL ROCA S.R.L","LINEA 555","NO","COLECTIVO","PROVINCIAL","MENDOZA","SN",35,"NO"
2026-03-12,"TRANPORTE DE PASAJEROS GENERAL ROCA S.R.L","LINEA 556","NO","COLECTIVO","PROVINCIAL","MENDOZA","SN",1463,"NO"
2026-03-12,"TRANPORTE DE PASAJEROS GENERAL ROCA S.R.L","LINEA 557","NO","COLECTIVO","PROVINCIAL","MENDOZA","SN",368,"NO"
2026-03-12,"TRANPORTE DE PASAJEROS GENERAL ROCA S.R.L","LINEA 558","NO","COLECTIVO","PROVINCIAL","MENDOZA","SN",276,"NO"
2026-03-12,"TRANPORTE DE PASAJEROS GENERAL ROCA S.R.L","LINEA 559","NO","COLECTIVO","PROVINCIAL","MENDOZA","SN",186,"NO"
2026-03-12,"TRANPORTE DE PASAJEROS GENERAL ROCA S.R.L","LINEA 560","NO","COLECTIVO","PROVINCIAL","MENDOZA","SN",1645,"NO"
2026-03-12,"TRANPORTE DE PASAJEROS GENERAL ROCA S.R.L","LINEA 561","NO","COLECTIVO","PROVINCIAL","MENDOZA","SN",648,"NO"
2026-03-12,"TRANPORTE DE PASAJEROS GENERAL ROCA S.R.L","LINEA 562","NO","COLECTIVO","PROVINCIAL","MENDOZA","SN",1418,"NO"
2026-03-12,"TRANPORTE DE PASAJEROS GENERAL ROCA S.R.L","LINEA 563","NO","COLECTIVO","PROVINCIAL","MENDOZA","SN",1019,"NO"
2026-03-12,"TRANPORTE DE PASAJEROS GENERAL ROCA S.R.L","LINEA 564","NO","COLECTIVO","PROVINCIAL","MENDOZA","SN",124,"NO"
2026-03-12,"TRANPORTE DE PASAJEROS GENERAL ROCA S.R.L","LINEA 570","NO","COLECTIVO","PROVINCIAL","MENDOZA","SN",943,"NO"
2026-03-12,"ANTONIO BUTTINI E HIJOS S R L","LINEA 571","NO","COLECTIVO","PROVINCIAL","MENDOZA","SN",10,"NO"
2026-03-12,"ANTONIO BUTTINI E HIJOS S R L","LINEA 572","NO","COLECTIVO","PROVINCIAL","MENDOZA","SN",230,"NO"
2026-03-12,"ANTONIO BUTTINI E HIJOS S R L","LINEA 573","NO","COLECTIVO","PROVINCIAL","MENDOZA","SN",422,"NO"
2026-03-12,"ANTONIO BUTTINI E HIJOS S R L","LINEA 574","NO","COLECTIVO","PROVINCIAL","MENDOZA","SN",1299,"NO"
2026-03-12,"ANTONIO BUTTINI E HIJOS S R L","LINEA 575","NO","COLECTIVO","PROVINCIAL","MENDOZA","SN",1024,"NO"
2026-03-12,"TRANPORTE DE PASAJEROS GENERAL ROCA S.R.L","LINEA 590","NO","COLECTIVO","PROVINCIAL","MENDOZA","SN",39,"NO"
2026-03-12,"TRANPORTE DE PASAJEROS GENERAL ROCA S.R.L","LINEA 591","NO","COLECTIVO","PROVINCIAL","MENDOZA","SN",42,"NO"
2026-03-12,"TURISMO PALMARES S.R.L.","LINEA 6","NO","COLECTIVO","MUNICIPAL","ENTRE RÍOS","CONCORDIA",1218,"NO"
2026-03-12,"ENTE MUNICIPAL DE SERVICIOS URBANOS","LINEA 6","NO","COLECTIVO","MUNICIPAL","LA PAMPA","SANTA ROSA",398,"NO"
2026-03-12,"TRANSPORTE J.M.F S.R.L.","LINEA 6","NO","COLECTIVO","MUNICIPAL","SANTIAGO DEL ESTERO","LA BANDA",3921,"NO"
2026-03-12,"EMPRESA CERRO POZO S.R.L.","LINEA 6","NO","COLECTIVO","MUNICIPAL","TUCUMAN","SAN MIGUEL DE TUCUMAN",2699,"NO"
2026-03-12,"ILLAGES S.R.L.","LINEA 6","NO","COLECTIVO","MUNICIPAL","TUCUMAN","SAN MIGUEL DE TUCUMAN",1655,"NO"
2026-03-12,"PUESTO NUEVO S.R.L.","LINEA 6","NO","COLECTIVO","MUNICIPAL","TUCUMAN","SAN MIGUEL DE TUCUMAN",824,"NO"
2026-03-12,"ERSA URBANO SA","LINEA 6","NO","COLECTIVO","PROVINCIAL","ENTRE RÍOS","SN",3537,"NO"
2026-03-12,"CONIFERAL S.A.","LINEA 60","NO","COLECTIVO","MUNICIPAL","CORDOBA","CORDOBA",11258,"NO"
2026-03-12,"LOPEZ RAMON PLACIDO","LINEA 60","NO","COLECTIVO","PROVINCIAL","CATAMARCA","SN",230,"NO"
2026-03-12,"TRANSPORTES EL PLUMERILLO S A","LINEA 600","NO","COLECTIVO","PROVINCIAL","MENDOZA","SN",12337,"NO"
2026-03-12,"TRANSPORTES EL PLUMERILLO S A","LINEA 601","NO","COLECTIVO","PROVINCIAL","MENDOZA","SN",4850,"NO"
2026-03-12,"TRANSPORTES EL PLUMERILLO S A","LINEA 603","NO","COLECTIVO","PROVINCIAL","MENDOZA","SN",1588,"NO"
2026-03-12,"TRANSPORTES EL PLUMERILLO S A","LINEA 604","NO","COLECTIVO","PROVINCIAL","MENDOZA","SN",2667,"NO"
2026-03-12,"TRANSPORTES EL PLUMERILLO S A","LINEA 605","NO","COLECTIVO","PROVINCIAL","MENDOZA","SN",5091,"NO"
2026-03-12,"TRANSPORTES EL PLUMERILLO S A","LINEA 606","NO","COLECTIVO","PROVINCIAL","MENDOZA","SN",8350,"NO"
2026-03-12,"TRANSPORTES EL PLUMERILLO S A","LINEA 608","NO","COLECTIVO","PROVINCIAL","MENDOZA","SN",2365,"NO"
2026-03-12,"TRANSPORTES EL PLUMERILLO S A","LINEA 609","NO","COLECTIVO","PROVINCIAL","MENDOZA","SN",2434,"NO"
2026-03-12,"CONIFERAL S.A.","LINEA 61","NO","COLECTIVO","MUNICIPAL","CORDOBA","CORDOBA",2776,"NO"
2026-03-12,"TRANSPORTES EL PLUMERILLO S A","LINEA 610","NO","COLECTIVO","PROVINCIAL","MENDOZA","SN",5675,"NO"
2026-03-12,"TRANSPORTES EL PLUMERILLO S A","LINEA 611","NO","COLECTIVO","PROVINCIAL","MENDOZA","SN",6150,"NO"
2026-03-12,"TRANSPORTES EL PLUMERILLO S A","LINEA 612","NO","COLECTIVO","PROVINCIAL","MENDOZA","SN",361,"NO"
2026-03-12,"CONIFERAL S.A.","LINEA 62","NO","COLECTIVO","MUNICIPAL","CORDOBA","CORDOBA",7018,"NO"
2026-03-12,"TRANSPORTES EL PLUMERILLO S A","LINEA 620","NO","COLECTIVO","PROVINCIAL","MENDOZA","SN",1893,"NO"
2026-03-12,"TRANSPORTES EL PLUMERILLO S A","LINEA 625","NO","COLECTIVO","PROVINCIAL","MENDOZA","SN",4737,"NO"
2026-03-12,"CONIFERAL S.A.","LINEA 63","NO","COLECTIVO","MUNICIPAL","CORDOBA","CORDOBA",4605,"NO"
2026-03-12,"LA VECINAL DE MATANZA SACI. DE MICROOMNIBUS","LINEA 630","SI","COLECTIVO","MUNICIPAL","BUENOS AIRES","LA MATANZA",14721,"NO"
2026-03-12,"TRANSPORTES EL PLUMERILLO S A","LINEA 630","NO","COLECTIVO","PROVINCIAL","MENDOZA","SN",8521,"NO"
2026-03-12,"CONIFERAL S.A.","LINEA 64","NO","COLECTIVO","MUNICIPAL","CORDOBA","CORDOBA",3384,"NO"
2026-03-12,"TRANSPORTES EL PLUMERILLO S A","LINEA 640","NO","COLECTIVO","PROVINCIAL","MENDOZA","SN",2709,"NO"
2026-03-12,"TRANSPORTES EL PLUMERILLO S A","LINEA 645","NO","COLECTIVO","PROVINCIAL","MENDOZA","SN",2217,"NO"
2026-03-12,"CONIFERAL S.A.","LINEA 65","NO","COLECTIVO","MUNICIPAL","CORDOBA","CORDOBA",7110,"NO"
2026-03-12,"TRANSPORTES EL PLUMERILLO S A","LINEA 650","NO","COLECTIVO","PROVINCIAL","MENDOZA","SN",3036,"NO"
2026-03-12,"TRANSPORTES EL PLUMERILLO S A","LINEA 651","NO","COLECTIVO","PROVINCIAL","MENDOZA","SN",1711,"NO"
2026-03-12,"TRANSPORTES EL PLUMERILLO S A","LINEA 653","NO","COLECTIVO","PROVINCIAL","MENDOZA","SN",1544,"NO"
2026-03-12,"CONIFERAL S.A.","LINEA 66","NO","COLECTIVO","MUNICIPAL","CORDOBA","CORDOBA",7084,"NO"
2026-03-12,"TRANSPORTES EL PLUMERILLO S A","LINEA 660","NO","COLECTIVO","PROVINCIAL","MENDOZA","SN",1889,"NO"
2026-03-12,"TRANSPORTES EL PLUMERILLO S A","LINEA 665","NO","COLECTIVO","PROVINCIAL","MENDOZA","SN",1372,"NO"
2026-03-12,"CONIFERAL S.A.","LINEA 67","NO","COLECTIVO","MUNICIPAL","CORDOBA","CORDOBA",3472,"NO"
2026-03-12,"9 DE JULIO","LINEA 67","NO","COLECTIVO","PROVINCIAL","CATAMARCA","SN",75,"NO"
2026-03-12,"TRANSPORTES EL PLUMERILLO S A","LINEA 670","NO","COLECTIVO","PROVINCIAL","MENDOZA","SN",5789,"NO"
2026-03-12,"TRANSPORTES EL PLUMERILLO S A","LINEA 675","NO","COLECTIVO","PROVINCIAL","MENDOZA","SN",811,"NO"
2026-03-12,"TRANSPORTES EL PLUMERILLO S A","LINEA 676","NO","COLECTIVO","PROVINCIAL","MENDOZA","SN",402,"NO"
2026-03-12,"CONIFERAL S.A.","LINEA 68","NO","COLECTIVO","MUNICIPAL","CORDOBA","CORDOBA",2748,"NO"
2026-03-12,"TRANSPORTES EL PLUMERILLO S A","LINEA 680","NO","COLECTIVO","PROVINCIAL","MENDOZA","SN",122,"NO"
2026-03-12,"TRANSPORTES EL PLUMERILLO S A","LINEA 697","NO","COLECTIVO","PROVINCIAL","MENDOZA","SN",58,"NO"
2026-03-12,"TRANSPORTES EL PLUMERILLO S A","LINEA 698","NO","COLECTIVO","PROVINCIAL","MENDOZA","SN",20,"NO"
2026-03-12,"COOPERATIVA DE TRABAJO NUEVO EXPRESO LIMITADA","LINEA 7","NO","COLECTIVO","MUNICIPAL","ENTRE RÍOS","CONCORDIA",8171,"NO"
2026-03-12,"ENTE MUNICIPAL DE SERVICIOS URBANOS","LINEA 7","NO","COLECTIVO","MUNICIPAL","LA PAMPA","SANTA ROSA",2005,"NO"
2026-03-12,"EL CEIBO SRL","LINEA 7","NO","COLECTIVO","MUNICIPAL","TUCUMAN","SAN MIGUEL DE TUCUMAN",4546,"NO"
2026-03-12,"AUTOTRANSPORTES EL TRAPICHE SRL Y TRANSPORTE GENERAL BARTOLOME MITRE SRL UNION TRANSITORIA","LINEA 700","NO","COLECTIVO","PROVINCIAL","MENDOZA","SN",14601,"NO"
2026-03-12,"AUTOTRANSPORTES EL TRAPICHE SRL Y TRANSPORTE GENERAL BARTOLOME MITRE SRL UNION TRANSITORIA","LINEA 702","NO","COLECTIVO","PROVINCIAL","MENDOZA","SN",290,"NO"
2026-03-12,"AUTOTRANSPORTES EL TRAPICHE SRL Y TRANSPORTE GENERAL BARTOLOME MITRE SRL UNION TRANSITORIA","LINEA 703","NO","COLECTIVO","PROVINCIAL","MENDOZA","SN",468,"NO"
2026-03-12,"AUTOTRANSPORTES EL TRAPICHE SRL Y TRANSPORTE GENERAL BARTOLOME MITRE SRL UNION TRANSITORIA","LINEA 704","NO","COLECTIVO","PROVINCIAL","MENDOZA","SN",5351,"NO"
2026-03-12,"AUTOTRANSPORTES EL TRAPICHE SRL Y TRANSPORTE GENERAL BARTOLOME MITRE SRL UNION TRANSITORIA","LINEA 705","NO","COLECTIVO","PROVINCIAL","MENDOZA","SN",1342,"NO"
2026-03-12,"AUTOTRANSPORTES EL TRAPICHE SRL Y TRANSPORTE GENERAL BARTOLOME MITRE SRL UNION TRANSITORIA","LINEA 707","NO","COLECTIVO","PROVINCIAL","MENDOZA","SN",1477,"NO"
2026-03-12,"AUTOTRANSPORTES EL TRAPICHE SRL Y TRANSPORTE GENERAL BARTOLOME MITRE SRL UNION TRANSITORIA","LINEA 708","NO","COLECTIVO","PROVINCIAL","MENDOZA","SN",1424,"NO"
2026-03-12,"AUTOTRANSPORTES EL TRAPICHE SRL Y TRANSPORTE GENERAL BARTOLOME MITRE SRL UNION TRANSITORIA","LINEA 709","NO","COLECTIVO","PROVINCIAL","MENDOZA","SN",261,"NO"
2026-03-12,"AUTOTRANSPORTES EL TRAPICHE SRL Y TRANSPORTE GENERAL BARTOLOME MITRE SRL UNION TRANSITORIA","LINEA 710","NO","COLECTIVO","PROVINCIAL","MENDOZA","SN",3287,"NO"
2026-03-12,"AUTOTRANSPORTES EL TRAPICHE SRL Y TRANSPORTE GENERAL BARTOLOME MITRE SRL UNION TRANSITORIA","LINEA 711","NO","COLECTIVO","PROVINCIAL","MENDOZA","SN",3153,"NO"
2026-03-12,"AUTOTRANSPORTES EL TRAPICHE SRL Y TRANSPORTE GENERAL BARTOLOME MITRE SRL UNION TRANSITORIA","LINEA 713","NO","COLECTIVO","PROVINCIAL","MENDOZA","SN",720,"NO"
2026-03-12,"AUTOTRANSPORTES EL TRAPICHE SRL Y TRANSPORTE GENERAL BARTOLOME MITRE SRL UNION TRANSITORIA","LINEA 714","NO","COLECTIVO","PROVINCIAL","MENDOZA","SN",1437,"NO"
2026-03-12,"AUTOTRANSPORTES EL TRAPICHE SRL Y TRANSPORTE GENERAL BARTOLOME MITRE SRL UNION TRANSITORIA","LINEA 715","NO","COLECTIVO","PROVINCIAL","MENDOZA","SN",67,"NO"
2026-03-12,"EMPRESA DE TRANSPORTE PERALTA RAMOS SACI","LINEA 717","NO","COLECTIVO","MUNICIPAL","BUENOS AIRES","GENERAL PUEYRREDON",5365,"NO"
2026-03-12,"AUTOTRANSPORTES EL TRAPICHE SRL Y TRANSPORTE GENERAL BARTOLOME MITRE SRL UNION TRANSITORIA","LINEA 720","NO","COLECTIVO","PROVINCIAL","MENDOZA","SN",8670,"NO"
2026-03-12,"AUTOTRANSPORTES EL TRAPICHE SRL Y TRANSPORTE GENERAL BARTOLOME MITRE SRL UNION TRANSITORIA","LINEA 721","NO","COLECTIVO","PROVINCIAL","MENDOZA","SN",1280,"NO"
2026-03-12,"UTENOR SA L 722","LINEA 722","SI","COLECTIVO","MUNICIPAL","BUENOS AIRES","TIGRE",5902,"NO"
2026-03-12,"AUTOTRANSPORTES EL TRAPICHE SRL Y TRANSPORTE GENERAL BARTOLOME MITRE SRL UNION TRANSITORIA","LINEA 722","NO","COLECTIVO","PROVINCIAL","MENDOZA","SN",4361,"NO"
2026-03-12,"AUTOTRANSPORTES EL TRAPICHE SRL Y TRANSPORTE GENERAL BARTOLOME MITRE SRL UNION TRANSITORIA","LINEA 723","NO","COLECTIVO","PROVINCIAL","MENDOZA","SN",1581,"NO"
2026-03-12,"AUTOTRANSPORTES EL TRAPICHE SRL Y TRANSPORTE GENERAL BARTOLOME MITRE SRL UNION TRANSITORIA","LINEA 724","NO","COLECTIVO","PROVINCIAL","MENDOZA","SN",934,"NO"
2026-03-12,"AUTOTRANSPORTES EL TRAPICHE SRL Y TRANSPORTE GENERAL BARTOLOME MITRE SRL UNION TRANSITORIA","LINEA 729","NO","COLECTIVO","PROVINCIAL","MENDOZA","SN",122,"NO"
2026-03-12,"AUTOTRANSPORTES EL TRAPICHE SRL Y TRANSPORTE GENERAL BARTOLOME MITRE SRL UNION TRANSITORIA","LINEA 730","NO","COLECTIVO","PROVINCIAL","MENDOZA","SN",2083,"NO"
2026-03-12,"AUTOTRANSPORTES EL TRAPICHE SRL Y TRANSPORTE GENERAL BARTOLOME MITRE SRL UNION TRANSITORIA","LINEA 731","NO","COLECTIVO","PROVINCIAL","MENDOZA","SN",93,"NO"
2026-03-12,"AUTOTRANSPORTES EL TRAPICHE SRL Y TRANSPORTE GENERAL BARTOLOME MITRE SRL UNION TRANSITORIA","LINEA 732","NO","COLECTIVO","PROVINCIAL","MENDOZA","SN",6847,"NO"
2026-03-12,"AUTOTRANSPORTES EL TRAPICHE SRL Y TRANSPORTE GENERAL BARTOLOME MITRE SRL UNION TRANSITORIA","LINEA 733","NO","COLECTIVO","PROVINCIAL","MENDOZA","SN",6879,"NO"
2026-03-12,"AUTOTRANSPORTES EL TRAPICHE SRL Y TRANSPORTE GENERAL BARTOLOME MITRE SRL UNION TRANSITORIA","LINEA 734","NO","COLECTIVO","PROVINCIAL","MENDOZA","SN",1509,"NO"
2026-03-12,"AUTOTRANSPORTES EL TRAPICHE SRL Y TRANSPORTE GENERAL BARTOLOME MITRE SRL UNION TRANSITORIA","LINEA 735","NO","COLECTIVO","PROVINCIAL","MENDOZA","SN",24,"NO"
2026-03-12,"AUTOTRANSPORTES EL TRAPICHE SRL Y TRANSPORTE GENERAL BARTOLOME MITRE SRL UNION TRANSITORIA","LINEA 736","NO","COLECTIVO","PROVINCIAL","MENDOZA","SN",19,"NO"
2026-03-12,"AUTOTRANSPORTES EL TRAPICHE SRL Y TRANSPORTE GENERAL BARTOLOME MITRE SRL UNION TRANSITORIA","LINEA 737","NO","COLECTIVO","PROVINCIAL","MENDOZA","SN",10,"NO"
2026-03-12,"AUTOTRANSPORTES EL TRAPICHE SRL Y TRANSPORTE GENERAL BARTOLOME MITRE SRL UNION TRANSITORIA","LINEA 738","NO","COLECTIVO","PROVINCIAL","MENDOZA","SN",27,"NO"
2026-03-12,"AUTOTRANSPORTES EL TRAPICHE SRL Y TRANSPORTE GENERAL BARTOLOME MITRE SRL UNION TRANSITORIA","LINEA 739","NO","COLECTIVO","PROVINCIAL","MENDOZA","SN",9,"NO"
2026-03-12,"AUTOTRANSPORTES EL TRAPICHE SRL Y TRANSPORTE GENERAL BARTOLOME MITRE SRL UNION TRANSITORIA","LINEA 740","NO","COLECTIVO","PROVINCIAL","MENDOZA","SN",1385,"NO"
2026-03-12,"AUTOTRANSPORTES EL TRAPICHE SRL Y TRANSPORTE GENERAL BARTOLOME MITRE SRL UNION TRANSITORIA","LINEA 746","NO","COLECTIVO","PROVINCIAL","MENDOZA","SN",40,"NO"
2026-03-12,"AUTOTRANSPORTES EL TRAPICHE SRL Y TRANSPORTE GENERAL BARTOLOME MITRE SRL UNION TRANSITORIA","LINEA 747","NO","COLECTIVO","PROVINCIAL","MENDOZA","SN",28,"NO"
2026-03-12,"AUTOTRANSPORTES EL TRAPICHE SRL Y TRANSPORTE GENERAL BARTOLOME MITRE SRL UNION TRANSITORIA","LINEA 748","NO","COLECTIVO","PROVINCIAL","MENDOZA","SN",75,"NO"
2026-03-12,"AUTOTRANSPORTES EL TRAPICHE SRL Y TRANSPORTE GENERAL BARTOLOME MITRE SRL UNION TRANSITORIA","LINEA 749","NO","COLECTIVO","PROVINCIAL","MENDOZA","SN",87,"NO"
2026-03-12,"AUTOTRANSPORTES EL TRAPICHE SRL Y TRANSPORTE GENERAL BARTOLOME MITRE SRL UNION TRANSITORIA","LINEA 750","NO","COLECTIVO","PROVINCIAL","MENDOZA","SN",2321,"NO"
2026-03-12,"AUTOTRANSPORTES EL TRAPICHE SRL Y TRANSPORTE GENERAL BARTOLOME MITRE SRL UNION TRANSITORIA","LINEA 751","NO","COLECTIVO","PROVINCIAL","MENDOZA","SN",817,"NO"
2026-03-12,"AUTOTRANSPORTES EL TRAPICHE SRL Y TRANSPORTE GENERAL BARTOLOME MITRE SRL UNION TRANSITORIA","LINEA 752","NO","COLECTIVO","PROVINCIAL","MENDOZA","SN",1140,"NO"
2026-03-12,"AUTOTRANSPORTES EL TRAPICHE SRL Y TRANSPORTE GENERAL BARTOLOME MITRE SRL UNION TRANSITORIA","LINEA 753","NO","COLECTIVO","PROVINCIAL","MENDOZA","SN",791,"NO"
2026-03-12,"AUTOTRANSPORTES EL TRAPICHE SRL Y TRANSPORTE GENERAL BARTOLOME MITRE SRL UNION TRANSITORIA","LINEA 754","NO","COLECTIVO","PROVINCIAL","MENDOZA","SN",1525,"NO"
2026-03-12,"AUTOTRANSPORTES EL TRAPICHE SRL Y TRANSPORTE GENERAL BARTOLOME MITRE SRL UNION TRANSITORIA","LINEA 757","NO","COLECTIVO","PROVINCIAL","MENDOZA","SN",30,"NO"
2026-03-12,"AUTOTRANSPORTES EL TRAPICHE SRL Y TRANSPORTE GENERAL BARTOLOME MITRE SRL UNION TRANSITORIA","LINEA 758","NO","COLECTIVO","PROVINCIAL","MENDOZA","SN",36,"NO"
2026-03-12,"AUTOTRANSPORTES EL TRAPICHE SRL Y TRANSPORTE GENERAL BARTOLOME MITRE SRL UNION TRANSITORIA","LINEA 759","NO","COLECTIVO","PROVINCIAL","MENDOZA","SN",14,"NO"
2026-03-12,"AUTOTRANSPORTES EL TRAPICHE SRL Y TRANSPORTE GENERAL BARTOLOME MITRE SRL UNION TRANSITORIA","LINEA 760","NO","COLECTIVO","PROVINCIAL","MENDOZA","SN",3843,"NO"
2026-03-12,"AUTOTRANSPORTES EL TRAPICHE SRL Y TRANSPORTE GENERAL BARTOLOME MITRE SRL UNION TRANSITORIA","LINEA 761","NO","COLECTIVO","PROVINCIAL","MENDOZA","SN",6542,"NO"
2026-03-12,"AUTOTRANSPORTES EL TRAPICHE SRL Y TRANSPORTE GENERAL BARTOLOME MITRE SRL UNION TRANSITORIA","LINEA 762","NO","COLECTIVO","PROVINCIAL","MENDOZA","SN",252,"NO"
2026-03-12,"AUTOTRANSPORTES EL TRAPICHE SRL Y TRANSPORTE GENERAL BARTOLOME MITRE SRL UNION TRANSITORIA","LINEA 763","NO","COLECTIVO","PROVINCIAL","MENDOZA","SN",1382,"NO"
2026-03-12,"AUTOTRANSPORTES EL TRAPICHE SRL Y TRANSPORTE GENERAL BARTOLOME MITRE SRL UNION TRANSITORIA","LINEA 764","NO","COLECTIVO","PROVINCIAL","MENDOZA","SN",1740,"NO"
2026-03-12,"AUTOTRANSPORTES EL TRAPICHE SRL Y TRANSPORTE GENERAL BARTOLOME MITRE SRL UNION TRANSITORIA","LINEA 765","NO","COLECTIVO","PROVINCIAL","MENDOZA","SN",950,"NO"
2026-03-12,"AUTOTRANSPORTES EL TRAPICHE SRL Y TRANSPORTE GENERAL BARTOLOME MITRE SRL UNION TRANSITORIA","LINEA 766","NO","COLECTIVO","PROVINCIAL","MENDOZA","SN",664,"NO"
2026-03-12,"AUTOTRANSPORTES EL TRAPICHE SRL Y TRANSPORTE GENERAL BARTOLOME MITRE SRL UNION TRANSITORIA","LINEA 767","NO","COLECTIVO","PROVINCIAL","MENDOZA","SN",116,"NO"
2026-03-12,"AUTOTRANSPORTES EL TRAPICHE SRL Y TRANSPORTE GENERAL BARTOLOME MITRE SRL UNION TRANSITORIA","LINEA 769","NO","COLECTIVO","PROVINCIAL","MENDOZA","SN",25,"NO"
2026-03-12,"AUTOTRANSPORTES EL TRAPICHE SRL Y TRANSPORTE GENERAL BARTOLOME MITRE SRL UNION TRANSITORIA","LINEA 770","NO","COLECTIVO","PROVINCIAL","MENDOZA","SN",733,"NO"
2026-03-12,"AUTOTRANSPORTES EL TRAPICHE SRL Y TRANSPORTE GENERAL BARTOLOME MITRE SRL UNION TRANSITORIA","LINEA 771","NO","COLECTIVO","PROVINCIAL","MENDOZA","SN",1046,"NO"
2026-03-12,"AUTOTRANSPORTES EL TRAPICHE SRL Y TRANSPORTE GENERAL BARTOLOME MITRE SRL UNION TRANSITORIA","LINEA 772","NO","COLECTIVO","PROVINCIAL","MENDOZA","SN",1339,"NO"
2026-03-12,"AUTOTRANSPORTES EL TRAPICHE SRL Y TRANSPORTE GENERAL BARTOLOME MITRE SRL UNION TRANSITORIA","LINEA 773","NO","COLECTIVO","PROVINCIAL","MENDOZA","SN",342,"NO"
2026-03-12,"AUTOTRANSPORTES EL TRAPICHE SRL Y TRANSPORTE GENERAL BARTOLOME MITRE SRL UNION TRANSITORIA","LINEA 774","NO","COLECTIVO","PROVINCIAL","MENDOZA","SN",112,"NO"
2026-03-12,"AUTOTRANSPORTES EL TRAPICHE SRL Y TRANSPORTE GENERAL BARTOLOME MITRE SRL UNION TRANSITORIA","LINEA 775","NO","COLECTIVO","PROVINCIAL","MENDOZA","SN",576,"NO"
2026-03-12,"AUTOTRANSPORTES EL TRAPICHE SRL Y TRANSPORTE GENERAL BARTOLOME MITRE SRL UNION TRANSITORIA","LINEA 776","NO","COLECTIVO","PROVINCIAL","MENDOZA","SN",9,"NO"
2026-03-12,"AUTOTRANSPORTES EL TRAPICHE SRL Y TRANSPORTE GENERAL BARTOLOME MITRE SRL UNION TRANSITORIA","LINEA 777","NO","COLECTIVO","PROVINCIAL","MENDOZA","SN",100,"NO"
2026-03-12,"AUTOTRANSPORTES EL TRAPICHE SRL Y TRANSPORTE GENERAL BARTOLOME MITRE SRL UNION TRANSITORIA","LINEA 778","NO","COLECTIVO","PROVINCIAL","MENDOZA","SN",5,"NO"
2026-03-12,"AUTOTRANSPORTES EL TRAPICHE SRL Y TRANSPORTE GENERAL BARTOLOME MITRE SRL UNION TRANSITORIA","LINEA 779","NO","COLECTIVO","PROVINCIAL","MENDOZA","SN",782,"NO"
2026-03-12,"AUTOTRANSPORTES EL TRAPICHE SRL Y TRANSPORTE GENERAL BARTOLOME MITRE SRL UNION TRANSITORIA","LINEA 780","NO","COLECTIVO","PROVINCIAL","MENDOZA","SN",172,"NO"
2026-03-12,"AUTOTRANSPORTES EL TRAPICHE SRL Y TRANSPORTE GENERAL BARTOLOME MITRE SRL UNION TRANSITORIA","LINEA 781","NO","COLECTIVO","PROVINCIAL","MENDOZA","SN",233,"NO"
2026-03-12,"AUTOTRANSPORTES EL TRAPICHE SRL Y TRANSPORTE GENERAL BARTOLOME MITRE SRL UNION TRANSITORIA","LINEA 782","NO","COLECTIVO","PROVINCIAL","MENDOZA","SN",176,"NO"
2026-03-12,"AUTOTRANSPORTES EL TRAPICHE SRL Y TRANSPORTE GENERAL BARTOLOME MITRE SRL UNION TRANSITORIA","LINEA 783","NO","COLECTIVO","PROVINCIAL","MENDOZA","SN",230,"NO"
2026-03-12,"AUTOTRANSPORTES EL TRAPICHE SRL Y TRANSPORTE GENERAL BARTOLOME MITRE SRL UNION TRANSITORIA","LINEA 784","NO","COLECTIVO","PROVINCIAL","MENDOZA","SN",29,"NO"
2026-03-12,"AUTOTRANSPORTES EL TRAPICHE SRL Y TRANSPORTE GENERAL BARTOLOME MITRE SRL UNION TRANSITORIA","LINEA 785","NO","COLECTIVO","PROVINCIAL","MENDOZA","SN",20,"NO"
2026-03-12,"AUTOTRANSPORTES EL TRAPICHE SRL Y TRANSPORTE GENERAL BARTOLOME MITRE SRL UNION TRANSITORIA","LINEA 786","NO","COLECTIVO","PROVINCIAL","MENDOZA","SN",25,"NO"
2026-03-12,"AUTOTRANSPORTES EL TRAPICHE SRL Y TRANSPORTE GENERAL BARTOLOME MITRE SRL UNION TRANSITORIA","LINEA 787","NO","COLECTIVO","PROVINCIAL","MENDOZA","SN",8,"NO"
2026-03-12,"AUTOTRANSPORTES EL TRAPICHE SRL Y TRANSPORTE GENERAL BARTOLOME MITRE SRL UNION TRANSITORIA","LINEA 788","NO","COLECTIVO","PROVINCIAL","MENDOZA","SN",13,"NO"
2026-03-12,"AUTOTRANSPORTES EL TRAPICHE SRL Y TRANSPORTE GENERAL BARTOLOME MITRE SRL UNION TRANSITORIA","LINEA 789","NO","COLECTIVO","PROVINCIAL","MENDOZA","SN",14,"NO"
2026-03-12,"AUTOTRANSPORTES EL TRAPICHE SRL Y TRANSPORTE GENERAL BARTOLOME MITRE SRL UNION TRANSITORIA","LINEA 790","NO","COLECTIVO","PROVINCIAL","MENDOZA","SN",13,"NO"
2026-03-12,"AUTOTRANSPORTES EL TRAPICHE SRL Y TRANSPORTE GENERAL BARTOLOME MITRE SRL UNION TRANSITORIA","LINEA 791","NO","COLECTIVO","PROVINCIAL","MENDOZA","SN",18,"NO"
2026-03-12,"AUTOTRANSPORTES EL TRAPICHE SRL Y TRANSPORTE GENERAL BARTOLOME MITRE SRL UNION TRANSITORIA","LINEA 792","NO","COLECTIVO","PROVINCIAL","MENDOZA","SN",7,"NO"
2026-03-12,"AUTOTRANSPORTES EL TRAPICHE SRL Y TRANSPORTE GENERAL BARTOLOME MITRE SRL UNION TRANSITORIA","LINEA 793","NO","COLECTIVO","PROVINCIAL","MENDOZA","SN",23,"NO"
2026-03-12,"AUTOTRANSPORTES EL TRAPICHE SRL Y TRANSPORTE GENERAL BARTOLOME MITRE SRL UNION TRANSITORIA","LINEA 795","NO","COLECTIVO","PROVINCIAL","MENDOZA","SN",1,"NO"
2026-03-12,"AUTOTRANSPORTES EL TRAPICHE SRL Y TRANSPORTE GENERAL BARTOLOME MITRE SRL UNION TRANSITORIA","LINEA 796","NO","COLECTIVO","PROVINCIAL","MENDOZA","SN",62,"NO"
2026-03-12,"COOPERATIVA DE TRABAJO NUEVO EXPRESO LIMITADA","LINEA 8","NO","COLECTIVO","MUNICIPAL","ENTRE RÍOS","CONCORDIA",1441,"NO"
2026-03-12,"ENTE MUNICIPAL DE SERVICIOS URBANOS","LINEA 8","NO","COLECTIVO","MUNICIPAL","LA PAMPA","SANTA ROSA",453,"NO"
2026-03-12,"EL RAYO BUS S.R.L.","LINEA 8","NO","COLECTIVO","MUNICIPAL","TUCUMAN","SAN MIGUEL DE TUCUMAN",3896,"NO"
2026-03-12,"TRANSPORTES RIO GRANDE S.A.C.I.F.","LINEA 8","SI","COLECTIVO","NACIONAL","JN","SD",65187,"NO"
2026-03-12,"RISSMA S.R.L","LINEA 80","NO","COLECTIVO","MUNICIPAL","CORDOBA","CORDOBA",4958,"NO"
2026-03-12,"TRANSPORTE RODOLFO PARRA","LINEA 80","NO","COLECTIVO","PROVINCIAL","CATAMARCA","SN",122,"NO"
2026-03-12,"EMPRESA MAIPU S.R.L","LINEA 801","NO","COLECTIVO","PROVINCIAL","MENDOZA","SN",815,"NO"
2026-03-12,"EMPRESA MAIPU S.R.L","LINEA 802","NO","COLECTIVO","PROVINCIAL","MENDOZA","SN",140,"NO"
2026-03-12,"EMPRESA MAIPU S.R.L","LINEA 803","NO","COLECTIVO","PROVINCIAL","MENDOZA","SN",348,"NO"
2026-03-12,"EMPRESA MAIPU S.R.L","LINEA 804","NO","COLECTIVO","PROVINCIAL","MENDOZA","SN",2467,"NO"
2026-03-12,"RISSMA S.R.L","LINEA 81","NO","COLECTIVO","MUNICIPAL","CORDOBA","CORDOBA",11803,"NO"
2026-03-12,"EMPRESA MAIPU S.R.L","LINEA 810","NO","COLECTIVO","PROVINCIAL","MENDOZA","SN",4061,"NO"
2026-03-12,"EMPRESA MAIPU S.R.L","LINEA 811","NO","COLECTIVO","PROVINCIAL","MENDOZA","SN",4429,"NO"
2026-03-12,"EMPRESA MAIPU S.R.L","LINEA 812","NO","COLECTIVO","PROVINCIAL","MENDOZA","SN",3819,"NO"
2026-03-12,"EMPRESA MAIPU S.R.L","LINEA 813","NO","COLECTIVO","PROVINCIAL","MENDOZA","SN",4455,"NO"
2026-03-12,"EMPRESA MAIPU S.R.L","LINEA 814","NO","COLECTIVO","PROVINCIAL","MENDOZA","SN",194,"NO"
2026-03-12,"EMPRESA MAIPU S.R.L","LINEA 815","NO","COLECTIVO","PROVINCIAL","MENDOZA","SN",1052,"NO"
2026-03-12,"EMPRESA MAIPU S.R.L","LINEA 816","NO","COLECTIVO","PROVINCIAL","MENDOZA","SN",366,"NO"
2026-03-12,"EMPRESA MAIPU S.R.L","LINEA 817","NO","COLECTIVO","PROVINCIAL","MENDOZA","SN",613,"NO"
2026-03-12,"EMPRESA MAIPU S.R.L","LINEA 818","NO","COLECTIVO","PROVINCIAL","MENDOZA","SN",397,"NO"
2026-03-12,"EMPRESA MAIPU S.R.L","LINEA 819","NO","COLECTIVO","PROVINCIAL","MENDOZA","SN",153,"NO"
2026-03-12,"RISSMA S.R.L","LINEA 82","NO","COLECTIVO","MUNICIPAL","CORDOBA","CORDOBA",5050,"NO"
2026-03-12,"EMPRESA MAIPU S.R.L","LINEA 820","NO","COLECTIVO","PROVINCIAL","MENDOZA","SN",11249,"NO"
2026-03-12,"EMPRESA MAIPU S.R.L","LINEA 821","NO","COLECTIVO","PROVINCIAL","MENDOZA","SN",1069,"NO"
2026-03-12,"EMPRESA MAIPU S.R.L","LINEA 823","NO","COLECTIVO","PROVINCIAL","MENDOZA","SN",2351,"NO"
2026-03-12,"EMPRESA MAIPU S.R.L","LINEA 824","NO","COLECTIVO","PROVINCIAL","MENDOZA","SN",11287,"NO"
2026-03-12,"EMPRESA MAIPU S.R.L","LINEA 825","NO","COLECTIVO","PROVINCIAL","MENDOZA","SN",28,"NO"
2026-03-12,"RISSMA S.R.L","LINEA 83","NO","COLECTIVO","MUNICIPAL","CORDOBA","CORDOBA",4524,"NO"
2026-03-12,"EMPRESA MAIPU S.R.L","LINEA 830","NO","COLECTIVO","PROVINCIAL","MENDOZA","SN",3988,"NO"
2026-03-12,"RISSMA S.R.L","LINEA 84","NO","COLECTIVO","MUNICIPAL","CORDOBA","CORDOBA",2746,"NO"
2026-03-12,"EMPRESA MAIPU S.R.L","LINEA 840","NO","COLECTIVO","PROVINCIAL","MENDOZA","SN",4359,"NO"
2026-03-12,"RISSMA S.R.L","LINEA 85","NO","COLECTIVO","MUNICIPAL","CORDOBA","CORDOBA",3785,"NO"
2026-03-12,"EMPRESA MAIPU S.R.L","LINEA 850","NO","COLECTIVO","PROVINCIAL","MENDOZA","SN",1517,"NO"
2026-03-12,"EMPRESA MAIPU S.R.L","LINEA 852","NO","COLECTIVO","PROVINCIAL","MENDOZA","SN",246,"NO"
2026-03-12,"EMPRESA MAIPU S.R.L","LINEA 853","NO","COLECTIVO","PROVINCIAL","MENDOZA","SN",41,"NO"
2026-03-12,"EMPRESA MAIPU S.R.L","LINEA 854","NO","COLECTIVO","PROVINCIAL","MENDOZA","SN",613,"NO"
2026-03-12,"EMPRESA MAIPU S.R.L","LINEA 855","NO","COLECTIVO","PROVINCIAL","MENDOZA","SN",678,"NO"
2026-03-12,"EMPRESA MAIPU S.R.L","LINEA 857","NO","COLECTIVO","PROVINCIAL","MENDOZA","SN",1922,"NO"
2026-03-12,"EMPRESA MAIPU S.R.L","LINEA 860","NO","COLECTIVO","PROVINCIAL","MENDOZA","SN",686,"NO"
2026-03-12,"EMPRESA MAIPU S.R.L","LINEA 861","NO","COLECTIVO","PROVINCIAL","MENDOZA","SN",811,"NO"
2026-03-12,"EMPRESA MAIPU S.R.L","LINEA 863","NO","COLECTIVO","PROVINCIAL","MENDOZA","SN",300,"NO"
2026-03-12,"EMPRESA MAIPU S.R.L","LINEA 864","NO","COLECTIVO","PROVINCIAL","MENDOZA","SN",641,"NO"
2026-03-12,"EMPRESA MAIPU S.R.L","LINEA 865","NO","COLECTIVO","PROVINCIAL","MENDOZA","SN",2141,"NO"
2026-03-12,"EMPRESA MAIPU S.R.L","LINEA 866","NO","COLECTIVO","PROVINCIAL","MENDOZA","SN",2231,"NO"
2026-03-12,"EMPRESA MAIPU S.R.L","LINEA 867","NO","COLECTIVO","PROVINCIAL","MENDOZA","SN",325,"NO"
2026-03-12,"EMPRESA MAIPU S.R.L","LINEA 868","NO","COLECTIVO","PROVINCIAL","MENDOZA","SN",39,"NO"
2026-03-12,"EMPRESA MAIPU S.R.L","LINEA 869","NO","COLECTIVO","PROVINCIAL","MENDOZA","SN",36,"NO"
2026-03-12,"EMPRESA MAIPU S.R.L","LINEA 870","NO","COLECTIVO","PROVINCIAL","MENDOZA","SN",1169,"NO"
2026-03-12,"EMPRESA MAIPU S.R.L","LINEA 871","NO","COLECTIVO","PROVINCIAL","MENDOZA","SN",657,"NO"
2026-03-12,"EMPRESA MAIPU S.R.L","LINEA 872","NO","COLECTIVO","PROVINCIAL","MENDOZA","SN",506,"NO"
2026-03-12,"EMPRESA MAIPU S.R.L","LINEA 880","NO","COLECTIVO","PROVINCIAL","MENDOZA","SN",679,"NO"
2026-03-12,"EMPRESA MAIPU S.R.L","LINEA 881","NO","COLECTIVO","PROVINCIAL","MENDOZA","SN",657,"NO"
2026-03-12,"EMPRESA MAIPU S.R.L","LINEA 890","NO","COLECTIVO","PROVINCIAL","MENDOZA","SN",18,"NO"
2026-03-12,"EMPRESA MAIPU S.R.L","LINEA 891","NO","COLECTIVO","PROVINCIAL","MENDOZA","SN",25,"NO"
2026-03-12,"EMPRESA MAIPU S.R.L","LINEA 892","NO","COLECTIVO","PROVINCIAL","MENDOZA","SN",7,"NO"
2026-03-12,"EMPRESA MAIPU S.R.L","LINEA 893","NO","COLECTIVO","PROVINCIAL","MENDOZA","SN",3,"NO"
2026-03-12,"EMPRESA MAIPU S.R.L","LINEA 896","NO","COLECTIVO","PROVINCIAL","MENDOZA","SN",412,"NO"
2026-03-12,"EMPRESA MAIPU S.R.L","LINEA 897","NO","COLECTIVO","PROVINCIAL","MENDOZA","SN",87,"NO"
2026-03-12,"EMPRESA MAIPU S.R.L","LINEA 898","NO","COLECTIVO","PROVINCIAL","MENDOZA","SN",85,"NO"
2026-03-12,"COOPERATIVA DE TRABAJO ""12 DE OCTUBRE"" LTADA","LINEA 9","NO","COLECTIVO","MUNICIPAL","ENTRE RÍOS","CONCORDIA",1185,"NO"
2026-03-12,"COOPERATIVA DE TRABAJO NUEVO EXPRESO LIMITADA","LINEA 9","NO","COLECTIVO","MUNICIPAL","ENTRE RÍOS","CONCORDIA",1258,"NO"
2026-03-12,"TURISMO PALMARES S.R.L.","LINEA 9","NO","COLECTIVO","MUNICIPAL","ENTRE RÍOS","CONCORDIA",689,"NO"
2026-03-12,"GENERAL BELGRANO SRL","LINEA 9","NO","COLECTIVO","MUNICIPAL","TUCUMAN","SAN MIGUEL DE TUCUMAN",4418,"NO"
2026-03-12,"EL CACIQUE SA","LINEA 900","NO","COLECTIVO","PROVINCIAL","MENDOZA","SN",7749,"NO"
2026-03-12,"ERSA URBANO SA","LINEA 904","NO","COLECTIVO","NACIONAL","JN","SD",4117,"NO"
2026-03-12,"EL CACIQUE SA","LINEA 905","NO","COLECTIVO","PROVINCIAL","MENDOZA","SN",5278,"NO"
2026-03-12,"EMPRESA CEFERINO SOCIEDAD ANONIMA","LINEA 908","NO","COLECTIVO","NACIONAL","JN","SD",2062,"NO"
2026-03-12,"EL CACIQUE SA","LINEA 910","NO","COLECTIVO","PROVINCIAL","MENDOZA","SN",6560,"NO"
2026-03-12,"PEHUENCHE S A","LINEA 911 RIO NEGRO","NO","COLECTIVO","NACIONAL","JN","SD",9400,"NO"
2026-03-12,"EL CACIQUE SA","LINEA 911","NO","COLECTIVO","PROVINCIAL","MENDOZA","SN",3832,"NO"
2026-03-12,"EMPRESA RIO URUGUAY SRL","LINEA 912","NO","COLECTIVO","NACIONAL","JN","SD",73,"NO"
2026-03-12,"EL CACIQUE SA","LINEA 912","NO","COLECTIVO","PROVINCIAL","MENDOZA","SN",4951,"NO"
2026-03-12,"EL CACIQUE SA","LINEA 913","NO","COLECTIVO","PROVINCIAL","MENDOZA","SN",2579,"NO"
2026-03-12,"EMPRESA DE TRANSPORTE DE PASAJEROS KO KO SRL","LINEA 914","NO","COLECTIVO","NACIONAL","JN","SD",13916,"NO"
2026-03-12,"EL CACIQUE SA","LINEA 914","NO","COLECTIVO","PROVINCIAL","MENDOZA","SN",3328,"NO"
2026-03-12,"EL CACIQUE SA","LINEA 915","NO","COLECTIVO","PROVINCIAL","MENDOZA","SN",3232,"NO"
2026-03-12,"SOCSA S.R.L.","LINEA 916","NO","COLECTIVO","NACIONAL","JN","SD",217,"NO"
2026-03-12,"EL CACIQUE SA","LINEA 920","NO","COLECTIVO","PROVINCIAL","MENDOZA","SN",2441,"NO"
2026-03-12,"EL CACIQUE SA","LINEA 921","NO","COLECTIVO","PROVINCIAL","MENDOZA","SN",1123,"NO"
2026-03-12,"EL CACIQUE SA","LINEA 925","NO","COLECTIVO","PROVINCIAL","MENDOZA","SN",5796,"NO"
2026-03-12,"EL CACIQUE SA","LINEA 927","NO","COLECTIVO","PROVINCIAL","MENDOZA","SN",1914,"NO"
2026-03-12,"EL CACIQUE SA","LINEA 928","NO","COLECTIVO","PROVINCIAL","MENDOZA","SN",1603,"NO"
2026-03-12,"EL CACIQUE SA","LINEA 930","NO","COLECTIVO","PROVINCIAL","MENDOZA","SN",934,"NO"
2026-03-12,"EL CACIQUE SA","LINEA 931","NO","COLECTIVO","PROVINCIAL","MENDOZA","SN",1464,"NO"
2026-03-12,"EL CACIQUE SA","LINEA 932","NO","COLECTIVO","PROVINCIAL","MENDOZA","SN",1731,"NO"
2026-03-12,"EL CACIQUE SA","LINEA 935","NO","COLECTIVO","PROVINCIAL","MENDOZA","SN",1764,"NO"
2026-03-12,"EL CACIQUE SA","LINEA 936","NO","COLECTIVO","PROVINCIAL","MENDOZA","SN",1902,"NO"
2026-03-12,"EL CACIQUE SA","LINEA 937","NO","COLECTIVO","PROVINCIAL","MENDOZA","SN",2198,"NO"
2026-03-12,"EL CACIQUE SA","LINEA 938","NO","COLECTIVO","PROVINCIAL","MENDOZA","SN",2374,"NO"
2026-03-12,"EL CACIQUE SA","LINEA 940","NO","COLECTIVO","PROVINCIAL","MENDOZA","SN",979,"NO"
2026-03-12,"EL CACIQUE SA","LINEA 941","NO","COLECTIVO","PROVINCIAL","MENDOZA","SN",1177,"NO"
2026-03-12,"EL CACIQUE SA","LINEA 942","NO","COLECTIVO","PROVINCIAL","MENDOZA","SN",1928,"NO"
2026-03-12,"EL CACIQUE SA","LINEA 943","NO","COLECTIVO","PROVINCIAL","MENDOZA","SN",2035,"NO"
2026-03-12,"EL CACIQUE SA","LINEA 945","NO","COLECTIVO","PROVINCIAL","MENDOZA","SN",3890,"NO"
2026-03-12,"EL CACIQUE SA","LINEA 946","NO","COLECTIVO","PROVINCIAL","MENDOZA","SN",3046,"NO"
2026-03-12,"EL CACIQUE SA","LINEA 947","NO","COLECTIVO","PROVINCIAL","MENDOZA","SN",958,"NO"
2026-03-12,"EL CACIQUE SA","LINEA 950","NO","COLECTIVO","PROVINCIAL","MENDOZA","SN",3649,"NO"
2026-03-12,"EL CACIQUE SA","LINEA 951","NO","COLECTIVO","PROVINCIAL","MENDOZA","SN",3429,"NO"
2026-03-12,"EL CACIQUE SA","LINEA 955","NO","COLECTIVO","PROVINCIAL","MENDOZA","SN",448,"NO"
2026-03-12,"EL CACIQUE SA","LINEA 960","NO","COLECTIVO","PROVINCIAL","MENDOZA","SN",395,"NO"
2026-03-12,"EL CACIQUE SA","LINEA 965","NO","COLECTIVO","PROVINCIAL","MENDOZA","SN",455,"NO"
2026-03-12,"EL CACIQUE SA","LINEA 970","NO","COLECTIVO","PROVINCIAL","MENDOZA","SN",1038,"NO"
2026-03-12,"EL CACIQUE SA","LINEA 984","NO","COLECTIVO","PROVINCIAL","MENDOZA","SN",28,"NO"
2026-03-12,"EL CACIQUE SA","LINEA 985","NO","COLECTIVO","PROVINCIAL","MENDOZA","SN",64,"NO"
2026-03-12,"EL CACIQUE SA","LINEA 986","NO","COLECTIVO","PROVINCIAL","MENDOZA","SN",23,"NO"
2026-03-12,"EL CACIQUE SA","LINEA 987","NO","COLECTIVO","PROVINCIAL","MENDOZA","SN",38,"NO"
2026-03-12,"EL CACIQUE SA","LINEA 988","NO","COLECTIVO","PROVINCIAL","MENDOZA","SN",28,"NO"
2026-03-12,"EL CACIQUE SA","LINEA 990","NO","COLECTIVO","PROVINCIAL","MENDOZA","SN",9,"NO"
2026-03-12,"EL CACIQUE SA","LINEA 991","NO","COLECTIVO","PROVINCIAL","MENDOZA","SN",9,"NO"
2026-03-12,"EL CACIQUE SA","LINEA 992","NO","COLECTIVO","PROVINCIAL","MENDOZA","SN",18,"NO"
2026-03-12,"EL CACIQUE SA","LINEA 993","NO","COLECTIVO","PROVINCIAL","MENDOZA","SN",4,"NO"
2026-03-12,"EL CACIQUE SA","LINEA 995","NO","COLECTIVO","PROVINCIAL","MENDOZA","SN",48,"NO"
2026-03-12,"EL CACIQUE SA","LINEA 996","NO","COLECTIVO","PROVINCIAL","MENDOZA","SN",12,"NO"
2026-03-12,"EL CACIQUE SA","LINEA 997","NO","COLECTIVO","PROVINCIAL","MENDOZA","SN",32,"NO"
2026-03-12,"MAR Y VALLE S.R.L.","LINEA A PUERTO MADRYN","NO","COLECTIVO","PROVINCIAL","CHUBUT","SN",623,"NO"
2026-03-12,"TAMSE","LINEA A","NO","COLECTIVO","MUNICIPAL","CORDOBA","CORDOBA",2343,"NO"
2026-03-12,"S.A TRANSPORTE CIUDAD DE RIO CUARTO","LINEA A","NO","COLECTIVO","MUNICIPAL","CORDOBA","RIO CUARTO",406,"NO"
2026-03-12,"TRANSPORTE SAN JOSE SA","LINEA A","NO","COLECTIVO","MUNICIPAL","ENTRE RÍOS","PARANA",1220,"NO"
2026-03-12,"MUNICIPALIDAD DE LA CIUDAD DE FORMOSA","LINEA A","NO","COLECTIVO","MUNICIPAL","FORMOSA","FORMOSA",1584,"NO"
2026-03-12,"TRANSPORTE CITYBUS TIERRA DEL FUEGO S.R.L","LINEA A","NO","COLECTIVO","MUNICIPAL","SANTA CRUZ","RIO GALLEGOS",408,"NO"
2026-03-12,"MUNICIPALIDAD DE RAFAELA","LINEA A","NO","COLECTIVO","MUNICIPAL","SANTA FE","RAFAELA",6,"NO"
2026-03-12,"ANGUS CATERING S.R.L","LINEA A","NO","COLECTIVO","MUNICIPAL","TIERRA DEL FUEGO","RIO GRANDE",5005,"NO"
2026-03-12,"TAMSE","LINEA B","NO","COLECTIVO","MUNICIPAL","CORDOBA","CORDOBA",5625,"NO"
2026-03-12,"S.A TRANSPORTE CIUDAD DE RIO CUARTO","LINEA B","NO","COLECTIVO","MUNICIPAL","CORDOBA","RIO CUARTO",293,"NO"
2026-03-12,"TRANSPORTE SAN JOSE SA","LINEA B","NO","COLECTIVO","MUNICIPAL","ENTRE RÍOS","PARANA",643,"NO"
2026-03-12,"TRANSPORTE CITYBUS TIERRA DEL FUEGO S.R.L","LINEA B","NO","COLECTIVO","MUNICIPAL","SANTA CRUZ","RIO GALLEGOS",2256,"NO"
2026-03-12,"ANGUS CATERING S.R.L","LINEA B","NO","COLECTIVO","MUNICIPAL","TIERRA DEL FUEGO","RIO GRANDE",2693,"NO"
2026-03-12,"CONIFERAL S.A.","LINEA B60","NO","COLECTIVO","MUNICIPAL","CORDOBA","CORDOBA",551,"NO"
2026-03-12,"RISSMA S.R.L","LINEA B80","NO","COLECTIVO","MUNICIPAL","CORDOBA","CORDOBA",117,"NO"
2026-03-12,"TAMSE","LINEA C","NO","COLECTIVO","MUNICIPAL","CORDOBA","CORDOBA",3722,"NO"
2026-03-12,"S.A TRANSPORTE CIUDAD DE RIO CUARTO","LINEA C","NO","COLECTIVO","MUNICIPAL","CORDOBA","RIO CUARTO",319,"NO"
2026-03-12,"TRANSPORTE SAN JOSE SA","LINEA C","NO","COLECTIVO","MUNICIPAL","ENTRE RÍOS","PARANA",1531,"NO"
2026-03-12,"MUNICIPALIDAD DE LA CIUDAD DE FORMOSA","LINEA C","NO","COLECTIVO","MUNICIPAL","FORMOSA","FORMOSA",1023,"NO"
2026-03-12,"TRANSPORTE CITYBUS TIERRA DEL FUEGO S.R.L","LINEA C","NO","COLECTIVO","MUNICIPAL","SANTA CRUZ","RIO GALLEGOS",1448,"NO"
2026-03-12,"ANGUS CATERING S.R.L","LINEA C","NO","COLECTIVO","MUNICIPAL","TIERRA DEL FUEGO","RIO GRANDE",3888,"NO"
2026-03-12,"TAMSE","LINEA C1","NO","COLECTIVO","MUNICIPAL","CORDOBA","CORDOBA",1,"NO"
2026-03-12,"S.A TRANSPORTE CIUDAD DE RIO CUARTO","LINEA D","NO","COLECTIVO","MUNICIPAL","CORDOBA","RIO CUARTO",358,"NO"
2026-03-12,"TRANSPORTE SAN JOSE SA","LINEA D","NO","COLECTIVO","MUNICIPAL","ENTRE RÍOS","PARANA",6639,"NO"
2026-03-12,"MUNICIPALIDAD DE LA CIUDAD DE FORMOSA","LINEA D","NO","COLECTIVO","MUNICIPAL","FORMOSA","FORMOSA",2908,"NO"
2026-03-12,"TRANSPORTE CITYBUS TIERRA DEL FUEGO S.R.L","LINEA D","NO","COLECTIVO","MUNICIPAL","SANTA CRUZ","RIO GALLEGOS",91,"NO"
2026-03-12,"ANGUS CATERING S.R.L","LINEA D","NO","COLECTIVO","MUNICIPAL","TIERRA DEL FUEGO","RIO GRANDE",641,"NO"
2026-03-12,"TRANSPORTE SAN JOSE SA","LINEA E","NO","COLECTIVO","MUNICIPAL","ENTRE RÍOS","PARANA",1563,"NO"
2026-03-12,"TRANSPORTE CITYBUS TIERRA DEL FUEGO S.R.L","LINEA E","NO","COLECTIVO","MUNICIPAL","SANTA CRUZ","RIO GALLEGOS",3549,"NO"
2026-03-12,"ANGUS CATERING S.R.L","LINEA E","NO","COLECTIVO","MUNICIPAL","TIERRA DEL FUEGO","RIO GRANDE",443,"NO"
2026-03-12,"TRANSPORTE SAN JOSE SA","LINEA F","NO","COLECTIVO","MUNICIPAL","ENTRE RÍOS","PARANA",5607,"NO"
2026-03-12,"MUNICIPALIDAD DE LA CIUDAD DE FORMOSA","LINEA F","NO","COLECTIVO","MUNICIPAL","FORMOSA","FORMOSA",1993,"NO"
2026-03-12,"TRANSPORTE SAN JOSE SA","LINEA G","NO","COLECTIVO","MUNICIPAL","ENTRE RÍOS","PARANA",2974,"NO"
2026-03-12,"MUNICIPALIDAD DE LA CIUDAD DE FORMOSA","LINEA G","NO","COLECTIVO","MUNICIPAL","FORMOSA","FORMOSA",3728,"NO"
2026-03-12,"TRANS BUS SRL","LINEA H","NO","COLECTIVO","MUNICIPAL","CORDOBA","VILLA MARIA",18,"NO"
2026-03-12,"TRANSPORTE SAN JOSE SA","LINEA H","NO","COLECTIVO","MUNICIPAL","ENTRE RÍOS","PARANA",2317,"NO"
2026-03-12,"MUNICIPALIDAD DE LA CIUDAD DE FORMOSA","LINEA H","NO","COLECTIVO","MUNICIPAL","FORMOSA","FORMOSA",1851,"NO"
2026-03-12,"TRANS BUS SRL","LINEA I","NO","COLECTIVO","MUNICIPAL","CORDOBA","VILLA MARIA",214,"NO"
2026-03-12,"TRANSPORTES 8 DE OCTUBRE S.A.","LINEA INICIAL","NO","COLECTIVO","MUNICIPAL","BUENOS AIRES","JUNIN",3491,"NO"
2026-03-12,"MUNICIPALIDAD DE LA CIUDAD DE FORMOSA","LINEA K","NO","COLECTIVO","MUNICIPAL","FORMOSA","FORMOSA",3159,"NO"
2026-03-12,"TRANSPORTE SAN JOSE SA","LINEA L","NO","COLECTIVO","MUNICIPAL","ENTRE RÍOS","PARANA",3429,"NO"
2026-03-12,"MUNICIPALIDAD DE LA CIUDAD DE FORMOSA","LINEA L","NO","COLECTIVO","MUNICIPAL","FORMOSA","FORMOSA",1281,"NO"
2026-03-12,"MAREGA GUSTAVO ANTONIO","LINEA LA LOLA - CENTRO","NO","COLECTIVO","MUNICIPAL","SANTA FE","RECONQUISTA",77,"NO"
2026-03-12,"TRANSP. COMARCAL S.R.L.","LINEA LAGO PUELO / EL MAITEN","NO","COLECTIVO","PROVINCIAL","CHUBUT","SN",33,"NO"
2026-03-12,"TRANSPORTE SAN JOSE SA","LINEA M","NO","COLECTIVO","MUNICIPAL","ENTRE RÍOS","PARANA",1393,"NO"
2026-03-12,"BRAIDOT JOSE MANUEL","LINEA MONTE CARLO - CENTRO","NO","COLECTIVO","MUNICIPAL","SANTA FE","RECONQUISTA",280,"NO"
2026-03-12,"EMPRESA NUEVE DE JULIO S.A.T.","LINEA OESTE","SI","COLECTIVO","MUNICIPAL","BUENOS AIRES","LA PLATA",63085,"NO"
2026-03-12,"TRANSPORTE SAN JOSE SA","LINEA P","NO","COLECTIVO","MUNICIPAL","ENTRE RÍOS","PARANA",832,"NO"
2026-03-12,"TRANSP. COMARCAL S.R.L.","LINEA PARALELO 42 / CHOLILA","NO","COLECTIVO","PROVINCIAL","CHUBUT","SN",26,"NO"
2026-03-12,"TRANSP. COMARCAL S.R.L.","LINEA PARALELO 42 / EL HOYO","NO","COLECTIVO","PROVINCIAL","CHUBUT","SN",46,"NO"
2026-03-12,"TRANSP. COMARCAL S.R.L.","LINEA PARALELO 42 / EPUYEN","NO","COLECTIVO","PROVINCIAL","CHUBUT","SN",179,"NO"
2026-03-12,"EXPRESSO RADA TILLY S.R.L.","LINEA RADA TILLY / COMODORO RIVADAV","NO","COLECTIVO","PROVINCIAL","CHUBUT","SN",2245,"NO"
2026-03-12,"ZARATE TRANSPORTE S.A.P.E.M.","LINEA RZ-1","SI","COLECTIVO","MUNICIPAL","BUENOS AIRES","ZARATE",825,"NO"
2026-03-12,"ZARATE TRANSPORTE S.A.P.E.M.","LINEA RZ-10","SI","COLECTIVO","MUNICIPAL","BUENOS AIRES","ZARATE",3070,"NO"
2026-03-12,"ZARATE TRANSPORTE S.A.P.E.M.","LINEA RZ-11","SI","COLECTIVO","MUNICIPAL","BUENOS AIRES","ZARATE",2924,"NO"
2026-03-12,"ZARATE TRANSPORTE S.A.P.E.M.","LINEA RZ-2","SI","COLECTIVO","MUNICIPAL","BUENOS AIRES","ZARATE",1877,"NO"
2026-03-12,"ZARATE TRANSPORTE S.A.P.E.M.","LINEA RZ-3","SI","COLECTIVO","MUNICIPAL","BUENOS AIRES","ZARATE",4451,"NO"
2026-03-12,"ZARATE TRANSPORTE S.A.P.E.M.","LINEA RZ-6","SI","COLECTIVO","MUNICIPAL","BUENOS AIRES","ZARATE",218,"NO"
2026-03-12,"ZARATE TRANSPORTE S.A.P.E.M.","LINEA RZ-8","SI","COLECTIVO","MUNICIPAL","BUENOS AIRES","ZARATE",2532,"NO"
2026-03-12,"TRANSPORTE RODOLFO PARRA","LINEA SAN JOSE BANDA OESTE","NO","COLECTIVO","PROVINCIAL","CATAMARCA","SN",332,"NO"
2026-03-12,"TRANSPORTE RODOLFO PARRA","LINEA SANTA MARIA FUERTE QUEMADO","NO","COLECTIVO","PROVINCIAL","CATAMARCA","SN",175,"NO"
2026-03-12,"TAMSE","LINEA SERVICIO ESPECIAL AEROPUERTO","NO","COLECTIVO","MUNICIPAL","CORDOBA","CORDOBA",226,"NO"
2026-03-12,"EMOVA MOVILIDAD S.A. (ex MTV)","LINEA SUBTE C","SI","SUBTE",,,,73077,"NO"
2026-03-12,"EMOVA MOVILIDAD S.A. (ex MTV)","LINEA SUBTE D","SI","SUBTE",,,,90765,"NO"
2026-03-12,"EMOVA MOVILIDAD S.A. (ex MTV)","LINEA SUBTE E","SI","SUBTE",,,,53282,"NO"
2026-03-12,"EMOVA MOVILIDAD S.A. (ex MTV)","LINEA SUBTE H","SI","SUBTE",,,,58527,"NO"
2026-03-12,"TOBARES DE BOSIO DANIELA","LINEA TERMINAL-LOS ANGELES","NO","COLECTIVO","PROVINCIAL","CATAMARCA","SN",5,"NO"
2026-03-12,"TRANSPORTE EL 22 SRL","LINEA_001","NO","COLECTIVO","MUNICIPAL","CHUBUT","TRELEW",5332,"NO"
2026-03-12,"PATAGONIA ARGENTINA S.R.L.","LINEA_001_CHT","NO","COLECTIVO","MUNICIPAL","CHUBUT","COMODORO RIVADAVIA",7379,"NO"
2026-03-12,"TRANSPORTE SAN JORGE S.A.","LINEA_001_JUJ","NO","COLECTIVO","MUNICIPAL","JUJUY","SAN SALVADOR DE JUJUY",7910,"NO"
2026-03-12,"EXPRESO COLONIA SA","LINEA_001_NQN","NO","COLECTIVO","MUNICIPAL","NEUQUÉN","SAN MARTIN DE LOS ANDES",5281,"NO"
2026-03-12,"LA NUEVA PERLA SRL","LINEA_001_PERG","NO","COLECTIVO","MUNICIPAL","BUENOS AIRES","PERGAMINO",2281,"NO"
2026-03-12,"COOPERATIVA REGIONAL DE ELECTRICIDAD DE OBRAS Y OTROS SERVICIOS DE GRAL PICO (CORPICO LTDA)","LINEA_001_PMP","NO","COLECTIVO","MUNICIPAL","LA PAMPA","GENERAL PICO",526,"NO"
2026-03-12,"ERSA URBANO SA","LINEA_001_SFE","NO","COLECTIVO","MUNICIPAL","SANTA FE","SANTA FE",7743,"NO"
2026-03-12,"EMPRESA VERCELLI HNOS S A C I F A E I","LINEA_001_SN","NO","COLECTIVO","MUNICIPAL","BUENOS AIRES","SAN NICOLAS DE LOS ARROYOS",1757,"NO"
2026-03-12,"TRANSPORTE EL 22 SRL","LINEA_002","NO","COLECTIVO","MUNICIPAL","CHUBUT","TRELEW",4869,"NO"
2026-03-12,"ERSA URBANO S.A UNION TRANSITORIA","LINEA_002","NO","COLECTIVO","PROVINCIAL","CHACO","SN",947,"NO"
2026-03-12,"PATAGONIA ARGENTINA S.R.L.","LINEA_002_CHT","NO","COLECTIVO","MUNICIPAL","CHUBUT","COMODORO RIVADAVIA",4623,"NO"
2026-03-12,"EXPRESO COLONIA SA","LINEA_002_NQN","NO","COLECTIVO","MUNICIPAL","NEUQUÉN","SAN MARTIN DE LOS ANDES",593,"NO"
2026-03-12,"LA NUEVA PERLA SRL","LINEA_002_PERG","NO","COLECTIVO","MUNICIPAL","BUENOS AIRES","PERGAMINO",185,"NO"
2026-03-12,"COOPERATIVA REGIONAL DE ELECTRICIDAD DE OBRAS Y OTROS SERVICIOS DE GRAL PICO (CORPICO LTDA)","LINEA_002_PMP","NO","COLECTIVO","MUNICIPAL","LA PAMPA","GENERAL PICO",1055,"NO"
2026-03-12,"ERSA URBANO SA","LINEA_002_SFE","NO","COLECTIVO","MUNICIPAL","SANTA FE","SANTA FE",6010,"NO"
2026-03-12,"EMPRESA MAYO SRL","LINEA_002_SJUAN","NO","COLECTIVO","PROVINCIAL","SAN JUAN","SN",5707,"NO"
2026-03-12,"EMPRESA VERCELLI HNOS S A C I F A E I","LINEA_002_SN","NO","COLECTIVO","MUNICIPAL","BUENOS AIRES","SAN NICOLAS DE LOS ARROYOS",2104,"NO"
2026-03-12,"TIRO FEDERAL RESISTENCIA SRL- LA CORDIAL SRL- MICROBUS SRL. U.T.E","LINEA_003","NO","COLECTIVO","PROVINCIAL","CHACO","SN",1957,"NO"
2026-03-12,"PATAGONIA ARGENTINA S.R.L.","LINEA_003_CHT","NO","COLECTIVO","MUNICIPAL","CHUBUT","COMODORO RIVADAVIA",8490,"NO"
2026-03-12,"TRANSPORTE EL 22 SRL","LINEA_003_CHT","NO","COLECTIVO","MUNICIPAL","CHUBUT","TRELEW",4213,"NO"
2026-03-12,"TRANSPORTE SAN JORGE S.A.","LINEA_003_JUJ","NO","COLECTIVO","MUNICIPAL","JUJUY","SAN SALVADOR DE JUJUY",3022,"NO"
2026-03-12,"EXPRESO COLONIA SA","LINEA_003_NQN","NO","COLECTIVO","MUNICIPAL","NEUQUÉN","SAN MARTIN DE LOS ANDES",520,"NO"
2026-03-12,"ERSA URBANO SA","LINEA_003_SFE","NO","COLECTIVO","MUNICIPAL","SANTA FE","SANTA FE",6796,"NO"
2026-03-12,"TRANSPORTE DE PASAJEROS EL TRIUNFO SA","LINEA_003_SJUAN","NO","COLECTIVO","PROVINCIAL","SAN JUAN","SN",6028,"NO"
2026-03-12,"EMPRESA VERCELLI HNOS S A C I F A E I","LINEA_003_SN","NO","COLECTIVO","MUNICIPAL","BUENOS AIRES","SAN NICOLAS DE LOS ARROYOS",762,"NO"
2026-03-12,"PATAGONIA ARGENTINA S.R.L.","LINEA_004_CHT","NO","COLECTIVO","MUNICIPAL","CHUBUT","COMODORO RIVADAVIA",8283,"NO"
2026-03-12,"TRANSPORTE EL 22 SRL","LINEA_004_CHT","NO","COLECTIVO","MUNICIPAL","CHUBUT","TRELEW",3691,"NO"
2026-03-12,"COOPERATIVA DE TRABAJO UNION BUS LIMITADA","LINEA_004_JUJ","NO","COLECTIVO","MUNICIPAL","JUJUY","SAN SALVADOR DE JUJUY",3986,"NO"
2026-03-12,"EXPRESO COLONIA SA","LINEA_004_NQN","NO","COLECTIVO","MUNICIPAL","NEUQUÉN","SAN MARTIN DE LOS ANDES",673,"NO"
2026-03-12,"AUTOBUSES SANTA FE S.R.L","LINEA_004_SFE","NO","COLECTIVO","MUNICIPAL","SANTA FE","SANTA FE",5362,"NO"
2026-03-12,"EMPRESA DE TRANSPORTES ALBARDON SRL","LINEA_004_SJUAN","NO","COLECTIVO","PROVINCIAL","SAN JUAN","SN",8209,"NO"
2026-03-12,"EMPRESA VERCELLI HNOS S A C I F A E I","LINEA_004_SN","NO","COLECTIVO","MUNICIPAL","BUENOS AIRES","SAN NICOLAS DE LOS ARROYOS",3091,"NO"
2026-03-12,"TRANSPORTE EL 22 SRL","LINEA_005","NO","COLECTIVO","MUNICIPAL","CHUBUT","TRELEW",1682,"NO"
2026-03-12,"SAN FERNANDO URBANOS SRL","LINEA_005","NO","COLECTIVO","PROVINCIAL","CHACO","SN",5294,"NO"
2026-03-12,"PATAGONIA ARGENTINA S.R.L.","LINEA_005_CHT","NO","COLECTIVO","MUNICIPAL","CHUBUT","COMODORO RIVADAVIA",6001,"NO"
2026-03-12,"TRANSPORTES AUTOMOTORES COLON SRL","LINEA_005_JU","NO","COLECTIVO","MUNICIPAL","JUJUY","SAN SALVADOR DE JUJUY",2436,"NO"
2026-03-12,"EXPRESO COLONIA SA","LINEA_005_NQN","NO","COLECTIVO","MUNICIPAL","NEUQUÉN","SAN MARTIN DE LOS ANDES",384,"NO"
2026-03-12,"EMPRESA RECREO S R L","LINEA_005_SFE","NO","COLECTIVO","MUNICIPAL","SANTA FE","SANTA FE",12686,"NO"
2026-03-12,"EMPRESA VERCELLI HNOS S A C I F A E I","LINEA_005_SN","NO","COLECTIVO","MUNICIPAL","BUENOS AIRES","SAN NICOLAS DE LOS ARROYOS",2137,"NO"
2026-03-12,"EXPRESO COLONIA SA","LINEA_006_NQN","NO","COLECTIVO","MUNICIPAL","NEUQUÉN","SAN MARTIN DE LOS ANDES",35,"NO"
2026-03-12,"EMPRESA VERCELLI HNOS S A C I F A E I","LINEA_006_SN","NO","COLECTIVO","MUNICIPAL","BUENOS AIRES","SAN NICOLAS DE LOS ARROYOS",525,"NO"
2026-03-12,"PATAGONIA ARGENTINA S.R.L.","LINEA_007_CHT","NO","COLECTIVO","MUNICIPAL","CHUBUT","COMODORO RIVADAVIA",2554,"NO"
2026-03-12,"TRANSPORTE SAN JORGE S.A.","LINEA_007_JUJ","NO","COLECTIVO","MUNICIPAL","JUJUY","SAN SALVADOR DE JUJUY",977,"NO"
2026-03-12,"EMPRESA VERCELLI HNOS S A C I F A E I","LINEA_007_SN","NO","COLECTIVO","MUNICIPAL","BUENOS AIRES","SAN NICOLAS DE LOS ARROYOS",495,"NO"
2026-03-12,"TIRO FEDERAL RESISTENCIA SRL- LA CORDIAL SRL- MICROBUS SRL. U.T.E","LINEA_008","NO","COLECTIVO","PROVINCIAL","CHACO","SN",4593,"NO"
2026-03-12,"PATAGONIA ARGENTINA S.R.L.","LINEA_008_CHT","NO","COLECTIVO","MUNICIPAL","CHUBUT","COMODORO RIVADAVIA",12556,"NO"
2026-03-12,"AUTOBUSES SANTA FE S.R.L","LINEA_008_SFE","NO","COLECTIVO","MUNICIPAL","SANTA FE","SANTA FE",8025,"NO"
2026-03-12,"EMPRESA VERCELLI HNOS S A C I F A E I","LINEA_008_SN","NO","COLECTIVO","MUNICIPAL","BUENOS AIRES","SAN NICOLAS DE LOS ARROYOS",3701,"NO"
2026-03-12,"ERSA URBANO S.A UNION TRANSITORIA","LINEA_009","NO","COLECTIVO","PROVINCIAL","CHACO","SN",3010,"NO"
2026-03-12,"PATAGONIA ARGENTINA S.R.L.","LINEA_009_CHT","NO","COLECTIVO","MUNICIPAL","CHUBUT","COMODORO RIVADAVIA",1713,"NO"
2026-03-12,"EL URBANO SRL","LINEA_009_JUJ","NO","COLECTIVO","MUNICIPAL","JUJUY","SAN SALVADOR DE JUJUY",4342,"NO"
2026-03-12,"EXPRESO COLONIA SA","LINEA_009_NQN","NO","COLECTIVO","MUNICIPAL","NEUQUÉN","SAN MARTIN DE LOS ANDES",435,"NO"
2026-03-12,"ERSA URBANO SA","LINEA_009_SFE","NO","COLECTIVO","MUNICIPAL","SANTA FE","SANTA FE",5950,"NO"
2026-03-12,"EMPRESA VERCELLI HNOS S A C I F A E I","LINEA_009_SN","NO","COLECTIVO","MUNICIPAL","BUENOS AIRES","SAN NICOLAS DE LOS ARROYOS",2972,"NO"
2026-03-12,"EMPRESA DE TRANSPORTE AMANCAY SRL","LINEA_010_BRC","NO","COLECTIVO","MUNICIPAL","RÍO NEGRO","SAN CARLOS DE BARILOCHE",544,"NO"
2026-03-12,"DIADEMA S.A.","LINEA_010_CHT","NO","COLECTIVO","MUNICIPAL","CHUBUT","COMODORO RIVADAVIA",362,"NO"
2026-03-12,"SANTA ANA SRL","LINEA_010_JUJ","NO","COLECTIVO","MUNICIPAL","JUJUY","SAN SALVADOR DE JUJUY",8517,"NO"
2026-03-12,"EMPR.TRANSP AUTOMOTOR DE PASAJEROS GRAL SAVIO SRL","LINEA_010_PAL_PROV","NO","COLECTIVO","PROVINCIAL","JUJUY","SN",5304,"NO"
2026-03-12,"EMPRESA RECREO S R L","LINEA_010_SFE","NO","COLECTIVO","MUNICIPAL","SANTA FE","SANTA FE",6186,"NO"
2026-03-12,"EMPRESA MAYO SRL","LINEA_010_SJUAN","NO","COLECTIVO","PROVINCIAL","SAN JUAN","SN",1835,"NO"
2026-03-12,"EMPRESA VERCELLI HNOS S A C I F A E I","LINEA_010_SN","NO","COLECTIVO","MUNICIPAL","BUENOS AIRES","SAN NICOLAS DE LOS ARROYOS",4881,"NO"
2026-03-12,"DIADEMA S.A.","LINEA_011_CHT","NO","COLECTIVO","MUNICIPAL","CHUBUT","COMODORO RIVADAVIA",1483,"NO"
2026-03-12,"EMPRESA RECREO S R L","LINEA_011_SFE","NO","COLECTIVO","MUNICIPAL","SANTA FE","SANTA FE",7894,"NO"
2026-03-12,"SANTA ANA SRL","LINEA_011A_JUJ","NO","COLECTIVO","MUNICIPAL","JUJUY","SAN SALVADOR DE JUJUY",3288,"NO"
2026-03-12,"SANTA ANA SRL","LINEA_011B_JUJ","NO","COLECTIVO","MUNICIPAL","JUJUY","SAN SALVADOR DE JUJUY",1275,"NO"
2026-03-12,"TIRO FEDERAL RESISTENCIA SRL- LA CORDIAL SRL- MICROBUS SRL. U.T.E","LINEA_012","NO","COLECTIVO","PROVINCIAL","CHACO","SN",3388,"NO"
2026-03-12,"PATAGONIA ARGENTINA S.R.L.","LINEA_012_CHT","NO","COLECTIVO","MUNICIPAL","CHUBUT","COMODORO RIVADAVIA",4308,"NO"
2026-03-12,"SANTA ANA SRL","LINEA_012_JUJ","NO","COLECTIVO","MUNICIPAL","JUJUY","SAN SALVADOR DE JUJUY",4253,"NO"
2026-03-12,"EMPRESA DE TRANSPORTE AMANCAY SRL","LINEA_013_BRC","NO","COLECTIVO","MUNICIPAL","RÍO NEGRO","SAN CARLOS DE BARILOCHE",188,"NO"
2026-03-12,"PATAGONIA ARGENTINA S.R.L.","LINEA_013_CHT","NO","COLECTIVO","MUNICIPAL","CHUBUT","COMODORO RIVADAVIA",3917,"NO"
2026-03-12,"EL URBANO SRL","LINEA_013_JUJ","NO","COLECTIVO","MUNICIPAL","JUJUY","SAN SALVADOR DE JUJUY",2447,"NO"
2026-03-12,"EMPRESA RECREO S R L","LINEA_013_SFE","NO","COLECTIVO","MUNICIPAL","SANTA FE","SANTA FE",7846,"NO"
2026-03-12,"EL URBANO SRL","LINEA_014_JUJ","NO","COLECTIVO","MUNICIPAL","JUJUY","SAN SALVADOR DE JUJUY",5817,"NO"
2026-03-12,"AUTOBUSES SANTA FE S.R.L","LINEA_014_SFE","NO","COLECTIVO","MUNICIPAL","SANTA FE","SANTA FE",4997,"NO"
2026-03-12,"SANTA ANA SRL","LINEA_015_JUJ","NO","COLECTIVO","MUNICIPAL","JUJUY","SAN SALVADOR DE JUJUY",3451,"NO"
2026-03-12,"EMPR.TRANSP AUTOMOTOR DE PASAJEROS GRAL SAVIO SRL","LINEA_015_PAL","NO","COLECTIVO","PROVINCIAL","JUJUY","SN",844,"NO"
2026-03-12,"ERSA URBANO SA","LINEA_015_SFE","NO","COLECTIVO","MUNICIPAL","SANTA FE","SANTA FE",7160,"NO"
2026-03-12,"SANTA ANA SRL","LINEA_016_JUJ","NO","COLECTIVO","MUNICIPAL","JUJUY","SAN SALVADOR DE JUJUY",1463,"NO"
2026-03-12,"EMPRESA RECREO S R L","LINEA_016_SFE","NO","COLECTIVO","MUNICIPAL","SANTA FE","SANTA FE",7417,"NO"
2026-03-12,"SANTA ANA SRL","LINEA_017_JUJ","NO","COLECTIVO","MUNICIPAL","JUJUY","SAN SALVADOR DE JUJUY",2674,"NO"
2026-03-12,"COOPERATIVA DE TRABAJO UNION BUS LIMITADA","LINEA_018_JUJ","NO","COLECTIVO","MUNICIPAL","JUJUY","SAN SALVADOR DE JUJUY",3417,"NO"
2026-03-12,"EMPRESA RECREO S R L","LINEA_018_SFE","NO","COLECTIVO","MUNICIPAL","SANTA FE","SANTA FE",9455,"NO"
2026-03-12,"SANTA ANA SRL","LINEA_019_JUJ","NO","COLECTIVO","MUNICIPAL","JUJUY","SAN SALVADOR DE JUJUY",2221,"NO"
2026-03-12,"EMPRESA DE TRANSPORTE AMANCAY SRL","LINEA_020_BRC","NO","COLECTIVO","MUNICIPAL","RÍO NEGRO","SAN CARLOS DE BARILOCHE",7230,"NO"
2026-03-12,"SANTA ANA SRL","LINEA_020_JUJ","NO","COLECTIVO","MUNICIPAL","JUJUY","SAN SALVADOR DE JUJUY",4661,"NO"
2026-03-12,"EMPRESA MAYO SRL","LINEA_020_SJUAN","NO","COLECTIVO","PROVINCIAL","SAN JUAN","SN",1736,"NO"
2026-03-12,"EMPRESA DE TRANSPORTE AMANCAY SRL","LINEA_021_BRC","NO","COLECTIVO","MUNICIPAL","RÍO NEGRO","SAN CARLOS DE BARILOCHE",1766,"NO"
2026-03-12,"TRANSPORTES AUTOMOTORES COLON SRL","LINEA_021_JUJ","NO","COLECTIVO","MUNICIPAL","JUJUY","SAN SALVADOR DE JUJUY",1398,"NO"
2026-03-12,"EL URBANO SRL","LINEA_022_JUJ","NO","COLECTIVO","MUNICIPAL","JUJUY","SAN SALVADOR DE JUJUY",2165,"NO"
2026-03-12,"AUTOBUSES SANTA FE S.R.L","LINEA_022_SFE","NO","COLECTIVO","MUNICIPAL","SANTA FE","SANTA FE",2629,"NO"
2026-03-12,"TRANSPORTE SAN JORGE S.A.","LINEA_023_JUJ","NO","COLECTIVO","MUNICIPAL","JUJUY","SAN SALVADOR DE JUJUY",634,"NO"
2026-03-12,"SANTA ANA SRL","LINEA_024_JUJ","NO","COLECTIVO","MUNICIPAL","JUJUY","SAN SALVADOR DE JUJUY",1007,"NO"
2026-03-12,"TRANSPORTES AUTOMOTORES COLON SRL","LINEA_025_JU","NO","COLECTIVO","MUNICIPAL","JUJUY","SAN SALVADOR DE JUJUY",415,"NO"
2026-03-12,"EMPR.TRANSP AUTOMOTOR DE PASAJEROS GRAL SAVIO SRL","LINEA_025C_PAL","NO","COLECTIVO","PROVINCIAL","JUJUY","SN",376,"NO"
2026-03-12,"TRANSPORTES AUTOMOTORES COLON SRL","LINEA_026_JU","NO","COLECTIVO","MUNICIPAL","JUJUY","SAN SALVADOR DE JUJUY",1025,"NO"
2026-03-12,"TRANSPORTES AUTOMOTORES COLON SRL","LINEA_027_JU","NO","COLECTIVO","MUNICIPAL","JUJUY","SAN SALVADOR DE JUJUY",3222,"NO"
2026-03-12,"SANTA ANA SRL","LINEA_029_JUJ","NO","COLECTIVO","MUNICIPAL","JUJUY","SAN SALVADOR DE JUJUY",835,"NO"
2026-03-12,"SANTA ANA SRL","LINEA_02_JUJ","NO","COLECTIVO","MUNICIPAL","JUJUY","SAN SALVADOR DE JUJUY",2349,"NO"
2026-03-12,"SANTA ANA SRL","LINEA_030_JUJ","NO","COLECTIVO","MUNICIPAL","JUJUY","SAN SALVADOR DE JUJUY",5537,"NO"
2026-03-12,"TRANSPORTE DE PASAJEROS ALTO DE SIERRA S.R.L.","LINEA_030_SJUAN","NO","COLECTIVO","PROVINCIAL","SAN JUAN","SN",362,"NO"
2026-03-12,"EMPRESA DE TRANSPORTE AMANCAY SRL","LINEA_031_BRC","NO","COLECTIVO","MUNICIPAL","RÍO NEGRO","SAN CARLOS DE BARILOCHE",318,"NO"
2026-03-12,"EL URBANO SRL","LINEA_031_JUJ","NO","COLECTIVO","MUNICIPAL","JUJUY","SAN SALVADOR DE JUJUY",3943,"NO"
2026-03-12,"TRANSPORTES AUTOMOTORES COLON SRL","LINEA_032_JU","NO","COLECTIVO","MUNICIPAL","JUJUY","SAN SALVADOR DE JUJUY",3419,"NO"
2026-03-12,"COOPERATIVA DE TRABAJO UNION BUS LIMITADA","LINEA_033_JUJ","NO","COLECTIVO","MUNICIPAL","JUJUY","SAN SALVADOR DE JUJUY",2708,"NO"
2026-03-12,"TRANSPORTES AUTOMOTORES COLON SRL","LINEA_034_JU","NO","COLECTIVO","MUNICIPAL","JUJUY","SAN SALVADOR DE JUJUY",1202,"NO"
2026-03-12,"SANTA ANA SRL","LINEA_035_JUJ","NO","COLECTIVO","MUNICIPAL","JUJUY","SAN SALVADOR DE JUJUY",1268,"NO"
2026-03-12,"SANTA ANA SRL","LINEA_036_JUJ","NO","COLECTIVO","MUNICIPAL","JUJUY","SAN SALVADOR DE JUJUY",1844,"NO"
2026-03-12,"TRANSPORTES AUTOMOTORES COLON SRL","LINEA_037_JU","NO","COLECTIVO","MUNICIPAL","JUJUY","SAN SALVADOR DE JUJUY",1010,"NO"
2026-03-12,"SANTA ANA SRL","LINEA_038_JUJ","NO","COLECTIVO","MUNICIPAL","JUJUY","SAN SALVADOR DE JUJUY",1605,"NO"
2026-03-12,"SANTA ANA SRL","LINEA_039_JUJ","NO","COLECTIVO","MUNICIPAL","JUJUY","SAN SALVADOR DE JUJUY",2030,"NO"
2026-03-12,"EMPRESA DE TRANSPORTE AMANCAY SRL","LINEA_040/041_BRC","NO","COLECTIVO","MUNICIPAL","RÍO NEGRO","SAN CARLOS DE BARILOCHE",1822,"NO"
2026-03-12,"TRANSPORTES AUTOMOTORES COLON SRL","LINEA_040_JU","NO","COLECTIVO","MUNICIPAL","JUJUY","SAN SALVADOR DE JUJUY",1788,"NO"
2026-03-12,"EMPRESA DE TRANSPORTES ALBARDON SRL","LINEA_040_SJUAN","NO","COLECTIVO","PROVINCIAL","SAN JUAN","SN",1614,"NO"
2026-03-12,"TRANSPORTE SAN JORGE S.A.","LINEA_041_JUJ","NO","COLECTIVO","MUNICIPAL","JUJUY","SAN SALVADOR DE JUJUY",709,"NO"
2026-03-12,"EL URBANO SRL","LINEA_042_JUJ","NO","COLECTIVO","MUNICIPAL","JUJUY","SAN SALVADOR DE JUJUY",2463,"NO"
2026-03-12,"EL URBANO SRL","LINEA_043_JUJ","NO","COLECTIVO","MUNICIPAL","JUJUY","SAN SALVADOR DE JUJUY",1479,"NO"
2026-03-12,"TRANSPORTES AUTOMOTORES COLON SRL","LINEA_044_JU","NO","COLECTIVO","MUNICIPAL","JUJUY","SAN SALVADOR DE JUJUY",191,"NO"
2026-03-12,"TRANSPORTE SAN JORGE S.A.","LINEA_045_JUJ","NO","COLECTIVO","MUNICIPAL","JUJUY","SAN SALVADOR DE JUJUY",735,"NO"
2026-03-12,"TRANSPORTE SAN CAYETANO S.R.L.","LINEA_045_PAL","NO","COLECTIVO","PROVINCIAL","JUJUY","SN",295,"NO"
2026-03-12,"TRANSPORTE SAN CAYETANO S.R.L.","LINEA_045A_PAL","NO","COLECTIVO","PROVINCIAL","JUJUY","SN",506,"NO"
2026-03-12,"COOPERATIVA DE TRABAJO UNION BUS LIMITADA","LINEA_046_JUJ","NO","COLECTIVO","MUNICIPAL","JUJUY","SAN SALVADOR DE JUJUY",2132,"NO"
2026-03-12,"EL URBANO SRL","LINEA_047_JUJ","NO","COLECTIVO","MUNICIPAL","JUJUY","SAN SALVADOR DE JUJUY",8358,"NO"
2026-03-12,"EL URBANO SRL","LINEA_048I_JUJ","NO","COLECTIVO","MUNICIPAL","JUJUY","SAN SALVADOR DE JUJUY",5361,"NO"
2026-03-12,"SANTA ANA SRL","LINEA_049_JUJ","NO","COLECTIVO","MUNICIPAL","JUJUY","SAN SALVADOR DE JUJUY",6755,"NO"
2026-03-12,"EMPR.TRANSP AUTOMOTOR DE PASAJEROS GRAL SAVIO SRL","LINEA_049_PAL_PROV","NO","COLECTIVO","PROVINCIAL","JUJUY","SN",3844,"NO"
2026-03-12,"EMPR.TRANSP AUTOMOTOR DE PASAJEROS GRAL SAVIO SRL","LINEA_049A_PAL_PROV","NO","COLECTIVO","PROVINCIAL","JUJUY","SN",6817,"NO"
2026-03-12,"EMPR.TRANSP AUTOMOTOR DE PASAJEROS GRAL SAVIO SRL","LINEA_049B_PAL","NO","COLECTIVO","PROVINCIAL","JUJUY","SN",772,"NO"
2026-03-12,"EMPR.TRANSP AUTOMOTOR DE PASAJEROS GRAL SAVIO SRL","LINEA_049F_PAL","NO","COLECTIVO","PROVINCIAL","JUJUY","SN",2162,"NO"
2026-03-12,"TRANSPORTE AUTOMOTOR DE PASAJEROS FIGUEROA S.A.","LINEA_050","NO","COLECTIVO","PROVINCIAL","JUJUY","SN",394,"NO"
2026-03-12,"EMPRESA DE TRANSPORTE AMANCAY SRL","LINEA_050_BRC","NO","COLECTIVO","MUNICIPAL","RÍO NEGRO","SAN CARLOS DE BARILOCHE",5396,"NO"
2026-03-12,"EMPRESA DE TRANSPORTE AMANCAY SRL","LINEA_051_BRC","NO","COLECTIVO","MUNICIPAL","RÍO NEGRO","SAN CARLOS DE BARILOCHE",4280,"NO"
2026-03-12,"SANTA ANA SRL","LINEA_052_JUJ","NO","COLECTIVO","MUNICIPAL","JUJUY","SAN SALVADOR DE JUJUY",5284,"NO"
2026-03-12,"EMPR.TRANSP AUTOMOTOR DE PASAJEROS GRAL SAVIO SRL","LINEA_052_PAL","NO","COLECTIVO","PROVINCIAL","JUJUY","SN",1686,"NO"
2026-03-12,"EMPRESA DE TRANSPORTE AMANCAY SRL","LINEA_055_BRC","NO","COLECTIVO","MUNICIPAL","RÍO NEGRO","SAN CARLOS DE BARILOCHE",197,"NO"
2026-03-12,"TRANSPORTE FUTURO SRL","LINEA_06","NO","COLECTIVO","PROVINCIAL","JUJUY","SN",962,"NO"
2026-03-12,"EMPRESA DE TRANSPORTE AMANCAY SRL","LINEA_060_BRC","NO","COLECTIVO","MUNICIPAL","RÍO NEGRO","SAN CARLOS DE BARILOCHE",4220,"NO"
2026-03-12,"EMPRESA DE TRANSPORTE AMANCAY SRL","LINEA_061_BRC","NO","COLECTIVO","MUNICIPAL","RÍO NEGRO","SAN CARLOS DE BARILOCHE",4514,"NO"
2026-03-12,"SANTA ANA SRL","LINEA_06_JUJ","NO","COLECTIVO","MUNICIPAL","JUJUY","SAN SALVADOR DE JUJUY",2352,"NO"
2026-03-12,"EMPRESA DE TRANSPORTE AMANCAY SRL","LINEA_070_BRC","NO","COLECTIVO","MUNICIPAL","RÍO NEGRO","SAN CARLOS DE BARILOCHE",1151,"NO"
2026-03-12,"EMPRESA DE TRANSPORTE AMANCAY SRL","LINEA_071_BRC","NO","COLECTIVO","MUNICIPAL","RÍO NEGRO","SAN CARLOS DE BARILOCHE",1068,"NO"
2026-03-12,"EMPRESA DE TRANSPORTE AMANCAY SRL","LINEA_072_BRC","NO","COLECTIVO","MUNICIPAL","RÍO NEGRO","SAN CARLOS DE BARILOCHE",435,"NO"
2026-03-12,"TRANSPORTE AUTOMOTOR DE PASAJEROS FIGUEROA S.A.","LINEA_08","NO","COLECTIVO","PROVINCIAL","JUJUY","SN",1284,"NO"
2026-03-12,"EMPRESA DE TRANSPORTE AMANCAY SRL","LINEA_081_BRC","NO","COLECTIVO","MUNICIPAL","RÍO NEGRO","SAN CARLOS DE BARILOCHE",3414,"NO"
2026-03-12,"EMPRESA DE TRANSPORTE AMANCAY SRL","LINEA_082_BRC","NO","COLECTIVO","MUNICIPAL","RÍO NEGRO","SAN CARLOS DE BARILOCHE",827,"NO"
2026-03-12,"EMPRESA DE TRANSPORTE AMANCAY SRL","LINEA_083_BRC","NO","COLECTIVO","MUNICIPAL","RÍO NEGRO","SAN CARLOS DE BARILOCHE",4607,"NO"
2026-03-12,"SANTA ANA SRL","LINEA_08_JUJ","NO","COLECTIVO","MUNICIPAL","JUJUY","SAN SALVADOR DE JUJUY",5332,"NO"
2026-03-12,"TRANSPORTE SAN CAYETANO S.R.L.","LINEA_08_PAL","NO","COLECTIVO","PROVINCIAL","JUJUY","SN",538,"NO"
2026-03-12,"TRANSPORTE SAN CAYETANO S.R.L.","LINEA_08A_PAL","NO","COLECTIVO","PROVINCIAL","JUJUY","SN",229,"NO"
2026-03-12,"TRANSPORTE SAN CAYETANO S.R.L.","LINEA_08B_PAL","NO","COLECTIVO","PROVINCIAL","JUJUY","SN",47,"NO"
2026-03-12,"TRANSPORTE AUTOMOTOR DE PASAJEROS FIGUEROA S.A.","LINEA_09","NO","COLECTIVO","PROVINCIAL","JUJUY","SN",951,"NO"
2026-03-12,"TRANSPORTE FUTURO SRL","LINEA_09","NO","COLECTIVO","PROVINCIAL","JUJUY","SN",2641,"NO"
2026-03-12,"TRANSPORTE SAN CAYETANO S.R.L.","LINEA_09_PAL","NO","COLECTIVO","PROVINCIAL","JUJUY","SN",164,"NO"
2026-03-12,"TRANSPORTE SAN CAYETANO S.R.L.","LINEA_09A_PAL","NO","COLECTIVO","PROVINCIAL","JUJUY","SN",90,"NO"
2026-03-12,"TRANSPORTE SAN CAYETANO S.R.L.","LINEA_09C_PAL","NO","COLECTIVO","PROVINCIAL","JUJUY","SN",411,"NO"
2026-03-12,"TRANSPORTE SAN CAYETANO S.R.L.","LINEA_09D_PAL","NO","COLECTIVO","PROVINCIAL","JUJUY","SN",52,"NO"
2026-03-12,"AUTOTRANSPORTE CEFERINO S.R.L","LINEA_1","NO","COLECTIVO","MUNICIPAL","CHUBUT","RAWSON",269,"NO"
2026-03-12,"AMERICA TRANSPORTE AUTOMOTOR S.R.L. - AZUL S.A. T.A. - UTE.","LINEA_100_SFE","NO","COLECTIVO","PROVINCIAL","SANTA FE","SN",3744,"NO"
2026-03-12,"U.T.E EMPRESA DE TRANSPORTE DE PASAJEROS LA MARINA SA- LA POSITIVA SA","LINEA_100_SJUAN","NO","COLECTIVO","PROVINCIAL","SAN JUAN","SN",3418,"NO"
2026-03-12,"COOPERATIVA DE TRABAJO DE TRANSPORTE SAN FERNANDO LTDA","LINEA_101","NO","COLECTIVO","PROVINCIAL","CATAMARCA","SN",1372,"NO"
2026-03-12,"ERSA URBANO S.A UNION TRANSITORIA","LINEA_101","NO","COLECTIVO","PROVINCIAL","CHACO","SN",1599,"NO"
2026-03-12,"MIRAMAR ESTRELLA U.T.","LINEA_101_CORR","NO","COLECTIVO","MUNICIPAL","CORRIENTES","CORRIENTES",6131,"NO"
2026-03-12,"ROSARIO BUS  S.A","LINEA_101_NEGRA","NO","COLECTIVO","MUNICIPAL","SANTA FE","ROSARIO",8549,"NO"
2026-03-12,"AMERICA TRANSPORTE AUTOMOTOR S.R.L. - AZUL S.A. T.A. - UTE.","LINEA_101_SFE","NO","COLECTIVO","PROVINCIAL","SANTA FE","SN",709,"NO"
2026-03-12,"U.T.E EMPRESA DE TRANSPORTE DE PASAJEROS LA MARINA SA- LA POSITIVA SA","LINEA_101_SJUAN","NO","COLECTIVO","PROVINCIAL","SAN JUAN","SN",3163,"NO"
2026-03-12,"COOPERATIVA DE TRABAJO DE TRANSPORTE SAN FERNANDO LTDA","LINEA_102","NO","COLECTIVO","PROVINCIAL","CATAMARCA","SN",3086,"NO"
2026-03-12,"ERSA URBANO SA","LINEA_102_CORR","NO","COLECTIVO","MUNICIPAL","CORRIENTES","CORRIENTES",10427,"NO"
2026-03-12,"MOVI ROSARIO S.A.U","LINEA_102_ROJA","NO","COLECTIVO","MUNICIPAL","SANTA FE","ROSARIO",5313,"NO"
2026-03-12,"AMERICA TRANSPORTE AUTOMOTOR S.R.L. - AZUL S.A. T.A. - UTE.","LINEA_102_SFE","NO","COLECTIVO","PROVINCIAL","SANTA FE","SN",39,"NO"
2026-03-12,"U.T.E EMPRESA DE TRANSPORTE DE PASAJEROS LA MARINA SA- LA POSITIVA SA","LINEA_102_SJUAN","NO","COLECTIVO","PROVINCIAL","SAN JUAN","SN",2569,"NO"
2026-03-12,"ROSARIO BUS  S.A","LINEA_102NEGRA_144NEGRA","NO","COLECTIVO","MUNICIPAL","SANTA FE","ROSARIO",9131,"NO"
2026-03-12,"ROSARIO BUS  S.A","LINEA_103","NO","COLECTIVO","MUNICIPAL","SANTA FE","ROSARIO",22439,"NO"
2026-03-12,"LINEAS G.M. SRL","LINEA_103_CAT","NO","COLECTIVO","PROVINCIAL","CATAMARCA","SN",3085,"NO"
2026-03-12,"ERSA URBANO SA","LINEA_103_CORR","NO","COLECTIVO","MUNICIPAL","CORRIENTES","CORRIENTES",12151,"NO"
2026-03-12,"U.T.E EMPRESA DE TRANSPORTE DE PASAJEROS LA MARINA SA- LA POSITIVA SA","LINEA_103_SJUAN","NO","COLECTIVO","PROVINCIAL","SAN JUAN","SN",1358,"NO"
2026-03-12,"EL NENE SRL","LINEA_104_CAT","NO","COLECTIVO","PROVINCIAL","CATAMARCA","SN",6347,"NO"
2026-03-12,"ATACO NORTE S.A.C.I-NAVARRO HNOS S.R.L-U.T.E","LINEA_104_CHA","NO","COLECTIVO","PROVINCIAL","CHACO","SN",2246,"NO"
2026-03-12,"TRANSPORTE SAN LORENZO S.A UNION TRANSITORIA","LINEA_104_CORR","NO","COLECTIVO","MUNICIPAL","CORRIENTES","CORRIENTES",10775,"NO"
2026-03-12,"U.T.E EMPRESA DE TRANSPORTE DE PASAJEROS LA MARINA SA- LA POSITIVA SA","LINEA_104_SJUAN","NO","COLECTIVO","PROVINCIAL","SAN JUAN","SN",2727,"NO"
2026-03-12,"LINEAS G.M. SRL","LINEA_105_CAT","NO","COLECTIVO","PROVINCIAL","CATAMARCA","SN",3242,"NO"
2026-03-12,"ERSA URBANO SA","LINEA_105_CORR","NO","COLECTIVO","MUNICIPAL","CORRIENTES","CORRIENTES",11769,"NO"
2026-03-12,"MOVI ROSARIO S.A.U","LINEA_106","NO","COLECTIVO","MUNICIPAL","SANTA FE","ROSARIO",5608,"NO"
2026-03-12,"ERSA URBANO S.A UNION TRANSITORIA","LINEA_106","NO","COLECTIVO","PROVINCIAL","CHACO","SN",4410,"NO"
2026-03-12,"LA RUBI SRL","LINEA_106_CAT","NO","COLECTIVO","PROVINCIAL","CATAMARCA","SN",4831,"NO"
2026-03-12,"ERSA URBANO SA","LINEA_106_CORR","NO","COLECTIVO","MUNICIPAL","CORRIENTES","CORRIENTES",8990,"NO"
2026-03-12,"ROSARIO BUS  S.A","LINEA_107","NO","COLECTIVO","MUNICIPAL","SANTA FE","ROSARIO",19245,"NO"
2026-03-12,"ERSA URBANO S.A UNION TRANSITORIA","LINEA_107","NO","COLECTIVO","PROVINCIAL","CHACO","SN",3095,"NO"
2026-03-12,"25 DE AGOSTO SRL","LINEA_108_CAT","NO","COLECTIVO","PROVINCIAL","CATAMARCA","SN",10752,"NO"
2026-03-12,"TRANSPORTE SAN LORENZO S.A UNION TRANSITORIA","LINEA_108_CORR","NO","COLECTIVO","MUNICIPAL","CORRIENTES","CORRIENTES",8505,"NO"
2026-03-12,"COOPERATIVA DE TRABAJO DE TRANSPORTE SAN FERNANDO LTDA","LINEA_109","NO","COLECTIVO","PROVINCIAL","CATAMARCA","SN",4298,"NO"
2026-03-12,"ERSA URBANO SA","LINEA_109_CORR","NO","COLECTIVO","MUNICIPAL","CORRIENTES","CORRIENTES",3273,"NO"
2026-03-12,"EMPRESA KOKO S.R.L","LINEA_10_NQN","NO","COLECTIVO","MUNICIPAL","NEUQUÉN","NEUQUEN",970,"NO"
2026-03-12,"COOPERATIVA DE TRABAJO PALBUS 2000 LIMITADA","LINEA_10A_JUJUY","NO","COLECTIVO","PROVINCIAL","JUJUY","SN",7954,"NO"
2026-03-12,"ROSARIO BUS  S.A","LINEA_110","NO","COLECTIVO","MUNICIPAL","SANTA FE","ROSARIO",20650,"NO"
2026-03-12,"ATACO NORTE S.A.C.I-NAVARRO HNOS S.R.L-U.T.E","LINEA_110_CHA","NO","COLECTIVO","PROVINCIAL","CHACO","SN",5377,"NO"
2026-03-12,"MIRAMAR ESTRELLA U.T.","LINEA_110_CORR","NO","COLECTIVO","MUNICIPAL","CORRIENTES","CORRIENTES",11029,"NO"
2026-03-12,"TIRO FEDERAL RESISTENCIA SRL- LA CORDIAL SRL- MICROBUS SRL. U.T.E","LINEA_111","NO","COLECTIVO","PROVINCIAL","CHACO","SN",3057,"NO"
2026-03-12,"MOVI ROSARIO S.A.U","LINEA_112","NO","COLECTIVO","MUNICIPAL","SANTA FE","ROSARIO",11977,"NO"
2026-03-12,"MOVI ROSARIO S.A.U","LINEA_113","NO","COLECTIVO","MUNICIPAL","SANTA FE","ROSARIO",5399,"NO"
2026-03-12,"MOVI ROSARIO S.A.U","LINEA_115","NO","COLECTIVO","MUNICIPAL","SANTA FE","ROSARIO",6428,"NO"
2026-03-12,"MOVI ROSARIO S.A.U","LINEA_115_AEROPUERTO","NO","COLECTIVO","MUNICIPAL","SANTA FE","ROSARIO",6253,"NO"
2026-03-12,"MOVI ROSARIO S.A.U","LINEA_116","NO","COLECTIVO","MUNICIPAL","SANTA FE","ROSARIO",5843,"NO"
2026-03-12,"EXPRESO TIGRE-IGUAZU SA","LINEA_11_NQN","NO","COLECTIVO","MUNICIPAL","NEUQUÉN","NEUQUEN",3146,"NO"
2026-03-12,"EMPR.TRANSP AUTOMOTOR DE PASAJEROS GRAL SAVIO SRL","LINEA_11K_PAL","NO","COLECTIVO","MUNICIPAL","JUJUY","PALPALA",696,"NO"
2026-03-12,"MOVI ROSARIO S.A.U","LINEA_120","NO","COLECTIVO","MUNICIPAL","SANTA FE","ROSARIO",5087,"NO"
2026-03-12,"U.T.E EMPRESA DE TRANSPORTE DE PASAJEROS LA MARINA SA- LA POSITIVA SA","LINEA_120_SJUAN","NO","COLECTIVO","PROVINCIAL","SAN JUAN","SN",3187,"NO"
2026-03-12,"MOVI ROSARIO S.A.U","LINEA_121","NO","COLECTIVO","MUNICIPAL","SANTA FE","ROSARIO",6974,"NO"
2026-03-12,"U.T.E EMPRESA DE TRANSPORTE DE PASAJEROS LA MARINA SA- LA POSITIVA SA","LINEA_121_SJUAN","NO","COLECTIVO","PROVINCIAL","SAN JUAN","SN",4091,"NO"
2026-03-12,"ROSARIO BUS  S.A","LINEA_122","NO","COLECTIVO","MUNICIPAL","SANTA FE","ROSARIO",21285,"NO"
2026-03-12,"U.T.E EMPRESA DE TRANSPORTE DE PASAJEROS LA MARINA SA- LA POSITIVA SA","LINEA_122_SJUAN","NO","COLECTIVO","PROVINCIAL","SAN JUAN","SN",3837,"NO"
2026-03-12,"MOVI ROSARIO S.A.U","LINEA_123","NO","COLECTIVO","MUNICIPAL","SANTA FE","ROSARIO",5802,"NO"
2026-03-12,"U.T.E EMPRESA DE TRANSPORTE DE PASAJEROS LA MARINA SA- LA POSITIVA SA","LINEA_123_SJUAN","NO","COLECTIVO","PROVINCIAL","SAN JUAN","SN",4611,"NO"
2026-03-12,"U.T.E EMPRESA DE TRANSPORTE DE PASAJEROS LA MARINA SA- LA POSITIVA SA","LINEA_124_SJUAN","NO","COLECTIVO","PROVINCIAL","SAN JUAN","SN",1968,"NO"
2026-03-12,"U.T.E EMPRESA DE TRANSPORTE DE PASAJEROS LA MARINA SA- LA POSITIVA SA","LINEA_125_SJUAN","NO","COLECTIVO","PROVINCIAL","SAN JUAN","SN",2481,"NO"
2026-03-12,"ROSARIO BUS  S.A","LINEA_126","NO","COLECTIVO","MUNICIPAL","SANTA FE","ROSARIO",3413,"NO"
2026-03-12,"U.T.E EMPRESA DE TRANSPORTE DE PASAJEROS LA MARINA SA- LA POSITIVA SA","LINEA_126_SJUAN","NO","COLECTIVO","PROVINCIAL","SAN JUAN","SN",5773,"NO"
2026-03-12,"MOVI ROSARIO S.A.U","LINEA_127","NO","COLECTIVO","MUNICIPAL","SANTA FE","ROSARIO",7299,"NO"
2026-03-12,"U.T.E EMPRESA DE TRANSPORTE DE PASAJEROS LA MARINA SA- LA POSITIVA SA","LINEA_127_SJUAN","NO","COLECTIVO","PROVINCIAL","SAN JUAN","SN",249,"NO"
2026-03-12,"ROSARIO BUS  S.A","LINEA_128","NO","COLECTIVO","MUNICIPAL","SANTA FE","ROSARIO",9148,"NO"
2026-03-12,"U.T.E EMPRESA DE TRANSPORTE DE PASAJEROS LA MARINA SA- LA POSITIVA SA","LINEA_128_SJUAN","NO","COLECTIVO","PROVINCIAL","SAN JUAN","SN",960,"NO"
2026-03-12,"MOVI ROSARIO S.A.U","LINEA_129","NO","COLECTIVO","MUNICIPAL","SANTA FE","ROSARIO",6766,"NO"
2026-03-12,"U.T.E EMPRESA DE TRANSPORTE DE PASAJEROS LA MARINA SA- LA POSITIVA SA","LINEA_129_SJUAN","NO","COLECTIVO","PROVINCIAL","SAN JUAN","SN",2995,"NO"
2026-03-12,"EMPRESA KOKO S.R.L","LINEA_12_NQN","NO","COLECTIVO","MUNICIPAL","NEUQUÉN","NEUQUEN",3546,"NO"
2026-03-12,"EMPR.TRANSP AUTOMOTOR DE PASAJEROS GRAL SAVIO SRL","LINEA_12L_PAL","NO","COLECTIVO","MUNICIPAL","JUJUY","PALPALA",1739,"NO"
2026-03-12,"EMPRESA DE TRANSPORTE AMANCAY SRL","LINEA_13-22_BRC","NO","COLECTIVO","MUNICIPAL","RÍO NEGRO","SAN CARLOS DE BARILOCHE",10,"NO"
2026-03-12,"ROSARIO BUS  S.A","LINEA_130","NO","COLECTIVO","MUNICIPAL","SANTA FE","ROSARIO",5904,"NO"
2026-03-12,"U.T.E EMPRESA DE TRANSPORTE DE PASAJEROS LA MARINA SA- LA POSITIVA SA","LINEA_130_SJUAN","NO","COLECTIVO","PROVINCIAL","SAN JUAN","SN",1627,"NO"
2026-03-12,"MOVI ROSARIO S.A.U","LINEA_131","NO","COLECTIVO","MUNICIPAL","SANTA FE","ROSARIO",7701,"NO"
2026-03-12,"MOVI ROSARIO S.A.U","LINEA_132","NO","COLECTIVO","MUNICIPAL","SANTA FE","ROSARIO",6615,"NO"
2026-03-12,"ROSARIO BUS  S.A","LINEA_133NEGRA_125","NO","COLECTIVO","MUNICIPAL","SANTA FE","ROSARIO",6249,"NO"
2026-03-12,"ROSARIO BUS  S.A","LINEA_133VERDE_125","NO","COLECTIVO","MUNICIPAL","SANTA FE","ROSARIO",3677,"NO"
2026-03-12,"MOVI ROSARIO S.A.U","LINEA_134","NO","COLECTIVO","MUNICIPAL","SANTA FE","ROSARIO",3910,"NO"
2026-03-12,"MOVI ROSARIO S.A.U","LINEA_135","NO","COLECTIVO","MUNICIPAL","SANTA FE","ROSARIO",3861,"NO"
2026-03-12,"ROSARIO BUS  S.A","LINEA_138_139","NO","COLECTIVO","MUNICIPAL","SANTA FE","ROSARIO",7578,"NO"
2026-03-12,"EMPRESA KOKO S.R.L","LINEA_13_NQN","NO","COLECTIVO","MUNICIPAL","NEUQUÉN","NEUQUEN",3084,"NO"
2026-03-12,"ROSARIO BUS  S.A","LINEA_140","NO","COLECTIVO","MUNICIPAL","SANTA FE","ROSARIO",9450,"NO"
2026-03-12,"TRANSPORTE LIBERTADOR SRL","LINEA_140_SJUAN","NO","COLECTIVO","PROVINCIAL","SAN JUAN","SN",162,"NO"
2026-03-12,"MOVI ROSARIO S.A.U","LINEA_141","NO","COLECTIVO","MUNICIPAL","SANTA FE","ROSARIO",9540,"NO"
2026-03-12,"TRANSPORTE LIBERTADOR SRL","LINEA_141_SJUAN","NO","COLECTIVO","PROVINCIAL","SAN JUAN","SN",314,"NO"
2026-03-12,"ROSARIO BUS  S.A","LINEA_142","NO","COLECTIVO","MUNICIPAL","SANTA FE","ROSARIO",24215,"NO"
2026-03-12,"TRANSPORTE LIBERTADOR SRL","LINEA_142_SJUAN","NO","COLECTIVO","PROVINCIAL","SAN JUAN","SN",2760,"NO"
2026-03-12,"ROSARIO BUS  S.A","LINEA_143NEGRA_136_137","NO","COLECTIVO","MUNICIPAL","SANTA FE","ROSARIO",7586,"NO"
2026-03-12,"ROSARIO BUS  S.A","LINEA_143ROJA_136_137","NO","COLECTIVO","MUNICIPAL","SANTA FE","ROSARIO",5754,"NO"
2026-03-12,"ROSARIO BUS  S.A","LINEA_145CABIN_9_133","NO","COLECTIVO","MUNICIPAL","SANTA FE","ROSARIO",14553,"NO"
2026-03-12,"ROSARIO BUS  S.A","LINEA_145SOLDINI_133","NO","COLECTIVO","MUNICIPAL","SANTA FE","ROSARIO",4154,"NO"
2026-03-12,"ROSARIO BUS  S.A","LINEA_146","NO","COLECTIVO","MUNICIPAL","SANTA FE","ROSARIO",8789,"NO"
2026-03-12,"EMPRESA KOKO S.R.L","LINEA_14_NQN","NO","COLECTIVO","MUNICIPAL","NEUQUÉN","NEUQUEN",2652,"NO"
2026-03-12,"TRANSPORTE SAN JOSE S.A.","LINEA_15","NO","COLECTIVO","PROVINCIAL","JUJUY","SN",1704,"NO"
2026-03-12,"MOVI ROSARIO S.A.U","LINEA_153","NO","COLECTIVO","MUNICIPAL","SANTA FE","ROSARIO",15043,"NO"
2026-03-12,"EMPRESA KOKO S.R.L","LINEA_15_NQN","NO","COLECTIVO","MUNICIPAL","NEUQUÉN","NEUQUEN",1252,"NO"
2026-03-12,"TRANSPORTE LIBERTADOR SRL","LINEA_160_SJUAN","NO","COLECTIVO","PROVINCIAL","SAN JUAN","SN",1372,"NO"
2026-03-12,"TRANSPORTE LIBERTADOR SRL","LINEA_161_SJUAN","NO","COLECTIVO","PROVINCIAL","SAN JUAN","SN",236,"NO"
2026-03-12,"TRANSPORTE LIBERTADOR SRL","LINEA_162_SJUAN","NO","COLECTIVO","PROVINCIAL","SAN JUAN","SN",143,"NO"
2026-03-12,"GENERAL TOMAS GUIDO S.A.C.I.F.","LINEA_164_AMBA","SI","COLECTIVO","NACIONAL","JN","SD",27893,"NO"
2026-03-12,"EXPRESO TIGRE-IGUAZU SA","LINEA_16_NQN","NO","COLECTIVO","MUNICIPAL","NEUQUÉN","NEUQUEN",2243,"NO"
2026-03-12,"EXPRESO TIGRE-IGUAZU SA","LINEA_17_NQN","NO","COLECTIVO","MUNICIPAL","NEUQUÉN","NEUQUEN",2829,"NO"
2026-03-12,"EXPRESO TIGRE-IGUAZU SA","LINEA_18_NQN","NO","COLECTIVO","MUNICIPAL","NEUQUÉN","NEUQUEN",1573,"NO"
2026-03-12,"EMPRESA KOKO S.R.L","LINEA_19_NQN","NO","COLECTIVO","MUNICIPAL","NEUQUÉN","NEUQUEN",838,"NO"
2026-03-12,"EMPRESA KOKO S.R.L","LINEA_1_NQN","NO","COLECTIVO","MUNICIPAL","NEUQUÉN","NEUQUEN",3242,"NO"
2026-03-12,"COOPERATIVA DE TRABAJO PALBUS 2000 LIMITADA","LINEA_1A_PAL","NO","COLECTIVO","MUNICIPAL","JUJUY","PALPALA",959,"NO"
2026-03-12,"AUTOTRANSPORTE CEFERINO S.R.L","LINEA_2","NO","COLECTIVO","MUNICIPAL","CHUBUT","RAWSON",1906,"NO"
2026-03-12,"EMPRESA MAYO SRL","LINEA_200_SJUAN","NO","COLECTIVO","PROVINCIAL","SAN JUAN","SN",531,"NO"
2026-03-12,"25 DE AGOSTO SRL","LINEA_201_CAT","NO","COLECTIVO","PROVINCIAL","CATAMARCA","SN",3974,"NO"
2026-03-12,"EMPRESA MAYO SRL","LINEA_201_SJUAN","NO","COLECTIVO","PROVINCIAL","SAN JUAN","SN",1961,"NO"
2026-03-12,"LINEAS G.M. SRL","LINEA_202_CAT","NO","COLECTIVO","PROVINCIAL","CATAMARCA","SN",1520,"NO"
2026-03-12,"EMPRESA MAYO SRL","LINEA_202_SJUAN","NO","COLECTIVO","PROVINCIAL","SAN JUAN","SN",461,"NO"
2026-03-12,"25 DE AGOSTO SRL","LINEA_203_CAT","NO","COLECTIVO","PROVINCIAL","CATAMARCA","SN",1555,"NO"
2026-03-12,"EMPRESA MAYO SRL","LINEA_203_SJUAN","NO","COLECTIVO","PROVINCIAL","SAN JUAN","SN",3252,"NO"
2026-03-12,"ERSA URBANO S.A UNION TRANSITORIA","LINEA_204","NO","COLECTIVO","PROVINCIAL","CHACO","SN",2733,"NO"
2026-03-12,"LINEAS G.M. SRL","LINEA_204_CAT","NO","COLECTIVO","PROVINCIAL","CATAMARCA","SN",3233,"NO"
2026-03-12,"EMPRESA MAYO SRL","LINEA_204_SJUAN","NO","COLECTIVO","PROVINCIAL","SAN JUAN","SN",5095,"NO"
2026-03-12,"EMPRESA MAYO SRL","LINEA_205_SJUAN","NO","COLECTIVO","PROVINCIAL","SAN JUAN","SN",3196,"NO"
2026-03-12,"TIRO FEDERAL RESISTENCIA SRL- LA CORDIAL SRL- MICROBUS SRL. U.T.E","LINEA_206","NO","COLECTIVO","PROVINCIAL","CHACO","SN",222,"NO"
2026-03-12,"EMPRESA MAYO SRL","LINEA_206_SJUAN","NO","COLECTIVO","PROVINCIAL","SAN JUAN","SN",2974,"NO"
2026-03-12,"LINEAS G.M. SRL","LINEA_207_CAT","NO","COLECTIVO","PROVINCIAL","CATAMARCA","SN",1008,"NO"
2026-03-12,"EMPRESA MAYO SRL","LINEA_207_SJUAN","NO","COLECTIVO","PROVINCIAL","SAN JUAN","SN",964,"NO"
2026-03-12,"EMPRESA MAYO SRL","LINEA_208_SJUAN","NO","COLECTIVO","PROVINCIAL","SAN JUAN","SN",2344,"NO"
2026-03-12,"EMPRESA MAYO SRL","LINEA_209_SJUAN","NO","COLECTIVO","PROVINCIAL","SAN JUAN","SN",2163,"NO"
2026-03-12,"EMPRESA MAYO SRL","LINEA_210_SJUAN","NO","COLECTIVO","PROVINCIAL","SAN JUAN","SN",7710,"NO"
2026-03-12,"EMPRESA MAYO SRL","LINEA_211_SJUAN","NO","COLECTIVO","PROVINCIAL","SAN JUAN","SN",5419,"NO"
2026-03-12,"EMPRESA MAYO SRL","LINEA_212_SJUAN","NO","COLECTIVO","PROVINCIAL","SAN JUAN","SN",1609,"NO"
2026-03-12,"EMPRESA MAYO SRL","LINEA_213_SJUAN","NO","COLECTIVO","PROVINCIAL","SAN JUAN","SN",2428,"NO"
2026-03-12,"EMPRESA MAYO SRL","LINEA_214_SJUAN","NO","COLECTIVO","PROVINCIAL","SAN JUAN","SN",1602,"NO"
2026-03-12,"EMPRESA KOKO S.R.L","LINEA_21_NQN","NO","COLECTIVO","MUNICIPAL","NEUQUÉN","NEUQUEN",2091,"NO"
2026-03-12,"EXPRESO TIGRE-IGUAZU SA","LINEA_22_NQN","NO","COLECTIVO","MUNICIPAL","NEUQUÉN","NEUQUEN",2660,"NO"
2026-03-12,"EXPRESO TIGRE-IGUAZU SA","LINEA_23_NQN","NO","COLECTIVO","MUNICIPAL","NEUQUÉN","NEUQUEN",1817,"NO"
2026-03-12,"EMPRESA MAYO SRL","LINEA_240_SJUAN","NO","COLECTIVO","PROVINCIAL","SAN JUAN","SN",476,"NO"
2026-03-12,"EMPRESA MAYO SRL","LINEA_241_SJUAN","NO","COLECTIVO","PROVINCIAL","SAN JUAN","SN",2332,"NO"
2026-03-12,"EMPRESA MAYO SRL","LINEA_242_SJUAN","NO","COLECTIVO","PROVINCIAL","SAN JUAN","SN",7055,"NO"
2026-03-12,"EMPRESA MAYO SRL","LINEA_243_SJUAN","NO","COLECTIVO","PROVINCIAL","SAN JUAN","SN",7687,"NO"
2026-03-12,"EMPRESA MAYO SRL","LINEA_244_SJUAN","NO","COLECTIVO","PROVINCIAL","SAN JUAN","SN",2936,"NO"
2026-03-12,"EMPRESA MAYO SRL","LINEA_245_SJUAN","NO","COLECTIVO","PROVINCIAL","SAN JUAN","SN",380,"NO"
2026-03-12,"EMPRESA MAYO SRL","LINEA_246_SJUAN","NO","COLECTIVO","PROVINCIAL","SAN JUAN","SN",477,"NO"
2026-03-12,"EMPRESA MAYO SRL","LINEA_247_SJUAN","NO","COLECTIVO","PROVINCIAL","SAN JUAN","SN",325,"NO"
2026-03-12,"EMPRESA MAYO SRL","LINEA_248_SJUAN","NO","COLECTIVO","PROVINCIAL","SAN JUAN","SN",2111,"NO"
2026-03-12,"EMPRESA KOKO S.R.L","LINEA_24_NQN","NO","COLECTIVO","MUNICIPAL","NEUQUÉN","NEUQUEN",533,"NO"
2026-03-12,"EMPRESA KOKO S.R.L","LINEA_25_NQN","NO","COLECTIVO","MUNICIPAL","NEUQUÉN","NEUQUEN",3222,"NO"
2026-03-12,"NUEVO SUR S.R.L.","LINEA_261_SJUAN","NO","COLECTIVO","PROVINCIAL","SAN JUAN","SN",631,"NO"
2026-03-12,"NUEVO SUR S.R.L.","LINEA_262_SJUAN","NO","COLECTIVO","PROVINCIAL","SAN JUAN","SN",5506,"NO"
2026-03-12,"NUEVO SUR S.R.L.","LINEA_263_SJUAN","NO","COLECTIVO","PROVINCIAL","SAN JUAN","SN",661,"NO"
2026-03-12,"NUEVO SUR S.R.L.","LINEA_264_SJUAN","NO","COLECTIVO","PROVINCIAL","SAN JUAN","SN",80,"NO"
2026-03-12,"NUEVO SUR S.R.L.","LINEA_265_SJUAN","NO","COLECTIVO","PROVINCIAL","SAN JUAN","SN",458,"NO"
2026-03-12,"NUEVO SUR S.R.L.","LINEA_266_SJUAN","NO","COLECTIVO","PROVINCIAL","SAN JUAN","SN",49,"NO"
2026-03-12,"EMPRESA KOKO S.R.L","LINEA_26_NQN","NO","COLECTIVO","MUNICIPAL","NEUQUÉN","NEUQUEN",2332,"NO"
2026-03-12,"EMPRESA KOKO S.R.L","LINEA_27_NQN","NO","COLECTIVO","MUNICIPAL","NEUQUÉN","NEUQUEN",1160,"NO"
2026-03-12,"EMPRESA KOKO S.R.L","LINEA_28_NQN","NO","COLECTIVO","MUNICIPAL","NEUQUÉN","NEUQUEN",1252,"NO"
2026-03-12,"EXPRESO TIGRE-IGUAZU SA","LINEA_29_NQN","NO","COLECTIVO","MUNICIPAL","NEUQUÉN","NEUQUEN",679,"NO"
2026-03-12,"EMPRESA KOKO S.R.L","LINEA_2_NQN","NO","COLECTIVO","MUNICIPAL","NEUQUÉN","NEUQUEN",2665,"NO"
2026-03-12,"AUTOTRANSPORTE CEFERINO S.R.L","LINEA_3","NO","COLECTIVO","MUNICIPAL","CHUBUT","RAWSON",1135,"NO"
2026-03-12,"TRANSPORTE DE PASAJEROS ALTO DE SIERRA S.R.L.","LINEA_300_SJUAN","NO","COLECTIVO","PROVINCIAL","SAN JUAN","SN",1118,"NO"
2026-03-12,"TRANSPORTE DE PASAJEROS ALTO DE SIERRA S.R.L.","LINEA_301_SJUAN","NO","COLECTIVO","PROVINCIAL","SAN JUAN","SN",4351,"NO"
2026-03-12,"TRANSPORTE DE PASAJEROS ALTO DE SIERRA S.R.L.","LINEA_302_SJUAN","NO","COLECTIVO","PROVINCIAL","SAN JUAN","SN",514,"NO"
2026-03-12,"TRANSPORTE DE PASAJEROS ALTO DE SIERRA S.R.L.","LINEA_303_SJUAN","NO","COLECTIVO","PROVINCIAL","SAN JUAN","SN",2654,"NO"
2026-03-12,"TRANSPORTE DE PASAJEROS ALTO DE SIERRA S.R.L.","LINEA_304_SJUAN","NO","COLECTIVO","PROVINCIAL","SAN JUAN","SN",2205,"NO"
2026-03-12,"TRANSPORTE DE PASAJEROS ALTO DE SIERRA S.R.L.","LINEA_305_SJUAN","NO","COLECTIVO","PROVINCIAL","SAN JUAN","SN",3686,"NO"
2026-03-12,"EMPRESA KOKO S.R.L","LINEA_30_NQN","NO","COLECTIVO","MUNICIPAL","NEUQUÉN","NEUQUEN",4019,"NO"
2026-03-12,"TRANSPORTE DE PASAJEROS EL TRIUNFO SA","LINEA_320_SJUAN","NO","COLECTIVO","PROVINCIAL","SAN JUAN","SN",2864,"NO"
2026-03-12,"TRANSPORTE DE PASAJEROS EL TRIUNFO SA","LINEA_321_SJUAN","NO","COLECTIVO","PROVINCIAL","SAN JUAN","SN",551,"NO"
2026-03-12,"TRANSPORTE DE PASAJEROS EL TRIUNFO SA","LINEA_322_SJUAN","NO","COLECTIVO","PROVINCIAL","SAN JUAN","SN",857,"NO"
2026-03-12,"TRANSPORTE DE PASAJEROS EL TRIUNFO SA","LINEA_323_SJUAN","NO","COLECTIVO","PROVINCIAL","SAN JUAN","SN",903,"NO"
2026-03-12,"TRANSPORTE DE PASAJEROS EL TRIUNFO SA","LINEA_340_SJUAN","NO","COLECTIVO","PROVINCIAL","SAN JUAN","SN",1349,"NO"
2026-03-12,"TRANSPORTE DE PASAJEROS EL TRIUNFO SA","LINEA_341_SJUAN","NO","COLECTIVO","PROVINCIAL","SAN JUAN","SN",4167,"NO"
2026-03-12,"TRANSPORTE DE PASAJEROS EL TRIUNFO SA","LINEA_342_SJUAN","NO","COLECTIVO","PROVINCIAL","SAN JUAN","SN",167,"NO"
2026-03-12,"TRANSPORTE DE PASAJEROS EL TRIUNFO SA","LINEA_343_SJUAN","NO","COLECTIVO","PROVINCIAL","SAN JUAN","SN",209,"NO"
2026-03-12,"TRANSPORTE DE PASAJEROS EL TRIUNFO SA","LINEA_344_SJUAN","NO","COLECTIVO","PROVINCIAL","SAN JUAN","SN",463,"NO"
2026-03-12,"TRANSPORTE DE PASAJEROS EL TRIUNFO SA","LINEA_345_SJUAN","NO","COLECTIVO","PROVINCIAL","SAN JUAN","SN",3032,"NO"
2026-03-12,"TRANSPORTE DE PASAJEROS EL TRIUNFO SA","LINEA_346_SJUAN","NO","COLECTIVO","PROVINCIAL","SAN JUAN","SN",325,"NO"
2026-03-12,"TRANSPORTE DE PASAJEROS EL TRIUNFO SA","LINEA_360_SJUAN","NO","COLECTIVO","PROVINCIAL","SAN JUAN","SN",151,"NO"
2026-03-12,"TRANSPORTE DE PASAJEROS EL TRIUNFO SA","LINEA_361_SJUAN","NO","COLECTIVO","PROVINCIAL","SAN JUAN","SN",350,"NO"
2026-03-12,"TRANSPORTE DE PASAJEROS EL TRIUNFO SA","LINEA_362_SJUAN","NO","COLECTIVO","PROVINCIAL","SAN JUAN","SN",372,"NO"
2026-03-12,"TRANSPORTE DE PASAJEROS EL TRIUNFO SA","LINEA_363_SJUAN","NO","COLECTIVO","PROVINCIAL","SAN JUAN","SN",4345,"NO"
2026-03-12,"TRANSPORTE DE PASAJEROS EL TRIUNFO SA","LINEA_364_SJUAN","NO","COLECTIVO","PROVINCIAL","SAN JUAN","SN",5456,"NO"
2026-03-12,"EXPRESO TIGRE-IGUAZU SA","LINEA_3_NQN","NO","COLECTIVO","MUNICIPAL","NEUQUÉN","NEUQUEN",1736,"NO"
2026-03-12,"COOPERATIVA DE TRABAJO PALBUS 2000 LIMITADA","LINEA_3C_PAL","NO","COLECTIVO","MUNICIPAL","JUJUY","PALPALA",2270,"NO"
2026-03-12,"EMPRESA DE TRANSPORTES ALBARDON SRL","LINEA_400_SJUAN","NO","COLECTIVO","PROVINCIAL","SAN JUAN","SN",3027,"NO"
2026-03-12,"EMPRESA DE TRANSPORTES ALBARDON SRL","LINEA_401_SJUAN","NO","COLECTIVO","PROVINCIAL","SAN JUAN","SN",3440,"NO"
2026-03-12,"EMPRESA DE TRANSPORTES ALBARDON SRL","LINEA_402_SJUAN","NO","COLECTIVO","PROVINCIAL","SAN JUAN","SN",3533,"NO"
2026-03-12,"EMPRESA DE TRANSPORTES ALBARDON SRL","LINEA_403_SJUAN","NO","COLECTIVO","PROVINCIAL","SAN JUAN","SN",4575,"NO"
2026-03-12,"EMPRESA DE TRANSPORTES ALBARDON SRL","LINEA_404_SJUAN","NO","COLECTIVO","PROVINCIAL","SAN JUAN","SN",7390,"NO"
2026-03-12,"EMPRESA DE TRANSPORTES ALBARDON SRL","LINEA_405_SJUAN","NO","COLECTIVO","PROVINCIAL","SAN JUAN","SN",3542,"NO"
2026-03-12,"EMPRESA DE TRANSPORTES ALBARDON SRL","LINEA_406_SJUAN","NO","COLECTIVO","PROVINCIAL","SAN JUAN","SN",5978,"NO"
2026-03-12,"EMPRESA DE TRANSPORTES ALBARDON SRL","LINEA_407_SJUAN","NO","COLECTIVO","PROVINCIAL","SAN JUAN","SN",6197,"NO"
2026-03-12,"EMPRESA DE TRANSPORTES ALBARDON SRL","LINEA_408_SJUAN","NO","COLECTIVO","PROVINCIAL","SAN JUAN","SN",2312,"NO"
2026-03-12,"EMPRESA DE TRANSPORTES ALBARDON SRL","LINEA_420_SJUAN","NO","COLECTIVO","PROVINCIAL","SAN JUAN","SN",9669,"NO"
2026-03-12,"EMPRESA DE TRANSPORTES ALBARDON SRL","LINEA_421_SJUAN","NO","COLECTIVO","PROVINCIAL","SAN JUAN","SN",484,"NO"
2026-03-12,"EMPRESA DE TRANSPORTES ALBARDON SRL","LINEA_422_SJUAN","NO","COLECTIVO","PROVINCIAL","SAN JUAN","SN",399,"NO"
2026-03-12,"EMPRESA DE TRANSPORTES ALBARDON SRL","LINEA_423_SJUAN","NO","COLECTIVO","PROVINCIAL","SAN JUAN","SN",1120,"NO"
2026-03-12,"EMPRESA DE TRANSPORTES ALBARDON SRL","LINEA_440_SJUAN","NO","COLECTIVO","PROVINCIAL","SAN JUAN","SN",1740,"NO"
2026-03-12,"EMPRESA DE TRANSPORTES ALBARDON SRL","LINEA_441_SJUAN","NO","COLECTIVO","PROVINCIAL","SAN JUAN","SN",2107,"NO"
2026-03-12,"EMPRESA DE TRANSPORTES ALBARDON SRL","LINEA_442_SJUAN","NO","COLECTIVO","PROVINCIAL","SAN JUAN","SN",386,"NO"
2026-03-12,"FRANCISCO BUIATTI E HIJOS S.A","LINEA_450_LANCHAS","NO","LANCHAS","PROVINCIAL","BUENOS AIRES","SN",259,"NO"
2026-03-12,"INTERISLEÑA S A C E I","LINEA_451_LANCHAS","NO","LANCHAS","PROVINCIAL","BUENOS AIRES","SN",38,"NO"
2026-03-12,"INTERISLEÑA S A C E I","LINEA_452_451_LANCHAS","NO","LANCHAS","PROVINCIAL","BUENOS AIRES","SN",1038,"NO"
2026-03-12,"LINEAS DELTA ARGENTINO S.R.L.","LINEA_453_LANCHAS","NO","LANCHAS","PROVINCIAL","BUENOS AIRES","SN",110,"NO"
2026-03-12,"EMPRESA EL LEON S R L","LINEA_454_LANCHAS","NO","LANCHAS","PROVINCIAL","BUENOS AIRES","SN",5,"NO"
2026-03-12,"HUGO A. PFLUGER S.A","LINEA_455_LANCHAS","NO","LANCHAS","PROVINCIAL","BUENOS AIRES","SN",31,"NO"
2026-03-12,"EMPRESA DE TRANSPORTES ALBARDON SRL","LINEA_460_SJUAN","NO","COLECTIVO","PROVINCIAL","SAN JUAN","SN",1654,"NO"
2026-03-12,"EMPRESA DE TRANSPORTES ALBARDON SRL","LINEA_461_SJUAN","NO","COLECTIVO","PROVINCIAL","SAN JUAN","SN",2661,"NO"
2026-03-12,"EMPRESA DE TRANSPORTES ALBARDON SRL","LINEA_462_SJUAN","NO","COLECTIVO","PROVINCIAL","SAN JUAN","SN",216,"NO"
2026-03-12,"TRANSPORTE FUTURO SRL","LINEA_47","NO","COLECTIVO","PROVINCIAL","JUJUY","SN",152,"NO"
2026-03-12,"EXPRESO TIGRE-IGUAZU SA","LINEA_4_NQN","NO","COLECTIVO","MUNICIPAL","NEUQUÉN","NEUQUEN",4213,"NO"
2026-03-12,"COOPERATIVA DE TRABAJO PALBUS 2000 LIMITADA","LINEA_4D_PAL","NO","COLECTIVO","MUNICIPAL","JUJUY","PALPALA",2168,"NO"
2026-03-12,"LEMOS Y RODRIGUEZ S.A.","LINEA_500_BSAS","NO","COLECTIVO","MUNICIPAL","BUENOS AIRES","BAHIA BLANCA",8804,"NO"
2026-03-12,"BALCARBUS SRL","LINEA_501","NO","COLECTIVO","MUNICIPAL","BUENOS AIRES","BALCARCE",316,"NO"
2026-03-12,"COMPAÑIA BELGRANO S.A.","LINEA_501","NO","COLECTIVO","MUNICIPAL","BUENOS AIRES","CORONEL ROSALES",252,"NO"
2026-03-12,"EMPRESA DE TRANSPORTE PERALTA RAMOS SACI","LINEA_501_MDQ","NO","COLECTIVO","MUNICIPAL","BUENOS AIRES","GENERAL PUEYRREDON",1534,"NO"
2026-03-12,"EMPRESA VALLECITO SRL","LINEA_501_SJUAN","NO","COLECTIVO","PROVINCIAL","SAN JUAN","SN",130,"NO"
2026-03-12,"BALCARBUS SRL","LINEA_502","NO","COLECTIVO","MUNICIPAL","BUENOS AIRES","BALCARCE",296,"NO"
2026-03-12,"T. A. SAN GABRIEL S.A.","LINEA_502_BAHIA","NO","COLECTIVO","MUNICIPAL","BUENOS AIRES","BAHIA BLANCA",5083,"NO"
2026-03-12,"EMPRESA VALLECITO SRL","LINEA_502_SJUAN","NO","COLECTIVO","PROVINCIAL","SAN JUAN","SN",652,"NO"
2026-03-12,"MICRO ÓMNIBUS NUEVA POMPEYA S.R.L.","LINEA_502N_BSAS","NO","COLECTIVO","MUNICIPAL","BUENOS AIRES","NECOCHEA",614,"NO"
2026-03-12,"BALCARBUS SRL","LINEA_503","NO","COLECTIVO","MUNICIPAL","BUENOS AIRES","BALCARCE",300,"NO"
2026-03-12,"COMPAÑIA BELGRANO S.A.","LINEA_503","NO","COLECTIVO","MUNICIPAL","BUENOS AIRES","CORONEL ROSALES",1562,"NO"
2026-03-12,"T. A. SAN GABRIEL S.A.","LINEA_503_BAHIA","NO","COLECTIVO","MUNICIPAL","BUENOS AIRES","BAHIA BLANCA",3315,"NO"
2026-03-12,"COMPAÑIA BELGRANO S.A.","LINEA_503BIS","NO","COLECTIVO","MUNICIPAL","BUENOS AIRES","CORONEL ROSALES",1008,"NO"
2026-03-12,"MICRO ÓMNIBUS NUEVA POMPEYA S.R.L.","LINEA_503N_BSAS","NO","COLECTIVO","MUNICIPAL","BUENOS AIRES","NECOCHEA",399,"NO"
2026-03-12,"BALCARBUS SRL","LINEA_504","NO","COLECTIVO","MUNICIPAL","BUENOS AIRES","BALCARCE",62,"NO"
2026-03-12,"EMPRESA LINEA 216 S.A.T.","LINEA_504_ ITUZ","SI","COLECTIVO","MUNICIPAL","BUENOS AIRES","ITUZAINGO",810,"NO"
2026-03-12,"EMPRESA DE TRANSPORTE DEL SUR SRL","LINEA_504_AMBA","SI","COLECTIVO","MUNICIPAL","BUENOS AIRES","PRESIDENTE PERON",9253,"NO"
2026-03-12,"T. A. SAN GABRIEL S.A.","LINEA_504_BAHIA","NO","COLECTIVO","MUNICIPAL","BUENOS AIRES","BAHIA BLANCA",4397,"NO"
2026-03-12,"EMPRESA VALLECITO SRL","LINEA_504_SJUAN","NO","COLECTIVO","PROVINCIAL","SAN JUAN","SN",100,"NO"
2026-03-12,"COMPAÑIA ISLEÑA S.R.L.","LINEA_504B","SI","COLECTIVO","MUNICIPAL","BUENOS AIRES","ESCOBAR",1769,"NO"
2026-03-12,"COMPAÑIA BELGRANO S.A.","LINEA_505","NO","COLECTIVO","MUNICIPAL","BUENOS AIRES","CORONEL ROSALES",1633,"NO"
2026-03-12,"EMPRESA DE TRANSPORTE DEL SUR SRL","LINEA_505_AMBA","SI","COLECTIVO","MUNICIPAL","BUENOS AIRES","ALMIRANTE BROWN",15600,"NO"
2026-03-12,"LEMOS Y RODRIGUEZ S.A.","LINEA_505_BSAS","NO","COLECTIVO","MUNICIPAL","BUENOS AIRES","BAHIA BLANCA",5414,"NO"
2026-03-12,"EMPRESA VALLECITO SRL","LINEA_505_SJUAN","NO","COLECTIVO","PROVINCIAL","SAN JUAN","SN",226,"NO"
2026-03-12,"EMPRESA DE TRANSPORTE DEL SUR SRL","LINEA_506_AMBA","SI","COLECTIVO","MUNICIPAL","BUENOS AIRES","ALMIRANTE BROWN",33007,"NO"
2026-03-12,"T. A. SAN GABRIEL S.A.","LINEA_506_BAHIA","NO","COLECTIVO","MUNICIPAL","BUENOS AIRES","BAHIA BLANCA",3731,"NO"
2026-03-12,"FUERTE BARRAGAN S.A.T.I.C.I.","LINEA_506F_BSAS","SI","COLECTIVO","MUNICIPAL","BUENOS AIRES","LA PLATA",11716,"NO"
2026-03-12,"LEMOS Y RODRIGUEZ S.A.","LINEA_507_BSAS","NO","COLECTIVO","MUNICIPAL","BUENOS AIRES","BAHIA BLANCA",3592,"NO"
2026-03-12,"COMPAÑIA ISLEÑA S.R.L.","LINEA_507B","SI","COLECTIVO","MUNICIPAL","BUENOS AIRES","ESCOBAR",2953,"NO"
2026-03-12,"T. A. SAN GABRIEL S.A.","LINEA_509_BAHIA","NO","COLECTIVO","MUNICIPAL","BUENOS AIRES","BAHIA BLANCA",2213,"NO"
2026-03-12,"LAS SIERRAS DE OLAVARRIA S. R. L.","LINEA_509_BSAS","NO","COLECTIVO","MUNICIPAL","BUENOS AIRES","OLAVARRIA",1053,"NO"
2026-03-12,"TURITOUR S.A.","LINEA_510","NO","COLECTIVO","MUNICIPAL","BUENOS AIRES","CORONEL ROSALES",111,"NO"
2026-03-12,"LAS SIERRAS DE OLAVARRIA S. R. L.","LINEA_510_BSAS","NO","COLECTIVO","MUNICIPAL","BUENOS AIRES","OLAVARRIA",824,"NO"
2026-03-12,"COMPAÑÍA DE TRANSPORTE NECOCHEA S.A.","LINEA_510N_BSAS","NO","COLECTIVO","MUNICIPAL","BUENOS AIRES","NECOCHEA",3130,"NO"
2026-03-12,"EMPRESA DE TRANSPORTE PERALTA RAMOS SACI","LINEA_511","NO","COLECTIVO","MUNICIPAL","BUENOS AIRES","GENERAL PUEYRREDON",26562,"NO"
2026-03-12,"COMPAÑÍA DE TRANSPORTE NECOCHEA S.A.","LINEA_511N_BSAS","NO","COLECTIVO","MUNICIPAL","BUENOS AIRES","NECOCHEA",2189,"NO"
2026-03-12,"T. A. SAN GABRIEL S.A.","LINEA_512_BAHIA","NO","COLECTIVO","MUNICIPAL","BUENOS AIRES","BAHIA BLANCA",4609,"NO"
2026-03-12,"COMPAÑÍA DE TRANSPORTE NECOCHEA S.A.","LINEA_512N_BSAS","NO","COLECTIVO","MUNICIPAL","BUENOS AIRES","NECOCHEA",1273,"NO"
2026-03-12,"LEMOS Y RODRIGUEZ S.A.","LINEA_513_BSAS","NO","COLECTIVO","MUNICIPAL","BUENOS AIRES","BAHIA BLANCA",5648,"NO"
2026-03-12,"T. A. SAN GABRIEL S.A.","LINEA_513EX_BAHIA","NO","COLECTIVO","MUNICIPAL","BUENOS AIRES","BAHIA BLANCA",3193,"NO"
2026-03-12,"COMPAÑÍA DE TRANSPORTE NECOCHEA S.A.","LINEA_513N_BSAS","NO","COLECTIVO","MUNICIPAL","BUENOS AIRES","NECOCHEA",320,"NO"
2026-03-12,"LEMOS Y RODRIGUEZ S.A.","LINEA_514_BSAS","NO","COLECTIVO","MUNICIPAL","BUENOS AIRES","BAHIA BLANCA",7005,"NO"
2026-03-12,"LAS SIERRAS DE OLAVARRIA S. R. L.","LINEA_514A_BSAS","NO","COLECTIVO","MUNICIPAL","BUENOS AIRES","OLAVARRIA",1805,"NO"
2026-03-12,"LAS SIERRAS DE OLAVARRIA S. R. L.","LINEA_514B_BSAS","NO","COLECTIVO","MUNICIPAL","BUENOS AIRES","OLAVARRIA",31,"NO"
2026-03-12,"COMPAÑÍA DE TRANSPORTE NECOCHEA S.A.","LINEA_514N_BSAS","NO","COLECTIVO","MUNICIPAL","BUENOS AIRES","NECOCHEA",375,"NO"
2026-03-12,"COMPAÑÍA DE TRANSPORTE NECOCHEA S.A.","LINEA_515N_BSAS","NO","COLECTIVO","MUNICIPAL","BUENOS AIRES","NECOCHEA",313,"NO"
2026-03-12,"T. A. SAN GABRIEL S.A.","LINEA_516_BAHIA","NO","COLECTIVO","MUNICIPAL","BUENOS AIRES","BAHIA BLANCA",4380,"NO"
2026-03-12,"T. A. SAN GABRIEL S.A.","LINEA_517_BAHIA","NO","COLECTIVO","MUNICIPAL","BUENOS AIRES","BAHIA BLANCA",8488,"NO"
2026-03-12,"T. A. SAN GABRIEL S.A.","LINEA_518_BAHIA","NO","COLECTIVO","MUNICIPAL","BUENOS AIRES","BAHIA BLANCA",4638,"NO"
2026-03-12,"COMPAÑÍA DE TRANSPORTE NECOCHEA S.A.","LINEA_518N_BSAS","NO","COLECTIVO","MUNICIPAL","BUENOS AIRES","NECOCHEA",21,"NO"
2026-03-12,"LEMOS Y RODRIGUEZ S.A.","LINEA_519_BSAS","NO","COLECTIVO","MUNICIPAL","BUENOS AIRES","BAHIA BLANCA",5219,"NO"
2026-03-12,"BAHIA TRANSPORTE SAPEN","LINEA_519A_BAHIA","NO","COLECTIVO","MUNICIPAL","BUENOS AIRES","BAHIA BLANCA",6982,"NO"
2026-03-12,"VIA 51 VIAJES SA","LINEA_520_BSAS","NO","COLECTIVO","MUNICIPAL","BUENOS AIRES","BAHIA BLANCA",242,"NO"
2026-03-12,"EMPRESA DE TRANSPORTE DEL SUR SRL","LINEA_521_AMBA","SI","COLECTIVO","MUNICIPAL","BUENOS AIRES","ALMIRANTE BROWN",2670,"NO"
2026-03-12,"EMPRESA DE TRANSPORTE PERALTA RAMOS SACI","LINEA_521_MDQ","NO","COLECTIVO","MUNICIPAL","BUENOS AIRES","GENERAL PUEYRREDON",5935,"NO"
2026-03-12,"EMPRESA DE TRANSPORTE PERALTA RAMOS SACI","LINEA_522_MDQ","NO","COLECTIVO","MUNICIPAL","BUENOS AIRES","GENERAL PUEYRREDON",8216,"NO"
2026-03-12,"EMPRESA DE TRANSPORTE PERALTA RAMOS SACI","LINEA_523_MDQ","NO","COLECTIVO","MUNICIPAL","BUENOS AIRES","GENERAL PUEYRREDON",9408,"NO"
2026-03-12,"EMPRESA DE TRANSPORTE PERALTA RAMOS SACI","LINEA_525_MDQ","NO","COLECTIVO","MUNICIPAL","BUENOS AIRES","GENERAL PUEYRREDON",1540,"NO"
2026-03-12,"AUTOBUSES BUENOS AIRES SRL","LINEA_540_BSAS","SI","COLECTIVO","MUNICIPAL","BUENOS AIRES","LOMAS DE ZAMORA",19372,"NO"
2026-03-12,"EMPRESA DE TRANSPORTE PERALTA RAMOS SACI","LINEA_541_MDQ","NO","COLECTIVO","MUNICIPAL","BUENOS AIRES","GENERAL PUEYRREDON",7160,"NO"
2026-03-12,"AUTOBUSES BUENOS AIRES SRL","LINEA_542_BSAS","SI","COLECTIVO","MUNICIPAL","BUENOS AIRES","LOMAS DE ZAMORA",14784,"NO"
2026-03-12,"EMPRESA DE TRANSPORTE PERALTA RAMOS SACI","LINEA_542_MDQ","NO","COLECTIVO","MUNICIPAL","BUENOS AIRES","GENERAL PUEYRREDON",6566,"NO"
2026-03-12,"EMPRESA DE TRANSPORTE PERALTA RAMOS SACI","LINEA_543_MDQ","NO","COLECTIVO","MUNICIPAL","BUENOS AIRES","GENERAL PUEYRREDON",4942,"NO"
2026-03-12,"AUTOBUSES BUENOS AIRES SRL","LINEA_548_BSAS","SI","COLECTIVO","MUNICIPAL","BUENOS AIRES","LOMAS DE ZAMORA",9586,"NO"
2026-03-12,"AUTOBUSES BUENOS AIRES SRL","LINEA_550_BSAS","SI","COLECTIVO","MUNICIPAL","BUENOS AIRES","LOMAS DE ZAMORA",15991,"NO"
2026-03-12,"AUTOBUSES BUENOS AIRES SRL","LINEA_551_BSAS","SI","COLECTIVO","MUNICIPAL","BUENOS AIRES","LOMAS DE ZAMORA",9640,"NO"
2026-03-12,"EMPRESA DE TRANSPORTE PERALTA RAMOS SACI","LINEA_551_MDQ","NO","COLECTIVO","MUNICIPAL","BUENOS AIRES","GENERAL PUEYRREDON",8260,"NO"
2026-03-12,"AUTOBUSES BUENOS AIRES SRL","LINEA_552_BSAS","SI","COLECTIVO","MUNICIPAL","BUENOS AIRES","LOMAS DE ZAMORA",21002,"NO"
2026-03-12,"EMPRESA DE TRANSPORTE PERALTA RAMOS SACI","LINEA_552_MDQ","NO","COLECTIVO","MUNICIPAL","BUENOS AIRES","GENERAL PUEYRREDON",10891,"NO"
2026-03-12,"AUTOBUSES BUENOS AIRES SRL","LINEA_553_BSAS","SI","COLECTIVO","MUNICIPAL","BUENOS AIRES","LOMAS DE ZAMORA",15872,"NO"
2026-03-12,"EMPRESA DE TRANSPORTE PERALTA RAMOS SACI","LINEA_553_MDQ","NO","COLECTIVO","MUNICIPAL","BUENOS AIRES","GENERAL PUEYRREDON",6725,"NO"
2026-03-12,"EMPRESA DE TRANSPORTE PERALTA RAMOS SACI","LINEA_554_MDQ","NO","COLECTIVO","MUNICIPAL","BUENOS AIRES","GENERAL PUEYRREDON",6731,"NO"
2026-03-12,"EMPRESA DE TRANSPORTE PERALTA RAMOS SACI","LINEA_555_MDQ","NO","COLECTIVO","MUNICIPAL","BUENOS AIRES","GENERAL PUEYRREDON",7514,"NO"
2026-03-12,"EMPRESA VALLECITO SRL","LINEA_560_SJUAN","NO","COLECTIVO","PROVINCIAL","SAN JUAN","SN",37,"NO"
2026-03-12,"EMPRESA DE TRANSPORTE 12 DE OCTUBRE S R L","LINEA_562_MDQ","NO","COLECTIVO","MUNICIPAL","BUENOS AIRES","GENERAL PUEYRREDON",14573,"NO"
2026-03-12,"EMPRESA DE TRANSPORTE 12 DE OCTUBRE S R L","LINEA_563_MDQ","NO","COLECTIVO","MUNICIPAL","BUENOS AIRES","GENERAL PUEYRREDON",11852,"NO"
2026-03-12,"EMPRESA DE TRANSPORTE PERALTA RAMOS SACI","LINEA_571_MDQ","NO","COLECTIVO","MUNICIPAL","BUENOS AIRES","GENERAL PUEYRREDON",16665,"NO"
2026-03-12,"EMPRESA DE TRANSPORTE PERALTA RAMOS SACI","LINEA_573_MDQ","NO","COLECTIVO","MUNICIPAL","BUENOS AIRES","GENERAL PUEYRREDON",9766,"NO"
2026-03-12,"EMPRESA DE TRANSPORTE PERALTA RAMOS SACI","LINEA_581_MDQ","NO","COLECTIVO","MUNICIPAL","BUENOS AIRES","GENERAL PUEYRREDON",6230,"NO"
2026-03-12,"EMPRESA DE TRANSPORTE PERALTA RAMOS SACI","LINEA_591_MDQ","NO","COLECTIVO","MUNICIPAL","BUENOS AIRES","GENERAL PUEYRREDON",8307,"NO"
2026-03-12,"EMPRESA DE TRANSPORTE PERALTA RAMOS SACI","LINEA_593_MDQ","NO","COLECTIVO","MUNICIPAL","BUENOS AIRES","GENERAL PUEYRREDON",3756,"NO"
2026-03-12,"EMPRESA KOKO S.R.L","LINEA_5_NQN","NO","COLECTIVO","MUNICIPAL","NEUQUÉN","NEUQUEN",3324,"NO"
2026-03-12,"TRANSPORTE SAN JOSE S.A.","LINEA_60","NO","COLECTIVO","PROVINCIAL","JUJUY","SN",728,"NO"
2026-03-12,"AUTOTRANSPORTE VALLE DEL SOL SRL","LINEA_601_SJUAN","NO","COLECTIVO","PROVINCIAL","SAN JUAN","SN",443,"NO"
2026-03-12,"AUTOTRANSPORTE VALLE DEL SOL SRL","LINEA_602_SJUAN","NO","COLECTIVO","PROVINCIAL","SAN JUAN","SN",29,"NO"
2026-03-12,"EMPRESA KOKO S.R.L","LINEA_6_NQN","NO","COLECTIVO","MUNICIPAL","NEUQUÉN","NEUQUEN",3475,"NO"
2026-03-12,"TRANSPORTE DE PASAJEROS EL TRIUNFO SA","LINEA_701_SJUAN","NO","COLECTIVO","PROVINCIAL","SAN JUAN","SN",139,"NO"
2026-03-12,"TRANSPORTE DE PASAJEROS EL TRIUNFO SA","LINEA_702_SJUAN","NO","COLECTIVO","PROVINCIAL","SAN JUAN","SN",220,"NO"
2026-03-12,"EMPRESA KOKO S.R.L","LINEA_7_NQN","NO","COLECTIVO","MUNICIPAL","NEUQUÉN","NEUQUEN",3127,"NO"
2026-03-12,"EMPRESA VALLECITO SRL","LINEA_801_SJUAN","NO","COLECTIVO","PROVINCIAL","SAN JUAN","SN",297,"NO"
2026-03-12,"EMPRESA VALLECITO SRL","LINEA_802_SJUAN","NO","COLECTIVO","PROVINCIAL","SAN JUAN","SN",82,"NO"
2026-03-12,"EMPRESA VALLECITO SRL","LINEA_803_SJUAN","NO","COLECTIVO","PROVINCIAL","SAN JUAN","SN",34,"NO"
2026-03-12,"EMPRESA KOKO S.R.L","LINEA_8_NQN","NO","COLECTIVO","MUNICIPAL","NEUQUÉN","NEUQUEN",3987,"NO"
2026-03-12,"A T A C O NORTE S A C I","LINEA_902","NO","COLECTIVO","NACIONAL","JN","SD",4526,"NO"
2026-03-12,"EMPRESA DE TRANSPORTES FLUVIALES DEL LITORAL SA","LINEA_906","NO","COLECTIVO","NACIONAL","JN","SD",2266,"NO"
2026-03-12,"AZUL S.A. DE TRANSPORTE AUTOMOTOR","LINEA_910_STAFE","NO","COLECTIVO","NACIONAL","JN","SD",13278,"NO"
2026-03-12,"AZUL S.A. DE TRANSPORTE AUTOMOTOR","LINEA_915_STAFE","NO","COLECTIVO","NACIONAL","JN","SD",636,"NO"
2026-03-12,"TRANSPORTE AUTOMOTOR DE PASAJEROS FIGUEROA S.A.","LINEA_92","NO","COLECTIVO","PROVINCIAL","JUJUY","SN",111,"NO"
2026-03-12,"EXPRESO TIGRE-IGUAZU SA","LINEA_9_NQN","NO","COLECTIVO","MUNICIPAL","NEUQUÉN","NEUQUEN",4313,"NO"
2026-03-12,"EMPR.TRANSP AUTOMOTOR DE PASAJEROS GRAL SAVIO SRL","LINEA_9I_PAL","NO","COLECTIVO","MUNICIPAL","JUJUY","PALPALA",274,"NO"
2026-03-12,"EMOVA MOVILIDAD S.A. (ex MTV)","LINEA_A","SI","SUBTE",,,,82555,"NO"
2026-03-12,"TRANSPORTE LIBERTADOR SRL","LINEA_A_SJUAN","NO","COLECTIVO","PROVINCIAL","SAN JUAN","SN",14222,"NO"
2026-03-12,"TRANSPUNTANO SAPEM","LINEA_A_SL","NO","COLECTIVO","MUNICIPAL","SAN LUIS","SAN LUIS",2211,"NO"
2026-03-12,"USHUAIA INTEGRAL SOCIEDAD DEL ESTADO","LINEA_A_USHUAIA","NO","COLECTIVO","MUNICIPAL","TIERRA DEL FUEGO","USHUAIA",4878,"NO"
2026-03-12,"COOPERATIVA DE TRABAJO CHOFERES DE COLECTIVOS Y MINIBUSES LIMITADA - C.C.M.","LINEA_AZUL","NO","COLECTIVO","MUNICIPAL","SANTA FE","RECONQUISTA",252,"NO"
2026-03-12,"EMOVA MOVILIDAD S.A. (ex MTV)","LINEA_B","SI","SUBTE",,,,101603,"NO"
2026-03-12,"U.T.E EMPRESA DE TRANSPORTE DE PASAJEROS LA MARINA SA- LA POSITIVA SA","LINEA_B_SJUAN","NO","COLECTIVO","PROVINCIAL","SAN JUAN","SN",8013,"NO"
2026-03-12,"USHUAIA INTEGRAL SOCIEDAD DEL ESTADO","LINEA_B_USHUAIA","NO","COLECTIVO","MUNICIPAL","TIERRA DEL FUEGO","USHUAIA",5947,"NO"
2026-03-12,"TRANSPUNTANO SAPEM","LINEA_BCG_SL","NO","COLECTIVO","MUNICIPAL","SAN LUIS","SAN LUIS",4236,"NO"
2026-03-12,"MICRO OMNIBUS PRIMERA JUNTA S.A","LINEA_BSAS_500","SI","COLECTIVO","MUNICIPAL","BUENOS AIRES","FLORENCIO VARELA",5885,"NO"
2026-03-12,"MICRO OMNIBUS PRIMERA JUNTA S.A","LINEA_BSAS_500","SI","COLECTIVO","PROVINCIAL","BUENOS AIRES","SN",5816,"SI"
2026-03-12,"COMPAÑIA MICROOMNIBUS LA COLORADA SACI","LINEA_BSAS_503","SI","COLECTIVO","MUNICIPAL","BUENOS AIRES","FLORENCIO VARELA",15912,"NO"
2026-03-12,"COMPAÑIA MICROOMNIBUS LA COLORADA SACI","LINEA_BSAS_503","SI","COLECTIVO","PROVINCIAL","BUENOS AIRES","SN",15037,"SI"
2026-03-12,"COMPAÑIA MICROOMNIBUS LA COLORADA SACI","LINEA_BSAS_506","SI","COLECTIVO","MUNICIPAL","BUENOS AIRES","FLORENCIO VARELA",5163,"NO"
2026-03-12,"COMPAÑIA MICROOMNIBUS LA COLORADA SACI","LINEA_BSAS_506","SI","COLECTIVO","PROVINCIAL","BUENOS AIRES","SN",5163,"SI"
2026-03-12,"COMPAÑIA MICROOMNIBUS LA COLORADA SACI","LINEA_BSAS_508","SI","COLECTIVO","MUNICIPAL","BUENOS AIRES","FLORENCIO VARELA",6406,"NO"
2026-03-12,"COMPAÑIA MICROOMNIBUS LA COLORADA SACI","LINEA_BSAS_508","SI","COLECTIVO","PROVINCIAL","BUENOS AIRES","SN",6406,"SI"
2026-03-12,"MICRO OMNIBUS PRIMERA JUNTA S.A","LINEA_BSAS_509","SI","COLECTIVO","MUNICIPAL","BUENOS AIRES","FLORENCIO VARELA",5779,"NO"
2026-03-12,"MICRO OMNIBUS PRIMERA JUNTA S.A","LINEA_BSAS_509","SI","COLECTIVO","PROVINCIAL","BUENOS AIRES","SN",5676,"SI"
2026-03-12,"CONTINENTAL T.P.A S.A","LINEA_C_SFE","NO","COLECTIVO","PROVINCIAL","SANTA FE","SN",24362,"NO"
2026-03-12,"EMPRESA MAYO SRL","LINEA_C_SJUAN","NO","COLECTIVO","PROVINCIAL","SAN JUAN","SN",2565,"NO"
2026-03-12,"USHUAIA INTEGRAL SOCIEDAD DEL ESTADO","LINEA_C_USHUAIA","NO","COLECTIVO","MUNICIPAL","TIERRA DEL FUEGO","USHUAIA",636,"NO"
2026-03-12,"TRANSPORTE DE PASAJEROS ALTO DE SIERRA S.R.L.","LINEA_D_SJUAN","NO","COLECTIVO","PROVINCIAL","SAN JUAN","SN",8057,"NO"
2026-03-12,"TRANSPUNTANO SAPEM","LINEA_D_SL","NO","COLECTIVO","MUNICIPAL","SAN LUIS","SAN LUIS",7356,"NO"
2026-03-12,"USHUAIA INTEGRAL SOCIEDAD DEL ESTADO","LINEA_D_USHUAIA","NO","COLECTIVO","MUNICIPAL","TIERRA DEL FUEGO","USHUAIA",1606,"NO"
2026-03-12,"TRANSPUNTANO SAPEM","LINEA_E1_SL","NO","COLECTIVO","MUNICIPAL","SAN LUIS","SAN LUIS",1688,"NO"
2026-03-12,"U.T.E EMPRESA DE TRANSPORTE DE PASAJEROS LA MARINA SA- LA POSITIVA SA","LINEA_E_SJUAN","NO","COLECTIVO","PROVINCIAL","SAN JUAN","SN",1480,"NO"
2026-03-12,"TRANSPUNTANO SAPEM","LINEA_E_SL","NO","COLECTIVO","MUNICIPAL","SAN LUIS","SAN LUIS",3273,"NO"
2026-03-12,"MOVI ROSARIO S.A.U","LINEA_ENLACE_AVELLANEDA_OESTE","NO","COLECTIVO","MUNICIPAL","SANTA FE","ROSARIO",485,"NO"
2026-03-12,"MOVI ROSARIO S.A.U","LINEA_ENLACE_NOROESTE","NO","COLECTIVO","MUNICIPAL","SANTA FE","ROSARIO",349,"NO"
2026-03-12,"MOVI ROSARIO S.A.U","LINEA_ENLACE_SANTA_LUCIA","NO","COLECTIVO","MUNICIPAL","SANTA FE","ROSARIO",290,"NO"
2026-03-12,"TRANSPUNTANO SAPEM","LINEA_F_SL","NO","COLECTIVO","MUNICIPAL","SAN LUIS","SAN LUIS",1673,"NO"
2026-03-12,"TRANSPUNTANO SAPEM","LINEA_H_SL","NO","COLECTIVO","MUNICIPAL","SAN LUIS","SAN LUIS",5084,"NO"
2026-03-12,"TRANSPUNTANO SAPEM","LINEA_I_SL","NO","COLECTIVO","MUNICIPAL","SAN LUIS","SAN LUIS",8004,"NO"
2026-03-12,"MOVI ROSARIO S.A.U","LINEA_K","NO","COLECTIVO","MUNICIPAL","SANTA FE","ROSARIO",11919,"NO"
2026-03-12,"TRANSPUNTANO SAPEM","LINEA_N_SL","NO","COLECTIVO","MUNICIPAL","SAN LUIS","SAN LUIS",2742,"NO"
2026-03-12,"TRANSPUNTANO SAPEM","LINEA_OK_SL","NO","COLECTIVO","MUNICIPAL","SAN LUIS","SAN LUIS",5399,"NO"
2026-03-12,"TRANSPUNTANO SAPEM","LINEA_P_SL","NO","COLECTIVO","MUNICIPAL","SAN LUIS","SAN LUIS",1873,"NO"
2026-03-12,"NAVARRO HNOS SRL","LINEA_R-P_CHA","NO","COLECTIVO","PROVINCIAL","CHACO","SN",446,"NO"
2026-03-12,"TRANSPUNTANO SAPEM","LINEA_R_SL","NO","COLECTIVO","MUNICIPAL","SAN LUIS","SAN LUIS",1048,"NO"
2026-03-12,"COOPERATIVA DE TRABAJO CHOFERES DE COLECTIVOS Y MINIBUSES LIMITADA - C.C.M.","LINEA_ROJA","NO","COLECTIVO","MUNICIPAL","SANTA FE","RECONQUISTA",67,"NO"
2026-03-12,"MOVI ROSARIO S.A.U","LINEA_RONDA_CUR_SUR","NO","COLECTIVO","MUNICIPAL","SANTA FE","ROSARIO",593,"NO"
2026-03-12,"TRANSPUNTANO SAPEM","LINEA_T_SL","NO","COLECTIVO","MUNICIPAL","SAN LUIS","SAN LUIS",191,"NO"
2026-03-12,"U.T.E EMPRESA DE TRANSPORTE DE PASAJEROS LA MARINA SA- LA POSITIVA SA","LINEA_TEO_SJUAN","NO","COLECTIVO","PROVINCIAL","SAN JUAN","SN",17047,"NO"
2026-03-12,"TRANSPORTE DE PASAJEROS EL TRIUNFO SA","LINEA_TNS_SJUAN","NO","COLECTIVO","PROVINCIAL","SAN JUAN","SN",11961,"NO"
2026-03-12,"TRANSPUNTANO SAPEM","LINEA_U_SL","NO","COLECTIVO","MUNICIPAL","SAN LUIS","SAN LUIS",1563,"NO"
2026-03-12,"COOPERATIVA DE TRABAJO CHOFERES DE COLECTIVOS Y MINIBUSES LIMITADA - C.C.M.","LINEA_VERDE","NO","COLECTIVO","MUNICIPAL","SANTA FE","RECONQUISTA",297,"NO"
2026-03-12,"EMPRESA CEFERINO SOCIEDAD ANONIMA","Línea A","NO","COLECTIVO","MUNICIPAL","RÍO NEGRO","VIEDMA",343,"NO"
2026-03-12,"LA COMARCA SA","Línea D","NO","COLECTIVO","MUNICIPAL","RÍO NEGRO","VIEDMA",978,"NO"
2026-03-12,"LA COMARCA SA","Línea E","NO","COLECTIVO","MUNICIPAL","RÍO NEGRO","VIEDMA",1470,"NO"
2026-03-12,"EMPRESA CEFERINO SOCIEDAD ANONIMA","Línea G","NO","COLECTIVO","MUNICIPAL","RÍO NEGRO","VIEDMA",274,"NO"
2026-03-12,"COOP. DE PROVISION DE SERVICIOS 1 DE SEPTIEMBRE LTDA","MOSCONI - LA RIVERA","NO","COLECTIVO","MUNICIPAL","RÍO NEGRO","GENERAL ROCA",670,"NO"
2026-03-12,"UNION PLATENSE SRL","NORTE MUNICIPAL","SI","COLECTIVO","MUNICIPAL","BUENOS AIRES","LA PLATA",10848,"NO"
2026-03-12,"EMP.TRANSP.FLUVIALES DEL LITORAL S.A.","PARANA - MARIA GRANDE","NO","COLECTIVO","PROVINCIAL","ENTRE RÍOS","SN",251,"NO"
2026-03-12,"EMP.TRANSP.FLUVIALES DEL LITORAL S.A.","PARANA - TABOSSI","NO","COLECTIVO","PROVINCIAL","ENTRE RÍOS","SN",134,"NO"
2026-03-12,"EMP.TRANSP.FLUVIALES DEL LITORAL S.A.","PARANA - VIALE","NO","COLECTIVO","PROVINCIAL","ENTRE RÍOS","SN",228,"NO"
2026-03-12,"COOP. DE PROVISION DE SERVICIOS 1 DE SEPTIEMBRE LTDA","PASO CORDOBA","NO","COLECTIVO","MUNICIPAL","RÍO NEGRO","GENERAL ROCA",416,"NO"
2026-03-12,"EMPRESA DE TTES. RAWSON S.R.L.","RAWSON - TRELEW","NO","COLECTIVO","PROVINCIAL","CHUBUT","SN",2046,"NO"
2026-03-12,"A T A C O NORTE S A C I","RES_COL_POP_Y _VIC","NO","COLECTIVO","PROVINCIAL","CHACO","SN",42,"NO"
2026-03-12,"A T A C O NORTE S A C I","RES_PUERTO_TIROL_Y VIC","NO","COLECTIVO","PROVINCIAL","CHACO","SN",1511,"NO"
2026-03-12,"CIA.DE TRANSPORTE BERMEJO S.R.L","RESISTENCIA-COL. BENITEZ-M. BELEN","NO","COLECTIVO","PROVINCIAL","CHACO","SN",1783,"NO"
2026-03-12,"CONTINENTAL TRANSPORTE PÚBLICO AUTOMOTOR S.R.L","SF022","NO","COLECTIVO","PROVINCIAL","SANTA FE","SN",877,"NO"
2026-03-12,"EMPRESA  9 DE JULIO SRL","SF022","NO","COLECTIVO","PROVINCIAL","SANTA FE","SN",496,"NO"
2026-03-12,"AMERICA TRANSPORTE AUTOMOTOR S.R.L","SF037","NO","COLECTIVO","PROVINCIAL","SANTA FE","SN",147,"NO"
2026-03-12,"CONTINENTAL TRANSPORTE PÚBLICO AUTOMOTOR S.R.L","SF037","NO","COLECTIVO","PROVINCIAL","SANTA FE","SN",61,"NO"
2026-03-12,"EMPRESA  9 DE JULIO SRL","SF037","NO","COLECTIVO","PROVINCIAL","SANTA FE","SN",53,"NO"
2026-03-12,"INTERBUS S.R.L","SF113","NO","COLECTIVO","PROVINCIAL","SANTA FE","SN",780,"NO"
2026-03-12,"INTERBUS S.R.L","SF114","NO","COLECTIVO","PROVINCIAL","SANTA FE","SN",1138,"NO"
2026-03-12,"EMPRESA LAGUNA PAIVA S.R.L.","SF132","NO","COLECTIVO","PROVINCIAL","SANTA FE","SN",1759,"NO"
2026-03-12,"MONTE VERA S.R.L.","SF143 MONTE VERA - SANTA FE","NO","COLECTIVO","PROVINCIAL","SANTA FE","SN",2078,"NO"
2026-03-12,"TATA RAPIDO S.A.","SF210 ROSARIO - SAN GENARO","NO","COLECTIVO","PROVINCIAL","SANTA FE","SN",60,"NO"
2026-03-12,"AMERICA TRANSPORTE AUTOMOTOR S.R.L","SF212","NO","COLECTIVO","PROVINCIAL","SANTA FE","SN",2720,"NO"
2026-03-12,"CONTINENTAL TRANSPORTE PÚBLICO AUTOMOTOR S.R.L","SF212","NO","COLECTIVO","PROVINCIAL","SANTA FE","SN",329,"NO"
2026-03-12,"EMPRESA  9 DE JULIO SRL","SF212","NO","COLECTIVO","PROVINCIAL","SANTA FE","SN",513,"NO"
2026-03-12,"AMERICA TRANSPORTE AUTOMOTOR S.R.L","SF214","NO","COLECTIVO","PROVINCIAL","SANTA FE","SN",2,"NO"
2026-03-12,"AMERICA TRANSPORTE AUTOMOTOR S.R.L","SF215","NO","COLECTIVO","PROVINCIAL","SANTA FE","SN",245,"NO"
2026-03-12,"TATA RAPIDO S.A.","SF229 ROSARIO - PUERTO GABOTO","NO","COLECTIVO","PROVINCIAL","SANTA FE","SN",157,"NO"
2026-03-12,"TATA RAPIDO S.A.","SF233 MACIEL - PUERTO GABOTO","NO","COLECTIVO","PROVINCIAL","SANTA FE","SN",66,"NO"
2026-03-12,"TATA RAPIDO S.A.","SF248 SERODINO-ROSARIO","NO","COLECTIVO","PROVINCIAL","SANTA FE","SN",97,"NO"
2026-03-12,"AMERICA TRANSPORTE AUTOMOTOR S.R.L","SF282","NO","COLECTIVO","PROVINCIAL","SANTA FE","SN",355,"NO"
2026-03-12,"CONTINENTAL TRANSPORTE PÚBLICO AUTOMOTOR S.R.L","SF282","NO","COLECTIVO","PROVINCIAL","SANTA FE","SN",303,"NO"
2026-03-12,"EMPRESA  9 DE JULIO SRL","SF282","NO","COLECTIVO","PROVINCIAL","SANTA FE","SN",89,"NO"
2026-03-12,"AMERICA TRANSPORTE AUTOMOTOR S.R.L","SF284","NO","COLECTIVO","PROVINCIAL","SANTA FE","SN",6067,"NO"
2026-03-12,"CONTINENTAL TRANSPORTE PÚBLICO AUTOMOTOR S.R.L","SF284","NO","COLECTIVO","PROVINCIAL","SANTA FE","SN",4089,"NO"
2026-03-12,"EMPRESA  9 DE JULIO SRL","SF284","NO","COLECTIVO","PROVINCIAL","SANTA FE","SN",4155,"NO"
2026-03-12,"AMERICA TRANSPORTE AUTOMOTOR S.R.L","SF287","NO","COLECTIVO","PROVINCIAL","SANTA FE","SN",1739,"NO"
2026-03-12,"CONTINENTAL TRANSPORTE PÚBLICO AUTOMOTOR S.R.L","SF287","NO","COLECTIVO","PROVINCIAL","SANTA FE","SN",1267,"NO"
2026-03-12,"EMPRESA  9 DE JULIO SRL","SF287","NO","COLECTIVO","PROVINCIAL","SANTA FE","SN",655,"NO"
2026-03-12,"AMERICA TRANSPORTE AUTOMOTOR S.R.L","SF288","NO","COLECTIVO","PROVINCIAL","SANTA FE","SN",1055,"NO"
2026-03-12,"CONTINENTAL TRANSPORTE PÚBLICO AUTOMOTOR S.R.L","SF288","NO","COLECTIVO","PROVINCIAL","SANTA FE","SN",14,"NO"
2026-03-12,"EMPRESA  9 DE JULIO SRL","SF288","NO","COLECTIVO","PROVINCIAL","SANTA FE","SN",97,"NO"
2026-03-12,"AMERICA TRANSPORTE AUTOMOTOR S.R.L","SF292","NO","COLECTIVO","PROVINCIAL","SANTA FE","SN",32,"NO"
2026-03-12,"AMERICA TRANSPORTE AUTOMOTOR S.R.L","SF293","NO","COLECTIVO","PROVINCIAL","SANTA FE","SN",33,"NO"
2026-03-12,"AMERICA TRANSPORTE AUTOMOTOR S.R.L","SF304","NO","COLECTIVO","PROVINCIAL","SANTA FE","SN",1106,"NO"
2026-03-12,"CONTINENTAL TRANSPORTE PÚBLICO AUTOMOTOR S.R.L","SF304","NO","COLECTIVO","PROVINCIAL","SANTA FE","SN",660,"NO"
2026-03-12,"EMPRESA  9 DE JULIO SRL","SF304","NO","COLECTIVO","PROVINCIAL","SANTA FE","SN",826,"NO"
2026-03-12,"AMERICA TRANSPORTE AUTOMOTOR S.R.L","SF312-1","NO","COLECTIVO","PROVINCIAL","SANTA FE","SN",1338,"NO"
2026-03-12,"CONTINENTAL TRANSPORTE PÚBLICO AUTOMOTOR S.R.L","SF312-1","NO","COLECTIVO","PROVINCIAL","SANTA FE","SN",52,"NO"
2026-03-12,"AMERICA TRANSPORTE AUTOMOTOR S.R.L","SF312","NO","COLECTIVO","PROVINCIAL","SANTA FE","SN",3451,"NO"
2026-03-12,"AMERICA TRANSPORTE AUTOMOTOR S.R.L","SF317","NO","COLECTIVO","PROVINCIAL","SANTA FE","SN",246,"NO"
2026-03-12,"CONTINENTAL TRANSPORTE PÚBLICO AUTOMOTOR S.R.L","SF317","NO","COLECTIVO","PROVINCIAL","SANTA FE","SN",160,"NO"
2026-03-12,"EMPRESA  9 DE JULIO SRL","SF317","NO","COLECTIVO","PROVINCIAL","SANTA FE","SN",263,"NO"
2026-03-12,"AMERICA TRANSPORTE AUTOMOTOR S.R.L","SF320-1","NO","COLECTIVO","PROVINCIAL","SANTA FE","SN",765,"NO"
2026-03-12,"CONTINENTAL TRANSPORTE PÚBLICO AUTOMOTOR S.R.L","SF320-1","NO","COLECTIVO","PROVINCIAL","SANTA FE","SN",179,"NO"
2026-03-12,"EMPRESA  9 DE JULIO SRL","SF320-1","NO","COLECTIVO","PROVINCIAL","SANTA FE","SN",109,"NO"
2026-03-12,"AMERICA TRANSPORTE AUTOMOTOR S.R.L","SF320","NO","COLECTIVO","PROVINCIAL","SANTA FE","SN",602,"NO"
2026-03-12,"CONTINENTAL TRANSPORTE PÚBLICO AUTOMOTOR S.R.L","SF320","NO","COLECTIVO","PROVINCIAL","SANTA FE","SN",471,"NO"
2026-03-12,"EMPRESA  9 DE JULIO SRL","SF320","NO","COLECTIVO","PROVINCIAL","SANTA FE","SN",265,"NO"
2026-03-12,"INTERBUS S.R.L","SF343","NO","COLECTIVO","PROVINCIAL","SANTA FE","SN",36,"NO"
2026-03-12,"TATA RAPIDO S.A.","SF351 MACIEL - BARRANCAS","NO","COLECTIVO","PROVINCIAL","SANTA FE","SN",11,"NO"
2026-03-12,"TATA RAPIDO S.A.","SF355 RICARDONE - TOTORAS","NO","COLECTIVO","PROVINCIAL","SANTA FE","SN",249,"NO"
2026-03-12,"TATA RAPIDO S.A.","SF356 SERODINO - SAN LORENZO","NO","COLECTIVO","PROVINCIAL","SANTA FE","SN",32,"NO"
2026-03-12,"MUNICIPALIDAD DE PRESIDENCIA ROQUE SAENZ PENA","SiMTraPUP","NO","COLECTIVO","MUNICIPAL","CHACO","PRESIDENCIA ROQUE SAENZ PEÑA",574,"NO"
2026-03-12,"ETACER SRL","STAFE_SANTA FE_LINEA_907","NO","COLECTIVO","NACIONAL","JN","SD",2074,"NO"
2026-03-12,"COOP. DE PROVISION DE SERVICIOS 1 DE SEPTIEMBRE LTDA","STEFENELLI - LA COSTA","NO","COLECTIVO","MUNICIPAL","RÍO NEGRO","GENERAL ROCA",382,"NO"
2026-03-12,"PEHUENCHE SA","TA-02","NO","COLECTIVO","PROVINCIAL","NEUQUÉN","SN",1613,"NO"
2026-03-12,"PEHUENCHE SA","TA-15","NO","COLECTIVO","PROVINCIAL","NEUQUÉN","SN",680,"NO"
2026-03-12,"PEHUENCHE SA","TA-21","NO","COLECTIVO","PROVINCIAL","NEUQUÉN","SN",719,"NO"
2026-03-12,"EXPRESO COLONIA SA","TD-02","NO","COLECTIVO","PROVINCIAL","NEUQUÉN","SN",955,"NO"
2026-03-12,"TRANSPORTE BAHIA S.R.L.","TRELEW - PUERTO RAWSON","NO","COLECTIVO","PROVINCIAL","CHUBUT","SN",1328,"NO"
