2026-01-17,"MUNICIPALIDAD DE MERCEDES PROVINCIA DE BUENOS AIRES","1","SI","COLECTIVO","MUNICIPAL","BUENOS AIRES","MERCEDES",264,"NO"
2026-01-17,"MUNICIPALIDAD DE MERCEDES PROVINCIA DE BUENOS AIRES","2B","SI","COLECTIVO","MUNICIPAL","BUENOS AIRES","MERCEDES",151,"NO"
2026-01-17,"COOP. DE PROVISION DE SERVICIOS 1 DE SEPTIEMBRE LTDA","AEROCLUB - 140 VIV.","NO","COLECTIVO","MUNICIPAL","RÍO NEGRO","GENERAL ROCA",281,"NO"
2026-01-17,"COOP. DE PROVISION DE SERVICIOS 1 DE SEPTIEMBRE LTDA","BARRIO NUEVO","NO","COLECTIVO","MUNICIPAL","RÍO NEGRO","GENERAL ROCA",604,"NO"
2026-01-17,"EMPRESA BATAN S.A.","BS_AS_LINEA 715M","NO","COLECTIVO","MUNICIPAL","BUENOS AIRES","GENERAL PUEYRREDON",3696,"NO"
2026-01-17,"EMPRESA BATAN S.A.","BS_AS_LINEA 720M","NO","COLECTIVO","MUNICIPAL","BUENOS AIRES","GENERAL PUEYRREDON",450,"NO"
2026-01-17,"COMPAÑIA  DE TRANSPORTE VECINAL S.A.","BS_AS_LINEA_326","SI","COLECTIVO","PROVINCIAL","BUENOS AIRES","SN",1363,"NO"
2026-01-17,"EMPRESA DE TRANSPORTE PERALTA RAMOS SACI","BS_AS_LINEA_512","NO","COLECTIVO","MUNICIPAL","BUENOS AIRES","GENERAL PUEYRREDON",1831,"NO"
2026-01-17,"EL URBANO SRL","BS_AS_LINEA_522","SI","COLECTIVO","MUNICIPAL","BUENOS AIRES","LANUS",213,"NO"
2026-01-17,"EL URBANO SRL","BS_AS_LINEA_527","SI","COLECTIVO","MUNICIPAL","BUENOS AIRES","LANUS",1675,"NO"
2026-01-17,"TRANSPORTES LINEA 123 S.A.C.I.","BS_ASLINEA_123","SI","COLECTIVO","NACIONAL","JN","SD",5601,"NO"
2026-01-17,"COMPAÑIA ISLEÑA S.R.L.","BSAS_LINEA302","SI","COLECTIVO","PROVINCIAL","BUENOS AIRES","SN",7082,"NO"
2026-01-17,"COMPAÑIA ISLEÑA S.R.L.","BSAS_LINEA303","SI","COLECTIVO","PROVINCIAL","BUENOS AIRES","SN",12366,"NO"
2026-01-17,"TRANPORTES VEINTIDOS DE SETIEMBRE S.A.C.","BSAS_LINEA_002","SI","COLECTIVO","NACIONAL","JN","SD",17615,"NO"
2026-01-17,"GENERAL TOMAS GUIDO S.A.C.I.F.","BSAS_LINEA_009","SI","COLECTIVO","NACIONAL","JN","SD",13530,"NO"
2026-01-17,"LINEA 10 S.A.","BSAS_LINEA_010","SI","COLECTIVO","NACIONAL","JN","SD",16025,"NO"
2026-01-17,"TRANSPORTES SUR-NOR C.I.S.A.","BSAS_LINEA_015","SI","COLECTIVO","NACIONAL","JN","SD",28132,"NO"
2026-01-17,"LINEA 17 S.A.","BSAS_LINEA_017","SI","COLECTIVO","NACIONAL","JN","SD",22723,"NO"
2026-01-17,"MICROOMNIBUS SAAVEDRA S.A.T.A.C.I.","BSAS_LINEA_019","SI","COLECTIVO","NACIONAL","JN","SD",10153,"NO"
2026-01-17,"TRANSPORTE LARRAZABAL C.I.S.A.","BSAS_LINEA_020","SI","COLECTIVO","NACIONAL","JN","SD",7110,"NO"
2026-01-17,"EMPRESA DE TRANSP. TTE. GRAL. ROCA S.A","BSAS_LINEA_021","SI","COLECTIVO","NACIONAL","JN","SD",45887,"NO"
2026-01-17,"LINEA 22 S.A.","BSAS_LINEA_022","SI","COLECTIVO","NACIONAL","JN","SD",7861,"NO"
2026-01-17,"EMP.TRANSP.AUTOM.DE PASAJEROS S.A.C.I.F.","BSAS_LINEA_024","SI","COLECTIVO","NACIONAL","JN","SD",23270,"NO"
2026-01-17,"EMP.DE TRANSP. PEDRO DE MENDOZA C.I.S.A.","BSAS_LINEA_029","SI","COLECTIVO","NACIONAL","JN","SD",17376,"NO"
2026-01-17,"EL PUENTE S.A.T.","BSAS_LINEA_032","SI","COLECTIVO","NACIONAL","JN","SD",6308,"NO"
2026-01-17,"4 DE SEPTIEMBRE S.A.T.C.P.","BSAS_LINEA_037","SI","COLECTIVO","NACIONAL","JN","SD",23522,"NO"
2026-01-17,"AZUL S.A. DE TRANSPORTE AUTOMOTOR","BSAS_LINEA_041","SI","COLECTIVO","NACIONAL","JN","SD",20666,"NO"
2026-01-17,"MICROOMNIBUS CUARENTA Y CINCO S.A.C.I.F.","BSAS_LINEA_045","SI","COLECTIVO","NACIONAL","JN","SD",15304,"NO"
2026-01-17,"UNION TRANSPORTISTAS DE EMPRESAS SA","BSAS_LINEA_046","SI","COLECTIVO","NACIONAL","JN","SD",15319,"NO"
2026-01-17,"BUENOS AIRES BUS SOCIEDAD ANONIMA","BSAS_LINEA_049","SI","COLECTIVO","NACIONAL","JN","SD",6617,"NO"
2026-01-17,"SAN VICENTE S.A. DE TRANSPORTES","BSAS_LINEA_051","SI","COLECTIVO","NACIONAL","JN","SD",10527,"NO"
2026-01-17,"LINEA 213 S.A. DE TRANSPORTE","BSAS_LINEA_053","SI","COLECTIVO","NACIONAL","JN","SD",28098,"NO"
2026-01-17,"ALMAFUERTE S.A.T.A.C.I.","BSAS_LINEA_055","SI","COLECTIVO","NACIONAL","JN","SD",17612,"NO"
2026-01-17,"TRANSPORTES LOPE DE VEGA S.A.C.I.","BSAS_LINEA_056","SI","COLECTIVO","NACIONAL","JN","SD",4158,"NO"
2026-01-17,"TRANSPORTES ATLANTIDA S.A.C.","BSAS_LINEA_057","SI","COLECTIVO","NACIONAL","JN","SD",31310,"NO"
2026-01-17,"MICROOMNIBUS CIUDAD DE BS.AS. S.A.T.C.I","BSAS_LINEA_059","SI","COLECTIVO","NACIONAL","JN","SD",30358,"NO"
2026-01-17,"MICRO OMNIBUS NORTE S.A.","BSAS_LINEA_060","SI","COLECTIVO","NACIONAL","JN","SD",67127,"NO"
2026-01-17,"BERNARDINO RIVADAVIA S.A.T.A.","BSAS_LINEA_063","SI","COLECTIVO","NACIONAL","JN","SD",14982,"NO"
2026-01-17,"TRANSPORTES DEL TEJAR S.A.","BSAS_LINEA_067","SI","COLECTIVO","NACIONAL","JN","SD",20207,"NO"
2026-01-17,"TRANSPORTES 270 S.A.","BSAS_LINEA_070","SI","COLECTIVO","NACIONAL","JN","SD",11236,"NO"
2026-01-17,"LINEA 71 S.A.","BSAS_LINEA_071","SI","COLECTIVO","NACIONAL","JN","SD",24924,"NO"
2026-01-17,"SAN VICENTE S.A. DE TRANSPORTES","BSAS_LINEA_074","SI","COLECTIVO","NACIONAL","JN","SD",4849,"NO"
2026-01-17,"LOS CONSTITUYENTES S.A.T.","BSAS_LINEA_078","SI","COLECTIVO","NACIONAL","JN","SD",16484,"NO"
2026-01-17,"SAN VICENTE S.A. DE TRANSPORTES","BSAS_LINEA_079","SI","COLECTIVO","NACIONAL","JN","SD",8795,"NO"
2026-01-17,"TRANSPORTES NUEVA CHICAGO C.I.S.A.","BSAS_LINEA_080","SI","COLECTIVO","NACIONAL","JN","SD",20846,"NO"
2026-01-17,"SOCIEDAD ANONIMA EXPRESO SUDOESTE","BSAS_LINEA_085","SI","COLECTIVO","NACIONAL","JN","SD",27597,"NO"
2026-01-17,"D.U.V.I. SOCIEDAD ANONIMA","BSAS_LINEA_086","SI","COLECTIVO","NACIONAL","JN","SD",5274,"NO"
2026-01-17,"LOS CONSTITUYENTES S.A.T.","BSAS_LINEA_087","SI","COLECTIVO","NACIONAL","JN","SD",12501,"NO"
2026-01-17,"LINEA EXPRESO LINIERS S.A.I.Y C.","BSAS_LINEA_088","SI","COLECTIVO","NACIONAL","JN","SD",11929,"NO"
2026-01-17,"TRANSPORTES LOPE DE VEGA S.A.C.I.","BSAS_LINEA_091","SI","COLECTIVO","NACIONAL","JN","SD",14191,"NO"
2026-01-17,"EMP.DE TRANSP.MICROOMN.SAENZ PEÑA S.R.L.","BSAS_LINEA_092","SI","COLECTIVO","NACIONAL","JN","SD",28328,"NO"
2026-01-17,"TRANSPORTES 1º SEPTIEMBRE S.A.","BSAS_LINEA_093","SI","COLECTIVO","NACIONAL","JN","SD",6714,"NO"
2026-01-17,"EMPRESA ANTARTIDA ARGENTINA S.A.T.","BSAS_LINEA_095","SI","COLECTIVO","NACIONAL","JN","SD",9304,"NO"
2026-01-17,"TRANSPORTE IDEAL SAN JUSTO S.A.","BSAS_LINEA_096","SI","COLECTIVO","NACIONAL","JN","SD",23367,"NO"
2026-01-17,"BUS DEL OESTE S.A.","BSAS_LINEA_097","SI","COLECTIVO","NACIONAL","JN","SD",6811,"NO"
2026-01-17,"EXPRESO QUILMES S.A.","BSAS_LINEA_098","SI","COLECTIVO","NACIONAL","JN","SD",37271,"NO"
2026-01-17,"TRANSPORTES AUTOMOTORES RIACHUELO S.A.","BSAS_LINEA_100","SI","COLECTIVO","NACIONAL","JN","SD",16530,"NO"
2026-01-17,"TRANSPORTES QUIRNO COSTA S.A.C.I.","BSAS_LINEA_103","SI","COLECTIVO","NACIONAL","JN","SD",12212,"NO"
2026-01-17,"EMPRESA DE TRANSPORTES AMERICA S.A.C.I.","BSAS_LINEA_105","SI","COLECTIVO","NACIONAL","JN","SD",16298,"NO"
2026-01-17,"GENERAL PUEYRREDON S.A.T.C.I.","BSAS_LINEA_110","SI","COLECTIVO","NACIONAL","JN","SD",15950,"NO"
2026-01-17,"LOS CONSTITUYENTES S.A.T.","BSAS_LINEA_111","SI","COLECTIVO","NACIONAL","JN","SD",8160,"NO"
2026-01-17,"BERNARDINO RIVADAVIA S.A.T.A.","BSAS_LINEA_113","SI","COLECTIVO","NACIONAL","JN","SD",14437,"NO"
2026-01-17,"LA CENTRAL DE VICENTE LOPEZ S.A.","BSAS_LINEA_114","SI","COLECTIVO","NACIONAL","JN","SD",13199,"NO"
2026-01-17,"TRANSPORTE LARRAZABAL C.I.S.A.","BSAS_LINEA_117","SI","COLECTIVO","NACIONAL","JN","SD",15030,"NO"
2026-01-17,"TRANSPORTES AUTOMOTORES CALLAO S.A.","BSAS_LINEA_124","SI","COLECTIVO","NACIONAL","JN","SD",13366,"NO"
2026-01-17,"CARDENAS S.A. EMPRESA DE TRANSPORTES","BSAS_LINEA_126","SI","COLECTIVO","NACIONAL","JN","SD",22212,"NO"
2026-01-17,"LOS CONSTITUYENTES S.A.T.","BSAS_LINEA_127","SI","COLECTIVO","NACIONAL","JN","SD",10000,"NO"
2026-01-17,"EL PUENTE S.A.T.","BSAS_LINEA_128","SI","COLECTIVO","NACIONAL","JN","SD",11333,"NO"
2026-01-17,"LA CENTRAL DE VICENTE LOPEZ S.A.","BSAS_LINEA_129","SI","COLECTIVO","NACIONAL","JN","SD",7035,"NO"
2026-01-17,"TRANSPORTES AVENIDA BERNARDO ADER S.A.","BSAS_LINEA_130","SI","COLECTIVO","NACIONAL","JN","SD",22873,"NO"
2026-01-17,"ERSA URBANO SA","BSAS_LINEA_133","SI","COLECTIVO","NACIONAL","JN","SD",15070,"NO"
2026-01-17,"TRANSPORTES AUTOMOTORES RIACHUELO S.A.","BSAS_LINEA_134","SI","COLECTIVO","NACIONAL","JN","SD",14965,"NO"
2026-01-17,"TRANSPORTES LOPE DE VEGA S.A.C.I.","BSAS_LINEA_135","SI","COLECTIVO","NACIONAL","JN","SD",13528,"NO"
2026-01-17,"SARGENTO CABRAL S.A.DE TRANSPORTE","BSAS_LINEA_136","SI","COLECTIVO","NACIONAL","JN","SD",7462,"NO"
2026-01-17,"ERSA URBANO SA","BSAS_LINEA_140","SI","COLECTIVO","NACIONAL","JN","SD",13525,"NO"
2026-01-17,"LA CENTRAL DE VICENTE LOPEZ S.A.","BSAS_LINEA_143","SI","COLECTIVO","NACIONAL","JN","SD",8321,"NO"
2026-01-17,"ROCARAZA S.A.","BSAS_LINEA_146","SI","COLECTIVO","NACIONAL","JN","SD",16524,"NO"
2026-01-17,"EL NUEVO HALCON S.A.","BSAS_LINEA_148","SI","COLECTIVO","NACIONAL","JN","SD",17242,"NO"
2026-01-17,"NUDO S.A.","BSAS_LINEA_150","SI","COLECTIVO","NACIONAL","JN","SD",10506,"NO"
2026-01-17,"EMPRESA TANDILENSE S.A.C.I.F.I.Y DE S.","BSAS_LINEA_152","SI","COLECTIVO","NACIONAL","JN","SD",43378,"NO"
2026-01-17,"MICROOMNIBUS SAAVEDRA S.A.T.A.C.I.","BSAS_LINEA_153","SI","COLECTIVO","NACIONAL","JN","SD",5854,"NO"
2026-01-17,"MICROOMNIBUS CUARENTA Y CINCO S.A.C.I.F.","BSAS_LINEA_154","SI","COLECTIVO","NACIONAL","JN","SD",1385,"NO"
2026-01-17,"EL PUENTE S.A.T.","BSAS_LINEA_158","SI","COLECTIVO","NACIONAL","JN","SD",10269,"NO"
2026-01-17,"MICRO OMNIBUS QUILMES S.A.C.I. Y F.","BSAS_LINEA_159","SI","COLECTIVO","NACIONAL","JN","SD",34197,"NO"
2026-01-17,"MICRO OMNIBUS SUR S.A.C.","BSAS_LINEA_160","SI","COLECTIVO","NACIONAL","JN","SD",32250,"NO"
2026-01-17,"TRANSPORTE LARRAZABAL C.I.S.A.","BSAS_LINEA_161","SI","COLECTIVO","NACIONAL","JN","SD",20753,"NO"
2026-01-17,"SARGENTO CABRAL S.A.DE TRANSPORTE","BSAS_LINEA_163","SI","COLECTIVO","NACIONAL","JN","SD",5194,"NO"
2026-01-17,"EMPRESA LINEA 216 S.A.T.","BSAS_LINEA_166","SI","COLECTIVO","NACIONAL","JN","SD",25609,"NO"
2026-01-17,"EXPRESO SAN ISIDRO S.A.T.C.I.F.I.","BSAS_LINEA_168","SI","COLECTIVO","NACIONAL","JN","SD",21724,"NO"
2026-01-17,"TRANSPORTE ESCALADA S.A.T.","BSAS_LINEA_169","SI","COLECTIVO","NACIONAL","JN","SD",13644,"NO"
2026-01-17,"LA CABAÑA S.A.","BSAS_LINEA_172","SI","COLECTIVO","NACIONAL","JN","SD",9977,"NO"
2026-01-17,"LA CABAÑA S.A.","BSAS_LINEA_174","SI","COLECTIVO","NACIONAL","JN","SD",13629,"NO"
2026-01-17,"EXPRESO GENERAL SARMIENTO S.A.","BSAS_LINEA_176","SI","COLECTIVO","NACIONAL","JN","SD",32936,"NO"
2026-01-17,"SAN VICENTE S.A. DE TRANSPORTES","BSAS_LINEA_177","SI","COLECTIVO","NACIONAL","JN","SD",11559,"NO"
2026-01-17,"COMPAÑIA MICROOMNIBUS LA COLORADA SACI","BSAS_LINEA_178","SI","COLECTIVO","NACIONAL","JN","SD",25502,"NO"
2026-01-17,"GRUPO LINEA 179 S.A.","BSAS_LINEA_179","SI","COLECTIVO","NACIONAL","JN","SD",6330,"NO"
2026-01-17,"LA VECINAL DE MATANZA SACI. DE MICROOMNIBUS","BSAS_LINEA_180","SI","COLECTIVO","NACIONAL","JN","SD",25926,"NO"
2026-01-17,"TTES.AUTOMOTORES DE PASAJEROS SIGLO XXI SA","BSAS_LINEA_181","SI","COLECTIVO","NACIONAL","JN","SD",11091,"NO"
2026-01-17,"SARGENTO CABRAL S.A.DE TRANSPORTE","BSAS_LINEA_182","SI","COLECTIVO","NACIONAL","JN","SD",21846,"NO"
2026-01-17,"TRANSPORTE IDEAL SAN JUSTO S.A.","BSAS_LINEA_185","SI","COLECTIVO","NACIONAL","JN","SD",2705,"NO"
2026-01-17,"TRANSPORTE LARRAZABAL C.I.S.A.","BSAS_LINEA_188","SI","COLECTIVO","NACIONAL","JN","SD",15091,"NO"
2026-01-17,"D.U.V.I. SOCIEDAD ANONIMA","BSAS_LINEA_193","SI","COLECTIVO","NACIONAL","JN","SD",4211,"NO"
2026-01-17,"LA NUEVA METROPOL S.A.","BSAS_LINEA_194","SI","COLECTIVO","NACIONAL","JN","SD",13591,"NO"
2026-01-17,"LA NUEVA METROPOL S.A.","BSAS_LINEA_195","SI","COLECTIVO","NACIONAL","JN","SD",7980,"NO"
2026-01-17,"LA CENTRAL DE VICENTE LOPEZ S.A.","BSAS_LINEA_197","SI","COLECTIVO","NACIONAL","JN","SD",18021,"NO"
2026-01-17,"EMPRESA DE TRANSPORTE DEL SUR SRL","BSAS_LINEA_200","SI","COLECTIVO","PROVINCIAL","BUENOS AIRES","SN",442,"NO"
2026-01-17,"TRANSPORTE LA UNION SA","BSAS_LINEA_202","SI","COLECTIVO","PROVINCIAL","BUENOS AIRES","SN",13739,"NO"
2026-01-17,"AZUL S.A. DE TRANSPORTE AUTOMOTOR","BSAS_LINEA_203","SI","COLECTIVO","PROVINCIAL","BUENOS AIRES","SN",73218,"NO"
2026-01-17,"MICRO OMNIBUS TIGRE S.A.","BSAS_LINEA_204","SI","COLECTIVO","PROVINCIAL","BUENOS AIRES","SN",4751,"NO"
2026-01-17,"LINEA SESENTA SA","BSAS_LINEA_204A","SI","COLECTIVO","PROVINCIAL","BUENOS AIRES","SN",1765,"NO"
2026-01-17,"UNION PLATENSE SRL","BSAS_LINEA_214","SI","COLECTIVO","PROVINCIAL","BUENOS AIRES","SN",6970,"NO"
2026-01-17,"EMPRESA NUEVE DE JULIO S.A.T.","BSAS_LINEA_215","SI","COLECTIVO","PROVINCIAL","BUENOS AIRES","SN",2997,"NO"
2026-01-17,"ALMAFUERTE EMPRESA DE TRANSPORTE S.A.C.I. E I","BSAS_LINEA_218","SI","COLECTIVO","PROVINCIAL","BUENOS AIRES","SN",19432,"NO"
2026-01-17,"MICRO OMNIBUS QUILMES S.A.C.I. Y F.","BSAS_LINEA_219","SI","COLECTIVO","PROVINCIAL","BUENOS AIRES","SN",8857,"NO"
2026-01-17,"EXPRESO ESTEBAN ECHEVERRIA S.R.L.","BSAS_LINEA_222","SI","COLECTIVO","PROVINCIAL","BUENOS AIRES","SN",3555,"NO"
2026-01-17,"EMPRESA NUEVE DE JULIO S.A.T.","BSAS_LINEA_225","SI","COLECTIVO","PROVINCIAL","BUENOS AIRES","SN",872,"NO"
2026-01-17,"LA NUEVA METROPOL S.A.","BSAS_LINEA_228A","SI","COLECTIVO","PROVINCIAL","BUENOS AIRES","SN",127,"NO"
2026-01-17,"MICRO OMNIBUS TIGRE S.A.","BSAS_LINEA_228C","SI","COLECTIVO","PROVINCIAL","BUENOS AIRES","SN",2137,"NO"
2026-01-17,"MICRO OMNIBUS TIGRE S.A.","BSAS_LINEA_228E","SI","COLECTIVO","PROVINCIAL","BUENOS AIRES","SN",1649,"NO"
2026-01-17,"LA CENTRAL DE ESCOBAR SA","BSAS_LINEA_228F","SI","COLECTIVO","PROVINCIAL","BUENOS AIRES","SN",6863,"NO"
2026-01-17,"EMPRESA LINEA 216 S.A.T.","BSAS_LINEA_236","SI","COLECTIVO","PROVINCIAL","BUENOS AIRES","SN",45539,"NO"
2026-01-17,"COMPAÑIA ISLEÑA S.R.L.","BSAS_LINEA_237A","SI","COLECTIVO","PROVINCIAL","BUENOS AIRES","SN",18022,"NO"
2026-01-17,"TRANSPORTES UNIDOS DE MERLO S.A.C.I.I.","BSAS_LINEA_238","SI","COLECTIVO","PROVINCIAL","BUENOS AIRES","SN",9286,"NO"
2026-01-17,"COMPAÑÍA DE OMNIBUS 25 DE MAYO LINEA 278","BSAS_LINEA_239A","SI","COLECTIVO","PROVINCIAL","BUENOS AIRES","SN",12649,"NO"
2026-01-17,"EXPRESO VILLA GALICIA  SAN JOSE S.A.","BSAS_LINEA_239B","SI","COLECTIVO","PROVINCIAL","BUENOS AIRES","SN",2501,"NO"
2026-01-17,"LA CABAÑA S.A.","BSAS_LINEA_242","SI","COLECTIVO","PROVINCIAL","BUENOS AIRES","SN",34981,"NO"
2026-01-17,"EMPRESA DEL OESTE SAT","BSAS_LINEA_244","SI","COLECTIVO","PROVINCIAL","BUENOS AIRES","SN",5038,"NO"
2026-01-17,"EMPRESA MONTE GRANDE S.A. LINEA 501","BSAS_LINEA_245","SI","COLECTIVO","PROVINCIAL","BUENOS AIRES","SN",2755,"NO"
2026-01-17,"EXPRESO NUEVE DE JULIO S.A.","BSAS_LINEA_247","SI","COLECTIVO","PROVINCIAL","BUENOS AIRES","SN",16695,"NO"
2026-01-17,"TRANSPORTE JOSE HERNANDEZ S.A.C.I.","BSAS_LINEA_252","SI","COLECTIVO","PROVINCIAL","BUENOS AIRES","SN",7238,"NO"
2026-01-17,"MICROOMNIBUS SAAVEDRA S.A.T.A.C.I.","BSAS_LINEA_253","SI","COLECTIVO","PROVINCIAL","BUENOS AIRES","SN",277,"NO"
2026-01-17,"TRANSPORTE 11 DE JUNIO S.R.L.","BSAS_LINEA_256","SI","COLECTIVO","PROVINCIAL","BUENOS AIRES","SN",351,"NO"
2026-01-17,"EXPRESO VILLA NUEVA S.A.","BSAS_LINEA_257","SI","COLECTIVO","PROVINCIAL","BUENOS AIRES","SN",13289,"NO"
2026-01-17,"EXPRESO VILLA GALICIA  SAN JOSE S.A.","BSAS_LINEA_263B","SI","COLECTIVO","PROVINCIAL","BUENOS AIRES","SN",11954,"NO"
2026-01-17,"SAN VICENTE S.A. DE TRANSPORTES","BSAS_LINEA_263B","SI","COLECTIVO","PROVINCIAL","BUENOS AIRES","SN",8740,"NO"
2026-01-17,"EMPRESA CIUDAD DE SAN FERNANDO SA","BSAS_LINEA_264","SI","COLECTIVO","PROVINCIAL","BUENOS AIRES","SN",7541,"NO"
2026-01-17,"EXPRESO VILLA GALICIA  SAN JOSE S.A.","BSAS_LINEA_266","SI","COLECTIVO","PROVINCIAL","BUENOS AIRES","SN",28111,"NO"
2026-01-17,"EMPRESA LINEA 216 S.A.T.","BSAS_LINEA_269","SI","COLECTIVO","PROVINCIAL","BUENOS AIRES","SN",26267,"NO"
2026-01-17,"GENERAL TOMAS GUIDO S.A.C.I.F.","BSAS_LINEA_271","SI","COLECTIVO","PROVINCIAL","BUENOS AIRES","SN",18773,"NO"
2026-01-17,"UNION PLATENSE SRL","BSAS_LINEA_273","SI","COLECTIVO","PROVINCIAL","BUENOS AIRES","SN",14072,"NO"
2026-01-17,"FUERTE BARRAGAN S.A.T.I.C.I.","BSAS_LINEA_275","SI","COLECTIVO","PROVINCIAL","BUENOS AIRES","SN",14736,"NO"
2026-01-17,"COMPAÑIA ISLEÑA S.R.L.","BSAS_LINEA_276","SI","COLECTIVO","PROVINCIAL","BUENOS AIRES","SN",16983,"NO"
2026-01-17,"CIA LA PAZ AMADOR MOURE SACIFIYA","BSAS_LINEA_277","SI","COLECTIVO","PROVINCIAL","BUENOS AIRES","SN",4318,"NO"
2026-01-17,"COMPAÑÍA DE OMNIBUS 25 DE MAYO LINEA 278","BSAS_LINEA_278","SI","COLECTIVO","PROVINCIAL","BUENOS AIRES","SN",27681,"NO"
2026-01-17,"COMPAÑÍA DE OMNIBUS 25 DE MAYO LINEA 278","BSAS_LINEA_281","SI","COLECTIVO","PROVINCIAL","BUENOS AIRES","SN",10752,"NO"
2026-01-17,"CIA ANDRADE EMPRESA DE TRANSPORTE DE PASAJEROS SRL","BSAS_LINEA_283","SI","COLECTIVO","PROVINCIAL","BUENOS AIRES","SN",16244,"NO"
2026-01-17,"ALMAFUERTE EMPRESA DE TRANSPORTE S.A.C.I. E I","BSAS_LINEA_284","SI","COLECTIVO","PROVINCIAL","BUENOS AIRES","SN",1876,"NO"
2026-01-17,"TRANSPORTES LA PERLITA S.A. ","BSAS_LINEA_288","SI","COLECTIVO","PROVINCIAL","BUENOS AIRES","SN",6651,"NO"
2026-01-17,"COMPAÑIA NOROESTE S.A.T.","BSAS_LINEA_289","SI","COLECTIVO","PROVINCIAL","BUENOS AIRES","SN",8715,"NO"
2026-01-17,"LA CENTRAL DE ESCOBAR SA","BSAS_LINEA_291","SI","COLECTIVO","PROVINCIAL","BUENOS AIRES","SN",13621,"NO"
2026-01-17,"COMPAÑÍA DE OMNIBUS 25 DE MAYO LINEA 278","BSAS_LINEA_293A","SI","COLECTIVO","PROVINCIAL","BUENOS AIRES","SN",5809,"NO"
2026-01-17,"EXPRESO VILLA GALICIA  SAN JOSE S.A.","BSAS_LINEA_293B","SI","COLECTIVO","PROVINCIAL","BUENOS AIRES","SN",9866,"NO"
2026-01-17,"MICRO OMNIBUS O´HIGGINS S.A.T.","BSAS_LINEA_295","SI","COLECTIVO","PROVINCIAL","BUENOS AIRES","SN",10124,"NO"
2026-01-17,"TRANSPORTES UNIDOS DE MERLO S.A.C.I.I.","BSAS_LINEA_297","SI","COLECTIVO","PROVINCIAL","BUENOS AIRES","SN",11260,"NO"
2026-01-17,"LA CABAÑA S.A.","BSAS_LINEA_298","SI","COLECTIVO","PROVINCIAL","BUENOS AIRES","SN",15555,"NO"
2026-01-17,"GENERAL TOMAS GUIDO S.A.C.I.F.","BSAS_LINEA_299","SI","COLECTIVO","PROVINCIAL","BUENOS AIRES","SN",10890,"NO"
2026-01-17,"MICRO OMNIBUS QUILMES S.A.C.I. Y F.","BSAS_LINEA_300","SI","COLECTIVO","PROVINCIAL","BUENOS AIRES","SN",6818,"NO"
2026-01-17,"COMPAÑIA NOROESTE S.A.T.","BSAS_LINEA_304","SI","COLECTIVO","PROVINCIAL","BUENOS AIRES","SN",16406,"NO"
2026-01-17,"EXPRESO ESTEBAN ECHEVERRIA S.R.L.","BSAS_LINEA_306","SI","COLECTIVO","PROVINCIAL","BUENOS AIRES","SN",30861,"NO"
2026-01-17,"EMPRESA LINEA SIETE SAT","BSAS_LINEA_307","SI","COLECTIVO","PROVINCIAL","BUENOS AIRES","SN",14877,"NO"
2026-01-17,"ROCARAZA S.A.","BSAS_LINEA_31","SI","COLECTIVO","NACIONAL","JN","SD",26958,"NO"
2026-01-17,"COMPAÑIA ISLEÑA S.R.L.","BSAS_LINEA_310","SI","COLECTIVO","PROVINCIAL","BUENOS AIRES","SN",1910,"NO"
2026-01-17,"TRANSPORTES LA PERLITA S.A. ","BSAS_LINEA_311","SI","COLECTIVO","PROVINCIAL","BUENOS AIRES","SN",13446,"NO"
2026-01-17,"TRANSPORTES LA PERLITA S.A. ","BSAS_LINEA_312","SI","COLECTIVO","PROVINCIAL","BUENOS AIRES","SN",7887,"NO"
2026-01-17,"RUTA BUS S.A.","BSAS_LINEA_313","SI","COLECTIVO","PROVINCIAL","BUENOS AIRES","SN",2028,"NO"
2026-01-17,"LA PRIMERA DE MARTINEZ S.A","BSAS_LINEA_314","SI","COLECTIVO","PROVINCIAL","BUENOS AIRES","SN",19168,"NO"
2026-01-17,"LA PRIMERA DE GRAND BOURG S.A.","BSAS_LINEA_315","SI","COLECTIVO","PROVINCIAL","BUENOS AIRES","SN",13025,"NO"
2026-01-17,"LA CABAÑA S.A.","BSAS_LINEA_317","SI","COLECTIVO","PROVINCIAL","BUENOS AIRES","SN",11217,"NO"
2026-01-17,"MICRO OMNIBUS MITRE S.A.","BSAS_LINEA_318","SI","COLECTIVO","PROVINCIAL","BUENOS AIRES","SN",26795,"NO"
2026-01-17,"EMPRESA DEL OESTE SAT","BSAS_LINEA_320","SI","COLECTIVO","PROVINCIAL","BUENOS AIRES","SN",2263,"NO"
2026-01-17,"MICROOMNIBUS SAAVEDRA S.A.T.A.C.I.","BSAS_LINEA_321","SI","COLECTIVO","PROVINCIAL","BUENOS AIRES","SN",4951,"NO"
2026-01-17,"LIBERTADOR SAN MARTIN SAT","BSAS_LINEA_322","SI","COLECTIVO","PROVINCIAL","BUENOS AIRES","SN",9959,"NO"
2026-01-17,"COMPAÑÍA DE OMNIBUS 25 DE MAYO LINEA 278","BSAS_LINEA_323","SI","COLECTIVO","PROVINCIAL","BUENOS AIRES","SN",11892,"NO"
2026-01-17,"MICRO OMNIBUS PRIMERA JUNTA S.A","BSAS_LINEA_324","SI","COLECTIVO","PROVINCIAL","BUENOS AIRES","SN",52172,"NO"
2026-01-17,"ALMAFUERTE EMPRESA DE TRANSPORTE S.A.C.I. E I","BSAS_LINEA_325","SI","COLECTIVO","PROVINCIAL","BUENOS AIRES","SN",3426,"NO"
2026-01-17,"LIBERTADOR SAN MARTIN SAT","BSAS_LINEA_327","SI","COLECTIVO","PROVINCIAL","BUENOS AIRES","SN",11901,"NO"
2026-01-17,"TRANSPORTES VILLA BOSCH SAC el","BSAS_LINEA_328","SI","COLECTIVO","PROVINCIAL","BUENOS AIRES","SN",12518,"NO"
2026-01-17,"TRANSPORTES LA PERLITA S.A. ","BSAS_LINEA_329","SI","COLECTIVO","PROVINCIAL","BUENOS AIRES","SN",7616,"NO"
2026-01-17,"MICRO OMNIBUS GENERAL SAN MARTIN SAC","BSAS_LINEA_333A","SI","COLECTIVO","PROVINCIAL","BUENOS AIRES","SN",5316,"NO"
2026-01-17,"LIBERTADOR SAN MARTIN SAT","BSAS_LINEA_336","SI","COLECTIVO","PROVINCIAL","BUENOS AIRES","SN",2974,"NO"
2026-01-17,"TRANSPORTE AUTOMOTORES LA PLATA SA","BSAS_LINEA_338","SI","COLECTIVO","PROVINCIAL","BUENOS AIRES","SN",29180,"NO"
2026-01-17,"EXPRESO PARQUE EL LUCERO S.A. DE TRANSPORTES","BSAS_LINEA_341","SI","COLECTIVO","PROVINCIAL","BUENOS AIRES","SN",13621,"NO"
2026-01-17,"COMPAÑIA NOROESTE S.A.T.","BSAS_LINEA_343","SI","COLECTIVO","PROVINCIAL","BUENOS AIRES","SN",18889,"NO"
2026-01-17,"RUTA BUS S.A.","BSAS_LINEA_350","SI","COLECTIVO","PROVINCIAL","BUENOS AIRES","SN",11381,"NO"
2026-01-17,"TRANSPORTES AUTOMOTORES  LANUS ESTE S.A.","BSAS_LINEA_354","SI","COLECTIVO","PROVINCIAL","BUENOS AIRES","SN",18983,"NO"
2026-01-17,"RUTA BUS S.A.","BSAS_LINEA_355","SI","COLECTIVO","PROVINCIAL","BUENOS AIRES","SN",1387,"NO"
2026-01-17,"LA NUEVA METROPOL S.A.","BSAS_LINEA_365","SI","COLECTIVO","PROVINCIAL","BUENOS AIRES","SN",55215,"NO"
2026-01-17,"SAN VICENTE S.A. DE TRANSPORTES","BSAS_LINEA_370","SI","COLECTIVO","PROVINCIAL","BUENOS AIRES","SN",6552,"NO"
2026-01-17,"EMPRESA CIUDAD DE SAN FERNANDO SA","BSAS_LINEA_371","SI","COLECTIVO","PROVINCIAL","BUENOS AIRES","SN",18120,"NO"
2026-01-17,"MICRO OMNIBUS QUILMES S.A.C.I. Y F.","BSAS_LINEA_372","SI","COLECTIVO","PROVINCIAL","BUENOS AIRES","SN",2587,"NO"
2026-01-17,"GENERAL TOMAS GUIDO S.A.C.I.F.","BSAS_LINEA_373","SI","COLECTIVO","PROVINCIAL","BUENOS AIRES","SN",8378,"NO"
2026-01-17,"ALMAFUERTE EMPRESA DE TRANSPORTE S.A.C.I. E I","BSAS_LINEA_378","SI","COLECTIVO","PROVINCIAL","BUENOS AIRES","SN",21285,"NO"
2026-01-17,"EXPRESO PARQUE EL LUCERO S.A. DE TRANSPORTES","BSAS_LINEA_379","SI","COLECTIVO","PROVINCIAL","BUENOS AIRES","SN",8199,"NO"
2026-01-17,"NUEVO IDEAL S.A.","BSAS_LINEA_382","SI","COLECTIVO","PROVINCIAL","BUENOS AIRES","SN",8099,"NO"
2026-01-17,"TRANSPORTES SAN JUAN BAUTISTA S.A.","BSAS_LINEA_383","SI","COLECTIVO","PROVINCIAL","BUENOS AIRES","SN",9305,"NO"
2026-01-17,"GENERAL TOMAS GUIDO S.A.C.I.F.","BSAS_LINEA_384","SI","COLECTIVO","PROVINCIAL","BUENOS AIRES","SN",5162,"NO"
2026-01-17,"SAN VICENTE S.A. DE TRANSPORTES","BSAS_LINEA_385","SI","COLECTIVO","PROVINCIAL","BUENOS AIRES","SN",7556,"NO"
2026-01-17,"COMPAÑIA  DE TRANSPORTE VECINAL S.A.","BSAS_LINEA_386","SI","COLECTIVO","PROVINCIAL","BUENOS AIRES","SN",686,"NO"
2026-01-17,"SAN VICENTE S.A. DE TRANSPORTES","BSAS_LINEA_388","SI","COLECTIVO","PROVINCIAL","BUENOS AIRES","SN",5372,"NO"
2026-01-17,"EMPRESA DEL OESTE SAT","BSAS_LINEA_390","SI","COLECTIVO","PROVINCIAL","BUENOS AIRES","SN",4719,"NO"
2026-01-17,"EXPRESO PARQUE EL LUCERO S.A. DE TRANSPORTES","BSAS_LINEA_391","SI","COLECTIVO","PROVINCIAL","BUENOS AIRES","SN",11704,"NO"
2026-01-17,"LIBERTADOR SAN MARTIN SAT","BSAS_LINEA_392","SI","COLECTIVO","PROVINCIAL","BUENOS AIRES","SN",2786,"NO"
2026-01-17,"EMPRESA MONTE GRANDE S.A. LINEA 501","BSAS_LINEA_394","SI","COLECTIVO","PROVINCIAL","BUENOS AIRES","SN",10057,"NO"
2026-01-17,"EMPRESA LINEA 216 S.A.T.","BSAS_LINEA_395","SI","COLECTIVO","PROVINCIAL","BUENOS AIRES","SN",5888,"NO"
2026-01-17,"EMPRESA DE TRANSPORTE DEL SUR SRL","BSAS_LINEA_404","SI","COLECTIVO","PROVINCIAL","BUENOS AIRES","SN",12820,"NO"
2026-01-17,"MICRO OMNIBUS AVENIDA S.A.","BSAS_LINEA_405","SI","COLECTIVO","PROVINCIAL","BUENOS AIRES","SN",10127,"NO"
2026-01-17,"TRANSPORTE AUTOMOTORES LA PLATA SA","BSAS_LINEA_406","SI","COLECTIVO","PROVINCIAL","BUENOS AIRES","SN",13587,"NO"
2026-01-17,"MICRO OMNIBUS GENERAL SAN MARTIN SAC","BSAS_LINEA_407","SI","COLECTIVO","PROVINCIAL","BUENOS AIRES","SN",4031,"NO"
2026-01-17,"EMPRESA NUEVE DE JULIO S.A.T.","BSAS_LINEA_414","SI","COLECTIVO","PROVINCIAL","BUENOS AIRES","SN",791,"NO"
2026-01-17,"UNION PLATENSE SRL","BSAS_LINEA_418","SI","COLECTIVO","PROVINCIAL","BUENOS AIRES","SN",764,"NO"
2026-01-17,"TRANSPORTES LA PERLITA S.A. ","BSAS_LINEA_422","SI","COLECTIVO","PROVINCIAL","BUENOS AIRES","SN",14855,"NO"
2026-01-17,"LINEA SESENTA SA","BSAS_LINEA_430","SI","COLECTIVO","PROVINCIAL","BUENOS AIRES","SN",48,"NO"
2026-01-17,"SAN VICENTE S.A. DE TRANSPORTES","BSAS_LINEA_435","SI","COLECTIVO","PROVINCIAL","BUENOS AIRES","SN",3584,"NO"
2026-01-17,"EXPRESO VILLA GALICIA  SAN JOSE S.A.","BSAS_LINEA_436","SI","COLECTIVO","PROVINCIAL","BUENOS AIRES","SN",8785,"NO"
2026-01-17,"MICRO OMNIBUS GENERAL SAN MARTIN SAC","BSAS_LINEA_437","SI","COLECTIVO","PROVINCIAL","BUENOS AIRES","SN",3358,"NO"
2026-01-17,"LA PRIMERA DE GRAND BOURG S.A.","BSAS_LINEA_440","SI","COLECTIVO","PROVINCIAL","BUENOS AIRES","SN",47677,"NO"
2026-01-17,"EMPRESA LINEA 216 S.A.T.","BSAS_LINEA_441","SI","COLECTIVO","PROVINCIAL","BUENOS AIRES","SN",6534,"NO"
2026-01-17,"EMPRESA LINEA 216 S.A.T.","BSAS_LINEA_443","SI","COLECTIVO","PROVINCIAL","BUENOS AIRES","SN",516,"NO"
2026-01-17,"EMPRESA DEL OESTE SAT","BSAS_LINEA_443A","SI","COLECTIVO","PROVINCIAL","BUENOS AIRES","SN",3196,"NO"
2026-01-17,"EMPRESA CIUDAD DE SAN FERNANDO SA","BSAS_LINEA_445","SI","COLECTIVO","PROVINCIAL","BUENOS AIRES","SN",2495,"NO"
2026-01-17,"EXPRESO GENERAL SARMIENTO S.A.","BSAS_LINEA_448","SI","COLECTIVO","PROVINCIAL","BUENOS AIRES","SN",21956,"NO"
2026-01-17,"EMPRESA DE TRANSPORTES EL LITORAL S.A.","BSAS_LINEA_449","SI","COLECTIVO","PROVINCIAL","BUENOS AIRES","SN",7462,"NO"
2026-01-17,"EMPRESA DEL OESTE SAT","BSAS_LINEA_461","SI","COLECTIVO","PROVINCIAL","BUENOS AIRES","SN",2406,"NO"
2026-01-17,"EMPRESA DEL OESTE SAT","BSAS_LINEA_462","SI","COLECTIVO","PROVINCIAL","BUENOS AIRES","SN",1651,"NO"
2026-01-17,"EMPRESA DEL OESTE SAT","BSAS_LINEA_463","SI","COLECTIVO","PROVINCIAL","BUENOS AIRES","SN",7382,"NO"
2026-01-17,"EMPRESA DEL OESTE SAT","BSAS_LINEA_464","SI","COLECTIVO","PROVINCIAL","BUENOS AIRES","SN",5423,"NO"
2026-01-17,"TRANSPORTES LA PERLITA S.A. ","BSAS_LINEA_500","SI","COLECTIVO","MUNICIPAL","BUENOS AIRES","GENERAL RODRIGUEZ",11304,"NO"
2026-01-17,"EMPRESA DE TRANSPORTES SANTA RITA  SRL","BSAS_LINEA_500B","SI","COLECTIVO","MUNICIPAL","BUENOS AIRES","BRANDSEN",610,"NO"
2026-01-17,"TRANSPORTE 11 DE JUNIO S.R.L.","BSAS_LINEA_500C","SI","COLECTIVO","MUNICIPAL","BUENOS AIRES","LUJAN",613,"NO"
2026-01-17,"TRANSPORTES UNIDOS DE MERLO S.A.C.I.I.","BSAS_LINEA_500D","SI","COLECTIVO","MUNICIPAL","BUENOS AIRES","MERLO",22482,"NO"
2026-01-17,"TRANSPORTES SAN JUAN BAUTISTA S.A.","BSAS_LINEA_500H","SI","COLECTIVO","MUNICIPAL","BUENOS AIRES","FLORENCIO VARELA",3245,"NO"
2026-01-17,"EMPRESA TRANSPORTE TRATADO DEL PILAR S.R.L.","BSAS_LINEA_501B","SI","COLECTIVO","MUNICIPAL","BUENOS AIRES","PILAR",7503,"NO"
2026-01-17,"EMPRESA MONTE GRANDE S.A. LINEA 501","BSAS_LINEA_501C","SI","COLECTIVO","MUNICIPAL","BUENOS AIRES","ESTEBAN ECHEVERRIA",40463,"NO"
2026-01-17,"EXPRESO EMPALME LOBOS S.R.L.","BSAS_LINEA_501D","SI","COLECTIVO","MUNICIPAL","BUENOS AIRES","LOBOS",1079,"NO"
2026-01-17,"MICRO OMNIBUS PRIMERA JUNTA S.A","BSAS_LINEA_501E","SI","COLECTIVO","MUNICIPAL","BUENOS AIRES","FLORENCIO VARELA",1848,"NO"
2026-01-17,"TRANSPORTE 11 DE JUNIO S.R.L.","BSAS_LINEA_501F","SI","COLECTIVO","MUNICIPAL","BUENOS AIRES","LUJAN",1261,"NO"
2026-01-17,"TRANSPORTES LA PERLITA S.A. ","BSAS_LINEA_501G","SI","COLECTIVO","MUNICIPAL","BUENOS AIRES","MORENO",93944,"NO"
2026-01-17,"RUTA BUS S.A.","BSAS_LINEA_501H","SI","COLECTIVO","MUNICIPAL","BUENOS AIRES","EXALTACION DE LA CRUZ",768,"NO"
2026-01-17,"LA PRIMERA DE MALVINAS ARGENTINAS UTE","BSAS_LINEA_501I","SI","COLECTIVO","MUNICIPAL","BUENOS AIRES","MALVINAS ARGENTINAS",4265,"NO"
2026-01-17,"LINEA EXPRESO LINIERS S.A.I.Y C.","BSAS_LINEA_502","SI","COLECTIVO","MUNICIPAL","BUENOS AIRES","CAÑUELAS",169,"NO"
2026-01-17,"UNION PLATENSE SRL","BSAS_LINEA_502_SUR","SI","COLECTIVO","MUNICIPAL","BUENOS AIRES","LA PLATA",2897,"NO"
2026-01-17,"EXPRESO EMPALME LOBOS S.R.L.","BSAS_LINEA_502A","SI","COLECTIVO","MUNICIPAL","BUENOS AIRES","LOBOS",46,"NO"
2026-01-17,"TRANSPORTE 11 DE JUNIO S.R.L.","BSAS_LINEA_502B","SI","COLECTIVO","MUNICIPAL","BUENOS AIRES","LUJAN",540,"NO"
2026-01-17,"TRANSPORTES SAN JUAN BAUTISTA S.A.","BSAS_LINEA_503","SI","COLECTIVO","MUNICIPAL","BUENOS AIRES","FLORENCIO VARELA",3896,"NO"
2026-01-17,"EMPRESA TRANSPORTE TRATADO DEL PILAR S.R.L.","BSAS_LINEA_503","SI","COLECTIVO","MUNICIPAL","BUENOS AIRES","PILAR",1692,"NO"
2026-01-17,"MICROEXPRES S.A.","BSAS_LINEA_503_ESTE","SI","COLECTIVO","MUNICIPAL","BUENOS AIRES","LA PLATA",2882,"NO"
2026-01-17,"UNION TRANSITORIA COSA CIA TRANSPORTE VECINAL U.T.","BSAS_LINEA_503A","SI","COLECTIVO","MUNICIPAL","BUENOS AIRES","MERLO",17829,"NO"
2026-01-17,"SAN VICENTE S.A. DE TRANSPORTES","BSAS_LINEA_503C","SI","COLECTIVO","MUNICIPAL","BUENOS AIRES","SAN VICENTE",2978,"NO"
2026-01-17,"EXPRESO LA PLATA BUENOS AIRES S.A.","BSAS_LINEA_503E","SI","COLECTIVO","MUNICIPAL","BUENOS AIRES","LA PLATA",10888,"NO"
2026-01-17,"TRANSPORTE 11 DE JUNIO S.R.L.","BSAS_LINEA_503E","SI","COLECTIVO","MUNICIPAL","BUENOS AIRES","LUJAN",972,"NO"
2026-01-17,"EMPRESA LINEA 216 S.A.T.","BSAS_LINEA_504A","SI","COLECTIVO","MUNICIPAL","BUENOS AIRES","MERLO",28906,"NO"
2026-01-17,"MICRO OMNIBUS PRIMERA JUNTA S.A","BSAS_LINEA_504C","SI","COLECTIVO","MUNICIPAL","BUENOS AIRES","FLORENCIO VARELA",3215,"NO"
2026-01-17,"MICRO OMNIBUS TIGRE S.A.","BSAS_LINEA_505A","SI","COLECTIVO","MUNICIPAL","BUENOS AIRES","ESCOBAR",177,"NO"
2026-01-17,"COMPAÑIA MICROOMNIBUS LA COLORADA SACI","BSAS_LINEA_505D","SI","COLECTIVO","MUNICIPAL","BUENOS AIRES","FLORENCIO VARELA",7358,"NO"
2026-01-17,"TRANSPORTES SAN JUAN BAUTISTA S.A.","BSAS_LINEA_506","SI","COLECTIVO","MUNICIPAL","BUENOS AIRES","FLORENCIO VARELA",2251,"NO"
2026-01-17,"EMPRESA MONTERREY S.R.L.","BSAS_LINEA_506A","SI","COLECTIVO","MUNICIPAL","BUENOS AIRES","PILAR",3612,"NO"
2026-01-17,"MICRO OMNIBUS TIGRE S.A.","BSAS_LINEA_506B","SI","COLECTIVO","MUNICIPAL","BUENOS AIRES","ESCOBAR",599,"NO"
2026-01-17,"TRANSPORTES SAN JUAN BAUTISTA S.A.","BSAS_LINEA_507","SI","COLECTIVO","MUNICIPAL","BUENOS AIRES","FLORENCIO VARELA",1554,"NO"
2026-01-17,"TRANSPORTES SAN JUAN BAUTISTA S.A.","BSAS_LINEA_508","SI","COLECTIVO","MUNICIPAL","BUENOS AIRES","FLORENCIO VARELA",3163,"NO"
2026-01-17,"MICRO OMNIBUS TIGRE S.A.","BSAS_LINEA_508A","SI","COLECTIVO","MUNICIPAL","BUENOS AIRES","ESCOBAR",2514,"NO"
2026-01-17,"EMPRESA NUEVE DE JULIO S.A.T.","BSAS_LINEA_508C","SI","COLECTIVO","MUNICIPAL","BUENOS AIRES","LA PLATA",265,"NO"
2026-01-17,"LA PRIMERA DE LA ESCONDIDA SRL","BSAS_LINEA_509","SI","COLECTIVO","MUNICIPAL","BUENOS AIRES","PILAR",3186,"NO"
2026-01-17,"TRANSPORTES SAN JUAN BAUTISTA S.A.","BSAS_LINEA_509C","SI","COLECTIVO","MUNICIPAL","BUENOS AIRES","FLORENCIO VARELA",1564,"NO"
2026-01-17,"LINEA SESENTA SA","BSAS_LINEA_509D","SI","COLECTIVO","MUNICIPAL","BUENOS AIRES","ESCOBAR",969,"NO"
2026-01-17,"EXPRESO VILLA GALICIA  SAN JOSE S.A.","BSAS_LINEA_510A","SI","COLECTIVO","MUNICIPAL","BUENOS AIRES","ALMIRANTE BROWN",2201,"NO"
2026-01-17,"PILARBUS SA","BSAS_LINEA_510B","SI","COLECTIVO","MUNICIPAL","BUENOS AIRES","PILAR",9062,"NO"
2026-01-17,"TRANSPORTES SAN JUAN BAUTISTA S.A.","BSAS_LINEA_511","SI","COLECTIVO","MUNICIPAL","BUENOS AIRES","FLORENCIO VARELA",334,"NO"
2026-01-17,"RUTA BUS S.A.","BSAS_LINEA_511","SI","COLECTIVO","MUNICIPAL","BUENOS AIRES","PILAR",6019,"NO"
2026-01-17,"TRANSPORTES SAN JUAN BAUTISTA S.A.","BSAS_LINEA_512","SI","COLECTIVO","MUNICIPAL","BUENOS AIRES","FLORENCIO VARELA",1804,"NO"
2026-01-17,"MICRO OMNIBUS TIGRE S.A.","BSAS_LINEA_513A","SI","COLECTIVO","MUNICIPAL","BUENOS AIRES","ESCOBAR",1917,"NO"
2026-01-17,"MICRO OMNIBUS AVENIDA S.A.","BSAS_LINEA_514","SI","COLECTIVO","MUNICIPAL","BUENOS AIRES","ALMIRANTE BROWN",14419,"NO"
2026-01-17,"TRANSPORTE DEL SUR S.R.L.","BSAS_LINEA_515","SI","COLECTIVO","MUNICIPAL","BUENOS AIRES","ALMIRANTE BROWN",11959,"NO"
2026-01-17,"EMPRESA J.M. EZEIZA S.R.L.","BSAS_LINEA_518","SI","COLECTIVO","MUNICIPAL","BUENOS AIRES","EZEIZA",15001,"NO"
2026-01-17,"EXPRESO LA PLATA BUENOS AIRES S.A.","BSAS_LINEA_518","SI","COLECTIVO","MUNICIPAL","BUENOS AIRES","LA PLATA",321,"NO"
2026-01-17,"LA CENTRAL DE ESCOBAR SA","BSAS_LINEA_520A","SI","COLECTIVO","MUNICIPAL","BUENOS AIRES","PILAR",10679,"NO"
2026-01-17,"MICRO OMNIBUS AVENIDA S.A.","BSAS_LINEA_520B","SI","COLECTIVO","MUNICIPAL","BUENOS AIRES","LANUS",6058,"NO"
2026-01-17,"UNION PLATENSE SRL","BSAS_LINEA_520C","SI","COLECTIVO","MUNICIPAL","BUENOS AIRES","LA PLATA",3735,"NO"
2026-01-17,"CIA ANDRADE EMPRESA DE TRANSPORTE DE PASAJEROS SRL","BSAS_LINEA_523","SI","COLECTIVO","MUNICIPAL","BUENOS AIRES","LANUS",3376,"NO"
2026-01-17,"EMPRESA CINCO DE AGOSTO S.R.L.","BSAS_LINEA_524","SI","COLECTIVO","MUNICIPAL","BUENOS AIRES","LANUS",4927,"NO"
2026-01-17,"EMPRESA DE TRANSPORTE 12 DE OCTUBRE S R L","BSAS_LINEA_531","NO","COLECTIVO","MUNICIPAL","BUENOS AIRES","GENERAL PUEYRREDON",2896,"NO"
2026-01-17,"EMPRESA DE TRANSPORTE 12 DE OCTUBRE S R L","BSAS_LINEA_532","NO","COLECTIVO","MUNICIPAL","BUENOS AIRES","GENERAL PUEYRREDON",6149,"NO"
2026-01-17,"EMPRESA DE TRANSPORTE 12 DE OCTUBRE S R L","BSAS_LINEA_533","NO","COLECTIVO","MUNICIPAL","BUENOS AIRES","GENERAL PUEYRREDON",2256,"NO"
2026-01-17,"YITOS S.A.","BSAS_LINEA_541","SI","COLECTIVO","MUNICIPAL","BUENOS AIRES","LOMAS DE ZAMORA",5590,"NO"
2026-01-17,"YITOS S.A.","BSAS_LINEA_543","SI","COLECTIVO","MUNICIPAL","BUENOS AIRES","LOMAS DE ZAMORA",8161,"NO"
2026-01-17,"YITOS S.A.","BSAS_LINEA_544","SI","COLECTIVO","MUNICIPAL","BUENOS AIRES","LOMAS DE ZAMORA",14832,"NO"
2026-01-17,"YITOS S.A.","BSAS_LINEA_549","SI","COLECTIVO","MUNICIPAL","BUENOS AIRES","LOMAS DE ZAMORA",958,"NO"
2026-01-17,"YITOS S.A.","BSAS_LINEA_561","SI","COLECTIVO","MUNICIPAL","BUENOS AIRES","LOMAS DE ZAMORA",2014,"NO"
2026-01-17,"EMPRESA NUEVE DE JULIO S.A.T.","BSAS_LINEA_561B","SI","COLECTIVO","MUNICIPAL","BUENOS AIRES","LA PLATA",384,"NO"
2026-01-17,"YITOS S.A.","BSAS_LINEA_562","SI","COLECTIVO","MUNICIPAL","BUENOS AIRES","LOMAS DE ZAMORA",4884,"NO"
2026-01-17,"EXPRESO VILLA GALICIA  SAN JOSE S.A.","BSAS_LINEA_564","SI","COLECTIVO","MUNICIPAL","BUENOS AIRES","LOMAS DE ZAMORA",5350,"NO"
2026-01-17,"EXPRESO VILLA NUEVA S.A.","BSAS_LINEA_580","SI","COLECTIVO","MUNICIPAL","BUENOS AIRES","QUILMES",2303,"NO"
2026-01-17,"EXPRESO VILLA NUEVA S.A.","BSAS_LINEA_582","SI","COLECTIVO","MUNICIPAL","BUENOS AIRES","QUILMES",7541,"NO"
2026-01-17,"MICRO OMNIBUS PRIMERA JUNTA S.A","BSAS_LINEA_583","SI","COLECTIVO","MUNICIPAL","BUENOS AIRES","QUILMES",6187,"NO"
2026-01-17,"MICRO OMNIBUS QUILMES S.A.C.I. Y F.","BSAS_LINEA_584","SI","COLECTIVO","MUNICIPAL","BUENOS AIRES","QUILMES",3584,"NO"
2026-01-17,"COMPAÑÍA DE OMNIBUS 25 DE MAYO LINEA 278","BSAS_LINEA_585","SI","COLECTIVO","MUNICIPAL","BUENOS AIRES","QUILMES",15990,"NO"
2026-01-17,"COMPAÑÍA DE OMNIBUS 25 DE MAYO LINEA 278","BSAS_LINEA_586","SI","COLECTIVO","MUNICIPAL","BUENOS AIRES","QUILMES",729,"NO"
2026-01-17,"MICRO OMNIBUS QUILMES S.A.C.I. Y F.","BSAS_LINEA_603","SI","COLECTIVO","MUNICIPAL","BUENOS AIRES","BERAZATEGUI",10104,"NO"
2026-01-17,"MICRO OMNIBUS QUILMES S.A.C.I. Y F.","BSAS_LINEA_619","SI","COLECTIVO","MUNICIPAL","BUENOS AIRES","BERAZATEGUI",4680,"NO"
2026-01-17,"NUEVO IDEAL S.A.","BSAS_LINEA_620","SI","COLECTIVO","MUNICIPAL","BUENOS AIRES","LA MATANZA",29084,"NO"
2026-01-17,"TRANSPORTE IDEAL SAN JUSTO S.A.","BSAS_LINEA_621","SI","COLECTIVO","MUNICIPAL","BUENOS AIRES","LA MATANZA",19326,"NO"
2026-01-17,"ALMAFUERTE EMPRESA DE TRANSPORTE S.A.C.I. E I","BSAS_LINEA_622","SI","COLECTIVO","MUNICIPAL","BUENOS AIRES","LA MATANZA",22237,"NO"
2026-01-17,"LA CABAÑA S.A.","BSAS_LINEA_624","SI","COLECTIVO","MUNICIPAL","BUENOS AIRES","LA MATANZA",14157,"NO"
2026-01-17,"ALMAFUERTE EMPRESA DE TRANSPORTE S.A.C.I. E I","BSAS_LINEA_628","SI","COLECTIVO","MUNICIPAL","BUENOS AIRES","LA MATANZA",1906,"NO"
2026-01-17,"EMPRESA LINEA 216 S.A.T.","BSAS_LINEA_634","SI","COLECTIVO","MUNICIPAL","BUENOS AIRES","MORON",7492,"NO"
2026-01-17,"LA CABAÑA S.A.","BSAS_LINEA_635","SI","COLECTIVO","MUNICIPAL","BUENOS AIRES","MORON",4699,"NO"
2026-01-17,"COMPAÑIA ISLEÑA S.R.L.","BSAS_LINEA_670","SI","COLECTIVO","MUNICIPAL","BUENOS AIRES","GENERAL SAN MARTIN",14325,"NO"
2026-01-17,"MICRO OMNIBUS GENERAL SAN MARTIN SAC","BSAS_LINEA_707","SI","COLECTIVO","MUNICIPAL","BUENOS AIRES","SAN ISIDRO",8492,"NO"
2026-01-17,"EMPRESA CIUDAD DE SAN FERNANDO SA","BSAS_LINEA_710","SI","COLECTIVO","MUNICIPAL","BUENOS AIRES","SAN FERNANDO",9981,"NO"
2026-01-17,"MICRO OMNIBUS TIGRE S.A.","BSAS_LINEA_720","SI","COLECTIVO","MUNICIPAL","BUENOS AIRES","TIGRE",26089,"NO"
2026-01-17,"MICRO OMNIBUS GENERAL PACHECO SA","BSAS_LINEA_721","SI","COLECTIVO","MUNICIPAL","BUENOS AIRES","TIGRE",21363,"NO"
2026-01-17,"UTENOR LINEA 723 UNION TRANSITORIA DE EMPRESAS","BSAS_LINEA_723","SI","COLECTIVO","MUNICIPAL","BUENOS AIRES","TIGRE",3501,"NO"
2026-01-17,"LA PRIMERA DE GRAND BOURG S.A.","BSAS_LINEA_740","SI","COLECTIVO","MUNICIPAL","BUENOS AIRES","SAN MIGUEL",16413,"NO"
2026-01-17,"SARGENTO CABRAL S.A.DE TRANSPORTE","BSAS_LINEA_741","SI","COLECTIVO","MUNICIPAL","BUENOS AIRES","JOSE C. PAZ",10886,"NO"
2026-01-17,"EMPRESA DE TRANSPORTES EL LITORAL S.A.","BSAS_LINEA_749","SI","COLECTIVO","MUNICIPAL","BUENOS AIRES","JOSE C. PAZ",19435,"NO"
2026-01-17,"TRANSPORTES COLEGIALES S.A.C.I.","CABA_LINEA_ 42","SI","COLECTIVO","C.A.B.A","C.A.B.A","SD",16209,"NO"
2026-01-17,"D.O.T.A. S.A. DE TRANSPORTE AUTOMOTOR","CABA_LINEA_ 44","SI","COLECTIVO","C.A.B.A","C.A.B.A","SD",14225,"NO"
2026-01-17,"NUDO S.A.","CABA_LINEA_ 50","SI","COLECTIVO","C.A.B.A","C.A.B.A","SD",12837,"NO"
2026-01-17,"TRANSPORTES LOPE DE VEGA S.A.C.I.","CABA_LINEA_ 76","SI","COLECTIVO","C.A.B.A","C.A.B.A","SD",15729,"NO"
2026-01-17,"TRANSPORTES AUTOMOTORES RIACHUELO S.A.","CABA_LINEA_025","SI","COLECTIVO","C.A.B.A","C.A.B.A","SD",7371,"NO"
2026-01-17,"JUAN B. JUSTO S.A.T.C.I.","CABA_LINEA_04","SI","COLECTIVO","C.A.B.A","C.A.B.A","SD",10673,"NO"
2026-01-17,"TRANSPORTES AUTOMOTORES RIACHUELO S.A.","CABA_LINEA_084","SI","COLECTIVO","C.A.B.A","C.A.B.A","SD",8835,"NO"
2026-01-17,"TRANSP. SGTO. CABRAL","CABA_LINEA_102","SI","COLECTIVO","C.A.B.A","C.A.B.A","SD",9321,"NO"
2026-01-17,"COLECTIVEROS UNIDOS S.A.","CABA_LINEA_106","SI","COLECTIVO","C.A.B.A","C.A.B.A","SD",17210,"NO"
2026-01-17,"NUDO S.A.","CABA_LINEA_107","SI","COLECTIVO","C.A.B.A","C.A.B.A","SD",12213,"NO"
2026-01-17,"EMPRESA DE TRANSP. TTE. GRAL. ROCA S.A","CABA_LINEA_108","SI","COLECTIVO","C.A.B.A","C.A.B.A","SD",10879,"NO"
2026-01-17,"TRANSPORTE NUEVE DE JULIO SAC.","CABA_LINEA_109","SI","COLECTIVO","C.A.B.A","C.A.B.A","SD",11314,"NO"
2026-01-17,"TRANSPORTES AUTOMOTORES RIACHUELO S.A.","CABA_LINEA_115","SI","COLECTIVO","C.A.B.A","C.A.B.A","SD",9656,"NO"
2026-01-17,"MICROOMNIBUS BARRANCAS DE BELGRANO S.A.","CABA_LINEA_118","SI","COLECTIVO","C.A.B.A","C.A.B.A","SD",13508,"NO"
2026-01-17,"TRANSPORTES AUTOMOTORES CALLAO S.A.","CABA_LINEA_12","SI","COLECTIVO","C.A.B.A","C.A.B.A","SD",26624,"NO"
2026-01-17,"NUEVOS RUMBOS S.A.T.A.C.I.F.I.","CABA_LINEA_132","SI","COLECTIVO","C.A.B.A","C.A.B.A","SD",27538,"NO"
2026-01-17,"LA NUEVA METROPOL S.A.","CABA_LINEA_151","SI","COLECTIVO","C.A.B.A","C.A.B.A","SD",21352,"NO"
2026-01-17,"17 DE AGOSTO S.A.","CABA_LINEA_26","SI","COLECTIVO","C.A.B.A","C.A.B.A","SD",15967,"NO"
2026-01-17,"JUAN B. JUSTO S.A.T.C.I.","CABA_LINEA_34","SI","COLECTIVO","C.A.B.A","C.A.B.A","SD",30429,"NO"
2026-01-17,"TRANSPORTES SANTA FE S.A.C.I.","CABA_LINEA_39","SI","COLECTIVO","C.A.B.A","C.A.B.A","SD",28123,"NO"
2026-01-17,"LINEA DE MICROOMNIBUS 47 S.A.T.C.F.I.","CABA_LINEA_47","SI","COLECTIVO","C.A.B.A","C.A.B.A","SD",8596,"NO"
2026-01-17,"LA CENTRAL DE VICENTE LOPEZ S.A.","CABA_LINEA_61","SI","COLECTIVO","C.A.B.A","C.A.B.A","SD",3006,"NO"
2026-01-17,"LA CENTRAL DE VICENTE LOPEZ S.A.","CABA_LINEA_62","SI","COLECTIVO","C.A.B.A","C.A.B.A","SD",2543,"NO"
2026-01-17,"VUELTA DE ROCHA S.A.T.C.I.","CABA_LINEA_64","SI","COLECTIVO","C.A.B.A","C.A.B.A","SD",18734,"NO"
2026-01-17,"LA NUEVA METROPOL S.A.","CABA_LINEA_65","SI","COLECTIVO","C.A.B.A","C.A.B.A","SD",14783,"NO"
2026-01-17,"TRANSPORTES SESENTA Y OCHO S.R.L.","CABA_LINEA_68","SI","COLECTIVO","C.A.B.A","C.A.B.A","SD",23205,"NO"
2026-01-17,"TRANSP. AUTOMOTORES 12 DE OCTUBRE S.A.C.","CABA_LINEA_7","SI","COLECTIVO","C.A.B.A","C.A.B.A","SD",6483,"NO"
2026-01-17,"COLECTIVEROS UNIDOS S.A.","CABA_LINEA_99","SI","COLECTIVO","C.A.B.A","C.A.B.A","SD",5678,"NO"
2026-01-17,"COOP. DE PROVISION DE SERVICIOS 1 DE SEPTIEMBRE LTDA","CHACRA MONTE - PAISSANIDIS","NO","COLECTIVO","MUNICIPAL","RÍO NEGRO","GENERAL ROCA",640,"NO"
2026-01-17,"SOFSE - Roca","FFCC ROCA","SI","TREN","NACIONAL","JN","SD",175263,"NO"
2026-01-17,"SOFSE- SARMIENTO","FFCC SAR","SI","TREN","NACIONAL","JN","SD",110881,"NO"
2026-01-17,"METROVIAS S.A. (URQUIZA)","FFCC URQUIZA","SI","TREN","NACIONAL","JN","SD",23626,"NO"
2026-01-17,"SOFSE - Belgrano Sur","FFCC_BELG_SUR","SI","TREN","NACIONAL","JN","SD",31193,"NO"
2026-01-17,"FERROVIAS S.A.","FFCC_BELGRANO_NORTE","SI","TREN","NACIONAL","JN","SD",42753,"NO"
2026-01-17,"SOFSE - Mitre","FFCC_MITRE","SI","TREN","NACIONAL","JN","SD",46,"NO"
2026-01-17,"SOFSE - Mitre","FFCC_MITRE_CAPILLA","SI","TREN","NACIONAL","JN","SD",61,"NO"
2026-01-17,"SOFSE - Mitre","FFCC_MITRE_ZARATE","SI","TREN","NACIONAL","JN","SD",117,"NO"
2026-01-17,"SOFSE - Roca","FFCC_ROCA_CAÑUELAS-MONTE","SI","TREN","NACIONAL","JN","SD",6,"NO"
2026-01-17,"SOFSE - Roca","FFCC_ROCA_KORN-CHASCOMUS","SI","TREN","NACIONAL","JN","SD",577,"NO"
2026-01-17,"SOFSE - San Martin","FFCC_SANM","SI","TREN","NACIONAL","JN","SD",56287,"NO"
2026-01-17,"SOFSE - Mitre","FFCC_SUAREZ","SI","TREN","NACIONAL","JN","SD",9901,"NO"
2026-01-17,"SOFSE- TREN DE LA COSTA","FFCC_TREN_COSTA","SI","TREN","NACIONAL","JN","SD",5489,"NO"
2026-01-17,"COOP. DE PROVISION DE SERVICIOS 1 DE SEPTIEMBRE LTDA","ISLAS MALVINAS - PUENTE CERO","NO","COLECTIVO","MUNICIPAL","RÍO NEGRO","GENERAL ROCA",478,"NO"
2026-01-17,"COOP. DE PROVISION DE SERVICIOS 1 DE SEPTIEMBRE LTDA","J.J. GOMEZ - ALTA BARDA","NO","COLECTIVO","MUNICIPAL","RÍO NEGRO","GENERAL ROCA",570,"NO"
2026-01-17,"EMOVA MOVILIDAD S.A. (ex MTV)","LIN_PREMETRO","SI","SUBTE",,,,3329,"NO"
2026-01-17,"MAREGA GUSTAVO ANTONIO","LINEA 03","NO","COLECTIVO","MUNICIPAL","SANTA FE","RECONQUISTA",152,"NO"
2026-01-17,"BRAIDOT JOSE MANUEL","LINEA 04","NO","COLECTIVO","MUNICIPAL","SANTA FE","RECONQUISTA",125,"NO"
2026-01-17,"TRANSPORTE JACOBSEN S.R.L.","LINEA 1 ESQUEL/LA ALDEA","NO","COLECTIVO","PROVINCIAL","CHUBUT","SN",76,"NO"
2026-01-17,"EMPRESA DE TRANSPORTE 12 DE OCTUBRE S R L","LINEA 1","NO","COLECTIVO","MUNICIPAL","BUENOS AIRES","PINAMAR",2889,"NO"
2026-01-17,"VIA 51 VIAJES SA","LINEA 1","NO","COLECTIVO","MUNICIPAL","BUENOS AIRES","TORNQUIST",217,"NO"
2026-01-17,"TRANSPORTE JACOBSEN S.R.L.","LINEA 1","NO","COLECTIVO","MUNICIPAL","CHUBUT","ESQUEL",246,"NO"
2026-01-17,"SI! BUS EMPRESA SARMIENTO S.R.L - INTERCORDOBA S.A – UTE","LINEA 1","NO","COLECTIVO","MUNICIPAL","CORDOBA","VILLA ALLENDE",53,"NO"
2026-01-17,"COOPERATIVA TRABAJO TRANSPORTES CONCORDIA LTDA","LINEA 1","NO","COLECTIVO","MUNICIPAL","ENTRE RÍOS","CONCORDIA",2591,"NO"
2026-01-17,"DELCAUSSE HERMANOS SOCIEDAD DE RESPONSABILIDAD LIMITADA","LINEA 1","NO","COLECTIVO","MUNICIPAL","ENTRE RÍOS","GUALEGUAYCHU",265,"NO"
2026-01-17,"ENTE MUNICIPAL DE SERVICIOS URBANOS","LINEA 1","NO","COLECTIVO","MUNICIPAL","LA PAMPA","SANTA ROSA",184,"NO"
2026-01-17,"PEHUENCHE S A","LINEA 1","NO","COLECTIVO","MUNICIPAL","RÍO NEGRO","CIPOLLETTI",575,"NO"
2026-01-17,"MUNICIPALIDAD DE RAFAELA","LINEA 1","NO","COLECTIVO","MUNICIPAL","SANTA FE","RAFAELA",124,"NO"
2026-01-17,"AUTOTRANSPORTE DECANO S.R.L","LINEA 1","NO","COLECTIVO","MUNICIPAL","SANTIAGO DEL ESTERO","LA BANDA",72,"NO"
2026-01-17,"EL GALGO SRL","LINEA 1","NO","COLECTIVO","MUNICIPAL","TUCUMAN","SAN MIGUEL DE TUCUMAN",1047,"NO"
2026-01-17,"TRANSPORTES SAN CAYETANO S.A.C.","LINEA 1","SI","COLECTIVO","NACIONAL","JN","SD",6282,"NO"
2026-01-17,"CONIFERAL S.A.","LINEA 10","NO","COLECTIVO","MUNICIPAL","CORDOBA","CORDOBA",3483,"NO"
2026-01-17,"LEAGAS S.A.","LINEA 10","NO","COLECTIVO","MUNICIPAL","TUCUMAN","SAN MIGUEL DE TUCUMAN",1976,"NO"
2026-01-17,"VIZZONI LIDIA INES","LINEA 10","NO","COLECTIVO","PROVINCIAL","CATAMARCA","SN",128,"NO"
2026-01-17,"SOCIEDAD DE TRANSPORTE DE MENDOZA SOCIEDAD ANONIMA UNIPERSONAL DE PARTICIPACION ESTATAL","LINEA 100","NO","COLECTIVO","PROVINCIAL","MENDOZA","SN",2808,"NO"
2026-01-17,"D.O.T.A. S.A. DE TRANSPORTE AUTOMOTOR","LINEA 101","SI","COLECTIVO","NACIONAL","JN","SD",23120,"NO"
2026-01-17,"CONIFERAL S.A.","LINEA 11","NO","COLECTIVO","MUNICIPAL","CORDOBA","CORDOBA",3720,"NO"
2026-01-17,"TCM BUS S.R.L.","LINEA 11","NO","COLECTIVO","MUNICIPAL","TUCUMAN","SAN MIGUEL DE TUCUMAN",2787,"NO"
2026-01-17,"SOCIEDAD DE TRANSPORTE DE MENDOZA SOCIEDAD ANONIMA UNIPERSONAL DE PARTICIPACION ESTATAL","LINEA 110","NO","COLECTIVO","PROVINCIAL","MENDOZA","SN",5938,"NO"
2026-01-17,"MICROOMNIBUS CUARENTA Y CINCO S.A.C.I.F.","LINEA 119","SI","COLECTIVO","NACIONAL","JN","SD",5810,"NO"
2026-01-17,"CONIFERAL S.A.","LINEA 12","NO","COLECTIVO","MUNICIPAL","CORDOBA","CORDOBA",3724,"NO"
2026-01-17,"EMPRESA CERRO POZO S.R.L.","LINEA 12","NO","COLECTIVO","MUNICIPAL","TUCUMAN","SAN MIGUEL DE TUCUMAN",676,"NO"
2026-01-17,"EMPRESA DE SERVICIOS EL JACARANDA S.A.","LINEA 12","NO","COLECTIVO","MUNICIPAL","TUCUMAN","SAN MIGUEL DE TUCUMAN",604,"NO"
2026-01-17,"ILLAGES S.R.L.","LINEA 12","NO","COLECTIVO","MUNICIPAL","TUCUMAN","SAN MIGUEL DE TUCUMAN",551,"NO"
2026-01-17,"TRANSPORTE YERBA BUENA SRL","LINEA 12","NO","COLECTIVO","MUNICIPAL","TUCUMAN","SAN MIGUEL DE TUCUMAN",701,"NO"
2026-01-17,"ERSA URBANO SA","LINEA 12","NO","COLECTIVO","PROVINCIAL","ENTRE RÍOS","SN",136,"NO"
2026-01-17,"SOCIEDAD DE TRANSPORTE DE MENDOZA SOCIEDAD ANONIMA UNIPERSONAL DE PARTICIPACION ESTATAL","LINEA 120","NO","COLECTIVO","PROVINCIAL","MENDOZA","SN",4532,"NO"
2026-01-17,"SOCIEDAD DE TRANSPORTE DE MENDOZA SOCIEDAD ANONIMA UNIPERSONAL DE PARTICIPACION ESTATAL","LINEA 121","NO","COLECTIVO","PROVINCIAL","MENDOZA","SN",3773,"NO"
2026-01-17,"SOCIEDAD DE TRANSPORTE DE MENDOZA SOCIEDAD ANONIMA UNIPERSONAL DE PARTICIPACION ESTATAL","LINEA 125","NO","COLECTIVO","PROVINCIAL","MENDOZA","SN",398,"NO"
2026-01-17,"SOCIEDAD DE TRANSPORTE DE MENDOZA SOCIEDAD ANONIMA UNIPERSONAL DE PARTICIPACION ESTATAL","LINEA 126","NO","COLECTIVO","PROVINCIAL","MENDOZA","SN",193,"NO"
2026-01-17,"CONIFERAL S.A.","LINEA 13","NO","COLECTIVO","MUNICIPAL","CORDOBA","CORDOBA",680,"NO"
2026-01-17,"SOCIEDAD DE TRANSPORTE DE MENDOZA SOCIEDAD ANONIMA UNIPERSONAL DE PARTICIPACION ESTATAL","LINEA 130","NO","COLECTIVO","PROVINCIAL","MENDOZA","SN",1194,"NO"
2026-01-17,"CONIFERAL S.A.","LINEA 14","NO","COLECTIVO","MUNICIPAL","CORDOBA","CORDOBA",3318,"NO"
2026-01-17,"SOCIEDAD DE TRANSPORTE DE MENDOZA SOCIEDAD ANONIMA UNIPERSONAL DE PARTICIPACION ESTATAL","LINEA 140","NO","COLECTIVO","PROVINCIAL","MENDOZA","SN",1482,"NO"
2026-01-17,"ROSARIO GUARANI SA","LINEA 145","SI","COLECTIVO","NACIONAL","JN","SD",17110,"NO"
2026-01-17,"CONIFERAL S.A.","LINEA 15","NO","COLECTIVO","MUNICIPAL","CORDOBA","CORDOBA",2037,"NO"
2026-01-17,"9 DE JULIO","LINEA 15","NO","COLECTIVO","PROVINCIAL","CATAMARCA","SN",153,"NO"
2026-01-17,"ERSA URBANO SA","LINEA 15","NO","COLECTIVO","PROVINCIAL","ENTRE RÍOS","SN",72,"NO"
2026-01-17,"EMPRESA RECREO S R L","LINEA 157 SFE","NO","COLECTIVO","PROVINCIAL","SANTA FE","SN",2129,"NO"
2026-01-17,"EMPRESA RECREO S R L","LINEA 158 SFE","NO","COLECTIVO","PROVINCIAL","SANTA FE","SN",234,"NO"
2026-01-17,"CONIFERAL S.A.","LINEA 16","NO","COLECTIVO","MUNICIPAL","CORDOBA","CORDOBA",1182,"NO"
2026-01-17,"9 DE JULIO","LINEA 16","NO","COLECTIVO","PROVINCIAL","CATAMARCA","SN",39,"NO"
2026-01-17,"CONIFERAL S.A.","LINEA 17","NO","COLECTIVO","MUNICIPAL","CORDOBA","CORDOBA",1982,"NO"
2026-01-17,"EL CONDOR SRL","LINEA 17","NO","COLECTIVO","MUNICIPAL","TUCUMAN","SAN MIGUEL DE TUCUMAN",3369,"NO"
2026-01-17,"CONIFERAL S.A.","LINEA 18","NO","COLECTIVO","MUNICIPAL","CORDOBA","CORDOBA",1938,"NO"
2026-01-17,"BSV LOGISTICA S.A.S.","LINEA 18","NO","COLECTIVO","MUNICIPAL","TUCUMAN","SAN MIGUEL DE TUCUMAN",1205,"NO"
2026-01-17,"ERSA URBANO SA","LINEA 184","SI","COLECTIVO","NACIONAL","JN","SD",6138,"NO"
2026-01-17,"EMPRESA MAIPU S.R.L","LINEA 1856","NO","COLECTIVO","PROVINCIAL","MENDOZA","SN",144,"NO"
2026-01-17,"CONIFERAL S.A.","LINEA 19","NO","COLECTIVO","MUNICIPAL","CORDOBA","CORDOBA",679,"NO"
2026-01-17,"B y V TRANSPORTES S.R.L.","LINEA 19","NO","COLECTIVO","MUNICIPAL","TUCUMAN","SAN MIGUEL DE TUCUMAN",3390,"NO"
2026-01-17,"LINEA 28 DE JULIO SOCIEDAD COOPERATIVA DE TRABAJO DE TRANSPORTES LIMITADA","LINEA 1: TRELEW / PUERTO MADRYN","NO","COLECTIVO","PROVINCIAL","CHUBUT","SN",568,"NO"
2026-01-17,"DAVALO ELIANA ELISABET","LINEA 2 BIS","NO","COLECTIVO","MUNICIPAL","SANTA FE","RECONQUISTA",29,"NO"
2026-01-17,"TRANSPORTE JACOBSEN S.R.L.","LINEA 2 ESQUEL/TREVELIN","NO","COLECTIVO","PROVINCIAL","CHUBUT","SN",468,"NO"
2026-01-17,"TRANSPORTE JACOBSEN S.R.L.","LINEA 2","NO","COLECTIVO","MUNICIPAL","CHUBUT","ESQUEL",332,"NO"
2026-01-17,"COOPERATIVA DE TRABAJO ""12 DE OCTUBRE"" LTADA","LINEA 2","NO","COLECTIVO","MUNICIPAL","ENTRE RÍOS","CONCORDIA",2085,"NO"
2026-01-17,"ENTE MUNICIPAL DE SERVICIOS URBANOS","LINEA 2","NO","COLECTIVO","MUNICIPAL","LA PAMPA","SANTA ROSA",336,"NO"
2026-01-17,"MUNICIPALIDAD DE RAFAELA","LINEA 2","NO","COLECTIVO","MUNICIPAL","SANTA FE","RAFAELA",89,"NO"
2026-01-17,"AUTOTRANSPORTE DECANO S.R.L","LINEA 2","NO","COLECTIVO","MUNICIPAL","SANTIAGO DEL ESTERO","LA BANDA",4,"NO"
2026-01-17,"ESPONDA OSVALDO RAMON Y CAMPIÑO CARLOS ANTONIO S.H.","LINEA 2","NO","COLECTIVO","PROVINCIAL","ENTRE RÍOS","SN",672,"NO"
2026-01-17,"EMPRESA EL QUEBRACHAL S.R.L","LINEA 20","NO","COLECTIVO","MUNICIPAL","CORDOBA","CORDOBA",1647,"NO"
2026-01-17,"ERSA URBANO SA","LINEA 20","NO","COLECTIVO","PROVINCIAL","ENTRE RÍOS","SN",689,"NO"
2026-01-17,"EMPRESA MAIPU S.R.L.","LINEA 200","NO","COLECTIVO","PROVINCIAL","MENDOZA","SN",5725,"NO"
2026-01-17,"EMPRESA MAIPU S.R.L.","LINEA 201","NO","COLECTIVO","PROVINCIAL","MENDOZA","SN",6312,"NO"
2026-01-17,"EMPRESA MAIPU S.R.L.","LINEA 202","NO","COLECTIVO","PROVINCIAL","MENDOZA","SN",350,"NO"
2026-01-17,"EMPRESA MAIPU S.R.L.","LINEA 203","NO","COLECTIVO","PROVINCIAL","MENDOZA","SN",1578,"NO"
2026-01-17,"EMPRESA MAIPU S.R.L.","LINEA 204","NO","COLECTIVO","PROVINCIAL","MENDOZA","SN",1760,"NO"
2026-01-17,"NUEVO IDEAL S.A.","LINEA 205","SI","COLECTIVO","PROVINCIAL","BUENOS AIRES","SN",4652,"NO"
2026-01-17,"EMPRESA MAIPU S.R.L.","LINEA 205","NO","COLECTIVO","PROVINCIAL","MENDOZA","SN",443,"NO"
2026-01-17,"EMPRESA MAIPU S.R.L.","LINEA 206","NO","COLECTIVO","PROVINCIAL","MENDOZA","SN",112,"NO"
2026-01-17,"EMPRESA MAIPU S.R.L.","LINEA 207","NO","COLECTIVO","PROVINCIAL","MENDOZA","SN",454,"NO"
2026-01-17,"EMPRESA MAIPU S.R.L.","LINEA 208","NO","COLECTIVO","PROVINCIAL","MENDOZA","SN",343,"NO"
2026-01-17,"EMPRESA EL QUEBRACHAL S.R.L","LINEA 21","NO","COLECTIVO","MUNICIPAL","CORDOBA","CORDOBA",372,"NO"
2026-01-17,"EMPRESA EL QUEBRACHAL S.R.L","LINEA 22","NO","COLECTIVO","MUNICIPAL","CORDOBA","CORDOBA",976,"NO"
2026-01-17,"ERSA URBANO SA","LINEA 22","NO","COLECTIVO","PROVINCIAL","ENTRE RÍOS","SN",2184,"NO"
2026-01-17,"EMPRESA MAIPU S.R.L.","LINEA 221","NO","COLECTIVO","PROVINCIAL","MENDOZA","SN",1009,"NO"
2026-01-17,"EMPRESA EL QUEBRACHAL S.R.L","LINEA 23","NO","COLECTIVO","MUNICIPAL","CORDOBA","CORDOBA",1123,"NO"
2026-01-17,"EMPRESA MAIPU S.R.L.","LINEA 230","NO","COLECTIVO","PROVINCIAL","MENDOZA","SN",1102,"NO"
2026-01-17,"EMPRESA MAIPU S.R.L.","LINEA 232","NO","COLECTIVO","PROVINCIAL","MENDOZA","SN",849,"NO"
2026-01-17,"EMPRESA MAIPU S.R.L.","LINEA 233","NO","COLECTIVO","PROVINCIAL","MENDOZA","SN",1995,"NO"
2026-01-17,"EMPRESA MAIPU S.R.L.","LINEA 234","NO","COLECTIVO","PROVINCIAL","MENDOZA","SN",2360,"NO"
2026-01-17,"EMPRESA MAIPU S.R.L.","LINEA 235","NO","COLECTIVO","PROVINCIAL","MENDOZA","SN",820,"NO"
2026-01-17,"EMPRESA MAIPU S.R.L.","LINEA 236","NO","COLECTIVO","PROVINCIAL","MENDOZA","SN",218,"NO"
2026-01-17,"EMPRESA EL QUEBRACHAL S.R.L","LINEA 24","NO","COLECTIVO","MUNICIPAL","CORDOBA","CORDOBA",930,"NO"
2026-01-17,"EMPRESA MAIPU S.R.L.","LINEA 240","NO","COLECTIVO","PROVINCIAL","MENDOZA","SN",631,"NO"
2026-01-17,"EMPRESA MAIPU S.R.L.","LINEA 241","NO","COLECTIVO","PROVINCIAL","MENDOZA","SN",437,"NO"
2026-01-17,"EMPRESA MAIPU S.R.L.","LINEA 242","NO","COLECTIVO","PROVINCIAL","MENDOZA","SN",479,"NO"
2026-01-17,"EMPRESA EL QUEBRACHAL S.R.L","LINEA 25","NO","COLECTIVO","MUNICIPAL","CORDOBA","CORDOBA",1152,"NO"
2026-01-17,"20 DE JULIO S.R.L.","LINEA 25","NO","COLECTIVO","PROVINCIAL","CATAMARCA","SN",150,"NO"
2026-01-17,"EMPRESA MAIPU S.R.L.","LINEA 250","NO","COLECTIVO","PROVINCIAL","MENDOZA","SN",509,"NO"
2026-01-17,"EMPRESA MAIPU S.R.L.","LINEA 251","NO","COLECTIVO","PROVINCIAL","MENDOZA","SN",633,"NO"
2026-01-17,"EMPRESA MAIPU S.R.L.","LINEA 252","NO","COLECTIVO","PROVINCIAL","MENDOZA","SN",1141,"NO"
2026-01-17,"EMPRESA EL QUEBRACHAL S.R.L","LINEA 26","NO","COLECTIVO","MUNICIPAL","CORDOBA","CORDOBA",1096,"NO"
2026-01-17,"EMPRESA MAIPU S.R.L.","LINEA 260","NO","COLECTIVO","PROVINCIAL","MENDOZA","SN",1081,"NO"
2026-01-17,"EMPRESA MAIPU S.R.L.","LINEA 261","NO","COLECTIVO","PROVINCIAL","MENDOZA","SN",1034,"NO"
2026-01-17,"EMPRESA EL QUEBRACHAL S.R.L","LINEA 27","NO","COLECTIVO","MUNICIPAL","CORDOBA","CORDOBA",2063,"NO"
2026-01-17,"EMPRESA MAIPU S.R.L.","LINEA 270","NO","COLECTIVO","PROVINCIAL","MENDOZA","SN",390,"NO"
2026-01-17,"EMPRESA MAIPU S.R.L.","LINEA 271","NO","COLECTIVO","PROVINCIAL","MENDOZA","SN",459,"NO"
2026-01-17,"EMPRESA EL QUEBRACHAL S.R.L","LINEA 28","NO","COLECTIVO","MUNICIPAL","CORDOBA","CORDOBA",1297,"NO"
2026-01-17,"D.O.T.A. S.A. DE TRANSPORTE AUTOMOTOR","LINEA 28","SI","COLECTIVO","NACIONAL","JN","SD",41692,"NO"
2026-01-17,"TEJADA, MARCOS GUSTAVO","LINEA 28","NO","COLECTIVO","PROVINCIAL","CATAMARCA","SN",39,"NO"
2026-01-17,"EMPRESA EL QUEBRACHAL S.R.L","LINEA 29","NO","COLECTIVO","MUNICIPAL","CORDOBA","CORDOBA",1281,"NO"
2026-01-17,"LINEA 28 DE JULIO SOCIEDAD COOPERATIVA DE TRABAJO DE TRANSPORTES LIMITADA","LINEA 2: TRELEW / DOLAVON","NO","COLECTIVO","PROVINCIAL","CHUBUT","SN",662,"NO"
2026-01-17,"TURISMO PALMARES S.R.L.","LINEA 3","NO","COLECTIVO","MUNICIPAL","ENTRE RÍOS","CONCORDIA",2200,"NO"
2026-01-17,"ENTE MUNICIPAL DE SERVICIOS URBANOS","LINEA 3","NO","COLECTIVO","MUNICIPAL","LA PAMPA","SANTA ROSA",344,"NO"
2026-01-17,"MUNICIPALIDAD DE RAFAELA","LINEA 3","NO","COLECTIVO","MUNICIPAL","SANTA FE","RAFAELA",161,"NO"
2026-01-17,"TRANSPORTE YERBA BUENA SRL","LINEA 3","NO","COLECTIVO","MUNICIPAL","TUCUMAN","SAN MIGUEL DE TUCUMAN",1297,"NO"
2026-01-17,"RISSMA S.R.L","LINEA 30","NO","COLECTIVO","MUNICIPAL","CORDOBA","CORDOBA",2131,"NO"
2026-01-17,"AUTOTRANSPORTES LOS ANDES S.A. EL CACIQUE S.A. U.T.","LINEA 300","NO","COLECTIVO","PROVINCIAL","MENDOZA","SN",654,"NO"
2026-01-17,"AUTOTRANSPORTES LOS ANDES S.A. EL CACIQUE S.A. U.T.","LINEA 301","NO","COLECTIVO","PROVINCIAL","MENDOZA","SN",672,"NO"
2026-01-17,"PRESTACIONES S.A.","LINEA 301A","NO","COLECTIVO","PROVINCIAL","MENDOZA","SN",122,"NO"
2026-01-17,"PRESTACIONES S.A.","LINEA 301B","NO","COLECTIVO","PROVINCIAL","MENDOZA","SN",54,"NO"
2026-01-17,"PRESTACIONES S.A.","LINEA 301C","NO","COLECTIVO","PROVINCIAL","MENDOZA","SN",12,"NO"
2026-01-17,"PRESTACIONES S.A.","LINEA 301M","NO","COLECTIVO","PROVINCIAL","MENDOZA","SN",1141,"NO"
2026-01-17,"PRESTACIONES S.A.","LINEA 301N","NO","COLECTIVO","PROVINCIAL","MENDOZA","SN",1144,"NO"
2026-01-17,"PRESTACIONES S.A.","LINEA 301O","NO","COLECTIVO","PROVINCIAL","MENDOZA","SN",103,"NO"
2026-01-17,"PRESTACIONES S.A.","LINEA 301P","NO","COLECTIVO","PROVINCIAL","MENDOZA","SN",153,"NO"
2026-01-17,"PRESTACIONES S.A.","LINEA 301Q","NO","COLECTIVO","PROVINCIAL","MENDOZA","SN",104,"NO"
2026-01-17,"PRESTACIONES S.A.","LINEA 301R","NO","COLECTIVO","PROVINCIAL","MENDOZA","SN",173,"NO"
2026-01-17,"AUTOTRANSPORTES LOS ANDES S.A. EL CACIQUE S.A. U.T.","LINEA 302","NO","COLECTIVO","PROVINCIAL","MENDOZA","SN",678,"NO"
2026-01-17,"AUTOTRANSPORTES LOS ANDES S.A. EL CACIQUE S.A. U.T.","LINEA 303","NO","COLECTIVO","PROVINCIAL","MENDOZA","SN",552,"NO"
2026-01-17,"PRESTACIONES S.A.","LINEA 303H","NO","COLECTIVO","PROVINCIAL","MENDOZA","SN",42,"NO"
2026-01-17,"AUTOTRANSPORTES LOS ANDES S.A. EL CACIQUE S.A. U.T.","LINEA 304","NO","COLECTIVO","PROVINCIAL","MENDOZA","SN",103,"NO"
2026-01-17,"PRESTACIONES S.A.","LINEA 304A","NO","COLECTIVO","PROVINCIAL","MENDOZA","SN",105,"NO"
2026-01-17,"PRESTACIONES S.A.","LINEA 304D","NO","COLECTIVO","PROVINCIAL","MENDOZA","SN",4,"NO"
2026-01-17,"PRESTACIONES S.A.","LINEA 304E","NO","COLECTIVO","PROVINCIAL","MENDOZA","SN",9,"NO"
2026-01-17,"PRESTACIONES S.A.","LINEA 304H","NO","COLECTIVO","PROVINCIAL","MENDOZA","SN",9,"NO"
2026-01-17,"PRESTACIONES S.A.","LINEA 304I","NO","COLECTIVO","PROVINCIAL","MENDOZA","SN",10,"NO"
2026-01-17,"PRESTACIONES S.A.","LINEA 304J","NO","COLECTIVO","PROVINCIAL","MENDOZA","SN",2,"NO"
2026-01-17,"AUTOTRANSPORTES LOS ANDES S.A. EL CACIQUE S.A. U.T.","LINEA 305","NO","COLECTIVO","PROVINCIAL","MENDOZA","SN",2070,"NO"
2026-01-17,"AUTOTRANSPORTES LOS ANDES S.A. EL CACIQUE S.A. U.T.","LINEA 309","NO","COLECTIVO","PROVINCIAL","MENDOZA","SN",269,"NO"
2026-01-17,"PRESTACIONES S.A.","LINEA 309B","NO","COLECTIVO","PROVINCIAL","MENDOZA","SN",55,"NO"
2026-01-17,"RISSMA S.R.L","LINEA 31","NO","COLECTIVO","MUNICIPAL","CORDOBA","CORDOBA",1053,"NO"
2026-01-17,"AUTOTRANSPORTES LOS ANDES S.A. EL CACIQUE S.A. U.T.","LINEA 310","NO","COLECTIVO","PROVINCIAL","MENDOZA","SN",4131,"NO"
2026-01-17,"AUTOTRANSPORTES LOS ANDES S.A. EL CACIQUE S.A. U.T.","LINEA 311","NO","COLECTIVO","PROVINCIAL","MENDOZA","SN",1678,"NO"
2026-01-17,"AUTOTRANSPORTES LOS ANDES S.A. EL CACIQUE S.A. U.T.","LINEA 312","NO","COLECTIVO","PROVINCIAL","MENDOZA","SN",11,"NO"
2026-01-17,"AUTOTRANSPORTES LOS ANDES S.A. EL CACIQUE S.A. U.T.","LINEA 313","NO","COLECTIVO","PROVINCIAL","MENDOZA","SN",1458,"NO"
2026-01-17,"AUTOTRANSPORTES LOS ANDES S.A. EL CACIQUE S.A. U.T.","LINEA 315","NO","COLECTIVO","PROVINCIAL","MENDOZA","SN",2068,"NO"
2026-01-17,"PRESTACIONES S.A.","LINEA 315A","NO","COLECTIVO","PROVINCIAL","MENDOZA","SN",1028,"NO"
2026-01-17,"PRESTACIONES S.A.","LINEA 315B","NO","COLECTIVO","PROVINCIAL","MENDOZA","SN",511,"NO"
2026-01-17,"PRESTACIONES S.A.","LINEA 315C","NO","COLECTIVO","PROVINCIAL","MENDOZA","SN",143,"NO"
2026-01-17,"PRESTACIONES S.A.","LINEA 315D","NO","COLECTIVO","PROVINCIAL","MENDOZA","SN",88,"NO"
2026-01-17,"AUTOTRANSPORTES LOS ANDES S.A. EL CACIQUE S.A. U.T.","LINEA 316","NO","COLECTIVO","PROVINCIAL","MENDOZA","SN",1714,"NO"
2026-01-17,"PRESTACIONES S.A.","LINEA 318A","NO","COLECTIVO","PROVINCIAL","MENDOZA","SN",278,"NO"
2026-01-17,"PRESTACIONES S.A.","LINEA 318B","NO","COLECTIVO","PROVINCIAL","MENDOZA","SN",295,"NO"
2026-01-17,"PRESTACIONES S.A.","LINEA 318C","NO","COLECTIVO","PROVINCIAL","MENDOZA","SN",42,"NO"
2026-01-17,"PRESTACIONES S.A.","LINEA 318D","NO","COLECTIVO","PROVINCIAL","MENDOZA","SN",159,"NO"
2026-01-17,"PRESTACIONES S.A.","LINEA 318G","NO","COLECTIVO","PROVINCIAL","MENDOZA","SN",25,"NO"
2026-01-17,"PRESTACIONES S.A.","LINEA 318H","NO","COLECTIVO","PROVINCIAL","MENDOZA","SN",4,"NO"
2026-01-17,"PRESTACIONES S.A.","LINEA 319A","NO","COLECTIVO","PROVINCIAL","MENDOZA","SN",13,"NO"
2026-01-17,"RISSMA S.R.L","LINEA 32","NO","COLECTIVO","MUNICIPAL","CORDOBA","CORDOBA",2840,"NO"
2026-01-17,"PRESTACIONES S.A.","LINEA 320A","NO","COLECTIVO","PROVINCIAL","MENDOZA","SN",18,"NO"
2026-01-17,"PRESTACIONES S.A.","LINEA 320B","NO","COLECTIVO","PROVINCIAL","MENDOZA","SN",2,"NO"
2026-01-17,"PRESTACIONES S.A.","LINEA 321C","NO","COLECTIVO","PROVINCIAL","MENDOZA","SN",48,"NO"
2026-01-17,"RISSMA S.R.L","LINEA 33","NO","COLECTIVO","MUNICIPAL","CORDOBA","CORDOBA",1400,"NO"
2026-01-17,"TRANSPORTES ALMIRANTE BROWN S.A.","LINEA 33","SI","COLECTIVO","NACIONAL","JN","SD",22230,"NO"
2026-01-17,"AUTOTRANSPORTES LOS ANDES S.A. EL CACIQUE S.A. U.T.","LINEA 330","NO","COLECTIVO","PROVINCIAL","MENDOZA","SN",3856,"NO"
2026-01-17,"AUTOTRANSPORTES LOS ANDES S.A. EL CACIQUE S.A. U.T.","LINEA 331","NO","COLECTIVO","PROVINCIAL","MENDOZA","SN",3841,"NO"
2026-01-17,"RISSMA S.R.L","LINEA 34","NO","COLECTIVO","MUNICIPAL","CORDOBA","CORDOBA",1037,"NO"
2026-01-17,"RISSMA S.R.L","LINEA 35","NO","COLECTIVO","MUNICIPAL","CORDOBA","CORDOBA",2267,"NO"
2026-01-17,"AUTOTRANSPORTES LOS ANDES S.A. EL CACIQUE S.A. U.T.","LINEA 350","NO","COLECTIVO","PROVINCIAL","MENDOZA","SN",1430,"NO"
2026-01-17,"AUTOTRANSPORTES LOS ANDES S.A. EL CACIQUE S.A. U.T.","LINEA 352","NO","COLECTIVO","PROVINCIAL","MENDOZA","SN",2653,"NO"
2026-01-17,"AUTOTRANSPORTES LOS ANDES S.A. EL CACIQUE S.A. U.T.","LINEA 353","NO","COLECTIVO","PROVINCIAL","MENDOZA","SN",1735,"NO"
2026-01-17,"AUTOTRANSPORTES LOS ANDES S.A. EL CACIQUE S.A. U.T.","LINEA 354","NO","COLECTIVO","PROVINCIAL","MENDOZA","SN",712,"NO"
2026-01-17,"RISSMA S.R.L","LINEA 36","NO","COLECTIVO","MUNICIPAL","CORDOBA","CORDOBA",2853,"NO"
2026-01-17,"AUTOTRANSPORTES LOS ANDES S.A. EL CACIQUE S.A. U.T.","LINEA 370","NO","COLECTIVO","PROVINCIAL","MENDOZA","SN",181,"NO"
2026-01-17,"AUTOTRANSPORTES LOS ANDES S.A. EL CACIQUE S.A. U.T.","LINEA 371","NO","COLECTIVO","PROVINCIAL","MENDOZA","SN",1313,"NO"
2026-01-17,"AUTOTRANSPORTES LOS ANDES S.A. EL CACIQUE S.A. U.T.","LINEA 372","NO","COLECTIVO","PROVINCIAL","MENDOZA","SN",299,"NO"
2026-01-17,"AUTOTRANSPORTES LOS ANDES S.A. EL CACIQUE S.A. U.T.","LINEA 373","NO","COLECTIVO","PROVINCIAL","MENDOZA","SN",407,"NO"
2026-01-17,"AUTOTRANSPORTE CEFERINO S.R.L.","LINEA 3: TRELEW / 28 DE JULIO","NO","COLECTIVO","PROVINCIAL","CHUBUT","SN",85,"NO"
2026-01-17,"LINEA 28 DE JULIO SOCIEDAD COOPERATIVA DE TRABAJO DE TRANSPORTES LIMITADA","LINEA 3: TRELEW / GAIMAN","NO","COLECTIVO","PROVINCIAL","CHUBUT","SN",601,"NO"
2026-01-17,"TURISMO PALMARES S.R.L.","LINEA 4","NO","COLECTIVO","MUNICIPAL","ENTRE RÍOS","CONCORDIA",2685,"NO"
2026-01-17,"DELCAUSSE HERMANOS SOCIEDAD DE RESPONSABILIDAD LIMITADA","LINEA 4","NO","COLECTIVO","MUNICIPAL","ENTRE RÍOS","GUALEGUAYCHU",274,"NO"
2026-01-17,"ENTE MUNICIPAL DE SERVICIOS URBANOS","LINEA 4","NO","COLECTIVO","MUNICIPAL","LA PAMPA","SANTA ROSA",189,"NO"
2026-01-17,"MUNICIPALIDAD DE RAFAELA","LINEA 4","NO","COLECTIVO","MUNICIPAL","SANTA FE","RAFAELA",109,"NO"
2026-01-17,"EL CORCEL S.A UTE","LINEA 4","NO","COLECTIVO","MUNICIPAL","TUCUMAN","SAN MIGUEL DE TUCUMAN",2402,"NO"
2026-01-17,"ERSA URBANO SA","LINEA 4","NO","COLECTIVO","PROVINCIAL","ENTRE RÍOS","SN",1224,"NO"
2026-01-17,"CONIFERAL S.A.","LINEA 40","NO","COLECTIVO","MUNICIPAL","CORDOBA","CORDOBA",4065,"NO"
2026-01-17,"AUTOTRANSPORTE PRESIDENTE ALVEAR S.A. Y AUTOTRANSPORTE EL TRAPICHE S.R.L. U.T.","LINEA 400","NO","COLECTIVO","PROVINCIAL","MENDOZA","SN",2658,"NO"
2026-01-17,"AUTOTRANSPORTE PRESIDENTE ALVEAR S.A. Y AUTOTRANSPORTE EL TRAPICHE S.R.L. U.T.","LINEA 401","NO","COLECTIVO","PROVINCIAL","MENDOZA","SN",5727,"NO"
2026-01-17,"AUTOTRANSPORTE PRESIDENTE ALVEAR S.A. Y AUTOTRANSPORTE EL TRAPICHE S.R.L. U.T.","LINEA 402","NO","COLECTIVO","PROVINCIAL","MENDOZA","SN",2117,"NO"
2026-01-17,"CONIFERAL S.A.","LINEA 41","NO","COLECTIVO","MUNICIPAL","CORDOBA","CORDOBA",1785,"NO"
2026-01-17,"TRANSPORTES ATLANTIDA S.A.C.","LINEA 410","SI","COLECTIVO","PROVINCIAL","BUENOS AIRES","SN",6837,"NO"
2026-01-17,"CONIFERAL S.A.","LINEA 42","NO","COLECTIVO","MUNICIPAL","CORDOBA","CORDOBA",2911,"NO"
2026-01-17,"AGUERO RICARDO DANTE","LINEA 42","NO","COLECTIVO","PROVINCIAL","CATAMARCA","SN",304,"NO"
2026-01-17,"AUTOTRANSPORTE PRESIDENTE ALVEAR S.A. Y AUTOTRANSPORTE EL TRAPICHE S.R.L. U.T.","LINEA 420","NO","COLECTIVO","PROVINCIAL","MENDOZA","SN",4371,"NO"
2026-01-17,"AUTOTRANSPORTE PRESIDENTE ALVEAR S.A. Y AUTOTRANSPORTE EL TRAPICHE S.R.L. U.T.","LINEA 421","NO","COLECTIVO","PROVINCIAL","MENDOZA","SN",460,"NO"
2026-01-17,"AUTOTRANSPORTE PRESIDENTE ALVEAR S.A. Y AUTOTRANSPORTE EL TRAPICHE S.R.L. U.T.","LINEA 422","NO","COLECTIVO","PROVINCIAL","MENDOZA","SN",398,"NO"
2026-01-17,"TRANSPORTES ATLANTIDA S.A.C.","LINEA 429","SI","COLECTIVO","PROVINCIAL","BUENOS AIRES","SN",1901,"NO"
2026-01-17,"CONIFERAL S.A.","LINEA 43","NO","COLECTIVO","MUNICIPAL","CORDOBA","CORDOBA",1604,"NO"
2026-01-17,"AGUERO RICARDO DANTE","LINEA 43","NO","COLECTIVO","PROVINCIAL","CATAMARCA","SN",13,"NO"
2026-01-17,"CONIFERAL S.A.","LINEA 44","NO","COLECTIVO","MUNICIPAL","CORDOBA","CORDOBA",1458,"NO"
2026-01-17,"AUTOTRANSPORTE PRESIDENTE ALVEAR S.A. Y AUTOTRANSPORTE EL TRAPICHE S.R.L. U.T.","LINEA 440","NO","COLECTIVO","PROVINCIAL","MENDOZA","SN",1999,"NO"
2026-01-17,"AUTOTRANSPORTE PRESIDENTE ALVEAR S.A. Y AUTOTRANSPORTE EL TRAPICHE S.R.L. U.T.","LINEA 441","NO","COLECTIVO","PROVINCIAL","MENDOZA","SN",2459,"NO"
2026-01-17,"AUTOTRANSPORTE PRESIDENTE ALVEAR S.A. Y AUTOTRANSPORTE EL TRAPICHE S.R.L. U.T.","LINEA 442","NO","COLECTIVO","PROVINCIAL","MENDOZA","SN",914,"NO"
2026-01-17,"AUTOTRANSPORTE PRESIDENTE ALVEAR S.A. Y AUTOTRANSPORTE EL TRAPICHE S.R.L. U.T.","LINEA 443","NO","COLECTIVO","PROVINCIAL","MENDOZA","SN",458,"NO"
2026-01-17,"CONIFERAL S.A.","LINEA 45","NO","COLECTIVO","MUNICIPAL","CORDOBA","CORDOBA",1183,"NO"
2026-01-17,"AUTOTRANSPORTE PRESIDENTE ALVEAR S.A. Y AUTOTRANSPORTE EL TRAPICHE S.R.L. U.T.","LINEA 461","NO","COLECTIVO","PROVINCIAL","MENDOZA","SN",5808,"NO"
2026-01-17,"AUTOTRANSPORTE PRESIDENTE ALVEAR S.A. Y AUTOTRANSPORTE EL TRAPICHE S.R.L. U.T.","LINEA 462","NO","COLECTIVO","PROVINCIAL","MENDOZA","SN",461,"NO"
2026-01-17,"AUTOTRANSPORTE PRESIDENTE ALVEAR S.A. Y AUTOTRANSPORTE EL TRAPICHE S.R.L. U.T.","LINEA 463","NO","COLECTIVO","PROVINCIAL","MENDOZA","SN",508,"NO"
2026-01-17,"AUTOTRANSPORTE PRESIDENTE ALVEAR S.A. Y AUTOTRANSPORTE EL TRAPICHE S.R.L. U.T.","LINEA 464","NO","COLECTIVO","PROVINCIAL","MENDOZA","SN",1002,"NO"
2026-01-17,"AUTOTRANSPORTE PRESIDENTE ALVEAR S.A. Y AUTOTRANSPORTE EL TRAPICHE S.R.L. U.T.","LINEA 465","NO","COLECTIVO","PROVINCIAL","MENDOZA","SN",1135,"NO"
2026-01-17,"AUTOTRANSPORTE PRESIDENTE ALVEAR S.A. Y AUTOTRANSPORTE EL TRAPICHE S.R.L. U.T.","LINEA 466","NO","COLECTIVO","PROVINCIAL","MENDOZA","SN",366,"NO"
2026-01-17,"AUTOTRANSPORTE PRESIDENTE ALVEAR S.A. Y AUTOTRANSPORTE EL TRAPICHE S.R.L. U.T.","LINEA 467","NO","COLECTIVO","PROVINCIAL","MENDOZA","SN",224,"NO"
2026-01-17,"LINEA 28 DE JULIO SOCIEDAD COOPERATIVA DE TRABAJO DE TRANSPORTES LIMITADA","LINEA 4: TRELEW / RAWSON","NO","COLECTIVO","PROVINCIAL","CHUBUT","SN",303,"NO"
2026-01-17,"COOPERATIVA DE TRABAJO NUEVO EXPRESO LIMITADA","LINEA 5","NO","COLECTIVO","MUNICIPAL","ENTRE RÍOS","CONCORDIA",1962,"NO"
2026-01-17,"EL VERDE SRL","LINEA 5","NO","COLECTIVO","MUNICIPAL","ENTRE RÍOS","GUALEGUAYCHU",209,"NO"
2026-01-17,"MUNICIPALIDAD DE RAFAELA","LINEA 5","NO","COLECTIVO","MUNICIPAL","SANTA FE","RAFAELA",135,"NO"
2026-01-17,"TRANSPORTE J.M.F S.R.L.","LINEA 5","NO","COLECTIVO","MUNICIPAL","SANTIAGO DEL ESTERO","LA BANDA",78,"NO"
2026-01-17,"TRANSPORTE YERBA BUENA SRL","LINEA 5","NO","COLECTIVO","MUNICIPAL","TUCUMAN","SAN MIGUEL DE TUCUMAN",995,"NO"
2026-01-17,"TRANSPORTES ASOCIADOS S.R.L.","LINEA 5","NO","COLECTIVO","MUNICIPAL","TUCUMAN","SAN MIGUEL DE TUCUMAN",455,"NO"
2026-01-17,"EMPRESA EL QUEBRACHAL S.R.L","LINEA 50","NO","COLECTIVO","MUNICIPAL","CORDOBA","CORDOBA",3565,"NO"
2026-01-17,"NUEVA VISION TRANSPORTE Y SERVICIOS SRL","LINEA 50","NO","COLECTIVO","MUNICIPAL","NEUQUÉN","PLOTTIER",2625,"NO"
2026-01-17,"COOPERATIVA DE TRABAJO DE TRANSPORTE SAN FERNANDO LTDA","LINEA 50","NO","COLECTIVO","PROVINCIAL","CATAMARCA","SN",66,"NO"
2026-01-17,"BOTACURA S.R.L","LINEA 500","NO","COLECTIVO","MUNICIPAL","BUENOS AIRES","OLAVARRIA",101,"NO"
2026-01-17,"MAXIMILIANO BERTORELLO S.R.L.","LINEA 500","NO","COLECTIVO","MUNICIPAL","BUENOS AIRES","RAMALLO",361,"NO"
2026-01-17,"TRANSPORTE 9 DE JULIO S.A","LINEA 500","NO","COLECTIVO","MUNICIPAL","BUENOS AIRES","TANDIL",1141,"NO"
2026-01-17,"EMPRESA 501 SA","LINEA 501 A","SI","COLECTIVO","MUNICIPAL","BUENOS AIRES","ALMIRANTE BROWN",29856,"NO"
2026-01-17,"AUTOBUSES BUENOS AIRES SRL","LINEA 501","NO","COLECTIVO","MUNICIPAL","BUENOS AIRES","AZUL",22,"NO"
2026-01-17,"BOTACURA S.R.L","LINEA 501","NO","COLECTIVO","MUNICIPAL","BUENOS AIRES","OLAVARRIA",81,"NO"
2026-01-17,"TRANSPORTES CIUDAD DE TANDIL S.A.","LINEA 501","NO","COLECTIVO","MUNICIPAL","BUENOS AIRES","TANDIL",1448,"NO"
2026-01-17,"COOP. PROV. OB. Y S.P. SAN CLEMENTE DEL TUYU","LINEA 501","NO","COLECTIVO","MUNICIPAL","BUENOS AIRES","URBANO DE LA COSTA",933,"NO"
2026-01-17,"AUTOBUSES BUENOS AIRES SRL","LINEA 502","NO","COLECTIVO","MUNICIPAL","BUENOS AIRES","AZUL",146,"NO"
2026-01-17,"COOPERATIVA DE TRABAJO 3 DE JULIO LIMITADA","LINEA 502","SI","COLECTIVO","MUNICIPAL","BUENOS AIRES","CAMPANA",29,"NO"
2026-01-17,"BOTACURA S.R.L","LINEA 502","NO","COLECTIVO","MUNICIPAL","BUENOS AIRES","OLAVARRIA",67,"NO"
2026-01-17,"LA NUEVA MOVEDIZA TRANSPORTE S.A.","LINEA 502","NO","COLECTIVO","MUNICIPAL","BUENOS AIRES","TANDIL",970,"NO"
2026-01-17,"COOP.DE PROV.DE O.Y S.P.Y C.LAS TONINAS","LINEA 502","NO","COLECTIVO","MUNICIPAL","BUENOS AIRES","URBANO DE LA COSTA",2808,"NO"
2026-01-17,"LINEA SESENTA SA","LINEA 503 B","SI","COLECTIVO","MUNICIPAL","BUENOS AIRES","ESCOBAR",5573,"NO"
2026-01-17,"BOTACURA S.R.L","LINEA 503","NO","COLECTIVO","MUNICIPAL","BUENOS AIRES","OLAVARRIA",108,"NO"
2026-01-17,"TRANSPORTES GENERAL RODRIGUEZ S.A.","LINEA 503","NO","COLECTIVO","MUNICIPAL","BUENOS AIRES","TANDIL",1770,"NO"
2026-01-17,"COOP.DE ELEC.SERV.Y OB.PUB.SAN BERNARDO","LINEA 503","NO","COLECTIVO","MUNICIPAL","BUENOS AIRES","URBANO DE LA COSTA",1436,"NO"
2026-01-17,"BOTACURA S.R.L","LINEA 504","NO","COLECTIVO","MUNICIPAL","BUENOS AIRES","OLAVARRIA",72,"NO"
2026-01-17,"TRANSPORTE VILLA AGUIRRE S.A.","LINEA 504","NO","COLECTIVO","MUNICIPAL","BUENOS AIRES","TANDIL",1342,"NO"
2026-01-17,"EMPRESA MUNICIPAL DE TRANSPORTE URBANO DE PASAJEROS SOCIEDAD DEL ESTADO","LINEA 505","NO","COLECTIVO","MUNICIPAL","BUENOS AIRES","CHIVILCOY",138,"NO"
2026-01-17,"BOTACURA S.R.L","LINEA 505","NO","COLECTIVO","MUNICIPAL","BUENOS AIRES","OLAVARRIA",139,"NO"
2026-01-17,"TRANSPORTES GENERAL BELGRANO S.A","LINEA 505","NO","COLECTIVO","MUNICIPAL","BUENOS AIRES","TANDIL",1194,"NO"
2026-01-17,"EMPRESA MUNICIPAL DE TRANSPORTE URBANO DE PASAJEROS SOCIEDAD DEL ESTADO","LINEA 506","NO","COLECTIVO","MUNICIPAL","BUENOS AIRES","CHIVILCOY",171,"NO"
2026-01-17,"NUEVO BUS DE OLAVARRIA SRL","LINEA 507 ABC AVENIDA 3 - BOULEVARD","NO","COLECTIVO","MUNICIPAL","BUENOS AIRES","VILLA GESELL",2178,"NO"
2026-01-17,"NUEVO BUS DE OLAVARRIA SRL","LINEA 507 D CEMENTERIO","NO","COLECTIVO","MUNICIPAL","BUENOS AIRES","VILLA GESELL",98,"NO"
2026-01-17,"NUEVO BUS DE OLAVARRIA SRL","LINEA 507 E MAR AZUL","NO","COLECTIVO","MUNICIPAL","BUENOS AIRES","VILLA GESELL",1444,"NO"
2026-01-17,"NUEVO BUS DE OLAVARRIA SRL","LINEA 507 F DIRECTO A MAR AZUL","NO","COLECTIVO","MUNICIPAL","BUENOS AIRES","VILLA GESELL",117,"NO"
2026-01-17,"EMPRESA EL QUEBRACHAL S.R.L","LINEA 51","NO","COLECTIVO","MUNICIPAL","CORDOBA","CORDOBA",1891,"NO"
2026-01-17,"AUTOTRANSPORTES ISELIN S A","LINEA 511","NO","COLECTIVO","PROVINCIAL","MENDOZA","SN",3966,"NO"
2026-01-17,"AUTOTRANSPORTES ISELIN S A","LINEA 512","NO","COLECTIVO","PROVINCIAL","MENDOZA","SN",231,"NO"
2026-01-17,"AUTOTRANSPORTES ISELIN S A","LINEA 513","NO","COLECTIVO","PROVINCIAL","MENDOZA","SN",1280,"NO"
2026-01-17,"AUTOTRANSPORTES ISELIN S A","LINEA 514","NO","COLECTIVO","PROVINCIAL","MENDOZA","SN",765,"NO"
2026-01-17,"AUTOTRANSPORTES ISELIN S A","LINEA 515","NO","COLECTIVO","PROVINCIAL","MENDOZA","SN",466,"NO"
2026-01-17,"AUTOTRANSPORTES ISELIN S A","LINEA 516","NO","COLECTIVO","PROVINCIAL","MENDOZA","SN",65,"NO"
2026-01-17,"AUTOTRANSPORTES ISELIN S A","LINEA 517","NO","COLECTIVO","PROVINCIAL","MENDOZA","SN",113,"NO"
2026-01-17,"AUTOTRANSPORTES ISELIN S A","LINEA 518","NO","COLECTIVO","PROVINCIAL","MENDOZA","SN",222,"NO"
2026-01-17,"EMPRESA EL QUEBRACHAL S.R.L","LINEA 52","NO","COLECTIVO","MUNICIPAL","CORDOBA","CORDOBA",1327,"NO"
2026-01-17,"EVHSA SOCIEDAD ANONIMA","LINEA 520A","NO","COLECTIVO","MUNICIPAL","BUENOS AIRES","SAN PEDRO",219,"NO"
2026-01-17,"EVHSA SOCIEDAD ANONIMA","LINEA 520B","NO","COLECTIVO","MUNICIPAL","BUENOS AIRES","SAN PEDRO",157,"NO"
2026-01-17,"MICRO OMNIBUS ESTE S.A","LINEA 521 A","SI","COLECTIVO","MUNICIPAL","BUENOS AIRES","LANUS",4478,"NO"
2026-01-17,"TRANPORTE DE PASAJEROS GENERAL ROCA S.R.L","LINEA 521","NO","COLECTIVO","PROVINCIAL","MENDOZA","SN",1681,"NO"
2026-01-17,"EVHSA SOCIEDAD ANONIMA","LINEA 522","NO","COLECTIVO","MUNICIPAL","BUENOS AIRES","SAN PEDRO",107,"NO"
2026-01-17,"TRANPORTE DE PASAJEROS GENERAL ROCA S.R.L","LINEA 522","NO","COLECTIVO","PROVINCIAL","MENDOZA","SN",2732,"NO"
2026-01-17,"TRANPORTE DE PASAJEROS GENERAL ROCA S.R.L","LINEA 523","NO","COLECTIVO","PROVINCIAL","MENDOZA","SN",2640,"NO"
2026-01-17,"EVHSA SOCIEDAD ANONIMA","LINEA 524","NO","COLECTIVO","MUNICIPAL","BUENOS AIRES","SAN PEDRO",52,"NO"
2026-01-17,"TRANPORTE DE PASAJEROS GENERAL ROCA S.R.L","LINEA 524","NO","COLECTIVO","PROVINCIAL","MENDOZA","SN",147,"NO"
2026-01-17,"TRANPORTE DE PASAJEROS GENERAL ROCA S.R.L","LINEA 525","NO","COLECTIVO","PROVINCIAL","MENDOZA","SN",264,"NO"
2026-01-17,"MICRO OMNIBUS ESTE S.A","LINEA 526","SI","COLECTIVO","MUNICIPAL","BUENOS AIRES","LANUS",9352,"NO"
2026-01-17,"EMPRESA EL QUEBRACHAL S.R.L","LINEA 53","NO","COLECTIVO","MUNICIPAL","CORDOBA","CORDOBA",1564,"NO"
2026-01-17,"TRANPORTE DE PASAJEROS GENERAL ROCA S.R.L","LINEA 530","NO","COLECTIVO","PROVINCIAL","MENDOZA","SN",2079,"NO"
2026-01-17,"TRANPORTE DE PASAJEROS GENERAL ROCA S.R.L","LINEA 531","NO","COLECTIVO","PROVINCIAL","MENDOZA","SN",247,"NO"
2026-01-17,"TRANPORTE DE PASAJEROS GENERAL ROCA S.R.L","LINEA 532","NO","COLECTIVO","PROVINCIAL","MENDOZA","SN",2496,"NO"
2026-01-17,"TRANPORTE DE PASAJEROS GENERAL ROCA S.R.L","LINEA 533","NO","COLECTIVO","PROVINCIAL","MENDOZA","SN",2673,"NO"
2026-01-17,"TRANPORTE DE PASAJEROS GENERAL ROCA S.R.L","LINEA 534","NO","COLECTIVO","PROVINCIAL","MENDOZA","SN",280,"NO"
2026-01-17,"EMPRESA EL QUEBRACHAL S.R.L","LINEA 54","NO","COLECTIVO","MUNICIPAL","CORDOBA","CORDOBA",1237,"NO"
2026-01-17,"ANTONIO BUTTINI E HIJOS S R L","LINEA 541","NO","COLECTIVO","PROVINCIAL","MENDOZA","SN",16,"NO"
2026-01-17,"TRANPORTE DE PASAJEROS GENERAL ROCA S.R.L","LINEA 541","NO","COLECTIVO","PROVINCIAL","MENDOZA","SN",1348,"NO"
2026-01-17,"ANTONIO BUTTINI E HIJOS S R L","LINEA 542","NO","COLECTIVO","PROVINCIAL","MENDOZA","SN",335,"NO"
2026-01-17,"ANTONIO BUTTINI E HIJOS S R L","LINEA 543","NO","COLECTIVO","PROVINCIAL","MENDOZA","SN",75,"NO"
2026-01-17,"TRANPORTE DE PASAJEROS GENERAL ROCA S.R.L","LINEA 543","NO","COLECTIVO","PROVINCIAL","MENDOZA","SN",1212,"NO"
2026-01-17,"ANTONIO BUTTINI E HIJOS S R L","LINEA 544","NO","COLECTIVO","PROVINCIAL","MENDOZA","SN",531,"NO"
2026-01-17,"TRANPORTE DE PASAJEROS GENERAL ROCA S.R.L","LINEA 544","NO","COLECTIVO","PROVINCIAL","MENDOZA","SN",4390,"NO"
2026-01-17,"TRANPORTE DE PASAJEROS GENERAL ROCA S.R.L","LINEA 546","NO","COLECTIVO","PROVINCIAL","MENDOZA","SN",1117,"NO"
2026-01-17,"TRANPORTE DE PASAJEROS GENERAL ROCA S.R.L","LINEA 547","NO","COLECTIVO","PROVINCIAL","MENDOZA","SN",272,"NO"
2026-01-17,"ANTONIO BUTTINI E HIJOS S R L","LINEA 548","NO","COLECTIVO","PROVINCIAL","MENDOZA","SN",210,"NO"
2026-01-17,"TRANPORTE DE PASAJEROS GENERAL ROCA S.R.L","LINEA 548","NO","COLECTIVO","PROVINCIAL","MENDOZA","SN",606,"NO"
2026-01-17,"TRANPORTE DE PASAJEROS GENERAL ROCA S.R.L","LINEA 549","NO","COLECTIVO","PROVINCIAL","MENDOZA","SN",483,"NO"
2026-01-17,"COOPERATIVA DE TRABAJO DE TRANSPORTE SAN FERNANDO LTDA","LINEA 55","NO","COLECTIVO","PROVINCIAL","CATAMARCA","SN",74,"NO"
2026-01-17,"TRANPORTE DE PASAJEROS GENERAL ROCA S.R.L","LINEA 550","NO","COLECTIVO","PROVINCIAL","MENDOZA","SN",1124,"NO"
2026-01-17,"TRANPORTE DE PASAJEROS GENERAL ROCA S.R.L","LINEA 551","NO","COLECTIVO","PROVINCIAL","MENDOZA","SN",98,"NO"
2026-01-17,"TRANPORTE DE PASAJEROS GENERAL ROCA S.R.L","LINEA 552","NO","COLECTIVO","PROVINCIAL","MENDOZA","SN",330,"NO"
2026-01-17,"TRANPORTE DE PASAJEROS GENERAL ROCA S.R.L","LINEA 553","NO","COLECTIVO","PROVINCIAL","MENDOZA","SN",334,"NO"
2026-01-17,"TRANPORTE DE PASAJEROS GENERAL ROCA S.R.L","LINEA 554","NO","COLECTIVO","PROVINCIAL","MENDOZA","SN",3577,"NO"
2026-01-17,"TRANPORTE DE PASAJEROS GENERAL ROCA S.R.L","LINEA 555","NO","COLECTIVO","PROVINCIAL","MENDOZA","SN",7,"NO"
2026-01-17,"TRANPORTE DE PASAJEROS GENERAL ROCA S.R.L","LINEA 556","NO","COLECTIVO","PROVINCIAL","MENDOZA","SN",677,"NO"
2026-01-17,"TRANPORTE DE PASAJEROS GENERAL ROCA S.R.L","LINEA 558","NO","COLECTIVO","PROVINCIAL","MENDOZA","SN",352,"NO"
2026-01-17,"TRANPORTE DE PASAJEROS GENERAL ROCA S.R.L","LINEA 559","NO","COLECTIVO","PROVINCIAL","MENDOZA","SN",121,"NO"
2026-01-17,"TRANPORTE DE PASAJEROS GENERAL ROCA S.R.L","LINEA 560","NO","COLECTIVO","PROVINCIAL","MENDOZA","SN",744,"NO"
2026-01-17,"TRANPORTE DE PASAJEROS GENERAL ROCA S.R.L","LINEA 561","NO","COLECTIVO","PROVINCIAL","MENDOZA","SN",363,"NO"
2026-01-17,"TRANPORTE DE PASAJEROS GENERAL ROCA S.R.L","LINEA 563","NO","COLECTIVO","PROVINCIAL","MENDOZA","SN",1263,"NO"
2026-01-17,"TRANPORTE DE PASAJEROS GENERAL ROCA S.R.L","LINEA 564","NO","COLECTIVO","PROVINCIAL","MENDOZA","SN",90,"NO"
2026-01-17,"TRANPORTE DE PASAJEROS GENERAL ROCA S.R.L","LINEA 570","NO","COLECTIVO","PROVINCIAL","MENDOZA","SN",337,"NO"
2026-01-17,"ANTONIO BUTTINI E HIJOS S R L","LINEA 572","NO","COLECTIVO","PROVINCIAL","MENDOZA","SN",16,"NO"
2026-01-17,"ANTONIO BUTTINI E HIJOS S R L","LINEA 573","NO","COLECTIVO","PROVINCIAL","MENDOZA","SN",64,"NO"
2026-01-17,"ANTONIO BUTTINI E HIJOS S R L","LINEA 574","NO","COLECTIVO","PROVINCIAL","MENDOZA","SN",201,"NO"
2026-01-17,"ANTONIO BUTTINI E HIJOS S R L","LINEA 575","NO","COLECTIVO","PROVINCIAL","MENDOZA","SN",802,"NO"
2026-01-17,"TURISMO PALMARES S.R.L.","LINEA 6","NO","COLECTIVO","MUNICIPAL","ENTRE RÍOS","CONCORDIA",470,"NO"
2026-01-17,"ENTE MUNICIPAL DE SERVICIOS URBANOS","LINEA 6","NO","COLECTIVO","MUNICIPAL","LA PAMPA","SANTA ROSA",67,"NO"
2026-01-17,"TRANSPORTE J.M.F S.R.L.","LINEA 6","NO","COLECTIVO","MUNICIPAL","SANTIAGO DEL ESTERO","LA BANDA",1234,"NO"
2026-01-17,"EMPRESA CERRO POZO S.R.L.","LINEA 6","NO","COLECTIVO","MUNICIPAL","TUCUMAN","SAN MIGUEL DE TUCUMAN",1163,"NO"
2026-01-17,"ILLAGES S.R.L.","LINEA 6","NO","COLECTIVO","MUNICIPAL","TUCUMAN","SAN MIGUEL DE TUCUMAN",853,"NO"
2026-01-17,"PUESTO NUEVO S.R.L.","LINEA 6","NO","COLECTIVO","MUNICIPAL","TUCUMAN","SAN MIGUEL DE TUCUMAN",355,"NO"
2026-01-17,"ERSA URBANO SA","LINEA 6","NO","COLECTIVO","PROVINCIAL","ENTRE RÍOS","SN",510,"NO"
2026-01-17,"CONIFERAL S.A.","LINEA 60","NO","COLECTIVO","MUNICIPAL","CORDOBA","CORDOBA",4770,"NO"
2026-01-17,"TRANSPORTES EL PLUMERILLO S A","LINEA 600","NO","COLECTIVO","PROVINCIAL","MENDOZA","SN",5903,"NO"
2026-01-17,"EMPRESA EL QUEBRACHAL S.R.L","LINEA 601","NO","COLECTIVO","MUNICIPAL","CORDOBA","CORDOBA",416,"NO"
2026-01-17,"TRANSPORTES EL PLUMERILLO S A","LINEA 601","NO","COLECTIVO","PROVINCIAL","MENDOZA","SN",2558,"NO"
2026-01-17,"TRANSPORTES EL PLUMERILLO S A","LINEA 602","NO","COLECTIVO","PROVINCIAL","MENDOZA","SN",367,"NO"
2026-01-17,"TRANSPORTES EL PLUMERILLO S A","LINEA 604","NO","COLECTIVO","PROVINCIAL","MENDOZA","SN",796,"NO"
2026-01-17,"TRANSPORTES EL PLUMERILLO S A","LINEA 605","NO","COLECTIVO","PROVINCIAL","MENDOZA","SN",2744,"NO"
2026-01-17,"TRANSPORTES EL PLUMERILLO S A","LINEA 607","NO","COLECTIVO","PROVINCIAL","MENDOZA","SN",3584,"NO"
2026-01-17,"TRANSPORTES EL PLUMERILLO S A","LINEA 608","NO","COLECTIVO","PROVINCIAL","MENDOZA","SN",856,"NO"
2026-01-17,"CONIFERAL S.A.","LINEA 61","NO","COLECTIVO","MUNICIPAL","CORDOBA","CORDOBA",722,"NO"
2026-01-17,"TRANSPORTES EL PLUMERILLO S A","LINEA 610","NO","COLECTIVO","PROVINCIAL","MENDOZA","SN",3456,"NO"
2026-01-17,"TRANSPORTES EL PLUMERILLO S A","LINEA 611","NO","COLECTIVO","PROVINCIAL","MENDOZA","SN",3673,"NO"
2026-01-17,"TRANSPORTES EL PLUMERILLO S A","LINEA 613","NO","COLECTIVO","PROVINCIAL","MENDOZA","SN",445,"NO"
2026-01-17,"CONIFERAL S.A.","LINEA 62","NO","COLECTIVO","MUNICIPAL","CORDOBA","CORDOBA",2756,"NO"
2026-01-17,"TRANSPORTES EL PLUMERILLO S A","LINEA 620","NO","COLECTIVO","PROVINCIAL","MENDOZA","SN",711,"NO"
2026-01-17,"TRANSPORTES EL PLUMERILLO S A","LINEA 625","NO","COLECTIVO","PROVINCIAL","MENDOZA","SN",1688,"NO"
2026-01-17,"CONIFERAL S.A.","LINEA 63","NO","COLECTIVO","MUNICIPAL","CORDOBA","CORDOBA",1174,"NO"
2026-01-17,"LA VECINAL DE MATANZA SACI. DE MICROOMNIBUS","LINEA 630","SI","COLECTIVO","MUNICIPAL","BUENOS AIRES","LA MATANZA",14184,"NO"
2026-01-17,"TRANSPORTES EL PLUMERILLO S A","LINEA 630","NO","COLECTIVO","PROVINCIAL","MENDOZA","SN",4675,"NO"
2026-01-17,"CONIFERAL S.A.","LINEA 64","NO","COLECTIVO","MUNICIPAL","CORDOBA","CORDOBA",913,"NO"
2026-01-17,"TRANSPORTES EL PLUMERILLO S A","LINEA 640","NO","COLECTIVO","PROVINCIAL","MENDOZA","SN",1129,"NO"
2026-01-17,"TRANSPORTES EL PLUMERILLO S A","LINEA 645","NO","COLECTIVO","PROVINCIAL","MENDOZA","SN",854,"NO"
2026-01-17,"CONIFERAL S.A.","LINEA 65","NO","COLECTIVO","MUNICIPAL","CORDOBA","CORDOBA",2593,"NO"
2026-01-17,"TRANSPORTES EL PLUMERILLO S A","LINEA 650","NO","COLECTIVO","PROVINCIAL","MENDOZA","SN",1212,"NO"
2026-01-17,"TRANSPORTES EL PLUMERILLO S A","LINEA 651","NO","COLECTIVO","PROVINCIAL","MENDOZA","SN",403,"NO"
2026-01-17,"TRANSPORTES EL PLUMERILLO S A","LINEA 653","NO","COLECTIVO","PROVINCIAL","MENDOZA","SN",500,"NO"
2026-01-17,"CONIFERAL S.A.","LINEA 66","NO","COLECTIVO","MUNICIPAL","CORDOBA","CORDOBA",2681,"NO"
2026-01-17,"TRANSPORTES EL PLUMERILLO S A","LINEA 660","NO","COLECTIVO","PROVINCIAL","MENDOZA","SN",345,"NO"
2026-01-17,"TRANSPORTES EL PLUMERILLO S A","LINEA 661","NO","COLECTIVO","PROVINCIAL","MENDOZA","SN",306,"NO"
2026-01-17,"TRANSPORTES EL PLUMERILLO S A","LINEA 665","NO","COLECTIVO","PROVINCIAL","MENDOZA","SN",711,"NO"
2026-01-17,"CONIFERAL S.A.","LINEA 67","NO","COLECTIVO","MUNICIPAL","CORDOBA","CORDOBA",615,"NO"
2026-01-17,"TRANSPORTES EL PLUMERILLO S A","LINEA 670","NO","COLECTIVO","PROVINCIAL","MENDOZA","SN",2193,"NO"
2026-01-17,"TRANSPORTES EL PLUMERILLO S A","LINEA 675","NO","COLECTIVO","PROVINCIAL","MENDOZA","SN",350,"NO"
2026-01-17,"TRANSPORTES EL PLUMERILLO S A","LINEA 676","NO","COLECTIVO","PROVINCIAL","MENDOZA","SN",78,"NO"
2026-01-17,"CONIFERAL S.A.","LINEA 68","NO","COLECTIVO","MUNICIPAL","CORDOBA","CORDOBA",1254,"NO"
2026-01-17,"TRANSPORTES EL PLUMERILLO S A","LINEA 680","NO","COLECTIVO","PROVINCIAL","MENDOZA","SN",85,"NO"
2026-01-17,"COOPERATIVA DE TRABAJO NUEVO EXPRESO LIMITADA","LINEA 7","NO","COLECTIVO","MUNICIPAL","ENTRE RÍOS","CONCORDIA",3467,"NO"
2026-01-17,"ENTE MUNICIPAL DE SERVICIOS URBANOS","LINEA 7","NO","COLECTIVO","MUNICIPAL","LA PAMPA","SANTA ROSA",465,"NO"
2026-01-17,"EL CEIBO SRL","LINEA 7","NO","COLECTIVO","MUNICIPAL","TUCUMAN","SAN MIGUEL DE TUCUMAN",1894,"NO"
2026-01-17,"EMPRESA EL QUEBRACHAL S.R.L","LINEA 70","NO","COLECTIVO","MUNICIPAL","CORDOBA","CORDOBA",4357,"NO"
2026-01-17,"AUTOTRANSPORTES EL TRAPICHE SRL Y TRANSPORTE GENERAL BARTOLOME MITRE SRL UNION TRANSITORIA","LINEA 700","NO","COLECTIVO","PROVINCIAL","MENDOZA","SN",8057,"NO"
2026-01-17,"AUTOTRANSPORTES EL TRAPICHE SRL Y TRANSPORTE GENERAL BARTOLOME MITRE SRL UNION TRANSITORIA","LINEA 702","NO","COLECTIVO","PROVINCIAL","MENDOZA","SN",38,"NO"
2026-01-17,"AUTOTRANSPORTES EL TRAPICHE SRL Y TRANSPORTE GENERAL BARTOLOME MITRE SRL UNION TRANSITORIA","LINEA 704","NO","COLECTIVO","PROVINCIAL","MENDOZA","SN",2536,"NO"
2026-01-17,"AUTOTRANSPORTES EL TRAPICHE SRL Y TRANSPORTE GENERAL BARTOLOME MITRE SRL UNION TRANSITORIA","LINEA 705","NO","COLECTIVO","PROVINCIAL","MENDOZA","SN",1702,"NO"
2026-01-17,"AUTOTRANSPORTES EL TRAPICHE SRL Y TRANSPORTE GENERAL BARTOLOME MITRE SRL UNION TRANSITORIA","LINEA 707","NO","COLECTIVO","PROVINCIAL","MENDOZA","SN",759,"NO"
2026-01-17,"AUTOTRANSPORTES EL TRAPICHE SRL Y TRANSPORTE GENERAL BARTOLOME MITRE SRL UNION TRANSITORIA","LINEA 708","NO","COLECTIVO","PROVINCIAL","MENDOZA","SN",798,"NO"
2026-01-17,"AUTOTRANSPORTES EL TRAPICHE SRL Y TRANSPORTE GENERAL BARTOLOME MITRE SRL UNION TRANSITORIA","LINEA 709","NO","COLECTIVO","PROVINCIAL","MENDOZA","SN",83,"NO"
2026-01-17,"EMPRESA EL QUEBRACHAL S.R.L","LINEA 71","NO","COLECTIVO","MUNICIPAL","CORDOBA","CORDOBA",1194,"NO"
2026-01-17,"AUTOTRANSPORTES EL TRAPICHE SRL Y TRANSPORTE GENERAL BARTOLOME MITRE SRL UNION TRANSITORIA","LINEA 710","NO","COLECTIVO","PROVINCIAL","MENDOZA","SN",1076,"NO"
2026-01-17,"AUTOTRANSPORTES EL TRAPICHE SRL Y TRANSPORTE GENERAL BARTOLOME MITRE SRL UNION TRANSITORIA","LINEA 711","NO","COLECTIVO","PROVINCIAL","MENDOZA","SN",1031,"NO"
2026-01-17,"AUTOTRANSPORTES EL TRAPICHE SRL Y TRANSPORTE GENERAL BARTOLOME MITRE SRL UNION TRANSITORIA","LINEA 714","NO","COLECTIVO","PROVINCIAL","MENDOZA","SN",586,"NO"
2026-01-17,"EMPRESA DE TRANSPORTE PERALTA RAMOS SACI","LINEA 717","NO","COLECTIVO","MUNICIPAL","BUENOS AIRES","GENERAL PUEYRREDON",3834,"NO"
2026-01-17,"EMPRESA EL QUEBRACHAL S.R.L","LINEA 72","NO","COLECTIVO","MUNICIPAL","CORDOBA","CORDOBA",1814,"NO"
2026-01-17,"AUTOTRANSPORTES EL TRAPICHE SRL Y TRANSPORTE GENERAL BARTOLOME MITRE SRL UNION TRANSITORIA","LINEA 720","NO","COLECTIVO","PROVINCIAL","MENDOZA","SN",4866,"NO"
2026-01-17,"AUTOTRANSPORTES EL TRAPICHE SRL Y TRANSPORTE GENERAL BARTOLOME MITRE SRL UNION TRANSITORIA","LINEA 721","NO","COLECTIVO","PROVINCIAL","MENDOZA","SN",488,"NO"
2026-01-17,"UTENOR SA L 722","LINEA 722","SI","COLECTIVO","MUNICIPAL","BUENOS AIRES","TIGRE",3598,"NO"
2026-01-17,"AUTOTRANSPORTES EL TRAPICHE SRL Y TRANSPORTE GENERAL BARTOLOME MITRE SRL UNION TRANSITORIA","LINEA 722","NO","COLECTIVO","PROVINCIAL","MENDOZA","SN",1667,"NO"
2026-01-17,"AUTOTRANSPORTES EL TRAPICHE SRL Y TRANSPORTE GENERAL BARTOLOME MITRE SRL UNION TRANSITORIA","LINEA 723","NO","COLECTIVO","PROVINCIAL","MENDOZA","SN",652,"NO"
2026-01-17,"AUTOTRANSPORTES EL TRAPICHE SRL Y TRANSPORTE GENERAL BARTOLOME MITRE SRL UNION TRANSITORIA","LINEA 724","NO","COLECTIVO","PROVINCIAL","MENDOZA","SN",461,"NO"
2026-01-17,"AUTOTRANSPORTES EL TRAPICHE SRL Y TRANSPORTE GENERAL BARTOLOME MITRE SRL UNION TRANSITORIA","LINEA 729","NO","COLECTIVO","PROVINCIAL","MENDOZA","SN",146,"NO"
2026-01-17,"EMPRESA EL QUEBRACHAL S.R.L","LINEA 73","NO","COLECTIVO","MUNICIPAL","CORDOBA","CORDOBA",956,"NO"
2026-01-17,"AUTOTRANSPORTES EL TRAPICHE SRL Y TRANSPORTE GENERAL BARTOLOME MITRE SRL UNION TRANSITORIA","LINEA 730","NO","COLECTIVO","PROVINCIAL","MENDOZA","SN",347,"NO"
2026-01-17,"AUTOTRANSPORTES EL TRAPICHE SRL Y TRANSPORTE GENERAL BARTOLOME MITRE SRL UNION TRANSITORIA","LINEA 731","NO","COLECTIVO","PROVINCIAL","MENDOZA","SN",475,"NO"
2026-01-17,"AUTOTRANSPORTES EL TRAPICHE SRL Y TRANSPORTE GENERAL BARTOLOME MITRE SRL UNION TRANSITORIA","LINEA 732","NO","COLECTIVO","PROVINCIAL","MENDOZA","SN",3336,"NO"
2026-01-17,"AUTOTRANSPORTES EL TRAPICHE SRL Y TRANSPORTE GENERAL BARTOLOME MITRE SRL UNION TRANSITORIA","LINEA 733","NO","COLECTIVO","PROVINCIAL","MENDOZA","SN",1596,"NO"
2026-01-17,"AUTOTRANSPORTES EL TRAPICHE SRL Y TRANSPORTE GENERAL BARTOLOME MITRE SRL UNION TRANSITORIA","LINEA 734","NO","COLECTIVO","PROVINCIAL","MENDOZA","SN",428,"NO"
2026-01-17,"EMPRESA EL QUEBRACHAL S.R.L","LINEA 74","NO","COLECTIVO","MUNICIPAL","CORDOBA","CORDOBA",1245,"NO"
2026-01-17,"AUTOTRANSPORTES EL TRAPICHE SRL Y TRANSPORTE GENERAL BARTOLOME MITRE SRL UNION TRANSITORIA","LINEA 740","NO","COLECTIVO","PROVINCIAL","MENDOZA","SN",416,"NO"
2026-01-17,"AUTOTRANSPORTES EL TRAPICHE SRL Y TRANSPORTE GENERAL BARTOLOME MITRE SRL UNION TRANSITORIA","LINEA 749","NO","COLECTIVO","PROVINCIAL","MENDOZA","SN",6,"NO"
2026-01-17,"EMPRESA EL QUEBRACHAL S.R.L","LINEA 75","NO","COLECTIVO","MUNICIPAL","CORDOBA","CORDOBA",1583,"NO"
2026-01-17,"AUTOTRANSPORTES EL TRAPICHE SRL Y TRANSPORTE GENERAL BARTOLOME MITRE SRL UNION TRANSITORIA","LINEA 750","NO","COLECTIVO","PROVINCIAL","MENDOZA","SN",714,"NO"
2026-01-17,"AUTOTRANSPORTES EL TRAPICHE SRL Y TRANSPORTE GENERAL BARTOLOME MITRE SRL UNION TRANSITORIA","LINEA 751","NO","COLECTIVO","PROVINCIAL","MENDOZA","SN",225,"NO"
2026-01-17,"AUTOTRANSPORTES EL TRAPICHE SRL Y TRANSPORTE GENERAL BARTOLOME MITRE SRL UNION TRANSITORIA","LINEA 752","NO","COLECTIVO","PROVINCIAL","MENDOZA","SN",343,"NO"
2026-01-17,"AUTOTRANSPORTES EL TRAPICHE SRL Y TRANSPORTE GENERAL BARTOLOME MITRE SRL UNION TRANSITORIA","LINEA 753","NO","COLECTIVO","PROVINCIAL","MENDOZA","SN",164,"NO"
2026-01-17,"AUTOTRANSPORTES EL TRAPICHE SRL Y TRANSPORTE GENERAL BARTOLOME MITRE SRL UNION TRANSITORIA","LINEA 754","NO","COLECTIVO","PROVINCIAL","MENDOZA","SN",453,"NO"
2026-01-17,"EMPRESA EL QUEBRACHAL S.R.L","LINEA 76","NO","COLECTIVO","MUNICIPAL","CORDOBA","CORDOBA",141,"NO"
2026-01-17,"AUTOTRANSPORTES EL TRAPICHE SRL Y TRANSPORTE GENERAL BARTOLOME MITRE SRL UNION TRANSITORIA","LINEA 760","NO","COLECTIVO","PROVINCIAL","MENDOZA","SN",1666,"NO"
2026-01-17,"AUTOTRANSPORTES EL TRAPICHE SRL Y TRANSPORTE GENERAL BARTOLOME MITRE SRL UNION TRANSITORIA","LINEA 761","NO","COLECTIVO","PROVINCIAL","MENDOZA","SN",2499,"NO"
2026-01-17,"AUTOTRANSPORTES EL TRAPICHE SRL Y TRANSPORTE GENERAL BARTOLOME MITRE SRL UNION TRANSITORIA","LINEA 762","NO","COLECTIVO","PROVINCIAL","MENDOZA","SN",196,"NO"
2026-01-17,"AUTOTRANSPORTES EL TRAPICHE SRL Y TRANSPORTE GENERAL BARTOLOME MITRE SRL UNION TRANSITORIA","LINEA 763","NO","COLECTIVO","PROVINCIAL","MENDOZA","SN",621,"NO"
2026-01-17,"AUTOTRANSPORTES EL TRAPICHE SRL Y TRANSPORTE GENERAL BARTOLOME MITRE SRL UNION TRANSITORIA","LINEA 764","NO","COLECTIVO","PROVINCIAL","MENDOZA","SN",1077,"NO"
2026-01-17,"AUTOTRANSPORTES EL TRAPICHE SRL Y TRANSPORTE GENERAL BARTOLOME MITRE SRL UNION TRANSITORIA","LINEA 765","NO","COLECTIVO","PROVINCIAL","MENDOZA","SN",391,"NO"
2026-01-17,"AUTOTRANSPORTES EL TRAPICHE SRL Y TRANSPORTE GENERAL BARTOLOME MITRE SRL UNION TRANSITORIA","LINEA 766","NO","COLECTIVO","PROVINCIAL","MENDOZA","SN",323,"NO"
2026-01-17,"AUTOTRANSPORTES EL TRAPICHE SRL Y TRANSPORTE GENERAL BARTOLOME MITRE SRL UNION TRANSITORIA","LINEA 767","NO","COLECTIVO","PROVINCIAL","MENDOZA","SN",97,"NO"
2026-01-17,"AUTOTRANSPORTES EL TRAPICHE SRL Y TRANSPORTE GENERAL BARTOLOME MITRE SRL UNION TRANSITORIA","LINEA 770","NO","COLECTIVO","PROVINCIAL","MENDOZA","SN",506,"NO"
2026-01-17,"AUTOTRANSPORTES EL TRAPICHE SRL Y TRANSPORTE GENERAL BARTOLOME MITRE SRL UNION TRANSITORIA","LINEA 771","NO","COLECTIVO","PROVINCIAL","MENDOZA","SN",829,"NO"
2026-01-17,"AUTOTRANSPORTES EL TRAPICHE SRL Y TRANSPORTE GENERAL BARTOLOME MITRE SRL UNION TRANSITORIA","LINEA 772","NO","COLECTIVO","PROVINCIAL","MENDOZA","SN",755,"NO"
2026-01-17,"AUTOTRANSPORTES EL TRAPICHE SRL Y TRANSPORTE GENERAL BARTOLOME MITRE SRL UNION TRANSITORIA","LINEA 773","NO","COLECTIVO","PROVINCIAL","MENDOZA","SN",241,"NO"
2026-01-17,"AUTOTRANSPORTES EL TRAPICHE SRL Y TRANSPORTE GENERAL BARTOLOME MITRE SRL UNION TRANSITORIA","LINEA 774","NO","COLECTIVO","PROVINCIAL","MENDOZA","SN",62,"NO"
2026-01-17,"AUTOTRANSPORTES EL TRAPICHE SRL Y TRANSPORTE GENERAL BARTOLOME MITRE SRL UNION TRANSITORIA","LINEA 775","NO","COLECTIVO","PROVINCIAL","MENDOZA","SN",141,"NO"
2026-01-17,"AUTOTRANSPORTES EL TRAPICHE SRL Y TRANSPORTE GENERAL BARTOLOME MITRE SRL UNION TRANSITORIA","LINEA 779","NO","COLECTIVO","PROVINCIAL","MENDOZA","SN",394,"NO"
2026-01-17,"AUTOTRANSPORTES EL TRAPICHE SRL Y TRANSPORTE GENERAL BARTOLOME MITRE SRL UNION TRANSITORIA","LINEA 780","NO","COLECTIVO","PROVINCIAL","MENDOZA","SN",84,"NO"
2026-01-17,"AUTOTRANSPORTES EL TRAPICHE SRL Y TRANSPORTE GENERAL BARTOLOME MITRE SRL UNION TRANSITORIA","LINEA 781","NO","COLECTIVO","PROVINCIAL","MENDOZA","SN",88,"NO"
2026-01-17,"AUTOTRANSPORTES EL TRAPICHE SRL Y TRANSPORTE GENERAL BARTOLOME MITRE SRL UNION TRANSITORIA","LINEA 782","NO","COLECTIVO","PROVINCIAL","MENDOZA","SN",50,"NO"
2026-01-17,"AUTOTRANSPORTES EL TRAPICHE SRL Y TRANSPORTE GENERAL BARTOLOME MITRE SRL UNION TRANSITORIA","LINEA 783","NO","COLECTIVO","PROVINCIAL","MENDOZA","SN",36,"NO"
2026-01-17,"COOPERATIVA DE TRABAJO NUEVO EXPRESO LIMITADA","LINEA 8","NO","COLECTIVO","MUNICIPAL","ENTRE RÍOS","CONCORDIA",383,"NO"
2026-01-17,"ENTE MUNICIPAL DE SERVICIOS URBANOS","LINEA 8","NO","COLECTIVO","MUNICIPAL","LA PAMPA","SANTA ROSA",61,"NO"
2026-01-17,"EL RAYO BUS S.R.L.","LINEA 8","NO","COLECTIVO","MUNICIPAL","TUCUMAN","SAN MIGUEL DE TUCUMAN",1359,"NO"
2026-01-17,"TRANSPORTES RIO GRANDE S.A.C.I.F.","LINEA 8","SI","COLECTIVO","NACIONAL","JN","SD",27416,"NO"
2026-01-17,"RISSMA S.R.L","LINEA 80","NO","COLECTIVO","MUNICIPAL","CORDOBA","CORDOBA",1666,"NO"
2026-01-17,"EMPRESA MAIPU S.R.L","LINEA 801","NO","COLECTIVO","PROVINCIAL","MENDOZA","SN",211,"NO"
2026-01-17,"EMPRESA MAIPU S.R.L","LINEA 802","NO","COLECTIVO","PROVINCIAL","MENDOZA","SN",62,"NO"
2026-01-17,"EMPRESA MAIPU S.R.L","LINEA 803","NO","COLECTIVO","PROVINCIAL","MENDOZA","SN",68,"NO"
2026-01-17,"EMPRESA MAIPU S.R.L","LINEA 804","NO","COLECTIVO","PROVINCIAL","MENDOZA","SN",574,"NO"
2026-01-17,"RISSMA S.R.L","LINEA 81","NO","COLECTIVO","MUNICIPAL","CORDOBA","CORDOBA",2823,"NO"
2026-01-17,"EMPRESA MAIPU S.R.L","LINEA 810","NO","COLECTIVO","PROVINCIAL","MENDOZA","SN",2024,"NO"
2026-01-17,"EMPRESA MAIPU S.R.L","LINEA 811","NO","COLECTIVO","PROVINCIAL","MENDOZA","SN",2087,"NO"
2026-01-17,"EMPRESA MAIPU S.R.L","LINEA 812","NO","COLECTIVO","PROVINCIAL","MENDOZA","SN",2089,"NO"
2026-01-17,"EMPRESA MAIPU S.R.L","LINEA 813","NO","COLECTIVO","PROVINCIAL","MENDOZA","SN",2114,"NO"
2026-01-17,"EMPRESA MAIPU S.R.L","LINEA 815","NO","COLECTIVO","PROVINCIAL","MENDOZA","SN",303,"NO"
2026-01-17,"EMPRESA MAIPU S.R.L","LINEA 817","NO","COLECTIVO","PROVINCIAL","MENDOZA","SN",307,"NO"
2026-01-17,"EMPRESA MAIPU S.R.L","LINEA 818","NO","COLECTIVO","PROVINCIAL","MENDOZA","SN",129,"NO"
2026-01-17,"RISSMA S.R.L","LINEA 82","NO","COLECTIVO","MUNICIPAL","CORDOBA","CORDOBA",2200,"NO"
2026-01-17,"EMPRESA MAIPU S.R.L","LINEA 820","NO","COLECTIVO","PROVINCIAL","MENDOZA","SN",5240,"NO"
2026-01-17,"EMPRESA MAIPU S.R.L","LINEA 821","NO","COLECTIVO","PROVINCIAL","MENDOZA","SN",225,"NO"
2026-01-17,"EMPRESA MAIPU S.R.L","LINEA 823","NO","COLECTIVO","PROVINCIAL","MENDOZA","SN",327,"NO"
2026-01-17,"EMPRESA MAIPU S.R.L","LINEA 824","NO","COLECTIVO","PROVINCIAL","MENDOZA","SN",5979,"NO"
2026-01-17,"RISSMA S.R.L","LINEA 83","NO","COLECTIVO","MUNICIPAL","CORDOBA","CORDOBA",1207,"NO"
2026-01-17,"EMPRESA MAIPU S.R.L","LINEA 830","NO","COLECTIVO","PROVINCIAL","MENDOZA","SN",1884,"NO"
2026-01-17,"RISSMA S.R.L","LINEA 84","NO","COLECTIVO","MUNICIPAL","CORDOBA","CORDOBA",1043,"NO"
2026-01-17,"EMPRESA MAIPU S.R.L","LINEA 840","NO","COLECTIVO","PROVINCIAL","MENDOZA","SN",1911,"NO"
2026-01-17,"RISSMA S.R.L","LINEA 85","NO","COLECTIVO","MUNICIPAL","CORDOBA","CORDOBA",1209,"NO"
2026-01-17,"EMPRESA MAIPU S.R.L","LINEA 850","NO","COLECTIVO","PROVINCIAL","MENDOZA","SN",435,"NO"
2026-01-17,"EMPRESA MAIPU S.R.L","LINEA 852","NO","COLECTIVO","PROVINCIAL","MENDOZA","SN",140,"NO"
2026-01-17,"EMPRESA MAIPU S.R.L","LINEA 854","NO","COLECTIVO","PROVINCIAL","MENDOZA","SN",350,"NO"
2026-01-17,"EMPRESA MAIPU S.R.L","LINEA 855","NO","COLECTIVO","PROVINCIAL","MENDOZA","SN",356,"NO"
2026-01-17,"EMPRESA MAIPU S.R.L","LINEA 857","NO","COLECTIVO","PROVINCIAL","MENDOZA","SN",713,"NO"
2026-01-17,"EMPRESA MAIPU S.R.L","LINEA 860","NO","COLECTIVO","PROVINCIAL","MENDOZA","SN",365,"NO"
2026-01-17,"EMPRESA MAIPU S.R.L","LINEA 861","NO","COLECTIVO","PROVINCIAL","MENDOZA","SN",337,"NO"
2026-01-17,"EMPRESA MAIPU S.R.L","LINEA 863","NO","COLECTIVO","PROVINCIAL","MENDOZA","SN",77,"NO"
2026-01-17,"EMPRESA MAIPU S.R.L","LINEA 864","NO","COLECTIVO","PROVINCIAL","MENDOZA","SN",234,"NO"
2026-01-17,"EMPRESA MAIPU S.R.L","LINEA 865","NO","COLECTIVO","PROVINCIAL","MENDOZA","SN",1122,"NO"
2026-01-17,"EMPRESA MAIPU S.R.L","LINEA 866","NO","COLECTIVO","PROVINCIAL","MENDOZA","SN",973,"NO"
2026-01-17,"EMPRESA MAIPU S.R.L","LINEA 867","NO","COLECTIVO","PROVINCIAL","MENDOZA","SN",79,"NO"
2026-01-17,"EMPRESA MAIPU S.R.L","LINEA 869","NO","COLECTIVO","PROVINCIAL","MENDOZA","SN",35,"NO"
2026-01-17,"EMPRESA MAIPU S.R.L","LINEA 870","NO","COLECTIVO","PROVINCIAL","MENDOZA","SN",347,"NO"
2026-01-17,"EMPRESA MAIPU S.R.L","LINEA 871","NO","COLECTIVO","PROVINCIAL","MENDOZA","SN",395,"NO"
2026-01-17,"EMPRESA MAIPU S.R.L","LINEA 872","NO","COLECTIVO","PROVINCIAL","MENDOZA","SN",366,"NO"
2026-01-17,"EMPRESA MAIPU S.R.L","LINEA 880","NO","COLECTIVO","PROVINCIAL","MENDOZA","SN",310,"NO"
2026-01-17,"EMPRESA MAIPU S.R.L","LINEA 881","NO","COLECTIVO","PROVINCIAL","MENDOZA","SN",258,"NO"
2026-01-17,"EMPRESA MAIPU S.R.L","LINEA 896","NO","COLECTIVO","PROVINCIAL","MENDOZA","SN",179,"NO"
2026-01-17,"COOPERATIVA DE TRABAJO ""12 DE OCTUBRE"" LTADA","LINEA 9","NO","COLECTIVO","MUNICIPAL","ENTRE RÍOS","CONCORDIA",271,"NO"
2026-01-17,"COOPERATIVA DE TRABAJO NUEVO EXPRESO LIMITADA","LINEA 9","NO","COLECTIVO","MUNICIPAL","ENTRE RÍOS","CONCORDIA",396,"NO"
2026-01-17,"TURISMO PALMARES S.R.L.","LINEA 9","NO","COLECTIVO","MUNICIPAL","ENTRE RÍOS","CONCORDIA",367,"NO"
2026-01-17,"GENERAL BELGRANO SRL","LINEA 9","NO","COLECTIVO","MUNICIPAL","TUCUMAN","SAN MIGUEL DE TUCUMAN",1431,"NO"
2026-01-17,"EL CACIQUE SA","LINEA 900","NO","COLECTIVO","PROVINCIAL","MENDOZA","SN",3382,"NO"
2026-01-17,"ERSA URBANO SA","LINEA 904","NO","COLECTIVO","NACIONAL","JN","SD",2815,"NO"
2026-01-17,"EL CACIQUE SA","LINEA 905","NO","COLECTIVO","PROVINCIAL","MENDOZA","SN",1924,"NO"
2026-01-17,"EMPRESA CEFERINO SOCIEDAD ANONIMA","LINEA 908","NO","COLECTIVO","NACIONAL","JN","SD",1106,"NO"
2026-01-17,"EL CACIQUE SA","LINEA 910","NO","COLECTIVO","PROVINCIAL","MENDOZA","SN",2435,"NO"
2026-01-17,"PEHUENCHE S A","LINEA 911 RIO NEGRO","NO","COLECTIVO","NACIONAL","JN","SD",3406,"NO"
2026-01-17,"EL CACIQUE SA","LINEA 911","NO","COLECTIVO","PROVINCIAL","MENDOZA","SN",1802,"NO"
2026-01-17,"EMPRESA RIO URUGUAY SRL","LINEA 912","NO","COLECTIVO","NACIONAL","JN","SD",28,"NO"
2026-01-17,"EL CACIQUE SA","LINEA 912","NO","COLECTIVO","PROVINCIAL","MENDOZA","SN",1590,"NO"
2026-01-17,"EMPRESA DE TRANSPORTE DE PASAJEROS KO KO SRL","LINEA 914","NO","COLECTIVO","NACIONAL","JN","SD",8414,"NO"
2026-01-17,"EL CACIQUE SA","LINEA 914","NO","COLECTIVO","PROVINCIAL","MENDOZA","SN",1237,"NO"
2026-01-17,"EL CACIQUE SA","LINEA 915","NO","COLECTIVO","PROVINCIAL","MENDOZA","SN",1339,"NO"
2026-01-17,"SOCSA S.R.L.","LINEA 916","NO","COLECTIVO","NACIONAL","JN","SD",159,"NO"
2026-01-17,"EL CACIQUE SA","LINEA 920","NO","COLECTIVO","PROVINCIAL","MENDOZA","SN",1287,"NO"
2026-01-17,"EL CACIQUE SA","LINEA 921","NO","COLECTIVO","PROVINCIAL","MENDOZA","SN",715,"NO"
2026-01-17,"EL CACIQUE SA","LINEA 925","NO","COLECTIVO","PROVINCIAL","MENDOZA","SN",2327,"NO"
2026-01-17,"EL CACIQUE SA","LINEA 927","NO","COLECTIVO","PROVINCIAL","MENDOZA","SN",712,"NO"
2026-01-17,"EL CACIQUE SA","LINEA 928","NO","COLECTIVO","PROVINCIAL","MENDOZA","SN",579,"NO"
2026-01-17,"EL CACIQUE SA","LINEA 930","NO","COLECTIVO","PROVINCIAL","MENDOZA","SN",299,"NO"
2026-01-17,"EL CACIQUE SA","LINEA 931","NO","COLECTIVO","PROVINCIAL","MENDOZA","SN",587,"NO"
2026-01-17,"EL CACIQUE SA","LINEA 932","NO","COLECTIVO","PROVINCIAL","MENDOZA","SN",700,"NO"
2026-01-17,"EL CACIQUE SA","LINEA 940","NO","COLECTIVO","PROVINCIAL","MENDOZA","SN",1276,"NO"
2026-01-17,"EL CACIQUE SA","LINEA 941","NO","COLECTIVO","PROVINCIAL","MENDOZA","SN",1401,"NO"
2026-01-17,"EL CACIQUE SA","LINEA 942","NO","COLECTIVO","PROVINCIAL","MENDOZA","SN",1755,"NO"
2026-01-17,"EL CACIQUE SA","LINEA 943","NO","COLECTIVO","PROVINCIAL","MENDOZA","SN",2068,"NO"
2026-01-17,"EL CACIQUE SA","LINEA 945","NO","COLECTIVO","PROVINCIAL","MENDOZA","SN",1286,"NO"
2026-01-17,"EL CACIQUE SA","LINEA 946","NO","COLECTIVO","PROVINCIAL","MENDOZA","SN",1416,"NO"
2026-01-17,"EL CACIQUE SA","LINEA 947","NO","COLECTIVO","PROVINCIAL","MENDOZA","SN",441,"NO"
2026-01-17,"EL CACIQUE SA","LINEA 950","NO","COLECTIVO","PROVINCIAL","MENDOZA","SN",1262,"NO"
2026-01-17,"EL CACIQUE SA","LINEA 951","NO","COLECTIVO","PROVINCIAL","MENDOZA","SN",1253,"NO"
2026-01-17,"EL CACIQUE SA","LINEA 955","NO","COLECTIVO","PROVINCIAL","MENDOZA","SN",98,"NO"
2026-01-17,"EL CACIQUE SA","LINEA 970","NO","COLECTIVO","PROVINCIAL","MENDOZA","SN",392,"NO"
2026-01-17,"MAR Y VALLE S.R.L.","LINEA A PUERTO MADRYN","NO","COLECTIVO","PROVINCIAL","CHUBUT","SN",562,"NO"
2026-01-17,"TAMSE","LINEA A","NO","COLECTIVO","MUNICIPAL","CORDOBA","CORDOBA",584,"NO"
2026-01-17,"TRANSPORTE SAN JOSE SA","LINEA A","NO","COLECTIVO","MUNICIPAL","ENTRE RÍOS","PARANA",111,"NO"
2026-01-17,"MUNICIPALIDAD DE LA CIUDAD DE FORMOSA","LINEA A","NO","COLECTIVO","MUNICIPAL","FORMOSA","FORMOSA",838,"NO"
2026-01-17,"TRANSPORTE CITYBUS TIERRA DEL FUEGO S.R.L","LINEA A","NO","COLECTIVO","MUNICIPAL","SANTA CRUZ","RIO GALLEGOS",109,"NO"
2026-01-17,"ANGUS CATERING S.R.L","LINEA A","NO","COLECTIVO","MUNICIPAL","TIERRA DEL FUEGO","RIO GRANDE",1890,"NO"
2026-01-17,"TAMSE","LINEA A1","NO","COLECTIVO","MUNICIPAL","CORDOBA","CORDOBA",1635,"NO"
2026-01-17,"TAMSE","LINEA B","NO","COLECTIVO","MUNICIPAL","CORDOBA","CORDOBA",1412,"NO"
2026-01-17,"TRANSPORTE SAN JOSE SA","LINEA B","NO","COLECTIVO","MUNICIPAL","ENTRE RÍOS","PARANA",190,"NO"
2026-01-17,"TRANSPORTE CITYBUS TIERRA DEL FUEGO S.R.L","LINEA B","NO","COLECTIVO","MUNICIPAL","SANTA CRUZ","RIO GALLEGOS",789,"NO"
2026-01-17,"ANGUS CATERING S.R.L","LINEA B","NO","COLECTIVO","MUNICIPAL","TIERRA DEL FUEGO","RIO GRANDE",939,"NO"
2026-01-17,"TAMSE","LINEA B1","NO","COLECTIVO","MUNICIPAL","CORDOBA","CORDOBA",2719,"NO"
2026-01-17,"CONIFERAL S.A.","LINEA B60","NO","COLECTIVO","MUNICIPAL","CORDOBA","CORDOBA",87,"NO"
2026-01-17,"RISSMA S.R.L","LINEA B80","NO","COLECTIVO","MUNICIPAL","CORDOBA","CORDOBA",5,"NO"
2026-01-17,"TAMSE","LINEA C","NO","COLECTIVO","MUNICIPAL","CORDOBA","CORDOBA",1012,"NO"
2026-01-17,"TRANSPORTE SAN JOSE SA","LINEA C","NO","COLECTIVO","MUNICIPAL","ENTRE RÍOS","PARANA",203,"NO"
2026-01-17,"MUNICIPALIDAD DE LA CIUDAD DE FORMOSA","LINEA C","NO","COLECTIVO","MUNICIPAL","FORMOSA","FORMOSA",562,"NO"
2026-01-17,"TRANSPORTE CITYBUS TIERRA DEL FUEGO S.R.L","LINEA C","NO","COLECTIVO","MUNICIPAL","SANTA CRUZ","RIO GALLEGOS",374,"NO"
2026-01-17,"ANGUS CATERING S.R.L","LINEA C","NO","COLECTIVO","MUNICIPAL","TIERRA DEL FUEGO","RIO GRANDE",1456,"NO"
2026-01-17,"TAMSE","LINEA C1","NO","COLECTIVO","MUNICIPAL","CORDOBA","CORDOBA",3331,"NO"
2026-01-17,"TAMSE","LINEA C2","NO","COLECTIVO","MUNICIPAL","CORDOBA","CORDOBA",95,"NO"
2026-01-17,"TRANSPORTE SAN JOSE SA","LINEA D","NO","COLECTIVO","MUNICIPAL","ENTRE RÍOS","PARANA",990,"NO"
2026-01-17,"MUNICIPALIDAD DE LA CIUDAD DE FORMOSA","LINEA D","NO","COLECTIVO","MUNICIPAL","FORMOSA","FORMOSA",1055,"NO"
2026-01-17,"TRANSPORTE CITYBUS TIERRA DEL FUEGO S.R.L","LINEA D","NO","COLECTIVO","MUNICIPAL","SANTA CRUZ","RIO GALLEGOS",27,"NO"
2026-01-17,"ANGUS CATERING S.R.L","LINEA D","NO","COLECTIVO","MUNICIPAL","TIERRA DEL FUEGO","RIO GRANDE",171,"NO"
2026-01-17,"TRANSPORTE SAN JOSE SA","LINEA E","NO","COLECTIVO","MUNICIPAL","ENTRE RÍOS","PARANA",148,"NO"
2026-01-17,"TRANSPORTE CITYBUS TIERRA DEL FUEGO S.R.L","LINEA E","NO","COLECTIVO","MUNICIPAL","SANTA CRUZ","RIO GALLEGOS",1288,"NO"
2026-01-17,"ANGUS CATERING S.R.L","LINEA E","NO","COLECTIVO","MUNICIPAL","TIERRA DEL FUEGO","RIO GRANDE",121,"NO"
2026-01-17,"TRANSPORTE SAN JOSE SA","LINEA F","NO","COLECTIVO","MUNICIPAL","ENTRE RÍOS","PARANA",1375,"NO"
2026-01-17,"MUNICIPALIDAD DE LA CIUDAD DE FORMOSA","LINEA F","NO","COLECTIVO","MUNICIPAL","FORMOSA","FORMOSA",833,"NO"
2026-01-17,"TRANSPORTE SAN JOSE SA","LINEA G","NO","COLECTIVO","MUNICIPAL","ENTRE RÍOS","PARANA",748,"NO"
2026-01-17,"MUNICIPALIDAD DE LA CIUDAD DE FORMOSA","LINEA G","NO","COLECTIVO","MUNICIPAL","FORMOSA","FORMOSA",1880,"NO"
2026-01-17,"TRANSPORTE SAN JOSE SA","LINEA H","NO","COLECTIVO","MUNICIPAL","ENTRE RÍOS","PARANA",194,"NO"
2026-01-17,"MUNICIPALIDAD DE LA CIUDAD DE FORMOSA","LINEA H","NO","COLECTIVO","MUNICIPAL","FORMOSA","FORMOSA",735,"NO"
2026-01-17,"TRANSPORTES 8 DE OCTUBRE S.A.","LINEA INICIAL","NO","COLECTIVO","MUNICIPAL","BUENOS AIRES","JUNIN",973,"NO"
2026-01-17,"MUNICIPALIDAD DE LA CIUDAD DE FORMOSA","LINEA K","NO","COLECTIVO","MUNICIPAL","FORMOSA","FORMOSA",1077,"NO"
2026-01-17,"TRANSPORTE SAN JOSE SA","LINEA L","NO","COLECTIVO","MUNICIPAL","ENTRE RÍOS","PARANA",497,"NO"
2026-01-17,"MUNICIPALIDAD DE LA CIUDAD DE FORMOSA","LINEA L","NO","COLECTIVO","MUNICIPAL","FORMOSA","FORMOSA",854,"NO"
2026-01-17,"TRANSP. COMARCAL S.R.L.","LINEA LAGO PUELO / EL MAITEN","NO","COLECTIVO","PROVINCIAL","CHUBUT","SN",4,"NO"
2026-01-17,"TRANSPORTE SAN JOSE SA","LINEA M","NO","COLECTIVO","MUNICIPAL","ENTRE RÍOS","PARANA",81,"NO"
2026-01-17,"EMPRESA NUEVE DE JULIO S.A.T.","LINEA OESTE","SI","COLECTIVO","MUNICIPAL","BUENOS AIRES","LA PLATA",22105,"NO"
2026-01-17,"TRANSPORTE SAN JOSE SA","LINEA P","NO","COLECTIVO","MUNICIPAL","ENTRE RÍOS","PARANA",247,"NO"
2026-01-17,"TRANSP. COMARCAL S.R.L.","LINEA PARALELO 42 / CHOLILA","NO","COLECTIVO","PROVINCIAL","CHUBUT","SN",8,"NO"
2026-01-17,"TRANSP. COMARCAL S.R.L.","LINEA PARALELO 42 / EL HOYO","NO","COLECTIVO","PROVINCIAL","CHUBUT","SN",44,"NO"
2026-01-17,"TRANSP. COMARCAL S.R.L.","LINEA PARALELO 42 / EPUYEN","NO","COLECTIVO","PROVINCIAL","CHUBUT","SN",67,"NO"
2026-01-17,"EXPRESSO RADA TILLY S.R.L.","LINEA RADA TILLY / COMODORO RIVADAV","NO","COLECTIVO","PROVINCIAL","CHUBUT","SN",799,"NO"
2026-01-17,"ZARATE TRANSPORTE S.A.P.E.M.","LINEA RZ-1","SI","COLECTIVO","MUNICIPAL","BUENOS AIRES","ZARATE",119,"NO"
2026-01-17,"ZARATE TRANSPORTE S.A.P.E.M.","LINEA RZ-10","SI","COLECTIVO","MUNICIPAL","BUENOS AIRES","ZARATE",754,"NO"
2026-01-17,"ZARATE TRANSPORTE S.A.P.E.M.","LINEA RZ-11","SI","COLECTIVO","MUNICIPAL","BUENOS AIRES","ZARATE",1330,"NO"
2026-01-17,"ZARATE TRANSPORTE S.A.P.E.M.","LINEA RZ-2","SI","COLECTIVO","MUNICIPAL","BUENOS AIRES","ZARATE",688,"NO"
2026-01-17,"ZARATE TRANSPORTE S.A.P.E.M.","LINEA RZ-3","SI","COLECTIVO","MUNICIPAL","BUENOS AIRES","ZARATE",1409,"NO"
2026-01-17,"ZARATE TRANSPORTE S.A.P.E.M.","LINEA RZ-7","SI","COLECTIVO","MUNICIPAL","BUENOS AIRES","ZARATE",128,"NO"
2026-01-17,"ZARATE TRANSPORTE S.A.P.E.M.","LINEA RZ-8","SI","COLECTIVO","MUNICIPAL","BUENOS AIRES","ZARATE",580,"NO"
2026-01-17,"TAMSE","LINEA SERVICIO ESPECIAL AEROPUERTO","NO","COLECTIVO","MUNICIPAL","CORDOBA","CORDOBA",220,"NO"
2026-01-17,"EMOVA MOVILIDAD S.A. (ex MTV)","LINEA SUBTE C","SI","SUBTE",,,,35681,"NO"
2026-01-17,"EMOVA MOVILIDAD S.A. (ex MTV)","LINEA SUBTE D","SI","SUBTE",,,,29080,"NO"
2026-01-17,"EMOVA MOVILIDAD S.A. (ex MTV)","LINEA SUBTE E","SI","SUBTE",,,,15723,"NO"
2026-01-17,"EMOVA MOVILIDAD S.A. (ex MTV)","LINEA SUBTE H","SI","SUBTE",,,,21309,"NO"
2026-01-17,"TOBARES DE BOSIO DANIELA","LINEA TERMINAL-LOS ANGELES","NO","COLECTIVO","PROVINCIAL","CATAMARCA","SN",3,"NO"
2026-01-17,"EMPRESA EL QUEBRACHAL S.R.L","LINEA600","NO","COLECTIVO","MUNICIPAL","CORDOBA","CORDOBA",453,"NO"
2026-01-17,"TRANSPORTE EL 22 SRL","LINEA_001","NO","COLECTIVO","MUNICIPAL","CHUBUT","TRELEW",1882,"NO"
2026-01-17,"PATAGONIA ARGENTINA S.R.L.","LINEA_001_CHT","NO","COLECTIVO","MUNICIPAL","CHUBUT","COMODORO RIVADAVIA",3387,"NO"
2026-01-17,"TRANSPORTE SAN JORGE S.A.","LINEA_001_JUJ","NO","COLECTIVO","MUNICIPAL","JUJUY","SAN SALVADOR DE JUJUY",4888,"NO"
2026-01-17,"EXPRESO COLONIA SA","LINEA_001_NQN","NO","COLECTIVO","MUNICIPAL","NEUQUÉN","SAN MARTIN DE LOS ANDES",2511,"NO"
2026-01-17,"LA NUEVA PERLA SRL","LINEA_001_PERG","NO","COLECTIVO","MUNICIPAL","BUENOS AIRES","PERGAMINO",311,"NO"
2026-01-17,"COOPERATIVA REGIONAL DE ELECTRICIDAD DE OBRAS Y OTROS SERVICIOS DE GRAL PICO (CORPICO LTDA)","LINEA_001_PMP","NO","COLECTIVO","MUNICIPAL","LA PAMPA","GENERAL PICO",205,"NO"
2026-01-17,"ERSA URBANO SA","LINEA_001_SFE","NO","COLECTIVO","MUNICIPAL","SANTA FE","SANTA FE",2570,"NO"
2026-01-17,"EMPRESA VERCELLI HNOS S A C I F A E I","LINEA_001_SN","NO","COLECTIVO","MUNICIPAL","BUENOS AIRES","SAN NICOLAS DE LOS ARROYOS",540,"NO"
2026-01-17,"MUNICIPALIDAD DE VENADO TUERTO","LINEA_001_VTSFE","NO","COLECTIVO","MUNICIPAL","SANTA FE","VENADO TUERTO",144,"NO"
2026-01-17,"TRANSPORTE EL 22 SRL","LINEA_002","NO","COLECTIVO","MUNICIPAL","CHUBUT","TRELEW",1832,"NO"
2026-01-17,"ERSA URBANO S.A UNION TRANSITORIA","LINEA_002","NO","COLECTIVO","PROVINCIAL","CHACO","SN",372,"NO"
2026-01-17,"PATAGONIA ARGENTINA S.R.L.","LINEA_002_CHT","NO","COLECTIVO","MUNICIPAL","CHUBUT","COMODORO RIVADAVIA",1974,"NO"
2026-01-17,"EXPRESO COLONIA SA","LINEA_002_NQN","NO","COLECTIVO","MUNICIPAL","NEUQUÉN","SAN MARTIN DE LOS ANDES",406,"NO"
2026-01-17,"LA NUEVA PERLA SRL","LINEA_002_PERG","NO","COLECTIVO","MUNICIPAL","BUENOS AIRES","PERGAMINO",68,"NO"
2026-01-17,"COOPERATIVA REGIONAL DE ELECTRICIDAD DE OBRAS Y OTROS SERVICIOS DE GRAL PICO (CORPICO LTDA)","LINEA_002_PMP","NO","COLECTIVO","MUNICIPAL","LA PAMPA","GENERAL PICO",190,"NO"
2026-01-17,"ERSA URBANO SA","LINEA_002_SFE","NO","COLECTIVO","MUNICIPAL","SANTA FE","SANTA FE",1611,"NO"
2026-01-17,"EMPRESA MAYO SRL","LINEA_002_SJUAN","NO","COLECTIVO","PROVINCIAL","SAN JUAN","SN",1990,"NO"
2026-01-17,"EMPRESA VERCELLI HNOS S A C I F A E I","LINEA_002_SN","NO","COLECTIVO","MUNICIPAL","BUENOS AIRES","SAN NICOLAS DE LOS ARROYOS",765,"NO"
2026-01-17,"MUNICIPALIDAD DE VENADO TUERTO","LINEA_002_VTSFE","NO","COLECTIVO","MUNICIPAL","SANTA FE","VENADO TUERTO",47,"NO"
2026-01-17,"TIRO FEDERAL RESISTENCIA SRL- LA CORDIAL SRL- MICROBUS SRL. U.T.E","LINEA_003","NO","COLECTIVO","PROVINCIAL","CHACO","SN",594,"NO"
2026-01-17,"PATAGONIA ARGENTINA S.R.L.","LINEA_003_CHT","NO","COLECTIVO","MUNICIPAL","CHUBUT","COMODORO RIVADAVIA",3521,"NO"
2026-01-17,"TRANSPORTE EL 22 SRL","LINEA_003_CHT","NO","COLECTIVO","MUNICIPAL","CHUBUT","TRELEW",1232,"NO"
2026-01-17,"TRANSPORTE SAN JORGE S.A.","LINEA_003_JUJ","NO","COLECTIVO","MUNICIPAL","JUJUY","SAN SALVADOR DE JUJUY",918,"NO"
2026-01-17,"EXPRESO COLONIA SA","LINEA_003_NQN","NO","COLECTIVO","MUNICIPAL","NEUQUÉN","SAN MARTIN DE LOS ANDES",302,"NO"
2026-01-17,"ERSA URBANO SA","LINEA_003_SFE","NO","COLECTIVO","MUNICIPAL","SANTA FE","SANTA FE",1916,"NO"
2026-01-17,"TRANSPORTE DE PASAJEROS EL TRIUNFO SA","LINEA_003_SJUAN","NO","COLECTIVO","PROVINCIAL","SAN JUAN","SN",1994,"NO"
2026-01-17,"EMPRESA VERCELLI HNOS S A C I F A E I","LINEA_003_SN","NO","COLECTIVO","MUNICIPAL","BUENOS AIRES","SAN NICOLAS DE LOS ARROYOS",326,"NO"
2026-01-17,"MUNICIPALIDAD DE VENADO TUERTO","LINEA_003_VTSFE","NO","COLECTIVO","MUNICIPAL","SANTA FE","VENADO TUERTO",124,"NO"
2026-01-17,"PATAGONIA ARGENTINA S.R.L.","LINEA_004_CHT","NO","COLECTIVO","MUNICIPAL","CHUBUT","COMODORO RIVADAVIA",2782,"NO"
2026-01-17,"TRANSPORTE EL 22 SRL","LINEA_004_CHT","NO","COLECTIVO","MUNICIPAL","CHUBUT","TRELEW",1210,"NO"
2026-01-17,"COOPERATIVA DE TRABAJO UNION BUS LIMITADA","LINEA_004_JUJ","NO","COLECTIVO","MUNICIPAL","JUJUY","SAN SALVADOR DE JUJUY",1877,"NO"
2026-01-17,"EXPRESO COLONIA SA","LINEA_004_NQN","NO","COLECTIVO","MUNICIPAL","NEUQUÉN","SAN MARTIN DE LOS ANDES",419,"NO"
2026-01-17,"AUTOBUSES SANTA FE S.R.L","LINEA_004_SFE","NO","COLECTIVO","MUNICIPAL","SANTA FE","SANTA FE",1460,"NO"
2026-01-17,"EMPRESA DE TRANSPORTES ALBARDON SRL","LINEA_004_SJUAN","NO","COLECTIVO","PROVINCIAL","SAN JUAN","SN",3856,"NO"
2026-01-17,"EMPRESA VERCELLI HNOS S A C I F A E I","LINEA_004_SN","NO","COLECTIVO","MUNICIPAL","BUENOS AIRES","SAN NICOLAS DE LOS ARROYOS",1126,"NO"
2026-01-17,"MUNICIPALIDAD DE VENADO TUERTO","LINEA_004_VTSFE","NO","COLECTIVO","MUNICIPAL","SANTA FE","VENADO TUERTO",119,"NO"
2026-01-17,"TRANSPORTE EL 22 SRL","LINEA_005","NO","COLECTIVO","MUNICIPAL","CHUBUT","TRELEW",1061,"NO"
2026-01-17,"SAN FERNANDO URBANOS SRL","LINEA_005","NO","COLECTIVO","PROVINCIAL","CHACO","SN",2073,"NO"
2026-01-17,"PATAGONIA ARGENTINA S.R.L.","LINEA_005_CHT","NO","COLECTIVO","MUNICIPAL","CHUBUT","COMODORO RIVADAVIA",2071,"NO"
2026-01-17,"TRANSPORTES AUTOMOTORES COLON SRL","LINEA_005_JU","NO","COLECTIVO","MUNICIPAL","JUJUY","SAN SALVADOR DE JUJUY",823,"NO"
2026-01-17,"EXPRESO COLONIA SA","LINEA_005_NQN","NO","COLECTIVO","MUNICIPAL","NEUQUÉN","SAN MARTIN DE LOS ANDES",269,"NO"
2026-01-17,"EMPRESA RECREO S R L","LINEA_005_SFE","NO","COLECTIVO","MUNICIPAL","SANTA FE","SANTA FE",5434,"NO"
2026-01-17,"EMPRESA VERCELLI HNOS S A C I F A E I","LINEA_005_SN","NO","COLECTIVO","MUNICIPAL","BUENOS AIRES","SAN NICOLAS DE LOS ARROYOS",718,"NO"
2026-01-17,"EMPRESA VERCELLI HNOS S A C I F A E I","LINEA_006_SN","NO","COLECTIVO","MUNICIPAL","BUENOS AIRES","SAN NICOLAS DE LOS ARROYOS",140,"NO"
2026-01-17,"PATAGONIA ARGENTINA S.R.L.","LINEA_007_CHT","NO","COLECTIVO","MUNICIPAL","CHUBUT","COMODORO RIVADAVIA",1413,"NO"
2026-01-17,"EMPRESA VERCELLI HNOS S A C I F A E I","LINEA_007_SN","NO","COLECTIVO","MUNICIPAL","BUENOS AIRES","SAN NICOLAS DE LOS ARROYOS",167,"NO"
2026-01-17,"TIRO FEDERAL RESISTENCIA SRL- LA CORDIAL SRL- MICROBUS SRL. U.T.E","LINEA_008","NO","COLECTIVO","PROVINCIAL","CHACO","SN",2409,"NO"
2026-01-17,"PATAGONIA ARGENTINA S.R.L.","LINEA_008_CHT","NO","COLECTIVO","MUNICIPAL","CHUBUT","COMODORO RIVADAVIA",4268,"NO"
2026-01-17,"AUTOBUSES SANTA FE S.R.L","LINEA_008_SFE","NO","COLECTIVO","MUNICIPAL","SANTA FE","SANTA FE",2189,"NO"
2026-01-17,"EMPRESA VERCELLI HNOS S A C I F A E I","LINEA_008_SN","NO","COLECTIVO","MUNICIPAL","BUENOS AIRES","SAN NICOLAS DE LOS ARROYOS",1428,"NO"
2026-01-17,"ERSA URBANO S.A UNION TRANSITORIA","LINEA_009","NO","COLECTIVO","PROVINCIAL","CHACO","SN",1406,"NO"
2026-01-17,"PATAGONIA ARGENTINA S.R.L.","LINEA_009_CHT","NO","COLECTIVO","MUNICIPAL","CHUBUT","COMODORO RIVADAVIA",376,"NO"
2026-01-17,"EL URBANO SRL","LINEA_009_JUJ","NO","COLECTIVO","MUNICIPAL","JUJUY","SAN SALVADOR DE JUJUY",4469,"NO"
2026-01-17,"EXPRESO COLONIA SA","LINEA_009_NQN","NO","COLECTIVO","MUNICIPAL","NEUQUÉN","SAN MARTIN DE LOS ANDES",34,"NO"
2026-01-17,"ERSA URBANO SA","LINEA_009_SFE","NO","COLECTIVO","MUNICIPAL","SANTA FE","SANTA FE",2299,"NO"
2026-01-17,"EMPRESA VERCELLI HNOS S A C I F A E I","LINEA_009_SN","NO","COLECTIVO","MUNICIPAL","BUENOS AIRES","SAN NICOLAS DE LOS ARROYOS",827,"NO"
2026-01-17,"EMPRESA DE TRANSPORTE AMANCAY SRL","LINEA_010_BRC","NO","COLECTIVO","MUNICIPAL","RÍO NEGRO","SAN CARLOS DE BARILOCHE",1140,"NO"
2026-01-17,"DIADEMA S.A.","LINEA_010_CHT","NO","COLECTIVO","MUNICIPAL","CHUBUT","COMODORO RIVADAVIA",206,"NO"
2026-01-17,"SANTA ANA SRL","LINEA_010_JUJ","NO","COLECTIVO","MUNICIPAL","JUJUY","SAN SALVADOR DE JUJUY",4168,"NO"
2026-01-17,"EMPR.TRANSP AUTOMOTOR DE PASAJEROS GRAL SAVIO SRL","LINEA_010_PAL_PROV","NO","COLECTIVO","PROVINCIAL","JUJUY","SN",3623,"NO"
2026-01-17,"EMPRESA RECREO S R L","LINEA_010_SFE","NO","COLECTIVO","MUNICIPAL","SANTA FE","SANTA FE",2036,"NO"
2026-01-17,"EMPRESA MAYO SRL","LINEA_010_SJUAN","NO","COLECTIVO","PROVINCIAL","SAN JUAN","SN",561,"NO"
2026-01-17,"EMPRESA VERCELLI HNOS S A C I F A E I","LINEA_010_SN","NO","COLECTIVO","MUNICIPAL","BUENOS AIRES","SAN NICOLAS DE LOS ARROYOS",1658,"NO"
2026-01-17,"DIADEMA S.A.","LINEA_011_CHT","NO","COLECTIVO","MUNICIPAL","CHUBUT","COMODORO RIVADAVIA",659,"NO"
2026-01-17,"EMPRESA RECREO S R L","LINEA_011_SFE","NO","COLECTIVO","MUNICIPAL","SANTA FE","SANTA FE",2363,"NO"
2026-01-17,"SANTA ANA SRL","LINEA_011A_JUJ","NO","COLECTIVO","MUNICIPAL","JUJUY","SAN SALVADOR DE JUJUY",517,"NO"
2026-01-17,"SANTA ANA SRL","LINEA_011B_JUJ","NO","COLECTIVO","MUNICIPAL","JUJUY","SAN SALVADOR DE JUJUY",1890,"NO"
2026-01-17,"TIRO FEDERAL RESISTENCIA SRL- LA CORDIAL SRL- MICROBUS SRL. U.T.E","LINEA_012","NO","COLECTIVO","PROVINCIAL","CHACO","SN",1590,"NO"
2026-01-17,"PATAGONIA ARGENTINA S.R.L.","LINEA_012_CHT","NO","COLECTIVO","MUNICIPAL","CHUBUT","COMODORO RIVADAVIA",1792,"NO"
2026-01-17,"SANTA ANA SRL","LINEA_012_JUJ","NO","COLECTIVO","MUNICIPAL","JUJUY","SAN SALVADOR DE JUJUY",1997,"NO"
2026-01-17,"EMPRESA DE TRANSPORTE AMANCAY SRL","LINEA_013_BRC","NO","COLECTIVO","MUNICIPAL","RÍO NEGRO","SAN CARLOS DE BARILOCHE",103,"NO"
2026-01-17,"PATAGONIA ARGENTINA S.R.L.","LINEA_013_CHT","NO","COLECTIVO","MUNICIPAL","CHUBUT","COMODORO RIVADAVIA",1668,"NO"
2026-01-17,"EL URBANO SRL","LINEA_013_JUJ","NO","COLECTIVO","MUNICIPAL","JUJUY","SAN SALVADOR DE JUJUY",204,"NO"
2026-01-17,"EMPRESA RECREO S R L","LINEA_013_SFE","NO","COLECTIVO","MUNICIPAL","SANTA FE","SANTA FE",2609,"NO"
2026-01-17,"EL URBANO SRL","LINEA_014_JUJ","NO","COLECTIVO","MUNICIPAL","JUJUY","SAN SALVADOR DE JUJUY",6414,"NO"
2026-01-17,"AUTOBUSES SANTA FE S.R.L","LINEA_014_SFE","NO","COLECTIVO","MUNICIPAL","SANTA FE","SANTA FE",1064,"NO"
2026-01-17,"SANTA ANA SRL","LINEA_015_JUJ","NO","COLECTIVO","MUNICIPAL","JUJUY","SAN SALVADOR DE JUJUY",2522,"NO"
2026-01-17,"EMPR.TRANSP AUTOMOTOR DE PASAJEROS GRAL SAVIO SRL","LINEA_015_PAL","NO","COLECTIVO","PROVINCIAL","JUJUY","SN",549,"NO"
2026-01-17,"ERSA URBANO SA","LINEA_015_SFE","NO","COLECTIVO","MUNICIPAL","SANTA FE","SANTA FE",2530,"NO"
2026-01-17,"SANTA ANA SRL","LINEA_016_JUJ","NO","COLECTIVO","MUNICIPAL","JUJUY","SAN SALVADOR DE JUJUY",798,"NO"
2026-01-17,"EMPRESA RECREO S R L","LINEA_016_SFE","NO","COLECTIVO","MUNICIPAL","SANTA FE","SANTA FE",2244,"NO"
2026-01-17,"SANTA ANA SRL","LINEA_017_JUJ","NO","COLECTIVO","MUNICIPAL","JUJUY","SAN SALVADOR DE JUJUY",1295,"NO"
2026-01-17,"COOPERATIVA DE TRABAJO UNION BUS LIMITADA","LINEA_018_JUJ","NO","COLECTIVO","MUNICIPAL","JUJUY","SAN SALVADOR DE JUJUY",1415,"NO"
2026-01-17,"EMPRESA RECREO S R L","LINEA_018_SFE","NO","COLECTIVO","MUNICIPAL","SANTA FE","SANTA FE",3237,"NO"
2026-01-17,"SANTA ANA SRL","LINEA_019_JUJ","NO","COLECTIVO","MUNICIPAL","JUJUY","SAN SALVADOR DE JUJUY",839,"NO"
2026-01-17,"EMPRESA DE TRANSPORTE AMANCAY SRL","LINEA_020_BRC","NO","COLECTIVO","MUNICIPAL","RÍO NEGRO","SAN CARLOS DE BARILOCHE",6789,"NO"
2026-01-17,"SANTA ANA SRL","LINEA_020_JUJ","NO","COLECTIVO","MUNICIPAL","JUJUY","SAN SALVADOR DE JUJUY",2517,"NO"
2026-01-17,"EMPRESA MAYO SRL","LINEA_020_SJUAN","NO","COLECTIVO","PROVINCIAL","SAN JUAN","SN",437,"NO"
2026-01-17,"EMPRESA DE TRANSPORTE AMANCAY SRL","LINEA_021_BRC","NO","COLECTIVO","MUNICIPAL","RÍO NEGRO","SAN CARLOS DE BARILOCHE",1123,"NO"
2026-01-17,"TRANSPORTES AUTOMOTORES COLON SRL","LINEA_021_JUJ","NO","COLECTIVO","MUNICIPAL","JUJUY","SAN SALVADOR DE JUJUY",640,"NO"
2026-01-17,"AUTOBUSES SANTA FE S.R.L","LINEA_022_SFE","NO","COLECTIVO","MUNICIPAL","SANTA FE","SANTA FE",1492,"NO"
2026-01-17,"TRANSPORTE SAN JORGE S.A.","LINEA_023_JUJ","NO","COLECTIVO","MUNICIPAL","JUJUY","SAN SALVADOR DE JUJUY",464,"NO"
2026-01-17,"SANTA ANA SRL","LINEA_024_JUJ","NO","COLECTIVO","MUNICIPAL","JUJUY","SAN SALVADOR DE JUJUY",341,"NO"
2026-01-17,"TRANSPORTES AUTOMOTORES COLON SRL","LINEA_025_JU","NO","COLECTIVO","MUNICIPAL","JUJUY","SAN SALVADOR DE JUJUY",11,"NO"
2026-01-17,"EMPR.TRANSP AUTOMOTOR DE PASAJEROS GRAL SAVIO SRL","LINEA_025C_PAL","NO","COLECTIVO","PROVINCIAL","JUJUY","SN",167,"NO"
2026-01-17,"TRANSPORTES AUTOMOTORES COLON SRL","LINEA_026_JU","NO","COLECTIVO","MUNICIPAL","JUJUY","SAN SALVADOR DE JUJUY",392,"NO"
2026-01-17,"TRANSPORTES AUTOMOTORES COLON SRL","LINEA_027_JU","NO","COLECTIVO","MUNICIPAL","JUJUY","SAN SALVADOR DE JUJUY",933,"NO"
2026-01-17,"SANTA ANA SRL","LINEA_029_JUJ","NO","COLECTIVO","MUNICIPAL","JUJUY","SAN SALVADOR DE JUJUY",318,"NO"
2026-01-17,"SANTA ANA SRL","LINEA_02_JUJ","NO","COLECTIVO","MUNICIPAL","JUJUY","SAN SALVADOR DE JUJUY",2281,"NO"
2026-01-17,"SANTA ANA SRL","LINEA_030_JUJ","NO","COLECTIVO","MUNICIPAL","JUJUY","SAN SALVADOR DE JUJUY",3766,"NO"
2026-01-17,"TRANSPORTE DE PASAJEROS ALTO DE SIERRA S.R.L.","LINEA_030_SJUAN","NO","COLECTIVO","PROVINCIAL","SAN JUAN","SN",91,"NO"
2026-01-17,"EMPRESA DE TRANSPORTE AMANCAY SRL","LINEA_031_BRC","NO","COLECTIVO","MUNICIPAL","RÍO NEGRO","SAN CARLOS DE BARILOCHE",161,"NO"
2026-01-17,"TRANSPORTES AUTOMOTORES COLON SRL","LINEA_032_JU","NO","COLECTIVO","MUNICIPAL","JUJUY","SAN SALVADOR DE JUJUY",1290,"NO"
2026-01-17,"COOPERATIVA DE TRABAJO UNION BUS LIMITADA","LINEA_033_JUJ","NO","COLECTIVO","MUNICIPAL","JUJUY","SAN SALVADOR DE JUJUY",1579,"NO"
2026-01-17,"TRANSPORTES AUTOMOTORES COLON SRL","LINEA_034_JU","NO","COLECTIVO","MUNICIPAL","JUJUY","SAN SALVADOR DE JUJUY",727,"NO"
2026-01-17,"SANTA ANA SRL","LINEA_035_JUJ","NO","COLECTIVO","MUNICIPAL","JUJUY","SAN SALVADOR DE JUJUY",1072,"NO"
2026-01-17,"SANTA ANA SRL","LINEA_036_JUJ","NO","COLECTIVO","MUNICIPAL","JUJUY","SAN SALVADOR DE JUJUY",1094,"NO"
2026-01-17,"TRANSPORTES AUTOMOTORES COLON SRL","LINEA_037_JU","NO","COLECTIVO","MUNICIPAL","JUJUY","SAN SALVADOR DE JUJUY",455,"NO"
2026-01-17,"SANTA ANA SRL","LINEA_038_JUJ","NO","COLECTIVO","MUNICIPAL","JUJUY","SAN SALVADOR DE JUJUY",1302,"NO"
2026-01-17,"SANTA ANA SRL","LINEA_039_JUJ","NO","COLECTIVO","MUNICIPAL","JUJUY","SAN SALVADOR DE JUJUY",1175,"NO"
2026-01-17,"EMPRESA DE TRANSPORTE AMANCAY SRL","LINEA_040_BRC","NO","COLECTIVO","MUNICIPAL","RÍO NEGRO","SAN CARLOS DE BARILOCHE",1004,"NO"
2026-01-17,"TRANSPORTES AUTOMOTORES COLON SRL","LINEA_040_JU","NO","COLECTIVO","MUNICIPAL","JUJUY","SAN SALVADOR DE JUJUY",655,"NO"
2026-01-17,"EMPRESA DE TRANSPORTES ALBARDON SRL","LINEA_040_SJUAN","NO","COLECTIVO","PROVINCIAL","SAN JUAN","SN",403,"NO"
2026-01-17,"EMPRESA DE TRANSPORTE AMANCAY SRL","LINEA_041_BRC","NO","COLECTIVO","MUNICIPAL","RÍO NEGRO","SAN CARLOS DE BARILOCHE",242,"NO"
2026-01-17,"TRANSPORTE SAN JORGE S.A.","LINEA_041_JUJ","NO","COLECTIVO","MUNICIPAL","JUJUY","SAN SALVADOR DE JUJUY",232,"NO"
2026-01-17,"EL URBANO SRL","LINEA_042_JUJ","NO","COLECTIVO","MUNICIPAL","JUJUY","SAN SALVADOR DE JUJUY",1119,"NO"
2026-01-17,"EL URBANO SRL","LINEA_043_JUJ","NO","COLECTIVO","MUNICIPAL","JUJUY","SAN SALVADOR DE JUJUY",316,"NO"
2026-01-17,"TRANSPORTE SAN JORGE S.A.","LINEA_045_JUJ","NO","COLECTIVO","MUNICIPAL","JUJUY","SAN SALVADOR DE JUJUY",302,"NO"
2026-01-17,"TRANSPORTE SAN CAYETANO S.R.L.","LINEA_045_PAL","NO","COLECTIVO","PROVINCIAL","JUJUY","SN",66,"NO"
2026-01-17,"TRANSPORTE SAN CAYETANO S.R.L.","LINEA_045A_PAL","NO","COLECTIVO","PROVINCIAL","JUJUY","SN",306,"NO"
2026-01-17,"COOPERATIVA DE TRABAJO UNION BUS LIMITADA","LINEA_046_JUJ","NO","COLECTIVO","MUNICIPAL","JUJUY","SAN SALVADOR DE JUJUY",266,"NO"
2026-01-17,"EL URBANO SRL","LINEA_047_JUJ","NO","COLECTIVO","MUNICIPAL","JUJUY","SAN SALVADOR DE JUJUY",4162,"NO"
2026-01-17,"EL URBANO SRL","LINEA_048I_JUJ","NO","COLECTIVO","MUNICIPAL","JUJUY","SAN SALVADOR DE JUJUY",3313,"NO"
2026-01-17,"SANTA ANA SRL","LINEA_049_JUJ","NO","COLECTIVO","MUNICIPAL","JUJUY","SAN SALVADOR DE JUJUY",3955,"NO"
2026-01-17,"EMPR.TRANSP AUTOMOTOR DE PASAJEROS GRAL SAVIO SRL","LINEA_049_PAL_PROV","NO","COLECTIVO","PROVINCIAL","JUJUY","SN",2619,"NO"
2026-01-17,"EMPR.TRANSP AUTOMOTOR DE PASAJEROS GRAL SAVIO SRL","LINEA_049A_PAL_PROV","NO","COLECTIVO","PROVINCIAL","JUJUY","SN",4431,"NO"
2026-01-17,"EMPR.TRANSP AUTOMOTOR DE PASAJEROS GRAL SAVIO SRL","LINEA_049B_PAL","NO","COLECTIVO","PROVINCIAL","JUJUY","SN",197,"NO"
2026-01-17,"EMPR.TRANSP AUTOMOTOR DE PASAJEROS GRAL SAVIO SRL","LINEA_049F_PAL","NO","COLECTIVO","PROVINCIAL","JUJUY","SN",1549,"NO"
2026-01-17,"TRANSPORTE AUTOMOTOR DE PASAJEROS FIGUEROA S.A.","LINEA_050","NO","COLECTIVO","PROVINCIAL","JUJUY","SN",217,"NO"
2026-01-17,"EMPRESA DE TRANSPORTE AMANCAY SRL","LINEA_050_BRC","NO","COLECTIVO","MUNICIPAL","RÍO NEGRO","SAN CARLOS DE BARILOCHE",4164,"NO"
2026-01-17,"EMPRESA DE TRANSPORTE AMANCAY SRL","LINEA_051_BRC","NO","COLECTIVO","MUNICIPAL","RÍO NEGRO","SAN CARLOS DE BARILOCHE",2217,"NO"
2026-01-17,"SANTA ANA SRL","LINEA_052_JUJ","NO","COLECTIVO","MUNICIPAL","JUJUY","SAN SALVADOR DE JUJUY",2324,"NO"
2026-01-17,"EMPR.TRANSP AUTOMOTOR DE PASAJEROS GRAL SAVIO SRL","LINEA_052_PAL","NO","COLECTIVO","PROVINCIAL","JUJUY","SN",1044,"NO"
2026-01-17,"EMPRESA DE TRANSPORTE AMANCAY SRL","LINEA_055_BRC","NO","COLECTIVO","MUNICIPAL","RÍO NEGRO","SAN CARLOS DE BARILOCHE",182,"NO"
2026-01-17,"TRANSPORTE FUTURO SRL","LINEA_06","NO","COLECTIVO","PROVINCIAL","JUJUY","SN",243,"NO"
2026-01-17,"EMPRESA DE TRANSPORTE AMANCAY SRL","LINEA_060_BRC","NO","COLECTIVO","MUNICIPAL","RÍO NEGRO","SAN CARLOS DE BARILOCHE",2209,"NO"
2026-01-17,"EMPRESA DE TRANSPORTE AMANCAY SRL","LINEA_061_BRC","NO","COLECTIVO","MUNICIPAL","RÍO NEGRO","SAN CARLOS DE BARILOCHE",2639,"NO"
2026-01-17,"SANTA ANA SRL","LINEA_06_JUJ","NO","COLECTIVO","MUNICIPAL","JUJUY","SAN SALVADOR DE JUJUY",1386,"NO"
2026-01-17,"EMPRESA DE TRANSPORTE AMANCAY SRL","LINEA_070_BRC","NO","COLECTIVO","MUNICIPAL","RÍO NEGRO","SAN CARLOS DE BARILOCHE",616,"NO"
2026-01-17,"EMPRESA DE TRANSPORTE AMANCAY SRL","LINEA_072_BRC","NO","COLECTIVO","MUNICIPAL","RÍO NEGRO","SAN CARLOS DE BARILOCHE",395,"NO"
2026-01-17,"TRANSPORTE AUTOMOTOR DE PASAJEROS FIGUEROA S.A.","LINEA_08","NO","COLECTIVO","PROVINCIAL","JUJUY","SN",1222,"NO"
2026-01-17,"EMPRESA DE TRANSPORTE AMANCAY SRL","LINEA_080_BRC","NO","COLECTIVO","MUNICIPAL","RÍO NEGRO","SAN CARLOS DE BARILOCHE",778,"NO"
2026-01-17,"EMPRESA DE TRANSPORTE AMANCAY SRL","LINEA_081_BRC","NO","COLECTIVO","MUNICIPAL","RÍO NEGRO","SAN CARLOS DE BARILOCHE",772,"NO"
2026-01-17,"EMPRESA DE TRANSPORTE AMANCAY SRL","LINEA_082_BRC","NO","COLECTIVO","MUNICIPAL","RÍO NEGRO","SAN CARLOS DE BARILOCHE",653,"NO"
2026-01-17,"EMPRESA DE TRANSPORTE AMANCAY SRL","LINEA_084_BRC","NO","COLECTIVO","MUNICIPAL","RÍO NEGRO","SAN CARLOS DE BARILOCHE",1053,"NO"
2026-01-17,"SANTA ANA SRL","LINEA_08_JUJ","NO","COLECTIVO","MUNICIPAL","JUJUY","SAN SALVADOR DE JUJUY",2981,"NO"
2026-01-17,"TRANSPORTE SAN CAYETANO S.R.L.","LINEA_08_PAL","NO","COLECTIVO","PROVINCIAL","JUJUY","SN",219,"NO"
2026-01-17,"TRANSPORTE SAN CAYETANO S.R.L.","LINEA_08A_PAL","NO","COLECTIVO","PROVINCIAL","JUJUY","SN",92,"NO"
2026-01-17,"TRANSPORTE SAN CAYETANO S.R.L.","LINEA_08B_PAL","NO","COLECTIVO","PROVINCIAL","JUJUY","SN",38,"NO"
2026-01-17,"TRANSPORTE AUTOMOTOR DE PASAJEROS FIGUEROA S.A.","LINEA_09","NO","COLECTIVO","PROVINCIAL","JUJUY","SN",817,"NO"
2026-01-17,"TRANSPORTE FUTURO SRL","LINEA_09","NO","COLECTIVO","PROVINCIAL","JUJUY","SN",1616,"NO"
2026-01-17,"TRANSPORTE SAN CAYETANO S.R.L.","LINEA_09A_PAL","NO","COLECTIVO","PROVINCIAL","JUJUY","SN",154,"NO"
2026-01-17,"TRANSPORTE SAN CAYETANO S.R.L.","LINEA_09C_PAL","NO","COLECTIVO","PROVINCIAL","JUJUY","SN",352,"NO"
2026-01-17,"TRANSPORTE SAN CAYETANO S.R.L.","LINEA_09D_PAL","NO","COLECTIVO","PROVINCIAL","JUJUY","SN",15,"NO"
2026-01-17,"AMERICA TRANSPORTE AUTOMOTOR S.R.L. - AZUL S.A. T.A. - UTE.","LINEA_100_SFE","NO","COLECTIVO","PROVINCIAL","SANTA FE","SN",1752,"NO"
2026-01-17,"U.T.E EMPRESA DE TRANSPORTE DE PASAJEROS LA MARINA SA- LA POSITIVA SA","LINEA_100_SJUAN","NO","COLECTIVO","PROVINCIAL","SAN JUAN","SN",817,"NO"
2026-01-17,"COOPERATIVA DE TRABAJO DE TRANSPORTE SAN FERNANDO LTDA","LINEA_101","NO","COLECTIVO","PROVINCIAL","CATAMARCA","SN",471,"NO"
2026-01-17,"ERSA URBANO S.A UNION TRANSITORIA","LINEA_101","NO","COLECTIVO","PROVINCIAL","CHACO","SN",441,"NO"
2026-01-17,"MIRAMAR ESTRELLA U.T.","LINEA_101_CORR","NO","COLECTIVO","MUNICIPAL","CORRIENTES","CORRIENTES",1845,"NO"
2026-01-17,"ROSARIO BUS  S.A","LINEA_101_NEGRA","NO","COLECTIVO","MUNICIPAL","SANTA FE","ROSARIO",1958,"NO"
2026-01-17,"AMERICA TRANSPORTE AUTOMOTOR S.R.L. - AZUL S.A. T.A. - UTE.","LINEA_101_SFE","NO","COLECTIVO","PROVINCIAL","SANTA FE","SN",358,"NO"
2026-01-17,"U.T.E EMPRESA DE TRANSPORTE DE PASAJEROS LA MARINA SA- LA POSITIVA SA","LINEA_101_SJUAN","NO","COLECTIVO","PROVINCIAL","SAN JUAN","SN",944,"NO"
2026-01-17,"COOPERATIVA DE TRABAJO DE TRANSPORTE SAN FERNANDO LTDA","LINEA_102","NO","COLECTIVO","PROVINCIAL","CATAMARCA","SN",760,"NO"
2026-01-17,"ERSA URBANO SA","LINEA_102_CORR","NO","COLECTIVO","MUNICIPAL","CORRIENTES","CORRIENTES",3412,"NO"
2026-01-17,"MOVI ROSARIO S.A.U","LINEA_102_ROJA","NO","COLECTIVO","MUNICIPAL","SANTA FE","ROSARIO",1506,"NO"
2026-01-17,"AMERICA TRANSPORTE AUTOMOTOR S.R.L. - AZUL S.A. T.A. - UTE.","LINEA_102_SFE","NO","COLECTIVO","PROVINCIAL","SANTA FE","SN",5,"NO"
2026-01-17,"U.T.E EMPRESA DE TRANSPORTE DE PASAJEROS LA MARINA SA- LA POSITIVA SA","LINEA_102_SJUAN","NO","COLECTIVO","PROVINCIAL","SAN JUAN","SN",718,"NO"
2026-01-17,"ROSARIO BUS  S.A","LINEA_102NEGRA_144NEGRA","NO","COLECTIVO","MUNICIPAL","SANTA FE","ROSARIO",2024,"NO"
2026-01-17,"ROSARIO BUS  S.A","LINEA_103","NO","COLECTIVO","MUNICIPAL","SANTA FE","ROSARIO",8120,"NO"
2026-01-17,"LINEAS G.M. SRL","LINEA_103_CAT","NO","COLECTIVO","PROVINCIAL","CATAMARCA","SN",422,"NO"
2026-01-17,"ERSA URBANO SA","LINEA_103_CORR","NO","COLECTIVO","MUNICIPAL","CORRIENTES","CORRIENTES",4101,"NO"
2026-01-17,"U.T.E EMPRESA DE TRANSPORTE DE PASAJEROS LA MARINA SA- LA POSITIVA SA","LINEA_103_SJUAN","NO","COLECTIVO","PROVINCIAL","SAN JUAN","SN",213,"NO"
2026-01-17,"EL NENE SRL","LINEA_104_CAT","NO","COLECTIVO","PROVINCIAL","CATAMARCA","SN",2031,"NO"
2026-01-17,"ATACO NORTE S.A.C.I-NAVARRO HNOS S.R.L-U.T.E","LINEA_104_CHA","NO","COLECTIVO","PROVINCIAL","CHACO","SN",1079,"NO"
2026-01-17,"TRANSPORTE SAN LORENZO S.A UNION TRANSITORIA","LINEA_104_CORR","NO","COLECTIVO","MUNICIPAL","CORRIENTES","CORRIENTES",2583,"NO"
2026-01-17,"U.T.E EMPRESA DE TRANSPORTE DE PASAJEROS LA MARINA SA- LA POSITIVA SA","LINEA_104_SJUAN","NO","COLECTIVO","PROVINCIAL","SAN JUAN","SN",713,"NO"
2026-01-17,"LINEAS G.M. SRL","LINEA_105_CAT","NO","COLECTIVO","PROVINCIAL","CATAMARCA","SN",461,"NO"
2026-01-17,"ERSA URBANO SA","LINEA_105_CORR","NO","COLECTIVO","MUNICIPAL","CORRIENTES","CORRIENTES",3300,"NO"
2026-01-17,"MOVI ROSARIO S.A.U","LINEA_106","NO","COLECTIVO","MUNICIPAL","SANTA FE","ROSARIO",1330,"NO"
2026-01-17,"ERSA URBANO S.A UNION TRANSITORIA","LINEA_106","NO","COLECTIVO","PROVINCIAL","CHACO","SN",2069,"NO"
2026-01-17,"LA RUBI SRL","LINEA_106_CAT","NO","COLECTIVO","PROVINCIAL","CATAMARCA","SN",1365,"NO"
2026-01-17,"ERSA URBANO SA","LINEA_106_CORR","NO","COLECTIVO","MUNICIPAL","CORRIENTES","CORRIENTES",2824,"NO"
2026-01-17,"ROSARIO BUS  S.A","LINEA_107","NO","COLECTIVO","MUNICIPAL","SANTA FE","ROSARIO",7527,"NO"
2026-01-17,"ERSA URBANO S.A UNION TRANSITORIA","LINEA_107","NO","COLECTIVO","PROVINCIAL","CHACO","SN",1579,"NO"
2026-01-17,"25 DE AGOSTO SRL","LINEA_108_CAT","NO","COLECTIVO","PROVINCIAL","CATAMARCA","SN",3147,"NO"
2026-01-17,"TRANSPORTE SAN LORENZO S.A UNION TRANSITORIA","LINEA_108_CORR","NO","COLECTIVO","MUNICIPAL","CORRIENTES","CORRIENTES",2587,"NO"
2026-01-17,"COOPERATIVA DE TRABAJO DE TRANSPORTE SAN FERNANDO LTDA","LINEA_109","NO","COLECTIVO","PROVINCIAL","CATAMARCA","SN",1566,"NO"
2026-01-17,"ERSA URBANO SA","LINEA_109_CORR","NO","COLECTIVO","MUNICIPAL","CORRIENTES","CORRIENTES",957,"NO"
2026-01-17,"EMPRESA KOKO S.R.L","LINEA_10_NQN","NO","COLECTIVO","MUNICIPAL","NEUQUÉN","NEUQUEN",435,"NO"
2026-01-17,"COOPERATIVA DE TRABAJO PALBUS 2000 LIMITADA","LINEA_10A_JUJUY","NO","COLECTIVO","PROVINCIAL","JUJUY","SN",5209,"NO"
2026-01-17,"ROSARIO BUS  S.A","LINEA_110","NO","COLECTIVO","MUNICIPAL","SANTA FE","ROSARIO",7384,"NO"
2026-01-17,"ATACO NORTE S.A.C.I-NAVARRO HNOS S.R.L-U.T.E","LINEA_110_CHA","NO","COLECTIVO","PROVINCIAL","CHACO","SN",3114,"NO"
2026-01-17,"MIRAMAR ESTRELLA U.T.","LINEA_110_CORR","NO","COLECTIVO","MUNICIPAL","CORRIENTES","CORRIENTES",3217,"NO"
2026-01-17,"TIRO FEDERAL RESISTENCIA SRL- LA CORDIAL SRL- MICROBUS SRL. U.T.E","LINEA_111","NO","COLECTIVO","PROVINCIAL","CHACO","SN",1255,"NO"
2026-01-17,"MOVI ROSARIO S.A.U","LINEA_112","NO","COLECTIVO","MUNICIPAL","SANTA FE","ROSARIO",3356,"NO"
2026-01-17,"MOVI ROSARIO S.A.U","LINEA_113","NO","COLECTIVO","MUNICIPAL","SANTA FE","ROSARIO",2222,"NO"
2026-01-17,"MOVI ROSARIO S.A.U","LINEA_115","NO","COLECTIVO","MUNICIPAL","SANTA FE","ROSARIO",2168,"NO"
2026-01-17,"MOVI ROSARIO S.A.U","LINEA_115_AEROPUERTO","NO","COLECTIVO","MUNICIPAL","SANTA FE","ROSARIO",2051,"NO"
2026-01-17,"MOVI ROSARIO S.A.U","LINEA_116","NO","COLECTIVO","MUNICIPAL","SANTA FE","ROSARIO",2502,"NO"
2026-01-17,"EXPRESO TIGRE-IGUAZU SA","LINEA_11_NQN","NO","COLECTIVO","MUNICIPAL","NEUQUÉN","NEUQUEN",1904,"NO"
2026-01-17,"EMPR.TRANSP AUTOMOTOR DE PASAJEROS GRAL SAVIO SRL","LINEA_11K_PAL","NO","COLECTIVO","MUNICIPAL","JUJUY","PALPALA",229,"NO"
2026-01-17,"MOVI ROSARIO S.A.U","LINEA_120","NO","COLECTIVO","MUNICIPAL","SANTA FE","ROSARIO",1219,"NO"
2026-01-17,"U.T.E EMPRESA DE TRANSPORTE DE PASAJEROS LA MARINA SA- LA POSITIVA SA","LINEA_120_SJUAN","NO","COLECTIVO","PROVINCIAL","SAN JUAN","SN",1119,"NO"
2026-01-17,"MOVI ROSARIO S.A.U","LINEA_121","NO","COLECTIVO","MUNICIPAL","SANTA FE","ROSARIO",2291,"NO"
2026-01-17,"U.T.E EMPRESA DE TRANSPORTE DE PASAJEROS LA MARINA SA- LA POSITIVA SA","LINEA_121_SJUAN","NO","COLECTIVO","PROVINCIAL","SAN JUAN","SN",1435,"NO"
2026-01-17,"ROSARIO BUS  S.A","LINEA_122","NO","COLECTIVO","MUNICIPAL","SANTA FE","ROSARIO",7651,"NO"
2026-01-17,"U.T.E EMPRESA DE TRANSPORTE DE PASAJEROS LA MARINA SA- LA POSITIVA SA","LINEA_122_SJUAN","NO","COLECTIVO","PROVINCIAL","SAN JUAN","SN",978,"NO"
2026-01-17,"MOVI ROSARIO S.A.U","LINEA_123","NO","COLECTIVO","MUNICIPAL","SANTA FE","ROSARIO",1816,"NO"
2026-01-17,"U.T.E EMPRESA DE TRANSPORTE DE PASAJEROS LA MARINA SA- LA POSITIVA SA","LINEA_123_SJUAN","NO","COLECTIVO","PROVINCIAL","SAN JUAN","SN",1534,"NO"
2026-01-17,"U.T.E EMPRESA DE TRANSPORTE DE PASAJEROS LA MARINA SA- LA POSITIVA SA","LINEA_124_SJUAN","NO","COLECTIVO","PROVINCIAL","SAN JUAN","SN",511,"NO"
2026-01-17,"U.T.E EMPRESA DE TRANSPORTE DE PASAJEROS LA MARINA SA- LA POSITIVA SA","LINEA_125_SJUAN","NO","COLECTIVO","PROVINCIAL","SAN JUAN","SN",670,"NO"
2026-01-17,"ROSARIO BUS  S.A","LINEA_126","NO","COLECTIVO","MUNICIPAL","SANTA FE","ROSARIO",881,"NO"
2026-01-17,"U.T.E EMPRESA DE TRANSPORTE DE PASAJEROS LA MARINA SA- LA POSITIVA SA","LINEA_126_SJUAN","NO","COLECTIVO","PROVINCIAL","SAN JUAN","SN",1638,"NO"
2026-01-17,"MOVI ROSARIO S.A.U","LINEA_127","NO","COLECTIVO","MUNICIPAL","SANTA FE","ROSARIO",1685,"NO"
2026-01-17,"U.T.E EMPRESA DE TRANSPORTE DE PASAJEROS LA MARINA SA- LA POSITIVA SA","LINEA_127_SJUAN","NO","COLECTIVO","PROVINCIAL","SAN JUAN","SN",38,"NO"
2026-01-17,"ROSARIO BUS  S.A","LINEA_128","NO","COLECTIVO","MUNICIPAL","SANTA FE","ROSARIO",3012,"NO"
2026-01-17,"U.T.E EMPRESA DE TRANSPORTE DE PASAJEROS LA MARINA SA- LA POSITIVA SA","LINEA_128_SJUAN","NO","COLECTIVO","PROVINCIAL","SAN JUAN","SN",214,"NO"
2026-01-17,"MOVI ROSARIO S.A.U","LINEA_129","NO","COLECTIVO","MUNICIPAL","SANTA FE","ROSARIO",2130,"NO"
2026-01-17,"U.T.E EMPRESA DE TRANSPORTE DE PASAJEROS LA MARINA SA- LA POSITIVA SA","LINEA_129_SJUAN","NO","COLECTIVO","PROVINCIAL","SAN JUAN","SN",680,"NO"
2026-01-17,"EMPRESA KOKO S.R.L","LINEA_12_NQN","NO","COLECTIVO","MUNICIPAL","NEUQUÉN","NEUQUEN",4246,"NO"
2026-01-17,"EMPR.TRANSP AUTOMOTOR DE PASAJEROS GRAL SAVIO SRL","LINEA_12L_PAL","NO","COLECTIVO","MUNICIPAL","JUJUY","PALPALA",663,"NO"
2026-01-17,"EMPRESA DE TRANSPORTE AMANCAY SRL","LINEA_13-22_BRC","NO","COLECTIVO","MUNICIPAL","RÍO NEGRO","SAN CARLOS DE BARILOCHE",258,"NO"
2026-01-17,"ROSARIO BUS  S.A","LINEA_130","NO","COLECTIVO","MUNICIPAL","SANTA FE","ROSARIO",1672,"NO"
2026-01-17,"U.T.E EMPRESA DE TRANSPORTE DE PASAJEROS LA MARINA SA- LA POSITIVA SA","LINEA_130_SJUAN","NO","COLECTIVO","PROVINCIAL","SAN JUAN","SN",311,"NO"
2026-01-17,"MOVI ROSARIO S.A.U","LINEA_131","NO","COLECTIVO","MUNICIPAL","SANTA FE","ROSARIO",2411,"NO"
2026-01-17,"MOVI ROSARIO S.A.U","LINEA_132","NO","COLECTIVO","MUNICIPAL","SANTA FE","ROSARIO",2001,"NO"
2026-01-17,"ROSARIO BUS  S.A","LINEA_133NEGRA_125","NO","COLECTIVO","MUNICIPAL","SANTA FE","ROSARIO",1880,"NO"
2026-01-17,"ROSARIO BUS  S.A","LINEA_133VERDE_125","NO","COLECTIVO","MUNICIPAL","SANTA FE","ROSARIO",1271,"NO"
2026-01-17,"MOVI ROSARIO S.A.U","LINEA_134","NO","COLECTIVO","MUNICIPAL","SANTA FE","ROSARIO",1673,"NO"
2026-01-17,"MOVI ROSARIO S.A.U","LINEA_135","NO","COLECTIVO","MUNICIPAL","SANTA FE","ROSARIO",1474,"NO"
2026-01-17,"ROSARIO BUS  S.A","LINEA_138_139","NO","COLECTIVO","MUNICIPAL","SANTA FE","ROSARIO",2735,"NO"
2026-01-17,"EMPRESA KOKO S.R.L","LINEA_13_NQN","NO","COLECTIVO","MUNICIPAL","NEUQUÉN","NEUQUEN",1406,"NO"
2026-01-17,"ROSARIO BUS  S.A","LINEA_140","NO","COLECTIVO","MUNICIPAL","SANTA FE","ROSARIO",3173,"NO"
2026-01-17,"TRANSPORTE LIBERTADOR SRL","LINEA_140_SJUAN","NO","COLECTIVO","PROVINCIAL","SAN JUAN","SN",62,"NO"
2026-01-17,"MOVI ROSARIO S.A.U","LINEA_141","NO","COLECTIVO","MUNICIPAL","SANTA FE","ROSARIO",2787,"NO"
2026-01-17,"TRANSPORTE LIBERTADOR SRL","LINEA_141_SJUAN","NO","COLECTIVO","PROVINCIAL","SAN JUAN","SN",142,"NO"
2026-01-17,"ROSARIO BUS  S.A","LINEA_142","NO","COLECTIVO","MUNICIPAL","SANTA FE","ROSARIO",9586,"NO"
2026-01-17,"TRANSPORTE LIBERTADOR SRL","LINEA_142_SJUAN","NO","COLECTIVO","PROVINCIAL","SAN JUAN","SN",1147,"NO"
2026-01-17,"ROSARIO BUS  S.A","LINEA_143NEGRA_136_137","NO","COLECTIVO","MUNICIPAL","SANTA FE","ROSARIO",2230,"NO"
2026-01-17,"ROSARIO BUS  S.A","LINEA_143ROJA_136_137","NO","COLECTIVO","MUNICIPAL","SANTA FE","ROSARIO",1845,"NO"
2026-01-17,"ROSARIO BUS  S.A","LINEA_145CABIN_9_133","NO","COLECTIVO","MUNICIPAL","SANTA FE","ROSARIO",3975,"NO"
2026-01-17,"ROSARIO BUS  S.A","LINEA_145SOLDINI_133","NO","COLECTIVO","MUNICIPAL","SANTA FE","ROSARIO",2331,"NO"
2026-01-17,"ROSARIO BUS  S.A","LINEA_146","NO","COLECTIVO","MUNICIPAL","SANTA FE","ROSARIO",3292,"NO"
2026-01-17,"EMPRESA KOKO S.R.L","LINEA_14_NQN","NO","COLECTIVO","MUNICIPAL","NEUQUÉN","NEUQUEN",2011,"NO"
2026-01-17,"TRANSPORTE SAN JOSE S.A.","LINEA_15","NO","COLECTIVO","PROVINCIAL","JUJUY","SN",1278,"NO"
2026-01-17,"MOVI ROSARIO S.A.U","LINEA_153","NO","COLECTIVO","MUNICIPAL","SANTA FE","ROSARIO",5452,"NO"
2026-01-17,"EMPRESA KOKO S.R.L","LINEA_15_NQN","NO","COLECTIVO","MUNICIPAL","NEUQUÉN","NEUQUEN",865,"NO"
2026-01-17,"TRANSPORTE LIBERTADOR SRL","LINEA_160_SJUAN","NO","COLECTIVO","PROVINCIAL","SAN JUAN","SN",928,"NO"
2026-01-17,"TRANSPORTE LIBERTADOR SRL","LINEA_161_SJUAN","NO","COLECTIVO","PROVINCIAL","SAN JUAN","SN",103,"NO"
2026-01-17,"TRANSPORTE LIBERTADOR SRL","LINEA_162_SJUAN","NO","COLECTIVO","PROVINCIAL","SAN JUAN","SN",238,"NO"
2026-01-17,"GENERAL TOMAS GUIDO S.A.C.I.F.","LINEA_164_AMBA","SI","COLECTIVO","NACIONAL","JN","SD",12331,"NO"
2026-01-17,"EXPRESO TIGRE-IGUAZU SA","LINEA_16_NQN","NO","COLECTIVO","MUNICIPAL","NEUQUÉN","NEUQUEN",578,"NO"
2026-01-17,"EXPRESO TIGRE-IGUAZU SA","LINEA_17_NQN","NO","COLECTIVO","MUNICIPAL","NEUQUÉN","NEUQUEN",1991,"NO"
2026-01-17,"EXPRESO TIGRE-IGUAZU SA","LINEA_18_NQN","NO","COLECTIVO","MUNICIPAL","NEUQUÉN","NEUQUEN",917,"NO"
2026-01-17,"EMPRESA KOKO S.R.L","LINEA_19_NQN","NO","COLECTIVO","MUNICIPAL","NEUQUÉN","NEUQUEN",359,"NO"
2026-01-17,"EMPRESA KOKO S.R.L","LINEA_1_NQN","NO","COLECTIVO","MUNICIPAL","NEUQUÉN","NEUQUEN",1351,"NO"
2026-01-17,"COOPERATIVA DE TRABAJO PALBUS 2000 LIMITADA","LINEA_1A_PAL","NO","COLECTIVO","MUNICIPAL","JUJUY","PALPALA",178,"NO"
2026-01-17,"AUTOTRANSPORTE CEFERINO S.R.L","LINEA_2","NO","COLECTIVO","MUNICIPAL","CHUBUT","RAWSON",832,"NO"
2026-01-17,"EMPRESA MAYO SRL","LINEA_200_SJUAN","NO","COLECTIVO","PROVINCIAL","SAN JUAN","SN",226,"NO"
2026-01-17,"25 DE AGOSTO SRL","LINEA_201_CAT","NO","COLECTIVO","PROVINCIAL","CATAMARCA","SN",1441,"NO"
2026-01-17,"EMPRESA MAYO SRL","LINEA_201_SJUAN","NO","COLECTIVO","PROVINCIAL","SAN JUAN","SN",530,"NO"
2026-01-17,"LINEAS G.M. SRL","LINEA_202_CAT","NO","COLECTIVO","PROVINCIAL","CATAMARCA","SN",243,"NO"
2026-01-17,"EMPRESA MAYO SRL","LINEA_202_SJUAN","NO","COLECTIVO","PROVINCIAL","SAN JUAN","SN",242,"NO"
2026-01-17,"25 DE AGOSTO SRL","LINEA_203_CAT","NO","COLECTIVO","PROVINCIAL","CATAMARCA","SN",632,"NO"
2026-01-17,"EMPRESA MAYO SRL","LINEA_203_SJUAN","NO","COLECTIVO","PROVINCIAL","SAN JUAN","SN",724,"NO"
2026-01-17,"ERSA URBANO S.A UNION TRANSITORIA","LINEA_204","NO","COLECTIVO","PROVINCIAL","CHACO","SN",910,"NO"
2026-01-17,"LINEAS G.M. SRL","LINEA_204_CAT","NO","COLECTIVO","PROVINCIAL","CATAMARCA","SN",936,"NO"
2026-01-17,"EMPRESA MAYO SRL","LINEA_204_SJUAN","NO","COLECTIVO","PROVINCIAL","SAN JUAN","SN",2225,"NO"
2026-01-17,"EMPRESA MAYO SRL","LINEA_205_SJUAN","NO","COLECTIVO","PROVINCIAL","SAN JUAN","SN",1009,"NO"
2026-01-17,"TIRO FEDERAL RESISTENCIA SRL- LA CORDIAL SRL- MICROBUS SRL. U.T.E","LINEA_206","NO","COLECTIVO","PROVINCIAL","CHACO","SN",242,"NO"
2026-01-17,"EMPRESA MAYO SRL","LINEA_206_SJUAN","NO","COLECTIVO","PROVINCIAL","SAN JUAN","SN",852,"NO"
2026-01-17,"SAN FERNANDO URBANOS SRL","LINEA_207","NO","COLECTIVO","PROVINCIAL","CHACO","SN",167,"NO"
2026-01-17,"LINEAS G.M. SRL","LINEA_207_CAT","NO","COLECTIVO","PROVINCIAL","CATAMARCA","SN",179,"NO"
2026-01-17,"EMPRESA MAYO SRL","LINEA_207_SJUAN","NO","COLECTIVO","PROVINCIAL","SAN JUAN","SN",262,"NO"
2026-01-17,"EMPRESA MAYO SRL","LINEA_208_SJUAN","NO","COLECTIVO","PROVINCIAL","SAN JUAN","SN",695,"NO"
2026-01-17,"EMPRESA MAYO SRL","LINEA_209_SJUAN","NO","COLECTIVO","PROVINCIAL","SAN JUAN","SN",650,"NO"
2026-01-17,"EMPRESA KOKO S.R.L","LINEA_20_NQN","NO","COLECTIVO","MUNICIPAL","NEUQUÉN","NEUQUEN",92,"NO"
2026-01-17,"EMPRESA MAYO SRL","LINEA_210_SJUAN","NO","COLECTIVO","PROVINCIAL","SAN JUAN","SN",2984,"NO"
2026-01-17,"EMPRESA MAYO SRL","LINEA_211_SJUAN","NO","COLECTIVO","PROVINCIAL","SAN JUAN","SN",1681,"NO"
2026-01-17,"EMPRESA MAYO SRL","LINEA_212_SJUAN","NO","COLECTIVO","PROVINCIAL","SAN JUAN","SN",522,"NO"
2026-01-17,"EMPRESA MAYO SRL","LINEA_213_SJUAN","NO","COLECTIVO","PROVINCIAL","SAN JUAN","SN",722,"NO"
2026-01-17,"EMPRESA MAYO SRL","LINEA_214_SJUAN","NO","COLECTIVO","PROVINCIAL","SAN JUAN","SN",372,"NO"
2026-01-17,"EMPRESA KOKO S.R.L","LINEA_21_NQN","NO","COLECTIVO","MUNICIPAL","NEUQUÉN","NEUQUEN",1301,"NO"
2026-01-17,"EXPRESO TIGRE-IGUAZU SA","LINEA_22_NQN","NO","COLECTIVO","MUNICIPAL","NEUQUÉN","NEUQUEN",1233,"NO"
2026-01-17,"EXPRESO TIGRE-IGUAZU SA","LINEA_23_NQN","NO","COLECTIVO","MUNICIPAL","NEUQUÉN","NEUQUEN",1284,"NO"
2026-01-17,"EMPRESA MAYO SRL","LINEA_240_SJUAN","NO","COLECTIVO","PROVINCIAL","SAN JUAN","SN",240,"NO"
2026-01-17,"EMPRESA MAYO SRL","LINEA_241_SJUAN","NO","COLECTIVO","PROVINCIAL","SAN JUAN","SN",953,"NO"
2026-01-17,"EMPRESA MAYO SRL","LINEA_242_SJUAN","NO","COLECTIVO","PROVINCIAL","SAN JUAN","SN",2365,"NO"
2026-01-17,"EMPRESA MAYO SRL","LINEA_243_SJUAN","NO","COLECTIVO","PROVINCIAL","SAN JUAN","SN",2703,"NO"
2026-01-17,"EMPRESA MAYO SRL","LINEA_244_SJUAN","NO","COLECTIVO","PROVINCIAL","SAN JUAN","SN",1209,"NO"
2026-01-17,"EMPRESA MAYO SRL","LINEA_245_SJUAN","NO","COLECTIVO","PROVINCIAL","SAN JUAN","SN",200,"NO"
2026-01-17,"EMPRESA MAYO SRL","LINEA_246_SJUAN","NO","COLECTIVO","PROVINCIAL","SAN JUAN","SN",186,"NO"
2026-01-17,"EMPRESA MAYO SRL","LINEA_247_SJUAN","NO","COLECTIVO","PROVINCIAL","SAN JUAN","SN",116,"NO"
2026-01-17,"EMPRESA MAYO SRL","LINEA_248_SJUAN","NO","COLECTIVO","PROVINCIAL","SAN JUAN","SN",531,"NO"
2026-01-17,"EMPRESA KOKO S.R.L","LINEA_24_NQN","NO","COLECTIVO","MUNICIPAL","NEUQUÉN","NEUQUEN",820,"NO"
2026-01-17,"EMPRESA KOKO S.R.L","LINEA_25_NQN","NO","COLECTIVO","MUNICIPAL","NEUQUÉN","NEUQUEN",1147,"NO"
2026-01-17,"NUEVO SUR S.R.L.","LINEA_261_SJUAN","NO","COLECTIVO","PROVINCIAL","SAN JUAN","SN",306,"NO"
2026-01-17,"NUEVO SUR S.R.L.","LINEA_262_SJUAN","NO","COLECTIVO","PROVINCIAL","SAN JUAN","SN",2748,"NO"
2026-01-17,"NUEVO SUR S.R.L.","LINEA_263_SJUAN","NO","COLECTIVO","PROVINCIAL","SAN JUAN","SN",154,"NO"
2026-01-17,"NUEVO SUR S.R.L.","LINEA_264_SJUAN","NO","COLECTIVO","PROVINCIAL","SAN JUAN","SN",15,"NO"
2026-01-17,"NUEVO SUR S.R.L.","LINEA_265_SJUAN","NO","COLECTIVO","PROVINCIAL","SAN JUAN","SN",211,"NO"
2026-01-17,"NUEVO SUR S.R.L.","LINEA_266_SJUAN","NO","COLECTIVO","PROVINCIAL","SAN JUAN","SN",163,"NO"
2026-01-17,"EMPRESA KOKO S.R.L","LINEA_26_NQN","NO","COLECTIVO","MUNICIPAL","NEUQUÉN","NEUQUEN",1127,"NO"
2026-01-17,"EMPRESA KOKO S.R.L","LINEA_27_NQN","NO","COLECTIVO","MUNICIPAL","NEUQUÉN","NEUQUEN",366,"NO"
2026-01-17,"EMPRESA KOKO S.R.L","LINEA_28_NQN","NO","COLECTIVO","MUNICIPAL","NEUQUÉN","NEUQUEN",831,"NO"
2026-01-17,"EXPRESO TIGRE-IGUAZU SA","LINEA_29_NQN","NO","COLECTIVO","MUNICIPAL","NEUQUÉN","NEUQUEN",260,"NO"
2026-01-17,"EMPRESA KOKO S.R.L","LINEA_2_NQN","NO","COLECTIVO","MUNICIPAL","NEUQUÉN","NEUQUEN",1388,"NO"
2026-01-17,"AUTOTRANSPORTE CEFERINO S.R.L","LINEA_3","NO","COLECTIVO","MUNICIPAL","CHUBUT","RAWSON",274,"NO"
2026-01-17,"TRANSPORTE DE PASAJEROS ALTO DE SIERRA S.R.L.","LINEA_300_SJUAN","NO","COLECTIVO","PROVINCIAL","SAN JUAN","SN",124,"NO"
2026-01-17,"TRANSPORTE DE PASAJEROS ALTO DE SIERRA S.R.L.","LINEA_301_SJUAN","NO","COLECTIVO","PROVINCIAL","SAN JUAN","SN",1386,"NO"
2026-01-17,"TRANSPORTE DE PASAJEROS ALTO DE SIERRA S.R.L.","LINEA_302_SJUAN","NO","COLECTIVO","PROVINCIAL","SAN JUAN","SN",80,"NO"
2026-01-17,"TRANSPORTE DE PASAJEROS ALTO DE SIERRA S.R.L.","LINEA_303_SJUAN","NO","COLECTIVO","PROVINCIAL","SAN JUAN","SN",538,"NO"
2026-01-17,"TRANSPORTE DE PASAJEROS ALTO DE SIERRA S.R.L.","LINEA_304_SJUAN","NO","COLECTIVO","PROVINCIAL","SAN JUAN","SN",577,"NO"
2026-01-17,"TRANSPORTE DE PASAJEROS ALTO DE SIERRA S.R.L.","LINEA_305_SJUAN","NO","COLECTIVO","PROVINCIAL","SAN JUAN","SN",1148,"NO"
2026-01-17,"EMPRESA KOKO S.R.L","LINEA_30_NQN","NO","COLECTIVO","MUNICIPAL","NEUQUÉN","NEUQUEN",2134,"NO"
2026-01-17,"TRANSPORTE DE PASAJEROS EL TRIUNFO SA","LINEA_320_SJUAN","NO","COLECTIVO","PROVINCIAL","SAN JUAN","SN",812,"NO"
2026-01-17,"TRANSPORTE DE PASAJEROS EL TRIUNFO SA","LINEA_321_SJUAN","NO","COLECTIVO","PROVINCIAL","SAN JUAN","SN",87,"NO"
2026-01-17,"TRANSPORTE DE PASAJEROS EL TRIUNFO SA","LINEA_322_SJUAN","NO","COLECTIVO","PROVINCIAL","SAN JUAN","SN",203,"NO"
2026-01-17,"TRANSPORTE DE PASAJEROS EL TRIUNFO SA","LINEA_323_SJUAN","NO","COLECTIVO","PROVINCIAL","SAN JUAN","SN",200,"NO"
2026-01-17,"TRANSPORTE DE PASAJEROS EL TRIUNFO SA","LINEA_340_SJUAN","NO","COLECTIVO","PROVINCIAL","SAN JUAN","SN",503,"NO"
2026-01-17,"TRANSPORTE DE PASAJEROS EL TRIUNFO SA","LINEA_341_SJUAN","NO","COLECTIVO","PROVINCIAL","SAN JUAN","SN",2031,"NO"
2026-01-17,"TRANSPORTE DE PASAJEROS EL TRIUNFO SA","LINEA_342_SJUAN","NO","COLECTIVO","PROVINCIAL","SAN JUAN","SN",72,"NO"
2026-01-17,"TRANSPORTE DE PASAJEROS EL TRIUNFO SA","LINEA_343_SJUAN","NO","COLECTIVO","PROVINCIAL","SAN JUAN","SN",118,"NO"
2026-01-17,"TRANSPORTE DE PASAJEROS EL TRIUNFO SA","LINEA_344_SJUAN","NO","COLECTIVO","PROVINCIAL","SAN JUAN","SN",257,"NO"
2026-01-17,"TRANSPORTE DE PASAJEROS EL TRIUNFO SA","LINEA_345_SJUAN","NO","COLECTIVO","PROVINCIAL","SAN JUAN","SN",1595,"NO"
2026-01-17,"TRANSPORTE DE PASAJEROS EL TRIUNFO SA","LINEA_360_SJUAN","NO","COLECTIVO","PROVINCIAL","SAN JUAN","SN",12,"NO"
2026-01-17,"TRANSPORTE DE PASAJEROS EL TRIUNFO SA","LINEA_361_SJUAN","NO","COLECTIVO","PROVINCIAL","SAN JUAN","SN",238,"NO"
2026-01-17,"TRANSPORTE DE PASAJEROS EL TRIUNFO SA","LINEA_362_SJUAN","NO","COLECTIVO","PROVINCIAL","SAN JUAN","SN",87,"NO"
2026-01-17,"TRANSPORTE DE PASAJEROS EL TRIUNFO SA","LINEA_363_SJUAN","NO","COLECTIVO","PROVINCIAL","SAN JUAN","SN",2019,"NO"
2026-01-17,"TRANSPORTE DE PASAJEROS EL TRIUNFO SA","LINEA_364_SJUAN","NO","COLECTIVO","PROVINCIAL","SAN JUAN","SN",2755,"NO"
2026-01-17,"EXPRESO TIGRE-IGUAZU SA","LINEA_3_NQN","NO","COLECTIVO","MUNICIPAL","NEUQUÉN","NEUQUEN",1272,"NO"
2026-01-17,"COOPERATIVA DE TRABAJO PALBUS 2000 LIMITADA","LINEA_3C_PAL","NO","COLECTIVO","MUNICIPAL","JUJUY","PALPALA",322,"NO"
2026-01-17,"EMPRESA DE TRANSPORTES ALBARDON SRL","LINEA_400_SJUAN","NO","COLECTIVO","PROVINCIAL","SAN JUAN","SN",800,"NO"
2026-01-17,"EMPRESA DE TRANSPORTES ALBARDON SRL","LINEA_401_SJUAN","NO","COLECTIVO","PROVINCIAL","SAN JUAN","SN",1084,"NO"
2026-01-17,"EMPRESA DE TRANSPORTES ALBARDON SRL","LINEA_402_SJUAN","NO","COLECTIVO","PROVINCIAL","SAN JUAN","SN",1154,"NO"
2026-01-17,"EMPRESA DE TRANSPORTES ALBARDON SRL","LINEA_403_SJUAN","NO","COLECTIVO","PROVINCIAL","SAN JUAN","SN",1311,"NO"
2026-01-17,"EMPRESA DE TRANSPORTES ALBARDON SRL","LINEA_404_SJUAN","NO","COLECTIVO","PROVINCIAL","SAN JUAN","SN",2754,"NO"
2026-01-17,"EMPRESA DE TRANSPORTES ALBARDON SRL","LINEA_405_SJUAN","NO","COLECTIVO","PROVINCIAL","SAN JUAN","SN",1274,"NO"
2026-01-17,"EMPRESA DE TRANSPORTES ALBARDON SRL","LINEA_406_SJUAN","NO","COLECTIVO","PROVINCIAL","SAN JUAN","SN",1630,"NO"
2026-01-17,"EMPRESA DE TRANSPORTES ALBARDON SRL","LINEA_407_SJUAN","NO","COLECTIVO","PROVINCIAL","SAN JUAN","SN",2138,"NO"
2026-01-17,"EMPRESA DE TRANSPORTES ALBARDON SRL","LINEA_408_SJUAN","NO","COLECTIVO","PROVINCIAL","SAN JUAN","SN",749,"NO"
2026-01-17,"EMPRESA DE TRANSPORTES ALBARDON SRL","LINEA_420_SJUAN","NO","COLECTIVO","PROVINCIAL","SAN JUAN","SN",3420,"NO"
2026-01-17,"EMPRESA DE TRANSPORTES ALBARDON SRL","LINEA_421_SJUAN","NO","COLECTIVO","PROVINCIAL","SAN JUAN","SN",5,"NO"
2026-01-17,"EMPRESA DE TRANSPORTES ALBARDON SRL","LINEA_422_SJUAN","NO","COLECTIVO","PROVINCIAL","SAN JUAN","SN",52,"NO"
2026-01-17,"EMPRESA DE TRANSPORTES ALBARDON SRL","LINEA_423_SJUAN","NO","COLECTIVO","PROVINCIAL","SAN JUAN","SN",206,"NO"
2026-01-17,"EMPRESA DE TRANSPORTES ALBARDON SRL","LINEA_440_SJUAN","NO","COLECTIVO","PROVINCIAL","SAN JUAN","SN",479,"NO"
2026-01-17,"EMPRESA DE TRANSPORTES ALBARDON SRL","LINEA_441_SJUAN","NO","COLECTIVO","PROVINCIAL","SAN JUAN","SN",900,"NO"
2026-01-17,"EMPRESA DE TRANSPORTES ALBARDON SRL","LINEA_442_SJUAN","NO","COLECTIVO","PROVINCIAL","SAN JUAN","SN",194,"NO"
2026-01-17,"FRANCISCO BUIATTI E HIJOS S.A","LINEA_450_LANCHAS","NO","LANCHAS","PROVINCIAL","BUENOS AIRES","SN",639,"NO"
2026-01-17,"INTERISLEÑA S A C E I","LINEA_451_LANCHAS","NO","LANCHAS","PROVINCIAL","BUENOS AIRES","SN",7,"NO"
2026-01-17,"INTERISLEÑA S A C E I","LINEA_452_451_LANCHAS","NO","LANCHAS","PROVINCIAL","BUENOS AIRES","SN",1373,"NO"
2026-01-17,"LINEAS DELTA ARGENTINO S.R.L.","LINEA_453_LANCHAS","NO","LANCHAS","PROVINCIAL","BUENOS AIRES","SN",197,"NO"
2026-01-17,"EMPRESA EL LEON S R L","LINEA_454_LANCHAS","NO","LANCHAS","PROVINCIAL","BUENOS AIRES","SN",10,"NO"
2026-01-17,"HUGO A. PFLUGER S.A","LINEA_455_LANCHAS","NO","LANCHAS","PROVINCIAL","BUENOS AIRES","SN",241,"NO"
2026-01-17,"EMPRESA DE TRANSPORTES ALBARDON SRL","LINEA_460_SJUAN","NO","COLECTIVO","PROVINCIAL","SAN JUAN","SN",311,"NO"
2026-01-17,"EMPRESA DE TRANSPORTES ALBARDON SRL","LINEA_461_SJUAN","NO","COLECTIVO","PROVINCIAL","SAN JUAN","SN",841,"NO"
2026-01-17,"EMPRESA DE TRANSPORTES ALBARDON SRL","LINEA_462_SJUAN","NO","COLECTIVO","PROVINCIAL","SAN JUAN","SN",162,"NO"
2026-01-17,"TRANSPORTE FUTURO SRL","LINEA_47","NO","COLECTIVO","PROVINCIAL","JUJUY","SN",28,"NO"
2026-01-17,"EXPRESO TIGRE-IGUAZU SA","LINEA_4_NQN","NO","COLECTIVO","MUNICIPAL","NEUQUÉN","NEUQUEN",1879,"NO"
2026-01-17,"COOPERATIVA DE TRABAJO PALBUS 2000 LIMITADA","LINEA_4D_PAL","NO","COLECTIVO","MUNICIPAL","JUJUY","PALPALA",540,"NO"
2026-01-17,"LEMOS Y RODRIGUEZ S.A.","LINEA_500_BSAS","NO","COLECTIVO","MUNICIPAL","BUENOS AIRES","BAHIA BLANCA",3453,"NO"
2026-01-17,"EMPRESA DE TRANSPORTE PERALTA RAMOS SACI","LINEA_501_MDQ","NO","COLECTIVO","MUNICIPAL","BUENOS AIRES","GENERAL PUEYRREDON",975,"NO"
2026-01-17,"EMPRESA VALLECITO SRL","LINEA_501_SJUAN","NO","COLECTIVO","PROVINCIAL","SAN JUAN","SN",18,"NO"
2026-01-17,"COMPAÑIA PUNTALTENSE S.A.","LINEA_502","NO","COLECTIVO","MUNICIPAL","BUENOS AIRES","CORONEL ROSALES",12,"NO"
2026-01-17,"T. A. SAN GABRIEL S.A.","LINEA_502_BAHIA","NO","COLECTIVO","MUNICIPAL","BUENOS AIRES","BAHIA BLANCA",1243,"NO"
2026-01-17,"EMPRESA VALLECITO SRL","LINEA_502_SJUAN","NO","COLECTIVO","PROVINCIAL","SAN JUAN","SN",54,"NO"
2026-01-17,"MICRO ÓMNIBUS NUEVA POMPEYA S.R.L.","LINEA_502N_BSAS","NO","COLECTIVO","MUNICIPAL","BUENOS AIRES","NECOCHEA",778,"NO"
2026-01-17,"COMPAÑIA BELGRANO S.A.","LINEA_503","NO","COLECTIVO","MUNICIPAL","BUENOS AIRES","CORONEL ROSALES",93,"NO"
2026-01-17,"T. A. SAN GABRIEL S.A.","LINEA_503_BAHIA","NO","COLECTIVO","MUNICIPAL","BUENOS AIRES","BAHIA BLANCA",882,"NO"
2026-01-17,"COMPAÑIA BELGRANO S.A.","LINEA_503BIS","NO","COLECTIVO","MUNICIPAL","BUENOS AIRES","CORONEL ROSALES",177,"NO"
2026-01-17,"MICRO ÓMNIBUS NUEVA POMPEYA S.R.L.","LINEA_503N_BSAS","NO","COLECTIVO","MUNICIPAL","BUENOS AIRES","NECOCHEA",188,"NO"
2026-01-17,"COMPAÑIA PUNTALTENSE S.A.","LINEA_504","NO","COLECTIVO","MUNICIPAL","BUENOS AIRES","CORONEL ROSALES",36,"NO"
2026-01-17,"EMPRESA LINEA 216 S.A.T.","LINEA_504_ ITUZ","SI","COLECTIVO","MUNICIPAL","BUENOS AIRES","ITUZAINGO",205,"NO"
2026-01-17,"EMPRESA DE TRANSPORTE DEL SUR SRL","LINEA_504_AMBA","SI","COLECTIVO","MUNICIPAL","BUENOS AIRES","PRESIDENTE PERON",2447,"NO"
2026-01-17,"T. A. SAN GABRIEL S.A.","LINEA_504_BAHIA","NO","COLECTIVO","MUNICIPAL","BUENOS AIRES","BAHIA BLANCA",1825,"NO"
2026-01-17,"EMPRESA VALLECITO SRL","LINEA_504_SJUAN","NO","COLECTIVO","PROVINCIAL","SAN JUAN","SN",2,"NO"
2026-01-17,"COMPAÑIA ISLEÑA S.R.L.","LINEA_504B","SI","COLECTIVO","MUNICIPAL","BUENOS AIRES","ESCOBAR",656,"NO"
2026-01-17,"COMPAÑIA PUNTALTENSE S.A.","LINEA_504BIS","NO","COLECTIVO","MUNICIPAL","BUENOS AIRES","CORONEL ROSALES",130,"NO"
2026-01-17,"COMPAÑIA BELGRANO S.A.","LINEA_505","NO","COLECTIVO","MUNICIPAL","BUENOS AIRES","CORONEL ROSALES",104,"NO"
2026-01-17,"EMPRESA DE TRANSPORTE DEL SUR SRL","LINEA_505_AMBA","SI","COLECTIVO","MUNICIPAL","BUENOS AIRES","ALMIRANTE BROWN",5241,"NO"
2026-01-17,"LEMOS Y RODRIGUEZ S.A.","LINEA_505_BSAS","NO","COLECTIVO","MUNICIPAL","BUENOS AIRES","BAHIA BLANCA",1701,"NO"
2026-01-17,"EMPRESA DE TRANSPORTE DEL SUR SRL","LINEA_506_AMBA","SI","COLECTIVO","MUNICIPAL","BUENOS AIRES","ALMIRANTE BROWN",14215,"NO"
2026-01-17,"T. A. SAN GABRIEL S.A.","LINEA_506_BAHIA","NO","COLECTIVO","MUNICIPAL","BUENOS AIRES","BAHIA BLANCA",1552,"NO"
2026-01-17,"FUERTE BARRAGAN S.A.T.I.C.I.","LINEA_506F_BSAS","SI","COLECTIVO","MUNICIPAL","BUENOS AIRES","LA PLATA",3674,"NO"
2026-01-17,"LEMOS Y RODRIGUEZ S.A.","LINEA_507_BSAS","NO","COLECTIVO","MUNICIPAL","BUENOS AIRES","BAHIA BLANCA",1276,"NO"
2026-01-17,"COMPAÑIA ISLEÑA S.R.L.","LINEA_507B","SI","COLECTIVO","MUNICIPAL","BUENOS AIRES","ESCOBAR",859,"NO"
2026-01-17,"T. A. SAN GABRIEL S.A.","LINEA_509_BAHIA","NO","COLECTIVO","MUNICIPAL","BUENOS AIRES","BAHIA BLANCA",548,"NO"
2026-01-17,"LAS SIERRAS DE OLAVARRIA S. R. L.","LINEA_509_BSAS","NO","COLECTIVO","MUNICIPAL","BUENOS AIRES","OLAVARRIA",382,"NO"
2026-01-17,"TURITOUR S.A.","LINEA_510","NO","COLECTIVO","MUNICIPAL","BUENOS AIRES","CORONEL ROSALES",214,"NO"
2026-01-17,"LAS SIERRAS DE OLAVARRIA S. R. L.","LINEA_510_BSAS","NO","COLECTIVO","MUNICIPAL","BUENOS AIRES","OLAVARRIA",332,"NO"
2026-01-17,"COMPAÑÍA DE TRANSPORTE NECOCHEA S.A.","LINEA_510N_BSAS","NO","COLECTIVO","MUNICIPAL","BUENOS AIRES","NECOCHEA",2835,"NO"
2026-01-17,"EMPRESA DE TRANSPORTE PERALTA RAMOS SACI","LINEA_511","NO","COLECTIVO","MUNICIPAL","BUENOS AIRES","GENERAL PUEYRREDON",18368,"NO"
2026-01-17,"COMPAÑÍA DE TRANSPORTE NECOCHEA S.A.","LINEA_511N_BSAS","NO","COLECTIVO","MUNICIPAL","BUENOS AIRES","NECOCHEA",925,"NO"
2026-01-17,"T. A. SAN GABRIEL S.A.","LINEA_512_BAHIA","NO","COLECTIVO","MUNICIPAL","BUENOS AIRES","BAHIA BLANCA",1572,"NO"
2026-01-17,"COMPAÑÍA DE TRANSPORTE NECOCHEA S.A.","LINEA_512N_BSAS","NO","COLECTIVO","MUNICIPAL","BUENOS AIRES","NECOCHEA",448,"NO"
2026-01-17,"LEMOS Y RODRIGUEZ S.A.","LINEA_513_BSAS","NO","COLECTIVO","MUNICIPAL","BUENOS AIRES","BAHIA BLANCA",1812,"NO"
2026-01-17,"T. A. SAN GABRIEL S.A.","LINEA_513EX_BAHIA","NO","COLECTIVO","MUNICIPAL","BUENOS AIRES","BAHIA BLANCA",828,"NO"
2026-01-17,"COMPAÑÍA DE TRANSPORTE NECOCHEA S.A.","LINEA_513N_BSAS","NO","COLECTIVO","MUNICIPAL","BUENOS AIRES","NECOCHEA",396,"NO"
2026-01-17,"LEMOS Y RODRIGUEZ S.A.","LINEA_514_BSAS","NO","COLECTIVO","MUNICIPAL","BUENOS AIRES","BAHIA BLANCA",2944,"NO"
2026-01-17,"LAS SIERRAS DE OLAVARRIA S. R. L.","LINEA_514A_BSAS","NO","COLECTIVO","MUNICIPAL","BUENOS AIRES","OLAVARRIA",541,"NO"
2026-01-17,"COMPAÑÍA DE TRANSPORTE NECOCHEA S.A.","LINEA_514N_BSAS","NO","COLECTIVO","MUNICIPAL","BUENOS AIRES","NECOCHEA",387,"NO"
2026-01-17,"COMPAÑÍA DE TRANSPORTE NECOCHEA S.A.","LINEA_515N_BSAS","NO","COLECTIVO","MUNICIPAL","BUENOS AIRES","NECOCHEA",4,"NO"
2026-01-17,"T. A. SAN GABRIEL S.A.","LINEA_516_BAHIA","NO","COLECTIVO","MUNICIPAL","BUENOS AIRES","BAHIA BLANCA",1115,"NO"
2026-01-17,"T. A. SAN GABRIEL S.A.","LINEA_517_BAHIA","NO","COLECTIVO","MUNICIPAL","BUENOS AIRES","BAHIA BLANCA",3069,"NO"
2026-01-17,"COMPAÑÍA DE TRANSPORTE NECOCHEA S.A.","LINEA_517N_BSAS","NO","COLECTIVO","MUNICIPAL","BUENOS AIRES","NECOCHEA",16,"NO"
2026-01-17,"T. A. SAN GABRIEL S.A.","LINEA_518_BAHIA","NO","COLECTIVO","MUNICIPAL","BUENOS AIRES","BAHIA BLANCA",1583,"NO"
2026-01-17,"LEMOS Y RODRIGUEZ S.A.","LINEA_519_BSAS","NO","COLECTIVO","MUNICIPAL","BUENOS AIRES","BAHIA BLANCA",1827,"NO"
2026-01-17,"BAHIA TRANSPORTE SAPEN","LINEA_519A_BAHIA","NO","COLECTIVO","MUNICIPAL","BUENOS AIRES","BAHIA BLANCA",2062,"NO"
2026-01-17,"VIA 51 VIAJES SA","LINEA_520_BSAS","NO","COLECTIVO","MUNICIPAL","BUENOS AIRES","BAHIA BLANCA",159,"NO"
2026-01-17,"EMPRESA DE TRANSPORTE DEL SUR SRL","LINEA_521_AMBA","SI","COLECTIVO","MUNICIPAL","BUENOS AIRES","ALMIRANTE BROWN",716,"NO"
2026-01-17,"EMPRESA DE TRANSPORTE PERALTA RAMOS SACI","LINEA_521_MDQ","NO","COLECTIVO","MUNICIPAL","BUENOS AIRES","GENERAL PUEYRREDON",3777,"NO"
2026-01-17,"EMPRESA DE TRANSPORTE PERALTA RAMOS SACI","LINEA_522_MDQ","NO","COLECTIVO","MUNICIPAL","BUENOS AIRES","GENERAL PUEYRREDON",5336,"NO"
2026-01-17,"EMPRESA DE TRANSPORTE PERALTA RAMOS SACI","LINEA_523_MDQ","NO","COLECTIVO","MUNICIPAL","BUENOS AIRES","GENERAL PUEYRREDON",7892,"NO"
2026-01-17,"EMPRESA DE TRANSPORTE PERALTA RAMOS SACI","LINEA_525_MDQ","NO","COLECTIVO","MUNICIPAL","BUENOS AIRES","GENERAL PUEYRREDON",734,"NO"
2026-01-17,"AUTOBUSES BUENOS AIRES SRL","LINEA_540_BSAS","SI","COLECTIVO","MUNICIPAL","BUENOS AIRES","LOMAS DE ZAMORA",11174,"NO"
2026-01-17,"EMPRESA DE TRANSPORTE PERALTA RAMOS SACI","LINEA_541_MDQ","NO","COLECTIVO","MUNICIPAL","BUENOS AIRES","GENERAL PUEYRREDON",4544,"NO"
2026-01-17,"AUTOBUSES BUENOS AIRES SRL","LINEA_542_BSAS","SI","COLECTIVO","MUNICIPAL","BUENOS AIRES","LOMAS DE ZAMORA",7021,"NO"
2026-01-17,"EMPRESA DE TRANSPORTE PERALTA RAMOS SACI","LINEA_542_MDQ","NO","COLECTIVO","MUNICIPAL","BUENOS AIRES","GENERAL PUEYRREDON",4252,"NO"
2026-01-17,"EMPRESA DE TRANSPORTE PERALTA RAMOS SACI","LINEA_543_MDQ","NO","COLECTIVO","MUNICIPAL","BUENOS AIRES","GENERAL PUEYRREDON",2048,"NO"
2026-01-17,"AUTOBUSES BUENOS AIRES SRL","LINEA_548_BSAS","SI","COLECTIVO","MUNICIPAL","BUENOS AIRES","LOMAS DE ZAMORA",3564,"NO"
2026-01-17,"AUTOBUSES BUENOS AIRES SRL","LINEA_550_BSAS","SI","COLECTIVO","MUNICIPAL","BUENOS AIRES","LOMAS DE ZAMORA",7437,"NO"
2026-01-17,"AUTOBUSES BUENOS AIRES SRL","LINEA_551_BSAS","SI","COLECTIVO","MUNICIPAL","BUENOS AIRES","LOMAS DE ZAMORA",4130,"NO"
2026-01-17,"EMPRESA DE TRANSPORTE PERALTA RAMOS SACI","LINEA_551_MDQ","NO","COLECTIVO","MUNICIPAL","BUENOS AIRES","GENERAL PUEYRREDON",5686,"NO"
2026-01-17,"AUTOBUSES BUENOS AIRES SRL","LINEA_552_BSAS","SI","COLECTIVO","MUNICIPAL","BUENOS AIRES","LOMAS DE ZAMORA",7439,"NO"
2026-01-17,"EMPRESA DE TRANSPORTE PERALTA RAMOS SACI","LINEA_552_MDQ","NO","COLECTIVO","MUNICIPAL","BUENOS AIRES","GENERAL PUEYRREDON",5699,"NO"
2026-01-17,"AUTOBUSES BUENOS AIRES SRL","LINEA_553_BSAS","SI","COLECTIVO","MUNICIPAL","BUENOS AIRES","LOMAS DE ZAMORA",5520,"NO"
2026-01-17,"EMPRESA DE TRANSPORTE PERALTA RAMOS SACI","LINEA_553_MDQ","NO","COLECTIVO","MUNICIPAL","BUENOS AIRES","GENERAL PUEYRREDON",2846,"NO"
2026-01-17,"EMPRESA DE TRANSPORTE PERALTA RAMOS SACI","LINEA_554_MDQ","NO","COLECTIVO","MUNICIPAL","BUENOS AIRES","GENERAL PUEYRREDON",4175,"NO"
2026-01-17,"EMPRESA DE TRANSPORTE PERALTA RAMOS SACI","LINEA_555_MDQ","NO","COLECTIVO","MUNICIPAL","BUENOS AIRES","GENERAL PUEYRREDON",3651,"NO"
2026-01-17,"EMPRESA DE TRANSPORTE 12 DE OCTUBRE S R L","LINEA_562_MDQ","NO","COLECTIVO","MUNICIPAL","BUENOS AIRES","GENERAL PUEYRREDON",7785,"NO"
2026-01-17,"EMPRESA DE TRANSPORTE 12 DE OCTUBRE S R L","LINEA_563_MDQ","NO","COLECTIVO","MUNICIPAL","BUENOS AIRES","GENERAL PUEYRREDON",4981,"NO"
2026-01-17,"EMPRESA DE TRANSPORTE PERALTA RAMOS SACI","LINEA_571_MDQ","NO","COLECTIVO","MUNICIPAL","BUENOS AIRES","GENERAL PUEYRREDON",10589,"NO"
2026-01-17,"EMPRESA DE TRANSPORTE PERALTA RAMOS SACI","LINEA_573_MDQ","NO","COLECTIVO","MUNICIPAL","BUENOS AIRES","GENERAL PUEYRREDON",6524,"NO"
2026-01-17,"EMPRESA DE TRANSPORTE PERALTA RAMOS SACI","LINEA_581_MDQ","NO","COLECTIVO","MUNICIPAL","BUENOS AIRES","GENERAL PUEYRREDON",6493,"NO"
2026-01-17,"EMPRESA DE TRANSPORTE PERALTA RAMOS SACI","LINEA_591_MDQ","NO","COLECTIVO","MUNICIPAL","BUENOS AIRES","GENERAL PUEYRREDON",2830,"NO"
2026-01-17,"EMPRESA DE TRANSPORTE PERALTA RAMOS SACI","LINEA_593_MDQ","NO","COLECTIVO","MUNICIPAL","BUENOS AIRES","GENERAL PUEYRREDON",2144,"NO"
2026-01-17,"EMPRESA KOKO S.R.L","LINEA_5_NQN","NO","COLECTIVO","MUNICIPAL","NEUQUÉN","NEUQUEN",1604,"NO"
2026-01-17,"TRANSPORTE SAN JOSE S.A.","LINEA_60","NO","COLECTIVO","PROVINCIAL","JUJUY","SN",524,"NO"
2026-01-17,"EMPRESA KOKO S.R.L","LINEA_6_NQN","NO","COLECTIVO","MUNICIPAL","NEUQUÉN","NEUQUEN",2591,"NO"
2026-01-17,"EMPRESA DE TRANSPORTE AMANCAY SRL","LINEA_71-81_BRC","NO","COLECTIVO","MUNICIPAL","RÍO NEGRO","SAN CARLOS DE BARILOCHE",1324,"NO"
2026-01-17,"EMPRESA KOKO S.R.L","LINEA_7_NQN","NO","COLECTIVO","MUNICIPAL","NEUQUÉN","NEUQUEN",2078,"NO"
2026-01-17,"EMPRESA KOKO S.R.L","LINEA_8_NQN","NO","COLECTIVO","MUNICIPAL","NEUQUÉN","NEUQUEN",2970,"NO"
2026-01-17,"EMPR.TRANSP AUTOMOTOR DE PASAJEROS GRAL SAVIO SRL","LINEA_8H_PAL","NO","COLECTIVO","MUNICIPAL","JUJUY","PALPALA",262,"NO"
2026-01-17,"A T A C O NORTE S A C I","LINEA_902","NO","COLECTIVO","NACIONAL","JN","SD",2732,"NO"
2026-01-17,"EMPRESA DE TRANSPORTES FLUVIALES DEL LITORAL SA","LINEA_906","NO","COLECTIVO","NACIONAL","JN","SD",1746,"NO"
2026-01-17,"AZUL S.A. DE TRANSPORTE AUTOMOTOR","LINEA_910_STAFE","NO","COLECTIVO","NACIONAL","JN","SD",6694,"NO"
2026-01-17,"AZUL S.A. DE TRANSPORTE AUTOMOTOR","LINEA_915_STAFE","NO","COLECTIVO","NACIONAL","JN","SD",19,"NO"
2026-01-17,"EXPRESO TIGRE-IGUAZU SA","LINEA_9_NQN","NO","COLECTIVO","MUNICIPAL","NEUQUÉN","NEUQUEN",2685,"NO"
2026-01-17,"EMPR.TRANSP AUTOMOTOR DE PASAJEROS GRAL SAVIO SRL","LINEA_9I_PAL","NO","COLECTIVO","MUNICIPAL","JUJUY","PALPALA",95,"NO"
2026-01-17,"EMOVA MOVILIDAD S.A. (ex MTV)","LINEA_A","SI","SUBTE",,,,33242,"NO"
2026-01-17,"TRANSPORTE LIBERTADOR SRL","LINEA_A_SJUAN","NO","COLECTIVO","PROVINCIAL","SAN JUAN","SN",4228,"NO"
2026-01-17,"TRANSPUNTANO SAPEM","LINEA_A_SL","NO","COLECTIVO","MUNICIPAL","SAN LUIS","SAN LUIS",432,"NO"
2026-01-17,"USHUAIA INTEGRAL SOCIEDAD DEL ESTADO","LINEA_A_USHUAIA","NO","COLECTIVO","MUNICIPAL","TIERRA DEL FUEGO","USHUAIA",1717,"NO"
2026-01-17,"EMOVA MOVILIDAD S.A. (ex MTV)","LINEA_B","SI","SUBTE",,,,43238,"NO"
2026-01-17,"U.T.E EMPRESA DE TRANSPORTE DE PASAJEROS LA MARINA SA- LA POSITIVA SA","LINEA_B_SJUAN","NO","COLECTIVO","PROVINCIAL","SAN JUAN","SN",3222,"NO"
2026-01-17,"USHUAIA INTEGRAL SOCIEDAD DEL ESTADO","LINEA_B_USHUAIA","NO","COLECTIVO","MUNICIPAL","TIERRA DEL FUEGO","USHUAIA",2277,"NO"
2026-01-17,"TRANSPUNTANO SAPEM","LINEA_BCG_SL","NO","COLECTIVO","MUNICIPAL","SAN LUIS","SAN LUIS",1037,"NO"
2026-01-17,"CONTINENTAL T.P.A S.A","LINEA_C_SFE","NO","COLECTIVO","PROVINCIAL","SANTA FE","SN",10537,"NO"
2026-01-17,"EMPRESA MAYO SRL","LINEA_C_SJUAN","NO","COLECTIVO","PROVINCIAL","SAN JUAN","SN",1045,"NO"
2026-01-17,"USHUAIA INTEGRAL SOCIEDAD DEL ESTADO","LINEA_C_USHUAIA","NO","COLECTIVO","MUNICIPAL","TIERRA DEL FUEGO","USHUAIA",262,"NO"
2026-01-17,"TRANSPORTE DE PASAJEROS ALTO DE SIERRA S.R.L.","LINEA_D_SJUAN","NO","COLECTIVO","PROVINCIAL","SAN JUAN","SN",3061,"NO"
2026-01-17,"TRANSPUNTANO SAPEM","LINEA_D_SL","NO","COLECTIVO","MUNICIPAL","SAN LUIS","SAN LUIS",1650,"NO"
2026-01-17,"USHUAIA INTEGRAL SOCIEDAD DEL ESTADO","LINEA_D_USHUAIA","NO","COLECTIVO","MUNICIPAL","TIERRA DEL FUEGO","USHUAIA",556,"NO"
2026-01-17,"MOVI ROSARIO S.A.U","LINEA_DE_LA_COSTA","NO","COLECTIVO","MUNICIPAL","SANTA FE","ROSARIO",1688,"NO"
2026-01-17,"TRANSPUNTANO SAPEM","LINEA_E1_SL","NO","COLECTIVO","MUNICIPAL","SAN LUIS","SAN LUIS",388,"NO"
2026-01-17,"U.T.E EMPRESA DE TRANSPORTE DE PASAJEROS LA MARINA SA- LA POSITIVA SA","LINEA_E_SJUAN","NO","COLECTIVO","PROVINCIAL","SAN JUAN","SN",532,"NO"
2026-01-17,"TRANSPUNTANO SAPEM","LINEA_E_SL","NO","COLECTIVO","MUNICIPAL","SAN LUIS","SAN LUIS",832,"NO"
2026-01-17,"MOVI ROSARIO S.A.U","LINEA_ENLACE_AVELLANEDA_OESTE","NO","COLECTIVO","MUNICIPAL","SANTA FE","ROSARIO",197,"NO"
2026-01-17,"MOVI ROSARIO S.A.U","LINEA_ENLACE_NOROESTE","NO","COLECTIVO","MUNICIPAL","SANTA FE","ROSARIO",58,"NO"
2026-01-17,"MOVI ROSARIO S.A.U","LINEA_ENLACE_SANTA_LUCIA","NO","COLECTIVO","MUNICIPAL","SANTA FE","ROSARIO",114,"NO"
2026-01-17,"TRANSPUNTANO SAPEM","LINEA_F_SL","NO","COLECTIVO","MUNICIPAL","SAN LUIS","SAN LUIS",277,"NO"
2026-01-17,"TRANSPUNTANO SAPEM","LINEA_H_SL","NO","COLECTIVO","MUNICIPAL","SAN LUIS","SAN LUIS",1109,"NO"
2026-01-17,"TRANSPUNTANO SAPEM","LINEA_I_SL","NO","COLECTIVO","MUNICIPAL","SAN LUIS","SAN LUIS",2431,"NO"
2026-01-17,"MOVI ROSARIO S.A.U","LINEA_K","NO","COLECTIVO","MUNICIPAL","SANTA FE","ROSARIO",1674,"NO"
2026-01-17,"TRANSPUNTANO SAPEM","LINEA_N_SL","NO","COLECTIVO","MUNICIPAL","SAN LUIS","SAN LUIS",546,"NO"
2026-01-17,"TRANSPUNTANO SAPEM","LINEA_OK_SL","NO","COLECTIVO","MUNICIPAL","SAN LUIS","SAN LUIS",1205,"NO"
2026-01-17,"TRANSPUNTANO SAPEM","LINEA_P_SL","NO","COLECTIVO","MUNICIPAL","SAN LUIS","SAN LUIS",291,"NO"
2026-01-17,"NAVARRO HNOS SRL","LINEA_R-P_CHA","NO","COLECTIVO","PROVINCIAL","CHACO","SN",635,"NO"
2026-01-17,"TRANSPUNTANO SAPEM","LINEA_R_SL","NO","COLECTIVO","MUNICIPAL","SAN LUIS","SAN LUIS",447,"NO"
2026-01-17,"TRANSPUNTANO SAPEM","LINEA_T_SL","NO","COLECTIVO","MUNICIPAL","SAN LUIS","SAN LUIS",51,"NO"
2026-01-17,"U.T.E EMPRESA DE TRANSPORTE DE PASAJEROS LA MARINA SA- LA POSITIVA SA","LINEA_TEO_SJUAN","NO","COLECTIVO","PROVINCIAL","SAN JUAN","SN",5325,"NO"
2026-01-17,"TRANSPORTE DE PASAJEROS EL TRIUNFO SA","LINEA_TNS_SJUAN","NO","COLECTIVO","PROVINCIAL","SAN JUAN","SN",5274,"NO"
2026-01-17,"TRANSPUNTANO SAPEM","LINEA_U_SL","NO","COLECTIVO","MUNICIPAL","SAN LUIS","SAN LUIS",307,"NO"
2026-01-17,"COOPERATIVA DE TRABAJO CHOFERES DE COLECTIVOS Y MINIBUSES LIMITADA - C.C.M.","LINEA_VERDE","NO","COLECTIVO","MUNICIPAL","SANTA FE","RECONQUISTA",109,"NO"
2026-01-17,"LA COMARCA SA","Línea D","NO","COLECTIVO","MUNICIPAL","RÍO NEGRO","VIEDMA",133,"NO"
2026-01-17,"LA COMARCA SA","Línea E","NO","COLECTIVO","MUNICIPAL","RÍO NEGRO","VIEDMA",557,"NO"
2026-01-17,"LA COMARCA SA","Línea F","NO","COLECTIVO","MUNICIPAL","RÍO NEGRO","VIEDMA",491,"NO"
2026-01-17,"COOP. DE PROVISION DE SERVICIOS 1 DE SEPTIEMBRE LTDA","MOSCONI - LA RIVERA","NO","COLECTIVO","MUNICIPAL","RÍO NEGRO","GENERAL ROCA",478,"NO"
2026-01-17,"UNION PLATENSE SRL","NORTE MUNICIPAL","SI","COLECTIVO","MUNICIPAL","BUENOS AIRES","LA PLATA",2275,"NO"
2026-01-17,"EMP.TRANSP.FLUVIALES DEL LITORAL S.A.","PARANA - MARIA GRANDE","NO","COLECTIVO","PROVINCIAL","ENTRE RÍOS","SN",15,"NO"
2026-01-17,"EMP.TRANSP.FLUVIALES DEL LITORAL S.A.","PARANA - TABOSSI","NO","COLECTIVO","PROVINCIAL","ENTRE RÍOS","SN",19,"NO"
2026-01-17,"EMP.TRANSP.FLUVIALES DEL LITORAL S.A.","PARANA - VIALE","NO","COLECTIVO","PROVINCIAL","ENTRE RÍOS","SN",13,"NO"
2026-01-17,"COOP. DE PROVISION DE SERVICIOS 1 DE SEPTIEMBRE LTDA","PASO CORDOBA","NO","COLECTIVO","MUNICIPAL","RÍO NEGRO","GENERAL ROCA",345,"NO"
2026-01-17,"S.A TRANSPORTE CIUDAD DE RIO CUARTO","RAMAL E","NO","COLECTIVO","MUNICIPAL","CORDOBA","RIO CUARTO",27,"NO"
2026-01-17,"S.A TRANSPORTE CIUDAD DE RIO CUARTO","RAMAL F","NO","COLECTIVO","MUNICIPAL","CORDOBA","RIO CUARTO",21,"NO"
2026-01-17,"S.A TRANSPORTE CIUDAD DE RIO CUARTO","RAMAL G","NO","COLECTIVO","MUNICIPAL","CORDOBA","RIO CUARTO",39,"NO"
2026-01-17,"S.A TRANSPORTE CIUDAD DE RIO CUARTO","RAMAL H","NO","COLECTIVO","MUNICIPAL","CORDOBA","RIO CUARTO",15,"NO"
2026-01-17,"S.A TRANSPORTE CIUDAD DE RIO CUARTO","RAMAL I","NO","COLECTIVO","MUNICIPAL","CORDOBA","RIO CUARTO",22,"NO"
2026-01-17,"S.A TRANSPORTE CIUDAD DE RIO CUARTO","RAMAL K","NO","COLECTIVO","MUNICIPAL","CORDOBA","RIO CUARTO",21,"NO"
2026-01-17,"S.A TRANSPORTE CIUDAD DE RIO CUARTO","RAMAL L","NO","COLECTIVO","MUNICIPAL","CORDOBA","RIO CUARTO",43,"NO"
2026-01-17,"S.A TRANSPORTE CIUDAD DE RIO CUARTO","RAMAL N","NO","COLECTIVO","MUNICIPAL","CORDOBA","RIO CUARTO",16,"NO"
2026-01-17,"EMPRESA DE TTES. RAWSON S.R.L.","RAWSON - TRELEW","NO","COLECTIVO","PROVINCIAL","CHUBUT","SN",519,"NO"
2026-01-17,"A T A C O NORTE S A C I","RES_COL_POP_Y _VIC","NO","COLECTIVO","PROVINCIAL","CHACO","SN",22,"NO"
2026-01-17,"A T A C O NORTE S A C I","RES_PUERTO_TIROL_Y VIC","NO","COLECTIVO","PROVINCIAL","CHACO","SN",644,"NO"
2026-01-17,"CIA.DE TRANSPORTE BERMEJO S.R.L","RESISTENCIA-COL. BENITEZ-M. BELEN","NO","COLECTIVO","PROVINCIAL","CHACO","SN",1149,"NO"
2026-01-17,"CONTINENTAL TRANSPORTE PÚBLICO AUTOMOTOR S.R.L","SF022","NO","COLECTIVO","PROVINCIAL","SANTA FE","SN",337,"NO"
2026-01-17,"INTERBUS S.R.L","SF113","NO","COLECTIVO","PROVINCIAL","SANTA FE","SN",243,"NO"
2026-01-17,"INTERBUS S.R.L","SF114","NO","COLECTIVO","PROVINCIAL","SANTA FE","SN",244,"NO"
2026-01-17,"EMPRESA LAGUNA PAIVA S.R.L.","SF132","NO","COLECTIVO","PROVINCIAL","SANTA FE","SN",692,"NO"
2026-01-17,"MONTE VERA S.R.L.","SF143 MONTE VERA - SANTA FE","NO","COLECTIVO","PROVINCIAL","SANTA FE","SN",726,"NO"
2026-01-17,"TATA RAPIDO S.A.","SF210 ROSARIO - SAN GENARO","NO","COLECTIVO","PROVINCIAL","SANTA FE","SN",34,"NO"
2026-01-17,"AMERICA TRANSPORTE AUTOMOTOR S.R.L","SF212","NO","COLECTIVO","PROVINCIAL","SANTA FE","SN",858,"NO"
2026-01-17,"EMPRESA  9 DE JULIO SRL","SF212","NO","COLECTIVO","PROVINCIAL","SANTA FE","SN",219,"NO"
2026-01-17,"AMERICA TRANSPORTE AUTOMOTOR S.R.L","SF215","NO","COLECTIVO","PROVINCIAL","SANTA FE","SN",111,"NO"
2026-01-17,"TATA RAPIDO S.A.","SF229 ROSARIO - PUERTO GABOTO","NO","COLECTIVO","PROVINCIAL","SANTA FE","SN",90,"NO"
2026-01-17,"AMERICA TRANSPORTE AUTOMOTOR S.R.L","SF282","NO","COLECTIVO","PROVINCIAL","SANTA FE","SN",63,"NO"
2026-01-17,"CONTINENTAL TRANSPORTE PÚBLICO AUTOMOTOR S.R.L","SF282","NO","COLECTIVO","PROVINCIAL","SANTA FE","SN",70,"NO"
2026-01-17,"EMPRESA  9 DE JULIO SRL","SF282","NO","COLECTIVO","PROVINCIAL","SANTA FE","SN",252,"NO"
2026-01-17,"AMERICA TRANSPORTE AUTOMOTOR S.R.L","SF284","NO","COLECTIVO","PROVINCIAL","SANTA FE","SN",1102,"NO"
2026-01-17,"CONTINENTAL TRANSPORTE PÚBLICO AUTOMOTOR S.R.L","SF284","NO","COLECTIVO","PROVINCIAL","SANTA FE","SN",2316,"NO"
2026-01-17,"EMPRESA  9 DE JULIO SRL","SF284","NO","COLECTIVO","PROVINCIAL","SANTA FE","SN",1219,"NO"
2026-01-17,"AMERICA TRANSPORTE AUTOMOTOR S.R.L","SF287","NO","COLECTIVO","PROVINCIAL","SANTA FE","SN",702,"NO"
2026-01-17,"CONTINENTAL TRANSPORTE PÚBLICO AUTOMOTOR S.R.L","SF287","NO","COLECTIVO","PROVINCIAL","SANTA FE","SN",880,"NO"
2026-01-17,"EMPRESA  9 DE JULIO SRL","SF287","NO","COLECTIVO","PROVINCIAL","SANTA FE","SN",889,"NO"
2026-01-17,"AMERICA TRANSPORTE AUTOMOTOR S.R.L","SF288","NO","COLECTIVO","PROVINCIAL","SANTA FE","SN",149,"NO"
2026-01-17,"AMERICA TRANSPORTE AUTOMOTOR S.R.L","SF304","NO","COLECTIVO","PROVINCIAL","SANTA FE","SN",246,"NO"
2026-01-17,"CONTINENTAL TRANSPORTE PÚBLICO AUTOMOTOR S.R.L","SF304","NO","COLECTIVO","PROVINCIAL","SANTA FE","SN",771,"NO"
2026-01-17,"EMPRESA  9 DE JULIO SRL","SF304","NO","COLECTIVO","PROVINCIAL","SANTA FE","SN",242,"NO"
2026-01-17,"AMERICA TRANSPORTE AUTOMOTOR S.R.L","SF312-1","NO","COLECTIVO","PROVINCIAL","SANTA FE","SN",659,"NO"
2026-01-17,"AMERICA TRANSPORTE AUTOMOTOR S.R.L","SF312","NO","COLECTIVO","PROVINCIAL","SANTA FE","SN",1553,"NO"
2026-01-17,"CONTINENTAL TRANSPORTE PÚBLICO AUTOMOTOR S.R.L","SF317","NO","COLECTIVO","PROVINCIAL","SANTA FE","SN",53,"NO"
2026-01-17,"EMPRESA  9 DE JULIO SRL","SF317","NO","COLECTIVO","PROVINCIAL","SANTA FE","SN",63,"NO"
2026-01-17,"CONTINENTAL TRANSPORTE PÚBLICO AUTOMOTOR S.R.L","SF320-1","NO","COLECTIVO","PROVINCIAL","SANTA FE","SN",138,"NO"
2026-01-17,"EMPRESA  9 DE JULIO SRL","SF320-1","NO","COLECTIVO","PROVINCIAL","SANTA FE","SN",393,"NO"
2026-01-17,"AMERICA TRANSPORTE AUTOMOTOR S.R.L","SF320","NO","COLECTIVO","PROVINCIAL","SANTA FE","SN",57,"NO"
2026-01-17,"CONTINENTAL TRANSPORTE PÚBLICO AUTOMOTOR S.R.L","SF320","NO","COLECTIVO","PROVINCIAL","SANTA FE","SN",11,"NO"
2026-01-17,"EMPRESA  9 DE JULIO SRL","SF320","NO","COLECTIVO","PROVINCIAL","SANTA FE","SN",230,"NO"
2026-01-17,"MUNICIPALIDAD DE PRESIDENCIA ROQUE SAENZ PENA","SiMTraPUP","NO","COLECTIVO","MUNICIPAL","CHACO","PRESIDENCIA ROQUE SAENZ PEÑA",86,"NO"
2026-01-17,"ETACER SRL","STAFE_SANTA FE_LINEA_907","NO","COLECTIVO","NACIONAL","JN","SD",1316,"NO"
2026-01-17,"COOP. DE PROVISION DE SERVICIOS 1 DE SEPTIEMBRE LTDA","STEFENELLI - LA COSTA","NO","COLECTIVO","MUNICIPAL","RÍO NEGRO","GENERAL ROCA",212,"NO"
2026-01-17,"PEHUENCHE SA","TA-02","NO","COLECTIVO","PROVINCIAL","NEUQUÉN","SN",1073,"NO"
2026-01-17,"PEHUENCHE SA","TA-15","NO","COLECTIVO","PROVINCIAL","NEUQUÉN","SN",80,"NO"
2026-01-17,"PEHUENCHE SA","TA-21","NO","COLECTIVO","PROVINCIAL","NEUQUÉN","SN",914,"NO"
2026-01-17,"EXPRESO COLONIA SA","TD-02","NO","COLECTIVO","PROVINCIAL","NEUQUÉN","SN",787,"NO"
2026-01-17,"TRANSPORTE BAHIA S.R.L.","TRELEW - PUERTO RAWSON","NO","COLECTIVO","PROVINCIAL","CHUBUT","SN",1245,"NO"
2026-01-17,"S.A TRANSPORTE CIUDAD DE RIO CUARTO","TRONCAL  A","NO","COLECTIVO","MUNICIPAL","CORDOBA","RIO CUARTO",82,"NO"
2026-01-17,"S.A TRANSPORTE CIUDAD DE RIO CUARTO","TRONCAL B","NO","COLECTIVO","MUNICIPAL","CORDOBA","RIO CUARTO",97,"NO"
2026-01-17,"S.A TRANSPORTE CIUDAD DE RIO CUARTO","TRONCAL C","NO","COLECTIVO","MUNICIPAL","CORDOBA","RIO CUARTO",67,"NO"
2026-01-17,"S.A TRANSPORTE CIUDAD DE RIO CUARTO","TRONCAL D","NO","COLECTIVO","MUNICIPAL","CORDOBA","RIO CUARTO",73,"NO"
