2026-09-10,"MUNICIPALIDAD DE MERCEDES PROVINCIA DE BUENOS AIRES","1","SI","COLECTIVO","MUNICIPAL","BUENOS AIRES","MERCEDES",646,"SI"
2026-09-10,"MUNICIPALIDAD DE MERCEDES PROVINCIA DE BUENOS AIRES","2B","SI","COLECTIVO","MUNICIPAL","BUENOS AIRES","MERCEDES",235,"SI"
2026-09-10,"DI CE TOURS SRL","701 F","NO","COLECTIVO","PROVINCIAL","MENDOZA","SN",664,"SI"
2026-09-10,"DI CE TOURS SRL","702 A","NO","COLECTIVO","PROVINCIAL","MENDOZA","SN",135,"SI"
2026-09-10,"DI CE TOURS SRL","705 A","NO","COLECTIVO","PROVINCIAL","MENDOZA","SN",32,"SI"
2026-09-10,"DI CE TOURS SRL","707 A","NO","COLECTIVO","PROVINCIAL","MENDOZA","SN",448,"SI"
2026-09-10,"DI CE TOURS SRL","707 B","NO","COLECTIVO","PROVINCIAL","MENDOZA","SN",1320,"SI"
2026-09-10,"DI CE TOURS SRL","710 A","NO","COLECTIVO","PROVINCIAL","MENDOZA","SN",881,"SI"
2026-09-10,"DI CE TOURS SRL","711 B","NO","COLECTIVO","PROVINCIAL","MENDOZA","SN",680,"SI"
2026-09-10,"DI CE TOURS SRL","712 C","NO","COLECTIVO","PROVINCIAL","MENDOZA","SN",1928,"SI"
2026-09-10,"DI CE TOURS SRL","713 C","NO","COLECTIVO","PROVINCIAL","MENDOZA","SN",157,"SI"
2026-09-10,"DI CE TOURS SRL","713 D","NO","COLECTIVO","PROVINCIAL","MENDOZA","SN",76,"SI"
2026-09-10,"DI CE TOURS SRL","713 E","NO","COLECTIVO","PROVINCIAL","MENDOZA","SN",697,"SI"
2026-09-10,"DI CE TOURS SRL","713 F","NO","COLECTIVO","PROVINCIAL","MENDOZA","SN",677,"SI"
2026-09-10,"DI CE TOURS SRL","715 A","NO","COLECTIVO","PROVINCIAL","MENDOZA","SN",470,"SI"
2026-09-10,"DI CE TOURS SRL","715 F","NO","COLECTIVO","PROVINCIAL","MENDOZA","SN",183,"SI"
2026-09-10,"DI CE TOURS SRL","717 C","NO","COLECTIVO","PROVINCIAL","MENDOZA","SN",288,"SI"
2026-09-10,"DI CE TOURS SRL","718 B","NO","COLECTIVO","PROVINCIAL","MENDOZA","SN",438,"SI"
2026-09-10,"DI CE TOURS SRL","720 I","NO","COLECTIVO","PROVINCIAL","MENDOZA","SN",1542,"SI"
2026-09-10,"DI CE TOURS SRL","720 J","NO","COLECTIVO","PROVINCIAL","MENDOZA","SN",71,"SI"
2026-09-10,"DI CE TOURS SRL","720 L","NO","COLECTIVO","PROVINCIAL","MENDOZA","SN",5380,"SI"
2026-09-10,"DI CE TOURS SRL","722 B","NO","COLECTIVO","PROVINCIAL","MENDOZA","SN",231,"SI"
2026-09-10,"DI CE TOURS SRL","723 A","NO","COLECTIVO","PROVINCIAL","MENDOZA","SN",482,"SI"
2026-09-10,"DI CE TOURS SRL","724 A","NO","COLECTIVO","PROVINCIAL","MENDOZA","SN",880,"SI"
2026-09-10,"DI CE TOURS SRL","725 A","NO","COLECTIVO","PROVINCIAL","MENDOZA","SN",208,"SI"
2026-09-10,"DI CE TOURS SRL","725 B","NO","COLECTIVO","PROVINCIAL","MENDOZA","SN",515,"SI"
2026-09-10,"DI CE TOURS SRL","725 C","NO","COLECTIVO","PROVINCIAL","MENDOZA","SN",300,"SI"
2026-09-10,"DI CE TOURS SRL","725 D","NO","COLECTIVO","PROVINCIAL","MENDOZA","SN",141,"SI"
2026-09-10,"DI CE TOURS SRL","725 E","NO","COLECTIVO","PROVINCIAL","MENDOZA","SN",506,"SI"
2026-09-10,"DI CE TOURS SRL","725 G","NO","COLECTIVO","PROVINCIAL","MENDOZA","SN",295,"SI"
2026-09-10,"DI CE TOURS SRL","725 H","NO","COLECTIVO","PROVINCIAL","MENDOZA","SN",378,"SI"
2026-09-10,"NUEVA GENERACION S A","751 B","NO","COLECTIVO","PROVINCIAL","MENDOZA","SN",1189,"SI"
2026-09-10,"NUEVA GENERACION S A","751 D","NO","COLECTIVO","PROVINCIAL","MENDOZA","SN",811,"SI"
2026-09-10,"NUEVA GENERACION S A","754 A","NO","COLECTIVO","PROVINCIAL","MENDOZA","SN",48,"SI"
2026-09-10,"NUEVA GENERACION S A","754 D","NO","COLECTIVO","PROVINCIAL","MENDOZA","SN",37,"SI"
2026-09-10,"NUEVA GENERACION S A","754 G","NO","COLECTIVO","PROVINCIAL","MENDOZA","SN",7,"SI"
2026-09-10,"NUEVA GENERACION S A","754 H","NO","COLECTIVO","PROVINCIAL","MENDOZA","SN",5,"SI"
2026-09-10,"NUEVA GENERACION S A","754 I","NO","COLECTIVO","PROVINCIAL","MENDOZA","SN",7,"SI"
2026-09-10,"NUEVA GENERACION S A","754 J","NO","COLECTIVO","PROVINCIAL","MENDOZA","SN",15,"SI"
2026-09-10,"NUEVA GENERACION S A","755 A","NO","COLECTIVO","PROVINCIAL","MENDOZA","SN",804,"SI"
2026-09-10,"NUEVA GENERACION S A","755 B","NO","COLECTIVO","PROVINCIAL","MENDOZA","SN",919,"SI"
2026-09-10,"NUEVA GENERACION S A","755 C","NO","COLECTIVO","PROVINCIAL","MENDOZA","SN",81,"SI"
2026-09-10,"NUEVA GENERACION S A","755 D","NO","COLECTIVO","PROVINCIAL","MENDOZA","SN",76,"SI"
2026-09-10,"NUEVA GENERACION S A","755 E","NO","COLECTIVO","PROVINCIAL","MENDOZA","SN",1,"SI"
2026-09-10,"NUEVA GENERACION S A","758 A","NO","COLECTIVO","PROVINCIAL","MENDOZA","SN",2383,"SI"
2026-09-10,"NUEVA GENERACION S A","758 B","NO","COLECTIVO","PROVINCIAL","MENDOZA","SN",2339,"SI"
2026-09-10,"NUEVA GENERACION S A","758 C","NO","COLECTIVO","PROVINCIAL","MENDOZA","SN",724,"SI"
2026-09-10,"NUEVA GENERACION S A","758 D","NO","COLECTIVO","PROVINCIAL","MENDOZA","SN",582,"SI"
2026-09-10,"NUEVA GENERACION S A","759 A","NO","COLECTIVO","PROVINCIAL","MENDOZA","SN",618,"SI"
2026-09-10,"NUEVA GENERACION S A","759 B","NO","COLECTIVO","PROVINCIAL","MENDOZA","SN",464,"SI"
2026-09-10,"NUEVA GENERACION S A","760 A","NO","COLECTIVO","PROVINCIAL","MENDOZA","SN",2611,"SI"
2026-09-10,"NUEVA GENERACION S A","760 B","NO","COLECTIVO","PROVINCIAL","MENDOZA","SN",2617,"SI"
2026-09-10,"NUEVA GENERACION S A","762 A","NO","COLECTIVO","PROVINCIAL","MENDOZA","SN",1583,"SI"
2026-09-10,"NUEVA GENERACION S A","762 B","NO","COLECTIVO","PROVINCIAL","MENDOZA","SN",1950,"SI"
2026-09-10,"NUEVA GENERACION S A","762 K","NO","COLECTIVO","PROVINCIAL","MENDOZA","SN",28,"SI"
2026-09-10,"NUEVA GENERACION S A","763 A","NO","COLECTIVO","PROVINCIAL","MENDOZA","SN",20,"SI"
2026-09-10,"NUEVA GENERACION S A","763 B","NO","COLECTIVO","PROVINCIAL","MENDOZA","SN",68,"SI"
2026-09-10,"NUEVA GENERACION S A","763 C","NO","COLECTIVO","PROVINCIAL","MENDOZA","SN",94,"SI"
2026-09-10,"NUEVA GENERACION S A","763 D","NO","COLECTIVO","PROVINCIAL","MENDOZA","SN",201,"SI"
2026-09-10,"NUEVA GENERACION S A","763 H","NO","COLECTIVO","PROVINCIAL","MENDOZA","SN",1,"SI"
2026-09-10,"NUEVA GENERACION S A","764 B","NO","COLECTIVO","PROVINCIAL","MENDOZA","SN",42,"SI"
2026-09-10,"NUEVA GENERACION S A","764 C","NO","COLECTIVO","PROVINCIAL","MENDOZA","SN",59,"SI"
2026-09-10,"NUEVA GENERACION S A","764 E","NO","COLECTIVO","PROVINCIAL","MENDOZA","SN",270,"SI"
2026-09-10,"NUEVA GENERACION S A","764 F","NO","COLECTIVO","PROVINCIAL","MENDOZA","SN",34,"SI"
2026-09-10,"NUEVA GENERACION S A","764 G","NO","COLECTIVO","PROVINCIAL","MENDOZA","SN",163,"SI"
2026-09-10,"NUEVA GENERACION S A","764 H","NO","COLECTIVO","PROVINCIAL","MENDOZA","SN",38,"SI"
2026-09-10,"NUEVA GENERACION S A","764 J","NO","COLECTIVO","PROVINCIAL","MENDOZA","SN",91,"SI"
2026-09-10,"NUEVA GENERACION S A","764 N","NO","COLECTIVO","PROVINCIAL","MENDOZA","SN",63,"SI"
2026-09-10,"NUEVA GENERACION S A","764 O","NO","COLECTIVO","PROVINCIAL","MENDOZA","SN",33,"SI"
2026-09-10,"NUEVA GENERACION S A","764 P","NO","COLECTIVO","PROVINCIAL","MENDOZA","SN",13,"SI"
2026-09-10,"NUEVA GENERACION S A","765 A","NO","COLECTIVO","PROVINCIAL","MENDOZA","SN",23,"SI"
2026-09-10,"NUEVA GENERACION S A","765 B","NO","COLECTIVO","PROVINCIAL","MENDOZA","SN",34,"SI"
2026-09-10,"NUEVA GENERACION S A","765 C","NO","COLECTIVO","PROVINCIAL","MENDOZA","SN",25,"SI"
2026-09-10,"NUEVA GENERACION S A","765 D","NO","COLECTIVO","PROVINCIAL","MENDOZA","SN",39,"SI"
2026-09-10,"NUEVA GENERACION S A","766 D","NO","COLECTIVO","PROVINCIAL","MENDOZA","SN",67,"SI"
2026-09-10,"NUEVA GENERACION S A","766 F","NO","COLECTIVO","PROVINCIAL","MENDOZA","SN",43,"SI"
2026-09-10,"NUEVA GENERACION S A","766 G","NO","COLECTIVO","PROVINCIAL","MENDOZA","SN",67,"SI"
2026-09-10,"NUEVA GENERACION S A","766 I","NO","COLECTIVO","PROVINCIAL","MENDOZA","SN",30,"SI"
2026-09-10,"NUEVA GENERACION S A","766 J","NO","COLECTIVO","PROVINCIAL","MENDOZA","SN",25,"SI"
2026-09-10,"NUEVA GENERACION S A","767 B","NO","COLECTIVO","PROVINCIAL","MENDOZA","SN",80,"SI"
2026-09-10,"NUEVA GENERACION S A","767 C","NO","COLECTIVO","PROVINCIAL","MENDOZA","SN",27,"SI"
2026-09-10,"NUEVA GENERACION S A","767 D","NO","COLECTIVO","PROVINCIAL","MENDOZA","SN",8,"SI"
2026-09-10,"NUEVA GENERACION S A","767 E","NO","COLECTIVO","PROVINCIAL","MENDOZA","SN",68,"SI"
2026-09-10,"NUEVA GENERACION S A","767 F","NO","COLECTIVO","PROVINCIAL","MENDOZA","SN",16,"SI"
2026-09-10,"NUEVA GENERACION S A","767 G","NO","COLECTIVO","PROVINCIAL","MENDOZA","SN",33,"SI"
2026-09-10,"NUEVA GENERACION S A","768 A","NO","COLECTIVO","PROVINCIAL","MENDOZA","SN",271,"SI"
2026-09-10,"NUEVA GENERACION S A","768 B","NO","COLECTIVO","PROVINCIAL","MENDOZA","SN",230,"SI"
2026-09-10,"NUEVA GENERACION S A","768 C","NO","COLECTIVO","PROVINCIAL","MENDOZA","SN",1361,"SI"
2026-09-10,"NUEVA GENERACION S A","768 D","NO","COLECTIVO","PROVINCIAL","MENDOZA","SN",1541,"SI"
2026-09-10,"NUEVA GENERACION S A","768 F","NO","COLECTIVO","PROVINCIAL","MENDOZA","SN",14,"SI"
2026-09-10,"NUEVA GENERACION S A","768 H","NO","COLECTIVO","PROVINCIAL","MENDOZA","SN",37,"SI"
2026-09-10,"NUEVA GENERACION S A","768 J","NO","COLECTIVO","PROVINCIAL","MENDOZA","SN",22,"SI"
2026-09-10,"NUEVA GENERACION S A","768 N","NO","COLECTIVO","PROVINCIAL","MENDOZA","SN",32,"SI"
2026-09-10,"NUEVA GENERACION S A","769 A","NO","COLECTIVO","PROVINCIAL","MENDOZA","SN",162,"SI"
2026-09-10,"NUEVA GENERACION S A","769 C","NO","COLECTIVO","PROVINCIAL","MENDOZA","SN",275,"SI"
2026-09-10,"NUEVA GENERACION S A","769 D","NO","COLECTIVO","PROVINCIAL","MENDOZA","SN",75,"SI"
2026-09-10,"NUEVA GENERACION S A","769 E","NO","COLECTIVO","PROVINCIAL","MENDOZA","SN",160,"SI"
2026-09-10,"NUEVA GENERACION S A","769 F","NO","COLECTIVO","PROVINCIAL","MENDOZA","SN",69,"SI"
2026-09-10,"NUEVA GENERACION S A","769 H","NO","COLECTIVO","PROVINCIAL","MENDOZA","SN",34,"SI"
2026-09-10,"NUEVA GENERACION S A","769 I","NO","COLECTIVO","PROVINCIAL","MENDOZA","SN",52,"SI"
2026-09-10,"NUEVA GENERACION S A","770 A","NO","COLECTIVO","PROVINCIAL","MENDOZA","SN",95,"SI"
2026-09-10,"NUEVA GENERACION S A","770 B","NO","COLECTIVO","PROVINCIAL","MENDOZA","SN",42,"SI"
2026-09-10,"NUEVA GENERACION S A","771 A","NO","COLECTIVO","PROVINCIAL","MENDOZA","SN",10,"SI"
2026-09-10,"NUEVA GENERACION S A","771 B","NO","COLECTIVO","PROVINCIAL","MENDOZA","SN",33,"SI"
2026-09-10,"NUEVA GENERACION S A","771 C","NO","COLECTIVO","PROVINCIAL","MENDOZA","SN",47,"SI"
2026-09-10,"NUEVA GENERACION S A","771 D","NO","COLECTIVO","PROVINCIAL","MENDOZA","SN",43,"SI"
2026-09-10,"NUEVA GENERACION S A","771 E","NO","COLECTIVO","PROVINCIAL","MENDOZA","SN",52,"SI"
2026-09-10,"NUEVA GENERACION S A","771 G","NO","COLECTIVO","PROVINCIAL","MENDOZA","SN",14,"SI"
2026-09-10,"NUEVA GENERACION S A","771 H","NO","COLECTIVO","PROVINCIAL","MENDOZA","SN",25,"SI"
2026-09-10,"NUEVA GENERACION S A","771 I","NO","COLECTIVO","PROVINCIAL","MENDOZA","SN",28,"SI"
2026-09-10,"NUEVA GENERACION S A","772 A","NO","COLECTIVO","PROVINCIAL","MENDOZA","SN",105,"SI"
2026-09-10,"NUEVA GENERACION S A","772 B","NO","COLECTIVO","PROVINCIAL","MENDOZA","SN",51,"SI"
2026-09-10,"NUEVA GENERACION S A","772 C","NO","COLECTIVO","PROVINCIAL","MENDOZA","SN",59,"SI"
2026-09-10,"NUEVA GENERACION S A","772 D","NO","COLECTIVO","PROVINCIAL","MENDOZA","SN",30,"SI"
2026-09-10,"NUEVA GENERACION S A","774 A","NO","COLECTIVO","PROVINCIAL","MENDOZA","SN",58,"SI"
2026-09-10,"NUEVA GENERACION S A","774 B","NO","COLECTIVO","PROVINCIAL","MENDOZA","SN",21,"SI"
2026-09-10,"NUEVA GENERACION S A","774 E","NO","COLECTIVO","PROVINCIAL","MENDOZA","SN",26,"SI"
2026-09-10,"NUEVA GENERACION S A","774 F","NO","COLECTIVO","PROVINCIAL","MENDOZA","SN",26,"SI"
2026-09-10,"NUEVA GENERACION S A","774 G","NO","COLECTIVO","PROVINCIAL","MENDOZA","SN",63,"SI"
2026-09-10,"NUEVA GENERACION S A","775 A","NO","COLECTIVO","PROVINCIAL","MENDOZA","SN",31,"SI"
2026-09-10,"NUEVA GENERACION S A","775 B","NO","COLECTIVO","PROVINCIAL","MENDOZA","SN",19,"SI"
2026-09-10,"NUEVA GENERACION S A","775 C","NO","COLECTIVO","PROVINCIAL","MENDOZA","SN",55,"SI"
2026-09-10,"NUEVA GENERACION S A","775 G","NO","COLECTIVO","PROVINCIAL","MENDOZA","SN",14,"SI"
2026-09-10,"NUEVA GENERACION S A","776 A","NO","COLECTIVO","PROVINCIAL","MENDOZA","SN",108,"SI"
2026-09-10,"NUEVA GENERACION S A","776 B","NO","COLECTIVO","PROVINCIAL","MENDOZA","SN",24,"SI"
2026-09-10,"NUEVA GENERACION S A","776 C","NO","COLECTIVO","PROVINCIAL","MENDOZA","SN",24,"SI"
2026-09-10,"NUEVA GENERACION S A","776 D","NO","COLECTIVO","PROVINCIAL","MENDOZA","SN",83,"SI"
2026-09-10,"NUEVA GENERACION S A","776 E","NO","COLECTIVO","PROVINCIAL","MENDOZA","SN",72,"SI"
2026-09-10,"NUEVA GENERACION S A","776 F","NO","COLECTIVO","PROVINCIAL","MENDOZA","SN",18,"SI"
2026-09-10,"NUEVA GENERACION S A","776 G","NO","COLECTIVO","PROVINCIAL","MENDOZA","SN",32,"SI"
2026-09-10,"NUEVA GENERACION S A","776 H","NO","COLECTIVO","PROVINCIAL","MENDOZA","SN",8,"SI"
2026-09-10,"NUEVA GENERACION S A","776 I","NO","COLECTIVO","PROVINCIAL","MENDOZA","SN",34,"SI"
2026-09-10,"NUEVA GENERACION S A","777 A","NO","COLECTIVO","PROVINCIAL","MENDOZA","SN",51,"SI"
2026-09-10,"NUEVA GENERACION S A","777 C","NO","COLECTIVO","PROVINCIAL","MENDOZA","SN",128,"SI"
2026-09-10,"NUEVA GENERACION S A","777 D","NO","COLECTIVO","PROVINCIAL","MENDOZA","SN",56,"SI"
2026-09-10,"NUEVA GENERACION S A","777 G","NO","COLECTIVO","PROVINCIAL","MENDOZA","SN",39,"SI"
2026-09-10,"NUEVA GENERACION S A","777 H","NO","COLECTIVO","PROVINCIAL","MENDOZA","SN",96,"SI"
2026-09-10,"NUEVA GENERACION S A","777 J","NO","COLECTIVO","PROVINCIAL","MENDOZA","SN",8,"SI"
2026-09-10,"NUEVA GENERACION S A","777 K","NO","COLECTIVO","PROVINCIAL","MENDOZA","SN",82,"SI"
2026-09-10,"NUEVA GENERACION S A","777 N","NO","COLECTIVO","PROVINCIAL","MENDOZA","SN",62,"SI"
2026-09-10,"NUEVA GENERACION S A","777 O","NO","COLECTIVO","PROVINCIAL","MENDOZA","SN",80,"SI"
2026-09-10,"NUEVA GENERACION S A","777 P","NO","COLECTIVO","PROVINCIAL","MENDOZA","SN",90,"SI"
2026-09-10,"NUEVA GENERACION S A","778 A","NO","COLECTIVO","PROVINCIAL","MENDOZA","SN",17,"SI"
2026-09-10,"NUEVA GENERACION S A","778 B","NO","COLECTIVO","PROVINCIAL","MENDOZA","SN",151,"SI"
2026-09-10,"NUEVA GENERACION S A","778 C","NO","COLECTIVO","PROVINCIAL","MENDOZA","SN",178,"SI"
2026-09-10,"NUEVA GENERACION S A","778 D","NO","COLECTIVO","PROVINCIAL","MENDOZA","SN",60,"SI"
2026-09-10,"NUEVA GENERACION S A","778 E","NO","COLECTIVO","PROVINCIAL","MENDOZA","SN",148,"SI"
2026-09-10,"NUEVA GENERACION S A","778 M","NO","COLECTIVO","PROVINCIAL","MENDOZA","SN",54,"SI"
2026-09-10,"NUEVA GENERACION S A","779 A","NO","COLECTIVO","PROVINCIAL","MENDOZA","SN",61,"SI"
2026-09-10,"NUEVA GENERACION S A","780 C","NO","COLECTIVO","PROVINCIAL","MENDOZA","SN",84,"SI"
2026-09-10,"NUEVA GENERACION S A","780 D","NO","COLECTIVO","PROVINCIAL","MENDOZA","SN",76,"SI"
2026-09-10,"NUEVA GENERACION S A","782 A","NO","COLECTIVO","PROVINCIAL","MENDOZA","SN",69,"SI"
2026-09-10,"NUEVA GENERACION S A","782 B","NO","COLECTIVO","PROVINCIAL","MENDOZA","SN",18,"SI"
2026-09-10,"NUEVA GENERACION S A","782 C","NO","COLECTIVO","PROVINCIAL","MENDOZA","SN",40,"SI"
2026-09-10,"NUEVA GENERACION S A","782 D","NO","COLECTIVO","PROVINCIAL","MENDOZA","SN",114,"SI"
2026-09-10,"NUEVA GENERACION S A","782 F","NO","COLECTIVO","PROVINCIAL","MENDOZA","SN",259,"SI"
2026-09-10,"NUEVA GENERACION S A","782 G","NO","COLECTIVO","PROVINCIAL","MENDOZA","SN",55,"SI"
2026-09-10,"NUEVA GENERACION S A","782 I","NO","COLECTIVO","PROVINCIAL","MENDOZA","SN",20,"SI"
2026-09-10,"NUEVA GENERACION S A","782 J","NO","COLECTIVO","PROVINCIAL","MENDOZA","SN",4,"SI"
2026-09-10,"NUEVA GENERACION S A","783 B","NO","COLECTIVO","PROVINCIAL","MENDOZA","SN",109,"SI"
2026-09-10,"NUEVA GENERACION S A","783 C","NO","COLECTIVO","PROVINCIAL","MENDOZA","SN",191,"SI"
2026-09-10,"NUEVA GENERACION S A","783 D","NO","COLECTIVO","PROVINCIAL","MENDOZA","SN",19,"SI"
2026-09-10,"NUEVA GENERACION S A","783 E","NO","COLECTIVO","PROVINCIAL","MENDOZA","SN",3,"SI"
2026-09-10,"NUEVA GENERACION S A","784 A","NO","COLECTIVO","PROVINCIAL","MENDOZA","SN",66,"SI"
2026-09-10,"NUEVA GENERACION S A","784 B","NO","COLECTIVO","PROVINCIAL","MENDOZA","SN",13,"SI"
2026-09-10,"NUEVA GENERACION S A","784 C","NO","COLECTIVO","PROVINCIAL","MENDOZA","SN",23,"SI"
2026-09-10,"NUEVA GENERACION S A","784 E","NO","COLECTIVO","PROVINCIAL","MENDOZA","SN",24,"SI"
2026-09-10,"NUEVA GENERACION S A","784 I","NO","COLECTIVO","PROVINCIAL","MENDOZA","SN",12,"SI"
2026-09-10,"NUEVA GENERACION S A","785 A","NO","COLECTIVO","PROVINCIAL","MENDOZA","SN",8,"SI"
2026-09-10,"NUEVA GENERACION S A","785 B","NO","COLECTIVO","PROVINCIAL","MENDOZA","SN",53,"SI"
2026-09-10,"NUEVA GENERACION S A","785 D","NO","COLECTIVO","PROVINCIAL","MENDOZA","SN",31,"SI"
2026-09-10,"NUEVA GENERACION S A","785 J","NO","COLECTIVO","PROVINCIAL","MENDOZA","SN",8,"SI"
2026-09-10,"NUEVA GENERACION S A","786 A","NO","COLECTIVO","PROVINCIAL","MENDOZA","SN",435,"SI"
2026-09-10,"NUEVA GENERACION S A","786 B","NO","COLECTIVO","PROVINCIAL","MENDOZA","SN",436,"SI"
2026-09-10,"NUEVA GENERACION S A","786 C","NO","COLECTIVO","PROVINCIAL","MENDOZA","SN",67,"SI"
2026-09-10,"NUEVA GENERACION S A","786 D","NO","COLECTIVO","PROVINCIAL","MENDOZA","SN",79,"SI"
2026-09-10,"NUEVA GENERACION S A","787 A","NO","COLECTIVO","PROVINCIAL","MENDOZA","SN",317,"SI"
2026-09-10,"NUEVA GENERACION S A","787 B","NO","COLECTIVO","PROVINCIAL","MENDOZA","SN",299,"SI"
2026-09-10,"NUEVA GENERACION S A","788 D","NO","COLECTIVO","PROVINCIAL","MENDOZA","SN",235,"SI"
2026-09-10,"NUEVA GENERACION S A","789 A","NO","COLECTIVO","PROVINCIAL","MENDOZA","SN",36,"SI"
2026-09-10,"NUEVA GENERACION S A","789 B","NO","COLECTIVO","PROVINCIAL","MENDOZA","SN",81,"SI"
2026-09-10,"NUEVA GENERACION S A","789 C","NO","COLECTIVO","PROVINCIAL","MENDOZA","SN",59,"SI"
2026-09-10,"NUEVA GENERACION S A","789 D","NO","COLECTIVO","PROVINCIAL","MENDOZA","SN",19,"SI"
2026-09-10,"NUEVA GENERACION S A","789 E","NO","COLECTIVO","PROVINCIAL","MENDOZA","SN",19,"SI"
2026-09-10,"NUEVA GENERACION S A","789 F","NO","COLECTIVO","PROVINCIAL","MENDOZA","SN",45,"SI"
2026-09-10,"NUEVA GENERACION S A","789 G","NO","COLECTIVO","PROVINCIAL","MENDOZA","SN",43,"SI"
2026-09-10,"NUEVA GENERACION S A","790 A","NO","COLECTIVO","PROVINCIAL","MENDOZA","SN",13,"SI"
2026-09-10,"NUEVA GENERACION S A","790 B","NO","COLECTIVO","PROVINCIAL","MENDOZA","SN",64,"SI"
2026-09-10,"NUEVA GENERACION S A","790 C","NO","COLECTIVO","PROVINCIAL","MENDOZA","SN",28,"SI"
2026-09-10,"NUEVA GENERACION S A","790 D","NO","COLECTIVO","PROVINCIAL","MENDOZA","SN",40,"SI"
2026-09-10,"NUEVA GENERACION S A","790 E","NO","COLECTIVO","PROVINCIAL","MENDOZA","SN",63,"SI"
2026-09-10,"NUEVA GENERACION S A","790 F","NO","COLECTIVO","PROVINCIAL","MENDOZA","SN",3,"SI"
2026-09-10,"NUEVA GENERACION S A","790 G","NO","COLECTIVO","PROVINCIAL","MENDOZA","SN",32,"SI"
2026-09-10,"NUEVA GENERACION S A","790 H","NO","COLECTIVO","PROVINCIAL","MENDOZA","SN",15,"SI"
2026-09-10,"NUEVA GENERACION S A","790 I","NO","COLECTIVO","PROVINCIAL","MENDOZA","SN",32,"SI"
2026-09-10,"NUEVA GENERACION S A","790 J","NO","COLECTIVO","PROVINCIAL","MENDOZA","SN",50,"SI"
2026-09-10,"NUEVA GENERACION S A","790 L","NO","COLECTIVO","PROVINCIAL","MENDOZA","SN",39,"SI"
2026-09-10,"NUEVA GENERACION S A","790 M","NO","COLECTIVO","PROVINCIAL","MENDOZA","SN",35,"SI"
2026-09-10,"NUEVA GENERACION S A","790 N","NO","COLECTIVO","PROVINCIAL","MENDOZA","SN",30,"SI"
2026-09-10,"NUEVA GENERACION S A","790 P","NO","COLECTIVO","PROVINCIAL","MENDOZA","SN",83,"SI"
2026-09-10,"NUEVA GENERACION S A","790 Q","NO","COLECTIVO","PROVINCIAL","MENDOZA","SN",4,"SI"
2026-09-10,"NUEVA GENERACION S A","790 R","NO","COLECTIVO","PROVINCIAL","MENDOZA","SN",6,"SI"
2026-09-10,"NUEVA GENERACION S A","790 S","NO","COLECTIVO","PROVINCIAL","MENDOZA","SN",76,"SI"
2026-09-10,"NUEVA GENERACION S A","790 T","NO","COLECTIVO","PROVINCIAL","MENDOZA","SN",13,"SI"
2026-09-10,"NUEVA GENERACION S A","790 U","NO","COLECTIVO","PROVINCIAL","MENDOZA","SN",26,"SI"
2026-09-10,"NUEVA GENERACION S A","791 A","NO","COLECTIVO","PROVINCIAL","MENDOZA","SN",1,"SI"
2026-09-10,"NUEVA GENERACION S A","791 B","NO","COLECTIVO","PROVINCIAL","MENDOZA","SN",5,"SI"
2026-09-10,"NUEVA GENERACION S A","791 C","NO","COLECTIVO","PROVINCIAL","MENDOZA","SN",34,"SI"
2026-09-10,"NUEVA GENERACION S A","791 D","NO","COLECTIVO","PROVINCIAL","MENDOZA","SN",5,"SI"
2026-09-10,"NUEVA GENERACION S A","791 E","NO","COLECTIVO","PROVINCIAL","MENDOZA","SN",22,"SI"
2026-09-10,"NUEVA GENERACION S A","791 H","NO","COLECTIVO","PROVINCIAL","MENDOZA","SN",30,"SI"
2026-09-10,"NUEVA GENERACION S A","791 J","NO","COLECTIVO","PROVINCIAL","MENDOZA","SN",4,"SI"
2026-09-10,"NUEVA GENERACION S A","791 K","NO","COLECTIVO","PROVINCIAL","MENDOZA","SN",36,"SI"
2026-09-10,"NUEVA GENERACION S A","791 L","NO","COLECTIVO","PROVINCIAL","MENDOZA","SN",7,"SI"
2026-09-10,"NUEVA GENERACION S A","791 M","NO","COLECTIVO","PROVINCIAL","MENDOZA","SN",15,"SI"
2026-09-10,"NUEVA GENERACION S A","791 Q","NO","COLECTIVO","PROVINCIAL","MENDOZA","SN",47,"SI"
2026-09-10,"NUEVA GENERACION S A","791 R","NO","COLECTIVO","PROVINCIAL","MENDOZA","SN",1,"SI"
2026-09-10,"NUEVA GENERACION S A","798 A","NO","COLECTIVO","PROVINCIAL","MENDOZA","SN",81,"SI"
2026-09-10,"NUEVA GENERACION S A","798 B","NO","COLECTIVO","PROVINCIAL","MENDOZA","SN",83,"SI"
2026-09-10,"NUEVA GENERACION S A","798 C","NO","COLECTIVO","PROVINCIAL","MENDOZA","SN",32,"SI"
2026-09-10,"NUEVA GENERACION S A","798 D","NO","COLECTIVO","PROVINCIAL","MENDOZA","SN",76,"SI"
2026-09-10,"NUEVA GENERACION S A","798 H","NO","COLECTIVO","PROVINCIAL","MENDOZA","SN",56,"SI"
2026-09-10,"NUEVA GENERACION S A","799 B","NO","COLECTIVO","PROVINCIAL","MENDOZA","SN",66,"SI"
2026-09-10,"NUEVA GENERACION S A","799 C","NO","COLECTIVO","PROVINCIAL","MENDOZA","SN",14,"SI"
2026-09-10,"NUEVA GENERACION S A","799 D","NO","COLECTIVO","PROVINCIAL","MENDOZA","SN",33,"SI"
2026-09-10,"NUEVA GENERACION S A","799 G","NO","COLECTIVO","PROVINCIAL","MENDOZA","SN",16,"SI"
2026-09-10,"NUEVA GENERACION S A","799 H","NO","COLECTIVO","PROVINCIAL","MENDOZA","SN",34,"SI"
2026-09-10,"NUEVA GENERACION S A","799 J","NO","COLECTIVO","PROVINCIAL","MENDOZA","SN",11,"SI"
2026-09-10,"NUEVA GENERACION S A","799 M","NO","COLECTIVO","PROVINCIAL","MENDOZA","SN",18,"SI"
2026-09-10,"NUEVA GENERACION S A","799 O","NO","COLECTIVO","PROVINCIAL","MENDOZA","SN",51,"SI"
2026-09-10,"NUEVA GENERACION S A","799 Q","NO","COLECTIVO","PROVINCIAL","MENDOZA","SN",55,"SI"
2026-09-10,"NUEVA GENERACION S A","799 R","NO","COLECTIVO","PROVINCIAL","MENDOZA","SN",77,"SI"
2026-09-10,"NUEVA GENERACION S A","799 S","NO","COLECTIVO","PROVINCIAL","MENDOZA","SN",34,"SI"
2026-09-10,"NUEVA GENERACION S A","799 T","NO","COLECTIVO","PROVINCIAL","MENDOZA","SN",1,"SI"
2026-09-10,"NUEVA GENERACION S A","799 V","NO","COLECTIVO","PROVINCIAL","MENDOZA","SN",38,"SI"
2026-09-10,"NUEVA GENERACION S A","799 W","NO","COLECTIVO","PROVINCIAL","MENDOZA","SN",82,"SI"
2026-09-10,"NUEVA GENERACION S A","799 X","NO","COLECTIVO","PROVINCIAL","MENDOZA","SN",48,"SI"
2026-09-10,"NUEVA GENERACION S A","799 Z","NO","COLECTIVO","PROVINCIAL","MENDOZA","SN",12,"SI"
2026-09-10,"COOP. DE PROVISION DE SERVICIOS 1 DE SEPTIEMBRE LTDA","AEROCLUB - 140 VIV.","NO","COLECTIVO","MUNICIPAL","RÍO NEGRO","GENERAL ROCA",525,"SI"
2026-09-10,"TRANSPORTES 8 DE OCTUBRE S.A.","AGUSTIN ROCA - JUNIN","NO","COLECTIVO","MUNICIPAL","BUENOS AIRES","JUNIN",48,"SI"
2026-09-10,"COOP. DE PROVISION DE SERVICIOS 1 DE SEPTIEMBRE LTDA","BARRIO NUEVO","NO","COLECTIVO","MUNICIPAL","RÍO NEGRO","GENERAL ROCA",1571,"SI"
2026-09-10,"EMPRESA BATAN S.A.","BS_AS_LINEA 715M","NO","COLECTIVO","MUNICIPAL","BUENOS AIRES","GENERAL PUEYRREDON",7120,"SI"
2026-09-10,"EMPRESA BATAN S.A.","BS_AS_LINEA 720M","NO","COLECTIVO","MUNICIPAL","BUENOS AIRES","GENERAL PUEYRREDON",334,"SI"
2026-09-10,"COMPAÑIA  DE TRANSPORTE VECINAL S.A.","BS_AS_LINEA_326","SI","COLECTIVO","PROVINCIAL","BUENOS AIRES","SN",2941,"SI"
2026-09-10,"EMPRESA DE TRANSPORTE PERALTA RAMOS SACI","BS_AS_LINEA_512","NO","COLECTIVO","MUNICIPAL","BUENOS AIRES","GENERAL PUEYRREDON",2932,"SI"
2026-09-10,"EL URBANO SRL","BS_AS_LINEA_522","SI","COLECTIVO","MUNICIPAL","BUENOS AIRES","LANUS",853,"SI"
2026-09-10,"EL URBANO SRL","BS_AS_LINEA_527","SI","COLECTIVO","MUNICIPAL","BUENOS AIRES","LANUS",2123,"SI"
2026-09-10,"TRANSPORTES LINEA 123 S.A.C.I.","BS_ASLINEA_123","SI","COLECTIVO","NACIONAL","JN","SD",12532,"SI"
2026-09-10,"LA CENTRAL DE VICENTE LOPEZ S.A.","BSAS_LINEA 148","SI","COLECTIVO","NACIONAL","JN","SD",35059,"SI"
2026-09-10,"COMPAÑIA ISLEÑA S.R.L.","BSAS_LINEA302","SI","COLECTIVO","PROVINCIAL","BUENOS AIRES","SN",16060,"SI"
2026-09-10,"COMPAÑIA ISLEÑA S.R.L.","BSAS_LINEA303","SI","COLECTIVO","PROVINCIAL","BUENOS AIRES","SN",27817,"SI"
2026-09-10,"TRANPORTES VEINTIDOS DE SETIEMBRE S.A.C.","BSAS_LINEA_002","SI","COLECTIVO","NACIONAL","JN","SD",30082,"SI"
2026-09-10,"GENERAL TOMAS GUIDO S.A.C.I.F.","BSAS_LINEA_009","SI","COLECTIVO","NACIONAL","JN","SD",31932,"SI"
2026-09-10,"LINEA 10 S.A.","BSAS_LINEA_010","SI","COLECTIVO","NACIONAL","JN","SD",30115,"SI"
2026-09-10,"TRANSPORTES SUR-NOR C.I.S.A.","BSAS_LINEA_015","SI","COLECTIVO","NACIONAL","JN","SD",36557,"SI"
2026-09-10,"LINEA 17 S.A.","BSAS_LINEA_017","SI","COLECTIVO","NACIONAL","JN","SD",43631,"SI"
2026-09-10,"MICROOMNIBUS SAAVEDRA S.A.T.A.C.I.","BSAS_LINEA_019","SI","COLECTIVO","NACIONAL","JN","SD",21563,"SI"
2026-09-10,"TRANSPORTE LARRAZABAL C.I.S.A.","BSAS_LINEA_020","SI","COLECTIVO","NACIONAL","JN","SD",14964,"SI"
2026-09-10,"EMPRESA DE TRANSP. TTE. GRAL. ROCA S.A","BSAS_LINEA_021","SI","COLECTIVO","NACIONAL","JN","SD",64451,"SI"
2026-09-10,"LINEA 22 S.A.","BSAS_LINEA_022","SI","COLECTIVO","NACIONAL","JN","SD",6885,"SI"
2026-09-10,"EMP.TRANSP.AUTOM.DE PASAJEROS S.A.C.I.F.","BSAS_LINEA_024","SI","COLECTIVO","NACIONAL","JN","SD",50793,"SI"
2026-09-10,"EMP.DE TRANSP. PEDRO DE MENDOZA C.I.S.A.","BSAS_LINEA_029","SI","COLECTIVO","NACIONAL","JN","SD",35144,"SI"
2026-09-10,"EL PUENTE S.A.T.","BSAS_LINEA_032","SI","COLECTIVO","NACIONAL","JN","SD",14143,"SI"
2026-09-10,"4 DE SEPTIEMBRE S.A.T.C.P.","BSAS_LINEA_037","SI","COLECTIVO","NACIONAL","JN","SD",39841,"SI"
2026-09-10,"AZUL S.A. DE TRANSPORTE AUTOMOTOR","BSAS_LINEA_041","SI","COLECTIVO","NACIONAL","JN","SD",38849,"SI"
2026-09-10,"MICROOMNIBUS CUARENTA Y CINCO S.A.C.I.F.","BSAS_LINEA_045","SI","COLECTIVO","NACIONAL","JN","SD",34777,"SI"
2026-09-10,"UNION TRANSPORTISTAS DE EMPRESAS SA","BSAS_LINEA_046","SI","COLECTIVO","NACIONAL","JN","SD",24665,"SI"
2026-09-10,"BUENOS AIRES BUS SOCIEDAD ANONIMA","BSAS_LINEA_049","SI","COLECTIVO","NACIONAL","JN","SD",12936,"SI"
2026-09-10,"SAN VICENTE S.A. DE TRANSPORTES","BSAS_LINEA_051","SI","COLECTIVO","NACIONAL","JN","SD",30913,"SI"
2026-09-10,"LINEA 213 S.A. DE TRANSPORTE","BSAS_LINEA_053","SI","COLECTIVO","NACIONAL","JN","SD",50920,"SI"
2026-09-10,"ALMAFUERTE S.A.T.A.C.I.","BSAS_LINEA_055","SI","COLECTIVO","NACIONAL","JN","SD",24927,"SI"
2026-09-10,"TRANSPORTES LOPE DE VEGA S.A.C.I.","BSAS_LINEA_056","SI","COLECTIVO","NACIONAL","JN","SD",8959,"SI"
2026-09-10,"TRANSPORTES ATLANTIDA S.A.C.","BSAS_LINEA_057","SI","COLECTIVO","NACIONAL","JN","SD",46102,"SI"
2026-09-10,"MICROOMNIBUS CIUDAD DE BS.AS. S.A.T.C.I","BSAS_LINEA_059","SI","COLECTIVO","NACIONAL","JN","SD",62016,"SI"
2026-09-10,"MICRO OMNIBUS NORTE S.A.","BSAS_LINEA_060","SI","COLECTIVO","NACIONAL","JN","SD",124212,"SI"
2026-09-10,"BERNARDINO RIVADAVIA S.A.T.A.","BSAS_LINEA_063","SI","COLECTIVO","NACIONAL","JN","SD",25670,"SI"
2026-09-10,"TRANSPORTES DEL TEJAR S.A.","BSAS_LINEA_067","SI","COLECTIVO","NACIONAL","JN","SD",36392,"SI"
2026-09-10,"TRANSPORTES 270 S.A.","BSAS_LINEA_070","SI","COLECTIVO","NACIONAL","JN","SD",22378,"SI"
2026-09-10,"LINEA 71 S.A.","BSAS_LINEA_071","SI","COLECTIVO","NACIONAL","JN","SD",48029,"SI"
2026-09-10,"SAN VICENTE S.A. DE TRANSPORTES","BSAS_LINEA_074","SI","COLECTIVO","NACIONAL","JN","SD",18065,"SI"
2026-09-10,"LOS CONSTITUYENTES S.A.T.","BSAS_LINEA_078","SI","COLECTIVO","NACIONAL","JN","SD",33497,"SI"
2026-09-10,"SAN VICENTE S.A. DE TRANSPORTES","BSAS_LINEA_079","SI","COLECTIVO","NACIONAL","JN","SD",27868,"SI"
2026-09-10,"TRANSPORTES NUEVA CHICAGO C.I.S.A.","BSAS_LINEA_080","SI","COLECTIVO","NACIONAL","JN","SD",36800,"SI"
2026-09-10,"SOCIEDAD ANONIMA EXPRESO SUDOESTE","BSAS_LINEA_085","SI","COLECTIVO","NACIONAL","JN","SD",56295,"SI"
2026-09-10,"D.U.V.I. SOCIEDAD ANONIMA","BSAS_LINEA_086","SI","COLECTIVO","NACIONAL","JN","SD",16072,"SI"
2026-09-10,"LOS CONSTITUYENTES S.A.T.","BSAS_LINEA_087","SI","COLECTIVO","NACIONAL","JN","SD",24397,"SI"
2026-09-10,"LINEA EXPRESO LINIERS S.A.I.Y C.","BSAS_LINEA_088","SI","COLECTIVO","NACIONAL","JN","SD",19599,"SI"
2026-09-10,"TRANSPORTES LOPE DE VEGA S.A.C.I.","BSAS_LINEA_091","SI","COLECTIVO","NACIONAL","JN","SD",26016,"SI"
2026-09-10,"EMP.DE TRANSP.MICROOMN.SAENZ PEÑA S.R.L.","BSAS_LINEA_092","SI","COLECTIVO","NACIONAL","JN","SD",48785,"SI"
2026-09-10,"TRANSPORTES 1º SEPTIEMBRE S.A.","BSAS_LINEA_093","SI","COLECTIVO","NACIONAL","JN","SD",10765,"SI"
2026-09-10,"EMPRESA ANTARTIDA ARGENTINA S.A.T.","BSAS_LINEA_095","SI","COLECTIVO","NACIONAL","JN","SD",20277,"SI"
2026-09-10,"TRANSPORTE IDEAL SAN JUSTO S.A.","BSAS_LINEA_096","SI","COLECTIVO","NACIONAL","JN","SD",44266,"SI"
2026-09-10,"BUS DEL OESTE S.A.","BSAS_LINEA_097","SI","COLECTIVO","NACIONAL","JN","SD",11440,"SI"
2026-09-10,"EXPRESO QUILMES S.A.","BSAS_LINEA_098","SI","COLECTIVO","NACIONAL","JN","SD",76855,"SI"
2026-09-10,"TRANSPORTES AUTOMOTORES RIACHUELO S.A.","BSAS_LINEA_100","SI","COLECTIVO","NACIONAL","JN","SD",35900,"SI"
2026-09-10,"TRANSPORTES QUIRNO COSTA S.A.C.I.","BSAS_LINEA_103","SI","COLECTIVO","NACIONAL","JN","SD",27389,"SI"
2026-09-10,"EMPRESA DE TRANSPORTES AMERICA S.A.C.I.","BSAS_LINEA_105","SI","COLECTIVO","NACIONAL","JN","SD",37249,"SI"
2026-09-10,"GENERAL PUEYRREDON S.A.T.C.I.","BSAS_LINEA_110","SI","COLECTIVO","NACIONAL","JN","SD",39706,"SI"
2026-09-10,"LOS CONSTITUYENTES S.A.T.","BSAS_LINEA_111","SI","COLECTIVO","NACIONAL","JN","SD",21481,"SI"
2026-09-10,"BERNARDINO RIVADAVIA S.A.T.A.","BSAS_LINEA_113","SI","COLECTIVO","NACIONAL","JN","SD",33367,"SI"
2026-09-10,"LA CENTRAL DE VICENTE LOPEZ S.A.","BSAS_LINEA_114","SI","COLECTIVO","NACIONAL","JN","SD",26017,"SI"
2026-09-10,"TRANSPORTE LARRAZABAL C.I.S.A.","BSAS_LINEA_117","SI","COLECTIVO","NACIONAL","JN","SD",31723,"SI"
2026-09-10,"TRANSPORTES AUTOMOTORES CALLAO S.A.","BSAS_LINEA_124","SI","COLECTIVO","NACIONAL","JN","SD",28368,"SI"
2026-09-10,"CARDENAS S.A. EMPRESA DE TRANSPORTES","BSAS_LINEA_126","SI","COLECTIVO","NACIONAL","JN","SD",38761,"SI"
2026-09-10,"LOS CONSTITUYENTES S.A.T.","BSAS_LINEA_127","SI","COLECTIVO","NACIONAL","JN","SD",26067,"SI"
2026-09-10,"EL PUENTE S.A.T.","BSAS_LINEA_128","SI","COLECTIVO","NACIONAL","JN","SD",23429,"SI"
2026-09-10,"LA CENTRAL DE VICENTE LOPEZ S.A.","BSAS_LINEA_129","SI","COLECTIVO","NACIONAL","JN","SD",9538,"SI"
2026-09-10,"TRANSPORTES AVENIDA BERNARDO ADER S.A.","BSAS_LINEA_130","SI","COLECTIVO","NACIONAL","JN","SD",47938,"SI"
2026-09-10,"MICROOMNIBUS SAAVEDRA S.A.T.A.C.I.","BSAS_LINEA_133","SI","COLECTIVO","NACIONAL","JN","SD",25938,"SI"
2026-09-10,"TRANSPORTES AUTOMOTORES RIACHUELO S.A.","BSAS_LINEA_134","SI","COLECTIVO","NACIONAL","JN","SD",27169,"SI"
2026-09-10,"TRANSPORTES LOPE DE VEGA S.A.C.I.","BSAS_LINEA_135","SI","COLECTIVO","NACIONAL","JN","SD",26787,"SI"
2026-09-10,"SARGENTO CABRAL S.A.DE TRANSPORTE","BSAS_LINEA_136","SI","COLECTIVO","NACIONAL","JN","SD",9694,"SI"
2026-09-10,"MICROOMNIBUS SAAVEDRA S.A.T.A.C.I.","BSAS_LINEA_140","SI","COLECTIVO","NACIONAL","JN","SD",25103,"SI"
2026-09-10,"LA CENTRAL DE VICENTE LOPEZ S.A.","BSAS_LINEA_143","SI","COLECTIVO","NACIONAL","JN","SD",19341,"SI"
2026-09-10,"ROCARAZA S.A.","BSAS_LINEA_146","SI","COLECTIVO","NACIONAL","JN","SD",33474,"SI"
2026-09-10,"NUDO S.A.","BSAS_LINEA_150","SI","COLECTIVO","NACIONAL","JN","SD",27880,"SI"
2026-09-10,"EMPRESA TANDILENSE S.A.C.I.F.I.Y DE S.","BSAS_LINEA_152","SI","COLECTIVO","NACIONAL","JN","SD",82973,"SI"
2026-09-10,"MICROOMNIBUS SAAVEDRA S.A.T.A.C.I.","BSAS_LINEA_153","SI","COLECTIVO","NACIONAL","JN","SD",10028,"SI"
2026-09-10,"MICROOMNIBUS CUARENTA Y CINCO S.A.C.I.F.","BSAS_LINEA_154","SI","COLECTIVO","NACIONAL","JN","SD",2454,"SI"
2026-09-10,"EL PUENTE S.A.T.","BSAS_LINEA_158","SI","COLECTIVO","NACIONAL","JN","SD",19772,"SI"
2026-09-10,"MICRO OMNIBUS QUILMES S.A.C.I. Y F.","BSAS_LINEA_159","SI","COLECTIVO","NACIONAL","JN","SD",59245,"SI"
2026-09-10,"MICRO OMNIBUS SUR S.A.C.","BSAS_LINEA_160","SI","COLECTIVO","NACIONAL","JN","SD",43791,"SI"
2026-09-10,"TRANSPORTE LARRAZABAL C.I.S.A.","BSAS_LINEA_161","SI","COLECTIVO","NACIONAL","JN","SD",44432,"SI"
2026-09-10,"SARGENTO CABRAL S.A.DE TRANSPORTE","BSAS_LINEA_163","SI","COLECTIVO","NACIONAL","JN","SD",4766,"SI"
2026-09-10,"EMPRESA LINEA 216 S.A.T.","BSAS_LINEA_166","SI","COLECTIVO","NACIONAL","JN","SD",36157,"SI"
2026-09-10,"EXPRESO SAN ISIDRO S.A.T.C.I.F.I.","BSAS_LINEA_168","SI","COLECTIVO","NACIONAL","JN","SD",39837,"SI"
2026-09-10,"TRANSPORTE ESCALADA S.A.T.","BSAS_LINEA_169","SI","COLECTIVO","NACIONAL","JN","SD",22533,"SI"
2026-09-10,"LA CABAÑA S.A.","BSAS_LINEA_172","SI","COLECTIVO","NACIONAL","JN","SD",18535,"SI"
2026-09-10,"LA CABAÑA S.A.","BSAS_LINEA_174","SI","COLECTIVO","NACIONAL","JN","SD",26676,"SI"
2026-09-10,"EXPRESO GENERAL SARMIENTO S.A.","BSAS_LINEA_176","SI","COLECTIVO","NACIONAL","JN","SD",65826,"SI"
2026-09-10,"SAN VICENTE S.A. DE TRANSPORTES","BSAS_LINEA_177","SI","COLECTIVO","NACIONAL","JN","SD",24914,"SI"
2026-09-10,"COMPAÑIA MICROOMNIBUS LA COLORADA SACI","BSAS_LINEA_178","SI","COLECTIVO","NACIONAL","JN","SD",42702,"SI"
2026-09-10,"GRUPO LINEA 179 S.A.","BSAS_LINEA_179","SI","COLECTIVO","NACIONAL","JN","SD",10330,"SI"
2026-09-10,"LA VECINAL DE MATANZA SACI. DE MICROOMNIBUS","BSAS_LINEA_180","SI","COLECTIVO","NACIONAL","JN","SD",42955,"SI"
2026-09-10,"TTES.AUTOMOTORES DE PASAJEROS SIGLO XXI SA","BSAS_LINEA_181","SI","COLECTIVO","NACIONAL","JN","SD",22199,"SI"
2026-09-10,"SARGENTO CABRAL S.A.DE TRANSPORTE","BSAS_LINEA_182","SI","COLECTIVO","NACIONAL","JN","SD",48325,"SI"
2026-09-10,"MICROOMNIBUS SAAVEDRA S.A.T.A.C.I.","BSAS_LINEA_184","SI","COLECTIVO","NACIONAL","JN","SD",14716,"SI"
2026-09-10,"TRANSPORTE IDEAL SAN JUSTO S.A.","BSAS_LINEA_185","SI","COLECTIVO","NACIONAL","JN","SD",8721,"SI"
2026-09-10,"TRANSPORTE LARRAZABAL C.I.S.A.","BSAS_LINEA_188","SI","COLECTIVO","NACIONAL","JN","SD",29014,"SI"
2026-09-10,"D.U.V.I. SOCIEDAD ANONIMA","BSAS_LINEA_193","SI","COLECTIVO","NACIONAL","JN","SD",6894,"SI"
2026-09-10,"LA NUEVA METROPOL S.A.","BSAS_LINEA_194","SI","COLECTIVO","NACIONAL","JN","SD",21437,"SI"
2026-09-10,"LA NUEVA METROPOL S.A.","BSAS_LINEA_195","SI","COLECTIVO","NACIONAL","JN","SD",12508,"SI"
2026-09-10,"LA CENTRAL DE VICENTE LOPEZ S.A.","BSAS_LINEA_197","SI","COLECTIVO","NACIONAL","JN","SD",27672,"SI"
2026-09-10,"EMPRESA DE TRANSPORTE DEL SUR SRL","BSAS_LINEA_200","SI","COLECTIVO","PROVINCIAL","BUENOS AIRES","SN",923,"SI"
2026-09-10,"TRANSPORTE LA UNION SA","BSAS_LINEA_202","SI","COLECTIVO","PROVINCIAL","BUENOS AIRES","SN",36336,"SI"
2026-09-10,"AZUL S.A. DE TRANSPORTE AUTOMOTOR","BSAS_LINEA_203","SI","COLECTIVO","PROVINCIAL","BUENOS AIRES","SN",97115,"SI"
2026-09-10,"MICRO OMNIBUS TIGRE S.A.","BSAS_LINEA_204","SI","COLECTIVO","PROVINCIAL","BUENOS AIRES","SN",10911,"SI"
2026-09-10,"LINEA SESENTA SA","BSAS_LINEA_204A","SI","COLECTIVO","PROVINCIAL","BUENOS AIRES","SN",4551,"SI"
2026-09-10,"UNION PLATENSE SRL","BSAS_LINEA_214","SI","COLECTIVO","PROVINCIAL","BUENOS AIRES","SN",21883,"SI"
2026-09-10,"EMPRESA NUEVE DE JULIO S.A.T.","BSAS_LINEA_215","SI","COLECTIVO","PROVINCIAL","BUENOS AIRES","SN",8499,"SI"
2026-09-10,"ALMAFUERTE EMPRESA DE TRANSPORTE S.A.C.I. E I","BSAS_LINEA_218","SI","COLECTIVO","PROVINCIAL","BUENOS AIRES","SN",19813,"SI"
2026-09-10,"MICRO OMNIBUS QUILMES S.A.C.I. Y F.","BSAS_LINEA_219","SI","COLECTIVO","PROVINCIAL","BUENOS AIRES","SN",16275,"SI"
2026-09-10,"EXPRESO ESTEBAN ECHEVERRIA S.R.L.","BSAS_LINEA_222","SI","COLECTIVO","PROVINCIAL","BUENOS AIRES","SN",4230,"SI"
2026-09-10,"EMPRESA NUEVE DE JULIO S.A.T.","BSAS_LINEA_225","SI","COLECTIVO","PROVINCIAL","BUENOS AIRES","SN",2048,"SI"
2026-09-10,"LA NUEVA METROPOL S.A.","BSAS_LINEA_228A","SI","COLECTIVO","PROVINCIAL","BUENOS AIRES","SN",530,"SI"
2026-09-10,"LINEA SESENTA SA","BSAS_LINEA_228B","SI","COLECTIVO","PROVINCIAL","BUENOS AIRES","SN",1379,"SI"
2026-09-10,"MICRO OMNIBUS TIGRE S.A.","BSAS_LINEA_228C","SI","COLECTIVO","PROVINCIAL","BUENOS AIRES","SN",3815,"SI"
2026-09-10,"MICRO OMNIBUS TIGRE S.A.","BSAS_LINEA_228E","SI","COLECTIVO","PROVINCIAL","BUENOS AIRES","SN",3605,"SI"
2026-09-10,"LA CENTRAL DE ESCOBAR SA","BSAS_LINEA_228F","SI","COLECTIVO","PROVINCIAL","BUENOS AIRES","SN",9440,"SI"
2026-09-10,"EMPRESA LINEA 216 S.A.T.","BSAS_LINEA_236","SI","COLECTIVO","PROVINCIAL","BUENOS AIRES","SN",68043,"SI"
2026-09-10,"COMPAÑIA ISLEÑA S.R.L.","BSAS_LINEA_237A","SI","COLECTIVO","PROVINCIAL","BUENOS AIRES","SN",42862,"SI"
2026-09-10,"TRANSPORTES UNIDOS DE MERLO S.A.C.I.I.","BSAS_LINEA_238","SI","COLECTIVO","PROVINCIAL","BUENOS AIRES","SN",18187,"SI"
2026-09-10,"COMPAÑÍA DE OMNIBUS 25 DE MAYO LINEA 278","BSAS_LINEA_239A","SI","COLECTIVO","PROVINCIAL","BUENOS AIRES","SN",13419,"SI"
2026-09-10,"EXPRESO VILLA GALICIA  SAN JOSE S.A.","BSAS_LINEA_239B","SI","COLECTIVO","PROVINCIAL","BUENOS AIRES","SN",5104,"SI"
2026-09-10,"LA CABAÑA S.A.","BSAS_LINEA_242","SI","COLECTIVO","PROVINCIAL","BUENOS AIRES","SN",63647,"SI"
2026-09-10,"EMPRESA DEL OESTE SAT","BSAS_LINEA_244","SI","COLECTIVO","PROVINCIAL","BUENOS AIRES","SN",11884,"SI"
2026-09-10,"EMPRESA MONTE GRANDE S.A. LINEA 501","BSAS_LINEA_245","SI","COLECTIVO","PROVINCIAL","BUENOS AIRES","SN",5773,"SI"
2026-09-10,"EXPRESO NUEVE DE JULIO S.A.","BSAS_LINEA_247","SI","COLECTIVO","PROVINCIAL","BUENOS AIRES","SN",25624,"SI"
2026-09-10,"TRANSPORTE JOSE HERNANDEZ S.A.C.I.","BSAS_LINEA_252","SI","COLECTIVO","PROVINCIAL","BUENOS AIRES","SN",17318,"SI"
2026-09-10,"TRANSPORTE 11 DE JUNIO S.R.L.","BSAS_LINEA_256","SI","COLECTIVO","PROVINCIAL","BUENOS AIRES","SN",770,"SI"
2026-09-10,"EXPRESO VILLA NUEVA S.A.","BSAS_LINEA_257","SI","COLECTIVO","PROVINCIAL","BUENOS AIRES","SN",16144,"SI"
2026-09-10,"EXPRESO VILLA GALICIA  SAN JOSE S.A.","BSAS_LINEA_263B","SI","COLECTIVO","PROVINCIAL","BUENOS AIRES","SN",14240,"SI"
2026-09-10,"SAN VICENTE S.A. DE TRANSPORTES","BSAS_LINEA_263B","SI","COLECTIVO","PROVINCIAL","BUENOS AIRES","SN",19482,"SI"
2026-09-10,"EMPRESA CIUDAD DE SAN FERNANDO SA","BSAS_LINEA_264","SI","COLECTIVO","PROVINCIAL","BUENOS AIRES","SN",13983,"SI"
2026-09-10,"EXPRESO VILLA GALICIA  SAN JOSE S.A.","BSAS_LINEA_266","SI","COLECTIVO","PROVINCIAL","BUENOS AIRES","SN",44692,"SI"
2026-09-10,"EMPRESA LINEA 216 S.A.T.","BSAS_LINEA_269","SI","COLECTIVO","PROVINCIAL","BUENOS AIRES","SN",45467,"SI"
2026-09-10,"GENERAL TOMAS GUIDO S.A.C.I.F.","BSAS_LINEA_271","SI","COLECTIVO","PROVINCIAL","BUENOS AIRES","SN",35676,"SI"
2026-09-10,"UNION PLATENSE SRL","BSAS_LINEA_273","SI","COLECTIVO","PROVINCIAL","BUENOS AIRES","SN",35755,"SI"
2026-09-10,"FUERTE BARRAGAN S.A.T.I.C.I.","BSAS_LINEA_275","SI","COLECTIVO","PROVINCIAL","BUENOS AIRES","SN",29175,"SI"
2026-09-10,"COMPAÑIA ISLEÑA S.R.L.","BSAS_LINEA_276","SI","COLECTIVO","PROVINCIAL","BUENOS AIRES","SN",28572,"SI"
2026-09-10,"CIA LA PAZ AMADOR MOURE SACIFIYA","BSAS_LINEA_277","SI","COLECTIVO","PROVINCIAL","BUENOS AIRES","SN",1433,"SI"
2026-09-10,"COMPAÑÍA DE OMNIBUS 25 DE MAYO LINEA 278","BSAS_LINEA_278","SI","COLECTIVO","PROVINCIAL","BUENOS AIRES","SN",35619,"SI"
2026-09-10,"COMPAÑÍA DE OMNIBUS 25 DE MAYO LINEA 278","BSAS_LINEA_281","SI","COLECTIVO","PROVINCIAL","BUENOS AIRES","SN",16837,"SI"
2026-09-10,"CIA ANDRADE EMPRESA DE TRANSPORTE DE PASAJEROS SRL","BSAS_LINEA_283","SI","COLECTIVO","PROVINCIAL","BUENOS AIRES","SN",22481,"SI"
2026-09-10,"ALMAFUERTE EMPRESA DE TRANSPORTE S.A.C.I. E I","BSAS_LINEA_284","SI","COLECTIVO","PROVINCIAL","BUENOS AIRES","SN",4989,"SI"
2026-09-10,"TRANSPORTES LA PERLITA S.A. ","BSAS_LINEA_288","SI","COLECTIVO","PROVINCIAL","BUENOS AIRES","SN",8985,"SI"
2026-09-10,"COMPAÑIA NOROESTE S.A.T.","BSAS_LINEA_289","SI","COLECTIVO","PROVINCIAL","BUENOS AIRES","SN",14411,"SI"
2026-09-10,"LA CENTRAL DE ESCOBAR SA","BSAS_LINEA_291","SI","COLECTIVO","PROVINCIAL","BUENOS AIRES","SN",20692,"SI"
2026-09-10,"COMPAÑÍA DE OMNIBUS 25 DE MAYO LINEA 278","BSAS_LINEA_293A","SI","COLECTIVO","PROVINCIAL","BUENOS AIRES","SN",10669,"SI"
2026-09-10,"EXPRESO VILLA GALICIA  SAN JOSE S.A.","BSAS_LINEA_293B","SI","COLECTIVO","PROVINCIAL","BUENOS AIRES","SN",15908,"SI"
2026-09-10,"MICRO OMNIBUS O´HIGGINS S.A.T.","BSAS_LINEA_295","SI","COLECTIVO","PROVINCIAL","BUENOS AIRES","SN",18694,"SI"
2026-09-10,"TRANSPORTES UNIDOS DE MERLO S.A.C.I.I.","BSAS_LINEA_297","SI","COLECTIVO","PROVINCIAL","BUENOS AIRES","SN",13155,"SI"
2026-09-10,"LA CABAÑA S.A.","BSAS_LINEA_298","SI","COLECTIVO","PROVINCIAL","BUENOS AIRES","SN",24501,"SI"
2026-09-10,"GENERAL TOMAS GUIDO S.A.C.I.F.","BSAS_LINEA_299","SI","COLECTIVO","PROVINCIAL","BUENOS AIRES","SN",17467,"SI"
2026-09-10,"MICRO OMNIBUS QUILMES S.A.C.I. Y F.","BSAS_LINEA_300","SI","COLECTIVO","PROVINCIAL","BUENOS AIRES","SN",11655,"SI"
2026-09-10,"COMPAÑIA NOROESTE S.A.T.","BSAS_LINEA_304","SI","COLECTIVO","PROVINCIAL","BUENOS AIRES","SN",41262,"SI"
2026-09-10,"EXPRESO ESTEBAN ECHEVERRIA S.R.L.","BSAS_LINEA_306","SI","COLECTIVO","PROVINCIAL","BUENOS AIRES","SN",39433,"SI"
2026-09-10,"EMPRESA LINEA SIETE SAT","BSAS_LINEA_307","SI","COLECTIVO","PROVINCIAL","BUENOS AIRES","SN",36798,"SI"
2026-09-10,"ROCARAZA S.A.","BSAS_LINEA_31","SI","COLECTIVO","NACIONAL","JN","SD",32238,"SI"
2026-09-10,"COMPAÑIA ISLEÑA S.R.L.","BSAS_LINEA_310","SI","COLECTIVO","PROVINCIAL","BUENOS AIRES","SN",4519,"SI"
2026-09-10,"TRANSPORTES LA PERLITA S.A. ","BSAS_LINEA_311","SI","COLECTIVO","PROVINCIAL","BUENOS AIRES","SN",19807,"SI"
2026-09-10,"TRANSPORTES LA PERLITA S.A. ","BSAS_LINEA_312","SI","COLECTIVO","PROVINCIAL","BUENOS AIRES","SN",14048,"SI"
2026-09-10,"RUTA BUS S.A.","BSAS_LINEA_313","SI","COLECTIVO","PROVINCIAL","BUENOS AIRES","SN",3501,"SI"
2026-09-10,"LA PRIMERA DE MARTINEZ S.A","BSAS_LINEA_314","SI","COLECTIVO","PROVINCIAL","BUENOS AIRES","SN",44090,"SI"
2026-09-10,"LA PRIMERA DE GRAND BOURG S.A.","BSAS_LINEA_315","SI","COLECTIVO","PROVINCIAL","BUENOS AIRES","SN",16893,"SI"
2026-09-10,"LA CABAÑA S.A.","BSAS_LINEA_317","SI","COLECTIVO","PROVINCIAL","BUENOS AIRES","SN",17256,"SI"
2026-09-10,"MICRO OMNIBUS MITRE S.A.","BSAS_LINEA_318","SI","COLECTIVO","PROVINCIAL","BUENOS AIRES","SN",33283,"SI"
2026-09-10,"EMPRESA DEL OESTE SAT","BSAS_LINEA_320","SI","COLECTIVO","PROVINCIAL","BUENOS AIRES","SN",4902,"SI"
2026-09-10,"MICROOMNIBUS SAAVEDRA S.A.T.A.C.I.","BSAS_LINEA_321","SI","COLECTIVO","PROVINCIAL","BUENOS AIRES","SN",8632,"SI"
2026-09-10,"LIBERTADOR SAN MARTIN SAT","BSAS_LINEA_322","SI","COLECTIVO","PROVINCIAL","BUENOS AIRES","SN",22274,"SI"
2026-09-10,"COMPAÑÍA DE OMNIBUS 25 DE MAYO LINEA 278","BSAS_LINEA_323","SI","COLECTIVO","PROVINCIAL","BUENOS AIRES","SN",18897,"SI"
2026-09-10,"MICRO OMNIBUS PRIMERA JUNTA S.A","BSAS_LINEA_324","SI","COLECTIVO","PROVINCIAL","BUENOS AIRES","SN",87066,"SI"
2026-09-10,"ALMAFUERTE EMPRESA DE TRANSPORTE S.A.C.I. E I","BSAS_LINEA_325","SI","COLECTIVO","PROVINCIAL","BUENOS AIRES","SN",7439,"SI"
2026-09-10,"LIBERTADOR SAN MARTIN SAT","BSAS_LINEA_327","SI","COLECTIVO","PROVINCIAL","BUENOS AIRES","SN",21363,"SI"
2026-09-10,"TRANSPORTES VILLA BOSCH SAC el","BSAS_LINEA_328","SI","COLECTIVO","PROVINCIAL","BUENOS AIRES","SN",26799,"SI"
2026-09-10,"TRANSPORTES LA PERLITA S.A. ","BSAS_LINEA_329","SI","COLECTIVO","PROVINCIAL","BUENOS AIRES","SN",10586,"SI"
2026-09-10,"LIBERTADOR SAN MARTIN SAT","BSAS_LINEA_336","SI","COLECTIVO","PROVINCIAL","BUENOS AIRES","SN",6166,"SI"
2026-09-10,"TRANSPORTE AUTOMOTORES LA PLATA SA","BSAS_LINEA_338","SI","COLECTIVO","PROVINCIAL","BUENOS AIRES","SN",41175,"SI"
2026-09-10,"EXPRESO PARQUE EL LUCERO S.A. DE TRANSPORTES","BSAS_LINEA_341","SI","COLECTIVO","PROVINCIAL","BUENOS AIRES","SN",24946,"SI"
2026-09-10,"COMPAÑIA NOROESTE S.A.T.","BSAS_LINEA_343","SI","COLECTIVO","PROVINCIAL","BUENOS AIRES","SN",47054,"SI"
2026-09-10,"RUTA BUS S.A.","BSAS_LINEA_350","SI","COLECTIVO","PROVINCIAL","BUENOS AIRES","SN",18095,"SI"
2026-09-10,"TRANSPORTES AUTOMOTORES  LANUS ESTE S.A.","BSAS_LINEA_354","SI","COLECTIVO","PROVINCIAL","BUENOS AIRES","SN",29652,"SI"
2026-09-10,"RUTA BUS S.A.","BSAS_LINEA_355","SI","COLECTIVO","PROVINCIAL","BUENOS AIRES","SN",2426,"SI"
2026-09-10,"LA NUEVA METROPOL S.A.","BSAS_LINEA_365","SI","COLECTIVO","PROVINCIAL","BUENOS AIRES","SN",91815,"SI"
2026-09-10,"SAN VICENTE S.A. DE TRANSPORTES","BSAS_LINEA_370","SI","COLECTIVO","PROVINCIAL","BUENOS AIRES","SN",9086,"SI"
2026-09-10,"EMPRESA CIUDAD DE SAN FERNANDO SA","BSAS_LINEA_371","SI","COLECTIVO","PROVINCIAL","BUENOS AIRES","SN",30609,"SI"
2026-09-10,"MICRO OMNIBUS QUILMES S.A.C.I. Y F.","BSAS_LINEA_372","SI","COLECTIVO","PROVINCIAL","BUENOS AIRES","SN",5965,"SI"
2026-09-10,"GENERAL TOMAS GUIDO S.A.C.I.F.","BSAS_LINEA_373","SI","COLECTIVO","PROVINCIAL","BUENOS AIRES","SN",16923,"SI"
2026-09-10,"ALMAFUERTE EMPRESA DE TRANSPORTE S.A.C.I. E I","BSAS_LINEA_378","SI","COLECTIVO","PROVINCIAL","BUENOS AIRES","SN",29044,"SI"
2026-09-10,"EXPRESO PARQUE EL LUCERO S.A. DE TRANSPORTES","BSAS_LINEA_379","SI","COLECTIVO","PROVINCIAL","BUENOS AIRES","SN",13939,"SI"
2026-09-10,"NUEVO IDEAL S.A.","BSAS_LINEA_382","SI","COLECTIVO","PROVINCIAL","BUENOS AIRES","SN",18556,"SI"
2026-09-10,"TRANSPORTES SAN JUAN BAUTISTA S.A.","BSAS_LINEA_383","SI","COLECTIVO","PROVINCIAL","BUENOS AIRES","SN",15961,"SI"
2026-09-10,"GENERAL TOMAS GUIDO S.A.C.I.F.","BSAS_LINEA_384","SI","COLECTIVO","PROVINCIAL","BUENOS AIRES","SN",8270,"SI"
2026-09-10,"SAN VICENTE S.A. DE TRANSPORTES","BSAS_LINEA_385","SI","COLECTIVO","PROVINCIAL","BUENOS AIRES","SN",14033,"SI"
2026-09-10,"COMPAÑIA  DE TRANSPORTE VECINAL S.A.","BSAS_LINEA_386","SI","COLECTIVO","PROVINCIAL","BUENOS AIRES","SN",1922,"SI"
2026-09-10,"SAN VICENTE S.A. DE TRANSPORTES","BSAS_LINEA_388","SI","COLECTIVO","PROVINCIAL","BUENOS AIRES","SN",3307,"SI"
2026-09-10,"EMPRESA DEL OESTE SAT","BSAS_LINEA_390","SI","COLECTIVO","PROVINCIAL","BUENOS AIRES","SN",8900,"SI"
2026-09-10,"EXPRESO PARQUE EL LUCERO S.A. DE TRANSPORTES","BSAS_LINEA_391","SI","COLECTIVO","PROVINCIAL","BUENOS AIRES","SN",16728,"SI"
2026-09-10,"LIBERTADOR SAN MARTIN SAT","BSAS_LINEA_392","SI","COLECTIVO","PROVINCIAL","BUENOS AIRES","SN",7600,"SI"
2026-09-10,"EMPRESA MONTE GRANDE S.A. LINEA 501","BSAS_LINEA_394","SI","COLECTIVO","PROVINCIAL","BUENOS AIRES","SN",14463,"SI"
2026-09-10,"EMPRESA LINEA 216 S.A.T.","BSAS_LINEA_395","SI","COLECTIVO","PROVINCIAL","BUENOS AIRES","SN",12485,"SI"
2026-09-10,"SAN VICENTE S.A. DE TRANSPORTES","BSAS_LINEA_403","SI","COLECTIVO","PROVINCIAL","BUENOS AIRES","SN",186,"SI"
2026-09-10,"EMPRESA DE TRANSPORTE DEL SUR SRL","BSAS_LINEA_404","SI","COLECTIVO","PROVINCIAL","BUENOS AIRES","SN",21272,"SI"
2026-09-10,"MICRO OMNIBUS AVENIDA S.A.","BSAS_LINEA_405","SI","COLECTIVO","PROVINCIAL","BUENOS AIRES","SN",15403,"SI"
2026-09-10,"TRANSPORTE AUTOMOTORES LA PLATA SA","BSAS_LINEA_406","SI","COLECTIVO","PROVINCIAL","BUENOS AIRES","SN",18720,"SI"
2026-09-10,"EMPRESA NUEVE DE JULIO S.A.T.","BSAS_LINEA_414","SI","COLECTIVO","PROVINCIAL","BUENOS AIRES","SN",1507,"SI"
2026-09-10,"UNION PLATENSE SRL","BSAS_LINEA_418","SI","COLECTIVO","PROVINCIAL","BUENOS AIRES","SN",1037,"SI"
2026-09-10,"TRANSPORTES LA PERLITA S.A. ","BSAS_LINEA_422","SI","COLECTIVO","PROVINCIAL","BUENOS AIRES","SN",17174,"SI"
2026-09-10,"LINEA SESENTA SA","BSAS_LINEA_430","SI","COLECTIVO","PROVINCIAL","BUENOS AIRES","SN",2519,"SI"
2026-09-10,"SAN VICENTE S.A. DE TRANSPORTES","BSAS_LINEA_435","SI","COLECTIVO","PROVINCIAL","BUENOS AIRES","SN",2204,"SI"
2026-09-10,"EXPRESO VILLA GALICIA  SAN JOSE S.A.","BSAS_LINEA_436","SI","COLECTIVO","PROVINCIAL","BUENOS AIRES","SN",11360,"SI"
2026-09-10,"LA PRIMERA DE GRAND BOURG S.A.","BSAS_LINEA_440","SI","COLECTIVO","PROVINCIAL","BUENOS AIRES","SN",83148,"SI"
2026-09-10,"EMPRESA LINEA 216 S.A.T.","BSAS_LINEA_441","SI","COLECTIVO","PROVINCIAL","BUENOS AIRES","SN",12204,"SI"
2026-09-10,"EMPRESA LINEA 216 S.A.T.","BSAS_LINEA_443","SI","COLECTIVO","PROVINCIAL","BUENOS AIRES","SN",953,"SI"
2026-09-10,"EMPRESA DEL OESTE SAT","BSAS_LINEA_443A","SI","COLECTIVO","PROVINCIAL","BUENOS AIRES","SN",6618,"SI"
2026-09-10,"EMPRESA CIUDAD DE SAN FERNANDO SA","BSAS_LINEA_445","SI","COLECTIVO","PROVINCIAL","BUENOS AIRES","SN",4259,"SI"
2026-09-10,"EXPRESO GENERAL SARMIENTO S.A.","BSAS_LINEA_448","SI","COLECTIVO","PROVINCIAL","BUENOS AIRES","SN",41278,"SI"
2026-09-10,"EMPRESA DE TRANSPORTES EL LITORAL S.A.","BSAS_LINEA_449","SI","COLECTIVO","PROVINCIAL","BUENOS AIRES","SN",15053,"SI"
2026-09-10,"EMPRESA DEL OESTE SAT","BSAS_LINEA_461","SI","COLECTIVO","PROVINCIAL","BUENOS AIRES","SN",5620,"SI"
2026-09-10,"EMPRESA DEL OESTE SAT","BSAS_LINEA_462","SI","COLECTIVO","PROVINCIAL","BUENOS AIRES","SN",3116,"SI"
2026-09-10,"EMPRESA DEL OESTE SAT","BSAS_LINEA_463","SI","COLECTIVO","PROVINCIAL","BUENOS AIRES","SN",15220,"SI"
2026-09-10,"EMPRESA DEL OESTE SAT","BSAS_LINEA_464","SI","COLECTIVO","PROVINCIAL","BUENOS AIRES","SN",10560,"SI"
2026-09-10,"TRANSPORTES LA PERLITA S.A. ","BSAS_LINEA_500","SI","COLECTIVO","MUNICIPAL","BUENOS AIRES","GENERAL RODRIGUEZ",18473,"SI"
2026-09-10,"EMPRESA DE TRANSPORTES SANTA RITA  SRL","BSAS_LINEA_500B","SI","COLECTIVO","MUNICIPAL","BUENOS AIRES","BRANDSEN",1134,"SI"
2026-09-10,"TRANSPORTE 11 DE JUNIO S.R.L.","BSAS_LINEA_500C","SI","COLECTIVO","MUNICIPAL","BUENOS AIRES","LUJAN",1170,"SI"
2026-09-10,"TRANSPORTES UNIDOS DE MERLO S.A.C.I.I.","BSAS_LINEA_500D","SI","COLECTIVO","MUNICIPAL","BUENOS AIRES","MERLO",39391,"SI"
2026-09-10,"COOPERATIVA DE TRABAJO 6 DE JULIO LIMITADA","BSAS_LINEA_501","SI","COLECTIVO","MUNICIPAL","BUENOS AIRES","CAMPANA",695,"SI"
2026-09-10,"EMPRESA TRANSPORTE TRATADO DEL PILAR S.R.L.","BSAS_LINEA_501B","SI","COLECTIVO","MUNICIPAL","BUENOS AIRES","PILAR",11384,"SI"
2026-09-10,"EMPRESA MONTE GRANDE S.A. LINEA 501","BSAS_LINEA_501C","SI","COLECTIVO","MUNICIPAL","BUENOS AIRES","ESTEBAN ECHEVERRIA",57692,"SI"
2026-09-10,"EXPRESO EMPALME LOBOS S.R.L.","BSAS_LINEA_501D","SI","COLECTIVO","MUNICIPAL","BUENOS AIRES","LOBOS",2050,"SI"
2026-09-10,"MICRO OMNIBUS PRIMERA JUNTA S.A","BSAS_LINEA_501E","SI","COLECTIVO","MUNICIPAL","BUENOS AIRES","FLORENCIO VARELA",3181,"SI"
2026-09-10,"TRANSPORTE 11 DE JUNIO S.R.L.","BSAS_LINEA_501F","SI","COLECTIVO","MUNICIPAL","BUENOS AIRES","LUJAN",4239,"SI"
2026-09-10,"TRANSPORTES LA PERLITA S.A. ","BSAS_LINEA_501G","SI","COLECTIVO","MUNICIPAL","BUENOS AIRES","MORENO",139393,"SI"
2026-09-10,"RUTA BUS S.A.","BSAS_LINEA_501H","SI","COLECTIVO","MUNICIPAL","BUENOS AIRES","EXALTACION DE LA CRUZ",2175,"SI"
2026-09-10,"LA PRIMERA DE MALVINAS ARGENTINAS UTE","BSAS_LINEA_501I","SI","COLECTIVO","MUNICIPAL","BUENOS AIRES","MALVINAS ARGENTINAS",8128,"SI"
2026-09-10,"LINEA EXPRESO LINIERS S.A.I.Y C.","BSAS_LINEA_502","SI","COLECTIVO","MUNICIPAL","BUENOS AIRES","CAÑUELAS",1618,"SI"
2026-09-10,"UNION PLATENSE SRL","BSAS_LINEA_502_SUR","SI","COLECTIVO","MUNICIPAL","BUENOS AIRES","LA PLATA",9262,"SI"
2026-09-10,"EXPRESO EMPALME LOBOS S.R.L.","BSAS_LINEA_502A","SI","COLECTIVO","MUNICIPAL","BUENOS AIRES","LOBOS",152,"SI"
2026-09-10,"TRANSPORTE 11 DE JUNIO S.R.L.","BSAS_LINEA_502B","SI","COLECTIVO","MUNICIPAL","BUENOS AIRES","LUJAN",1812,"SI"
2026-09-10,"EMPRESA TRANSPORTE TRATADO DEL PILAR S.R.L.","BSAS_LINEA_503","SI","COLECTIVO","MUNICIPAL","BUENOS AIRES","PILAR",3626,"SI"
2026-09-10,"MICROEXPRES S.A.","BSAS_LINEA_503_ESTE","SI","COLECTIVO","MUNICIPAL","BUENOS AIRES","LA PLATA",7994,"SI"
2026-09-10,"UNION TRANSITORIA COSA CIA TRANSPORTE VECINAL U.T.","BSAS_LINEA_503A","SI","COLECTIVO","MUNICIPAL","BUENOS AIRES","MERLO",37575,"SI"
2026-09-10,"SAN VICENTE S.A. DE TRANSPORTES","BSAS_LINEA_503C","SI","COLECTIVO","MUNICIPAL","BUENOS AIRES","SAN VICENTE",3918,"SI"
2026-09-10,"EXPRESO LA PLATA BUENOS AIRES S.A.","BSAS_LINEA_503E","SI","COLECTIVO","MUNICIPAL","BUENOS AIRES","LA PLATA",26557,"SI"
2026-09-10,"TRANSPORTE 11 DE JUNIO S.R.L.","BSAS_LINEA_503E","SI","COLECTIVO","MUNICIPAL","BUENOS AIRES","LUJAN",1759,"SI"
2026-09-10,"EMPRESA LINEA 216 S.A.T.","BSAS_LINEA_504A","SI","COLECTIVO","MUNICIPAL","BUENOS AIRES","MERLO",44965,"SI"
2026-09-10,"MICRO OMNIBUS PRIMERA JUNTA S.A","BSAS_LINEA_504C","SI","COLECTIVO","MUNICIPAL","BUENOS AIRES","FLORENCIO VARELA",5119,"SI"
2026-09-10,"MICRO OMNIBUS TIGRE S.A.","BSAS_LINEA_505A","SI","COLECTIVO","MUNICIPAL","BUENOS AIRES","ESCOBAR",376,"SI"
2026-09-10,"MICRO OMNIBUS TIGRE S.A.","BSAS_LINEA_505C","SI","COLECTIVO","MUNICIPAL","BUENOS AIRES","CAMPANA",466,"SI"
2026-09-10,"COMPAÑIA MICROOMNIBUS LA COLORADA SACI","BSAS_LINEA_505D","SI","COLECTIVO","MUNICIPAL","BUENOS AIRES","FLORENCIO VARELA",10526,"SI"
2026-09-10,"EMPRESA MONTERREY S.R.L.","BSAS_LINEA_506A","SI","COLECTIVO","MUNICIPAL","BUENOS AIRES","PILAR",5109,"SI"
2026-09-10,"MICRO OMNIBUS TIGRE S.A.","BSAS_LINEA_506B","SI","COLECTIVO","MUNICIPAL","BUENOS AIRES","ESCOBAR",1323,"SI"
2026-09-10,"SAN VICENTE S.A. DE TRANSPORTES","BSAS_LINEA_507","SI","COLECTIVO","MUNICIPAL","BUENOS AIRES","FLORENCIO VARELA",3989,"SI"
2026-09-10,"MICRO OMNIBUS TIGRE S.A.","BSAS_LINEA_508A","SI","COLECTIVO","MUNICIPAL","BUENOS AIRES","ESCOBAR",7862,"SI"
2026-09-10,"EMPRESA NUEVE DE JULIO S.A.T.","BSAS_LINEA_508C","SI","COLECTIVO","MUNICIPAL","BUENOS AIRES","LA PLATA",1103,"SI"
2026-09-10,"LA PRIMERA DE LA ESCONDIDA SRL","BSAS_LINEA_509","SI","COLECTIVO","MUNICIPAL","BUENOS AIRES","PILAR",4985,"SI"
2026-09-10,"LINEA SESENTA SA","BSAS_LINEA_509D","SI","COLECTIVO","MUNICIPAL","BUENOS AIRES","ESCOBAR",2595,"SI"
2026-09-10,"EXPRESO VILLA GALICIA  SAN JOSE S.A.","BSAS_LINEA_510A","SI","COLECTIVO","MUNICIPAL","BUENOS AIRES","ALMIRANTE BROWN",3948,"SI"
2026-09-10,"PILARBUS SA","BSAS_LINEA_510B","SI","COLECTIVO","MUNICIPAL","BUENOS AIRES","PILAR",16267,"SI"
2026-09-10,"SAN VICENTE S.A. DE TRANSPORTES","BSAS_LINEA_511","SI","COLECTIVO","MUNICIPAL","BUENOS AIRES","FLORENCIO VARELA",1305,"SI"
2026-09-10,"RUTA BUS S.A.","BSAS_LINEA_511","SI","COLECTIVO","MUNICIPAL","BUENOS AIRES","PILAR",12740,"SI"
2026-09-10,"MICRO OMNIBUS TIGRE S.A.","BSAS_LINEA_511A","SI","COLECTIVO","MUNICIPAL","BUENOS AIRES","ESCOBAR",47,"SI"
2026-09-10,"SAN VICENTE S.A. DE TRANSPORTES","BSAS_LINEA_512","SI","COLECTIVO","MUNICIPAL","BUENOS AIRES","FLORENCIO VARELA",5458,"SI"
2026-09-10,"SAN VICENTE S.A. DE TRANSPORTES","BSAS_LINEA_513","SI","COLECTIVO","MUNICIPAL","BUENOS AIRES","FLORENCIO VARELA",6221,"SI"
2026-09-10,"MICRO OMNIBUS TIGRE S.A.","BSAS_LINEA_513A","SI","COLECTIVO","MUNICIPAL","BUENOS AIRES","ESCOBAR",23,"SI"
2026-09-10,"MICRO OMNIBUS AVENIDA S.A.","BSAS_LINEA_514","SI","COLECTIVO","MUNICIPAL","BUENOS AIRES","ALMIRANTE BROWN",28377,"SI"
2026-09-10,"TRANSPORTE DEL SUR S.R.L.","BSAS_LINEA_515","SI","COLECTIVO","MUNICIPAL","BUENOS AIRES","ALMIRANTE BROWN",21664,"SI"
2026-09-10,"EMPRESA J.M. EZEIZA S.R.L.","BSAS_LINEA_518","SI","COLECTIVO","MUNICIPAL","BUENOS AIRES","EZEIZA",27843,"SI"
2026-09-10,"EXPRESO LA PLATA BUENOS AIRES S.A.","BSAS_LINEA_518","SI","COLECTIVO","MUNICIPAL","BUENOS AIRES","LA PLATA",709,"SI"
2026-09-10,"LA CENTRAL DE ESCOBAR SA","BSAS_LINEA_520A","SI","COLECTIVO","MUNICIPAL","BUENOS AIRES","PILAR",19050,"SI"
2026-09-10,"MICRO OMNIBUS AVENIDA S.A.","BSAS_LINEA_520B","SI","COLECTIVO","MUNICIPAL","BUENOS AIRES","LANUS",14043,"SI"
2026-09-10,"UNION PLATENSE SRL","BSAS_LINEA_520C","SI","COLECTIVO","MUNICIPAL","BUENOS AIRES","LA PLATA",9532,"SI"
2026-09-10,"CIA ANDRADE EMPRESA DE TRANSPORTE DE PASAJEROS SRL","BSAS_LINEA_523","SI","COLECTIVO","MUNICIPAL","BUENOS AIRES","LANUS",5999,"SI"
2026-09-10,"EMPRESA CINCO DE AGOSTO S.R.L.","BSAS_LINEA_524","SI","COLECTIVO","MUNICIPAL","BUENOS AIRES","LANUS",9159,"SI"
2026-09-10,"EMPRESA DE TRANSPORTE 12 DE OCTUBRE S R L","BSAS_LINEA_531","NO","COLECTIVO","MUNICIPAL","BUENOS AIRES","GENERAL PUEYRREDON",7468,"SI"
2026-09-10,"EMPRESA DE TRANSPORTE 12 DE OCTUBRE S R L","BSAS_LINEA_532","NO","COLECTIVO","MUNICIPAL","BUENOS AIRES","GENERAL PUEYRREDON",9245,"SI"
2026-09-10,"EMPRESA DE TRANSPORTE 12 DE OCTUBRE S R L","BSAS_LINEA_533","NO","COLECTIVO","MUNICIPAL","BUENOS AIRES","GENERAL PUEYRREDON",2802,"SI"
2026-09-10,"YITOS S.A.","BSAS_LINEA_541","SI","COLECTIVO","MUNICIPAL","BUENOS AIRES","LOMAS DE ZAMORA",9712,"SI"
2026-09-10,"YITOS S.A.","BSAS_LINEA_543","SI","COLECTIVO","MUNICIPAL","BUENOS AIRES","LOMAS DE ZAMORA",11104,"SI"
2026-09-10,"YITOS S.A.","BSAS_LINEA_544","SI","COLECTIVO","MUNICIPAL","BUENOS AIRES","LOMAS DE ZAMORA",14683,"SI"
2026-09-10,"YITOS S.A.","BSAS_LINEA_549","SI","COLECTIVO","MUNICIPAL","BUENOS AIRES","LOMAS DE ZAMORA",1483,"SI"
2026-09-10,"YITOS S.A.","BSAS_LINEA_561","SI","COLECTIVO","MUNICIPAL","BUENOS AIRES","LOMAS DE ZAMORA",2992,"SI"
2026-09-10,"EMPRESA NUEVE DE JULIO S.A.T.","BSAS_LINEA_561B","SI","COLECTIVO","MUNICIPAL","BUENOS AIRES","LA PLATA",1593,"SI"
2026-09-10,"YITOS S.A.","BSAS_LINEA_562","SI","COLECTIVO","MUNICIPAL","BUENOS AIRES","LOMAS DE ZAMORA",5217,"SI"
2026-09-10,"EXPRESO VILLA GALICIA  SAN JOSE S.A.","BSAS_LINEA_564","SI","COLECTIVO","MUNICIPAL","BUENOS AIRES","LOMAS DE ZAMORA",8308,"SI"
2026-09-10,"EXPRESO VILLA NUEVA S.A.","BSAS_LINEA_580","SI","COLECTIVO","MUNICIPAL","BUENOS AIRES","QUILMES",3197,"SI"
2026-09-10,"EXPRESO VILLA NUEVA S.A.","BSAS_LINEA_582","SI","COLECTIVO","MUNICIPAL","BUENOS AIRES","QUILMES",10975,"SI"
2026-09-10,"MICRO OMNIBUS PRIMERA JUNTA S.A","BSAS_LINEA_583","SI","COLECTIVO","MUNICIPAL","BUENOS AIRES","QUILMES",11852,"SI"
2026-09-10,"MICRO OMNIBUS QUILMES S.A.C.I. Y F.","BSAS_LINEA_584","SI","COLECTIVO","MUNICIPAL","BUENOS AIRES","QUILMES",7878,"SI"
2026-09-10,"COMPAÑÍA DE OMNIBUS 25 DE MAYO LINEA 278","BSAS_LINEA_585","SI","COLECTIVO","MUNICIPAL","BUENOS AIRES","QUILMES",26870,"SI"
2026-09-10,"COMPAÑÍA DE OMNIBUS 25 DE MAYO LINEA 278","BSAS_LINEA_586","SI","COLECTIVO","MUNICIPAL","BUENOS AIRES","QUILMES",841,"SI"
2026-09-10,"MICRO OMNIBUS QUILMES S.A.C.I. Y F.","BSAS_LINEA_603","SI","COLECTIVO","MUNICIPAL","BUENOS AIRES","BERAZATEGUI",14777,"SI"
2026-09-10,"MICRO OMNIBUS QUILMES S.A.C.I. Y F.","BSAS_LINEA_619","SI","COLECTIVO","MUNICIPAL","BUENOS AIRES","BERAZATEGUI",10305,"SI"
2026-09-10,"NUEVO IDEAL S.A.","BSAS_LINEA_620","SI","COLECTIVO","MUNICIPAL","BUENOS AIRES","LA MATANZA",70163,"SI"
2026-09-10,"TRANSPORTE IDEAL SAN JUSTO S.A.","BSAS_LINEA_621","SI","COLECTIVO","MUNICIPAL","BUENOS AIRES","LA MATANZA",39075,"SI"
2026-09-10,"ALMAFUERTE EMPRESA DE TRANSPORTE S.A.C.I. E I","BSAS_LINEA_622","SI","COLECTIVO","MUNICIPAL","BUENOS AIRES","LA MATANZA",27138,"SI"
2026-09-10,"LA CABAÑA S.A.","BSAS_LINEA_624","SI","COLECTIVO","MUNICIPAL","BUENOS AIRES","LA MATANZA",28818,"SI"
2026-09-10,"ALMAFUERTE EMPRESA DE TRANSPORTE S.A.C.I. E I","BSAS_LINEA_628","SI","COLECTIVO","MUNICIPAL","BUENOS AIRES","LA MATANZA",2285,"SI"
2026-09-10,"EMPRESA LINEA 216 S.A.T.","BSAS_LINEA_634","SI","COLECTIVO","MUNICIPAL","BUENOS AIRES","MORON",15460,"SI"
2026-09-10,"LA CABAÑA S.A.","BSAS_LINEA_635","SI","COLECTIVO","MUNICIPAL","BUENOS AIRES","MORON",8783,"SI"
2026-09-10,"COMPAÑIA ISLEÑA S.R.L.","BSAS_LINEA_670","SI","COLECTIVO","MUNICIPAL","BUENOS AIRES","GENERAL SAN MARTIN",31869,"SI"
2026-09-10,"EMPRESA CIUDAD DE SAN FERNANDO SA","BSAS_LINEA_710","SI","COLECTIVO","MUNICIPAL","BUENOS AIRES","SAN FERNANDO",21679,"SI"
2026-09-10,"MICRO OMNIBUS TIGRE S.A.","BSAS_LINEA_720","SI","COLECTIVO","MUNICIPAL","BUENOS AIRES","TIGRE",38179,"SI"
2026-09-10,"MICRO OMNIBUS GENERAL PACHECO SA","BSAS_LINEA_721","SI","COLECTIVO","MUNICIPAL","BUENOS AIRES","TIGRE",29644,"SI"
2026-09-10,"UTENOR LINEA 723 UNION TRANSITORIA DE EMPRESAS","BSAS_LINEA_723","SI","COLECTIVO","MUNICIPAL","BUENOS AIRES","TIGRE",10304,"SI"
2026-09-10,"LA PRIMERA DE GRAND BOURG S.A.","BSAS_LINEA_740","SI","COLECTIVO","MUNICIPAL","BUENOS AIRES","SAN MIGUEL",31416,"SI"
2026-09-10,"SARGENTO CABRAL S.A.DE TRANSPORTE","BSAS_LINEA_741","SI","COLECTIVO","MUNICIPAL","BUENOS AIRES","JOSE C. PAZ",15808,"SI"
2026-09-10,"EMPRESA DE TRANSPORTES EL LITORAL S.A.","BSAS_LINEA_749","SI","COLECTIVO","MUNICIPAL","BUENOS AIRES","JOSE C. PAZ",24628,"SI"
2026-09-10,"TRANSPORTES COLEGIALES S.A.C.I.","CABA_LINEA_ 42","SI","COLECTIVO","C.A.B.A","C.A.B.A","SD",27576,"SI"
2026-09-10,"D.O.T.A. S.A. DE TRANSPORTE AUTOMOTOR","CABA_LINEA_ 44","SI","COLECTIVO","C.A.B.A","C.A.B.A","SD",26703,"SI"
2026-09-10,"NUDO S.A.","CABA_LINEA_ 50","SI","COLECTIVO","C.A.B.A","C.A.B.A","SD",29011,"SI"
2026-09-10,"TRANSPORTES LOPE DE VEGA S.A.C.I.","CABA_LINEA_ 76","SI","COLECTIVO","C.A.B.A","C.A.B.A","SD",27440,"SI"
2026-09-10,"TRANSPORTES AUTOMOTORES RIACHUELO S.A.","CABA_LINEA_025","SI","COLECTIVO","C.A.B.A","C.A.B.A","SD",11908,"SI"
2026-09-10,"JUAN B. JUSTO S.A.T.C.I.","CABA_LINEA_04","SI","COLECTIVO","C.A.B.A","C.A.B.A","SD",20976,"SI"
2026-09-10,"TRANSPORTES AUTOMOTORES RIACHUELO S.A.","CABA_LINEA_084","SI","COLECTIVO","C.A.B.A","C.A.B.A","SD",17397,"SI"
2026-09-10,"TRANSP. SGTO. CABRAL","CABA_LINEA_102","SI","COLECTIVO","C.A.B.A","C.A.B.A","SD",23239,"SI"
2026-09-10,"COLECTIVEROS UNIDOS S.A.","CABA_LINEA_106","SI","COLECTIVO","C.A.B.A","C.A.B.A","SD",63719,"SI"
2026-09-10,"NUDO S.A.","CABA_LINEA_107","SI","COLECTIVO","C.A.B.A","C.A.B.A","SD",31390,"SI"
2026-09-10,"EMPRESA DE TRANSP. TTE. GRAL. ROCA S.A","CABA_LINEA_108","SI","COLECTIVO","C.A.B.A","C.A.B.A","SD",19190,"SI"
2026-09-10,"TRANSPORTE NUEVE DE JULIO SAC.","CABA_LINEA_109","SI","COLECTIVO","C.A.B.A","C.A.B.A","SD",21866,"SI"
2026-09-10,"TRANSPORTES AUTOMOTORES RIACHUELO S.A.","CABA_LINEA_115","SI","COLECTIVO","C.A.B.A","C.A.B.A","SD",26055,"SI"
2026-09-10,"MICROOMNIBUS BARRANCAS DE BELGRANO S.A.","CABA_LINEA_118","SI","COLECTIVO","C.A.B.A","C.A.B.A","SD",21772,"SI"
2026-09-10,"TRANSPORTES AUTOMOTORES CALLAO S.A.","CABA_LINEA_12","SI","COLECTIVO","C.A.B.A","C.A.B.A","SD",50432,"SI"
2026-09-10,"NUEVOS RUMBOS S.A.T.A.C.I.F.I.","CABA_LINEA_132","SI","COLECTIVO","C.A.B.A","C.A.B.A","SD",54104,"SI"
2026-09-10,"LA NUEVA METROPOL S.A.","CABA_LINEA_151","SI","COLECTIVO","C.A.B.A","C.A.B.A","SD",34431,"SI"
2026-09-10,"17 DE AGOSTO S.A.","CABA_LINEA_26","SI","COLECTIVO","C.A.B.A","C.A.B.A","SD",31570,"SI"
2026-09-10,"JUAN B. JUSTO S.A.T.C.I.","CABA_LINEA_34","SI","COLECTIVO","C.A.B.A","C.A.B.A","SD",46510,"SI"
2026-09-10,"TRANSPORTES SANTA FE S.A.C.I.","CABA_LINEA_39","SI","COLECTIVO","C.A.B.A","C.A.B.A","SD",59288,"SI"
2026-09-10,"LINEA DE MICROOMNIBUS 47 S.A.T.C.F.I.","CABA_LINEA_47","SI","COLECTIVO","C.A.B.A","C.A.B.A","SD",19782,"SI"
2026-09-10,"LA CENTRAL DE VICENTE LOPEZ S.A.","CABA_LINEA_61","SI","COLECTIVO","C.A.B.A","C.A.B.A","SD",9711,"SI"
2026-09-10,"LA CENTRAL DE VICENTE LOPEZ S.A.","CABA_LINEA_62","SI","COLECTIVO","C.A.B.A","C.A.B.A","SD",10277,"SI"
2026-09-10,"VUELTA DE ROCHA S.A.T.C.I.","CABA_LINEA_64","SI","COLECTIVO","C.A.B.A","C.A.B.A","SD",20731,"SI"
2026-09-10,"LA NUEVA METROPOL S.A.","CABA_LINEA_65","SI","COLECTIVO","C.A.B.A","C.A.B.A","SD",28061,"SI"
2026-09-10,"TRANSPORTES SESENTA Y OCHO S.R.L.","CABA_LINEA_68","SI","COLECTIVO","C.A.B.A","C.A.B.A","SD",43408,"SI"
2026-09-10,"NUDO S.A.","CABA_LINEA_7","SI","COLECTIVO","C.A.B.A","C.A.B.A","SD",15765,"SI"
2026-09-10,"COOP. DE PROVISION DE SERVICIOS 1 DE SEPTIEMBRE LTDA","CHACRA MONTE - PAISSANIDIS","NO","COLECTIVO","MUNICIPAL","RÍO NEGRO","GENERAL ROCA",733,"SI"
2026-09-10,"SOFSE - Mitre","FCC MITRE_TIGRE","SI","TREN","NACIONAL","JN","SD",56728,"SI"
2026-09-10,"SOFSE - Roca","FFCC ROCA","SI","TREN","NACIONAL","JN","SD",341873,"SI"
2026-09-10,"SOFSE- SARMIENTO","FFCC SAR  MERLO - LOBOS","SI","TREN","NACIONAL","JN","SD",3331,"SI"
2026-09-10,"SOFSE- SARMIENTO","FFCC SAR MORENO - MERCEDES","SI","TREN","NACIONAL","JN","SD",1346,"SI"
2026-09-10,"SOFSE- SARMIENTO","FFCC SAR","SI","TREN","NACIONAL","JN","SD",194704,"SI"
2026-09-10,"SOFSE - TREN DEL VALLE","FFCC TREN DEL VALLE","NO","TREN","NACIONAL","JN","SD",1629,"SI"
2026-09-10,"METROVIAS S.A. (URQUIZA)","FFCC URQUIZA","SI","TREN","NACIONAL","JN","SD",65928,"SI"
2026-09-10,"SOFSE - Belgrano Sur","FFCC_BELG_SUR","SI","TREN","NACIONAL","JN","SD",39644,"SI"
2026-09-10,"FERROVIAS S.A.","FFCC_BELGRANO_NORTE","SI","TREN","NACIONAL","JN","SD",94324,"SI"
2026-09-10,"SOFSE - Mitre","FFCC_MITRE","SI","TREN","NACIONAL","JN","SD",123,"SI"
2026-09-10,"SOFSE - Mitre","FFCC_MITRE_CAPILLA","SI","TREN","NACIONAL","JN","SD",174,"SI"
2026-09-10,"SOFSE - Mitre","FFCC_MITRE_ZARATE","SI","TREN","NACIONAL","JN","SD",56,"SI"
2026-09-10,"SOFSE - Roca","FFCC_ROCA_CAÑUELAS-MONTE","SI","TREN","NACIONAL","JN","SD",6,"SI"
2026-09-10,"SOFSE - Roca","FFCC_ROCA_KORN-CHASCOMUS","SI","TREN","NACIONAL","JN","SD",34,"SI"
2026-09-10,"SOFSE - Roca","FFCC_ROCA_UNIVERSITARIO","SI","TREN","NACIONAL","JN","SD",624,"SI"
2026-09-10,"SOFSE - San Martin","FFCC_SANM","SI","TREN","NACIONAL","JN","SD",106411,"SI"
2026-09-10,"SOFSE - Mitre","FFCC_SUAREZ","SI","TREN","NACIONAL","JN","SD",55731,"SI"
2026-09-10,"SOFSE- TREN DE LA COSTA","FFCC_TREN_COSTA","SI","TREN","NACIONAL","JN","SD",3304,"SI"
2026-09-10,"COOP. DE PROVISION DE SERVICIOS 1 DE SEPTIEMBRE LTDA","ISLAS MALVINAS - PUENTE CERO","NO","COLECTIVO","MUNICIPAL","RÍO NEGRO","GENERAL ROCA",1146,"SI"
2026-09-10,"COOP. DE PROVISION DE SERVICIOS 1 DE SEPTIEMBRE LTDA","J.J. GOMEZ - ALTA BARDA","NO","COLECTIVO","MUNICIPAL","RÍO NEGRO","GENERAL ROCA",1381,"SI"
2026-09-10,"EMOVA MOVILIDAD S.A. (ex MTV)","LIN_PREMETRO","SI","SUBTE",,,,6926,"SI"
2026-09-10,"DAVALO ELIANA ELISABET","LINEA 02","NO","COLECTIVO","MUNICIPAL","SANTA FE","RECONQUISTA",254,"SI"
2026-09-10,"MAREGA GUSTAVO ANTONIO","LINEA 03","NO","COLECTIVO","MUNICIPAL","SANTA FE","RECONQUISTA",236,"SI"
2026-09-10,"BRAIDOT JOSE MANUEL","LINEA 04","NO","COLECTIVO","MUNICIPAL","SANTA FE","RECONQUISTA",377,"SI"
2026-09-10,"TRANSPORTE JACOBSEN S.R.L.","LINEA 1 ESQUEL/LA ALDEA","NO","COLECTIVO","PROVINCIAL","CHUBUT","SN",843,"SI"
2026-09-10,"EMPRESA DE TRANSPORTE 12 DE OCTUBRE S R L","LINEA 1","NO","COLECTIVO","MUNICIPAL","BUENOS AIRES","PINAMAR",1337,"SI"
2026-09-10,"VIA 51 VIAJES SA","LINEA 1","NO","COLECTIVO","MUNICIPAL","BUENOS AIRES","TORNQUIST",340,"SI"
2026-09-10,"TRANSPORTE JACOBSEN S.R.L.","LINEA 1","NO","COLECTIVO","MUNICIPAL","CHUBUT","ESQUEL",969,"SI"
2026-09-10,"SI! BUS EMPRESA SARMIENTO S.R.L - INTERCORDOBA S.A – UTE","LINEA 1","NO","COLECTIVO","MUNICIPAL","CORDOBA","VILLA ALLENDE",171,"SI"
2026-09-10,"COOPERATIVA TRABAJO TRANSPORTES CONCORDIA LTDA","LINEA 1","NO","COLECTIVO","MUNICIPAL","ENTRE RÍOS","CONCORDIA",6000,"SI"
2026-09-10,"DELCAUSSE HERMANOS SOCIEDAD DE RESPONSABILIDAD LIMITADA","LINEA 1","NO","COLECTIVO","MUNICIPAL","ENTRE RÍOS","GUALEGUAYCHU",1754,"SI"
2026-09-10,"ENTE MUNICIPAL DE SERVICIOS URBANOS","LINEA 1","NO","COLECTIVO","MUNICIPAL","LA PAMPA","SANTA ROSA",1101,"SI"
2026-09-10,"PEHUENCHE S A","LINEA 1","NO","COLECTIVO","MUNICIPAL","RÍO NEGRO","CIPOLLETTI",230,"SI"
2026-09-10,"MUNICIPALIDAD DE RAFAELA","LINEA 1","NO","COLECTIVO","MUNICIPAL","SANTA FE","RAFAELA",211,"SI"
2026-09-10,"AUTOTRANSPORTE DECANO S.R.L","LINEA 1","NO","COLECTIVO","MUNICIPAL","SANTIAGO DEL ESTERO","LA BANDA",106,"SI"
2026-09-10,"EL GALGO SRL","LINEA 1","NO","COLECTIVO","MUNICIPAL","TUCUMAN","SAN MIGUEL DE TUCUMAN",3679,"SI"
2026-09-10,"TRANSPORTES SAN CAYETANO S.A.C.","LINEA 1","SI","COLECTIVO","NACIONAL","JN","SD",13721,"SI"
2026-09-10,"CONIFERAL S.A.","LINEA 10","NO","COLECTIVO","MUNICIPAL","CORDOBA","CORDOBA",6129,"SI"
2026-09-10,"LEAGAS S.A.","LINEA 10","NO","COLECTIVO","MUNICIPAL","TUCUMAN","SAN MIGUEL DE TUCUMAN",6640,"SI"
2026-09-10,"VIZZONI LIDIA INES","LINEA 10","NO","COLECTIVO","PROVINCIAL","CATAMARCA","SN",411,"SI"
2026-09-10,"S.A TRANSPORTE CIUDAD DE RIO CUARTO","LINEA 100","NO","COLECTIVO","MUNICIPAL","CORDOBA","RIO CUARTO",155,"SI"
2026-09-10,"SOCIEDAD DE TRANSPORTE DE MENDOZA SOCIEDAD ANONIMA UNIPERSONAL DE PARTICIPACION ESTATAL","LINEA 100","NO","COLECTIVO","PROVINCIAL","MENDOZA","SN",4296,"SI"
2026-09-10,"S.A TRANSPORTE CIUDAD DE RIO CUARTO","LINEA 101","NO","COLECTIVO","MUNICIPAL","CORDOBA","RIO CUARTO",134,"SI"
2026-09-10,"D.O.T.A. S.A. DE TRANSPORTE AUTOMOTOR","LINEA 101","SI","COLECTIVO","NACIONAL","JN","SD",49300,"SI"
2026-09-10,"S.A TRANSPORTE CIUDAD DE RIO CUARTO","LINEA 102","NO","COLECTIVO","MUNICIPAL","CORDOBA","RIO CUARTO",69,"SI"
2026-09-10,"S.A TRANSPORTE CIUDAD DE RIO CUARTO","LINEA 103","NO","COLECTIVO","MUNICIPAL","CORDOBA","RIO CUARTO",30,"SI"
2026-09-10,"S.A TRANSPORTE CIUDAD DE RIO CUARTO","LINEA 104","NO","COLECTIVO","MUNICIPAL","CORDOBA","RIO CUARTO",8,"SI"
2026-09-10,"S.A TRANSPORTE CIUDAD DE RIO CUARTO","LINEA 105","NO","COLECTIVO","MUNICIPAL","CORDOBA","RIO CUARTO",11,"SI"
2026-09-10,"S.A TRANSPORTE CIUDAD DE RIO CUARTO","LINEA 106","NO","COLECTIVO","MUNICIPAL","CORDOBA","RIO CUARTO",130,"SI"
2026-09-10,"S.A TRANSPORTE CIUDAD DE RIO CUARTO","LINEA 107","NO","COLECTIVO","MUNICIPAL","CORDOBA","RIO CUARTO",73,"SI"
2026-09-10,"S.A TRANSPORTE CIUDAD DE RIO CUARTO","LINEA 108","NO","COLECTIVO","MUNICIPAL","CORDOBA","RIO CUARTO",14,"SI"
2026-09-10,"CONIFERAL S.A.","LINEA 11","NO","COLECTIVO","MUNICIPAL","CORDOBA","CORDOBA",7456,"SI"
2026-09-10,"TCM BUS S.R.L.","LINEA 11","NO","COLECTIVO","MUNICIPAL","TUCUMAN","SAN MIGUEL DE TUCUMAN",9745,"SI"
2026-09-10,"SOCIEDAD DE TRANSPORTE DE MENDOZA SOCIEDAD ANONIMA UNIPERSONAL DE PARTICIPACION ESTATAL","LINEA 110","NO","COLECTIVO","PROVINCIAL","MENDOZA","SN",14413,"SI"
2026-09-10,"MICROOMNIBUS CUARENTA Y CINCO S.A.C.I.F.","LINEA 119","SI","COLECTIVO","NACIONAL","JN","SD",9978,"SI"
2026-09-10,"CONIFERAL S.A.","LINEA 12","NO","COLECTIVO","MUNICIPAL","CORDOBA","CORDOBA",7807,"SI"
2026-09-10,"TRANS BUS SRL","LINEA 12","NO","COLECTIVO","MUNICIPAL","CORDOBA","VILLA MARIA",14,"SI"
2026-09-10,"EMPRESA CERRO POZO S.R.L.","LINEA 12","NO","COLECTIVO","MUNICIPAL","TUCUMAN","SAN MIGUEL DE TUCUMAN",2438,"SI"
2026-09-10,"EMPRESA DE SERVICIOS EL JACARANDA S.A.","LINEA 12","NO","COLECTIVO","MUNICIPAL","TUCUMAN","SAN MIGUEL DE TUCUMAN",2443,"SI"
2026-09-10,"ILLAGES S.R.L.","LINEA 12","NO","COLECTIVO","MUNICIPAL","TUCUMAN","SAN MIGUEL DE TUCUMAN",2413,"SI"
2026-09-10,"TRANSPORTE YERBA BUENA SRL","LINEA 12","NO","COLECTIVO","MUNICIPAL","TUCUMAN","SAN MIGUEL DE TUCUMAN",2483,"SI"
2026-09-10,"ERSA URBANO SA","LINEA 12","NO","COLECTIVO","PROVINCIAL","ENTRE RÍOS","SN",1183,"SI"
2026-09-10,"SOCIEDAD DE TRANSPORTE DE MENDOZA SOCIEDAD ANONIMA UNIPERSONAL DE PARTICIPACION ESTATAL","LINEA 120","NO","COLECTIVO","PROVINCIAL","MENDOZA","SN",18886,"SI"
2026-09-10,"SOCIEDAD DE TRANSPORTE DE MENDOZA SOCIEDAD ANONIMA UNIPERSONAL DE PARTICIPACION ESTATAL","LINEA 121","NO","COLECTIVO","PROVINCIAL","MENDOZA","SN",196,"SI"
2026-09-10,"SOCIEDAD DE TRANSPORTE DE MENDOZA SOCIEDAD ANONIMA UNIPERSONAL DE PARTICIPACION ESTATAL","LINEA 125","NO","COLECTIVO","PROVINCIAL","MENDOZA","SN",4256,"SI"
2026-09-10,"CONIFERAL S.A.","LINEA 13","NO","COLECTIVO","MUNICIPAL","CORDOBA","CORDOBA",2181,"SI"
2026-09-10,"TRANS BUS SRL","LINEA 13","NO","COLECTIVO","MUNICIPAL","CORDOBA","VILLA MARIA",6,"SI"
2026-09-10,"SOCIEDAD DE TRANSPORTE DE MENDOZA SOCIEDAD ANONIMA UNIPERSONAL DE PARTICIPACION ESTATAL","LINEA 130","NO","COLECTIVO","PROVINCIAL","MENDOZA","SN",3720,"SI"
2026-09-10,"CONIFERAL S.A.","LINEA 14","NO","COLECTIVO","MUNICIPAL","CORDOBA","CORDOBA",7982,"SI"
2026-09-10,"TRANS BUS SRL","LINEA 14","NO","COLECTIVO","MUNICIPAL","CORDOBA","VILLA MARIA",9,"SI"
2026-09-10,"SOCIEDAD DE TRANSPORTE DE MENDOZA SOCIEDAD ANONIMA UNIPERSONAL DE PARTICIPACION ESTATAL","LINEA 140","NO","COLECTIVO","PROVINCIAL","MENDOZA","SN",10269,"SI"
2026-09-10,"ROSARIO GUARANI SA","LINEA 145","SI","COLECTIVO","NACIONAL","JN","SD",31204,"SI"
2026-09-10,"CONIFERAL S.A.","LINEA 15","NO","COLECTIVO","MUNICIPAL","CORDOBA","CORDOBA",5867,"SI"
2026-09-10,"TRANS BUS SRL","LINEA 15","NO","COLECTIVO","MUNICIPAL","CORDOBA","VILLA MARIA",27,"SI"
2026-09-10,"9 DE JULIO","LINEA 15","NO","COLECTIVO","PROVINCIAL","CATAMARCA","SN",461,"SI"
2026-09-10,"ERSA URBANO SA","LINEA 15","NO","COLECTIVO","PROVINCIAL","ENTRE RÍOS","SN",667,"SI"
2026-09-10,"EMPRESA RECREO S R L","LINEA 157 SFE","NO","COLECTIVO","PROVINCIAL","SANTA FE","SN",4140,"SI"
2026-09-10,"EMPRESA RECREO S R L","LINEA 158 SFE","NO","COLECTIVO","PROVINCIAL","SANTA FE","SN",996,"SI"
2026-09-10,"CONIFERAL S.A.","LINEA 16","NO","COLECTIVO","MUNICIPAL","CORDOBA","CORDOBA",2666,"SI"
2026-09-10,"TRANS BUS SRL","LINEA 16","NO","COLECTIVO","MUNICIPAL","CORDOBA","VILLA MARIA",8,"SI"
2026-09-10,"9 DE JULIO","LINEA 16","NO","COLECTIVO","PROVINCIAL","CATAMARCA","SN",170,"SI"
2026-09-10,"CONIFERAL S.A.","LINEA 17","NO","COLECTIVO","MUNICIPAL","CORDOBA","CORDOBA",4272,"SI"
2026-09-10,"TRANS BUS SRL","LINEA 17","NO","COLECTIVO","MUNICIPAL","CORDOBA","VILLA MARIA",37,"SI"
2026-09-10,"EL CONDOR SRL","LINEA 17","NO","COLECTIVO","MUNICIPAL","TUCUMAN","SAN MIGUEL DE TUCUMAN",12862,"SI"
2026-09-10,"ERSA URBANO SA","LINEA 17","NO","COLECTIVO","PROVINCIAL","ENTRE RÍOS","SN",412,"SI"
2026-09-10,"CONIFERAL S.A.","LINEA 18","NO","COLECTIVO","MUNICIPAL","CORDOBA","CORDOBA",4535,"SI"
2026-09-10,"BSV LOGISTICA S.A.S.","LINEA 18","NO","COLECTIVO","MUNICIPAL","TUCUMAN","SAN MIGUEL DE TUCUMAN",8048,"SI"
2026-09-10,"EMPRESA MAIPU S.R.L","LINEA 1856","NO","COLECTIVO","PROVINCIAL","MENDOZA","SN",341,"SI"
2026-09-10,"EMPRESA MAIPU S.R.L","LINEA 1873","NO","COLECTIVO","PROVINCIAL","MENDOZA","SN",58,"SI"
2026-09-10,"CONIFERAL S.A.","LINEA 19","NO","COLECTIVO","MUNICIPAL","CORDOBA","CORDOBA",2596,"SI"
2026-09-10,"TRANS BUS SRL","LINEA 19","NO","COLECTIVO","MUNICIPAL","CORDOBA","VILLA MARIA",3,"SI"
2026-09-10,"B y V TRANSPORTES S.R.L.","LINEA 19","NO","COLECTIVO","MUNICIPAL","TUCUMAN","SAN MIGUEL DE TUCUMAN",8512,"SI"
2026-09-10,"LINEA 28 DE JULIO SOCIEDAD COOPERATIVA DE TRABAJO DE TRANSPORTES LIMITADA","LINEA 1: TRELEW / PUERTO MADRYN","NO","COLECTIVO","PROVINCIAL","CHUBUT","SN",726,"SI"
2026-09-10,"DAVALO ELIANA ELISABET","LINEA 2 BIS","NO","COLECTIVO","MUNICIPAL","SANTA FE","RECONQUISTA",75,"SI"
2026-09-10,"TRANSPORTE JACOBSEN S.R.L.","LINEA 2 ESQUEL/TREVELIN","NO","COLECTIVO","PROVINCIAL","CHUBUT","SN",1268,"SI"
2026-09-10,"EMPRESA DE TRANSPORTE 12 DE OCTUBRE S R L","LINEA 2","NO","COLECTIVO","MUNICIPAL","BUENOS AIRES","PINAMAR",6,"SI"
2026-09-10,"TRANSPORTE JACOBSEN S.R.L.","LINEA 2","NO","COLECTIVO","MUNICIPAL","CHUBUT","ESQUEL",785,"SI"
2026-09-10,"SI! BUS EMPRESA SARMIENTO S.R.L - INTERCORDOBA S.A – UTE","LINEA 2","NO","COLECTIVO","MUNICIPAL","CORDOBA","VILLA ALLENDE",109,"SI"
2026-09-10,"COOPERATIVA DE TRABAJO ""12 DE OCTUBRE"" LTADA","LINEA 2","NO","COLECTIVO","MUNICIPAL","ENTRE RÍOS","CONCORDIA",5425,"SI"
2026-09-10,"ENTE MUNICIPAL DE SERVICIOS URBANOS","LINEA 2","NO","COLECTIVO","MUNICIPAL","LA PAMPA","SANTA ROSA",1155,"SI"
2026-09-10,"MUNICIPALIDAD DE RAFAELA","LINEA 2","NO","COLECTIVO","MUNICIPAL","SANTA FE","RAFAELA",200,"SI"
2026-09-10,"ESPONDA OSVALDO RAMON Y CAMPIÑO CARLOS ANTONIO S.H.","LINEA 2","NO","COLECTIVO","PROVINCIAL","ENTRE RÍOS","SN",2019,"SI"
2026-09-10,"TAMSAU","LINEA 20","NO","COLECTIVO","MUNICIPAL","CORDOBA","CORDOBA",4357,"SI"
2026-09-10,"TRANS BUS SRL","LINEA 20","NO","COLECTIVO","MUNICIPAL","CORDOBA","VILLA MARIA",20,"SI"
2026-09-10,"ERSA URBANO SA","LINEA 20","NO","COLECTIVO","PROVINCIAL","ENTRE RÍOS","SN",1255,"SI"
2026-09-10,"EMPRESA MAIPU S.R.L.","LINEA 200","NO","COLECTIVO","PROVINCIAL","MENDOZA","SN",11343,"SI"
2026-09-10,"EMPRESA MAIPU S.R.L.","LINEA 201","NO","COLECTIVO","PROVINCIAL","MENDOZA","SN",13176,"SI"
2026-09-10,"EMPRESA MAIPU S.R.L.","LINEA 202","NO","COLECTIVO","PROVINCIAL","MENDOZA","SN",1317,"SI"
2026-09-10,"EMPRESA MAIPU S.R.L.","LINEA 203","NO","COLECTIVO","PROVINCIAL","MENDOZA","SN",3110,"SI"
2026-09-10,"EMPRESA MAIPU S.R.L.","LINEA 204","NO","COLECTIVO","PROVINCIAL","MENDOZA","SN",3703,"SI"
2026-09-10,"NUEVO IDEAL S.A.","LINEA 205","SI","COLECTIVO","PROVINCIAL","BUENOS AIRES","SN",8149,"SI"
2026-09-10,"EMPRESA MAIPU S.R.L.","LINEA 206","NO","COLECTIVO","PROVINCIAL","MENDOZA","SN",334,"SI"
2026-09-10,"EMPRESA MAIPU S.R.L.","LINEA 207","NO","COLECTIVO","PROVINCIAL","MENDOZA","SN",943,"SI"
2026-09-10,"EMPRESA MAIPU S.R.L.","LINEA 208","NO","COLECTIVO","PROVINCIAL","MENDOZA","SN",853,"SI"
2026-09-10,"CONIFERAL S.A.","LINEA 21","NO","COLECTIVO","MUNICIPAL","CORDOBA","CORDOBA",2111,"SI"
2026-09-10,"TAMSAU","LINEA 22","NO","COLECTIVO","MUNICIPAL","CORDOBA","CORDOBA",2110,"SI"
2026-09-10,"ERSA URBANO SA","LINEA 22","NO","COLECTIVO","PROVINCIAL","ENTRE RÍOS","SN",7218,"SI"
2026-09-10,"EMPRESA MAIPU S.R.L.","LINEA 221","NO","COLECTIVO","PROVINCIAL","MENDOZA","SN",1544,"SI"
2026-09-10,"TAMSAU","LINEA 23","NO","COLECTIVO","MUNICIPAL","CORDOBA","CORDOBA",2485,"SI"
2026-09-10,"EMPRESA MAIPU S.R.L.","LINEA 230","NO","COLECTIVO","PROVINCIAL","MENDOZA","SN",2680,"SI"
2026-09-10,"EMPRESA MAIPU S.R.L.","LINEA 232","NO","COLECTIVO","PROVINCIAL","MENDOZA","SN",1525,"SI"
2026-09-10,"EMPRESA MAIPU S.R.L.","LINEA 233","NO","COLECTIVO","PROVINCIAL","MENDOZA","SN",4023,"SI"
2026-09-10,"EMPRESA MAIPU S.R.L.","LINEA 234","NO","COLECTIVO","PROVINCIAL","MENDOZA","SN",4351,"SI"
2026-09-10,"EMPRESA MAIPU S.R.L.","LINEA 235","NO","COLECTIVO","PROVINCIAL","MENDOZA","SN",1144,"SI"
2026-09-10,"EMPRESA MAIPU S.R.L.","LINEA 236","NO","COLECTIVO","PROVINCIAL","MENDOZA","SN",402,"SI"
2026-09-10,"TAMSAU","LINEA 24","NO","COLECTIVO","MUNICIPAL","CORDOBA","CORDOBA",2659,"SI"
2026-09-10,"ERSA URBANO SA","LINEA 24","NO","COLECTIVO","PROVINCIAL","ENTRE RÍOS","SN",315,"SI"
2026-09-10,"EMPRESA MAIPU S.R.L.","LINEA 240","NO","COLECTIVO","PROVINCIAL","MENDOZA","SN",1671,"SI"
2026-09-10,"EMPRESA MAIPU S.R.L.","LINEA 241","NO","COLECTIVO","PROVINCIAL","MENDOZA","SN",1418,"SI"
2026-09-10,"EMPRESA MAIPU S.R.L.","LINEA 242","NO","COLECTIVO","PROVINCIAL","MENDOZA","SN",835,"SI"
2026-09-10,"CONIFERAL S.A.","LINEA 25","NO","COLECTIVO","MUNICIPAL","CORDOBA","CORDOBA",5075,"SI"
2026-09-10,"20 DE JULIO S.R.L.","LINEA 25","NO","COLECTIVO","PROVINCIAL","CATAMARCA","SN",600,"SI"
2026-09-10,"EMPRESA MAIPU S.R.L.","LINEA 250","NO","COLECTIVO","PROVINCIAL","MENDOZA","SN",1005,"SI"
2026-09-10,"EMPRESA MAIPU S.R.L.","LINEA 251","NO","COLECTIVO","PROVINCIAL","MENDOZA","SN",961,"SI"
2026-09-10,"EMPRESA MAIPU S.R.L.","LINEA 252","NO","COLECTIVO","PROVINCIAL","MENDOZA","SN",1681,"SI"
2026-09-10,"TAMSAU","LINEA 26","NO","COLECTIVO","MUNICIPAL","CORDOBA","CORDOBA",2805,"SI"
2026-09-10,"EMPRESA MAIPU S.R.L.","LINEA 260","NO","COLECTIVO","PROVINCIAL","MENDOZA","SN",2841,"SI"
2026-09-10,"EMPRESA MAIPU S.R.L.","LINEA 261","NO","COLECTIVO","PROVINCIAL","MENDOZA","SN",1316,"SI"
2026-09-10,"TAMSAU","LINEA 27","NO","COLECTIVO","MUNICIPAL","CORDOBA","CORDOBA",3633,"SI"
2026-09-10,"EMPRESA MAIPU S.R.L.","LINEA 270","NO","COLECTIVO","PROVINCIAL","MENDOZA","SN",667,"SI"
2026-09-10,"EMPRESA MAIPU S.R.L.","LINEA 271","NO","COLECTIVO","PROVINCIAL","MENDOZA","SN",715,"SI"
2026-09-10,"EMPRESA MAIPU S.R.L.","LINEA 272","NO","COLECTIVO","PROVINCIAL","MENDOZA","SN",1,"SI"
2026-09-10,"EMPRESA MAIPU S.R.L.","LINEA 273","NO","COLECTIVO","PROVINCIAL","MENDOZA","SN",56,"SI"
2026-09-10,"EMPRESA MAIPU S.R.L.","LINEA 274","NO","COLECTIVO","PROVINCIAL","MENDOZA","SN",20,"SI"
2026-09-10,"EMPRESA MAIPU S.R.L.","LINEA 275","NO","COLECTIVO","PROVINCIAL","MENDOZA","SN",15,"SI"
2026-09-10,"EMPRESA MAIPU S.R.L.","LINEA 276","NO","COLECTIVO","PROVINCIAL","MENDOZA","SN",14,"SI"
2026-09-10,"EMPRESA MAIPU S.R.L.","LINEA 277","NO","COLECTIVO","PROVINCIAL","MENDOZA","SN",13,"SI"
2026-09-10,"EMPRESA MAIPU S.R.L.","LINEA 278","NO","COLECTIVO","PROVINCIAL","MENDOZA","SN",22,"SI"
2026-09-10,"EMPRESA MAIPU S.R.L.","LINEA 279","NO","COLECTIVO","PROVINCIAL","MENDOZA","SN",3,"SI"
2026-09-10,"TAMSAU","LINEA 28","NO","COLECTIVO","MUNICIPAL","CORDOBA","CORDOBA",2222,"SI"
2026-09-10,"D.O.T.A. S.A. DE TRANSPORTE AUTOMOTOR","LINEA 28","SI","COLECTIVO","NACIONAL","JN","SD",81810,"SI"
2026-09-10,"TEJADA, MARCOS GUSTAVO","LINEA 28","NO","COLECTIVO","PROVINCIAL","CATAMARCA","SN",330,"SI"
2026-09-10,"EMPRESA MAIPU S.R.L.","LINEA 280","NO","COLECTIVO","PROVINCIAL","MENDOZA","SN",3,"SI"
2026-09-10,"EMPRESA MAIPU S.R.L.","LINEA 281","NO","COLECTIVO","PROVINCIAL","MENDOZA","SN",34,"SI"
2026-09-10,"EMPRESA MAIPU S.R.L.","LINEA 282","NO","COLECTIVO","PROVINCIAL","MENDOZA","SN",79,"SI"
2026-09-10,"EMPRESA MAIPU S.R.L.","LINEA 283","NO","COLECTIVO","PROVINCIAL","MENDOZA","SN",25,"SI"
2026-09-10,"EMPRESA MAIPU S.R.L.","LINEA 284","NO","COLECTIVO","PROVINCIAL","MENDOZA","SN",99,"SI"
2026-09-10,"EMPRESA MAIPU S.R.L.","LINEA 285","NO","COLECTIVO","PROVINCIAL","MENDOZA","SN",9,"SI"
2026-09-10,"EMPRESA MAIPU S.R.L.","LINEA 286","NO","COLECTIVO","PROVINCIAL","MENDOZA","SN",15,"SI"
2026-09-10,"EMPRESA MAIPU S.R.L.","LINEA 287","NO","COLECTIVO","PROVINCIAL","MENDOZA","SN",9,"SI"
2026-09-10,"EMPRESA MAIPU S.R.L.","LINEA 288","NO","COLECTIVO","PROVINCIAL","MENDOZA","SN",18,"SI"
2026-09-10,"EMPRESA MAIPU S.R.L.","LINEA 289","NO","COLECTIVO","PROVINCIAL","MENDOZA","SN",59,"SI"
2026-09-10,"TAMSAU","LINEA 29","NO","COLECTIVO","MUNICIPAL","CORDOBA","CORDOBA",2492,"SI"
2026-09-10,"EMPRESA MAIPU S.R.L.","LINEA 290","NO","COLECTIVO","PROVINCIAL","MENDOZA","SN",72,"SI"
2026-09-10,"EMPRESA MAIPU S.R.L.","LINEA 291","NO","COLECTIVO","PROVINCIAL","MENDOZA","SN",53,"SI"
2026-09-10,"EMPRESA MAIPU S.R.L.","LINEA 292","NO","COLECTIVO","PROVINCIAL","MENDOZA","SN",3,"SI"
2026-09-10,"EMPRESA MAIPU S.R.L.","LINEA 293","NO","COLECTIVO","PROVINCIAL","MENDOZA","SN",1,"SI"
2026-09-10,"EMPRESA MAIPU S.R.L.","LINEA 294","NO","COLECTIVO","PROVINCIAL","MENDOZA","SN",16,"SI"
2026-09-10,"EMPRESA MAIPU S.R.L.","LINEA 295","NO","COLECTIVO","PROVINCIAL","MENDOZA","SN",54,"SI"
2026-09-10,"EMPRESA MAIPU S.R.L.","LINEA 296","NO","COLECTIVO","PROVINCIAL","MENDOZA","SN",1,"SI"
2026-09-10,"EMPRESA MAIPU S.R.L.","LINEA 297","NO","COLECTIVO","PROVINCIAL","MENDOZA","SN",18,"SI"
2026-09-10,"EMPRESA MAIPU S.R.L.","LINEA 298","NO","COLECTIVO","PROVINCIAL","MENDOZA","SN",1,"SI"
2026-09-10,"LINEA 28 DE JULIO SOCIEDAD COOPERATIVA DE TRABAJO DE TRANSPORTES LIMITADA","LINEA 2: TRELEW / DOLAVON","NO","COLECTIVO","PROVINCIAL","CHUBUT","SN",967,"SI"
2026-09-10,"TRANSPORTE JACOBSEN S.R.L.","LINEA 3","NO","COLECTIVO","MUNICIPAL","CHUBUT","ESQUEL",944,"SI"
2026-09-10,"TURISMO PALMARES S.R.L.","LINEA 3","NO","COLECTIVO","MUNICIPAL","ENTRE RÍOS","CONCORDIA",6141,"SI"
2026-09-10,"ENTE MUNICIPAL DE SERVICIOS URBANOS","LINEA 3","NO","COLECTIVO","MUNICIPAL","LA PAMPA","SANTA ROSA",1738,"SI"
2026-09-10,"PEHUENCHE S A","LINEA 3","NO","COLECTIVO","MUNICIPAL","RÍO NEGRO","CIPOLLETTI",770,"SI"
2026-09-10,"MUNICIPALIDAD DE RAFAELA","LINEA 3","NO","COLECTIVO","MUNICIPAL","SANTA FE","RAFAELA",691,"SI"
2026-09-10,"TRANSPORTE YERBA BUENA SRL","LINEA 3","NO","COLECTIVO","MUNICIPAL","TUCUMAN","SAN MIGUEL DE TUCUMAN",4671,"SI"
2026-09-10,"RISSMA S.R.L","LINEA 30","NO","COLECTIVO","MUNICIPAL","CORDOBA","CORDOBA",6052,"SI"
2026-09-10,"AUTOTRANSPORTES LOS ANDES S.A. EL CACIQUE S.A. U.T.","LINEA 300","NO","COLECTIVO","PROVINCIAL","MENDOZA","SN",3009,"SI"
2026-09-10,"PRESTACIONES S.A.","LINEA 301A","NO","COLECTIVO","PROVINCIAL","MENDOZA","SN",196,"SI"
2026-09-10,"PRESTACIONES S.A.","LINEA 301B","NO","COLECTIVO","PROVINCIAL","MENDOZA","SN",226,"SI"
2026-09-10,"PRESTACIONES S.A.","LINEA 301C","NO","COLECTIVO","PROVINCIAL","MENDOZA","SN",28,"SI"
2026-09-10,"PRESTACIONES S.A.","LINEA 301H","NO","COLECTIVO","PROVINCIAL","MENDOZA","SN",86,"SI"
2026-09-10,"PRESTACIONES S.A.","LINEA 301J","NO","COLECTIVO","PROVINCIAL","MENDOZA","SN",33,"SI"
2026-09-10,"PRESTACIONES S.A.","LINEA 301K","NO","COLECTIVO","PROVINCIAL","MENDOZA","SN",78,"SI"
2026-09-10,"PRESTACIONES S.A.","LINEA 301L","NO","COLECTIVO","PROVINCIAL","MENDOZA","SN",9,"SI"
2026-09-10,"PRESTACIONES S.A.","LINEA 301M","NO","COLECTIVO","PROVINCIAL","MENDOZA","SN",2839,"SI"
2026-09-10,"PRESTACIONES S.A.","LINEA 301N","NO","COLECTIVO","PROVINCIAL","MENDOZA","SN",2227,"SI"
2026-09-10,"PRESTACIONES S.A.","LINEA 301O","NO","COLECTIVO","PROVINCIAL","MENDOZA","SN",846,"SI"
2026-09-10,"PRESTACIONES S.A.","LINEA 301P","NO","COLECTIVO","PROVINCIAL","MENDOZA","SN",1171,"SI"
2026-09-10,"PRESTACIONES S.A.","LINEA 301Q","NO","COLECTIVO","PROVINCIAL","MENDOZA","SN",214,"SI"
2026-09-10,"PRESTACIONES S.A.","LINEA 301R","NO","COLECTIVO","PROVINCIAL","MENDOZA","SN",131,"SI"
2026-09-10,"AUTOTRANSPORTES LOS ANDES S.A. EL CACIQUE S.A. U.T.","LINEA 302","NO","COLECTIVO","PROVINCIAL","MENDOZA","SN",2596,"SI"
2026-09-10,"PRESTACIONES S.A.","LINEA 302A","NO","COLECTIVO","PROVINCIAL","MENDOZA","SN",71,"SI"
2026-09-10,"PRESTACIONES S.A.","LINEA 303Y","NO","COLECTIVO","PROVINCIAL","MENDOZA","SN",52,"SI"
2026-09-10,"PRESTACIONES S.A.","LINEA 303Z","NO","COLECTIVO","PROVINCIAL","MENDOZA","SN",73,"SI"
2026-09-10,"AUTOTRANSPORTES LOS ANDES S.A. EL CACIQUE S.A. U.T.","LINEA 304","NO","COLECTIVO","PROVINCIAL","MENDOZA","SN",248,"SI"
2026-09-10,"PRESTACIONES S.A.","LINEA 304E","NO","COLECTIVO","PROVINCIAL","MENDOZA","SN",473,"SI"
2026-09-10,"PRESTACIONES S.A.","LINEA 304I","NO","COLECTIVO","PROVINCIAL","MENDOZA","SN",412,"SI"
2026-09-10,"AUTOTRANSPORTES LOS ANDES S.A. EL CACIQUE S.A. U.T.","LINEA 305","NO","COLECTIVO","PROVINCIAL","MENDOZA","SN",4629,"SI"
2026-09-10,"PRESTACIONES S.A.","LINEA 306J","NO","COLECTIVO","PROVINCIAL","MENDOZA","SN",33,"SI"
2026-09-10,"AUTOTRANSPORTES LOS ANDES S.A. EL CACIQUE S.A. U.T.","LINEA 309","NO","COLECTIVO","PROVINCIAL","MENDOZA","SN",1067,"SI"
2026-09-10,"RISSMA S.R.L","LINEA 31","NO","COLECTIVO","MUNICIPAL","CORDOBA","CORDOBA",2817,"SI"
2026-09-10,"AUTOTRANSPORTES LOS ANDES S.A. EL CACIQUE S.A. U.T.","LINEA 310","NO","COLECTIVO","PROVINCIAL","MENDOZA","SN",8221,"SI"
2026-09-10,"AUTOTRANSPORTES LOS ANDES S.A. EL CACIQUE S.A. U.T.","LINEA 311","NO","COLECTIVO","PROVINCIAL","MENDOZA","SN",3433,"SI"
2026-09-10,"PRESTACIONES S.A.","LINEA 311B","NO","COLECTIVO","PROVINCIAL","MENDOZA","SN",507,"SI"
2026-09-10,"AUTOTRANSPORTES LOS ANDES S.A. EL CACIQUE S.A. U.T.","LINEA 313","NO","COLECTIVO","PROVINCIAL","MENDOZA","SN",2886,"SI"
2026-09-10,"AUTOTRANSPORTES LOS ANDES S.A. EL CACIQUE S.A. U.T.","LINEA 314","NO","COLECTIVO","PROVINCIAL","MENDOZA","SN",126,"SI"
2026-09-10,"AUTOTRANSPORTES LOS ANDES S.A. EL CACIQUE S.A. U.T.","LINEA 315","NO","COLECTIVO","PROVINCIAL","MENDOZA","SN",4098,"SI"
2026-09-10,"PRESTACIONES S.A.","LINEA 315A","NO","COLECTIVO","PROVINCIAL","MENDOZA","SN",1265,"SI"
2026-09-10,"PRESTACIONES S.A.","LINEA 315B","NO","COLECTIVO","PROVINCIAL","MENDOZA","SN",684,"SI"
2026-09-10,"PRESTACIONES S.A.","LINEA 315C","NO","COLECTIVO","PROVINCIAL","MENDOZA","SN",155,"SI"
2026-09-10,"PRESTACIONES S.A.","LINEA 315D","NO","COLECTIVO","PROVINCIAL","MENDOZA","SN",173,"SI"
2026-09-10,"PRESTACIONES S.A.","LINEA 315I","NO","COLECTIVO","PROVINCIAL","MENDOZA","SN",33,"SI"
2026-09-10,"PRESTACIONES S.A.","LINEA 315J","NO","COLECTIVO","PROVINCIAL","MENDOZA","SN",121,"SI"
2026-09-10,"AUTOTRANSPORTES LOS ANDES S.A. EL CACIQUE S.A. U.T.","LINEA 316","NO","COLECTIVO","PROVINCIAL","MENDOZA","SN",3167,"SI"
2026-09-10,"AUTOTRANSPORTES LOS ANDES S.A. EL CACIQUE S.A. U.T.","LINEA 317","NO","COLECTIVO","PROVINCIAL","MENDOZA","SN",318,"SI"
2026-09-10,"PRESTACIONES S.A.","LINEA 318A","NO","COLECTIVO","PROVINCIAL","MENDOZA","SN",40,"SI"
2026-09-10,"PRESTACIONES S.A.","LINEA 318B","NO","COLECTIVO","PROVINCIAL","MENDOZA","SN",592,"SI"
2026-09-10,"PRESTACIONES S.A.","LINEA 318C","NO","COLECTIVO","PROVINCIAL","MENDOZA","SN",197,"SI"
2026-09-10,"PRESTACIONES S.A.","LINEA 318D","NO","COLECTIVO","PROVINCIAL","MENDOZA","SN",211,"SI"
2026-09-10,"PRESTACIONES S.A.","LINEA 318G","NO","COLECTIVO","PROVINCIAL","MENDOZA","SN",92,"SI"
2026-09-10,"PRESTACIONES S.A.","LINEA 318O","NO","COLECTIVO","PROVINCIAL","MENDOZA","SN",36,"SI"
2026-09-10,"PRESTACIONES S.A.","LINEA 319A","NO","COLECTIVO","PROVINCIAL","MENDOZA","SN",44,"SI"
2026-09-10,"PRESTACIONES S.A.","LINEA 319B","NO","COLECTIVO","PROVINCIAL","MENDOZA","SN",1119,"SI"
2026-09-10,"PRESTACIONES S.A.","LINEA 319D","NO","COLECTIVO","PROVINCIAL","MENDOZA","SN",221,"SI"
2026-09-10,"RISSMA S.R.L","LINEA 32","NO","COLECTIVO","MUNICIPAL","CORDOBA","CORDOBA",5605,"SI"
2026-09-10,"AUTOTRANSPORTES LOS ANDES S.A. EL CACIQUE S.A. U.T.","LINEA 320","NO","COLECTIVO","PROVINCIAL","MENDOZA","SN",421,"SI"
2026-09-10,"PRESTACIONES S.A.","LINEA 322A","NO","COLECTIVO","PROVINCIAL","MENDOZA","SN",73,"SI"
2026-09-10,"PRESTACIONES S.A.","LINEA 322C","NO","COLECTIVO","PROVINCIAL","MENDOZA","SN",58,"SI"
2026-09-10,"PRESTACIONES S.A.","LINEA 322F","NO","COLECTIVO","PROVINCIAL","MENDOZA","SN",55,"SI"
2026-09-10,"PRESTACIONES S.A.","LINEA 322G","NO","COLECTIVO","PROVINCIAL","MENDOZA","SN",66,"SI"
2026-09-10,"PRESTACIONES S.A.","LINEA 322H","NO","COLECTIVO","PROVINCIAL","MENDOZA","SN",55,"SI"
2026-09-10,"RISSMA S.R.L","LINEA 33","NO","COLECTIVO","MUNICIPAL","CORDOBA","CORDOBA",3048,"SI"
2026-09-10,"TRANSPORTES ALMIRANTE BROWN S.A.","LINEA 33","SI","COLECTIVO","NACIONAL","JN","SD",42037,"SI"
2026-09-10,"AUTOTRANSPORTES LOS ANDES S.A. EL CACIQUE S.A. U.T.","LINEA 330","NO","COLECTIVO","PROVINCIAL","MENDOZA","SN",6716,"SI"
2026-09-10,"AUTOTRANSPORTES LOS ANDES S.A. EL CACIQUE S.A. U.T.","LINEA 331","NO","COLECTIVO","PROVINCIAL","MENDOZA","SN",6710,"SI"
2026-09-10,"RISSMA S.R.L","LINEA 34","NO","COLECTIVO","MUNICIPAL","CORDOBA","CORDOBA",1972,"SI"
2026-09-10,"RISSMA S.R.L","LINEA 35","NO","COLECTIVO","MUNICIPAL","CORDOBA","CORDOBA",4800,"SI"
2026-09-10,"9 DE JULIO","LINEA 35","NO","COLECTIVO","PROVINCIAL","CATAMARCA","SN",17,"SI"
2026-09-10,"AUTOTRANSPORTES LOS ANDES S.A. EL CACIQUE S.A. U.T.","LINEA 350","NO","COLECTIVO","PROVINCIAL","MENDOZA","SN",4500,"SI"
2026-09-10,"AUTOTRANSPORTES LOS ANDES S.A. EL CACIQUE S.A. U.T.","LINEA 352","NO","COLECTIVO","PROVINCIAL","MENDOZA","SN",6531,"SI"
2026-09-10,"AUTOTRANSPORTES LOS ANDES S.A. EL CACIQUE S.A. U.T.","LINEA 353","NO","COLECTIVO","PROVINCIAL","MENDOZA","SN",4516,"SI"
2026-09-10,"AUTOTRANSPORTES LOS ANDES S.A. EL CACIQUE S.A. U.T.","LINEA 354","NO","COLECTIVO","PROVINCIAL","MENDOZA","SN",1743,"SI"
2026-09-10,"RISSMA S.R.L","LINEA 36","NO","COLECTIVO","MUNICIPAL","CORDOBA","CORDOBA",5654,"SI"
2026-09-10,"AUTOTRANSPORTES LOS ANDES S.A. EL CACIQUE S.A. U.T.","LINEA 370","NO","COLECTIVO","PROVINCIAL","MENDOZA","SN",619,"SI"
2026-09-10,"AUTOTRANSPORTES LOS ANDES S.A. EL CACIQUE S.A. U.T.","LINEA 371","NO","COLECTIVO","PROVINCIAL","MENDOZA","SN",2934,"SI"
2026-09-10,"AUTOTRANSPORTES LOS ANDES S.A. EL CACIQUE S.A. U.T.","LINEA 372","NO","COLECTIVO","PROVINCIAL","MENDOZA","SN",882,"SI"
2026-09-10,"AUTOTRANSPORTES LOS ANDES S.A. EL CACIQUE S.A. U.T.","LINEA 373","NO","COLECTIVO","PROVINCIAL","MENDOZA","SN",959,"SI"
2026-09-10,"AUTOTRANSPORTES LOS ANDES S.A. EL CACIQUE S.A. U.T.","LINEA 389-390-391","NO","COLECTIVO","PROVINCIAL","MENDOZA","SN",118,"SI"
2026-09-10,"AUTOTRANSPORTE CEFERINO S.R.L.","LINEA 3: TRELEW / 28 DE JULIO","NO","COLECTIVO","PROVINCIAL","CHUBUT","SN",668,"SI"
2026-09-10,"LINEA 28 DE JULIO SOCIEDAD COOPERATIVA DE TRABAJO DE TRANSPORTES LIMITADA","LINEA 3: TRELEW / GAIMAN","NO","COLECTIVO","PROVINCIAL","CHUBUT","SN",774,"SI"
2026-09-10,"URUGUAY BUS S.R.L","LINEA 4 BIS","NO","COLECTIVO","MUNICIPAL","ENTRE RÍOS","CONCEPCION DEL URUGUAY",758,"SI"
2026-09-10,"BAJOURUGUAY S.R.L","LINEA 4","NO","COLECTIVO","MUNICIPAL","ENTRE RÍOS","CONCEPCION DEL URUGUAY",976,"SI"
2026-09-10,"TURISMO PALMARES S.R.L.","LINEA 4","NO","COLECTIVO","MUNICIPAL","ENTRE RÍOS","CONCORDIA",5703,"SI"
2026-09-10,"DELCAUSSE HERMANOS SOCIEDAD DE RESPONSABILIDAD LIMITADA","LINEA 4","NO","COLECTIVO","MUNICIPAL","ENTRE RÍOS","GUALEGUAYCHU",1912,"SI"
2026-09-10,"ENTE MUNICIPAL DE SERVICIOS URBANOS","LINEA 4","NO","COLECTIVO","MUNICIPAL","LA PAMPA","SANTA ROSA",1440,"SI"
2026-09-10,"PEHUENCHE S A","LINEA 4","NO","COLECTIVO","MUNICIPAL","RÍO NEGRO","CIPOLLETTI",654,"SI"
2026-09-10,"MUNICIPALIDAD DE RAFAELA","LINEA 4","NO","COLECTIVO","MUNICIPAL","SANTA FE","RAFAELA",211,"SI"
2026-09-10,"EL CORCEL S.A UTE","LINEA 4","NO","COLECTIVO","MUNICIPAL","TUCUMAN","SAN MIGUEL DE TUCUMAN",6102,"SI"
2026-09-10,"ERSA URBANO SA","LINEA 4","NO","COLECTIVO","PROVINCIAL","ENTRE RÍOS","SN",5342,"SI"
2026-09-10,"CONIFERAL S.A.","LINEA 40","NO","COLECTIVO","MUNICIPAL","CORDOBA","CORDOBA",7677,"SI"
2026-09-10,"AUTOTRANSPORTE PRESIDENTE ALVEAR S.A. Y AUTOTRANSPORTE EL TRAPICHE S.R.L. U.T.","LINEA 400","NO","COLECTIVO","PROVINCIAL","MENDOZA","SN",5238,"SI"
2026-09-10,"AUTOTRANSPORTE PRESIDENTE ALVEAR S.A. Y AUTOTRANSPORTE EL TRAPICHE S.R.L. U.T.","LINEA 401","NO","COLECTIVO","PROVINCIAL","MENDOZA","SN",11970,"SI"
2026-09-10,"AUTOTRANSPORTE PRESIDENTE ALVEAR S.A. Y AUTOTRANSPORTE EL TRAPICHE S.R.L. U.T.","LINEA 402","NO","COLECTIVO","PROVINCIAL","MENDOZA","SN",4453,"SI"
2026-09-10,"AGUERO RICARDO DANTE","LINEA 40A","NO","COLECTIVO","PROVINCIAL","CATAMARCA","SN",212,"SI"
2026-09-10,"AGUERO RICARDO DANTE","LINEA 40B","NO","COLECTIVO","PROVINCIAL","CATAMARCA","SN",309,"SI"
2026-09-10,"CONIFERAL S.A.","LINEA 41","NO","COLECTIVO","MUNICIPAL","CORDOBA","CORDOBA",4057,"SI"
2026-09-10,"AGUERO RICARDO DANTE","LINEA 41","NO","COLECTIVO","PROVINCIAL","CATAMARCA","SN",183,"SI"
2026-09-10,"TRANSPORTES ATLANTIDA S.A.C.","LINEA 410","SI","COLECTIVO","PROVINCIAL","BUENOS AIRES","SN",16391,"SI"
2026-09-10,"CONIFERAL S.A.","LINEA 42","NO","COLECTIVO","MUNICIPAL","CORDOBA","CORDOBA",5919,"SI"
2026-09-10,"AGUERO RICARDO DANTE","LINEA 42","NO","COLECTIVO","PROVINCIAL","CATAMARCA","SN",9,"SI"
2026-09-10,"AUTOTRANSPORTE PRESIDENTE ALVEAR S.A. Y AUTOTRANSPORTE EL TRAPICHE S.R.L. U.T.","LINEA 420","NO","COLECTIVO","PROVINCIAL","MENDOZA","SN",8477,"SI"
2026-09-10,"AUTOTRANSPORTE PRESIDENTE ALVEAR S.A. Y AUTOTRANSPORTE EL TRAPICHE S.R.L. U.T.","LINEA 421","NO","COLECTIVO","PROVINCIAL","MENDOZA","SN",1464,"SI"
2026-09-10,"AUTOTRANSPORTE PRESIDENTE ALVEAR S.A. Y AUTOTRANSPORTE EL TRAPICHE S.R.L. U.T.","LINEA 422","NO","COLECTIVO","PROVINCIAL","MENDOZA","SN",110,"SI"
2026-09-10,"TRANSPORTES ATLANTIDA S.A.C.","LINEA 429","SI","COLECTIVO","PROVINCIAL","BUENOS AIRES","SN",3485,"SI"
2026-09-10,"CONIFERAL S.A.","LINEA 43","NO","COLECTIVO","MUNICIPAL","CORDOBA","CORDOBA",3198,"SI"
2026-09-10,"AGUERO RICARDO DANTE","LINEA 43","NO","COLECTIVO","PROVINCIAL","CATAMARCA","SN",64,"SI"
2026-09-10,"CONIFERAL S.A.","LINEA 44","NO","COLECTIVO","MUNICIPAL","CORDOBA","CORDOBA",3884,"SI"
2026-09-10,"AGUERO RICARDO DANTE","LINEA 44","NO","COLECTIVO","PROVINCIAL","CATAMARCA","SN",53,"SI"
2026-09-10,"AUTOTRANSPORTE PRESIDENTE ALVEAR S.A. Y AUTOTRANSPORTE EL TRAPICHE S.R.L. U.T.","LINEA 440","NO","COLECTIVO","PROVINCIAL","MENDOZA","SN",4298,"SI"
2026-09-10,"AUTOTRANSPORTE PRESIDENTE ALVEAR S.A. Y AUTOTRANSPORTE EL TRAPICHE S.R.L. U.T.","LINEA 441","NO","COLECTIVO","PROVINCIAL","MENDOZA","SN",4970,"SI"
2026-09-10,"AUTOTRANSPORTE PRESIDENTE ALVEAR S.A. Y AUTOTRANSPORTE EL TRAPICHE S.R.L. U.T.","LINEA 442","NO","COLECTIVO","PROVINCIAL","MENDOZA","SN",1249,"SI"
2026-09-10,"AUTOTRANSPORTE PRESIDENTE ALVEAR S.A. Y AUTOTRANSPORTE EL TRAPICHE S.R.L. U.T.","LINEA 443","NO","COLECTIVO","PROVINCIAL","MENDOZA","SN",1671,"SI"
2026-09-10,"CONIFERAL S.A.","LINEA 45","NO","COLECTIVO","MUNICIPAL","CORDOBA","CORDOBA",3705,"SI"
2026-09-10,"AGUERO RICARDO DANTE","LINEA 45","NO","COLECTIVO","PROVINCIAL","CATAMARCA","SN",6,"SI"
2026-09-10,"AUTOTRANSPORTE PRESIDENTE ALVEAR S.A. Y AUTOTRANSPORTE EL TRAPICHE S.R.L. U.T.","LINEA 461","NO","COLECTIVO","PROVINCIAL","MENDOZA","SN",12068,"SI"
2026-09-10,"AUTOTRANSPORTE PRESIDENTE ALVEAR S.A. Y AUTOTRANSPORTE EL TRAPICHE S.R.L. U.T.","LINEA 462","NO","COLECTIVO","PROVINCIAL","MENDOZA","SN",872,"SI"
2026-09-10,"AUTOTRANSPORTE PRESIDENTE ALVEAR S.A. Y AUTOTRANSPORTE EL TRAPICHE S.R.L. U.T.","LINEA 463","NO","COLECTIVO","PROVINCIAL","MENDOZA","SN",1031,"SI"
2026-09-10,"AUTOTRANSPORTE PRESIDENTE ALVEAR S.A. Y AUTOTRANSPORTE EL TRAPICHE S.R.L. U.T.","LINEA 464","NO","COLECTIVO","PROVINCIAL","MENDOZA","SN",6216,"SI"
2026-09-10,"AUTOTRANSPORTE PRESIDENTE ALVEAR S.A. Y AUTOTRANSPORTE EL TRAPICHE S.R.L. U.T.","LINEA 465","NO","COLECTIVO","PROVINCIAL","MENDOZA","SN",126,"SI"
2026-09-10,"AUTOTRANSPORTE PRESIDENTE ALVEAR S.A. Y AUTOTRANSPORTE EL TRAPICHE S.R.L. U.T.","LINEA 466","NO","COLECTIVO","PROVINCIAL","MENDOZA","SN",1006,"SI"
2026-09-10,"AUTOTRANSPORTE PRESIDENTE ALVEAR S.A. Y AUTOTRANSPORTE EL TRAPICHE S.R.L. U.T.","LINEA 467","NO","COLECTIVO","PROVINCIAL","MENDOZA","SN",535,"SI"
2026-09-10,"AUTOTRANSPORTE PRESIDENTE ALVEAR S.A. Y AUTOTRANSPORTE EL TRAPICHE S.R.L. U.T.","LINEA 481","NO","COLECTIVO","PROVINCIAL","MENDOZA","SN",142,"SI"
2026-09-10,"AUTOTRANSPORTE PRESIDENTE ALVEAR S.A. Y AUTOTRANSPORTE EL TRAPICHE S.R.L. U.T.","LINEA 482","NO","COLECTIVO","PROVINCIAL","MENDOZA","SN",216,"SI"
2026-09-10,"AUTOTRANSPORTE PRESIDENTE ALVEAR S.A. Y AUTOTRANSPORTE EL TRAPICHE S.R.L. U.T.","LINEA 483","NO","COLECTIVO","PROVINCIAL","MENDOZA","SN",96,"SI"
2026-09-10,"AUTOTRANSPORTE PRESIDENTE ALVEAR S.A. Y AUTOTRANSPORTE EL TRAPICHE S.R.L. U.T.","LINEA 484","NO","COLECTIVO","PROVINCIAL","MENDOZA","SN",24,"SI"
2026-09-10,"AUTOTRANSPORTE PRESIDENTE ALVEAR S.A. Y AUTOTRANSPORTE EL TRAPICHE S.R.L. U.T.","LINEA 485","NO","COLECTIVO","PROVINCIAL","MENDOZA","SN",45,"SI"
2026-09-10,"AUTOTRANSPORTE PRESIDENTE ALVEAR S.A. Y AUTOTRANSPORTE EL TRAPICHE S.R.L. U.T.","LINEA 486","NO","COLECTIVO","PROVINCIAL","MENDOZA","SN",71,"SI"
2026-09-10,"AUTOTRANSPORTE PRESIDENTE ALVEAR S.A. Y AUTOTRANSPORTE EL TRAPICHE S.R.L. U.T.","LINEA 487","NO","COLECTIVO","PROVINCIAL","MENDOZA","SN",47,"SI"
2026-09-10,"AUTOTRANSPORTE PRESIDENTE ALVEAR S.A. Y AUTOTRANSPORTE EL TRAPICHE S.R.L. U.T.","LINEA 488","NO","COLECTIVO","PROVINCIAL","MENDOZA","SN",37,"SI"
2026-09-10,"LINEA 28 DE JULIO SOCIEDAD COOPERATIVA DE TRABAJO DE TRANSPORTES LIMITADA","LINEA 4: TRELEW / RAWSON","NO","COLECTIVO","PROVINCIAL","CHUBUT","SN",979,"SI"
2026-09-10,"COOPERATIVA DE TRABAJO NUEVO EXPRESO LIMITADA","LINEA 5","NO","COLECTIVO","MUNICIPAL","ENTRE RÍOS","CONCORDIA",3673,"SI"
2026-09-10,"EL VERDE SRL","LINEA 5","NO","COLECTIVO","MUNICIPAL","ENTRE RÍOS","GUALEGUAYCHU",555,"SI"
2026-09-10,"ENTE MUNICIPAL DE SERVICIOS URBANOS","LINEA 5","NO","COLECTIVO","MUNICIPAL","LA PAMPA","SANTA ROSA",226,"SI"
2026-09-10,"PEHUENCHE S A","LINEA 5","NO","COLECTIVO","MUNICIPAL","RÍO NEGRO","CIPOLLETTI",1307,"SI"
2026-09-10,"MUNICIPALIDAD DE RAFAELA","LINEA 5","NO","COLECTIVO","MUNICIPAL","SANTA FE","RAFAELA",273,"SI"
2026-09-10,"TRANSPORTE J.M.F S.R.L.","LINEA 5","NO","COLECTIVO","MUNICIPAL","SANTIAGO DEL ESTERO","LA BANDA",226,"SI"
2026-09-10,"TRANSPORTE YERBA BUENA SRL","LINEA 5","NO","COLECTIVO","MUNICIPAL","TUCUMAN","SAN MIGUEL DE TUCUMAN",3226,"SI"
2026-09-10,"TRANSPORTES ASOCIADOS S.R.L.","LINEA 5","NO","COLECTIVO","MUNICIPAL","TUCUMAN","SAN MIGUEL DE TUCUMAN",2353,"SI"
2026-09-10,"RISSMA S.R.L","LINEA 50","NO","COLECTIVO","MUNICIPAL","CORDOBA","CORDOBA",7609,"SI"
2026-09-10,"NUEVA VISION TRANSPORTE Y SERVICIOS SRL","LINEA 50","NO","COLECTIVO","MUNICIPAL","NEUQUÉN","PLOTTIER",5246,"SI"
2026-09-10,"COOPERATIVA DE TRABAJO DE TRANSPORTE SAN FERNANDO LTDA","LINEA 50","NO","COLECTIVO","PROVINCIAL","CATAMARCA","SN",329,"SI"
2026-09-10,"BOTACURA S.R.L","LINEA 500","NO","COLECTIVO","MUNICIPAL","BUENOS AIRES","OLAVARRIA",1525,"SI"
2026-09-10,"MAXIMILIANO BERTORELLO S.R.L.","LINEA 500","NO","COLECTIVO","MUNICIPAL","BUENOS AIRES","RAMALLO",1334,"SI"
2026-09-10,"TRANSPORTE 9 DE JULIO S.A","LINEA 500","NO","COLECTIVO","MUNICIPAL","BUENOS AIRES","TANDIL",3743,"SI"
2026-09-10,"EMPRESA 501 SA","LINEA 501 A","SI","COLECTIVO","MUNICIPAL","BUENOS AIRES","ALMIRANTE BROWN",54621,"SI"
2026-09-10,"AUTOBUSES BUENOS AIRES SRL","LINEA 501","NO","COLECTIVO","MUNICIPAL","BUENOS AIRES","AZUL",566,"SI"
2026-09-10,"BOTACURA S.R.L","LINEA 501","NO","COLECTIVO","MUNICIPAL","BUENOS AIRES","OLAVARRIA",639,"SI"
2026-09-10,"TRANSPORTES CIUDAD DE TANDIL S.A.","LINEA 501","NO","COLECTIVO","MUNICIPAL","BUENOS AIRES","TANDIL",4338,"SI"
2026-09-10,"COOP. PROV. OB. Y S.P. SAN CLEMENTE DEL TUYU","LINEA 501","NO","COLECTIVO","MUNICIPAL","BUENOS AIRES","URBANO DE LA COSTA",715,"SI"
2026-09-10,"AUTOBUSES BUENOS AIRES SRL","LINEA 502","NO","COLECTIVO","MUNICIPAL","BUENOS AIRES","AZUL",1223,"SI"
2026-09-10,"COOPERATIVA DE TRABAJO 3 DE JULIO LIMITADA","LINEA 502","SI","COLECTIVO","MUNICIPAL","BUENOS AIRES","CAMPANA",436,"SI"
2026-09-10,"BOTACURA S.R.L","LINEA 502","NO","COLECTIVO","MUNICIPAL","BUENOS AIRES","OLAVARRIA",864,"SI"
2026-09-10,"LA NUEVA MOVEDIZA TRANSPORTE S.A.","LINEA 502","NO","COLECTIVO","MUNICIPAL","BUENOS AIRES","TANDIL",2974,"SI"
2026-09-10,"COOP.DE PROV.DE O.Y S.P.Y C.LAS TONINAS","LINEA 502","NO","COLECTIVO","MUNICIPAL","BUENOS AIRES","URBANO DE LA COSTA",2260,"SI"
2026-09-10,"LINEA SESENTA SA","LINEA 503 B","SI","COLECTIVO","MUNICIPAL","BUENOS AIRES","ESCOBAR",10698,"SI"
2026-09-10,"AUTOBUSES BUENOS AIRES SRL","LINEA 503","NO","COLECTIVO","MUNICIPAL","BUENOS AIRES","AZUL",112,"SI"
2026-09-10,"BOTACURA S.R.L","LINEA 503","NO","COLECTIVO","MUNICIPAL","BUENOS AIRES","OLAVARRIA",923,"SI"
2026-09-10,"TRANSPORTES GENERAL RODRIGUEZ S.A.","LINEA 503","NO","COLECTIVO","MUNICIPAL","BUENOS AIRES","TANDIL",6784,"SI"
2026-09-10,"COOP.DE ELEC.SERV.Y OB.PUB.SAN BERNARDO","LINEA 503","NO","COLECTIVO","MUNICIPAL","BUENOS AIRES","URBANO DE LA COSTA",2392,"SI"
2026-09-10,"BOTACURA S.R.L","LINEA 504","NO","COLECTIVO","MUNICIPAL","BUENOS AIRES","OLAVARRIA",751,"SI"
2026-09-10,"TRANSPORTE VILLA AGUIRRE S.A.","LINEA 504","NO","COLECTIVO","MUNICIPAL","BUENOS AIRES","TANDIL",5015,"SI"
2026-09-10,"EMPRESA MUNICIPAL DE TRANSPORTE URBANO DE PASAJEROS SOCIEDAD DEL ESTADO","LINEA 505","NO","COLECTIVO","MUNICIPAL","BUENOS AIRES","CHIVILCOY",269,"SI"
2026-09-10,"BOTACURA S.R.L","LINEA 505","NO","COLECTIVO","MUNICIPAL","BUENOS AIRES","OLAVARRIA",800,"SI"
2026-09-10,"TRANSPORTES GENERAL BELGRANO S.A","LINEA 505","NO","COLECTIVO","MUNICIPAL","BUENOS AIRES","TANDIL",6907,"SI"
2026-09-10,"EMPRESA MUNICIPAL DE TRANSPORTE URBANO DE PASAJEROS SOCIEDAD DEL ESTADO","LINEA 506","NO","COLECTIVO","MUNICIPAL","BUENOS AIRES","CHIVILCOY",850,"SI"
2026-09-10,"NUEVO BUS DE OLAVARRIA SRL","LINEA 507 ABC AVENIDA 3 - BOULEVARD","NO","COLECTIVO","MUNICIPAL","BUENOS AIRES","VILLA GESELL",2061,"SI"
2026-09-10,"NUEVO BUS DE OLAVARRIA SRL","LINEA 507 E MAR AZUL","NO","COLECTIVO","MUNICIPAL","BUENOS AIRES","VILLA GESELL",369,"SI"
2026-09-10,"NUEVO BUS DE OLAVARRIA SRL","LINEA 507 F DIRECTO A MAR AZUL","NO","COLECTIVO","MUNICIPAL","BUENOS AIRES","VILLA GESELL",43,"SI"
2026-09-10,"RISSMA S.R.L","LINEA 51","NO","COLECTIVO","MUNICIPAL","CORDOBA","CORDOBA",3678,"SI"
2026-09-10,"AUTOTRANSPORTES ISELIN S A","LINEA 511","NO","COLECTIVO","PROVINCIAL","MENDOZA","SN",7992,"SI"
2026-09-10,"AUTOTRANSPORTES ISELIN S A","LINEA 512","NO","COLECTIVO","PROVINCIAL","MENDOZA","SN",187,"SI"
2026-09-10,"AUTOTRANSPORTES ISELIN S A","LINEA 513","NO","COLECTIVO","PROVINCIAL","MENDOZA","SN",2212,"SI"
2026-09-10,"AUTOTRANSPORTES ISELIN S A","LINEA 514","NO","COLECTIVO","PROVINCIAL","MENDOZA","SN",2178,"SI"
2026-09-10,"AUTOTRANSPORTES ISELIN S A","LINEA 515","NO","COLECTIVO","PROVINCIAL","MENDOZA","SN",88,"SI"
2026-09-10,"AUTOTRANSPORTES ISELIN S A","LINEA 516","NO","COLECTIVO","PROVINCIAL","MENDOZA","SN",336,"SI"
2026-09-10,"AUTOTRANSPORTES ISELIN S A","LINEA 517","NO","COLECTIVO","PROVINCIAL","MENDOZA","SN",255,"SI"
2026-09-10,"AUTOTRANSPORTES ISELIN S A","LINEA 518","NO","COLECTIVO","PROVINCIAL","MENDOZA","SN",600,"SI"
2026-09-10,"RISSMA S.R.L","LINEA 52","NO","COLECTIVO","MUNICIPAL","CORDOBA","CORDOBA",3332,"SI"
2026-09-10,"TRANPORTE DE PASAJEROS GENERAL ROCA S.R.L","LINEA 520","NO","COLECTIVO","PROVINCIAL","MENDOZA","SN",2410,"SI"
2026-09-10,"EVHSA SOCIEDAD ANONIMA","LINEA 520A","NO","COLECTIVO","MUNICIPAL","BUENOS AIRES","SAN PEDRO",500,"SI"
2026-09-10,"EVHSA SOCIEDAD ANONIMA","LINEA 520B","NO","COLECTIVO","MUNICIPAL","BUENOS AIRES","SAN PEDRO",529,"SI"
2026-09-10,"MICRO OMNIBUS ESTE S.A","LINEA 521 A","SI","COLECTIVO","MUNICIPAL","BUENOS AIRES","LANUS",6811,"SI"
2026-09-10,"TRANPORTE DE PASAJEROS GENERAL ROCA S.R.L","LINEA 521","NO","COLECTIVO","PROVINCIAL","MENDOZA","SN",1962,"SI"
2026-09-10,"EVHSA SOCIEDAD ANONIMA","LINEA 522","NO","COLECTIVO","MUNICIPAL","BUENOS AIRES","SAN PEDRO",327,"SI"
2026-09-10,"TRANPORTE DE PASAJEROS GENERAL ROCA S.R.L","LINEA 522","NO","COLECTIVO","PROVINCIAL","MENDOZA","SN",5514,"SI"
2026-09-10,"TRANPORTE DE PASAJEROS GENERAL ROCA S.R.L","LINEA 523","NO","COLECTIVO","PROVINCIAL","MENDOZA","SN",4977,"SI"
2026-09-10,"EVHSA SOCIEDAD ANONIMA","LINEA 524","NO","COLECTIVO","MUNICIPAL","BUENOS AIRES","SAN PEDRO",94,"SI"
2026-09-10,"TRANPORTE DE PASAJEROS GENERAL ROCA S.R.L","LINEA 525","NO","COLECTIVO","PROVINCIAL","MENDOZA","SN",1932,"SI"
2026-09-10,"MICRO OMNIBUS ESTE S.A","LINEA 526","SI","COLECTIVO","MUNICIPAL","BUENOS AIRES","LANUS",16423,"SI"
2026-09-10,"RISSMA S.R.L","LINEA 53","NO","COLECTIVO","MUNICIPAL","CORDOBA","CORDOBA",3176,"SI"
2026-09-10,"COOPERATIVA DE TRABAJO DE TRANSPORTE SAN FERNANDO LTDA","LINEA 53","NO","COLECTIVO","PROVINCIAL","CATAMARCA","SN",213,"SI"
2026-09-10,"TRANPORTE DE PASAJEROS GENERAL ROCA S.R.L","LINEA 530","NO","COLECTIVO","PROVINCIAL","MENDOZA","SN",3649,"SI"
2026-09-10,"TRANPORTE DE PASAJEROS GENERAL ROCA S.R.L","LINEA 531","NO","COLECTIVO","PROVINCIAL","MENDOZA","SN",1930,"SI"
2026-09-10,"TRANPORTE DE PASAJEROS GENERAL ROCA S.R.L","LINEA 532","NO","COLECTIVO","PROVINCIAL","MENDOZA","SN",4978,"SI"
2026-09-10,"TRANPORTE DE PASAJEROS GENERAL ROCA S.R.L","LINEA 533","NO","COLECTIVO","PROVINCIAL","MENDOZA","SN",5048,"SI"
2026-09-10,"TRANPORTE DE PASAJEROS GENERAL ROCA S.R.L","LINEA 534","NO","COLECTIVO","PROVINCIAL","MENDOZA","SN",82,"SI"
2026-09-10,"TRANPORTE DE PASAJEROS GENERAL ROCA S.R.L","LINEA 535","NO","COLECTIVO","PROVINCIAL","MENDOZA","SN",1428,"SI"
2026-09-10,"RISSMA S.R.L","LINEA 54","NO","COLECTIVO","MUNICIPAL","CORDOBA","CORDOBA",1896,"SI"
2026-09-10,"TRANPORTE DE PASAJEROS GENERAL ROCA S.R.L","LINEA 540","NO","COLECTIVO","PROVINCIAL","MENDOZA","SN",1381,"SI"
2026-09-10,"ANTONIO BUTTINI E HIJOS S R L","LINEA 541","NO","COLECTIVO","PROVINCIAL","MENDOZA","SN",20,"SI"
2026-09-10,"TRANPORTE DE PASAJEROS GENERAL ROCA S.R.L","LINEA 541","NO","COLECTIVO","PROVINCIAL","MENDOZA","SN",1185,"SI"
2026-09-10,"ANTONIO BUTTINI E HIJOS S R L","LINEA 542","NO","COLECTIVO","PROVINCIAL","MENDOZA","SN",909,"SI"
2026-09-10,"TRANPORTE DE PASAJEROS GENERAL ROCA S.R.L","LINEA 542","NO","COLECTIVO","PROVINCIAL","MENDOZA","SN",1102,"SI"
2026-09-10,"ANTONIO BUTTINI E HIJOS S R L","LINEA 543","NO","COLECTIVO","PROVINCIAL","MENDOZA","SN",376,"SI"
2026-09-10,"TRANPORTE DE PASAJEROS GENERAL ROCA S.R.L","LINEA 543","NO","COLECTIVO","PROVINCIAL","MENDOZA","SN",1042,"SI"
2026-09-10,"ANTONIO BUTTINI E HIJOS S R L","LINEA 544","NO","COLECTIVO","PROVINCIAL","MENDOZA","SN",1384,"SI"
2026-09-10,"TRANPORTE DE PASAJEROS GENERAL ROCA S.R.L","LINEA 544","NO","COLECTIVO","PROVINCIAL","MENDOZA","SN",5729,"SI"
2026-09-10,"TRANPORTE DE PASAJEROS GENERAL ROCA S.R.L","LINEA 545","NO","COLECTIVO","PROVINCIAL","MENDOZA","SN",345,"SI"
2026-09-10,"TRANPORTE DE PASAJEROS GENERAL ROCA S.R.L","LINEA 546","NO","COLECTIVO","PROVINCIAL","MENDOZA","SN",713,"SI"
2026-09-10,"TRANPORTE DE PASAJEROS GENERAL ROCA S.R.L","LINEA 547","NO","COLECTIVO","PROVINCIAL","MENDOZA","SN",472,"SI"
2026-09-10,"ANTONIO BUTTINI E HIJOS S R L","LINEA 548","NO","COLECTIVO","PROVINCIAL","MENDOZA","SN",547,"SI"
2026-09-10,"TRANPORTE DE PASAJEROS GENERAL ROCA S.R.L","LINEA 548","NO","COLECTIVO","PROVINCIAL","MENDOZA","SN",1068,"SI"
2026-09-10,"TRANPORTE DE PASAJEROS GENERAL ROCA S.R.L","LINEA 549","NO","COLECTIVO","PROVINCIAL","MENDOZA","SN",1009,"SI"
2026-09-10,"COOPERATIVA DE TRABAJO DE TRANSPORTE SAN FERNANDO LTDA","LINEA 55","NO","COLECTIVO","PROVINCIAL","CATAMARCA","SN",17,"SI"
2026-09-10,"TRANPORTE DE PASAJEROS GENERAL ROCA S.R.L","LINEA 550","NO","COLECTIVO","PROVINCIAL","MENDOZA","SN",661,"SI"
2026-09-10,"TRANPORTE DE PASAJEROS GENERAL ROCA S.R.L","LINEA 551","NO","COLECTIVO","PROVINCIAL","MENDOZA","SN",486,"SI"
2026-09-10,"TRANPORTE DE PASAJEROS GENERAL ROCA S.R.L","LINEA 552","NO","COLECTIVO","PROVINCIAL","MENDOZA","SN",444,"SI"
2026-09-10,"TRANPORTE DE PASAJEROS GENERAL ROCA S.R.L","LINEA 553","NO","COLECTIVO","PROVINCIAL","MENDOZA","SN",822,"SI"
2026-09-10,"TRANPORTE DE PASAJEROS GENERAL ROCA S.R.L","LINEA 554","NO","COLECTIVO","PROVINCIAL","MENDOZA","SN",675,"SI"
2026-09-10,"TRANPORTE DE PASAJEROS GENERAL ROCA S.R.L","LINEA 555","NO","COLECTIVO","PROVINCIAL","MENDOZA","SN",10,"SI"
2026-09-10,"TRANPORTE DE PASAJEROS GENERAL ROCA S.R.L","LINEA 556","NO","COLECTIVO","PROVINCIAL","MENDOZA","SN",1032,"SI"
2026-09-10,"TRANPORTE DE PASAJEROS GENERAL ROCA S.R.L","LINEA 557","NO","COLECTIVO","PROVINCIAL","MENDOZA","SN",363,"SI"
2026-09-10,"TRANPORTE DE PASAJEROS GENERAL ROCA S.R.L","LINEA 559","NO","COLECTIVO","PROVINCIAL","MENDOZA","SN",79,"SI"
2026-09-10,"TRANPORTE DE PASAJEROS GENERAL ROCA S.R.L","LINEA 560","NO","COLECTIVO","PROVINCIAL","MENDOZA","SN",1386,"SI"
2026-09-10,"TRANPORTE DE PASAJEROS GENERAL ROCA S.R.L","LINEA 561","NO","COLECTIVO","PROVINCIAL","MENDOZA","SN",633,"SI"
2026-09-10,"TRANPORTE DE PASAJEROS GENERAL ROCA S.R.L","LINEA 562","NO","COLECTIVO","PROVINCIAL","MENDOZA","SN",1028,"SI"
2026-09-10,"TRANPORTE DE PASAJEROS GENERAL ROCA S.R.L","LINEA 563","NO","COLECTIVO","PROVINCIAL","MENDOZA","SN",1121,"SI"
2026-09-10,"TRANPORTE DE PASAJEROS GENERAL ROCA S.R.L","LINEA 564","NO","COLECTIVO","PROVINCIAL","MENDOZA","SN",158,"SI"
2026-09-10,"TRANPORTE DE PASAJEROS GENERAL ROCA S.R.L","LINEA 570","NO","COLECTIVO","PROVINCIAL","MENDOZA","SN",811,"SI"
2026-09-10,"ANTONIO BUTTINI E HIJOS S R L","LINEA 571","NO","COLECTIVO","PROVINCIAL","MENDOZA","SN",6,"SI"
2026-09-10,"ANTONIO BUTTINI E HIJOS S R L","LINEA 572","NO","COLECTIVO","PROVINCIAL","MENDOZA","SN",198,"SI"
2026-09-10,"ANTONIO BUTTINI E HIJOS S R L","LINEA 573","NO","COLECTIVO","PROVINCIAL","MENDOZA","SN",463,"SI"
2026-09-10,"ANTONIO BUTTINI E HIJOS S R L","LINEA 574","NO","COLECTIVO","PROVINCIAL","MENDOZA","SN",935,"SI"
2026-09-10,"ANTONIO BUTTINI E HIJOS S R L","LINEA 575","NO","COLECTIVO","PROVINCIAL","MENDOZA","SN",792,"SI"
2026-09-10,"TRANPORTE DE PASAJEROS GENERAL ROCA S.R.L","LINEA 590","NO","COLECTIVO","PROVINCIAL","MENDOZA","SN",24,"SI"
2026-09-10,"TRANPORTE DE PASAJEROS GENERAL ROCA S.R.L","LINEA 591","NO","COLECTIVO","PROVINCIAL","MENDOZA","SN",22,"SI"
2026-09-10,"TURISMO PALMARES S.R.L.","LINEA 6","NO","COLECTIVO","MUNICIPAL","ENTRE RÍOS","CONCORDIA",1248,"SI"
2026-09-10,"ENTE MUNICIPAL DE SERVICIOS URBANOS","LINEA 6","NO","COLECTIVO","MUNICIPAL","LA PAMPA","SANTA ROSA",439,"SI"
2026-09-10,"TRANSPORTE J.M.F S.R.L.","LINEA 6","NO","COLECTIVO","MUNICIPAL","SANTIAGO DEL ESTERO","LA BANDA",2976,"SI"
2026-09-10,"EMPRESA CERRO POZO S.R.L.","LINEA 6","NO","COLECTIVO","MUNICIPAL","TUCUMAN","SAN MIGUEL DE TUCUMAN",4288,"SI"
2026-09-10,"ILLAGES S.R.L.","LINEA 6","NO","COLECTIVO","MUNICIPAL","TUCUMAN","SAN MIGUEL DE TUCUMAN",3130,"SI"
2026-09-10,"PUESTO NUEVO S.R.L.","LINEA 6","NO","COLECTIVO","MUNICIPAL","TUCUMAN","SAN MIGUEL DE TUCUMAN",977,"SI"
2026-09-10,"ERSA URBANO SA","LINEA 6","NO","COLECTIVO","PROVINCIAL","ENTRE RÍOS","SN",3397,"SI"
2026-09-10,"CONIFERAL S.A.","LINEA 60","NO","COLECTIVO","MUNICIPAL","CORDOBA","CORDOBA",9004,"SI"
2026-09-10,"LOPEZ RAMON PLACIDO","LINEA 60","NO","COLECTIVO","PROVINCIAL","CATAMARCA","SN",106,"SI"
2026-09-10,"TAMSAU","LINEA 600","NO","COLECTIVO","MUNICIPAL","CORDOBA","CORDOBA",764,"SI"
2026-09-10,"TRANSPORTES EL PLUMERILLO S A","LINEA 600","NO","COLECTIVO","PROVINCIAL","MENDOZA","SN",12032,"SI"
2026-09-10,"TAMSAU","LINEA 601","NO","COLECTIVO","MUNICIPAL","CORDOBA","CORDOBA",760,"SI"
2026-09-10,"TRANSPORTES EL PLUMERILLO S A","LINEA 601","NO","COLECTIVO","PROVINCIAL","MENDOZA","SN",4460,"SI"
2026-09-10,"TRANSPORTES EL PLUMERILLO S A","LINEA 603","NO","COLECTIVO","PROVINCIAL","MENDOZA","SN",1354,"SI"
2026-09-10,"TRANSPORTES EL PLUMERILLO S A","LINEA 604","NO","COLECTIVO","PROVINCIAL","MENDOZA","SN",2550,"SI"
2026-09-10,"TRANSPORTES EL PLUMERILLO S A","LINEA 605","NO","COLECTIVO","PROVINCIAL","MENDOZA","SN",4777,"SI"
2026-09-10,"TRANSPORTES EL PLUMERILLO S A","LINEA 606","NO","COLECTIVO","PROVINCIAL","MENDOZA","SN",8325,"SI"
2026-09-10,"TRANSPORTES EL PLUMERILLO S A","LINEA 608","NO","COLECTIVO","PROVINCIAL","MENDOZA","SN",2196,"SI"
2026-09-10,"TRANSPORTES EL PLUMERILLO S A","LINEA 609","NO","COLECTIVO","PROVINCIAL","MENDOZA","SN",2051,"SI"
2026-09-10,"CONIFERAL S.A.","LINEA 61","NO","COLECTIVO","MUNICIPAL","CORDOBA","CORDOBA",2793,"SI"
2026-09-10,"LOPEZ RAMON PLACIDO","LINEA 61","NO","COLECTIVO","PROVINCIAL","CATAMARCA","SN",188,"SI"
2026-09-10,"TRANSPORTES EL PLUMERILLO S A","LINEA 610","NO","COLECTIVO","PROVINCIAL","MENDOZA","SN",5443,"SI"
2026-09-10,"TRANSPORTES EL PLUMERILLO S A","LINEA 611","NO","COLECTIVO","PROVINCIAL","MENDOZA","SN",5578,"SI"
2026-09-10,"TRANSPORTES EL PLUMERILLO S A","LINEA 612","NO","COLECTIVO","PROVINCIAL","MENDOZA","SN",305,"SI"
2026-09-10,"CONIFERAL S.A.","LINEA 62","NO","COLECTIVO","MUNICIPAL","CORDOBA","CORDOBA",6411,"SI"
2026-09-10,"TRANSPORTES EL PLUMERILLO S A","LINEA 620","NO","COLECTIVO","PROVINCIAL","MENDOZA","SN",1549,"SI"
2026-09-10,"TRANSPORTES EL PLUMERILLO S A","LINEA 625","NO","COLECTIVO","PROVINCIAL","MENDOZA","SN",4526,"SI"
2026-09-10,"CONIFERAL S.A.","LINEA 63","NO","COLECTIVO","MUNICIPAL","CORDOBA","CORDOBA",4148,"SI"
2026-09-10,"LA VECINAL DE MATANZA SACI. DE MICROOMNIBUS","LINEA 630","SI","COLECTIVO","MUNICIPAL","BUENOS AIRES","LA MATANZA",20249,"SI"
2026-09-10,"TRANSPORTES EL PLUMERILLO S A","LINEA 630","NO","COLECTIVO","PROVINCIAL","MENDOZA","SN",5604,"SI"
2026-09-10,"CONIFERAL S.A.","LINEA 64","NO","COLECTIVO","MUNICIPAL","CORDOBA","CORDOBA",3275,"SI"
2026-09-10,"TRANSPORTES EL PLUMERILLO S A","LINEA 640","NO","COLECTIVO","PROVINCIAL","MENDOZA","SN",2727,"SI"
2026-09-10,"TRANSPORTES EL PLUMERILLO S A","LINEA 645","NO","COLECTIVO","PROVINCIAL","MENDOZA","SN",2289,"SI"
2026-09-10,"CONIFERAL S.A.","LINEA 65","NO","COLECTIVO","MUNICIPAL","CORDOBA","CORDOBA",6436,"SI"
2026-09-10,"TRANSPORTES EL PLUMERILLO S A","LINEA 650","NO","COLECTIVO","PROVINCIAL","MENDOZA","SN",2633,"SI"
2026-09-10,"TRANSPORTES EL PLUMERILLO S A","LINEA 651","NO","COLECTIVO","PROVINCIAL","MENDOZA","SN",1386,"SI"
2026-09-10,"TRANSPORTES EL PLUMERILLO S A","LINEA 653","NO","COLECTIVO","PROVINCIAL","MENDOZA","SN",1359,"SI"
2026-09-10,"CONIFERAL S.A.","LINEA 66","NO","COLECTIVO","MUNICIPAL","CORDOBA","CORDOBA",5962,"SI"
2026-09-10,"TRANSPORTES EL PLUMERILLO S A","LINEA 660","NO","COLECTIVO","PROVINCIAL","MENDOZA","SN",1823,"SI"
2026-09-10,"TRANSPORTES EL PLUMERILLO S A","LINEA 665","NO","COLECTIVO","PROVINCIAL","MENDOZA","SN",971,"SI"
2026-09-10,"CONIFERAL S.A.","LINEA 67","NO","COLECTIVO","MUNICIPAL","CORDOBA","CORDOBA",2410,"SI"
2026-09-10,"AGUERO RICARDO DANTE","LINEA 67","NO","COLECTIVO","PROVINCIAL","CATAMARCA","SN",115,"SI"
2026-09-10,"TRANSPORTES EL PLUMERILLO S A","LINEA 670","NO","COLECTIVO","PROVINCIAL","MENDOZA","SN",3643,"SI"
2026-09-10,"TRANSPORTES EL PLUMERILLO S A","LINEA 675","NO","COLECTIVO","PROVINCIAL","MENDOZA","SN",914,"SI"
2026-09-10,"TRANSPORTES EL PLUMERILLO S A","LINEA 676","NO","COLECTIVO","PROVINCIAL","MENDOZA","SN",404,"SI"
2026-09-10,"CONIFERAL S.A.","LINEA 68","NO","COLECTIVO","MUNICIPAL","CORDOBA","CORDOBA",2489,"SI"
2026-09-10,"TRANSPORTES EL PLUMERILLO S A","LINEA 680","NO","COLECTIVO","PROVINCIAL","MENDOZA","SN",75,"SI"
2026-09-10,"TRANSPORTES EL PLUMERILLO S A","LINEA 697","NO","COLECTIVO","PROVINCIAL","MENDOZA","SN",60,"SI"
2026-09-10,"TRANSPORTES EL PLUMERILLO S A","LINEA 698","NO","COLECTIVO","PROVINCIAL","MENDOZA","SN",3,"SI"
2026-09-10,"COOPERATIVA DE TRABAJO NUEVO EXPRESO LIMITADA","LINEA 7","NO","COLECTIVO","MUNICIPAL","ENTRE RÍOS","CONCORDIA",8400,"SI"
2026-09-10,"ENTE MUNICIPAL DE SERVICIOS URBANOS","LINEA 7","NO","COLECTIVO","MUNICIPAL","LA PAMPA","SANTA ROSA",2326,"SI"
2026-09-10,"EL CEIBO SRL","LINEA 7","NO","COLECTIVO","MUNICIPAL","TUCUMAN","SAN MIGUEL DE TUCUMAN",6164,"SI"
2026-09-10,"GRUPO MR S.R.L.","LINEA 70","NO","COLECTIVO","MUNICIPAL","CORDOBA","CORDOBA",9771,"SI"
2026-09-10,"AUTOTRANSPORTES EL TRAPICHE SRL Y TRANSPORTE GENERAL BARTOLOME MITRE SRL UNION TRANSITORIA","LINEA 700","NO","COLECTIVO","PROVINCIAL","MENDOZA","SN",13879,"SI"
2026-09-10,"AUTOTRANSPORTES EL TRAPICHE SRL Y TRANSPORTE GENERAL BARTOLOME MITRE SRL UNION TRANSITORIA","LINEA 704","NO","COLECTIVO","PROVINCIAL","MENDOZA","SN",519,"SI"
2026-09-10,"AUTOTRANSPORTES EL TRAPICHE SRL Y TRANSPORTE GENERAL BARTOLOME MITRE SRL UNION TRANSITORIA","LINEA 705","NO","COLECTIVO","PROVINCIAL","MENDOZA","SN",1560,"SI"
2026-09-10,"AUTOTRANSPORTES EL TRAPICHE SRL Y TRANSPORTE GENERAL BARTOLOME MITRE SRL UNION TRANSITORIA","LINEA 707","NO","COLECTIVO","PROVINCIAL","MENDOZA","SN",748,"SI"
2026-09-10,"AUTOTRANSPORTES EL TRAPICHE SRL Y TRANSPORTE GENERAL BARTOLOME MITRE SRL UNION TRANSITORIA","LINEA 708","NO","COLECTIVO","PROVINCIAL","MENDOZA","SN",1266,"SI"
2026-09-10,"AUTOTRANSPORTES EL TRAPICHE SRL Y TRANSPORTE GENERAL BARTOLOME MITRE SRL UNION TRANSITORIA","LINEA 709","NO","COLECTIVO","PROVINCIAL","MENDOZA","SN",42,"SI"
2026-09-10,"GRUPO MR S.R.L.","LINEA 71","NO","COLECTIVO","MUNICIPAL","CORDOBA","CORDOBA",3268,"SI"
2026-09-10,"AUTOTRANSPORTES EL TRAPICHE SRL Y TRANSPORTE GENERAL BARTOLOME MITRE SRL UNION TRANSITORIA","LINEA 710","NO","COLECTIVO","PROVINCIAL","MENDOZA","SN",3105,"SI"
2026-09-10,"AUTOTRANSPORTES EL TRAPICHE SRL Y TRANSPORTE GENERAL BARTOLOME MITRE SRL UNION TRANSITORIA","LINEA 711","NO","COLECTIVO","PROVINCIAL","MENDOZA","SN",342,"SI"
2026-09-10,"EMPRESA DE TRANSPORTE PERALTA RAMOS SACI","LINEA 717","NO","COLECTIVO","MUNICIPAL","BUENOS AIRES","GENERAL PUEYRREDON",5848,"SI"
2026-09-10,"GRUPO MR S.R.L.","LINEA 72","NO","COLECTIVO","MUNICIPAL","CORDOBA","CORDOBA",3643,"SI"
2026-09-10,"AUTOTRANSPORTES EL TRAPICHE SRL Y TRANSPORTE GENERAL BARTOLOME MITRE SRL UNION TRANSITORIA","LINEA 720","NO","COLECTIVO","PROVINCIAL","MENDOZA","SN",9481,"SI"
2026-09-10,"AUTOTRANSPORTES EL TRAPICHE SRL Y TRANSPORTE GENERAL BARTOLOME MITRE SRL UNION TRANSITORIA","LINEA 721","NO","COLECTIVO","PROVINCIAL","MENDOZA","SN",117,"SI"
2026-09-10,"UTENOR SA L 722","LINEA 722","SI","COLECTIVO","MUNICIPAL","BUENOS AIRES","TIGRE",5052,"SI"
2026-09-10,"AUTOTRANSPORTES EL TRAPICHE SRL Y TRANSPORTE GENERAL BARTOLOME MITRE SRL UNION TRANSITORIA","LINEA 722","NO","COLECTIVO","PROVINCIAL","MENDOZA","SN",4243,"SI"
2026-09-10,"AUTOTRANSPORTES EL TRAPICHE SRL Y TRANSPORTE GENERAL BARTOLOME MITRE SRL UNION TRANSITORIA","LINEA 723","NO","COLECTIVO","PROVINCIAL","MENDOZA","SN",1822,"SI"
2026-09-10,"AUTOTRANSPORTES EL TRAPICHE SRL Y TRANSPORTE GENERAL BARTOLOME MITRE SRL UNION TRANSITORIA","LINEA 724","NO","COLECTIVO","PROVINCIAL","MENDOZA","SN",820,"SI"
2026-09-10,"AUTOTRANSPORTES EL TRAPICHE SRL Y TRANSPORTE GENERAL BARTOLOME MITRE SRL UNION TRANSITORIA","LINEA 729","NO","COLECTIVO","PROVINCIAL","MENDOZA","SN",157,"SI"
2026-09-10,"GRUPO MR S.R.L.","LINEA 73","NO","COLECTIVO","MUNICIPAL","CORDOBA","CORDOBA",2454,"SI"
2026-09-10,"AUTOTRANSPORTES EL TRAPICHE SRL Y TRANSPORTE GENERAL BARTOLOME MITRE SRL UNION TRANSITORIA","LINEA 730","NO","COLECTIVO","PROVINCIAL","MENDOZA","SN",2349,"SI"
2026-09-10,"AUTOTRANSPORTES EL TRAPICHE SRL Y TRANSPORTE GENERAL BARTOLOME MITRE SRL UNION TRANSITORIA","LINEA 731","NO","COLECTIVO","PROVINCIAL","MENDOZA","SN",81,"SI"
2026-09-10,"AUTOTRANSPORTES EL TRAPICHE SRL Y TRANSPORTE GENERAL BARTOLOME MITRE SRL UNION TRANSITORIA","LINEA 732","NO","COLECTIVO","PROVINCIAL","MENDOZA","SN",6676,"SI"
2026-09-10,"AUTOTRANSPORTES EL TRAPICHE SRL Y TRANSPORTE GENERAL BARTOLOME MITRE SRL UNION TRANSITORIA","LINEA 733","NO","COLECTIVO","PROVINCIAL","MENDOZA","SN",6285,"SI"
2026-09-10,"AUTOTRANSPORTES EL TRAPICHE SRL Y TRANSPORTE GENERAL BARTOLOME MITRE SRL UNION TRANSITORIA","LINEA 734","NO","COLECTIVO","PROVINCIAL","MENDOZA","SN",1255,"SI"
2026-09-10,"AUTOTRANSPORTES EL TRAPICHE SRL Y TRANSPORTE GENERAL BARTOLOME MITRE SRL UNION TRANSITORIA","LINEA 735","NO","COLECTIVO","PROVINCIAL","MENDOZA","SN",11,"SI"
2026-09-10,"AUTOTRANSPORTES EL TRAPICHE SRL Y TRANSPORTE GENERAL BARTOLOME MITRE SRL UNION TRANSITORIA","LINEA 736","NO","COLECTIVO","PROVINCIAL","MENDOZA","SN",10,"SI"
2026-09-10,"AUTOTRANSPORTES EL TRAPICHE SRL Y TRANSPORTE GENERAL BARTOLOME MITRE SRL UNION TRANSITORIA","LINEA 737","NO","COLECTIVO","PROVINCIAL","MENDOZA","SN",7,"SI"
2026-09-10,"AUTOTRANSPORTES EL TRAPICHE SRL Y TRANSPORTE GENERAL BARTOLOME MITRE SRL UNION TRANSITORIA","LINEA 738","NO","COLECTIVO","PROVINCIAL","MENDOZA","SN",25,"SI"
2026-09-10,"AUTOTRANSPORTES EL TRAPICHE SRL Y TRANSPORTE GENERAL BARTOLOME MITRE SRL UNION TRANSITORIA","LINEA 739","NO","COLECTIVO","PROVINCIAL","MENDOZA","SN",7,"SI"
2026-09-10,"GRUPO MR S.R.L.","LINEA 74","NO","COLECTIVO","MUNICIPAL","CORDOBA","CORDOBA",3138,"SI"
2026-09-10,"AUTOTRANSPORTES EL TRAPICHE SRL Y TRANSPORTE GENERAL BARTOLOME MITRE SRL UNION TRANSITORIA","LINEA 740","NO","COLECTIVO","PROVINCIAL","MENDOZA","SN",1294,"SI"
2026-09-10,"GRUPO MR S.R.L.","LINEA 75","NO","COLECTIVO","MUNICIPAL","CORDOBA","CORDOBA",4329,"SI"
2026-09-10,"AUTOTRANSPORTES EL TRAPICHE SRL Y TRANSPORTE GENERAL BARTOLOME MITRE SRL UNION TRANSITORIA","LINEA 750","NO","COLECTIVO","PROVINCIAL","MENDOZA","SN",401,"SI"
2026-09-10,"AUTOTRANSPORTES EL TRAPICHE SRL Y TRANSPORTE GENERAL BARTOLOME MITRE SRL UNION TRANSITORIA","LINEA 751","NO","COLECTIVO","PROVINCIAL","MENDOZA","SN",961,"SI"
2026-09-10,"AUTOTRANSPORTES EL TRAPICHE SRL Y TRANSPORTE GENERAL BARTOLOME MITRE SRL UNION TRANSITORIA","LINEA 752","NO","COLECTIVO","PROVINCIAL","MENDOZA","SN",1045,"SI"
2026-09-10,"AUTOTRANSPORTES EL TRAPICHE SRL Y TRANSPORTE GENERAL BARTOLOME MITRE SRL UNION TRANSITORIA","LINEA 753","NO","COLECTIVO","PROVINCIAL","MENDOZA","SN",535,"SI"
2026-09-10,"AUTOTRANSPORTES EL TRAPICHE SRL Y TRANSPORTE GENERAL BARTOLOME MITRE SRL UNION TRANSITORIA","LINEA 754","NO","COLECTIVO","PROVINCIAL","MENDOZA","SN",1198,"SI"
2026-09-10,"GRUPO MR S.R.L.","LINEA 76","NO","COLECTIVO","MUNICIPAL","CORDOBA","CORDOBA",933,"SI"
2026-09-10,"AUTOTRANSPORTES EL TRAPICHE SRL Y TRANSPORTE GENERAL BARTOLOME MITRE SRL UNION TRANSITORIA","LINEA 760","NO","COLECTIVO","PROVINCIAL","MENDOZA","SN",3393,"SI"
2026-09-10,"AUTOTRANSPORTES EL TRAPICHE SRL Y TRANSPORTE GENERAL BARTOLOME MITRE SRL UNION TRANSITORIA","LINEA 761","NO","COLECTIVO","PROVINCIAL","MENDOZA","SN",5516,"SI"
2026-09-10,"AUTOTRANSPORTES EL TRAPICHE SRL Y TRANSPORTE GENERAL BARTOLOME MITRE SRL UNION TRANSITORIA","LINEA 765","NO","COLECTIVO","PROVINCIAL","MENDOZA","SN",49,"SI"
2026-09-10,"AUTOTRANSPORTES EL TRAPICHE SRL Y TRANSPORTE GENERAL BARTOLOME MITRE SRL UNION TRANSITORIA","LINEA 770","NO","COLECTIVO","PROVINCIAL","MENDOZA","SN",723,"SI"
2026-09-10,"AUTOTRANSPORTES EL TRAPICHE SRL Y TRANSPORTE GENERAL BARTOLOME MITRE SRL UNION TRANSITORIA","LINEA 771","NO","COLECTIVO","PROVINCIAL","MENDOZA","SN",1048,"SI"
2026-09-10,"AUTOTRANSPORTES EL TRAPICHE SRL Y TRANSPORTE GENERAL BARTOLOME MITRE SRL UNION TRANSITORIA","LINEA 772","NO","COLECTIVO","PROVINCIAL","MENDOZA","SN",1467,"SI"
2026-09-10,"AUTOTRANSPORTES EL TRAPICHE SRL Y TRANSPORTE GENERAL BARTOLOME MITRE SRL UNION TRANSITORIA","LINEA 773","NO","COLECTIVO","PROVINCIAL","MENDOZA","SN",445,"SI"
2026-09-10,"AUTOTRANSPORTES EL TRAPICHE SRL Y TRANSPORTE GENERAL BARTOLOME MITRE SRL UNION TRANSITORIA","LINEA 776","NO","COLECTIVO","PROVINCIAL","MENDOZA","SN",10,"SI"
2026-09-10,"AUTOTRANSPORTES EL TRAPICHE SRL Y TRANSPORTE GENERAL BARTOLOME MITRE SRL UNION TRANSITORIA","LINEA 777","NO","COLECTIVO","PROVINCIAL","MENDOZA","SN",52,"SI"
2026-09-10,"AUTOTRANSPORTES EL TRAPICHE SRL Y TRANSPORTE GENERAL BARTOLOME MITRE SRL UNION TRANSITORIA","LINEA 778","NO","COLECTIVO","PROVINCIAL","MENDOZA","SN",7,"SI"
2026-09-10,"AUTOTRANSPORTES EL TRAPICHE SRL Y TRANSPORTE GENERAL BARTOLOME MITRE SRL UNION TRANSITORIA","LINEA 779","NO","COLECTIVO","PROVINCIAL","MENDOZA","SN",81,"SI"
2026-09-10,"AUTOTRANSPORTES EL TRAPICHE SRL Y TRANSPORTE GENERAL BARTOLOME MITRE SRL UNION TRANSITORIA","LINEA 782","NO","COLECTIVO","PROVINCIAL","MENDOZA","SN",149,"SI"
2026-09-10,"AUTOTRANSPORTES EL TRAPICHE SRL Y TRANSPORTE GENERAL BARTOLOME MITRE SRL UNION TRANSITORIA","LINEA 783","NO","COLECTIVO","PROVINCIAL","MENDOZA","SN",138,"SI"
2026-09-10,"AUTOTRANSPORTES EL TRAPICHE SRL Y TRANSPORTE GENERAL BARTOLOME MITRE SRL UNION TRANSITORIA","LINEA 784","NO","COLECTIVO","PROVINCIAL","MENDOZA","SN",21,"SI"
2026-09-10,"AUTOTRANSPORTES EL TRAPICHE SRL Y TRANSPORTE GENERAL BARTOLOME MITRE SRL UNION TRANSITORIA","LINEA 785","NO","COLECTIVO","PROVINCIAL","MENDOZA","SN",18,"SI"
2026-09-10,"AUTOTRANSPORTES EL TRAPICHE SRL Y TRANSPORTE GENERAL BARTOLOME MITRE SRL UNION TRANSITORIA","LINEA 786","NO","COLECTIVO","PROVINCIAL","MENDOZA","SN",8,"SI"
2026-09-10,"AUTOTRANSPORTES EL TRAPICHE SRL Y TRANSPORTE GENERAL BARTOLOME MITRE SRL UNION TRANSITORIA","LINEA 787","NO","COLECTIVO","PROVINCIAL","MENDOZA","SN",7,"SI"
2026-09-10,"AUTOTRANSPORTES EL TRAPICHE SRL Y TRANSPORTE GENERAL BARTOLOME MITRE SRL UNION TRANSITORIA","LINEA 788","NO","COLECTIVO","PROVINCIAL","MENDOZA","SN",8,"SI"
2026-09-10,"AUTOTRANSPORTES EL TRAPICHE SRL Y TRANSPORTE GENERAL BARTOLOME MITRE SRL UNION TRANSITORIA","LINEA 789","NO","COLECTIVO","PROVINCIAL","MENDOZA","SN",25,"SI"
2026-09-10,"AUTOTRANSPORTES EL TRAPICHE SRL Y TRANSPORTE GENERAL BARTOLOME MITRE SRL UNION TRANSITORIA","LINEA 790","NO","COLECTIVO","PROVINCIAL","MENDOZA","SN",15,"SI"
2026-09-10,"AUTOTRANSPORTES EL TRAPICHE SRL Y TRANSPORTE GENERAL BARTOLOME MITRE SRL UNION TRANSITORIA","LINEA 791","NO","COLECTIVO","PROVINCIAL","MENDOZA","SN",21,"SI"
2026-09-10,"AUTOTRANSPORTES EL TRAPICHE SRL Y TRANSPORTE GENERAL BARTOLOME MITRE SRL UNION TRANSITORIA","LINEA 792","NO","COLECTIVO","PROVINCIAL","MENDOZA","SN",6,"SI"
2026-09-10,"AUTOTRANSPORTES EL TRAPICHE SRL Y TRANSPORTE GENERAL BARTOLOME MITRE SRL UNION TRANSITORIA","LINEA 793","NO","COLECTIVO","PROVINCIAL","MENDOZA","SN",15,"SI"
2026-09-10,"AUTOTRANSPORTES EL TRAPICHE SRL Y TRANSPORTE GENERAL BARTOLOME MITRE SRL UNION TRANSITORIA","LINEA 794","NO","COLECTIVO","PROVINCIAL","MENDOZA","SN",22,"SI"
2026-09-10,"AUTOTRANSPORTES EL TRAPICHE SRL Y TRANSPORTE GENERAL BARTOLOME MITRE SRL UNION TRANSITORIA","LINEA 796","NO","COLECTIVO","PROVINCIAL","MENDOZA","SN",10,"SI"
2026-09-10,"COOPERATIVA DE TRABAJO NUEVO EXPRESO LIMITADA","LINEA 8","NO","COLECTIVO","MUNICIPAL","ENTRE RÍOS","CONCORDIA",1348,"SI"
2026-09-10,"ENTE MUNICIPAL DE SERVICIOS URBANOS","LINEA 8","NO","COLECTIVO","MUNICIPAL","LA PAMPA","SANTA ROSA",425,"SI"
2026-09-10,"EL RAYO BUS S.R.L.","LINEA 8","NO","COLECTIVO","MUNICIPAL","TUCUMAN","SAN MIGUEL DE TUCUMAN",6095,"SI"
2026-09-10,"TRANSPORTES RIO GRANDE S.A.C.I.F.","LINEA 8","SI","COLECTIVO","NACIONAL","JN","SD",60003,"SI"
2026-09-10,"RISSMA S.R.L","LINEA 80","NO","COLECTIVO","MUNICIPAL","CORDOBA","CORDOBA",3816,"SI"
2026-09-10,"TRANSPORTE RODOLFO PARRA","LINEA 80","NO","COLECTIVO","PROVINCIAL","CATAMARCA","SN",88,"SI"
2026-09-10,"EMPRESA MAIPU S.R.L","LINEA 801","NO","COLECTIVO","PROVINCIAL","MENDOZA","SN",781,"SI"
2026-09-10,"EMPRESA MAIPU S.R.L","LINEA 802","NO","COLECTIVO","PROVINCIAL","MENDOZA","SN",90,"SI"
2026-09-10,"EMPRESA MAIPU S.R.L","LINEA 803","NO","COLECTIVO","PROVINCIAL","MENDOZA","SN",302,"SI"
2026-09-10,"EMPRESA MAIPU S.R.L","LINEA 804","NO","COLECTIVO","PROVINCIAL","MENDOZA","SN",1983,"SI"
2026-09-10,"RISSMA S.R.L","LINEA 81","NO","COLECTIVO","MUNICIPAL","CORDOBA","CORDOBA",5602,"SI"
2026-09-10,"EMPRESA MAIPU S.R.L","LINEA 810","NO","COLECTIVO","PROVINCIAL","MENDOZA","SN",3603,"SI"
2026-09-10,"EMPRESA MAIPU S.R.L","LINEA 811","NO","COLECTIVO","PROVINCIAL","MENDOZA","SN",3926,"SI"
2026-09-10,"EMPRESA MAIPU S.R.L","LINEA 812","NO","COLECTIVO","PROVINCIAL","MENDOZA","SN",3540,"SI"
2026-09-10,"EMPRESA MAIPU S.R.L","LINEA 813","NO","COLECTIVO","PROVINCIAL","MENDOZA","SN",3680,"SI"
2026-09-10,"EMPRESA MAIPU S.R.L","LINEA 814","NO","COLECTIVO","PROVINCIAL","MENDOZA","SN",208,"SI"
2026-09-10,"EMPRESA MAIPU S.R.L","LINEA 815","NO","COLECTIVO","PROVINCIAL","MENDOZA","SN",552,"SI"
2026-09-10,"EMPRESA MAIPU S.R.L","LINEA 816","NO","COLECTIVO","PROVINCIAL","MENDOZA","SN",267,"SI"
2026-09-10,"EMPRESA MAIPU S.R.L","LINEA 817","NO","COLECTIVO","PROVINCIAL","MENDOZA","SN",585,"SI"
2026-09-10,"EMPRESA MAIPU S.R.L","LINEA 818","NO","COLECTIVO","PROVINCIAL","MENDOZA","SN",295,"SI"
2026-09-10,"EMPRESA MAIPU S.R.L","LINEA 819","NO","COLECTIVO","PROVINCIAL","MENDOZA","SN",136,"SI"
2026-09-10,"RISSMA S.R.L","LINEA 82","NO","COLECTIVO","MUNICIPAL","CORDOBA","CORDOBA",4735,"SI"
2026-09-10,"EMPRESA MAIPU S.R.L","LINEA 820","NO","COLECTIVO","PROVINCIAL","MENDOZA","SN",7112,"SI"
2026-09-10,"EMPRESA MAIPU S.R.L","LINEA 821","NO","COLECTIVO","PROVINCIAL","MENDOZA","SN",952,"SI"
2026-09-10,"EMPRESA MAIPU S.R.L","LINEA 823","NO","COLECTIVO","PROVINCIAL","MENDOZA","SN",1927,"SI"
2026-09-10,"EMPRESA MAIPU S.R.L","LINEA 824","NO","COLECTIVO","PROVINCIAL","MENDOZA","SN",8078,"SI"
2026-09-10,"EMPRESA MAIPU S.R.L","LINEA 825","NO","COLECTIVO","PROVINCIAL","MENDOZA","SN",31,"SI"
2026-09-10,"RISSMA S.R.L","LINEA 83","NO","COLECTIVO","MUNICIPAL","CORDOBA","CORDOBA",2716,"SI"
2026-09-10,"EMPRESA MAIPU S.R.L","LINEA 830","NO","COLECTIVO","PROVINCIAL","MENDOZA","SN",3384,"SI"
2026-09-10,"RISSMA S.R.L","LINEA 84","NO","COLECTIVO","MUNICIPAL","CORDOBA","CORDOBA",2046,"SI"
2026-09-10,"EMPRESA MAIPU S.R.L","LINEA 840","NO","COLECTIVO","PROVINCIAL","MENDOZA","SN",3780,"SI"
2026-09-10,"RISSMA S.R.L","LINEA 85","NO","COLECTIVO","MUNICIPAL","CORDOBA","CORDOBA",2220,"SI"
2026-09-10,"EMPRESA MAIPU S.R.L","LINEA 850","NO","COLECTIVO","PROVINCIAL","MENDOZA","SN",795,"SI"
2026-09-10,"EMPRESA MAIPU S.R.L","LINEA 852","NO","COLECTIVO","PROVINCIAL","MENDOZA","SN",142,"SI"
2026-09-10,"EMPRESA MAIPU S.R.L","LINEA 853","NO","COLECTIVO","PROVINCIAL","MENDOZA","SN",37,"SI"
2026-09-10,"EMPRESA MAIPU S.R.L","LINEA 854","NO","COLECTIVO","PROVINCIAL","MENDOZA","SN",388,"SI"
2026-09-10,"EMPRESA MAIPU S.R.L","LINEA 855","NO","COLECTIVO","PROVINCIAL","MENDOZA","SN",529,"SI"
2026-09-10,"EMPRESA MAIPU S.R.L","LINEA 857","NO","COLECTIVO","PROVINCIAL","MENDOZA","SN",1376,"SI"
2026-09-10,"EMPRESA MAIPU S.R.L","LINEA 860","NO","COLECTIVO","PROVINCIAL","MENDOZA","SN",385,"SI"
2026-09-10,"EMPRESA MAIPU S.R.L","LINEA 861","NO","COLECTIVO","PROVINCIAL","MENDOZA","SN",371,"SI"
2026-09-10,"EMPRESA MAIPU S.R.L","LINEA 863","NO","COLECTIVO","PROVINCIAL","MENDOZA","SN",210,"SI"
2026-09-10,"EMPRESA MAIPU S.R.L","LINEA 864","NO","COLECTIVO","PROVINCIAL","MENDOZA","SN",257,"SI"
2026-09-10,"EMPRESA MAIPU S.R.L","LINEA 865","NO","COLECTIVO","PROVINCIAL","MENDOZA","SN",1595,"SI"
2026-09-10,"EMPRESA MAIPU S.R.L","LINEA 866","NO","COLECTIVO","PROVINCIAL","MENDOZA","SN",1653,"SI"
2026-09-10,"EMPRESA MAIPU S.R.L","LINEA 867","NO","COLECTIVO","PROVINCIAL","MENDOZA","SN",238,"SI"
2026-09-10,"EMPRESA MAIPU S.R.L","LINEA 868","NO","COLECTIVO","PROVINCIAL","MENDOZA","SN",32,"SI"
2026-09-10,"EMPRESA MAIPU S.R.L","LINEA 869","NO","COLECTIVO","PROVINCIAL","MENDOZA","SN",41,"SI"
2026-09-10,"EMPRESA MAIPU S.R.L","LINEA 870","NO","COLECTIVO","PROVINCIAL","MENDOZA","SN",917,"SI"
2026-09-10,"EMPRESA MAIPU S.R.L","LINEA 871","NO","COLECTIVO","PROVINCIAL","MENDOZA","SN",304,"SI"
2026-09-10,"EMPRESA MAIPU S.R.L","LINEA 872","NO","COLECTIVO","PROVINCIAL","MENDOZA","SN",161,"SI"
2026-09-10,"EMPRESA MAIPU S.R.L","LINEA 880","NO","COLECTIVO","PROVINCIAL","MENDOZA","SN",147,"SI"
2026-09-10,"EMPRESA MAIPU S.R.L","LINEA 881","NO","COLECTIVO","PROVINCIAL","MENDOZA","SN",259,"SI"
2026-09-10,"EMPRESA MAIPU S.R.L","LINEA 890","NO","COLECTIVO","PROVINCIAL","MENDOZA","SN",9,"SI"
2026-09-10,"EMPRESA MAIPU S.R.L","LINEA 891","NO","COLECTIVO","PROVINCIAL","MENDOZA","SN",14,"SI"
2026-09-10,"EMPRESA MAIPU S.R.L","LINEA 892","NO","COLECTIVO","PROVINCIAL","MENDOZA","SN",3,"SI"
2026-09-10,"EMPRESA MAIPU S.R.L","LINEA 896","NO","COLECTIVO","PROVINCIAL","MENDOZA","SN",311,"SI"
2026-09-10,"EMPRESA MAIPU S.R.L","LINEA 898","NO","COLECTIVO","PROVINCIAL","MENDOZA","SN",76,"SI"
2026-09-10,"COOPERATIVA DE TRABAJO ""12 DE OCTUBRE"" LTADA","LINEA 9","NO","COLECTIVO","MUNICIPAL","ENTRE RÍOS","CONCORDIA",737,"SI"
2026-09-10,"COOPERATIVA DE TRABAJO NUEVO EXPRESO LIMITADA","LINEA 9","NO","COLECTIVO","MUNICIPAL","ENTRE RÍOS","CONCORDIA",1481,"SI"
2026-09-10,"TURISMO PALMARES S.R.L.","LINEA 9","NO","COLECTIVO","MUNICIPAL","ENTRE RÍOS","CONCORDIA",1125,"SI"
2026-09-10,"GENERAL BELGRANO SRL","LINEA 9","NO","COLECTIVO","MUNICIPAL","TUCUMAN","SAN MIGUEL DE TUCUMAN",7011,"SI"
2026-09-10,"EL CACIQUE SA","LINEA 900","NO","COLECTIVO","PROVINCIAL","MENDOZA","SN",7099,"SI"
2026-09-10,"ERSA URBANO SA","LINEA 904","NO","COLECTIVO","NACIONAL","JN","SD",4700,"SI"
2026-09-10,"EL CACIQUE SA","LINEA 905","NO","COLECTIVO","PROVINCIAL","MENDOZA","SN",3988,"SI"
2026-09-10,"EMPRESA CEFERINO SOCIEDAD ANONIMA","LINEA 908","NO","COLECTIVO","NACIONAL","JN","SD",2397,"SI"
2026-09-10,"EL CACIQUE SA","LINEA 910","NO","COLECTIVO","PROVINCIAL","MENDOZA","SN",6299,"SI"
2026-09-10,"PEHUENCHE S A","LINEA 911 RIO NEGRO","NO","COLECTIVO","NACIONAL","JN","SD",8607,"SI"
2026-09-10,"EL CACIQUE SA","LINEA 911","NO","COLECTIVO","PROVINCIAL","MENDOZA","SN",3483,"SI"
2026-09-10,"EMPRESA RIO URUGUAY SRL","LINEA 912","NO","COLECTIVO","NACIONAL","JN","SD",44,"SI"
2026-09-10,"EL CACIQUE SA","LINEA 912","NO","COLECTIVO","PROVINCIAL","MENDOZA","SN",4700,"SI"
2026-09-10,"EL CACIQUE SA","LINEA 913","NO","COLECTIVO","PROVINCIAL","MENDOZA","SN",1869,"SI"
2026-09-10,"EMPRESA DE TRANSPORTE DE PASAJEROS KO KO SRL","LINEA 914","NO","COLECTIVO","NACIONAL","JN","SD",9296,"SI"
2026-09-10,"EL CACIQUE SA","LINEA 914","NO","COLECTIVO","PROVINCIAL","MENDOZA","SN",3099,"SI"
2026-09-10,"EL CACIQUE SA","LINEA 915","NO","COLECTIVO","PROVINCIAL","MENDOZA","SN",3197,"SI"
2026-09-10,"SOCSA S.R.L.","LINEA 916","NO","COLECTIVO","NACIONAL","JN","SD",226,"SI"
2026-09-10,"EL CACIQUE SA","LINEA 920","NO","COLECTIVO","PROVINCIAL","MENDOZA","SN",2342,"SI"
2026-09-10,"EL CACIQUE SA","LINEA 921","NO","COLECTIVO","PROVINCIAL","MENDOZA","SN",910,"SI"
2026-09-10,"EL CACIQUE SA","LINEA 925","NO","COLECTIVO","PROVINCIAL","MENDOZA","SN",5047,"SI"
2026-09-10,"EL CACIQUE SA","LINEA 927","NO","COLECTIVO","PROVINCIAL","MENDOZA","SN",1845,"SI"
2026-09-10,"EL CACIQUE SA","LINEA 928","NO","COLECTIVO","PROVINCIAL","MENDOZA","SN",1498,"SI"
2026-09-10,"EL CACIQUE SA","LINEA 930","NO","COLECTIVO","PROVINCIAL","MENDOZA","SN",1002,"SI"
2026-09-10,"EL CACIQUE SA","LINEA 931","NO","COLECTIVO","PROVINCIAL","MENDOZA","SN",1548,"SI"
2026-09-10,"EL CACIQUE SA","LINEA 932","NO","COLECTIVO","PROVINCIAL","MENDOZA","SN",1749,"SI"
2026-09-10,"EL CACIQUE SA","LINEA 935","NO","COLECTIVO","PROVINCIAL","MENDOZA","SN",1684,"SI"
2026-09-10,"EL CACIQUE SA","LINEA 936","NO","COLECTIVO","PROVINCIAL","MENDOZA","SN",1815,"SI"
2026-09-10,"EL CACIQUE SA","LINEA 937","NO","COLECTIVO","PROVINCIAL","MENDOZA","SN",2356,"SI"
2026-09-10,"EL CACIQUE SA","LINEA 938","NO","COLECTIVO","PROVINCIAL","MENDOZA","SN",2442,"SI"
2026-09-10,"EL CACIQUE SA","LINEA 940","NO","COLECTIVO","PROVINCIAL","MENDOZA","SN",976,"SI"
2026-09-10,"EL CACIQUE SA","LINEA 941","NO","COLECTIVO","PROVINCIAL","MENDOZA","SN",1051,"SI"
2026-09-10,"EL CACIQUE SA","LINEA 942","NO","COLECTIVO","PROVINCIAL","MENDOZA","SN",1967,"SI"
2026-09-10,"EL CACIQUE SA","LINEA 943","NO","COLECTIVO","PROVINCIAL","MENDOZA","SN",2124,"SI"
2026-09-10,"EL CACIQUE SA","LINEA 945","NO","COLECTIVO","PROVINCIAL","MENDOZA","SN",3761,"SI"
2026-09-10,"EL CACIQUE SA","LINEA 946","NO","COLECTIVO","PROVINCIAL","MENDOZA","SN",2832,"SI"
2026-09-10,"EL CACIQUE SA","LINEA 947","NO","COLECTIVO","PROVINCIAL","MENDOZA","SN",908,"SI"
2026-09-10,"EL CACIQUE SA","LINEA 950","NO","COLECTIVO","PROVINCIAL","MENDOZA","SN",3526,"SI"
2026-09-10,"EL CACIQUE SA","LINEA 951","NO","COLECTIVO","PROVINCIAL","MENDOZA","SN",3022,"SI"
2026-09-10,"EL CACIQUE SA","LINEA 955","NO","COLECTIVO","PROVINCIAL","MENDOZA","SN",432,"SI"
2026-09-10,"EL CACIQUE SA","LINEA 960","NO","COLECTIVO","PROVINCIAL","MENDOZA","SN",384,"SI"
2026-09-10,"EL CACIQUE SA","LINEA 965","NO","COLECTIVO","PROVINCIAL","MENDOZA","SN",526,"SI"
2026-09-10,"EL CACIQUE SA","LINEA 970","NO","COLECTIVO","PROVINCIAL","MENDOZA","SN",885,"SI"
2026-09-10,"EL CACIQUE SA","LINEA 984","NO","COLECTIVO","PROVINCIAL","MENDOZA","SN",28,"SI"
2026-09-10,"EL CACIQUE SA","LINEA 985","NO","COLECTIVO","PROVINCIAL","MENDOZA","SN",8,"SI"
2026-09-10,"EL CACIQUE SA","LINEA 986","NO","COLECTIVO","PROVINCIAL","MENDOZA","SN",14,"SI"
2026-09-10,"EL CACIQUE SA","LINEA 987","NO","COLECTIVO","PROVINCIAL","MENDOZA","SN",26,"SI"
2026-09-10,"EL CACIQUE SA","LINEA 988","NO","COLECTIVO","PROVINCIAL","MENDOZA","SN",16,"SI"
2026-09-10,"EL CACIQUE SA","LINEA 990","NO","COLECTIVO","PROVINCIAL","MENDOZA","SN",8,"SI"
2026-09-10,"EL CACIQUE SA","LINEA 991","NO","COLECTIVO","PROVINCIAL","MENDOZA","SN",13,"SI"
2026-09-10,"EL CACIQUE SA","LINEA 992","NO","COLECTIVO","PROVINCIAL","MENDOZA","SN",15,"SI"
2026-09-10,"EL CACIQUE SA","LINEA 993","NO","COLECTIVO","PROVINCIAL","MENDOZA","SN",7,"SI"
2026-09-10,"EL CACIQUE SA","LINEA 995","NO","COLECTIVO","PROVINCIAL","MENDOZA","SN",33,"SI"
2026-09-10,"EL CACIQUE SA","LINEA 996","NO","COLECTIVO","PROVINCIAL","MENDOZA","SN",9,"SI"
2026-09-10,"EL CACIQUE SA","LINEA 997","NO","COLECTIVO","PROVINCIAL","MENDOZA","SN",25,"SI"
2026-09-10,"MAR Y VALLE S.R.L.","LINEA A PUERTO MADRYN","NO","COLECTIVO","PROVINCIAL","CHUBUT","SN",725,"SI"
2026-09-10,"TAMSAU","LINEA A","NO","COLECTIVO","MUNICIPAL","CORDOBA","CORDOBA",1423,"SI"
2026-09-10,"S.A TRANSPORTE CIUDAD DE RIO CUARTO","LINEA A","NO","COLECTIVO","MUNICIPAL","CORDOBA","RIO CUARTO",205,"SI"
2026-09-10,"TRANSPORTE SAN JOSE SA","LINEA A","NO","COLECTIVO","MUNICIPAL","ENTRE RÍOS","PARANA",2671,"SI"
2026-09-10,"MUNICIPALIDAD DE LA CIUDAD DE FORMOSA","LINEA A","NO","COLECTIVO","MUNICIPAL","FORMOSA","FORMOSA",1601,"SI"
2026-09-10,"TRANSPORTE CITYBUS TIERRA DEL FUEGO S.R.L","LINEA A","NO","COLECTIVO","MUNICIPAL","SANTA CRUZ","RIO GALLEGOS",591,"SI"
2026-09-10,"MUNICIPALIDAD DE RAFAELA","LINEA A","NO","COLECTIVO","MUNICIPAL","SANTA FE","RAFAELA",12,"SI"
2026-09-10,"ANGUS CATERING S.R.L","LINEA A","NO","COLECTIVO","MUNICIPAL","TIERRA DEL FUEGO","RIO GRANDE",4578,"SI"
2026-09-10,"RISSMA S.R.L","LINEA A1","NO","COLECTIVO","MUNICIPAL","CORDOBA","CORDOBA",2454,"SI"
2026-09-10,"TRANS BUS SRL","LINEA A1","NO","COLECTIVO","MUNICIPAL","CORDOBA","VILLA MARIA",92,"SI"
2026-09-10,"TAMSAU","LINEA B","NO","COLECTIVO","MUNICIPAL","CORDOBA","CORDOBA",4360,"SI"
2026-09-10,"S.A TRANSPORTE CIUDAD DE RIO CUARTO","LINEA B","NO","COLECTIVO","MUNICIPAL","CORDOBA","RIO CUARTO",210,"SI"
2026-09-10,"TRANSPORTE SAN JOSE SA","LINEA B","NO","COLECTIVO","MUNICIPAL","ENTRE RÍOS","PARANA",577,"SI"
2026-09-10,"TRANSPORTE CITYBUS TIERRA DEL FUEGO S.R.L","LINEA B","NO","COLECTIVO","MUNICIPAL","SANTA CRUZ","RIO GALLEGOS",1716,"SI"
2026-09-10,"MUNICIPALIDAD DE RAFAELA","LINEA B","NO","COLECTIVO","MUNICIPAL","SANTA FE","RAFAELA",86,"SI"
2026-09-10,"ANGUS CATERING S.R.L","LINEA B","NO","COLECTIVO","MUNICIPAL","TIERRA DEL FUEGO","RIO GRANDE",2007,"SI"
2026-09-10,"RISSMA S.R.L","LINEA B1","NO","COLECTIVO","MUNICIPAL","CORDOBA","CORDOBA",5521,"SI"
2026-09-10,"CONIFERAL S.A.","LINEA B60","NO","COLECTIVO","MUNICIPAL","CORDOBA","CORDOBA",348,"SI"
2026-09-10,"RISSMA S.R.L","LINEA B80","NO","COLECTIVO","MUNICIPAL","CORDOBA","CORDOBA",45,"SI"
2026-09-10,"TAMSAU","LINEA C","NO","COLECTIVO","MUNICIPAL","CORDOBA","CORDOBA",1336,"SI"
2026-09-10,"S.A TRANSPORTE CIUDAD DE RIO CUARTO","LINEA C","NO","COLECTIVO","MUNICIPAL","CORDOBA","RIO CUARTO",185,"SI"
2026-09-10,"TRANSPORTE SAN JOSE SA","LINEA C","NO","COLECTIVO","MUNICIPAL","ENTRE RÍOS","PARANA",995,"SI"
2026-09-10,"MUNICIPALIDAD DE LA CIUDAD DE FORMOSA","LINEA C","NO","COLECTIVO","MUNICIPAL","FORMOSA","FORMOSA",813,"SI"
2026-09-10,"TRANSPORTE CITYBUS TIERRA DEL FUEGO S.R.L","LINEA C","NO","COLECTIVO","MUNICIPAL","SANTA CRUZ","RIO GALLEGOS",1564,"SI"
2026-09-10,"ANGUS CATERING S.R.L","LINEA C","NO","COLECTIVO","MUNICIPAL","TIERRA DEL FUEGO","RIO GRANDE",2853,"SI"
2026-09-10,"CONIFERAL S.A.","LINEA C1","NO","COLECTIVO","MUNICIPAL","CORDOBA","CORDOBA",7061,"SI"
2026-09-10,"CONIFERAL S.A.","LINEA C2","NO","COLECTIVO","MUNICIPAL","CORDOBA","CORDOBA",150,"SI"
2026-09-10,"S.A TRANSPORTE CIUDAD DE RIO CUARTO","LINEA D","NO","COLECTIVO","MUNICIPAL","CORDOBA","RIO CUARTO",162,"SI"
2026-09-10,"TRANSPORTE SAN JOSE SA","LINEA D","NO","COLECTIVO","MUNICIPAL","ENTRE RÍOS","PARANA",6111,"SI"
2026-09-10,"MUNICIPALIDAD DE LA CIUDAD DE FORMOSA","LINEA D","NO","COLECTIVO","MUNICIPAL","FORMOSA","FORMOSA",3091,"SI"
2026-09-10,"TRANSPORTE CITYBUS TIERRA DEL FUEGO S.R.L","LINEA D","NO","COLECTIVO","MUNICIPAL","SANTA CRUZ","RIO GALLEGOS",156,"SI"
2026-09-10,"ANGUS CATERING S.R.L","LINEA D","NO","COLECTIVO","MUNICIPAL","TIERRA DEL FUEGO","RIO GRANDE",481,"SI"
2026-09-10,"TRANSPORTE SAN JOSE SA","LINEA E","NO","COLECTIVO","MUNICIPAL","ENTRE RÍOS","PARANA",986,"SI"
2026-09-10,"TRANSPORTE CITYBUS TIERRA DEL FUEGO S.R.L","LINEA E","NO","COLECTIVO","MUNICIPAL","SANTA CRUZ","RIO GALLEGOS",4131,"SI"
2026-09-10,"ANGUS CATERING S.R.L","LINEA E","NO","COLECTIVO","MUNICIPAL","TIERRA DEL FUEGO","RIO GRANDE",298,"SI"
2026-09-10,"TRANSPORTE SAN JOSE SA","LINEA F","NO","COLECTIVO","MUNICIPAL","ENTRE RÍOS","PARANA",5870,"SI"
2026-09-10,"MUNICIPALIDAD DE LA CIUDAD DE FORMOSA","LINEA F","NO","COLECTIVO","MUNICIPAL","FORMOSA","FORMOSA",1929,"SI"
2026-09-10,"TRANSPORTE SAN JOSE SA","LINEA G","NO","COLECTIVO","MUNICIPAL","ENTRE RÍOS","PARANA",3817,"SI"
2026-09-10,"MUNICIPALIDAD DE LA CIUDAD DE FORMOSA","LINEA G","NO","COLECTIVO","MUNICIPAL","FORMOSA","FORMOSA",4151,"SI"
2026-09-10,"TRANS BUS SRL","LINEA H","NO","COLECTIVO","MUNICIPAL","CORDOBA","VILLA MARIA",21,"SI"
2026-09-10,"TRANSPORTE SAN JOSE SA","LINEA H","NO","COLECTIVO","MUNICIPAL","ENTRE RÍOS","PARANA",1956,"SI"
2026-09-10,"MUNICIPALIDAD DE LA CIUDAD DE FORMOSA","LINEA H","NO","COLECTIVO","MUNICIPAL","FORMOSA","FORMOSA",1734,"SI"
2026-09-10,"TRANS BUS SRL","LINEA I","NO","COLECTIVO","MUNICIPAL","CORDOBA","VILLA MARIA",33,"SI"
2026-09-10,"TRANSPORTES 8 DE OCTUBRE S.A.","LINEA INICIAL","NO","COLECTIVO","MUNICIPAL","BUENOS AIRES","JUNIN",4212,"SI"
2026-09-10,"MUNICIPALIDAD DE LA CIUDAD DE FORMOSA","LINEA K","NO","COLECTIVO","MUNICIPAL","FORMOSA","FORMOSA",2294,"SI"
2026-09-10,"TRANSPORTE SAN JOSE SA","LINEA L","NO","COLECTIVO","MUNICIPAL","ENTRE RÍOS","PARANA",1946,"SI"
2026-09-10,"MUNICIPALIDAD DE LA CIUDAD DE FORMOSA","LINEA L","NO","COLECTIVO","MUNICIPAL","FORMOSA","FORMOSA",1182,"SI"
2026-09-10,"MAREGA GUSTAVO ANTONIO","LINEA LA LOLA - CENTRO","NO","COLECTIVO","MUNICIPAL","SANTA FE","RECONQUISTA",138,"SI"
2026-09-10,"TRANSP. COMARCAL S.R.L.","LINEA LAGO PUELO / EL MAITEN","NO","COLECTIVO","PROVINCIAL","CHUBUT","SN",38,"SI"
2026-09-10,"TRANSPORTE SAN JOSE SA","LINEA M","NO","COLECTIVO","MUNICIPAL","ENTRE RÍOS","PARANA",1611,"SI"
2026-09-10,"BRAIDOT JOSE MANUEL","LINEA MONTE CARLO - CENTRO","NO","COLECTIVO","MUNICIPAL","SANTA FE","RECONQUISTA",328,"SI"
2026-09-10,"EMPRESA NUEVE DE JULIO S.A.T.","LINEA OESTE","SI","COLECTIVO","MUNICIPAL","BUENOS AIRES","LA PLATA",61619,"SI"
2026-09-10,"TRANSPORTE SAN JOSE SA","LINEA P","NO","COLECTIVO","MUNICIPAL","ENTRE RÍOS","PARANA",1292,"SI"
2026-09-10,"TRANSP. COMARCAL S.R.L.","LINEA PARALELO 42 / CHOLILA","NO","COLECTIVO","PROVINCIAL","CHUBUT","SN",46,"SI"
2026-09-10,"TRANSP. COMARCAL S.R.L.","LINEA PARALELO 42 / EL HOYO","NO","COLECTIVO","PROVINCIAL","CHUBUT","SN",60,"SI"
2026-09-10,"TRANSP. COMARCAL S.R.L.","LINEA PARALELO 42 / EPUYEN","NO","COLECTIVO","PROVINCIAL","CHUBUT","SN",199,"SI"
2026-09-10,"EXPRESSO RADA TILLY S.R.L.","LINEA RADA TILLY / COMODORO RIVADAV","NO","COLECTIVO","PROVINCIAL","CHUBUT","SN",2162,"SI"
2026-09-10,"ZARATE TRANSPORTE S.A.P.E.M.","LINEA RZ-1","SI","COLECTIVO","MUNICIPAL","BUENOS AIRES","ZARATE",574,"SI"
2026-09-10,"ZARATE TRANSPORTE S.A.P.E.M.","LINEA RZ-10","SI","COLECTIVO","MUNICIPAL","BUENOS AIRES","ZARATE",2174,"SI"
2026-09-10,"ZARATE TRANSPORTE S.A.P.E.M.","LINEA RZ-11","SI","COLECTIVO","MUNICIPAL","BUENOS AIRES","ZARATE",1983,"SI"
2026-09-10,"ZARATE TRANSPORTE S.A.P.E.M.","LINEA RZ-2","SI","COLECTIVO","MUNICIPAL","BUENOS AIRES","ZARATE",1832,"SI"
2026-09-10,"ZARATE TRANSPORTE S.A.P.E.M.","LINEA RZ-3","SI","COLECTIVO","MUNICIPAL","BUENOS AIRES","ZARATE",4338,"SI"
2026-09-10,"ZARATE TRANSPORTE S.A.P.E.M.","LINEA RZ-6","SI","COLECTIVO","MUNICIPAL","BUENOS AIRES","ZARATE",77,"SI"
2026-09-10,"ZARATE TRANSPORTE S.A.P.E.M.","LINEA RZ-7","SI","COLECTIVO","MUNICIPAL","BUENOS AIRES","ZARATE",341,"SI"
2026-09-10,"ZARATE TRANSPORTE S.A.P.E.M.","LINEA RZ-8","SI","COLECTIVO","MUNICIPAL","BUENOS AIRES","ZARATE",1711,"SI"
2026-09-10,"TRANSPORTE RODOLFO PARRA","LINEA SAN JOSE BANDA OESTE","NO","COLECTIVO","PROVINCIAL","CATAMARCA","SN",215,"SI"
2026-09-10,"TRANSPORTE RODOLFO PARRA","LINEA SANTA MARIA FUERTE QUEMADO","NO","COLECTIVO","PROVINCIAL","CATAMARCA","SN",163,"SI"
2026-09-10,"TAMSAU","LINEA SERVICIO ESPECIAL AEROPUERTO","NO","COLECTIVO","MUNICIPAL","CORDOBA","CORDOBA",116,"SI"
2026-09-10,"EMOVA MOVILIDAD S.A. (ex MTV)","LINEA SUBTE C","SI","SUBTE",,,,68002,"SI"
2026-09-10,"EMOVA MOVILIDAD S.A. (ex MTV)","LINEA SUBTE D","SI","SUBTE",,,,97393,"SI"
2026-09-10,"EMOVA MOVILIDAD S.A. (ex MTV)","LINEA SUBTE E","SI","SUBTE",,,,48847,"SI"
2026-09-10,"EMOVA MOVILIDAD S.A. (ex MTV)","LINEA SUBTE H","SI","SUBTE",,,,65567,"SI"
2026-09-10,"TRANSPORTE EL 22 SRL","LINEA_001","NO","COLECTIVO","MUNICIPAL","CHUBUT","TRELEW",4151,"SI"
2026-09-10,"EL URBANO SRL","LINEA_001_JUJ","NO","COLECTIVO","MUNICIPAL","JUJUY","SAN SALVADOR DE JUJUY",8282,"SI"
2026-09-10,"EXPRESO COLONIA SA","LINEA_001_NQN","NO","COLECTIVO","MUNICIPAL","NEUQUÉN","SAN MARTIN DE LOS ANDES",5526,"SI"
2026-09-10,"LA NUEVA PERLA SRL","LINEA_001_PERG","NO","COLECTIVO","MUNICIPAL","BUENOS AIRES","PERGAMINO",2597,"SI"
2026-09-10,"COOPERATIVA REGIONAL DE ELECTRICIDAD DE OBRAS Y OTROS SERVICIOS DE GRAL PICO (CORPICO LTDA)","LINEA_001_PMP","NO","COLECTIVO","MUNICIPAL","LA PAMPA","GENERAL PICO",253,"SI"
2026-09-10,"ERSA URBANO SA","LINEA_001_SFE","NO","COLECTIVO","MUNICIPAL","SANTA FE","SANTA FE",5914,"SI"
2026-09-10,"EMPRESA VERCELLI HNOS S A C I F A E I","LINEA_001_SN","NO","COLECTIVO","MUNICIPAL","BUENOS AIRES","SAN NICOLAS DE LOS ARROYOS",1999,"SI"
2026-09-10,"MUNICIPALIDAD DE VENADO TUERTO","LINEA_001_VTSFE","NO","COLECTIVO","MUNICIPAL","SANTA FE","VENADO TUERTO",569,"SI"
2026-09-10,"TRANSPORTE EL 22 SRL","LINEA_002","NO","COLECTIVO","MUNICIPAL","CHUBUT","TRELEW",5047,"SI"
2026-09-10,"EXPRESO COLONIA SA","LINEA_002_NQN","NO","COLECTIVO","MUNICIPAL","NEUQUÉN","SAN MARTIN DE LOS ANDES",728,"SI"
2026-09-10,"LA NUEVA PERLA SRL","LINEA_002_PERG","NO","COLECTIVO","MUNICIPAL","BUENOS AIRES","PERGAMINO",198,"SI"
2026-09-10,"COOPERATIVA REGIONAL DE ELECTRICIDAD DE OBRAS Y OTROS SERVICIOS DE GRAL PICO (CORPICO LTDA)","LINEA_002_PMP","NO","COLECTIVO","MUNICIPAL","LA PAMPA","GENERAL PICO",83,"SI"
2026-09-10,"ERSA URBANO SA","LINEA_002_SFE","NO","COLECTIVO","MUNICIPAL","SANTA FE","SANTA FE",6526,"SI"
2026-09-10,"EMPRESA MAYO SRL","LINEA_002_SJUAN","NO","COLECTIVO","PROVINCIAL","SAN JUAN","SN",4959,"SI"
2026-09-10,"EMPRESA VERCELLI HNOS S A C I F A E I","LINEA_002_SN","NO","COLECTIVO","MUNICIPAL","BUENOS AIRES","SAN NICOLAS DE LOS ARROYOS",2617,"SI"
2026-09-10,"MUNICIPALIDAD DE VENADO TUERTO","LINEA_002_VTSFE","NO","COLECTIVO","MUNICIPAL","SANTA FE","VENADO TUERTO",386,"SI"
2026-09-10,"TIRO FEDERAL RESISTENCIA SRL- LA CORDIAL SRL- MICROBUS SRL. U.T.E","LINEA_003","NO","COLECTIVO","PROVINCIAL","CHACO","SN",2139,"SI"
2026-09-10,"TRANSPORTE EL 22 SRL","LINEA_003_CHT","NO","COLECTIVO","MUNICIPAL","CHUBUT","TRELEW",3305,"SI"
2026-09-10,"SANTA ANA SRL","LINEA_003_JUJ","NO","COLECTIVO","MUNICIPAL","JUJUY","SAN SALVADOR DE JUJUY",2420,"SI"
2026-09-10,"EXPRESO COLONIA SA","LINEA_003_NQN","NO","COLECTIVO","MUNICIPAL","NEUQUÉN","SAN MARTIN DE LOS ANDES",662,"SI"
2026-09-10,"ERSA URBANO SA","LINEA_003_SFE","NO","COLECTIVO","MUNICIPAL","SANTA FE","SANTA FE",6873,"SI"
2026-09-10,"TRANSPORTE DE PASAJEROS EL TRIUNFO SA","LINEA_003_SJUAN","NO","COLECTIVO","PROVINCIAL","SAN JUAN","SN",6470,"SI"
2026-09-10,"EMPRESA VERCELLI HNOS S A C I F A E I","LINEA_003_SN","NO","COLECTIVO","MUNICIPAL","BUENOS AIRES","SAN NICOLAS DE LOS ARROYOS",1070,"SI"
2026-09-10,"MUNICIPALIDAD DE VENADO TUERTO","LINEA_003_VTSFE","NO","COLECTIVO","MUNICIPAL","SANTA FE","VENADO TUERTO",665,"SI"
2026-09-10,"TRANSPORTE EL 22 SRL","LINEA_004_CHT","NO","COLECTIVO","MUNICIPAL","CHUBUT","TRELEW",3440,"SI"
2026-09-10,"EXPRESO COLONIA SA","LINEA_004_NQN","NO","COLECTIVO","MUNICIPAL","NEUQUÉN","SAN MARTIN DE LOS ANDES",712,"SI"
2026-09-10,"AUTOBUSES SANTA FE S.R.L","LINEA_004_SFE","NO","COLECTIVO","MUNICIPAL","SANTA FE","SANTA FE",6009,"SI"
2026-09-10,"EMPRESA DE TRANSPORTES ALBARDON SRL","LINEA_004_SJUAN","NO","COLECTIVO","PROVINCIAL","SAN JUAN","SN",7309,"SI"
2026-09-10,"EMPRESA VERCELLI HNOS S A C I F A E I","LINEA_004_SN","NO","COLECTIVO","MUNICIPAL","BUENOS AIRES","SAN NICOLAS DE LOS ARROYOS",3543,"SI"
2026-09-10,"MUNICIPALIDAD DE VENADO TUERTO","LINEA_004_VTSFE","NO","COLECTIVO","MUNICIPAL","SANTA FE","VENADO TUERTO",442,"SI"
2026-09-10,"TRANSPORTE EL 22 SRL","LINEA_005","NO","COLECTIVO","MUNICIPAL","CHUBUT","TRELEW",1611,"SI"
2026-09-10,"SAN FERNANDO URBANOS SRL","LINEA_005","NO","COLECTIVO","PROVINCIAL","CHACO","SN",7198,"SI"
2026-09-10,"EXPRESO COLONIA SA","LINEA_005_NQN","NO","COLECTIVO","MUNICIPAL","NEUQUÉN","SAN MARTIN DE LOS ANDES",374,"SI"
2026-09-10,"EMPRESA RECREO S R L","LINEA_005_SFE","NO","COLECTIVO","MUNICIPAL","SANTA FE","SANTA FE",10354,"SI"
2026-09-10,"EMPRESA VERCELLI HNOS S A C I F A E I","LINEA_005_SN","NO","COLECTIVO","MUNICIPAL","BUENOS AIRES","SAN NICOLAS DE LOS ARROYOS",2835,"SI"
2026-09-10,"EXPRESO COLONIA SA","LINEA_006_NQN","NO","COLECTIVO","MUNICIPAL","NEUQUÉN","SAN MARTIN DE LOS ANDES",95,"SI"
2026-09-10,"EMPRESA VERCELLI HNOS S A C I F A E I","LINEA_006_SN","NO","COLECTIVO","MUNICIPAL","BUENOS AIRES","SAN NICOLAS DE LOS ARROYOS",532,"SI"
2026-09-10,"EL URBANO SRL","LINEA_007_JUJ","NO","COLECTIVO","MUNICIPAL","JUJUY","SAN SALVADOR DE JUJUY",1113,"SI"
2026-09-10,"EMPRESA VERCELLI HNOS S A C I F A E I","LINEA_007_SN","NO","COLECTIVO","MUNICIPAL","BUENOS AIRES","SAN NICOLAS DE LOS ARROYOS",603,"SI"
2026-09-10,"TIRO FEDERAL RESISTENCIA SRL- LA CORDIAL SRL- MICROBUS SRL. U.T.E","LINEA_008","NO","COLECTIVO","PROVINCIAL","CHACO","SN",6052,"SI"
2026-09-10,"AUTOBUSES SANTA FE S.R.L","LINEA_008_SFE","NO","COLECTIVO","MUNICIPAL","SANTA FE","SANTA FE",7279,"SI"
2026-09-10,"EMPRESA VERCELLI HNOS S A C I F A E I","LINEA_008_SN","NO","COLECTIVO","MUNICIPAL","BUENOS AIRES","SAN NICOLAS DE LOS ARROYOS",4055,"SI"
2026-09-10,"ERSA URBANO S.A UNION TRANSITORIA","LINEA_009","NO","COLECTIVO","PROVINCIAL","CHACO","SN",3780,"SI"
2026-09-10,"EL URBANO SRL","LINEA_009_JUJ","NO","COLECTIVO","MUNICIPAL","JUJUY","SAN SALVADOR DE JUJUY",3672,"SI"
2026-09-10,"EXPRESO COLONIA SA","LINEA_009_NQN","NO","COLECTIVO","MUNICIPAL","NEUQUÉN","SAN MARTIN DE LOS ANDES",385,"SI"
2026-09-10,"ERSA URBANO SA","LINEA_009_SFE","NO","COLECTIVO","MUNICIPAL","SANTA FE","SANTA FE",5752,"SI"
2026-09-10,"EMPRESA VERCELLI HNOS S A C I F A E I","LINEA_009_SN","NO","COLECTIVO","MUNICIPAL","BUENOS AIRES","SAN NICOLAS DE LOS ARROYOS",3849,"SI"
2026-09-10,"EMPRESA DE TRANSPORTE AMANCAY SRL","LINEA_010_BRC","NO","COLECTIVO","MUNICIPAL","RÍO NEGRO","SAN CARLOS DE BARILOCHE",370,"SI"
2026-09-10,"DIADEMA S.A.","LINEA_010_CHT","NO","COLECTIVO","MUNICIPAL","CHUBUT","COMODORO RIVADAVIA",47,"SI"
2026-09-10,"SANTA ANA SRL","LINEA_010_JUJ","NO","COLECTIVO","MUNICIPAL","JUJUY","SAN SALVADOR DE JUJUY",8776,"SI"
2026-09-10,"EMPR.TRANSP AUTOMOTOR DE PASAJEROS GRAL SAVIO SRL","LINEA_010_PAL_PROV","NO","COLECTIVO","PROVINCIAL","JUJUY","SN",6354,"SI"
2026-09-10,"EMPRESA RECREO S R L","LINEA_010_SFE","NO","COLECTIVO","MUNICIPAL","SANTA FE","SANTA FE",6532,"SI"
2026-09-10,"EMPRESA MAYO SRL","LINEA_010_SJUAN","NO","COLECTIVO","PROVINCIAL","SAN JUAN","SN",2045,"SI"
2026-09-10,"EMPRESA VERCELLI HNOS S A C I F A E I","LINEA_010_SN","NO","COLECTIVO","MUNICIPAL","BUENOS AIRES","SAN NICOLAS DE LOS ARROYOS",5460,"SI"
2026-09-10,"DIADEMA S.A.","LINEA_011_CHT","NO","COLECTIVO","MUNICIPAL","CHUBUT","COMODORO RIVADAVIA",472,"SI"
2026-09-10,"SANTA ANA SRL","LINEA_011_JUJ","NO","COLECTIVO","MUNICIPAL","JUJUY","SAN SALVADOR DE JUJUY",1820,"SI"
2026-09-10,"EMPRESA RECREO S R L","LINEA_011_SFE","NO","COLECTIVO","MUNICIPAL","SANTA FE","SANTA FE",7495,"SI"
2026-09-10,"TIRO FEDERAL RESISTENCIA SRL- LA CORDIAL SRL- MICROBUS SRL. U.T.E","LINEA_012","NO","COLECTIVO","PROVINCIAL","CHACO","SN",3408,"SI"
2026-09-10,"SANTA ANA SRL","LINEA_012_JUJ","NO","COLECTIVO","MUNICIPAL","JUJUY","SAN SALVADOR DE JUJUY",4176,"SI"
2026-09-10,"EL URBANO SRL","LINEA_013_JUJ","NO","COLECTIVO","MUNICIPAL","JUJUY","SAN SALVADOR DE JUJUY",3551,"SI"
2026-09-10,"EMPRESA RECREO S R L","LINEA_013_SFE","NO","COLECTIVO","MUNICIPAL","SANTA FE","SANTA FE",8831,"SI"
2026-09-10,"EL URBANO SRL","LINEA_014_JUJ","NO","COLECTIVO","MUNICIPAL","JUJUY","SAN SALVADOR DE JUJUY",9543,"SI"
2026-09-10,"AUTOBUSES SANTA FE S.R.L","LINEA_014_SFE","NO","COLECTIVO","MUNICIPAL","SANTA FE","SANTA FE",6865,"SI"
2026-09-10,"SANTA ANA SRL","LINEA_015_JUJ","NO","COLECTIVO","MUNICIPAL","JUJUY","SAN SALVADOR DE JUJUY",2920,"SI"
2026-09-10,"EMPR.TRANSP AUTOMOTOR DE PASAJEROS GRAL SAVIO SRL","LINEA_015_PAL","NO","COLECTIVO","PROVINCIAL","JUJUY","SN",843,"SI"
2026-09-10,"ERSA URBANO SA","LINEA_015_SFE","NO","COLECTIVO","MUNICIPAL","SANTA FE","SANTA FE",6307,"SI"
2026-09-10,"SANTA ANA SRL","LINEA_016_JUJ","NO","COLECTIVO","MUNICIPAL","JUJUY","SAN SALVADOR DE JUJUY",354,"SI"
2026-09-10,"EMPRESA RECREO S R L","LINEA_016_SFE","NO","COLECTIVO","MUNICIPAL","SANTA FE","SANTA FE",6760,"SI"
2026-09-10,"SANTA ANA SRL","LINEA_017_JUJ","NO","COLECTIVO","MUNICIPAL","JUJUY","SAN SALVADOR DE JUJUY",2605,"SI"
2026-09-10,"SANTA ANA SRL","LINEA_018_JUJ","NO","COLECTIVO","MUNICIPAL","JUJUY","SAN SALVADOR DE JUJUY",3247,"SI"
2026-09-10,"EMPRESA RECREO S R L","LINEA_018_SFE","NO","COLECTIVO","MUNICIPAL","SANTA FE","SANTA FE",9687,"SI"
2026-09-10,"SANTA ANA SRL","LINEA_019_JUJ","NO","COLECTIVO","MUNICIPAL","JUJUY","SAN SALVADOR DE JUJUY",1702,"SI"
2026-09-10,"EMPRESA DE TRANSPORTE AMANCAY SRL","LINEA_020_BRC","NO","COLECTIVO","MUNICIPAL","RÍO NEGRO","SAN CARLOS DE BARILOCHE",5995,"SI"
2026-09-10,"SANTA ANA SRL","LINEA_020_JUJ","NO","COLECTIVO","MUNICIPAL","JUJUY","SAN SALVADOR DE JUJUY",4458,"SI"
2026-09-10,"EMPRESA MAYO SRL","LINEA_020_SJUAN","NO","COLECTIVO","PROVINCIAL","SAN JUAN","SN",1648,"SI"
2026-09-10,"EMPRESA DE TRANSPORTE AMANCAY SRL","LINEA_021_BRC","NO","COLECTIVO","MUNICIPAL","RÍO NEGRO","SAN CARLOS DE BARILOCHE",1531,"SI"
2026-09-10,"SANTA ANA SRL","LINEA_021_JUJ","NO","COLECTIVO","MUNICIPAL","JUJUY","SAN SALVADOR DE JUJUY",2123,"SI"
2026-09-10,"EL URBANO SRL","LINEA_022_JUJ","NO","COLECTIVO","MUNICIPAL","JUJUY","SAN SALVADOR DE JUJUY",1578,"SI"
2026-09-10,"AUTOBUSES SANTA FE S.R.L","LINEA_022_SFE","NO","COLECTIVO","MUNICIPAL","SANTA FE","SANTA FE",2502,"SI"
2026-09-10,"EL URBANO SRL","LINEA_023_JUJ","NO","COLECTIVO","MUNICIPAL","JUJUY","SAN SALVADOR DE JUJUY",540,"SI"
2026-09-10,"SANTA ANA SRL","LINEA_024_JUJ","NO","COLECTIVO","MUNICIPAL","JUJUY","SAN SALVADOR DE JUJUY",1727,"SI"
2026-09-10,"SANTA ANA SRL","LINEA_025_JUJ","NO","COLECTIVO","MUNICIPAL","JUJUY","SAN SALVADOR DE JUJUY",1602,"SI"
2026-09-10,"EMPR.TRANSP AUTOMOTOR DE PASAJEROS GRAL SAVIO SRL","LINEA_025C_PAL","NO","COLECTIVO","PROVINCIAL","JUJUY","SN",305,"SI"
2026-09-10,"SANTA ANA SRL","LINEA_027_JUJ","NO","COLECTIVO","MUNICIPAL","JUJUY","SAN SALVADOR DE JUJUY",3401,"SI"
2026-09-10,"SANTA ANA SRL","LINEA_028_JUJ","NO","COLECTIVO","MUNICIPAL","JUJUY","SAN SALVADOR DE JUJUY",468,"SI"
2026-09-10,"SANTA ANA SRL","LINEA_02_JUJ","NO","COLECTIVO","MUNICIPAL","JUJUY","SAN SALVADOR DE JUJUY",4664,"SI"
2026-09-10,"SANTA ANA SRL","LINEA_030_JUJ","NO","COLECTIVO","MUNICIPAL","JUJUY","SAN SALVADOR DE JUJUY",5098,"SI"
2026-09-10,"TRANSPORTE DE PASAJEROS ALTO DE SIERRA S.R.L.","LINEA_030_SJUAN","NO","COLECTIVO","PROVINCIAL","SAN JUAN","SN",421,"SI"
2026-09-10,"EMPRESA DE TRANSPORTE AMANCAY SRL","LINEA_031_BRC","NO","COLECTIVO","MUNICIPAL","RÍO NEGRO","SAN CARLOS DE BARILOCHE",339,"SI"
2026-09-10,"EL URBANO SRL","LINEA_031_JUJ","NO","COLECTIVO","MUNICIPAL","JUJUY","SAN SALVADOR DE JUJUY",3494,"SI"
2026-09-10,"SANTA ANA SRL","LINEA_032_JUJ","NO","COLECTIVO","MUNICIPAL","JUJUY","SAN SALVADOR DE JUJUY",3092,"SI"
2026-09-10,"SANTA ANA SRL","LINEA_033_JUJ","NO","COLECTIVO","MUNICIPAL","JUJUY","SAN SALVADOR DE JUJUY",3345,"SI"
2026-09-10,"SANTA ANA SRL","LINEA_034_JUJ","NO","COLECTIVO","MUNICIPAL","JUJUY","SAN SALVADOR DE JUJUY",1345,"SI"
2026-09-10,"SANTA ANA SRL","LINEA_035_JUJ","NO","COLECTIVO","MUNICIPAL","JUJUY","SAN SALVADOR DE JUJUY",1372,"SI"
2026-09-10,"SANTA ANA SRL","LINEA_038_JUJ","NO","COLECTIVO","MUNICIPAL","JUJUY","SAN SALVADOR DE JUJUY",1877,"SI"
2026-09-10,"SANTA ANA SRL","LINEA_039_JUJ","NO","COLECTIVO","MUNICIPAL","JUJUY","SAN SALVADOR DE JUJUY",4275,"SI"
2026-09-10,"EMPRESA DE TRANSPORTE AMANCAY SRL","LINEA_040/041_BRC","NO","COLECTIVO","MUNICIPAL","RÍO NEGRO","SAN CARLOS DE BARILOCHE",1940,"SI"
2026-09-10,"SANTA ANA SRL","LINEA_040_JUJ","NO","COLECTIVO","MUNICIPAL","JUJUY","SAN SALVADOR DE JUJUY",1723,"SI"
2026-09-10,"EMPRESA DE TRANSPORTES ALBARDON SRL","LINEA_040_SJUAN","NO","COLECTIVO","PROVINCIAL","SAN JUAN","SN",1836,"SI"
2026-09-10,"SANTA ANA SRL","LINEA_041_JUJ","NO","COLECTIVO","MUNICIPAL","JUJUY","SAN SALVADOR DE JUJUY",734,"SI"
2026-09-10,"EL URBANO SRL","LINEA_042_JUJ","NO","COLECTIVO","MUNICIPAL","JUJUY","SAN SALVADOR DE JUJUY",2758,"SI"
2026-09-10,"EL URBANO SRL","LINEA_043_JUJ","NO","COLECTIVO","MUNICIPAL","JUJUY","SAN SALVADOR DE JUJUY",1004,"SI"
2026-09-10,"SANTA ANA SRL","LINEA_044_JUJ","NO","COLECTIVO","MUNICIPAL","JUJUY","SAN SALVADOR DE JUJUY",950,"SI"
2026-09-10,"SANTA ANA SRL","LINEA_045_JUJ","NO","COLECTIVO","MUNICIPAL","JUJUY","SAN SALVADOR DE JUJUY",3058,"SI"
2026-09-10,"TRANSPORTE SAN CAYETANO S.R.L.","LINEA_045_PAL","NO","COLECTIVO","PROVINCIAL","JUJUY","SN",247,"SI"
2026-09-10,"TRANSPORTE SAN CAYETANO S.R.L.","LINEA_045A_PAL","NO","COLECTIVO","PROVINCIAL","JUJUY","SN",230,"SI"
2026-09-10,"SANTA ANA SRL","LINEA_046_JUJ","NO","COLECTIVO","MUNICIPAL","JUJUY","SAN SALVADOR DE JUJUY",2328,"SI"
2026-09-10,"EL URBANO SRL","LINEA_047_JUJ","NO","COLECTIVO","MUNICIPAL","JUJUY","SAN SALVADOR DE JUJUY",8509,"SI"
2026-09-10,"EL URBANO SRL","LINEA_048_JUJ","NO","COLECTIVO","MUNICIPAL","JUJUY","SAN SALVADOR DE JUJUY",6509,"SI"
2026-09-10,"SANTA ANA SRL","LINEA_049_JUJ","NO","COLECTIVO","MUNICIPAL","JUJUY","SAN SALVADOR DE JUJUY",1946,"SI"
2026-09-10,"EMPR.TRANSP AUTOMOTOR DE PASAJEROS GRAL SAVIO SRL","LINEA_049_PAL_PROV","NO","COLECTIVO","PROVINCIAL","JUJUY","SN",3233,"SI"
2026-09-10,"EMPR.TRANSP AUTOMOTOR DE PASAJEROS GRAL SAVIO SRL","LINEA_049A_PAL_PROV","NO","COLECTIVO","PROVINCIAL","JUJUY","SN",6685,"SI"
2026-09-10,"EMPR.TRANSP AUTOMOTOR DE PASAJEROS GRAL SAVIO SRL","LINEA_049B_PAL","NO","COLECTIVO","PROVINCIAL","JUJUY","SN",1077,"SI"
2026-09-10,"EMPR.TRANSP AUTOMOTOR DE PASAJEROS GRAL SAVIO SRL","LINEA_049F_PAL","NO","COLECTIVO","PROVINCIAL","JUJUY","SN",1737,"SI"
2026-09-10,"SANTA ANA SRL","LINEA_04_JUJ","NO","COLECTIVO","MUNICIPAL","JUJUY","SAN SALVADOR DE JUJUY",3326,"SI"
2026-09-10,"TRANSPORTE AUTOMOTOR DE PASAJEROS FIGUEROA S.A.","LINEA_050","NO","COLECTIVO","PROVINCIAL","JUJUY","SN",367,"SI"
2026-09-10,"EMPRESA DE TRANSPORTE AMANCAY SRL","LINEA_050_BRC","NO","COLECTIVO","MUNICIPAL","RÍO NEGRO","SAN CARLOS DE BARILOCHE",4587,"SI"
2026-09-10,"EMPRESA DE TRANSPORTE AMANCAY SRL","LINEA_051_BRC","NO","COLECTIVO","MUNICIPAL","RÍO NEGRO","SAN CARLOS DE BARILOCHE",3256,"SI"
2026-09-10,"SANTA ANA SRL","LINEA_052_JUJ","NO","COLECTIVO","MUNICIPAL","JUJUY","SAN SALVADOR DE JUJUY",5310,"SI"
2026-09-10,"EMPR.TRANSP AUTOMOTOR DE PASAJEROS GRAL SAVIO SRL","LINEA_052_PAL","NO","COLECTIVO","PROVINCIAL","JUJUY","SN",1605,"SI"
2026-09-10,"EMPRESA DE TRANSPORTE AMANCAY SRL","LINEA_055_BRC","NO","COLECTIVO","MUNICIPAL","RÍO NEGRO","SAN CARLOS DE BARILOCHE",629,"SI"
2026-09-10,"SANTA ANA SRL","LINEA_05_JUJ","NO","COLECTIVO","MUNICIPAL","JUJUY","SAN SALVADOR DE JUJUY",2818,"SI"
2026-09-10,"TRANSPORTE FUTURO SRL","LINEA_06","NO","COLECTIVO","PROVINCIAL","JUJUY","SN",842,"SI"
2026-09-10,"EMPRESA DE TRANSPORTE AMANCAY SRL","LINEA_060_BRC","NO","COLECTIVO","MUNICIPAL","RÍO NEGRO","SAN CARLOS DE BARILOCHE",4160,"SI"
2026-09-10,"EMPRESA DE TRANSPORTE AMANCAY SRL","LINEA_061_BRC","NO","COLECTIVO","MUNICIPAL","RÍO NEGRO","SAN CARLOS DE BARILOCHE",4763,"SI"
2026-09-10,"SANTA ANA SRL","LINEA_06_JUJ","NO","COLECTIVO","MUNICIPAL","JUJUY","SAN SALVADOR DE JUJUY",4201,"SI"
2026-09-10,"EMPRESA DE TRANSPORTE AMANCAY SRL","LINEA_070_BRC","NO","COLECTIVO","MUNICIPAL","RÍO NEGRO","SAN CARLOS DE BARILOCHE",979,"SI"
2026-09-10,"EMPRESA DE TRANSPORTE AMANCAY SRL","LINEA_071_BRC","NO","COLECTIVO","MUNICIPAL","RÍO NEGRO","SAN CARLOS DE BARILOCHE",3155,"SI"
2026-09-10,"EMPRESA DE TRANSPORTE AMANCAY SRL","LINEA_072_BRC","NO","COLECTIVO","MUNICIPAL","RÍO NEGRO","SAN CARLOS DE BARILOCHE",270,"SI"
2026-09-10,"TRANSPORTE AUTOMOTOR DE PASAJEROS FIGUEROA S.A.","LINEA_08","NO","COLECTIVO","PROVINCIAL","JUJUY","SN",1063,"SI"
2026-09-10,"EMPRESA DE TRANSPORTE AMANCAY SRL","LINEA_081_BRC","NO","COLECTIVO","MUNICIPAL","RÍO NEGRO","SAN CARLOS DE BARILOCHE",1749,"SI"
2026-09-10,"EMPRESA DE TRANSPORTE AMANCAY SRL","LINEA_082_BRC","NO","COLECTIVO","MUNICIPAL","RÍO NEGRO","SAN CARLOS DE BARILOCHE",893,"SI"
2026-09-10,"EMPRESA DE TRANSPORTE AMANCAY SRL","LINEA_083_BRC","NO","COLECTIVO","MUNICIPAL","RÍO NEGRO","SAN CARLOS DE BARILOCHE",4436,"SI"
2026-09-10,"SANTA ANA SRL","LINEA_08_JUJ","NO","COLECTIVO","MUNICIPAL","JUJUY","SAN SALVADOR DE JUJUY",5509,"SI"
2026-09-10,"TRANSPORTE SAN CAYETANO S.R.L.","LINEA_08_PAL","NO","COLECTIVO","PROVINCIAL","JUJUY","SN",392,"SI"
2026-09-10,"TRANSPORTE SAN CAYETANO S.R.L.","LINEA_08A_PAL","NO","COLECTIVO","PROVINCIAL","JUJUY","SN",142,"SI"
2026-09-10,"TRANSPORTE SAN CAYETANO S.R.L.","LINEA_08B_PAL","NO","COLECTIVO","PROVINCIAL","JUJUY","SN",32,"SI"
2026-09-10,"TRANSPORTE AUTOMOTOR DE PASAJEROS FIGUEROA S.A.","LINEA_09","NO","COLECTIVO","PROVINCIAL","JUJUY","SN",868,"SI"
2026-09-10,"TRANSPORTE FUTURO SRL","LINEA_09","NO","COLECTIVO","PROVINCIAL","JUJUY","SN",2410,"SI"
2026-09-10,"TRANSPORTE SAN CAYETANO S.R.L.","LINEA_09_PAL","NO","COLECTIVO","PROVINCIAL","JUJUY","SN",174,"SI"
2026-09-10,"TRANSPORTE SAN CAYETANO S.R.L.","LINEA_09A_PAL","NO","COLECTIVO","PROVINCIAL","JUJUY","SN",52,"SI"
2026-09-10,"TRANSPORTE SAN CAYETANO S.R.L.","LINEA_09C_PAL","NO","COLECTIVO","PROVINCIAL","JUJUY","SN",404,"SI"
2026-09-10,"AUTOTRANSPORTE CEFERINO S.R.L","LINEA_1","NO","COLECTIVO","MUNICIPAL","CHUBUT","RAWSON",107,"SI"
2026-09-10,"AMERICA TRANSPORTE AUTOMOTOR S.R.L. - AZUL S.A. T.A. - UTE.","LINEA_100_SFE","NO","COLECTIVO","PROVINCIAL","SANTA FE","SN",3969,"SI"
2026-09-10,"U.T.E EMPRESA DE TRANSPORTE DE PASAJEROS LA MARINA SA- LA POSITIVA SA","LINEA_100_SJUAN","NO","COLECTIVO","PROVINCIAL","SAN JUAN","SN",3088,"SI"
2026-09-10,"COOPERATIVA DE TRABAJO DE TRANSPORTE SAN FERNANDO LTDA","LINEA_101","NO","COLECTIVO","PROVINCIAL","CATAMARCA","SN",1353,"SI"
2026-09-10,"ERSA URBANO S.A UNION TRANSITORIA","LINEA_101","NO","COLECTIVO","PROVINCIAL","CHACO","SN",1921,"SI"
2026-09-10,"MIRAMAR ESTRELLA U.T.","LINEA_101_CORR","NO","COLECTIVO","MUNICIPAL","CORRIENTES","CORRIENTES",5815,"SI"
2026-09-10,"ROSARIO BUS  S.A","LINEA_101_NEGRA","NO","COLECTIVO","MUNICIPAL","SANTA FE","ROSARIO",10435,"SI"
2026-09-10,"AMERICA TRANSPORTE AUTOMOTOR S.R.L. - AZUL S.A. T.A. - UTE.","LINEA_101_SFE","NO","COLECTIVO","PROVINCIAL","SANTA FE","SN",930,"SI"
2026-09-10,"U.T.E EMPRESA DE TRANSPORTE DE PASAJEROS LA MARINA SA- LA POSITIVA SA","LINEA_101_SJUAN","NO","COLECTIVO","PROVINCIAL","SAN JUAN","SN",3936,"SI"
2026-09-10,"COOPERATIVA DE TRABAJO DE TRANSPORTE SAN FERNANDO LTDA","LINEA_102","NO","COLECTIVO","PROVINCIAL","CATAMARCA","SN",2670,"SI"
2026-09-10,"ERSA URBANO SA","LINEA_102_CORR","NO","COLECTIVO","MUNICIPAL","CORRIENTES","CORRIENTES",10456,"SI"
2026-09-10,"MOVI ROSARIO S.A.U","LINEA_102_ROJA","NO","COLECTIVO","MUNICIPAL","SANTA FE","ROSARIO",4496,"SI"
2026-09-10,"AMERICA TRANSPORTE AUTOMOTOR S.R.L. - AZUL S.A. T.A. - UTE.","LINEA_102_SFE","NO","COLECTIVO","PROVINCIAL","SANTA FE","SN",22,"SI"
2026-09-10,"U.T.E EMPRESA DE TRANSPORTE DE PASAJEROS LA MARINA SA- LA POSITIVA SA","LINEA_102_SJUAN","NO","COLECTIVO","PROVINCIAL","SAN JUAN","SN",2554,"SI"
2026-09-10,"ROSARIO BUS  S.A","LINEA_102NEGRA_144NEGRA","NO","COLECTIVO","MUNICIPAL","SANTA FE","ROSARIO",9580,"SI"
2026-09-10,"ROSARIO BUS  S.A","LINEA_103","NO","COLECTIVO","MUNICIPAL","SANTA FE","ROSARIO",23000,"SI"
2026-09-10,"LINEAS G.M. SRL","LINEA_103_CAT","NO","COLECTIVO","PROVINCIAL","CATAMARCA","SN",2767,"SI"
2026-09-10,"ERSA URBANO SA","LINEA_103_CORR","NO","COLECTIVO","MUNICIPAL","CORRIENTES","CORRIENTES",11245,"SI"
2026-09-10,"U.T.E EMPRESA DE TRANSPORTE DE PASAJEROS LA MARINA SA- LA POSITIVA SA","LINEA_103_SJUAN","NO","COLECTIVO","PROVINCIAL","SAN JUAN","SN",1365,"SI"
2026-09-10,"EL NENE SRL","LINEA_104_CAT","NO","COLECTIVO","PROVINCIAL","CATAMARCA","SN",5351,"SI"
2026-09-10,"ATACO NORTE S.A.C.I-NAVARRO HNOS S.R.L-U.T.E","LINEA_104_CHA","NO","COLECTIVO","PROVINCIAL","CHACO","SN",3243,"SI"
2026-09-10,"TRANSPORTE SAN LORENZO S.A UNION TRANSITORIA","LINEA_104_CORR","NO","COLECTIVO","MUNICIPAL","CORRIENTES","CORRIENTES",10453,"SI"
2026-09-10,"U.T.E EMPRESA DE TRANSPORTE DE PASAJEROS LA MARINA SA- LA POSITIVA SA","LINEA_104_SJUAN","NO","COLECTIVO","PROVINCIAL","SAN JUAN","SN",2459,"SI"
2026-09-10,"LINEAS G.M. SRL","LINEA_105_CAT","NO","COLECTIVO","PROVINCIAL","CATAMARCA","SN",3042,"SI"
2026-09-10,"ERSA URBANO SA","LINEA_105_CORR","NO","COLECTIVO","MUNICIPAL","CORRIENTES","CORRIENTES",11945,"SI"
2026-09-10,"MOVI ROSARIO S.A.U","LINEA_106","NO","COLECTIVO","MUNICIPAL","SANTA FE","ROSARIO",5201,"SI"
2026-09-10,"ERSA URBANO S.A UNION TRANSITORIA","LINEA_106","NO","COLECTIVO","PROVINCIAL","CHACO","SN",3856,"SI"
2026-09-10,"LA RUBI SRL","LINEA_106_CAT","NO","COLECTIVO","PROVINCIAL","CATAMARCA","SN",4256,"SI"
2026-09-10,"ERSA URBANO SA","LINEA_106_CORR","NO","COLECTIVO","MUNICIPAL","CORRIENTES","CORRIENTES",9018,"SI"
2026-09-10,"ROSARIO BUS  S.A","LINEA_107","NO","COLECTIVO","MUNICIPAL","SANTA FE","ROSARIO",19658,"SI"
2026-09-10,"ERSA URBANO S.A UNION TRANSITORIA","LINEA_107","NO","COLECTIVO","PROVINCIAL","CHACO","SN",3237,"SI"
2026-09-10,"25 DE AGOSTO SRL","LINEA_108_CAT","NO","COLECTIVO","PROVINCIAL","CATAMARCA","SN",10471,"SI"
2026-09-10,"TRANSPORTE SAN LORENZO S.A UNION TRANSITORIA","LINEA_108_CORR","NO","COLECTIVO","MUNICIPAL","CORRIENTES","CORRIENTES",7370,"SI"
2026-09-10,"COOPERATIVA DE TRABAJO DE TRANSPORTE SAN FERNANDO LTDA","LINEA_109","NO","COLECTIVO","PROVINCIAL","CATAMARCA","SN",3819,"SI"
2026-09-10,"ERSA URBANO SA","LINEA_109_CORR","NO","COLECTIVO","MUNICIPAL","CORRIENTES","CORRIENTES",3022,"SI"
2026-09-10,"EMPRESA KOKO S.R.L","LINEA_10_NQN","NO","COLECTIVO","MUNICIPAL","NEUQUÉN","NEUQUEN",901,"SI"
2026-09-10,"COOPERATIVA DE TRABAJO PALBUS 2000 LIMITADA","LINEA_10A_JUJUY","NO","COLECTIVO","PROVINCIAL","JUJUY","SN",8370,"SI"
2026-09-10,"ROSARIO BUS  S.A","LINEA_110","NO","COLECTIVO","MUNICIPAL","SANTA FE","ROSARIO",18272,"SI"
2026-09-10,"ATACO NORTE S.A.C.I-NAVARRO HNOS S.R.L-U.T.E","LINEA_110_CHA","NO","COLECTIVO","PROVINCIAL","CHACO","SN",7032,"SI"
2026-09-10,"MIRAMAR ESTRELLA U.T.","LINEA_110_CORR","NO","COLECTIVO","MUNICIPAL","CORRIENTES","CORRIENTES",10618,"SI"
2026-09-10,"TRANSPUNTANO SAPEM","LINEA_110_SL","NO","COLECTIVO","MUNICIPAL","SAN LUIS","SAN LUIS",1781,"SI"
2026-09-10,"TIRO FEDERAL RESISTENCIA SRL- LA CORDIAL SRL- MICROBUS SRL. U.T.E","LINEA_111","NO","COLECTIVO","PROVINCIAL","CHACO","SN",3363,"SI"
2026-09-10,"MOVI ROSARIO S.A.U","LINEA_112","NO","COLECTIVO","MUNICIPAL","SANTA FE","ROSARIO",7901,"SI"
2026-09-10,"MOVI ROSARIO S.A.U","LINEA_113","NO","COLECTIVO","MUNICIPAL","SANTA FE","ROSARIO",4976,"SI"
2026-09-10,"MOVI ROSARIO S.A.U","LINEA_115","NO","COLECTIVO","MUNICIPAL","SANTA FE","ROSARIO",6599,"SI"
2026-09-10,"MOVI ROSARIO S.A.U","LINEA_115_AEROPUERTO","NO","COLECTIVO","MUNICIPAL","SANTA FE","ROSARIO",5110,"SI"
2026-09-10,"MOVI ROSARIO S.A.U","LINEA_116","NO","COLECTIVO","MUNICIPAL","SANTA FE","ROSARIO",3287,"SI"
2026-09-10,"EXPRESO TIGRE-IGUAZU SA","LINEA_11_NQN","NO","COLECTIVO","MUNICIPAL","NEUQUÉN","NEUQUEN",2026,"SI"
2026-09-10,"EMPR.TRANSP AUTOMOTOR DE PASAJEROS GRAL SAVIO SRL","LINEA_11K_PAL","NO","COLECTIVO","MUNICIPAL","JUJUY","PALPALA",325,"SI"
2026-09-10,"MOVI ROSARIO S.A.U","LINEA_120","NO","COLECTIVO","MUNICIPAL","SANTA FE","ROSARIO",3500,"SI"
2026-09-10,"U.T.E EMPRESA DE TRANSPORTE DE PASAJEROS LA MARINA SA- LA POSITIVA SA","LINEA_120_SJUAN","NO","COLECTIVO","PROVINCIAL","SAN JUAN","SN",3254,"SI"
2026-09-10,"MOVI ROSARIO S.A.U","LINEA_121","NO","COLECTIVO","MUNICIPAL","SANTA FE","ROSARIO",3867,"SI"
2026-09-10,"U.T.E EMPRESA DE TRANSPORTE DE PASAJEROS LA MARINA SA- LA POSITIVA SA","LINEA_121_SJUAN","NO","COLECTIVO","PROVINCIAL","SAN JUAN","SN",4614,"SI"
2026-09-10,"ROSARIO BUS  S.A","LINEA_122","NO","COLECTIVO","MUNICIPAL","SANTA FE","ROSARIO",22005,"SI"
2026-09-10,"U.T.E EMPRESA DE TRANSPORTE DE PASAJEROS LA MARINA SA- LA POSITIVA SA","LINEA_122_SJUAN","NO","COLECTIVO","PROVINCIAL","SAN JUAN","SN",1884,"SI"
2026-09-10,"MOVI ROSARIO S.A.U","LINEA_123","NO","COLECTIVO","MUNICIPAL","SANTA FE","ROSARIO",4785,"SI"
2026-09-10,"U.T.E EMPRESA DE TRANSPORTE DE PASAJEROS LA MARINA SA- LA POSITIVA SA","LINEA_123_SJUAN","NO","COLECTIVO","PROVINCIAL","SAN JUAN","SN",5079,"SI"
2026-09-10,"U.T.E EMPRESA DE TRANSPORTE DE PASAJEROS LA MARINA SA- LA POSITIVA SA","LINEA_124_SJUAN","NO","COLECTIVO","PROVINCIAL","SAN JUAN","SN",2128,"SI"
2026-09-10,"U.T.E EMPRESA DE TRANSPORTE DE PASAJEROS LA MARINA SA- LA POSITIVA SA","LINEA_125_SJUAN","NO","COLECTIVO","PROVINCIAL","SAN JUAN","SN",2532,"SI"
2026-09-10,"ROSARIO BUS  S.A","LINEA_126","NO","COLECTIVO","MUNICIPAL","SANTA FE","ROSARIO",2709,"SI"
2026-09-10,"U.T.E EMPRESA DE TRANSPORTE DE PASAJEROS LA MARINA SA- LA POSITIVA SA","LINEA_126_SJUAN","NO","COLECTIVO","PROVINCIAL","SAN JUAN","SN",4010,"SI"
2026-09-10,"MOVI ROSARIO S.A.U","LINEA_127","NO","COLECTIVO","MUNICIPAL","SANTA FE","ROSARIO",6006,"SI"
2026-09-10,"U.T.E EMPRESA DE TRANSPORTE DE PASAJEROS LA MARINA SA- LA POSITIVA SA","LINEA_127_SJUAN","NO","COLECTIVO","PROVINCIAL","SAN JUAN","SN",251,"SI"
2026-09-10,"ROSARIO BUS  S.A","LINEA_128","NO","COLECTIVO","MUNICIPAL","SANTA FE","ROSARIO",8115,"SI"
2026-09-10,"U.T.E EMPRESA DE TRANSPORTE DE PASAJEROS LA MARINA SA- LA POSITIVA SA","LINEA_128_SJUAN","NO","COLECTIVO","PROVINCIAL","SAN JUAN","SN",1086,"SI"
2026-09-10,"MOVI ROSARIO S.A.U","LINEA_129","NO","COLECTIVO","MUNICIPAL","SANTA FE","ROSARIO",4638,"SI"
2026-09-10,"U.T.E EMPRESA DE TRANSPORTE DE PASAJEROS LA MARINA SA- LA POSITIVA SA","LINEA_129_SJUAN","NO","COLECTIVO","PROVINCIAL","SAN JUAN","SN",3157,"SI"
2026-09-10,"EMPRESA KOKO S.R.L","LINEA_12_NQN","NO","COLECTIVO","MUNICIPAL","NEUQUÉN","NEUQUEN",2067,"SI"
2026-09-10,"EMPR.TRANSP AUTOMOTOR DE PASAJEROS GRAL SAVIO SRL","LINEA_12L_PAL","NO","COLECTIVO","MUNICIPAL","JUJUY","PALPALA",1355,"SI"
2026-09-10,"EMPRESA DE TRANSPORTE AMANCAY SRL","LINEA_13-22_BRC","NO","COLECTIVO","MUNICIPAL","RÍO NEGRO","SAN CARLOS DE BARILOCHE",79,"SI"
2026-09-10,"ROSARIO BUS  S.A","LINEA_130","NO","COLECTIVO","MUNICIPAL","SANTA FE","ROSARIO",5986,"SI"
2026-09-10,"U.T.E EMPRESA DE TRANSPORTE DE PASAJEROS LA MARINA SA- LA POSITIVA SA","LINEA_130_SJUAN","NO","COLECTIVO","PROVINCIAL","SAN JUAN","SN",1597,"SI"
2026-09-10,"MOVI ROSARIO S.A.U","LINEA_131","NO","COLECTIVO","MUNICIPAL","SANTA FE","ROSARIO",2616,"SI"
2026-09-10,"MOVI ROSARIO S.A.U","LINEA_132","NO","COLECTIVO","MUNICIPAL","SANTA FE","ROSARIO",4508,"SI"
2026-09-10,"ROSARIO BUS  S.A","LINEA_133NEGRA_125","NO","COLECTIVO","MUNICIPAL","SANTA FE","ROSARIO",5533,"SI"
2026-09-10,"ROSARIO BUS  S.A","LINEA_133VERDE_125","NO","COLECTIVO","MUNICIPAL","SANTA FE","ROSARIO",4180,"SI"
2026-09-10,"MOVI ROSARIO S.A.U","LINEA_134","NO","COLECTIVO","MUNICIPAL","SANTA FE","ROSARIO",2080,"SI"
2026-09-10,"MOVI ROSARIO S.A.U","LINEA_135","NO","COLECTIVO","MUNICIPAL","SANTA FE","ROSARIO",3159,"SI"
2026-09-10,"ROSARIO BUS  S.A","LINEA_138_139","NO","COLECTIVO","MUNICIPAL","SANTA FE","ROSARIO",7918,"SI"
2026-09-10,"EMPRESA KOKO S.R.L","LINEA_13_NQN","NO","COLECTIVO","MUNICIPAL","NEUQUÉN","NEUQUEN",1596,"SI"
2026-09-10,"ROSARIO BUS  S.A","LINEA_140","NO","COLECTIVO","MUNICIPAL","SANTA FE","ROSARIO",9326,"SI"
2026-09-10,"MOVI ROSARIO S.A.U","LINEA_141","NO","COLECTIVO","MUNICIPAL","SANTA FE","ROSARIO",7882,"SI"
2026-09-10,"TRANSPORTE LIBERTADOR SRL","LINEA_141_SJUAN","NO","COLECTIVO","PROVINCIAL","SAN JUAN","SN",180,"SI"
2026-09-10,"ROSARIO BUS  S.A","LINEA_142","NO","COLECTIVO","MUNICIPAL","SANTA FE","ROSARIO",24071,"SI"
2026-09-10,"TRANSPORTE LIBERTADOR SRL","LINEA_142_SJUAN","NO","COLECTIVO","PROVINCIAL","SAN JUAN","SN",1142,"SI"
2026-09-10,"ROSARIO BUS  S.A","LINEA_143NEGRA_136_137","NO","COLECTIVO","MUNICIPAL","SANTA FE","ROSARIO",7813,"SI"
2026-09-10,"ROSARIO BUS  S.A","LINEA_143ROJA_136_137","NO","COLECTIVO","MUNICIPAL","SANTA FE","ROSARIO",5464,"SI"
2026-09-10,"ROSARIO BUS  S.A","LINEA_145CABIN_9_133","NO","COLECTIVO","MUNICIPAL","SANTA FE","ROSARIO",13239,"SI"
2026-09-10,"ROSARIO BUS  S.A","LINEA_145SOLDINI_133","NO","COLECTIVO","MUNICIPAL","SANTA FE","ROSARIO",4613,"SI"
2026-09-10,"ROSARIO BUS  S.A","LINEA_146","NO","COLECTIVO","MUNICIPAL","SANTA FE","ROSARIO",9227,"SI"
2026-09-10,"EMPRESA KOKO S.R.L","LINEA_14_NQN","NO","COLECTIVO","MUNICIPAL","NEUQUÉN","NEUQUEN",1706,"SI"
2026-09-10,"TRANSPORTE SAN JOSE S.A.","LINEA_15","NO","COLECTIVO","PROVINCIAL","JUJUY","SN",1630,"SI"
2026-09-10,"MOVI ROSARIO S.A.U","LINEA_153","NO","COLECTIVO","MUNICIPAL","SANTA FE","ROSARIO",9959,"SI"
2026-09-10,"EMPRESA KOKO S.R.L","LINEA_15_NQN","NO","COLECTIVO","MUNICIPAL","NEUQUÉN","NEUQUEN",1050,"SI"
2026-09-10,"TRANSPORTE LIBERTADOR SRL","LINEA_160_SJUAN","NO","COLECTIVO","PROVINCIAL","SAN JUAN","SN",542,"SI"
2026-09-10,"TRANSPORTE LIBERTADOR SRL","LINEA_161_SJUAN","NO","COLECTIVO","PROVINCIAL","SAN JUAN","SN",102,"SI"
2026-09-10,"TRANSPORTE LIBERTADOR SRL","LINEA_162_SJUAN","NO","COLECTIVO","PROVINCIAL","SAN JUAN","SN",144,"SI"
2026-09-10,"GENERAL TOMAS GUIDO S.A.C.I.F.","LINEA_164_AMBA","SI","COLECTIVO","NACIONAL","JN","SD",25057,"SI"
2026-09-10,"EXPRESO TIGRE-IGUAZU SA","LINEA_16_NQN","NO","COLECTIVO","MUNICIPAL","NEUQUÉN","NEUQUEN",1590,"SI"
2026-09-10,"EXPRESO TIGRE-IGUAZU SA","LINEA_17_NQN","NO","COLECTIVO","MUNICIPAL","NEUQUÉN","NEUQUEN",1868,"SI"
2026-09-10,"EXPRESO TIGRE-IGUAZU SA","LINEA_18_NQN","NO","COLECTIVO","MUNICIPAL","NEUQUÉN","NEUQUEN",1123,"SI"
2026-09-10,"EMPRESA KOKO S.R.L","LINEA_19_NQN","NO","COLECTIVO","MUNICIPAL","NEUQUÉN","NEUQUEN",941,"SI"
2026-09-10,"EMPRESA KOKO S.R.L","LINEA_1_NQN","NO","COLECTIVO","MUNICIPAL","NEUQUÉN","NEUQUEN",2012,"SI"
2026-09-10,"COOPERATIVA DE TRABAJO PALBUS 2000 LIMITADA","LINEA_1A_PAL","NO","COLECTIVO","MUNICIPAL","JUJUY","PALPALA",1044,"SI"
2026-09-10,"AUTOTRANSPORTE CEFERINO S.R.L","LINEA_2","NO","COLECTIVO","MUNICIPAL","CHUBUT","RAWSON",1468,"SI"
2026-09-10,"EMPRESA MAYO SRL","LINEA_200_SJUAN","NO","COLECTIVO","PROVINCIAL","SAN JUAN","SN",589,"SI"
2026-09-10,"25 DE AGOSTO SRL","LINEA_201_CAT","NO","COLECTIVO","PROVINCIAL","CATAMARCA","SN",3929,"SI"
2026-09-10,"EMPRESA MAYO SRL","LINEA_201_SJUAN","NO","COLECTIVO","PROVINCIAL","SAN JUAN","SN",1973,"SI"
2026-09-10,"LINEAS G.M. SRL","LINEA_202_CAT","NO","COLECTIVO","PROVINCIAL","CATAMARCA","SN",1365,"SI"
2026-09-10,"EMPRESA MAYO SRL","LINEA_202_SJUAN","NO","COLECTIVO","PROVINCIAL","SAN JUAN","SN",494,"SI"
2026-09-10,"25 DE AGOSTO SRL","LINEA_203_CAT","NO","COLECTIVO","PROVINCIAL","CATAMARCA","SN",1476,"SI"
2026-09-10,"EMPRESA MAYO SRL","LINEA_203_SJUAN","NO","COLECTIVO","PROVINCIAL","SAN JUAN","SN",2666,"SI"
2026-09-10,"ERSA URBANO S.A UNION TRANSITORIA","LINEA_204","NO","COLECTIVO","PROVINCIAL","CHACO","SN",2259,"SI"
2026-09-10,"LINEAS G.M. SRL","LINEA_204_CAT","NO","COLECTIVO","PROVINCIAL","CATAMARCA","SN",3112,"SI"
2026-09-10,"EMPRESA MAYO SRL","LINEA_204_SJUAN","NO","COLECTIVO","PROVINCIAL","SAN JUAN","SN",5333,"SI"
2026-09-10,"EMPRESA MAYO SRL","LINEA_205_SJUAN","NO","COLECTIVO","PROVINCIAL","SAN JUAN","SN",3702,"SI"
2026-09-10,"TIRO FEDERAL RESISTENCIA SRL- LA CORDIAL SRL- MICROBUS SRL. U.T.E","LINEA_206","NO","COLECTIVO","PROVINCIAL","CHACO","SN",361,"SI"
2026-09-10,"EMPRESA MAYO SRL","LINEA_206_SJUAN","NO","COLECTIVO","PROVINCIAL","SAN JUAN","SN",2463,"SI"
2026-09-10,"LINEAS G.M. SRL","LINEA_207_CAT","NO","COLECTIVO","PROVINCIAL","CATAMARCA","SN",854,"SI"
2026-09-10,"EMPRESA MAYO SRL","LINEA_207_SJUAN","NO","COLECTIVO","PROVINCIAL","SAN JUAN","SN",956,"SI"
2026-09-10,"EMPRESA MAYO SRL","LINEA_208_SJUAN","NO","COLECTIVO","PROVINCIAL","SAN JUAN","SN",2459,"SI"
2026-09-10,"EMPRESA MAYO SRL","LINEA_209_SJUAN","NO","COLECTIVO","PROVINCIAL","SAN JUAN","SN",2249,"SI"
2026-09-10,"EMPRESA KOKO S.R.L","LINEA_20_NQN","NO","COLECTIVO","MUNICIPAL","NEUQUÉN","NEUQUEN",313,"SI"
2026-09-10,"EMPRESA MAYO SRL","LINEA_210_SJUAN","NO","COLECTIVO","PROVINCIAL","SAN JUAN","SN",8205,"SI"
2026-09-10,"EMPRESA MAYO SRL","LINEA_211_SJUAN","NO","COLECTIVO","PROVINCIAL","SAN JUAN","SN",4923,"SI"
2026-09-10,"EMPRESA MAYO SRL","LINEA_212_SJUAN","NO","COLECTIVO","PROVINCIAL","SAN JUAN","SN",1979,"SI"
2026-09-10,"EMPRESA MAYO SRL","LINEA_213_SJUAN","NO","COLECTIVO","PROVINCIAL","SAN JUAN","SN",2807,"SI"
2026-09-10,"EMPRESA MAYO SRL","LINEA_214_SJUAN","NO","COLECTIVO","PROVINCIAL","SAN JUAN","SN",1634,"SI"
2026-09-10,"EMPRESA KOKO S.R.L","LINEA_21_NQN","NO","COLECTIVO","MUNICIPAL","NEUQUÉN","NEUQUEN",1321,"SI"
2026-09-10,"EXPRESO TIGRE-IGUAZU SA","LINEA_22_NQN","NO","COLECTIVO","MUNICIPAL","NEUQUÉN","NEUQUEN",779,"SI"
2026-09-10,"EXPRESO TIGRE-IGUAZU SA","LINEA_23_NQN","NO","COLECTIVO","MUNICIPAL","NEUQUÉN","NEUQUEN",1927,"SI"
2026-09-10,"EMPRESA MAYO SRL","LINEA_240_SJUAN","NO","COLECTIVO","PROVINCIAL","SAN JUAN","SN",580,"SI"
2026-09-10,"EMPRESA MAYO SRL","LINEA_241_SJUAN","NO","COLECTIVO","PROVINCIAL","SAN JUAN","SN",2933,"SI"
2026-09-10,"EMPRESA MAYO SRL","LINEA_242_SJUAN","NO","COLECTIVO","PROVINCIAL","SAN JUAN","SN",7578,"SI"
2026-09-10,"EMPRESA MAYO SRL","LINEA_243_SJUAN","NO","COLECTIVO","PROVINCIAL","SAN JUAN","SN",6983,"SI"
2026-09-10,"EMPRESA MAYO SRL","LINEA_244_SJUAN","NO","COLECTIVO","PROVINCIAL","SAN JUAN","SN",2889,"SI"
2026-09-10,"EMPRESA MAYO SRL","LINEA_245_SJUAN","NO","COLECTIVO","PROVINCIAL","SAN JUAN","SN",469,"SI"
2026-09-10,"EMPRESA MAYO SRL","LINEA_246_SJUAN","NO","COLECTIVO","PROVINCIAL","SAN JUAN","SN",364,"SI"
2026-09-10,"EMPRESA MAYO SRL","LINEA_247_SJUAN","NO","COLECTIVO","PROVINCIAL","SAN JUAN","SN",281,"SI"
2026-09-10,"EMPRESA MAYO SRL","LINEA_248_SJUAN","NO","COLECTIVO","PROVINCIAL","SAN JUAN","SN",1272,"SI"
2026-09-10,"EMPRESA KOKO S.R.L","LINEA_24_NQN","NO","COLECTIVO","MUNICIPAL","NEUQUÉN","NEUQUEN",819,"SI"
2026-09-10,"EMPRESA KOKO S.R.L","LINEA_25_NQN","NO","COLECTIVO","MUNICIPAL","NEUQUÉN","NEUQUEN",1491,"SI"
2026-09-10,"NUEVO SUR S.R.L.","LINEA_261_SJUAN","NO","COLECTIVO","PROVINCIAL","SAN JUAN","SN",32,"SI"
2026-09-10,"NUEVO SUR S.R.L.","LINEA_262_SJUAN","NO","COLECTIVO","PROVINCIAL","SAN JUAN","SN",3880,"SI"
2026-09-10,"NUEVO SUR S.R.L.","LINEA_263_SJUAN","NO","COLECTIVO","PROVINCIAL","SAN JUAN","SN",303,"SI"
2026-09-10,"NUEVO SUR S.R.L.","LINEA_264_SJUAN","NO","COLECTIVO","PROVINCIAL","SAN JUAN","SN",77,"SI"
2026-09-10,"NUEVO SUR S.R.L.","LINEA_265_SJUAN","NO","COLECTIVO","PROVINCIAL","SAN JUAN","SN",220,"SI"
2026-09-10,"NUEVO SUR S.R.L.","LINEA_266_SJUAN","NO","COLECTIVO","PROVINCIAL","SAN JUAN","SN",237,"SI"
2026-09-10,"EMPRESA KOKO S.R.L","LINEA_26_NQN","NO","COLECTIVO","MUNICIPAL","NEUQUÉN","NEUQUEN",372,"SI"
2026-09-10,"EMPRESA KOKO S.R.L","LINEA_27_NQN","NO","COLECTIVO","MUNICIPAL","NEUQUÉN","NEUQUEN",448,"SI"
2026-09-10,"EMPRESA KOKO S.R.L","LINEA_28_NQN","NO","COLECTIVO","MUNICIPAL","NEUQUÉN","NEUQUEN",1201,"SI"
2026-09-10,"EXPRESO TIGRE-IGUAZU SA","LINEA_29_NQN","NO","COLECTIVO","MUNICIPAL","NEUQUÉN","NEUQUEN",705,"SI"
2026-09-10,"EMPRESA KOKO S.R.L","LINEA_2_NQN","NO","COLECTIVO","MUNICIPAL","NEUQUÉN","NEUQUEN",2028,"SI"
2026-09-10,"AUTOTRANSPORTE CEFERINO S.R.L","LINEA_3","NO","COLECTIVO","MUNICIPAL","CHUBUT","RAWSON",736,"SI"
2026-09-10,"TRANSPORTE DE PASAJEROS ALTO DE SIERRA S.R.L.","LINEA_300_SJUAN","NO","COLECTIVO","PROVINCIAL","SAN JUAN","SN",1312,"SI"
2026-09-10,"TRANSPORTE DE PASAJEROS ALTO DE SIERRA S.R.L.","LINEA_301_SJUAN","NO","COLECTIVO","PROVINCIAL","SAN JUAN","SN",4431,"SI"
2026-09-10,"TRANSPORTE DE PASAJEROS ALTO DE SIERRA S.R.L.","LINEA_302_SJUAN","NO","COLECTIVO","PROVINCIAL","SAN JUAN","SN",344,"SI"
2026-09-10,"TRANSPORTE DE PASAJEROS ALTO DE SIERRA S.R.L.","LINEA_303_SJUAN","NO","COLECTIVO","PROVINCIAL","SAN JUAN","SN",2881,"SI"
2026-09-10,"TRANSPORTE DE PASAJEROS ALTO DE SIERRA S.R.L.","LINEA_304_SJUAN","NO","COLECTIVO","PROVINCIAL","SAN JUAN","SN",2347,"SI"
2026-09-10,"TRANSPORTE DE PASAJEROS ALTO DE SIERRA S.R.L.","LINEA_305_SJUAN","NO","COLECTIVO","PROVINCIAL","SAN JUAN","SN",3687,"SI"
2026-09-10,"EMPRESA KOKO S.R.L","LINEA_30_NQN","NO","COLECTIVO","MUNICIPAL","NEUQUÉN","NEUQUEN",2786,"SI"
2026-09-10,"EMPRESA KOKO S.R.L","LINEA_31_NQN","NO","COLECTIVO","MUNICIPAL","NEUQUÉN","NEUQUEN",442,"SI"
2026-09-10,"TRANSPORTE DE PASAJEROS EL TRIUNFO SA","LINEA_320_SJUAN","NO","COLECTIVO","PROVINCIAL","SAN JUAN","SN",3070,"SI"
2026-09-10,"TRANSPORTE DE PASAJEROS EL TRIUNFO SA","LINEA_321_SJUAN","NO","COLECTIVO","PROVINCIAL","SAN JUAN","SN",571,"SI"
2026-09-10,"TRANSPORTE DE PASAJEROS EL TRIUNFO SA","LINEA_322_SJUAN","NO","COLECTIVO","PROVINCIAL","SAN JUAN","SN",904,"SI"
2026-09-10,"TRANSPORTE DE PASAJEROS EL TRIUNFO SA","LINEA_323_SJUAN","NO","COLECTIVO","PROVINCIAL","SAN JUAN","SN",729,"SI"
2026-09-10,"EXPRESO TIGRE-IGUAZU SA","LINEA_32E_NQN","NO","COLECTIVO","MUNICIPAL","NEUQUÉN","NEUQUEN",409,"SI"
2026-09-10,"TRANSPORTE DE PASAJEROS EL TRIUNFO SA","LINEA_340_SJUAN","NO","COLECTIVO","PROVINCIAL","SAN JUAN","SN",1532,"SI"
2026-09-10,"TRANSPORTE DE PASAJEROS EL TRIUNFO SA","LINEA_341_SJUAN","NO","COLECTIVO","PROVINCIAL","SAN JUAN","SN",4174,"SI"
2026-09-10,"TRANSPORTE DE PASAJEROS EL TRIUNFO SA","LINEA_342_SJUAN","NO","COLECTIVO","PROVINCIAL","SAN JUAN","SN",165,"SI"
2026-09-10,"TRANSPORTE DE PASAJEROS EL TRIUNFO SA","LINEA_343_SJUAN","NO","COLECTIVO","PROVINCIAL","SAN JUAN","SN",317,"SI"
2026-09-10,"TRANSPORTE DE PASAJEROS EL TRIUNFO SA","LINEA_344_SJUAN","NO","COLECTIVO","PROVINCIAL","SAN JUAN","SN",496,"SI"
2026-09-10,"TRANSPORTE DE PASAJEROS EL TRIUNFO SA","LINEA_345_SJUAN","NO","COLECTIVO","PROVINCIAL","SAN JUAN","SN",3142,"SI"
2026-09-10,"TRANSPORTE DE PASAJEROS EL TRIUNFO SA","LINEA_346_SJUAN","NO","COLECTIVO","PROVINCIAL","SAN JUAN","SN",193,"SI"
2026-09-10,"TRANSPORTE DE PASAJEROS EL TRIUNFO SA","LINEA_360_SJUAN","NO","COLECTIVO","PROVINCIAL","SAN JUAN","SN",139,"SI"
2026-09-10,"TRANSPORTE DE PASAJEROS EL TRIUNFO SA","LINEA_361_SJUAN","NO","COLECTIVO","PROVINCIAL","SAN JUAN","SN",463,"SI"
2026-09-10,"TRANSPORTE DE PASAJEROS EL TRIUNFO SA","LINEA_362_SJUAN","NO","COLECTIVO","PROVINCIAL","SAN JUAN","SN",308,"SI"
2026-09-10,"TRANSPORTE DE PASAJEROS EL TRIUNFO SA","LINEA_363_SJUAN","NO","COLECTIVO","PROVINCIAL","SAN JUAN","SN",4429,"SI"
2026-09-10,"TRANSPORTE DE PASAJEROS EL TRIUNFO SA","LINEA_364_SJUAN","NO","COLECTIVO","PROVINCIAL","SAN JUAN","SN",4835,"SI"
2026-09-10,"EXPRESO TIGRE-IGUAZU SA","LINEA_3_NQN","NO","COLECTIVO","MUNICIPAL","NEUQUÉN","NEUQUEN",481,"SI"
2026-09-10,"COOPERATIVA DE TRABAJO PALBUS 2000 LIMITADA","LINEA_3C_PAL","NO","COLECTIVO","MUNICIPAL","JUJUY","PALPALA",2517,"SI"
2026-09-10,"EMPRESA DE TRANSPORTES ALBARDON SRL","LINEA_400_SJUAN","NO","COLECTIVO","PROVINCIAL","SAN JUAN","SN",2548,"SI"
2026-09-10,"EMPRESA DE TRANSPORTES ALBARDON SRL","LINEA_401_SJUAN","NO","COLECTIVO","PROVINCIAL","SAN JUAN","SN",2909,"SI"
2026-09-10,"EMPRESA DE TRANSPORTES ALBARDON SRL","LINEA_402_SJUAN","NO","COLECTIVO","PROVINCIAL","SAN JUAN","SN",3559,"SI"
2026-09-10,"EMPRESA DE TRANSPORTES ALBARDON SRL","LINEA_403_SJUAN","NO","COLECTIVO","PROVINCIAL","SAN JUAN","SN",3620,"SI"
2026-09-10,"EMPRESA DE TRANSPORTES ALBARDON SRL","LINEA_404_SJUAN","NO","COLECTIVO","PROVINCIAL","SAN JUAN","SN",5703,"SI"
2026-09-10,"EMPRESA DE TRANSPORTES ALBARDON SRL","LINEA_405_SJUAN","NO","COLECTIVO","PROVINCIAL","SAN JUAN","SN",3510,"SI"
2026-09-10,"EMPRESA DE TRANSPORTES ALBARDON SRL","LINEA_406_SJUAN","NO","COLECTIVO","PROVINCIAL","SAN JUAN","SN",5505,"SI"
2026-09-10,"EMPRESA DE TRANSPORTES ALBARDON SRL","LINEA_407_SJUAN","NO","COLECTIVO","PROVINCIAL","SAN JUAN","SN",5969,"SI"
2026-09-10,"EMPRESA DE TRANSPORTES ALBARDON SRL","LINEA_408_SJUAN","NO","COLECTIVO","PROVINCIAL","SAN JUAN","SN",2118,"SI"
2026-09-10,"EMPRESA DE TRANSPORTES ALBARDON SRL","LINEA_420_SJUAN","NO","COLECTIVO","PROVINCIAL","SAN JUAN","SN",10492,"SI"
2026-09-10,"EMPRESA DE TRANSPORTES ALBARDON SRL","LINEA_421_SJUAN","NO","COLECTIVO","PROVINCIAL","SAN JUAN","SN",377,"SI"
2026-09-10,"EMPRESA DE TRANSPORTES ALBARDON SRL","LINEA_422_SJUAN","NO","COLECTIVO","PROVINCIAL","SAN JUAN","SN",385,"SI"
2026-09-10,"EMPRESA DE TRANSPORTES ALBARDON SRL","LINEA_423_SJUAN","NO","COLECTIVO","PROVINCIAL","SAN JUAN","SN",920,"SI"
2026-09-10,"EMPRESA DE TRANSPORTES ALBARDON SRL","LINEA_440_SJUAN","NO","COLECTIVO","PROVINCIAL","SAN JUAN","SN",1903,"SI"
2026-09-10,"EMPRESA DE TRANSPORTES ALBARDON SRL","LINEA_441_SJUAN","NO","COLECTIVO","PROVINCIAL","SAN JUAN","SN",2108,"SI"
2026-09-10,"EMPRESA DE TRANSPORTES ALBARDON SRL","LINEA_442_SJUAN","NO","COLECTIVO","PROVINCIAL","SAN JUAN","SN",220,"SI"
2026-09-10,"FRANCISCO BUIATTI E HIJOS S.A","LINEA_450_LANCHAS","NO","LANCHAS","PROVINCIAL","BUENOS AIRES","SN",315,"SI"
2026-09-10,"INTERISLEÑA S A C E I","LINEA_451_LANCHAS","NO","LANCHAS","PROVINCIAL","BUENOS AIRES","SN",10,"SI"
2026-09-10,"INTERISLEÑA S A C E I","LINEA_452_451_LANCHAS","NO","LANCHAS","PROVINCIAL","BUENOS AIRES","SN",837,"SI"
2026-09-10,"LINEAS DELTA ARGENTINO S.R.L.","LINEA_453_LANCHAS","NO","LANCHAS","PROVINCIAL","BUENOS AIRES","SN",117,"SI"
2026-09-10,"EMPRESA EL LEON S R L","LINEA_454_LANCHAS","NO","LANCHAS","PROVINCIAL","BUENOS AIRES","SN",3,"SI"
2026-09-10,"HUGO A. PFLUGER S.A","LINEA_455_LANCHAS","NO","LANCHAS","PROVINCIAL","BUENOS AIRES","SN",18,"SI"
2026-09-10,"EMPRESA DE TRANSPORTES ALBARDON SRL","LINEA_460_SJUAN","NO","COLECTIVO","PROVINCIAL","SAN JUAN","SN",790,"SI"
2026-09-10,"EMPRESA DE TRANSPORTES ALBARDON SRL","LINEA_461_SJUAN","NO","COLECTIVO","PROVINCIAL","SAN JUAN","SN",774,"SI"
2026-09-10,"EMPRESA DE TRANSPORTES ALBARDON SRL","LINEA_462_SJUAN","NO","COLECTIVO","PROVINCIAL","SAN JUAN","SN",102,"SI"
2026-09-10,"TRANSPORTE FUTURO SRL","LINEA_47","NO","COLECTIVO","PROVINCIAL","JUJUY","SN",347,"SI"
2026-09-10,"EXPRESO TIGRE-IGUAZU SA","LINEA_4_NQN","NO","COLECTIVO","MUNICIPAL","NEUQUÉN","NEUQUEN",2745,"SI"
2026-09-10,"COOPERATIVA DE TRABAJO PALBUS 2000 LIMITADA","LINEA_4D_PAL","NO","COLECTIVO","MUNICIPAL","JUJUY","PALPALA",1462,"SI"
2026-09-10,"LEMOS Y RODRIGUEZ S.A.","LINEA_500_BSAS","NO","COLECTIVO","MUNICIPAL","BUENOS AIRES","BAHIA BLANCA",7197,"SI"
2026-09-10,"BALCARBUS SRL","LINEA_501","NO","COLECTIVO","MUNICIPAL","BUENOS AIRES","BALCARCE",289,"SI"
2026-09-10,"COMPAÑIA BELGRANO S.A.","LINEA_501","NO","COLECTIVO","MUNICIPAL","BUENOS AIRES","CORONEL ROSALES",354,"SI"
2026-09-10,"EMPRESA DE TRANSPORTE PERALTA RAMOS SACI","LINEA_501_MDQ","NO","COLECTIVO","MUNICIPAL","BUENOS AIRES","GENERAL PUEYRREDON",1255,"SI"
2026-09-10,"EMPRESA VALLECITO SRL","LINEA_501_SJUAN","NO","COLECTIVO","PROVINCIAL","SAN JUAN","SN",194,"SI"
2026-09-10,"BALCARBUS SRL","LINEA_502","NO","COLECTIVO","MUNICIPAL","BUENOS AIRES","BALCARCE",298,"SI"
2026-09-10,"COMPAÑIA BELGRANO S.A.","LINEA_502","NO","COLECTIVO","MUNICIPAL","BUENOS AIRES","CORONEL ROSALES",245,"SI"
2026-09-10,"T. A. SAN GABRIEL S.A.","LINEA_502_BAHIA","NO","COLECTIVO","MUNICIPAL","BUENOS AIRES","BAHIA BLANCA",4417,"SI"
2026-09-10,"EMPRESA VALLECITO SRL","LINEA_502_SJUAN","NO","COLECTIVO","PROVINCIAL","SAN JUAN","SN",779,"SI"
2026-09-10,"BALCARBUS SRL","LINEA_503","NO","COLECTIVO","MUNICIPAL","BUENOS AIRES","BALCARCE",416,"SI"
2026-09-10,"COMPAÑIA BELGRANO S.A.","LINEA_503","NO","COLECTIVO","MUNICIPAL","BUENOS AIRES","CORONEL ROSALES",1000,"SI"
2026-09-10,"T. A. SAN GABRIEL S.A.","LINEA_503_BAHIA","NO","COLECTIVO","MUNICIPAL","BUENOS AIRES","BAHIA BLANCA",3279,"SI"
2026-09-10,"COMPAÑIA BELGRANO S.A.","LINEA_503BIS","NO","COLECTIVO","MUNICIPAL","BUENOS AIRES","CORONEL ROSALES",1085,"SI"
2026-09-10,"BALCARBUS SRL","LINEA_504","NO","COLECTIVO","MUNICIPAL","BUENOS AIRES","BALCARCE",77,"SI"
2026-09-10,"COMPAÑIA BELGRANO S.A.","LINEA_504","NO","COLECTIVO","MUNICIPAL","BUENOS AIRES","CORONEL ROSALES",437,"SI"
2026-09-10,"EMPRESA LINEA 216 S.A.T.","LINEA_504_ ITUZ","SI","COLECTIVO","MUNICIPAL","BUENOS AIRES","ITUZAINGO",768,"SI"
2026-09-10,"EMPRESA DE TRANSPORTE DEL SUR SRL","LINEA_504_AMBA","SI","COLECTIVO","MUNICIPAL","BUENOS AIRES","PRESIDENTE PERON",9530,"SI"
2026-09-10,"T. A. SAN GABRIEL S.A.","LINEA_504_BAHIA","NO","COLECTIVO","MUNICIPAL","BUENOS AIRES","BAHIA BLANCA",3950,"SI"
2026-09-10,"EMPRESA VALLECITO SRL","LINEA_504_SJUAN","NO","COLECTIVO","PROVINCIAL","SAN JUAN","SN",113,"SI"
2026-09-10,"COMPAÑIA ISLEÑA S.R.L.","LINEA_504B","SI","COLECTIVO","MUNICIPAL","BUENOS AIRES","ESCOBAR",1557,"SI"
2026-09-10,"COMPAÑIA BELGRANO S.A.","LINEA_504BIS","NO","COLECTIVO","MUNICIPAL","BUENOS AIRES","CORONEL ROSALES",332,"SI"
2026-09-10,"COMPAÑIA BELGRANO S.A.","LINEA_505","NO","COLECTIVO","MUNICIPAL","BUENOS AIRES","CORONEL ROSALES",757,"SI"
2026-09-10,"EMPRESA DE TRANSPORTE DEL SUR SRL","LINEA_505_AMBA","SI","COLECTIVO","MUNICIPAL","BUENOS AIRES","ALMIRANTE BROWN",13842,"SI"
2026-09-10,"LEMOS Y RODRIGUEZ S.A.","LINEA_505_BSAS","NO","COLECTIVO","MUNICIPAL","BUENOS AIRES","BAHIA BLANCA",4081,"SI"
2026-09-10,"EMPRESA VALLECITO SRL","LINEA_505_SJUAN","NO","COLECTIVO","PROVINCIAL","SAN JUAN","SN",210,"SI"
2026-09-10,"EMPRESA DE TRANSPORTE DEL SUR SRL","LINEA_506_AMBA","SI","COLECTIVO","MUNICIPAL","BUENOS AIRES","ALMIRANTE BROWN",30155,"SI"
2026-09-10,"T. A. SAN GABRIEL S.A.","LINEA_506_BAHIA","NO","COLECTIVO","MUNICIPAL","BUENOS AIRES","BAHIA BLANCA",2114,"SI"
2026-09-10,"FUERTE BARRAGAN S.A.T.I.C.I.","LINEA_506F_BSAS","SI","COLECTIVO","MUNICIPAL","BUENOS AIRES","LA PLATA",12263,"SI"
2026-09-10,"LEMOS Y RODRIGUEZ S.A.","LINEA_507_BSAS","NO","COLECTIVO","MUNICIPAL","BUENOS AIRES","BAHIA BLANCA",4049,"SI"
2026-09-10,"COMPAÑIA ISLEÑA S.R.L.","LINEA_507B","SI","COLECTIVO","MUNICIPAL","BUENOS AIRES","ESCOBAR",2580,"SI"
2026-09-10,"T. A. SAN GABRIEL S.A.","LINEA_509_BAHIA","NO","COLECTIVO","MUNICIPAL","BUENOS AIRES","BAHIA BLANCA",1453,"SI"
2026-09-10,"LAS SIERRAS DE OLAVARRIA S. R. L.","LINEA_509_BSAS","NO","COLECTIVO","MUNICIPAL","BUENOS AIRES","OLAVARRIA",776,"SI"
2026-09-10,"TURITOUR S.A.","LINEA_510","NO","COLECTIVO","MUNICIPAL","BUENOS AIRES","CORONEL ROSALES",50,"SI"
2026-09-10,"LAS SIERRAS DE OLAVARRIA S. R. L.","LINEA_510_BSAS","NO","COLECTIVO","MUNICIPAL","BUENOS AIRES","OLAVARRIA",798,"SI"
2026-09-10,"COMPAÑÍA DE TRANSPORTE NECOCHEA S.A.","LINEA_510N_BSAS","NO","COLECTIVO","MUNICIPAL","BUENOS AIRES","NECOCHEA",2440,"SI"
2026-09-10,"EMPRESA DE TRANSPORTE PERALTA RAMOS SACI","LINEA_511","NO","COLECTIVO","MUNICIPAL","BUENOS AIRES","GENERAL PUEYRREDON",22792,"SI"
2026-09-10,"COMPAÑÍA DE TRANSPORTE NECOCHEA S.A.","LINEA_511N_BSAS","NO","COLECTIVO","MUNICIPAL","BUENOS AIRES","NECOCHEA",1648,"SI"
2026-09-10,"T. A. SAN GABRIEL S.A.","LINEA_512_BAHIA","NO","COLECTIVO","MUNICIPAL","BUENOS AIRES","BAHIA BLANCA",2387,"SI"
2026-09-10,"COMPAÑÍA DE TRANSPORTE NECOCHEA S.A.","LINEA_512N_BSAS","NO","COLECTIVO","MUNICIPAL","BUENOS AIRES","NECOCHEA",891,"SI"
2026-09-10,"LEMOS Y RODRIGUEZ S.A.","LINEA_513_BSAS","NO","COLECTIVO","MUNICIPAL","BUENOS AIRES","BAHIA BLANCA",5880,"SI"
2026-09-10,"T. A. SAN GABRIEL S.A.","LINEA_513EX_BAHIA","NO","COLECTIVO","MUNICIPAL","BUENOS AIRES","BAHIA BLANCA",2500,"SI"
2026-09-10,"COMPAÑÍA DE TRANSPORTE NECOCHEA S.A.","LINEA_513N_BSAS","NO","COLECTIVO","MUNICIPAL","BUENOS AIRES","NECOCHEA",368,"SI"
2026-09-10,"LEMOS Y RODRIGUEZ S.A.","LINEA_514_BSAS","NO","COLECTIVO","MUNICIPAL","BUENOS AIRES","BAHIA BLANCA",6166,"SI"
2026-09-10,"LAS SIERRAS DE OLAVARRIA S. R. L.","LINEA_514A_BSAS","NO","COLECTIVO","MUNICIPAL","BUENOS AIRES","OLAVARRIA",863,"SI"
2026-09-10,"COMPAÑÍA DE TRANSPORTE NECOCHEA S.A.","LINEA_514N_BSAS","NO","COLECTIVO","MUNICIPAL","BUENOS AIRES","NECOCHEA",254,"SI"
2026-09-10,"T. A. SAN GABRIEL S.A.","LINEA_516_BAHIA","NO","COLECTIVO","MUNICIPAL","BUENOS AIRES","BAHIA BLANCA",3064,"SI"
2026-09-10,"T. A. SAN GABRIEL S.A.","LINEA_517_BAHIA","NO","COLECTIVO","MUNICIPAL","BUENOS AIRES","BAHIA BLANCA",6440,"SI"
2026-09-10,"T. A. SAN GABRIEL S.A.","LINEA_518_BAHIA","NO","COLECTIVO","MUNICIPAL","BUENOS AIRES","BAHIA BLANCA",3080,"SI"
2026-09-10,"COMPAÑÍA DE TRANSPORTE NECOCHEA S.A.","LINEA_518N_BSAS","NO","COLECTIVO","MUNICIPAL","BUENOS AIRES","NECOCHEA",8,"SI"
2026-09-10,"LEMOS Y RODRIGUEZ S.A.","LINEA_519_BSAS","NO","COLECTIVO","MUNICIPAL","BUENOS AIRES","BAHIA BLANCA",4835,"SI"
2026-09-10,"BAHIA TRANSPORTE SAPEN","LINEA_519A_BAHIA","NO","COLECTIVO","MUNICIPAL","BUENOS AIRES","BAHIA BLANCA",6824,"SI"
2026-09-10,"VIA 51 VIAJES SA","LINEA_520_BSAS","NO","COLECTIVO","MUNICIPAL","BUENOS AIRES","BAHIA BLANCA",29,"SI"
2026-09-10,"EMPRESA DE TRANSPORTE DEL SUR SRL","LINEA_521_AMBA","SI","COLECTIVO","MUNICIPAL","BUENOS AIRES","ALMIRANTE BROWN",2846,"SI"
2026-09-10,"EMPRESA DE TRANSPORTE PERALTA RAMOS SACI","LINEA_521_MDQ","NO","COLECTIVO","MUNICIPAL","BUENOS AIRES","GENERAL PUEYRREDON",5478,"SI"
2026-09-10,"EMPRESA DE TRANSPORTE PERALTA RAMOS SACI","LINEA_522_MDQ","NO","COLECTIVO","MUNICIPAL","BUENOS AIRES","GENERAL PUEYRREDON",6730,"SI"
2026-09-10,"EMPRESA DE TRANSPORTE PERALTA RAMOS SACI","LINEA_523_MDQ","NO","COLECTIVO","MUNICIPAL","BUENOS AIRES","GENERAL PUEYRREDON",9647,"SI"
2026-09-10,"EMPRESA DE TRANSPORTE PERALTA RAMOS SACI","LINEA_525_MDQ","NO","COLECTIVO","MUNICIPAL","BUENOS AIRES","GENERAL PUEYRREDON",1852,"SI"
2026-09-10,"AUTOBUSES BUENOS AIRES SRL","LINEA_540_BSAS","SI","COLECTIVO","MUNICIPAL","BUENOS AIRES","LOMAS DE ZAMORA",6362,"SI"
2026-09-10,"EMPRESA DE TRANSPORTE PERALTA RAMOS SACI","LINEA_541_MDQ","NO","COLECTIVO","MUNICIPAL","BUENOS AIRES","GENERAL PUEYRREDON",6659,"SI"
2026-09-10,"AUTOBUSES BUENOS AIRES SRL","LINEA_542_BSAS","SI","COLECTIVO","MUNICIPAL","BUENOS AIRES","LOMAS DE ZAMORA",4100,"SI"
2026-09-10,"EMPRESA DE TRANSPORTE PERALTA RAMOS SACI","LINEA_542_MDQ","NO","COLECTIVO","MUNICIPAL","BUENOS AIRES","GENERAL PUEYRREDON",7007,"SI"
2026-09-10,"EMPRESA DE TRANSPORTE PERALTA RAMOS SACI","LINEA_543_MDQ","NO","COLECTIVO","MUNICIPAL","BUENOS AIRES","GENERAL PUEYRREDON",4362,"SI"
2026-09-10,"AUTOBUSES BUENOS AIRES SRL","LINEA_548_BSAS","SI","COLECTIVO","MUNICIPAL","BUENOS AIRES","LOMAS DE ZAMORA",4141,"SI"
2026-09-10,"AUTOBUSES BUENOS AIRES SRL","LINEA_550_BSAS","SI","COLECTIVO","MUNICIPAL","BUENOS AIRES","LOMAS DE ZAMORA",5195,"SI"
2026-09-10,"AUTOBUSES BUENOS AIRES SRL","LINEA_551_BSAS","SI","COLECTIVO","MUNICIPAL","BUENOS AIRES","LOMAS DE ZAMORA",2793,"SI"
2026-09-10,"EMPRESA DE TRANSPORTE PERALTA RAMOS SACI","LINEA_551_MDQ","NO","COLECTIVO","MUNICIPAL","BUENOS AIRES","GENERAL PUEYRREDON",9536,"SI"
2026-09-10,"AUTOBUSES BUENOS AIRES SRL","LINEA_552_BSAS","SI","COLECTIVO","MUNICIPAL","BUENOS AIRES","LOMAS DE ZAMORA",5324,"SI"
2026-09-10,"EMPRESA DE TRANSPORTE PERALTA RAMOS SACI","LINEA_552_MDQ","NO","COLECTIVO","MUNICIPAL","BUENOS AIRES","GENERAL PUEYRREDON",8264,"SI"
2026-09-10,"AUTOBUSES BUENOS AIRES SRL","LINEA_553_BSAS","SI","COLECTIVO","MUNICIPAL","BUENOS AIRES","LOMAS DE ZAMORA",4015,"SI"
2026-09-10,"EMPRESA DE TRANSPORTE PERALTA RAMOS SACI","LINEA_553_MDQ","NO","COLECTIVO","MUNICIPAL","BUENOS AIRES","GENERAL PUEYRREDON",4901,"SI"
2026-09-10,"EMPRESA DE TRANSPORTE PERALTA RAMOS SACI","LINEA_554_MDQ","NO","COLECTIVO","MUNICIPAL","BUENOS AIRES","GENERAL PUEYRREDON",5810,"SI"
2026-09-10,"EMPRESA DE TRANSPORTE PERALTA RAMOS SACI","LINEA_555_MDQ","NO","COLECTIVO","MUNICIPAL","BUENOS AIRES","GENERAL PUEYRREDON",6754,"SI"
2026-09-10,"EMPRESA DE TRANSPORTE 12 DE OCTUBRE S R L","LINEA_562_MDQ","NO","COLECTIVO","MUNICIPAL","BUENOS AIRES","GENERAL PUEYRREDON",11197,"SI"
2026-09-10,"EMPRESA DE TRANSPORTE 12 DE OCTUBRE S R L","LINEA_563_MDQ","NO","COLECTIVO","MUNICIPAL","BUENOS AIRES","GENERAL PUEYRREDON",11225,"SI"
2026-09-10,"EMPRESA DE TRANSPORTE PERALTA RAMOS SACI","LINEA_571_MDQ","NO","COLECTIVO","MUNICIPAL","BUENOS AIRES","GENERAL PUEYRREDON",16215,"SI"
2026-09-10,"EMPRESA DE TRANSPORTE PERALTA RAMOS SACI","LINEA_573_MDQ","NO","COLECTIVO","MUNICIPAL","BUENOS AIRES","GENERAL PUEYRREDON",8791,"SI"
2026-09-10,"EMPRESA DE TRANSPORTE PERALTA RAMOS SACI","LINEA_581_MDQ","NO","COLECTIVO","MUNICIPAL","BUENOS AIRES","GENERAL PUEYRREDON",5550,"SI"
2026-09-10,"EMPRESA DE TRANSPORTE PERALTA RAMOS SACI","LINEA_591_MDQ","NO","COLECTIVO","MUNICIPAL","BUENOS AIRES","GENERAL PUEYRREDON",6283,"SI"
2026-09-10,"EMPRESA DE TRANSPORTE PERALTA RAMOS SACI","LINEA_593_MDQ","NO","COLECTIVO","MUNICIPAL","BUENOS AIRES","GENERAL PUEYRREDON",3537,"SI"
2026-09-10,"EMPRESA KOKO S.R.L","LINEA_5_NQN","NO","COLECTIVO","MUNICIPAL","NEUQUÉN","NEUQUEN",1911,"SI"
2026-09-10,"TRANSPORTE SAN JOSE S.A.","LINEA_60","NO","COLECTIVO","PROVINCIAL","JUJUY","SN",446,"SI"
2026-09-10,"EMPRESA KOKO S.R.L","LINEA_6_NQN","NO","COLECTIVO","MUNICIPAL","NEUQUÉN","NEUQUEN",2213,"SI"
2026-09-10,"EMPRESA KOKO S.R.L","LINEA_7_NQN","NO","COLECTIVO","MUNICIPAL","NEUQUÉN","NEUQUEN",2895,"SI"
2026-09-10,"EMPRESA VALLECITO SRL","LINEA_801_SJUAN","NO","COLECTIVO","PROVINCIAL","SAN JUAN","SN",214,"SI"
2026-09-10,"EMPRESA VALLECITO SRL","LINEA_803_SJUAN","NO","COLECTIVO","PROVINCIAL","SAN JUAN","SN",41,"SI"
2026-09-10,"EMPRESA KOKO S.R.L","LINEA_8_NQN","NO","COLECTIVO","MUNICIPAL","NEUQUÉN","NEUQUEN",2583,"SI"
2026-09-10,"EMPR.TRANSP AUTOMOTOR DE PASAJEROS GRAL SAVIO SRL","LINEA_8H_PAL","NO","COLECTIVO","MUNICIPAL","JUJUY","PALPALA",360,"SI"
2026-09-10,"A T A C O NORTE S A C I","LINEA_902","NO","COLECTIVO","NACIONAL","JN","SD",4788,"SI"
2026-09-10,"EMPRESA DE TRANSPORTES FLUVIALES DEL LITORAL SA","LINEA_906","NO","COLECTIVO","NACIONAL","JN","SD",3573,"SI"
2026-09-10,"AZUL S.A. DE TRANSPORTE AUTOMOTOR","LINEA_910_STAFE","NO","COLECTIVO","NACIONAL","JN","SD",13720,"SI"
2026-09-10,"AZUL S.A. DE TRANSPORTE AUTOMOTOR","LINEA_915_STAFE","NO","COLECTIVO","NACIONAL","JN","SD",680,"SI"
2026-09-10,"TRANSPORTE AUTOMOTOR DE PASAJEROS FIGUEROA S.A.","LINEA_92","NO","COLECTIVO","PROVINCIAL","JUJUY","SN",50,"SI"
2026-09-10,"EXPRESO TIGRE-IGUAZU SA","LINEA_9_NQN","NO","COLECTIVO","MUNICIPAL","NEUQUÉN","NEUQUEN",2808,"SI"
2026-09-10,"EMPR.TRANSP AUTOMOTOR DE PASAJEROS GRAL SAVIO SRL","LINEA_9I_PAL","NO","COLECTIVO","MUNICIPAL","JUJUY","PALPALA",145,"SI"
2026-09-10,"EMOVA MOVILIDAD S.A. (ex MTV)","LINEA_A","SI","SUBTE",,,,91869,"SI"
2026-09-10,"TRANSPORTE LIBERTADOR SRL","LINEA_A_SJUAN","NO","COLECTIVO","PROVINCIAL","SAN JUAN","SN",14701,"SI"
2026-09-10,"TRANSPUNTANO SAPEM","LINEA_A_SL","NO","COLECTIVO","MUNICIPAL","SAN LUIS","SAN LUIS",2050,"SI"
2026-09-10,"USHUAIA INTEGRAL SOCIEDAD DEL ESTADO","LINEA_A_USHUAIA","NO","COLECTIVO","MUNICIPAL","TIERRA DEL FUEGO","USHUAIA",3850,"SI"
2026-09-10,"COOPERATIVA DE TRABAJO CHOFERES DE COLECTIVOS Y MINIBUSES LIMITADA - C.C.M.","LINEA_AZUL","NO","COLECTIVO","MUNICIPAL","SANTA FE","RECONQUISTA",200,"SI"
2026-09-10,"EMOVA MOVILIDAD S.A. (ex MTV)","LINEA_B","SI","SUBTE",,,,108412,"SI"
2026-09-10,"U.T.E EMPRESA DE TRANSPORTE DE PASAJEROS LA MARINA SA- LA POSITIVA SA","LINEA_B_SJUAN","NO","COLECTIVO","PROVINCIAL","SAN JUAN","SN",6584,"SI"
2026-09-10,"USHUAIA INTEGRAL SOCIEDAD DEL ESTADO","LINEA_B_USHUAIA","NO","COLECTIVO","MUNICIPAL","TIERRA DEL FUEGO","USHUAIA",4308,"SI"
2026-09-10,"TRANSPUNTANO SAPEM","LINEA_BCG_SL","NO","COLECTIVO","MUNICIPAL","SAN LUIS","SAN LUIS",4014,"SI"
2026-09-10,"MICRO OMNIBUS PRIMERA JUNTA S.A","LINEA_BSAS_500","SI","COLECTIVO","MUNICIPAL","BUENOS AIRES","FLORENCIO VARELA",5899,"SI"
2026-09-10,"COMPAÑIA MICROOMNIBUS LA COLORADA SACI","LINEA_BSAS_503","SI","COLECTIVO","MUNICIPAL","BUENOS AIRES","FLORENCIO VARELA",13427,"SI"
2026-09-10,"COMPAÑIA MICROOMNIBUS LA COLORADA SACI","LINEA_BSAS_506","SI","COLECTIVO","MUNICIPAL","BUENOS AIRES","FLORENCIO VARELA",4675,"SI"
2026-09-10,"COMPAÑIA MICROOMNIBUS LA COLORADA SACI","LINEA_BSAS_508","SI","COLECTIVO","MUNICIPAL","BUENOS AIRES","FLORENCIO VARELA",4802,"SI"
2026-09-10,"MICRO OMNIBUS PRIMERA JUNTA S.A","LINEA_BSAS_509","SI","COLECTIVO","MUNICIPAL","BUENOS AIRES","FLORENCIO VARELA",5523,"SI"
2026-09-10,"CONTINENTAL T.P.A S.A","LINEA_C_SFE","NO","COLECTIVO","PROVINCIAL","SANTA FE","SN",24828,"SI"
2026-09-10,"EMPRESA MAYO SRL","LINEA_C_SJUAN","NO","COLECTIVO","PROVINCIAL","SAN JUAN","SN",2295,"SI"
2026-09-10,"USHUAIA INTEGRAL SOCIEDAD DEL ESTADO","LINEA_C_USHUAIA","NO","COLECTIVO","MUNICIPAL","TIERRA DEL FUEGO","USHUAIA",954,"SI"
2026-09-10,"TRANSPORTE DE PASAJEROS ALTO DE SIERRA S.R.L.","LINEA_D_SJUAN","NO","COLECTIVO","PROVINCIAL","SAN JUAN","SN",8651,"SI"
2026-09-10,"TRANSPUNTANO SAPEM","LINEA_D_SL","NO","COLECTIVO","MUNICIPAL","SAN LUIS","SAN LUIS",6812,"SI"
2026-09-10,"USHUAIA INTEGRAL SOCIEDAD DEL ESTADO","LINEA_D_USHUAIA","NO","COLECTIVO","MUNICIPAL","TIERRA DEL FUEGO","USHUAIA",1614,"SI"
2026-09-10,"U.T.E EMPRESA DE TRANSPORTE DE PASAJEROS LA MARINA SA- LA POSITIVA SA","LINEA_E_SJUAN","NO","COLECTIVO","PROVINCIAL","SAN JUAN","SN",1842,"SI"
2026-09-10,"TRANSPUNTANO SAPEM","LINEA_E_SL","NO","COLECTIVO","MUNICIPAL","SAN LUIS","SAN LUIS",3163,"SI"
2026-09-10,"USHUAIA INTEGRAL SOCIEDAD DEL ESTADO","LINEA_E_USHUAIA","NO","COLECTIVO","MUNICIPAL","TIERRA DEL FUEGO","USHUAIA",403,"SI"
2026-09-10,"MOVI ROSARIO S.A.U","LINEA_ENLACE_AVELLANEDA_OESTE","NO","COLECTIVO","MUNICIPAL","SANTA FE","ROSARIO",352,"SI"
2026-09-10,"MOVI ROSARIO S.A.U","LINEA_ENLACE_NOROESTE","NO","COLECTIVO","MUNICIPAL","SANTA FE","ROSARIO",346,"SI"
2026-09-10,"MOVI ROSARIO S.A.U","LINEA_ENLACE_SANTA_LUCIA","NO","COLECTIVO","MUNICIPAL","SANTA FE","ROSARIO",285,"SI"
2026-09-10,"MOVI ROSARIO S.A.U","LINEA_ENLACE_URIBURU","NO","COLECTIVO","MUNICIPAL","SANTA FE","ROSARIO",129,"SI"
2026-09-10,"TRANSPUNTANO SAPEM","LINEA_F_SL","NO","COLECTIVO","MUNICIPAL","SAN LUIS","SAN LUIS",1489,"SI"
2026-09-10,"TRANSPUNTANO SAPEM","LINEA_H_SL","NO","COLECTIVO","MUNICIPAL","SAN LUIS","SAN LUIS",4432,"SI"
2026-09-10,"TRANSPUNTANO SAPEM","LINEA_I_SL","NO","COLECTIVO","MUNICIPAL","SAN LUIS","SAN LUIS",5554,"SI"
2026-09-10,"MOVI ROSARIO S.A.U","LINEA_K","NO","COLECTIVO","MUNICIPAL","SANTA FE","ROSARIO",11108,"SI"
2026-09-10,"TRANSPUNTANO SAPEM","LINEA_N_SL","NO","COLECTIVO","MUNICIPAL","SAN LUIS","SAN LUIS",2957,"SI"
2026-09-10,"TRANSPUNTANO SAPEM","LINEA_OK_SL","NO","COLECTIVO","MUNICIPAL","SAN LUIS","SAN LUIS",4993,"SI"
2026-09-10,"TRANSPUNTANO SAPEM","LINEA_P_SL","NO","COLECTIVO","MUNICIPAL","SAN LUIS","SAN LUIS",1379,"SI"
2026-09-10,"NAVARRO HNOS SRL","LINEA_R-P_CHA","NO","COLECTIVO","PROVINCIAL","CHACO","SN",361,"SI"
2026-09-10,"TRANSPUNTANO SAPEM","LINEA_R_SL","NO","COLECTIVO","MUNICIPAL","SAN LUIS","SAN LUIS",895,"SI"
2026-09-10,"COOPERATIVA DE TRABAJO CHOFERES DE COLECTIVOS Y MINIBUSES LIMITADA - C.C.M.","LINEA_ROJA","NO","COLECTIVO","MUNICIPAL","SANTA FE","RECONQUISTA",105,"SI"
2026-09-10,"MOVI ROSARIO S.A.U","LINEA_RONDA_CUR_SUR","NO","COLECTIVO","MUNICIPAL","SANTA FE","ROSARIO",808,"SI"
2026-09-10,"TRANSPUNTANO SAPEM","LINEA_T_SL","NO","COLECTIVO","MUNICIPAL","SAN LUIS","SAN LUIS",233,"SI"
2026-09-10,"U.T.E EMPRESA DE TRANSPORTE DE PASAJEROS LA MARINA SA- LA POSITIVA SA","LINEA_TEO_SJUAN","NO","COLECTIVO","PROVINCIAL","SAN JUAN","SN",14298,"SI"
2026-09-10,"TRANSPORTE DE PASAJEROS EL TRIUNFO SA","LINEA_TNS_SJUAN","NO","COLECTIVO","PROVINCIAL","SAN JUAN","SN",12835,"SI"
2026-09-10,"TRANSPUNTANO SAPEM","LINEA_U_SL","NO","COLECTIVO","MUNICIPAL","SAN LUIS","SAN LUIS",1273,"SI"
2026-09-10,"COOPERATIVA DE TRABAJO CHOFERES DE COLECTIVOS Y MINIBUSES LIMITADA - C.C.M.","LINEA_VERDE","NO","COLECTIVO","MUNICIPAL","SANTA FE","RECONQUISTA",254,"SI"
2026-09-10,"EMPRESA CEFERINO SOCIEDAD ANONIMA","Línea A","NO","COLECTIVO","MUNICIPAL","RÍO NEGRO","VIEDMA",582,"SI"
2026-09-10,"LA COMARCA SA","Línea D","NO","COLECTIVO","MUNICIPAL","RÍO NEGRO","VIEDMA",1031,"SI"
2026-09-10,"LA COMARCA SA","Línea E","NO","COLECTIVO","MUNICIPAL","RÍO NEGRO","VIEDMA",1527,"SI"
2026-09-10,"EMPRESA CEFERINO SOCIEDAD ANONIMA","Línea G","NO","COLECTIVO","MUNICIPAL","RÍO NEGRO","VIEDMA",294,"SI"
2026-09-10,"COOP. DE PROVISION DE SERVICIOS 1 DE SEPTIEMBRE LTDA","MOSCONI - LA RIVERA","NO","COLECTIVO","MUNICIPAL","RÍO NEGRO","GENERAL ROCA",644,"SI"
2026-09-10,"UNION PLATENSE SRL","NORTE MUNICIPAL","SI","COLECTIVO","MUNICIPAL","BUENOS AIRES","LA PLATA",10429,"SI"
2026-09-10,"EMP.TRANSP.FLUVIALES DEL LITORAL S.A.","PARANA - MARIA GRANDE","NO","COLECTIVO","PROVINCIAL","ENTRE RÍOS","SN",181,"SI"
2026-09-10,"EMP.TRANSP.FLUVIALES DEL LITORAL S.A.","PARANA - TABOSSI","NO","COLECTIVO","PROVINCIAL","ENTRE RÍOS","SN",170,"SI"
2026-09-10,"EMP.TRANSP.FLUVIALES DEL LITORAL S.A.","PARANA - VIALE","NO","COLECTIVO","PROVINCIAL","ENTRE RÍOS","SN",228,"SI"
2026-09-10,"COOP. DE PROVISION DE SERVICIOS 1 DE SEPTIEMBRE LTDA","PASO CORDOBA","NO","COLECTIVO","MUNICIPAL","RÍO NEGRO","GENERAL ROCA",313,"SI"
2026-09-10,"EMPRESA DE TTES. RAWSON S.R.L.","RAWSON - TRELEW","NO","COLECTIVO","PROVINCIAL","CHUBUT","SN",2164,"SI"
2026-09-10,"A T A C O NORTE S A C I","RES_COL_POP_Y _VIC","NO","COLECTIVO","PROVINCIAL","CHACO","SN",39,"SI"
2026-09-10,"A T A C O NORTE S A C I","RES_PUERTO_TIROL_Y VIC","NO","COLECTIVO","PROVINCIAL","CHACO","SN",1797,"SI"
2026-09-10,"CIA.DE TRANSPORTE BERMEJO S.R.L","RESISTENCIA-COL. BENITEZ-M. BELEN","NO","COLECTIVO","PROVINCIAL","CHACO","SN",1302,"SI"
2026-09-10,"AMERICA TRANSPORTE AUTOMOTOR S.R.L","SF022","NO","COLECTIVO","PROVINCIAL","SANTA FE","SN",616,"SI"
2026-09-10,"CONTINENTAL TRANSPORTE PÚBLICO AUTOMOTOR S.R.L","SF022","NO","COLECTIVO","PROVINCIAL","SANTA FE","SN",901,"SI"
2026-09-10,"AMERICA TRANSPORTE AUTOMOTOR S.R.L","SF037","NO","COLECTIVO","PROVINCIAL","SANTA FE","SN",109,"SI"
2026-09-10,"EMPRESA  9 DE JULIO SRL","SF037","NO","COLECTIVO","PROVINCIAL","SANTA FE","SN",57,"SI"
2026-09-10,"INTERBUS S.R.L","SF113","NO","COLECTIVO","PROVINCIAL","SANTA FE","SN",830,"SI"
2026-09-10,"INTERBUS S.R.L","SF114","NO","COLECTIVO","PROVINCIAL","SANTA FE","SN",1049,"SI"
2026-09-10,"EMPRESA LAGUNA PAIVA S.R.L.","SF132","NO","COLECTIVO","PROVINCIAL","SANTA FE","SN",1841,"SI"
2026-09-10,"MONTE VERA S.R.L.","SF143 MONTE VERA - SANTA FE","NO","COLECTIVO","PROVINCIAL","SANTA FE","SN",2101,"SI"
2026-09-10,"TATA RAPIDO S.A.","SF210 ROSARIO - SAN GENARO","NO","COLECTIVO","PROVINCIAL","SANTA FE","SN",63,"SI"
2026-09-10,"AMERICA TRANSPORTE AUTOMOTOR S.R.L","SF212","NO","COLECTIVO","PROVINCIAL","SANTA FE","SN",2125,"SI"
2026-09-10,"CONTINENTAL TRANSPORTE PÚBLICO AUTOMOTOR S.R.L","SF212","NO","COLECTIVO","PROVINCIAL","SANTA FE","SN",49,"SI"
2026-09-10,"EMPRESA  9 DE JULIO SRL","SF212","NO","COLECTIVO","PROVINCIAL","SANTA FE","SN",1469,"SI"
2026-09-10,"AMERICA TRANSPORTE AUTOMOTOR S.R.L","SF214","NO","COLECTIVO","PROVINCIAL","SANTA FE","SN",5,"SI"
2026-09-10,"AMERICA TRANSPORTE AUTOMOTOR S.R.L","SF215","NO","COLECTIVO","PROVINCIAL","SANTA FE","SN",418,"SI"
2026-09-10,"TATA RAPIDO S.A.","SF229 ROSARIO - PUERTO GABOTO","NO","COLECTIVO","PROVINCIAL","SANTA FE","SN",69,"SI"
2026-09-10,"TATA RAPIDO S.A.","SF233 MACIEL - PUERTO GABOTO","NO","COLECTIVO","PROVINCIAL","SANTA FE","SN",15,"SI"
2026-09-10,"TATA RAPIDO S.A.","SF248 SERODINO-ROSARIO","NO","COLECTIVO","PROVINCIAL","SANTA FE","SN",102,"SI"
2026-09-10,"AMERICA TRANSPORTE AUTOMOTOR S.R.L","SF282","NO","COLECTIVO","PROVINCIAL","SANTA FE","SN",151,"SI"
2026-09-10,"CONTINENTAL TRANSPORTE PÚBLICO AUTOMOTOR S.R.L","SF282","NO","COLECTIVO","PROVINCIAL","SANTA FE","SN",471,"SI"
2026-09-10,"EMPRESA  9 DE JULIO SRL","SF282","NO","COLECTIVO","PROVINCIAL","SANTA FE","SN",366,"SI"
2026-09-10,"AMERICA TRANSPORTE AUTOMOTOR S.R.L","SF284","NO","COLECTIVO","PROVINCIAL","SANTA FE","SN",5247,"SI"
2026-09-10,"CONTINENTAL TRANSPORTE PÚBLICO AUTOMOTOR S.R.L","SF284","NO","COLECTIVO","PROVINCIAL","SANTA FE","SN",4361,"SI"
2026-09-10,"EMPRESA  9 DE JULIO SRL","SF284","NO","COLECTIVO","PROVINCIAL","SANTA FE","SN",4079,"SI"
2026-09-10,"AMERICA TRANSPORTE AUTOMOTOR S.R.L","SF287","NO","COLECTIVO","PROVINCIAL","SANTA FE","SN",987,"SI"
2026-09-10,"CONTINENTAL TRANSPORTE PÚBLICO AUTOMOTOR S.R.L","SF287","NO","COLECTIVO","PROVINCIAL","SANTA FE","SN",1669,"SI"
2026-09-10,"EMPRESA  9 DE JULIO SRL","SF287","NO","COLECTIVO","PROVINCIAL","SANTA FE","SN",1276,"SI"
2026-09-10,"AMERICA TRANSPORTE AUTOMOTOR S.R.L","SF288","NO","COLECTIVO","PROVINCIAL","SANTA FE","SN",1170,"SI"
2026-09-10,"CONTINENTAL TRANSPORTE PÚBLICO AUTOMOTOR S.R.L","SF288","NO","COLECTIVO","PROVINCIAL","SANTA FE","SN",43,"SI"
2026-09-10,"EMPRESA  9 DE JULIO SRL","SF288","NO","COLECTIVO","PROVINCIAL","SANTA FE","SN",118,"SI"
2026-09-10,"AMERICA TRANSPORTE AUTOMOTOR S.R.L","SF292","NO","COLECTIVO","PROVINCIAL","SANTA FE","SN",22,"SI"
2026-09-10,"AMERICA TRANSPORTE AUTOMOTOR S.R.L","SF293","NO","COLECTIVO","PROVINCIAL","SANTA FE","SN",34,"SI"
2026-09-10,"AMERICA TRANSPORTE AUTOMOTOR S.R.L","SF304","NO","COLECTIVO","PROVINCIAL","SANTA FE","SN",1289,"SI"
2026-09-10,"CONTINENTAL TRANSPORTE PÚBLICO AUTOMOTOR S.R.L","SF304","NO","COLECTIVO","PROVINCIAL","SANTA FE","SN",1266,"SI"
2026-09-10,"EMPRESA  9 DE JULIO SRL","SF304","NO","COLECTIVO","PROVINCIAL","SANTA FE","SN",826,"SI"
2026-09-10,"AMERICA TRANSPORTE AUTOMOTOR S.R.L","SF312-1","NO","COLECTIVO","PROVINCIAL","SANTA FE","SN",1376,"SI"
2026-09-10,"CONTINENTAL TRANSPORTE PÚBLICO AUTOMOTOR S.R.L","SF312-1","NO","COLECTIVO","PROVINCIAL","SANTA FE","SN",56,"SI"
2026-09-10,"AMERICA TRANSPORTE AUTOMOTOR S.R.L","SF312","NO","COLECTIVO","PROVINCIAL","SANTA FE","SN",3510,"SI"
2026-09-10,"AMERICA TRANSPORTE AUTOMOTOR S.R.L","SF317","NO","COLECTIVO","PROVINCIAL","SANTA FE","SN",145,"SI"
2026-09-10,"CONTINENTAL TRANSPORTE PÚBLICO AUTOMOTOR S.R.L","SF317","NO","COLECTIVO","PROVINCIAL","SANTA FE","SN",75,"SI"
2026-09-10,"EMPRESA  9 DE JULIO SRL","SF317","NO","COLECTIVO","PROVINCIAL","SANTA FE","SN",230,"SI"
2026-09-10,"AMERICA TRANSPORTE AUTOMOTOR S.R.L","SF320-1","NO","COLECTIVO","PROVINCIAL","SANTA FE","SN",274,"SI"
2026-09-10,"CONTINENTAL TRANSPORTE PÚBLICO AUTOMOTOR S.R.L","SF320-1","NO","COLECTIVO","PROVINCIAL","SANTA FE","SN",274,"SI"
2026-09-10,"EMPRESA  9 DE JULIO SRL","SF320-1","NO","COLECTIVO","PROVINCIAL","SANTA FE","SN",695,"SI"
2026-09-10,"AMERICA TRANSPORTE AUTOMOTOR S.R.L","SF320","NO","COLECTIVO","PROVINCIAL","SANTA FE","SN",518,"SI"
2026-09-10,"CONTINENTAL TRANSPORTE PÚBLICO AUTOMOTOR S.R.L","SF320","NO","COLECTIVO","PROVINCIAL","SANTA FE","SN",388,"SI"
2026-09-10,"EMPRESA  9 DE JULIO SRL","SF320","NO","COLECTIVO","PROVINCIAL","SANTA FE","SN",394,"SI"
2026-09-10,"INTERBUS S.R.L","SF343","NO","COLECTIVO","PROVINCIAL","SANTA FE","SN",50,"SI"
2026-09-10,"TATA RAPIDO S.A.","SF355 RICARDONE - TOTORAS","NO","COLECTIVO","PROVINCIAL","SANTA FE","SN",262,"SI"
2026-09-10,"TATA RAPIDO S.A.","SF357 ROSARIO - CORONDA","NO","COLECTIVO","PROVINCIAL","SANTA FE","SN",54,"SI"
2026-09-10,"MUNICIPALIDAD DE PRESIDENCIA ROQUE SAENZ PENA","SiMTraPUP","NO","COLECTIVO","MUNICIPAL","CHACO","PRESIDENCIA ROQUE SAENZ PEÑA",611,"SI"
2026-09-10,"ETACER SRL","STAFE_SANTA FE_LINEA_907","NO","COLECTIVO","NACIONAL","JN","SD",2352,"SI"
2026-09-10,"COOP. DE PROVISION DE SERVICIOS 1 DE SEPTIEMBRE LTDA","STEFENELLI - LA COSTA","NO","COLECTIVO","MUNICIPAL","RÍO NEGRO","GENERAL ROCA",332,"SI"
2026-09-10,"PEHUENCHE SA","TA-02","NO","COLECTIVO","PROVINCIAL","NEUQUÉN","SN",1383,"SI"
2026-09-10,"PEHUENCHE SA","TA-15","NO","COLECTIVO","PROVINCIAL","NEUQUÉN","SN",170,"SI"
2026-09-10,"PEHUENCHE SA","TA-16","NO","COLECTIVO","PROVINCIAL","NEUQUÉN","SN",252,"SI"
2026-09-10,"PEHUENCHE SA","TA-21","NO","COLECTIVO","PROVINCIAL","NEUQUÉN","SN",97,"SI"
2026-09-10,"EXPRESO COLONIA SA","TD-02","NO","COLECTIVO","PROVINCIAL","NEUQUÉN","SN",823,"SI"
2026-09-10,"TRANSPORTE BAHIA S.R.L.","TRELEW - PUERTO RAWSON","NO","COLECTIVO","PROVINCIAL","CHUBUT","SN",1208,"SI"
