2026-09-08,"MUNICIPALIDAD DE MERCEDES PROVINCIA DE BUENOS AIRES","1","SI","COLECTIVO","MUNICIPAL","BUENOS AIRES","MERCEDES",589,"SI"
2026-09-08,"MUNICIPALIDAD DE MERCEDES PROVINCIA DE BUENOS AIRES","2B","SI","COLECTIVO","MUNICIPAL","BUENOS AIRES","MERCEDES",187,"SI"
2026-09-08,"DI CE TOURS SRL","701 F","NO","COLECTIVO","PROVINCIAL","MENDOZA","SN",838,"SI"
2026-09-08,"DI CE TOURS SRL","702 A","NO","COLECTIVO","PROVINCIAL","MENDOZA","SN",98,"SI"
2026-09-08,"DI CE TOURS SRL","707 A","NO","COLECTIVO","PROVINCIAL","MENDOZA","SN",376,"SI"
2026-09-08,"DI CE TOURS SRL","707 B","NO","COLECTIVO","PROVINCIAL","MENDOZA","SN",1170,"SI"
2026-09-08,"DI CE TOURS SRL","710 A","NO","COLECTIVO","PROVINCIAL","MENDOZA","SN",792,"SI"
2026-09-08,"DI CE TOURS SRL","711 A","NO","COLECTIVO","PROVINCIAL","MENDOZA","SN",102,"SI"
2026-09-08,"DI CE TOURS SRL","711 B","NO","COLECTIVO","PROVINCIAL","MENDOZA","SN",440,"SI"
2026-09-08,"DI CE TOURS SRL","712 C","NO","COLECTIVO","PROVINCIAL","MENDOZA","SN",1644,"SI"
2026-09-08,"DI CE TOURS SRL","712 L","NO","COLECTIVO","PROVINCIAL","MENDOZA","SN",20,"SI"
2026-09-08,"DI CE TOURS SRL","713 C","NO","COLECTIVO","PROVINCIAL","MENDOZA","SN",131,"SI"
2026-09-08,"DI CE TOURS SRL","713 D","NO","COLECTIVO","PROVINCIAL","MENDOZA","SN",75,"SI"
2026-09-08,"DI CE TOURS SRL","713 E","NO","COLECTIVO","PROVINCIAL","MENDOZA","SN",671,"SI"
2026-09-08,"DI CE TOURS SRL","713 F","NO","COLECTIVO","PROVINCIAL","MENDOZA","SN",688,"SI"
2026-09-08,"DI CE TOURS SRL","715 A","NO","COLECTIVO","PROVINCIAL","MENDOZA","SN",491,"SI"
2026-09-08,"DI CE TOURS SRL","715 F","NO","COLECTIVO","PROVINCIAL","MENDOZA","SN",52,"SI"
2026-09-08,"DI CE TOURS SRL","717 C","NO","COLECTIVO","PROVINCIAL","MENDOZA","SN",297,"SI"
2026-09-08,"DI CE TOURS SRL","718 B","NO","COLECTIVO","PROVINCIAL","MENDOZA","SN",422,"SI"
2026-09-08,"DI CE TOURS SRL","720 I","NO","COLECTIVO","PROVINCIAL","MENDOZA","SN",1515,"SI"
2026-09-08,"DI CE TOURS SRL","720 J","NO","COLECTIVO","PROVINCIAL","MENDOZA","SN",114,"SI"
2026-09-08,"DI CE TOURS SRL","720 L","NO","COLECTIVO","PROVINCIAL","MENDOZA","SN",5318,"SI"
2026-09-08,"DI CE TOURS SRL","722 B","NO","COLECTIVO","PROVINCIAL","MENDOZA","SN",168,"SI"
2026-09-08,"DI CE TOURS SRL","723 A","NO","COLECTIVO","PROVINCIAL","MENDOZA","SN",563,"SI"
2026-09-08,"DI CE TOURS SRL","724 A","NO","COLECTIVO","PROVINCIAL","MENDOZA","SN",870,"SI"
2026-09-08,"DI CE TOURS SRL","725 A","NO","COLECTIVO","PROVINCIAL","MENDOZA","SN",254,"SI"
2026-09-08,"DI CE TOURS SRL","725 B","NO","COLECTIVO","PROVINCIAL","MENDOZA","SN",403,"SI"
2026-09-08,"DI CE TOURS SRL","725 C","NO","COLECTIVO","PROVINCIAL","MENDOZA","SN",397,"SI"
2026-09-08,"DI CE TOURS SRL","725 D","NO","COLECTIVO","PROVINCIAL","MENDOZA","SN",120,"SI"
2026-09-08,"DI CE TOURS SRL","725 E","NO","COLECTIVO","PROVINCIAL","MENDOZA","SN",511,"SI"
2026-09-08,"DI CE TOURS SRL","725 G","NO","COLECTIVO","PROVINCIAL","MENDOZA","SN",320,"SI"
2026-09-08,"DI CE TOURS SRL","725 H","NO","COLECTIVO","PROVINCIAL","MENDOZA","SN",432,"SI"
2026-09-08,"DI CE TOURS SRL","749 N","NO","COLECTIVO","PROVINCIAL","MENDOZA","SN",54,"SI"
2026-09-08,"NUEVA GENERACION S A","751 B","NO","COLECTIVO","PROVINCIAL","MENDOZA","SN",959,"SI"
2026-09-08,"NUEVA GENERACION S A","751 D","NO","COLECTIVO","PROVINCIAL","MENDOZA","SN",1043,"SI"
2026-09-08,"NUEVA GENERACION S A","754 A","NO","COLECTIVO","PROVINCIAL","MENDOZA","SN",2,"SI"
2026-09-08,"NUEVA GENERACION S A","754 B","NO","COLECTIVO","PROVINCIAL","MENDOZA","SN",54,"SI"
2026-09-08,"NUEVA GENERACION S A","754 D","NO","COLECTIVO","PROVINCIAL","MENDOZA","SN",3,"SI"
2026-09-08,"NUEVA GENERACION S A","754 E","NO","COLECTIVO","PROVINCIAL","MENDOZA","SN",26,"SI"
2026-09-08,"NUEVA GENERACION S A","754 G","NO","COLECTIVO","PROVINCIAL","MENDOZA","SN",8,"SI"
2026-09-08,"NUEVA GENERACION S A","754 H","NO","COLECTIVO","PROVINCIAL","MENDOZA","SN",8,"SI"
2026-09-08,"NUEVA GENERACION S A","754 I","NO","COLECTIVO","PROVINCIAL","MENDOZA","SN",3,"SI"
2026-09-08,"NUEVA GENERACION S A","754 J","NO","COLECTIVO","PROVINCIAL","MENDOZA","SN",16,"SI"
2026-09-08,"NUEVA GENERACION S A","755 A","NO","COLECTIVO","PROVINCIAL","MENDOZA","SN",850,"SI"
2026-09-08,"NUEVA GENERACION S A","755 B","NO","COLECTIVO","PROVINCIAL","MENDOZA","SN",938,"SI"
2026-09-08,"NUEVA GENERACION S A","755 C","NO","COLECTIVO","PROVINCIAL","MENDOZA","SN",84,"SI"
2026-09-08,"NUEVA GENERACION S A","755 D","NO","COLECTIVO","PROVINCIAL","MENDOZA","SN",172,"SI"
2026-09-08,"NUEVA GENERACION S A","755 E","NO","COLECTIVO","PROVINCIAL","MENDOZA","SN",41,"SI"
2026-09-08,"NUEVA GENERACION S A","758 A","NO","COLECTIVO","PROVINCIAL","MENDOZA","SN",2550,"SI"
2026-09-08,"NUEVA GENERACION S A","758 B","NO","COLECTIVO","PROVINCIAL","MENDOZA","SN",2619,"SI"
2026-09-08,"NUEVA GENERACION S A","758 C","NO","COLECTIVO","PROVINCIAL","MENDOZA","SN",533,"SI"
2026-09-08,"NUEVA GENERACION S A","758 D","NO","COLECTIVO","PROVINCIAL","MENDOZA","SN",580,"SI"
2026-09-08,"NUEVA GENERACION S A","759 A","NO","COLECTIVO","PROVINCIAL","MENDOZA","SN",533,"SI"
2026-09-08,"NUEVA GENERACION S A","759 B","NO","COLECTIVO","PROVINCIAL","MENDOZA","SN",553,"SI"
2026-09-08,"NUEVA GENERACION S A","760 A","NO","COLECTIVO","PROVINCIAL","MENDOZA","SN",2534,"SI"
2026-09-08,"NUEVA GENERACION S A","760 B","NO","COLECTIVO","PROVINCIAL","MENDOZA","SN",2842,"SI"
2026-09-08,"NUEVA GENERACION S A","762 A","NO","COLECTIVO","PROVINCIAL","MENDOZA","SN",1790,"SI"
2026-09-08,"NUEVA GENERACION S A","762 B","NO","COLECTIVO","PROVINCIAL","MENDOZA","SN",1523,"SI"
2026-09-08,"NUEVA GENERACION S A","762 K","NO","COLECTIVO","PROVINCIAL","MENDOZA","SN",12,"SI"
2026-09-08,"NUEVA GENERACION S A","763 A","NO","COLECTIVO","PROVINCIAL","MENDOZA","SN",39,"SI"
2026-09-08,"NUEVA GENERACION S A","763 B","NO","COLECTIVO","PROVINCIAL","MENDOZA","SN",114,"SI"
2026-09-08,"NUEVA GENERACION S A","763 C","NO","COLECTIVO","PROVINCIAL","MENDOZA","SN",184,"SI"
2026-09-08,"NUEVA GENERACION S A","763 D","NO","COLECTIVO","PROVINCIAL","MENDOZA","SN",132,"SI"
2026-09-08,"NUEVA GENERACION S A","763 H","NO","COLECTIVO","PROVINCIAL","MENDOZA","SN",3,"SI"
2026-09-08,"NUEVA GENERACION S A","764 B","NO","COLECTIVO","PROVINCIAL","MENDOZA","SN",186,"SI"
2026-09-08,"NUEVA GENERACION S A","764 C","NO","COLECTIVO","PROVINCIAL","MENDOZA","SN",89,"SI"
2026-09-08,"NUEVA GENERACION S A","764 D","NO","COLECTIVO","PROVINCIAL","MENDOZA","SN",16,"SI"
2026-09-08,"NUEVA GENERACION S A","764 E","NO","COLECTIVO","PROVINCIAL","MENDOZA","SN",270,"SI"
2026-09-08,"NUEVA GENERACION S A","764 F","NO","COLECTIVO","PROVINCIAL","MENDOZA","SN",40,"SI"
2026-09-08,"NUEVA GENERACION S A","764 G","NO","COLECTIVO","PROVINCIAL","MENDOZA","SN",218,"SI"
2026-09-08,"NUEVA GENERACION S A","764 H","NO","COLECTIVO","PROVINCIAL","MENDOZA","SN",37,"SI"
2026-09-08,"NUEVA GENERACION S A","764 J","NO","COLECTIVO","PROVINCIAL","MENDOZA","SN",102,"SI"
2026-09-08,"NUEVA GENERACION S A","764 K","NO","COLECTIVO","PROVINCIAL","MENDOZA","SN",18,"SI"
2026-09-08,"NUEVA GENERACION S A","764 M","NO","COLECTIVO","PROVINCIAL","MENDOZA","SN",14,"SI"
2026-09-08,"NUEVA GENERACION S A","764 N","NO","COLECTIVO","PROVINCIAL","MENDOZA","SN",57,"SI"
2026-09-08,"NUEVA GENERACION S A","764 O","NO","COLECTIVO","PROVINCIAL","MENDOZA","SN",31,"SI"
2026-09-08,"NUEVA GENERACION S A","764 P","NO","COLECTIVO","PROVINCIAL","MENDOZA","SN",21,"SI"
2026-09-08,"NUEVA GENERACION S A","765 A","NO","COLECTIVO","PROVINCIAL","MENDOZA","SN",35,"SI"
2026-09-08,"NUEVA GENERACION S A","765 B","NO","COLECTIVO","PROVINCIAL","MENDOZA","SN",35,"SI"
2026-09-08,"NUEVA GENERACION S A","765 C","NO","COLECTIVO","PROVINCIAL","MENDOZA","SN",43,"SI"
2026-09-08,"NUEVA GENERACION S A","765 D","NO","COLECTIVO","PROVINCIAL","MENDOZA","SN",47,"SI"
2026-09-08,"NUEVA GENERACION S A","766 D","NO","COLECTIVO","PROVINCIAL","MENDOZA","SN",43,"SI"
2026-09-08,"NUEVA GENERACION S A","766 F","NO","COLECTIVO","PROVINCIAL","MENDOZA","SN",40,"SI"
2026-09-08,"NUEVA GENERACION S A","766 G","NO","COLECTIVO","PROVINCIAL","MENDOZA","SN",50,"SI"
2026-09-08,"NUEVA GENERACION S A","766 I","NO","COLECTIVO","PROVINCIAL","MENDOZA","SN",25,"SI"
2026-09-08,"NUEVA GENERACION S A","766 J","NO","COLECTIVO","PROVINCIAL","MENDOZA","SN",19,"SI"
2026-09-08,"NUEVA GENERACION S A","767 A","NO","COLECTIVO","PROVINCIAL","MENDOZA","SN",16,"SI"
2026-09-08,"NUEVA GENERACION S A","767 B","NO","COLECTIVO","PROVINCIAL","MENDOZA","SN",63,"SI"
2026-09-08,"NUEVA GENERACION S A","767 C","NO","COLECTIVO","PROVINCIAL","MENDOZA","SN",23,"SI"
2026-09-08,"NUEVA GENERACION S A","767 D","NO","COLECTIVO","PROVINCIAL","MENDOZA","SN",1,"SI"
2026-09-08,"NUEVA GENERACION S A","767 E","NO","COLECTIVO","PROVINCIAL","MENDOZA","SN",45,"SI"
2026-09-08,"NUEVA GENERACION S A","767 F","NO","COLECTIVO","PROVINCIAL","MENDOZA","SN",18,"SI"
2026-09-08,"NUEVA GENERACION S A","767 G","NO","COLECTIVO","PROVINCIAL","MENDOZA","SN",39,"SI"
2026-09-08,"NUEVA GENERACION S A","768 A","NO","COLECTIVO","PROVINCIAL","MENDOZA","SN",292,"SI"
2026-09-08,"NUEVA GENERACION S A","768 B","NO","COLECTIVO","PROVINCIAL","MENDOZA","SN",222,"SI"
2026-09-08,"NUEVA GENERACION S A","768 C","NO","COLECTIVO","PROVINCIAL","MENDOZA","SN",1456,"SI"
2026-09-08,"NUEVA GENERACION S A","768 D","NO","COLECTIVO","PROVINCIAL","MENDOZA","SN",1629,"SI"
2026-09-08,"NUEVA GENERACION S A","768 F","NO","COLECTIVO","PROVINCIAL","MENDOZA","SN",10,"SI"
2026-09-08,"NUEVA GENERACION S A","768 H","NO","COLECTIVO","PROVINCIAL","MENDOZA","SN",45,"SI"
2026-09-08,"NUEVA GENERACION S A","768 J","NO","COLECTIVO","PROVINCIAL","MENDOZA","SN",79,"SI"
2026-09-08,"NUEVA GENERACION S A","768 N","NO","COLECTIVO","PROVINCIAL","MENDOZA","SN",23,"SI"
2026-09-08,"NUEVA GENERACION S A","769 A","NO","COLECTIVO","PROVINCIAL","MENDOZA","SN",103,"SI"
2026-09-08,"NUEVA GENERACION S A","769 C","NO","COLECTIVO","PROVINCIAL","MENDOZA","SN",157,"SI"
2026-09-08,"NUEVA GENERACION S A","769 D","NO","COLECTIVO","PROVINCIAL","MENDOZA","SN",102,"SI"
2026-09-08,"NUEVA GENERACION S A","769 E","NO","COLECTIVO","PROVINCIAL","MENDOZA","SN",176,"SI"
2026-09-08,"NUEVA GENERACION S A","769 F","NO","COLECTIVO","PROVINCIAL","MENDOZA","SN",79,"SI"
2026-09-08,"NUEVA GENERACION S A","769 H","NO","COLECTIVO","PROVINCIAL","MENDOZA","SN",42,"SI"
2026-09-08,"NUEVA GENERACION S A","769 I","NO","COLECTIVO","PROVINCIAL","MENDOZA","SN",51,"SI"
2026-09-08,"NUEVA GENERACION S A","770 A","NO","COLECTIVO","PROVINCIAL","MENDOZA","SN",60,"SI"
2026-09-08,"NUEVA GENERACION S A","770 B","NO","COLECTIVO","PROVINCIAL","MENDOZA","SN",42,"SI"
2026-09-08,"NUEVA GENERACION S A","771 A","NO","COLECTIVO","PROVINCIAL","MENDOZA","SN",17,"SI"
2026-09-08,"NUEVA GENERACION S A","771 B","NO","COLECTIVO","PROVINCIAL","MENDOZA","SN",19,"SI"
2026-09-08,"NUEVA GENERACION S A","771 C","NO","COLECTIVO","PROVINCIAL","MENDOZA","SN",60,"SI"
2026-09-08,"NUEVA GENERACION S A","771 D","NO","COLECTIVO","PROVINCIAL","MENDOZA","SN",53,"SI"
2026-09-08,"NUEVA GENERACION S A","771 E","NO","COLECTIVO","PROVINCIAL","MENDOZA","SN",53,"SI"
2026-09-08,"NUEVA GENERACION S A","771 G","NO","COLECTIVO","PROVINCIAL","MENDOZA","SN",10,"SI"
2026-09-08,"NUEVA GENERACION S A","771 H","NO","COLECTIVO","PROVINCIAL","MENDOZA","SN",19,"SI"
2026-09-08,"NUEVA GENERACION S A","771 I","NO","COLECTIVO","PROVINCIAL","MENDOZA","SN",31,"SI"
2026-09-08,"NUEVA GENERACION S A","772 A","NO","COLECTIVO","PROVINCIAL","MENDOZA","SN",92,"SI"
2026-09-08,"NUEVA GENERACION S A","772 B","NO","COLECTIVO","PROVINCIAL","MENDOZA","SN",45,"SI"
2026-09-08,"NUEVA GENERACION S A","772 C","NO","COLECTIVO","PROVINCIAL","MENDOZA","SN",81,"SI"
2026-09-08,"NUEVA GENERACION S A","772 D","NO","COLECTIVO","PROVINCIAL","MENDOZA","SN",30,"SI"
2026-09-08,"NUEVA GENERACION S A","774 A","NO","COLECTIVO","PROVINCIAL","MENDOZA","SN",81,"SI"
2026-09-08,"NUEVA GENERACION S A","774 B","NO","COLECTIVO","PROVINCIAL","MENDOZA","SN",18,"SI"
2026-09-08,"NUEVA GENERACION S A","774 E","NO","COLECTIVO","PROVINCIAL","MENDOZA","SN",33,"SI"
2026-09-08,"NUEVA GENERACION S A","774 F","NO","COLECTIVO","PROVINCIAL","MENDOZA","SN",31,"SI"
2026-09-08,"NUEVA GENERACION S A","774 G","NO","COLECTIVO","PROVINCIAL","MENDOZA","SN",53,"SI"
2026-09-08,"NUEVA GENERACION S A","775 A","NO","COLECTIVO","PROVINCIAL","MENDOZA","SN",93,"SI"
2026-09-08,"NUEVA GENERACION S A","775 B","NO","COLECTIVO","PROVINCIAL","MENDOZA","SN",10,"SI"
2026-09-08,"NUEVA GENERACION S A","775 G","NO","COLECTIVO","PROVINCIAL","MENDOZA","SN",12,"SI"
2026-09-08,"NUEVA GENERACION S A","776 A","NO","COLECTIVO","PROVINCIAL","MENDOZA","SN",128,"SI"
2026-09-08,"NUEVA GENERACION S A","776 B","NO","COLECTIVO","PROVINCIAL","MENDOZA","SN",21,"SI"
2026-09-08,"NUEVA GENERACION S A","776 C","NO","COLECTIVO","PROVINCIAL","MENDOZA","SN",30,"SI"
2026-09-08,"NUEVA GENERACION S A","776 D","NO","COLECTIVO","PROVINCIAL","MENDOZA","SN",68,"SI"
2026-09-08,"NUEVA GENERACION S A","776 E","NO","COLECTIVO","PROVINCIAL","MENDOZA","SN",69,"SI"
2026-09-08,"NUEVA GENERACION S A","776 F","NO","COLECTIVO","PROVINCIAL","MENDOZA","SN",31,"SI"
2026-09-08,"NUEVA GENERACION S A","776 G","NO","COLECTIVO","PROVINCIAL","MENDOZA","SN",39,"SI"
2026-09-08,"NUEVA GENERACION S A","776 H","NO","COLECTIVO","PROVINCIAL","MENDOZA","SN",14,"SI"
2026-09-08,"NUEVA GENERACION S A","776 I","NO","COLECTIVO","PROVINCIAL","MENDOZA","SN",41,"SI"
2026-09-08,"NUEVA GENERACION S A","777 A","NO","COLECTIVO","PROVINCIAL","MENDOZA","SN",95,"SI"
2026-09-08,"NUEVA GENERACION S A","777 C","NO","COLECTIVO","PROVINCIAL","MENDOZA","SN",32,"SI"
2026-09-08,"NUEVA GENERACION S A","777 D","NO","COLECTIVO","PROVINCIAL","MENDOZA","SN",22,"SI"
2026-09-08,"NUEVA GENERACION S A","777 G","NO","COLECTIVO","PROVINCIAL","MENDOZA","SN",23,"SI"
2026-09-08,"NUEVA GENERACION S A","777 H","NO","COLECTIVO","PROVINCIAL","MENDOZA","SN",89,"SI"
2026-09-08,"NUEVA GENERACION S A","777 J","NO","COLECTIVO","PROVINCIAL","MENDOZA","SN",8,"SI"
2026-09-08,"NUEVA GENERACION S A","777 K","NO","COLECTIVO","PROVINCIAL","MENDOZA","SN",79,"SI"
2026-09-08,"NUEVA GENERACION S A","777 N","NO","COLECTIVO","PROVINCIAL","MENDOZA","SN",63,"SI"
2026-09-08,"NUEVA GENERACION S A","777 O","NO","COLECTIVO","PROVINCIAL","MENDOZA","SN",96,"SI"
2026-09-08,"NUEVA GENERACION S A","777 P","NO","COLECTIVO","PROVINCIAL","MENDOZA","SN",89,"SI"
2026-09-08,"NUEVA GENERACION S A","778 A","NO","COLECTIVO","PROVINCIAL","MENDOZA","SN",48,"SI"
2026-09-08,"NUEVA GENERACION S A","778 B","NO","COLECTIVO","PROVINCIAL","MENDOZA","SN",115,"SI"
2026-09-08,"NUEVA GENERACION S A","778 C","NO","COLECTIVO","PROVINCIAL","MENDOZA","SN",269,"SI"
2026-09-08,"NUEVA GENERACION S A","778 D","NO","COLECTIVO","PROVINCIAL","MENDOZA","SN",63,"SI"
2026-09-08,"NUEVA GENERACION S A","778 E","NO","COLECTIVO","PROVINCIAL","MENDOZA","SN",124,"SI"
2026-09-08,"NUEVA GENERACION S A","778 L","NO","COLECTIVO","PROVINCIAL","MENDOZA","SN",46,"SI"
2026-09-08,"NUEVA GENERACION S A","778 M","NO","COLECTIVO","PROVINCIAL","MENDOZA","SN",68,"SI"
2026-09-08,"NUEVA GENERACION S A","779 A","NO","COLECTIVO","PROVINCIAL","MENDOZA","SN",79,"SI"
2026-09-08,"NUEVA GENERACION S A","779 C","NO","COLECTIVO","PROVINCIAL","MENDOZA","SN",40,"SI"
2026-09-08,"NUEVA GENERACION S A","780 C","NO","COLECTIVO","PROVINCIAL","MENDOZA","SN",67,"SI"
2026-09-08,"NUEVA GENERACION S A","780 D","NO","COLECTIVO","PROVINCIAL","MENDOZA","SN",85,"SI"
2026-09-08,"NUEVA GENERACION S A","782 A","NO","COLECTIVO","PROVINCIAL","MENDOZA","SN",70,"SI"
2026-09-08,"NUEVA GENERACION S A","782 B","NO","COLECTIVO","PROVINCIAL","MENDOZA","SN",15,"SI"
2026-09-08,"NUEVA GENERACION S A","782 C","NO","COLECTIVO","PROVINCIAL","MENDOZA","SN",39,"SI"
2026-09-08,"NUEVA GENERACION S A","782 D","NO","COLECTIVO","PROVINCIAL","MENDOZA","SN",129,"SI"
2026-09-08,"NUEVA GENERACION S A","782 F","NO","COLECTIVO","PROVINCIAL","MENDOZA","SN",284,"SI"
2026-09-08,"NUEVA GENERACION S A","782 G","NO","COLECTIVO","PROVINCIAL","MENDOZA","SN",67,"SI"
2026-09-08,"NUEVA GENERACION S A","782 I","NO","COLECTIVO","PROVINCIAL","MENDOZA","SN",22,"SI"
2026-09-08,"NUEVA GENERACION S A","782 J","NO","COLECTIVO","PROVINCIAL","MENDOZA","SN",3,"SI"
2026-09-08,"NUEVA GENERACION S A","783 B","NO","COLECTIVO","PROVINCIAL","MENDOZA","SN",134,"SI"
2026-09-08,"NUEVA GENERACION S A","783 C","NO","COLECTIVO","PROVINCIAL","MENDOZA","SN",251,"SI"
2026-09-08,"NUEVA GENERACION S A","783 D","NO","COLECTIVO","PROVINCIAL","MENDOZA","SN",28,"SI"
2026-09-08,"NUEVA GENERACION S A","783 E","NO","COLECTIVO","PROVINCIAL","MENDOZA","SN",5,"SI"
2026-09-08,"NUEVA GENERACION S A","783 M","NO","COLECTIVO","PROVINCIAL","MENDOZA","SN",4,"SI"
2026-09-08,"NUEVA GENERACION S A","784 A","NO","COLECTIVO","PROVINCIAL","MENDOZA","SN",59,"SI"
2026-09-08,"NUEVA GENERACION S A","784 B","NO","COLECTIVO","PROVINCIAL","MENDOZA","SN",14,"SI"
2026-09-08,"NUEVA GENERACION S A","784 C","NO","COLECTIVO","PROVINCIAL","MENDOZA","SN",35,"SI"
2026-09-08,"NUEVA GENERACION S A","784 E","NO","COLECTIVO","PROVINCIAL","MENDOZA","SN",25,"SI"
2026-09-08,"NUEVA GENERACION S A","785 A","NO","COLECTIVO","PROVINCIAL","MENDOZA","SN",7,"SI"
2026-09-08,"NUEVA GENERACION S A","785 B","NO","COLECTIVO","PROVINCIAL","MENDOZA","SN",54,"SI"
2026-09-08,"NUEVA GENERACION S A","785 D","NO","COLECTIVO","PROVINCIAL","MENDOZA","SN",28,"SI"
2026-09-08,"NUEVA GENERACION S A","785 J","NO","COLECTIVO","PROVINCIAL","MENDOZA","SN",11,"SI"
2026-09-08,"NUEVA GENERACION S A","786 A","NO","COLECTIVO","PROVINCIAL","MENDOZA","SN",386,"SI"
2026-09-08,"NUEVA GENERACION S A","786 B","NO","COLECTIVO","PROVINCIAL","MENDOZA","SN",395,"SI"
2026-09-08,"NUEVA GENERACION S A","786 C","NO","COLECTIVO","PROVINCIAL","MENDOZA","SN",52,"SI"
2026-09-08,"NUEVA GENERACION S A","786 D","NO","COLECTIVO","PROVINCIAL","MENDOZA","SN",89,"SI"
2026-09-08,"NUEVA GENERACION S A","787 A","NO","COLECTIVO","PROVINCIAL","MENDOZA","SN",317,"SI"
2026-09-08,"NUEVA GENERACION S A","787 B","NO","COLECTIVO","PROVINCIAL","MENDOZA","SN",277,"SI"
2026-09-08,"NUEVA GENERACION S A","788 D","NO","COLECTIVO","PROVINCIAL","MENDOZA","SN",266,"SI"
2026-09-08,"NUEVA GENERACION S A","789 A","NO","COLECTIVO","PROVINCIAL","MENDOZA","SN",49,"SI"
2026-09-08,"NUEVA GENERACION S A","789 B","NO","COLECTIVO","PROVINCIAL","MENDOZA","SN",65,"SI"
2026-09-08,"NUEVA GENERACION S A","789 C","NO","COLECTIVO","PROVINCIAL","MENDOZA","SN",59,"SI"
2026-09-08,"NUEVA GENERACION S A","789 D","NO","COLECTIVO","PROVINCIAL","MENDOZA","SN",19,"SI"
2026-09-08,"NUEVA GENERACION S A","789 E","NO","COLECTIVO","PROVINCIAL","MENDOZA","SN",13,"SI"
2026-09-08,"NUEVA GENERACION S A","789 F","NO","COLECTIVO","PROVINCIAL","MENDOZA","SN",48,"SI"
2026-09-08,"NUEVA GENERACION S A","789 G","NO","COLECTIVO","PROVINCIAL","MENDOZA","SN",33,"SI"
2026-09-08,"NUEVA GENERACION S A","790 A","NO","COLECTIVO","PROVINCIAL","MENDOZA","SN",14,"SI"
2026-09-08,"NUEVA GENERACION S A","790 B","NO","COLECTIVO","PROVINCIAL","MENDOZA","SN",64,"SI"
2026-09-08,"NUEVA GENERACION S A","790 C","NO","COLECTIVO","PROVINCIAL","MENDOZA","SN",47,"SI"
2026-09-08,"NUEVA GENERACION S A","790 D","NO","COLECTIVO","PROVINCIAL","MENDOZA","SN",65,"SI"
2026-09-08,"NUEVA GENERACION S A","790 E","NO","COLECTIVO","PROVINCIAL","MENDOZA","SN",47,"SI"
2026-09-08,"NUEVA GENERACION S A","790 F","NO","COLECTIVO","PROVINCIAL","MENDOZA","SN",3,"SI"
2026-09-08,"NUEVA GENERACION S A","790 G","NO","COLECTIVO","PROVINCIAL","MENDOZA","SN",51,"SI"
2026-09-08,"NUEVA GENERACION S A","790 H","NO","COLECTIVO","PROVINCIAL","MENDOZA","SN",14,"SI"
2026-09-08,"NUEVA GENERACION S A","790 I","NO","COLECTIVO","PROVINCIAL","MENDOZA","SN",33,"SI"
2026-09-08,"NUEVA GENERACION S A","790 J","NO","COLECTIVO","PROVINCIAL","MENDOZA","SN",51,"SI"
2026-09-08,"NUEVA GENERACION S A","790 L","NO","COLECTIVO","PROVINCIAL","MENDOZA","SN",51,"SI"
2026-09-08,"NUEVA GENERACION S A","790 M","NO","COLECTIVO","PROVINCIAL","MENDOZA","SN",24,"SI"
2026-09-08,"NUEVA GENERACION S A","790 N","NO","COLECTIVO","PROVINCIAL","MENDOZA","SN",30,"SI"
2026-09-08,"NUEVA GENERACION S A","790 O","NO","COLECTIVO","PROVINCIAL","MENDOZA","SN",1,"SI"
2026-09-08,"NUEVA GENERACION S A","790 P","NO","COLECTIVO","PROVINCIAL","MENDOZA","SN",91,"SI"
2026-09-08,"NUEVA GENERACION S A","790 Q","NO","COLECTIVO","PROVINCIAL","MENDOZA","SN",1,"SI"
2026-09-08,"NUEVA GENERACION S A","790 R","NO","COLECTIVO","PROVINCIAL","MENDOZA","SN",6,"SI"
2026-09-08,"NUEVA GENERACION S A","790 S","NO","COLECTIVO","PROVINCIAL","MENDOZA","SN",71,"SI"
2026-09-08,"NUEVA GENERACION S A","790 T","NO","COLECTIVO","PROVINCIAL","MENDOZA","SN",8,"SI"
2026-09-08,"NUEVA GENERACION S A","790 U","NO","COLECTIVO","PROVINCIAL","MENDOZA","SN",28,"SI"
2026-09-08,"NUEVA GENERACION S A","791 A","NO","COLECTIVO","PROVINCIAL","MENDOZA","SN",2,"SI"
2026-09-08,"NUEVA GENERACION S A","791 B","NO","COLECTIVO","PROVINCIAL","MENDOZA","SN",4,"SI"
2026-09-08,"NUEVA GENERACION S A","791 C","NO","COLECTIVO","PROVINCIAL","MENDOZA","SN",38,"SI"
2026-09-08,"NUEVA GENERACION S A","791 D","NO","COLECTIVO","PROVINCIAL","MENDOZA","SN",8,"SI"
2026-09-08,"NUEVA GENERACION S A","791 E","NO","COLECTIVO","PROVINCIAL","MENDOZA","SN",24,"SI"
2026-09-08,"NUEVA GENERACION S A","791 H","NO","COLECTIVO","PROVINCIAL","MENDOZA","SN",29,"SI"
2026-09-08,"NUEVA GENERACION S A","791 J","NO","COLECTIVO","PROVINCIAL","MENDOZA","SN",1,"SI"
2026-09-08,"NUEVA GENERACION S A","791 K","NO","COLECTIVO","PROVINCIAL","MENDOZA","SN",41,"SI"
2026-09-08,"NUEVA GENERACION S A","791 L","NO","COLECTIVO","PROVINCIAL","MENDOZA","SN",10,"SI"
2026-09-08,"NUEVA GENERACION S A","791 M","NO","COLECTIVO","PROVINCIAL","MENDOZA","SN",15,"SI"
2026-09-08,"NUEVA GENERACION S A","791 Q","NO","COLECTIVO","PROVINCIAL","MENDOZA","SN",42,"SI"
2026-09-08,"NUEVA GENERACION S A","798 A","NO","COLECTIVO","PROVINCIAL","MENDOZA","SN",101,"SI"
2026-09-08,"NUEVA GENERACION S A","798 B","NO","COLECTIVO","PROVINCIAL","MENDOZA","SN",89,"SI"
2026-09-08,"NUEVA GENERACION S A","798 C","NO","COLECTIVO","PROVINCIAL","MENDOZA","SN",22,"SI"
2026-09-08,"NUEVA GENERACION S A","798 D","NO","COLECTIVO","PROVINCIAL","MENDOZA","SN",77,"SI"
2026-09-08,"NUEVA GENERACION S A","798 H","NO","COLECTIVO","PROVINCIAL","MENDOZA","SN",54,"SI"
2026-09-08,"NUEVA GENERACION S A","799 B","NO","COLECTIVO","PROVINCIAL","MENDOZA","SN",52,"SI"
2026-09-08,"NUEVA GENERACION S A","799 C","NO","COLECTIVO","PROVINCIAL","MENDOZA","SN",9,"SI"
2026-09-08,"NUEVA GENERACION S A","799 D","NO","COLECTIVO","PROVINCIAL","MENDOZA","SN",28,"SI"
2026-09-08,"NUEVA GENERACION S A","799 E","NO","COLECTIVO","PROVINCIAL","MENDOZA","SN",22,"SI"
2026-09-08,"NUEVA GENERACION S A","799 G","NO","COLECTIVO","PROVINCIAL","MENDOZA","SN",18,"SI"
2026-09-08,"NUEVA GENERACION S A","799 H","NO","COLECTIVO","PROVINCIAL","MENDOZA","SN",41,"SI"
2026-09-08,"NUEVA GENERACION S A","799 J","NO","COLECTIVO","PROVINCIAL","MENDOZA","SN",12,"SI"
2026-09-08,"NUEVA GENERACION S A","799 M","NO","COLECTIVO","PROVINCIAL","MENDOZA","SN",10,"SI"
2026-09-08,"NUEVA GENERACION S A","799 O","NO","COLECTIVO","PROVINCIAL","MENDOZA","SN",39,"SI"
2026-09-08,"NUEVA GENERACION S A","799 P","NO","COLECTIVO","PROVINCIAL","MENDOZA","SN",23,"SI"
2026-09-08,"NUEVA GENERACION S A","799 Q","NO","COLECTIVO","PROVINCIAL","MENDOZA","SN",33,"SI"
2026-09-08,"NUEVA GENERACION S A","799 R","NO","COLECTIVO","PROVINCIAL","MENDOZA","SN",83,"SI"
2026-09-08,"NUEVA GENERACION S A","799 S","NO","COLECTIVO","PROVINCIAL","MENDOZA","SN",55,"SI"
2026-09-08,"NUEVA GENERACION S A","799 T","NO","COLECTIVO","PROVINCIAL","MENDOZA","SN",2,"SI"
2026-09-08,"NUEVA GENERACION S A","799 V","NO","COLECTIVO","PROVINCIAL","MENDOZA","SN",38,"SI"
2026-09-08,"NUEVA GENERACION S A","799 W","NO","COLECTIVO","PROVINCIAL","MENDOZA","SN",90,"SI"
2026-09-08,"NUEVA GENERACION S A","799 X","NO","COLECTIVO","PROVINCIAL","MENDOZA","SN",53,"SI"
2026-09-08,"NUEVA GENERACION S A","799 Z","NO","COLECTIVO","PROVINCIAL","MENDOZA","SN",13,"SI"
2026-09-08,"COOP. DE PROVISION DE SERVICIOS 1 DE SEPTIEMBRE LTDA","AEROCLUB - 140 VIV.","NO","COLECTIVO","MUNICIPAL","RÍO NEGRO","GENERAL ROCA",54,"SI"
2026-09-08,"TRANSPORTES 8 DE OCTUBRE S.A.","AGUSTIN ROCA - JUNIN","NO","COLECTIVO","MUNICIPAL","BUENOS AIRES","JUNIN",41,"SI"
2026-09-08,"COOP. DE PROVISION DE SERVICIOS 1 DE SEPTIEMBRE LTDA","BARRIO NUEVO","NO","COLECTIVO","MUNICIPAL","RÍO NEGRO","GENERAL ROCA",1583,"SI"
2026-09-08,"EMPRESA BATAN S.A.","BS_AS_LINEA 715M","NO","COLECTIVO","MUNICIPAL","BUENOS AIRES","GENERAL PUEYRREDON",7160,"SI"
2026-09-08,"EMPRESA BATAN S.A.","BS_AS_LINEA 720M","NO","COLECTIVO","MUNICIPAL","BUENOS AIRES","GENERAL PUEYRREDON",753,"SI"
2026-09-08,"COMPAÑIA  DE TRANSPORTE VECINAL S.A.","BS_AS_LINEA_326","SI","COLECTIVO","PROVINCIAL","BUENOS AIRES","SN",2925,"SI"
2026-09-08,"EMPRESA DE TRANSPORTE PERALTA RAMOS SACI","BS_AS_LINEA_512","NO","COLECTIVO","MUNICIPAL","BUENOS AIRES","GENERAL PUEYRREDON",3578,"SI"
2026-09-08,"EL URBANO SRL","BS_AS_LINEA_522","SI","COLECTIVO","MUNICIPAL","BUENOS AIRES","LANUS",871,"SI"
2026-09-08,"EL URBANO SRL","BS_AS_LINEA_527","SI","COLECTIVO","MUNICIPAL","BUENOS AIRES","LANUS",1909,"SI"
2026-09-08,"TRANSPORTES LINEA 123 S.A.C.I.","BS_ASLINEA_123","SI","COLECTIVO","NACIONAL","JN","SD",12876,"SI"
2026-09-08,"LA CENTRAL DE VICENTE LOPEZ S.A.","BSAS_LINEA 148","SI","COLECTIVO","NACIONAL","JN","SD",34386,"SI"
2026-09-08,"COMPAÑIA ISLEÑA S.R.L.","BSAS_LINEA302","SI","COLECTIVO","PROVINCIAL","BUENOS AIRES","SN",15121,"SI"
2026-09-08,"COMPAÑIA ISLEÑA S.R.L.","BSAS_LINEA303","SI","COLECTIVO","PROVINCIAL","BUENOS AIRES","SN",23247,"SI"
2026-09-08,"TRANPORTES VEINTIDOS DE SETIEMBRE S.A.C.","BSAS_LINEA_002","SI","COLECTIVO","NACIONAL","JN","SD",30602,"SI"
2026-09-08,"GENERAL TOMAS GUIDO S.A.C.I.F.","BSAS_LINEA_009","SI","COLECTIVO","NACIONAL","JN","SD",31682,"SI"
2026-09-08,"LINEA 10 S.A.","BSAS_LINEA_010","SI","COLECTIVO","NACIONAL","JN","SD",29602,"SI"
2026-09-08,"TRANSPORTES SUR-NOR C.I.S.A.","BSAS_LINEA_015","SI","COLECTIVO","NACIONAL","JN","SD",35314,"SI"
2026-09-08,"LINEA 17 S.A.","BSAS_LINEA_017","SI","COLECTIVO","NACIONAL","JN","SD",42371,"SI"
2026-09-08,"MICROOMNIBUS SAAVEDRA S.A.T.A.C.I.","BSAS_LINEA_019","SI","COLECTIVO","NACIONAL","JN","SD",22239,"SI"
2026-09-08,"TRANSPORTE LARRAZABAL C.I.S.A.","BSAS_LINEA_020","SI","COLECTIVO","NACIONAL","JN","SD",15226,"SI"
2026-09-08,"EMPRESA DE TRANSP. TTE. GRAL. ROCA S.A","BSAS_LINEA_021","SI","COLECTIVO","NACIONAL","JN","SD",63438,"SI"
2026-09-08,"LINEA 22 S.A.","BSAS_LINEA_022","SI","COLECTIVO","NACIONAL","JN","SD",8376,"SI"
2026-09-08,"EMP.TRANSP.AUTOM.DE PASAJEROS S.A.C.I.F.","BSAS_LINEA_024","SI","COLECTIVO","NACIONAL","JN","SD",48959,"SI"
2026-09-08,"EMP.DE TRANSP. PEDRO DE MENDOZA C.I.S.A.","BSAS_LINEA_029","SI","COLECTIVO","NACIONAL","JN","SD",30924,"SI"
2026-09-08,"EL PUENTE S.A.T.","BSAS_LINEA_032","SI","COLECTIVO","NACIONAL","JN","SD",13720,"SI"
2026-09-08,"4 DE SEPTIEMBRE S.A.T.C.P.","BSAS_LINEA_037","SI","COLECTIVO","NACIONAL","JN","SD",31534,"SI"
2026-09-08,"AZUL S.A. DE TRANSPORTE AUTOMOTOR","BSAS_LINEA_041","SI","COLECTIVO","NACIONAL","JN","SD",36934,"SI"
2026-09-08,"MICROOMNIBUS CUARENTA Y CINCO S.A.C.I.F.","BSAS_LINEA_045","SI","COLECTIVO","NACIONAL","JN","SD",31656,"SI"
2026-09-08,"UNION TRANSPORTISTAS DE EMPRESAS SA","BSAS_LINEA_046","SI","COLECTIVO","NACIONAL","JN","SD",22323,"SI"
2026-09-08,"BUENOS AIRES BUS SOCIEDAD ANONIMA","BSAS_LINEA_049","SI","COLECTIVO","NACIONAL","JN","SD",12383,"SI"
2026-09-08,"SAN VICENTE S.A. DE TRANSPORTES","BSAS_LINEA_051","SI","COLECTIVO","NACIONAL","JN","SD",28810,"SI"
2026-09-08,"LINEA 213 S.A. DE TRANSPORTE","BSAS_LINEA_053","SI","COLECTIVO","NACIONAL","JN","SD",46964,"SI"
2026-09-08,"ALMAFUERTE S.A.T.A.C.I.","BSAS_LINEA_055","SI","COLECTIVO","NACIONAL","JN","SD",23212,"SI"
2026-09-08,"TRANSPORTES LOPE DE VEGA S.A.C.I.","BSAS_LINEA_056","SI","COLECTIVO","NACIONAL","JN","SD",9292,"SI"
2026-09-08,"TRANSPORTES ATLANTIDA S.A.C.","BSAS_LINEA_057","SI","COLECTIVO","NACIONAL","JN","SD",43356,"SI"
2026-09-08,"MICROOMNIBUS CIUDAD DE BS.AS. S.A.T.C.I","BSAS_LINEA_059","SI","COLECTIVO","NACIONAL","JN","SD",59454,"SI"
2026-09-08,"MICRO OMNIBUS NORTE S.A.","BSAS_LINEA_060","SI","COLECTIVO","NACIONAL","JN","SD",120249,"SI"
2026-09-08,"BERNARDINO RIVADAVIA S.A.T.A.","BSAS_LINEA_063","SI","COLECTIVO","NACIONAL","JN","SD",26099,"SI"
2026-09-08,"TRANSPORTES DEL TEJAR S.A.","BSAS_LINEA_067","SI","COLECTIVO","NACIONAL","JN","SD",37223,"SI"
2026-09-08,"TRANSPORTES 270 S.A.","BSAS_LINEA_070","SI","COLECTIVO","NACIONAL","JN","SD",23489,"SI"
2026-09-08,"LINEA 71 S.A.","BSAS_LINEA_071","SI","COLECTIVO","NACIONAL","JN","SD",46290,"SI"
2026-09-08,"SAN VICENTE S.A. DE TRANSPORTES","BSAS_LINEA_074","SI","COLECTIVO","NACIONAL","JN","SD",18567,"SI"
2026-09-08,"LOS CONSTITUYENTES S.A.T.","BSAS_LINEA_078","SI","COLECTIVO","NACIONAL","JN","SD",32018,"SI"
2026-09-08,"SAN VICENTE S.A. DE TRANSPORTES","BSAS_LINEA_079","SI","COLECTIVO","NACIONAL","JN","SD",23452,"SI"
2026-09-08,"TRANSPORTES NUEVA CHICAGO C.I.S.A.","BSAS_LINEA_080","SI","COLECTIVO","NACIONAL","JN","SD",37410,"SI"
2026-09-08,"SOCIEDAD ANONIMA EXPRESO SUDOESTE","BSAS_LINEA_085","SI","COLECTIVO","NACIONAL","JN","SD",53852,"SI"
2026-09-08,"D.U.V.I. SOCIEDAD ANONIMA","BSAS_LINEA_086","SI","COLECTIVO","NACIONAL","JN","SD",16433,"SI"
2026-09-08,"LOS CONSTITUYENTES S.A.T.","BSAS_LINEA_087","SI","COLECTIVO","NACIONAL","JN","SD",23807,"SI"
2026-09-08,"LINEA EXPRESO LINIERS S.A.I.Y C.","BSAS_LINEA_088","SI","COLECTIVO","NACIONAL","JN","SD",17362,"SI"
2026-09-08,"TRANSPORTES LOPE DE VEGA S.A.C.I.","BSAS_LINEA_091","SI","COLECTIVO","NACIONAL","JN","SD",24484,"SI"
2026-09-08,"EMP.DE TRANSP.MICROOMN.SAENZ PEÑA S.R.L.","BSAS_LINEA_092","SI","COLECTIVO","NACIONAL","JN","SD",46665,"SI"
2026-09-08,"TRANSPORTES 1º SEPTIEMBRE S.A.","BSAS_LINEA_093","SI","COLECTIVO","NACIONAL","JN","SD",10249,"SI"
2026-09-08,"EMPRESA ANTARTIDA ARGENTINA S.A.T.","BSAS_LINEA_095","SI","COLECTIVO","NACIONAL","JN","SD",18850,"SI"
2026-09-08,"TRANSPORTE IDEAL SAN JUSTO S.A.","BSAS_LINEA_096","SI","COLECTIVO","NACIONAL","JN","SD",39240,"SI"
2026-09-08,"BUS DEL OESTE S.A.","BSAS_LINEA_097","SI","COLECTIVO","NACIONAL","JN","SD",10924,"SI"
2026-09-08,"EXPRESO QUILMES S.A.","BSAS_LINEA_098","SI","COLECTIVO","NACIONAL","JN","SD",73475,"SI"
2026-09-08,"TRANSPORTES AUTOMOTORES RIACHUELO S.A.","BSAS_LINEA_100","SI","COLECTIVO","NACIONAL","JN","SD",34611,"SI"
2026-09-08,"TRANSPORTES QUIRNO COSTA S.A.C.I.","BSAS_LINEA_103","SI","COLECTIVO","NACIONAL","JN","SD",19130,"SI"
2026-09-08,"EMPRESA DE TRANSPORTES AMERICA S.A.C.I.","BSAS_LINEA_105","SI","COLECTIVO","NACIONAL","JN","SD",33900,"SI"
2026-09-08,"GENERAL PUEYRREDON S.A.T.C.I.","BSAS_LINEA_110","SI","COLECTIVO","NACIONAL","JN","SD",37938,"SI"
2026-09-08,"LOS CONSTITUYENTES S.A.T.","BSAS_LINEA_111","SI","COLECTIVO","NACIONAL","JN","SD",19891,"SI"
2026-09-08,"BERNARDINO RIVADAVIA S.A.T.A.","BSAS_LINEA_113","SI","COLECTIVO","NACIONAL","JN","SD",31265,"SI"
2026-09-08,"LA CENTRAL DE VICENTE LOPEZ S.A.","BSAS_LINEA_114","SI","COLECTIVO","NACIONAL","JN","SD",23903,"SI"
2026-09-08,"TRANSPORTE LARRAZABAL C.I.S.A.","BSAS_LINEA_117","SI","COLECTIVO","NACIONAL","JN","SD",28830,"SI"
2026-09-08,"TRANSPORTES AUTOMOTORES CALLAO S.A.","BSAS_LINEA_124","SI","COLECTIVO","NACIONAL","JN","SD",26758,"SI"
2026-09-08,"CARDENAS S.A. EMPRESA DE TRANSPORTES","BSAS_LINEA_126","SI","COLECTIVO","NACIONAL","JN","SD",37782,"SI"
2026-09-08,"LOS CONSTITUYENTES S.A.T.","BSAS_LINEA_127","SI","COLECTIVO","NACIONAL","JN","SD",25854,"SI"
2026-09-08,"EL PUENTE S.A.T.","BSAS_LINEA_128","SI","COLECTIVO","NACIONAL","JN","SD",22533,"SI"
2026-09-08,"LA CENTRAL DE VICENTE LOPEZ S.A.","BSAS_LINEA_129","SI","COLECTIVO","NACIONAL","JN","SD",9891,"SI"
2026-09-08,"TRANSPORTES AVENIDA BERNARDO ADER S.A.","BSAS_LINEA_130","SI","COLECTIVO","NACIONAL","JN","SD",45466,"SI"
2026-09-08,"MICROOMNIBUS SAAVEDRA S.A.T.A.C.I.","BSAS_LINEA_133","SI","COLECTIVO","NACIONAL","JN","SD",23048,"SI"
2026-09-08,"TRANSPORTES AUTOMOTORES RIACHUELO S.A.","BSAS_LINEA_134","SI","COLECTIVO","NACIONAL","JN","SD",27305,"SI"
2026-09-08,"TRANSPORTES LOPE DE VEGA S.A.C.I.","BSAS_LINEA_135","SI","COLECTIVO","NACIONAL","JN","SD",25869,"SI"
2026-09-08,"SARGENTO CABRAL S.A.DE TRANSPORTE","BSAS_LINEA_136","SI","COLECTIVO","NACIONAL","JN","SD",10322,"SI"
2026-09-08,"MICROOMNIBUS SAAVEDRA S.A.T.A.C.I.","BSAS_LINEA_140","SI","COLECTIVO","NACIONAL","JN","SD",24956,"SI"
2026-09-08,"LA CENTRAL DE VICENTE LOPEZ S.A.","BSAS_LINEA_143","SI","COLECTIVO","NACIONAL","JN","SD",19178,"SI"
2026-09-08,"ROCARAZA S.A.","BSAS_LINEA_146","SI","COLECTIVO","NACIONAL","JN","SD",29348,"SI"
2026-09-08,"NUDO S.A.","BSAS_LINEA_150","SI","COLECTIVO","NACIONAL","JN","SD",23804,"SI"
2026-09-08,"EMPRESA TANDILENSE S.A.C.I.F.I.Y DE S.","BSAS_LINEA_152","SI","COLECTIVO","NACIONAL","JN","SD",78602,"SI"
2026-09-08,"MICROOMNIBUS SAAVEDRA S.A.T.A.C.I.","BSAS_LINEA_153","SI","COLECTIVO","NACIONAL","JN","SD",9701,"SI"
2026-09-08,"MICROOMNIBUS CUARENTA Y CINCO S.A.C.I.F.","BSAS_LINEA_154","SI","COLECTIVO","NACIONAL","JN","SD",3821,"SI"
2026-09-08,"EL PUENTE S.A.T.","BSAS_LINEA_158","SI","COLECTIVO","NACIONAL","JN","SD",18702,"SI"
2026-09-08,"MICRO OMNIBUS QUILMES S.A.C.I. Y F.","BSAS_LINEA_159","SI","COLECTIVO","NACIONAL","JN","SD",55526,"SI"
2026-09-08,"MICRO OMNIBUS SUR S.A.C.","BSAS_LINEA_160","SI","COLECTIVO","NACIONAL","JN","SD",38081,"SI"
2026-09-08,"TRANSPORTE LARRAZABAL C.I.S.A.","BSAS_LINEA_161","SI","COLECTIVO","NACIONAL","JN","SD",43727,"SI"
2026-09-08,"SARGENTO CABRAL S.A.DE TRANSPORTE","BSAS_LINEA_163","SI","COLECTIVO","NACIONAL","JN","SD",4137,"SI"
2026-09-08,"EMPRESA LINEA 216 S.A.T.","BSAS_LINEA_166","SI","COLECTIVO","NACIONAL","JN","SD",33220,"SI"
2026-09-08,"EXPRESO SAN ISIDRO S.A.T.C.I.F.I.","BSAS_LINEA_168","SI","COLECTIVO","NACIONAL","JN","SD",38902,"SI"
2026-09-08,"TRANSPORTE ESCALADA S.A.T.","BSAS_LINEA_169","SI","COLECTIVO","NACIONAL","JN","SD",24311,"SI"
2026-09-08,"LA CABAÑA S.A.","BSAS_LINEA_172","SI","COLECTIVO","NACIONAL","JN","SD",18239,"SI"
2026-09-08,"LA CABAÑA S.A.","BSAS_LINEA_174","SI","COLECTIVO","NACIONAL","JN","SD",24719,"SI"
2026-09-08,"EXPRESO GENERAL SARMIENTO S.A.","BSAS_LINEA_176","SI","COLECTIVO","NACIONAL","JN","SD",63208,"SI"
2026-09-08,"SAN VICENTE S.A. DE TRANSPORTES","BSAS_LINEA_177","SI","COLECTIVO","NACIONAL","JN","SD",21545,"SI"
2026-09-08,"COMPAÑIA MICROOMNIBUS LA COLORADA SACI","BSAS_LINEA_178","SI","COLECTIVO","NACIONAL","JN","SD",40666,"SI"
2026-09-08,"GRUPO LINEA 179 S.A.","BSAS_LINEA_179","SI","COLECTIVO","NACIONAL","JN","SD",10863,"SI"
2026-09-08,"LA VECINAL DE MATANZA SACI. DE MICROOMNIBUS","BSAS_LINEA_180","SI","COLECTIVO","NACIONAL","JN","SD",41983,"SI"
2026-09-08,"TTES.AUTOMOTORES DE PASAJEROS SIGLO XXI SA","BSAS_LINEA_181","SI","COLECTIVO","NACIONAL","JN","SD",19865,"SI"
2026-09-08,"SARGENTO CABRAL S.A.DE TRANSPORTE","BSAS_LINEA_182","SI","COLECTIVO","NACIONAL","JN","SD",47656,"SI"
2026-09-08,"MICROOMNIBUS SAAVEDRA S.A.T.A.C.I.","BSAS_LINEA_184","SI","COLECTIVO","NACIONAL","JN","SD",15305,"SI"
2026-09-08,"TRANSPORTE IDEAL SAN JUSTO S.A.","BSAS_LINEA_185","SI","COLECTIVO","NACIONAL","JN","SD",7599,"SI"
2026-09-08,"TRANSPORTE LARRAZABAL C.I.S.A.","BSAS_LINEA_188","SI","COLECTIVO","NACIONAL","JN","SD",28872,"SI"
2026-09-08,"D.U.V.I. SOCIEDAD ANONIMA","BSAS_LINEA_193","SI","COLECTIVO","NACIONAL","JN","SD",7344,"SI"
2026-09-08,"LA NUEVA METROPOL S.A.","BSAS_LINEA_194","SI","COLECTIVO","NACIONAL","JN","SD",20757,"SI"
2026-09-08,"LA NUEVA METROPOL S.A.","BSAS_LINEA_195","SI","COLECTIVO","NACIONAL","JN","SD",14150,"SI"
2026-09-08,"LA CENTRAL DE VICENTE LOPEZ S.A.","BSAS_LINEA_197","SI","COLECTIVO","NACIONAL","JN","SD",25765,"SI"
2026-09-08,"EMPRESA DE TRANSPORTE DEL SUR SRL","BSAS_LINEA_200","SI","COLECTIVO","PROVINCIAL","BUENOS AIRES","SN",732,"SI"
2026-09-08,"TRANSPORTE LA UNION SA","BSAS_LINEA_202","SI","COLECTIVO","PROVINCIAL","BUENOS AIRES","SN",28705,"SI"
2026-09-08,"AZUL S.A. DE TRANSPORTE AUTOMOTOR","BSAS_LINEA_203","SI","COLECTIVO","PROVINCIAL","BUENOS AIRES","SN",93004,"SI"
2026-09-08,"MICRO OMNIBUS TIGRE S.A.","BSAS_LINEA_204","SI","COLECTIVO","PROVINCIAL","BUENOS AIRES","SN",10026,"SI"
2026-09-08,"LINEA SESENTA SA","BSAS_LINEA_204A","SI","COLECTIVO","PROVINCIAL","BUENOS AIRES","SN",4640,"SI"
2026-09-08,"UNION PLATENSE SRL","BSAS_LINEA_214","SI","COLECTIVO","PROVINCIAL","BUENOS AIRES","SN",14839,"SI"
2026-09-08,"EMPRESA NUEVE DE JULIO S.A.T.","BSAS_LINEA_215","SI","COLECTIVO","PROVINCIAL","BUENOS AIRES","SN",6090,"SI"
2026-09-08,"ALMAFUERTE EMPRESA DE TRANSPORTE S.A.C.I. E I","BSAS_LINEA_218","SI","COLECTIVO","PROVINCIAL","BUENOS AIRES","SN",19454,"SI"
2026-09-08,"MICRO OMNIBUS QUILMES S.A.C.I. Y F.","BSAS_LINEA_219","SI","COLECTIVO","PROVINCIAL","BUENOS AIRES","SN",16456,"SI"
2026-09-08,"EXPRESO ESTEBAN ECHEVERRIA S.R.L.","BSAS_LINEA_222","SI","COLECTIVO","PROVINCIAL","BUENOS AIRES","SN",2829,"SI"
2026-09-08,"EMPRESA NUEVE DE JULIO S.A.T.","BSAS_LINEA_225","SI","COLECTIVO","PROVINCIAL","BUENOS AIRES","SN",1795,"SI"
2026-09-08,"LA NUEVA METROPOL S.A.","BSAS_LINEA_228A","SI","COLECTIVO","PROVINCIAL","BUENOS AIRES","SN",344,"SI"
2026-09-08,"LINEA SESENTA SA","BSAS_LINEA_228B","SI","COLECTIVO","PROVINCIAL","BUENOS AIRES","SN",1421,"SI"
2026-09-08,"MICRO OMNIBUS TIGRE S.A.","BSAS_LINEA_228C","SI","COLECTIVO","PROVINCIAL","BUENOS AIRES","SN",3394,"SI"
2026-09-08,"MICRO OMNIBUS TIGRE S.A.","BSAS_LINEA_228E","SI","COLECTIVO","PROVINCIAL","BUENOS AIRES","SN",4115,"SI"
2026-09-08,"LA CENTRAL DE ESCOBAR SA","BSAS_LINEA_228F","SI","COLECTIVO","PROVINCIAL","BUENOS AIRES","SN",9043,"SI"
2026-09-08,"EMPRESA LINEA 216 S.A.T.","BSAS_LINEA_236","SI","COLECTIVO","PROVINCIAL","BUENOS AIRES","SN",68784,"SI"
2026-09-08,"COMPAÑIA ISLEÑA S.R.L.","BSAS_LINEA_237A","SI","COLECTIVO","PROVINCIAL","BUENOS AIRES","SN",42069,"SI"
2026-09-08,"TRANSPORTES UNIDOS DE MERLO S.A.C.I.I.","BSAS_LINEA_238","SI","COLECTIVO","PROVINCIAL","BUENOS AIRES","SN",17228,"SI"
2026-09-08,"COMPAÑÍA DE OMNIBUS 25 DE MAYO LINEA 278","BSAS_LINEA_239A","SI","COLECTIVO","PROVINCIAL","BUENOS AIRES","SN",12916,"SI"
2026-09-08,"EXPRESO VILLA GALICIA  SAN JOSE S.A.","BSAS_LINEA_239B","SI","COLECTIVO","PROVINCIAL","BUENOS AIRES","SN",6539,"SI"
2026-09-08,"LA CABAÑA S.A.","BSAS_LINEA_242","SI","COLECTIVO","PROVINCIAL","BUENOS AIRES","SN",61870,"SI"
2026-09-08,"EMPRESA DEL OESTE SAT","BSAS_LINEA_244","SI","COLECTIVO","PROVINCIAL","BUENOS AIRES","SN",9918,"SI"
2026-09-08,"EMPRESA MONTE GRANDE S.A. LINEA 501","BSAS_LINEA_245","SI","COLECTIVO","PROVINCIAL","BUENOS AIRES","SN",4538,"SI"
2026-09-08,"EXPRESO NUEVE DE JULIO S.A.","BSAS_LINEA_247","SI","COLECTIVO","PROVINCIAL","BUENOS AIRES","SN",24663,"SI"
2026-09-08,"TRANSPORTE JOSE HERNANDEZ S.A.C.I.","BSAS_LINEA_252","SI","COLECTIVO","PROVINCIAL","BUENOS AIRES","SN",17291,"SI"
2026-09-08,"MICROOMNIBUS SAAVEDRA S.A.T.A.C.I.","BSAS_LINEA_253","SI","COLECTIVO","PROVINCIAL","BUENOS AIRES","SN",312,"SI"
2026-09-08,"TRANSPORTE 11 DE JUNIO S.R.L.","BSAS_LINEA_256","SI","COLECTIVO","PROVINCIAL","BUENOS AIRES","SN",711,"SI"
2026-09-08,"EXPRESO VILLA NUEVA S.A.","BSAS_LINEA_257","SI","COLECTIVO","PROVINCIAL","BUENOS AIRES","SN",15787,"SI"
2026-09-08,"EXPRESO VILLA GALICIA  SAN JOSE S.A.","BSAS_LINEA_263B","SI","COLECTIVO","PROVINCIAL","BUENOS AIRES","SN",13104,"SI"
2026-09-08,"SAN VICENTE S.A. DE TRANSPORTES","BSAS_LINEA_263B","SI","COLECTIVO","PROVINCIAL","BUENOS AIRES","SN",17677,"SI"
2026-09-08,"EMPRESA CIUDAD DE SAN FERNANDO SA","BSAS_LINEA_264","SI","COLECTIVO","PROVINCIAL","BUENOS AIRES","SN",13138,"SI"
2026-09-08,"EXPRESO VILLA GALICIA  SAN JOSE S.A.","BSAS_LINEA_266","SI","COLECTIVO","PROVINCIAL","BUENOS AIRES","SN",47143,"SI"
2026-09-08,"EMPRESA LINEA 216 S.A.T.","BSAS_LINEA_269","SI","COLECTIVO","PROVINCIAL","BUENOS AIRES","SN",42847,"SI"
2026-09-08,"GENERAL TOMAS GUIDO S.A.C.I.F.","BSAS_LINEA_271","SI","COLECTIVO","PROVINCIAL","BUENOS AIRES","SN",32977,"SI"
2026-09-08,"UNION PLATENSE SRL","BSAS_LINEA_273","SI","COLECTIVO","PROVINCIAL","BUENOS AIRES","SN",32520,"SI"
2026-09-08,"FUERTE BARRAGAN S.A.T.I.C.I.","BSAS_LINEA_275","SI","COLECTIVO","PROVINCIAL","BUENOS AIRES","SN",22092,"SI"
2026-09-08,"COMPAÑIA ISLEÑA S.R.L.","BSAS_LINEA_276","SI","COLECTIVO","PROVINCIAL","BUENOS AIRES","SN",28010,"SI"
2026-09-08,"CIA LA PAZ AMADOR MOURE SACIFIYA","BSAS_LINEA_277","SI","COLECTIVO","PROVINCIAL","BUENOS AIRES","SN",7347,"SI"
2026-09-08,"COMPAÑÍA DE OMNIBUS 25 DE MAYO LINEA 278","BSAS_LINEA_278","SI","COLECTIVO","PROVINCIAL","BUENOS AIRES","SN",41630,"SI"
2026-09-08,"COMPAÑÍA DE OMNIBUS 25 DE MAYO LINEA 278","BSAS_LINEA_281","SI","COLECTIVO","PROVINCIAL","BUENOS AIRES","SN",15636,"SI"
2026-09-08,"CIA ANDRADE EMPRESA DE TRANSPORTE DE PASAJEROS SRL","BSAS_LINEA_283","SI","COLECTIVO","PROVINCIAL","BUENOS AIRES","SN",23598,"SI"
2026-09-08,"ALMAFUERTE EMPRESA DE TRANSPORTE S.A.C.I. E I","BSAS_LINEA_284","SI","COLECTIVO","PROVINCIAL","BUENOS AIRES","SN",4919,"SI"
2026-09-08,"TRANSPORTES LA PERLITA S.A. ","BSAS_LINEA_288","SI","COLECTIVO","PROVINCIAL","BUENOS AIRES","SN",8887,"SI"
2026-09-08,"COMPAÑIA NOROESTE S.A.T.","BSAS_LINEA_289","SI","COLECTIVO","PROVINCIAL","BUENOS AIRES","SN",13290,"SI"
2026-09-08,"LA CENTRAL DE ESCOBAR SA","BSAS_LINEA_291","SI","COLECTIVO","PROVINCIAL","BUENOS AIRES","SN",19959,"SI"
2026-09-08,"COMPAÑÍA DE OMNIBUS 25 DE MAYO LINEA 278","BSAS_LINEA_293A","SI","COLECTIVO","PROVINCIAL","BUENOS AIRES","SN",9300,"SI"
2026-09-08,"EXPRESO VILLA GALICIA  SAN JOSE S.A.","BSAS_LINEA_293B","SI","COLECTIVO","PROVINCIAL","BUENOS AIRES","SN",11828,"SI"
2026-09-08,"MICRO OMNIBUS O´HIGGINS S.A.T.","BSAS_LINEA_295","SI","COLECTIVO","PROVINCIAL","BUENOS AIRES","SN",18605,"SI"
2026-09-08,"TRANSPORTES UNIDOS DE MERLO S.A.C.I.I.","BSAS_LINEA_297","SI","COLECTIVO","PROVINCIAL","BUENOS AIRES","SN",13844,"SI"
2026-09-08,"LA CABAÑA S.A.","BSAS_LINEA_298","SI","COLECTIVO","PROVINCIAL","BUENOS AIRES","SN",23799,"SI"
2026-09-08,"GENERAL TOMAS GUIDO S.A.C.I.F.","BSAS_LINEA_299","SI","COLECTIVO","PROVINCIAL","BUENOS AIRES","SN",18400,"SI"
2026-09-08,"MICRO OMNIBUS QUILMES S.A.C.I. Y F.","BSAS_LINEA_300","SI","COLECTIVO","PROVINCIAL","BUENOS AIRES","SN",11912,"SI"
2026-09-08,"COMPAÑIA NOROESTE S.A.T.","BSAS_LINEA_304","SI","COLECTIVO","PROVINCIAL","BUENOS AIRES","SN",39342,"SI"
2026-09-08,"EXPRESO ESTEBAN ECHEVERRIA S.R.L.","BSAS_LINEA_306","SI","COLECTIVO","PROVINCIAL","BUENOS AIRES","SN",34117,"SI"
2026-09-08,"EMPRESA LINEA SIETE SAT","BSAS_LINEA_307","SI","COLECTIVO","PROVINCIAL","BUENOS AIRES","SN",31125,"SI"
2026-09-08,"ROCARAZA S.A.","BSAS_LINEA_31","SI","COLECTIVO","NACIONAL","JN","SD",33683,"SI"
2026-09-08,"COMPAÑIA ISLEÑA S.R.L.","BSAS_LINEA_310","SI","COLECTIVO","PROVINCIAL","BUENOS AIRES","SN",4779,"SI"
2026-09-08,"TRANSPORTES LA PERLITA S.A. ","BSAS_LINEA_311","SI","COLECTIVO","PROVINCIAL","BUENOS AIRES","SN",18555,"SI"
2026-09-08,"TRANSPORTES LA PERLITA S.A. ","BSAS_LINEA_312","SI","COLECTIVO","PROVINCIAL","BUENOS AIRES","SN",13292,"SI"
2026-09-08,"RUTA BUS S.A.","BSAS_LINEA_313","SI","COLECTIVO","PROVINCIAL","BUENOS AIRES","SN",3348,"SI"
2026-09-08,"LA PRIMERA DE MARTINEZ S.A","BSAS_LINEA_314","SI","COLECTIVO","PROVINCIAL","BUENOS AIRES","SN",42084,"SI"
2026-09-08,"LA PRIMERA DE GRAND BOURG S.A.","BSAS_LINEA_315","SI","COLECTIVO","PROVINCIAL","BUENOS AIRES","SN",20449,"SI"
2026-09-08,"LA CABAÑA S.A.","BSAS_LINEA_317","SI","COLECTIVO","PROVINCIAL","BUENOS AIRES","SN",15122,"SI"
2026-09-08,"MICRO OMNIBUS MITRE S.A.","BSAS_LINEA_318","SI","COLECTIVO","PROVINCIAL","BUENOS AIRES","SN",33443,"SI"
2026-09-08,"EMPRESA DEL OESTE SAT","BSAS_LINEA_320","SI","COLECTIVO","PROVINCIAL","BUENOS AIRES","SN",4223,"SI"
2026-09-08,"MICROOMNIBUS SAAVEDRA S.A.T.A.C.I.","BSAS_LINEA_321","SI","COLECTIVO","PROVINCIAL","BUENOS AIRES","SN",9029,"SI"
2026-09-08,"LIBERTADOR SAN MARTIN SAT","BSAS_LINEA_322","SI","COLECTIVO","PROVINCIAL","BUENOS AIRES","SN",20462,"SI"
2026-09-08,"COMPAÑÍA DE OMNIBUS 25 DE MAYO LINEA 278","BSAS_LINEA_323","SI","COLECTIVO","PROVINCIAL","BUENOS AIRES","SN",19867,"SI"
2026-09-08,"MICRO OMNIBUS PRIMERA JUNTA S.A","BSAS_LINEA_324","SI","COLECTIVO","PROVINCIAL","BUENOS AIRES","SN",80752,"SI"
2026-09-08,"ALMAFUERTE EMPRESA DE TRANSPORTE S.A.C.I. E I","BSAS_LINEA_325","SI","COLECTIVO","PROVINCIAL","BUENOS AIRES","SN",7755,"SI"
2026-09-08,"LIBERTADOR SAN MARTIN SAT","BSAS_LINEA_327","SI","COLECTIVO","PROVINCIAL","BUENOS AIRES","SN",20441,"SI"
2026-09-08,"TRANSPORTES VILLA BOSCH SAC el","BSAS_LINEA_328","SI","COLECTIVO","PROVINCIAL","BUENOS AIRES","SN",28601,"SI"
2026-09-08,"TRANSPORTES LA PERLITA S.A. ","BSAS_LINEA_329","SI","COLECTIVO","PROVINCIAL","BUENOS AIRES","SN",11080,"SI"
2026-09-08,"LIBERTADOR SAN MARTIN SAT","BSAS_LINEA_336","SI","COLECTIVO","PROVINCIAL","BUENOS AIRES","SN",6229,"SI"
2026-09-08,"TRANSPORTE AUTOMOTORES LA PLATA SA","BSAS_LINEA_338","SI","COLECTIVO","PROVINCIAL","BUENOS AIRES","SN",38341,"SI"
2026-09-08,"EXPRESO PARQUE EL LUCERO S.A. DE TRANSPORTES","BSAS_LINEA_341","SI","COLECTIVO","PROVINCIAL","BUENOS AIRES","SN",21196,"SI"
2026-09-08,"COMPAÑIA NOROESTE S.A.T.","BSAS_LINEA_343","SI","COLECTIVO","PROVINCIAL","BUENOS AIRES","SN",42596,"SI"
2026-09-08,"RUTA BUS S.A.","BSAS_LINEA_350","SI","COLECTIVO","PROVINCIAL","BUENOS AIRES","SN",18009,"SI"
2026-09-08,"TRANSPORTES AUTOMOTORES  LANUS ESTE S.A.","BSAS_LINEA_354","SI","COLECTIVO","PROVINCIAL","BUENOS AIRES","SN",29118,"SI"
2026-09-08,"RUTA BUS S.A.","BSAS_LINEA_355","SI","COLECTIVO","PROVINCIAL","BUENOS AIRES","SN",2323,"SI"
2026-09-08,"LA NUEVA METROPOL S.A.","BSAS_LINEA_365","SI","COLECTIVO","PROVINCIAL","BUENOS AIRES","SN",90849,"SI"
2026-09-08,"SAN VICENTE S.A. DE TRANSPORTES","BSAS_LINEA_370","SI","COLECTIVO","PROVINCIAL","BUENOS AIRES","SN",6603,"SI"
2026-09-08,"EMPRESA CIUDAD DE SAN FERNANDO SA","BSAS_LINEA_371","SI","COLECTIVO","PROVINCIAL","BUENOS AIRES","SN",30252,"SI"
2026-09-08,"MICRO OMNIBUS QUILMES S.A.C.I. Y F.","BSAS_LINEA_372","SI","COLECTIVO","PROVINCIAL","BUENOS AIRES","SN",5503,"SI"
2026-09-08,"GENERAL TOMAS GUIDO S.A.C.I.F.","BSAS_LINEA_373","SI","COLECTIVO","PROVINCIAL","BUENOS AIRES","SN",17588,"SI"
2026-09-08,"ALMAFUERTE EMPRESA DE TRANSPORTE S.A.C.I. E I","BSAS_LINEA_378","SI","COLECTIVO","PROVINCIAL","BUENOS AIRES","SN",23385,"SI"
2026-09-08,"EXPRESO PARQUE EL LUCERO S.A. DE TRANSPORTES","BSAS_LINEA_379","SI","COLECTIVO","PROVINCIAL","BUENOS AIRES","SN",12840,"SI"
2026-09-08,"NUEVO IDEAL S.A.","BSAS_LINEA_382","SI","COLECTIVO","PROVINCIAL","BUENOS AIRES","SN",18504,"SI"
2026-09-08,"TRANSPORTES SAN JUAN BAUTISTA S.A.","BSAS_LINEA_383","SI","COLECTIVO","PROVINCIAL","BUENOS AIRES","SN",13922,"SI"
2026-09-08,"GENERAL TOMAS GUIDO S.A.C.I.F.","BSAS_LINEA_384","SI","COLECTIVO","PROVINCIAL","BUENOS AIRES","SN",6837,"SI"
2026-09-08,"SAN VICENTE S.A. DE TRANSPORTES","BSAS_LINEA_385","SI","COLECTIVO","PROVINCIAL","BUENOS AIRES","SN",10847,"SI"
2026-09-08,"COMPAÑIA  DE TRANSPORTE VECINAL S.A.","BSAS_LINEA_386","SI","COLECTIVO","PROVINCIAL","BUENOS AIRES","SN",1811,"SI"
2026-09-08,"SAN VICENTE S.A. DE TRANSPORTES","BSAS_LINEA_388","SI","COLECTIVO","PROVINCIAL","BUENOS AIRES","SN",2787,"SI"
2026-09-08,"EMPRESA DEL OESTE SAT","BSAS_LINEA_390","SI","COLECTIVO","PROVINCIAL","BUENOS AIRES","SN",7920,"SI"
2026-09-08,"EXPRESO PARQUE EL LUCERO S.A. DE TRANSPORTES","BSAS_LINEA_391","SI","COLECTIVO","PROVINCIAL","BUENOS AIRES","SN",15545,"SI"
2026-09-08,"LIBERTADOR SAN MARTIN SAT","BSAS_LINEA_392","SI","COLECTIVO","PROVINCIAL","BUENOS AIRES","SN",7241,"SI"
2026-09-08,"EMPRESA MONTE GRANDE S.A. LINEA 501","BSAS_LINEA_394","SI","COLECTIVO","PROVINCIAL","BUENOS AIRES","SN",9419,"SI"
2026-09-08,"EMPRESA LINEA 216 S.A.T.","BSAS_LINEA_395","SI","COLECTIVO","PROVINCIAL","BUENOS AIRES","SN",12117,"SI"
2026-09-08,"SAN VICENTE S.A. DE TRANSPORTES","BSAS_LINEA_403","SI","COLECTIVO","PROVINCIAL","BUENOS AIRES","SN",86,"SI"
2026-09-08,"EMPRESA DE TRANSPORTE DEL SUR SRL","BSAS_LINEA_404","SI","COLECTIVO","PROVINCIAL","BUENOS AIRES","SN",16755,"SI"
2026-09-08,"MICRO OMNIBUS AVENIDA S.A.","BSAS_LINEA_405","SI","COLECTIVO","PROVINCIAL","BUENOS AIRES","SN",16196,"SI"
2026-09-08,"TRANSPORTE AUTOMOTORES LA PLATA SA","BSAS_LINEA_406","SI","COLECTIVO","PROVINCIAL","BUENOS AIRES","SN",19491,"SI"
2026-09-08,"EMPRESA NUEVE DE JULIO S.A.T.","BSAS_LINEA_414","SI","COLECTIVO","PROVINCIAL","BUENOS AIRES","SN",1346,"SI"
2026-09-08,"UNION PLATENSE SRL","BSAS_LINEA_418","SI","COLECTIVO","PROVINCIAL","BUENOS AIRES","SN",857,"SI"
2026-09-08,"TRANSPORTES LA PERLITA S.A. ","BSAS_LINEA_422","SI","COLECTIVO","PROVINCIAL","BUENOS AIRES","SN",14291,"SI"
2026-09-08,"LINEA SESENTA SA","BSAS_LINEA_430","SI","COLECTIVO","PROVINCIAL","BUENOS AIRES","SN",1453,"SI"
2026-09-08,"SAN VICENTE S.A. DE TRANSPORTES","BSAS_LINEA_435","SI","COLECTIVO","PROVINCIAL","BUENOS AIRES","SN",2370,"SI"
2026-09-08,"EXPRESO VILLA GALICIA  SAN JOSE S.A.","BSAS_LINEA_436","SI","COLECTIVO","PROVINCIAL","BUENOS AIRES","SN",13138,"SI"
2026-09-08,"LA PRIMERA DE GRAND BOURG S.A.","BSAS_LINEA_440","SI","COLECTIVO","PROVINCIAL","BUENOS AIRES","SN",78757,"SI"
2026-09-08,"EMPRESA LINEA 216 S.A.T.","BSAS_LINEA_441","SI","COLECTIVO","PROVINCIAL","BUENOS AIRES","SN",11837,"SI"
2026-09-08,"EMPRESA LINEA 216 S.A.T.","BSAS_LINEA_443","SI","COLECTIVO","PROVINCIAL","BUENOS AIRES","SN",1157,"SI"
2026-09-08,"EMPRESA DEL OESTE SAT","BSAS_LINEA_443A","SI","COLECTIVO","PROVINCIAL","BUENOS AIRES","SN",6794,"SI"
2026-09-08,"EMPRESA CIUDAD DE SAN FERNANDO SA","BSAS_LINEA_445","SI","COLECTIVO","PROVINCIAL","BUENOS AIRES","SN",4848,"SI"
2026-09-08,"EXPRESO GENERAL SARMIENTO S.A.","BSAS_LINEA_448","SI","COLECTIVO","PROVINCIAL","BUENOS AIRES","SN",39711,"SI"
2026-09-08,"EMPRESA DE TRANSPORTES EL LITORAL S.A.","BSAS_LINEA_449","SI","COLECTIVO","PROVINCIAL","BUENOS AIRES","SN",12777,"SI"
2026-09-08,"EMPRESA DEL OESTE SAT","BSAS_LINEA_461","SI","COLECTIVO","PROVINCIAL","BUENOS AIRES","SN",5243,"SI"
2026-09-08,"EMPRESA DEL OESTE SAT","BSAS_LINEA_462","SI","COLECTIVO","PROVINCIAL","BUENOS AIRES","SN",2337,"SI"
2026-09-08,"EMPRESA DEL OESTE SAT","BSAS_LINEA_463","SI","COLECTIVO","PROVINCIAL","BUENOS AIRES","SN",14196,"SI"
2026-09-08,"EMPRESA DEL OESTE SAT","BSAS_LINEA_464","SI","COLECTIVO","PROVINCIAL","BUENOS AIRES","SN",10483,"SI"
2026-09-08,"TRANSPORTES LA PERLITA S.A. ","BSAS_LINEA_500","SI","COLECTIVO","MUNICIPAL","BUENOS AIRES","GENERAL RODRIGUEZ",19221,"SI"
2026-09-08,"EMPRESA DE TRANSPORTES SANTA RITA  SRL","BSAS_LINEA_500B","SI","COLECTIVO","MUNICIPAL","BUENOS AIRES","BRANDSEN",1477,"SI"
2026-09-08,"TRANSPORTE 11 DE JUNIO S.R.L.","BSAS_LINEA_500C","SI","COLECTIVO","MUNICIPAL","BUENOS AIRES","LUJAN",995,"SI"
2026-09-08,"TRANSPORTES UNIDOS DE MERLO S.A.C.I.I.","BSAS_LINEA_500D","SI","COLECTIVO","MUNICIPAL","BUENOS AIRES","MERLO",39923,"SI"
2026-09-08,"COOPERATIVA DE TRABAJO 6 DE JULIO LIMITADA","BSAS_LINEA_501","SI","COLECTIVO","MUNICIPAL","BUENOS AIRES","CAMPANA",718,"SI"
2026-09-08,"EMPRESA TRANSPORTE TRATADO DEL PILAR S.R.L.","BSAS_LINEA_501B","SI","COLECTIVO","MUNICIPAL","BUENOS AIRES","PILAR",11108,"SI"
2026-09-08,"EMPRESA MONTE GRANDE S.A. LINEA 501","BSAS_LINEA_501C","SI","COLECTIVO","MUNICIPAL","BUENOS AIRES","ESTEBAN ECHEVERRIA",43736,"SI"
2026-09-08,"EXPRESO EMPALME LOBOS S.R.L.","BSAS_LINEA_501D","SI","COLECTIVO","MUNICIPAL","BUENOS AIRES","LOBOS",1743,"SI"
2026-09-08,"MICRO OMNIBUS PRIMERA JUNTA S.A","BSAS_LINEA_501E","SI","COLECTIVO","MUNICIPAL","BUENOS AIRES","FLORENCIO VARELA",3072,"SI"
2026-09-08,"TRANSPORTE 11 DE JUNIO S.R.L.","BSAS_LINEA_501F","SI","COLECTIVO","MUNICIPAL","BUENOS AIRES","LUJAN",2678,"SI"
2026-09-08,"TRANSPORTES LA PERLITA S.A. ","BSAS_LINEA_501G","SI","COLECTIVO","MUNICIPAL","BUENOS AIRES","MORENO",135685,"SI"
2026-09-08,"RUTA BUS S.A.","BSAS_LINEA_501H","SI","COLECTIVO","MUNICIPAL","BUENOS AIRES","EXALTACION DE LA CRUZ",2253,"SI"
2026-09-08,"LA PRIMERA DE MALVINAS ARGENTINAS UTE","BSAS_LINEA_501I","SI","COLECTIVO","MUNICIPAL","BUENOS AIRES","MALVINAS ARGENTINAS",7953,"SI"
2026-09-08,"LINEA EXPRESO LINIERS S.A.I.Y C.","BSAS_LINEA_502","SI","COLECTIVO","MUNICIPAL","BUENOS AIRES","CAÑUELAS",1703,"SI"
2026-09-08,"UNION PLATENSE SRL","BSAS_LINEA_502_SUR","SI","COLECTIVO","MUNICIPAL","BUENOS AIRES","LA PLATA",8458,"SI"
2026-09-08,"EXPRESO EMPALME LOBOS S.R.L.","BSAS_LINEA_502A","SI","COLECTIVO","MUNICIPAL","BUENOS AIRES","LOBOS",118,"SI"
2026-09-08,"TRANSPORTE 11 DE JUNIO S.R.L.","BSAS_LINEA_502B","SI","COLECTIVO","MUNICIPAL","BUENOS AIRES","LUJAN",1856,"SI"
2026-09-08,"EMPRESA TRANSPORTE TRATADO DEL PILAR S.R.L.","BSAS_LINEA_503","SI","COLECTIVO","MUNICIPAL","BUENOS AIRES","PILAR",2361,"SI"
2026-09-08,"MICROEXPRES S.A.","BSAS_LINEA_503_ESTE","SI","COLECTIVO","MUNICIPAL","BUENOS AIRES","LA PLATA",6680,"SI"
2026-09-08,"UNION TRANSITORIA COSA CIA TRANSPORTE VECINAL U.T.","BSAS_LINEA_503A","SI","COLECTIVO","MUNICIPAL","BUENOS AIRES","MERLO",36392,"SI"
2026-09-08,"SAN VICENTE S.A. DE TRANSPORTES","BSAS_LINEA_503C","SI","COLECTIVO","MUNICIPAL","BUENOS AIRES","SAN VICENTE",2791,"SI"
2026-09-08,"EXPRESO LA PLATA BUENOS AIRES S.A.","BSAS_LINEA_503E","SI","COLECTIVO","MUNICIPAL","BUENOS AIRES","LA PLATA",22252,"SI"
2026-09-08,"TRANSPORTE 11 DE JUNIO S.R.L.","BSAS_LINEA_503E","SI","COLECTIVO","MUNICIPAL","BUENOS AIRES","LUJAN",1365,"SI"
2026-09-08,"EMPRESA LINEA 216 S.A.T.","BSAS_LINEA_504A","SI","COLECTIVO","MUNICIPAL","BUENOS AIRES","MERLO",45789,"SI"
2026-09-08,"MICRO OMNIBUS PRIMERA JUNTA S.A","BSAS_LINEA_504C","SI","COLECTIVO","MUNICIPAL","BUENOS AIRES","FLORENCIO VARELA",5675,"SI"
2026-09-08,"MICRO OMNIBUS TIGRE S.A.","BSAS_LINEA_505A","SI","COLECTIVO","MUNICIPAL","BUENOS AIRES","ESCOBAR",186,"SI"
2026-09-08,"MICRO OMNIBUS TIGRE S.A.","BSAS_LINEA_505C","SI","COLECTIVO","MUNICIPAL","BUENOS AIRES","CAMPANA",486,"SI"
2026-09-08,"COMPAÑIA MICROOMNIBUS LA COLORADA SACI","BSAS_LINEA_505D","SI","COLECTIVO","MUNICIPAL","BUENOS AIRES","FLORENCIO VARELA",9568,"SI"
2026-09-08,"EMPRESA MONTERREY S.R.L.","BSAS_LINEA_506A","SI","COLECTIVO","MUNICIPAL","BUENOS AIRES","PILAR",4916,"SI"
2026-09-08,"MICRO OMNIBUS TIGRE S.A.","BSAS_LINEA_506B","SI","COLECTIVO","MUNICIPAL","BUENOS AIRES","ESCOBAR",1493,"SI"
2026-09-08,"SAN VICENTE S.A. DE TRANSPORTES","BSAS_LINEA_507","SI","COLECTIVO","MUNICIPAL","BUENOS AIRES","FLORENCIO VARELA",4211,"SI"
2026-09-08,"MICRO OMNIBUS TIGRE S.A.","BSAS_LINEA_508A","SI","COLECTIVO","MUNICIPAL","BUENOS AIRES","ESCOBAR",6645,"SI"
2026-09-08,"EMPRESA NUEVE DE JULIO S.A.T.","BSAS_LINEA_508C","SI","COLECTIVO","MUNICIPAL","BUENOS AIRES","LA PLATA",1035,"SI"
2026-09-08,"LA PRIMERA DE LA ESCONDIDA SRL","BSAS_LINEA_509","SI","COLECTIVO","MUNICIPAL","BUENOS AIRES","PILAR",5464,"SI"
2026-09-08,"LINEA SESENTA SA","BSAS_LINEA_509D","SI","COLECTIVO","MUNICIPAL","BUENOS AIRES","ESCOBAR",2162,"SI"
2026-09-08,"EXPRESO VILLA GALICIA  SAN JOSE S.A.","BSAS_LINEA_510A","SI","COLECTIVO","MUNICIPAL","BUENOS AIRES","ALMIRANTE BROWN",3104,"SI"
2026-09-08,"PILARBUS SA","BSAS_LINEA_510B","SI","COLECTIVO","MUNICIPAL","BUENOS AIRES","PILAR",16604,"SI"
2026-09-08,"SAN VICENTE S.A. DE TRANSPORTES","BSAS_LINEA_511","SI","COLECTIVO","MUNICIPAL","BUENOS AIRES","FLORENCIO VARELA",955,"SI"
2026-09-08,"RUTA BUS S.A.","BSAS_LINEA_511","SI","COLECTIVO","MUNICIPAL","BUENOS AIRES","PILAR",12146,"SI"
2026-09-08,"MICRO OMNIBUS TIGRE S.A.","BSAS_LINEA_511A","SI","COLECTIVO","MUNICIPAL","BUENOS AIRES","ESCOBAR",16,"SI"
2026-09-08,"SAN VICENTE S.A. DE TRANSPORTES","BSAS_LINEA_512","SI","COLECTIVO","MUNICIPAL","BUENOS AIRES","FLORENCIO VARELA",5716,"SI"
2026-09-08,"SAN VICENTE S.A. DE TRANSPORTES","BSAS_LINEA_513","SI","COLECTIVO","MUNICIPAL","BUENOS AIRES","FLORENCIO VARELA",5201,"SI"
2026-09-08,"MICRO OMNIBUS TIGRE S.A.","BSAS_LINEA_513A","SI","COLECTIVO","MUNICIPAL","BUENOS AIRES","ESCOBAR",164,"SI"
2026-09-08,"MICRO OMNIBUS AVENIDA S.A.","BSAS_LINEA_514","SI","COLECTIVO","MUNICIPAL","BUENOS AIRES","ALMIRANTE BROWN",23079,"SI"
2026-09-08,"TRANSPORTE DEL SUR S.R.L.","BSAS_LINEA_515","SI","COLECTIVO","MUNICIPAL","BUENOS AIRES","ALMIRANTE BROWN",16343,"SI"
2026-09-08,"EMPRESA J.M. EZEIZA S.R.L.","BSAS_LINEA_518","SI","COLECTIVO","MUNICIPAL","BUENOS AIRES","EZEIZA",23286,"SI"
2026-09-08,"EXPRESO LA PLATA BUENOS AIRES S.A.","BSAS_LINEA_518","SI","COLECTIVO","MUNICIPAL","BUENOS AIRES","LA PLATA",807,"SI"
2026-09-08,"LA CENTRAL DE ESCOBAR SA","BSAS_LINEA_520A","SI","COLECTIVO","MUNICIPAL","BUENOS AIRES","PILAR",18676,"SI"
2026-09-08,"MICRO OMNIBUS AVENIDA S.A.","BSAS_LINEA_520B","SI","COLECTIVO","MUNICIPAL","BUENOS AIRES","LANUS",13507,"SI"
2026-09-08,"UNION PLATENSE SRL","BSAS_LINEA_520C","SI","COLECTIVO","MUNICIPAL","BUENOS AIRES","LA PLATA",8866,"SI"
2026-09-08,"CIA ANDRADE EMPRESA DE TRANSPORTE DE PASAJEROS SRL","BSAS_LINEA_523","SI","COLECTIVO","MUNICIPAL","BUENOS AIRES","LANUS",5611,"SI"
2026-09-08,"EMPRESA CINCO DE AGOSTO S.R.L.","BSAS_LINEA_524","SI","COLECTIVO","MUNICIPAL","BUENOS AIRES","LANUS",8438,"SI"
2026-09-08,"EMPRESA DE TRANSPORTE 12 DE OCTUBRE S R L","BSAS_LINEA_531","NO","COLECTIVO","MUNICIPAL","BUENOS AIRES","GENERAL PUEYRREDON",8245,"SI"
2026-09-08,"EMPRESA DE TRANSPORTE 12 DE OCTUBRE S R L","BSAS_LINEA_532","NO","COLECTIVO","MUNICIPAL","BUENOS AIRES","GENERAL PUEYRREDON",7511,"SI"
2026-09-08,"EMPRESA DE TRANSPORTE 12 DE OCTUBRE S R L","BSAS_LINEA_533","NO","COLECTIVO","MUNICIPAL","BUENOS AIRES","GENERAL PUEYRREDON",1490,"SI"
2026-09-08,"YITOS S.A.","BSAS_LINEA_541","SI","COLECTIVO","MUNICIPAL","BUENOS AIRES","LOMAS DE ZAMORA",13263,"SI"
2026-09-08,"YITOS S.A.","BSAS_LINEA_543","SI","COLECTIVO","MUNICIPAL","BUENOS AIRES","LOMAS DE ZAMORA",15598,"SI"
2026-09-08,"YITOS S.A.","BSAS_LINEA_544","SI","COLECTIVO","MUNICIPAL","BUENOS AIRES","LOMAS DE ZAMORA",18652,"SI"
2026-09-08,"YITOS S.A.","BSAS_LINEA_549","SI","COLECTIVO","MUNICIPAL","BUENOS AIRES","LOMAS DE ZAMORA",3046,"SI"
2026-09-08,"YITOS S.A.","BSAS_LINEA_561","SI","COLECTIVO","MUNICIPAL","BUENOS AIRES","LOMAS DE ZAMORA",4114,"SI"
2026-09-08,"EMPRESA NUEVE DE JULIO S.A.T.","BSAS_LINEA_561B","SI","COLECTIVO","MUNICIPAL","BUENOS AIRES","LA PLATA",1430,"SI"
2026-09-08,"YITOS S.A.","BSAS_LINEA_562","SI","COLECTIVO","MUNICIPAL","BUENOS AIRES","LOMAS DE ZAMORA",8490,"SI"
2026-09-08,"EXPRESO VILLA GALICIA  SAN JOSE S.A.","BSAS_LINEA_564","SI","COLECTIVO","MUNICIPAL","BUENOS AIRES","LOMAS DE ZAMORA",11794,"SI"
2026-09-08,"EXPRESO VILLA NUEVA S.A.","BSAS_LINEA_580","SI","COLECTIVO","MUNICIPAL","BUENOS AIRES","QUILMES",3339,"SI"
2026-09-08,"EXPRESO VILLA NUEVA S.A.","BSAS_LINEA_582","SI","COLECTIVO","MUNICIPAL","BUENOS AIRES","QUILMES",10426,"SI"
2026-09-08,"MICRO OMNIBUS PRIMERA JUNTA S.A","BSAS_LINEA_583","SI","COLECTIVO","MUNICIPAL","BUENOS AIRES","QUILMES",11495,"SI"
2026-09-08,"MICRO OMNIBUS QUILMES S.A.C.I. Y F.","BSAS_LINEA_584","SI","COLECTIVO","MUNICIPAL","BUENOS AIRES","QUILMES",7158,"SI"
2026-09-08,"COMPAÑÍA DE OMNIBUS 25 DE MAYO LINEA 278","BSAS_LINEA_585","SI","COLECTIVO","MUNICIPAL","BUENOS AIRES","QUILMES",26292,"SI"
2026-09-08,"COMPAÑÍA DE OMNIBUS 25 DE MAYO LINEA 278","BSAS_LINEA_586","SI","COLECTIVO","MUNICIPAL","BUENOS AIRES","QUILMES",694,"SI"
2026-09-08,"MICRO OMNIBUS QUILMES S.A.C.I. Y F.","BSAS_LINEA_603","SI","COLECTIVO","MUNICIPAL","BUENOS AIRES","BERAZATEGUI",14986,"SI"
2026-09-08,"MICRO OMNIBUS QUILMES S.A.C.I. Y F.","BSAS_LINEA_619","SI","COLECTIVO","MUNICIPAL","BUENOS AIRES","BERAZATEGUI",9486,"SI"
2026-09-08,"NUEVO IDEAL S.A.","BSAS_LINEA_620","SI","COLECTIVO","MUNICIPAL","BUENOS AIRES","LA MATANZA",66285,"SI"
2026-09-08,"TRANSPORTE IDEAL SAN JUSTO S.A.","BSAS_LINEA_621","SI","COLECTIVO","MUNICIPAL","BUENOS AIRES","LA MATANZA",35833,"SI"
2026-09-08,"ALMAFUERTE EMPRESA DE TRANSPORTE S.A.C.I. E I","BSAS_LINEA_622","SI","COLECTIVO","MUNICIPAL","BUENOS AIRES","LA MATANZA",25450,"SI"
2026-09-08,"LA CABAÑA S.A.","BSAS_LINEA_624","SI","COLECTIVO","MUNICIPAL","BUENOS AIRES","LA MATANZA",28894,"SI"
2026-09-08,"ALMAFUERTE EMPRESA DE TRANSPORTE S.A.C.I. E I","BSAS_LINEA_628","SI","COLECTIVO","MUNICIPAL","BUENOS AIRES","LA MATANZA",2544,"SI"
2026-09-08,"EMPRESA LINEA 216 S.A.T.","BSAS_LINEA_634","SI","COLECTIVO","MUNICIPAL","BUENOS AIRES","MORON",14955,"SI"
2026-09-08,"LA CABAÑA S.A.","BSAS_LINEA_635","SI","COLECTIVO","MUNICIPAL","BUENOS AIRES","MORON",8515,"SI"
2026-09-08,"COMPAÑIA ISLEÑA S.R.L.","BSAS_LINEA_670","SI","COLECTIVO","MUNICIPAL","BUENOS AIRES","GENERAL SAN MARTIN",32256,"SI"
2026-09-08,"EMPRESA CIUDAD DE SAN FERNANDO SA","BSAS_LINEA_710","SI","COLECTIVO","MUNICIPAL","BUENOS AIRES","SAN FERNANDO",21705,"SI"
2026-09-08,"MICRO OMNIBUS TIGRE S.A.","BSAS_LINEA_720","SI","COLECTIVO","MUNICIPAL","BUENOS AIRES","TIGRE",37117,"SI"
2026-09-08,"MICRO OMNIBUS GENERAL PACHECO SA","BSAS_LINEA_721","SI","COLECTIVO","MUNICIPAL","BUENOS AIRES","TIGRE",34143,"SI"
2026-09-08,"UTENOR LINEA 723 UNION TRANSITORIA DE EMPRESAS","BSAS_LINEA_723","SI","COLECTIVO","MUNICIPAL","BUENOS AIRES","TIGRE",9768,"SI"
2026-09-08,"LA PRIMERA DE GRAND BOURG S.A.","BSAS_LINEA_740","SI","COLECTIVO","MUNICIPAL","BUENOS AIRES","SAN MIGUEL",30344,"SI"
2026-09-08,"SARGENTO CABRAL S.A.DE TRANSPORTE","BSAS_LINEA_741","SI","COLECTIVO","MUNICIPAL","BUENOS AIRES","JOSE C. PAZ",14798,"SI"
2026-09-08,"EMPRESA DE TRANSPORTES EL LITORAL S.A.","BSAS_LINEA_749","SI","COLECTIVO","MUNICIPAL","BUENOS AIRES","JOSE C. PAZ",25097,"SI"
2026-09-08,"TRANSPORTES COLEGIALES S.A.C.I.","CABA_LINEA_ 42","SI","COLECTIVO","C.A.B.A","C.A.B.A","SD",24680,"SI"
2026-09-08,"D.O.T.A. S.A. DE TRANSPORTE AUTOMOTOR","CABA_LINEA_ 44","SI","COLECTIVO","C.A.B.A","C.A.B.A","SD",25747,"SI"
2026-09-08,"NUDO S.A.","CABA_LINEA_ 50","SI","COLECTIVO","C.A.B.A","C.A.B.A","SD",28036,"SI"
2026-09-08,"TRANSPORTES LOPE DE VEGA S.A.C.I.","CABA_LINEA_ 76","SI","COLECTIVO","C.A.B.A","C.A.B.A","SD",27090,"SI"
2026-09-08,"TRANSPORTES AUTOMOTORES RIACHUELO S.A.","CABA_LINEA_025","SI","COLECTIVO","C.A.B.A","C.A.B.A","SD",10013,"SI"
2026-09-08,"JUAN B. JUSTO S.A.T.C.I.","CABA_LINEA_04","SI","COLECTIVO","C.A.B.A","C.A.B.A","SD",21548,"SI"
2026-09-08,"TRANSPORTES AUTOMOTORES RIACHUELO S.A.","CABA_LINEA_084","SI","COLECTIVO","C.A.B.A","C.A.B.A","SD",16488,"SI"
2026-09-08,"TRANSP. SGTO. CABRAL","CABA_LINEA_102","SI","COLECTIVO","C.A.B.A","C.A.B.A","SD",24139,"SI"
2026-09-08,"COLECTIVEROS UNIDOS S.A.","CABA_LINEA_106","SI","COLECTIVO","C.A.B.A","C.A.B.A","SD",60012,"SI"
2026-09-08,"NUDO S.A.","CABA_LINEA_107","SI","COLECTIVO","C.A.B.A","C.A.B.A","SD",28244,"SI"
2026-09-08,"EMPRESA DE TRANSP. TTE. GRAL. ROCA S.A","CABA_LINEA_108","SI","COLECTIVO","C.A.B.A","C.A.B.A","SD",17708,"SI"
2026-09-08,"TRANSPORTE NUEVE DE JULIO SAC.","CABA_LINEA_109","SI","COLECTIVO","C.A.B.A","C.A.B.A","SD",22031,"SI"
2026-09-08,"TRANSPORTES AUTOMOTORES RIACHUELO S.A.","CABA_LINEA_115","SI","COLECTIVO","C.A.B.A","C.A.B.A","SD",25682,"SI"
2026-09-08,"MICROOMNIBUS BARRANCAS DE BELGRANO S.A.","CABA_LINEA_118","SI","COLECTIVO","C.A.B.A","C.A.B.A","SD",20237,"SI"
2026-09-08,"TRANSPORTES AUTOMOTORES CALLAO S.A.","CABA_LINEA_12","SI","COLECTIVO","C.A.B.A","C.A.B.A","SD",46186,"SI"
2026-09-08,"NUEVOS RUMBOS S.A.T.A.C.I.F.I.","CABA_LINEA_132","SI","COLECTIVO","C.A.B.A","C.A.B.A","SD",51711,"SI"
2026-09-08,"LA NUEVA METROPOL S.A.","CABA_LINEA_151","SI","COLECTIVO","C.A.B.A","C.A.B.A","SD",35169,"SI"
2026-09-08,"17 DE AGOSTO S.A.","CABA_LINEA_26","SI","COLECTIVO","C.A.B.A","C.A.B.A","SD",29184,"SI"
2026-09-08,"JUAN B. JUSTO S.A.T.C.I.","CABA_LINEA_34","SI","COLECTIVO","C.A.B.A","C.A.B.A","SD",42746,"SI"
2026-09-08,"TRANSPORTES SANTA FE S.A.C.I.","CABA_LINEA_39","SI","COLECTIVO","C.A.B.A","C.A.B.A","SD",58189,"SI"
2026-09-08,"LINEA DE MICROOMNIBUS 47 S.A.T.C.F.I.","CABA_LINEA_47","SI","COLECTIVO","C.A.B.A","C.A.B.A","SD",18669,"SI"
2026-09-08,"LA CENTRAL DE VICENTE LOPEZ S.A.","CABA_LINEA_61","SI","COLECTIVO","C.A.B.A","C.A.B.A","SD",9554,"SI"
2026-09-08,"LA CENTRAL DE VICENTE LOPEZ S.A.","CABA_LINEA_62","SI","COLECTIVO","C.A.B.A","C.A.B.A","SD",10054,"SI"
2026-09-08,"VUELTA DE ROCHA S.A.T.C.I.","CABA_LINEA_64","SI","COLECTIVO","C.A.B.A","C.A.B.A","SD",17393,"SI"
2026-09-08,"LA NUEVA METROPOL S.A.","CABA_LINEA_65","SI","COLECTIVO","C.A.B.A","C.A.B.A","SD",26788,"SI"
2026-09-08,"TRANSPORTES SESENTA Y OCHO S.R.L.","CABA_LINEA_68","SI","COLECTIVO","C.A.B.A","C.A.B.A","SD",40204,"SI"
2026-09-08,"NUDO S.A.","CABA_LINEA_7","SI","COLECTIVO","C.A.B.A","C.A.B.A","SD",15698,"SI"
2026-09-08,"COOP. DE PROVISION DE SERVICIOS 1 DE SEPTIEMBRE LTDA","CHACRA MONTE - PAISSANIDIS","NO","COLECTIVO","MUNICIPAL","RÍO NEGRO","GENERAL ROCA",790,"SI"
2026-09-08,"SOFSE - Mitre","FCC MITRE_TIGRE","SI","TREN","NACIONAL","JN","SD",51672,"SI"
2026-09-08,"SOFSE - Roca","FFCC ROCA","SI","TREN","NACIONAL","JN","SD",329892,"SI"
2026-09-08,"SOFSE- SARMIENTO","FFCC SAR  MERLO - LOBOS","SI","TREN","NACIONAL","JN","SD",2111,"SI"
2026-09-08,"SOFSE- SARMIENTO","FFCC SAR MORENO - MERCEDES","SI","TREN","NACIONAL","JN","SD",936,"SI"
2026-09-08,"SOFSE- SARMIENTO","FFCC SAR","SI","TREN","NACIONAL","JN","SD",180712,"SI"
2026-09-08,"SOFSE - TREN DEL VALLE","FFCC TREN DEL VALLE","NO","TREN","NACIONAL","JN","SD",868,"SI"
2026-09-08,"METROVIAS S.A. (URQUIZA)","FFCC URQUIZA","SI","TREN","NACIONAL","JN","SD",54145,"SI"
2026-09-08,"SOFSE - Belgrano Sur","FFCC_BELG_SUR","SI","TREN","NACIONAL","JN","SD",41170,"SI"
2026-09-08,"FERROVIAS S.A.","FFCC_BELGRANO_NORTE","SI","TREN","NACIONAL","JN","SD",88973,"SI"
2026-09-08,"SOFSE - Mitre","FFCC_MITRE","SI","TREN","NACIONAL","JN","SD",94,"SI"
2026-09-08,"SOFSE - Mitre","FFCC_MITRE_CAPILLA","SI","TREN","NACIONAL","JN","SD",165,"SI"
2026-09-08,"SOFSE - Mitre","FFCC_MITRE_ZARATE","SI","TREN","NACIONAL","JN","SD",58,"SI"
2026-09-08,"SOFSE - Roca","FFCC_ROCA_CAÑUELAS-LOBOS","SI","TREN","NACIONAL","JN","SD",1,"SI"
2026-09-08,"SOFSE - Roca","FFCC_ROCA_CAÑUELAS-MONTE","SI","TREN","NACIONAL","JN","SD",3,"SI"
2026-09-08,"SOFSE - Roca","FFCC_ROCA_KORN-CHASCOMUS","SI","TREN","NACIONAL","JN","SD",23,"SI"
2026-09-08,"SOFSE - Roca","FFCC_ROCA_UNIVERSITARIO","SI","TREN","NACIONAL","JN","SD",254,"SI"
2026-09-08,"SOFSE - San Martin","FFCC_SANM","SI","TREN","NACIONAL","JN","SD",104158,"SI"
2026-09-08,"SOFSE - Mitre","FFCC_SUAREZ","SI","TREN","NACIONAL","JN","SD",53267,"SI"
2026-09-08,"SOFSE- TREN DE LA COSTA","FFCC_TREN_COSTA","SI","TREN","NACIONAL","JN","SD",3690,"SI"
2026-09-08,"COOP. DE PROVISION DE SERVICIOS 1 DE SEPTIEMBRE LTDA","ISLAS MALVINAS - PUENTE CERO","NO","COLECTIVO","MUNICIPAL","RÍO NEGRO","GENERAL ROCA",1344,"SI"
2026-09-08,"COOP. DE PROVISION DE SERVICIOS 1 DE SEPTIEMBRE LTDA","J.J. GOMEZ - ALTA BARDA","NO","COLECTIVO","MUNICIPAL","RÍO NEGRO","GENERAL ROCA",1516,"SI"
2026-09-08,"EMOVA MOVILIDAD S.A. (ex MTV)","LIN_PREMETRO","SI","SUBTE",,,,7022,"SI"
2026-09-08,"DAVALO ELIANA ELISABET","LINEA 02","NO","COLECTIVO","MUNICIPAL","SANTA FE","RECONQUISTA",383,"SI"
2026-09-08,"MAREGA GUSTAVO ANTONIO","LINEA 03","NO","COLECTIVO","MUNICIPAL","SANTA FE","RECONQUISTA",210,"SI"
2026-09-08,"BRAIDOT JOSE MANUEL","LINEA 04","NO","COLECTIVO","MUNICIPAL","SANTA FE","RECONQUISTA",426,"SI"
2026-09-08,"TRANSPORTE JACOBSEN S.R.L.","LINEA 1 ESQUEL/LA ALDEA","NO","COLECTIVO","PROVINCIAL","CHUBUT","SN",1569,"SI"
2026-09-08,"EMPRESA DE TRANSPORTE 12 DE OCTUBRE S R L","LINEA 1","NO","COLECTIVO","MUNICIPAL","BUENOS AIRES","PINAMAR",1354,"SI"
2026-09-08,"VIA 51 VIAJES SA","LINEA 1","NO","COLECTIVO","MUNICIPAL","BUENOS AIRES","TORNQUIST",272,"SI"
2026-09-08,"TRANSPORTE JACOBSEN S.R.L.","LINEA 1","NO","COLECTIVO","MUNICIPAL","CHUBUT","ESQUEL",1286,"SI"
2026-09-08,"SI! BUS EMPRESA SARMIENTO S.R.L - INTERCORDOBA S.A – UTE","LINEA 1","NO","COLECTIVO","MUNICIPAL","CORDOBA","VILLA ALLENDE",329,"SI"
2026-09-08,"COOPERATIVA TRABAJO TRANSPORTES CONCORDIA LTDA","LINEA 1","NO","COLECTIVO","MUNICIPAL","ENTRE RÍOS","CONCORDIA",6512,"SI"
2026-09-08,"DELCAUSSE HERMANOS SOCIEDAD DE RESPONSABILIDAD LIMITADA","LINEA 1","NO","COLECTIVO","MUNICIPAL","ENTRE RÍOS","GUALEGUAYCHU",1514,"SI"
2026-09-08,"ENTE MUNICIPAL DE SERVICIOS URBANOS","LINEA 1","NO","COLECTIVO","MUNICIPAL","LA PAMPA","SANTA ROSA",1143,"SI"
2026-09-08,"PEHUENCHE S A","LINEA 1","NO","COLECTIVO","MUNICIPAL","RÍO NEGRO","CIPOLLETTI",217,"SI"
2026-09-08,"MUNICIPALIDAD DE RAFAELA","LINEA 1","NO","COLECTIVO","MUNICIPAL","SANTA FE","RAFAELA",246,"SI"
2026-09-08,"AUTOTRANSPORTE DECANO S.R.L","LINEA 1","NO","COLECTIVO","MUNICIPAL","SANTIAGO DEL ESTERO","LA BANDA",62,"SI"
2026-09-08,"EL GALGO SRL","LINEA 1","NO","COLECTIVO","MUNICIPAL","TUCUMAN","SAN MIGUEL DE TUCUMAN",3937,"SI"
2026-09-08,"TRANSPORTES SAN CAYETANO S.A.C.","LINEA 1","SI","COLECTIVO","NACIONAL","JN","SD",13060,"SI"
2026-09-08,"CONIFERAL S.A.","LINEA 10","NO","COLECTIVO","MUNICIPAL","CORDOBA","CORDOBA",6441,"SI"
2026-09-08,"LEAGAS S.A.","LINEA 10","NO","COLECTIVO","MUNICIPAL","TUCUMAN","SAN MIGUEL DE TUCUMAN",6728,"SI"
2026-09-08,"VIZZONI LIDIA INES","LINEA 10","NO","COLECTIVO","PROVINCIAL","CATAMARCA","SN",409,"SI"
2026-09-08,"S.A TRANSPORTE CIUDAD DE RIO CUARTO","LINEA 100","NO","COLECTIVO","MUNICIPAL","CORDOBA","RIO CUARTO",122,"SI"
2026-09-08,"SOCIEDAD DE TRANSPORTE DE MENDOZA SOCIEDAD ANONIMA UNIPERSONAL DE PARTICIPACION ESTATAL","LINEA 100","NO","COLECTIVO","PROVINCIAL","MENDOZA","SN",4247,"SI"
2026-09-08,"S.A TRANSPORTE CIUDAD DE RIO CUARTO","LINEA 101","NO","COLECTIVO","MUNICIPAL","CORDOBA","RIO CUARTO",164,"SI"
2026-09-08,"D.O.T.A. S.A. DE TRANSPORTE AUTOMOTOR","LINEA 101","SI","COLECTIVO","NACIONAL","JN","SD",41255,"SI"
2026-09-08,"S.A TRANSPORTE CIUDAD DE RIO CUARTO","LINEA 102","NO","COLECTIVO","MUNICIPAL","CORDOBA","RIO CUARTO",68,"SI"
2026-09-08,"S.A TRANSPORTE CIUDAD DE RIO CUARTO","LINEA 103","NO","COLECTIVO","MUNICIPAL","CORDOBA","RIO CUARTO",25,"SI"
2026-09-08,"S.A TRANSPORTE CIUDAD DE RIO CUARTO","LINEA 104","NO","COLECTIVO","MUNICIPAL","CORDOBA","RIO CUARTO",5,"SI"
2026-09-08,"S.A TRANSPORTE CIUDAD DE RIO CUARTO","LINEA 105","NO","COLECTIVO","MUNICIPAL","CORDOBA","RIO CUARTO",14,"SI"
2026-09-08,"S.A TRANSPORTE CIUDAD DE RIO CUARTO","LINEA 106","NO","COLECTIVO","MUNICIPAL","CORDOBA","RIO CUARTO",152,"SI"
2026-09-08,"S.A TRANSPORTE CIUDAD DE RIO CUARTO","LINEA 107","NO","COLECTIVO","MUNICIPAL","CORDOBA","RIO CUARTO",80,"SI"
2026-09-08,"S.A TRANSPORTE CIUDAD DE RIO CUARTO","LINEA 108","NO","COLECTIVO","MUNICIPAL","CORDOBA","RIO CUARTO",15,"SI"
2026-09-08,"CONIFERAL S.A.","LINEA 11","NO","COLECTIVO","MUNICIPAL","CORDOBA","CORDOBA",7342,"SI"
2026-09-08,"TCM BUS S.R.L.","LINEA 11","NO","COLECTIVO","MUNICIPAL","TUCUMAN","SAN MIGUEL DE TUCUMAN",10417,"SI"
2026-09-08,"SOCIEDAD DE TRANSPORTE DE MENDOZA SOCIEDAD ANONIMA UNIPERSONAL DE PARTICIPACION ESTATAL","LINEA 110","NO","COLECTIVO","PROVINCIAL","MENDOZA","SN",14207,"SI"
2026-09-08,"MICROOMNIBUS CUARENTA Y CINCO S.A.C.I.F.","LINEA 119","SI","COLECTIVO","NACIONAL","JN","SD",9663,"SI"
2026-09-08,"CONIFERAL S.A.","LINEA 12","NO","COLECTIVO","MUNICIPAL","CORDOBA","CORDOBA",7387,"SI"
2026-09-08,"TRANS BUS SRL","LINEA 12","NO","COLECTIVO","MUNICIPAL","CORDOBA","VILLA MARIA",8,"SI"
2026-09-08,"EMPRESA CERRO POZO S.R.L.","LINEA 12","NO","COLECTIVO","MUNICIPAL","TUCUMAN","SAN MIGUEL DE TUCUMAN",2098,"SI"
2026-09-08,"EMPRESA DE SERVICIOS EL JACARANDA S.A.","LINEA 12","NO","COLECTIVO","MUNICIPAL","TUCUMAN","SAN MIGUEL DE TUCUMAN",2319,"SI"
2026-09-08,"ILLAGES S.R.L.","LINEA 12","NO","COLECTIVO","MUNICIPAL","TUCUMAN","SAN MIGUEL DE TUCUMAN",2356,"SI"
2026-09-08,"TRANSPORTE YERBA BUENA SRL","LINEA 12","NO","COLECTIVO","MUNICIPAL","TUCUMAN","SAN MIGUEL DE TUCUMAN",2540,"SI"
2026-09-08,"ERSA URBANO SA","LINEA 12","NO","COLECTIVO","PROVINCIAL","ENTRE RÍOS","SN",1173,"SI"
2026-09-08,"SOCIEDAD DE TRANSPORTE DE MENDOZA SOCIEDAD ANONIMA UNIPERSONAL DE PARTICIPACION ESTATAL","LINEA 120","NO","COLECTIVO","PROVINCIAL","MENDOZA","SN",18003,"SI"
2026-09-08,"SOCIEDAD DE TRANSPORTE DE MENDOZA SOCIEDAD ANONIMA UNIPERSONAL DE PARTICIPACION ESTATAL","LINEA 121","NO","COLECTIVO","PROVINCIAL","MENDOZA","SN",204,"SI"
2026-09-08,"SOCIEDAD DE TRANSPORTE DE MENDOZA SOCIEDAD ANONIMA UNIPERSONAL DE PARTICIPACION ESTATAL","LINEA 125","NO","COLECTIVO","PROVINCIAL","MENDOZA","SN",3691,"SI"
2026-09-08,"CONIFERAL S.A.","LINEA 13","NO","COLECTIVO","MUNICIPAL","CORDOBA","CORDOBA",2042,"SI"
2026-09-08,"TRANS BUS SRL","LINEA 13","NO","COLECTIVO","MUNICIPAL","CORDOBA","VILLA MARIA",4,"SI"
2026-09-08,"SOCIEDAD DE TRANSPORTE DE MENDOZA SOCIEDAD ANONIMA UNIPERSONAL DE PARTICIPACION ESTATAL","LINEA 130","NO","COLECTIVO","PROVINCIAL","MENDOZA","SN",3898,"SI"
2026-09-08,"CONIFERAL S.A.","LINEA 14","NO","COLECTIVO","MUNICIPAL","CORDOBA","CORDOBA",7659,"SI"
2026-09-08,"TRANS BUS SRL","LINEA 14","NO","COLECTIVO","MUNICIPAL","CORDOBA","VILLA MARIA",25,"SI"
2026-09-08,"SOCIEDAD DE TRANSPORTE DE MENDOZA SOCIEDAD ANONIMA UNIPERSONAL DE PARTICIPACION ESTATAL","LINEA 140","NO","COLECTIVO","PROVINCIAL","MENDOZA","SN",10410,"SI"
2026-09-08,"ROSARIO GUARANI SA","LINEA 145","SI","COLECTIVO","NACIONAL","JN","SD",30657,"SI"
2026-09-08,"CONIFERAL S.A.","LINEA 15","NO","COLECTIVO","MUNICIPAL","CORDOBA","CORDOBA",5316,"SI"
2026-09-08,"TRANS BUS SRL","LINEA 15","NO","COLECTIVO","MUNICIPAL","CORDOBA","VILLA MARIA",22,"SI"
2026-09-08,"9 DE JULIO","LINEA 15","NO","COLECTIVO","PROVINCIAL","CATAMARCA","SN",497,"SI"
2026-09-08,"ERSA URBANO SA","LINEA 15","NO","COLECTIVO","PROVINCIAL","ENTRE RÍOS","SN",199,"SI"
2026-09-08,"EMPRESA RECREO S R L","LINEA 157 SFE","NO","COLECTIVO","PROVINCIAL","SANTA FE","SN",4690,"SI"
2026-09-08,"EMPRESA RECREO S R L","LINEA 158 SFE","NO","COLECTIVO","PROVINCIAL","SANTA FE","SN",923,"SI"
2026-09-08,"CONIFERAL S.A.","LINEA 16","NO","COLECTIVO","MUNICIPAL","CORDOBA","CORDOBA",2659,"SI"
2026-09-08,"TRANS BUS SRL","LINEA 16","NO","COLECTIVO","MUNICIPAL","CORDOBA","VILLA MARIA",17,"SI"
2026-09-08,"9 DE JULIO","LINEA 16","NO","COLECTIVO","PROVINCIAL","CATAMARCA","SN",357,"SI"
2026-09-08,"CONIFERAL S.A.","LINEA 17","NO","COLECTIVO","MUNICIPAL","CORDOBA","CORDOBA",4534,"SI"
2026-09-08,"TRANS BUS SRL","LINEA 17","NO","COLECTIVO","MUNICIPAL","CORDOBA","VILLA MARIA",16,"SI"
2026-09-08,"EL CONDOR SRL","LINEA 17","NO","COLECTIVO","MUNICIPAL","TUCUMAN","SAN MIGUEL DE TUCUMAN",13649,"SI"
2026-09-08,"CONIFERAL S.A.","LINEA 18","NO","COLECTIVO","MUNICIPAL","CORDOBA","CORDOBA",4314,"SI"
2026-09-08,"BSV LOGISTICA S.A.S.","LINEA 18","NO","COLECTIVO","MUNICIPAL","TUCUMAN","SAN MIGUEL DE TUCUMAN",6987,"SI"
2026-09-08,"EMPRESA MAIPU S.R.L","LINEA 1856","NO","COLECTIVO","PROVINCIAL","MENDOZA","SN",395,"SI"
2026-09-08,"EMPRESA MAIPU S.R.L","LINEA 1873","NO","COLECTIVO","PROVINCIAL","MENDOZA","SN",80,"SI"
2026-09-08,"CONIFERAL S.A.","LINEA 19","NO","COLECTIVO","MUNICIPAL","CORDOBA","CORDOBA",2387,"SI"
2026-09-08,"TRANS BUS SRL","LINEA 19","NO","COLECTIVO","MUNICIPAL","CORDOBA","VILLA MARIA",12,"SI"
2026-09-08,"B y V TRANSPORTES S.R.L.","LINEA 19","NO","COLECTIVO","MUNICIPAL","TUCUMAN","SAN MIGUEL DE TUCUMAN",8327,"SI"
2026-09-08,"LINEA 28 DE JULIO SOCIEDAD COOPERATIVA DE TRABAJO DE TRANSPORTES LIMITADA","LINEA 1: TRELEW / PUERTO MADRYN","NO","COLECTIVO","PROVINCIAL","CHUBUT","SN",683,"SI"
2026-09-08,"DAVALO ELIANA ELISABET","LINEA 2 BIS","NO","COLECTIVO","MUNICIPAL","SANTA FE","RECONQUISTA",79,"SI"
2026-09-08,"TRANSPORTE JACOBSEN S.R.L.","LINEA 2 ESQUEL/TREVELIN","NO","COLECTIVO","PROVINCIAL","CHUBUT","SN",953,"SI"
2026-09-08,"EMPRESA DE TRANSPORTE 12 DE OCTUBRE S R L","LINEA 2","NO","COLECTIVO","MUNICIPAL","BUENOS AIRES","PINAMAR",4,"SI"
2026-09-08,"TRANSPORTE JACOBSEN S.R.L.","LINEA 2","NO","COLECTIVO","MUNICIPAL","CHUBUT","ESQUEL",853,"SI"
2026-09-08,"SI! BUS EMPRESA SARMIENTO S.R.L - INTERCORDOBA S.A – UTE","LINEA 2","NO","COLECTIVO","MUNICIPAL","CORDOBA","VILLA ALLENDE",107,"SI"
2026-09-08,"COOPERATIVA DE TRABAJO ""12 DE OCTUBRE"" LTADA","LINEA 2","NO","COLECTIVO","MUNICIPAL","ENTRE RÍOS","CONCORDIA",5461,"SI"
2026-09-08,"ENTE MUNICIPAL DE SERVICIOS URBANOS","LINEA 2","NO","COLECTIVO","MUNICIPAL","LA PAMPA","SANTA ROSA",1720,"SI"
2026-09-08,"MUNICIPALIDAD DE RAFAELA","LINEA 2","NO","COLECTIVO","MUNICIPAL","SANTA FE","RAFAELA",166,"SI"
2026-09-08,"ESPONDA OSVALDO RAMON Y CAMPIÑO CARLOS ANTONIO S.H.","LINEA 2","NO","COLECTIVO","PROVINCIAL","ENTRE RÍOS","SN",2229,"SI"
2026-09-08,"TAMSAU","LINEA 20","NO","COLECTIVO","MUNICIPAL","CORDOBA","CORDOBA",4220,"SI"
2026-09-08,"TRANS BUS SRL","LINEA 20","NO","COLECTIVO","MUNICIPAL","CORDOBA","VILLA MARIA",22,"SI"
2026-09-08,"ERSA URBANO SA","LINEA 20","NO","COLECTIVO","PROVINCIAL","ENTRE RÍOS","SN",923,"SI"
2026-09-08,"EMPRESA MAIPU S.R.L.","LINEA 200","NO","COLECTIVO","PROVINCIAL","MENDOZA","SN",11329,"SI"
2026-09-08,"EMPRESA MAIPU S.R.L.","LINEA 201","NO","COLECTIVO","PROVINCIAL","MENDOZA","SN",12929,"SI"
2026-09-08,"EMPRESA MAIPU S.R.L.","LINEA 202","NO","COLECTIVO","PROVINCIAL","MENDOZA","SN",1443,"SI"
2026-09-08,"EMPRESA MAIPU S.R.L.","LINEA 203","NO","COLECTIVO","PROVINCIAL","MENDOZA","SN",3037,"SI"
2026-09-08,"EMPRESA MAIPU S.R.L.","LINEA 204","NO","COLECTIVO","PROVINCIAL","MENDOZA","SN",4143,"SI"
2026-09-08,"NUEVO IDEAL S.A.","LINEA 205","SI","COLECTIVO","PROVINCIAL","BUENOS AIRES","SN",7827,"SI"
2026-09-08,"EMPRESA MAIPU S.R.L.","LINEA 206","NO","COLECTIVO","PROVINCIAL","MENDOZA","SN",344,"SI"
2026-09-08,"EMPRESA MAIPU S.R.L.","LINEA 207","NO","COLECTIVO","PROVINCIAL","MENDOZA","SN",749,"SI"
2026-09-08,"EMPRESA MAIPU S.R.L.","LINEA 208","NO","COLECTIVO","PROVINCIAL","MENDOZA","SN",719,"SI"
2026-09-08,"CONIFERAL S.A.","LINEA 21","NO","COLECTIVO","MUNICIPAL","CORDOBA","CORDOBA",2191,"SI"
2026-09-08,"TAMSAU","LINEA 22","NO","COLECTIVO","MUNICIPAL","CORDOBA","CORDOBA",1875,"SI"
2026-09-08,"ERSA URBANO SA","LINEA 22","NO","COLECTIVO","PROVINCIAL","ENTRE RÍOS","SN",7147,"SI"
2026-09-08,"EMPRESA MAIPU S.R.L.","LINEA 221","NO","COLECTIVO","PROVINCIAL","MENDOZA","SN",1412,"SI"
2026-09-08,"TAMSAU","LINEA 23","NO","COLECTIVO","MUNICIPAL","CORDOBA","CORDOBA",2838,"SI"
2026-09-08,"EMPRESA MAIPU S.R.L.","LINEA 230","NO","COLECTIVO","PROVINCIAL","MENDOZA","SN",2637,"SI"
2026-09-08,"EMPRESA MAIPU S.R.L.","LINEA 232","NO","COLECTIVO","PROVINCIAL","MENDOZA","SN",1656,"SI"
2026-09-08,"EMPRESA MAIPU S.R.L.","LINEA 233","NO","COLECTIVO","PROVINCIAL","MENDOZA","SN",3899,"SI"
2026-09-08,"EMPRESA MAIPU S.R.L.","LINEA 234","NO","COLECTIVO","PROVINCIAL","MENDOZA","SN",4571,"SI"
2026-09-08,"EMPRESA MAIPU S.R.L.","LINEA 235","NO","COLECTIVO","PROVINCIAL","MENDOZA","SN",1228,"SI"
2026-09-08,"EMPRESA MAIPU S.R.L.","LINEA 236","NO","COLECTIVO","PROVINCIAL","MENDOZA","SN",430,"SI"
2026-09-08,"TAMSAU","LINEA 24","NO","COLECTIVO","MUNICIPAL","CORDOBA","CORDOBA",2654,"SI"
2026-09-08,"ERSA URBANO SA","LINEA 24","NO","COLECTIVO","PROVINCIAL","ENTRE RÍOS","SN",295,"SI"
2026-09-08,"EMPRESA MAIPU S.R.L.","LINEA 240","NO","COLECTIVO","PROVINCIAL","MENDOZA","SN",1855,"SI"
2026-09-08,"EMPRESA MAIPU S.R.L.","LINEA 241","NO","COLECTIVO","PROVINCIAL","MENDOZA","SN",1578,"SI"
2026-09-08,"EMPRESA MAIPU S.R.L.","LINEA 242","NO","COLECTIVO","PROVINCIAL","MENDOZA","SN",915,"SI"
2026-09-08,"CONIFERAL S.A.","LINEA 25","NO","COLECTIVO","MUNICIPAL","CORDOBA","CORDOBA",4876,"SI"
2026-09-08,"20 DE JULIO S.R.L.","LINEA 25","NO","COLECTIVO","PROVINCIAL","CATAMARCA","SN",670,"SI"
2026-09-08,"EMPRESA MAIPU S.R.L.","LINEA 250","NO","COLECTIVO","PROVINCIAL","MENDOZA","SN",976,"SI"
2026-09-08,"EMPRESA MAIPU S.R.L.","LINEA 251","NO","COLECTIVO","PROVINCIAL","MENDOZA","SN",1012,"SI"
2026-09-08,"EMPRESA MAIPU S.R.L.","LINEA 252","NO","COLECTIVO","PROVINCIAL","MENDOZA","SN",1514,"SI"
2026-09-08,"TAMSAU","LINEA 26","NO","COLECTIVO","MUNICIPAL","CORDOBA","CORDOBA",2410,"SI"
2026-09-08,"EMPRESA MAIPU S.R.L.","LINEA 260","NO","COLECTIVO","PROVINCIAL","MENDOZA","SN",2489,"SI"
2026-09-08,"EMPRESA MAIPU S.R.L.","LINEA 261","NO","COLECTIVO","PROVINCIAL","MENDOZA","SN",1321,"SI"
2026-09-08,"TAMSAU","LINEA 27","NO","COLECTIVO","MUNICIPAL","CORDOBA","CORDOBA",3536,"SI"
2026-09-08,"EMPRESA MAIPU S.R.L.","LINEA 270","NO","COLECTIVO","PROVINCIAL","MENDOZA","SN",690,"SI"
2026-09-08,"EMPRESA MAIPU S.R.L.","LINEA 271","NO","COLECTIVO","PROVINCIAL","MENDOZA","SN",757,"SI"
2026-09-08,"EMPRESA MAIPU S.R.L.","LINEA 272","NO","COLECTIVO","PROVINCIAL","MENDOZA","SN",10,"SI"
2026-09-08,"EMPRESA MAIPU S.R.L.","LINEA 273","NO","COLECTIVO","PROVINCIAL","MENDOZA","SN",55,"SI"
2026-09-08,"EMPRESA MAIPU S.R.L.","LINEA 274","NO","COLECTIVO","PROVINCIAL","MENDOZA","SN",13,"SI"
2026-09-08,"EMPRESA MAIPU S.R.L.","LINEA 275","NO","COLECTIVO","PROVINCIAL","MENDOZA","SN",9,"SI"
2026-09-08,"EMPRESA MAIPU S.R.L.","LINEA 276","NO","COLECTIVO","PROVINCIAL","MENDOZA","SN",8,"SI"
2026-09-08,"EMPRESA MAIPU S.R.L.","LINEA 277","NO","COLECTIVO","PROVINCIAL","MENDOZA","SN",18,"SI"
2026-09-08,"EMPRESA MAIPU S.R.L.","LINEA 278","NO","COLECTIVO","PROVINCIAL","MENDOZA","SN",12,"SI"
2026-09-08,"EMPRESA MAIPU S.R.L.","LINEA 279","NO","COLECTIVO","PROVINCIAL","MENDOZA","SN",3,"SI"
2026-09-08,"TAMSAU","LINEA 28","NO","COLECTIVO","MUNICIPAL","CORDOBA","CORDOBA",2101,"SI"
2026-09-08,"D.O.T.A. S.A. DE TRANSPORTE AUTOMOTOR","LINEA 28","SI","COLECTIVO","NACIONAL","JN","SD",79606,"SI"
2026-09-08,"TEJADA, MARCOS GUSTAVO","LINEA 28","NO","COLECTIVO","PROVINCIAL","CATAMARCA","SN",324,"SI"
2026-09-08,"EMPRESA MAIPU S.R.L.","LINEA 280","NO","COLECTIVO","PROVINCIAL","MENDOZA","SN",5,"SI"
2026-09-08,"EMPRESA MAIPU S.R.L.","LINEA 281","NO","COLECTIVO","PROVINCIAL","MENDOZA","SN",49,"SI"
2026-09-08,"EMPRESA MAIPU S.R.L.","LINEA 282","NO","COLECTIVO","PROVINCIAL","MENDOZA","SN",88,"SI"
2026-09-08,"EMPRESA MAIPU S.R.L.","LINEA 283","NO","COLECTIVO","PROVINCIAL","MENDOZA","SN",26,"SI"
2026-09-08,"EMPRESA MAIPU S.R.L.","LINEA 284","NO","COLECTIVO","PROVINCIAL","MENDOZA","SN",82,"SI"
2026-09-08,"EMPRESA MAIPU S.R.L.","LINEA 285","NO","COLECTIVO","PROVINCIAL","MENDOZA","SN",10,"SI"
2026-09-08,"EMPRESA MAIPU S.R.L.","LINEA 286","NO","COLECTIVO","PROVINCIAL","MENDOZA","SN",17,"SI"
2026-09-08,"EMPRESA MAIPU S.R.L.","LINEA 287","NO","COLECTIVO","PROVINCIAL","MENDOZA","SN",7,"SI"
2026-09-08,"EMPRESA MAIPU S.R.L.","LINEA 288","NO","COLECTIVO","PROVINCIAL","MENDOZA","SN",20,"SI"
2026-09-08,"EMPRESA MAIPU S.R.L.","LINEA 289","NO","COLECTIVO","PROVINCIAL","MENDOZA","SN",70,"SI"
2026-09-08,"TAMSAU","LINEA 29","NO","COLECTIVO","MUNICIPAL","CORDOBA","CORDOBA",2402,"SI"
2026-09-08,"EMPRESA MAIPU S.R.L.","LINEA 290","NO","COLECTIVO","PROVINCIAL","MENDOZA","SN",91,"SI"
2026-09-08,"EMPRESA MAIPU S.R.L.","LINEA 291","NO","COLECTIVO","PROVINCIAL","MENDOZA","SN",40,"SI"
2026-09-08,"EMPRESA MAIPU S.R.L.","LINEA 292","NO","COLECTIVO","PROVINCIAL","MENDOZA","SN",6,"SI"
2026-09-08,"EMPRESA MAIPU S.R.L.","LINEA 293","NO","COLECTIVO","PROVINCIAL","MENDOZA","SN",2,"SI"
2026-09-08,"EMPRESA MAIPU S.R.L.","LINEA 294","NO","COLECTIVO","PROVINCIAL","MENDOZA","SN",28,"SI"
2026-09-08,"EMPRESA MAIPU S.R.L.","LINEA 295","NO","COLECTIVO","PROVINCIAL","MENDOZA","SN",58,"SI"
2026-09-08,"EMPRESA MAIPU S.R.L.","LINEA 297","NO","COLECTIVO","PROVINCIAL","MENDOZA","SN",19,"SI"
2026-09-08,"EMPRESA MAIPU S.R.L.","LINEA 298","NO","COLECTIVO","PROVINCIAL","MENDOZA","SN",1,"SI"
2026-09-08,"LINEA 28 DE JULIO SOCIEDAD COOPERATIVA DE TRABAJO DE TRANSPORTES LIMITADA","LINEA 2: TRELEW / DOLAVON","NO","COLECTIVO","PROVINCIAL","CHUBUT","SN",1114,"SI"
2026-09-08,"TRANSPORTE JACOBSEN S.R.L.","LINEA 3","NO","COLECTIVO","MUNICIPAL","CHUBUT","ESQUEL",581,"SI"
2026-09-08,"TURISMO PALMARES S.R.L.","LINEA 3","NO","COLECTIVO","MUNICIPAL","ENTRE RÍOS","CONCORDIA",6174,"SI"
2026-09-08,"ENTE MUNICIPAL DE SERVICIOS URBANOS","LINEA 3","NO","COLECTIVO","MUNICIPAL","LA PAMPA","SANTA ROSA",1271,"SI"
2026-09-08,"PEHUENCHE S A","LINEA 3","NO","COLECTIVO","MUNICIPAL","RÍO NEGRO","CIPOLLETTI",752,"SI"
2026-09-08,"MUNICIPALIDAD DE RAFAELA","LINEA 3","NO","COLECTIVO","MUNICIPAL","SANTA FE","RAFAELA",646,"SI"
2026-09-08,"TRANSPORTE YERBA BUENA SRL","LINEA 3","NO","COLECTIVO","MUNICIPAL","TUCUMAN","SAN MIGUEL DE TUCUMAN",4582,"SI"
2026-09-08,"RISSMA S.R.L","LINEA 30","NO","COLECTIVO","MUNICIPAL","CORDOBA","CORDOBA",6342,"SI"
2026-09-08,"AUTOTRANSPORTES LOS ANDES S.A. EL CACIQUE S.A. U.T.","LINEA 300","NO","COLECTIVO","PROVINCIAL","MENDOZA","SN",3093,"SI"
2026-09-08,"PRESTACIONES S.A.","LINEA 301A","NO","COLECTIVO","PROVINCIAL","MENDOZA","SN",228,"SI"
2026-09-08,"PRESTACIONES S.A.","LINEA 301B","NO","COLECTIVO","PROVINCIAL","MENDOZA","SN",92,"SI"
2026-09-08,"PRESTACIONES S.A.","LINEA 301C","NO","COLECTIVO","PROVINCIAL","MENDOZA","SN",18,"SI"
2026-09-08,"PRESTACIONES S.A.","LINEA 301E","NO","COLECTIVO","PROVINCIAL","MENDOZA","SN",20,"SI"
2026-09-08,"PRESTACIONES S.A.","LINEA 301H","NO","COLECTIVO","PROVINCIAL","MENDOZA","SN",76,"SI"
2026-09-08,"PRESTACIONES S.A.","LINEA 301J","NO","COLECTIVO","PROVINCIAL","MENDOZA","SN",29,"SI"
2026-09-08,"PRESTACIONES S.A.","LINEA 301K","NO","COLECTIVO","PROVINCIAL","MENDOZA","SN",96,"SI"
2026-09-08,"PRESTACIONES S.A.","LINEA 301L","NO","COLECTIVO","PROVINCIAL","MENDOZA","SN",16,"SI"
2026-09-08,"PRESTACIONES S.A.","LINEA 301M","NO","COLECTIVO","PROVINCIAL","MENDOZA","SN",2032,"SI"
2026-09-08,"PRESTACIONES S.A.","LINEA 301N","NO","COLECTIVO","PROVINCIAL","MENDOZA","SN",2483,"SI"
2026-09-08,"PRESTACIONES S.A.","LINEA 301O","NO","COLECTIVO","PROVINCIAL","MENDOZA","SN",804,"SI"
2026-09-08,"PRESTACIONES S.A.","LINEA 301P","NO","COLECTIVO","PROVINCIAL","MENDOZA","SN",1197,"SI"
2026-09-08,"PRESTACIONES S.A.","LINEA 301Q","NO","COLECTIVO","PROVINCIAL","MENDOZA","SN",327,"SI"
2026-09-08,"PRESTACIONES S.A.","LINEA 301R","NO","COLECTIVO","PROVINCIAL","MENDOZA","SN",133,"SI"
2026-09-08,"AUTOTRANSPORTES LOS ANDES S.A. EL CACIQUE S.A. U.T.","LINEA 302","NO","COLECTIVO","PROVINCIAL","MENDOZA","SN",2879,"SI"
2026-09-08,"PRESTACIONES S.A.","LINEA 302A","NO","COLECTIVO","PROVINCIAL","MENDOZA","SN",79,"SI"
2026-09-08,"PRESTACIONES S.A.","LINEA 303Y","NO","COLECTIVO","PROVINCIAL","MENDOZA","SN",56,"SI"
2026-09-08,"PRESTACIONES S.A.","LINEA 303Z","NO","COLECTIVO","PROVINCIAL","MENDOZA","SN",168,"SI"
2026-09-08,"AUTOTRANSPORTES LOS ANDES S.A. EL CACIQUE S.A. U.T.","LINEA 304","NO","COLECTIVO","PROVINCIAL","MENDOZA","SN",359,"SI"
2026-09-08,"PRESTACIONES S.A.","LINEA 304E","NO","COLECTIVO","PROVINCIAL","MENDOZA","SN",509,"SI"
2026-09-08,"PRESTACIONES S.A.","LINEA 304I","NO","COLECTIVO","PROVINCIAL","MENDOZA","SN",596,"SI"
2026-09-08,"AUTOTRANSPORTES LOS ANDES S.A. EL CACIQUE S.A. U.T.","LINEA 305","NO","COLECTIVO","PROVINCIAL","MENDOZA","SN",4240,"SI"
2026-09-08,"PRESTACIONES S.A.","LINEA 306J","NO","COLECTIVO","PROVINCIAL","MENDOZA","SN",26,"SI"
2026-09-08,"AUTOTRANSPORTES LOS ANDES S.A. EL CACIQUE S.A. U.T.","LINEA 309","NO","COLECTIVO","PROVINCIAL","MENDOZA","SN",1210,"SI"
2026-09-08,"RISSMA S.R.L","LINEA 31","NO","COLECTIVO","MUNICIPAL","CORDOBA","CORDOBA",2938,"SI"
2026-09-08,"AUTOTRANSPORTES LOS ANDES S.A. EL CACIQUE S.A. U.T.","LINEA 310","NO","COLECTIVO","PROVINCIAL","MENDOZA","SN",7763,"SI"
2026-09-08,"AUTOTRANSPORTES LOS ANDES S.A. EL CACIQUE S.A. U.T.","LINEA 311","NO","COLECTIVO","PROVINCIAL","MENDOZA","SN",2802,"SI"
2026-09-08,"PRESTACIONES S.A.","LINEA 311B","NO","COLECTIVO","PROVINCIAL","MENDOZA","SN",562,"SI"
2026-09-08,"AUTOTRANSPORTES LOS ANDES S.A. EL CACIQUE S.A. U.T.","LINEA 313","NO","COLECTIVO","PROVINCIAL","MENDOZA","SN",2131,"SI"
2026-09-08,"AUTOTRANSPORTES LOS ANDES S.A. EL CACIQUE S.A. U.T.","LINEA 314","NO","COLECTIVO","PROVINCIAL","MENDOZA","SN",123,"SI"
2026-09-08,"AUTOTRANSPORTES LOS ANDES S.A. EL CACIQUE S.A. U.T.","LINEA 315","NO","COLECTIVO","PROVINCIAL","MENDOZA","SN",3011,"SI"
2026-09-08,"PRESTACIONES S.A.","LINEA 315A","NO","COLECTIVO","PROVINCIAL","MENDOZA","SN",1261,"SI"
2026-09-08,"PRESTACIONES S.A.","LINEA 315B","NO","COLECTIVO","PROVINCIAL","MENDOZA","SN",1135,"SI"
2026-09-08,"PRESTACIONES S.A.","LINEA 315C","NO","COLECTIVO","PROVINCIAL","MENDOZA","SN",216,"SI"
2026-09-08,"PRESTACIONES S.A.","LINEA 315D","NO","COLECTIVO","PROVINCIAL","MENDOZA","SN",552,"SI"
2026-09-08,"PRESTACIONES S.A.","LINEA 315I","NO","COLECTIVO","PROVINCIAL","MENDOZA","SN",38,"SI"
2026-09-08,"AUTOTRANSPORTES LOS ANDES S.A. EL CACIQUE S.A. U.T.","LINEA 316","NO","COLECTIVO","PROVINCIAL","MENDOZA","SN",2690,"SI"
2026-09-08,"AUTOTRANSPORTES LOS ANDES S.A. EL CACIQUE S.A. U.T.","LINEA 317","NO","COLECTIVO","PROVINCIAL","MENDOZA","SN",237,"SI"
2026-09-08,"PRESTACIONES S.A.","LINEA 318A","NO","COLECTIVO","PROVINCIAL","MENDOZA","SN",105,"SI"
2026-09-08,"PRESTACIONES S.A.","LINEA 318B","NO","COLECTIVO","PROVINCIAL","MENDOZA","SN",454,"SI"
2026-09-08,"PRESTACIONES S.A.","LINEA 318C","NO","COLECTIVO","PROVINCIAL","MENDOZA","SN",158,"SI"
2026-09-08,"PRESTACIONES S.A.","LINEA 318D","NO","COLECTIVO","PROVINCIAL","MENDOZA","SN",147,"SI"
2026-09-08,"PRESTACIONES S.A.","LINEA 318G","NO","COLECTIVO","PROVINCIAL","MENDOZA","SN",56,"SI"
2026-09-08,"PRESTACIONES S.A.","LINEA 318O","NO","COLECTIVO","PROVINCIAL","MENDOZA","SN",33,"SI"
2026-09-08,"PRESTACIONES S.A.","LINEA 319A","NO","COLECTIVO","PROVINCIAL","MENDOZA","SN",48,"SI"
2026-09-08,"PRESTACIONES S.A.","LINEA 319B","NO","COLECTIVO","PROVINCIAL","MENDOZA","SN",1176,"SI"
2026-09-08,"PRESTACIONES S.A.","LINEA 319D","NO","COLECTIVO","PROVINCIAL","MENDOZA","SN",245,"SI"
2026-09-08,"RISSMA S.R.L","LINEA 32","NO","COLECTIVO","MUNICIPAL","CORDOBA","CORDOBA",6531,"SI"
2026-09-08,"AUTOTRANSPORTES LOS ANDES S.A. EL CACIQUE S.A. U.T.","LINEA 320","NO","COLECTIVO","PROVINCIAL","MENDOZA","SN",409,"SI"
2026-09-08,"PRESTACIONES S.A.","LINEA 320A","NO","COLECTIVO","PROVINCIAL","MENDOZA","SN",36,"SI"
2026-09-08,"PRESTACIONES S.A.","LINEA 322A","NO","COLECTIVO","PROVINCIAL","MENDOZA","SN",74,"SI"
2026-09-08,"PRESTACIONES S.A.","LINEA 322C","NO","COLECTIVO","PROVINCIAL","MENDOZA","SN",44,"SI"
2026-09-08,"PRESTACIONES S.A.","LINEA 322F","NO","COLECTIVO","PROVINCIAL","MENDOZA","SN",60,"SI"
2026-09-08,"PRESTACIONES S.A.","LINEA 322G","NO","COLECTIVO","PROVINCIAL","MENDOZA","SN",131,"SI"
2026-09-08,"RISSMA S.R.L","LINEA 33","NO","COLECTIVO","MUNICIPAL","CORDOBA","CORDOBA",2786,"SI"
2026-09-08,"TRANSPORTES ALMIRANTE BROWN S.A.","LINEA 33","SI","COLECTIVO","NACIONAL","JN","SD",39232,"SI"
2026-09-08,"AUTOTRANSPORTES LOS ANDES S.A. EL CACIQUE S.A. U.T.","LINEA 330","NO","COLECTIVO","PROVINCIAL","MENDOZA","SN",7629,"SI"
2026-09-08,"AUTOTRANSPORTES LOS ANDES S.A. EL CACIQUE S.A. U.T.","LINEA 331","NO","COLECTIVO","PROVINCIAL","MENDOZA","SN",7474,"SI"
2026-09-08,"RISSMA S.R.L","LINEA 34","NO","COLECTIVO","MUNICIPAL","CORDOBA","CORDOBA",2335,"SI"
2026-09-08,"RISSMA S.R.L","LINEA 35","NO","COLECTIVO","MUNICIPAL","CORDOBA","CORDOBA",4911,"SI"
2026-09-08,"9 DE JULIO","LINEA 35","NO","COLECTIVO","PROVINCIAL","CATAMARCA","SN",14,"SI"
2026-09-08,"AUTOTRANSPORTES LOS ANDES S.A. EL CACIQUE S.A. U.T.","LINEA 350","NO","COLECTIVO","PROVINCIAL","MENDOZA","SN",3927,"SI"
2026-09-08,"AUTOTRANSPORTES LOS ANDES S.A. EL CACIQUE S.A. U.T.","LINEA 352","NO","COLECTIVO","PROVINCIAL","MENDOZA","SN",6166,"SI"
2026-09-08,"AUTOTRANSPORTES LOS ANDES S.A. EL CACIQUE S.A. U.T.","LINEA 353","NO","COLECTIVO","PROVINCIAL","MENDOZA","SN",3805,"SI"
2026-09-08,"AUTOTRANSPORTES LOS ANDES S.A. EL CACIQUE S.A. U.T.","LINEA 354","NO","COLECTIVO","PROVINCIAL","MENDOZA","SN",1759,"SI"
2026-09-08,"RISSMA S.R.L","LINEA 36","NO","COLECTIVO","MUNICIPAL","CORDOBA","CORDOBA",5302,"SI"
2026-09-08,"AUTOTRANSPORTES LOS ANDES S.A. EL CACIQUE S.A. U.T.","LINEA 370","NO","COLECTIVO","PROVINCIAL","MENDOZA","SN",591,"SI"
2026-09-08,"AUTOTRANSPORTES LOS ANDES S.A. EL CACIQUE S.A. U.T.","LINEA 371","NO","COLECTIVO","PROVINCIAL","MENDOZA","SN",2766,"SI"
2026-09-08,"AUTOTRANSPORTES LOS ANDES S.A. EL CACIQUE S.A. U.T.","LINEA 372","NO","COLECTIVO","PROVINCIAL","MENDOZA","SN",906,"SI"
2026-09-08,"AUTOTRANSPORTES LOS ANDES S.A. EL CACIQUE S.A. U.T.","LINEA 373","NO","COLECTIVO","PROVINCIAL","MENDOZA","SN",903,"SI"
2026-09-08,"AUTOTRANSPORTES LOS ANDES S.A. EL CACIQUE S.A. U.T.","LINEA 389-390-391","NO","COLECTIVO","PROVINCIAL","MENDOZA","SN",138,"SI"
2026-09-08,"AUTOTRANSPORTE CEFERINO S.R.L.","LINEA 3: TRELEW / 28 DE JULIO","NO","COLECTIVO","PROVINCIAL","CHUBUT","SN",963,"SI"
2026-09-08,"LINEA 28 DE JULIO SOCIEDAD COOPERATIVA DE TRABAJO DE TRANSPORTES LIMITADA","LINEA 3: TRELEW / GAIMAN","NO","COLECTIVO","PROVINCIAL","CHUBUT","SN",904,"SI"
2026-09-08,"URUGUAY BUS S.R.L","LINEA 4 BIS","NO","COLECTIVO","MUNICIPAL","ENTRE RÍOS","CONCEPCION DEL URUGUAY",639,"SI"
2026-09-08,"BAJOURUGUAY S.R.L","LINEA 4","NO","COLECTIVO","MUNICIPAL","ENTRE RÍOS","CONCEPCION DEL URUGUAY",812,"SI"
2026-09-08,"TURISMO PALMARES S.R.L.","LINEA 4","NO","COLECTIVO","MUNICIPAL","ENTRE RÍOS","CONCORDIA",6164,"SI"
2026-09-08,"DELCAUSSE HERMANOS SOCIEDAD DE RESPONSABILIDAD LIMITADA","LINEA 4","NO","COLECTIVO","MUNICIPAL","ENTRE RÍOS","GUALEGUAYCHU",2133,"SI"
2026-09-08,"ENTE MUNICIPAL DE SERVICIOS URBANOS","LINEA 4","NO","COLECTIVO","MUNICIPAL","LA PAMPA","SANTA ROSA",1428,"SI"
2026-09-08,"PEHUENCHE S A","LINEA 4","NO","COLECTIVO","MUNICIPAL","RÍO NEGRO","CIPOLLETTI",606,"SI"
2026-09-08,"MUNICIPALIDAD DE RAFAELA","LINEA 4","NO","COLECTIVO","MUNICIPAL","SANTA FE","RAFAELA",154,"SI"
2026-09-08,"EL CORCEL S.A UTE","LINEA 4","NO","COLECTIVO","MUNICIPAL","TUCUMAN","SAN MIGUEL DE TUCUMAN",6431,"SI"
2026-09-08,"ERSA URBANO SA","LINEA 4","NO","COLECTIVO","PROVINCIAL","ENTRE RÍOS","SN",5424,"SI"
2026-09-08,"CONIFERAL S.A.","LINEA 40","NO","COLECTIVO","MUNICIPAL","CORDOBA","CORDOBA",7547,"SI"
2026-09-08,"AUTOTRANSPORTE PRESIDENTE ALVEAR S.A. Y AUTOTRANSPORTE EL TRAPICHE S.R.L. U.T.","LINEA 400","NO","COLECTIVO","PROVINCIAL","MENDOZA","SN",4369,"SI"
2026-09-08,"AUTOTRANSPORTE PRESIDENTE ALVEAR S.A. Y AUTOTRANSPORTE EL TRAPICHE S.R.L. U.T.","LINEA 401","NO","COLECTIVO","PROVINCIAL","MENDOZA","SN",10827,"SI"
2026-09-08,"AUTOTRANSPORTE PRESIDENTE ALVEAR S.A. Y AUTOTRANSPORTE EL TRAPICHE S.R.L. U.T.","LINEA 402","NO","COLECTIVO","PROVINCIAL","MENDOZA","SN",4409,"SI"
2026-09-08,"AGUERO RICARDO DANTE","LINEA 40A","NO","COLECTIVO","PROVINCIAL","CATAMARCA","SN",258,"SI"
2026-09-08,"AGUERO RICARDO DANTE","LINEA 40B","NO","COLECTIVO","PROVINCIAL","CATAMARCA","SN",223,"SI"
2026-09-08,"CONIFERAL S.A.","LINEA 41","NO","COLECTIVO","MUNICIPAL","CORDOBA","CORDOBA",3980,"SI"
2026-09-08,"AGUERO RICARDO DANTE","LINEA 41","NO","COLECTIVO","PROVINCIAL","CATAMARCA","SN",165,"SI"
2026-09-08,"TRANSPORTES ATLANTIDA S.A.C.","LINEA 410","SI","COLECTIVO","PROVINCIAL","BUENOS AIRES","SN",16062,"SI"
2026-09-08,"CONIFERAL S.A.","LINEA 42","NO","COLECTIVO","MUNICIPAL","CORDOBA","CORDOBA",5889,"SI"
2026-09-08,"AGUERO RICARDO DANTE","LINEA 42","NO","COLECTIVO","PROVINCIAL","CATAMARCA","SN",4,"SI"
2026-09-08,"AUTOTRANSPORTE PRESIDENTE ALVEAR S.A. Y AUTOTRANSPORTE EL TRAPICHE S.R.L. U.T.","LINEA 420","NO","COLECTIVO","PROVINCIAL","MENDOZA","SN",8857,"SI"
2026-09-08,"AUTOTRANSPORTE PRESIDENTE ALVEAR S.A. Y AUTOTRANSPORTE EL TRAPICHE S.R.L. U.T.","LINEA 421","NO","COLECTIVO","PROVINCIAL","MENDOZA","SN",1287,"SI"
2026-09-08,"AUTOTRANSPORTE PRESIDENTE ALVEAR S.A. Y AUTOTRANSPORTE EL TRAPICHE S.R.L. U.T.","LINEA 422","NO","COLECTIVO","PROVINCIAL","MENDOZA","SN",204,"SI"
2026-09-08,"TRANSPORTES ATLANTIDA S.A.C.","LINEA 429","SI","COLECTIVO","PROVINCIAL","BUENOS AIRES","SN",3611,"SI"
2026-09-08,"CONIFERAL S.A.","LINEA 43","NO","COLECTIVO","MUNICIPAL","CORDOBA","CORDOBA",3146,"SI"
2026-09-08,"AGUERO RICARDO DANTE","LINEA 43","NO","COLECTIVO","PROVINCIAL","CATAMARCA","SN",93,"SI"
2026-09-08,"CONIFERAL S.A.","LINEA 44","NO","COLECTIVO","MUNICIPAL","CORDOBA","CORDOBA",3977,"SI"
2026-09-08,"AGUERO RICARDO DANTE","LINEA 44","NO","COLECTIVO","PROVINCIAL","CATAMARCA","SN",37,"SI"
2026-09-08,"AUTOTRANSPORTE PRESIDENTE ALVEAR S.A. Y AUTOTRANSPORTE EL TRAPICHE S.R.L. U.T.","LINEA 440","NO","COLECTIVO","PROVINCIAL","MENDOZA","SN",4401,"SI"
2026-09-08,"AUTOTRANSPORTE PRESIDENTE ALVEAR S.A. Y AUTOTRANSPORTE EL TRAPICHE S.R.L. U.T.","LINEA 441","NO","COLECTIVO","PROVINCIAL","MENDOZA","SN",5281,"SI"
2026-09-08,"AUTOTRANSPORTE PRESIDENTE ALVEAR S.A. Y AUTOTRANSPORTE EL TRAPICHE S.R.L. U.T.","LINEA 442","NO","COLECTIVO","PROVINCIAL","MENDOZA","SN",1217,"SI"
2026-09-08,"AUTOTRANSPORTE PRESIDENTE ALVEAR S.A. Y AUTOTRANSPORTE EL TRAPICHE S.R.L. U.T.","LINEA 443","NO","COLECTIVO","PROVINCIAL","MENDOZA","SN",1841,"SI"
2026-09-08,"CONIFERAL S.A.","LINEA 45","NO","COLECTIVO","MUNICIPAL","CORDOBA","CORDOBA",3519,"SI"
2026-09-08,"AUTOTRANSPORTE PRESIDENTE ALVEAR S.A. Y AUTOTRANSPORTE EL TRAPICHE S.R.L. U.T.","LINEA 461","NO","COLECTIVO","PROVINCIAL","MENDOZA","SN",11385,"SI"
2026-09-08,"AUTOTRANSPORTE PRESIDENTE ALVEAR S.A. Y AUTOTRANSPORTE EL TRAPICHE S.R.L. U.T.","LINEA 462","NO","COLECTIVO","PROVINCIAL","MENDOZA","SN",1058,"SI"
2026-09-08,"AUTOTRANSPORTE PRESIDENTE ALVEAR S.A. Y AUTOTRANSPORTE EL TRAPICHE S.R.L. U.T.","LINEA 463","NO","COLECTIVO","PROVINCIAL","MENDOZA","SN",1160,"SI"
2026-09-08,"AUTOTRANSPORTE PRESIDENTE ALVEAR S.A. Y AUTOTRANSPORTE EL TRAPICHE S.R.L. U.T.","LINEA 464","NO","COLECTIVO","PROVINCIAL","MENDOZA","SN",6015,"SI"
2026-09-08,"AUTOTRANSPORTE PRESIDENTE ALVEAR S.A. Y AUTOTRANSPORTE EL TRAPICHE S.R.L. U.T.","LINEA 465","NO","COLECTIVO","PROVINCIAL","MENDOZA","SN",116,"SI"
2026-09-08,"AUTOTRANSPORTE PRESIDENTE ALVEAR S.A. Y AUTOTRANSPORTE EL TRAPICHE S.R.L. U.T.","LINEA 466","NO","COLECTIVO","PROVINCIAL","MENDOZA","SN",1191,"SI"
2026-09-08,"AUTOTRANSPORTE PRESIDENTE ALVEAR S.A. Y AUTOTRANSPORTE EL TRAPICHE S.R.L. U.T.","LINEA 467","NO","COLECTIVO","PROVINCIAL","MENDOZA","SN",410,"SI"
2026-09-08,"AUTOTRANSPORTE PRESIDENTE ALVEAR S.A. Y AUTOTRANSPORTE EL TRAPICHE S.R.L. U.T.","LINEA 481","NO","COLECTIVO","PROVINCIAL","MENDOZA","SN",117,"SI"
2026-09-08,"AUTOTRANSPORTE PRESIDENTE ALVEAR S.A. Y AUTOTRANSPORTE EL TRAPICHE S.R.L. U.T.","LINEA 482","NO","COLECTIVO","PROVINCIAL","MENDOZA","SN",173,"SI"
2026-09-08,"AUTOTRANSPORTE PRESIDENTE ALVEAR S.A. Y AUTOTRANSPORTE EL TRAPICHE S.R.L. U.T.","LINEA 483","NO","COLECTIVO","PROVINCIAL","MENDOZA","SN",63,"SI"
2026-09-08,"AUTOTRANSPORTE PRESIDENTE ALVEAR S.A. Y AUTOTRANSPORTE EL TRAPICHE S.R.L. U.T.","LINEA 484","NO","COLECTIVO","PROVINCIAL","MENDOZA","SN",33,"SI"
2026-09-08,"AUTOTRANSPORTE PRESIDENTE ALVEAR S.A. Y AUTOTRANSPORTE EL TRAPICHE S.R.L. U.T.","LINEA 485","NO","COLECTIVO","PROVINCIAL","MENDOZA","SN",58,"SI"
2026-09-08,"AUTOTRANSPORTE PRESIDENTE ALVEAR S.A. Y AUTOTRANSPORTE EL TRAPICHE S.R.L. U.T.","LINEA 487","NO","COLECTIVO","PROVINCIAL","MENDOZA","SN",40,"SI"
2026-09-08,"AUTOTRANSPORTE PRESIDENTE ALVEAR S.A. Y AUTOTRANSPORTE EL TRAPICHE S.R.L. U.T.","LINEA 488","NO","COLECTIVO","PROVINCIAL","MENDOZA","SN",14,"SI"
2026-09-08,"LINEA 28 DE JULIO SOCIEDAD COOPERATIVA DE TRABAJO DE TRANSPORTES LIMITADA","LINEA 4: TRELEW / RAWSON","NO","COLECTIVO","PROVINCIAL","CHUBUT","SN",1050,"SI"
2026-09-08,"COOPERATIVA DE TRABAJO NUEVO EXPRESO LIMITADA","LINEA 5","NO","COLECTIVO","MUNICIPAL","ENTRE RÍOS","CONCORDIA",4000,"SI"
2026-09-08,"EL VERDE SRL","LINEA 5","NO","COLECTIVO","MUNICIPAL","ENTRE RÍOS","GUALEGUAYCHU",689,"SI"
2026-09-08,"ENTE MUNICIPAL DE SERVICIOS URBANOS","LINEA 5","NO","COLECTIVO","MUNICIPAL","LA PAMPA","SANTA ROSA",231,"SI"
2026-09-08,"PEHUENCHE S A","LINEA 5","NO","COLECTIVO","MUNICIPAL","RÍO NEGRO","CIPOLLETTI",1344,"SI"
2026-09-08,"MUNICIPALIDAD DE RAFAELA","LINEA 5","NO","COLECTIVO","MUNICIPAL","SANTA FE","RAFAELA",281,"SI"
2026-09-08,"TRANSPORTE J.M.F S.R.L.","LINEA 5","NO","COLECTIVO","MUNICIPAL","SANTIAGO DEL ESTERO","LA BANDA",286,"SI"
2026-09-08,"TRANSPORTE YERBA BUENA SRL","LINEA 5","NO","COLECTIVO","MUNICIPAL","TUCUMAN","SAN MIGUEL DE TUCUMAN",3436,"SI"
2026-09-08,"TRANSPORTES ASOCIADOS S.R.L.","LINEA 5","NO","COLECTIVO","MUNICIPAL","TUCUMAN","SAN MIGUEL DE TUCUMAN",2246,"SI"
2026-09-08,"RISSMA S.R.L","LINEA 50","NO","COLECTIVO","MUNICIPAL","CORDOBA","CORDOBA",7243,"SI"
2026-09-08,"NUEVA VISION TRANSPORTE Y SERVICIOS SRL","LINEA 50","NO","COLECTIVO","MUNICIPAL","NEUQUÉN","PLOTTIER",4824,"SI"
2026-09-08,"COOPERATIVA DE TRABAJO DE TRANSPORTE SAN FERNANDO LTDA","LINEA 50","NO","COLECTIVO","PROVINCIAL","CATAMARCA","SN",349,"SI"
2026-09-08,"BOTACURA S.R.L","LINEA 500","NO","COLECTIVO","MUNICIPAL","BUENOS AIRES","OLAVARRIA",1154,"SI"
2026-09-08,"MAXIMILIANO BERTORELLO S.R.L.","LINEA 500","NO","COLECTIVO","MUNICIPAL","BUENOS AIRES","RAMALLO",1343,"SI"
2026-09-08,"TRANSPORTE 9 DE JULIO S.A","LINEA 500","NO","COLECTIVO","MUNICIPAL","BUENOS AIRES","TANDIL",4266,"SI"
2026-09-08,"EMPRESA 501 SA","LINEA 501 A","SI","COLECTIVO","MUNICIPAL","BUENOS AIRES","ALMIRANTE BROWN",38028,"SI"
2026-09-08,"AUTOBUSES BUENOS AIRES SRL","LINEA 501","NO","COLECTIVO","MUNICIPAL","BUENOS AIRES","AZUL",523,"SI"
2026-09-08,"BOTACURA S.R.L","LINEA 501","NO","COLECTIVO","MUNICIPAL","BUENOS AIRES","OLAVARRIA",370,"SI"
2026-09-08,"TRANSPORTES CIUDAD DE TANDIL S.A.","LINEA 501","NO","COLECTIVO","MUNICIPAL","BUENOS AIRES","TANDIL",4607,"SI"
2026-09-08,"COOP. PROV. OB. Y S.P. SAN CLEMENTE DEL TUYU","LINEA 501","NO","COLECTIVO","MUNICIPAL","BUENOS AIRES","URBANO DE LA COSTA",799,"SI"
2026-09-08,"AUTOBUSES BUENOS AIRES SRL","LINEA 502","NO","COLECTIVO","MUNICIPAL","BUENOS AIRES","AZUL",1288,"SI"
2026-09-08,"COOPERATIVA DE TRABAJO 3 DE JULIO LIMITADA","LINEA 502","SI","COLECTIVO","MUNICIPAL","BUENOS AIRES","CAMPANA",526,"SI"
2026-09-08,"BOTACURA S.R.L","LINEA 502","NO","COLECTIVO","MUNICIPAL","BUENOS AIRES","OLAVARRIA",717,"SI"
2026-09-08,"LA NUEVA MOVEDIZA TRANSPORTE S.A.","LINEA 502","NO","COLECTIVO","MUNICIPAL","BUENOS AIRES","TANDIL",3522,"SI"
2026-09-08,"COOP.DE PROV.DE O.Y S.P.Y C.LAS TONINAS","LINEA 502","NO","COLECTIVO","MUNICIPAL","BUENOS AIRES","URBANO DE LA COSTA",2215,"SI"
2026-09-08,"LINEA SESENTA SA","LINEA 503 B","SI","COLECTIVO","MUNICIPAL","BUENOS AIRES","ESCOBAR",12989,"SI"
2026-09-08,"AUTOBUSES BUENOS AIRES SRL","LINEA 503","NO","COLECTIVO","MUNICIPAL","BUENOS AIRES","AZUL",59,"SI"
2026-09-08,"BOTACURA S.R.L","LINEA 503","NO","COLECTIVO","MUNICIPAL","BUENOS AIRES","OLAVARRIA",697,"SI"
2026-09-08,"TRANSPORTES GENERAL RODRIGUEZ S.A.","LINEA 503","NO","COLECTIVO","MUNICIPAL","BUENOS AIRES","TANDIL",4959,"SI"
2026-09-08,"COOP.DE ELEC.SERV.Y OB.PUB.SAN BERNARDO","LINEA 503","NO","COLECTIVO","MUNICIPAL","BUENOS AIRES","URBANO DE LA COSTA",713,"SI"
2026-09-08,"BOTACURA S.R.L","LINEA 504","NO","COLECTIVO","MUNICIPAL","BUENOS AIRES","OLAVARRIA",738,"SI"
2026-09-08,"TRANSPORTE VILLA AGUIRRE S.A.","LINEA 504","NO","COLECTIVO","MUNICIPAL","BUENOS AIRES","TANDIL",4706,"SI"
2026-09-08,"EMPRESA MUNICIPAL DE TRANSPORTE URBANO DE PASAJEROS SOCIEDAD DEL ESTADO","LINEA 505","NO","COLECTIVO","MUNICIPAL","BUENOS AIRES","CHIVILCOY",300,"SI"
2026-09-08,"BOTACURA S.R.L","LINEA 505","NO","COLECTIVO","MUNICIPAL","BUENOS AIRES","OLAVARRIA",1012,"SI"
2026-09-08,"TRANSPORTES GENERAL BELGRANO S.A","LINEA 505","NO","COLECTIVO","MUNICIPAL","BUENOS AIRES","TANDIL",5755,"SI"
2026-09-08,"EMPRESA MUNICIPAL DE TRANSPORTE URBANO DE PASAJEROS SOCIEDAD DEL ESTADO","LINEA 506","NO","COLECTIVO","MUNICIPAL","BUENOS AIRES","CHIVILCOY",940,"SI"
2026-09-08,"NUEVO BUS DE OLAVARRIA SRL","LINEA 507 ABC AVENIDA 3 - BOULEVARD","NO","COLECTIVO","MUNICIPAL","BUENOS AIRES","VILLA GESELL",1873,"SI"
2026-09-08,"NUEVO BUS DE OLAVARRIA SRL","LINEA 507 E MAR AZUL","NO","COLECTIVO","MUNICIPAL","BUENOS AIRES","VILLA GESELL",480,"SI"
2026-09-08,"NUEVO BUS DE OLAVARRIA SRL","LINEA 507 F DIRECTO A MAR AZUL","NO","COLECTIVO","MUNICIPAL","BUENOS AIRES","VILLA GESELL",35,"SI"
2026-09-08,"RISSMA S.R.L","LINEA 51","NO","COLECTIVO","MUNICIPAL","CORDOBA","CORDOBA",3672,"SI"
2026-09-08,"AUTOTRANSPORTES ISELIN S A","LINEA 511","NO","COLECTIVO","PROVINCIAL","MENDOZA","SN",7329,"SI"
2026-09-08,"AUTOTRANSPORTES ISELIN S A","LINEA 512","NO","COLECTIVO","PROVINCIAL","MENDOZA","SN",272,"SI"
2026-09-08,"AUTOTRANSPORTES ISELIN S A","LINEA 513","NO","COLECTIVO","PROVINCIAL","MENDOZA","SN",2228,"SI"
2026-09-08,"AUTOTRANSPORTES ISELIN S A","LINEA 514","NO","COLECTIVO","PROVINCIAL","MENDOZA","SN",2139,"SI"
2026-09-08,"AUTOTRANSPORTES ISELIN S A","LINEA 515","NO","COLECTIVO","PROVINCIAL","MENDOZA","SN",107,"SI"
2026-09-08,"AUTOTRANSPORTES ISELIN S A","LINEA 516","NO","COLECTIVO","PROVINCIAL","MENDOZA","SN",283,"SI"
2026-09-08,"AUTOTRANSPORTES ISELIN S A","LINEA 517","NO","COLECTIVO","PROVINCIAL","MENDOZA","SN",245,"SI"
2026-09-08,"AUTOTRANSPORTES ISELIN S A","LINEA 518","NO","COLECTIVO","PROVINCIAL","MENDOZA","SN",934,"SI"
2026-09-08,"RISSMA S.R.L","LINEA 52","NO","COLECTIVO","MUNICIPAL","CORDOBA","CORDOBA",3198,"SI"
2026-09-08,"TRANPORTE DE PASAJEROS GENERAL ROCA S.R.L","LINEA 520","NO","COLECTIVO","PROVINCIAL","MENDOZA","SN",2548,"SI"
2026-09-08,"EVHSA SOCIEDAD ANONIMA","LINEA 520A","NO","COLECTIVO","MUNICIPAL","BUENOS AIRES","SAN PEDRO",34,"SI"
2026-09-08,"EVHSA SOCIEDAD ANONIMA","LINEA 520B","NO","COLECTIVO","MUNICIPAL","BUENOS AIRES","SAN PEDRO",13,"SI"
2026-09-08,"MICRO OMNIBUS ESTE S.A","LINEA 521 A","SI","COLECTIVO","MUNICIPAL","BUENOS AIRES","LANUS",6448,"SI"
2026-09-08,"TRANPORTE DE PASAJEROS GENERAL ROCA S.R.L","LINEA 521","NO","COLECTIVO","PROVINCIAL","MENDOZA","SN",1562,"SI"
2026-09-08,"EVHSA SOCIEDAD ANONIMA","LINEA 522","NO","COLECTIVO","MUNICIPAL","BUENOS AIRES","SAN PEDRO",111,"SI"
2026-09-08,"TRANPORTE DE PASAJEROS GENERAL ROCA S.R.L","LINEA 522","NO","COLECTIVO","PROVINCIAL","MENDOZA","SN",5560,"SI"
2026-09-08,"TRANPORTE DE PASAJEROS GENERAL ROCA S.R.L","LINEA 523","NO","COLECTIVO","PROVINCIAL","MENDOZA","SN",5758,"SI"
2026-09-08,"EVHSA SOCIEDAD ANONIMA","LINEA 524","NO","COLECTIVO","MUNICIPAL","BUENOS AIRES","SAN PEDRO",22,"SI"
2026-09-08,"TRANPORTE DE PASAJEROS GENERAL ROCA S.R.L","LINEA 524","NO","COLECTIVO","PROVINCIAL","MENDOZA","SN",150,"SI"
2026-09-08,"TRANPORTE DE PASAJEROS GENERAL ROCA S.R.L","LINEA 525","NO","COLECTIVO","PROVINCIAL","MENDOZA","SN",1829,"SI"
2026-09-08,"MICRO OMNIBUS ESTE S.A","LINEA 526","SI","COLECTIVO","MUNICIPAL","BUENOS AIRES","LANUS",16725,"SI"
2026-09-08,"RISSMA S.R.L","LINEA 53","NO","COLECTIVO","MUNICIPAL","CORDOBA","CORDOBA",2602,"SI"
2026-09-08,"COOPERATIVA DE TRABAJO DE TRANSPORTE SAN FERNANDO LTDA","LINEA 53","NO","COLECTIVO","PROVINCIAL","CATAMARCA","SN",173,"SI"
2026-09-08,"TRANPORTE DE PASAJEROS GENERAL ROCA S.R.L","LINEA 530","NO","COLECTIVO","PROVINCIAL","MENDOZA","SN",3716,"SI"
2026-09-08,"TRANPORTE DE PASAJEROS GENERAL ROCA S.R.L","LINEA 531","NO","COLECTIVO","PROVINCIAL","MENDOZA","SN",1738,"SI"
2026-09-08,"TRANPORTE DE PASAJEROS GENERAL ROCA S.R.L","LINEA 532","NO","COLECTIVO","PROVINCIAL","MENDOZA","SN",5106,"SI"
2026-09-08,"TRANPORTE DE PASAJEROS GENERAL ROCA S.R.L","LINEA 533","NO","COLECTIVO","PROVINCIAL","MENDOZA","SN",5067,"SI"
2026-09-08,"TRANPORTE DE PASAJEROS GENERAL ROCA S.R.L","LINEA 534","NO","COLECTIVO","PROVINCIAL","MENDOZA","SN",76,"SI"
2026-09-08,"TRANPORTE DE PASAJEROS GENERAL ROCA S.R.L","LINEA 535","NO","COLECTIVO","PROVINCIAL","MENDOZA","SN",1447,"SI"
2026-09-08,"RISSMA S.R.L","LINEA 54","NO","COLECTIVO","MUNICIPAL","CORDOBA","CORDOBA",2239,"SI"
2026-09-08,"TRANPORTE DE PASAJEROS GENERAL ROCA S.R.L","LINEA 540","NO","COLECTIVO","PROVINCIAL","MENDOZA","SN",1356,"SI"
2026-09-08,"ANTONIO BUTTINI E HIJOS S R L","LINEA 541","NO","COLECTIVO","PROVINCIAL","MENDOZA","SN",18,"SI"
2026-09-08,"TRANPORTE DE PASAJEROS GENERAL ROCA S.R.L","LINEA 541","NO","COLECTIVO","PROVINCIAL","MENDOZA","SN",1251,"SI"
2026-09-08,"ANTONIO BUTTINI E HIJOS S R L","LINEA 542","NO","COLECTIVO","PROVINCIAL","MENDOZA","SN",922,"SI"
2026-09-08,"TRANPORTE DE PASAJEROS GENERAL ROCA S.R.L","LINEA 542","NO","COLECTIVO","PROVINCIAL","MENDOZA","SN",1330,"SI"
2026-09-08,"ANTONIO BUTTINI E HIJOS S R L","LINEA 543","NO","COLECTIVO","PROVINCIAL","MENDOZA","SN",382,"SI"
2026-09-08,"TRANPORTE DE PASAJEROS GENERAL ROCA S.R.L","LINEA 543","NO","COLECTIVO","PROVINCIAL","MENDOZA","SN",864,"SI"
2026-09-08,"ANTONIO BUTTINI E HIJOS S R L","LINEA 544","NO","COLECTIVO","PROVINCIAL","MENDOZA","SN",1379,"SI"
2026-09-08,"TRANPORTE DE PASAJEROS GENERAL ROCA S.R.L","LINEA 544","NO","COLECTIVO","PROVINCIAL","MENDOZA","SN",5286,"SI"
2026-09-08,"TRANPORTE DE PASAJEROS GENERAL ROCA S.R.L","LINEA 545","NO","COLECTIVO","PROVINCIAL","MENDOZA","SN",471,"SI"
2026-09-08,"TRANPORTE DE PASAJEROS GENERAL ROCA S.R.L","LINEA 546","NO","COLECTIVO","PROVINCIAL","MENDOZA","SN",970,"SI"
2026-09-08,"TRANPORTE DE PASAJEROS GENERAL ROCA S.R.L","LINEA 547","NO","COLECTIVO","PROVINCIAL","MENDOZA","SN",581,"SI"
2026-09-08,"ANTONIO BUTTINI E HIJOS S R L","LINEA 548","NO","COLECTIVO","PROVINCIAL","MENDOZA","SN",606,"SI"
2026-09-08,"TRANPORTE DE PASAJEROS GENERAL ROCA S.R.L","LINEA 548","NO","COLECTIVO","PROVINCIAL","MENDOZA","SN",1184,"SI"
2026-09-08,"TRANPORTE DE PASAJEROS GENERAL ROCA S.R.L","LINEA 549","NO","COLECTIVO","PROVINCIAL","MENDOZA","SN",970,"SI"
2026-09-08,"COOPERATIVA DE TRABAJO DE TRANSPORTE SAN FERNANDO LTDA","LINEA 55","NO","COLECTIVO","PROVINCIAL","CATAMARCA","SN",5,"SI"
2026-09-08,"TRANPORTE DE PASAJEROS GENERAL ROCA S.R.L","LINEA 550","NO","COLECTIVO","PROVINCIAL","MENDOZA","SN",455,"SI"
2026-09-08,"TRANPORTE DE PASAJEROS GENERAL ROCA S.R.L","LINEA 551","NO","COLECTIVO","PROVINCIAL","MENDOZA","SN",510,"SI"
2026-09-08,"TRANPORTE DE PASAJEROS GENERAL ROCA S.R.L","LINEA 552","NO","COLECTIVO","PROVINCIAL","MENDOZA","SN",226,"SI"
2026-09-08,"TRANPORTE DE PASAJEROS GENERAL ROCA S.R.L","LINEA 553","NO","COLECTIVO","PROVINCIAL","MENDOZA","SN",906,"SI"
2026-09-08,"TRANPORTE DE PASAJEROS GENERAL ROCA S.R.L","LINEA 554","NO","COLECTIVO","PROVINCIAL","MENDOZA","SN",1198,"SI"
2026-09-08,"TRANPORTE DE PASAJEROS GENERAL ROCA S.R.L","LINEA 555","NO","COLECTIVO","PROVINCIAL","MENDOZA","SN",26,"SI"
2026-09-08,"TRANPORTE DE PASAJEROS GENERAL ROCA S.R.L","LINEA 556","NO","COLECTIVO","PROVINCIAL","MENDOZA","SN",1480,"SI"
2026-09-08,"TRANPORTE DE PASAJEROS GENERAL ROCA S.R.L","LINEA 557","NO","COLECTIVO","PROVINCIAL","MENDOZA","SN",55,"SI"
2026-09-08,"TRANPORTE DE PASAJEROS GENERAL ROCA S.R.L","LINEA 559","NO","COLECTIVO","PROVINCIAL","MENDOZA","SN",88,"SI"
2026-09-08,"TRANPORTE DE PASAJEROS GENERAL ROCA S.R.L","LINEA 560","NO","COLECTIVO","PROVINCIAL","MENDOZA","SN",1137,"SI"
2026-09-08,"TRANPORTE DE PASAJEROS GENERAL ROCA S.R.L","LINEA 561","NO","COLECTIVO","PROVINCIAL","MENDOZA","SN",628,"SI"
2026-09-08,"TRANPORTE DE PASAJEROS GENERAL ROCA S.R.L","LINEA 562","NO","COLECTIVO","PROVINCIAL","MENDOZA","SN",1351,"SI"
2026-09-08,"TRANPORTE DE PASAJEROS GENERAL ROCA S.R.L","LINEA 563","NO","COLECTIVO","PROVINCIAL","MENDOZA","SN",1203,"SI"
2026-09-08,"TRANPORTE DE PASAJEROS GENERAL ROCA S.R.L","LINEA 564","NO","COLECTIVO","PROVINCIAL","MENDOZA","SN",133,"SI"
2026-09-08,"TRANPORTE DE PASAJEROS GENERAL ROCA S.R.L","LINEA 570","NO","COLECTIVO","PROVINCIAL","MENDOZA","SN",1007,"SI"
2026-09-08,"ANTONIO BUTTINI E HIJOS S R L","LINEA 571","NO","COLECTIVO","PROVINCIAL","MENDOZA","SN",12,"SI"
2026-09-08,"ANTONIO BUTTINI E HIJOS S R L","LINEA 572","NO","COLECTIVO","PROVINCIAL","MENDOZA","SN",193,"SI"
2026-09-08,"ANTONIO BUTTINI E HIJOS S R L","LINEA 573","NO","COLECTIVO","PROVINCIAL","MENDOZA","SN",329,"SI"
2026-09-08,"ANTONIO BUTTINI E HIJOS S R L","LINEA 574","NO","COLECTIVO","PROVINCIAL","MENDOZA","SN",1025,"SI"
2026-09-08,"ANTONIO BUTTINI E HIJOS S R L","LINEA 575","NO","COLECTIVO","PROVINCIAL","MENDOZA","SN",912,"SI"
2026-09-08,"TRANPORTE DE PASAJEROS GENERAL ROCA S.R.L","LINEA 590","NO","COLECTIVO","PROVINCIAL","MENDOZA","SN",15,"SI"
2026-09-08,"TRANPORTE DE PASAJEROS GENERAL ROCA S.R.L","LINEA 591","NO","COLECTIVO","PROVINCIAL","MENDOZA","SN",28,"SI"
2026-09-08,"TURISMO PALMARES S.R.L.","LINEA 6","NO","COLECTIVO","MUNICIPAL","ENTRE RÍOS","CONCORDIA",1679,"SI"
2026-09-08,"ENTE MUNICIPAL DE SERVICIOS URBANOS","LINEA 6","NO","COLECTIVO","MUNICIPAL","LA PAMPA","SANTA ROSA",488,"SI"
2026-09-08,"TRANSPORTE J.M.F S.R.L.","LINEA 6","NO","COLECTIVO","MUNICIPAL","SANTIAGO DEL ESTERO","LA BANDA",3556,"SI"
2026-09-08,"EMPRESA CERRO POZO S.R.L.","LINEA 6","NO","COLECTIVO","MUNICIPAL","TUCUMAN","SAN MIGUEL DE TUCUMAN",4255,"SI"
2026-09-08,"ILLAGES S.R.L.","LINEA 6","NO","COLECTIVO","MUNICIPAL","TUCUMAN","SAN MIGUEL DE TUCUMAN",3725,"SI"
2026-09-08,"PUESTO NUEVO S.R.L.","LINEA 6","NO","COLECTIVO","MUNICIPAL","TUCUMAN","SAN MIGUEL DE TUCUMAN",714,"SI"
2026-09-08,"ERSA URBANO SA","LINEA 6","NO","COLECTIVO","PROVINCIAL","ENTRE RÍOS","SN",3144,"SI"
2026-09-08,"CONIFERAL S.A.","LINEA 60","NO","COLECTIVO","MUNICIPAL","CORDOBA","CORDOBA",8724,"SI"
2026-09-08,"LOPEZ RAMON PLACIDO","LINEA 60","NO","COLECTIVO","PROVINCIAL","CATAMARCA","SN",261,"SI"
2026-09-08,"TAMSAU","LINEA 600","NO","COLECTIVO","MUNICIPAL","CORDOBA","CORDOBA",712,"SI"
2026-09-08,"TRANSPORTES EL PLUMERILLO S A","LINEA 600","NO","COLECTIVO","PROVINCIAL","MENDOZA","SN",10085,"SI"
2026-09-08,"TAMSAU","LINEA 601","NO","COLECTIVO","MUNICIPAL","CORDOBA","CORDOBA",761,"SI"
2026-09-08,"TRANSPORTES EL PLUMERILLO S A","LINEA 601","NO","COLECTIVO","PROVINCIAL","MENDOZA","SN",4352,"SI"
2026-09-08,"TRANSPORTES EL PLUMERILLO S A","LINEA 603","NO","COLECTIVO","PROVINCIAL","MENDOZA","SN",1498,"SI"
2026-09-08,"TRANSPORTES EL PLUMERILLO S A","LINEA 604","NO","COLECTIVO","PROVINCIAL","MENDOZA","SN",2060,"SI"
2026-09-08,"TRANSPORTES EL PLUMERILLO S A","LINEA 605","NO","COLECTIVO","PROVINCIAL","MENDOZA","SN",4299,"SI"
2026-09-08,"TRANSPORTES EL PLUMERILLO S A","LINEA 606","NO","COLECTIVO","PROVINCIAL","MENDOZA","SN",7091,"SI"
2026-09-08,"TRANSPORTES EL PLUMERILLO S A","LINEA 608","NO","COLECTIVO","PROVINCIAL","MENDOZA","SN",2297,"SI"
2026-09-08,"TRANSPORTES EL PLUMERILLO S A","LINEA 609","NO","COLECTIVO","PROVINCIAL","MENDOZA","SN",2095,"SI"
2026-09-08,"CONIFERAL S.A.","LINEA 61","NO","COLECTIVO","MUNICIPAL","CORDOBA","CORDOBA",2754,"SI"
2026-09-08,"LOPEZ RAMON PLACIDO","LINEA 61","NO","COLECTIVO","PROVINCIAL","CATAMARCA","SN",59,"SI"
2026-09-08,"TRANSPORTES EL PLUMERILLO S A","LINEA 610","NO","COLECTIVO","PROVINCIAL","MENDOZA","SN",5700,"SI"
2026-09-08,"TRANSPORTES EL PLUMERILLO S A","LINEA 611","NO","COLECTIVO","PROVINCIAL","MENDOZA","SN",5876,"SI"
2026-09-08,"TRANSPORTES EL PLUMERILLO S A","LINEA 612","NO","COLECTIVO","PROVINCIAL","MENDOZA","SN",340,"SI"
2026-09-08,"CONIFERAL S.A.","LINEA 62","NO","COLECTIVO","MUNICIPAL","CORDOBA","CORDOBA",6205,"SI"
2026-09-08,"TRANSPORTES EL PLUMERILLO S A","LINEA 620","NO","COLECTIVO","PROVINCIAL","MENDOZA","SN",1515,"SI"
2026-09-08,"TRANSPORTES EL PLUMERILLO S A","LINEA 625","NO","COLECTIVO","PROVINCIAL","MENDOZA","SN",3910,"SI"
2026-09-08,"CONIFERAL S.A.","LINEA 63","NO","COLECTIVO","MUNICIPAL","CORDOBA","CORDOBA",4169,"SI"
2026-09-08,"LA VECINAL DE MATANZA SACI. DE MICROOMNIBUS","LINEA 630","SI","COLECTIVO","MUNICIPAL","BUENOS AIRES","LA MATANZA",20071,"SI"
2026-09-08,"TRANSPORTES EL PLUMERILLO S A","LINEA 630","NO","COLECTIVO","PROVINCIAL","MENDOZA","SN",6669,"SI"
2026-09-08,"CONIFERAL S.A.","LINEA 64","NO","COLECTIVO","MUNICIPAL","CORDOBA","CORDOBA",2904,"SI"
2026-09-08,"TRANSPORTES EL PLUMERILLO S A","LINEA 640","NO","COLECTIVO","PROVINCIAL","MENDOZA","SN",2364,"SI"
2026-09-08,"TRANSPORTES EL PLUMERILLO S A","LINEA 645","NO","COLECTIVO","PROVINCIAL","MENDOZA","SN",1871,"SI"
2026-09-08,"CONIFERAL S.A.","LINEA 65","NO","COLECTIVO","MUNICIPAL","CORDOBA","CORDOBA",6352,"SI"
2026-09-08,"TRANSPORTES EL PLUMERILLO S A","LINEA 650","NO","COLECTIVO","PROVINCIAL","MENDOZA","SN",2242,"SI"
2026-09-08,"TRANSPORTES EL PLUMERILLO S A","LINEA 651","NO","COLECTIVO","PROVINCIAL","MENDOZA","SN",819,"SI"
2026-09-08,"TRANSPORTES EL PLUMERILLO S A","LINEA 653","NO","COLECTIVO","PROVINCIAL","MENDOZA","SN",819,"SI"
2026-09-08,"CONIFERAL S.A.","LINEA 66","NO","COLECTIVO","MUNICIPAL","CORDOBA","CORDOBA",5874,"SI"
2026-09-08,"TRANSPORTES EL PLUMERILLO S A","LINEA 660","NO","COLECTIVO","PROVINCIAL","MENDOZA","SN",1508,"SI"
2026-09-08,"TRANSPORTES EL PLUMERILLO S A","LINEA 665","NO","COLECTIVO","PROVINCIAL","MENDOZA","SN",1090,"SI"
2026-09-08,"CONIFERAL S.A.","LINEA 67","NO","COLECTIVO","MUNICIPAL","CORDOBA","CORDOBA",2337,"SI"
2026-09-08,"AGUERO RICARDO DANTE","LINEA 67","NO","COLECTIVO","PROVINCIAL","CATAMARCA","SN",177,"SI"
2026-09-08,"TRANSPORTES EL PLUMERILLO S A","LINEA 670","NO","COLECTIVO","PROVINCIAL","MENDOZA","SN",3338,"SI"
2026-09-08,"TRANSPORTES EL PLUMERILLO S A","LINEA 675","NO","COLECTIVO","PROVINCIAL","MENDOZA","SN",829,"SI"
2026-09-08,"TRANSPORTES EL PLUMERILLO S A","LINEA 676","NO","COLECTIVO","PROVINCIAL","MENDOZA","SN",306,"SI"
2026-09-08,"CONIFERAL S.A.","LINEA 68","NO","COLECTIVO","MUNICIPAL","CORDOBA","CORDOBA",2425,"SI"
2026-09-08,"TRANSPORTES EL PLUMERILLO S A","LINEA 680","NO","COLECTIVO","PROVINCIAL","MENDOZA","SN",74,"SI"
2026-09-08,"TRANSPORTES EL PLUMERILLO S A","LINEA 697","NO","COLECTIVO","PROVINCIAL","MENDOZA","SN",60,"SI"
2026-09-08,"TRANSPORTES EL PLUMERILLO S A","LINEA 698","NO","COLECTIVO","PROVINCIAL","MENDOZA","SN",13,"SI"
2026-09-08,"COOPERATIVA DE TRABAJO NUEVO EXPRESO LIMITADA","LINEA 7","NO","COLECTIVO","MUNICIPAL","ENTRE RÍOS","CONCORDIA",7799,"SI"
2026-09-08,"ENTE MUNICIPAL DE SERVICIOS URBANOS","LINEA 7","NO","COLECTIVO","MUNICIPAL","LA PAMPA","SANTA ROSA",2443,"SI"
2026-09-08,"EL CEIBO SRL","LINEA 7","NO","COLECTIVO","MUNICIPAL","TUCUMAN","SAN MIGUEL DE TUCUMAN",6488,"SI"
2026-09-08,"GRUPO MR S.R.L.","LINEA 70","NO","COLECTIVO","MUNICIPAL","CORDOBA","CORDOBA",9825,"SI"
2026-09-08,"AUTOTRANSPORTES EL TRAPICHE SRL Y TRANSPORTE GENERAL BARTOLOME MITRE SRL UNION TRANSITORIA","LINEA 700","NO","COLECTIVO","PROVINCIAL","MENDOZA","SN",13940,"SI"
2026-09-08,"AUTOTRANSPORTES EL TRAPICHE SRL Y TRANSPORTE GENERAL BARTOLOME MITRE SRL UNION TRANSITORIA","LINEA 702","NO","COLECTIVO","PROVINCIAL","MENDOZA","SN",90,"SI"
2026-09-08,"AUTOTRANSPORTES EL TRAPICHE SRL Y TRANSPORTE GENERAL BARTOLOME MITRE SRL UNION TRANSITORIA","LINEA 703","NO","COLECTIVO","PROVINCIAL","MENDOZA","SN",288,"SI"
2026-09-08,"AUTOTRANSPORTES EL TRAPICHE SRL Y TRANSPORTE GENERAL BARTOLOME MITRE SRL UNION TRANSITORIA","LINEA 704","NO","COLECTIVO","PROVINCIAL","MENDOZA","SN",4130,"SI"
2026-09-08,"AUTOTRANSPORTES EL TRAPICHE SRL Y TRANSPORTE GENERAL BARTOLOME MITRE SRL UNION TRANSITORIA","LINEA 705","NO","COLECTIVO","PROVINCIAL","MENDOZA","SN",1557,"SI"
2026-09-08,"AUTOTRANSPORTES EL TRAPICHE SRL Y TRANSPORTE GENERAL BARTOLOME MITRE SRL UNION TRANSITORIA","LINEA 707","NO","COLECTIVO","PROVINCIAL","MENDOZA","SN",1363,"SI"
2026-09-08,"AUTOTRANSPORTES EL TRAPICHE SRL Y TRANSPORTE GENERAL BARTOLOME MITRE SRL UNION TRANSITORIA","LINEA 708","NO","COLECTIVO","PROVINCIAL","MENDOZA","SN",1345,"SI"
2026-09-08,"GRUPO MR S.R.L.","LINEA 71","NO","COLECTIVO","MUNICIPAL","CORDOBA","CORDOBA",2938,"SI"
2026-09-08,"AUTOTRANSPORTES EL TRAPICHE SRL Y TRANSPORTE GENERAL BARTOLOME MITRE SRL UNION TRANSITORIA","LINEA 710","NO","COLECTIVO","PROVINCIAL","MENDOZA","SN",2995,"SI"
2026-09-08,"AUTOTRANSPORTES EL TRAPICHE SRL Y TRANSPORTE GENERAL BARTOLOME MITRE SRL UNION TRANSITORIA","LINEA 711","NO","COLECTIVO","PROVINCIAL","MENDOZA","SN",53,"SI"
2026-09-08,"AUTOTRANSPORTES EL TRAPICHE SRL Y TRANSPORTE GENERAL BARTOLOME MITRE SRL UNION TRANSITORIA","LINEA 713","NO","COLECTIVO","PROVINCIAL","MENDOZA","SN",432,"SI"
2026-09-08,"AUTOTRANSPORTES EL TRAPICHE SRL Y TRANSPORTE GENERAL BARTOLOME MITRE SRL UNION TRANSITORIA","LINEA 714","NO","COLECTIVO","PROVINCIAL","MENDOZA","SN",1267,"SI"
2026-09-08,"AUTOTRANSPORTES EL TRAPICHE SRL Y TRANSPORTE GENERAL BARTOLOME MITRE SRL UNION TRANSITORIA","LINEA 715","NO","COLECTIVO","PROVINCIAL","MENDOZA","SN",99,"SI"
2026-09-08,"EMPRESA DE TRANSPORTE PERALTA RAMOS SACI","LINEA 717","NO","COLECTIVO","MUNICIPAL","BUENOS AIRES","GENERAL PUEYRREDON",5295,"SI"
2026-09-08,"GRUPO MR S.R.L.","LINEA 72","NO","COLECTIVO","MUNICIPAL","CORDOBA","CORDOBA",3519,"SI"
2026-09-08,"AUTOTRANSPORTES EL TRAPICHE SRL Y TRANSPORTE GENERAL BARTOLOME MITRE SRL UNION TRANSITORIA","LINEA 720","NO","COLECTIVO","PROVINCIAL","MENDOZA","SN",9113,"SI"
2026-09-08,"UTENOR SA L 722","LINEA 722","SI","COLECTIVO","MUNICIPAL","BUENOS AIRES","TIGRE",4562,"SI"
2026-09-08,"AUTOTRANSPORTES EL TRAPICHE SRL Y TRANSPORTE GENERAL BARTOLOME MITRE SRL UNION TRANSITORIA","LINEA 722","NO","COLECTIVO","PROVINCIAL","MENDOZA","SN",4133,"SI"
2026-09-08,"AUTOTRANSPORTES EL TRAPICHE SRL Y TRANSPORTE GENERAL BARTOLOME MITRE SRL UNION TRANSITORIA","LINEA 723","NO","COLECTIVO","PROVINCIAL","MENDOZA","SN",1625,"SI"
2026-09-08,"AUTOTRANSPORTES EL TRAPICHE SRL Y TRANSPORTE GENERAL BARTOLOME MITRE SRL UNION TRANSITORIA","LINEA 724","NO","COLECTIVO","PROVINCIAL","MENDOZA","SN",847,"SI"
2026-09-08,"AUTOTRANSPORTES EL TRAPICHE SRL Y TRANSPORTE GENERAL BARTOLOME MITRE SRL UNION TRANSITORIA","LINEA 729","NO","COLECTIVO","PROVINCIAL","MENDOZA","SN",116,"SI"
2026-09-08,"GRUPO MR S.R.L.","LINEA 73","NO","COLECTIVO","MUNICIPAL","CORDOBA","CORDOBA",2701,"SI"
2026-09-08,"AUTOTRANSPORTES EL TRAPICHE SRL Y TRANSPORTE GENERAL BARTOLOME MITRE SRL UNION TRANSITORIA","LINEA 730","NO","COLECTIVO","PROVINCIAL","MENDOZA","SN",2258,"SI"
2026-09-08,"AUTOTRANSPORTES EL TRAPICHE SRL Y TRANSPORTE GENERAL BARTOLOME MITRE SRL UNION TRANSITORIA","LINEA 731","NO","COLECTIVO","PROVINCIAL","MENDOZA","SN",130,"SI"
2026-09-08,"AUTOTRANSPORTES EL TRAPICHE SRL Y TRANSPORTE GENERAL BARTOLOME MITRE SRL UNION TRANSITORIA","LINEA 732","NO","COLECTIVO","PROVINCIAL","MENDOZA","SN",6929,"SI"
2026-09-08,"AUTOTRANSPORTES EL TRAPICHE SRL Y TRANSPORTE GENERAL BARTOLOME MITRE SRL UNION TRANSITORIA","LINEA 733","NO","COLECTIVO","PROVINCIAL","MENDOZA","SN",6357,"SI"
2026-09-08,"AUTOTRANSPORTES EL TRAPICHE SRL Y TRANSPORTE GENERAL BARTOLOME MITRE SRL UNION TRANSITORIA","LINEA 734","NO","COLECTIVO","PROVINCIAL","MENDOZA","SN",1353,"SI"
2026-09-08,"AUTOTRANSPORTES EL TRAPICHE SRL Y TRANSPORTE GENERAL BARTOLOME MITRE SRL UNION TRANSITORIA","LINEA 735","NO","COLECTIVO","PROVINCIAL","MENDOZA","SN",16,"SI"
2026-09-08,"AUTOTRANSPORTES EL TRAPICHE SRL Y TRANSPORTE GENERAL BARTOLOME MITRE SRL UNION TRANSITORIA","LINEA 736","NO","COLECTIVO","PROVINCIAL","MENDOZA","SN",11,"SI"
2026-09-08,"AUTOTRANSPORTES EL TRAPICHE SRL Y TRANSPORTE GENERAL BARTOLOME MITRE SRL UNION TRANSITORIA","LINEA 737","NO","COLECTIVO","PROVINCIAL","MENDOZA","SN",10,"SI"
2026-09-08,"AUTOTRANSPORTES EL TRAPICHE SRL Y TRANSPORTE GENERAL BARTOLOME MITRE SRL UNION TRANSITORIA","LINEA 738","NO","COLECTIVO","PROVINCIAL","MENDOZA","SN",31,"SI"
2026-09-08,"AUTOTRANSPORTES EL TRAPICHE SRL Y TRANSPORTE GENERAL BARTOLOME MITRE SRL UNION TRANSITORIA","LINEA 739","NO","COLECTIVO","PROVINCIAL","MENDOZA","SN",8,"SI"
2026-09-08,"GRUPO MR S.R.L.","LINEA 74","NO","COLECTIVO","MUNICIPAL","CORDOBA","CORDOBA",3085,"SI"
2026-09-08,"AUTOTRANSPORTES EL TRAPICHE SRL Y TRANSPORTE GENERAL BARTOLOME MITRE SRL UNION TRANSITORIA","LINEA 740","NO","COLECTIVO","PROVINCIAL","MENDOZA","SN",1140,"SI"
2026-09-08,"AUTOTRANSPORTES EL TRAPICHE SRL Y TRANSPORTE GENERAL BARTOLOME MITRE SRL UNION TRANSITORIA","LINEA 748","NO","COLECTIVO","PROVINCIAL","MENDOZA","SN",85,"SI"
2026-09-08,"AUTOTRANSPORTES EL TRAPICHE SRL Y TRANSPORTE GENERAL BARTOLOME MITRE SRL UNION TRANSITORIA","LINEA 749","NO","COLECTIVO","PROVINCIAL","MENDOZA","SN",54,"SI"
2026-09-08,"GRUPO MR S.R.L.","LINEA 75","NO","COLECTIVO","MUNICIPAL","CORDOBA","CORDOBA",3856,"SI"
2026-09-08,"AUTOTRANSPORTES EL TRAPICHE SRL Y TRANSPORTE GENERAL BARTOLOME MITRE SRL UNION TRANSITORIA","LINEA 750","NO","COLECTIVO","PROVINCIAL","MENDOZA","SN",88,"SI"
2026-09-08,"AUTOTRANSPORTES EL TRAPICHE SRL Y TRANSPORTE GENERAL BARTOLOME MITRE SRL UNION TRANSITORIA","LINEA 751","NO","COLECTIVO","PROVINCIAL","MENDOZA","SN",1036,"SI"
2026-09-08,"AUTOTRANSPORTES EL TRAPICHE SRL Y TRANSPORTE GENERAL BARTOLOME MITRE SRL UNION TRANSITORIA","LINEA 752","NO","COLECTIVO","PROVINCIAL","MENDOZA","SN",1095,"SI"
2026-09-08,"AUTOTRANSPORTES EL TRAPICHE SRL Y TRANSPORTE GENERAL BARTOLOME MITRE SRL UNION TRANSITORIA","LINEA 753","NO","COLECTIVO","PROVINCIAL","MENDOZA","SN",500,"SI"
2026-09-08,"AUTOTRANSPORTES EL TRAPICHE SRL Y TRANSPORTE GENERAL BARTOLOME MITRE SRL UNION TRANSITORIA","LINEA 754","NO","COLECTIVO","PROVINCIAL","MENDOZA","SN",1277,"SI"
2026-09-08,"GRUPO MR S.R.L.","LINEA 76","NO","COLECTIVO","MUNICIPAL","CORDOBA","CORDOBA",589,"SI"
2026-09-08,"AUTOTRANSPORTES EL TRAPICHE SRL Y TRANSPORTE GENERAL BARTOLOME MITRE SRL UNION TRANSITORIA","LINEA 760","NO","COLECTIVO","PROVINCIAL","MENDOZA","SN",3418,"SI"
2026-09-08,"AUTOTRANSPORTES EL TRAPICHE SRL Y TRANSPORTE GENERAL BARTOLOME MITRE SRL UNION TRANSITORIA","LINEA 761","NO","COLECTIVO","PROVINCIAL","MENDOZA","SN",3698,"SI"
2026-09-08,"AUTOTRANSPORTES EL TRAPICHE SRL Y TRANSPORTE GENERAL BARTOLOME MITRE SRL UNION TRANSITORIA","LINEA 766","NO","COLECTIVO","PROVINCIAL","MENDOZA","SN",506,"SI"
2026-09-08,"AUTOTRANSPORTES EL TRAPICHE SRL Y TRANSPORTE GENERAL BARTOLOME MITRE SRL UNION TRANSITORIA","LINEA 767","NO","COLECTIVO","PROVINCIAL","MENDOZA","SN",105,"SI"
2026-09-08,"AUTOTRANSPORTES EL TRAPICHE SRL Y TRANSPORTE GENERAL BARTOLOME MITRE SRL UNION TRANSITORIA","LINEA 769","NO","COLECTIVO","PROVINCIAL","MENDOZA","SN",91,"SI"
2026-09-08,"AUTOTRANSPORTES EL TRAPICHE SRL Y TRANSPORTE GENERAL BARTOLOME MITRE SRL UNION TRANSITORIA","LINEA 770","NO","COLECTIVO","PROVINCIAL","MENDOZA","SN",739,"SI"
2026-09-08,"AUTOTRANSPORTES EL TRAPICHE SRL Y TRANSPORTE GENERAL BARTOLOME MITRE SRL UNION TRANSITORIA","LINEA 771","NO","COLECTIVO","PROVINCIAL","MENDOZA","SN",1175,"SI"
2026-09-08,"AUTOTRANSPORTES EL TRAPICHE SRL Y TRANSPORTE GENERAL BARTOLOME MITRE SRL UNION TRANSITORIA","LINEA 772","NO","COLECTIVO","PROVINCIAL","MENDOZA","SN",1347,"SI"
2026-09-08,"AUTOTRANSPORTES EL TRAPICHE SRL Y TRANSPORTE GENERAL BARTOLOME MITRE SRL UNION TRANSITORIA","LINEA 773","NO","COLECTIVO","PROVINCIAL","MENDOZA","SN",381,"SI"
2026-09-08,"AUTOTRANSPORTES EL TRAPICHE SRL Y TRANSPORTE GENERAL BARTOLOME MITRE SRL UNION TRANSITORIA","LINEA 774","NO","COLECTIVO","PROVINCIAL","MENDOZA","SN",20,"SI"
2026-09-08,"AUTOTRANSPORTES EL TRAPICHE SRL Y TRANSPORTE GENERAL BARTOLOME MITRE SRL UNION TRANSITORIA","LINEA 776","NO","COLECTIVO","PROVINCIAL","MENDOZA","SN",11,"SI"
2026-09-08,"AUTOTRANSPORTES EL TRAPICHE SRL Y TRANSPORTE GENERAL BARTOLOME MITRE SRL UNION TRANSITORIA","LINEA 777","NO","COLECTIVO","PROVINCIAL","MENDOZA","SN",14,"SI"
2026-09-08,"AUTOTRANSPORTES EL TRAPICHE SRL Y TRANSPORTE GENERAL BARTOLOME MITRE SRL UNION TRANSITORIA","LINEA 778","NO","COLECTIVO","PROVINCIAL","MENDOZA","SN",4,"SI"
2026-09-08,"AUTOTRANSPORTES EL TRAPICHE SRL Y TRANSPORTE GENERAL BARTOLOME MITRE SRL UNION TRANSITORIA","LINEA 782","NO","COLECTIVO","PROVINCIAL","MENDOZA","SN",143,"SI"
2026-09-08,"AUTOTRANSPORTES EL TRAPICHE SRL Y TRANSPORTE GENERAL BARTOLOME MITRE SRL UNION TRANSITORIA","LINEA 783","NO","COLECTIVO","PROVINCIAL","MENDOZA","SN",210,"SI"
2026-09-08,"AUTOTRANSPORTES EL TRAPICHE SRL Y TRANSPORTE GENERAL BARTOLOME MITRE SRL UNION TRANSITORIA","LINEA 785","NO","COLECTIVO","PROVINCIAL","MENDOZA","SN",20,"SI"
2026-09-08,"AUTOTRANSPORTES EL TRAPICHE SRL Y TRANSPORTE GENERAL BARTOLOME MITRE SRL UNION TRANSITORIA","LINEA 786","NO","COLECTIVO","PROVINCIAL","MENDOZA","SN",10,"SI"
2026-09-08,"AUTOTRANSPORTES EL TRAPICHE SRL Y TRANSPORTE GENERAL BARTOLOME MITRE SRL UNION TRANSITORIA","LINEA 787","NO","COLECTIVO","PROVINCIAL","MENDOZA","SN",11,"SI"
2026-09-08,"AUTOTRANSPORTES EL TRAPICHE SRL Y TRANSPORTE GENERAL BARTOLOME MITRE SRL UNION TRANSITORIA","LINEA 788","NO","COLECTIVO","PROVINCIAL","MENDOZA","SN",15,"SI"
2026-09-08,"AUTOTRANSPORTES EL TRAPICHE SRL Y TRANSPORTE GENERAL BARTOLOME MITRE SRL UNION TRANSITORIA","LINEA 790","NO","COLECTIVO","PROVINCIAL","MENDOZA","SN",8,"SI"
2026-09-08,"AUTOTRANSPORTES EL TRAPICHE SRL Y TRANSPORTE GENERAL BARTOLOME MITRE SRL UNION TRANSITORIA","LINEA 791","NO","COLECTIVO","PROVINCIAL","MENDOZA","SN",22,"SI"
2026-09-08,"AUTOTRANSPORTES EL TRAPICHE SRL Y TRANSPORTE GENERAL BARTOLOME MITRE SRL UNION TRANSITORIA","LINEA 792","NO","COLECTIVO","PROVINCIAL","MENDOZA","SN",13,"SI"
2026-09-08,"AUTOTRANSPORTES EL TRAPICHE SRL Y TRANSPORTE GENERAL BARTOLOME MITRE SRL UNION TRANSITORIA","LINEA 793","NO","COLECTIVO","PROVINCIAL","MENDOZA","SN",13,"SI"
2026-09-08,"AUTOTRANSPORTES EL TRAPICHE SRL Y TRANSPORTE GENERAL BARTOLOME MITRE SRL UNION TRANSITORIA","LINEA 795","NO","COLECTIVO","PROVINCIAL","MENDOZA","SN",3,"SI"
2026-09-08,"AUTOTRANSPORTES EL TRAPICHE SRL Y TRANSPORTE GENERAL BARTOLOME MITRE SRL UNION TRANSITORIA","LINEA 796","NO","COLECTIVO","PROVINCIAL","MENDOZA","SN",59,"SI"
2026-09-08,"COOPERATIVA DE TRABAJO NUEVO EXPRESO LIMITADA","LINEA 8","NO","COLECTIVO","MUNICIPAL","ENTRE RÍOS","CONCORDIA",1562,"SI"
2026-09-08,"ENTE MUNICIPAL DE SERVICIOS URBANOS","LINEA 8","NO","COLECTIVO","MUNICIPAL","LA PAMPA","SANTA ROSA",400,"SI"
2026-09-08,"EL RAYO BUS S.R.L.","LINEA 8","NO","COLECTIVO","MUNICIPAL","TUCUMAN","SAN MIGUEL DE TUCUMAN",6404,"SI"
2026-09-08,"TRANSPORTES RIO GRANDE S.A.C.I.F.","LINEA 8","SI","COLECTIVO","NACIONAL","JN","SD",61372,"SI"
2026-09-08,"RISSMA S.R.L","LINEA 80","NO","COLECTIVO","MUNICIPAL","CORDOBA","CORDOBA",4003,"SI"
2026-09-08,"TRANSPORTE RODOLFO PARRA","LINEA 80","NO","COLECTIVO","PROVINCIAL","CATAMARCA","SN",96,"SI"
2026-09-08,"EMPRESA MAIPU S.R.L","LINEA 801","NO","COLECTIVO","PROVINCIAL","MENDOZA","SN",723,"SI"
2026-09-08,"EMPRESA MAIPU S.R.L","LINEA 802","NO","COLECTIVO","PROVINCIAL","MENDOZA","SN",116,"SI"
2026-09-08,"EMPRESA MAIPU S.R.L","LINEA 803","NO","COLECTIVO","PROVINCIAL","MENDOZA","SN",336,"SI"
2026-09-08,"EMPRESA MAIPU S.R.L","LINEA 804","NO","COLECTIVO","PROVINCIAL","MENDOZA","SN",1712,"SI"
2026-09-08,"RISSMA S.R.L","LINEA 81","NO","COLECTIVO","MUNICIPAL","CORDOBA","CORDOBA",5114,"SI"
2026-09-08,"EMPRESA MAIPU S.R.L","LINEA 810","NO","COLECTIVO","PROVINCIAL","MENDOZA","SN",3477,"SI"
2026-09-08,"EMPRESA MAIPU S.R.L","LINEA 811","NO","COLECTIVO","PROVINCIAL","MENDOZA","SN",4177,"SI"
2026-09-08,"EMPRESA MAIPU S.R.L","LINEA 812","NO","COLECTIVO","PROVINCIAL","MENDOZA","SN",3863,"SI"
2026-09-08,"EMPRESA MAIPU S.R.L","LINEA 813","NO","COLECTIVO","PROVINCIAL","MENDOZA","SN",4061,"SI"
2026-09-08,"EMPRESA MAIPU S.R.L","LINEA 814","NO","COLECTIVO","PROVINCIAL","MENDOZA","SN",197,"SI"
2026-09-08,"EMPRESA MAIPU S.R.L","LINEA 815","NO","COLECTIVO","PROVINCIAL","MENDOZA","SN",777,"SI"
2026-09-08,"EMPRESA MAIPU S.R.L","LINEA 816","NO","COLECTIVO","PROVINCIAL","MENDOZA","SN",331,"SI"
2026-09-08,"EMPRESA MAIPU S.R.L","LINEA 817","NO","COLECTIVO","PROVINCIAL","MENDOZA","SN",476,"SI"
2026-09-08,"EMPRESA MAIPU S.R.L","LINEA 818","NO","COLECTIVO","PROVINCIAL","MENDOZA","SN",214,"SI"
2026-09-08,"EMPRESA MAIPU S.R.L","LINEA 819","NO","COLECTIVO","PROVINCIAL","MENDOZA","SN",150,"SI"
2026-09-08,"RISSMA S.R.L","LINEA 82","NO","COLECTIVO","MUNICIPAL","CORDOBA","CORDOBA",4723,"SI"
2026-09-08,"EMPRESA MAIPU S.R.L","LINEA 820","NO","COLECTIVO","PROVINCIAL","MENDOZA","SN",6219,"SI"
2026-09-08,"EMPRESA MAIPU S.R.L","LINEA 821","NO","COLECTIVO","PROVINCIAL","MENDOZA","SN",930,"SI"
2026-09-08,"EMPRESA MAIPU S.R.L","LINEA 823","NO","COLECTIVO","PROVINCIAL","MENDOZA","SN",1416,"SI"
2026-09-08,"EMPRESA MAIPU S.R.L","LINEA 824","NO","COLECTIVO","PROVINCIAL","MENDOZA","SN",6401,"SI"
2026-09-08,"EMPRESA MAIPU S.R.L","LINEA 825","NO","COLECTIVO","PROVINCIAL","MENDOZA","SN",35,"SI"
2026-09-08,"RISSMA S.R.L","LINEA 83","NO","COLECTIVO","MUNICIPAL","CORDOBA","CORDOBA",2416,"SI"
2026-09-08,"EMPRESA MAIPU S.R.L","LINEA 830","NO","COLECTIVO","PROVINCIAL","MENDOZA","SN",2263,"SI"
2026-09-08,"RISSMA S.R.L","LINEA 84","NO","COLECTIVO","MUNICIPAL","CORDOBA","CORDOBA",1755,"SI"
2026-09-08,"EMPRESA MAIPU S.R.L","LINEA 840","NO","COLECTIVO","PROVINCIAL","MENDOZA","SN",2270,"SI"
2026-09-08,"RISSMA S.R.L","LINEA 85","NO","COLECTIVO","MUNICIPAL","CORDOBA","CORDOBA",1991,"SI"
2026-09-08,"EMPRESA MAIPU S.R.L","LINEA 850","NO","COLECTIVO","PROVINCIAL","MENDOZA","SN",1204,"SI"
2026-09-08,"EMPRESA MAIPU S.R.L","LINEA 853","NO","COLECTIVO","PROVINCIAL","MENDOZA","SN",52,"SI"
2026-09-08,"EMPRESA MAIPU S.R.L","LINEA 854","NO","COLECTIVO","PROVINCIAL","MENDOZA","SN",488,"SI"
2026-09-08,"EMPRESA MAIPU S.R.L","LINEA 855","NO","COLECTIVO","PROVINCIAL","MENDOZA","SN",471,"SI"
2026-09-08,"EMPRESA MAIPU S.R.L","LINEA 857","NO","COLECTIVO","PROVINCIAL","MENDOZA","SN",927,"SI"
2026-09-08,"EMPRESA MAIPU S.R.L","LINEA 860","NO","COLECTIVO","PROVINCIAL","MENDOZA","SN",110,"SI"
2026-09-08,"EMPRESA MAIPU S.R.L","LINEA 861","NO","COLECTIVO","PROVINCIAL","MENDOZA","SN",65,"SI"
2026-09-08,"EMPRESA MAIPU S.R.L","LINEA 863","NO","COLECTIVO","PROVINCIAL","MENDOZA","SN",237,"SI"
2026-09-08,"EMPRESA MAIPU S.R.L","LINEA 864","NO","COLECTIVO","PROVINCIAL","MENDOZA","SN",163,"SI"
2026-09-08,"EMPRESA MAIPU S.R.L","LINEA 865","NO","COLECTIVO","PROVINCIAL","MENDOZA","SN",1386,"SI"
2026-09-08,"EMPRESA MAIPU S.R.L","LINEA 866","NO","COLECTIVO","PROVINCIAL","MENDOZA","SN",1234,"SI"
2026-09-08,"EMPRESA MAIPU S.R.L","LINEA 867","NO","COLECTIVO","PROVINCIAL","MENDOZA","SN",242,"SI"
2026-09-08,"EMPRESA MAIPU S.R.L","LINEA 868","NO","COLECTIVO","PROVINCIAL","MENDOZA","SN",36,"SI"
2026-09-08,"EMPRESA MAIPU S.R.L","LINEA 869","NO","COLECTIVO","PROVINCIAL","MENDOZA","SN",26,"SI"
2026-09-08,"EMPRESA MAIPU S.R.L","LINEA 870","NO","COLECTIVO","PROVINCIAL","MENDOZA","SN",1165,"SI"
2026-09-08,"EMPRESA MAIPU S.R.L","LINEA 871","NO","COLECTIVO","PROVINCIAL","MENDOZA","SN",396,"SI"
2026-09-08,"EMPRESA MAIPU S.R.L","LINEA 872","NO","COLECTIVO","PROVINCIAL","MENDOZA","SN",52,"SI"
2026-09-08,"EMPRESA MAIPU S.R.L","LINEA 880","NO","COLECTIVO","PROVINCIAL","MENDOZA","SN",34,"SI"
2026-09-08,"EMPRESA MAIPU S.R.L","LINEA 881","NO","COLECTIVO","PROVINCIAL","MENDOZA","SN",283,"SI"
2026-09-08,"EMPRESA MAIPU S.R.L","LINEA 890","NO","COLECTIVO","PROVINCIAL","MENDOZA","SN",12,"SI"
2026-09-08,"EMPRESA MAIPU S.R.L","LINEA 891","NO","COLECTIVO","PROVINCIAL","MENDOZA","SN",12,"SI"
2026-09-08,"EMPRESA MAIPU S.R.L","LINEA 892","NO","COLECTIVO","PROVINCIAL","MENDOZA","SN",2,"SI"
2026-09-08,"EMPRESA MAIPU S.R.L","LINEA 896","NO","COLECTIVO","PROVINCIAL","MENDOZA","SN",314,"SI"
2026-09-08,"EMPRESA MAIPU S.R.L","LINEA 898","NO","COLECTIVO","PROVINCIAL","MENDOZA","SN",77,"SI"
2026-09-08,"COOPERATIVA DE TRABAJO ""12 DE OCTUBRE"" LTADA","LINEA 9","NO","COLECTIVO","MUNICIPAL","ENTRE RÍOS","CONCORDIA",1416,"SI"
2026-09-08,"COOPERATIVA DE TRABAJO NUEVO EXPRESO LIMITADA","LINEA 9","NO","COLECTIVO","MUNICIPAL","ENTRE RÍOS","CONCORDIA",654,"SI"
2026-09-08,"TURISMO PALMARES S.R.L.","LINEA 9","NO","COLECTIVO","MUNICIPAL","ENTRE RÍOS","CONCORDIA",1276,"SI"
2026-09-08,"GENERAL BELGRANO SRL","LINEA 9","NO","COLECTIVO","MUNICIPAL","TUCUMAN","SAN MIGUEL DE TUCUMAN",6716,"SI"
2026-09-08,"EL CACIQUE SA","LINEA 900","NO","COLECTIVO","PROVINCIAL","MENDOZA","SN",6276,"SI"
2026-09-08,"ERSA URBANO SA","LINEA 904","NO","COLECTIVO","NACIONAL","JN","SD",4390,"SI"
2026-09-08,"EL CACIQUE SA","LINEA 905","NO","COLECTIVO","PROVINCIAL","MENDOZA","SN",3915,"SI"
2026-09-08,"EMPRESA CEFERINO SOCIEDAD ANONIMA","LINEA 908","NO","COLECTIVO","NACIONAL","JN","SD",2671,"SI"
2026-09-08,"EL CACIQUE SA","LINEA 910","NO","COLECTIVO","PROVINCIAL","MENDOZA","SN",5814,"SI"
2026-09-08,"PEHUENCHE S A","LINEA 911 RIO NEGRO","NO","COLECTIVO","NACIONAL","JN","SD",8335,"SI"
2026-09-08,"EL CACIQUE SA","LINEA 911","NO","COLECTIVO","PROVINCIAL","MENDOZA","SN",3113,"SI"
2026-09-08,"EMPRESA RIO URUGUAY SRL","LINEA 912","NO","COLECTIVO","NACIONAL","JN","SD",37,"SI"
2026-09-08,"EL CACIQUE SA","LINEA 912","NO","COLECTIVO","PROVINCIAL","MENDOZA","SN",4581,"SI"
2026-09-08,"EL CACIQUE SA","LINEA 913","NO","COLECTIVO","PROVINCIAL","MENDOZA","SN",1878,"SI"
2026-09-08,"EMPRESA DE TRANSPORTE DE PASAJEROS KO KO SRL","LINEA 914","NO","COLECTIVO","NACIONAL","JN","SD",7136,"SI"
2026-09-08,"EL CACIQUE SA","LINEA 914","NO","COLECTIVO","PROVINCIAL","MENDOZA","SN",3156,"SI"
2026-09-08,"EL CACIQUE SA","LINEA 915","NO","COLECTIVO","PROVINCIAL","MENDOZA","SN",2750,"SI"
2026-09-08,"SOCSA S.R.L.","LINEA 916","NO","COLECTIVO","NACIONAL","JN","SD",233,"SI"
2026-09-08,"EL CACIQUE SA","LINEA 920","NO","COLECTIVO","PROVINCIAL","MENDOZA","SN",2461,"SI"
2026-09-08,"EL CACIQUE SA","LINEA 921","NO","COLECTIVO","PROVINCIAL","MENDOZA","SN",1004,"SI"
2026-09-08,"EL CACIQUE SA","LINEA 925","NO","COLECTIVO","PROVINCIAL","MENDOZA","SN",5427,"SI"
2026-09-08,"EL CACIQUE SA","LINEA 927","NO","COLECTIVO","PROVINCIAL","MENDOZA","SN",1767,"SI"
2026-09-08,"EL CACIQUE SA","LINEA 928","NO","COLECTIVO","PROVINCIAL","MENDOZA","SN",1629,"SI"
2026-09-08,"EL CACIQUE SA","LINEA 930","NO","COLECTIVO","PROVINCIAL","MENDOZA","SN",958,"SI"
2026-09-08,"EL CACIQUE SA","LINEA 931","NO","COLECTIVO","PROVINCIAL","MENDOZA","SN",1485,"SI"
2026-09-08,"EL CACIQUE SA","LINEA 932","NO","COLECTIVO","PROVINCIAL","MENDOZA","SN",1725,"SI"
2026-09-08,"EL CACIQUE SA","LINEA 935","NO","COLECTIVO","PROVINCIAL","MENDOZA","SN",1685,"SI"
2026-09-08,"EL CACIQUE SA","LINEA 936","NO","COLECTIVO","PROVINCIAL","MENDOZA","SN",1689,"SI"
2026-09-08,"EL CACIQUE SA","LINEA 937","NO","COLECTIVO","PROVINCIAL","MENDOZA","SN",2292,"SI"
2026-09-08,"EL CACIQUE SA","LINEA 938","NO","COLECTIVO","PROVINCIAL","MENDOZA","SN",2575,"SI"
2026-09-08,"EL CACIQUE SA","LINEA 940","NO","COLECTIVO","PROVINCIAL","MENDOZA","SN",849,"SI"
2026-09-08,"EL CACIQUE SA","LINEA 941","NO","COLECTIVO","PROVINCIAL","MENDOZA","SN",1033,"SI"
2026-09-08,"EL CACIQUE SA","LINEA 942","NO","COLECTIVO","PROVINCIAL","MENDOZA","SN",1952,"SI"
2026-09-08,"EL CACIQUE SA","LINEA 943","NO","COLECTIVO","PROVINCIAL","MENDOZA","SN",2031,"SI"
2026-09-08,"EL CACIQUE SA","LINEA 945","NO","COLECTIVO","PROVINCIAL","MENDOZA","SN",3588,"SI"
2026-09-08,"EL CACIQUE SA","LINEA 946","NO","COLECTIVO","PROVINCIAL","MENDOZA","SN",2791,"SI"
2026-09-08,"EL CACIQUE SA","LINEA 947","NO","COLECTIVO","PROVINCIAL","MENDOZA","SN",961,"SI"
2026-09-08,"EL CACIQUE SA","LINEA 950","NO","COLECTIVO","PROVINCIAL","MENDOZA","SN",3577,"SI"
2026-09-08,"EL CACIQUE SA","LINEA 951","NO","COLECTIVO","PROVINCIAL","MENDOZA","SN",3331,"SI"
2026-09-08,"EL CACIQUE SA","LINEA 955","NO","COLECTIVO","PROVINCIAL","MENDOZA","SN",370,"SI"
2026-09-08,"EL CACIQUE SA","LINEA 960","NO","COLECTIVO","PROVINCIAL","MENDOZA","SN",378,"SI"
2026-09-08,"EL CACIQUE SA","LINEA 965","NO","COLECTIVO","PROVINCIAL","MENDOZA","SN",514,"SI"
2026-09-08,"EL CACIQUE SA","LINEA 970","NO","COLECTIVO","PROVINCIAL","MENDOZA","SN",573,"SI"
2026-09-08,"EL CACIQUE SA","LINEA 984","NO","COLECTIVO","PROVINCIAL","MENDOZA","SN",24,"SI"
2026-09-08,"EL CACIQUE SA","LINEA 985","NO","COLECTIVO","PROVINCIAL","MENDOZA","SN",45,"SI"
2026-09-08,"EL CACIQUE SA","LINEA 986","NO","COLECTIVO","PROVINCIAL","MENDOZA","SN",13,"SI"
2026-09-08,"EL CACIQUE SA","LINEA 987","NO","COLECTIVO","PROVINCIAL","MENDOZA","SN",28,"SI"
2026-09-08,"EL CACIQUE SA","LINEA 988","NO","COLECTIVO","PROVINCIAL","MENDOZA","SN",27,"SI"
2026-09-08,"EL CACIQUE SA","LINEA 990","NO","COLECTIVO","PROVINCIAL","MENDOZA","SN",11,"SI"
2026-09-08,"EL CACIQUE SA","LINEA 991","NO","COLECTIVO","PROVINCIAL","MENDOZA","SN",11,"SI"
2026-09-08,"EL CACIQUE SA","LINEA 992","NO","COLECTIVO","PROVINCIAL","MENDOZA","SN",13,"SI"
2026-09-08,"EL CACIQUE SA","LINEA 995","NO","COLECTIVO","PROVINCIAL","MENDOZA","SN",49,"SI"
2026-09-08,"EL CACIQUE SA","LINEA 996","NO","COLECTIVO","PROVINCIAL","MENDOZA","SN",12,"SI"
2026-09-08,"EL CACIQUE SA","LINEA 997","NO","COLECTIVO","PROVINCIAL","MENDOZA","SN",20,"SI"
2026-09-08,"MAR Y VALLE S.R.L.","LINEA A PUERTO MADRYN","NO","COLECTIVO","PROVINCIAL","CHUBUT","SN",648,"SI"
2026-09-08,"TAMSAU","LINEA A","NO","COLECTIVO","MUNICIPAL","CORDOBA","CORDOBA",1835,"SI"
2026-09-08,"S.A TRANSPORTE CIUDAD DE RIO CUARTO","LINEA A","NO","COLECTIVO","MUNICIPAL","CORDOBA","RIO CUARTO",218,"SI"
2026-09-08,"TRANSPORTE SAN JOSE SA","LINEA A","NO","COLECTIVO","MUNICIPAL","ENTRE RÍOS","PARANA",1881,"SI"
2026-09-08,"MUNICIPALIDAD DE LA CIUDAD DE FORMOSA","LINEA A","NO","COLECTIVO","MUNICIPAL","FORMOSA","FORMOSA",1664,"SI"
2026-09-08,"TRANSPORTE CITYBUS TIERRA DEL FUEGO S.R.L","LINEA A","NO","COLECTIVO","MUNICIPAL","SANTA CRUZ","RIO GALLEGOS",608,"SI"
2026-09-08,"MUNICIPALIDAD DE RAFAELA","LINEA A","NO","COLECTIVO","MUNICIPAL","SANTA FE","RAFAELA",7,"SI"
2026-09-08,"ANGUS CATERING S.R.L","LINEA A","NO","COLECTIVO","MUNICIPAL","TIERRA DEL FUEGO","RIO GRANDE",4941,"SI"
2026-09-08,"RISSMA S.R.L","LINEA A1","NO","COLECTIVO","MUNICIPAL","CORDOBA","CORDOBA",2561,"SI"
2026-09-08,"TRANS BUS SRL","LINEA A1","NO","COLECTIVO","MUNICIPAL","CORDOBA","VILLA MARIA",1,"SI"
2026-09-08,"TAMSAU","LINEA B","NO","COLECTIVO","MUNICIPAL","CORDOBA","CORDOBA",4591,"SI"
2026-09-08,"S.A TRANSPORTE CIUDAD DE RIO CUARTO","LINEA B","NO","COLECTIVO","MUNICIPAL","CORDOBA","RIO CUARTO",206,"SI"
2026-09-08,"TRANSPORTE SAN JOSE SA","LINEA B","NO","COLECTIVO","MUNICIPAL","ENTRE RÍOS","PARANA",556,"SI"
2026-09-08,"TRANSPORTE CITYBUS TIERRA DEL FUEGO S.R.L","LINEA B","NO","COLECTIVO","MUNICIPAL","SANTA CRUZ","RIO GALLEGOS",2647,"SI"
2026-09-08,"MUNICIPALIDAD DE RAFAELA","LINEA B","NO","COLECTIVO","MUNICIPAL","SANTA FE","RAFAELA",61,"SI"
2026-09-08,"ANGUS CATERING S.R.L","LINEA B","NO","COLECTIVO","MUNICIPAL","TIERRA DEL FUEGO","RIO GRANDE",1911,"SI"
2026-09-08,"RISSMA S.R.L","LINEA B1","NO","COLECTIVO","MUNICIPAL","CORDOBA","CORDOBA",5226,"SI"
2026-09-08,"CONIFERAL S.A.","LINEA B60","NO","COLECTIVO","MUNICIPAL","CORDOBA","CORDOBA",324,"SI"
2026-09-08,"RISSMA S.R.L","LINEA B80","NO","COLECTIVO","MUNICIPAL","CORDOBA","CORDOBA",53,"SI"
2026-09-08,"TAMSAU","LINEA C","NO","COLECTIVO","MUNICIPAL","CORDOBA","CORDOBA",2854,"SI"
2026-09-08,"S.A TRANSPORTE CIUDAD DE RIO CUARTO","LINEA C","NO","COLECTIVO","MUNICIPAL","CORDOBA","RIO CUARTO",180,"SI"
2026-09-08,"TRANSPORTE SAN JOSE SA","LINEA C","NO","COLECTIVO","MUNICIPAL","ENTRE RÍOS","PARANA",937,"SI"
2026-09-08,"MUNICIPALIDAD DE LA CIUDAD DE FORMOSA","LINEA C","NO","COLECTIVO","MUNICIPAL","FORMOSA","FORMOSA",774,"SI"
2026-09-08,"TRANSPORTE CITYBUS TIERRA DEL FUEGO S.R.L","LINEA C","NO","COLECTIVO","MUNICIPAL","SANTA CRUZ","RIO GALLEGOS",1394,"SI"
2026-09-08,"ANGUS CATERING S.R.L","LINEA C","NO","COLECTIVO","MUNICIPAL","TIERRA DEL FUEGO","RIO GRANDE",3339,"SI"
2026-09-08,"CONIFERAL S.A.","LINEA C1","NO","COLECTIVO","MUNICIPAL","CORDOBA","CORDOBA",6256,"SI"
2026-09-08,"CONIFERAL S.A.","LINEA C2","NO","COLECTIVO","MUNICIPAL","CORDOBA","CORDOBA",188,"SI"
2026-09-08,"S.A TRANSPORTE CIUDAD DE RIO CUARTO","LINEA D","NO","COLECTIVO","MUNICIPAL","CORDOBA","RIO CUARTO",163,"SI"
2026-09-08,"TRANSPORTE SAN JOSE SA","LINEA D","NO","COLECTIVO","MUNICIPAL","ENTRE RÍOS","PARANA",5817,"SI"
2026-09-08,"MUNICIPALIDAD DE LA CIUDAD DE FORMOSA","LINEA D","NO","COLECTIVO","MUNICIPAL","FORMOSA","FORMOSA",3301,"SI"
2026-09-08,"TRANSPORTE CITYBUS TIERRA DEL FUEGO S.R.L","LINEA D","NO","COLECTIVO","MUNICIPAL","SANTA CRUZ","RIO GALLEGOS",169,"SI"
2026-09-08,"ANGUS CATERING S.R.L","LINEA D","NO","COLECTIVO","MUNICIPAL","TIERRA DEL FUEGO","RIO GRANDE",608,"SI"
2026-09-08,"TRANSPORTE SAN JOSE SA","LINEA E","NO","COLECTIVO","MUNICIPAL","ENTRE RÍOS","PARANA",924,"SI"
2026-09-08,"TRANSPORTE CITYBUS TIERRA DEL FUEGO S.R.L","LINEA E","NO","COLECTIVO","MUNICIPAL","SANTA CRUZ","RIO GALLEGOS",4173,"SI"
2026-09-08,"ANGUS CATERING S.R.L","LINEA E","NO","COLECTIVO","MUNICIPAL","TIERRA DEL FUEGO","RIO GRANDE",363,"SI"
2026-09-08,"TRANSPORTE SAN JOSE SA","LINEA F","NO","COLECTIVO","MUNICIPAL","ENTRE RÍOS","PARANA",5224,"SI"
2026-09-08,"MUNICIPALIDAD DE LA CIUDAD DE FORMOSA","LINEA F","NO","COLECTIVO","MUNICIPAL","FORMOSA","FORMOSA",1982,"SI"
2026-09-08,"TRANSPORTE SAN JOSE SA","LINEA G","NO","COLECTIVO","MUNICIPAL","ENTRE RÍOS","PARANA",3673,"SI"
2026-09-08,"MUNICIPALIDAD DE LA CIUDAD DE FORMOSA","LINEA G","NO","COLECTIVO","MUNICIPAL","FORMOSA","FORMOSA",4195,"SI"
2026-09-08,"TRANSPORTE SAN JOSE SA","LINEA H","NO","COLECTIVO","MUNICIPAL","ENTRE RÍOS","PARANA",1935,"SI"
2026-09-08,"MUNICIPALIDAD DE LA CIUDAD DE FORMOSA","LINEA H","NO","COLECTIVO","MUNICIPAL","FORMOSA","FORMOSA",1815,"SI"
2026-09-08,"TRANS BUS SRL","LINEA I","NO","COLECTIVO","MUNICIPAL","CORDOBA","VILLA MARIA",38,"SI"
2026-09-08,"TRANSPORTES 8 DE OCTUBRE S.A.","LINEA INICIAL","NO","COLECTIVO","MUNICIPAL","BUENOS AIRES","JUNIN",4028,"SI"
2026-09-08,"MUNICIPALIDAD DE LA CIUDAD DE FORMOSA","LINEA K","NO","COLECTIVO","MUNICIPAL","FORMOSA","FORMOSA",2258,"SI"
2026-09-08,"TRANSPORTE SAN JOSE SA","LINEA L","NO","COLECTIVO","MUNICIPAL","ENTRE RÍOS","PARANA",3161,"SI"
2026-09-08,"MUNICIPALIDAD DE LA CIUDAD DE FORMOSA","LINEA L","NO","COLECTIVO","MUNICIPAL","FORMOSA","FORMOSA",1250,"SI"
2026-09-08,"MAREGA GUSTAVO ANTONIO","LINEA LA LOLA - CENTRO","NO","COLECTIVO","MUNICIPAL","SANTA FE","RECONQUISTA",122,"SI"
2026-09-08,"TRANSPORTE SAN JOSE SA","LINEA M","NO","COLECTIVO","MUNICIPAL","ENTRE RÍOS","PARANA",1656,"SI"
2026-09-08,"BRAIDOT JOSE MANUEL","LINEA MONTE CARLO - CENTRO","NO","COLECTIVO","MUNICIPAL","SANTA FE","RECONQUISTA",350,"SI"
2026-09-08,"EMPRESA NUEVE DE JULIO S.A.T.","LINEA OESTE","SI","COLECTIVO","MUNICIPAL","BUENOS AIRES","LA PLATA",51073,"SI"
2026-09-08,"TRANSPORTE SAN JOSE SA","LINEA P","NO","COLECTIVO","MUNICIPAL","ENTRE RÍOS","PARANA",1851,"SI"
2026-09-08,"TRANSP. COMARCAL S.R.L.","LINEA PARALELO 42 / CHOLILA","NO","COLECTIVO","PROVINCIAL","CHUBUT","SN",44,"SI"
2026-09-08,"TRANSP. COMARCAL S.R.L.","LINEA PARALELO 42 / EL HOYO","NO","COLECTIVO","PROVINCIAL","CHUBUT","SN",51,"SI"
2026-09-08,"TRANSP. COMARCAL S.R.L.","LINEA PARALELO 42 / EPUYEN","NO","COLECTIVO","PROVINCIAL","CHUBUT","SN",192,"SI"
2026-09-08,"EXPRESSO RADA TILLY S.R.L.","LINEA RADA TILLY / COMODORO RIVADAV","NO","COLECTIVO","PROVINCIAL","CHUBUT","SN",2263,"SI"
2026-09-08,"ZARATE TRANSPORTE S.A.P.E.M.","LINEA RZ-1","SI","COLECTIVO","MUNICIPAL","BUENOS AIRES","ZARATE",571,"SI"
2026-09-08,"ZARATE TRANSPORTE S.A.P.E.M.","LINEA RZ-10","SI","COLECTIVO","MUNICIPAL","BUENOS AIRES","ZARATE",2481,"SI"
2026-09-08,"ZARATE TRANSPORTE S.A.P.E.M.","LINEA RZ-11","SI","COLECTIVO","MUNICIPAL","BUENOS AIRES","ZARATE",2515,"SI"
2026-09-08,"ZARATE TRANSPORTE S.A.P.E.M.","LINEA RZ-2","SI","COLECTIVO","MUNICIPAL","BUENOS AIRES","ZARATE",1824,"SI"
2026-09-08,"ZARATE TRANSPORTE S.A.P.E.M.","LINEA RZ-3","SI","COLECTIVO","MUNICIPAL","BUENOS AIRES","ZARATE",4388,"SI"
2026-09-08,"ZARATE TRANSPORTE S.A.P.E.M.","LINEA RZ-6","SI","COLECTIVO","MUNICIPAL","BUENOS AIRES","ZARATE",98,"SI"
2026-09-08,"ZARATE TRANSPORTE S.A.P.E.M.","LINEA RZ-7","SI","COLECTIVO","MUNICIPAL","BUENOS AIRES","ZARATE",361,"SI"
2026-09-08,"ZARATE TRANSPORTE S.A.P.E.M.","LINEA RZ-8","SI","COLECTIVO","MUNICIPAL","BUENOS AIRES","ZARATE",1743,"SI"
2026-09-08,"TRANSPORTE RODOLFO PARRA","LINEA SAN JOSE BANDA OESTE","NO","COLECTIVO","PROVINCIAL","CATAMARCA","SN",134,"SI"
2026-09-08,"TRANSPORTE RODOLFO PARRA","LINEA SANTA MARIA FUERTE QUEMADO","NO","COLECTIVO","PROVINCIAL","CATAMARCA","SN",278,"SI"
2026-09-08,"TAMSAU","LINEA SERVICIO ESPECIAL AEROPUERTO","NO","COLECTIVO","MUNICIPAL","CORDOBA","CORDOBA",98,"SI"
2026-09-08,"EMOVA MOVILIDAD S.A. (ex MTV)","LINEA SUBTE C","SI","SUBTE",,,,64198,"SI"
2026-09-08,"EMOVA MOVILIDAD S.A. (ex MTV)","LINEA SUBTE D","SI","SUBTE",,,,87168,"SI"
2026-09-08,"EMOVA MOVILIDAD S.A. (ex MTV)","LINEA SUBTE E","SI","SUBTE",,,,49005,"SI"
2026-09-08,"EMOVA MOVILIDAD S.A. (ex MTV)","LINEA SUBTE H","SI","SUBTE",,,,58284,"SI"
2026-09-08,"TRANSPORTE EL 22 SRL","LINEA_001","NO","COLECTIVO","MUNICIPAL","CHUBUT","TRELEW",5282,"SI"
2026-09-08,"EL URBANO SRL","LINEA_001_JUJ","NO","COLECTIVO","MUNICIPAL","JUJUY","SAN SALVADOR DE JUJUY",6551,"SI"
2026-09-08,"EXPRESO COLONIA SA","LINEA_001_NQN","NO","COLECTIVO","MUNICIPAL","NEUQUÉN","SAN MARTIN DE LOS ANDES",5434,"SI"
2026-09-08,"LA NUEVA PERLA SRL","LINEA_001_PERG","NO","COLECTIVO","MUNICIPAL","BUENOS AIRES","PERGAMINO",2781,"SI"
2026-09-08,"ERSA URBANO SA","LINEA_001_SFE","NO","COLECTIVO","MUNICIPAL","SANTA FE","SANTA FE",7470,"SI"
2026-09-08,"EMPRESA VERCELLI HNOS S A C I F A E I","LINEA_001_SN","NO","COLECTIVO","MUNICIPAL","BUENOS AIRES","SAN NICOLAS DE LOS ARROYOS",1447,"SI"
2026-09-08,"MUNICIPALIDAD DE VENADO TUERTO","LINEA_001_VTSFE","NO","COLECTIVO","MUNICIPAL","SANTA FE","VENADO TUERTO",573,"SI"
2026-09-08,"TRANSPORTE EL 22 SRL","LINEA_002","NO","COLECTIVO","MUNICIPAL","CHUBUT","TRELEW",4361,"SI"
2026-09-08,"EXPRESO COLONIA SA","LINEA_002_NQN","NO","COLECTIVO","MUNICIPAL","NEUQUÉN","SAN MARTIN DE LOS ANDES",718,"SI"
2026-09-08,"LA NUEVA PERLA SRL","LINEA_002_PERG","NO","COLECTIVO","MUNICIPAL","BUENOS AIRES","PERGAMINO",187,"SI"
2026-09-08,"COOPERATIVA REGIONAL DE ELECTRICIDAD DE OBRAS Y OTROS SERVICIOS DE GRAL PICO (CORPICO LTDA)","LINEA_002_PMP","NO","COLECTIVO","MUNICIPAL","LA PAMPA","GENERAL PICO",14,"SI"
2026-09-08,"ERSA URBANO SA","LINEA_002_SFE","NO","COLECTIVO","MUNICIPAL","SANTA FE","SANTA FE",5715,"SI"
2026-09-08,"EMPRESA MAYO SRL","LINEA_002_SJUAN","NO","COLECTIVO","PROVINCIAL","SAN JUAN","SN",5464,"SI"
2026-09-08,"EMPRESA VERCELLI HNOS S A C I F A E I","LINEA_002_SN","NO","COLECTIVO","MUNICIPAL","BUENOS AIRES","SAN NICOLAS DE LOS ARROYOS",2584,"SI"
2026-09-08,"MUNICIPALIDAD DE VENADO TUERTO","LINEA_002_VTSFE","NO","COLECTIVO","MUNICIPAL","SANTA FE","VENADO TUERTO",459,"SI"
2026-09-08,"TIRO FEDERAL RESISTENCIA SRL- LA CORDIAL SRL- MICROBUS SRL. U.T.E","LINEA_003","NO","COLECTIVO","PROVINCIAL","CHACO","SN",2171,"SI"
2026-09-08,"TRANSPORTE EL 22 SRL","LINEA_003_CHT","NO","COLECTIVO","MUNICIPAL","CHUBUT","TRELEW",3711,"SI"
2026-09-08,"SANTA ANA SRL","LINEA_003_JUJ","NO","COLECTIVO","MUNICIPAL","JUJUY","SAN SALVADOR DE JUJUY",3241,"SI"
2026-09-08,"EXPRESO COLONIA SA","LINEA_003_NQN","NO","COLECTIVO","MUNICIPAL","NEUQUÉN","SAN MARTIN DE LOS ANDES",580,"SI"
2026-09-08,"ERSA URBANO SA","LINEA_003_SFE","NO","COLECTIVO","MUNICIPAL","SANTA FE","SANTA FE",6527,"SI"
2026-09-08,"TRANSPORTE DE PASAJEROS EL TRIUNFO SA","LINEA_003_SJUAN","NO","COLECTIVO","PROVINCIAL","SAN JUAN","SN",6566,"SI"
2026-09-08,"EMPRESA VERCELLI HNOS S A C I F A E I","LINEA_003_SN","NO","COLECTIVO","MUNICIPAL","BUENOS AIRES","SAN NICOLAS DE LOS ARROYOS",1168,"SI"
2026-09-08,"MUNICIPALIDAD DE VENADO TUERTO","LINEA_003_VTSFE","NO","COLECTIVO","MUNICIPAL","SANTA FE","VENADO TUERTO",638,"SI"
2026-09-08,"TRANSPORTE EL 22 SRL","LINEA_004_CHT","NO","COLECTIVO","MUNICIPAL","CHUBUT","TRELEW",3640,"SI"
2026-09-08,"EXPRESO COLONIA SA","LINEA_004_NQN","NO","COLECTIVO","MUNICIPAL","NEUQUÉN","SAN MARTIN DE LOS ANDES",669,"SI"
2026-09-08,"AUTOBUSES SANTA FE S.R.L","LINEA_004_SFE","NO","COLECTIVO","MUNICIPAL","SANTA FE","SANTA FE",6001,"SI"
2026-09-08,"EMPRESA DE TRANSPORTES ALBARDON SRL","LINEA_004_SJUAN","NO","COLECTIVO","PROVINCIAL","SAN JUAN","SN",8683,"SI"
2026-09-08,"EMPRESA VERCELLI HNOS S A C I F A E I","LINEA_004_SN","NO","COLECTIVO","MUNICIPAL","BUENOS AIRES","SAN NICOLAS DE LOS ARROYOS",3571,"SI"
2026-09-08,"MUNICIPALIDAD DE VENADO TUERTO","LINEA_004_VTSFE","NO","COLECTIVO","MUNICIPAL","SANTA FE","VENADO TUERTO",472,"SI"
2026-09-08,"TRANSPORTE EL 22 SRL","LINEA_005","NO","COLECTIVO","MUNICIPAL","CHUBUT","TRELEW",1777,"SI"
2026-09-08,"SAN FERNANDO URBANOS SRL","LINEA_005","NO","COLECTIVO","PROVINCIAL","CHACO","SN",6701,"SI"
2026-09-08,"EXPRESO COLONIA SA","LINEA_005_NQN","NO","COLECTIVO","MUNICIPAL","NEUQUÉN","SAN MARTIN DE LOS ANDES",407,"SI"
2026-09-08,"EMPRESA RECREO S R L","LINEA_005_SFE","NO","COLECTIVO","MUNICIPAL","SANTA FE","SANTA FE",11827,"SI"
2026-09-08,"EMPRESA VERCELLI HNOS S A C I F A E I","LINEA_005_SN","NO","COLECTIVO","MUNICIPAL","BUENOS AIRES","SAN NICOLAS DE LOS ARROYOS",2972,"SI"
2026-09-08,"EXPRESO COLONIA SA","LINEA_006_NQN","NO","COLECTIVO","MUNICIPAL","NEUQUÉN","SAN MARTIN DE LOS ANDES",85,"SI"
2026-09-08,"EMPRESA VERCELLI HNOS S A C I F A E I","LINEA_006_SN","NO","COLECTIVO","MUNICIPAL","BUENOS AIRES","SAN NICOLAS DE LOS ARROYOS",550,"SI"
2026-09-08,"EL URBANO SRL","LINEA_007_JUJ","NO","COLECTIVO","MUNICIPAL","JUJUY","SAN SALVADOR DE JUJUY",1655,"SI"
2026-09-08,"EMPRESA VERCELLI HNOS S A C I F A E I","LINEA_007_SN","NO","COLECTIVO","MUNICIPAL","BUENOS AIRES","SAN NICOLAS DE LOS ARROYOS",635,"SI"
2026-09-08,"TIRO FEDERAL RESISTENCIA SRL- LA CORDIAL SRL- MICROBUS SRL. U.T.E","LINEA_008","NO","COLECTIVO","PROVINCIAL","CHACO","SN",5909,"SI"
2026-09-08,"AUTOBUSES SANTA FE S.R.L","LINEA_008_SFE","NO","COLECTIVO","MUNICIPAL","SANTA FE","SANTA FE",8216,"SI"
2026-09-08,"EMPRESA VERCELLI HNOS S A C I F A E I","LINEA_008_SN","NO","COLECTIVO","MUNICIPAL","BUENOS AIRES","SAN NICOLAS DE LOS ARROYOS",4092,"SI"
2026-09-08,"ERSA URBANO S.A UNION TRANSITORIA","LINEA_009","NO","COLECTIVO","PROVINCIAL","CHACO","SN",3866,"SI"
2026-09-08,"EL URBANO SRL","LINEA_009_JUJ","NO","COLECTIVO","MUNICIPAL","JUJUY","SAN SALVADOR DE JUJUY",4517,"SI"
2026-09-08,"EXPRESO COLONIA SA","LINEA_009_NQN","NO","COLECTIVO","MUNICIPAL","NEUQUÉN","SAN MARTIN DE LOS ANDES",378,"SI"
2026-09-08,"ERSA URBANO SA","LINEA_009_SFE","NO","COLECTIVO","MUNICIPAL","SANTA FE","SANTA FE",5784,"SI"
2026-09-08,"EMPRESA VERCELLI HNOS S A C I F A E I","LINEA_009_SN","NO","COLECTIVO","MUNICIPAL","BUENOS AIRES","SAN NICOLAS DE LOS ARROYOS",3981,"SI"
2026-09-08,"EMPRESA DE TRANSPORTE AMANCAY SRL","LINEA_010_BRC","NO","COLECTIVO","MUNICIPAL","RÍO NEGRO","SAN CARLOS DE BARILOCHE",368,"SI"
2026-09-08,"DIADEMA S.A.","LINEA_010_CHT","NO","COLECTIVO","MUNICIPAL","CHUBUT","COMODORO RIVADAVIA",102,"SI"
2026-09-08,"SANTA ANA SRL","LINEA_010_JUJ","NO","COLECTIVO","MUNICIPAL","JUJUY","SAN SALVADOR DE JUJUY",9138,"SI"
2026-09-08,"EMPR.TRANSP AUTOMOTOR DE PASAJEROS GRAL SAVIO SRL","LINEA_010_PAL_PROV","NO","COLECTIVO","PROVINCIAL","JUJUY","SN",4485,"SI"
2026-09-08,"EMPRESA RECREO S R L","LINEA_010_SFE","NO","COLECTIVO","MUNICIPAL","SANTA FE","SANTA FE",6411,"SI"
2026-09-08,"EMPRESA MAYO SRL","LINEA_010_SJUAN","NO","COLECTIVO","PROVINCIAL","SAN JUAN","SN",1942,"SI"
2026-09-08,"EMPRESA VERCELLI HNOS S A C I F A E I","LINEA_010_SN","NO","COLECTIVO","MUNICIPAL","BUENOS AIRES","SAN NICOLAS DE LOS ARROYOS",5598,"SI"
2026-09-08,"DIADEMA S.A.","LINEA_011_CHT","NO","COLECTIVO","MUNICIPAL","CHUBUT","COMODORO RIVADAVIA",93,"SI"
2026-09-08,"SANTA ANA SRL","LINEA_011_JUJ","NO","COLECTIVO","MUNICIPAL","JUJUY","SAN SALVADOR DE JUJUY",1823,"SI"
2026-09-08,"EMPRESA RECREO S R L","LINEA_011_SFE","NO","COLECTIVO","MUNICIPAL","SANTA FE","SANTA FE",6790,"SI"
2026-09-08,"TIRO FEDERAL RESISTENCIA SRL- LA CORDIAL SRL- MICROBUS SRL. U.T.E","LINEA_012","NO","COLECTIVO","PROVINCIAL","CHACO","SN",3924,"SI"
2026-09-08,"SANTA ANA SRL","LINEA_012_JUJ","NO","COLECTIVO","MUNICIPAL","JUJUY","SAN SALVADOR DE JUJUY",3930,"SI"
2026-09-08,"EL URBANO SRL","LINEA_013_JUJ","NO","COLECTIVO","MUNICIPAL","JUJUY","SAN SALVADOR DE JUJUY",4636,"SI"
2026-09-08,"EMPRESA RECREO S R L","LINEA_013_SFE","NO","COLECTIVO","MUNICIPAL","SANTA FE","SANTA FE",6137,"SI"
2026-09-08,"EL URBANO SRL","LINEA_014_JUJ","NO","COLECTIVO","MUNICIPAL","JUJUY","SAN SALVADOR DE JUJUY",10238,"SI"
2026-09-08,"AUTOBUSES SANTA FE S.R.L","LINEA_014_SFE","NO","COLECTIVO","MUNICIPAL","SANTA FE","SANTA FE",4962,"SI"
2026-09-08,"SANTA ANA SRL","LINEA_015_JUJ","NO","COLECTIVO","MUNICIPAL","JUJUY","SAN SALVADOR DE JUJUY",3505,"SI"
2026-09-08,"EMPR.TRANSP AUTOMOTOR DE PASAJEROS GRAL SAVIO SRL","LINEA_015_PAL","NO","COLECTIVO","PROVINCIAL","JUJUY","SN",708,"SI"
2026-09-08,"ERSA URBANO SA","LINEA_015_SFE","NO","COLECTIVO","MUNICIPAL","SANTA FE","SANTA FE",7250,"SI"
2026-09-08,"SANTA ANA SRL","LINEA_016_JUJ","NO","COLECTIVO","MUNICIPAL","JUJUY","SAN SALVADOR DE JUJUY",212,"SI"
2026-09-08,"EMPRESA RECREO S R L","LINEA_016_SFE","NO","COLECTIVO","MUNICIPAL","SANTA FE","SANTA FE",7272,"SI"
2026-09-08,"SANTA ANA SRL","LINEA_017_JUJ","NO","COLECTIVO","MUNICIPAL","JUJUY","SAN SALVADOR DE JUJUY",2802,"SI"
2026-09-08,"SANTA ANA SRL","LINEA_018_JUJ","NO","COLECTIVO","MUNICIPAL","JUJUY","SAN SALVADOR DE JUJUY",3368,"SI"
2026-09-08,"EMPRESA RECREO S R L","LINEA_018_SFE","NO","COLECTIVO","MUNICIPAL","SANTA FE","SANTA FE",9217,"SI"
2026-09-08,"SANTA ANA SRL","LINEA_019_JUJ","NO","COLECTIVO","MUNICIPAL","JUJUY","SAN SALVADOR DE JUJUY",1722,"SI"
2026-09-08,"EMPRESA DE TRANSPORTE AMANCAY SRL","LINEA_020_BRC","NO","COLECTIVO","MUNICIPAL","RÍO NEGRO","SAN CARLOS DE BARILOCHE",6055,"SI"
2026-09-08,"SANTA ANA SRL","LINEA_020_JUJ","NO","COLECTIVO","MUNICIPAL","JUJUY","SAN SALVADOR DE JUJUY",4752,"SI"
2026-09-08,"EMPRESA MAYO SRL","LINEA_020_SJUAN","NO","COLECTIVO","PROVINCIAL","SAN JUAN","SN",1912,"SI"
2026-09-08,"EMPRESA DE TRANSPORTE AMANCAY SRL","LINEA_021_BRC","NO","COLECTIVO","MUNICIPAL","RÍO NEGRO","SAN CARLOS DE BARILOCHE",1634,"SI"
2026-09-08,"SANTA ANA SRL","LINEA_021_JUJ","NO","COLECTIVO","MUNICIPAL","JUJUY","SAN SALVADOR DE JUJUY",2212,"SI"
2026-09-08,"EL URBANO SRL","LINEA_022_JUJ","NO","COLECTIVO","MUNICIPAL","JUJUY","SAN SALVADOR DE JUJUY",856,"SI"
2026-09-08,"AUTOBUSES SANTA FE S.R.L","LINEA_022_SFE","NO","COLECTIVO","MUNICIPAL","SANTA FE","SANTA FE",2770,"SI"
2026-09-08,"EL URBANO SRL","LINEA_023_JUJ","NO","COLECTIVO","MUNICIPAL","JUJUY","SAN SALVADOR DE JUJUY",612,"SI"
2026-09-08,"SANTA ANA SRL","LINEA_024_JUJ","NO","COLECTIVO","MUNICIPAL","JUJUY","SAN SALVADOR DE JUJUY",1756,"SI"
2026-09-08,"SANTA ANA SRL","LINEA_025_JUJ","NO","COLECTIVO","MUNICIPAL","JUJUY","SAN SALVADOR DE JUJUY",1691,"SI"
2026-09-08,"EMPR.TRANSP AUTOMOTOR DE PASAJEROS GRAL SAVIO SRL","LINEA_025C_PAL","NO","COLECTIVO","PROVINCIAL","JUJUY","SN",273,"SI"
2026-09-08,"SANTA ANA SRL","LINEA_027_JUJ","NO","COLECTIVO","MUNICIPAL","JUJUY","SAN SALVADOR DE JUJUY",3324,"SI"
2026-09-08,"SANTA ANA SRL","LINEA_028_JUJ","NO","COLECTIVO","MUNICIPAL","JUJUY","SAN SALVADOR DE JUJUY",503,"SI"
2026-09-08,"SANTA ANA SRL","LINEA_02_JUJ","NO","COLECTIVO","MUNICIPAL","JUJUY","SAN SALVADOR DE JUJUY",5041,"SI"
2026-09-08,"SANTA ANA SRL","LINEA_030_JUJ","NO","COLECTIVO","MUNICIPAL","JUJUY","SAN SALVADOR DE JUJUY",5205,"SI"
2026-09-08,"TRANSPORTE DE PASAJEROS ALTO DE SIERRA S.R.L.","LINEA_030_SJUAN","NO","COLECTIVO","PROVINCIAL","SAN JUAN","SN",398,"SI"
2026-09-08,"EMPRESA DE TRANSPORTE AMANCAY SRL","LINEA_031_BRC","NO","COLECTIVO","MUNICIPAL","RÍO NEGRO","SAN CARLOS DE BARILOCHE",306,"SI"
2026-09-08,"EL URBANO SRL","LINEA_031_JUJ","NO","COLECTIVO","MUNICIPAL","JUJUY","SAN SALVADOR DE JUJUY",3645,"SI"
2026-09-08,"SANTA ANA SRL","LINEA_032_JUJ","NO","COLECTIVO","MUNICIPAL","JUJUY","SAN SALVADOR DE JUJUY",3257,"SI"
2026-09-08,"SANTA ANA SRL","LINEA_033_JUJ","NO","COLECTIVO","MUNICIPAL","JUJUY","SAN SALVADOR DE JUJUY",3353,"SI"
2026-09-08,"SANTA ANA SRL","LINEA_034_JUJ","NO","COLECTIVO","MUNICIPAL","JUJUY","SAN SALVADOR DE JUJUY",1306,"SI"
2026-09-08,"SANTA ANA SRL","LINEA_035_JUJ","NO","COLECTIVO","MUNICIPAL","JUJUY","SAN SALVADOR DE JUJUY",1188,"SI"
2026-09-08,"SANTA ANA SRL","LINEA_038_JUJ","NO","COLECTIVO","MUNICIPAL","JUJUY","SAN SALVADOR DE JUJUY",1864,"SI"
2026-09-08,"SANTA ANA SRL","LINEA_039_JUJ","NO","COLECTIVO","MUNICIPAL","JUJUY","SAN SALVADOR DE JUJUY",4351,"SI"
2026-09-08,"EMPRESA DE TRANSPORTE AMANCAY SRL","LINEA_040/041_BRC","NO","COLECTIVO","MUNICIPAL","RÍO NEGRO","SAN CARLOS DE BARILOCHE",2241,"SI"
2026-09-08,"SANTA ANA SRL","LINEA_040_JUJ","NO","COLECTIVO","MUNICIPAL","JUJUY","SAN SALVADOR DE JUJUY",1680,"SI"
2026-09-08,"EMPRESA DE TRANSPORTES ALBARDON SRL","LINEA_040_SJUAN","NO","COLECTIVO","PROVINCIAL","SAN JUAN","SN",1876,"SI"
2026-09-08,"SANTA ANA SRL","LINEA_041_JUJ","NO","COLECTIVO","MUNICIPAL","JUJUY","SAN SALVADOR DE JUJUY",784,"SI"
2026-09-08,"EL URBANO SRL","LINEA_042_JUJ","NO","COLECTIVO","MUNICIPAL","JUJUY","SAN SALVADOR DE JUJUY",3129,"SI"
2026-09-08,"EL URBANO SRL","LINEA_043_JUJ","NO","COLECTIVO","MUNICIPAL","JUJUY","SAN SALVADOR DE JUJUY",1082,"SI"
2026-09-08,"SANTA ANA SRL","LINEA_044_JUJ","NO","COLECTIVO","MUNICIPAL","JUJUY","SAN SALVADOR DE JUJUY",1351,"SI"
2026-09-08,"SANTA ANA SRL","LINEA_045_JUJ","NO","COLECTIVO","MUNICIPAL","JUJUY","SAN SALVADOR DE JUJUY",2864,"SI"
2026-09-08,"TRANSPORTE SAN CAYETANO S.R.L.","LINEA_045_PAL","NO","COLECTIVO","PROVINCIAL","JUJUY","SN",225,"SI"
2026-09-08,"TRANSPORTE SAN CAYETANO S.R.L.","LINEA_045A_PAL","NO","COLECTIVO","PROVINCIAL","JUJUY","SN",375,"SI"
2026-09-08,"SANTA ANA SRL","LINEA_046_JUJ","NO","COLECTIVO","MUNICIPAL","JUJUY","SAN SALVADOR DE JUJUY",1990,"SI"
2026-09-08,"EL URBANO SRL","LINEA_047_JUJ","NO","COLECTIVO","MUNICIPAL","JUJUY","SAN SALVADOR DE JUJUY",8764,"SI"
2026-09-08,"EL URBANO SRL","LINEA_048_JUJ","NO","COLECTIVO","MUNICIPAL","JUJUY","SAN SALVADOR DE JUJUY",5908,"SI"
2026-09-08,"SANTA ANA SRL","LINEA_049_JUJ","NO","COLECTIVO","MUNICIPAL","JUJUY","SAN SALVADOR DE JUJUY",2094,"SI"
2026-09-08,"EMPR.TRANSP AUTOMOTOR DE PASAJEROS GRAL SAVIO SRL","LINEA_049_PAL_PROV","NO","COLECTIVO","PROVINCIAL","JUJUY","SN",3564,"SI"
2026-09-08,"EMPR.TRANSP AUTOMOTOR DE PASAJEROS GRAL SAVIO SRL","LINEA_049A_PAL_PROV","NO","COLECTIVO","PROVINCIAL","JUJUY","SN",6359,"SI"
2026-09-08,"EMPR.TRANSP AUTOMOTOR DE PASAJEROS GRAL SAVIO SRL","LINEA_049B_PAL","NO","COLECTIVO","PROVINCIAL","JUJUY","SN",1033,"SI"
2026-09-08,"EMPR.TRANSP AUTOMOTOR DE PASAJEROS GRAL SAVIO SRL","LINEA_049F_PAL","NO","COLECTIVO","PROVINCIAL","JUJUY","SN",2198,"SI"
2026-09-08,"SANTA ANA SRL","LINEA_04_JUJ","NO","COLECTIVO","MUNICIPAL","JUJUY","SAN SALVADOR DE JUJUY",3466,"SI"
2026-09-08,"TRANSPORTE AUTOMOTOR DE PASAJEROS FIGUEROA S.A.","LINEA_050","NO","COLECTIVO","PROVINCIAL","JUJUY","SN",420,"SI"
2026-09-08,"EMPRESA DE TRANSPORTE AMANCAY SRL","LINEA_050_BRC","NO","COLECTIVO","MUNICIPAL","RÍO NEGRO","SAN CARLOS DE BARILOCHE",5552,"SI"
2026-09-08,"EMPRESA DE TRANSPORTE AMANCAY SRL","LINEA_051_BRC","NO","COLECTIVO","MUNICIPAL","RÍO NEGRO","SAN CARLOS DE BARILOCHE",3172,"SI"
2026-09-08,"SANTA ANA SRL","LINEA_052_JUJ","NO","COLECTIVO","MUNICIPAL","JUJUY","SAN SALVADOR DE JUJUY",5478,"SI"
2026-09-08,"EMPR.TRANSP AUTOMOTOR DE PASAJEROS GRAL SAVIO SRL","LINEA_052_PAL","NO","COLECTIVO","PROVINCIAL","JUJUY","SN",1731,"SI"
2026-09-08,"EMPRESA DE TRANSPORTE AMANCAY SRL","LINEA_055_BRC","NO","COLECTIVO","MUNICIPAL","RÍO NEGRO","SAN CARLOS DE BARILOCHE",761,"SI"
2026-09-08,"SANTA ANA SRL","LINEA_05_JUJ","NO","COLECTIVO","MUNICIPAL","JUJUY","SAN SALVADOR DE JUJUY",2736,"SI"
2026-09-08,"TRANSPORTE FUTURO SRL","LINEA_06","NO","COLECTIVO","PROVINCIAL","JUJUY","SN",948,"SI"
2026-09-08,"EMPRESA DE TRANSPORTE AMANCAY SRL","LINEA_060_BRC","NO","COLECTIVO","MUNICIPAL","RÍO NEGRO","SAN CARLOS DE BARILOCHE",3991,"SI"
2026-09-08,"EMPRESA DE TRANSPORTE AMANCAY SRL","LINEA_061_BRC","NO","COLECTIVO","MUNICIPAL","RÍO NEGRO","SAN CARLOS DE BARILOCHE",4739,"SI"
2026-09-08,"SANTA ANA SRL","LINEA_06_JUJ","NO","COLECTIVO","MUNICIPAL","JUJUY","SAN SALVADOR DE JUJUY",4071,"SI"
2026-09-08,"EMPRESA DE TRANSPORTE AMANCAY SRL","LINEA_070_BRC","NO","COLECTIVO","MUNICIPAL","RÍO NEGRO","SAN CARLOS DE BARILOCHE",1197,"SI"
2026-09-08,"EMPRESA DE TRANSPORTE AMANCAY SRL","LINEA_071_BRC","NO","COLECTIVO","MUNICIPAL","RÍO NEGRO","SAN CARLOS DE BARILOCHE",2512,"SI"
2026-09-08,"EMPRESA DE TRANSPORTE AMANCAY SRL","LINEA_072_BRC","NO","COLECTIVO","MUNICIPAL","RÍO NEGRO","SAN CARLOS DE BARILOCHE",281,"SI"
2026-09-08,"TRANSPORTE AUTOMOTOR DE PASAJEROS FIGUEROA S.A.","LINEA_08","NO","COLECTIVO","PROVINCIAL","JUJUY","SN",1047,"SI"
2026-09-08,"EMPRESA DE TRANSPORTE AMANCAY SRL","LINEA_081_BRC","NO","COLECTIVO","MUNICIPAL","RÍO NEGRO","SAN CARLOS DE BARILOCHE",2528,"SI"
2026-09-08,"EMPRESA DE TRANSPORTE AMANCAY SRL","LINEA_082_BRC","NO","COLECTIVO","MUNICIPAL","RÍO NEGRO","SAN CARLOS DE BARILOCHE",1063,"SI"
2026-09-08,"EMPRESA DE TRANSPORTE AMANCAY SRL","LINEA_083_BRC","NO","COLECTIVO","MUNICIPAL","RÍO NEGRO","SAN CARLOS DE BARILOCHE",3169,"SI"
2026-09-08,"SANTA ANA SRL","LINEA_08_JUJ","NO","COLECTIVO","MUNICIPAL","JUJUY","SAN SALVADOR DE JUJUY",5784,"SI"
2026-09-08,"TRANSPORTE SAN CAYETANO S.R.L.","LINEA_08_PAL","NO","COLECTIVO","PROVINCIAL","JUJUY","SN",438,"SI"
2026-09-08,"TRANSPORTE SAN CAYETANO S.R.L.","LINEA_08A_PAL","NO","COLECTIVO","PROVINCIAL","JUJUY","SN",205,"SI"
2026-09-08,"TRANSPORTE SAN CAYETANO S.R.L.","LINEA_08B_PAL","NO","COLECTIVO","PROVINCIAL","JUJUY","SN",15,"SI"
2026-09-08,"TRANSPORTE AUTOMOTOR DE PASAJEROS FIGUEROA S.A.","LINEA_09","NO","COLECTIVO","PROVINCIAL","JUJUY","SN",951,"SI"
2026-09-08,"TRANSPORTE FUTURO SRL","LINEA_09","NO","COLECTIVO","PROVINCIAL","JUJUY","SN",2401,"SI"
2026-09-08,"TRANSPORTE SAN CAYETANO S.R.L.","LINEA_09_PAL","NO","COLECTIVO","PROVINCIAL","JUJUY","SN",72,"SI"
2026-09-08,"TRANSPORTE SAN CAYETANO S.R.L.","LINEA_09A_PAL","NO","COLECTIVO","PROVINCIAL","JUJUY","SN",200,"SI"
2026-09-08,"TRANSPORTE SAN CAYETANO S.R.L.","LINEA_09C_PAL","NO","COLECTIVO","PROVINCIAL","JUJUY","SN",306,"SI"
2026-09-08,"TRANSPORTE SAN CAYETANO S.R.L.","LINEA_09D_PAL","NO","COLECTIVO","PROVINCIAL","JUJUY","SN",32,"SI"
2026-09-08,"AUTOTRANSPORTE CEFERINO S.R.L","LINEA_1","NO","COLECTIVO","MUNICIPAL","CHUBUT","RAWSON",43,"SI"
2026-09-08,"AMERICA TRANSPORTE AUTOMOTOR S.R.L. - AZUL S.A. T.A. - UTE.","LINEA_100_SFE","NO","COLECTIVO","PROVINCIAL","SANTA FE","SN",3422,"SI"
2026-09-08,"U.T.E EMPRESA DE TRANSPORTE DE PASAJEROS LA MARINA SA- LA POSITIVA SA","LINEA_100_SJUAN","NO","COLECTIVO","PROVINCIAL","SAN JUAN","SN",2959,"SI"
2026-09-08,"COOPERATIVA DE TRABAJO DE TRANSPORTE SAN FERNANDO LTDA","LINEA_101","NO","COLECTIVO","PROVINCIAL","CATAMARCA","SN",1316,"SI"
2026-09-08,"ERSA URBANO S.A UNION TRANSITORIA","LINEA_101","NO","COLECTIVO","PROVINCIAL","CHACO","SN",2137,"SI"
2026-09-08,"MIRAMAR ESTRELLA U.T.","LINEA_101_CORR","NO","COLECTIVO","MUNICIPAL","CORRIENTES","CORRIENTES",6177,"SI"
2026-09-08,"ROSARIO BUS  S.A","LINEA_101_NEGRA","NO","COLECTIVO","MUNICIPAL","SANTA FE","ROSARIO",7498,"SI"
2026-09-08,"AMERICA TRANSPORTE AUTOMOTOR S.R.L. - AZUL S.A. T.A. - UTE.","LINEA_101_SFE","NO","COLECTIVO","PROVINCIAL","SANTA FE","SN",670,"SI"
2026-09-08,"U.T.E EMPRESA DE TRANSPORTE DE PASAJEROS LA MARINA SA- LA POSITIVA SA","LINEA_101_SJUAN","NO","COLECTIVO","PROVINCIAL","SAN JUAN","SN",3625,"SI"
2026-09-08,"COOPERATIVA DE TRABAJO DE TRANSPORTE SAN FERNANDO LTDA","LINEA_102","NO","COLECTIVO","PROVINCIAL","CATAMARCA","SN",2462,"SI"
2026-09-08,"ERSA URBANO SA","LINEA_102_CORR","NO","COLECTIVO","MUNICIPAL","CORRIENTES","CORRIENTES",9841,"SI"
2026-09-08,"MOVI ROSARIO S.A.U","LINEA_102_ROJA","NO","COLECTIVO","MUNICIPAL","SANTA FE","ROSARIO",3147,"SI"
2026-09-08,"AMERICA TRANSPORTE AUTOMOTOR S.R.L. - AZUL S.A. T.A. - UTE.","LINEA_102_SFE","NO","COLECTIVO","PROVINCIAL","SANTA FE","SN",17,"SI"
2026-09-08,"U.T.E EMPRESA DE TRANSPORTE DE PASAJEROS LA MARINA SA- LA POSITIVA SA","LINEA_102_SJUAN","NO","COLECTIVO","PROVINCIAL","SAN JUAN","SN",2548,"SI"
2026-09-08,"ROSARIO BUS  S.A","LINEA_102NEGRA_144NEGRA","NO","COLECTIVO","MUNICIPAL","SANTA FE","ROSARIO",9285,"SI"
2026-09-08,"ROSARIO BUS  S.A","LINEA_103","NO","COLECTIVO","MUNICIPAL","SANTA FE","ROSARIO",23042,"SI"
2026-09-08,"LINEAS G.M. SRL","LINEA_103_CAT","NO","COLECTIVO","PROVINCIAL","CATAMARCA","SN",2859,"SI"
2026-09-08,"ERSA URBANO SA","LINEA_103_CORR","NO","COLECTIVO","MUNICIPAL","CORRIENTES","CORRIENTES",12271,"SI"
2026-09-08,"U.T.E EMPRESA DE TRANSPORTE DE PASAJEROS LA MARINA SA- LA POSITIVA SA","LINEA_103_SJUAN","NO","COLECTIVO","PROVINCIAL","SAN JUAN","SN",1297,"SI"
2026-09-08,"EL NENE SRL","LINEA_104_CAT","NO","COLECTIVO","PROVINCIAL","CATAMARCA","SN",5346,"SI"
2026-09-08,"ATACO NORTE S.A.C.I-NAVARRO HNOS S.R.L-U.T.E","LINEA_104_CHA","NO","COLECTIVO","PROVINCIAL","CHACO","SN",3702,"SI"
2026-09-08,"TRANSPORTE SAN LORENZO S.A UNION TRANSITORIA","LINEA_104_CORR","NO","COLECTIVO","MUNICIPAL","CORRIENTES","CORRIENTES",10698,"SI"
2026-09-08,"U.T.E EMPRESA DE TRANSPORTE DE PASAJEROS LA MARINA SA- LA POSITIVA SA","LINEA_104_SJUAN","NO","COLECTIVO","PROVINCIAL","SAN JUAN","SN",2479,"SI"
2026-09-08,"LINEAS G.M. SRL","LINEA_105_CAT","NO","COLECTIVO","PROVINCIAL","CATAMARCA","SN",3086,"SI"
2026-09-08,"ERSA URBANO SA","LINEA_105_CORR","NO","COLECTIVO","MUNICIPAL","CORRIENTES","CORRIENTES",12826,"SI"
2026-09-08,"MOVI ROSARIO S.A.U","LINEA_106","NO","COLECTIVO","MUNICIPAL","SANTA FE","ROSARIO",5776,"SI"
2026-09-08,"ERSA URBANO S.A UNION TRANSITORIA","LINEA_106","NO","COLECTIVO","PROVINCIAL","CHACO","SN",3769,"SI"
2026-09-08,"LA RUBI SRL","LINEA_106_CAT","NO","COLECTIVO","PROVINCIAL","CATAMARCA","SN",4230,"SI"
2026-09-08,"ERSA URBANO SA","LINEA_106_CORR","NO","COLECTIVO","MUNICIPAL","CORRIENTES","CORRIENTES",9406,"SI"
2026-09-08,"ROSARIO BUS  S.A","LINEA_107","NO","COLECTIVO","MUNICIPAL","SANTA FE","ROSARIO",18575,"SI"
2026-09-08,"ERSA URBANO S.A UNION TRANSITORIA","LINEA_107","NO","COLECTIVO","PROVINCIAL","CHACO","SN",3280,"SI"
2026-09-08,"25 DE AGOSTO SRL","LINEA_108_CAT","NO","COLECTIVO","PROVINCIAL","CATAMARCA","SN",10322,"SI"
2026-09-08,"TRANSPORTE SAN LORENZO S.A UNION TRANSITORIA","LINEA_108_CORR","NO","COLECTIVO","MUNICIPAL","CORRIENTES","CORRIENTES",7846,"SI"
2026-09-08,"COOPERATIVA DE TRABAJO DE TRANSPORTE SAN FERNANDO LTDA","LINEA_109","NO","COLECTIVO","PROVINCIAL","CATAMARCA","SN",4049,"SI"
2026-09-08,"ERSA URBANO SA","LINEA_109_CORR","NO","COLECTIVO","MUNICIPAL","CORRIENTES","CORRIENTES",3128,"SI"
2026-09-08,"EMPRESA KOKO S.R.L","LINEA_10_NQN","NO","COLECTIVO","MUNICIPAL","NEUQUÉN","NEUQUEN",1127,"SI"
2026-09-08,"COOPERATIVA DE TRABAJO PALBUS 2000 LIMITADA","LINEA_10A_JUJUY","NO","COLECTIVO","PROVINCIAL","JUJUY","SN",8405,"SI"
2026-09-08,"ROSARIO BUS  S.A","LINEA_110","NO","COLECTIVO","MUNICIPAL","SANTA FE","ROSARIO",18782,"SI"
2026-09-08,"ATACO NORTE S.A.C.I-NAVARRO HNOS S.R.L-U.T.E","LINEA_110_CHA","NO","COLECTIVO","PROVINCIAL","CHACO","SN",6898,"SI"
2026-09-08,"MIRAMAR ESTRELLA U.T.","LINEA_110_CORR","NO","COLECTIVO","MUNICIPAL","CORRIENTES","CORRIENTES",10849,"SI"
2026-09-08,"TRANSPUNTANO SAPEM","LINEA_110_SL","NO","COLECTIVO","MUNICIPAL","SAN LUIS","SAN LUIS",1788,"SI"
2026-09-08,"TIRO FEDERAL RESISTENCIA SRL- LA CORDIAL SRL- MICROBUS SRL. U.T.E","LINEA_111","NO","COLECTIVO","PROVINCIAL","CHACO","SN",3627,"SI"
2026-09-08,"MOVI ROSARIO S.A.U","LINEA_112","NO","COLECTIVO","MUNICIPAL","SANTA FE","ROSARIO",7558,"SI"
2026-09-08,"MOVI ROSARIO S.A.U","LINEA_113","NO","COLECTIVO","MUNICIPAL","SANTA FE","ROSARIO",4899,"SI"
2026-09-08,"MOVI ROSARIO S.A.U","LINEA_115","NO","COLECTIVO","MUNICIPAL","SANTA FE","ROSARIO",4286,"SI"
2026-09-08,"MOVI ROSARIO S.A.U","LINEA_115_AEROPUERTO","NO","COLECTIVO","MUNICIPAL","SANTA FE","ROSARIO",4379,"SI"
2026-09-08,"MOVI ROSARIO S.A.U","LINEA_116","NO","COLECTIVO","MUNICIPAL","SANTA FE","ROSARIO",4545,"SI"
2026-09-08,"EXPRESO TIGRE-IGUAZU SA","LINEA_11_NQN","NO","COLECTIVO","MUNICIPAL","NEUQUÉN","NEUQUEN",1578,"SI"
2026-09-08,"EMPR.TRANSP AUTOMOTOR DE PASAJEROS GRAL SAVIO SRL","LINEA_11K_PAL","NO","COLECTIVO","MUNICIPAL","JUJUY","PALPALA",353,"SI"
2026-09-08,"MOVI ROSARIO S.A.U","LINEA_120","NO","COLECTIVO","MUNICIPAL","SANTA FE","ROSARIO",2315,"SI"
2026-09-08,"U.T.E EMPRESA DE TRANSPORTE DE PASAJEROS LA MARINA SA- LA POSITIVA SA","LINEA_120_SJUAN","NO","COLECTIVO","PROVINCIAL","SAN JUAN","SN",3642,"SI"
2026-09-08,"MOVI ROSARIO S.A.U","LINEA_121","NO","COLECTIVO","MUNICIPAL","SANTA FE","ROSARIO",4632,"SI"
2026-09-08,"U.T.E EMPRESA DE TRANSPORTE DE PASAJEROS LA MARINA SA- LA POSITIVA SA","LINEA_121_SJUAN","NO","COLECTIVO","PROVINCIAL","SAN JUAN","SN",3844,"SI"
2026-09-08,"ROSARIO BUS  S.A","LINEA_122","NO","COLECTIVO","MUNICIPAL","SANTA FE","ROSARIO",20789,"SI"
2026-09-08,"U.T.E EMPRESA DE TRANSPORTE DE PASAJEROS LA MARINA SA- LA POSITIVA SA","LINEA_122_SJUAN","NO","COLECTIVO","PROVINCIAL","SAN JUAN","SN",2438,"SI"
2026-09-08,"MOVI ROSARIO S.A.U","LINEA_123","NO","COLECTIVO","MUNICIPAL","SANTA FE","ROSARIO",5222,"SI"
2026-09-08,"U.T.E EMPRESA DE TRANSPORTE DE PASAJEROS LA MARINA SA- LA POSITIVA SA","LINEA_123_SJUAN","NO","COLECTIVO","PROVINCIAL","SAN JUAN","SN",4879,"SI"
2026-09-08,"U.T.E EMPRESA DE TRANSPORTE DE PASAJEROS LA MARINA SA- LA POSITIVA SA","LINEA_124_SJUAN","NO","COLECTIVO","PROVINCIAL","SAN JUAN","SN",2024,"SI"
2026-09-08,"U.T.E EMPRESA DE TRANSPORTE DE PASAJEROS LA MARINA SA- LA POSITIVA SA","LINEA_125_SJUAN","NO","COLECTIVO","PROVINCIAL","SAN JUAN","SN",1860,"SI"
2026-09-08,"ROSARIO BUS  S.A","LINEA_126","NO","COLECTIVO","MUNICIPAL","SANTA FE","ROSARIO",2917,"SI"
2026-09-08,"U.T.E EMPRESA DE TRANSPORTE DE PASAJEROS LA MARINA SA- LA POSITIVA SA","LINEA_126_SJUAN","NO","COLECTIVO","PROVINCIAL","SAN JUAN","SN",4807,"SI"
2026-09-08,"MOVI ROSARIO S.A.U","LINEA_127","NO","COLECTIVO","MUNICIPAL","SANTA FE","ROSARIO",7005,"SI"
2026-09-08,"U.T.E EMPRESA DE TRANSPORTE DE PASAJEROS LA MARINA SA- LA POSITIVA SA","LINEA_127_SJUAN","NO","COLECTIVO","PROVINCIAL","SAN JUAN","SN",228,"SI"
2026-09-08,"ROSARIO BUS  S.A","LINEA_128","NO","COLECTIVO","MUNICIPAL","SANTA FE","ROSARIO",9266,"SI"
2026-09-08,"U.T.E EMPRESA DE TRANSPORTE DE PASAJEROS LA MARINA SA- LA POSITIVA SA","LINEA_128_SJUAN","NO","COLECTIVO","PROVINCIAL","SAN JUAN","SN",1162,"SI"
2026-09-08,"MOVI ROSARIO S.A.U","LINEA_129","NO","COLECTIVO","MUNICIPAL","SANTA FE","ROSARIO",4392,"SI"
2026-09-08,"U.T.E EMPRESA DE TRANSPORTE DE PASAJEROS LA MARINA SA- LA POSITIVA SA","LINEA_129_SJUAN","NO","COLECTIVO","PROVINCIAL","SAN JUAN","SN",2941,"SI"
2026-09-08,"EMPRESA KOKO S.R.L","LINEA_12_NQN","NO","COLECTIVO","MUNICIPAL","NEUQUÉN","NEUQUEN",1665,"SI"
2026-09-08,"EMPR.TRANSP AUTOMOTOR DE PASAJEROS GRAL SAVIO SRL","LINEA_12L_PAL","NO","COLECTIVO","MUNICIPAL","JUJUY","PALPALA",1424,"SI"
2026-09-08,"EMPRESA DE TRANSPORTE AMANCAY SRL","LINEA_13-22_BRC","NO","COLECTIVO","MUNICIPAL","RÍO NEGRO","SAN CARLOS DE BARILOCHE",88,"SI"
2026-09-08,"ROSARIO BUS  S.A","LINEA_130","NO","COLECTIVO","MUNICIPAL","SANTA FE","ROSARIO",5991,"SI"
2026-09-08,"U.T.E EMPRESA DE TRANSPORTE DE PASAJEROS LA MARINA SA- LA POSITIVA SA","LINEA_130_SJUAN","NO","COLECTIVO","PROVINCIAL","SAN JUAN","SN",1743,"SI"
2026-09-08,"MOVI ROSARIO S.A.U","LINEA_131","NO","COLECTIVO","MUNICIPAL","SANTA FE","ROSARIO",3585,"SI"
2026-09-08,"MOVI ROSARIO S.A.U","LINEA_132","NO","COLECTIVO","MUNICIPAL","SANTA FE","ROSARIO",3552,"SI"
2026-09-08,"ROSARIO BUS  S.A","LINEA_133NEGRA_125","NO","COLECTIVO","MUNICIPAL","SANTA FE","ROSARIO",4802,"SI"
2026-09-08,"ROSARIO BUS  S.A","LINEA_133VERDE_125","NO","COLECTIVO","MUNICIPAL","SANTA FE","ROSARIO",3870,"SI"
2026-09-08,"MOVI ROSARIO S.A.U","LINEA_134","NO","COLECTIVO","MUNICIPAL","SANTA FE","ROSARIO",3025,"SI"
2026-09-08,"MOVI ROSARIO S.A.U","LINEA_135","NO","COLECTIVO","MUNICIPAL","SANTA FE","ROSARIO",2425,"SI"
2026-09-08,"ROSARIO BUS  S.A","LINEA_138_139","NO","COLECTIVO","MUNICIPAL","SANTA FE","ROSARIO",7622,"SI"
2026-09-08,"EMPRESA KOKO S.R.L","LINEA_13_NQN","NO","COLECTIVO","MUNICIPAL","NEUQUÉN","NEUQUEN",609,"SI"
2026-09-08,"ROSARIO BUS  S.A","LINEA_140","NO","COLECTIVO","MUNICIPAL","SANTA FE","ROSARIO",8851,"SI"
2026-09-08,"MOVI ROSARIO S.A.U","LINEA_141","NO","COLECTIVO","MUNICIPAL","SANTA FE","ROSARIO",8702,"SI"
2026-09-08,"TRANSPORTE LIBERTADOR SRL","LINEA_141_SJUAN","NO","COLECTIVO","PROVINCIAL","SAN JUAN","SN",171,"SI"
2026-09-08,"ROSARIO BUS  S.A","LINEA_142","NO","COLECTIVO","MUNICIPAL","SANTA FE","ROSARIO",21150,"SI"
2026-09-08,"TRANSPORTE LIBERTADOR SRL","LINEA_142_SJUAN","NO","COLECTIVO","PROVINCIAL","SAN JUAN","SN",1216,"SI"
2026-09-08,"ROSARIO BUS  S.A","LINEA_143NEGRA_136_137","NO","COLECTIVO","MUNICIPAL","SANTA FE","ROSARIO",7121,"SI"
2026-09-08,"ROSARIO BUS  S.A","LINEA_143ROJA_136_137","NO","COLECTIVO","MUNICIPAL","SANTA FE","ROSARIO",5085,"SI"
2026-09-08,"ROSARIO BUS  S.A","LINEA_145CABIN_9_133","NO","COLECTIVO","MUNICIPAL","SANTA FE","ROSARIO",14158,"SI"
2026-09-08,"ROSARIO BUS  S.A","LINEA_145SOLDINI_133","NO","COLECTIVO","MUNICIPAL","SANTA FE","ROSARIO",4396,"SI"
2026-09-08,"ROSARIO BUS  S.A","LINEA_146","NO","COLECTIVO","MUNICIPAL","SANTA FE","ROSARIO",8236,"SI"
2026-09-08,"EMPRESA KOKO S.R.L","LINEA_14_NQN","NO","COLECTIVO","MUNICIPAL","NEUQUÉN","NEUQUEN",1973,"SI"
2026-09-08,"TRANSPORTE SAN JOSE S.A.","LINEA_15","NO","COLECTIVO","PROVINCIAL","JUJUY","SN",1554,"SI"
2026-09-08,"MOVI ROSARIO S.A.U","LINEA_153","NO","COLECTIVO","MUNICIPAL","SANTA FE","ROSARIO",12154,"SI"
2026-09-08,"EMPRESA KOKO S.R.L","LINEA_15_NQN","NO","COLECTIVO","MUNICIPAL","NEUQUÉN","NEUQUEN",1133,"SI"
2026-09-08,"TRANSPORTE LIBERTADOR SRL","LINEA_160_SJUAN","NO","COLECTIVO","PROVINCIAL","SAN JUAN","SN",753,"SI"
2026-09-08,"TRANSPORTE LIBERTADOR SRL","LINEA_161_SJUAN","NO","COLECTIVO","PROVINCIAL","SAN JUAN","SN",88,"SI"
2026-09-08,"TRANSPORTE LIBERTADOR SRL","LINEA_162_SJUAN","NO","COLECTIVO","PROVINCIAL","SAN JUAN","SN",136,"SI"
2026-09-08,"GENERAL TOMAS GUIDO S.A.C.I.F.","LINEA_164_AMBA","SI","COLECTIVO","NACIONAL","JN","SD",24042,"SI"
2026-09-08,"EXPRESO TIGRE-IGUAZU SA","LINEA_16_NQN","NO","COLECTIVO","MUNICIPAL","NEUQUÉN","NEUQUEN",1636,"SI"
2026-09-08,"EXPRESO TIGRE-IGUAZU SA","LINEA_17_NQN","NO","COLECTIVO","MUNICIPAL","NEUQUÉN","NEUQUEN",2689,"SI"
2026-09-08,"EXPRESO TIGRE-IGUAZU SA","LINEA_18_NQN","NO","COLECTIVO","MUNICIPAL","NEUQUÉN","NEUQUEN",786,"SI"
2026-09-08,"EMPRESA KOKO S.R.L","LINEA_19_NQN","NO","COLECTIVO","MUNICIPAL","NEUQUÉN","NEUQUEN",947,"SI"
2026-09-08,"EMPRESA KOKO S.R.L","LINEA_1_NQN","NO","COLECTIVO","MUNICIPAL","NEUQUÉN","NEUQUEN",2234,"SI"
2026-09-08,"AUTOTRANSPORTE CEFERINO S.R.L","LINEA_2","NO","COLECTIVO","MUNICIPAL","CHUBUT","RAWSON",288,"SI"
2026-09-08,"EMPRESA MAYO SRL","LINEA_200_SJUAN","NO","COLECTIVO","PROVINCIAL","SAN JUAN","SN",536,"SI"
2026-09-08,"25 DE AGOSTO SRL","LINEA_201_CAT","NO","COLECTIVO","PROVINCIAL","CATAMARCA","SN",4575,"SI"
2026-09-08,"EMPRESA MAYO SRL","LINEA_201_SJUAN","NO","COLECTIVO","PROVINCIAL","SAN JUAN","SN",1822,"SI"
2026-09-08,"LINEAS G.M. SRL","LINEA_202_CAT","NO","COLECTIVO","PROVINCIAL","CATAMARCA","SN",1335,"SI"
2026-09-08,"EMPRESA MAYO SRL","LINEA_202_SJUAN","NO","COLECTIVO","PROVINCIAL","SAN JUAN","SN",495,"SI"
2026-09-08,"25 DE AGOSTO SRL","LINEA_203_CAT","NO","COLECTIVO","PROVINCIAL","CATAMARCA","SN",1831,"SI"
2026-09-08,"ATACO NORTE S.A.C.I-NAVARRO HNOS S.R.L-U.T.E","LINEA_203_CHA","NO","COLECTIVO","PROVINCIAL","CHACO","SN",197,"SI"
2026-09-08,"EMPRESA MAYO SRL","LINEA_203_SJUAN","NO","COLECTIVO","PROVINCIAL","SAN JUAN","SN",3636,"SI"
2026-09-08,"ERSA URBANO S.A UNION TRANSITORIA","LINEA_204","NO","COLECTIVO","PROVINCIAL","CHACO","SN",1910,"SI"
2026-09-08,"LINEAS G.M. SRL","LINEA_204_CAT","NO","COLECTIVO","PROVINCIAL","CATAMARCA","SN",3021,"SI"
2026-09-08,"EMPRESA MAYO SRL","LINEA_204_SJUAN","NO","COLECTIVO","PROVINCIAL","SAN JUAN","SN",5330,"SI"
2026-09-08,"EMPRESA MAYO SRL","LINEA_205_SJUAN","NO","COLECTIVO","PROVINCIAL","SAN JUAN","SN",3681,"SI"
2026-09-08,"TIRO FEDERAL RESISTENCIA SRL- LA CORDIAL SRL- MICROBUS SRL. U.T.E","LINEA_206","NO","COLECTIVO","PROVINCIAL","CHACO","SN",298,"SI"
2026-09-08,"EMPRESA MAYO SRL","LINEA_206_SJUAN","NO","COLECTIVO","PROVINCIAL","SAN JUAN","SN",2333,"SI"
2026-09-08,"LINEAS G.M. SRL","LINEA_207_CAT","NO","COLECTIVO","PROVINCIAL","CATAMARCA","SN",898,"SI"
2026-09-08,"EMPRESA MAYO SRL","LINEA_207_SJUAN","NO","COLECTIVO","PROVINCIAL","SAN JUAN","SN",946,"SI"
2026-09-08,"EMPRESA MAYO SRL","LINEA_208_SJUAN","NO","COLECTIVO","PROVINCIAL","SAN JUAN","SN",2519,"SI"
2026-09-08,"EMPRESA MAYO SRL","LINEA_209_SJUAN","NO","COLECTIVO","PROVINCIAL","SAN JUAN","SN",2246,"SI"
2026-09-08,"EMPRESA KOKO S.R.L","LINEA_20_NQN","NO","COLECTIVO","MUNICIPAL","NEUQUÉN","NEUQUEN",354,"SI"
2026-09-08,"EMPRESA MAYO SRL","LINEA_210_SJUAN","NO","COLECTIVO","PROVINCIAL","SAN JUAN","SN",7735,"SI"
2026-09-08,"EMPRESA MAYO SRL","LINEA_211_SJUAN","NO","COLECTIVO","PROVINCIAL","SAN JUAN","SN",5669,"SI"
2026-09-08,"EMPRESA MAYO SRL","LINEA_212_SJUAN","NO","COLECTIVO","PROVINCIAL","SAN JUAN","SN",1892,"SI"
2026-09-08,"EMPRESA MAYO SRL","LINEA_213_SJUAN","NO","COLECTIVO","PROVINCIAL","SAN JUAN","SN",2568,"SI"
2026-09-08,"EMPRESA MAYO SRL","LINEA_214_SJUAN","NO","COLECTIVO","PROVINCIAL","SAN JUAN","SN",1720,"SI"
2026-09-08,"EMPRESA KOKO S.R.L","LINEA_21_NQN","NO","COLECTIVO","MUNICIPAL","NEUQUÉN","NEUQUEN",1307,"SI"
2026-09-08,"EXPRESO TIGRE-IGUAZU SA","LINEA_22_NQN","NO","COLECTIVO","MUNICIPAL","NEUQUÉN","NEUQUEN",685,"SI"
2026-09-08,"EXPRESO TIGRE-IGUAZU SA","LINEA_23_NQN","NO","COLECTIVO","MUNICIPAL","NEUQUÉN","NEUQUEN",1993,"SI"
2026-09-08,"EMPRESA MAYO SRL","LINEA_240_SJUAN","NO","COLECTIVO","PROVINCIAL","SAN JUAN","SN",469,"SI"
2026-09-08,"EMPRESA MAYO SRL","LINEA_241_SJUAN","NO","COLECTIVO","PROVINCIAL","SAN JUAN","SN",2905,"SI"
2026-09-08,"EMPRESA MAYO SRL","LINEA_242_SJUAN","NO","COLECTIVO","PROVINCIAL","SAN JUAN","SN",7573,"SI"
2026-09-08,"EMPRESA MAYO SRL","LINEA_243_SJUAN","NO","COLECTIVO","PROVINCIAL","SAN JUAN","SN",7732,"SI"
2026-09-08,"EMPRESA MAYO SRL","LINEA_244_SJUAN","NO","COLECTIVO","PROVINCIAL","SAN JUAN","SN",3068,"SI"
2026-09-08,"EMPRESA MAYO SRL","LINEA_245_SJUAN","NO","COLECTIVO","PROVINCIAL","SAN JUAN","SN",416,"SI"
2026-09-08,"EMPRESA MAYO SRL","LINEA_246_SJUAN","NO","COLECTIVO","PROVINCIAL","SAN JUAN","SN",368,"SI"
2026-09-08,"EMPRESA MAYO SRL","LINEA_247_SJUAN","NO","COLECTIVO","PROVINCIAL","SAN JUAN","SN",336,"SI"
2026-09-08,"EMPRESA MAYO SRL","LINEA_248_SJUAN","NO","COLECTIVO","PROVINCIAL","SAN JUAN","SN",1600,"SI"
2026-09-08,"EMPRESA KOKO S.R.L","LINEA_24_NQN","NO","COLECTIVO","MUNICIPAL","NEUQUÉN","NEUQUEN",950,"SI"
2026-09-08,"EMPRESA KOKO S.R.L","LINEA_25_NQN","NO","COLECTIVO","MUNICIPAL","NEUQUÉN","NEUQUEN",1913,"SI"
2026-09-08,"NUEVO SUR S.R.L.","LINEA_261_SJUAN","NO","COLECTIVO","PROVINCIAL","SAN JUAN","SN",23,"SI"
2026-09-08,"NUEVO SUR S.R.L.","LINEA_262_SJUAN","NO","COLECTIVO","PROVINCIAL","SAN JUAN","SN",3662,"SI"
2026-09-08,"NUEVO SUR S.R.L.","LINEA_263_SJUAN","NO","COLECTIVO","PROVINCIAL","SAN JUAN","SN",269,"SI"
2026-09-08,"NUEVO SUR S.R.L.","LINEA_264_SJUAN","NO","COLECTIVO","PROVINCIAL","SAN JUAN","SN",82,"SI"
2026-09-08,"NUEVO SUR S.R.L.","LINEA_265_SJUAN","NO","COLECTIVO","PROVINCIAL","SAN JUAN","SN",280,"SI"
2026-09-08,"NUEVO SUR S.R.L.","LINEA_266_SJUAN","NO","COLECTIVO","PROVINCIAL","SAN JUAN","SN",147,"SI"
2026-09-08,"EMPRESA KOKO S.R.L","LINEA_26_NQN","NO","COLECTIVO","MUNICIPAL","NEUQUÉN","NEUQUEN",625,"SI"
2026-09-08,"EMPRESA KOKO S.R.L","LINEA_27_NQN","NO","COLECTIVO","MUNICIPAL","NEUQUÉN","NEUQUEN",514,"SI"
2026-09-08,"EMPRESA KOKO S.R.L","LINEA_28_NQN","NO","COLECTIVO","MUNICIPAL","NEUQUÉN","NEUQUEN",869,"SI"
2026-09-08,"EXPRESO TIGRE-IGUAZU SA","LINEA_29_NQN","NO","COLECTIVO","MUNICIPAL","NEUQUÉN","NEUQUEN",462,"SI"
2026-09-08,"EMPRESA KOKO S.R.L","LINEA_2_NQN","NO","COLECTIVO","MUNICIPAL","NEUQUÉN","NEUQUEN",985,"SI"
2026-09-08,"AUTOTRANSPORTE CEFERINO S.R.L","LINEA_3","NO","COLECTIVO","MUNICIPAL","CHUBUT","RAWSON",187,"SI"
2026-09-08,"TRANSPORTE DE PASAJEROS ALTO DE SIERRA S.R.L.","LINEA_300_SJUAN","NO","COLECTIVO","PROVINCIAL","SAN JUAN","SN",742,"SI"
2026-09-08,"TRANSPORTE DE PASAJEROS ALTO DE SIERRA S.R.L.","LINEA_301_SJUAN","NO","COLECTIVO","PROVINCIAL","SAN JUAN","SN",4437,"SI"
2026-09-08,"TRANSPORTE DE PASAJEROS ALTO DE SIERRA S.R.L.","LINEA_302_SJUAN","NO","COLECTIVO","PROVINCIAL","SAN JUAN","SN",326,"SI"
2026-09-08,"TRANSPORTE DE PASAJEROS ALTO DE SIERRA S.R.L.","LINEA_303_SJUAN","NO","COLECTIVO","PROVINCIAL","SAN JUAN","SN",2113,"SI"
2026-09-08,"TRANSPORTE DE PASAJEROS ALTO DE SIERRA S.R.L.","LINEA_304_SJUAN","NO","COLECTIVO","PROVINCIAL","SAN JUAN","SN",2270,"SI"
2026-09-08,"TRANSPORTE DE PASAJEROS ALTO DE SIERRA S.R.L.","LINEA_305_SJUAN","NO","COLECTIVO","PROVINCIAL","SAN JUAN","SN",4034,"SI"
2026-09-08,"EMPRESA KOKO S.R.L","LINEA_30_NQN","NO","COLECTIVO","MUNICIPAL","NEUQUÉN","NEUQUEN",2423,"SI"
2026-09-08,"EMPRESA KOKO S.R.L","LINEA_31_NQN","NO","COLECTIVO","MUNICIPAL","NEUQUÉN","NEUQUEN",298,"SI"
2026-09-08,"TRANSPORTE DE PASAJEROS EL TRIUNFO SA","LINEA_320_SJUAN","NO","COLECTIVO","PROVINCIAL","SAN JUAN","SN",3040,"SI"
2026-09-08,"TRANSPORTE DE PASAJEROS EL TRIUNFO SA","LINEA_321_SJUAN","NO","COLECTIVO","PROVINCIAL","SAN JUAN","SN",556,"SI"
2026-09-08,"TRANSPORTE DE PASAJEROS EL TRIUNFO SA","LINEA_322_SJUAN","NO","COLECTIVO","PROVINCIAL","SAN JUAN","SN",882,"SI"
2026-09-08,"TRANSPORTE DE PASAJEROS EL TRIUNFO SA","LINEA_323_SJUAN","NO","COLECTIVO","PROVINCIAL","SAN JUAN","SN",533,"SI"
2026-09-08,"EXPRESO TIGRE-IGUAZU SA","LINEA_32E_NQN","NO","COLECTIVO","MUNICIPAL","NEUQUÉN","NEUQUEN",497,"SI"
2026-09-08,"TRANSPORTE DE PASAJEROS EL TRIUNFO SA","LINEA_340_SJUAN","NO","COLECTIVO","PROVINCIAL","SAN JUAN","SN",1428,"SI"
2026-09-08,"TRANSPORTE DE PASAJEROS EL TRIUNFO SA","LINEA_341_SJUAN","NO","COLECTIVO","PROVINCIAL","SAN JUAN","SN",4027,"SI"
2026-09-08,"TRANSPORTE DE PASAJEROS EL TRIUNFO SA","LINEA_342_SJUAN","NO","COLECTIVO","PROVINCIAL","SAN JUAN","SN",216,"SI"
2026-09-08,"TRANSPORTE DE PASAJEROS EL TRIUNFO SA","LINEA_343_SJUAN","NO","COLECTIVO","PROVINCIAL","SAN JUAN","SN",376,"SI"
2026-09-08,"TRANSPORTE DE PASAJEROS EL TRIUNFO SA","LINEA_344_SJUAN","NO","COLECTIVO","PROVINCIAL","SAN JUAN","SN",559,"SI"
2026-09-08,"TRANSPORTE DE PASAJEROS EL TRIUNFO SA","LINEA_345_SJUAN","NO","COLECTIVO","PROVINCIAL","SAN JUAN","SN",3534,"SI"
2026-09-08,"TRANSPORTE DE PASAJEROS EL TRIUNFO SA","LINEA_346_SJUAN","NO","COLECTIVO","PROVINCIAL","SAN JUAN","SN",299,"SI"
2026-09-08,"TRANSPORTE DE PASAJEROS EL TRIUNFO SA","LINEA_360_SJUAN","NO","COLECTIVO","PROVINCIAL","SAN JUAN","SN",142,"SI"
2026-09-08,"TRANSPORTE DE PASAJEROS EL TRIUNFO SA","LINEA_361_SJUAN","NO","COLECTIVO","PROVINCIAL","SAN JUAN","SN",517,"SI"
2026-09-08,"TRANSPORTE DE PASAJEROS EL TRIUNFO SA","LINEA_362_SJUAN","NO","COLECTIVO","PROVINCIAL","SAN JUAN","SN",331,"SI"
2026-09-08,"TRANSPORTE DE PASAJEROS EL TRIUNFO SA","LINEA_363_SJUAN","NO","COLECTIVO","PROVINCIAL","SAN JUAN","SN",4015,"SI"
2026-09-08,"TRANSPORTE DE PASAJEROS EL TRIUNFO SA","LINEA_364_SJUAN","NO","COLECTIVO","PROVINCIAL","SAN JUAN","SN",4409,"SI"
2026-09-08,"EXPRESO TIGRE-IGUAZU SA","LINEA_3_NQN","NO","COLECTIVO","MUNICIPAL","NEUQUÉN","NEUQUEN",920,"SI"
2026-09-08,"COOPERATIVA DE TRABAJO PALBUS 2000 LIMITADA","LINEA_3C_PAL","NO","COLECTIVO","MUNICIPAL","JUJUY","PALPALA",3794,"SI"
2026-09-08,"EMPRESA DE TRANSPORTES ALBARDON SRL","LINEA_400_SJUAN","NO","COLECTIVO","PROVINCIAL","SAN JUAN","SN",3159,"SI"
2026-09-08,"EMPRESA DE TRANSPORTES ALBARDON SRL","LINEA_401_SJUAN","NO","COLECTIVO","PROVINCIAL","SAN JUAN","SN",3086,"SI"
2026-09-08,"EMPRESA DE TRANSPORTES ALBARDON SRL","LINEA_402_SJUAN","NO","COLECTIVO","PROVINCIAL","SAN JUAN","SN",3537,"SI"
2026-09-08,"EMPRESA DE TRANSPORTES ALBARDON SRL","LINEA_403_SJUAN","NO","COLECTIVO","PROVINCIAL","SAN JUAN","SN",4785,"SI"
2026-09-08,"EMPRESA DE TRANSPORTES ALBARDON SRL","LINEA_404_SJUAN","NO","COLECTIVO","PROVINCIAL","SAN JUAN","SN",7503,"SI"
2026-09-08,"EMPRESA DE TRANSPORTES ALBARDON SRL","LINEA_405_SJUAN","NO","COLECTIVO","PROVINCIAL","SAN JUAN","SN",3659,"SI"
2026-09-08,"EMPRESA DE TRANSPORTES ALBARDON SRL","LINEA_406_SJUAN","NO","COLECTIVO","PROVINCIAL","SAN JUAN","SN",5114,"SI"
2026-09-08,"EMPRESA DE TRANSPORTES ALBARDON SRL","LINEA_407_SJUAN","NO","COLECTIVO","PROVINCIAL","SAN JUAN","SN",6094,"SI"
2026-09-08,"EMPRESA DE TRANSPORTES ALBARDON SRL","LINEA_408_SJUAN","NO","COLECTIVO","PROVINCIAL","SAN JUAN","SN",2213,"SI"
2026-09-08,"EMPRESA DE TRANSPORTES ALBARDON SRL","LINEA_420_SJUAN","NO","COLECTIVO","PROVINCIAL","SAN JUAN","SN",9942,"SI"
2026-09-08,"EMPRESA DE TRANSPORTES ALBARDON SRL","LINEA_421_SJUAN","NO","COLECTIVO","PROVINCIAL","SAN JUAN","SN",405,"SI"
2026-09-08,"EMPRESA DE TRANSPORTES ALBARDON SRL","LINEA_422_SJUAN","NO","COLECTIVO","PROVINCIAL","SAN JUAN","SN",474,"SI"
2026-09-08,"EMPRESA DE TRANSPORTES ALBARDON SRL","LINEA_423_SJUAN","NO","COLECTIVO","PROVINCIAL","SAN JUAN","SN",1145,"SI"
2026-09-08,"EMPRESA DE TRANSPORTES ALBARDON SRL","LINEA_440_SJUAN","NO","COLECTIVO","PROVINCIAL","SAN JUAN","SN",1911,"SI"
2026-09-08,"EMPRESA DE TRANSPORTES ALBARDON SRL","LINEA_441_SJUAN","NO","COLECTIVO","PROVINCIAL","SAN JUAN","SN",2451,"SI"
2026-09-08,"EMPRESA DE TRANSPORTES ALBARDON SRL","LINEA_442_SJUAN","NO","COLECTIVO","PROVINCIAL","SAN JUAN","SN",422,"SI"
2026-09-08,"FRANCISCO BUIATTI E HIJOS S.A","LINEA_450_LANCHAS","NO","LANCHAS","PROVINCIAL","BUENOS AIRES","SN",263,"SI"
2026-09-08,"INTERISLEÑA S A C E I","LINEA_451_LANCHAS","NO","LANCHAS","PROVINCIAL","BUENOS AIRES","SN",11,"SI"
2026-09-08,"INTERISLEÑA S A C E I","LINEA_452_451_LANCHAS","NO","LANCHAS","PROVINCIAL","BUENOS AIRES","SN",828,"SI"
2026-09-08,"LINEAS DELTA ARGENTINO S.R.L.","LINEA_453_LANCHAS","NO","LANCHAS","PROVINCIAL","BUENOS AIRES","SN",104,"SI"
2026-09-08,"HUGO A. PFLUGER S.A","LINEA_455_LANCHAS","NO","LANCHAS","PROVINCIAL","BUENOS AIRES","SN",12,"SI"
2026-09-08,"EMPRESA DE TRANSPORTES ALBARDON SRL","LINEA_460_SJUAN","NO","COLECTIVO","PROVINCIAL","SAN JUAN","SN",710,"SI"
2026-09-08,"EMPRESA DE TRANSPORTES ALBARDON SRL","LINEA_461_SJUAN","NO","COLECTIVO","PROVINCIAL","SAN JUAN","SN",747,"SI"
2026-09-08,"EMPRESA DE TRANSPORTES ALBARDON SRL","LINEA_462_SJUAN","NO","COLECTIVO","PROVINCIAL","SAN JUAN","SN",104,"SI"
2026-09-08,"TRANSPORTE FUTURO SRL","LINEA_47","NO","COLECTIVO","PROVINCIAL","JUJUY","SN",348,"SI"
2026-09-08,"EXPRESO TIGRE-IGUAZU SA","LINEA_4_NQN","NO","COLECTIVO","MUNICIPAL","NEUQUÉN","NEUQUEN",3570,"SI"
2026-09-08,"COOPERATIVA DE TRABAJO PALBUS 2000 LIMITADA","LINEA_4D_PAL","NO","COLECTIVO","MUNICIPAL","JUJUY","PALPALA",1707,"SI"
2026-09-08,"LEMOS Y RODRIGUEZ S.A.","LINEA_500_BSAS","NO","COLECTIVO","MUNICIPAL","BUENOS AIRES","BAHIA BLANCA",8273,"SI"
2026-09-08,"BALCARBUS SRL","LINEA_501","NO","COLECTIVO","MUNICIPAL","BUENOS AIRES","BALCARCE",291,"SI"
2026-09-08,"COMPAÑIA BELGRANO S.A.","LINEA_501","NO","COLECTIVO","MUNICIPAL","BUENOS AIRES","CORONEL ROSALES",262,"SI"
2026-09-08,"EMPRESA DE TRANSPORTE PERALTA RAMOS SACI","LINEA_501_MDQ","NO","COLECTIVO","MUNICIPAL","BUENOS AIRES","GENERAL PUEYRREDON",1321,"SI"
2026-09-08,"EMPRESA VALLECITO SRL","LINEA_501_SJUAN","NO","COLECTIVO","PROVINCIAL","SAN JUAN","SN",194,"SI"
2026-09-08,"BALCARBUS SRL","LINEA_502","NO","COLECTIVO","MUNICIPAL","BUENOS AIRES","BALCARCE",318,"SI"
2026-09-08,"COMPAÑIA BELGRANO S.A.","LINEA_502","NO","COLECTIVO","MUNICIPAL","BUENOS AIRES","CORONEL ROSALES",292,"SI"
2026-09-08,"T. A. SAN GABRIEL S.A.","LINEA_502_BAHIA","NO","COLECTIVO","MUNICIPAL","BUENOS AIRES","BAHIA BLANCA",3471,"SI"
2026-09-08,"EMPRESA VALLECITO SRL","LINEA_502_SJUAN","NO","COLECTIVO","PROVINCIAL","SAN JUAN","SN",679,"SI"
2026-09-08,"BALCARBUS SRL","LINEA_503","NO","COLECTIVO","MUNICIPAL","BUENOS AIRES","BALCARCE",325,"SI"
2026-09-08,"COMPAÑIA BELGRANO S.A.","LINEA_503","NO","COLECTIVO","MUNICIPAL","BUENOS AIRES","CORONEL ROSALES",1032,"SI"
2026-09-08,"T. A. SAN GABRIEL S.A.","LINEA_503_BAHIA","NO","COLECTIVO","MUNICIPAL","BUENOS AIRES","BAHIA BLANCA",3850,"SI"
2026-09-08,"COMPAÑIA BELGRANO S.A.","LINEA_503BIS","NO","COLECTIVO","MUNICIPAL","BUENOS AIRES","CORONEL ROSALES",1084,"SI"
2026-09-08,"BALCARBUS SRL","LINEA_504","NO","COLECTIVO","MUNICIPAL","BUENOS AIRES","BALCARCE",75,"SI"
2026-09-08,"COMPAÑIA BELGRANO S.A.","LINEA_504","NO","COLECTIVO","MUNICIPAL","BUENOS AIRES","CORONEL ROSALES",485,"SI"
2026-09-08,"EMPRESA LINEA 216 S.A.T.","LINEA_504_ ITUZ","SI","COLECTIVO","MUNICIPAL","BUENOS AIRES","ITUZAINGO",778,"SI"
2026-09-08,"EMPRESA DE TRANSPORTE DEL SUR SRL","LINEA_504_AMBA","SI","COLECTIVO","MUNICIPAL","BUENOS AIRES","PRESIDENTE PERON",7086,"SI"
2026-09-08,"T. A. SAN GABRIEL S.A.","LINEA_504_BAHIA","NO","COLECTIVO","MUNICIPAL","BUENOS AIRES","BAHIA BLANCA",2192,"SI"
2026-09-08,"EMPRESA VALLECITO SRL","LINEA_504_SJUAN","NO","COLECTIVO","PROVINCIAL","SAN JUAN","SN",83,"SI"
2026-09-08,"COMPAÑIA ISLEÑA S.R.L.","LINEA_504B","SI","COLECTIVO","MUNICIPAL","BUENOS AIRES","ESCOBAR",1480,"SI"
2026-09-08,"COMPAÑIA BELGRANO S.A.","LINEA_504BIS","NO","COLECTIVO","MUNICIPAL","BUENOS AIRES","CORONEL ROSALES",331,"SI"
2026-09-08,"COMPAÑIA BELGRANO S.A.","LINEA_505","NO","COLECTIVO","MUNICIPAL","BUENOS AIRES","CORONEL ROSALES",685,"SI"
2026-09-08,"EMPRESA DE TRANSPORTE DEL SUR SRL","LINEA_505_AMBA","SI","COLECTIVO","MUNICIPAL","BUENOS AIRES","ALMIRANTE BROWN",9447,"SI"
2026-09-08,"LEMOS Y RODRIGUEZ S.A.","LINEA_505_BSAS","NO","COLECTIVO","MUNICIPAL","BUENOS AIRES","BAHIA BLANCA",3558,"SI"
2026-09-08,"EMPRESA VALLECITO SRL","LINEA_505_SJUAN","NO","COLECTIVO","PROVINCIAL","SAN JUAN","SN",208,"SI"
2026-09-08,"EMPRESA DE TRANSPORTE DEL SUR SRL","LINEA_506_AMBA","SI","COLECTIVO","MUNICIPAL","BUENOS AIRES","ALMIRANTE BROWN",22304,"SI"
2026-09-08,"T. A. SAN GABRIEL S.A.","LINEA_506_BAHIA","NO","COLECTIVO","MUNICIPAL","BUENOS AIRES","BAHIA BLANCA",3171,"SI"
2026-09-08,"FUERTE BARRAGAN S.A.T.I.C.I.","LINEA_506F_BSAS","SI","COLECTIVO","MUNICIPAL","BUENOS AIRES","LA PLATA",10178,"SI"
2026-09-08,"LEMOS Y RODRIGUEZ S.A.","LINEA_507_BSAS","NO","COLECTIVO","MUNICIPAL","BUENOS AIRES","BAHIA BLANCA",4459,"SI"
2026-09-08,"COMPAÑIA ISLEÑA S.R.L.","LINEA_507B","SI","COLECTIVO","MUNICIPAL","BUENOS AIRES","ESCOBAR",2872,"SI"
2026-09-08,"T. A. SAN GABRIEL S.A.","LINEA_509_BAHIA","NO","COLECTIVO","MUNICIPAL","BUENOS AIRES","BAHIA BLANCA",1864,"SI"
2026-09-08,"LAS SIERRAS DE OLAVARRIA S. R. L.","LINEA_509_BSAS","NO","COLECTIVO","MUNICIPAL","BUENOS AIRES","OLAVARRIA",624,"SI"
2026-09-08,"TURITOUR S.A.","LINEA_510","NO","COLECTIVO","MUNICIPAL","BUENOS AIRES","CORONEL ROSALES",54,"SI"
2026-09-08,"LAS SIERRAS DE OLAVARRIA S. R. L.","LINEA_510_BSAS","NO","COLECTIVO","MUNICIPAL","BUENOS AIRES","OLAVARRIA",318,"SI"
2026-09-08,"COMPAÑÍA DE TRANSPORTE NECOCHEA S.A.","LINEA_510N_BSAS","NO","COLECTIVO","MUNICIPAL","BUENOS AIRES","NECOCHEA",2930,"SI"
2026-09-08,"EMPRESA DE TRANSPORTE PERALTA RAMOS SACI","LINEA_511","NO","COLECTIVO","MUNICIPAL","BUENOS AIRES","GENERAL PUEYRREDON",21531,"SI"
2026-09-08,"COMPAÑÍA DE TRANSPORTE NECOCHEA S.A.","LINEA_511N_BSAS","NO","COLECTIVO","MUNICIPAL","BUENOS AIRES","NECOCHEA",1822,"SI"
2026-09-08,"T. A. SAN GABRIEL S.A.","LINEA_512_BAHIA","NO","COLECTIVO","MUNICIPAL","BUENOS AIRES","BAHIA BLANCA",3346,"SI"
2026-09-08,"COMPAÑÍA DE TRANSPORTE NECOCHEA S.A.","LINEA_512N_BSAS","NO","COLECTIVO","MUNICIPAL","BUENOS AIRES","NECOCHEA",1156,"SI"
2026-09-08,"LEMOS Y RODRIGUEZ S.A.","LINEA_513_BSAS","NO","COLECTIVO","MUNICIPAL","BUENOS AIRES","BAHIA BLANCA",6027,"SI"
2026-09-08,"T. A. SAN GABRIEL S.A.","LINEA_513EX_BAHIA","NO","COLECTIVO","MUNICIPAL","BUENOS AIRES","BAHIA BLANCA",2558,"SI"
2026-09-08,"COMPAÑÍA DE TRANSPORTE NECOCHEA S.A.","LINEA_513N_BSAS","NO","COLECTIVO","MUNICIPAL","BUENOS AIRES","NECOCHEA",412,"SI"
2026-09-08,"LEMOS Y RODRIGUEZ S.A.","LINEA_514_BSAS","NO","COLECTIVO","MUNICIPAL","BUENOS AIRES","BAHIA BLANCA",6597,"SI"
2026-09-08,"LAS SIERRAS DE OLAVARRIA S. R. L.","LINEA_514A_BSAS","NO","COLECTIVO","MUNICIPAL","BUENOS AIRES","OLAVARRIA",989,"SI"
2026-09-08,"COMPAÑÍA DE TRANSPORTE NECOCHEA S.A.","LINEA_514N_BSAS","NO","COLECTIVO","MUNICIPAL","BUENOS AIRES","NECOCHEA",348,"SI"
2026-09-08,"T. A. SAN GABRIEL S.A.","LINEA_516_BAHIA","NO","COLECTIVO","MUNICIPAL","BUENOS AIRES","BAHIA BLANCA",2954,"SI"
2026-09-08,"T. A. SAN GABRIEL S.A.","LINEA_517_BAHIA","NO","COLECTIVO","MUNICIPAL","BUENOS AIRES","BAHIA BLANCA",6271,"SI"
2026-09-08,"T. A. SAN GABRIEL S.A.","LINEA_518_BAHIA","NO","COLECTIVO","MUNICIPAL","BUENOS AIRES","BAHIA BLANCA",3017,"SI"
2026-09-08,"COMPAÑÍA DE TRANSPORTE NECOCHEA S.A.","LINEA_518N_BSAS","NO","COLECTIVO","MUNICIPAL","BUENOS AIRES","NECOCHEA",16,"SI"
2026-09-08,"LEMOS Y RODRIGUEZ S.A.","LINEA_519_BSAS","NO","COLECTIVO","MUNICIPAL","BUENOS AIRES","BAHIA BLANCA",5184,"SI"
2026-09-08,"BAHIA TRANSPORTE SAPEN","LINEA_519A_BAHIA","NO","COLECTIVO","MUNICIPAL","BUENOS AIRES","BAHIA BLANCA",6695,"SI"
2026-09-08,"VIA 51 VIAJES SA","LINEA_520_BSAS","NO","COLECTIVO","MUNICIPAL","BUENOS AIRES","BAHIA BLANCA",31,"SI"
2026-09-08,"EMPRESA DE TRANSPORTE DEL SUR SRL","LINEA_521_AMBA","SI","COLECTIVO","MUNICIPAL","BUENOS AIRES","ALMIRANTE BROWN",2553,"SI"
2026-09-08,"EMPRESA DE TRANSPORTE PERALTA RAMOS SACI","LINEA_521_MDQ","NO","COLECTIVO","MUNICIPAL","BUENOS AIRES","GENERAL PUEYRREDON",5804,"SI"
2026-09-08,"EMPRESA DE TRANSPORTE PERALTA RAMOS SACI","LINEA_522_MDQ","NO","COLECTIVO","MUNICIPAL","BUENOS AIRES","GENERAL PUEYRREDON",7245,"SI"
2026-09-08,"EMPRESA DE TRANSPORTE PERALTA RAMOS SACI","LINEA_523_MDQ","NO","COLECTIVO","MUNICIPAL","BUENOS AIRES","GENERAL PUEYRREDON",7870,"SI"
2026-09-08,"EMPRESA DE TRANSPORTE PERALTA RAMOS SACI","LINEA_525_MDQ","NO","COLECTIVO","MUNICIPAL","BUENOS AIRES","GENERAL PUEYRREDON",1400,"SI"
2026-09-08,"AUTOBUSES BUENOS AIRES SRL","LINEA_540_BSAS","SI","COLECTIVO","MUNICIPAL","BUENOS AIRES","LOMAS DE ZAMORA",17330,"SI"
2026-09-08,"EMPRESA DE TRANSPORTE PERALTA RAMOS SACI","LINEA_541_MDQ","NO","COLECTIVO","MUNICIPAL","BUENOS AIRES","GENERAL PUEYRREDON",5650,"SI"
2026-09-08,"AUTOBUSES BUENOS AIRES SRL","LINEA_542_BSAS","SI","COLECTIVO","MUNICIPAL","BUENOS AIRES","LOMAS DE ZAMORA",13272,"SI"
2026-09-08,"EMPRESA DE TRANSPORTE PERALTA RAMOS SACI","LINEA_542_MDQ","NO","COLECTIVO","MUNICIPAL","BUENOS AIRES","GENERAL PUEYRREDON",6103,"SI"
2026-09-08,"EMPRESA DE TRANSPORTE PERALTA RAMOS SACI","LINEA_543_MDQ","NO","COLECTIVO","MUNICIPAL","BUENOS AIRES","GENERAL PUEYRREDON",4415,"SI"
2026-09-08,"AUTOBUSES BUENOS AIRES SRL","LINEA_548_BSAS","SI","COLECTIVO","MUNICIPAL","BUENOS AIRES","LOMAS DE ZAMORA",8079,"SI"
2026-09-08,"AUTOBUSES BUENOS AIRES SRL","LINEA_550_BSAS","SI","COLECTIVO","MUNICIPAL","BUENOS AIRES","LOMAS DE ZAMORA",13373,"SI"
2026-09-08,"AUTOBUSES BUENOS AIRES SRL","LINEA_551_BSAS","SI","COLECTIVO","MUNICIPAL","BUENOS AIRES","LOMAS DE ZAMORA",7759,"SI"
2026-09-08,"EMPRESA DE TRANSPORTE PERALTA RAMOS SACI","LINEA_551_MDQ","NO","COLECTIVO","MUNICIPAL","BUENOS AIRES","GENERAL PUEYRREDON",6908,"SI"
2026-09-08,"AUTOBUSES BUENOS AIRES SRL","LINEA_552_BSAS","SI","COLECTIVO","MUNICIPAL","BUENOS AIRES","LOMAS DE ZAMORA",14468,"SI"
2026-09-08,"EMPRESA DE TRANSPORTE PERALTA RAMOS SACI","LINEA_552_MDQ","NO","COLECTIVO","MUNICIPAL","BUENOS AIRES","GENERAL PUEYRREDON",8804,"SI"
2026-09-08,"AUTOBUSES BUENOS AIRES SRL","LINEA_553_BSAS","SI","COLECTIVO","MUNICIPAL","BUENOS AIRES","LOMAS DE ZAMORA",14348,"SI"
2026-09-08,"EMPRESA DE TRANSPORTE PERALTA RAMOS SACI","LINEA_553_MDQ","NO","COLECTIVO","MUNICIPAL","BUENOS AIRES","GENERAL PUEYRREDON",6259,"SI"
2026-09-08,"EMPRESA DE TRANSPORTE PERALTA RAMOS SACI","LINEA_554_MDQ","NO","COLECTIVO","MUNICIPAL","BUENOS AIRES","GENERAL PUEYRREDON",6892,"SI"
2026-09-08,"EMPRESA DE TRANSPORTE PERALTA RAMOS SACI","LINEA_555_MDQ","NO","COLECTIVO","MUNICIPAL","BUENOS AIRES","GENERAL PUEYRREDON",6701,"SI"
2026-09-08,"EMPRESA VALLECITO SRL","LINEA_560_SJUAN","NO","COLECTIVO","PROVINCIAL","SAN JUAN","SN",30,"SI"
2026-09-08,"EMPRESA DE TRANSPORTE 12 DE OCTUBRE S R L","LINEA_562_MDQ","NO","COLECTIVO","MUNICIPAL","BUENOS AIRES","GENERAL PUEYRREDON",13133,"SI"
2026-09-08,"EMPRESA DE TRANSPORTE 12 DE OCTUBRE S R L","LINEA_563_MDQ","NO","COLECTIVO","MUNICIPAL","BUENOS AIRES","GENERAL PUEYRREDON",9983,"SI"
2026-09-08,"EMPRESA DE TRANSPORTE PERALTA RAMOS SACI","LINEA_571_MDQ","NO","COLECTIVO","MUNICIPAL","BUENOS AIRES","GENERAL PUEYRREDON",13529,"SI"
2026-09-08,"EMPRESA DE TRANSPORTE PERALTA RAMOS SACI","LINEA_573_MDQ","NO","COLECTIVO","MUNICIPAL","BUENOS AIRES","GENERAL PUEYRREDON",8928,"SI"
2026-09-08,"EMPRESA DE TRANSPORTE PERALTA RAMOS SACI","LINEA_581_MDQ","NO","COLECTIVO","MUNICIPAL","BUENOS AIRES","GENERAL PUEYRREDON",5753,"SI"
2026-09-08,"EMPRESA DE TRANSPORTE PERALTA RAMOS SACI","LINEA_591_MDQ","NO","COLECTIVO","MUNICIPAL","BUENOS AIRES","GENERAL PUEYRREDON",7311,"SI"
2026-09-08,"EMPRESA DE TRANSPORTE PERALTA RAMOS SACI","LINEA_593_MDQ","NO","COLECTIVO","MUNICIPAL","BUENOS AIRES","GENERAL PUEYRREDON",3432,"SI"
2026-09-08,"EMPRESA KOKO S.R.L","LINEA_5_NQN","NO","COLECTIVO","MUNICIPAL","NEUQUÉN","NEUQUEN",1532,"SI"
2026-09-08,"TRANSPORTE SAN JOSE S.A.","LINEA_60","NO","COLECTIVO","PROVINCIAL","JUJUY","SN",416,"SI"
2026-09-08,"EMPRESA KOKO S.R.L","LINEA_6_NQN","NO","COLECTIVO","MUNICIPAL","NEUQUÉN","NEUQUEN",2314,"SI"
2026-09-08,"EMPRESA KOKO S.R.L","LINEA_7_NQN","NO","COLECTIVO","MUNICIPAL","NEUQUÉN","NEUQUEN",2575,"SI"
2026-09-08,"EMPRESA VALLECITO SRL","LINEA_801_SJUAN","NO","COLECTIVO","PROVINCIAL","SAN JUAN","SN",292,"SI"
2026-09-08,"EMPRESA VALLECITO SRL","LINEA_803_SJUAN","NO","COLECTIVO","PROVINCIAL","SAN JUAN","SN",31,"SI"
2026-09-08,"EMPRESA KOKO S.R.L","LINEA_8_NQN","NO","COLECTIVO","MUNICIPAL","NEUQUÉN","NEUQUEN",2756,"SI"
2026-09-08,"EMPR.TRANSP AUTOMOTOR DE PASAJEROS GRAL SAVIO SRL","LINEA_8H_PAL","NO","COLECTIVO","MUNICIPAL","JUJUY","PALPALA",451,"SI"
2026-09-08,"A T A C O NORTE S A C I","LINEA_902","NO","COLECTIVO","NACIONAL","JN","SD",4488,"SI"
2026-09-08,"EMPRESA DE TRANSPORTES FLUVIALES DEL LITORAL SA","LINEA_906","NO","COLECTIVO","NACIONAL","JN","SD",2008,"SI"
2026-09-08,"TRANSPORTE AUTOMOTOR DE PASAJEROS FIGUEROA S.A.","LINEA_91","NO","COLECTIVO","PROVINCIAL","JUJUY","SN",31,"SI"
2026-09-08,"AZUL S.A. DE TRANSPORTE AUTOMOTOR","LINEA_910_STAFE","NO","COLECTIVO","NACIONAL","JN","SD",12949,"SI"
2026-09-08,"AZUL S.A. DE TRANSPORTE AUTOMOTOR","LINEA_915_STAFE","NO","COLECTIVO","NACIONAL","JN","SD",750,"SI"
2026-09-08,"TRANSPORTE AUTOMOTOR DE PASAJEROS FIGUEROA S.A.","LINEA_92","NO","COLECTIVO","PROVINCIAL","JUJUY","SN",48,"SI"
2026-09-08,"EXPRESO TIGRE-IGUAZU SA","LINEA_9_NQN","NO","COLECTIVO","MUNICIPAL","NEUQUÉN","NEUQUEN",1698,"SI"
2026-09-08,"EMPR.TRANSP AUTOMOTOR DE PASAJEROS GRAL SAVIO SRL","LINEA_9I_PAL","NO","COLECTIVO","MUNICIPAL","JUJUY","PALPALA",253,"SI"
2026-09-08,"EMOVA MOVILIDAD S.A. (ex MTV)","LINEA_A","SI","SUBTE",,,,89784,"SI"
2026-09-08,"TRANSPORTE LIBERTADOR SRL","LINEA_A_SJUAN","NO","COLECTIVO","PROVINCIAL","SAN JUAN","SN",14827,"SI"
2026-09-08,"TRANSPUNTANO SAPEM","LINEA_A_SL","NO","COLECTIVO","MUNICIPAL","SAN LUIS","SAN LUIS",2037,"SI"
2026-09-08,"USHUAIA INTEGRAL SOCIEDAD DEL ESTADO","LINEA_A_USHUAIA","NO","COLECTIVO","MUNICIPAL","TIERRA DEL FUEGO","USHUAIA",4577,"SI"
2026-09-08,"COOPERATIVA DE TRABAJO CHOFERES DE COLECTIVOS Y MINIBUSES LIMITADA - C.C.M.","LINEA_AZUL","NO","COLECTIVO","MUNICIPAL","SANTA FE","RECONQUISTA",221,"SI"
2026-09-08,"EMOVA MOVILIDAD S.A. (ex MTV)","LINEA_B","SI","SUBTE",,,,100838,"SI"
2026-09-08,"U.T.E EMPRESA DE TRANSPORTE DE PASAJEROS LA MARINA SA- LA POSITIVA SA","LINEA_B_SJUAN","NO","COLECTIVO","PROVINCIAL","SAN JUAN","SN",7291,"SI"
2026-09-08,"USHUAIA INTEGRAL SOCIEDAD DEL ESTADO","LINEA_B_USHUAIA","NO","COLECTIVO","MUNICIPAL","TIERRA DEL FUEGO","USHUAIA",5541,"SI"
2026-09-08,"TRANSPUNTANO SAPEM","LINEA_BCG_SL","NO","COLECTIVO","MUNICIPAL","SAN LUIS","SAN LUIS",4109,"SI"
2026-09-08,"MICRO OMNIBUS PRIMERA JUNTA S.A","LINEA_BSAS_500","SI","COLECTIVO","MUNICIPAL","BUENOS AIRES","FLORENCIO VARELA",4977,"SI"
2026-09-08,"COMPAÑIA MICROOMNIBUS LA COLORADA SACI","LINEA_BSAS_503","SI","COLECTIVO","MUNICIPAL","BUENOS AIRES","FLORENCIO VARELA",12563,"SI"
2026-09-08,"COMPAÑIA MICROOMNIBUS LA COLORADA SACI","LINEA_BSAS_506","SI","COLECTIVO","MUNICIPAL","BUENOS AIRES","FLORENCIO VARELA",4859,"SI"
2026-09-08,"COMPAÑIA MICROOMNIBUS LA COLORADA SACI","LINEA_BSAS_508","SI","COLECTIVO","MUNICIPAL","BUENOS AIRES","FLORENCIO VARELA",4740,"SI"
2026-09-08,"MICRO OMNIBUS PRIMERA JUNTA S.A","LINEA_BSAS_509","SI","COLECTIVO","MUNICIPAL","BUENOS AIRES","FLORENCIO VARELA",5453,"SI"
2026-09-08,"CONTINENTAL T.P.A S.A","LINEA_C_SFE","NO","COLECTIVO","PROVINCIAL","SANTA FE","SN",22417,"SI"
2026-09-08,"EMPRESA MAYO SRL","LINEA_C_SJUAN","NO","COLECTIVO","PROVINCIAL","SAN JUAN","SN",2365,"SI"
2026-09-08,"USHUAIA INTEGRAL SOCIEDAD DEL ESTADO","LINEA_C_USHUAIA","NO","COLECTIVO","MUNICIPAL","TIERRA DEL FUEGO","USHUAIA",1202,"SI"
2026-09-08,"TRANSPORTE DE PASAJEROS ALTO DE SIERRA S.R.L.","LINEA_D_SJUAN","NO","COLECTIVO","PROVINCIAL","SAN JUAN","SN",8919,"SI"
2026-09-08,"TRANSPUNTANO SAPEM","LINEA_D_SL","NO","COLECTIVO","MUNICIPAL","SAN LUIS","SAN LUIS",7143,"SI"
2026-09-08,"USHUAIA INTEGRAL SOCIEDAD DEL ESTADO","LINEA_D_USHUAIA","NO","COLECTIVO","MUNICIPAL","TIERRA DEL FUEGO","USHUAIA",1688,"SI"
2026-09-08,"U.T.E EMPRESA DE TRANSPORTE DE PASAJEROS LA MARINA SA- LA POSITIVA SA","LINEA_E_SJUAN","NO","COLECTIVO","PROVINCIAL","SAN JUAN","SN",1718,"SI"
2026-09-08,"TRANSPUNTANO SAPEM","LINEA_E_SL","NO","COLECTIVO","MUNICIPAL","SAN LUIS","SAN LUIS",3145,"SI"
2026-09-08,"USHUAIA INTEGRAL SOCIEDAD DEL ESTADO","LINEA_E_USHUAIA","NO","COLECTIVO","MUNICIPAL","TIERRA DEL FUEGO","USHUAIA",377,"SI"
2026-09-08,"MOVI ROSARIO S.A.U","LINEA_ENLACE_AVELLANEDA_OESTE","NO","COLECTIVO","MUNICIPAL","SANTA FE","ROSARIO",399,"SI"
2026-09-08,"MOVI ROSARIO S.A.U","LINEA_ENLACE_NOROESTE","NO","COLECTIVO","MUNICIPAL","SANTA FE","ROSARIO",399,"SI"
2026-09-08,"MOVI ROSARIO S.A.U","LINEA_ENLACE_SANTA_LUCIA","NO","COLECTIVO","MUNICIPAL","SANTA FE","ROSARIO",256,"SI"
2026-09-08,"MOVI ROSARIO S.A.U","LINEA_ENLACE_URIBURU","NO","COLECTIVO","MUNICIPAL","SANTA FE","ROSARIO",121,"SI"
2026-09-08,"TRANSPUNTANO SAPEM","LINEA_F_SL","NO","COLECTIVO","MUNICIPAL","SAN LUIS","SAN LUIS",1575,"SI"
2026-09-08,"TRANSPUNTANO SAPEM","LINEA_H_SL","NO","COLECTIVO","MUNICIPAL","SAN LUIS","SAN LUIS",4533,"SI"
2026-09-08,"TRANSPUNTANO SAPEM","LINEA_I_SL","NO","COLECTIVO","MUNICIPAL","SAN LUIS","SAN LUIS",6762,"SI"
2026-09-08,"MOVI ROSARIO S.A.U","LINEA_K","NO","COLECTIVO","MUNICIPAL","SANTA FE","ROSARIO",8788,"SI"
2026-09-08,"TRANSPUNTANO SAPEM","LINEA_N_SL","NO","COLECTIVO","MUNICIPAL","SAN LUIS","SAN LUIS",2868,"SI"
2026-09-08,"TRANSPUNTANO SAPEM","LINEA_OK_SL","NO","COLECTIVO","MUNICIPAL","SAN LUIS","SAN LUIS",5071,"SI"
2026-09-08,"TRANSPUNTANO SAPEM","LINEA_P_SL","NO","COLECTIVO","MUNICIPAL","SAN LUIS","SAN LUIS",1410,"SI"
2026-09-08,"NAVARRO HNOS SRL","LINEA_R-C_CHA","NO","COLECTIVO","PROVINCIAL","CHACO","SN",9,"SI"
2026-09-08,"NAVARRO HNOS SRL","LINEA_R-P_CHA","NO","COLECTIVO","PROVINCIAL","CHACO","SN",360,"SI"
2026-09-08,"TRANSPUNTANO SAPEM","LINEA_R_SL","NO","COLECTIVO","MUNICIPAL","SAN LUIS","SAN LUIS",967,"SI"
2026-09-08,"COOPERATIVA DE TRABAJO CHOFERES DE COLECTIVOS Y MINIBUSES LIMITADA - C.C.M.","LINEA_ROJA","NO","COLECTIVO","MUNICIPAL","SANTA FE","RECONQUISTA",109,"SI"
2026-09-08,"MOVI ROSARIO S.A.U","LINEA_RONDA_CUR_SUR","NO","COLECTIVO","MUNICIPAL","SANTA FE","ROSARIO",428,"SI"
2026-09-08,"TRANSPUNTANO SAPEM","LINEA_T_SL","NO","COLECTIVO","MUNICIPAL","SAN LUIS","SAN LUIS",218,"SI"
2026-09-08,"U.T.E EMPRESA DE TRANSPORTE DE PASAJEROS LA MARINA SA- LA POSITIVA SA","LINEA_TEO_SJUAN","NO","COLECTIVO","PROVINCIAL","SAN JUAN","SN",16012,"SI"
2026-09-08,"TRANSPORTE DE PASAJEROS EL TRIUNFO SA","LINEA_TNS_SJUAN","NO","COLECTIVO","PROVINCIAL","SAN JUAN","SN",12278,"SI"
2026-09-08,"TRANSPUNTANO SAPEM","LINEA_U_SL","NO","COLECTIVO","MUNICIPAL","SAN LUIS","SAN LUIS",1273,"SI"
2026-09-08,"COOPERATIVA DE TRABAJO CHOFERES DE COLECTIVOS Y MINIBUSES LIMITADA - C.C.M.","LINEA_VERDE","NO","COLECTIVO","MUNICIPAL","SANTA FE","RECONQUISTA",225,"SI"
2026-09-08,"EMPRESA CEFERINO SOCIEDAD ANONIMA","Línea A","NO","COLECTIVO","MUNICIPAL","RÍO NEGRO","VIEDMA",594,"SI"
2026-09-08,"LA COMARCA SA","Línea D","NO","COLECTIVO","MUNICIPAL","RÍO NEGRO","VIEDMA",1012,"SI"
2026-09-08,"LA COMARCA SA","Línea E","NO","COLECTIVO","MUNICIPAL","RÍO NEGRO","VIEDMA",1451,"SI"
2026-09-08,"EMPRESA CEFERINO SOCIEDAD ANONIMA","Línea G","NO","COLECTIVO","MUNICIPAL","RÍO NEGRO","VIEDMA",319,"SI"
2026-09-08,"COOP. DE PROVISION DE SERVICIOS 1 DE SEPTIEMBRE LTDA","MOSCONI - LA RIVERA","NO","COLECTIVO","MUNICIPAL","RÍO NEGRO","GENERAL ROCA",593,"SI"
2026-09-08,"UNION PLATENSE SRL","NORTE MUNICIPAL","SI","COLECTIVO","MUNICIPAL","BUENOS AIRES","LA PLATA",8996,"SI"
2026-09-08,"EMP.TRANSP.FLUVIALES DEL LITORAL S.A.","PARANA - MARIA GRANDE","NO","COLECTIVO","PROVINCIAL","ENTRE RÍOS","SN",183,"SI"
2026-09-08,"EMP.TRANSP.FLUVIALES DEL LITORAL S.A.","PARANA - TABOSSI","NO","COLECTIVO","PROVINCIAL","ENTRE RÍOS","SN",183,"SI"
2026-09-08,"EMP.TRANSP.FLUVIALES DEL LITORAL S.A.","PARANA - VIALE","NO","COLECTIVO","PROVINCIAL","ENTRE RÍOS","SN",196,"SI"
2026-09-08,"COOP. DE PROVISION DE SERVICIOS 1 DE SEPTIEMBRE LTDA","PASO CORDOBA","NO","COLECTIVO","MUNICIPAL","RÍO NEGRO","GENERAL ROCA",211,"SI"
2026-09-08,"EMPRESA DE TTES. RAWSON S.R.L.","RAWSON - TRELEW","NO","COLECTIVO","PROVINCIAL","CHUBUT","SN",2324,"SI"
2026-09-08,"A T A C O NORTE S A C I","RES_COL_POP_Y _VIC","NO","COLECTIVO","PROVINCIAL","CHACO","SN",13,"SI"
2026-09-08,"A T A C O NORTE S A C I","RES_PUERTO_TIROL_Y VIC","NO","COLECTIVO","PROVINCIAL","CHACO","SN",1669,"SI"
2026-09-08,"CIA.DE TRANSPORTE BERMEJO S.R.L","RESISTENCIA-COL. BENITEZ-M. BELEN","NO","COLECTIVO","PROVINCIAL","CHACO","SN",1212,"SI"
2026-09-08,"AMERICA TRANSPORTE AUTOMOTOR S.R.L","SF022","NO","COLECTIVO","PROVINCIAL","SANTA FE","SN",278,"SI"
2026-09-08,"CONTINENTAL TRANSPORTE PÚBLICO AUTOMOTOR S.R.L","SF022","NO","COLECTIVO","PROVINCIAL","SANTA FE","SN",821,"SI"
2026-09-08,"EMPRESA  9 DE JULIO SRL","SF022","NO","COLECTIVO","PROVINCIAL","SANTA FE","SN",274,"SI"
2026-09-08,"AMERICA TRANSPORTE AUTOMOTOR S.R.L","SF037","NO","COLECTIVO","PROVINCIAL","SANTA FE","SN",140,"SI"
2026-09-08,"CONTINENTAL TRANSPORTE PÚBLICO AUTOMOTOR S.R.L","SF037","NO","COLECTIVO","PROVINCIAL","SANTA FE","SN",22,"SI"
2026-09-08,"EMPRESA  9 DE JULIO SRL","SF037","NO","COLECTIVO","PROVINCIAL","SANTA FE","SN",20,"SI"
2026-09-08,"INTERBUS S.R.L","SF113","NO","COLECTIVO","PROVINCIAL","SANTA FE","SN",779,"SI"
2026-09-08,"INTERBUS S.R.L","SF114","NO","COLECTIVO","PROVINCIAL","SANTA FE","SN",1277,"SI"
2026-09-08,"EMPRESA LAGUNA PAIVA S.R.L.","SF132","NO","COLECTIVO","PROVINCIAL","SANTA FE","SN",1877,"SI"
2026-09-08,"MONTE VERA S.R.L.","SF143 MONTE VERA - SANTA FE","NO","COLECTIVO","PROVINCIAL","SANTA FE","SN",2110,"SI"
2026-09-08,"TATA RAPIDO S.A.","SF210 ROSARIO - SAN GENARO","NO","COLECTIVO","PROVINCIAL","SANTA FE","SN",71,"SI"
2026-09-08,"AMERICA TRANSPORTE AUTOMOTOR S.R.L","SF212","NO","COLECTIVO","PROVINCIAL","SANTA FE","SN",1871,"SI"
2026-09-08,"CONTINENTAL TRANSPORTE PÚBLICO AUTOMOTOR S.R.L","SF212","NO","COLECTIVO","PROVINCIAL","SANTA FE","SN",198,"SI"
2026-09-08,"EMPRESA  9 DE JULIO SRL","SF212","NO","COLECTIVO","PROVINCIAL","SANTA FE","SN",1235,"SI"
2026-09-08,"AMERICA TRANSPORTE AUTOMOTOR S.R.L","SF214","NO","COLECTIVO","PROVINCIAL","SANTA FE","SN",3,"SI"
2026-09-08,"AMERICA TRANSPORTE AUTOMOTOR S.R.L","SF215","NO","COLECTIVO","PROVINCIAL","SANTA FE","SN",304,"SI"
2026-09-08,"TATA RAPIDO S.A.","SF229 ROSARIO - PUERTO GABOTO","NO","COLECTIVO","PROVINCIAL","SANTA FE","SN",53,"SI"
2026-09-08,"TATA RAPIDO S.A.","SF233 MACIEL - PUERTO GABOTO","NO","COLECTIVO","PROVINCIAL","SANTA FE","SN",11,"SI"
2026-09-08,"TATA RAPIDO S.A.","SF248 SERODINO-ROSARIO","NO","COLECTIVO","PROVINCIAL","SANTA FE","SN",117,"SI"
2026-09-08,"AMERICA TRANSPORTE AUTOMOTOR S.R.L","SF282","NO","COLECTIVO","PROVINCIAL","SANTA FE","SN",209,"SI"
2026-09-08,"CONTINENTAL TRANSPORTE PÚBLICO AUTOMOTOR S.R.L","SF282","NO","COLECTIVO","PROVINCIAL","SANTA FE","SN",216,"SI"
2026-09-08,"EMPRESA  9 DE JULIO SRL","SF282","NO","COLECTIVO","PROVINCIAL","SANTA FE","SN",325,"SI"
2026-09-08,"AMERICA TRANSPORTE AUTOMOTOR S.R.L","SF284","NO","COLECTIVO","PROVINCIAL","SANTA FE","SN",5000,"SI"
2026-09-08,"CONTINENTAL TRANSPORTE PÚBLICO AUTOMOTOR S.R.L","SF284","NO","COLECTIVO","PROVINCIAL","SANTA FE","SN",3958,"SI"
2026-09-08,"EMPRESA  9 DE JULIO SRL","SF284","NO","COLECTIVO","PROVINCIAL","SANTA FE","SN",4228,"SI"
2026-09-08,"AMERICA TRANSPORTE AUTOMOTOR S.R.L","SF287","NO","COLECTIVO","PROVINCIAL","SANTA FE","SN",944,"SI"
2026-09-08,"CONTINENTAL TRANSPORTE PÚBLICO AUTOMOTOR S.R.L","SF287","NO","COLECTIVO","PROVINCIAL","SANTA FE","SN",1616,"SI"
2026-09-08,"EMPRESA  9 DE JULIO SRL","SF287","NO","COLECTIVO","PROVINCIAL","SANTA FE","SN",1082,"SI"
2026-09-08,"AMERICA TRANSPORTE AUTOMOTOR S.R.L","SF288","NO","COLECTIVO","PROVINCIAL","SANTA FE","SN",965,"SI"
2026-09-08,"CONTINENTAL TRANSPORTE PÚBLICO AUTOMOTOR S.R.L","SF288","NO","COLECTIVO","PROVINCIAL","SANTA FE","SN",24,"SI"
2026-09-08,"EMPRESA  9 DE JULIO SRL","SF288","NO","COLECTIVO","PROVINCIAL","SANTA FE","SN",63,"SI"
2026-09-08,"AMERICA TRANSPORTE AUTOMOTOR S.R.L","SF292","NO","COLECTIVO","PROVINCIAL","SANTA FE","SN",22,"SI"
2026-09-08,"AMERICA TRANSPORTE AUTOMOTOR S.R.L","SF293","NO","COLECTIVO","PROVINCIAL","SANTA FE","SN",36,"SI"
2026-09-08,"AMERICA TRANSPORTE AUTOMOTOR S.R.L","SF304","NO","COLECTIVO","PROVINCIAL","SANTA FE","SN",1335,"SI"
2026-09-08,"CONTINENTAL TRANSPORTE PÚBLICO AUTOMOTOR S.R.L","SF304","NO","COLECTIVO","PROVINCIAL","SANTA FE","SN",1356,"SI"
2026-09-08,"EMPRESA  9 DE JULIO SRL","SF304","NO","COLECTIVO","PROVINCIAL","SANTA FE","SN",419,"SI"
2026-09-08,"AMERICA TRANSPORTE AUTOMOTOR S.R.L","SF312-1","NO","COLECTIVO","PROVINCIAL","SANTA FE","SN",1155,"SI"
2026-09-08,"CONTINENTAL TRANSPORTE PÚBLICO AUTOMOTOR S.R.L","SF312-1","NO","COLECTIVO","PROVINCIAL","SANTA FE","SN",67,"SI"
2026-09-08,"EMPRESA  9 DE JULIO SRL","SF312-1","NO","COLECTIVO","PROVINCIAL","SANTA FE","SN",18,"SI"
2026-09-08,"AMERICA TRANSPORTE AUTOMOTOR S.R.L","SF312","NO","COLECTIVO","PROVINCIAL","SANTA FE","SN",2951,"SI"
2026-09-08,"AMERICA TRANSPORTE AUTOMOTOR S.R.L","SF317","NO","COLECTIVO","PROVINCIAL","SANTA FE","SN",115,"SI"
2026-09-08,"CONTINENTAL TRANSPORTE PÚBLICO AUTOMOTOR S.R.L","SF317","NO","COLECTIVO","PROVINCIAL","SANTA FE","SN",125,"SI"
2026-09-08,"EMPRESA  9 DE JULIO SRL","SF317","NO","COLECTIVO","PROVINCIAL","SANTA FE","SN",207,"SI"
2026-09-08,"AMERICA TRANSPORTE AUTOMOTOR S.R.L","SF320-1","NO","COLECTIVO","PROVINCIAL","SANTA FE","SN",561,"SI"
2026-09-08,"CONTINENTAL TRANSPORTE PÚBLICO AUTOMOTOR S.R.L","SF320-1","NO","COLECTIVO","PROVINCIAL","SANTA FE","SN",258,"SI"
2026-09-08,"EMPRESA  9 DE JULIO SRL","SF320-1","NO","COLECTIVO","PROVINCIAL","SANTA FE","SN",510,"SI"
2026-09-08,"AMERICA TRANSPORTE AUTOMOTOR S.R.L","SF320","NO","COLECTIVO","PROVINCIAL","SANTA FE","SN",532,"SI"
2026-09-08,"CONTINENTAL TRANSPORTE PÚBLICO AUTOMOTOR S.R.L","SF320","NO","COLECTIVO","PROVINCIAL","SANTA FE","SN",463,"SI"
2026-09-08,"EMPRESA  9 DE JULIO SRL","SF320","NO","COLECTIVO","PROVINCIAL","SANTA FE","SN",376,"SI"
2026-09-08,"INTERBUS S.R.L","SF343","NO","COLECTIVO","PROVINCIAL","SANTA FE","SN",48,"SI"
2026-09-08,"TATA RAPIDO S.A.","SF355 RICARDONE - TOTORAS","NO","COLECTIVO","PROVINCIAL","SANTA FE","SN",241,"SI"
2026-09-08,"TATA RAPIDO S.A.","SF357 ROSARIO - CORONDA","NO","COLECTIVO","PROVINCIAL","SANTA FE","SN",54,"SI"
2026-09-08,"MUNICIPALIDAD DE PRESIDENCIA ROQUE SAENZ PENA","SiMTraPUP","NO","COLECTIVO","MUNICIPAL","CHACO","PRESIDENCIA ROQUE SAENZ PEÑA",522,"SI"
2026-09-08,"ETACER SRL","STAFE_SANTA FE_LINEA_907","NO","COLECTIVO","NACIONAL","JN","SD",2490,"SI"
2026-09-08,"COOP. DE PROVISION DE SERVICIOS 1 DE SEPTIEMBRE LTDA","STEFENELLI - LA COSTA","NO","COLECTIVO","MUNICIPAL","RÍO NEGRO","GENERAL ROCA",381,"SI"
2026-09-08,"PEHUENCHE SA","TA-02","NO","COLECTIVO","PROVINCIAL","NEUQUÉN","SN",1601,"SI"
2026-09-08,"PEHUENCHE SA","TA-15","NO","COLECTIVO","PROVINCIAL","NEUQUÉN","SN",185,"SI"
2026-09-08,"PEHUENCHE SA","TA-16","NO","COLECTIVO","PROVINCIAL","NEUQUÉN","SN",329,"SI"
2026-09-08,"PEHUENCHE SA","TA-21","NO","COLECTIVO","PROVINCIAL","NEUQUÉN","SN",78,"SI"
2026-09-08,"EXPRESO COLONIA SA","TD-02","NO","COLECTIVO","PROVINCIAL","NEUQUÉN","SN",725,"SI"
2026-09-08,"TRANSPORTE BAHIA S.R.L.","TRELEW - PUERTO RAWSON","NO","COLECTIVO","PROVINCIAL","CHUBUT","SN",1592,"SI"
