inventario	titulo_listado	fecha	autor	tipo	procedencia	condiciones_de_uso	nota	url_ficha	url_imagen
000000061-01	PUERTO DE OLIVOS Circa 1990	Circa 1990	Volpini, Oscar	Fotografía	Colección Oscar Volpini	El material no podrá ser comercializado ni reproducido	Esta fotografía captura una vista nocturna del puerto de Olivos durante la década de 1990. La construcción del puerto comenzó el 26 de octubre de 1921, tras la aprobación del proyecto mediante un decreto firmado el 1 de agosto de ese año, por el entonces presidente Hipólito Yrigoyen (mandato 12/10/1916-12/10/1922 y 12/10/1928-6/09/1930). Este plan recibió el respaldo del Intendente municipal Zorraquín, y las tierras necesarias fueron donadas por Matías Sturiza. El puerto incluía una escollera de defensa para el canal de acceso y un muelle destinado a las operaciones de las embarcaciones que realizaban el comercio de cabotaje entre las islas del Delta y el puerto de la Capital. La inauguración tuvo lugar un año después, el 7 de octubre de 1922, y contó con la presencia del ministro de Obras Públicas, Dr. Torello, junto al ex intendente del partido de Vicente López, Emilio Zorraquín, y otros funcionarios. Más tarde, en sus proximidades, se estableció un balneario con playas de acceso público. El 10 de julio de 1982, mediante un decreto gubernamental, la Administración General de Puertos transfirió la gestión del Puerto de Olivos a la Municipalidad de Vicente López, alineándose con la política nacional en la materia. Esto generó inquietud entre los trabajadores del sector arenero ante el proyecto de que el puerto cerrara para convertirse en un centro deportivo náutico, ya que la zona se utilizaba para la venta de arena y canto rodado.	https://www.vicentelopez.gov.ar/archivohistorico/ficha/000000061-01/puerto-de-olivos	http://www.vicentelopez.gov.ar/archivohistorico/storage/large_000000061-01.jpeg
000000070-01	BALNEARIO OLIVOS Circa década 1960	Circa década 1960	Anónimo	Fotografía	Colección Oscar Volpini	El material no podrá ser comercializado ni reproducido	Fotografía del bar y restaurante localizado en el Puerto de Olivos, hacia la década de 1960. Para esa época también funcionaba como balneario.	https://www.vicentelopez.gov.ar/archivohistorico/ficha/000000070-01/balneario-olivos	http://www.vicentelopez.gov.ar/archivohistorico/storage/large_000000070-01.jpeg
000000082-01	PLAYA DE OLIVOS. POSTAL Circa década 1930	Circa década 1930	Avanzi, E.	Fotografía	Colección Oscar Volpini	El material no podrá ser comercializado ni reproducido	Esta postal nos muestra la playa de Olivos en las orillas del Río de la Plata, en los primeros años de la década del treinta.	https://www.vicentelopez.gov.ar/archivohistorico/ficha/000000082-01/playa-de-olivos-postal	http://www.vicentelopez.gov.ar/archivohistorico/storage/large_000000082-01.jpeg
000000086-01	PLAYA DE OLIVOS Circa década 1930	Circa década 1930	Peuser	Fotografía	Colección Oscar Volpini	El material no podrá ser comercializado ni reproducido	Esta postal nos muestra la playa de Olivos en las orillas del Río de la Plata, hacia principios de la década de 1930.	https://www.vicentelopez.gov.ar/archivohistorico/ficha/000000086-01/playa-de-olivos	http://www.vicentelopez.gov.ar/archivohistorico/storage/large_000000086-01.jpeg
000000089-01	PUERTO DE OLIVOS Década 1980	Década 1980	Volpini, Oscar	Fotografía	Colección Oscar Volpini	El material no podrá ser comercializado ni reproducido	Esta imagen de la década de 1980 muestra la arenera del Puerto de Olivos. La construcción del puerto comenzó el 26 de octubre de 1921, tras la aprobación del proyecto mediante un decreto firmado el 1 de agosto de ese año, por el entonces presidente Hipólito Yrigoyen (mandato 12/10/1916-12/10/1922 y 12/10/1928-6/09/1930). Este plan recibió el respaldo del Intendente municipal Zorraquín, y las tierras necesarias fueron donadas por Matías Sturiza. El puerto incluía una escollera de defensa para el canal de acceso y un muelle destinado a las operaciones de las embarcaciones que realizaban el comercio de cabotaje entre las islas del Delta y el puerto de la Capital. La inauguración tuvo lugar un año después, el 7 de octubre de 1922, y contó con la presencia del ministro de Obras Públicas, Dr. Torello, junto al ex intendente del partido de Vicente López, Emilio Zorraquín, y otros funcionarios. Más tarde, en sus proximidades, se estableció un balneario con playas de acceso público. El 10 de julio de 1982, mediante un decreto gubernamental, la Administración General de Puertos transfirió la gestión del Puerto de Olivos a la Municipalidad de Vicente López, alineándose con la política nacional en la materia. Esto generó inquietud entre los trabajadores del sector arenero ante el proyecto de que el puerto cerrara para convertirse en un centro deportivo náutico, ya que la zona se utilizaba para la venta de arena y canto rodado.	https://www.vicentelopez.gov.ar/archivohistorico/ficha/000000089-01/puerto-de-olivos	http://www.vicentelopez.gov.ar/archivohistorico/storage/large_000000089-01.jpeg
000000090-01	PUERTO DE OLIVOS. ESCOLLERA SUR Década 1990	Década 1990	Volpini, Oscar	Fotografía	Colección Oscar Volpini	El material no podrá ser comercializado ni reproducido	Esta imagen de la década de 1990 nos muestra la escollera sur del Puerto de Olivos. La construcción del puerto comenzó el 26 de octubre de 1921, tras la aprobación del proyecto mediante un decreto firmado el 1 de agosto de ese año, por el entonces presidente Hipólito Yrigoyen (mandato 12/10/1916-12/10/1922 y 12/10/1928-6/09/1930). Este plan recibió el respaldo del Intendente municipal Zorraquín, y las tierras necesarias fueron donadas por Matías Sturiza. El puerto incluía una escollera de defensa para el canal de acceso y un muelle destinado a las operaciones de las embarcaciones que realizaban el comercio de cabotaje entre las islas del Delta y el puerto de la Capital. La inauguración tuvo lugar un año después, el 7 de octubre de 1922, y contó con la presencia del ministro de Obras Públicas, Dr. Torello, junto al ex intendente del partido de Vicente López, Emilio Zorraquín, y otros funcionarios. Más tarde, en sus proximidades, se estableció un balneario con playas de acceso público. El 10 de julio de 1982, mediante un decreto gubernamental, la Administración General de Puertos transfirió la gestión del Puerto de Olivos a la Municipalidad de Vicente López, alineándose con la política nacional en la materia. Esto generó inquietud entre los trabajadores del sector arenero ante el proyecto de que el puerto cerrara para convertirse en un centro deportivo náutico, ya que la zona se utilizaba para la venta de arena y canto rodado.	https://www.vicentelopez.gov.ar/archivohistorico/ficha/000000090-01/puerto-de-olivos-escollera-sur	http://www.vicentelopez.gov.ar/archivohistorico/storage/large_000000090-01.jpeg
000000091-01	PLAYA LA HOYA Década 1990	Década 1990	Volpini, Oscar	Fotografía	Colección Oscar Volpini	El material no podrá ser comercializado ni reproducido	Esta imagen de la década de 1990 nos muestra la playa La Hoya, ubicada en la localidad de Olivos.	https://www.vicentelopez.gov.ar/archivohistorico/ficha/000000091-01/playa-la-hoya	http://www.vicentelopez.gov.ar/archivohistorico/storage/large_000000091-01.jpeg
000000092-01	PLAYA LA HOYA Década 1990	Década 1990	Volpini, Oscar	Fotografía	Colección Oscar Volpini	El material no podrá ser comercializado ni reproducido	Esta imagen de la década de 1990 nos muestra la playa La Hoya, ubicada en la localidad de Olivos.	https://www.vicentelopez.gov.ar/archivohistorico/ficha/000000092-01/playa-la-hoya	http://www.vicentelopez.gov.ar/archivohistorico/storage/large_000000092-01.jpeg
000000093-01	PLAYA LA HOYA Circa década 1990	Circa década 1990	Volpini, Oscar	Fotografía	Colección Oscar Volpini	El material no podrá ser comercializado ni reproducido	Playa La Hoya durante la década de 1990 en Olivos, ubicada frente al Yacht Club Olivos.	https://www.vicentelopez.gov.ar/archivohistorico/ficha/000000093-01/playa-la-hoya	http://www.vicentelopez.gov.ar/archivohistorico/storage/large_000000093-01.jpeg
000000094-01	PLAYA PUNTA BIKINI Década 1980	Década 1980	Volpini, Oscar	Fotografía	Colección Oscar Volpini	El material no podrá ser comercializado ni reproducido	"Esta fotografía nos muestra la antigua playa Punta Bikini hacia la década de 1980. Se caracterizaba por la presencia de bancos de arena conocidos como ""bikinis"". Estos bancos de arena afloraban en la superficie, atrayendo a veleristas y visitantes que disfrutaban del día y tomaban sol en la zona. La playa se ubicaba en el balneario El Ancla de la calle Irigoyen."	https://www.vicentelopez.gov.ar/archivohistorico/ficha/000000094-01/playa-punta-bikini	http://www.vicentelopez.gov.ar/archivohistorico/storage/large_000000094-01.jpeg
000000095-01	COSTA DE VICENTE LÓPEZ Década 1990	Década 1990	Volpini, Oscar	Fotografía	Colección Oscar Volpini	El material no podrá ser comercializado ni reproducido	Esta imagen de la década de 1990 muestra la bajada de botes del Club de Pesca, Caza y Náutica Belgrano, actualmente ubicado en General José de San Martín 406, Vicente López.	https://www.vicentelopez.gov.ar/archivohistorico/ficha/000000095-01/costa-de-vicente-lopez	http://www.vicentelopez.gov.ar/archivohistorico/storage/large_000000095-01.jpeg
000000096-01	PLAYA LA LUCILA Década 1990	Década 1990	Volpini, Oscar	Fotografía	Colección Oscar Volpini	El material no podrá ser comercializado ni reproducido	La imagen captura una playa ubicada en el barrio La Lucila hacia la década de 1990. La misma estaba situada en las cercanías de la actual Reserva Ecológica, calle Paraná y el Río de la Plata.	https://www.vicentelopez.gov.ar/archivohistorico/ficha/000000096-01/playa-la-lucila	http://www.vicentelopez.gov.ar/archivohistorico/storage/large_000000096-01.jpeg
000000098-01	BALNEARIO LAS ESCALERITAS Circa década 1950	Circa década 1950	Anónimo	Fotografía	Colección Oscar Volpini	El material no podrá ser comercializado ni reproducido	Esta fotografía de la década de 1950 muestra el Balneario Las Escaleritas, ubicado en Olivos. Este famoso balneario ocupaba casi cuatro manzanas ribereñas, entre las calles Villate y Corrientes. Hasta mediados de los años 60, fue un destino popular para miles de vecinos que lo utilizaban para bañarse en el río y disfrutar de la playa.	https://www.vicentelopez.gov.ar/archivohistorico/ficha/000000098-01/balneario-las-escaleritas	http://www.vicentelopez.gov.ar/archivohistorico/storage/large_000000098-01.jpeg
000000110-01	YACHT CLUB OLIVOS Circa década 1950	Circa década 1950	Dirección Municipal de Turismo y Parques	Fotografía	Colección Héctor Luis Pezzimenti	El material no podrá ser comercializado ni reproducido	En esta postal coloreada, se muestra el imponente frente del Yacht Club Olivos. Fundado en 1927 por un grupo de entusiastas vecinos apasionados por la vela, el Yacht Club Olivos ha sido un referente en la comunidad de Vicente López y la zona norte. Desde sus inicios, se ha dedicado a acercar el mundo del yachting a la juventud. En menos de un año desde su fundación, el club ya contaba con su propia sede, ubicada en la escollera sur del Puerto de Olivos, así como su propia flota de embarcaciones.	https://www.vicentelopez.gov.ar/archivohistorico/ficha/000000110-01/yacht-club-olivos	http://www.vicentelopez.gov.ar/archivohistorico/storage/large_000000110-01.jpeg
000000112-01	PUERTO DE OLIVOS Año 1935	Año 1935	Foto Espigón	Fotografía	Colección Héctor Luis Pezzimenti	El material no podrá ser comercializado ni reproducido	Esta fotografía del año 1935 retrata a una familia que se encuentra realizando una visita en el puerto y balneario de Olivos. La construcción del puerto comenzó el 26 de octubre de 1921, tras la aprobación del proyecto mediante un decreto firmado el 1 de agosto de ese año, por el entonces presidente Hipólito Yrigoyen (mandato 12/10/1916-12/10/1922 y 12/10/1928-6/09/1930). Este plan recibió el respaldo del Intendente municipal Zorraquín, y las tierras necesarias fueron donadas por Matías Sturiza. El puerto incluía una escollera de defensa para el canal de acceso y un muelle destinado a las operaciones de las embarcaciones que realizaban el comercio de cabotaje entre las islas del Delta y el puerto de la Capital. La inauguración tuvo lugar un año después, el 7 de octubre de 1922, y contó con la presencia del ministro de Obras Públicas, Dr. Torello, junto al ex intendente del partido de Vicente López, Emilio Zorraquín, y otros funcionarios. Más tarde, en sus proximidades, se estableció un balneario con playas de acceso público. El 10 de julio de 1982, mediante un decreto gubernamental, la Administración General de Puertos transfirió la gestión del Puerto de Olivos a la Municipalidad de Vicente López, alineándose con la política nacional en la materia. Esto generó inquietud entre los trabajadores del sector arenero ante el proyecto de que el puerto cerrara para convertirse en un centro deportivo náutico, ya que la zona se utilizaba para la venta de arena y canto rodado.	https://www.vicentelopez.gov.ar/archivohistorico/ficha/000000112-01/puerto-de-olivos	http://www.vicentelopez.gov.ar/archivohistorico/storage/large_000000112-01.jpeg
000000113-01	PLAYAS DE OLIVOS 7 de febrero de 1937	7 de febrero de 1937	Anónimo	Fotografía	Colección Héctor Luis Pezzimenti	El material no podrá ser comercializado ni reproducido	En esta fotografía fechada el 7 de febrero de 1937, se aprecia la vista de una playa de Olivos con la escollera sur del Puerto de Olivos, de fondo. La construcción del puerto comenzó el 26 de octubre de 1921, tras la aprobación del proyecto mediante un decreto firmado el 1 de agosto de ese año, por el entonces presidente Hipólito Yrigoyen (mandato 12/10/1916-12/10/1922 y 12/10/1928-6/09/1930). Este plan recibió el respaldo del Intendente municipal Zorraquín, y las tierras necesarias fueron donadas por Matías Sturiza. El puerto incluía una escollera de defensa para el canal de acceso y un muelle destinado a las operaciones de las embarcaciones que realizaban el comercio de cabotaje entre las islas del Delta y el puerto de la Capital. La inauguración tuvo lugar un año después, el 7 de octubre de 1922, y contó con la presencia del ministro de Obras Públicas, Dr. Torello, junto al ex intendente del partido de Vicente López, Emilio Zorraquín, y otros funcionarios. Más tarde, en sus proximidades, se estableció un balneario con playas de acceso público. El 10 de julio de 1982, mediante un decreto gubernamental, la Administración General de Puertos transfirió la gestión del Puerto de Olivos a la Municipalidad de Vicente López, alineándose con la política nacional en la materia. Esto generó inquietud entre los trabajadores del sector arenero ante el proyecto de que el puerto cerrara para convertirse en un centro deportivo náutico, ya que la zona se utilizaba para la venta de arena y canto rodado.	https://www.vicentelopez.gov.ar/archivohistorico/ficha/000000113-01/playas-de-olivos	http://www.vicentelopez.gov.ar/archivohistorico/storage/large_000000113-01.jpeg
000000115-01	BALNEARIO LAS ESCALERITAS Año 1947	Año 1947	Anónimo	Fotografía	Colección Héctor Luis Pezzimenti	El material no podrá ser comercializado ni reproducido	Esta fotografía de 1947, muestra a una familia disfrutando de su día libre en el balneario Las Escaleritas. Desde comienzos de los años veinte y hasta la década de los ochenta inclusive, Vicente López fue una ciudad balnearia con asidua asistencia tanto de vecinos como personas que venían de otras localidades.	https://www.vicentelopez.gov.ar/archivohistorico/ficha/000000115-01/balneario-las-escaleritas	http://www.vicentelopez.gov.ar/archivohistorico/storage/large_000000115-01.jpeg
000000116-01	PUERTO DE OLIVOS. GRÚAS ARENERAS Circa década 1940	Circa década 1940	Anónimo	Fotografía	Colección Héctor Luis Pezzimenti	El material no podrá ser comercializado ni reproducido	Esta imagen muestra la actividad de una grúa arenera en el Puerto de Olivos. La construcción del puerto comenzó el 26 de octubre de 1921, tras la aprobación del proyecto mediante un decreto firmado el 1 de agosto de ese año, por el entonces presidente Hipólito Yrigoyen (mandato 12/10/1916-12/10/1922 y 12/10/1928-6/09/1930). Este plan recibió el respaldo del Intendente municipal Zorraquín, y las tierras necesarias fueron donadas por Matías Sturiza. El puerto incluía una escollera de defensa para el canal de acceso y un muelle destinado a las operaciones de las embarcaciones que realizaban el comercio de cabotaje entre las islas del Delta y el puerto de la Capital. La inauguración tuvo lugar un año después, el 7 de octubre de 1922, y contó con la presencia del ministro de Obras Públicas, Dr. Torello, junto al ex intendente del partido de Vicente López, Emilio Zorraquín, y otros funcionarios. Más tarde, en sus proximidades, se estableció un balneario con playas de acceso público. El 10 de julio de 1982, mediante un decreto gubernamental, la Administración General de Puertos transfirió la gestión del Puerto de Olivos a la Municipalidad de Vicente López, alineándose con la política nacional en la materia. Esto generó inquietud entre los trabajadores del sector arenero ante el proyecto de que el puerto cerrara para convertirse en un centro deportivo náutico, ya que la zona se utilizaba para la venta de arena y canto rodado.	https://www.vicentelopez.gov.ar/archivohistorico/ficha/000000116-01/puerto-de-olivos-gruas-areneras	http://www.vicentelopez.gov.ar/archivohistorico/storage/large_000000116-01.jpeg
000000117-01	PLAYAS DE OLIVOS Circa década 1940	Circa década 1940	Anónimo	Fotografía	Colección Héctor Luis Pezzimenti	El material no podrá ser comercializado ni reproducido	En esta imagen, de principios de los años cuarenta, una mujer posa en una playa de Olivos. A sus espaldas, se vislumbran las instalaciones y el entorno característico de este lugar a orillas del río. Desde comienzos de los años veinte y hasta la década de los ochenta inclusive, Vicente López fue una ciudad balnearia con asidua asistencia tanto de vecinos como personas que venían de otras localidades.	https://www.vicentelopez.gov.ar/archivohistorico/ficha/000000117-01/playas-de-olivos	http://www.vicentelopez.gov.ar/archivohistorico/storage/large_000000117-01.jpeg
000000118-01	PLAYAS DE OLIVOS Circa década 1940	Circa década 1940	Anónimo	Fotografía	Colección Héctor Luis Pezzimenti	El material no podrá ser comercializado ni reproducido	En esta escena, de principios de los años cuarenta, un grupo de hombres y mujeres se reúne para bailar en una de las playas de Olivos, Vicente López. Desde comienzos de los años veinte y hasta la década de los ochenta inclusive, Vicente López fue una ciudad balnearia con asidua asistencia tanto de vecinos como personas que venían de otras localidades.	https://www.vicentelopez.gov.ar/archivohistorico/ficha/000000118-01/playas-de-olivos	http://www.vicentelopez.gov.ar/archivohistorico/storage/large_000000118-01.jpeg
000000121-01	BALNEARIO EL ANCLA Año 1959	Año 1959	Anónimo	Fotografía	Colección Héctor Luis Pezzimenti	El material no podrá ser comercializado ni reproducido	Esta postal coloreada del año 1959 retrata el balneario El Ancla, que se encontraba ubicado entre las calles Emilio Parravicini, hoy Hipólito Irigoyen, y la calle Italia. Anteriormente llamado Los Ángeles, el balneario contaba con un salón, pista de baile, vestuarios y una piscina de 1.000.000 litros de agua de un pozo.	https://www.vicentelopez.gov.ar/archivohistorico/ficha/000000121-01/balneario-el-ancla	http://www.vicentelopez.gov.ar/archivohistorico/storage/large_000000121-01.jpeg
000000122-01	COSTA DE VICENTE LÓPEZ Circa 1928	Circa 1928	Anónimo	Fotografía	Colección Héctor Luis Pezzimenti	El material no podrá ser comercializado ni reproducido	Vecinos disfrutando de la costa de Vicente López durante el año 1928. Desde comienzos de los años veinte y hasta la década de los ochenta inclusive, Vicente López fue una ciudad balnearia con asidua asistencia tanto de vecinos como personas que venían de otras localidades.	https://www.vicentelopez.gov.ar/archivohistorico/ficha/000000122-01/costa-de-vicente-lopez	http://www.vicentelopez.gov.ar/archivohistorico/storage/large_000000122-01.jpeg
000000291-01	PLAYAS DE VICENTE LÓPEZ Año 1952	Año 1952	Anónimo	Fotografía	Archivo Periódico El Martelliano	El material no podrá ser comercializado ni reproducido	Foto de Dora, Rosa y Fernando Gradícola en las playas de Vicente López, a la altura de las barrancas de la calle Vergara, en el año 1952.	https://www.vicentelopez.gov.ar/archivohistorico/ficha/000000291-01/playas-de-vicente-lopez	http://www.vicentelopez.gov.ar/archivohistorico/storage/large_000000291-01.jpeg
000000314-01	YACHT CLUB OLIVOS Circa década 1930	Circa década 1930	Anónimo	Fotografía	Archivo General de la Nación	El material no podrá ser comercializado ni reproducido	Vista parcial del hall del Yacht Club Olivos. El club, localizado en la calle Juan B. Alberdi, fue fundado en 1927, por un grupo de jóvenes apasionados por la vela. Su primer Comodoro fue Carlos Collet.	https://www.vicentelopez.gov.ar/archivohistorico/ficha/000000314-01/yacht-club-olivos	http://www.vicentelopez.gov.ar/archivohistorico/storage/large_000000314-01.jpeg
000000315-01	YACHT CLUB OLIVOS Circa década 1930	Circa década 1930	Anónimo	Fotografía	Archivo General de la Nación	El material no podrá ser comercializado ni reproducido	Frente del edificio del Olivos Yacht Club. El club, localizado hoy en la calle Juan B. Alberdi, fue fundado en 1927, por un grupo de jóvenes apasionados por la vela. Su primer Comodoro fue Carlos Collet.	https://www.vicentelopez.gov.ar/archivohistorico/ficha/000000315-01/yacht-club-olivos	http://www.vicentelopez.gov.ar/archivohistorico/storage/large_000000315-01.jpeg
000000316-01	YACHT CLUB OLIVOS Circa década 1930	Circa década 1930	Anónimo	Fotografía	Archivo General de la Nación	El material no podrá ser comercializado ni reproducido	Vista exterior del Yacht Club Olivos. El club, ubicado en la calle Juan Bautista Alberdi 415, fue fundado en el año 1927, por un grupo de vecinos amantes de la vela. Su primer Comodoro fue Carlos Collet.	https://www.vicentelopez.gov.ar/archivohistorico/ficha/000000316-01/yacht-club-olivos	http://www.vicentelopez.gov.ar/archivohistorico/storage/large_000000316-01.jpeg
000000317-01	YACHT CLUB OLIVOS Circa Década 1930	Circa Década 1930	Anónimo	Fotografía	Archivo General de la Nación	El material no podrá ser comercializado ni reproducido	Bar del Olivos Yacht Club. El Club, ubicado en la calle Juan Bautista Alberdi 415, fue fundado en el año 1927 por un grupo de vecinos amantes de la vela. Su primer Comodoro fue Carlos Collet.	https://www.vicentelopez.gov.ar/archivohistorico/ficha/000000317-01/yacht-club-olivos	http://www.vicentelopez.gov.ar/archivohistorico/storage/large_000000317-01.jpeg
000000319-01	YACHT CLUB OLIVOS Circa década 1930	Circa década 1930	Anónimo	Fotografía	Archivo General de la Nación	El material no podrá ser comercializado ni reproducido	Salón comedor del Yacht Club Olivos. El Club, ubicado hoy en la calle Juan Bautista Alberdi 451, fue fundado en el año 1927 por iniciativa de un grupo de vecinos amantes de la vela. Su primer Comodoro fue Carlos Collet.	https://www.vicentelopez.gov.ar/archivohistorico/ficha/000000319-01/yacht-club-olivos	http://www.vicentelopez.gov.ar/archivohistorico/storage/large_000000319-01.jpeg
000000320-01	YACHT CLUB OLIVOS Circa década 1930	Circa década 1930	Anónimo	Fotografía	Archivo General de la Nación	El material no podrá ser comercializado ni reproducido	Salón comedor del Yact Club Olivos. El Club, ubicado hoy en la calle Juan Bautista Alberdi 415, fue fundado en el año 1927 por iniciativa de un grupo de vecinos amantes de la vela. Su primer comodoro fue Carlos Collet.	https://www.vicentelopez.gov.ar/archivohistorico/ficha/000000320-01/yacht-club-olivos	http://www.vicentelopez.gov.ar/archivohistorico/storage/large_000000320-01.jpeg
000000377-01	REGATAS EN EL RÍO DE LA PLATA Año 1890	Año 1890	Sociedad Argentina de Fotógrafos Aficionados	Fotografía	Archivo General de la Nación	El material no podrá ser comercializado ni reproducido	Regatas en la costa norte del río a fines del siglo XIX. Las costas de Vicente López, tiempo después, en los años veinte del siglo XX, fueron elegidas para desarrollar actividades deportivas náuticas. Así surgieron los primeros clubes que se especializaban en estas prácticas como el Yacht Club Olivos.	https://www.vicentelopez.gov.ar/archivohistorico/ficha/000000377-01/regatas-en-el-rio-de-la-plata	http://www.vicentelopez.gov.ar/archivohistorico/storage/large_000000377-01.jpeg
000000378-01	REGATAS EN EL RÍO DE LA PLATA Año 1890	Año 1890	Sociedad Argentina de Fotógrafos Aficionados	Fotografía	Archivo General de la Nación	El material no podrá ser comercializado ni reproducido	Regatas en la costa norte del río a fines del siglo XIX. Las costas de Vicente López, tiempo después, en los años veinte del siglo XX, fueron elegidas para desarrollar actividades deportivas náuticas. Así surgieron los primeros clubes que se especializaban en estas prácticas como el Yacht Club Olivos.	https://www.vicentelopez.gov.ar/archivohistorico/ficha/000000378-01/regatas-en-el-rio-de-la-plata	http://www.vicentelopez.gov.ar/archivohistorico/storage/large_000000378-01.jpeg
000000379-01	REGATAS EN EL RÍO DE LA PLATA Año 1890	Año 1890	Sociedad Argentina de Fotógrafos Aficionados	Fotografía	Archivo General de la Nación	El material no podrá ser comercializado ni reproducido	Regatas en la costa norte del río a fines del siglo XIX. Las costas de Vicente López, tiempo después, en los años veinte del siglo XX, fueron elegidas para desarrollar actividades deportivas náuticas. Así surgieron los primeros clubes que se especializaban en estas prácticas como el Yacht Club Olivos.	https://www.vicentelopez.gov.ar/archivohistorico/ficha/000000379-01/regatas-en-el-rio-de-la-plata	http://www.vicentelopez.gov.ar/archivohistorico/storage/large_000000379-01.jpeg
000000380-01	REGATAS EN EL RÍO DE LA PLATA Año 1890	Año 1890	Sociedad Argentina de Fotógrafos Aficionados	Fotografía	Archivo General de la Nación	El material no podrá ser comercializado ni reproducido	Regatas en la costa norte del río a fines del siglo XIX. Las costas de Vicente López, tiempo después, en los años veinte del siglo XX, fueron elegidas para desarrollar actividades deportivas náuticas. Así surgieron los primeros clubes que se especializaban en estas prácticas como el Yacht Club Olivos.	https://www.vicentelopez.gov.ar/archivohistorico/ficha/000000380-01/regatas-en-el-rio-de-la-plata	http://www.vicentelopez.gov.ar/archivohistorico/storage/large_000000380-01.jpeg
000000402-01	PUERTO DE OLIVOS. INAUGURACIÓN 7 de octubre de 1922	7 de octubre de 1922	Caras y Caretas	Fotografía	Archivo General de la Nación	El material no podrá ser comercializado ni reproducido	La construcción del puerto comenzó el 26 de octubre de 1921, tras la aprobación del proyecto mediante un decreto firmado el 1 de agosto de ese año, por el entonces presidente Hipólito Yrigoyen (mandato 12/10/1916-12/10/1922 y 12/10/1928-6/09/1930). Este plan recibió el respaldo del Intendente municipal Zorraquín, y las tierras necesarias fueron donadas por Matías Sturiza. El puerto incluía una escollera de defensa para el canal de acceso y un muelle destinado a las operaciones de las embarcaciones que realizaban el comercio de cabotaje entre las islas del Delta y el puerto de la Capital. La inauguración tuvo lugar un año después, el 7 de octubre de 1922, y contó con la presencia del ministro de Obras Públicas, Dr. Torello, junto al ex intendente del partido de Vicente López, Emilio Zorraquín, y otros funcionarios. Más tarde, en sus proximidades, se estableció un balneario con playas de acceso público. El 10 de julio de 1982, mediante un decreto gubernamental, la Administración General de Puertos transfirió la gestión del Puerto de Olivos a la Municipalidad de Vicente López, alineándose con la política nacional en la materia. Esto generó inquietud entre los trabajadores del sector arenero ante el proyecto de que el puerto cerrara para convertirse en un centro deportivo náutico, ya que la zona se utilizaba para la venta de arena y canto rodado.	https://www.vicentelopez.gov.ar/archivohistorico/ficha/000000402-01/puerto-de-olivos-inauguracion	http://www.vicentelopez.gov.ar/archivohistorico/storage/large_000000402-01.jpeg
000000403-01	PUERTO DE OLIVOS. INAUGURACIÓN 7 de octubre de 1922	7 de octubre de 1922	Caras y Caretas	Fotografía	Archivo General de la Nación	El material podrá ser utilizado con fines investigativos	Durante la inauguración de la escollera del puerto de Olivos en 1922, Emilio Zorraquín, presidente de la Comisión de Vecinos y ex intendente municipal de Vicente López (mandato 24/3/1920 - 31/12/1921), pronunció su discurso. La construcción del puerto comenzó el 26 de octubre de 1921, tras la aprobación del proyecto mediante un decreto firmado el 1 de agosto de ese año, por el entonces presidente Hipólito Yrigoyen (mandato 12/10/1916-12/10/1922 y 12/10/1928-6/09/1930). Este plan recibió el respaldo del Intendente municipal Zorraquín, y las tierras necesarias fueron donadas por Matías Sturiza. El puerto incluía una escollera de defensa para el canal de acceso y un muelle destinado a las operaciones de las embarcaciones que realizaban el comercio de cabotaje entre las islas del Delta y el puerto de la Capital. La inauguración tuvo lugar un año después, el 7 de octubre de 1922, y contó con la presencia del ministro de Obras Públicas, Dr. Torello, junto al ex intendente del partido de Vicente López, Emilio Zorraquín, y otros funcionarios. Más tarde, en sus proximidades, se estableció un balneario con playas de acceso público. El 10 de julio de 1982, mediante un decreto gubernamental, la Administración General de Puertos transfirió la gestión del Puerto de Olivos a la Municipalidad de Vicente López, alineándose con la política nacional en la materia. Esto generó inquietud entre los trabajadores del sector arenero ante el proyecto de que el puerto cerrara para convertirse en un centro deportivo náutico, ya que la zona se utilizaba para la venta de arena y canto rodado.	https://www.vicentelopez.gov.ar/archivohistorico/ficha/000000403-01/puerto-de-olivos-inauguracion	http://www.vicentelopez.gov.ar/archivohistorico/storage/large_000000403-01.jpeg
000000409-01	PUERTO DE OLIVOS 2 de enero de 1933	2 de enero de 1933	Anónimo	Fotografía	Archivo General de la Nación	El material no podrá ser comercializado ni reproducido	Destrozos producidos en el murallón del río en el puerto de Olivos durante las inundaciones. La construcción del puerto comenzó el 26 de octubre de 1921, tras la aprobación del proyecto mediante un decreto firmado el 1 de agosto de ese año, por el entonces presidente Hipólito Yrigoyen (mandato 12/10/1916-12/10/1922 y 12/10/1928-6/09/1930). Este plan recibió el respaldo del Intendente municipal Zorraquín, y las tierras necesarias fueron donadas por Matías Sturiza. El puerto incluía una escollera de defensa para el canal de acceso y un muelle destinado a las operaciones de las embarcaciones que realizaban el comercio de cabotaje entre las islas del Delta y el puerto de la Capital. La inauguración tuvo lugar un año después, el 7 de octubre de 1922, y contó con la presencia del ministro de Obras Públicas, Dr. Torello, junto al ex intendente del partido de Vicente López, Emilio Zorraquín, y otros funcionarios. Más tarde, en sus proximidades, se estableció un balneario con playas de acceso público. El 10 de julio de 1982, mediante un decreto gubernamental, la Administración General de Puertos transfirió la gestión del Puerto de Olivos a la Municipalidad de Vicente López, alineándose con la política nacional en la materia. Esto generó inquietud entre los trabajadores del sector arenero ante el proyecto de que el puerto cerrara para convertirse en un centro deportivo náutico, ya que la zona se utilizaba para la venta de arena y canto rodado.	https://www.vicentelopez.gov.ar/archivohistorico/ficha/000000409-01/puerto-de-olivos	http://www.vicentelopez.gov.ar/archivohistorico/storage/large_000000409-01.jpeg
000000410-01	PUERTO DE OLIVOS 28 de julio de 1958	28 de julio de 1958	Noticias Gráficas	Fotografía	Archivo General de la Nación	El material no podrá ser comercializado ni reproducido	El fuerte viento que castigó a Olivos durante la mañana del 28 de julio de 1958, provocó el hundimiento de un bar flotante.	https://www.vicentelopez.gov.ar/archivohistorico/ficha/000000410-01/puerto-de-olivos	http://www.vicentelopez.gov.ar/archivohistorico/storage/large_000000410-01.jpeg
000000411-01	PUERTO DE OLIVOS 30 de julio de 1958	30 de julio de 1958	Noticias Gráficas	Fotografía	Archivo General de la Nación	El material no podrá ser comercializado ni reproducido	Chata arenera semihundida y el pavimento del muelle removido como consecuencias del temporal sucedido durante el mes de julio de 1958.	https://www.vicentelopez.gov.ar/archivohistorico/ficha/000000411-01/puerto-de-olivos	http://www.vicentelopez.gov.ar/archivohistorico/storage/large_000000411-01.jpeg
000000412-01	PUERTO DE OLIVOS 20 de enero de 1937	20 de enero de 1937	Noticias Gráficas	Fotografía	Archivo General de la Nación	El material no podrá ser comercializado ni reproducido	Bañistas que se albergaban en una carpa fueron sorprendidos por la crecida de las aguas que se llevó un baúl con sus enseres. Año 1937.	https://www.vicentelopez.gov.ar/archivohistorico/ficha/000000412-01/puerto-de-olivos	http://www.vicentelopez.gov.ar/archivohistorico/storage/large_000000412-01.jpeg
000000413-01	INUNDACIÓN EN OLIVOS 9 de octubre de 1959	9 de octubre de 1959	Noticias Gráficas	Fotografía	Archivo General de la Nación	El material no podrá ser comercializado ni reproducido	Esta fotografía muestra calles desbordadas en las cercanías del puerto de Olivos durante el temporal del año 1959.	https://www.vicentelopez.gov.ar/archivohistorico/ficha/000000413-01/inundacion-en-olivos	http://www.vicentelopez.gov.ar/archivohistorico/storage/large_000000413-01.jpeg
000000466-01	PUERTO DE OLIVOS Año 1928	Año 1928	Anónimo	Fotografía	Archivo General de la Nación	El material no podrá ser comercializado ni reproducido	Fotografía del Puerto de Olivos en donde puede verse su Escollera Sur. La construcción del puerto comenzó el 26 de octubre de 1921, tras la aprobación del proyecto mediante un decreto firmado el 1 de agosto de ese año, por el entonces presidente Hipólito Yrigoyen. Este plan recibió el respaldo del Intendente municipal Zorraquín, y las tierras necesarias fueron donadas por Matías Sturiza. El puerto incluía una escollera de defensa para el canal de acceso y un muelle destinado a las operaciones de las embarcaciones que realizaban el comercio de cabotaje entre las islas del Delta y el puerto de la Capital. La inauguración tuvo lugar un año después, el 7 de octubre de 1922, y contó con la presencia del ministro de Obras Públicas, Dr. Torello, junto al ex intendente del partido de Vicente López, Emilio Zorraquín, y otros funcionarios. Más tarde, en sus proximidades, se estableció un balneario con playas de acceso público. El 10 de julio de 1982, mediante un decreto gubernamental, la Administración General de Puertos transfirió la gestión del Puerto de Olivos a la Municipalidad de Vicente López, alineándose con la política nacional en la materia. Esto generó inquietud entre los trabajadores del sector arenero ante el proyecto de que el puerto cerrara para convertirse en un centro deportivo náutico, ya que la zona se utilizaba para la venta de arena y canto rodado.	https://www.vicentelopez.gov.ar/archivohistorico/ficha/000000466-01/puerto-de-olivos	http://www.vicentelopez.gov.ar/archivohistorico/storage/large_000000466-01.jpeg
000000467-01	PUERTO DE OLIVOS Circa 1930	Circa 1930	Ministerio de Obras Públicas	Fotografía	Archivo General de la Nación	El material no podrá ser comercializado ni reproducido	Vista panorámica del Puerto de Olivos. La construcción del puerto comenzó el 26 de octubre de 1921, tras la aprobación del proyecto mediante un decreto firmado el 1 de agosto de ese año, por el entonces presidente Hipólito Yrigoyen (mandato 12/10/1916-12/10/1922 y 12/10/1928-6/09/1930). Este plan recibió el respaldo del Intendente municipal Zorraquín, y las tierras necesarias fueron donadas por Matías Sturiza. El puerto incluía una escollera de defensa para el canal de acceso y un muelle destinado a las operaciones de las embarcaciones que realizaban el comercio de cabotaje entre las islas del Delta y el puerto de la Capital. La inauguración tuvo lugar un año después, el 7 de octubre de 1922, y contó con la presencia del ministro de Obras Públicas, Dr. Torello, junto al ex intendente del partido de Vicente López, Emilio Zorraquín, y otros funcionarios. Más tarde, en sus proximidades, se estableció un balneario con playas de acceso público. El 10 de julio de 1982, mediante un decreto gubernamental, la Administración General de Puertos transfirió la gestión del Puerto de Olivos a la Municipalidad de Vicente López, alineándose con la política nacional en la materia. Esto generó inquietud entre los trabajadores del sector arenero ante el proyecto de que el puerto cerrara para convertirse en un centro deportivo náutico, ya que la zona se utilizaba para la venta de arena y canto rodado.	https://www.vicentelopez.gov.ar/archivohistorico/ficha/000000467-01/puerto-de-olivos	http://www.vicentelopez.gov.ar/archivohistorico/storage/large_000000467-01.jpeg
000000468-01	PUERTO DE OLIVOS Circa 1930	Circa 1930	Ministerio de Obras Públicas	Fotografía	Archivo General de la Nación	El material no podrá ser comercializado ni reproducido	Vista panorámica del Puerto de Olivos. La construcción del puerto comenzó el 26 de octubre de 1921, tras la aprobación del proyecto mediante un decreto firmado el 1 de agosto de ese año, por el entonces presidente Hipólito Yrigoyen. Este plan recibió el respaldo del Intendente municipal Zorraquín, y las tierras necesarias fueron donadas por Matías Sturiza. El puerto incluía una escollera de defensa para el canal de acceso y un muelle destinado a las operaciones de las embarcaciones que realizaban el comercio de cabotaje entre las islas del Delta y el puerto de la Capital. La inauguración tuvo lugar un año después, el 7 de octubre de 1922, y contó con la presencia del ministro de Obras Públicas, Dr. Torello, junto al ex intendente del partido de Vicente López, Emilio Zorraquín, y otros funcionarios. Más tarde, en sus proximidades, se estableció un balneario con playas de acceso público. El 10 de julio de 1982, mediante un decreto gubernamental, la Administración General de Puertos transfirió la gestión del Puerto de Olivos a la Municipalidad de Vicente López, alineándose con la política nacional en la materia. Esto generó inquietud entre los trabajadores del sector arenero ante el proyecto de que el puerto cerrara para convertirse en un centro deportivo náutico, ya que la zona se utilizaba para la venta de arena y canto rodado.	https://www.vicentelopez.gov.ar/archivohistorico/ficha/000000468-01/puerto-de-olivos	http://www.vicentelopez.gov.ar/archivohistorico/storage/large_000000468-01.jpeg
000000469-01	PUERTO DE OLIVOS Circa 1930	Circa 1930	Ministerio de Obras Públicas	Fotografía	Archivo General de la Nación	El material no podrá ser comercializado ni reproducido	Vista panorámica del Puerto de Olivos. La construcción del puerto comenzó el 26 de octubre de 1921, tras la aprobación del proyecto mediante un decreto firmado el 1 de agosto de ese año, por el entonces presidente Hipólito Yrigoyen (mandato 12/10/1916-12/10/1922 y 12/10/1928-6/09/1930). Este plan recibió el respaldo del Intendente municipal Zorraquín, y las tierras necesarias fueron donadas por Matías Sturiza. El puerto incluía una escollera de defensa para el canal de acceso y un muelle destinado a las operaciones de las embarcaciones que realizaban el comercio de cabotaje entre las islas del Delta y el puerto de la Capital. La inauguración tuvo lugar un año después, el 7 de octubre de 1922, y contó con la presencia del ministro de Obras Públicas, Dr. Torello, junto al ex intendente del partido de Vicente López, Emilio Zorraquín, y otros funcionarios. Más tarde, en sus proximidades, se estableció un balneario con playas de acceso público. El 10 de julio de 1982, mediante un decreto gubernamental, la Administración General de Puertos transfirió la gestión del Puerto de Olivos a la Municipalidad de Vicente López, alineándose con la política nacional en la materia. Esto generó inquietud entre los trabajadores del sector arenero ante el proyecto de que el puerto cerrara para convertirse en un centro deportivo náutico, ya que la zona se utilizaba para la venta de arena y canto rodado.	https://www.vicentelopez.gov.ar/archivohistorico/ficha/000000469-01/puerto-de-olivos	http://www.vicentelopez.gov.ar/archivohistorico/storage/large_000000469-01.jpeg
000000470-01	PUERTO DE OLIVOS Circa 1930	Circa 1930	Ministerio de Obras Públicas	Fotografía	Archivo General de la Nación	El material no podrá ser comercializado ni reproducido	Vista panorámica del Puerto de Olivos. La construcción del puerto comenzó el 26 de octubre de 1921, tras la aprobación del proyecto mediante un decreto firmado el 1 de agosto de ese año, por el entonces presidente Hipólito Yrigoyen (mandato 12/10/1916-12/10/1922 y 12/10/1928-6/09/1930). Este plan recibió el respaldo del Intendente municipal Zorraquín, y las tierras necesarias fueron donadas por Matías Sturiza. El puerto incluía una escollera de defensa para el canal de acceso y un muelle destinado a las operaciones de las embarcaciones que realizaban el comercio de cabotaje entre las islas del Delta y el puerto de la Capital. La inauguración tuvo lugar un año después, el 7 de octubre de 1922, y contó con la presencia del ministro de Obras Públicas, Dr. Torello, junto al ex intendente del partido de Vicente López, Emilio Zorraquín, y otros funcionarios. Más tarde, en sus proximidades, se estableció un balneario con playas de acceso público. El 10 de julio de 1982, mediante un decreto gubernamental, la Administración General de Puertos transfirió la gestión del Puerto de Olivos a la Municipalidad de Vicente López, alineándose con la política nacional en la materia. Esto generó inquietud entre los trabajadores del sector arenero ante el proyecto de que el puerto cerrara para convertirse en un centro deportivo náutico, ya que la zona se utilizaba para la venta de arena y canto rodado.	https://www.vicentelopez.gov.ar/archivohistorico/ficha/000000470-01/puerto-de-olivos	http://www.vicentelopez.gov.ar/archivohistorico/storage/large_000000470-01.jpeg
000000471-01	PUERTO DE OLIVOS Circa 1930	Circa 1930	Ministerio de Obras Públicas	Fotografía	Archivo General de la Nación	El material no podrá ser comercializado ni reproducido	Vista panorámica del Puerto de Olivos. La construcción del puerto comenzó el 26 de octubre de 1921, tras la aprobación del proyecto mediante un decreto firmado el 1 de agosto de ese año, por el entonces presidente Hipólito Yrigoyen (mandato 12/10/1916-12/10/1922 y 12/10/1928-6/09/1930). Este plan recibió el respaldo del Intendente municipal Zorraquín, y las tierras necesarias fueron donadas por Matías Sturiza. El puerto incluía una escollera de defensa para el canal de acceso y un muelle destinado a las operaciones de las embarcaciones que realizaban el comercio de cabotaje entre las islas del Delta y el puerto de la Capital. La inauguración tuvo lugar un año después, el 7 de octubre de 1922, y contó con la presencia del ministro de Obras Públicas, Dr. Torello, junto al ex intendente del partido de Vicente López, Emilio Zorraquín, y otros funcionarios. Más tarde, en sus proximidades, se estableció un balneario con playas de acceso público. El 10 de julio de 1982, mediante un decreto gubernamental, la Administración General de Puertos transfirió la gestión del Puerto de Olivos a la Municipalidad de Vicente López, alineándose con la política nacional en la materia. Esto generó inquietud entre los trabajadores del sector arenero ante el proyecto de que el puerto cerrara para convertirse en un centro deportivo náutico, ya que la zona se utilizaba para la venta de arena y canto rodado.	https://www.vicentelopez.gov.ar/archivohistorico/ficha/000000471-01/puerto-de-olivos	http://www.vicentelopez.gov.ar/archivohistorico/storage/large_000000471-01.jpeg
000000515-01	BALNEARIO DE OLIVOS Año 1930	Año 1930	Caras y Caretas	Fotografía	Archivo General de la Nación	El material no podrá ser comercializado ni reproducido	Rambla en balneario cercano al Puerto de Olivos, en la calle Corrientes y el Río de la Plata. Año 1930.	https://www.vicentelopez.gov.ar/archivohistorico/ficha/000000515-01/balneario-de-olivos	http://www.vicentelopez.gov.ar/archivohistorico/storage/large_000000515-01.jpeg
000000516-01	BALNEARIO EL ANCLA Circa década 1940	Circa década 1940	Caras y Caretas	Fotografía	Archivo General de la Nación	El material no podrá ser comercializado ni reproducido	Vista panorámica del balneario El Ancla, uno de los más destacados de la costa de Vicente López. A estas playas llegaban durante el verano numerosos bañistas de diversos lugares a disfrutar de las aguas del Río de la Plata. Este lugar estaba ubicado en la calle Yrigoyen, situado entre las calles Emilio Parravicini (actualmente Hipólito Yrigoyen) y la calle Italia. Inicialmente conocido como Los Ángeles, el balneario ofrecía instalaciones que incluían un salón, pista de baile, vestuarios y una piscina de 1.000.000 litros de agua proveniente de un pozo.	https://www.vicentelopez.gov.ar/archivohistorico/ficha/000000516-01/balneario-el-ancla	http://www.vicentelopez.gov.ar/archivohistorico/storage/large_000000516-01.jpeg
000000517-01	BALNEARIO DE VICENTE LÓPEZ Año 1965	Año 1965	Anónimo	Fotografía	Archivo General de la Nación	El material no podrá ser comercializado ni reproducido	Bañistas disfrutando de un día de verano en las playas de la costa de Vicente López.	https://www.vicentelopez.gov.ar/archivohistorico/ficha/000000517-01/balneario-de-vicente-lopez	http://www.vicentelopez.gov.ar/archivohistorico/storage/large_000000517-01.jpeg
000000518-01	BALNEARIO DE VICENTE LÓPEZ Año 1935	Año 1935	Anónimo	Fotografía	Archivo General de la Nación	El material no podrá ser comercializado ni reproducido	Bañistas disfrutando de un día de verano en las playas de la costa de Vicente López.	https://www.vicentelopez.gov.ar/archivohistorico/ficha/000000518-01/balneario-de-vicente-lopez	http://www.vicentelopez.gov.ar/archivohistorico/storage/large_000000518-01.jpeg
000000563-01	PLAYA YACHT CLUB OLIVOS 28 de enero de 1988	28 de enero de 1988	Anónimo	Fotografía	Archivo Diario La Nación	El material no podrá ser comercializado ni reproducido	La playa del Yacht Club Olivos el 28 de enero de 1988. Este espacio, ubicado en la escollera sur del Puerto de Olivos, ofrecía un entorno tranquilo para que los socios y visitantes disfrutaran del río y del ambiente náutico.	https://www.vicentelopez.gov.ar/archivohistorico/ficha/000000563-01/playa-yacht-club-olivos	http://www.vicentelopez.gov.ar/archivohistorico/storage/large_000000563-01.jpeg
000000567-01	PLAYA DE OLIVOS 15 de septiembre de 1978	15 de septiembre de 1978	Ochoa, Alejandro A.	Fotografía	Archivo Diario La Nación	El material no podrá ser comercializado ni reproducido	Playa de Olivos hacia fines de los año setenta. La costa de Vicente López desde principios de los años veinte hasta mediados de los años ochenta fue una zona que era visitada por personas de diversos lugares de la provincia de buenos aires que utilizaban el acceso al Río de la Plata para bañarse. También es conocida su actividad deportiva.	https://www.vicentelopez.gov.ar/archivohistorico/ficha/000000567-01/playa-de-olivos	http://www.vicentelopez.gov.ar/archivohistorico/storage/large_000000567-01.jpeg
000000568-01	PUERTO DE OLIVOS 15 de septiembre de 1978	15 de septiembre de 1978	Ochoa, Alejandro A.	Fotografía	Archivo Diario La Nación	El material no podrá ser comercializado ni reproducido	Veleros en las dársenas del Puerto de Olivos hacia fines de los años setenta. El Puerto de Olivos fue inaugurado el 1 de agosto de 1921 luego de que el proyecto fuera autorizado por decreto firmado por el entonces presidente Hipólito Yrigoyen (mandato 12/10/1916 - 12/10/1922 y 12/10/1928 - 6/09/1930), el cual tuvo el apoyo del Intendente municipal Zorraquín. Las tierras fueron donadas por Matías Sturiza para que se llevara adelante tal proyecto.	https://www.vicentelopez.gov.ar/archivohistorico/ficha/000000568-01/puerto-de-olivos	http://www.vicentelopez.gov.ar/archivohistorico/storage/large_000000568-01.jpeg
000000572-01	COSTA DE OLIVOS 15 de septiembre de 1978	15 de septiembre de 1978	Ochoa, Alejandro A.	Fotografía	Archivo Diario La Nación	El material no podrá ser comercializado ni reproducido	Fotografía de la costa de Olivos hacia fines de los años setenta. El barrio de Olivos fue el primero de los nueve barrios que componen Vicente López, al fundarse el 22 de junio de 1863. Fecha que conmemora la llegada, por primera vez, del tren a la Estación Olivos.	https://www.vicentelopez.gov.ar/archivohistorico/ficha/000000572-01/costa-de-olivos	http://www.vicentelopez.gov.ar/archivohistorico/storage/large_000000572-01.jpeg
000000575-01	PUERTO DE OLIVOS 15 de septiembre de 1978	15 de septiembre de 1978	Ochoa, Alejandro A.	Fotografía	Archivo Diario La Nación	El material no podrá ser comercializado ni reproducido	Tanque ubicado en el Puerto de Olivos. El Puerto de Olivos fue creado el 1 de agosto de 1921 a partir del decreto firmado por el entonces presidente Hipólito Yrigoyen (mandato 12/10/1916 - 12/10/1922 y 12/10/1928 - 6/09/1930), el cual tuvo el apoyo del Intendente municipal Zorraquín. Las tierras fueron donadas por Matías Sturiza para que se llevara adelante tal proyecto.	https://www.vicentelopez.gov.ar/archivohistorico/ficha/000000575-01/puerto-de-olivos	http://www.vicentelopez.gov.ar/archivohistorico/storage/large_000000575-01.jpeg
000000580-01	YACHT CLUB OLIVOS 20 de enero de 1981	20 de enero de 1981	Passalacqua, Adolfo	Fotografía	Archivo Diario La Nación	El material no podrá ser comercializado ni reproducido	Playa del Yacht Club Olivos. El Club fue fundado el 4 de abril de 1927 por iniciativa de un grupo de antiguos socios del Club Náutico de Olivos que se situaba en proximidad. Su primer presidente fue Carlos Collet. Se especializaron en la navegación a vela aunque se fomentaba otro tipo de actividades como la natación.	https://www.vicentelopez.gov.ar/archivohistorico/ficha/000000580-01/yacht-club-olivos	http://www.vicentelopez.gov.ar/archivohistorico/storage/large_000000580-01.jpeg
000000597-01	PUERTO DE OLIVOS 14 de enero de 1990	14 de enero de 1990	Pizarro, Francisco	Fotografía	Archivo Diario La Nación	El material no podrá ser comercializado ni reproducido	Vecinos disfrutando el aire libre en la escollera sur del Puerto de Olivos. La construcción del puerto comenzó el 26 de octubre de 1921, tras la aprobación del proyecto mediante un decreto firmado el 1 de agosto de ese año, por el entonces presidente Hipólito Yrigoyen (mandato 12/10/1916-12/10/1922 y 12/10/1928-6/09/1930). Este plan recibió el respaldo del Intendente municipal Zorraquín, y las tierras necesarias fueron donadas por Matías Sturiza. El puerto incluía una escollera de defensa para el canal de acceso y un muelle destinado a las operaciones de las embarcaciones que realizaban el comercio de cabotaje entre las islas del Delta y el puerto de la Capital. La inauguración tuvo lugar un año después, el 7 de octubre de 1922, y contó con la presencia del ministro de Obras Públicas, Dr. Torello, junto al ex intendente del partido de Vicente López, Emilio Zorraquín, y otros funcionarios. Más tarde, en sus proximidades, se estableció un balneario con playas de acceso público. El 10 de julio de 1982, mediante un decreto gubernamental, la Administración General de Puertos transfirió la gestión del Puerto de Olivos a la Municipalidad de Vicente López, alineándose con la política nacional en la materia. Esto generó inquietud entre los trabajadores del sector arenero ante el proyecto de que el puerto cerrara para convertirse en un centro deportivo náutico, ya que la zona se utilizaba para la venta de arena y canto rodado.	https://www.vicentelopez.gov.ar/archivohistorico/ficha/000000597-01/puerto-de-olivos	http://www.vicentelopez.gov.ar/archivohistorico/storage/large_000000597-01.jpeg
000000598-01	PLAYAS DE OLIVOS 14 de enero de 1990	14 de enero de 1990	Pizarro, Francisco	Fotografía	Archivo Diario La Nación	El material no podrá ser comercializado ni reproducido	Bañistas disfrutando de las costas y playas de Olivos durante el verano del año 1990. Entre los años veinte hasta mediados de los años ochenta la costa de Vicente López fue frecuentada por numerosos vecinos de diversos lugares de las provincias de Buenos Aires para refrescarse en las aguas del Río de la Plata e inclusive practicar deportes náuticos.	https://www.vicentelopez.gov.ar/archivohistorico/ficha/000000598-01/playas-de-olivos	http://www.vicentelopez.gov.ar/archivohistorico/storage/large_000000598-01.jpeg
000000599-01	PLAYAS DE OLIVOS 14 de enero de 1990	14 de enero de 1990	Pizarro, Francisco	Fotografía	Archivo Diario La Nación	El material no podrá ser comercializado ni reproducido	Bañistas disfrutando de las costas y playas de Olivos durante el verano del año 1990. Entre los años veinte hasta mediados de los años ochenta la costa de Vicente López fue frecuentada por numerosos vecinos de diversos lugares de las provincias de Buenos Aires para refrescarse en las aguas del Río de la Plata e inclusive practicar deportes náuticos.	https://www.vicentelopez.gov.ar/archivohistorico/ficha/000000599-01/playas-de-olivos	http://www.vicentelopez.gov.ar/archivohistorico/storage/large_000000599-01.jpeg
000000600-01	PLAYAS DE OLIVOS 14 de enero de 1990	14 de enero de 1990	Pizarro, Francisco	Fotografía	Archivo Diario La Nación	El material no podrá ser comercializado ni reproducido	Bañistas disfrutando de las costas y playas de Olivos durante el verano del año 1990. Entre los años veinte hasta mediados de los años ochenta la costa de Vicente López fue frecuentada por numerosos vecinos de diversos lugares de las provincias de Buenos Aires para refrescarse en las aguas del Río de la Plata e inclusive practicar deportes náuticos.	https://www.vicentelopez.gov.ar/archivohistorico/ficha/000000600-01/playas-de-olivos	http://www.vicentelopez.gov.ar/archivohistorico/storage/large_000000600-01.jpeg
000000607-01	BALNEARIO LAS ESCALERITAS 24 de enero de 1991	24 de enero de 1991	Passalacqua, Adolfo	Fotografía	Archivo Diario La Nación	El material no podrá ser comercializado ni reproducido	Fotografía que retrata parte del balneario Las Escaleritas. El Balneario Municipal Las Escaleritas, situado en Olivos, fue un destacado destino que abarcaba casi cuatro manzanas a lo largo del río, entre las calles Villate y Corrientes. Hasta mediados de los años 60, disfrutó de gran popularidad entre los vecinos que lo utilizaban para bañarse en el río y disfrutar de la playa. Inaugurado por Juan Domingo Perón en la década de 1950, se encontraba al 2300 de la Avenida Del Libertador con acceso por Uribelarrea. También conocido como La Hoya o La Banderita, en los años 90 se propuso privatizar el predio, cediendo los terrenos al Colegio San Jorge por solicitud de la Dirección Nacional de Puerto, argumentando la necesidad de garantizar la seguridad de la residencia presidencial ubicada a aproximadamente 1000 metros del lugar. Sin embargo, este proyecto fue posteriormente revocado.	https://www.vicentelopez.gov.ar/archivohistorico/ficha/000000607-01/balneario-las-escaleritas	http://www.vicentelopez.gov.ar/archivohistorico/storage/large_000000607-01.jpeg
000000612-01	BALNEARIO LAS ESCALERITAS 1 de diciembre de 1985	1 de diciembre de 1985	Passalacqua, Adolfo	Fotografía	Archivo Diario La Nación	El material no podrá ser comercializado ni reproducido	Fotografía que retrata parte del balneario Las Escaleritas. El Balneario Municipal Las Escaleritas, situado en Olivos, fue un destacado destino que abarcaba casi cuatro manzanas a lo largo del río, entre las calles Villate y Corrientes. Hasta mediados de los años 60, disfrutó de gran popularidad entre los vecinos que lo utilizaban para bañarse en el río y disfrutar de la playa. Inaugurado por Juan Domingo Perón en la década de 1950, se encontraba al 2300 de la Avenida Del Libertador con acceso por Uribelarrea. También conocido como La Hoya o La Banderita, en los años 90 se propuso privatizar el predio, cediendo los terrenos al Colegio San Jorge por solicitud de la Dirección Nacional de Puerto, argumentando la necesidad de garantizar la seguridad de la residencia presidencial ubicada a aproximadamente 1000 metros del lugar. Sin embargo, este proyecto fue posteriormente revocado.	https://www.vicentelopez.gov.ar/archivohistorico/ficha/000000612-01/balneario-las-escaleritas	http://www.vicentelopez.gov.ar/archivohistorico/storage/large_000000612-01.jpeg
000000624-01	PUERTO DE OLIVOS 16 de febrero de 1958	16 de febrero de 1958	Diario La Prensa	Fotografía	Archivo Diario La Nación	El material no podrá ser comercializado ni reproducido	Barcos a vela en el Puerto de Olivos hacia fines de los años cincuenta. La escollera Sur fue inaugurada el 7 de octubre de 1922 luego de haberse creado el Puerto de Olivos mas de un año antes, el 1 de agosto de 1921.	https://www.vicentelopez.gov.ar/archivohistorico/ficha/000000624-01/puerto-de-olivos	http://www.vicentelopez.gov.ar/archivohistorico/storage/large_000000624-01.jpeg
000000625-01	PUERTO DE OLIVOS 16 de febrero de 1958	16 de febrero de 1958	Diario La Prensa	Fotografía	Archivo Diario La Nación	El material no podrá ser comercializado ni reproducido	Barcos a vela en el Puerto de Olivos hacia fines de los años cincuenta. La escollera Sur fue inaugurada el 7 de octubre de 1922 luego de haberse creado el Puerto de Olivos mas de un año antes, el 1 de agosto de 1921.	https://www.vicentelopez.gov.ar/archivohistorico/ficha/000000625-01/puerto-de-olivos	http://www.vicentelopez.gov.ar/archivohistorico/storage/large_000000625-01.jpeg
000000641-01	PUERTO DE OLIVOS 7 de febrero de 1929	7 de febrero de 1929	Diario La Prensa	Fotografía	Archivo Diario La Nación	El material no podrá ser comercializado ni reproducido	Costa de Olivos a la altura del Puerto durante una de las crecidas de las aguas del Río de la Plata hacia fines de la década de 1920.	https://www.vicentelopez.gov.ar/archivohistorico/ficha/000000641-01/puerto-de-olivos	http://www.vicentelopez.gov.ar/archivohistorico/storage/large_000000641-01.jpeg
000000670-01	BALNEARIO DE VICENTE LÓPEZ Año 1967	Año 1967	Anónimo	Fotografía	Archivo Diario La Nación	El material no podrá ser comercializado ni reproducido	Obras realizadas para la preparación de la nueva playa en el balneario de Vicente López. La costa de Vicente López, desde los años veinte hasta mediados de los años ochenta, fue utilizada asiduamente por gran cantidad de vecinos provenientes de diversas partes de la provincia de Buenos Aires para refrescarse en las aguas del Río de la Plata y realizar deportes náuticos.	https://www.vicentelopez.gov.ar/archivohistorico/ficha/000000670-01/balneario-de-vicente-lopez	http://www.vicentelopez.gov.ar/archivohistorico/storage/large_000000670-01.jpeg
000000685-01	CLUB NÁUTICO OLIVOS 17 de febrero de 1938	17 de febrero de 1938	Anónimo	Fotografía	Archivo Diario La Nación	El material no podrá ser comercializado ni reproducido	Vista aérea de la costa de Olivos y del Club Náutico. La imagen muestra una perspectiva aérea de la costa de Olivos, destacando la ubicación del Club Náutico Olivos junto a la escollera norte del Puerto de Olivos. Este espacio, fundado el 15 de octubre de 1921, fue concebido para fomentar la navegación a vela y ofrecer un sitio protegido para las embarcaciones. La costa, con su infraestructura en desarrollo, reflejaba la creciente importancia de las actividades náuticas en la región durante la primera mitad del siglo XX.	https://www.vicentelopez.gov.ar/archivohistorico/ficha/000000685-01/club-nautico-olivos	http://www.vicentelopez.gov.ar/archivohistorico/storage/large_000000685-01.jpeg
000000689-01	BALNEARIO LOS ÁNGELES 15 de diciembre de 1928	15 de diciembre de 1928	Diario La Nación	Fotografía	Archivo Diario La Nación	El material no podrá ser comercializado ni reproducido	Inauguración del balneario Los Ángeles el 15 de diciembre de 1928, cuya entrada estaba localizada sobre Avenida Del Libertador. La costa de Vicente López fue un espacio concurrido habitualmente por personas de diferentes municipios de la provincia de Buenos Aires que aprovechaban las aguas del Río de la Plata para refrescarse e inclusive realizar deportes náuticos.	https://www.vicentelopez.gov.ar/archivohistorico/ficha/000000689-01/balneario-los-angeles	http://www.vicentelopez.gov.ar/archivohistorico/storage/large_000000689-01.jpeg
000000690-01	PUERTO DE OLIVOS Circa 1925	Circa 1925	Anónimo	Fotografía	Archivo Diario La Nación	El material no podrá ser comercializado ni reproducido	Escollera sur del Puerto de Olivos que sería inaugurada el 7 de octubre de 1922 siguiendo los planos e iniciativa de Matías Sturiza, vecino destacado de Olivos.	https://www.vicentelopez.gov.ar/archivohistorico/ficha/000000690-01/puerto-de-olivos	http://www.vicentelopez.gov.ar/archivohistorico/storage/large_000000690-01.jpeg
000000696-01	BALNEARIO EL ANCLA 6 de enero de 1936	6 de enero de 1936	Anónimo	Fotografía	Archivo Diario La Nación	El material no podrá ser comercializado ni reproducido	Vista aérea del balneario El Ancla, que se ubicaba sobre Avenida Del Libertador entre las calles Emilio Parravicini (hoy Hipólito Yrigoyen) e Italia, en el barrio de Vicente López. Inicialmente se lo conoció como Balneario Los Ángeles. Este ofrecía instalaciones que incluían un salón, pista de baile, vestuarios y una piscina de 1.000.000 litros de agua proveniente de un pozo.	https://www.vicentelopez.gov.ar/archivohistorico/ficha/000000696-01/balneario-el-ancla	http://www.vicentelopez.gov.ar/archivohistorico/storage/large_000000696-01.jpeg
000000697-01	BALNEARIO EL ANCLA 04 de febrero de 1935	04 de febrero de 1935	Anónimo	Fotografía	Archivo Diario La Nación	El material no podrá ser comercializado ni reproducido	Bañistas en el balneario El Ancla, que se ubicaba sobre Avenida Del Libertador entre las calles Emilio Parravicini (hoy Hipólito Yrigoyen) e Italia, en el barrio de Vicente López. Inicialmente se lo conoció como Balneario Los Ángeles. Este ofrecía instalaciones que incluían un salón, pista de baile, vestuarios y una piscina de 1.000.000 litros de agua proveniente de un pozo.	https://www.vicentelopez.gov.ar/archivohistorico/ficha/000000697-01/balneario-el-ancla	http://www.vicentelopez.gov.ar/archivohistorico/storage/large_000000697-01.jpeg
000000698-01	COSTA DE OLIVOS Año 1928	Año 1928	Anónimo	Fotografía	Archivo Diario La Nación	El material no podrá ser comercializado ni reproducido	Barcos y barcazas en el Río de la Plata cerca del Puerto de Olivos. La construcción del puerto comenzó el 26 de octubre de 1921, tras la aprobación del proyecto mediante un decreto firmado el 1 de agosto de ese año, por el entonces presidente Hipólito Yrigoyen (mandato 12/10/1916-12/10/1922 y 12/10/1928-6/09/1930). Este plan recibió el respaldo del Intendente municipal Zorraquín, y las tierras necesarias fueron donadas por Matías Sturiza. El puerto incluía una escollera de defensa para el canal de acceso y un muelle destinado a las operaciones de las embarcaciones que realizaban el comercio de cabotaje entre las islas del Delta y el puerto de la Capital. La inauguración tuvo lugar un año después, el 7 de octubre de 1922, y contó con la presencia del ministro de Obras Públicas, Dr. Torello, junto al ex intendente del partido de Vicente López, Emilio Zorraquín, y otros funcionarios.	https://www.vicentelopez.gov.ar/archivohistorico/ficha/000000698-01/costa-de-olivos	http://www.vicentelopez.gov.ar/archivohistorico/storage/large_000000698-01.jpeg
000000699-01	PUERTO DE OLIVOS 15 de enero de 1932	15 de enero de 1932	Anónimo	Fotografía	Archivo Diario La Nación	El material no podrá ser comercializado ni reproducido	Muelle del Puerto de Olivos. La construcción del puerto comenzó el 26 de octubre de 1921, tras la aprobación del proyecto mediante un decreto firmado el 1 de agosto de ese año, por el entonces presidente Hipólito Yrigoyen. Este plan recibió el respaldo del Intendente municipal Zorraquín, y las tierras necesarias fueron donadas por Matías Sturiza. El puerto incluía una escollera de defensa para el canal de acceso y un muelle destinado a las operaciones de las embarcaciones que realizaban el comercio de cabotaje entre las islas del Delta y el puerto de la Capital. La inauguración tuvo lugar un año después, el 7 de octubre de 1922, y contó con la presencia del ministro de Obras Públicas, Dr. Torello, junto al ex intendente del partido de Vicente López, Emilio Zorraquín, y otros funcionarios.	https://www.vicentelopez.gov.ar/archivohistorico/ficha/000000699-01/puerto-de-olivos	http://www.vicentelopez.gov.ar/archivohistorico/storage/large_000000699-01.jpeg
000000700-01	PUERTO DE OLIVOS 15 de enero de 1932	15 de enero de 1932	Anónimo	Fotografía	Archivo Diario La Nación	El material no podrá ser comercializado ni reproducido	Embarcaciones en el Puerto de Olivos. La construcción del puerto comenzó el 26 de octubre de 1921, tras la aprobación del proyecto mediante un decreto firmado el 1 de agosto de ese año, por el entonces presidente Hipólito Yrigoyen. Este plan recibió el respaldo del Intendente municipal Zorraquín, y las tierras necesarias fueron donadas por Matías Sturiza. El puerto incluía una escollera de defensa para el canal de acceso y un muelle destinado a las operaciones de las embarcaciones que realizaban el comercio de cabotaje entre las islas del Delta y el puerto de la Capital. La inauguración tuvo lugar un año después, el 7 de octubre de 1922, y contó con la presencia del ministro de Obras Públicas, Dr. Torello, junto al ex intendente del partido de Vicente López, Emilio Zorraquín, y otros funcionarios.	https://www.vicentelopez.gov.ar/archivohistorico/ficha/000000700-01/puerto-de-olivos	http://www.vicentelopez.gov.ar/archivohistorico/storage/large_000000700-01.jpeg
000000701-01	PUERTO DE OLIVOS 15 de enero de 1932	15 de enero de 1932	Anónimo	Fotografía	Archivo Diario La Nación	El material no podrá ser comercializado ni reproducido	Vista general del Puerto de Olivos hacia el año 1932. La construcción del puerto comenzó el 26 de octubre de 1921, tras la aprobación del proyecto mediante un decreto firmado el 1 de agosto de ese año, por el entonces presidente Hipólito Yrigoyen (mandato 12/10/1916-12/10/1922 y 12/10/1928-6/09/1930). Este plan recibió el respaldo del Intendente municipal Zorraquín, y las tierras necesarias fueron donadas por Matías Sturiza.	https://www.vicentelopez.gov.ar/archivohistorico/ficha/000000701-01/puerto-de-olivos	http://www.vicentelopez.gov.ar/archivohistorico/storage/large_000000701-01.jpeg
000000702-01	PUERTO DE OLIVOS 15 de enero de 1932	15 de enero de 1932	Anónimo	Fotografía	Archivo Diario La Nación	El material no podrá ser comercializado ni reproducido	Vista general de la escollera sur del Puerto de Olivos hacia el año 1932. La construcción del puerto comenzó el 26 de octubre de 1921, tras la aprobación del proyecto mediante un decreto firmado el 1 de agosto de ese año, por el entonces presidente Hipólito Yrigoyen (mandato 12/10/1916-12/10/1922 y 12/10/1928-6/09/1930). Este plan recibió el respaldo del Intendente municipal Zorraquín, y las tierras necesarias fueron donadas por Matías Sturiza. Por su parte, la escollera sur fue inaugurada el 7 de octubre de 1922 luego de haberse creado el Puerto de Olivos mas de un año antes, el 1 de agosto de 1921.	https://www.vicentelopez.gov.ar/archivohistorico/ficha/000000702-01/puerto-de-olivos	http://www.vicentelopez.gov.ar/archivohistorico/storage/large_000000702-01.jpeg
000000706-01	PLAYA EL ANCLA 30 de mayo de 1934	30 de mayo de 1934	Anónimo	Fotografía	Archivo Diario La Nación	El material no podrá ser comercializado ni reproducido	Vista aérea del balneario El Ancla, el cual se ubicaba sobre la Avenida Del Libertador entre las calles Emilio Parravicini, hoy Hipólito Yrigoyen, e Italia en el barrio de Vicente López.	https://www.vicentelopez.gov.ar/archivohistorico/ficha/000000706-01/playa-el-ancla	http://www.vicentelopez.gov.ar/archivohistorico/storage/large_000000706-01.jpeg
000000735-01	VISTA ÁEREA DE OLIVOS Circa año 1925	Circa año 1925	Broszeit, Enrique y Juan Bautista Borra	Fotografía	Colección Cristina Mirabelli	El material no podrá ser comercializado ni reproducido	Vista aérea de Olivos hacia el año 1925. A simple vista pueden verse las vías del ferrocarril que luego sería el Tren de la Costa que conectaría la Avenida Maipú y el Delta de Tigre. El barrio de Olivos fue el primero de los nueve barrios que componen Vicente López, al fundarse el 22 de junio de 1863. Fecha que conmemora la llegada, por primera vez, del tren a la Estación Olivos.	https://www.vicentelopez.gov.ar/archivohistorico/ficha/000000735-01/vista-aerea-de-olivos	http://www.vicentelopez.gov.ar/archivohistorico/storage/large_000000735-01.jpeg
000000786-04	PLAYA DE OLIVOS 8 de abril de 1916	8 de abril de 1916	Caras y Caretas	Hemeroteca	Biblioteca Nacional de España	El material no podrá ser comercializado ni reproducido	Edición n.º 914 de la revista Caras y Caretas donde se publica una nota que destaca las playas en Olivos, Punta chica y Quilmes. Descarga del archivo Haz click aquí para descargar el archivo	https://www.vicentelopez.gov.ar/archivohistorico/ficha/000000786-04/playa-de-olivos	http://www.vicentelopez.gov.ar/archivohistorico/storage/large_000000786-04.jpeg
000000811-04	BALNEARIO PLAYA DORADA 26 de enero de 1968	26 de enero de 1968	Anónimo	Hemeroteca	Archivo Diario La Nación	El material no podrá ser comercializado ni reproducido	El intendente interino Luis Amboldi y el presidente de la firma adjudicataria de los trabajos, doctor Juan Felipe Caride, fueron quienes cortaron la cinta simbólica que daba acceso al nuevo balneario Playa Dorada, construido sobre una parte del antiguo parque Lavallol. Descarga del archivo Haz click aquí para descargar el archivo	https://www.vicentelopez.gov.ar/archivohistorico/ficha/000000811-04/balneario-playa-dorada	http://www.vicentelopez.gov.ar/archivohistorico/storage/large_000000811-04.jpeg
000000837-04	PUERTO DE OLIVOS. INAUGURACIÓN 7 de octubre de 1922	7 de octubre de 1922	Diario La Prensa	Hemeroteca	Archivo Diario La Nación	El material no podrá ser comercializado ni reproducido	Nota periodística del diario La Nación con fecha del 7 de octubre de 1922, en donde se hace referencia a la inauguración de la primera sección del nuevo Puerto de Olivos, que comprende una escollera de defensa y parte del canal de acceso al dique de cabotaje proyectado. Descarga del archivo Haz click aquí para descargar el archivo	https://www.vicentelopez.gov.ar/archivohistorico/ficha/000000837-04/puerto-de-olivos-inauguracion	http://www.vicentelopez.gov.ar/archivohistorico/storage/large_000000837-04.jpeg
000000838-04	PUERTO DE OLIVOS. CONSTRUCCIÓN 26 de octubre de 1921	26 de octubre de 1921	Anónimo	Hemeroteca	Archivo Diario La Nación	El material no podrá ser comercializado ni reproducido	Nota periodística perteneciente al diario La Nación con fecha del 26 de octubre de 1921, referente a la construcción del Puerto de Olivos, construcción que comprende una escollera de defensa del canal de acceso y un muelle para las operaciones de embarcaciones que realizan el comercio de cabotaje entre las islas del Delta y el puerto de la Capital. Descarga del archivo Haz click aquí para descargar el archivo	https://www.vicentelopez.gov.ar/archivohistorico/ficha/000000838-04/puerto-de-olivos-construccion	http://www.vicentelopez.gov.ar/archivohistorico/storage/large_000000838-04.jpeg
000000839-04	PUERTO DE OLIVOS. INAUGURACIÓN 7 de octubre de 1922	7 de octubre de 1922	Anónimo	Hemeroteca	Archivo Diario La Nación	El material no podrá ser comercializado ni reproducido	Nota periodística del diario La Nación con fecha del 7 de octubre de 1922, que hace referencia a la inauguración oficial del puerto de cabotaje de Olivos, a la que asistirán el ministro de Obras Públicas, el director de Navegación y Puertos, los técnicos que han intervenido en la ejecución de las obras, el gobernador de la Provincia de Buenos Aires y las autoridades locales. Descarga del archivo Haz click aquí para descargar el archivo	https://www.vicentelopez.gov.ar/archivohistorico/ficha/000000839-04/puerto-de-olivos-inauguracion	http://www.vicentelopez.gov.ar/archivohistorico/storage/large_000000839-04.jpeg
000000849-04	COMISIÓN PATROCINADORA DEL BALNEARIO DE OLIVOS 26 de julio de 1923	26 de julio de 1923	Anónimo	Hemeroteca	Archivo Diario La Nación	El material no podrá ser comercializado ni reproducido	Nota periodística del diario La Nación con fecha del 26 de julio de 1923, que hace referencia a la constitución de una comisión patrocinadora con facultad para estudiar e intervenir en todo lo pertinente al proyecto que presentó Matías R. Sturiza, el cual consiste en la construcción del gran balneario de Olivos. Descarga del archivo Haz click aquí para descargar el archivo	https://www.vicentelopez.gov.ar/archivohistorico/ficha/000000849-04/comision-patrocinadora-del-balneario-de-olivos	http://www.vicentelopez.gov.ar/archivohistorico/storage/large_000000849-04.jpeg
000000850-04	COSTA DE OLIVOS 21 de agosto de 1923	21 de agosto de 1923	Anónimo	Hemeroteca	Archivo Diario La Nación	El material no podrá ser comercializado ni reproducido	El diario La Nación del 21 de agosto de 1923 informó sobre un proyecto para desarrollar la costa de Olivos. Este incluía un paseo costanero, un balneario y obras portuarias, además de la construcción del canal costanero Ingeniero Mitre. El proyecto contemplaba ganar terrenos al río para edificar un barrio de oficiales de la Armada y la Escuela Naval. Matías Sturiza, vecino destacado, impulsó estas iniciativas en conjunto con las autoridades. Descarga del archivo Haz click aquí para descargar el archivo	https://www.vicentelopez.gov.ar/archivohistorico/ficha/000000850-04/costa-de-olivos	http://www.vicentelopez.gov.ar/archivohistorico/storage/large_000000850-04.jpeg
000000859-04	IRREGULARIDADES EN LA COSTA DE VICENTE LÓPEZ 21 de julio de 1979	21 de julio de 1979	Anónimo	Hemeroteca	Archivo Diario La Nación	El material no podrá ser comercializado ni reproducido	Nota periodística del diario La Nación con fecha del 21 de julio de 1979, que hace referencia a una reunión del intendente municipal, Coronel Pedro Ursini con representantes de los clubes que ocupan la zona ribereña del partido, donde se planteó una imperiosa necesidad de normalizar la situación de la ribera del Río de la Plata. El intendente destacó las serias irregularidades existentes, provocadas por los clubes en su afán por ganar terreno para sus instalaciones, modificando las características topográficas de la zona, lo que causó el taponamiento de desagües pluviales con rellenamientos indebidos y construcciones no autorizadas. Descarga del archivo Haz click aquí para descargar el archivo	https://www.vicentelopez.gov.ar/archivohistorico/ficha/000000859-04/irregularidades-en-la-costa-de-vicente-lopez	http://www.vicentelopez.gov.ar/archivohistorico/storage/large_000000859-04.jpeg
000000863-04	CLUB NÁUTICO OLIVOS 28 de junio de 1930	28 de junio de 1930	Anónimo	Hemeroteca	Archivo Diario La Nación	El material no podrá ser comercializado ni reproducido	"El 28 de junio de 1930, el diario La Nación publicó una nota en la que se anunciaba la aprobación de los planos para la construcción del edificio social del Club Náutico Olivos, ubicado en la plataforma de la escollera norte del Puerto de Olivos. El proyecto también contemplaba la creación de una isla artificial alrededor del edificio, diseñada para mejorar las instalaciones y ampliar los espacios destinados a las actividades náuticas. El plan incluía salones para reuniones sociales, jardines y áreas recreativas, consolidando al club como un importante centro deportivo y social en el Río de la Plata. El club, conocido originalmente como ""Olivos Boat Club"", adoptó el nombre de Club Náutico Olivos en 1921 durante su primera asamblea, celebrada en el salón de actos del Diario La Prensa, contaba con figuras destacadas como Ricardo González Bonorino, fundador y comodoro entre 1932 y 1933. Actualmente el club se encuentra ubicado en la intersección de Juan Bautista Alberdi y el Río de la Plata. Descarga del archivo Haz click aquí para descargar el archivo"	https://www.vicentelopez.gov.ar/archivohistorico/ficha/000000863-04/club-nautico-olivos	http://www.vicentelopez.gov.ar/archivohistorico/storage/large_000000863-04.jpeg
000000869-04	PLAYA LA HOYA. CAMBIO DE RUMBO 25 de enero de 1991	25 de enero de 1991	Anónimo	Hemeroteca	Archivo Diario La Nación	El material no podrá ser comercializado ni reproducido	Nota periodística del diario La Nación con fecha del 25 de enero de 1991, que hace referencia a la revocación, por parte de la Administración General de Puertos, del permiso de uso de la playa La Hoya a la Municipalidad. Enrique García, la AGP y el Colegio San Jorge, firmaron el acta de tenencia provisional por diez años de ese predio, en el cual funcionaría un campo de deportes. Descarga del archivo Haz click aquí para descargar el archivo	https://www.vicentelopez.gov.ar/archivohistorico/ficha/000000869-04/playa-la-hoya-cambio-de-rumbo	http://www.vicentelopez.gov.ar/archivohistorico/storage/large_000000869-04.jpeg
000000876-04	RECLAMOS VECINALES POR OBRAS EN LA COSTA 13 de febrero de 1952	13 de febrero de 1952	Hisas, Liliana	Hemeroteca	Archivo Diario La Nación	El material no podrá ser comercializado ni reproducido	La nota periodística publicada en La Nación el 13 de febrero de 1952 aborda el descontento de los vecinos de Vicente López frente a las obras en la costa. Las inquietudes principales incluyeron la falta de un permiso de obra visible, la ausencia de un profesional responsable y la clausura de la calle Hipólito Yrigoyen debido a la ejecución de los trabajos. Ante estas preocupaciones, el Intendente y los vecinos llevaron a cabo una reunión con el capitán Horacio Salduna, Interventor de la Administración General de Puertos, para buscar aclaraciones sobre la situación. Descarga del archivo Haz click aquí para descargar el archivo	https://www.vicentelopez.gov.ar/archivohistorico/ficha/000000876-04/reclamos-vecinales-por-obras-en-la-costa	http://www.vicentelopez.gov.ar/archivohistorico/storage/large_000000876-04.jpeg
000000885-04	PUERTO DE OLIVOS. INAUGURACIÓN ESCOLLERA 8 de octubre de 1922	8 de octubre de 1922	Anónimo	Hemeroteca	Archivo Diario La Nación	El material no podrá ser comercializado ni reproducido	Nota periodística del diario La Nación con fecha del 8 de octubre de 1922, que hace referencia a la inauguración de la escollera del Puerto de Olivos. El Dr. Emilio Zorraquín, presidente de la Comisión de Vecinos y ex Intendente de Vicente López, pronuncia su discurso frente una gran concurrencia de vecinos. Descarga del archivo Haz click aquí para descargar el archivo	https://www.vicentelopez.gov.ar/archivohistorico/ficha/000000885-04/puerto-de-olivos-inauguracion-escollera	http://www.vicentelopez.gov.ar/archivohistorico/storage/large_000000885-04.jpeg
000000926-01	PUERTO DE OLIVOS Circa 1925	Circa 1925	Anónimo	Fotografía	Archivo General de la Nación	El material no podrá ser comercializado ni reproducido	Fotografía de la escollera sur del Puerto de Olivos. Se pueden observar diversos veleros.	https://www.vicentelopez.gov.ar/archivohistorico/ficha/000000926-01/puerto-de-olivos	http://www.vicentelopez.gov.ar/archivohistorico/storage/large_000000926-01.jpeg
000000927-01	PUERTO DE OLIVOS No contiene fecha estimada	No contiene fecha estimada	Chepara (seudónimo)	Fotografía	Archivo General de la Nación	El material no podrá ser comercializado ni reproducido	Concurso en la dársena del Puerto de Olivos con embarcaciones.	https://www.vicentelopez.gov.ar/archivohistorico/ficha/000000927-01/puerto-de-olivos	http://www.vicentelopez.gov.ar/archivohistorico/storage/large_000000927-01.jpeg
000001012-04	BALNEARIO EL INDIO No contiene fecha estimada	No contiene fecha estimada	Anónimo	Hemeroteca	Colección Oscar Volpini	El material no podrá ser comercializado ni reproducido	Aviso publicitario del gran balneario El Indio de Bricchetto y Bayona, en Vicente López. Descarga del archivo Haz click aquí para descargar el archivo	https://www.vicentelopez.gov.ar/archivohistorico/ficha/000001012-04/balneario-el-indio	http://www.vicentelopez.gov.ar/archivohistorico/storage/large_000001012-04.jpeg
000001015-01	INUNDACIÓN EN VICENTE LÓPEZ 21 de enero de 1932	21 de enero de 1932	Noticias Gráficas	Fotografía	Archivo General de la Nación	El material no podrá ser comercializado ni reproducido	Debido a la sudestada, los veraneantes se vieron obligados a abandonar la carpa que habían ocupado durante dos semanas.	https://www.vicentelopez.gov.ar/archivohistorico/ficha/000001015-01/inundacion-en-vicente-lopez	http://www.vicentelopez.gov.ar/archivohistorico/storage/large_000001015-01.jpeg
000001016-01	INUNDACIÓN EN VICENTE LÓPEZ 21 de enero de 1932	21 de enero de 1932	Noticias Gráficas	Fotografía	Archivo General de la Nación	El material no podrá ser comercializado ni reproducido	Sudestada en la costa de Vicente López. La sudestada, un fenómeno meteorológico característico de la región del Río de la Plata, afecta con frecuencia la costa de Vicente López. Este evento se produce cuando vientos del sudeste empujan las aguas del río hacia la costa, provocando un aumento significativo en el nivel del agua.	https://www.vicentelopez.gov.ar/archivohistorico/ficha/000001016-01/inundacion-en-vicente-lopez	http://www.vicentelopez.gov.ar/archivohistorico/storage/large_000001016-01.jpeg
000001055-01	PLAYA DE OLIVOS Década 1980	Década 1980	Volpini, Oscar	Fotografía	Colección Oscar Volpini	El material no podrá ser comercializado ni reproducido	Playa del Yacht Club Olivos, cerca del puerto de Olivos. El Club fue fundado el 4 de abril de 1927 por iniciativa de un grupo de antiguos socios del Club Náutico de Olivos que se situaba en proximidad. Su primer presidente fue Carlos Collet. Se especializaron en la navegación a vela aunque se fomentaba otro tipo de actividades como la natación. Fundado en 1927 por un grupo de entusiastas vecinos apasionados por la vela, el Yacht Club Olivos ha sido un referente en la comunidad de Vicente López y la zona norte. Desde sus inicios, se ha dedicado a acercar el mundo del yachting a la juventud. Juan Bautista Alberdi 315, Olivos En menos de un año desde su fundación, el club ya contaba con su propia sede, ubicada en la escollera sur del Puerto de Olivos, así como su propia flota de embarcaciones.	https://www.vicentelopez.gov.ar/archivohistorico/ficha/000001055-01/playa-de-olivos	http://www.vicentelopez.gov.ar/archivohistorico/storage/large_000001055-01.jpeg
000001065-01	VISTA AÉREA PUERTO DE OLIVOS Circa 1923	Circa 1923	Anónimo	Fotografía	Archivo Histórico Torre Ader	El material no podrá ser comercializado ni reproducido	Vista aérea de la zona costera que abarca sectores de Olivos y Vicente López, en la que se puede observar el Puerto de Olivos.	https://www.vicentelopez.gov.ar/archivohistorico/ficha/000001065-01/vista-aerea-puerto-de-olivos	http://www.vicentelopez.gov.ar/archivohistorico/storage/large_000001065-01.jpeg
000001077-01	COMISARÍA 5°. BALNEARIO No contiene fecha estimada	No contiene fecha estimada	Anónimo	Fotografía	Archivo Histórico Torre Ader	El material no podrá ser comercializado ni reproducido	Festejo patrio en la Comisaría 5.ª - Balneario, ubicada en Av. del Libertador 1065, Vicente López.	https://www.vicentelopez.gov.ar/archivohistorico/ficha/000001077-01/comisaria-50-balneario	http://www.vicentelopez.gov.ar/archivohistorico/storage/large_000001077-01.jpeg
000001101-01	BALNEARIO LOS ÁNGELES Año 1929	Año 1929	Anónimo	Fotografía	Archivo Histórico Torre Ader	El material no podrá ser comercializado ni reproducido	Entrada al Balneario Los Ángeles, por Avenida del Libertador Don José de San Martín. La costa de Vicente López fue un espacio concurrido habitualmente por personas de diferentes municipios de la provincia de Buenos Aires que aprovechaban las aguas del Río de la Plata para refrescarse e inclusive realizar deportes náuticos.	https://www.vicentelopez.gov.ar/archivohistorico/ficha/000001101-01/balneario-los-angeles	http://www.vicentelopez.gov.ar/archivohistorico/storage/large_000001101-01.jpeg
000001113-01	RÍO DE LA PLATA No contiene fecha estimada	No contiene fecha estimada	Anónimo	Fotografía	Archivo Histórico Torre Ader	El material no podrá ser comercializado ni reproducido	Vecinos disfrutando su tiempo libre en un balneario del Río de la Plata de la costa de Vicente López.	https://www.vicentelopez.gov.ar/archivohistorico/ficha/000001113-01/rio-de-la-plata	http://www.vicentelopez.gov.ar/archivohistorico/storage/large_000001113-01.jpeg
000001129-01	BALNEARIO LOS ÁNGELES Circa 1929	Circa 1929	Anónimo	Fotografía	Archivo Histórico Torre Ader	El material no podrá ser comercializado ni reproducido	La imagen muestra la pileta del balneario Los Ángeles, ubicado en el bajo de Vicente López.	https://www.vicentelopez.gov.ar/archivohistorico/ficha/000001129-01/balneario-los-angeles	http://www.vicentelopez.gov.ar/archivohistorico/storage/large_000001129-01.jpeg
000001249-01	BALNEARIO EL ANCLA 13 de diciembre de 1967	13 de diciembre de 1967	Anónimo	Fotografía	Archivo Diario Clarín	El material no podrá ser comercializado ni reproducido	Niños jugando en las playas del Balneario El Ancla, en Vicente López, a orillas del Río de la Plata. En el fondo, se aprecia a numerosos bañistas disfrutando de la costa y del ambiente playero.	https://www.vicentelopez.gov.ar/archivohistorico/ficha/000001249-01/balneario-el-ancla	http://www.vicentelopez.gov.ar/archivohistorico/storage/large_000001249-01.jpeg
000001255-04	LIMPIEZA EN LA COSTA DE VICENTE LÓPEZ 1 de octubre de 2000	1 de octubre de 2000	Anónimo	Hemeroteca	Archivo Diario Clarín	El material no podrá ser comercializado ni reproducido	En octubre del 2000, 250 estudiantes participaron en una jornada ecológica en la costa de Vicente López, recogiendo residuos en las orillas del Río de la Plata. La actividad formó parte de una iniciativa global en 90 países para promover la conciencia ambiental. Descarga del archivo Haz click aquí para descargar el archivo	https://www.vicentelopez.gov.ar/archivohistorico/ficha/000001255-04/limpieza-en-la-costa-de-vicente-lopez	http://www.vicentelopez.gov.ar/archivohistorico/storage/large_000001255-04.jpeg
000001264-04	COSTA DE VICENTE LÓPEZ. CONCURSO 21/08/1993	21/08/1993	Anónimo	Hemeroteca	Archivo Diario Clarín	El material no podrá ser comercializado ni reproducido	Nota periodística del Diario Clarín que hace referencia al Concurso Nacional de Ideas para la Costa de Vicente López, para la recuperación de espacios públicos y verdes. El concurso organizado para la recuperación de la costa de Vicente López tuvo como objetivo devolver a los ciudadanos el acceso al río y revitalizar los espacios verdes. Participaron arquitectos y urbanistas, quienes presentaron diversas propuestas para transformar la costa en un área de esparcimiento y recreación. Las propuestas ganadoras incluyeron la creación de parques, áreas recreativas y paseos costeros. Los proyectos destacaron por su enfoque en la integración del entorno natural y urbano, preservando el medio ambiente y ofreciendo una alternativa de uso para los habitantes de Vicente López. Descarga del archivo Haz click aquí para descargar el archivo	https://www.vicentelopez.gov.ar/archivohistorico/ficha/000001264-04/costa-de-vicente-lopez-concurso	http://www.vicentelopez.gov.ar/archivohistorico/storage/large_000001264-04.jpeg
000001277-04	BALNEARIO LA HOYA 18 de enero de 1991	18 de enero de 1991	Diario Crónica	Hemeroteca	Archivo Diario Clarín	El material no podrá ser comercializado ni reproducido	La nota del diario Crónica, publicada el 18 de enero de 1991, informa sobre la privatización del balneario tradicional La Hoya en Vicente López, que fue transferido a una empresa privada y cedido a un colegio de la zona, San Jorge, por razones de seguridad vinculadas con la cercanía a la residencia presidencial de Olivos. La decisión generó el malestar de los vecinos, quienes veían en este balneario uno de los pocos espacios públicos gratuitos donde podían disfrutar del verano. Conocido como un lugar de encuentro y recreación, La Hoya se encontraba en un estado de total abandono, sin servicios ni infraestructura adecuada. Los vecinos expresaron su descontento ante la pérdida de este espacio, que hasta entonces había sido accesible a la comunidad desde su inauguración en los años '50. Descarga del archivo Haz click aquí para descargar el archivo	https://www.vicentelopez.gov.ar/archivohistorico/ficha/000001277-04/balneario-la-hoya	http://www.vicentelopez.gov.ar/archivohistorico/storage/large_000001277-04.jpeg
000001278-04	BALNEARIO LA HOYA Circa década 1990	Circa década 1990	Anónimo	Hemeroteca	Archivo Diario Clarín	El material no podrá ser comercializado ni reproducido	La nota titulada Una playa con mil destinos, narra el conflicto en torno a la transferencia del balneario La Hoya, ubicado en Vicente López, que fue cedido a los propietarios de la Escuela San Jorge. La decisión, impulsada por la Dirección General de Puertos, revocó el uso público del espacio, destinado históricamente al solaz de la comunidad. El traspaso fue motivado por razones de seguridad vinculadas a la cercanía con la residencia presidencial de Olivos, lo que provocó que el intendente Enrique García solicitara la intervención del gobierno bonaerense. El reclamo se centró en la afectación de los derechos de la comunidad a utilizar este espacio, mientras que las autoridades justificaron la medida en función de la protección presidencial. Descarga del archivo Haz click aquí para descargar el archivo	https://www.vicentelopez.gov.ar/archivohistorico/ficha/000001278-04/balneario-la-hoya	http://www.vicentelopez.gov.ar/archivohistorico/storage/large_000001278-04.jpeg
000001280-04	RECUPERACIÓN DEL ÁREA RIBEREÑA Década 1990	Década 1990	Zapiola, Clara	Hemeroteca	Archivo Diario Clarín	El material no podrá ser comercializado ni reproducido	Un grupo de jóvenes presentó propuestas para recuperar la costa de Vicente López, enfocándose en el desarrollo sostenible y la preservación del espacio natural. Su iniciativa, que incluye la creación de un parque con infraestructura verde y accesible, busca revitalizar la zona, actualmente deteriorada. El proyecto obtuvo el primer lugar en un concurso de ideas, destacando la importancia de la participación ciudadana para el futuro de la ribera. El intendente Enrique García apoya el impulso de estos proyectos, buscando consolidar la costa como un espacio público de calidad para los vecinos. Descarga del archivo Haz click aquí para descargar el archivo	https://www.vicentelopez.gov.ar/archivohistorico/ficha/000001280-04/recuperacion-del-area-riberena	http://www.vicentelopez.gov.ar/archivohistorico/storage/large_000001280-04.jpeg
000001288-01	PLAYA DE OLIVOS Año 1987	Año 1987	Anónimo	Fotografía	Archivo Diario Clarín	El material no podrá ser comercializado ni reproducido	Vecinos aprovechan un día soleado en las playas del balneario de Vicente López, un espacio de recreación junto al río. Entre los años veinte y mediados de los ochenta, la costa fue un lugar frecuentado por vecinos de distintas localidades de Buenos Aires, quienes se acercaban para refrescarse en las aguas del Río de la Plata y practicar deportes náuticos.	https://www.vicentelopez.gov.ar/archivohistorico/ficha/000001288-01/playa-de-olivos	http://www.vicentelopez.gov.ar/archivohistorico/storage/large_000001288-01.jpeg
000001303-01	BALNEARIO DE VICENTE LÓPEZ No contiene fecha estimada	No contiene fecha estimada	Anónimo	Fotografía	Archivo Diario Clarín	El material no podrá ser comercializado ni reproducido	Jornada de verano en un balneario de Vicente López. La imagen ilustra la playa y el Río de la Plata, donde se observa a personas tomando sol, paseando y disfrutando de actividades acuáticas.	https://www.vicentelopez.gov.ar/archivohistorico/ficha/000001303-01/balneario-de-vicente-lopez	http://www.vicentelopez.gov.ar/archivohistorico/storage/large_000001303-01.jpeg
000001304-01	BALNEARIO DE VICENTE LÓPEZ 23 de enero de 1973	23 de enero de 1973	Anónimo	Fotografía	Archivo Diario Clarín	El material no podrá ser comercializado ni reproducido	Bañistas en las playas de un balneario en Vicente López. La fotografía captura a personas recostadas tomando sol y otras en el agua, reflejando la actividad veraniega del lugar.	https://www.vicentelopez.gov.ar/archivohistorico/ficha/000001304-01/balneario-de-vicente-lopez	http://www.vicentelopez.gov.ar/archivohistorico/storage/large_000001304-01.jpeg
000001305-01	BALNEARIO DE VICENTE LÓPEZ 30 de enero de 1970	30 de enero de 1970	Anónimo	Fotografía	Archivo Diario Clarín	El material no podrá ser comercializado ni reproducido	Bañistas en las playas de un balneario en Vicente López. La imagen muestra a personas recostadas tomando sol y otras en el agua, bajo la vigilancia propia del lugar, reflejando la actividad veraniega habitual.	https://www.vicentelopez.gov.ar/archivohistorico/ficha/000001305-01/balneario-de-vicente-lopez	http://www.vicentelopez.gov.ar/archivohistorico/storage/large_000001305-01.jpeg
000001306-01	BALNEARIO DE VICENTE LÓPEZ 05 de agosto de 1978	05 de agosto de 1978	Anónimo	Fotografía	Archivo Diario Clarín	El material no podrá ser comercializado ni reproducido	Fotografía del balneario de Vicente López, publicada por el diario Clarín.	https://www.vicentelopez.gov.ar/archivohistorico/ficha/000001306-01/balneario-de-vicente-lopez	http://www.vicentelopez.gov.ar/archivohistorico/storage/large_000001306-01.jpeg
000001311-01	COSTA DE VICENTE LÓPEZ 19 de enero de 1984	19 de enero de 1984	Anónimo	Fotografía	Archivo Diario Clarín	El material no podrá ser comercializado ni reproducido	Vista del área ribereña y la costa de Vicente López.	https://www.vicentelopez.gov.ar/archivohistorico/ficha/000001311-01/costa-de-vicente-lopez	http://www.vicentelopez.gov.ar/archivohistorico/storage/large_000001311-01.jpeg
000001370-04	PLAYA DE VICENTE LÓPEZ 22 de diciembre de 1917	22 de diciembre de 1917	Caras y Caretas	Hemeroteca	Biblioteca Nacional de España	El material no podrá ser comercializado ni reproducido	La nota de la revista Caras y Caretas presenta una fotografía de la playa de Vicente López en un día feriado de 1917. La imagen muestra a los bañistas disfrutando del sol y del Río de la Plata, reflejando la actividad recreativa típica de este destino costero. Descarga del archivo Haz click aquí para descargar el archivo	https://www.vicentelopez.gov.ar/archivohistorico/ficha/000001370-04/playa-de-vicente-lopez	http://www.vicentelopez.gov.ar/archivohistorico/storage/large_000001370-04.jpeg
000001383-04	PLAYA DE OLIVOS 3 de febrero de 1917	3 de febrero de 1917	Caras y Caretas	Hemeroteca	Biblioteca Nacional de España	El material no podrá ser comercializado ni reproducido	Fotografía en la revista Caras y Caretas de la playa en Olivos, destacando su carácter pintoresco y la gran afluencia de familias que la frecuentan. Descarga del archivo Haz click aquí para descargar el archivo	https://www.vicentelopez.gov.ar/archivohistorico/ficha/000001383-04/playa-de-olivos	http://www.vicentelopez.gov.ar/archivohistorico/storage/large_000001383-04.jpeg
000001392-04	TROMBA EN EL RÍO DE LA PLATA 4 de diciembre de 1915	4 de diciembre de 1915	Giudice, Juan B.	Hemeroteca	Biblioteca Nacional de España	El material no podrá ser comercializado ni reproducido	Fotografías proporcionadas a la revista Caras y Caretas por Juan B. Giudice, vecino de Olivos, documentan la tromba en el Río de la Plata. El viernes 26 de noviembre, en medio de notables perturbaciones atmosféricas, los habitantes de la costa observaron con asombro la formación de la tromba. La columna de agua avanzó hacia la costa, asustando a los pescadores, quienes abandonaron sus actividades en busca de refugio. Una casilla de madera cercana fue destruida, y su ocupante resultó gravemente herido. Giudice logró captar el fenómeno en imágenes que ilustran su desarrollo y se han convertido en una verdadera curiosidad. Descarga del archivo Haz click aquí para descargar el archivo	https://www.vicentelopez.gov.ar/archivohistorico/ficha/000001392-04/tromba-en-el-rio-de-la-plata	http://www.vicentelopez.gov.ar/archivohistorico/storage/large_000001392-04.jpeg
000001393-04	PLAYA DE OLIVOS 23 de enero de 1915	23 de enero de 1915	Caras y Caretas	Hemeroteca	Biblioteca Nacional de España	El material no podrá ser comercializado ni reproducido	Fotografía en la revista Caras y Caretas de los concurrentes al interesante encuentro al aire libre realizado en la playa de Olivos por el Centro Glorias del Arte. Descarga del archivo Haz click aquí para descargar el archivo	https://www.vicentelopez.gov.ar/archivohistorico/ficha/000001393-04/playa-de-olivos	http://www.vicentelopez.gov.ar/archivohistorico/storage/large_000001393-04.jpeg
000001394-04	COSTA DE OLIVOS 7 de septiembre de 1912	7 de septiembre de 1912	Caras y Caretas	Hemeroteca	Biblioteca Nacional de España	El material no podrá ser comercializado ni reproducido	Este artículo aborda la problemática de la mortandad masiva de peces observada en el río, desde Olivos hasta San Fernando y los riachos del delta. El texto relata la acumulación de cadáveres flotantes en la costa y las investigaciones llevadas a cabo por el Departamento Nacional de Higiene. Entre las posibles causas mencionadas se incluyen una epidemia de septicemia y las condiciones climáticas, aunque los estudios no han logrado determinar con certeza el origen del fenómeno. La situación generaba alarma entre los isleños y habitantes de la región, quienes temían efectos sobre la salud pública y el medioambiente. Descarga del archivo Haz click aquí para descargar el archivo	https://www.vicentelopez.gov.ar/archivohistorico/ficha/000001394-04/costa-de-olivos	http://www.vicentelopez.gov.ar/archivohistorico/storage/large_000001394-04.jpeg
000001402-04	PLAYAS DE OLIVOS 11 de marzo de 1916	11 de marzo de 1916	Caras y Caretas	Hemeroteca	Biblioteca Nacional de España	El material no podrá ser comercializado ni reproducido	Fotografía en la revista Caras y Caretas, publicada el 11 de marzo de 1916, sobre el encuentro al aire libre organizado por el Círculo Paraná en las playas de Olivos. Descarga del archivo Haz click aquí para descargar el archivo	https://www.vicentelopez.gov.ar/archivohistorico/ficha/000001402-04/playas-de-olivos	http://www.vicentelopez.gov.ar/archivohistorico/storage/large_000001402-04.jpeg
000001403-04	PLAYA DE OLIVOS 11 de abril de 1914	11 de abril de 1914	Caras y Caretas	Hemeroteca	Biblioteca Nacional de España	El material no podrá ser comercializado ni reproducido	Fotografía en la revista Caras y Caretas, publicada el 11 de abril de 1914, sobre el personal de la cervecería Quilmes en un encuentro al aire libre en la playa de Olivos. Descarga del archivo Haz click aquí para descargar el archivo	https://www.vicentelopez.gov.ar/archivohistorico/ficha/000001403-04/playa-de-olivos	http://www.vicentelopez.gov.ar/archivohistorico/storage/large_000001403-04.jpeg
000001404-04	PLAYA DE OLIVOS 12 de febrero de 1916	12 de febrero de 1916	Caras y Caretas	Hemeroteca	Biblioteca Nacional de España	El material no podrá ser comercializado ni reproducido	Fotografía en la revista Caras y Caretas, publicada el 12 de febrero de 1916, sobre una parte de la concurrencia al encuentro al aire libre del Club San Bernardo, celebrado en Olivos el domingo anterior. Descarga del archivo Haz click aquí para descargar el archivo	https://www.vicentelopez.gov.ar/archivohistorico/ficha/000001404-04/playa-de-olivos	http://www.vicentelopez.gov.ar/archivohistorico/storage/large_000001404-04.jpeg
000001405-04	PLAYA DE OLIVOS 13 de enero de 1917	13 de enero de 1917	Caras y Caretas	Hemeroteca	Biblioteca Nacional de España	El material no podrá ser comercializado ni reproducido	Fotografía en la revista Caras y Caretas, publicada el 13 de enero de 1917, sobre una fiesta campestre realizada a orillas del río en Olivos, a la que asistieron las más distinguidas familias. Descarga del archivo Haz click aquí para descargar el archivo	https://www.vicentelopez.gov.ar/archivohistorico/ficha/000001405-04/playa-de-olivos	http://www.vicentelopez.gov.ar/archivohistorico/storage/large_000001405-04.jpeg
000001420-04	PLAYAS DE OLIVOS 9 de febrero de 1918	9 de febrero de 1918	Caras y Caretas	Hemeroteca	Biblioteca Nacional de España	El material no podrá ser comercializado ni reproducido	El 9 de febrero de 1918, la revista Caras y Caretas publicó fotografías de la localidad de Olivos. En una de las imágenes se observa a un grupo de bañistas y paseantes disfrutando de las playas. Otra fotografía presenta una vista parcial de la playa, donde familias se congregan en los días feriados. Descarga del archivo Haz click aquí para descargar el archivo	https://www.vicentelopez.gov.ar/archivohistorico/ficha/000001420-04/playas-de-olivos	http://www.vicentelopez.gov.ar/archivohistorico/storage/large_000001420-04.jpeg
000001436-04	PLAYA DE OLIVOS 29 de enero de 1916	29 de enero de 1916	Caras y Caretas	Hemeroteca	Biblioteca Nacional de España	El material no podrá ser comercializado ni reproducido	Fotografía publicada en la revista Caras y Caretas el 29 de enero de 1916. La imagen muestra la concurrencia al encuentro al aire libre organizado por el círculo La Esperanza en la playa de Olivos. Descarga del archivo Haz click aquí para descargar el archivo	https://www.vicentelopez.gov.ar/archivohistorico/ficha/000001436-04/playa-de-olivos	http://www.vicentelopez.gov.ar/archivohistorico/storage/large_000001436-04.jpeg
000001523-04	PUERTO CARILÓ OLIVOS 10 de enero de 1990	10 de enero de 1990	Diario Clarín	Hemeroteca	Archivo Diario Clarín	El material no podrá ser comercializado ni reproducido	El Restaurante-pileta Puerto Cariló, ubicado en Sturiza 405, era un lugar cercano al puerto de Olivos. Ofrecía diversas atracciones como parque, pileta, quinchos y una variada oferta gastronómica. Descarga del archivo Haz click aquí para descargar el archivo	https://www.vicentelopez.gov.ar/archivohistorico/ficha/000001523-04/puerto-carilo-olivos	http://www.vicentelopez.gov.ar/archivohistorico/storage/large_000001523-04.jpeg
000001525-01	PLAYAS DE OLIVOS 3 de enero de 1973	3 de enero de 1973	Diario Clarín	Fotografía	Archivo Diario Clarín	El material no podrá ser comercializado ni reproducido	Desde comienzos de los años veinte y hasta la década de los ochenta inclusive, Vicente López fue una ciudad balnearia con asidua asistencia tanto de vecinos como personas que venían de otras localidades.	https://www.vicentelopez.gov.ar/archivohistorico/ficha/000001525-01/playas-de-olivos	http://www.vicentelopez.gov.ar/archivohistorico/storage/large_000001525-01.jpeg
000001526-01	PLAYAS DE OLIVOS 21 de diciembre de 1967	21 de diciembre de 1967	Diario Clarín	Fotografía	Archivo Diario Clarín	El material no podrá ser comercializado ni reproducido	Fotografía publicada en el Diario Clarín en donde se destaca la limpieza del río y costanera de Vicente López. Desde comienzos de los años veinte y hasta la década de los ochenta inclusive, Vicente López fue una ciudad balnearia con asidua asistencia tanto de vecinos como personas que venían de otras localidades.	https://www.vicentelopez.gov.ar/archivohistorico/ficha/000001526-01/playas-de-olivos	http://www.vicentelopez.gov.ar/archivohistorico/storage/large_000001526-01.jpeg
000001527-01	PLAYAS DE OLIVOS 3 de enero de 1973	3 de enero de 1973	Diario Clarín	Fotografía	Archivo Diario Clarín	El material no podrá ser comercializado ni reproducido	Desde comienzos de los años veinte y hasta la década de los ochenta inclusive, Vicente López fue una ciudad balnearia con asidua asistencia tanto de vecinos como personas que venían de otras localidades.	https://www.vicentelopez.gov.ar/archivohistorico/ficha/000001527-01/playas-de-olivos	http://www.vicentelopez.gov.ar/archivohistorico/storage/large_000001527-01.jpeg
000001528-01	PLAYAS DE OLIVOS Año 1969	Año 1969	Diario Clarín	Fotografía	Archivo Diario Clarín	El material no podrá ser comercializado ni reproducido	Desde comienzos de los años veinte y hasta la década de los ochenta inclusive, Vicente López fue una ciudad balnearia con asidua asistencia tanto de vecinos como personas que venían de otras localidades.	https://www.vicentelopez.gov.ar/archivohistorico/ficha/000001528-01/playas-de-olivos	http://www.vicentelopez.gov.ar/archivohistorico/storage/large_000001528-01.jpeg
000001529-04	BALNEARIO LAS ESCALERITAS. QUEJAS DE VECINOS 12 de enero de 1991	12 de enero de 1991	Diario Clarín	Hemeroteca	Archivo Diario Clarín	El material no podrá ser comercializado ni reproducido	"Quejas de vecinos por la imposibilidad de usar libremente la playa Las Escaleritas por razones de seguridad. El Balneario Municipal Las Escaleritas, situado en Olivos, fue un destacado destino que abarcaba casi cuatro manzanas a lo largo del río, entre las calles Villate y Corrientes. Hasta mediados de los años 60, disfrutó de gran popularidad entre los vecinos que lo utilizaban para bañarse en el río y disfrutar de la playa. Inaugurado por Juan Domingo Perón en la década de 1950, se encontraba en el 2300 de la Avenida Libertador con acceso por Uribelarrea. También conocido como ""La Hoya"" o ""La Banderita"", en los años 90 se propuso privatizar el predio, cediendo los terrenos al Colegio San Jorge por solicitud de la Dirección Nacional de Puerto, argumentando la necesidad de garantizar la seguridad de la residencia presidencial ubicada a aproximadamente 1000 metros del lugar. Sin embargo, este proyecto fue posteriormente revocado. Descarga del archivo Haz click aquí para descargar el archivo"	https://www.vicentelopez.gov.ar/archivohistorico/ficha/000001529-04/balneario-las-escaleritas-quejas-de-vecinos	http://www.vicentelopez.gov.ar/archivohistorico/storage/large_000001529-04.jpeg
000001530-01	PLAYAS DE OLIVOS 18 de octubre de 1990	18 de octubre de 1990	Caillet Bois, Osvaldo	Fotografía	Archivo Diario Clarín	El material no podrá ser comercializado ni reproducido	Cartel que advierte sobre la contaminación del agua y prohíbe el baño en el río. Durante las décadas del veinte al ochenta, Vicente López fue una ciudad balnearia con alta concurrencia de vecinos y visitantes de otras localidades. Sin embargo, en los años noventa, se planteó la privatización de una parte del predio, cediendo los terrenos al Colegio San Jorge a solicitud de la Dirección Nacional de Puerto, con el argumento de garantizar la seguridad de la residencia presidencial ubicada a unos 1000 metros del lugar. Este proyecto, sin embargo, fue revocado en una etapa posterior.	https://www.vicentelopez.gov.ar/archivohistorico/ficha/000001530-01/playas-de-olivos	http://www.vicentelopez.gov.ar/archivohistorico/storage/large_000001530-01.jpeg
000001532-01	PLAYAS DE OLIVOS 19 de enero de 1991	19 de enero de 1991	Baird, Carlos Roberto	Fotografía	Archivo Diario Clarín	El material no podrá ser comercializado ni reproducido	Durante las décadas del veinte al ochenta, Vicente López fue una ciudad balnearia con alta concurrencia de vecinos y visitantes de otras localidades. Sin embargo, en los años noventa, se planteó la privatización de una parte del predio, cediendo los terrenos al Colegio San Jorge a solicitud de la Dirección Nacional de Puerto, con el argumento de garantizar la seguridad de la residencia presidencial ubicada a unos 1000 metros del lugar. Este proyecto, sin embargo, fue revocado en una etapa posterior.	https://www.vicentelopez.gov.ar/archivohistorico/ficha/000001532-01/playas-de-olivos	http://www.vicentelopez.gov.ar/archivohistorico/storage/large_000001532-01.jpeg
000001533-01	PLAYAS DE OLIVOS 19 de enero de 1991	19 de enero de 1991	Baird, Carlos Roberto	Fotografía	Archivo Diario Clarín	El material no podrá ser comercializado ni reproducido	Fotografía del diario Clarín del balneario de Olivos. Durante las décadas del veinte al ochenta, Vicente López fue una ciudad balnearia con alta concurrencia de vecinos y visitantes de otras localidades. Sin embargo, en los años noventa, se planteó la privatización de una parte del predio, cediendo los terrenos al Colegio San Jorge a solicitud de la Dirección Nacional de Puerto, con el argumento de garantizar la seguridad de la residencia presidencial ubicada a unos 1000 metros del lugar. Este proyecto, sin embargo, fue revocado en una etapa posterior.	https://www.vicentelopez.gov.ar/archivohistorico/ficha/000001533-01/playas-de-olivos	http://www.vicentelopez.gov.ar/archivohistorico/storage/large_000001533-01.jpeg
000001534-01	PLAYAS DE OLIVOS 19 de enero de 1991	19 de enero de 1991	Baird, Carlos Roberto	Fotografía	Archivo Diario Clarín	El material no podrá ser comercializado ni reproducido	Fotografía del diario Clarín del balneario de Olivos. Durante las décadas del veinte al ochenta, Vicente López fue una ciudad balnearia con alta concurrencia de vecinos y visitantes de otras localidades. Sin embargo, en los años noventa, se planteó la privatización de una parte del predio, cediendo los terrenos al Colegio San Jorge a solicitud de la Dirección Nacional de Puerto, con el argumento de garantizar la seguridad de la residencia presidencial ubicada a unos 1000 metros del lugar. Este proyecto, sin embargo, fue revocado en una etapa posterior.	https://www.vicentelopez.gov.ar/archivohistorico/ficha/000001534-01/playas-de-olivos	http://www.vicentelopez.gov.ar/archivohistorico/storage/large_000001534-01.jpeg
000001535-01	PLAYAS DE OLIVOS 19 de enero de 1991	19 de enero de 1991	Baird, Carlos Roberto	Fotografía	Archivo Diario Clarín	El material no podrá ser comercializado ni reproducido	Fotografía del diario Clarín del balneario de Olivos. Durante las décadas del veinte al ochenta, Vicente López fue una ciudad balnearia con alta concurrencia de vecinos y visitantes de otras localidades. Sin embargo, en los años noventa, se planteó la privatización de una parte del predio, cediendo los terrenos al Colegio San Jorge a solicitud de la Dirección Nacional de Puerto, con el argumento de garantizar la seguridad de la residencia presidencial ubicada a unos 1000 metros del lugar. Este proyecto, sin embargo, fue revocado en una etapa posterior.	https://www.vicentelopez.gov.ar/archivohistorico/ficha/000001535-01/playas-de-olivos	http://www.vicentelopez.gov.ar/archivohistorico/storage/large_000001535-01.jpeg
000001542-04	PUERTO DE OLIVOS 27 de enero de 1992	27 de enero de 1992	Diario Clarín	Hemeroteca	Archivo Diario Clarín	El material no podrá ser comercializado ni reproducido	Controversia por el proyecto de construcción de cuatro torres en una ubicación no autorizada en las proximidades del puerto de Olivos, alegando la existencia de una ordenanza de privilegio. Descarga del archivo Haz click aquí para descargar el archivo	https://www.vicentelopez.gov.ar/archivohistorico/ficha/000001542-04/puerto-de-olivos	http://www.vicentelopez.gov.ar/archivohistorico/storage/large_000001542-04.jpeg
000001558-01	PUERTO CARILÓ OLIVOS 30 de noviembre de 1980	30 de noviembre de 1980	Diario Clarín	Fotografía	Archivo Diario Clarín	El material no podrá ser comercializado ni reproducido	El Restaurante-pileta Puerto Cariló, ubicado en Sturiza 405, era un lugar cercano al puerto de Olivos. Ofrecía diversas atracciones como parque, pileta, quinchos y una variada oferta gastronómica.	https://www.vicentelopez.gov.ar/archivohistorico/ficha/000001558-01/puerto-carilo-olivos	http://www.vicentelopez.gov.ar/archivohistorico/storage/large_000001558-01.jpeg
000001562-01	PUERTO DE OLIVOS 21 de diciembre de 1984	21 de diciembre de 1984	Bairo, Carlos Alberto	Fotografía	Archivo Diario Clarín	El material no podrá ser comercializado ni reproducido	Fotografía del Puerto de Olivos tomada por el diario Clarín alrededor del año 1894. Este puerto fue inaugurado el 1 de agosto de 1921, luego de que el proyecto fuera autorizado por decreto presidencial firmado por Hipólito Yrigoyen. Más tarde, en sus cercanías, se establecería un balneario con playas de acceso público.	https://www.vicentelopez.gov.ar/archivohistorico/ficha/000001562-01/puerto-de-olivos	http://www.vicentelopez.gov.ar/archivohistorico/storage/large_000001562-01.jpeg
000001563-01	PUERTO DE OLIVOS No contiene fecha estimada	No contiene fecha estimada	Bairo, Carlos Alberto	Fotografía	Archivo Diario Clarín	El material no podrá ser comercializado ni reproducido	Fotografía del Puerto de Olivos tomada por el Diario Clarín. Este puerto fue inaugurado el 1 de agosto de 1921, luego de que el proyecto fuera autorizado por decreto presidencial firmado por Hipólito Yrigoyen (mandato 12/10/1916 - 12/10/1922 y 12/10/1928 - 6/09/1930). Más tarde, en sus cercanías, se establecería un balneario con playas de acceso público.	https://www.vicentelopez.gov.ar/archivohistorico/ficha/000001563-01/puerto-de-olivos	http://www.vicentelopez.gov.ar/archivohistorico/storage/large_000001563-01.jpeg
000001565-01	PUERTO DE OLIVOS 21 de diciembre de 1984	21 de diciembre de 1984	Bairo, Carlos Alberto	Fotografía	Archivo Diario Clarín	El material no podrá ser comercializado ni reproducido	El Puerto de Olivos fue inaugurado el 1 de agosto de 1921, luego de que el proyecto fuera autorizado por decreto presidencial firmado por Hipólito Yrigoyen. Más tarde, en sus cercanías, se establecería un balneario con playas de acceso público.	https://www.vicentelopez.gov.ar/archivohistorico/ficha/000001565-01/puerto-de-olivos	http://www.vicentelopez.gov.ar/archivohistorico/storage/large_000001565-01.jpeg
000001570-01	PUERTO DE OLIVOS 15 de septiembre de 1969	15 de septiembre de 1969	Diario Clarín	Fotografía	Archivo Diario Clarín	El material no podrá ser comercializado ni reproducido	Jóvenes disfrutando de actividades náuticas en embarcaciones situadas en el Puerto de Olivos.	https://www.vicentelopez.gov.ar/archivohistorico/ficha/000001570-01/puerto-de-olivos	http://www.vicentelopez.gov.ar/archivohistorico/storage/large_000001570-01.jpeg
000001571-01	PUERTO DE OLIVOS 2 de diciembre de 1985	2 de diciembre de 1985	Diario Clarín	Fotografía	Archivo Diario Clarín	El material no podrá ser comercializado ni reproducido	Fotografía del Puerto de Olivos tomada por el diario Clarín.	https://www.vicentelopez.gov.ar/archivohistorico/ficha/000001571-01/puerto-de-olivos	http://www.vicentelopez.gov.ar/archivohistorico/storage/large_000001571-01.jpeg
000001572-01	PUERTO DE OLIVOS 20 de febrero de 1977	20 de febrero de 1977	González, Jorge para Leo Film	Fotografía	Archivo Diario Clarín	El material no podrá ser comercializado ni reproducido	Imagen nocturna del muelle del Club de Pescadores, ubicado en el Puerto de Olivos.	https://www.vicentelopez.gov.ar/archivohistorico/ficha/000001572-01/puerto-de-olivos	http://www.vicentelopez.gov.ar/archivohistorico/storage/large_000001572-01.jpeg
000001573-04	PUERTO DE OLIVOS. NUEVO MUELLE 20 de febrero de 1977	20 de febrero de 1977	Diario Clarín	Hemeroteca	Archivo Diario Clarín	El material no podrá ser comercializado ni reproducido	Nota del diario Clarín sobre la inauguración del nuevo muelle en el Club de Pescadores de Olivos, donde se llevó a cabo un torneo internacional de esa disciplina. Descarga del archivo Haz click aquí para descargar el archivo	https://www.vicentelopez.gov.ar/archivohistorico/ficha/000001573-04/puerto-de-olivos-nuevo-muelle	http://www.vicentelopez.gov.ar/archivohistorico/storage/large_000001573-04.jpeg
000001575-04	PUERTO DE OLIVOS 27 de marzo de 1983	27 de marzo de 1983	Diario Clarín	Hemeroteca	Archivo Diario Clarín	El material no podrá ser comercializado ni reproducido	Empresas areneras y sus trabajadores declararon un bloqueo en el puerto de Olivos, según una nota publicada por el diario Clarín. La protesta se llevó a cabo en respuesta al anunciado cierre del puerto a la actividad arenera. Descarga del archivo Haz click aquí para descargar el archivo	https://www.vicentelopez.gov.ar/archivohistorico/ficha/000001575-04/puerto-de-olivos	http://www.vicentelopez.gov.ar/archivohistorico/storage/large_000001575-04.jpeg
000001576-04	PUERTO DE OLIVOS 23 de noviembre de 1982	23 de noviembre de 1982	Diario Popular	Hemeroteca	Archivo Diario Clarín	El material no podrá ser comercializado ni reproducido	El puerto de Olivos fue inaugurado el 1 de agosto de 1921, después de que el proyecto recibiera la autorización del entonces presidente Hipólito Yrigoyen. Más tarde, en sus proximidades, se estableció un balneario con playas de acceso público. El 10 de julio de 1982, mediante un decreto gubernamental, la Administración General de Puertos transfirió la gestión del Puerto de Olivos a la Municipalidad de Vicente López, alineándose con la política nacional en la materia. Esta transferencia generó inquietud entre los trabajadores del sector arenero, ante la posibilidad de que el puerto cerrara para convertirse en un centro deportivo náutico, ya que la zona se utilizaba para la venta de arena y canto rodado. Descarga del archivo Haz click aquí para descargar el archivo	https://www.vicentelopez.gov.ar/archivohistorico/ficha/000001576-04/puerto-de-olivos	http://www.vicentelopez.gov.ar/archivohistorico/storage/large_000001576-04.jpeg
000001577-04	PUERTO DE OLIVOS 15 de noviembre de 1982	15 de noviembre de 1982	Diario La Voz	Hemeroteca	Archivo Diario Clarín	El material no podrá ser comercializado ni reproducido	El puerto de Olivos fue inaugurado el 1 de agosto de 1921, después de que el proyecto recibiera la autorización del entonces presidente Hipólito Yrigoyen. Más tarde, en sus proximidades, se estableció un balneario con playas de acceso público. El 10 de julio de 1982, mediante un decreto gubernamental, la Administración General de Puertos transfirió la gestión del Puerto de Olivos a la Municipalidad de Vicente López, alineándose con la política nacional en la materia. Esta transferencia generó inquietud entre los trabajadores del sector arenero, ante la posibilidad de que el puerto cerrara para convertirse en un centro deportivo náutico, ya que la zona se utilizaba para la venta de arena y canto rodado. Descarga del archivo Haz click aquí para descargar el archivo	https://www.vicentelopez.gov.ar/archivohistorico/ficha/000001577-04/puerto-de-olivos	http://www.vicentelopez.gov.ar/archivohistorico/storage/large_000001577-04.jpeg
000001578-04	PUERTO DE OLIVOS 10 de noviembre de 1982	10 de noviembre de 1982	Solicitada	Hemeroteca	Archivo Diario Clarín	El material no podrá ser comercializado ni reproducido	Solicitada de obreros y empresarios del sector en protesta contra la decisión gubernamental de cerrar el Puerto de Olivos a la actividad arenera, publicada en el diario Clarín. El puerto de Olivos fue inaugurado el 1 de agosto de 1921, después de que el proyecto recibiera la autorización del entonces presidente Hipólito Yrigoyen. Más tarde, en sus proximidades, se estableció un balneario con playas de acceso público. El 10 de julio de 1982, mediante un decreto gubernamental, la Administración General de Puertos transfirió la gestión del Puerto de Olivos a la Municipalidad de Vicente López, alineándose con la política nacional en la materia. Esta transferencia generó inquietud entre los trabajadores del sector arenero, ante la posibilidad de que el puerto cerrara para convertirse en un centro deportivo náutico, ya que la zona se utilizaba para la venta de arena y canto rodado. Descarga del archivo Haz click aquí para descargar el archivo	https://www.vicentelopez.gov.ar/archivohistorico/ficha/000001578-04/puerto-de-olivos	http://www.vicentelopez.gov.ar/archivohistorico/storage/large_000001578-04.jpeg
000001579-04	PUERTO DE OLIVOS. ESPIGÓN DE PESCA 3 de febrero de 1967	3 de febrero de 1967	Diario La Prensa	Hemeroteca	Archivo Diario Clarín	El material no podrá ser comercializado ni reproducido	El puerto de Olivos fue inaugurado el 1 de agosto de 1921, después de que el proyecto recibiera la autorización del entonces presidente Hipólito Yrigoyen. Más tarde, en sus proximidades, se estableció un balneario con playas de acceso público. El 10 de julio de 1982, mediante un decreto gubernamental, la Administración General de Puertos transfirió la gestión del Puerto de Olivos a la Municipalidad de Vicente López, alineándose con la política nacional en la materia. Esta transferencia generó inquietud entre los trabajadores del sector arenero, ante la posibilidad de que el puerto cerrara para convertirse en un centro deportivo náutico, ya que la zona se utilizaba para la venta de arena y canto rodado. Descarga del archivo Haz click aquí para descargar el archivo	https://www.vicentelopez.gov.ar/archivohistorico/ficha/000001579-04/puerto-de-olivos-espigon-de-pesca	http://www.vicentelopez.gov.ar/archivohistorico/storage/large_000001579-04.jpeg
000001703-01	BALNEARIO EL ANCLA Año 1970	Año 1970	Anónimo	Fotografía	Colección Antonio Maccan	El material no podrá ser comercializado ni reproducido	"Una familia disfruta de un día en la playa El Ancla, ubicada en el balneario Punta Bikini. Este lugar era reconocido por la presencia de bancos de arena, conocidos como ""bikinis"", que emergían en la superficie. Situado en la calle Yrigoyen, entre Emilio Parravicini, actualmente Hipólito Yrigoyen, e Italia, el balneario, inicialmente conocido como Los Ángeles, ofrecía una amplia gama de instalaciones, que incluían un salón, una pista de baile, vestuarios y una piscina de 1.000.000 litros de agua proveniente de un pozo."	https://www.vicentelopez.gov.ar/archivohistorico/ficha/000001703-01/balneario-el-ancla	http://www.vicentelopez.gov.ar/archivohistorico/storage/large_000001703-01.jpeg
000002064-01	YACHT CLUB OLIVOS Circa década 1940	Circa década 1940	Anónimo	Fotografía	Colección Familia Bertoncello	El material no podrá ser comercializado ni reproducido	Carnet de socio vitalicio fundador de Juan Fernando Bertoncello del Yacht Club Olivos. Juan Fernando, hijo de Giovanni Bertoncello, de los primeros pobladores de Olivos, fue uno de los fundadores del club en 1927 junto a otros entusiastas del yachting. Ese mismo año se estableció el Yacht Club Olivos (YCO) bajo la dirección de Carlos Collet como primer Comodoro. En menos de un año, el club ya tenía su sede propia en la escollera sur del Puerto de Olivos y contaba con sus propias embarcaciones. Desde sus inicios, el YCO ha promovido activamente la navegación entre la juventud. Hoy en día, el club se encuentra ubicado en Juan Bautista Alberdi 315, Olivos.	https://www.vicentelopez.gov.ar/archivohistorico/ficha/000002064-01/yacht-club-olivos	http://www.vicentelopez.gov.ar/archivohistorico/storage/large_000002064-01.jpeg
000002065-01	YACHT CLUB OLIVOS Circa década 1940	Circa década 1940	Anónimo	Fotografía	Colección Familia Bertoncello	El material no podrá ser comercializado ni reproducido	Fotografía de Juan Fernando Bertoncello en la casilla original del Yacht Club Olivos, ubicada en el lugar donde hoy se encuentra la Prefectura de Olivos. Juan Fernando, hijo de Giovanni Bertoncello, de los primeros pobladores de Olivos, fue uno de los fundadores del club en 1927 junto a otros entusiastas del yachting. Ese mismo año se estableció el Yacht Club Olivos (YCO) bajo la dirección de Carlos Collet como primer Comodoro. En menos de un año, el club ya tenía su sede propia en la escollera sur del Puerto de Olivos y contaba con sus propias embarcaciones. Desde sus inicios, el YCO ha promovido activamente la navegación entre la juventud. Hoy en día, el club se encuentra ubicado en Juan Bautista Alberdi 315, Olivos.	https://www.vicentelopez.gov.ar/archivohistorico/ficha/000002065-01/yacht-club-olivos	http://www.vicentelopez.gov.ar/archivohistorico/storage/large_000002065-01.jpeg
000002088-01	COSTA DE OLIVOS Circa década 1910	Circa década 1910	Anónimo	Fotografía	Club Náutico Olivos	El material no podrá ser comercializado ni reproducido	En la costa de Olivos, antes de la construcción del puerto, las toscas dominaban el paisaje costero. Estas formaciones rocosas naturales ofrecían un aspecto rústico y característico, moldeado por las mareas y el paso del tiempo. Este escenario pintoresco era emblemático de la zona antes de que se iniciara el desarrollo portuario.	https://www.vicentelopez.gov.ar/archivohistorico/ficha/000002088-01/costa-de-olivos	http://www.vicentelopez.gov.ar/archivohistorico/storage/large_000002088-01.jpeg
000002089-01	PUERTO DE OLIVOS Año 1919	Año 1919	Anónimo	Fotografía	Club Náutico Olivos	El material no podrá ser comercializado ni reproducido	En 1919, comenzó la construcción del espigón en la ensenada de Olivos. Posteriormente, el 26 de octubre de 1921, se inició la construcción del puerto de Olivos, tras la aprobación del proyecto mediante un decreto firmado el 1 de agosto de ese año por el entonces presidente Hipólito Yrigoyen. Este plan recibió el respaldo del Intendente municipal Zorraquín, y las tierras necesarias fueron donadas por Matías Sturiza. El puerto incluía una escollera de defensa para el canal de acceso y un muelle destinado a las operaciones de las embarcaciones que realizaban el comercio de cabotaje entre las islas del Delta y el puerto de la Capital. La inauguración tuvo lugar un año después, el 7 de octubre de 1922, y contó con la presencia del ministro de Obras Públicas, Dr. Torello, junto al ex intendente del partido de Vicente López, Emilio Zorraquín, y otros funcionarios.	https://www.vicentelopez.gov.ar/archivohistorico/ficha/000002089-01/puerto-de-olivos	http://www.vicentelopez.gov.ar/archivohistorico/storage/large_000002089-01.jpeg
000002090-01	PUERTO DE OLIVOS Circa década 1920	Circa década 1920	Anónimo	Fotografía	Club Náutico Olivos	El material no podrá ser comercializado ni reproducido	En 1919, comenzó la construcción del espigón en la ensenada de Olivos y posteriormente las obras de avance para el dragado del espejo de agua en el que se construiría el futuro puerto de Olivos. El proyecto del puerto fue iniciado el 26 de octubre de 1921, tras la aprobación mediante un decreto firmado el 1 de agosto de ese año por el presidente Hipólito Yrigoyen. El plan contó con el respaldo del Intendente municipal Zorraquín, y las tierras necesarias fueron donadas por Matías Sturiza. El diseño del puerto incluía una escollera de defensa para el canal de acceso y un muelle destinado a las operaciones de las embarcaciones que realizaban el comercio de cabotaje entre las islas del Delta y el puerto de la Capital. La inauguración oficial se llevó a cabo el 7 de octubre de 1922, con la presencia destacada del ministro de Obras Públicas, Dr. Torello, y del ex intendente del partido de Vicente López, Emilio Zorraquín, entre otros funcionarios.	https://www.vicentelopez.gov.ar/archivohistorico/ficha/000002090-01/puerto-de-olivos	http://www.vicentelopez.gov.ar/archivohistorico/storage/large_000002090-01.jpeg
000002091-01	PUERTO DE OLIVOS Circa década 1920	Circa década 1920	Anónimo	Fotografía	Club Náutico Olivos	El material no podrá ser comercializado ni reproducido	En 1919, comenzó la construcción del espigón en la ensenada de Olivos y posteriormente las obras de avance para el dragado del espejo de agua en el que se construiría el futuro puerto de Olivos. El proyecto del puerto fue iniciado el 26 de octubre de 1921, tras la aprobación mediante un decreto firmado el 1 de agosto de ese año por el presidente Hipólito Yrigoyen. El plan contó con el respaldo del Intendente municipal Zorraquín, y las tierras necesarias fueron donadas por Matías Sturiza. El diseño del puerto incluía una escollera de defensa para el canal de acceso y un muelle destinado a las operaciones de las embarcaciones que realizaban el comercio de cabotaje entre las islas del Delta y el puerto de la Capital. La inauguración oficial se llevó a cabo el 7 de octubre de 1922, con la presencia destacada del ministro de Obras Públicas, Dr. Torello, y del ex intendente del partido de Vicente López, Emilio Zorraquín, entre otros funcionarios.	https://www.vicentelopez.gov.ar/archivohistorico/ficha/000002091-01/puerto-de-olivos	http://www.vicentelopez.gov.ar/archivohistorico/storage/large_000002091-01.jpeg
000002092-01	PUERTO DE OLIVOS Circa década 1920	Circa década 1920	Anónimo	Fotografía	Club Náutico Olivos	El material no podrá ser comercializado ni reproducido	Obras realizadas en la construcción del Puerto de Olivos. Aquí se distinguen las vías de zorra que se utilizaban para transportar piedras, y los primeros cimientos de la actual escollera.En 1919, comenzó la construcción del espigón en la ensenada de Olivos, seguida por las obras de dragado del espejo de agua donde se edificaría el futuro puerto de Olivos. En esta etapa, se distinguían las vías de zorra utilizadas para transportar piedras y los primeros cimientos de la actual escollera. El proyecto del puerto fue iniciado el 26 de octubre de 1921, tras la aprobación mediante un decreto firmado el 1 de agosto de ese año por el presidente Hipólito Yrigoyen. Este plan contó con el respaldo del intendente municipal Emilio Zorraquín y con la donación de las tierras necesarias por parte de Matías Sturiza. El diseño del puerto incluía una escollera de defensa para el canal de acceso y un muelle destinado a las operaciones de las embarcaciones que realizaban el comercio de cabotaje entre las islas del Delta y el puerto de la Capital. La inauguración oficial del puerto se llevó a cabo el 7 de octubre de 1922, con la presencia destacada del ministro de Obras Públicas, Dr. Torello, y del ex intendente de Vicente López, Emilio Zorraquín, entre otros funcionarios.	https://www.vicentelopez.gov.ar/archivohistorico/ficha/000002092-01/puerto-de-olivos	http://www.vicentelopez.gov.ar/archivohistorico/storage/large_000002092-01.jpeg
000002093-01	PUERTO DE OLIVOS Circa década 1920	Circa década 1920	Anónimo	Fotografía	Club Náutico Olivos	El material no podrá ser comercializado ni reproducido	En 1919, comenzó la construcción del espigón en la ensenada de Olivos y, posteriormente, las obras de avance para el dragado del espejo de agua en el que se construiría el futuro puerto de Olivos. El proyecto del puerto fue iniciado el 26 de octubre de 1921, tras la aprobación mediante un decreto firmado el 1 de agosto de ese año por el presidente Hipólito Yrigoyen. El plan contó con el respaldo del intendente municipal Zorraquín y las tierras necesarias fueron donadas por Matías Sturiza. El diseño del puerto incluía una escollera de defensa para el canal de acceso y un muelle destinado a las operaciones de las embarcaciones que realizaban el comercio de cabotaje entre las islas del Delta y el puerto de la Capital. Los trabajos de construcción de la escollera sur se lograron gracias a la aprobación de una inversión de 285.825 pesos moneda nacional por parte del Congreso Nacional. Aquí se distinguen las vías de zorra que se utilizaban para transportar piedras y los primeros cimientos de la actual escollera. La inauguración oficial se llevó a cabo el 7 de octubre de 1922, con la presencia destacada del ministro de Obras Públicas, Dr. Torello, y del exintendente del partido de Vicente López, Emilio Zorraquín, entre otros funcionarios.	https://www.vicentelopez.gov.ar/archivohistorico/ficha/000002093-01/puerto-de-olivos	http://www.vicentelopez.gov.ar/archivohistorico/storage/large_000002093-01.jpeg
000002094-01	PUERTO DE OLIVOS Circa década 1930	Circa década 1930	Anónimo	Fotografía	Club Náutico Olivos	El material no podrá ser comercializado ni reproducido	Imagen de la calle de acceso al Puerto de Olivos, actualmente ubicado en Juan Díaz de Solís 80.	https://www.vicentelopez.gov.ar/archivohistorico/ficha/000002094-01/puerto-de-olivos	http://www.vicentelopez.gov.ar/archivohistorico/storage/large_000002094-01.jpeg
000002095-01	CLUB NÁUTICO OLIVOS Año 1935	Año 1935	Anónimo	Fotografía	Club Náutico Olivos	El material no podrá ser comercializado ni reproducido	"La imagen muestra la plataforma con las primeras instalaciones del Club Náutico Olivos en el año 1935. El Club Náutico Olivos, anteriormente conocido como ""Olivos Boat Club"", fue fundado el 15 de octubre de 1921 por un grupo de vecinos que buscaban contar con un espacio en aguas reparadas para fondear sus embarcaciones. La primera asamblea del club tuvo lugar el 24 de junio en el salón de actos del Diario La Prensa, donde se aprobó el nuevo nombre y se estableció la navegación a vela como su principal actividad. El 28 de junio de 1930 se aprobaron los planos para la construcción del edificio del Club Náutico Olivos, que se levantaría en la plataforma de la escollera norte del Puerto de Olivos. Alrededor de esta plataforma se construiría una isla artificial. Ricardo González Bonorino, vecino de Olivos y destacado deportista, fue uno de los fundadores del club y se desempeñó como comodoro entre los años 1932 y 1933. Actualmente, el club está ubicado en la intersección de Juan Bautista Alberdi y el Río de la Plata."	https://www.vicentelopez.gov.ar/archivohistorico/ficha/000002095-01/club-nautico-olivos	http://www.vicentelopez.gov.ar/archivohistorico/storage/large_000002095-01.jpeg
000002097-05	CLUB NÁUTICO OLIVOS 26 de octubre de 1931	26 de octubre de 1931	Anónimo	Bibliografía	Club Náutico Olivos	El material no podrá ser comercializado ni reproducido	Título del préstamo contraído por el Club Náutico Olivos el 26 de octubre de 1931 para la construcción de su edificio social. El Club Náutico Olivos, fundado el 15 de octubre de 1921, buscaba desde sus inicios contar con un espacio propio en el Puerto de Olivos. El 28 de junio de 1930 se aprobaron los planos para la construcción de su edificio social en la plataforma de la escollera norte. Para financiar la obra, la institución contrajo un préstamo el 26 de octubre de 1931, que marcó un paso decisivo en la consolidación del proyecto, que también planteaba la construcción de una isla artificial alrededor de la plataforma. El club, conocido originalmente como Olivos Boat Club, adoptó el nombre de Club Náutico Olivos en 1921 durante su primera asamblea, celebrada en el salón de actos del Diario La Prensa. Ubicado actualmente en la intersección de Juan Bautista Alberdi y el Río de la Plata, se convirtió en un referente de la navegación a vela, con figuras destacadas como Ricardo González Bonorino, fundador y comodoro entre 1932 y 1933. Descarga del archivo Haz click aquí para descargar el archivo	https://www.vicentelopez.gov.ar/archivohistorico/ficha/000002097-05/club-nautico-olivos	http://www.vicentelopez.gov.ar/archivohistorico/storage/large_000002097-05.jpeg
000002098-01	PUERTO DE OLIVOS Año 1929	Año 1929	Anónimo	Fotografía	Club Náutico Olivos	El material no podrá ser comercializado ni reproducido	Inundación de la calle Matías Sturiza en el Puerto de Olivos, ocurrida en el año 1929.	https://www.vicentelopez.gov.ar/archivohistorico/ficha/000002098-01/puerto-de-olivos	http://www.vicentelopez.gov.ar/archivohistorico/storage/large_000002098-01.jpeg
000002099-01	PUERTO DE OLIVOS Año 1925	Año 1925	Anónimo	Fotografía	Club Náutico Olivos	El material no podrá ser comercializado ni reproducido	Tripulantes de una embarcación en el recientemente construido Puerto de Olivos.	https://www.vicentelopez.gov.ar/archivohistorico/ficha/000002099-01/puerto-de-olivos	http://www.vicentelopez.gov.ar/archivohistorico/storage/large_000002099-01.jpeg
000002100-01	PUERTO DE OLIVOS Año 1925	Año 1925	Anónimo	Fotografía	Club Náutico Olivos	El material no podrá ser comercializado ni reproducido	Navegación a vela en el recientemente construido Puerto de Olivos.	https://www.vicentelopez.gov.ar/archivohistorico/ficha/000002100-01/puerto-de-olivos	http://www.vicentelopez.gov.ar/archivohistorico/storage/large_000002100-01.jpeg
000002101-01	CLUB NÁUTICO OLIVOS Año 1928	Año 1928	Anónimo	Fotografía	Club Náutico Olivos	El material no podrá ser comercializado ni reproducido	Socios del Club Náutico Olivos navegando a vela por el Río de la Plata, con Caferatta a cargo de la embarcación. El Club Náutico Olivos, anteriormente conocido como Olivos Boat Club, fue fundado el 15 de octubre de 1921 por un grupo de vecinos que buscaban un espacio en aguas reparadas para fondear sus embarcaciones. La primera asamblea del club se llevó a cabo el 24 de junio de 1921 en el salón de actos del Diario La Prensa, donde se aprobó el nuevo nombre y se estableció la navegación a vela como la principal actividad. El 28 de junio de 1930, se aprobaron los planos para la construcción del edificio del club en la plataforma de la escollera norte del Puerto de Olivos. Dichos planos contemplaban también la creación de una isla artificial alrededor de la plataforma. Ricardo González Bonorino, vecino de Olivos y destacado deportista, fue uno de los fundadores y ejerció como comodoro entre 1932 y 1933.	https://www.vicentelopez.gov.ar/archivohistorico/ficha/000002101-01/club-nautico-olivos	http://www.vicentelopez.gov.ar/archivohistorico/storage/large_000002101-01.jpeg
000002102-01	CLUB NÁUTICO OLIVOS Año 1928	Año 1928	Anónimo	Fotografía	Club Náutico Olivos	El material no podrá ser comercializado ni reproducido	Socios del Club Náutico Olivos navegando a vela por el Río de la Plata. El Club Náutico Olivos, anteriormente conocido como Olivos Boat Club, fue fundado el 15 de octubre de 1921 por un grupo de vecinos que buscaban un espacio en aguas reparadas para fondear sus embarcaciones. La primera asamblea del club se llevó a cabo el 24 de junio de 1921 en el salón de actos del Diario La Prensa, donde se aprobó el nuevo nombre y se estableció la navegación a vela como la principal actividad. El 28 de junio de 1930, se aprobaron los planos para la construcción del edificio del club en la plataforma de la escollera norte del Puerto de Olivos. Dichos planos contemplaban también la creación de una isla artificial alrededor de la plataforma. Ricardo González Bonorino, vecino de Olivos y destacado deportista, fue uno de los fundadores y ejerció como comodoro entre 1932 y 1933. El Club Náutico Olivos se encuentra actualmente en la intersección de la calle Juan Bautista Alberdi y el Río de la Plata.	https://www.vicentelopez.gov.ar/archivohistorico/ficha/000002102-01/club-nautico-olivos	http://www.vicentelopez.gov.ar/archivohistorico/storage/large_000002102-01.jpeg
000002104-01	PUERTO DE OLIVOS Año 1935	Año 1935	Anónimo	Fotografía	Club Náutico Olivos	El material no podrá ser comercializado ni reproducido	Vista del Puerto de Olivos desde la Prefectura Naval Argentina.	https://www.vicentelopez.gov.ar/archivohistorico/ficha/000002104-01/puerto-de-olivos	http://www.vicentelopez.gov.ar/archivohistorico/storage/large_000002104-01.jpeg
000002105-01	PUERTO DE OLIVOS Circa década 1930	Circa década 1930	Anónimo	Fotografía	Club Náutico Olivos	El material no podrá ser comercializado ni reproducido	Vista de la escollera sur y primeras embarcaciones en el Puerto de Olivos.	https://www.vicentelopez.gov.ar/archivohistorico/ficha/000002105-01/puerto-de-olivos	http://www.vicentelopez.gov.ar/archivohistorico/storage/large_000002105-01.jpeg
000002107-03	PUERTO DE OLIVOS Año 1943	Año 1943	Anónimo	Mapas y planos	Club Náutico Olivos	El material no podrá ser comercializado ni reproducido	Plano del Puerto de Olivos y del Club Náutico Olivos. El plano detalla la configuración del Puerto de Olivos, cuya construcción comenzó el 26 de octubre de 1921 tras la aprobación de un decreto firmado por el presidente Hipólito Yrigoyen el 1 de agosto de ese año. Este proyecto fue respaldado por el intendente municipal Emilio Zorraquín y materializado gracias a la donación de tierras por parte de Matías Sturiza. La inauguración del puerto tuvo lugar el 7 de octubre de 1922 y fue presidida por el ministro de Obras Públicas, Dr. Torello, junto a Zorraquín y otros funcionarios. El puerto incluía una escollera para proteger el canal de acceso y un muelle destinado al comercio de cabotaje con las islas del Delta y el puerto de Buenos Aires. Más adelante, la zona adquirió importancia recreativa con la apertura de un balneario público. En 1982, la Administración General de Puertos transfirió la gestión del puerto a la Municipalidad de Vicente López, con el objetivo de convertirlo en un centro deportivo náutico, lo que generó preocupación entre los trabajadores areneros que utilizaban el área para la venta de materiales. En el plano también figura el Club Náutico Olivos, fundado el 15 de octubre de 1921, que se ubicó en la escollera norte del puerto. La construcción de su edificio social, proyectada en 1930, reflejaba el desarrollo de las actividades náuticas en la región. El club, dedicado principalmente a la navegación a vela, se consolidó como un referente deportivo y social en el partido de Vicente López. Descarga del archivo Haz click aquí para descargar el archivo	https://www.vicentelopez.gov.ar/archivohistorico/ficha/000002107-03/puerto-de-olivos	http://www.vicentelopez.gov.ar/archivohistorico/storage/large_000002107-03.jpeg
000002108-01	PUERTO DE OLIVOS Año 1928	Año 1928	Anónimo	Fotografía	Club Náutico Olivos	El material no podrá ser comercializado ni reproducido	Vista del Puerto de Olivos desde la calle Corrientes, donde actualmente se encuentra la Prefectura Naval Argentina.	https://www.vicentelopez.gov.ar/archivohistorico/ficha/000002108-01/puerto-de-olivos	http://www.vicentelopez.gov.ar/archivohistorico/storage/large_000002108-01.jpeg
000002109-01	PUERTO DE OLIVOS Circa década 1970	Circa década 1970	Anónimo	Fotografía	Club Náutico Olivos	El material no podrá ser comercializado ni reproducido	Vista del Puerto de Olivos durante la década de 1970, en el fondo se observan las grúas areneras.	https://www.vicentelopez.gov.ar/archivohistorico/ficha/000002109-01/puerto-de-olivos	http://www.vicentelopez.gov.ar/archivohistorico/storage/large_000002109-01.jpeg
000002146-01	VISTA AÉREA PUERTO DE OLIVOS 27 de noviembre de 1938	27 de noviembre de 1938	Anónimo	Fotografía	Archivo General de la Nación	El material no podrá ser comercializado ni reproducido	En esta vista aérea del Puerto de Olivos, se pueden observar varios elementos claves del área. La escollera sur ya construida, una de las principales infraestructuras del puerto. También se puede ver la avenida Del Libertador, que se está formando y además, las vías del Ferrocarril Mitre, Ramal Retiro - Tigre, son claramente visibles.	https://www.vicentelopez.gov.ar/archivohistorico/ficha/000002146-01/vista-aerea-puerto-de-olivos	http://www.vicentelopez.gov.ar/archivohistorico/storage/large_000002146-01.jpeg
000002159-01	VISTA AÉREA DEL PUERTO DE OLIVOS Año 1923	Año 1923	Anónimo	Fotografía	Archivo General de la Nación	El material no podrá ser comercializado ni reproducido	Vista aérea del puerto de Olivos.	https://www.vicentelopez.gov.ar/archivohistorico/ficha/000002159-01/vista-aerea-del-puerto-de-olivos	http://www.vicentelopez.gov.ar/archivohistorico/storage/large_000002159-01.jpeg
000002172-01	INUNDACIÓN EN OLIVOS 27 de julio de 1958	27 de julio de 1958	Elvidio Edmundo Queirolo	Fotografía	Colección Carlos Queirolo	El material no podrá ser comercializado ni reproducido	Inundación causada por la crecida del Río de la Plata en 1958. En la fotografía, se puede observar la esquina del restaurante La Palmera, ubicado en la intersección de las calles Corrientes y Avenida del Libertador.	https://www.vicentelopez.gov.ar/archivohistorico/ficha/000002172-01/inundacion-en-olivos	http://www.vicentelopez.gov.ar/archivohistorico/storage/large_000002172-01.jpeg
000002272-01	BALNEARIO LAS ESCALERITAS Año 1987	Año 1987	Anónimo	Fotografía	Archivo Diario Lo Nuestro	El material no podrá ser comercializado ni reproducido	Cartel colocado por la Municipalidad de Vicente López en el balneario Las Escaleritas, indicando la prohibición del uso de la playa y el agua. El Balneario Municipal Las Escaleritas, situado en Olivos, fue un destacado destino que abarcaba casi cuatro manzanas a lo largo del río, entre las calles Villate y Corrientes. Hasta mediados de los años 60, disfrutó de gran popularidad entre los vecinos, quienes lo utilizaban para bañarse en el río y disfrutar de la playa. Inaugurado por Juan Domingo Perón en la década de 1950, se encontraba al 2300 de la Avenida Del Libertador, con acceso por Uribelarrea. También conocido como La Hoya o La Banderita, en los años 90 se propuso privatizar el predio, cediendo los terrenos al Colegio San Jorge por solicitud de la Dirección Nacional de Puertos, argumentando la necesidad de garantizar la seguridad de la residencia presidencial, ubicada a aproximadamente 1000 metros del lugar. Sin embargo, este proyecto fue posteriormente revocado.	https://www.vicentelopez.gov.ar/archivohistorico/ficha/000002272-01/balneario-las-escaleritas	http://www.vicentelopez.gov.ar/archivohistorico/storage/large_000002272-01.jpeg
000002280-01	PUERTO DE OLIVOS Circa década 1920	Circa década 1920	Anónimo	Fotografía	Archivo Diario Lo Nuestro	El material no podrá ser comercializado ni reproducido	Vista general del Puerto de Olivos. La construcción del puerto comenzó el 26 de octubre de 1921, tras la aprobación del proyecto mediante un decreto firmado el 1 de agosto de ese año, por el entonces presidente Hipólito Yrigoyen. Este plan recibió el respaldo del Intendente municipal Zorraquín, y las tierras necesarias fueron donadas por Matías Sturiza. El puerto incluía una escollera de defensa para el canal de acceso y un muelle destinado a las operaciones de las embarcaciones que realizaban el comercio de cabotaje entre las islas del Delta y el puerto de la Capital. La inauguración tuvo lugar un año después, el 7 de octubre de 1922, y contó con la presencia del ministro de Obras Públicas, Dr. Torello, junto al ex intendente del partido de Vicente López, Emilio Zorraquín, y otros funcionarios. Más tarde, en sus proximidades, se estableció un balneario con playas de acceso público. El 10 de julio de 1982, mediante un decreto gubernamental, la Administración General de Puertos transfirió la gestión del Puerto de Olivos a la Municipalidad de Vicente López, alineándose con la política nacional en la materia. Esto generó inquietud entre los trabajadores del sector arenero ante el proyecto de que el puerto cerrara para convertirse en un centro deportivo náutico, ya que la zona se utilizaba para la venta de arena y canto rodado.	https://www.vicentelopez.gov.ar/archivohistorico/ficha/000002280-01/puerto-de-olivos	http://www.vicentelopez.gov.ar/archivohistorico/storage/large_000002280-01.jpeg
000002282-01	RECUPERACIÓN ÁREA RIBEREÑA Año 2000	Año 2000	Anónimo	Fotografía	Archivo Diario Lo Nuestro	El material no podrá ser comercializado ni reproducido	Obras de recuperación urbana, ambiental y ecológica del Área Ribereña, en las calles Andrés Ferreyra, entre Paraná y Charles Darwin. Estas intervenciones, tenían como objetivo revitalizar la zona, mejorar el entorno natural y preservar el ecosistema costero, promoviendo un uso sustentable del espacio público para los vecinos y visitantes.	https://www.vicentelopez.gov.ar/archivohistorico/ficha/000002282-01/recuperacion-area-riberena	http://www.vicentelopez.gov.ar/archivohistorico/storage/large_000002282-01.jpeg
000002310-01	VISTA AÉREA DEL PUERTO DE OLIVOS Circa año 1980	Circa año 1980	Anónimo	Fotografía	Archivo Diario Lo Nuestro	El material no podrá ser comercializado ni reproducido	Vista aérea del Puerto de Olivos, capturada a principios de los años ochenta.	https://www.vicentelopez.gov.ar/archivohistorico/ficha/000002310-01/vista-aerea-del-puerto-de-olivos	http://www.vicentelopez.gov.ar/archivohistorico/storage/large_000002310-01.jpeg
000002311-01	PASEO DE LA COSTA Circa década 1990	Circa década 1990	Anónimo	Fotografía	Archivo Diario Lo Nuestro	El material no podrá ser comercializado ni reproducido	Vecinos en las playas del paseo de la Costa.	https://www.vicentelopez.gov.ar/archivohistorico/ficha/000002311-01/paseo-de-la-costa	http://www.vicentelopez.gov.ar/archivohistorico/storage/large_000002311-01.jpeg
000002312-01	BALNEARIO LAS ESCALERITAS Año 1987	Año 1987	Anónimo	Fotografía	Archivo Diario Lo Nuestro	El material no podrá ser comercializado ni reproducido	Vecinos disfrutando de las playas del Balneario Las Escaleritas a pesar de la prohibición de ingreso implementada el 23 de diciembre de 1987. Este emblemático balneario, situado en Olivos, abarcaba casi cuatro manzanas a lo largo del río, entre las calles Villate y Corrientes. Hasta mediados de los años 60, fue un destino popular para quienes buscaban bañarse en el río y disfrutar del sol. Inaugurado por Juan Domingo Perón en la década de 1950, se encontraba en el 2300 de la Avenida Del Libertador, con acceso por Uribelarrea. Conocido también como La Hoya o La Banderita, en los años 90 se propuso la privatización del predio, cediendo los terrenos al Colegio San Jorge por solicitud de la Dirección Nacional de Puerto, argumentando la necesidad de garantizar la seguridad de la residencia presidencial, ubicada a aproximadamente 1000 metros. Sin embargo, este proyecto fue finalmente revocado.	https://www.vicentelopez.gov.ar/archivohistorico/ficha/000002312-01/balneario-las-escaleritas	http://www.vicentelopez.gov.ar/archivohistorico/storage/large_000002312-01.jpeg
000002313-01	BALNEARIO LAS ESCALERITAS Circa año 1987	Circa año 1987	Anónimo	Fotografía	Archivo Diario Lo Nuestro	El material no podrá ser comercializado ni reproducido	Vecinos disfrutando de las playas del Balneario Las Escaleritas a pesar de la prohibición de ingreso implementada el 23 de diciembre de 1987. Este emblemático balneario, situado en Olivos, abarcaba casi cuatro manzanas a lo largo del río, entre las calles Villate y Corrientes. Hasta mediados de los años 60, fue un destino popular para quienes buscaban bañarse en el río y disfrutar del sol. Inaugurado por Juan Domingo Perón en la década de 1950, se encontraba en el 2300 de la Avenida Del Libertador, con acceso por Uribelarrea. Conocido también como La Hoya o La Banderita, en los años 90 se propuso la privatización del predio, cediendo los terrenos al Colegio San Jorge por solicitud de la Dirección Nacional de Puerto, argumentando la necesidad de garantizar la seguridad de la residencia presidencial, ubicada a aproximadamente 1000 metros. Sin embargo, este proyecto fue finalmente revocado.	https://www.vicentelopez.gov.ar/archivohistorico/ficha/000002313-01/balneario-las-escaleritas	http://www.vicentelopez.gov.ar/archivohistorico/storage/large_000002313-01.jpeg
000002314-01	PUERTO DE OLIVOS Circa década 1980	Circa década 1980	Anónimo	Fotografía	Archivo Diario Lo Nuestro	El material no podrá ser comercializado ni reproducido	Vecinos intentando acceder a la escollera Sur del Puerto de Olivos, la cual se encontraba cerrada por disposición de Prefectura.	https://www.vicentelopez.gov.ar/archivohistorico/ficha/000002314-01/puerto-de-olivos	http://www.vicentelopez.gov.ar/archivohistorico/storage/large_000002314-01.jpeg
000002441-01	BALNEARIO LAS ESCALERITAS Circa década 1950	Circa década 1950	Anónimo	Fotografía	Archivo Histórico Fotográfico de la Municipalidad de Vicente López	El material no podrá ser comercializado ni reproducido	El balneario municipal Las Escaleritas, situado en Olivos, fue un destacado destino que abarcaba casi cuatro manzanas a lo largo del río, entre las calles Villate y Corrientes. Hasta mediados de los años 60, disfrutó de gran popularidad entre los vecinos que lo utilizaban para bañarse en el río y disfrutar de la playa. Inaugurado por Juan Domingo Perón en la década de 1950, se encontraba al 2300 de la Avenida del Libertador con acceso por Uribelarrea. También conocido como La Hoya o La Banderita, en los años 90 se propuso privatizar el predio, cediendo los terrenos al Colegio San Jorge por solicitud de la Dirección Nacional de Puerto, argumentando la necesidad de garantizar la seguridad de la residencia presidencial ubicada a aproximadamente 1000 metros del lugar. Sin embargo, este proyecto fue posteriormente revocado	https://www.vicentelopez.gov.ar/archivohistorico/ficha/000002441-01/balneario-las-escaleritas	http://www.vicentelopez.gov.ar/archivohistorico/storage/large_000002441-01.jpeg
000002482-01	COSTA DE VICENTE LÓPEZ No contiene fecha estimada	No contiene fecha estimada	Anónimo	Fotografía	Archivo General de la Nación	El material no podrá ser comercializado ni reproducido	En la costa de Vicente López, las toscas dominaban el paisaje, conformando un entorno rústico y distintivo. Estas formaciones rocosas naturales, moldeadas por las mareas y el paso del tiempo, eran características de la zona.	https://www.vicentelopez.gov.ar/archivohistorico/ficha/000002482-01/costa-de-vicente-lopez	http://www.vicentelopez.gov.ar/archivohistorico/storage/large_000002482-01.jpeg
000002483-01	COSTA DE VICENTE LÓPEZ Circa década 1950	Circa década 1950	Anónimo	Fotografía	Archivo General de la Nación	El material no podrá ser comercializado ni reproducido	Vecinos bañándose en las costas de Vicente López. Las toscas dominaban el paisaje, conformando un entorno rústico y distintivo. Estas formaciones rocosas naturales, moldeadas por las mareas y el paso del tiempo, eran características de la zona.	https://www.vicentelopez.gov.ar/archivohistorico/ficha/000002483-01/costa-de-vicente-lopez	http://www.vicentelopez.gov.ar/archivohistorico/storage/large_000002483-01.jpeg
000002499-01	PLAYAS DE OLIVOS Circa año 1950	Circa año 1950	Anónimo	Fotografía	Centro de Investigación Histórica Vicente López	El material no podrá ser comercializado ni reproducido	Integrantes de la familia Gómez vecinos de Olivos, en la costa de Vicente López, disfrutando de un día junto al río.	https://www.vicentelopez.gov.ar/archivohistorico/ficha/000002499-01/playas-de-olivos	http://www.vicentelopez.gov.ar/archivohistorico/storage/large_000002499-01.jpeg
