radio_id,nivel_geografico,prov,depto,partido,poblacion_sexo__total,poblacion_sexo__mujer_femenino,poblacion_sexo__varon_masculino,poblacion_edad__total,poblacion_edad__hasta_14_anos,poblacion_edad__15_a_64_anos,poblacion_edad__65_y_mas_anos,poblacion_edad_quinq__total,poblacion_edad_quinq__00_a_04,poblacion_edad_quinq__05_a_09,poblacion_edad_quinq__10_a_14,poblacion_edad_quinq__15_a_19,poblacion_edad_quinq__20_a_24,poblacion_edad_quinq__25_a_29,poblacion_edad_quinq__30_a_34,poblacion_edad_quinq__35_a_39,poblacion_edad_quinq__40_a_44,poblacion_edad_quinq__45_a_49,poblacion_edad_quinq__50_a_54,poblacion_edad_quinq__55_a_59,poblacion_edad_quinq__60_a_64,poblacion_edad_quinq__65_a_69,poblacion_edad_quinq__70_a_74,poblacion_edad_quinq__75_a_79,poblacion_edad_quinq__80_a_84,poblacion_edad_quinq__85_a_89,poblacion_edad_quinq__90_a_94,poblacion_edad_quinq__95_a_99,poblacion_edad_quinq__100_a_104,poblacion_edad_quinq__105_y_mas,educacion_mni__total,educacion_mni__sin_instruccion,educacion_mni__primario_incompleto,educacion_mni__primario_completo,educacion_mni__secundario_incompleto,educacion_mni__secundario_completo,educacion_mni__terciario_incompleto,educacion_mni__terciario_completo,educacion_mni__universitario_incompleto,educacion_mni__universitario_completo,educacion_mni__posgrado_incompleto,educacion_mni__posgrado_completo,educacion_mni__ignorado,hogares_nbi__total,hogares_nbi__si,hogares_nbi__no,hogares_ipmh__total,hogares_ipmh__sin_privacion,hogares_ipmh__privacion_solo_de_recursos_corrientes,hogares_ipmh__privacion_solo_de_recursos_patrimoniales,hogares_ipmh__privacion_convergente,hogares_hacinamiento__total,hogares_hacinamiento__hasta_0_50_personas_por_cuarto,hogares_hacinamiento__0_51_0_99_personas_por_cuarto,hogares_hacinamiento__1_00_1_49_personas_por_cuarto,hogares_hacinamiento__1_50_1_99_personas_por_cuarto,hogares_hacinamiento__2_00_3_00_personas_por_cuarto,hogares_hacinamiento__mas_de_3_00_personas_por_cuarto,hogares_tenencia__total,hogares_tenencia__propia,hogares_tenencia__alquilada,hogares_tenencia__cedida_por_trabajo,hogares_tenencia__prestada,hogares_tenencia__otra_situacion,hogares_agua__total,hogares_agua__red_publica_agua_corriente,hogares_agua__perforacion_con_bomba_a_motor,hogares_agua__otra_procedencia,hogares_agua__perforacion_con_bomba_manual,hogares_agua__pozo_sin_bomba,hogares_agua__transporte_por_cisterna_agua_de_lluvia_rio_c,hogares_agua_dist__total,hogares_agua_dist__por_caneria_dentro_de_la_vivienda,hogares_agua_dist__fuera_de_la_vivienda_pero_dentro_del_terreno,hogares_agua_dist__fuera_del_terreno,hogares_desague__total,hogares_desague__a_red_publica_cloaca,hogares_desague__a_camara_septica_y_pozo_ciego,hogares_desague__solo_a_pozo_ciego,hogares_desague__a_hoyo_excavacion_en_la_tierra_etc,hogares_desague__no_aplica,hogares_combustible__total,hogares_combustible__electricidad,hogares_combustible__gas_de_red,hogares_combustible__gas_en_garrafa,hogares_combustible__gas_en_tubo_o_a_granel_zeppelin,hogares_combustible__lena_o_carbon,hogares_combustible__otro_combustible,viviendas_tipo__total,viviendas_tipo__casa,viviendas_tipo__rancho,viviendas_tipo__departamento,viviendas_tipo__vivienda_movil_ocupada_casa_rodante_barco_ca,viviendas_tipo__casilla,viviendas_tipo__pieza_en_inquilinato_hotel_familiar_o_pensio,viviendas_tipo__local_no_construido_para_habitacion_ocupado,viviendas_localidad__total,viviendas_localidad__san_isidro,fuente,fecha_descarga
067560101,radio,06,756,SAN ISIDRO,653,341,312,653,136,418,99,653,41,47,48,38,58,36,30,40,49,33,43,44,47,28,22,15,20,8,3,2,1,0,653,83,58,14,76,70,36,70,73,119,13,41,0,252,10,242,252,206,19,16,11,252,107,70,60,4,10,1,252,158,64,4,17,9,252,248,3,1,0,0,0,252,248,4,0,249,213,29,4,3,3,252,34,197,21,0,0,0,294,115,8,167,4,0,0,0,294,294,"INDEC, Censo Nacional de Poblacion, Hogares y Viviendas 2022, procesado con Redatam 7",2026-09-06
067560102,radio,06,756,SAN ISIDRO,469,251,218,469,90,299,80,469,17,35,38,50,39,14,11,25,35,35,33,27,30,18,20,24,14,1,3,0,0,0,469,31,54,3,68,43,10,32,64,103,14,43,4,163,2,161,163,147,14,1,1,163,102,37,20,2,2,0,163,104,38,0,12,9,163,162,0,0,1,0,0,163,163,0,0,163,161,1,1,0,0,163,32,127,4,0,0,0,205,165,0,38,1,1,0,0,205,205,"INDEC, Censo Nacional de Poblacion, Hogares y Viviendas 2022, procesado con Redatam 7",2026-09-06
067560103,radio,06,756,SAN ISIDRO,709,375,334,709,123,502,84,709,31,43,49,53,77,55,30,30,41,43,46,59,68,26,26,19,9,2,2,0,0,0,709,55,69,26,93,66,31,44,93,141,12,73,6,225,12,213,225,176,16,20,13,225,98,53,40,13,17,4,225,174,34,0,5,12,225,219,3,1,0,2,0,225,214,10,1,219,209,10,0,0,6,225,26,151,48,0,0,0,247,234,1,7,1,4,0,0,247,247,"INDEC, Censo Nacional de Poblacion, Hogares y Viviendas 2022, procesado con Redatam 7",2026-09-06
067560104,radio,06,756,SAN ISIDRO,1092,585,507,1092,212,685,195,1092,52,83,77,86,87,49,46,42,76,76,80,71,72,65,49,44,17,13,5,2,0,0,1092,98,104,36,149,108,48,109,139,215,13,69,4,375,7,368,375,319,33,15,8,375,179,99,75,11,9,2,375,291,51,6,13,14,375,370,4,1,0,0,0,375,373,1,1,374,334,33,7,0,1,375,47,293,35,0,0,0,477,464,3,6,0,3,1,0,477,477,"INDEC, Censo Nacional de Poblacion, Hogares y Viviendas 2022, procesado con Redatam 7",2026-09-06
067560105,radio,06,756,SAN ISIDRO,1172,611,561,1172,188,761,223,1172,47,66,75,83,103,62,53,52,74,73,89,84,88,65,47,46,34,20,9,2,0,0,1172,69,99,61,181,165,59,115,165,175,11,64,8,404,8,396,404,352,41,8,3,404,163,113,95,20,12,1,404,316,45,2,21,20,404,399,3,2,0,0,0,404,403,1,0,404,392,9,3,0,0,404,38,340,26,0,0,0,411,394,0,12,0,1,4,0,411,411,"INDEC, Censo Nacional de Poblacion, Hogares y Viviendas 2022, procesado con Redatam 7",2026-09-06
067560106,radio,06,756,SAN ISIDRO,1054,551,503,1054,166,671,217,1054,35,46,85,78,78,64,47,67,66,75,65,55,76,60,54,47,21,18,13,4,0,0,1054,55,89,25,139,119,33,93,164,230,21,80,6,413,7,406,413,378,29,5,1,413,210,99,91,6,5,2,413,286,86,4,22,15,413,410,3,0,0,0,0,413,413,0,0,413,410,2,1,0,0,413,59,350,3,1,0,0,465,284,0,179,0,0,1,1,465,465,"INDEC, Censo Nacional de Poblacion, Hogares y Viviendas 2022, procesado con Redatam 7",2026-09-06
067560107,radio,06,756,SAN ISIDRO,858,453,405,858,131,532,195,858,35,46,50,57,64,45,45,38,49,57,59,53,65,52,59,37,27,10,7,3,0,0,858,50,62,17,94,117,38,76,125,192,13,71,3,296,1,295,296,269,22,4,1,296,148,84,51,8,5,0,296,244,29,1,11,11,296,292,2,1,0,0,1,296,296,0,0,296,295,1,0,0,0,296,38,253,5,0,0,0,337,325,1,11,0,0,0,0,337,337,"INDEC, Censo Nacional de Poblacion, Hogares y Viviendas 2022, procesado con Redatam 7",2026-09-06
067560108,radio,06,756,SAN ISIDRO,750,389,361,750,122,453,175,750,35,46,41,42,60,47,34,35,45,49,41,54,46,43,43,41,20,19,8,1,0,0,750,50,59,27,79,95,23,75,113,158,11,56,4,270,0,270,270,249,19,2,0,270,144,67,43,10,6,0,270,204,52,0,8,6,270,268,1,0,0,0,1,270,270,0,0,270,267,2,1,0,0,270,29,238,3,0,0,0,323,269,2,52,0,0,0,0,323,323,"INDEC, Censo Nacional de Poblacion, Hogares y Viviendas 2022, procesado con Redatam 7",2026-09-06
067560109,radio,06,756,SAN ISIDRO,621,348,273,621,87,402,132,621,26,32,29,22,23,45,66,56,54,40,35,28,33,23,28,29,20,18,7,6,1,0,621,39,44,26,62,84,30,75,86,111,17,39,8,328,10,318,328,299,25,3,1,328,150,61,96,10,9,2,328,144,161,4,13,6,328,325,1,2,0,0,0,328,328,0,0,327,321,5,1,0,1,328,112,210,6,0,0,0,377,43,4,326,0,1,0,3,377,377,"INDEC, Censo Nacional de Poblacion, Hogares y Viviendas 2022, procesado con Redatam 7",2026-09-06
067560110,radio,06,756,SAN ISIDRO,854,437,417,854,147,538,169,854,39,58,50,53,74,49,46,40,58,55,49,54,60,39,42,41,25,11,8,3,0,0,854,60,76,37,110,125,37,85,124,143,13,40,4,297,8,289,297,257,11,25,4,297,116,72,72,21,13,3,297,216,47,2,15,17,297,295,1,0,0,1,0,297,296,1,0,297,257,29,11,0,0,297,45,230,18,2,1,1,316,277,0,30,0,3,1,5,316,316,"INDEC, Censo Nacional de Poblacion, Hogares y Viviendas 2022, procesado con Redatam 7",2026-09-06
067560201,radio,06,756,SAN ISIDRO,756,397,359,756,117,479,160,756,20,47,50,51,46,38,25,49,52,56,44,57,61,62,36,30,13,9,8,2,0,0,756,33,62,14,98,111,40,89,107,141,7,51,3,288,2,286,288,259,21,8,0,288,134,81,59,8,6,0,288,220,50,1,8,9,288,285,3,0,0,0,0,288,288,0,0,288,281,5,2,0,0,288,29,250,8,1,0,0,329,273,0,54,0,0,0,2,329,329,"INDEC, Censo Nacional de Poblacion, Hogares y Viviendas 2022, procesado con Redatam 7",2026-09-06
067560202,radio,06,756,SAN ISIDRO,836,433,403,836,153,548,135,836,39,55,59,66,61,48,48,51,55,54,55,59,51,57,24,21,15,9,6,3,0,0,836,56,77,45,135,97,35,84,123,131,10,43,0,284,4,280,284,239,23,16,6,284,109,80,65,14,12,4,284,201,43,1,9,30,284,279,0,5,0,0,0,284,283,1,0,284,276,6,2,0,0,284,30,235,18,0,0,1,333,316,0,17,0,0,0,0,333,333,"INDEC, Censo Nacional de Poblacion, Hogares y Viviendas 2022, procesado con Redatam 7",2026-09-06
067560203,radio,06,756,SAN ISIDRO,1103,577,526,1103,168,718,217,1103,45,58,65,79,66,55,74,60,79,71,84,74,76,76,50,37,27,15,9,3,0,0,1103,65,87,61,177,168,51,118,156,151,19,40,10,444,19,425,444,377,38,16,13,444,190,96,118,17,20,3,444,302,65,11,17,49,444,433,8,2,0,1,0,444,435,6,3,444,397,20,17,10,0,444,51,334,57,2,0,0,454,380,2,55,7,3,3,4,454,454,"INDEC, Censo Nacional de Poblacion, Hogares y Viviendas 2022, procesado con Redatam 7",2026-09-06
067560204,radio,06,756,SAN ISIDRO,943,516,427,943,203,644,96,943,55,77,71,86,79,75,54,50,66,64,54,48,68,37,24,16,11,6,2,0,0,0,943,75,115,73,187,136,27,66,110,97,13,41,3,313,20,293,313,241,23,30,19,313,111,50,85,24,34,9,313,226,42,3,5,37,313,310,1,2,0,0,0,313,309,2,2,309,302,3,4,0,4,313,24,194,94,1,0,0,330,309,0,16,0,5,0,0,330,330,"INDEC, Censo Nacional de Poblacion, Hogares y Viviendas 2022, procesado con Redatam 7",2026-09-06
067560205,radio,06,756,SAN ISIDRO,1284,656,628,1284,316,865,103,1284,93,99,124,110,123,101,78,106,94,72,76,50,55,39,28,14,9,9,4,0,0,0,1284,135,167,125,365,210,48,57,75,52,4,22,24,398,47,351,398,245,54,75,24,398,94,62,133,40,54,15,398,244,55,6,19,74,398,395,0,3,0,0,0,398,385,11,2,387,378,7,2,0,11,398,27,147,219,1,4,0,392,329,7,36,1,18,1,0,392,392,"INDEC, Censo Nacional de Poblacion, Hogares y Viviendas 2022, procesado con Redatam 7",2026-09-06
067560206,radio,06,756,SAN ISIDRO,798,440,358,798,103,527,168,798,31,30,42,62,79,38,39,45,39,51,66,59,49,55,41,34,12,15,9,2,0,0,798,43,50,15,71,96,42,84,148,160,23,63,3,297,7,290,297,274,17,6,0,297,165,78,45,2,6,1,297,205,59,4,16,13,297,290,3,3,0,1,0,297,295,0,2,297,289,5,1,2,0,297,44,249,4,0,0,0,423,299,0,119,0,0,5,0,423,423,"INDEC, Censo Nacional de Poblacion, Hogares y Viviendas 2022, procesado con Redatam 7",2026-09-06
067560207,radio,06,756,SAN ISIDRO,660,350,310,660,85,422,153,660,23,28,34,44,52,40,23,33,29,50,45,51,55,45,37,24,26,15,5,1,0,0,660,36,36,9,71,70,32,64,94,156,20,62,10,245,1,244,245,224,16,4,1,245,135,62,45,2,1,0,245,199,33,2,5,6,245,241,2,2,0,0,0,245,245,0,0,245,241,2,2,0,0,245,23,219,2,0,1,0,306,283,0,22,0,0,0,1,306,306,"INDEC, Censo Nacional de Poblacion, Hogares y Viviendas 2022, procesado con Redatam 7",2026-09-06
067560208,radio,06,756,SAN ISIDRO,697,366,331,697,126,442,129,697,41,33,52,59,48,29,32,29,41,58,51,52,43,39,34,23,12,10,9,2,0,0,697,51,48,13,89,81,30,75,102,131,13,59,5,260,3,257,260,238,20,2,0,260,126,70,59,1,4,0,260,190,42,1,12,15,260,257,3,0,0,0,0,260,260,0,0,260,260,0,0,0,0,260,25,234,1,0,0,0,276,248,0,26,0,0,1,1,276,276,"INDEC, Censo Nacional de Poblacion, Hogares y Viviendas 2022, procesado con Redatam 7",2026-09-06
067560209,radio,06,756,SAN ISIDRO,533,289,244,533,67,359,107,533,20,29,18,15,24,56,47,54,42,33,32,26,30,27,27,18,19,14,1,1,0,0,533,34,34,27,39,73,39,72,76,86,13,37,3,338,1,337,338,311,22,4,1,338,189,21,104,14,10,0,338,131,176,1,22,8,338,334,1,3,0,0,0,338,337,0,1,338,333,3,2,0,0,338,44,291,3,0,0,0,430,25,0,405,0,0,0,0,430,430,"INDEC, Censo Nacional de Poblacion, Hogares y Viviendas 2022, procesado con Redatam 7",2026-09-06
067560210,radio,06,756,SAN ISIDRO,487,246,241,487,93,321,73,487,23,31,39,42,35,31,27,37,31,36,42,21,19,24,11,15,14,3,6,0,0,0,487,30,43,11,56,39,17,51,77,101,13,48,1,185,2,183,185,172,11,2,0,185,85,59,36,4,1,0,185,117,50,0,11,7,185,183,0,1,0,0,1,185,185,0,0,185,183,2,0,0,0,185,30,152,3,0,0,0,247,151,0,95,0,0,1,0,247,247,"INDEC, Censo Nacional de Poblacion, Hogares y Viviendas 2022, procesado con Redatam 7",2026-09-06
067560301,radio,06,756,SAN ISIDRO,467,248,219,467,67,308,92,467,22,24,21,24,17,36,36,43,40,43,29,22,18,27,17,20,19,4,5,0,0,0,467,34,29,7,42,64,30,70,73,79,10,25,4,240,0,240,240,205,27,7,1,240,111,57,60,6,6,0,240,134,90,1,8,7,240,236,2,2,0,0,0,240,240,0,0,240,236,2,2,0,0,240,55,182,3,0,0,0,393,83,0,310,0,0,0,0,393,393,"INDEC, Censo Nacional de Poblacion, Hogares y Viviendas 2022, procesado con Redatam 7",2026-09-06
067560302,radio,06,756,SAN ISIDRO,383,213,170,383,53,264,66,383,23,11,19,21,12,35,36,39,29,29,17,19,27,16,19,16,9,3,3,0,0,0,383,29,18,9,37,45,15,48,56,84,10,31,1,193,1,192,193,172,16,5,0,193,89,26,64,5,9,0,193,86,85,4,8,10,193,191,2,0,0,0,0,193,193,0,0,193,190,3,0,0,0,193,34,156,3,0,0,0,417,88,1,328,0,0,0,0,417,417,"INDEC, Censo Nacional de Poblacion, Hogares y Viviendas 2022, procesado con Redatam 7",2026-09-06
067560303,radio,06,756,SAN ISIDRO,448,260,188,448,41,302,105,448,16,15,10,24,36,38,33,34,23,25,34,28,27,17,28,19,24,8,7,2,0,0,448,19,18,12,42,86,21,44,82,90,9,23,2,228,5,223,228,208,18,1,1,228,111,43,57,10,5,2,228,119,82,2,16,9,228,227,1,0,0,0,0,228,228,0,0,228,224,3,1,0,0,228,38,187,3,0,0,0,327,97,0,229,0,0,1,0,327,327,"INDEC, Censo Nacional de Poblacion, Hogares y Viviendas 2022, procesado con Redatam 7",2026-09-06
067560304,radio,06,756,SAN ISIDRO,550,288,262,550,71,381,98,550,25,25,21,28,29,49,57,48,41,39,30,35,25,27,21,19,15,11,5,0,0,0,550,38,32,22,64,90,31,69,65,89,18,30,2,278,3,275,278,248,23,6,1,278,119,35,101,14,8,1,278,107,131,5,23,12,278,274,1,3,0,0,0,278,277,1,0,278,273,3,2,0,0,278,55,206,15,2,0,0,376,64,0,310,0,0,1,1,376,376,"INDEC, Censo Nacional de Poblacion, Hogares y Viviendas 2022, procesado con Redatam 7",2026-09-06
067560305,radio,06,756,SAN ISIDRO,370,214,156,370,45,258,67,370,19,15,11,16,23,39,42,42,19,19,27,16,15,12,8,9,15,13,9,1,0,0,370,24,19,12,45,58,19,45,55,59,12,16,6,191,1,190,191,174,14,2,1,191,85,30,58,13,5,0,191,77,96,2,12,4,191,186,3,2,0,0,0,191,191,0,0,191,190,1,0,0,0,191,22,163,5,1,0,0,292,32,0,259,0,0,1,0,292,292,"INDEC, Censo Nacional de Poblacion, Hogares y Viviendas 2022, procesado con Redatam 7",2026-09-06
067560306,radio,06,756,SAN ISIDRO,324,207,117,324,47,184,93,324,22,12,13,12,8,17,23,22,31,16,26,10,19,15,9,21,26,11,9,2,0,0,324,26,19,7,29,58,17,46,33,56,11,20,2,171,0,171,171,164,4,3,0,171,89,43,30,6,3,0,171,84,67,1,11,8,171,170,1,0,0,0,0,171,171,0,0,171,169,2,0,0,0,171,23,147,1,0,0,0,260,25,0,235,0,0,0,0,260,260,"INDEC, Censo Nacional de Poblacion, Hogares y Viviendas 2022, procesado con Redatam 7",2026-09-06
067560307,radio,06,756,SAN ISIDRO,850,468,382,850,102,534,214,850,42,26,34,33,42,80,77,58,62,48,34,49,51,50,43,35,39,37,8,1,1,0,850,72,39,18,72,108,39,93,133,165,25,83,3,469,14,455,469,427,28,11,3,469,257,69,118,10,13,2,469,192,218,7,39,13,469,461,2,4,0,2,0,469,469,0,0,464,456,4,4,0,5,469,56,402,10,1,0,0,565,19,10,531,1,1,1,2,565,565,"INDEC, Censo Nacional de Poblacion, Hogares y Viviendas 2022, procesado con Redatam 7",2026-09-06
067560308,radio,06,756,SAN ISIDRO,177,107,70,177,27,119,31,177,15,6,6,8,11,17,13,14,13,15,11,13,4,6,9,8,2,3,1,1,1,0,177,16,8,4,13,36,9,21,20,32,4,12,2,86,1,85,86,75,9,2,0,86,37,20,24,5,0,0,86,47,28,1,7,3,86,85,0,1,0,0,0,86,86,0,0,86,86,0,0,0,0,86,10,73,3,0,0,0,176,19,0,156,0,0,1,0,176,176,"INDEC, Censo Nacional de Poblacion, Hogares y Viviendas 2022, procesado con Redatam 7",2026-09-06
067560309,radio,06,756,SAN ISIDRO,400,231,169,400,41,246,113,400,15,14,12,15,19,40,37,25,21,18,27,25,19,21,29,23,18,10,9,3,0,0,400,19,19,10,32,55,24,68,53,89,6,22,3,231,2,229,231,217,11,3,0,231,130,38,46,4,13,0,231,104,100,9,14,4,231,227,0,3,0,1,0,231,231,0,0,231,229,1,0,1,0,231,40,188,3,0,0,0,302,41,0,259,0,0,1,1,302,302,"INDEC, Censo Nacional de Poblacion, Hogares y Viviendas 2022, procesado con Redatam 7",2026-09-06
067560310,radio,06,756,SAN ISIDRO,591,347,244,591,81,320,190,591,32,26,23,20,18,32,63,49,34,28,29,16,31,29,30,54,39,19,13,3,3,0,591,44,30,10,43,79,21,81,85,135,15,44,4,316,1,315,316,296,17,3,0,316,174,54,70,10,7,1,316,148,130,8,19,11,316,312,2,1,0,0,1,316,316,0,0,316,315,1,0,0,0,316,54,262,0,0,0,0,404,11,0,393,0,0,0,0,404,404,"INDEC, Censo Nacional de Poblacion, Hogares y Viviendas 2022, procesado con Redatam 7",2026-09-06
067560311,radio,06,756,SAN ISIDRO,438,256,182,438,64,242,132,438,21,26,17,22,23,30,34,25,22,23,18,21,24,24,30,20,27,18,11,2,0,0,438,25,35,13,41,71,19,45,57,82,11,37,2,230,1,229,230,209,19,2,0,230,137,40,44,5,3,1,230,114,90,8,15,3,230,228,1,1,0,0,0,230,230,0,0,230,228,2,0,0,0,230,21,209,0,0,0,0,240,20,0,220,0,0,0,0,240,240,"INDEC, Censo Nacional de Poblacion, Hogares y Viviendas 2022, procesado con Redatam 7",2026-09-06
067560312,radio,06,756,SAN ISIDRO,143,82,61,143,22,90,31,143,6,9,7,5,2,11,17,21,11,9,4,3,7,5,10,4,4,4,4,0,0,0,143,7,14,2,12,12,9,13,19,36,2,16,1,76,0,76,76,73,3,0,0,76,42,16,14,3,1,0,76,27,42,1,1,5,76,76,0,0,0,0,0,76,76,0,0,76,76,0,0,0,0,76,14,61,1,0,0,0,104,5,0,99,0,0,0,0,104,104,"INDEC, Censo Nacional de Poblacion, Hogares y Viviendas 2022, procesado con Redatam 7",2026-09-06
067560401,radio,06,756,SAN ISIDRO,754,381,373,754,131,530,93,754,27,40,64,51,50,50,39,50,51,66,58,55,60,32,21,17,11,5,5,2,0,0,754,43,68,42,116,113,22,58,124,117,11,38,2,291,5,286,291,234,40,16,1,291,126,68,72,15,9,1,291,189,65,3,14,20,291,286,2,2,0,1,0,291,291,0,0,291,278,8,4,1,0,291,46,219,24,0,2,0,316,263,1,48,2,1,1,0,316,316,"INDEC, Censo Nacional de Poblacion, Hogares y Viviendas 2022, procesado con Redatam 7",2026-09-06
067560402,radio,06,756,SAN ISIDRO,852,438,414,852,124,587,141,852,34,52,38,56,66,36,41,57,56,67,63,69,76,46,36,20,19,14,5,1,0,0,852,45,66,24,86,115,32,75,120,183,16,84,6,328,2,326,328,291,24,12,1,328,165,79,73,5,5,1,328,231,62,1,14,20,328,325,1,2,0,0,0,328,328,0,0,328,323,3,2,0,0,328,56,262,8,0,2,0,389,335,0,52,0,2,0,0,389,389,"INDEC, Censo Nacional de Poblacion, Hogares y Viviendas 2022, procesado con Redatam 7",2026-09-06
067560403,radio,06,756,SAN ISIDRO,836,439,397,836,137,514,185,836,31,41,65,63,49,44,22,33,56,73,59,68,47,51,51,32,26,15,8,2,0,0,836,38,73,15,117,100,22,63,112,209,14,69,4,316,2,314,316,285,21,10,0,316,193,77,32,8,6,0,316,221,63,6,14,12,316,265,45,3,0,3,0,316,316,0,0,316,261,40,15,0,0,316,53,233,27,3,0,0,394,305,0,87,0,2,0,0,394,394,"INDEC, Censo Nacional de Poblacion, Hogares y Viviendas 2022, procesado con Redatam 7",2026-09-06
067560404,radio,06,756,SAN ISIDRO,969,513,456,969,154,598,217,969,33,57,64,54,66,55,43,65,52,69,63,67,64,51,59,47,37,15,7,1,0,0,969,49,81,59,124,91,28,93,112,224,15,90,3,397,3,394,397,356,35,5,1,397,238,81,66,5,7,0,397,283,87,1,12,14,397,393,2,2,0,0,0,397,397,0,0,397,389,5,3,0,0,397,75,319,3,0,0,0,455,275,0,179,0,0,1,0,455,455,"INDEC, Censo Nacional de Poblacion, Hogares y Viviendas 2022, procesado con Redatam 7",2026-09-06
067560405,radio,06,756,SAN ISIDRO,1047,563,484,1047,155,680,212,1047,39,44,72,90,94,50,31,43,47,81,82,82,80,66,43,44,20,22,15,2,0,0,1047,52,70,10,112,82,42,94,187,249,29,118,2,370,2,368,370,344,22,4,0,370,211,108,46,3,2,0,370,285,62,5,8,10,370,367,3,0,0,0,0,370,369,1,0,370,364,6,0,0,0,370,63,304,2,1,0,0,436,379,0,56,0,0,1,0,436,436,"INDEC, Censo Nacional de Poblacion, Hogares y Viviendas 2022, procesado con Redatam 7",2026-09-06
067560406,radio,06,756,SAN ISIDRO,632,322,310,632,82,410,140,632,22,27,33,49,69,31,15,33,35,37,45,50,46,37,33,24,23,16,6,1,0,0,632,32,35,9,70,53,23,64,111,156,10,66,3,230,4,226,230,212,18,0,0,230,129,70,28,2,1,0,230,180,36,2,7,5,230,228,2,0,0,0,0,230,230,0,0,230,228,2,0,0,0,230,38,190,2,0,0,0,283,263,0,19,0,0,1,0,283,283,"INDEC, Censo Nacional de Poblacion, Hogares y Viviendas 2022, procesado con Redatam 7",2026-09-06
067560407,radio,06,756,SAN ISIDRO,895,463,432,895,133,585,177,895,33,45,55,76,55,45,40,57,51,56,65,61,79,52,43,39,19,13,8,3,0,0,895,45,64,14,100,83,27,89,153,203,20,94,3,337,0,337,337,317,19,1,0,337,183,85,63,2,4,0,337,247,65,3,11,11,337,336,0,1,0,0,0,337,337,0,0,337,337,0,0,0,0,337,62,274,1,0,0,0,382,317,1,64,0,0,0,0,382,382,"INDEC, Censo Nacional de Poblacion, Hogares y Viviendas 2022, procesado con Redatam 7",2026-09-06
067560408,radio,06,756,SAN ISIDRO,523,292,231,523,77,318,128,523,30,29,18,26,25,29,22,44,34,32,36,34,36,36,40,23,18,8,3,0,0,0,523,37,31,8,39,46,22,53,98,122,15,50,2,228,2,226,228,215,11,2,0,228,129,48,45,3,3,0,228,143,58,0,14,13,228,228,0,0,0,0,0,228,228,0,0,228,228,0,0,0,0,228,34,192,1,0,1,0,258,187,0,69,0,0,1,1,258,258,"INDEC, Censo Nacional de Poblacion, Hogares y Viviendas 2022, procesado con Redatam 7",2026-09-06
067560501,radio,06,756,SAN ISIDRO,826,434,392,826,132,522,172,826,27,39,66,69,60,37,40,21,58,58,66,58,55,43,63,28,16,11,10,1,0,0,826,40,54,22,118,76,30,72,112,202,6,88,6,306,5,301,306,270,32,4,0,306,180,81,41,1,3,0,306,196,68,14,13,15,306,301,3,2,0,0,0,306,305,1,0,306,295,11,0,0,0,306,53,251,2,0,0,0,356,304,0,50,0,0,1,1,356,356,"INDEC, Censo Nacional de Poblacion, Hogares y Viviendas 2022, procesado con Redatam 7",2026-09-06
067560502,radio,06,756,SAN ISIDRO,1000,500,500,1000,170,664,166,1000,35,74,61,72,72,64,58,49,60,91,58,67,73,54,38,22,24,21,4,3,0,0,1000,49,95,23,113,103,31,71,154,228,25,102,6,384,4,380,384,352,21,7,4,384,220,84,60,9,10,1,384,258,96,5,14,11,384,377,0,3,3,1,0,384,380,4,0,384,368,5,11,0,0,384,98,268,17,0,1,0,461,315,1,142,0,2,1,0,461,461,"INDEC, Censo Nacional de Poblacion, Hogares y Viviendas 2022, procesado con Redatam 7",2026-09-06
067560503,radio,06,756,SAN ISIDRO,666,356,310,666,107,419,140,666,35,37,35,40,48,35,23,38,52,45,48,45,45,36,35,28,19,14,8,0,0,0,666,43,55,14,53,56,28,49,105,181,18,59,5,264,0,264,264,237,26,0,1,264,138,71,45,3,7,0,264,201,43,1,9,10,264,260,1,3,0,0,0,264,264,0,0,264,261,2,1,0,0,264,44,217,2,1,0,0,278,204,0,74,0,0,0,0,278,278,"INDEC, Censo Nacional de Poblacion, Hogares y Viviendas 2022, procesado con Redatam 7",2026-09-06
067560504,radio,06,756,SAN ISIDRO,1018,531,487,1018,165,618,235,1018,36,52,77,90,63,34,15,47,59,79,80,72,79,80,60,43,22,11,15,4,0,0,1018,43,79,16,116,92,23,87,157,243,34,120,8,359,1,358,359,335,20,4,0,359,198,113,40,6,1,1,359,297,45,0,11,6,359,352,4,3,0,0,0,359,359,0,0,359,357,2,0,0,0,359,52,307,0,0,0,0,421,392,0,29,0,0,0,0,421,421,"INDEC, Censo Nacional de Poblacion, Hogares y Viviendas 2022, procesado con Redatam 7",2026-09-06
067560505,radio,06,756,SAN ISIDRO,759,386,373,759,120,463,176,759,28,45,47,37,55,38,31,24,51,63,50,51,63,42,44,42,26,6,11,4,1,0,759,41,56,18,61,66,32,62,112,204,20,83,4,282,0,282,282,255,22,5,0,282,155,92,31,3,1,0,282,225,30,4,11,12,282,278,4,0,0,0,0,282,282,0,0,282,281,0,1,0,0,282,56,223,1,2,0,0,326,290,0,36,0,0,0,0,326,326,"INDEC, Censo Nacional de Poblacion, Hogares y Viviendas 2022, procesado con Redatam 7",2026-09-06
067560506,radio,06,756,SAN ISIDRO,741,389,352,741,120,473,148,741,31,37,52,51,53,26,37,35,49,59,62,56,45,42,36,33,18,14,2,3,0,0,741,43,49,8,72,76,29,69,117,183,21,70,4,272,3,269,272,250,17,4,1,272,129,97,39,5,2,0,272,203,41,1,12,15,272,271,1,0,0,0,0,272,272,0,0,271,268,2,1,0,1,272,41,230,1,0,0,0,317,296,0,21,0,0,0,0,317,317,"INDEC, Censo Nacional de Poblacion, Hogares y Viviendas 2022, procesado con Redatam 7",2026-09-06
067560507,radio,06,756,SAN ISIDRO,661,353,308,661,105,409,147,661,23,40,42,56,37,23,38,36,40,46,37,48,48,34,36,42,14,13,7,1,0,0,661,31,52,12,80,62,31,65,96,153,13,59,7,268,1,267,268,251,16,1,0,268,150,73,36,6,3,0,268,183,57,0,12,16,268,266,1,1,0,0,0,268,268,0,0,268,266,2,0,0,0,268,30,238,0,0,0,0,322,230,0,91,0,0,1,0,322,322,"INDEC, Censo Nacional de Poblacion, Hogares y Viviendas 2022, procesado con Redatam 7",2026-09-06
067560508,radio,06,756,SAN ISIDRO,598,305,293,598,87,376,135,598,26,23,38,44,40,25,24,37,50,31,44,48,33,35,27,33,18,15,5,1,1,0,598,32,36,6,62,58,21,59,97,151,16,56,4,263,1,262,263,248,13,2,0,263,149,59,51,3,1,0,263,171,72,0,12,8,263,262,1,0,0,0,0,263,263,0,0,263,263,0,0,0,0,263,35,228,0,0,0,0,322,152,0,169,0,0,1,0,322,322,"INDEC, Censo Nacional de Poblacion, Hogares y Viviendas 2022, procesado con Redatam 7",2026-09-06
067560509,radio,06,756,SAN ISIDRO,623,350,273,623,67,365,191,623,16,25,26,33,39,30,29,24,32,39,46,46,47,43,39,41,32,21,8,6,1,0,623,26,37,16,57,68,27,79,77,151,18,62,5,292,2,290,292,276,14,2,0,292,187,63,33,4,4,1,292,183,73,6,12,18,292,285,6,1,0,0,0,292,292,0,0,291,290,1,0,0,1,292,40,250,1,1,0,0,328,144,0,184,0,0,0,0,328,328,"INDEC, Censo Nacional de Poblacion, Hogares y Viviendas 2022, procesado con Redatam 7",2026-09-06
067560510,radio,06,756,SAN ISIDRO,800,419,381,800,130,504,166,800,22,47,61,67,69,33,16,32,50,60,62,59,56,54,39,42,14,7,6,4,0,0,800,42,61,13,84,67,21,72,133,193,14,99,1,286,0,286,286,266,20,0,0,286,166,87,27,5,1,0,286,236,29,0,8,13,286,283,1,2,0,0,0,286,286,0,0,286,283,3,0,0,0,286,45,241,0,0,0,0,324,320,0,4,0,0,0,0,324,324,"INDEC, Censo Nacional de Poblacion, Hogares y Viviendas 2022, procesado con Redatam 7",2026-09-06
067560601,radio,06,756,SAN ISIDRO,922,495,427,922,127,596,199,922,39,47,41,51,49,61,50,57,68,54,59,63,84,42,36,33,41,29,15,3,0,0,922,51,65,30,84,126,33,111,147,187,21,65,2,423,6,417,423,384,31,5,3,423,226,94,93,5,5,0,423,258,119,3,25,18,423,420,0,1,1,1,0,423,423,0,0,423,417,5,1,0,0,423,56,360,7,0,0,0,458,258,0,196,0,0,3,1,458,458,"INDEC, Censo Nacional de Poblacion, Hogares y Viviendas 2022, procesado con Redatam 7",2026-09-06
067560602,radio,06,756,SAN ISIDRO,500,293,207,500,45,291,164,500,11,22,12,15,17,30,29,28,28,31,39,43,31,21,48,31,24,25,9,6,0,0,500,21,29,18,36,73,17,56,65,130,12,43,0,295,0,295,295,276,17,2,0,295,194,38,51,8,4,0,295,156,97,8,24,10,295,294,1,0,0,0,0,295,295,0,0,295,294,1,0,0,0,295,33,261,1,0,0,0,349,32,0,317,0,0,0,0,349,349,"INDEC, Censo Nacional de Poblacion, Hogares y Viviendas 2022, procesado con Redatam 7",2026-09-06
067560603,radio,06,756,SAN ISIDRO,422,232,190,422,66,243,113,422,18,19,29,21,9,36,17,20,35,27,23,27,28,23,19,23,21,16,8,3,0,0,422,25,34,15,51,70,18,48,41,67,9,42,2,215,0,215,215,203,12,0,0,215,103,52,49,4,7,0,215,101,89,4,11,10,215,215,0,0,0,0,0,215,215,0,0,215,212,3,0,0,0,215,22,190,3,0,0,0,263,46,0,217,0,0,0,0,263,263,"INDEC, Censo Nacional de Poblacion, Hogares y Viviendas 2022, procesado con Redatam 7",2026-09-06
067560604,radio,06,756,SAN ISIDRO,407,222,185,407,53,256,98,407,23,14,16,19,18,36,41,28,30,34,18,14,18,18,15,25,21,17,2,0,0,0,407,33,19,8,39,69,17,44,48,81,14,32,3,213,0,213,213,193,16,4,0,213,113,39,51,8,2,0,213,85,100,1,21,6,213,212,0,1,0,0,0,213,213,0,0,213,211,2,0,0,0,213,31,180,2,0,0,0,281,18,0,263,0,0,0,0,281,281,"INDEC, Censo Nacional de Poblacion, Hogares y Viviendas 2022, procesado con Redatam 7",2026-09-06
067560605,radio,06,756,SAN ISIDRO,524,305,219,524,55,258,211,524,24,16,15,21,15,28,29,29,19,18,34,33,32,24,31,57,46,27,20,6,0,0,524,29,25,22,41,75,17,89,67,122,5,31,1,266,0,266,266,249,15,2,0,266,163,54,42,5,2,0,266,145,86,4,20,11,266,266,0,0,0,0,0,266,266,0,0,266,265,1,0,0,0,266,40,226,0,0,0,0,330,14,0,316,0,0,0,0,330,330,"INDEC, Censo Nacional de Poblacion, Hogares y Viviendas 2022, procesado con Redatam 7",2026-09-06
067560606,radio,06,756,SAN ISIDRO,557,322,235,557,57,314,186,557,21,21,15,27,31,29,41,42,29,32,24,33,26,33,33,40,37,20,19,4,0,0,557,36,23,24,60,76,23,61,67,135,12,37,3,300,1,299,300,287,12,0,1,300,181,61,49,3,6,0,300,157,110,3,22,8,300,299,0,1,0,0,0,300,300,0,0,300,300,0,0,0,0,300,36,262,1,0,1,0,427,13,0,413,0,0,0,1,427,427,"INDEC, Censo Nacional de Poblacion, Hogares y Viviendas 2022, procesado con Redatam 7",2026-09-06
067560607,radio,06,756,SAN ISIDRO,689,416,273,689,71,380,238,689,34,20,17,26,16,46,50,60,55,29,34,31,33,42,50,48,36,38,19,5,0,0,689,38,28,23,44,112,36,87,94,173,10,42,2,410,1,409,410,391,17,2,0,410,233,62,98,5,12,0,410,194,177,6,20,13,410,406,0,4,0,0,0,410,409,1,0,410,406,3,1,0,0,410,67,340,3,0,0,0,521,35,0,485,0,1,0,0,521,521,"INDEC, Censo Nacional de Poblacion, Hogares y Viviendas 2022, procesado con Redatam 7",2026-09-06
067560608,radio,06,756,SAN ISIDRO,643,354,289,643,101,380,162,643,31,26,44,40,39,27,22,32,35,56,44,38,47,51,26,30,21,18,14,2,0,0,643,36,44,11,59,54,24,63,103,175,12,60,2,256,0,256,256,244,11,1,0,256,148,71,33,3,1,0,256,196,35,0,12,13,256,255,0,1,0,0,0,256,256,0,0,256,255,1,0,0,0,256,52,202,2,0,0,0,285,270,0,15,0,0,0,0,285,285,"INDEC, Censo Nacional de Poblacion, Hogares y Viviendas 2022, procesado con Redatam 7",2026-09-06
067560609,radio,06,756,SAN ISIDRO,543,324,219,543,65,289,189,543,23,17,25,20,24,29,29,30,27,34,39,24,33,23,36,41,39,35,12,3,0,0,543,28,33,20,42,101,29,55,60,130,6,37,2,286,1,285,286,268,17,1,0,286,173,59,49,3,2,0,286,167,82,4,19,14,286,286,0,0,0,0,0,286,286,0,0,286,286,0,0,0,0,286,37,247,2,0,0,0,398,56,0,341,0,0,0,1,398,398,"INDEC, Censo Nacional de Poblacion, Hogares y Viviendas 2022, procesado con Redatam 7",2026-09-06
067560610,radio,06,756,SAN ISIDRO,683,412,271,683,75,370,238,683,18,32,25,33,40,30,34,39,45,50,37,29,33,34,48,60,50,24,17,5,0,0,683,28,40,30,71,112,33,80,94,123,16,49,7,358,2,356,358,336,19,3,0,358,202,69,70,10,7,0,358,210,94,5,34,15,358,355,0,3,0,0,0,358,358,0,0,358,357,1,0,0,0,358,43,314,1,0,0,0,492,71,0,419,0,0,1,1,492,492,"INDEC, Censo Nacional de Poblacion, Hogares y Viviendas 2022, procesado con Redatam 7",2026-09-06
067560611,radio,06,756,SAN ISIDRO,552,291,261,552,91,344,117,552,25,33,33,33,43,24,19,36,36,49,34,33,37,30,25,26,20,11,5,0,0,0,552,31,49,6,53,58,31,65,85,119,15,36,4,226,2,224,226,213,10,3,0,226,113,53,51,4,4,1,226,161,45,0,12,8,226,225,1,0,0,0,0,226,226,0,0,226,222,3,1,0,0,226,31,193,2,0,0,0,273,188,0,85,0,0,0,0,273,273,"INDEC, Censo Nacional de Poblacion, Hogares y Viviendas 2022, procesado con Redatam 7",2026-09-06
067560612,radio,06,756,SAN ISIDRO,627,337,290,627,77,401,149,627,14,32,31,51,43,36,19,29,34,52,47,57,33,46,37,31,15,9,5,5,1,0,627,25,38,6,54,53,32,61,93,178,15,70,2,240,3,237,240,225,11,4,0,240,135,71,28,3,3,0,240,184,30,4,9,13,240,239,0,1,0,0,0,240,240,0,0,240,239,1,0,0,0,240,26,213,1,0,0,0,266,223,0,40,0,1,0,2,266,266,"INDEC, Censo Nacional de Poblacion, Hogares y Viviendas 2022, procesado con Redatam 7",2026-09-06
067560701,radio,06,756,SAN ISIDRO,699,380,319,699,93,438,168,699,22,25,46,45,42,45,32,46,46,69,36,39,38,30,43,41,25,24,3,2,0,0,699,29,46,34,73,102,43,74,119,122,13,37,7,292,3,289,292,263,28,1,0,292,119,79,78,10,6,0,292,198,73,0,7,14,292,286,2,4,0,0,0,292,292,0,0,292,289,3,0,0,0,292,39,247,6,0,0,0,387,229,0,157,0,0,1,0,387,387,"INDEC, Censo Nacional de Poblacion, Hogares y Viviendas 2022, procesado con Redatam 7",2026-09-06
067560702,radio,06,756,SAN ISIDRO,567,298,269,567,77,359,131,567,9,37,31,32,26,49,31,34,47,44,38,26,32,27,27,29,19,17,6,5,1,0,567,23,44,18,61,102,21,66,74,115,10,30,3,279,0,279,279,264,13,1,1,279,156,43,68,8,4,0,279,154,100,1,16,8,279,277,1,1,0,0,0,279,279,0,0,279,277,1,1,0,0,279,36,242,1,0,0,0,346,104,1,240,0,1,0,0,346,346,"INDEC, Censo Nacional de Poblacion, Hogares y Viviendas 2022, procesado con Redatam 7",2026-09-06
067560703,radio,06,756,SAN ISIDRO,379,214,165,379,53,220,106,379,24,18,11,11,10,28,37,21,23,26,19,14,31,18,21,30,16,9,9,3,0,0,379,30,22,22,37,72,12,35,54,70,3,19,3,181,1,180,181,172,6,3,0,181,88,27,48,12,6,0,181,103,64,2,6,6,181,179,1,1,0,0,0,181,181,0,0,181,181,0,0,0,0,181,28,149,3,1,0,0,221,67,0,154,0,0,0,0,221,221,"INDEC, Censo Nacional de Poblacion, Hogares y Viviendas 2022, procesado con Redatam 7",2026-09-06
067560704,radio,06,756,SAN ISIDRO,771,407,364,771,110,489,172,771,27,44,39,36,39,50,41,61,64,65,47,44,42,39,40,38,28,16,7,3,0,1,771,37,63,22,82,111,35,84,103,152,22,54,6,341,1,340,341,314,20,6,1,341,168,89,74,5,5,0,341,230,76,1,20,14,341,335,3,2,1,0,0,341,341,0,0,341,338,3,0,0,0,341,49,289,3,0,0,0,416,268,0,148,0,0,0,0,416,416,"INDEC, Censo Nacional de Poblacion, Hogares y Viviendas 2022, procesado con Redatam 7",2026-09-06
067560705,radio,06,756,SAN ISIDRO,562,326,236,562,77,354,131,562,17,28,32,23,31,29,42,50,42,35,36,30,36,43,30,24,15,12,4,2,1,0,562,27,38,18,62,90,22,64,95,105,7,29,5,311,3,308,311,280,29,1,1,311,166,50,79,4,12,0,311,141,134,2,27,7,311,309,0,2,0,0,0,311,311,0,0,311,310,0,1,0,0,311,32,276,3,0,0,0,377,91,0,283,0,2,0,1,377,377,"INDEC, Censo Nacional de Poblacion, Hogares y Viviendas 2022, procesado con Redatam 7",2026-09-06
067560706,radio,06,756,SAN ISIDRO,362,206,156,362,50,231,81,362,17,20,13,10,19,23,38,28,23,30,19,20,21,19,14,15,15,13,4,1,0,0,362,21,28,20,31,58,20,39,48,72,6,17,2,178,0,178,178,163,13,1,1,178,81,44,43,5,5,0,178,94,70,3,8,3,178,177,1,0,0,0,0,178,178,0,0,178,178,0,0,0,0,178,35,139,4,0,0,0,231,35,0,196,0,0,0,0,231,231,"INDEC, Censo Nacional de Poblacion, Hogares y Viviendas 2022, procesado con Redatam 7",2026-09-06
067560707,radio,06,756,SAN ISIDRO,797,416,381,797,97,491,209,797,26,38,33,34,48,50,44,50,43,62,53,48,59,33,47,64,28,22,10,5,0,0,797,37,60,50,82,138,35,101,98,137,12,42,5,376,5,371,376,347,18,9,2,376,180,78,103,6,9,0,376,224,124,1,22,5,376,374,1,0,0,1,0,376,376,0,0,376,372,4,0,0,0,376,46,319,9,2,0,0,487,262,0,220,0,3,2,0,487,487,"INDEC, Censo Nacional de Poblacion, Hogares y Viviendas 2022, procesado con Redatam 7",2026-09-06
067560708,radio,06,756,SAN ISIDRO,603,337,266,603,92,355,156,603,21,27,44,33,34,30,22,29,49,42,28,47,41,39,41,35,14,19,8,0,0,0,603,26,41,25,61,67,28,72,84,137,14,45,3,234,0,234,234,222,12,0,0,234,113,60,56,4,1,0,234,187,30,0,11,6,234,234,0,0,0,0,0,234,234,0,0,234,230,4,0,0,0,234,19,213,1,1,0,0,282,268,0,14,0,0,0,0,282,282,"INDEC, Censo Nacional de Poblacion, Hogares y Viviendas 2022, procesado con Redatam 7",2026-09-06
067560709,radio,06,756,SAN ISIDRO,803,425,378,803,128,489,186,803,39,39,50,44,49,42,37,50,45,72,48,47,55,39,54,35,29,11,13,5,0,0,803,52,52,12,91,107,33,89,117,167,16,63,4,312,1,311,312,294,12,4,2,312,144,93,63,6,5,1,312,231,62,0,11,8,312,310,2,0,0,0,0,312,311,1,0,312,310,2,0,0,0,312,39,269,4,0,0,0,338,306,0,32,0,0,0,0,338,338,"INDEC, Censo Nacional de Poblacion, Hogares y Viviendas 2022, procesado con Redatam 7",2026-09-06
067560710,radio,06,756,SAN ISIDRO,815,417,398,815,97,499,219,815,25,31,41,51,49,42,26,37,54,50,63,51,76,57,43,51,47,12,6,3,0,0,815,38,43,22,95,123,28,102,141,162,8,51,2,336,2,334,336,305,24,7,0,336,175,81,69,4,7,0,336,253,52,0,15,16,336,334,0,2,0,0,0,336,336,0,0,336,332,4,0,0,0,336,36,295,5,0,0,0,360,328,0,31,0,1,0,0,360,360,"INDEC, Censo Nacional de Poblacion, Hogares y Viviendas 2022, procesado con Redatam 7",2026-09-06
067560711,radio,06,756,SAN ISIDRO,408,243,165,408,47,226,135,408,18,10,19,9,14,22,29,35,32,26,29,15,15,19,30,28,26,16,10,5,0,1,408,23,23,10,30,82,28,48,42,85,5,28,4,226,0,226,226,205,10,10,1,226,128,35,51,6,6,0,226,124,76,1,10,15,226,224,1,1,0,0,0,226,225,1,0,226,225,0,1,0,0,226,50,172,4,0,0,0,316,20,0,296,0,0,0,0,316,316,"INDEC, Censo Nacional de Poblacion, Hogares y Viviendas 2022, procesado con Redatam 7",2026-09-06
067560801,radio,06,756,SAN ISIDRO,1036,557,479,1036,152,648,236,1036,38,56,58,58,60,54,62,54,71,94,53,71,71,66,60,48,25,19,14,3,1,0,1036,80,74,38,129,144,42,103,164,179,29,53,1,357,28,329,357,302,29,24,2,357,129,78,103,16,24,7,357,232,102,0,16,7,357,344,5,2,1,4,1,357,350,3,4,352,345,1,6,0,5,357,33,285,8,6,16,9,363,245,25,76,0,9,5,3,363,363,"INDEC, Censo Nacional de Poblacion, Hogares y Viviendas 2022, procesado con Redatam 7",2026-09-06
067560802,radio,06,756,SAN ISIDRO,868,450,418,868,108,551,209,868,20,43,45,60,58,51,29,41,63,63,61,67,58,63,52,42,26,14,11,1,0,0,868,72,51,43,113,118,36,104,128,136,18,45,4,322,10,312,322,287,17,17,1,322,129,85,86,12,9,1,322,243,49,2,10,18,322,317,2,0,1,1,1,322,319,1,2,322,313,3,6,0,0,322,27,284,0,0,2,9,332,298,4,24,1,1,1,3,332,332,"INDEC, Censo Nacional de Poblacion, Hogares y Viviendas 2022, procesado con Redatam 7",2026-09-06
067560803,radio,06,756,SAN ISIDRO,1082,574,508,1082,167,674,241,1082,38,54,75,65,59,62,74,55,77,75,66,72,69,61,71,52,29,20,5,3,0,0,1082,170,72,39,136,149,44,124,111,142,20,70,5,379,37,342,379,314,40,20,5,379,159,87,90,12,24,7,379,271,78,4,15,11,379,360,9,5,2,0,3,379,375,1,3,379,362,5,11,1,0,379,26,312,9,1,18,13,386,315,0,50,2,0,0,19,386,386,"INDEC, Censo Nacional de Poblacion, Hogares y Viviendas 2022, procesado con Redatam 7",2026-09-06
067560804,radio,06,756,SAN ISIDRO,1057,542,515,1057,160,647,250,1057,25,46,89,79,54,46,55,48,69,102,77,61,56,66,63,58,39,16,7,1,0,0,1057,49,72,43,173,166,62,105,155,165,13,45,9,407,15,392,407,360,39,6,2,407,168,105,109,10,13,2,407,266,92,2,24,23,407,400,3,2,0,0,2,407,407,0,0,406,402,4,0,0,1,407,42,361,3,1,0,0,470,399,0,61,1,6,2,1,470,470,"INDEC, Censo Nacional de Poblacion, Hogares y Viviendas 2022, procesado con Redatam 7",2026-09-06
067560805,radio,06,756,SAN ISIDRO,1108,596,512,1108,179,690,239,1108,39,63,77,69,58,54,67,70,71,83,70,76,72,65,67,49,29,14,11,4,0,0,1108,93,98,30,120,167,53,107,166,187,13,65,9,424,18,406,424,378,34,10,2,424,188,86,119,19,12,0,424,302,81,1,15,25,424,410,3,11,0,0,0,424,422,0,2,424,412,10,2,0,0,424,58,349,16,1,0,0,501,406,1,81,0,10,1,2,501,501,"INDEC, Censo Nacional de Poblacion, Hogares y Viviendas 2022, procesado con Redatam 7",2026-09-06
067560806,radio,06,756,SAN ISIDRO,1293,680,613,1293,189,808,296,1293,38,58,93,91,72,63,49,58,93,106,94,92,90,85,68,58,32,35,17,1,0,0,1293,71,95,45,179,205,59,132,156,247,20,76,8,443,14,429,443,389,34,17,3,443,159,133,109,22,17,3,443,331,72,0,20,20,443,429,5,0,0,8,1,443,443,0,0,441,421,11,9,0,2,443,38,387,5,1,1,11,447,395,15,35,0,1,1,0,447,447,"INDEC, Censo Nacional de Poblacion, Hogares y Viviendas 2022, procesado con Redatam 7",2026-09-06
067560807,radio,06,756,SAN ISIDRO,873,463,410,873,121,534,218,873,34,45,42,63,45,36,36,64,51,60,70,61,48,65,55,45,30,13,7,3,0,0,873,64,58,29,94,116,38,95,133,167,22,54,3,329,7,322,329,308,15,5,1,329,154,78,74,12,10,1,329,263,39,1,12,14,329,324,1,3,0,0,1,329,327,1,1,329,320,5,2,2,0,329,28,288,4,5,2,2,330,294,2,30,0,4,0,0,330,330,"INDEC, Censo Nacional de Poblacion, Hogares y Viviendas 2022, procesado con Redatam 7",2026-09-06
067560808,radio,06,756,SAN ISIDRO,1051,570,481,1051,163,669,219,1051,52,56,55,66,70,50,52,65,74,78,83,61,70,52,54,46,38,19,9,1,0,0,1051,103,76,53,128,141,51,113,144,160,23,51,8,409,10,399,409,358,38,10,3,409,169,93,116,16,14,1,409,299,68,1,22,19,409,402,5,0,0,2,0,409,401,6,2,409,394,4,11,0,0,409,36,360,9,1,2,1,431,390,4,33,0,0,2,2,431,431,"INDEC, Censo Nacional de Poblacion, Hogares y Viviendas 2022, procesado con Redatam 7",2026-09-06
067560809,radio,06,756,SAN ISIDRO,975,532,443,975,138,635,202,975,35,42,61,76,60,50,42,63,75,67,69,72,61,48,47,40,27,23,15,1,1,0,975,73,63,40,146,140,45,112,130,150,17,55,4,358,10,348,358,321,29,5,3,358,138,92,107,11,9,1,358,263,69,0,14,12,358,356,0,2,0,0,0,358,357,1,0,358,344,9,2,3,0,358,37,318,0,2,1,0,369,347,2,16,0,0,2,2,369,369,"INDEC, Censo Nacional de Poblacion, Hogares y Viviendas 2022, procesado con Redatam 7",2026-09-06
067560901,radio,06,756,SAN ISIDRO,946,488,458,946,151,615,180,946,38,44,69,83,51,41,32,60,78,69,69,76,56,52,27,38,26,22,11,2,1,1,946,48,61,33,156,145,55,109,121,142,13,60,3,352,1,351,352,316,31,5,0,352,149,107,81,8,7,0,352,263,50,1,12,26,352,350,0,2,0,0,0,352,351,1,0,352,345,5,2,0,0,352,38,311,3,0,0,0,377,355,0,22,0,0,0,0,377,377,"INDEC, Censo Nacional de Poblacion, Hogares y Viviendas 2022, procesado con Redatam 7",2026-09-06
067560902,radio,06,756,SAN ISIDRO,928,500,428,928,144,579,205,928,25,56,63,61,67,37,46,48,66,67,64,60,63,51,48,45,32,15,12,2,0,0,928,38,83,48,136,147,56,101,131,134,3,45,6,375,3,372,375,340,26,6,3,375,162,85,98,14,15,1,375,277,67,1,10,20,375,371,0,3,0,0,1,375,374,1,0,375,365,8,1,1,0,375,38,325,11,1,0,0,405,335,1,68,0,0,1,0,405,405,"INDEC, Censo Nacional de Poblacion, Hogares y Viviendas 2022, procesado con Redatam 7",2026-09-06
067560903,radio,06,756,SAN ISIDRO,1006,527,479,1006,153,623,230,1006,29,55,69,64,50,40,51,60,85,69,63,72,69,60,59,54,35,13,8,1,0,0,1006,60,84,50,146,178,42,109,129,148,17,35,8,403,0,403,403,375,22,4,2,403,178,92,113,10,10,0,403,306,58,0,15,24,403,402,1,0,0,0,0,403,403,0,0,403,398,4,1,0,0,403,31,365,6,1,0,0,448,425,0,23,0,0,0,0,448,448,"INDEC, Censo Nacional de Poblacion, Hogares y Viviendas 2022, procesado con Redatam 7",2026-09-06
067560904,radio,06,756,SAN ISIDRO,1226,648,578,1226,186,818,222,1226,36,62,88,112,78,69,42,69,73,117,106,84,68,59,61,58,24,11,7,2,0,0,1226,61,102,49,199,173,57,145,171,185,21,58,5,445,3,442,445,405,33,7,0,445,154,141,125,14,11,0,445,338,67,0,17,23,445,437,2,3,0,0,3,445,445,0,0,445,433,11,1,0,0,445,35,395,13,2,0,0,456,428,0,28,0,0,0,0,456,456,"INDEC, Censo Nacional de Poblacion, Hogares y Viviendas 2022, procesado con Redatam 7",2026-09-06
067560905,radio,06,756,SAN ISIDRO,1116,583,533,1116,176,697,243,1116,41,68,67,60,62,58,68,88,78,74,71,67,71,55,65,43,39,28,9,4,0,0,1116,68,102,69,154,188,73,123,141,146,11,33,8,444,7,437,444,399,35,10,0,444,172,102,121,20,27,2,444,283,115,1,32,13,444,434,5,5,0,0,0,444,442,2,0,444,429,10,5,0,0,444,40,384,18,2,0,0,491,360,0,127,0,0,3,1,491,491,"INDEC, Censo Nacional de Poblacion, Hogares y Viviendas 2022, procesado con Redatam 7",2026-09-06
067560906,radio,06,756,SAN ISIDRO,1032,543,489,1032,151,673,208,1032,28,55,68,88,61,38,45,65,71,88,80,54,83,50,60,31,32,24,8,2,1,0,1032,45,108,38,155,187,57,117,137,143,5,33,7,388,4,384,388,349,32,7,0,388,153,95,110,20,8,2,388,289,63,1,15,20,388,383,2,2,1,0,0,388,388,0,0,388,380,7,1,0,0,388,32,340,16,0,0,0,411,369,1,40,0,1,0,0,411,411,"INDEC, Censo Nacional de Poblacion, Hogares y Viviendas 2022, procesado con Redatam 7",2026-09-06
067560907,radio,06,756,SAN ISIDRO,474,247,227,474,82,314,78,474,20,33,29,18,39,30,32,33,25,35,38,31,33,32,15,15,6,5,4,1,0,0,474,31,46,9,59,79,21,48,72,70,9,25,5,199,4,195,199,171,18,6,4,199,76,49,59,5,9,1,199,138,38,1,11,11,199,197,0,2,0,0,0,199,196,3,0,199,191,6,2,0,0,199,26,169,4,0,0,0,237,162,0,74,0,1,0,0,237,237,"INDEC, Censo Nacional de Poblacion, Hogares y Viviendas 2022, procesado con Redatam 7",2026-09-06
067560908,radio,06,756,SAN ISIDRO,615,320,295,615,92,431,92,615,28,26,38,50,41,33,31,41,56,44,43,56,36,26,26,20,6,7,4,3,0,0,615,35,39,26,87,89,27,66,90,116,8,28,4,237,3,234,237,216,16,4,1,237,84,76,68,3,6,0,237,152,49,2,18,16,237,236,0,1,0,0,0,237,237,0,0,236,231,5,0,0,1,237,39,195,3,0,0,0,266,224,0,41,0,0,0,1,266,266,"INDEC, Censo Nacional de Poblacion, Hogares y Viviendas 2022, procesado con Redatam 7",2026-09-06
067561001,radio,06,756,SAN ISIDRO,606,325,281,606,94,358,154,606,27,32,35,41,34,33,40,36,32,42,34,32,34,46,40,24,19,18,4,3,0,0,606,51,37,17,68,71,28,62,97,126,8,39,2,252,6,246,252,216,21,11,4,252,121,52,56,13,7,3,252,131,90,9,12,10,252,243,0,2,1,6,0,252,245,7,0,252,251,0,0,1,0,252,24,220,7,0,1,0,271,55,0,215,0,0,0,1,271,271,"INDEC, Censo Nacional de Poblacion, Hogares y Viviendas 2022, procesado con Redatam 7",2026-09-06
067561002,radio,06,756,SAN ISIDRO,471,271,200,471,57,301,113,471,16,18,23,19,25,39,26,45,31,29,28,29,30,23,28,30,10,11,9,1,1,0,471,30,25,13,49,60,34,61,67,85,15,31,1,235,8,227,235,214,19,1,1,235,101,39,73,5,14,3,235,119,105,1,6,4,235,232,2,1,0,0,0,235,235,0,0,235,234,1,0,0,0,235,28,207,0,0,0,0,269,47,3,218,0,1,0,0,269,269,"INDEC, Censo Nacional de Poblacion, Hogares y Viviendas 2022, procesado con Redatam 7",2026-09-06
067561003,radio,06,756,SAN ISIDRO,657,373,284,657,68,416,173,657,25,26,17,25,35,45,61,40,35,37,47,46,45,43,32,41,29,18,7,3,0,0,657,39,29,15,44,85,32,108,102,128,23,44,8,361,3,358,361,332,25,4,0,361,200,61,89,8,2,1,361,186,144,5,16,10,361,357,1,3,0,0,0,361,360,0,1,361,358,1,1,1,0,361,69,289,2,0,1,0,433,75,0,357,0,1,0,0,433,433,"INDEC, Censo Nacional de Poblacion, Hogares y Viviendas 2022, procesado con Redatam 7",2026-09-06
067561004,radio,06,756,SAN ISIDRO,681,397,284,681,48,460,173,681,21,12,15,27,34,66,71,65,42,32,41,46,36,34,33,44,24,24,12,2,0,0,681,49,16,22,48,91,37,78,113,157,21,47,2,378,5,373,378,352,22,3,1,378,199,39,100,14,23,3,378,167,171,5,24,11,378,369,0,8,0,0,1,378,378,0,0,378,376,1,1,0,0,378,106,264,5,3,0,0,442,28,7,405,0,0,0,2,442,442,"INDEC, Censo Nacional de Poblacion, Hogares y Viviendas 2022, procesado con Redatam 7",2026-09-06
067561005,radio,06,756,SAN ISIDRO,456,253,203,456,54,269,133,456,21,21,12,16,20,36,24,24,41,23,28,31,26,20,20,33,30,17,11,2,0,0,456,29,22,15,28,62,19,57,73,105,8,37,1,226,0,226,226,216,9,1,0,226,114,60,45,2,5,0,226,100,96,6,15,9,226,226,0,0,0,0,0,226,226,0,0,226,225,1,0,0,0,226,46,179,1,0,0,0,264,14,0,250,0,0,0,0,264,264,"INDEC, Censo Nacional de Poblacion, Hogares y Viviendas 2022, procesado con Redatam 7",2026-09-06
067561006,radio,06,756,SAN ISIDRO,779,453,326,779,103,425,251,779,40,35,28,30,30,32,43,63,48,58,46,36,39,35,50,45,50,41,19,10,1,0,779,62,49,25,62,109,46,88,103,156,18,55,6,393,6,387,393,343,30,13,7,393,212,66,81,19,14,1,393,206,128,14,31,14,393,393,0,0,0,0,0,393,393,0,0,393,391,0,2,0,0,393,75,316,0,0,2,0,442,12,7,419,0,1,2,1,442,442,"INDEC, Censo Nacional de Poblacion, Hogares y Viviendas 2022, procesado con Redatam 7",2026-09-06
067561007,radio,06,756,SAN ISIDRO,548,302,246,548,75,353,120,548,23,32,20,27,30,30,26,47,40,45,34,44,30,31,24,26,21,10,5,3,0,0,548,29,34,15,45,76,24,78,70,129,17,31,0,275,2,273,275,252,18,5,0,275,147,41,74,9,4,0,275,179,68,1,15,12,275,273,0,1,1,0,0,275,275,0,0,275,274,1,0,0,0,275,47,228,0,0,0,0,335,111,0,224,0,0,0,0,335,335,"INDEC, Censo Nacional de Poblacion, Hogares y Viviendas 2022, procesado con Redatam 7",2026-09-06
067561008,radio,06,756,SAN ISIDRO,540,312,228,540,67,347,126,540,17,21,29,27,34,46,44,30,43,30,28,40,25,26,29,27,21,18,5,0,0,0,540,24,29,14,66,84,36,77,84,89,12,23,2,276,2,274,276,253,21,1,1,276,144,44,65,10,12,1,276,111,127,5,20,13,276,276,0,0,0,0,0,276,276,0,0,276,273,3,0,0,0,276,30,245,1,0,0,0,337,15,1,321,0,0,0,0,337,337,"INDEC, Censo Nacional de Poblacion, Hogares y Viviendas 2022, procesado con Redatam 7",2026-09-06
067561009,radio,06,756,SAN ISIDRO,260,145,115,260,24,171,65,260,9,8,7,4,9,28,23,20,19,14,14,19,21,11,15,14,11,4,9,1,0,0,260,13,11,11,14,43,10,32,38,61,8,18,1,147,1,146,147,134,11,2,0,147,74,22,40,6,5,0,147,60,71,3,9,4,147,146,0,1,0,0,0,147,147,0,0,147,147,0,0,0,0,147,12,135,0,0,0,0,215,23,0,191,0,0,1,0,215,215,"INDEC, Censo Nacional de Poblacion, Hogares y Viviendas 2022, procesado con Redatam 7",2026-09-06
067561010,radio,06,756,SAN ISIDRO,1021,556,465,1021,148,639,234,1021,33,55,60,61,81,54,37,33,88,96,54,76,59,76,61,46,30,13,6,2,0,0,1021,58,72,27,105,124,53,116,162,216,21,67,0,382,3,379,382,350,29,3,0,382,175,89,87,19,11,1,382,271,77,5,12,17,382,380,1,1,0,0,0,382,382,0,0,382,380,1,1,0,0,382,42,335,4,1,0,0,407,322,4,78,0,2,1,0,407,407,"INDEC, Censo Nacional de Poblacion, Hogares y Viviendas 2022, procesado con Redatam 7",2026-09-06
067561011,radio,06,756,SAN ISIDRO,976,510,466,976,142,594,240,976,41,46,55,63,53,45,54,41,55,64,75,72,72,56,60,47,37,26,11,2,0,1,976,57,66,20,93,162,45,124,129,191,18,67,4,371,23,348,371,332,12,22,5,371,160,118,69,12,11,1,371,301,46,0,14,10,371,370,0,1,0,0,0,371,352,19,0,351,348,2,0,1,20,371,46,307,17,1,0,0,374,352,2,18,0,0,2,0,374,374,"INDEC, Censo Nacional de Poblacion, Hogares y Viviendas 2022, procesado con Redatam 7",2026-09-06
067561012,radio,06,756,SAN ISIDRO,1076,557,519,1076,192,679,205,1076,44,69,79,65,76,44,52,64,63,88,80,65,82,56,40,37,32,23,14,3,0,0,1076,74,91,26,133,136,40,103,154,226,26,61,6,382,7,375,382,359,20,2,1,382,155,127,80,10,10,0,382,291,58,1,14,18,382,378,0,2,0,1,1,382,382,0,0,382,375,7,0,0,0,382,32,346,4,0,0,0,399,382,4,10,1,0,1,1,399,399,"INDEC, Censo Nacional de Poblacion, Hogares y Viviendas 2022, procesado con Redatam 7",2026-09-06
067561101,radio,06,756,SAN ISIDRO,566,326,240,566,89,364,113,566,24,30,35,29,22,49,47,49,38,38,31,34,27,37,20,18,22,10,5,1,0,0,566,40,44,35,71,102,30,64,74,73,9,22,2,247,3,244,247,207,25,11,4,247,99,53,73,10,11,1,247,146,74,0,10,17,247,241,6,0,0,0,0,247,243,4,0,247,237,4,6,0,0,247,27,203,17,0,0,0,270,139,0,130,1,0,0,0,270,270,"INDEC, Censo Nacional de Poblacion, Hogares y Viviendas 2022, procesado con Redatam 7",2026-09-06
067561102,radio,06,756,SAN ISIDRO,547,301,246,547,79,368,100,547,20,27,32,30,28,36,50,50,40,37,25,39,33,23,26,20,12,11,8,0,0,0,547,39,35,26,72,78,30,65,78,91,9,23,1,250,2,248,250,226,13,11,0,250,105,44,78,14,8,1,250,146,78,0,14,12,250,248,0,0,0,0,2,250,250,0,0,250,245,4,1,0,0,250,32,213,5,0,0,0,278,132,0,146,0,0,0,0,278,278,"INDEC, Censo Nacional de Poblacion, Hogares y Viviendas 2022, procesado con Redatam 7",2026-09-06
067561103,radio,06,756,SAN ISIDRO,762,428,334,762,116,502,144,762,43,36,37,47,30,52,66,75,64,62,37,27,42,31,30,38,20,12,12,1,0,0,762,70,52,25,94,104,44,75,92,145,20,35,6,364,2,362,364,339,16,8,1,364,154,55,117,16,22,0,364,182,148,0,22,12,364,361,1,2,0,0,0,364,364,0,0,364,358,6,0,0,0,364,38,322,2,1,1,0,425,110,0,314,0,1,0,0,425,425,"INDEC, Censo Nacional de Poblacion, Hogares y Viviendas 2022, procesado con Redatam 7",2026-09-06
067561104,radio,06,756,SAN ISIDRO,645,353,292,645,73,476,96,645,31,26,16,29,26,60,88,61,59,45,38,39,31,26,21,17,13,10,5,4,0,0,645,38,34,29,54,90,41,85,70,142,20,36,6,336,6,330,336,310,19,4,3,336,161,55,92,19,9,0,336,180,127,1,17,11,336,329,4,3,0,0,0,336,336,0,0,336,331,4,1,0,0,336,51,280,3,0,1,1,391,112,0,274,0,0,4,1,391,391,"INDEC, Censo Nacional de Poblacion, Hogares y Viviendas 2022, procesado con Redatam 7",2026-09-06
067561105,radio,06,756,SAN ISIDRO,697,405,292,697,111,485,101,697,33,41,37,22,32,67,76,67,70,58,35,34,24,29,29,23,11,5,3,1,0,0,697,47,56,26,55,68,29,85,102,137,27,63,2,379,3,376,379,352,25,0,2,379,186,60,113,9,9,2,379,161,180,1,24,13,379,375,2,2,0,0,0,379,378,1,0,379,376,3,0,0,0,379,47,330,2,0,0,0,408,74,2,332,0,0,0,0,408,408,"INDEC, Censo Nacional de Poblacion, Hogares y Viviendas 2022, procesado con Redatam 7",2026-09-06
067561106,radio,06,756,SAN ISIDRO,698,393,305,698,82,492,124,698,32,31,19,27,17,74,102,67,59,51,32,34,29,27,34,27,20,11,5,0,0,0,698,40,36,26,69,99,29,83,94,150,20,51,1,381,3,378,381,349,27,5,0,381,161,51,136,15,17,1,381,154,188,2,24,13,381,377,3,1,0,0,0,381,381,0,0,381,379,2,0,0,0,381,41,336,3,1,0,0,417,68,4,343,0,0,2,0,417,417,"INDEC, Censo Nacional de Poblacion, Hogares y Viviendas 2022, procesado con Redatam 7",2026-09-06
067561201,radio,06,756,SAN ISIDRO,1129,614,515,1129,170,738,221,1129,37,67,66,72,82,67,88,66,68,93,77,59,66,71,58,27,34,21,10,0,0,0,1129,107,98,64,173,181,66,126,137,120,15,36,6,434,17,417,434,361,42,21,10,434,158,87,133,21,29,6,434,295,99,0,18,22,434,429,2,2,0,0,1,434,434,0,0,433,428,4,1,0,1,434,38,372,23,1,0,0,443,318,3,115,0,0,7,0,443,443,"INDEC, Censo Nacional de Poblacion, Hogares y Viviendas 2022, procesado con Redatam 7",2026-09-06
067561202,radio,06,756,SAN ISIDRO,789,431,358,789,138,511,140,789,44,52,42,40,40,39,76,66,71,56,32,40,51,36,31,37,16,15,4,1,0,0,789,109,66,27,90,120,41,80,84,119,16,32,5,319,12,307,319,279,35,5,0,319,105,62,108,21,19,4,319,168,109,1,22,19,319,319,0,0,0,0,0,319,319,0,0,319,317,2,0,0,0,319,33,281,2,1,1,1,342,146,1,190,0,3,2,0,342,342,"INDEC, Censo Nacional de Poblacion, Hogares y Viviendas 2022, procesado con Redatam 7",2026-09-06
067561203,radio,06,756,SAN ISIDRO,818,432,386,818,147,514,157,818,40,50,57,55,50,48,57,46,56,52,55,40,55,45,47,22,20,17,5,1,0,0,818,131,82,49,109,121,31,86,92,86,7,18,6,277,25,252,277,234,39,4,0,277,88,56,83,17,26,7,277,192,45,0,21,19,277,276,1,0,0,0,0,277,277,0,0,277,275,2,0,0,0,277,24,240,13,0,0,0,276,211,4,46,0,6,2,7,276,276,"INDEC, Censo Nacional de Poblacion, Hogares y Viviendas 2022, procesado con Redatam 7",2026-09-06
067561204,radio,06,756,SAN ISIDRO,607,297,310,607,83,399,125,607,27,17,39,49,54,26,25,39,47,47,44,38,30,28,40,32,12,7,5,1,0,0,607,41,36,39,125,106,23,59,77,62,6,19,14,215,3,212,215,177,22,14,2,215,75,52,64,11,11,2,215,154,40,3,3,15,215,214,1,0,0,0,0,215,214,1,0,215,206,2,7,0,0,215,14,189,12,0,0,0,215,200,1,13,0,0,0,1,215,215,"INDEC, Censo Nacional de Poblacion, Hogares y Viviendas 2022, procesado con Redatam 7",2026-09-06
067561205,radio,06,756,SAN ISIDRO,938,500,438,938,152,596,190,938,40,47,65,63,60,49,57,48,65,74,53,74,53,47,45,54,19,19,6,0,0,0,938,56,89,70,149,190,36,99,111,100,13,25,0,359,3,356,359,314,22,18,5,359,137,82,106,22,11,1,359,265,52,2,15,25,359,354,2,2,0,1,0,359,358,0,1,359,335,18,6,0,0,359,35,307,14,3,0,0,381,343,0,37,0,0,0,1,381,381,"INDEC, Censo Nacional de Poblacion, Hogares y Viviendas 2022, procesado con Redatam 7",2026-09-06
067561206,radio,06,756,SAN ISIDRO,556,295,261,556,102,365,89,556,29,35,38,20,25,42,54,56,50,39,27,31,21,20,23,19,13,12,1,1,0,0,556,82,43,15,56,71,21,51,81,103,11,22,0,244,14,230,244,223,18,2,1,244,98,27,75,18,20,6,244,117,111,0,9,7,244,243,1,0,0,0,0,244,244,0,0,244,243,1,0,0,0,244,16,227,1,0,0,0,265,62,4,195,1,3,0,0,265,265,"INDEC, Censo Nacional de Poblacion, Hogares y Viviendas 2022, procesado con Redatam 7",2026-09-06
067561207,radio,06,756,SAN ISIDRO,382,205,177,382,44,280,58,382,16,18,10,11,7,43,60,44,36,35,20,11,13,19,20,6,6,6,1,0,0,0,382,18,23,8,31,52,17,36,47,107,13,30,0,239,0,239,239,231,6,2,0,239,128,17,81,7,6,0,239,106,117,0,12,4,239,238,0,1,0,0,0,239,239,0,0,239,237,2,0,0,0,239,35,201,3,0,0,0,261,19,0,242,0,0,0,0,261,261,"INDEC, Censo Nacional de Poblacion, Hogares y Viviendas 2022, procesado con Redatam 7",2026-09-06
067561208,radio,06,756,SAN ISIDRO,904,494,410,904,144,595,165,904,49,44,51,55,45,65,84,76,64,60,55,48,43,39,39,39,20,16,9,3,0,0,904,90,71,31,100,94,53,90,112,170,25,62,6,398,13,385,398,368,20,9,1,398,158,69,138,12,18,3,398,223,145,2,17,11,398,391,5,2,0,0,0,398,397,1,0,398,398,0,0,0,0,398,60,331,7,0,0,0,419,175,0,238,0,0,2,4,419,419,"INDEC, Censo Nacional de Poblacion, Hogares y Viviendas 2022, procesado con Redatam 7",2026-09-06
067561209,radio,06,756,SAN ISIDRO,996,524,472,996,151,672,173,996,38,55,58,77,85,52,51,52,45,73,78,70,89,39,41,40,28,15,9,1,0,0,996,105,78,60,149,175,49,94,117,122,12,30,5,367,7,360,367,320,36,6,5,367,151,88,96,20,11,1,367,257,58,0,17,35,367,363,2,2,0,0,0,367,367,0,0,367,342,16,9,0,0,367,32,321,12,2,0,0,411,359,9,41,0,2,0,0,411,411,"INDEC, Censo Nacional de Poblacion, Hogares y Viviendas 2022, procesado con Redatam 7",2026-09-06
067561210,radio,06,756,SAN ISIDRO,836,424,412,836,141,507,188,836,25,55,61,50,41,37,45,37,61,51,57,61,67,50,42,40,28,19,6,3,0,0,836,41,78,33,107,103,37,104,113,146,11,57,6,317,0,317,317,295,13,7,2,317,146,81,81,6,3,0,317,240,47,2,12,16,317,315,1,1,0,0,0,317,316,1,0,317,308,6,2,1,0,317,33,278,5,1,0,0,347,334,0,13,0,0,0,0,347,347,"INDEC, Censo Nacional de Poblacion, Hogares y Viviendas 2022, procesado con Redatam 7",2026-09-06
067561211,radio,06,756,SAN ISIDRO,1092,593,499,1092,158,673,261,1092,42,49,67,74,81,44,39,43,79,68,85,85,75,72,64,42,42,30,9,2,0,0,1092,58,64,28,136,145,53,125,158,222,18,82,3,399,2,397,399,365,25,5,4,399,214,112,63,4,4,2,399,333,30,0,13,23,399,397,0,1,0,1,0,399,397,2,0,399,388,5,6,0,0,399,34,356,9,0,0,0,430,416,1,13,0,0,0,0,430,430,"INDEC, Censo Nacional de Poblacion, Hogares y Viviendas 2022, procesado con Redatam 7",2026-09-06
067561212,radio,06,756,SAN ISIDRO,1054,568,486,1054,162,714,178,1054,47,48,67,96,89,74,41,59,77,65,71,78,64,54,44,31,31,10,7,1,0,0,1054,91,83,93,241,172,57,86,101,88,11,17,14,353,13,340,353,285,50,13,5,353,110,83,110,19,27,4,353,263,46,2,10,32,353,347,2,2,1,1,0,353,352,1,0,353,334,13,6,0,0,353,20,279,51,3,0,0,356,319,7,22,0,6,2,0,356,356,"INDEC, Censo Nacional de Poblacion, Hogares y Viviendas 2022, procesado con Redatam 7",2026-09-06
067561301,radio,06,756,SAN ISIDRO,543,275,268,543,90,357,96,543,18,41,31,45,36,23,41,44,28,45,38,28,29,29,26,17,15,7,2,0,0,0,543,36,63,60,121,127,23,36,47,23,0,3,4,202,7,195,202,162,26,13,1,202,77,26,62,15,18,4,202,131,41,1,8,21,202,202,0,0,0,0,0,202,200,2,0,201,183,13,5,0,1,202,12,148,37,5,0,0,200,189,2,8,0,1,0,0,200,200,"INDEC, Censo Nacional de Poblacion, Hogares y Viviendas 2022, procesado con Redatam 7",2026-09-06
067561302,radio,06,756,SAN ISIDRO,815,425,390,815,182,514,119,815,52,66,64,66,61,46,58,66,52,52,42,39,32,31,47,24,9,4,3,1,0,0,815,85,104,120,187,140,22,47,46,45,3,11,5,280,11,269,280,196,32,36,16,280,89,49,78,23,35,6,280,207,50,1,11,11,280,273,2,2,2,0,1,280,278,2,0,279,270,6,3,0,1,280,24,148,107,1,0,0,281,180,0,97,1,1,2,0,281,281,"INDEC, Censo Nacional de Poblacion, Hogares y Viviendas 2022, procesado con Redatam 7",2026-09-06
067561303,radio,06,756,SAN ISIDRO,1403,727,676,1403,369,909,125,1403,102,127,140,121,116,124,129,96,83,84,75,43,38,51,34,23,11,4,1,1,0,0,1403,178,240,263,398,225,33,18,33,5,3,1,6,432,47,385,432,181,59,113,79,432,59,41,141,67,99,25,432,355,44,0,9,24,432,410,12,2,1,6,1,432,403,20,9,424,394,15,15,0,8,432,15,59,349,9,0,0,431,395,11,9,0,9,7,0,431,431,"INDEC, Censo Nacional de Poblacion, Hogares y Viviendas 2022, procesado con Redatam 7",2026-09-06
067561304,radio,06,756,SAN ISIDRO,1357,683,674,1357,367,892,98,1357,105,124,138,142,115,120,94,106,85,68,65,57,40,33,33,20,11,0,1,0,0,0,1357,183,246,200,414,208,25,17,39,10,4,4,7,400,53,347,400,153,65,105,77,400,55,41,124,62,86,32,400,353,25,1,9,12,400,377,6,12,2,2,1,400,379,14,7,393,356,16,18,3,7,400,16,45,329,8,2,0,390,352,7,17,1,11,2,0,390,390,"INDEC, Censo Nacional de Poblacion, Hogares y Viviendas 2022, procesado con Redatam 7",2026-09-06
067561305,radio,06,756,SAN ISIDRO,490,264,226,490,135,305,50,490,36,50,49,41,34,40,35,37,31,28,25,18,16,14,15,10,4,6,1,0,0,0,490,74,91,74,109,98,12,12,11,5,0,1,3,152,24,128,152,91,19,29,13,152,29,17,45,19,31,11,152,82,37,0,13,20,152,151,1,0,0,0,0,152,150,1,1,152,144,7,1,0,0,152,10,76,64,2,0,0,151,125,0,14,0,0,12,0,151,151,"INDEC, Censo Nacional de Poblacion, Hogares y Viviendas 2022, procesado con Redatam 7",2026-09-06
067561306,radio,06,756,SAN ISIDRO,637,340,297,637,111,426,100,637,20,30,61,58,58,39,31,39,46,48,37,31,39,26,30,19,11,10,3,1,0,0,637,40,73,55,162,148,33,43,52,22,4,4,1,221,6,215,221,167,35,11,8,221,70,51,62,18,16,4,221,151,44,0,12,14,221,203,16,2,0,0,0,221,217,4,0,221,210,9,2,0,0,221,15,173,30,2,1,0,232,144,8,73,0,5,2,0,232,232,"INDEC, Censo Nacional de Poblacion, Hogares y Viviendas 2022, procesado con Redatam 7",2026-09-06
067561307,radio,06,756,SAN ISIDRO,821,432,389,821,151,509,161,821,44,51,56,53,38,48,47,60,55,50,51,54,53,57,44,32,18,6,4,0,0,0,821,67,95,81,156,151,32,78,80,52,9,13,7,315,9,306,315,251,35,19,10,315,112,58,91,25,24,5,315,199,77,0,16,23,315,307,2,5,1,0,0,315,312,0,3,315,302,3,10,0,0,315,18,248,48,1,0,0,326,280,0,46,0,0,0,0,326,326,"INDEC, Censo Nacional de Poblacion, Hogares y Viviendas 2022, procesado con Redatam 7",2026-09-06
067561308,radio,06,756,SAN ISIDRO,613,312,301,613,80,410,123,613,21,22,37,35,38,40,28,44,51,56,48,36,34,30,30,28,14,14,6,1,0,0,613,34,42,50,122,117,31,75,83,38,6,8,7,256,5,251,256,215,22,17,2,256,94,55,76,14,15,2,256,144,79,0,16,17,256,251,3,1,0,1,0,256,255,1,0,256,241,9,6,0,0,256,9,236,11,0,0,0,262,189,2,68,0,0,1,2,262,262,"INDEC, Censo Nacional de Poblacion, Hogares y Viviendas 2022, procesado con Redatam 7",2026-09-06
067561309,radio,06,756,SAN ISIDRO,1082,573,509,1082,183,721,178,1082,46,59,78,80,65,81,63,88,79,85,73,49,58,61,47,25,23,13,8,0,1,0,1082,76,105,102,232,221,60,91,111,62,6,8,8,412,15,397,412,346,40,17,9,412,122,72,142,37,35,4,412,232,135,0,18,27,412,409,0,3,0,0,0,412,412,0,0,410,390,12,8,0,2,412,30,323,55,4,0,0,413,353,1,50,1,0,7,1,413,413,"INDEC, Censo Nacional de Poblacion, Hogares y Viviendas 2022, procesado con Redatam 7",2026-09-06
067561401,radio,06,756,SAN ISIDRO,1330,682,648,1330,402,863,65,1330,106,142,154,158,114,101,92,94,89,68,73,31,43,25,19,15,1,4,1,0,0,0,1330,155,279,196,431,178,33,11,29,4,3,1,10,370,40,330,370,128,71,103,68,370,46,21,91,66,117,29,370,338,12,1,3,16,370,361,2,3,2,1,1,370,349,19,2,364,329,11,19,5,6,370,7,47,309,7,0,0,370,332,5,22,0,5,6,0,370,370,"INDEC, Censo Nacional de Poblacion, Hogares y Viviendas 2022, procesado con Redatam 7",2026-09-06
067561402,radio,06,756,SAN ISIDRO,92,45,47,92,33,54,5,92,5,17,11,4,7,8,7,9,9,4,3,3,0,1,2,2,0,0,0,0,0,0,92,8,24,8,32,16,1,0,3,0,0,0,0,28,1,27,28,5,7,10,6,28,8,3,9,3,5,0,28,28,0,0,0,0,28,28,0,0,0,0,0,28,27,0,1,27,18,4,3,2,1,28,3,1,24,0,0,0,27,26,0,1,0,0,0,0,27,27,"INDEC, Censo Nacional de Poblacion, Hogares y Viviendas 2022, procesado con Redatam 7",2026-09-06
067561403,radio,06,756,SAN ISIDRO,1290,654,636,1290,328,892,70,1290,86,111,131,135,90,107,105,107,102,80,65,48,53,27,21,11,8,2,1,0,0,0,1290,125,222,208,388,232,25,22,39,10,3,0,16,387,48,339,387,199,54,80,54,387,50,25,140,56,89,27,387,317,29,0,14,27,387,375,7,4,0,1,0,387,370,12,5,383,356,13,13,1,4,387,18,45,320,4,0,0,395,348,0,25,0,16,5,1,395,395,"INDEC, Censo Nacional de Poblacion, Hogares y Viviendas 2022, procesado con Redatam 7",2026-09-06
067561404,radio,06,756,SAN ISIDRO,795,413,382,795,188,569,38,795,54,62,72,77,75,72,70,46,56,43,56,40,34,20,8,2,2,3,2,1,0,0,795,86,141,134,240,125,14,12,23,6,1,4,9,242,18,224,242,101,48,59,34,242,38,22,73,38,62,9,242,201,23,0,8,10,242,240,1,0,0,1,0,242,232,10,0,242,222,6,14,0,0,242,9,19,194,20,0,0,241,220,0,15,0,4,2,0,241,241,"INDEC, Censo Nacional de Poblacion, Hogares y Viviendas 2022, procesado con Redatam 7",2026-09-06
067561405,radio,06,756,SAN ISIDRO,1342,687,655,1342,364,916,62,1342,114,130,120,141,136,109,111,104,85,72,64,51,43,24,18,8,7,4,0,1,0,0,1342,184,257,220,377,217,24,11,27,5,6,1,13,375,57,318,375,146,80,88,61,375,45,24,102,51,117,36,375,299,26,0,4,46,375,366,0,7,0,0,2,375,350,23,2,364,346,7,11,0,11,375,8,145,213,8,0,1,377,349,12,12,0,1,3,0,377,377,"INDEC, Censo Nacional de Poblacion, Hogares y Viviendas 2022, procesado con Redatam 7",2026-09-06
067561406,radio,06,756,SAN ISIDRO,775,431,344,775,133,490,152,775,39,40,54,64,48,37,37,44,69,58,52,41,40,41,36,24,14,28,9,0,0,0,775,55,95,79,196,155,38,51,61,25,4,9,7,268,6,262,268,232,24,8,4,268,72,58,96,18,21,3,268,191,44,0,14,19,268,264,0,4,0,0,0,268,266,2,0,268,251,10,7,0,0,268,18,216,30,4,0,0,289,275,1,11,0,2,0,0,289,289,"INDEC, Censo Nacional de Poblacion, Hogares y Viviendas 2022, procesado con Redatam 7",2026-09-06
067561407,radio,06,756,SAN ISIDRO,704,377,327,704,112,458,134,704,29,42,41,54,49,41,48,31,64,53,49,38,31,37,26,24,18,18,11,0,0,0,704,49,81,83,162,157,31,39,63,29,3,3,4,262,5,257,262,217,32,9,4,262,75,62,80,20,21,4,262,164,67,0,10,21,262,260,0,2,0,0,0,262,260,2,0,262,256,2,4,0,0,262,12,228,18,4,0,0,279,251,1,26,0,0,1,0,279,279,"INDEC, Censo Nacional de Poblacion, Hogares y Viviendas 2022, procesado con Redatam 7",2026-09-06
067561408,radio,06,756,SAN ISIDRO,659,369,290,659,109,435,115,659,25,36,48,52,33,39,38,35,55,57,41,43,42,44,24,17,12,11,4,3,0,0,659,34,69,64,141,150,36,44,68,39,4,6,4,238,9,229,238,189,35,9,5,238,75,51,67,22,19,4,238,138,64,0,14,22,238,235,3,0,0,0,0,238,238,0,0,238,231,4,3,0,0,238,16,197,25,0,0,0,267,200,16,46,0,1,2,2,267,267,"INDEC, Censo Nacional de Poblacion, Hogares y Viviendas 2022, procesado con Redatam 7",2026-09-06
067561409,radio,06,756,SAN ISIDRO,1269,667,602,1269,214,794,261,1269,53,76,85,94,76,62,91,81,86,89,79,55,81,92,41,51,42,22,11,2,0,0,1269,74,143,132,269,284,59,86,104,88,10,11,9,476,9,467,476,402,55,17,2,476,145,92,156,49,29,5,476,307,110,4,20,35,476,471,2,3,0,0,0,476,475,1,0,476,455,15,6,0,0,476,37,399,29,4,6,1,527,473,8,41,0,3,2,0,527,527,"INDEC, Censo Nacional de Poblacion, Hogares y Viviendas 2022, procesado con Redatam 7",2026-09-06
067561410,radio,06,756,SAN ISIDRO,756,407,349,756,119,488,149,756,18,41,60,56,57,41,50,43,50,60,45,47,39,43,48,22,18,11,5,2,0,0,756,38,78,60,170,150,43,63,72,57,7,13,5,272,4,268,272,231,22,11,8,272,96,65,74,18,17,2,272,196,47,0,18,11,272,267,2,3,0,0,0,272,271,0,1,272,246,13,13,0,0,272,22,208,35,7,0,0,307,282,1,22,0,0,2,0,307,307,"INDEC, Censo Nacional de Poblacion, Hogares y Viviendas 2022, procesado con Redatam 7",2026-09-06
067561501,radio,06,756,SAN ISIDRO,1193,648,545,1193,239,778,176,1193,57,85,97,100,80,49,50,67,89,103,80,67,93,63,52,37,7,11,6,0,0,0,1193,75,117,32,157,119,50,95,182,250,17,90,9,411,1,410,411,386,23,2,0,411,200,136,63,7,5,0,411,341,47,0,11,12,411,398,12,0,1,0,0,411,411,0,0,411,403,7,1,0,0,411,58,343,9,1,0,0,435,428,0,4,0,2,1,0,435,435,"INDEC, Censo Nacional de Poblacion, Hogares y Viviendas 2022, procesado con Redatam 7",2026-09-06
067561502,radio,06,756,SAN ISIDRO,1456,785,671,1456,355,928,173,1456,116,126,113,96,106,88,100,108,106,93,68,82,81,59,49,38,11,12,3,1,0,0,1456,155,186,86,286,178,41,91,161,167,19,69,17,476,10,466,476,390,38,24,24,476,150,121,127,31,41,6,476,357,64,0,18,37,476,464,7,3,0,2,0,476,469,6,1,474,422,25,27,0,2,476,33,334,102,5,1,1,477,449,3,24,0,0,1,0,477,477,"INDEC, Censo Nacional de Poblacion, Hogares y Viviendas 2022, procesado con Redatam 7",2026-09-06
067561503,radio,06,756,SAN ISIDRO,1348,708,640,1348,309,885,154,1348,71,122,116,128,81,62,59,99,132,100,85,83,56,57,44,28,16,6,2,1,0,0,1348,106,172,95,282,200,35,92,139,152,13,57,5,429,5,424,429,371,48,8,2,429,119,125,126,30,26,3,429,330,63,0,17,19,429,422,4,3,0,0,0,429,429,0,0,429,418,9,2,0,0,429,53,337,37,2,0,0,442,263,0,178,0,0,1,0,442,442,"INDEC, Censo Nacional de Poblacion, Hogares y Viviendas 2022, procesado con Redatam 7",2026-09-06
067561504,radio,06,756,SAN ISIDRO,615,321,294,615,101,439,75,615,39,29,33,33,26,55,73,67,56,35,38,28,28,27,26,10,5,6,1,0,0,0,615,46,36,26,76,62,19,63,61,154,15,55,2,278,3,275,278,252,21,3,2,278,117,43,90,13,15,0,278,134,115,1,14,14,278,276,2,0,0,0,0,278,276,2,0,278,262,12,4,0,0,278,29,240,8,1,0,0,286,110,0,173,0,0,3,0,286,286,"INDEC, Censo Nacional de Poblacion, Hogares y Viviendas 2022, procesado con Redatam 7",2026-09-06
067561505,radio,06,756,SAN ISIDRO,702,374,328,702,127,476,99,702,35,40,52,55,49,60,37,54,43,47,53,40,38,33,31,17,10,7,1,0,0,0,702,57,71,62,146,145,26,65,65,54,1,5,5,240,5,235,240,186,42,8,4,240,71,53,82,12,20,2,240,179,34,0,9,18,240,238,1,1,0,0,0,240,238,2,0,240,230,5,5,0,0,240,20,176,40,2,2,0,245,237,0,5,0,2,0,1,245,245,"INDEC, Censo Nacional de Poblacion, Hogares y Viviendas 2022, procesado con Redatam 7",2026-09-06
067561506,radio,06,756,SAN ISIDRO,1011,522,489,1011,172,668,171,1011,42,64,66,78,62,70,61,50,77,79,61,80,50,49,43,38,25,7,7,2,0,0,1011,70,114,100,215,189,31,85,109,79,10,7,2,323,15,308,323,262,43,10,8,323,85,68,122,16,27,5,323,242,39,0,19,23,323,321,1,1,0,0,0,323,321,2,0,322,301,12,9,0,1,323,22,260,38,3,0,0,328,306,0,15,0,4,3,0,328,328,"INDEC, Censo Nacional de Poblacion, Hogares y Viviendas 2022, procesado con Redatam 7",2026-09-06
067561507,radio,06,756,SAN ISIDRO,681,360,321,681,97,472,112,681,26,32,39,51,50,40,47,50,45,49,47,56,37,32,25,22,19,11,2,1,0,0,681,40,54,34,123,110,32,65,84,90,10,33,6,276,2,274,276,241,28,6,1,276,120,64,71,10,11,0,276,183,66,0,15,12,276,274,1,1,0,0,0,276,275,0,1,274,249,16,9,0,2,276,28,231,15,1,1,0,325,247,1,77,0,0,0,0,325,325,"INDEC, Censo Nacional de Poblacion, Hogares y Viviendas 2022, procesado con Redatam 7",2026-09-06
067561508,radio,06,756,SAN ISIDRO,577,297,280,577,93,352,132,577,34,35,24,29,38,26,32,39,43,44,32,36,33,29,31,33,23,6,5,3,2,0,577,49,49,51,76,87,18,55,66,87,7,28,4,229,3,226,229,204,19,3,3,229,104,60,49,11,4,1,229,163,44,2,7,13,229,228,0,1,0,0,0,229,229,0,0,228,212,11,5,0,1,229,27,196,6,0,0,0,279,261,1,16,0,0,1,0,279,279,"INDEC, Censo Nacional de Poblacion, Hogares y Viviendas 2022, procesado con Redatam 7",2026-09-06
067561509,radio,06,756,SAN ISIDRO,654,348,306,654,96,416,142,654,26,31,39,45,51,32,25,32,51,36,53,47,44,46,42,21,16,13,2,2,0,0,654,38,48,35,85,91,12,50,99,128,17,50,1,221,2,219,221,200,17,4,0,221,98,60,51,9,3,0,221,179,22,1,6,13,221,219,1,1,0,0,0,221,221,0,0,221,207,9,5,0,0,221,23,196,2,0,0,0,244,235,0,8,0,0,1,0,244,244,"INDEC, Censo Nacional de Poblacion, Hogares y Viviendas 2022, procesado con Redatam 7",2026-09-06
067561510,radio,06,756,SAN ISIDRO,805,427,378,805,135,506,164,805,36,40,59,63,50,40,25,49,62,53,53,58,53,50,49,25,25,12,3,0,0,0,805,43,68,43,110,108,21,66,116,159,9,56,6,275,6,269,275,247,25,3,0,275,121,89,53,5,6,1,275,217,26,0,10,22,275,271,2,2,0,0,0,275,275,0,0,275,252,21,2,0,0,275,21,247,7,0,0,0,287,279,0,3,0,2,3,0,287,287,"INDEC, Censo Nacional de Poblacion, Hogares y Viviendas 2022, procesado con Redatam 7",2026-09-06
067561511,radio,06,756,SAN ISIDRO,1224,647,577,1224,208,751,265,1224,48,78,82,95,100,65,38,53,62,75,88,78,97,94,76,54,20,13,6,2,0,0,1224,74,97,33,153,116,26,83,196,299,17,124,6,390,2,388,390,361,21,7,1,390,207,108,58,14,2,1,390,341,31,2,6,10,390,387,1,2,0,0,0,390,390,0,0,390,367,16,6,1,0,390,47,336,7,0,0,0,409,407,0,2,0,0,0,0,409,409,"INDEC, Censo Nacional de Poblacion, Hogares y Viviendas 2022, procesado con Redatam 7",2026-09-06
067561512,radio,06,756,SAN ISIDRO,720,367,353,720,98,491,131,720,28,37,33,55,74,42,25,35,43,39,63,54,61,38,40,18,16,10,7,2,0,0,720,40,49,20,84,86,22,76,127,143,14,53,6,259,1,258,259,230,20,7,2,259,124,84,37,9,5,0,259,203,36,1,6,13,259,252,6,1,0,0,0,259,259,0,0,259,241,14,4,0,0,259,32,225,1,0,0,1,265,257,0,7,0,1,0,0,265,265,"INDEC, Censo Nacional de Poblacion, Hogares y Viviendas 2022, procesado con Redatam 7",2026-09-06
067561513,radio,06,756,SAN ISIDRO,318,164,154,318,45,212,61,318,10,11,24,26,30,25,12,11,14,20,23,21,30,29,17,9,4,0,2,0,0,0,318,12,25,3,41,28,11,31,55,75,4,28,5,98,1,97,98,88,7,3,0,98,37,33,24,4,0,0,98,82,6,3,3,4,98,97,0,0,0,1,0,98,98,0,0,98,98,0,0,0,0,98,9,84,5,0,0,0,112,111,0,0,0,0,1,0,112,112,"INDEC, Censo Nacional de Poblacion, Hogares y Viviendas 2022, procesado con Redatam 7",2026-09-06
067561514,radio,06,756,SAN ISIDRO,1023,508,515,1023,176,666,181,1023,48,47,81,95,61,45,33,65,66,88,74,67,72,61,43,42,22,8,2,3,0,0,1023,68,92,33,156,130,34,97,134,188,17,64,10,333,3,330,333,301,27,3,2,333,134,119,64,9,6,1,333,276,39,0,7,11,333,329,1,3,0,0,0,333,333,0,0,333,315,17,1,0,0,333,37,289,6,1,0,0,341,336,0,5,0,0,0,0,341,341,"INDEC, Censo Nacional de Poblacion, Hogares y Viviendas 2022, procesado con Redatam 7",2026-09-06
067561515,radio,06,756,SAN ISIDRO,673,363,310,673,110,462,101,673,32,45,33,48,46,49,55,39,47,36,42,63,37,33,14,18,15,16,5,0,0,0,673,40,68,55,129,142,48,59,67,36,8,15,6,231,4,227,231,201,19,6,5,231,65,47,83,16,18,2,231,151,56,1,12,11,231,227,0,4,0,0,0,231,231,0,0,231,215,10,6,0,0,231,16,205,10,0,0,0,245,220,0,23,0,1,0,1,245,245,"INDEC, Censo Nacional de Poblacion, Hogares y Viviendas 2022, procesado con Redatam 7",2026-09-06
067561601,radio,06,756,SAN ISIDRO,1222,650,572,1222,223,817,182,1222,55,76,92,101,84,75,64,69,100,108,87,65,64,49,32,43,30,14,12,1,1,0,1222,75,127,109,266,207,58,106,124,99,13,23,15,421,17,404,421,326,46,31,18,421,119,80,139,32,41,10,421,270,98,2,21,30,421,416,2,2,0,1,0,421,417,4,0,421,380,24,16,1,0,421,30,306,81,4,0,0,440,392,0,38,0,3,7,0,440,440,"INDEC, Censo Nacional de Poblacion, Hogares y Viviendas 2022, procesado con Redatam 7",2026-09-06
067561602,radio,06,756,SAN ISIDRO,460,234,226,460,64,298,98,460,14,20,30,21,24,32,30,35,28,32,27,28,41,26,26,21,12,7,6,0,0,0,460,37,36,33,77,108,25,43,41,47,6,7,0,185,5,180,185,169,15,0,1,185,75,33,56,11,7,3,185,115,40,0,13,17,185,182,0,3,0,0,0,185,185,0,0,185,171,13,1,0,0,185,11,171,3,0,0,0,200,183,0,16,0,0,0,1,200,200,"INDEC, Censo Nacional de Poblacion, Hogares y Viviendas 2022, procesado con Redatam 7",2026-09-06
067561603,radio,06,756,SAN ISIDRO,424,226,198,424,86,270,68,424,46,28,12,9,14,22,31,59,43,32,18,21,21,17,22,13,13,3,0,0,0,0,424,58,25,2,23,43,5,40,43,107,13,63,2,218,1,217,218,202,14,2,0,218,84,48,73,7,5,1,218,88,114,2,12,2,218,216,2,0,0,0,0,218,216,1,1,218,217,0,1,0,0,218,32,183,2,0,1,0,218,6,0,212,0,0,0,0,218,218,"INDEC, Censo Nacional de Poblacion, Hogares y Viviendas 2022, procesado con Redatam 7",2026-09-06
067561604,radio,06,756,SAN ISIDRO,605,329,276,605,113,377,115,605,35,47,31,27,21,36,53,52,47,38,26,31,46,28,29,21,14,13,8,2,0,0,605,75,54,29,79,101,31,61,62,79,9,20,5,222,4,218,222,203,11,5,3,222,79,52,63,11,15,2,222,148,47,0,15,12,222,216,2,2,2,0,0,222,221,1,0,222,200,15,7,0,0,222,24,192,5,1,0,0,232,212,6,14,0,0,0,0,232,232,"INDEC, Censo Nacional de Poblacion, Hogares y Viviendas 2022, procesado con Redatam 7",2026-09-06
067561605,radio,06,756,SAN ISIDRO,915,457,458,915,164,601,150,915,43,60,61,77,72,47,34,49,46,84,58,72,62,47,33,26,21,10,11,1,1,0,915,59,78,29,116,113,29,68,138,200,17,64,4,305,3,302,305,272,25,6,2,305,158,86,46,8,7,0,305,248,30,5,14,8,305,300,3,0,2,0,0,305,304,1,0,304,294,6,4,0,1,305,46,251,8,0,0,0,312,299,0,11,0,1,1,0,312,312,"INDEC, Censo Nacional de Poblacion, Hogares y Viviendas 2022, procesado con Redatam 7",2026-09-06
067561606,radio,06,756,SAN ISIDRO,937,507,430,937,162,557,218,937,47,56,59,45,41,55,40,64,72,79,54,50,57,34,61,60,29,20,13,0,1,0,937,69,89,54,132,150,32,108,113,133,15,36,6,365,5,360,365,325,26,13,1,365,144,96,99,14,10,2,365,256,64,2,23,20,365,358,2,3,1,0,1,365,365,0,0,365,343,18,4,0,0,365,33,320,11,1,0,0,396,344,6,43,0,2,1,0,396,396,"INDEC, Censo Nacional de Poblacion, Hogares y Viviendas 2022, procesado con Redatam 7",2026-09-06
067561607,radio,06,756,SAN ISIDRO,1009,550,459,1009,158,641,210,1009,49,58,51,56,66,51,68,60,74,66,76,57,67,52,51,54,22,24,7,0,0,0,1009,72,74,36,121,141,43,95,135,201,18,62,11,401,7,394,401,367,26,5,3,401,204,81,92,10,10,4,401,273,74,2,25,27,401,398,1,2,0,0,0,401,401,0,0,401,374,18,9,0,0,401,43,344,13,1,0,0,436,326,0,108,0,0,1,1,436,436,"INDEC, Censo Nacional de Poblacion, Hogares y Viviendas 2022, procesado con Redatam 7",2026-09-06
067561701,radio,06,756,SAN ISIDRO,745,408,337,745,116,475,154,745,31,43,42,47,44,42,53,52,41,54,45,48,49,40,35,31,23,18,6,1,0,0,745,65,57,50,106,132,44,75,110,73,12,16,5,318,9,309,318,282,31,4,1,318,146,59,86,16,10,1,318,188,84,8,23,15,318,314,2,2,0,0,0,318,318,0,0,317,310,7,0,0,1,318,35,270,11,2,0,0,472,151,2,318,0,0,1,0,472,472,"INDEC, Censo Nacional de Poblacion, Hogares y Viviendas 2022, procesado con Redatam 7",2026-09-06
067561702,radio,06,756,SAN ISIDRO,713,369,344,713,133,459,121,713,36,44,53,49,45,30,38,38,63,58,58,42,38,34,25,32,20,7,2,1,0,0,713,64,72,31,108,129,48,64,75,83,19,15,5,262,6,256,262,217,14,21,10,262,81,55,90,14,21,1,262,175,53,3,14,17,262,261,0,1,0,0,0,262,262,0,0,262,251,9,2,0,0,262,45,198,16,3,0,0,361,289,29,41,0,0,1,1,361,361,"INDEC, Censo Nacional de Poblacion, Hogares y Viviendas 2022, procesado con Redatam 7",2026-09-06
067561703,radio,06,756,SAN ISIDRO,1015,534,481,1015,141,667,207,1015,33,57,51,70,61,53,78,67,74,79,59,69,57,47,46,61,28,17,5,2,1,0,1015,59,93,100,191,197,43,83,135,85,10,11,8,392,2,390,392,326,39,22,5,392,135,93,127,15,21,1,392,250,71,4,42,25,392,390,0,2,0,0,0,392,391,1,0,391,377,10,4,0,1,392,22,341,26,3,0,0,409,330,5,74,0,0,0,0,409,409,"INDEC, Censo Nacional de Poblacion, Hogares y Viviendas 2022, procesado con Redatam 7",2026-09-06
067561704,radio,06,756,SAN ISIDRO,852,445,407,852,136,535,181,852,28,47,61,44,49,50,41,68,62,57,51,52,61,45,49,40,22,14,9,2,0,0,852,40,88,40,163,158,46,84,98,98,8,18,11,341,4,337,341,307,24,7,3,341,125,82,102,15,17,0,341,224,75,1,17,24,341,337,2,0,0,2,0,341,341,0,0,341,329,8,4,0,0,341,53,277,8,3,0,0,367,292,1,70,0,0,0,4,367,367,"INDEC, Censo Nacional de Poblacion, Hogares y Viviendas 2022, procesado con Redatam 7",2026-09-06
067561705,radio,06,756,SAN ISIDRO,589,312,277,589,96,377,116,589,27,33,36,36,27,44,27,42,48,42,33,30,48,31,23,29,17,7,8,1,0,0,589,43,50,50,103,112,32,52,59,64,7,14,3,240,2,238,240,212,23,3,2,240,103,56,59,18,3,1,240,155,56,1,14,14,240,237,2,1,0,0,0,240,240,0,0,240,237,3,0,0,0,240,34,195,8,1,2,0,268,243,0,25,0,0,0,0,268,268,"INDEC, Censo Nacional de Poblacion, Hogares y Viviendas 2022, procesado con Redatam 7",2026-09-06
067561706,radio,06,756,SAN ISIDRO,927,485,442,927,149,571,207,927,35,62,52,39,66,36,51,64,69,70,60,53,63,50,56,44,24,24,8,1,0,0,927,65,96,88,144,173,45,80,114,88,3,23,8,337,14,323,337,297,31,9,0,337,118,78,102,19,19,1,337,246,49,5,19,18,337,335,1,1,0,0,0,337,336,1,0,336,332,4,0,0,1,337,22,301,11,3,0,0,379,360,1,9,1,0,5,3,379,379,"INDEC, Censo Nacional de Poblacion, Hogares y Viviendas 2022, procesado con Redatam 7",2026-09-06
067561707,radio,06,756,SAN ISIDRO,970,500,470,970,147,626,197,970,38,59,50,50,52,60,67,57,65,77,64,65,69,50,58,37,23,23,5,0,1,0,970,62,85,73,146,148,60,98,142,112,13,24,7,374,11,363,374,340,28,6,0,374,140,97,106,17,12,2,374,275,63,2,19,15,374,367,0,7,0,0,0,374,374,0,0,374,368,3,3,0,0,374,49,306,19,0,0,0,407,368,0,30,0,0,9,0,407,407,"INDEC, Censo Nacional de Poblacion, Hogares y Viviendas 2022, procesado con Redatam 7",2026-09-06
067561708,radio,06,756,SAN ISIDRO,1110,576,534,1110,161,715,234,1110,35,65,61,79,65,61,52,73,72,88,91,63,71,61,73,49,30,14,5,2,0,0,1110,56,94,72,166,219,50,127,147,124,14,34,7,407,10,397,407,354,43,8,2,407,139,124,107,24,12,1,407,308,61,0,10,28,407,404,0,3,0,0,0,407,406,1,0,407,403,4,0,0,0,407,28,360,16,2,1,0,472,456,0,10,0,0,1,5,472,472,"INDEC, Censo Nacional de Poblacion, Hogares y Viviendas 2022, procesado con Redatam 7",2026-09-06
067561709,radio,06,756,SAN ISIDRO,1089,569,520,1089,174,713,202,1089,59,57,58,63,73,61,65,60,91,85,74,71,70,56,46,50,22,13,10,5,0,0,1089,80,96,76,171,203,63,103,126,128,11,18,14,396,9,387,396,349,30,14,3,396,149,90,124,14,17,2,396,285,74,1,12,24,396,392,3,1,0,0,0,396,395,1,0,396,385,8,3,0,0,396,43,330,21,1,1,0,449,414,1,29,0,1,2,2,449,449,"INDEC, Censo Nacional de Poblacion, Hogares y Viviendas 2022, procesado con Redatam 7",2026-09-06
067561710,radio,06,756,SAN ISIDRO,811,433,378,811,144,547,120,811,35,53,56,57,31,46,37,62,55,89,82,48,40,24,26,36,23,9,2,0,0,0,811,41,80,12,97,106,40,84,132,148,13,52,6,375,1,374,375,338,30,7,0,375,152,83,121,16,3,0,375,189,151,0,22,13,375,372,0,3,0,0,0,375,375,0,0,375,368,3,4,0,0,375,47,325,2,0,1,0,413,39,0,374,0,0,0,0,413,413,"INDEC, Censo Nacional de Poblacion, Hogares y Viviendas 2022, procesado con Redatam 7",2026-09-06
067561711,radio,06,756,SAN ISIDRO,758,369,389,758,154,523,81,758,51,46,57,52,51,37,68,66,61,75,49,34,30,33,22,11,9,6,0,0,0,0,758,69,71,70,122,96,22,43,80,116,12,47,10,278,7,271,278,236,28,8,6,278,83,52,106,15,19,3,278,154,83,11,12,18,278,271,6,1,0,0,0,278,271,7,0,278,277,0,1,0,0,278,33,176,64,1,4,0,304,164,3,134,0,1,0,2,304,304,"INDEC, Censo Nacional de Poblacion, Hogares y Viviendas 2022, procesado con Redatam 7",2026-09-06
067561801,radio,06,756,SAN ISIDRO,751,401,350,751,136,474,141,751,41,43,52,45,34,47,52,49,52,64,54,36,41,27,47,19,25,11,10,2,0,0,751,57,77,61,132,116,28,61,97,76,16,26,4,268,3,265,268,246,16,6,0,268,75,76,84,17,16,0,268,192,50,0,10,16,268,264,1,3,0,0,0,268,268,0,0,268,266,2,0,0,0,268,17,233,18,0,0,0,298,255,1,39,0,0,1,2,298,298,"INDEC, Censo Nacional de Poblacion, Hogares y Viviendas 2022, procesado con Redatam 7",2026-09-06
067561802,radio,06,756,SAN ISIDRO,1061,568,493,1061,164,646,251,1061,29,59,76,63,62,44,52,45,70,88,83,70,69,56,66,58,30,25,14,2,0,0,1061,43,96,48,153,162,56,111,140,190,15,41,6,413,2,411,413,381,24,5,3,413,193,122,79,12,6,1,413,308,67,2,16,20,413,407,3,3,0,0,0,413,413,0,0,413,405,5,3,0,0,413,50,337,23,3,0,0,426,378,0,44,0,3,1,0,426,426,"INDEC, Censo Nacional de Poblacion, Hogares y Viviendas 2022, procesado con Redatam 7",2026-09-06
067561803,radio,06,756,SAN ISIDRO,713,389,324,713,114,416,183,713,19,49,46,39,41,28,26,43,52,58,37,49,43,41,40,46,33,14,8,1,0,0,713,32,71,29,98,131,31,72,119,93,14,22,1,303,1,302,303,282,18,3,0,303,177,50,64,7,5,0,303,215,55,6,12,15,303,299,3,1,0,0,0,303,303,0,0,303,297,4,2,0,0,303,29,271,3,0,0,0,316,78,0,237,0,0,1,0,316,316,"INDEC, Censo Nacional de Poblacion, Hogares y Viviendas 2022, procesado con Redatam 7",2026-09-06
067561804,radio,06,756,SAN ISIDRO,908,469,439,908,123,562,223,908,22,42,59,56,41,49,40,42,70,65,65,64,70,53,62,57,32,15,3,1,0,0,908,42,75,48,135,158,38,97,127,130,18,32,8,350,4,346,350,321,23,5,1,350,164,90,75,12,8,1,350,277,37,2,18,16,350,342,5,3,0,0,0,350,350,0,0,350,341,6,3,0,0,350,33,303,11,3,0,0,383,358,0,23,0,0,1,1,383,383,"INDEC, Censo Nacional de Poblacion, Hogares y Viviendas 2022, procesado con Redatam 7",2026-09-06
067561805,radio,06,756,SAN ISIDRO,678,347,331,678,103,447,128,678,30,30,43,40,38,43,59,44,51,44,40,42,46,34,28,25,18,17,6,0,0,0,678,41,51,39,95,107,37,62,94,103,11,31,7,287,0,287,287,260,19,5,3,287,120,70,75,12,10,0,287,181,69,2,18,17,287,283,3,1,0,0,0,287,287,0,0,287,282,5,0,0,0,287,80,199,7,1,0,0,313,209,0,104,0,0,0,0,313,313,"INDEC, Censo Nacional de Poblacion, Hogares y Viviendas 2022, procesado con Redatam 7",2026-09-06
067561806,radio,06,756,SAN ISIDRO,705,365,340,705,101,478,126,705,25,33,43,66,48,33,31,39,53,70,47,45,46,32,25,28,21,15,5,0,0,0,705,40,51,55,132,117,31,79,98,78,3,17,4,281,4,277,281,249,27,4,1,281,101,64,87,12,17,0,281,184,54,0,24,19,281,273,4,4,0,0,0,281,281,0,0,281,273,8,0,0,0,281,26,247,8,0,0,0,302,278,0,21,0,0,0,3,302,302,"INDEC, Censo Nacional de Poblacion, Hogares y Viviendas 2022, procesado con Redatam 7",2026-09-06
067561807,radio,06,756,SAN ISIDRO,574,323,251,574,86,384,104,574,16,31,39,34,38,34,33,34,48,44,39,34,46,27,24,24,16,8,3,2,0,0,574,24,50,33,89,107,29,66,86,69,5,13,3,232,7,225,232,208,19,5,0,232,82,69,68,10,3,0,232,150,46,1,15,20,232,229,1,2,0,0,0,232,231,1,0,232,225,7,0,0,0,232,16,210,6,0,0,0,248,226,0,16,0,1,4,1,248,248,"INDEC, Censo Nacional de Poblacion, Hogares y Viviendas 2022, procesado con Redatam 7",2026-09-06
067561808,radio,06,756,SAN ISIDRO,183,103,80,183,33,102,48,183,9,11,13,8,8,14,16,9,14,10,10,5,8,12,9,7,12,4,3,1,0,0,183,12,17,15,39,31,14,15,18,15,2,2,3,78,1,77,78,68,5,3,2,78,29,18,21,1,8,1,78,45,24,1,3,5,78,73,5,0,0,0,0,78,77,1,0,78,77,1,0,0,0,78,10,63,5,0,0,0,78,62,0,16,0,0,0,0,78,78,"INDEC, Censo Nacional de Poblacion, Hogares y Viviendas 2022, procesado con Redatam 7",2026-09-06
067561809,radio,06,756,SAN ISIDRO,832,473,359,832,134,525,173,832,25,62,47,48,45,41,55,66,78,57,40,40,55,37,54,40,26,9,5,2,0,0,832,36,77,43,117,154,48,104,109,119,6,13,6,366,2,364,366,338,24,4,0,366,136,89,116,15,10,0,366,227,95,2,28,14,366,120,199,26,4,14,3,366,366,0,0,365,355,10,0,0,1,366,23,341,2,0,0,0,368,6,0,362,0,0,0,0,368,368,"INDEC, Censo Nacional de Poblacion, Hogares y Viviendas 2022, procesado con Redatam 7",2026-09-06
067561810,radio,06,756,SAN ISIDRO,415,244,171,415,83,248,84,415,26,32,25,23,19,23,25,36,31,36,19,18,18,24,18,15,16,6,4,1,0,0,415,37,38,23,60,81,25,43,48,45,5,7,3,190,4,186,190,162,24,3,1,190,79,38,61,8,4,0,190,110,56,1,14,9,190,77,70,5,1,9,28,190,190,0,0,189,181,7,1,0,1,190,15,168,7,0,0,0,193,18,0,175,0,0,0,0,193,193,"INDEC, Censo Nacional de Poblacion, Hogares y Viviendas 2022, procesado con Redatam 7",2026-09-06
067561811,radio,06,756,SAN ISIDRO,567,314,253,567,67,353,147,567,12,27,28,39,32,35,25,20,31,46,49,33,43,33,44,35,21,8,4,2,0,0,567,19,41,40,74,118,25,64,87,69,9,18,3,225,3,222,225,208,15,1,1,225,100,64,50,8,3,0,225,179,34,0,6,6,225,197,22,4,1,1,0,225,225,0,0,225,220,4,1,0,0,225,33,188,4,0,0,0,243,219,0,23,0,0,1,0,243,243,"INDEC, Censo Nacional de Poblacion, Hogares y Viviendas 2022, procesado con Redatam 7",2026-09-06
067561812,radio,06,756,SAN ISIDRO,601,330,271,601,133,395,73,601,51,48,34,36,32,61,63,41,41,41,30,23,27,30,14,12,10,3,2,2,0,0,601,64,57,20,81,104,40,75,81,58,5,8,8,227,1,226,227,214,8,5,0,227,74,53,86,7,7,0,227,105,82,25,5,10,227,213,5,7,0,2,0,227,227,0,0,227,223,4,0,0,0,227,19,206,1,0,0,1,273,47,0,225,0,0,1,0,273,273,"INDEC, Censo Nacional de Poblacion, Hogares y Viviendas 2022, procesado con Redatam 7",2026-09-06
067561901,radio,06,756,SAN ISIDRO,1181,630,551,1181,167,818,196,1181,35,58,74,103,80,68,78,68,86,106,96,71,62,70,46,47,22,3,5,3,0,0,1181,60,109,92,216,283,77,109,129,76,3,19,8,420,6,414,420,355,49,11,5,420,131,111,128,25,25,0,420,306,61,0,20,33,420,413,4,3,0,0,0,420,420,0,0,420,409,11,0,0,0,420,36,352,31,1,0,0,423,383,0,37,0,3,0,0,423,423,"INDEC, Censo Nacional de Poblacion, Hogares y Viviendas 2022, procesado con Redatam 7",2026-09-06
067561902,radio,06,756,SAN ISIDRO,1179,630,549,1179,169,755,255,1179,41,59,69,77,87,60,67,83,78,97,79,70,57,86,57,52,36,15,8,1,0,0,1179,68,100,89,203,265,62,94,161,93,6,29,9,424,6,418,424,378,38,6,2,424,133,107,128,32,24,0,424,281,98,1,25,19,424,420,1,3,0,0,0,424,423,1,0,424,415,8,1,0,0,424,26,374,16,7,1,0,458,407,1,46,0,3,1,0,458,458,"INDEC, Censo Nacional de Poblacion, Hogares y Viviendas 2022, procesado con Redatam 7",2026-09-06
067561903,radio,06,756,SAN ISIDRO,733,386,347,733,114,494,125,733,34,40,40,63,58,38,42,44,50,44,61,50,44,34,35,25,14,11,4,2,0,0,733,48,57,51,130,145,22,83,104,72,7,10,4,263,4,259,263,233,26,3,1,263,89,61,89,14,7,3,263,183,58,0,16,6,263,259,3,1,0,0,0,263,262,1,0,263,256,6,1,0,0,263,21,233,9,0,0,0,304,287,2,10,0,3,2,0,304,304,"INDEC, Censo Nacional de Poblacion, Hogares y Viviendas 2022, procesado con Redatam 7",2026-09-06
067561904,radio,06,756,SAN ISIDRO,619,335,284,619,90,424,105,619,21,35,34,50,38,33,40,35,47,56,48,42,35,20,24,31,19,6,4,1,0,0,619,33,57,50,113,117,35,57,83,52,6,7,9,239,5,234,239,207,25,6,1,239,82,56,74,12,15,0,239,164,45,0,14,16,239,237,0,2,0,0,0,239,239,0,0,239,234,5,0,0,0,239,23,209,7,0,0,0,242,215,0,23,0,1,1,2,242,242,"INDEC, Censo Nacional de Poblacion, Hogares y Viviendas 2022, procesado con Redatam 7",2026-09-06
067561905,radio,06,756,SAN ISIDRO,1266,665,601,1266,187,864,215,1266,34,66,87,106,94,72,67,64,93,133,99,68,68,71,49,42,35,10,6,2,0,0,1266,69,114,109,263,246,72,109,161,85,6,23,9,446,12,434,446,378,52,15,1,446,132,104,151,23,32,4,446,297,69,24,20,36,446,440,3,3,0,0,0,446,446,0,0,446,441,4,1,0,0,446,34,393,17,2,0,0,466,398,2,58,0,3,4,1,466,466,"INDEC, Censo Nacional de Poblacion, Hogares y Viviendas 2022, procesado con Redatam 7",2026-09-06
067561906,radio,06,756,SAN ISIDRO,655,347,308,655,92,433,130,655,16,26,50,51,58,26,26,34,51,68,42,45,32,38,33,22,15,11,7,4,0,0,655,25,50,31,112,133,38,79,107,53,8,18,1,236,2,234,236,210,17,7,2,236,82,64,76,7,6,1,236,171,38,0,15,12,236,230,4,2,0,0,0,236,236,0,0,236,228,7,1,0,0,236,20,211,4,1,0,0,245,231,0,14,0,0,0,0,245,245,"INDEC, Censo Nacional de Poblacion, Hogares y Viviendas 2022, procesado con Redatam 7",2026-09-06
067561907,radio,06,756,SAN ISIDRO,1212,656,556,1212,205,798,209,1212,61,54,90,86,77,59,68,94,95,94,74,72,79,61,62,30,28,16,9,3,0,0,1212,84,107,91,237,259,57,96,139,97,6,33,6,443,6,437,443,380,52,10,1,443,142,106,151,28,15,1,443,297,102,0,24,20,443,436,4,2,0,1,0,443,443,0,0,443,435,5,3,0,0,443,33,392,13,5,0,0,484,416,1,64,0,0,3,0,484,484,"INDEC, Censo Nacional de Poblacion, Hogares y Viviendas 2022, procesado con Redatam 7",2026-09-06
067561908,radio,06,756,SAN ISIDRO,1399,724,675,1399,224,879,296,1399,57,79,88,97,87,78,83,86,93,103,90,80,82,75,78,54,44,29,12,4,0,0,1399,92,127,141,232,288,81,122,170,121,5,13,7,516,9,507,516,463,38,13,2,516,181,120,150,36,28,1,516,364,89,0,26,37,516,513,1,2,0,0,0,516,514,2,0,516,505,9,2,0,0,516,34,464,17,1,0,0,537,479,1,52,1,0,1,3,537,537,"INDEC, Censo Nacional de Poblacion, Hogares y Viviendas 2022, procesado con Redatam 7",2026-09-06
067561909,radio,06,756,SAN ISIDRO,1143,607,536,1143,178,714,251,1143,49,52,77,68,62,63,69,60,94,79,76,76,67,75,62,49,35,22,5,2,1,0,1143,60,107,95,203,239,61,103,129,112,5,23,6,437,3,434,437,397,31,6,3,437,158,109,125,22,21,2,437,327,79,0,12,19,437,435,1,0,0,0,1,437,436,1,0,437,427,8,2,0,0,437,22,397,18,0,0,0,455,409,6,39,0,0,1,0,455,455,"INDEC, Censo Nacional de Poblacion, Hogares y Viviendas 2022, procesado con Redatam 7",2026-09-06
067561910,radio,06,756,SAN ISIDRO,805,415,390,805,118,533,154,805,38,38,42,49,59,40,44,61,56,49,65,56,54,40,35,28,28,15,8,0,0,0,805,56,61,73,155,154,31,73,94,79,9,14,6,299,3,296,299,259,25,10,5,299,105,71,94,14,14,1,299,219,54,0,15,11,299,296,1,2,0,0,0,299,299,0,0,299,295,4,0,0,0,299,15,268,13,2,1,0,304,286,0,17,0,0,0,1,304,304,"INDEC, Censo Nacional de Poblacion, Hogares y Viviendas 2022, procesado con Redatam 7",2026-09-06
067561911,radio,06,756,SAN ISIDRO,621,313,308,621,109,393,119,621,28,37,44,39,43,25,34,35,59,46,36,41,35,34,36,17,15,8,7,2,0,0,621,42,59,52,118,119,37,50,70,53,5,10,6,237,4,233,237,205,25,6,1,237,84,60,71,15,7,0,237,164,44,0,12,17,237,235,1,1,0,0,0,237,237,0,0,237,227,9,1,0,0,237,20,204,11,1,0,1,247,215,0,28,0,0,2,2,247,247,"INDEC, Censo Nacional de Poblacion, Hogares y Viviendas 2022, procesado con Redatam 7",2026-09-06
067562001,radio,06,756,SAN ISIDRO,825,438,387,825,124,532,169,825,25,51,48,59,53,50,42,50,55,52,52,75,44,49,44,29,21,18,8,0,0,0,825,44,77,54,139,134,51,80,102,98,6,30,10,307,3,304,307,265,30,9,3,307,123,75,86,9,13,1,307,209,52,3,20,23,307,306,1,0,0,0,0,307,305,2,0,307,290,12,5,0,0,307,34,258,14,1,0,0,350,324,0,26,0,0,0,0,350,350,"INDEC, Censo Nacional de Poblacion, Hogares y Viviendas 2022, procesado con Redatam 7",2026-09-06
067562002,radio,06,756,SAN ISIDRO,787,422,365,787,96,482,209,787,28,30,38,52,45,36,30,35,55,65,65,45,54,48,58,39,33,22,7,1,1,0,787,45,56,63,108,142,42,79,114,89,15,26,8,320,3,317,320,285,21,14,0,320,141,78,78,14,9,0,320,249,39,2,15,15,320,317,2,1,0,0,0,320,320,0,0,320,300,13,7,0,0,320,36,272,10,1,1,0,337,316,0,19,0,1,1,0,337,337,"INDEC, Censo Nacional de Poblacion, Hogares y Viviendas 2022, procesado con Redatam 7",2026-09-06
067562003,radio,06,756,SAN ISIDRO,1114,594,520,1114,191,710,213,1114,52,68,71,80,70,76,62,72,72,84,82,64,48,72,57,42,21,12,7,2,0,0,1114,89,108,107,234,206,68,86,121,65,7,19,4,399,17,382,399,340,37,13,9,399,118,99,123,28,29,2,399,260,88,0,20,31,399,392,1,6,0,0,0,399,394,5,0,398,354,34,10,0,1,399,27,333,36,3,0,0,416,368,0,39,0,3,5,1,416,416,"INDEC, Censo Nacional de Poblacion, Hogares y Viviendas 2022, procesado con Redatam 7",2026-09-06
067562004,radio,06,756,SAN ISIDRO,562,316,246,562,89,376,97,562,18,34,37,45,35,29,41,47,39,42,28,22,48,21,28,19,10,10,8,1,0,0,562,33,55,71,134,143,24,30,42,17,0,3,10,191,7,184,191,154,21,13,3,191,53,33,70,14,20,1,191,133,23,1,14,20,191,189,0,2,0,0,0,191,188,2,1,191,184,6,1,0,0,191,10,153,24,4,0,0,192,181,1,7,0,2,1,0,192,192,"INDEC, Censo Nacional de Poblacion, Hogares y Viviendas 2022, procesado con Redatam 7",2026-09-06
067562005,radio,06,756,SAN ISIDRO,637,345,292,637,103,385,149,637,23,37,43,43,25,28,30,46,61,55,39,26,32,33,47,27,20,9,13,0,0,0,637,48,63,61,121,132,48,53,62,34,5,4,6,228,11,217,228,194,25,7,2,228,67,55,68,19,17,2,228,144,43,2,22,17,228,226,1,1,0,0,0,228,227,1,0,228,206,15,7,0,0,228,15,199,14,0,0,0,263,219,4,32,0,2,1,5,263,263,"INDEC, Censo Nacional de Poblacion, Hogares y Viviendas 2022, procesado con Redatam 7",2026-09-06
067562006,radio,06,756,SAN ISIDRO,608,345,263,608,88,403,117,608,22,36,30,44,46,42,33,29,42,39,46,49,33,35,27,27,16,6,6,0,0,0,608,39,55,44,114,129,38,49,75,42,5,15,3,227,7,220,227,182,29,14,2,227,83,62,60,12,10,0,227,163,36,2,13,13,227,222,2,3,0,0,0,227,221,6,0,225,201,23,1,0,2,227,18,183,19,6,1,0,247,225,0,18,0,1,3,0,247,247,"INDEC, Censo Nacional de Poblacion, Hogares y Viviendas 2022, procesado con Redatam 7",2026-09-06
067562007,radio,06,756,SAN ISIDRO,597,309,288,597,78,387,132,597,19,31,28,43,41,29,38,38,48,33,41,33,43,34,35,20,29,10,4,0,0,0,597,32,41,67,133,146,23,50,50,36,2,10,7,232,5,227,232,199,24,6,3,232,87,37,84,13,11,0,232,141,59,1,12,19,232,229,0,3,0,0,0,232,230,2,0,232,215,16,1,0,0,232,23,182,25,2,0,0,246,213,0,28,0,0,4,1,246,246,"INDEC, Censo Nacional de Poblacion, Hogares y Viviendas 2022, procesado con Redatam 7",2026-09-06
067562008,radio,06,756,SAN ISIDRO,1147,587,560,1147,178,772,197,1147,46,62,70,86,73,64,81,93,90,74,73,67,71,67,54,28,24,18,4,2,0,0,1147,77,102,106,245,253,48,66,135,76,8,22,9,415,7,408,415,342,46,25,2,415,130,87,131,38,26,3,415,273,82,1,18,41,415,409,2,3,1,0,0,415,414,1,0,415,402,11,2,0,0,415,51,337,24,3,0,0,430,373,0,53,0,2,2,0,430,430,"INDEC, Censo Nacional de Poblacion, Hogares y Viviendas 2022, procesado con Redatam 7",2026-09-06
067562009,radio,06,756,SAN ISIDRO,943,488,455,943,146,631,166,943,31,58,57,78,61,45,58,62,76,59,70,70,52,44,36,46,22,10,5,2,1,0,943,45,106,104,211,186,59,67,89,61,5,7,3,339,8,331,339,288,35,13,3,339,99,73,101,31,31,4,339,232,65,2,18,22,339,337,2,0,0,0,0,339,337,2,0,339,328,9,2,0,0,339,27,288,23,0,1,0,347,313,0,31,0,2,1,0,347,347,"INDEC, Censo Nacional de Poblacion, Hogares y Viviendas 2022, procesado con Redatam 7",2026-09-06
067562010,radio,06,756,SAN ISIDRO,799,404,395,799,124,549,126,799,34,45,45,67,65,53,50,63,62,52,55,46,36,36,40,18,19,8,3,2,0,0,799,53,84,69,136,172,54,61,92,61,2,11,4,292,6,286,292,252,27,12,1,292,98,54,86,27,22,5,292,187,79,0,15,11,292,292,0,0,0,0,0,292,291,1,0,292,287,5,0,0,0,292,37,241,9,5,0,0,305,250,0,54,0,0,1,0,305,305,"INDEC, Censo Nacional de Poblacion, Hogares y Viviendas 2022, procesado con Redatam 7",2026-09-06
067562101,radio,06,756,SAN ISIDRO,830,410,420,830,129,557,144,830,36,43,50,64,60,53,30,49,57,58,59,55,72,48,37,36,13,6,2,2,0,0,830,60,68,78,128,131,32,68,86,126,6,39,8,272,5,267,272,228,22,19,3,272,105,79,53,14,19,2,272,216,26,1,14,15,272,269,1,1,0,1,0,272,272,0,0,272,262,8,2,0,0,272,26,210,30,5,1,0,294,279,2,9,0,3,1,0,294,294,"INDEC, Censo Nacional de Poblacion, Hogares y Viviendas 2022, procesado con Redatam 7",2026-09-06
067562102,radio,06,756,SAN ISIDRO,1224,648,576,1224,285,822,117,1224,74,106,105,103,105,86,93,88,93,73,68,48,65,32,35,25,10,12,2,1,0,0,1224,110,199,193,311,255,38,38,41,15,7,5,12,376,34,342,376,234,72,45,25,376,71,37,114,60,80,14,376,229,81,2,27,37,376,371,0,4,0,0,1,376,369,5,2,375,341,23,11,0,1,376,20,205,146,5,0,0,377,329,0,31,0,4,12,1,377,377,"INDEC, Censo Nacional de Poblacion, Hogares y Viviendas 2022, procesado con Redatam 7",2026-09-06
067562103,radio,06,756,SAN ISIDRO,1006,524,482,1006,242,668,96,1006,56,93,93,91,80,80,49,54,71,73,48,68,54,46,18,15,7,4,5,1,0,0,1006,76,161,64,195,121,29,57,85,145,4,59,10,294,13,281,294,216,37,24,17,294,90,91,54,24,29,6,294,228,23,7,17,19,294,291,0,3,0,0,0,294,292,2,0,294,285,8,1,0,0,294,32,203,56,3,0,0,290,279,0,6,0,3,2,0,290,290,"INDEC, Censo Nacional de Poblacion, Hogares y Viviendas 2022, procesado con Redatam 7",2026-09-06
067562104,radio,06,756,SAN ISIDRO,1095,559,536,1095,231,694,170,1095,59,72,100,88,83,48,43,70,69,87,74,76,56,71,55,27,11,3,3,0,0,0,1095,80,106,16,144,121,34,96,146,211,28,106,7,353,4,349,353,321,26,4,2,353,170,104,57,12,9,1,353,285,44,1,16,7,353,352,1,0,0,0,0,353,353,0,0,352,342,10,0,0,1,353,43,303,6,1,0,0,364,361,0,2,0,1,0,0,364,364,"INDEC, Censo Nacional de Poblacion, Hogares y Viviendas 2022, procesado con Redatam 7",2026-09-06
067562105,radio,06,756,SAN ISIDRO,975,515,460,975,185,626,164,975,61,54,70,94,72,49,31,50,65,54,81,70,60,58,51,30,17,6,1,1,0,0,975,72,71,15,124,89,32,79,150,230,10,98,5,328,1,327,328,306,18,2,2,328,183,100,34,6,4,1,328,267,46,2,7,6,328,323,4,1,0,0,0,328,327,1,0,328,319,5,3,1,0,328,51,274,3,0,0,0,391,390,0,1,0,0,0,0,391,391,"INDEC, Censo Nacional de Poblacion, Hogares y Viviendas 2022, procesado con Redatam 7",2026-09-06
067562106,radio,06,756,SAN ISIDRO,1063,546,517,1063,175,667,221,1063,47,62,66,96,93,55,35,44,65,57,72,64,86,70,69,46,19,8,8,1,0,0,1063,63,76,21,123,113,33,89,167,253,11,110,4,351,2,349,351,326,23,2,0,351,200,101,42,6,2,0,351,298,28,3,9,13,351,346,5,0,0,0,0,351,350,1,0,351,334,11,3,3,0,351,35,311,5,0,0,0,373,370,0,1,0,1,1,0,373,373,"INDEC, Censo Nacional de Poblacion, Hogares y Viviendas 2022, procesado con Redatam 7",2026-09-06
067562107,radio,06,756,SAN ISIDRO,631,327,304,631,78,419,134,631,15,23,40,55,68,41,21,12,32,38,52,59,41,41,36,39,10,5,3,0,0,0,631,23,29,4,85,62,19,68,96,172,9,58,6,194,0,194,194,177,13,3,1,194,108,52,25,5,4,0,194,165,17,1,5,6,194,185,9,0,0,0,0,194,194,0,0,194,184,9,1,0,0,194,28,162,0,4,0,0,205,198,0,7,0,0,0,0,205,205,"INDEC, Censo Nacional de Poblacion, Hogares y Viviendas 2022, procesado con Redatam 7",2026-09-06
067562108,radio,06,756,SAN ISIDRO,1196,613,583,1196,217,732,247,1196,48,67,102,92,78,53,54,48,66,94,74,91,82,79,73,52,28,10,4,1,0,0,1196,57,106,17,158,110,37,125,171,289,19,97,10,408,1,407,408,373,27,8,0,408,233,114,55,4,1,1,408,350,31,4,9,14,408,398,7,2,0,1,0,408,408,0,0,408,376,27,5,0,0,408,68,340,0,0,0,0,439,438,1,0,0,0,0,0,439,439,"INDEC, Censo Nacional de Poblacion, Hogares y Viviendas 2022, procesado con Redatam 7",2026-09-06
067562109,radio,06,756,SAN ISIDRO,999,506,493,999,140,631,228,999,43,44,53,79,86,35,39,44,47,63,78,63,97,79,52,36,31,18,9,3,0,0,999,56,68,23,102,118,42,115,150,218,17,83,7,341,0,341,341,314,21,5,1,341,202,94,38,5,2,0,341,296,21,0,11,13,341,332,7,0,0,2,0,341,341,0,0,341,309,28,4,0,0,341,39,300,2,0,0,0,385,379,0,3,0,3,0,0,385,385,"INDEC, Censo Nacional de Poblacion, Hogares y Viviendas 2022, procesado con Redatam 7",2026-09-06
067562110,radio,06,756,SAN ISIDRO,248,132,116,248,43,163,42,248,11,13,19,15,15,19,17,12,19,19,15,19,13,14,7,11,5,4,0,1,0,0,248,14,18,15,29,38,13,15,39,50,8,8,1,95,1,94,95,87,5,3,0,95,48,20,24,2,1,0,95,63,24,0,5,3,95,95,0,0,0,0,0,95,95,0,0,95,91,4,0,0,0,95,8,83,3,1,0,0,152,111,0,40,0,0,1,0,152,152,"INDEC, Censo Nacional de Poblacion, Hogares y Viviendas 2022, procesado con Redatam 7",2026-09-06
067562111,radio,06,756,SAN ISIDRO,906,494,412,906,137,580,189,906,35,51,51,57,71,59,28,48,60,64,63,60,70,55,37,41,27,20,7,0,2,0,906,53,73,49,144,146,33,105,134,109,7,42,11,336,3,333,336,300,27,8,1,336,146,64,100,12,13,1,336,252,47,1,17,19,336,331,2,3,0,0,0,336,336,0,0,336,280,41,15,0,0,336,24,286,23,2,0,1,394,362,0,32,0,0,0,0,394,394,"INDEC, Censo Nacional de Poblacion, Hogares y Viviendas 2022, procesado con Redatam 7",2026-09-06
067562112,radio,06,756,SAN ISIDRO,529,285,244,529,84,368,77,529,19,30,35,49,42,26,12,32,42,42,32,36,55,42,21,7,5,1,1,0,0,0,529,32,37,2,61,33,11,53,96,144,10,45,5,184,3,181,184,177,4,1,2,184,100,59,20,1,4,0,184,154,22,1,3,4,184,179,2,3,0,0,0,184,183,0,1,183,181,2,0,0,1,184,20,161,2,0,1,0,200,198,0,0,1,0,1,0,200,200,"INDEC, Censo Nacional de Poblacion, Hogares y Viviendas 2022, procesado con Redatam 7",2026-09-06
067562113,radio,06,756,SAN ISIDRO,544,295,249,544,113,330,101,544,32,37,44,34,36,25,21,23,52,38,28,30,43,45,14,30,7,3,2,0,0,0,544,43,52,15,59,53,18,55,71,130,3,43,2,185,4,181,185,171,12,2,0,185,89,50,38,4,4,0,185,157,15,0,5,8,185,180,4,0,0,1,0,185,184,1,0,184,181,2,1,0,1,185,30,149,5,1,0,0,196,191,0,3,0,1,1,0,196,196,"INDEC, Censo Nacional de Poblacion, Hogares y Viviendas 2022, procesado con Redatam 7",2026-09-06
067562201,radio,06,756,SAN ISIDRO,1404,745,659,1404,295,948,161,1404,81,89,125,119,124,114,98,102,90,100,72,72,57,61,34,34,17,12,1,2,0,0,1404,116,206,191,381,315,52,40,69,20,3,5,6,448,39,409,448,293,80,44,31,448,101,55,149,54,71,18,448,265,107,3,29,44,448,438,3,6,0,0,1,448,440,8,0,448,431,16,1,0,0,448,22,285,115,24,0,2,452,363,1,66,0,7,13,2,452,452,"INDEC, Censo Nacional de Poblacion, Hogares y Viviendas 2022, procesado con Redatam 7",2026-09-06
067562202,radio,06,756,SAN ISIDRO,1556,810,746,1556,225,1055,276,1556,62,80,83,144,132,98,104,84,94,128,128,95,48,47,80,73,49,22,4,1,0,0,1556,93,156,222,405,410,59,51,105,33,8,8,6,568,4,564,568,447,97,19,5,568,209,124,152,46,36,1,568,404,88,1,28,47,568,545,13,8,0,0,2,568,567,1,0,568,536,31,1,0,0,568,32,507,20,5,2,2,610,24,0,586,0,0,0,0,610,610,"INDEC, Censo Nacional de Poblacion, Hogares y Viviendas 2022, procesado con Redatam 7",2026-09-06
067562203,radio,06,756,SAN ISIDRO,1064,564,500,1064,197,697,170,1064,43,69,85,95,89,76,62,53,62,72,83,69,36,34,40,50,27,10,6,3,0,0,1064,63,125,149,294,265,41,38,61,15,3,1,9,349,8,341,349,260,68,12,9,349,115,81,101,34,17,1,349,266,53,1,11,18,349,335,2,11,0,0,1,349,347,1,1,348,334,10,4,0,1,349,18,300,26,4,1,0,381,15,2,359,0,5,0,0,381,381,"INDEC, Censo Nacional de Poblacion, Hogares y Viviendas 2022, procesado con Redatam 7",2026-09-06
067562204,radio,06,756,SAN ISIDRO,1247,662,585,1247,222,839,186,1247,67,77,78,109,95,80,80,77,84,83,82,91,58,40,38,41,38,24,5,0,0,0,1247,103,140,187,327,295,46,38,70,14,8,5,14,430,6,424,430,328,83,11,8,430,143,89,127,36,35,0,430,290,70,3,22,45,430,415,8,6,0,0,1,430,430,0,0,430,403,27,0,0,0,430,15,386,26,1,0,2,435,15,0,420,0,0,0,0,435,435,"INDEC, Censo Nacional de Poblacion, Hogares y Viviendas 2022, procesado con Redatam 7",2026-09-06
067562205,radio,06,756,SAN ISIDRO,1172,597,575,1172,326,769,77,1172,92,126,108,121,109,115,104,62,75,63,34,49,37,32,20,17,6,0,0,2,0,0,1172,156,249,161,335,215,18,10,19,2,3,2,2,336,46,290,336,103,56,94,83,336,44,38,104,47,84,19,336,296,16,0,5,19,336,332,0,3,1,0,0,336,317,15,4,329,266,22,39,2,7,336,9,14,308,5,0,0,335,290,1,34,0,9,1,0,335,335,"INDEC, Censo Nacional de Poblacion, Hogares y Viviendas 2022, procesado con Redatam 7",2026-09-06
067562206,radio,06,756,SAN ISIDRO,1112,570,542,1112,195,730,187,1112,44,69,82,78,83,80,91,79,67,67,62,64,59,71,37,36,23,9,9,1,1,0,1112,79,153,137,284,251,40,62,60,23,7,6,10,399,27,372,399,275,80,27,17,399,92,69,129,38,62,9,399,236,94,1,29,39,399,394,0,5,0,0,0,399,393,6,0,397,347,32,18,0,2,399,29,279,89,2,0,0,386,338,0,35,0,8,2,3,386,386,"INDEC, Censo Nacional de Poblacion, Hogares y Viviendas 2022, procesado con Redatam 7",2026-09-06
067562301,radio,06,756,SAN ISIDRO,753,399,354,753,146,529,78,753,43,52,51,71,74,43,53,28,60,65,57,47,31,14,14,31,13,2,2,2,0,0,753,71,86,109,187,188,28,17,39,15,6,2,5,254,14,240,254,192,53,6,3,254,75,45,81,32,20,1,254,167,51,1,13,22,254,243,7,3,0,1,0,254,252,1,1,254,244,6,4,0,0,254,20,211,22,1,0,0,264,5,0,253,0,1,2,3,264,264,"INDEC, Censo Nacional de Poblacion, Hogares y Viviendas 2022, procesado con Redatam 7",2026-09-06
067562302,radio,06,756,SAN ISIDRO,792,416,376,792,201,490,101,792,55,57,89,71,53,62,62,55,50,44,40,24,29,22,27,24,22,5,1,0,0,0,792,108,117,131,206,150,17,19,25,9,5,1,4,242,25,217,242,147,63,12,20,242,52,31,77,35,42,5,242,181,35,1,8,17,242,227,10,2,3,0,0,242,241,1,0,239,234,4,1,0,3,242,32,46,162,2,0,0,289,82,1,204,0,2,0,0,289,289,"INDEC, Censo Nacional de Poblacion, Hogares y Viviendas 2022, procesado con Redatam 7",2026-09-06
067562303,radio,06,756,SAN ISIDRO,806,415,391,806,133,536,137,806,36,50,47,62,55,51,39,64,54,59,59,54,39,33,45,39,12,6,0,0,2,0,806,51,80,101,173,175,38,50,74,41,5,12,6,284,11,273,284,226,38,15,5,284,79,60,94,15,29,7,284,196,62,0,15,11,284,283,1,0,0,0,0,284,281,3,0,284,269,13,2,0,0,284,15,212,54,2,1,0,297,269,0,23,0,0,5,0,297,297,"INDEC, Censo Nacional de Poblacion, Hogares y Viviendas 2022, procesado con Redatam 7",2026-09-06
067562304,radio,06,756,SAN ISIDRO,808,408,400,808,150,532,126,808,40,52,58,57,68,56,59,54,56,52,40,43,47,44,34,23,15,3,7,0,0,0,808,60,98,82,189,169,42,46,69,37,5,4,7,286,17,269,286,218,37,19,12,286,70,45,108,23,37,3,286,173,72,1,17,23,286,285,1,0,0,0,0,286,277,5,4,285,270,7,7,1,1,286,22,206,56,1,0,1,290,234,0,42,1,4,7,2,290,290,"INDEC, Censo Nacional de Poblacion, Hogares y Viviendas 2022, procesado con Redatam 7",2026-09-06
067562305,radio,06,756,SAN ISIDRO,1323,700,623,1323,221,870,232,1323,53,94,74,96,101,84,87,107,92,96,73,59,75,68,69,39,30,17,7,2,0,0,1323,85,152,115,303,326,49,82,113,63,5,18,12,469,11,458,469,377,66,17,9,469,145,80,164,49,30,1,469,306,102,0,29,32,469,464,1,3,1,0,0,469,466,2,1,468,441,18,9,0,1,469,29,384,56,0,0,0,495,438,0,50,0,2,4,1,495,495,"INDEC, Censo Nacional de Poblacion, Hogares y Viviendas 2022, procesado con Redatam 7",2026-09-06
067562306,radio,06,756,SAN ISIDRO,1074,584,490,1074,199,716,159,1074,65,68,66,74,63,84,82,80,71,71,71,63,57,47,30,28,26,20,8,0,0,0,1074,118,106,91,239,221,45,62,114,55,6,8,9,390,27,363,390,301,59,19,11,390,112,70,128,38,38,4,390,198,140,1,32,19,390,380,3,4,0,2,1,390,384,5,1,389,369,15,5,0,1,390,30,311,39,7,0,3,439,302,1,119,0,0,3,14,439,439,"INDEC, Censo Nacional de Poblacion, Hogares y Viviendas 2022, procesado con Redatam 7",2026-09-06
067562307,radio,06,756,SAN ISIDRO,715,380,335,715,134,467,114,715,35,45,54,51,36,41,49,61,56,55,50,33,35,42,32,18,13,6,3,0,0,0,715,52,75,60,150,168,35,47,60,51,10,5,2,264,3,261,264,217,35,8,4,264,92,51,83,17,20,1,264,155,64,3,16,26,264,257,2,4,0,0,1,264,264,0,0,264,247,14,3,0,0,264,25,224,13,2,0,0,290,242,1,46,0,1,0,0,290,290,"INDEC, Censo Nacional de Poblacion, Hogares y Viviendas 2022, procesado con Redatam 7",2026-09-06
067562308,radio,06,756,SAN ISIDRO,1226,640,586,1226,173,820,233,1226,48,58,67,83,91,69,81,70,99,96,74,87,70,65,69,52,21,18,7,1,0,0,1226,81,106,165,255,327,39,77,104,50,4,8,10,459,12,447,459,385,51,19,4,459,127,112,161,32,25,2,459,295,96,1,32,35,459,455,2,2,0,0,0,459,458,1,0,459,440,12,7,0,0,459,35,367,51,6,0,0,489,393,0,90,0,1,3,2,489,489,"INDEC, Censo Nacional de Poblacion, Hogares y Viviendas 2022, procesado con Redatam 7",2026-09-06
067562309,radio,06,756,SAN ISIDRO,813,405,408,813,185,547,81,813,45,73,67,77,67,64,69,50,41,42,47,46,44,23,19,17,10,6,5,0,0,1,813,74,109,89,217,202,35,25,29,15,8,2,8,251,24,227,251,145,44,41,21,251,42,37,77,36,47,12,251,184,27,1,13,26,251,245,0,5,0,1,0,251,242,7,2,247,204,15,28,0,4,251,11,117,116,6,1,0,255,225,0,21,0,6,2,1,255,255,"INDEC, Censo Nacional de Poblacion, Hogares y Viviendas 2022, procesado con Redatam 7",2026-09-06
067562310,radio,06,756,SAN ISIDRO,1211,626,585,1211,251,833,127,1211,67,84,100,83,99,113,100,75,70,86,66,78,63,41,25,21,18,13,8,1,0,0,1211,114,143,155,311,303,31,47,55,29,3,6,14,369,28,341,369,235,63,50,21,369,79,56,123,40,58,13,369,258,49,2,29,31,369,365,0,4,0,0,0,369,359,6,4,365,348,11,6,0,4,369,12,246,107,4,0,0,375,336,3,20,1,13,2,0,375,375,"INDEC, Censo Nacional de Poblacion, Hogares y Viviendas 2022, procesado con Redatam 7",2026-09-06
067562311,radio,06,756,SAN ISIDRO,1418,727,691,1418,383,940,95,1418,111,137,135,125,157,121,107,81,96,77,77,50,49,41,23,15,11,4,1,0,0,0,1418,170,290,255,408,222,21,11,19,5,1,0,16,343,40,303,343,169,111,34,29,343,39,54,106,57,66,21,343,281,19,0,12,31,343,333,3,6,1,0,0,343,335,8,0,342,336,2,4,0,1,343,10,197,133,2,0,1,342,240,6,76,3,15,2,0,342,342,"INDEC, Censo Nacional de Poblacion, Hogares y Viviendas 2022, procesado con Redatam 7",2026-09-06
067562312,radio,06,756,SAN ISIDRO,704,364,340,704,113,490,101,704,26,35,52,60,52,42,51,51,50,52,45,55,32,31,23,17,15,7,6,2,0,0,704,45,77,96,150,185,29,29,56,18,4,7,8,242,20,222,242,184,39,13,6,242,66,38,79,18,33,8,242,125,86,1,14,16,242,239,0,2,1,0,0,242,240,2,0,242,237,1,4,0,0,242,10,181,44,7,0,0,243,176,0,58,0,5,2,2,243,243,"INDEC, Censo Nacional de Poblacion, Hogares y Viviendas 2022, procesado con Redatam 7",2026-09-06
067562313,radio,06,756,SAN ISIDRO,574,308,266,574,94,388,92,574,12,38,44,52,36,35,32,39,42,46,40,32,34,25,24,18,9,12,4,0,0,0,574,36,63,53,145,112,34,36,60,22,5,3,5,214,5,209,214,167,29,14,4,214,53,44,73,20,23,1,214,124,57,0,17,16,214,207,0,5,0,2,0,214,212,2,0,214,204,6,3,1,0,214,15,173,26,0,0,0,233,201,0,26,0,3,3,0,233,233,"INDEC, Censo Nacional de Poblacion, Hogares y Viviendas 2022, procesado con Redatam 7",2026-09-06
067562314,radio,06,756,SAN ISIDRO,613,334,279,613,113,396,104,613,32,35,46,47,56,37,36,37,45,47,39,23,29,34,23,20,15,7,3,2,0,0,613,53,72,66,137,140,29,30,48,26,1,3,8,193,16,177,193,140,33,12,8,193,41,36,66,17,31,2,193,116,50,5,10,12,193,189,0,1,2,1,0,193,193,0,0,193,180,10,1,2,0,193,10,156,24,2,1,0,223,200,0,12,0,1,2,8,223,223,"INDEC, Censo Nacional de Poblacion, Hogares y Viviendas 2022, procesado con Redatam 7",2026-09-06
067562401,radio,06,756,SAN ISIDRO,1084,588,496,1084,190,734,160,1084,50,67,73,82,89,62,82,65,81,88,67,53,65,50,35,33,26,10,6,0,0,0,1084,78,123,108,261,245,33,57,101,51,7,12,8,358,26,332,358,273,41,35,9,358,80,68,114,39,44,13,358,218,82,1,21,36,358,353,1,3,0,0,1,358,351,6,1,358,344,8,5,1,0,358,24,272,55,0,5,2,355,309,10,25,0,5,6,0,355,355,"INDEC, Censo Nacional de Poblacion, Hogares y Viviendas 2022, procesado con Redatam 7",2026-09-06
067562402,radio,06,756,SAN ISIDRO,499,264,235,499,69,315,115,499,14,27,28,44,19,23,32,32,32,38,38,25,32,29,32,21,19,10,3,1,0,0,499,30,49,58,110,96,18,45,52,34,1,3,3,198,3,195,198,168,19,6,5,198,71,48,55,16,8,0,198,130,38,0,16,14,198,196,1,1,0,0,0,198,197,1,0,198,194,3,1,0,0,198,14,174,8,1,1,0,236,207,0,26,0,1,1,1,236,236,"INDEC, Censo Nacional de Poblacion, Hogares y Viviendas 2022, procesado con Redatam 7",2026-09-06
067562403,radio,06,756,SAN ISIDRO,653,358,295,653,131,397,125,653,28,55,48,38,26,31,46,49,50,50,40,29,38,38,35,27,16,7,1,1,0,0,653,39,79,50,134,139,35,46,66,43,6,9,7,244,8,236,244,209,26,6,3,244,71,55,81,21,10,6,244,154,49,0,13,28,244,241,0,3,0,0,0,244,242,1,1,244,229,10,5,0,0,244,16,209,18,1,0,0,250,216,1,30,0,3,0,0,250,250,"INDEC, Censo Nacional de Poblacion, Hogares y Viviendas 2022, procesado con Redatam 7",2026-09-06
067562404,radio,06,756,SAN ISIDRO,856,431,425,856,162,558,136,856,42,59,61,82,44,61,45,63,72,55,52,40,44,33,37,39,17,7,3,0,0,0,856,71,101,98,194,181,28,46,82,36,0,6,13,291,9,282,291,227,43,13,8,291,80,52,100,26,29,4,291,192,69,0,11,19,291,284,0,4,1,1,1,291,287,4,0,291,272,14,5,0,0,291,16,222,44,3,4,2,295,267,0,25,1,1,0,1,295,295,"INDEC, Censo Nacional de Poblacion, Hogares y Viviendas 2022, procesado con Redatam 7",2026-09-06
067562405,radio,06,756,SAN ISIDRO,779,406,373,779,136,495,148,779,26,55,55,48,41,35,56,69,60,57,44,40,45,37,43,24,20,14,7,3,0,0,779,59,87,80,144,200,31,44,74,30,6,12,12,266,32,234,266,215,40,9,2,266,63,39,98,27,30,9,266,131,99,0,12,24,266,251,3,6,3,2,1,266,264,2,0,266,258,8,0,0,0,266,10,211,30,0,14,1,273,183,8,60,0,6,15,1,273,273,"INDEC, Censo Nacional de Poblacion, Hogares y Viviendas 2022, procesado con Redatam 7",2026-09-06
067562406,radio,06,756,SAN ISIDRO,1117,598,519,1117,208,725,184,1117,55,61,92,98,65,69,60,82,75,88,76,48,64,64,47,31,27,10,3,2,0,0,1117,109,109,61,250,215,56,83,126,72,7,16,13,378,25,353,378,314,47,15,2,378,107,72,132,27,32,8,378,229,89,0,25,35,378,366,4,6,1,1,0,378,370,4,4,378,356,16,6,0,0,378,37,298,30,3,5,5,377,308,1,57,0,4,2,5,377,377,"INDEC, Censo Nacional de Poblacion, Hogares y Viviendas 2022, procesado con Redatam 7",2026-09-06
067562407,radio,06,756,SAN ISIDRO,533,266,267,533,82,366,85,533,15,31,36,40,29,35,32,30,49,42,43,30,36,23,27,12,11,7,4,0,1,0,533,26,48,36,92,104,31,61,64,45,6,15,5,205,5,200,205,187,13,3,2,205,75,47,65,6,11,1,205,130,45,0,17,13,205,200,1,1,0,0,3,205,202,0,3,202,197,5,0,0,3,205,13,179,9,1,3,0,241,211,0,28,0,0,2,0,241,241,"INDEC, Censo Nacional de Poblacion, Hogares y Viviendas 2022, procesado con Redatam 7",2026-09-06
067562408,radio,06,756,SAN ISIDRO,583,299,284,583,97,358,128,583,22,40,35,34,28,28,34,46,56,58,19,28,27,43,35,22,13,10,3,1,1,0,583,40,63,29,84,113,34,65,75,57,6,13,4,220,4,216,220,184,29,7,0,220,89,47,56,15,12,1,220,132,53,0,21,14,220,210,1,8,0,1,0,220,220,0,0,219,210,8,1,0,1,220,20,182,8,1,8,1,233,209,10,11,0,3,0,0,233,233,"INDEC, Censo Nacional de Poblacion, Hogares y Viviendas 2022, procesado con Redatam 7",2026-09-06
067562409,radio,06,756,SAN ISIDRO,584,306,278,584,88,376,120,584,16,33,39,36,26,27,37,38,63,37,29,37,46,33,42,21,12,7,4,1,0,0,584,28,51,42,98,121,24,49,58,80,7,19,7,227,5,222,227,205,19,1,2,227,83,69,62,7,5,1,227,156,46,0,15,10,227,226,1,0,0,0,0,227,227,0,0,227,224,3,0,0,0,227,21,198,7,0,1,0,255,222,0,30,0,0,2,1,255,255,"INDEC, Censo Nacional de Poblacion, Hogares y Viviendas 2022, procesado con Redatam 7",2026-09-06
067562410,radio,06,756,SAN ISIDRO,698,362,336,698,107,459,132,698,24,31,52,54,42,36,28,33,39,62,62,52,51,30,28,24,28,17,4,1,0,0,698,43,54,45,121,124,31,66,83,89,10,25,7,254,2,252,254,227,23,3,1,254,102,74,57,14,6,1,254,181,45,0,8,20,254,252,0,0,2,0,0,254,254,0,0,254,252,1,1,0,0,254,12,233,6,3,0,0,265,252,6,7,0,0,0,0,265,265,"INDEC, Censo Nacional de Poblacion, Hogares y Viviendas 2022, procesado con Redatam 7",2026-09-06
067562411,radio,06,756,SAN ISIDRO,635,355,280,635,102,408,125,635,27,33,42,41,42,28,47,35,50,49,43,44,29,33,24,27,27,8,2,4,0,0,635,46,62,57,100,126,35,65,72,46,3,17,6,219,8,211,219,182,31,4,2,219,74,45,70,12,13,5,219,155,50,0,7,7,219,216,2,0,1,0,0,219,218,0,1,219,214,3,2,0,0,219,13,194,7,4,1,0,231,211,1,14,0,2,0,3,231,231,"INDEC, Censo Nacional de Poblacion, Hogares y Viviendas 2022, procesado con Redatam 7",2026-09-06
067562412,radio,06,756,SAN ISIDRO,654,347,307,654,88,444,122,654,27,29,32,50,34,48,56,40,43,61,38,40,34,34,27,26,17,11,7,0,0,0,654,46,42,50,124,125,45,51,84,61,6,16,4,263,3,260,263,222,29,8,4,263,97,59,79,15,12,1,263,160,69,0,18,16,263,260,3,0,0,0,0,263,259,1,3,263,255,7,1,0,0,263,30,212,15,4,1,1,295,194,0,98,0,1,0,2,295,295,"INDEC, Censo Nacional de Poblacion, Hogares y Viviendas 2022, procesado con Redatam 7",2026-09-06
067562413,radio,06,756,SAN ISIDRO,839,453,386,839,133,548,158,839,38,50,45,44,53,51,57,77,60,52,58,47,49,41,31,34,31,15,5,1,0,0,839,56,64,48,137,194,50,93,107,58,9,10,13,337,4,333,337,302,27,6,2,337,108,71,119,17,22,0,337,172,115,0,27,23,337,334,0,1,1,1,0,337,334,1,2,337,330,5,1,1,0,337,34,286,12,5,0,0,411,245,1,162,0,0,1,2,411,411,"INDEC, Censo Nacional de Poblacion, Hogares y Viviendas 2022, procesado con Redatam 7",2026-09-06
067562414,radio,06,756,SAN ISIDRO,514,269,245,514,81,316,117,514,20,29,32,38,26,16,24,42,35,33,37,25,40,47,15,20,14,14,7,0,0,0,514,31,46,38,98,100,24,59,56,50,6,5,1,192,3,189,192,182,8,1,1,192,67,41,65,11,8,0,192,133,39,0,8,12,192,190,1,1,0,0,0,192,192,0,0,192,191,1,0,0,0,192,8,183,1,0,0,0,226,190,0,33,0,2,0,1,226,226,"INDEC, Censo Nacional de Poblacion, Hogares y Viviendas 2022, procesado con Redatam 7",2026-09-06
067562415,radio,06,756,SAN ISIDRO,413,215,198,413,57,280,76,413,21,12,24,25,27,25,31,19,26,43,31,29,24,18,21,14,12,6,2,2,0,1,413,23,27,35,83,66,24,44,64,32,5,4,6,166,7,159,166,150,9,5,2,166,60,43,46,9,7,1,166,103,36,1,14,12,166,162,0,3,0,1,0,166,164,1,1,165,162,1,2,0,1,166,9,146,11,0,0,0,197,166,0,26,0,0,5,0,197,197,"INDEC, Censo Nacional de Poblacion, Hogares y Viviendas 2022, procesado con Redatam 7",2026-09-06
067562501,radio,06,756,SAN ISIDRO,1054,586,468,1054,185,692,177,1054,47,72,66,85,63,64,67,66,91,73,64,55,64,53,37,36,32,10,7,2,0,0,1054,101,105,73,196,231,53,74,125,59,13,16,8,337,33,304,337,259,37,33,8,337,80,64,117,29,30,17,337,197,98,1,13,28,337,320,4,3,5,3,2,337,315,14,8,337,263,49,24,1,0,337,27,258,30,5,13,4,362,282,15,53,0,4,6,2,362,362,"INDEC, Censo Nacional de Poblacion, Hogares y Viviendas 2022, procesado con Redatam 7",2026-09-06
067562502,radio,06,756,SAN ISIDRO,1363,700,663,1363,327,973,63,1363,101,94,132,124,138,143,128,75,90,85,68,68,54,25,20,6,7,3,2,0,0,0,1363,154,209,151,414,296,30,34,59,11,1,0,4,386,49,337,386,187,85,77,37,386,55,29,114,59,99,30,386,277,43,5,10,51,386,371,6,4,0,5,0,386,369,16,1,380,260,59,59,2,6,386,7,83,284,12,0,0,386,353,0,24,1,0,8,0,386,386,"INDEC, Censo Nacional de Poblacion, Hogares y Viviendas 2022, procesado con Redatam 7",2026-09-06
067562503,radio,06,756,SAN ISIDRO,1243,646,597,1243,295,839,109,1243,74,110,111,111,106,114,114,85,74,55,55,75,50,36,32,14,12,10,3,2,0,0,1243,154,190,189,362,213,28,28,41,16,7,6,9,343,33,310,343,188,89,39,27,343,83,44,88,51,60,17,343,254,47,1,21,20,343,333,3,6,1,0,0,343,333,9,1,340,285,34,19,2,3,343,11,178,149,4,0,1,343,317,1,15,0,4,5,1,343,343,"INDEC, Censo Nacional de Poblacion, Hogares y Viviendas 2022, procesado con Redatam 7",2026-09-06
067562504,radio,06,756,SAN ISIDRO,1123,596,527,1123,211,775,137,1123,63,68,80,91,78,91,74,88,93,79,65,57,59,33,41,25,16,9,12,1,0,0,1123,115,134,119,263,255,44,63,82,28,11,3,6,396,45,351,396,287,78,19,12,396,97,47,162,26,51,13,396,246,104,2,19,25,396,385,5,6,0,0,0,396,393,3,0,396,330,46,20,0,0,396,22,293,75,6,0,0,395,321,0,46,0,1,27,0,395,395,"INDEC, Censo Nacional de Poblacion, Hogares y Viviendas 2022, procesado con Redatam 7",2026-09-06
067562505,radio,06,756,SAN ISIDRO,608,320,288,608,98,403,107,608,30,35,33,49,41,35,35,24,51,54,42,39,33,26,30,24,13,13,1,0,0,0,608,46,59,92,136,127,27,34,45,24,10,7,1,206,15,191,206,170,20,13,3,206,49,46,67,17,20,7,206,128,52,1,12,13,206,202,1,2,0,1,0,206,204,2,0,205,161,28,16,0,1,206,17,146,35,7,0,1,210,174,2,24,0,3,3,4,210,210,"INDEC, Censo Nacional de Poblacion, Hogares y Viviendas 2022, procesado con Redatam 7",2026-09-06
067562506,radio,06,756,SAN ISIDRO,601,313,288,601,107,401,93,601,23,39,45,36,32,51,39,46,45,42,36,44,30,26,21,24,8,10,3,1,0,0,601,30,70,78,112,126,40,43,57,22,7,10,6,216,17,199,216,164,32,17,3,216,55,39,70,18,29,5,216,132,54,0,10,20,216,212,2,2,0,0,0,216,214,1,1,216,174,26,16,0,0,216,12,159,40,5,0,0,237,198,1,26,0,3,9,0,237,237,"INDEC, Censo Nacional de Poblacion, Hogares y Viviendas 2022, procesado con Redatam 7",2026-09-06
067562507,radio,06,756,SAN ISIDRO,811,435,376,811,154,534,123,811,44,48,62,62,47,65,61,62,51,58,45,39,44,43,24,25,17,4,7,3,0,0,811,66,101,83,185,166,46,40,71,31,10,8,4,263,33,230,263,202,38,20,3,263,51,48,89,23,36,16,263,127,86,6,18,26,263,251,4,0,5,2,1,263,247,7,9,263,223,25,15,0,0,263,24,188,39,1,11,0,274,229,6,23,0,2,14,0,274,274,"INDEC, Censo Nacional de Poblacion, Hogares y Viviendas 2022, procesado con Redatam 7",2026-09-06
067562508,radio,06,756,SAN ISIDRO,616,333,283,616,81,411,124,616,18,32,31,39,37,43,37,39,45,53,32,41,45,33,32,34,14,6,4,0,1,0,616,34,49,57,102,165,43,47,76,34,4,2,3,248,13,235,248,211,25,11,1,248,59,52,93,19,24,1,248,144,82,0,10,12,248,240,3,3,2,0,0,248,247,1,0,245,215,18,12,0,3,248,26,188,34,0,0,0,281,208,0,61,1,1,10,0,281,281,"INDEC, Censo Nacional de Poblacion, Hogares y Viviendas 2022, procesado con Redatam 7",2026-09-06
067562509,radio,06,756,SAN ISIDRO,512,269,243,512,99,292,121,512,22,44,33,33,16,24,30,35,39,47,24,19,25,30,30,37,14,7,2,1,0,0,512,35,67,43,84,112,21,47,53,29,5,9,7,207,11,196,207,181,20,5,1,207,66,43,73,7,17,1,207,119,53,0,9,26,207,203,2,1,0,1,0,207,207,0,0,207,181,22,4,0,0,207,15,179,11,2,0,0,236,194,1,31,0,1,9,0,236,236,"INDEC, Censo Nacional de Poblacion, Hogares y Viviendas 2022, procesado con Redatam 7",2026-09-06
067562510,radio,06,756,SAN ISIDRO,509,283,226,509,76,319,114,509,19,29,28,34,25,29,26,29,53,35,25,27,36,38,24,17,18,7,7,3,0,0,509,28,38,59,93,112,24,39,53,40,4,15,4,190,6,184,190,163,18,9,0,190,53,38,69,13,13,4,190,118,46,0,10,16,190,185,0,3,2,0,0,190,186,3,1,190,159,27,4,0,0,190,13,163,13,1,0,0,194,159,6,28,0,0,0,1,194,194,"INDEC, Censo Nacional de Poblacion, Hogares y Viviendas 2022, procesado con Redatam 7",2026-09-06
067562601,radio,06,756,SAN ISIDRO,1158,629,529,1158,192,744,222,1158,53,73,66,63,85,67,55,92,89,84,77,70,62,62,62,41,30,18,7,2,0,0,1158,80,116,83,160,254,57,105,160,105,11,24,3,433,2,431,433,368,41,19,5,433,145,103,140,23,22,0,433,293,82,0,26,32,433,428,2,3,0,0,0,433,432,1,0,433,405,24,4,0,0,433,28,386,16,2,0,1,453,435,0,17,0,1,0,0,453,453,"INDEC, Censo Nacional de Poblacion, Hogares y Viviendas 2022, procesado con Redatam 7",2026-09-06
067562602,radio,06,756,SAN ISIDRO,728,375,353,728,111,471,146,728,26,39,46,44,46,39,48,55,56,58,52,34,39,46,32,32,16,15,3,1,1,0,728,44,74,78,142,150,41,59,74,42,7,10,7,266,15,251,266,214,15,28,9,266,86,60,80,21,16,3,266,159,65,0,12,30,266,261,5,0,0,0,0,266,262,1,3,255,231,18,6,0,11,266,14,210,23,7,3,9,272,234,11,22,0,3,0,2,272,272,"INDEC, Censo Nacional de Poblacion, Hogares y Viviendas 2022, procesado con Redatam 7",2026-09-06
067562603,radio,06,756,SAN ISIDRO,636,341,295,636,93,407,136,636,27,33,33,51,39,25,43,52,54,42,36,27,38,35,39,32,14,8,6,2,0,0,636,44,50,52,112,150,27,66,71,44,7,8,5,247,3,244,247,213,22,9,3,247,74,62,79,14,17,1,247,158,56,0,15,18,247,235,2,10,0,0,0,247,247,0,0,247,225,18,4,0,0,247,24,208,14,1,0,0,254,223,0,29,0,0,2,0,254,254,"INDEC, Censo Nacional de Poblacion, Hogares y Viviendas 2022, procesado con Redatam 7",2026-09-06
067562604,radio,06,756,SAN ISIDRO,838,439,399,838,139,553,146,838,34,53,52,63,50,35,57,57,68,65,60,57,41,35,39,38,19,6,8,0,1,0,838,54,83,55,139,200,51,81,86,61,10,13,5,301,5,296,301,244,29,20,8,301,96,69,93,24,19,0,301,197,62,4,24,14,301,298,0,1,2,0,0,301,291,10,0,301,269,26,6,0,0,301,18,252,29,2,0,0,321,287,0,31,0,2,1,0,321,321,"INDEC, Censo Nacional de Poblacion, Hogares y Viviendas 2022, procesado con Redatam 7",2026-09-06
067562605,radio,06,756,SAN ISIDRO,815,447,368,815,106,536,173,815,26,35,45,47,50,68,52,42,55,50,56,46,70,54,41,24,27,16,8,3,0,0,815,66,64,80,157,143,31,60,103,74,12,22,3,275,21,254,275,229,22,18,6,275,83,59,86,13,21,13,275,183,72,0,9,11,275,267,5,1,1,1,0,275,263,6,6,272,252,9,10,1,3,275,19,224,22,4,5,1,279,216,8,46,0,5,2,2,279,279,"INDEC, Censo Nacional de Poblacion, Hogares y Viviendas 2022, procesado con Redatam 7",2026-09-06
067562606,radio,06,756,SAN ISIDRO,1266,669,597,1266,201,830,235,1266,51,71,79,70,80,79,80,107,113,78,66,93,64,58,64,43,44,15,10,1,0,0,1266,106,117,105,179,294,104,112,123,86,9,23,8,468,17,451,468,389,58,17,4,468,148,86,154,30,45,5,468,237,170,1,26,34,468,457,8,3,0,0,0,468,466,1,1,467,399,47,21,0,1,468,30,393,35,6,3,1,509,387,11,104,1,1,4,1,509,509,"INDEC, Censo Nacional de Poblacion, Hogares y Viviendas 2022, procesado con Redatam 7",2026-09-06
067562607,radio,06,756,SAN ISIDRO,1187,637,550,1187,172,782,233,1187,41,60,71,99,80,78,72,68,101,69,74,69,72,81,49,41,31,17,10,4,0,0,1187,67,111,83,258,256,69,94,132,78,13,16,10,442,5,437,442,377,48,14,3,442,154,104,113,40,30,1,442,290,96,2,29,25,442,433,3,4,2,0,0,442,440,1,1,442,401,30,11,0,0,442,28,372,39,3,0,0,456,410,2,42,0,1,1,0,456,456,"INDEC, Censo Nacional de Poblacion, Hogares y Viviendas 2022, procesado con Redatam 7",2026-09-06
067562608,radio,06,756,SAN ISIDRO,1224,639,585,1224,209,817,198,1224,49,61,99,85,82,56,91,99,102,87,70,63,82,62,47,31,27,20,10,1,0,0,1224,82,113,113,260,290,62,94,111,71,7,11,10,456,8,448,456,380,53,17,6,456,145,80,153,30,46,2,456,282,109,0,26,39,456,449,3,4,0,0,0,456,456,0,0,455,410,36,9,0,1,456,30,359,61,4,2,0,470,405,4,57,0,2,2,0,470,470,"INDEC, Censo Nacional de Poblacion, Hogares y Viviendas 2022, procesado con Redatam 7",2026-09-06
067562609,radio,06,756,SAN ISIDRO,779,422,357,779,142,494,143,779,35,51,56,41,53,43,62,55,59,64,41,40,36,40,45,24,13,12,6,3,0,0,779,56,86,77,143,179,51,56,71,38,5,12,5,272,18,254,272,232,30,7,3,272,78,48,90,18,29,9,272,157,87,0,11,17,272,266,2,2,1,1,0,272,270,2,0,272,236,27,9,0,0,272,20,216,31,2,3,0,284,231,6,40,0,4,2,1,284,284,"INDEC, Censo Nacional de Poblacion, Hogares y Viviendas 2022, procesado con Redatam 7",2026-09-06
067562610,radio,06,756,SAN ISIDRO,637,335,302,637,104,430,103,637,32,33,39,52,27,48,54,53,52,30,41,37,36,29,22,22,21,5,3,1,0,0,637,42,63,62,111,151,30,62,46,43,3,21,3,228,9,219,228,184,30,10,4,228,67,45,77,15,20,4,228,133,71,0,14,10,228,221,1,4,2,0,0,228,228,0,0,228,207,16,5,0,0,228,15,191,20,0,1,1,226,207,1,14,0,3,0,1,226,226,"INDEC, Censo Nacional de Poblacion, Hogares y Viviendas 2022, procesado con Redatam 7",2026-09-06
067562611,radio,06,756,SAN ISIDRO,1402,757,645,1402,214,916,272,1402,57,83,74,82,84,87,102,102,110,104,86,83,76,71,78,50,41,17,11,4,0,0,1402,108,129,132,272,288,81,121,128,84,19,22,18,506,20,486,506,410,66,19,11,506,149,94,164,42,49,8,506,321,137,0,23,25,506,490,6,9,1,0,0,506,499,3,4,506,436,50,20,0,0,506,35,404,49,3,11,4,520,432,16,63,0,4,4,1,520,520,"INDEC, Censo Nacional de Poblacion, Hogares y Viviendas 2022, procesado con Redatam 7",2026-09-06
067562701,radio,06,756,SAN ISIDRO,1717,878,839,1717,377,1190,150,1717,108,143,126,158,151,166,166,106,116,101,82,84,60,62,37,31,12,2,3,3,0,0,1717,198,250,233,495,399,38,37,44,11,3,2,7,525,47,478,525,306,80,80,59,525,121,68,152,64,100,20,525,362,88,0,29,46,525,511,6,8,0,0,0,525,500,24,1,524,507,10,7,0,1,525,20,182,314,9,0,0,509,453,8,29,0,7,11,1,509,509,"INDEC, Censo Nacional de Poblacion, Hogares y Viviendas 2022, procesado con Redatam 7",2026-09-06
067562702,radio,06,756,SAN ISIDRO,1689,899,790,1689,363,1133,193,1689,94,147,122,164,126,144,144,111,120,105,86,72,61,73,51,33,25,6,4,1,0,0,1689,156,241,247,476,373,48,32,79,19,3,2,13,541,41,500,541,345,97,61,38,541,119,71,185,70,81,15,541,348,118,4,32,39,541,533,5,3,0,0,0,541,520,20,1,540,519,21,0,0,1,541,18,273,244,6,0,0,547,479,6,48,0,4,6,4,547,547,"INDEC, Censo Nacional de Poblacion, Hogares y Viviendas 2022, procesado con Redatam 7",2026-09-06
067562703,radio,06,756,SAN ISIDRO,1549,778,771,1549,371,1043,135,1549,95,139,137,152,145,121,124,121,131,90,53,48,58,60,35,23,7,3,3,4,0,0,1549,145,325,218,444,298,35,21,39,7,1,1,15,428,39,389,428,215,77,73,63,428,55,32,149,59,110,23,428,297,61,2,33,35,428,420,6,2,0,0,0,428,409,19,0,427,409,13,4,1,1,428,9,73,335,11,0,0,424,385,3,24,0,5,7,0,424,424,"INDEC, Censo Nacional de Poblacion, Hogares y Viviendas 2022, procesado con Redatam 7",2026-09-06
067562704,radio,06,756,SAN ISIDRO,1465,725,740,1465,358,983,124,1465,108,125,125,140,131,122,108,114,92,86,80,69,41,42,37,26,9,6,4,0,0,0,1465,162,235,224,391,285,38,42,52,15,6,3,12,398,42,356,398,218,74,69,37,398,59,58,123,45,88,25,398,248,80,1,21,48,398,393,2,3,0,0,0,398,384,13,1,392,375,11,5,1,6,398,13,153,224,5,0,3,398,362,0,24,0,5,7,0,398,398,"INDEC, Censo Nacional de Poblacion, Hogares y Viviendas 2022, procesado con Redatam 7",2026-09-06
067562705,radio,06,756,SAN ISIDRO,1469,777,692,1469,348,971,150,1469,99,130,119,107,122,130,127,102,96,73,79,71,64,58,38,31,12,8,2,1,0,0,1469,139,255,221,393,288,42,27,71,17,2,2,12,453,41,412,453,265,83,61,44,453,91,59,151,48,83,21,453,287,87,2,43,34,453,442,3,4,0,3,1,453,444,9,0,451,432,16,3,0,2,453,11,277,161,4,0,0,455,380,0,62,0,7,6,0,455,455,"INDEC, Censo Nacional de Poblacion, Hogares y Viviendas 2022, procesado con Redatam 7",2026-09-06
067562706,radio,06,756,SAN ISIDRO,695,375,320,695,138,463,94,695,37,60,41,60,59,53,46,51,50,52,37,25,30,36,26,15,7,5,4,0,1,0,695,55,86,107,163,170,24,32,32,13,1,2,10,237,12,225,237,157,31,35,14,237,54,38,83,23,31,8,237,158,51,0,16,12,237,237,0,0,0,0,0,237,234,2,1,236,226,7,3,0,1,237,14,146,73,2,1,1,262,226,0,33,0,0,3,0,262,262,"INDEC, Censo Nacional de Poblacion, Hogares y Viviendas 2022, procesado con Redatam 7",2026-09-06
067562707,radio,06,756,SAN ISIDRO,443,240,203,443,73,295,75,443,15,25,33,39,21,30,27,25,44,35,27,21,26,25,25,6,9,6,3,1,0,0,443,30,51,63,96,106,17,18,38,10,7,5,2,164,9,155,164,125,31,6,2,164,51,29,44,16,20,4,164,85,52,0,12,15,164,160,1,3,0,0,0,164,164,0,0,164,147,12,5,0,0,164,11,131,22,0,0,0,169,148,0,17,0,2,2,0,169,169,"INDEC, Censo Nacional de Poblacion, Hogares y Viviendas 2022, procesado con Redatam 7",2026-09-06
067562708,radio,06,756,SAN ISIDRO,654,340,314,654,124,411,119,654,32,43,49,47,40,38,40,53,50,39,43,29,32,36,30,20,13,12,6,2,0,0,654,46,70,82,137,153,25,52,57,23,3,2,4,232,4,228,232,181,28,14,9,232,72,56,67,18,18,1,232,141,52,0,19,20,232,228,0,3,0,1,0,232,230,2,0,231,205,22,4,0,1,232,13,195,22,2,0,0,236,224,1,10,0,0,1,0,236,236,"INDEC, Censo Nacional de Poblacion, Hogares y Viviendas 2022, procesado con Redatam 7",2026-09-06
067562709,radio,06,756,SAN ISIDRO,777,422,355,777,150,521,106,777,48,52,50,69,50,59,79,45,47,41,56,41,34,40,22,17,18,7,1,1,0,0,777,69,101,102,187,182,26,24,64,17,1,1,3,253,17,236,253,174,46,18,15,253,44,33,86,32,52,6,253,158,77,0,10,8,253,248,2,3,0,0,0,253,249,4,0,250,222,16,11,1,3,253,9,173,70,1,0,0,254,216,1,28,1,0,8,0,254,254,"INDEC, Censo Nacional de Poblacion, Hogares y Viviendas 2022, procesado con Redatam 7",2026-09-06
067562710,radio,06,756,SAN ISIDRO,864,453,411,864,153,594,117,864,46,49,58,70,80,69,54,58,60,57,56,51,39,44,33,23,4,8,3,2,0,0,864,69,115,110,202,178,38,35,73,22,7,7,8,278,17,261,278,197,42,33,6,278,63,50,102,25,32,6,278,202,33,3,13,27,278,272,3,2,0,1,0,278,271,6,1,277,242,24,10,1,1,278,14,122,139,2,1,0,275,247,5,17,0,5,1,0,275,275,"INDEC, Censo Nacional de Poblacion, Hogares y Viviendas 2022, procesado con Redatam 7",2026-09-06
067562711,radio,06,756,SAN ISIDRO,459,250,209,459,57,318,84,459,17,17,23,28,36,31,29,35,27,42,40,27,23,32,15,16,8,8,3,2,0,0,459,21,39,38,77,111,23,38,59,41,4,3,5,176,2,174,176,158,10,8,0,176,69,29,58,9,11,0,176,122,32,1,9,12,176,174,2,0,0,0,0,176,175,1,0,176,160,10,5,1,0,176,17,153,5,1,0,0,198,186,0,11,0,1,0,0,198,198,"INDEC, Censo Nacional de Poblacion, Hogares y Viviendas 2022, procesado con Redatam 7",2026-09-06
067562712,radio,06,756,SAN ISIDRO,1398,724,674,1398,264,916,218,1398,78,93,93,103,100,94,105,104,95,79,66,100,70,73,58,40,20,17,8,2,0,0,1398,116,162,170,277,354,67,86,102,33,5,8,18,459,19,440,459,372,50,26,11,459,120,86,157,46,39,11,459,268,117,2,34,38,459,450,1,8,0,0,0,459,458,1,0,457,409,27,21,0,2,459,14,325,110,10,0,0,455,394,1,54,0,3,2,1,455,455,"INDEC, Censo Nacional de Poblacion, Hogares y Viviendas 2022, procesado con Redatam 7",2026-09-06
067562713,radio,06,756,SAN ISIDRO,952,492,460,952,213,621,118,952,52,87,74,81,65,60,70,73,78,61,42,43,48,29,28,25,25,8,2,1,0,0,952,86,157,150,236,186,37,34,38,11,5,6,6,306,35,271,306,185,53,44,24,306,65,36,106,30,49,20,306,219,46,0,22,19,306,303,2,1,0,0,0,306,295,10,1,301,283,10,8,0,5,306,10,207,86,3,0,0,313,288,0,15,1,5,3,1,313,313,"INDEC, Censo Nacional de Poblacion, Hogares y Viviendas 2022, procesado con Redatam 7",2026-09-06
067562714,radio,06,756,SAN ISIDRO,794,412,382,794,127,514,153,794,37,42,48,57,35,39,52,64,57,58,56,61,35,50,34,29,26,9,3,2,0,0,794,50,88,99,152,187,29,50,70,49,7,7,6,287,4,283,287,240,35,8,4,287,90,58,96,19,23,1,287,189,51,2,22,23,287,279,2,5,0,0,1,287,286,1,0,287,242,35,10,0,0,287,19,248,20,0,0,0,282,262,0,17,0,2,1,0,282,282,"INDEC, Censo Nacional de Poblacion, Hogares y Viviendas 2022, procesado con Redatam 7",2026-09-06
067562801,radio,06,756,SAN ISIDRO,742,391,351,742,138,468,136,742,31,49,58,57,49,51,44,49,31,53,51,54,29,41,34,18,21,14,5,3,0,0,742,48,78,49,126,109,36,72,76,99,16,25,8,272,15,257,272,221,27,12,12,272,103,53,75,11,21,9,272,182,63,0,15,12,272,268,4,0,0,0,0,272,271,1,0,272,260,6,6,0,0,272,41,190,38,1,2,0,288,215,2,70,0,0,0,1,288,288,"INDEC, Censo Nacional de Poblacion, Hogares y Viviendas 2022, procesado con Redatam 7",2026-09-06
067562802,radio,06,756,SAN ISIDRO,596,301,295,596,107,369,120,596,24,41,42,34,39,30,31,36,39,33,52,37,38,35,30,18,16,14,6,1,0,0,596,30,56,18,74,86,24,70,82,108,9,33,6,236,1,235,236,223,7,5,1,236,114,49,59,9,4,1,236,160,58,0,7,11,236,236,0,0,0,0,0,236,236,0,0,236,232,4,0,0,0,236,21,208,6,1,0,0,258,191,0,67,0,0,0,0,258,258,"INDEC, Censo Nacional de Poblacion, Hogares y Viviendas 2022, procesado con Redatam 7",2026-09-06
067562803,radio,06,756,SAN ISIDRO,707,363,344,707,91,491,125,707,33,33,25,42,41,37,60,67,59,48,48,43,46,38,34,22,11,13,3,3,0,1,707,53,43,40,83,125,38,72,87,108,18,38,2,348,5,343,348,307,33,3,5,348,147,63,110,14,13,1,348,173,136,0,23,16,348,347,0,1,0,0,0,348,348,0,0,347,344,3,0,0,1,348,68,271,8,1,0,0,360,107,0,251,0,0,2,0,360,360,"INDEC, Censo Nacional de Poblacion, Hogares y Viviendas 2022, procesado con Redatam 7",2026-09-06
067562804,radio,06,756,SAN ISIDRO,665,337,328,665,144,454,67,665,47,50,47,44,37,35,59,59,65,49,43,35,28,17,17,13,12,6,2,0,0,0,665,68,69,32,110,89,35,59,74,87,6,31,5,238,6,232,238,205,20,8,5,238,69,57,77,15,19,1,238,139,78,0,10,11,238,235,1,2,0,0,0,238,236,2,0,238,225,9,4,0,0,238,49,161,27,1,0,0,280,150,0,127,0,1,2,0,280,280,"INDEC, Censo Nacional de Poblacion, Hogares y Viviendas 2022, procesado con Redatam 7",2026-09-06
067562805,radio,06,756,SAN ISIDRO,993,518,475,993,158,647,188,993,41,54,63,68,73,43,67,57,64,64,64,72,75,51,47,36,21,22,8,3,0,0,993,73,89,104,188,205,39,75,95,84,11,24,6,356,14,342,356,282,35,28,11,356,111,77,104,22,34,8,356,260,58,0,20,18,356,348,7,1,0,0,0,356,352,3,1,356,333,17,6,0,0,356,24,259,71,2,0,0,356,340,3,11,0,0,1,1,356,356,"INDEC, Censo Nacional de Poblacion, Hogares y Viviendas 2022, procesado con Redatam 7",2026-09-06
067562806,radio,06,756,SAN ISIDRO,594,308,286,594,83,377,134,594,24,35,24,33,38,25,37,44,47,48,42,25,38,34,37,26,21,8,8,0,0,0,594,41,45,46,70,99,33,68,83,79,7,17,6,243,2,241,243,224,15,4,0,243,93,64,68,14,4,0,243,163,53,0,10,17,243,238,1,4,0,0,0,243,243,0,0,243,235,5,3,0,0,243,40,191,11,0,1,0,258,212,0,46,0,0,0,0,258,258,"INDEC, Censo Nacional de Poblacion, Hogares y Viviendas 2022, procesado con Redatam 7",2026-09-06
067562807,radio,06,756,SAN ISIDRO,469,258,211,469,62,291,116,469,14,16,32,25,30,23,29,26,39,44,31,17,27,22,36,22,14,14,5,2,1,0,469,23,34,27,60,87,27,68,72,51,5,13,2,221,4,217,221,193,15,8,5,221,109,43,58,6,4,1,221,144,52,0,12,13,221,219,1,1,0,0,0,221,221,0,0,221,216,3,2,0,0,221,12,207,2,0,0,0,250,175,0,72,0,2,1,0,250,250,"INDEC, Censo Nacional de Poblacion, Hogares y Viviendas 2022, procesado con Redatam 7",2026-09-06
067562808,radio,06,756,SAN ISIDRO,1087,564,523,1087,203,687,197,1087,57,69,77,75,67,45,48,91,88,86,78,53,56,65,36,44,33,10,7,2,0,0,1087,90,98,51,174,204,58,139,117,104,14,32,6,414,10,404,414,357,48,7,2,414,143,87,143,17,20,4,414,267,90,3,26,28,414,409,1,4,0,0,0,414,413,1,0,414,403,7,4,0,0,414,41,351,19,1,0,2,449,380,0,61,0,2,6,0,449,449,"INDEC, Censo Nacional de Poblacion, Hogares y Viviendas 2022, procesado con Redatam 7",2026-09-06
067562809,radio,06,756,SAN ISIDRO,621,333,288,621,103,375,143,621,28,33,42,27,19,40,47,62,55,40,38,24,23,36,39,29,15,15,6,3,0,0,621,40,51,30,84,102,33,86,80,81,6,25,3,303,4,299,303,266,29,6,2,303,135,49,98,13,7,1,303,158,103,0,20,22,303,301,1,1,0,0,0,303,303,0,0,303,301,2,0,0,0,303,31,257,15,0,0,0,365,127,0,237,0,0,0,1,365,365,"INDEC, Censo Nacional de Poblacion, Hogares y Viviendas 2022, procesado con Redatam 7",2026-09-06
067562810,radio,06,756,SAN ISIDRO,543,302,241,543,84,352,107,543,29,24,31,28,38,40,51,34,33,37,31,30,30,25,28,22,17,11,3,1,0,0,543,50,31,20,91,89,30,42,80,79,7,21,3,238,20,218,238,204,30,2,2,238,95,43,64,14,21,1,238,124,84,3,16,11,238,236,2,0,0,0,0,238,238,0,0,238,232,5,1,0,0,238,32,180,18,8,0,0,243,64,0,163,1,8,7,0,243,243,"INDEC, Censo Nacional de Poblacion, Hogares y Viviendas 2022, procesado con Redatam 7",2026-09-06
067562901,radio,06,756,SAN ISIDRO,922,480,442,922,131,602,189,922,30,42,59,75,63,37,40,47,58,69,72,74,67,57,44,35,29,13,7,4,0,0,922,43,66,27,137,170,51,103,133,129,9,45,9,361,3,358,361,325,28,6,2,361,144,98,104,5,9,1,361,254,62,0,27,18,361,360,0,0,1,0,0,361,361,0,0,361,357,3,1,0,0,361,37,320,4,0,0,0,393,370,1,20,0,0,0,2,393,393,"INDEC, Censo Nacional de Poblacion, Hogares y Viviendas 2022, procesado con Redatam 7",2026-09-06
067562902,radio,06,756,SAN ISIDRO,912,484,428,912,118,584,210,912,29,45,44,69,62,39,36,37,68,77,56,63,77,52,55,40,26,27,7,3,0,0,912,43,62,49,135,181,27,90,134,139,7,40,5,352,0,352,352,318,29,4,1,352,153,98,84,10,7,0,352,266,44,0,24,18,352,350,2,0,0,0,0,352,351,1,0,352,346,6,0,0,0,352,34,317,1,0,0,0,404,381,0,23,0,0,0,0,404,404,"INDEC, Censo Nacional de Poblacion, Hogares y Viviendas 2022, procesado con Redatam 7",2026-09-06
067562903,radio,06,756,SAN ISIDRO,742,399,343,742,102,451,189,742,20,30,52,47,38,33,15,40,49,71,51,61,46,49,59,36,25,13,4,3,0,0,742,33,47,53,124,149,38,84,90,91,5,24,4,292,3,289,292,262,22,7,1,292,108,87,73,14,10,0,292,227,36,1,13,15,292,288,4,0,0,0,0,292,292,0,0,292,284,8,0,0,0,292,23,263,4,2,0,0,342,329,0,12,0,0,1,0,342,342,"INDEC, Censo Nacional de Poblacion, Hogares y Viviendas 2022, procesado con Redatam 7",2026-09-06
067562904,radio,06,756,SAN ISIDRO,1055,567,488,1055,155,693,207,1055,34,41,80,87,71,35,40,42,65,94,96,79,84,62,54,41,23,14,11,1,0,1,1055,54,68,40,179,184,53,111,142,150,11,59,4,378,6,372,378,349,16,10,3,378,144,122,93,12,7,0,378,291,52,1,13,21,378,375,1,2,0,0,0,378,377,1,0,378,364,13,1,0,0,378,31,335,12,0,0,0,410,380,1,24,0,1,3,1,410,410,"INDEC, Censo Nacional de Poblacion, Hogares y Viviendas 2022, procesado con Redatam 7",2026-09-06
067562905,radio,06,756,SAN ISIDRO,903,492,411,903,130,592,181,903,33,43,54,79,60,47,35,51,60,76,69,63,52,45,51,38,28,12,4,3,0,0,903,56,66,33,144,124,38,86,138,150,17,40,11,322,2,320,322,288,23,8,3,322,136,89,77,11,9,0,322,258,33,1,16,14,322,321,0,0,0,0,1,322,321,0,1,321,317,1,2,1,1,322,32,279,10,0,1,0,336,327,0,8,0,0,1,0,336,336,"INDEC, Censo Nacional de Poblacion, Hogares y Viviendas 2022, procesado con Redatam 7",2026-09-06
067562906,radio,06,756,SAN ISIDRO,861,435,426,861,129,527,205,861,28,46,55,59,50,39,27,48,67,70,65,53,49,53,41,54,25,20,8,4,0,0,861,42,58,48,118,138,37,103,109,133,14,53,8,329,2,327,329,300,16,12,1,329,139,87,90,5,7,1,329,260,48,1,12,8,329,324,2,2,0,0,1,329,329,0,0,329,326,2,1,0,0,329,29,297,1,2,0,0,364,355,0,8,0,1,0,0,364,364,"INDEC, Censo Nacional de Poblacion, Hogares y Viviendas 2022, procesado con Redatam 7",2026-09-06
067562907,radio,06,756,SAN ISIDRO,652,347,305,652,94,396,162,652,27,28,39,41,36,26,29,41,56,48,35,47,37,44,42,29,22,18,6,0,0,1,652,44,45,31,99,138,25,67,90,80,8,22,3,248,1,247,248,228,12,7,1,248,101,73,52,13,9,0,248,183,36,0,11,18,248,244,3,1,0,0,0,248,248,0,0,248,242,4,2,0,0,248,22,213,11,2,0,0,296,285,1,10,0,0,0,0,296,296,"INDEC, Censo Nacional de Poblacion, Hogares y Viviendas 2022, procesado con Redatam 7",2026-09-06
067562908,radio,06,756,SAN ISIDRO,823,425,398,823,125,524,174,823,26,56,43,50,56,45,38,41,70,63,67,36,58,48,35,43,22,15,10,0,0,1,823,46,67,28,103,150,36,94,115,125,14,43,2,315,3,312,315,287,15,10,3,315,131,93,74,5,9,3,315,239,33,0,18,25,315,314,1,0,0,0,0,315,312,0,3,312,308,4,0,0,3,315,22,283,10,0,0,0,349,331,3,15,0,0,0,0,349,349,"INDEC, Censo Nacional de Poblacion, Hogares y Viviendas 2022, procesado con Redatam 7",2026-09-06
067563001,radio,06,756,SAN ISIDRO,623,371,252,623,69,400,154,623,22,27,20,24,23,51,67,49,51,46,26,25,38,39,21,31,22,26,13,2,0,0,623,34,40,39,59,108,27,58,97,105,19,32,5,355,3,352,355,331,18,3,3,355,173,62,98,10,11,1,355,177,145,3,16,14,355,353,1,1,0,0,0,355,353,2,0,355,350,3,2,0,0,355,76,266,13,0,0,0,434,59,0,372,0,1,2,0,434,434,"INDEC, Censo Nacional de Poblacion, Hogares y Viviendas 2022, procesado con Redatam 7",2026-09-06
067563002,radio,06,756,SAN ISIDRO,619,363,256,619,107,395,117,619,30,40,37,25,25,50,67,47,52,36,24,38,31,35,26,17,22,9,7,1,0,0,619,45,64,35,87,107,20,59,76,93,7,23,3,312,2,310,312,276,25,4,7,312,140,37,100,17,16,2,312,162,126,2,12,10,312,293,17,1,1,0,0,312,309,3,0,312,263,21,28,0,0,312,25,263,22,2,0,0,396,77,0,319,0,0,0,0,396,396,"INDEC, Censo Nacional de Poblacion, Hogares y Viviendas 2022, procesado con Redatam 7",2026-09-06
067563003,radio,06,756,SAN ISIDRO,305,163,142,305,53,210,42,305,22,17,14,7,13,30,47,31,27,18,18,9,10,15,12,4,5,4,2,0,0,0,305,24,26,7,18,33,17,31,44,82,6,16,1,162,0,162,162,156,4,1,1,162,69,28,57,6,2,0,162,75,74,0,12,1,162,160,2,0,0,0,0,162,162,0,0,162,160,1,1,0,0,162,17,142,3,0,0,0,178,29,0,149,0,0,0,0,178,178,"INDEC, Censo Nacional de Poblacion, Hogares y Viviendas 2022, procesado con Redatam 7",2026-09-06
067563004,radio,06,756,SAN ISIDRO,508,275,233,508,61,377,70,508,17,21,23,17,14,40,96,55,53,35,30,19,18,22,16,13,9,8,2,0,0,0,508,25,26,7,37,61,18,59,77,132,19,46,1,290,2,288,290,286,4,0,0,290,136,55,92,4,3,0,290,104,171,0,10,5,290,289,1,0,0,0,0,290,290,0,0,290,289,1,0,0,0,290,32,256,2,0,0,0,355,44,0,310,0,0,1,0,355,355,"INDEC, Censo Nacional de Poblacion, Hogares y Viviendas 2022, procesado con Redatam 7",2026-09-06
067563005,radio,06,756,SAN ISIDRO,494,279,215,494,68,363,63,494,29,18,21,15,17,46,55,72,47,35,18,23,35,13,8,19,15,4,2,2,0,0,494,39,19,9,35,74,30,61,78,102,12,30,5,265,1,264,265,253,10,2,0,265,120,54,81,7,3,0,265,107,135,2,14,7,265,262,1,2,0,0,0,265,265,0,0,265,265,0,0,0,0,265,12,253,0,0,0,0,311,47,0,263,0,0,1,0,311,311,"INDEC, Censo Nacional de Poblacion, Hogares y Viviendas 2022, procesado con Redatam 7",2026-09-06
067563006,radio,06,756,SAN ISIDRO,450,234,216,450,66,315,69,450,27,17,22,13,23,38,44,48,32,40,26,21,30,19,15,15,12,4,3,1,0,0,450,37,20,15,38,56,15,54,71,106,11,25,2,228,2,226,228,208,17,3,0,228,104,43,72,5,4,0,228,108,99,1,8,12,228,224,0,3,1,0,0,228,228,0,0,228,227,1,0,0,0,228,14,212,0,0,0,2,269,44,0,224,0,0,0,1,269,269,"INDEC, Censo Nacional de Poblacion, Hogares y Viviendas 2022, procesado con Redatam 7",2026-09-06
067563007,radio,06,756,SAN ISIDRO,346,174,172,346,46,239,61,346,18,17,11,12,18,31,50,32,27,23,15,15,16,12,18,9,16,2,4,0,0,0,346,30,20,15,39,39,22,38,50,57,18,15,3,183,2,181,183,169,10,3,1,183,81,29,62,8,3,0,183,78,80,1,17,7,183,181,2,0,0,0,0,183,183,0,0,183,182,1,0,0,0,183,15,163,4,0,0,1,231,42,0,187,0,0,0,2,231,231,"INDEC, Censo Nacional de Poblacion, Hogares y Viviendas 2022, procesado con Redatam 7",2026-09-06
067563008,radio,06,756,SAN ISIDRO,544,287,257,544,79,370,95,544,18,26,35,35,39,38,46,37,30,44,39,33,29,25,26,23,6,8,7,0,0,0,544,28,33,7,60,73,22,53,97,107,15,42,7,243,5,238,243,225,17,1,0,243,126,54,53,5,3,2,243,140,81,1,8,13,243,239,1,3,0,0,0,243,243,0,0,243,242,0,0,1,0,243,36,202,5,0,0,0,311,148,0,161,0,0,2,0,311,311,"INDEC, Censo Nacional de Poblacion, Hogares y Viviendas 2022, procesado con Redatam 7",2026-09-06
067563009,radio,06,756,SAN ISIDRO,759,400,359,759,129,461,169,759,29,43,57,61,46,41,17,29,49,68,58,39,53,44,33,35,21,18,10,8,0,0,759,37,65,17,95,86,30,78,101,151,19,76,4,266,1,265,266,241,24,1,0,266,121,92,44,5,3,1,266,228,24,0,7,7,266,266,0,0,0,0,0,266,266,0,0,266,265,0,1,0,0,266,33,231,1,1,0,0,299,289,0,10,0,0,0,0,299,299,"INDEC, Censo Nacional de Poblacion, Hogares y Viviendas 2022, procesado con Redatam 7",2026-09-06
067563101,radio,06,756,SAN ISIDRO,643,354,289,643,97,438,108,643,35,24,38,30,28,46,61,54,69,43,29,38,40,24,27,21,20,11,5,0,0,0,643,43,41,25,74,86,29,86,97,115,10,34,3,322,7,315,322,302,17,3,0,322,150,61,87,10,12,2,322,152,140,1,19,10,322,319,2,1,0,0,0,322,320,2,0,321,319,2,0,0,1,322,57,250,14,1,0,0,383,80,0,299,1,0,2,1,383,383,"INDEC, Censo Nacional de Poblacion, Hogares y Viviendas 2022, procesado con Redatam 7",2026-09-06
067563102,radio,06,756,SAN ISIDRO,667,358,309,667,119,416,132,667,42,38,39,39,37,53,49,54,54,45,37,22,26,39,33,32,17,6,5,0,0,0,667,66,59,33,94,98,32,69,85,96,6,26,3,275,6,269,275,230,27,12,6,275,98,43,97,10,21,6,275,164,84,0,11,16,275,271,0,4,0,0,0,275,271,2,2,275,260,4,9,2,0,275,46,209,19,1,0,0,291,185,0,106,0,0,0,0,291,291,"INDEC, Censo Nacional de Poblacion, Hogares y Viviendas 2022, procesado con Redatam 7",2026-09-06
067563103,radio,06,756,SAN ISIDRO,1603,809,794,1603,332,1087,184,1603,96,117,119,119,149,113,120,112,108,97,101,88,80,61,44,42,22,11,3,1,0,0,1603,145,202,187,379,352,55,88,91,51,21,16,16,484,16,468,484,365,85,17,17,484,101,92,176,45,63,7,484,381,45,0,15,43,484,482,2,0,0,0,0,484,481,2,1,482,472,6,4,0,2,484,26,406,49,3,0,0,495,408,0,84,0,1,2,0,495,495,"INDEC, Censo Nacional de Poblacion, Hogares y Viviendas 2022, procesado con Redatam 7",2026-09-06
067563104,radio,06,756,SAN ISIDRO,622,320,302,622,136,414,72,622,71,35,30,25,21,44,72,87,65,30,26,23,21,17,21,15,14,2,3,0,0,0,622,82,47,12,50,47,22,65,69,142,18,64,4,274,1,273,274,253,14,5,2,274,112,60,80,11,11,0,274,117,129,1,17,10,274,270,2,2,0,0,0,274,273,1,0,274,271,2,1,0,0,274,35,236,3,0,0,0,311,52,0,259,0,0,0,0,311,311,"INDEC, Censo Nacional de Poblacion, Hogares y Viviendas 2022, procesado con Redatam 7",2026-09-06
067563105,radio,06,756,SAN ISIDRO,657,335,322,657,98,438,121,657,17,38,43,45,52,29,35,46,48,50,54,38,41,32,40,24,17,6,1,1,0,0,657,23,63,65,127,125,35,75,73,47,5,13,6,257,7,250,257,221,27,7,2,257,89,48,85,15,19,1,257,173,57,0,15,12,257,254,2,0,0,0,1,257,257,0,0,257,244,10,3,0,0,257,10,223,23,1,0,0,265,228,0,34,0,1,1,1,265,265,"INDEC, Censo Nacional de Poblacion, Hogares y Viviendas 2022, procesado con Redatam 7",2026-09-06
067563106,radio,06,756,SAN ISIDRO,972,504,468,972,166,647,159,972,48,63,55,61,64,66,73,69,91,45,54,66,58,51,42,24,21,11,8,2,0,0,972,75,98,79,173,204,47,82,107,64,13,20,10,404,6,398,404,341,34,23,6,404,166,69,116,23,26,4,404,261,83,1,21,38,404,399,2,1,1,0,1,404,398,5,1,404,389,8,7,0,0,404,40,308,55,1,0,0,428,339,0,88,0,0,1,0,428,428,"INDEC, Censo Nacional de Poblacion, Hogares y Viviendas 2022, procesado con Redatam 7",2026-09-06
067563107,radio,06,756,SAN ISIDRO,1078,600,478,1078,172,729,177,1078,48,68,56,73,68,68,75,74,93,81,65,70,62,47,40,35,32,17,6,0,0,0,1078,80,100,93,202,263,50,89,99,67,7,16,12,419,15,404,419,353,43,18,5,419,151,68,138,26,33,3,419,256,114,4,20,25,419,411,6,1,1,0,0,419,417,2,0,417,383,23,10,1,2,419,40,331,47,1,0,0,454,349,0,74,0,25,4,2,454,454,"INDEC, Censo Nacional de Poblacion, Hogares y Viviendas 2022, procesado con Redatam 7",2026-09-06
067563108,radio,06,756,SAN ISIDRO,1095,556,539,1095,277,707,111,1095,69,110,98,102,93,77,80,88,77,62,50,44,34,36,36,18,12,6,3,0,0,0,1095,129,209,132,331,187,24,19,34,8,11,3,8,307,19,288,307,193,73,22,19,307,68,49,112,30,39,9,307,273,11,0,7,16,307,284,7,14,0,1,1,307,302,4,1,306,293,8,3,2,1,307,15,144,147,1,0,0,314,161,2,147,0,2,1,1,314,314,"INDEC, Censo Nacional de Poblacion, Hogares y Viviendas 2022, procesado con Redatam 7",2026-09-06
067563109,radio,06,756,SAN ISIDRO,1070,551,519,1070,292,720,58,1070,84,93,115,105,126,103,59,71,88,61,50,28,29,29,13,6,7,0,2,1,0,0,1070,126,190,160,329,189,24,13,23,2,1,0,13,256,15,241,256,132,70,31,23,256,24,33,91,43,55,10,256,227,4,1,7,17,256,255,0,1,0,0,0,256,254,1,1,256,247,6,3,0,0,256,13,9,226,8,0,0,257,239,0,18,0,0,0,0,257,257,"INDEC, Censo Nacional de Poblacion, Hogares y Viviendas 2022, procesado con Redatam 7",2026-09-06
067563201,radio,06,756,SAN ISIDRO,1024,533,491,1024,194,657,173,1024,56,63,75,64,66,77,73,68,80,70,54,52,53,39,47,31,24,21,11,0,0,0,1024,83,120,109,240,215,46,66,76,42,6,8,13,371,12,359,371,288,58,13,12,371,121,78,114,26,25,7,371,230,85,1,23,32,371,360,3,6,0,2,0,371,369,1,1,370,346,16,7,1,1,371,30,291,48,2,0,0,374,330,7,36,0,1,0,0,374,374,"INDEC, Censo Nacional de Poblacion, Hogares y Viviendas 2022, procesado con Redatam 7",2026-09-06
067563202,radio,06,756,SAN ISIDRO,623,336,287,623,190,394,39,623,56,66,68,54,60,63,46,43,31,30,27,22,18,13,13,8,5,0,0,0,0,0,623,96,130,66,209,96,6,3,9,3,1,0,4,183,24,159,183,76,36,33,38,183,32,20,50,20,51,10,183,167,8,0,1,7,183,169,11,2,1,0,0,183,170,3,10,175,146,12,16,1,8,183,10,3,169,0,1,0,183,135,2,40,0,4,2,0,183,183,"INDEC, Censo Nacional de Poblacion, Hogares y Viviendas 2022, procesado con Redatam 7",2026-09-06
067563203,radio,06,756,SAN ISIDRO,1047,507,540,1047,261,731,55,1047,67,91,103,104,121,92,86,68,66,58,59,48,29,30,9,4,6,1,3,2,0,0,1047,114,185,136,307,190,38,24,30,11,2,1,9,343,37,306,343,187,54,63,39,343,59,41,104,44,80,15,343,257,57,0,7,22,343,311,21,4,4,2,1,343,330,11,2,341,302,9,27,3,2,343,9,7,324,3,0,0,356,291,1,49,0,3,11,1,356,356,"INDEC, Censo Nacional de Poblacion, Hogares y Viviendas 2022, procesado con Redatam 7",2026-09-06
067563204,radio,06,756,SAN ISIDRO,936,460,476,936,355,545,36,936,101,133,121,89,80,75,74,66,55,48,22,19,17,17,8,5,6,0,0,0,0,0,936,144,221,114,264,135,10,17,17,5,3,3,3,271,72,199,271,39,22,111,99,271,36,8,66,35,88,38,271,244,8,0,4,15,271,268,1,2,0,0,0,271,223,36,12,264,126,21,111,6,7,271,27,7,226,10,1,0,270,251,0,2,0,15,1,1,270,270,"INDEC, Censo Nacional de Poblacion, Hogares y Viviendas 2022, procesado con Redatam 7",2026-09-06
067563205,radio,06,756,SAN ISIDRO,567,288,279,567,208,346,13,567,57,81,70,58,45,58,48,50,25,20,20,11,11,6,3,1,0,2,0,1,0,0,567,82,143,64,179,71,8,7,5,2,1,0,5,169,26,143,169,24,16,59,70,169,25,10,43,30,49,12,169,159,2,1,5,2,169,147,3,13,0,6,0,169,140,16,13,162,65,33,60,4,7,169,6,11,149,1,2,0,181,161,5,5,1,9,0,0,181,181,"INDEC, Censo Nacional de Poblacion, Hogares y Viviendas 2022, procesado con Redatam 7",2026-09-06
067563206,radio,06,756,SAN ISIDRO,1176,601,575,1176,336,778,62,1176,93,122,121,122,137,113,88,61,73,85,40,35,24,25,19,12,2,3,1,0,0,0,1176,149,241,177,359,182,18,8,23,4,8,0,7,361,49,312,361,74,28,138,121,361,59,25,102,52,98,25,361,339,7,1,3,11,361,341,7,10,1,2,0,361,303,52,6,350,206,21,112,11,11,361,7,11,331,9,3,0,355,319,5,22,0,7,1,1,355,355,"INDEC, Censo Nacional de Poblacion, Hogares y Viviendas 2022, procesado con Redatam 7",2026-09-06
067563207,radio,06,756,SAN ISIDRO,1135,555,580,1135,348,724,63,1135,92,136,120,117,89,84,87,82,80,73,44,40,28,21,23,10,6,1,1,1,0,0,1135,153,253,164,353,166,12,7,18,4,0,2,3,338,43,295,338,56,26,153,103,338,40,29,101,59,85,24,338,313,7,0,8,10,338,325,0,9,0,3,1,338,283,42,13,332,71,25,219,17,6,338,9,2,319,7,1,0,345,329,3,1,1,9,1,1,345,345,"INDEC, Censo Nacional de Poblacion, Hogares y Viviendas 2022, procesado con Redatam 7",2026-09-06
067563208,radio,06,756,SAN ISIDRO,1097,564,533,1097,332,707,58,1097,96,112,124,109,110,98,87,86,48,56,47,40,26,15,26,10,3,3,1,0,0,0,1097,156,219,151,325,160,18,27,28,1,4,1,7,325,35,290,325,61,39,137,88,325,54,27,103,47,78,16,325,294,12,0,5,14,325,318,0,1,4,1,1,325,288,25,12,317,114,35,159,9,8,325,6,6,311,2,0,0,345,329,7,3,0,4,1,1,345,345,"INDEC, Censo Nacional de Poblacion, Hogares y Viviendas 2022, procesado con Redatam 7",2026-09-06
067563209,radio,06,756,SAN ISIDRO,1271,658,613,1271,420,784,67,1271,123,149,148,134,107,108,89,90,87,52,41,37,39,28,18,11,6,2,2,0,0,0,1271,169,341,142,408,158,13,12,10,4,7,1,6,373,48,325,373,61,28,148,136,373,47,28,127,56,92,23,373,352,9,1,7,4,373,361,1,3,1,6,1,373,316,39,18,365,77,24,252,12,8,373,10,4,349,10,0,0,385,360,10,2,1,10,2,0,385,385,"INDEC, Censo Nacional de Poblacion, Hogares y Viviendas 2022, procesado con Redatam 7",2026-09-06
067563210,radio,06,756,SAN ISIDRO,1237,653,584,1237,245,811,181,1237,69,77,99,104,119,87,71,65,71,69,73,67,85,63,41,32,22,15,6,1,0,1,1237,102,139,101,245,183,48,86,154,121,9,41,8,377,24,353,377,252,47,56,22,377,133,79,89,37,26,13,377,305,26,3,14,29,377,364,11,1,0,0,1,377,357,16,4,371,308,31,29,3,6,377,30,257,89,1,0,0,378,347,5,22,0,2,2,0,378,378,"INDEC, Censo Nacional de Poblacion, Hogares y Viviendas 2022, procesado con Redatam 7",2026-09-06
067563211,radio,06,756,SAN ISIDRO,897,465,432,897,267,591,39,897,69,99,99,100,82,80,72,60,63,60,34,24,16,16,11,8,1,1,2,0,0,0,897,117,176,117,251,151,14,16,35,9,3,3,5,256,44,212,256,74,40,74,68,256,38,24,84,43,45,22,256,229,6,0,4,17,256,248,4,3,0,1,0,256,229,16,11,251,170,12,66,3,5,256,13,20,216,7,0,0,254,217,7,16,2,6,2,4,254,254,"INDEC, Censo Nacional de Poblacion, Hogares y Viviendas 2022, procesado con Redatam 7",2026-09-06
067563301,radio,06,756,SAN ISIDRO,553,301,252,553,97,324,132,553,46,32,19,16,12,31,54,52,35,36,24,32,32,39,32,27,22,6,5,1,0,0,553,52,37,10,30,55,18,59,63,153,17,59,0,284,1,283,284,262,18,3,1,284,149,69,58,4,3,1,284,146,112,1,21,4,284,284,0,0,0,0,0,284,284,0,0,284,281,1,2,0,0,284,39,243,2,0,0,0,304,7,0,297,0,0,0,0,304,304,"INDEC, Censo Nacional de Poblacion, Hogares y Viviendas 2022, procesado con Redatam 7",2026-09-06
067563302,radio,06,756,SAN ISIDRO,653,363,290,653,120,392,141,653,62,37,21,17,24,27,54,74,41,48,42,26,39,29,42,30,17,15,6,2,0,0,653,72,37,5,43,61,22,69,70,170,13,85,6,347,0,347,347,330,9,7,1,347,190,65,87,4,1,0,347,157,153,1,24,12,347,347,0,0,0,0,0,347,347,0,0,347,345,2,0,0,0,347,41,306,0,0,0,0,388,38,0,350,0,0,0,0,388,388,"INDEC, Censo Nacional de Poblacion, Hogares y Viviendas 2022, procesado con Redatam 7",2026-09-06
067563303,radio,06,756,SAN ISIDRO,1012,530,482,1012,143,706,163,1012,38,53,52,87,83,58,64,76,70,67,82,41,78,51,47,32,15,16,2,0,0,0,1012,70,77,61,137,166,50,101,135,150,12,48,5,373,4,369,373,330,26,13,4,373,136,111,93,13,20,0,373,247,76,1,33,16,373,367,4,2,0,0,0,373,370,3,0,372,353,9,10,0,1,373,39,312,19,3,0,0,386,348,0,36,0,0,2,0,386,386,"INDEC, Censo Nacional de Poblacion, Hogares y Viviendas 2022, procesado con Redatam 7",2026-09-06
067563304,radio,06,756,SAN ISIDRO,790,429,361,790,119,547,124,790,26,38,55,82,73,46,32,29,33,58,67,55,72,22,41,31,17,8,3,2,0,0,790,41,61,24,110,60,24,70,121,187,20,68,4,255,1,254,255,226,26,2,1,255,135,70,39,5,6,0,255,203,37,0,7,8,255,248,7,0,0,0,0,255,254,1,0,255,242,10,2,1,0,255,33,210,10,1,1,0,270,255,0,15,0,0,0,0,270,270,"INDEC, Censo Nacional de Poblacion, Hogares y Viviendas 2022, procesado con Redatam 7",2026-09-06
067563305,radio,06,756,SAN ISIDRO,1095,565,530,1095,151,683,261,1095,33,47,71,91,101,50,31,45,42,67,84,89,83,70,47,76,39,18,8,3,0,0,1095,48,70,21,120,89,32,113,205,296,8,85,8,387,1,386,387,355,26,6,0,387,227,120,36,4,0,0,387,338,30,2,11,6,387,383,4,0,0,0,0,387,387,0,0,387,378,5,4,0,0,387,53,326,8,0,0,0,451,440,0,10,0,0,0,1,451,451,"INDEC, Censo Nacional de Poblacion, Hogares y Viviendas 2022, procesado con Redatam 7",2026-09-06
067563306,radio,06,756,SAN ISIDRO,950,503,447,950,155,591,204,950,26,58,71,74,71,51,33,40,44,64,62,74,78,73,46,45,22,8,9,0,1,0,950,41,74,23,103,75,31,91,145,268,17,76,6,326,1,325,326,297,26,3,0,326,192,85,41,6,2,0,326,278,26,2,6,14,326,314,8,1,2,0,1,326,325,1,0,326,317,8,1,0,0,326,45,277,4,0,0,0,346,345,0,1,0,0,0,0,346,346,"INDEC, Censo Nacional de Poblacion, Hogares y Viviendas 2022, procesado con Redatam 7",2026-09-06
067563307,radio,06,756,SAN ISIDRO,555,298,257,555,79,389,87,555,14,30,35,50,45,38,17,22,38,35,39,57,48,29,23,11,12,7,5,0,0,0,555,16,52,21,65,57,21,57,92,111,9,51,3,191,3,188,191,170,14,3,4,191,109,58,18,3,3,0,191,159,19,1,6,6,191,183,6,2,0,0,0,191,190,1,0,191,175,9,7,0,0,191,38,144,8,1,0,0,200,189,0,8,0,2,1,0,200,200,"INDEC, Censo Nacional de Poblacion, Hogares y Viviendas 2022, procesado con Redatam 7",2026-09-06
067563308,radio,06,756,SAN ISIDRO,854,465,389,854,129,530,195,854,41,38,50,59,57,47,40,52,63,63,47,51,51,63,49,35,28,11,8,1,0,0,854,53,53,32,105,125,28,84,125,155,16,68,10,323,2,321,323,302,15,6,0,323,164,90,51,11,7,0,323,250,45,2,11,15,323,316,5,2,0,0,0,323,322,1,0,323,313,8,2,0,0,323,64,255,3,1,0,0,392,321,0,70,0,0,1,0,392,392,"INDEC, Censo Nacional de Poblacion, Hogares y Viviendas 2022, procesado con Redatam 7",2026-09-06
067563401,radio,06,756,SAN ISIDRO,1104,593,511,1104,208,763,133,1104,58,76,74,91,85,96,81,66,83,84,72,57,48,47,28,25,17,8,7,1,0,0,1104,93,118,146,290,258,36,43,70,28,6,5,11,323,18,305,323,215,58,33,17,323,67,52,115,28,51,10,323,198,59,0,19,47,323,317,2,4,0,0,0,323,322,1,0,323,270,30,21,2,0,323,27,213,80,3,0,0,315,288,1,18,0,7,0,1,315,315,"INDEC, Censo Nacional de Poblacion, Hogares y Viviendas 2022, procesado con Redatam 7",2026-09-06
067563402,radio,06,756,SAN ISIDRO,919,472,447,919,180,602,137,919,58,63,59,67,66,72,35,57,75,58,51,60,61,54,25,26,21,8,2,1,0,0,919,95,85,53,149,138,44,69,97,116,14,50,9,286,29,257,286,222,39,20,5,286,89,70,72,27,23,5,286,204,62,5,8,7,286,275,6,4,1,0,0,286,278,7,1,286,260,7,19,0,0,286,30,206,23,8,16,3,290,247,0,27,5,0,2,9,290,290,"INDEC, Censo Nacional de Poblacion, Hogares y Viviendas 2022, procesado con Redatam 7",2026-09-06
067563403,radio,06,756,SAN ISIDRO,910,486,424,910,173,584,153,910,48,59,66,67,58,63,62,57,67,66,50,45,49,56,42,23,18,8,5,1,0,0,910,73,92,91,191,189,46,73,81,50,4,14,6,325,11,314,325,258,43,18,6,325,94,76,101,25,22,7,325,221,62,1,17,24,325,322,1,2,0,0,0,325,325,0,0,325,278,37,10,0,0,325,20,274,30,1,0,0,325,297,0,24,0,2,1,1,325,325,"INDEC, Censo Nacional de Poblacion, Hogares y Viviendas 2022, procesado con Redatam 7",2026-09-06
067563404,radio,06,756,SAN ISIDRO,959,516,443,959,181,639,139,959,54,62,65,81,78,66,55,72,74,77,46,37,53,32,49,25,18,10,2,3,0,0,959,101,102,87,200,212,42,54,103,42,5,2,9,310,18,292,310,229,41,23,17,310,92,53,98,28,35,4,310,193,65,0,16,36,310,304,1,1,1,2,1,310,310,0,0,308,272,22,14,0,2,310,20,256,31,3,0,0,312,282,0,21,3,1,5,0,312,312,"INDEC, Censo Nacional de Poblacion, Hogares y Viviendas 2022, procesado con Redatam 7",2026-09-06
067563405,radio,06,756,SAN ISIDRO,1128,607,521,1128,182,691,255,1128,33,74,75,74,57,59,55,89,89,81,56,63,68,78,58,58,27,23,7,4,0,0,1128,75,107,66,171,217,52,92,124,151,15,50,8,419,8,411,419,356,46,13,4,419,177,112,93,27,8,2,419,312,64,1,21,21,419,411,6,2,0,0,0,419,419,0,0,419,375,30,14,0,0,419,45,360,11,3,0,0,432,410,0,21,0,0,0,1,432,432,"INDEC, Censo Nacional de Poblacion, Hogares y Viviendas 2022, procesado con Redatam 7",2026-09-06
067563406,radio,06,756,SAN ISIDRO,623,330,293,623,104,391,128,623,32,32,40,43,32,22,33,37,62,46,35,40,41,45,33,27,12,7,3,1,0,0,623,49,53,44,99,97,30,55,75,84,9,24,4,237,1,236,237,211,20,3,3,237,95,54,71,11,6,0,237,168,35,1,11,22,237,233,0,3,0,0,1,237,236,1,0,237,231,4,2,0,0,237,23,211,3,0,0,0,237,229,0,7,0,1,0,0,237,237,"INDEC, Censo Nacional de Poblacion, Hogares y Viviendas 2022, procesado con Redatam 7",2026-09-06
067563407,radio,06,756,SAN ISIDRO,674,365,309,674,105,449,120,674,27,32,46,46,49,44,30,42,55,52,34,43,54,34,29,24,11,11,9,2,0,0,674,73,49,39,121,118,27,57,86,70,9,20,5,236,13,223,236,192,32,10,2,236,93,52,60,19,11,1,236,176,29,10,9,12,236,234,2,0,0,0,0,236,235,0,1,236,212,17,7,0,0,236,14,207,13,2,0,0,236,224,0,5,2,0,5,0,236,236,"INDEC, Censo Nacional de Poblacion, Hogares y Viviendas 2022, procesado con Redatam 7",2026-09-06
067563501,radio,06,756,SAN ISIDRO,1393,739,654,1393,267,919,207,1393,62,103,102,99,87,101,103,102,101,92,88,72,74,61,56,43,29,11,6,1,0,0,1393,130,171,175,307,301,58,76,92,47,12,10,14,453,17,436,453,333,85,21,14,453,92,72,173,50,60,6,453,308,70,0,35,40,453,451,1,1,0,0,0,453,449,4,0,451,363,67,21,0,2,453,29,336,88,0,0,0,451,413,0,35,0,2,1,0,451,451,"INDEC, Censo Nacional de Poblacion, Hogares y Viviendas 2022, procesado con Redatam 7",2026-09-06
067563502,radio,06,756,SAN ISIDRO,847,430,417,847,133,554,160,847,34,47,52,46,46,41,57,66,64,75,53,55,51,49,35,42,22,5,6,1,0,0,847,62,78,71,152,190,54,63,95,53,11,12,6,317,4,313,317,257,30,22,8,317,106,74,94,19,23,1,317,214,73,1,13,16,317,311,3,2,0,1,0,317,315,2,0,316,281,25,10,0,1,317,24,279,13,1,0,0,348,296,0,50,0,2,0,0,348,348,"INDEC, Censo Nacional de Poblacion, Hogares y Viviendas 2022, procesado con Redatam 7",2026-09-06
067563503,radio,06,756,SAN ISIDRO,765,417,348,765,110,475,180,765,22,50,38,36,48,47,49,61,52,44,58,39,41,46,54,38,18,14,10,0,0,0,765,43,70,61,110,169,47,72,98,72,11,4,8,322,8,314,322,297,18,5,2,322,118,82,88,15,18,1,322,200,91,0,10,21,322,316,3,3,0,0,0,322,322,0,0,322,279,37,6,0,0,322,30,284,7,1,0,0,359,295,1,59,0,0,4,0,359,359,"INDEC, Censo Nacional de Poblacion, Hogares y Viviendas 2022, procesado con Redatam 7",2026-09-06
067563504,radio,06,756,SAN ISIDRO,843,421,422,843,140,554,149,843,28,51,61,48,40,46,60,57,66,51,59,50,77,46,40,28,13,14,5,3,0,0,843,46,80,67,153,148,51,96,111,59,10,18,4,321,16,305,321,270,36,9,6,321,100,77,103,26,14,1,321,210,79,1,9,22,321,307,4,6,0,4,0,321,321,0,0,321,273,39,9,0,0,321,25,264,32,0,0,0,332,287,1,32,2,1,6,3,332,332,"INDEC, Censo Nacional de Poblacion, Hogares y Viviendas 2022, procesado con Redatam 7",2026-09-06
067563505,radio,06,756,SAN ISIDRO,1078,588,490,1078,175,703,200,1078,45,60,70,74,61,72,79,52,93,85,72,75,40,58,53,48,24,9,8,0,0,0,1078,81,112,114,219,214,56,88,103,57,9,13,12,400,13,387,400,337,46,14,3,400,117,75,135,29,42,2,400,258,80,0,25,37,400,391,6,3,0,0,0,400,398,2,0,400,347,39,14,0,0,400,23,346,28,2,0,1,409,339,0,60,3,1,2,4,409,409,"INDEC, Censo Nacional de Poblacion, Hogares y Viviendas 2022, procesado con Redatam 7",2026-09-06
067563506,radio,06,756,SAN ISIDRO,1075,570,505,1075,181,710,184,1075,33,73,75,87,57,71,50,67,93,105,79,53,48,53,51,31,28,10,9,2,0,0,1075,68,124,103,259,244,47,82,88,42,8,5,5,386,10,376,386,305,55,20,6,386,98,69,131,40,48,0,386,241,72,0,31,42,386,380,2,4,0,0,0,386,384,2,0,386,322,49,15,0,0,386,36,318,32,0,0,0,411,349,1,54,1,1,3,2,411,411,"INDEC, Censo Nacional de Poblacion, Hogares y Viviendas 2022, procesado con Redatam 7",2026-09-06
067563507,radio,06,756,SAN ISIDRO,779,413,366,779,129,511,139,779,25,41,63,60,45,54,42,47,58,63,53,48,41,27,40,29,26,12,5,0,0,0,779,50,72,71,176,158,36,74,88,25,7,16,6,297,14,283,297,260,27,6,4,297,104,51,101,16,18,7,297,170,85,2,16,24,297,290,1,3,0,0,3,297,297,0,0,297,273,17,6,1,0,297,34,238,18,2,0,5,325,258,0,61,0,5,0,1,325,325,"INDEC, Censo Nacional de Poblacion, Hogares y Viviendas 2022, procesado con Redatam 7",2026-09-06
067563508,radio,06,756,SAN ISIDRO,1166,612,554,1166,175,809,182,1166,44,51,80,86,82,71,71,82,79,90,88,83,77,55,51,32,23,15,6,0,0,0,1166,82,86,91,247,258,67,105,130,68,3,19,10,428,4,424,428,365,47,8,8,428,133,98,150,21,25,1,428,297,71,2,29,29,428,423,2,3,0,0,0,428,427,1,0,428,381,37,10,0,0,428,26,376,24,2,0,0,461,428,0,30,0,2,1,0,461,461,"INDEC, Censo Nacional de Poblacion, Hogares y Viviendas 2022, procesado con Redatam 7",2026-09-06
067563509,radio,06,756,SAN ISIDRO,648,331,317,648,90,438,120,648,27,29,34,46,55,32,37,37,49,55,44,49,34,24,40,19,21,10,5,1,0,0,648,40,53,77,158,162,29,43,47,21,4,9,5,255,6,249,255,202,33,14,6,255,78,61,78,22,14,2,255,156,70,3,18,8,255,252,1,2,0,0,0,255,255,0,0,254,221,25,8,0,1,255,23,211,19,2,0,0,289,238,0,49,0,0,2,0,289,289,"INDEC, Censo Nacional de Poblacion, Hogares y Viviendas 2022, procesado con Redatam 7",2026-09-06
067563510,radio,06,756,SAN ISIDRO,524,269,255,524,85,327,112,524,27,29,29,22,34,38,36,45,32,38,25,27,30,39,20,24,14,11,2,2,0,0,524,39,37,49,92,105,24,47,72,36,4,9,10,213,7,206,213,188,21,3,1,213,72,40,73,17,11,0,213,117,64,0,18,14,213,208,1,4,0,0,0,213,213,0,0,212,182,18,12,0,1,213,21,187,4,0,0,1,245,169,0,71,0,2,3,0,245,245,"INDEC, Censo Nacional de Poblacion, Hogares y Viviendas 2022, procesado con Redatam 7",2026-09-06
