{
"type": "FeatureCollection",
"name": "radios_censales_sanisidro",
"crs": { "type": "name", "properties": { "name": "urn:ogc:def:crs:OGC:1.3:CRS84" } },
"features": [
{ "type": "Feature", "properties": { "radio_id": "067560101", "prov": "06", "depto": "756", "partido": "SAN ISIDRO", "fraccion": "01", "radio": "01", "tipo_radio": "U", "area_fuente": 999890.982, "perimetro_fuente": 4497.611 }, "geometry": { "type": "Polygon", "coordinates": [ [ [ -58.516763096116158, -34.446969881563518 ], [ -58.515200282822633, -34.447158221040795 ], [ -58.513764390400212, -34.447140771879056 ], [ -58.51288697001204, -34.447253684949189 ], [ -58.511061895333228, -34.447570239529256 ], [ -58.510240384779799, -34.447621509207522 ], [ -58.509862637808396, -34.447670280566847 ], [ -58.508040397022455, -34.448008454047063 ], [ -58.505609239046436, -34.449226417965505 ], [ -58.505115249599697, -34.449519969849362 ], [ -58.505376748556884, -34.449949341945121 ], [ -58.505697861066146, -34.450403765282658 ], [ -58.506258927130354, -34.451280427289269 ], [ -58.506285160460386, -34.451334829078498 ], [ -58.506416166055374, -34.451615849508592 ], [ -58.506832150540198, -34.452391587203557 ], [ -58.506848037438125, -34.453027234601073 ], [ -58.507007310555707, -34.453267813445038 ], [ -58.507449400842432, -34.454138902094002 ], [ -58.508203785065454, -34.455358210870124 ], [ -58.508365384797216, -34.455580881239669 ], [ -58.508465574930888, -34.455718933822439 ], [ -58.509488727882022, -34.45530298168471 ], [ -58.510683978769841, -34.454646732099206 ], [ -58.510802618374704, -34.454581592787903 ], [ -58.512814813187397, -34.453243219775352 ], [ -58.512748037981481, -34.453184926150087 ], [ -58.513005567715574, -34.453025757848344 ], [ -58.513056324941545, -34.45308257836043 ], [ -58.513142064909403, -34.453178561897438 ], [ -58.51417617527094, -34.452426997849308 ], [ -58.51509903961977, -34.452848327753777 ], [ -58.515307524476782, -34.452964107364949 ], [ -58.515513881811295, -34.453078705251365 ], [ -58.515783697739018, -34.453203664671491 ], [ -58.516073682048734, -34.453314080725498 ], [ -58.51659797375973, -34.453600889409429 ], [ -58.517175983195074, -34.453847003303594 ], [ -58.517488442511329, -34.454022049938594 ], [ -58.517677963208669, -34.454127182203599 ], [ -58.517714748943547, -34.454146477437291 ], [ -58.517963131268232, -34.454253145092316 ], [ -58.518108179387212, -34.454293541168042 ], [ -58.518233830407127, -34.454328535364766 ], [ -58.518255429046107, -34.454337810744299 ], [ -58.518320304591754, -34.454361131050668 ], [ -58.518508535836652, -34.454485094650245 ], [ -58.518738576960516, -34.454697031234922 ], [ -58.518776212376878, -34.454731704553829 ], [ -58.518966940677437, -34.455022448397095 ], [ -58.519105315136571, -34.454888922609207 ], [ -58.520703236754208, -34.453439065320531 ], [ -58.521555994006533, -34.452593096550743 ], [ -58.522467137791189, -34.451507728546126 ], [ -58.523592424722523, -34.45037963319848 ], [ -58.520607874312631, -34.448873772747504 ], [ -58.519725347969747, -34.448432871763728 ], [ -58.518235437452589, -34.447696962881217 ], [ -58.516763096116158, -34.446969881563518 ] ] ] } },
{ "type": "Feature", "properties": { "radio_id": "067560102", "prov": "06", "depto": "756", "partido": "SAN ISIDRO", "fraccion": "01", "radio": "02", "tipo_radio": "U", "area_fuente": 230494.053, "perimetro_fuente": 2116.033 }, "geometry": { "type": "Polygon", "coordinates": [ [ [ -58.51417617527094, -34.452426997849308 ], [ -58.513142064909403, -34.453178561897438 ], [ -58.513056324941545, -34.45308257836043 ], [ -58.513005567715574, -34.453025757848344 ], [ -58.512748037981481, -34.453184926150087 ], [ -58.512814813187397, -34.453243219775352 ], [ -58.510802618374704, -34.454581592787903 ], [ -58.510683978769841, -34.454646732099206 ], [ -58.510759473084164, -34.454746865750579 ], [ -58.510863630842174, -34.454866870988994 ], [ -58.51124359593225, -34.454660433982767 ], [ -58.511762344547996, -34.455088169295266 ], [ -58.511914169635773, -34.455117058394293 ], [ -58.512011760816044, -34.455136273553478 ], [ -58.512109352043794, -34.45515548863581 ], [ -58.512217662462113, -34.455183847654695 ], [ -58.512309654445545, -34.455212007964128 ], [ -58.512401645405127, -34.455240168192518 ], [ -58.512482838416581, -34.455263690173744 ], [ -58.51258003036132, -34.455305433874329 ], [ -58.512682661934427, -34.455347242787916 ], [ -58.512801452347922, -34.455398262667551 ], [ -58.512941680337896, -34.455467570327635 ], [ -58.513076230471043, -34.455550329068949 ], [ -58.513215900896164, -34.455651177028656 ], [ -58.513334132978684, -34.455733736999193 ], [ -58.513441245518443, -34.455829681932364 ], [ -58.51349974681446, -34.455845676774835 ], [ -58.513705387786352, -34.455968096376459 ], [ -58.513798403432375, -34.456081579389888 ], [ -58.513360715626064, -34.456689493761196 ], [ -58.513441431107857, -34.456740049933259 ], [ -58.513635020907181, -34.456868592913992 ], [ -58.513677898973434, -34.456905168489953 ], [ -58.513747655763567, -34.456960097971681 ], [ -58.513812131631781, -34.457005949662928 ], [ -58.513882048285723, -34.457051867473552 ], [ -58.513946605229179, -34.457093213311076 ], [ -58.514000442650939, -34.457125415251085 ], [ -58.514065079546697, -34.457162255229228 ], [ -58.514124356696058, -34.457194523247168 ], [ -58.514232351161269, -34.45724090375527 ], [ -58.514313307194641, -34.457277941074217 ], [ -58.514372743076649, -34.457301197362838 ], [ -58.514432180080391, -34.457324453636559 ], [ -58.514502496413328, -34.457347842105555 ], [ -58.514572812786781, -34.457371230534982 ], [ -58.514643209006664, -34.457390113124546 ], [ -58.514735204266387, -34.457418271682052 ], [ -58.514805680362784, -34.457432648379296 ], [ -58.514865355881, -34.45744238703206 ], [ -58.514925112292993, -34.457447619868375 ], [ -58.514990467944145, -34.457443907163771 ], [ -58.515039265271326, -34.457453513565255 ], [ -58.515136540842612, -34.457490749515614 ], [ -58.515652685890885, -34.457839532466529 ], [ -58.515834198285319, -34.457954318507284 ], [ -58.516044660894636, -34.457826265914875 ], [ -58.517295536548829, -34.456624619798234 ], [ -58.517395201899809, -34.456526680663735 ], [ -58.517506064820616, -34.456410849264785 ], [ -58.518966940677437, -34.455022448397095 ], [ -58.518776212376878, -34.454731704553829 ], [ -58.518738576960516, -34.454697031234922 ], [ -58.518508535836652, -34.454485094650245 ], [ -58.518320304591754, -34.454361131050668 ], [ -58.518255429046107, -34.454337810744299 ], [ -58.518233830407127, -34.454328535364766 ], [ -58.518108179387212, -34.454293541168042 ], [ -58.517963131268232, -34.454253145092316 ], [ -58.517714748943547, -34.454146477437291 ], [ -58.517677963208669, -34.454127182203599 ], [ -58.517488442511329, -34.454022049938594 ], [ -58.517175983195074, -34.453847003303594 ], [ -58.51659797375973, -34.453600889409429 ], [ -58.516073682048734, -34.453314080725498 ], [ -58.515783697739018, -34.453203664671491 ], [ -58.515513881811295, -34.453078705251365 ], [ -58.515307524476782, -34.452964107364949 ], [ -58.51509903961977, -34.452848327753777 ], [ -58.51417617527094, -34.452426997849308 ] ] ] } },
{ "type": "Feature", "properties": { "radio_id": "067560103", "prov": "06", "depto": "756", "partido": "SAN ISIDRO", "fraccion": "01", "radio": "03", "tipo_radio": "U", "area_fuente": 360460.367, "perimetro_fuente": 2931.246 }, "geometry": { "type": "Polygon", "coordinates": [ [ [ -58.506661464299867, -34.455255800260211 ], [ -58.506286069454212, -34.45647705068874 ], [ -58.50612961548093, -34.457322604062789 ], [ -58.506367322322141, -34.457370929191569 ], [ -58.506552398013106, -34.457408696807775 ], [ -58.507037872935932, -34.457644471805608 ], [ -58.509397048999162, -34.458989239599191 ], [ -58.509526401515878, -34.459058418551848 ], [ -58.509634155405138, -34.459118320472456 ], [ -58.510426113099548, -34.459560623456589 ], [ -58.511175041850862, -34.459975356655463 ], [ -58.511293436685655, -34.460048907053974 ], [ -58.511444311766468, -34.4601318664564 ], [ -58.513286833321843, -34.461163806825795 ], [ -58.51337198436363, -34.461210485319661 ], [ -58.513587321554887, -34.460954232093322 ], [ -58.513865485041919, -34.460619387245202 ], [ -58.514136583120255, -34.460231400347887 ], [ -58.514883353777535, -34.459205897386916 ], [ -58.515032020491347, -34.458949058425809 ], [ -58.515834198285319, -34.457954318507284 ], [ -58.515652685890885, -34.457839532466529 ], [ -58.515136540842612, -34.457490749515614 ], [ -58.515039265271326, -34.457453513565255 ], [ -58.514990467944145, -34.457443907163771 ], [ -58.514925112292993, -34.457447619868375 ], [ -58.514865355881, -34.45744238703206 ], [ -58.514805680362784, -34.457432648379296 ], [ -58.514735204266387, -34.457418271682052 ], [ -58.514643209006664, -34.457390113124546 ], [ -58.514572812786781, -34.457371230534982 ], [ -58.514502496413328, -34.457347842105555 ], [ -58.514432180080391, -34.457324453636559 ], [ -58.514372743076649, -34.457301197362838 ], [ -58.514313307194641, -34.457277941074217 ], [ -58.514232351161269, -34.45724090375527 ], [ -58.514124356696058, -34.457194523247168 ], [ -58.514065079546697, -34.457162255229228 ], [ -58.514000442650939, -34.457125415251085 ], [ -58.513946605229179, -34.457093213311076 ], [ -58.513882048285723, -34.457051867473552 ], [ -58.513812131631781, -34.457005949662928 ], [ -58.513747655763567, -34.456960097971681 ], [ -58.513677898973434, -34.456905168489953 ], [ -58.513635020907181, -34.456868592913992 ], [ -58.513441431107857, -34.456740049933259 ], [ -58.513360715626064, -34.456689493761196 ], [ -58.513798403432375, -34.456081579389888 ], [ -58.513705387786352, -34.455968096376459 ], [ -58.51349974681446, -34.455845676774835 ], [ -58.513441245518443, -34.455829681932364 ], [ -58.513334132978684, -34.455733736999193 ], [ -58.513215900896164, -34.455651177028656 ], [ -58.513076230471043, -34.455550329068949 ], [ -58.512941680337896, -34.455467570327635 ], [ -58.512801452347922, -34.455398262667551 ], [ -58.512682661934427, -34.455347242787916 ], [ -58.51258003036132, -34.455305433874329 ], [ -58.512482838416581, -34.455263690173744 ], [ -58.512401645405127, -34.455240168192518 ], [ -58.512309654445545, -34.455212007964128 ], [ -58.512217662462113, -34.455183847654695 ], [ -58.512109352043794, -34.45515548863581 ], [ -58.512011760816044, -34.455136273553478 ], [ -58.511914169635773, -34.455117058394293 ], [ -58.511762344547996, -34.455088169295266 ], [ -58.51124359593225, -34.454660433982767 ], [ -58.510863630842174, -34.454866870988994 ], [ -58.510759473084164, -34.454746865750579 ], [ -58.510683978769841, -34.454646732099206 ], [ -58.509488727882022, -34.45530298168471 ], [ -58.508465574930888, -34.455718933822439 ], [ -58.508365384797216, -34.455580881239669 ], [ -58.508203785065454, -34.455358210870124 ], [ -58.507449400842432, -34.454138902094002 ], [ -58.507007310555707, -34.453267813445038 ], [ -58.506918368711489, -34.454271958707743 ], [ -58.506661464299867, -34.455255800260211 ] ] ] } },
{ "type": "Feature", "properties": { "radio_id": "067560104", "prov": "06", "depto": "756", "partido": "SAN ISIDRO", "fraccion": "01", "radio": "04", "tipo_radio": "U", "area_fuente": 583841.857, "perimetro_fuente": 3896.963 }, "geometry": { "type": "Polygon", "coordinates": [ [ [ -58.515562840821595, -34.462300134519808 ], [ -58.517083522290442, -34.463075730148809 ], [ -58.517194235262131, -34.462968910990732 ], [ -58.517305107292749, -34.462853081020945 ], [ -58.517383020305751, -34.462754877298011 ], [ -58.518073825887079, -34.461843876320323 ], [ -58.518107261906437, -34.461799214034954 ], [ -58.518687184171313, -34.461004040800098 ], [ -58.518765252988167, -34.460896824468627 ], [ -58.518832201977844, -34.460802993637657 ], [ -58.519267254386094, -34.46019985281329 ], [ -58.519389954213885, -34.460030081943081 ], [ -58.519490256717305, -34.459896094714566 ], [ -58.519914022326837, -34.459315347616801 ], [ -58.519980890288203, -34.459226021890139 ], [ -58.5207154734059, -34.458297507689629 ], [ -58.520859448333148, -34.458155034250709 ], [ -58.520970308824076, -34.458039199670772 ], [ -58.521667625589721, -34.45737162130569 ], [ -58.521734331241348, -34.457291306133499 ], [ -58.521856068675717, -34.457175602251787 ], [ -58.522276626911399, -34.456775078565698 ], [ -58.522376604351585, -34.45665911105781 ], [ -58.522476581496377, -34.456543144359998 ], [ -58.522565361651687, -34.456445068436921 ], [ -58.523184276809125, -34.455902722069347 ], [ -58.523327926062933, -34.455778267829309 ], [ -58.523714882278121, -34.455431414298921 ], [ -58.523858371308727, -34.455315971927249 ], [ -58.524212051820932, -34.455004768203679 ], [ -58.524333465362751, -34.454907085826996 ], [ -58.524983726709337, -34.454437216808266 ], [ -58.525126895377298, -34.454339795234397 ], [ -58.52523711105578, -34.454260003025212 ], [ -58.525612222976093, -34.453967081662782 ], [ -58.526086666317163, -34.453594234838526 ], [ -58.526229991708078, -34.453487800248972 ], [ -58.526373632304178, -34.453363342158411 ], [ -58.526605412234687, -34.453176852300778 ], [ -58.526992025269415, -34.452848010894172 ], [ -58.527571266384847, -34.45231940097284 ], [ -58.526399012651247, -34.451748374147918 ], [ -58.525964913750528, -34.451536910697953 ], [ -58.525318605126124, -34.45122159495569 ], [ -58.524174206370049, -34.450663196572471 ], [ -58.52381830529368, -34.45048953517145 ], [ -58.523592424722523, -34.45037963319848 ], [ -58.522467137791189, -34.451507728546126 ], [ -58.521555994006533, -34.452593096550743 ], [ -58.520703236754208, -34.453439065320531 ], [ -58.519105315136571, -34.454888922609207 ], [ -58.518966940677437, -34.455022448397095 ], [ -58.517506064820616, -34.456410849264785 ], [ -58.517395201899809, -34.456526680663735 ], [ -58.517295536548829, -34.456624619798234 ], [ -58.516044660894636, -34.457826265914875 ], [ -58.515834198285319, -34.457954318507284 ], [ -58.515032020491347, -34.458949058425809 ], [ -58.514883353777535, -34.459205897386916 ], [ -58.514136583120255, -34.460231400347887 ], [ -58.513865485041919, -34.460619387245202 ], [ -58.513587321554887, -34.460954232093322 ], [ -58.51337198436363, -34.461210485319661 ], [ -58.513543859748154, -34.461312773848661 ], [ -58.513626110994856, -34.461361723463831 ], [ -58.513717710853896, -34.461412411850766 ], [ -58.513815148962699, -34.461440637329204 ], [ -58.514010027560872, -34.461497088084123 ], [ -58.515433398403246, -34.462235467532459 ], [ -58.515562840821595, -34.462300134519808 ] ] ] } },
{ "type": "Feature", "properties": { "radio_id": "067560105", "prov": "06", "depto": "756", "partido": "SAN ISIDRO", "fraccion": "01", "radio": "05", "tipo_radio": "U", "area_fuente": 155350.13, "perimetro_fuente": 1613.519 }, "geometry": { "type": "Polygon", "coordinates": [ [ [ -58.526068039555476, -34.455892463729796 ], [ -58.526618284720939, -34.456160490081288 ], [ -58.526931249023207, -34.456308479195826 ], [ -58.527751423599703, -34.456696929619071 ], [ -58.527913189108673, -34.456780000036979 ], [ -58.528075112020851, -34.456854058578713 ], [ -58.528806740082516, -34.456087702419666 ], [ -58.529130429380423, -34.456244827701447 ], [ -58.529197443165188, -34.45614648581217 ], [ -58.529677729276955, -34.455440193519735 ], [ -58.529766815922919, -34.455324089672182 ], [ -58.529866938303222, -34.45519910402016 ], [ -58.530716045197224, -34.454035291110443 ], [ -58.530075667518915, -34.453709923067684 ], [ -58.530048936157819, -34.453696299381008 ], [ -58.529805058292496, -34.453560034914069 ], [ -58.529524849153674, -34.453403468806549 ], [ -58.529192342754264, -34.453217943156538 ], [ -58.528872523412694, -34.453040584173579 ], [ -58.527571266384847, -34.45231940097284 ], [ -58.526992025269415, -34.452848010894172 ], [ -58.526605412234687, -34.453176852300778 ], [ -58.526373632304178, -34.453363342158411 ], [ -58.526229991708078, -34.453487800248972 ], [ -58.526086666317163, -34.453594234838526 ], [ -58.525612222976093, -34.453967081662782 ], [ -58.52523711105578, -34.454260003025212 ], [ -58.525126895377298, -34.454339795234397 ], [ -58.524983726709337, -34.454437216808266 ], [ -58.524333465362751, -34.454907085826996 ], [ -58.524212051820932, -34.455004768203679 ], [ -58.525690279862886, -34.455716650227814 ], [ -58.526068039555476, -34.455892463729796 ] ] ] } },
{ "type": "Feature", "properties": { "radio_id": "067560106", "prov": "06", "depto": "756", "partido": "SAN ISIDRO", "fraccion": "01", "radio": "06", "tipo_radio": "U", "area_fuente": 240978.652, "perimetro_fuente": 2146.464 }, "geometry": { "type": "Polygon", "coordinates": [ [ [ -58.528075112020851, -34.456854058578713 ], [ -58.527913189108673, -34.456780000036979 ], [ -58.527751423599703, -34.456696929619071 ], [ -58.526931249023207, -34.456308479195826 ], [ -58.526618284720939, -34.456160490081288 ], [ -58.526068039555476, -34.455892463729796 ], [ -58.525690279862886, -34.455716650227814 ], [ -58.524212051820932, -34.455004768203679 ], [ -58.523858371308727, -34.455315971927249 ], [ -58.523714882278121, -34.455431414298921 ], [ -58.523327926062933, -34.455778267829309 ], [ -58.523184276809125, -34.455902722069347 ], [ -58.522565361651687, -34.456445068436921 ], [ -58.522476581496377, -34.456543144359998 ], [ -58.522376604351585, -34.45665911105781 ], [ -58.522276626911399, -34.456775078565698 ], [ -58.521856068675717, -34.457175602251787 ], [ -58.521734331241348, -34.457291306133499 ], [ -58.522574502252482, -34.457779181974814 ], [ -58.522779464552968, -34.457880808379478 ], [ -58.523566519602284, -34.458295927126215 ], [ -58.523685559115968, -34.458333419226236 ], [ -58.5257364954495, -34.459277555275214 ], [ -58.525909143358085, -34.459360759618221 ], [ -58.526977516719214, -34.459869384803007 ], [ -58.527139602907404, -34.459934433032586 ], [ -58.527309766825631, -34.460007487775336 ], [ -58.527334013020599, -34.46001789763671 ], [ -58.527447300413563, -34.460073343920328 ], [ -58.527819485216185, -34.460258097693583 ], [ -58.52806766278826, -34.460378262992215 ], [ -58.528200116840992, -34.460271695400671 ], [ -58.528916942852, -34.459730500084589 ], [ -58.529027162329967, -34.459650704614518 ], [ -58.529357819494528, -34.45941131847065 ], [ -58.529555864166348, -34.459287511422254 ], [ -58.529643849204319, -34.459234488555509 ], [ -58.529962358521885, -34.459067062158162 ], [ -58.530127132009738, -34.458978909130359 ], [ -58.531338156262464, -34.458372440521806 ], [ -58.530692102641893, -34.458097868073168 ], [ -58.53053868490646, -34.458025091474148 ], [ -58.530389926357884, -34.457954524947418 ], [ -58.52945644126644, -34.457510647394344 ], [ -58.529326836801204, -34.457455006650697 ], [ -58.528075112020851, -34.456854058578713 ] ] ] } },
{ "type": "Feature", "properties": { "radio_id": "067560107", "prov": "06", "depto": "756", "partido": "SAN ISIDRO", "fraccion": "01", "radio": "07", "tipo_radio": "U", "area_fuente": 172941.757, "perimetro_fuente": 1930.066 }, "geometry": { "type": "Polygon", "coordinates": [ [ [ -58.523685559115968, -34.458333419226236 ], [ -58.523566519602284, -34.458295927126215 ], [ -58.522779464552968, -34.457880808379478 ], [ -58.522574502252482, -34.457779181974814 ], [ -58.521734331241348, -34.457291306133499 ], [ -58.521667625589721, -34.45737162130569 ], [ -58.520970308824076, -34.458039199670772 ], [ -58.520859448333148, -34.458155034250709 ], [ -58.5207154734059, -34.458297507689629 ], [ -58.519980890288203, -34.459226021890139 ], [ -58.519914022326837, -34.459315347616801 ], [ -58.519490256717305, -34.459896094714566 ], [ -58.519389954213885, -34.460030081943081 ], [ -58.519267254386094, -34.46019985281329 ], [ -58.518832201977844, -34.460802993637657 ], [ -58.518765252988167, -34.460896824468627 ], [ -58.518687184171313, -34.461004040800098 ], [ -58.518107261906437, -34.461799214034954 ], [ -58.518073825887079, -34.461843876320323 ], [ -58.517383020305751, -34.462754877298011 ], [ -58.517305107292749, -34.462853081020945 ], [ -58.518276344768744, -34.463315535795246 ], [ -58.518427392083694, -34.46338947525625 ], [ -58.518578438581685, -34.463463414523368 ], [ -58.519485046978282, -34.463889022274294 ], [ -58.519646975520835, -34.463963092063054 ], [ -58.519747124566123, -34.463838115541868 ], [ -58.520249931704328, -34.463096082345906 ], [ -58.520338880664852, -34.462988996772992 ], [ -58.520427988418405, -34.462872899511474 ], [ -58.520874476138317, -34.462238344177578 ], [ -58.520963741288611, -34.462113234852517 ], [ -58.521063886097515, -34.461988257107812 ], [ -58.521265287274495, -34.461675220893746 ], [ -58.521578026577075, -34.461219314426181 ], [ -58.521645212158113, -34.461111964561866 ], [ -58.521723436225294, -34.460995735524321 ], [ -58.522024815235461, -34.460566731033339 ], [ -58.522114235654136, -34.460432609118023 ], [ -58.522220053674822, -34.460294178620217 ], [ -58.522471278164709, -34.459932168103514 ], [ -58.522543583799923, -34.459842906686532 ], [ -58.522582774018559, -34.459780285579122 ], [ -58.522835740421733, -34.459319147152634 ], [ -58.522918210402516, -34.459270569310846 ], [ -58.523685559115968, -34.458333419226236 ] ] ] } },
{ "type": "Feature", "properties": { "radio_id": "067560108", "prov": "06", "depto": "756", "partido": "SAN ISIDRO", "fraccion": "01", "radio": "08", "tipo_radio": "U", "area_fuente": 121955.241, "perimetro_fuente": 1401.893 }, "geometry": { "type": "Polygon", "coordinates": [ [ [ -58.524353840421838, -34.462406592487561 ], [ -58.524526651792847, -34.462480787239954 ], [ -58.525003210248158, -34.461990795229227 ], [ -58.525102873461769, -34.461892848922581 ], [ -58.525689491498191, -34.461332074687 ], [ -58.52618795454886, -34.460833328457845 ], [ -58.526519890073459, -34.460521857201847 ], [ -58.527139602907404, -34.459934433032586 ], [ -58.526977516719214, -34.459869384803007 ], [ -58.525909143358085, -34.459360759618221 ], [ -58.5257364954495, -34.459277555275214 ], [ -58.523685559115968, -34.458333419226236 ], [ -58.522918210402516, -34.459270569310846 ], [ -58.522835740421733, -34.459319147152634 ], [ -58.522582774018559, -34.459780285579122 ], [ -58.522543583799923, -34.459842906686532 ], [ -58.522471278164709, -34.459932168103514 ], [ -58.522220053674822, -34.460294178620217 ], [ -58.522114235654136, -34.460432609118023 ], [ -58.522024815235461, -34.460566731033339 ], [ -58.521723436225294, -34.460995735524321 ], [ -58.521645212158113, -34.461111964561866 ], [ -58.521763936955161, -34.461167481846076 ], [ -58.522508610051602, -34.461519001020676 ], [ -58.522638056052109, -34.46158365971818 ], [ -58.522821426522555, -34.46167601157682 ], [ -58.523307053231932, -34.461907218685297 ], [ -58.523468982667417, -34.461981283433744 ], [ -58.523630911306626, -34.462055347961005 ], [ -58.524353840421838, -34.462406592487561 ] ] ] } },
{ "type": "Feature", "properties": { "radio_id": "067560109", "prov": "06", "depto": "756", "partido": "SAN ISIDRO", "fraccion": "01", "radio": "09", "tipo_radio": "U", "area_fuente": 30644.022, "perimetro_fuente": 916.105 }, "geometry": { "type": "Polygon", "coordinates": [ [ [ -58.52495836344599, -34.462684295437775 ], [ -58.52518494106328, -34.4627951923529 ], [ -58.525306523644183, -34.462688496853794 ], [ -58.525892037101677, -34.462190803295449 ], [ -58.526013459485434, -34.462093118676876 ], [ -58.526466505331953, -34.461701986282655 ], [ -58.526577046431413, -34.461604169888261 ], [ -58.527272925982352, -34.461017664340361 ], [ -58.527372427148684, -34.460928727716841 ], [ -58.527913447774573, -34.460484568338835 ], [ -58.52806766278826, -34.460378262992215 ], [ -58.527819485216185, -34.460258097693583 ], [ -58.527447300413563, -34.460073343920328 ], [ -58.527334013020599, -34.46001789763671 ], [ -58.527309766825631, -34.460007487775336 ], [ -58.527139602907404, -34.459934433032586 ], [ -58.526519890073459, -34.460521857201847 ], [ -58.52618795454886, -34.460833328457845 ], [ -58.525689491498191, -34.461332074687 ], [ -58.525102873461769, -34.461892848922581 ], [ -58.525003210248158, -34.461990795229227 ], [ -58.524526651792847, -34.462480787239954 ], [ -58.524612897936414, -34.4625268961477 ], [ -58.524678789988869, -34.462555185584925 ], [ -58.52472090531105, -34.462573267673562 ], [ -58.524780269780763, -34.462601024881835 ], [ -58.52495836344599, -34.462684295437775 ] ] ] } },
{ "type": "Feature", "properties": { "radio_id": "067560110", "prov": "06", "depto": "756", "partido": "SAN ISIDRO", "fraccion": "01", "radio": "10", "tipo_radio": "U", "area_fuente": 119980.084, "perimetro_fuente": 1403.172 }, "geometry": { "type": "Polygon", "coordinates": [ [ [ -58.52518494106328, -34.4627951923529 ], [ -58.52495836344599, -34.462684295437775 ], [ -58.524780269780763, -34.462601024881835 ], [ -58.52472090531105, -34.462573267673562 ], [ -58.524678789988869, -34.462555185584925 ], [ -58.524612897936414, -34.4625268961477 ], [ -58.524526651792847, -34.462480787239954 ], [ -58.524353840421838, -34.462406592487561 ], [ -58.523630911306626, -34.462055347961005 ], [ -58.523468982667417, -34.461981283433744 ], [ -58.523307053231932, -34.461907218685297 ], [ -58.522821426522555, -34.46167601157682 ], [ -58.522638056052109, -34.46158365971818 ], [ -58.522508610051602, -34.461519001020676 ], [ -58.521763936955161, -34.461167481846076 ], [ -58.521645212158113, -34.461111964561866 ], [ -58.521578026577075, -34.461219314426181 ], [ -58.521265287274495, -34.461675220893746 ], [ -58.521063886097515, -34.461988257107812 ], [ -58.520963741288611, -34.462113234852517 ], [ -58.520874476138317, -34.462238344177578 ], [ -58.520427988418405, -34.462872899511474 ], [ -58.520338880664852, -34.462988996772992 ], [ -58.520249931704328, -34.463096082345906 ], [ -58.519747124566123, -34.463838115541868 ], [ -58.519646975520835, -34.463963092063054 ], [ -58.519798025269893, -34.464037028982261 ], [ -58.5204132650886, -34.464323898550148 ], [ -58.520531993493975, -34.464379417099394 ], [ -58.520661442209516, -34.46444407883736 ], [ -58.521357733979322, -34.464763471258991 ], [ -58.521427899629501, -34.464795867543437 ], [ -58.521589673885529, -34.464878946467294 ], [ -58.521735126900978, -34.464961827765222 ], [ -58.521791895660044, -34.464992040061695 ], [ -58.521882464423953, -34.465040240237649 ], [ -58.522279658069003, -34.465247831881406 ], [ -58.522345575544939, -34.46521257472444 ], [ -58.522400771440836, -34.465168174363981 ], [ -58.524201708544936, -34.463630595221979 ], [ -58.524455758445256, -34.463417338463628 ], [ -58.524555264370257, -34.463328404304931 ], [ -58.52518494106328, -34.4627951923529 ] ] ] } },
{ "type": "Feature", "properties": { "radio_id": "067560201", "prov": "06", "depto": "756", "partido": "SAN ISIDRO", "fraccion": "02", "radio": "01", "tipo_radio": "U", "area_fuente": 126601.46, "perimetro_fuente": 1500.415 }, "geometry": { "type": "Polygon", "coordinates": [ [ [ -58.511293436685655, -34.460048907053974 ], [ -58.511175041850862, -34.459975356655463 ], [ -58.510426113099548, -34.459560623456589 ], [ -58.509634155405138, -34.459118320472456 ], [ -58.509526401515878, -34.459058418551848 ], [ -58.509397048999162, -34.458989239599191 ], [ -58.507037872935932, -34.457644471805608 ], [ -58.506776593409469, -34.457956753538596 ], [ -58.506756423309994, -34.458172830882859 ], [ -58.50688071810238, -34.458525876020317 ], [ -58.506895994286111, -34.458584650563367 ], [ -58.506911430939752, -34.458634413537389 ], [ -58.506926626937712, -34.458697693860174 ], [ -58.506936543684283, -34.458751896163662 ], [ -58.50693054239396, -34.458783370197494 ], [ -58.506919181599727, -34.458810271996121 ], [ -58.506896861120666, -34.458841546672481 ], [ -58.506880060579732, -34.458868382014181 ], [ -58.506857820298706, -34.458895150899103 ], [ -58.506835580019342, -34.458921918878332 ], [ -58.506818859672897, -34.458944248427187 ], [ -58.506796619351704, -34.458971017299646 ], [ -58.50676893928059, -34.458997719709345 ], [ -58.506523153938758, -34.459262313815842 ], [ -58.506680329343943, -34.460001643414458 ], [ -58.506745716822302, -34.460533345217932 ], [ -58.506756373558545, -34.460619998039455 ], [ -58.506947152318155, -34.460906253855299 ], [ -58.507003194767698, -34.460987128178289 ], [ -58.50714873298061, -34.461197148080409 ], [ -58.507265120470173, -34.46138334687604 ], [ -58.507399192792214, -34.461493146586214 ], [ -58.507866609668284, -34.461827846734231 ], [ -58.507995564269216, -34.46191955627377 ], [ -58.508081480712562, -34.461983699750171 ], [ -58.508488983413962, -34.462322172942038 ], [ -58.50866065773107, -34.462459470744911 ], [ -58.508821211172275, -34.462610152912958 ], [ -58.508965294697518, -34.462463187629787 ], [ -58.509331702212684, -34.462053035890186 ], [ -58.509431702640839, -34.461937079684922 ], [ -58.509720505341832, -34.461607101949639 ], [ -58.50984274585246, -34.461464375983631 ], [ -58.509942425647324, -34.461366443378175 ], [ -58.510353141848832, -34.460911760911102 ], [ -58.510493137727153, -34.460994588887949 ], [ -58.510771052178498, -34.460664474921721 ], [ -58.510860010273426, -34.460557397355942 ], [ -58.510959847834648, -34.460450451365531 ], [ -58.511293436685655, -34.460048907053974 ] ] ] } },
{ "type": "Feature", "properties": { "radio_id": "067560202", "prov": "06", "depto": "756", "partido": "SAN ISIDRO", "fraccion": "02", "radio": "02", "tipo_radio": "U", "area_fuente": 97903.984, "perimetro_fuente": 1302.523 }, "geometry": { "type": "Polygon", "coordinates": [ [ [ -58.51337198436363, -34.461210485319661 ], [ -58.513286833321843, -34.461163806825795 ], [ -58.511444311766468, -34.4601318664564 ], [ -58.511293436685655, -34.460048907053974 ], [ -58.510959847834648, -34.460450451365531 ], [ -58.510860010273426, -34.460557397355942 ], [ -58.510771052178498, -34.460664474921721 ], [ -58.510493137727153, -34.460994588887949 ], [ -58.510353141848832, -34.460911760911102 ], [ -58.509942425647324, -34.461366443378175 ], [ -58.50984274585246, -34.461464375983631 ], [ -58.509720505341832, -34.461607101949639 ], [ -58.509431702640839, -34.461937079684922 ], [ -58.509331702212684, -34.462053035890186 ], [ -58.508965294697518, -34.462463187629787 ], [ -58.508821211172275, -34.462610152912958 ], [ -58.508906327673742, -34.462719352781917 ], [ -58.509619986693991, -34.463588848287557 ], [ -58.509726543949867, -34.463716336105399 ], [ -58.509843982713029, -34.463843957410312 ], [ -58.510227819666653, -34.464290298663634 ], [ -58.51031589547766, -34.4643916513173 ], [ -58.510553278551171, -34.464235692903273 ], [ -58.510842372232283, -34.46399028022185 ], [ -58.51104349344746, -34.463799477949259 ], [ -58.511484956856023, -34.463359197871966 ], [ -58.511573757072007, -34.463261131462083 ], [ -58.511950875818748, -34.462860115761892 ], [ -58.51201339158925, -34.462778747427919 ], [ -58.512541603979912, -34.462176489009948 ], [ -58.512904110614784, -34.461746122741502 ], [ -58.51337198436363, -34.461210485319661 ] ] ] } },
{ "type": "Feature", "properties": { "radio_id": "067560203", "prov": "06", "depto": "756", "partido": "SAN ISIDRO", "fraccion": "02", "radio": "03", "tipo_radio": "U", "area_fuente": 613526.759, "perimetro_fuente": 4673.92 }, "geometry": { "type": "Polygon", "coordinates": [ [ [ -58.501685471888834, -34.459395195892675 ], [ -58.501635950576706, -34.459426136120882 ], [ -58.501570673571315, -34.459425335854114 ], [ -58.501499956818371, -34.459424468859112 ], [ -58.501455956783403, -34.459450969947049 ], [ -58.5014333925592, -34.459495760879527 ], [ -58.501432345773814, -34.459554335910347 ], [ -58.501431379507672, -34.45960840516905 ], [ -58.501430413238978, -34.45966247442724 ], [ -58.501418567429987, -34.45971641029017 ], [ -58.501406802128578, -34.459765840379774 ], [ -58.50139495630345, -34.459819775337593 ], [ -58.501372391940293, -34.459864566252769 ], [ -58.501355186806194, -34.459913929634844 ], [ -58.501310863257601, -34.459958453731474 ], [ -58.501282859022865, -34.460003177923973 ], [ -58.501244055711418, -34.460043262926746 ], [ -58.501205252362581, -34.460083347915933 ], [ -58.501182607285905, -34.460132644560325 ], [ -58.501143803865439, -34.460172729527628 ], [ -58.501104839324327, -34.460221826022192 ], [ -58.501071395100588, -34.460266482545414 ], [ -58.50104874989254, -34.460315779160219 ], [ -58.501020745393639, -34.460360503283354 ], [ -58.500981861239296, -34.460405093963018 ], [ -58.500953776123168, -34.460454323838412 ], [ -58.500920331706944, -34.460498981215245 ], [ -58.500881447433379, -34.460543571858928 ], [ -58.500842563118013, -34.460588162488818 ], [ -58.500814558414376, -34.460632886557505 ], [ -58.500775675125091, -34.46067747627567 ], [ -58.500742230522285, -34.460722133597393 ], [ -58.500697986778114, -34.460762151677145 ], [ -58.500669981936944, -34.460806875707895 ], [ -58.500647336337629, -34.460856172234102 ], [ -58.500646530655139, -34.460901229923948 ], [ -58.500661963943344, -34.460950993583459 ], [ -58.500276247101148, -34.461218176371098 ], [ -58.500159899281272, -34.46125507771049 ], [ -58.500074166910423, -34.461305131320536 ], [ -58.499979807753455, -34.461406183807263 ], [ -58.499978008115228, -34.461422653744663 ], [ -58.500493849754307, -34.46196228261423 ], [ -58.501002272437766, -34.462453610486506 ], [ -58.501388710930208, -34.462833161162088 ], [ -58.50148064119378, -34.46287470766147 ], [ -58.50182192929681, -34.463198300031536 ], [ -58.502488678744101, -34.463436444982491 ], [ -58.502926953452821, -34.463512084619509 ], [ -58.503373877498198, -34.463576065974458 ], [ -58.503788672708296, -34.463648293631927 ], [ -58.503952422864735, -34.463771979770549 ], [ -58.50426392487968, -34.46400113037889 ], [ -58.504353582982048, -34.464062589341744 ], [ -58.504618709169883, -34.464244329175486 ], [ -58.505612671949123, -34.4649550335836 ], [ -58.505763066864688, -34.46506503466491 ], [ -58.50605330095761, -34.465266879314214 ], [ -58.506236016777898, -34.465395301946877 ], [ -58.506859529774815, -34.46582655572692 ], [ -58.506952083232157, -34.465893332817629 ], [ -58.507023377068201, -34.465792503363026 ], [ -58.507407397176081, -34.46561692457329 ], [ -58.507517163068783, -34.465564183989578 ], [ -58.508010625703264, -34.465353884764582 ], [ -58.508098469916924, -34.465309890444217 ], [ -58.508218954930044, -34.465266293587106 ], [ -58.508679773329433, -34.465055593130096 ], [ -58.508864386045545, -34.464983464355207 ], [ -58.509384861200552, -34.464781552538597 ], [ -58.510148456805588, -34.464469601705432 ], [ -58.51031589547766, -34.4643916513173 ], [ -58.510227819666653, -34.464290298663634 ], [ -58.509843982713029, -34.463843957410312 ], [ -58.509726543949867, -34.463716336105399 ], [ -58.509619986693991, -34.463588848287557 ], [ -58.508906327673742, -34.462719352781917 ], [ -58.508821211172275, -34.462610152912958 ], [ -58.50866065773107, -34.462459470744911 ], [ -58.508488983413962, -34.462322172942038 ], [ -58.508081480712562, -34.461983699750171 ], [ -58.507995564269216, -34.46191955627377 ], [ -58.507866609668284, -34.461827846734231 ], [ -58.507399192792214, -34.461493146586214 ], [ -58.507265120470173, -34.46138334687604 ], [ -58.50714873298061, -34.461197148080409 ], [ -58.507003194767698, -34.460987128178289 ], [ -58.506947152318155, -34.460906253855299 ], [ -58.506756373558545, -34.460619998039455 ], [ -58.506745716822302, -34.460533345217932 ], [ -58.506680329343943, -34.460001643414458 ], [ -58.506523153938758, -34.459262313815842 ], [ -58.50676893928059, -34.458997719709345 ], [ -58.506796619351704, -34.458971017299646 ], [ -58.506818859672897, -34.458944248427187 ], [ -58.506835580019342, -34.458921918878332 ], [ -58.506857820298706, -34.458895150899103 ], [ -58.506880060579732, -34.458868382014181 ], [ -58.506896861120666, -34.458841546672481 ], [ -58.506919181599727, -34.458810271996121 ], [ -58.50693054239396, -34.458783370197494 ], [ -58.506936543684283, -34.458751896163662 ], [ -58.506926626937712, -34.458697693860174 ], [ -58.506911430939752, -34.458634413537389 ], [ -58.506895994286111, -34.458584650563367 ], [ -58.50688071810238, -34.458525876020317 ], [ -58.506756423309994, -34.458172830882859 ], [ -58.506776593409469, -34.457956753538596 ], [ -58.507037872935932, -34.457644471805608 ], [ -58.506552398013106, -34.457408696807775 ], [ -58.506367322322141, -34.457370929191569 ], [ -58.50612961548093, -34.457322604062789 ], [ -58.506286069454212, -34.45647705068874 ], [ -58.506661464299867, -34.455255800260211 ], [ -58.506918368711489, -34.454271958707743 ], [ -58.507007310555707, -34.453267813445038 ], [ -58.506848037438125, -34.453027234601073 ], [ -58.506832150540198, -34.452391587203557 ], [ -58.506416166055374, -34.451615849508592 ], [ -58.506285160460386, -34.451334829078498 ], [ -58.506258927130354, -34.451280427289269 ], [ -58.505697861066146, -34.450403765282658 ], [ -58.505376748556884, -34.449949341945121 ], [ -58.505115249599697, -34.449519969849362 ], [ -58.504558323057765, -34.449858748508248 ], [ -58.506209982472676, -34.452731727621376 ], [ -58.505960881877577, -34.452971263502072 ], [ -58.504793886944753, -34.454115293076313 ], [ -58.504771245698102, -34.454164590529437 ], [ -58.504727168058892, -34.454195598685367 ], [ -58.50468309040334, -34.454226605923239 ], [ -58.504644291454881, -34.454266692154569 ], [ -58.504616772997196, -34.454284382555194 ], [ -58.504594854626411, -34.454293127932544 ], [ -58.504545257088949, -34.454328575253349 ], [ -58.50450645802723, -34.454368661437329 ], [ -58.504472937673818, -34.45441782572393 ], [ -58.504439497625583, -34.454462484218411 ], [ -58.504411416632777, -34.454511715039729 ], [ -58.50438333560615, -34.454560945853359 ], [ -58.504344456006478, -34.45460553776087 ], [ -58.504316374923675, -34.454654767655342 ], [ -58.50428829379095, -34.454703998443328 ], [ -58.504260212624416, -34.454753229223577 ], [ -58.50423221286934, -34.454797954228596 ], [ -58.504204131636804, -34.454847184993554 ], [ -58.504170691268293, -34.454891843403225 ], [ -58.504137331226488, -34.454931996021948 ], [ -58.504093011851268, -34.45497652127019 ], [ -58.504059571370547, -34.455021179645641 ], [ -58.504015412645799, -34.455056693302261 ], [ -58.503976613003111, -34.455096778396836 ], [ -58.503937813306976, -34.455136864379035 ], [ -58.503893734846244, -34.455167872208207 ], [ -58.503849495594771, -34.45520789158001 ], [ -58.503816054889896, -34.455252549881386 ], [ -58.503793412742731, -34.455301847121468 ], [ -58.50375997196921, -34.455346505405089 ], [ -58.50373197065359, -34.455391230265839 ], [ -58.503725566522341, -34.455445233030666 ], [ -58.503724601898703, -34.455499301481353 ], [ -58.503723637256435, -34.455553370832668 ], [ -58.503722672611566, -34.455607440183506 ], [ -58.503722351062713, -34.455625463300329 ], [ -58.503721707964139, -34.455661509533826 ], [ -58.50372074331414, -34.455715578883648 ], [ -58.503719778661562, -34.455769648232952 ], [ -58.503707934962229, -34.455823584403888 ], [ -58.503685292585274, -34.455872881613814 ], [ -58.503652012299767, -34.45590852829865 ], [ -58.503276563804846, -34.456346062841249 ], [ -58.503147320327379, -34.456410792641954 ], [ -58.502968399393502, -34.456567749561991 ], [ -58.502852795828552, -34.456765270187894 ], [ -58.502606765309721, -34.45709381608237 ], [ -58.502441243914561, -34.45739682289863 ], [ -58.502354576149742, -34.457767109068087 ], [ -58.502319245340722, -34.457952349282088 ], [ -58.502228334515962, -34.458089722619299 ], [ -58.502197743337483, -34.458130571082137 ], [ -58.502164221154416, -34.458179734644844 ], [ -58.502125499611687, -34.458215314198128 ], [ -58.502092137228765, -34.458255466177299 ], [ -58.502053335135216, -34.458295551479345 ], [ -58.502041570437015, -34.458344981656154 ], [ -58.50201892635468, -34.458394278494204 ], [ -58.502017960508532, -34.45844834777769 ], [ -58.501979158287646, -34.458488433051748 ], [ -58.50192419795134, -34.458519305846146 ], [ -58.501874596758029, -34.458554751964449 ], [ -58.50184123411627, -34.45859490386627 ], [ -58.501813150144159, -34.45864413398229 ], [ -58.501795945545048, -34.458693497449275 ], [ -58.501784100130536, -34.458747433365666 ], [ -58.501783134120288, -34.45880150264022 ], [ -58.501804007463271, -34.458851332859375 ], [ -58.501824880830078, -34.458901163075232 ], [ -58.501851274454836, -34.458946553290922 ], [ -58.501877587594876, -34.458996450175398 ], [ -58.501887581585635, -34.459046147028886 ], [ -58.501881336894435, -34.459091138081781 ], [ -58.501842453801864, -34.459135729071662 ], [ -58.501787653971675, -34.459157591144908 ], [ -58.501738052334836, -34.459193037192854 ], [ -58.501710048595484, -34.459237761501285 ], [ -58.501692843801081, -34.459287124944375 ], [ -58.501686437967365, -34.459341127526947 ], [ -58.501685471888834, -34.459395195892675 ] ] ] } },
{ "type": "Feature", "properties": { "radio_id": "067560204", "prov": "06", "depto": "756", "partido": "SAN ISIDRO", "fraccion": "02", "radio": "04", "tipo_radio": "U", "area_fuente": 258183.787, "perimetro_fuente": 2615.259 }, "geometry": { "type": "Polygon", "coordinates": [ [ [ -58.497436980389047, -34.463859943092338 ], [ -58.498509107351374, -34.465550391529064 ], [ -58.499542605703738, -34.464543612752912 ], [ -58.501334408591198, -34.465616533640933 ], [ -58.501786459450898, -34.465440036645795 ], [ -58.502307997718873, -34.465267114300389 ], [ -58.501630973450773, -34.465794109989311 ], [ -58.503080054194555, -34.466614069235369 ], [ -58.504540204968364, -34.467425132626829 ], [ -58.505282514543069, -34.466992552647184 ], [ -58.505546617439471, -34.466829033414626 ], [ -58.506086022886223, -34.466484102154794 ], [ -58.506366364096486, -34.466325285445258 ], [ -58.506952083232157, -34.465893332817629 ], [ -58.506859529774815, -34.46582655572692 ], [ -58.506236016777898, -34.465395301946877 ], [ -58.50605330095761, -34.465266879314214 ], [ -58.505763066864688, -34.46506503466491 ], [ -58.505612671949123, -34.4649550335836 ], [ -58.504618709169883, -34.464244329175486 ], [ -58.504353582982048, -34.464062589341744 ], [ -58.50426392487968, -34.46400113037889 ], [ -58.503952422864735, -34.463771979770549 ], [ -58.503788672708296, -34.463648293631927 ], [ -58.503373877498198, -34.463576065974458 ], [ -58.502926953452821, -34.463512084619509 ], [ -58.502488678744101, -34.463436444982491 ], [ -58.50182192929681, -34.463198300031536 ], [ -58.50148064119378, -34.46287470766147 ], [ -58.501388710930208, -34.462833161162088 ], [ -58.501002272437766, -34.462453610486506 ], [ -58.500493849754307, -34.46196228261423 ], [ -58.499978008115228, -34.461422653744663 ], [ -58.498690636021941, -34.461876282168362 ], [ -58.496942230050124, -34.463026498940202 ], [ -58.497436980389047, -34.463859943092338 ] ] ] } },
{ "type": "Feature", "properties": { "radio_id": "067560205", "prov": "06", "depto": "756", "partido": "SAN ISIDRO", "fraccion": "02", "radio": "05", "tipo_radio": "U", "area_fuente": 118064.611, "perimetro_fuente": 1632.631 }, "geometry": { "type": "Polygon", "coordinates": [ [ [ -58.498509107351374, -34.465550391529064 ], [ -58.49979239207596, -34.467281313971384 ], [ -58.499819996513402, -34.467259119069247 ], [ -58.501001863739241, -34.468111875526432 ], [ -58.502147686394466, -34.468851511065218 ], [ -58.502884982695257, -34.468396350883843 ], [ -58.503424006778957, -34.46807396085601 ], [ -58.50393526240736, -34.467782774826553 ], [ -58.504287059218527, -34.467584277864894 ], [ -58.504540204968364, -34.467425132626829 ], [ -58.503080054194555, -34.466614069235369 ], [ -58.501630973450773, -34.465794109989311 ], [ -58.502307997718873, -34.465267114300389 ], [ -58.501786459450898, -34.465440036645795 ], [ -58.501334408591198, -34.465616533640933 ], [ -58.499542605703738, -34.464543612752912 ], [ -58.498509107351374, -34.465550391529064 ] ] ] } },
{ "type": "Feature", "properties": { "radio_id": "067560206", "prov": "06", "depto": "756", "partido": "SAN ISIDRO", "fraccion": "02", "radio": "06", "tipo_radio": "U", "area_fuente": 338747.787, "perimetro_fuente": 2615.313 }, "geometry": { "type": "Polygon", "coordinates": [ [ [ -58.506952083232157, -34.465893332817629 ], [ -58.506366364096486, -34.466325285445258 ], [ -58.506086022886223, -34.466484102154794 ], [ -58.505546617439471, -34.466829033414626 ], [ -58.505282514543069, -34.466992552647184 ], [ -58.504540204968364, -34.467425132626829 ], [ -58.504287059218527, -34.467584277864894 ], [ -58.50393526240736, -34.467782774826553 ], [ -58.503424006778957, -34.46807396085601 ], [ -58.502884982695257, -34.468396350883843 ], [ -58.502147686394466, -34.468851511065218 ], [ -58.502315693643318, -34.46888962417826 ], [ -58.502344787978572, -34.468906773797066 ], [ -58.502471854397648, -34.468981672032335 ], [ -58.503924829724781, -34.469891804529851 ], [ -58.504075874266157, -34.469965760720214 ], [ -58.504172998134045, -34.470012017115245 ], [ -58.504820063635954, -34.470344421934804 ], [ -58.504938789515826, -34.470399955536813 ], [ -58.505068234698179, -34.470464633662743 ], [ -58.50645967236013, -34.471166672115601 ], [ -58.506610721496671, -34.471240626176545 ], [ -58.506688815500638, -34.471133418384149 ], [ -58.507319465267109, -34.470555246782929 ], [ -58.507396755366138, -34.470493096243743 ], [ -58.50747420581078, -34.470421934100109 ], [ -58.508293027191435, -34.469665785013504 ], [ -58.508349035119821, -34.469576333517715 ], [ -58.508416244472578, -34.469468991683136 ], [ -58.508720446753131, -34.468886827528564 ], [ -58.508776774301346, -34.468779352680919 ], [ -58.508873899555525, -34.468825605379401 ], [ -58.509250718505342, -34.469055539589164 ], [ -58.50938016623958, -34.469120213206267 ], [ -58.509490416319586, -34.469040437180766 ], [ -58.510438972660971, -34.4683309220379 ], [ -58.510549220718502, -34.46825114409269 ], [ -58.510692750995545, -34.468135718467558 ], [ -58.511023491962916, -34.467896383567712 ], [ -58.511144939617523, -34.467798715376887 ], [ -58.511277267627889, -34.467701178700395 ], [ -58.51168528928978, -34.46739968957592 ], [ -58.511762413276102, -34.467346547658373 ], [ -58.511839697137376, -34.467284394114657 ], [ -58.512324997928815, -34.466920749114649 ], [ -58.513063902173684, -34.466370903903581 ], [ -58.513195906071495, -34.466291388173502 ], [ -58.513066459526542, -34.466226718607153 ], [ -58.512484353395905, -34.465913175883671 ], [ -58.512387389259686, -34.46585791449089 ], [ -58.511724405596063, -34.465502822846233 ], [ -58.51097518665879, -34.465101609399326 ], [ -58.510840863812597, -34.465005330764747 ], [ -58.510472860415327, -34.464586224045149 ], [ -58.510382348748564, -34.46447402738643 ], [ -58.51031589547766, -34.4643916513173 ], [ -58.510148456805588, -34.464469601705432 ], [ -58.509384861200552, -34.464781552538597 ], [ -58.508864386045545, -34.464983464355207 ], [ -58.508679773329433, -34.465055593130096 ], [ -58.508218954930044, -34.465266293587106 ], [ -58.508098469916924, -34.465309890444217 ], [ -58.508010625703264, -34.465353884764582 ], [ -58.507517163068783, -34.465564183989578 ], [ -58.507407397176081, -34.46561692457329 ], [ -58.507023377068201, -34.465792503363026 ], [ -58.506952083232157, -34.465893332817629 ] ] ] } },
{ "type": "Feature", "properties": { "radio_id": "067560207", "prov": "06", "depto": "756", "partido": "SAN ISIDRO", "fraccion": "02", "radio": "07", "tipo_radio": "U", "area_fuente": 245885.273, "perimetro_fuente": 2052.761 }, "geometry": { "type": "Polygon", "coordinates": [ [ [ -58.511950875818748, -34.462860115761892 ], [ -58.511573757072007, -34.463261131462083 ], [ -58.511484956856023, -34.463359197871966 ], [ -58.51104349344746, -34.463799477949259 ], [ -58.510842372232283, -34.46399028022185 ], [ -58.510553278551171, -34.464235692903273 ], [ -58.51031589547766, -34.4643916513173 ], [ -58.510382348748564, -34.46447402738643 ], [ -58.510472860415327, -34.464586224045149 ], [ -58.510840863812597, -34.465005330764747 ], [ -58.51097518665879, -34.465101609399326 ], [ -58.511724405596063, -34.465502822846233 ], [ -58.512387389259686, -34.46585791449089 ], [ -58.512484353395905, -34.465913175883671 ], [ -58.513066459526542, -34.466226718607153 ], [ -58.513195906071495, -34.466291388173502 ], [ -58.513627448191656, -34.466503948562632 ], [ -58.51373513354833, -34.466568352898811 ], [ -58.513843139666072, -34.466614733989466 ], [ -58.514673432632819, -34.467048462853349 ], [ -58.514802880639145, -34.467113130760545 ], [ -58.514913123045751, -34.467033348713109 ], [ -58.515783822443545, -34.465800061832987 ], [ -58.515861261480111, -34.465728894022924 ], [ -58.516513887246184, -34.465132911936124 ], [ -58.516580125837308, -34.465079634755057 ], [ -58.5166686021795, -34.464999586842808 ], [ -58.517531127600883, -34.464225877579473 ], [ -58.517619603216914, -34.4641458289342 ], [ -58.51769703915739, -34.464074659862199 ], [ -58.518338281054092, -34.463505570062402 ], [ -58.518427392083694, -34.46338947525625 ], [ -58.518276344768744, -34.463315535795246 ], [ -58.517305107292749, -34.462853081020945 ], [ -58.517194235262131, -34.462968910990732 ], [ -58.517083522290442, -34.463075730148809 ], [ -58.515562840821595, -34.462300134519808 ], [ -58.515433398403246, -34.462235467532459 ], [ -58.514010027560872, -34.461497088084123 ], [ -58.513815148962699, -34.461440637329204 ], [ -58.513717710853896, -34.461412411850766 ], [ -58.513626110994856, -34.461361723463831 ], [ -58.513543859748154, -34.461312773848661 ], [ -58.51337198436363, -34.461210485319661 ], [ -58.512904110614784, -34.461746122741502 ], [ -58.512541603979912, -34.462176489009948 ], [ -58.51201339158925, -34.462778747427919 ], [ -58.511950875818748, -34.462860115761892 ] ] ] } },
{ "type": "Feature", "properties": { "radio_id": "067560208", "prov": "06", "depto": "756", "partido": "SAN ISIDRO", "fraccion": "02", "radio": "08", "tipo_radio": "U", "area_fuente": 83696.696, "perimetro_fuente": 1436.852 }, "geometry": { "type": "Polygon", "coordinates": [ [ [ -58.51581655772555, -34.467639215732973 ], [ -58.515946008642928, -34.467703882482652 ], [ -58.516797925577066, -34.468146873246901 ], [ -58.516905774971967, -34.468202263295737 ], [ -58.517026578786215, -34.468140634573679 ], [ -58.517314896401771, -34.467837673778618 ], [ -58.517558254083887, -34.467615287766613 ], [ -58.518089285481743, -34.467125984831505 ], [ -58.518222241724871, -34.466992394883988 ], [ -58.518299679888962, -34.466921225516877 ], [ -58.518399038280243, -34.466841308312048 ], [ -58.518983507066885, -34.466406730322305 ], [ -58.519104625164417, -34.466327076210774 ], [ -58.519578213721239, -34.466008327583047 ], [ -58.519798050139627, -34.465884800863876 ], [ -58.520292599110384, -34.465611370923376 ], [ -58.520446513942389, -34.465523098984868 ], [ -58.52090810077874, -34.465267294503718 ], [ -58.521589673885529, -34.464878946467294 ], [ -58.521427899629501, -34.464795867543437 ], [ -58.521357733979322, -34.464763471258991 ], [ -58.520661442209516, -34.46444407883736 ], [ -58.520531993493975, -34.464379417099394 ], [ -58.5204132650886, -34.464323898550148 ], [ -58.519798025269893, -34.464037028982261 ], [ -58.519646975520835, -34.463963092063054 ], [ -58.519569063945461, -34.464061296349094 ], [ -58.518884624207622, -34.46461184204145 ], [ -58.518774070295166, -34.4647096510963 ], [ -58.51867487407609, -34.464780557101342 ], [ -58.517747389388795, -34.465535460442737 ], [ -58.517659072799262, -34.465606497540556 ], [ -58.517581635379209, -34.465677665632668 ], [ -58.516985487297198, -34.466157162866168 ], [ -58.516908048778959, -34.466228331398369 ], [ -58.516830450698841, -34.466308511473727 ], [ -58.515948561183031, -34.467559696127886 ], [ -58.51581655772555, -34.467639215732973 ] ] ] } },
{ "type": "Feature", "properties": { "radio_id": "067560209", "prov": "06", "depto": "756", "partido": "SAN ISIDRO", "fraccion": "02", "radio": "09", "tipo_radio": "U", "area_fuente": 45073.924, "perimetro_fuente": 1306.823 }, "geometry": { "type": "Polygon", "coordinates": [ [ [ -58.522279658069003, -34.465247831881406 ], [ -58.521882464423953, -34.465040240237649 ], [ -58.521791895660044, -34.464992040061695 ], [ -58.521735126900978, -34.464961827765222 ], [ -58.521589673885529, -34.464878946467294 ], [ -58.52090810077874, -34.465267294503718 ], [ -58.520446513942389, -34.465523098984868 ], [ -58.520292599110384, -34.465611370923376 ], [ -58.519798050139627, -34.465884800863876 ], [ -58.519578213721239, -34.466008327583047 ], [ -58.519104625164417, -34.466327076210774 ], [ -58.518983507066885, -34.466406730322305 ], [ -58.518399038280243, -34.466841308312048 ], [ -58.518299679888962, -34.466921225516877 ], [ -58.518222241724871, -34.466992394883988 ], [ -58.518089285481743, -34.467125984831505 ], [ -58.517558254083887, -34.467615287766613 ], [ -58.517314896401771, -34.467837673778618 ], [ -58.517026578786215, -34.468140634573679 ], [ -58.516905774971967, -34.468202263295737 ], [ -58.517035227626565, -34.468266928929857 ], [ -58.517067550967887, -34.46828534821627 ], [ -58.517149276777772, -34.468325246780672 ], [ -58.517266063369284, -34.468382261934437 ], [ -58.517822827524874, -34.468655050999956 ], [ -58.518111620997651, -34.468325053512842 ], [ -58.518389373308615, -34.468003934067447 ], [ -58.51846697154955, -34.467923753926748 ], [ -58.518945029566638, -34.467352683254191 ], [ -58.519033188885999, -34.46729065688303 ], [ -58.51916566530992, -34.467184099779423 ], [ -58.51970486127923, -34.466848118643313 ], [ -58.519902937587858, -34.466724329107585 ], [ -58.520089974815846, -34.46660941819848 ], [ -58.520706120813351, -34.466229296615218 ], [ -58.521080189302957, -34.465999471891465 ], [ -58.521245303488705, -34.4658933082994 ], [ -58.521366418760763, -34.465813651864757 ], [ -58.521520491814641, -34.465716366940441 ], [ -58.52216958368728, -34.465318609219835 ], [ -58.522279658069003, -34.465247831881406 ] ] ] } },
{ "type": "Feature", "properties": { "radio_id": "067560210", "prov": "06", "depto": "756", "partido": "SAN ISIDRO", "fraccion": "02", "radio": "10", "tipo_radio": "U", "area_fuente": 61467.122, "perimetro_fuente": 1315.329 }, "geometry": { "type": "Polygon", "coordinates": [ [ [ -58.514802880639145, -34.467113130760545 ], [ -58.514921609004155, -34.467168654742999 ], [ -58.515719590442551, -34.467583956003217 ], [ -58.51581655772555, -34.467639215732973 ], [ -58.515948561183031, -34.467559696127886 ], [ -58.516830450698841, -34.466308511473727 ], [ -58.516908048778959, -34.466228331398369 ], [ -58.516985487297198, -34.466157162866168 ], [ -58.517581635379209, -34.465677665632668 ], [ -58.517659072799262, -34.465606497540556 ], [ -58.517747389388795, -34.465535460442737 ], [ -58.51867487407609, -34.464780557101342 ], [ -58.518774070295166, -34.4647096510963 ], [ -58.518884624207622, -34.46461184204145 ], [ -58.519569063945461, -34.464061296349094 ], [ -58.519646975520835, -34.463963092063054 ], [ -58.519485046978282, -34.463889022274294 ], [ -58.518578438581685, -34.463463414523368 ], [ -58.518427392083694, -34.46338947525625 ], [ -58.518338281054092, -34.463505570062402 ], [ -58.51769703915739, -34.464074659862199 ], [ -58.517619603216914, -34.4641458289342 ], [ -58.517531127600883, -34.464225877579473 ], [ -58.5166686021795, -34.464999586842808 ], [ -58.516580125837308, -34.465079634755057 ], [ -58.516513887246184, -34.465132911936124 ], [ -58.515861261480111, -34.465728894022924 ], [ -58.515783822443545, -34.465800061832987 ], [ -58.514913123045751, -34.467033348713109 ], [ -58.514802880639145, -34.467113130760545 ] ] ] } },
{ "type": "Feature", "properties": { "radio_id": "067560301", "prov": "06", "depto": "756", "partido": "SAN ISIDRO", "fraccion": "03", "radio": "01", "tipo_radio": "U", "area_fuente": 52768.978, "perimetro_fuente": 1270.151 }, "geometry": { "type": "Polygon", "coordinates": [ [ [ -58.511277267627889, -34.467701178700395 ], [ -58.511144939617523, -34.467798715376887 ], [ -58.511023491962916, -34.467896383567712 ], [ -58.510692750995545, -34.468135718467558 ], [ -58.510549220718502, -34.46825114409269 ], [ -58.510438972660971, -34.4683309220379 ], [ -58.509490416319586, -34.469040437180766 ], [ -58.50938016623958, -34.469120213206267 ], [ -58.50948801280056, -34.469175609712828 ], [ -58.5098869170914, -34.469387785224946 ], [ -58.510027086509297, -34.469461602416722 ], [ -58.510093652961096, -34.469390305856109 ], [ -58.510829390824554, -34.469020706645878 ], [ -58.510939159219376, -34.46896796307621 ], [ -58.51107100916559, -34.46889746140188 ], [ -58.511740655275389, -34.468572118909101 ], [ -58.511850262551036, -34.468528386059617 ], [ -58.511951547355487, -34.468340336336098 ], [ -58.512449974464374, -34.467850661487986 ], [ -58.512505336039411, -34.467797254207269 ], [ -58.512580701050751, -34.467843239116682 ], [ -58.512784395769522, -34.468016974164499 ], [ -58.512880883028487, -34.46809927002775 ], [ -58.51301256908755, -34.468037777735532 ], [ -58.513748283731609, -34.467668160240706 ], [ -58.513858208342043, -34.467606402361511 ], [ -58.513978853648347, -34.467553789166672 ], [ -58.514703679348969, -34.467184033367253 ], [ -58.514802880639145, -34.467113130760545 ], [ -58.514673432632819, -34.467048462853349 ], [ -58.513843139666072, -34.466614733989466 ], [ -58.51373513354833, -34.466568352898811 ], [ -58.513627448191656, -34.466503948562632 ], [ -58.513195906071495, -34.466291388173502 ], [ -58.513063902173684, -34.466370903903581 ], [ -58.512324997928815, -34.466920749114649 ], [ -58.511839697137376, -34.467284394114657 ], [ -58.511762413276102, -34.467346547658373 ], [ -58.51168528928978, -34.46739968957592 ], [ -58.511277267627889, -34.467701178700395 ] ] ] } },
{ "type": "Feature", "properties": { "radio_id": "067560302", "prov": "06", "depto": "756", "partido": "SAN ISIDRO", "fraccion": "03", "radio": "02", "tipo_radio": "U", "area_fuente": 56377.333, "perimetro_fuente": 1293.075 }, "geometry": { "type": "Polygon", "coordinates": [ [ [ -58.51301256908755, -34.468037777735532 ], [ -58.512880883028487, -34.46809927002775 ], [ -58.512784395769522, -34.468016974164499 ], [ -58.512580701050751, -34.467843239116682 ], [ -58.512505336039411, -34.467797254207269 ], [ -58.512449974464374, -34.467850661487986 ], [ -58.511951547355487, -34.468340336336098 ], [ -58.511850262551036, -34.468528386059617 ], [ -58.511740655275389, -34.468572118909101 ], [ -58.51107100916559, -34.46889746140188 ], [ -58.510939159219376, -34.46896796307621 ], [ -58.510829390824554, -34.469020706645878 ], [ -58.510093652961096, -34.469390305856109 ], [ -58.510027086509297, -34.469461602416722 ], [ -58.510145813714828, -34.46951713101042 ], [ -58.511236455363502, -34.469999124492901 ], [ -58.511344464364512, -34.470045507846031 ], [ -58.511499037701746, -34.469921201433166 ], [ -58.512356063283079, -34.469462935079719 ], [ -58.512465991276216, -34.469401178558236 ], [ -58.512575919109352, -34.469339421933043 ], [ -58.513652306396942, -34.468784668140614 ], [ -58.513762072796233, -34.468731921978744 ], [ -58.514487069484147, -34.468353156239196 ], [ -58.514596994492791, -34.468291397711113 ], [ -58.514684997165276, -34.468238386166895 ], [ -58.515706635535807, -34.467700975423256 ], [ -58.51581655772555, -34.467639215732973 ], [ -58.515719590442551, -34.467583956003217 ], [ -58.514921609004155, -34.467168654742999 ], [ -58.514802880639145, -34.467113130760545 ], [ -58.514703679348969, -34.467184033367253 ], [ -58.513978853648347, -34.467553789166672 ], [ -58.513858208342043, -34.467606402361511 ], [ -58.513748283731609, -34.467668160240706 ], [ -58.51301256908755, -34.468037777735532 ] ] ] } },
{ "type": "Feature", "properties": { "radio_id": "067560303", "prov": "06", "depto": "756", "partido": "SAN ISIDRO", "fraccion": "03", "radio": "03", "tipo_radio": "U", "area_fuente": 43268.48, "perimetro_fuente": 860.937 }, "geometry": { "type": "Polygon", "coordinates": [ [ [ -58.516905774971967, -34.468202263295737 ], [ -58.516797925577066, -34.468146873246901 ], [ -58.515946008642928, -34.467703882482652 ], [ -58.51581655772555, -34.467639215732973 ], [ -58.515706635535807, -34.467700975423256 ], [ -58.514684997165276, -34.468238386166895 ], [ -58.514596994492791, -34.468291397711113 ], [ -58.514487069484147, -34.468353156239196 ], [ -58.513762072796233, -34.468731921978744 ], [ -58.513652306396942, -34.468784668140614 ], [ -58.51371663237088, -34.4688395316239 ], [ -58.514326773943942, -34.469414801686256 ], [ -58.514412223756885, -34.469505974803795 ], [ -58.514497672650251, -34.469597148752996 ], [ -58.51507582073112, -34.470135972153301 ], [ -58.515166712553345, -34.470227211781356 ], [ -58.515853856901835, -34.469527998942894 ], [ -58.515909138828455, -34.469479095913719 ], [ -58.515953619591706, -34.469425554929778 ], [ -58.517006591025904, -34.468347702288483 ], [ -58.517067550967887, -34.46828534821627 ], [ -58.517035227626565, -34.468266928929857 ], [ -58.516905774971967, -34.468202263295737 ] ] ] } },
{ "type": "Feature", "properties": { "radio_id": "067560304", "prov": "06", "depto": "756", "partido": "SAN ISIDRO", "fraccion": "03", "radio": "04", "tipo_radio": "U", "area_fuente": 91417.912, "perimetro_fuente": 1652.883 }, "geometry": { "type": "Polygon", "coordinates": [ [ [ -58.517822827524874, -34.468655050999956 ], [ -58.517266063369284, -34.468382261934437 ], [ -58.517149276777772, -34.468325246780672 ], [ -58.517067550967887, -34.46828534821627 ], [ -58.517006591025904, -34.468347702288483 ], [ -58.515953619591706, -34.469425554929778 ], [ -58.515909138828455, -34.469479095913719 ], [ -58.515853856901835, -34.469527998942894 ], [ -58.515166712553345, -34.470227211781356 ], [ -58.51507582073112, -34.470135972153301 ], [ -58.514497672650251, -34.469597148752996 ], [ -58.514412223756885, -34.469505974803795 ], [ -58.514326773943942, -34.469414801686256 ], [ -58.51371663237088, -34.4688395316239 ], [ -58.513652306396942, -34.468784668140614 ], [ -58.512575919109352, -34.469339421933043 ], [ -58.512465991276216, -34.469401178558236 ], [ -58.512356063283079, -34.469462935079719 ], [ -58.511499037701746, -34.469921201433166 ], [ -58.511344464364512, -34.470045507846031 ], [ -58.511711374803163, -34.47022123277798 ], [ -58.512347912178114, -34.470535442878372 ], [ -58.512445041509267, -34.470581692829029 ], [ -58.512563773052726, -34.470637219159144 ], [ -58.513556354249403, -34.471127012146916 ], [ -58.51370741101465, -34.471200956707087 ], [ -58.5138261432147, -34.471256481836093 ], [ -58.514058089836865, -34.471371971419508 ], [ -58.514172172045356, -34.471428108478506 ], [ -58.514311638547149, -34.47149673671845 ], [ -58.514451815511791, -34.471570549001619 ], [ -58.514840182352998, -34.471764552545295 ], [ -58.514980360245204, -34.471838364242579 ], [ -58.51504708418728, -34.471758054269856 ], [ -58.51542998518147, -34.471339071862417 ], [ -58.515700881209241, -34.471098997373005 ], [ -58.515878329338626, -34.470911869447782 ], [ -58.516155459762331, -34.470626801989916 ], [ -58.516244262678974, -34.470528731455182 ], [ -58.516622189908325, -34.470082645007039 ], [ -58.516888754071296, -34.469779420466693 ], [ -58.516977874066939, -34.46966332705744 ], [ -58.517756268097358, -34.468726351965216 ], [ -58.517822827524874, -34.468655050999956 ] ] ] } },
{ "type": "Feature", "properties": { "radio_id": "067560305", "prov": "06", "depto": "756", "partido": "SAN ISIDRO", "fraccion": "03", "radio": "05", "tipo_radio": "U", "area_fuente": 55015.72, "perimetro_fuente": 1204.801 }, "geometry": { "type": "Polygon", "coordinates": [ [ [ -58.511864991437989, -34.471376831978439 ], [ -58.511983723682498, -34.471432358884485 ], [ -58.513127367082504, -34.471996102859109 ], [ -58.513093764321809, -34.472049775108097 ], [ -58.512546993207195, -34.472809268122525 ], [ -58.512469224789648, -34.472898456647378 ], [ -58.511610323117786, -34.473766813292613 ], [ -58.51174514060763, -34.473836056641581 ], [ -58.51175995607958, -34.473844917089842 ], [ -58.511798986570874, -34.473868259709967 ], [ -58.511917642235332, -34.473928292531191 ], [ -58.511971569412751, -34.473955989756995 ], [ -58.51257549122726, -34.474269800826931 ], [ -58.513449831485296, -34.473451198641463 ], [ -58.513516078720251, -34.47339792431363 ], [ -58.513582645528942, -34.473326625900583 ], [ -58.514280311088541, -34.472650083649413 ], [ -58.514357917632481, -34.472569906390582 ], [ -58.514424642783219, -34.472489595896448 ], [ -58.514980360245204, -34.471838364242579 ], [ -58.514840182352998, -34.471764552545295 ], [ -58.514451815511791, -34.471570549001619 ], [ -58.514311638547149, -34.47149673671845 ], [ -58.514172172045356, -34.471428108478506 ], [ -58.514058089836865, -34.471371971419508 ], [ -58.5138261432147, -34.471256481836093 ], [ -58.51370741101465, -34.471200956707087 ], [ -58.513556354249403, -34.471127012146916 ], [ -58.512563773052726, -34.470637219159144 ], [ -58.512445041509267, -34.470581692829029 ], [ -58.51235623420834, -34.470679759583739 ], [ -58.511920996828223, -34.471287378800163 ], [ -58.511864991437989, -34.471376831978439 ] ] ] } },
{ "type": "Feature", "properties": { "radio_id": "067560306", "prov": "06", "depto": "756", "partido": "SAN ISIDRO", "fraccion": "03", "radio": "06", "tipo_radio": "U", "area_fuente": 16179.478, "perimetro_fuente": 507.712 }, "geometry": { "type": "Polygon", "coordinates": [ [ [ -58.513127367082504, -34.471996102859109 ], [ -58.511983723682498, -34.471432358884485 ], [ -58.511864991437989, -34.471376831978439 ], [ -58.511787063695195, -34.471475031673158 ], [ -58.51124124530115, -34.472180449309896 ], [ -58.511174197275608, -34.472278781125496 ], [ -58.511282049068434, -34.472334176157041 ], [ -58.512372093895507, -34.472852206676158 ], [ -58.512469224789648, -34.472898456647378 ], [ -58.512546993207195, -34.472809268122525 ], [ -58.513093764321809, -34.472049775108097 ], [ -58.513127367082504, -34.471996102859109 ] ] ] } },
{ "type": "Feature", "properties": { "radio_id": "067560307", "prov": "06", "depto": "756", "partido": "SAN ISIDRO", "fraccion": "03", "radio": "07", "tipo_radio": "U", "area_fuente": 15909.6, "perimetro_fuente": 505.808 }, "geometry": { "type": "Polygon", "coordinates": [ [ [ -58.512469224789648, -34.472898456647378 ], [ -58.512372093895507, -34.472852206676158 ], [ -58.511282049068434, -34.472334176157041 ], [ -58.511174197275608, -34.472278781125496 ], [ -58.511107469268246, -34.472359088869467 ], [ -58.510461465223607, -34.473189471241753 ], [ -58.510590920206049, -34.473254143723757 ], [ -58.511453743034714, -34.473697305605107 ], [ -58.511610323117786, -34.473766813292613 ], [ -58.512469224789648, -34.472898456647378 ] ] ] } },
{ "type": "Feature", "properties": { "radio_id": "067560308", "prov": "06", "depto": "756", "partido": "SAN ISIDRO", "fraccion": "03", "radio": "08", "tipo_radio": "U", "area_fuente": 26746.564, "perimetro_fuente": 693.181 }, "geometry": { "type": "Polygon", "coordinates": [ [ [ -58.510062405296701, -34.471760474926668 ], [ -58.511174197275608, -34.472278781125496 ], [ -58.51124124530115, -34.472180449309896 ], [ -58.511787063695195, -34.471475031673158 ], [ -58.511864991437989, -34.471376831978439 ], [ -58.511920996828223, -34.471287378800163 ], [ -58.51235623420834, -34.470679759583739 ], [ -58.512445041509267, -34.470581692829029 ], [ -58.512347912178114, -34.470535442878372 ], [ -58.511711374803163, -34.47022123277798 ], [ -58.511344464364512, -34.470045507846031 ], [ -58.511233894519123, -34.470143308679063 ], [ -58.510820894424832, -34.470724154307057 ], [ -58.510764407951918, -34.470840641663095 ], [ -58.510719282702539, -34.470930226898766 ], [ -58.510032164760503, -34.471624903513963 ], [ -58.509954555074941, -34.471705078853525 ], [ -58.510062405296701, -34.471760474926668 ] ] ] } },
{ "type": "Feature", "properties": { "radio_id": "067560309", "prov": "06", "depto": "756", "partido": "SAN ISIDRO", "fraccion": "03", "radio": "09", "tipo_radio": "U", "area_fuente": 59186.89, "perimetro_fuente": 1002.308 }, "geometry": { "type": "Polygon", "coordinates": [ [ [ -58.511344464364512, -34.470045507846031 ], [ -58.511236455363502, -34.469999124492901 ], [ -58.510145813714828, -34.46951713101042 ], [ -58.510027086509297, -34.469461602416722 ], [ -58.5098869170914, -34.469387785224946 ], [ -58.50948801280056, -34.469175609712828 ], [ -58.50938016623958, -34.469120213206267 ], [ -58.509250718505342, -34.469055539589164 ], [ -58.508873899555525, -34.468825605379401 ], [ -58.508776774301346, -34.468779352680919 ], [ -58.508720446753131, -34.468886827528564 ], [ -58.508416244472578, -34.469468991683136 ], [ -58.508349035119821, -34.469576333517715 ], [ -58.508293027191435, -34.469665785013504 ], [ -58.50747420581078, -34.470421934100109 ], [ -58.507396755366138, -34.470493096243743 ], [ -58.507483161255109, -34.470530205615354 ], [ -58.507936471558914, -34.470743051035186 ], [ -58.508011996948881, -34.470780027191452 ], [ -58.508098243022403, -34.470826147694986 ], [ -58.509824943830381, -34.471649417329381 ], [ -58.509954555074941, -34.471705078853525 ], [ -58.510032164760503, -34.471624903513963 ], [ -58.510719282702539, -34.470930226898766 ], [ -58.510764407951918, -34.470840641663095 ], [ -58.510820894424832, -34.470724154307057 ], [ -58.511233894519123, -34.470143308679063 ], [ -58.511344464364512, -34.470045507846031 ] ] ] } },
{ "type": "Feature", "properties": { "radio_id": "067560310", "prov": "06", "depto": "756", "partido": "SAN ISIDRO", "fraccion": "03", "radio": "10", "tipo_radio": "U", "area_fuente": 21989.735, "perimetro_fuente": 619.165 }, "geometry": { "type": "Polygon", "coordinates": [ [ [ -58.507409018635883, -34.471637959188399 ], [ -58.507484544572343, -34.471674935680404 ], [ -58.5080561099346, -34.471970347444454 ], [ -58.508962109999523, -34.472432079908629 ], [ -58.509123885728812, -34.472515175299364 ], [ -58.509234460126827, -34.472417375643417 ], [ -58.509866064110227, -34.471785120554323 ], [ -58.509954555074941, -34.471705078853525 ], [ -58.509824943830381, -34.471649417329381 ], [ -58.508098243022403, -34.470826147694986 ], [ -58.508011996948881, -34.470780027191452 ], [ -58.507967029240504, -34.470860599782419 ], [ -58.507409018635883, -34.471637959188399 ] ] ] } },
{ "type": "Feature", "properties": { "radio_id": "067560311", "prov": "06", "depto": "756", "partido": "SAN ISIDRO", "fraccion": "03", "radio": "11", "tipo_radio": "U", "area_fuente": 16067.519, "perimetro_fuente": 511.073 }, "geometry": { "type": "Polygon", "coordinates": [ [ [ -58.511174197275608, -34.472278781125496 ], [ -58.510062405296701, -34.471760474926668 ], [ -58.509954555074941, -34.471705078853525 ], [ -58.509866064110227, -34.471785120554323 ], [ -58.509234460126827, -34.472417375643417 ], [ -58.509123885728812, -34.472515175299364 ], [ -58.509242616552314, -34.472570704840741 ], [ -58.510321129106536, -34.473124666880949 ], [ -58.510461465223607, -34.473189471241753 ], [ -58.511107469268246, -34.472359088869467 ], [ -58.511174197275608, -34.472278781125496 ] ] ] } },
{ "type": "Feature", "properties": { "radio_id": "067560312", "prov": "06", "depto": "756", "partido": "SAN ISIDRO", "fraccion": "03", "radio": "12", "tipo_radio": "U", "area_fuente": 8399.574, "perimetro_fuente": 370.843 }, "geometry": { "type": "Polygon", "coordinates": [ [ [ -58.508011996948881, -34.470780027191452 ], [ -58.507936471558914, -34.470743051035186 ], [ -58.507483161255109, -34.470530205615354 ], [ -58.507396755366138, -34.470493096243743 ], [ -58.507319465267109, -34.470555246782929 ], [ -58.506688815500638, -34.471133418384149 ], [ -58.506610721496671, -34.471240626176545 ], [ -58.506772653061688, -34.471314713028221 ], [ -58.507301170411601, -34.471582560821595 ], [ -58.507409018635883, -34.471637959188399 ], [ -58.507967029240504, -34.470860599782419 ], [ -58.508011996948881, -34.470780027191452 ] ] ] } },
{ "type": "Feature", "properties": { "radio_id": "067560401", "prov": "06", "depto": "756", "partido": "SAN ISIDRO", "fraccion": "04", "radio": "01", "tipo_radio": "U", "area_fuente": 420920.211, "perimetro_fuente": 3056.732 }, "geometry": { "type": "Polygon", "coordinates": [ [ [ -58.493159961407343, -34.466456090505027 ], [ -58.497268885367887, -34.469332424071268 ], [ -58.498153952913469, -34.470046355345282 ], [ -58.498561775043655, -34.470366839062528 ], [ -58.498624962147403, -34.470484789958107 ], [ -58.49869539464693, -34.47059707922061 ], [ -58.498699030344369, -34.470602875399159 ], [ -58.498783818301753, -34.470730105981531 ], [ -58.49885804831866, -34.470839179817347 ], [ -58.499074329723413, -34.471220402434902 ], [ -58.499175117703686, -34.471365855359593 ], [ -58.499201513523488, -34.47141124702442 ], [ -58.499227909371186, -34.471456638683954 ], [ -58.499254305246751, -34.471502030338222 ], [ -58.499264702255637, -34.471529198514965 ], [ -58.499280378454891, -34.471565445020261 ], [ -58.499285012250553, -34.471610569415517 ], [ -58.499294925241671, -34.471664772139199 ], [ -58.499305080263241, -34.471705457587362 ], [ -58.499309472058499, -34.471764099255743 ], [ -58.49931386387447, -34.471822740022482 ], [ -58.499318175006131, -34.471885887447897 ], [ -58.499333447929089, -34.471944662737187 ], [ -58.499354403446389, -34.471989987560598 ], [ -58.499375278315348, -34.472039818138803 ], [ -58.499407113921777, -34.472085276558666 ], [ -58.49944463321971, -34.472117284516102 ], [ -58.49949847425821, -34.472149492875793 ], [ -58.499552476660682, -34.472172689695888 ], [ -58.499617118268631, -34.472209537366446 ], [ -58.499654395735625, -34.472255062537904 ], [ -58.499708156307868, -34.472291775666342 ], [ -58.499767599444198, -34.472315039189638 ], [ -58.499843283719741, -34.472343008811684 ], [ -58.499919047601111, -34.472366472615704 ], [ -58.500005693789589, -34.472390069951288 ], [ -58.500076179528442, -34.472404455372875 ], [ -58.500173948870419, -34.472414668870009 ], [ -58.500266277648677, -34.472424815519297 ], [ -58.500374928226044, -34.472435162396991 ], [ -58.500478378989726, -34.472431925124262 ], [ -58.500554547271662, -34.472432859752956 ], [ -58.500636317356253, -34.472424849567332 ], [ -58.500723608617186, -34.472412400316003 ], [ -58.500750892168732, -34.472408228301994 ], [ -58.500860751656113, -34.472350989237029 ], [ -58.501582650547917, -34.471846074538327 ], [ -58.502056174105888, -34.471536408182374 ], [ -58.502135401395293, -34.471366122765517 ], [ -58.502312073487168, -34.471224072087857 ], [ -58.502455458985452, -34.471117668152587 ], [ -58.502653410165003, -34.471002918234262 ], [ -58.504075874266157, -34.469965760720214 ], [ -58.503924829724781, -34.469891804529851 ], [ -58.502471854397648, -34.468981672032335 ], [ -58.502344787978572, -34.468906773797066 ], [ -58.502315693643318, -34.46888962417826 ], [ -58.502147686394466, -34.468851511065218 ], [ -58.501001863739241, -34.468111875526432 ], [ -58.499819996513402, -34.467259119069247 ], [ -58.49979239207596, -34.467281313971384 ], [ -58.498509107351374, -34.465550391529064 ], [ -58.497436980389047, -34.463859943092338 ], [ -58.496942230050124, -34.463026498940202 ], [ -58.495197274288458, -34.463357528392912 ], [ -58.493994457355598, -34.463957997638495 ], [ -58.49394065578209, -34.465888864420812 ], [ -58.493322781197698, -34.466237354708433 ], [ -58.493159961407343, -34.466456090505027 ] ] ] } },
{ "type": "Feature", "properties": { "radio_id": "067560402", "prov": "06", "depto": "756", "partido": "SAN ISIDRO", "fraccion": "04", "radio": "02", "tipo_radio": "U", "area_fuente": 441953.826, "perimetro_fuente": 2787.487 }, "geometry": { "type": "Polygon", "coordinates": [ [ [ -58.493159961407343, -34.466456090505027 ], [ -58.492778115498822, -34.466969065588223 ], [ -58.492593887319913, -34.467871155034508 ], [ -58.492349604920889, -34.467915213707187 ], [ -58.492184622403407, -34.468787806938458 ], [ -58.491811333505659, -34.469243419559461 ], [ -58.49177047044774, -34.469975487503177 ], [ -58.491378712201083, -34.470416722195026 ], [ -58.491471732375729, -34.470812174527239 ], [ -58.491068293954164, -34.471293062952554 ], [ -58.491311825110174, -34.471564143468939 ], [ -58.492125184254235, -34.472464073945773 ], [ -58.492300624028793, -34.472640800103107 ], [ -58.49240441859633, -34.472745355384703 ], [ -58.492455995083709, -34.472801919454952 ], [ -58.492595100495969, -34.472934331017136 ], [ -58.492777000929102, -34.473107830053721 ], [ -58.492960037445457, -34.47321824933401 ], [ -58.493283071752124, -34.473411515968586 ], [ -58.493714759721875, -34.473615133711853 ], [ -58.494146610637955, -34.473809739374019 ], [ -58.49418981214184, -34.47382829871097 ], [ -58.494243732009579, -34.473856003594051 ], [ -58.494286933559735, -34.473874562897713 ], [ -58.49432469445857, -34.473893055149411 ], [ -58.494362455374336, -34.473911547389811 ], [ -58.494411016711375, -34.473934679432787 ], [ -58.494448696724859, -34.473957677393919 ], [ -58.494486376759248, -34.473980675343824 ], [ -58.494524056814541, -34.474003673282581 ], [ -58.494566853832275, -34.474044761223787 ], [ -58.494604372073248, -34.474076770632273 ], [ -58.494641809412016, -34.474113285776653 ], [ -58.494684525630525, -34.474158878524541 ], [ -58.494732358865896, -34.474222562166901 ], [ -58.494917927056278, -34.474495252524825 ], [ -58.494955202884796, -34.474540779073443 ], [ -58.495272644468017, -34.474742984244216 ], [ -58.495359048971196, -34.474780102139761 ], [ -58.495855228348326, -34.475029574863562 ], [ -58.496384055340862, -34.475279446430619 ], [ -58.496636512911344, -34.475160871428514 ], [ -58.49724137813984, -34.474812278596502 ], [ -58.49765939631358, -34.474565041722798 ], [ -58.498000112712809, -34.474379947690927 ], [ -58.498088293462871, -34.474317937085928 ], [ -58.498209603833004, -34.474229293096379 ], [ -58.49887007328131, -34.473813775004288 ], [ -58.498969135234447, -34.473751897407794 ], [ -58.499723298068353, -34.473269924181018 ], [ -58.499751711092216, -34.473202671787483 ], [ -58.49978004340079, -34.473139926044688 ], [ -58.499813492625933, -34.473095269203746 ], [ -58.499847104198729, -34.473041600849051 ], [ -58.499891435689008, -34.472997077576899 ], [ -58.499924643953861, -34.472965937990445 ], [ -58.4999522502874, -34.47294374312645 ], [ -58.499974335343715, -34.47292598723044 ], [ -58.500012903531285, -34.472899420160871 ], [ -58.500040429182654, -34.472881731034398 ], [ -58.500569337508402, -34.472518669469309 ], [ -58.500723608617186, -34.472412400316003 ], [ -58.500636317356253, -34.472424849567332 ], [ -58.500554547271662, -34.472432859752956 ], [ -58.500478378989726, -34.472431925124262 ], [ -58.500374928226044, -34.472435162396991 ], [ -58.500266277648677, -34.472424815519297 ], [ -58.500173948870419, -34.472414668870009 ], [ -58.500076179528442, -34.472404455372875 ], [ -58.500005693789589, -34.472390069951288 ], [ -58.499919047601111, -34.472366472615704 ], [ -58.499843283719741, -34.472343008811684 ], [ -58.499767599444198, -34.472315039189638 ], [ -58.499708156307868, -34.472291775666342 ], [ -58.499654395735625, -34.472255062537904 ], [ -58.499617118268631, -34.472209537366446 ], [ -58.499552476660682, -34.472172689695888 ], [ -58.49949847425821, -34.472149492875793 ], [ -58.49944463321971, -34.472117284516102 ], [ -58.499407113921777, -34.472085276558666 ], [ -58.499375278315348, -34.472039818138803 ], [ -58.499354403446389, -34.471989987560598 ], [ -58.499333447929089, -34.471944662737187 ], [ -58.499318175006131, -34.471885887447897 ], [ -58.49931386387447, -34.471822740022482 ], [ -58.499309472058499, -34.471764099255743 ], [ -58.499305080263241, -34.471705457587362 ], [ -58.499294925241671, -34.471664772139199 ], [ -58.499285012250553, -34.471610569415517 ], [ -58.499280378454891, -34.471565445020261 ], [ -58.499264702255637, -34.471529198514965 ], [ -58.499254305246751, -34.471502030338222 ], [ -58.499227909371186, -34.471456638683954 ], [ -58.499201513523488, -34.47141124702442 ], [ -58.499175117703686, -34.471365855359593 ], [ -58.499074329723413, -34.471220402434902 ], [ -58.49885804831866, -34.470839179817347 ], [ -58.498783818301753, -34.470730105981531 ], [ -58.498699030344369, -34.470602875399159 ], [ -58.49869539464693, -34.47059707922061 ], [ -58.498624962147403, -34.470484789958107 ], [ -58.498561775043655, -34.470366839062528 ], [ -58.498153952913469, -34.470046355345282 ], [ -58.497268885367887, -34.469332424071268 ], [ -58.493159961407343, -34.466456090505027 ] ] ] } },
{ "type": "Feature", "properties": { "radio_id": "067560403", "prov": "06", "depto": "756", "partido": "SAN ISIDRO", "fraccion": "04", "radio": "03", "tipo_radio": "U", "area_fuente": 484207.987, "perimetro_fuente": 2996.084 }, "geometry": { "type": "Polygon", "coordinates": [ [ [ -58.496384055340862, -34.475279446430619 ], [ -58.495855228348326, -34.475029574863562 ], [ -58.495359048971196, -34.474780102139761 ], [ -58.495272644468017, -34.474742984244216 ], [ -58.494955202884796, -34.474540779073443 ], [ -58.494917927056278, -34.474495252524825 ], [ -58.494732358865896, -34.474222562166901 ], [ -58.494684525630525, -34.474158878524541 ], [ -58.494641809412016, -34.474113285776653 ], [ -58.494604372073248, -34.474076770632273 ], [ -58.494566853832275, -34.474044761223787 ], [ -58.494524056814541, -34.474003673282581 ], [ -58.494486376759248, -34.473980675343824 ], [ -58.494448696724859, -34.473957677393919 ], [ -58.494411016711375, -34.473934679432787 ], [ -58.494362455374336, -34.473911547389811 ], [ -58.49432469445857, -34.473893055149411 ], [ -58.494286933559735, -34.473874562897713 ], [ -58.494243732009579, -34.473856003594051 ], [ -58.49418981214184, -34.47382829871097 ], [ -58.494146610637955, -34.473809739374019 ], [ -58.493714759721875, -34.473615133711853 ], [ -58.493283071752124, -34.473411515968586 ], [ -58.492960037445457, -34.47321824933401 ], [ -58.492777000929102, -34.473107830053721 ], [ -58.492595100495969, -34.472934331017136 ], [ -58.492455995083709, -34.472801919454952 ], [ -58.49240441859633, -34.472745355384703 ], [ -58.492300624028793, -34.472640800103107 ], [ -58.492125184254235, -34.472464073945773 ], [ -58.491311825110174, -34.471564143468939 ], [ -58.491068293954164, -34.471293062952554 ], [ -58.491035488758165, -34.471301671364103 ], [ -58.489272892170035, -34.472509233056741 ], [ -58.488656361662024, -34.47271140733168 ], [ -58.487115185900755, -34.473840063418415 ], [ -58.486904699333721, -34.47404476635333 ], [ -58.486694374433519, -34.474240458332652 ], [ -58.486560380908088, -34.474428080954375 ], [ -58.486589933163607, -34.474599702983454 ], [ -58.485711450879592, -34.475271185740851 ], [ -58.486389096414214, -34.475596300448203 ], [ -58.486719030511672, -34.475761333202364 ], [ -58.486851352497496, -34.475827520005481 ], [ -58.488296493254801, -34.476531680034945 ], [ -58.488404415790441, -34.476582589240543 ], [ -58.488604100187587, -34.476675194007754 ], [ -58.488836024946337, -34.476790729958012 ], [ -58.489364515845253, -34.477058655417551 ], [ -58.489655966405415, -34.477192953568803 ], [ -58.490929381472242, -34.477799068555015 ], [ -58.492472349299945, -34.478548204355576 ], [ -58.492666602075367, -34.478640735566941 ], [ -58.493637713788893, -34.479112397760133 ], [ -58.494604720253719, -34.47860153508622 ], [ -58.49485743211779, -34.478469446005363 ], [ -58.495395662089322, -34.478196657614063 ], [ -58.495988944954441, -34.477888489584828 ], [ -58.496384572983324, -34.47767703580584 ], [ -58.496615354012349, -34.477553686609909 ], [ -58.497109883760636, -34.477289366284701 ], [ -58.497405146548452, -34.477211876056032 ], [ -58.497679613471156, -34.477080049403988 ], [ -58.497998738301547, -34.476885675738117 ], [ -58.498637305352666, -34.476478903645877 ], [ -58.498725489005217, -34.476416892660374 ], [ -58.49763564919887, -34.475889730162379 ], [ -58.497117696066873, -34.475639997670896 ], [ -58.496653668872987, -34.475417966026505 ], [ -58.496384055340862, -34.475279446430619 ] ] ] } },
{ "type": "Feature", "properties": { "radio_id": "067560404", "prov": "06", "depto": "756", "partido": "SAN ISIDRO", "fraccion": "04", "radio": "04", "tipo_radio": "U", "area_fuente": 219549.803, "perimetro_fuente": 2375.063 }, "geometry": { "type": "Polygon", "coordinates": [ [ [ -58.506610721496671, -34.471240626176545 ], [ -58.50645967236013, -34.471166672115601 ], [ -58.505068234698179, -34.470464633662743 ], [ -58.504938789515826, -34.470399955536813 ], [ -58.504820063635954, -34.470344421934804 ], [ -58.504172998134045, -34.470012017115245 ], [ -58.504075874266157, -34.469965760720214 ], [ -58.502653410165003, -34.471002918234262 ], [ -58.502455458985452, -34.471117668152587 ], [ -58.502312073487168, -34.471224072087857 ], [ -58.502135401395293, -34.471366122765517 ], [ -58.502056174105888, -34.471536408182374 ], [ -58.501582650547917, -34.471846074538327 ], [ -58.500860751656113, -34.472350989237029 ], [ -58.500750892168732, -34.472408228301994 ], [ -58.500723608617186, -34.472412400316003 ], [ -58.500569337508402, -34.472518669469309 ], [ -58.500040429182654, -34.472881731034398 ], [ -58.500012903531285, -34.472899420160871 ], [ -58.499974335343715, -34.47292598723044 ], [ -58.4999522502874, -34.47294374312645 ], [ -58.499924643953861, -34.472965937990445 ], [ -58.499891435689008, -34.472997077576899 ], [ -58.499847104198729, -34.473041600849051 ], [ -58.499813492625933, -34.473095269203746 ], [ -58.49978004340079, -34.473139926044688 ], [ -58.499751711092216, -34.473202671787483 ], [ -58.499723298068353, -34.473269924181018 ], [ -58.498969135234447, -34.473751897407794 ], [ -58.49887007328131, -34.473813775004288 ], [ -58.498209603833004, -34.474229293096379 ], [ -58.498088293462871, -34.474317937085928 ], [ -58.498000112712809, -34.474379947690927 ], [ -58.49765939631358, -34.474565041722798 ], [ -58.49724137813984, -34.474812278596502 ], [ -58.496636512911344, -34.475160871428514 ], [ -58.496384055340862, -34.475279446430619 ], [ -58.496653668872987, -34.475417966026505 ], [ -58.497117696066873, -34.475639997670896 ], [ -58.49763564919887, -34.475889730162379 ], [ -58.498725489005217, -34.476416892660374 ], [ -58.499165758665853, -34.476142883642801 ], [ -58.499627869390693, -34.475864634415672 ], [ -58.500222491413126, -34.475479847907486 ], [ -58.500332597253532, -34.475409091286203 ], [ -58.500508798462157, -34.475294078170741 ], [ -58.501158545238454, -34.474869402651692 ], [ -58.501246563110861, -34.474816401243999 ], [ -58.501367709858535, -34.474736765577369 ], [ -58.501907345027455, -34.474382843453121 ], [ -58.502033850712117, -34.47430777954991 ], [ -58.502149635786786, -34.474223571506975 ], [ -58.503008526551717, -34.47366624672533 ], [ -58.503074779313408, -34.473612977323874 ], [ -58.503173838048198, -34.473551096228768 ], [ -58.503757465887595, -34.473170664001863 ], [ -58.504407179980447, -34.472745970203505 ], [ -58.504495194693433, -34.472692966339054 ], [ -58.505618414763937, -34.471958587968508 ], [ -58.505717630338111, -34.471887694053414 ], [ -58.506532628377663, -34.471347833925279 ], [ -58.506610721496671, -34.471240626176545 ] ] ] } },
{ "type": "Feature", "properties": { "radio_id": "067560405", "prov": "06", "depto": "756", "partido": "SAN ISIDRO", "fraccion": "04", "radio": "05", "tipo_radio": "U", "area_fuente": 432007.615, "perimetro_fuente": 2976.089 }, "geometry": { "type": "Polygon", "coordinates": [ [ [ -58.509123885728812, -34.472515175299364 ], [ -58.508962109999523, -34.472432079908629 ], [ -58.5080561099346, -34.471970347444454 ], [ -58.507484544572343, -34.471674935680404 ], [ -58.507409018635883, -34.471637959188399 ], [ -58.507301170411601, -34.471582560821595 ], [ -58.506772653061688, -34.471314713028221 ], [ -58.506610721496671, -34.471240626176545 ], [ -58.506532628377663, -34.471347833925279 ], [ -58.505717630338111, -34.471887694053414 ], [ -58.505618414763937, -34.471958587968508 ], [ -58.504495194693433, -34.472692966339054 ], [ -58.504407179980447, -34.472745970203505 ], [ -58.503757465887595, -34.473170664001863 ], [ -58.503173838048198, -34.473551096228768 ], [ -58.503074779313408, -34.473612977323874 ], [ -58.503008526551717, -34.47366624672533 ], [ -58.502149635786786, -34.474223571506975 ], [ -58.502033850712117, -34.47430777954991 ], [ -58.501907345027455, -34.474382843453121 ], [ -58.501367709858535, -34.474736765577369 ], [ -58.501246563110861, -34.474816401243999 ], [ -58.501158545238454, -34.474869402651692 ], [ -58.500508798462157, -34.475294078170741 ], [ -58.500332597253532, -34.475409091286203 ], [ -58.500614549607825, -34.475466632208096 ], [ -58.501574308427905, -34.475965132802195 ], [ -58.501768565927577, -34.476057649684549 ], [ -58.502081073705206, -34.476232736436529 ], [ -58.50257696052963, -34.476500205594839 ], [ -58.502701052678795, -34.476560313928616 ], [ -58.502776419779231, -34.476606304887341 ], [ -58.502959719002341, -34.476703191481718 ], [ -58.503099733040237, -34.476786028220126 ], [ -58.503218143681089, -34.476859586682181 ], [ -58.503352475936367, -34.476955873783524 ], [ -58.503465286302948, -34.477038376914187 ], [ -58.503599538689066, -34.477139168617846 ], [ -58.503835156463111, -34.477353870968166 ], [ -58.503991093051027, -34.47745943540373 ], [ -58.504045663187867, -34.477451089993991 ], [ -58.504094631523472, -34.477451689479082 ], [ -58.504148879927172, -34.477461367078554 ], [ -58.504192166061095, -34.47747541721067 ], [ -58.504229929767178, -34.477493906476283 ], [ -58.504262253647767, -34.477512329143089 ], [ -58.504283776101879, -34.477526112837765 ], [ -58.504310417809705, -34.477557986184692 ], [ -58.504320977993231, -34.477576142439055 ], [ -58.504336737856683, -34.477607882583207 ], [ -58.504347056792582, -34.477639556128146 ], [ -58.504346413449738, -34.477675601340763 ], [ -58.504601333653312, -34.477723788804603 ], [ -58.504839769446924, -34.477780787534641 ], [ -58.504915701572315, -34.47779523686728 ], [ -58.505169738371293, -34.477892986583612 ], [ -58.505531308269077, -34.478064158988161 ], [ -58.505821504189633, -34.478270510684133 ], [ -58.504983061951499, -34.478900212627707 ], [ -58.504674022798504, -34.479139794607264 ], [ -58.504884527919167, -34.479250095305296 ], [ -58.504938221866894, -34.479278229930657 ], [ -58.505040637111897, -34.47933356396392 ], [ -58.505955900238213, -34.478668747947708 ], [ -58.50602215635157, -34.478615477057538 ], [ -58.506110337049648, -34.478553460678455 ], [ -58.506860268064337, -34.478003790766458 ], [ -58.506926521991112, -34.4779505193383 ], [ -58.507014701325922, -34.477888502264229 ], [ -58.507731814441833, -34.477347440204476 ], [ -58.507798068385689, -34.477294168283485 ], [ -58.507886406846517, -34.477223138995512 ], [ -58.50859262690981, -34.476681937753114 ], [ -58.508658719395669, -34.47663767778058 ], [ -58.508725131465155, -34.476575393759731 ], [ -58.509331962775974, -34.476114096621608 ], [ -58.509409096428534, -34.476060956510025 ], [ -58.509508313917436, -34.475990058704276 ], [ -58.510148582616246, -34.475484097652185 ], [ -58.510214673359158, -34.47543983588249 ], [ -58.510325091399245, -34.475351047822599 ], [ -58.511141855372522, -34.474712030177841 ], [ -58.511208265154835, -34.47464974471383 ], [ -58.511285716413703, -34.474578581117569 ], [ -58.511862114999587, -34.473990710930501 ], [ -58.511917642235332, -34.473928292531191 ], [ -58.511798986570874, -34.473868259709967 ], [ -58.51175995607958, -34.473844917089842 ], [ -58.51174514060763, -34.473836056641581 ], [ -58.511610323117786, -34.473766813292613 ], [ -58.511453743034714, -34.473697305605107 ], [ -58.510590920206049, -34.473254143723757 ], [ -58.510461465223607, -34.473189471241753 ], [ -58.510321129106536, -34.473124666880949 ], [ -58.509242616552314, -34.472570704840741 ], [ -58.509123885728812, -34.472515175299364 ] ] ] } },
{ "type": "Feature", "properties": { "radio_id": "067560406", "prov": "06", "depto": "756", "partido": "SAN ISIDRO", "fraccion": "04", "radio": "06", "tipo_radio": "U", "area_fuente": 157158.108, "perimetro_fuente": 1767.321 }, "geometry": { "type": "Polygon", "coordinates": [ [ [ -58.498725489005217, -34.476416892660374 ], [ -58.498637305352666, -34.476478903645877 ], [ -58.497998738301547, -34.476885675738117 ], [ -58.499206356590896, -34.47752244362951 ], [ -58.500144364793535, -34.478020688368773 ], [ -58.500564888161797, -34.478242172253381 ], [ -58.50104989958637, -34.478509514174348 ], [ -58.501535075312141, -34.478767841822879 ], [ -58.502063298963442, -34.479053736683319 ], [ -58.503109036102266, -34.479616374062445 ], [ -58.503647991880307, -34.47991140624454 ], [ -58.503697605336463, -34.479875959836377 ], [ -58.504674022798504, -34.479139794607264 ], [ -58.504983061951499, -34.478900212627707 ], [ -58.505821504189633, -34.478270510684133 ], [ -58.505531308269077, -34.478064158988161 ], [ -58.505169738371293, -34.477892986583612 ], [ -58.504915701572315, -34.47779523686728 ], [ -58.504839769446924, -34.477780787534641 ], [ -58.504601333653312, -34.477723788804603 ], [ -58.504346413449738, -34.477675601340763 ], [ -58.504347056792582, -34.477639556128146 ], [ -58.504336737856683, -34.477607882583207 ], [ -58.504320977993231, -34.477576142439055 ], [ -58.504310417809705, -34.477557986184692 ], [ -58.504283776101879, -34.477526112837765 ], [ -58.504262253647767, -34.477512329143089 ], [ -58.504229929767178, -34.477493906476283 ], [ -58.504192166061095, -34.47747541721067 ], [ -58.504148879927172, -34.477461367078554 ], [ -58.504094631523472, -34.477451689479082 ], [ -58.504045663187867, -34.477451089993991 ], [ -58.503991093051027, -34.47745943540373 ], [ -58.503835156463111, -34.477353870968166 ], [ -58.503599538689066, -34.477139168617846 ], [ -58.503465286302948, -34.477038376914187 ], [ -58.503352475936367, -34.476955873783524 ], [ -58.503218143681089, -34.476859586682181 ], [ -58.503099733040237, -34.476786028220126 ], [ -58.502959719002341, -34.476703191481718 ], [ -58.502776419779231, -34.476606304887341 ], [ -58.502701052678795, -34.476560313928616 ], [ -58.50257696052963, -34.476500205594839 ], [ -58.502081073705206, -34.476232736436529 ], [ -58.501768565927577, -34.476057649684549 ], [ -58.501574308427905, -34.475965132802195 ], [ -58.500614549607825, -34.475466632208096 ], [ -58.500332597253532, -34.475409091286203 ], [ -58.500222491413126, -34.475479847907486 ], [ -58.499627869390693, -34.475864634415672 ], [ -58.499165758665853, -34.476142883642801 ], [ -58.498725489005217, -34.476416892660374 ] ] ] } },
{ "type": "Feature", "properties": { "radio_id": "067560407", "prov": "06", "depto": "756", "partido": "SAN ISIDRO", "fraccion": "04", "radio": "07", "tipo_radio": "U", "area_fuente": 183564.581, "perimetro_fuente": 1762.354 }, "geometry": { "type": "Polygon", "coordinates": [ [ [ -58.50104989958637, -34.478509514174348 ], [ -58.500564888161797, -34.478242172253381 ], [ -58.500144364793535, -34.478020688368773 ], [ -58.499206356590896, -34.47752244362951 ], [ -58.497998738301547, -34.476885675738117 ], [ -58.497679613471156, -34.477080049403988 ], [ -58.497405146548452, -34.477211876056032 ], [ -58.497109883760636, -34.477289366284701 ], [ -58.496615354012349, -34.477553686609909 ], [ -58.496384572983324, -34.47767703580584 ], [ -58.495988944954441, -34.477888489584828 ], [ -58.495395662089322, -34.478196657614063 ], [ -58.49485743211779, -34.478469446005363 ], [ -58.494604720253719, -34.47860153508622 ], [ -58.493637713788893, -34.479112397760133 ], [ -58.494123192836334, -34.479352732248621 ], [ -58.495072720000984, -34.479815103713484 ], [ -58.495989771960701, -34.480268054695806 ], [ -58.496928436833613, -34.480730278247904 ], [ -58.497888715302516, -34.481201773886902 ], [ -58.498298688729015, -34.48140510984598 ], [ -58.498805798173997, -34.481654705326697 ], [ -58.498984275010073, -34.481413533915983 ], [ -58.499285684305207, -34.48099360335344 ], [ -58.499475684987011, -34.480716519655637 ], [ -58.49969865486036, -34.480421812578243 ], [ -58.500145395230305, -34.479787341287626 ], [ -58.50042470594282, -34.47938516336874 ], [ -58.500781799387049, -34.478893804226423 ], [ -58.50104989958637, -34.478509514174348 ] ] ] } },
{ "type": "Feature", "properties": { "radio_id": "067560408", "prov": "06", "depto": "756", "partido": "SAN ISIDRO", "fraccion": "04", "radio": "08", "tipo_radio": "U", "area_fuente": 95227.623, "perimetro_fuente": 1311.879 }, "geometry": { "type": "Polygon", "coordinates": [ [ [ -58.503647991880307, -34.47991140624454 ], [ -58.503109036102266, -34.479616374062445 ], [ -58.502063298963442, -34.479053736683319 ], [ -58.501535075312141, -34.478767841822879 ], [ -58.50104989958637, -34.478509514174348 ], [ -58.500781799387049, -34.478893804226423 ], [ -58.50042470594282, -34.47938516336874 ], [ -58.500145395230305, -34.479787341287626 ], [ -58.49969865486036, -34.480421812578243 ], [ -58.499475684987011, -34.480716519655637 ], [ -58.499285684305207, -34.48099360335344 ], [ -58.498984275010073, -34.481413533915983 ], [ -58.498805798173997, -34.481654705326697 ], [ -58.499841629834485, -34.482163168006487 ], [ -58.500499813082683, -34.482486718277613 ], [ -58.500877635530301, -34.482662610683661 ], [ -58.501547669226618, -34.481715401894334 ], [ -58.501669953985285, -34.48157268568805 ], [ -58.501836734530613, -34.481376434903744 ], [ -58.502025762285541, -34.481153415252045 ], [ -58.502765342794142, -34.480576604936111 ], [ -58.503030139318803, -34.480377045777679 ], [ -58.503647991880307, -34.47991140624454 ] ] ] } },
{ "type": "Feature", "properties": { "radio_id": "067560501", "prov": "06", "depto": "756", "partido": "SAN ISIDRO", "fraccion": "05", "radio": "01", "tipo_radio": "U", "area_fuente": 561770.865, "perimetro_fuente": 3018.704 }, "geometry": { "type": "Polygon", "coordinates": [ [ [ -58.493637713788893, -34.479112397760133 ], [ -58.492666602075367, -34.478640735566941 ], [ -58.492472349299945, -34.478548204355576 ], [ -58.490929381472242, -34.477799068555015 ], [ -58.489655966405415, -34.477192953568803 ], [ -58.489364515845253, -34.477058655417551 ], [ -58.488836024946337, -34.476790729958012 ], [ -58.488604100187587, -34.476675194007754 ], [ -58.488404415790441, -34.476582589240543 ], [ -58.488296493254801, -34.476531680034945 ], [ -58.486851352497496, -34.475827520005481 ], [ -58.486719030511672, -34.475761333202364 ], [ -58.486389096414214, -34.475596300448203 ], [ -58.485711450879592, -34.475271185740851 ], [ -58.484303033585391, -34.476618679813569 ], [ -58.483349369230886, -34.477803744122909 ], [ -58.482892539997323, -34.478288800356452 ], [ -58.482353231035319, -34.478539435766926 ], [ -58.481910732644138, -34.479030651067788 ], [ -58.481614899595449, -34.47940399753675 ], [ -58.481522778178785, -34.479702077106985 ], [ -58.48133683593533, -34.479993005598629 ], [ -58.481433584419207, -34.480056047576277 ], [ -58.482783158215767, -34.480708254516401 ], [ -58.482827480221275, -34.480727258118463 ], [ -58.482921855524161, -34.480767583490717 ], [ -58.483077406041637, -34.480834048383805 ], [ -58.484666915480688, -34.48163340166618 ], [ -58.485702575021008, -34.48214648769585 ], [ -58.48728820715931, -34.482945792688021 ], [ -58.488604163594871, -34.483611045682913 ], [ -58.489014287382496, -34.483805400986704 ], [ -58.489100210587075, -34.483869557796901 ], [ -58.489532267420586, -34.483451267779472 ], [ -58.489731727296935, -34.483255437118785 ], [ -58.490363072309272, -34.482650325236968 ], [ -58.490762144609022, -34.482249650016328 ], [ -58.490939671641328, -34.482062559820655 ], [ -58.491128403704948, -34.481857581679925 ], [ -58.491472571316947, -34.481483266377182 ], [ -58.491672346364602, -34.481269409303593 ], [ -58.492160571823419, -34.480752654586205 ], [ -58.492427094655909, -34.480458499498347 ], [ -58.492582687670406, -34.480280149608006 ], [ -58.49302721117796, -34.479771866420371 ], [ -58.493160551298139, -34.479620281724287 ], [ -58.49359369971171, -34.47913889558437 ], [ -58.493637713788893, -34.479112397760133 ] ] ] } },
{ "type": "Feature", "properties": { "radio_id": "067560502", "prov": "06", "depto": "756", "partido": "SAN ISIDRO", "fraccion": "05", "radio": "02", "tipo_radio": "U", "area_fuente": 588850.4, "perimetro_fuente": 3440.963 }, "geometry": { "type": "Polygon", "coordinates": [ [ [ -58.482484015436249, -34.490946596801741 ], [ -58.484390843149555, -34.491703296652915 ], [ -58.48468698716524, -34.490978256282091 ], [ -58.484781678237979, -34.49063167560395 ], [ -58.484986148447973, -34.489819855981374 ], [ -58.485101357365743, -34.489210077896338 ], [ -58.485200221014217, -34.488859779961224 ], [ -58.485235315167984, -34.488725013278881 ], [ -58.485490712337857, -34.487844862800841 ], [ -58.485514107802572, -34.487755019163089 ], [ -58.48582687750487, -34.487045440227966 ], [ -58.486627601966447, -34.486303243977019 ], [ -58.486917432390058, -34.486030338561669 ], [ -58.487475282085164, -34.485504549352378 ], [ -58.487683507939316, -34.485339707266569 ], [ -58.4881922267219, -34.484723617091035 ], [ -58.488867774781149, -34.484083005558368 ], [ -58.489100210587075, -34.483869557796901 ], [ -58.489014287382496, -34.483805400986704 ], [ -58.488604163594871, -34.483611045682913 ], [ -58.48728820715931, -34.482945792688021 ], [ -58.485702575021008, -34.48214648769585 ], [ -58.484666915480688, -34.48163340166618 ], [ -58.483077406041637, -34.480834048383805 ], [ -58.482921855524161, -34.480767583490717 ], [ -58.482827480221275, -34.480727258118463 ], [ -58.482783158215767, -34.480708254516401 ], [ -58.481433584419207, -34.480056047576277 ], [ -58.481928205035437, -34.480561992811033 ], [ -58.481806228891003, -34.481132016233843 ], [ -58.481359983575423, -34.481672794422245 ], [ -58.480931691096423, -34.482010722695378 ], [ -58.48080874891005, -34.482405580694746 ], [ -58.480627704467047, -34.482874008532598 ], [ -58.480528753610614, -34.483293025810873 ], [ -58.480116742194532, -34.483624100423313 ], [ -58.480000846897426, -34.483857998131953 ], [ -58.480116218919996, -34.484212442501168 ], [ -58.480059598602445, -34.484539156289813 ], [ -58.480059533018476, -34.484539531334867 ], [ -58.480380281035622, -34.485652280068678 ], [ -58.480358678437241, -34.486843140521181 ], [ -58.480482004232805, -34.487253749743601 ], [ -58.480404567136162, -34.48751748094864 ], [ -58.480397147793127, -34.487926463979839 ], [ -58.480540676288349, -34.488024501883757 ], [ -58.480526491790982, -34.48846824494494 ], [ -58.480459231112597, -34.488575569769736 ], [ -58.480423475496465, -34.488746379631387 ], [ -58.480386738797563, -34.488971258848956 ], [ -58.480303852934618, -34.489339778233081 ], [ -58.480167041287139, -34.489680586369964 ], [ -58.480162462901099, -34.489932905852278 ], [ -58.480253175707325, -34.490017965685034 ], [ -58.48034842066037, -34.490107274879826 ], [ -58.481217173274572, -34.490448149333588 ], [ -58.481330466519339, -34.490492602301259 ], [ -58.481429132071966, -34.490531315655886 ], [ -58.482484015436249, -34.490946596801741 ] ] ] } },
{ "type": "Feature", "properties": { "radio_id": "067560503", "prov": "06", "depto": "756", "partido": "SAN ISIDRO", "fraccion": "05", "radio": "03", "tipo_radio": "U", "area_fuente": 154466.051, "perimetro_fuente": 1596.897 }, "geometry": { "type": "Polygon", "coordinates": [ [ [ -58.486718008280839, -34.49277086115093 ], [ -58.487304108041727, -34.493030374640604 ], [ -58.487760438513035, -34.492361670131537 ], [ -58.488398048851032, -34.491414136703 ], [ -58.488968392818812, -34.490573929145889 ], [ -58.489494217649984, -34.489787248995441 ], [ -58.489516634443873, -34.489751472313948 ], [ -58.489533447026439, -34.489724639799711 ], [ -58.48953921372307, -34.48970668417833 ], [ -58.489544979328734, -34.489688728543129 ], [ -58.489550908523491, -34.489661761471531 ], [ -58.488881344553157, -34.489365051945583 ], [ -58.488427823796485, -34.489161145614425 ], [ -58.487477580434167, -34.488734767127397 ], [ -58.487045670296155, -34.488540136730947 ], [ -58.48665696931328, -34.48836406696585 ], [ -58.485490712337857, -34.487844862800841 ], [ -58.485235315167984, -34.488725013278881 ], [ -58.485200221014217, -34.488859779961224 ], [ -58.485101357365743, -34.489210077896338 ], [ -58.484986148447973, -34.489819855981374 ], [ -58.484781678237979, -34.49063167560395 ], [ -58.48468698716524, -34.490978256282091 ], [ -58.484390843149555, -34.491703296652915 ], [ -58.486718008280839, -34.49277086115093 ] ] ] } },
{ "type": "Feature", "properties": { "radio_id": "067560504", "prov": "06", "depto": "756", "partido": "SAN ISIDRO", "fraccion": "05", "radio": "04", "tipo_radio": "U", "area_fuente": 262566.478, "perimetro_fuente": 2309.455 }, "geometry": { "type": "Polygon", "coordinates": [ [ [ -58.492134437843227, -34.487647623039898 ], [ -58.491767333543841, -34.487480849431833 ], [ -58.491173471727599, -34.487212127395885 ], [ -58.490644424815002, -34.486971242730313 ], [ -58.490147867532365, -34.486739771675744 ], [ -58.489197805509882, -34.486304395459463 ], [ -58.487475282085164, -34.485504549352378 ], [ -58.486917432390058, -34.486030338561669 ], [ -58.486627601966447, -34.486303243977019 ], [ -58.48582687750487, -34.487045440227966 ], [ -58.485514107802572, -34.487755019163089 ], [ -58.485490712337857, -34.487844862800841 ], [ -58.48665696931328, -34.48836406696585 ], [ -58.487045670296155, -34.488540136730947 ], [ -58.487477580434167, -34.488734767127397 ], [ -58.488427823796485, -34.489161145614425 ], [ -58.488881344553157, -34.489365051945583 ], [ -58.489550908523491, -34.489661761471531 ], [ -58.490555103334444, -34.490115831016617 ], [ -58.491051843797067, -34.490338290293991 ], [ -58.491516261071823, -34.490542321560994 ], [ -58.492498871534352, -34.490987095380305 ], [ -58.493465248271377, -34.491427154490978 ], [ -58.494011344936737, -34.490721825624611 ], [ -58.494367474328108, -34.490289062923317 ], [ -58.494766403825544, -34.489897387027291 ], [ -58.495502532994784, -34.489216924933132 ], [ -58.494844237216064, -34.488897852936759 ], [ -58.494034473260974, -34.488527335529099 ], [ -58.493451479658468, -34.488258758376091 ], [ -58.493084530977796, -34.488082977123433 ], [ -58.492134437843227, -34.487647623039898 ] ] ] } },
{ "type": "Feature", "properties": { "radio_id": "067560505", "prov": "06", "depto": "756", "partido": "SAN ISIDRO", "fraccion": "05", "radio": "05", "tipo_radio": "U", "area_fuente": 246244.227, "perimetro_fuente": 2016.941 }, "geometry": { "type": "Polygon", "coordinates": [ [ [ -58.495130595328497, -34.483258957918643 ], [ -58.494191913101147, -34.482796720253937 ], [ -58.49326379863723, -34.482352632750114 ], [ -58.49232513722594, -34.481890381210938 ], [ -58.491472571316947, -34.481483266377182 ], [ -58.491128403704948, -34.481857581679925 ], [ -58.490939671641328, -34.482062559820655 ], [ -58.490762144609022, -34.482249650016328 ], [ -58.490363072309272, -34.482650325236968 ], [ -58.489731727296935, -34.483255437118785 ], [ -58.489532267420586, -34.483451267779472 ], [ -58.489100210587075, -34.483869557796901 ], [ -58.488867774781149, -34.484083005558368 ], [ -58.4881922267219, -34.484723617091035 ], [ -58.487683507939316, -34.485339707266569 ], [ -58.487475282085164, -34.485504549352378 ], [ -58.489197805509882, -34.486304395459463 ], [ -58.490147867532365, -34.486739771675744 ], [ -58.490644424815002, -34.486971242730313 ], [ -58.491173471727599, -34.487212127395885 ], [ -58.491767333543841, -34.487480849431833 ], [ -58.492134437843227, -34.487647623039898 ], [ -58.492649978533976, -34.486824747485443 ], [ -58.493120357349589, -34.48609144720907 ], [ -58.493232104087092, -34.485930582928937 ], [ -58.493343687227295, -34.485778729988738 ], [ -58.493745840682969, -34.485206828166916 ], [ -58.494236992986735, -34.484527859175707 ], [ -58.494683797050435, -34.483893409928761 ], [ -58.495130595328497, -34.483258957918643 ] ] ] } },
{ "type": "Feature", "properties": { "radio_id": "067560506", "prov": "06", "depto": "756", "partido": "SAN ISIDRO", "fraccion": "05", "radio": "06", "tipo_radio": "U", "area_fuente": 153349.118, "perimetro_fuente": 1598.247 }, "geometry": { "type": "Polygon", "coordinates": [ [ [ -58.497888715302516, -34.481201773886902 ], [ -58.496928436833613, -34.480730278247904 ], [ -58.495989771960701, -34.480268054695806 ], [ -58.495072720000984, -34.479815103713484 ], [ -58.494123192836334, -34.479352732248621 ], [ -58.493637713788893, -34.479112397760133 ], [ -58.49359369971171, -34.47913889558437 ], [ -58.493160551298139, -34.479620281724287 ], [ -58.49302721117796, -34.479771866420371 ], [ -58.492582687670406, -34.480280149608006 ], [ -58.492427094655909, -34.480458499498347 ], [ -58.492160571823419, -34.480752654586205 ], [ -58.491672346364602, -34.481269409303593 ], [ -58.491472571316947, -34.481483266377182 ], [ -58.49232513722594, -34.481890381210938 ], [ -58.49326379863723, -34.482352632750114 ], [ -58.494191913101147, -34.482796720253937 ], [ -58.495130595328497, -34.483258957918643 ], [ -58.496069449844505, -34.483712178023595 ], [ -58.496840236824113, -34.482613007043703 ], [ -58.497364642157841, -34.48189838070239 ], [ -58.497888715302516, -34.481201773886902 ] ] ] } },
{ "type": "Feature", "properties": { "radio_id": "067560507", "prov": "06", "depto": "756", "partido": "SAN ISIDRO", "fraccion": "05", "radio": "07", "tipo_radio": "U", "area_fuente": 115217.885, "perimetro_fuente": 1359.79 }, "geometry": { "type": "Polygon", "coordinates": [ [ [ -58.498805798173997, -34.481654705326697 ], [ -58.498298688729015, -34.48140510984598 ], [ -58.497888715302516, -34.481201773886902 ], [ -58.497364642157841, -34.48189838070239 ], [ -58.496840236824113, -34.482613007043703 ], [ -58.496069449844505, -34.483712178023595 ], [ -58.496598169624676, -34.48397106125946 ], [ -58.49700831471889, -34.484165390244975 ], [ -58.498044165354138, -34.48467386849147 ], [ -58.499155724275383, -34.48521030853086 ], [ -58.499289238576743, -34.485274392102681 ], [ -58.499425534289081, -34.485339811237424 ], [ -58.499459070612851, -34.485290648976907 ], [ -58.500157397676311, -34.484285208551682 ], [ -58.500168683718613, -34.484262813387957 ], [ -58.500185411111943, -34.484240485016869 ], [ -58.500213343855229, -34.484200267225404 ], [ -58.500632331694291, -34.483597001274298 ], [ -58.500682351795312, -34.483539027440315 ], [ -58.501206811696925, -34.482819877349819 ], [ -58.501147441382649, -34.482792109507706 ], [ -58.501058074036997, -34.482749215863024 ], [ -58.500877635530301, -34.482662610683661 ], [ -58.500499813082683, -34.482486718277613 ], [ -58.499841629834485, -34.482163168006487 ], [ -58.498805798173997, -34.481654705326697 ] ] ] } },
{ "type": "Feature", "properties": { "radio_id": "067560508", "prov": "06", "depto": "756", "partido": "SAN ISIDRO", "fraccion": "05", "radio": "08", "tipo_radio": "U", "area_fuente": 112187.175, "perimetro_fuente": 1414.458 }, "geometry": { "type": "Polygon", "coordinates": [ [ [ -58.496069449844505, -34.483712178023595 ], [ -58.495130595328497, -34.483258957918643 ], [ -58.494683797050435, -34.483893409928761 ], [ -58.494236992986735, -34.484527859175707 ], [ -58.493745840682969, -34.485206828166916 ], [ -58.494684708746789, -34.485660058250005 ], [ -58.495191832142815, -34.485909668057239 ], [ -58.495612704219148, -34.486113147349897 ], [ -58.496637686561797, -34.48662150377217 ], [ -58.497706133062259, -34.487134892902361 ], [ -58.497767202024242, -34.487068042733071 ], [ -58.498184605652732, -34.486554901167963 ], [ -58.498256879893553, -34.486470161519179 ], [ -58.498332333928708, -34.486511649571639 ], [ -58.498398282389083, -34.486546243520316 ], [ -58.498499485982919, -34.486599331907094 ], [ -58.498542614239192, -34.486622395610588 ], [ -58.498994758818647, -34.485992501959693 ], [ -58.499011971271905, -34.485943139290207 ], [ -58.499386396180057, -34.485397917264855 ], [ -58.499408645065429, -34.485371150085065 ], [ -58.499425534289081, -34.485339811237424 ], [ -58.499289238576743, -34.485274392102681 ], [ -58.499155724275383, -34.48521030853086 ], [ -58.498044165354138, -34.48467386849147 ], [ -58.49700831471889, -34.484165390244975 ], [ -58.496598169624676, -34.48397106125946 ], [ -58.496069449844505, -34.483712178023595 ] ] ] } },
{ "type": "Feature", "properties": { "radio_id": "067560509", "prov": "06", "depto": "756", "partido": "SAN ISIDRO", "fraccion": "05", "radio": "09", "tipo_radio": "U", "area_fuente": 141720.964, "perimetro_fuente": 2071.749 }, "geometry": { "type": "Polygon", "coordinates": [ [ [ -58.498542614239192, -34.486622395610588 ], [ -58.498499485982919, -34.486599331907094 ], [ -58.498398282389083, -34.486546243520316 ], [ -58.498332333928708, -34.486511649571639 ], [ -58.498256879893553, -34.486470161519179 ], [ -58.498184605652732, -34.486554901167963 ], [ -58.497767202024242, -34.487068042733071 ], [ -58.497706133062259, -34.487134892902361 ], [ -58.496637686561797, -34.48662150377217 ], [ -58.495612704219148, -34.486113147349897 ], [ -58.495191832142815, -34.485909668057239 ], [ -58.494684708746789, -34.485660058250005 ], [ -58.493745840682969, -34.485206828166916 ], [ -58.493343687227295, -34.485778729988738 ], [ -58.493232104087092, -34.485930582928937 ], [ -58.493120357349589, -34.48609144720907 ], [ -58.492649978533976, -34.486824747485443 ], [ -58.492134437843227, -34.487647623039898 ], [ -58.493084530977796, -34.488082977123433 ], [ -58.493451479658468, -34.488258758376091 ], [ -58.494034473260974, -34.488527335529099 ], [ -58.494844237216064, -34.488897852936759 ], [ -58.495502532994784, -34.489216924933132 ], [ -58.494766403825544, -34.489897387027291 ], [ -58.494367474328108, -34.490289062923317 ], [ -58.494011344936737, -34.490721825624611 ], [ -58.494206443225117, -34.490814198303852 ], [ -58.494372945169872, -34.490893030661475 ], [ -58.495095108989425, -34.490081704828505 ], [ -58.495859691941796, -34.489351874579789 ], [ -58.496672752487314, -34.488645712075638 ], [ -58.497085075592928, -34.488298072432329 ], [ -58.497432960349315, -34.487964079346021 ], [ -58.498045880138655, -34.487310325974121 ], [ -58.498542614239192, -34.486622395610588 ] ] ] } },
{ "type": "Feature", "properties": { "radio_id": "067560510", "prov": "06", "depto": "756", "partido": "SAN ISIDRO", "fraccion": "05", "radio": "10", "tipo_radio": "U", "area_fuente": 189189.207, "perimetro_fuente": 1914.505 }, "geometry": { "type": "Polygon", "coordinates": [ [ [ -58.488968392818812, -34.490573929145889 ], [ -58.488398048851032, -34.491414136703 ], [ -58.487760438513035, -34.492361670131537 ], [ -58.487304108041727, -34.493030374640604 ], [ -58.489648465052902, -34.494069288169854 ], [ -58.491399491496701, -34.494869231961502 ], [ -58.492237406174993, -34.493719448162864 ], [ -58.492376941724729, -34.493527380878412 ], [ -58.493046188541321, -34.492634293903173 ], [ -58.493581414334777, -34.491928833156329 ], [ -58.494372945169872, -34.490893030661475 ], [ -58.494206443225117, -34.490814198303852 ], [ -58.494011344936737, -34.490721825624611 ], [ -58.493465248271377, -34.491427154490978 ], [ -58.492498871534352, -34.490987095380305 ], [ -58.491516261071823, -34.490542321560994 ], [ -58.491051843797067, -34.490338290293991 ], [ -58.490555103334444, -34.490115831016617 ], [ -58.489550908523491, -34.489661761471531 ], [ -58.489544979328734, -34.489688728543129 ], [ -58.48953921372307, -34.48970668417833 ], [ -58.489533447026439, -34.489724639799711 ], [ -58.489516634443873, -34.489751472313948 ], [ -58.489494217649984, -34.489787248995441 ], [ -58.488968392818812, -34.490573929145889 ] ] ] } },
{ "type": "Feature", "properties": { "radio_id": "067560601", "prov": "06", "depto": "756", "partido": "SAN ISIDRO", "fraccion": "06", "radio": "01", "tipo_radio": "U", "area_fuente": 91594.235, "perimetro_fuente": 1223.978 }, "geometry": { "type": "Polygon", "coordinates": [ [ [ -58.503899472011511, -34.484114764097804 ], [ -58.503500191893153, -34.483920591116643 ], [ -58.50306842775769, -34.483717006289567 ], [ -58.502636826835214, -34.483504407570635 ], [ -58.502129533252685, -34.483263839888792 ], [ -58.501206811696925, -34.482819877349819 ], [ -58.500682351795312, -34.483539027440315 ], [ -58.500632331694291, -34.483597001274298 ], [ -58.500213343855229, -34.484200267225404 ], [ -58.500185411111943, -34.484240485016869 ], [ -58.500168683718613, -34.484262813387957 ], [ -58.500157397676311, -34.484285208551682 ], [ -58.499459070612851, -34.485290648976907 ], [ -58.499425534289081, -34.485339811237424 ], [ -58.500353715705749, -34.485783853434377 ], [ -58.500828531314667, -34.486015016553885 ], [ -58.501281906055198, -34.486227888790772 ], [ -58.501691912290262, -34.486431214057312 ], [ -58.502134247407945, -34.486652960374805 ], [ -58.50279696105612, -34.485507360067452 ], [ -58.50300840589788, -34.485248559887069 ], [ -58.503331574452901, -34.484828886091442 ], [ -58.503899472011511, -34.484114764097804 ] ] ] } },
{ "type": "Feature", "properties": { "radio_id": "067560602", "prov": "06", "depto": "756", "partido": "SAN ISIDRO", "fraccion": "06", "radio": "02", "tipo_radio": "U", "area_fuente": 23781.648, "perimetro_fuente": 720.188 }, "geometry": { "type": "Polygon", "coordinates": [ [ [ -58.500353715705749, -34.485783853434377 ], [ -58.499425534289081, -34.485339811237424 ], [ -58.499408645065429, -34.485371150085065 ], [ -58.499386396180057, -34.485397917264855 ], [ -58.499011971271905, -34.485943139290207 ], [ -58.498994758818647, -34.485992501959693 ], [ -58.498542614239192, -34.486622395610588 ], [ -58.499298046578957, -34.486987708267506 ], [ -58.499427513412435, -34.487052392769662 ], [ -58.500377478662934, -34.487496702478872 ], [ -58.500455596439338, -34.487389499550815 ], [ -58.500824093593408, -34.486871240879928 ], [ -58.499885014718096, -34.486427068332446 ], [ -58.500086071862668, -34.486141106329455 ], [ -58.500353715705749, -34.485783853434377 ] ] ] } },
{ "type": "Feature", "properties": { "radio_id": "067560603", "prov": "06", "depto": "756", "partido": "SAN ISIDRO", "fraccion": "06", "radio": "03", "tipo_radio": "U", "area_fuente": 24694.358, "perimetro_fuente": 727.297 }, "geometry": { "type": "Polygon", "coordinates": [ [ [ -58.502134247407945, -34.486652960374805 ], [ -58.501691912290262, -34.486431214057312 ], [ -58.501281906055198, -34.486227888790772 ], [ -58.500828531314667, -34.486015016553885 ], [ -58.500353715705749, -34.485783853434377 ], [ -58.500086071862668, -34.486141106329455 ], [ -58.499885014718096, -34.486427068332446 ], [ -58.500824093593408, -34.486871240879928 ], [ -58.500455596439338, -34.487389499550815 ], [ -58.500377478662934, -34.487496702478872 ], [ -58.501036027734727, -34.4878022277383 ], [ -58.501435318908683, -34.48799640897527 ], [ -58.501784625407488, -34.487333697244637 ], [ -58.502066693234198, -34.486778320903213 ], [ -58.502134247407945, -34.486652960374805 ] ] ] } },
{ "type": "Feature", "properties": { "radio_id": "067560604", "prov": "06", "depto": "756", "partido": "SAN ISIDRO", "fraccion": "06", "radio": "04", "tipo_radio": "U", "area_fuente": 23020.143, "perimetro_fuente": 616.61 }, "geometry": { "type": "Polygon", "coordinates": [ [ [ -58.501435318908683, -34.48799640897527 ], [ -58.501036027734727, -34.4878022277383 ], [ -58.500377478662934, -34.487496702478872 ], [ -58.500187948718469, -34.487746752468972 ], [ -58.499875473662101, -34.488175562158666 ], [ -58.499585246161892, -34.488577603772015 ], [ -58.499350402199433, -34.488926244967715 ], [ -58.499965424908915, -34.489231241402528 ], [ -58.500591334490089, -34.489536368399335 ], [ -58.501041023283051, -34.488739688895848 ], [ -58.501198388094622, -34.488462202597276 ], [ -58.501435318908683, -34.48799640897527 ] ] ] } },
{ "type": "Feature", "properties": { "radio_id": "067560605", "prov": "06", "depto": "756", "partido": "SAN ISIDRO", "fraccion": "06", "radio": "05", "tipo_radio": "U", "area_fuente": 18173.912, "perimetro_fuente": 567.383 }, "geometry": { "type": "Polygon", "coordinates": [ [ [ -58.500377478662934, -34.487496702478872 ], [ -58.499427513412435, -34.487052392769662 ], [ -58.499170744556693, -34.487409777043602 ], [ -58.498947269983859, -34.487731515882743 ], [ -58.498545461651723, -34.48828541313668 ], [ -58.498411633134445, -34.488464036973234 ], [ -58.499350402199433, -34.488926244967715 ], [ -58.499585246161892, -34.488577603772015 ], [ -58.499875473662101, -34.488175562158666 ], [ -58.500187948718469, -34.487746752468972 ], [ -58.500377478662934, -34.487496702478872 ] ] ] } },
{ "type": "Feature", "properties": { "radio_id": "067560606", "prov": "06", "depto": "756", "partido": "SAN ISIDRO", "fraccion": "06", "radio": "06", "tipo_radio": "U", "area_fuente": 29608.376, "perimetro_fuente": 796.909 }, "geometry": { "type": "Polygon", "coordinates": [ [ [ -58.499427513412435, -34.487052392769662 ], [ -58.499298046578957, -34.486987708267506 ], [ -58.498542614239192, -34.486622395610588 ], [ -58.498045880138655, -34.487310325974121 ], [ -58.497432960349315, -34.487964079346021 ], [ -58.497085075592928, -34.488298072432329 ], [ -58.496672752487314, -34.488645712075638 ], [ -58.498016338038362, -34.489261376118272 ], [ -58.498095429998472, -34.489100105938036 ], [ -58.498242406538402, -34.488795455486894 ], [ -58.498411633134445, -34.488464036973234 ], [ -58.498545461651723, -34.48828541313668 ], [ -58.498947269983859, -34.487731515882743 ], [ -58.499170744556693, -34.487409777043602 ], [ -58.499427513412435, -34.487052392769662 ] ] ] } },
{ "type": "Feature", "properties": { "radio_id": "067560607", "prov": "06", "depto": "756", "partido": "SAN ISIDRO", "fraccion": "06", "radio": "07", "tipo_radio": "U", "area_fuente": 16335.62, "perimetro_fuente": 523.437 }, "geometry": { "type": "Polygon", "coordinates": [ [ [ -58.498016338038362, -34.489261376118272 ], [ -58.496672752487314, -34.488645712075638 ], [ -58.495859691941796, -34.489351874579789 ], [ -58.496485393208296, -34.48964814970693 ], [ -58.497468021263956, -34.490092884930974 ], [ -58.497893227460935, -34.489449144558016 ], [ -58.498016338038362, -34.489261376118272 ] ] ] } },
{ "type": "Feature", "properties": { "radio_id": "067560608", "prov": "06", "depto": "756", "partido": "SAN ISIDRO", "fraccion": "06", "radio": "08", "tipo_radio": "U", "area_fuente": 115958.631, "perimetro_fuente": 1520.494 }, "geometry": { "type": "Polygon", "coordinates": [ [ [ -58.497468021263956, -34.490092884930974 ], [ -58.496485393208296, -34.48964814970693 ], [ -58.495859691941796, -34.489351874579789 ], [ -58.495095108989425, -34.490081704828505 ], [ -58.494372945169872, -34.490893030661475 ], [ -58.493581414334777, -34.491928833156329 ], [ -58.493046188541321, -34.492634293903173 ], [ -58.492376941724729, -34.493527380878412 ], [ -58.494277758971172, -34.494371047394509 ], [ -58.49459096410903, -34.494510108316071 ], [ -58.495184494438831, -34.493589036104318 ], [ -58.49564368414913, -34.492873616185811 ], [ -58.496360308927706, -34.491764771510169 ], [ -58.496449642056355, -34.491639682444578 ], [ -58.49691985509731, -34.490915379409685 ], [ -58.497468021263956, -34.490092884930974 ] ] ] } },
{ "type": "Feature", "properties": { "radio_id": "067560609", "prov": "06", "depto": "756", "partido": "SAN ISIDRO", "fraccion": "06", "radio": "09", "tipo_radio": "U", "area_fuente": 38499.774, "perimetro_fuente": 1017.86 }, "geometry": { "type": "Polygon", "coordinates": [ [ [ -58.499350402199433, -34.488926244967715 ], [ -58.498411633134445, -34.488464036973234 ], [ -58.498242406538402, -34.488795455486894 ], [ -58.498095429998472, -34.489100105938036 ], [ -58.498016338038362, -34.489261376118272 ], [ -58.497893227460935, -34.489449144558016 ], [ -58.497468021263956, -34.490092884930974 ], [ -58.49691985509731, -34.490915379409685 ], [ -58.496449642056355, -34.491639682444578 ], [ -58.496360308927706, -34.491764771510169 ], [ -58.497299910820168, -34.492181937410521 ], [ -58.497826799699794, -34.491332139424642 ], [ -58.498353516081359, -34.490491350256754 ], [ -58.498869176738786, -34.489659436194593 ], [ -58.49910451033476, -34.489283762516315 ], [ -58.499350402199433, -34.488926244967715 ] ] ] } },
{ "type": "Feature", "properties": { "radio_id": "067560610", "prov": "06", "depto": "756", "partido": "SAN ISIDRO", "fraccion": "06", "radio": "10", "tipo_radio": "U", "area_fuente": 57386.387, "perimetro_fuente": 1091.566 }, "geometry": { "type": "Polygon", "coordinates": [ [ [ -58.500591334490089, -34.489536368399335 ], [ -58.499965424908915, -34.489231241402528 ], [ -58.499350402199433, -34.488926244967715 ], [ -58.49910451033476, -34.489283762516315 ], [ -58.498869176738786, -34.489659436194593 ], [ -58.498353516081359, -34.490491350256754 ], [ -58.497826799699794, -34.491332139424642 ], [ -58.497299910820168, -34.492181937410521 ], [ -58.498725415000663, -34.492821391411297 ], [ -58.498770565593986, -34.492731811559189 ], [ -58.499208759062576, -34.491971052293991 ], [ -58.499444259502617, -34.491586366741167 ], [ -58.49970297774555, -34.491120844560719 ], [ -58.500186624279578, -34.490252477845083 ], [ -58.500591334490089, -34.489536368399335 ] ] ] } },
{ "type": "Feature", "properties": { "radio_id": "067560611", "prov": "06", "depto": "756", "partido": "SAN ISIDRO", "fraccion": "06", "radio": "11", "tipo_radio": "U", "area_fuente": 98588.794, "perimetro_fuente": 1295.668 }, "geometry": { "type": "Polygon", "coordinates": [ [ [ -58.497299910820168, -34.492181937410521 ], [ -58.496360308927706, -34.491764771510169 ], [ -58.49564368414913, -34.492873616185811 ], [ -58.495184494438831, -34.493589036104318 ], [ -58.49459096410903, -34.494510108316071 ], [ -58.495530586936162, -34.494927289123623 ], [ -58.496481104567025, -34.495344595987731 ], [ -58.496902188242558, -34.495539060385944 ], [ -58.497885048243397, -34.495974781332137 ], [ -58.497897710548479, -34.495875788940602 ], [ -58.498057468796866, -34.494859233639623 ], [ -58.498168192417971, -34.494148532955379 ], [ -58.498190606805288, -34.494112754640149 ], [ -58.498213505967456, -34.494049941883453 ], [ -58.498235920307749, -34.494014163558177 ], [ -58.498725415000663, -34.492821391411297 ], [ -58.497299910820168, -34.492181937410521 ] ] ] } },
{ "type": "Feature", "properties": { "radio_id": "067560612", "prov": "06", "depto": "756", "partido": "SAN ISIDRO", "fraccion": "06", "radio": "12", "tipo_radio": "U", "area_fuente": 108146.432, "perimetro_fuente": 1586.0 }, "geometry": { "type": "Polygon", "coordinates": [ [ [ -58.491399491496701, -34.494869231961502 ], [ -58.492160612613795, -34.495214055317525 ], [ -58.493349096614729, -34.49576569351953 ], [ -58.494082366574496, -34.496083265421866 ], [ -58.496000361365851, -34.496956590688612 ], [ -58.496936685668786, -34.497391923966994 ], [ -58.497584837897911, -34.497671981894499 ], [ -58.497712299212935, -34.497108350507666 ], [ -58.497761494949437, -34.496793485260312 ], [ -58.497873355784336, -34.496019704872673 ], [ -58.497885048243397, -34.495974781332137 ], [ -58.496902188242558, -34.495539060385944 ], [ -58.496481104567025, -34.495344595987731 ], [ -58.495530586936162, -34.494927289123623 ], [ -58.49459096410903, -34.494510108316071 ], [ -58.494277758971172, -34.494371047394509 ], [ -58.492376941724729, -34.493527380878412 ], [ -58.492237406174993, -34.493719448162864 ], [ -58.491399491496701, -34.494869231961502 ] ] ] } },
{ "type": "Feature", "properties": { "radio_id": "067560701", "prov": "06", "depto": "756", "partido": "SAN ISIDRO", "fraccion": "07", "radio": "01", "tipo_radio": "U", "area_fuente": 75766.008, "perimetro_fuente": 1214.328 }, "geometry": { "type": "Polygon", "coordinates": [ [ [ -58.504378528073694, -34.483498700178565 ], [ -58.503899472011511, -34.484114764097804 ], [ -58.503331574452901, -34.484828886091442 ], [ -58.505231028104234, -34.48574447318169 ], [ -58.506310161140462, -34.486271438632741 ], [ -58.50743267867238, -34.486807938184917 ], [ -58.507957345089714, -34.486075241225677 ], [ -58.50839301246441, -34.485449618129692 ], [ -58.50727066580211, -34.484904116057415 ], [ -58.506191543691422, -34.484377159278793 ], [ -58.504378528073694, -34.483498700178565 ] ] ] } },
{ "type": "Feature", "properties": { "radio_id": "067560702", "prov": "06", "depto": "756", "partido": "SAN ISIDRO", "fraccion": "07", "radio": "02", "tipo_radio": "U", "area_fuente": 46652.582, "perimetro_fuente": 859.381 }, "geometry": { "type": "Polygon", "coordinates": [ [ [ -58.502242111066089, -34.486708363587681 ], [ -58.503957867612478, -34.487549609813442 ], [ -58.504739632962746, -34.486441510506424 ], [ -58.505231028104234, -34.48574447318169 ], [ -58.503331574452901, -34.484828886091442 ], [ -58.50300840589788, -34.485248559887069 ], [ -58.50279696105612, -34.485507360067452 ], [ -58.502134247407945, -34.486652960374805 ], [ -58.502242111066089, -34.486708363587681 ] ] ] } },
{ "type": "Feature", "properties": { "radio_id": "067560703", "prov": "06", "depto": "756", "partido": "SAN ISIDRO", "fraccion": "07", "radio": "03", "tipo_radio": "U", "area_fuente": 29737.521, "perimetro_fuente": 692.902 }, "geometry": { "type": "Polygon", "coordinates": [ [ [ -58.501435318908683, -34.48799640897527 ], [ -58.503075553691652, -34.488800688315877 ], [ -58.50352215508277, -34.48817521662351 ], [ -58.503957867612478, -34.487549609813442 ], [ -58.502242111066089, -34.486708363587681 ], [ -58.502134247407945, -34.486652960374805 ], [ -58.502066693234198, -34.486778320903213 ], [ -58.501784625407488, -34.487333697244637 ], [ -58.501435318908683, -34.48799640897527 ] ] ] } },
{ "type": "Feature", "properties": { "radio_id": "067560704", "prov": "06", "depto": "756", "partido": "SAN ISIDRO", "fraccion": "07", "radio": "04", "tipo_radio": "U", "area_fuente": 92307.237, "perimetro_fuente": 1255.225 }, "geometry": { "type": "Polygon", "coordinates": [ [ [ -58.505231028104234, -34.48574447318169 ], [ -58.504739632962746, -34.486441510506424 ], [ -58.503957867612478, -34.487549609813442 ], [ -58.50352215508277, -34.48817521662351 ], [ -58.503075553691652, -34.488800688315877 ], [ -58.503668984030618, -34.489096388235048 ], [ -58.504165433558818, -34.489336817988324 ], [ -58.50528797803473, -34.489873337714805 ], [ -58.505723525079247, -34.489256736164322 ], [ -58.50615922629116, -34.488631122215153 ], [ -58.5069411354119, -34.487513996101441 ], [ -58.50743267867238, -34.486807938184917 ], [ -58.506310161140462, -34.486271438632741 ], [ -58.505231028104234, -34.48574447318169 ] ] ] } },
{ "type": "Feature", "properties": { "radio_id": "067560705", "prov": "06", "depto": "756", "partido": "SAN ISIDRO", "fraccion": "07", "radio": "05", "tipo_radio": "U", "area_fuente": 43541.036, "perimetro_fuente": 842.52 }, "geometry": { "type": "Polygon", "coordinates": [ [ [ -58.503075553691652, -34.488800688315877 ], [ -58.502583962027408, -34.489506727214106 ], [ -58.502059066778273, -34.490248409522223 ], [ -58.503149118241836, -34.490775536945797 ], [ -58.504271513858065, -34.491321077730973 ], [ -58.504785513396307, -34.490579252506976 ], [ -58.50528797803473, -34.489873337714805 ], [ -58.504165433558818, -34.489336817988324 ], [ -58.503668984030618, -34.489096388235048 ], [ -58.503075553691652, -34.488800688315877 ] ] ] } },
{ "type": "Feature", "properties": { "radio_id": "067560706", "prov": "06", "depto": "756", "partido": "SAN ISIDRO", "fraccion": "07", "radio": "06", "tipo_radio": "U", "area_fuente": 30729.028, "perimetro_fuente": 704.737 }, "geometry": { "type": "Polygon", "coordinates": [ [ [ -58.500591334490089, -34.489536368399335 ], [ -58.502059066778273, -34.490248409522223 ], [ -58.502583962027408, -34.489506727214106 ], [ -58.503075553691652, -34.488800688315877 ], [ -58.501435318908683, -34.48799640897527 ], [ -58.501198388094622, -34.488462202597276 ], [ -58.501041023283051, -34.488739688895848 ], [ -58.500591334490089, -34.489536368399335 ] ] ] } },
{ "type": "Feature", "properties": { "radio_id": "067560707", "prov": "06", "depto": "756", "partido": "SAN ISIDRO", "fraccion": "07", "radio": "07", "tipo_radio": "U", "area_fuente": 84976.598, "perimetro_fuente": 1273.703 }, "geometry": { "type": "Polygon", "coordinates": [ [ [ -58.502059066778273, -34.490248409522223 ], [ -58.50158970746724, -34.49092767709039 ], [ -58.501020130480107, -34.491731900809384 ], [ -58.50112816104879, -34.491778293618708 ], [ -58.50211019509586, -34.492259037727479 ], [ -58.503221719256452, -34.492804454927622 ], [ -58.504333258147234, -34.49334986234247 ], [ -58.505196570896764, -34.493775047619373 ], [ -58.505766283932623, -34.492961792490384 ], [ -58.506246665424506, -34.492273630053859 ], [ -58.505383201438455, -34.491857463873934 ], [ -58.504271513858065, -34.491321077730973 ], [ -58.503149118241836, -34.490775536945797 ], [ -58.502059066778273, -34.490248409522223 ] ] ] } },
{ "type": "Feature", "properties": { "radio_id": "067560708", "prov": "06", "depto": "756", "partido": "SAN ISIDRO", "fraccion": "07", "radio": "08", "tipo_radio": "U", "area_fuente": 89692.849, "perimetro_fuente": 1273.501 }, "geometry": { "type": "Polygon", "coordinates": [ [ [ -58.503221719256452, -34.492804454927622 ], [ -58.502651983084959, -34.493617697591965 ], [ -58.502127060183128, -34.494359379040191 ], [ -58.50135606716519, -34.495467590929231 ], [ -58.500875787119803, -34.496146720756606 ], [ -58.50140492214129, -34.496387562138871 ], [ -58.501998721423135, -34.496665248987625 ], [ -58.502581801503773, -34.496933787229374 ], [ -58.502873262952953, -34.497072561542723 ], [ -58.503353692645007, -34.496384413067283 ], [ -58.504135392908296, -34.495285332147283 ], [ -58.504626846594533, -34.494588299698265 ], [ -58.505196570896764, -34.493775047619373 ], [ -58.504333258147234, -34.49334986234247 ], [ -58.503221719256452, -34.492804454927622 ] ] ] } },
{ "type": "Feature", "properties": { "radio_id": "067560709", "prov": "06", "depto": "756", "partido": "SAN ISIDRO", "fraccion": "07", "radio": "09", "tipo_radio": "U", "area_fuente": 150427.539, "perimetro_fuente": 1542.194 }, "geometry": { "type": "Polygon", "coordinates": [ [ [ -58.49970297774555, -34.491120844560719 ], [ -58.499444259502617, -34.491586366741167 ], [ -58.499208759062576, -34.491971052293991 ], [ -58.498770565593986, -34.492731811559189 ], [ -58.498725415000663, -34.492821391411297 ], [ -58.498235920307749, -34.494014163558177 ], [ -58.498213505967456, -34.494049941883453 ], [ -58.498190606805288, -34.494112754640149 ], [ -58.498168192417971, -34.494148532955379 ], [ -58.498057468796866, -34.494859233639623 ], [ -58.498597471350926, -34.495100221524162 ], [ -58.49866229138803, -34.495128058538782 ], [ -58.499148199740539, -34.49535035139084 ], [ -58.49972037695612, -34.495618770053831 ], [ -58.500875787119803, -34.496146720756606 ], [ -58.50135606716519, -34.495467590929231 ], [ -58.502127060183128, -34.494359379040191 ], [ -58.502651983084959, -34.493617697591965 ], [ -58.503221719256452, -34.492804454927622 ], [ -58.50211019509586, -34.492259037727479 ], [ -58.50112816104879, -34.491778293618708 ], [ -58.501020130480107, -34.491731900809384 ], [ -58.49970297774555, -34.491120844560719 ] ] ] } },
{ "type": "Feature", "properties": { "radio_id": "067560710", "prov": "06", "depto": "756", "partido": "SAN ISIDRO", "fraccion": "07", "radio": "10", "tipo_radio": "U", "area_fuente": 129928.332, "perimetro_fuente": 1497.377 }, "geometry": { "type": "Polygon", "coordinates": [ [ [ -58.497885048243397, -34.495974781332137 ], [ -58.497873355784336, -34.496019704872673 ], [ -58.497761494949437, -34.496793485260312 ], [ -58.497712299212935, -34.497108350507666 ], [ -58.497584837897911, -34.497671981894499 ], [ -58.498661999225725, -34.498135388616504 ], [ -58.499552091444748, -34.498545297334879 ], [ -58.501275046134126, -34.499332931068018 ], [ -58.501577455611155, -34.498913444351267 ], [ -58.501867872675177, -34.498502387859482 ], [ -58.502236572877841, -34.497975115384008 ], [ -58.502873262952953, -34.497072561542723 ], [ -58.502581801503773, -34.496933787229374 ], [ -58.501998721423135, -34.496665248987625 ], [ -58.50140492214129, -34.496387562138871 ], [ -58.500875787119803, -34.496146720756606 ], [ -58.49972037695612, -34.495618770053831 ], [ -58.499148199740539, -34.49535035139084 ], [ -58.49866229138803, -34.495128058538782 ], [ -58.498597471350926, -34.495100221524162 ], [ -58.498057468796866, -34.494859233639623 ], [ -58.497897710548479, -34.495875788940602 ], [ -58.497885048243397, -34.495974781332137 ] ] ] } },
{ "type": "Feature", "properties": { "radio_id": "067560711", "prov": "06", "depto": "756", "partido": "SAN ISIDRO", "fraccion": "07", "radio": "11", "tipo_radio": "U", "area_fuente": 28333.151, "perimetro_fuente": 678.943 }, "geometry": { "type": "Polygon", "coordinates": [ [ [ -58.49970297774555, -34.491120844560719 ], [ -58.501020130480107, -34.491731900809384 ], [ -58.50158970746724, -34.49092767709039 ], [ -58.502059066778273, -34.490248409522223 ], [ -58.500591334490089, -34.489536368399335 ], [ -58.500186624279578, -34.490252477845083 ], [ -58.49970297774555, -34.491120844560719 ] ] ] } },
{ "type": "Feature", "properties": { "radio_id": "067560801", "prov": "06", "depto": "756", "partido": "SAN ISIDRO", "fraccion": "08", "radio": "01", "tipo_radio": "U", "area_fuente": 86722.029, "perimetro_fuente": 1240.473 }, "geometry": { "type": "Polygon", "coordinates": [ [ [ -58.50839301246441, -34.485449618129692 ], [ -58.507957345089714, -34.486075241225677 ], [ -58.50743267867238, -34.486807938184917 ], [ -58.5069411354119, -34.487513996101441 ], [ -58.50615922629116, -34.488631122215153 ], [ -58.506720338144987, -34.488908385309266 ], [ -58.507270730963519, -34.489176502314969 ], [ -58.507529684446894, -34.489305853836228 ], [ -58.508145062234298, -34.489592787764117 ], [ -58.508937837031034, -34.488475781463244 ], [ -58.509429210448687, -34.487778726876371 ], [ -58.509942981895179, -34.48704588931875 ], [ -58.510389683335788, -34.486411379228244 ], [ -58.509504651349033, -34.485985965921579 ], [ -58.50839301246441, -34.485449618129692 ] ] ] } },
{ "type": "Feature", "properties": { "radio_id": "067560802", "prov": "06", "depto": "756", "partido": "SAN ISIDRO", "fraccion": "08", "radio": "02", "tipo_radio": "U", "area_fuente": 95580.005, "perimetro_fuente": 1284.065 }, "geometry": { "type": "Polygon", "coordinates": [ [ [ -58.510389683335788, -34.486411379228244 ], [ -58.509942981895179, -34.48704588931875 ], [ -58.509429210448687, -34.487778726876371 ], [ -58.508937837031034, -34.488475781463244 ], [ -58.508145062234298, -34.489592787764117 ], [ -58.508360804388538, -34.48970358382072 ], [ -58.509040687056583, -34.490036367366869 ], [ -58.509288921774115, -34.490156571819277 ], [ -58.509634308495819, -34.49032302749017 ], [ -58.509936642157925, -34.49046191755248 ], [ -58.510400948579573, -34.490674889759596 ], [ -58.511150332058364, -34.489548326459598 ], [ -58.511642493549957, -34.488806205053521 ], [ -58.512067586819136, -34.48816241312057 ], [ -58.512537165263353, -34.487465079276518 ], [ -58.511511911099575, -34.486965865107138 ], [ -58.510389683335788, -34.486411379228244 ] ] ] } },
{ "type": "Feature", "properties": { "radio_id": "067560803", "prov": "06", "depto": "756", "partido": "SAN ISIDRO", "fraccion": "08", "radio": "03", "tipo_radio": "U", "area_fuente": 101299.492, "perimetro_fuente": 1309.375 }, "geometry": { "type": "Polygon", "coordinates": [ [ [ -58.512537165263353, -34.487465079276518 ], [ -58.512067586819136, -34.48816241312057 ], [ -58.511642493549957, -34.488806205053521 ], [ -58.511150332058364, -34.489548326459598 ], [ -58.510400948579573, -34.490674889759596 ], [ -58.511599738525213, -34.491212281753306 ], [ -58.512463548639239, -34.49161038157478 ], [ -58.512798224141392, -34.491767685418729 ], [ -58.512965959296622, -34.491517349432641 ], [ -58.51354758517072, -34.490641107010738 ], [ -58.514039573788125, -34.489907987253545 ], [ -58.514431044505415, -34.48931785905819 ], [ -58.514900770224699, -34.488611504358666 ], [ -58.513713518419941, -34.488038231160267 ], [ -58.512537165263353, -34.487465079276518 ] ] ] } },
{ "type": "Feature", "properties": { "radio_id": "067560804", "prov": "06", "depto": "756", "partido": "SAN ISIDRO", "fraccion": "08", "radio": "04", "tipo_radio": "U", "area_fuente": 128806.763, "perimetro_fuente": 1434.344 }, "geometry": { "type": "Polygon", "coordinates": [ [ [ -58.509288921774115, -34.490156571819277 ], [ -58.508853235152181, -34.490782197182384 ], [ -58.508428746538669, -34.491389931489799 ], [ -58.507931981000702, -34.492082408663777 ], [ -58.507412155668277, -34.49284670974729 ], [ -58.507519870228016, -34.492911120062274 ], [ -58.508588867043599, -34.493401888506988 ], [ -58.50977679904485, -34.493939165999272 ], [ -58.51098619325294, -34.494494720657791 ], [ -58.511505838258984, -34.493739415529383 ], [ -58.511959368608764, -34.493028370135988 ], [ -58.512384321008028, -34.492393588648142 ], [ -58.512798224141392, -34.491767685418729 ], [ -58.512463548639239, -34.49161038157478 ], [ -58.511599738525213, -34.491212281753306 ], [ -58.510400948579573, -34.490674889759596 ], [ -58.509936642157925, -34.49046191755248 ], [ -58.509634308495819, -34.49032302749017 ], [ -58.509288921774115, -34.490156571819277 ] ] ] } },
{ "type": "Feature", "properties": { "radio_id": "067560805", "prov": "06", "depto": "756", "partido": "SAN ISIDRO", "fraccion": "08", "radio": "05", "tipo_radio": "U", "area_fuente": 114942.732, "perimetro_fuente": 1357.817 }, "geometry": { "type": "Polygon", "coordinates": [ [ [ -58.50615922629116, -34.488631122215153 ], [ -58.505723525079247, -34.489256736164322 ], [ -58.50528797803473, -34.489873337714805 ], [ -58.504785513396307, -34.490579252506976 ], [ -58.504271513858065, -34.491321077730973 ], [ -58.505383201438455, -34.491857463873934 ], [ -58.506246665424506, -34.492273630053859 ], [ -58.507271950297437, -34.492772889772397 ], [ -58.507412155668277, -34.49284670974729 ], [ -58.507931981000702, -34.492082408663777 ], [ -58.508428746538669, -34.491389931489799 ], [ -58.508853235152181, -34.490782197182384 ], [ -58.509288921774115, -34.490156571819277 ], [ -58.509040687056583, -34.490036367366869 ], [ -58.508360804388538, -34.48970358382072 ], [ -58.508145062234298, -34.489592787764117 ], [ -58.507529684446894, -34.489305853836228 ], [ -58.507270730963519, -34.489176502314969 ], [ -58.506720338144987, -34.488908385309266 ], [ -58.50615922629116, -34.488631122215153 ] ] ] } },
{ "type": "Feature", "properties": { "radio_id": "067560806", "prov": "06", "depto": "756", "partido": "SAN ISIDRO", "fraccion": "08", "radio": "06", "tipo_radio": "U", "area_fuente": 150057.428, "perimetro_fuente": 1602.494 }, "geometry": { "type": "Polygon", "coordinates": [ [ [ -58.506246665424506, -34.492273630053859 ], [ -58.505766283932623, -34.492961792490384 ], [ -58.505196570896764, -34.493775047619373 ], [ -58.504626846594533, -34.494588299698265 ], [ -58.505241930338578, -34.494893270874613 ], [ -58.505792356784539, -34.495161395188134 ], [ -58.506850004866401, -34.495679080565793 ], [ -58.506947158542424, -34.495725335369173 ], [ -58.507335778693388, -34.495910353887624 ], [ -58.50821049933937, -34.496308617214879 ], [ -58.508858422785984, -34.496604957983656 ], [ -58.509409193298332, -34.496855043476963 ], [ -58.509946075013929, -34.496050381831054 ], [ -58.510482946206125, -34.495245717454964 ], [ -58.51098619325294, -34.494494720657791 ], [ -58.50977679904485, -34.493939165999272 ], [ -58.508588867043599, -34.493401888506988 ], [ -58.507519870228016, -34.492911120062274 ], [ -58.507412155668277, -34.49284670974729 ], [ -58.507271950297437, -34.492772889772397 ], [ -58.506246665424506, -34.492273630053859 ] ] ] } },
{ "type": "Feature", "properties": { "radio_id": "067560807", "prov": "06", "depto": "756", "partido": "SAN ISIDRO", "fraccion": "08", "radio": "07", "tipo_radio": "U", "area_fuente": 106045.263, "perimetro_fuente": 1350.805 }, "geometry": { "type": "Polygon", "coordinates": [ [ [ -58.504626846594533, -34.494588299698265 ], [ -58.504135392908296, -34.495285332147283 ], [ -58.503353692645007, -34.496384413067283 ], [ -58.502873262952953, -34.497072561542723 ], [ -58.502236572877841, -34.497975115384008 ], [ -58.502993171035349, -34.498281833842832 ], [ -58.503468708123656, -34.498476942305118 ], [ -58.504668043611268, -34.498987368928674 ], [ -58.505237638212336, -34.498183129494358 ], [ -58.505382676092793, -34.497986608658266 ], [ -58.505740306897167, -34.497468203261796 ], [ -58.50650037914474, -34.496359829063735 ], [ -58.506947158542424, -34.495725335369173 ], [ -58.506850004866401, -34.495679080565793 ], [ -58.505792356784539, -34.495161395188134 ], [ -58.505241930338578, -34.494893270874613 ], [ -58.504626846594533, -34.494588299698265 ] ] ] } },
{ "type": "Feature", "properties": { "radio_id": "067560808", "prov": "06", "depto": "756", "partido": "SAN ISIDRO", "fraccion": "08", "radio": "08", "tipo_radio": "U", "area_fuente": 108240.907, "perimetro_fuente": 1351.046 }, "geometry": { "type": "Polygon", "coordinates": [ [ [ -58.506947158542424, -34.495725335369173 ], [ -58.50650037914474, -34.496359829063735 ], [ -58.505740306897167, -34.497468203261796 ], [ -58.505382676092793, -34.497986608658266 ], [ -58.505237638212336, -34.498183129494358 ], [ -58.504668043611268, -34.498987368928674 ], [ -58.505370396547477, -34.499284395360384 ], [ -58.505467554558358, -34.499330651415193 ], [ -58.50602953831909, -34.499562861507144 ], [ -58.506591525255267, -34.499795069986675 ], [ -58.507250675295666, -34.500073529730336 ], [ -58.507351048306617, -34.499939555080303 ], [ -58.507820895709962, -34.499233231893335 ], [ -58.508469704408043, -34.498258689470362 ], [ -58.508972988334662, -34.497507702265338 ], [ -58.509409193298332, -34.496855043476963 ], [ -58.508858422785984, -34.496604957983656 ], [ -58.50821049933937, -34.496308617214879 ], [ -58.507335778693388, -34.495910353887624 ], [ -58.506947158542424, -34.495725335369173 ] ] ] } },
{ "type": "Feature", "properties": { "radio_id": "067560809", "prov": "06", "depto": "756", "partido": "SAN ISIDRO", "fraccion": "08", "radio": "09", "tipo_radio": "U", "area_fuente": 95920.835, "perimetro_fuente": 1404.082 }, "geometry": { "type": "Polygon", "coordinates": [ [ [ -58.505329605686121, -34.501203373658981 ], [ -58.506204561383626, -34.501605787217869 ], [ -58.506792185221393, -34.50075294892433 ], [ -58.507004460617772, -34.500449086491813 ], [ -58.507250675295666, -34.500073529730336 ], [ -58.506591525255267, -34.499795069986675 ], [ -58.50602953831909, -34.499562861507144 ], [ -58.505467554558358, -34.499330651415193 ], [ -58.505370396547477, -34.499284395360384 ], [ -58.504668043611268, -34.498987368928674 ], [ -58.503468708123656, -34.498476942305118 ], [ -58.502993171035349, -34.498281833842832 ], [ -58.502236572877841, -34.497975115384008 ], [ -58.501867872675177, -34.498502387859482 ], [ -58.501577455611155, -34.498913444351267 ], [ -58.501275046134126, -34.499332931068018 ], [ -58.50240298347105, -34.499857276035364 ], [ -58.503354622406697, -34.500294993807955 ], [ -58.50435309393454, -34.500754240302783 ], [ -58.505329605686121, -34.501203373658981 ] ] ] } },
{ "type": "Feature", "properties": { "radio_id": "067560901", "prov": "06", "depto": "756", "partido": "SAN ISIDRO", "fraccion": "09", "radio": "01", "tipo_radio": "U", "area_fuente": 143733.862, "perimetro_fuente": 1519.767 }, "geometry": { "type": "Polygon", "coordinates": [ [ [ -58.517092709875421, -34.485623118240419 ], [ -58.516530434175429, -34.486332865249487 ], [ -58.516419050020559, -34.486475727949447 ], [ -58.516285420428837, -34.48664536180668 ], [ -58.515973510587934, -34.487047180319912 ], [ -58.515850762351555, -34.487216944929465 ], [ -58.51570576816313, -34.487413480551218 ], [ -58.515325678108063, -34.487976711951319 ], [ -58.515146753513662, -34.488244941615832 ], [ -58.514900770224699, -34.488611504358666 ], [ -58.516077156224021, -34.489184634209849 ], [ -58.517264282597509, -34.489766896744349 ], [ -58.518440701562874, -34.490340004563983 ], [ -58.518731642399459, -34.489892858216265 ], [ -58.518854707750435, -34.489705066692764 ], [ -58.519078113855976, -34.489383289702474 ], [ -58.519301835724463, -34.489043489083869 ], [ -58.519613579535999, -34.488650673566625 ], [ -58.519869787987794, -34.488320278947029 ], [ -58.520565832057613, -34.487431867180511 ], [ -58.519384315951562, -34.486840691159458 ], [ -58.518214097274743, -34.486227107129537 ], [ -58.517092709875421, -34.485623118240419 ] ] ] } },
{ "type": "Feature", "properties": { "radio_id": "067560902", "prov": "06", "depto": "756", "partido": "SAN ISIDRO", "fraccion": "09", "radio": "02", "tipo_radio": "U", "area_fuente": 94840.424, "perimetro_fuente": 1258.101 }, "geometry": { "type": "Polygon", "coordinates": [ [ [ -58.514900770224699, -34.488611504358666 ], [ -58.514431044505415, -34.48931785905819 ], [ -58.514039573788125, -34.489907987253545 ], [ -58.51354758517072, -34.490641107010738 ], [ -58.514746236198128, -34.491187480185339 ], [ -58.515955786943039, -34.491733974162727 ], [ -58.517154469949951, -34.492280324419603 ], [ -58.51762435012936, -34.491564948752888 ], [ -58.517970993873327, -34.491046372289581 ], [ -58.518334517687578, -34.490496453109472 ], [ -58.518440701562874, -34.490340004563983 ], [ -58.517264282597509, -34.489766896744349 ], [ -58.516077156224021, -34.489184634209849 ], [ -58.514900770224699, -34.488611504358666 ] ] ] } },
{ "type": "Feature", "properties": { "radio_id": "067560903", "prov": "06", "depto": "756", "partido": "SAN ISIDRO", "fraccion": "09", "radio": "03", "tipo_radio": "U", "area_fuente": 114386.08, "perimetro_fuente": 1361.87 }, "geometry": { "type": "Polygon", "coordinates": [ [ [ -58.51354758517072, -34.490641107010738 ], [ -58.512965959296622, -34.491517349432641 ], [ -58.512798224141392, -34.491767685418729 ], [ -58.512384321008028, -34.492393588648142 ], [ -58.511959368608764, -34.493028370135988 ], [ -58.513158042270732, -34.493574759306362 ], [ -58.51436745500596, -34.494130280960619 ], [ -58.515566160778107, -34.494676647216522 ], [ -58.515991254828343, -34.494032841302875 ], [ -58.516405299662452, -34.493397913970952 ], [ -58.517154469949951, -34.492280324419603 ], [ -58.515955786943039, -34.491733974162727 ], [ -58.514746236198128, -34.491187480185339 ], [ -58.51354758517072, -34.490641107010738 ] ] ] } },
{ "type": "Feature", "properties": { "radio_id": "067560904", "prov": "06", "depto": "756", "partido": "SAN ISIDRO", "fraccion": "09", "radio": "04", "tipo_radio": "U", "area_fuente": 122841.084, "perimetro_fuente": 1480.13 }, "geometry": { "type": "Polygon", "coordinates": [ [ [ -58.517154469949951, -34.492280324419603 ], [ -58.516405299662452, -34.493397913970952 ], [ -58.515991254828343, -34.494032841302875 ], [ -58.515566160778107, -34.494676647216522 ], [ -58.515096404637056, -34.495383002160693 ], [ -58.514693863307414, -34.49598201140703 ], [ -58.51459318710743, -34.496134015689115 ], [ -58.515619129894695, -34.49660166713479 ], [ -58.515818894072943, -34.496694228252125 ], [ -58.517012522879455, -34.497222492064147 ], [ -58.517493876355744, -34.496475709897588 ], [ -58.517963619095028, -34.495769345490835 ], [ -58.518388701976612, -34.495125531025082 ], [ -58.51881361770134, -34.49449072729648 ], [ -58.519562766725905, -34.49337312259 ], [ -58.518353167819704, -34.492826663255798 ], [ -58.517154469949951, -34.492280324419603 ] ] ] } },
{ "type": "Feature", "properties": { "radio_id": "067560905", "prov": "06", "depto": "756", "partido": "SAN ISIDRO", "fraccion": "09", "radio": "05", "tipo_radio": "U", "area_fuente": 123506.958, "perimetro_fuente": 1481.543 }, "geometry": { "type": "Polygon", "coordinates": [ [ [ -58.519562766725905, -34.49337312259 ], [ -58.51881361770134, -34.49449072729648 ], [ -58.518388701976612, -34.495125531025082 ], [ -58.517963619095028, -34.495769345490835 ], [ -58.517493876355744, -34.496475709897588 ], [ -58.517012522879455, -34.497222492064147 ], [ -58.518200165550475, -34.497782218972105 ], [ -58.519485388925524, -34.498365650886463 ], [ -58.519496751572888, -34.498338748122116 ], [ -58.519721294694044, -34.49795388999771 ], [ -58.519866934878202, -34.497721304803328 ], [ -58.51994535676792, -34.497596066059458 ], [ -58.5201246058853, -34.497309806753584 ], [ -58.520247838937742, -34.497113002682759 ], [ -58.520393636449157, -34.496871405201532 ], [ -58.520539432026908, -34.496629806601 ], [ -58.520628736236226, -34.49650470006106 ], [ -58.520797096220882, -34.496218306889688 ], [ -58.521076844765197, -34.495789046935911 ], [ -58.521200390406676, -34.49557421948758 ], [ -58.521446845511676, -34.495180609560954 ], [ -58.521614722650696, -34.49492124978228 ], [ -58.521906140797832, -34.494447062346623 ], [ -58.520761497663216, -34.493919438517317 ], [ -58.519562766725905, -34.49337312259 ] ] ] } },
{ "type": "Feature", "properties": { "radio_id": "067560906", "prov": "06", "depto": "756", "partido": "SAN ISIDRO", "fraccion": "09", "radio": "06", "tipo_radio": "U", "area_fuente": 118170.934, "perimetro_fuente": 1464.844 }, "geometry": { "type": "Polygon", "coordinates": [ [ [ -58.518440701562874, -34.490340004563983 ], [ -58.518334517687578, -34.490496453109472 ], [ -58.517970993873327, -34.491046372289581 ], [ -58.51762435012936, -34.491564948752888 ], [ -58.517154469949951, -34.492280324419603 ], [ -58.518353167819704, -34.492826663255798 ], [ -58.519562766725905, -34.49337312259 ], [ -58.520761497663216, -34.493919438517317 ], [ -58.521906140797832, -34.494447062346623 ], [ -58.521939747529046, -34.49439338794997 ], [ -58.522197397656278, -34.493981884784546 ], [ -58.522354226911084, -34.493731403737229 ], [ -58.522500012183734, -34.493489803304243 ], [ -58.522612030755454, -34.493310887956241 ], [ -58.522713165929325, -34.493131841791765 ], [ -58.522926954640027, -34.492737832623362 ], [ -58.522971761761333, -34.49266626722013 ], [ -58.523027929492486, -34.492567797729691 ], [ -58.521991823335298, -34.492059525547802 ], [ -58.520815355065203, -34.491486450838373 ], [ -58.519628019498839, -34.490913233282022 ], [ -58.518651177483953, -34.490441705273987 ], [ -58.518440701562874, -34.490340004563983 ] ] ] } },
{ "type": "Feature", "properties": { "radio_id": "067560907", "prov": "06", "depto": "756", "partido": "SAN ISIDRO", "fraccion": "09", "radio": "07", "tipo_radio": "U", "area_fuente": 74238.433, "perimetro_fuente": 1275.967 }, "geometry": { "type": "Polygon", "coordinates": [ [ [ -58.521991823335298, -34.492059525547802 ], [ -58.523027929492486, -34.492567797729691 ], [ -58.523106659434738, -34.492424533441365 ], [ -58.523308923898341, -34.492066439119405 ], [ -58.523387811740164, -34.491914163028774 ], [ -58.523466540402985, -34.491770899363175 ], [ -58.523612636607595, -34.491511273282406 ], [ -58.523680321887447, -34.49137688951182 ], [ -58.522785237153052, -34.490897368643211 ], [ -58.522483196285741, -34.490740486623992 ], [ -58.521631182643567, -34.490288518826922 ], [ -58.521102819596756, -34.490002705535041 ], [ -58.520455696474244, -34.489661371727202 ], [ -58.519301835724463, -34.489043489083869 ], [ -58.519078113855976, -34.489383289702474 ], [ -58.518854707750435, -34.489705066692764 ], [ -58.518731642399459, -34.489892858216265 ], [ -58.518440701562874, -34.490340004563983 ], [ -58.518651177483953, -34.490441705273987 ], [ -58.519628019498839, -34.490913233282022 ], [ -58.520815355065203, -34.491486450838373 ], [ -58.521991823335298, -34.492059525547802 ] ] ] } },
{ "type": "Feature", "properties": { "radio_id": "067560908", "prov": "06", "depto": "756", "partido": "SAN ISIDRO", "fraccion": "09", "radio": "08", "tipo_radio": "U", "area_fuente": 97942.98, "perimetro_fuente": 1350.204 }, "geometry": { "type": "Polygon", "coordinates": [ [ [ -58.522785237153052, -34.490897368643211 ], [ -58.523680321887447, -34.49137688951182 ], [ -58.523803855117492, -34.491162058052815 ], [ -58.524028674768552, -34.490759167376169 ], [ -58.524129803686641, -34.490580118908134 ], [ -58.524208529758134, -34.49043685466912 ], [ -58.524287573110193, -34.490275566285256 ], [ -58.52463615476907, -34.489644325587719 ], [ -58.524182778622276, -34.489427032345191 ], [ -58.522846815096138, -34.488640233994992 ], [ -58.521708797507301, -34.488049606026486 ], [ -58.520565832057613, -34.487431867180511 ], [ -58.519869787987794, -34.488320278947029 ], [ -58.519613579535999, -34.488650673566625 ], [ -58.519301835724463, -34.489043489083869 ], [ -58.520455696474244, -34.489661371727202 ], [ -58.521102819596756, -34.490002705535041 ], [ -58.521631182643567, -34.490288518826922 ], [ -58.522483196285741, -34.490740486623992 ], [ -58.522785237153052, -34.490897368643211 ] ] ] } },
{ "type": "Feature", "properties": { "radio_id": "067561001", "prov": "06", "depto": "756", "partido": "SAN ISIDRO", "fraccion": "10", "radio": "01", "tipo_radio": "U", "area_fuente": 37475.055, "perimetro_fuente": 1031.784 }, "geometry": { "type": "Polygon", "coordinates": [ [ [ -58.51257549122726, -34.474269800826931 ], [ -58.511971569412751, -34.473955989756995 ], [ -58.511917642235332, -34.473928292531191 ], [ -58.511862114999587, -34.473990710930501 ], [ -58.511285716413703, -34.474578581117569 ], [ -58.511208265154835, -34.47464974471383 ], [ -58.511141855372522, -34.474712030177841 ], [ -58.510325091399245, -34.475351047822599 ], [ -58.510214673359158, -34.47543983588249 ], [ -58.510148582616246, -34.475484097652185 ], [ -58.509508313917436, -34.475990058704276 ], [ -58.509409096428534, -34.476060956510025 ], [ -58.509331962775974, -34.476114096621608 ], [ -58.508725131465155, -34.476575393759731 ], [ -58.508658719395669, -34.47663767778058 ], [ -58.509802408986822, -34.477201452778544 ], [ -58.510434526745968, -34.47654216229305 ], [ -58.511100080049658, -34.475838208183411 ], [ -58.511887879791693, -34.474991522794575 ], [ -58.51257549122726, -34.474269800826931 ] ] ] } },
{ "type": "Feature", "properties": { "radio_id": "067561002", "prov": "06", "depto": "756", "partido": "SAN ISIDRO", "fraccion": "10", "radio": "02", "tipo_radio": "U", "area_fuente": 1545827.52, "perimetro_fuente": 5775.976 }, "geometry": { "type": "Polygon", "coordinates": [ [ [ -58.51257549122726, -34.474269800826931 ], [ -58.511887879791693, -34.474991522794575 ], [ -58.511100080049658, -34.475838208183411 ], [ -58.510434526745968, -34.47654216229305 ], [ -58.509802408986822, -34.477201452778544 ], [ -58.508658719395669, -34.47663767778058 ], [ -58.50859262690981, -34.476681937753114 ], [ -58.507886406846517, -34.477223138995512 ], [ -58.507798068385689, -34.477294168283485 ], [ -58.507731814441833, -34.477347440204476 ], [ -58.507014701325922, -34.477888502264229 ], [ -58.506926521991112, -34.4779505193383 ], [ -58.508403870912431, -34.478725695409466 ], [ -58.507671694944442, -34.479500928228063 ], [ -58.507211256454916, -34.479991045474534 ], [ -58.507133556895376, -34.48007572442566 ], [ -58.506717363836671, -34.480525819515158 ], [ -58.506600771162013, -34.480655089362706 ], [ -58.506671024165719, -34.480682988471273 ], [ -58.506725194687668, -34.480697170750751 ], [ -58.506774004382798, -34.480706780745294 ], [ -58.506839057229747, -34.480721095963766 ], [ -58.506898909829431, -34.480721827357605 ], [ -58.506986048447217, -34.48071838538349 ], [ -58.507040700755915, -34.480705532920162 ], [ -58.507106314529331, -34.480688307610926 ], [ -58.507172089919194, -34.480662070743385 ], [ -58.507238106088963, -34.480622316535296 ], [ -58.507293320175926, -34.48057792448072 ], [ -58.507337732219391, -34.480528892792101 ], [ -58.507382465270865, -34.480461838012019 ], [ -58.508608056269935, -34.481013105582129 ], [ -58.509746282757021, -34.481581322515993 ], [ -58.510790503161985, -34.482234011542964 ], [ -58.511840901592954, -34.482846205387851 ], [ -58.512709110685137, -34.483298438302249 ], [ -58.513803467424239, -34.483888616863361 ], [ -58.514768364283697, -34.484414118527049 ], [ -58.51593861037307, -34.485023228641253 ], [ -58.517092709875421, -34.485623118240419 ], [ -58.518214097274743, -34.486227107129537 ], [ -58.519384315951562, -34.486840691159458 ], [ -58.520565832057613, -34.487431867180511 ], [ -58.521708797507301, -34.488049606026486 ], [ -58.522846815096138, -34.488640233994992 ], [ -58.524182778622276, -34.489427032345191 ], [ -58.52463615476907, -34.489644325587719 ], [ -58.524766870467985, -34.48933043114112 ], [ -58.525065756066063, -34.488605735349076 ], [ -58.527603790366157, -34.482451297859924 ], [ -58.527668848532855, -34.482465602108462 ], [ -58.527750308743919, -34.482475597193144 ], [ -58.527832165922717, -34.482463063193869 ], [ -58.527903219627568, -34.482445892217207 ], [ -58.527974510796092, -34.482415203771474 ], [ -58.528046039392969, -34.482370997855114 ], [ -58.528101402306511, -34.48231758453516 ], [ -58.528135158282126, -34.482254896485237 ], [ -58.528168835053158, -34.482196714233631 ], [ -58.528180904919971, -34.482129258178233 ], [ -58.528171130473289, -34.482066045755325 ], [ -58.52815575645284, -34.482011779406101 ], [ -58.528129341586691, -34.481966393583015 ], [ -58.528081319959085, -34.48191173394563 ], [ -58.528038502188771, -34.481870657268935 ], [ -58.527979360636145, -34.481829384823321 ], [ -58.527892854492627, -34.481796795290215 ], [ -58.527800590468665, -34.481782163373815 ], [ -58.52768600826716, -34.481798809804665 ], [ -58.527581990754172, -34.481833609587468 ], [ -58.527483097658049, -34.481886498988693 ], [ -58.527422055788627, -34.481953364777901 ], [ -58.52479774576716, -34.480531431604078 ], [ -58.523965403769068, -34.480140503523572 ], [ -58.522520209188556, -34.479383929423797 ], [ -58.521215234917278, -34.478701143696519 ], [ -58.520470577738791, -34.478340603120053 ], [ -58.519402970053655, -34.477777847934306 ], [ -58.518464524669866, -34.477297771314248 ], [ -58.517202826357661, -34.4766334951034 ], [ -58.515951390647274, -34.476005384766815 ], [ -58.515779828548617, -34.475920323530111 ], [ -58.515336403056445, -34.475700469200525 ], [ -58.514160368038809, -34.475118324448843 ], [ -58.51257549122726, -34.474269800826931 ] ] ] } },
{ "type": "Feature", "properties": { "radio_id": "067561003", "prov": "06", "depto": "756", "partido": "SAN ISIDRO", "fraccion": "10", "radio": "03", "tipo_radio": "U", "area_fuente": 42184.26, "perimetro_fuente": 885.334 }, "geometry": { "type": "Polygon", "coordinates": [ [ [ -58.506926521991112, -34.4779505193383 ], [ -58.506860268064337, -34.478003790766458 ], [ -58.506110337049648, -34.478553460678455 ], [ -58.50602215635157, -34.478615477057538 ], [ -58.505955900238213, -34.478668747947708 ], [ -58.505040637111897, -34.47933356396392 ], [ -58.505871004701419, -34.479767353855884 ], [ -58.506431173821241, -34.480094180527857 ], [ -58.506408445610155, -34.480147983690543 ], [ -58.506396760224305, -34.48019290833615 ], [ -58.506385074825062, -34.480237832979981 ], [ -58.50637875020962, -34.480287329900094 ], [ -58.506377947023523, -34.480332387564538 ], [ -58.506382745594657, -34.480368500207362 ], [ -58.506398346098905, -34.480409251638342 ], [ -58.506413946617613, -34.480450003067467 ], [ -58.506435068596311, -34.480486315237705 ], [ -58.506456190592836, -34.480522627404582 ], [ -58.506482834070944, -34.480554499407788 ], [ -58.50650947755301, -34.480586372306746 ], [ -58.50654708255319, -34.480613872429835 ], [ -58.506584608357841, -34.480645878321852 ], [ -58.506600771162013, -34.480655089362706 ], [ -58.506717363836671, -34.480525819515158 ], [ -58.507133556895376, -34.48007572442566 ], [ -58.507211256454916, -34.479991045474534 ], [ -58.507671694944442, -34.479500928228063 ], [ -58.508403870912431, -34.478725695409466 ], [ -58.506926521991112, -34.4779505193383 ] ] ] } },
{ "type": "Feature", "properties": { "radio_id": "067561004", "prov": "06", "depto": "756", "partido": "SAN ISIDRO", "fraccion": "10", "radio": "04", "tipo_radio": "U", "area_fuente": 44374.961, "perimetro_fuente": 1365.533 }, "geometry": { "type": "Polygon", "coordinates": [ [ [ -58.505040637111897, -34.47933356396392 ], [ -58.504938221866894, -34.479278229930657 ], [ -58.504884527919167, -34.479250095305296 ], [ -58.504674022798504, -34.479139794607264 ], [ -58.503697605336463, -34.479875959836377 ], [ -58.503647991880307, -34.47991140624454 ], [ -58.503030139318803, -34.480377045777679 ], [ -58.502765342794142, -34.480576604936111 ], [ -58.502025762285541, -34.481153415252045 ], [ -58.501836734530613, -34.481376434903744 ], [ -58.501669953985285, -34.48157268568805 ], [ -58.501547669226618, -34.481715401894334 ], [ -58.500877635530301, -34.482662610683661 ], [ -58.501058074036997, -34.482749215863024 ], [ -58.501147441382649, -34.482792109507706 ], [ -58.501206811696925, -34.482819877349819 ], [ -58.501702686534152, -34.482176989824666 ], [ -58.502246879988974, -34.48157074546458 ], [ -58.50264257362852, -34.481149824993906 ], [ -58.503353305326428, -34.480565781133222 ], [ -58.503860264749676, -34.480824366544979 ], [ -58.504507410826392, -34.481156774595831 ], [ -58.504787778574872, -34.48130442077052 ], [ -58.504977762126416, -34.481027328072592 ], [ -58.505312751800417, -34.480553712069465 ], [ -58.505871004701419, -34.479767353855884 ], [ -58.505040637111897, -34.47933356396392 ] ] ] } },
{ "type": "Feature", "properties": { "radio_id": "067561005", "prov": "06", "depto": "756", "partido": "SAN ISIDRO", "fraccion": "10", "radio": "05", "tipo_radio": "U", "area_fuente": 10702.925, "perimetro_fuente": 438.733 }, "geometry": { "type": "Polygon", "coordinates": [ [ [ -58.503860264749676, -34.480824366544979 ], [ -58.503353305326428, -34.480565781133222 ], [ -58.50264257362852, -34.481149824993906 ], [ -58.502246879988974, -34.48157074546458 ], [ -58.5030452519051, -34.481968109269673 ], [ -58.503860264749676, -34.480824366544979 ] ] ] } },
{ "type": "Feature", "properties": { "radio_id": "067561006", "prov": "06", "depto": "756", "partido": "SAN ISIDRO", "fraccion": "10", "radio": "06", "tipo_radio": "U", "area_fuente": 14563.665, "perimetro_fuente": 491.849 }, "geometry": { "type": "Polygon", "coordinates": [ [ [ -58.504787778574872, -34.48130442077052 ], [ -58.504507410826392, -34.481156774595831 ], [ -58.503860264749676, -34.480824366544979 ], [ -58.5030452519051, -34.481968109269673 ], [ -58.503984137374466, -34.482421268475704 ], [ -58.504587071084728, -34.481572369306008 ], [ -58.504787778574872, -34.48130442077052 ] ] ] } },
{ "type": "Feature", "properties": { "radio_id": "067561007", "prov": "06", "depto": "756", "partido": "SAN ISIDRO", "fraccion": "10", "radio": "07", "tipo_radio": "U", "area_fuente": 47442.698, "perimetro_fuente": 901.027 }, "geometry": { "type": "Polygon", "coordinates": [ [ [ -58.503984137374466, -34.482421268475704 ], [ -58.5030452519051, -34.481968109269673 ], [ -58.502246879988974, -34.48157074546458 ], [ -58.501702686534152, -34.482176989824666 ], [ -58.501206811696925, -34.482819877349819 ], [ -58.502129533252685, -34.483263839888792 ], [ -58.502636826835214, -34.483504407570635 ], [ -58.50306842775769, -34.483717006289567 ], [ -58.503500191893153, -34.483920591116643 ], [ -58.503899472011511, -34.484114764097804 ], [ -58.504378528073694, -34.483498700178565 ], [ -58.504623413774873, -34.483195238870501 ], [ -58.50487966375492, -34.482864876522136 ], [ -58.503984137374466, -34.482421268475704 ] ] ] } },
{ "type": "Feature", "properties": { "radio_id": "067561008", "prov": "06", "depto": "756", "partido": "SAN ISIDRO", "fraccion": "10", "radio": "08", "tipo_radio": "U", "area_fuente": 14141.866, "perimetro_fuente": 482.254 }, "geometry": { "type": "Polygon", "coordinates": [ [ [ -58.505714980654673, -34.481802492137803 ], [ -58.505456374383485, -34.481655113336849 ], [ -58.504949565664717, -34.481387521897148 ], [ -58.504787778574872, -34.48130442077052 ], [ -58.504587071084728, -34.481572369306008 ], [ -58.503984137374466, -34.482421268475704 ], [ -58.50487966375492, -34.482864876522136 ], [ -58.505714980654673, -34.481802492137803 ] ] ] } },
{ "type": "Feature", "properties": { "radio_id": "067561009", "prov": "06", "depto": "756", "partido": "SAN ISIDRO", "fraccion": "10", "radio": "09", "tipo_radio": "U", "area_fuente": 19236.745, "perimetro_fuente": 582.476 }, "geometry": { "type": "Polygon", "coordinates": [ [ [ -58.506600771162013, -34.480655089362706 ], [ -58.506584608357841, -34.480645878321852 ], [ -58.50654708255319, -34.480613872429835 ], [ -58.50650947755301, -34.480586372306746 ], [ -58.506482834070944, -34.480554499407788 ], [ -58.506456190592836, -34.480522627404582 ], [ -58.506435068596311, -34.480486315237705 ], [ -58.506413946617613, -34.480450003067467 ], [ -58.506398346098905, -34.480409251638342 ], [ -58.506382745594657, -34.480368500207362 ], [ -58.506377947023523, -34.480332387564538 ], [ -58.50637875020962, -34.480287329900094 ], [ -58.506385074825062, -34.480237832979981 ], [ -58.506396760224305, -34.48019290833615 ], [ -58.506408445610155, -34.480147983690543 ], [ -58.506431173821241, -34.480094180527857 ], [ -58.505871004701419, -34.479767353855884 ], [ -58.505312751800417, -34.480553712069465 ], [ -58.504977762126416, -34.481027328072592 ], [ -58.504787778574872, -34.48130442077052 ], [ -58.504949565664717, -34.481387521897148 ], [ -58.505456374383485, -34.481655113336849 ], [ -58.505714980654673, -34.481802492137803 ], [ -58.506293878730524, -34.481079478246407 ], [ -58.506494659924464, -34.480807021847717 ], [ -58.506600771162013, -34.480655089362706 ] ] ] } },
{ "type": "Feature", "properties": { "radio_id": "067561010", "prov": "06", "depto": "756", "partido": "SAN ISIDRO", "fraccion": "10", "radio": "10", "tipo_radio": "U", "area_fuente": 178595.541, "perimetro_fuente": 1677.857 }, "geometry": { "type": "Polygon", "coordinates": [ [ [ -58.506600771162013, -34.480655089362706 ], [ -58.506494659924464, -34.480807021847717 ], [ -58.506293878730524, -34.481079478246407 ], [ -58.505714980654673, -34.481802492137803 ], [ -58.50487966375492, -34.482864876522136 ], [ -58.504623413774873, -34.483195238870501 ], [ -58.504378528073694, -34.483498700178565 ], [ -58.506191543691422, -34.484377159278793 ], [ -58.50727066580211, -34.484904116057415 ], [ -58.50839301246441, -34.485449618129692 ], [ -58.508705594451897, -34.485011773531646 ], [ -58.508850759691889, -34.484806234912831 ], [ -58.509319864618703, -34.484135948803562 ], [ -58.509531765964425, -34.483850102928194 ], [ -58.509788159366451, -34.483510718324538 ], [ -58.510100084489657, -34.483108914906772 ], [ -58.510244923493971, -34.482921398398737 ], [ -58.510790503161985, -34.482234011542964 ], [ -58.509746282757021, -34.481581322515993 ], [ -58.508608056269935, -34.481013105582129 ], [ -58.507382465270865, -34.480461838012019 ], [ -58.507337732219391, -34.480528892792101 ], [ -58.507293320175926, -34.48057792448072 ], [ -58.507238106088963, -34.480622316535296 ], [ -58.507172089919194, -34.480662070743385 ], [ -58.507106314529331, -34.480688307610926 ], [ -58.507040700755915, -34.480705532920162 ], [ -58.506986048447217, -34.48071838538349 ], [ -58.506898909829431, -34.480721827357605 ], [ -58.506839057229747, -34.480721095963766 ], [ -58.506774004382798, -34.480706780745294 ], [ -58.506725194687668, -34.480697170750751 ], [ -58.506671024165719, -34.480682988471273 ], [ -58.506600771162013, -34.480655089362706 ] ] ] } },
{ "type": "Feature", "properties": { "radio_id": "067561011", "prov": "06", "depto": "756", "partido": "SAN ISIDRO", "fraccion": "10", "radio": "11", "tipo_radio": "U", "area_fuente": 135677.644, "perimetro_fuente": 1484.9 }, "geometry": { "type": "Polygon", "coordinates": [ [ [ -58.510790503161985, -34.482234011542964 ], [ -58.510244923493971, -34.482921398398737 ], [ -58.510100084489657, -34.483108914906772 ], [ -58.509788159366451, -34.483510718324538 ], [ -58.509531765964425, -34.483850102928194 ], [ -58.509319864618703, -34.484135948803562 ], [ -58.508850759691889, -34.484806234912831 ], [ -58.508705594451897, -34.485011773531646 ], [ -58.50839301246441, -34.485449618129692 ], [ -58.509504651349033, -34.485985965921579 ], [ -58.510389683335788, -34.486411379228244 ], [ -58.511511911099575, -34.486965865107138 ], [ -58.511958600404817, -34.48633134985301 ], [ -58.512103921362055, -34.48611679572906 ], [ -58.512238038473001, -34.485920132884686 ], [ -58.512383197949852, -34.485714589926857 ], [ -58.512561644432985, -34.485473398930793 ], [ -58.512684236549838, -34.485312648336233 ], [ -58.512951345044002, -34.484982400986091 ], [ -58.513151715010352, -34.484732461478636 ], [ -58.513274143853337, -34.484580722658421 ], [ -58.513803467424239, -34.483888616863361 ], [ -58.512709110685137, -34.483298438302249 ], [ -58.511840901592954, -34.482846205387851 ], [ -58.510790503161985, -34.482234011542964 ] ] ] } },
{ "type": "Feature", "properties": { "radio_id": "067561012", "prov": "06", "depto": "756", "partido": "SAN ISIDRO", "fraccion": "10", "radio": "12", "tipo_radio": "U", "area_fuente": 141185.619, "perimetro_fuente": 1508.33 }, "geometry": { "type": "Polygon", "coordinates": [ [ [ -58.513803467424239, -34.483888616863361 ], [ -58.513274143853337, -34.484580722658421 ], [ -58.513151715010352, -34.484732461478636 ], [ -58.512951345044002, -34.484982400986091 ], [ -58.512684236549838, -34.485312648336233 ], [ -58.512561644432985, -34.485473398930793 ], [ -58.512383197949852, -34.485714589926857 ], [ -58.512238038473001, -34.485920132884686 ], [ -58.512103921362055, -34.48611679572906 ], [ -58.511958600404817, -34.48633134985301 ], [ -58.511511911099575, -34.486965865107138 ], [ -58.512537165263353, -34.487465079276518 ], [ -58.513713518419941, -34.488038231160267 ], [ -58.514900770224699, -34.488611504358666 ], [ -58.515146753513662, -34.488244941615832 ], [ -58.515325678108063, -34.487976711951319 ], [ -58.51570576816313, -34.487413480551218 ], [ -58.515850762351555, -34.487216944929465 ], [ -58.515973510587934, -34.487047180319912 ], [ -58.516285420428837, -34.48664536180668 ], [ -58.516419050020559, -34.486475727949447 ], [ -58.516530434175429, -34.486332865249487 ], [ -58.517092709875421, -34.485623118240419 ], [ -58.51593861037307, -34.485023228641253 ], [ -58.514768364283697, -34.484414118527049 ], [ -58.513803467424239, -34.483888616863361 ] ] ] } },
{ "type": "Feature", "properties": { "radio_id": "067561101", "prov": "06", "depto": "756", "partido": "SAN ISIDRO", "fraccion": "11", "radio": "01", "tipo_radio": "U", "area_fuente": 53876.831, "perimetro_fuente": 1099.532 }, "geometry": { "type": "Polygon", "coordinates": [ [ [ -58.524623694005783, -34.468097385012406 ], [ -58.524753311352924, -34.468153030993506 ], [ -58.524809300924296, -34.468063571451552 ], [ -58.52522219202362, -34.467482676358145 ], [ -58.525680185585969, -34.466812187512282 ], [ -58.525528966968274, -34.46674726926625 ], [ -58.524406748745093, -34.466201926588738 ], [ -58.524298895580571, -34.466146543068945 ], [ -58.523305988751474, -34.465674860116295 ], [ -58.5231872566047, -34.465619344179345 ], [ -58.522345575544939, -34.46521257472444 ], [ -58.522279658069003, -34.465247831881406 ], [ -58.52216958368728, -34.465318609219835 ], [ -58.521520491814641, -34.465716366940441 ], [ -58.522696768742279, -34.466280416387626 ], [ -58.522837103686513, -34.466345207456023 ], [ -58.522758875849995, -34.466461437920366 ], [ -58.522357330399231, -34.467015421176477 ], [ -58.523360969117434, -34.467496255099455 ], [ -58.523490583573164, -34.4675519023668 ], [ -58.524623694005783, -34.468097385012406 ] ] ] } },
{ "type": "Feature", "properties": { "radio_id": "067561102", "prov": "06", "depto": "756", "partido": "SAN ISIDRO", "fraccion": "11", "radio": "02", "tipo_radio": "U", "area_fuente": 51206.54, "perimetro_fuente": 1215.883 }, "geometry": { "type": "Polygon", "coordinates": [ [ [ -58.524133677984317, -34.468731428679348 ], [ -58.524295462506949, -34.468814504233443 ], [ -58.524373531934664, -34.468707284453892 ], [ -58.524753311352924, -34.468153030993506 ], [ -58.524623694005783, -34.468097385012406 ], [ -58.523490583573164, -34.4675519023668 ], [ -58.523360969117434, -34.467496255099455 ], [ -58.522357330399231, -34.467015421176477 ], [ -58.522758875849995, -34.466461437920366 ], [ -58.522837103686513, -34.466345207456023 ], [ -58.522696768742279, -34.466280416387626 ], [ -58.521520491814641, -34.465716366940441 ], [ -58.521366418760763, -34.465813651864757 ], [ -58.521245303488705, -34.4658933082994 ], [ -58.521080189302957, -34.465999471891465 ], [ -58.520706120813351, -34.466229296615218 ], [ -58.520089974815846, -34.46660941819848 ], [ -58.519902937587858, -34.466724329107585 ], [ -58.520507316602661, -34.467011065921859 ], [ -58.521759292069646, -34.467603081445134 ], [ -58.521899468443593, -34.46767688521706 ], [ -58.522903270960668, -34.468148711368585 ], [ -58.523032728400445, -34.468213370765909 ], [ -58.524133677984317, -34.468731428679348 ] ] ] } },
{ "type": "Feature", "properties": { "radio_id": "067561103", "prov": "06", "depto": "756", "partido": "SAN ISIDRO", "fraccion": "11", "radio": "03", "tipo_radio": "U", "area_fuente": 57430.58, "perimetro_fuente": 1054.093 }, "geometry": { "type": "Polygon", "coordinates": [ [ [ -58.519902937587858, -34.466724329107585 ], [ -58.51970486127923, -34.466848118643313 ], [ -58.51916566530992, -34.467184099779423 ], [ -58.519033188885999, -34.46729065688303 ], [ -58.518945029566638, -34.467352683254191 ], [ -58.51846697154955, -34.467923753926748 ], [ -58.518389373308615, -34.468003934067447 ], [ -58.518111620997651, -34.468325053512842 ], [ -58.517822827524874, -34.468655050999956 ], [ -58.517963001986978, -34.468728859231732 ], [ -58.518880225432447, -34.469172627658679 ], [ -58.518966475067579, -34.469218740600688 ], [ -58.519401970423694, -34.468593071295139 ], [ -58.519457806750076, -34.468512626871565 ], [ -58.519554936843427, -34.468558870311277 ], [ -58.520741960834577, -34.469132082430434 ], [ -58.52083909345216, -34.469178325795866 ], [ -58.520894928850716, -34.469097879796294 ], [ -58.521252176316324, -34.468588433461086 ], [ -58.521363845396884, -34.468427540999379 ], [ -58.5214308784252, -34.468329203143661 ], [ -58.521799158850307, -34.467810874104195 ], [ -58.521899468443593, -34.46767688521706 ], [ -58.521759292069646, -34.467603081445134 ], [ -58.520507316602661, -34.467011065921859 ], [ -58.519902937587858, -34.466724329107585 ] ] ] } },
{ "type": "Feature", "properties": { "radio_id": "067561104", "prov": "06", "depto": "756", "partido": "SAN ISIDRO", "fraccion": "11", "radio": "04", "tipo_radio": "U", "area_fuente": 49230.435, "perimetro_fuente": 895.223 }, "geometry": { "type": "Polygon", "coordinates": [ [ [ -58.521899468443593, -34.46767688521706 ], [ -58.521799158850307, -34.467810874104195 ], [ -58.5214308784252, -34.468329203143661 ], [ -58.521363845396884, -34.468427540999379 ], [ -58.521252176316324, -34.468588433461086 ], [ -58.520894928850716, -34.469097879796294 ], [ -58.52083909345216, -34.469178325795866 ], [ -58.520914782459755, -34.469206282487207 ], [ -58.521961485256952, -34.469714689800867 ], [ -58.52199381027642, -34.46973310782213 ], [ -58.522080222247091, -34.469770207021519 ], [ -58.523170303606669, -34.47028814225785 ], [ -58.52324583567033, -34.470325109162623 ], [ -58.523290471075192, -34.470262553788622 ], [ -58.523714900784114, -34.469645749559604 ], [ -58.523759534376318, -34.469583193976071 ], [ -58.523815367305922, -34.469502746581838 ], [ -58.524295462506949, -34.468814504233443 ], [ -58.524133677984317, -34.468731428679348 ], [ -58.523032728400445, -34.468213370765909 ], [ -58.522903270960668, -34.468148711368585 ], [ -58.521899468443593, -34.46767688521706 ] ] ] } },
{ "type": "Feature", "properties": { "radio_id": "067561105", "prov": "06", "depto": "756", "partido": "SAN ISIDRO", "fraccion": "11", "radio": "05", "tipo_radio": "U", "area_fuente": 59016.918, "perimetro_fuente": 976.9 }, "geometry": { "type": "Polygon", "coordinates": [ [ [ -58.52083909345216, -34.469178325795866 ], [ -58.520794456859008, -34.46924088025272 ], [ -58.520392725574617, -34.469803868637655 ], [ -58.520326008256191, -34.469884182628206 ], [ -58.520270012702866, -34.469973639034031 ], [ -58.519612917526558, -34.470821964378715 ], [ -58.519535158384137, -34.470911157671274 ], [ -58.519621411238482, -34.470957270206881 ], [ -58.520678849354098, -34.471474832146782 ], [ -58.520765103436659, -34.471520943902014 ], [ -58.520862237698942, -34.471567187290098 ], [ -58.521930572680709, -34.472084870447681 ], [ -58.522016828100583, -34.472130981348712 ], [ -58.522072823363231, -34.472041523260835 ], [ -58.522676292653671, -34.471147468693609 ], [ -58.522743167641785, -34.471058141790074 ], [ -58.522799161365782, -34.470968684216807 ], [ -58.523190001626233, -34.470405556257937 ], [ -58.52324583567033, -34.470325109162623 ], [ -58.523170303606669, -34.47028814225785 ], [ -58.522080222247091, -34.469770207021519 ], [ -58.52199381027642, -34.46973310782213 ], [ -58.521961485256952, -34.469714689800867 ], [ -58.520914782459755, -34.469206282487207 ], [ -58.52083909345216, -34.469178325795866 ] ] ] } },
{ "type": "Feature", "properties": { "radio_id": "067561106", "prov": "06", "depto": "756", "partido": "SAN ISIDRO", "fraccion": "11", "radio": "06", "tipo_radio": "U", "area_fuente": 49955.995, "perimetro_fuente": 994.985 }, "geometry": { "type": "Polygon", "coordinates": [ [ [ -58.517822827524874, -34.468655050999956 ], [ -58.517756268097358, -34.468726351965216 ], [ -58.516977874066939, -34.46966332705744 ], [ -58.518175616540944, -34.470245706696929 ], [ -58.518272747845131, -34.470291952078028 ], [ -58.518358999346788, -34.470338065475005 ], [ -58.519535158384137, -34.470911157671274 ], [ -58.519612917526558, -34.470821964378715 ], [ -58.520270012702866, -34.469973639034031 ], [ -58.520326008256191, -34.469884182628206 ], [ -58.520392725574617, -34.469803868637655 ], [ -58.520794456859008, -34.46924088025272 ], [ -58.52083909345216, -34.469178325795866 ], [ -58.520741960834577, -34.469132082430434 ], [ -58.519554936843427, -34.468558870311277 ], [ -58.519457806750076, -34.468512626871565 ], [ -58.519401970423694, -34.468593071295139 ], [ -58.518966475067579, -34.469218740600688 ], [ -58.518880225432447, -34.469172627658679 ], [ -58.517963001986978, -34.468728859231732 ], [ -58.517822827524874, -34.468655050999956 ] ] ] } },
{ "type": "Feature", "properties": { "radio_id": "067561201", "prov": "06", "depto": "756", "partido": "SAN ISIDRO", "fraccion": "12", "radio": "01", "tipo_radio": "U", "area_fuente": 106771.376, "perimetro_fuente": 1347.958 }, "geometry": { "type": "Polygon", "coordinates": [ [ [ -58.525680185585969, -34.466812187512282 ], [ -58.52522219202362, -34.467482676358145 ], [ -58.524809300924296, -34.468063571451552 ], [ -58.524753311352924, -34.468153030993506 ], [ -58.524373531934664, -34.468707284453892 ], [ -58.524295462506949, -34.468814504233443 ], [ -58.525363943900153, -34.469323145612293 ], [ -58.525504284939807, -34.469387933756948 ], [ -58.526842588582475, -34.470026007195933 ], [ -58.526993654651321, -34.470099935579576 ], [ -58.528094654404221, -34.470617958911582 ], [ -58.528224119798416, -34.470682612983765 ], [ -58.528302186107666, -34.47057539154244 ], [ -58.528580857162595, -34.470200178402649 ], [ -58.528692513583685, -34.470039279865652 ], [ -58.528759381353623, -34.46994994946602 ], [ -58.529182821145874, -34.469387194086337 ], [ -58.529249845954006, -34.469288852641093 ], [ -58.529651516229997, -34.468725833496585 ], [ -58.528356417065559, -34.468106338069283 ], [ -58.528226956557639, -34.468041684223472 ], [ -58.526867228322594, -34.467385340709349 ], [ -58.52669456425437, -34.467302138291039 ], [ -58.525680185585969, -34.466812187512282 ] ] ] } },
{ "type": "Feature", "properties": { "radio_id": "067561202", "prov": "06", "depto": "756", "partido": "SAN ISIDRO", "fraccion": "12", "radio": "02", "tipo_radio": "U", "area_fuente": 50919.713, "perimetro_fuente": 1161.107 }, "geometry": { "type": "Polygon", "coordinates": [ [ [ -58.524295462506949, -34.468814504233443 ], [ -58.523815367305922, -34.469502746581838 ], [ -58.523759534376318, -34.469583193976071 ], [ -58.523714900784114, -34.469645749559604 ], [ -58.523290471075192, -34.470262553788622 ], [ -58.52324583567033, -34.470325109162623 ], [ -58.523190001626233, -34.470405556257937 ], [ -58.522799161365782, -34.470968684216807 ], [ -58.522743167641785, -34.471058141790074 ], [ -58.522829422494723, -34.471104252109193 ], [ -58.523832953446288, -34.471594094789957 ], [ -58.52395137696795, -34.471667633510762 ], [ -58.524091403349424, -34.471750446562773 ], [ -58.525243799238005, -34.472440373416326 ], [ -58.525340779688293, -34.472495624962924 ], [ -58.525396930263184, -34.472397153649446 ], [ -58.525798800129785, -34.471825136871665 ], [ -58.525843592998392, -34.471753568926324 ], [ -58.525768058448833, -34.471716604474551 ], [ -58.524473579777535, -34.471061021257114 ], [ -58.524387324020019, -34.471014912076299 ], [ -58.524443157363145, -34.470934464422427 ], [ -58.524912374035651, -34.470246088489695 ], [ -58.52496820634385, -34.470165640559955 ], [ -58.524990602666826, -34.470129856730281 ], [ -58.525504284939807, -34.469387933756948 ], [ -58.525363943900153, -34.469323145612293 ], [ -58.524295462506949, -34.468814504233443 ] ] ] } },
{ "type": "Feature", "properties": { "radio_id": "067561203", "prov": "06", "depto": "756", "partido": "SAN ISIDRO", "fraccion": "12", "radio": "03", "tipo_radio": "U", "area_fuente": 72601.906, "perimetro_fuente": 1186.671 }, "geometry": { "type": "Polygon", "coordinates": [ [ [ -58.525504284939807, -34.469387933756948 ], [ -58.524990602666826, -34.470129856730281 ], [ -58.52496820634385, -34.470165640559955 ], [ -58.524912374035651, -34.470246088489695 ], [ -58.524443157363145, -34.470934464422427 ], [ -58.524387324020019, -34.471014912076299 ], [ -58.524473579777535, -34.471061021257114 ], [ -58.525768058448833, -34.471716604474551 ], [ -58.525843592998392, -34.471753568926324 ], [ -58.525798800129785, -34.471825136871665 ], [ -58.525396930263184, -34.472397153649446 ], [ -58.525340779688293, -34.472495624962924 ], [ -58.525437601726068, -34.472559888057617 ], [ -58.526320836739039, -34.473084313145684 ], [ -58.526407095699128, -34.473130421028401 ], [ -58.526462928623438, -34.473049972464835 ], [ -58.526942230915772, -34.47240677729193 ], [ -58.527008944127608, -34.472326459609135 ], [ -58.527064459173438, -34.472264034891488 ], [ -58.527610622511787, -34.471531507359984 ], [ -58.527655255394421, -34.471468950336174 ], [ -58.528156934376796, -34.470789966322236 ], [ -58.528224119798416, -34.470682612983765 ], [ -58.528094654404221, -34.470617958911582 ], [ -58.526993654651321, -34.470099935579576 ], [ -58.526842588582475, -34.470026007195933 ], [ -58.525504284939807, -34.469387933756948 ] ] ] } },
{ "type": "Feature", "properties": { "radio_id": "067561204", "prov": "06", "depto": "756", "partido": "SAN ISIDRO", "fraccion": "12", "radio": "04", "tipo_radio": "U", "area_fuente": 188212.536, "perimetro_fuente": 1924.322 }, "geometry": { "type": "Polygon", "coordinates": [ [ [ -58.53035753719702, -34.472529021219913 ], [ -58.53030974534056, -34.472771811192899 ], [ -58.530050805036673, -34.4726425071309 ], [ -58.529459706208399, -34.473455625866357 ], [ -58.529404033946541, -34.4735270642242 ], [ -58.52950117660555, -34.473573300924286 ], [ -58.530504777637574, -34.474063090370223 ], [ -58.530591039997759, -34.474109195376599 ], [ -58.530688026022915, -34.474164442803819 ], [ -58.53132466767488, -34.474478555533253 ], [ -58.531454140454471, -34.474543206346596 ], [ -58.531563746031424, -34.474499455789108 ], [ -58.53210609359509, -34.474294154480383 ], [ -58.532867173985032, -34.474028382211905 ], [ -58.533995380409387, -34.473618286464159 ], [ -58.534104825900251, -34.473583545211412 ], [ -58.535079735267836, -34.47322568154172 ], [ -58.535265822463138, -34.473164817323202 ], [ -58.536186000464696, -34.472824315736524 ], [ -58.53740606004294, -34.472386706220703 ], [ -58.536245086658141, -34.471883288547232 ], [ -58.536113890667629, -34.471826398141438 ], [ -58.535987880755911, -34.471771757315338 ], [ -58.535582590381246, -34.471577717608881 ], [ -58.53462678085684, -34.471120098330204 ], [ -58.533614113647836, -34.470649801417963 ], [ -58.533312700444753, -34.470494595315934 ], [ -58.533042902593905, -34.470355667895973 ], [ -58.532590433934793, -34.470139231167913 ], [ -58.531993402368379, -34.469853638577057 ], [ -58.531725103674567, -34.469724244605466 ], [ -58.531157755733538, -34.470879674090355 ], [ -58.530993030750345, -34.471215136879763 ], [ -58.530961721425278, -34.471278898193844 ], [ -58.530764259674747, -34.471478181651058 ], [ -58.53070135353898, -34.471541667563066 ], [ -58.530667604072448, -34.471604356588195 ], [ -58.530633696575833, -34.471676057246704 ], [ -58.530610829347083, -34.471738876198536 ], [ -58.530576921743766, -34.471810576837129 ], [ -58.530543014080465, -34.47188227746399 ], [ -58.530520145618382, -34.47194509728169 ], [ -58.530497119125556, -34.472016928737155 ], [ -58.530474092591142, -34.472088760186438 ], [ -58.530451066030857, -34.4721605907284 ], [ -58.530428039413202, -34.472232422165369 ], [ -58.530405170760361, -34.472295241953404 ], [ -58.530393025384505, -34.472367204237145 ], [ -58.530369998654116, -34.472439035658105 ], [ -58.53035753719702, -34.472529021219913 ] ] ] } },
{ "type": "Feature", "properties": { "radio_id": "067561205", "prov": "06", "depto": "756", "partido": "SAN ISIDRO", "fraccion": "12", "radio": "05", "tipo_radio": "U", "area_fuente": 104653.936, "perimetro_fuente": 1437.763 }, "geometry": { "type": "Polygon", "coordinates": [ [ [ -58.526407095699128, -34.473130421028401 ], [ -58.526340064371951, -34.473228760689764 ], [ -58.525771956993616, -34.473970030848193 ], [ -58.525705082747649, -34.474059358490486 ], [ -58.52579150084933, -34.474096455196467 ], [ -58.526794293167299, -34.474631332803632 ], [ -58.526858790751547, -34.474677178028792 ], [ -58.526934170017746, -34.474723154396024 ], [ -58.527915213961101, -34.475257760775214 ], [ -58.528077013690485, -34.47534083164247 ], [ -58.528163275939924, -34.475386938353161 ], [ -58.529133612095563, -34.475912392592313 ], [ -58.529208993748441, -34.475958367607504 ], [ -58.529284533633607, -34.475995330945146 ], [ -58.529845168677035, -34.476299523065997 ], [ -58.529963288033208, -34.476391079479974 ], [ -58.529986632472308, -34.476301224947143 ], [ -58.530288523817525, -34.475223234452102 ], [ -58.530344354551119, -34.475142784081655 ], [ -58.530586595638553, -34.474983453521098 ], [ -58.530949006675584, -34.474798527463861 ], [ -58.5313773375265, -34.474578337498073 ], [ -58.531454140454471, -34.474543206346596 ], [ -58.53132466767488, -34.474478555533253 ], [ -58.530688026022915, -34.474164442803819 ], [ -58.530591039997759, -34.474109195376599 ], [ -58.530504777637574, -34.474063090370223 ], [ -58.52950117660555, -34.473573300924286 ], [ -58.529404033946541, -34.4735270642242 ], [ -58.529252959590245, -34.473453137746958 ], [ -58.52828201651139, -34.472963731481677 ], [ -58.528195757726429, -34.472917624912562 ], [ -58.528098616573118, -34.472871387207668 ], [ -58.527095202719977, -34.47237256700123 ], [ -58.527008944127608, -34.472326459609135 ], [ -58.526942230915772, -34.47240677729193 ], [ -58.526462928623438, -34.473049972464835 ], [ -58.526407095699128, -34.473130421028401 ] ] ] } },
{ "type": "Feature", "properties": { "radio_id": "067561206", "prov": "06", "depto": "756", "partido": "SAN ISIDRO", "fraccion": "12", "radio": "06", "tipo_radio": "U", "area_fuente": 52529.983, "perimetro_fuente": 1066.889 }, "geometry": { "type": "Polygon", "coordinates": [ [ [ -58.5256081002751, -34.474004107194055 ], [ -58.525705082747649, -34.474059358490486 ], [ -58.525771956993616, -34.473970030848193 ], [ -58.526340064371951, -34.473228760689764 ], [ -58.526407095699128, -34.473130421028401 ], [ -58.526320836739039, -34.473084313145684 ], [ -58.525437601726068, -34.472559888057617 ], [ -58.525340779688293, -34.472495624962924 ], [ -58.525243799238005, -34.472440373416326 ], [ -58.524091403349424, -34.471750446562773 ], [ -58.52395137696795, -34.471667633510762 ], [ -58.523832953446288, -34.471594094789957 ], [ -58.522829422494723, -34.471104252109193 ], [ -58.522743167641785, -34.471058141790074 ], [ -58.522676292653671, -34.471147468693609 ], [ -58.522072823363231, -34.472041523260835 ], [ -58.522016828100583, -34.472130981348712 ], [ -58.522113964873625, -34.472177223786268 ], [ -58.523139107897983, -34.472676347108631 ], [ -58.52323624594473, -34.472722588682139 ], [ -58.523354988013111, -34.472778104768906 ], [ -58.524605481887228, -34.473460208567403 ], [ -58.524713344496163, -34.473515591999643 ], [ -58.524788721514454, -34.47356156964198 ], [ -58.5256081002751, -34.474004107194055 ] ] ] } },
{ "type": "Feature", "properties": { "radio_id": "067561207", "prov": "06", "depto": "756", "partido": "SAN ISIDRO", "fraccion": "12", "radio": "07", "tipo_radio": "U", "area_fuente": 17069.18, "perimetro_fuente": 522.709 }, "geometry": { "type": "Polygon", "coordinates": [ [ [ -58.522016828100583, -34.472130981348712 ], [ -58.521960991629406, -34.472211427797994 ], [ -58.521379428480195, -34.47309673001098 ], [ -58.521323749717538, -34.473168164519684 ], [ -58.521410005895973, -34.473214274960178 ], [ -58.522446038402975, -34.473713536798186 ], [ -58.52254317724335, -34.473759778035067 ], [ -58.522599014237237, -34.473679332252814 ], [ -58.523180410207793, -34.472803035701176 ], [ -58.52323624594473, -34.472722588682139 ], [ -58.523139107897983, -34.472676347108631 ], [ -58.522113964873625, -34.472177223786268 ], [ -58.522016828100583, -34.472130981348712 ] ] ] } },
{ "type": "Feature", "properties": { "radio_id": "067561208", "prov": "06", "depto": "756", "partido": "SAN ISIDRO", "fraccion": "12", "radio": "08", "tipo_radio": "U", "area_fuente": 78245.686, "perimetro_fuente": 1397.547 }, "geometry": { "type": "Polygon", "coordinates": [ [ [ -58.521323749717538, -34.473168164519684 ], [ -58.521278793272117, -34.473248741376139 ], [ -58.520418178919414, -34.474527255812859 ], [ -58.520579969459781, -34.474610336391009 ], [ -58.520655345076477, -34.474656316542521 ], [ -58.521615536817833, -34.475136639382299 ], [ -58.522118399252626, -34.474394601146095 ], [ -58.523585111286351, -34.475160452863243 ], [ -58.523671210943249, -34.475215573375415 ], [ -58.523757470525247, -34.47526168313221 ], [ -58.524436985177886, -34.47561240443045 ], [ -58.524512363881335, -34.475658382272599 ], [ -58.524568200367852, -34.47557793469727 ], [ -58.524969616038433, -34.475032956321442 ], [ -58.525025293053979, -34.474961520124218 ], [ -58.525080811379098, -34.474899095515646 ], [ -58.52564940692838, -34.474130795038079 ], [ -58.525705082747649, -34.474059358490486 ], [ -58.5256081002751, -34.474004107194055 ], [ -58.524788721514454, -34.47356156964198 ], [ -58.524713344496163, -34.473515591999643 ], [ -58.524605481887228, -34.473460208567403 ], [ -58.523354988013111, -34.472778104768906 ], [ -58.52323624594473, -34.472722588682139 ], [ -58.523180410207793, -34.472803035701176 ], [ -58.522599014237237, -34.473679332252814 ], [ -58.52254317724335, -34.473759778035067 ], [ -58.522446038402975, -34.473713536798186 ], [ -58.521410005895973, -34.473214274960178 ], [ -58.521323749717538, -34.473168164519684 ] ] ] } },
{ "type": "Feature", "properties": { "radio_id": "067561209", "prov": "06", "depto": "756", "partido": "SAN ISIDRO", "fraccion": "12", "radio": "09", "tipo_radio": "U", "area_fuente": 104116.615, "perimetro_fuente": 1425.028 }, "geometry": { "type": "Polygon", "coordinates": [ [ [ -58.524512363881335, -34.475658382272599 ], [ -58.524598624395274, -34.475704491455929 ], [ -58.525569099287928, -34.476220961884273 ], [ -58.525655360994847, -34.476267069445974 ], [ -58.525720016604694, -34.476303903645871 ], [ -58.526971058467851, -34.476958950750053 ], [ -58.527952286604446, -34.477484545696079 ], [ -58.528038550944999, -34.477530652533993 ], [ -58.528135697369208, -34.477576890390203 ], [ -58.529224811856082, -34.478157855941419 ], [ -58.529386302139848, -34.478258948472579 ], [ -58.529669896912587, -34.477604374164585 ], [ -58.529693558278332, -34.477496496457398 ], [ -58.529728101533053, -34.477388750578179 ], [ -58.529940101621705, -34.476471922371097 ], [ -58.529963288033208, -34.476391079479974 ], [ -58.529845168677035, -34.476299523065997 ], [ -58.529284533633607, -34.475995330945146 ], [ -58.529208993748441, -34.475958367607504 ], [ -58.529133612095563, -34.475912392592313 ], [ -58.528163275939924, -34.475386938353161 ], [ -58.528077013690485, -34.47534083164247 ], [ -58.527915213961101, -34.475257760775214 ], [ -58.526934170017746, -34.474723154396024 ], [ -58.526858790751547, -34.474677178028792 ], [ -58.526794293167299, -34.474631332803632 ], [ -58.52579150084933, -34.474096455196467 ], [ -58.525705082747649, -34.474059358490486 ], [ -58.52564940692838, -34.474130795038079 ], [ -58.525080811379098, -34.474899095515646 ], [ -58.525025293053979, -34.474961520124218 ], [ -58.524969616038433, -34.475032956321442 ], [ -58.524568200367852, -34.47557793469727 ], [ -58.524512363881335, -34.475658382272599 ] ] ] } },
{ "type": "Feature", "properties": { "radio_id": "067561210", "prov": "06", "depto": "756", "partido": "SAN ISIDRO", "fraccion": "12", "radio": "10", "tipo_radio": "U", "area_fuente": 151887.178, "perimetro_fuente": 2016.348 }, "geometry": { "type": "Polygon", "coordinates": [ [ [ -58.521615536817833, -34.475136639382299 ], [ -58.521809816850386, -34.475229124944818 ], [ -58.521144038317829, -34.475951163115091 ], [ -58.521230297184161, -34.475997274634551 ], [ -58.522298213309398, -34.476541990534578 ], [ -58.522578597708488, -34.476689597285173 ], [ -58.522697344840509, -34.476745114109725 ], [ -58.523333497837427, -34.477086302906457 ], [ -58.52341975802387, -34.477132412919708 ], [ -58.523516901307808, -34.47717865437432 ], [ -58.524455216024741, -34.477667704500547 ], [ -58.524552360520666, -34.47771394515852 ], [ -58.524649505125744, -34.477760185741687 ], [ -58.525674255464878, -34.47828632433491 ], [ -58.525749637226724, -34.478332301473415 ], [ -58.525836059685851, -34.478369398236495 ], [ -58.526472396630417, -34.478701559628973 ], [ -58.526871548885119, -34.47890467002118 ], [ -58.526957814035363, -34.478950777634083 ], [ -58.527044078193697, -34.478996885175079 ], [ -58.528166007870894, -34.479569242229942 ], [ -58.528716096269818, -34.479855285538783 ], [ -58.529011375262371, -34.479155786995875 ], [ -58.529045603781974, -34.479066063731281 ], [ -58.529352390654218, -34.478330648602764 ], [ -58.529386302139848, -34.478258948472579 ], [ -58.529224811856082, -34.478157855941419 ], [ -58.528135697369208, -34.477576890390203 ], [ -58.528038550944999, -34.477530652533993 ], [ -58.527952286604446, -34.477484545696079 ], [ -58.526971058467851, -34.476958950750053 ], [ -58.525720016604694, -34.476303903645871 ], [ -58.525655360994847, -34.476267069445974 ], [ -58.525569099287928, -34.476220961884273 ], [ -58.524598624395274, -34.475704491455929 ], [ -58.524512363881335, -34.475658382272599 ], [ -58.524436985177886, -34.47561240443045 ], [ -58.523757470525247, -34.47526168313221 ], [ -58.523671210943249, -34.475215573375415 ], [ -58.523585111286351, -34.475160452863243 ], [ -58.522118399252626, -34.474394601146095 ], [ -58.521615536817833, -34.475136639382299 ] ] ] } },
{ "type": "Feature", "properties": { "radio_id": "067561211", "prov": "06", "depto": "756", "partido": "SAN ISIDRO", "fraccion": "12", "radio": "11", "tipo_radio": "U", "area_fuente": 220375.297, "perimetro_fuente": 2226.106 }, "geometry": { "type": "Polygon", "coordinates": [ [ [ -58.519402970053655, -34.477777847934306 ], [ -58.520470577738791, -34.478340603120053 ], [ -58.521215234917278, -34.478701143696519 ], [ -58.522520209188556, -34.479383929423797 ], [ -58.523965403769068, -34.480140503523572 ], [ -58.52479774576716, -34.480531431604078 ], [ -58.527422055788627, -34.481953364777901 ], [ -58.527483097658049, -34.481886498988693 ], [ -58.527581990754172, -34.481833609587468 ], [ -58.52768600826716, -34.481798809804665 ], [ -58.527800590468665, -34.481782163373815 ], [ -58.527892854492627, -34.481796795290215 ], [ -58.527921406628451, -34.481720524308585 ], [ -58.528068737003061, -34.481388799624789 ], [ -58.528159912689247, -34.481155546224983 ], [ -58.52823941395625, -34.480967220664795 ], [ -58.528318914867711, -34.480778894136989 ], [ -58.528386899937964, -34.480626482968198 ], [ -58.528670984749176, -34.479944877646176 ], [ -58.528716096269818, -34.479855285538783 ], [ -58.528166007870894, -34.479569242229942 ], [ -58.527044078193697, -34.478996885175079 ], [ -58.526957814035363, -34.478950777634083 ], [ -58.526871548885119, -34.47890467002118 ], [ -58.526472396630417, -34.478701559628973 ], [ -58.525836059685851, -34.478369398236495 ], [ -58.525749637226724, -34.478332301473415 ], [ -58.525674255464878, -34.47828632433491 ], [ -58.524649505125744, -34.477760185741687 ], [ -58.524552360520666, -34.47771394515852 ], [ -58.524455216024741, -34.477667704500547 ], [ -58.523516901307808, -34.47717865437432 ], [ -58.52341975802387, -34.477132412919708 ], [ -58.523333497837427, -34.477086302906457 ], [ -58.522697344840509, -34.476745114109725 ], [ -58.522578597708488, -34.476689597285173 ], [ -58.522298213309398, -34.476541990534578 ], [ -58.521230297184161, -34.475997274634551 ], [ -58.521144038317829, -34.475951163115091 ], [ -58.521077475619215, -34.476022465730694 ], [ -58.520700498039346, -34.476414496779576 ], [ -58.520644975478866, -34.476476919272621 ], [ -58.52057841193124, -34.476548221588693 ], [ -58.520112624145, -34.477038324199448 ], [ -58.52005710072568, -34.477100746397177 ], [ -58.51999037703515, -34.477181059052306 ], [ -58.519402970053655, -34.477777847934306 ] ] ] } },
{ "type": "Feature", "properties": { "radio_id": "067561212", "prov": "06", "depto": "756", "partido": "SAN ISIDRO", "fraccion": "12", "radio": "12", "tipo_radio": "U", "area_fuente": 116523.516, "perimetro_fuente": 1453.235 }, "geometry": { "type": "Polygon", "coordinates": [ [ [ -58.527095202719977, -34.47237256700123 ], [ -58.528098616573118, -34.472871387207668 ], [ -58.528195757726429, -34.472917624912562 ], [ -58.52828201651139, -34.472963731481677 ], [ -58.529252959590245, -34.473453137746958 ], [ -58.529404033946541, -34.4735270642242 ], [ -58.529459706208399, -34.473455625866357 ], [ -58.530050805036673, -34.4726425071309 ], [ -58.53030974534056, -34.472771811192899 ], [ -58.53035753719702, -34.472529021219913 ], [ -58.530369998654116, -34.472439035658105 ], [ -58.530393025384505, -34.472367204237145 ], [ -58.530405170760361, -34.472295241953404 ], [ -58.530428039413202, -34.472232422165369 ], [ -58.530451066030857, -34.4721605907284 ], [ -58.530474092591142, -34.472088760186438 ], [ -58.530497119125556, -34.472016928737155 ], [ -58.530520145618382, -34.47194509728169 ], [ -58.530543014080465, -34.47188227746399 ], [ -58.530576921743766, -34.471810576837129 ], [ -58.530610829347083, -34.471738876198536 ], [ -58.530633696575833, -34.471676057246704 ], [ -58.530667604072448, -34.471604356588195 ], [ -58.53070135353898, -34.471541667563066 ], [ -58.530764259674747, -34.471478181651058 ], [ -58.530961721425278, -34.471278898193844 ], [ -58.530993030750345, -34.471215136879763 ], [ -58.531157755733538, -34.470879674090355 ], [ -58.531725103674567, -34.469724244605466 ], [ -58.531529309256705, -34.469631737638473 ], [ -58.531437784020731, -34.469576651169227 ], [ -58.531173238515962, -34.469456201983903 ], [ -58.530935752861865, -34.469345184812873 ], [ -58.53077380356256, -34.469271129525303 ], [ -58.530439338729735, -34.469104864161018 ], [ -58.53023434081269, -34.469003249856378 ], [ -58.529651516229997, -34.468725833496585 ], [ -58.529249845954006, -34.469288852641093 ], [ -58.529182821145874, -34.469387194086337 ], [ -58.528759381353623, -34.46994994946602 ], [ -58.528692513583685, -34.470039279865652 ], [ -58.528580857162595, -34.470200178402649 ], [ -58.528302186107666, -34.47057539154244 ], [ -58.528224119798416, -34.470682612983765 ], [ -58.528156934376796, -34.470789966322236 ], [ -58.527655255394421, -34.471468950336174 ], [ -58.527610622511787, -34.471531507359984 ], [ -58.527064459173438, -34.472264034891488 ], [ -58.527008944127608, -34.472326459609135 ], [ -58.527095202719977, -34.47237256700123 ] ] ] } },
{ "type": "Feature", "properties": { "radio_id": "067561301", "prov": "06", "depto": "756", "partido": "SAN ISIDRO", "fraccion": "13", "radio": "01", "tipo_radio": "U", "area_fuente": 90493.944, "perimetro_fuente": 1337.331 }, "geometry": { "type": "Polygon", "coordinates": [ [ [ -58.53708638813972, -34.461144533927488 ], [ -58.537205123767507, -34.461200036471148 ], [ -58.538014515564413, -34.461588289930525 ], [ -58.538143975314199, -34.461652933423451 ], [ -58.538856242049121, -34.461994951809885 ], [ -58.538974979008174, -34.462050452673829 ], [ -58.53913692333191, -34.462124497017946 ], [ -58.539795268654053, -34.462438825678959 ], [ -58.539924730048241, -34.46250346733197 ], [ -58.540013967582112, -34.462378343375946 ], [ -58.540493732314545, -34.461699042963843 ], [ -58.540583123859491, -34.461564907721424 ], [ -58.541241659443266, -34.460617332344825 ], [ -58.541359503358173, -34.460411426560029 ], [ -58.540431291654023, -34.4599722016128 ], [ -58.539486848777976, -34.459528268973671 ], [ -58.539542738298707, -34.459443307858869 ], [ -58.54005623935673, -34.45873787312054 ], [ -58.539099395596409, -34.458281598631828 ], [ -58.538503630590732, -34.459124426567385 ], [ -58.538403357774023, -34.459258430207207 ], [ -58.53821369082695, -34.459526569129778 ], [ -58.537722570915456, -34.460232764686658 ], [ -58.537655563495818, -34.460331112260661 ], [ -58.537153554116045, -34.461037175025261 ], [ -58.53708638813972, -34.461144533927488 ] ] ] } },
{ "type": "Feature", "properties": { "radio_id": "067561302", "prov": "06", "depto": "756", "partido": "SAN ISIDRO", "fraccion": "13", "radio": "02", "tipo_radio": "U", "area_fuente": 54288.766, "perimetro_fuente": 943.342 }, "geometry": { "type": "Polygon", "coordinates": [ [ [ -58.539924730048241, -34.46250346733197 ], [ -58.540064915935673, -34.462577249625916 ], [ -58.540734148558656, -34.462891703350813 ], [ -58.540863612488216, -34.462956344053659 ], [ -58.541025559205444, -34.463030385958064 ], [ -58.541662315322469, -34.463335432507549 ], [ -58.541824264592385, -34.463409473398507 ], [ -58.542315056825878, -34.462721284715919 ], [ -58.542393254326804, -34.462605040881492 ], [ -58.54243787137559, -34.462542477966934 ], [ -58.542505031793951, -34.462435116001039 ], [ -58.542572035396304, -34.462336765698588 ], [ -58.54308504472489, -34.461621797839918 ], [ -58.543163083522316, -34.4615145651494 ], [ -58.543308123988808, -34.461308982538355 ], [ -58.543232434029612, -34.4612810396752 ], [ -58.542574770798517, -34.460964220977068 ], [ -58.542369089113421, -34.460865136322369 ], [ -58.542271797867961, -34.460827921674777 ], [ -58.541449362447985, -34.460452450702867 ], [ -58.541359503358173, -34.460411426560029 ], [ -58.541241659443266, -34.460617332344825 ], [ -58.540583123859491, -34.461564907721424 ], [ -58.540493732314545, -34.461699042963843 ], [ -58.540013967582112, -34.462378343375946 ], [ -58.539924730048241, -34.46250346733197 ] ] ] } },
{ "type": "Feature", "properties": { "radio_id": "067561303", "prov": "06", "depto": "756", "partido": "SAN ISIDRO", "fraccion": "13", "radio": "03", "tipo_radio": "U", "area_fuente": 40685.788, "perimetro_fuente": 1004.427 }, "geometry": { "type": "Polygon", "coordinates": [ [ [ -58.541359503358173, -34.460411426560029 ], [ -58.541449362447985, -34.460452450702867 ], [ -58.542271797867961, -34.460827921674777 ], [ -58.542369089113421, -34.460865136322369 ], [ -58.542574770798517, -34.460964220977068 ], [ -58.543232434029612, -34.4612810396752 ], [ -58.543308123988808, -34.461308982538355 ], [ -58.543341546596913, -34.461264312995617 ], [ -58.543833856871991, -34.460521388162697 ], [ -58.542907838976717, -34.460084208101904 ], [ -58.54199267071531, -34.459652138660751 ], [ -58.540996365052038, -34.459181749796748 ], [ -58.54005623935673, -34.45873787312054 ], [ -58.539542738298707, -34.459443307858869 ], [ -58.539486848777976, -34.459528268973671 ], [ -58.540431291654023, -34.4599722016128 ], [ -58.541359503358173, -34.460411426560029 ] ] ] } },
{ "type": "Feature", "properties": { "radio_id": "067561304", "prov": "06", "depto": "756", "partido": "SAN ISIDRO", "fraccion": "13", "radio": "04", "tipo_radio": "U", "area_fuente": 34553.852, "perimetro_fuente": 886.292 }, "geometry": { "type": "Polygon", "coordinates": [ [ [ -58.543308123988808, -34.461308982538355 ], [ -58.543372932957816, -34.461336795676473 ], [ -58.544203804312978, -34.46174329166324 ], [ -58.544279338576338, -34.461780245655646 ], [ -58.544355029353063, -34.461808187888408 ], [ -58.545131977927916, -34.462186994688693 ], [ -58.545229116816174, -34.462233218853527 ], [ -58.545326255813499, -34.462279442943483 ], [ -58.546491929038076, -34.462834125245365 ], [ -58.546828995002436, -34.462414386059621 ], [ -58.547107941342468, -34.462067017276922 ], [ -58.545785743656069, -34.461442851523664 ], [ -58.544827445797218, -34.460990456362339 ], [ -58.543833856871991, -34.460521388162697 ], [ -58.543341546596913, -34.461264312995617 ], [ -58.543308123988808, -34.461308982538355 ] ] ] } },
{ "type": "Feature", "properties": { "radio_id": "067561305", "prov": "06", "depto": "756", "partido": "SAN ISIDRO", "fraccion": "13", "radio": "05", "tipo_radio": "U", "area_fuente": 92079.02, "perimetro_fuente": 1293.132 }, "geometry": { "type": "Polygon", "coordinates": [ [ [ -58.54344189191518, -34.463005125441633 ], [ -58.542839172046193, -34.463872255752435 ], [ -58.542774360247662, -34.46384444228412 ], [ -58.542238633143938, -34.464613218829939 ], [ -58.542171783935721, -34.4647025571565 ], [ -58.542115971682634, -34.464783013530969 ], [ -58.541926303257405, -34.46505115706443 ], [ -58.541870490528325, -34.465131613310433 ], [ -58.542010839222485, -34.465196382697727 ], [ -58.543663022049365, -34.465937166422229 ], [ -58.543951236770397, -34.465634139103038 ], [ -58.544028808882722, -34.465553942018303 ], [ -58.544471695346964, -34.465117553259368 ], [ -58.544648753693338, -34.46494840391825 ], [ -58.544803738765204, -34.464797018635103 ], [ -58.544914576086974, -34.464681162734969 ], [ -58.545025413115781, -34.464565305823186 ], [ -58.545269627657767, -34.464288793002076 ], [ -58.545613484036345, -34.46391431519811 ], [ -58.546292024870858, -34.463066099840468 ], [ -58.546491929038076, -34.462834125245365 ], [ -58.545326255813499, -34.462279442943483 ], [ -58.545229116816174, -34.462233218853527 ], [ -58.545131977927916, -34.462186994688693 ], [ -58.544355029353063, -34.461808187888408 ], [ -58.544279338576338, -34.461780245655646 ], [ -58.544267676285855, -34.461825174638157 ], [ -58.544200987995168, -34.461905502511961 ], [ -58.544156216142738, -34.4619770769309 ], [ -58.544078334616685, -34.462075298556229 ], [ -58.543821870953515, -34.462442455131935 ], [ -58.543553824377724, -34.462826188763678 ], [ -58.543508738374804, -34.462915786327407 ], [ -58.54344189191518, -34.463005125441633 ] ] ] } },
{ "type": "Feature", "properties": { "radio_id": "067561306", "prov": "06", "depto": "756", "partido": "SAN ISIDRO", "fraccion": "13", "radio": "06", "tipo_radio": "U", "area_fuente": 44623.091, "perimetro_fuente": 1074.705 }, "geometry": { "type": "Polygon", "coordinates": [ [ [ -58.541723678110188, -34.463561503980671 ], [ -58.541310762842016, -34.464151470305943 ], [ -58.541232719138996, -34.464258701645946 ], [ -58.541009467191479, -34.464580524312545 ], [ -58.540942303067261, -34.464687885327422 ], [ -58.541082493459889, -34.464761667445266 ], [ -58.541741023573223, -34.465066973604529 ], [ -58.541870490528325, -34.465131613310433 ], [ -58.541926303257405, -34.46505115706443 ], [ -58.542115971682634, -34.464783013530969 ], [ -58.542171783935721, -34.4647025571565 ], [ -58.542238633143938, -34.464613218829939 ], [ -58.542774360247662, -34.46384444228412 ], [ -58.542839172046193, -34.463872255752435 ], [ -58.54344189191518, -34.463005125441633 ], [ -58.543508738374804, -34.462915786327407 ], [ -58.543553824377724, -34.462826188763678 ], [ -58.543821870953515, -34.462442455131935 ], [ -58.544078334616685, -34.462075298556229 ], [ -58.544156216142738, -34.4619770769309 ], [ -58.544200987995168, -34.461905502511961 ], [ -58.544267676285855, -34.461825174638157 ], [ -58.544279338576338, -34.461780245655646 ], [ -58.544203804312978, -34.46174329166324 ], [ -58.543372932957816, -34.461336795676473 ], [ -58.543308123988808, -34.461308982538355 ], [ -58.543163083522316, -34.4615145651494 ], [ -58.54308504472489, -34.461621797839918 ], [ -58.542572035396304, -34.462336765698588 ], [ -58.542505031793951, -34.462435116001039 ], [ -58.54243787137559, -34.462542477966934 ], [ -58.542393254326804, -34.462605040881492 ], [ -58.542315056825878, -34.462721284715919 ], [ -58.541824264592385, -34.463409473398507 ], [ -58.541723678110188, -34.463561503980671 ] ] ] } },
{ "type": "Feature", "properties": { "radio_id": "067561307", "prov": "06", "depto": "756", "partido": "SAN ISIDRO", "fraccion": "13", "radio": "07", "tipo_radio": "U", "area_fuente": 82644.963, "perimetro_fuente": 1335.122 }, "geometry": { "type": "Polygon", "coordinates": [ [ [ -58.536182463295489, -34.462431661945118 ], [ -58.536646530228282, -34.462653544759426 ], [ -58.53712148088848, -34.462875555206722 ], [ -58.537617878962152, -34.463115848494759 ], [ -58.538081953633146, -34.46333772512574 ], [ -58.538254621568562, -34.463420912485802 ], [ -58.5388808038118, -34.463707820722945 ], [ -58.539031870945074, -34.463781735191176 ], [ -58.539139731359604, -34.463837104996728 ], [ -58.539862899802898, -34.464179248913624 ], [ -58.539970761279662, -34.464234618910282 ], [ -58.54011110694875, -34.464299390413309 ], [ -58.54079123255827, -34.464613973147337 ], [ -58.540942303067261, -34.464687885327422 ], [ -58.541009467191479, -34.464580524312545 ], [ -58.541232719138996, -34.464258701645946 ], [ -58.541310762842016, -34.464151470305943 ], [ -58.541723678110188, -34.463561503980671 ], [ -58.541824264592385, -34.463409473398507 ], [ -58.541662315322469, -34.463335432507549 ], [ -58.541025559205444, -34.463030385958064 ], [ -58.540863612488216, -34.462956344053659 ], [ -58.540734148558656, -34.462891703350813 ], [ -58.540064915935673, -34.462577249625916 ], [ -58.539924730048241, -34.46250346733197 ], [ -58.539795268654053, -34.462438825678959 ], [ -58.53913692333191, -34.462124497017946 ], [ -58.538974979008174, -34.462050452673829 ], [ -58.538856242049121, -34.461994951809885 ], [ -58.538143975314199, -34.461652933423451 ], [ -58.538014515564413, -34.461588289930525 ], [ -58.537205123767507, -34.461200036471148 ], [ -58.53708638813972, -34.461144533927488 ], [ -58.53699714769747, -34.461269655692035 ], [ -58.536550785257226, -34.461904273291594 ], [ -58.536483775077812, -34.462002620127784 ], [ -58.536349754238522, -34.46219931367331 ], [ -58.536182463295489, -34.462431661945118 ] ] ] } },
{ "type": "Feature", "properties": { "radio_id": "067561308", "prov": "06", "depto": "756", "partido": "SAN ISIDRO", "fraccion": "13", "radio": "08", "tipo_radio": "U", "area_fuente": 69512.698, "perimetro_fuente": 1148.49 }, "geometry": { "type": "Polygon", "coordinates": [ [ [ -58.533970184565675, -34.461990522531622 ], [ -58.533891819722172, -34.462115771487234 ], [ -58.533422880040526, -34.462795175063384 ], [ -58.533355865504262, -34.46289352005833 ], [ -58.533496203588086, -34.462958298083883 ], [ -58.534143810450722, -34.463263514556417 ], [ -58.534294872402889, -34.463337434759239 ], [ -58.534812867572846, -34.463587011021971 ], [ -58.535233888340208, -34.463781342453892 ], [ -58.535363349160079, -34.463845988902115 ], [ -58.53601096885523, -34.464151194870368 ], [ -58.536172757065202, -34.464234254832881 ], [ -58.536313256961016, -34.464290018945 ], [ -58.537133396830122, -34.464687420692428 ], [ -58.537200251293278, -34.464598085258721 ], [ -58.537769450259425, -34.463784664076684 ], [ -58.53791466499829, -34.463570076692882 ], [ -58.538081953633146, -34.46333772512574 ], [ -58.537617878962152, -34.463115848494759 ], [ -58.53712148088848, -34.462875555206722 ], [ -58.536646530228282, -34.462653544759426 ], [ -58.536182463295489, -34.462431661945118 ], [ -58.536031402282447, -34.462357744077458 ], [ -58.535340589833048, -34.462033993585479 ], [ -58.535243456916312, -34.461987761703043 ], [ -58.535092396471832, -34.461913842697889 ], [ -58.534423194903965, -34.46159935967863 ], [ -58.534293738251293, -34.461534712318482 ], [ -58.534148675665321, -34.461740283648105 ], [ -58.533970184565675, -34.461990522531622 ] ] ] } },
{ "type": "Feature", "properties": { "radio_id": "067561309", "prov": "06", "depto": "756", "partido": "SAN ISIDRO", "fraccion": "13", "radio": "09", "tipo_radio": "U", "area_fuente": 99923.516, "perimetro_fuente": 1503.787 }, "geometry": { "type": "Polygon", "coordinates": [ [ [ -58.538081953633146, -34.46333772512574 ], [ -58.53791466499829, -34.463570076692882 ], [ -58.537769450259425, -34.463784664076684 ], [ -58.537200251293278, -34.464598085258721 ], [ -58.537133396830122, -34.464687420692428 ], [ -58.537306224813264, -34.464761597753231 ], [ -58.537932256319834, -34.465057522646092 ], [ -58.538094204309779, -34.465131567547289 ], [ -58.538892758326988, -34.465519686783161 ], [ -58.539033104143847, -34.465584459531819 ], [ -58.539497197273526, -34.465806331157495 ], [ -58.539972172346282, -34.466028331948706 ], [ -58.540133967142495, -34.466111386820749 ], [ -58.540770742832251, -34.466416438380506 ], [ -58.540911092744352, -34.466481209050933 ], [ -58.541051442877475, -34.466545979565012 ], [ -58.542505100806473, -34.46719536117412 ], [ -58.543252926493956, -34.466364929372396 ], [ -58.543419265949744, -34.46618664057786 ], [ -58.543596642893107, -34.465999469504268 ], [ -58.543663022049365, -34.465937166422229 ], [ -58.542010839222485, -34.465196382697727 ], [ -58.541870490528325, -34.465131613310433 ], [ -58.541741023573223, -34.465066973604529 ], [ -58.541082493459889, -34.464761667445266 ], [ -58.540942303067261, -34.464687885327422 ], [ -58.54079123255827, -34.464613973147337 ], [ -58.54011110694875, -34.464299390413309 ], [ -58.539970761279662, -34.464234618910282 ], [ -58.539862899802898, -34.464179248913624 ], [ -58.539139731359604, -34.463837104996728 ], [ -58.539031870945074, -34.463781735191176 ], [ -58.5388808038118, -34.463707820722945 ], [ -58.538254621568562, -34.463420912485802 ], [ -58.538081953633146, -34.46333772512574 ] ] ] } },
{ "type": "Feature", "properties": { "radio_id": "067561401", "prov": "06", "depto": "756", "partido": "SAN ISIDRO", "fraccion": "14", "radio": "01", "tipo_radio": "U", "area_fuente": 182640.911, "perimetro_fuente": 2643.902 }, "geometry": { "type": "Polygon", "coordinates": [ [ [ -58.546491929038076, -34.462834125245365 ], [ -58.546292024870858, -34.463066099840468 ], [ -58.546431122838868, -34.463202957922469 ], [ -58.54733694074325, -34.463682432901329 ], [ -58.547385837025899, -34.463745745875869 ], [ -58.548275565139413, -34.464153277374955 ], [ -58.548350947392969, -34.464199240663625 ], [ -58.54915995413603, -34.464614458241286 ], [ -58.549214044293272, -34.464633127500925 ], [ -58.549747947101658, -34.464909870656733 ], [ -58.549979850584407, -34.465029798840945 ], [ -58.550087719059597, -34.465085160083476 ], [ -58.550184864125598, -34.465131380441463 ], [ -58.55093995492588, -34.46551890515488 ], [ -58.551086673532431, -34.465590161013758 ], [ -58.550890258827195, -34.465880869214338 ], [ -58.551078624186054, -34.465968382744698 ], [ -58.551810307150454, -34.466308315076866 ], [ -58.55277031570796, -34.466760056526709 ], [ -58.553724605698626, -34.467209095403817 ], [ -58.553417123579187, -34.467648412541713 ], [ -58.553394584410619, -34.467693212761432 ], [ -58.553372045201648, -34.467738013877252 ], [ -58.553260592978731, -34.467889925451971 ], [ -58.553068061919923, -34.468148233261346 ], [ -58.552937425895351, -34.46832776394254 ], [ -58.55289250217043, -34.468408354231642 ], [ -58.552894230060133, -34.468408374691819 ], [ -58.552948167966605, -34.468436054108935 ], [ -58.5539330996925, -34.468924780584594 ], [ -58.554141742771407, -34.469022837355162 ], [ -58.555223920848555, -34.469525769242722 ], [ -58.555191815006758, -34.469116797650074 ], [ -58.555179364289017, -34.468958198867305 ], [ -58.555161330101207, -34.468741659650654 ], [ -58.555143140645278, -34.468534133075067 ], [ -58.555127380163867, -34.468291764355257 ], [ -58.555120623637258, -34.468187848883304 ], [ -58.555117332201824, -34.468137231141142 ], [ -58.555113437777308, -34.468093562954039 ], [ -58.555056966668033, -34.467460382289623 ], [ -58.555035249178857, -34.467216876785521 ], [ -58.555021505047534, -34.467026322112673 ], [ -58.554995863546424, -34.466670796213194 ], [ -58.55498254654588, -34.466486154077259 ], [ -58.554964047154783, -34.466296650924718 ], [ -58.554964280152205, -34.466283133299363 ], [ -58.554991556586472, -34.465795905468049 ], [ -58.554675154821588, -34.465622463455453 ], [ -58.554338418616602, -34.465464244716173 ], [ -58.55379645749322, -34.465209595862447 ], [ -58.552927158553096, -34.464801135502007 ], [ -58.55280830432563, -34.464745287919207 ], [ -58.551876772325912, -34.464307572381834 ], [ -58.551853907446905, -34.464296828573431 ], [ -58.550896866492444, -34.463847115494403 ], [ -58.550883375059811, -34.463840775815513 ], [ -58.550878872517451, -34.463838660121226 ], [ -58.550459654927856, -34.463641714762986 ], [ -58.54993071901508, -34.463393220950415 ], [ -58.549033495277477, -34.4629716973052 ], [ -58.548080757885167, -34.462524080379843 ], [ -58.547107941342468, -34.462067017276922 ], [ -58.546828995002436, -34.462414386059621 ], [ -58.546491929038076, -34.462834125245365 ] ] ] } },
{ "type": "Feature", "properties": { "radio_id": "067561402", "prov": "06", "depto": "756", "partido": "SAN ISIDRO", "fraccion": "14", "radio": "02", "tipo_radio": "U", "area_fuente": 17670.899, "perimetro_fuente": 880.008 }, "geometry": { "type": "Polygon", "coordinates": [ [ [ -58.550286370662114, -34.465677084182055 ], [ -58.550835230294325, -34.465962315124379 ], [ -58.550890258827195, -34.465880869214338 ], [ -58.551086673532431, -34.465590161013758 ], [ -58.55093995492588, -34.46551890515488 ], [ -58.550184864125598, -34.465131380441463 ], [ -58.550087719059597, -34.465085160083476 ], [ -58.549979850584407, -34.465029798840945 ], [ -58.549747947101658, -34.464909870656733 ], [ -58.549214044293272, -34.464633127500925 ], [ -58.54915995413603, -34.464614458241286 ], [ -58.548350947392969, -34.464199240663625 ], [ -58.548275565139413, -34.464153277374955 ], [ -58.547385837025899, -34.463745745875869 ], [ -58.547180070478142, -34.464043671274766 ], [ -58.547675315267725, -34.464306345214425 ], [ -58.548965926341644, -34.464990859435957 ], [ -58.550286370662114, -34.465677084182055 ] ] ] } },
{ "type": "Feature", "properties": { "radio_id": "067561403", "prov": "06", "depto": "756", "partido": "SAN ISIDRO", "fraccion": "14", "radio": "03", "tipo_radio": "U", "area_fuente": 54604.647, "perimetro_fuente": 1042.594 }, "geometry": { "type": "Polygon", "coordinates": [ [ [ -58.548057513553651, -34.466061562144887 ], [ -58.548165539148542, -34.4661079133665 ], [ -58.548221346626008, -34.466027454120777 ], [ -58.548447890619308, -34.465708554987167 ], [ -58.548678369901573, -34.465401933553636 ], [ -58.548711791414675, -34.465357262539833 ], [ -58.548965926341644, -34.464990859435957 ], [ -58.547675315267725, -34.464306345214425 ], [ -58.547180070478142, -34.464043671274766 ], [ -58.547385837025899, -34.463745745875869 ], [ -58.54733694074325, -34.463682432901329 ], [ -58.546431122838868, -34.463202957922469 ], [ -58.546292024870858, -34.463066099840468 ], [ -58.545613484036345, -34.46391431519811 ], [ -58.545269627657767, -34.464288793002076 ], [ -58.545025413115781, -34.464565305823186 ], [ -58.546212407593302, -34.465147285555176 ], [ -58.546298670010778, -34.465193379522916 ], [ -58.546344424708494, -34.465217828653664 ], [ -58.546384932524468, -34.465239473431822 ], [ -58.547161610736516, -34.465636291610444 ], [ -58.54722642435231, -34.465664102802855 ], [ -58.547323724565125, -34.465701313687894 ], [ -58.548057513553651, -34.466061562144887 ] ] ] } },
{ "type": "Feature", "properties": { "radio_id": "067561404", "prov": "06", "depto": "756", "partido": "SAN ISIDRO", "fraccion": "14", "radio": "04", "tipo_radio": "U", "area_fuente": 37374.841, "perimetro_fuente": 886.112 }, "geometry": { "type": "Polygon", "coordinates": [ [ [ -58.550539868429617, -34.467258284992219 ], [ -58.551003923751608, -34.467484620613362 ], [ -58.551070766052398, -34.46739527731205 ], [ -58.551204683831507, -34.467203072984219 ], [ -58.551472282846021, -34.466832182315713 ], [ -58.551505703496602, -34.466787510524632 ], [ -58.551265973652946, -34.466672933899417 ], [ -58.550866932327075, -34.466482214912368 ], [ -58.550577444312616, -34.466343854096856 ], [ -58.550835230294325, -34.465962315124379 ], [ -58.550286370662114, -34.465677084182055 ], [ -58.548965926341644, -34.464990859435957 ], [ -58.548711791414675, -34.465357262539833 ], [ -58.548678369901573, -34.465401933553636 ], [ -58.548447890619308, -34.465708554987167 ], [ -58.548221346626008, -34.466027454120777 ], [ -58.548165539148542, -34.4661079133665 ], [ -58.54827356377745, -34.466154264482334 ], [ -58.549018241605538, -34.46651463659456 ], [ -58.549126268337751, -34.466560986991588 ], [ -58.550075815656356, -34.467031947663806 ], [ -58.550539868429617, -34.467258284992219 ] ] ] } },
{ "type": "Feature", "properties": { "radio_id": "067561405", "prov": "06", "depto": "756", "partido": "SAN ISIDRO", "fraccion": "14", "radio": "05", "tipo_radio": "U", "area_fuente": 36309.61, "perimetro_fuente": 901.732 }, "geometry": { "type": "Polygon", "coordinates": [ [ [ -58.552795508465131, -34.468353124191218 ], [ -58.55289250217043, -34.468408354231642 ], [ -58.552937425895351, -34.46832776394254 ], [ -58.553068061919923, -34.468148233261346 ], [ -58.553260592978731, -34.467889925451971 ], [ -58.553372045201648, -34.467738013877252 ], [ -58.553394584410619, -34.467693212761432 ], [ -58.553417123579187, -34.467648412541713 ], [ -58.553724605698626, -34.467209095403817 ], [ -58.55277031570796, -34.466760056526709 ], [ -58.551810307150454, -34.466308315076866 ], [ -58.551078624186054, -34.465968382744698 ], [ -58.550890258827195, -34.465880869214338 ], [ -58.550835230294325, -34.465962315124379 ], [ -58.550577444312616, -34.466343854096856 ], [ -58.550866932327075, -34.466482214912368 ], [ -58.551265973652946, -34.466672933899417 ], [ -58.551505703496602, -34.466787510524632 ], [ -58.551472282846021, -34.466832182315713 ], [ -58.551204683831507, -34.467203072984219 ], [ -58.551070766052398, -34.46739527731205 ], [ -58.551003923751608, -34.467484620613362 ], [ -58.55110091634355, -34.467539851140153 ], [ -58.551856498797349, -34.467900336381376 ], [ -58.55194276724329, -34.467946426494329 ], [ -58.552795508465131, -34.468353124191218 ] ] ] } },
{ "type": "Feature", "properties": { "radio_id": "067561406", "prov": "06", "depto": "756", "partido": "SAN ISIDRO", "fraccion": "14", "radio": "06", "tipo_radio": "U", "area_fuente": 77266.41, "perimetro_fuente": 1232.23 }, "geometry": { "type": "Polygon", "coordinates": [ [ [ -58.548748094451398, -34.46891804921691 ], [ -58.548391009654267, -34.469427581038275 ], [ -58.548335199952305, -34.469508040264941 ], [ -58.548421466919876, -34.469554131931176 ], [ -58.549144568859894, -34.469905234547078 ], [ -58.549378842062453, -34.469574514292574 ], [ -58.549557615752221, -34.469306228982276 ], [ -58.549667049608921, -34.469271473458804 ], [ -58.549774924311357, -34.469326835085951 ], [ -58.550627511349184, -34.469742559627747 ], [ -58.550724973647569, -34.469770756210004 ], [ -58.550779067464397, -34.469789424854447 ], [ -58.55152363261314, -34.470158795208626 ], [ -58.551620627489108, -34.470214026274483 ], [ -58.551687315722788, -34.470133694444307 ], [ -58.552000238125636, -34.46965968386688 ], [ -58.552055888813591, -34.469588234615514 ], [ -58.552089621630962, -34.46952553923628 ], [ -58.552424300308239, -34.469051785229745 ], [ -58.552468757998348, -34.468998230349968 ], [ -58.552513371225857, -34.468935664616779 ], [ -58.552847890588573, -34.468470921036783 ], [ -58.55289250217043, -34.468408354231642 ], [ -58.552795508465131, -34.468353124191218 ], [ -58.55194276724329, -34.467946426494329 ], [ -58.551856498797349, -34.467900336381376 ], [ -58.55110091634355, -34.467539851140153 ], [ -58.551003923751608, -34.467484620613362 ], [ -58.550539868429617, -34.467258284992219 ], [ -58.550075815656356, -34.467031947663806 ], [ -58.550009284356939, -34.467103266948016 ], [ -58.549707866457119, -34.46754135480252 ], [ -58.549652059319996, -34.467621814718449 ], [ -58.549596407990549, -34.467693262878448 ], [ -58.54928379187664, -34.468149243839541 ], [ -58.549239176706287, -34.468211809252111 ], [ -58.549183368672544, -34.468292268021614 ], [ -58.548848675193256, -34.46876601282122 ], [ -58.54879286638694, -34.468846472287595 ], [ -58.548748094451398, -34.46891804921691 ] ] ] } },
{ "type": "Feature", "properties": { "radio_id": "067561407", "prov": "06", "depto": "756", "partido": "SAN ISIDRO", "fraccion": "14", "radio": "07", "tipo_radio": "U", "area_fuente": 62205.47, "perimetro_fuente": 1068.888 }, "geometry": { "type": "Polygon", "coordinates": [ [ [ -58.548695717898852, -34.468800250760609 ], [ -58.54879286638694, -34.468846472287595 ], [ -58.548848675193256, -34.46876601282122 ], [ -58.549183368672544, -34.468292268021614 ], [ -58.549239176706287, -34.468211809252111 ], [ -58.54928379187664, -34.468149243839541 ], [ -58.549596407990549, -34.467693262878448 ], [ -58.549652059319996, -34.467621814718449 ], [ -58.549707866457119, -34.46754135480252 ], [ -58.550009284356939, -34.467103266948016 ], [ -58.550075815656356, -34.467031947663806 ], [ -58.549126268337751, -34.466560986991588 ], [ -58.549018241605538, -34.46651463659456 ], [ -58.54827356377745, -34.466154264482334 ], [ -58.548165539148542, -34.4661079133665 ], [ -58.548057513553651, -34.466061562144887 ], [ -58.547323724565125, -34.465701313687894 ], [ -58.54722642435231, -34.465664102802855 ], [ -58.547181810153262, -34.465726667496412 ], [ -58.546869345061985, -34.466173630556924 ], [ -58.546813692414304, -34.466245077430152 ], [ -58.546746846639707, -34.466334417426097 ], [ -58.546456608069526, -34.466754602903634 ], [ -58.546400798417821, -34.466835061278829 ], [ -58.546508822935515, -34.466881413948556 ], [ -58.547231737646293, -34.467241538062829 ], [ -58.547339764254325, -34.467287890032736 ], [ -58.547283955061495, -34.467368348816997 ], [ -58.546960290848226, -34.467833205944963 ], [ -58.546904325795836, -34.4679226762591 ], [ -58.546990590323894, -34.467968769787156 ], [ -58.547756883827795, -34.468338420202784 ], [ -58.547864912134798, -34.468384771743494 ], [ -58.547962059667171, -34.468430993910331 ], [ -58.548695717898852, -34.468800250760609 ] ] ] } },
{ "type": "Feature", "properties": { "radio_id": "067561408", "prov": "06", "depto": "756", "partido": "SAN ISIDRO", "fraccion": "14", "radio": "08", "tipo_radio": "U", "area_fuente": 66659.889, "perimetro_fuente": 1173.959 }, "geometry": { "type": "Polygon", "coordinates": [ [ [ -58.546807335674195, -34.467867441561935 ], [ -58.546904325795836, -34.4679226762591 ], [ -58.546960290848226, -34.467833205944963 ], [ -58.547283955061495, -34.467368348816997 ], [ -58.547339764254325, -34.467287890032736 ], [ -58.547231737646293, -34.467241538062829 ], [ -58.546508822935515, -34.466881413948556 ], [ -58.546400798417821, -34.466835061278829 ], [ -58.546456608069526, -34.466754602903634 ], [ -58.546746846639707, -34.466334417426097 ], [ -58.546813692414304, -34.466245077430152 ], [ -58.546869345061985, -34.466173630556924 ], [ -58.547181810153262, -34.465726667496412 ], [ -58.54722642435231, -34.465664102802855 ], [ -58.547161610736516, -34.465636291610444 ], [ -58.546384932524468, -34.465239473431822 ], [ -58.546344424708494, -34.465217828653664 ], [ -58.546298670010778, -34.465193379522916 ], [ -58.546212407593302, -34.465147285555176 ], [ -58.545025413115781, -34.464565305823186 ], [ -58.544914576086974, -34.464681162734969 ], [ -58.544803738765204, -34.464797018635103 ], [ -58.544648753693338, -34.46494840391825 ], [ -58.544471695346964, -34.465117553259368 ], [ -58.544028808882722, -34.465553942018303 ], [ -58.543951236770397, -34.465634139103038 ], [ -58.543663022049365, -34.465937166422229 ], [ -58.543596642893107, -34.465999469504268 ], [ -58.543419265949744, -34.46618664057786 ], [ -58.544411828591464, -34.466685198205695 ], [ -58.545015982855965, -34.466989840237559 ], [ -58.545124007862562, -34.467036193227884 ], [ -58.545221308650461, -34.467073405795801 ], [ -58.545890284311227, -34.467405855881196 ], [ -58.54598742849376, -34.467452079555969 ], [ -58.546073536812735, -34.467507185435608 ], [ -58.546807335674195, -34.467867441561935 ] ] ] } },
{ "type": "Feature", "properties": { "radio_id": "067561409", "prov": "06", "depto": "756", "partido": "SAN ISIDRO", "fraccion": "14", "radio": "09", "tipo_radio": "U", "area_fuente": 151239.861, "perimetro_fuente": 1691.2 }, "geometry": { "type": "Polygon", "coordinates": [ [ [ -58.542505100806473, -34.46719536117412 ], [ -58.541887504153252, -34.467822078719017 ], [ -58.54176384085352, -34.467996337994755 ], [ -58.541872855903975, -34.468124139618624 ], [ -58.542898230717647, -34.468614088410575 ], [ -58.542995219009697, -34.468669325259704 ], [ -58.543092206327323, -34.468724562922773 ], [ -58.543729012841716, -34.469029600617873 ], [ -58.54382615870577, -34.469075826029567 ], [ -58.543912423712094, -34.469121921722589 ], [ -58.544527474332796, -34.469426695195608 ], [ -58.544624620024834, -34.469472919979403 ], [ -58.544721766914037, -34.469519144701323 ], [ -58.545455576961309, -34.469879409130392 ], [ -58.545541843717238, -34.469925503710805 ], [ -58.545628265837692, -34.46996258651194 ], [ -58.546394414646805, -34.470341257374599 ], [ -58.546480838676857, -34.470378339603563 ], [ -58.546577987675569, -34.470424562895474 ], [ -58.547311812794945, -34.47078481741557 ], [ -58.547408806584826, -34.470840050879467 ], [ -58.547464618079246, -34.470759593039169 ], [ -58.547821714383311, -34.470250064319075 ], [ -58.547877525090037, -34.470169605361463 ], [ -58.54793317957828, -34.470098158091176 ], [ -58.548279390156871, -34.469588498561123 ], [ -58.548335199952305, -34.469508040264941 ], [ -58.548391009654267, -34.469427581038275 ], [ -58.548748094451398, -34.46891804921691 ], [ -58.54879286638694, -34.468846472287595 ], [ -58.548695717898852, -34.468800250760609 ], [ -58.547962059667171, -34.468430993910331 ], [ -58.547864912134798, -34.468384771743494 ], [ -58.547756883827795, -34.468338420202784 ], [ -58.546990590323894, -34.467968769787156 ], [ -58.546904325795836, -34.4679226762591 ], [ -58.546807335674195, -34.467867441561935 ], [ -58.546073536812735, -34.467507185435608 ], [ -58.54598742849376, -34.467452079555969 ], [ -58.545890284311227, -34.467405855881196 ], [ -58.545221308650461, -34.467073405795801 ], [ -58.545124007862562, -34.467036193227884 ], [ -58.545015982855965, -34.466989840237559 ], [ -58.544411828591464, -34.466685198205695 ], [ -58.543419265949744, -34.46618664057786 ], [ -58.543252926493956, -34.466364929372396 ], [ -58.542505100806473, -34.46719536117412 ] ] ] } },
{ "type": "Feature", "properties": { "radio_id": "067561410", "prov": "06", "depto": "756", "partido": "SAN ISIDRO", "fraccion": "14", "radio": "10", "tipo_radio": "U", "area_fuente": 142928.625, "perimetro_fuente": 1597.187 }, "geometry": { "type": "Polygon", "coordinates": [ [ [ -58.549378842062453, -34.469574514292574 ], [ -58.549144568859894, -34.469905234547078 ], [ -58.548421466919876, -34.469554131931176 ], [ -58.548335199952305, -34.469508040264941 ], [ -58.548279390156871, -34.469588498561123 ], [ -58.54793317957828, -34.470098158091176 ], [ -58.547877525090037, -34.470169605361463 ], [ -58.547821714383311, -34.470250064319075 ], [ -58.547464618079246, -34.470759593039169 ], [ -58.547408806584826, -34.470840050879467 ], [ -58.547352994965742, -34.470920509591721 ], [ -58.546962467903313, -34.471474707160041 ], [ -58.546906499189703, -34.471564177349045 ], [ -58.54685068658884, -34.47164463579815 ], [ -58.546529801286731, -34.472298627994363 ], [ -58.546166257653354, -34.472851403156874 ], [ -58.546155364154885, -34.472867967581173 ], [ -58.546840196462831, -34.473192579412633 ], [ -58.547068772606764, -34.473300948911884 ], [ -58.54728346539612, -34.473402948008101 ], [ -58.547924599835632, -34.47372991239682 ], [ -58.54800657090945, -34.47377171605725 ], [ -58.548194522984886, -34.473859914247932 ], [ -58.548826013017859, -34.47416014413399 ], [ -58.549253754929111, -34.473544328736061 ], [ -58.549708822288778, -34.472913756294083 ], [ -58.550226275118959, -34.472178302903487 ], [ -58.550883778836322, -34.47128691730687 ], [ -58.550917512161107, -34.471224222294616 ], [ -58.550973476419614, -34.471134750149417 ], [ -58.551564977105848, -34.47028547441235 ], [ -58.551620627489108, -34.470214026274483 ], [ -58.55152363261314, -34.470158795208626 ], [ -58.550779067464397, -34.469789424854447 ], [ -58.550724973647569, -34.469770756210004 ], [ -58.550627511349184, -34.469742559627747 ], [ -58.549774924311357, -34.469326835085951 ], [ -58.549667049608921, -34.469271473458804 ], [ -58.549557615752221, -34.469306228982276 ], [ -58.549378842062453, -34.469574514292574 ] ] ] } },
{ "type": "Feature", "properties": { "radio_id": "067561501", "prov": "06", "depto": "756", "partido": "SAN ISIDRO", "fraccion": "15", "radio": "01", "tipo_radio": "U", "area_fuente": 385058.854, "perimetro_fuente": 4223.924 }, "geometry": { "type": "Polygon", "coordinates": [ [ [ -58.564671302619033, -34.475152793370981 ], [ -58.563792639112428, -34.476789504179614 ], [ -58.563003612933521, -34.47839371701707 ], [ -58.563491640051943, -34.478628601202885 ], [ -58.564733223605153, -34.479220059363158 ], [ -58.56506795280815, -34.479377221520515 ], [ -58.564983440057262, -34.479227504919123 ], [ -58.564882449721466, -34.479086608320486 ], [ -58.564818467498739, -34.479009241395694 ], [ -58.564743372594933, -34.478945265187747 ], [ -58.564657317218334, -34.478885666078284 ], [ -58.564468574593811, -34.478784299456798 ], [ -58.564333857971576, -34.478706101274476 ], [ -58.564220830084508, -34.478632664582378 ], [ -58.564129643095434, -34.478554977644876 ], [ -58.564049492963335, -34.478468407657893 ], [ -58.563996703104827, -34.478373144670833 ], [ -58.563960545608452, -34.478260049960973 ], [ -58.563940634338707, -34.478151652961955 ], [ -58.56392616422599, -34.478043319904991 ], [ -58.563938976864847, -34.477930801590361 ], [ -58.563973631078262, -34.477814032260923 ], [ -58.564200230365124, -34.477293908027548 ], [ -58.564211730094854, -34.477257988809015 ], [ -58.564604488758121, -34.476568558728658 ], [ -58.565250040425212, -34.476883459183128 ], [ -58.565759456361512, -34.477131948102098 ], [ -58.566176253322126, -34.477333404129631 ], [ -58.566925321947728, -34.47769545451812 ], [ -58.567065711748299, -34.477760196008923 ], [ -58.567551404533255, -34.478000242969927 ], [ -58.568538319696621, -34.478477345729935 ], [ -58.569418950466691, -34.478905451362095 ], [ -58.570606631058816, -34.479469178529428 ], [ -58.571102179280565, -34.479132458790453 ], [ -58.571773837991664, -34.478680618795785 ], [ -58.572016012666907, -34.478521205345054 ], [ -58.572049273894272, -34.478485539659808 ], [ -58.572756792372687, -34.477844827605487 ], [ -58.573110241187671, -34.477542493984103 ], [ -58.573375708571291, -34.477293213741596 ], [ -58.573884568755567, -34.476812420109454 ], [ -58.57447450273952, -34.476044135724827 ], [ -58.574507838566468, -34.476003963399265 ], [ -58.57497166287569, -34.475378975379343 ], [ -58.571840339400929, -34.473870468817125 ], [ -58.571389777533405, -34.474488336780851 ], [ -58.571382547005207, -34.474498251937533 ], [ -58.571343462213349, -34.474556382492331 ], [ -58.571296498818761, -34.474623877087545 ], [ -58.570821451563354, -34.475306590556777 ], [ -58.570802477094183, -34.475333859209606 ], [ -58.570554533330863, -34.475670866328592 ], [ -58.570529341392088, -34.475705107231619 ], [ -58.570512634181966, -34.47572744578104 ], [ -58.570238954128982, -34.476138868434717 ], [ -58.569526434541267, -34.475797026636677 ], [ -58.568835531863975, -34.47546444840907 ], [ -58.568393069290565, -34.475242939357216 ], [ -58.567820950907887, -34.474965828573637 ], [ -58.566969604965237, -34.474508613238378 ], [ -58.566099773961867, -34.474151683919601 ], [ -58.566383661237147, -34.473876358590623 ], [ -58.568014459698233, -34.472876946817891 ], [ -58.568026188079038, -34.47282750947074 ], [ -58.5683944500094, -34.472224159002224 ], [ -58.56727998424352, -34.471679276995488 ], [ -58.566768207298239, -34.471429260728613 ], [ -58.565991360177954, -34.472810112154079 ], [ -58.564671302619033, -34.475152793370981 ] ] ] } },
{ "type": "Feature", "properties": { "radio_id": "067561502", "prov": "06", "depto": "756", "partido": "SAN ISIDRO", "fraccion": "15", "radio": "02", "tipo_radio": "U", "area_fuente": 208903.772, "perimetro_fuente": 2785.513 }, "geometry": { "type": "Polygon", "coordinates": [ [ [ -58.558620752213301, -34.472188823716735 ], [ -58.558888020143229, -34.472314637170861 ], [ -58.559815232606738, -34.472780590878962 ], [ -58.560364425753498, -34.473053408017819 ], [ -58.560818855923799, -34.473279147361616 ], [ -58.561801191966737, -34.47375040533008 ], [ -58.56275656677775, -34.474207817131102 ], [ -58.563355171705837, -34.474525823916579 ], [ -58.563679152413457, -34.474673849758233 ], [ -58.564208035924956, -34.474932444591474 ], [ -58.564671302619033, -34.475152793370981 ], [ -58.565991360177954, -34.472810112154079 ], [ -58.566768207298239, -34.471429260728613 ], [ -58.566306192727993, -34.471205024568945 ], [ -58.565292383374832, -34.47071376735753 ], [ -58.564912636071931, -34.471181023290548 ], [ -58.564717818907432, -34.471520998643662 ], [ -58.564626405648966, -34.47196918679407 ], [ -58.564610100289919, -34.47216903393771 ], [ -58.564626039927226, -34.472366591793559 ], [ -58.564640834934416, -34.472539919380203 ], [ -58.564660283082041, -34.472675350787611 ], [ -58.564679731269223, -34.472810783091759 ], [ -58.564683628793617, -34.472900964786184 ], [ -58.562929595005762, -34.472051102040247 ], [ -58.562721173503078, -34.472335823888685 ], [ -58.561832230741281, -34.471908086849304 ], [ -58.560845193739219, -34.471402831452224 ], [ -58.559956157740018, -34.470935922128398 ], [ -58.558996682736499, -34.470477845645547 ], [ -58.558121342270745, -34.470052987916489 ], [ -58.557134048371516, -34.469566628469217 ], [ -58.557127238040394, -34.469603148626888 ], [ -58.556870768160621, -34.469960662790463 ], [ -58.556859576724122, -34.469978557801156 ], [ -58.556686307966658, -34.470215542796289 ], [ -58.556653772043916, -34.470260042572342 ], [ -58.556480616927331, -34.47049686905163 ], [ -58.556135073436124, -34.470970505931049 ], [ -58.556232228716496, -34.471016721693701 ], [ -58.557160337574153, -34.471473854515239 ], [ -58.557894143122418, -34.471838551781289 ], [ -58.557992753088563, -34.471893196608733 ], [ -58.558620752213301, -34.472188823716735 ] ] ] } },
{ "type": "Feature", "properties": { "radio_id": "067561503", "prov": "06", "depto": "756", "partido": "SAN ISIDRO", "fraccion": "15", "radio": "03", "tipo_radio": "U", "area_fuente": 265431.197, "perimetro_fuente": 2693.251 }, "geometry": { "type": "Polygon", "coordinates": [ [ [ -58.555143140645278, -34.468534133075067 ], [ -58.55619469536893, -34.469109799916382 ], [ -58.557134048371516, -34.469566628469217 ], [ -58.558121342270745, -34.470052987916489 ], [ -58.558996682736499, -34.470477845645547 ], [ -58.559956157740018, -34.470935922128398 ], [ -58.560845193739219, -34.471402831452224 ], [ -58.561832230741281, -34.471908086849304 ], [ -58.562721173503078, -34.472335823888685 ], [ -58.562929595005762, -34.472051102040247 ], [ -58.564683628793617, -34.472900964786184 ], [ -58.564679731269223, -34.472810783091759 ], [ -58.564660283082041, -34.472675350787611 ], [ -58.564640834934416, -34.472539919380203 ], [ -58.564626039927226, -34.472366591793559 ], [ -58.564610100289919, -34.47216903393771 ], [ -58.564626405648966, -34.47196918679407 ], [ -58.564717818907432, -34.471520998643662 ], [ -58.564912636071931, -34.471181023290548 ], [ -58.565292383374832, -34.47071376735753 ], [ -58.564239388415004, -34.470220026944766 ], [ -58.563301754046996, -34.469765844258298 ], [ -58.562013715680401, -34.469168024023553 ], [ -58.561344252860032, -34.468857867762544 ], [ -58.560404940127746, -34.468422681001755 ], [ -58.559465440094236, -34.467987755317409 ], [ -58.558487082170259, -34.467534096332578 ], [ -58.558240864120343, -34.467420014666573 ], [ -58.55640292085738, -34.466568403845294 ], [ -58.556179792539233, -34.466446278487979 ], [ -58.554991556586472, -34.465795905468049 ], [ -58.554964280152205, -34.466283133299363 ], [ -58.554964047154783, -34.466296650924718 ], [ -58.55498254654588, -34.466486154077259 ], [ -58.554995863546424, -34.466670796213194 ], [ -58.555021505047534, -34.467026322112673 ], [ -58.555035249178857, -34.467216876785521 ], [ -58.555056966668033, -34.467460382289623 ], [ -58.555113437777308, -34.468093562954039 ], [ -58.555117332201824, -34.468137231141142 ], [ -58.555120623637258, -34.468187848883304 ], [ -58.555127380163867, -34.468291764355257 ], [ -58.555143140645278, -34.468534133075067 ] ] ] } },
{ "type": "Feature", "properties": { "radio_id": "067561504", "prov": "06", "depto": "756", "partido": "SAN ISIDRO", "fraccion": "15", "radio": "04", "tipo_radio": "U", "area_fuente": 84312.217, "perimetro_fuente": 1575.341 }, "geometry": { "type": "Polygon", "coordinates": [ [ [ -58.555223920848555, -34.469525769242722 ], [ -58.555223984125156, -34.469526581213245 ], [ -58.555272176789963, -34.469887693349605 ], [ -58.555300382473341, -34.470382360471397 ], [ -58.555322952824753, -34.470563193665733 ], [ -58.555405084742667, -34.471221209562586 ], [ -58.555366086246792, -34.471385055309973 ], [ -58.555439218111829, -34.472081099374194 ], [ -58.555475540110137, -34.472612193286622 ], [ -58.55553138415786, -34.4729822145176 ], [ -58.556246585826379, -34.473342389679019 ], [ -58.556279075317498, -34.473351787099794 ], [ -58.557077794856063, -34.473739791078188 ], [ -58.557164227341218, -34.473776865937474 ], [ -58.557219875487476, -34.473705414325785 ], [ -58.557565425892264, -34.473231774726095 ], [ -58.557610192855321, -34.47316019448305 ], [ -58.557665996368755, -34.473079730903329 ], [ -58.558045270204417, -34.472543393679821 ], [ -58.558099212507003, -34.472571070914519 ], [ -58.558265636323988, -34.472651732057656 ], [ -58.558620752213301, -34.472188823716735 ], [ -58.557992753088563, -34.471893196608733 ], [ -58.557894143122418, -34.471838551781289 ], [ -58.557160337574153, -34.471473854515239 ], [ -58.556232228716496, -34.471016721693701 ], [ -58.556135073436124, -34.470970505931049 ], [ -58.556480616927331, -34.47049686905163 ], [ -58.556653772043916, -34.470260042572342 ], [ -58.556686307966658, -34.470215542796289 ], [ -58.556859576724122, -34.469978557801156 ], [ -58.556870768160621, -34.469960662790463 ], [ -58.557127238040394, -34.469603148626888 ], [ -58.557134048371516, -34.469566628469217 ], [ -58.55619469536893, -34.469109799916382 ], [ -58.555143140645278, -34.468534133075067 ], [ -58.555161330101207, -34.468741659650654 ], [ -58.555179364289017, -34.468958198867305 ], [ -58.555191815006758, -34.469116797650074 ], [ -58.555223920848555, -34.469525769242722 ] ] ] } },
{ "type": "Feature", "properties": { "radio_id": "067561505", "prov": "06", "depto": "756", "partido": "SAN ISIDRO", "fraccion": "15", "radio": "05", "tipo_radio": "U", "area_fuente": 72674.535, "perimetro_fuente": 1076.455 }, "geometry": { "type": "Polygon", "coordinates": [ [ [ -58.551620627489108, -34.470214026274483 ], [ -58.551564977105848, -34.47028547441235 ], [ -58.550973476419614, -34.471134750149417 ], [ -58.550917512161107, -34.471224222294616 ], [ -58.551003783420533, -34.471270313119653 ], [ -58.551834633612089, -34.471685771718356 ], [ -58.55203966550129, -34.47178735056734 ], [ -58.552352578778596, -34.471944288552336 ], [ -58.552428125848486, -34.471981237770599 ], [ -58.55264258993941, -34.472085269077972 ], [ -58.553713806939768, -34.471240380935349 ], [ -58.554214793414104, -34.470643792704777 ], [ -58.554198570361855, -34.469834251571619 ], [ -58.554141742771407, -34.469022837355162 ], [ -58.5539330996925, -34.468924780584594 ], [ -58.552948167966605, -34.468436054108935 ], [ -58.552894230060133, -34.468408374691819 ], [ -58.55289250217043, -34.468408354231642 ], [ -58.552847890588573, -34.468470921036783 ], [ -58.552513371225857, -34.468935664616779 ], [ -58.552468757998348, -34.468998230349968 ], [ -58.552424300308239, -34.469051785229745 ], [ -58.552089621630962, -34.46952553923628 ], [ -58.552055888813591, -34.469588234615514 ], [ -58.552000238125636, -34.46965968386688 ], [ -58.551687315722788, -34.470133694444307 ], [ -58.551620627489108, -34.470214026274483 ] ] ] } },
{ "type": "Feature", "properties": { "radio_id": "067561506", "prov": "06", "depto": "756", "partido": "SAN ISIDRO", "fraccion": "15", "radio": "06", "tipo_radio": "U", "area_fuente": 107218.067, "perimetro_fuente": 1507.899 }, "geometry": { "type": "Polygon", "coordinates": [ [ [ -58.552101274906725, -34.475781084978927 ], [ -58.552133764827943, -34.475790483510558 ], [ -58.552513087439017, -34.475254164906424 ], [ -58.552568897229946, -34.475173703840021 ], [ -58.552624706911807, -34.475093242744414 ], [ -58.552959562696451, -34.474610476458189 ], [ -58.553506919761546, -34.473796723392496 ], [ -58.552718943018263, -34.473417837982595 ], [ -58.552665002045188, -34.473390158407206 ], [ -58.551582162941337, -34.472868697290217 ], [ -58.551456082843494, -34.472807980072325 ], [ -58.551359652560102, -34.472761983647651 ], [ -58.552428125848486, -34.471981237770599 ], [ -58.552352578778596, -34.471944288552336 ], [ -58.55203966550129, -34.47178735056734 ], [ -58.551834633612089, -34.471685771718356 ], [ -58.551003783420533, -34.471270313119653 ], [ -58.550917512161107, -34.471224222294616 ], [ -58.550883778836322, -34.47128691730687 ], [ -58.550226275118959, -34.472178302903487 ], [ -58.549708822288778, -34.472913756294083 ], [ -58.549253754929111, -34.473544328736061 ], [ -58.548826013017859, -34.47416014413399 ], [ -58.549791899279569, -34.474636019329125 ], [ -58.549878173334136, -34.474682110997144 ], [ -58.550806207684587, -34.475143798732773 ], [ -58.550968032117986, -34.475226838966606 ], [ -58.55130271734857, -34.47538403787398 ], [ -58.552101274906725, -34.475781084978927 ] ] ] } },
{ "type": "Feature", "properties": { "radio_id": "067561507", "prov": "06", "depto": "756", "partido": "SAN ISIDRO", "fraccion": "15", "radio": "07", "tipo_radio": "U", "area_fuente": 119886.572, "perimetro_fuente": 1702.508 }, "geometry": { "type": "Polygon", "coordinates": [ [ [ -58.553623330136588, -34.476511181240511 ], [ -58.555253299834213, -34.477296616179942 ], [ -58.555292626537309, -34.476909497531175 ], [ -58.555400196208559, -34.476351929530225 ], [ -58.555436414883971, -34.476145045501539 ], [ -58.555427847930538, -34.476113034372347 ], [ -58.555485534561264, -34.475821138393243 ], [ -58.555486466545311, -34.475767067963695 ], [ -58.555653722748438, -34.474903743570344 ], [ -58.555654809899117, -34.474840661388299 ], [ -58.555668797767581, -34.47466055519503 ], [ -58.555604429102786, -34.473974764356022 ], [ -58.555585927286032, -34.473785260544602 ], [ -58.555557942796604, -34.473514523342381 ], [ -58.555029095069393, -34.473255890987296 ], [ -58.554975153398026, -34.473228212414526 ], [ -58.554262880174939, -34.472877272802045 ], [ -58.554187331461051, -34.472840324682828 ], [ -58.55410105678336, -34.472794236032321 ], [ -58.55350739715707, -34.472507790487306 ], [ -58.553399516938313, -34.47245243203097 ], [ -58.55264258993941, -34.472085269077972 ], [ -58.552428125848486, -34.471981237770599 ], [ -58.551359652560102, -34.472761983647651 ], [ -58.551456082843494, -34.472807980072325 ], [ -58.551582162941337, -34.472868697290217 ], [ -58.552665002045188, -34.473390158407206 ], [ -58.552718943018263, -34.473417837982595 ], [ -58.553506919761546, -34.473796723392496 ], [ -58.552959562696451, -34.474610476458189 ], [ -58.552624706911807, -34.475093242744414 ], [ -58.552568897229946, -34.475173703840021 ], [ -58.552513087439017, -34.475254164906424 ], [ -58.552133764827943, -34.475790483510558 ], [ -58.553018765516136, -34.476224604076897 ], [ -58.553623330136588, -34.476511181240511 ] ] ] } },
{ "type": "Feature", "properties": { "radio_id": "067561508", "prov": "06", "depto": "756", "partido": "SAN ISIDRO", "fraccion": "15", "radio": "08", "tipo_radio": "U", "area_fuente": 123903.504, "perimetro_fuente": 1560.393 }, "geometry": { "type": "Polygon", "coordinates": [ [ [ -58.556343306335826, -34.477836791839913 ], [ -58.557249880724264, -34.478284656524472 ], [ -58.557918631298598, -34.477373167796813 ], [ -58.558141700282292, -34.477060325854595 ], [ -58.558676902875703, -34.476318513773101 ], [ -58.558148028718399, -34.476059895261294 ], [ -58.558694416334554, -34.475300188619137 ], [ -58.558884056481958, -34.4750320178225 ], [ -58.559107115372512, -34.474719173754266 ], [ -58.558189609212185, -34.474275700804029 ], [ -58.55810333078059, -34.47422961489778 ], [ -58.558017052445173, -34.474183528932649 ], [ -58.557261385328012, -34.473823080944427 ], [ -58.557164227341218, -34.473776865937474 ], [ -58.557077794856063, -34.473739791078188 ], [ -58.556279075317498, -34.473351787099794 ], [ -58.556246585826379, -34.473342389679019 ], [ -58.55553138415786, -34.4729822145176 ], [ -58.555557942796604, -34.473514523342381 ], [ -58.555585927286032, -34.473785260544602 ], [ -58.555604429102786, -34.473974764356022 ], [ -58.555668797767581, -34.47466055519503 ], [ -58.555654809899117, -34.474840661388299 ], [ -58.555653722748438, -34.474903743570344 ], [ -58.555486466545311, -34.475767067963695 ], [ -58.555485534561264, -34.475821138393243 ], [ -58.555427847930538, -34.476113034372347 ], [ -58.555436414883971, -34.476145045501539 ], [ -58.555400196208559, -34.476351929530225 ], [ -58.555292626537309, -34.476909497531175 ], [ -58.555253299834213, -34.477296616179942 ], [ -58.556278556789884, -34.47780447934197 ], [ -58.556343306335826, -34.477836791839913 ] ] ] } },
{ "type": "Feature", "properties": { "radio_id": "067561509", "prov": "06", "depto": "756", "partido": "SAN ISIDRO", "fraccion": "15", "radio": "09", "tipo_radio": "U", "area_fuente": 157148.467, "perimetro_fuente": 2013.301 }, "geometry": { "type": "Polygon", "coordinates": [ [ [ -58.558141700282292, -34.477060325854595 ], [ -58.557918631298598, -34.477373167796813 ], [ -58.557249880724264, -34.478284656524472 ], [ -58.558210334775879, -34.47876469783791 ], [ -58.559160226478717, -34.479226580012451 ], [ -58.559635331222317, -34.479448507117176 ], [ -58.560099401273504, -34.479679315042205 ], [ -58.561049468872326, -34.480132171228703 ], [ -58.561492091120286, -34.480344695110176 ], [ -58.561503592468355, -34.480308776203572 ], [ -58.5615713627273, -34.4801653567798 ], [ -58.561628404958853, -34.480012798352064 ], [ -58.561707521252117, -34.479842471665577 ], [ -58.561786637212869, -34.479672144915227 ], [ -58.561865752825668, -34.479501819002095 ], [ -58.561944945449824, -34.479326986244587 ], [ -58.561989789502981, -34.479250898574385 ], [ -58.562068825869261, -34.47908507836496 ], [ -58.562114210902109, -34.478977449480844 ], [ -58.562154541232601, -34.478847227148741 ], [ -58.562157015310426, -34.478703039884643 ], [ -58.562120937508013, -34.478585438814612 ], [ -58.5620686148077, -34.478463139780565 ], [ -58.561978357937072, -34.478331380727646 ], [ -58.561822885272996, -34.4781943481753 ], [ -58.561693690603569, -34.478111705319506 ], [ -58.561553537725722, -34.478033440122438 ], [ -58.561402733887704, -34.477941529004099 ], [ -58.561305954507887, -34.477872787735208 ], [ -58.561144191694765, -34.477785254063967 ], [ -58.560977376093994, -34.477675127630249 ], [ -58.560966803439435, -34.477656975962347 ], [ -58.560934775991818, -34.477620544468031 ], [ -58.560785211753974, -34.477456538561171 ], [ -58.560652358202645, -34.47727019626339 ], [ -58.56081574455191, -34.477263107104804 ], [ -58.561055305616414, -34.477256914762826 ], [ -58.561191330848906, -34.477258516481719 ], [ -58.561386589950139, -34.477296869747448 ], [ -58.561494714953021, -34.477338703770648 ], [ -58.561635254435913, -34.477394438724204 ], [ -58.561770429272123, -34.477445604487613 ], [ -58.561905528040747, -34.47750127599862 ], [ -58.562100246868312, -34.477571169310472 ], [ -58.562262859603408, -34.47760913702723 ], [ -58.562393445489143, -34.477610673416024 ], [ -58.562524340553672, -34.477594186138319 ], [ -58.562644739845418, -34.477555041305244 ], [ -58.562759928704487, -34.477502314694071 ], [ -58.562842781176101, -34.477431181400199 ], [ -58.562909155789377, -34.477368866941418 ], [ -58.563067454756151, -34.477023706465189 ], [ -58.562489979236226, -34.476742000166034 ], [ -58.561842315891106, -34.476427918506801 ], [ -58.561626378379522, -34.47632622750973 ], [ -58.561453194746854, -34.476270107366823 ], [ -58.561248140097206, -34.476168543825828 ], [ -58.561129366844092, -34.476113063843442 ], [ -58.561118639613987, -34.476103923948514 ], [ -58.560978257386928, -34.476039175791243 ], [ -58.560632822209953, -34.475872863836976 ], [ -58.560373668535654, -34.475752634443346 ], [ -58.560222561505689, -34.475678745498051 ], [ -58.558884056481958, -34.4750320178225 ], [ -58.558694416334554, -34.475300188619137 ], [ -58.558148028718399, -34.476059895261294 ], [ -58.558676902875703, -34.476318513773101 ], [ -58.558141700282292, -34.477060325854595 ] ] ] } },
{ "type": "Feature", "properties": { "radio_id": "067561510", "prov": "06", "depto": "756", "partido": "SAN ISIDRO", "fraccion": "15", "radio": "10", "tipo_radio": "U", "area_fuente": 255550.0, "perimetro_fuente": 2952.352 }, "geometry": { "type": "Polygon", "coordinates": [ [ [ -58.5552391614181, -34.478116682215237 ], [ -58.555231392812857, -34.478567267988936 ], [ -58.555223468657509, -34.479026865460234 ], [ -58.555220671863985, -34.479189075740756 ], [ -58.555295456097134, -34.479902030998105 ], [ -58.55531302586796, -34.480145604172982 ], [ -58.555413932529547, -34.481237437040605 ], [ -58.556180384342454, -34.48160703783978 ], [ -58.557044010239615, -34.482022849334228 ], [ -58.557119568410236, -34.482059795873013 ], [ -58.558069645578769, -34.482512675336181 ], [ -58.558404219486476, -34.482678867425854 ], [ -58.55862545643128, -34.482789640271385 ], [ -58.560142254054668, -34.483519594926918 ], [ -58.560625034429265, -34.483769398584016 ], [ -58.561272830658034, -34.482234317243048 ], [ -58.56235634012247, -34.479761426954113 ], [ -58.563003612933521, -34.47839371701707 ], [ -58.562617209913164, -34.478208201250645 ], [ -58.561078951915469, -34.477464504657789 ], [ -58.560652358202645, -34.47727019626339 ], [ -58.560785211753974, -34.477456538561171 ], [ -58.560934775991818, -34.477620544468031 ], [ -58.560966803439435, -34.477656975962347 ], [ -58.560977376093994, -34.477675127630249 ], [ -58.561144191694765, -34.477785254063967 ], [ -58.561305954507887, -34.477872787735208 ], [ -58.561402733887704, -34.477941529004099 ], [ -58.561553537725722, -34.478033440122438 ], [ -58.561693690603569, -34.478111705319506 ], [ -58.561822885272996, -34.4781943481753 ], [ -58.561978357937072, -34.478331380727646 ], [ -58.5620686148077, -34.478463139780565 ], [ -58.562120937508013, -34.478585438814612 ], [ -58.562157015310426, -34.478703039884643 ], [ -58.562154541232601, -34.478847227148741 ], [ -58.562114210902109, -34.478977449480844 ], [ -58.562068825869261, -34.47908507836496 ], [ -58.561989789502981, -34.479250898574385 ], [ -58.561944945449824, -34.479326986244587 ], [ -58.561865752825668, -34.479501819002095 ], [ -58.561786637212869, -34.479672144915227 ], [ -58.561707521252117, -34.479842471665577 ], [ -58.561628404958853, -34.480012798352064 ], [ -58.5615713627273, -34.4801653567798 ], [ -58.561503592468355, -34.480308776203572 ], [ -58.561492091120286, -34.480344695110176 ], [ -58.561049468872326, -34.480132171228703 ], [ -58.560099401273504, -34.479679315042205 ], [ -58.559635331222317, -34.479448507117176 ], [ -58.559160226478717, -34.479226580012451 ], [ -58.558210334775879, -34.47876469783791 ], [ -58.557249880724264, -34.478284656524472 ], [ -58.556343306335826, -34.477836791839913 ], [ -58.556278556789884, -34.47780447934197 ], [ -58.555253299834213, -34.477296616179942 ], [ -58.5552391614181, -34.478116682215237 ] ] ] } },
{ "type": "Feature", "properties": { "radio_id": "067561511", "prov": "06", "depto": "756", "partido": "SAN ISIDRO", "fraccion": "15", "radio": "11", "tipo_radio": "U", "area_fuente": 531174.648, "perimetro_fuente": 3958.544 }, "geometry": { "type": "Polygon", "coordinates": [ [ [ -58.564983440057262, -34.479227504919123 ], [ -58.56506795280815, -34.479377221520515 ], [ -58.564733223605153, -34.479220059363158 ], [ -58.563491640051943, -34.478628601202885 ], [ -58.563003612933521, -34.47839371701707 ], [ -58.56235634012247, -34.479761426954113 ], [ -58.561272830658034, -34.482234317243048 ], [ -58.560625034429265, -34.483769398584016 ], [ -58.560104832014915, -34.485090679651272 ], [ -58.558865613649772, -34.488682963399398 ], [ -58.559167407868259, -34.488618986004902 ], [ -58.559392748780532, -34.488483984502714 ], [ -58.559569411066306, -34.488318096968378 ], [ -58.559666088534442, -34.488106385030122 ], [ -58.560467143931625, -34.487417276395121 ], [ -58.560610640340428, -34.487301790648573 ], [ -58.560765330477793, -34.487168410353682 ], [ -58.561019054114176, -34.486973100396099 ], [ -58.561316463604442, -34.486769291635326 ], [ -58.56217062232691, -34.486472885081234 ], [ -58.562597853555623, -34.486315668646284 ], [ -58.564208197266964, -34.485721680885916 ], [ -58.564471247600117, -34.48561660978514 ], [ -58.565112697586919, -34.484709268450864 ], [ -58.565453195009582, -34.484213014058646 ], [ -58.566022419007396, -34.4833904484654 ], [ -58.566457492498884, -34.482773617596436 ], [ -58.566759036200708, -34.482326476882143 ], [ -58.567127107014514, -34.481808007753138 ], [ -58.567963895563587, -34.481249962759065 ], [ -58.568371326067108, -34.48097531682653 ], [ -58.568966067671752, -34.480567659518186 ], [ -58.569527385633698, -34.480204675873608 ], [ -58.569538575852519, -34.480186779698087 ], [ -58.570441395822243, -34.479584422196446 ], [ -58.570606631058816, -34.479469178529428 ], [ -58.569418950466691, -34.478905451362095 ], [ -58.568538319696621, -34.478477345729935 ], [ -58.567551404533255, -34.478000242969927 ], [ -58.567065711748299, -34.477760196008923 ], [ -58.566925321947728, -34.47769545451812 ], [ -58.566176253322126, -34.477333404129631 ], [ -58.565759456361512, -34.477131948102098 ], [ -58.565250040425212, -34.476883459183128 ], [ -58.564604488758121, -34.476568558728658 ], [ -58.564211730094854, -34.477257988809015 ], [ -58.564200230365124, -34.477293908027548 ], [ -58.563973631078262, -34.477814032260923 ], [ -58.563938976864847, -34.477930801590361 ], [ -58.56392616422599, -34.478043319904991 ], [ -58.563940634338707, -34.478151652961955 ], [ -58.563960545608452, -34.478260049960973 ], [ -58.563996703104827, -34.478373144670833 ], [ -58.564049492963335, -34.478468407657893 ], [ -58.564129643095434, -34.478554977644876 ], [ -58.564220830084508, -34.478632664582378 ], [ -58.564333857971576, -34.478706101274476 ], [ -58.564468574593811, -34.478784299456798 ], [ -58.564657317218334, -34.478885666078284 ], [ -58.564743372594933, -34.478945265187747 ], [ -58.564818467498739, -34.479009241395694 ], [ -58.564882449721466, -34.479086608320486 ], [ -58.564983440057262, -34.479227504919123 ] ] ] } },
{ "type": "Feature", "properties": { "radio_id": "067561512", "prov": "06", "depto": "756", "partido": "SAN ISIDRO", "fraccion": "15", "radio": "12", "tipo_radio": "U", "area_fuente": 235373.115, "perimetro_fuente": 2318.337 }, "geometry": { "type": "Polygon", "coordinates": [ [ [ -58.555413932529547, -34.481237437040605 ], [ -58.555599880753334, -34.48213197655285 ], [ -58.555654918753042, -34.482412046788568 ], [ -58.555744941060546, -34.482872801816235 ], [ -58.555755357841043, -34.482899965637955 ], [ -58.555885650649998, -34.483550481387724 ], [ -58.55594582226766, -34.483848639258916 ], [ -58.556086999702231, -34.484499283379989 ], [ -58.556167540931852, -34.484878803900962 ], [ -58.556237976232204, -34.485213137128767 ], [ -58.556318363419393, -34.485601669268753 ], [ -58.556560149082145, -34.486731219323005 ], [ -58.5569322480249, -34.488511282478477 ], [ -58.557223345048676, -34.489938859862121 ], [ -58.557311501435663, -34.489876805973708 ], [ -58.55738877397409, -34.489814623506547 ], [ -58.557476774911173, -34.48976158121674 ], [ -58.557520929442617, -34.489726048308249 ], [ -58.55755420132175, -34.489690386899326 ], [ -58.557653706417241, -34.489601426966885 ], [ -58.55772009476356, -34.489539115786847 ], [ -58.557797366687296, -34.489476933042361 ], [ -58.557908065248846, -34.489370077003841 ], [ -58.558163972765968, -34.489048610063101 ], [ -58.558283203940576, -34.488972286842014 ], [ -58.558373451676523, -34.488807713159808 ], [ -58.558561904950103, -34.488695781720317 ], [ -58.558865613649772, -34.488682963399398 ], [ -58.560104832014915, -34.485090679651272 ], [ -58.560625034429265, -34.483769398584016 ], [ -58.560142254054668, -34.483519594926918 ], [ -58.55862545643128, -34.482789640271385 ], [ -58.558404219486476, -34.482678867425854 ], [ -58.558069645578769, -34.482512675336181 ], [ -58.557119568410236, -34.482059795873013 ], [ -58.557044010239615, -34.482022849334228 ], [ -58.556180384342454, -34.48160703783978 ], [ -58.555413932529547, -34.481237437040605 ] ] ] } },
{ "type": "Feature", "properties": { "radio_id": "067561513", "prov": "06", "depto": "756", "partido": "SAN ISIDRO", "fraccion": "15", "radio": "13", "tipo_radio": "U", "area_fuente": 113301.244, "perimetro_fuente": 1403.968 }, "geometry": { "type": "Polygon", "coordinates": [ [ [ -58.569526434541267, -34.475797026636677 ], [ -58.570238954128982, -34.476138868434717 ], [ -58.570512634181966, -34.47572744578104 ], [ -58.570529341392088, -34.475705107231619 ], [ -58.570554533330863, -34.475670866328592 ], [ -58.570802477094183, -34.475333859209606 ], [ -58.570821451563354, -34.475306590556777 ], [ -58.571296498818761, -34.474623877087545 ], [ -58.571343462213349, -34.474556382492331 ], [ -58.571382547005207, -34.474498251937533 ], [ -58.571389777533405, -34.474488336780851 ], [ -58.571840339400929, -34.473870468817125 ], [ -58.571486108718311, -34.473699811200127 ], [ -58.570870502518126, -34.473405991708724 ], [ -58.56992217114059, -34.472953358276882 ], [ -58.568970934273658, -34.472499325211921 ], [ -58.5683944500094, -34.472224159002224 ], [ -58.568026188079038, -34.47282750947074 ], [ -58.568014459698233, -34.472876946817891 ], [ -58.566383661237147, -34.473876358590623 ], [ -58.566099773961867, -34.474151683919601 ], [ -58.566969604965237, -34.474508613238378 ], [ -58.567820950907887, -34.474965828573637 ], [ -58.568393069290565, -34.475242939357216 ], [ -58.568835531863975, -34.47546444840907 ], [ -58.569526434541267, -34.475797026636677 ] ] ] } },
{ "type": "Feature", "properties": { "radio_id": "067561514", "prov": "06", "depto": "756", "partido": "SAN ISIDRO", "fraccion": "15", "radio": "14", "tipo_radio": "U", "area_fuente": 180127.631, "perimetro_fuente": 2485.314 }, "geometry": { "type": "Polygon", "coordinates": [ [ [ -58.558620752213301, -34.472188823716735 ], [ -58.558265636323988, -34.472651732057656 ], [ -58.558099212507003, -34.472571070914519 ], [ -58.558045270204417, -34.472543393679821 ], [ -58.557665996368755, -34.473079730903329 ], [ -58.557610192855321, -34.47316019448305 ], [ -58.557565425892264, -34.473231774726095 ], [ -58.557219875487476, -34.473705414325785 ], [ -58.557164227341218, -34.473776865937474 ], [ -58.557261385328012, -34.473823080944427 ], [ -58.558017052445173, -34.474183528932649 ], [ -58.55810333078059, -34.47422961489778 ], [ -58.558189609212185, -34.474275700804029 ], [ -58.559107115372512, -34.474719173754266 ], [ -58.558884056481958, -34.4750320178225 ], [ -58.560222561505689, -34.475678745498051 ], [ -58.560373668535654, -34.475752634443346 ], [ -58.560632822209953, -34.475872863836976 ], [ -58.560978257386928, -34.476039175791243 ], [ -58.561118639613987, -34.476103923948514 ], [ -58.561129366844092, -34.476113063843442 ], [ -58.561248140097206, -34.476168543825828 ], [ -58.561453194746854, -34.476270107366823 ], [ -58.561626378379522, -34.47632622750973 ], [ -58.561842315891106, -34.476427918506801 ], [ -58.562489979236226, -34.476742000166034 ], [ -58.563067454756151, -34.477023706465189 ], [ -58.562909155789377, -34.477368866941418 ], [ -58.562842781176101, -34.477431181400199 ], [ -58.562759928704487, -34.477502314694071 ], [ -58.562644739845418, -34.477555041305244 ], [ -58.562524340553672, -34.477594186138319 ], [ -58.562393445489143, -34.477610673416024 ], [ -58.562262859603408, -34.47760913702723 ], [ -58.562100246868312, -34.477571169310472 ], [ -58.561905528040747, -34.47750127599862 ], [ -58.561770429272123, -34.477445604487613 ], [ -58.561635254435913, -34.477394438724204 ], [ -58.561494714953021, -34.477338703770648 ], [ -58.561386589950139, -34.477296869747448 ], [ -58.561191330848906, -34.477258516481719 ], [ -58.561055305616414, -34.477256914762826 ], [ -58.56081574455191, -34.477263107104804 ], [ -58.560652358202645, -34.47727019626339 ], [ -58.561078951915469, -34.477464504657789 ], [ -58.562617209913164, -34.478208201250645 ], [ -58.563003612933521, -34.47839371701707 ], [ -58.563792639112428, -34.476789504179614 ], [ -58.564671302619033, -34.475152793370981 ], [ -58.564208035924956, -34.474932444591474 ], [ -58.563679152413457, -34.474673849758233 ], [ -58.563355171705837, -34.474525823916579 ], [ -58.56275656677775, -34.474207817131102 ], [ -58.561801191966737, -34.47375040533008 ], [ -58.560818855923799, -34.473279147361616 ], [ -58.560364425753498, -34.473053408017819 ], [ -58.559815232606738, -34.472780590878962 ], [ -58.558888020143229, -34.472314637170861 ], [ -58.558620752213301, -34.472188823716735 ] ] ] } },
{ "type": "Feature", "properties": { "radio_id": "067561515", "prov": "06", "depto": "756", "partido": "SAN ISIDRO", "fraccion": "15", "radio": "15", "tipo_radio": "U", "area_fuente": 63018.684, "perimetro_fuente": 1266.138 }, "geometry": { "type": "Polygon", "coordinates": [ [ [ -58.55264258993941, -34.472085269077972 ], [ -58.553399516938313, -34.47245243203097 ], [ -58.55350739715707, -34.472507790487306 ], [ -58.55410105678336, -34.472794236032321 ], [ -58.554187331461051, -34.472840324682828 ], [ -58.554262880174939, -34.472877272802045 ], [ -58.554975153398026, -34.473228212414526 ], [ -58.555029095069393, -34.473255890987296 ], [ -58.555557942796604, -34.473514523342381 ], [ -58.55553138415786, -34.4729822145176 ], [ -58.555475540110137, -34.472612193286622 ], [ -58.555439218111829, -34.472081099374194 ], [ -58.555366086246792, -34.471385055309973 ], [ -58.555405084742667, -34.471221209562586 ], [ -58.555322952824753, -34.470563193665733 ], [ -58.555300382473341, -34.470382360471397 ], [ -58.555272176789963, -34.469887693349605 ], [ -58.555223984125156, -34.469526581213245 ], [ -58.555223920848555, -34.469525769242722 ], [ -58.554141742771407, -34.469022837355162 ], [ -58.554198570361855, -34.469834251571619 ], [ -58.554214793414104, -34.470643792704777 ], [ -58.553713806939768, -34.471240380935349 ], [ -58.55264258993941, -34.472085269077972 ] ] ] } },
{ "type": "Feature", "properties": { "radio_id": "067561601", "prov": "06", "depto": "756", "partido": "SAN ISIDRO", "fraccion": "16", "radio": "01", "tipo_radio": "U", "area_fuente": 139760.662, "perimetro_fuente": 1587.527 }, "geometry": { "type": "Polygon", "coordinates": [ [ [ -58.537011549243509, -34.47603400568417 ], [ -58.537691442776492, -34.476366630562417 ], [ -58.538148916828689, -34.475723130504775 ], [ -58.538182348168142, -34.475678462691832 ], [ -58.538673559625991, -34.474972269223862 ], [ -58.538729225147968, -34.47490082648126 ], [ -58.539175487207991, -34.474275214348367 ], [ -58.539231308878499, -34.474194760572132 ], [ -58.539770174632942, -34.473553399483642 ], [ -58.539029879396146, -34.473175630903761 ], [ -58.538729910157883, -34.4730382552032 ], [ -58.538321080265838, -34.472828962743755 ], [ -58.53740606004294, -34.472386706220703 ], [ -58.536186000464696, -34.472824315736524 ], [ -58.535265822463138, -34.473164817323202 ], [ -58.535079735267836, -34.47322568154172 ], [ -58.534104825900251, -34.473583545211412 ], [ -58.533995380409387, -34.473618286464159 ], [ -58.532867173985032, -34.474028382211905 ], [ -58.53417312110664, -34.474656974607477 ], [ -58.53423793810984, -34.474684792731232 ], [ -58.534669578826204, -34.474897280090119 ], [ -58.534917809308638, -34.475017432555852 ], [ -58.535532868009355, -34.475322251293179 ], [ -58.535597685997267, -34.475350068717262 ], [ -58.536310055024323, -34.475692104797226 ], [ -58.536687769358252, -34.475876898542396 ], [ -58.536763312642861, -34.475913857338554 ], [ -58.537011549243509, -34.47603400568417 ] ] ] } },
{ "type": "Feature", "properties": { "radio_id": "067561602", "prov": "06", "depto": "756", "partido": "SAN ISIDRO", "fraccion": "16", "radio": "02", "tipo_radio": "U", "area_fuente": 66774.264, "perimetro_fuente": 1212.582 }, "geometry": { "type": "Polygon", "coordinates": [ [ [ -58.530428721669779, -34.475297027980609 ], [ -58.531302872926823, -34.475722160356185 ], [ -58.531335360286818, -34.475731564358931 ], [ -58.531626641611503, -34.47587928059864 ], [ -58.532306352488149, -34.476220947407583 ], [ -58.532489923387651, -34.476304273990117 ], [ -58.532997109733806, -34.476553728663909 ], [ -58.53367698648016, -34.475642509383071 ], [ -58.533732656644339, -34.47557106904484 ], [ -58.53400619700264, -34.475488722322808 ], [ -58.53512082954979, -34.476014498580199 ], [ -58.535597685997267, -34.475350068717262 ], [ -58.535532868009355, -34.475322251293179 ], [ -58.534917809308638, -34.475017432555852 ], [ -58.534669578826204, -34.474897280090119 ], [ -58.53423793810984, -34.474684792731232 ], [ -58.53417312110664, -34.474656974607477 ], [ -58.532867173985032, -34.474028382211905 ], [ -58.53210609359509, -34.474294154480383 ], [ -58.531563746031424, -34.474499455789108 ], [ -58.531454140454471, -34.474543206346596 ], [ -58.5313773375265, -34.474578337498073 ], [ -58.530949006675584, -34.474798527463861 ], [ -58.530586595638553, -34.474983453521098 ], [ -58.530344354551119, -34.475142784081655 ], [ -58.530288523817525, -34.475223234452102 ], [ -58.530428721669779, -34.475297027980609 ] ] ] } },
{ "type": "Feature", "properties": { "radio_id": "067561603", "prov": "06", "depto": "756", "partido": "SAN ISIDRO", "fraccion": "16", "radio": "03", "tipo_radio": "U", "area_fuente": 43473.007, "perimetro_fuente": 868.501 }, "geometry": { "type": "Polygon", "coordinates": [ [ [ -58.53367698648016, -34.475642509383071 ], [ -58.532997109733806, -34.476553728663909 ], [ -58.533158918295818, -34.476636792989659 ], [ -58.53335321408457, -34.476729260575453 ], [ -58.533471811099183, -34.476793778759379 ], [ -58.534399930996905, -34.477246576707834 ], [ -58.534421379739562, -34.477264861044915 ], [ -58.535490031748488, -34.477773417512395 ], [ -58.535587025300515, -34.477828661209209 ], [ -58.535684176453771, -34.477874893175915 ], [ -58.53629779969792, -34.47701694654824 ], [ -58.536353468628704, -34.47694550499758 ], [ -58.536566160452168, -34.47665250636355 ], [ -58.535856796980667, -34.476333348039397 ], [ -58.53512082954979, -34.476014498580199 ], [ -58.53400619700264, -34.475488722322808 ], [ -58.533732656644339, -34.47557106904484 ], [ -58.53367698648016, -34.475642509383071 ] ] ] } },
{ "type": "Feature", "properties": { "radio_id": "067561604", "prov": "06", "depto": "756", "partido": "SAN ISIDRO", "fraccion": "16", "radio": "04", "tipo_radio": "U", "area_fuente": 61167.247, "perimetro_fuente": 1193.244 }, "geometry": { "type": "Polygon", "coordinates": [ [ [ -58.537551200049101, -34.4787895915997 ], [ -58.537626746313045, -34.478826549921521 ], [ -58.537682572654944, -34.478746096124958 ], [ -58.538240986148523, -34.477932546672548 ], [ -58.538285772018746, -34.477860974046685 ], [ -58.538341597061091, -34.477780519904151 ], [ -58.538911193682793, -34.476949073763315 ], [ -58.538803159756128, -34.476902714213864 ], [ -58.537853412011245, -34.476440677102779 ], [ -58.537756261230541, -34.476394446862471 ], [ -58.537691442776492, -34.476366630562417 ], [ -58.537011549243509, -34.47603400568417 ], [ -58.536763312642861, -34.475913857338554 ], [ -58.536687769358252, -34.475876898542396 ], [ -58.536310055024323, -34.475692104797226 ], [ -58.535597685997267, -34.475350068717262 ], [ -58.53512082954979, -34.476014498580199 ], [ -58.535856796980667, -34.476333348039397 ], [ -58.536566160452168, -34.47665250636355 ], [ -58.536353468628704, -34.47694550499758 ], [ -58.53629779969792, -34.47701694654824 ], [ -58.535684176453771, -34.477874893175915 ], [ -58.536450505333647, -34.478244614949432 ], [ -58.536536775341588, -34.478290715920366 ], [ -58.536655534458603, -34.478346219457656 ], [ -58.537551200049101, -34.4787895915997 ] ] ] } },
{ "type": "Feature", "properties": { "radio_id": "067561605", "prov": "06", "depto": "756", "partido": "SAN ISIDRO", "fraccion": "16", "radio": "05", "tipo_radio": "U", "area_fuente": 317419.221, "perimetro_fuente": 2561.449 }, "geometry": { "type": "Polygon", "coordinates": [ [ [ -58.533856331691581, -34.485298140182692 ], [ -58.535366402256322, -34.486091413137771 ], [ -58.536067943531535, -34.485189456706792 ], [ -58.536134815194082, -34.485100122579681 ], [ -58.536201687800116, -34.485010788424141 ], [ -58.536803533617181, -34.48420678094552 ], [ -58.536892485290799, -34.484099683710831 ], [ -58.536959513636411, -34.484001337433455 ], [ -58.537683414405876, -34.483063584537724 ], [ -58.537761638255262, -34.482947344689805 ], [ -58.537939693437323, -34.482724136921604 ], [ -58.538402171846876, -34.482107737489159 ], [ -58.538355400959816, -34.481980988434245 ], [ -58.537222877282645, -34.481386063154702 ], [ -58.536133112496245, -34.480836707504558 ], [ -58.536244613267968, -34.480684813995083 ], [ -58.536824031969964, -34.479916590060263 ], [ -58.536879859818669, -34.479836137583725 ], [ -58.536924490561731, -34.479773577192091 ], [ -58.537559723103421, -34.478924896771169 ], [ -58.537626746313045, -34.478826549921521 ], [ -58.537551200049101, -34.4787895915997 ], [ -58.536655534458603, -34.478346219457656 ], [ -58.536536775341588, -34.478290715920366 ], [ -58.536450505333647, -34.478244614949432 ], [ -58.535684176453771, -34.477874893175915 ], [ -58.535587025300515, -34.477828661209209 ], [ -58.535490031748488, -34.477773417512395 ], [ -58.534821353492781, -34.478666753820427 ], [ -58.534732247675244, -34.478782861369559 ], [ -58.534096830514628, -34.479640538050482 ], [ -58.534018606029782, -34.479756774673604 ], [ -58.533940695561654, -34.479854988835243 ], [ -58.533517231584248, -34.480417759236254 ], [ -58.533071366943787, -34.481016312353589 ], [ -58.532993454161137, -34.481114525833242 ], [ -58.532480550450899, -34.481811420589096 ], [ -58.532424874894964, -34.481882860152773 ], [ -58.532357764178954, -34.481985709700531 ], [ -58.532240734422849, -34.482142040762689 ], [ -58.532162740667545, -34.48224475855978 ], [ -58.532062982538413, -34.48234721573121 ], [ -58.531908494072539, -34.482467042296008 ], [ -58.531699197068122, -34.48260874386655 ], [ -58.531528383609079, -34.482728372853181 ], [ -58.531440059661485, -34.482799419554517 ], [ -58.530738490503133, -34.483701349888214 ], [ -58.532227209712865, -34.484467363731717 ], [ -58.533856331691581, -34.485298140182692 ] ] ] } },
{ "type": "Feature", "properties": { "radio_id": "067561606", "prov": "06", "depto": "756", "partido": "SAN ISIDRO", "fraccion": "16", "radio": "06", "tipo_radio": "U", "area_fuente": 129376.48, "perimetro_fuente": 1542.159 }, "geometry": { "type": "Polygon", "coordinates": [ [ [ -58.529963288033208, -34.476391079479974 ], [ -58.529940101621705, -34.476471922371097 ], [ -58.529728101533053, -34.477388750578179 ], [ -58.529693558278332, -34.477496496457398 ], [ -58.529822244898391, -34.47760620723178 ], [ -58.530221400563946, -34.477809306788501 ], [ -58.530491079742312, -34.477947753289051 ], [ -58.530879357735841, -34.478150719010777 ], [ -58.531785555474407, -34.478612286714153 ], [ -58.531915035985264, -34.478676937182264 ], [ -58.532810363087236, -34.479138366790949 ], [ -58.532961451899226, -34.479212289158021 ], [ -58.533878397561054, -34.479682984144233 ], [ -58.534018606029782, -34.479756774673604 ], [ -58.534096830514628, -34.479640538050482 ], [ -58.534732247675244, -34.478782861369559 ], [ -58.534821353492781, -34.478666753820427 ], [ -58.535490031748488, -34.477773417512395 ], [ -58.534421379739562, -34.477264861044915 ], [ -58.534399930996905, -34.477246576707834 ], [ -58.533471811099183, -34.476793778759379 ], [ -58.53335321408457, -34.476729260575453 ], [ -58.533158918295818, -34.476636792989659 ], [ -58.532997109733806, -34.476553728663909 ], [ -58.532489923387651, -34.476304273990117 ], [ -58.532306352488149, -34.476220947407583 ], [ -58.531626641611503, -34.47587928059864 ], [ -58.531335360286818, -34.475731564358931 ], [ -58.531302872926823, -34.475722160356185 ], [ -58.530428721669779, -34.475297027980609 ], [ -58.530288523817525, -34.475223234452102 ], [ -58.529986632472308, -34.476301224947143 ], [ -58.529963288033208, -34.476391079479974 ] ] ] } },
{ "type": "Feature", "properties": { "radio_id": "067561607", "prov": "06", "depto": "756", "partido": "SAN ISIDRO", "fraccion": "16", "radio": "07", "tipo_radio": "U", "area_fuente": 210882.961, "perimetro_fuente": 1866.93 }, "geometry": { "type": "Polygon", "coordinates": [ [ [ -58.529386302139848, -34.478258948472579 ], [ -58.529352390654218, -34.478330648602764 ], [ -58.529045603781974, -34.479066063731281 ], [ -58.529011375262371, -34.479155786995875 ], [ -58.528716096269818, -34.479855285538783 ], [ -58.528670984749176, -34.479944877646176 ], [ -58.528386899937964, -34.480626482968198 ], [ -58.528318914867711, -34.480778894136989 ], [ -58.52823941395625, -34.480967220664795 ], [ -58.528159912689247, -34.481155546224983 ], [ -58.528068737003061, -34.481388799624789 ], [ -58.527921406628451, -34.481720524308585 ], [ -58.527892854492627, -34.481796795290215 ], [ -58.527979360636145, -34.481829384823321 ], [ -58.528038502188771, -34.481870657268935 ], [ -58.528081319959085, -34.48191173394563 ], [ -58.528129341586691, -34.481966393583015 ], [ -58.52815575645284, -34.482011779406101 ], [ -58.528171130473289, -34.482066045755325 ], [ -58.528180904919971, -34.482129258178233 ], [ -58.528168835053158, -34.482196714233631 ], [ -58.528135158282126, -34.482254896485237 ], [ -58.528101402306511, -34.48231758453516 ], [ -58.528721770604768, -34.482631515116751 ], [ -58.529314935812714, -34.482945115167794 ], [ -58.530738490503133, -34.483701349888214 ], [ -58.531440059661485, -34.482799419554517 ], [ -58.531528383609079, -34.482728372853181 ], [ -58.531699197068122, -34.48260874386655 ], [ -58.531908494072539, -34.482467042296008 ], [ -58.532062982538413, -34.48234721573121 ], [ -58.532162740667545, -34.48224475855978 ], [ -58.532240734422849, -34.482142040762689 ], [ -58.532357764178954, -34.481985709700531 ], [ -58.532424874894964, -34.481882860152773 ], [ -58.532480550450899, -34.481811420589096 ], [ -58.532993454161137, -34.481114525833242 ], [ -58.533071366943787, -34.481016312353589 ], [ -58.533517231584248, -34.480417759236254 ], [ -58.533940695561654, -34.479854988835243 ], [ -58.534018606029782, -34.479756774673604 ], [ -58.533878397561054, -34.479682984144233 ], [ -58.532961451899226, -34.479212289158021 ], [ -58.532810363087236, -34.479138366790949 ], [ -58.531915035985264, -34.478676937182264 ], [ -58.531785555474407, -34.478612286714153 ], [ -58.530879357735841, -34.478150719010777 ], [ -58.530491079742312, -34.477947753289051 ], [ -58.530221400563946, -34.477809306788501 ], [ -58.529822244898391, -34.47760620723178 ], [ -58.529693558278332, -34.477496496457398 ], [ -58.529669896912587, -34.477604374164585 ], [ -58.529386302139848, -34.478258948472579 ] ] ] } },
{ "type": "Feature", "properties": { "radio_id": "067561701", "prov": "06", "depto": "756", "partido": "SAN ISIDRO", "fraccion": "17", "radio": "01", "tipo_radio": "U", "area_fuente": 1918520.736, "perimetro_fuente": 6305.276 }, "geometry": { "type": "Polygon", "coordinates": [ [ [ -58.528101402306511, -34.48231758453516 ], [ -58.528046039392969, -34.482370997855114 ], [ -58.527974510796092, -34.482415203771474 ], [ -58.527903219627568, -34.482445892217207 ], [ -58.527832165922717, -34.482463063193869 ], [ -58.527750308743919, -34.482475597193144 ], [ -58.527668848532855, -34.482465602108462 ], [ -58.527603790366157, -34.482451297859924 ], [ -58.525065756066063, -34.488605735349076 ], [ -58.524766870467985, -34.48933043114112 ], [ -58.52463615476907, -34.489644325587719 ], [ -58.525606947921119, -34.49015178714744 ], [ -58.526561981254908, -34.490627503749842 ], [ -58.527452119260303, -34.491079897043143 ], [ -58.528385248058228, -34.491564349095029 ], [ -58.529307503942277, -34.492048663237782 ], [ -58.530213762121463, -34.492514751031024 ], [ -58.531152523415578, -34.492990236506948 ], [ -58.532091058599093, -34.493479233332955 ], [ -58.533013752273767, -34.493940991380498 ], [ -58.533919735591546, -34.494425075819827 ], [ -58.53485869875567, -34.494891522137202 ], [ -58.535819203794006, -34.495371739805194 ], [ -58.536768993086575, -34.495842808162422 ], [ -58.537675019322776, -34.496326865677666 ], [ -58.538613709791917, -34.496811307326368 ], [ -58.539520072910022, -34.497277328348211 ], [ -58.540470062372556, -34.497739358117485 ], [ -58.541322413907231, -34.498182186838683 ], [ -58.542565326629557, -34.498997377522393 ], [ -58.542793576900316, -34.499147077685329 ], [ -58.54298717657263, -34.498985687804208 ], [ -58.543332983925794, -34.498697413939119 ], [ -58.543476680973654, -34.49857293797119 ], [ -58.543556937724517, -34.498526266475821 ], [ -58.543795631009893, -34.498387457252036 ], [ -58.544349654068391, -34.498071767065696 ], [ -58.544477376903757, -34.497998987703255 ], [ -58.545840852109464, -34.497222036662841 ], [ -58.546984422597468, -34.496568643192589 ], [ -58.54716029514119, -34.496471586918986 ], [ -58.548468674167744, -34.495730003688635 ], [ -58.548974198107679, -34.495456590352383 ], [ -58.549056689942773, -34.495407995662362 ], [ -58.549782393335953, -34.494992977105007 ], [ -58.551134164675894, -34.494253511061387 ], [ -58.549467866882203, -34.493353289046588 ], [ -58.549273514466194, -34.493260845908168 ], [ -58.548701654055286, -34.492965621494285 ], [ -58.54715867761152, -34.492172118730544 ], [ -58.545982495893966, -34.491572246987779 ], [ -58.545108573381292, -34.491120180511381 ], [ -58.54476214306343, -34.490942199642404 ], [ -58.54441796070337, -34.490769440892237 ], [ -58.542151980026063, -34.489615732706461 ], [ -58.541664098616593, -34.489353267716297 ], [ -58.540318572317233, -34.488629395563137 ], [ -58.538387259369848, -34.487641860124349 ], [ -58.537373117533278, -34.487120460107825 ], [ -58.536936789516929, -34.486897295971843 ], [ -58.5363535469167, -34.486598986762843 ], [ -58.535366402256322, -34.486091413137771 ], [ -58.533856331691581, -34.485298140182692 ], [ -58.532227209712865, -34.484467363731717 ], [ -58.530738490503133, -34.483701349888214 ], [ -58.529314935812714, -34.482945115167794 ], [ -58.528721770604768, -34.482631515116751 ], [ -58.528101402306511, -34.48231758453516 ] ] ] } },
{ "type": "Feature", "properties": { "radio_id": "067561702", "prov": "06", "depto": "756", "partido": "SAN ISIDRO", "fraccion": "17", "radio": "02", "tipo_radio": "U", "area_fuente": 216842.033, "perimetro_fuente": 2259.414 }, "geometry": { "type": "Polygon", "coordinates": [ [ [ -58.528678493629045, -34.496250390759563 ], [ -58.528851218361893, -34.496333592473469 ], [ -58.529208700062881, -34.495815114316628 ], [ -58.529297990655806, -34.49569000016615 ], [ -58.52939848072301, -34.495546993743559 ], [ -58.529432083180161, -34.495493318084122 ], [ -58.529733712375752, -34.495055287486046 ], [ -58.529647271143496, -34.495018193093266 ], [ -58.529485431402584, -34.494935123538227 ], [ -58.529442211984417, -34.494916576277184 ], [ -58.528967262583478, -34.494685520469062 ], [ -58.528794699379354, -34.494593307378331 ], [ -58.528621977127045, -34.494510106542918 ], [ -58.52801769072763, -34.494205381214137 ], [ -58.527834245455566, -34.49411303566913 ], [ -58.527661525197196, -34.494029832617862 ], [ -58.527046361776577, -34.49372497236692 ], [ -58.526884368685486, -34.49365091107569 ], [ -58.526830424980737, -34.493623220079819 ], [ -58.52729833030255, -34.493015944608103 ], [ -58.527721901038909, -34.492453199578783 ], [ -58.527833433047334, -34.492301313912101 ], [ -58.527944806240484, -34.492158440634199 ], [ -58.528385248058228, -34.491564349095029 ], [ -58.527452119260303, -34.491079897043143 ], [ -58.526561981254908, -34.490627503749842 ], [ -58.525606947921119, -34.49015178714744 ], [ -58.52463615476907, -34.489644325587719 ], [ -58.524287573110193, -34.490275566285256 ], [ -58.524208529758134, -34.49043685466912 ], [ -58.524129803686641, -34.490580118908134 ], [ -58.524028674768552, -34.490759167376169 ], [ -58.523803855117492, -34.491162058052815 ], [ -58.523680321887447, -34.49137688951182 ], [ -58.523612636607595, -34.491511273282406 ], [ -58.523466540402985, -34.491770899363175 ], [ -58.523387811740164, -34.491914163028774 ], [ -58.523308923898341, -34.492066439119405 ], [ -58.523106659434738, -34.492424533441365 ], [ -58.523027929492486, -34.492567797729691 ], [ -58.522971761761333, -34.49266626722013 ], [ -58.522926954640027, -34.492737832623362 ], [ -58.522713165929325, -34.493131841791765 ], [ -58.522612030755454, -34.493310887956241 ], [ -58.524717105374101, -34.494318796805295 ], [ -58.524976102787299, -34.494448113237823 ], [ -58.525078629434276, -34.494498925362734 ], [ -58.525159545466721, -34.494540463008619 ], [ -58.525991776305673, -34.494973671431389 ], [ -58.526962300691999, -34.495409481064421 ], [ -58.527145748828936, -34.49550182796137 ], [ -58.527501919368227, -34.495677378153445 ], [ -58.527642306640779, -34.495742164759783 ], [ -58.527782534618908, -34.495815962793934 ], [ -58.527922922364894, -34.495880748186643 ], [ -58.528160319349738, -34.496000784172097 ], [ -58.528678493629045, -34.496250390759563 ] ] ] } },
{ "type": "Feature", "properties": { "radio_id": "067561703", "prov": "06", "depto": "756", "partido": "SAN ISIDRO", "fraccion": "17", "radio": "03", "tipo_radio": "U", "area_fuente": 283204.733, "perimetro_fuente": 2303.502 }, "geometry": { "type": "Polygon", "coordinates": [ [ [ -58.522612030755454, -34.493310887956241 ], [ -58.522500012183734, -34.493489803304243 ], [ -58.522354226911084, -34.493731403737229 ], [ -58.522197397656278, -34.493981884784546 ], [ -58.521939747529046, -34.49439338794997 ], [ -58.521906140797832, -34.494447062346623 ], [ -58.521614722650696, -34.49492124978228 ], [ -58.521446845511676, -34.495180609560954 ], [ -58.521200390406676, -34.49557421948758 ], [ -58.521076844765197, -34.495789046935911 ], [ -58.520797096220882, -34.496218306889688 ], [ -58.520628736236226, -34.49650470006106 ], [ -58.521773573406989, -34.497023313347206 ], [ -58.522389217467364, -34.497301165405595 ], [ -58.522864320202444, -34.497523235024744 ], [ -58.523523192275199, -34.497819631130334 ], [ -58.524013455375091, -34.498031523965103 ], [ -58.52421440426118, -34.49813444232057 ], [ -58.524614119084518, -34.498310526073233 ], [ -58.524786843736763, -34.498393733513332 ], [ -58.525186561036087, -34.498569816349111 ], [ -58.526385323491183, -34.49912058526305 ], [ -58.526736756158385, -34.49863809597008 ], [ -58.526884412180252, -34.498599315873584 ], [ -58.527251480903459, -34.498774998304491 ], [ -58.527510811822381, -34.498886286528453 ], [ -58.527651045930412, -34.49896008482186 ], [ -58.527747345088066, -34.499055886318679 ], [ -58.527832601218748, -34.499160569063015 ], [ -58.528048553330002, -34.499262319886064 ], [ -58.528563189143178, -34.498475333383574 ], [ -58.528671244449974, -34.498521702397738 ], [ -58.529074175290404, -34.497895610272458 ], [ -58.529186027982099, -34.497725701312284 ], [ -58.529297723040244, -34.497564802946449 ], [ -58.529398533092333, -34.49740377343403 ], [ -58.52964448127738, -34.497037181038351 ], [ -58.52978993442786, -34.496813594833682 ], [ -58.529801135354333, -34.496795702617874 ], [ -58.529412459928501, -34.496610754240294 ], [ -58.52906700742588, -34.496444352099672 ], [ -58.528851218361893, -34.496333592473469 ], [ -58.528678493629045, -34.496250390759563 ], [ -58.528160319349738, -34.496000784172097 ], [ -58.527922922364894, -34.495880748186643 ], [ -58.527782534618908, -34.495815962793934 ], [ -58.527642306640779, -34.495742164759783 ], [ -58.527501919368227, -34.495677378153445 ], [ -58.527145748828936, -34.49550182796137 ], [ -58.526962300691999, -34.495409481064421 ], [ -58.525991776305673, -34.494973671431389 ], [ -58.525159545466721, -34.494540463008619 ], [ -58.525078629434276, -34.494498925362734 ], [ -58.524976102787299, -34.494448113237823 ], [ -58.524717105374101, -34.494318796805295 ], [ -58.522612030755454, -34.493310887956241 ] ] ] } },
{ "type": "Feature", "properties": { "radio_id": "067561704", "prov": "06", "depto": "756", "partido": "SAN ISIDRO", "fraccion": "17", "radio": "04", "tipo_radio": "U", "area_fuente": 179280.085, "perimetro_fuente": 2065.011 }, "geometry": { "type": "Polygon", "coordinates": [ [ [ -58.520628736236226, -34.49650470006106 ], [ -58.520539432026908, -34.496629806601 ], [ -58.520393636449157, -34.496871405201532 ], [ -58.520247838937742, -34.497113002682759 ], [ -58.5201246058853, -34.497309806753584 ], [ -58.51994535676792, -34.497596066059458 ], [ -58.519866934878202, -34.497721304803328 ], [ -58.519721294694044, -34.49795388999771 ], [ -58.519496751572888, -34.498338748122116 ], [ -58.52049033457881, -34.498792446790858 ], [ -58.520587500836683, -34.498838691021767 ], [ -58.521581255050577, -34.499283368617462 ], [ -58.521678422503321, -34.499329612006974 ], [ -58.52235891363916, -34.499635289569937 ], [ -58.522790808947597, -34.499838809935511 ], [ -58.523320192461668, -34.500070546884785 ], [ -58.52347130844749, -34.500144481486466 ], [ -58.523600973787254, -34.50020012966317 ], [ -58.525188512195946, -34.500931371720441 ], [ -58.526527941725902, -34.501533411956153 ], [ -58.526941313039011, -34.500934494003239 ], [ -58.527053175382143, -34.50076458640519 ], [ -58.527176079651476, -34.50058579922748 ], [ -58.527455494490184, -34.500174547674128 ], [ -58.527556152882852, -34.500022531510481 ], [ -58.527768670299665, -34.499700607796392 ], [ -58.527780347411998, -34.499655681019988 ], [ -58.527947896782074, -34.499414336520154 ], [ -58.528048553330002, -34.499262319886064 ], [ -58.527832601218748, -34.499160569063015 ], [ -58.527747345088066, -34.499055886318679 ], [ -58.527651045930412, -34.49896008482186 ], [ -58.527510811822381, -34.498886286528453 ], [ -58.527251480903459, -34.498774998304491 ], [ -58.526884412180252, -34.498599315873584 ], [ -58.526736756158385, -34.49863809597008 ], [ -58.526385323491183, -34.49912058526305 ], [ -58.525186561036087, -34.498569816349111 ], [ -58.524786843736763, -34.498393733513332 ], [ -58.524614119084518, -34.498310526073233 ], [ -58.52421440426118, -34.49813444232057 ], [ -58.524013455375091, -34.498031523965103 ], [ -58.523523192275199, -34.497819631130334 ], [ -58.522864320202444, -34.497523235024744 ], [ -58.522389217467364, -34.497301165405595 ], [ -58.521773573406989, -34.497023313347206 ], [ -58.520628736236226, -34.49650470006106 ] ] ] } },
{ "type": "Feature", "properties": { "radio_id": "067561705", "prov": "06", "depto": "756", "partido": "SAN ISIDRO", "fraccion": "17", "radio": "05", "tipo_radio": "U", "area_fuente": 79140.581, "perimetro_fuente": 1206.923 }, "geometry": { "type": "Polygon", "coordinates": [ [ [ -58.527556152882852, -34.500022531510481 ], [ -58.527455494490184, -34.500174547674128 ], [ -58.527176079651476, -34.50058579922748 ], [ -58.527053175382143, -34.50076458640519 ], [ -58.526941313039011, -34.500934494003239 ], [ -58.526527941725902, -34.501533411956153 ], [ -58.526635999722224, -34.501579782820841 ], [ -58.526808734219891, -34.501662986694775 ], [ -58.527359594108354, -34.501912993270686 ], [ -58.527586437748653, -34.502014876259857 ], [ -58.527834894929399, -34.502126032812818 ], [ -58.528331651830996, -34.502357355122847 ], [ -58.528547772157005, -34.502450093660961 ], [ -58.528817842986122, -34.502570522093826 ], [ -58.529239041703946, -34.502764876744784 ], [ -58.529498230390089, -34.502885172668933 ], [ -58.529757418746819, -34.503005468046652 ], [ -58.530243459241582, -34.503227641105177 ], [ -58.53045958403905, -34.503320375457704 ], [ -58.530615616664861, -34.503114942878476 ], [ -58.530850690965735, -34.502748217725802 ], [ -58.530984634812363, -34.502560545067212 ], [ -58.531107692809115, -34.502372742248497 ], [ -58.531353807128568, -34.501997135278835 ], [ -58.531476704297383, -34.501818342718259 ], [ -58.531217516946022, -34.501698050997561 ], [ -58.531131068267491, -34.501660957501905 ], [ -58.530785591684918, -34.501494560636601 ], [ -58.530526405278152, -34.501374267480891 ], [ -58.530299559562565, -34.501272389895099 ], [ -58.52978103317929, -34.501040812660762 ], [ -58.529565073235993, -34.500939065646563 ], [ -58.529403064070493, -34.500865007366322 ], [ -58.529338228828188, -34.500837186315103 ], [ -58.528798254636229, -34.500587319745485 ], [ -58.528603909770602, -34.500494843975872 ], [ -58.528409405850653, -34.500411380387867 ], [ -58.527556152882852, -34.500022531510481 ] ] ] } },
{ "type": "Feature", "properties": { "radio_id": "067561706", "prov": "06", "depto": "756", "partido": "SAN ISIDRO", "fraccion": "17", "radio": "06", "tipo_radio": "U", "area_fuente": 163304.529, "perimetro_fuente": 1633.684 }, "geometry": { "type": "Polygon", "coordinates": [ [ [ -58.52978993442786, -34.496813594833682 ], [ -58.52964448127738, -34.497037181038351 ], [ -58.529398533092333, -34.49740377343403 ], [ -58.529297723040244, -34.497564802946449 ], [ -58.529186027982099, -34.497725701312284 ], [ -58.529074175290404, -34.497895610272458 ], [ -58.528671244449974, -34.498521702397738 ], [ -58.528563189143178, -34.498475333383574 ], [ -58.528048553330002, -34.499262319886064 ], [ -58.527947896782074, -34.499414336520154 ], [ -58.527780347411998, -34.499655681019988 ], [ -58.527768670299665, -34.499700607796392 ], [ -58.527556152882852, -34.500022531510481 ], [ -58.528409405850653, -34.500411380387867 ], [ -58.528603909770602, -34.500494843975872 ], [ -58.528798254636229, -34.500587319745485 ], [ -58.529338228828188, -34.500837186315103 ], [ -58.529403064070493, -34.500865007366322 ], [ -58.529565073235993, -34.500939065646563 ], [ -58.52978103317929, -34.501040812660762 ], [ -58.530299559562565, -34.501272389895099 ], [ -58.530526405278152, -34.501374267480891 ], [ -58.530785591684918, -34.501494560636601 ], [ -58.531131068267491, -34.501660957501905 ], [ -58.531217516946022, -34.501698050997561 ], [ -58.531476704297383, -34.501818342718259 ], [ -58.531577357598962, -34.501666323143809 ], [ -58.531868114135889, -34.501228157135927 ], [ -58.531968765973204, -34.50107613808953 ], [ -58.53205837332797, -34.500932998836134 ], [ -58.532505305198015, -34.500280384554507 ], [ -58.532478171777448, -34.500275551840268 ], [ -58.53299845250335, -34.4994750929311 ], [ -58.533110300682466, -34.499305180283066 ], [ -58.533400881740398, -34.498876021650034 ], [ -58.533534655628884, -34.498697357391656 ], [ -58.533340309560067, -34.498604889109778 ], [ -58.532789925899714, -34.49832787553774 ], [ -58.532595738375555, -34.498226394481854 ], [ -58.53245550090179, -34.49815260177747 ], [ -58.532315106814139, -34.498087820542963 ], [ -58.532045359745737, -34.497949377664305 ], [ -58.531667558461521, -34.497764567028177 ], [ -58.531473373645582, -34.497663084246874 ], [ -58.531063237350573, -34.497459856942037 ], [ -58.530750273518592, -34.497302863658028 ], [ -58.530512869009939, -34.497182832542009 ], [ -58.52978993442786, -34.496813594833682 ] ] ] } },
{ "type": "Feature", "properties": { "radio_id": "067561707", "prov": "06", "depto": "756", "partido": "SAN ISIDRO", "fraccion": "17", "radio": "07", "tipo_radio": "U", "area_fuente": 214346.121, "perimetro_fuente": 1881.597 }, "geometry": { "type": "Polygon", "coordinates": [ [ [ -58.531152523415578, -34.492990236506948 ], [ -58.530706413792508, -34.493597790169595 ], [ -58.530617127613681, -34.493722905502167 ], [ -58.53049455634585, -34.493883673547444 ], [ -58.530249412345711, -34.494205211022781 ], [ -58.530165566917312, -34.494330390549763 ], [ -58.530104280443709, -34.494410774783582 ], [ -58.529647271143496, -34.495018193093266 ], [ -58.529733712375752, -34.495055287486046 ], [ -58.529432083180161, -34.495493318084122 ], [ -58.52939848072301, -34.495546993743559 ], [ -58.529297990655806, -34.49569000016615 ], [ -58.529208700062881, -34.495815114316628 ], [ -58.528851218361893, -34.496333592473469 ], [ -58.52906700742588, -34.496444352099672 ], [ -58.529412459928501, -34.496610754240294 ], [ -58.529801135354333, -34.496795702617874 ], [ -58.52978993442786, -34.496813594833682 ], [ -58.530512869009939, -34.497182832542009 ], [ -58.530750273518592, -34.497302863658028 ], [ -58.531063237350573, -34.497459856942037 ], [ -58.531473373645582, -34.497663084246874 ], [ -58.531667558461521, -34.497764567028177 ], [ -58.532045359745737, -34.497949377664305 ], [ -58.532315106814139, -34.498087820542963 ], [ -58.53245550090179, -34.49815260177747 ], [ -58.532595738375555, -34.498226394481854 ], [ -58.532789925899714, -34.49832787553774 ], [ -58.533340309560067, -34.498604889109778 ], [ -58.533534655628884, -34.498697357391656 ], [ -58.533623943093517, -34.498572240950296 ], [ -58.534460801754527, -34.497410528554482 ], [ -58.534352902191173, -34.497355152987396 ], [ -58.534676124534812, -34.496926382621794 ], [ -58.53477644944649, -34.496792384131041 ], [ -58.534887974970992, -34.49664049194773 ], [ -58.535178065502265, -34.496238363328906 ], [ -58.53526734781201, -34.496113244606654 ], [ -58.535367670772658, -34.49597924556403 ], [ -58.535819203794006, -34.495371739805194 ], [ -58.53485869875567, -34.494891522137202 ], [ -58.533919735591546, -34.494425075819827 ], [ -58.533013752273767, -34.493940991380498 ], [ -58.532091058599093, -34.493479233332955 ], [ -58.531152523415578, -34.492990236506948 ] ] ] } },
{ "type": "Feature", "properties": { "radio_id": "067561708", "prov": "06", "depto": "756", "partido": "SAN ISIDRO", "fraccion": "17", "radio": "08", "tipo_radio": "U", "area_fuente": 188043.314, "perimetro_fuente": 1993.515 }, "geometry": { "type": "Polygon", "coordinates": [ [ [ -58.535819203794006, -34.495371739805194 ], [ -58.535367670772658, -34.49597924556403 ], [ -58.53526734781201, -34.496113244606654 ], [ -58.535178065502265, -34.496238363328906 ], [ -58.534887974970992, -34.49664049194773 ], [ -58.53477644944649, -34.496792384131041 ], [ -58.534676124534812, -34.496926382621794 ], [ -58.534352902191173, -34.497355152987396 ], [ -58.534460801754527, -34.497410528554482 ], [ -58.534665873314523, -34.497512137215821 ], [ -58.535097631752343, -34.497724626237193 ], [ -58.535270366189685, -34.497807819093993 ], [ -58.535453829128095, -34.497900152943849 ], [ -58.535885590545547, -34.498112639255545 ], [ -58.536069054836602, -34.498204973112244 ], [ -58.536198567468006, -34.498269619682929 ], [ -58.536349693318186, -34.498343538591264 ], [ -58.536684285115051, -34.498509789379732 ], [ -58.536889362155648, -34.498611394427272 ], [ -58.537072828682462, -34.498703726824864 ], [ -58.537450646682302, -34.498888521124876 ], [ -58.537666454148535, -34.498999265970276 ], [ -58.537893145922396, -34.499110141614203 ], [ -58.538065887180878, -34.499193330655508 ], [ -58.538238628788669, -34.499276519460075 ], [ -58.538832261479023, -34.499572053107173 ], [ -58.53900484741353, -34.499664252499109 ], [ -58.539166706036866, -34.499747309850967 ], [ -58.539749618738696, -34.500033697390677 ], [ -58.539911477749847, -34.500116753774584 ], [ -58.540094951016002, -34.500209081778834 ], [ -58.541249908387321, -34.500781716502587 ], [ -58.541383198061759, -34.500630078288175 ], [ -58.541960832204495, -34.499969975400752 ], [ -58.542083076327501, -34.499827218054399 ], [ -58.542205321101854, -34.499684461486034 ], [ -58.542793576900316, -34.499147077685329 ], [ -58.542565326629557, -34.498997377522393 ], [ -58.541322413907231, -34.498182186838683 ], [ -58.540470062372556, -34.497739358117485 ], [ -58.539520072910022, -34.497277328348211 ], [ -58.538613709791917, -34.496811307326368 ], [ -58.537675019322776, -34.496326865677666 ], [ -58.536768993086575, -34.495842808162422 ], [ -58.535819203794006, -34.495371739805194 ] ] ] } },
{ "type": "Feature", "properties": { "radio_id": "067561709", "prov": "06", "depto": "756", "partido": "SAN ISIDRO", "fraccion": "17", "radio": "09", "tipo_radio": "U", "area_fuente": 330645.715, "perimetro_fuente": 3012.784 }, "geometry": { "type": "Polygon", "coordinates": [ [ [ -58.534460801754527, -34.497410528554482 ], [ -58.533623943093517, -34.498572240950296 ], [ -58.533534655628884, -34.498697357391656 ], [ -58.533400881740398, -34.498876021650034 ], [ -58.533110300682466, -34.499305180283066 ], [ -58.53299845250335, -34.4994750929311 ], [ -58.532478171777448, -34.500275551840268 ], [ -58.532505305198015, -34.500280384554507 ], [ -58.53205837332797, -34.500932998836134 ], [ -58.531968765973204, -34.50107613808953 ], [ -58.531868114135889, -34.501228157135927 ], [ -58.531577357598962, -34.501666323143809 ], [ -58.531476704297383, -34.501818342718259 ], [ -58.531353807128568, -34.501997135278835 ], [ -58.531107692809115, -34.502372742248497 ], [ -58.530984634812363, -34.502560545067212 ], [ -58.530850690965735, -34.502748217725802 ], [ -58.530615616664861, -34.503114942878476 ], [ -58.53045958403905, -34.503320375457704 ], [ -58.530708047975537, -34.503431526325969 ], [ -58.53118320817665, -34.503653564822883 ], [ -58.531420947867353, -34.503755571805392 ], [ -58.531626189955183, -34.503848174183524 ], [ -58.53191772472718, -34.503986879969361 ], [ -58.532382107648651, -34.503271381891565 ], [ -58.53242123318018, -34.503213264193484 ], [ -58.532516364926941, -34.503065684290917 ], [ -58.53265614313554, -34.502855546995846 ], [ -58.532835203492716, -34.502578280056802 ], [ -58.532902331080955, -34.502475430989087 ], [ -58.533030984153569, -34.50227867896043 ], [ -58.533120513212388, -34.502140045660504 ], [ -58.533181960664727, -34.502050648472128 ], [ -58.533237886454991, -34.501965691702196 ], [ -58.533349895551844, -34.501786766462232 ], [ -58.533394541179376, -34.501724208845161 ], [ -58.533433665256851, -34.501666090772076 ], [ -58.533545673517139, -34.501487165323113 ], [ -58.533635199769428, -34.501348530670946 ], [ -58.533886742281673, -34.50097298350147 ], [ -58.533920265331858, -34.500923811541661 ], [ -58.53606993025933, -34.501942603446295 ], [ -58.535928498438885, -34.502196266558215 ], [ -58.535727048058646, -34.502509323846738 ], [ -58.536682832588255, -34.502953424780799 ], [ -58.536980061003348, -34.503082949727585 ], [ -58.53726607206918, -34.503221802020605 ], [ -58.538238358694947, -34.503657075041701 ], [ -58.538457639366037, -34.503569563802181 ], [ -58.538972870002127, -34.503368417523319 ], [ -58.538994798049565, -34.50335966628279 ], [ -58.539516943286962, -34.502762005759067 ], [ -58.540005797748002, -34.502199999923448 ], [ -58.540161175605519, -34.502030600100696 ], [ -58.540327910442407, -34.501834296127797 ], [ -58.54038343618204, -34.501771864993238 ], [ -58.541083334865071, -34.500969011132838 ], [ -58.541249908387321, -34.500781716502587 ], [ -58.540094951016002, -34.500209081778834 ], [ -58.539911477749847, -34.500116753774584 ], [ -58.539749618738696, -34.500033697390677 ], [ -58.539166706036866, -34.499747309850967 ], [ -58.53900484741353, -34.499664252499109 ], [ -58.538832261479023, -34.499572053107173 ], [ -58.538238628788669, -34.499276519460075 ], [ -58.538065887180878, -34.499193330655508 ], [ -58.537893145922396, -34.499110141614203 ], [ -58.537666454148535, -34.498999265970276 ], [ -58.537450646682302, -34.498888521124876 ], [ -58.537072828682462, -34.498703726824864 ], [ -58.536889362155648, -34.498611394427272 ], [ -58.536684285115051, -34.498509789379732 ], [ -58.536349693318186, -34.498343538591264 ], [ -58.536198567468006, -34.498269619682929 ], [ -58.536069054836602, -34.498204973112244 ], [ -58.535885590545547, -34.498112639255545 ], [ -58.535453829128095, -34.497900152943849 ], [ -58.535270366189685, -34.497807819093993 ], [ -58.535097631752343, -34.497724626237193 ], [ -58.534665873314523, -34.497512137215821 ], [ -58.534460801754527, -34.497410528554482 ] ] ] } },
{ "type": "Feature", "properties": { "radio_id": "067561710", "prov": "06", "depto": "756", "partido": "SAN ISIDRO", "fraccion": "17", "radio": "10", "tipo_radio": "U", "area_fuente": 137127.226, "perimetro_fuente": 1597.846 }, "geometry": { "type": "Polygon", "coordinates": [ [ [ -58.538238358694947, -34.503657075041701 ], [ -58.53726607206918, -34.503221802020605 ], [ -58.536980061003348, -34.503082949727585 ], [ -58.536682832588255, -34.502953424780799 ], [ -58.535727048058646, -34.502509323846738 ], [ -58.535928498438885, -34.502196266558215 ], [ -58.53606993025933, -34.501942603446295 ], [ -58.533920265331858, -34.500923811541661 ], [ -58.533886742281673, -34.50097298350147 ], [ -58.533635199769428, -34.501348530670946 ], [ -58.533545673517139, -34.501487165323113 ], [ -58.533433665256851, -34.501666090772076 ], [ -58.533394541179376, -34.501724208845161 ], [ -58.533349895551844, -34.501786766462232 ], [ -58.533237886454991, -34.501965691702196 ], [ -58.533181960664727, -34.502050648472128 ], [ -58.533120513212388, -34.502140045660504 ], [ -58.533030984153569, -34.50227867896043 ], [ -58.532902331080955, -34.502475430989087 ], [ -58.532835203492716, -34.502578280056802 ], [ -58.53265614313554, -34.502855546995846 ], [ -58.532516364926941, -34.503065684290917 ], [ -58.53242123318018, -34.503213264193484 ], [ -58.532382107648651, -34.503271381891565 ], [ -58.53191772472718, -34.503986879969361 ], [ -58.532133695395395, -34.50408862394918 ], [ -58.532371278457759, -34.504199640726 ], [ -58.533332662731738, -34.504634821574314 ], [ -58.533613476553143, -34.504764382039504 ], [ -58.53405646902106, -34.504958981930358 ], [ -58.534272602678087, -34.505051710632443 ], [ -58.534500646772386, -34.50508599408063 ], [ -58.53471827976734, -34.505093111704518 ], [ -58.534849063538715, -34.505085666984066 ], [ -58.53499641333002, -34.50506490055237 ], [ -58.535116785602717, -34.50503029106104 ], [ -58.535237236635211, -34.504991174740162 ], [ -58.535440195431086, -34.504903473303422 ], [ -58.5356490705827, -34.504788801931383 ], [ -58.535780958257035, -34.504718274896739 ], [ -58.535978473058357, -34.504630508188775 ], [ -58.536132131277874, -34.50456024169214 ], [ -58.536318760935693, -34.504472343070951 ], [ -58.536670010725722, -34.504309801550036 ], [ -58.536724910782809, -34.504283418698577 ], [ -58.536955317396831, -34.504182524127764 ], [ -58.537185801126341, -34.504077122380679 ], [ -58.537832764957002, -34.503814463925686 ], [ -58.538238358694947, -34.503657075041701 ] ] ] } },
{ "type": "Feature", "properties": { "radio_id": "067561711", "prov": "06", "depto": "756", "partido": "SAN ISIDRO", "fraccion": "17", "radio": "11", "tipo_radio": "U", "area_fuente": 79831.51, "perimetro_fuente": 1134.33 }, "geometry": { "type": "Polygon", "coordinates": [ [ [ -58.529485431402584, -34.494935123538227 ], [ -58.529647271143496, -34.495018193093266 ], [ -58.530104280443709, -34.494410774783582 ], [ -58.530165566917312, -34.494330390549763 ], [ -58.530249412345711, -34.494205211022781 ], [ -58.53049455634585, -34.493883673547444 ], [ -58.530617127613681, -34.493722905502167 ], [ -58.530706413792508, -34.493597790169595 ], [ -58.531152523415578, -34.492990236506948 ], [ -58.530213762121463, -34.492514751031024 ], [ -58.529307503942277, -34.492048663237782 ], [ -58.528385248058228, -34.491564349095029 ], [ -58.527944806240484, -34.492158440634199 ], [ -58.527833433047334, -34.492301313912101 ], [ -58.527721901038909, -34.492453199578783 ], [ -58.52729833030255, -34.493015944608103 ], [ -58.526830424980737, -34.493623220079819 ], [ -58.526884368685486, -34.49365091107569 ], [ -58.527046361776577, -34.49372497236692 ], [ -58.527661525197196, -34.494029832617862 ], [ -58.527834245455566, -34.49411303566913 ], [ -58.52801769072763, -34.494205381214137 ], [ -58.528621977127045, -34.494510106542918 ], [ -58.528794699379354, -34.494593307378331 ], [ -58.528967262583478, -34.494685520469062 ], [ -58.529442211984417, -34.494916576277184 ], [ -58.529485431402584, -34.494935123538227 ] ] ] } },
{ "type": "Feature", "properties": { "radio_id": "067561801", "prov": "06", "depto": "756", "partido": "SAN ISIDRO", "fraccion": "18", "radio": "01", "tipo_radio": "U", "area_fuente": 87292.898, "perimetro_fuente": 1183.83 }, "geometry": { "type": "Polygon", "coordinates": [ [ [ -58.519496751572888, -34.498338748122116 ], [ -58.519485388925524, -34.498365650886463 ], [ -58.519294613133368, -34.498687824294194 ], [ -58.51905806663892, -34.499135630444947 ], [ -58.518855127315021, -34.499529762627255 ], [ -58.518607849453367, -34.499968424178867 ], [ -58.518405065334804, -34.500353543901781 ], [ -58.518135375753204, -34.500827986490968 ], [ -58.518362204631963, -34.500929886266498 ], [ -58.518653866782408, -34.501059611414192 ], [ -58.518869811939958, -34.501161378275739 ], [ -58.519107369367603, -34.501272420255169 ], [ -58.519820363067566, -34.501587519479415 ], [ -58.51998236356394, -34.501661590268021 ], [ -58.520803259913087, -34.502032072949341 ], [ -58.520893047432253, -34.50187993087934 ], [ -58.521127841603473, -34.501531248498175 ], [ -58.52129557403088, -34.501280901335114 ], [ -58.521323821119246, -34.501222655582914 ], [ -58.521855416047103, -34.500404356681742 ], [ -58.5220340288258, -34.500154140957235 ], [ -58.52235891363916, -34.499635289569937 ], [ -58.521678422503321, -34.499329612006974 ], [ -58.521581255050577, -34.499283368617462 ], [ -58.520587500836683, -34.498838691021767 ], [ -58.52049033457881, -34.498792446790858 ], [ -58.519496751572888, -34.498338748122116 ] ] ] } },
{ "type": "Feature", "properties": { "radio_id": "067561802", "prov": "06", "depto": "756", "partido": "SAN ISIDRO", "fraccion": "18", "radio": "02", "tipo_radio": "U", "area_fuente": 235414.934, "perimetro_fuente": 1945.779 }, "geometry": { "type": "Polygon", "coordinates": [ [ [ -58.518135375753204, -34.500827986490968 ], [ -58.517955473891966, -34.501150288546519 ], [ -58.517785817502464, -34.501508768556484 ], [ -58.517582228937677, -34.501938944374437 ], [ -58.517412250079985, -34.502315446829904 ], [ -58.517185449524433, -34.502826461483878 ], [ -58.517122947180027, -34.502974425191255 ], [ -58.517014988060239, -34.503229997869575 ], [ -58.516913190368072, -34.503445085482319 ], [ -58.516811071753295, -34.503678195157313 ], [ -58.516606832737622, -34.504144415082401 ], [ -58.516470459159855, -34.504467243208694 ], [ -58.516346087916439, -34.504727123494376 ], [ -58.517275052760532, -34.505144008990257 ], [ -58.518149919308549, -34.505542204273155 ], [ -58.519295021158499, -34.506051831293355 ], [ -58.519662263467644, -34.506218525196594 ], [ -58.520753273962498, -34.506709456208185 ], [ -58.521513716920666, -34.505573953461685 ], [ -58.521573428525812, -34.505583689681053 ], [ -58.521627855407353, -34.505584348425884 ], [ -58.521704134138119, -34.505580764867268 ], [ -58.521769686402486, -34.505568037966178 ], [ -58.521840840568423, -34.505546365335725 ], [ -58.52190671102219, -34.505515615241578 ], [ -58.52195641216575, -34.505475655972774 ], [ -58.522050610176237, -34.505382154174768 ], [ -58.522117514517056, -34.505292829720254 ], [ -58.522316159493897, -34.504935949114525 ], [ -58.522959369352492, -34.503860857143366 ], [ -58.523261540486523, -34.503395810051863 ], [ -58.523384775779178, -34.503199003046326 ], [ -58.523233494395654, -34.503134080689826 ], [ -58.522877143134544, -34.502967529239228 ], [ -58.522704410125733, -34.502884318951722 ], [ -58.522542244637805, -34.502819263218122 ], [ -58.521743024451872, -34.502453562030347 ], [ -58.520803259913087, -34.502032072949341 ], [ -58.51998236356394, -34.501661590268021 ], [ -58.519820363067566, -34.501587519479415 ], [ -58.519107369367603, -34.501272420255169 ], [ -58.518869811939958, -34.501161378275739 ], [ -58.518653866782408, -34.501059611414192 ], [ -58.518362204631963, -34.500929886266498 ], [ -58.518135375753204, -34.500827986490968 ] ] ] } },
{ "type": "Feature", "properties": { "radio_id": "067561803", "prov": "06", "depto": "756", "partido": "SAN ISIDRO", "fraccion": "18", "radio": "03", "tipo_radio": "U", "area_fuente": 65441.878, "perimetro_fuente": 1191.37 }, "geometry": { "type": "Polygon", "coordinates": [ [ [ -58.519206509764345, -34.507504740619709 ], [ -58.519991912680219, -34.507850686000189 ], [ -58.520753273962498, -34.506709456208185 ], [ -58.519662263467644, -34.506218525196594 ], [ -58.519295021158499, -34.506051831293355 ], [ -58.518149919308549, -34.505542204273155 ], [ -58.517275052760532, -34.505144008990257 ], [ -58.516346087916439, -34.504727123494376 ], [ -58.516209632445992, -34.505054457017593 ], [ -58.515791595864421, -34.50598198455841 ], [ -58.518086531941101, -34.507005494501044 ], [ -58.519206509764345, -34.507504740619709 ] ] ] } },
{ "type": "Feature", "properties": { "radio_id": "067561804", "prov": "06", "depto": "756", "partido": "SAN ISIDRO", "fraccion": "18", "radio": "04", "tipo_radio": "U", "area_fuente": 449703.979, "perimetro_fuente": 2840.297 }, "geometry": { "type": "Polygon", "coordinates": [ [ [ -58.521704134138119, -34.505580764867268 ], [ -58.521627855407353, -34.505584348425884 ], [ -58.521573428525812, -34.505583689681053 ], [ -58.521513716920666, -34.505573953461685 ], [ -58.520753273962498, -34.506709456208185 ], [ -58.519991912680219, -34.507850686000189 ], [ -58.520274654555848, -34.507975223023671 ], [ -58.520807292972883, -34.508209827331946 ], [ -58.521122230600767, -34.508348542034781 ], [ -58.521404878008674, -34.508478926883839 ], [ -58.522430993140951, -34.508953139858299 ], [ -58.523521240754114, -34.50945260201118 ], [ -58.524624364681735, -34.509957711029408 ], [ -58.525320261688918, -34.51027596695878 ], [ -58.525642638490439, -34.510423274115198 ], [ -58.528025068304103, -34.509266996884193 ], [ -58.531281257685983, -34.507683769334029 ], [ -58.53131967462086, -34.507666204275701 ], [ -58.531206164278011, -34.50761977189476 ], [ -58.530919902029474, -34.50749014033947 ], [ -58.53063924288098, -34.507351562931667 ], [ -58.531199006855552, -34.507096903978734 ], [ -58.531561400177885, -34.506920992161746 ], [ -58.531010494627253, -34.506671003573857 ], [ -58.530783634173012, -34.506569126590897 ], [ -58.530578386509752, -34.506476522689994 ], [ -58.530059985834392, -34.506235935296466 ], [ -58.529832968406339, -34.506143068177792 ], [ -58.529616996566993, -34.506041320111414 ], [ -58.529109328772051, -34.505809871431609 ], [ -58.528882630338053, -34.505698979421439 ], [ -58.528666819232797, -34.505588218139536 ], [ -58.528148271318123, -34.505356634463688 ], [ -58.527932144076203, -34.505263895080489 ], [ -58.527737629976947, -34.505180429317903 ], [ -58.527186906300855, -34.504921412415335 ], [ -58.526981667904458, -34.50482880266366 ], [ -58.526765701947355, -34.504727050597161 ], [ -58.52619305478121, -34.504476778349137 ], [ -58.526020316330154, -34.50439357262028 ], [ -58.525836691690834, -34.504310235272179 ], [ -58.525285821082882, -34.50406022253523 ], [ -58.525058816183929, -34.503967346809773 ], [ -58.524853422697269, -34.503883745148492 ], [ -58.524302557951856, -34.503633728106756 ], [ -58.524097483813911, -34.503532102067474 ], [ -58.52384902886584, -34.503420937969089 ], [ -58.5235898471174, -34.50330063023145 ], [ -58.523384775779178, -34.503199003046326 ], [ -58.523261540486523, -34.503395810051863 ], [ -58.522959369352492, -34.503860857143366 ], [ -58.522316159493897, -34.504935949114525 ], [ -58.522117514517056, -34.505292829720254 ], [ -58.522050610176237, -34.505382154174768 ], [ -58.52195641216575, -34.505475655972774 ], [ -58.52190671102219, -34.505515615241578 ], [ -58.521840840568423, -34.505546365335725 ], [ -58.521769686402486, -34.505568037966178 ], [ -58.521704134138119, -34.505580764867268 ] ] ] } },
{ "type": "Feature", "properties": { "radio_id": "067561805", "prov": "06", "depto": "756", "partido": "SAN ISIDRO", "fraccion": "18", "radio": "05", "tipo_radio": "U", "area_fuente": 134601.22, "perimetro_fuente": 1497.986 }, "geometry": { "type": "Polygon", "coordinates": [ [ [ -58.52235891363916, -34.499635289569937 ], [ -58.5220340288258, -34.500154140957235 ], [ -58.521855416047103, -34.500404356681742 ], [ -58.521323821119246, -34.501222655582914 ], [ -58.52129557403088, -34.501280901335114 ], [ -58.521127841603473, -34.501531248498175 ], [ -58.520893047432253, -34.50187993087934 ], [ -58.520803259913087, -34.502032072949341 ], [ -58.521743024451872, -34.502453562030347 ], [ -58.522542244637805, -34.502819263218122 ], [ -58.522704410125733, -34.502884318951722 ], [ -58.522877143134544, -34.502967529239228 ], [ -58.523233494395654, -34.503134080689826 ], [ -58.523384775779178, -34.503199003046326 ], [ -58.5235898471174, -34.50330063023145 ], [ -58.52384902886584, -34.503420937969089 ], [ -58.524097483813911, -34.503532102067474 ], [ -58.524302557951856, -34.503633728106756 ], [ -58.524853422697269, -34.503883745148492 ], [ -58.525058816183929, -34.503967346809773 ], [ -58.525170844234673, -34.503788429631548 ], [ -58.525450438756842, -34.503368171824839 ], [ -58.525595756938664, -34.503153602999546 ], [ -58.525718986452979, -34.50295679348104 ], [ -58.525998574247033, -34.502536534209064 ], [ -58.526132687045262, -34.502339856455954 ], [ -58.526255914047717, -34.50214304630714 ], [ -58.526635999722224, -34.501579782820841 ], [ -58.526527941725902, -34.501533411956153 ], [ -58.525188512195946, -34.500931371720441 ], [ -58.523600973787254, -34.50020012966317 ], [ -58.52347130844749, -34.500144481486466 ], [ -58.523320192461668, -34.500070546884785 ], [ -58.522790808947597, -34.499838809935511 ], [ -58.52235891363916, -34.499635289569937 ] ] ] } },
{ "type": "Feature", "properties": { "radio_id": "067561806", "prov": "06", "depto": "756", "partido": "SAN ISIDRO", "fraccion": "18", "radio": "06", "tipo_radio": "U", "area_fuente": 120341.29, "perimetro_fuente": 1404.064 }, "geometry": { "type": "Polygon", "coordinates": [ [ [ -58.528666819232797, -34.505588218139536 ], [ -58.528882630338053, -34.505698979421439 ], [ -58.529028260860478, -34.505466382392186 ], [ -58.529307683945682, -34.505055127103446 ], [ -58.529419387976375, -34.504894229945613 ], [ -58.529531409258091, -34.504715308599764 ], [ -58.529844433206414, -34.50425037546708 ], [ -58.529945408983245, -34.504080335160303 ], [ -58.530068470561702, -34.503892532636513 ], [ -58.530325321358482, -34.503526070649343 ], [ -58.53045958403905, -34.503320375457704 ], [ -58.530243459241582, -34.503227641105177 ], [ -58.529757418746819, -34.503005468046652 ], [ -58.529498230390089, -34.502885172668933 ], [ -58.529239041703946, -34.502764876744784 ], [ -58.528817842986122, -34.502570522093826 ], [ -58.528547772157005, -34.502450093660961 ], [ -58.528331651830996, -34.502357355122847 ], [ -58.527834894929399, -34.502126032812818 ], [ -58.527586437748653, -34.502014876259857 ], [ -58.527359594108354, -34.501912993270686 ], [ -58.526808734219891, -34.501662986694775 ], [ -58.526635999722224, -34.501579782820841 ], [ -58.526255914047717, -34.50214304630714 ], [ -58.526132687045262, -34.502339856455954 ], [ -58.525998574247033, -34.502536534209064 ], [ -58.525718986452979, -34.50295679348104 ], [ -58.525595756938664, -34.503153602999546 ], [ -58.525450438756842, -34.503368171824839 ], [ -58.525170844234673, -34.503788429631548 ], [ -58.525058816183929, -34.503967346809773 ], [ -58.525285821082882, -34.50406022253523 ], [ -58.525836691690834, -34.504310235272179 ], [ -58.526020316330154, -34.50439357262028 ], [ -58.52619305478121, -34.504476778349137 ], [ -58.526765701947355, -34.504727050597161 ], [ -58.526981667904458, -34.50482880266366 ], [ -58.527186906300855, -34.504921412415335 ], [ -58.527737629976947, -34.505180429317903 ], [ -58.527932144076203, -34.505263895080489 ], [ -58.528148271318123, -34.505356634463688 ], [ -58.528666819232797, -34.505588218139536 ] ] ] } },
{ "type": "Feature", "properties": { "radio_id": "067561807", "prov": "06", "depto": "756", "partido": "SAN ISIDRO", "fraccion": "18", "radio": "07", "tipo_radio": "U", "area_fuente": 149920.856, "perimetro_fuente": 1990.331 }, "geometry": { "type": "Polygon", "coordinates": [ [ [ -58.529419387976375, -34.504894229945613 ], [ -58.529307683945682, -34.505055127103446 ], [ -58.529028260860478, -34.505466382392186 ], [ -58.528882630338053, -34.505698979421439 ], [ -58.529109328772051, -34.505809871431609 ], [ -58.529616996566993, -34.506041320111414 ], [ -58.529832968406339, -34.506143068177792 ], [ -58.530059985834392, -34.506235935296466 ], [ -58.530578386509752, -34.506476522689994 ], [ -58.530783634173012, -34.506569126590897 ], [ -58.531010494627253, -34.506671003573857 ], [ -58.531561400177885, -34.506920992161746 ], [ -58.531199006855552, -34.507096903978734 ], [ -58.53063924288098, -34.507351562931667 ], [ -58.530919902029474, -34.50749014033947 ], [ -58.531206164278011, -34.50761977189476 ], [ -58.53131967462086, -34.507666204275701 ], [ -58.533982706708528, -34.506373213793857 ], [ -58.536546741170845, -34.505133059756929 ], [ -58.536580028139333, -34.505097404530979 ], [ -58.536318760935693, -34.504472343070951 ], [ -58.536132131277874, -34.50456024169214 ], [ -58.535978473058357, -34.504630508188775 ], [ -58.535780958257035, -34.504718274896739 ], [ -58.5356490705827, -34.504788801931383 ], [ -58.535440195431086, -34.504903473303422 ], [ -58.535237236635211, -34.504991174740162 ], [ -58.535116785602717, -34.50503029106104 ], [ -58.53499641333002, -34.50506490055237 ], [ -58.534849063538715, -34.505085666984066 ], [ -58.53471827976734, -34.505093111704518 ], [ -58.534500646772386, -34.50508599408063 ], [ -58.534272602678087, -34.505051710632443 ], [ -58.53405646902106, -34.504958981930358 ], [ -58.533613476553143, -34.504764382039504 ], [ -58.533332662731738, -34.504634821574314 ], [ -58.532371278457759, -34.504199640726 ], [ -58.532133695395395, -34.50408862394918 ], [ -58.53191772472718, -34.503986879969361 ], [ -58.531626189955183, -34.503848174183524 ], [ -58.531420947867353, -34.503755571805392 ], [ -58.53118320817665, -34.503653564822883 ], [ -58.530708047975537, -34.503431526325969 ], [ -58.53045958403905, -34.503320375457704 ], [ -58.530325321358482, -34.503526070649343 ], [ -58.530068470561702, -34.503892532636513 ], [ -58.529945408983245, -34.504080335160303 ], [ -58.529844433206414, -34.50425037546708 ], [ -58.529531409258091, -34.504715308599764 ], [ -58.529419387976375, -34.504894229945613 ] ] ] } },
{ "type": "Feature", "properties": { "radio_id": "067561808", "prov": "06", "depto": "756", "partido": "SAN ISIDRO", "fraccion": "18", "radio": "08", "tipo_radio": "U", "area_fuente": 85662.293, "perimetro_fuente": 1372.332 }, "geometry": { "type": "Polygon", "coordinates": [ [ [ -58.536580028139333, -34.505097404530979 ], [ -58.536546741170845, -34.505133059756929 ], [ -58.533982706708528, -34.506373213793857 ], [ -58.53131967462086, -34.507666204275701 ], [ -58.531449436008195, -34.507717338687186 ], [ -58.531946315069725, -34.507944142295479 ], [ -58.533210021017624, -34.508527172696937 ], [ -58.534246872377949, -34.509008321419365 ], [ -58.534736744937504, -34.508392268511301 ], [ -58.535338307956962, -34.507615310707067 ], [ -58.535639006938297, -34.507231336363795 ], [ -58.535939544419037, -34.506856372787496 ], [ -58.536703338806873, -34.50582897400394 ], [ -58.536731183150408, -34.50579325354262 ], [ -58.536759263749943, -34.505744015645561 ], [ -58.536765494190739, -34.505699022750768 ], [ -58.536771488346659, -34.505667547283977 ], [ -58.536766833084684, -34.505622424888855 ], [ -58.536751292175268, -34.50557717119105 ], [ -58.536741194112523, -34.505531982692702 ], [ -58.536725574471006, -34.505491234801369 ], [ -58.536710033605821, -34.505445981098525 ], [ -58.536683922164769, -34.505382573748705 ], [ -58.53665260423854, -34.505305583760077 ], [ -58.536610952111388, -34.505196922684078 ], [ -58.536580028139333, -34.505097404530979 ] ] ] } },
{ "type": "Feature", "properties": { "radio_id": "067561809", "prov": "06", "depto": "756", "partido": "SAN ISIDRO", "fraccion": "18", "radio": "09", "tipo_radio": "U", "area_fuente": 21888.327, "perimetro_fuente": 656.326 }, "geometry": { "type": "Polygon", "coordinates": [ [ [ -58.531682349008058, -34.508078780355525 ], [ -58.531609340221145, -34.508685651097437 ], [ -58.533695303005011, -34.509727285862461 ], [ -58.533979292419147, -34.509365649081772 ], [ -58.534246872377949, -34.509008321419365 ], [ -58.533210021017624, -34.508527172696937 ], [ -58.531946315069725, -34.507944142295479 ], [ -58.531682349008058, -34.508078780355525 ] ] ] } },
{ "type": "Feature", "properties": { "radio_id": "067561810", "prov": "06", "depto": "756", "partido": "SAN ISIDRO", "fraccion": "18", "radio": "10", "tipo_radio": "U", "area_fuente": 22918.204, "perimetro_fuente": 775.277 }, "geometry": { "type": "Polygon", "coordinates": [ [ [ -58.532161923969817, -34.509929697867172 ], [ -58.533177329375754, -34.510392570104543 ], [ -58.533695303005011, -34.509727285862461 ], [ -58.531609340221145, -34.508685651097437 ], [ -58.531682349008058, -34.508078780355525 ], [ -58.530880732134712, -34.508481151802087 ], [ -58.531295323845661, -34.509053986918239 ], [ -58.531698876882302, -34.509635701447898 ], [ -58.53178927529347, -34.509758469373566 ], [ -58.532161923969817, -34.509929697867172 ] ] ] } },
{ "type": "Feature", "properties": { "radio_id": "067561811", "prov": "06", "depto": "756", "partido": "SAN ISIDRO", "fraccion": "18", "radio": "11", "tipo_radio": "U", "area_fuente": 167238.002, "perimetro_fuente": 2189.601 }, "geometry": { "type": "Polygon", "coordinates": [ [ [ -58.528025068304103, -34.509266996884193 ], [ -58.525642638490439, -34.510423274115198 ], [ -58.526317588437124, -34.510731683042366 ], [ -58.527475954757413, -34.510152711545331 ], [ -58.528253580364897, -34.510513609155844 ], [ -58.529041941833, -34.510883644665249 ], [ -58.528477605926156, -34.511721759436973 ], [ -58.528939347414486, -34.511933412263474 ], [ -58.529012085212933, -34.511966753986727 ], [ -58.529473519437936, -34.51217826321416 ], [ -58.530125555998637, -34.512477133978003 ], [ -58.530373642980372, -34.512590847336078 ], [ -58.531241336051878, -34.512988556558902 ], [ -58.531692938275533, -34.512456846527819 ], [ -58.531882592748715, -34.51219773605348 ], [ -58.532128418078614, -34.511840151938955 ], [ -58.532519081772541, -34.511295024240631 ], [ -58.5325635753589, -34.511241477859777 ], [ -58.533088027971054, -34.510517686547203 ], [ -58.533177329375754, -34.510392570104543 ], [ -58.532161923969817, -34.509929697867172 ], [ -58.53178927529347, -34.509758469373566 ], [ -58.531698876882302, -34.509635701447898 ], [ -58.531295323845661, -34.509053986918239 ], [ -58.530880732134712, -34.508481151802087 ], [ -58.531682349008058, -34.508078780355525 ], [ -58.531946315069725, -34.507944142295479 ], [ -58.531449436008195, -34.507717338687186 ], [ -58.53131967462086, -34.507666204275701 ], [ -58.531281257685983, -34.507683769334029 ], [ -58.528025068304103, -34.509266996884193 ] ] ] } },
{ "type": "Feature", "properties": { "radio_id": "067561812", "prov": "06", "depto": "756", "partido": "SAN ISIDRO", "fraccion": "18", "radio": "12", "tipo_radio": "U", "area_fuente": 21013.142, "perimetro_fuente": 622.512 }, "geometry": { "type": "Polygon", "coordinates": [ [ [ -58.526317588437124, -34.510731683042366 ], [ -58.526866397530107, -34.510983233184568 ], [ -58.52767266749742, -34.511352792233978 ], [ -58.52794503846085, -34.511477638297407 ], [ -58.528477605926156, -34.511721759436973 ], [ -58.529041941833, -34.510883644665249 ], [ -58.528253580364897, -34.510513609155844 ], [ -58.527475954757413, -34.510152711545331 ], [ -58.526317588437124, -34.510731683042366 ] ] ] } },
{ "type": "Feature", "properties": { "radio_id": "067561901", "prov": "06", "depto": "756", "partido": "SAN ISIDRO", "fraccion": "19", "radio": "01", "tipo_radio": "U", "area_fuente": 212294.659, "perimetro_fuente": 2120.883 }, "geometry": { "type": "Polygon", "coordinates": [ [ [ -58.545031999628357, -34.505865370652586 ], [ -58.544120291505067, -34.50663868248521 ], [ -58.54329146676821, -34.507340866673829 ], [ -58.543881725525807, -34.507834633468356 ], [ -58.544235948126925, -34.508127287238551 ], [ -58.544482721693733, -34.508337538929041 ], [ -58.545094611214786, -34.508840571244015 ], [ -58.545271295284287, -34.508698459443345 ], [ -58.54592564001716, -34.509265087898633 ], [ -58.546311751977633, -34.509603182959012 ], [ -58.546537232073071, -34.509786136605008 ], [ -58.547223784705224, -34.510380182043086 ], [ -58.549230472953383, -34.512080543941714 ], [ -58.55023488645805, -34.511299282549167 ], [ -58.551261365976018, -34.510500247237097 ], [ -58.551868535445315, -34.510020719090967 ], [ -58.551092834952534, -34.509542816751747 ], [ -58.55032787240394, -34.50907405143279 ], [ -58.549541459669719, -34.508586999641821 ], [ -58.549509113636844, -34.508568588489737 ], [ -58.548765941136509, -34.508100072306767 ], [ -58.548001162459279, -34.507622281317673 ], [ -58.547247433823387, -34.507135603523515 ], [ -58.546460275141939, -34.506693590941509 ], [ -58.545737655794788, -34.506297409359888 ], [ -58.54509629604614, -34.505924724364135 ], [ -58.545031999628357, -34.505865370652586 ] ] ] } },
{ "type": "Feature", "properties": { "radio_id": "067561902", "prov": "06", "depto": "756", "partido": "SAN ISIDRO", "fraccion": "19", "radio": "02", "tipo_radio": "U", "area_fuente": 161969.674, "perimetro_fuente": 1614.74 }, "geometry": { "type": "Polygon", "coordinates": [ [ [ -58.54592564001716, -34.509265087898633 ], [ -58.545649728325614, -34.509478127286471 ], [ -58.545108629288585, -34.509913344467691 ], [ -58.544876884193989, -34.510090853164243 ], [ -58.54429160484478, -34.510561594269333 ], [ -58.543783621354223, -34.510970159466048 ], [ -58.542999392683669, -34.511609777735764 ], [ -58.543471496230758, -34.512012002863777 ], [ -58.543654058340294, -34.512158395028528 ], [ -58.544319462462703, -34.512716150371375 ], [ -58.544705895466521, -34.513036228171678 ], [ -58.545027794500463, -34.513310467580084 ], [ -58.545381885980241, -34.513612130088475 ], [ -58.545693060329576, -34.513877227441391 ], [ -58.546304683547156, -34.514398277746722 ], [ -58.547099643910983, -34.513767778795859 ], [ -58.548181554965105, -34.512915348795495 ], [ -58.549230472953383, -34.512080543941714 ], [ -58.547223784705224, -34.510380182043086 ], [ -58.546537232073071, -34.509786136605008 ], [ -58.546311751977633, -34.509603182959012 ], [ -58.54592564001716, -34.509265087898633 ] ] ] } },
{ "type": "Feature", "properties": { "radio_id": "067561903", "prov": "06", "depto": "756", "partido": "SAN ISIDRO", "fraccion": "19", "radio": "03", "tipo_radio": "U", "area_fuente": 82152.202, "perimetro_fuente": 1186.39 }, "geometry": { "type": "Polygon", "coordinates": [ [ [ -58.542424604431851, -34.508038084315224 ], [ -58.541347123780753, -34.508949104695979 ], [ -58.541969884404295, -34.509452282259332 ], [ -58.542249000663539, -34.509680951490182 ], [ -58.542571035823677, -34.509946185354131 ], [ -58.543129120692917, -34.510412531340606 ], [ -58.543783621354223, -34.510970159466048 ], [ -58.54429160484478, -34.510561594269333 ], [ -58.544876884193989, -34.510090853164243 ], [ -58.545108629288585, -34.509913344467691 ], [ -58.545649728325614, -34.509478127286471 ], [ -58.54592564001716, -34.509265087898633 ], [ -58.545271295284287, -34.508698459443345 ], [ -58.545094611214786, -34.508840571244015 ], [ -58.544482721693733, -34.508337538929041 ], [ -58.544235948126925, -34.508127287238551 ], [ -58.543881725525807, -34.507834633468356 ], [ -58.54329146676821, -34.507340866673829 ], [ -58.542424604431851, -34.508038084315224 ] ] ] } },
{ "type": "Feature", "properties": { "radio_id": "067561904", "prov": "06", "depto": "756", "partido": "SAN ISIDRO", "fraccion": "19", "radio": "04", "tipo_radio": "U", "area_fuente": 75862.159, "perimetro_fuente": 1147.322 }, "geometry": { "type": "Polygon", "coordinates": [ [ [ -58.541311147418099, -34.512887568818904 ], [ -58.541342550788457, -34.512960051887639 ], [ -58.542115604233828, -34.512338338353693 ], [ -58.542083415473378, -34.512310913619487 ], [ -58.542249067434867, -34.512177688254809 ], [ -58.542999392683669, -34.511609777735764 ], [ -58.543783621354223, -34.510970159466048 ], [ -58.543129120692917, -34.510412531340606 ], [ -58.542571035823677, -34.509946185354131 ], [ -58.542249000663539, -34.509680951490182 ], [ -58.541969884404295, -34.509452282259332 ], [ -58.541347123780753, -34.508949104695979 ], [ -58.540595240940881, -34.509607121010298 ], [ -58.540087088751491, -34.510024682207643 ], [ -58.540118332883196, -34.510106177196029 ], [ -58.540389902518086, -34.510767407735912 ], [ -58.540515353044427, -34.51106635157425 ], [ -58.540567585059293, -34.511193164753443 ], [ -58.540703450788286, -34.511519273356889 ], [ -58.540996960551333, -34.512171751159435 ], [ -58.541311147418099, -34.512887568818904 ] ] ] } },
{ "type": "Feature", "properties": { "radio_id": "067561905", "prov": "06", "depto": "756", "partido": "SAN ISIDRO", "fraccion": "19", "radio": "05", "tipo_radio": "U", "area_fuente": 496428.229, "perimetro_fuente": 3154.495 }, "geometry": { "type": "Polygon", "coordinates": [ [ [ -58.545199539012735, -34.500923459572213 ], [ -58.54217418417398, -34.502410674396678 ], [ -58.542146814048643, -34.502419361268942 ], [ -58.539363426089622, -34.503760668356414 ], [ -58.53933061252684, -34.503769289495445 ], [ -58.536580028139333, -34.505097404530979 ], [ -58.536610952111388, -34.505196922684078 ], [ -58.53665260423854, -34.505305583760077 ], [ -58.536683922164769, -34.505382573748705 ], [ -58.536710033605821, -34.505445981098525 ], [ -58.536725574471006, -34.505491234801369 ], [ -58.536741194112523, -34.505531982692702 ], [ -58.536751292175268, -34.50557717119105 ], [ -58.536766833084684, -34.505622424888855 ], [ -58.536771488346659, -34.505667547283977 ], [ -58.536765494190739, -34.505699022750768 ], [ -58.536759263749943, -34.505744015645561 ], [ -58.536731183150408, -34.50579325354262 ], [ -58.536703338806873, -34.50582897400394 ], [ -58.535939544419037, -34.506856372787496 ], [ -58.535639006938297, -34.507231336363795 ], [ -58.53667664496983, -34.507667405527926 ], [ -58.537400804579484, -34.507973523655878 ], [ -58.538276272348, -34.508344543799389 ], [ -58.539270552512946, -34.508771058822745 ], [ -58.539389512197211, -34.508817548941416 ], [ -58.53961560464721, -34.508964468464299 ], [ -58.539772607881822, -34.509326884863995 ], [ -58.540087088751491, -34.510024682207643 ], [ -58.540595240940881, -34.509607121010298 ], [ -58.541347123780753, -34.508949104695979 ], [ -58.542424604431851, -34.508038084315224 ], [ -58.54329146676821, -34.507340866673829 ], [ -58.544120291505067, -34.50663868248521 ], [ -58.545031999628357, -34.505865370652586 ], [ -58.546329851545821, -34.504799203290048 ], [ -58.547279930155987, -34.504008304384818 ], [ -58.546646603347142, -34.503487000846093 ], [ -58.54600286967117, -34.502938529643096 ], [ -58.545250760151163, -34.502361723933625 ], [ -58.545361178802438, -34.502272903637333 ], [ -58.546124155411789, -34.501596960826603 ], [ -58.545704641868014, -34.501303535239749 ], [ -58.545618657500341, -34.501239416873219 ], [ -58.545307059187223, -34.501001354974896 ], [ -58.545199539012735, -34.500923459572213 ] ] ] } },
{ "type": "Feature", "properties": { "radio_id": "067561906", "prov": "06", "depto": "756", "partido": "SAN ISIDRO", "fraccion": "19", "radio": "06", "tipo_radio": "U", "area_fuente": 179051.72, "perimetro_fuente": 1782.438 }, "geometry": { "type": "Polygon", "coordinates": [ [ [ -58.534104223598433, -34.512490318205501 ], [ -58.534571712517064, -34.51284294669712 ], [ -58.535052771512788, -34.512420577536766 ], [ -58.535622180136542, -34.511927157719612 ], [ -58.535859864543141, -34.511722697684647 ], [ -58.536672623620447, -34.511011359875276 ], [ -58.537590204607291, -34.510220149067351 ], [ -58.538496725761796, -34.509437813100668 ], [ -58.539270552512946, -34.508771058822745 ], [ -58.538276272348, -34.508344543799389 ], [ -58.537400804579484, -34.507973523655878 ], [ -58.53667664496983, -34.507667405527926 ], [ -58.535639006938297, -34.507231336363795 ], [ -58.535338307956962, -34.507615310707067 ], [ -58.534736744937504, -34.508392268511301 ], [ -58.534246872377949, -34.509008321419365 ], [ -58.533979292419147, -34.509365649081772 ], [ -58.533695303005011, -34.509727285862461 ], [ -58.533177329375754, -34.510392570104543 ], [ -58.533088027971054, -34.510517686547203 ], [ -58.5325635753589, -34.511241477859777 ], [ -58.533465554883115, -34.511964376335769 ], [ -58.534104223598433, -34.512490318205501 ] ] ] } },
{ "type": "Feature", "properties": { "radio_id": "067561907", "prov": "06", "depto": "756", "partido": "SAN ISIDRO", "fraccion": "19", "radio": "07", "tipo_radio": "U", "area_fuente": 116403.884, "perimetro_fuente": 1378.357 }, "geometry": { "type": "Polygon", "coordinates": [ [ [ -58.532208721995467, -34.51497356665962 ], [ -58.533307064948538, -34.515731215203459 ], [ -58.533898769945651, -34.515205414201056 ], [ -58.534142228306898, -34.514982999226568 ], [ -58.534473883799926, -34.514698548548857 ], [ -58.535081808760403, -34.514183060110696 ], [ -58.535645706308443, -34.513694081122125 ], [ -58.535162430162401, -34.51330972009638 ], [ -58.534571712517064, -34.51284294669712 ], [ -58.534104223598433, -34.512490318205501 ], [ -58.533465554883115, -34.511964376335769 ], [ -58.5325635753589, -34.511241477859777 ], [ -58.532519081772541, -34.511295024240631 ], [ -58.532128418078614, -34.511840151938955 ], [ -58.531882592748715, -34.51219773605348 ], [ -58.531692938275533, -34.512456846527819 ], [ -58.531241336051878, -34.512988556558902 ], [ -58.530560109017443, -34.51398115246603 ], [ -58.532208721995467, -34.51497356665962 ] ] ] } },
{ "type": "Feature", "properties": { "radio_id": "067561908", "prov": "06", "depto": "756", "partido": "SAN ISIDRO", "fraccion": "19", "radio": "08", "tipo_radio": "U", "area_fuente": 132320.721, "perimetro_fuente": 2018.124 }, "geometry": { "type": "Polygon", "coordinates": [ [ [ -58.534510173512267, -34.51658244537181 ], [ -58.534600698045772, -34.516647171301763 ], [ -58.535398956172905, -34.515971531281295 ], [ -58.536250023536034, -34.515251643246053 ], [ -58.536891705497467, -34.514673456753549 ], [ -58.537930497159493, -34.513802575745721 ], [ -58.538979996498909, -34.512940827076086 ], [ -58.539930238830486, -34.512149990493903 ], [ -58.540703450788286, -34.511519273356889 ], [ -58.540567585059293, -34.511193164753443 ], [ -58.540515353044427, -34.51106635157425 ], [ -58.540389902518086, -34.510767407735912 ], [ -58.540118332883196, -34.510106177196029 ], [ -58.540087088751491, -34.510024682207643 ], [ -58.539667122628643, -34.510380201962953 ], [ -58.538728099688768, -34.51115314417352 ], [ -58.537778016547627, -34.511934959923948 ], [ -58.536738931039231, -34.51282386364592 ], [ -58.536131577897677, -34.513307819436903 ], [ -58.535645706308443, -34.513694081122125 ], [ -58.535081808760403, -34.514183060110696 ], [ -58.534473883799926, -34.514698548548857 ], [ -58.534142228306898, -34.514982999226568 ], [ -58.533898769945651, -34.515205414201056 ], [ -58.533307064948538, -34.515731215203459 ], [ -58.533573235795487, -34.51591481902404 ], [ -58.534510173512267, -34.51658244537181 ] ] ] } },
{ "type": "Feature", "properties": { "radio_id": "067561909", "prov": "06", "depto": "756", "partido": "SAN ISIDRO", "fraccion": "19", "radio": "09", "tipo_radio": "U", "area_fuente": 135786.77, "perimetro_fuente": 1521.036 }, "geometry": { "type": "Polygon", "coordinates": [ [ [ -58.540703450788286, -34.511519273356889 ], [ -58.539930238830486, -34.512149990493903 ], [ -58.538979996498909, -34.512940827076086 ], [ -58.537930497159493, -34.513802575745721 ], [ -58.536891705497467, -34.514673456753549 ], [ -58.537407185681317, -34.515085237205483 ], [ -58.537417915084184, -34.51509437918736 ], [ -58.538040064856723, -34.515633623285972 ], [ -58.538673110781446, -34.516172994651043 ], [ -58.539349241471967, -34.516739917668389 ], [ -58.540377147743619, -34.515868886830233 ], [ -58.541470039967955, -34.5150166491132 ], [ -58.542033122051656, -34.514572698019315 ], [ -58.541687833225993, -34.513766374958287 ], [ -58.541342550788457, -34.512960051887639 ], [ -58.541311147418099, -34.512887568818904 ], [ -58.540996960551333, -34.512171751159435 ], [ -58.540703450788286, -34.511519273356889 ] ] ] } },
{ "type": "Feature", "properties": { "radio_id": "067561910", "prov": "06", "depto": "756", "partido": "SAN ISIDRO", "fraccion": "19", "radio": "10", "tipo_radio": "U", "area_fuente": 91164.04, "perimetro_fuente": 1215.64 }, "geometry": { "type": "Polygon", "coordinates": [ [ [ -58.535793800920544, -34.517500236640423 ], [ -58.537123256387972, -34.51848527063396 ], [ -58.537679899401212, -34.518031410708602 ], [ -58.538702968395114, -34.517197226193417 ], [ -58.539349241471967, -34.516739917668389 ], [ -58.538673110781446, -34.516172994651043 ], [ -58.538040064856723, -34.515633623285972 ], [ -58.537417915084184, -34.51509437918736 ], [ -58.537407185681317, -34.515085237205483 ], [ -58.536891705497467, -34.514673456753549 ], [ -58.536250023536034, -34.515251643246053 ], [ -58.535398956172905, -34.515971531281295 ], [ -58.534600698045772, -34.516647171301763 ], [ -58.535793800920544, -34.517500236640423 ] ] ] } },
{ "type": "Feature", "properties": { "radio_id": "067561911", "prov": "06", "depto": "756", "partido": "SAN ISIDRO", "fraccion": "19", "radio": "11", "tipo_radio": "U", "area_fuente": 88436.343, "perimetro_fuente": 1501.275 }, "geometry": { "type": "Polygon", "coordinates": [ [ [ -58.535162430162401, -34.51330972009638 ], [ -58.535645706308443, -34.513694081122125 ], [ -58.536131577897677, -34.513307819436903 ], [ -58.536738931039231, -34.51282386364592 ], [ -58.537778016547627, -34.511934959923948 ], [ -58.538728099688768, -34.51115314417352 ], [ -58.539667122628643, -34.510380201962953 ], [ -58.540087088751491, -34.510024682207643 ], [ -58.539772607881822, -34.509326884863995 ], [ -58.53961560464721, -34.508964468464299 ], [ -58.539389512197211, -34.508817548941416 ], [ -58.539270552512946, -34.508771058822745 ], [ -58.538496725761796, -34.509437813100668 ], [ -58.537590204607291, -34.510220149067351 ], [ -58.536672623620447, -34.511011359875276 ], [ -58.535859864543141, -34.511722697684647 ], [ -58.535622180136542, -34.511927157719612 ], [ -58.535052771512788, -34.512420577536766 ], [ -58.534571712517064, -34.51284294669712 ], [ -58.535162430162401, -34.51330972009638 ] ] ] } },
{ "type": "Feature", "properties": { "radio_id": "067562001", "prov": "06", "depto": "756", "partido": "SAN ISIDRO", "fraccion": "20", "radio": "01", "tipo_radio": "U", "area_fuente": 214261.23, "perimetro_fuente": 2901.07 }, "geometry": { "type": "Polygon", "coordinates": [ [ [ -58.545840852109464, -34.497222036662841 ], [ -58.544477376903757, -34.497998987703255 ], [ -58.544349654068391, -34.498071767065696 ], [ -58.543795631009893, -34.498387457252036 ], [ -58.543556937724517, -34.498526266475821 ], [ -58.543476680973654, -34.49857293797119 ], [ -58.543332983925794, -34.498697413939119 ], [ -58.54298717657263, -34.498985687804208 ], [ -58.542793576900316, -34.499147077685329 ], [ -58.542205321101854, -34.499684461486034 ], [ -58.542083076327501, -34.499827218054399 ], [ -58.541960832204495, -34.499969975400752 ], [ -58.541383198061759, -34.500630078288175 ], [ -58.541249908387321, -34.500781716502587 ], [ -58.541083334865071, -34.500969011132838 ], [ -58.54038343618204, -34.501771864993238 ], [ -58.540327910442407, -34.501834296127797 ], [ -58.540161175605519, -34.502030600100696 ], [ -58.540005797748002, -34.502199999923448 ], [ -58.539516943286962, -34.502762005759067 ], [ -58.538994798049565, -34.50335966628279 ], [ -58.538972870002127, -34.503368417523319 ], [ -58.538457639366037, -34.503569563802181 ], [ -58.538238358694947, -34.503657075041701 ], [ -58.537832764957002, -34.503814463925686 ], [ -58.537185801126341, -34.504077122380679 ], [ -58.536955317396831, -34.504182524127764 ], [ -58.536724910782809, -34.504283418698577 ], [ -58.536670010725722, -34.504309801550036 ], [ -58.536318760935693, -34.504472343070951 ], [ -58.536580028139333, -34.505097404530979 ], [ -58.53933061252684, -34.503769289495445 ], [ -58.539363426089622, -34.503760668356414 ], [ -58.542146814048643, -34.502419361268942 ], [ -58.54217418417398, -34.502410674396678 ], [ -58.545199539012735, -34.500923459572213 ], [ -58.545135090713373, -34.500873118537321 ], [ -58.544769852966354, -34.500589348823091 ], [ -58.544694597377593, -34.50053437115141 ], [ -58.544990999398401, -34.500393686431757 ], [ -58.545770409608309, -34.50002440020544 ], [ -58.546516687854478, -34.499681754364751 ], [ -58.548047498194158, -34.499020850526307 ], [ -58.547907463232171, -34.498900598610511 ], [ -58.547236464000612, -34.498356316553313 ], [ -58.546517040880119, -34.497779908284244 ], [ -58.545840852109464, -34.497222036662841 ] ] ] } },
{ "type": "Feature", "properties": { "radio_id": "067562002", "prov": "06", "depto": "756", "partido": "SAN ISIDRO", "fraccion": "20", "radio": "02", "tipo_radio": "U", "area_fuente": 227274.581, "perimetro_fuente": 2590.829 }, "geometry": { "type": "Polygon", "coordinates": [ [ [ -58.551134164675894, -34.494253511061387 ], [ -58.549782393335953, -34.494992977105007 ], [ -58.549056689942773, -34.495407995662362 ], [ -58.548974198107679, -34.495456590352383 ], [ -58.548468674167744, -34.495730003688635 ], [ -58.54716029514119, -34.496471586918986 ], [ -58.546984422597468, -34.496568643192589 ], [ -58.545840852109464, -34.497222036662841 ], [ -58.546517040880119, -34.497779908284244 ], [ -58.547236464000612, -34.498356316553313 ], [ -58.547907463232171, -34.498900598610511 ], [ -58.548047498194158, -34.499020850526307 ], [ -58.546516687854478, -34.499681754364751 ], [ -58.545770409608309, -34.50002440020544 ], [ -58.544990999398401, -34.500393686431757 ], [ -58.544694597377593, -34.50053437115141 ], [ -58.544769852966354, -34.500589348823091 ], [ -58.545135090713373, -34.500873118537321 ], [ -58.545199539012735, -34.500923459572213 ], [ -58.547290817427381, -34.499929821263585 ], [ -58.548114176352122, -34.499604832016772 ], [ -58.54999472520872, -34.498800990404426 ], [ -58.551392285567481, -34.498082071765062 ], [ -58.552851087609177, -34.497589207941687 ], [ -58.553364743117776, -34.497389939763529 ], [ -58.552990700566632, -34.497106045891613 ], [ -58.552783719020397, -34.49684961769222 ], [ -58.552638645312669, -34.496401335690969 ], [ -58.552637840223611, -34.49639884832991 ], [ -58.552852686126677, -34.495997256963797 ], [ -58.553060314157833, -34.495739263673464 ], [ -58.552330224101745, -34.495186270174905 ], [ -58.551591926041269, -34.494633175980105 ], [ -58.551134164675894, -34.494253511061387 ] ] ] } },
{ "type": "Feature", "properties": { "radio_id": "067562003", "prov": "06", "depto": "756", "partido": "SAN ISIDRO", "fraccion": "20", "radio": "03", "tipo_radio": "U", "area_fuente": 210025.626, "perimetro_fuente": 2693.072 }, "geometry": { "type": "Polygon", "coordinates": [ [ [ -58.555153903251352, -34.497463722079992 ], [ -58.555126404515867, -34.497484638161112 ], [ -58.554833972238136, -34.497615261853184 ], [ -58.554566671914614, -34.497673021071428 ], [ -58.554232950986425, -34.497727439204816 ], [ -58.554130645270057, -34.497701771950858 ], [ -58.553364743117776, -34.497389939763529 ], [ -58.552851087609177, -34.497589207941687 ], [ -58.551392285567481, -34.498082071765062 ], [ -58.54999472520872, -34.498800990404426 ], [ -58.548114176352122, -34.499604832016772 ], [ -58.547290817427381, -34.499929821263585 ], [ -58.545199539012735, -34.500923459572213 ], [ -58.545307059187223, -34.501001354974896 ], [ -58.545618657500341, -34.501239416873219 ], [ -58.545704641868014, -34.501303535239749 ], [ -58.545880212969692, -34.501224503594699 ], [ -58.545896697198515, -34.501215686292291 ], [ -58.546045055103832, -34.501136330466046 ], [ -58.546220625545658, -34.501057298312539 ], [ -58.546396194558341, -34.500978266785452 ], [ -58.546549837698741, -34.500907986749141 ], [ -58.546637700706086, -34.500863964495821 ], [ -58.546879048715944, -34.500758673363919 ], [ -58.547120553594979, -34.500644370082775 ], [ -58.547361901462203, -34.500539078875811 ], [ -58.547559238477454, -34.50046030359163 ], [ -58.547822355385435, -34.500355269384478 ], [ -58.548052502926602, -34.500267869796446 ], [ -58.548282651072711, -34.500180470675446 ], [ -58.548523683777894, -34.500093199541588 ], [ -58.548753986100486, -34.499996786915972 ], [ -58.548907313181537, -34.499944527159762 ], [ -58.549060796238919, -34.499883255528751 ], [ -58.549126418470316, -34.499866007874715 ], [ -58.549236047932212, -34.49982224312987 ], [ -58.549663059735693, -34.499683097069166 ], [ -58.5497616476638, -34.499648213384631 ], [ -58.550079028079644, -34.499552831951299 ], [ -58.550724514663791, -34.499371208260861 ], [ -58.551164870246829, -34.499718945193905 ], [ -58.551830853550655, -34.500240612730856 ], [ -58.552582678718437, -34.500835402141078 ], [ -58.553302327191901, -34.501402765337396 ], [ -58.553850000150632, -34.501841899040514 ], [ -58.553861039983246, -34.501833016199875 ], [ -58.554986889462207, -34.500944987338862 ], [ -58.55614536913059, -34.500057333332578 ], [ -58.556774203543455, -34.499578033799857 ], [ -58.556818364766443, -34.49954250225224 ], [ -58.557226542799881, -34.499231849698162 ], [ -58.556539850298002, -34.498646871665521 ], [ -58.556293073209623, -34.498436644873152 ], [ -58.555853323877905, -34.498052879165947 ], [ -58.555359932279664, -34.497623409847833 ], [ -58.555153903251352, -34.497463722079992 ] ] ] } },
{ "type": "Feature", "properties": { "radio_id": "067562004", "prov": "06", "depto": "756", "partido": "SAN ISIDRO", "fraccion": "20", "radio": "04", "tipo_radio": "U", "area_fuente": 207601.523, "perimetro_fuente": 1943.344 }, "geometry": { "type": "Polygon", "coordinates": [ [ [ -58.556774203543455, -34.499578033799857 ], [ -58.55614536913059, -34.500057333332578 ], [ -58.554986889462207, -34.500944987338862 ], [ -58.553861039983246, -34.501833016199875 ], [ -58.553850000150632, -34.501841899040514 ], [ -58.552823652688204, -34.502640960492144 ], [ -58.552327111943299, -34.503022657905582 ], [ -58.552271905717852, -34.503067071291632 ], [ -58.551300112833125, -34.503857752411811 ], [ -58.551976078239711, -34.504433618840338 ], [ -58.552652209833788, -34.505000470038013 ], [ -58.553317464836837, -34.505567188746653 ], [ -58.553993613591537, -34.506134031960677 ], [ -58.555130716925916, -34.505228110167955 ], [ -58.555372462666654, -34.505421182944389 ], [ -58.556941787070187, -34.504192465725851 ], [ -58.557204869461501, -34.503911941702128 ], [ -58.557226228320424, -34.502409113332298 ], [ -58.557210422018265, -34.501430959274451 ], [ -58.557019857990596, -34.500540169652098 ], [ -58.556877926756997, -34.499876706099457 ], [ -58.556774203543455, -34.499578033799857 ] ] ] } },
{ "type": "Feature", "properties": { "radio_id": "067562005", "prov": "06", "depto": "756", "partido": "SAN ISIDRO", "fraccion": "20", "radio": "05", "tipo_radio": "U", "area_fuente": 68880.683, "perimetro_fuente": 1203.392 }, "geometry": { "type": "Polygon", "coordinates": [ [ [ -58.55191053155491, -34.502558030974257 ], [ -58.552327111943299, -34.503022657905582 ], [ -58.552823652688204, -34.502640960492144 ], [ -58.553850000150632, -34.501841899040514 ], [ -58.553302327191901, -34.501402765337396 ], [ -58.552582678718437, -34.500835402141078 ], [ -58.551830853550655, -34.500240612730856 ], [ -58.551164870246829, -34.499718945193905 ], [ -58.550724514663791, -34.499371208260861 ], [ -58.550079028079644, -34.499552831951299 ], [ -58.5497616476638, -34.499648213384631 ], [ -58.549663059735693, -34.499683097069166 ], [ -58.549236047932212, -34.49982224312987 ], [ -58.549126418470316, -34.499866007874715 ], [ -58.549329953309744, -34.50005770925376 ], [ -58.550048948299946, -34.500661137681796 ], [ -58.55056409949578, -34.501090886327411 ], [ -58.550660348802346, -34.501191177179969 ], [ -58.550884881972245, -34.501428191913668 ], [ -58.55131233640514, -34.50189295123446 ], [ -58.55191053155491, -34.502558030974257 ] ] ] } },
{ "type": "Feature", "properties": { "radio_id": "067562006", "prov": "06", "depto": "756", "partido": "SAN ISIDRO", "fraccion": "20", "radio": "06", "tipo_radio": "U", "area_fuente": 72179.165, "perimetro_fuente": 1258.69 }, "geometry": { "type": "Polygon", "coordinates": [ [ [ -58.550731761979876, -34.503355267372946 ], [ -58.551300112833125, -34.503857752411811 ], [ -58.552271905717852, -34.503067071291632 ], [ -58.552327111943299, -34.503022657905582 ], [ -58.55191053155491, -34.502558030974257 ], [ -58.55131233640514, -34.50189295123446 ], [ -58.550884881972245, -34.501428191913668 ], [ -58.550660348802346, -34.501191177179969 ], [ -58.55056409949578, -34.501090886327411 ], [ -58.550048948299946, -34.500661137681796 ], [ -58.549329953309744, -34.50005770925376 ], [ -58.549126418470316, -34.499866007874715 ], [ -58.549060796238919, -34.499883255528751 ], [ -58.548907313181537, -34.499944527159762 ], [ -58.548753986100486, -34.499996786915972 ], [ -58.548523683777894, -34.500093199541588 ], [ -58.548282651072711, -34.500180470675446 ], [ -58.548052502926602, -34.500267869796446 ], [ -58.547822355385435, -34.500355269384478 ], [ -58.547559238477454, -34.50046030359163 ], [ -58.5481916113675, -34.501035672244569 ], [ -58.548856023796276, -34.501647471518517 ], [ -58.549188155000955, -34.501957876601629 ], [ -58.549456225947125, -34.502195410989287 ], [ -58.550099354207731, -34.502779911201856 ], [ -58.550731761979876, -34.503355267372946 ] ] ] } },
{ "type": "Feature", "properties": { "radio_id": "067562007", "prov": "06", "depto": "756", "partido": "SAN ISIDRO", "fraccion": "20", "radio": "07", "tipo_radio": "U", "area_fuente": 124050.611, "perimetro_fuente": 1658.023 }, "geometry": { "type": "Polygon", "coordinates": [ [ [ -58.548471345387078, -34.50499592660799 ], [ -58.54915818538494, -34.505571937627607 ], [ -58.550096894342431, -34.504807922188007 ], [ -58.549421250527978, -34.504214022285012 ], [ -58.54884217966017, -34.503702387765799 ], [ -58.550099354207731, -34.502779911201856 ], [ -58.549456225947125, -34.502195410989287 ], [ -58.549188155000955, -34.501957876601629 ], [ -58.548856023796276, -34.501647471518517 ], [ -58.5481916113675, -34.501035672244569 ], [ -58.547559238477454, -34.50046030359163 ], [ -58.547361901462203, -34.500539078875811 ], [ -58.547120553594979, -34.500644370082775 ], [ -58.546879048715944, -34.500758673363919 ], [ -58.546637700706086, -34.500863964495821 ], [ -58.546549837698741, -34.500907986749141 ], [ -58.546396194558341, -34.500978266785452 ], [ -58.546220625545658, -34.501057298312539 ], [ -58.546045055103832, -34.501136330466046 ], [ -58.545896697198515, -34.501215686292291 ], [ -58.545880212969692, -34.501224503594699 ], [ -58.545704641868014, -34.501303535239749 ], [ -58.546124155411789, -34.501596960826603 ], [ -58.545361178802438, -34.502272903637333 ], [ -58.545250760151163, -34.502361723933625 ], [ -58.54600286967117, -34.502938529643096 ], [ -58.546646603347142, -34.503487000846093 ], [ -58.547279930155987, -34.504008304384818 ], [ -58.547870191466245, -34.504502052176271 ], [ -58.548471345387078, -34.50499592660799 ] ] ] } },
{ "type": "Feature", "properties": { "radio_id": "067562008", "prov": "06", "depto": "756", "partido": "SAN ISIDRO", "fraccion": "20", "radio": "08", "tipo_radio": "U", "area_fuente": 106415.046, "perimetro_fuente": 1359.272 }, "geometry": { "type": "Polygon", "coordinates": [ [ [ -58.547279930155987, -34.504008304384818 ], [ -58.546329851545821, -34.504799203290048 ], [ -58.545031999628357, -34.505865370652586 ], [ -58.54509629604614, -34.505924724364135 ], [ -58.545737655794788, -34.506297409359888 ], [ -58.546460275141939, -34.506693590941509 ], [ -58.547247433823387, -34.507135603523515 ], [ -58.548001162459279, -34.507622281317673 ], [ -58.548765941136509, -34.508100072306767 ], [ -58.549505612369202, -34.50751396763232 ], [ -58.550476998362548, -34.506750336877801 ], [ -58.549801024346536, -34.506174463039933 ], [ -58.549124903452324, -34.505607596410108 ], [ -58.54915818538494, -34.505571937627607 ], [ -58.548471345387078, -34.50499592660799 ], [ -58.547870191466245, -34.504502052176271 ], [ -58.547279930155987, -34.504008304384818 ] ] ] } },
{ "type": "Feature", "properties": { "radio_id": "067562009", "prov": "06", "depto": "756", "partido": "SAN ISIDRO", "fraccion": "20", "radio": "09", "tipo_radio": "U", "area_fuente": 84590.251, "perimetro_fuente": 1319.925 }, "geometry": { "type": "Polygon", "coordinates": [ [ [ -58.552652209833788, -34.505000470038013 ], [ -58.551448677433513, -34.505968675390328 ], [ -58.550476998362548, -34.506750336877801 ], [ -58.549505612369202, -34.50751396763232 ], [ -58.548765941136509, -34.508100072306767 ], [ -58.549509113636844, -34.508568588489737 ], [ -58.549541459669719, -34.508586999641821 ], [ -58.55032787240394, -34.50907405143279 ], [ -58.550836126225775, -34.508647434463754 ], [ -58.551807668813112, -34.507874782500728 ], [ -58.552779193482372, -34.507102122261955 ], [ -58.553993613591537, -34.506134031960677 ], [ -58.553317464836837, -34.505567188746653 ], [ -58.552652209833788, -34.505000470038013 ] ] ] } },
{ "type": "Feature", "properties": { "radio_id": "067562010", "prov": "06", "depto": "756", "partido": "SAN ISIDRO", "fraccion": "20", "radio": "10", "tipo_radio": "U", "area_fuente": 74954.964, "perimetro_fuente": 1244.537 }, "geometry": { "type": "Polygon", "coordinates": [ [ [ -58.549801024346536, -34.506174463039933 ], [ -58.550476998362548, -34.506750336877801 ], [ -58.551448677433513, -34.505968675390328 ], [ -58.552652209833788, -34.505000470038013 ], [ -58.551976078239711, -34.504433618840338 ], [ -58.551300112833125, -34.503857752411811 ], [ -58.550731761979876, -34.503355267372946 ], [ -58.550099354207731, -34.502779911201856 ], [ -58.54884217966017, -34.503702387765799 ], [ -58.549421250527978, -34.504214022285012 ], [ -58.550096894342431, -34.504807922188007 ], [ -58.54915818538494, -34.505571937627607 ], [ -58.549124903452324, -34.505607596410108 ], [ -58.549801024346536, -34.506174463039933 ] ] ] } },
{ "type": "Feature", "properties": { "radio_id": "067562101", "prov": "06", "depto": "756", "partido": "SAN ISIDRO", "fraccion": "21", "radio": "01", "tipo_radio": "U", "area_fuente": 172019.218, "perimetro_fuente": 1671.481 }, "geometry": { "type": "Polygon", "coordinates": [ [ [ -58.573861403937045, -34.478813163976909 ], [ -58.57559890932864, -34.480269309913794 ], [ -58.576515486784679, -34.479556184728011 ], [ -58.577386828223098, -34.478881300448677 ], [ -58.577882806529644, -34.47851751695795 ], [ -58.577904877099606, -34.478499746611277 ], [ -58.57845877743469, -34.47792932188478 ], [ -58.578724536278095, -34.477662006016956 ], [ -58.578924790906854, -34.477400686179195 ], [ -58.578704429506033, -34.477580891270826 ], [ -58.578685423927503, -34.477303358534151 ], [ -58.578428838488499, -34.476838888042735 ], [ -58.578031737733141, -34.476120047678059 ], [ -58.577920284178298, -34.475918289895155 ], [ -58.577597960040798, -34.475881709088497 ], [ -58.576719496403008, -34.475770979762501 ], [ -58.576719379107132, -34.475770964875927 ], [ -58.576490858484412, -34.475741326209977 ], [ -58.575867735687886, -34.475659251983032 ], [ -58.575577138011376, -34.475620975098551 ], [ -58.575113447858072, -34.475539134731029 ], [ -58.57497166287569, -34.475378975379343 ], [ -58.574507838566468, -34.476003963399265 ], [ -58.57447450273952, -34.476044135724827 ], [ -58.573884568755567, -34.476812420109454 ], [ -58.573375708571291, -34.477293213741596 ], [ -58.573110241187671, -34.477542493984103 ], [ -58.572756792372687, -34.477844827605487 ], [ -58.573861403937045, -34.478813163976909 ] ] ] } },
{ "type": "Feature", "properties": { "radio_id": "067562102", "prov": "06", "depto": "756", "partido": "SAN ISIDRO", "fraccion": "21", "radio": "02", "tipo_radio": "U", "area_fuente": 123833.784, "perimetro_fuente": 1694.918 }, "geometry": { "type": "Polygon", "coordinates": [ [ [ -58.577882806529644, -34.47851751695795 ], [ -58.578365172634633, -34.478955781892658 ], [ -58.578418820259579, -34.479001474044971 ], [ -58.578900886271697, -34.479457760618466 ], [ -58.579211740183489, -34.479740796230296 ], [ -58.579458217526657, -34.479969001959347 ], [ -58.579994096868766, -34.480461964305611 ], [ -58.580647936425059, -34.481059951049446 ], [ -58.580924353572335, -34.480806273870691 ], [ -58.580990564151321, -34.480752961172875 ], [ -58.58122230430839, -34.48056636737342 ], [ -58.581962529034122, -34.481205911421533 ], [ -58.582855567372889, -34.480500347398156 ], [ -58.583557363119134, -34.481117943295885 ], [ -58.584773380158218, -34.480017921550996 ], [ -58.583746822581602, -34.47958028518422 ], [ -58.58289120619002, -34.479215513093692 ], [ -58.58207838576913, -34.47883155949112 ], [ -58.581324606102413, -34.47847093722379 ], [ -58.580633985896398, -34.478141016063425 ], [ -58.580226024266587, -34.477946122029167 ], [ -58.579806910205491, -34.477821425698139 ], [ -58.578924790906854, -34.477400686179195 ], [ -58.578724536278095, -34.477662006016956 ], [ -58.57845877743469, -34.47792932188478 ], [ -58.577904877099606, -34.478499746611277 ], [ -58.577882806529644, -34.47851751695795 ] ] ] } },
{ "type": "Feature", "properties": { "radio_id": "067562103", "prov": "06", "depto": "756", "partido": "SAN ISIDRO", "fraccion": "21", "radio": "03", "tipo_radio": "U", "area_fuente": 648412.748, "perimetro_fuente": 4724.565 }, "geometry": { "type": "Polygon", "coordinates": [ [ [ -58.584773380158218, -34.480017921550996 ], [ -58.583557363119134, -34.481117943295885 ], [ -58.582855567372889, -34.480500347398156 ], [ -58.581962529034122, -34.481205911421533 ], [ -58.58122230430839, -34.48056636737342 ], [ -58.580990564151321, -34.480752961172875 ], [ -58.580924353572335, -34.480806273870691 ], [ -58.580647936425059, -34.481059951049446 ], [ -58.581041461644944, -34.481925318839792 ], [ -58.581522897227828, -34.482742131126685 ], [ -58.581670528813227, -34.483023266549779 ], [ -58.581131711620031, -34.484630441620688 ], [ -58.58071610884398, -34.485127763162019 ], [ -58.580864431680453, -34.485054829060431 ], [ -58.580975257389348, -34.485069624901705 ], [ -58.58105368367552, -34.485139451873856 ], [ -58.581105084513659, -34.485238549389187 ], [ -58.581044533549004, -34.485326209209596 ], [ -58.58095692381476, -34.485404790817654 ], [ -58.580874241485681, -34.485478953438033 ], [ -58.580814083066073, -34.485610179507233 ], [ -58.580820311668283, -34.485663387007186 ], [ -58.580824837351727, -34.485717520253104 ], [ -58.580860486342253, -34.485862151864126 ], [ -58.580881184370284, -34.485925487443957 ], [ -58.580906866127165, -34.48601592169328 ], [ -58.580927563136015, -34.486079257252918 ], [ -58.58096412835701, -34.486169816992401 ], [ -58.581022307732255, -34.48626964223925 ], [ -58.581101796099333, -34.486396755710594 ], [ -58.581149550285943, -34.486469419040702 ], [ -58.581213324411905, -34.486560295571167 ], [ -58.581266596820058, -34.486628515234962 ], [ -58.581319869298554, -34.486696735778125 ], [ -58.581362411037432, -34.486755818108975 ], [ -58.581388779191037, -34.486805699043252 ], [ -58.581431321031936, -34.486864781351684 ], [ -58.581473710331743, -34.486932875470472 ], [ -58.581521159944053, -34.487023562313212 ], [ -58.581584171948485, -34.487159496882875 ], [ -58.581610388855545, -34.487218389609509 ], [ -58.581636529505872, -34.487281788243102 ], [ -58.581662517611953, -34.487354198695776 ], [ -58.581677698527592, -34.48742197689073 ], [ -58.581687361409585, -34.487494197825747 ], [ -58.581697253190917, -34.487552900122097 ], [ -58.581743559060207, -34.487711175565423 ], [ -58.581779439230331, -34.487842289186446 ], [ -58.581804587392448, -34.487964264629461 ], [ -58.58183365284787, -34.488176420581901 ], [ -58.581844746925135, -34.488288214271364 ], [ -58.582826766141487, -34.488210211990292 ], [ -58.584132995122609, -34.488113608288984 ], [ -58.585474952356883, -34.488032304602683 ], [ -58.586799168220757, -34.487935880541059 ], [ -58.589048098263184, -34.487696599197207 ], [ -58.589869016347691, -34.487576161603599 ], [ -58.592938899159442, -34.487183532540499 ], [ -58.595885253242116, -34.486991182474711 ], [ -58.595977838803925, -34.48698773962996 ], [ -58.597631520487411, -34.486865574511903 ], [ -58.597876744664582, -34.486847457458587 ], [ -58.599135754133464, -34.486753015381929 ], [ -58.599115713846665, -34.486363410695446 ], [ -58.598085410872315, -34.486432396899794 ], [ -58.597505489955722, -34.486412451856168 ], [ -58.597143423359071, -34.486399184299636 ], [ -58.596819047075172, -34.486388838986976 ], [ -58.596390847213641, -34.486374108428983 ], [ -58.595645082676306, -34.486348449125394 ], [ -58.595604267451577, -34.486433828379369 ], [ -58.595403895579452, -34.486586223976524 ], [ -58.595084184302898, -34.486646247398745 ], [ -58.594712890213735, -34.486669277021811 ], [ -58.594187005502029, -34.486572227724686 ], [ -58.593936502286205, -34.486437395809091 ], [ -58.593909266241361, -34.486288706568182 ], [ -58.592611303275874, -34.485585809354468 ], [ -58.592339555092039, -34.485444236091801 ], [ -58.590613589681226, -34.484587221776479 ], [ -58.588112653024204, -34.483345327334384 ], [ -58.588059361233626, -34.483318863198811 ], [ -58.586150860394454, -34.482242202305009 ], [ -58.585980315980464, -34.481966823516473 ], [ -58.585751255542597, -34.481596955386507 ], [ -58.585074054668183, -34.480503446052282 ], [ -58.584879810207454, -34.480189783618066 ], [ -58.584773380158218, -34.480017921550996 ] ] ] } },
{ "type": "Feature", "properties": { "radio_id": "067562104", "prov": "06", "depto": "756", "partido": "SAN ISIDRO", "fraccion": "21", "radio": "04", "tipo_radio": "U", "area_fuente": 219207.054, "perimetro_fuente": 1912.252 }, "geometry": { "type": "Polygon", "coordinates": [ [ [ -58.575481684349676, -34.484023884597057 ], [ -58.576124864314245, -34.484608250508671 ], [ -58.576886207732088, -34.484004197908668 ], [ -58.577967430561429, -34.483151482913293 ], [ -58.57886102343754, -34.482449806090472 ], [ -58.579611063929832, -34.481868138323875 ], [ -58.580647936425059, -34.481059951049446 ], [ -58.579994096868766, -34.480461964305611 ], [ -58.579458217526657, -34.479969001959347 ], [ -58.579211740183489, -34.479740796230296 ], [ -58.578900886271697, -34.479457760618466 ], [ -58.578418820259579, -34.479001474044971 ], [ -58.578365172634633, -34.478955781892658 ], [ -58.577882806529644, -34.47851751695795 ], [ -58.577386828223098, -34.478881300448677 ], [ -58.576515486784679, -34.479556184728011 ], [ -58.57559890932864, -34.480269309913794 ], [ -58.575202852713829, -34.480577447955589 ], [ -58.574826376925607, -34.480870173554443 ], [ -58.573912258939927, -34.481580925642049 ], [ -58.573294541077722, -34.482060447655329 ], [ -58.574656263500934, -34.483275145857732 ], [ -58.575481684349676, -34.484023884597057 ] ] ] } },
{ "type": "Feature", "properties": { "radio_id": "067562105", "prov": "06", "depto": "756", "partido": "SAN ISIDRO", "fraccion": "21", "radio": "05", "tipo_radio": "U", "area_fuente": 370284.596, "perimetro_fuente": 3257.452 }, "geometry": { "type": "Polygon", "coordinates": [ [ [ -58.570205692104629, -34.48446701856367 ], [ -58.571342546495558, -34.485462795552209 ], [ -58.571375657188945, -34.485436141952263 ], [ -58.571911982359865, -34.485902103648243 ], [ -58.572469465913272, -34.486404364579471 ], [ -58.573113102465008, -34.486961710687808 ], [ -58.572354851017749, -34.487564458921497 ], [ -58.572230295874775, -34.487663469740639 ], [ -58.571336745713815, -34.488356082031984 ], [ -58.570398875971172, -34.489093236824324 ], [ -58.570123092894853, -34.489306335400023 ], [ -58.570013640394414, -34.489341107793862 ], [ -58.56999187295991, -34.489340853020238 ], [ -58.569696319930507, -34.489436542716263 ], [ -58.56946668539868, -34.489496949226933 ], [ -58.569363136002089, -34.48950475032327 ], [ -58.568613982420942, -34.489707793819406 ], [ -58.568345868182874, -34.489790281307108 ], [ -58.568834836107172, -34.490127477916722 ], [ -58.569781676545603, -34.489856672312399 ], [ -58.570547077645706, -34.489658318520888 ], [ -58.571203023028595, -34.489494733302863 ], [ -58.571857679990352, -34.489352681831257 ], [ -58.572660694310663, -34.489220519194397 ], [ -58.573653372413268, -34.489045866346892 ], [ -58.574835015845743, -34.488869685327955 ], [ -58.577862815418179, -34.488592072994081 ], [ -58.578628907757498, -34.488432120907156 ], [ -58.579077940701715, -34.488317593881469 ], [ -58.578983093777389, -34.48812349448712 ], [ -58.578740219402512, -34.487101886690205 ], [ -58.578647230846478, -34.486710741775006 ], [ -58.578298872735736, -34.486391213053267 ], [ -58.57828231826506, -34.486404540813325 ], [ -58.578260398572198, -34.486413299343837 ], [ -58.578238555347504, -34.486417551964145 ], [ -58.578216788594503, -34.486417298674311 ], [ -58.578195098316726, -34.486412539474493 ], [ -58.57817348451762, -34.486403274364839 ], [ -58.578151947200581, -34.486389503345414 ], [ -58.57814137082741, -34.486371353081942 ], [ -58.578130869833316, -34.486348697800089 ], [ -58.578131252224139, -34.486326168269883 ], [ -58.578136999817431, -34.486308207972115 ], [ -58.578148112610805, -34.486294816905975 ], [ -58.577686783819068, -34.485897356226602 ], [ -58.577603233387329, -34.485834345746731 ], [ -58.576860482888641, -34.485198196612103 ], [ -58.576124864314245, -34.484608250508671 ], [ -58.575481684349676, -34.484023884597057 ], [ -58.574656263500934, -34.483275145857732 ], [ -58.573294541077722, -34.482060447655329 ], [ -58.572676662635864, -34.482548978129074 ], [ -58.571893691167354, -34.483143738921406 ], [ -58.571882654636021, -34.483152623514705 ], [ -58.571772289209498, -34.483241468487726 ], [ -58.570955732486951, -34.483889911961867 ], [ -58.570205692104629, -34.48446701856367 ] ] ] } },
{ "type": "Feature", "properties": { "radio_id": "067562106", "prov": "06", "depto": "756", "partido": "SAN ISIDRO", "fraccion": "21", "radio": "06", "tipo_radio": "U", "area_fuente": 402842.192, "perimetro_fuente": 2665.282 }, "geometry": { "type": "Polygon", "coordinates": [ [ [ -58.567963895563587, -34.481249962759065 ], [ -58.567127107014514, -34.481808007753138 ], [ -58.566759036200708, -34.482326476882143 ], [ -58.566457492498884, -34.482773617596436 ], [ -58.566022419007396, -34.4833904484654 ], [ -58.565453195009582, -34.484213014058646 ], [ -58.565112697586919, -34.484709268450864 ], [ -58.564471247600117, -34.48561660978514 ], [ -58.564208197266964, -34.485721680885916 ], [ -58.564454805154554, -34.485940904343494 ], [ -58.564958598283248, -34.48639750027229 ], [ -58.565156697055556, -34.486589111861853 ], [ -58.566244850457707, -34.48756633648641 ], [ -58.566090322295103, -34.487690712148982 ], [ -58.566209269393774, -34.487737175935436 ], [ -58.566316561953172, -34.487828570716729 ], [ -58.566468158819823, -34.487875417372067 ], [ -58.566597141783518, -34.487971573190869 ], [ -58.566731335523862, -34.488081310363548 ], [ -58.566843454163624, -34.488208814697458 ], [ -58.566939401939266, -34.488327116586937 ], [ -58.566996100094549, -34.488512559856694 ], [ -58.567032111480671, -34.488634665461866 ], [ -58.567063451970036, -34.488711647507102 ], [ -58.567685763580037, -34.48924173095741 ], [ -58.568345868182874, -34.489790281307108 ], [ -58.568613982420942, -34.489707793819406 ], [ -58.569363136002089, -34.48950475032327 ], [ -58.56946668539868, -34.489496949226933 ], [ -58.569696319930507, -34.489436542716263 ], [ -58.56999187295991, -34.489340853020238 ], [ -58.570013640394414, -34.489341107793862 ], [ -58.570123092894853, -34.489306335400023 ], [ -58.570398875971172, -34.489093236824324 ], [ -58.571336745713815, -34.488356082031984 ], [ -58.572230295874775, -34.487663469740639 ], [ -58.572354851017749, -34.487564458921497 ], [ -58.573113102465008, -34.486961710687808 ], [ -58.572469465913272, -34.486404364579471 ], [ -58.571911982359865, -34.485902103648243 ], [ -58.571375657188945, -34.485436141952263 ], [ -58.571342546495558, -34.485462795552209 ], [ -58.570205692104629, -34.48446701856367 ], [ -58.570955732486951, -34.483889911961867 ], [ -58.570097859560512, -34.483131748907255 ], [ -58.569239848227781, -34.482382592807888 ], [ -58.567963895563587, -34.481249962759065 ] ] ] } },
{ "type": "Feature", "properties": { "radio_id": "067562107", "prov": "06", "depto": "756", "partido": "SAN ISIDRO", "fraccion": "21", "radio": "07", "tipo_radio": "U", "area_fuente": 489612.885, "perimetro_fuente": 2930.674 }, "geometry": { "type": "Polygon", "coordinates": [ [ [ -58.558865613649772, -34.488682963399398 ], [ -58.557821608347929, -34.491687067635382 ], [ -58.558149024186676, -34.492446537638543 ], [ -58.558356258773486, -34.493406568867904 ], [ -58.558454878988847, -34.493953131012113 ], [ -58.561459593628982, -34.492839945390692 ], [ -58.563230259624653, -34.492146813097868 ], [ -58.564432964881227, -34.491713248413888 ], [ -58.566712335911483, -34.490864342266818 ], [ -58.568834836107172, -34.490127477916722 ], [ -58.568345868182874, -34.489790281307108 ], [ -58.567685763580037, -34.48924173095741 ], [ -58.567063451970036, -34.488711647507102 ], [ -58.567032111480671, -34.488634665461866 ], [ -58.566996100094549, -34.488512559856694 ], [ -58.566939401939266, -34.488327116586937 ], [ -58.566843454163624, -34.488208814697458 ], [ -58.566731335523862, -34.488081310363548 ], [ -58.566597141783518, -34.487971573190869 ], [ -58.566468158819823, -34.487875417372067 ], [ -58.566316561953172, -34.487828570716729 ], [ -58.566209269393774, -34.487737175935436 ], [ -58.566090322295103, -34.487690712148982 ], [ -58.566244850457707, -34.48756633648641 ], [ -58.565156697055556, -34.486589111861853 ], [ -58.564958598283248, -34.48639750027229 ], [ -58.564454805154554, -34.485940904343494 ], [ -58.564208197266964, -34.485721680885916 ], [ -58.562597853555623, -34.486315668646284 ], [ -58.56217062232691, -34.486472885081234 ], [ -58.561316463604442, -34.486769291635326 ], [ -58.561019054114176, -34.486973100396099 ], [ -58.560765330477793, -34.487168410353682 ], [ -58.560610640340428, -34.487301790648573 ], [ -58.560467143931625, -34.487417276395121 ], [ -58.559666088534442, -34.488106385030122 ], [ -58.559569411066306, -34.488318096968378 ], [ -58.559392748780532, -34.488483984502714 ], [ -58.559167407868259, -34.488618986004902 ], [ -58.558865613649772, -34.488682963399398 ] ] ] } },
{ "type": "Feature", "properties": { "radio_id": "067562108", "prov": "06", "depto": "756", "partido": "SAN ISIDRO", "fraccion": "21", "radio": "08", "tipo_radio": "U", "area_fuente": 664626.215, "perimetro_fuente": 5101.616 }, "geometry": { "type": "Polygon", "coordinates": [ [ [ -58.577862815418179, -34.488592072994081 ], [ -58.574835015845743, -34.488869685327955 ], [ -58.573653372413268, -34.489045866346892 ], [ -58.572660694310663, -34.489220519194397 ], [ -58.571857679990352, -34.489352681831257 ], [ -58.571203023028595, -34.489494733302863 ], [ -58.570547077645706, -34.489658318520888 ], [ -58.569781676545603, -34.489856672312399 ], [ -58.568834836107172, -34.490127477916722 ], [ -58.566712335911483, -34.490864342266818 ], [ -58.564432964881227, -34.491713248413888 ], [ -58.563230259624653, -34.492146813097868 ], [ -58.563688083553757, -34.492565865732232 ], [ -58.562855480538751, -34.492871548102563 ], [ -58.562450525554326, -34.492997480404249 ], [ -58.562957269276211, -34.493918316689673 ], [ -58.562933645101793, -34.494026201521201 ], [ -58.562942132557858, -34.494166011534958 ], [ -58.562961659011741, -34.494296936934397 ], [ -58.562997665563195, -34.49441904351918 ], [ -58.563066326381254, -34.494541534174878 ], [ -58.563172696194179, -34.494687001294565 ], [ -58.563757062945406, -34.494256715919782 ], [ -58.565204906294156, -34.495531118636272 ], [ -58.565381373986327, -34.495397987631037 ], [ -58.565853808346866, -34.495782103273406 ], [ -58.56580965286588, -34.495817639155888 ], [ -58.565765343006312, -34.49586218677058 ], [ -58.565693281502348, -34.495937956012938 ], [ -58.5656540279114, -34.496005096851142 ], [ -58.565625813184333, -34.4960633537248 ], [ -58.565586096391463, -34.496157529781954 ], [ -58.565557032566446, -34.496265350348793 ], [ -58.565555025803839, -34.49638250307099 ], [ -58.565564366755119, -34.496472748353561 ], [ -58.565579458770657, -34.496545034041574 ], [ -58.565610569048197, -34.496635534926035 ], [ -58.565647507630125, -34.496703569432064 ], [ -58.56568996576339, -34.496767162852549 ], [ -58.565737866294988, -34.496830820154727 ], [ -58.565785921243233, -34.496885465691385 ], [ -58.565828611081507, -34.496935541444842 ], [ -58.565904109375886, -34.496976988769767 ], [ -58.56597945233267, -34.497027447785428 ], [ -58.566060470295795, -34.497064453027633 ], [ -58.566141565485836, -34.497096952343192 ], [ -58.566233622600599, -34.497125073479666 ], [ -58.566331276424542, -34.497144246668121 ], [ -58.566401795644609, -34.497158594575794 ], [ -58.566472546299188, -34.497159424817916 ], [ -58.566526968793085, -34.497160063425106 ], [ -58.566625085501869, -34.497152201129069 ], [ -58.566767049539273, -34.497126826059258 ], [ -58.566865474653468, -34.497100940065025 ], [ -58.566942130294159, -34.497074798623231 ], [ -58.567013497749876, -34.497039581540648 ], [ -58.567101422412719, -34.496991038278388 ], [ -58.567173021026136, -34.496942303468792 ], [ -58.567687932290276, -34.497390005274482 ], [ -58.569751853611834, -34.495746680290154 ], [ -58.57064020912739, -34.495045007250383 ], [ -58.571846084926463, -34.494082307486636 ], [ -58.572750908890256, -34.49337635014048 ], [ -58.574022787418713, -34.492353429398783 ], [ -58.57404486253477, -34.492335659899361 ], [ -58.574685342441136, -34.491802319864306 ], [ -58.575226325281825, -34.491357951847462 ], [ -58.575623818771, -34.491029085099875 ], [ -58.575701079226249, -34.490966890747465 ], [ -58.575999081676862, -34.490726997742584 ], [ -58.576076494761899, -34.490655792239544 ], [ -58.576186712644244, -34.490575954508508 ], [ -58.576583893449978, -34.490265108022371 ], [ -58.576771521256923, -34.490114062913264 ], [ -58.576992107168543, -34.489945374207018 ], [ -58.577179734597742, -34.489794329341059 ], [ -58.577753495524036, -34.489341317773601 ], [ -58.578051333342614, -34.489110431218315 ], [ -58.578465525600869, -34.489079197600603 ], [ -58.579234279285188, -34.489002510534966 ], [ -58.579523231598763, -34.488974322767838 ], [ -58.579925012419864, -34.489033074890393 ], [ -58.580428650669312, -34.48911027024301 ], [ -58.581293077363718, -34.489242760562476 ], [ -58.581379842182763, -34.489261795219832 ], [ -58.581444686899196, -34.489289588904057 ], [ -58.581498418974149, -34.489330773923648 ], [ -58.581530307261467, -34.489376211211471 ], [ -58.581550853966633, -34.489448558497259 ], [ -58.58166431815723, -34.489819432132236 ], [ -58.581766900487246, -34.490190180237306 ], [ -58.58210464224814, -34.491421943476318 ], [ -58.58217333695832, -34.490679249217102 ], [ -58.582086609352636, -34.490534449793778 ], [ -58.582076857087529, -34.490413906011227 ], [ -58.582061536710412, -34.490402163768898 ], [ -58.581988006024993, -34.490250074010682 ], [ -58.581995495519067, -34.490107326146017 ], [ -58.582007824989375, -34.490085464361542 ], [ -58.582089648712689, -34.489940378470827 ], [ -58.582052603827002, -34.489775295440957 ], [ -58.582051533364286, -34.489774352814642 ], [ -58.582054203053382, -34.489616645921728 ], [ -58.582051278274378, -34.489467887690388 ], [ -58.582037164603065, -34.489337027688421 ], [ -58.58201738027342, -34.489219621358515 ], [ -58.582002503919803, -34.489133819564259 ], [ -58.581992459235416, -34.489084128219417 ], [ -58.581972598736613, -34.488971227792184 ], [ -58.581958027567204, -34.488867403245855 ], [ -58.581942464802395, -34.488822154647615 ], [ -58.581910957912093, -34.488754187003742 ], [ -58.581882960084329, -34.488478947413427 ], [ -58.581844746925135, -34.488288214271364 ], [ -58.577862815418179, -34.488592072994081 ] ] ] } },
{ "type": "Feature", "properties": { "radio_id": "067562109", "prov": "06", "depto": "756", "partido": "SAN ISIDRO", "fraccion": "21", "radio": "09", "tipo_radio": "U", "area_fuente": 481398.461, "perimetro_fuente": 3426.024 }, "geometry": { "type": "Polygon", "coordinates": [ [ [ -58.558454878988847, -34.493953131012113 ], [ -58.558598573437024, -34.49461736950682 ], [ -58.558825994604454, -34.495492087607438 ], [ -58.55900017464338, -34.49612508997798 ], [ -58.559072179774752, -34.4963693042763 ], [ -58.559081978909973, -34.496432514713696 ], [ -58.559113082066119, -34.496523017077834 ], [ -58.559428008123966, -34.49751821988594 ], [ -58.559721327656966, -34.498504152640088 ], [ -58.559865345034673, -34.498992581256957 ], [ -58.55994808482199, -34.499245935996385 ], [ -58.560040625241456, -34.499562500137401 ], [ -58.560256657645674, -34.500295142908087 ], [ -58.560338779977066, -34.500584543374622 ], [ -58.560431633067907, -34.500883083784714 ], [ -58.560943981728556, -34.502745907413221 ], [ -58.56096606235527, -34.502728140444809 ], [ -58.561910231456679, -34.501955082746441 ], [ -58.562489291305354, -34.501520235428266 ], [ -58.562500486019644, -34.501502340066892 ], [ -58.564244616855603, -34.500107727878877 ], [ -58.564255656472554, -34.500098844075652 ], [ -58.564950992067793, -34.499548174946369 ], [ -58.565999420237915, -34.498722227642631 ], [ -58.567687932290276, -34.497390005274482 ], [ -58.567173021026136, -34.496942303468792 ], [ -58.567101422412719, -34.496991038278388 ], [ -58.567013497749876, -34.497039581540648 ], [ -58.566942130294159, -34.497074798623231 ], [ -58.566865474653468, -34.497100940065025 ], [ -58.566767049539273, -34.497126826059258 ], [ -58.566625085501869, -34.497152201129069 ], [ -58.566526968793085, -34.497160063425106 ], [ -58.566472546299188, -34.497159424817916 ], [ -58.566401795644609, -34.497158594575794 ], [ -58.566331276424542, -34.497144246668121 ], [ -58.566233622600599, -34.497125073479666 ], [ -58.566141565485836, -34.497096952343192 ], [ -58.566060470295795, -34.497064453027633 ], [ -58.56597945233267, -34.497027447785428 ], [ -58.565904109375886, -34.496976988769767 ], [ -58.565828611081507, -34.496935541444842 ], [ -58.565785921243233, -34.496885465691385 ], [ -58.565737866294988, -34.496830820154727 ], [ -58.56568996576339, -34.496767162852549 ], [ -58.565647507630125, -34.496703569432064 ], [ -58.565610569048197, -34.496635534926035 ], [ -58.565579458770657, -34.496545034041574 ], [ -58.565564366755119, -34.496472748353561 ], [ -58.565555025803839, -34.49638250307099 ], [ -58.565557032566446, -34.496265350348793 ], [ -58.565586096391463, -34.496157529781954 ], [ -58.565625813184333, -34.4960633537248 ], [ -58.5656540279114, -34.496005096851142 ], [ -58.565693281502348, -34.495937956012938 ], [ -58.565765343006312, -34.49586218677058 ], [ -58.56580965286588, -34.495817639155888 ], [ -58.565853808346866, -34.495782103273406 ], [ -58.565381373986327, -34.495397987631037 ], [ -58.565204906294156, -34.495531118636272 ], [ -58.563757062945406, -34.494256715919782 ], [ -58.563172696194179, -34.494687001294565 ], [ -58.563066326381254, -34.494541534174878 ], [ -58.562997665563195, -34.49441904351918 ], [ -58.562961659011741, -34.494296936934397 ], [ -58.562942132557858, -34.494166011534958 ], [ -58.562933645101793, -34.494026201521201 ], [ -58.562957269276211, -34.493918316689673 ], [ -58.562450525554326, -34.492997480404249 ], [ -58.562855480538751, -34.492871548102563 ], [ -58.563688083553757, -34.492565865732232 ], [ -58.563230259624653, -34.492146813097868 ], [ -58.561459593628982, -34.492839945390692 ], [ -58.558454878988847, -34.493953131012113 ] ] ] } },
{ "type": "Feature", "properties": { "radio_id": "067562110", "prov": "06", "depto": "756", "partido": "SAN ISIDRO", "fraccion": "21", "radio": "10", "tipo_radio": "U", "area_fuente": 334106.186, "perimetro_fuente": 2715.657 }, "geometry": { "type": "Polygon", "coordinates": [ [ [ -58.557223345048676, -34.489938859862121 ], [ -58.555497432119729, -34.491229935622997 ], [ -58.555205511344091, -34.491429287803427 ], [ -58.554780961490422, -34.491744246586308 ], [ -58.554224244902436, -34.492147775349473 ], [ -58.553512889404644, -34.492680167120469 ], [ -58.553468730533531, -34.492715698468572 ], [ -58.55328696395997, -34.492839735837883 ], [ -58.552373150490176, -34.493432817025848 ], [ -58.551134164675894, -34.494253511061387 ], [ -58.551591926041269, -34.494633175980105 ], [ -58.552330224101745, -34.495186270174905 ], [ -58.553060314157833, -34.495739263673464 ], [ -58.552852686126677, -34.495997256963797 ], [ -58.552637840223611, -34.49639884832991 ], [ -58.552638645312669, -34.496401335690969 ], [ -58.552783719020397, -34.49684961769222 ], [ -58.552990700566632, -34.497106045891613 ], [ -58.553364743117776, -34.497389939763529 ], [ -58.554130645270057, -34.497701771950858 ], [ -58.554232950986425, -34.497727439204816 ], [ -58.554566671914614, -34.497673021071428 ], [ -58.554833972238136, -34.497615261853184 ], [ -58.555126404515867, -34.497484638161112 ], [ -58.555153903251352, -34.497463722079992 ], [ -58.555176915485738, -34.497441227838905 ], [ -58.555597759316989, -34.497089917040334 ], [ -58.555807365327219, -34.496930151321365 ], [ -58.556259538374285, -34.496592982106613 ], [ -58.557176311830268, -34.495828649737305 ], [ -58.557767167546785, -34.495339882180716 ], [ -58.557833405325944, -34.495286582826701 ], [ -58.558598573437024, -34.49461736950682 ], [ -58.558454878988847, -34.493953131012113 ], [ -58.558356258773486, -34.493406568867904 ], [ -58.558149024186676, -34.492446537638543 ], [ -58.557821608347929, -34.491687067635382 ], [ -58.558865613649772, -34.488682963399398 ], [ -58.558561904950103, -34.488695781720317 ], [ -58.558373451676523, -34.488807713159808 ], [ -58.558283203940576, -34.488972286842014 ], [ -58.558163972765968, -34.489048610063101 ], [ -58.557908065248846, -34.489370077003841 ], [ -58.557797366687296, -34.489476933042361 ], [ -58.55772009476356, -34.489539115786847 ], [ -58.557653706417241, -34.489601426966885 ], [ -58.55755420132175, -34.489690386899326 ], [ -58.557520929442617, -34.489726048308249 ], [ -58.557476774911173, -34.48976158121674 ], [ -58.55738877397409, -34.489814623506547 ], [ -58.557311501435663, -34.489876805973708 ], [ -58.557223345048676, -34.489938859862121 ] ] ] } },
{ "type": "Feature", "properties": { "radio_id": "067562111", "prov": "06", "depto": "756", "partido": "SAN ISIDRO", "fraccion": "21", "radio": "11", "tipo_radio": "U", "area_fuente": 171157.967, "perimetro_fuente": 2166.062 }, "geometry": { "type": "Polygon", "coordinates": [ [ [ -58.555153903251352, -34.497463722079992 ], [ -58.555359932279664, -34.497623409847833 ], [ -58.555853323877905, -34.498052879165947 ], [ -58.556293073209623, -34.498436644873152 ], [ -58.556539850298002, -34.498646871665521 ], [ -58.557226542799881, -34.499231849698162 ], [ -58.557591351573123, -34.499542618256228 ], [ -58.557907491961053, -34.499834783232352 ], [ -58.557987886938434, -34.499907840628879 ], [ -58.558705703938394, -34.50058331335245 ], [ -58.558770083972682, -34.500638153298048 ], [ -58.559380301751027, -34.501240244263379 ], [ -58.56003175967674, -34.501883199965427 ], [ -58.560226051865101, -34.502074953933054 ], [ -58.560515073910594, -34.502362285887486 ], [ -58.560943981728556, -34.502745907413221 ], [ -58.560431633067907, -34.500883083784714 ], [ -58.560338779977066, -34.500584543374622 ], [ -58.560256657645674, -34.500295142908087 ], [ -58.560040625241456, -34.499562500137401 ], [ -58.55994808482199, -34.499245935996385 ], [ -58.559865345034673, -34.498992581256957 ], [ -58.559721327656966, -34.498504152640088 ], [ -58.559428008123966, -34.49751821988594 ], [ -58.559113082066119, -34.496523017077834 ], [ -58.559081978909973, -34.496432514713696 ], [ -58.559072179774752, -34.4963693042763 ], [ -58.55900017464338, -34.49612508997798 ], [ -58.558825994604454, -34.495492087607438 ], [ -58.558598573437024, -34.49461736950682 ], [ -58.557833405325944, -34.495286582826701 ], [ -58.557767167546785, -34.495339882180716 ], [ -58.557176311830268, -34.495828649737305 ], [ -58.556259538374285, -34.496592982106613 ], [ -58.555807365327219, -34.496930151321365 ], [ -58.555597759316989, -34.497089917040334 ], [ -58.555176915485738, -34.497441227838905 ], [ -58.555153903251352, -34.497463722079992 ] ] ] } },
{ "type": "Feature", "properties": { "radio_id": "067562112", "prov": "06", "depto": "756", "partido": "SAN ISIDRO", "fraccion": "21", "radio": "12", "tipo_radio": "U", "area_fuente": 230426.505, "perimetro_fuente": 2480.012 }, "geometry": { "type": "Polygon", "coordinates": [ [ [ -58.576124864314245, -34.484608250508671 ], [ -58.576860482888641, -34.485198196612103 ], [ -58.577603233387329, -34.485834345746731 ], [ -58.577686783819068, -34.485897356226602 ], [ -58.578148112610805, -34.486294816905975 ], [ -58.578136999817431, -34.486308207972115 ], [ -58.578131252224139, -34.486326168269883 ], [ -58.578130869833316, -34.486348697800089 ], [ -58.57814137082741, -34.486371353081942 ], [ -58.578151947200581, -34.486389503345414 ], [ -58.57817348451762, -34.486403274364839 ], [ -58.578195098316726, -34.486412539474493 ], [ -58.578216788594503, -34.486417298674311 ], [ -58.578238555347504, -34.486417551964145 ], [ -58.578260398572198, -34.486413299343837 ], [ -58.57828231826506, -34.486404540813325 ], [ -58.578298872735736, -34.486391213053267 ], [ -58.578647230846478, -34.486710741775006 ], [ -58.578740219402512, -34.487101886690205 ], [ -58.578983093777389, -34.48812349448712 ], [ -58.579077940701715, -34.488317593881469 ], [ -58.578628907757498, -34.488432120907156 ], [ -58.577862815418179, -34.488592072994081 ], [ -58.581844746925135, -34.488288214271364 ], [ -58.58183365284787, -34.488176420581901 ], [ -58.581804587392448, -34.487964264629461 ], [ -58.581779439230331, -34.487842289186446 ], [ -58.581743559060207, -34.487711175565423 ], [ -58.581697253190917, -34.487552900122097 ], [ -58.581687361409585, -34.487494197825747 ], [ -58.581677698527592, -34.48742197689073 ], [ -58.581662517611953, -34.487354198695776 ], [ -58.581636529505872, -34.487281788243102 ], [ -58.581610388855545, -34.487218389609509 ], [ -58.581584171948485, -34.487159496882875 ], [ -58.581521159944053, -34.487023562313212 ], [ -58.581473710331743, -34.486932875470472 ], [ -58.581431321031936, -34.486864781351684 ], [ -58.581388779191037, -34.486805699043252 ], [ -58.581362411037432, -34.486755818108975 ], [ -58.581319869298554, -34.486696735778125 ], [ -58.581266596820058, -34.486628515234962 ], [ -58.581213324411905, -34.486560295571167 ], [ -58.581149550285943, -34.486469419040702 ], [ -58.581101796099333, -34.486396755710594 ], [ -58.581022307732255, -34.48626964223925 ], [ -58.58096412835701, -34.486169816992401 ], [ -58.580927563136015, -34.486079257252918 ], [ -58.580906866127165, -34.48601592169328 ], [ -58.580881184370284, -34.485925487443957 ], [ -58.580860486342253, -34.485862151864126 ], [ -58.580824837351727, -34.485717520253104 ], [ -58.580820311668283, -34.485663387007186 ], [ -58.580814083066073, -34.485610179507233 ], [ -58.580874241485681, -34.485478953438033 ], [ -58.58095692381476, -34.485404790817654 ], [ -58.581044533549004, -34.485326209209596 ], [ -58.581105084513659, -34.485238549389187 ], [ -58.58105368367552, -34.485139451873856 ], [ -58.580975257389348, -34.485069624901705 ], [ -58.580864431680453, -34.485054829060431 ], [ -58.58071610884398, -34.485127763162019 ], [ -58.581131711620031, -34.484630441620688 ], [ -58.581670528813227, -34.483023266549779 ], [ -58.581522897227828, -34.482742131126685 ], [ -58.581041461644944, -34.481925318839792 ], [ -58.580647936425059, -34.481059951049446 ], [ -58.579611063929832, -34.481868138323875 ], [ -58.57886102343754, -34.482449806090472 ], [ -58.577967430561429, -34.483151482913293 ], [ -58.576886207732088, -34.484004197908668 ], [ -58.576124864314245, -34.484608250508671 ] ] ] } },
{ "type": "Feature", "properties": { "radio_id": "067562113", "prov": "06", "depto": "756", "partido": "SAN ISIDRO", "fraccion": "21", "radio": "13", "tipo_radio": "U", "area_fuente": 222075.17, "perimetro_fuente": 1943.647 }, "geometry": { "type": "Polygon", "coordinates": [ [ [ -58.570097859560512, -34.483131748907255 ], [ -58.570955732486951, -34.483889911961867 ], [ -58.571772289209498, -34.483241468487726 ], [ -58.571882654636021, -34.483152623514705 ], [ -58.571893691167354, -34.483143738921406 ], [ -58.572676662635864, -34.482548978129074 ], [ -58.573294541077722, -34.482060447655329 ], [ -58.573912258939927, -34.481580925642049 ], [ -58.574826376925607, -34.480870173554443 ], [ -58.575202852713829, -34.480577447955589 ], [ -58.57559890932864, -34.480269309913794 ], [ -58.573861403937045, -34.478813163976909 ], [ -58.572756792372687, -34.477844827605487 ], [ -58.572049273894272, -34.478485539659808 ], [ -58.572016012666907, -34.478521205345054 ], [ -58.571773837991664, -34.478680618795785 ], [ -58.571102179280565, -34.479132458790453 ], [ -58.570606631058816, -34.479469178529428 ], [ -58.570441395822243, -34.479584422196446 ], [ -58.569538575852519, -34.480186779698087 ], [ -58.569527385633698, -34.480204675873608 ], [ -58.568966067671752, -34.480567659518186 ], [ -58.568371326067108, -34.48097531682653 ], [ -58.567963895563587, -34.481249962759065 ], [ -58.569239848227781, -34.482382592807888 ], [ -58.570097859560512, -34.483131748907255 ] ] ] } },
{ "type": "Feature", "properties": { "radio_id": "067562201", "prov": "06", "depto": "756", "partido": "SAN ISIDRO", "fraccion": "22", "radio": "01", "tipo_radio": "U", "area_fuente": 307785.876, "perimetro_fuente": 4657.612 }, "geometry": { "type": "Polygon", "coordinates": [ [ [ -58.589048098263184, -34.487696599197207 ], [ -58.586799168220757, -34.487935880541059 ], [ -58.58747395058468, -34.488088528606269 ], [ -58.588767659392865, -34.488189107689799 ], [ -58.589267547719388, -34.488239948661757 ], [ -58.588771355260661, -34.488292806829584 ], [ -58.587406823967477, -34.489473535210202 ], [ -58.587270148559384, -34.48959179704034 ], [ -58.586700033775699, -34.490085101297176 ], [ -58.585993120832342, -34.490689844696441 ], [ -58.585595476489502, -34.491023928647408 ], [ -58.585231169642498, -34.49133000176753 ], [ -58.585043400508091, -34.491490071068988 ], [ -58.584501705803653, -34.491979542964174 ], [ -58.584242590168635, -34.492220202314542 ], [ -58.58392659034125, -34.492513692925698 ], [ -58.58377192583734, -34.492647104009301 ], [ -58.58304259161892, -34.4932876239723 ], [ -58.582700147044491, -34.493581099282771 ], [ -58.582483789920822, -34.494786408025 ], [ -58.58221808967874, -34.496333657841831 ], [ -58.582924925720917, -34.495737950496711 ], [ -58.58366453029587, -34.495136900555629 ], [ -58.583717980319186, -34.495093463595744 ], [ -58.583929595035478, -34.494911338190057 ], [ -58.584415367081569, -34.494511357272337 ], [ -58.585187782893748, -34.493898368027772 ], [ -58.585973196223939, -34.493220148533709 ], [ -58.586679376054619, -34.492599650533776 ], [ -58.587429836290845, -34.491995406988728 ], [ -58.588224962332092, -34.491324071879298 ], [ -58.588793708459022, -34.490866117755182 ], [ -58.589902397892821, -34.489973379878748 ], [ -58.590051454184717, -34.489848909666804 ], [ -58.590421825869605, -34.489510667213388 ], [ -58.590954379448519, -34.488998204280769 ], [ -58.591277024795929, -34.488747004708642 ], [ -58.59183077051005, -34.488315870331206 ], [ -58.592096267377563, -34.488154213520552 ], [ -58.592608090300033, -34.48802036060254 ], [ -58.592913125385607, -34.487989201279447 ], [ -58.595184501010763, -34.487977236212323 ], [ -58.595351083100496, -34.487994078896435 ], [ -58.595472268644393, -34.488004607353872 ], [ -58.595615515413463, -34.488015389274402 ], [ -58.595824257916036, -34.488068033963224 ], [ -58.595986088974641, -34.488166044666684 ], [ -58.596341011143558, -34.488601114106274 ], [ -58.596518313604754, -34.488706408194822 ], [ -58.596645195446051, -34.488714165253043 ], [ -58.596766779643929, -34.488636570905612 ], [ -58.59686507774061, -34.4885154986411 ], [ -58.597151196814508, -34.488193530545985 ], [ -58.597320721249339, -34.488101799271902 ], [ -58.597497877892273, -34.488005937895366 ], [ -58.597906770202393, -34.48787130469762 ], [ -58.598872043375565, -34.487687313376448 ], [ -58.59929785638959, -34.487623813905579 ], [ -58.599356942099689, -34.487326725416054 ], [ -58.599135754133464, -34.486753015381929 ], [ -58.597876744664582, -34.486847457458587 ], [ -58.597631520487411, -34.486865574511903 ], [ -58.595977838803925, -34.48698773962996 ], [ -58.595885253242116, -34.486991182474711 ], [ -58.592938899159442, -34.487183532540499 ], [ -58.589869016347691, -34.487576161603599 ], [ -58.589048098263184, -34.487696599197207 ] ] ] } },
{ "type": "Feature", "properties": { "radio_id": "067562202", "prov": "06", "depto": "756", "partido": "SAN ISIDRO", "fraccion": "22", "radio": "02", "tipo_radio": "U", "area_fuente": 106419.903, "perimetro_fuente": 1629.322 }, "geometry": { "type": "Polygon", "coordinates": [ [ [ -58.582054203053382, -34.489616645921728 ], [ -58.582051533364286, -34.489774352814642 ], [ -58.582052603827002, -34.489775295440957 ], [ -58.582655759133885, -34.4897722276379 ], [ -58.582643709955896, -34.489839812394187 ], [ -58.582606178588982, -34.490127811075347 ], [ -58.582612876002102, -34.490184274206619 ], [ -58.583781333168446, -34.490011060661608 ], [ -58.587406823967477, -34.489473535210202 ], [ -58.588771355260661, -34.488292806829584 ], [ -58.589267547719388, -34.488239948661757 ], [ -58.588767659392865, -34.488189107689799 ], [ -58.58747395058468, -34.488088528606269 ], [ -58.586799168220757, -34.487935880541059 ], [ -58.585474952356883, -34.488032304602683 ], [ -58.584132995122609, -34.488113608288984 ], [ -58.582826766141487, -34.488210211990292 ], [ -58.581844746925135, -34.488288214271364 ], [ -58.581882960084329, -34.488478947413427 ], [ -58.581910957912093, -34.488754187003742 ], [ -58.581942464802395, -34.488822154647615 ], [ -58.581958027567204, -34.488867403245855 ], [ -58.581972598736613, -34.488971227792184 ], [ -58.581992459235416, -34.489084128219417 ], [ -58.582002503919803, -34.489133819564259 ], [ -58.58201738027342, -34.489219621358515 ], [ -58.582037164603065, -34.489337027688421 ], [ -58.582051278274378, -34.489467887690388 ], [ -58.582054203053382, -34.489616645921728 ] ] ] } },
{ "type": "Feature", "properties": { "radio_id": "067562203", "prov": "06", "depto": "756", "partido": "SAN ISIDRO", "fraccion": "22", "radio": "03", "tipo_radio": "U", "area_fuente": 41621.497, "perimetro_fuente": 1008.129 }, "geometry": { "type": "Polygon", "coordinates": [ [ [ -58.583781333168446, -34.490011060661608 ], [ -58.584242590168635, -34.492220202314542 ], [ -58.584501705803653, -34.491979542964174 ], [ -58.585043400508091, -34.491490071068988 ], [ -58.585231169642498, -34.49133000176753 ], [ -58.585595476489502, -34.491023928647408 ], [ -58.585993120832342, -34.490689844696441 ], [ -58.586700033775699, -34.490085101297176 ], [ -58.587270148559384, -34.48959179704034 ], [ -58.587406823967477, -34.489473535210202 ], [ -58.583781333168446, -34.490011060661608 ] ] ] } },
{ "type": "Feature", "properties": { "radio_id": "067562204", "prov": "06", "depto": "756", "partido": "SAN ISIDRO", "fraccion": "22", "radio": "04", "tipo_radio": "U", "area_fuente": 55922.682, "perimetro_fuente": 1100.846 }, "geometry": { "type": "Polygon", "coordinates": [ [ [ -58.581995495519067, -34.490107326146017 ], [ -58.581988006024993, -34.490250074010682 ], [ -58.582061536710412, -34.490402163768898 ], [ -58.582076857087529, -34.490413906011227 ], [ -58.582086609352636, -34.490534449793778 ], [ -58.58217333695832, -34.490679249217102 ], [ -58.58210464224814, -34.491421943476318 ], [ -58.58233058364177, -34.492260830136345 ], [ -58.582415989061815, -34.492541501109407 ], [ -58.582700147044491, -34.493581099282771 ], [ -58.58304259161892, -34.4932876239723 ], [ -58.58377192583734, -34.492647104009301 ], [ -58.58392659034125, -34.492513692925698 ], [ -58.584242590168635, -34.492220202314542 ], [ -58.583781333168446, -34.490011060661608 ], [ -58.582612876002102, -34.490184274206619 ], [ -58.582606178588982, -34.490127811075347 ], [ -58.582643709955896, -34.489839812394187 ], [ -58.582655759133885, -34.4897722276379 ], [ -58.582052603827002, -34.489775295440957 ], [ -58.582089648712689, -34.489940378470827 ], [ -58.582007824989375, -34.490085464361542 ], [ -58.581995495519067, -34.490107326146017 ] ] ] } },
{ "type": "Feature", "properties": { "radio_id": "067562205", "prov": "06", "depto": "756", "partido": "SAN ISIDRO", "fraccion": "22", "radio": "05", "tipo_radio": "U", "area_fuente": 165300.191, "perimetro_fuente": 1692.888 }, "geometry": { "type": "Polygon", "coordinates": [ [ [ -58.581550853966633, -34.489448558497259 ], [ -58.580872569976357, -34.489975464549296 ], [ -58.580293303247501, -34.490425445219763 ], [ -58.5792892648821, -34.491215981399087 ], [ -58.579068681097162, -34.491384674264076 ], [ -58.578483875646718, -34.49184657595702 ], [ -58.577876989422442, -34.492326245774237 ], [ -58.577491758804683, -34.492574141269898 ], [ -58.578144524012153, -34.493239729768781 ], [ -58.578861841024754, -34.493951134576534 ], [ -58.579193598300471, -34.494288494960415 ], [ -58.579606481850156, -34.49469164862824 ], [ -58.579717066794025, -34.494799626273164 ], [ -58.580403979888132, -34.495456302402495 ], [ -58.581320068680157, -34.494718818327172 ], [ -58.582700147044491, -34.493581099282771 ], [ -58.582415989061815, -34.492541501109407 ], [ -58.58233058364177, -34.492260830136345 ], [ -58.58210464224814, -34.491421943476318 ], [ -58.581766900487246, -34.490190180237306 ], [ -58.58166431815723, -34.489819432132236 ], [ -58.581550853966633, -34.489448558497259 ] ] ] } },
{ "type": "Feature", "properties": { "radio_id": "067562206", "prov": "06", "depto": "756", "partido": "SAN ISIDRO", "fraccion": "22", "radio": "06", "tipo_radio": "U", "area_fuente": 104233.902, "perimetro_fuente": 1611.017 }, "geometry": { "type": "Polygon", "coordinates": [ [ [ -58.580403979888132, -34.495456302402495 ], [ -58.580116704158961, -34.495705343281521 ], [ -58.579951143070907, -34.495838622656549 ], [ -58.579752470173794, -34.495998556700954 ], [ -58.5795318732563, -34.496167249973077 ], [ -58.579333044792598, -34.496336195978614 ], [ -58.578979690029875, -34.496629533507004 ], [ -58.578593218571484, -34.496949525386938 ], [ -58.578195860461022, -34.497269389285343 ], [ -58.577422750667701, -34.497918379119014 ], [ -58.578142242396495, -34.498503623360222 ], [ -58.57889439819504, -34.499089242525976 ], [ -58.579667355180661, -34.498449256184308 ], [ -58.579910186363492, -34.498253780534128 ], [ -58.580440147574876, -34.497818276397901 ], [ -58.580683126783065, -34.497613787283811 ], [ -58.581213233713655, -34.49716926685349 ], [ -58.58187578206703, -34.496618118508337 ], [ -58.58221808967874, -34.496333657841831 ], [ -58.582483789920822, -34.494786408025 ], [ -58.582700147044491, -34.493581099282771 ], [ -58.581320068680157, -34.494718818327172 ], [ -58.580403979888132, -34.495456302402495 ] ] ] } },
{ "type": "Feature", "properties": { "radio_id": "067562301", "prov": "06", "depto": "756", "partido": "SAN ISIDRO", "fraccion": "23", "radio": "01", "tipo_radio": "U", "area_fuente": 77907.291, "perimetro_fuente": 1376.185 }, "geometry": { "type": "Polygon", "coordinates": [ [ [ -58.556941787070187, -34.504192465725851 ], [ -58.55709592259381, -34.504321954271084 ], [ -58.557594392702498, -34.503919693941043 ], [ -58.55802070164399, -34.503575662519701 ], [ -58.558894502383509, -34.502851444634231 ], [ -58.558919177543544, -34.50274508660506 ], [ -58.559252100316527, -34.502497639524094 ], [ -58.56003175967674, -34.501883199965427 ], [ -58.559380301751027, -34.501240244263379 ], [ -58.558770083972682, -34.500638153298048 ], [ -58.558705703938394, -34.50058331335245 ], [ -58.557987886938434, -34.499907840628879 ], [ -58.557907491961053, -34.499834783232352 ], [ -58.557591351573123, -34.499542618256228 ], [ -58.557226542799881, -34.499231849698162 ], [ -58.556818364766443, -34.49954250225224 ], [ -58.556774203543455, -34.499578033799857 ], [ -58.556877926756997, -34.499876706099457 ], [ -58.557019857990596, -34.500540169652098 ], [ -58.557210422018265, -34.501430959274451 ], [ -58.557226228320424, -34.502409113332298 ], [ -58.557204869461501, -34.503911941702128 ], [ -58.556941787070187, -34.504192465725851 ] ] ] } },
{ "type": "Feature", "properties": { "radio_id": "067562302", "prov": "06", "depto": "756", "partido": "SAN ISIDRO", "fraccion": "23", "radio": "02", "tipo_radio": "U", "area_fuente": 53970.174, "perimetro_fuente": 1035.099 }, "geometry": { "type": "Polygon", "coordinates": [ [ [ -58.553993613591537, -34.506134031960677 ], [ -58.554648000774925, -34.506700614904823 ], [ -58.555324168760336, -34.507267452020763 ], [ -58.556229406874209, -34.506548060916785 ], [ -58.556428150197668, -34.506388166267655 ], [ -58.556516480304559, -34.506317102769046 ], [ -58.556925159433611, -34.50597941731742 ], [ -58.557709075343034, -34.505348716745445 ], [ -58.558014701067819, -34.505093807782089 ], [ -58.557793641897966, -34.504908100591081 ], [ -58.557596317587638, -34.504742332705803 ], [ -58.557397693307841, -34.50457547023467 ], [ -58.557303320522742, -34.504496189363564 ], [ -58.557206109207414, -34.504414522360477 ], [ -58.55709592259381, -34.504321954271084 ], [ -58.556941787070187, -34.504192465725851 ], [ -58.555372462666654, -34.505421182944389 ], [ -58.555130716925916, -34.505228110167955 ], [ -58.553993613591537, -34.506134031960677 ] ] ] } },
{ "type": "Feature", "properties": { "radio_id": "067562303", "prov": "06", "depto": "756", "partido": "SAN ISIDRO", "fraccion": "23", "radio": "03", "tipo_radio": "U", "area_fuente": 79742.484, "perimetro_fuente": 1260.695 }, "geometry": { "type": "Polygon", "coordinates": [ [ [ -58.553993613591537, -34.506134031960677 ], [ -58.552779193482372, -34.507102122261955 ], [ -58.551807668813112, -34.507874782500728 ], [ -58.550836126225775, -34.508647434463754 ], [ -58.55032787240394, -34.50907405143279 ], [ -58.551092834952534, -34.509542816751747 ], [ -58.551868535445315, -34.510020719090967 ], [ -58.552166519104489, -34.509789900065748 ], [ -58.553149105417305, -34.50900835495559 ], [ -58.554109746628797, -34.508235555353046 ], [ -58.55412078839165, -34.508226672531343 ], [ -58.555324168760336, -34.507267452020763 ], [ -58.554648000774925, -34.506700614904823 ], [ -58.553993613591537, -34.506134031960677 ] ] ] } },
{ "type": "Feature", "properties": { "radio_id": "067562304", "prov": "06", "depto": "756", "partido": "SAN ISIDRO", "fraccion": "23", "radio": "04", "tipo_radio": "U", "area_fuente": 66838.229, "perimetro_fuente": 1036.426 }, "geometry": { "type": "Polygon", "coordinates": [ [ [ -58.554071616501723, -34.509812467501142 ], [ -58.554940492265018, -34.510570871936018 ], [ -58.555409618328774, -34.51020236082838 ], [ -58.555922907445193, -34.5097983158715 ], [ -58.556530201238949, -34.509309751101149 ], [ -58.55713733260302, -34.508830194790853 ], [ -58.556257568839655, -34.508071677973881 ], [ -58.555324168760336, -34.507267452020763 ], [ -58.55412078839165, -34.508226672531343 ], [ -58.554109746628797, -34.508235555353046 ], [ -58.553149105417305, -34.50900835495559 ], [ -58.554071616501723, -34.509812467501142 ] ] ] } },
{ "type": "Feature", "properties": { "radio_id": "067562305", "prov": "06", "depto": "756", "partido": "SAN ISIDRO", "fraccion": "23", "radio": "05", "tipo_radio": "U", "area_fuente": 119840.34, "perimetro_fuente": 1478.283 }, "geometry": { "type": "Polygon", "coordinates": [ [ [ -58.558014701067819, -34.505093807782089 ], [ -58.557709075343034, -34.505348716745445 ], [ -58.556925159433611, -34.50597941731742 ], [ -58.556516480304559, -34.506317102769046 ], [ -58.556428150197668, -34.506388166267655 ], [ -58.556229406874209, -34.506548060916785 ], [ -58.555324168760336, -34.507267452020763 ], [ -58.556257568839655, -34.508071677973881 ], [ -58.55713733260302, -34.508830194790853 ], [ -58.557932315819514, -34.508190610595392 ], [ -58.558743925195508, -34.507533189206399 ], [ -58.559510971110406, -34.506933825549254 ], [ -58.560261832248187, -34.506325251665778 ], [ -58.561040129323793, -34.505703476758605 ], [ -58.560186954188538, -34.504981354341496 ], [ -58.559221512206747, -34.504140726819671 ], [ -58.558931410316077, -34.504370756325258 ], [ -58.55889963380308, -34.504395951953114 ], [ -58.558459855857734, -34.504744659600426 ], [ -58.558014701067819, -34.505093807782089 ] ] ] } },
{ "type": "Feature", "properties": { "radio_id": "067562306", "prov": "06", "depto": "756", "partido": "SAN ISIDRO", "fraccion": "23", "radio": "06", "tipo_radio": "U", "area_fuente": 119959.349, "perimetro_fuente": 1781.424 }, "geometry": { "type": "Polygon", "coordinates": [ [ [ -58.559221512206747, -34.504140726819671 ], [ -58.560186954188538, -34.504981354341496 ], [ -58.561040129323793, -34.505703476758605 ], [ -58.561903275090771, -34.506479791061317 ], [ -58.562772189278732, -34.507238141072264 ], [ -58.562782920559755, -34.507247280881167 ], [ -58.56349134388325, -34.507841492745044 ], [ -58.564192459938134, -34.508450193182533 ], [ -58.564575227581351, -34.508764601891443 ], [ -58.565491447008121, -34.508036256030614 ], [ -58.565590039861256, -34.508001359708445 ], [ -58.565467166097889, -34.507864714430305 ], [ -58.564686776455176, -34.507021794849408 ], [ -58.564606599553628, -34.506935224923978 ], [ -58.564493919474138, -34.506839258522085 ], [ -58.563986190268189, -34.506287972027522 ], [ -58.563761453072424, -34.506059991146564 ], [ -58.563600948546281, -34.505895860923246 ], [ -58.563194712207455, -34.505458433955539 ], [ -58.562446791321925, -34.50462940256741 ], [ -58.562436215153845, -34.504611251011184 ], [ -58.561754397706999, -34.503737926574949 ], [ -58.560943981728556, -34.502745907413221 ], [ -58.560196792985764, -34.503332316629191 ], [ -58.559972427088624, -34.50352764801351 ], [ -58.559829336471552, -34.503644474735161 ], [ -58.559740408487094, -34.503717078606627 ], [ -58.559221512206747, -34.504140726819671 ] ] ] } },
{ "type": "Feature", "properties": { "radio_id": "067562307", "prov": "06", "depto": "756", "partido": "SAN ISIDRO", "fraccion": "23", "radio": "07", "tipo_radio": "U", "area_fuente": 57789.72, "perimetro_fuente": 1228.787 }, "geometry": { "type": "Polygon", "coordinates": [ [ [ -58.55713733260302, -34.508830194790853 ], [ -58.557984453405325, -34.509588320915512 ], [ -58.558757199841686, -34.508975508604415 ], [ -58.55960722346925, -34.50830050865963 ], [ -58.560379945072491, -34.507687685346284 ], [ -58.561141615563336, -34.507083741196112 ], [ -58.561903275090771, -34.506479791061317 ], [ -58.561040129323793, -34.505703476758605 ], [ -58.560261832248187, -34.506325251665778 ], [ -58.559510971110406, -34.506933825549254 ], [ -58.558743925195508, -34.507533189206399 ], [ -58.557932315819514, -34.508190610595392 ], [ -58.55713733260302, -34.508830194790853 ] ] ] } },
{ "type": "Feature", "properties": { "radio_id": "067562308", "prov": "06", "depto": "756", "partido": "SAN ISIDRO", "fraccion": "23", "radio": "08", "tipo_radio": "U", "area_fuente": 118770.044, "perimetro_fuente": 1496.032 }, "geometry": { "type": "Polygon", "coordinates": [ [ [ -58.55713733260302, -34.508830194790853 ], [ -58.556530201238949, -34.509309751101149 ], [ -58.555922907445193, -34.5097983158715 ], [ -58.555409618328774, -34.51020236082838 ], [ -58.554940492265018, -34.510570871936018 ], [ -58.553969100084664, -34.511334536740506 ], [ -58.55305321488207, -34.512035756431828 ], [ -58.553911371433827, -34.512785027607684 ], [ -58.554801892466877, -34.513552701970241 ], [ -58.555707205994011, -34.512833317289079 ], [ -58.556678755043087, -34.51206062717614 ], [ -58.557650287258824, -34.511287928801266 ], [ -58.558864404974997, -34.510337814213244 ], [ -58.557995184440067, -34.509597461136153 ], [ -58.557984453405325, -34.509588320915512 ], [ -58.55713733260302, -34.508830194790853 ] ] ] } },
{ "type": "Feature", "properties": { "radio_id": "067562309", "prov": "06", "depto": "756", "partido": "SAN ISIDRO", "fraccion": "23", "radio": "09", "tipo_radio": "U", "area_fuente": 95881.932, "perimetro_fuente": 1636.662 }, "geometry": { "type": "Polygon", "coordinates": [ [ [ -58.561259589551128, -34.508455185972593 ], [ -58.561956969491938, -34.509058290080105 ], [ -58.561691984256939, -34.50927149492928 ], [ -58.561195286192074, -34.509662239725074 ], [ -58.560267971910655, -34.510399434280536 ], [ -58.560631470780756, -34.510791490561566 ], [ -58.560655673328554, -34.510857321285712 ], [ -58.560713667252656, -34.511015061898767 ], [ -58.560812304786019, -34.511283352856843 ], [ -58.560837186853199, -34.51135103211405 ], [ -58.561502326266115, -34.511161757773159 ], [ -58.562071831215313, -34.51097016594283 ], [ -58.562225538742965, -34.510905734021136 ], [ -58.56252150509976, -34.510781667955335 ], [ -58.563142087260047, -34.510291962637467 ], [ -58.564464469675357, -34.509248431559712 ], [ -58.564815872042168, -34.508985227485205 ], [ -58.565014919129439, -34.509157349686937 ], [ -58.56566546989702, -34.508682767153523 ], [ -58.565857598753489, -34.508590380938863 ], [ -58.565831386902858, -34.50853148514009 ], [ -58.565761367812222, -34.508351857715049 ], [ -58.565669369448109, -34.508137494445521 ], [ -58.565653735146228, -34.508096749905654 ], [ -58.565590039861256, -34.508001359708445 ], [ -58.565491447008121, -34.508036256030614 ], [ -58.564575227581351, -34.508764601891443 ], [ -58.564192459938134, -34.508450193182533 ], [ -58.56349134388325, -34.507841492745044 ], [ -58.562782920559755, -34.507247280881167 ], [ -58.562010451330906, -34.507846601495174 ], [ -58.561259589551128, -34.508455185972593 ] ] ] } },
{ "type": "Feature", "properties": { "radio_id": "067562310", "prov": "06", "depto": "756", "partido": "SAN ISIDRO", "fraccion": "23", "radio": "10", "tipo_radio": "U", "area_fuente": 171831.683, "perimetro_fuente": 2486.621 }, "geometry": { "type": "Polygon", "coordinates": [ [ [ -58.559583555281606, -34.510941189451977 ], [ -58.558369126020125, -34.511909333576021 ], [ -58.558324958701363, -34.511944866368637 ], [ -58.557397749220208, -34.512673026801927 ], [ -58.556678755043087, -34.51206062717614 ], [ -58.555707205994011, -34.512833317289079 ], [ -58.554801892466877, -34.513552701970241 ], [ -58.555491246815613, -34.51417786490655 ], [ -58.554958341785785, -34.514582092633518 ], [ -58.55483687371553, -34.514679804140577 ], [ -58.554494554187599, -34.514955171348255 ], [ -58.554031072801493, -34.515310224814272 ], [ -58.554008987330285, -34.515327990372931 ], [ -58.553766203363395, -34.515514399575565 ], [ -58.553479090092353, -34.515745349936545 ], [ -58.553565096272337, -34.515809463160878 ], [ -58.554225230868788, -34.516362596290499 ], [ -58.55462719393104, -34.516732400511216 ], [ -58.554789957377523, -34.516871032840179 ], [ -58.56252150509976, -34.510781667955335 ], [ -58.562225538742965, -34.510905734021136 ], [ -58.562071831215313, -34.51097016594283 ], [ -58.561502326266115, -34.511161757773159 ], [ -58.560837186853199, -34.51135103211405 ], [ -58.560812304786019, -34.511283352856843 ], [ -58.560713667252656, -34.511015061898767 ], [ -58.560655673328554, -34.510857321285712 ], [ -58.560631470780756, -34.510791490561566 ], [ -58.560267971910655, -34.510399434280536 ], [ -58.559583555281606, -34.510941189451977 ] ] ] } },
{ "type": "Feature", "properties": { "radio_id": "067562311", "prov": "06", "depto": "756", "partido": "SAN ISIDRO", "fraccion": "23", "radio": "11", "tipo_radio": "U", "area_fuente": 46741.298, "perimetro_fuente": 1006.034 }, "geometry": { "type": "Polygon", "coordinates": [ [ [ -58.557793641897966, -34.504908100591081 ], [ -58.558014701067819, -34.505093807782089 ], [ -58.558459855857734, -34.504744659600426 ], [ -58.55889963380308, -34.504395951953114 ], [ -58.558931410316077, -34.504370756325258 ], [ -58.559221512206747, -34.504140726819671 ], [ -58.559740408487094, -34.503717078606627 ], [ -58.559829336471552, -34.503644474735161 ], [ -58.559972427088624, -34.50352764801351 ], [ -58.560196792985764, -34.503332316629191 ], [ -58.560943981728556, -34.502745907413221 ], [ -58.560515073910594, -34.502362285887486 ], [ -58.560226051865101, -34.502074953933054 ], [ -58.56003175967674, -34.501883199965427 ], [ -58.559252100316527, -34.502497639524094 ], [ -58.558919177543544, -34.50274508660506 ], [ -58.558894502383509, -34.502851444634231 ], [ -58.55802070164399, -34.503575662519701 ], [ -58.557594392702498, -34.503919693941043 ], [ -58.55709592259381, -34.504321954271084 ], [ -58.557206109207414, -34.504414522360477 ], [ -58.557303320522742, -34.504496189363564 ], [ -58.557397693307841, -34.50457547023467 ], [ -58.557596317587638, -34.504742332705803 ], [ -58.557793641897966, -34.504908100591081 ] ] ] } },
{ "type": "Feature", "properties": { "radio_id": "067562312", "prov": "06", "depto": "756", "partido": "SAN ISIDRO", "fraccion": "23", "radio": "12", "tipo_radio": "U", "area_fuente": 56785.567, "perimetro_fuente": 953.045 }, "geometry": { "type": "Polygon", "coordinates": [ [ [ -58.552194916679298, -34.511295492083761 ], [ -58.55305321488207, -34.512035756431828 ], [ -58.553969100084664, -34.511334536740506 ], [ -58.554940492265018, -34.510570871936018 ], [ -58.554071616501723, -34.509812467501142 ], [ -58.553149105417305, -34.50900835495559 ], [ -58.552166519104489, -34.509789900065748 ], [ -58.551868535445315, -34.510020719090967 ], [ -58.551261365976018, -34.510500247237097 ], [ -58.552194916679298, -34.511295492083761 ] ] ] } },
{ "type": "Feature", "properties": { "radio_id": "067562313", "prov": "06", "depto": "756", "partido": "SAN ISIDRO", "fraccion": "23", "radio": "13", "tipo_radio": "U", "area_fuente": 58024.765, "perimetro_fuente": 1228.744 }, "geometry": { "type": "Polygon", "coordinates": [ [ [ -58.557995184440067, -34.509597461136153 ], [ -58.558864404974997, -34.510337814213244 ], [ -58.559592985593881, -34.509760529711826 ], [ -58.560487020806271, -34.509059002138258 ], [ -58.561259589551128, -34.508455185972593 ], [ -58.562010451330906, -34.507846601495174 ], [ -58.562782920559755, -34.507247280881167 ], [ -58.562772189278732, -34.507238141072264 ], [ -58.561903275090771, -34.506479791061317 ], [ -58.561141615563336, -34.507083741196112 ], [ -58.560379945072491, -34.507687685346284 ], [ -58.55960722346925, -34.50830050865963 ], [ -58.558757199841686, -34.508975508604415 ], [ -58.557984453405325, -34.509588320915512 ], [ -58.557995184440067, -34.509597461136153 ] ] ] } },
{ "type": "Feature", "properties": { "radio_id": "067562314", "prov": "06", "depto": "756", "partido": "SAN ISIDRO", "fraccion": "23", "radio": "14", "tipo_radio": "U", "area_fuente": 54656.19, "perimetro_fuente": 1347.512 }, "geometry": { "type": "Polygon", "coordinates": [ [ [ -58.556678755043087, -34.51206062717614 ], [ -58.557397749220208, -34.512673026801927 ], [ -58.558324958701363, -34.511944866368637 ], [ -58.558369126020125, -34.511909333576021 ], [ -58.559583555281606, -34.510941189451977 ], [ -58.560267971910655, -34.510399434280536 ], [ -58.561195286192074, -34.509662239725074 ], [ -58.561691984256939, -34.50927149492928 ], [ -58.561956969491938, -34.509058290080105 ], [ -58.561259589551128, -34.508455185972593 ], [ -58.560487020806271, -34.509059002138258 ], [ -58.559592985593881, -34.509760529711826 ], [ -58.558864404974997, -34.510337814213244 ], [ -58.557650287258824, -34.511287928801266 ], [ -58.556678755043087, -34.51206062717614 ] ] ] } },
{ "type": "Feature", "properties": { "radio_id": "067562401", "prov": "06", "depto": "756", "partido": "SAN ISIDRO", "fraccion": "24", "radio": "01", "tipo_radio": "U", "area_fuente": 90291.268, "perimetro_fuente": 1217.445 }, "geometry": { "type": "Polygon", "coordinates": [ [ [ -58.551261365976018, -34.510500247237097 ], [ -58.55023488645805, -34.511299282549167 ], [ -58.549230472953383, -34.512080543941714 ], [ -58.549316315897869, -34.512153671678831 ], [ -58.550185481992507, -34.512894085856566 ], [ -58.550571626778684, -34.513232168096437 ], [ -58.551032889903823, -34.513634234938166 ], [ -58.551891043710803, -34.514383520079484 ], [ -58.552431982458018, -34.513957284662048 ], [ -58.552895774359747, -34.513584213827308 ], [ -58.553911371433827, -34.512785027607684 ], [ -58.55305321488207, -34.512035756431828 ], [ -58.552194916679298, -34.511295492083761 ], [ -58.551261365976018, -34.510500247237097 ] ] ] } },
{ "type": "Feature", "properties": { "radio_id": "067562402", "prov": "06", "depto": "756", "partido": "SAN ISIDRO", "fraccion": "24", "radio": "02", "tipo_radio": "U", "area_fuente": 62067.59, "perimetro_fuente": 1224.511 }, "geometry": { "type": "Polygon", "coordinates": [ [ [ -58.548181554965105, -34.512915348795495 ], [ -58.547099643910983, -34.513767778795859 ], [ -58.546304683547156, -34.514398277746722 ], [ -58.547237602097866, -34.515229605591863 ], [ -58.548043607021718, -34.514590219347866 ], [ -58.549125677034468, -34.513728769476806 ], [ -58.549576205007767, -34.514121700698233 ], [ -58.549973083482108, -34.51446892579191 ], [ -58.551032889903823, -34.513634234938166 ], [ -58.550571626778684, -34.513232168096437 ], [ -58.550185481992507, -34.512894085856566 ], [ -58.549316315897869, -34.512153671678831 ], [ -58.549230472953383, -34.512080543941714 ], [ -58.548181554965105, -34.512915348795495 ] ] ] } },
{ "type": "Feature", "properties": { "radio_id": "067562403", "prov": "06", "depto": "756", "partido": "SAN ISIDRO", "fraccion": "24", "radio": "03", "tipo_radio": "U", "area_fuente": 70059.083, "perimetro_fuente": 1203.292 }, "geometry": { "type": "Polygon", "coordinates": [ [ [ -58.551032889903823, -34.513634234938166 ], [ -58.549973083482108, -34.51446892579191 ], [ -58.549576205007767, -34.514121700698233 ], [ -58.549125677034468, -34.513728769476806 ], [ -58.548043607021718, -34.514590219347866 ], [ -58.547237602097866, -34.515229605591863 ], [ -58.547709746423806, -34.515631814232627 ], [ -58.548085006056532, -34.515969775696909 ], [ -58.548954199349133, -34.516710198014579 ], [ -58.549749164063414, -34.516079683010155 ], [ -58.550842122799736, -34.515218347436786 ], [ -58.551250712896312, -34.514889695687849 ], [ -58.551891043710803, -34.514383520079484 ], [ -58.551032889903823, -34.513634234938166 ] ] ] } },
{ "type": "Feature", "properties": { "radio_id": "067562404", "prov": "06", "depto": "756", "partido": "SAN ISIDRO", "fraccion": "24", "radio": "04", "tipo_radio": "U", "area_fuente": 74416.265, "perimetro_fuente": 1495.965 }, "geometry": { "type": "Polygon", "coordinates": [ [ [ -58.549426204043208, -34.517121411995191 ], [ -58.549844714008259, -34.517477908859085 ], [ -58.550639679747817, -34.516847387247253 ], [ -58.551412547252482, -34.516234626062634 ], [ -58.551732639928773, -34.515986043829542 ], [ -58.552041844717053, -34.515737332541804 ], [ -58.552362089508946, -34.515479737778463 ], [ -58.552781563229885, -34.515151208955729 ], [ -58.553410844414692, -34.514653908785426 ], [ -58.553797180930609, -34.514352024390526 ], [ -58.554801892466877, -34.513552701970241 ], [ -58.553911371433827, -34.512785027607684 ], [ -58.552895774359747, -34.513584213827308 ], [ -58.552431982458018, -34.513957284662048 ], [ -58.551891043710803, -34.514383520079484 ], [ -58.551250712896312, -34.514889695687849 ], [ -58.550842122799736, -34.515218347436786 ], [ -58.549749164063414, -34.516079683010155 ], [ -58.548954199349133, -34.516710198014579 ], [ -58.549426204043208, -34.517121411995191 ] ] ] } },
{ "type": "Feature", "properties": { "radio_id": "067562405", "prov": "06", "depto": "756", "partido": "SAN ISIDRO", "fraccion": "24", "radio": "05", "tipo_radio": "U", "area_fuente": 64154.195, "perimetro_fuente": 1465.289 }, "geometry": { "type": "Polygon", "coordinates": [ [ [ -58.549844714008259, -34.517477908859085 ], [ -58.550692320939149, -34.518209049217234 ], [ -58.551487286539221, -34.517578523062504 ], [ -58.552447888032106, -34.516814752112623 ], [ -58.552569361996603, -34.516717043163368 ], [ -58.553035349582146, -34.516217808965145 ], [ -58.553323710993439, -34.515914766360901 ], [ -58.553479090092353, -34.515745349936545 ], [ -58.553766203363395, -34.515514399575565 ], [ -58.554008987330285, -34.515327990372931 ], [ -58.554031072801493, -34.515310224814272 ], [ -58.554494554187599, -34.514955171348255 ], [ -58.55483687371553, -34.514679804140577 ], [ -58.554958341785785, -34.514582092633518 ], [ -58.555491246815613, -34.51417786490655 ], [ -58.554801892466877, -34.513552701970241 ], [ -58.553797180930609, -34.514352024390526 ], [ -58.553410844414692, -34.514653908785426 ], [ -58.552781563229885, -34.515151208955729 ], [ -58.552362089508946, -34.515479737778463 ], [ -58.552041844717053, -34.515737332541804 ], [ -58.551732639928773, -34.515986043829542 ], [ -58.551412547252482, -34.516234626062634 ], [ -58.550639679747817, -34.516847387247253 ], [ -58.549844714008259, -34.517477908859085 ] ] ] } },
{ "type": "Feature", "properties": { "radio_id": "067562406", "prov": "06", "depto": "756", "partido": "SAN ISIDRO", "fraccion": "24", "radio": "06", "tipo_radio": "U", "area_fuente": 91313.242, "perimetro_fuente": 1668.656 }, "geometry": { "type": "Polygon", "coordinates": [ [ [ -58.553479090092353, -34.515745349936545 ], [ -58.553323710993439, -34.515914766360901 ], [ -58.553035349582146, -34.516217808965145 ], [ -58.552569361996603, -34.516717043163368 ], [ -58.552447888032106, -34.516814752112623 ], [ -58.551487286539221, -34.517578523062504 ], [ -58.550692320939149, -34.518209049217234 ], [ -58.54973168744673, -34.518972805379519 ], [ -58.548936539091599, -34.519612331845522 ], [ -58.548163621909353, -34.520225075784921 ], [ -58.549086359681127, -34.521020215728399 ], [ -58.549856034040182, -34.52044389165475 ], [ -58.550670999972041, -34.519814667070598 ], [ -58.551679450897197, -34.519059014113381 ], [ -58.552474417605644, -34.518428481632853 ], [ -58.55355649453422, -34.517566993122792 ], [ -58.553589468012781, -34.517549356610424 ], [ -58.55462719393104, -34.516732400511216 ], [ -58.554225230868788, -34.516362596290499 ], [ -58.553565096272337, -34.515809463160878 ], [ -58.553479090092353, -34.515745349936545 ] ] ] } },
{ "type": "Feature", "properties": { "radio_id": "067562407", "prov": "06", "depto": "756", "partido": "SAN ISIDRO", "fraccion": "24", "radio": "07", "tipo_radio": "U", "area_fuente": 74491.587, "perimetro_fuente": 1107.114 }, "geometry": { "type": "Polygon", "coordinates": [ [ [ -58.547305287973082, -34.519484777014611 ], [ -58.548163621909353, -34.520225075784921 ], [ -58.548936539091599, -34.519612331845522 ], [ -58.54973168744673, -34.518972805379519 ], [ -58.550692320939149, -34.518209049217234 ], [ -58.549844714008259, -34.517477908859085 ], [ -58.549426204043208, -34.517121411995191 ], [ -58.548954199349133, -34.516710198014579 ], [ -58.547993569295407, -34.517473940730795 ], [ -58.547198734586885, -34.51809543275585 ], [ -58.546414775527325, -34.518717047930174 ], [ -58.547305287973082, -34.519484777014611 ] ] ] } },
{ "type": "Feature", "properties": { "radio_id": "067562408", "prov": "06", "depto": "756", "partido": "SAN ISIDRO", "fraccion": "24", "radio": "08", "tipo_radio": "U", "area_fuente": 73079.631, "perimetro_fuente": 1098.676 }, "geometry": { "type": "Polygon", "coordinates": [ [ [ -58.546007318565152, -34.518351658475616 ], [ -58.546414775527325, -34.518717047930174 ], [ -58.547198734586885, -34.51809543275585 ], [ -58.547993569295407, -34.517473940730795 ], [ -58.548954199349133, -34.516710198014579 ], [ -58.548085006056532, -34.515969775696909 ], [ -58.547709746423806, -34.515631814232627 ], [ -58.547237602097866, -34.515229605591863 ], [ -58.546276973281159, -34.515993335003216 ], [ -58.545493028938786, -34.516614945705655 ], [ -58.544709228620221, -34.517227538470877 ], [ -58.545556629147654, -34.517967725834275 ], [ -58.546007318565152, -34.518351658475616 ] ] ] } },
{ "type": "Feature", "properties": { "radio_id": "067562409", "prov": "06", "depto": "756", "partido": "SAN ISIDRO", "fraccion": "24", "radio": "09", "tipo_radio": "U", "area_fuente": 86110.755, "perimetro_fuente": 1270.077 }, "geometry": { "type": "Polygon", "coordinates": [ [ [ -58.543540597909725, -34.518051861260943 ], [ -58.543582735480079, -34.51813348525765 ], [ -58.543671088937465, -34.518062430870977 ], [ -58.544709228620221, -34.517227538470877 ], [ -58.545493028938786, -34.516614945705655 ], [ -58.546276973281159, -34.515993335003216 ], [ -58.547237602097866, -34.515229605591863 ], [ -58.546304683547156, -34.514398277746722 ], [ -58.545693060329576, -34.513877227441391 ], [ -58.544732120417279, -34.514658968177521 ], [ -58.544555580323006, -34.514792067098007 ], [ -58.544080701768756, -34.51517398692954 ], [ -58.543782364271273, -34.515422807355137 ], [ -58.543760433484735, -34.515431559371166 ], [ -58.542799458775178, -34.516213283809144 ], [ -58.542766169796465, -34.516248940622674 ], [ -58.543091116249343, -34.516973896441833 ], [ -58.543132625285487, -34.517091566193301 ], [ -58.543540597909725, -34.518051861260943 ] ] ] } },
{ "type": "Feature", "properties": { "radio_id": "067562410", "prov": "06", "depto": "756", "partido": "SAN ISIDRO", "fraccion": "24", "radio": "10", "tipo_radio": "U", "area_fuente": 104234.618, "perimetro_fuente": 1334.42 }, "geometry": { "type": "Polygon", "coordinates": [ [ [ -58.54267179575487, -34.516040504946901 ], [ -58.542766169796465, -34.516248940622674 ], [ -58.542799458775178, -34.516213283809144 ], [ -58.543760433484735, -34.515431559371166 ], [ -58.543782364271273, -34.515422807355137 ], [ -58.544080701768756, -34.51517398692954 ], [ -58.544555580323006, -34.514792067098007 ], [ -58.544732120417279, -34.514658968177521 ], [ -58.545693060329576, -34.513877227441391 ], [ -58.545381885980241, -34.513612130088475 ], [ -58.545027794500463, -34.513310467580084 ], [ -58.544705895466521, -34.513036228171678 ], [ -58.544319462462703, -34.512716150371375 ], [ -58.543654058340294, -34.512158395028528 ], [ -58.543471496230758, -34.512012002863777 ], [ -58.542999392683669, -34.511609777735764 ], [ -58.542249067434867, -34.512177688254809 ], [ -58.542083415473378, -34.512310913619487 ], [ -58.542115604233828, -34.512338338353693 ], [ -58.541342550788457, -34.512960051887639 ], [ -58.541687833225993, -34.513766374958287 ], [ -58.542033122051656, -34.514572698019315 ], [ -58.542252641268824, -34.515098100483513 ], [ -58.542420395501338, -34.515469655265264 ], [ -58.54267179575487, -34.516040504946901 ] ] ] } },
{ "type": "Feature", "properties": { "radio_id": "067562411", "prov": "06", "depto": "756", "partido": "SAN ISIDRO", "fraccion": "24", "radio": "11", "tipo_radio": "U", "area_fuente": 70018.514, "perimetro_fuente": 1150.294 }, "geometry": { "type": "Polygon", "coordinates": [ [ [ -58.539925201205214, -34.518261336660473 ], [ -58.540106470014479, -34.518419150442782 ], [ -58.540738927480994, -34.517914762391307 ], [ -58.541761155457081, -34.517057171551926 ], [ -58.542268558606231, -34.516684662850253 ], [ -58.542766169796465, -34.516248940622674 ], [ -58.54267179575487, -34.516040504946901 ], [ -58.542420395501338, -34.515469655265264 ], [ -58.542252641268824, -34.515098100483513 ], [ -58.542033122051656, -34.514572698019315 ], [ -58.541470039967955, -34.5150166491132 ], [ -58.540377147743619, -34.515868886830233 ], [ -58.539349241471967, -34.516739917668389 ], [ -58.538702968395114, -34.517197226193417 ], [ -58.539451121340122, -34.517848594333159 ], [ -58.539853700678847, -34.518199087326877 ], [ -58.539925201205214, -34.518261336660473 ] ] ] } },
{ "type": "Feature", "properties": { "radio_id": "067562412", "prov": "06", "depto": "756", "partido": "SAN ISIDRO", "fraccion": "24", "radio": "12", "tipo_radio": "U", "area_fuente": 75862.836, "perimetro_fuente": 1162.222 }, "geometry": { "type": "Polygon", "coordinates": [ [ [ -58.544681857362455, -34.520679376194103 ], [ -58.544964695906437, -34.521322702819816 ], [ -58.545207673949882, -34.521127301494289 ], [ -58.546146441037543, -34.520372335265407 ], [ -58.546245524776076, -34.520310420280602 ], [ -58.546333565261712, -34.520257387264735 ], [ -58.547305287973082, -34.519484777014611 ], [ -58.546414775527325, -34.518717047930174 ], [ -58.546007318565152, -34.518351658475616 ], [ -58.545556629147654, -34.517967725834275 ], [ -58.544709228620221, -34.517227538470877 ], [ -58.543671088937465, -34.518062430870977 ], [ -58.543582735480079, -34.51813348525765 ], [ -58.543854513324895, -34.518785696975677 ], [ -58.544032856469101, -34.51917540277416 ], [ -58.54424198114814, -34.519673637204505 ], [ -58.544493562317669, -34.520235471760358 ], [ -58.544681857362455, -34.520679376194103 ] ] ] } },
{ "type": "Feature", "properties": { "radio_id": "067562413", "prov": "06", "depto": "756", "partido": "SAN ISIDRO", "fraccion": "24", "radio": "13", "tipo_radio": "U", "area_fuente": 93070.947, "perimetro_fuente": 1261.487 }, "geometry": { "type": "Polygon", "coordinates": [ [ [ -58.545063883880466, -34.522674299065756 ], [ -58.5459976936597, -34.523474306196512 ], [ -58.546988740977419, -34.52266277033025 ], [ -58.547021716734996, -34.522645135678431 ], [ -58.548015550331719, -34.521854756407699 ], [ -58.548026594572093, -34.521845874217931 ], [ -58.549086359681127, -34.521020215728399 ], [ -58.548163621909353, -34.520225075784921 ], [ -58.547305287973082, -34.519484777014611 ], [ -58.546333565261712, -34.520257387264735 ], [ -58.546245524776076, -34.520310420280602 ], [ -58.546146441037543, -34.520372335265407 ], [ -58.545207673949882, -34.521127301494289 ], [ -58.544964695906437, -34.521322702819816 ], [ -58.544195569052675, -34.521932332937865 ], [ -58.545063883880466, -34.522674299065756 ] ] ] } },
{ "type": "Feature", "properties": { "radio_id": "067562414", "prov": "06", "depto": "756", "partido": "SAN ISIDRO", "fraccion": "24", "radio": "14", "tipo_radio": "U", "area_fuente": 59130.099, "perimetro_fuente": 1013.623 }, "geometry": { "type": "Polygon", "coordinates": [ [ [ -58.540697538477367, -34.51893330104965 ], [ -58.541586492553407, -34.519694978350202 ], [ -58.542627876161575, -34.51887471977745 ], [ -58.543582735480079, -34.51813348525765 ], [ -58.543540597909725, -34.518051861260943 ], [ -58.543132625285487, -34.517091566193301 ], [ -58.543091116249343, -34.516973896441833 ], [ -58.542766169796465, -34.516248940622674 ], [ -58.542268558606231, -34.516684662850253 ], [ -58.541761155457081, -34.517057171551926 ], [ -58.540738927480994, -34.517914762391307 ], [ -58.540106470014479, -34.518419150442782 ], [ -58.540697510594448, -34.518933276380046 ], [ -58.540697538477367, -34.51893330104965 ] ] ] } },
{ "type": "Feature", "properties": { "radio_id": "067562415", "prov": "06", "depto": "756", "partido": "SAN ISIDRO", "fraccion": "24", "radio": "15", "tipo_radio": "U", "area_fuente": 60187.454, "perimetro_fuente": 1070.793 }, "geometry": { "type": "Polygon", "coordinates": [ [ [ -58.544195569052675, -34.521932332937865 ], [ -58.544964695906437, -34.521322702819816 ], [ -58.544681857362455, -34.520679376194103 ], [ -58.544493562317669, -34.520235471760358 ], [ -58.54424198114814, -34.519673637204505 ], [ -58.544032856469101, -34.51917540277416 ], [ -58.543854513324895, -34.518785696975677 ], [ -58.543582735480079, -34.51813348525765 ], [ -58.542627876161575, -34.51887471977745 ], [ -58.541586492553407, -34.519694978350202 ], [ -58.542306051223541, -34.520311498632601 ], [ -58.542442560070242, -34.52042845829213 ], [ -58.543303890573824, -34.521166429763923 ], [ -58.544195569052675, -34.521932332937865 ] ] ] } },
{ "type": "Feature", "properties": { "radio_id": "067562501", "prov": "06", "depto": "756", "partido": "SAN ISIDRO", "fraccion": "25", "radio": "01", "tipo_radio": "U", "area_fuente": 267202.012, "perimetro_fuente": 2406.076 }, "geometry": { "type": "Polygon", "coordinates": [ [ [ -58.56252150509976, -34.510781667955335 ], [ -58.563048580827804, -34.511309338186017 ], [ -58.563402992449213, -34.511586646222405 ], [ -58.563843398262442, -34.511931237352421 ], [ -58.563681424641885, -34.512066711616839 ], [ -58.562673921681316, -34.512960569199102 ], [ -58.561668206102553, -34.513823040472907 ], [ -58.561428904570661, -34.514023413231193 ], [ -58.560662313679309, -34.514694514515305 ], [ -58.561457259343833, -34.515325811878313 ], [ -58.562252061080819, -34.515966116896806 ], [ -58.563068495788521, -34.516615684888343 ], [ -58.564074231972164, -34.515753202941696 ], [ -58.56458276768474, -34.515308505026447 ], [ -58.565080101921801, -34.514881700357151 ], [ -58.566096838881151, -34.514010316671033 ], [ -58.5671130906643, -34.513165959045438 ], [ -58.567567006491593, -34.512729620846201 ], [ -58.567315444704938, -34.51215881903321 ], [ -58.567158470317672, -34.511787422456194 ], [ -58.567148200832506, -34.511751247817976 ], [ -58.567001960148829, -34.511388991397503 ], [ -58.566897107555675, -34.511153410004283 ], [ -58.566834720294501, -34.510981420693419 ], [ -58.566761601105931, -34.510800291876954 ], [ -58.56674059971958, -34.510754978631049 ], [ -58.566688636532646, -34.510610152189351 ], [ -58.566615517958653, -34.510429023290698 ], [ -58.566531668685229, -34.510238755770899 ], [ -58.566458550749722, -34.51005762678416 ], [ -58.566374546749024, -34.509876369980653 ], [ -58.566353854504946, -34.509813033210399 ], [ -58.566332544865119, -34.509785742459862 ], [ -58.566280274201183, -34.509658939316914 ], [ -58.566248850128623, -34.509586462113482 ], [ -58.566217426108487, -34.509513984902441 ], [ -58.566165310151597, -34.509378169982377 ], [ -58.566144772554523, -34.509305821447676 ], [ -58.5661138129527, -34.509206309031249 ], [ -58.566092966687819, -34.509151983048966 ], [ -58.566072120448815, -34.509097657063343 ], [ -58.566029964883377, -34.50901604027505 ], [ -58.565998695642548, -34.508934551280248 ], [ -58.565967272050237, -34.50886207491007 ], [ -58.565925425495408, -34.508762434626135 ], [ -58.565904733854261, -34.508699096882737 ], [ -58.565883887840762, -34.508644770866937 ], [ -58.565857598753489, -34.508590380938863 ], [ -58.56566546989702, -34.508682767153523 ], [ -58.565014919129439, -34.509157349686937 ], [ -58.564815872042168, -34.508985227485205 ], [ -58.564464469675357, -34.509248431559712 ], [ -58.563142087260047, -34.510291962637467 ], [ -58.56252150509976, -34.510781667955335 ] ] ] } },
{ "type": "Feature", "properties": { "radio_id": "067562502", "prov": "06", "depto": "756", "partido": "SAN ISIDRO", "fraccion": "25", "radio": "02", "tipo_radio": "U", "area_fuente": 105020.998, "perimetro_fuente": 2270.519 }, "geometry": { "type": "Polygon", "coordinates": [ [ [ -58.56252150509976, -34.510781667955335 ], [ -58.554789957377523, -34.516871032840179 ], [ -58.554895972601273, -34.516961330927771 ], [ -58.556306078479587, -34.515931902256781 ], [ -58.55742984030794, -34.515491923138974 ], [ -58.557706331268506, -34.515262437779924 ], [ -58.558130860579062, -34.514977405972132 ], [ -58.558477889653922, -34.514806612940276 ], [ -58.558941527851069, -34.514559268375585 ], [ -58.559354182322863, -34.514321618592675 ], [ -58.559639383796494, -34.514570627988661 ], [ -58.559638227922981, -34.514571481458525 ], [ -58.55989198981986, -34.514803205616779 ], [ -58.56030828972149, -34.514466875819664 ], [ -58.560595368786061, -34.514196119316821 ], [ -58.560984931983924, -34.513896790718817 ], [ -58.561152705171637, -34.513779128927773 ], [ -58.561428904570661, -34.514023413231193 ], [ -58.561668206102553, -34.513823040472907 ], [ -58.562673921681316, -34.512960569199102 ], [ -58.563681424641885, -34.512066711616839 ], [ -58.563843398262442, -34.511931237352421 ], [ -58.563402992449213, -34.511586646222405 ], [ -58.563048580827804, -34.511309338186017 ], [ -58.56252150509976, -34.510781667955335 ] ] ] } },
{ "type": "Feature", "properties": { "radio_id": "067562503", "prov": "06", "depto": "756", "partido": "SAN ISIDRO", "fraccion": "25", "radio": "03", "tipo_radio": "U", "area_fuente": 56213.04, "perimetro_fuente": 1581.304 }, "geometry": { "type": "Polygon", "coordinates": [ [ [ -58.56030828972149, -34.514466875819664 ], [ -58.55989198981986, -34.514803205616779 ], [ -58.559638227922981, -34.514571481458525 ], [ -58.559639383796494, -34.514570627988661 ], [ -58.559354182322863, -34.514321618592675 ], [ -58.558941527851069, -34.514559268375585 ], [ -58.558477889653922, -34.514806612940276 ], [ -58.558130860579062, -34.514977405972132 ], [ -58.557706331268506, -34.515262437779924 ], [ -58.55742984030794, -34.515491923138974 ], [ -58.556306078479587, -34.515931902256781 ], [ -58.554895972601273, -34.516961330927771 ], [ -58.554992066682416, -34.517043177644844 ], [ -58.55534095605168, -34.517328930604407 ], [ -58.555951214462056, -34.516860577372391 ], [ -58.556512544151744, -34.516428531413887 ], [ -58.55661163341059, -34.51636110151756 ], [ -58.556691116715548, -34.516308224721655 ], [ -58.556887851278923, -34.516280980636061 ], [ -58.557191293789614, -34.516280460066206 ], [ -58.557837954332001, -34.516226668710836 ], [ -58.558325847596485, -34.516637470414778 ], [ -58.558577439478086, -34.516425736098974 ], [ -58.558902062341623, -34.516164588258917 ], [ -58.559270735739851, -34.515857408816686 ], [ -58.559523894935005, -34.515672578295529 ], [ -58.559675179377798, -34.515546526366926 ], [ -58.55983323118312, -34.515414834959138 ], [ -58.560662313679309, -34.514694514515305 ], [ -58.561428904570661, -34.514023413231193 ], [ -58.561152705171637, -34.513779128927773 ], [ -58.560984931983924, -34.513896790718817 ], [ -58.560595368786061, -34.514196119316821 ], [ -58.56030828972149, -34.514466875819664 ] ] ] } },
{ "type": "Feature", "properties": { "radio_id": "067562504", "prov": "06", "depto": "756", "partido": "SAN ISIDRO", "fraccion": "25", "radio": "04", "tipo_radio": "U", "area_fuente": 189150.17, "perimetro_fuente": 1836.968 }, "geometry": { "type": "Polygon", "coordinates": [ [ [ -58.557934491928805, -34.520070437736315 ], [ -58.558558988331306, -34.520483418459513 ], [ -58.559410064823261, -34.51975435306214 ], [ -58.559841040735556, -34.519389882606788 ], [ -58.560261125360022, -34.519025282165096 ], [ -58.56112321454458, -34.518287321467326 ], [ -58.561631626478047, -34.517851648498784 ], [ -58.562051540688181, -34.517496053122144 ], [ -58.563068495788521, -34.516615684888343 ], [ -58.562252061080819, -34.515966116896806 ], [ -58.561457259343833, -34.515325811878313 ], [ -58.560662313679309, -34.514694514515305 ], [ -58.55983323118312, -34.515414834959138 ], [ -58.559675179377798, -34.515546526366926 ], [ -58.559523894935005, -34.515672578295529 ], [ -58.559270735739851, -34.515857408816686 ], [ -58.558902062341623, -34.516164588258917 ], [ -58.558577439478086, -34.516425736098974 ], [ -58.558325847596485, -34.516637470414778 ], [ -58.557484296158684, -34.517346986517687 ], [ -58.557047108147295, -34.517727958445278 ], [ -58.556440543019654, -34.518295156103854 ], [ -58.555932257593447, -34.518721795005007 ], [ -58.556804037146698, -34.519317977636923 ], [ -58.557686873270363, -34.51990527121383 ], [ -58.557934491928805, -34.520070437736315 ] ] ] } },
{ "type": "Feature", "properties": { "radio_id": "067562505", "prov": "06", "depto": "756", "partido": "SAN ISIDRO", "fraccion": "25", "radio": "05", "tipo_radio": "U", "area_fuente": 73914.149, "perimetro_fuente": 1208.213 }, "geometry": { "type": "Polygon", "coordinates": [ [ [ -58.562515966998816, -34.521521543899915 ], [ -58.56326290926156, -34.522098025970138 ], [ -58.564539620283725, -34.521002819268809 ], [ -58.563798294967839, -34.520409943274359 ], [ -58.563153700363863, -34.519897604696972 ], [ -58.562476914307553, -34.519357843296127 ], [ -58.561799982094534, -34.518827090015712 ], [ -58.56112321454458, -34.518287321467326 ], [ -58.560261125360022, -34.519025282165096 ], [ -58.559841040735556, -34.519389882606788 ], [ -58.560517808413074, -34.519929658183514 ], [ -58.561183853177681, -34.520460290226708 ], [ -58.561871527083461, -34.521000186928603 ], [ -58.562515966998816, -34.521521543899915 ] ] ] } },
{ "type": "Feature", "properties": { "radio_id": "067562506", "prov": "06", "depto": "756", "partido": "SAN ISIDRO", "fraccion": "25", "radio": "06", "tipo_radio": "U", "area_fuente": 52652.064, "perimetro_fuente": 1111.359 }, "geometry": { "type": "Polygon", "coordinates": [ [ [ -58.563798294967839, -34.520409943274359 ], [ -58.564539620283725, -34.521002819268809 ], [ -58.564720529150456, -34.520847626178146 ], [ -58.56544367050229, -34.520227267938601 ], [ -58.56471557970562, -34.519627538581886 ], [ -58.564060096513202, -34.519115076769154 ], [ -58.563394353874713, -34.51856643671394 ], [ -58.563104260755857, -34.518337685840315 ], [ -58.562717421876449, -34.518035688467656 ], [ -58.562051540688181, -34.517496053122144 ], [ -58.561631626478047, -34.517851648498784 ], [ -58.56112321454458, -34.518287321467326 ], [ -58.561799982094534, -34.518827090015712 ], [ -58.562476914307553, -34.519357843296127 ], [ -58.563153700363863, -34.519897604696972 ], [ -58.563798294967839, -34.520409943274359 ] ] ] } },
{ "type": "Feature", "properties": { "radio_id": "067562507", "prov": "06", "depto": "756", "partido": "SAN ISIDRO", "fraccion": "25", "radio": "07", "tipo_radio": "U", "area_fuente": 58659.013, "perimetro_fuente": 1137.054 }, "geometry": { "type": "Polygon", "coordinates": [ [ [ -58.56471557970562, -34.519627538581886 ], [ -58.56544367050229, -34.520227267938601 ], [ -58.566443052126495, -34.519361628858846 ], [ -58.565732533217847, -34.518747148392443 ], [ -58.565087938837742, -34.518234819915065 ], [ -58.564411152972205, -34.517695069117075 ], [ -58.564110481862123, -34.517448169209786 ], [ -58.563745263152896, -34.517155442773934 ], [ -58.563068495788521, -34.516615684888343 ], [ -58.562051540688181, -34.517496053122144 ], [ -58.562717421876449, -34.518035688467656 ], [ -58.563104260755857, -34.518337685840315 ], [ -58.563394353874713, -34.51856643671394 ], [ -58.564060096513202, -34.519115076769154 ], [ -58.56471557970562, -34.519627538581886 ] ] ] } },
{ "type": "Feature", "properties": { "radio_id": "067562508", "prov": "06", "depto": "756", "partido": "SAN ISIDRO", "fraccion": "25", "radio": "08", "tipo_radio": "U", "area_fuente": 58447.212, "perimetro_fuente": 1145.673 }, "geometry": { "type": "Polygon", "coordinates": [ [ [ -58.565732533217847, -34.518747148392443 ], [ -58.566443052126495, -34.519361628858846 ], [ -58.567527401403467, -34.518421950994529 ], [ -58.566738424611096, -34.517875633041072 ], [ -58.566093829309906, -34.51736330980404 ], [ -58.565417043597378, -34.516823564520671 ], [ -58.564998159395316, -34.516485143749073 ], [ -58.564751000342753, -34.516292955327522 ], [ -58.564074231972164, -34.515753202941696 ], [ -58.563068495788521, -34.516615684888343 ], [ -58.563745263152896, -34.517155442773934 ], [ -58.564110481862123, -34.517448169209786 ], [ -58.564411152972205, -34.517695069117075 ], [ -58.565087938837742, -34.518234819915065 ], [ -58.565732533217847, -34.518747148392443 ] ] ] } },
{ "type": "Feature", "properties": { "radio_id": "067562509", "prov": "06", "depto": "756", "partido": "SAN ISIDRO", "fraccion": "25", "radio": "09", "tipo_radio": "U", "area_fuente": 68871.06, "perimetro_fuente": 1189.387 }, "geometry": { "type": "Polygon", "coordinates": [ [ [ -58.564998159395316, -34.516485143749073 ], [ -58.565417043597378, -34.516823564520671 ], [ -58.566433801484514, -34.515952178798457 ], [ -58.567439495757789, -34.515089667979034 ], [ -58.568003061749245, -34.514609546777955 ], [ -58.567773991303547, -34.513678468090148 ], [ -58.56757743050732, -34.51275678371951 ], [ -58.567567006491593, -34.512729620846201 ], [ -58.5671130906643, -34.513165959045438 ], [ -58.566096838881151, -34.514010316671033 ], [ -58.565080101921801, -34.514881700357151 ], [ -58.56458276768474, -34.515308505026447 ], [ -58.564074231972164, -34.515753202941696 ], [ -58.564751000342753, -34.516292955327522 ], [ -58.564998159395316, -34.516485143749073 ] ] ] } },
{ "type": "Feature", "properties": { "radio_id": "067562510", "prov": "06", "depto": "756", "partido": "SAN ISIDRO", "fraccion": "25", "radio": "10", "tipo_radio": "U", "area_fuente": 65031.809, "perimetro_fuente": 1075.936 }, "geometry": { "type": "Polygon", "coordinates": [ [ [ -58.566738424611096, -34.517875633041072 ], [ -58.567527401403467, -34.518421950994529 ], [ -58.568682451508707, -34.517411804489868 ], [ -58.568612038882058, -34.517203566093521 ], [ -58.568429327098009, -34.516426261358802 ], [ -58.568369245776573, -34.516119097755478 ], [ -58.568256270984094, -34.515721178694342 ], [ -58.568204764954523, -34.515549317680112 ], [ -58.568013023497606, -34.514663744806782 ], [ -58.568003061749245, -34.514609546777955 ], [ -58.567439495757789, -34.515089667979034 ], [ -58.566433801484514, -34.515952178798457 ], [ -58.565417043597378, -34.516823564520671 ], [ -58.566093829309906, -34.51736330980404 ], [ -58.566738424611096, -34.517875633041072 ] ] ] } },
{ "type": "Feature", "properties": { "radio_id": "067562601", "prov": "06", "depto": "756", "partido": "SAN ISIDRO", "fraccion": "26", "radio": "01", "tipo_radio": "U", "area_fuente": 139083.008, "perimetro_fuente": 1687.105 }, "geometry": { "type": "Polygon", "coordinates": [ [ [ -58.574114200012495, -34.499132689967006 ], [ -58.574059161112579, -34.499168100902367 ], [ -58.573523869887296, -34.499594501796381 ], [ -58.572955610674988, -34.500038542253392 ], [ -58.572944571960953, -34.50004742686621 ], [ -58.572249129360785, -34.500607154434505 ], [ -58.571422747899618, -34.50118337379277 ], [ -58.570805790554118, -34.50160880630704 ], [ -58.570188980857225, -34.502025224663448 ], [ -58.569624081508366, -34.503226426222547 ], [ -58.569532687052828, -34.503477734670653 ], [ -58.570219818145183, -34.504044618930422 ], [ -58.570971966209846, -34.504630287145694 ], [ -58.570983005748815, -34.504621402737804 ], [ -58.572011515003894, -34.503687008762292 ], [ -58.572696253594017, -34.503118144539165 ], [ -58.573248668148516, -34.502646880944354 ], [ -58.573944735698305, -34.502051101030837 ], [ -58.57461856244052, -34.501482098148863 ], [ -58.575424841838277, -34.500806474162175 ], [ -58.574673156326945, -34.500193797773001 ], [ -58.574999405127265, -34.499895650290796 ], [ -58.574114200012495, -34.499132689967006 ] ] ] } },
{ "type": "Feature", "properties": { "radio_id": "067562602", "prov": "06", "depto": "756", "partido": "SAN ISIDRO", "fraccion": "26", "radio": "02", "tipo_radio": "U", "area_fuente": 90317.272, "perimetro_fuente": 1320.411 }, "geometry": { "type": "Polygon", "coordinates": [ [ [ -58.575424841838277, -34.500806474162175 ], [ -58.57461856244052, -34.501482098148863 ], [ -58.573944735698305, -34.502051101030837 ], [ -58.573248668148516, -34.502646880944354 ], [ -58.574005576837756, -34.503273146442716 ], [ -58.57346987444631, -34.503722075585905 ], [ -58.573458835285251, -34.503730960229362 ], [ -58.574166079891313, -34.504397206699338 ], [ -58.574798055760986, -34.505008489606467 ], [ -58.575460862355683, -34.5044483675564 ], [ -58.575803377406999, -34.504154914778773 ], [ -58.576013117577247, -34.503986102264427 ], [ -58.576045927806064, -34.503977471177386 ], [ -58.576275751394157, -34.50390804152461 ], [ -58.576330639346715, -34.503881640548876 ], [ -58.576517533928879, -34.503775656736892 ], [ -58.576705193013574, -34.503624612806959 ], [ -58.577412283699616, -34.503019928765369 ], [ -58.57659632372058, -34.502343420463397 ], [ -58.575834036118607, -34.501712600399507 ], [ -58.576187424762743, -34.501419273025817 ], [ -58.575424841838277, -34.500806474162175 ] ] ] } },
{ "type": "Feature", "properties": { "radio_id": "067562603", "prov": "06", "depto": "756", "partido": "SAN ISIDRO", "fraccion": "26", "radio": "03", "tipo_radio": "U", "area_fuente": 74301.979, "perimetro_fuente": 1185.139 }, "geometry": { "type": "Polygon", "coordinates": [ [ [ -58.570971966209846, -34.504630287145694 ], [ -58.571723969977825, -34.505224962682007 ], [ -58.572046239564564, -34.505481109162879 ], [ -58.572497449944109, -34.505837910867676 ], [ -58.573313869617877, -34.506487410912904 ], [ -58.574407692316747, -34.505553759803661 ], [ -58.574905224938291, -34.505108888232833 ], [ -58.574798055760986, -34.505008489606467 ], [ -58.574166079891313, -34.504397206699338 ], [ -58.573458835285251, -34.503730960229362 ], [ -58.57346987444631, -34.503722075585905 ], [ -58.574005576837756, -34.503273146442716 ], [ -58.573248668148516, -34.502646880944354 ], [ -58.572696253594017, -34.503118144539165 ], [ -58.572011515003894, -34.503687008762292 ], [ -58.570983005748815, -34.504621402737804 ], [ -58.570971966209846, -34.504630287145694 ] ] ] } },
{ "type": "Feature", "properties": { "radio_id": "067562604", "prov": "06", "depto": "756", "partido": "SAN ISIDRO", "fraccion": "26", "radio": "04", "tipo_radio": "U", "area_fuente": 101437.014, "perimetro_fuente": 1682.178 }, "geometry": { "type": "Polygon", "coordinates": [ [ [ -58.568258118971208, -34.50733862142863 ], [ -58.568279891067377, -34.507338876626925 ], [ -58.568410677772683, -34.50733139599236 ], [ -58.568541618568055, -34.507314903473713 ], [ -58.568814230879354, -34.507291058195108 ], [ -58.569086844161177, -34.507267211415538 ], [ -58.569359302200958, -34.50725237575741 ], [ -58.570983627633389, -34.507136186414513 ], [ -58.5721061171622, -34.507077205816124 ], [ -58.572683997849232, -34.507029878470497 ], [ -58.573883148114305, -34.506944735688904 ], [ -58.573313869617877, -34.506487410912904 ], [ -58.572497449944109, -34.505837910867676 ], [ -58.572046239564564, -34.505481109162879 ], [ -58.571723969977825, -34.505224962682007 ], [ -58.570971966209846, -34.504630287145694 ], [ -58.570219818145183, -34.504044618930422 ], [ -58.569532687052828, -34.503477734670653 ], [ -58.569256698027473, -34.50369984130797 ], [ -58.569135570456396, -34.503779543613661 ], [ -58.56852854336492, -34.504259162587729 ], [ -58.569291258791978, -34.50486299195331 ], [ -58.570011056656305, -34.505430260006669 ], [ -58.569027433704164, -34.506284040188397 ], [ -58.568021710286274, -34.507155580076343 ], [ -58.568258118971208, -34.50733862142863 ] ] ] } },
{ "type": "Feature", "properties": { "radio_id": "067562605", "prov": "06", "depto": "756", "partido": "SAN ISIDRO", "fraccion": "26", "radio": "05", "tipo_radio": "U", "area_fuente": 105525.458, "perimetro_fuente": 1635.822 }, "geometry": { "type": "Polygon", "coordinates": [ [ [ -58.564686776455176, -34.507021794849408 ], [ -58.565467166097889, -34.507864714430305 ], [ -58.565590039861256, -34.508001359708445 ], [ -58.565653735146228, -34.508096749905654 ], [ -58.565669369448109, -34.508137494445521 ], [ -58.565761367812222, -34.508351857715049 ], [ -58.565831386902858, -34.50853148514009 ], [ -58.565857598753489, -34.508590380938863 ], [ -58.565984256763002, -34.508506239333137 ], [ -58.56646235793179, -34.508245952744517 ], [ -58.566709071065269, -34.508145192216652 ], [ -58.567010367460426, -34.508036058906072 ], [ -58.567180182338859, -34.507974956190374 ], [ -58.567382578213731, -34.507918742145058 ], [ -58.567584972738892, -34.50786252774428 ], [ -58.567950968047512, -34.507790204077189 ], [ -58.568344176901292, -34.507718199172238 ], [ -58.5686223106851, -34.507689911381775 ], [ -58.56883497475615, -34.507669869428831 ], [ -58.569093628346032, -34.507463917880358 ], [ -58.569359302200958, -34.50725237575741 ], [ -58.569086844161177, -34.507267211415538 ], [ -58.568814230879354, -34.507291058195108 ], [ -58.568541618568055, -34.507314903473713 ], [ -58.568410677772683, -34.50733139599236 ], [ -58.568279891067377, -34.507338876626925 ], [ -58.568258118971208, -34.50733862142863 ], [ -58.568021710286274, -34.507155580076343 ], [ -58.569027433704164, -34.506284040188397 ], [ -58.570011056656305, -34.505430260006669 ], [ -58.569291258791978, -34.50486299195331 ], [ -58.56852854336492, -34.504259162587729 ], [ -58.567943434901061, -34.504730021831421 ], [ -58.567490953771426, -34.505085257431574 ], [ -58.567148714975033, -34.50536066345235 ], [ -58.566828398777766, -34.505627311238726 ], [ -58.566497195775888, -34.505893830383677 ], [ -58.566165835204906, -34.506169361190665 ], [ -58.566088862190703, -34.50621352446327 ], [ -58.566001157559725, -34.506248549053979 ], [ -58.565254740749374, -34.506600324963614 ], [ -58.564705809510912, -34.506864282371332 ], [ -58.564606599553628, -34.506935224923978 ], [ -58.564686776455176, -34.507021794849408 ] ] ] } },
{ "type": "Feature", "properties": { "radio_id": "067562606", "prov": "06", "depto": "756", "partido": "SAN ISIDRO", "fraccion": "26", "radio": "06", "tipo_radio": "U", "area_fuente": 167514.964, "perimetro_fuente": 1856.218 }, "geometry": { "type": "Polygon", "coordinates": [ [ [ -58.565857598753489, -34.508590380938863 ], [ -58.565883887840762, -34.508644770866937 ], [ -58.565904733854261, -34.508699096882737 ], [ -58.565925425495408, -34.508762434626135 ], [ -58.565967272050237, -34.50886207491007 ], [ -58.565998695642548, -34.508934551280248 ], [ -58.566029964883377, -34.50901604027505 ], [ -58.566072120448815, -34.509097657063343 ], [ -58.566092966687819, -34.509151983048966 ], [ -58.5661138129527, -34.509206309031249 ], [ -58.566144772554523, -34.509305821447676 ], [ -58.566165310151597, -34.509378169982377 ], [ -58.566217426108487, -34.509513984902441 ], [ -58.566248850128623, -34.509586462113482 ], [ -58.566280274201183, -34.509658939316914 ], [ -58.566332544865119, -34.509785742459862 ], [ -58.566353854504946, -34.509813033210399 ], [ -58.566374546749024, -34.509876369980653 ], [ -58.566458550749722, -34.51005762678416 ], [ -58.566531668685229, -34.510238755770899 ], [ -58.566615517958653, -34.510429023290698 ], [ -58.566688636532646, -34.510610152189351 ], [ -58.56674059971958, -34.510754978631049 ], [ -58.566761601105931, -34.510800291876954 ], [ -58.566834720294501, -34.510981420693419 ], [ -58.566897107555675, -34.511153410004283 ], [ -58.567001960148829, -34.511388991397503 ], [ -58.567148200832506, -34.511751247817976 ], [ -58.567158470317672, -34.511787422456194 ], [ -58.567315444704938, -34.51215881903321 ], [ -58.567567006491593, -34.512729620846201 ], [ -58.56757743050732, -34.51275678371951 ], [ -58.567773991303547, -34.513678468090148 ], [ -58.568003061749245, -34.514609546777955 ], [ -58.568467405630997, -34.514200368252723 ], [ -58.56947305892367, -34.513337839411591 ], [ -58.570489731026505, -34.51246641731673 ], [ -58.571506381915242, -34.511594987011748 ], [ -58.570840339255284, -34.511064410666755 ], [ -58.570152838924471, -34.510515552470203 ], [ -58.569336252348748, -34.509875043083618 ], [ -58.568519677205273, -34.509234528469655 ], [ -58.567735465892007, -34.50861241508732 ], [ -58.567010367460426, -34.508036058906072 ], [ -58.566709071065269, -34.508145192216652 ], [ -58.56646235793179, -34.508245952744517 ], [ -58.565984256763002, -34.508506239333137 ], [ -58.565857598753489, -34.508590380938863 ] ] ] } },
{ "type": "Feature", "properties": { "radio_id": "067562607", "prov": "06", "depto": "756", "partido": "SAN ISIDRO", "fraccion": "26", "radio": "07", "tipo_radio": "U", "area_fuente": 170439.851, "perimetro_fuente": 1894.536 }, "geometry": { "type": "Polygon", "coordinates": [ [ [ -58.573883148114305, -34.506944735688904 ], [ -58.572683997849232, -34.507029878470497 ], [ -58.5721061171622, -34.507077205816124 ], [ -58.570983627633389, -34.507136186414513 ], [ -58.569359302200958, -34.50725237575741 ], [ -58.569093628346032, -34.507463917880358 ], [ -58.56883497475615, -34.507669869428831 ], [ -58.5686223106851, -34.507689911381775 ], [ -58.568344176901292, -34.507718199172238 ], [ -58.567950968047512, -34.507790204077189 ], [ -58.567584972738892, -34.50786252774428 ], [ -58.567382578213731, -34.507918742145058 ], [ -58.567180182338859, -34.507974956190374 ], [ -58.567010367460426, -34.508036058906072 ], [ -58.567735465892007, -34.50861241508732 ], [ -58.568519677205273, -34.509234528469655 ], [ -58.569336252348748, -34.509875043083618 ], [ -58.570152838924471, -34.510515552470203 ], [ -58.570840339255284, -34.511064410666755 ], [ -58.571857122818606, -34.510183964081598 ], [ -58.572873577649688, -34.509321531890983 ], [ -58.573713376147673, -34.508601245052027 ], [ -58.573879279922743, -34.508449951749604 ], [ -58.574895999666339, -34.507569477914949 ], [ -58.574552249137014, -34.507295061025587 ], [ -58.573865506611916, -34.507341125333156 ], [ -58.574092023872673, -34.507141478559397 ], [ -58.574097643829916, -34.507136524514344 ], [ -58.574318894990704, -34.506931795272727 ], [ -58.574340974002503, -34.506914025854705 ], [ -58.573883148114305, -34.506944735688904 ] ] ] } },
{ "type": "Feature", "properties": { "radio_id": "067562608", "prov": "06", "depto": "756", "partido": "SAN ISIDRO", "fraccion": "26", "radio": "08", "tipo_radio": "U", "area_fuente": 158007.997, "perimetro_fuente": 1927.551 }, "geometry": { "type": "Polygon", "coordinates": [ [ [ -58.578537291686914, -34.506656471909636 ], [ -58.577141895159635, -34.506757400921124 ], [ -58.576607715428004, -34.506796245122366 ], [ -58.575768573432434, -34.506840545107671 ], [ -58.574340974002503, -34.506914025854705 ], [ -58.574318894990704, -34.506931795272727 ], [ -58.574097643829916, -34.507136524514344 ], [ -58.574092023872673, -34.507141478559397 ], [ -58.573865506611916, -34.507341125333156 ], [ -58.574552249137014, -34.507295061025587 ], [ -58.574895999666339, -34.507569477914949 ], [ -58.573879279922743, -34.508449951749604 ], [ -58.574287582833946, -34.50877019178624 ], [ -58.574545322242024, -34.508980511701864 ], [ -58.57522226046877, -34.509511195185794 ], [ -58.575928175423179, -34.510016462000529 ], [ -58.576624155111674, -34.510589931783215 ], [ -58.577626688896586, -34.509719057966016 ], [ -58.577736389089033, -34.509623763209412 ], [ -58.578608219440945, -34.508866403507419 ], [ -58.579167434306243, -34.508380601584335 ], [ -58.579632931502459, -34.507976209286227 ], [ -58.580534979693482, -34.507192553272787 ], [ -58.580854759149247, -34.506914739210167 ], [ -58.580868665677947, -34.506902657649604 ], [ -58.581104190897385, -34.506698038448235 ], [ -58.581349797738355, -34.506484660199092 ], [ -58.579932380766991, -34.506573549559242 ], [ -58.579518102064796, -34.506604786839226 ], [ -58.578537291686914, -34.506656471909636 ] ] ] } },
{ "type": "Feature", "properties": { "radio_id": "067562609", "prov": "06", "depto": "756", "partido": "SAN ISIDRO", "fraccion": "26", "radio": "09", "tipo_radio": "U", "area_fuente": 71477.847, "perimetro_fuente": 1159.55 }, "geometry": { "type": "Polygon", "coordinates": [ [ [ -58.572860268319985, -34.512656382838621 ], [ -58.573568005887736, -34.513223656266298 ], [ -58.574594252567152, -34.512342780279717 ], [ -58.574938936877508, -34.512052984018062 ], [ -58.575570414973228, -34.511503823605864 ], [ -58.57634932018982, -34.510828420895706 ], [ -58.576624155111674, -34.510589931783215 ], [ -58.575928175423179, -34.510016462000529 ], [ -58.57522226046877, -34.509511195185794 ], [ -58.574205673245608, -34.510382659204232 ], [ -58.573200103947464, -34.511245229518245 ], [ -58.572183320824806, -34.512125686266756 ], [ -58.572860268319985, -34.512656382838621 ] ] ] } },
{ "type": "Feature", "properties": { "radio_id": "067562610", "prov": "06", "depto": "756", "partido": "SAN ISIDRO", "fraccion": "26", "radio": "10", "tipo_radio": "U", "area_fuente": 68501.731, "perimetro_fuente": 1145.976 }, "geometry": { "type": "Polygon", "coordinates": [ [ [ -58.571506381915242, -34.511594987011748 ], [ -58.572183320824806, -34.512125686266756 ], [ -58.573200103947464, -34.511245229518245 ], [ -58.574205673245608, -34.510382659204232 ], [ -58.57522226046877, -34.509511195185794 ], [ -58.574545322242024, -34.508980511701864 ], [ -58.574287582833946, -34.50877019178624 ], [ -58.573879279922743, -34.508449951749604 ], [ -58.573713376147673, -34.508601245052027 ], [ -58.572873577649688, -34.509321531890983 ], [ -58.571857122818606, -34.510183964081598 ], [ -58.570840339255284, -34.511064410666755 ], [ -58.571506381915242, -34.511594987011748 ] ] ] } },
{ "type": "Feature", "properties": { "radio_id": "067562611", "prov": "06", "depto": "756", "partido": "SAN ISIDRO", "fraccion": "26", "radio": "11", "tipo_radio": "U", "area_fuente": 145291.631, "perimetro_fuente": 1688.788 }, "geometry": { "type": "Polygon", "coordinates": [ [ [ -58.568612038882058, -34.517203566093521 ], [ -58.568682451508707, -34.517411804489868 ], [ -58.5694999859832, -34.516692669028039 ], [ -58.570549658443042, -34.515802134037564 ], [ -58.570779626291213, -34.515606446337642 ], [ -58.571560574388577, -34.514941896849791 ], [ -58.57258099336125, -34.514070849265529 ], [ -58.573568005887736, -34.513223656266298 ], [ -58.572860268319985, -34.512656382838621 ], [ -58.572183320824806, -34.512125686266756 ], [ -58.571506381915242, -34.511594987011748 ], [ -58.570489731026505, -34.51246641731673 ], [ -58.56947305892367, -34.513337839411591 ], [ -58.568467405630997, -34.514200368252723 ], [ -58.568003061749245, -34.514609546777955 ], [ -58.568013023497606, -34.514663744806782 ], [ -58.568204764954523, -34.515549317680112 ], [ -58.568256270984094, -34.515721178694342 ], [ -58.568369245776573, -34.516119097755478 ], [ -58.568429327098009, -34.516426261358802 ], [ -58.568612038882058, -34.517203566093521 ] ] ] } },
{ "type": "Feature", "properties": { "radio_id": "067562701", "prov": "06", "depto": "756", "partido": "SAN ISIDRO", "fraccion": "27", "radio": "01", "tipo_radio": "U", "area_fuente": 809613.301, "perimetro_fuente": 3889.656 }, "geometry": { "type": "Polygon", "coordinates": [ [ [ -58.596766779643929, -34.488636570905612 ], [ -58.596645195446051, -34.488714165253043 ], [ -58.596518313604754, -34.488706408194822 ], [ -58.596341011143558, -34.488601114106274 ], [ -58.595986088974641, -34.488166044666684 ], [ -58.595824257916036, -34.488068033963224 ], [ -58.595615515413463, -34.488015389274402 ], [ -58.595472268644393, -34.488004607353872 ], [ -58.595351083100496, -34.487994078896435 ], [ -58.595184501010763, -34.487977236212323 ], [ -58.592913125385607, -34.487989201279447 ], [ -58.592608090300033, -34.48802036060254 ], [ -58.592096267377563, -34.488154213520552 ], [ -58.59183077051005, -34.488315870331206 ], [ -58.591277024795929, -34.488747004708642 ], [ -58.590954379448519, -34.488998204280769 ], [ -58.590421825869605, -34.489510667213388 ], [ -58.590051454184717, -34.489848909666804 ], [ -58.589902397892821, -34.489973379878748 ], [ -58.588793708459022, -34.490866117755182 ], [ -58.588224962332092, -34.491324071879298 ], [ -58.587429836290845, -34.491995406988728 ], [ -58.586679376054619, -34.492599650533776 ], [ -58.585973196223939, -34.493220148533709 ], [ -58.586787846804263, -34.493873511306134 ], [ -58.587470475963116, -34.494459185292236 ], [ -58.588185293635121, -34.495031994661339 ], [ -58.587421938659801, -34.495690881405643 ], [ -58.588217219877031, -34.496303984227126 ], [ -58.589076758642129, -34.496980919259443 ], [ -58.589915149643957, -34.497621549880854 ], [ -58.590613876085619, -34.49820696159022 ], [ -58.590756983519839, -34.498326054240074 ], [ -58.593116511355703, -34.496308645574636 ], [ -58.594874923424207, -34.49479844631994 ], [ -58.595993249870638, -34.493818130459815 ], [ -58.600163987741411, -34.490161799192116 ], [ -58.59994054164504, -34.489537288410936 ], [ -58.599675938560331, -34.488997663564739 ], [ -58.599369727584303, -34.488014747295345 ], [ -58.59929785638959, -34.487623813905579 ], [ -58.598872043375565, -34.487687313376448 ], [ -58.597906770202393, -34.48787130469762 ], [ -58.597497877892273, -34.488005937895366 ], [ -58.597320721249339, -34.488101799271902 ], [ -58.597151196814508, -34.488193530545985 ], [ -58.59686507774061, -34.4885154986411 ], [ -58.596766779643929, -34.488636570905612 ] ] ] } },
{ "type": "Feature", "properties": { "radio_id": "067562702", "prov": "06", "depto": "756", "partido": "SAN ISIDRO", "fraccion": "27", "radio": "02", "tipo_radio": "U", "area_fuente": 114203.103, "perimetro_fuente": 1369.586 }, "geometry": { "type": "Polygon", "coordinates": [ [ [ -58.585973196223939, -34.493220148533709 ], [ -58.585187782893748, -34.493898368027772 ], [ -58.584415367081569, -34.494511357272337 ], [ -58.583929595035478, -34.494911338190057 ], [ -58.583717980319186, -34.495093463595744 ], [ -58.58366453029587, -34.495136900555629 ], [ -58.582924925720917, -34.495737950496711 ], [ -58.583729991219286, -34.49641428981414 ], [ -58.583869663581424, -34.496524071994131 ], [ -58.584444530451549, -34.49697239928345 ], [ -58.585168897149529, -34.497593713568499 ], [ -58.585196489953994, -34.497571499163563 ], [ -58.585919719472031, -34.496971456611369 ], [ -58.586383725132698, -34.496571216070059 ], [ -58.586681871605251, -34.496322286035756 ], [ -58.587421938659801, -34.495690881405643 ], [ -58.588185293635121, -34.495031994661339 ], [ -58.587470475963116, -34.494459185292236 ], [ -58.586787846804263, -34.493873511306134 ], [ -58.585973196223939, -34.493220148533709 ] ] ] } },
{ "type": "Feature", "properties": { "radio_id": "067562703", "prov": "06", "depto": "756", "partido": "SAN ISIDRO", "fraccion": "27", "radio": "03", "tipo_radio": "U", "area_fuente": 62923.664, "perimetro_fuente": 1242.02 }, "geometry": { "type": "Polygon", "coordinates": [ [ [ -58.588467129151745, -34.498916302070157 ], [ -58.589359613549625, -34.499611855786917 ], [ -58.590083549495034, -34.498946497792986 ], [ -58.590756983519839, -34.498326054240074 ], [ -58.590613876085619, -34.49820696159022 ], [ -58.589915149643957, -34.497621549880854 ], [ -58.589076758642129, -34.496980919259443 ], [ -58.588217219877031, -34.496303984227126 ], [ -58.587421938659801, -34.495690881405643 ], [ -58.586681871605251, -34.496322286035756 ], [ -58.587476849039312, -34.496953417294449 ], [ -58.587519780168265, -34.496989968037411 ], [ -58.588347500889192, -34.49761696460957 ], [ -58.58760182967125, -34.498257323327955 ], [ -58.588467129151745, -34.498916302070157 ] ] ] } },
{ "type": "Feature", "properties": { "radio_id": "067562704", "prov": "06", "depto": "756", "partido": "SAN ISIDRO", "fraccion": "27", "radio": "04", "tipo_radio": "U", "area_fuente": 63381.85, "perimetro_fuente": 1258.35 }, "geometry": { "type": "Polygon", "coordinates": [ [ [ -58.587726508385508, -34.499579252706447 ], [ -58.588603002226748, -34.500276346821337 ], [ -58.589359613549625, -34.499611855786917 ], [ -58.588467129151745, -34.498916302070157 ], [ -58.58760182967125, -34.498257323327955 ], [ -58.588347500889192, -34.49761696460957 ], [ -58.587519780168265, -34.496989968037411 ], [ -58.587476849039312, -34.496953417294449 ], [ -58.586681871605251, -34.496322286035756 ], [ -58.586383725132698, -34.496571216070059 ], [ -58.585919719472031, -34.496971456611369 ], [ -58.585196489953994, -34.497571499163563 ], [ -58.586018224290527, -34.498229990444308 ], [ -58.58683981840224, -34.498897487359251 ], [ -58.587726508385508, -34.499579252706447 ] ] ] } },
{ "type": "Feature", "properties": { "radio_id": "067562705", "prov": "06", "depto": "756", "partido": "SAN ISIDRO", "fraccion": "27", "radio": "05", "tipo_radio": "U", "area_fuente": 95628.411, "perimetro_fuente": 1319.762 }, "geometry": { "type": "Polygon", "coordinates": [ [ [ -58.584541324133951, -34.50251686324286 ], [ -58.58504632894455, -34.503372600593138 ], [ -58.58641447796623, -34.502198319873756 ], [ -58.587149193918734, -34.501553103322813 ], [ -58.587882500559338, -34.500909109722166 ], [ -58.588603002226748, -34.500276346821337 ], [ -58.587726508385508, -34.499579252706447 ], [ -58.58683981840224, -34.498897487359251 ], [ -58.58615313195849, -34.499530875608755 ], [ -58.586060782978215, -34.499578011409163 ], [ -58.585353326160337, -34.500209783569012 ], [ -58.584667782611156, -34.500832792638704 ], [ -58.5839603046253, -34.501464556083505 ], [ -58.584171610215343, -34.501845574770286 ], [ -58.584541324133951, -34.50251686324286 ] ] ] } },
{ "type": "Feature", "properties": { "radio_id": "067562706", "prov": "06", "depto": "756", "partido": "SAN ISIDRO", "fraccion": "27", "radio": "06", "tipo_radio": "U", "area_fuente": 60541.985, "perimetro_fuente": 1055.747 }, "geometry": { "type": "Polygon", "coordinates": [ [ [ -58.582870993700297, -34.499568089587463 ], [ -58.582947036937988, -34.499577985288106 ], [ -58.582979997284895, -34.49956034046042 ], [ -58.583737667879845, -34.49885705564877 ], [ -58.583876015672786, -34.498723455741178 ], [ -58.584477641210093, -34.498224195787991 ], [ -58.585168897149529, -34.497593713568499 ], [ -58.584444530451549, -34.49697239928345 ], [ -58.583869663581424, -34.496524071994131 ], [ -58.583729991219286, -34.49641428981414 ], [ -58.582924925720917, -34.495737950496711 ], [ -58.58221808967874, -34.496333657841831 ], [ -58.582360458070994, -34.497570168211368 ], [ -58.58260598269694, -34.498501414296705 ], [ -58.582870993700297, -34.499568089587463 ] ] ] } },
{ "type": "Feature", "properties": { "radio_id": "067562707", "prov": "06", "depto": "756", "partido": "SAN ISIDRO", "fraccion": "27", "radio": "07", "tipo_radio": "U", "area_fuente": 82837.999, "perimetro_fuente": 1338.387 }, "geometry": { "type": "Polygon", "coordinates": [ [ [ -58.57889439819504, -34.499089242525976 ], [ -58.579473474141416, -34.499609750497143 ], [ -58.579687965919675, -34.499801529592169 ], [ -58.579698698177552, -34.499810667947607 ], [ -58.579987857612188, -34.500093449487082 ], [ -58.580319949659824, -34.500412784510928 ], [ -58.581402424201762, -34.499496963065909 ], [ -58.582273280945429, -34.500147036069237 ], [ -58.582947036937988, -34.499577985288106 ], [ -58.582870993700297, -34.499568089587463 ], [ -58.58260598269694, -34.498501414296705 ], [ -58.582360458070994, -34.497570168211368 ], [ -58.58221808967874, -34.496333657841831 ], [ -58.58187578206703, -34.496618118508337 ], [ -58.581213233713655, -34.49716926685349 ], [ -58.580683126783065, -34.497613787283811 ], [ -58.580440147574876, -34.497818276397901 ], [ -58.579910186363492, -34.498253780534128 ], [ -58.579667355180661, -34.498449256184308 ], [ -58.57889439819504, -34.499089242525976 ] ] ] } },
{ "type": "Feature", "properties": { "radio_id": "067562708", "prov": "06", "depto": "756", "partido": "SAN ISIDRO", "fraccion": "27", "radio": "08", "tipo_radio": "U", "area_fuente": 136042.334, "perimetro_fuente": 1696.372 }, "geometry": { "type": "Polygon", "coordinates": [ [ [ -58.577546526558294, -34.500245317892364 ], [ -58.577038304270602, -34.500681063035451 ], [ -58.576530077774869, -34.501116805915181 ], [ -58.576187424762743, -34.501419273025817 ], [ -58.575834036118607, -34.501712600399507 ], [ -58.57659632372058, -34.502343420463397 ], [ -58.577412283699616, -34.503019928765369 ], [ -58.578174595117048, -34.50365073853505 ], [ -58.578892714232438, -34.503037160580341 ], [ -58.578903752740281, -34.503028275428179 ], [ -58.579622012974795, -34.502405680153181 ], [ -58.579898276648272, -34.502165526569812 ], [ -58.580174537660959, -34.501925371399373 ], [ -58.580395607303878, -34.501729642970282 ], [ -58.581091770313698, -34.501124808988749 ], [ -58.581113999075221, -34.501098026454592 ], [ -58.58168812434743, -34.500626975898726 ], [ -58.582273280945429, -34.500147036069237 ], [ -58.581402424201762, -34.499496963065909 ], [ -58.580319949659824, -34.500412784510928 ], [ -58.579987857612188, -34.500093449487082 ], [ -58.579698698177552, -34.499810667947607 ], [ -58.579687965919675, -34.499801529592169 ], [ -58.579473474141416, -34.499609750497143 ], [ -58.57889439819504, -34.499089242525976 ], [ -58.5783311536036, -34.499560407515574 ], [ -58.577877978599169, -34.499960742633753 ], [ -58.577546526558294, -34.500245317892364 ] ] ] } },
{ "type": "Feature", "properties": { "radio_id": "067562709", "prov": "06", "depto": "756", "partido": "SAN ISIDRO", "fraccion": "27", "radio": "09", "tipo_radio": "U", "area_fuente": 56255.274, "perimetro_fuente": 1093.514 }, "geometry": { "type": "Polygon", "coordinates": [ [ [ -58.582029119511432, -34.502992486046452 ], [ -58.582426543110316, -34.503312573802305 ], [ -58.582492924748351, -34.503250249105079 ], [ -58.583045286656194, -34.502778938965577 ], [ -58.583178124313996, -34.502649782901351 ], [ -58.58403961362594, -34.50192516703428 ], [ -58.584171610215343, -34.501845574770286 ], [ -58.5839603046253, -34.501464556083505 ], [ -58.583928867898891, -34.501392083032783 ], [ -58.583760037564225, -34.501074651429953 ], [ -58.583454122619507, -34.5004942362308 ], [ -58.583327159309462, -34.500276438891547 ], [ -58.582947036937988, -34.499577985288106 ], [ -58.582273280945429, -34.500147036069237 ], [ -58.58168812434743, -34.500626975898726 ], [ -58.581113999075221, -34.501098026454592 ], [ -58.581091770313698, -34.501124808988749 ], [ -58.581768384312454, -34.501673479911162 ], [ -58.582047740062144, -34.501893048714869 ], [ -58.582445158680905, -34.502213135437877 ], [ -58.582389968493288, -34.502257562853742 ], [ -58.581760186682089, -34.502800079826571 ], [ -58.582029119511432, -34.502992486046452 ] ] ] } },
{ "type": "Feature", "properties": { "radio_id": "067562710", "prov": "06", "depto": "756", "partido": "SAN ISIDRO", "fraccion": "27", "radio": "10", "tipo_radio": "U", "area_fuente": 97914.638, "perimetro_fuente": 1472.695 }, "geometry": { "type": "Polygon", "coordinates": [ [ [ -58.578174595117048, -34.50365073853505 ], [ -58.57747854308986, -34.504246542821335 ], [ -58.577467504270039, -34.504255427835233 ], [ -58.577693040596252, -34.504438324545717 ], [ -58.578144424474878, -34.504786095032316 ], [ -58.578320279057266, -34.504688992630335 ], [ -58.578872979524547, -34.504199678708616 ], [ -58.579528442780486, -34.504712061575233 ], [ -58.579660906662781, -34.504605439063418 ], [ -58.580305339336796, -34.505126703139481 ], [ -58.580681109247791, -34.504797568736457 ], [ -58.58102954741792, -34.504475061486126 ], [ -58.581807181037377, -34.503882251565514 ], [ -58.581802730489109, -34.503823612571999 ], [ -58.582426543110316, -34.503312573802305 ], [ -58.582029119511432, -34.502992486046452 ], [ -58.581760186682089, -34.502800079826571 ], [ -58.582389968493288, -34.502257562853742 ], [ -58.582445158680905, -34.502213135437877 ], [ -58.582047740062144, -34.501893048714869 ], [ -58.581768384312454, -34.501673479911162 ], [ -58.581091770313698, -34.501124808988749 ], [ -58.580395607303878, -34.501729642970282 ], [ -58.580174537660959, -34.501925371399373 ], [ -58.579898276648272, -34.502165526569812 ], [ -58.579622012974795, -34.502405680153181 ], [ -58.578903752740281, -34.503028275428179 ], [ -58.578892714232438, -34.503037160580341 ], [ -58.578174595117048, -34.50365073853505 ] ] ] } },
{ "type": "Feature", "properties": { "radio_id": "067562711", "prov": "06", "depto": "756", "partido": "SAN ISIDRO", "fraccion": "27", "radio": "11", "tipo_radio": "U", "area_fuente": 56337.022, "perimetro_fuente": 1274.156 }, "geometry": { "type": "Polygon", "coordinates": [ [ [ -58.573313869617877, -34.506487410912904 ], [ -58.573883148114305, -34.506944735688904 ], [ -58.574340974002503, -34.506914025854705 ], [ -58.575180735327429, -34.506193727737248 ], [ -58.575213853275024, -34.506167073357737 ], [ -58.575633651022422, -34.505811427726506 ], [ -58.576384924516738, -34.505171211123319 ], [ -58.576395963572246, -34.505162326214425 ], [ -58.576705361518925, -34.504895524760641 ], [ -58.576948371823839, -34.504691044954789 ], [ -58.577467504270039, -34.504255427835233 ], [ -58.57747854308986, -34.504246542821335 ], [ -58.578174595117048, -34.50365073853505 ], [ -58.577412283699616, -34.503019928765369 ], [ -58.576705193013574, -34.503624612806959 ], [ -58.576517533928879, -34.503775656736892 ], [ -58.576330639346715, -34.503881640548876 ], [ -58.576275751394157, -34.50390804152461 ], [ -58.576045927806064, -34.503977471177386 ], [ -58.576013117577247, -34.503986102264427 ], [ -58.575803377406999, -34.504154914778773 ], [ -58.575460862355683, -34.5044483675564 ], [ -58.574798055760986, -34.505008489606467 ], [ -58.574905224938291, -34.505108888232833 ], [ -58.574407692316747, -34.505553759803661 ], [ -58.573313869617877, -34.506487410912904 ] ] ] } },
{ "type": "Feature", "properties": { "radio_id": "067562712", "prov": "06", "depto": "756", "partido": "SAN ISIDRO", "fraccion": "27", "radio": "12", "tipo_radio": "U", "area_fuente": 107772.563, "perimetro_fuente": 1676.64 }, "geometry": { "type": "Polygon", "coordinates": [ [ [ -58.578681104992498, -34.506522941929312 ], [ -58.578537291686914, -34.506656471909636 ], [ -58.579518102064796, -34.506604786839226 ], [ -58.579932380766991, -34.506573549559242 ], [ -58.581349797738355, -34.506484660199092 ], [ -58.581662934693014, -34.506212609367736 ], [ -58.582413060320462, -34.505582482989723 ], [ -58.583170207281313, -34.50494694126369 ], [ -58.583730243323096, -34.504476843050881 ], [ -58.584441586112604, -34.5038743817395 ], [ -58.584947701860187, -34.503454436221126 ], [ -58.58504632894455, -34.503372600593138 ], [ -58.584541324133951, -34.50251686324286 ], [ -58.584171610215343, -34.501845574770286 ], [ -58.58403961362594, -34.50192516703428 ], [ -58.583178124313996, -34.502649782901351 ], [ -58.583045286656194, -34.502778938965577 ], [ -58.582492924748351, -34.503250249105079 ], [ -58.582426543110316, -34.503312573802305 ], [ -58.581802730489109, -34.503823612571999 ], [ -58.581807181037377, -34.503882251565514 ], [ -58.58102954741792, -34.504475061486126 ], [ -58.580681109247791, -34.504797568736457 ], [ -58.580305339336796, -34.505126703139481 ], [ -58.579576020064579, -34.505758186903066 ], [ -58.578681104992498, -34.506522941929312 ] ] ] } },
{ "type": "Feature", "properties": { "radio_id": "067562713", "prov": "06", "depto": "756", "partido": "SAN ISIDRO", "fraccion": "27", "radio": "13", "tipo_radio": "U", "area_fuente": 72794.041, "perimetro_fuente": 1132.721 }, "geometry": { "type": "Polygon", "coordinates": [ [ [ -58.583928867898891, -34.501392083032783 ], [ -58.5839603046253, -34.501464556083505 ], [ -58.584667782611156, -34.500832792638704 ], [ -58.585353326160337, -34.500209783569012 ], [ -58.586060782978215, -34.499578011409163 ], [ -58.58615313195849, -34.499530875608755 ], [ -58.58683981840224, -34.498897487359251 ], [ -58.586018224290527, -34.498229990444308 ], [ -58.585196489953994, -34.497571499163563 ], [ -58.585168897149529, -34.497593713568499 ], [ -58.584477641210093, -34.498224195787991 ], [ -58.583876015672786, -34.498723455741178 ], [ -58.583737667879845, -34.49885705564877 ], [ -58.582979997284895, -34.49956034046042 ], [ -58.582947036937988, -34.499577985288106 ], [ -58.583327159309462, -34.500276438891547 ], [ -58.583454122619507, -34.5004942362308 ], [ -58.583760037564225, -34.501074651429953 ], [ -58.583928867898891, -34.501392083032783 ] ] ] } },
{ "type": "Feature", "properties": { "radio_id": "067562714", "prov": "06", "depto": "756", "partido": "SAN ISIDRO", "fraccion": "27", "radio": "14", "tipo_radio": "U", "area_fuente": 86155.918, "perimetro_fuente": 1394.779 }, "geometry": { "type": "Polygon", "coordinates": [ [ [ -58.578320279057266, -34.504688992630335 ], [ -58.578144424474878, -34.504786095032316 ], [ -58.577693040596252, -34.504438324545717 ], [ -58.577467504270039, -34.504255427835233 ], [ -58.576948371823839, -34.504691044954789 ], [ -58.576705361518925, -34.504895524760641 ], [ -58.576395963572246, -34.505162326214425 ], [ -58.576384924516738, -34.505171211123319 ], [ -58.575633651022422, -34.505811427726506 ], [ -58.575213853275024, -34.506167073357737 ], [ -58.575180735327429, -34.506193727737248 ], [ -58.574340974002503, -34.506914025854705 ], [ -58.575768573432434, -34.506840545107671 ], [ -58.576607715428004, -34.506796245122366 ], [ -58.577141895159635, -34.506757400921124 ], [ -58.578537291686914, -34.506656471909636 ], [ -58.578681104992498, -34.506522941929312 ], [ -58.579576020064579, -34.505758186903066 ], [ -58.580305339336796, -34.505126703139481 ], [ -58.579660906662781, -34.504605439063418 ], [ -58.579528442780486, -34.504712061575233 ], [ -58.578872979524547, -34.504199678708616 ], [ -58.578320279057266, -34.504688992630335 ] ] ] } },
{ "type": "Feature", "properties": { "radio_id": "067562801", "prov": "06", "depto": "756", "partido": "SAN ISIDRO", "fraccion": "28", "radio": "01", "tipo_radio": "U", "area_fuente": 80538.262, "perimetro_fuente": 1537.606 }, "geometry": { "type": "Polygon", "coordinates": [ [ [ -58.53306949556459, -34.456869034214733 ], [ -58.533317513605461, -34.456998200528254 ], [ -58.533830102071342, -34.456932241740503 ], [ -58.533601558389257, -34.457086473164402 ], [ -58.533282914597798, -34.457301505637744 ], [ -58.533934326876029, -34.457194884513292 ], [ -58.534065193292015, -34.457178426988833 ], [ -58.534501470447495, -34.457120564602661 ], [ -58.534894071116817, -34.457071189790661 ], [ -58.535941004924034, -34.456939517407854 ], [ -58.536274093395093, -34.456940088769187 ], [ -58.535951706028541, -34.456762984074778 ], [ -58.535812257372548, -34.456686376645884 ], [ -58.53491948056999, -34.456195916061567 ], [ -58.53465578430194, -34.456059148660152 ], [ -58.533764194162721, -34.455601355568866 ], [ -58.533486350103196, -34.455458691449635 ], [ -58.532826997580649, -34.455120133111336 ], [ -58.531927388593935, -34.454651199759688 ], [ -58.530995856904674, -34.454177458688982 ], [ -58.530716045197224, -34.454035291110443 ], [ -58.529866938303222, -34.45519910402016 ], [ -58.529766815922919, -34.455324089672182 ], [ -58.529939616919009, -34.455398276587871 ], [ -58.530576273617022, -34.455703378759893 ], [ -58.530716597590299, -34.455768160589386 ], [ -58.530878522284745, -34.455842215454787 ], [ -58.531461419879577, -34.456110612653895 ], [ -58.531666389505887, -34.456212224351219 ], [ -58.531795993726099, -34.456267862615071 ], [ -58.532637634910266, -34.456674565522441 ], [ -58.53306949556459, -34.456869034214733 ] ] ] } },
{ "type": "Feature", "properties": { "radio_id": "067562802", "prov": "06", "depto": "756", "partido": "SAN ISIDRO", "fraccion": "28", "radio": "02", "tipo_radio": "U", "area_fuente": 83754.508, "perimetro_fuente": 1307.174 }, "geometry": { "type": "Polygon", "coordinates": [ [ [ -58.529197443165188, -34.45614648581217 ], [ -58.529130429380423, -34.456244827701447 ], [ -58.528806740082516, -34.456087702419666 ], [ -58.528075112020851, -34.456854058578713 ], [ -58.529326836801204, -34.457455006650697 ], [ -58.52945644126644, -34.457510647394344 ], [ -58.530389926357884, -34.457954524947418 ], [ -58.53053868490646, -34.458025091474148 ], [ -58.530692102641893, -34.458097868073168 ], [ -58.531338156262464, -34.458372440521806 ], [ -58.532379163688816, -34.457820793875122 ], [ -58.533282914597798, -34.457301505637744 ], [ -58.533601558389257, -34.457086473164402 ], [ -58.533830102071342, -34.456932241740503 ], [ -58.533317513605461, -34.456998200528254 ], [ -58.53306949556459, -34.456869034214733 ], [ -58.532637634910266, -34.456674565522441 ], [ -58.531795993726099, -34.456267862615071 ], [ -58.531666389505887, -34.456212224351219 ], [ -58.531461419879577, -34.456110612653895 ], [ -58.530878522284745, -34.455842215454787 ], [ -58.530716597590299, -34.455768160589386 ], [ -58.530576273617022, -34.455703378759893 ], [ -58.529939616919009, -34.455398276587871 ], [ -58.529766815922919, -34.455324089672182 ], [ -58.529677729276955, -34.455440193519735 ], [ -58.529197443165188, -34.45614648581217 ] ] ] } },
{ "type": "Feature", "properties": { "radio_id": "067562803", "prov": "06", "depto": "756", "partido": "SAN ISIDRO", "fraccion": "28", "radio": "03", "tipo_radio": "U", "area_fuente": 52870.302, "perimetro_fuente": 1170.308 }, "geometry": { "type": "Polygon", "coordinates": [ [ [ -58.531338156262464, -34.458372440521806 ], [ -58.530127132009738, -34.458978909130359 ], [ -58.530785417493625, -34.459293284092766 ], [ -58.53092574754227, -34.459358065803336 ], [ -58.531616361456493, -34.459690852044254 ], [ -58.531735091241679, -34.459746359770584 ], [ -58.531813300232294, -34.45963012295595 ], [ -58.532337892676097, -34.458879285839977 ], [ -58.532532148166531, -34.45897175392863 ], [ -58.533158119433672, -34.459267702016426 ], [ -58.533309172330227, -34.459341622364079 ], [ -58.53337618390993, -34.459243278169303 ], [ -58.53367749772903, -34.458814243129197 ], [ -58.533889722983531, -34.458501314152947 ], [ -58.534308022304842, -34.457915944083254 ], [ -58.534637232449526, -34.457446679912415 ], [ -58.534894071116817, -34.457071189790661 ], [ -58.534501470447495, -34.457120564602661 ], [ -58.534065193292015, -34.457178426988833 ], [ -58.533934326876029, -34.457194884513292 ], [ -58.533282914597798, -34.457301505637744 ], [ -58.532379163688816, -34.457820793875122 ], [ -58.531338156262464, -34.458372440521806 ] ] ] } },
{ "type": "Feature", "properties": { "radio_id": "067562804", "prov": "06", "depto": "756", "partido": "SAN ISIDRO", "fraccion": "28", "radio": "04", "tipo_radio": "U", "area_fuente": 58569.433, "perimetro_fuente": 1150.857 }, "geometry": { "type": "Polygon", "coordinates": [ [ [ -58.534611178105308, -34.45924907760925 ], [ -58.535549993440853, -34.459701993715974 ], [ -58.535734229320418, -34.459433794894039 ], [ -58.536716572009631, -34.459887223592411 ], [ -58.536805968559456, -34.459753090291329 ], [ -58.537364099845163, -34.458948551077086 ], [ -58.537464531086371, -34.458805535724032 ], [ -58.537324196614591, -34.458740761411455 ], [ -58.536633565440539, -34.458408006987405 ], [ -58.536503955651661, -34.458352373719592 ], [ -58.537199809062912, -34.457380866127473 ], [ -58.537199716254477, -34.457380821751634 ], [ -58.536342741648724, -34.456974480086473 ], [ -58.536324224190622, -34.45696569995485 ], [ -58.536302603946538, -34.456955448604837 ], [ -58.536298577339416, -34.456953539082882 ], [ -58.536274093395093, -34.456940088769187 ], [ -58.535941004924034, -34.456939517407854 ], [ -58.534894071116817, -34.457071189790661 ], [ -58.534637232449526, -34.457446679912415 ], [ -58.534308022304842, -34.457915944083254 ], [ -58.535247057362128, -34.458355344667119 ], [ -58.534611178105308, -34.45924907760925 ] ] ] } },
{ "type": "Feature", "properties": { "radio_id": "067562805", "prov": "06", "depto": "756", "partido": "SAN ISIDRO", "fraccion": "28", "radio": "05", "tipo_radio": "U", "area_fuente": 93142.618, "perimetro_fuente": 1670.465 }, "geometry": { "type": "Polygon", "coordinates": [ [ [ -58.536805968559456, -34.459753090291329 ], [ -58.536716572009631, -34.459887223592411 ], [ -58.535734229320418, -34.459433794894039 ], [ -58.535549993440853, -34.459701993715974 ], [ -58.535265163810109, -34.460122217386733 ], [ -58.535186959038676, -34.46023845651218 ], [ -58.53508667962317, -34.46037245723732 ], [ -58.534673418956721, -34.460980424883303 ], [ -58.534584176250483, -34.461105544814373 ], [ -58.534450310066866, -34.461293223650593 ], [ -58.534293738251293, -34.461534712318482 ], [ -58.534423194903965, -34.46159935967863 ], [ -58.535092396471832, -34.461913842697889 ], [ -58.535243456916312, -34.461987761703043 ], [ -58.535340589833048, -34.462033993585479 ], [ -58.536031402282447, -34.462357744077458 ], [ -58.536182463295489, -34.462431661945118 ], [ -58.536349754238522, -34.46219931367331 ], [ -58.536483775077812, -34.462002620127784 ], [ -58.536550785257226, -34.461904273291594 ], [ -58.53699714769747, -34.461269655692035 ], [ -58.53708638813972, -34.461144533927488 ], [ -58.537153554116045, -34.461037175025261 ], [ -58.537655563495818, -34.460331112260661 ], [ -58.537722570915456, -34.460232764686658 ], [ -58.53821369082695, -34.459526569129778 ], [ -58.538403357774023, -34.459258430207207 ], [ -58.538503630590732, -34.459124426567385 ], [ -58.539099395596409, -34.458281598631828 ], [ -58.538136937493725, -34.457825201835732 ], [ -58.537199809062912, -34.457380866127473 ], [ -58.536503955651661, -34.458352373719592 ], [ -58.536633565440539, -34.458408006987405 ], [ -58.537324196614591, -34.458740761411455 ], [ -58.537464531086371, -34.458805535724032 ], [ -58.537364099845163, -34.458948551077086 ], [ -58.536805968559456, -34.459753090291329 ] ] ] } },
{ "type": "Feature", "properties": { "radio_id": "067562806", "prov": "06", "depto": "756", "partido": "SAN ISIDRO", "fraccion": "28", "radio": "06", "tipo_radio": "U", "area_fuente": 69700.168, "perimetro_fuente": 1214.094 }, "geometry": { "type": "Polygon", "coordinates": [ [ [ -58.533797524000896, -34.461907329282297 ], [ -58.533970184565675, -34.461990522531622 ], [ -58.534148675665321, -34.461740283648105 ], [ -58.534293738251293, -34.461534712318482 ], [ -58.534450310066866, -34.461293223650593 ], [ -58.534584176250483, -34.461105544814373 ], [ -58.534673418956721, -34.460980424883303 ], [ -58.53508667962317, -34.46037245723732 ], [ -58.535186959038676, -34.46023845651218 ], [ -58.535265163810109, -34.460122217386733 ], [ -58.535549993440853, -34.459701993715974 ], [ -58.534611178105308, -34.45924907760925 ], [ -58.535247057362128, -34.458355344667119 ], [ -58.534308022304842, -34.457915944083254 ], [ -58.533889722983531, -34.458501314152947 ], [ -58.53367749772903, -34.458814243129197 ], [ -58.53337618390993, -34.459243278169303 ], [ -58.533309172330227, -34.459341622364079 ], [ -58.532784585366372, -34.460092464644539 ], [ -58.532706377259814, -34.460208701194581 ], [ -58.532605936277392, -34.460351712354615 ], [ -58.532405054370223, -34.460637733502871 ], [ -58.532259988854818, -34.460843303441955 ], [ -58.532081494245752, -34.461093538605603 ], [ -58.532265032338337, -34.461176864872421 ], [ -58.532901741032759, -34.461481956890843 ], [ -58.533020473135835, -34.461537462524952 ], [ -58.533797524000896, -34.461907329282297 ] ] ] } },
{ "type": "Feature", "properties": { "radio_id": "067562807", "prov": "06", "depto": "756", "partido": "SAN ISIDRO", "fraccion": "28", "radio": "07", "tipo_radio": "U", "area_fuente": 45826.244, "perimetro_fuente": 1058.091 }, "geometry": { "type": "Polygon", "coordinates": [ [ [ -58.531813300232294, -34.45963012295595 ], [ -58.531735091241679, -34.459746359770584 ], [ -58.531616361456493, -34.459690852044254 ], [ -58.53092574754227, -34.459358065803336 ], [ -58.530785417493625, -34.459293284092766 ], [ -58.530127132009738, -34.458978909130359 ], [ -58.529962358521885, -34.459067062158162 ], [ -58.529643849204319, -34.459234488555509 ], [ -58.529555864166348, -34.459287511422254 ], [ -58.529357819494528, -34.45941131847065 ], [ -58.529027162329967, -34.459650704614518 ], [ -58.530030754762855, -34.460131483032086 ], [ -58.530171085574821, -34.460196265621789 ], [ -58.530376220210854, -34.460288867960152 ], [ -58.53112092373194, -34.460640334523418 ], [ -58.531272136083366, -34.460705246641467 ], [ -58.532081494245752, -34.461093538605603 ], [ -58.532259988854818, -34.460843303441955 ], [ -58.532405054370223, -34.460637733502871 ], [ -58.532605936277392, -34.460351712354615 ], [ -58.532706377259814, -34.460208701194581 ], [ -58.532784585366372, -34.460092464644539 ], [ -58.533309172330227, -34.459341622364079 ], [ -58.533158119433672, -34.459267702016426 ], [ -58.532532148166531, -34.45897175392863 ], [ -58.532337892676097, -34.458879285839977 ], [ -58.531813300232294, -34.45963012295595 ] ] ] } },
{ "type": "Feature", "properties": { "radio_id": "067562808", "prov": "06", "depto": "756", "partido": "SAN ISIDRO", "fraccion": "28", "radio": "08", "tipo_radio": "U", "area_fuente": 95855.61, "perimetro_fuente": 1238.442 }, "geometry": { "type": "Polygon", "coordinates": [ [ [ -58.53112092373194, -34.460640334523418 ], [ -58.530819274361114, -34.461087385954066 ], [ -58.530506742882743, -34.461534305726978 ], [ -58.53041749236273, -34.461659422416531 ], [ -58.530037780783609, -34.462213694867145 ], [ -58.529981800843984, -34.462303157131274 ], [ -58.529412538257802, -34.463116540549571 ], [ -58.529455742617564, -34.463135087507339 ], [ -58.530211030023345, -34.463504715114929 ], [ -58.530351366547691, -34.463569496710086 ], [ -58.531171469720761, -34.46396693851721 ], [ -58.531301085389714, -34.464022577536312 ], [ -58.532067269520411, -34.464392323880823 ], [ -58.53215368079838, -34.464429415960424 ], [ -58.532250656936547, -34.46448466197171 ], [ -58.532820059959427, -34.463662253374942 ], [ -58.5328760378802, -34.463572789775434 ], [ -58.533355865504262, -34.46289352005833 ], [ -58.533422880040526, -34.462795175063384 ], [ -58.533891819722172, -34.462115771487234 ], [ -58.533970184565675, -34.461990522531622 ], [ -58.533797524000896, -34.461907329282297 ], [ -58.533020473135835, -34.461537462524952 ], [ -58.532901741032759, -34.461481956890843 ], [ -58.532265032338337, -34.461176864872421 ], [ -58.532081494245752, -34.461093538605603 ], [ -58.531272136083366, -34.460705246641467 ], [ -58.53112092373194, -34.460640334523418 ] ] ] } },
{ "type": "Feature", "properties": { "radio_id": "067562809", "prov": "06", "depto": "756", "partido": "SAN ISIDRO", "fraccion": "28", "radio": "09", "tipo_radio": "U", "area_fuente": 47648.366, "perimetro_fuente": 1116.584 }, "geometry": { "type": "Polygon", "coordinates": [ [ [ -58.529293805404919, -34.463061030513209 ], [ -58.529412538257802, -34.463116540549571 ], [ -58.529981800843984, -34.462303157131274 ], [ -58.530037780783609, -34.462213694867145 ], [ -58.53041749236273, -34.461659422416531 ], [ -58.530506742882743, -34.461534305726978 ], [ -58.530819274361114, -34.461087385954066 ], [ -58.53112092373194, -34.460640334523418 ], [ -58.530376220210854, -34.460288867960152 ], [ -58.530171085574821, -34.460196265621789 ], [ -58.530030754762855, -34.460131483032086 ], [ -58.529027162329967, -34.459650704614518 ], [ -58.528916942852, -34.459730500084589 ], [ -58.528200116840992, -34.460271695400671 ], [ -58.52806766278826, -34.460378262992215 ], [ -58.528677306974068, -34.460674037278757 ], [ -58.52883379919173, -34.460748028605195 ], [ -58.52944904791859, -34.461034853000577 ], [ -58.529557056236868, -34.461081220281955 ], [ -58.529478842742982, -34.46119745551087 ], [ -58.529110164207069, -34.461742844251532 ], [ -58.52903210863299, -34.461850067510944 ], [ -58.528585366334596, -34.462502678519854 ], [ -58.528473719204129, -34.462663577390302 ], [ -58.529293805404919, -34.463061030513209 ] ] ] } },
{ "type": "Feature", "properties": { "radio_id": "067562810", "prov": "06", "depto": "756", "partido": "SAN ISIDRO", "fraccion": "28", "radio": "10", "tipo_radio": "U", "area_fuente": 37477.446, "perimetro_fuente": 780.334 }, "geometry": { "type": "Polygon", "coordinates": [ [ [ -58.528354988725425, -34.462608066483213 ], [ -58.528473719204129, -34.462663577390302 ], [ -58.528585366334596, -34.462502678519854 ], [ -58.52903210863299, -34.461850067510944 ], [ -58.529110164207069, -34.461742844251532 ], [ -58.529478842742982, -34.46119745551087 ], [ -58.529557056236868, -34.461081220281955 ], [ -58.52944904791859, -34.461034853000577 ], [ -58.52883379919173, -34.460748028605195 ], [ -58.528677306974068, -34.460674037278757 ], [ -58.52806766278826, -34.460378262992215 ], [ -58.527913447774573, -34.460484568338835 ], [ -58.527372427148684, -34.460928727716841 ], [ -58.527272925982352, -34.461017664340361 ], [ -58.526577046431413, -34.461604169888261 ], [ -58.526466505331953, -34.461701986282655 ], [ -58.526736286591749, -34.461831428305103 ], [ -58.527243527235065, -34.462071893104884 ], [ -58.528354988725425, -34.462608066483213 ] ] ] } },
{ "type": "Feature", "properties": { "radio_id": "067562901", "prov": "06", "depto": "756", "partido": "SAN ISIDRO", "fraccion": "29", "radio": "01", "tipo_radio": "U", "area_fuente": 106107.547, "perimetro_fuente": 1318.554 }, "geometry": { "type": "Polygon", "coordinates": [ [ [ -58.511959368608764, -34.493028370135988 ], [ -58.511505838258984, -34.493739415529383 ], [ -58.51098619325294, -34.494494720657791 ], [ -58.510482946206125, -34.495245717454964 ], [ -58.511681480724519, -34.495801133027747 ], [ -58.512907401272216, -34.496347856893976 ], [ -58.514089801539143, -34.496894039275801 ], [ -58.51459318710743, -34.496134015689115 ], [ -58.514693863307414, -34.49598201140703 ], [ -58.515096404637056, -34.495383002160693 ], [ -58.515566160778107, -34.494676647216522 ], [ -58.51436745500596, -34.494130280960619 ], [ -58.513158042270732, -34.493574759306362 ], [ -58.511959368608764, -34.493028370135988 ] ] ] } },
{ "type": "Feature", "properties": { "radio_id": "067562902", "prov": "06", "depto": "756", "partido": "SAN ISIDRO", "fraccion": "29", "radio": "02", "tipo_radio": "U", "area_fuente": 108413.101, "perimetro_fuente": 1331.04 }, "geometry": { "type": "Polygon", "coordinates": [ [ [ -58.510482946206125, -34.495245717454964 ], [ -58.509946075013929, -34.496050381831054 ], [ -58.509409193298332, -34.496855043476963 ], [ -58.508972988334662, -34.497507702265338 ], [ -58.509577866836842, -34.497776474404617 ], [ -58.510182588985373, -34.498054254258534 ], [ -58.51077659088358, -34.498322887895547 ], [ -58.51139220574855, -34.498600794633674 ], [ -58.511759399292139, -34.498767511246257 ], [ -58.511986055417246, -34.498878434093761 ], [ -58.512601677454974, -34.499156334907354 ], [ -58.513026819031765, -34.498512541861039 ], [ -58.513563837776374, -34.497698852362092 ], [ -58.513608815565597, -34.49761827828717 ], [ -58.514089801539143, -34.496894039275801 ], [ -58.512907401272216, -34.496347856893976 ], [ -58.511681480724519, -34.495801133027747 ], [ -58.510482946206125, -34.495245717454964 ] ] ] } },
{ "type": "Feature", "properties": { "radio_id": "067562903", "prov": "06", "depto": "756", "partido": "SAN ISIDRO", "fraccion": "29", "radio": "03", "tipo_radio": "U", "area_fuente": 82009.33, "perimetro_fuente": 1193.671 }, "geometry": { "type": "Polygon", "coordinates": [ [ [ -58.508972988334662, -34.497507702265338 ], [ -58.508469704408043, -34.498258689470362 ], [ -58.507820895709962, -34.499233231893335 ], [ -58.508447552032351, -34.49950227570092 ], [ -58.508771846198606, -34.499632423545243 ], [ -58.509052603401173, -34.499762038271427 ], [ -58.509668381914096, -34.500030943132842 ], [ -58.510262395870186, -34.500299578606381 ], [ -58.510878183477637, -34.500568477561451 ], [ -58.51114806228621, -34.500697955827164 ], [ -58.511482930003915, -34.500846251488348 ], [ -58.51209841504577, -34.499907337456172 ], [ -58.512601677454974, -34.499156334907354 ], [ -58.511986055417246, -34.498878434093761 ], [ -58.511759399292139, -34.498767511246257 ], [ -58.51139220574855, -34.498600794633674 ], [ -58.51077659088358, -34.498322887895547 ], [ -58.510182588985373, -34.498054254258534 ], [ -58.509577866836842, -34.497776474404617 ], [ -58.508972988334662, -34.497507702265338 ] ] ] } },
{ "type": "Feature", "properties": { "radio_id": "067562904", "prov": "06", "depto": "756", "partido": "SAN ISIDRO", "fraccion": "29", "radio": "04", "tipo_radio": "U", "area_fuente": 117251.606, "perimetro_fuente": 1375.741 }, "geometry": { "type": "Polygon", "coordinates": [ [ [ -58.509175070313788, -34.502982087718451 ], [ -58.509846591614505, -34.503286307349882 ], [ -58.510442416789097, -34.502419936554666 ], [ -58.510934824707782, -34.501668810117785 ], [ -58.511482930003915, -34.500846251488348 ], [ -58.51114806228621, -34.500697955827164 ], [ -58.510878183477637, -34.500568477561451 ], [ -58.510262395870186, -34.500299578606381 ], [ -58.509668381914096, -34.500030943132842 ], [ -58.509052603401173, -34.499762038271427 ], [ -58.508771846198606, -34.499632423545243 ], [ -58.508447552032351, -34.49950227570092 ], [ -58.507820895709962, -34.499233231893335 ], [ -58.507351048306617, -34.499939555080303 ], [ -58.507250675295666, -34.500073529730336 ], [ -58.507004460617772, -34.500449086491813 ], [ -58.506792185221393, -34.50075294892433 ], [ -58.506204561383626, -34.501605787217869 ], [ -58.507154362933917, -34.502042612373081 ], [ -58.509175070313788, -34.502982087718451 ] ] ] } },
{ "type": "Feature", "properties": { "radio_id": "067562905", "prov": "06", "depto": "756", "partido": "SAN ISIDRO", "fraccion": "29", "radio": "05", "tipo_radio": "U", "area_fuente": 119675.233, "perimetro_fuente": 1389.821 }, "geometry": { "type": "Polygon", "coordinates": [ [ [ -58.513308025558025, -34.504853784741151 ], [ -58.513481557617503, -34.504932454430914 ], [ -58.514038849676417, -34.504059121726634 ], [ -58.514597986661478, -34.50322767083005 ], [ -58.515146387001337, -34.502387073125242 ], [ -58.51469272923454, -34.502183261251929 ], [ -58.513936850494687, -34.501831556679925 ], [ -58.513656239571617, -34.501692940430161 ], [ -58.513515853921696, -34.501628137830089 ], [ -58.513450929143112, -34.501596619904603 ], [ -58.513245169269176, -34.501543722305506 ], [ -58.512984888949113, -34.501486473272834 ], [ -58.512789919066563, -34.501430018848012 ], [ -58.512746700270654, -34.501411465706887 ], [ -58.512401101999146, -34.501254029311468 ], [ -58.512076955787698, -34.501114879303167 ], [ -58.511482930003915, -34.500846251488348 ], [ -58.510934824707782, -34.501668810117785 ], [ -58.510442416789097, -34.502419936554666 ], [ -58.509846591614505, -34.503286307349882 ], [ -58.511145888592566, -34.503874700048598 ], [ -58.512251374529583, -34.504375307049258 ], [ -58.513308025558025, -34.504853784741151 ] ] ] } },
{ "type": "Feature", "properties": { "radio_id": "067562906", "prov": "06", "depto": "756", "partido": "SAN ISIDRO", "fraccion": "29", "radio": "06", "tipo_radio": "U", "area_fuente": 108543.442, "perimetro_fuente": 1333.897 }, "geometry": { "type": "Polygon", "coordinates": [ [ [ -58.513026819031765, -34.498512541861039 ], [ -58.512601677454974, -34.499156334907354 ], [ -58.51209841504577, -34.499907337456172 ], [ -58.511482930003915, -34.500846251488348 ], [ -58.512076955787698, -34.501114879303167 ], [ -58.512401101999146, -34.501254029311468 ], [ -58.512746700270654, -34.501411465706887 ], [ -58.512789919066563, -34.501430018848012 ], [ -58.512984888949113, -34.501486473272834 ], [ -58.513245169269176, -34.501543722305506 ], [ -58.513450929143112, -34.501596619904603 ], [ -58.513515853921696, -34.501628137830089 ], [ -58.513656239571617, -34.501692940430161 ], [ -58.513936850494687, -34.501831556679925 ], [ -58.51469272923454, -34.502183261251929 ], [ -58.515146387001337, -34.502387073125242 ], [ -58.515705661141048, -34.501546604825215 ], [ -58.516198176915772, -34.500786443265888 ], [ -58.516253879197556, -34.50071501289419 ], [ -58.516623300055961, -34.50014263736557 ], [ -58.516374864408775, -34.500031458503813 ], [ -58.515958993445004, -34.499846137285431 ], [ -58.515402740500832, -34.499596015192537 ], [ -58.515100364846646, -34.49945713777408 ], [ -58.514160748708356, -34.499031093341294 ], [ -58.513993315221313, -34.498956948847308 ], [ -58.513026819031765, -34.498512541861039 ] ] ] } },
{ "type": "Feature", "properties": { "radio_id": "067562907", "prov": "06", "depto": "756", "partido": "SAN ISIDRO", "fraccion": "29", "radio": "07", "tipo_radio": "U", "area_fuente": 157393.087, "perimetro_fuente": 1648.477 }, "geometry": { "type": "Polygon", "coordinates": [ [ [ -58.51459318710743, -34.496134015689115 ], [ -58.514089801539143, -34.496894039275801 ], [ -58.513608815565597, -34.49761827828717 ], [ -58.513563837776374, -34.497698852362092 ], [ -58.513026819031765, -34.498512541861039 ], [ -58.513993315221313, -34.498956948847308 ], [ -58.514160748708356, -34.499031093341294 ], [ -58.515100364846646, -34.49945713777408 ], [ -58.515402740500832, -34.499596015192537 ], [ -58.515958993445004, -34.499846137285431 ], [ -58.516374864408775, -34.500031458503813 ], [ -58.516623300055961, -34.50014263736557 ], [ -58.517163392662518, -34.500383545225702 ], [ -58.518135375753204, -34.500827986490968 ], [ -58.518405065334804, -34.500353543901781 ], [ -58.518607849453367, -34.499968424178867 ], [ -58.518855127315021, -34.499529762627255 ], [ -58.51905806663892, -34.499135630444947 ], [ -58.519294613133368, -34.498687824294194 ], [ -58.519485388925524, -34.498365650886463 ], [ -58.518200165550475, -34.497782218972105 ], [ -58.517012522879455, -34.497222492064147 ], [ -58.515818894072943, -34.496694228252125 ], [ -58.515619129894695, -34.49660166713479 ], [ -58.51459318710743, -34.496134015689115 ] ] ] } },
{ "type": "Feature", "properties": { "radio_id": "067562908", "prov": "06", "depto": "756", "partido": "SAN ISIDRO", "fraccion": "29", "radio": "08", "tipo_radio": "U", "area_fuente": 119900.941, "perimetro_fuente": 1616.061 }, "geometry": { "type": "Polygon", "coordinates": [ [ [ -58.513481557617503, -34.504932454430914 ], [ -58.515791595864421, -34.50598198455841 ], [ -58.516209632445992, -34.505054457017593 ], [ -58.516346087916439, -34.504727123494376 ], [ -58.516470459159855, -34.504467243208694 ], [ -58.516606832737622, -34.504144415082401 ], [ -58.516811071753295, -34.503678195157313 ], [ -58.516913190368072, -34.503445085482319 ], [ -58.517014988060239, -34.503229997869575 ], [ -58.517122947180027, -34.502974425191255 ], [ -58.517185449524433, -34.502826461483878 ], [ -58.517412250079985, -34.502315446829904 ], [ -58.517582228937677, -34.501938944374437 ], [ -58.517785817502464, -34.501508768556484 ], [ -58.517955473891966, -34.501150288546519 ], [ -58.518135375753204, -34.500827986490968 ], [ -58.517163392662518, -34.500383545225702 ], [ -58.516623300055961, -34.50014263736557 ], [ -58.516253879197556, -34.50071501289419 ], [ -58.516198176915772, -34.500786443265888 ], [ -58.515705661141048, -34.501546604825215 ], [ -58.515146387001337, -34.502387073125242 ], [ -58.514597986661478, -34.50322767083005 ], [ -58.514038849676417, -34.504059121726634 ], [ -58.513481557617503, -34.504932454430914 ] ] ] } },
{ "type": "Feature", "properties": { "radio_id": "067563001", "prov": "06", "depto": "756", "partido": "SAN ISIDRO", "fraccion": "30", "radio": "01", "tipo_radio": "U", "area_fuente": 48283.197, "perimetro_fuente": 929.607 }, "geometry": { "type": "Polygon", "coordinates": [ [ [ -58.516977874066939, -34.46966332705744 ], [ -58.516888754071296, -34.469779420466693 ], [ -58.516622189908325, -34.470082645007039 ], [ -58.516244262678974, -34.470528731455182 ], [ -58.516155459762331, -34.470626801989916 ], [ -58.515878329338626, -34.470911869447782 ], [ -58.515700881209241, -34.471098997373005 ], [ -58.51542998518147, -34.471339071862417 ], [ -58.51504708418728, -34.471758054269856 ], [ -58.514980360245204, -34.471838364242579 ], [ -58.515120538387961, -34.471912175784546 ], [ -58.516587777588128, -34.472642062683093 ], [ -58.516706514896384, -34.472697585115597 ], [ -58.517534362260861, -34.471427713027317 ], [ -58.517590361733212, -34.471338257095269 ], [ -58.517646042339877, -34.471266824318057 ], [ -58.518216749830671, -34.470381408374571 ], [ -58.518272747845131, -34.470291952078028 ], [ -58.518175616540944, -34.470245706696929 ], [ -58.516977874066939, -34.46966332705744 ] ] ] } },
{ "type": "Feature", "properties": { "radio_id": "067563002", "prov": "06", "depto": "756", "partido": "SAN ISIDRO", "fraccion": "30", "radio": "02", "tipo_radio": "U", "area_fuente": 34965.923, "perimetro_fuente": 795.551 }, "geometry": { "type": "Polygon", "coordinates": [ [ [ -58.518272747845131, -34.470291952078028 ], [ -58.518216749830671, -34.470381408374571 ], [ -58.517646042339877, -34.471266824318057 ], [ -58.517590361733212, -34.471338257095269 ], [ -58.517676613896434, -34.471384370984445 ], [ -58.518777250968029, -34.471920500314539 ], [ -58.51884190122351, -34.471957338028659 ], [ -58.518928313971465, -34.471994439467409 ], [ -58.519985760427794, -34.472512007548296 ], [ -58.520082896453069, -34.472558251580409 ], [ -58.520127852564265, -34.472477674260972 ], [ -58.520709107169239, -34.471610401370938 ], [ -58.520765103436659, -34.471520943902014 ], [ -58.520678849354098, -34.471474832146782 ], [ -58.519621411238482, -34.470957270206881 ], [ -58.519535158384137, -34.470911157671274 ], [ -58.518358999346788, -34.470338065475005 ], [ -58.518272747845131, -34.470291952078028 ] ] ] } },
{ "type": "Feature", "properties": { "radio_id": "067563003", "prov": "06", "depto": "756", "partido": "SAN ISIDRO", "fraccion": "30", "radio": "03", "tipo_radio": "U", "area_fuente": 17532.955, "perimetro_fuente": 528.602 }, "geometry": { "type": "Polygon", "coordinates": [ [ [ -58.520765103436659, -34.471520943902014 ], [ -58.520709107169239, -34.471610401370938 ], [ -58.520127852564265, -34.472477674260972 ], [ -58.520082896453069, -34.472558251580409 ], [ -58.520169150196523, -34.472604363755622 ], [ -58.521237493651235, -34.473122053119255 ], [ -58.521323749717538, -34.473168164519684 ], [ -58.521379428480195, -34.47309673001098 ], [ -58.521960991629406, -34.472211427797994 ], [ -58.522016828100583, -34.472130981348712 ], [ -58.521930572680709, -34.472084870447681 ], [ -58.520862237698942, -34.471567187290098 ], [ -58.520765103436659, -34.471520943902014 ] ] ] } },
{ "type": "Feature", "properties": { "radio_id": "067563004", "prov": "06", "depto": "756", "partido": "SAN ISIDRO", "fraccion": "30", "radio": "04", "tipo_radio": "U", "area_fuente": 22999.912, "perimetro_fuente": 610.904 }, "geometry": { "type": "Polygon", "coordinates": [ [ [ -58.520082896453069, -34.472558251580409 ], [ -58.520027057874266, -34.472638696184049 ], [ -58.519222270569841, -34.473836757431819 ], [ -58.519166430281452, -34.473917201582495 ], [ -58.519241963696722, -34.473954170980086 ], [ -58.520299436468868, -34.47447173687339 ], [ -58.520418178919414, -34.474527255812859 ], [ -58.521278793272117, -34.473248741376139 ], [ -58.521323749717538, -34.473168164519684 ], [ -58.521237493651235, -34.473122053119255 ], [ -58.520169150196523, -34.472604363755622 ], [ -58.520082896453069, -34.472558251580409 ] ] ] } },
{ "type": "Feature", "properties": { "radio_id": "067563005", "prov": "06", "depto": "756", "partido": "SAN ISIDRO", "fraccion": "30", "radio": "05", "tipo_radio": "U", "area_fuente": 23992.464, "perimetro_fuente": 623.158 }, "geometry": { "type": "Polygon", "coordinates": [ [ [ -58.51884190122351, -34.471957338028659 ], [ -58.517862843022272, -34.473162290518836 ], [ -58.517796121624215, -34.473242602966721 ], [ -58.51786093069957, -34.473270429603957 ], [ -58.519080015454961, -34.473880101170685 ], [ -58.519166430281452, -34.473917201582495 ], [ -58.519222270569841, -34.473836757431819 ], [ -58.520027057874266, -34.472638696184049 ], [ -58.520082896453069, -34.472558251580409 ], [ -58.519985760427794, -34.472512007548296 ], [ -58.518928313971465, -34.471994439467409 ], [ -58.51884190122351, -34.471957338028659 ] ] ] } },
{ "type": "Feature", "properties": { "radio_id": "067563006", "prov": "06", "depto": "756", "partido": "SAN ISIDRO", "fraccion": "30", "radio": "06", "tipo_radio": "U", "area_fuente": 21474.593, "perimetro_fuente": 594.1 }, "geometry": { "type": "Polygon", "coordinates": [ [ [ -58.517590361733212, -34.471338257095269 ], [ -58.517534362260861, -34.471427713027317 ], [ -58.516706514896384, -34.472697585115597 ], [ -58.517731470878957, -34.473205764692999 ], [ -58.517796121624215, -34.473242602966721 ], [ -58.517862843022272, -34.473162290518836 ], [ -58.51884190122351, -34.471957338028659 ], [ -58.518777250968029, -34.471920500314539 ], [ -58.517676613896434, -34.471384370984445 ], [ -58.517590361733212, -34.471338257095269 ] ] ] } },
{ "type": "Feature", "properties": { "radio_id": "067563007", "prov": "06", "depto": "756", "partido": "SAN ISIDRO", "fraccion": "30", "radio": "07", "tipo_radio": "U", "area_fuente": 30227.534, "perimetro_fuente": 808.966 }, "geometry": { "type": "Polygon", "coordinates": [ [ [ -58.514357917632481, -34.472569906390582 ], [ -58.514508817978147, -34.472652861605972 ], [ -58.515436625319715, -34.473114812568838 ], [ -58.515512315904893, -34.473142772634972 ], [ -58.516461737720483, -34.473613991115037 ], [ -58.516871722163955, -34.473817264293331 ], [ -58.517249383058626, -34.474002117770361 ], [ -58.517751639894868, -34.473296144567172 ], [ -58.517796121624215, -34.473242602966721 ], [ -58.517731470878957, -34.473205764692999 ], [ -58.516706514896384, -34.472697585115597 ], [ -58.516587777588128, -34.472642062683093 ], [ -58.515120538387961, -34.471912175784546 ], [ -58.514980360245204, -34.471838364242579 ], [ -58.514424642783219, -34.472489595896448 ], [ -58.514357917632481, -34.472569906390582 ] ] ] } },
{ "type": "Feature", "properties": { "radio_id": "067563008", "prov": "06", "depto": "756", "partido": "SAN ISIDRO", "fraccion": "30", "radio": "08", "tipo_radio": "U", "area_fuente": 88320.63, "perimetro_fuente": 1208.409 }, "geometry": { "type": "Polygon", "coordinates": [ [ [ -58.515779828548617, -34.475920323530111 ], [ -58.515951390647274, -34.476005384766815 ], [ -58.516034838649638, -34.475902743655077 ], [ -58.516073722479007, -34.475858148272856 ], [ -58.516112526484676, -34.475818058666597 ], [ -58.516151250673246, -34.475782474836642 ], [ -58.516184294649776, -34.475760342295921 ], [ -58.516228379849935, -34.475729330296865 ], [ -58.516272385244726, -34.47570282407105 ], [ -58.516316310841411, -34.475680823618767 ], [ -58.516365757023493, -34.475654383418927 ], [ -58.516409602805666, -34.475636888722079 ], [ -58.516464329157756, -34.475619526105575 ], [ -58.516524497413108, -34.475602229529187 ], [ -58.516606428988851, -34.475585197117411 ], [ -58.516607306288918, -34.47553563341728 ], [ -58.516619543751943, -34.475459167967408 ], [ -58.516636982771807, -34.475396285033661 ], [ -58.516648741689032, -34.475346853423773 ], [ -58.516660500591342, -34.475297421812002 ], [ -58.51667770029308, -34.475248056243025 ], [ -58.516695059470997, -34.47518967908794 ], [ -58.516717779682885, -34.475135873763371 ], [ -58.51674049986444, -34.475082068433359 ], [ -58.516763140255144, -34.475032769790708 ], [ -58.516796741971874, -34.47497909652796 ], [ -58.516830184163233, -34.474934434838069 ], [ -58.516897068437402, -34.474845111427136 ], [ -58.517443655427073, -34.474094610100458 ], [ -58.517249383058626, -34.474002117770361 ], [ -58.516871722163955, -34.473817264293331 ], [ -58.516461737720483, -34.473613991115037 ], [ -58.515512315904893, -34.473142772634972 ], [ -58.515436625319715, -34.473114812568838 ], [ -58.514508817978147, -34.472652861605972 ], [ -58.514357917632481, -34.472569906390582 ], [ -58.514280311088541, -34.472650083649413 ], [ -58.513582645528942, -34.473326625900583 ], [ -58.513516078720251, -34.47339792431363 ], [ -58.513449831485296, -34.473451198641463 ], [ -58.51257549122726, -34.474269800826931 ], [ -58.514160368038809, -34.475118324448843 ], [ -58.515336403056445, -34.475700469200525 ], [ -58.515779828548617, -34.475920323530111 ] ] ] } },
{ "type": "Feature", "properties": { "radio_id": "067563009", "prov": "06", "depto": "756", "partido": "SAN ISIDRO", "fraccion": "30", "radio": "09", "tipo_radio": "U", "area_fuente": 138511.734, "perimetro_fuente": 1543.749 }, "geometry": { "type": "Polygon", "coordinates": [ [ [ -58.517796121624215, -34.473242602966721 ], [ -58.517751639894868, -34.473296144567172 ], [ -58.517249383058626, -34.474002117770361 ], [ -58.517443655427073, -34.474094610100458 ], [ -58.516897068437402, -34.474845111427136 ], [ -58.516830184163233, -34.474934434838069 ], [ -58.516796741971874, -34.47497909652796 ], [ -58.516763140255144, -34.475032769790708 ], [ -58.51674049986444, -34.475082068433359 ], [ -58.516717779682885, -34.475135873763371 ], [ -58.516695059470997, -34.47518967908794 ], [ -58.51667770029308, -34.475248056243025 ], [ -58.516660500591342, -34.475297421812002 ], [ -58.516648741689032, -34.475346853423773 ], [ -58.516636982771807, -34.475396285033661 ], [ -58.516619543751943, -34.475459167967408 ], [ -58.516607306288918, -34.47553563341728 ], [ -58.516606428988851, -34.475585197117411 ], [ -58.516524497413108, -34.475602229529187 ], [ -58.516464329157756, -34.475619526105575 ], [ -58.516409602805666, -34.475636888722079 ], [ -58.516365757023493, -34.475654383418927 ], [ -58.516316310841411, -34.475680823618767 ], [ -58.516272385244726, -34.47570282407105 ], [ -58.516228379849935, -34.475729330296865 ], [ -58.516184294649776, -34.475760342295921 ], [ -58.516151250673246, -34.475782474836642 ], [ -58.516112526484676, -34.475818058666597 ], [ -58.516073722479007, -34.475858148272856 ], [ -58.516034838649638, -34.475902743655077 ], [ -58.515951390647274, -34.476005384766815 ], [ -58.517202826357661, -34.4766334951034 ], [ -58.518464524669866, -34.477297771314248 ], [ -58.519402970053655, -34.477777847934306 ], [ -58.51999037703515, -34.477181059052306 ], [ -58.52005710072568, -34.477100746397177 ], [ -58.520112624145, -34.477038324199448 ], [ -58.52057841193124, -34.476548221588693 ], [ -58.520644975478866, -34.476476919272621 ], [ -58.520700498039346, -34.476414496779576 ], [ -58.521077475619215, -34.476022465730694 ], [ -58.521144038317829, -34.475951163115091 ], [ -58.521809816850386, -34.475229124944818 ], [ -58.521615536817833, -34.475136639382299 ], [ -58.520655345076477, -34.474656316542521 ], [ -58.520579969459781, -34.474610336391009 ], [ -58.520418178919414, -34.474527255812859 ], [ -58.520299436468868, -34.47447173687339 ], [ -58.519241963696722, -34.473954170980086 ], [ -58.519166430281452, -34.473917201582495 ], [ -58.519080015454961, -34.473880101170685 ], [ -58.51786093069957, -34.473270429603957 ], [ -58.517796121624215, -34.473242602966721 ] ] ] } },
{ "type": "Feature", "properties": { "radio_id": "067563101", "prov": "06", "depto": "756", "partido": "SAN ISIDRO", "fraccion": "31", "radio": "01", "tipo_radio": "U", "area_fuente": 32212.83, "perimetro_fuente": 800.475 }, "geometry": { "type": "Polygon", "coordinates": [ [ [ -58.526466505331953, -34.461701986282655 ], [ -58.526013459485434, -34.462093118676876 ], [ -58.525892037101677, -34.462190803295449 ], [ -58.525306523644183, -34.462688496853794 ], [ -58.52518494106328, -34.4627951923529 ], [ -58.525390077218134, -34.46288780305882 ], [ -58.525800032933006, -34.463091046730646 ], [ -58.525908041718878, -34.463137417238606 ], [ -58.526026613905394, -34.463201941246744 ], [ -58.526749562194695, -34.463553172935683 ], [ -58.526868293955125, -34.463608685414634 ], [ -58.526934999917707, -34.463528367482226 ], [ -58.527358574859051, -34.462956605676823 ], [ -58.527455704295541, -34.46300284373735 ], [ -58.527908711651662, -34.4632336397611 ], [ -58.528038165702156, -34.463298293809572 ], [ -58.528406700161959, -34.462761919539908 ], [ -58.528473719204129, -34.462663577390302 ], [ -58.528354988725425, -34.462608066483213 ], [ -58.527243527235065, -34.462071893104884 ], [ -58.526736286591749, -34.461831428305103 ], [ -58.526466505331953, -34.461701986282655 ] ] ] } },
{ "type": "Feature", "properties": { "radio_id": "067563102", "prov": "06", "depto": "756", "partido": "SAN ISIDRO", "fraccion": "31", "radio": "02", "tipo_radio": "U", "area_fuente": 59852.744, "perimetro_fuente": 1298.184 }, "geometry": { "type": "Polygon", "coordinates": [ [ [ -58.528473719204129, -34.462663577390302 ], [ -58.528406700161959, -34.462761919539908 ], [ -58.528038165702156, -34.463298293809572 ], [ -58.527908711651662, -34.4632336397611 ], [ -58.527455704295541, -34.46300284373735 ], [ -58.527358574859051, -34.462956605676823 ], [ -58.526934999917707, -34.463528367482226 ], [ -58.526868293955125, -34.463608685414634 ], [ -58.526749562194695, -34.463553172935683 ], [ -58.526026613905394, -34.463201941246744 ], [ -58.525908041718878, -34.463137417238606 ], [ -58.525800032933006, -34.463091046730646 ], [ -58.525390077218134, -34.46288780305882 ], [ -58.52518494106328, -34.4627951923529 ], [ -58.524555264370257, -34.463328404304931 ], [ -58.524455758445256, -34.463417338463628 ], [ -58.52530815429099, -34.463833235314624 ], [ -58.525437765631757, -34.463888880449339 ], [ -58.526225523413679, -34.464267936917231 ], [ -58.526333375544176, -34.464323318723501 ], [ -58.527185948549125, -34.464730191251483 ], [ -58.527283079903782, -34.464776429486534 ], [ -58.527919796346936, -34.465081547527177 ], [ -58.528238234908414, -34.465229598612432 ], [ -58.528756506745545, -34.464532783627661 ], [ -58.528670414337405, -34.464477665900532 ], [ -58.528562402232801, -34.464431297760662 ], [ -58.528975090850679, -34.4638594001729 ], [ -58.529009154443088, -34.463778688191475 ], [ -58.529065452647501, -34.463671203145623 ], [ -58.529455742617564, -34.463135087507339 ], [ -58.529412538257802, -34.463116540549571 ], [ -58.529293805404919, -34.463061030513209 ], [ -58.528473719204129, -34.462663577390302 ] ] ] } },
{ "type": "Feature", "properties": { "radio_id": "067563103", "prov": "06", "depto": "756", "partido": "SAN ISIDRO", "fraccion": "31", "radio": "03", "tipo_radio": "U", "area_fuente": 385539.97, "perimetro_fuente": 3102.861 }, "geometry": { "type": "Polygon", "coordinates": [ [ [ -58.524455758445256, -34.463417338463628 ], [ -58.524201708544936, -34.463630595221979 ], [ -58.522400771440836, -34.465168174363981 ], [ -58.522345575544939, -34.46521257472444 ], [ -58.5231872566047, -34.465619344179345 ], [ -58.523305988751474, -34.465674860116295 ], [ -58.524298895580571, -34.466146543068945 ], [ -58.524406748745093, -34.466201926588738 ], [ -58.525528966968274, -34.46674726926625 ], [ -58.525680185585969, -34.466812187512282 ], [ -58.52669456425437, -34.467302138291039 ], [ -58.526867228322594, -34.467385340709349 ], [ -58.528226956557639, -34.468041684223472 ], [ -58.528356417065559, -34.468106338069283 ], [ -58.529651516229997, -34.468725833496585 ], [ -58.53023434081269, -34.469003249856378 ], [ -58.530439338729735, -34.469104864161018 ], [ -58.53077380356256, -34.469271129525303 ], [ -58.530935752861865, -34.469345184812873 ], [ -58.531173238515962, -34.469456201983903 ], [ -58.531437784020731, -34.469576651169227 ], [ -58.531529309256705, -34.469631737638473 ], [ -58.531725103674567, -34.469724244605466 ], [ -58.531993402368379, -34.469853638577057 ], [ -58.532590433934793, -34.470139231167913 ], [ -58.533042902593905, -34.470355667895973 ], [ -58.533312700444753, -34.470494595315934 ], [ -58.533614113647836, -34.470649801417963 ], [ -58.534689251508979, -34.469279220078171 ], [ -58.535986821512417, -34.468026729052951 ], [ -58.535166655295306, -34.467629318223231 ], [ -58.535101843335248, -34.467601500692531 ], [ -58.534950773073412, -34.467527582224008 ], [ -58.534260081826041, -34.467194812351828 ], [ -58.534152220572729, -34.467139437338993 ], [ -58.534033478809825, -34.467083931717681 ], [ -58.533229652285108, -34.466686704972076 ], [ -58.533073145101049, -34.466612718060887 ], [ -58.532434794177739, -34.466292968905769 ], [ -58.532129143157093, -34.466141693123319 ], [ -58.53210186295658, -34.466145872241285 ], [ -58.531643151035219, -34.465928543294055 ], [ -58.531249329602716, -34.465734527297741 ], [ -58.53114147228095, -34.465679149713324 ], [ -58.530601873041476, -34.465420283731049 ], [ -58.529792638012111, -34.465022969673392 ], [ -58.52967358724478, -34.464985483261785 ], [ -58.528756506745545, -34.464532783627661 ], [ -58.528238234908414, -34.465229598612432 ], [ -58.527919796346936, -34.465081547527177 ], [ -58.527283079903782, -34.464776429486534 ], [ -58.527185948549125, -34.464730191251483 ], [ -58.526333375544176, -34.464323318723501 ], [ -58.526225523413679, -34.464267936917231 ], [ -58.525437765631757, -34.463888880449339 ], [ -58.52530815429099, -34.463833235314624 ], [ -58.524455758445256, -34.463417338463628 ] ] ] } },
{ "type": "Feature", "properties": { "radio_id": "067563104", "prov": "06", "depto": "756", "partido": "SAN ISIDRO", "fraccion": "31", "radio": "04", "tipo_radio": "U", "area_fuente": 47509.093, "perimetro_fuente": 905.675 }, "geometry": { "type": "Polygon", "coordinates": [ [ [ -58.53114147228095, -34.465679149713324 ], [ -58.531249329602716, -34.465734527297741 ], [ -58.531698307604593, -34.465069951059931 ], [ -58.53175173305349, -34.465010467989671 ], [ -58.53215368079838, -34.464429415960424 ], [ -58.532067269520411, -34.464392323880823 ], [ -58.531301085389714, -34.464022577536312 ], [ -58.531171469720761, -34.46396693851721 ], [ -58.530351366547691, -34.463569496710086 ], [ -58.530211030023345, -34.463504715114929 ], [ -58.529455742617564, -34.463135087507339 ], [ -58.529065452647501, -34.463671203145623 ], [ -58.529009154443088, -34.463778688191475 ], [ -58.528975090850679, -34.4638594001729 ], [ -58.528562402232801, -34.464431297760662 ], [ -58.528670414337405, -34.464477665900532 ], [ -58.528756506745545, -34.464532783627661 ], [ -58.52967358724478, -34.464985483261785 ], [ -58.529792638012111, -34.465022969673392 ], [ -58.530601873041476, -34.465420283731049 ], [ -58.53114147228095, -34.465679149713324 ] ] ] } },
{ "type": "Feature", "properties": { "radio_id": "067563105", "prov": "06", "depto": "756", "partido": "SAN ISIDRO", "fraccion": "31", "radio": "05", "tipo_radio": "U", "area_fuente": 68634.673, "perimetro_fuente": 1156.567 }, "geometry": { "type": "Polygon", "coordinates": [ [ [ -58.531643151035219, -34.465928543294055 ], [ -58.53210186295658, -34.466145872241285 ], [ -58.532129143157093, -34.466141693123319 ], [ -58.532434794177739, -34.466292968905769 ], [ -58.533073145101049, -34.466612718060887 ], [ -58.533229652285108, -34.466686704972076 ], [ -58.534033478809825, -34.467083931717681 ], [ -58.534152220572729, -34.467139437338993 ], [ -58.534260081826041, -34.467194812351828 ], [ -58.534950773073412, -34.467527582224008 ], [ -58.535101843335248, -34.467601500692531 ], [ -58.535559445069971, -34.466948997065202 ], [ -58.535626459397378, -34.466850650928663 ], [ -58.535950181359937, -34.466385825256026 ], [ -58.536017195850022, -34.466287478886215 ], [ -58.535876850231887, -34.466222703598227 ], [ -58.535067582394532, -34.46582542280197 ], [ -58.534927238327015, -34.465760645555804 ], [ -58.534117663367581, -34.465381382894023 ], [ -58.533999082743158, -34.465316865633348 ], [ -58.533189674087843, -34.464928585347209 ], [ -58.533081816437452, -34.464873209462247 ], [ -58.532315465522451, -34.464512480942687 ], [ -58.532250656936547, -34.46448466197171 ], [ -58.53215368079838, -34.464429415960424 ], [ -58.53175173305349, -34.465010467989671 ], [ -58.531698307604593, -34.465069951059931 ], [ -58.531249329602716, -34.465734527297741 ], [ -58.531643151035219, -34.465928543294055 ] ] ] } },
{ "type": "Feature", "properties": { "radio_id": "067563106", "prov": "06", "depto": "756", "partido": "SAN ISIDRO", "fraccion": "31", "radio": "06", "tipo_radio": "U", "area_fuente": 81717.165, "perimetro_fuente": 1208.542 }, "geometry": { "type": "Polygon", "coordinates": [ [ [ -58.532250656936547, -34.46448466197171 ], [ -58.532315465522451, -34.464512480942687 ], [ -58.533081816437452, -34.464873209462247 ], [ -58.533189674087843, -34.464928585347209 ], [ -58.533999082743158, -34.465316865633348 ], [ -58.534117663367581, -34.465381382894023 ], [ -58.534927238327015, -34.465760645555804 ], [ -58.535067582394532, -34.46582542280197 ], [ -58.535876850231887, -34.466222703598227 ], [ -58.536017195850022, -34.466287478886215 ], [ -58.536084210164169, -34.466189133375252 ], [ -58.536597455932672, -34.465465182624882 ], [ -58.536664626177327, -34.465357825070441 ], [ -58.537055190110181, -34.464803660886929 ], [ -58.537133396830122, -34.464687420692428 ], [ -58.536313256961016, -34.464290018945 ], [ -58.536172757065202, -34.464234254832881 ], [ -58.53601096885523, -34.464151194870368 ], [ -58.535363349160079, -34.463845988902115 ], [ -58.535233888340208, -34.463781342453892 ], [ -58.534812867572846, -34.463587011021971 ], [ -58.534294872402889, -34.463337434759239 ], [ -58.534143810450722, -34.463263514556417 ], [ -58.533496203588086, -34.462958298083883 ], [ -58.533355865504262, -34.46289352005833 ], [ -58.5328760378802, -34.463572789775434 ], [ -58.532820059959427, -34.463662253374942 ], [ -58.532250656936547, -34.46448466197171 ] ] ] } },
{ "type": "Feature", "properties": { "radio_id": "067563107", "prov": "06", "depto": "756", "partido": "SAN ISIDRO", "fraccion": "31", "radio": "07", "tipo_radio": "U", "area_fuente": 212062.628, "perimetro_fuente": 1884.307 }, "geometry": { "type": "Polygon", "coordinates": [ [ [ -58.536017195850022, -34.466287478886215 ], [ -58.535950181359937, -34.466385825256026 ], [ -58.535626459397378, -34.466850650928663 ], [ -58.535559445069971, -34.466948997065202 ], [ -58.535101843335248, -34.467601500692531 ], [ -58.535166655295306, -34.467629318223231 ], [ -58.535986821512417, -34.468026729052951 ], [ -58.536434598205204, -34.468248416843231 ], [ -58.53685004824073, -34.468451689776153 ], [ -58.537001279159924, -34.468516595196945 ], [ -58.537076814987572, -34.468553553663732 ], [ -58.538636720319019, -34.469316762034119 ], [ -58.538814179515761, -34.469403584377659 ], [ -58.538900599041277, -34.469440671864128 ], [ -58.538976137655979, -34.469477629206878 ], [ -58.539061963803789, -34.469515238582701 ], [ -58.539560804258024, -34.469733830854778 ], [ -58.540445755077208, -34.470121609956003 ], [ -58.540932697048831, -34.469552601917584 ], [ -58.541173454207282, -34.469232500358508 ], [ -58.541407775550553, -34.468868354209285 ], [ -58.541715397446524, -34.46810423370065 ], [ -58.54176384085352, -34.467996337994755 ], [ -58.541887504153252, -34.467822078719017 ], [ -58.542505100806473, -34.46719536117412 ], [ -58.541051442877475, -34.466545979565012 ], [ -58.540911092744352, -34.466481209050933 ], [ -58.540770742832251, -34.466416438380506 ], [ -58.540133967142495, -34.466111386820749 ], [ -58.539972172346282, -34.466028331948706 ], [ -58.539497197273526, -34.465806331157495 ], [ -58.539033104143847, -34.465584459531819 ], [ -58.538892758326988, -34.465519686783161 ], [ -58.538094204309779, -34.465131567547289 ], [ -58.537932256319834, -34.465057522646092 ], [ -58.537306224813264, -34.464761597753231 ], [ -58.537133396830122, -34.464687420692428 ], [ -58.537055190110181, -34.464803660886929 ], [ -58.536664626177327, -34.465357825070441 ], [ -58.536597455932672, -34.465465182624882 ], [ -58.536084210164169, -34.466189133375252 ], [ -58.536017195850022, -34.466287478886215 ] ] ] } },
{ "type": "Feature", "properties": { "radio_id": "067563108", "prov": "06", "depto": "756", "partido": "SAN ISIDRO", "fraccion": "31", "radio": "08", "tipo_radio": "U", "area_fuente": 78434.252, "perimetro_fuente": 1291.311 }, "geometry": { "type": "Polygon", "coordinates": [ [ [ -58.538678548623992, -34.471006456147443 ], [ -58.539056729076975, -34.471252542948832 ], [ -58.539504248309321, -34.470883267063236 ], [ -58.539662175457245, -34.470751535577733 ], [ -58.539688422575402, -34.470730882784814 ], [ -58.540074695994299, -34.470426937714052 ], [ -58.540223632115726, -34.47030974419269 ], [ -58.540249458371314, -34.470287869416154 ], [ -58.540445755077208, -34.470121609956003 ], [ -58.539560804258024, -34.469733830854778 ], [ -58.539061963803789, -34.469515238582701 ], [ -58.538976137655979, -34.469477629206878 ], [ -58.538900599041277, -34.469440671864128 ], [ -58.538814179515761, -34.469403584377659 ], [ -58.538636720319019, -34.469316762034119 ], [ -58.537076814987572, -34.468553553663732 ], [ -58.537001279159924, -34.468516595196945 ], [ -58.53685004824073, -34.468451689776153 ], [ -58.536434598205204, -34.468248416843231 ], [ -58.535986821512417, -34.468026729052951 ], [ -58.534689251508979, -34.469279220078171 ], [ -58.535709013133847, -34.469746658223734 ], [ -58.536680321257421, -34.470094291811527 ], [ -58.537720635459443, -34.470592307226688 ], [ -58.538109054075896, -34.470760239390067 ], [ -58.538678548623992, -34.471006456147443 ] ] ] } },
{ "type": "Feature", "properties": { "radio_id": "067563109", "prov": "06", "depto": "756", "partido": "SAN ISIDRO", "fraccion": "31", "radio": "09", "tipo_radio": "U", "area_fuente": 80574.882, "perimetro_fuente": 1234.761 }, "geometry": { "type": "Polygon", "coordinates": [ [ [ -58.536245086658141, -34.471883288547232 ], [ -58.53740606004294, -34.472386706220703 ], [ -58.538023748367323, -34.471995679475654 ], [ -58.539056729076975, -34.471252542948832 ], [ -58.538678548623992, -34.471006456147443 ], [ -58.538109054075896, -34.470760239390067 ], [ -58.537720635459443, -34.470592307226688 ], [ -58.536680321257421, -34.470094291811527 ], [ -58.535709013133847, -34.469746658223734 ], [ -58.534689251508979, -34.469279220078171 ], [ -58.533614113647836, -34.470649801417963 ], [ -58.53462678085684, -34.471120098330204 ], [ -58.535582590381246, -34.471577717608881 ], [ -58.535987880755911, -34.471771757315338 ], [ -58.536113890667629, -34.471826398141438 ], [ -58.536245086658141, -34.471883288547232 ] ] ] } },
{ "type": "Feature", "properties": { "radio_id": "067563201", "prov": "06", "depto": "756", "partido": "SAN ISIDRO", "fraccion": "32", "radio": "01", "tipo_radio": "U", "area_fuente": 99131.699, "perimetro_fuente": 1723.462 }, "geometry": { "type": "Polygon", "coordinates": [ [ [ -58.546111697297405, -34.472846340101874 ], [ -58.546155364154885, -34.472867967581173 ], [ -58.546166257653354, -34.472851403156874 ], [ -58.546529801286731, -34.472298627994363 ], [ -58.54685068658884, -34.47164463579815 ], [ -58.546906499189703, -34.471564177349045 ], [ -58.546962467903313, -34.471474707160041 ], [ -58.547352994965742, -34.470920509591721 ], [ -58.547408806584826, -34.470840050879467 ], [ -58.547311812794945, -34.47078481741557 ], [ -58.546577987675569, -34.470424562895474 ], [ -58.546480838676857, -34.470378339603563 ], [ -58.546394414646805, -34.470341257374599 ], [ -58.545628265837692, -34.46996258651194 ], [ -58.545541843717238, -34.469925503710805 ], [ -58.545455576961309, -34.469879409130392 ], [ -58.544721766914037, -34.469519144701323 ], [ -58.544624620024834, -34.469472919979403 ], [ -58.544527474332796, -34.469426695195608 ], [ -58.543912423712094, -34.469121921722589 ], [ -58.54382615870577, -34.469075826029567 ], [ -58.543729012841716, -34.469029600617873 ], [ -58.543092206327323, -34.468724562922773 ], [ -58.542995219009697, -34.468669325259704 ], [ -58.542898230717647, -34.468614088410575 ], [ -58.541872855903975, -34.468124139618624 ], [ -58.54176384085352, -34.467996337994755 ], [ -58.541715397446524, -34.46810423370065 ], [ -58.541407775550553, -34.468868354209285 ], [ -58.541173454207282, -34.469232500358508 ], [ -58.542235936377111, -34.469738324425634 ], [ -58.543155651322174, -34.470174714101105 ], [ -58.543903891913175, -34.470530254650605 ], [ -58.544937194677416, -34.471023050128942 ], [ -58.545285766293105, -34.471192603412057 ], [ -58.545286556293782, -34.471192987780462 ], [ -58.545199576413602, -34.471328816140613 ], [ -58.545051697758247, -34.471559743511705 ], [ -58.544670923105414, -34.472138990095502 ], [ -58.545242157957212, -34.472415665856019 ], [ -58.54536993074516, -34.472478951398479 ], [ -58.546111697297405, -34.472846340101874 ] ] ] } },
{ "type": "Feature", "properties": { "radio_id": "067563202", "prov": "06", "depto": "756", "partido": "SAN ISIDRO", "fraccion": "32", "radio": "02", "tipo_radio": "U", "area_fuente": 17431.321, "perimetro_fuente": 536.098 }, "geometry": { "type": "Polygon", "coordinates": [ [ [ -58.544497625960446, -34.472061186094585 ], [ -58.544670923105414, -34.472138990095502 ], [ -58.545051697758247, -34.471559743511705 ], [ -58.545199576413602, -34.471328816140613 ], [ -58.545286556293782, -34.471192987780462 ], [ -58.545285766293105, -34.471192603412057 ], [ -58.544937194677416, -34.471023050128942 ], [ -58.543903891913175, -34.470530254650605 ], [ -58.543797173004059, -34.470700001010059 ], [ -58.543659280200032, -34.470880082979669 ], [ -58.543711664747676, -34.470901737689829 ], [ -58.543483805001358, -34.471234287950587 ], [ -58.543307411733068, -34.471496568584612 ], [ -58.544265290016604, -34.471956874545484 ], [ -58.544497625960446, -34.472061186094585 ] ] ] } },
{ "type": "Feature", "properties": { "radio_id": "067563203", "prov": "06", "depto": "756", "partido": "SAN ISIDRO", "fraccion": "32", "radio": "03", "tipo_radio": "U", "area_fuente": 35423.278, "perimetro_fuente": 838.371 }, "geometry": { "type": "Polygon", "coordinates": [ [ [ -58.540445755077208, -34.470121609956003 ], [ -58.540997704819944, -34.470379726947165 ], [ -58.541519712438649, -34.47063420680476 ], [ -58.542616536630668, -34.471171688497975 ], [ -58.54309534041802, -34.471396843637386 ], [ -58.543307411733068, -34.471496568584612 ], [ -58.543483805001358, -34.471234287950587 ], [ -58.543711664747676, -34.470901737689829 ], [ -58.543659280200032, -34.470880082979669 ], [ -58.543797173004059, -34.470700001010059 ], [ -58.543903891913175, -34.470530254650605 ], [ -58.543155651322174, -34.470174714101105 ], [ -58.542235936377111, -34.469738324425634 ], [ -58.541173454207282, -34.469232500358508 ], [ -58.540932697048831, -34.469552601917584 ], [ -58.540445755077208, -34.470121609956003 ] ] ] } },
{ "type": "Feature", "properties": { "radio_id": "067563204", "prov": "06", "depto": "756", "partido": "SAN ISIDRO", "fraccion": "32", "radio": "04", "tipo_radio": "U", "area_fuente": 26341.268, "perimetro_fuente": 825.917 }, "geometry": { "type": "Polygon", "coordinates": [ [ [ -58.539918925382374, -34.471104411525872 ], [ -58.540210955923662, -34.47124933925587 ], [ -58.540262784647879, -34.471275060220187 ], [ -58.540366359114003, -34.471326460531721 ], [ -58.540493315108797, -34.471389465544192 ], [ -58.540534818797958, -34.471410062358686 ], [ -58.540562902644425, -34.471423999215396 ], [ -58.540752402734206, -34.471518041849677 ], [ -58.540808948243296, -34.471546102944679 ], [ -58.540996989030596, -34.471213557468651 ], [ -58.54101048534703, -34.471189689350787 ], [ -58.541037942608781, -34.471252818233395 ], [ -58.54105507967008, -34.471325417935361 ], [ -58.541383531981644, -34.471356549764458 ], [ -58.541548598340725, -34.471344568668663 ], [ -58.541655139360941, -34.471369013998221 ], [ -58.541502188537159, -34.471487384473207 ], [ -58.541411723608327, -34.471589329742265 ], [ -58.541447109649923, -34.471615887810664 ], [ -58.541530522291076, -34.47166279210694 ], [ -58.541560409318159, -34.471682823594229 ], [ -58.541578064937923, -34.471711577543353 ], [ -58.541769529832301, -34.471836734343562 ], [ -58.541850613516068, -34.471886344446915 ], [ -58.54190777841248, -34.471906676993122 ], [ -58.542169200929401, -34.471999658404371 ], [ -58.542202800476318, -34.471928962964007 ], [ -58.542315581547378, -34.471698102747759 ], [ -58.542363962717026, -34.471599065567901 ], [ -58.542443558697379, -34.471436133078861 ], [ -58.542616536630668, -34.471171688497975 ], [ -58.541519712438649, -34.47063420680476 ], [ -58.540997704819944, -34.470379726947165 ], [ -58.540445755077208, -34.470121609956003 ], [ -58.540249458371314, -34.470287869416154 ], [ -58.540223632115726, -34.47030974419269 ], [ -58.540074695994299, -34.470426937714052 ], [ -58.539688422575402, -34.470730882784814 ], [ -58.539662175457245, -34.470751535577733 ], [ -58.539504248309321, -34.470883267063236 ], [ -58.539777166134385, -34.471028811965041 ], [ -58.539918925382374, -34.471104411525872 ] ] ] } },
{ "type": "Feature", "properties": { "radio_id": "067563205", "prov": "06", "depto": "756", "partido": "SAN ISIDRO", "fraccion": "32", "radio": "05", "tipo_radio": "U", "area_fuente": 25272.204, "perimetro_fuente": 1052.805 }, "geometry": { "type": "Polygon", "coordinates": [ [ [ -58.539056729076975, -34.471252542948832 ], [ -58.538023748367323, -34.471995679475654 ], [ -58.53740606004294, -34.472386706220703 ], [ -58.537960273311533, -34.472240442084477 ], [ -58.539026433653149, -34.471828691449119 ], [ -58.539332043672921, -34.471677140264809 ], [ -58.539581621290793, -34.471809531671163 ], [ -58.539608659606166, -34.47183475113961 ], [ -58.540012901003287, -34.472043958339654 ], [ -58.540051781689385, -34.472033952699142 ], [ -58.540132307698258, -34.47210109765097 ], [ -58.540180482946866, -34.472113840553583 ], [ -58.540386311791821, -34.47214944382533 ], [ -58.5405053813463, -34.472183841148727 ], [ -58.540574435496652, -34.47218860207429 ], [ -58.540673724365426, -34.472190297967543 ], [ -58.540622721947344, -34.472279788422149 ], [ -58.540760871903764, -34.472349629331283 ], [ -58.540786726760437, -34.472345145554883 ], [ -58.540880093682794, -34.472388061679119 ], [ -58.540961824446867, -34.472432322435772 ], [ -58.54097636793032, -34.472476795010238 ], [ -58.541000268015658, -34.472427237185407 ], [ -58.541111635636739, -34.472278251259688 ], [ -58.541235147695531, -34.472113016333445 ], [ -58.541355896080312, -34.471971662158253 ], [ -58.541578064937923, -34.471711577543353 ], [ -58.541560409318159, -34.471682823594229 ], [ -58.541530522291076, -34.47166279210694 ], [ -58.541447109649923, -34.471615887810664 ], [ -58.541411723608327, -34.471589329742265 ], [ -58.541502188537159, -34.471487384473207 ], [ -58.541655139360941, -34.471369013998221 ], [ -58.541548598340725, -34.471344568668663 ], [ -58.541383531981644, -34.471356549764458 ], [ -58.54105507967008, -34.471325417935361 ], [ -58.541037942608781, -34.471252818233395 ], [ -58.54101048534703, -34.471189689350787 ], [ -58.540996989030596, -34.471213557468651 ], [ -58.540808948243296, -34.471546102944679 ], [ -58.540752402734206, -34.471518041849677 ], [ -58.540562902644425, -34.471423999215396 ], [ -58.540534818797958, -34.471410062358686 ], [ -58.540493315108797, -34.471389465544192 ], [ -58.540366359114003, -34.471326460531721 ], [ -58.540262784647879, -34.471275060220187 ], [ -58.540210955923662, -34.47124933925587 ], [ -58.539918925382374, -34.471104411525872 ], [ -58.539777166134385, -34.471028811965041 ], [ -58.539504248309321, -34.470883267063236 ], [ -58.539056729076975, -34.471252542948832 ] ] ] } },
{ "type": "Feature", "properties": { "radio_id": "067563206", "prov": "06", "depto": "756", "partido": "SAN ISIDRO", "fraccion": "32", "radio": "06", "tipo_radio": "U", "area_fuente": 41770.539, "perimetro_fuente": 892.37 }, "geometry": { "type": "Polygon", "coordinates": [ [ [ -58.542202800476318, -34.471928962964007 ], [ -58.542169200929401, -34.471999658404371 ], [ -58.54190777841248, -34.471906676993122 ], [ -58.541850613516068, -34.471886344446915 ], [ -58.541769529832301, -34.471836734343562 ], [ -58.541578064937923, -34.471711577543353 ], [ -58.541355896080312, -34.471971662158253 ], [ -58.541235147695531, -34.472113016333445 ], [ -58.541111635636739, -34.472278251259688 ], [ -58.541000268015658, -34.472427237185407 ], [ -58.54097636793032, -34.472476795010238 ], [ -58.541541833222119, -34.472747069895959 ], [ -58.542084353459792, -34.473012299386774 ], [ -58.542595786204956, -34.473263657044299 ], [ -58.542629874754681, -34.473290535509307 ], [ -58.54265134261081, -34.473314591835269 ], [ -58.543258366431559, -34.473617952038204 ], [ -58.543333846870631, -34.473500086434875 ], [ -58.543389864730784, -34.473408460717962 ], [ -58.543438833131674, -34.473309127278441 ], [ -58.543480459426355, -34.473250241189803 ], [ -58.543570166463418, -34.473093728991437 ], [ -58.543699155283491, -34.472907176649905 ], [ -58.543778298101536, -34.472733984978433 ], [ -58.543929867076763, -34.472506410312903 ], [ -58.543976531356002, -34.472435078649625 ], [ -58.544096795951553, -34.472186815996075 ], [ -58.544265290016604, -34.471956874545484 ], [ -58.543307411733068, -34.471496568584612 ], [ -58.54309534041802, -34.471396843637386 ], [ -58.542616536630668, -34.471171688497975 ], [ -58.542443558697379, -34.471436133078861 ], [ -58.542363962717026, -34.471599065567901 ], [ -58.542315581547378, -34.471698102747759 ], [ -58.542202800476318, -34.471928962964007 ] ] ] } },
{ "type": "Feature", "properties": { "radio_id": "067563207", "prov": "06", "depto": "756", "partido": "SAN ISIDRO", "fraccion": "32", "radio": "07", "tipo_radio": "U", "area_fuente": 33657.526, "perimetro_fuente": 889.333 }, "geometry": { "type": "Polygon", "coordinates": [ [ [ -58.543389864730784, -34.473408460717962 ], [ -58.543452214756229, -34.473437949944504 ], [ -58.543861580316978, -34.473557384629274 ], [ -58.543977759609277, -34.473592643719051 ], [ -58.544047482426031, -34.473605606696175 ], [ -58.54417899433151, -34.473619097548507 ], [ -58.544256018317725, -34.473629852535382 ], [ -58.544291029325151, -34.473634741233013 ], [ -58.544453221492859, -34.473664098785719 ], [ -58.544507823379114, -34.473678702133661 ], [ -58.544553545057305, -34.473690930978741 ], [ -58.544671666818587, -34.473736827820964 ], [ -58.544727983751017, -34.473767810209615 ], [ -58.544794346426535, -34.473720816898393 ], [ -58.544936508796539, -34.473570602359359 ], [ -58.54496980526411, -34.473542347408433 ], [ -58.545025074499968, -34.4734997638121 ], [ -58.545051616829483, -34.473489605170727 ], [ -58.54518088034461, -34.473557446998271 ], [ -58.545453728452117, -34.473690022479296 ], [ -58.545506303621821, -34.473711293830007 ], [ -58.545593768234866, -34.473742021913573 ], [ -58.545629780432996, -34.473757713182586 ], [ -58.545571611838305, -34.473857184095671 ], [ -58.545652577040869, -34.473885514691922 ], [ -58.545681971952774, -34.47389744154588 ], [ -58.545834459727153, -34.473959309980422 ], [ -58.54599098371196, -34.474026371194022 ], [ -58.546151941780884, -34.474110325003387 ], [ -58.546180713011154, -34.474071063503217 ], [ -58.546371974232954, -34.473810067909191 ], [ -58.546452146589772, -34.473703703363974 ], [ -58.546518573347953, -34.473557123496015 ], [ -58.546211848573044, -34.473485576604467 ], [ -58.546070909438647, -34.473439684683179 ], [ -58.545947201987218, -34.473394024679173 ], [ -58.545833050194631, -34.473353721451545 ], [ -58.545947071374307, -34.473188755425909 ], [ -58.545887308133871, -34.473171787438154 ], [ -58.546111697297405, -34.472846340101874 ], [ -58.54536993074516, -34.472478951398479 ], [ -58.545242157957212, -34.472415665856019 ], [ -58.544670923105414, -34.472138990095502 ], [ -58.544497625960446, -34.472061186094585 ], [ -58.544265290016604, -34.471956874545484 ], [ -58.544096795951553, -34.472186815996075 ], [ -58.543976531356002, -34.472435078649625 ], [ -58.543929867076763, -34.472506410312903 ], [ -58.543778298101536, -34.472733984978433 ], [ -58.543699155283491, -34.472907176649905 ], [ -58.543570166463418, -34.473093728991437 ], [ -58.543480459426355, -34.473250241189803 ], [ -58.543438833131674, -34.473309127278441 ], [ -58.543389864730784, -34.473408460717962 ] ] ] } },
{ "type": "Feature", "properties": { "radio_id": "067563208", "prov": "06", "depto": "756", "partido": "SAN ISIDRO", "fraccion": "32", "radio": "08", "tipo_radio": "U", "area_fuente": 26515.646, "perimetro_fuente": 929.243 }, "geometry": { "type": "Polygon", "coordinates": [ [ [ -58.546452146589772, -34.473703703363974 ], [ -58.546371974232954, -34.473810067909191 ], [ -58.546636608564476, -34.473939020571216 ], [ -58.546773408872859, -34.473738338036135 ], [ -58.546925663356816, -34.473842696793675 ], [ -58.546921718612502, -34.473920753327072 ], [ -58.546910992169444, -34.473941493083075 ], [ -58.546888289765342, -34.473980275296782 ], [ -58.546878071234673, -34.474009070202264 ], [ -58.546881236807707, -34.474034148428409 ], [ -58.546892544589468, -34.474067074239102 ], [ -58.546890439888678, -34.47408463738001 ], [ -58.546848281182562, -34.474149421302187 ], [ -58.546805110358527, -34.474168938770724 ], [ -58.546798938707987, -34.47417172898728 ], [ -58.546773163285238, -34.474213294976664 ], [ -58.547264135409982, -34.474457673092985 ], [ -58.547319035223595, -34.474384693930674 ], [ -58.547521795840048, -34.474485494395388 ], [ -58.547365778590802, -34.474709641469495 ], [ -58.547454789478927, -34.474755686243846 ], [ -58.547399072379811, -34.474821932528684 ], [ -58.547471323515168, -34.474826761841463 ], [ -58.547548884329373, -34.474839853861525 ], [ -58.547659962000765, -34.474894355903437 ], [ -58.547660423956557, -34.47489363760458 ], [ -58.547708990906152, -34.47481805109453 ], [ -58.547709265271841, -34.474818171531602 ], [ -58.547791586537429, -34.474854328900449 ], [ -58.54777329086825, -34.474921646508641 ], [ -58.547985402854763, -34.47500691971895 ], [ -58.547993234842437, -34.475010068379667 ], [ -58.548262590144489, -34.475144188872918 ], [ -58.54826307264716, -34.475143478026681 ], [ -58.548450269237009, -34.474868027200337 ], [ -58.548629941472718, -34.474603644585869 ], [ -58.548826013017859, -34.47416014413399 ], [ -58.548194522984886, -34.473859914247932 ], [ -58.54800657090945, -34.47377171605725 ], [ -58.547924599835632, -34.47372991239682 ], [ -58.54728346539612, -34.473402948008101 ], [ -58.547068772606764, -34.473300948911884 ], [ -58.546840196462831, -34.473192579412633 ], [ -58.546155364154885, -34.472867967581173 ], [ -58.546111697297405, -34.472846340101874 ], [ -58.545887308133871, -34.473171787438154 ], [ -58.545947071374307, -34.473188755425909 ], [ -58.545833050194631, -34.473353721451545 ], [ -58.545947201987218, -34.473394024679173 ], [ -58.546070909438647, -34.473439684683179 ], [ -58.546211848573044, -34.473485576604467 ], [ -58.546518573347953, -34.473557123496015 ], [ -58.546452146589772, -34.473703703363974 ] ] ] } },
{ "type": "Feature", "properties": { "radio_id": "067563209", "prov": "06", "depto": "756", "partido": "SAN ISIDRO", "fraccion": "32", "radio": "09", "tipo_radio": "U", "area_fuente": 33827.414, "perimetro_fuente": 1267.319 }, "geometry": { "type": "Polygon", "coordinates": [ [ [ -58.543333846870631, -34.473500086434875 ], [ -58.544315928108006, -34.473974448885251 ], [ -58.544911120207537, -34.474269650593506 ], [ -58.545301512484166, -34.474463273263162 ], [ -58.545761494500304, -34.474683846883657 ], [ -58.54684753181467, -34.475212872276146 ], [ -58.546882745981371, -34.475228124648183 ], [ -58.547195200499075, -34.475382423970615 ], [ -58.547695850609735, -34.475629657402443 ], [ -58.547881330937457, -34.475718887621625 ], [ -58.548082505663487, -34.475415644347812 ], [ -58.548262590144489, -34.475144188872918 ], [ -58.547993234842437, -34.475010068379667 ], [ -58.547985402854763, -34.47500691971895 ], [ -58.54777329086825, -34.474921646508641 ], [ -58.547791586537429, -34.474854328900449 ], [ -58.547709265271841, -34.474818171531602 ], [ -58.547708990906152, -34.47481805109453 ], [ -58.547660423956557, -34.47489363760458 ], [ -58.547659962000765, -34.474894355903437 ], [ -58.547548884329373, -34.474839853861525 ], [ -58.547471323515168, -34.474826761841463 ], [ -58.547399072379811, -34.474821932528684 ], [ -58.547454789478927, -34.474755686243846 ], [ -58.547365778590802, -34.474709641469495 ], [ -58.547521795840048, -34.474485494395388 ], [ -58.547319035223595, -34.474384693930674 ], [ -58.547264135409982, -34.474457673092985 ], [ -58.546773163285238, -34.474213294976664 ], [ -58.546798938707987, -34.47417172898728 ], [ -58.546805110358527, -34.474168938770724 ], [ -58.546848281182562, -34.474149421302187 ], [ -58.546890439888678, -34.47408463738001 ], [ -58.546892544589468, -34.474067074239102 ], [ -58.546881236807707, -34.474034148428409 ], [ -58.546878071234673, -34.474009070202264 ], [ -58.546888289765342, -34.473980275296782 ], [ -58.546910992169444, -34.473941493083075 ], [ -58.546921718612502, -34.473920753327072 ], [ -58.546925663356816, -34.473842696793675 ], [ -58.546773408872859, -34.473738338036135 ], [ -58.546636608564476, -34.473939020571216 ], [ -58.546371974232954, -34.473810067909191 ], [ -58.546180713011154, -34.474071063503217 ], [ -58.546151941780884, -34.474110325003387 ], [ -58.54599098371196, -34.474026371194022 ], [ -58.545834459727153, -34.473959309980422 ], [ -58.545681971952774, -34.47389744154588 ], [ -58.545652577040869, -34.473885514691922 ], [ -58.545571611838305, -34.473857184095671 ], [ -58.545629780432996, -34.473757713182586 ], [ -58.545593768234866, -34.473742021913573 ], [ -58.545506303621821, -34.473711293830007 ], [ -58.545453728452117, -34.473690022479296 ], [ -58.54518088034461, -34.473557446998271 ], [ -58.545051616829483, -34.473489605170727 ], [ -58.545025074499968, -34.4734997638121 ], [ -58.54496980526411, -34.473542347408433 ], [ -58.544936508796539, -34.473570602359359 ], [ -58.544794346426535, -34.473720816898393 ], [ -58.544727983751017, -34.473767810209615 ], [ -58.544671666818587, -34.473736827820964 ], [ -58.544553545057305, -34.473690930978741 ], [ -58.544507823379114, -34.473678702133661 ], [ -58.544453221492859, -34.473664098785719 ], [ -58.544291029325151, -34.473634741233013 ], [ -58.544256018317725, -34.473629852535382 ], [ -58.54417899433151, -34.473619097548507 ], [ -58.544047482426031, -34.473605606696175 ], [ -58.543977759609277, -34.473592643719051 ], [ -58.543861580316978, -34.473557384629274 ], [ -58.543452214756229, -34.473437949944504 ], [ -58.543389864730784, -34.473408460717962 ], [ -58.543333846870631, -34.473500086434875 ] ] ] } },
{ "type": "Feature", "properties": { "radio_id": "067563210", "prov": "06", "depto": "756", "partido": "SAN ISIDRO", "fraccion": "32", "radio": "10", "tipo_radio": "U", "area_fuente": 385896.984, "perimetro_fuente": 3591.983 }, "geometry": { "type": "Polygon", "coordinates": [ [ [ -58.540554876985766, -34.473066451214436 ], [ -58.540089848474757, -34.473717003167359 ], [ -58.540411228420574, -34.473938452868943 ], [ -58.540540708837916, -34.474003094228557 ], [ -58.54092930710619, -34.474188005815108 ], [ -58.541080394689516, -34.474261918154305 ], [ -58.541544382822686, -34.474492794729699 ], [ -58.541663140147627, -34.474548293379975 ], [ -58.542181226461885, -34.474797841183715 ], [ -58.542321433493065, -34.474871622206308 ], [ -58.543001496609129, -34.47519520620228 ], [ -58.543083869584059, -34.47523285998188 ], [ -58.543163469659554, -34.475269245791139 ], [ -58.544113235176269, -34.475731242113831 ], [ -58.544231839479529, -34.475795750037193 ], [ -58.544261215562791, -34.475809726694749 ], [ -58.544426146225405, -34.475888200285986 ], [ -58.545786154761629, -34.476544353601774 ], [ -58.546012798168228, -34.476655213303289 ], [ -58.547432706083214, -34.477338750412592 ], [ -58.548700552137333, -34.477949061676142 ], [ -58.548776121310901, -34.477978661070743 ], [ -58.548948656628397, -34.478078198022608 ], [ -58.549142818045524, -34.478179651809789 ], [ -58.55099383630963, -34.479084944025175 ], [ -58.551430985127844, -34.479297438188006 ], [ -58.551528147162877, -34.479343657808521 ], [ -58.551625308218789, -34.479389877341191 ], [ -58.552240618009876, -34.47968560328389 ], [ -58.553449641520558, -34.480267775872655 ], [ -58.554028280392494, -34.479535513131061 ], [ -58.554083780751391, -34.479473074916868 ], [ -58.554194781203087, -34.479348199305882 ], [ -58.555005507400011, -34.478411366310176 ], [ -58.5552391614181, -34.478116682215237 ], [ -58.555253299834213, -34.477296616179942 ], [ -58.553623330136588, -34.476511181240511 ], [ -58.553018765516136, -34.476224604076897 ], [ -58.552133764827943, -34.475790483510558 ], [ -58.552101274906725, -34.475781084978927 ], [ -58.55130271734857, -34.47538403787398 ], [ -58.550968032117986, -34.475226838966606 ], [ -58.550806207684587, -34.475143798732773 ], [ -58.549878173334136, -34.474682110997144 ], [ -58.549791899279569, -34.474636019329125 ], [ -58.548826013017859, -34.47416014413399 ], [ -58.548629941472718, -34.474603644585869 ], [ -58.548450269237009, -34.474868027200337 ], [ -58.54826307264716, -34.475143478026681 ], [ -58.548262590144489, -34.475144188872918 ], [ -58.548082505663487, -34.475415644347812 ], [ -58.547881330937457, -34.475718887621625 ], [ -58.547695850609735, -34.475629657402443 ], [ -58.547195200499075, -34.475382423970615 ], [ -58.546882745981371, -34.475228124648183 ], [ -58.54684753181467, -34.475212872276146 ], [ -58.545761494500304, -34.474683846883657 ], [ -58.545301512484166, -34.474463273263162 ], [ -58.544911120207537, -34.474269650593506 ], [ -58.544315928108006, -34.473974448885251 ], [ -58.543333846870631, -34.473500086434875 ], [ -58.543258366431559, -34.473617952038204 ], [ -58.54265134261081, -34.473314591835269 ], [ -58.542629874754681, -34.473290535509307 ], [ -58.542595786204956, -34.473263657044299 ], [ -58.542084353459792, -34.473012299386774 ], [ -58.541541833222119, -34.472747069895959 ], [ -58.54097636793032, -34.472476795010238 ], [ -58.540911940358257, -34.472566927501866 ], [ -58.540554876985766, -34.473066451214436 ] ] ] } },
{ "type": "Feature", "properties": { "radio_id": "067563211", "prov": "06", "depto": "756", "partido": "SAN ISIDRO", "fraccion": "32", "radio": "11", "tipo_radio": "U", "area_fuente": 35953.603, "perimetro_fuente": 833.709 }, "geometry": { "type": "Polygon", "coordinates": [ [ [ -58.539026433653149, -34.471828691449119 ], [ -58.537960273311533, -34.472240442084477 ], [ -58.53740606004294, -34.472386706220703 ], [ -58.538321080265838, -34.472828962743755 ], [ -58.538729910157883, -34.4730382552032 ], [ -58.539029879396146, -34.473175630903761 ], [ -58.539770174632942, -34.473553399483642 ], [ -58.540089848474757, -34.473717003167359 ], [ -58.540554876985766, -34.473066451214436 ], [ -58.540911940358257, -34.472566927501866 ], [ -58.54097636793032, -34.472476795010238 ], [ -58.540961824446867, -34.472432322435772 ], [ -58.540880093682794, -34.472388061679119 ], [ -58.540786726760437, -34.472345145554883 ], [ -58.540760871903764, -34.472349629331283 ], [ -58.540622721947344, -34.472279788422149 ], [ -58.540673724365426, -34.472190297967543 ], [ -58.540574435496652, -34.47218860207429 ], [ -58.5405053813463, -34.472183841148727 ], [ -58.540386311791821, -34.47214944382533 ], [ -58.540180482946866, -34.472113840553583 ], [ -58.540132307698258, -34.47210109765097 ], [ -58.540051781689385, -34.472033952699142 ], [ -58.540012901003287, -34.472043958339654 ], [ -58.539608659606166, -34.47183475113961 ], [ -58.539581621290793, -34.471809531671163 ], [ -58.539332043672921, -34.471677140264809 ], [ -58.539026433653149, -34.471828691449119 ] ] ] } },
{ "type": "Feature", "properties": { "radio_id": "067563301", "prov": "06", "depto": "756", "partido": "SAN ISIDRO", "fraccion": "33", "radio": "01", "tipo_radio": "U", "area_fuente": 87127.415, "perimetro_fuente": 1438.5 }, "geometry": { "type": "Polygon", "coordinates": [ [ [ -58.541048403520378, -34.477975112000458 ], [ -58.541125677709189, -34.477997957359207 ], [ -58.542093038290425, -34.476616046310426 ], [ -58.543083869584059, -34.47523285998188 ], [ -58.543001496609129, -34.47519520620228 ], [ -58.542321433493065, -34.474871622206308 ], [ -58.542181226461885, -34.474797841183715 ], [ -58.541663140147627, -34.474548293379975 ], [ -58.541544382822686, -34.474492794729699 ], [ -58.541080394689516, -34.474261918154305 ], [ -58.54092930710619, -34.474188005815108 ], [ -58.540540708837916, -34.474003094228557 ], [ -58.540411228420574, -34.473938452868943 ], [ -58.540089848474757, -34.473717003167359 ], [ -58.539770174632942, -34.473553399483642 ], [ -58.539231308878499, -34.474194760572132 ], [ -58.539175487207991, -34.474275214348367 ], [ -58.538729225147968, -34.47490082648126 ], [ -58.538673559625991, -34.474972269223862 ], [ -58.538773947980921, -34.47501702406803 ], [ -58.539875283606548, -34.475549579278571 ], [ -58.540911895553286, -34.476050821182554 ], [ -58.540016138206767, -34.477384111092732 ], [ -58.539968988417144, -34.477457461550834 ], [ -58.540022927557381, -34.477485146673921 ], [ -58.541048403520378, -34.477975112000458 ] ] ] } },
{ "type": "Feature", "properties": { "radio_id": "067563302", "prov": "06", "depto": "756", "partido": "SAN ISIDRO", "fraccion": "33", "radio": "02", "tipo_radio": "U", "area_fuente": 42841.127, "perimetro_fuente": 837.176 }, "geometry": { "type": "Polygon", "coordinates": [ [ [ -58.537691442776492, -34.476366630562417 ], [ -58.537756261230541, -34.476394446862471 ], [ -58.537853412011245, -34.476440677102779 ], [ -58.538803159756128, -34.476902714213864 ], [ -58.538911193682793, -34.476949073763315 ], [ -58.539968988417144, -34.477457461550834 ], [ -58.540016138206767, -34.477384111092732 ], [ -58.540911895553286, -34.476050821182554 ], [ -58.539875283606548, -34.475549579278571 ], [ -58.538773947980921, -34.47501702406803 ], [ -58.538673559625991, -34.474972269223862 ], [ -58.538182348168142, -34.475678462691832 ], [ -58.538148916828689, -34.475723130504775 ], [ -58.537691442776492, -34.476366630562417 ] ] ] } },
{ "type": "Feature", "properties": { "radio_id": "067563303", "prov": "06", "depto": "756", "partido": "SAN ISIDRO", "fraccion": "33", "radio": "03", "tipo_radio": "U", "area_fuente": 139115.777, "perimetro_fuente": 1633.843 }, "geometry": { "type": "Polygon", "coordinates": [ [ [ -58.538911193682793, -34.476949073763315 ], [ -58.538341597061091, -34.477780519904151 ], [ -58.538285772018746, -34.477860974046685 ], [ -58.538240986148523, -34.477932546672548 ], [ -58.537682572654944, -34.478746096124958 ], [ -58.537626746313045, -34.478826549921521 ], [ -58.53772389978888, -34.47887278031704 ], [ -58.538608851751938, -34.479307003061628 ], [ -58.538695124076504, -34.479353102558747 ], [ -58.538738338850997, -34.479371646452194 ], [ -58.539677242022179, -34.479833547382768 ], [ -58.539763672539067, -34.479870634480925 ], [ -58.540810469603727, -34.480387897437062 ], [ -58.540961568055046, -34.480461810132148 ], [ -58.541069449767107, -34.480517179554397 ], [ -58.541857436635475, -34.480896140033082 ], [ -58.54190049611352, -34.480923694517806 ], [ -58.542871768920826, -34.481403984610694 ], [ -58.542979654236504, -34.481459352413637 ], [ -58.543637857990134, -34.48053880544375 ], [ -58.54369367986282, -34.480458348804405 ], [ -58.544340828753313, -34.479546680392403 ], [ -58.543282980178304, -34.479038329284258 ], [ -58.543239764507504, -34.479019786976203 ], [ -58.54241929857281, -34.478631433586671 ], [ -58.542084617058656, -34.478474211405732 ], [ -58.541125677709189, -34.477997957359207 ], [ -58.541048403520378, -34.477975112000458 ], [ -58.540022927557381, -34.477485146673921 ], [ -58.539968988417144, -34.477457461550834 ], [ -58.538911193682793, -34.476949073763315 ] ] ] } },
{ "type": "Feature", "properties": { "radio_id": "067563304", "prov": "06", "depto": "756", "partido": "SAN ISIDRO", "fraccion": "33", "radio": "04", "tipo_radio": "U", "area_fuente": 313848.41, "perimetro_fuente": 2750.327 }, "geometry": { "type": "Polygon", "coordinates": [ [ [ -58.536067943531535, -34.485189456706792 ], [ -58.535366402256322, -34.486091413137771 ], [ -58.5363535469167, -34.486598986762843 ], [ -58.536936789516929, -34.486897295971843 ], [ -58.537373117533278, -34.487120460107825 ], [ -58.538130870925634, -34.486115508140706 ], [ -58.538195854208169, -34.48613431270666 ], [ -58.538551853875312, -34.486318842180332 ], [ -58.538594521938421, -34.486368926086264 ], [ -58.539074343442628, -34.4866315500906 ], [ -58.539133572525508, -34.486668312431739 ], [ -58.539155810419139, -34.486641537713801 ], [ -58.539233721504154, -34.486543320336729 ], [ -58.539834922041521, -34.485775344298204 ], [ -58.539923713511193, -34.485677256474915 ], [ -58.540023545994231, -34.485570286976291 ], [ -58.540725190506066, -34.484659290671416 ], [ -58.540825648560443, -34.484516273776791 ], [ -58.541449055919166, -34.483721513729705 ], [ -58.54148421458428, -34.483577716728874 ], [ -58.541530255933104, -34.483434049615362 ], [ -58.542221610108811, -34.4824868669373 ], [ -58.542299670413136, -34.482379635674832 ], [ -58.542979654236504, -34.481459352413637 ], [ -58.542871768920826, -34.481403984610694 ], [ -58.54190049611352, -34.480923694517806 ], [ -58.541857436635475, -34.480896140033082 ], [ -58.541069449767107, -34.480517179554397 ], [ -58.540961568055046, -34.480461810132148 ], [ -58.540810469603727, -34.480387897437062 ], [ -58.539763672539067, -34.479870634480925 ], [ -58.539677242022179, -34.479833547382768 ], [ -58.538738338850997, -34.479371646452194 ], [ -58.538695124076504, -34.479353102558747 ], [ -58.538608851751938, -34.479307003061628 ], [ -58.53772389978888, -34.47887278031704 ], [ -58.537626746313045, -34.478826549921521 ], [ -58.537559723103421, -34.478924896771169 ], [ -58.536924490561731, -34.479773577192091 ], [ -58.536879859818669, -34.479836137583725 ], [ -58.536824031969964, -34.479916590060263 ], [ -58.536244613267968, -34.480684813995083 ], [ -58.536133112496245, -34.480836707504558 ], [ -58.537222877282645, -34.481386063154702 ], [ -58.538355400959816, -34.481980988434245 ], [ -58.538402171846876, -34.482107737489159 ], [ -58.537939693437323, -34.482724136921604 ], [ -58.537761638255262, -34.482947344689805 ], [ -58.537683414405876, -34.483063584537724 ], [ -58.536959513636411, -34.484001337433455 ], [ -58.536892485290799, -34.484099683710831 ], [ -58.536803533617181, -34.48420678094552 ], [ -58.536201687800116, -34.485010788424141 ], [ -58.536134815194082, -34.485100122579681 ], [ -58.536067943531535, -34.485189456706792 ] ] ] } },
{ "type": "Feature", "properties": { "radio_id": "067563305", "prov": "06", "depto": "756", "partido": "SAN ISIDRO", "fraccion": "33", "radio": "05", "tipo_radio": "U", "area_fuente": 606470.677, "perimetro_fuente": 3375.023 }, "geometry": { "type": "Polygon", "coordinates": [ [ [ -58.542221610108811, -34.4824868669373 ], [ -58.541530255933104, -34.483434049615362 ], [ -58.54148421458428, -34.483577716728874 ], [ -58.541449055919166, -34.483721513729705 ], [ -58.540825648560443, -34.484516273776791 ], [ -58.540725190506066, -34.484659290671416 ], [ -58.540023545994231, -34.485570286976291 ], [ -58.539923713511193, -34.485677256474915 ], [ -58.539834922041521, -34.485775344298204 ], [ -58.539233721504154, -34.486543320336729 ], [ -58.539155810419139, -34.486641537713801 ], [ -58.539133572525508, -34.486668312431739 ], [ -58.539074343442628, -34.4866315500906 ], [ -58.538594521938421, -34.486368926086264 ], [ -58.538551853875312, -34.486318842180332 ], [ -58.538195854208169, -34.48613431270666 ], [ -58.538130870925634, -34.486115508140706 ], [ -58.537373117533278, -34.487120460107825 ], [ -58.538387259369848, -34.487641860124349 ], [ -58.540318572317233, -34.488629395563137 ], [ -58.541664098616593, -34.489353267716297 ], [ -58.542151980026063, -34.489615732706461 ], [ -58.54441796070337, -34.490769440892237 ], [ -58.54476214306343, -34.490942199642404 ], [ -58.545108573381292, -34.491120180511381 ], [ -58.545982495893966, -34.491572246987779 ], [ -58.54715867761152, -34.492172118730544 ], [ -58.547364748549541, -34.491588689890769 ], [ -58.54757050283402, -34.491023284833318 ], [ -58.547765215313937, -34.490466760735451 ], [ -58.547788076534019, -34.490403937674067 ], [ -58.547948416501626, -34.489946153609473 ], [ -58.547971121208242, -34.48989234218903 ], [ -58.548522691290486, -34.488844314129217 ], [ -58.548538818900653, -34.488813010592807 ], [ -58.549187295430059, -34.487554259683549 ], [ -58.549948891566238, -34.486319433548779 ], [ -58.548869781232625, -34.485774823224467 ], [ -58.548707939005439, -34.485691778986542 ], [ -58.547812138885725, -34.485248485763677 ], [ -58.547650142528866, -34.485174451863003 ], [ -58.546732744035772, -34.484721880551511 ], [ -58.546592515677894, -34.484648104177921 ], [ -58.545610300584968, -34.48416771287966 ], [ -58.54545934880047, -34.484084794031517 ], [ -58.544563582537954, -34.48364147773065 ], [ -58.544412319633345, -34.483576580997557 ], [ -58.543667670372791, -34.483207165862368 ], [ -58.543505838409494, -34.483124115856036 ], [ -58.543343851197434, -34.483050076433251 ], [ -58.542221610108811, -34.4824868669373 ] ] ] } },
{ "type": "Feature", "properties": { "radio_id": "067563306", "prov": "06", "depto": "756", "partido": "SAN ISIDRO", "fraccion": "33", "radio": "06", "tipo_radio": "U", "area_fuente": 314319.158, "perimetro_fuente": 2401.381 }, "geometry": { "type": "Polygon", "coordinates": [ [ [ -58.542979654236504, -34.481459352413637 ], [ -58.542299670413136, -34.482379635674832 ], [ -58.542221610108811, -34.4824868669373 ], [ -58.543343851197434, -34.483050076433251 ], [ -58.543505838409494, -34.483124115856036 ], [ -58.543667670372791, -34.483207165862368 ], [ -58.544412319633345, -34.483576580997557 ], [ -58.544563582537954, -34.48364147773065 ], [ -58.54545934880047, -34.484084794031517 ], [ -58.545610300584968, -34.48416771287966 ], [ -58.546592515677894, -34.484648104177921 ], [ -58.546732744035772, -34.484721880551511 ], [ -58.547650142528866, -34.485174451863003 ], [ -58.547812138885725, -34.485248485763677 ], [ -58.548707939005439, -34.485691778986542 ], [ -58.548869781232625, -34.485774823224467 ], [ -58.549948891566238, -34.486319433548779 ], [ -58.550632100567384, -34.485209861165259 ], [ -58.551237084570452, -34.48421653326281 ], [ -58.551322393746631, -34.484077867979153 ], [ -58.551886675554037, -34.48316063668539 ], [ -58.551168813705793, -34.482814119149531 ], [ -58.549986743583041, -34.482245764124279 ], [ -58.549781688093219, -34.48214418140202 ], [ -58.549664002696659, -34.482088079480334 ], [ -58.549277638178935, -34.481903893193653 ], [ -58.548783080625348, -34.481668127810536 ], [ -58.548723772543319, -34.481635875952563 ], [ -58.548357874698581, -34.481462992224102 ], [ -58.547784484708849, -34.481192066306953 ], [ -58.547590160885939, -34.481099621059187 ], [ -58.546938305529366, -34.480769510216852 ], [ -58.545657833413557, -34.480175282581847 ], [ -58.545614616608866, -34.48015674108909 ], [ -58.545525320473438, -34.480092000145468 ], [ -58.544340828753313, -34.479546680392403 ], [ -58.54369367986282, -34.480458348804405 ], [ -58.543637857990134, -34.48053880544375 ], [ -58.542979654236504, -34.481459352413637 ] ] ] } },
{ "type": "Feature", "properties": { "radio_id": "067563307", "prov": "06", "depto": "756", "partido": "SAN ISIDRO", "fraccion": "33", "radio": "07", "tipo_radio": "U", "area_fuente": 396083.149, "perimetro_fuente": 2953.991 }, "geometry": { "type": "Polygon", "coordinates": [ [ [ -58.551168813705793, -34.482814119149531 ], [ -58.551886675554037, -34.48316063668539 ], [ -58.552280187594363, -34.48243520327518 ], [ -58.552369895360165, -34.48228303559879 ], [ -58.552797447620144, -34.481476881535819 ], [ -58.552842378904657, -34.481396291627824 ], [ -58.553449641520558, -34.480267775872655 ], [ -58.552240618009876, -34.47968560328389 ], [ -58.551625308218789, -34.479389877341191 ], [ -58.551528147162877, -34.479343657808521 ], [ -58.551430985127844, -34.479297438188006 ], [ -58.55099383630963, -34.479084944025175 ], [ -58.549142818045524, -34.478179651809789 ], [ -58.548948656628397, -34.478078198022608 ], [ -58.548776121310901, -34.477978661070743 ], [ -58.548700552137333, -34.477949061676142 ], [ -58.547432706083214, -34.477338750412592 ], [ -58.546012798168228, -34.476655213303289 ], [ -58.545786154761629, -34.476544353601774 ], [ -58.544426146225405, -34.475888200285986 ], [ -58.544261215562791, -34.475809726694749 ], [ -58.544231839479529, -34.475795750037193 ], [ -58.544113235176269, -34.475731242113831 ], [ -58.543163469659554, -34.475269245791139 ], [ -58.543083869584059, -34.47523285998188 ], [ -58.542093038290425, -34.476616046310426 ], [ -58.541125677709189, -34.477997957359207 ], [ -58.542084617058656, -34.478474211405732 ], [ -58.54241929857281, -34.478631433586671 ], [ -58.543239764507504, -34.479019786976203 ], [ -58.543282980178304, -34.479038329284258 ], [ -58.544340828753313, -34.479546680392403 ], [ -58.545525320473438, -34.480092000145468 ], [ -58.545614616608866, -34.48015674108909 ], [ -58.545657833413557, -34.480175282581847 ], [ -58.546938305529366, -34.480769510216852 ], [ -58.547590160885939, -34.481099621059187 ], [ -58.547784484708849, -34.481192066306953 ], [ -58.548357874698581, -34.481462992224102 ], [ -58.548723772543319, -34.481635875952563 ], [ -58.548783080625348, -34.481668127810536 ], [ -58.549277638178935, -34.481903893193653 ], [ -58.549664002696659, -34.482088079480334 ], [ -58.549781688093219, -34.48214418140202 ], [ -58.549986743583041, -34.482245764124279 ], [ -58.551168813705793, -34.482814119149531 ] ] ] } },
{ "type": "Feature", "properties": { "radio_id": "067563308", "prov": "06", "depto": "756", "partido": "SAN ISIDRO", "fraccion": "33", "radio": "08", "tipo_radio": "U", "area_fuente": 825792.354, "perimetro_fuente": 4229.26 }, "geometry": { "type": "Polygon", "coordinates": [ [ [ -58.553449641520558, -34.480267775872655 ], [ -58.552842378904657, -34.481396291627824 ], [ -58.552797447620144, -34.481476881535819 ], [ -58.552369895360165, -34.48228303559879 ], [ -58.552280187594363, -34.48243520327518 ], [ -58.551886675554037, -34.48316063668539 ], [ -58.551322393746631, -34.484077867979153 ], [ -58.551237084570452, -34.48421653326281 ], [ -58.550632100567384, -34.485209861165259 ], [ -58.549948891566238, -34.486319433548779 ], [ -58.549187295430059, -34.487554259683549 ], [ -58.548538818900653, -34.488813010592807 ], [ -58.548522691290486, -34.488844314129217 ], [ -58.547971121208242, -34.48989234218903 ], [ -58.547948416501626, -34.489946153609473 ], [ -58.547788076534019, -34.490403937674067 ], [ -58.547765215313937, -34.490466760735451 ], [ -58.54757050283402, -34.491023284833318 ], [ -58.547364748549541, -34.491588689890769 ], [ -58.54715867761152, -34.492172118730544 ], [ -58.548701654055286, -34.492965621494285 ], [ -58.549273514466194, -34.493260845908168 ], [ -58.549467866882203, -34.493353289046588 ], [ -58.551134164675894, -34.494253511061387 ], [ -58.552373150490176, -34.493432817025848 ], [ -58.55328696395997, -34.492839735837883 ], [ -58.553468730533531, -34.492715698468572 ], [ -58.553512889404644, -34.492680167120469 ], [ -58.554224244902436, -34.492147775349473 ], [ -58.554780961490422, -34.491744246586308 ], [ -58.555205511344091, -34.491429287803427 ], [ -58.555497432119729, -34.491229935622997 ], [ -58.557223345048676, -34.489938859862121 ], [ -58.5569322480249, -34.488511282478477 ], [ -58.556560149082145, -34.486731219323005 ], [ -58.556318363419393, -34.485601669268753 ], [ -58.556237976232204, -34.485213137128767 ], [ -58.556167540931852, -34.484878803900962 ], [ -58.556086999702231, -34.484499283379989 ], [ -58.55594582226766, -34.483848639258916 ], [ -58.555885650649998, -34.483550481387724 ], [ -58.555755357841043, -34.482899965637955 ], [ -58.555744941060546, -34.482872801816235 ], [ -58.555654918753042, -34.482412046788568 ], [ -58.555599880753334, -34.48213197655285 ], [ -58.555413932529547, -34.481237437040605 ], [ -58.55531302586796, -34.480145604172982 ], [ -58.555295456097134, -34.479902030998105 ], [ -58.555220671863985, -34.479189075740756 ], [ -58.555223468657509, -34.479026865460234 ], [ -58.555231392812857, -34.478567267988936 ], [ -58.5552391614181, -34.478116682215237 ], [ -58.555005507400011, -34.478411366310176 ], [ -58.554194781203087, -34.479348199305882 ], [ -58.554083780751391, -34.479473074916868 ], [ -58.554028280392494, -34.479535513131061 ], [ -58.553449641520558, -34.480267775872655 ] ] ] } },
{ "type": "Feature", "properties": { "radio_id": "067563401", "prov": "06", "depto": "756", "partido": "SAN ISIDRO", "fraccion": "34", "radio": "01", "tipo_radio": "U", "area_fuente": 89675.699, "perimetro_fuente": 1310.676 }, "geometry": { "type": "Polygon", "coordinates": [ [ [ -58.576600004315004, -34.4912387600682 ], [ -58.577233127233846, -34.491777935235334 ], [ -58.577818397929228, -34.491289004273952 ], [ -58.578483875646718, -34.49184657595702 ], [ -58.579068681097162, -34.491384674264076 ], [ -58.5792892648821, -34.491215981399087 ], [ -58.580293303247501, -34.490425445219763 ], [ -58.580872569976357, -34.489975464549296 ], [ -58.581550853966633, -34.489448558497259 ], [ -58.581530307261467, -34.489376211211471 ], [ -58.581498418974149, -34.489330773923648 ], [ -58.581444686899196, -34.489289588904057 ], [ -58.581379842182763, -34.489261795219832 ], [ -58.581293077363718, -34.489242760562476 ], [ -58.580428650669312, -34.48911027024301 ], [ -58.579925012419864, -34.489033074890393 ], [ -58.579523231598763, -34.488974322767838 ], [ -58.579234279285188, -34.489002510534966 ], [ -58.578465525600869, -34.489079197600603 ], [ -58.578051333342614, -34.489110431218315 ], [ -58.577753495524036, -34.489341317773601 ], [ -58.577179734597742, -34.489794329341059 ], [ -58.576992107168543, -34.489945374207018 ], [ -58.576771521256923, -34.490114062913264 ], [ -58.576583893449978, -34.490265108022371 ], [ -58.576186712644244, -34.490575954508508 ], [ -58.576076494761899, -34.490655792239544 ], [ -58.575999081676862, -34.490726997742584 ], [ -58.576600004315004, -34.4912387600682 ] ] ] } },
{ "type": "Feature", "properties": { "radio_id": "067563402", "prov": "06", "depto": "756", "partido": "SAN ISIDRO", "fraccion": "34", "radio": "02", "tipo_radio": "U", "area_fuente": 171890.589, "perimetro_fuente": 2020.273 }, "geometry": { "type": "Polygon", "coordinates": [ [ [ -58.575226325281825, -34.491357951847462 ], [ -58.574685342441136, -34.491802319864306 ], [ -58.57404486253477, -34.492335659899361 ], [ -58.574022787418713, -34.492353429398783 ], [ -58.572750908890256, -34.49337635014048 ], [ -58.571846084926463, -34.494082307486636 ], [ -58.57064020912739, -34.495045007250383 ], [ -58.572426046518203, -34.496616219997563 ], [ -58.572514199247657, -34.496554155096852 ], [ -58.573198719795499, -34.495994297643129 ], [ -58.573684242145674, -34.4956123844728 ], [ -58.574033874532297, -34.495324092704216 ], [ -58.574136952041499, -34.495239099901852 ], [ -58.574655578159081, -34.494830528345631 ], [ -58.574677653817091, -34.494812758751664 ], [ -58.574931216500154, -34.494626432589875 ], [ -58.575118703926762, -34.494484402228608 ], [ -58.575714737195284, -34.494004620167424 ], [ -58.576222463692197, -34.493595914605201 ], [ -58.576299726153778, -34.493533719947195 ], [ -58.576553587704844, -34.493329366603632 ], [ -58.576873671174575, -34.493071701737989 ], [ -58.577171679150993, -34.492831806968695 ], [ -58.577182716451247, -34.492822921928919 ], [ -58.577447762917352, -34.492600669742139 ], [ -58.577491758804683, -34.492574141269898 ], [ -58.577876989422442, -34.492326245774237 ], [ -58.578483875646718, -34.49184657595702 ], [ -58.577818397929228, -34.491289004273952 ], [ -58.577233127233846, -34.491777935235334 ], [ -58.576600004315004, -34.4912387600682 ], [ -58.575999081676862, -34.490726997742584 ], [ -58.575701079226249, -34.490966890747465 ], [ -58.575623818771, -34.491029085099875 ], [ -58.575226325281825, -34.491357951847462 ] ] ] } },
{ "type": "Feature", "properties": { "radio_id": "067563403", "prov": "06", "depto": "756", "partido": "SAN ISIDRO", "fraccion": "34", "radio": "03", "tipo_radio": "U", "area_fuente": 84470.581, "perimetro_fuente": 1241.099 }, "geometry": { "type": "Polygon", "coordinates": [ [ [ -58.577491758804683, -34.492574141269898 ], [ -58.577447762917352, -34.492600669742139 ], [ -58.577182716451247, -34.492822921928919 ], [ -58.577171679150993, -34.492831806968695 ], [ -58.576873671174575, -34.493071701737989 ], [ -58.576553587704844, -34.493329366603632 ], [ -58.576299726153778, -34.493533719947195 ], [ -58.576222463692197, -34.493595914605201 ], [ -58.575714737195284, -34.494004620167424 ], [ -58.575118703926762, -34.494484402228608 ], [ -58.574931216500154, -34.494626432589875 ], [ -58.574677653817091, -34.494812758751664 ], [ -58.574655578159081, -34.494830528345631 ], [ -58.574136952041499, -34.495239099901852 ], [ -58.574963862332403, -34.495906738370131 ], [ -58.575769170809608, -34.49656510593033 ], [ -58.576520203505119, -34.49593389634969 ], [ -58.576531241293203, -34.495925011384998 ], [ -58.577304338813072, -34.495276027605371 ], [ -58.577845637354585, -34.494813624848859 ], [ -58.577867559318783, -34.494804866459944 ], [ -58.578419889077907, -34.49433357587268 ], [ -58.578861841024754, -34.493951134576534 ], [ -58.578144524012153, -34.493239729768781 ], [ -58.577491758804683, -34.492574141269898 ] ] ] } },
{ "type": "Feature", "properties": { "radio_id": "067563404", "prov": "06", "depto": "756", "partido": "SAN ISIDRO", "fraccion": "34", "radio": "04", "tipo_radio": "U", "area_fuente": 85145.914, "perimetro_fuente": 1225.348 }, "geometry": { "type": "Polygon", "coordinates": [ [ [ -58.578861841024754, -34.493951134576534 ], [ -58.578419889077907, -34.49433357587268 ], [ -58.577867559318783, -34.494804866459944 ], [ -58.577845637354585, -34.494813624848859 ], [ -58.577304338813072, -34.495276027605371 ], [ -58.576531241293203, -34.495925011384998 ], [ -58.576520203505119, -34.49593389634969 ], [ -58.575769170809608, -34.49656510593033 ], [ -58.576574490883843, -34.497223467511922 ], [ -58.577422750667701, -34.497918379119014 ], [ -58.578195860461022, -34.497269389285343 ], [ -58.578593218571484, -34.496949525386938 ], [ -58.578979690029875, -34.496629533507004 ], [ -58.579333044792598, -34.496336195978614 ], [ -58.5795318732563, -34.496167249973077 ], [ -58.579752470173794, -34.495998556700954 ], [ -58.579951143070907, -34.495838622656549 ], [ -58.580116704158961, -34.495705343281521 ], [ -58.580403979888132, -34.495456302402495 ], [ -58.579717066794025, -34.494799626273164 ], [ -58.579606481850156, -34.49469164862824 ], [ -58.579193598300471, -34.494288494960415 ], [ -58.578861841024754, -34.493951134576534 ] ] ] } },
{ "type": "Feature", "properties": { "radio_id": "067563405", "prov": "06", "depto": "756", "partido": "SAN ISIDRO", "fraccion": "34", "radio": "05", "tipo_radio": "U", "area_fuente": 196117.445, "perimetro_fuente": 1916.514 }, "geometry": { "type": "Polygon", "coordinates": [ [ [ -58.574136952041499, -34.495239099901852 ], [ -58.574033874532297, -34.495324092704216 ], [ -58.573684242145674, -34.4956123844728 ], [ -58.573198719795499, -34.495994297643129 ], [ -58.572514199247657, -34.496554155096852 ], [ -58.572426046518203, -34.496616219997563 ], [ -58.571940052660779, -34.497025163146965 ], [ -58.572646921844132, -34.497709440048659 ], [ -58.572753773217741, -34.497827864845007 ], [ -58.572935590180812, -34.498019273844506 ], [ -58.573374805735163, -34.498439027096474 ], [ -58.573449924351458, -34.498502999300129 ], [ -58.5737391356245, -34.498781289181942 ], [ -58.574114200012495, -34.499132689967006 ], [ -58.574999405127265, -34.499895650290796 ], [ -58.574673156326945, -34.500193797773001 ], [ -58.575424841838277, -34.500806474162175 ], [ -58.576187424762743, -34.501419273025817 ], [ -58.576530077774869, -34.501116805915181 ], [ -58.577038304270602, -34.500681063035451 ], [ -58.577546526558294, -34.500245317892364 ], [ -58.577877978599169, -34.499960742633753 ], [ -58.5783311536036, -34.499560407515574 ], [ -58.57889439819504, -34.499089242525976 ], [ -58.578142242396495, -34.498503623360222 ], [ -58.577422750667701, -34.497918379119014 ], [ -58.576574490883843, -34.497223467511922 ], [ -58.575769170809608, -34.49656510593033 ], [ -58.574963862332403, -34.495906738370131 ], [ -58.574136952041499, -34.495239099901852 ] ] ] } },
{ "type": "Feature", "properties": { "radio_id": "067563406", "prov": "06", "depto": "756", "partido": "SAN ISIDRO", "fraccion": "34", "radio": "06", "tipo_radio": "U", "area_fuente": 74934.419, "perimetro_fuente": 1103.645 }, "geometry": { "type": "Polygon", "coordinates": [ [ [ -58.571530124863912, -34.499994840961371 ], [ -58.572249129360785, -34.500607154434505 ], [ -58.572944571960953, -34.50004742686621 ], [ -58.572955610674988, -34.500038542253392 ], [ -58.573523869887296, -34.499594501796381 ], [ -58.574059161112579, -34.499168100902367 ], [ -58.574114200012495, -34.499132689967006 ], [ -58.5737391356245, -34.498781289181942 ], [ -58.573449924351458, -34.498502999300129 ], [ -58.573374805735163, -34.498439027096474 ], [ -58.572935590180812, -34.498019273844506 ], [ -58.572753773217741, -34.497827864845007 ], [ -58.572646921844132, -34.497709440048659 ], [ -58.571940052660779, -34.497025163146965 ], [ -58.57123374461159, -34.49758475751689 ], [ -58.570648698908343, -34.498055631759108 ], [ -58.570361692410188, -34.498286626008841 ], [ -58.569953258461339, -34.498615346461264 ], [ -58.570811437424837, -34.499364499916453 ], [ -58.571530124863912, -34.499994840961371 ] ] ] } },
{ "type": "Feature", "properties": { "radio_id": "067563407", "prov": "06", "depto": "756", "partido": "SAN ISIDRO", "fraccion": "34", "radio": "07", "tipo_radio": "U", "area_fuente": 633518.478, "perimetro_fuente": 3685.47 }, "geometry": { "type": "Polygon", "coordinates": [ [ [ -58.564493919474138, -34.506839258522085 ], [ -58.564606599553628, -34.506935224923978 ], [ -58.564705809510912, -34.506864282371332 ], [ -58.565254740749374, -34.506600324963614 ], [ -58.566001157559725, -34.506248549053979 ], [ -58.566088862190703, -34.50621352446327 ], [ -58.566165835204906, -34.506169361190665 ], [ -58.566497195775888, -34.505893830383677 ], [ -58.566828398777766, -34.505627311238726 ], [ -58.567148714975033, -34.50536066345235 ], [ -58.567490953771426, -34.505085257431574 ], [ -58.567943434901061, -34.504730021831421 ], [ -58.56852854336492, -34.504259162587729 ], [ -58.569135570456396, -34.503779543613661 ], [ -58.569256698027473, -34.50369984130797 ], [ -58.569532687052828, -34.503477734670653 ], [ -58.569624081508366, -34.503226426222547 ], [ -58.570188980857225, -34.502025224663448 ], [ -58.570805790554118, -34.50160880630704 ], [ -58.571422747899618, -34.50118337379277 ], [ -58.572249129360785, -34.500607154434505 ], [ -58.571530124863912, -34.499994840961371 ], [ -58.570811437424837, -34.499364499916453 ], [ -58.569953258461339, -34.498615346461264 ], [ -58.570361692410188, -34.498286626008841 ], [ -58.570648698908343, -34.498055631759108 ], [ -58.57123374461159, -34.49758475751689 ], [ -58.571940052660779, -34.497025163146965 ], [ -58.572426046518203, -34.496616219997563 ], [ -58.57064020912739, -34.495045007250383 ], [ -58.569751853611834, -34.495746680290154 ], [ -58.567687932290276, -34.497390005274482 ], [ -58.565999420237915, -34.498722227642631 ], [ -58.564950992067793, -34.499548174946369 ], [ -58.564255656472554, -34.500098844075652 ], [ -58.564244616855603, -34.500107727878877 ], [ -58.562500486019644, -34.501502340066892 ], [ -58.562489291305354, -34.501520235428266 ], [ -58.561910231456679, -34.501955082746441 ], [ -58.56096606235527, -34.502728140444809 ], [ -58.560943981728556, -34.502745907413221 ], [ -58.561754397706999, -34.503737926574949 ], [ -58.562436215153845, -34.504611251011184 ], [ -58.562446791321925, -34.50462940256741 ], [ -58.563194712207455, -34.505458433955539 ], [ -58.563600948546281, -34.505895860923246 ], [ -58.563761453072424, -34.506059991146564 ], [ -58.563986190268189, -34.506287972027522 ], [ -58.564493919474138, -34.506839258522085 ] ] ] } },
{ "type": "Feature", "properties": { "radio_id": "067563501", "prov": "06", "depto": "756", "partido": "SAN ISIDRO", "fraccion": "35", "radio": "01", "tipo_radio": "U", "area_fuente": 179081.573, "perimetro_fuente": 2343.88 }, "geometry": { "type": "Polygon", "coordinates": [ [ [ -58.555951214462056, -34.516860577372391 ], [ -58.55534095605168, -34.517328930604407 ], [ -58.554992066682416, -34.517043177644844 ], [ -58.554895972601273, -34.516961330927771 ], [ -58.554789957377523, -34.516871032840179 ], [ -58.55462719393104, -34.516732400511216 ], [ -58.553589468012781, -34.517549356610424 ], [ -58.55355649453422, -34.517566993122792 ], [ -58.552474417605644, -34.518428481632853 ], [ -58.551679450897197, -34.519059014113381 ], [ -58.550670999972041, -34.519814667070598 ], [ -58.549856034040182, -34.52044389165475 ], [ -58.549086359681127, -34.521020215728399 ], [ -58.549332539314548, -34.521224915619911 ], [ -58.549537237946197, -34.521395124331121 ], [ -58.550619382578112, -34.52053366397179 ], [ -58.551434987231126, -34.521228366399832 ], [ -58.55184263810829, -34.521584726869001 ], [ -58.552207520728764, -34.521895511455284 ], [ -58.553047933843786, -34.521157352485034 ], [ -58.553257917101647, -34.520979570954694 ], [ -58.553401639303232, -34.520855084340155 ], [ -58.554103599820145, -34.520250479400467 ], [ -58.554253787700198, -34.520119208101072 ], [ -58.555357708268708, -34.519201728963601 ], [ -58.555932257593447, -34.518721795005007 ], [ -58.556440543019654, -34.518295156103854 ], [ -58.557047108147295, -34.517727958445278 ], [ -58.557484296158684, -34.517346986517687 ], [ -58.558325847596485, -34.516637470414778 ], [ -58.557837954332001, -34.516226668710836 ], [ -58.557191293789614, -34.516280460066206 ], [ -58.556887851278923, -34.516280980636061 ], [ -58.556691116715548, -34.516308224721655 ], [ -58.55661163341059, -34.51636110151756 ], [ -58.556512544151744, -34.516428531413887 ], [ -58.555951214462056, -34.516860577372391 ] ] ] } },
{ "type": "Feature", "properties": { "radio_id": "067563502", "prov": "06", "depto": "756", "partido": "SAN ISIDRO", "fraccion": "35", "radio": "02", "tipo_radio": "U", "area_fuente": 140816.818, "perimetro_fuente": 1621.057 }, "geometry": { "type": "Polygon", "coordinates": [ [ [ -58.550619382578112, -34.52053366397179 ], [ -58.549537237946197, -34.521395124331121 ], [ -58.549332539314548, -34.521224915619911 ], [ -58.549086359681127, -34.521020215728399 ], [ -58.548026594572093, -34.521845874217931 ], [ -58.548015550331719, -34.521854756407699 ], [ -58.547021716734996, -34.522645135678431 ], [ -58.546988740977419, -34.52266277033025 ], [ -58.5459976936597, -34.523474306196512 ], [ -58.546246999546966, -34.523687886283128 ], [ -58.546808285562953, -34.524168733349384 ], [ -58.547562377899879, -34.52481474236906 ], [ -58.548186834106531, -34.525349685408713 ], [ -58.549145173440046, -34.524536172369999 ], [ -58.549532197894564, -34.524198257825354 ], [ -58.550118015479093, -34.523700459343893 ], [ -58.550140104026802, -34.52368269458912 ], [ -58.550958308046866, -34.522971327526072 ], [ -58.551157257368274, -34.522802431456775 ], [ -58.552207520728764, -34.521895511455284 ], [ -58.55184263810829, -34.521584726869001 ], [ -58.551434987231126, -34.521228366399832 ], [ -58.550619382578112, -34.52053366397179 ] ] ] } },
{ "type": "Feature", "properties": { "radio_id": "067563503", "prov": "06", "depto": "756", "partido": "SAN ISIDRO", "fraccion": "35", "radio": "03", "tipo_radio": "U", "area_fuente": 122104.109, "perimetro_fuente": 1410.096 }, "geometry": { "type": "Polygon", "coordinates": [ [ [ -58.549231855331222, -34.52624488396512 ], [ -58.550563295397318, -34.527385399568409 ], [ -58.551495197563277, -34.526556049516159 ], [ -58.552468041044811, -34.52572031803286 ], [ -58.553507128501693, -34.524831282084904 ], [ -58.5524340558718, -34.523908204839778 ], [ -58.552326735189268, -34.523816797617435 ], [ -58.55216575297171, -34.523679686596246 ], [ -58.551307504306322, -34.522930402929894 ], [ -58.551157257368274, -34.522802431456775 ], [ -58.550958308046866, -34.522971327526072 ], [ -58.550140104026802, -34.52368269458912 ], [ -58.550118015479093, -34.523700459343893 ], [ -58.549532197894564, -34.524198257825354 ], [ -58.549145173440046, -34.524536172369999 ], [ -58.548186834106531, -34.525349685408713 ], [ -58.549231855331222, -34.52624488396512 ] ] ] } },
{ "type": "Feature", "properties": { "radio_id": "067563504", "prov": "06", "depto": "756", "partido": "SAN ISIDRO", "fraccion": "35", "radio": "04", "tipo_radio": "U", "area_fuente": 202423.116, "perimetro_fuente": 1921.612 }, "geometry": { "type": "Polygon", "coordinates": [ [ [ -58.555932257593447, -34.518721795005007 ], [ -58.555357708268708, -34.519201728963601 ], [ -58.554253787700198, -34.520119208101072 ], [ -58.554103599820145, -34.520250479400467 ], [ -58.553401639303232, -34.520855084340155 ], [ -58.553257917101647, -34.520979570954694 ], [ -58.553047933843786, -34.521157352485034 ], [ -58.552207520728764, -34.521895511455284 ], [ -58.551157257368274, -34.522802431456775 ], [ -58.551307504306322, -34.522930402929894 ], [ -58.55216575297171, -34.523679686596246 ], [ -58.552326735189268, -34.523816797617435 ], [ -58.5524340558718, -34.523908204839778 ], [ -58.553507128501693, -34.524831282084904 ], [ -58.554568437256037, -34.523915459372347 ], [ -58.554855887837611, -34.523666484048242 ], [ -58.555032899396664, -34.523506335496215 ], [ -58.555596592974844, -34.523026275404305 ], [ -58.556182367051584, -34.522528447521054 ], [ -58.55664665700828, -34.522128328685575 ], [ -58.55675709079906, -34.522039498714982 ], [ -58.557320919977322, -34.52155041837689 ], [ -58.557707586293233, -34.521230499927213 ], [ -58.557895630335871, -34.521061463800301 ], [ -58.558558988331306, -34.520483418459513 ], [ -58.557934491928805, -34.520070437736315 ], [ -58.557686873270363, -34.51990527121383 ], [ -58.556804037146698, -34.519317977636923 ], [ -58.555932257593447, -34.518721795005007 ] ] ] } },
{ "type": "Feature", "properties": { "radio_id": "067563505", "prov": "06", "depto": "756", "partido": "SAN ISIDRO", "fraccion": "35", "radio": "05", "tipo_radio": "U", "area_fuente": 122919.381, "perimetro_fuente": 1434.788 }, "geometry": { "type": "Polygon", "coordinates": [ [ [ -58.561120798422223, -34.523935180703063 ], [ -58.561665758772186, -34.523467463345099 ], [ -58.561972846033491, -34.523198788652692 ], [ -58.5624233571342, -34.522804624421184 ], [ -58.56326290926156, -34.522098025970138 ], [ -58.562515966998816, -34.521521543899915 ], [ -58.561871527083461, -34.521000186928603 ], [ -58.561183853177681, -34.520460290226708 ], [ -58.560517808413074, -34.519929658183514 ], [ -58.559841040735556, -34.519389882606788 ], [ -58.559410064823261, -34.51975435306214 ], [ -58.558558988331306, -34.520483418459513 ], [ -58.557895630335871, -34.521061463800301 ], [ -58.557707586293233, -34.521230499927213 ], [ -58.558384355317934, -34.521770287212526 ], [ -58.559050400352938, -34.522300930766733 ], [ -58.559372847887438, -34.522548098976991 ], [ -58.559727185635566, -34.522840710938091 ], [ -58.560393402811854, -34.523362335815762 ], [ -58.561120798422223, -34.523935180703063 ] ] ] } },
{ "type": "Feature", "properties": { "radio_id": "067563506", "prov": "06", "depto": "756", "partido": "SAN ISIDRO", "fraccion": "35", "radio": "06", "tipo_radio": "U", "area_fuente": 120621.199, "perimetro_fuente": 1422.465 }, "geometry": { "type": "Polygon", "coordinates": [ [ [ -58.558304030215339, -34.525167425974246 ], [ -58.559037493113408, -34.525722981226231 ], [ -58.559401660769183, -34.525409334307902 ], [ -58.560172073727387, -34.52474871807992 ], [ -58.560911702792154, -34.524114483409427 ], [ -58.561120798422223, -34.523935180703063 ], [ -58.560393402811854, -34.523362335815762 ], [ -58.559727185635566, -34.522840710938091 ], [ -58.559372847887438, -34.522548098976991 ], [ -58.559050400352938, -34.522300930766733 ], [ -58.558384355317934, -34.521770287212526 ], [ -58.557707586293233, -34.521230499927213 ], [ -58.557320919977322, -34.52155041837689 ], [ -58.55675709079906, -34.522039498714982 ], [ -58.55664665700828, -34.522128328685575 ], [ -58.556182367051584, -34.522528447521054 ], [ -58.555596592974844, -34.523026275404305 ], [ -58.556294826126226, -34.52358435502785 ], [ -58.556950138789531, -34.52410586952336 ], [ -58.557637813608459, -34.524645789824277 ], [ -58.558304030215339, -34.525167425974246 ] ] ] } },
{ "type": "Feature", "properties": { "radio_id": "067563507", "prov": "06", "depto": "756", "partido": "SAN ISIDRO", "fraccion": "35", "radio": "07", "tipo_radio": "U", "area_fuente": 71803.059, "perimetro_fuente": 1181.274 }, "geometry": { "type": "Polygon", "coordinates": [ [ [ -58.555596592974844, -34.523026275404305 ], [ -58.555032899396664, -34.523506335496215 ], [ -58.554855887837611, -34.523666484048242 ], [ -58.554568437256037, -34.523915459372347 ], [ -58.553507128501693, -34.524831282084904 ], [ -58.552468041044811, -34.52572031803286 ], [ -58.553155231270765, -34.526287298010587 ], [ -58.553788142949131, -34.526844617882141 ], [ -58.554849787543404, -34.525910770273349 ], [ -58.556198545594043, -34.52474595755853 ], [ -58.556463751452462, -34.524523755077254 ], [ -58.556950138789531, -34.52410586952336 ], [ -58.556294826126226, -34.52358435502785 ], [ -58.555596592974844, -34.523026275404305 ] ] ] } },
{ "type": "Feature", "properties": { "radio_id": "067563508", "prov": "06", "depto": "756", "partido": "SAN ISIDRO", "fraccion": "35", "radio": "08", "tipo_radio": "U", "area_fuente": 111622.392, "perimetro_fuente": 1372.247 }, "geometry": { "type": "Polygon", "coordinates": [ [ [ -58.555781819148763, -34.528505720171047 ], [ -58.556410041571297, -34.527986841042207 ], [ -58.55693293867624, -34.527536318001872 ], [ -58.55714531032767, -34.527353338563387 ], [ -58.55788973247941, -34.526711935547091 ], [ -58.558264164606747, -34.52638931516568 ], [ -58.558653849454238, -34.526053548038128 ], [ -58.559037493113408, -34.525722981226231 ], [ -58.558304030215339, -34.525167425974246 ], [ -58.557637813608459, -34.524645789824277 ], [ -58.556950138789531, -34.52410586952336 ], [ -58.556463751452462, -34.524523755077254 ], [ -58.556198545594043, -34.52474595755853 ], [ -58.554849787543404, -34.525910770273349 ], [ -58.553788142949131, -34.526844617882141 ], [ -58.554378600015795, -34.527338337443773 ], [ -58.554453729911963, -34.527402321338435 ], [ -58.555086659761926, -34.527959633920638 ], [ -58.555781819148763, -34.528505720171047 ] ] ] } },
{ "type": "Feature", "properties": { "radio_id": "067563509", "prov": "06", "depto": "756", "partido": "SAN ISIDRO", "fraccion": "35", "radio": "09", "tipo_radio": "U", "area_fuente": 55922.02, "perimetro_fuente": 1126.804 }, "geometry": { "type": "Polygon", "coordinates": [ [ [ -58.554124703584819, -34.528795514905703 ], [ -58.554753882040764, -34.529353633858058 ], [ -58.554761066907666, -34.529347707791686 ], [ -58.555508879362918, -34.52873086240016 ], [ -58.555589458518327, -34.528664394571393 ], [ -58.555781819148763, -34.528505720171047 ], [ -58.555086659761926, -34.527959633920638 ], [ -58.554453729911963, -34.527402321338435 ], [ -58.554378600015795, -34.527338337443773 ], [ -58.553788142949131, -34.526844617882141 ], [ -58.553155231270765, -34.526287298010587 ], [ -58.552468041044811, -34.52572031803286 ], [ -58.551495197563277, -34.526556049516159 ], [ -58.552171343121607, -34.527131917453076 ], [ -58.55241834859887, -34.527333141848622 ], [ -58.552826032573272, -34.527689500443877 ], [ -58.553469997903115, -34.528237939455899 ], [ -58.554124703584819, -34.528795514905703 ] ] ] } },
{ "type": "Feature", "properties": { "radio_id": "067563510", "prov": "06", "depto": "756", "partido": "SAN ISIDRO", "fraccion": "35", "radio": "10", "tipo_radio": "U", "area_fuente": 54002.789, "perimetro_fuente": 1107.998 }, "geometry": { "type": "Polygon", "coordinates": [ [ [ -58.550563295397318, -34.527385399568409 ], [ -58.55122050329016, -34.527948347903894 ], [ -58.55186284677918, -34.528498555283733 ], [ -58.552510013088479, -34.529052881604223 ], [ -58.553152498047403, -34.529603187660001 ], [ -58.5537896832748, -34.530148945219644 ], [ -58.554753882040764, -34.529353633858058 ], [ -58.554124703584819, -34.528795514905703 ], [ -58.553469997903115, -34.528237939455899 ], [ -58.552826032573272, -34.527689500443877 ], [ -58.55241834859887, -34.527333141848622 ], [ -58.552171343121607, -34.527131917453076 ], [ -58.551495197563277, -34.526556049516159 ], [ -58.550563295397318, -34.527385399568409 ] ] ] } }
]
}
