circ,secc,fraccion,manzana,vub_promedio_por_lados,lados_x_valor
1,A,,1,4222.29,4x3936|2x4344|1x5124
1,A,,10,3453.0,3x3156|1x4344
1,A,,100,14818.0,2x12516|2x17120
1,A,,11,3156.0,4x3156
1,A,,12,3156.0,4x3156
1,A,,13,3051.0,1x2736|3x3156
1,A,,14,4344.0,8x4344
1,A,,15,4140.0,2x3936|2x4344
1,A,,17,4038.0,3x3936|1x4344
1,A,,18,3831.0,1x3516|3x3936
1,A,,19,3831.0,1x3516|3x3936
1,A,,2,3726.0,2x3516|2x3936
1,A,,20,3778.5,3x3516|5x3936
1,A,,21,3936.0,3x3936
1,A,,22,3936.0,4x3936
1,A,,23,3831.0,1x3516|3x3936
1,A,,24,3426.0,1x3156|3x3516
1,A,,25,3516.0,4x3516
1,A,,26,3936.0,4x3936
1,A,,27,3831.0,1x3516|3x3936
1,A,,28,3537.6,2x3156|2x3516|1x4344
1,A,,29,3426.0,1x3156|3x3516
1,A,,3,3516.0,8x3516
1,A,,30,4137.0,1x3516|3x4344
1,A,,31,4344.0,2x4344
1,A,,32,3948.0,1x3156|2x4344
1,A,,33,3453.0,3x3156|1x4344
1,A,,34,3156.0,4x3156
1,A,,35,3156.0,4x3156
1,A,,36,3051.0,1x2736|3x3156
1,A,,37,4441.5,7x4344|1x5124
1,A,,38,4140.0,2x3936|2x4344
1,A,,39,3936.0,5x3936
1,A,,4,3516.0,5x3516
1,A,,40,3936.0,4x3936
1,A,,41,3933.0,1x3924|3x3936
1,A,,42,3936.0,3x3936
1,A,,43,3936.0,3x3936
1,A,,45,4140.0,2x3936|2x4344
1,A,,46,3936.0,4x3936
1,A,,47,3936.0,4x3936
1,A,,48,3936.0,4x3936
1,A,,49,3936.0,4x3936
1,A,,50,3936.0,4x3936
1,A,,51,3936.0,4x3936
1,A,,52,3831.0,1x3516|3x3936
1,A,,53,3828.0,2x3516|1x3936|1x4344
1,A,,54,4035.0,1x3516|1x3936|2x4344
1,A,,55,4208.0,1x3936|2x4344
1,A,,56,4208.0,1x3936|2x4344
1,A,,57,3750.0,2x3156|2x4344
1,A,,58,3453.0,3x3156|1x4344
1,A,,59,3453.0,3x3156|1x4344
1,A,,60,3453.0,3x3156|1x4344
1,A,,61,8076.0,1x5124|3x9060
1,A,,64,6186.0,2x3936|1x7824|1x9048
1,A,,65,5988.0,2x3936|1x7032|1x9048
1,A,,7,3930.0,2x3516|2x4344
1,A,,71,9579.0,1x7032|1x9660|1x9828|1x11796
1,A,,72,9621.0,1x7032|2x9828|1x11796
1,A,,73,9216.0,1x3936|1x9828|1x11304|1x11796
1,A,,74,9012.0,1x3936|1x11304|1x11796
1,A,,75,11673.0,1x11304|3x11796
1,A,,75A,6556.0,2x3936|1x11796
1,A,,76,9749.5,1x3936|1x11470|2x11796
1,A,,8,3831.0,1x3516|3x3936
1,A,,80,11304.0,4x11304
1,A,,81,11666.0,1x11016|5x11796
1,A,,82,11714.5,1x11016|1x11470|1x11796|1x12576
1,A,,83,11909.5,1x11470|2x11796|1x12576
1,A,,85,11796.0,1x11016|2x11796|1x12576
1,A,,89,10028.0,1x9516|1x10188|1x10380
1,A,,9,3936.0,3x3936
1,A,,90,9900.0,2x9516|1x10188|1x10380
1,A,,91,9804.0,2x9516|1x10380
1,A,,92,8964.0,2x7632|1x9516|1x9660|1x10380
1,A,,93,11262.0,1x9660|3x11796
1,A,,94,11140.0,1x9828|2x11796
1,A,,95,11304.0,1x9828|3x11796
1,A,,96,11304.0,1x9828|3x11796
1,A,,97,11304.0,1x9828|3x11796
1,A,,98,13268.0,2x11796|2x14740
1,A,,99,13268.0,2x11796|2x14740
1,A,1,,2824.9,63x2736|1x3000|3x3156|1x3516|2x3936|1x4344
1,A,10,,3516.0,6x3516
1,A,12,,3516.0,5x3516
1,A,3,,3936.0,5x3936
1,A,5,,4078.0,1x3156|1x3936|4x4344
1,A,6A,,8697.6,1x7632|5x7824|1x9660|3x10188
1,A,6B,,9962.67,1x7968|7x10188|1x10380
1,A,7,,10685.11,2x4344|5x11016|6x11470|3x11796|1x11840|1x12516
1,B,,39,7611.0,1x6240|2x6912|1x10380
1,B,,40,7779.0,3x6912|1x10380
1,B,,41,7779.0,3x6912|1x10380
1,B,,42,8212.5,5x6912|3x10380
1,B,,43,10575.0,1x6912|3x11796
1,B,,44,11633.0,2x11470|2x11796
1,B,,45,11524.33,5x11470|1x11796
1,B,,46,12369.0,2x11470|1x11796|1x14740
1,B,,47,13922.5,1x11470|3x14740
1,B,,48,10575.0,1x6912|3x11796
1,B,,49,11796.0,4x11796
1,B,,50,11578.67,2x11470|1x11796
1,B,,51,6576.0,2x6240|2x6912
1,B,,52,6912.0,4x6912
1,B,,53,6912.0,4x6912
1,B,,54,6912.0,4x6912
1,B,,55,10083.0,1x6912|1x9828|2x11796
1,B,,56,11796.0,4x11796
1,B,,57,11551.5,3x11470|1x11796
1,B,,58,11470.0,4x11470
1,B,,59,12016.67,2x11470|1x13110
1,B,,60,13925.0,2x13110|2x14740
1,B,,61,15335.0,3x14740|1x17120
1,B,,62,15146.0,1x11604|1x14740|2x17120
1,B,,63,6576.0,2x6240|2x6912
1,B,,64,7528.0,5x6912|1x10608
1,B,,65,7836.0,3x6912|1x10608
1,B,,66,8016.0,2x6912|1x7632|1x10608
1,B,,67,9771.0,1x7632|2x9828|1x11796
1,B,,68,11796.0,4x11796
1,B,,69,11551.5,3x11470|1x11796
1,B,,70,12563.33,2x11470|4x13110
1,B,,71,13517.5,3x13110|1x14740
1,B,,72,14740.0,4x14740
1,B,,73,14382.5,1x13310|3x14740
1,B,,74,10484.0,2x9828|1x11796
1,B,,75,12022.0,3x11796|1x12700
1,B,,76,11961.5,2x11470|1x11796|1x13110
1,B,,77,12700.0,1x11470|3x13110
1,B,,78,13517.5,3x13110|1x14740
1,B,,79,14330.0,1x13100|3x14740
1,B,,80,13598.5,1x11604|1x13310|2x14740
1,B,,81,7668.0,1x6240|2x6912|1x10608
1,B,,82,7836.0,3x6912|1x10608
1,B,,83,12563.33,1x11470|2x13110
1,B,,84,12700.0,1x11470|3x13110
1,B,,85,13100.0,6x13100
1,B,,86,13100.0,3x13100
1,B,,87,8760.0,2x6912|2x10608
1,B,,88,9684.0,1x6912|3x10608
1,B,,90,9654.0,1x6792|3x10608
1,B,,91,9433.0,1x6792|1x7632|1x10608|1x12700
1,B,,92,11200.5,1x7632|1x11770|2x12700
1,B,,93,12235.0,2x11770|2x12700
1,B,,94,12597.5,1x11470|1x12700|2x13110
1,B,,95,12262.5,1x11470|1x11770|1x12700|1x13110
1,B,,96,13367.5,3x13110|1x14140
1,B,,97,13625.0,2x13110|2x14140
1,B,,98,13771.0,1x11604|2x14140|1x15200
2,A,,1,6555.0,1x4056|1x5172|1x6384|1x10608
2,A,,12,5124.0,2x4500|1x5172|1x6324
2,A,,13,9305.5,1x6324|1x8244|1x9504|1x13150
2,A,,14,8880.0,2x8244|2x9516
2,A,,15,9613.71,1x9504|4x9516|2x9864
2,A,,16,9864.0,4x9864
2,A,,17,9927.0,3x9864|1x10116
2,A,,2,6363.0,1x4500|2x5172|1x10608
2,A,,20,4638.0,3x4056|1x6384
2,A,,21,4278.0,2x4056|2x4500
2,A,,22,4389.0,1x4056|3x4500
2,A,,23,4638.0,1x4056|2x4500|1x5496
2,A,,24,7557.0,1x5496|3x8244
2,A,,25,8562.0,3x8244|1x9516
2,A,,26,9507.0,3x9504|1x9516
2,A,,27,9684.0,2x9504|2x9864
2,A,,28,9774.0,1x9504|3x9864
2,A,,3,6363.0,1x4500|2x5172|1x10608
2,A,,32,4638.0,3x4056|1x6384
2,A,,33,4056.0,4x4056
2,A,,34,4167.0,3x4056|1x4500
2,A,,35,4638.0,1x4056|2x4500|1x5496
2,A,,36,7557.0,1x5496|3x8244
2,A,,37,8562.0,3x8244|1x9516
2,A,,38,9192.0,1x8244|2x9504|1x9516
2,A,,39,9279.0,1x8244|2x9504|1x9864
2,A,,4,6789.0,1x4500|1x5172|1x6876|1x10608
2,A,,40,9687.0,1x9504|1x9516|2x9864
2,A,,41,4092.0,1x4020|2x4056|1x4236
2,A,,42,4047.0,1x4020|3x4056
2,A,,43,4047.0,1x4020|3x4056
2,A,,44,4527.0,2x4056|1x4500|1x5496
2,A,,45,7557.0,1x5496|3x8244
2,A,,46,8244.0,4x8244
2,A,,47,8244.0,4x8244
2,A,,48,8562.0,3x8244|1x9516
2,A,,49,9603.0,3x9516|1x9864
2,A,,5,10393.0,2x9504|1x9864|1x12700
2,A,,6,10168.0,1x8244|2x9864|1x12700
2,A,,7,10573.0,3x9864|1x12700
2,A,,8,10573.0,3x9864|1x12700
2,A,,9,10636.0,2x9864|1x10116|1x12700
2,B,,100,7608.0,4x7092|1x9672
2,B,,104,4020.0,4x4020
2,B,,105,4668.0,3x4020|1x6612
2,B,,106,5136.0,2x4020|2x6252
2,B,,107,5859.0,2x4704|1x6252|1x7776
2,B,,108,5649.0,2x4704|1x5412|1x7776
2,B,,109,6843.0,1x5412|2x7092|1x7776
2,B,,110,7695.0,2x7092|1x7776|1x8820
2,B,,111,3740.0,2x3540|2x3660|2x4020
2,B,,114,4668.0,3x4020|1x6612
2,B,,116,3780.0,2x3540|2x4020
2,B,,117,4020.0,4x4020
2,B,,50,4074.0,3x4020|1x4236
2,B,,51,4020.0,4x4020
2,B,,52,4020.0,4x4020
2,B,,53,4029.0,3x4020|1x4056
2,B,,54,5076.0,3x4020|1x8244
2,B,,55,5247.0,2x4020|1x4704|1x8244
2,B,,56,5766.0,2x4704|1x5412|1x8244
2,B,,57,5943.0,1x4704|2x5412|1x8244
2,B,,58,6681.0,1x4704|1x5412|1x7092|1x9516
2,B,,59,8565.0,2x7092|1x9516|1x10560
2,B,,60,3651.0,1x3024|1x3540|2x4020
2,B,,61,3771.0,1x3024|3x4020
2,B,,62,4020.0,4x4020
2,B,,63,4020.0,4x4020
2,B,,64,4020.0,4x4020
2,B,,65,4191.0,3x4020|1x4704
2,B,,66,4704.0,4x4704
2,B,,67,4704.0,4x4704
2,B,,68,5895.0,2x4704|1x7080|1x7092
2,B,,69,7959.0,3x7092|1x10560
2,B,,70,3522.0,2x3024|2x4020
2,B,,71,3273.0,3x3024|1x4020
2,B,,72,3024.0,3x3024
2,B,,73,3522.0,2x3024|2x4020
2,B,,74,4020.0,4x4020
2,B,,75,4362.0,2x4020|2x4704
2,B,,76,4704.0,4x4704
2,B,,77,4704.0,4x4704
2,B,,78,5895.0,2x4704|1x7080|1x7092
2,B,,79,7959.0,3x7092|1x10560
2,B,,80,4020.0,5x4020
2,B,,81A,4020.0,1x4020
2,B,,81B,4020.0,4x4020
2,B,,82,3688.0,1x3024|2x4020
2,B,,84,3771.0,1x3024|3x4020
2,B,,85,4191.0,3x4020|1x4704
2,B,,86,4704.0,4x4704
2,B,,87,4704.0,4x4704
2,B,,88,5301.0,3x4704|1x7092
2,B,,89,7737.0,3x7092|1x9672
2,B,,90,7952.0,2x7092|1x9672
2,B,,91,4020.0,4x4020
2,B,,92,3024.0,3x3024
2,B,,93,3900.0,1x3660|2x4020
2,B,,94,3688.0,1x3024|2x4020
2,B,,95A,3771.0,1x3024|3x4020
2,B,,95B,4362.0,2x4020|2x4704
2,B,,97,4704.0,4x4704
2,B,,98,4704.0,4x4704
2,B,,99,5898.0,2x4704|2x7092
2,B,1,,3977.65,2x3660|15x4020
2,C,,10,8456.0,2x7752|1x9864
2,C,,11,9314.0,3x7752|1x14000
2,C,,12,7752.0,4x7752
2,C,,13,9081.33,2x7752|1x11740
2,C,,14,8280.0,3x7752|1x9864
2,C,,15,7752.0,4x7752
2,C,,16,7752.0,3x7752
2,C,,17,9746.0,1x7752|1x11740
2,C,,18,8280.0,3x7752|1x9864
2,C,,19,7752.0,4x7752
2,C,,2,10996.0,2x9864|1x10116|1x14140
2,C,,20,7752.0,4x7752
2,C,,21,8749.0,3x7752|1x11740
2,C,,22,8454.0,3x7752|1x10560
2,C,,23,7752.0,4x7752
2,C,,24,7752.0,5x7752
2,C,,25,8749.0,3x7752|1x11740
2,C,,26,8454.0,3x7752|1x10560
2,C,,27,7752.0,4x7752
2,C,,28,7752.0,4x7752
2,C,,29,8749.0,3x7752|1x11740
2,C,,3,12716.0,1x10116|1x12058|1x13490|1x15200
2,C,,30,8454.0,3x7752|1x10560
2,C,,31,7752.0,4x7752
2,C,,32,7752.0,2x7752
2,C,,33,9746.0,1x7752|1x11740
2,C,,34,8184.0,1x7560|2x7752|1x9672
2,C,,35,7752.0,4x7752
2,C,,36,7752.0,4x7752
2,C,,37,8749.0,3x7752|1x11740
2,C,,38,7982.4,4x7560|1x9672
2,C,,39,7560.0,2x7560
2,C,,40,7704.0,1x7560|3x7752
2,C,,41,7752.0,4x7752
2,C,,42,8749.0,3x7752|1x11740
2,C,,43,7875.0,3x7560|1x8820
2,C,,44,7929.0,2x7560|1x7776|1x8820
2,C,,45,7710.0,1x7560|2x7752|1x7776
2,C,,46,7758.0,3x7752|1x7776
2,C,,47,8428.0,3x7752|1x7776|1x7796|1x11740
2,C,,5,9462.0,1x7752|1x9864|2x10116
2,C,,6,9931.0,1x7752|2x10116|1x11740
2,C,,8,8343.0,3x7752|1x10116
2,C,,9,8549.6,4x7752|1x11740
2,C,1,,10531.0,1x7752|2x10116|1x14140
3,A,,1,2946.0,2x2736|2x3156
3,A,,10,2841.0,3x2736|1x3156
3,A,,2,2841.0,3x2736|1x3156
3,A,,26,9512.0,2x2736|4x12900
3,A,,3,2736.0,4x2736
3,A,,36A,8727.0,1x3156|1x6000|1x12852|1x12900
3,A,,38,7352.0,1x3156|1x6000|1x12900
3,A,,4,2841.0,3x2736|1x3156
3,A,,44,12900.0,3x12900
3,A,,45,12900.0,4x12900
3,A,,5,3156.0,4x3156
3,A,,50,12892.0,1x12852|5x12900
3,A,,51,12900.0,4x12900
3,A,,55,12900.0,4x12900
3,A,,56,12900.0,4x12900
3,A,,57,12900.0,4x12900
3,A,,58,12900.0,4x12900
3,A,,59,12900.0,2x12900
3,A,,6,3051.0,1x2736|3x3156
3,A,,60,12787.5,1x12450|3x12900
3,A,,61,12900.0,4x12900
3,A,,62,12900.0,3x12900
3,A,,63,12900.0,2x12900
3,A,,64,11685.0,3x11280|1x12900
3,A,,65,12900.0,3x12900
3,A,,66,12900.0,4x12900
3,A,,67,12900.0,4x12900
3,A,,68,14720.0,4x12900|1x22000
3,A,,69,11825.0,2x11280|1x11840|1x12900
3,A,,7,3177.0,1x2736|2x3156|1x3660
3,A,,70,12090.0,2x11280|2x12900
3,A,,71,12900.0,4x12900
3,A,,72,12900.0,4x12900
3,A,,73,12900.0,4x12900
3,A,,74,12900.0,4x12900
3,A,,75,12900.0,3x12900
3,A,,76,12900.0,4x12900
3,A,,77,12900.0,4x12900
3,A,,78,11820.0,2x11280|1x12900
3,A,,79,15393.33,1x11280|1x12900|1x22000
3,A,,8,3177.0,1x2736|2x3156|1x3660
3,A,,80,12900.0,4x12900
3,A,,81,15175.0,3x12900|1x22000
3,A,,82,15175.0,3x12900|1x22000
3,A,,83,14005.0,1x11280|1x11840|1x12900|1x20000
3,A,,84,14682.5,2x12900|1x12930|1x20000
3,A,,85,14682.5,2x12900|1x12930|1x20000
3,A,,86,14320.0,4x12900|1x20000
3,A,,87,14675.0,3x12900|1x20000
3,A,,88,16207.5,2x12900|1x19030|1x20000
3,A,,89,14881.0,3x12508|1x22000
3,A,,90,16552.5,1x11280|1x12900|1x20030|1x22000
3,A,1,,2788.5,7x2736|1x3156
3,A,2,,2736.0,5x2736
3,A,3,,2736.0,9x2736
3,A,4,,10405.6,1x3156|1x11280|1x11840|1x12852|1x12900
3,A,5,,10359.0,1x2736|3x12900
3,A,6,,12174.0,1x2736|13x12900
3,A,7,,11741.33,1x2736|1x12636|7x12900
3,B,,14,12039.0,3x11840|1x12636
3,B,,15,12437.0,1x11840|3x12636
3,B,,26,11840.0,2x11840
3,B,,27,11720.0,1x11600|1x11840
3,B,,28,12126.8,4x11840|1x13274
3,B,,30,12503.0,1x11840|2x12636|1x12900
3,B,,31,11840.0,4x11840
3,B,,32,12105.33,2x11840|1x12636
3,B,,34,12437.0,1x11840|3x12636
3,B,,36,11840.0,5x11840
3,B,,37,11615.0,1x10940|3x11840
3,B,,38,11840.0,3x11840
3,B,,39,12370.0,2x11840|2x12900
3,B,,40,11840.0,4x11840
3,B,,41,11840.0,4x11840
3,B,,42,11840.0,4x11840
3,B,,43,12039.0,3x11840|1x12636
3,B,,44,12105.33,2x11840|1x12636
3,B,,45,11840.0,4x11840
3,B,,46,11840.0,4x11840
3,B,,47,11840.0,4x11840
3,B,,48,14031.2,3x11840|1x12636|1x22000
3,B,,49,12370.67,2x11840|4x12636
3,B,,50,12370.67,2x11840|4x12636
3,B,,52,12039.0,3x11840|1x12636
3,B,,53,12025.33,1x11600|1x11840|1x12636
3,B,,54,12039.0,3x11840|1x12636
3,B,,55,11846.5,1x11070|2x11840|1x12636
3,B,,56,12304.0,2x11840|1x12636|1x12900
3,B,,57,11840.0,4x11840
3,B,,58,11640.0,1x11040|3x11840
3,B,,59,11640.0,1x11040|3x11840
3,B,,60,12238.0,2x11840|2x12636
3,B,,61,14778.0,1x11840|2x12636|1x22000
3,B,,62,16063.2,2x11840|1x12636|2x22000
3,B,,63,14380.0,3x11840|1x22000
3,B,,64,14380.0,3x11840|1x22000
3,B,,66,14579.0,2x11840|1x12636|1x22000
3,B,,69,14079.0,2x11840|1x12636|1x20000
3,B,,70,15090.67,2x12636|1x20000
3,B,,71,14278.0,1x11840|2x12636|1x20000
3,B,,72,13886.5,1x11070|1x11840|1x12636|1x20000
3,B,,73,15043.0,2x12636|1x12900|1x22000
3,B,,74,14778.0,1x11840|2x12636|1x22000
3,B,,75,14379.0,1x11040|1x11840|1x12636|1x22000
3,B,,76,14180.0,1x11040|2x11840|1x22000
3,B,,77,15492.0,1x11840|1x12636|1x22000
3,B,1,,12280.19,1x2736|7x11840|32x12636|2x12900
3,B,2,,12364.43,1x10940|7x11840|14x12612|6x12636
3,B,3,,13527.6,1x11600|6x11840|1x12636|2x20000
3,B,4,,11833.75,1x11790|7x11840
3,B,9,,11972.67,5x11840|1x12636
3,C,,100,11241.0,1x10152|3x11604
3,C,,101,10515.0,3x10152|1x11604
3,C,,102,10152.0,4x10152
3,C,,103,10515.0,3x10152|1x11604
3,C,,104,11241.0,1x10152|3x11604
3,C,,105,10515.0,3x10152|1x11604
3,C,,106,11604.0,5x11604
3,C,,107,11604.0,5x11604
3,C,,108,10878.0,2x10152|2x11604
3,C,,109,10152.0,3x10152
3,C,,110,10152.0,4x10152
3,C,,111,10515.0,3x10152|1x11604
3,C,,112,11241.0,1x10152|3x11604
3,C,,113,10515.0,3x10152|1x11604
3,C,,118,11604.0,6x11604
3,C,,119,11604.0,3x11604
3,C,,120,11604.0,3x11604
3,C,,121,11120.0,1x10152|2x11604
3,C,,122,10152.0,4x10152
3,C,,123,10152.0,4x10152
3,C,,124,10152.0,4x10152
3,C,,125,10878.0,2x10152|2x11604
3,C,,126,10515.0,3x10152|1x11604
3,C,,127,11945.2,4x11604|1x13310
3,C,,129,11604.0,3x11604
3,C,,130,11604.0,4x11604
3,C,,131,11241.0,1x10152|3x11604
3,C,,132,10152.0,3x10152
3,C,,133,10152.0,4x10152
3,C,,134,10515.0,3x10152|1x11604
3,C,,135,10515.0,3x10152|1x11604
3,C,,136,10515.0,3x10152|1x11604
3,C,,137,12741.33,1x11604|2x13310
3,C,,138,11604.0,4x11604
3,C,,139,11604.0,3x11604
3,C,,140,11604.0,3x11604
3,C,,141,11604.0,5x11604
3,C,,142,11604.0,2x11604
3,C,,143,11604.0,4x11604
3,C,,144,11241.0,1x10152|3x11604
3,C,,145,10636.0,2x10152|1x11604
3,C,,146,10636.0,4x10152|2x11604
3,C,,147,10515.0,3x10152|1x11604
3,C,,148,12094.0,1x10152|1x11604|2x13310
3,C,,149,11241.0,1x10152|3x11604
3,C,,150,11604.0,4x11604
3,C,,151,11604.0,2x11604
3,C,,152,11604.0,2x11604
3,C,,153,11604.0,4x11604
3,C,,154,12508.0,3x11604|1x15220
3,C,,155,14316.0,1x11604|3x15220
3,C,,156,14316.0,1x11604|3x15220
3,C,,157,13412.0,2x11604|2x15220
3,C,,158,11604.0,4x11604
3,C,,159,15220.0,4x15220
3,C,,160,13412.0,2x11604|2x15220
3,C,,161,11604.0,4x11604
3,C,,162,12872.0,2x11604|2x14140
3,C,,163,12238.0,3x11604|1x14140
3,C,,164,12238.0,3x11604|1x14140
3,C,,165,12238.0,3x11604|1x14140
3,C,,166,12238.0,3x11604|1x14140
3,C,,167,12238.0,3x11604|1x14140
3,C,,168,11921.0,7x11604|1x14140
3,C,,169,11604.0,5x11604
3,C,,170,12327.2,4x11604|1x15220
3,C,,171,13195.0,2x11160|1x15220|1x15240
3,C,,172,13190.0,2x11160|2x15220
3,C,,173,13031.0,1x11160|1x11604|1x14140|1x15220
3,C,,174,11493.0,1x11160|3x11604
3,C,,85,17248.0,1x11604|1x18140|1x22000
3,C,,86,14119.2,3x10152|1x18140|1x22000
3,C,,90,14002.86,5x11604|2x20000
3,C,,91,13003.33,5x11604|1x20000
3,C,,92,13283.2,4x11604|1x20000
3,C,,93,13703.0,3x11604|1x20000
3,C,,94,14585.33,1x10152|1x11604|1x22000
3,C,,95,13477.0,2x10152|1x11604|1x22000
3,C,,96,13114.0,3x10152|1x22000
3,C,,97,13477.0,2x10152|1x11604|1x22000
3,C,,98,11241.0,1x10152|3x11604
3,C,,99,10515.0,3x10152|1x11604
3,C,1,,13591.43,5x11604|1x17120|1x20000
3,D,,159,15946.5,1x10152|1x11604|1x20030|1x22000
3,D,,160,16309.5,2x11604|1x20030|1x22000
3,D,,161,14203.0,3x11604|1x22000
3,D,,162,14203.0,3x11604|1x22000
3,D,,163,14203.0,3x11604|1x22000
3,D,,164,14203.0,3x11604|1x22000
3,D,,165,14203.0,3x11604|1x22000
3,D,,166,14203.0,3x11604|1x22000
3,D,,167,14203.0,3x11604|1x22000
3,D,,168,14203.0,3x11604|1x22000
3,D,,169,14203.0,3x11604|1x22000
3,D,,170,13703.0,3x11604|1x20000
3,D,,171,13703.0,3x11604|1x20000
3,D,,172,13703.0,3x11604|1x20000
3,D,,173,11604.0,4x11604
3,D,,174A,11604.0,4x11604
3,D,,174B,11423.0,1x10880|3x11604
3,D,,175,11604.0,4x11604
3,D,,176,11604.0,4x11604
3,D,,177,13703.0,3x11604|1x20000
3,D,,178,15101.6,2x11604|1x12300|2x20000
3,D,,179,11241.0,1x10152|3x11604
3,D,,180,11604.0,4x11604
3,D,,181,11423.0,1x10880|3x11604
3,D,,182,11423.0,1x10880|3x11604
3,D,,183,11604.0,4x11604
3,D,,184,11423.0,1x10880|3x11604
3,D,,185,11423.0,1x10880|3x11604
3,D,,186,11423.0,1x10880|3x11604
3,D,,187,11423.0,1x10880|3x11604
3,D,,188,11423.0,1x10880|3x11604
3,D,,189,11423.0,1x10880|3x11604
3,D,,191,11423.0,1x10880|3x11604
3,D,,192,11423.0,1x10880|3x11604
3,D,,193,11423.0,1x10880|3x11604
3,D,,194,11778.0,3x11604|1x12300
3,D,,195,11241.0,1x10152|3x11604
3,D,,196,11604.0,4x11604
3,D,,197,11423.0,1x10880|3x11604
3,D,,198,11242.0,2x10880|2x11604
3,D,,199,11423.0,1x10880|3x11604
3,D,,200,11423.0,1x10880|3x11604
3,D,,201,11423.0,1x10880|3x11604
3,D,,202,11423.0,1x10880|3x11604
3,D,,203,11423.0,1x10880|3x11604
3,D,,204,11423.0,1x10880|3x11604
3,D,,205,11423.0,1x10880|3x11604
3,D,,206,11423.0,1x10880|3x11604
3,D,,207,11242.0,2x10880|2x11604
3,D,,208,11242.0,2x10880|2x11604
3,D,,209,11242.0,2x10880|2x11604
3,D,,211,11097.0,1x10152|1x11028|2x11604
3,D,,212,11604.0,4x11604
3,D,,213,11423.0,1x10880|3x11604
3,D,,214,11604.0,4x11604
3,D,,215,11604.0,4x11604
3,D,,216,11604.0,4x11604
3,D,,217,11604.0,4x11604
3,D,,218,11604.0,4x11604
3,D,,219,11604.0,4x11604
3,D,,220,11604.0,4x11604
3,D,,221,11604.0,4x11604
3,D,,222,11423.0,1x10880|3x11604
3,D,,223,11061.0,3x10880|1x11604
3,D,,224,11242.0,2x10880|2x11604
3,D,,225,11121.33,4x10880|2x11604
3,D,,226,11778.0,3x11604|1x12300
3,D,,227,10590.0,2x10152|2x11028
3,D,,228,11604.0,4x11604
3,D,,229,11423.0,1x10880|3x11604
3,D,,230,11604.0,4x11604
3,D,,231,11604.0,4x11604
3,D,,232,11580.0,1x11508|3x11604
3,D,,233,11580.0,1x11508|3x11604
3,D,,234,11604.0,4x11604
3,D,,235,11604.0,4x11604
3,D,,236,11748.0,3x11604|1x12180
3,D,,237,11460.0,1x11028|3x11604
3,D,,238,11423.0,1x10880|3x11604
3,D,,239,11061.0,3x10880|1x11604
3,D,,240,11242.0,2x10880|2x11604
3,D,,241,11121.33,4x10880|2x11604
3,D,,243,10809.0,1x10152|3x11028
3,D,,244,11604.0,4x11604
3,D,,245,11604.0,4x11604
3,D,,246,11604.0,4x11604
3,D,,247,11604.0,4x11604
3,D,,248,11604.0,4x11604
3,D,,249,11604.0,4x11604
3,D,,250,11604.0,4x11604
3,D,,251,11604.0,4x11604
3,D,,252,11604.0,4x11604
3,D,,253,11460.0,1x11028|3x11604
3,D,,254,11460.0,1x11028|3x11604
3,D,,255,11423.0,1x10880|3x11604
3,D,,256,11423.0,1x10880|3x11604
3,D,,257,11423.0,1x10880|3x11604
3,D,,258,11415.0,1x10152|2x11604|1x12300
3,D,,259,10590.0,2x10152|2x11028
3,D,,260,11316.0,2x11028|2x11604
3,D,,261,11460.0,1x11028|3x11604
3,D,,262,11460.0,1x11028|3x11604
3,D,,263,11460.0,1x11028|3x11604
3,D,,264,11604.0,4x11604
3,D,,265,11604.0,4x11604
3,D,,266,11604.0,4x11604
3,D,,267,11604.0,4x11604
3,D,,268,10515.0,3x10152|1x11604
3,D,,269,10734.0,2x10152|1x11028|1x11604
3,D,,270,11074.5,1x10152|2x11028|1x12090
3,D,,271,11293.5,3x11028|1x12090
3,D,,272,11437.5,2x11028|1x11604|1x12090
3,D,,273,11725.5,3x11604|1x12090
3,D,,274,11701.2,4x11604|1x12090
3,D,,275,11604.0,4x11604
3,D,,276,11604.0,4x11604
3,D,,277,11604.0,4x11604
3,D,,278,11460.0,1x11028|3x11604
3,D,,279,10878.0,2x10152|2x11604
3,D,,280,10515.0,3x10152|1x11604
3,D,,281,10878.0,2x10152|2x11604
3,D,,283,11241.0,1x10152|3x11604
3,E,,290,11604.0,4x11604
3,E,,291,11604.0,4x11604
3,E,,292,12004.5,2x11604|1x12090|1x12720
3,E,,293,13187.5,1x12090|2x12720|1x15220
3,E,,294,13533.5,1x11604|1x12090|2x15220
3,E,,295,13346.0,1x11604|1x12090|1x14470|1x15220
3,E,,296,13158.5,1x11604|1x12090|2x14470
3,E,,297,13037.0,2x11604|2x14470
3,E,,298,12747.0,2x11604|1x13310|1x14470
3,E,,299,10797.5,1x8700|1x10152|1x11028|1x13310
3,E,,300,9063.0,3x8700|1x10152
3,E,,301,9063.0,3x8700|1x10152
3,E,,302,9063.0,3x8700|1x10152
3,E,,303,9970.5,1x8700|7x10152
3,E,,304,10581.6,4x10152|1x12300
3,E,,305,11304.5,2x10152|1x11604|1x13310
3,E,,306,9063.0,3x8700|1x10152
3,E,,307,9426.0,2x8700|2x10152
3,E,,308,9789.0,1x8700|3x10152
3,E,,309,10152.0,3x10152
3,E,,310,10581.6,4x10152|1x12300
3,E,,311,11604.0,4x11604
3,E,,312,12503.0,3x11604|1x15200
3,E,,313,11883.0,3x11604|1x12720
3,E,,314,13345.0,3x12720|1x15220
3,E,,315,13412.0,2x11604|2x15220
3,E,,316,13224.5,2x11604|1x14470|1x15220
3,E,,317,13037.0,2x11604|2x14470
3,E,,318,13037.0,2x11604|2x14470
3,E,,319,13037.0,2x11604|2x14470
3,E,,320,11594.5,2x10152|1x11604|1x14470
3,E,,321,9426.0,2x8700|2x10152
3,E,,322,9063.0,3x8700|1x10152
3,E,,323,10152.0,4x10152
3,E,,324,10152.0,4x10152
3,E,,325,10152.0,4x10152
3,E,,326,10689.0,3x10152|1x12300
3,E,,327,11493.0,1x11160|3x11604
3,E,,328,11493.0,1x11160|3x11604
3,E,,329,11772.0,1x11160|2x11604|1x12720
3,E,,330,12955.0,1x11160|2x12720|1x15220
3,E,,331,13301.0,1x11160|1x11604|2x15220
3,E,,332,13376.0,1x11160|1x11604|1x15220|1x15520
3,E,,333,13376.0,1x11160|1x11604|1x15220|1x15520
3,E,,334,13113.5,1x11160|1x11604|1x14470|1x15220
3,E,,335,12926.0,1x11160|1x11604|2x14470
3,E,,336,11483.5,2x10152|1x11160|1x14470
3,E,,337,10041.0,1x8700|2x10152|1x11160
3,E,,338,9960.0,2x8700|1x10152|1x12288
3,E,,339,10152.0,4x10152
3,E,,340,10152.0,4x10152
3,E,,341,10152.0,6x10152
3,E,,342,10152.0,3x10152
3,E,,343,10581.6,4x10152|1x12300
3,E,,344,10323.0,1x8700|2x10152|1x12288
3,E,,345,9960.0,2x8700|1x10152|1x12288
3,E,,346,9184.0,2x8700|1x10152
3,E,,347,10660.0,1x8700|1x10152|1x11500|1x12288
3,F,,347,11071.2,2x10380|1x11388|2x11604
3,F,,348,10575.0,3x10380|1x11160
3,F,,349,10575.0,3x10380|1x11160
3,F,,350,10575.0,3x10380|1x11160
3,F,,351,10233.0,2x9696|1x10380|1x11160
3,F,,352,10884.0,2x10380|2x11388
3,F,,353,10380.0,4x10380
3,F,,354,10380.0,4x10380
3,F,,355,10380.0,4x10380
3,F,,356,10038.0,2x9696|2x10380
3,F,,357,10461.0,1x9696|2x10380|1x11388
3,F,,358,10209.0,1x9696|3x10380
3,F,,359,10209.0,1x9696|3x10380
3,F,,360,10209.0,1x9696|3x10380
3,F,,361,10038.0,2x9696|2x10380
3,F,,362,10119.0,3x9696|1x11388
3,F,,363,9696.0,4x9696
3,F,,364,9696.0,4x9696
3,F,,365,9696.0,4x9696
3,F,,366,9694.5,1x9690|3x9696
3,F,,367,9951.0,1x9024|2x9696|1x11388
3,F,,368,9528.0,1x9024|3x9696
3,F,,369,9528.0,1x9024|3x9696
3,F,,370,9528.0,1x9024|3x9696
3,F,,371,9528.0,1x9024|3x9696
3,F,,372,9615.0,3x9024|1x11388
3,F,,373,9024.0,4x9024
3,F,,374,9024.0,4x9024
3,F,,375,9024.0,4x9024
3,F,,376,9360.0,2x9024|2x9696
3,F,,377,9615.0,3x9024|1x11388
3,F,,378,9024.0,4x9024
3,F,,379A,9024.0,4x9024
3,F,,379B,9024.0,4x9024
3,F,,380,9024.0,4x9024
3,F,,381,9360.0,2x9024|2x9696
3,F,,382,9429.0,2x8652|1x9024|1x11388
3,F,,383,8745.0,3x8652|1x9024
3,F,,384,8745.0,3x8652|1x9024
3,F,,385,8745.0,3x8652|1x9024
3,F,,386,9174.0,2x8652|2x9696
3,F,,387,9156.0,2x8292|1x8652|1x11388
3,F,,388,9039.0,2x8292|1x8652|1x10920
3,F,,389,8472.0,2x8292|2x8652
3,F,,390,8562.0,1x8292|3x8652
3,F,,391,8823.0,1x8292|2x8652|1x9696
3,F,,392,9066.0,3x8292|1x11388
3,F,,393,8292.0,4x8292
3,F,,394,8292.0,4x8292
3,F,,395,8292.0,4x8292
3,F,,396,8643.0,3x8292|1x9696
3,F,,397,8895.0,1x7608|2x8292|1x11388
3,F,,398,8121.0,1x7608|3x8292
3,F,,399,8121.0,1x7608|3x8292
3,F,,400,8121.0,1x7608|3x8292
3,F,,401,8472.0,1x7608|2x8292|1x9696
3,F,,402,8553.0,3x7608|1x11388
3,F,,403,7608.0,4x7608
3,F,,404,7608.0,4x7608
3,F,,405,7608.0,4x7608
3,F,,406,8088.0,3x7608|1x7920|1x9696
3,F,,407,7712.0,2x7608|1x7920
3,F,,408,8379.0,1x6912|2x7608|1x11388
3,F,,409,7434.0,1x6912|3x7608
3,F,,410,7692.0,2x7608|3x7748
3,F,,411,7608.0,4x7608
3,F,,412,7516.0,1x6912|1x7608|1x8028
3,F,,413,7552.8,1x6912|3x7608|1x8028
3,F,,414,8031.0,3x6912|1x11388
3,F,,415,6912.0,5x6912
3,F,,416,6912.0,3x6912
3,F,,417,7190.67,2x6912|1x7748
3,F,,418,6912.0,4x6912
3,F,,419,6912.0,4x6912
3,F,,420,7086.0,3x6912|1x7608
3,F,,421,8031.0,3x6912|1x11388
3,F,,422A,6912.0,3x6912
3,F,,422B,6912.0,5x6912
3,F,,423,6912.0,4x6912
3,F,,424,6912.0,4x6912
3,F,,425,7086.0,3x6912|1x7608
3,F,,426,8565.0,2x6912|1x9048|1x11388
3,F,,427,7446.0,3x6912|1x9048
3,F,,428,7446.0,3x6912|1x9048
3,F,,429,7344.0,3x6912|1x8640
3,F,,430,7776.0,2x6912|2x8640
3,G,,431,10062.0,3x9696|1x11160
3,G,,432,10062.0,3x9696|1x11160
3,G,,433,10062.0,3x9696|1x11160
3,G,,434,10009.5,3x9626|1x11160
3,G,,435,10062.0,3x9696|1x11160
3,G,,436,9528.0,1x9024|3x9696
3,G,,437,9360.0,2x9024|2x9696
3,G,,438,9192.0,3x9024|1x9696
3,G,,439,9192.0,3x9024|1x9696
3,G,,440,9174.5,3x9024|1x9626
3,G,,441,9360.0,2x9024|2x9696
3,G,,442,9024.0,4x9024
3,G,,443,9024.0,4x9024
3,G,,444,9024.0,4x9024
3,G,,445,9024.0,4x9024
3,G,,446,9174.0,2x8652|2x9696
3,G,,447,8745.0,3x8652|1x9024
3,G,,448,8745.0,3x8652|1x9024
3,G,,449,8745.0,3x8652|1x9024
3,G,,450,8745.0,3x8652|1x9024
3,G,,451,8742.0,1x7968|2x8652|1x9696
3,G,,452,8652.0,4x8652
3,G,,453,8481.0,1x7968|3x8652
3,G,,454,8481.0,1x7968|3x8652
3,G,,455,8481.0,1x7968|3x8652
3,G,,456,8572.0,2x7968|1x8656|1x9696
3,G,,457,8652.0,4x8652
3,G,,458,8424.0,1x7968|2x8652
3,G,,459,8481.0,1x7968|3x8652
3,G,,460,8481.0,1x7968|3x8652
3,G,,461,8220.0,1x7608|1x7968|2x8652
3,G,,462,8481.0,1x7608|1x7968|1x8652|1x9696
3,G,,463,8220.0,1x7608|1x7968|2x8652
3,G,,464,8306.4,1x7608|1x7968|3x8652
3,G,,466,8652.0,4x8652
3,G,,467,8652.0,3x8652
3,G,,468,8130.0,2x7608|2x8652
3,G,,469,8130.0,3x7608|1x9696
3,G,,470,7608.0,4x7608
3,G,,471,7608.0,4x7608
3,G,,472,7608.0,4x7608
3,G,,473,7608.0,4x7608
3,G,,474,7941.0,1x6912|2x7608|1x9636
3,G,,475,7434.0,1x6912|3x7608
3,G,,476,7468.8,1x6912|4x7608
3,G,,477,7608.0,3x7608
3,G,,478,7434.0,1x6912|3x7608
3,G,,479,7434.0,1x6912|3x7608
3,G,,480,7782.0,2x6912|1x7608|1x9696
3,G,,481,7260.0,2x6912|2x7608
3,G,,482,7376.0,1x6912|2x7608
3,G,,483,7434.0,1x6912|3x7608
3,G,,484,7260.0,2x6912|2x7608
3,G,,485,7260.0,2x6912|2x7608
3,G,,486,7747.2,2x6912|2x7608|1x9696
3,G,,487,7376.0,1x6912|2x7608
3,G,,488,7144.0,2x6912|1x7608
3,G,,489,6912.0,4x6912
3,G,,490,6912.0,4x6912
3,G,,491,6912.0,4x6912
3,G,,492,9000.0,1x7608|2x9696
3,G,,493,7260.0,2x6912|2x7608
3,G,,494,6912.0,4x6912
3,G,,495,6912.0,4x6912
3,G,,496,6912.0,4x6912
3,G,,497,6912.0,4x6912
3,G,,498,7086.0,3x6912|1x7608
3,G,,499,6912.0,4x6912
3,G,,500,6912.0,4x6912
3,G,,501,6912.0,4x6912
3,G,,502,6912.0,4x6912
3,G,,503,7260.0,2x6912|2x7608
3,G,,504,6912.0,4x6912
3,G,,505,6912.0,4x6912
3,G,,506,6912.0,4x6912
3,G,,507,6912.0,4x6912
3,G,,508,7260.0,2x6912|2x7608
3,G,,509,6912.0,4x6912
3,G,,510,6912.0,4x6912
3,G,,511,6912.0,4x6912
3,G,,512,6912.0,4x6912
3,G,,513,7776.0,2x6912|2x8640
3,G,,514,7344.0,3x6912|1x8640
3,G,,515,7319.0,1x6812|2x6912|1x8640
3,G,,516,7203.0,3x6912|1x8076
3,G,,517,7203.0,3x6912|1x8076
3,H,,514,10062.0,3x9696|1x11160
3,H,,515,10430.5,2x9696|1x11160|1x11170
3,H,,516,10679.5,1x10008|1x10380|1x11160|1x11170
3,H,,517,10575.0,3x10380|1x11160
3,H,,518,10575.0,3x10380|1x11160
3,H,,519,10575.0,3x10380|1x11160
3,H,,520,9192.0,3x9024|1x9696
3,H,,521,9963.0,2x9024|1x9696|1x12108
3,H,,522,10626.0,2x10008|1x10380|1x12108
3,H,,523,10380.0,4x10380
3,H,,524,10380.0,4x10380
3,H,,525,10380.0,4x10380
3,H,,526,9024.0,4x9024
3,H,,527,9963.0,2x9024|1x9696|1x12108
3,H,,528,10197.0,1x8292|1x10008|1x10380|1x12108
3,H,,529,10380.0,4x10380
3,H,,530,10380.0,4x10380
3,H,,531,10380.0,4x10380
3,H,,532,8838.0,2x8652|2x9024
3,H,,533,9777.0,2x8652|1x9696|1x12108
3,H,,534,10197.0,1x8292|1x10008|1x10380|1x12108
3,H,,535,10287.0,1x10008|3x10380
3,H,,536,10535.0,3x10380|1x11000
3,H,,537,10287.0,1x10008|3x10380
3,H,,538,8652.0,4x8652
3,H,,539,9516.0,3x8652|1x12108
3,H,,540,10533.0,3x10008|1x12108
3,H,,541,10008.0,4x10008
3,H,,542,10008.0,4x10008
3,H,,543,9930.0,1x9696|3x10008
3,H,,544,8481.0,1x7968|3x8652
3,H,,545,8304.0,1x7608|2x8652
3,H,,546,9228.0,1x7608|1x9696|1x10380
3,H,,547,9945.0,2x9696|1x10008|1x10380
3,H,,548,9774.0,3x9696|1x10008
3,H,,549,9774.0,3x9696|1x10008
3,H,,550,9774.0,3x9696|1x10008
3,H,,551,8076.0,1x7608|1x7968|1x8652
3,H,,552,8304.0,2x7608|1x9696
3,H,,553,8913.0,1x7608|1x8652|2x9696
3,H,,554,8835.0,1x7968|1x8652|1x9024|1x9696
3,H,,555,8928.0,1x7968|2x9024|1x9696
3,H,,556,9006.0,2x8652|1x9024|1x9696
3,H,,557A,8823.0,1x8292|2x8652|1x9696
3,H,,557B,8391.0,1x7608|3x8652
3,H,,558,7869.0,3x7608|1x8652
3,H,,559A,8130.0,2x7608|2x8652
3,H,,559B,8403.0,2x7968|1x8652|1x9024
3,H,,559C,8574.0,1x7968|2x8652|1x9024
3,H,,560,8652.0,4x8652
3,H,,561,7144.0,2x6912|1x7608
3,H,,562,7376.0,1x6912|2x7608
3,H,,563,7434.0,1x6912|3x7608
3,H,,564,7698.0,3x7608|1x7968
3,H,,565,8049.0,1x7608|2x7968|1x8652
3,H,,566,8139.0,3x7968|1x8652
3,H,,567,7959.0,2x7608|1x7968|1x8652
3,H,,568,7086.0,3x6912|1x7608
3,H,,569,6912.0,3x6912
3,H,,570,7144.0,2x6912|1x7608
3,H,,571,7698.0,3x7608|1x7968
3,H,,572,7878.0,1x7608|3x7968
3,H,,573,7968.0,4x7968
3,H,,574,7788.0,2x7608|2x7968
3,H,,575,6912.0,4x6912
3,H,,576,6912.0,4x6912
3,H,,577,7144.0,2x6912|1x7608
3,H,,578,7496.0,1x6912|1x7608|1x7968
3,H,,579,7788.0,2x7608|2x7968
3,H,,580,7968.0,4x7968
3,H,,581,7698.0,3x7608|1x7968
3,H,,582,6912.0,4x6912
3,H,,583,6912.0,4x6912
3,H,,584,7434.0,1x6912|3x7608
3,H,,585,7376.0,1x6912|2x7608
3,H,,586,7376.0,1x6912|2x7608
3,H,,587,7608.0,4x7608
3,H,,588,7608.0,4x7608
3,H,,589,6912.0,4x6912
3,H,,590,6912.0,4x6912
3,H,,591,7144.0,2x6912|1x7608
3,H,,592,7144.0,2x6912|1x7608
3,H,,593,6912.0,2x6912
3,H,,594,7144.0,2x6912|1x7608
3,H,,595,7376.0,1x6912|2x7608
3,H,,596,6912.0,4x6912
3,H,,597,6912.0,4x6912
3,H,,603,6912.0,4x6912
3,H,,604,6912.0,4x6912
3,H,,605,6912.0,3x6912
3,H,,606,6912.0,3x6912
3,H,,607,6912.0,3x6912
3,H,,608,7113.0,2x6912|1x7020|1x7608
3,H,,609,7203.0,3x6912|1x8076
3,H,,610,7344.0,3x6912|1x8640
3,H,,611,7344.0,3x6912|1x8640
3,H,,612,7344.0,3x6912|1x8640
3,H,,613,7641.0,3x6912|1x9828
3,H,,614,7815.0,2x6912|1x7608|1x9828
3,H,1,,6912.0,7x6912
3,H,2,,7180.0,1x6912|1x7020|1x7608
3,J,,579,9879.0,2x8424|1x10380|1x12288
3,J,,580,9390.0,3x8424|1x12288
3,J,,581,8913.0,3x8424|1x10380
3,J,,582,7935.0,1x6468|3x8424
3,J,,583,9390.0,3x8424|1x12288
3,J,,584,9196.8,4x8424|1x12288
3,J,,587,8913.0,3x8424|1x10380
3,J,,588,8424.0,4x8424
3,J,,589,8424.0,4x8424
3,J,,590,8424.0,3x8424
3,J,,591,9390.0,3x8424|1x12288
3,J,,592,9259.0,1x7900|2x8424|1x12288
3,J,,593,8838.0,1x8124|2x8424|1x10380
3,J,,594,8349.0,1x8124|3x8424
3,J,,595,8349.0,1x8124|3x8424
3,J,,596,8364.0,1x8124|4x8424
3,J,,597,8349.0,1x8124|3x8424
3,J,,598,8218.0,1x7900|1x8124|2x8424
3,J,,599,8454.0,1x7872|2x8124|1x9696
3,J,,600,7998.0,2x7872|2x8124
3,J,,601,7998.0,2x7872|2x8124
3,J,,602,7998.0,2x7872|2x8124
3,J,,603,8061.0,1x7872|3x8124
3,J,,604,8068.0,1x7900|3x8124
3,J,,605,8391.0,2x7872|1x8124|1x9696
3,J,,606,7935.0,3x7872|1x8124
3,J,,607,7935.0,3x7872|1x8124
3,J,,608,7935.0,3x7872|1x8124
3,J,,609,7935.0,3x7872|1x8124
3,J,,610,7942.0,2x7872|1x7900|1x8124
3,J,,611,7551.0,2x7020|1x7872|1x8292
3,J,,612,7233.0,3x7020|1x7872
3,J,,613,7233.0,3x7020|1x7872
3,J,,614,7233.0,3x7020|1x7872
3,J,,615,7453.0,2x7020|1x7872|1x7900
3,J,,616,6891.0,2x6468|1x7020|1x7608
3,J,,617,6606.0,3x6468|1x7020
3,J,,618,6606.0,3x6468|1x7020
3,J,,619A,6744.0,2x6468|2x7020
3,J,,619B,6606.0,3x6468|1x7020
3,J,,620,7240.0,3x7020|1x7900
3,J,,621,6753.0,3x6468|1x7608
3,J,,622,6468.0,4x6468
3,J,,623,6468.0,4x6468
3,J,,624,7102.0,1x6468|2x7020|1x7900
3,J,,625,6753.0,3x6468|1x7608
3,J,,626,6468.0,4x6468
3,J,,627,6468.0,4x6468
3,J,,628,6606.0,3x6468|1x7020
3,J,,629,6964.0,2x6468|1x7020|1x7900
3,J,,630,6753.0,3x6468|1x7608
3,J,,631,6468.0,4x6468
3,J,,632,6468.0,4x6468
3,J,,633,6606.0,3x6468|1x7020
3,J,,634,6964.0,2x6468|1x7020|1x7900
3,J,,635,6753.0,3x6468|1x7608
3,J,,636,7476.0,3x6468|1x10500
3,J,,637,6468.0,4x6468
3,J,,638,6783.43,3x6468|4x7020
3,J,,639,6964.0,2x6468|1x7020|1x7900
3,J,,640,6540.0,1x5616|2x6468|1x7608
3,J,,641,6042.0,2x5616|2x6468
3,J,,642,6255.0,1x5616|3x6468
3,J,,643,6964.0,2x6468|1x7020|1x7900
3,J,,644,6678.0,1x6168|2x6468|1x7608
3,J,,645,6180.0,1x5616|1x6168|2x6468
3,J,,646,6042.0,2x5616|2x6468
3,J,,647,6393.0,1x5616|2x6468|1x7020
3,J,,649,6678.0,1x6168|2x6468|1x7608
3,J,,650,6180.0,1x5616|1x6168|2x6468
3,J,,651,6042.0,2x5616|2x6468
3,J,,652,6964.0,2x6468|1x7020|1x7900
3,J,,653,7053.0,1x6168|1x6468|1x7608|1x7968
3,J,,654,6180.0,1x5616|1x6168|2x6468
3,J,,655,6042.0,2x5616|2x6468
3,J,,656,6606.0,3x6468|1x7020
3,J,,657,6964.0,2x6468|1x7020|1x7900
3,J,,658,6678.0,1x6168|2x6468|1x7608
3,J,,659,6393.0,1x6168|3x6468
3,J,,660,6255.0,1x5616|3x6468
3,J,,661,6606.0,3x6468|1x7020
3,J,,662,6964.0,2x6468|1x7020|1x7900
3,J,,663,6753.0,3x6468|1x7608
3,J,,664,6393.0,1x6168|3x6468
3,J,,665,6468.0,4x6468
3,J,,666,6606.0,3x6468|1x7020
3,J,,667,6964.0,2x6468|1x7020|1x7900
3,J,,668,6750.0,1x5616|1x6168|2x7608
3,J,,669,5754.0,3x5616|1x6168
3,J,,670,6042.0,2x5616|2x6468
3,J,,671,6393.0,1x5616|2x6468|1x7020
3,J,,672,6964.0,2x6468|1x7020|1x7900
3,J,,673A,6753.0,3x6468|1x7608
3,J,,673B,5900.0,2x5616|1x6468
3,J,,674A,6042.0,2x5616|2x6468
3,J,,674B,6180.0,2x5616|1x6468|1x7020
3,J,,675A,6678.0,1x5616|1x6468|1x7020|1x7608
3,J,,675B,6084.0,2x5616|1x7020
3,J,,675C,6819.43,1x5616|6x7020
3,J,,676,6531.0,1x5616|1x6468|2x7020
3,J,,677,7102.0,1x6468|2x7020|1x7900
3,J,,678,7167.0,3x7020|1x7608
3,J,,679,7020.0,4x7020
3,J,,680,7020.0,4x7020
3,J,,681,7020.0,4x7020
3,J,,682,7240.0,3x7020|1x7900
3,J,,683,7869.0,2x7020|1x7608|1x9828
3,J,,684,7020.0,4x7020
3,J,,685,7020.0,4x7020
3,J,,686,7020.0,4x7020
3,J,,687,7240.0,3x7020|1x7900
3,J,,688,7722.0,3x7020|1x9828
3,J,,689,7428.0,3x7020|1x8652
3,J,,690,7428.0,3x7020|1x8652
3,J,,691,7648.0,2x7020|1x7900|1x8652
3,J,1,,9196.8,4x8424|1x12288
3,K,1,,11827.76,4x11388|1x11604|9x11740|2x12058|1x14140
3,K,2,,12578.5,3x12058|1x14140
4,A,,10,8024.0,1x7356|2x8244|1x8252
4,A,,11,7008.0,2x6468|1x7356|1x7740
4,A,,12,6024.0,3x6024
4,A,,13,7542.67,1x6024|1x8252|1x8352
4,A,,14,7622.25,1x6537|1x7356|1x8244|1x8352
4,A,,15,7025.25,1x6468|1x6537|1x7356|1x7740
4,A,,17,6024.0,4x6024
4,A,,18,6800.0,2x6024|1x8352
4,A,,2,7698.0,1x6024|1x9372
4,A,,21,6024.0,3x6024
4,A,,22,6024.0,2x6024
4,A,,3,7900.0,2x6024|1x8252|1x9372|1x9828
4,A,,38,6537.0,5x6537
4,A,,39,5349.0,3x5124|1x6024
4,A,,4,7904.0,1x6468|1x8244|1x8252|1x8652
4,A,,40,5595.0,2x5124|1x6537
4,A,,42,6537.0,4x6537
4,A,,43,6537.0,5x6537
4,A,,44,6777.6,4x6537|1x7740
4,A,,46,5241.0,1x3396|2x5124|1x6024|1x6537
4,A,,47,5048.0,1x3996|1x5124|1x6024
4,A,,5,7332.0,2x6468|1x7740|1x8652
4,A,,51,5287.25,1x4356|1x4656|1x5600|1x6537
4,A,,56,4742.0,2x4356|1x4656|1x5600
4,A,,58,4011.0,1x3336|1x3996|2x4356
4,A,,59,4176.0,2x3996|2x4356
4,A,,60A,4101.0,1x3336|3x4356
4,A,,60B,4266.0,1x3996|3x4356
4,A,,62,4742.0,2x4356|1x4656|1x5600
4,A,,65,4008.0,1x3336|2x3996|2x4356
4,A,,67,4817.0,1x4356|2x4656|1x5600
4,A,,7,6693.6,4x6024|1x9372
4,A,,70,4173.0,1x3336|2x3996|1x5364
4,A,,72,5069.0,2x4656|1x5364|1x5600
4,A,,8,6024.0,3x6024
4,A,,9,7975.0,1x6024|2x8252|1x9372
4,A,1,,6574.0,1x5124|13x6024|8x6537|1x7740|1x8252|1x9372|1x9828
4,A,2A,,4147.2,2x3336|1x3996|1x4704|1x5364
4,A,2E,,4909.8,2x3996|1x4656|1x5364|1x6537
4,B,,10,7554.0,1x5124|1x7092|1x8640|1x9360
4,B,,11,6495.0,2x5124|1x7092|1x8640
4,B,,12,6300.0,3x5124|1x9828
4,B,,13,6525.0,2x5124|1x6024|1x9828
4,B,,14,5898.0,3x5124|1x8220
4,B,,15,5124.0,4x5124
4,B,,16,5124.0,4x5124
4,B,,17,5349.0,3x5124|1x6024
4,B,,18,5898.0,3x5124|1x8220
4,B,,19,5124.0,4x5124
4,B,,20,5124.0,4x5124
4,B,,21,5349.0,3x5124|1x6024
4,B,,22,5808.0,3x5124|1x7860
4,B,,23,5124.0,4x5124
4,B,,24,5124.0,4x5124
4,B,,25,5349.0,3x5124|1x6024
4,B,,28,5019.0,1x4704|3x5124
4,B,,29,5349.0,3x5124|1x6024
4,B,,32,5019.0,1x4704|3x5124
4,B,,33,5349.0,3x5124|1x6024
4,B,,36,4914.0,2x4704|2x5124
4,B,,37,5244.0,1x4704|2x5124|1x6024
4,B,,38,5640.0,1x4704|1x5124|1x7092
4,B,,39,4704.0,3x4704
4,B,,40,4809.0,3x4704|1x5124
4,B,,41,5139.0,2x4704|1x5124|1x6024
4,B,,42,5616.0,3x5124|1x7092
4,B,,43,4710.0,2x4704|2x4716
4,B,,44,4704.0,4x4704
4,B,,45,5034.0,3x4704|1x6024
4,B,,46,5511.0,1x4704|2x5124|1x7092
4,B,,47,4704.0,4x4704
4,B,,48,4809.0,3x4704|1x5124
4,B,,49,5244.0,1x4704|2x5124|1x6024
4,B,,50,5421.0,3x5124|1x6312
4,B,,51,5019.0,1x4704|3x5124
4,B,,52,5019.0,1x4704|3x5124
4,B,,53,5349.0,3x5124|1x6024
4,B,,54,5421.0,3x5124|1x6312
4,B,,55,5124.0,4x5124
4,B,,56,5124.0,4x5124
4,B,,57,5349.0,3x5124|1x6024
4,B,,58,5508.0,2x5124|2x5892
4,B,,59,5124.0,4x5124
4,B,,60,5124.0,4x5124
4,B,,61,5349.0,3x5124|1x6024
4,B,,62,5316.0,3x5124|1x5892
4,B,,63,5124.0,4x5124
4,B,,64,5124.0,4x5124
4,B,,65,5349.0,3x5124|1x6024
4,B,,66,5316.0,3x5124|1x5892
4,B,,67,5124.0,4x5124
4,B,,68,5124.0,5x5124
4,B,,69,5124.0,4x5124
4,B,,70,5316.0,3x5124|1x5892
4,B,,71,5124.0,4x5124
4,B,,72,5124.0,3x5124
4,B,,76,4482.0,1x3936|1x4386|1x5124
4,B,,77,4830.75,1x3936|1x4386|1x4704|5x5124
4,B,,78,5432.0,1x4860|1x5124|1x6312
4,B,,79,5161.2,1x4386|1x4860|2x5124|1x6312
4,B,,80,4755.0,1x3936|2x4386|1x6312
4,B,,81,4834.5,1x3936|1x4386|1x4704|1x6312
4,B,1,,5154.25,2x4704|1x5124|1x6085
4,C,,1,5504.0,2x3936|1x8640
4,C,,10,7320.0,2x7320
4,C,,100,4908.0,1x4344|1x4704|2x5292
4,C,,101,4780.0,1x4344|1x4704|1x5292
4,C,,102,5403.4,3x4704|1x5813|1x7092
4,C,,104,5698.0,3x4704|1x5124|1x7092|1x7860
4,C,,105,5595.0,1x4704|2x5292|1x7092
4,C,,106,5725.25,1x4704|1x5292|1x5813|1x7092
4,C,,11,5853.0,3x5364|1x7320
4,C,,12,5529.0,3x5364|1x6024
4,C,,13,7671.0,1x6024|3x8220
4,C,,17,7320.0,2x7320
4,C,,18,5853.0,3x5364|1x7320
4,C,,19,5529.0,3x5364|1x6024
4,C,,2,5504.0,2x3936|1x8640
4,C,,20,7671.0,1x6024|3x8220
4,C,,21,3936.0,4x3936
4,C,,22,3936.0,4x3936
4,C,,25,6033.25,2x5364|1x6085|1x7320
4,C,,26,5709.25,2x5364|1x6024|1x6085
4,C,,27,7047.25,1x6024|1x6085|1x7860|1x8220
4,C,,28,3936.0,4x3936
4,C,,29,3936.0,4x3936
4,C,,3,7572.0,2x7320|1x8076
4,C,,34,3936.0,3x3936
4,C,,35,3936.0,4x3936
4,C,,36,3936.0,4x3936
4,C,,4,6531.0,2x5364|1x7320|1x8076
4,C,,43,4233.0,3x3936|1x5124
4,C,,44,4128.0,3x3936|1x4704
4,C,,45,5244.25,2x4704|1x5484|1x6085
4,C,,46,5784.5,2x5484|2x6085
4,C,,49,4695.0,1x3936|2x4860|1x5124
4,C,,5,6207.0,2x5364|1x6024|1x8076
4,C,,50,4551.0,1x3936|2x4704|1x4860
4,C,,51,4704.0,4x4704
4,C,,52,5049.25,3x4704|1x6085
4,C,,53,5049.25,3x4704|1x6085
4,C,,54,5751.25,1x4704|1x5124|1x6085|1x7092
4,C,,55,4887.0,1x4704|2x4860|1x5124
4,C,,56,4743.0,3x4704|1x4860
4,C,,57,4704.0,4x4704
4,C,,58,4704.0,4x4704
4,C,,59,4704.0,4x4704
4,C,,6,8061.0,1x6024|1x8220|1x8640|1x9360
4,C,,60,5511.0,1x4704|2x5124|1x7092
4,C,,61,4809.0,3x4704|1x5124
4,C,,62,4704.0,4x4704
4,C,,63,4704.0,4x4704
4,C,,64,4704.0,4x4704
4,C,,65,4704.0,4x4704
4,C,,66,5316.0,1x4704|2x5124|1x6312
4,C,,67,4809.0,3x4704|1x5124
4,C,,68,4704.0,4x4704
4,C,,69,4704.0,4x4704
4,C,,70,4704.0,4x4704
4,C,,71,4704.0,4x4704
4,C,,72,5316.0,1x4704|2x5124|1x6312
4,C,,73,4809.0,3x4704|1x5124
4,C,,74,4704.0,6x4704
4,C,,75,4704.0,4x4704
4,C,,76,4704.0,4x4704
4,C,,77,4704.0,4x4704
4,C,,78,5211.0,1x4704|2x5124|1x5892
4,C,,8,3936.0,3x3936
4,C,,81,4464.0,2x4344|1x4704
4,C,,82,4584.0,1x4344|2x4704
4,C,,83,4704.0,3x4704
4,C,,84,5240.0,1x4704|1x5124|1x5892
4,C,,85,4604.0,2x4344|1x5124
4,C,,9,4320.0,1x3936|1x4704
4,C,,91,4539.0,3x4344|1x5124
4,C,,92,4344.0,3x4344
4,C,,94,4344.0,2x4344
4,C,,97,4604.0,2x4344|1x5124
4,C,,99,4461.0,3x4344|3x4497|1x4704
4,C,1,,5504.04,5x3936|6x4704|5x5484|5x6085|4x7320|1x8076
4,C,2,,4625.17,9x4344|1x4497|5x4704|2x5124|1x5892
4,D,,1,7097.0,1x3156|1x4704|1x9048|1x11480
4,D,,11,6503.0,2x4704|1x5124|1x11480
4,D,,12,5124.0,4x5124
4,D,,13,5124.0,4x5124
4,D,,14,4332.0,2x3936|1x5124
4,D,,16,6692.0,1x4704|1x5124|1x5460|1x11480
4,D,,17,5124.0,4x5124
4,D,,18,4233.0,3x3936|1x5124
4,D,,2,5613.0,1x3156|2x5124|1x9048
4,D,,21,6587.0,2x4704|1x5460|1x11480
4,D,,22,4844.0,2x4704|1x5124
4,D,,24,4233.0,3x3936|1x5124
4,D,,26,6398.0,3x4704|1x11480
4,D,,27,4788.0,4x4704|1x5124
4,D,,29,4233.0,3x3936|1x5124
4,D,,3,6105.0,3x5124|1x9048
4,D,,30,3936.0,4x3936
4,D,,31,6398.0,3x4704|1x11480
4,D,,32,4809.0,3x4704|1x5124
4,D,,34,4233.0,3x3936|1x5124
4,D,,35,3936.0,4x3936
4,D,,36,6398.0,3x4704|1x11480
4,D,,37,4125.0,1x3156|1x3936|2x4704
4,D,,38,4230.0,1x3156|1x3936|1x4704|1x5124
4,D,,39,4648.8,2x3936|3x5124
4,D,,40,4530.0,2x3936|2x5124
4,D,,41,6398.0,3x4704|1x11480
4,D,,42,3933.0,1x3156|2x3936|1x4704
4,D,,43,4038.0,1x3156|2x3936|1x5124
4,D,,46,6206.0,1x3936|2x4704|1x11480
4,D,,47,3741.0,1x3156|3x3936
4,D,,48,4038.0,1x3156|2x3936|1x5124
4,D,,51,6011.0,1x3156|2x4704|1x11480
4,D,,52,3546.0,2x3156|2x3936
4,D,,53,3738.0,1x2736|1x3156|1x3936|1x5124
4,D,,56,6011.0,1x3156|2x4704|1x11480
4,D,,57,3546.0,2x3156|2x3936
4,D,,58,3438.0,2x2736|1x3156|1x5124
4,D,,59,4530.0,2x3936|2x5124
4,D,,6,6503.0,2x4704|1x5124|1x11480
4,D,,61,5819.0,1x3156|1x3936|1x4704|1x11480
4,D,,62,3441.0,2x3156|1x3516|1x3936
4,D,,63,3723.0,1x2736|2x3516|1x5124
4,D,,64,4530.0,2x3936|2x5124
4,D,,66,5627.0,1x3156|2x3936|1x11480
4,D,,67,3336.0,2x3156|2x3516
4,D,,68,3918.0,3x3516|1x5124
4,D,,69,4530.0,2x3936|2x5124
4,D,,7,5124.0,4x5124
4,D,,71,5627.0,1x3156|2x3936|1x11480
4,D,,72,3336.0,2x3156|2x3516
4,D,,73,3828.0,1x3156|2x3516|1x5124
4,D,,74,4530.0,2x3936|2x5124
4,D,,76,5627.0,1x3156|2x3936|1x11480
4,D,,77,3336.0,2x3156|2x3516
4,D,,78,3828.0,1x3156|2x3516|1x5124
4,D,,79,4530.0,2x3936|2x5124
4,D,,81,5703.0,1x3156|2x3936|1x11784
4,D,,82,3336.0,2x3156|2x3516
4,D,,83,3828.0,1x3156|2x3516|1x5124
4,D,,84,4728.0,1x3936|2x5124
4,D,,86,5627.0,1x3156|2x3936|1x11480
4,D,,87,3531.0,1x3156|2x3516|1x3936
4,D,,88,4023.0,2x3516|1x3936|1x5124
4,D,,91,6608.0,1x3156|1x3936|1x7860|1x11480
4,D,,92,5019.0,1x3156|1x3936|1x5124|1x7860
4,D,2,,4899.27,8x3936|1x5124|2x8640
4,D,3,,3936.0,8x3936
4,D,5,,4956.0,2x4704|3x5124
4,D,6,,4530.0,2x3936|2x5124
4,D,7,,6036.0,2x5124|1x7860
4,E,,81,8232.0,2x8232
4,E,,82,9161.75,2x8232|5x9156|1x11050
4,E,,83,8936.5,3x8232|1x11050
4,E,,84,8936.5,3x8232|1x11050
4,E,,85,8936.5,3x8232|1x11050
4,E,,86,8235.0,3x8232|1x8244
4,E,,87,8241.0,1x8232|3x8244
4,E,,88,8241.0,1x8232|3x8244
4,E,,89,8238.0,1x8232|1x8244
4,E,1,,9469.25,4x8232|1x8556|1x11050|1x11480|1x11740
4,E,2A,,8232.0,16x8232
4,E,2B,,8232.0,4x8232
4,E,2C,,8232.0,6x8232
4,E,2D,,8232.0,3x8232
4,E,2E,,8232.0,4x8232
5,A,,1,7551.0,1x6384|1x7356|2x8232
5,A,,10,7356.0,4x7356
5,A,,11,6870.0,2x6384|2x7356
5,A,,12,6238.0,2x5460|3x6384|1x7356
5,A,,13,6187.8,1x4704|1x5460|1x6063|2x7356
5,A,,14,7089.0,2x6384|1x7356|1x8232
5,A,,15,7113.0,1x6384|3x7356
5,A,,16,7113.0,1x6384|3x7356
5,A,,17,7113.0,1x6384|3x7356
5,A,,18,7356.0,4x7356
5,A,,19,7356.0,4x7356
5,A,,2,7575.0,3x7356|1x8232
5,A,,20,6624.0,2x5892|2x7356
5,A,,22,7140.0,1x6384|1x7356|1x7404|1x7416
5,A,,23,7113.0,1x6384|3x7356
5,A,,24,7113.0,1x6384|3x7356
5,A,,25,7032.0,1x6384|2x7356
5,A,,3,7575.0,3x7356|1x8232
5,A,,34,4675.2,2x2292|1x4080|2x7356
5,A,,35,4317.6,3x2292|2x7356
5,A,,36,2484.0,3x2292|1x3060
5,A,,37,2292.0,4x2292
5,A,,39,4001.33,1x2292|1x2356|1x7356
5,A,,4,7575.0,3x7356|1x8232
5,A,,40,3980.0,2x2292|1x7356
5,A,,41,4317.6,3x2292|2x7356
5,A,,42,2232.0,1x2052|3x2292
5,A,,43,2232.0,1x2052|3x2292
5,A,,44,2292.0,4x2292
5,A,,45,2292.0,4x2292
5,A,,46,2232.0,1x2052|3x2292
5,A,,48,3980.0,2x2292|1x7356
5,A,,49,3304.8,4x2292|1x7356
5,A,,5,7575.0,3x7356|1x8232
5,A,,50,2292.0,4x2292
5,A,,51,2172.0,2x2052|2x2292
5,A,,52,2232.0,1x2052|3x2292
5,A,,53,2232.0,1x2052|3x2292
5,A,,54,2232.0,1x2052|3x2292
5,A,,55,2172.0,2x2052|2x2292
5,A,,56,5391.0,1x2292|1x3432|1x7356|1x8484
5,A,,57,2517.0,1x2052|2x2292|1x3432
5,A,,58,2232.0,1x2052|3x2292
5,A,,59,2172.0,2x2052|2x2292
5,A,,6,6858.0,1x5460|1x6384|1x7356|1x8232
5,A,,60,2052.0,4x2052
5,A,,61,2232.0,1x2052|3x2292
5,A,,63,2112.0,3x2052|1x2292
5,A,,64,2052.0,4x2052
5,A,,65,4125.0,2x2292|1x3432|1x8484
5,A,,66,2517.0,1x2052|2x2292|1x3432
5,A,,67,2232.0,1x2052|3x2292
5,A,,68,2172.0,2x2052|2x2292
5,A,,69,2112.0,3x2052|1x2292
5,A,,7,6692.0,1x5460|1x6384|1x8232
5,A,,70,2172.0,2x2052|2x2292
5,A,,71,2292.0,4x2292
5,A,,73,2112.0,3x2052|1x2292
5,A,,74,2052.0,4x2052
5,A,,75,3720.0,2x2052|1x2292|1x8484
5,A,,76,2112.0,3x2052|1x2292
5,A,,77,2172.0,2x2052|2x2292
5,A,,78,2172.0,2x2052|2x2292
5,A,,79,2112.0,3x2052|1x2292
5,A,,80,2112.0,3x2052|1x2292
5,A,,81,2172.0,2x2052|2x2292
5,A,,83,2112.0,3x2052|1x2292
5,A,,84,1986.0,1x1788|3x2052
5,A,,9,7356.0,4x7356
5,A,1,,7131.0,2x5892|2x6384|8x7296|2x7356|2x8232
5,A,2,,6820.5,2x6063|1x7296|1x7860
5,A,4,,2172.0,2x2052|2x2292
5,A,5,,3942.0,1x2292|2x3060|1x7356
5,B,,100,3064.8,3x2556|2x3828
5,B,,101,3064.8,3x2556|2x3828
5,B,,102,2424.0,2x2292|2x2556
5,B,,103,2292.0,4x2292
5,B,,104,2292.0,4x2292
5,B,,105,2232.0,1x2052|3x2292
5,B,,106,2052.0,4x2052
5,B,,107,2941.5,1x2052|2x2292|1x5130
5,B,,108,1986.0,1x1788|3x2052
5,B,,109,2052.0,4x2052
5,B,,110,2052.0,4x2052
5,B,,111,2112.0,3x2052|1x2292
5,B,,112,2358.0,3x2292|1x2556
5,B,,113,2556.0,4x2556
5,B,,114,2892.0,1x2292|1x2556|1x3828
5,B,,115,2808.0,1x2292|2x2556|1x3828
5,B,,116,2424.0,2x2292|2x2556
5,B,,117,2292.0,4x2292
5,B,,118,2358.0,3x2292|1x2556
5,B,,119,2298.0,1x2052|2x2292|1x2556
5,B,,120,2052.0,4x2052
5,B,,121,2941.5,1x2052|2x2292|1x5130
5,B,,122,2052.0,4x2052
5,B,,123,2941.5,1x2052|2x2292|1x5130
5,B,,124,2112.0,3x2052|1x2292
5,B,,125,2941.5,1x2052|2x2292|1x5130
5,B,,128,2439.0,2x2052|1x2292|1x3360
5,B,,129,3208.5,1x2052|1x2292|1x3360|1x5130
5,B,,13,4144.0,2x3060|1x6312
5,B,,17,3316.0,2x2292|1x5364
5,B,,18,3060.0,3x2292|1x5364
5,B,,19,3060.0,3x2292|1x5364
5,B,,1A,4839.0,2x3648|1x4704|1x7356
5,B,,1B,5304.75,2x3648|1x6063|1x7860
5,B,,20,3060.0,3x2292|1x5364
5,B,,21,3828.5,2x2292|1x5130|1x5600
5,B,,29,3632.0,2x2292|1x2588|1x7356
5,B,,3,6615.0,1x3648|1x7092|2x7860
5,B,,30,3060.0,3x3060
5,B,,4,7668.0,1x7092|3x7860
5,B,,46,3060.0,4x3060
5,B,,47,3240.0,1x2556|1x3060|1x4104
5,B,,48,4269.0,1x2556|2x4104|1x6312
5,B,,49,3588.0,1x2556|2x4104
5,B,,50,2739.43,1x2292|5x2556|1x4104
5,B,,51,2358.0,3x2292|1x2556
5,B,,52,2292.0,4x2292
5,B,,53,2292.0,4x2292
5,B,,54,3001.5,3x2292|1x5130
5,B,,55,2292.0,4x2292
5,B,,62,3126.0,1x2556|2x3060|1x3828
5,B,,63,2556.0,4x2556
5,B,,64,2556.0,1x2556
5,B,,65,2556.0,2x2556
5,B,,67,2292.0,4x2292
5,B,,68,2232.0,1x2052|3x2292
5,B,,69,2232.0,1x2052|3x2292
5,B,,70,2941.5,1x2052|2x2292|1x5130
5,B,,71A,2132.0,2x2052|1x2292
5,B,,71B,2052.0,4x2052
5,B,,72,2052.0,3x2052
5,B,,73B,2052.0,3x2052
5,B,,74A,2269.0,1x2223|2x2292
5,B,,74B,2109.0,2x2052|1x2223
5,B,,75A,2641.5,2x2223|1x2292|1x3828
5,B,,75B,3319.2,2x2556|3x3828
5,B,,75C,2556.0,4x2556
5,B,,76B,2424.0,1x2292|1x2556
5,B,,76C,2980.0,2x2556|1x3828
5,B,,77A,2556.0,4x2556
5,B,,77B,2468.0,1x2292|2x2556
5,B,,78,2380.0,2x2292|1x2556
5,B,,79A,2874.0,3x2556|1x3828
5,B,,79B,2556.0,4x2556
5,B,,79C,2490.0,1x2292|3x2556
5,B,,79D,2380.0,2x2292|1x2556
5,B,,80B,2292.0,3x2292
5,B,,81,2052.0,4x2052
5,B,,82,2052.0,4x2052
5,B,,83,2052.0,4x2052
5,B,,84,2112.0,3x2052|1x2292
5,B,,85,2358.0,3x2292|1x2556
5,B,,86,2874.0,3x2556|1x3828
5,B,,87,2980.0,2x2556|1x3828
5,B,,88,2556.0,4x2556
5,B,,89,2358.0,3x2292|1x2556
5,B,,90,2292.0,4x2292
5,B,,91,2292.0,4x2292
5,B,,92,2232.0,1x2052|3x2292
5,B,,93,2052.0,4x2052
5,B,,94,2941.5,1x2052|2x2292|1x5130
5,B,,95,2052.0,4x2052
5,B,,96,2052.0,4x2052
5,B,,97,2052.0,4x2052
5,B,,98,2112.0,3x2052|1x2292
5,B,,99,2358.0,3x2292|1x2556
5,B,1,,3348.0,3x2292|2x3060|1x7092
5,B,2,,3940.0,1x2292|3x3060|3x4104|1x5364|1x6312
5,B,4,,2195.2,6x2052|4x2223|4x2292|1x2556
5,B,5,,2358.0,3x2292|1x2556
5,C,,100,2052.0,4x2052
5,C,,101,1986.0,1x1788|3x2052
5,C,,107,1854.0,3x1788|1x2052
5,C,,108,2046.0,1x1788|2x2052|1x2292
5,C,,109,2112.0,3x2052|1x2292
5,C,,110,2052.0,4x2052
5,C,,111,1986.0,1x1788|3x2052
5,C,,117,1854.0,3x1788|1x2052
5,C,,118,2046.0,1x1788|2x2052|1x2292
5,C,,119,2112.0,3x2052|1x2292
5,C,,120,2454.0,3x2052|1x3660
5,C,,121,2388.0,1x1788|2x2052|1x3660
5,C,,127,1788.0,4x1788
5,C,,128,2046.0,1x1788|2x2052|1x2292
5,C,,129,2112.0,3x2052|1x2292
5,C,,130,3258.0,1x2052|3x3660
5,C,,131,2388.0,1x1788|2x2052|1x3660
5,C,,137,1788.0,4x1788
5,C,,138,2106.0,1x1788|1x2052|2x2292
5,C,,139,2112.0,3x2052|1x2292
5,C,,140,2454.0,3x2052|1x3660
5,C,,141,1986.0,1x1788|3x2052
5,C,,142,2877.0,2x2052|1x2292|1x5112
5,C,,143,1986.0,1x1788|3x2052
5,C,,144,1854.0,3x1788|1x2052
5,C,,145,1854.0,3x1788|1x2052
5,C,,146,1788.0,4x1788
5,C,,147,1788.0,4x1788
5,C,,148,1788.0,4x1788
5,C,,149,2046.0,1x1788|2x2052|1x2292
5,C,,150,2052.0,4x2052
5,C,,151,2052.0,4x2052
5,C,,152,2052.0,4x2052
5,C,,153,2877.0,2x2052|1x2292|1x5112
5,C,,154,2052.0,4x2052
5,C,,155,2052.0,4x2052
5,C,,156,1986.0,1x1788|3x2052
5,C,,157,1854.0,3x1788|1x2052
5,C,,158,1788.0,4x1788
5,C,,159,1788.0,4x1788
5,C,,160A,1854.0,3x1788|1x2052
5,C,,160B,1920.0,2x1788|2x2052
5,C,,161,2052.0,4x2052
5,C,,162,2052.0,4x2052
5,C,,163,2052.0,4x2052
5,C,,164,2817.0,3x2052|1x5112
5,C,,165,2052.0,4x2052
5,C,,166,2052.0,4x2052
5,C,,167,1986.0,1x1788|3x2052
5,C,,168,1920.0,2x1788|2x2052
5,C,,169,1788.0,4x1788
5,C,,170,1788.0,4x1788
5,C,,171,1854.0,3x1788|1x2052
5,C,,172,1986.0,1x1788|3x2052
5,C,,173,1920.0,2x1788|2x2052
5,C,,174,1854.0,3x1788|1x2052
5,C,,175,2817.0,3x2052|1x5112
5,C,,176,2052.0,4x2052
5,C,,177,2052.0,4x2052
5,C,,178,1986.0,1x1788|3x2052
5,C,,179,1986.0,1x1788|3x2052
5,C,,180,1854.0,3x1788|1x2052
5,C,,181,1788.0,4x1788
5,C,,182,1788.0,4x1788
5,C,,183,1788.0,4x1788
5,C,,184,1788.0,4x1788
5,C,,185,1788.0,4x1788
5,C,,186,1788.0,4x1788
5,C,,187,2685.0,2x1788|1x2052|1x5112
5,C,,188,1854.0,3x1788|1x2052
5,C,,189,2202.0,2x1788|1x2052|1x3180
5,C,,190,2202.0,2x1788|1x2052|1x3180
5,C,,191,2136.0,3x1788|1x3180
5,C,,192,2136.0,3x1788|1x3180
5,C,,193,1728.0,1x1548|3x1788
5,C,,194,1728.0,1x1548|3x1788
5,C,,195,1668.0,2x1548|2x1788
5,C,,196,1608.0,3x1548|1x1788
5,C,,197,1608.0,3x1548|1x1788
5,C,,87,1920.0,2x1788|2x2052
5,C,,88,2046.0,1x1788|2x2052|1x2292
5,C,,89,2112.0,3x2052|1x2292
5,C,,90,2052.0,4x2052
5,C,,91,1986.0,1x1788|3x2052
5,C,,97,1854.0,3x1788|1x2052
5,C,,98,2046.0,1x1788|2x2052|1x2292
5,C,,99,2112.0,3x2052|1x2292
5,C,1,,2052.0,5x2052
5,C,2,,2708.0,2x1788|6x2052|1x8484
5,C,3,,3660.0,3x2052|1x8484
5,D,,198,2052.0,4x2052
5,D,,199,1986.0,1x1788|3x2052
5,D,,200,1854.0,3x1788|1x2052
5,D,,201,2052.0,4x2052
5,D,,202,2232.0,1x2052|3x2292
5,D,,203,2292.0,4x2292
5,D,,204,2292.0,4x2292
5,D,,205,2484.0,3x2292|1x3060
5,D,,206,2391.0,3x2292|1x2688
5,D,,207,2768.0,1x2556|1x2688|1x3060
5,D,,208,2616.0,1x2292|2x2556|1x3060
5,D,,209,3199.5,3x2556|1x5130
5,D,,210,1986.0,1x1788|3x2052
5,D,,211,1920.0,2x1788|2x2052
5,D,,212,1854.0,3x1788|1x2052
5,D,,213,2052.0,4x2052
5,D,,214,2232.0,1x2052|3x2292
5,D,,215,2292.0,4x2292
5,D,,216,2292.0,4x2292
5,D,,217,2292.0,4x2292
5,D,,218,2298.0,1x2052|2x2292|1x2556
5,D,,219,2600.0,2x2556|1x2688
5,D,,220,2457.0,2x2292|1x2556|1x2688
5,D,,221,3133.5,1x2292|2x2556|1x5130
5,D,,222,1788.0,4x1788
5,D,,223,1788.0,4x1788
5,D,,224,1854.0,3x1788|1x2052
5,D,,225,2052.0,4x2052
5,D,,226,2232.0,1x2052|3x2292
5,D,,227,2292.0,4x2292
5,D,,228,2292.0,4x2292
5,D,,229,2292.0,4x2292
5,D,,230,2298.0,1x2052|2x2292|1x2556
5,D,,231,2874.0,3x2556|1x3828
5,D,,232,2892.0,1x2292|1x2556|1x3828
5,D,,233,3133.5,1x2292|2x2556|1x5130
5,D,,234,1788.0,4x1788
5,D,,235,1788.0,4x1788
5,D,,236,1854.0,3x1788|1x2052
5,D,,237,2052.0,4x2052
5,D,,238,2232.0,1x2052|3x2292
5,D,,239,2292.0,4x2292
5,D,,240,2292.0,4x2292
5,D,,241,2292.0,4x2292
5,D,,242,2358.0,3x2292|1x2556
5,D,,243,2608.8,3x2556|2x2688
5,D,,245,3123.6,2x2556|2x2688|1x5130
5,D,,246,1728.0,1x1548|3x1788
5,D,,247,1788.0,4x1788
5,D,,248,1854.0,3x1788|1x2052
5,D,,249,2052.0,4x2052
5,D,,250,2172.0,2x2052|2x2292
5,D,,251,2292.0,4x2292
5,D,,252,2292.0,4x2292
5,D,,253,2292.0,4x2292
5,D,,254,2358.0,3x2292|1x2556
5,D,,255,2556.0,4x2556
5,D,,256,2617.0,2x2556|1x2668|1x2688
5,D,,257,3232.5,2x2556|1x2688|1x5130
5,D,,258,1986.0,1x1788|3x2052
5,D,,259,2052.0,4x2052
5,D,,260,2052.0,4x2052
5,D,,261,2112.0,3x2052|1x2292
5,D,,262,2112.0,3x2052|1x2292
5,D,,263,2172.0,2x2052|2x2292
5,D,,264,2550.0,2x2292|1x2556|1x3060
5,D,,265,2616.0,1x2292|2x2556|1x3060
5,D,,266,2649.0,1x2292|1x2556|1x2688|1x3060
5,D,,267,3458.0,1x2556|1x2688|1x5130
5,D,,268,2052.0,2x2052
5,E,,244,2052.0,4x2052
5,E,,246,2052.0,4x2052
5,E,,247,2052.0,4x2052
5,E,,248,2052.0,4x2052
5,E,,249,2052.0,4x2052
5,E,,250,2208.0,1x1548|1x1788|1x2736|1x2760
5,E,,251,2214.0,1x1548|1x1788|2x2760
5,E,,252,2204.57,1x1548|2x1788|1x2052|1x2736|2x2760
5,E,,259,3312.0,1x3060|1x3564
5,E,,260,3255.0,1x1788|1x2556|1x3060|1x5616
5,E,,261,3186.0,1x2556|1x3060|2x3564
5,E,,262,3369.0,1x2244|1x2556|1x3060|1x5616
5,E,,263,2400.0,2x2244|2x2556
5,E,,264,2208.0,1x2052|2x2244|1x2292
5,E,,265,2160.0,2x2052|1x2244|1x2292
5,E,,266,2052.0,4x2052
5,E,,267,2052.0,4x2052
5,E,,268,2052.0,4x2052
5,E,,269,2052.0,4x2052
5,E,,270,2052.0,4x2052
5,E,,271,3573.0,1x2556|2x3060|1x5616
5,E,,272,2556.0,4x2556
5,E,,273,2298.0,1x2052|2x2292|1x2556
5,E,,274,2172.0,2x2052|2x2292
5,E,,275,2238.0,2x2052|1x2292|1x2556
5,E,,276,2238.0,2x2052|1x2292|1x2556
5,E,,277,2172.0,2x2052|2x2292
5,E,,278,2232.0,1x2052|3x2292
5,E,,279,2172.0,2x2052|2x2292
5,E,,280,2052.0,4x2052
5,E,,281,3639.0,1x2556|1x3060|1x3324|1x5616
5,E,,282,2748.0,3x2556|1x3324
5,E,,283,2616.0,2x2292|1x2556|1x3324
5,E,,284,2550.0,2x2292|1x2556|1x3060
5,E,,285,2616.0,1x2292|2x2556|1x3060
5,E,,286,2616.0,1x2292|2x2556|1x3060
5,E,,287,2550.0,2x2292|1x2556|1x3060
5,E,,288,2484.0,3x2292|1x3060
5,E,,289,2424.0,1x2052|2x2292|1x3060
5,E,,290,2304.0,3x2052|1x3060
5,E,,291,3920.0,1x2556|1x3324|1x5880
5,E,,292,2748.0,3x2556|1x3324
5,E,,293,2748.0,3x2556|1x3324
5,E,,294,2682.0,3x2556|1x3060
5,E,,295,2682.0,3x2556|1x3060
5,E,,296,2682.0,3x2556|1x3060
5,E,,297,2616.0,1x2292|2x2556|1x3060
5,E,,298,2550.0,2x2292|1x2556|1x3060
5,E,,299,2490.0,1x2052|1x2292|1x2556|1x3060
5,E,,300,3513.0,2x2556|1x3060|1x5880
5,E,,301,2556.0,4x2556
5,E,,302,2556.0,4x2556
5,E,,303,2358.0,3x2292|1x2556
5,E,,304,2358.0,3x2292|1x2556
5,E,,305,2238.0,2x2052|1x2292|1x2556
5,E,,306,2112.0,3x2052|1x2292
5,E,,307,2112.0,3x2052|1x2292
5,E,,308,3832.0,1x2556|1x3060|1x5880
5,E,,309,2556.0,4x2556
5,E,,310,2424.0,2x2292|2x2556
5,E,,311,2232.0,1x2052|3x2292
5,E,,312,2172.0,2x2052|2x2292
5,E,,313,2052.0,4x2052
5,E,,314,2052.0,4x2052
5,E,,315,2052.0,4x2052
5,E,,316,3639.0,2x2556|1x3564|1x5880
5,E,,317,2358.0,3x2292|1x2556
5,E,,318,2232.0,1x2052|3x2292
5,E,,319,2232.0,1x2052|3x2292
5,E,,320,2112.0,3x2052|1x2292
5,E,,321,2052.0,4x2052
5,E,,322,2052.0,4x2052
5,E,,323,4336.0,2x3564|1x5880
5,E,,324,2550.0,1x2052|2x2292|1x3564
5,E,,325,2172.0,2x2052|2x2292
5,E,,326,2112.0,3x2052|1x2292
5,E,,327,2052.0,4x2052
5,E,,328,2052.0,4x2052
5,E,,329,2052.0,4x2052
5,E,1,,2132.5,1x809|9x1548|8x2052|1x2244|2x2556|1x3060|1x3180|3x3564
5,E,10,,2052.0,36x2052
5,E,11,,2052.0,3x2052
5,E,12,,2202.0,1x2052|3x2252
5,E,13,,2052.0,12x2052
5,E,14,,2052.0,7x2052
5,E,2,,2556.0,1x2556
5,E,3,,1956.0,3x1548|1x3180
5,E,4,,1548.0,2x1548
5,E,5,,1548.0,1x1548
5,E,6,,1548.0,1x1548
5,E,7,,1548.0,1x1548
5,E,8,,1548.0,1x1548
5,F,,323,2112.0,3x2052|1x2292
5,F,,324,2112.0,3x2052|1x2292
5,F,,325,2232.0,1x2052|3x2292
5,F,,326,2292.0,4x2292
5,F,,327,2232.0,1x2052|3x2292
5,F,,328,2277.88,1x2052|16x2292
5,F,,328A,2292.0,1x2292
5,F,,329A,2484.0,3x2292|1x3060
5,F,,329B,2292.0,4x2292
5,F,,330,2616.0,1x2292|2x2556|1x3060
5,F,,331,3168.0,2x2556|1x3060|1x4500
5,F,,332,3042.0,3x2556|1x4500
5,F,,337,2292.0,4x2292
5,F,,338,2292.0,17x2292
5,F,,339,2292.0,4x2292
5,F,,340,2358.0,3x2292|1x2556
5,F,,341,2556.0,4x2556
5,F,,342,3042.0,3x2556|1x4500
5,F,,343A,2304.0,2x2052|2x2556
5,F,,343B,2253.6,3x2052|2x2556
5,F,,344,2200.8,3x2052|1x2292|1x2556
5,F,,345,2358.0,3x2292|1x2556
5,F,,346,2358.0,3x2292|1x2556
5,F,,347,2484.0,3x2292|1x3060
5,F,,348,2550.0,2x2292|1x2556|1x3060
5,F,,349,2682.0,3x2556|1x3060
5,F,,350,2943.0,2x2556|1x3060|1x3600
5,F,,351,2178.0,3x2052|1x2556
5,F,,352,2238.0,2x2052|1x2292|1x2556
5,F,,353,2298.0,1x2052|2x2292|1x2556
5,F,,354,2238.0,2x2052|1x2292|1x2556
5,F,,355,2364.0,2x2052|1x2292|1x3060
5,F,,356,2424.0,1x2052|2x2292|1x3060
5,F,,357,2476.5,1x2052|1x2292|1x2502|1x3060
5,F,,358,2751.0,1x2052|1x2292|1x3060|1x3600
5,F,,359,2052.0,4x2052
5,F,,360,2052.0,4x2052
5,F,,361,2052.0,4x2052
5,F,,362,2052.0,4x2052
5,F,,363,2052.0,4x2052
5,F,,364,2052.0,4x2052
5,F,,365,2052.0,4x2052
5,F,,366,2439.0,3x2052|1x3600
5,F,,367,2052.0,4x2052
5,F,,368,2052.0,2x2052
5,F,,369,2052.0,4x2052
5,F,,370,2052.0,4x2052
5,F,,371,2052.0,4x2052
5,F,,372,2052.0,4x2052
5,F,,373,2052.0,4x2052
5,F,,374,2439.0,3x2052|1x3600
5,F,,375,2052.0,4x2052
5,F,,376,2052.0,4x2052
5,F,,377,2052.0,4x2052
5,F,,378,2052.0,4x2052
5,F,,379,2052.0,4x2052
5,F,,380,2052.0,4x2052
5,F,,381,2064.0,3x2052|1x2100
5,F,,382,2439.0,3x2052|1x3600
5,F,,383,2052.0,4x2052
5,F,,384,2052.0,4x2052
5,F,,385,2052.0,4x2052
5,F,,386,2052.0,4x2052
5,F,,387,2052.0,4x2052
5,F,,388,2052.0,4x2052
5,F,,389,2052.0,4x2052
5,F,,390,2439.0,3x2052|1x3600
5,F,1,,2132.0,4x2052|2x2292
5,F,2,,2112.0,3x2052|1x2292
5,G,,1,2046.0,2x1788|1x2052|1x2556
5,G,,10,2292.0,4x2292
5,G,,11,2292.0,4x2292
5,G,,12,2232.0,1x2052|3x2292
5,G,,16,2178.0,3x2052|1x2556
5,G,,17,2172.0,2x2052|2x2292
5,G,,18,2298.0,1x2052|2x2292|1x2556
5,G,,19,2556.0,4x2556
5,G,,2,2112.0,1x1788|2x2052|1x2556
5,G,,20,2874.0,3x2556|1x3828
5,G,,21,2808.0,1x2292|2x2556|1x3828
5,G,,22,2292.0,4x2292
5,G,,23,2292.0,4x2292
5,G,,24,2232.0,1x2052|3x2292
5,G,,25A,2364.0,1x1788|3x2556
5,G,,25B,2556.0,4x2556
5,G,,26,2556.0,3x2556
5,G,,27,2556.0,4x2556
5,G,,28,2112.0,1x1788|2x2052|1x2556
5,G,,29,2172.0,2x2052|2x2292
5,G,,3,2178.0,3x2052|1x2556
5,G,,30,2238.0,2x2052|1x2292|1x2556
5,G,,31,2556.0,4x2556
5,G,,32,2874.0,3x2556|1x3828
5,G,,33,3318.0,1x2556|1x3060|2x3828
5,G,,34,2742.0,1x2292|1x2556|2x3060
5,G,,35,2616.0,1x2292|2x2556|1x3060
5,G,,36,2364.0,1x2052|1x2292|2x2556
5,G,,4,2052.0,4x2052
5,G,,42,2172.0,2x2052|2x2292
5,G,,43,2490.0,1x2052|1x2292|1x2556|1x3060
5,G,,44,2934.0,1x2556|3x3060
5,G,,45,2934.0,1x2556|3x3060
5,G,,46,3126.0,1x2556|2x3060|1x3828
5,G,,47,3572.0,1x3060|2x3828
5,G,,48,2934.0,1x2556|3x3060
5,G,,49,2808.0,2x2556|2x3060
5,G,,5,2112.0,3x2052|1x2292
5,G,,50,3199.5,3x2556|1x5130
5,G,,55,2052.0,3x2052
5,G,,56,2112.0,3x2052|1x2292
5,G,,57,2616.0,1x2292|2x2556|1x3060
5,G,,58,3060.0,4x3060
5,G,,59,3060.0,4x3060
5,G,,6,2358.0,3x2292|1x2556
5,G,,60,3252.0,3x3060|1x3828
5,G,,62,3367.2,3x3060|2x3828
5,G,,63,2934.0,1x2556|3x3060
5,G,,64,3199.5,3x2556|1x5130
5,G,,69,1964.0,1x1788|2x2052
5,G,,7,2556.0,4x2556
5,G,,70,2052.0,4x2052
5,G,,71,2298.0,1x2052|2x2292|1x2556
5,G,,72,2676.0,2x2292|2x3060
5,G,,73,2868.0,1x2292|3x3060
5,G,,74,3060.0,3x3060
5,G,,75,3060.0,3x3060
5,G,,76,2804.0,1x2292|2x3060
5,G,,77,3060.0,4x3060
5,G,,78,2934.0,1x2556|3x3060
5,G,,79,3199.5,3x2556|1x5130
5,G,,8,3192.0,2x2556|2x3828
5,G,,9,2742.0,2x2292|1x2556|1x3828
5,G,1,,2108.8,3x1788|1x1900|3x2052|3x2556
6,A,,1,2284.0,1x2100|2x2376
6,A,,103,1063.0,2x1008|2x1118
6,A,,104,1090.5,1x1008|3x1118
6,A,,105,1090.5,1x1008|3x1118
6,A,,106,1090.5,1x1008|3x1118
6,A,,107,1090.5,1x1008|3x1118
6,A,,108,1324.0,1x1008|2x1118|1x2052
6,A,,118,1170.5,2x1008|1x1118|1x1548
6,A,,119,1198.0,1x1008|2x1118|1x1548
6,A,,120,1198.0,1x1008|2x1118|1x1548
6,A,,121,1198.0,1x1008|2x1118|1x1548
6,A,,122,1090.5,1x1008|3x1118
6,A,,123,1090.5,1x1008|3x1118
6,A,,124,1198.0,1x1008|2x1118|1x1548
6,A,,133,1644.0,2x984|1x1548|1x3060
6,A,,134,1215.0,1x984|1x1140|1x1188|1x1548
6,A,,135,1227.0,1x984|2x1188|1x1548
6,A,,136,1227.0,1x984|2x1188|1x1548
6,A,,137,1068.5,2x984|1x1118|1x1188
6,A,,138,947.5,1x704|2x984|1x1118
6,A,,139,996.0,2x984|2x1008
6,A,,140,1170.5,2x1008|1x1118|1x1548
6,A,,148,1503.0,3x984|1x3060
6,A,,149,1023.0,3x984|1x1140
6,A,,150,984.0,4x984
6,A,,151,984.0,4x984
6,A,,152,984.0,4x984
6,A,,153,914.0,1x704|3x984
6,A,,154,1035.0,3x984|1x1188
6,A,,155,971.0,1x704|1x984|1x1008|1x1188
6,A,,156,1242.0,1x984|1x1008|1x1188|1x1788
6,A,,166,984.0,4x984
6,A,,167,1035.0,3x984|1x1188
6,A,,168,1086.0,2x984|2x1188
6,A,,169,1035.0,3x984|1x1188
6,A,,170,1086.0,2x984|2x1188
6,A,,171,1016.0,1x704|1x984|2x1188
6,A,,172,1137.0,1x984|3x1188
6,A,,173,1278.0,3x1188|1x1548
6,A,,180,1300.0,2x420|1x3060
6,A,,183,702.0,2x420|2x984
6,A,,184,984.0,4x984
6,A,,185,1035.0,3x984|1x1188
6,A,,186,1137.0,1x984|3x1188
6,A,,187,1188.0,4x1188
6,A,,188,1188.0,4x1188
6,A,,189,1188.0,4x1188
6,A,,190,1278.0,3x1188|1x1548
6,A,,199,420.0,3x420
6,A,,2,2307.0,1x2100|3x2376
6,A,,201,1362.0,1x420|2x984|1x3060
6,A,,202,567.5,2x420|2x715
6,A,,203,849.5,2x715|2x984
6,A,,204,916.75,1x715|3x984
6,A,,205,1086.0,2x984|2x1188
6,A,,206,1137.0,1x984|3x1188
6,A,,207,1067.0,1x704|3x1188
6,A,,208,946.0,2x704|2x1188
6,A,,209,977.0,1x704|2x1008|1x1188
6,A,,210,1188.0,2x1008|1x1188|1x1548
6,A,,222,641.25,1x420|3x715
6,A,,223,1069.75,1x715|3x1188
6,A,,224,946.0,2x704|2x1188
6,A,,225,704.0,4x704
6,A,,226,704.0,4x704
6,A,,227,932.0,1x704|3x1008
6,A,,228,1143.0,3x1008|1x1548
6,A,,241,567.5,2x420|2x715
6,A,,242,827.75,2x704|1x715|1x1188
6,A,,243,704.0,4x704
6,A,,244,704.0,4x704
6,A,,245,704.0,4x704
6,A,,246,856.0,2x704|2x1008
6,A,,247,1067.0,1x704|2x1008|1x1548
6,A,,25,3060.0,4x3060
6,A,,28,3060.0,4x3060
6,A,,3,2307.0,1x2100|3x2376
6,A,,31,3060.0,4x3060
6,A,,35,3060.0,4x3060
6,A,,4A,2376.0,4x2376
6,A,,4C,2376.0,4x2376
6,A,,5,3912.0,3x2376|1x8520
6,A,,7,2376.0,4x2376
6,A,,8,3912.0,3x2376|1x8520
6,A,1,,3045.59,4x420|1x1118|5x2376|55x3060|4x6792
6,A,11,,3060.0,3x3060
6,A,12,,3060.0,2x3060
6,A,13,,2100.0,4x420|7x3060
6,A,14,,3060.0,3x3060
6,A,3,,2400.0,1x420|3x3060
6,A,4,,265.0,9x60|9x420|1x715
6,A,5,,2061.5,1x1008|1x1118|2x3060
6,B,,1,1668.0,2x1548|2x1788
6,B,,10A,2112.0,3x2052|1x2292
6,B,,11,2232.0,1x2052|3x2292
6,B,,12A,1788.0,4x1788
6,B,,12B,1788.0,4x1788
6,B,,13,1788.0,4x1788
6,B,,15,1854.0,3x1788|1x2052
6,B,,16A,1920.0,2x1788|2x2052
6,B,,16B,1986.0,1x1788|3x2052
6,B,,17,1986.0,1x1788|3x2052
6,B,,18,1972.8,1x1656|4x2052
6,B,,19,1953.0,1x1656|3x2052
6,B,,2,1728.0,1x1548|3x1788
6,B,,20A,2052.0,4x2052
6,B,,21,2298.0,1x2052|2x2292|1x2556
6,B,,22A,1608.0,3x1548|1x1788
6,B,,22B,1668.0,2x1548|2x1788
6,B,,23,1628.0,2x1548|1x1788
6,B,,24,1728.0,1x1548|3x1788
6,B,,25,1920.0,2x1788|2x2052
6,B,,26,1986.0,1x1788|3x2052
6,B,,27,2052.0,5x2052
6,B,,28,2052.0,4x2052
6,B,,29,2052.0,4x2052
6,B,,3,1854.0,3x1788|1x2052
6,B,,30,2112.0,3x2052|1x2292
6,B,,31,1548.0,4x1548
6,B,,32,1548.0,4x1548
6,B,,33,1548.0,4x1548
6,B,,34,1548.0,6x1548
6,B,,35,1692.0,2x1548|3x1788
6,B,,36,1728.0,1x1548|3x1788
6,B,,37A,1876.0,2x1788|1x2052
6,B,,37B,1986.0,1x1788|3x2052
6,B,,38A,2052.0,4x2052
6,B,,39,2112.0,3x2052|1x2292
6,B,,4,2052.0,3x2052
6,B,,40,1548.0,4x1548
6,B,,41,1548.0,4x1548
6,B,,42,1548.0,4x1548
6,B,,43A,1708.0,1x1548|2x1788
6,B,,43C,1668.0,2x1548|2x1788
6,B,,44,1788.0,4x1788
6,B,,45,1920.0,2x1788|2x2052
6,B,,46,2052.0,4x2052
6,B,,48,2052.0,4x2052
6,B,,49,1628.0,2x1548|1x1788
6,B,,50A,1708.0,1x1548|2x1788
6,B,,50B,1668.0,2x1548|2x1788
6,B,,51,1788.0,4x1788
6,B,,52,1788.0,3x1788
6,B,,53,1788.0,4x1788
6,B,,54,1854.0,3x1788|1x2052
6,B,,55,1986.0,1x1788|3x2052
6,B,,56,2052.0,3x2052
6,B,,58,1668.0,2x1548|2x1788
6,B,,5A,2052.0,4x2052
6,B,,60,1668.0,2x1548|2x1788
6,B,,61,1788.0,4x1788
6,B,,62,1788.0,4x1788
6,B,,63,1788.0,5x1788
6,B,,64,1854.0,3x1788|1x2052
6,B,,65,1986.0,1x1788|3x2052
6,B,,68,1548.0,3x1548
6,B,,69,1608.0,3x1548|1x1788
6,B,,6A,1881.0,2x1788|1x1896|1x2052
6,B,,6B,2052.0,4x2052
6,B,,70,1728.0,1x1548|3x1788
6,B,,71,1728.0,1x1548|3x1788
6,B,,72,1728.0,1x1548|3x1788
6,B,,73,1854.0,3x1788|1x2052
6,B,,7B,1986.0,1x1788|3x2052
6,B,,8,1920.0,1x1656|2x2052
6,B,1,,1890.35,1x1548|3x1656|4x1788|9x2052
6,B,2,,1681.09,6x1548|4x1788|1x2052
6,B,3,,1769.54,1x1548|12x1788
6,B,4,,1548.0,3x1548
6,C,,100,2292.0,4x2292
6,C,,101,2424.0,2x2292|2x2556
6,C,,102,3387.0,3x2556|1x5880
6,C,,15,2556.0,4x2556
6,C,,16,2556.0,4x2556
6,C,,17,2556.0,4x2556
6,C,,18,2556.0,4x2556
6,C,,19,2455.2,1x2052|4x2556
6,C,,20,2388.0,1x2052|2x2556
6,C,,20A,2556.0,2x2052|1x3564
6,C,,21,2556.0,4x2556
6,C,,22,2556.0,4x2556
6,C,,23,2556.0,4x2556
6,C,,24,2455.2,1x2052|4x2556
6,C,,25,2388.0,1x2052|2x2556
6,C,,26,2556.0,1x2052|3x2556|1x3060
6,C,,27,2724.0,2x2556|1x3060
6,C,,28,2490.0,1x2292|3x2556
6,C,,29,2556.0,4x2556
6,C,,30,2430.0,1x2052|3x2556
6,C,,31,2430.0,1x2052|3x2556
6,C,,33,2682.0,3x2556|1x3060
6,C,,34,3573.0,1x2556|2x3060|1x5616
6,C,,35,2556.0,4x2556
6,C,,36,2253.6,3x2052|2x2556
6,C,,37,2220.0,2x2052|1x2556
6,C,,38,2052.0,3x2052
6,C,,39,2178.0,3x2052|1x2556
6,C,,40,2304.0,2x2052|2x2556
6,C,,41,2556.0,4x2556
6,C,,42,3470.4,1x2556|3x3060|1x5616
6,C,,43,2152.8,4x2052|1x2556
6,C,,44,2052.0,3x2052
6,C,,45,1876.0,2x1788|1x2052
6,C,,46,1999.2,1x1788|4x2052
6,C,,47,2052.0,4x2052
6,C,,48,2178.0,3x2052|1x2556
6,C,,49,2556.0,4x2556
6,C,,50,2934.0,1x2556|3x3060
6,C,,51,3912.0,2x3060|1x5616
6,C,,52,2132.0,2x2052|1x2292
6,C,,54,1999.2,1x1788|4x2052
6,C,,55,2052.0,4x2052
6,C,,56,2052.0,4x2052
6,C,,57,2178.0,3x2052|1x2556
6,C,,58,2556.0,4x2556
6,C,,59,2808.0,2x2556|2x3060
6,C,,60,3639.0,1x2556|2x3060|1x5880
6,C,,61,1986.0,1x1788|3x2052
6,C,,62,2052.0,4x2052
6,C,,63,2052.0,4x2052
6,C,,64,2052.0,4x2052
6,C,,65,2178.0,3x2052|1x2556
6,C,,66,2490.0,1x2292|3x2556
6,C,,67,2616.0,1x2292|2x2556|1x3060
6,C,,68,2550.0,2x2292|1x2556|1x3060
6,C,,69,3744.0,1x2292|1x3060|1x5880
6,C,,70,2052.0,3x2052
6,C,,71,1986.0,1x1788|3x2052
6,C,,72,2052.0,4x2052
6,C,,73,2052.0,4x2052
6,C,,74,2052.0,4x2052
6,C,,75,2178.0,3x2052|1x2556
6,C,,76,2424.0,2x2292|2x2556
6,C,,77,2358.0,3x2292|1x2556
6,C,,78,2292.0,4x2292
6,C,,79,3447.0,1x2292|1x2556|1x3060|1x5880
6,C,,80,2172.0,2x1788|2x2052|1x3180
6,C,,80A,2340.0,1x1788|1x2052|1x3180
6,C,,81,1920.0,2x1788|2x2052
6,C,,82,2052.0,4x2052
6,C,,83,2052.0,4x2052
6,C,,84,2052.0,4x2052
6,C,,85,2112.0,3x2052|1x2292
6,C,,86,2292.0,4x2292
6,C,,87,2292.0,4x2292
6,C,,88,2292.0,4x2292
6,C,,89,3168.0,1x2292|3x2556|1x5880
6,C,,90,3664.0,2x2556|1x5880
6,C,,91,2224.8,1x1788|3x2052|1x3180
6,C,,92,2202.0,2x1788|1x2052|1x3180
6,C,,93,1920.0,2x1788|2x2052
6,C,,94,2052.0,4x2052
6,C,,95,2052.0,4x2052
6,C,,96,2052.0,4x2052
6,C,,97,2052.0,4x2052
6,C,,98,2232.0,1x2052|3x2292
6,C,,99,2292.0,4x2292
6,D,,10,3069.0,3x2052|1x6120
6,D,,100,2556.0,4x2556
6,D,,101,2556.0,4x2556
6,D,,102A,1548.0,4x1548
6,D,,102B,1608.0,3x1548|1x1788
6,D,,102C,1728.0,1x1548|3x1788
6,D,,103A,1728.0,1x1548|3x1788
6,D,,103B,1854.0,3x1788|1x2052
6,D,,104,1920.0,2x1788|2x2052
6,D,,105,2052.0,4x2052
6,D,,106,2052.0,4x2052
6,D,,107,2052.0,5x2052
6,D,,108,2052.0,4x2052
6,D,,109,2304.0,2x2052|2x2556
6,D,,110,2430.0,1x2052|3x2556
6,D,,111,2430.0,1x2052|3x2556
6,D,,11A,3321.0,2x2052|1x3060|1x6120
6,D,,11B,3825.0,3x3060|1x6120
6,D,,12,3573.0,1x2052|2x3060|1x6120
6,D,,13,3069.0,3x2052|1x6120
6,D,,14,3069.0,3x2052|1x6120
6,D,,15,3069.0,3x2052|1x6120
6,D,,16,3069.0,3x2052|1x6120
6,D,,17,3069.0,3x2052|1x6120
6,D,,18,3195.0,2x2052|1x2556|1x6120
6,D,,19,3744.0,2x2556|1x6120
6,D,,28,1668.0,2x1548|2x1788
6,D,,29,1728.0,1x1548|3x1788
6,D,,30,1788.0,4x1788
6,D,,31,1788.0,4x1788
6,D,,32,1854.0,3x1788|1x2052
6,D,,33,2052.0,4x2052
6,D,,34A,2304.0,3x2052|1x3060
6,D,,35,2556.0,2x2052|2x3060
6,D,,36,2052.0,4x2052
6,D,,37,2052.0,4x2052
6,D,,38,2052.0,4x2052
6,D,,39,2052.0,4x2052
6,D,,40,2178.0,3x2052|1x2556
6,D,,41,2178.0,3x2052|1x2556
6,D,,42,2556.0,3x2556
6,D,,49,1668.0,2x1548|2x1788
6,D,,5,2388.0,1x1548|2x1788|1x4428
6,D,,50,1728.0,1x1548|3x1788
6,D,,51,1788.0,4x1788
6,D,,52,1788.0,4x1788
6,D,,53,1854.0,3x1788|1x2052
6,D,,54A,1986.0,1x1788|3x2052
6,D,,54B,2052.0,4x2052
6,D,,55A,2304.0,3x2052|1x3060
6,D,,55D,2808.0,1x2052|3x3060
6,D,,56,2304.0,3x2052|1x3060
6,D,,57,2178.0,3x2052|1x2556
6,D,,58,2178.0,3x2052|1x2556
6,D,,59,2178.0,3x2052|1x2556
6,D,,6,2448.0,3x1788|1x4428
6,D,,60,2178.0,3x2052|1x2556
6,D,,61,2304.0,2x2052|2x2556
6,D,,63,2556.0,3x2556
6,D,,7,2448.0,3x1788|1x4428
6,D,,71,1608.0,3x1548|1x1788
6,D,,72,1668.0,2x1548|2x1788
6,D,,73,1788.0,4x1788
6,D,,74,1788.0,4x1788
6,D,,75,1854.0,3x1788|1x2052
6,D,,77,2052.0,4x2052
6,D,,78,2052.0,4x2052
6,D,,79,2178.0,3x2052|1x2556
6,D,,8,2448.0,3x1788|1x4428
6,D,,80,2178.0,3x2052|1x2556
6,D,,81,2430.0,1x2052|3x2556
6,D,,82A,2431.0,1x2056|3x2556
6,D,,82B,2556.0,4x2556
6,D,,83A,2556.0,4x2556
6,D,,84,2556.0,4x2556
6,D,,85,2556.0,4x2556
6,D,,86A,2556.0,4x2556
6,D,,87A,2556.0,4x2556
6,D,,87B,2556.0,4x2556
6,D,,9,2937.0,2x1788|1x2052|1x6120
6,D,,90B,1674.0,3x1548|1x2052
6,D,,90C,1548.0,4x1548
6,D,,90E,3321.0,3x2556|1x5616
6,D,,90F,1608.0,3x1548|1x1788
6,D,,91,1788.0,4x1788
6,D,,92,1788.0,4x1788
6,D,,93,1788.0,4x1788
6,D,,94,1854.0,3x1788|1x2052
6,D,,95,2052.0,4x2052
6,D,,96,2052.0,4x2052
6,D,,97,2052.0,4x2052
6,D,,98,2052.0,4x2052
6,D,,99,2430.0,1x2052|3x2556
6,D,1,,2953.33,2x190|2x3060|1x4428|1x6792
6,D,2,,3060.0,4x3060
6,D,4,,2982.0,2x2052|8x2556|1x5112|1x6120
6,E,,10,7413.0,2x6792|1x7608|1x8460
6,E,,17,6792.0,4x6792
6,E,,18,6792.0,4x6792
6,E,,19,7064.0,2x6792|1x7608
6,E,,20,7413.0,2x6792|1x7608|1x8460
6,E,,28A,6792.0,2x6792
6,E,,28B,6792.0,3x6792
6,E,,29,7404.0,1x6792|3x7608
6,E,,30,7608.0,5x7608
6,E,,31,7608.0,4x7608
6,E,,33,5840.0,1x4284|1x4776|1x8460
6,E,,34,4530.0,2x4284|2x4776
6,E,,35,4776.0,3x4776
6,E,,36,5430.0,2x4776|1x6060|1x6108
6,E,,38,7281.6,2x6792|3x7608
6,E,,39,7608.0,3x7608
6,E,,40,7336.0,1x6792|2x7608
6,E,,41,4982.4,2x4284|2x4776|1x6792
6,E,,42,4653.0,1x4284|3x4776
6,E,,43,4953.0,1x4152|2x4776|1x6108
6,E,,45,5892.0,1x5352|1x5532|1x6792
6,E,,46,4908.0,2x4284|2x5532
6,E,,47,4596.0,3x4284|1x5532
6,E,,48,4284.0,4x4284
6,E,,49,4612.0,1x4284|2x4776
6,E,,50,4897.71,4x4152|1x4776|1x6108|1x6792
6,E,,51A,6792.0,3x6792
6,E,,52,3096.0,2x1788|2x2556|1x6792
6,E,,53,3300.0,3x2556|1x5532
6,E,,54,4164.0,1x2556|2x4284|1x5532
6,E,,55,4551.0,3x4284|1x5352
6,E,,56,4596.0,3x4284|1x5532
6,E,,57,4608.0,2x4284|2x4932
6,E,,58,5700.0,1x4284|1x4932|2x6792
6,E,,60,1788.0,2x1788
6,E,,61,2172.0,2x1788|2x2556
6,E,,62,2556.0,4x2556
6,E,,63,3852.0,1x2556|3x4284
6,E,,64,4284.0,4x4284
6,E,,65,4284.0,4x4284
6,E,,66,4770.0,1x4284|3x4932
6,E,,67,6172.0,1x4932|2x6792
6,E,,7,6792.0,4x6792
6,E,,71,3456.0,2x1788|1x6792
6,E,,72,2832.0,1x1788|2x2556|1x4428
6,E,,73,3888.0,1x2556|2x4284|1x4428
6,E,,75,4320.0,3x4284|1x4428
6,E,,76,4320.0,3x4284|1x4428
6,E,,77,4644.0,1x4284|1x4428|2x4932
6,E,,79,5145.0,2x4428|1x4932|1x6792
6,E,,8,6996.0,3x6792|1x7608
6,E,,80,5610.0,2x4428|2x6792
6,E,,9,6996.0,3x6792|1x7608
6,E,1,,7622.4,2x6792|1x7608|2x8460
6,E,2,,5541.0,2x1788|6x6792
6,E,3,,7014.55,8x6792|3x7608
6,E,4,,5840.0,1x4284|1x4776|1x8460
6,E,5,,4407.0,3x4284|1x4776
6,F,,1,6339.0,2x5820|1x6108|1x7608
6,F,,14,6120.0,4x6120
6,F,,15,6514.0,5x6120|1x8484
6,F,,16,5892.0,3x5820|1x6108
6,F,,17,5820.0,4x5820
6,F,,2,6237.6,3x5820|1x6120|1x7608
6,F,,28,6382.67,8x6120|1x8484
6,F,,3,5970.0,1x5820|1x6120
6,F,,31,6474.0,1x5820|1x6108|1x6804|1x7164
6,F,,32,6684.0,2x6444|1x7164
6,F,,33,6799.2,2x6444|1x6804|1x7140|1x7164
6,F,,34,7015.2,2x6804|1x7140|2x7164
6,F,,35,6924.0,2x6804|1x7164
6,F,,36,6690.0,1x6120|5x6804
6,F,,37A,6908.0,2x6120|1x8484
6,F,,37B,6711.0,3x6120|1x8484
6,F,,37C,6576.0,1x6120|2x6804
6,F,,38,6950.4,1x6108|1x6120|4x6804|1x7164|3x7632
6,F,,4,6249.6,3x6120|2x6444
6,F,,41,6972.0,1x6120|1x6804|1x7140|1x7164|1x7632
6,F,,43,7180.8,1x6804|1x7140|2x7164|1x7632
6,F,,44,7734.0,1x6804|1x7164|2x8484
6,F,,45,7364.0,2x6804|1x8484
6,F,,46,7339.2,1x6120|2x6804|2x8484
6,F,,6,6198.0,1x6108|2x6120|1x6444
6,F,,7,6291.0,3x6120|1x6804
6,F,,8,7836.0,2x6120|1x6804|1x12300
6,F,,9,6291.0,3x6120|1x6804
6,F,1,,6392.8,1x5820|6x6120|3x6444|5x6804
6,F,5,,6693.6,1x5112|2x6120|1x7632|1x8484
6,G,,1,3783.0,1x2100|1x2136|1x2376|1x8520
6,G,,10,8268.0,1x8016|3x8352
6,G,,11A,3549.6,1x2100|3x2376|1x8520
6,G,,11B,3912.0,3x2376|1x8520
6,G,,12A,6711.0,3x6108|1x8520
6,G,,12B,6711.0,3x6108|1x8520
6,G,,13A,6483.0,3x6108|1x7608
6,G,,13B,6483.0,3x6108|1x7608
6,G,,14A,6711.0,3x6108|1x8520
6,G,,14B,6858.0,2x6108|2x7608
6,G,,15,7356.0,1x6852|2x7608
6,G,,16,7608.0,2x7608
6,G,,17,7608.0,3x7608
6,G,,18,7608.0,3x7608
6,G,,2,6711.0,3x6108|1x8520
6,G,,20A,7608.0,4x7608
6,G,,20B,7608.0,4x7608
6,G,,21,3912.0,3x2376|1x8520
6,G,,23B,7230.0,2x6852|2x7608
6,G,,24A,7419.0,1x6852|3x7608
6,G,,24B,7608.0,4x7608
6,G,,27,7608.0,4x7608
6,G,,28,7608.0,4x7608
6,G,,29,7980.0,2x7608|2x8352
6,G,,3,6483.0,3x6108|1x7608
6,G,,30,8352.0,4x8352
6,G,,31,3912.0,3x2376|1x8520
6,G,,33A,6836.0,1x6108|1x6792|1x7608
6,G,,33B,7356.0,1x6852|2x7608
6,G,,34A,7608.0,4x7608
6,G,,34B,7608.0,4x7608
6,G,,35,7608.0,4x7608
6,G,,36,7821.0,3x7608|1x8460
6,G,,37,7821.0,3x7608|1x8460
6,G,,38,7821.0,3x7608|1x8460
6,G,,39,8193.0,1x7608|2x8352|1x8460
6,G,,40,8379.0,3x8352|1x8460
6,G,,41,8379.0,3x8352|1x8460
6,G,,6,7608.0,3x7608
6,G,,7,7710.0,3x7608|1x8016
6,G,,7B,7710.0,3x7608|1x8016
6,G,,8,7710.0,3x7608|1x8016
6,G,,9,7920.0,2x7608|2x8016|1x8352
6,G,2,,7476.63,2x6108|1x6792|14x7608|1x8016|1x8520
6,G,3,,7710.0,3x7608|1x8016
6,H,,15,7980.0,2x7608|2x8352
6,H,,2,8104.0,1x7608|2x8352
6,H,,28,6120.0,4x6120
6,H,,29,6552.0,2x6120|1x7416
6,H,,30,6444.0,3x6120|1x7416
6,H,,31,6444.0,3x6120|1x7416
6,H,,32,7035.0,2x6120|1x7416|1x8484
6,H,,3A,7608.0,5x7608
6,H,,3B,7608.0,5x7608
6,H,,4,7608.0,4x7608
6,H,,41,6616.0,2x6120|1x7608
6,H,,42,6492.0,3x6120|1x7608
6,H,,43,6120.0,3x6120
6,H,,44,6332.57,6x6120|1x7608
6,H,,45,6120.0,3x6120
6,H,,46,6120.0,5x6120
6,H,,47,6711.0,3x6120|1x8484
6,H,,5,7608.0,4x7608
6,H,,6,7608.0,3x7608
6,H,,62,6120.0,4x6120
6,H,,63,6711.0,3x6120|1x8484
6,H,1,,8227.0,1x6852|11x8352
6,H,2,,6120.0,3x6120
6,I,,10,7794.0,3x7608|1x8352
6,I,,11,7454.4,2x6852|2x7608|1x8352
6,I,,12A,3340.8,2x2136|2x2376|1x7680
6,I,,13A,3522.0,3x2136|1x7680
6,I,,14,5118.0,2x2136|1x7680|1x8520
6,I,,15,6890.4,3x6108|1x7608|1x8520
6,I,,16,6747.43,2x6108|4x6852|1x7608
6,I,,17,7356.0,1x6852|2x7608
6,I,,19,8166.0,1x7608|3x8352
6,I,,2,7735.2,1x7332|3x7608|1x8520
6,I,,20A,8352.0,4x8352
6,I,,20B,8352.0,4x8352
6,I,,21,8166.0,1x7608|3x8352
6,I,,22,7794.0,3x7608|1x8352
6,I,,23,2256.0,2x2136|2x2376
6,I,,24,2136.0,4x2136
6,I,,25,4725.0,2x2136|1x6108|1x8520
6,I,,3,7573.5,1x7332|7x7608
6,I,,30,7896.0,2x7608|1x8016|1x8352
6,I,,31,8100.0,3x8016|1x8352
6,I,,32,8154.0,2x8016|1x8232|1x8352
6,I,,33,8268.0,1x8016|3x8352
6,I,,4,7539.0,1x7332|3x7608
6,I,,8,7794.0,3x7608|1x8352
6,I,,9,7794.0,3x7608|1x8352
6,I,1,,6885.6,1x2376|1x7332|1x7680|2x8520
6,I,2,,7008.0,4x6108|2x6852|4x7608|1x8520
6,I,3,,7419.0,1x6852|3x7608
6,J,,1,7791.0,1x6852|1x7608|2x8352
6,J,,10,8550.0,1x7608|1x8352|2x9120
6,J,,18,7410.0,2x7404|2x7416
6,J,,19,7416.0,4x7416
6,J,,2,8228.0,1x7608|5x8352
6,J,,20,7620.0,3x7416|1x8232
6,J,,21,8166.0,1x7608|3x8352
6,J,,29,8268.0,1x7416|1x9120
6,J,,3,7773.33,7x7608|2x8352
6,J,,30,8736.0,2x8352|2x9120
6,J,,31A,8166.0,1x7608|3x8352
6,J,,31B,7756.8,4x7608|1x8352
6,J,,39,7416.0,4x7416
6,J,,40,7416.0,4x7416
6,J,,41,7416.0,5x7416
6,J,,42,8268.0,1x8016|3x8352
6,J,,43,8268.0,1x8016|3x8352
6,J,,47,7608.0,4x7608
6,J,,49,8316.0,1x7416|1x7608|2x9120
6,J,,50,8550.0,1x7608|1x8352|2x9120
6,J,,7,7608.0,4x7608
6,J,,9,8048.0,1x7416|1x7608|1x9120
6,J,1,,8256.0,4x7608|3x9120
6,J,2,,7416.0,2x7416
7,A,,10,2844.0,4x2844
7,A,,100,3165.0,3x2136|1x6252
7,A,,101,2325.0,3x2136|1x2892
7,A,,102,3165.0,3x2136|1x6252
7,A,,103,3312.0,2x2136|1x2724|1x6252
7,A,,11,3192.0,2x2844|2x3540
7,A,,12,2136.0,3x2136
7,A,,13,2220.0,3x2136|1x2472
7,A,,14,2220.0,3x2136|1x2472
7,A,,15,2469.0,2x2136|1x2760|1x2844
7,A,,16,2460.0,1x2136|2x2472|1x2760
7,A,,17,2388.0,1x2136|3x2472
7,A,,18,2472.0,4x2472
7,A,,19,2658.0,2x2472|2x2844
7,A,,2,2604.0,2x2136|1x3540
7,A,,20,3018.0,3x2844|1x3540
7,A,,22,2136.0,3x2136
7,A,,23,2220.0,3x2136|1x2472
7,A,,24,2220.0,3x2136|1x2472
7,A,,25,2136.0,4x2136
7,A,,26,2304.0,2x2136|2x2472
7,A,,27,2388.0,1x2136|3x2472
7,A,,28,2472.0,4x2472
7,A,,29,2658.0,2x2472|2x2844
7,A,,3,2571.0,2x2136|1x2472|1x3540
7,A,,30,3018.0,3x2844|1x3540
7,A,,32,1954.5,1x1410|3x2136
7,A,,33,2220.0,3x2136|1x2472
7,A,,34,2136.0,3x2136
7,A,,35,2136.0,4x2136
7,A,,36,2136.0,4x2136
7,A,,37,2388.0,1x2136|3x2472
7,A,,38,2472.0,4x2472
7,A,,39,2751.0,1x2472|3x2844
7,A,,4,2571.0,2x2136|1x2472|1x3540
7,A,,40,3018.0,3x2844|1x3540
7,A,,43,2038.5,1x1410|2x2136|1x2472
7,A,,44,2184.0,6x2136|1x2472
7,A,,45,2136.0,4x2136
7,A,,46,2220.0,3x2136|1x2472
7,A,,47,2388.0,1x2136|3x2472
7,A,,49A,2472.0,4x2472
7,A,,49B,2565.0,3x2472|1x2844
7,A,,50,3018.0,3x2844|1x3540
7,A,,53,2122.5,1x1410|1x2136|2x2472
7,A,,54,2262.0,5x2136|3x2472
7,A,,55,2220.0,3x2136|1x2472
7,A,,56,2304.0,2x2136|2x2472
7,A,,57,2388.0,1x2136|3x2472
7,A,,59A,2472.0,4x2472
7,A,,59B,2472.0,4x2472
7,A,,5A,3045.0,1x2136|1x2844|1x3540|1x3660
7,A,,5B,3333.0,1x2472|1x3540|2x3660
7,A,,6,3303.0,1x2472|1x2844|1x3660|1x4236
7,A,,60,2832.0,2x2472|1x2844|1x3540
7,A,,62,2360.0,1x2136|2x2472
7,A,,63,2472.0,3x2472
7,A,,64,2346.0,3x2136|5x2472
7,A,,65,2304.0,2x2136|2x2472
7,A,,66,2304.0,2x2136|2x2472
7,A,,67,2388.0,1x2136|3x2472
7,A,,7,3371.0,2x2844|1x3560|1x4236
7,A,,72,2960.0,2x2472|1x3936
7,A,,73,2472.0,3x2472
7,A,,74,2346.0,3x2136|5x2472
7,A,,75,2304.0,2x2136|2x2472
7,A,,76,2304.0,2x2136|2x2472
7,A,,77,2352.0,1x2136|1x2328|2x2472
7,A,,78,2094.0,2x1788|1x2328|1x2472
7,A,,79,3228.0,1x1788|2x2472|1x6180
7,A,,8,3724.0,1x3540|2x3560|1x4236
7,A,,83,2960.0,2x2472|1x3936
7,A,,84,2523.0,3x2136|3x2472|2x3180
7,A,,85,2481.0,2x2136|1x2472|1x3180
7,A,,86,2304.0,2x2136|2x2472
7,A,,87,2304.0,2x2136|2x2472
7,A,,88,1962.0,2x1788|2x2136
7,A,,89,3315.0,1x2136|2x2472|1x6180
7,A,,93,2992.8,1x2136|1x2472|2x3180|1x3996
7,A,,94A,2862.0,2x2136|1x3180|1x3996
7,A,,94B,2304.0,2x2136|2x2472
7,A,,95,2304.0,2x2136|2x2472
7,A,,96,2220.0,3x2136|1x2472
7,A,,97,3849.6,2x2136|1x2472|2x6252
7,A,,98,2133.0,1x1788|2x2136|1x2472
7,A,,98A,2409.0,2x2136|1x2472|1x2892
7,A,,98B,2220.0,3x2136|1x2472
7,A,,98C,2325.0,3x2136|1x2892
7,A,,99,2136.0,4x2136
7,A,1,,2433.0,1x1410|6x2136|5x2472|1x3540|1x3936
7,A,2,,1857.0,2x1410|1x2136|1x2472
7,A,3,,3399.0,3x2472|1x6180
7,B,,1,3540.0,1x2844|2x3540|1x4236
7,B,,11B,90.0,3x90
7,B,,11C,90.0,8x90
7,B,,12,3018.0,3x2844|1x3540
7,B,,13,2844.0,3x2844
7,B,,18A,90.0,4x90
7,B,,18B,90.0,4x90
7,B,,19,3018.0,3x2844|1x3540
7,B,,2,2632.0,1x2208|2x2844
7,B,,20,2844.0,3x2844
7,B,,24,90.0,8x90
7,B,,25,3018.0,3x2844|1x3540
7,B,,26,2844.0,4x2844
7,B,,27,2844.0,3x2844
7,B,,30,90.0,8x90
7,B,,31,3018.0,3x2844|1x3540
7,B,,32,3048.0,3x2844|1x3660
7,B,,33,2844.0,4x2844
7,B,,36A,90.0,3x90
7,B,,36B,90.0,6x90
7,B,,37,3532.25,2x2844|1x3540|1x4901
7,B,,38,3358.25,3x2844|1x4901
7,B,,39,3358.25,3x2844|1x4901
7,B,,49,6180.0,3x6180
7,B,,50,6180.0,3x6180
7,B,,51,5068.0,1x2844|2x6180
7,B,,52,90.0,2x90
7,B,,56,6180.0,4x6180
7,B,,57,6198.0,3x6180|1x6252
7,B,,58A,6740.0,1x6180|1x6252|1x7788
7,B,,59,7788.0,3x7788
7,B,,61A,6204.0,2x6180|1x6252
7,B,,61B,6648.0,3x6180|1x8052
7,B,,62A,6180.0,4x6180
7,B,,62B,6198.0,3x6180|1x6252
7,B,,64,7860.0,1x6252|5x7788|2x8844
7,B,,65,7788.0,4x7788
7,B,,66,7626.0,1x6996|2x7788|1x7932
7,B,,67,7266.0,1x6180|1x6252|1x7788|1x8844
7,B,,68,7788.0,6x7788
7,B,,7,3018.0,3x2844|1x3540
7,B,,71,5634.0,1x3996|3x6180
7,B,,72,5652.0,1x3996|2x6180|1x6252
7,B,,74,5688.0,1x3996|3x6252
7,B,,75,5500.0,1x3996|2x6252
7,B,,76,6237.67,1x6209|2x6252
7,B,,79,6223.25,1x6180|1x6209|2x6252
7,B,,8,2844.0,3x2844
7,B,,80,7351.2,1x6252|2x7464|2x7788
7,B,,81,7788.0,4x7788
7,B,,82,7626.0,1x6996|2x7788|1x7932
7,B,,83,7472.0,1x7164|1x7464|1x7788
7,B,1,,4691.26,1x2208|7x2844|1x4901|5x6180|1x6209|4x6252
7,B,2,,1179.0,29x90|1x6180|3x7788|1x7932
7,C,,1,3486.0,1x2844|2x3540|1x4020
7,C,,10,3366.0,1x2844|3x3540
7,C,,11,3366.0,1x2844|3x3540
7,C,,12,3540.0,4x3540
7,C,,13,4239.0,3x3540|1x6336
7,C,,14,6201.0,3x6156|1x6336
7,C,,15,6345.25,1x5521|2x6156|1x7548
7,C,,16,3966.0,1x3528|2x3540|1x5256
7,C,,2,3312.0,2x2844|1x3540|1x4020
7,C,,20,5931.0,1x5256|3x6156
7,C,,21,6504.0,3x6156|1x7548
7,C,,26,5940.0,2x5256|1x6156|1x7092
7,C,,27,6741.0,1x6156|1x6624|2x7092
7,C,,32,5715.0,3x5256|1x7092
7,C,,33,6975.0,1x6624|3x7092
7,C,,38,6633.0,1x5256|3x7092
7,C,,39,7092.0,4x7092
7,C,,3A,3760.0,1x2844|1x4020|1x4416
7,C,,3B,4656.0,1x2844|1x4416|1x4752|1x6612
7,C,,3C,2844.0,4x2844
7,C,,3D,3321.0,3x2844|1x4752
7,C,,44,7092.0,3x7092
7,C,,49,7932.0,4x7932
7,C,,4A,3018.0,3x2844|1x3540
7,C,,4B,4590.0,2x2844|2x6336
7,C,,50,8340.0,5x7932|1x10380
7,C,,51,7320.0,2x7092|2x7548
7,C,,52,7396.0,1x7092|2x7548
7,C,,53,7524.0,3x7092|1x8820
7,C,,58,7434.0,1x7092|3x7548
7,C,,59,7972.0,2x7548|1x8820
7,C,,5A,4836.0,2x3948|1x6612
7,C,,5B,4851.0,2x3948|1x5256|1x6252
7,C,,5C,4146.0,3x3948|1x4740
7,C,,5D,4188.0,3x3948|1x4908
7,C,,5E,4668.25,2x3948|1x5256|1x5521
7,C,,68,7676.0,2x7548|1x7932
7,C,,69,8058.0,1x7548|2x7932|1x8820
7,C,,7,3192.0,2x2844|2x3540
7,C,,74,8570.4,3x7932|1x8676|1x10380
7,C,,75,8154.0,3x7932|1x8820
7,C,,76,7932.0,4x7932
7,C,,77,6836.0,1x4644|2x7932
7,C,,8,3192.0,2x2844|2x3540
7,C,,80,8304.0,2x7932|2x8676
7,C,,81,8376.0,2x7932|2x8820
7,C,,83,7932.0,4x7932
7,C,,84,7932.0,2x7932
7,C,,86,8884.8,1x8676|3x8820|1x9288
7,C,,87,8820.0,4x8820
7,C,,88,9021.5,3x7932|1x12290
7,C,,9,4764.0,1x2844|1x3540|2x6336
7,C,,91,8784.0,1x8676|3x8820
7,C,,92,8820.0,4x8820
7,C,,93,3795.0,3x3540|1x4560
7,C,,9A,6132.25,1x5521|3x6336
7,C,,9D,6087.25,1x5521|1x6156|2x6336
7,C,,9G,5268.33,1x3948|1x5521|1x6336
7,C,1,,7181.18,3x3540|5x4560|2x5928|6x7092|2x7584|20x7932|1x8676|4x8820|1x10380
7,C,2,,4815.0,2x3948|1x4752|1x6612
7,C,3,,7558.0,1x3948|2x6336|4x7548|2x7932|2x8820|1x10380
7,D,,1,7224.0,1x5256|1x7776|2x7932
7,D,,10,6756.0,2x6372|2x7140
7,D,,100,8544.0,1x7932|2x8712|1x8820
7,D,,101,8766.0,2x8712|2x8820
7,D,,102,8550.0,2x8136|1x8820|1x9108
7,D,,103,8865.0,1x8136|3x9108
7,D,,105,8815.2,1x8556|4x8880
7,D,,106,8595.0,1x8136|2x8712|1x8820
7,D,,107,8595.0,1x8136|2x8712|1x8820
7,D,,108,8546.4,3x8268|1x8820|1x9108
7,D,,109,9051.0,1x8880|3x9108
7,D,,11,6954.0,2x6372|1x7140|1x7932
7,D,,111,8868.0,1x8136|2x9108|1x9120
7,D,,112,8906.4,1x8556|2x8880|2x9108
7,D,,113,8853.0,2x8712|1x8820|1x9168
7,D,,114,8853.0,2x8712|1x8820|1x9168
7,D,,117,9114.0,2x9108|2x9120
7,D,,118,8766.0,2x8712|2x8820
7,D,,119,8766.0,2x8712|2x8820
7,D,,12,7932.0,4x7932
7,D,,120,8688.0,1x8136|1x8268|1x8820|2x9108
7,D,,121,9098.4,1x9036|2x9108|2x9120
7,D,,122,9057.0,1x8880|1x9108|2x9120
7,D,,123,9000.0,2x8880|2x9120
7,D,,124,8916.0,1x8556|1x8880|1x9108|1x9120
7,D,,125,8793.0,1x8712|3x8820
7,D,,126,8793.0,1x8712|3x8820
7,D,,127,9036.0,1x8820|3x9108
7,D,,129,9838.0,3x9108|1x9120|2x11292
7,D,,13,7926.0,1x7428|2x7932|1x8412
7,D,,130,10172.0,1x8880|1x9108|1x9120|1x13580
7,D,,131,10115.0,2x8880|1x9120|1x13580
7,D,,132,8916.0,1x8556|1x8880|1x9108|1x9120
7,D,,133,10031.0,1x8556|1x8880|1x9108|1x13580
7,D,,14,8145.0,1x7428|2x8136|1x8880
7,D,,15,8337.0,1x7776|1x8136|1x8556|1x8880
7,D,,17,6351.25,1x5521|2x6372|1x7140
7,D,,18,6756.0,2x6372|2x7140
7,D,,19,7344.0,1x6372|1x7140|2x7932
7,D,,2,6546.0,1x4740|1x6372|1x7140|1x7932
7,D,,20,8052.0,3x7932|1x8412
7,D,,21,8379.0,1x7812|2x8412|1x8880
7,D,,22,8427.0,1x7812|1x8136|2x8880
7,D,,25,6351.25,1x5521|2x6372|1x7140
7,D,,26,6756.0,2x6372|2x7140
7,D,,27,7854.0,1x7140|2x7932|1x8412
7,D,,28,7923.0,1x7416|2x7932|1x8412
7,D,,29,7962.0,2x7416|1x8136|1x8880
7,D,,30,8731.2,1x8136|4x8880
7,D,,31,8517.6,2x8136|1x8556|2x8880
7,D,,33,6849.0,1x6336|1x6372|1x7140|1x7548
7,D,,34,7041.0,1x6372|1x7092|1x7140|1x7560
7,D,,35,7593.5,2x7201|1x7560|1x8412
7,D,,36,7611.25,1x7201|2x7416|1x8412
7,D,,37,7782.0,3x7416|1x8880
7,D,,38,8880.0,5x8880
7,D,,39,8799.0,1x8556|3x8880
7,D,,3A,7146.0,1x6372|2x7140|1x7932
7,D,,3B,8562.0,1x7140|1x7776|1x7932|1x11400
7,D,,4,7305.0,1x6372|1x7140|1x7776|1x7932
7,D,,41,7029.0,1x6336|1x7092|1x7140|1x7548
7,D,,42,6999.0,1x6672|2x7092|1x7140
7,D,,43,7077.8,2x6672|1x7201|1x7416|1x7428
7,D,,44,7784.5,1x7416|1x7428|2x8147
7,D,,45,8295.0,1x7428|2x8436|1x8880
7,D,,46,8880.0,4x8880
7,D,,47,8718.0,1x8556|1x8880
7,D,,49,6807.0,1x6372|1x6624|1x7092|1x7140
7,D,,5,7893.0,1x7776|3x7932
7,D,,50,7011.0,1x6672|1x7092|2x7140
7,D,,51,7656.0,1x6672|1x7416|1x8136|1x8400
7,D,,54,8880.0,4x8880
7,D,,55,8880.0,4x8880
7,D,,57,6849.0,1x5952|1x6372|1x7140|1x7932
7,D,,58,7023.0,1x6672|3x7140
7,D,,6,7767.0,1x7428|1x7776|2x7932
7,D,,65,7104.0,3x7092|1x7140
7,D,,66,7824.0,2x7140|1x8136|1x8880
7,D,,67,8694.0,1x8136|3x8880
7,D,,68,8880.0,4x8880
7,D,,7,8055.0,1x7428|1x7776|1x8136|1x8880
7,D,,70,8880.0,4x8880
7,D,,71,8880.0,4x8880
7,D,,72,8244.0,1x7092|2x8820
7,D,,73,8637.0,1x8136|1x8712|1x8820|1x8880
7,D,,74,8880.0,4x8880
7,D,,75,8880.0,4x8880
7,D,,77,8880.0,4x8880
7,D,,78,8799.0,1x8556|3x8880
7,D,,79,8598.0,1x7932|3x8820
7,D,,8,8152.8,3x7776|1x8556|1x8880
7,D,,80,9021.0,1x8820|2x8880|1x9504
7,D,,81,8880.0,4x8880
7,D,,82,8880.0,4x8880
7,D,,83,8880.0,4x8880
7,D,,84,8772.0,1x8556|2x8880
7,D,,86,8376.0,1x7932|1x8820
7,D,,87,8820.0,1x8820
7,D,,88,8679.0,1x8136|1x8820|2x8880
7,D,,89,8508.0,2x8136|2x8880
7,D,,9,6285.0,1x5256|2x6372|1x7140
7,D,,93,8571.0,1x7932|1x8712|2x8820
7,D,,94,8820.0,2x8820
7,D,,95,8570.4,2x8136|1x8820|2x8880
7,D,,96,8322.0,3x8136|1x8880
7,D,,98,8694.0,1x8136|3x8880
7,D,,99,8772.0,1x8556|2x8880
7,D,2,,8620.5,1x8268|2x8400|2x8628|3x8880
7,D,3,,8772.0,1x8556|2x8880
7,E,,102,6792.0,4x6792
7,E,,103,6792.0,4x6792
7,E,,105,7328.0,2x6792|1x8400
7,E,,106,3156.0,3x3156
7,E,,109,6792.0,3x6792
7,E,,110,7328.0,2x6792|1x8400
7,E,,113,3156.0,3x3156
7,E,,116,6792.0,3x6792
7,E,,117,7864.0,1x6792|2x8400
7,E,,120,3156.0,3x3156
7,E,,123,6792.0,3x6792
7,E,,127,3156.0,3x3156
7,E,,130,6644.0,1x6348|2x6792
7,E,,131,7716.0,1x6348|2x8400
7,E,,132,7596.0,1x6792|1x8400
7,E,,134,4548.0,2x3156|1x7332
7,E,,137,6644.0,1x6348|2x6792
7,E,,138,7688.0,2x7332|1x8400
7,E,,139,7596.0,1x6792|1x8400
7,E,,140,6972.0,2x6792|1x7332
7,E,,141,7152.0,1x6792|2x7332
7,E,,143,7062.0,1x6792|1x7332
7,E,,15,3936.0,3x3936
7,E,,18,3936.0,3x3936
7,E,,1A,3936.0,3x3936
7,E,,22,3936.0,4x3936
7,E,,25,3936.0,5x3936
7,E,,26,3936.0,3x3936
7,E,,27,3966.5,1x3936|1x3997
7,E,,29,3936.0,3x3936
7,E,,32,3936.0,3x3936
7,E,,34,3966.5,1x3936|1x3997
7,E,,36,3936.0,3x3936
7,E,,39,3936.0,3x3936
7,E,,40,2880.0,1x2880
7,E,,41,3604.33,1x2880|1x3936|1x3997
7,E,,43,3936.0,3x3936
7,E,,46,3936.0,3x3936
7,E,,47,3936.0,3x3936
7,E,,48,3924.0,1x2880|1x3936|1x4956
7,E,,50,3936.0,3x3936
7,E,,53,3936.0,4x3936
7,E,,54,3936.0,4x3936
7,E,,55,4276.0,2x3936|1x4956
7,E,,57,3936.0,3x3936
7,E,,6,3936.0,3x3936
7,E,,60,3936.0,2x3936
7,E,,61,3936.0,5x3936
7,E,,62,4968.0,1x4968
7,E,,64,4650.0,3x3936|1x6792
7,E,,67,3936.0,2x3936
7,E,,68,3936.0,2x3936
7,E,,69,4276.0,2x3936|1x4956
7,E,,7,3966.33,3x3936|1x3996|2x3997
7,E,,76,4276.0,2x3936|1x4956
7,E,,77,5228.0,1x3936|1x4956|1x6792
7,E,,91,6792.0,3x6792
7,E,,92,4368.0,2x3156|1x6792
7,E,,95,6792.0,3x6792
7,E,,96,6792.0,3x6792
7,E,,98,6792.0,3x6792
7,E,,99,3156.0,3x3156
7,E,1,,5235.24,6x3156|17x3936|2x3997|15x6792|2x7332|3x8400
7,F,,10,5475.0,1x4320|2x5052|1x7476
7,F,,11A,4960.0,2x4956|1x4968
7,F,,11B,4656.0,2x4308|1x4956|1x5052
7,F,,11C,5010.0,1x4308|2x4956|1x5820
7,F,,12,5628.0,1x5052|3x5820
7,F,,13,5838.0,1x5052|2x5820|1x6660
7,F,,14,6020.0,3x5820|1x6620
7,F,,15,4956.0,3x4956
7,F,,16,5172.0,3x4956|1x5820
7,F,,17,5820.0,4x5820
7,F,,18,5820.0,4x5820
7,F,,19,6267.0,3x5820|1x7608
7,F,,20B,5172.0,3x4956|1x5820
7,F,,21,5820.0,4x5820
7,F,,23,5631.0,2x4956|1x5820|1x6792
7,F,,24,6063.0,3x5820|1x6792
7,F,,26A,6996.0,3x6792|1x7608
7,F,,27,7200.0,2x6792|2x7608
7,F,,28,7710.0,3x7608|1x8016
7,F,,29,7744.0,2x7608|1x8016
7,F,,2B,4033.33,1x3472|1x4308|1x4320
7,F,,2C,4233.25,1x3997|2x4308|1x4320
7,F,,2D,4329.0,1x2892|1x4320|2x5052
7,F,,2E,4869.0,1x4320|3x5052
7,F,,2F,3997.0,4x3997
7,F,,3,4329.0,1x2892|1x4320|2x5052
7,F,,30A,6996.0,3x6792|1x7608
7,F,,30B,6996.0,3x6792|1x7608
7,F,,31,7404.0,1x6792|3x7608
7,F,,32,7722.0,2x7608|2x7836
7,F,,33,7676.0,5x7608|1x8016
7,F,,34A,7200.0,2x6792|2x7608
7,F,,35,7608.0,4x7608
7,F,,36,8034.0,3x7608|3x8460
7,F,,38,7608.0,3x7608
7,F,,39,8034.0,2x7608|2x8460
7,F,,3B,4494.0,3x4308|1x5052
7,F,,4,4815.0,1x2412|1x4320|1x5052|1x7476
7,F,,40,7336.0,1x6792|2x7608
7,F,,41,7608.0,4x7608
7,F,,42,8034.0,2x7608|2x8460
7,F,,43,8034.0,2x7608|2x8460
7,F,,44,7608.0,4x7608
7,F,,44A,6792.0,1x6792
7,F,,45,7821.0,3x7608|1x8460
7,F,,47,7200.0,1x6792|1x7608
7,F,,5,5052.0,4x5052
7,F,,6,4869.0,1x4320|3x5052
7,F,,7,5475.0,1x4320|2x5052|1x7476
7,F,,8B,4494.0,3x4308|1x5052
7,F,,8C,5052.0,4x5052
7,F,,9,4869.0,1x4320|3x5052
7,F,1,,4643.36,1x2892|3x3997|1x4308|1x4320|6x4956|1x4968|1x6792
7,F,3,,7161.0,1x5820|3x7608
7,F,4,,7744.0,2x7608|1x8016
7,F,6,,7426.67,2x6792|7x7608
7,G,,1,7159.25,1x6209|3x7476
7,G,,10,7656.0,3x7476|1x8196
7,G,,11,7520.57,1x7080|1x7464|4x7476|1x8196
7,G,,12,7284.0,1x6720|1x7464|2x7476
7,G,,13,6884.0,1x6620|2x6720|1x7476
7,G,,14,7476.0,4x7476
7,G,,15,7761.0,3x7476|1x8616
7,G,,16,7563.0,2x7080|1x7476|1x8616
7,G,,17,7287.0,1x6720|3x7476
7,G,,18,7131.0,2x6720|1x7476|1x7608
7,G,,19,7476.0,4x7476
7,G,,2,7366.25,1x6209|2x7476|1x8304
7,G,,20,7856.0,2x7476|1x8616
7,G,,21,7662.0,1x7080|2x7476|1x8616
7,G,,22,7188.0,1x6720|1x7080|2x7476
7,G,,23,7268.0,1x6720|1x7476|1x7608
7,G,,24,7476.0,4x7476
7,G,,26,7624.8,1x7080|3x7476|1x8616
7,G,,27,7766.0,1x6720|1x7080|1x7476|2x8352|1x8616
7,G,,29,7695.0,3x7476|1x8352
7,G,,3,7860.0,1x7464|1x7476|1x8196|1x8304
7,G,,30,7482.0,1x6852|5x7608
7,G,,31,7980.0,2x7476|1x8352|1x8616
7,G,,32,8199.0,1x7476|2x8352|1x8616
7,G,,33,7230.0,2x6852|2x7608
7,G,,4,7476.0,3x7476
7,G,,41,8688.0,2x8352|7x8784
7,G,,42,7852.0,1x6852|2x8352
7,G,,45,8784.0,4x8784
7,G,,46,8676.0,1x8352|3x8784
7,G,,47,7752.0,2x6852|3x8352
7,G,,5,7476.0,4x7476
7,G,,51,7902.0,3x7608|1x8784
7,G,,52,7230.0,2x6852|2x7608
7,G,,6,7656.0,3x7476|1x8196
7,G,,8,7073.0,1x6620|1x6720|2x7476
7,G,,9,7476.0,4x7476
7,G,1,,7687.5,1x6852|4x7476|1x7608|1x8352|1x8784
7,G,2,,8115.69,4x7476|2x7608|1x8352|4x8616|2x8784
7,H,,1,8445.5,3x7164|1x12290
7,H,,12,9578.0,3x8244|1x13580
7,H,,13,9578.0,3x8244|1x13580
7,H,,14,9578.0,3x8244|1x13580
7,H,,15,9806.0,2x8244|1x9156|1x13580
7,H,,16,6956.0,1x6540|2x7164
7,H,,17,7008.0,1x6540|3x7164
7,H,,18,7164.0,4x7164
7,H,,2,7422.0,1x6540|2x7164|1x8820
7,H,,27,8141.0,1x6720|4x7164|1x13470
7,H,,28,7008.0,1x6540|3x7164
7,H,,29,7164.0,4x7164
7,H,,3,7508.0,1x6540|1x7164|1x8820
7,H,,43,7164.0,4x7164
7,H,,58,7164.0,4x7164
7,H,,59A,7164.0,4x7164
7,H,,59B,7164.0,3x7164
7,H,,74,7277.5,2x7164|1x7174|1x7608
7,H,,75,7280.0,1x7164|2x7174|1x7608
7,H,,76,7275.0,3x7164|1x7608
7,H,,77,7164.0,4x7164
7,H,,84,7692.0,2x7416|1x8244
7,H,,85,7416.0,2x7416
7,H,,86,8020.0,1x6852|2x7608|6x8352
7,H,,90,7608.0,4x7608
7,H,,96,7608.0,3x7608
7,H,1,,7164.0,7x7164
7,H,2,,7320.17,10x7164|4x7174|3x7176|6x7500|1x8820
7,H,3,,7778.4,2x7164|1x7500|1x8244|1x8820
7,H,4,,8034.0,1x7416|1x8232|2x8244
7,H,5,,7238.4,1x6720|8x7164|1x8352
7,H,6,,7318.67,2x7174|1x7608
7,H,7,,8268.0,1x7164|2x8820
8,A,,102,10320.0,3x9828|1x11796
8,A,,28,5026.5,1x4344|7x5124
8,A,,50,5124.0,3x5124
8,A,,51,9828.0,3x9828
8,A,,52,9828.0,6x9828
8,A,,60,9828.0,4x9828
8,A,,61A,9534.0,1x8652|3x9828
8,A,,61B,8652.0,3x8652
8,A,,61C,6006.0,3x5124|1x8652
8,A,,62,9735.0,3x9048|1x11796
8,A,,63,9804.0,5x9780|5x9828
8,A,,64,9828.0,4x9828
8,A,,65,10074.0,7x9828|1x11796
8,A,,66,10320.0,3x9828|1x11796
8,A,,68,10320.0,6x9828|2x11796
8,A,,70,11008.8,2x9828|3x11796
8,A,,72,10484.0,2x9828|1x11796
8,A,,75,11778.0,1x11760|1x11796
8,A,,86,9828.0,3x9828
8,A,,87,10320.0,3x9828|1x11796
8,A,,9,4923.0,1x3516|7x5124
8,A,,93,10812.0,2x9828|2x11796
8,A,,94,11140.0,1x9828|2x11796
8,A,,95,11140.0,1x9828|2x11796
8,A,,98,11796.0,3x11796
8,A,1,,3305.74,2x2736|18x3000|1x4560|2x6000
8,A,16,,6000.0,24x6000
8,A,17,,3387.0,1x3000|3x3516
8,A,2,,3000.0,15x3000
8,A,3,,7205.14,2x4560|1x5832|1x6000|3x9828
8,A,5,,5960.0,2x3516|2x5124|1x8652|1x9828
8,A,6,,9828.0,5x9828
8,A,8,,11252.0,1x9828|2x11148|3x11796
8,A,9,,10576.36,1x6912|1x7824|1x8652|1x10380|7x11796
8,B,,100,7644.0,4x7644
8,B,,101,7644.0,8x7644
8,B,,102,7461.0,1x6912|3x7644
8,B,,22,8692.5,4x7608|1x8640|1x8652|1x10020|1x11796
8,B,,23,8913.0,2x7608|1x8640|1x11796
8,B,,24,9004.0,2x7608|1x11796
8,B,,25,8655.0,3x7608|1x11796
8,B,,27,8913.0,2x7608|1x8640|1x11796
8,B,,28,8739.0,1x6912|1x7608|1x8640|1x11796
8,B,,29,8307.0,2x6912|1x7608|1x11796
8,B,,30,8481.0,1x6912|2x7608|1x11796
8,B,,32A,8481.0,1x6912|2x7608|1x11796
8,B,,32B,7260.0,2x6912|2x7608
8,B,,33,8133.0,3x6912|1x11796
8,B,,34,6912.0,4x6912
8,B,,35,6912.0,3x6912
8,B,,36,7866.0,3x7608|1x8640
8,B,,37,7518.0,2x6912|1x7608|1x8640
8,B,,38,7086.0,3x6912|1x7608
8,B,,39,7608.0,4x7608
8,B,,42,6912.0,8x6912
8,B,,43,6744.0,1x6240|3x6912
8,B,,44,6912.0,4x6912
8,B,,46,7434.0,1x6912|3x7608
8,B,,47,8655.0,3x7608|1x11796
8,B,,48,7608.0,4x7608
8,B,,49A,7086.0,3x6912|1x7608
8,B,,49B,7260.0,2x6912|2x7608
8,B,,50,6912.0,4x6912
8,B,,51,7260.0,2x6912|2x7608
8,B,,52,7608.0,8x7608
8,B,,53,7086.0,3x6912|1x7608
8,B,,54,6912.0,4x6912
8,B,,55,6576.0,2x6240|2x6912
8,B,,56,6744.0,1x6240|3x6912
8,B,,57,8388.0,1x7608|1x8640|2x8652
8,B,,58,7869.0,3x7608|1x8652
8,B,,60,8214.0,1x6912|1x8640|2x8652
8,B,,61,7956.0,1x6912|1x7608|2x8652
8,B,,63,7434.0,1x6912|3x7608
8,B,,67,7086.0,3x6912|1x7608
8,B,,70,7260.0,2x6912|2x7608
8,B,,71,6912.0,4x6912
8,B,,72,6352.0,5x6240|1x6912
8,B,,73,6408.0,3x6240|1x6912
8,B,,74,7779.0,2x6912|1x8640|1x8652
8,B,,75,7347.0,3x6912|1x8652
8,B,,77,7269.0,2x6912|1x7608|1x7644
8,B,,78,7260.0,2x6912|2x7608
8,B,,79,7336.8,2x6912|2x7608|1x7644
8,B,,80,7394.0,2x6912|1x7608|3x7644
8,B,,81,7095.0,3x6912|1x7644
8,B,,82,7278.0,3x6912|3x7644
8,B,,83,7443.0,1x6912|2x7608|1x7644
8,B,,84,7443.0,1x6912|2x7608|1x7644
8,B,,85,7095.0,3x6912|1x7644
8,B,,86,6932.0,1x6240|1x6912|1x7644
8,B,,88,7149.0,3x6912|1x7860
8,B,,89,6912.0,4x6912
8,B,,91,7095.0,3x6912|1x7644
8,B,,92,7149.0,3x6912|1x7860
8,B,,93,7095.0,3x6912|1x7644
8,B,,95,7394.4,2x6912|2x7644|1x7860
8,B,,96,7644.0,3x7644
8,B,,97,7263.0,1x6120|3x7644
8,B,,99,7491.6,1x6120|9x7644
8,B,1,,8131.5,7x7608|1x11796
8,B,10,,7173.0,5x6912|3x7608
8,B,5,,6912.0,4x6912
8,B,8,,6912.0,2x6912
8,B,9,,6927.0,1x6240|2x6912|1x7644
8,C,,100,2472.0,4x2472
8,C,,101,2472.0,4x2472
8,C,,103,1746.0,2x1068|1x2136|1x2712
8,C,,104,1068.0,3x1068
8,C,,105,2121.0,1x1068|3x2472
8,C,,106,2472.0,4x2472
8,C,,109,921.0,3x135|2x2100
8,C,,112,2121.0,1x1068|3x2472
8,C,,113,2388.0,1x2136|3x2472
8,C,,114,1608.75,1x135|3x2100
8,C,,116,135.0,4x135
8,C,,117,2398.0,1x1068|1x2472|4x2712
8,C,,118,2388.0,1x2136|3x2472
8,C,,119,1756.0,1x1068|2x2100
8,C,,120,135.0,4x135
8,C,,121,2358.0,1x1068|2x2472|3x2712
8,C,,122,2388.0,1x2136|3x2472
8,C,,123,1092.75,1x135|2x1068|1x2100
8,C,,124,135.0,4x135
8,C,,125,2280.0,1x1068|1x1764|4x2712
8,C,,126,2034.0,2x1764|1x2136|1x2472
8,C,,127,1092.75,1x135|2x1068|1x2100
8,C,,128,135.0,3x135
8,C,,129,1734.0,1x1068|1x1392|1x1764|1x2712
8,C,,130,1857.0,3x1764|1x2136
8,C,,131,1092.75,1x135|2x1068|1x2100
8,C,,132,135.0,2x135
8,C,,133,1404.0,1x1068|2x1392|1x1764
8,C,,134,1857.0,3x1764|1x2136
8,C,,135,1710.75,1x135|1x1068|1x2100|1x3540
8,C,,136,446.0,2x135|1x1068
8,C,,137,1941.0,1x1068|1x1392|1x1764|1x3540
8,C,,138,2301.0,2x1764|1x2136|1x3540
8,C,,80,5244.0,2x2844|2x7644
8,C,,81,7644.0,3x7644
8,C,,82,4444.0,2x2844|1x7644
8,C,,83,4764.0,3x2844|2x7644
8,C,,84,3933.0,2x2844|1x3660|1x6384
8,C,,87,3951.0,1x2472|2x2844|1x7644
8,C,,88,2720.0,1x2472|2x2844
8,C,,89,2992.0,1x2472|1x2844|1x3660
8,C,,91,2472.0,4x2472
8,C,,92,2503.0,2x2472|1x2565
8,C,,93,2627.0,1x2472|1x2565|1x2844
8,C,,95,2388.0,1x2136|3x2472
8,C,,96,2495.25,3x2472|1x2565
8,C,,97,2583.6,2x2472|2x2565|1x2844
8,C,,99,2364.0,2x2136|1x2472|1x2712
8,C,1,,2421.0,2x1068|2x2472|1x2565|7x2712|1x2844
8,C,2,,1107.6,2x135|1x1068|2x2100
8,C,3,,135.0,4x135
8,D,,100,4248.0,1x2844|1x3540|2x5304
8,D,,101,3714.0,1x2844|1x3168|1x3540|1x5304
8,D,,102,2844.0,4x2844
8,D,,103,2844.0,4x2844
8,D,,104,2844.0,4x2844
8,D,,105,2844.0,4x2844
8,D,,106,2844.0,4x2844
8,D,,107,2925.0,3x2844|1x3168
8,D,,108,2844.0,4x2844
8,D,,109,2844.0,4x2844
8,D,,110,2844.0,4x2844
8,D,,111,2844.0,4x2844
8,D,,112,2844.0,4x2844
8,D,,113,2658.0,2x2472|2x2844
8,D,,114,2751.0,1x2472|3x2844
8,D,,115,2751.0,1x2472|3x2844
8,D,,116,2751.0,1x2472|3x2844
8,D,,117,2844.0,4x2844
8,D,,118,2751.0,1x2472|3x2844
8,D,,119,2565.0,3x2472|1x2844
8,D,,120,2472.0,4x2472
8,D,,121,2472.0,4x2472
8,D,,122,2472.0,4x2472
8,D,,123,2565.0,3x2472|1x2844
8,D,,124,2472.0,4x2472
8,D,,125,2472.0,4x2472
8,D,,126,2472.0,4x2472
8,D,,127,2472.0,4x2472
8,D,,128,2472.0,4x2472
8,D,,129,2649.0,3x2472|1x3180
8,D,,130,2649.0,3x2472|1x3180
8,D,,131,2472.0,4x2472
8,D,,132,2388.0,1x2136|3x2472
8,D,,133,2472.0,4x2472
8,D,,134,2472.0,4x2472
8,D,,135,2472.0,4x2472
8,D,,136,2472.0,4x2472
8,D,,137,2649.0,3x2472|1x3180
8,D,,138,2388.0,1x2136|3x2472
8,D,,139,2649.0,3x2472|1x3180
8,D,,140,2649.0,3x2472|1x3180
8,D,,141,2472.0,4x2472
8,D,,142,2472.0,4x2472
8,D,,143,2658.0,2x2472|2x2844
8,D,,144,2388.0,1x2136|3x2472
8,D,,145,2472.0,4x2472
8,D,,146,2472.0,4x2472
8,D,,147,2472.0,4x2472
8,D,,148,2472.0,4x2472
8,D,,149,2751.0,1x2472|3x2844
8,D,,150,2388.0,1x2136|3x2472
8,D,,151,2472.0,4x2472
8,D,,152,2472.0,4x2472
8,D,,153,2472.0,4x2472
8,D,,154,2472.0,4x2472
8,D,,155,2955.0,1x2472|2x2844|1x3660
8,D,,157,2472.0,4x2472
8,D,,158,2472.0,4x2472
8,D,,159,2472.0,4x2472
8,D,,160,2472.0,4x2472
8,D,,161,2649.0,1x2472|2x2640|1x2844
8,D,,162A,2388.0,1x2136|3x2472
8,D,,162B,2655.0,1x2136|2x2472|1x3540
8,D,,163,3006.0,2x2472|1x2844|1x4236
8,D,,164,3099.0,1x2472|2x2844|1x4236
8,D,,165,3006.0,2x2472|1x2844|1x4236
8,D,,166,2913.0,3x2472|1x4236
8,D,,167,2700.0,1x2472|1x2640|2x2844
8,D,,168,3308.0,2x2844|1x4236
8,D,,84,6129.0,1x2844|1x6384|2x7644
8,D,,85,5637.0,1x2844|1x5676|1x6384|1x7644
8,D,,86,5811.0,1x3540|1x5676|1x6384|1x7644
8,D,,87,5811.0,1x3540|1x5676|1x6384|1x7644
8,D,,88A,6636.0,4x6384|1x7644
8,D,,88B,6429.0,1x5304|2x6384|1x7644
8,D,,89,5937.0,1x5304|1x5676|2x6384
8,D,,90,5667.0,2x5304|1x5676|1x6384
8,D,,91,4341.0,1x2844|1x3540|1x5304|1x5676
8,D,,92,4515.0,2x3540|1x5304|1x5676
8,D,,93,4956.0,1x3540|2x5304|1x5676
8,D,,94,5397.0,3x5304|1x5676
8,D,,95,4863.0,1x3168|2x5304|1x5676
8,D,,96,4788.0,1x2844|1x3540|2x6384
8,D,,97,3807.0,1x2844|2x3540|1x5304
8,D,,98,3633.0,2x2844|1x3540|1x5304
8,D,,99,3633.0,2x2844|1x3540|1x5304
8,D,3,,2388.0,1x2136|3x2472
8,E,,113,3732.0,4x3660|1x4020
8,E,,163,4982.0,4x4236|1x5304|1x7644
8,E,,165,4914.0,1x3540|2x4236|1x7644
8,E,,166,4784.0,1x2472|1x4236|1x7644
8,E,,169,5088.0,3x4236|1x7644
8,E,,170,3888.0,2x3540|2x4236
8,E,,171,3456.0,1x2472|1x3660|1x4236
8,E,,174,4236.0,4x4236
8,E,,175,3714.0,3x3540|1x4236
8,E,,176,3620.0,1x3540|2x3660
8,E,,179,3524.0,2x3168|1x4236
8,E,,180,3705.5,1x2810|1x3540|2x4236
8,E,,181,3540.0,4x3540
8,E,,182,3591.43,4x3540|3x3660
8,E,,183,2994.0,1x2472|3x3168
8,E,,184,2992.5,3x2810|1x3540
8,E,,187,3540.0,4x3540
8,E,,188,3600.0,3x3540|3x3660
8,E,,189,2472.0,4x2472
8,E,,190,2472.0,4x2472
8,E,,193,2899.2,3x2472|2x3540
8,E,,194,3264.0,2x2472|4x3660
8,E,,199,2646.0,3x2472|1x3168
8,E,,200,3578.0,1x3168|5x3660
8,E,,203,2472.0,3x2472
8,E,,204,2472.0,4x2472
8,E,,205,2646.0,3x2472|1x3168
8,E,,206,3168.0,4x3168
8,E,,209,2472.0,3x2472
8,E,,210,2565.0,3x2472|1x2844
8,E,,211,2704.0,2x2472|1x3168
8,E,,212,3168.0,2x3168
8,E,,215,2565.0,3x2472|1x2844
8,E,,216,2658.0,2x2472|2x2844
8,E,,221,2751.0,1x2472|3x2844
8,E,,222,2658.0,2x2472|2x2844
8,E,,227,2844.0,4x2844
8,E,,233,2844.0,3x2844
8,E,,234,2844.0,4x2844
8,E,,239,2844.0,3x2844
8,E,,240,2844.0,3x2844
8,E,,251,2716.8,1x2208|4x2844
8,E,,252,2685.0,1x2208|3x2844
8,E,1,,3087.0,4x2472|2x3168|2x4236
8,E,2,,2844.0,10x2844
8,E,3,,2844.0,7x2844
8,E,4,,3340.5,1x2208|12x2472|2x3168|2x3540|13x3660|1x6384|1x7644
8,E,5,,2499.0,1x2208|2x2472|1x2844
8,E,6,,2433.0,2x2208|1x2472|1x2844
8,E,8,,3578.57,2x2472|4x3540|21x3660|1x4236
