{"type": "FeatureCollection", "features": [{"type": "Feature", "geometry": {"type": "LineString", "coordinates": [[-58.5131946, -34.4663273], [-58.5132761, -34.4662661], [-58.5134597, -34.4661282], [-58.5138835, -34.4658021], [-58.5139883, -34.4657179], [-58.5140647, -34.4656553]]}, "properties": {"clase": "avenida", "nombre": "Avenida del Libertador", "osm_way": 4762893, "fuente": "OpenStreetMap vía Overpass"}}, {"type": "Feature", "geometry": {"type": "LineString", "coordinates": [[-58.5127564, -34.4743247], [-58.5129563, -34.4744386], [-58.5131834, -34.4745633]]}, "properties": {"clase": "avenida", "nombre": "Avenida Bernabé Márquez", "osm_way": 4772379, "fuente": "OpenStreetMap vía Overpass"}}, {"type": "Feature", "geometry": {"type": "LineString", "coordinates": [[-58.527974, -34.4821216], [-58.5280721, -34.4822234], [-58.5281502, -34.4822929], [-58.52823, -34.4823553], [-58.5286174, -34.4825582], [-58.5287647, -34.4826353], [-58.5290223, -34.4827751], [-58.5292957, -34.4829163], [-58.529988, -34.4832702], [-58.5307677, -34.4836799], [-58.5308422, -34.4837171], [-58.5309169, -34.4837544], [-58.5322523, -34.4844269], [-58.5337537, -34.4852107], [-58.5337823, -34.4852256], [-58.5338627, -34.4852673], [-58.533915, -34.4852943], [-58.5354253, -34.4860761], [-58.5364018, -34.4865769], [-58.5373453, -34.487074], [-58.5374135, -34.4871099], [-58.5374614, -34.4871347], [-58.5402158, -34.4885606], [-58.5402555, -34.4885811], [-58.5403415, -34.4886274], [-58.5404, -34.4886565], [-58.5421241, -34.4895505], [-58.5421797, -34.4895805], [-58.5422709, -34.4896297], [-58.5428278, -34.4899179], [-58.5429221, -34.4899646], [-58.5430247, -34.4900148], [-58.5444322, -34.4907554], [-58.5451057, -34.4911079], [-58.5460272, -34.4915809], [-58.5469437, -34.4920637], [-58.5470313, -34.4921101]]}, "properties": {"clase": "avenida", "nombre": "Avenida Bernabé Márquez", "osm_way": 4772383, "fuente": "OpenStreetMap vía Overpass"}}, {"type": "Feature", "geometry": {"type": "LineString", "coordinates": [[-58.5551425, -34.4974006], [-58.5550019, -34.4974895], [-58.5549079, -34.4975401], [-58.5548142, -34.4975823], [-58.5547318, -34.497617], [-58.5546209, -34.4976468], [-58.5545258, -34.4976641], [-58.5544394, -34.4976732], [-58.554359, -34.4976803], [-58.5542709, -34.4976821], [-58.5541799, -34.4976775], [-58.5540969, -34.4976675], [-58.5540192, -34.4976529], [-58.5539379, -34.497632], [-58.5538566, -34.4976055], [-58.5537641, -34.4975724], [-58.5536901, -34.4975404]]}, "properties": {"clase": "avenida", "nombre": "Puente Márquez", "osm_way": 4772384, "fuente": "OpenStreetMap vía Overpass"}}, {"type": "Feature", "geometry": {"type": "LineString", "coordinates": [[-58.4664808, -34.5348971], [-58.4670627, -34.5351072], [-58.4674034, -34.5352328], [-58.467714, -34.535355], [-58.4680838, -34.5355063], [-58.4686879, -34.5357776]]}, "properties": {"clase": "autopista", "nombre": "Avenida General Paz", "osm_way": 4927908, "fuente": "OpenStreetMap vía Overpass"}}, {"type": "Feature", "geometry": {"type": "LineString", "coordinates": [[-58.4948221, -34.5474126], [-58.4952537, -34.5476016], [-58.4957993, -34.5478465], [-58.4967451, -34.5482522], [-58.4969818, -34.5483232]]}, "properties": {"clase": "autopista", "nombre": "Avenida General Paz", "osm_way": 4927924, "fuente": "OpenStreetMap vía Overpass"}}, {"type": "Feature", "geometry": {"type": "LineString", "coordinates": [[-58.4657913, -34.534804], [-58.4654733, -34.5347042], [-58.4652191, -34.5346381], [-58.46497, -34.5345885], [-58.464746, -34.5345609], [-58.4644847, -34.5345813], [-58.464154, -34.53463]]}, "properties": {"clase": "autopista", "nombre": "Avenida General Paz", "osm_way": 4927977, "fuente": "OpenStreetMap vía Overpass"}}, {"type": "Feature", "geometry": {"type": "LineString", "coordinates": [[-58.5551425, -34.4974006], [-58.5553478, -34.4975751], [-58.5554498, -34.4976642], [-58.5558063, -34.4979649], [-58.5558801, -34.4980276]]}, "properties": {"clase": "avenida", "nombre": "Avenida Avelino Rolón", "osm_way": 4958007, "fuente": "OpenStreetMap vía Overpass"}}, {"type": "Feature", "geometry": {"type": "LineString", "coordinates": [[-58.5547553, -34.4957239], [-58.5548453, -34.4957837], [-58.5549308, -34.4958479], [-58.5550113, -34.4959162], [-58.5550867, -34.4959884], [-58.5551567, -34.4960643], [-58.555221, -34.4961434]]}, "properties": {"clase": "avenida", "nombre": "", "osm_way": 4958010, "fuente": "OpenStreetMap vía Overpass"}}, {"type": "Feature", "geometry": {"type": "LineString", "coordinates": [[-58.5534495, -34.4974061], [-58.553355, -34.4973414], [-58.5532851, -34.4972855], [-58.5531901, -34.4972043], [-58.5531019, -34.4971288], [-58.5530399, -34.4970717], [-58.5529755, -34.4969987], [-58.5529232, -34.4969368], [-58.5528776, -34.4968705], [-58.5528441, -34.4968057], [-58.5528181, -34.4967399], [-58.5527976, -34.4966763], [-58.5527811, -34.4966112], [-58.5527677, -34.4965379], [-58.5527603, -34.4964734]]}, "properties": {"clase": "avenida", "nombre": "Puente Márquez", "osm_way": 4958018, "fuente": "OpenStreetMap vía Overpass"}}, {"type": "Feature", "geometry": {"type": "LineString", "coordinates": [[-58.555221, -34.4961434], [-58.5552591, -34.4962006]]}, "properties": {"clase": "avenida", "nombre": "", "osm_way": 4958019, "fuente": "OpenStreetMap vía Overpass"}}, {"type": "Feature", "geometry": {"type": "LineString", "coordinates": [[-58.5543146, -34.4959621], [-58.5547974, -34.4955285], [-58.5551311, -34.4952967], [-58.5553981, -34.4950903], [-58.5555451, -34.4949542], [-58.5557286, -34.4947808], [-58.5559188, -34.4945855], [-58.556204, -34.4942647], [-58.5562855, -34.4941616], [-58.5563964, -34.4940212], [-58.5565781, -34.4937629], [-58.5568084, -34.4934025], [-58.5570387, -34.4930187], [-58.5572325, -34.492665], [-58.5574076, -34.4923268], [-58.5575185, -34.4920771]]}, "properties": {"clase": "autopista", "nombre": "Acceso Norte Ramal Tigre", "osm_way": 4958086, "fuente": "OpenStreetMap vía Overpass"}}, {"type": "Feature", "geometry": {"type": "LineString", "coordinates": [[-58.5568245, -34.4949337], [-58.5566445, -34.4951361], [-58.5565053, -34.4952816], [-58.5562874, -34.4954645], [-58.5560773, -34.4956046], [-58.5558743, -34.495733], [-58.5556585, -34.4958457], [-58.5554697, -34.4959217], [-58.5547673, -34.4961998], [-58.5545427, -34.4963014], [-58.5542048, -34.4964836], [-58.5538483, -34.4966483]]}, "properties": {"clase": "autopista", "nombre": "Acceso Norte Ramal Tigre", "osm_way": 4958090, "fuente": "OpenStreetMap vía Overpass"}}, {"type": "Feature", "geometry": {"type": "LineString", "coordinates": [[-58.5572482, -34.4941499], [-58.5571935, -34.4943125], [-58.5571214, -34.4944877], [-58.5569036, -34.4948151], [-58.5568296, -34.4949261]]}, "properties": {"clase": "autopista", "nombre": "Acceso Norte Ramal Tigre", "osm_way": 4958091, "fuente": "OpenStreetMap vía Overpass"}}, {"type": "Feature", "geometry": {"type": "LineString", "coordinates": [[-58.5510459, -34.4984585], [-58.5506651, -34.4986367], [-58.550132, -34.4988861], [-58.5471756, -34.5001472], [-58.5462403, -34.5005754], [-58.5450991, -34.5011296], [-58.5429713, -34.5021521], [-58.5407158, -34.5032383], [-58.5406458, -34.5032722], [-58.536846, -34.5051106]]}, "properties": {"clase": "autopista", "nombre": "Acceso Norte", "osm_way": 18943970, "fuente": "OpenStreetMap vía Overpass"}}, {"type": "Feature", "geometry": {"type": "LineString", "coordinates": [[-58.4794083, -34.5083271], [-58.4794887, -34.5081531], [-58.4795154, -34.5080877]]}, "properties": {"clase": "avenida", "nombre": "Avenida del Libertador", "osm_way": 18943981, "fuente": "OpenStreetMap vía Overpass"}}, {"type": "Feature", "geometry": {"type": "LineString", "coordinates": [[-58.4793476, -34.5405288], [-58.4803775, -34.5409947], [-58.483194, -34.5422083]]}, "properties": {"clase": "autopista", "nombre": "Avenida General Paz", "osm_way": 20866005, "fuente": "OpenStreetMap vía Overpass"}}, {"type": "Feature", "geometry": {"type": "LineString", "coordinates": [[-58.4918996, -34.5462163], [-58.4904402, -34.545561], [-58.4889524, -34.544878], [-58.4881842, -34.5445309], [-58.487555, -34.5442426], [-58.487153, -34.5440607], [-58.4865297, -34.5438201]]}, "properties": {"clase": "autopista", "nombre": "Avenida General Paz", "osm_way": 20866009, "fuente": "OpenStreetMap vía Overpass"}}, {"type": "Feature", "geometry": {"type": "LineString", "coordinates": [[-58.5576036, -34.4918917], [-58.5577516, -34.4915485]]}, "properties": {"clase": "autopista", "nombre": "Acceso Norte Ramal Tigre", "osm_way": 22772090, "fuente": "OpenStreetMap vía Overpass"}}, {"type": "Feature", "geometry": {"type": "LineString", "coordinates": [[-58.4781982, -34.5375741], [-58.4781452, -34.5375502], [-58.4773957, -34.5372035], [-58.4769985, -34.5370294], [-58.4767719, -34.5369343], [-58.4765353, -34.5368446], [-58.4749324, -34.5362478]]}, "properties": {"clase": "ferrocarril", "nombre": "FC Belgrano", "osm_way": 22772235, "fuente": "OpenStreetMap vía Overpass"}}, {"type": "Feature", "geometry": {"type": "LineString", "coordinates": [[-58.6080158, -34.5502763], [-58.607633, -34.5500973], [-58.6070157, -34.5497229], [-58.6066423, -34.5494735], [-58.6062743, -34.5492013], [-58.6057474, -34.5487635], [-58.6052902, -34.5483346], [-58.6051489, -34.5481721], [-58.6048467, -34.5478244], [-58.6046361, -34.5475669], [-58.6044222, -34.5472909], [-58.6042692, -34.5470713], [-58.604131, -34.5468516], [-58.603856, -34.5464074], [-58.6033173, -34.5454828], [-58.6026146, -34.5442643], [-58.6021986, -34.5435827], [-58.6010738, -34.5415851], [-58.6000507, -34.5398272], [-58.5998336, -34.5394448]]}, "properties": {"clase": "autopista", "nombre": "Camino Parque del Buen Ayre", "osm_way": 22794017, "fuente": "OpenStreetMap vía Overpass"}}, {"type": "Feature", "geometry": {"type": "LineString", "coordinates": [[-58.53486, -34.4492436], [-58.5357825, -34.4488626], [-58.5368804, -34.4484913], [-58.5371995, -34.4483834], [-58.5374831, -34.4482977], [-58.5379657, -34.4481428], [-58.5382773, -34.4480449], [-58.5392208, -34.4477587], [-58.5393327, -34.4477316], [-58.539478, -34.4476965], [-58.5396227, -34.4476715], [-58.5406582, -34.4474926]]}, "properties": {"clase": "avenida", "nombre": "Avenida del Libertador", "osm_way": 22983492, "fuente": "OpenStreetMap vía Overpass"}}, {"type": "Feature", "geometry": {"type": "LineString", "coordinates": [[-58.4685788, -34.5355965], [-58.4691001, -34.5358329], [-58.4699686, -34.5362377]]}, "properties": {"clase": "autopista", "nombre": "Avenida General Paz", "osm_way": 22992878, "fuente": "OpenStreetMap vía Overpass"}}, {"type": "Feature", "geometry": {"type": "LineString", "coordinates": [[-58.4840327, -34.542336], [-58.4841986, -34.5424018], [-58.4842853, -34.5424323]]}, "properties": {"clase": "autopista", "nombre": "Avenida General Paz", "osm_way": 22992880, "fuente": "OpenStreetMap vía Overpass"}}, {"type": "Feature", "geometry": {"type": "LineString", "coordinates": [[-58.4909165, -34.5464513], [-58.4905312, -34.5463509], [-58.4901835, -34.5462216]]}, "properties": {"clase": "autopista", "nombre": "Avenida General Paz", "osm_way": 22993596, "fuente": "OpenStreetMap vía Overpass"}}, {"type": "Feature", "geometry": {"type": "LineString", "coordinates": [[-58.4767283, -34.5387489], [-58.4773003, -34.5389943], [-58.4777354, -34.5392036], [-58.4779981, -34.5393683], [-58.4781306, -34.5394559], [-58.4782701, -34.5395563], [-58.4784178, -34.5396661]]}, "properties": {"clase": "autopista", "nombre": "Avenida General Paz", "osm_way": 22994751, "fuente": "OpenStreetMap vía Overpass"}}, {"type": "Feature", "geometry": {"type": "LineString", "coordinates": [[-58.4859695, -34.5413399], [-58.4812436, -34.5390675], [-58.4795571, -34.538225], [-58.4793794, -34.5381376], [-58.4781982, -34.5375741]]}, "properties": {"clase": "ferrocarril", "nombre": "FC Belgrano", "osm_way": 23167313, "fuente": "OpenStreetMap vía Overpass"}}, {"type": "Feature", "geometry": {"type": "LineString", "coordinates": [[-58.4619479, -34.5346605], [-58.4622466, -34.5345764], [-58.4624941, -34.5344849], [-58.4627433, -34.5344216], [-58.4629698, -34.5343767], [-58.4631882, -34.5343458], [-58.4633681, -34.534325], [-58.4635446, -34.5343201], [-58.4637132, -34.5343244], [-58.4639477, -34.5343356], [-58.4644465, -34.5343828], [-58.4646687, -34.5344088], [-58.4649, -34.5344448], [-58.4652044, -34.5345019]]}, "properties": {"clase": "autopista", "nombre": "Avenida General Paz", "osm_way": 23244759, "fuente": "OpenStreetMap vía Overpass"}}, {"type": "Feature", "geometry": {"type": "LineString", "coordinates": [[-58.4984301, -34.5404017], [-58.4984953, -34.5402645], [-58.4986371, -34.5400576], [-58.4990255, -34.5396047], [-58.4996442, -34.5388293]]}, "properties": {"clase": "autopista", "nombre": "Colectora Acceso Norte", "osm_way": 23300071, "fuente": "OpenStreetMap vía Overpass"}}, {"type": "Feature", "geometry": {"type": "LineString", "coordinates": [[-58.4971115, -34.5483841], [-58.4975969, -34.5485974], [-58.4981283, -34.5488422], [-58.4983927, -34.5489747], [-58.4986524, -34.5491145], [-58.4989295, -34.5492843], [-58.4992215, -34.5494808], [-58.4994486, -34.5496521], [-58.4996407, -34.5498151], [-58.4998409, -34.5499972], [-58.5000429, -34.5501911], [-58.5002315, -34.5503927], [-58.5004125, -34.5506048], [-58.500551, -34.5508028]]}, "properties": {"clase": "autopista", "nombre": "Avenida General Paz", "osm_way": 23651412, "fuente": "OpenStreetMap vía Overpass"}}, {"type": "Feature", "geometry": {"type": "LineString", "coordinates": [[-58.5810691, -34.506628], [-58.5792508, -34.5067619], [-58.5788093, -34.5067916], [-58.5769974, -34.5069136], [-58.5765051, -34.5069468], [-58.5741546, -34.5070855], [-58.5722849, -34.5072088], [-58.5699377, -34.5073635], [-58.569188, -34.5074055], [-58.5687733, -34.5074415], [-58.5685497, -34.5074606], [-58.5683389, -34.5074855], [-58.5680401, -34.5075291], [-58.5679154, -34.5075535], [-58.5677485, -34.5075881], [-58.5675647, -34.5076316], [-58.5672509, -34.5077141], [-58.5672247, -34.507721], [-58.5669659, -34.5078038], [-58.5666605, -34.5079119], [-58.56629, -34.5080707], [-58.5658543, -34.5082783]]}, "properties": {"clase": "ferrocarril", "nombre": "FC Belgrano", "osm_way": 23658403, "fuente": "OpenStreetMap vía Overpass"}}, {"type": "Feature", "geometry": {"type": "LineString", "coordinates": [[-58.572246, -34.4602586], [-58.5724068, -34.4598276], [-58.5724816, -34.4596233]]}, "properties": {"clase": "autopista", "nombre": "Acceso Norte Ramal Tigre", "osm_way": 24723216, "fuente": "OpenStreetMap vía Overpass"}}, {"type": "Feature", "geometry": {"type": "LineString", "coordinates": [[-58.5720967, -34.4606756], [-58.572246, -34.4602586]]}, "properties": {"clase": "autopista", "nombre": "Acceso Norte Ramal Tigre", "osm_way": 24723217, "fuente": "OpenStreetMap vía Overpass"}}, {"type": "Feature", "geometry": {"type": "LineString", "coordinates": [[-58.5722195, -34.460729], [-58.5714117, -34.4628644]]}, "properties": {"clase": "autopista", "nombre": "Acceso Norte Ramal Tigre", "osm_way": 24723219, "fuente": "OpenStreetMap vía Overpass"}}, {"type": "Feature", "geometry": {"type": "LineString", "coordinates": [[-58.5723656, -34.4603117], [-58.5722195, -34.460729]]}, "properties": {"clase": "autopista", "nombre": "Acceso Norte Ramal Tigre", "osm_way": 24723220, "fuente": "OpenStreetMap vía Overpass"}}, {"type": "Feature", "geometry": {"type": "LineString", "coordinates": [[-58.5947877, -34.4434415], [-58.5949736, -34.4434756], [-58.5951185, -34.4435071], [-58.5952876, -34.4435517], [-58.5954659, -34.4436099], [-58.5956599, -34.4436758], [-58.5958195, -34.4437378], [-58.5960819, -34.4438591]]}, "properties": {"clase": "avenida", "nombre": "Avenida Crisólogo Larralde", "osm_way": 26706594, "fuente": "OpenStreetMap vía Overpass"}}, {"type": "Feature", "geometry": {"type": "LineString", "coordinates": [[-58.6198043, -34.4540262], [-58.618204, -34.4536825], [-58.6178608, -34.4536014], [-58.617675, -34.4535535], [-58.6175094, -34.4534989], [-58.6171124, -34.453328], [-58.6155553, -34.4526403], [-58.6154999, -34.4526158], [-58.6153954, -34.4525709]]}, "properties": {"clase": "avenida", "nombre": "Avenida Juan Domingo Perón", "osm_way": 26706599, "fuente": "OpenStreetMap vía Overpass"}}, {"type": "Feature", "geometry": {"type": "LineString", "coordinates": [[-58.6032875, -34.4802417], [-58.6041278, -34.4804315]]}, "properties": {"clase": "avenida", "nombre": "Avenida Hipólito Yrigoyen", "osm_way": 26708236, "fuente": "OpenStreetMap vía Overpass"}}, {"type": "Feature", "geometry": {"type": "LineString", "coordinates": [[-58.6040751, -34.480509], [-58.6032407, -34.4803177]]}, "properties": {"clase": "avenida", "nombre": "Avenida Hipólito Yrigoyen", "osm_way": 26708273, "fuente": "OpenStreetMap vía Overpass"}}, {"type": "Feature", "geometry": {"type": "LineString", "coordinates": [[-58.6032407, -34.4803177], [-58.6030569, -34.4802666], [-58.6030015, -34.4802526], [-58.6028707, -34.4802096], [-58.6027679, -34.4801642], [-58.6026468, -34.4801075], [-58.6026007, -34.480084], [-58.6025092, -34.4800475], [-58.6024316, -34.4800261], [-58.6023294, -34.4800092], [-58.6022544, -34.4800022], [-58.6021496, -34.4800141], [-58.6020381, -34.4800398], [-58.6018949, -34.4800796]]}, "properties": {"clase": "avenida", "nombre": "Avenida Hipólito Yrigoyen", "osm_way": 26708275, "fuente": "OpenStreetMap vía Overpass"}}, {"type": "Feature", "geometry": {"type": "LineString", "coordinates": [[-58.6010457, -34.4793178], [-58.6010216, -34.4790838], [-58.6009928, -34.4788977], [-58.6009697, -34.4788012], [-58.6009412, -34.4787299], [-58.6008905, -34.4786432], [-58.6007927, -34.4785361], [-58.6006725, -34.478432], [-58.5997707, -34.4776746], [-58.5997508, -34.4776574], [-58.5987326, -34.4767796], [-58.5986871, -34.4767398], [-58.5986622, -34.4767182], [-58.5985475, -34.4766185]]}, "properties": {"clase": "avenida", "nombre": "Avenida Hipólito Yrigoyen", "osm_way": 26708290, "fuente": "OpenStreetMap vía Overpass"}}, {"type": "Feature", "geometry": {"type": "LineString", "coordinates": [[-58.5750353, -34.4525186], [-58.5757897, -34.4507544]]}, "properties": {"clase": "autopista", "nombre": "Ramal Tigre", "osm_way": 27017680, "fuente": "OpenStreetMap vía Overpass"}}, {"type": "Feature", "geometry": {"type": "LineString", "coordinates": [[-58.5751577, -34.4525687], [-58.5750197, -34.4529447]]}, "properties": {"clase": "autopista", "nombre": "Ramal Tigre", "osm_way": 27017681, "fuente": "OpenStreetMap vía Overpass"}}, {"type": "Feature", "geometry": {"type": "LineString", "coordinates": [[-58.5750197, -34.4529447], [-58.57404, -34.4556696]]}, "properties": {"clase": "autopista", "nombre": "Ramal Tigre", "osm_way": 27017682, "fuente": "OpenStreetMap vía Overpass"}}, {"type": "Feature", "geometry": {"type": "LineString", "coordinates": [[-58.5748971, -34.4528979], [-58.5750353, -34.4525186]]}, "properties": {"clase": "autopista", "nombre": "Ramal Tigre", "osm_way": 27017684, "fuente": "OpenStreetMap vía Overpass"}}, {"type": "Feature", "geometry": {"type": "LineString", "coordinates": [[-58.6184506, -34.484911], [-58.6174401, -34.4850517], [-58.6151903, -34.4853651]]}, "properties": {"clase": "autopista", "nombre": "Acceso Norte", "osm_way": 27653681, "fuente": "OpenStreetMap vía Overpass"}}, {"type": "Feature", "geometry": {"type": "LineString", "coordinates": [[-58.6187183, -34.4846685], [-58.6209411, -34.4843656], [-58.6234687, -34.4840212], [-58.6261615, -34.4836139], [-58.6274731, -34.4834038], [-58.6286827, -34.4832093], [-58.6313289, -34.4827829], [-58.6338428, -34.4822908], [-58.6386252, -34.4813295]]}, "properties": {"clase": "autopista", "nombre": "Acceso Norte", "osm_way": 27653682, "fuente": "OpenStreetMap vía Overpass"}}, {"type": "Feature", "geometry": {"type": "LineString", "coordinates": [[-58.6039828, -34.486492], [-58.6050055, -34.4864728], [-58.606096, -34.486389], [-58.6084052, -34.4861257], [-58.6106428, -34.4858336], [-58.6143667, -34.4853088]]}, "properties": {"clase": "autopista", "nombre": "Acceso Norte", "osm_way": 27653684, "fuente": "OpenStreetMap vía Overpass"}}, {"type": "Feature", "geometry": {"type": "LineString", "coordinates": [[-58.5590607, -34.493809], [-58.5581923, -34.4941519]]}, "properties": {"clase": "autopista", "nombre": "Acceso Norte", "osm_way": 28797256, "fuente": "OpenStreetMap vía Overpass"}}, {"type": "Feature", "geometry": {"type": "LineString", "coordinates": [[-58.5564869, -34.4949201], [-58.5553538, -34.4955619], [-58.5552243, -34.4956433], [-58.555052, -34.4957545], [-58.554479, -34.4961432], [-58.5538483, -34.4966483]]}, "properties": {"clase": "autopista", "nombre": "Acceso Norte", "osm_way": 28797258, "fuente": "OpenStreetMap vía Overpass"}}, {"type": "Feature", "geometry": {"type": "LineString", "coordinates": [[-58.5669576, -34.4713299], [-58.5667662, -34.4716619]]}, "properties": {"clase": "autopista", "nombre": "Acceso Norte Ramal Tigre", "osm_way": 28798886, "fuente": "OpenStreetMap vía Overpass"}}, {"type": "Feature", "geometry": {"type": "LineString", "coordinates": [[-58.5667662, -34.4716619], [-58.5658385, -34.4732014]]}, "properties": {"clase": "autopista", "nombre": "Acceso Norte Ramal Tigre", "osm_way": 28798887, "fuente": "OpenStreetMap vía Overpass"}}, {"type": "Feature", "geometry": {"type": "LineString", "coordinates": [[-58.5666517, -34.4716072], [-58.5668456, -34.4712786]]}, "properties": {"clase": "autopista", "nombre": "Acceso Norte Ramal Tigre", "osm_way": 28798888, "fuente": "OpenStreetMap vía Overpass"}}, {"type": "Feature", "geometry": {"type": "LineString", "coordinates": [[-58.5668456, -34.4712786], [-58.5677337, -34.4697218]]}, "properties": {"clase": "autopista", "nombre": "Acceso Norte Ramal Tigre", "osm_way": 28798889, "fuente": "OpenStreetMap vía Overpass"}}, {"type": "Feature", "geometry": {"type": "LineString", "coordinates": [[-58.568442, -34.46877], [-58.5679968, -34.4695362]]}, "properties": {"clase": "autopista", "nombre": "Acceso Norte Ramal Tigre", "osm_way": 28798890, "fuente": "OpenStreetMap vía Overpass"}}, {"type": "Feature", "geometry": {"type": "LineString", "coordinates": [[-58.5679968, -34.4695362], [-58.5678559, -34.4697712]]}, "properties": {"clase": "autopista", "nombre": "Acceso Norte Ramal Tigre", "osm_way": 28798891, "fuente": "OpenStreetMap vía Overpass"}}, {"type": "Feature", "geometry": {"type": "LineString", "coordinates": [[-58.567871, -34.4694877], [-58.5683349, -34.4687088]]}, "properties": {"clase": "autopista", "nombre": "Acceso Norte Ramal Tigre", "osm_way": 28798892, "fuente": "OpenStreetMap vía Overpass"}}, {"type": "Feature", "geometry": {"type": "LineString", "coordinates": [[-58.5683349, -34.4687088], [-58.5683526, -34.4686767], [-58.5688725, -34.4677892], [-58.5691375, -34.4673302]]}, "properties": {"clase": "autopista", "nombre": "Acceso Norte Ramal Tigre", "osm_way": 28798893, "fuente": "OpenStreetMap vía Overpass"}}, {"type": "Feature", "geometry": {"type": "LineString", "coordinates": [[-58.5798191, -34.4442651], [-58.5795291, -34.4446442]]}, "properties": {"clase": "autopista", "nombre": "Ramal Tigre", "osm_way": 28800971, "fuente": "OpenStreetMap vía Overpass"}}, {"type": "Feature", "geometry": {"type": "LineString", "coordinates": [[-58.5794174, -34.4445847], [-58.5797085, -34.4441969]]}, "properties": {"clase": "autopista", "nombre": "Ramal Tigre", "osm_way": 28800973, "fuente": "OpenStreetMap vía Overpass"}}, {"type": "Feature", "geometry": {"type": "LineString", "coordinates": [[-58.5797085, -34.4441969], [-58.5803379, -34.4433943], [-58.580722, -34.4429214]]}, "properties": {"clase": "autopista", "nombre": "Acceso Norte Ramal Tigre", "osm_way": 28800974, "fuente": "OpenStreetMap vía Overpass"}}, {"type": "Feature", "geometry": {"type": "LineString", "coordinates": [[-58.6386807, -34.4814991], [-58.6338897, -34.4824637], [-58.6314646, -34.4829416], [-58.6289913, -34.4833802], [-58.6264991, -34.4837758], [-58.6234932, -34.4842004], [-58.6207694, -34.4845842], [-58.6184506, -34.484911]]}, "properties": {"clase": "autopista", "nombre": "Acceso Norte", "osm_way": 28963983, "fuente": "OpenStreetMap vía Overpass"}}, {"type": "Feature", "geometry": {"type": "LineString", "coordinates": [[-58.6243131, -34.4549877], [-58.6240853, -34.4549275], [-58.6239256, -34.4548934], [-58.6198043, -34.4540262]]}, "properties": {"clase": "avenida", "nombre": "", "osm_way": 29086677, "fuente": "OpenStreetMap vía Overpass"}}, {"type": "Feature", "geometry": {"type": "LineString", "coordinates": [[-58.6060032, -34.4746688], [-58.6068845, -34.474601]]}, "properties": {"clase": "ferrocarril", "nombre": "FC Mitre", "osm_way": 29086679, "fuente": "OpenStreetMap vía Overpass"}}, {"type": "Feature", "geometry": {"type": "LineString", "coordinates": [[-58.6068845, -34.474601], [-58.6100773, -34.4743981], [-58.6111214, -34.4743245]]}, "properties": {"clase": "ferrocarril", "nombre": "FC Mitre", "osm_way": 29086680, "fuente": "OpenStreetMap vía Overpass"}}, {"type": "Feature", "geometry": {"type": "LineString", "coordinates": [[-58.6146105, -34.485449], [-58.6106854, -34.4860014], [-58.6083182, -34.486326]]}, "properties": {"clase": "autopista", "nombre": "Acceso Norte", "osm_way": 29376671, "fuente": "OpenStreetMap vía Overpass"}}, {"type": "Feature", "geometry": {"type": "LineString", "coordinates": [[-58.5587824, -34.4937111], [-58.5595079, -34.4934445]]}, "properties": {"clase": "autopista", "nombre": "Acceso Norte", "osm_way": 29376674, "fuente": "OpenStreetMap vía Overpass"}}, {"type": "Feature", "geometry": {"type": "LineString", "coordinates": [[-58.5749817, -34.5357828], [-58.5752772, -34.5354892], [-58.5763005, -34.5344335]]}, "properties": {"clase": "ferrocarril", "nombre": "FC Mitre", "osm_way": 30557636, "fuente": "OpenStreetMap vía Overpass"}}, {"type": "Feature", "geometry": {"type": "LineString", "coordinates": [[-58.5900434, -34.5060326], [-58.5895734, -34.5060606]]}, "properties": {"clase": "ferrocarril", "nombre": "FC Belgrano", "osm_way": 30558891, "fuente": "OpenStreetMap vía Overpass"}}, {"type": "Feature", "geometry": {"type": "LineString", "coordinates": [[-58.5917848, -34.5059203], [-58.5900434, -34.5060326]]}, "properties": {"clase": "ferrocarril", "nombre": "FC Belgrano", "osm_way": 30558893, "fuente": "OpenStreetMap vía Overpass"}}, {"type": "Feature", "geometry": {"type": "LineString", "coordinates": [[-58.5921504, -34.5059053], [-58.5917848, -34.5059203]]}, "properties": {"clase": "ferrocarril", "nombre": "FC Belgrano", "osm_way": 30558897, "fuente": "OpenStreetMap vía Overpass"}}, {"type": "Feature", "geometry": {"type": "LineString", "coordinates": [[-58.5958922, -34.5056617], [-58.5921504, -34.5059053]]}, "properties": {"clase": "ferrocarril", "nombre": "FC Belgrano", "osm_way": 30558900, "fuente": "OpenStreetMap vía Overpass"}}, {"type": "Feature", "geometry": {"type": "LineString", "coordinates": [[-58.6020353, -34.4795893], [-58.6022397, -34.4797485], [-58.6022999, -34.4797953]]}, "properties": {"clase": "avenida", "nombre": "Avenida Hipólito Yrigoyen", "osm_way": 30964206, "fuente": "OpenStreetMap vía Overpass"}}, {"type": "Feature", "geometry": {"type": "LineString", "coordinates": [[-58.6022999, -34.4797953], [-58.6025248, -34.4799458], [-58.6026516, -34.4800163], [-58.6026956, -34.4800426], [-58.6027778, -34.480086], [-58.6029063, -34.4801363], [-58.6030458, -34.4801847], [-58.6031569, -34.4802111], [-58.6032875, -34.4802417]]}, "properties": {"clase": "avenida", "nombre": "Avenida Hipólito Yrigoyen", "osm_way": 30964925, "fuente": "OpenStreetMap vía Overpass"}}, {"type": "Feature", "geometry": {"type": "LineString", "coordinates": [[-58.5544233, -34.4980159], [-58.5542388, -34.4981029], [-58.5540575, -34.4982156], [-58.5540195, -34.4982351], [-58.5538578, -34.4982991], [-58.5501349, -34.4993958], [-58.549711, -34.49953], [-58.5491484, -34.4997261], [-58.5482776, -34.500047], [-58.5474422, -34.500364], [-58.5467969, -34.5006098], [-58.544064, -34.5018387], [-58.5424172, -34.5026314]]}, "properties": {"clase": "autopista", "nombre": "Colectora Acceso Norte", "osm_way": 31146119, "fuente": "OpenStreetMap vía Overpass"}}, {"type": "Feature", "geometry": {"type": "LineString", "coordinates": [[-58.4679531, -34.5341815], [-58.4675743, -34.5340997]]}, "properties": {"clase": "ferrocarril", "nombre": "FC Belgrano", "osm_way": 36102358, "fuente": "OpenStreetMap vía Overpass"}}, {"type": "Feature", "geometry": {"type": "LineString", "coordinates": [[-58.4687564, -34.5343784], [-58.4679531, -34.5341815]]}, "properties": {"clase": "ferrocarril", "nombre": "FC Belgrano", "osm_way": 36102359, "fuente": "OpenStreetMap vía Overpass"}}, {"type": "Feature", "geometry": {"type": "LineString", "coordinates": [[-58.4549359, -34.5398892], [-58.4547284, -34.5399856], [-58.454576, -34.5400493], [-58.4544205, -34.5401118], [-58.4541411, -34.5402118], [-58.4538172, -34.5403103], [-58.4525608, -34.5406298], [-58.4523578, -34.5406889], [-58.4521788, -34.5407441], [-58.4519458, -34.5408262], [-58.4517282, -34.5409132], [-58.4515194, -34.5410026], [-58.4512782, -34.5411164], [-58.4511315, -34.5411952], [-58.4477541, -34.5430558], [-58.4463268, -34.5438471], [-58.4455244, -34.544289], [-58.4436217, -34.5453249], [-58.4409, -34.5468313], [-58.4397171, -34.5474744], [-58.4369443, -34.5490028], [-58.4366973, -34.5491448], [-58.4330926, -34.5511235], [-58.4324521, -34.551479], [-58.4312971, -34.5521802], [-58.4307374, -34.5524966], [-58.430188, -34.5528099], [-58.4292455, -34.553329], [-58.42854, -34.5537175], [-58.428124, -34.5539575], [-58.4277485, -34.5541773], [-58.4270968, -34.5545793], [-58.4266472, -34.5548641], [-58.4261674, -34.555178], [-58.4203056, -34.5591291], [-58.4196322, -34.5595937], [-58.4192861, -34.5598662], [-58.4191132, -34.559999], [-58.418908, -34.5601724], [-58.4180389, -34.5609853], [-58.4173441, -34.5616492], [-58.4171471, -34.5618202], [-58.4169566, -34.5619671], [-58.4167501, -34.5621317], [-58.4165276, -34.5622941], [-58.4159392, -34.5626986]]}, "properties": {"clase": "ferrocarril", "nombre": "FC Belgrano", "osm_way": 37810720, "fuente": "OpenStreetMap vía Overpass"}}, {"type": "Feature", "geometry": {"type": "LineString", "coordinates": [[-58.5822111, -34.5267377], [-58.5820866, -34.5269099], [-58.5819511, -34.527133]]}, "properties": {"clase": "ferrocarril", "nombre": "", "osm_way": 39583538, "fuente": "OpenStreetMap vía Overpass"}}, {"type": "Feature", "geometry": {"type": "LineString", "coordinates": [[-58.5132698, -34.5211259], [-58.512837, -34.5216039], [-58.5124571, -34.5220404], [-58.5120814, -34.5224845], [-58.5116651, -34.5230317]]}, "properties": {"clase": "autopista", "nombre": "Colectora Acceso Norte", "osm_way": 40020504, "fuente": "OpenStreetMap vía Overpass"}}, {"type": "Feature", "geometry": {"type": "LineString", "coordinates": [[-58.5848559, -34.4373819], [-58.5853552, -34.4366706], [-58.5856095, -34.436395], [-58.5859216, -34.4361093]]}, "properties": {"clase": "autopista", "nombre": "Ramal Tigre", "osm_way": 40034324, "fuente": "OpenStreetMap vía Overpass"}}, {"type": "Feature", "geometry": {"type": "LineString", "coordinates": [[-58.5838132, -34.4397711], [-58.5829529, -34.4406164], [-58.5826468, -34.440951]]}, "properties": {"clase": "autopista", "nombre": "Acceso Norte Ramal Tigre", "osm_way": 40034334, "fuente": "OpenStreetMap vía Overpass"}}, {"type": "Feature", "geometry": {"type": "LineString", "coordinates": [[-58.4940051, -34.5219932], [-58.4940309, -34.5221485]]}, "properties": {"clase": "ferrocarril", "nombre": "FC Mitre", "osm_way": 40102512, "fuente": "OpenStreetMap vía Overpass"}}, {"type": "Feature", "geometry": {"type": "LineString", "coordinates": [[-58.4891587, -34.5149749], [-58.4899284, -34.5158819], [-58.4903318, -34.5163654]]}, "properties": {"clase": "ferrocarril", "nombre": "FC Mitre", "osm_way": 40102513, "fuente": "OpenStreetMap vía Overpass"}}, {"type": "Feature", "geometry": {"type": "LineString", "coordinates": [[-58.6050623, -34.4747333], [-58.6060032, -34.4746688]]}, "properties": {"clase": "ferrocarril", "nombre": "FC Mitre", "osm_way": 40132723, "fuente": "OpenStreetMap vía Overpass"}}, {"type": "Feature", "geometry": {"type": "LineString", "coordinates": [[-58.6042206, -34.474785], [-58.6050623, -34.4747333]]}, "properties": {"clase": "ferrocarril", "nombre": "FC Mitre", "osm_way": 40132724, "fuente": "OpenStreetMap vía Overpass"}}, {"type": "Feature", "geometry": {"type": "LineString", "coordinates": [[-58.6070158, -34.4739796], [-58.6071115, -34.4738233], [-58.6084692, -34.4716045]]}, "properties": {"clase": "ferrocarril", "nombre": "FC Mitre", "osm_way": 40132727, "fuente": "OpenStreetMap vía Overpass"}}, {"type": "Feature", "geometry": {"type": "LineString", "coordinates": [[-58.6067681, -34.4743744], [-58.6070158, -34.4739796]]}, "properties": {"clase": "ferrocarril", "nombre": "FC Mitre", "osm_way": 40132728, "fuente": "OpenStreetMap vía Overpass"}}, {"type": "Feature", "geometry": {"type": "LineString", "coordinates": [[-58.5227376, -34.5117577], [-58.5250049, -34.5104774]]}, "properties": {"clase": "autopista", "nombre": "Colectora Acceso Norte", "osm_way": 43946475, "fuente": "OpenStreetMap vía Overpass"}}, {"type": "Feature", "geometry": {"type": "LineString", "coordinates": [[-58.5235747, -34.5115804], [-58.5241498, -34.511204], [-58.5247452, -34.510839], [-58.5252642, -34.5105295], [-58.5253844, -34.5104616]]}, "properties": {"clase": "autopista", "nombre": "Acceso Norte", "osm_way": 43946476, "fuente": "OpenStreetMap vía Overpass"}}, {"type": "Feature", "geometry": {"type": "LineString", "coordinates": [[-58.5240789, -34.5115433], [-58.522993, -34.5122474], [-58.5224837, -34.512635], [-58.522005, -34.512989], [-58.5212438, -34.5135898], [-58.5198688, -34.5146597]]}, "properties": {"clase": "autopista", "nombre": "Acceso Norte", "osm_way": 43946477, "fuente": "OpenStreetMap vía Overpass"}}, {"type": "Feature", "geometry": {"type": "LineString", "coordinates": [[-58.5237726, -34.512083], [-58.5235741, -34.512296]]}, "properties": {"clase": "autopista", "nombre": "Colectora Acceso Norte", "osm_way": 43946478, "fuente": "OpenStreetMap vía Overpass"}}, {"type": "Feature", "geometry": {"type": "LineString", "coordinates": [[-58.5662323, -34.5094499], [-58.5663406, -34.5096066], [-58.5664185, -34.5098159]]}, "properties": {"clase": "avenida", "nombre": "Avenida Avelino Rolón", "osm_way": 47081290, "fuente": "OpenStreetMap vía Overpass"}}, {"type": "Feature", "geometry": {"type": "LineString", "coordinates": [[-58.5675856, -34.5127776], [-58.5672268, -34.5118705], [-58.567185, -34.5117612]]}, "properties": {"clase": "avenida", "nombre": "Avenida Avelino Rolón", "osm_way": 47081293, "fuente": "OpenStreetMap vía Overpass"}}, {"type": "Feature", "geometry": {"type": "LineString", "coordinates": [[-58.5670629, -34.5114554], [-58.566782, -34.5107713]]}, "properties": {"clase": "avenida", "nombre": "Avenida Avelino Rolón", "osm_way": 47083993, "fuente": "OpenStreetMap vía Overpass"}}, {"type": "Feature", "geometry": {"type": "LineString", "coordinates": [[-58.4804746, -34.5057343], [-58.4805, -34.5056691], [-58.4809021, -34.5046347]]}, "properties": {"clase": "avenida", "nombre": "Avenida del Libertador", "osm_way": 47304458, "fuente": "OpenStreetMap vía Overpass"}}, {"type": "Feature", "geometry": {"type": "LineString", "coordinates": [[-58.4648485, -34.5390757], [-58.4648959, -34.5389982], [-58.4649194, -34.5389596], [-58.4650727, -34.5387086], [-58.4652724, -34.5383819], [-58.4653223, -34.5383021]]}, "properties": {"clase": "avenida", "nombre": "Avenida Del Libertador", "osm_way": 47308585, "fuente": "OpenStreetMap vía Overpass"}}, {"type": "Feature", "geometry": {"type": "LineString", "coordinates": [[-58.4669343, -34.5356733], [-58.4671316, -34.5353299], [-58.4673251, -34.5349891]]}, "properties": {"clase": "avenida", "nombre": "Avenida Del Libertador", "osm_way": 47308740, "fuente": "OpenStreetMap vía Overpass"}}, {"type": "Feature", "geometry": {"type": "LineString", "coordinates": [[-58.4460159, -34.5437751], [-58.4464183, -34.5435511], [-58.4469296, -34.5432328], [-58.4477609, -34.5427], [-58.4484761, -34.542287], [-58.448934, -34.5420376], [-58.4491692, -34.5419063], [-58.4511243, -34.5408245]]}, "properties": {"clase": "autopista", "nombre": "Avenida Intendente Cantilo", "osm_way": 47371227, "fuente": "OpenStreetMap vía Overpass"}}, {"type": "Feature", "geometry": {"type": "LineString", "coordinates": [[-58.4492664, -34.5426279], [-58.4491976, -34.5426669], [-58.4489256, -34.5428141]]}, "properties": {"clase": "autopista", "nombre": "Avenida Leopoldo Lugones", "osm_way": 47371228, "fuente": "OpenStreetMap vía Overpass"}}, {"type": "Feature", "geometry": {"type": "LineString", "coordinates": [[-58.4426866, -34.5456233], [-58.4460159, -34.5437751]]}, "properties": {"clase": "autopista", "nombre": "Avenida Intendente Cantilo", "osm_way": 47371254, "fuente": "OpenStreetMap vía Overpass"}}, {"type": "Feature", "geometry": {"type": "LineString", "coordinates": [[-58.5703523, -34.5213065], [-58.5701549, -34.5208318], [-58.5700969, -34.5206907], [-58.569914, -34.5202421], [-58.5698589, -34.5201072], [-58.5696491, -34.5195953], [-58.5696153, -34.5195186], [-58.5692712, -34.5186952], [-58.5691739, -34.5184419], [-58.5687431, -34.5174127]]}, "properties": {"clase": "avenida", "nombre": "Diagonal 190 - Brigadier General Juan Manuel de Rosas", "osm_way": 47413129, "fuente": "OpenStreetMap vía Overpass"}}, {"type": "Feature", "geometry": {"type": "LineString", "coordinates": [[-58.5747436, -34.5300301], [-58.5742099, -34.529018]]}, "properties": {"clase": "avenida", "nombre": "Diagonal 190 - Brigadier General Juan Manuel de Rosas", "osm_way": 47413147, "fuente": "OpenStreetMap vía Overpass"}}, {"type": "Feature", "geometry": {"type": "LineString", "coordinates": [[-58.5726096, -34.5260425], [-58.5722662, -34.5254736], [-58.5720976, -34.5251877], [-58.5718288, -34.5247484], [-58.5716822, -34.5245073], [-58.5716396, -34.5244332], [-58.5715969, -34.5243561]]}, "properties": {"clase": "avenida", "nombre": "Diagonal 190 - Brigadier General Juan Manuel de Rosas", "osm_way": 47413544, "fuente": "OpenStreetMap vía Overpass"}}, {"type": "Feature", "geometry": {"type": "LineString", "coordinates": [[-58.5876266, -34.4879664], [-58.5855893, -34.4881346]]}, "properties": {"clase": "autopista", "nombre": "Acceso Norte", "osm_way": 47413545, "fuente": "OpenStreetMap vía Overpass"}}, {"type": "Feature", "geometry": {"type": "LineString", "coordinates": [[-58.5823303, -34.4412978], [-58.5817568, -34.4419179], [-58.581121, -34.4426482]]}, "properties": {"clase": "autopista", "nombre": "Acceso Norte Ramal Tigre", "osm_way": 47453877, "fuente": "OpenStreetMap vía Overpass"}}, {"type": "Feature", "geometry": {"type": "LineString", "coordinates": [[-58.5821874, -34.4412573], [-58.5825131, -34.4409127]]}, "properties": {"clase": "autopista", "nombre": "Acceso Norte Ramal Tigre", "osm_way": 47453878, "fuente": "OpenStreetMap vía Overpass"}}, {"type": "Feature", "geometry": {"type": "LineString", "coordinates": [[-58.5825131, -34.4409127], [-58.5828347, -34.4405635], [-58.5833081, -34.4400274], [-58.5834515, -34.4398548], [-58.583614, -34.4396373]]}, "properties": {"clase": "autopista", "nombre": "Acceso Norte Ramal Tigre", "osm_way": 47453879, "fuente": "OpenStreetMap vía Overpass"}}, {"type": "Feature", "geometry": {"type": "LineString", "coordinates": [[-58.5826468, -34.440951], [-58.5823303, -34.4412978]]}, "properties": {"clase": "autopista", "nombre": "Acceso Norte Ramal Tigre", "osm_way": 47453880, "fuente": "OpenStreetMap vía Overpass"}}, {"type": "Feature", "geometry": {"type": "LineString", "coordinates": [[-58.4910832, -34.5457317], [-58.4913987, -34.5458952], [-58.4922287, -34.5462651]]}, "properties": {"clase": "autopista", "nombre": "Avenida General Paz", "osm_way": 48395657, "fuente": "OpenStreetMap vía Overpass"}}, {"type": "Feature", "geometry": {"type": "LineString", "coordinates": [[-58.4884555, -34.5445243], [-58.4891346, -34.5448527], [-58.4904986, -34.5454767], [-58.4910832, -34.5457317]]}, "properties": {"clase": "autopista", "nombre": "Avenida General Paz", "osm_way": 48395661, "fuente": "OpenStreetMap vía Overpass"}}, {"type": "Feature", "geometry": {"type": "LineString", "coordinates": [[-58.5795291, -34.4446442], [-58.5784349, -34.4462111]]}, "properties": {"clase": "autopista", "nombre": "Ramal Tigre", "osm_way": 50825395, "fuente": "OpenStreetMap vía Overpass"}}, {"type": "Feature", "geometry": {"type": "LineString", "coordinates": [[-58.5691375, -34.4673302], [-58.5697791, -34.4661082], [-58.5700775, -34.4655004], [-58.5702072, -34.4652448]]}, "properties": {"clase": "autopista", "nombre": "Acceso Norte Ramal Tigre", "osm_way": 50829064, "fuente": "OpenStreetMap vía Overpass"}}, {"type": "Feature", "geometry": {"type": "LineString", "coordinates": [[-58.5710468, -34.4637538], [-58.5706549, -34.4646605], [-58.5703833, -34.4652166], [-58.569873, -34.4662415], [-58.5692559, -34.4673795]]}, "properties": {"clase": "autopista", "nombre": "Acceso Norte Ramal Tigre", "osm_way": 50829067, "fuente": "OpenStreetMap vía Overpass"}}, {"type": "Feature", "geometry": {"type": "LineString", "coordinates": [[-58.5577118, -34.4921566], [-58.5576089, -34.4924779], [-58.5575403, -34.4927334]]}, "properties": {"clase": "autopista", "nombre": "Acceso Norte Ramal Tigre", "osm_way": 53083070, "fuente": "OpenStreetMap vía Overpass"}}, {"type": "Feature", "geometry": {"type": "LineString", "coordinates": [[-58.5578766, -34.491644], [-58.557714, -34.4921496]]}, "properties": {"clase": "autopista", "nombre": "Acceso Norte Ramal Tigre", "osm_way": 53083071, "fuente": "OpenStreetMap vía Overpass"}}, {"type": "Feature", "geometry": {"type": "LineString", "coordinates": [[-58.5577516, -34.4915485], [-58.5578026, -34.4914256], [-58.5578411, -34.4913205], [-58.558181, -34.4903568], [-58.558373, -34.4897871]]}, "properties": {"clase": "autopista", "nombre": "Acceso Norte Ramal Tigre", "osm_way": 53083072, "fuente": "OpenStreetMap vía Overpass"}}, {"type": "Feature", "geometry": {"type": "LineString", "coordinates": [[-58.5588384, -34.4884229], [-58.5590037, -34.4879718]]}, "properties": {"clase": "autopista", "nombre": "Acceso Norte Ramal Tigre", "osm_way": 53151436, "fuente": "OpenStreetMap vía Overpass"}}, {"type": "Feature", "geometry": {"type": "LineString", "coordinates": [[-58.5587054, -34.4888008], [-58.5588384, -34.4884229]]}, "properties": {"clase": "autopista", "nombre": "Acceso Norte Ramal Tigre", "osm_way": 53151438, "fuente": "OpenStreetMap vía Overpass"}}, {"type": "Feature", "geometry": {"type": "LineString", "coordinates": [[-58.5589742, -34.4884524], [-58.5588485, -34.4888232]]}, "properties": {"clase": "autopista", "nombre": "Acceso Norte Ramal Tigre", "osm_way": 53151439, "fuente": "OpenStreetMap vía Overpass"}}, {"type": "Feature", "geometry": {"type": "LineString", "coordinates": [[-58.5588485, -34.4888232], [-58.5588377, -34.488855], [-58.5583763, -34.490212], [-58.5578766, -34.491644]]}, "properties": {"clase": "autopista", "nombre": "Acceso Norte Ramal Tigre", "osm_way": 53151440, "fuente": "OpenStreetMap vía Overpass"}}, {"type": "Feature", "geometry": {"type": "LineString", "coordinates": [[-58.4619479, -34.5346605], [-58.4621992, -34.5344844], [-58.4624167, -34.5344105], [-58.4626969, -34.5343247], [-58.4629421, -34.534276], [-58.463308, -34.5342353], [-58.4634779, -34.5342242], [-58.4636251, -34.5342248], [-58.4638168, -34.5342295], [-58.4640219, -34.534237]]}, "properties": {"clase": "autopista", "nombre": "Avenida General Paz", "osm_way": 53208958, "fuente": "OpenStreetMap vía Overpass"}}, {"type": "Feature", "geometry": {"type": "LineString", "coordinates": [[-58.4652044, -34.5345019], [-58.4654995, -34.5345753]]}, "properties": {"clase": "autopista", "nombre": "Avenida General Paz", "osm_way": 53208972, "fuente": "OpenStreetMap vía Overpass"}}, {"type": "Feature", "geometry": {"type": "LineString", "coordinates": [[-58.4615428, -34.5348722], [-58.4617828, -34.5347379], [-58.4619479, -34.5346605]]}, "properties": {"clase": "autopista", "nombre": "Avenida Intendente Cantilo", "osm_way": 53208977, "fuente": "OpenStreetMap vía Overpass"}}, {"type": "Feature", "geometry": {"type": "LineString", "coordinates": [[-58.4655124, -34.5348495], [-58.4653747, -34.5348163], [-58.4651096, -34.5347373], [-58.4647288, -34.534641], [-58.464154, -34.53463]]}, "properties": {"clase": "autopista", "nombre": "Avenida General Paz", "osm_way": 53226819, "fuente": "OpenStreetMap vía Overpass"}}, {"type": "Feature", "geometry": {"type": "LineString", "coordinates": [[-58.4685388, -34.5360194], [-58.4683221, -34.5359114]]}, "properties": {"clase": "autopista", "nombre": "Avenida General Paz", "osm_way": 53226831, "fuente": "OpenStreetMap vía Overpass"}}, {"type": "Feature", "geometry": {"type": "LineString", "coordinates": [[-58.4736125, -34.5378853], [-58.4740373, -34.5380433], [-58.4744485, -34.5381988]]}, "properties": {"clase": "autopista", "nombre": "Avenida General Paz", "osm_way": 53242364, "fuente": "OpenStreetMap vía Overpass"}}, {"type": "Feature", "geometry": {"type": "LineString", "coordinates": [[-58.4735581, -34.5380111], [-58.4730651, -34.5378364], [-58.4724456, -34.5375745], [-58.4720202, -34.5374051]]}, "properties": {"clase": "autopista", "nombre": "Avenida General Paz", "osm_way": 53242371, "fuente": "OpenStreetMap vía Overpass"}}, {"type": "Feature", "geometry": {"type": "LineString", "coordinates": [[-58.4777121, -34.5396911], [-58.4788647, -34.5402971], [-58.4793476, -34.5405288]]}, "properties": {"clase": "autopista", "nombre": "Avenida General Paz", "osm_way": 53242377, "fuente": "OpenStreetMap vía Overpass"}}, {"type": "Feature", "geometry": {"type": "LineString", "coordinates": [[-58.4776315, -34.5398177], [-58.4771975, -34.5395963]]}, "properties": {"clase": "autopista", "nombre": "Avenida General Paz", "osm_way": 53242382, "fuente": "OpenStreetMap vía Overpass"}}, {"type": "Feature", "geometry": {"type": "LineString", "coordinates": [[-58.4702493, -34.5364772], [-58.4708806, -34.5367521], [-58.4717275, -34.5371121], [-58.4725637, -34.5374686]]}, "properties": {"clase": "autopista", "nombre": "Avenida General Paz", "osm_way": 53242401, "fuente": "OpenStreetMap vía Overpass"}}, {"type": "Feature", "geometry": {"type": "LineString", "coordinates": [[-58.4701763, -34.5365986], [-58.4698308, -34.5364476]]}, "properties": {"clase": "autopista", "nombre": "Avenida General Paz", "osm_way": 53242410, "fuente": "OpenStreetMap vía Overpass"}}, {"type": "Feature", "geometry": {"type": "LineString", "coordinates": [[-58.4762087, -34.5395739], [-58.4755739, -34.539297], [-58.4749344, -34.5390126]]}, "properties": {"clase": "autopista", "nombre": "Avenida General Paz", "osm_way": 53245788, "fuente": "OpenStreetMap vía Overpass"}}, {"type": "Feature", "geometry": {"type": "LineString", "coordinates": [[-58.4749344, -34.5390126], [-58.474345, -34.5387671], [-58.4734718, -34.538341], [-58.4731156, -34.5381525], [-58.4728822, -34.5380236], [-58.4725892, -34.5378439], [-58.4724126, -34.5377426], [-58.4722129, -34.5376337], [-58.4718552, -34.5374529], [-58.4712181, -34.5371739], [-58.4707468, -34.5369744], [-58.4701143, -34.5367014]]}, "properties": {"clase": "autopista", "nombre": "Avenida General Paz", "osm_way": 53245792, "fuente": "OpenStreetMap vía Overpass"}}, {"type": "Feature", "geometry": {"type": "LineString", "coordinates": [[-58.4754661, -34.5381917], [-58.4760865, -34.538459], [-58.4767283, -34.5387489]]}, "properties": {"clase": "autopista", "nombre": "Avenida General Paz", "osm_way": 53245818, "fuente": "OpenStreetMap vía Overpass"}}, {"type": "Feature", "geometry": {"type": "LineString", "coordinates": [[-58.4947703, -34.5474895], [-58.494354, -34.5473071]]}, "properties": {"clase": "autopista", "nombre": "Avenida General Paz", "osm_way": 53246828, "fuente": "OpenStreetMap vía Overpass"}}, {"type": "Feature", "geometry": {"type": "LineString", "coordinates": [[-58.4922287, -34.5462651], [-58.4924872, -34.5463692], [-58.4927446, -34.5464729]]}, "properties": {"clase": "autopista", "nombre": "Avenida General Paz", "osm_way": 53246841, "fuente": "OpenStreetMap vía Overpass"}}, {"type": "Feature", "geometry": {"type": "LineString", "coordinates": [[-58.4939543, -34.544404], [-58.4936602, -34.5443659]]}, "properties": {"clase": "ferrocarril", "nombre": "FC Belgrano", "osm_way": 53246844, "fuente": "OpenStreetMap vía Overpass"}}, {"type": "Feature", "geometry": {"type": "LineString", "coordinates": [[-58.5063698, -34.5405287], [-58.5050461, -34.5411976], [-58.5035478, -34.5419474], [-58.5029371, -34.5422631], [-58.5024628, -34.5425083], [-58.502371, -34.5425567], [-58.501772, -34.5428723], [-58.5014274, -34.5430413], [-58.5010559, -34.5432285], [-58.5006394, -34.543424], [-58.5004485, -34.5435047], [-58.5002701, -34.5435809], [-58.5001749, -34.5436174], [-58.4999174, -34.5437179], [-58.4996625, -34.5438072], [-58.4992925, -34.5439244], [-58.4988273, -34.5440577], [-58.49869, -34.5440896], [-58.4983671, -34.5441642]]}, "properties": {"clase": "ferrocarril", "nombre": "FC Belgrano", "osm_way": 53246845, "fuente": "OpenStreetMap vía Overpass"}}, {"type": "Feature", "geometry": {"type": "LineString", "coordinates": [[-58.4916405, -34.5467943], [-58.4915435, -34.5467412], [-58.4912957, -34.5466146], [-58.4911425, -34.5465435], [-58.4909165, -34.5464513]]}, "properties": {"clase": "autopista", "nombre": "Avenida General Paz", "osm_way": 53247142, "fuente": "OpenStreetMap vía Overpass"}}, {"type": "Feature", "geometry": {"type": "LineString", "coordinates": [[-58.51654, -34.517321], [-58.5175328, -34.5163608], [-58.5183306, -34.5156166], [-58.5190081, -34.5150448]]}, "properties": {"clase": "autopista", "nombre": "Acceso Norte", "osm_way": 53354083, "fuente": "OpenStreetMap vía Overpass"}}, {"type": "Feature", "geometry": {"type": "LineString", "coordinates": [[-58.5152392, -34.5189021], [-58.5147825, -34.5193459], [-58.514543, -34.5195755], [-58.5142893, -34.5198187], [-58.5137897, -34.520314], [-58.5133159, -34.5207947], [-58.5128385, -34.5212994], [-58.5125847, -34.5215739], [-58.5122964, -34.52191], [-58.5118563, -34.5224458], [-58.5116486, -34.5227081], [-58.5114333, -34.5229945], [-58.511227, -34.5232734], [-58.5109665, -34.5236327]]}, "properties": {"clase": "autopista", "nombre": "Acceso Norte", "osm_way": 53354084, "fuente": "OpenStreetMap vía Overpass"}}, {"type": "Feature", "geometry": {"type": "LineString", "coordinates": [[-58.5056313, -34.5309979], [-58.5054091, -34.5313044], [-58.5051152, -34.5317325], [-58.5036579, -34.5338555], [-58.5025307, -34.5354953], [-58.5005792, -34.5383089]]}, "properties": {"clase": "autopista", "nombre": "Acceso Norte", "osm_way": 53354085, "fuente": "OpenStreetMap vía Overpass"}}, {"type": "Feature", "geometry": {"type": "LineString", "coordinates": [[-58.5107444, -34.5235311], [-58.511349, -34.5227103], [-58.5119939, -34.5219056], [-58.5123003, -34.5215466], [-58.5126115, -34.521207], [-58.5129894, -34.5207919], [-58.5132621, -34.5205116], [-58.5135707, -34.5202007], [-58.5143823, -34.5194102], [-58.5145855, -34.5192122], [-58.5150289, -34.5187831]]}, "properties": {"clase": "autopista", "nombre": "Acceso Norte", "osm_way": 53354086, "fuente": "OpenStreetMap vía Overpass"}}, {"type": "Feature", "geometry": {"type": "LineString", "coordinates": [[-58.5235741, -34.512296], [-58.52317, -34.5127453], [-58.5228877, -34.5130154], [-58.5227101, -34.5131707], [-58.5224562, -34.5133667], [-58.5222453, -34.5135121], [-58.5219885, -34.5136717], [-58.5210049, -34.5141892], [-58.5206831, -34.5143848]]}, "properties": {"clase": "autopista", "nombre": "Colectora Acceso Norte", "osm_way": 53354141, "fuente": "OpenStreetMap vía Overpass"}}, {"type": "Feature", "geometry": {"type": "LineString", "coordinates": [[-58.5315562, -34.5078747], [-58.530716, -34.5082893], [-58.5304368, -34.5084336], [-58.5286737, -34.5093628], [-58.5281705, -34.5096271], [-58.5275677, -34.5099274]]}, "properties": {"clase": "autopista", "nombre": "Colectora Acceso Norte", "osm_way": 53354142, "fuente": "OpenStreetMap vía Overpass"}}, {"type": "Feature", "geometry": {"type": "LineString", "coordinates": [[-58.4967869, -34.5426413], [-58.4965817, -34.5429264], [-58.496472, -34.5430816], [-58.4962641, -34.5433842], [-58.4960652, -34.5437047], [-58.4959655, -34.5438738]]}, "properties": {"clase": "autopista", "nombre": "Acceso Norte", "osm_way": 53354418, "fuente": "OpenStreetMap vía Overpass"}}, {"type": "Feature", "geometry": {"type": "LineString", "coordinates": [[-58.4952923, -34.5445782], [-58.4956895, -34.5439293]]}, "properties": {"clase": "autopista", "nombre": "Acceso Norte", "osm_way": 53354422, "fuente": "OpenStreetMap vía Overpass"}}, {"type": "Feature", "geometry": {"type": "LineString", "coordinates": [[-58.5659167, -34.5086881], [-58.5658072, -34.5084337], [-58.5657562, -34.5083127], [-58.5657069, -34.5082029], [-58.5656596, -34.5081155], [-58.565594, -34.5080099], [-58.565513, -34.5079141]]}, "properties": {"clase": "avenida", "nombre": "Avenida Avelino Rolón", "osm_way": 55861494, "fuente": "OpenStreetMap vía Overpass"}}, {"type": "Feature", "geometry": {"type": "LineString", "coordinates": [[-58.597722, -34.4747474], [-58.597504, -34.4737306]]}, "properties": {"clase": "avenida", "nombre": "Avenida Hipólito Yrigoyen", "osm_way": 57898252, "fuente": "OpenStreetMap vía Overpass"}}, {"type": "Feature", "geometry": {"type": "LineString", "coordinates": [[-58.5638483, -34.4329213], [-58.5638646, -34.4329013], [-58.564077, -34.4327034]]}, "properties": {"clase": "avenida", "nombre": "", "osm_way": 57941507, "fuente": "OpenStreetMap vía Overpass"}}, {"type": "Feature", "geometry": {"type": "LineString", "coordinates": [[-58.564077, -34.4327034], [-58.5641993, -34.4326869], [-58.5642619, -34.4326923], [-58.5643629, -34.4327172]]}, "properties": {"clase": "avenida", "nombre": "", "osm_way": 57941508, "fuente": "OpenStreetMap vía Overpass"}}, {"type": "Feature", "geometry": {"type": "LineString", "coordinates": [[-58.5636912, -34.4330681], [-58.5638483, -34.4329213]]}, "properties": {"clase": "avenida", "nombre": "", "osm_way": 57941509, "fuente": "OpenStreetMap vía Overpass"}}, {"type": "Feature", "geometry": {"type": "LineString", "coordinates": [[-58.4626238, -34.5420996], [-58.4631101, -34.5416428], [-58.4631621, -34.5415981]]}, "properties": {"clase": "avenida", "nombre": "Avenida Del Libertador", "osm_way": 62897824, "fuente": "OpenStreetMap vía Overpass"}}, {"type": "Feature", "geometry": {"type": "LineString", "coordinates": [[-58.4718784, -34.5257551], [-58.4719168, -34.5256673]]}, "properties": {"clase": "avenida", "nombre": "Avenida del Libertador", "osm_way": 62897891, "fuente": "OpenStreetMap vía Overpass"}}, {"type": "Feature", "geometry": {"type": "LineString", "coordinates": [[-58.4733356, -34.5224494], [-58.473393, -34.5223131], [-58.4737422, -34.5214834]]}, "properties": {"clase": "avenida", "nombre": "Avenida del Libertador", "osm_way": 62897909, "fuente": "OpenStreetMap vía Overpass"}}, {"type": "Feature", "geometry": {"type": "LineString", "coordinates": [[-58.4547708, -34.5489448], [-58.4545799, -34.5491034]]}, "properties": {"clase": "avenida", "nombre": "Avenida Del Libertador", "osm_way": 62897930, "fuente": "OpenStreetMap vía Overpass"}}, {"type": "Feature", "geometry": {"type": "LineString", "coordinates": [[-58.4745695, -34.5195918], [-58.4746085, -34.5195118], [-58.4746349, -34.5194605], [-58.4747099, -34.5193004], [-58.4750539, -34.5185665]]}, "properties": {"clase": "avenida", "nombre": "Avenida del Libertador", "osm_way": 62897946, "fuente": "OpenStreetMap vía Overpass"}}, {"type": "Feature", "geometry": {"type": "LineString", "coordinates": [[-58.4741445, -34.5205332], [-58.4741771, -34.5204612], [-58.4745025, -34.5197396], [-58.4745367, -34.5196636], [-58.4745695, -34.5195918]]}, "properties": {"clase": "avenida", "nombre": "Avenida del Libertador", "osm_way": 62897954, "fuente": "OpenStreetMap vía Overpass"}}, {"type": "Feature", "geometry": {"type": "LineString", "coordinates": [[-58.4727121, -34.5238676], [-58.4727391, -34.523806], [-58.4727758, -34.5237226], [-58.4732621, -34.5226165], [-58.4733356, -34.5224494]]}, "properties": {"clase": "avenida", "nombre": "Avenida del Libertador", "osm_way": 62897956, "fuente": "OpenStreetMap vía Overpass"}}, {"type": "Feature", "geometry": {"type": "LineString", "coordinates": [[-58.4710367, -34.5276536], [-58.4714706, -34.5266835], [-58.4714999, -34.5266179]]}, "properties": {"clase": "avenida", "nombre": "Avenida del Libertador", "osm_way": 62897980, "fuente": "OpenStreetMap vía Overpass"}}, {"type": "Feature", "geometry": {"type": "LineString", "coordinates": [[-58.4663601, -34.5365949], [-58.4665399, -34.5363031], [-58.4667022, -34.5360512]]}, "properties": {"clase": "avenida", "nombre": "Avenida Del Libertador", "osm_way": 62897988, "fuente": "OpenStreetMap vía Overpass"}}, {"type": "Feature", "geometry": {"type": "LineString", "coordinates": [[-58.4737422, -34.5214834], [-58.4741122, -34.5206094], [-58.4741445, -34.5205332]]}, "properties": {"clase": "avenida", "nombre": "Avenida del Libertador", "osm_way": 62897989, "fuente": "OpenStreetMap vía Overpass"}}, {"type": "Feature", "geometry": {"type": "LineString", "coordinates": [[-58.4657391, -34.5345331], [-58.4662826, -34.5346415], [-58.4666266, -34.5346889], [-58.4668375, -34.5347116], [-58.467075, -34.5347508], [-58.46721, -34.5347791], [-58.4673338, -34.5348017], [-58.467419, -34.5348293], [-58.4675143, -34.5348664], [-58.4676492, -34.5349309], [-58.4677897, -34.5350405]]}, "properties": {"clase": "autopista", "nombre": "Avenida General Paz", "osm_way": 62897994, "fuente": "OpenStreetMap vía Overpass"}}, {"type": "Feature", "geometry": {"type": "LineString", "coordinates": [[-58.4722188, -34.5250092], [-58.4726471, -34.5240184], [-58.4726747, -34.5239541], [-58.4727121, -34.5238676]]}, "properties": {"clase": "avenida", "nombre": "Avenida del Libertador", "osm_way": 62898002, "fuente": "OpenStreetMap vía Overpass"}}, {"type": "Feature", "geometry": {"type": "LineString", "coordinates": [[-58.4714999, -34.5266179], [-58.4718155, -34.5258985], [-58.4718784, -34.5257551]]}, "properties": {"clase": "avenida", "nombre": "Avenida del Libertador", "osm_way": 62898005, "fuente": "OpenStreetMap vía Overpass"}}, {"type": "Feature", "geometry": {"type": "LineString", "coordinates": [[-58.4679215, -34.5339939], [-58.4678335, -34.5341756], [-58.4676478, -34.5345173]]}, "properties": {"clase": "avenida", "nombre": "Avenida del Libertador", "osm_way": 62898036, "fuente": "OpenStreetMap vía Overpass"}}, {"type": "Feature", "geometry": {"type": "LineString", "coordinates": [[-58.4750539, -34.5185665], [-58.4758245, -34.5167957]]}, "properties": {"clase": "avenida", "nombre": "Avenida del Libertador", "osm_way": 62898073, "fuente": "OpenStreetMap vía Overpass"}}, {"type": "Feature", "geometry": {"type": "LineString", "coordinates": [[-58.4705565, -34.5286913], [-58.4707983, -34.5281714], [-58.4710367, -34.5276536]]}, "properties": {"clase": "avenida", "nombre": "Avenida del Libertador", "osm_way": 62898093, "fuente": "OpenStreetMap vía Overpass"}}, {"type": "Feature", "geometry": {"type": "LineString", "coordinates": [[-58.470477, -34.5288507], [-58.4703349, -34.5291725], [-58.470207, -34.5294623], [-58.4701362, -34.5296228]]}, "properties": {"clase": "avenida", "nombre": "Avenida del Libertador", "osm_way": 62898104, "fuente": "OpenStreetMap vía Overpass"}}, {"type": "Feature", "geometry": {"type": "LineString", "coordinates": [[-58.4675338, -34.5347256], [-58.4674748, -34.5348343]]}, "properties": {"clase": "avenida", "nombre": "Avenida del Libertador", "osm_way": 62898111, "fuente": "OpenStreetMap vía Overpass"}}, {"type": "Feature", "geometry": {"type": "LineString", "coordinates": [[-58.4545799, -34.5491034], [-58.4542655, -34.5493881], [-58.4541715, -34.5494705]]}, "properties": {"clase": "avenida", "nombre": "Avenida Del Libertador", "osm_way": 62898113, "fuente": "OpenStreetMap vía Overpass"}}, {"type": "Feature", "geometry": {"type": "LineString", "coordinates": [[-58.4947223, -34.540674], [-58.4947261, -34.5408167], [-58.494739, -34.5411762], [-58.4947461, -34.5412128], [-58.4947464, -34.5418986], [-58.494686, -34.5423778], [-58.4946611, -34.5425305], [-58.4946401, -34.5426232], [-58.494608, -34.5427331], [-58.4945778, -34.5428465], [-58.4944919, -34.5430641], [-58.4943525, -34.5433891], [-58.4942203, -34.5436439], [-58.4941452, -34.5437919], [-58.4940639, -34.5439262], [-58.4939508, -34.5441111], [-58.493828, -34.544296], [-58.492788, -34.5458066], [-58.491812, -34.5472033], [-58.4902766, -34.5494339]]}, "properties": {"clase": "ferrocarril", "nombre": "FC Mitre", "osm_way": 68667048, "fuente": "OpenStreetMap vía Overpass"}}, {"type": "Feature", "geometry": {"type": "LineString", "coordinates": [[-58.4677897, -34.5350405], [-58.4678705, -34.5350981], [-58.4680138, -34.5352109], [-58.4681437, -34.5353206], [-58.4684323, -34.5355337]]}, "properties": {"clase": "autopista", "nombre": "Avenida General Paz", "osm_way": 75873151, "fuente": "OpenStreetMap vía Overpass"}}, {"type": "Feature", "geometry": {"type": "LineString", "coordinates": [[-58.4682651, -34.5358909], [-58.4680886, -34.5358693], [-58.467946, -34.535852], [-58.4677933, -34.5358477], [-58.4675699, -34.5358444], [-58.4673993, -34.5358409], [-58.4672663, -34.5358305], [-58.4671715, -34.5358141], [-58.467049, -34.53578], [-58.4669084, -34.5357286], [-58.4667757, -34.5356683], [-58.466656, -34.5356], [-58.4665478, -34.5355193]]}, "properties": {"clase": "autopista", "nombre": "Avenida General Paz", "osm_way": 75881402, "fuente": "OpenStreetMap vía Overpass"}}, {"type": "Feature", "geometry": {"type": "LineString", "coordinates": [[-58.5224566, -34.5119164], [-58.5227376, -34.5117577]]}, "properties": {"clase": "autopista", "nombre": "Colectora Acceso Norte", "osm_way": 76300514, "fuente": "OpenStreetMap vía Overpass"}}, {"type": "Feature", "geometry": {"type": "LineString", "coordinates": [[-58.536492, -34.5052802], [-58.5363348, -34.5053578], [-58.5315971, -34.507649]]}, "properties": {"clase": "autopista", "nombre": "Acceso Norte", "osm_way": 76947788, "fuente": "OpenStreetMap vía Overpass"}}, {"type": "Feature", "geometry": {"type": "LineString", "coordinates": [[-58.5256032, -34.5105955], [-58.5254118, -34.5107053], [-58.5250027, -34.5109428], [-58.5240789, -34.5115433]]}, "properties": {"clase": "autopista", "nombre": "Acceso Norte", "osm_way": 76947794, "fuente": "OpenStreetMap vía Overpass"}}, {"type": "Feature", "geometry": {"type": "LineString", "coordinates": [[-58.5256931, -34.5107671], [-58.5252352, -34.5110239], [-58.5247988, -34.5112813], [-58.5245476, -34.5114437], [-58.524172, -34.5117254], [-58.5239677, -34.5118956], [-58.5237726, -34.512083]]}, "properties": {"clase": "autopista", "nombre": "Colectora Acceso Norte", "osm_way": 76947798, "fuente": "OpenStreetMap vía Overpass"}}, {"type": "Feature", "geometry": {"type": "LineString", "coordinates": [[-58.5313175, -34.5077842], [-58.5311951, -34.5078436], [-58.5300887, -34.5083802], [-58.526555, -34.510095], [-58.5258513, -34.5104587]]}, "properties": {"clase": "autopista", "nombre": "Acceso Norte", "osm_way": 76947802, "fuente": "OpenStreetMap vía Overpass"}}, {"type": "Feature", "geometry": {"type": "LineString", "coordinates": [[-58.5165179, -34.5181216], [-58.5163503, -34.5182759], [-58.5161399, -34.5184489], [-58.515622, -34.5188548], [-58.515433, -34.519016]]}, "properties": {"clase": "autopista", "nombre": "Colectora Acceso Norte", "osm_way": 76947805, "fuente": "OpenStreetMap vía Overpass"}}, {"type": "Feature", "geometry": {"type": "LineString", "coordinates": [[-58.5255951, -34.5103463], [-58.5264026, -34.5099255], [-58.5294647, -34.5084354], [-58.5310711, -34.5076612]]}, "properties": {"clase": "autopista", "nombre": "Acceso Norte", "osm_way": 76947806, "fuente": "OpenStreetMap vía Overpass"}}, {"type": "Feature", "geometry": {"type": "LineString", "coordinates": [[-58.5250049, -34.5104774], [-58.5250184, -34.5104693]]}, "properties": {"clase": "autopista", "nombre": "Colectora Acceso Norte", "osm_way": 76947808, "fuente": "OpenStreetMap vía Overpass"}}, {"type": "Feature", "geometry": {"type": "LineString", "coordinates": [[-58.5318213, -34.5077446], [-58.5318034, -34.5077534]]}, "properties": {"clase": "autopista", "nombre": "Colectora Acceso Norte", "osm_way": 76947810, "fuente": "OpenStreetMap vía Overpass"}}, {"type": "Feature", "geometry": {"type": "LineString", "coordinates": [[-58.5143614, -34.5200101], [-58.5135956, -34.5207648], [-58.5132698, -34.5211259]]}, "properties": {"clase": "autopista", "nombre": "Colectora Acceso Norte", "osm_way": 76947813, "fuente": "OpenStreetMap vía Overpass"}}, {"type": "Feature", "geometry": {"type": "LineString", "coordinates": [[-58.5253844, -34.5104616], [-58.5255951, -34.5103463]]}, "properties": {"clase": "autopista", "nombre": "Acceso Norte", "osm_way": 76947822, "fuente": "OpenStreetMap vía Overpass"}}, {"type": "Feature", "geometry": {"type": "LineString", "coordinates": [[-58.5311567, -34.5074004], [-58.533003, -34.5065067], [-58.5363391, -34.5048941]]}, "properties": {"clase": "autopista", "nombre": "Colectora Acceso Norte", "osm_way": 76947823, "fuente": "OpenStreetMap vía Overpass"}}, {"type": "Feature", "geometry": {"type": "LineString", "coordinates": [[-58.5141918, -34.5193381], [-58.5144322, -34.5191041], [-58.5146375, -34.5188854], [-58.5147832, -34.518714]]}, "properties": {"clase": "autopista", "nombre": "Colectora Acceso Norte", "osm_way": 76947829, "fuente": "OpenStreetMap vía Overpass"}}, {"type": "Feature", "geometry": {"type": "LineString", "coordinates": [[-58.5278099, -34.5089322], [-58.5287808, -34.5085375], [-58.5298782, -34.5080201]]}, "properties": {"clase": "autopista", "nombre": "Colectora Acceso Norte", "osm_way": 76947832, "fuente": "OpenStreetMap vía Overpass"}}, {"type": "Feature", "geometry": {"type": "LineString", "coordinates": [[-58.5310711, -34.5076612], [-58.5313681, -34.5075176]]}, "properties": {"clase": "autopista", "nombre": "Acceso Norte", "osm_way": 76947839, "fuente": "OpenStreetMap vía Overpass"}}, {"type": "Feature", "geometry": {"type": "LineString", "coordinates": [[-58.5308427, -34.5075543], [-58.530856, -34.5075478]]}, "properties": {"clase": "autopista", "nombre": "Colectora Acceso Norte", "osm_way": 76947846, "fuente": "OpenStreetMap vía Overpass"}}, {"type": "Feature", "geometry": {"type": "LineString", "coordinates": [[-58.5258513, -34.5104587], [-58.5256032, -34.5105955]]}, "properties": {"clase": "autopista", "nombre": "Acceso Norte", "osm_way": 76947852, "fuente": "OpenStreetMap vía Overpass"}}, {"type": "Feature", "geometry": {"type": "LineString", "coordinates": [[-58.5164773, -34.5170446], [-58.5167418, -34.5168223], [-58.5175257, -34.5160511], [-58.5185037, -34.5151732], [-58.5186843, -34.5150268]]}, "properties": {"clase": "autopista", "nombre": "Colectora Acceso Norte", "osm_way": 76947874, "fuente": "OpenStreetMap vía Overpass"}}, {"type": "Feature", "geometry": {"type": "LineString", "coordinates": [[-58.5275677, -34.5099274], [-58.5270018, -34.5101829]]}, "properties": {"clase": "autopista", "nombre": "Colectora Acceso Norte", "osm_way": 76947875, "fuente": "OpenStreetMap vía Overpass"}}, {"type": "Feature", "geometry": {"type": "LineString", "coordinates": [[-58.5543146, -34.4959621], [-58.5550924, -34.4954794], [-58.5553928, -34.4952931], [-58.555828, -34.4950419], [-58.5562964, -34.4947779], [-58.5565991, -34.4946191], [-58.5574009, -34.4942569], [-58.5581258, -34.493958]]}, "properties": {"clase": "autopista", "nombre": "Acceso Norte", "osm_way": 77434568, "fuente": "OpenStreetMap vía Overpass"}}, {"type": "Feature", "geometry": {"type": "LineString", "coordinates": [[-58.4782175, -34.5110943], [-58.4782784, -34.5109576], [-58.4784553, -34.5105435], [-58.4787631, -34.509823]]}, "properties": {"clase": "avenida", "nombre": "Avenida del Libertador", "osm_way": 79291724, "fuente": "OpenStreetMap vía Overpass"}}, {"type": "Feature", "geometry": {"type": "LineString", "coordinates": [[-58.4770772, -34.5137553], [-58.4772663, -34.5133363]]}, "properties": {"clase": "avenida", "nombre": "Avenida del Libertador", "osm_way": 79291740, "fuente": "OpenStreetMap vía Overpass"}}, {"type": "Feature", "geometry": {"type": "LineString", "coordinates": [[-58.4772663, -34.5133363], [-58.4773473, -34.5131395], [-58.4779126, -34.511777]]}, "properties": {"clase": "avenida", "nombre": "Avenida del Libertador", "osm_way": 79291758, "fuente": "OpenStreetMap vía Overpass"}}, {"type": "Feature", "geometry": {"type": "LineString", "coordinates": [[-58.4844309, -34.4917819], [-58.4844406, -34.4916862], [-58.4844531, -34.4916125]]}, "properties": {"clase": "avenida", "nombre": "Avenida del Libertador", "osm_way": 79498815, "fuente": "OpenStreetMap vía Overpass"}}, {"type": "Feature", "geometry": {"type": "LineString", "coordinates": [[-58.4847154, -34.4906335], [-58.4848438, -34.4901631], [-58.4848584, -34.4901093], [-58.4848876, -34.4900024], [-58.4849124, -34.4899075], [-58.484923, -34.4898726], [-58.4849675, -34.4897095], [-58.4849782, -34.4896732], [-58.4849886, -34.4896322], [-58.4850805, -34.4893053], [-58.4852105, -34.4888152]]}, "properties": {"clase": "avenida", "nombre": "Avenida del Libertador", "osm_way": 79498817, "fuente": "OpenStreetMap vía Overpass"}}, {"type": "Feature", "geometry": {"type": "LineString", "coordinates": [[-58.4690316, -34.534457], [-58.4687564, -34.5343784]]}, "properties": {"clase": "ferrocarril", "nombre": "FC Belgrano", "osm_way": 80340633, "fuente": "OpenStreetMap vía Overpass"}}, {"type": "Feature", "geometry": {"type": "LineString", "coordinates": [[-58.4749324, -34.5362478], [-58.4726959, -34.5354999]]}, "properties": {"clase": "ferrocarril", "nombre": "FC Belgrano", "osm_way": 80340634, "fuente": "OpenStreetMap vía Overpass"}}, {"type": "Feature", "geometry": {"type": "LineString", "coordinates": [[-58.506646, -34.5403914], [-58.5063698, -34.5405287]]}, "properties": {"clase": "ferrocarril", "nombre": "FC Belgrano", "osm_way": 82005209, "fuente": "OpenStreetMap vía Overpass"}}, {"type": "Feature", "geometry": {"type": "LineString", "coordinates": [[-58.4940309, -34.5221485], [-58.4940528, -34.522266], [-58.4940715, -34.5224163], [-58.4941163, -34.5231353], [-58.4941566, -34.5239769], [-58.4941584, -34.5240154], [-58.4942229, -34.5253633], [-58.494391, -34.5291433], [-58.4944108, -34.5301532], [-58.4944568, -34.5316046], [-58.4944934, -34.5323328], [-58.4945019, -34.5327579], [-58.4945957, -34.5363067], [-58.4946149, -34.5372961], [-58.4947207, -34.5406137]]}, "properties": {"clase": "ferrocarril", "nombre": "FC Mitre", "osm_way": 85355088, "fuente": "OpenStreetMap vía Overpass"}}, {"type": "Feature", "geometry": {"type": "LineString", "coordinates": [[-58.4947207, -34.5406137], [-58.4947223, -34.540674]]}, "properties": {"clase": "ferrocarril", "nombre": "FC Mitre", "osm_way": 85355091, "fuente": "OpenStreetMap vía Overpass"}}, {"type": "Feature", "geometry": {"type": "LineString", "coordinates": [[-58.463833, -34.5344169], [-58.463511, -34.5345459]]}, "properties": {"clase": "ferrocarril", "nombre": "FC Belgrano", "osm_way": 86576249, "fuente": "OpenStreetMap vía Overpass"}}, {"type": "Feature", "geometry": {"type": "LineString", "coordinates": [[-58.4675743, -34.5340997], [-58.4671396, -34.5340304], [-58.4666843, -34.5339897], [-58.4662534, -34.533991], [-58.4657348, -34.534011], [-58.4653275, -34.5340487], [-58.4649457, -34.5341144], [-58.464661, -34.5341764], [-58.4642361, -34.534293], [-58.4640241, -34.5343565], [-58.463833, -34.5344169]]}, "properties": {"clase": "ferrocarril", "nombre": "FC Belgrano", "osm_way": 86576269, "fuente": "OpenStreetMap vía Overpass"}}, {"type": "Feature", "geometry": {"type": "LineString", "coordinates": [[-58.578181, -34.4403445], [-58.5769729, -34.4401049], [-58.5756267, -34.4398516], [-58.5739574, -34.4395426], [-58.5736843, -34.4394871], [-58.5734661, -34.43943], [-58.5728476, -34.4392099], [-58.5727472, -34.4391909], [-58.5726884, -34.4391944]]}, "properties": {"clase": "avenida", "nombre": "Avenida Crisólogo Larralde", "osm_way": 91457551, "fuente": "OpenStreetMap vía Overpass"}}, {"type": "Feature", "geometry": {"type": "LineString", "coordinates": [[-58.4511243, -34.5408245], [-58.4514853, -34.5406593], [-58.4517623, -34.5405462], [-58.452136, -34.540414], [-58.4524696, -34.5403066], [-58.4530648, -34.5401462], [-58.4536605, -34.5399879], [-58.453905, -34.5399233], [-58.4541345, -34.5398605], [-58.4543227, -34.5398029], [-58.4544873, -34.5397488], [-58.4547334, -34.5396642], [-58.4549796, -34.5395708], [-58.4552277, -34.5394748], [-58.4554693, -34.53937], [-58.4559239, -34.5391554]]}, "properties": {"clase": "autopista", "nombre": "Avenida Intendente Cantilo", "osm_way": 96664738, "fuente": "OpenStreetMap vía Overpass"}}, {"type": "Feature", "geometry": {"type": "LineString", "coordinates": [[-58.5461084, -34.4464796], [-58.5462574, -34.4464396], [-58.5466416, -34.4463615]]}, "properties": {"clase": "avenida", "nombre": "Avenida del Libertador", "osm_way": 96760562, "fuente": "OpenStreetMap vía Overpass"}}, {"type": "Feature", "geometry": {"type": "LineString", "coordinates": [[-58.5690312, -34.4366788], [-58.5684258, -34.4362727]]}, "properties": {"clase": "avenida", "nombre": "Viaducto San Fernando", "osm_way": 96763289, "fuente": "OpenStreetMap vía Overpass"}}, {"type": "Feature", "geometry": {"type": "LineString", "coordinates": [[-58.5690879, -34.4366152], [-58.5698033, -34.4371416], [-58.5699326, -34.4372174], [-58.5701437, -34.4372927], [-58.5704065, -34.4374097]]}, "properties": {"clase": "avenida", "nombre": "Viaducto San Fernando", "osm_way": 96763292, "fuente": "OpenStreetMap vía Overpass"}}, {"type": "Feature", "geometry": {"type": "LineString", "coordinates": [[-58.5684258, -34.4362727], [-58.5672132, -34.4354978]]}, "properties": {"clase": "avenida", "nombre": "Viaducto San Fernando", "osm_way": 96763294, "fuente": "OpenStreetMap vía Overpass"}}, {"type": "Feature", "geometry": {"type": "LineString", "coordinates": [[-58.5705563, -34.4375492], [-58.5708098, -34.4377267], [-58.5709454, -34.4378136], [-58.5710054, -34.4378508], [-58.5716984, -34.4382799]]}, "properties": {"clase": "avenida", "nombre": "Avenida Crisólogo Larralde", "osm_way": 96763296, "fuente": "OpenStreetMap vía Overpass"}}, {"type": "Feature", "geometry": {"type": "LineString", "coordinates": [[-58.57006, -34.43759], [-58.5699461, -34.4374559], [-58.569851, -34.4373491], [-58.5697676, -34.437234], [-58.569721, -34.4371905], [-58.5690312, -34.4366788]]}, "properties": {"clase": "avenida", "nombre": "Viaducto San Fernando", "osm_way": 96763298, "fuente": "OpenStreetMap vía Overpass"}}, {"type": "Feature", "geometry": {"type": "LineString", "coordinates": [[-58.5675543, -34.4351671], [-58.5676206, -34.4352697], [-58.5676654, -34.4353804], [-58.5677189, -34.435613], [-58.5677468, -34.4356746], [-58.5677922, -34.435741], [-58.5678774, -34.4358124], [-58.5684855, -34.4362114]]}, "properties": {"clase": "avenida", "nombre": "Viaducto San Fernando", "osm_way": 96763300, "fuente": "OpenStreetMap vía Overpass"}}, {"type": "Feature", "geometry": {"type": "LineString", "coordinates": [[-58.5684855, -34.4362114], [-58.5690879, -34.4366152]]}, "properties": {"clase": "avenida", "nombre": "Viaducto San Fernando", "osm_way": 96763301, "fuente": "OpenStreetMap vía Overpass"}}, {"type": "Feature", "geometry": {"type": "LineString", "coordinates": [[-58.58938, -34.4333518], [-58.589945, -34.4326319], [-58.5904723, -34.4319563]]}, "properties": {"clase": "autopista", "nombre": "Ramal Tigre", "osm_way": 96807504, "fuente": "OpenStreetMap vía Overpass"}}, {"type": "Feature", "geometry": {"type": "LineString", "coordinates": [[-58.5894735, -34.4334124], [-58.5879536, -34.4353368], [-58.5876187, -34.4357551], [-58.5872601, -34.4362264], [-58.586529, -34.4371818], [-58.5859689, -34.4378099], [-58.5856545, -34.4381419], [-58.585507, -34.4382939], [-58.5853304, -34.4384615], [-58.5847001, -34.439012]]}, "properties": {"clase": "autopista", "nombre": "Acceso Norte Ramal Tigre", "osm_way": 96807505, "fuente": "OpenStreetMap vía Overpass"}}, {"type": "Feature", "geometry": {"type": "LineString", "coordinates": [[-58.5904723, -34.4319563], [-58.5909747, -34.4313191], [-58.5912656, -34.4309629], [-58.5913887, -34.4307899], [-58.5914919, -34.4306342]]}, "properties": {"clase": "autopista", "nombre": "Ramal Tigre", "osm_way": 96807506, "fuente": "OpenStreetMap vía Overpass"}}, {"type": "Feature", "geometry": {"type": "LineString", "coordinates": [[-58.5905804, -34.4320193], [-58.5894735, -34.4334124]]}, "properties": {"clase": "autopista", "nombre": "Ramal Tigre", "osm_way": 96807507, "fuente": "OpenStreetMap vía Overpass"}}, {"type": "Feature", "geometry": {"type": "LineString", "coordinates": [[-58.6002902, -34.4872552], [-58.594583, -34.4876769]]}, "properties": {"clase": "autopista", "nombre": "Acceso Norte", "osm_way": 96810347, "fuente": "OpenStreetMap vía Overpass"}}, {"type": "Feature", "geometry": {"type": "LineString", "coordinates": [[-58.5862672, -34.4358448], [-58.5865602, -34.4356582], [-58.5872489, -34.4352519], [-58.5878711, -34.4348485], [-58.5885167, -34.4343257], [-58.5889095, -34.4339145]]}, "properties": {"clase": "autopista", "nombre": "Ramal Tigre", "osm_way": 96810349, "fuente": "OpenStreetMap vía Overpass"}}, {"type": "Feature", "geometry": {"type": "LineString", "coordinates": [[-58.5945331, -34.4870822], [-58.6002322, -34.4866682]]}, "properties": {"clase": "autopista", "nombre": "Acceso Norte", "osm_way": 96810355, "fuente": "OpenStreetMap vía Overpass"}}, {"type": "Feature", "geometry": {"type": "LineString", "coordinates": [[-58.594583, -34.4876769], [-58.592898, -34.4877977], [-58.5924743, -34.4878184], [-58.5921215, -34.4878317], [-58.5903818, -34.4878382], [-58.5896222, -34.4878539], [-58.5887458, -34.487888], [-58.5876266, -34.4879664]]}, "properties": {"clase": "autopista", "nombre": "Acceso Norte", "osm_way": 96810357, "fuente": "OpenStreetMap vía Overpass"}}, {"type": "Feature", "geometry": {"type": "LineString", "coordinates": [[-58.5859216, -34.4361093], [-58.586099, -34.4359671], [-58.5862672, -34.4358448]]}, "properties": {"clase": "autopista", "nombre": "Ramal Tigre", "osm_way": 96810366, "fuente": "OpenStreetMap vía Overpass"}}, {"type": "Feature", "geometry": {"type": "LineString", "coordinates": [[-58.6002322, -34.4866682], [-58.6012053, -34.4866034], [-58.6020472, -34.4865522], [-58.6029899, -34.4865458], [-58.6039828, -34.486492]]}, "properties": {"clase": "autopista", "nombre": "Acceso Norte", "osm_way": 96810370, "fuente": "OpenStreetMap vía Overpass"}}, {"type": "Feature", "geometry": {"type": "LineString", "coordinates": [[-58.586836, -34.475824], [-58.5870165, -34.4758304], [-58.5871574, -34.4758354], [-58.5874788, -34.4758411], [-58.5878032, -34.4758422], [-58.5881276, -34.4758375], [-58.5894614, -34.4757906]]}, "properties": {"clase": "ferrocarril", "nombre": "FC Mitre", "osm_way": 96811159, "fuente": "OpenStreetMap vía Overpass"}}, {"type": "Feature", "geometry": {"type": "LineString", "coordinates": [[-58.5977251, -34.4752406], [-58.5978893, -34.4752302], [-58.5979506, -34.4752262]]}, "properties": {"clase": "ferrocarril", "nombre": "FC Mitre", "osm_way": 96811161, "fuente": "OpenStreetMap vía Overpass"}}, {"type": "Feature", "geometry": {"type": "LineString", "coordinates": [[-58.59001, -34.5103771], [-58.590449, -34.5093684]]}, "properties": {"clase": "ferrocarril", "nombre": "FC Mitre", "osm_way": 96811163, "fuente": "OpenStreetMap vía Overpass"}}, {"type": "Feature", "geometry": {"type": "LineString", "coordinates": [[-58.5979506, -34.4752262], [-58.5987452, -34.4751716], [-58.600911, -34.4750225]]}, "properties": {"clase": "ferrocarril", "nombre": "FC Mitre", "osm_way": 96811164, "fuente": "OpenStreetMap vía Overpass"}}, {"type": "Feature", "geometry": {"type": "LineString", "coordinates": [[-58.5866372, -34.475814], [-58.586836, -34.475824]]}, "properties": {"clase": "ferrocarril", "nombre": "FC Mitre", "osm_way": 96811165, "fuente": "OpenStreetMap vía Overpass"}}, {"type": "Feature", "geometry": {"type": "LineString", "coordinates": [[-58.5965937, -34.4911593], [-58.5968432, -34.489937], [-58.5970614, -34.4891691], [-58.5973128, -34.4883834], [-58.5975294, -34.4878221], [-58.5979072, -34.4870155], [-58.5980916, -34.4866283], [-58.5982475, -34.486331], [-58.5986676, -34.4856116], [-58.5987404, -34.4854869], [-58.599221, -34.4847182], [-58.6003554, -34.4832081], [-58.6014802, -34.4816886], [-58.6015647, -34.4815777], [-58.6018293, -34.4812304], [-58.6026468, -34.4801075], [-58.6026956, -34.4800426], [-58.6030313, -34.4795958], [-58.6033509, -34.4791665]]}, "properties": {"clase": "ferrocarril", "nombre": "FC Mitre", "osm_way": 96811167, "fuente": "OpenStreetMap vía Overpass"}}, {"type": "Feature", "geometry": {"type": "LineString", "coordinates": [[-58.4541715, -34.5494705], [-58.4540758, -34.5495557], [-58.4537028, -34.5498592], [-58.4533375, -34.5501214]]}, "properties": {"clase": "avenida", "nombre": "Avenida Del Libertador", "osm_way": 106932795, "fuente": "OpenStreetMap vía Overpass"}}, {"type": "Feature", "geometry": {"type": "LineString", "coordinates": [[-58.4547054, -34.5488093], [-58.4548061, -34.5487357], [-58.4549962, -34.5485916]]}, "properties": {"clase": "avenida", "nombre": "Avenida Del Libertador", "osm_way": 106932806, "fuente": "OpenStreetMap vía Overpass"}}, {"type": "Feature", "geometry": {"type": "LineString", "coordinates": [[-58.4542716, -34.549191], [-58.4546309, -34.5488726], [-58.4547054, -34.5488093]]}, "properties": {"clase": "avenida", "nombre": "Avenida Del Libertador", "osm_way": 106932819, "fuente": "OpenStreetMap vía Overpass"}}, {"type": "Feature", "geometry": {"type": "LineString", "coordinates": [[-58.4762731, -34.515675], [-58.4763276, -34.5155388], [-58.4764933, -34.5151247], [-58.4765221, -34.5150528]]}, "properties": {"clase": "avenida", "nombre": "Avenida del Libertador", "osm_way": 107497600, "fuente": "OpenStreetMap vía Overpass"}}, {"type": "Feature", "geometry": {"type": "LineString", "coordinates": [[-58.4765221, -34.5150528], [-58.4765655, -34.5149522], [-58.4767668, -34.514486], [-58.4769531, -34.5140546], [-58.4770772, -34.5137553]]}, "properties": {"clase": "avenida", "nombre": "Avenida del Libertador", "osm_way": 107497604, "fuente": "OpenStreetMap vía Overpass"}}, {"type": "Feature", "geometry": {"type": "LineString", "coordinates": [[-58.4984301, -34.5404017], [-58.4985723, -34.5403332], [-58.4988138, -34.5401482], [-58.4993451, -34.5395323], [-58.4996453, -34.5391715], [-58.5000137, -34.5387], [-58.5002695, -34.538346], [-58.5023138, -34.535384], [-58.5033818, -34.5338366], [-58.5048949, -34.5316307], [-58.505262, -34.5311092], [-58.5057577, -34.5304044]]}, "properties": {"clase": "autopista", "nombre": "Acceso Norte", "osm_way": 119127117, "fuente": "OpenStreetMap vía Overpass"}}, {"type": "Feature", "geometry": {"type": "LineString", "coordinates": [[-58.4965032, -34.5425849], [-58.4971469, -34.5417803], [-58.4975486, -34.5413575], [-58.4984301, -34.5404017]]}, "properties": {"clase": "autopista", "nombre": "Acceso Norte", "osm_way": 119127119, "fuente": "OpenStreetMap vía Overpass"}}, {"type": "Feature", "geometry": {"type": "LineString", "coordinates": [[-58.4759175, -34.5165722], [-58.475948, -34.5164951], [-58.4759754, -34.5164303], [-58.4762731, -34.515675]]}, "properties": {"clase": "avenida", "nombre": "Avenida del Libertador", "osm_way": 119241307, "fuente": "OpenStreetMap vía Overpass"}}, {"type": "Feature", "geometry": {"type": "LineString", "coordinates": [[-58.4758245, -34.5167957], [-58.475886, -34.5166478], [-58.4759175, -34.5165722]]}, "properties": {"clase": "avenida", "nombre": "Avenida del Libertador", "osm_way": 119241318, "fuente": "OpenStreetMap vía Overpass"}}, {"type": "Feature", "geometry": {"type": "LineString", "coordinates": [[-58.5805758, -34.530028], [-58.5806646, -34.5298688], [-58.5808651, -34.5295196], [-58.5811177, -34.5290344]]}, "properties": {"clase": "ferrocarril", "nombre": "", "osm_way": 119377916, "fuente": "OpenStreetMap vía Overpass"}}, {"type": "Feature", "geometry": {"type": "LineString", "coordinates": [[-58.5919046, -34.5218052], [-58.592043, -34.5220839]]}, "properties": {"clase": "autopista", "nombre": "Camino Parque del Buen Ayre", "osm_way": 127232237, "fuente": "OpenStreetMap vía Overpass"}}, {"type": "Feature", "geometry": {"type": "LineString", "coordinates": [[-58.5961621, -34.5328464], [-58.5963575, -34.5331742]]}, "properties": {"clase": "autopista", "nombre": "Camino Parque del Buen Ayre", "osm_way": 127232240, "fuente": "OpenStreetMap vía Overpass"}}, {"type": "Feature", "geometry": {"type": "LineString", "coordinates": [[-58.5912772, -34.5223487], [-58.5912489, -34.5220471]]}, "properties": {"clase": "autopista", "nombre": "Camino Parque del Buen Ayre", "osm_way": 127232245, "fuente": "OpenStreetMap vía Overpass"}}, {"type": "Feature", "geometry": {"type": "LineString", "coordinates": [[-58.5962392, -34.5332562], [-58.5960499, -34.5329387]]}, "properties": {"clase": "autopista", "nombre": "Camino Parque del Buen Ayre", "osm_way": 127232248, "fuente": "OpenStreetMap vía Overpass"}}, {"type": "Feature", "geometry": {"type": "LineString", "coordinates": [[-58.5912489, -34.5220471], [-58.5910097, -34.5197438], [-58.5909601, -34.5191687], [-58.5907833, -34.5171187], [-58.5905366, -34.5146254]]}, "properties": {"clase": "autopista", "nombre": "Camino Parque del Buen Ayre", "osm_way": 127232249, "fuente": "OpenStreetMap vía Overpass"}}, {"type": "Feature", "geometry": {"type": "LineString", "coordinates": [[-58.592043, -34.5220839], [-58.592653, -34.5231345], [-58.5928444, -34.5234706], [-58.5929491, -34.5236758], [-58.593049, -34.5238898], [-58.5931311, -34.524076], [-58.5932372, -34.5243349], [-58.5933468, -34.5246319], [-58.5934382, -34.524925], [-58.5935296, -34.525268], [-58.5935959, -34.5255266], [-58.5936436, -34.5257972], [-58.5936771, -34.5260209], [-58.5938538, -34.5277188], [-58.59388, -34.5278968], [-58.5939116, -34.5280835], [-58.5939547, -34.5282691], [-58.5940032, -34.5284737], [-58.5941803, -34.5290448], [-58.5942795, -34.5293351], [-58.5943822, -34.5295989], [-58.5945415, -34.5299724], [-58.5946383, -34.5301452]]}, "properties": {"clase": "autopista", "nombre": "Camino Parque del Buen Ayre", "osm_way": 127232261, "fuente": "OpenStreetMap vía Overpass"}}, {"type": "Feature", "geometry": {"type": "LineString", "coordinates": [[-58.5960499, -34.5329387], [-58.5955663, -34.5321314], [-58.5944023, -34.5301207]]}, "properties": {"clase": "autopista", "nombre": "Camino Parque del Buen Ayre", "osm_way": 127232264, "fuente": "OpenStreetMap vía Overpass"}}, {"type": "Feature", "geometry": {"type": "LineString", "coordinates": [[-58.5963575, -34.5331742], [-58.5978685, -34.5357411]]}, "properties": {"clase": "autopista", "nombre": "Camino Parque del Buen Ayre", "osm_way": 127232269, "fuente": "OpenStreetMap vía Overpass"}}, {"type": "Feature", "geometry": {"type": "LineString", "coordinates": [[-58.5858121, -34.5200016], [-58.5858611, -34.519886]]}, "properties": {"clase": "ferrocarril", "nombre": "FC Mitre", "osm_way": 127232271, "fuente": "OpenStreetMap vía Overpass"}}, {"type": "Feature", "geometry": {"type": "LineString", "coordinates": [[-58.5858611, -34.519886], [-58.5859092, -34.5197787], [-58.5860347, -34.5195024], [-58.5865168, -34.5184005], [-58.5873891, -34.5164046], [-58.5878894, -34.5152695], [-58.59001, -34.5103771]]}, "properties": {"clase": "ferrocarril", "nombre": "FC Mitre", "osm_way": 127232281, "fuente": "OpenStreetMap vía Overpass"}}, {"type": "Feature", "geometry": {"type": "LineString", "coordinates": [[-58.5779495, -34.5371228], [-58.5776824, -34.5362305]]}, "properties": {"clase": "avenida", "nombre": "Diagonal 190 - Brigadier General Juan Manuel de Rosas", "osm_way": 127288818, "fuente": "OpenStreetMap vía Overpass"}}, {"type": "Feature", "geometry": {"type": "LineString", "coordinates": [[-58.5759698, -34.5324237], [-58.5759441, -34.5323774], [-58.5757763, -34.5320748]]}, "properties": {"clase": "avenida", "nombre": "Diagonal 190 - Brigadier General Juan Manuel de Rosas", "osm_way": 127288819, "fuente": "OpenStreetMap vía Overpass"}}, {"type": "Feature", "geometry": {"type": "LineString", "coordinates": [[-58.5760419, -34.5324046], [-58.5764341, -34.5330882], [-58.5769017, -34.5339372], [-58.5771377, -34.5343666], [-58.5772129, -34.5345605], [-58.5776036, -34.5356444], [-58.5777882, -34.53622]]}, "properties": {"clase": "avenida", "nombre": "Diagonal 190 - Brigadier General Juan Manuel de Rosas", "osm_way": 127288820, "fuente": "OpenStreetMap vía Overpass"}}, {"type": "Feature", "geometry": {"type": "LineString", "coordinates": [[-58.5757637, -34.5319828], [-58.5757528, -34.5319626], [-58.5757429, -34.531944], [-58.5754696, -34.5314364], [-58.5754009, -34.5313098]]}, "properties": {"clase": "avenida", "nombre": "Diagonal 190 - Brigadier General Juan Manuel de Rosas", "osm_way": 127288821, "fuente": "OpenStreetMap vía Overpass"}}, {"type": "Feature", "geometry": {"type": "LineString", "coordinates": [[-58.6017569, -34.5053981], [-58.6023564, -34.5053624], [-58.6045965, -34.5051504]]}, "properties": {"clase": "ferrocarril", "nombre": "FC Belgrano", "osm_way": 129971667, "fuente": "OpenStreetMap vía Overpass"}}, {"type": "Feature", "geometry": {"type": "LineString", "coordinates": [[-58.5960469, -34.4912493], [-58.5955067, -34.493416], [-58.5954194, -34.4937616]]}, "properties": {"clase": "autopista", "nombre": "Camino Parque del Buen Ayre", "osm_way": 129971671, "fuente": "OpenStreetMap vía Overpass"}}, {"type": "Feature", "geometry": {"type": "LineString", "coordinates": [[-58.482424, -34.5014594], [-58.4824576, -34.5014062], [-58.4825103, -34.5013228], [-58.4825696, -34.501229]]}, "properties": {"clase": "avenida", "nombre": "Avenida del Libertador", "osm_way": 129996889, "fuente": "OpenStreetMap vía Overpass"}}, {"type": "Feature", "geometry": {"type": "LineString", "coordinates": [[-58.4936464, -34.479158], [-58.4937443, -34.4790741], [-58.4938356, -34.4790221], [-58.4939924, -34.4789359], [-58.4947736, -34.4785216], [-58.4948731, -34.4784688], [-58.4949761, -34.4784158], [-58.4952416, -34.4782791], [-58.4956968, -34.4780449], [-58.4961073, -34.4778336], [-58.496208, -34.477782], [-58.496267, -34.4777503], [-58.4962916, -34.4777375], [-58.4964125, -34.4776746]]}, "properties": {"clase": "avenida", "nombre": "Avenida del Libertador", "osm_way": 132363898, "fuente": "OpenStreetMap vía Overpass"}}, {"type": "Feature", "geometry": {"type": "LineString", "coordinates": [[-58.5170696, -34.4630609], [-58.5172859, -34.4628329]]}, "properties": {"clase": "avenida", "nombre": "Avenida del Libertador", "osm_way": 132390512, "fuente": "OpenStreetMap vía Overpass"}}, {"type": "Feature", "geometry": {"type": "LineString", "coordinates": [[-58.5276005, -34.4523755], [-58.52744, -34.4524976], [-58.5269995, -34.4528369], [-58.5267703, -34.4530291], [-58.5266805, -34.4531021], [-58.5266372, -34.4531419], [-58.5266167, -34.4531579], [-58.5264163, -34.4533144], [-58.5263953, -34.4533314], [-58.5263526, -34.4533688], [-58.5263433, -34.4533769], [-58.5263293, -34.4533893], [-58.5261209, -34.4535719]]}, "properties": {"clase": "avenida", "nombre": "Avenida del Libertador", "osm_way": 132390513, "fuente": "OpenStreetMap vía Overpass"}}, {"type": "Feature", "geometry": {"type": "LineString", "coordinates": [[-58.6010948, -34.4800839], [-58.6010457, -34.4793178]]}, "properties": {"clase": "avenida", "nombre": "", "osm_way": 133111909, "fuente": "OpenStreetMap vía Overpass"}}, {"type": "Feature", "geometry": {"type": "LineString", "coordinates": [[-58.4679972, -34.5331263], [-58.4680331, -34.5328707]]}, "properties": {"clase": "avenida", "nombre": "Avenida del Libertador", "osm_way": 133915535, "fuente": "OpenStreetMap vía Overpass"}}, {"type": "Feature", "geometry": {"type": "LineString", "coordinates": [[-58.470477, -34.5288507], [-58.4705355, -34.5287298], [-58.4705565, -34.5286913]]}, "properties": {"clase": "avenida", "nombre": "Avenida del Libertador", "osm_way": 133915536, "fuente": "OpenStreetMap vía Overpass"}}, {"type": "Feature", "geometry": {"type": "LineString", "coordinates": [[-58.4963892, -34.5444859], [-58.4960747, -34.5445009]]}, "properties": {"clase": "ferrocarril", "nombre": "FC Belgrano", "osm_way": 137747934, "fuente": "OpenStreetMap vía Overpass"}}, {"type": "Feature", "geometry": {"type": "LineString", "coordinates": [[-58.4965005, -34.5444747], [-58.4963892, -34.5444859]]}, "properties": {"clase": "ferrocarril", "nombre": "FC Belgrano", "osm_way": 137747937, "fuente": "OpenStreetMap vía Overpass"}}, {"type": "Feature", "geometry": {"type": "LineString", "coordinates": [[-58.5277044, -34.4523031], [-58.5277992, -34.4522399], [-58.5282616, -34.4519509], [-58.5283172, -34.4519199]]}, "properties": {"clase": "avenida", "nombre": "Avenida del Libertador", "osm_way": 138999599, "fuente": "OpenStreetMap vía Overpass"}}, {"type": "Feature", "geometry": {"type": "LineString", "coordinates": [[-58.6052869, -34.5051106], [-58.6063536, -34.5050392]]}, "properties": {"clase": "ferrocarril", "nombre": "FC Belgrano", "osm_way": 139182705, "fuente": "OpenStreetMap vía Overpass"}}, {"type": "Feature", "geometry": {"type": "LineString", "coordinates": [[-58.5965869, -34.5056278], [-58.5958922, -34.5056617]]}, "properties": {"clase": "ferrocarril", "nombre": "FC Belgrano", "osm_way": 139182717, "fuente": "OpenStreetMap vía Overpass"}}, {"type": "Feature", "geometry": {"type": "LineString", "coordinates": [[-58.6017211, -34.5052199], [-58.6008852, -34.5052706]]}, "properties": {"clase": "ferrocarril", "nombre": "FC Belgrano", "osm_way": 139182725, "fuente": "OpenStreetMap vía Overpass"}}, {"type": "Feature", "geometry": {"type": "LineString", "coordinates": [[-58.6045965, -34.5051504], [-58.6052869, -34.5051106]]}, "properties": {"clase": "ferrocarril", "nombre": "FC Belgrano", "osm_way": 139182741, "fuente": "OpenStreetMap vía Overpass"}}, {"type": "Feature", "geometry": {"type": "LineString", "coordinates": [[-58.5986964, -34.505486], [-58.5982373, -34.5055128]]}, "properties": {"clase": "ferrocarril", "nombre": "FC Belgrano", "osm_way": 139182746, "fuente": "OpenStreetMap vía Overpass"}}, {"type": "Feature", "geometry": {"type": "LineString", "coordinates": [[-58.6008852, -34.5052706], [-58.6000095, -34.5053273], [-58.5986964, -34.505486]]}, "properties": {"clase": "ferrocarril", "nombre": "FC Belgrano", "osm_way": 139182753, "fuente": "OpenStreetMap vía Overpass"}}, {"type": "Feature", "geometry": {"type": "LineString", "coordinates": [[-58.6045916, -34.5050945], [-58.6025771, -34.5051746], [-58.6017211, -34.5052199]]}, "properties": {"clase": "ferrocarril", "nombre": "FC Belgrano", "osm_way": 139182761, "fuente": "OpenStreetMap vía Overpass"}}, {"type": "Feature", "geometry": {"type": "LineString", "coordinates": [[-58.5982373, -34.5055128], [-58.5965869, -34.5056278]]}, "properties": {"clase": "ferrocarril", "nombre": "FC Belgrano", "osm_way": 139182769, "fuente": "OpenStreetMap vía Overpass"}}, {"type": "Feature", "geometry": {"type": "LineString", "coordinates": [[-58.6009172, -34.505457], [-58.6017569, -34.5053981]]}, "properties": {"clase": "ferrocarril", "nombre": "FC Belgrano", "osm_way": 139182782, "fuente": "OpenStreetMap vía Overpass"}}, {"type": "Feature", "geometry": {"type": "LineString", "coordinates": [[-58.5986976, -34.5055388], [-58.5991232, -34.5055177], [-58.6001166, -34.505508], [-58.6009172, -34.505457]]}, "properties": {"clase": "ferrocarril", "nombre": "FC Belgrano", "osm_way": 139182789, "fuente": "OpenStreetMap vía Overpass"}}, {"type": "Feature", "geometry": {"type": "LineString", "coordinates": [[-58.5628553, -34.5104718], [-58.5625389, -34.5106732], [-58.5622784, -34.5108623], [-58.5620955, -34.5109752], [-58.5619247, -34.5110611], [-58.5618217, -34.5111064], [-58.5616932, -34.5111472], [-58.5602148, -34.5115064], [-58.5597186, -34.5116247], [-58.5594986, -34.5116833], [-58.5591392, -34.5118556], [-58.5590198, -34.5119319], [-58.5588777, -34.5120391], [-58.5585287, -34.512274], [-58.5571892, -34.5133199], [-58.5570424, -34.5134632], [-58.5567162, -34.513949], [-58.5564816, -34.5143345], [-58.5562853, -34.514657], [-58.5561864, -34.5148212], [-58.5560677, -34.5150722], [-58.5558593, -34.5154781], [-58.555702, -34.5158095], [-58.5555799, -34.5160449], [-58.5554726, -34.5162029], [-58.5553801, -34.516309], [-58.555268, -34.5164283], [-58.5549926, -34.5166629]]}, "properties": {"clase": "ferrocarril", "nombre": "", "osm_way": 139183555, "fuente": "OpenStreetMap vía Overpass"}}, {"type": "Feature", "geometry": {"type": "LineString", "coordinates": [[-58.5568752, -34.5151496], [-58.5571507, -34.5148815], [-58.5576328, -34.5144604], [-58.5598824, -34.5127103], [-58.560943, -34.5118733], [-58.5610767, -34.5117804]]}, "properties": {"clase": "ferrocarril", "nombre": "FC Belgrano", "osm_way": 139183559, "fuente": "OpenStreetMap vía Overpass"}}, {"type": "Feature", "geometry": {"type": "LineString", "coordinates": [[-58.5566373, -34.5154052], [-58.5568752, -34.5151496], [-58.5569717, -34.5150106], [-58.5571221, -34.514811], [-58.5573097, -34.5145621], [-58.557373, -34.514478], [-58.5575753, -34.5142471], [-58.5577711, -34.5140906]]}, "properties": {"clase": "ferrocarril", "nombre": "FC Belgrano", "osm_way": 139183561, "fuente": "OpenStreetMap vía Overpass"}}, {"type": "Feature", "geometry": {"type": "LineString", "coordinates": [[-58.5555799, -34.5160449], [-58.5558217, -34.5157002], [-58.5559206, -34.5155841], [-58.5560466, -34.5154637], [-58.5561968, -34.51533], [-58.5566381, -34.514976]]}, "properties": {"clase": "ferrocarril", "nombre": "FC Belgrano", "osm_way": 139183562, "fuente": "OpenStreetMap vía Overpass"}}, {"type": "Feature", "geometry": {"type": "LineString", "coordinates": [[-58.5618217, -34.5111064], [-58.5616109, -34.5112224], [-58.5611863, -34.5115374]]}, "properties": {"clase": "ferrocarril", "nombre": "FC Belgrano", "osm_way": 139183567, "fuente": "OpenStreetMap vía Overpass"}}, {"type": "Feature", "geometry": {"type": "LineString", "coordinates": [[-58.5616932, -34.5111472], [-58.5613775, -34.5112567], [-58.5610987, -34.5113502], [-58.5609274, -34.5114226], [-58.5606851, -34.5115334], [-58.5605125, -34.5116181], [-58.560365, -34.5117009], [-58.5602017, -34.5118234], [-58.5587485, -34.5129785]]}, "properties": {"clase": "ferrocarril", "nombre": "", "osm_way": 139183569, "fuente": "OpenStreetMap vía Overpass"}}, {"type": "Feature", "geometry": {"type": "LineString", "coordinates": [[-58.5558593, -34.5154781], [-58.5559984, -34.5152822], [-58.5562143, -34.5150272], [-58.5563658, -34.5148658], [-58.5565099, -34.5147239], [-58.5567131, -34.514552], [-58.5577916, -34.5137033], [-58.5581776, -34.5133353], [-58.5585476, -34.5129761], [-58.5586803, -34.5128612]]}, "properties": {"clase": "ferrocarril", "nombre": "FC Belgrano", "osm_way": 139183576, "fuente": "OpenStreetMap vía Overpass"}}, {"type": "Feature", "geometry": {"type": "LineString", "coordinates": [[-58.5591392, -34.5118556], [-58.5596109, -34.5114827], [-58.5598997, -34.511329], [-58.5607778, -34.5109379], [-58.5609261, -34.5108533], [-58.5610875, -34.5107378], [-58.5613603, -34.510528], [-58.5615938, -34.5103142], [-58.5620165, -34.5097229], [-58.5623111, -34.5093963], [-58.5632071, -34.508624]]}, "properties": {"clase": "ferrocarril", "nombre": "", "osm_way": 139183580, "fuente": "OpenStreetMap vía Overpass"}}, {"type": "Feature", "geometry": {"type": "LineString", "coordinates": [[-58.5604644, -34.5115476], [-58.5600407, -34.5116877], [-58.559795, -34.5117695], [-58.5596891, -34.5118137], [-58.5595577, -34.5118905], [-58.5573586, -34.513618], [-58.5567269, -34.5141313], [-58.5566166, -34.5142338], [-58.5565187, -34.5143542], [-58.5564141, -34.5145089]]}, "properties": {"clase": "ferrocarril", "nombre": "", "osm_way": 139183583, "fuente": "OpenStreetMap vía Overpass"}}, {"type": "Feature", "geometry": {"type": "LineString", "coordinates": [[-58.5622784, -34.5108623], [-58.5613587, -34.5116042], [-58.561293, -34.5116556], [-58.5610767, -34.5117804], [-58.5608084, -34.5119025], [-58.560486, -34.5120492], [-58.5601197, -34.5122462], [-58.5597025, -34.5125496], [-58.5577711, -34.5140906]]}, "properties": {"clase": "ferrocarril", "nombre": "FC Belgrano", "osm_way": 139183586, "fuente": "OpenStreetMap vía Overpass"}}, {"type": "Feature", "geometry": {"type": "LineString", "coordinates": [[-58.5560677, -34.5150722], [-58.5561807, -34.5149089], [-58.5563366, -34.5147118], [-58.5565296, -34.5145085], [-58.558234, -34.5131596], [-58.5586803, -34.5128612], [-58.5602057, -34.5116705], [-58.5604644, -34.5115476], [-58.5607002, -34.511479], [-58.5610987, -34.5113502]]}, "properties": {"clase": "ferrocarril", "nombre": "", "osm_way": 139183587, "fuente": "OpenStreetMap vía Overpass"}}, {"type": "Feature", "geometry": {"type": "LineString", "coordinates": [[-58.600911, -34.4750225], [-58.6014885, -34.4749842]]}, "properties": {"clase": "ferrocarril", "nombre": "FC Mitre", "osm_way": 139376485, "fuente": "OpenStreetMap vía Overpass"}}, {"type": "Feature", "geometry": {"type": "LineString", "coordinates": [[-58.6014885, -34.4749842], [-58.6042206, -34.474785]]}, "properties": {"clase": "ferrocarril", "nombre": "FC Mitre", "osm_way": 139376486, "fuente": "OpenStreetMap vía Overpass"}}, {"type": "Feature", "geometry": {"type": "LineString", "coordinates": [[-58.6033509, -34.4791665], [-58.603502, -34.4789636]]}, "properties": {"clase": "ferrocarril", "nombre": "FC Mitre", "osm_way": 139376487, "fuente": "OpenStreetMap vía Overpass"}}, {"type": "Feature", "geometry": {"type": "LineString", "coordinates": [[-58.6050261, -34.4769343], [-58.6055888, -34.4761536]]}, "properties": {"clase": "ferrocarril", "nombre": "FC Mitre", "osm_way": 139376489, "fuente": "OpenStreetMap vía Overpass"}}, {"type": "Feature", "geometry": {"type": "LineString", "coordinates": [[-58.603502, -34.4789636], [-58.6039857, -34.4783141], [-58.6045045, -34.4776379], [-58.6050261, -34.4769343]]}, "properties": {"clase": "ferrocarril", "nombre": "FC Mitre", "osm_way": 139376490, "fuente": "OpenStreetMap vía Overpass"}}, {"type": "Feature", "geometry": {"type": "LineString", "coordinates": [[-58.5527603, -34.4964734], [-58.552757, -34.4963888], [-58.55276, -34.4963042], [-58.552768, -34.4962197], [-58.5527797, -34.4961434], [-58.5527971, -34.4960594], [-58.5528309, -34.4959458]]}, "properties": {"clase": "avenida", "nombre": "Puente Márquez", "osm_way": 139942090, "fuente": "OpenStreetMap vía Overpass"}}, {"type": "Feature", "geometry": {"type": "LineString", "coordinates": [[-58.5967542, -34.4701684], [-58.5967937, -34.4703146], [-58.596956, -34.4710594]]}, "properties": {"clase": "avenida", "nombre": "Avenida Hipólito Yrigoyen", "osm_way": 140210615, "fuente": "OpenStreetMap vía Overpass"}}, {"type": "Feature", "geometry": {"type": "LineString", "coordinates": [[-58.5623258, -34.5459638], [-58.5662081, -34.5428565], [-58.5671888, -34.5420663], [-58.5674575, -34.5418497]]}, "properties": {"clase": "ferrocarril", "nombre": "FC Mitre", "osm_way": 144028314, "fuente": "OpenStreetMap vía Overpass"}}, {"type": "Feature", "geometry": {"type": "LineString", "coordinates": [[-58.5583547, -34.5489936], [-58.5582477, -34.5490809], [-58.5579067, -34.5493592], [-58.5578208, -34.5494232], [-58.5577532, -34.5494683], [-58.5574863, -34.5496462], [-58.5571094, -34.5498821], [-58.5567197, -34.5502072]]}, "properties": {"clase": "ferrocarril", "nombre": "", "osm_way": 144029358, "fuente": "OpenStreetMap vía Overpass"}}, {"type": "Feature", "geometry": {"type": "LineString", "coordinates": [[-58.6199228, -34.4539818], [-58.623663, -34.4547733], [-58.6240404, -34.4548509], [-58.6243185, -34.4549191]]}, "properties": {"clase": "avenida", "nombre": "", "osm_way": 153269198, "fuente": "OpenStreetMap vía Overpass"}}, {"type": "Feature", "geometry": {"type": "LineString", "coordinates": [[-58.5976249, -34.4444381], [-58.5977157, -34.4445212], [-58.5977905, -34.4445759], [-58.5978457, -34.4446109], [-58.5979074, -34.4446415], [-58.598693, -34.4449901], [-58.5989405, -34.4451029]]}, "properties": {"clase": "avenida", "nombre": "Avenida Juan Domingo Perón", "osm_way": 153269201, "fuente": "OpenStreetMap vía Overpass"}}, {"type": "Feature", "geometry": {"type": "LineString", "coordinates": [[-58.4684403, -34.5329232], [-58.4683309, -34.5331581], [-58.468318, -34.5331954]]}, "properties": {"clase": "avenida", "nombre": "Avenida del Libertador", "osm_way": 155710100, "fuente": "OpenStreetMap vía Overpass"}}, {"type": "Feature", "geometry": {"type": "LineString", "coordinates": [[-58.4693844, -34.5297241], [-58.4695182, -34.5295754], [-58.4696073, -34.529477], [-58.4697511, -34.5293635], [-58.4700388, -34.5291516], [-58.4701598, -34.5290684], [-58.4702838, -34.5289831], [-58.470477, -34.5288507]]}, "properties": {"clase": "avenida", "nombre": "Avenida del Libertador", "osm_way": 155710104, "fuente": "OpenStreetMap vía Overpass"}}, {"type": "Feature", "geometry": {"type": "LineString", "coordinates": [[-58.4701362, -34.5296228], [-58.469978, -34.5299048]]}, "properties": {"clase": "avenida", "nombre": "Avenida del Libertador", "osm_way": 155710110, "fuente": "OpenStreetMap vía Overpass"}}, {"type": "Feature", "geometry": {"type": "LineString", "coordinates": [[-58.4680331, -34.5328707], [-58.468046, -34.5328071]]}, "properties": {"clase": "avenida", "nombre": "Avenida del Libertador", "osm_way": 155710115, "fuente": "OpenStreetMap vía Overpass"}}, {"type": "Feature", "geometry": {"type": "LineString", "coordinates": [[-58.5665631, -34.4343283], [-58.5667035, -34.4344384]]}, "properties": {"clase": "avenida", "nombre": "Almirante Brown", "osm_way": 158622353, "fuente": "OpenStreetMap vía Overpass"}}, {"type": "Feature", "geometry": {"type": "LineString", "coordinates": [[-58.565866, -34.4338325], [-58.5665631, -34.4343283]]}, "properties": {"clase": "avenida", "nombre": "Almirante Brown", "osm_way": 158622799, "fuente": "OpenStreetMap vía Overpass"}}, {"type": "Feature", "geometry": {"type": "LineString", "coordinates": [[-58.5727006, -34.4389432], [-58.5731693, -34.4392046], [-58.5733332, -34.4392798], [-58.5734974, -34.4393296], [-58.5737534, -34.4393852], [-58.5756389, -34.4397387], [-58.5770427, -34.4399907], [-58.5783004, -34.4402187]]}, "properties": {"clase": "avenida", "nombre": "Avenida Crisólogo Larralde", "osm_way": 160743478, "fuente": "OpenStreetMap vía Overpass"}}, {"type": "Feature", "geometry": {"type": "LineString", "coordinates": [[-58.5722068, -34.4392097], [-58.5720096, -34.4390853], [-58.5717704, -34.4389102], [-58.571739, -34.4388872]]}, "properties": {"clase": "avenida", "nombre": "Avenida Juan B. Justo", "osm_way": 160743480, "fuente": "OpenStreetMap vía Overpass"}}, {"type": "Feature", "geometry": {"type": "LineString", "coordinates": [[-58.5140647, -34.4656553], [-58.514168, -34.4655697], [-58.5145763, -34.4652352], [-58.5146565, -34.4651694], [-58.5147111, -34.4651273], [-58.5152879, -34.464683], [-58.5153958, -34.4645999], [-58.5154783, -34.4645339], [-58.5155323, -34.4644876], [-58.516082, -34.4640168], [-58.5162884, -34.4638401], [-58.5164519, -34.4636812], [-58.516532, -34.4636029], [-58.5165645, -34.4635695], [-58.5166156, -34.4635186], [-58.5168013, -34.4633314], [-58.5169668, -34.4631645], [-58.51705, -34.4630841], [-58.5170696, -34.4630609]]}, "properties": {"clase": "avenida", "nombre": "Avenida del Libertador", "osm_way": 163156268, "fuente": "OpenStreetMap vía Overpass"}}, {"type": "Feature", "geometry": {"type": "LineString", "coordinates": [[-58.4594153, -34.537766], [-58.4586249, -34.5383279], [-58.4580768, -34.5386709], [-58.4572948, -34.5390881], [-58.456043, -34.539696]]}, "properties": {"clase": "autopista", "nombre": "Avenida Leopoldo Lugones", "osm_way": 166703467, "fuente": "OpenStreetMap vía Overpass"}}, {"type": "Feature", "geometry": {"type": "LineString", "coordinates": [[-58.5958738, -34.4666886], [-58.5958517, -34.4665894], [-58.5957483, -34.4661248], [-58.5957135, -34.4659688], [-58.5956955, -34.4658878], [-58.5956769, -34.4658064], [-58.5953781, -34.4644983], [-58.5953552, -34.4643954], [-58.5950347, -34.4628584], [-58.5948979, -34.4621997], [-58.5948555, -34.4620531], [-58.5948151, -34.4619383], [-58.5947574, -34.4618149]]}, "properties": {"clase": "avenida", "nombre": "Avenida Hipólito Yrigoyen", "osm_way": 170297871, "fuente": "OpenStreetMap vía Overpass"}}, {"type": "Feature", "geometry": {"type": "LineString", "coordinates": [[-58.6055888, -34.4761536], [-58.6059823, -34.4756115], [-58.6063354, -34.475079], [-58.6066016, -34.4746455], [-58.6066152, -34.4746234]]}, "properties": {"clase": "ferrocarril", "nombre": "FC Mitre", "osm_way": 180520600, "fuente": "OpenStreetMap vía Overpass"}}, {"type": "Feature", "geometry": {"type": "LineString", "coordinates": [[-58.6111214, -34.4743245], [-58.6103844, -34.4744758], [-58.609666, -34.4746964], [-58.608943, -34.4749323], [-58.6082481, -34.4751991], [-58.6075787, -34.4755044], [-58.6069281, -34.4758482], [-58.6063242, -34.4762381], [-58.6057483, -34.4766512]]}, "properties": {"clase": "ferrocarril", "nombre": "Empalme Bancalari", "osm_way": 180520603, "fuente": "OpenStreetMap vía Overpass"}}, {"type": "Feature", "geometry": {"type": "LineString", "coordinates": [[-58.6111214, -34.4743245], [-58.6113117, -34.4743118], [-58.6125928, -34.474226], [-58.6143768, -34.47413], [-58.6152407, -34.47404], [-58.6160282, -34.4739358], [-58.6172386, -34.4737265], [-58.6179653, -34.4735789], [-58.6187786, -34.4733768], [-58.6203466, -34.4729249], [-58.6223457, -34.4721556]]}, "properties": {"clase": "ferrocarril", "nombre": "FC Mitre", "osm_way": 180520604, "fuente": "OpenStreetMap vía Overpass"}}, {"type": "Feature", "geometry": {"type": "LineString", "coordinates": [[-58.5997047, -34.5392282], [-58.5992237, -34.5384385], [-58.5979168, -34.536148], [-58.5977575, -34.5358794]]}, "properties": {"clase": "autopista", "nombre": "Camino Parque del Buen Ayre", "osm_way": 194722475, "fuente": "OpenStreetMap vía Overpass"}}, {"type": "Feature", "geometry": {"type": "LineString", "coordinates": [[-58.5999467, -34.5393632], [-58.6002048, -34.5398013], [-58.6012139, -34.5415381], [-58.602466, -34.5437022], [-58.602765, -34.5442139], [-58.6035266, -34.5455173], [-58.6042077, -34.5466666], [-58.604415, -34.5469851], [-58.6046274, -34.5472929], [-58.6049126, -34.5476447], [-58.6052655, -34.5480582], [-58.6054563, -34.5482655], [-58.6056477, -34.5484525], [-58.6060122, -34.5487771], [-58.6064148, -34.549107], [-58.60676, -34.5493592], [-58.6071451, -34.5496217], [-58.6075159, -34.5498489], [-58.6078918, -34.5500666], [-58.6081182, -34.5501863]]}, "properties": {"clase": "autopista", "nombre": "Camino Parque del Buen Ayre", "osm_way": 194726558, "fuente": "OpenStreetMap vía Overpass"}}, {"type": "Feature", "geometry": {"type": "LineString", "coordinates": [[-58.5998175, -34.5391414], [-58.5999467, -34.5393632]]}, "properties": {"clase": "autopista", "nombre": "Camino Parque del Buen Ayre", "osm_way": 194726559, "fuente": "OpenStreetMap vía Overpass"}}, {"type": "Feature", "geometry": {"type": "LineString", "coordinates": [[-58.5998336, -34.5394448], [-58.5997047, -34.5392282]]}, "properties": {"clase": "autopista", "nombre": "Camino Parque del Buen Ayre", "osm_way": 194726560, "fuente": "OpenStreetMap vía Overpass"}}, {"type": "Feature", "geometry": {"type": "LineString", "coordinates": [[-58.5903905, -34.511457], [-58.5907086, -34.5145967], [-58.5909886, -34.517458], [-58.5911346, -34.5191685], [-58.5911449, -34.5192886], [-58.5911769, -34.5194929], [-58.5912272, -34.5197806], [-58.5912858, -34.5200547], [-58.5913625, -34.5203663], [-58.5914053, -34.5205171], [-58.5914742, -34.5207595], [-58.5915776, -34.5210467], [-58.5919046, -34.5218052]]}, "properties": {"clase": "autopista", "nombre": "Camino Parque del Buen Ayre", "osm_way": 197611778, "fuente": "OpenStreetMap vía Overpass"}}, {"type": "Feature", "geometry": {"type": "LineString", "coordinates": [[-58.5902427, -34.5099859], [-58.5902883, -34.5104233], [-58.5903905, -34.511457]]}, "properties": {"clase": "autopista", "nombre": "Camino Parque del Buen Ayre", "osm_way": 197611779, "fuente": "OpenStreetMap vía Overpass"}}, {"type": "Feature", "geometry": {"type": "LineString", "coordinates": [[-58.5954194, -34.4937616], [-58.5953165, -34.4941263], [-58.5952685, -34.4942762], [-58.5951934, -34.4944486], [-58.5950785, -34.4946749], [-58.5949699, -34.4948683], [-58.5948326, -34.4950841], [-58.5946889, -34.4952767], [-58.5944718, -34.4955222], [-58.5942276, -34.4957591], [-58.5939909, -34.4959704], [-58.5929143, -34.4968858], [-58.5917921, -34.4978401], [-58.5916124, -34.4980056], [-58.5915141, -34.4981068], [-58.5913337, -34.4982958], [-58.5911757, -34.4984734], [-58.5910224, -34.4986681], [-58.5908452, -34.4989037], [-58.590692, -34.4991271], [-58.5904365, -34.4995319], [-58.5903104, -34.4997575], [-58.59019, -34.4999919], [-58.5901094, -34.5001789], [-58.5900259, -34.5003743], [-58.5898904, -34.5007557], [-58.5898062, -34.5010207]]}, "properties": {"clase": "autopista", "nombre": "Camino Parque del Buen Ayre", "osm_way": 197611780, "fuente": "OpenStreetMap vía Overpass"}}, {"type": "Feature", "geometry": {"type": "LineString", "coordinates": [[-58.6151903, -34.4853651], [-58.6146105, -34.485449]]}, "properties": {"clase": "autopista", "nombre": "Acceso Norte", "osm_way": 197737405, "fuente": "OpenStreetMap vía Overpass"}}, {"type": "Feature", "geometry": {"type": "LineString", "coordinates": [[-58.6143667, -34.4853088], [-58.6149439, -34.4852257]]}, "properties": {"clase": "autopista", "nombre": "Acceso Norte", "osm_way": 197737406, "fuente": "OpenStreetMap vía Overpass"}}, {"type": "Feature", "geometry": {"type": "LineString", "coordinates": [[-58.6149439, -34.4852257], [-58.6174053, -34.4848623], [-58.6187183, -34.4846685]]}, "properties": {"clase": "autopista", "nombre": "Acceso Norte", "osm_way": 197737409, "fuente": "OpenStreetMap vía Overpass"}}, {"type": "Feature", "geometry": {"type": "LineString", "coordinates": [[-58.6041278, -34.4804315], [-58.604339, -34.4804778], [-58.6045382, -34.4805125], [-58.60469, -34.480539], [-58.6059272, -34.4807413], [-58.6060909, -34.480776], [-58.6062586, -34.4808189], [-58.6064145, -34.4808722], [-58.6065513, -34.4809202], [-58.6066711, -34.4809717], [-58.6067777, -34.4810183], [-58.6073812, -34.48135], [-58.6074993, -34.4814122], [-58.6082315, -34.4817979], [-58.6092408, -34.4823357], [-58.6095476, -34.4824989], [-58.6096173, -34.482536], [-58.6098002, -34.4826357], [-58.6104605, -34.4829954], [-58.6105148, -34.483025], [-58.6105981, -34.4830696], [-58.6114277, -34.4835064]]}, "properties": {"clase": "avenida", "nombre": "Avenida Ángel Torcuato de Alvear", "osm_way": 197737412, "fuente": "OpenStreetMap vía Overpass"}}, {"type": "Feature", "geometry": {"type": "LineString", "coordinates": [[-58.5977813, -34.4748792], [-58.5978097, -34.4750285]]}, "properties": {"clase": "avenida", "nombre": "Avenida Hipólito Yrigoyen", "osm_way": 198313084, "fuente": "OpenStreetMap vía Overpass"}}, {"type": "Feature", "geometry": {"type": "LineString", "coordinates": [[-58.5978932, -34.4755513], [-58.5979426, -34.4757284], [-58.5979749, -34.4758277], [-58.5980075, -34.4759049], [-58.5980555, -34.4759874], [-58.5981014, -34.4760394]]}, "properties": {"clase": "avenida", "nombre": "Avenida Hipólito Yrigoyen", "osm_way": 198313092, "fuente": "OpenStreetMap vía Overpass"}}, {"type": "Feature", "geometry": {"type": "LineString", "coordinates": [[-58.5970998, -34.4718293], [-58.5971328, -34.4719879], [-58.5971456, -34.4720494], [-58.5971489, -34.4720653], [-58.5971621, -34.4721283], [-58.597181, -34.4722192]]}, "properties": {"clase": "avenida", "nombre": "Avenida Hipólito Yrigoyen", "osm_way": 198378374, "fuente": "OpenStreetMap vía Overpass"}}, {"type": "Feature", "geometry": {"type": "LineString", "coordinates": [[-58.597221, -34.4726099], [-58.5971587, -34.4723027], [-58.597181, -34.4722192]]}, "properties": {"clase": "avenida", "nombre": "Avenida Hipólito Yrigoyen", "osm_way": 198379145, "fuente": "OpenStreetMap vía Overpass"}}, {"type": "Feature", "geometry": {"type": "LineString", "coordinates": [[-58.597181, -34.4722192], [-58.5972263, -34.4722928], [-58.5973689, -34.4728822], [-58.5975458, -34.4735964]]}, "properties": {"clase": "avenida", "nombre": "Avenida Hipólito Yrigoyen", "osm_way": 198379146, "fuente": "OpenStreetMap vía Overpass"}}, {"type": "Feature", "geometry": {"type": "LineString", "coordinates": [[-58.5978097, -34.4750285], [-58.597842, -34.4752772], [-58.5978542, -34.4754113]]}, "properties": {"clase": "avenida", "nombre": "Avenida Hipólito Yrigoyen", "osm_way": 198453971, "fuente": "OpenStreetMap vía Overpass"}}, {"type": "Feature", "geometry": {"type": "LineString", "coordinates": [[-58.5970998, -34.4718293], [-58.5970468, -34.4717413], [-58.5968863, -34.4710697], [-58.5967338, -34.4703709], [-58.5967132, -34.4703152], [-58.5966591, -34.4701801]]}, "properties": {"clase": "avenida", "nombre": "Avenida Hipólito Yrigoyen", "osm_way": 198454104, "fuente": "OpenStreetMap vía Overpass"}}, {"type": "Feature", "geometry": {"type": "LineString", "coordinates": [[-58.5840588, -34.456492], [-58.5842065, -34.4565529], [-58.5853717, -34.4570674], [-58.5891787, -34.4587218], [-58.5925916, -34.460203], [-58.5938592, -34.460796], [-58.5940409, -34.4608973], [-58.5942779, -34.4610676], [-58.5943887, -34.4611603], [-58.5944856, -34.4612473]]}, "properties": {"clase": "avenida", "nombre": "Avenida Hipólito Yrigoyen", "osm_way": 198454108, "fuente": "OpenStreetMap vía Overpass"}}, {"type": "Feature", "geometry": {"type": "LineString", "coordinates": [[-58.5944856, -34.4612473], [-58.5945806, -34.4613589]]}, "properties": {"clase": "avenida", "nombre": "Avenida Hipólito Yrigoyen", "osm_way": 198454110, "fuente": "OpenStreetMap vía Overpass"}}, {"type": "Feature", "geometry": {"type": "LineString", "coordinates": [[-58.5945561, -34.4615074], [-58.5944713, -34.4614024], [-58.5943727, -34.4612974]]}, "properties": {"clase": "avenida", "nombre": "Avenida Hipólito Yrigoyen", "osm_way": 198454149, "fuente": "OpenStreetMap vía Overpass"}}, {"type": "Feature", "geometry": {"type": "LineString", "coordinates": [[-58.5943727, -34.4612974], [-58.59413, -34.4610836], [-58.5939466, -34.4609527], [-58.5937799, -34.4608545], [-58.5935752, -34.4607591], [-58.5922294, -34.4601327], [-58.5915744, -34.4598449], [-58.5897515, -34.459069], [-58.5874751, -34.4580742], [-58.5853252, -34.4571413], [-58.5842586, -34.4566909], [-58.5840947, -34.4566217], [-58.5839578, -34.4565647], [-58.5834967, -34.4563726], [-58.5825257, -34.4559681]]}, "properties": {"clase": "avenida", "nombre": "Avenida Hipólito Yrigoyen", "osm_way": 198454168, "fuente": "OpenStreetMap vía Overpass"}}, {"type": "Feature", "geometry": {"type": "LineString", "coordinates": [[-58.5945806, -34.4613589], [-58.5946799, -34.4614888], [-58.5947436, -34.4615871], [-58.5947617, -34.461615], [-58.5948331, -34.4617384], [-58.5949453, -34.4620217], [-58.5949948, -34.462188], [-58.5951318, -34.4628427], [-58.5954543, -34.4643845], [-58.5954776, -34.464484], [-58.5955721, -34.4649047], [-58.5955862, -34.4649672], [-58.5956821, -34.4653857], [-58.5956923, -34.4654267], [-58.5957678, -34.4657948], [-58.5957842, -34.4658748], [-58.5958033, -34.4659577], [-58.5958098, -34.4659858], [-58.5959465, -34.4665794], [-58.5959881, -34.46676], [-58.5960034, -34.4668321], [-58.5960496, -34.4670501], [-58.5962127, -34.4678192], [-58.596454, -34.4689105], [-58.5964613, -34.4689435], [-58.596492, -34.4690827], [-58.5965235, -34.4692205], [-58.5967103, -34.4700388], [-58.5967542, -34.4701684]]}, "properties": {"clase": "avenida", "nombre": "Avenida Hipólito Yrigoyen", "osm_way": 198454179, "fuente": "OpenStreetMap vía Overpass"}}, {"type": "Feature", "geometry": {"type": "LineString", "coordinates": [[-58.5947574, -34.4618149], [-58.5946709, -34.4616705], [-58.5945561, -34.4615074]]}, "properties": {"clase": "avenida", "nombre": "Avenida Hipólito Yrigoyen", "osm_way": 198707054, "fuente": "OpenStreetMap vía Overpass"}}, {"type": "Feature", "geometry": {"type": "LineString", "coordinates": [[-58.6057483, -34.4766512], [-58.6050796, -34.4772092]]}, "properties": {"clase": "ferrocarril", "nombre": "Empalme Bancalari", "osm_way": 198707056, "fuente": "OpenStreetMap vía Overpass"}}, {"type": "Feature", "geometry": {"type": "LineString", "coordinates": [[-58.6050796, -34.4772092], [-58.6046783, -34.4775693], [-58.6044763, -34.4777764], [-58.6043358, -34.4779205], [-58.6039857, -34.4783141]]}, "properties": {"clase": "ferrocarril", "nombre": "Empalme Bancalari", "osm_way": 198707058, "fuente": "OpenStreetMap vía Overpass"}}, {"type": "Feature", "geometry": {"type": "LineString", "coordinates": [[-58.4697642, -34.5365491], [-58.4691985, -34.5362952], [-58.4685388, -34.5360194]]}, "properties": {"clase": "autopista", "nombre": "Avenida General Paz", "osm_way": 198994620, "fuente": "OpenStreetMap vía Overpass"}}, {"type": "Feature", "geometry": {"type": "LineString", "coordinates": [[-58.4701143, -34.5367014], [-58.4697642, -34.5365491]]}, "properties": {"clase": "autopista", "nombre": "Avenida General Paz", "osm_way": 198994621, "fuente": "OpenStreetMap vía Overpass"}}, {"type": "Feature", "geometry": {"type": "LineString", "coordinates": [[-58.4703035, -34.5363872], [-58.4722372, -34.5372131], [-58.4725084, -34.5373215]]}, "properties": {"clase": "autopista", "nombre": "Avenida General Paz", "osm_way": 198994622, "fuente": "OpenStreetMap vía Overpass"}}, {"type": "Feature", "geometry": {"type": "LineString", "coordinates": [[-58.4699686, -34.5362377], [-58.4703035, -34.5363872]]}, "properties": {"clase": "autopista", "nombre": "Avenida General Paz", "osm_way": 198994623, "fuente": "OpenStreetMap vía Overpass"}}, {"type": "Feature", "geometry": {"type": "LineString", "coordinates": [[-58.5825257, -34.4559681], [-58.5815439, -34.4555493], [-58.5809487, -34.4552954], [-58.5799418, -34.4548586], [-58.5798342, -34.4548123], [-58.5796267, -34.4547229], [-58.5789482, -34.4544306]]}, "properties": {"clase": "avenida", "nombre": "Avenida Hipólito Yrigoyen", "osm_way": 199281005, "fuente": "OpenStreetMap vía Overpass"}}, {"type": "Feature", "geometry": {"type": "LineString", "coordinates": [[-58.582644, -34.5263058], [-58.582369, -34.5266377], [-58.582113, -34.5269803], [-58.5820101, -34.5271507]]}, "properties": {"clase": "ferrocarril", "nombre": "", "osm_way": 200166529, "fuente": "OpenStreetMap vía Overpass"}}, {"type": "Feature", "geometry": {"type": "LineString", "coordinates": [[-58.5770136, -34.5338129], [-58.5776438, -34.5333047], [-58.5778338, -34.5331436], [-58.5780971, -34.5329048], [-58.5783676, -34.5326467], [-58.5785845, -34.5324097], [-58.5788475, -34.5321225], [-58.5795198, -34.531388], [-58.5802176, -34.5306224], [-58.5804081, -34.5304134], [-58.5810157, -34.529751], [-58.581347, -34.5293367], [-58.5816995, -34.5286732], [-58.5824413, -34.5272772], [-58.5831947, -34.5255332], [-58.5833539, -34.5251646]]}, "properties": {"clase": "ferrocarril", "nombre": "", "osm_way": 200166530, "fuente": "OpenStreetMap vía Overpass"}}, {"type": "Feature", "geometry": {"type": "LineString", "coordinates": [[-58.5813523, -34.5291245], [-58.5811123, -34.5295521], [-58.5809765, -34.5297157]]}, "properties": {"clase": "ferrocarril", "nombre": "", "osm_way": 200166627, "fuente": "OpenStreetMap vía Overpass"}}, {"type": "Feature", "geometry": {"type": "LineString", "coordinates": [[-58.570146, -34.437658], [-58.57006, -34.43759]]}, "properties": {"clase": "avenida", "nombre": "Avenida Juan B. Justo", "osm_way": 200694992, "fuente": "OpenStreetMap vía Overpass"}}, {"type": "Feature", "geometry": {"type": "LineString", "coordinates": [[-58.5622871, -34.4796283], [-58.5638018, -34.4766599]]}, "properties": {"clase": "autopista", "nombre": "Acceso Norte Ramal Tigre", "osm_way": 200695012, "fuente": "OpenStreetMap vía Overpass"}}, {"type": "Feature", "geometry": {"type": "LineString", "coordinates": [[-58.5677337, -34.4697218], [-58.567871, -34.4694877]]}, "properties": {"clase": "autopista", "nombre": "Acceso Norte Ramal Tigre", "osm_way": 200695014, "fuente": "OpenStreetMap vía Overpass"}}, {"type": "Feature", "geometry": {"type": "LineString", "coordinates": [[-58.5709198, -34.4636994], [-58.5710058, -34.4635093], [-58.5713014, -34.4628316]]}, "properties": {"clase": "autopista", "nombre": "Acceso Norte Ramal Tigre", "osm_way": 200695015, "fuente": "OpenStreetMap vía Overpass"}}, {"type": "Feature", "geometry": {"type": "LineString", "coordinates": [[-58.5612168, -34.4821356], [-58.5622871, -34.4796283]]}, "properties": {"clase": "autopista", "nombre": "Acceso Norte Ramal Tigre", "osm_way": 200695016, "fuente": "OpenStreetMap vía Overpass"}}, {"type": "Feature", "geometry": {"type": "LineString", "coordinates": [[-58.5783698, -34.446102], [-58.5794174, -34.4445847]]}, "properties": {"clase": "autopista", "nombre": "Ramal Tigre", "osm_way": 200695017, "fuente": "OpenStreetMap vía Overpass"}}, {"type": "Feature", "geometry": {"type": "LineString", "coordinates": [[-58.5713014, -34.4628316], [-58.5715126, -34.4622854], [-58.571915, -34.4611908]]}, "properties": {"clase": "autopista", "nombre": "Acceso Norte Ramal Tigre", "osm_way": 200695018, "fuente": "OpenStreetMap vía Overpass"}}, {"type": "Feature", "geometry": {"type": "LineString", "coordinates": [[-58.574263, -34.4546685], [-58.5748971, -34.4528979]]}, "properties": {"clase": "autopista", "nombre": "Ramal Tigre", "osm_way": 200695019, "fuente": "OpenStreetMap vía Overpass"}}, {"type": "Feature", "geometry": {"type": "LineString", "coordinates": [[-58.5657499, -34.473085], [-58.5666517, -34.4716072]]}, "properties": {"clase": "autopista", "nombre": "Acceso Norte Ramal Tigre", "osm_way": 200695020, "fuente": "OpenStreetMap vía Overpass"}}, {"type": "Feature", "geometry": {"type": "LineString", "coordinates": [[-58.5730504, -34.458047], [-58.5731901, -34.4576563], [-58.5737382, -34.4561237], [-58.574263, -34.4546685]]}, "properties": {"clase": "autopista", "nombre": "Acceso Norte Ramal Tigre", "osm_way": 200695021, "fuente": "OpenStreetMap vía Overpass"}}, {"type": "Feature", "geometry": {"type": "LineString", "coordinates": [[-58.5638018, -34.4766599], [-58.564326, -34.4756425], [-58.5651242, -34.4741424], [-58.5657499, -34.473085]]}, "properties": {"clase": "autopista", "nombre": "Acceso Norte Ramal Tigre", "osm_way": 200695022, "fuente": "OpenStreetMap vía Overpass"}}, {"type": "Feature", "geometry": {"type": "LineString", "coordinates": [[-58.5757897, -34.4507544], [-58.5763496, -34.4496019], [-58.5764732, -34.4493475], [-58.5771157, -34.4481569], [-58.5775736, -34.4473715], [-58.5781723, -34.4464085], [-58.5783698, -34.446102]]}, "properties": {"clase": "autopista", "nombre": "Acceso Norte Ramal Tigre", "osm_way": 200695023, "fuente": "OpenStreetMap vía Overpass"}}, {"type": "Feature", "geometry": {"type": "LineString", "coordinates": [[-58.5816713, -34.4409561], [-58.5818954, -34.4409963], [-58.5822593, -34.4410692]]}, "properties": {"clase": "avenida", "nombre": "Avenida Crisólogo Larralde", "osm_way": 200700129, "fuente": "OpenStreetMap vía Overpass"}}, {"type": "Feature", "geometry": {"type": "LineString", "coordinates": [[-58.5714117, -34.4628644], [-58.5710468, -34.4637538]]}, "properties": {"clase": "autopista", "nombre": "Acceso Norte Ramal Tigre", "osm_way": 200700163, "fuente": "OpenStreetMap vía Overpass"}}, {"type": "Feature", "geometry": {"type": "LineString", "coordinates": [[-58.5678559, -34.4697712], [-58.5669576, -34.4713299]]}, "properties": {"clase": "autopista", "nombre": "Acceso Norte Ramal Tigre", "osm_way": 200700165, "fuente": "OpenStreetMap vía Overpass"}}, {"type": "Feature", "geometry": {"type": "LineString", "coordinates": [[-58.5758595, -34.4509032], [-58.5756457, -34.4513747], [-58.5754637, -34.4518096], [-58.5751577, -34.4525687]]}, "properties": {"clase": "autopista", "nombre": "Ramal Tigre", "osm_way": 200700167, "fuente": "OpenStreetMap vía Overpass"}}, {"type": "Feature", "geometry": {"type": "LineString", "coordinates": [[-58.5731707, -34.458077], [-58.5725302, -34.459855], [-58.5723656, -34.4603117]]}, "properties": {"clase": "autopista", "nombre": "Acceso Norte Ramal Tigre", "osm_way": 200700170, "fuente": "OpenStreetMap vía Overpass"}}, {"type": "Feature", "geometry": {"type": "LineString", "coordinates": [[-58.5623461, -34.4799173], [-58.5618884, -34.4808924], [-58.5614431, -34.4819575]]}, "properties": {"clase": "autopista", "nombre": "Acceso Norte Ramal Tigre", "osm_way": 200700171, "fuente": "OpenStreetMap vía Overpass"}}, {"type": "Feature", "geometry": {"type": "LineString", "coordinates": [[-58.5640432, -34.4764569], [-58.5629133, -34.4787378], [-58.5623461, -34.4799173]]}, "properties": {"clase": "autopista", "nombre": "Acceso Norte Ramal Tigre", "osm_way": 200700173, "fuente": "OpenStreetMap vía Overpass"}}, {"type": "Feature", "geometry": {"type": "LineString", "coordinates": [[-58.5692559, -34.4673795], [-58.5688553, -34.4680605], [-58.5684627, -34.4687369], [-58.568442, -34.46877]]}, "properties": {"clase": "autopista", "nombre": "Acceso Norte Ramal Tigre", "osm_way": 200700175, "fuente": "OpenStreetMap vía Overpass"}}, {"type": "Feature", "geometry": {"type": "LineString", "coordinates": [[-58.57404, -34.4556696], [-58.5738863, -34.456093], [-58.5733211, -34.4576402], [-58.5731707, -34.458077]]}, "properties": {"clase": "autopista", "nombre": "Acceso Norte Ramal Tigre", "osm_way": 200700176, "fuente": "OpenStreetMap vía Overpass"}}, {"type": "Feature", "geometry": {"type": "LineString", "coordinates": [[-58.5658385, -34.4732014], [-58.5650995, -34.4745599], [-58.5640432, -34.4764569]]}, "properties": {"clase": "autopista", "nombre": "Acceso Norte Ramal Tigre", "osm_way": 200700178, "fuente": "OpenStreetMap vía Overpass"}}, {"type": "Feature", "geometry": {"type": "LineString", "coordinates": [[-58.5614431, -34.4819575], [-58.5604733, -34.4843123]]}, "properties": {"clase": "autopista", "nombre": "Acceso Norte Ramal Tigre", "osm_way": 200700180, "fuente": "OpenStreetMap vía Overpass"}}, {"type": "Feature", "geometry": {"type": "LineString", "coordinates": [[-58.5776428, -34.4475075], [-58.577234, -34.4481802], [-58.5765198, -34.4495314], [-58.5760825, -34.4504144], [-58.5758595, -34.4509032]]}, "properties": {"clase": "autopista", "nombre": "Acceso Norte Ramal Tigre", "osm_way": 200700182, "fuente": "OpenStreetMap vía Overpass"}}, {"type": "Feature", "geometry": {"type": "LineString", "coordinates": [[-58.5722068, -34.4392097], [-58.5721638, -34.4391461], [-58.5721455, -34.4390749], [-58.5721535, -34.4390025], [-58.572187, -34.4389351], [-58.5722174, -34.4389046], [-58.572243, -34.4388789], [-58.5723167, -34.4388389], [-58.5724014, -34.4388185], [-58.5724897, -34.4388197], [-58.5725736, -34.4388422]]}, "properties": {"clase": "avenida", "nombre": "", "osm_way": 200700191, "fuente": "OpenStreetMap vía Overpass"}}, {"type": "Feature", "geometry": {"type": "LineString", "coordinates": [[-58.5541492, -34.4955077], [-58.554238, -34.4955234], [-58.5543422, -34.4955492], [-58.5544526, -34.4955804], [-58.554559, -34.4956201], [-58.5546604, -34.4956679], [-58.5547553, -34.4957239]]}, "properties": {"clase": "avenida", "nombre": "Puente Márquez", "osm_way": 202358031, "fuente": "OpenStreetMap vía Overpass"}}, {"type": "Feature", "geometry": {"type": "LineString", "coordinates": [[-58.4903403, -34.5494217], [-58.4918518, -34.547221], [-58.4928393, -34.5458214], [-58.4938678, -34.5443156], [-58.4939991, -34.5441344], [-58.4941186, -34.5439433], [-58.4941815, -34.543824], [-58.4942646, -34.5436715], [-58.4944013, -34.5434112], [-58.4945498, -34.5430774], [-58.4946287, -34.5428488], [-58.4946562, -34.5427495], [-58.4946899, -34.5426301], [-58.4947118, -34.5425361], [-58.4947422, -34.5423592], [-58.4947811, -34.5418964], [-58.4947972, -34.5416578], [-58.4947948, -34.5412109], [-58.4947843, -34.5406702]]}, "properties": {"clase": "ferrocarril", "nombre": "FC Mitre", "osm_way": 205200620, "fuente": "OpenStreetMap vía Overpass"}}, {"type": "Feature", "geometry": {"type": "LineString", "coordinates": [[-58.494754, -34.5444815], [-58.4946528, -34.5444738]]}, "properties": {"clase": "ferrocarril", "nombre": "FC Belgrano", "osm_way": 205200790, "fuente": "OpenStreetMap vía Overpass"}}, {"type": "Feature", "geometry": {"type": "LineString", "coordinates": [[-58.4960747, -34.5445009], [-58.4957535, -34.5445095], [-58.4953523, -34.5445045], [-58.4950826, -34.5444982], [-58.494754, -34.5444815]]}, "properties": {"clase": "ferrocarril", "nombre": "FC Belgrano", "osm_way": 205200792, "fuente": "OpenStreetMap vía Overpass"}}, {"type": "Feature", "geometry": {"type": "LineString", "coordinates": [[-58.4947838, -34.5406105], [-58.4947677, -34.5400582], [-58.4947248, -34.5390308], [-58.4946746, -34.5372919], [-58.4946628, -34.5363381], [-58.4945992, -34.5346339], [-58.4945638, -34.5334982], [-58.4945504, -34.5327821], [-58.4945039, -34.5316921], [-58.4944633, -34.5301524], [-58.4944364, -34.5291655], [-58.4943707, -34.5277221], [-58.4942706, -34.5253872], [-58.4942108, -34.5240098], [-58.4941651, -34.5231348], [-58.4941171, -34.5224107], [-58.4940996, -34.5222738], [-58.4940864, -34.5221578]]}, "properties": {"clase": "ferrocarril", "nombre": "FC Mitre", "osm_way": 205201400, "fuente": "OpenStreetMap vía Overpass"}}, {"type": "Feature", "geometry": {"type": "LineString", "coordinates": [[-58.4947843, -34.5406702], [-58.4947838, -34.5406105]]}, "properties": {"clase": "ferrocarril", "nombre": "FC Mitre", "osm_way": 205201401, "fuente": "OpenStreetMap vía Overpass"}}, {"type": "Feature", "geometry": {"type": "LineString", "coordinates": [[-58.4940864, -34.5221578], [-58.4940612, -34.5220034]]}, "properties": {"clase": "ferrocarril", "nombre": "FC Mitre", "osm_way": 205204060, "fuente": "OpenStreetMap vía Overpass"}}, {"type": "Feature", "geometry": {"type": "LineString", "coordinates": [[-58.4940612, -34.5220034], [-58.4940261, -34.5218119], [-58.4939855, -34.5216272], [-58.4938828, -34.5212295], [-58.4937486, -34.5208271], [-58.493593, -34.5204357], [-58.4933945, -34.5200518], [-58.4931799, -34.5196813], [-58.4929358, -34.5193416], [-58.4926702, -34.5190219], [-58.4920802, -34.518353], [-58.4914022, -34.5175508], [-58.4912906, -34.5174201], [-58.4906472, -34.5166667], [-58.490373, -34.5163455]]}, "properties": {"clase": "ferrocarril", "nombre": "FC Mitre", "osm_way": 205204062, "fuente": "OpenStreetMap vía Overpass"}}, {"type": "Feature", "geometry": {"type": "LineString", "coordinates": [[-58.5816066, -34.4235507], [-58.5815422, -34.423605], [-58.5802345, -34.4246348]]}, "properties": {"clase": "ferrocarril", "nombre": "FC Mitre", "osm_way": 205318535, "fuente": "OpenStreetMap vía Overpass"}}, {"type": "Feature", "geometry": {"type": "LineString", "coordinates": [[-58.512976, -34.4745288], [-58.5127042, -34.4743767]]}, "properties": {"clase": "avenida", "nombre": "Avenida Bernabé Márquez", "osm_way": 207250207, "fuente": "OpenStreetMap vía Overpass"}}, {"type": "Feature", "geometry": {"type": "LineString", "coordinates": [[-58.5972447, -34.4445081], [-58.5971827, -34.4444563], [-58.5971207, -34.4444045], [-58.5970415, -34.4443576], [-58.5968208, -34.4442509], [-58.5964885, -34.4440942], [-58.5961851, -34.4439402], [-58.5960819, -34.4438591]]}, "properties": {"clase": "avenida", "nombre": "Avenida Crisólogo Larralde", "osm_way": 207736292, "fuente": "OpenStreetMap vía Overpass"}}, {"type": "Feature", "geometry": {"type": "LineString", "coordinates": [[-58.571739, -34.4388872], [-58.5711223, -34.4384341], [-58.5710319, -34.4383677], [-58.5706681, -34.4380879], [-58.5703284, -34.437817]]}, "properties": {"clase": "avenida", "nombre": "Avenida Juan B. Justo", "osm_way": 208688200, "fuente": "OpenStreetMap vía Overpass"}}, {"type": "Feature", "geometry": {"type": "LineString", "coordinates": [[-58.4699083, -34.5363296], [-58.4702493, -34.5364772]]}, "properties": {"clase": "autopista", "nombre": "Avenida General Paz", "osm_way": 219731983, "fuente": "OpenStreetMap vía Overpass"}}, {"type": "Feature", "geometry": {"type": "LineString", "coordinates": [[-58.4698308, -34.5364476], [-58.4691337, -34.5361292]]}, "properties": {"clase": "autopista", "nombre": "Avenida General Paz", "osm_way": 219731984, "fuente": "OpenStreetMap vía Overpass"}}, {"type": "Feature", "geometry": {"type": "LineString", "coordinates": [[-58.4686879, -34.5357776], [-58.4694947, -34.5361389]]}, "properties": {"clase": "autopista", "nombre": "Avenida General Paz", "osm_way": 219731985, "fuente": "OpenStreetMap vía Overpass"}}, {"type": "Feature", "geometry": {"type": "LineString", "coordinates": [[-58.4680581, -34.5356369], [-58.4676744, -34.5354824], [-58.4670338, -34.5352372], [-58.4665672, -34.53507], [-58.4661549, -34.5349246], [-58.4657913, -34.534804]]}, "properties": {"clase": "autopista", "nombre": "Avenida General Paz", "osm_way": 219731986, "fuente": "OpenStreetMap vía Overpass"}}, {"type": "Feature", "geometry": {"type": "LineString", "coordinates": [[-58.4663466, -34.5353688], [-58.4660386, -34.5351271], [-58.4659247, -34.5350445]]}, "properties": {"clase": "autopista", "nombre": "Avenida General Paz", "osm_way": 219731987, "fuente": "OpenStreetMap vía Overpass"}}, {"type": "Feature", "geometry": {"type": "LineString", "coordinates": [[-58.4659247, -34.5350445], [-58.4656018, -34.5348738]]}, "properties": {"clase": "autopista", "nombre": "Avenida General Paz", "osm_way": 219731988, "fuente": "OpenStreetMap vía Overpass"}}, {"type": "Feature", "geometry": {"type": "LineString", "coordinates": [[-58.4667007, -34.5359775], [-58.4667997, -34.5357999], [-58.4668203, -34.5357618], [-58.4669343, -34.5356733]]}, "properties": {"clase": "avenida", "nombre": "Avenida Del Libertador", "osm_way": 219731990, "fuente": "OpenStreetMap vía Overpass"}}, {"type": "Feature", "geometry": {"type": "LineString", "coordinates": [[-58.4370544, -34.5492436], [-58.4355839, -34.5500402], [-58.4333505, -34.5512625], [-58.4333262, -34.5512742]]}, "properties": {"clase": "autopista", "nombre": "Avenida Leopoldo Lugones", "osm_way": 221664933, "fuente": "OpenStreetMap vía Overpass"}}, {"type": "Feature", "geometry": {"type": "LineString", "coordinates": [[-58.6018949, -34.4800796], [-58.6017893, -34.480156], [-58.6016822, -34.4802335], [-58.6015348, -34.4802819], [-58.601445, -34.4802953], [-58.6013712, -34.480291], [-58.6012349, -34.480247], [-58.6011674, -34.4801932], [-58.6010948, -34.4800839]]}, "properties": {"clase": "avenida", "nombre": "", "osm_way": 222720123, "fuente": "OpenStreetMap vía Overpass"}}, {"type": "Feature", "geometry": {"type": "LineString", "coordinates": [[-58.5768622, -34.4886018], [-58.5793934, -34.4883882], [-58.5833727, -34.4881062], [-58.5853633, -34.4879696]]}, "properties": {"clase": "autopista", "nombre": "Acceso Norte", "osm_way": 223091983, "fuente": "OpenStreetMap vía Overpass"}}, {"type": "Feature", "geometry": {"type": "LineString", "coordinates": [[-58.5850147, -34.4881783], [-58.5833965, -34.4882911], [-58.5794153, -34.488568], [-58.5773308, -34.4887424], [-58.5765665, -34.4888116]]}, "properties": {"clase": "autopista", "nombre": "Acceso Norte", "osm_way": 223091985, "fuente": "OpenStreetMap vía Overpass"}}, {"type": "Feature", "geometry": {"type": "LineString", "coordinates": [[-58.5765665, -34.4888116], [-58.5748436, -34.4889867]]}, "properties": {"clase": "autopista", "nombre": "Acceso Norte", "osm_way": 223091988, "fuente": "OpenStreetMap vía Overpass"}}, {"type": "Feature", "geometry": {"type": "LineString", "coordinates": [[-58.5595079, -34.4934445], [-58.5609736, -34.4929032], [-58.5619652, -34.4925406]]}, "properties": {"clase": "autopista", "nombre": "Acceso Norte", "osm_way": 223091991, "fuente": "OpenStreetMap vía Overpass"}}, {"type": "Feature", "geometry": {"type": "LineString", "coordinates": [[-58.5748439, -34.4887996], [-58.5754842, -34.4887261], [-58.5768622, -34.4886018]]}, "properties": {"clase": "autopista", "nombre": "Acceso Norte", "osm_way": 223091994, "fuente": "OpenStreetMap vía Overpass"}}, {"type": "Feature", "geometry": {"type": "LineString", "coordinates": [[-58.5619652, -34.4925406], [-58.564189, -34.4917097], [-58.5664103, -34.4908663], [-58.5677778, -34.4903931], [-58.56887, -34.4900506], [-58.5699897, -34.489736], [-58.5709129, -34.4895106], [-58.5715354, -34.4893667], [-58.5720242, -34.4892627], [-58.5725875, -34.4891505], [-58.5733831, -34.4889953]]}, "properties": {"clase": "autopista", "nombre": "Acceso Norte", "osm_way": 223091997, "fuente": "OpenStreetMap vía Overpass"}}, {"type": "Feature", "geometry": {"type": "LineString", "coordinates": [[-58.5735115, -34.4891663], [-58.5726416, -34.4893219], [-58.5716937, -34.4895064], [-58.5709664, -34.4896718], [-58.5701275, -34.4898765], [-58.5693263, -34.4900926], [-58.5689308, -34.490209], [-58.5685783, -34.4903183], [-58.5677244, -34.490593], [-58.5670596, -34.4908086], [-58.5663403, -34.4910779], [-58.5642542, -34.4918689], [-58.5623891, -34.4925694]]}, "properties": {"clase": "autopista", "nombre": "Acceso Norte", "osm_way": 223091999, "fuente": "OpenStreetMap vía Overpass"}}, {"type": "Feature", "geometry": {"type": "LineString", "coordinates": [[-58.5856134, -34.4879528], [-58.5884755, -34.4877201], [-58.5892304, -34.4876532], [-58.5899505, -34.4875818], [-58.5919871, -34.4872984], [-58.5930308, -34.4871799], [-58.5933455, -34.4871547], [-58.5945331, -34.4870822]]}, "properties": {"clase": "autopista", "nombre": "Acceso Norte", "osm_way": 223092001, "fuente": "OpenStreetMap vía Overpass"}}, {"type": "Feature", "geometry": {"type": "LineString", "coordinates": [[-58.5643629, -34.4327172], [-58.5652578, -34.433372], [-58.5653686, -34.4334521], [-58.5655737, -34.433606], [-58.5656809, -34.4336913]]}, "properties": {"clase": "avenida", "nombre": "Almirante Brown", "osm_way": 223092017, "fuente": "OpenStreetMap vía Overpass"}}, {"type": "Feature", "geometry": {"type": "LineString", "coordinates": [[-58.4833674, -34.5426622], [-58.4826432, -34.5423295], [-58.4815322, -34.5418289], [-58.4800436, -34.5411739], [-58.4792302, -34.5407945], [-58.4789593, -34.5406751], [-58.4784442, -34.5404729], [-58.4781638, -34.5403758]]}, "properties": {"clase": "autopista", "nombre": "Avenida General Paz", "osm_way": 223092019, "fuente": "OpenStreetMap vía Overpass"}}, {"type": "Feature", "geometry": {"type": "LineString", "coordinates": [[-58.4866283, -34.5442701], [-58.4860437, -34.543963], [-58.4854767, -34.5436713], [-58.4842714, -34.543078], [-58.4833674, -34.5426622]]}, "properties": {"clase": "autopista", "nombre": "Avenida General Paz", "osm_way": 223092020, "fuente": "OpenStreetMap vía Overpass"}}, {"type": "Feature", "geometry": {"type": "LineString", "coordinates": [[-58.6133735, -34.4846524], [-58.612392, -34.4841182], [-58.612241, -34.484036], [-58.6121806, -34.4840044], [-58.6110141, -34.4833939], [-58.610539, -34.4831416], [-58.6104579, -34.4830985], [-58.6104036, -34.4830686], [-58.6097507, -34.4827095], [-58.6097074, -34.4826857], [-58.6095619, -34.4826122], [-58.6094855, -34.482571], [-58.6087716, -34.4821861], [-58.6075601, -34.4815329], [-58.607541, -34.4815226], [-58.6074509, -34.4814743], [-58.6072294, -34.4813535], [-58.6067797, -34.4811083], [-58.6066873, -34.4810665], [-58.6065803, -34.4810223], [-58.6063865, -34.4809488], [-58.6062629, -34.4809076], [-58.6061159, -34.4808659], [-58.6059995, -34.4808366], [-58.6059117, -34.480818], [-58.6043525, -34.4805644], [-58.6042982, -34.480555], [-58.6040751, -34.480509]]}, "properties": {"clase": "avenida", "nombre": "Avenida Ángel Torcuato de Alvear", "osm_way": 223092022, "fuente": "OpenStreetMap vía Overpass"}}, {"type": "Feature", "geometry": {"type": "LineString", "coordinates": [[-58.6141964, -34.4849641], [-58.6143403, -34.4850518], [-58.6144086, -34.4850826], [-58.6150138, -34.4854342], [-58.6151704, -34.4854991], [-58.6154326, -34.4856336], [-58.6155534, -34.4856935], [-58.6157657, -34.4858331], [-58.6160494, -34.4859897], [-58.6160752, -34.486003], [-58.6161451, -34.4860384], [-58.6164682, -34.4862021], [-58.6170788, -34.486527]]}, "properties": {"clase": "avenida", "nombre": "Avenida Ángel Torcuato de Alvear", "osm_way": 223092023, "fuente": "OpenStreetMap vía Overpass"}}, {"type": "Feature", "geometry": {"type": "LineString", "coordinates": [[-58.6015832, -34.4791504], [-58.6019929, -34.4795423], [-58.6020353, -34.4795893]]}, "properties": {"clase": "avenida", "nombre": "Avenida Hipólito Yrigoyen", "osm_way": 223092030, "fuente": "OpenStreetMap vía Overpass"}}, {"type": "Feature", "geometry": {"type": "LineString", "coordinates": [[-58.5588216, -34.4456513], [-58.5591234, -34.4459021], [-58.5592453, -34.445968], [-58.5598173, -34.4462153], [-58.5607811, -34.4466188], [-58.5616959, -34.4470009], [-58.5618311, -34.447063]]}, "properties": {"clase": "avenida", "nombre": "Avenida Hipólito Yrigoyen", "osm_way": 223092031, "fuente": "OpenStreetMap vía Overpass"}}, {"type": "Feature", "geometry": {"type": "LineString", "coordinates": [[-58.5420204, -34.5021641], [-58.5423258, -34.502017], [-58.543015, -34.5016856], [-58.5451353, -34.5006055], [-58.546634, -34.4998832], [-58.5469888, -34.4996513], [-58.5472288, -34.4995176], [-58.548865, -34.4987392], [-58.549289, -34.4985415], [-58.549609, -34.4983808], [-58.549851, -34.4982522], [-58.550732, -34.4977363], [-58.550997, -34.4975709], [-58.5512618, -34.497348], [-58.551676, -34.4969422]]}, "properties": {"clase": "autopista", "nombre": "Colectora Acceso Norte", "osm_way": 223092038, "fuente": "OpenStreetMap vía Overpass"}}, {"type": "Feature", "geometry": {"type": "LineString", "coordinates": [[-58.5424172, -34.5026314], [-58.5404793, -34.5035702], [-58.5376614, -34.5049253]]}, "properties": {"clase": "autopista", "nombre": "Colectora Acceso Norte", "osm_way": 223092041, "fuente": "OpenStreetMap vía Overpass"}}, {"type": "Feature", "geometry": {"type": "LineString", "coordinates": [[-58.5645032, -34.4336565], [-58.5636912, -34.4330681]]}, "properties": {"clase": "avenida", "nombre": "Colón", "osm_way": 223092045, "fuente": "OpenStreetMap vía Overpass"}}, {"type": "Feature", "geometry": {"type": "LineString", "coordinates": [[-58.5005792, -34.5383089], [-58.5003203, -34.5385959], [-58.4999454, -34.5390957], [-58.49982, -34.5392503], [-58.4996666, -34.5394395], [-58.4993491, -34.5398099]]}, "properties": {"clase": "autopista", "nombre": "Acceso Norte", "osm_way": 224056139, "fuente": "OpenStreetMap vía Overpass"}}, {"type": "Feature", "geometry": {"type": "LineString", "coordinates": [[-58.5505359, -34.4984031], [-58.5512138, -34.4980549], [-58.5518691, -34.4976755], [-58.5524341, -34.497312], [-58.5543146, -34.4959621]]}, "properties": {"clase": "autopista", "nombre": "Acceso Norte", "osm_way": 224056140, "fuente": "OpenStreetMap vía Overpass"}}, {"type": "Feature", "geometry": {"type": "LineString", "coordinates": [[-58.5611908, -34.4930252], [-58.559282, -34.4937223], [-58.5590751, -34.4938034]]}, "properties": {"clase": "autopista", "nombre": "Acceso Norte", "osm_way": 224442129, "fuente": "OpenStreetMap vía Overpass"}}, {"type": "Feature", "geometry": {"type": "LineString", "coordinates": [[-58.4633754, -34.5414134], [-58.4634514, -34.541314], [-58.4638354, -34.540697]]}, "properties": {"clase": "avenida", "nombre": "Avenida Del Libertador", "osm_way": 224820819, "fuente": "OpenStreetMap vía Overpass"}}, {"type": "Feature", "geometry": {"type": "LineString", "coordinates": [[-58.4936602, -34.5443659], [-58.4933263, -34.5442984], [-58.4930289, -34.544241], [-58.4926444, -34.5441576], [-58.4919672, -34.5439971], [-58.4913273, -34.5438013], [-58.4903924, -34.5434564]]}, "properties": {"clase": "ferrocarril", "nombre": "FC Belgrano", "osm_way": 225046174, "fuente": "OpenStreetMap vía Overpass"}}, {"type": "Feature", "geometry": {"type": "LineString", "coordinates": [[-58.4969818, -34.5483232], [-58.4971115, -34.5483841]]}, "properties": {"clase": "autopista", "nombre": "Avenida General Paz", "osm_way": 226508738, "fuente": "OpenStreetMap vía Overpass"}}, {"type": "Feature", "geometry": {"type": "LineString", "coordinates": [[-58.4973788, -34.5486219], [-58.4970226, -34.5484706], [-58.4965201, -34.5482532], [-58.4959091, -34.5479895], [-58.4952487, -34.5476989], [-58.4947703, -34.5474895]]}, "properties": {"clase": "autopista", "nombre": "Avenida General Paz", "osm_way": 226508739, "fuente": "OpenStreetMap vía Overpass"}}, {"type": "Feature", "geometry": {"type": "LineString", "coordinates": [[-58.5254664, -34.510201], [-58.5257101, -34.5100493], [-58.5261763, -34.5097217]]}, "properties": {"clase": "autopista", "nombre": "Colectora Acceso Norte", "osm_way": 227121749, "fuente": "OpenStreetMap vía Overpass"}}, {"type": "Feature", "geometry": {"type": "LineString", "coordinates": [[-58.5151912, -34.5182207], [-58.5153951, -34.51798]]}, "properties": {"clase": "autopista", "nombre": "Colectora Acceso Norte", "osm_way": 227125205, "fuente": "OpenStreetMap vía Overpass"}}, {"type": "Feature", "geometry": {"type": "LineString", "coordinates": [[-58.512274, -34.5212522], [-58.5141918, -34.5193381]]}, "properties": {"clase": "autopista", "nombre": "Colectora Acceso Norte", "osm_way": 227125206, "fuente": "OpenStreetMap vía Overpass"}}, {"type": "Feature", "geometry": {"type": "LineString", "coordinates": [[-58.5262066, -34.5097016], [-58.5263629, -34.5095981], [-58.5266076, -34.509458]]}, "properties": {"clase": "autopista", "nombre": "Colectora Acceso Norte", "osm_way": 227125207, "fuente": "OpenStreetMap vía Overpass"}}, {"type": "Feature", "geometry": {"type": "LineString", "coordinates": [[-58.5266076, -34.509458], [-58.5268526, -34.509332], [-58.5271375, -34.5092002], [-58.5278099, -34.5089322]]}, "properties": {"clase": "autopista", "nombre": "Colectora Acceso Norte", "osm_way": 227125208, "fuente": "OpenStreetMap vía Overpass"}}, {"type": "Feature", "geometry": {"type": "LineString", "coordinates": [[-58.5153951, -34.51798], [-58.5156372, -34.5177321], [-58.5159025, -34.5174946], [-58.5164773, -34.5170446]]}, "properties": {"clase": "autopista", "nombre": "Colectora Acceso Norte", "osm_way": 227125210, "fuente": "OpenStreetMap vía Overpass"}}, {"type": "Feature", "geometry": {"type": "LineString", "coordinates": [[-58.5528309, -34.4959458], [-58.5528188, -34.4958832], [-58.5528072, -34.4958351], [-58.552775, -34.4957662], [-58.5526382, -34.4956521], [-58.5524649, -34.4955129], [-58.5521844, -34.4952833]]}, "properties": {"clase": "avenida", "nombre": "Avenida Avelino Rolón", "osm_way": 227258913, "fuente": "OpenStreetMap vía Overpass"}}, {"type": "Feature", "geometry": {"type": "LineString", "coordinates": [[-58.5531755, -34.495648], [-58.5532512, -34.4956191], [-58.5533201, -34.4955945], [-58.5534027, -34.4955704], [-58.5534943, -34.495542], [-58.553563, -34.4955297], [-58.5536461, -34.4955092], [-58.5537341, -34.4954962], [-58.5538425, -34.4954878], [-58.5539353, -34.4954888], [-58.5540549, -34.4954925], [-58.5541492, -34.4955077]]}, "properties": {"clase": "avenida", "nombre": "Puente Márquez", "osm_way": 227258914, "fuente": "OpenStreetMap vía Overpass"}}, {"type": "Feature", "geometry": {"type": "LineString", "coordinates": [[-58.5552591, -34.4962006], [-58.5553291, -34.4963123], [-58.5553667, -34.496382], [-58.555401, -34.496461], [-58.5554203, -34.496519], [-58.5554324, -34.4965797], [-58.5554418, -34.4966561], [-58.5554418, -34.496729], [-58.5554324, -34.4968062], [-58.5554203, -34.496886], [-58.5553935, -34.4969943], [-58.5553658, -34.4970683], [-58.5553291, -34.4971402], [-58.5552943, -34.4972065], [-58.5552514, -34.4972728], [-58.5551425, -34.4974006]]}, "properties": {"clase": "avenida", "nombre": "Puente Márquez", "osm_way": 227258915, "fuente": "OpenStreetMap vía Overpass"}}, {"type": "Feature", "geometry": {"type": "LineString", "coordinates": [[-58.5261257, -34.5105602], [-58.5261196, -34.5105631]]}, "properties": {"clase": "autopista", "nombre": "Colectora Acceso Norte", "osm_way": 227258916, "fuente": "OpenStreetMap vía Overpass"}}, {"type": "Feature", "geometry": {"type": "LineString", "coordinates": [[-58.5269955, -34.5101857], [-58.5261257, -34.5105602]]}, "properties": {"clase": "autopista", "nombre": "Colectora Acceso Norte", "osm_way": 227258917, "fuente": "OpenStreetMap vía Overpass"}}, {"type": "Feature", "geometry": {"type": "LineString", "coordinates": [[-58.5092131, -34.5263911], [-58.508674, -34.5271262]]}, "properties": {"clase": "autopista", "nombre": "Colectora Acceso Norte", "osm_way": 228020289, "fuente": "OpenStreetMap vía Overpass"}}, {"type": "Feature", "geometry": {"type": "LineString", "coordinates": [[-58.5092963, -34.5262774], [-58.5092895, -34.5262866]]}, "properties": {"clase": "autopista", "nombre": "Colectora Acceso Norte", "osm_way": 228020290, "fuente": "OpenStreetMap vía Overpass"}}, {"type": "Feature", "geometry": {"type": "LineString", "coordinates": [[-58.5021629, -34.5364286], [-58.501352, -34.5375885]]}, "properties": {"clase": "autopista", "nombre": "Colectora Acceso Norte", "osm_way": 228020291, "fuente": "OpenStreetMap vía Overpass"}}, {"type": "Feature", "geometry": {"type": "LineString", "coordinates": [[-58.515414, -34.5190323], [-58.5147799, -34.5196144]]}, "properties": {"clase": "autopista", "nombre": "Colectora Acceso Norte", "osm_way": 228020292, "fuente": "OpenStreetMap vía Overpass"}}, {"type": "Feature", "geometry": {"type": "LineString", "coordinates": [[-58.5177941, -34.5167416], [-58.5166513, -34.517989], [-58.5165179, -34.5181216]]}, "properties": {"clase": "autopista", "nombre": "Colectora Acceso Norte", "osm_way": 228020293, "fuente": "OpenStreetMap vía Overpass"}}, {"type": "Feature", "geometry": {"type": "LineString", "coordinates": [[-58.5039232, -34.5338982], [-58.5036826, -34.534223], [-58.5034599, -34.5345204], [-58.5033289, -34.5346749]]}, "properties": {"clase": "autopista", "nombre": "Colectora Acceso Norte", "osm_way": 228020294, "fuente": "OpenStreetMap vía Overpass"}}, {"type": "Feature", "geometry": {"type": "LineString", "coordinates": [[-58.4159777, -34.5627369], [-58.4165716, -34.5623262], [-58.4167903, -34.5621637], [-58.4169902, -34.5620003], [-58.417186, -34.5618445], [-58.4173831, -34.5616657], [-58.418071, -34.5610141], [-58.4189481, -34.5601868], [-58.4191387, -34.5600244], [-58.4193212, -34.559884], [-58.4196644, -34.5596213], [-58.4203379, -34.5591561], [-58.4261966, -34.5552084], [-58.4266755, -34.5548941], [-58.4271196, -34.5546147], [-58.4277834, -34.5542093], [-58.428154, -34.5539905], [-58.4285633, -34.5537554], [-58.430236, -34.5528285], [-58.4314832, -34.552115], [-58.4324955, -34.5514999], [-58.4331654, -34.5511202], [-58.4362849, -34.5494116], [-58.4399688, -34.5473739], [-58.4409329, -34.5468495], [-58.4431646, -34.5456266], [-58.4445837, -34.5448444], [-58.4451927, -34.5445076], [-58.4466596, -34.5437027], [-58.447786, -34.5430838], [-58.450166, -34.5417634], [-58.4511496, -34.5412224], [-58.4512957, -34.5411451], [-58.4515342, -34.5410324], [-58.4517335, -34.5409496], [-58.4519626, -34.5408592], [-58.4521707, -34.5407861], [-58.4523591, -34.5407242], [-58.4525607, -34.5406656], [-58.4538376, -34.5403436], [-58.4541605, -34.5402419], [-58.45442, -34.5401506], [-58.4545827, -34.5400863], [-58.4547379, -34.5400199], [-58.45495, -34.5399173]]}, "properties": {"clase": "ferrocarril", "nombre": "FC Belgrano", "osm_way": 228400413, "fuente": "OpenStreetMap vía Overpass"}}, {"type": "Feature", "geometry": {"type": "LineString", "coordinates": [[-58.5015863, -34.5360704], [-58.5017792, -34.5357855], [-58.502783, -34.5343281]]}, "properties": {"clase": "autopista", "nombre": "Colectora Acceso Norte", "osm_way": 228624989, "fuente": "OpenStreetMap vía Overpass"}}, {"type": "Feature", "geometry": {"type": "LineString", "coordinates": [[-58.5214455, -34.5124892], [-58.5224566, -34.5119164]]}, "properties": {"clase": "autopista", "nombre": "Colectora Acceso Norte", "osm_way": 228772031, "fuente": "OpenStreetMap vía Overpass"}}, {"type": "Feature", "geometry": {"type": "LineString", "coordinates": [[-58.5081531, -34.5278485], [-58.5076558, -34.5285388]]}, "properties": {"clase": "autopista", "nombre": "Colectora Acceso Norte", "osm_way": 229033956, "fuente": "OpenStreetMap vía Overpass"}}, {"type": "Feature", "geometry": {"type": "LineString", "coordinates": [[-58.5376614, -34.5049253], [-58.5368564, -34.5053154]]}, "properties": {"clase": "autopista", "nombre": "Colectora Acceso Norte", "osm_way": 229033957, "fuente": "OpenStreetMap vía Overpass"}}, {"type": "Feature", "geometry": {"type": "LineString", "coordinates": [[-58.5252384, -34.5103366], [-58.5254664, -34.510201]]}, "properties": {"clase": "autopista", "nombre": "Colectora Acceso Norte", "osm_way": 229033958, "fuente": "OpenStreetMap vía Overpass"}}, {"type": "Feature", "geometry": {"type": "LineString", "coordinates": [[-58.5147799, -34.5196144], [-58.5143614, -34.5200101]]}, "properties": {"clase": "autopista", "nombre": "Colectora Acceso Norte", "osm_way": 229033959, "fuente": "OpenStreetMap vía Overpass"}}, {"type": "Feature", "geometry": {"type": "LineString", "coordinates": [[-58.508674, -34.5271262], [-58.5081531, -34.5278485]]}, "properties": {"clase": "autopista", "nombre": "Colectora Acceso Norte", "osm_way": 229033960, "fuente": "OpenStreetMap vía Overpass"}}, {"type": "Feature", "geometry": {"type": "LineString", "coordinates": [[-58.5116651, -34.5230317], [-58.5111399, -34.5237348]]}, "properties": {"clase": "autopista", "nombre": "Colectora Acceso Norte", "osm_way": 229033961, "fuente": "OpenStreetMap vía Overpass"}}, {"type": "Feature", "geometry": {"type": "LineString", "coordinates": [[-58.5147832, -34.518714], [-58.5148223, -34.5186639]]}, "properties": {"clase": "autopista", "nombre": "Colectora Acceso Norte", "osm_way": 229033963, "fuente": "OpenStreetMap vía Overpass"}}, {"type": "Feature", "geometry": {"type": "LineString", "coordinates": [[-58.5009499, -34.5381762], [-58.5007583, -34.5384562]]}, "properties": {"clase": "autopista", "nombre": "Colectora Acceso Norte", "osm_way": 229033964, "fuente": "OpenStreetMap vía Overpass"}}, {"type": "Feature", "geometry": {"type": "LineString", "coordinates": [[-58.5298782, -34.5080201], [-58.5308427, -34.5075543]]}, "properties": {"clase": "autopista", "nombre": "Colectora Acceso Norte", "osm_way": 229033965, "fuente": "OpenStreetMap vía Overpass"}}, {"type": "Feature", "geometry": {"type": "LineString", "coordinates": [[-58.5366878, -34.5047257], [-58.5376386, -34.5042714]]}, "properties": {"clase": "autopista", "nombre": "Colectora Acceso Norte", "osm_way": 229033966, "fuente": "OpenStreetMap vía Overpass"}}, {"type": "Feature", "geometry": {"type": "LineString", "coordinates": [[-58.501352, -34.5375885], [-58.5009499, -34.5381762]]}, "properties": {"clase": "autopista", "nombre": "Colectora Acceso Norte", "osm_way": 229033967, "fuente": "OpenStreetMap vía Overpass"}}, {"type": "Feature", "geometry": {"type": "LineString", "coordinates": [[-58.5327496, -34.5073002], [-58.5318213, -34.5077446]]}, "properties": {"clase": "autopista", "nombre": "Colectora Acceso Norte", "osm_way": 229033968, "fuente": "OpenStreetMap vía Overpass"}}, {"type": "Feature", "geometry": {"type": "LineString", "coordinates": [[-58.5075613, -34.5275542], [-58.5080884, -34.5268241]]}, "properties": {"clase": "autopista", "nombre": "Colectora Acceso Norte", "osm_way": 229033969, "fuente": "OpenStreetMap vía Overpass"}}, {"type": "Feature", "geometry": {"type": "LineString", "coordinates": [[-58.502783, -34.5343281], [-58.5030266, -34.5339242], [-58.5031817, -34.5336335]]}, "properties": {"clase": "autopista", "nombre": "Colectora Acceso Norte", "osm_way": 229033970, "fuente": "OpenStreetMap vía Overpass"}}, {"type": "Feature", "geometry": {"type": "LineString", "coordinates": [[-58.5376386, -34.5042714], [-58.5401064, -34.5030827], [-58.5420204, -34.5021641]]}, "properties": {"clase": "autopista", "nombre": "Colectora Acceso Norte", "osm_way": 229033971, "fuente": "OpenStreetMap vía Overpass"}}, {"type": "Feature", "geometry": {"type": "LineString", "coordinates": [[-58.5186843, -34.5150268], [-58.5191938, -34.5146086], [-58.5194869, -34.5143162]]}, "properties": {"clase": "autopista", "nombre": "Colectora Acceso Norte", "osm_way": 229033972, "fuente": "OpenStreetMap vía Overpass"}}, {"type": "Feature", "geometry": {"type": "LineString", "coordinates": [[-58.5033289, -34.5346749], [-58.503085, -34.5350585], [-58.5022225, -34.5363434]]}, "properties": {"clase": "autopista", "nombre": "Colectora Acceso Norte", "osm_way": 229033973, "fuente": "OpenStreetMap vía Overpass"}}, {"type": "Feature", "geometry": {"type": "LineString", "coordinates": [[-58.4996442, -34.5388293], [-58.500191, -34.538095], [-58.5003697, -34.5378351]]}, "properties": {"clase": "autopista", "nombre": "Colectora Acceso Norte", "osm_way": 229033974, "fuente": "OpenStreetMap vía Overpass"}}, {"type": "Feature", "geometry": {"type": "LineString", "coordinates": [[-58.5368564, -34.5053154], [-58.5368406, -34.505323]]}, "properties": {"clase": "autopista", "nombre": "Colectora Acceso Norte", "osm_way": 229033975, "fuente": "OpenStreetMap vía Overpass"}}, {"type": "Feature", "geometry": {"type": "LineString", "coordinates": [[-58.5206831, -34.5143848], [-58.5203632, -34.5145826], [-58.5200577, -34.5147954], [-58.5197677, -34.5150224]]}, "properties": {"clase": "autopista", "nombre": "Colectora Acceso Norte", "osm_way": 229033976, "fuente": "OpenStreetMap vía Overpass"}}, {"type": "Feature", "geometry": {"type": "LineString", "coordinates": [[-58.5003697, -34.5378351], [-58.5012087, -34.5366144], [-58.5014551, -34.5362602]]}, "properties": {"clase": "autopista", "nombre": "Colectora Acceso Norte", "osm_way": 229033977, "fuente": "OpenStreetMap vía Overpass"}}, {"type": "Feature", "geometry": {"type": "LineString", "coordinates": [[-58.5111399, -34.5237348], [-58.5111312, -34.5237467]]}, "properties": {"clase": "autopista", "nombre": "Colectora Acceso Norte", "osm_way": 229033978, "fuente": "OpenStreetMap vía Overpass"}}, {"type": "Feature", "geometry": {"type": "LineString", "coordinates": [[-58.5197677, -34.5150224], [-58.5193734, -34.5153339], [-58.5190924, -34.5155622], [-58.518797, -34.5158118], [-58.5183904, -34.5161701], [-58.5180599, -34.5164707], [-58.5177941, -34.5167416]]}, "properties": {"clase": "autopista", "nombre": "Colectora Acceso Norte", "osm_way": 229033979, "fuente": "OpenStreetMap vía Overpass"}}, {"type": "Feature", "geometry": {"type": "LineString", "coordinates": [[-58.5031817, -34.5336335], [-58.5034919, -34.5330524], [-58.5035872, -34.5328772], [-58.5037061, -34.5327092], [-58.5047388, -34.5314439], [-58.5054016, -34.530553]]}, "properties": {"clase": "autopista", "nombre": "Colectora Acceso Norte", "osm_way": 229033980, "fuente": "OpenStreetMap vía Overpass"}}, {"type": "Feature", "geometry": {"type": "LineString", "coordinates": [[-58.5080884, -34.5268241], [-58.5085919, -34.5261238]]}, "properties": {"clase": "autopista", "nombre": "Colectora Acceso Norte", "osm_way": 229033981, "fuente": "OpenStreetMap vía Overpass"}}, {"type": "Feature", "geometry": {"type": "LineString", "coordinates": [[-58.5194869, -34.5143162], [-58.5196575, -34.5141533], [-58.5198077, -34.5139678], [-58.5199226, -34.5138067], [-58.5200432, -34.5136464], [-58.5201828, -34.5134862], [-58.5203296, -34.5133314], [-58.5204698, -34.5131895], [-58.5206164, -34.5130572], [-58.5207157, -34.5129779], [-58.5210596, -34.5127341], [-58.5212821, -34.5125887], [-58.5214455, -34.5124892]]}, "properties": {"clase": "autopista", "nombre": "Colectora Acceso Norte", "osm_way": 229033982, "fuente": "OpenStreetMap vía Overpass"}}, {"type": "Feature", "geometry": {"type": "LineString", "coordinates": [[-58.5581258, -34.493958], [-58.5587824, -34.4937111]]}, "properties": {"clase": "autopista", "nombre": "Acceso Norte", "osm_way": 229130533, "fuente": "OpenStreetMap vía Overpass"}}, {"type": "Feature", "geometry": {"type": "LineString", "coordinates": [[-58.5581923, -34.4941519], [-58.5576228, -34.4943865], [-58.5573278, -34.4945149]]}, "properties": {"clase": "autopista", "nombre": "Acceso Norte", "osm_way": 229130534, "fuente": "OpenStreetMap vía Overpass"}}, {"type": "Feature", "geometry": {"type": "LineString", "coordinates": [[-58.5573278, -34.4945149], [-58.5567922, -34.494767], [-58.5564869, -34.4949201]]}, "properties": {"clase": "autopista", "nombre": "Acceso Norte", "osm_way": 229130535, "fuente": "OpenStreetMap vía Overpass"}}, {"type": "Feature", "geometry": {"type": "LineString", "coordinates": [[-58.5538483, -34.4966483], [-58.5527904, -34.4974113], [-58.552131, -34.4978373], [-58.5515951, -34.4981594], [-58.5510459, -34.4984585]]}, "properties": {"clase": "autopista", "nombre": "Acceso Norte", "osm_way": 229130537, "fuente": "OpenStreetMap vía Overpass"}}, {"type": "Feature", "geometry": {"type": "LineString", "coordinates": [[-58.5603208, -34.4842613], [-58.5612168, -34.4821356]]}, "properties": {"clase": "autopista", "nombre": "Acceso Norte Ramal Tigre", "osm_way": 229358751, "fuente": "OpenStreetMap vía Overpass"}}, {"type": "Feature", "geometry": {"type": "LineString", "coordinates": [[-58.5604733, -34.4843123], [-58.5603583, -34.4846673], [-58.5602455, -34.4850752]]}, "properties": {"clase": "autopista", "nombre": "Acceso Norte Ramal Tigre", "osm_way": 229358752, "fuente": "OpenStreetMap vía Overpass"}}, {"type": "Feature", "geometry": {"type": "LineString", "coordinates": [[-58.5896185, -34.5051181], [-58.589608, -34.5050018], [-58.5895938, -34.5048438], [-58.5895683, -34.5046807], [-58.5895151, -34.5043701], [-58.5894696, -34.5041364], [-58.5894227, -34.5039042]]}, "properties": {"clase": "autopista", "nombre": "Camino Parque del Buen Ayre", "osm_way": 230517520, "fuente": "OpenStreetMap vía Overpass"}}, {"type": "Feature", "geometry": {"type": "LineString", "coordinates": [[-58.5894481, -34.5019658], [-58.589489, -34.5016478], [-58.5895577, -34.5013084], [-58.5896307, -34.5010166], [-58.5897947, -34.5005049], [-58.5900009, -34.5000039], [-58.5901211, -34.4997602], [-58.5902465, -34.499522], [-58.5903785, -34.4993025], [-58.5905213, -34.4990839], [-58.5907228, -34.498802], [-58.590895, -34.4985868], [-58.5910674, -34.4983744], [-58.5912798, -34.4981373], [-58.591577, -34.4978309], [-58.5917463, -34.497672], [-58.5919604, -34.4974913], [-58.5928074, -34.4967713], [-58.5939345, -34.4958132], [-58.5940726, -34.4956844], [-58.5942191, -34.4955493], [-58.5943619, -34.4954007], [-58.594544, -34.4951963], [-58.5947147, -34.4949718], [-58.5948552, -34.4947455], [-58.5949782, -34.494506], [-58.5950776, -34.4942827], [-58.5951985, -34.4939225], [-58.5952759, -34.4935545], [-58.5953378, -34.4933277], [-58.5955569, -34.4924711]]}, "properties": {"clase": "autopista", "nombre": "Camino Parque del Buen Ayre", "osm_way": 230517521, "fuente": "OpenStreetMap vía Overpass"}}, {"type": "Feature", "geometry": {"type": "LineString", "coordinates": [[-58.5955569, -34.4924711], [-58.5960913, -34.4903305]]}, "properties": {"clase": "autopista", "nombre": "Camino Parque del Buen Ayre", "osm_way": 230517523, "fuente": "OpenStreetMap vía Overpass"}}, {"type": "Feature", "geometry": {"type": "LineString", "coordinates": [[-58.5897567, -34.5045932], [-58.5897869, -34.5049919], [-58.589799, -34.5051514], [-58.5898814, -34.5061968]]}, "properties": {"clase": "autopista", "nombre": "Camino Parque del Buen Ayre", "osm_way": 230912171, "fuente": "OpenStreetMap vía Overpass"}}, {"type": "Feature", "geometry": {"type": "LineString", "coordinates": [[-58.5897205, -34.5013557], [-58.5896752, -34.5016332], [-58.5896596, -34.5018537], [-58.5896527, -34.5020536], [-58.5896497, -34.502304], [-58.5896799, -34.5028632]]}, "properties": {"clase": "autopista", "nombre": "Camino Parque del Buen Ayre", "osm_way": 230912172, "fuente": "OpenStreetMap vía Overpass"}}, {"type": "Feature", "geometry": {"type": "LineString", "coordinates": [[-58.4901835, -34.5462216], [-58.4898973, -34.5460858], [-58.4896516, -34.5459655], [-58.4883894, -34.545307], [-58.4877629, -34.5449319]]}, "properties": {"clase": "autopista", "nombre": "Avenida General Paz", "osm_way": 234947413, "fuente": "OpenStreetMap vía Overpass"}}, {"type": "Feature", "geometry": {"type": "LineString", "coordinates": [[-58.4865297, -34.5438201], [-58.4852221, -34.5432396], [-58.4839208, -34.5426779], [-58.4826155, -34.5421173]]}, "properties": {"clase": "autopista", "nombre": "Avenida General Paz", "osm_way": 234947415, "fuente": "OpenStreetMap vía Overpass"}}, {"type": "Feature", "geometry": {"type": "LineString", "coordinates": [[-58.5944023, -34.5301207], [-58.5938856, -34.5292081], [-58.5934923, -34.5285276], [-58.5933616, -34.5282847], [-58.5927639, -34.5271968], [-58.5925195, -34.5266957], [-58.5923321, -34.5262665], [-58.5922426, -34.5260522], [-58.5921492, -34.5258162], [-58.591984, -34.5253383], [-58.5918995, -34.5250787], [-58.5918149, -34.5248045], [-58.5915684, -34.5239224], [-58.5915393, -34.5238087], [-58.5914438, -34.5233949], [-58.5914048, -34.5231997], [-58.5913724, -34.5229878], [-58.5912772, -34.5223487]]}, "properties": {"clase": "autopista", "nombre": "Camino Parque del Buen Ayre", "osm_way": 234947417, "fuente": "OpenStreetMap vía Overpass"}}, {"type": "Feature", "geometry": {"type": "LineString", "coordinates": [[-58.5977575, -34.5358794], [-58.5962392, -34.5332562]]}, "properties": {"clase": "autopista", "nombre": "Camino Parque del Buen Ayre", "osm_way": 234947418, "fuente": "OpenStreetMap vía Overpass"}}, {"type": "Feature", "geometry": {"type": "LineString", "coordinates": [[-58.5946383, -34.5301452], [-58.5957197, -34.532071], [-58.5961621, -34.5328464]]}, "properties": {"clase": "autopista", "nombre": "Camino Parque del Buen Ayre", "osm_way": 234949491, "fuente": "OpenStreetMap vía Overpass"}}, {"type": "Feature", "geometry": {"type": "LineString", "coordinates": [[-58.5978685, -34.5357411], [-58.5980663, -34.5360898], [-58.5991035, -34.5379182], [-58.5998175, -34.5391414]]}, "properties": {"clase": "autopista", "nombre": "Camino Parque del Buen Ayre", "osm_way": 234949492, "fuente": "OpenStreetMap vía Overpass"}}, {"type": "Feature", "geometry": {"type": "LineString", "coordinates": [[-58.5105431, -34.5234549], [-58.5110947, -34.5227035]]}, "properties": {"clase": "autopista", "nombre": "Colectora Acceso Norte", "osm_way": 234949493, "fuente": "OpenStreetMap vía Overpass"}}, {"type": "Feature", "geometry": {"type": "LineString", "coordinates": [[-58.5110947, -34.5227035], [-58.5114636, -34.5222327], [-58.5118692, -34.5217288], [-58.512274, -34.5212522]]}, "properties": {"clase": "autopista", "nombre": "Colectora Acceso Norte", "osm_way": 234949494, "fuente": "OpenStreetMap vía Overpass"}}, {"type": "Feature", "geometry": {"type": "LineString", "coordinates": [[-58.4877629, -34.5449319], [-58.4866283, -34.5442701]]}, "properties": {"clase": "autopista", "nombre": "Avenida General Paz", "osm_way": 240078443, "fuente": "OpenStreetMap vía Overpass"}}, {"type": "Feature", "geometry": {"type": "LineString", "coordinates": [[-58.4676478, -34.5345173], [-58.4676045, -34.5346026]]}, "properties": {"clase": "avenida", "nombre": "Avenida del Libertador", "osm_way": 240590126, "fuente": "OpenStreetMap vía Overpass"}}, {"type": "Feature", "geometry": {"type": "LineString", "coordinates": [[-58.4336776, -34.5506022], [-58.4340977, -34.5503659], [-58.436529, -34.5490213]]}, "properties": {"clase": "autopista", "nombre": "Avenida Intendente Cantilo", "osm_way": 250065312, "fuente": "OpenStreetMap vía Overpass"}}, {"type": "Feature", "geometry": {"type": "LineString", "coordinates": [[-58.5866372, -34.475814], [-58.5861551, -34.4757822], [-58.585673, -34.4757441], [-58.5851992, -34.4756974], [-58.5848006, -34.4756516]]}, "properties": {"clase": "ferrocarril", "nombre": "FC Mitre", "osm_way": 252784762, "fuente": "OpenStreetMap vía Overpass"}}, {"type": "Feature", "geometry": {"type": "LineString", "coordinates": [[-58.4635283, -34.5345743], [-58.4638551, -34.5344452]]}, "properties": {"clase": "ferrocarril", "nombre": "FC Belgrano", "osm_way": 253119179, "fuente": "OpenStreetMap vía Overpass"}}, {"type": "Feature", "geometry": {"type": "LineString", "coordinates": [[-58.4638551, -34.5344452], [-58.464003, -34.5343985], [-58.4642492, -34.5343276], [-58.4646668, -34.5342155], [-58.4649952, -34.5341531], [-58.4653528, -34.5340882], [-58.465739, -34.5340535], [-58.4662521, -34.5340321], [-58.4666765, -34.5340351], [-58.4671188, -34.5340705], [-58.4675521, -34.5341369]]}, "properties": {"clase": "ferrocarril", "nombre": "FC Belgrano", "osm_way": 253119180, "fuente": "OpenStreetMap vía Overpass"}}, {"type": "Feature", "geometry": {"type": "LineString", "coordinates": [[-58.4687356, -34.5344295], [-58.4690154, -34.5345064]]}, "properties": {"clase": "ferrocarril", "nombre": "FC Belgrano", "osm_way": 253119330, "fuente": "OpenStreetMap vía Overpass"}}, {"type": "Feature", "geometry": {"type": "LineString", "coordinates": [[-58.4675521, -34.5341369], [-58.4679497, -34.5342269]]}, "properties": {"clase": "ferrocarril", "nombre": "FC Belgrano", "osm_way": 253119331, "fuente": "OpenStreetMap vía Overpass"}}, {"type": "Feature", "geometry": {"type": "LineString", "coordinates": [[-58.4679497, -34.5342269], [-58.4687356, -34.5344295]]}, "properties": {"clase": "ferrocarril", "nombre": "FC Belgrano", "osm_way": 253119332, "fuente": "OpenStreetMap vía Overpass"}}, {"type": "Feature", "geometry": {"type": "LineString", "coordinates": [[-58.4887582, -34.5516739], [-58.4902171, -34.5496044]]}, "properties": {"clase": "ferrocarril", "nombre": "FC Mitre", "osm_way": 254660749, "fuente": "OpenStreetMap vía Overpass"}}, {"type": "Feature", "geometry": {"type": "LineString", "coordinates": [[-58.4902766, -34.5494339], [-58.4901546, -34.5496167]]}, "properties": {"clase": "ferrocarril", "nombre": "FC Mitre", "osm_way": 254660750, "fuente": "OpenStreetMap vía Overpass"}}, {"type": "Feature", "geometry": {"type": "LineString", "coordinates": [[-58.4902171, -34.5496044], [-58.4903403, -34.5494217]]}, "properties": {"clase": "ferrocarril", "nombre": "FC Mitre", "osm_way": 254660751, "fuente": "OpenStreetMap vía Overpass"}}, {"type": "Feature", "geometry": {"type": "LineString", "coordinates": [[-58.4901546, -34.5496167], [-58.488713, -34.5516615]]}, "properties": {"clase": "ferrocarril", "nombre": "FC Mitre", "osm_way": 254660752, "fuente": "OpenStreetMap vía Overpass"}}, {"type": "Feature", "geometry": {"type": "LineString", "coordinates": [[-58.5602455, -34.4850752], [-58.5599533, -34.4858943]]}, "properties": {"clase": "autopista", "nombre": "Acceso Norte Ramal Tigre", "osm_way": 254714717, "fuente": "OpenStreetMap vía Overpass"}}, {"type": "Feature", "geometry": {"type": "LineString", "coordinates": [[-58.5593377, -34.4873851], [-58.5589742, -34.4884524]]}, "properties": {"clase": "autopista", "nombre": "Acceso Norte Ramal Tigre", "osm_way": 254714732, "fuente": "OpenStreetMap vía Overpass"}}, {"type": "Feature", "geometry": {"type": "LineString", "coordinates": [[-58.5598722, -34.4861485], [-58.5598506, -34.4862034]]}, "properties": {"clase": "autopista", "nombre": "Acceso Norte Ramal Tigre", "osm_way": 254752191, "fuente": "OpenStreetMap vía Overpass"}}, {"type": "Feature", "geometry": {"type": "LineString", "coordinates": [[-58.5595738, -34.4857833], [-58.5599124, -34.485156], [-58.5600253, -34.484971]]}, "properties": {"clase": "autopista", "nombre": "Acceso Norte Ramal Tigre", "osm_way": 254818329, "fuente": "OpenStreetMap vía Overpass"}}, {"type": "Feature", "geometry": {"type": "LineString", "coordinates": [[-58.5600253, -34.484971], [-58.5601843, -34.4846772], [-58.5603208, -34.4842613]]}, "properties": {"clase": "autopista", "nombre": "Acceso Norte Ramal Tigre", "osm_way": 254818331, "fuente": "OpenStreetMap vía Overpass"}}, {"type": "Feature", "geometry": {"type": "LineString", "coordinates": [[-58.5590037, -34.4879718], [-58.5593975, -34.4863096]]}, "properties": {"clase": "autopista", "nombre": "Acceso Norte Ramal Tigre", "osm_way": 254818332, "fuente": "OpenStreetMap vía Overpass"}}, {"type": "Feature", "geometry": {"type": "LineString", "coordinates": [[-58.4781638, -34.5403758], [-58.4774721, -34.5401334], [-58.4770641, -34.5399789], [-58.4768241, -34.5398787], [-58.4762087, -34.5395739]]}, "properties": {"clase": "autopista", "nombre": "Avenida General Paz", "osm_way": 255158938, "fuente": "OpenStreetMap vía Overpass"}}, {"type": "Feature", "geometry": {"type": "LineString", "coordinates": [[-58.4784178, -34.5396661], [-58.4788604, -34.5400236], [-58.4791613, -34.5402312], [-58.4795347, -34.5404538], [-58.4797274, -34.5405602], [-58.4803198, -34.5408248], [-58.4822436, -34.5416379], [-58.4836387, -34.5421794]]}, "properties": {"clase": "autopista", "nombre": "Avenida General Paz", "osm_way": 255176555, "fuente": "OpenStreetMap vía Overpass"}}, {"type": "Feature", "geometry": {"type": "LineString", "coordinates": [[-58.5462419, -34.446609], [-58.5461748, -34.4465825], [-58.5461095, -34.4465616], [-58.5460369, -34.4465435], [-58.545979, -34.4465341], [-58.5459096, -34.4465268]]}, "properties": {"clase": "avenida", "nombre": "", "osm_way": 255706950, "fuente": "OpenStreetMap vía Overpass"}}, {"type": "Feature", "geometry": {"type": "LineString", "coordinates": [[-58.5463176, -34.4466632], [-58.5463141, -34.4465689], [-58.5463333, -34.446531], [-58.5463737, -34.4464928], [-58.5466416, -34.4463615]]}, "properties": {"clase": "avenida", "nombre": "", "osm_way": 255706951, "fuente": "OpenStreetMap vía Overpass"}}, {"type": "Feature", "geometry": {"type": "LineString", "coordinates": [[-58.5791784, -34.5399522], [-58.5795565, -34.5408039], [-58.5799244, -34.5416588]]}, "properties": {"clase": "avenida", "nombre": "Diagonal 190 - Brigadier General Juan Manuel de Rosas", "osm_way": 255841564, "fuente": "OpenStreetMap vía Overpass"}}, {"type": "Feature", "geometry": {"type": "LineString", "coordinates": [[-58.4857855, -34.4870433], [-58.4858371, -34.486987], [-58.4860137, -34.4868152], [-58.4865074, -34.4863517], [-58.4865597, -34.4863027]]}, "properties": {"clase": "avenida", "nombre": "Avenida del Libertador", "osm_way": 255861799, "fuente": "OpenStreetMap vía Overpass"}}, {"type": "Feature", "geometry": {"type": "LineString", "coordinates": [[-58.5648483, -34.5071794], [-58.5647615, -34.5071443], [-58.5645797, -34.5069485]]}, "properties": {"clase": "avenida", "nombre": "Avenida Avelino Rolón", "osm_way": 255945781, "fuente": "OpenStreetMap vía Overpass"}}, {"type": "Feature", "geometry": {"type": "LineString", "coordinates": [[-58.5644311, -34.5067402], [-58.5645336, -34.5067951], [-58.5646407, -34.5069106]]}, "properties": {"clase": "avenida", "nombre": "Avenida Avelino Rolón", "osm_way": 255945784, "fuente": "OpenStreetMap vía Overpass"}}, {"type": "Feature", "geometry": {"type": "LineString", "coordinates": [[-58.5661412, -34.4348274], [-58.5660595, -34.4347785], [-58.5654053, -34.4343124], [-58.5653548, -34.4342763]]}, "properties": {"clase": "avenida", "nombre": "Colón", "osm_way": 255972147, "fuente": "OpenStreetMap vía Overpass"}}, {"type": "Feature", "geometry": {"type": "LineString", "coordinates": [[-58.5644311, -34.5067402], [-58.5641068, -34.5063813], [-58.5640096, -34.506278]]}, "properties": {"clase": "avenida", "nombre": "Avenida Avelino Rolón", "osm_way": 256346958, "fuente": "OpenStreetMap vía Overpass"}}, {"type": "Feature", "geometry": {"type": "LineString", "coordinates": [[-58.5617559, -34.5037296], [-58.5614324, -34.5033311], [-58.5613385, -34.5032141], [-58.5612682, -34.5031261]]}, "properties": {"clase": "avenida", "nombre": "Avenida Avelino Rolón", "osm_way": 256346959, "fuente": "OpenStreetMap vía Overpass"}}, {"type": "Feature", "geometry": {"type": "LineString", "coordinates": [[-58.566782, -34.5107713], [-58.566514, -34.510156]]}, "properties": {"clase": "avenida", "nombre": "Avenida Avelino Rolón", "osm_way": 256346962, "fuente": "OpenStreetMap vía Overpass"}}, {"type": "Feature", "geometry": {"type": "LineString", "coordinates": [[-58.4472661, -34.5437073], [-58.4467183, -34.5439949], [-58.4462452, -34.5442414], [-58.4452132, -34.5447927], [-58.4427595, -34.5461479], [-58.4411955, -34.547008], [-58.4405959, -34.5473395], [-58.4399924, -34.547672]]}, "properties": {"clase": "autopista", "nombre": "Avenida Leopoldo Lugones", "osm_way": 258114115, "fuente": "OpenStreetMap vía Overpass"}}, {"type": "Feature", "geometry": {"type": "LineString", "coordinates": [[-58.5853633, -34.4879696], [-58.5856134, -34.4879528]]}, "properties": {"clase": "autopista", "nombre": "Acceso Norte", "osm_way": 260923907, "fuente": "OpenStreetMap vía Overpass"}}, {"type": "Feature", "geometry": {"type": "LineString", "coordinates": [[-58.5104267, -34.5236185], [-58.5105345, -34.523467]]}, "properties": {"clase": "autopista", "nombre": "Colectora Acceso Norte", "osm_way": 260924920, "fuente": "OpenStreetMap vía Overpass"}}, {"type": "Feature", "geometry": {"type": "LineString", "coordinates": [[-58.5110198, -34.5238994], [-58.5098725, -34.5254623], [-58.5092963, -34.5262774]]}, "properties": {"clase": "autopista", "nombre": "Colectora Acceso Norte", "osm_way": 260924921, "fuente": "OpenStreetMap vía Overpass"}}, {"type": "Feature", "geometry": {"type": "LineString", "coordinates": [[-58.5674463, -34.4350208], [-58.567512, -34.435106], [-58.5675543, -34.4351671]]}, "properties": {"clase": "avenida", "nombre": "", "osm_way": 261609325, "fuente": "OpenStreetMap vía Overpass"}}, {"type": "Feature", "geometry": {"type": "LineString", "coordinates": [[-58.6085625, -34.471453], [-58.6139203, -34.4627892], [-58.6150457, -34.460963], [-58.6158517, -34.459667], [-58.6159763, -34.4594898], [-58.616152, -34.4592394], [-58.616339, -34.4590038], [-58.6165997, -34.458694], [-58.6168537, -34.4584168], [-58.6172486, -34.4580157], [-58.6176141, -34.4576836], [-58.6179054, -34.4574277], [-58.6182929, -34.457113], [-58.6186009, -34.4568727], [-58.6188481, -34.4566899], [-58.6190343, -34.4565567], [-58.6192328, -34.4564191], [-58.6198112, -34.4560414], [-58.6203757, -34.4556732], [-58.6205052, -34.4555887], [-58.6221661, -34.4545052], [-58.6387987, -34.4437209], [-58.6394462, -34.4433014]]}, "properties": {"clase": "ferrocarril", "nombre": "FC Mitre", "osm_way": 264924686, "fuente": "OpenStreetMap vía Overpass"}}, {"type": "Feature", "geometry": {"type": "LineString", "coordinates": [[-58.6084692, -34.4716045], [-58.6085625, -34.471453]]}, "properties": {"clase": "ferrocarril", "nombre": "FC Mitre", "osm_way": 264924687, "fuente": "OpenStreetMap vía Overpass"}}, {"type": "Feature", "geometry": {"type": "LineString", "coordinates": [[-58.5918471, -34.4310252], [-58.5917314, -34.431047], [-58.5916306, -34.4310686], [-58.5915515, -34.4310948], [-58.5914668, -34.4311321], [-58.5913785, -34.4311869], [-58.5912822, -34.4312595], [-58.5911736, -34.4313464], [-58.5911059, -34.4314075], [-58.5910239, -34.4314895], [-58.5908961, -34.4316295], [-58.5907581, -34.4317992], [-58.5905804, -34.4320193]]}, "properties": {"clase": "autopista", "nombre": "Ramal Tigre", "osm_way": 265985215, "fuente": "OpenStreetMap vía Overpass"}}, {"type": "Feature", "geometry": {"type": "LineString", "coordinates": [[-58.5001295, -34.5505171], [-58.4999177, -34.5503373], [-58.4997253, -34.5501713], [-58.4994781, -34.5499942], [-58.4992832, -34.549872], [-58.4989718, -34.549672], [-58.4986278, -34.5494498], [-58.4983411, -34.5492914]]}, "properties": {"clase": "autopista", "nombre": "Avenida General Paz", "osm_way": 268206173, "fuente": "OpenStreetMap vía Overpass"}}, {"type": "Feature", "geometry": {"type": "LineString", "coordinates": [[-58.4969472, -34.5485496], [-58.4964801, -34.5483489], [-58.4960036, -34.54815]]}, "properties": {"clase": "autopista", "nombre": "Avenida General Paz", "osm_way": 269335842, "fuente": "OpenStreetMap vía Overpass"}}, {"type": "Feature", "geometry": {"type": "LineString", "coordinates": [[-58.5750243, -34.5305547], [-58.5747436, -34.5300301]]}, "properties": {"clase": "avenida", "nombre": "Diagonal 190 - Brigadier General Juan Manuel de Rosas", "osm_way": 269716362, "fuente": "OpenStreetMap vía Overpass"}}, {"type": "Feature", "geometry": {"type": "LineString", "coordinates": [[-58.4859768, -34.5413892], [-58.486468, -34.5416213], [-58.487441, -34.5421113], [-58.4886524, -34.5426965], [-58.4887004, -34.5427198], [-58.4898563, -34.5432804], [-58.4903665, -34.5435009]]}, "properties": {"clase": "ferrocarril", "nombre": "FC Belgrano", "osm_way": 274949136, "fuente": "OpenStreetMap vía Overpass"}}, {"type": "Feature", "geometry": {"type": "LineString", "coordinates": [[-58.498359, -34.5442061], [-58.4988413, -34.5440918], [-58.4993099, -34.5439543], [-58.4996712, -34.5438388], [-58.4999214, -34.5437543], [-58.5001883, -34.5436549], [-58.5002926, -34.5436126], [-58.5004686, -34.54354], [-58.5006708, -34.5434531], [-58.5010895, -34.5432583], [-58.5014725, -34.5430655], [-58.5022862, -34.5426604], [-58.5024014, -34.5425952], [-58.5025003, -34.5425392], [-58.502971, -34.5422996], [-58.5035762, -34.5419915], [-58.5050965, -34.5412216], [-58.5063675, -34.540574]]}, "properties": {"clase": "ferrocarril", "nombre": "FC Belgrano", "osm_way": 274949138, "fuente": "OpenStreetMap vía Overpass"}}, {"type": "Feature", "geometry": {"type": "LineString", "coordinates": [[-58.4963998, -34.5445175], [-58.4965113, -34.544505]]}, "properties": {"clase": "ferrocarril", "nombre": "FC Belgrano", "osm_way": 274949142, "fuente": "OpenStreetMap vía Overpass"}}, {"type": "Feature", "geometry": {"type": "LineString", "coordinates": [[-58.4936614, -34.5444091], [-58.4939283, -34.5444453]]}, "properties": {"clase": "ferrocarril", "nombre": "FC Belgrano", "osm_way": 274949145, "fuente": "OpenStreetMap vía Overpass"}}, {"type": "Feature", "geometry": {"type": "LineString", "coordinates": [[-58.4960731, -34.544534], [-58.4963998, -34.5445175]]}, "properties": {"clase": "ferrocarril", "nombre": "FC Belgrano", "osm_way": 274949147, "fuente": "OpenStreetMap vía Overpass"}}, {"type": "Feature", "geometry": {"type": "LineString", "coordinates": [[-58.4939283, -34.5444453], [-58.4942498, -34.5444931], [-58.4945055, -34.5445156]]}, "properties": {"clase": "ferrocarril", "nombre": "FC Belgrano", "osm_way": 274949150, "fuente": "OpenStreetMap vía Overpass"}}, {"type": "Feature", "geometry": {"type": "LineString", "coordinates": [[-58.470502, -34.534933], [-58.4714039, -34.5351727], [-58.4717272, -34.535271], [-58.472675, -34.5355503]]}, "properties": {"clase": "ferrocarril", "nombre": "FC Belgrano", "osm_way": 274949152, "fuente": "OpenStreetMap vía Overpass"}}, {"type": "Feature", "geometry": {"type": "LineString", "coordinates": [[-58.4947202, -34.544531], [-58.495064, -34.5445504], [-58.495342, -34.5445522], [-58.4957535, -34.5445458], [-58.4960731, -34.544534]]}, "properties": {"clase": "ferrocarril", "nombre": "FC Belgrano", "osm_way": 274949154, "fuente": "OpenStreetMap vía Overpass"}}, {"type": "Feature", "geometry": {"type": "LineString", "coordinates": [[-58.4781543, -34.5376347], [-58.4793491, -34.5382199], [-58.4806071, -34.538816], [-58.480658, -34.538839], [-58.4859768, -34.5413892]]}, "properties": {"clase": "ferrocarril", "nombre": "FC Belgrano", "osm_way": 274949156, "fuente": "OpenStreetMap vía Overpass"}}, {"type": "Feature", "geometry": {"type": "LineString", "coordinates": [[-58.4748813, -34.5363237], [-58.4765215, -34.5369084], [-58.4767403, -34.5369973], [-58.4769529, -34.5370824], [-58.4773605, -34.537253], [-58.4775591, -34.5373507], [-58.4780891, -34.5376043], [-58.4781543, -34.5376347]]}, "properties": {"clase": "ferrocarril", "nombre": "FC Belgrano", "osm_way": 274949159, "fuente": "OpenStreetMap vía Overpass"}}, {"type": "Feature", "geometry": {"type": "LineString", "coordinates": [[-58.5063675, -34.540574], [-58.5066437, -34.5404367]]}, "properties": {"clase": "ferrocarril", "nombre": "FC Belgrano", "osm_way": 274950307, "fuente": "OpenStreetMap vía Overpass"}}, {"type": "Feature", "geometry": {"type": "LineString", "coordinates": [[-58.5066437, -34.5404367], [-58.5085968, -34.5394497], [-58.5098011, -34.5388304], [-58.5109252, -34.5382596], [-58.5111014, -34.5381694], [-58.5119786, -34.5377207], [-58.5130742, -34.5371665], [-58.5140433, -34.5366705], [-58.5147513, -34.536312], [-58.5154485, -34.5359481], [-58.5157014, -34.5358226], [-58.5172822, -34.5350218], [-58.5181202, -34.5345973], [-58.5189667, -34.5341685], [-58.5210555, -34.5331061], [-58.5217639, -34.5327482], [-58.5220583, -34.5325988], [-58.5238558, -34.5316799], [-58.5252473, -34.5309729], [-58.525555, -34.5308278], [-58.5258476, -34.5306779], [-58.5260728, -34.5305765], [-58.5262905, -34.530494], [-58.5266787, -34.5303671], [-58.5268843, -34.5303019], [-58.5271191, -34.5302429], [-58.5273926, -34.5301803], [-58.5277022, -34.5301239], [-58.5283688, -34.5300311], [-58.5291183, -34.5299353], [-58.5312297, -34.5296425], [-58.5313218, -34.5296299], [-58.5362275, -34.5289731], [-58.5373911, -34.5288246], [-58.5381483, -34.5287171], [-58.5384865, -34.5286651], [-58.5387775, -34.5286136], [-58.5389288, -34.5285805], [-58.5390392, -34.5285532], [-58.5393083, -34.5284844], [-58.5395527, -34.5284123], [-58.5397991, -34.5283319], [-58.540044, -34.5282368], [-58.5403222, -34.5281319], [-58.5406279, -34.5279887], [-58.5408618, -34.5278623], [-58.5411531, -34.5276961], [-58.5414258, -34.5275154], [-58.5415841, -34.527406], [-58.5417256, -34.527302], [-58.543125, -34.5261952], [-58.5462179, -34.523733], [-58.5472829, -34.5228957], [-58.5493839, -34.5212487], [-58.5498279, -34.5208947], [-58.5502584, -34.5205436], [-58.5510136, -34.5199587], [-58.5526296, -34.5186825]]}, "properties": {"clase": "ferrocarril", "nombre": "FC Belgrano", "osm_way": 274965320, "fuente": "OpenStreetMap vía Overpass"}}, {"type": "Feature", "geometry": {"type": "LineString", "coordinates": [[-58.5658543, -34.5082783], [-58.5656846, -34.5083709]]}, "properties": {"clase": "ferrocarril", "nombre": "FC Belgrano", "osm_way": 275155705, "fuente": "OpenStreetMap vía Overpass"}}, {"type": "Feature", "geometry": {"type": "LineString", "coordinates": [[-58.5526011, -34.5186554], [-58.5509854, -34.5199344], [-58.5502297, -34.5205205], [-58.5497944, -34.5208726], [-58.5493546, -34.5212213], [-58.547258, -34.5228698], [-58.5461974, -34.5237122], [-58.5430985, -34.5261724], [-58.541693, -34.5272783], [-58.541552, -34.5273839], [-58.5414111, -34.5274834], [-58.541135, -34.5276631], [-58.54084, -34.5278288], [-58.540611, -34.52795], [-58.5403047, -34.5280976], [-58.5400294, -34.5282036], [-58.539787, -34.5282987], [-58.5395368, -34.528381], [-58.5392976, -34.5284523], [-58.5390259, -34.5285259], [-58.5389207, -34.5285474], [-58.5387816, -34.5285775], [-58.5384746, -34.5286331], [-58.538142, -34.5286868], [-58.5373859, -34.5287869], [-58.5362219, -34.5289439], [-58.531233, -34.5296082], [-58.528928, -34.5299153], [-58.5283852, -34.5299846], [-58.5276918, -34.5300843], [-58.5273819, -34.5301439], [-58.5271041, -34.5302019], [-58.5268763, -34.5302621], [-58.526662, -34.530329], [-58.5262801, -34.5304563], [-58.5260528, -34.5305449], [-58.5258577, -34.5306298], [-58.5255675, -34.5307705], [-58.5251985, -34.5309491], [-58.5238365, -34.5316511], [-58.5230121, -34.5320701], [-58.5220127, -34.5325778], [-58.5213664, -34.5328996], [-58.5210298, -34.5330712], [-58.5189329, -34.5341372], [-58.5180945, -34.5345618], [-58.5156522, -34.5357988], [-58.5154229, -34.5359158], [-58.5141763, -34.536559], [-58.514017, -34.5366393], [-58.5130523, -34.5371256], [-58.5119306, -34.5376974], [-58.5110707, -34.5381378], [-58.5108501, -34.5382508], [-58.5097499, -34.5388047], [-58.5085439, -34.5394237], [-58.506646, -34.5403914]]}, "properties": {"clase": "ferrocarril", "nombre": "FC Belgrano", "osm_way": 275155706, "fuente": "OpenStreetMap vía Overpass"}}, {"type": "Feature", "geometry": {"type": "LineString", "coordinates": [[-58.5639611, -34.5098335], [-58.5637794, -34.5100212], [-58.5636589, -34.5101416], [-58.563593, -34.5102113], [-58.5634133, -34.5103881], [-58.563129, -34.5106765], [-58.5629842, -34.5107992], [-58.5623069, -34.5113418]]}, "properties": {"clase": "ferrocarril", "nombre": "", "osm_way": 275189061, "fuente": "OpenStreetMap vía Overpass"}}, {"type": "Feature", "geometry": {"type": "LineString", "coordinates": [[-58.5541047, -34.5174595], [-58.5545388, -34.5170222], [-58.5547622, -34.5168447], [-58.5549926, -34.5166629], [-58.5553841, -34.516393], [-58.5557529, -34.5161068]]}, "properties": {"clase": "ferrocarril", "nombre": "FC Belgrano", "osm_way": 275189062, "fuente": "OpenStreetMap vía Overpass"}}, {"type": "Feature", "geometry": {"type": "LineString", "coordinates": [[-58.565865, -34.5083121], [-58.5663109, -34.5081003], [-58.5667457, -34.5079226], [-58.5670141, -34.5078308], [-58.5672477, -34.507757], [-58.5672668, -34.5077515], [-58.5672949, -34.5077434], [-58.5675157, -34.5076839], [-58.5677567, -34.5076262], [-58.5680441, -34.5075711], [-58.5683398, -34.5075265], [-58.5685564, -34.5075004], [-58.5687783, -34.5074818], [-58.5691346, -34.5074533], [-58.5699419, -34.5074038], [-58.5722858, -34.5072519], [-58.5740942, -34.5071346], [-58.5765089, -34.5069871], [-58.5770132, -34.5069511], [-58.5788132, -34.5068318], [-58.5792536, -34.5068026], [-58.581017, -34.5066722]]}, "properties": {"clase": "ferrocarril", "nombre": "FC Belgrano", "osm_way": 275278163, "fuente": "OpenStreetMap vía Overpass"}}, {"type": "Feature", "geometry": {"type": "LineString", "coordinates": [[-58.5965908, -34.5056681], [-58.596731, -34.5056589], [-58.5982424, -34.5055597]]}, "properties": {"clase": "ferrocarril", "nombre": "FC Belgrano", "osm_way": 275278164, "fuente": "OpenStreetMap vía Overpass"}}, {"type": "Feature", "geometry": {"type": "LineString", "coordinates": [[-58.5917752, -34.5059777], [-58.5921065, -34.5059616]]}, "properties": {"clase": "ferrocarril", "nombre": "FC Belgrano", "osm_way": 275278165, "fuente": "OpenStreetMap vía Overpass"}}, {"type": "Feature", "geometry": {"type": "LineString", "coordinates": [[-58.565706, -34.5084014], [-58.565865, -34.5083121]]}, "properties": {"clase": "ferrocarril", "nombre": "FC Belgrano", "osm_way": 275278166, "fuente": "OpenStreetMap vía Overpass"}}, {"type": "Feature", "geometry": {"type": "LineString", "coordinates": [[-58.5958977, -34.5057086], [-58.5965908, -34.5056681]]}, "properties": {"clase": "ferrocarril", "nombre": "FC Belgrano", "osm_way": 275278167, "fuente": "OpenStreetMap vía Overpass"}}, {"type": "Feature", "geometry": {"type": "LineString", "coordinates": [[-58.5900485, -34.5060896], [-58.590173, -34.5060752], [-58.5917752, -34.5059777]]}, "properties": {"clase": "ferrocarril", "nombre": "FC Belgrano", "osm_way": 275278168, "fuente": "OpenStreetMap vía Overpass"}}, {"type": "Feature", "geometry": {"type": "LineString", "coordinates": [[-58.5895784, -34.5061162], [-58.5900485, -34.5060896]]}, "properties": {"clase": "ferrocarril", "nombre": "FC Belgrano", "osm_way": 275278169, "fuente": "OpenStreetMap vía Overpass"}}, {"type": "Feature", "geometry": {"type": "LineString", "coordinates": [[-58.5982424, -34.5055597], [-58.5986976, -34.5055388]]}, "properties": {"clase": "ferrocarril", "nombre": "FC Belgrano", "osm_way": 275278170, "fuente": "OpenStreetMap vía Overpass"}}, {"type": "Feature", "geometry": {"type": "LineString", "coordinates": [[-58.5921065, -34.5059616], [-58.5958977, -34.5057086]]}, "properties": {"clase": "ferrocarril", "nombre": "FC Belgrano", "osm_way": 275278171, "fuente": "OpenStreetMap vía Overpass"}}, {"type": "Feature", "geometry": {"type": "LineString", "coordinates": [[-58.6064711, -34.5050323], [-58.6081291, -34.5049349], [-58.6119195, -34.5046858], [-58.6160481, -34.5044145], [-58.6194767, -34.5041755], [-58.620822, -34.5040872], [-58.6220371, -34.504009], [-58.6297644, -34.5035122], [-58.6301698, -34.5034835], [-58.6327505, -34.5033172], [-58.6341722, -34.5032094], [-58.6342769, -34.5032025], [-58.6375485, -34.5029934]]}, "properties": {"clase": "ferrocarril", "nombre": "FC Belgrano", "osm_way": 275280522, "fuente": "OpenStreetMap vía Overpass"}}, {"type": "Feature", "geometry": {"type": "LineString", "coordinates": [[-58.6375474, -34.5029504], [-58.6350771, -34.5031129], [-58.6348919, -34.5031235], [-58.6341667, -34.5031702], [-58.6327463, -34.5032724], [-58.6301653, -34.5034388], [-58.6297599, -34.5034674], [-58.6215269, -34.5039968], [-58.6208178, -34.5040424], [-58.6194764, -34.5041379], [-58.6160437, -34.5043698], [-58.6119152, -34.504641], [-58.608128, -34.5048827], [-58.606461, -34.5049666]]}, "properties": {"clase": "ferrocarril", "nombre": "FC Belgrano", "osm_way": 275280523, "fuente": "OpenStreetMap vía Overpass"}}, {"type": "Feature", "geometry": {"type": "LineString", "coordinates": [[-58.6063536, -34.5050392], [-58.6064711, -34.5050323]]}, "properties": {"clase": "ferrocarril", "nombre": "FC Belgrano", "osm_way": 275280524, "fuente": "OpenStreetMap vía Overpass"}}, {"type": "Feature", "geometry": {"type": "LineString", "coordinates": [[-58.606461, -34.5049666], [-58.6063406, -34.5049737]]}, "properties": {"clase": "ferrocarril", "nombre": "FC Belgrano", "osm_way": 275280527, "fuente": "OpenStreetMap vía Overpass"}}, {"type": "Feature", "geometry": {"type": "LineString", "coordinates": [[-58.6063406, -34.5049737], [-58.6052965, -34.5050514]]}, "properties": {"clase": "ferrocarril", "nombre": "FC Belgrano", "osm_way": 275280528, "fuente": "OpenStreetMap vía Overpass"}}, {"type": "Feature", "geometry": {"type": "LineString", "coordinates": [[-58.6052965, -34.5050514], [-58.6045916, -34.5050945]]}, "properties": {"clase": "ferrocarril", "nombre": "FC Belgrano", "osm_way": 275280529, "fuente": "OpenStreetMap vía Overpass"}}, {"type": "Feature", "geometry": {"type": "LineString", "coordinates": [[-58.4551023, -34.5486545], [-58.4549433, -34.5487924], [-58.4549147, -34.5488204], [-58.4547708, -34.5489448]]}, "properties": {"clase": "avenida", "nombre": "Avenida Del Libertador", "osm_way": 279673240, "fuente": "OpenStreetMap vía Overpass"}}, {"type": "Feature", "geometry": {"type": "LineString", "coordinates": [[-58.4903318, -34.5163654], [-58.4908661, -34.516989], [-58.491205, -34.5173846], [-58.4913108, -34.5175081], [-58.4918191, -34.5181028], [-58.4926218, -34.5190516], [-58.4928831, -34.5193699], [-58.493123, -34.5197104], [-58.4933307, -34.5200751], [-58.4935277, -34.5204531], [-58.4936775, -34.5208329], [-58.4938167, -34.5212259], [-58.4939262, -34.5216219], [-58.4939697, -34.5218053], [-58.4940051, -34.5219932]]}, "properties": {"clase": "ferrocarril", "nombre": "FC Mitre", "osm_way": 280804177, "fuente": "OpenStreetMap vía Overpass"}}, {"type": "Feature", "geometry": {"type": "LineString", "coordinates": [[-58.490373, -34.5163455], [-58.4892024, -34.5149504]]}, "properties": {"clase": "ferrocarril", "nombre": "FC Mitre", "osm_way": 280804179, "fuente": "OpenStreetMap vía Overpass"}}, {"type": "Feature", "geometry": {"type": "LineString", "coordinates": [[-58.5503761, -34.4603985], [-58.5501151, -34.4602728], [-58.5500141, -34.4602242], [-58.544423, -34.4575136], [-58.5439241, -34.4572773], [-58.5435842, -34.4571371], [-58.5434076, -34.4570729], [-58.5432186, -34.4570043], [-58.542779, -34.4568589], [-58.5427535, -34.4568506], [-58.5426698, -34.4568235], [-58.5423046, -34.4567161], [-58.5421084, -34.4566667], [-58.5419644, -34.4566304], [-58.541614, -34.4565618], [-58.5414597, -34.456537], [-58.5412061, -34.4564963], [-58.5409447, -34.4564695]]}, "properties": {"clase": "ferrocarril", "nombre": "FC Mitre", "osm_way": 280804193, "fuente": "OpenStreetMap vía Overpass"}}, {"type": "Feature", "geometry": {"type": "LineString", "coordinates": [[-58.5392259, -34.4564905], [-58.5394379, -34.4564806], [-58.5396172, -34.4564733], [-58.5398229, -34.4564722], [-58.5399588, -34.4564724], [-58.5400107, -34.4564717], [-58.540228, -34.4564759], [-58.5405495, -34.4564812], [-58.5409409, -34.4565069]]}, "properties": {"clase": "ferrocarril", "nombre": "FC Mitre", "osm_way": 280804194, "fuente": "OpenStreetMap vía Overpass"}}, {"type": "Feature", "geometry": {"type": "LineString", "coordinates": [[-58.5190081, -34.5150448], [-58.5216759, -34.5129554], [-58.5223009, -34.5124863], [-58.5228039, -34.5121089], [-58.5235747, -34.5115804]]}, "properties": {"clase": "autopista", "nombre": "Acceso Norte", "osm_way": 280940478, "fuente": "OpenStreetMap vía Overpass"}}, {"type": "Feature", "geometry": {"type": "LineString", "coordinates": [[-58.5185924, -34.5156917], [-58.5184815, -34.5157903], [-58.5175515, -34.5166686]]}, "properties": {"clase": "autopista", "nombre": "Acceso Norte", "osm_way": 280940480, "fuente": "OpenStreetMap vía Overpass"}}, {"type": "Feature", "geometry": {"type": "LineString", "coordinates": [[-58.6064322, -34.4865405], [-58.6044456, -34.4867919], [-58.6039832, -34.4868412], [-58.6031313, -34.4869636], [-58.6017118, -34.4871391], [-58.6002902, -34.4872552]]}, "properties": {"clase": "autopista", "nombre": "Acceso Norte", "osm_way": 280940482, "fuente": "OpenStreetMap vía Overpass"}}, {"type": "Feature", "geometry": {"type": "LineString", "coordinates": [[-58.5769562, -34.5342019], [-58.5776569, -34.5336323], [-58.5781976, -34.5331644], [-58.578703, -34.5326988], [-58.5790828, -34.5323281], [-58.5794267, -34.5319603], [-58.580092, -34.5312349], [-58.5804292, -34.5308344], [-58.5807471, -34.53043], [-58.5810837, -34.5299605], [-58.5813986, -34.5295033], [-58.5816604, -34.5290987], [-58.581875, -34.5287407], [-58.5823165, -34.5279373], [-58.5826594, -34.5272316], [-58.5838272, -34.5245708], [-58.5845095, -34.5229999], [-58.5857764, -34.520083], [-58.5858121, -34.5200016]]}, "properties": {"clase": "ferrocarril", "nombre": "FC Mitre", "osm_way": 281218109, "fuente": "OpenStreetMap vía Overpass"}}, {"type": "Feature", "geometry": {"type": "LineString", "coordinates": [[-58.4613042, -34.543324], [-58.4614042, -34.5432311], [-58.4615685, -34.5430785], [-58.4616646, -34.5429893], [-58.4618381, -34.5428282], [-58.4619466, -34.5427274], [-58.4620076, -34.5426707]]}, "properties": {"clase": "avenida", "nombre": "Avenida Del Libertador", "osm_way": 281754916, "fuente": "OpenStreetMap vía Overpass"}}, {"type": "Feature", "geometry": {"type": "LineString", "coordinates": [[-58.5409409, -34.4565069], [-58.5412006, -34.4565294], [-58.5414552, -34.456568], [-58.5415996, -34.4565907], [-58.5419569, -34.4566622], [-58.5420936, -34.4566972], [-58.5422893, -34.4567491], [-58.5427389, -34.4568826], [-58.5427649, -34.4568899], [-58.5428809, -34.4569276], [-58.5431996, -34.4570346], [-58.5433939, -34.4571074], [-58.5435615, -34.4571737], [-58.5439455, -34.4573471], [-58.5441288, -34.4574311], [-58.5483476, -34.4594707], [-58.5487104, -34.4596454], [-58.5499384, -34.4602369]]}, "properties": {"clase": "ferrocarril", "nombre": "FC Mitre", "osm_way": 282217439, "fuente": "OpenStreetMap vía Overpass"}}, {"type": "Feature", "geometry": {"type": "LineString", "coordinates": [[-58.5659118, -34.5084062], [-58.566176, -34.5082497], [-58.5664075, -34.5080948], [-58.5667457, -34.5079226]]}, "properties": {"clase": "ferrocarril", "nombre": "", "osm_way": 283676533, "fuente": "OpenStreetMap vía Overpass"}}, {"type": "Feature", "geometry": {"type": "LineString", "coordinates": [[-58.5672949, -34.5077434], [-58.5675647, -34.5076316]]}, "properties": {"clase": "ferrocarril", "nombre": "", "osm_way": 283676534, "fuente": "OpenStreetMap vía Overpass"}}, {"type": "Feature", "geometry": {"type": "LineString", "coordinates": [[-58.5899612, -34.5103625], [-58.5878262, -34.5152603], [-58.5873476, -34.5163611], [-58.5864708, -34.5183799], [-58.5859892, -34.5194858], [-58.5858677, -34.5197656], [-58.5858193, -34.5198681]]}, "properties": {"clase": "ferrocarril", "nombre": "FC Mitre", "osm_way": 283678984, "fuente": "OpenStreetMap vía Overpass"}}, {"type": "Feature", "geometry": {"type": "LineString", "coordinates": [[-58.5904028, -34.5093545], [-58.5899612, -34.5103625]]}, "properties": {"clase": "ferrocarril", "nombre": "FC Mitre", "osm_way": 283678987, "fuente": "OpenStreetMap vía Overpass"}}, {"type": "Feature", "geometry": {"type": "LineString", "coordinates": [[-58.6084175, -34.4716039], [-58.607029, -34.4738911], [-58.6069823, -34.473968]]}, "properties": {"clase": "ferrocarril", "nombre": "FC Mitre", "osm_way": 283679687, "fuente": "OpenStreetMap vía Overpass"}}, {"type": "Feature", "geometry": {"type": "LineString", "coordinates": [[-58.6055601, -34.4760969], [-58.6054415, -34.4762606], [-58.6052917, -34.4764673], [-58.604992, -34.4768809]]}, "properties": {"clase": "ferrocarril", "nombre": "FC Mitre", "osm_way": 283679688, "fuente": "OpenStreetMap vía Overpass"}}, {"type": "Feature", "geometry": {"type": "LineString", "coordinates": [[-58.6034537, -34.4789474], [-58.6033329, -34.4791052], [-58.6033124, -34.479132]]}, "properties": {"clase": "ferrocarril", "nombre": "FC Mitre", "osm_way": 283679689, "fuente": "OpenStreetMap vía Overpass"}}, {"type": "Feature", "geometry": {"type": "LineString", "coordinates": [[-58.608513, -34.471441], [-58.6084175, -34.4716039]]}, "properties": {"clase": "ferrocarril", "nombre": "FC Mitre", "osm_way": 283679690, "fuente": "OpenStreetMap vía Overpass"}}, {"type": "Feature", "geometry": {"type": "LineString", "coordinates": [[-58.6069823, -34.473968], [-58.6069142, -34.4740775], [-58.6067332, -34.4743682]]}, "properties": {"clase": "ferrocarril", "nombre": "FC Mitre", "osm_way": 283679691, "fuente": "OpenStreetMap vía Overpass"}}, {"type": "Feature", "geometry": {"type": "LineString", "coordinates": [[-58.6033124, -34.479132], [-58.6031888, -34.4793005], [-58.6031714, -34.4793242], [-58.6029957, -34.4795638], [-58.6026516, -34.4800163], [-58.6026007, -34.480084], [-58.6015267, -34.4815612], [-58.6014276, -34.481692], [-58.6003285, -34.4831661], [-58.5991938, -34.4846832], [-58.5986947, -34.4854625], [-58.5986139, -34.4855977], [-58.5981999, -34.4862902], [-58.5980353, -34.4866151], [-58.5978537, -34.4869947], [-58.5974847, -34.4878003], [-58.5972602, -34.4883697], [-58.5970101, -34.4891502], [-58.5967844, -34.4899224], [-58.5965377, -34.4911512]]}, "properties": {"clase": "ferrocarril", "nombre": "FC Mitre", "osm_way": 283679692, "fuente": "OpenStreetMap vía Overpass"}}, {"type": "Feature", "geometry": {"type": "LineString", "coordinates": [[-58.6067332, -34.4743682], [-58.6063076, -34.4750564], [-58.6059585, -34.4755712], [-58.6055601, -34.4760969]]}, "properties": {"clase": "ferrocarril", "nombre": "FC Mitre", "osm_way": 283679693, "fuente": "OpenStreetMap vía Overpass"}}, {"type": "Feature", "geometry": {"type": "LineString", "coordinates": [[-58.604992, -34.4768809], [-58.6047912, -34.4771494], [-58.604772, -34.4771751], [-58.6047574, -34.4771946], [-58.6045487, -34.4774736], [-58.6044636, -34.4775874], [-58.6039677, -34.4782601], [-58.6034537, -34.4789474]]}, "properties": {"clase": "ferrocarril", "nombre": "FC Mitre", "osm_way": 283679694, "fuente": "OpenStreetMap vía Overpass"}}, {"type": "Feature", "geometry": {"type": "LineString", "coordinates": [[-58.5857666, -34.5199853], [-58.5857326, -34.5200668], [-58.584467, -34.5229794], [-58.5837656, -34.5245936], [-58.582627, -34.527208], [-58.582276, -34.5279295], [-58.581714, -34.5289302], [-58.5815384, -34.5291987], [-58.5813506, -34.529486], [-58.5810381, -34.5299461], [-58.5806854, -34.5304532], [-58.580381, -34.5308277], [-58.5800615, -34.5312095], [-58.579398, -34.5319392], [-58.5790479, -34.5323049], [-58.5786705, -34.5326711], [-58.5781668, -34.5331302], [-58.57763, -34.5335991], [-58.5771921, -34.5339487], [-58.5768516, -34.5342146], [-58.5752772, -34.5354892]]}, "properties": {"clase": "ferrocarril", "nombre": "FC Mitre", "osm_way": 283680034, "fuente": "OpenStreetMap vía Overpass"}}, {"type": "Feature", "geometry": {"type": "LineString", "coordinates": [[-58.5858193, -34.5198681], [-58.5857666, -34.5199853]]}, "properties": {"clase": "ferrocarril", "nombre": "FC Mitre", "osm_way": 283680035, "fuente": "OpenStreetMap vía Overpass"}}, {"type": "Feature", "geometry": {"type": "LineString", "coordinates": [[-58.6180819, -34.4572322], [-58.6187109, -34.4567167], [-58.6190425, -34.4564846], [-58.6191924, -34.4563603], [-58.6200082, -34.4558121], [-58.6204035, -34.4555457], [-58.6204511, -34.4555153], [-58.6212141, -34.4550284], [-58.6216531, -34.4547964]]}, "properties": {"clase": "ferrocarril", "nombre": "Mitre", "osm_way": 283686872, "fuente": "OpenStreetMap vía Overpass"}}, {"type": "Feature", "geometry": {"type": "LineString", "coordinates": [[-58.6464351, -34.4387335], [-58.6457638, -34.4391752], [-58.6387682, -34.4436951], [-58.6221316, -34.4544971], [-58.6216531, -34.4547964], [-58.6204859, -34.4555613], [-58.6201874, -34.4557569], [-58.6197891, -34.4560179], [-58.619208, -34.4563892], [-58.6190088, -34.4565257], [-58.6188145, -34.4566614], [-58.6182718, -34.4570975], [-58.6180819, -34.4572322], [-58.6175987, -34.4576373], [-58.6172282, -34.4579847], [-58.6168387, -34.4583855], [-58.6165527, -34.4586895], [-58.6162709, -34.4590113], [-58.6160925, -34.4592486], [-58.6159407, -34.4594737], [-58.6158292, -34.4596422], [-58.6150349, -34.4609322], [-58.608513, -34.471441]]}, "properties": {"clase": "ferrocarril", "nombre": "FC Mitre", "osm_way": 283687215, "fuente": "OpenStreetMap vía Overpass"}}, {"type": "Feature", "geometry": {"type": "LineString", "coordinates": [[-58.5512482, -34.4943018], [-58.5512966, -34.4943392], [-58.5513742, -34.4943992], [-58.5514392, -34.4944496], [-58.5515436, -34.4945303], [-58.5517174, -34.4946647], [-58.5518853, -34.4947946], [-58.5519854, -34.49487], [-58.5521385, -34.4949905], [-58.5522608, -34.4950813], [-58.5523538, -34.4951539], [-58.5526315, -34.4953584], [-58.5529022, -34.4955576], [-58.5529606, -34.4956006], [-58.5530061, -34.4956273], [-58.5530563, -34.4956431], [-58.5531143, -34.4956478], [-58.5531755, -34.495648]]}, "properties": {"clase": "avenida", "nombre": "Avenida Avelino Rolón", "osm_way": 284909428, "fuente": "OpenStreetMap vía Overpass"}}, {"type": "Feature", "geometry": {"type": "LineString", "coordinates": [[-58.4623215, -34.5356276], [-58.4618962, -34.5359395], [-58.4608445, -34.5366985]]}, "properties": {"clase": "autopista", "nombre": "Avenida Leopoldo Lugones", "osm_way": 285245253, "fuente": "OpenStreetMap vía Overpass"}}, {"type": "Feature", "geometry": {"type": "LineString", "coordinates": [[-58.4726959, -34.5354999], [-58.4716896, -34.5352102], [-58.4713396, -34.5351086], [-58.4705224, -34.5348843]]}, "properties": {"clase": "ferrocarril", "nombre": "FC Belgrano", "osm_way": 288109213, "fuente": "OpenStreetMap vía Overpass"}}, {"type": "Feature", "geometry": {"type": "LineString", "coordinates": [[-58.472675, -34.5355503], [-58.4748813, -34.5363237]]}, "properties": {"clase": "ferrocarril", "nombre": "FC Belgrano", "osm_way": 288109214, "fuente": "OpenStreetMap vía Overpass"}}, {"type": "Feature", "geometry": {"type": "LineString", "coordinates": [[-58.4903924, -34.5434564], [-58.4898813, -34.5432392], [-58.4887284, -34.5426761], [-58.4886825, -34.5426537], [-58.4874698, -34.5420796], [-58.4864929, -34.5415889], [-58.4859695, -34.5413399]]}, "properties": {"clase": "ferrocarril", "nombre": "FC Belgrano", "osm_way": 288109215, "fuente": "OpenStreetMap vía Overpass"}}, {"type": "Feature", "geometry": {"type": "LineString", "coordinates": [[-58.4903665, -34.5435009], [-58.4913046, -34.543847], [-58.4919485, -34.544044], [-58.4926285, -34.5442052], [-58.4930144, -34.544289], [-58.4933137, -34.5443468], [-58.4936614, -34.5444091]]}, "properties": {"clase": "ferrocarril", "nombre": "FC Belgrano", "osm_way": 288109216, "fuente": "OpenStreetMap vía Overpass"}}, {"type": "Feature", "geometry": {"type": "LineString", "coordinates": [[-58.474023, -34.5376122], [-58.474087, -34.5376275], [-58.4743597, -34.5377056], [-58.4745877, -34.5377767], [-58.4747498, -34.53784], [-58.4748886, -34.5379051], [-58.4752648, -34.5380894], [-58.4754661, -34.5381917]]}, "properties": {"clase": "autopista", "nombre": "Avenida General Paz", "osm_way": 288399223, "fuente": "OpenStreetMap vía Overpass"}}, {"type": "Feature", "geometry": {"type": "LineString", "coordinates": [[-58.4983411, -34.5492914], [-58.4980765, -34.5491359], [-58.497782, -34.5489646], [-58.497498, -34.5488135], [-58.4971543, -34.5486446], [-58.4969472, -34.5485496]]}, "properties": {"clase": "autopista", "nombre": "Avenida General Paz", "osm_way": 288856258, "fuente": "OpenStreetMap vía Overpass"}}, {"type": "Feature", "geometry": {"type": "LineString", "coordinates": [[-58.5001295, -34.5505171], [-58.4999384, -34.5502487], [-58.4997165, -34.5500352], [-58.4995095, -34.5498487], [-58.4993272, -34.5496993], [-58.4991037, -34.549537], [-58.4988363, -34.5493538], [-58.4986212, -34.5492229], [-58.4983055, -34.549051], [-58.4979074, -34.5488561], [-58.4973788, -34.5486219]]}, "properties": {"clase": "autopista", "nombre": "Avenida General Paz", "osm_way": 288856943, "fuente": "OpenStreetMap vía Overpass"}}, {"type": "Feature", "geometry": {"type": "LineString", "coordinates": [[-58.494406, -34.5472284], [-58.4948221, -34.5474126]]}, "properties": {"clase": "autopista", "nombre": "Avenida General Paz", "osm_way": 291271628, "fuente": "OpenStreetMap vía Overpass"}}, {"type": "Feature", "geometry": {"type": "LineString", "coordinates": [[-58.494354, -34.5473071], [-58.4932529, -34.5468156]]}, "properties": {"clase": "autopista", "nombre": "Avenida General Paz", "osm_way": 291271629, "fuente": "OpenStreetMap vía Overpass"}}, {"type": "Feature", "geometry": {"type": "LineString", "coordinates": [[-58.4933164, -34.5467279], [-58.4935581, -34.546852], [-58.494406, -34.5472284]]}, "properties": {"clase": "autopista", "nombre": "Avenida General Paz", "osm_way": 291271630, "fuente": "OpenStreetMap vía Overpass"}}, {"type": "Feature", "geometry": {"type": "LineString", "coordinates": [[-58.4928737, -34.5466459], [-58.4926833, -34.5465618]]}, "properties": {"clase": "autopista", "nombre": "Avenida General Paz", "osm_way": 291271631, "fuente": "OpenStreetMap vía Overpass"}}, {"type": "Feature", "geometry": {"type": "LineString", "coordinates": [[-58.5085919, -34.5261238], [-58.5086888, -34.5259906]]}, "properties": {"clase": "autopista", "nombre": "Colectora Acceso Norte", "osm_way": 294835640, "fuente": "OpenStreetMap vía Overpass"}}, {"type": "Feature", "geometry": {"type": "LineString", "coordinates": [[-58.5086888, -34.5259906], [-58.5104267, -34.5236185]]}, "properties": {"clase": "autopista", "nombre": "Colectora Acceso Norte", "osm_way": 294835647, "fuente": "OpenStreetMap vía Overpass"}}, {"type": "Feature", "geometry": {"type": "LineString", "coordinates": [[-58.5070104, -34.5283172], [-58.5075613, -34.5275542]]}, "properties": {"clase": "autopista", "nombre": "Colectora Acceso Norte", "osm_way": 294835671, "fuente": "OpenStreetMap vía Overpass"}}, {"type": "Feature", "geometry": {"type": "LineString", "coordinates": [[-58.5068942, -34.5284808], [-58.5070104, -34.5283172]]}, "properties": {"clase": "autopista", "nombre": "Colectora Acceso Norte", "osm_way": 294835678, "fuente": "OpenStreetMap vía Overpass"}}, {"type": "Feature", "geometry": {"type": "LineString", "coordinates": [[-58.5076558, -34.5285388], [-58.5075101, -34.5287402]]}, "properties": {"clase": "autopista", "nombre": "Colectora Acceso Norte", "osm_way": 294835689, "fuente": "OpenStreetMap vía Overpass"}}, {"type": "Feature", "geometry": {"type": "LineString", "coordinates": [[-58.5075101, -34.5287402], [-58.5064571, -34.5301914]]}, "properties": {"clase": "autopista", "nombre": "Colectora Acceso Norte", "osm_way": 294835693, "fuente": "OpenStreetMap vía Overpass"}}, {"type": "Feature", "geometry": {"type": "LineString", "coordinates": [[-58.4956895, -34.5439293], [-58.4957775, -34.543794]]}, "properties": {"clase": "autopista", "nombre": "Acceso Norte", "osm_way": 294835702, "fuente": "OpenStreetMap vía Overpass"}}, {"type": "Feature", "geometry": {"type": "LineString", "coordinates": [[-58.4993491, -34.5398099], [-58.498998, -34.5402025], [-58.4988011, -34.540414], [-58.4985691, -34.5406543], [-58.4983595, -34.5408693], [-58.4981629, -34.5410618], [-58.4976037, -34.5416353], [-58.4973426, -34.5419194], [-58.4970557, -34.5422513], [-58.4967869, -34.5426413]]}, "properties": {"clase": "autopista", "nombre": "Acceso Norte", "osm_way": 294844723, "fuente": "OpenStreetMap vía Overpass"}}, {"type": "Feature", "geometry": {"type": "LineString", "coordinates": [[-58.5365663, -34.5054559], [-58.5327496, -34.5073002]]}, "properties": {"clase": "autopista", "nombre": "Colectora Acceso Norte", "osm_way": 294844731, "fuente": "OpenStreetMap vía Overpass"}}, {"type": "Feature", "geometry": {"type": "LineString", "coordinates": [[-58.5427472, -34.5020191], [-58.5449383, -34.5009535], [-58.5467327, -34.500104], [-58.5479312, -34.4995793], [-58.550131, -34.498615], [-58.5505359, -34.4984031]]}, "properties": {"clase": "autopista", "nombre": "Acceso Norte", "osm_way": 294844732, "fuente": "OpenStreetMap vía Overpass"}}, {"type": "Feature", "geometry": {"type": "LineString", "coordinates": [[-58.5363391, -34.5048941], [-58.5366289, -34.5047537]]}, "properties": {"clase": "autopista", "nombre": "Colectora Acceso Norte", "osm_way": 294844733, "fuente": "OpenStreetMap vía Overpass"}}, {"type": "Feature", "geometry": {"type": "LineString", "coordinates": [[-58.4589609, -34.5453764], [-58.4590375, -34.5453172], [-58.4593051, -34.5451015], [-58.4597739, -34.5447248]]}, "properties": {"clase": "avenida", "nombre": "Avenida Del Libertador", "osm_way": 297401022, "fuente": "OpenStreetMap vía Overpass"}}, {"type": "Feature", "geometry": {"type": "LineString", "coordinates": [[-58.505593, -34.5302806], [-58.5068942, -34.5284808]]}, "properties": {"clase": "autopista", "nombre": "Colectora Acceso Norte", "osm_way": 297551029, "fuente": "OpenStreetMap vía Overpass"}}, {"type": "Feature", "geometry": {"type": "LineString", "coordinates": [[-58.5061688, -34.5306273], [-58.5056163, -34.5314508], [-58.5053198, -34.5319248], [-58.5050418, -34.5323961], [-58.5048911, -34.5326683], [-58.5047637, -34.5328754], [-58.5046428, -34.5330462], [-58.5045075, -34.5332246], [-58.5043505, -34.5334185], [-58.5041658, -34.5336375], [-58.5039232, -34.5338982]]}, "properties": {"clase": "autopista", "nombre": "Colectora Acceso Norte", "osm_way": 297551034, "fuente": "OpenStreetMap vía Overpass"}}, {"type": "Feature", "geometry": {"type": "LineString", "coordinates": [[-58.4921651, -34.5472218], [-58.4920481, -34.5471037], [-58.4919607, -34.5470274], [-58.4918701, -34.546953], [-58.4917076, -34.5468354], [-58.4916405, -34.5467943]]}, "properties": {"clase": "autopista", "nombre": "Avenida General Paz", "osm_way": 298729189, "fuente": "OpenStreetMap vía Overpass"}}, {"type": "Feature", "geometry": {"type": "LineString", "coordinates": [[-58.4960036, -34.54815], [-58.4956419, -34.5480041], [-58.4954616, -34.54794], [-58.4952772, -34.5478837]]}, "properties": {"clase": "autopista", "nombre": "", "osm_way": 298729194, "fuente": "OpenStreetMap vía Overpass"}}, {"type": "Feature", "geometry": {"type": "LineString", "coordinates": [[-58.4872329, -34.54397], [-58.4879486, -34.5442925], [-58.4884555, -34.5445243]]}, "properties": {"clase": "autopista", "nombre": "Avenida General Paz", "osm_way": 298739053, "fuente": "OpenStreetMap vía Overpass"}}, {"type": "Feature", "geometry": {"type": "LineString", "coordinates": [[-58.4860318, -34.5431223], [-58.4872375, -34.5435948]]}, "properties": {"clase": "autopista", "nombre": "Avenida General Paz", "osm_way": 298739054, "fuente": "OpenStreetMap vía Overpass"}}, {"type": "Feature", "geometry": {"type": "LineString", "coordinates": [[-58.4957775, -34.543794], [-58.4962177, -34.5430871], [-58.4963901, -34.5428094], [-58.4965032, -34.5425849]]}, "properties": {"clase": "autopista", "nombre": "Acceso Norte", "osm_way": 298892064, "fuente": "OpenStreetMap vía Overpass"}}, {"type": "Feature", "geometry": {"type": "LineString", "coordinates": [[-58.4958877, -34.5440127], [-58.4958099, -34.5441473], [-58.4957422, -34.5442696]]}, "properties": {"clase": "autopista", "nombre": "Acceso Norte", "osm_way": 298892098, "fuente": "OpenStreetMap vía Overpass"}}, {"type": "Feature", "geometry": {"type": "LineString", "coordinates": [[-58.4959655, -34.5438738], [-58.4958877, -34.5440127]]}, "properties": {"clase": "autopista", "nombre": "Acceso Norte", "osm_way": 298892109, "fuente": "OpenStreetMap vía Overpass"}}, {"type": "Feature", "geometry": {"type": "LineString", "coordinates": [[-58.4600082, -34.5362847], [-58.4605632, -34.5357025], [-58.4608542, -34.5354237], [-58.460977, -34.5353043], [-58.4611089, -34.5351874], [-58.4613341, -34.5350086], [-58.4615428, -34.5348722]]}, "properties": {"clase": "autopista", "nombre": "Avenida Intendente Cantilo", "osm_way": 300808062, "fuente": "OpenStreetMap vía Overpass"}}, {"type": "Feature", "geometry": {"type": "LineString", "coordinates": [[-58.492266, -34.5463774], [-58.4921742, -34.546337]]}, "properties": {"clase": "autopista", "nombre": "Avenida General Paz", "osm_way": 303130480, "fuente": "OpenStreetMap vía Overpass"}}, {"type": "Feature", "geometry": {"type": "LineString", "coordinates": [[-58.464154, -34.53463], [-58.464059, -34.5346541], [-58.4639311, -34.5346915], [-58.4636347, -34.534827], [-58.4633302, -34.5349866], [-58.4629654, -34.5352046], [-58.4626375, -34.5354087], [-58.4623215, -34.5356276]]}, "properties": {"clase": "autopista", "nombre": "Avenida Leopoldo Lugones", "osm_way": 303130489, "fuente": "OpenStreetMap vía Overpass"}}, {"type": "Feature", "geometry": {"type": "LineString", "coordinates": [[-58.5575185, -34.4920771], [-58.5576036, -34.4918917]]}, "properties": {"clase": "autopista", "nombre": "Acceso Norte Ramal Tigre", "osm_way": 303410454, "fuente": "OpenStreetMap vía Overpass"}}, {"type": "Feature", "geometry": {"type": "LineString", "coordinates": [[-58.583614, -34.4396373], [-58.5837581, -34.43945], [-58.583923, -34.4392069], [-58.5840699, -34.4389757], [-58.5840883, -34.4389466], [-58.5842124, -34.4387508], [-58.5843273, -34.4385483], [-58.5844792, -34.4382561], [-58.5845986, -34.4379916], [-58.5848559, -34.4373819]]}, "properties": {"clase": "autopista", "nombre": "Acceso Norte Ramal Tigre", "osm_way": 303410460, "fuente": "OpenStreetMap vía Overpass"}}, {"type": "Feature", "geometry": {"type": "LineString", "coordinates": [[-58.5841294, -34.4394959], [-58.5838132, -34.4397711]]}, "properties": {"clase": "autopista", "nombre": "Acceso Norte Ramal Tigre", "osm_way": 303412725, "fuente": "OpenStreetMap vía Overpass"}}, {"type": "Feature", "geometry": {"type": "LineString", "coordinates": [[-58.5847001, -34.439012], [-58.5844595, -34.439216], [-58.5841294, -34.4394959]]}, "properties": {"clase": "autopista", "nombre": "Acceso Norte Ramal Tigre", "osm_way": 303412726, "fuente": "OpenStreetMap vía Overpass"}}, {"type": "Feature", "geometry": {"type": "LineString", "coordinates": [[-58.4946528, -34.5444738], [-58.4945093, -34.5444652]]}, "properties": {"clase": "ferrocarril", "nombre": "FC Belgrano", "osm_way": 305926511, "fuente": "OpenStreetMap vía Overpass"}}, {"type": "Feature", "geometry": {"type": "LineString", "coordinates": [[-58.4946395, -34.5445244], [-58.4947202, -34.544531]]}, "properties": {"clase": "ferrocarril", "nombre": "FC Belgrano", "osm_way": 305926512, "fuente": "OpenStreetMap vía Overpass"}}, {"type": "Feature", "geometry": {"type": "LineString", "coordinates": [[-58.4945055, -34.5445156], [-58.4946395, -34.5445244]]}, "properties": {"clase": "ferrocarril", "nombre": "FC Belgrano", "osm_way": 305926513, "fuente": "OpenStreetMap vía Overpass"}}, {"type": "Feature", "geometry": {"type": "LineString", "coordinates": [[-58.4945093, -34.5444652], [-58.4942595, -34.544443], [-58.4939543, -34.544404]]}, "properties": {"clase": "ferrocarril", "nombre": "FC Belgrano", "osm_way": 305926515, "fuente": "OpenStreetMap vía Overpass"}}, {"type": "Feature", "geometry": {"type": "LineString", "coordinates": [[-58.5944976, -34.4754576], [-58.5946813, -34.4754481]]}, "properties": {"clase": "ferrocarril", "nombre": "FC Mitre", "osm_way": 310928180, "fuente": "OpenStreetMap vía Overpass"}}, {"type": "Feature", "geometry": {"type": "LineString", "coordinates": [[-58.5894614, -34.4757906], [-58.5896881, -34.4757787]]}, "properties": {"clase": "ferrocarril", "nombre": "FC Mitre", "osm_way": 310928181, "fuente": "OpenStreetMap vía Overpass"}}, {"type": "Feature", "geometry": {"type": "LineString", "coordinates": [[-58.5922881, -34.4756056], [-58.5937772, -34.4755059], [-58.5944976, -34.4754576]]}, "properties": {"clase": "ferrocarril", "nombre": "FC Mitre", "osm_way": 310928182, "fuente": "OpenStreetMap vía Overpass"}}, {"type": "Feature", "geometry": {"type": "LineString", "coordinates": [[-58.5919064, -34.4756307], [-58.5920136, -34.4756236], [-58.5922881, -34.4756056]]}, "properties": {"clase": "ferrocarril", "nombre": "FC Mitre", "osm_way": 310928183, "fuente": "OpenStreetMap vía Overpass"}}, {"type": "Feature", "geometry": {"type": "LineString", "coordinates": [[-58.5896881, -34.4757787], [-58.5919064, -34.4756307]]}, "properties": {"clase": "ferrocarril", "nombre": "FC Mitre", "osm_way": 310928184, "fuente": "OpenStreetMap vía Overpass"}}, {"type": "Feature", "geometry": {"type": "LineString", "coordinates": [[-58.5946813, -34.4754481], [-58.5977251, -34.4752406]]}, "properties": {"clase": "ferrocarril", "nombre": "FC Mitre", "osm_way": 310928185, "fuente": "OpenStreetMap vía Overpass"}}, {"type": "Feature", "geometry": {"type": "LineString", "coordinates": [[-58.584642, -34.4756338], [-58.5843435, -34.4755943], [-58.5837579, -34.4755109], [-58.5834778, -34.4754653], [-58.5831843, -34.475407], [-58.5826492, -34.4752983], [-58.5818482, -34.4751095], [-58.5814689, -34.4750164], [-58.581345, -34.4749856], [-58.5809389, -34.4748762], [-58.5808065, -34.4748399], [-58.5802877, -34.4746787], [-58.5801843, -34.4746452], [-58.5797128, -34.4744901], [-58.5794002, -34.4743828], [-58.5790377, -34.4742517], [-58.5783646, -34.4739876], [-58.5779078, -34.4737909], [-58.5775903, -34.4736423], [-58.5775096, -34.4736045], [-58.5772789, -34.4734916]]}, "properties": {"clase": "ferrocarril", "nombre": "FC Mitre", "osm_way": 310928186, "fuente": "OpenStreetMap vía Overpass"}}, {"type": "Feature", "geometry": {"type": "LineString", "coordinates": [[-58.5848006, -34.4756516], [-58.584642, -34.4756338]]}, "properties": {"clase": "ferrocarril", "nombre": "FC Mitre", "osm_way": 310928187, "fuente": "OpenStreetMap vía Overpass"}}, {"type": "Feature", "geometry": {"type": "LineString", "coordinates": [[-58.52751, -34.4822843], [-58.5274904, -34.4822501]]}, "properties": {"clase": "avenida", "nombre": "", "osm_way": 312700301, "fuente": "OpenStreetMap vía Overpass"}}, {"type": "Feature", "geometry": {"type": "LineString", "coordinates": [[-58.5667531, -34.4344771], [-58.5667916, -34.4345249], [-58.5674463, -34.4350208]]}, "properties": {"clase": "avenida", "nombre": "Almirante Brown", "osm_way": 333890456, "fuente": "OpenStreetMap vía Overpass"}}, {"type": "Feature", "geometry": {"type": "LineString", "coordinates": [[-58.5803412, -34.5304254], [-58.5805202, -34.5302331], [-58.5807805, -34.5299435], [-58.5809765, -34.5297157], [-58.5810816, -34.5295438], [-58.5813151, -34.5291049]]}, "properties": {"clase": "ferrocarril", "nombre": "", "osm_way": 334451702, "fuente": "OpenStreetMap vía Overpass"}}, {"type": "Feature", "geometry": {"type": "LineString", "coordinates": [[-58.5821466, -34.5271994], [-58.582284, -34.5269685], [-58.5824169, -34.5267617], [-58.5826397, -34.5263961], [-58.5830176, -34.5258109]]}, "properties": {"clase": "ferrocarril", "nombre": "", "osm_way": 334451703, "fuente": "OpenStreetMap vía Overpass"}}, {"type": "Feature", "geometry": {"type": "LineString", "coordinates": [[-58.5832035, -34.5253999], [-58.5830176, -34.5258109], [-58.5828567, -34.5261752], [-58.5827456, -34.5264406], [-58.5825173, -34.5268072], [-58.5822639, -34.5272414]]}, "properties": {"clase": "ferrocarril", "nombre": "", "osm_way": 334451704, "fuente": "OpenStreetMap vía Overpass"}}, {"type": "Feature", "geometry": {"type": "LineString", "coordinates": [[-58.5761614, -34.5345159], [-58.5753558, -34.5353497], [-58.5749514, -34.5357574]]}, "properties": {"clase": "ferrocarril", "nombre": "FC Mitre", "osm_way": 340355963, "fuente": "OpenStreetMap vía Overpass"}}, {"type": "Feature", "geometry": {"type": "LineString", "coordinates": [[-58.5574699, -34.5498036], [-58.556028, -34.5509622], [-58.5552307, -34.5515947], [-58.5548368, -34.5519072], [-58.5544293, -34.5522218], [-58.5539192, -34.5526294], [-58.5515987, -34.5544755], [-58.5507557, -34.5551462], [-58.5478488, -34.5574175], [-58.5471104, -34.5579969], [-58.545703, -34.5591012], [-58.5439319, -34.5605042], [-58.5433938, -34.5609304], [-58.5420339, -34.5620231], [-58.5418443, -34.5621891], [-58.541674, -34.5623547], [-58.5414241, -34.5626006], [-58.5412542, -34.5627855], [-58.5407306, -34.5634314], [-58.53928, -34.5653105], [-58.5376771, -34.5673502], [-58.537593, -34.5674477], [-58.5363019, -34.5691247], [-58.53626, -34.5691791], [-58.535137, -34.5706345], [-58.5347354, -34.5710721], [-58.5342397, -34.5715536]]}, "properties": {"clase": "ferrocarril", "nombre": "FC Mitre", "osm_way": 340355964, "fuente": "OpenStreetMap vía Overpass"}}, {"type": "Feature", "geometry": {"type": "LineString", "coordinates": [[-58.5841315, -34.5235634], [-58.5836186, -34.524492], [-58.5834425, -34.5248475], [-58.5833824, -34.5249808], [-58.5832035, -34.5253999], [-58.5828181, -34.5260194], [-58.5822111, -34.5267377], [-58.5820141, -34.5269216], [-58.581883, -34.5270701], [-58.581769, -34.5272148], [-58.5809559, -34.5287131], [-58.5808637, -34.5289559], [-58.5808341, -34.5290937], [-58.5807453, -34.5295065], [-58.5806408, -34.529828], [-58.5805758, -34.530028], [-58.5804993, -34.5301815], [-58.5803412, -34.5304254], [-58.5798977, -34.5309105], [-58.5797327, -34.5310876], [-58.5783236, -34.532628], [-58.5780608, -34.5328816], [-58.5777979, -34.5331195], [-58.5776129, -34.5332727], [-58.5769852, -34.5337815]]}, "properties": {"clase": "ferrocarril", "nombre": "", "osm_way": 340355965, "fuente": "OpenStreetMap vía Overpass"}}, {"type": "Feature", "geometry": {"type": "LineString", "coordinates": [[-58.4976276, -34.4875581], [-58.4974193, -34.4877085]]}, "properties": {"clase": "ferrocarril", "nombre": "", "osm_way": 356783298, "fuente": "OpenStreetMap vía Overpass"}}, {"type": "Feature", "geometry": {"type": "LineString", "coordinates": [[-58.4789169, -34.5404837], [-58.4776315, -34.5398177]]}, "properties": {"clase": "autopista", "nombre": "Avenida General Paz", "osm_way": 360972841, "fuente": "OpenStreetMap vía Overpass"}}, {"type": "Feature", "geometry": {"type": "LineString", "coordinates": [[-58.4826155, -34.5421173], [-58.4803051, -34.5411144], [-58.4789169, -34.5404837]]}, "properties": {"clase": "autopista", "nombre": "Avenida General Paz", "osm_way": 360972842, "fuente": "OpenStreetMap vía Overpass"}}, {"type": "Feature", "geometry": {"type": "LineString", "coordinates": [[-58.5428556, -34.4556135], [-58.5429792, -34.4555759], [-58.5430897, -34.4555514], [-58.5432066, -34.4555172]]}, "properties": {"clase": "ferrocarril", "nombre": "Mitre", "osm_way": 361078582, "fuente": "OpenStreetMap vía Overpass"}}, {"type": "Feature", "geometry": {"type": "LineString", "coordinates": [[-58.475445, -34.5387695], [-58.474384, -34.5383277]]}, "properties": {"clase": "autopista", "nombre": "Avenida General Paz", "osm_way": 374223831, "fuente": "OpenStreetMap vía Overpass"}}, {"type": "Feature", "geometry": {"type": "LineString", "coordinates": [[-58.4771975, -34.5395963], [-58.4762049, -34.5391124]]}, "properties": {"clase": "autopista", "nombre": "Avenida General Paz", "osm_way": 374223832, "fuente": "OpenStreetMap vía Overpass"}}, {"type": "Feature", "geometry": {"type": "LineString", "coordinates": [[-58.4772925, -34.5394718], [-58.4777121, -34.5396911]]}, "properties": {"clase": "autopista", "nombre": "Avenida General Paz", "osm_way": 374223833, "fuente": "OpenStreetMap vía Overpass"}}, {"type": "Feature", "geometry": {"type": "LineString", "coordinates": [[-58.4763088, -34.5389901], [-58.4772925, -34.5394718]]}, "properties": {"clase": "autopista", "nombre": "Avenida General Paz", "osm_way": 374223834, "fuente": "OpenStreetMap vía Overpass"}}, {"type": "Feature", "geometry": {"type": "LineString", "coordinates": [[-58.474384, -34.5383277], [-58.4735581, -34.5380111]]}, "properties": {"clase": "autopista", "nombre": "Avenida General Paz", "osm_way": 374223835, "fuente": "OpenStreetMap vía Overpass"}}, {"type": "Feature", "geometry": {"type": "LineString", "coordinates": [[-58.4744485, -34.5381988], [-58.474999, -34.5384154], [-58.4755251, -34.5386369]]}, "properties": {"clase": "autopista", "nombre": "Avenida General Paz", "osm_way": 374223836, "fuente": "OpenStreetMap vía Overpass"}}, {"type": "Feature", "geometry": {"type": "LineString", "coordinates": [[-58.4762049, -34.5391124], [-58.4758168, -34.5389273], [-58.4755747, -34.5388245], [-58.475445, -34.5387695]]}, "properties": {"clase": "autopista", "nombre": "Avenida General Paz", "osm_way": 374223837, "fuente": "OpenStreetMap vía Overpass"}}, {"type": "Feature", "geometry": {"type": "LineString", "coordinates": [[-58.4755251, -34.5386369], [-58.4756533, -34.5386931], [-58.4759078, -34.5388055], [-58.4761074, -34.5388978], [-58.4763088, -34.5389901]]}, "properties": {"clase": "autopista", "nombre": "Avenida General Paz", "osm_way": 374223838, "fuente": "OpenStreetMap vía Overpass"}}, {"type": "Feature", "geometry": {"type": "LineString", "coordinates": [[-58.4489256, -34.5428141], [-58.4485452, -34.5430209]]}, "properties": {"clase": "autopista", "nombre": "Avenida Leopoldo Lugones", "osm_way": 375020384, "fuente": "OpenStreetMap vía Overpass"}}, {"type": "Feature", "geometry": {"type": "LineString", "coordinates": [[-58.4684801, -34.531316], [-58.4685323, -34.531198], [-58.4685506, -34.5311565], [-58.4686197, -34.5310008], [-58.4687794, -34.5306116]]}, "properties": {"clase": "avenida", "nombre": "Avenida del Libertador", "osm_way": 375751564, "fuente": "OpenStreetMap vía Overpass"}}, {"type": "Feature", "geometry": {"type": "LineString", "coordinates": [[-58.4689006, -34.5320409], [-58.4688831, -34.5320749], [-58.4688295, -34.5321786], [-58.468737, -34.5323579], [-58.4686308, -34.5325637], [-58.4685237, -34.5327714], [-58.4684403, -34.5329232]]}, "properties": {"clase": "avenida", "nombre": "Avenida del Libertador", "osm_way": 375751565, "fuente": "OpenStreetMap vía Overpass"}}, {"type": "Feature", "geometry": {"type": "LineString", "coordinates": [[-58.4687794, -34.5306116], [-58.4688571, -34.5304571], [-58.4689562, -34.5302882], [-58.4690756, -34.5300959], [-58.4691877, -34.5299527], [-58.4693844, -34.5297241]]}, "properties": {"clase": "avenida", "nombre": "Avenida del Libertador", "osm_way": 375751566, "fuente": "OpenStreetMap vía Overpass"}}, {"type": "Feature", "geometry": {"type": "LineString", "coordinates": [[-58.4698156, -34.530234], [-58.469652, -34.5305812], [-58.4695072, -34.5308892], [-58.4693714, -34.5311699], [-58.4692373, -34.5314263], [-58.4692185, -34.5314623], [-58.4692025, -34.5314928], [-58.4691578, -34.531582]]}, "properties": {"clase": "avenida", "nombre": "Avenida del Libertador", "osm_way": 375751567, "fuente": "OpenStreetMap vía Overpass"}}, {"type": "Feature", "geometry": {"type": "LineString", "coordinates": [[-58.5777313, -34.4473592], [-58.5776428, -34.4475075]]}, "properties": {"clase": "autopista", "nombre": "Acceso Norte Ramal Tigre", "osm_way": 378836126, "fuente": "OpenStreetMap vía Overpass"}}, {"type": "Feature", "geometry": {"type": "LineString", "coordinates": [[-58.5784349, -34.4462111], [-58.5782605, -34.4464926], [-58.5777313, -34.4473592]]}, "properties": {"clase": "autopista", "nombre": "Acceso Norte Ramal Tigre", "osm_way": 378836127, "fuente": "OpenStreetMap vía Overpass"}}, {"type": "Feature", "geometry": {"type": "LineString", "coordinates": [[-58.5889095, -34.4339145], [-58.58938, -34.4333518]]}, "properties": {"clase": "autopista", "nombre": "Ramal Tigre", "osm_way": 378836128, "fuente": "OpenStreetMap vía Overpass"}}, {"type": "Feature", "geometry": {"type": "LineString", "coordinates": [[-58.481776, -34.5025035], [-58.481807, -34.5024554], [-58.4823708, -34.5015453], [-58.4823841, -34.5015238], [-58.482424, -34.5014594]]}, "properties": {"clase": "avenida", "nombre": "Avenida del Libertador", "osm_way": 381982456, "fuente": "OpenStreetMap vía Overpass"}}, {"type": "Feature", "geometry": {"type": "LineString", "coordinates": [[-58.4798943, -34.507157], [-58.4801817, -34.5064683]]}, "properties": {"clase": "avenida", "nombre": "Avenida del Libertador", "osm_way": 382003744, "fuente": "OpenStreetMap vía Overpass"}}, {"type": "Feature", "geometry": {"type": "LineString", "coordinates": [[-58.480304, -34.5061411], [-58.480424, -34.505855], [-58.4804429, -34.50581], [-58.4804746, -34.5057343]]}, "properties": {"clase": "avenida", "nombre": "Avenida del Libertador", "osm_way": 382003746, "fuente": "OpenStreetMap vía Overpass"}}, {"type": "Feature", "geometry": {"type": "LineString", "coordinates": [[-58.5212038, -34.4787483], [-58.5213606, -34.4788294], [-58.5214612, -34.4788814], [-58.5223116, -34.4793209], [-58.5223317, -34.4793313], [-58.52253, -34.4794338]]}, "properties": {"clase": "avenida", "nombre": "Avenida Bernabé Márquez", "osm_way": 389119582, "fuente": "OpenStreetMap vía Overpass"}}, {"type": "Feature", "geometry": {"type": "LineString", "coordinates": [[-58.5139905, -34.475021], [-58.5138166, -34.4749753], [-58.512976, -34.4745288]]}, "properties": {"clase": "avenida", "nombre": "Avenida Bernabé Márquez", "osm_way": 389119583, "fuente": "OpenStreetMap vía Overpass"}}, {"type": "Feature", "geometry": {"type": "LineString", "coordinates": [[-58.5139905, -34.475021], [-58.514117, -34.4750853], [-58.5141562, -34.4751056]]}, "properties": {"clase": "avenida", "nombre": "Avenida Bernabé Márquez", "osm_way": 389119584, "fuente": "OpenStreetMap vía Overpass"}}, {"type": "Feature", "geometry": {"type": "LineString", "coordinates": [[-58.5141562, -34.4751056], [-58.5141959, -34.4751259], [-58.5152524, -34.4756652], [-58.5152772, -34.4756779], [-58.5153186, -34.4756995]]}, "properties": {"clase": "avenida", "nombre": "Avenida Bernabé Márquez", "osm_way": 389119585, "fuente": "OpenStreetMap vía Overpass"}}, {"type": "Feature", "geometry": {"type": "LineString", "coordinates": [[-58.5131834, -34.4745633], [-58.5138535, -34.4749228], [-58.5139905, -34.475021]]}, "properties": {"clase": "avenida", "nombre": "Avenida Bernabé Márquez", "osm_way": 389119586, "fuente": "OpenStreetMap vía Overpass"}}, {"type": "Feature", "geometry": {"type": "LineString", "coordinates": [[-58.5715969, -34.5243561], [-58.571565, -34.524285], [-58.571532, -34.5242082], [-58.5710608, -34.5230619], [-58.570942, -34.5227724]]}, "properties": {"clase": "avenida", "nombre": "Diagonal 190 - Brigadier General Juan Manuel de Rosas", "osm_way": 393596440, "fuente": "OpenStreetMap vía Overpass"}}, {"type": "Feature", "geometry": {"type": "LineString", "coordinates": [[-58.5776824, -34.5362305], [-58.577127, -34.5345852]]}, "properties": {"clase": "avenida", "nombre": "Diagonal 190 - Brigadier General Juan Manuel de Rosas", "osm_way": 393896054, "fuente": "OpenStreetMap vía Overpass"}}, {"type": "Feature", "geometry": {"type": "LineString", "coordinates": [[-58.5757637, -34.5319828], [-58.5758446, -34.5320554], [-58.5760175, -34.5323617]]}, "properties": {"clase": "avenida", "nombre": "Diagonal 190 - Brigadier General Juan Manuel de Rosas", "osm_way": 393896057, "fuente": "OpenStreetMap vía Overpass"}}, {"type": "Feature", "geometry": {"type": "LineString", "coordinates": [[-58.5777882, -34.53622], [-58.5781143, -34.5372397], [-58.5787567, -34.5389496]]}, "properties": {"clase": "avenida", "nombre": "Diagonal 190 - Brigadier General Juan Manuel de Rosas", "osm_way": 393896058, "fuente": "OpenStreetMap vía Overpass"}}, {"type": "Feature", "geometry": {"type": "LineString", "coordinates": [[-58.4541722, -34.5492838], [-58.4542716, -34.549191]]}, "properties": {"clase": "avenida", "nombre": "Avenida Del Libertador", "osm_way": 418587783, "fuente": "OpenStreetMap vía Overpass"}}, {"type": "Feature", "geometry": {"type": "LineString", "coordinates": [[-58.4631621, -34.5415981], [-58.463236, -34.5415336], [-58.4633151, -34.5414628], [-58.4633754, -34.5414134]]}, "properties": {"clase": "avenida", "nombre": "Avenida Del Libertador", "osm_way": 419107801, "fuente": "OpenStreetMap vía Overpass"}}, {"type": "Feature", "geometry": {"type": "LineString", "coordinates": [[-58.4549962, -34.5485916], [-58.4553287, -34.5483369], [-58.4554887, -34.5482474]]}, "properties": {"clase": "avenida", "nombre": "Avenida Del Libertador", "osm_way": 419370352, "fuente": "OpenStreetMap vía Overpass"}}, {"type": "Feature", "geometry": {"type": "LineString", "coordinates": [[-58.4554887, -34.5482474], [-58.45542, -34.5483793], [-58.4551735, -34.5485956], [-58.4551023, -34.5486545]]}, "properties": {"clase": "avenida", "nombre": "Avenida Del Libertador", "osm_way": 419370353, "fuente": "OpenStreetMap vía Overpass"}}, {"type": "Feature", "geometry": {"type": "LineString", "coordinates": [[-58.4565228, -34.5473488], [-58.4566536, -34.5472385]]}, "properties": {"clase": "avenida", "nombre": "Avenida Del Libertador", "osm_way": 419603264, "fuente": "OpenStreetMap vía Overpass"}}, {"type": "Feature", "geometry": {"type": "LineString", "coordinates": [[-58.4620076, -34.5426707], [-58.4621122, -34.5425746], [-58.4624084, -34.5422977], [-58.4626238, -34.5420996]]}, "properties": {"clase": "avenida", "nombre": "Avenida Del Libertador", "osm_way": 419606568, "fuente": "OpenStreetMap vía Overpass"}}, {"type": "Feature", "geometry": {"type": "LineString", "coordinates": [[-58.4598907, -34.5446178], [-58.4602479, -34.544293], [-58.4603657, -34.5441861]]}, "properties": {"clase": "avenida", "nombre": "Avenida Del Libertador", "osm_way": 419606569, "fuente": "OpenStreetMap vía Overpass"}}, {"type": "Feature", "geometry": {"type": "LineString", "coordinates": [[-58.4638354, -34.540697], [-58.4642113, -34.5400931], [-58.4643403, -34.5398829]]}, "properties": {"clase": "avenida", "nombre": "Avenida Del Libertador", "osm_way": 419606570, "fuente": "OpenStreetMap vía Overpass"}}, {"type": "Feature", "geometry": {"type": "LineString", "coordinates": [[-58.4653223, -34.5383021], [-58.4653685, -34.5382243], [-58.4655183, -34.537979], [-58.4658171, -34.5374909]]}, "properties": {"clase": "avenida", "nombre": "Avenida Del Libertador", "osm_way": 419608655, "fuente": "OpenStreetMap vía Overpass"}}, {"type": "Feature", "geometry": {"type": "LineString", "coordinates": [[-58.5742099, -34.529018], [-58.5736838, -34.5279903], [-58.5732063, -34.5270926], [-58.5731405, -34.5269694]]}, "properties": {"clase": "avenida", "nombre": "Diagonal 190 - Brigadier General Juan Manuel de Rosas", "osm_way": 420676330, "fuente": "OpenStreetMap vía Overpass"}}, {"type": "Feature", "geometry": {"type": "LineString", "coordinates": [[-58.5677983, -34.5136774], [-58.5676452, -34.513115], [-58.5675852, -34.5128945], [-58.5675856, -34.5127776]]}, "properties": {"clase": "avenida", "nombre": "Avenida Avelino Rolón", "osm_way": 420676343, "fuente": "OpenStreetMap vía Overpass"}}, {"type": "Feature", "geometry": {"type": "LineString", "coordinates": [[-58.6193732, -34.4876086], [-58.620606, -34.4882677]]}, "properties": {"clase": "avenida", "nombre": "Avenida Ángel Torcuato de Alvear", "osm_way": 420676348, "fuente": "OpenStreetMap vía Overpass"}}, {"type": "Feature", "geometry": {"type": "LineString", "coordinates": [[-58.5666459, -34.4351647], [-58.5661412, -34.4348274]]}, "properties": {"clase": "avenida", "nombre": "Colón", "osm_way": 425466846, "fuente": "OpenStreetMap vía Overpass"}}, {"type": "Feature", "geometry": {"type": "LineString", "coordinates": [[-58.5459096, -34.4465268], [-58.5461084, -34.4464796]]}, "properties": {"clase": "avenida", "nombre": "Avenida del Libertador", "osm_way": 425628923, "fuente": "OpenStreetMap vía Overpass"}}, {"type": "Feature", "geometry": {"type": "LineString", "coordinates": [[-58.5462419, -34.446609], [-58.5461084, -34.4464796]]}, "properties": {"clase": "avenida", "nombre": "Quintana", "osm_way": 425628926, "fuente": "OpenStreetMap vía Overpass"}}, {"type": "Feature", "geometry": {"type": "LineString", "coordinates": [[-58.5656809, -34.4336913], [-58.5657667, -34.4337539], [-58.565866, -34.4338325]]}, "properties": {"clase": "avenida", "nombre": "Almirante Brown", "osm_way": 425690448, "fuente": "OpenStreetMap vía Overpass"}}, {"type": "Feature", "geometry": {"type": "LineString", "coordinates": [[-58.5652014, -34.4341671], [-58.5647307, -34.4338143], [-58.5646125, -34.4337315], [-58.5645727, -34.4337042], [-58.5645032, -34.4336565]]}, "properties": {"clase": "avenida", "nombre": "Colón", "osm_way": 425690450, "fuente": "OpenStreetMap vía Overpass"}}, {"type": "Feature", "geometry": {"type": "LineString", "coordinates": [[-58.6170268, -34.4865843], [-58.6162938, -34.4862027], [-58.6160386, -34.4860697], [-58.615988, -34.4860432], [-58.6155885, -34.4858322], [-58.6155464, -34.48581], [-58.6153669, -34.4857152]]}, "properties": {"clase": "avenida", "nombre": "Avenida Ángel Torcuato de Alvear", "osm_way": 426043818, "fuente": "OpenStreetMap vía Overpass"}}, {"type": "Feature", "geometry": {"type": "LineString", "coordinates": [[-58.5973872, -34.444347], [-58.5974298, -34.4443408], [-58.597473, -34.4443422], [-58.5975149, -34.4443514], [-58.5975533, -34.4443679]]}, "properties": {"clase": "avenida", "nombre": "", "osm_way": 426043841, "fuente": "OpenStreetMap vía Overpass"}}, {"type": "Feature", "geometry": {"type": "LineString", "coordinates": [[-58.5315971, -34.507649], [-58.5313175, -34.5077842]]}, "properties": {"clase": "autopista", "nombre": "Acceso Norte", "osm_way": 427529967, "fuente": "OpenStreetMap vía Overpass"}}, {"type": "Feature", "geometry": {"type": "LineString", "coordinates": [[-58.5313681, -34.5075176], [-58.5340085, -34.5062418], [-58.5362202, -34.5051709], [-58.5364142, -34.5050801]]}, "properties": {"clase": "autopista", "nombre": "Acceso Norte", "osm_way": 427529970, "fuente": "OpenStreetMap vía Overpass"}}, {"type": "Feature", "geometry": {"type": "LineString", "coordinates": [[-58.5247712, -34.4625149], [-58.5259185, -34.4613883], [-58.5259293, -34.4613773], [-58.5264452, -34.460867], [-58.5266646, -34.4606541], [-58.526892, -34.4604436], [-58.5273161, -34.4600669], [-58.5273626, -34.4600256], [-58.5273836, -34.4600093], [-58.5275193, -34.4599041], [-58.5275947, -34.4598456], [-58.5279006, -34.4596345], [-58.5291266, -34.4588007], [-58.5294272, -34.4586251], [-58.5297022, -34.4584758], [-58.5303379, -34.4581814], [-58.5306468, -34.4580415], [-58.5309129, -34.4579187], [-58.5312756, -34.4577726], [-58.5316465, -34.4576355], [-58.5320463, -34.4574882], [-58.5324736, -34.4573545], [-58.5328669, -34.4572452], [-58.5332841, -34.4571493], [-58.5337058, -34.4570625], [-58.5341439, -34.4569848], [-58.5347839, -34.4568866], [-58.5351011, -34.4568475], [-58.5351885, -34.4568363], [-58.5359806, -34.4567503], [-58.5360403, -34.4567471], [-58.5368031, -34.4566827], [-58.5376874, -34.4566127]]}, "properties": {"clase": "ferrocarril", "nombre": "FC Mitre", "osm_way": 429399843, "fuente": "OpenStreetMap vía Overpass"}}, {"type": "Feature", "geometry": {"type": "LineString", "coordinates": [[-58.5377213, -34.4565722], [-58.5375992, -34.4565814], [-58.5368001, -34.4566447], [-58.5359793, -34.4567097], [-58.5359668, -34.4567109], [-58.5351846, -34.4567889], [-58.5350939, -34.4568001], [-58.5347833, -34.4568386], [-58.5340957, -34.4569398], [-58.5336797, -34.4570152], [-58.5332692, -34.4570973], [-58.5328546, -34.457193], [-58.5325128, -34.4572874], [-58.532451, -34.4573045], [-58.5320251, -34.4574463], [-58.5316294, -34.4575948], [-58.5312542, -34.4577355], [-58.5308763, -34.4578874], [-58.5306047, -34.4580149], [-58.5303054, -34.4581549], [-58.5296929, -34.4584394], [-58.529394, -34.4586], [-58.5290988, -34.4587692], [-58.5278727, -34.4595976], [-58.5278379, -34.4596232], [-58.5275606, -34.459827], [-58.5273483, -34.4599902], [-58.5273251, -34.460008], [-58.5272809, -34.4600471], [-58.5269658, -34.4603264], [-58.5266262, -34.4606332], [-58.5258889, -34.4613503], [-58.5258714, -34.4613654], [-58.5253271, -34.4618807], [-58.5250834, -34.4621114], [-58.524723, -34.462492]]}, "properties": {"clase": "ferrocarril", "nombre": "FC Mitre", "osm_way": 429399845, "fuente": "OpenStreetMap vía Overpass"}}, {"type": "Feature", "geometry": {"type": "LineString", "coordinates": [[-58.5072434, -34.5283644], [-58.5078372, -34.5275484], [-58.5088115, -34.5262102]]}, "properties": {"clase": "autopista", "nombre": "Acceso Norte", "osm_way": 437222914, "fuente": "OpenStreetMap vía Overpass"}}, {"type": "Feature", "geometry": {"type": "LineString", "coordinates": [[-58.5109665, -34.5236327], [-58.5108313, -34.5238194]]}, "properties": {"clase": "autopista", "nombre": "Acceso Norte", "osm_way": 437222920, "fuente": "OpenStreetMap vía Overpass"}}, {"type": "Feature", "geometry": {"type": "LineString", "coordinates": [[-58.510611, -34.5237195], [-58.5107444, -34.5235311]]}, "properties": {"clase": "autopista", "nombre": "Acceso Norte", "osm_way": 437222926, "fuente": "OpenStreetMap vía Overpass"}}, {"type": "Feature", "geometry": {"type": "LineString", "coordinates": [[-58.5108313, -34.5238194], [-58.5106983, -34.5240035], [-58.5091129, -34.5261972]]}, "properties": {"clase": "autopista", "nombre": "Acceso Norte", "osm_way": 437222932, "fuente": "OpenStreetMap vía Overpass"}}, {"type": "Feature", "geometry": {"type": "LineString", "coordinates": [[-58.458721, -34.5374756], [-58.4590462, -34.537197]]}, "properties": {"clase": "autopista", "nombre": "Avenida Intendente Cantilo", "osm_way": 437378543, "fuente": "OpenStreetMap vía Overpass"}}, {"type": "Feature", "geometry": {"type": "LineString", "coordinates": [[-58.4590462, -34.537197], [-58.4591867, -34.5370747], [-58.459614, -34.5366882], [-58.4599963, -34.5362958], [-58.4600082, -34.5362847]]}, "properties": {"clase": "autopista", "nombre": "Avenida Intendente Cantilo", "osm_way": 437378545, "fuente": "OpenStreetMap vía Overpass"}}, {"type": "Feature", "geometry": {"type": "LineString", "coordinates": [[-58.5091129, -34.5261972], [-58.5090361, -34.5263063]]}, "properties": {"clase": "autopista", "nombre": "Acceso Norte", "osm_way": 437774713, "fuente": "OpenStreetMap vía Overpass"}}, {"type": "Feature", "geometry": {"type": "LineString", "coordinates": [[-58.5073117, -34.528655], [-58.5070919, -34.5289607], [-58.5056313, -34.5309979]]}, "properties": {"clase": "autopista", "nombre": "Acceso Norte", "osm_way": 437774714, "fuente": "OpenStreetMap vía Overpass"}}, {"type": "Feature", "geometry": {"type": "LineString", "coordinates": [[-58.5088115, -34.5262102], [-58.5088915, -34.5260978]]}, "properties": {"clase": "autopista", "nombre": "Acceso Norte", "osm_way": 437774715, "fuente": "OpenStreetMap vía Overpass"}}, {"type": "Feature", "geometry": {"type": "LineString", "coordinates": [[-58.5088915, -34.5260978], [-58.5104865, -34.5238917], [-58.510611, -34.5237195]]}, "properties": {"clase": "autopista", "nombre": "Acceso Norte", "osm_way": 437774716, "fuente": "OpenStreetMap vía Overpass"}}, {"type": "Feature", "geometry": {"type": "LineString", "coordinates": [[-58.5896799, -34.5028632], [-58.5897141, -34.503371]]}, "properties": {"clase": "autopista", "nombre": "Camino Parque del Buen Ayre", "osm_way": 455096728, "fuente": "OpenStreetMap vía Overpass"}}, {"type": "Feature", "geometry": {"type": "LineString", "coordinates": [[-58.5898062, -34.5010207], [-58.5897205, -34.5013557]]}, "properties": {"clase": "autopista", "nombre": "Camino Parque del Buen Ayre", "osm_way": 455096729, "fuente": "OpenStreetMap vía Overpass"}}, {"type": "Feature", "geometry": {"type": "LineString", "coordinates": [[-58.5897159, -34.5034236], [-58.5897183, -34.5034962]]}, "properties": {"clase": "autopista", "nombre": "Camino Parque del Buen Ayre", "osm_way": 455096730, "fuente": "OpenStreetMap vía Overpass"}}, {"type": "Feature", "geometry": {"type": "LineString", "coordinates": [[-58.4670985, -34.5388194], [-58.4673111, -34.5384106]]}, "properties": {"clase": "ferrocarril", "nombre": "", "osm_way": 461020175, "fuente": "OpenStreetMap vía Overpass"}}, {"type": "Feature", "geometry": {"type": "LineString", "coordinates": [[-58.4995516, -34.4759244], [-58.4996061, -34.4758866], [-58.4996458, -34.4758585]]}, "properties": {"clase": "avenida", "nombre": "Avenida del Libertador", "osm_way": 463770641, "fuente": "OpenStreetMap vía Overpass"}}, {"type": "Feature", "geometry": {"type": "LineString", "coordinates": [[-58.4840856, -34.4988047], [-58.4841001, -34.4987092], [-58.484112, -34.498631], [-58.4841277, -34.498528], [-58.4841739, -34.4982242]]}, "properties": {"clase": "avenida", "nombre": "Avenida del Libertador", "osm_way": 464854385, "fuente": "OpenStreetMap vía Overpass"}}, {"type": "Feature", "geometry": {"type": "LineString", "coordinates": [[-58.498473, -34.4766267], [-58.4986062, -34.4765376], [-58.4987766, -34.4764305]]}, "properties": {"clase": "avenida", "nombre": "Avenida del Libertador", "osm_way": 465002070, "fuente": "OpenStreetMap vía Overpass"}}, {"type": "Feature", "geometry": {"type": "LineString", "coordinates": [[-58.4809837, -34.504426], [-58.4810653, -34.5042136], [-58.4810898, -34.5041497], [-58.4811216, -34.504072], [-58.4813805, -34.5034382], [-58.4813997, -34.5033911]]}, "properties": {"clase": "avenida", "nombre": "Avenida del Libertador", "osm_way": 465963929, "fuente": "OpenStreetMap vía Overpass"}}, {"type": "Feature", "geometry": {"type": "LineString", "coordinates": [[-58.4809021, -34.5046347], [-58.4809837, -34.504426]]}, "properties": {"clase": "avenida", "nombre": "Avenida del Libertador", "osm_way": 465963930, "fuente": "OpenStreetMap vía Overpass"}}, {"type": "Feature", "geometry": {"type": "LineString", "coordinates": [[-58.567185, -34.5117612], [-58.5670629, -34.5114554]]}, "properties": {"clase": "avenida", "nombre": "Avenida Avelino Rolón", "osm_way": 467054939, "fuente": "OpenStreetMap vía Overpass"}}, {"type": "Feature", "geometry": {"type": "LineString", "coordinates": [[-58.4720835, -34.525304], [-58.4721675, -34.5251211]]}, "properties": {"clase": "avenida", "nombre": "Avenida del Libertador", "osm_way": 467876205, "fuente": "OpenStreetMap vía Overpass"}}, {"type": "Feature", "geometry": {"type": "LineString", "coordinates": [[-58.4721675, -34.5251211], [-58.4722188, -34.5250092]]}, "properties": {"clase": "avenida", "nombre": "Avenida del Libertador", "osm_way": 467876206, "fuente": "OpenStreetMap vía Overpass"}}, {"type": "Feature", "geometry": {"type": "LineString", "coordinates": [[-58.4719168, -34.5256673], [-58.4719858, -34.5255169], [-58.4720835, -34.525304]]}, "properties": {"clase": "avenida", "nombre": "Avenida del Libertador", "osm_way": 467876207, "fuente": "OpenStreetMap vía Overpass"}}, {"type": "Feature", "geometry": {"type": "LineString", "coordinates": [[-58.596956, -34.4710594], [-58.5970353, -34.4713892], [-58.5971174, -34.4717311], [-58.5970998, -34.4718293]]}, "properties": {"clase": "avenida", "nombre": "Avenida Hipólito Yrigoyen", "osm_way": 472677736, "fuente": "OpenStreetMap vía Overpass"}}, {"type": "Feature", "geometry": {"type": "LineString", "coordinates": [[-58.5966591, -34.4701801], [-58.596584, -34.4700436], [-58.5965721, -34.4700219], [-58.5965392, -34.4699331], [-58.5965049, -34.469814], [-58.5964552, -34.4695806], [-58.5963851, -34.4692467], [-58.5963543, -34.4690998], [-58.5963257, -34.4689685], [-58.5963084, -34.4688889], [-58.5961854, -34.4683243], [-58.5960874, -34.467841], [-58.5960652, -34.4677409], [-58.596051, -34.4676583], [-58.5960081, -34.4673346], [-58.5959956, -34.4672569], [-58.5959631, -34.4670886], [-58.5959081, -34.4668423], [-58.5958738, -34.4666886]]}, "properties": {"clase": "avenida", "nombre": "Avenida Hipólito Yrigoyen", "osm_way": 472677743, "fuente": "OpenStreetMap vía Overpass"}}, {"type": "Feature", "geometry": {"type": "LineString", "coordinates": [[-58.5640096, -34.506278], [-58.5639092, -34.506169], [-58.5633149, -34.5055207], [-58.5632544, -34.5054548]]}, "properties": {"clase": "avenida", "nombre": "Avenida Avelino Rolón", "osm_way": 472853377, "fuente": "OpenStreetMap vía Overpass"}}, {"type": "Feature", "geometry": {"type": "LineString", "coordinates": [[-58.5612682, -34.5031261], [-58.5611564, -34.5030529], [-58.5610725, -34.5029662], [-58.560909, -34.5027971], [-58.5606929, -34.5025736], [-58.560623, -34.5025013], [-58.5605499, -34.502366]]}, "properties": {"clase": "avenida", "nombre": "Avenida Avelino Rolón", "osm_way": 472853403, "fuente": "OpenStreetMap vía Overpass"}}, {"type": "Feature", "geometry": {"type": "LineString", "coordinates": [[-58.5513631, -34.4945828], [-58.5512844, -34.4945063], [-58.5512065, -34.4944242], [-58.5511461, -34.4943569]]}, "properties": {"clase": "avenida", "nombre": "Avenida Avelino Rolón", "osm_way": 472853416, "fuente": "OpenStreetMap vía Overpass"}}, {"type": "Feature", "geometry": {"type": "LineString", "coordinates": [[-58.5521844, -34.4952833], [-58.5521291, -34.4951934], [-58.5516702, -34.4948379]]}, "properties": {"clase": "avenida", "nombre": "Avenida Avelino Rolón", "osm_way": 472853420, "fuente": "OpenStreetMap vía Overpass"}}, {"type": "Feature", "geometry": {"type": "LineString", "coordinates": [[-58.615446, -34.4525006], [-58.6155465, -34.4525463], [-58.6168312, -34.453104], [-58.6174647, -34.4533917], [-58.617605, -34.4534424], [-58.6177144, -34.4534737], [-58.6178119, -34.4535016], [-58.618223, -34.4536111], [-58.6199228, -34.4539818]]}, "properties": {"clase": "avenida", "nombre": "Avenida Juan Domingo Perón", "osm_way": 473844011, "fuente": "OpenStreetMap vía Overpass"}}, {"type": "Feature", "geometry": {"type": "LineString", "coordinates": [[-58.6055665, -34.4481649], [-58.6054771, -34.4481271], [-58.604092, -34.4474968], [-58.6040028, -34.4474559], [-58.6038997, -34.4474087]]}, "properties": {"clase": "avenida", "nombre": "Avenida Juan Domingo Perón", "osm_way": 473844012, "fuente": "OpenStreetMap vía Overpass"}}, {"type": "Feature", "geometry": {"type": "LineString", "coordinates": [[-58.600604, -34.4458566], [-58.60069, -34.4458967], [-58.6019931, -34.44648], [-58.6021852, -34.446566], [-58.6022638, -34.4466004]]}, "properties": {"clase": "avenida", "nombre": "Avenida Juan Domingo Perón", "osm_way": 473846826, "fuente": "OpenStreetMap vía Overpass"}}, {"type": "Feature", "geometry": {"type": "LineString", "coordinates": [[-58.6005563, -34.4459178], [-58.6004478, -34.4458744], [-58.59902, -34.4452512], [-58.5989946, -34.4452401], [-58.5988698, -34.4451869]]}, "properties": {"clase": "avenida", "nombre": "Avenida Juan Domingo Perón", "osm_way": 473846827, "fuente": "OpenStreetMap vía Overpass"}}, {"type": "Feature", "geometry": {"type": "LineString", "coordinates": [[-58.5988698, -34.4451869], [-58.5981911, -34.4448808], [-58.5980235, -34.444809], [-58.5977852, -34.4447069], [-58.5976939, -34.4446773], [-58.5976176, -34.4446628], [-58.5975228, -34.4446542]]}, "properties": {"clase": "avenida", "nombre": "Avenida Juan Domingo Perón", "osm_way": 473846832, "fuente": "OpenStreetMap vía Overpass"}}, {"type": "Feature", "geometry": {"type": "LineString", "coordinates": [[-58.5989405, -34.4451029], [-58.5990551, -34.4451523], [-58.6003398, -34.4457379], [-58.6004968, -34.4458094], [-58.600604, -34.4458566]]}, "properties": {"clase": "avenida", "nombre": "Avenida Juan Domingo Perón", "osm_way": 473846833, "fuente": "OpenStreetMap vía Overpass"}}, {"type": "Feature", "geometry": {"type": "LineString", "coordinates": [[-58.5960819, -34.4438591], [-58.5962342, -34.4438986], [-58.5968753, -34.4442023], [-58.5971032, -34.4443111], [-58.5971546, -34.4443337], [-58.5972161, -34.4443493], [-58.5973298, -34.4443697]]}, "properties": {"clase": "avenida", "nombre": "Avenida Crisólogo Larralde", "osm_way": 473850679, "fuente": "OpenStreetMap vía Overpass"}}, {"type": "Feature", "geometry": {"type": "LineString", "coordinates": [[-58.5695797, -34.450381], [-58.5694088, -34.4503074], [-58.568105, -34.4497458], [-58.5668161, -34.4491978], [-58.5666882, -34.4491399], [-58.5665666, -34.4490893], [-58.5663042, -34.4489801], [-58.5662428, -34.448954], [-58.5660305, -34.4488637], [-58.565953, -34.4488308], [-58.5658648, -34.4487933], [-58.5648783, -34.4483738], [-58.564399, -34.4481698], [-58.5643689, -34.448157], [-58.5640291, -34.4480125], [-58.5639023, -34.4479585], [-58.5629002, -34.4475248], [-58.5620594, -34.4471518], [-58.5618311, -34.447063]]}, "properties": {"clase": "avenida", "nombre": "Avenida Hipólito Yrigoyen", "osm_way": 473853678, "fuente": "OpenStreetMap vía Overpass"}}, {"type": "Feature", "geometry": {"type": "LineString", "coordinates": [[-58.5756893, -34.4530029], [-58.5759179, -34.4530763], [-58.5768558, -34.453491], [-58.5769842, -34.4535478], [-58.5774039, -34.4537072], [-58.5779773, -34.4539239], [-58.5796815, -34.4546379], [-58.5806749, -34.4550633], [-58.5808421, -34.4551349], [-58.5810036, -34.4552041], [-58.5824679, -34.4558312]]}, "properties": {"clase": "avenida", "nombre": "Avenida Hipólito Yrigoyen", "osm_way": 473853679, "fuente": "OpenStreetMap vía Overpass"}}, {"type": "Feature", "geometry": {"type": "LineString", "coordinates": [[-58.5769504, -34.4536041], [-58.5766117, -34.4534561], [-58.5764241, -34.4533741], [-58.5762029, -34.453278], [-58.5758292, -34.4531156], [-58.5756893, -34.4530029]]}, "properties": {"clase": "avenida", "nombre": "Avenida Hipólito Yrigoyen", "osm_way": 473853680, "fuente": "OpenStreetMap vía Overpass"}}, {"type": "Feature", "geometry": {"type": "LineString", "coordinates": [[-58.5702072, -34.4652448], [-58.5703369, -34.4649892], [-58.5705661, -34.4644989], [-58.5709198, -34.4636994]]}, "properties": {"clase": "autopista", "nombre": "Acceso Norte Ramal Tigre", "osm_way": 474432399, "fuente": "OpenStreetMap vía Overpass"}}, {"type": "Feature", "geometry": {"type": "LineString", "coordinates": [[-58.571915, -34.4611908], [-58.5720967, -34.4606756]]}, "properties": {"clase": "autopista", "nombre": "Acceso Norte Ramal Tigre", "osm_way": 474432400, "fuente": "OpenStreetMap vía Overpass"}}, {"type": "Feature", "geometry": {"type": "LineString", "coordinates": [[-58.5724816, -34.4596233], [-58.5730504, -34.458047]]}, "properties": {"clase": "autopista", "nombre": "Acceso Norte Ramal Tigre", "osm_way": 474432401, "fuente": "OpenStreetMap vía Overpass"}}, {"type": "Feature", "geometry": {"type": "LineString", "coordinates": [[-58.4705224, -34.5348843], [-58.4690316, -34.534457]]}, "properties": {"clase": "ferrocarril", "nombre": "FC Belgrano", "osm_way": 475204687, "fuente": "OpenStreetMap vía Overpass"}}, {"type": "Feature", "geometry": {"type": "LineString", "coordinates": [[-58.4690154, -34.5345064], [-58.4691504, -34.5345451], [-58.470502, -34.534933]]}, "properties": {"clase": "ferrocarril", "nombre": "FC Belgrano", "osm_way": 475204688, "fuente": "OpenStreetMap vía Overpass"}}, {"type": "Feature", "geometry": {"type": "LineString", "coordinates": [[-58.463511, -34.5345459], [-58.4633508, -34.534615], [-58.4631654, -34.5347032], [-58.4629738, -34.5348103], [-58.4628009, -34.5349159], [-58.4626119, -34.535036], [-58.4624086, -34.535172], [-58.4620684, -34.5354064], [-58.4614491, -34.535871]]}, "properties": {"clase": "ferrocarril", "nombre": "FC Belgrano", "osm_way": 475204689, "fuente": "OpenStreetMap vía Overpass"}}, {"type": "Feature", "geometry": {"type": "LineString", "coordinates": [[-58.4614687, -34.5358966], [-58.4620887, -34.5354361], [-58.4624308, -34.5351977], [-58.462632, -34.5350625], [-58.4628149, -34.5349494], [-58.4629858, -34.5348478], [-58.4631685, -34.5347497], [-58.4633522, -34.5346548], [-58.4635283, -34.5345743]]}, "properties": {"clase": "ferrocarril", "nombre": "FC Belgrano", "osm_way": 475204690, "fuente": "OpenStreetMap vía Overpass"}}, {"type": "Feature", "geometry": {"type": "LineString", "coordinates": [[-58.5931089, -34.443187], [-58.592978, -34.4431929], [-58.5927194, -34.4431427], [-58.5922596, -34.4430524], [-58.5920737, -34.4430161], [-58.5914952, -34.4429001], [-58.590975, -34.4428001], [-58.5908452, -34.4427751], [-58.5906721, -34.4427418], [-58.590513, -34.4427116], [-58.5894275, -34.4425057], [-58.5893233, -34.4424859], [-58.5891784, -34.4424572], [-58.5885577, -34.4423344], [-58.5884321, -34.4423087], [-58.5883169, -34.4422852]]}, "properties": {"clase": "avenida", "nombre": "Avenida Crisólogo Larralde", "osm_way": 476964166, "fuente": "OpenStreetMap vía Overpass"}}, {"type": "Feature", "geometry": {"type": "LineString", "coordinates": [[-58.5278877, -34.4824004], [-58.5278741, -34.48241], [-58.5278352, -34.4824254], [-58.5277823, -34.4824324]]}, "properties": {"clase": "avenida", "nombre": "", "osm_way": 481151578, "fuente": "OpenStreetMap vía Overpass"}}, {"type": "Feature", "geometry": {"type": "LineString", "coordinates": [[-58.5279214, -34.4819918], [-58.5279371, -34.4820211], [-58.5279572, -34.4820651], [-58.527974, -34.4821216]]}, "properties": {"clase": "avenida", "nombre": "", "osm_way": 481151579, "fuente": "OpenStreetMap vía Overpass"}}, {"type": "Feature", "geometry": {"type": "LineString", "coordinates": [[-58.5275133, -34.481875], [-58.5275482, -34.4818506], [-58.5276005, -34.4818318], [-58.5276328, -34.4818293], [-58.5276715, -34.4818318], [-58.5277056, -34.4818364]]}, "properties": {"clase": "avenida", "nombre": "", "osm_way": 481151580, "fuente": "OpenStreetMap vía Overpass"}}, {"type": "Feature", "geometry": {"type": "LineString", "coordinates": [[-58.5277823, -34.4824324], [-58.5277428, -34.4824325], [-58.5277037, -34.4824243], [-58.5276648, -34.48241], [-58.5276336, -34.4823946], [-58.5275983, -34.4823752], [-58.527571, -34.4823536], [-58.5275374, -34.4823182], [-58.52751, -34.4822843]]}, "properties": {"clase": "avenida", "nombre": "", "osm_way": 481151581, "fuente": "OpenStreetMap vía Overpass"}}, {"type": "Feature", "geometry": {"type": "LineString", "coordinates": [[-58.527974, -34.4821216], [-58.5279811, -34.4821693], [-58.527984, -34.4822088], [-58.52798, -34.4822475], [-58.5279721, -34.4822804], [-58.5279599, -34.4823171], [-58.5279414, -34.4823477], [-58.5279197, -34.4823735], [-58.5278877, -34.4824004]]}, "properties": {"clase": "avenida", "nombre": "", "osm_way": 481151582, "fuente": "OpenStreetMap vía Overpass"}}, {"type": "Feature", "geometry": {"type": "LineString", "coordinates": [[-58.5277056, -34.4818364], [-58.5277399, -34.4818473], [-58.5277705, -34.481862], [-58.5278057, -34.4818815], [-58.5278445, -34.4819092], [-58.5278711, -34.4819335], [-58.5279022, -34.4819645], [-58.5279214, -34.4819918]]}, "properties": {"clase": "avenida", "nombre": "", "osm_way": 481151583, "fuente": "OpenStreetMap vía Overpass"}}, {"type": "Feature", "geometry": {"type": "LineString", "coordinates": [[-58.5727006, -34.4389432], [-58.5727291, -34.4390047], [-58.5727367, -34.4390702], [-58.5727228, -34.439135], [-58.5726884, -34.4391944]]}, "properties": {"clase": "avenida", "nombre": "", "osm_way": 482784292, "fuente": "OpenStreetMap vía Overpass"}}, {"type": "Feature", "geometry": {"type": "LineString", "coordinates": [[-58.5726365, -34.4392437], [-58.5725595, -34.4392841], [-58.5724713, -34.4393033], [-58.5723802, -34.4392993], [-58.5722948, -34.4392727]]}, "properties": {"clase": "avenida", "nombre": "", "osm_way": 482784293, "fuente": "OpenStreetMap vía Overpass"}}, {"type": "Feature", "geometry": {"type": "LineString", "coordinates": [[-58.5725736, -34.4388422], [-58.5726464, -34.4388847], [-58.5727006, -34.4389432]]}, "properties": {"clase": "avenida", "nombre": "", "osm_way": 482784294, "fuente": "OpenStreetMap vía Overpass"}}, {"type": "Feature", "geometry": {"type": "LineString", "coordinates": [[-58.5722948, -34.4392727], [-58.572247, -34.4392448], [-58.5722068, -34.4392097]]}, "properties": {"clase": "avenida", "nombre": "", "osm_way": 482784295, "fuente": "OpenStreetMap vía Overpass"}}, {"type": "Feature", "geometry": {"type": "LineString", "coordinates": [[-58.5816309, -34.4235759], [-58.5815702, -34.4236262], [-58.5808827, -34.4241727], [-58.5802659, -34.424663]]}, "properties": {"clase": "ferrocarril", "nombre": "FC Mitre", "osm_way": 483338952, "fuente": "OpenStreetMap vía Overpass"}}, {"type": "Feature", "geometry": {"type": "LineString", "coordinates": [[-58.5493746, -34.4598796], [-58.5491899, -34.4597829], [-58.549126, -34.4597507], [-58.5488308, -34.4595998], [-58.5487461, -34.4595522], [-58.5484851, -34.4594144], [-58.5484102, -34.4593729], [-58.5483422, -34.4593271], [-58.5482273, -34.4592388], [-58.5481369, -34.4591672], [-58.5480596, -34.4590875], [-58.5479117, -34.4588997], [-58.5477559, -34.4586698], [-58.5476779, -34.4585674], [-58.5475683, -34.4584235], [-58.5474554, -34.4582772], [-58.5473458, -34.4581643], [-58.5471815, -34.4580343], [-58.5470097, -34.4579305], [-58.5467836, -34.4578144], [-58.5460967, -34.4574874], [-58.5459935, -34.4574383], [-58.5456022, -34.457252], [-58.5454283, -34.457163], [-58.5452896, -34.4570913], [-58.5452495, -34.4570772], [-58.5452339, -34.4570717], [-58.545077, -34.4570162], [-58.5449201, -34.4569632], [-58.544776, -34.4569516], [-58.5446546, -34.4569491], [-58.5445752, -34.4569494], [-58.5444898, -34.456954], [-58.544272, -34.4569801], [-58.5440321, -34.4570045], [-58.5439484, -34.4570108], [-58.5438632, -34.457012], [-58.543725, -34.457011], [-58.5436501, -34.4570071], [-58.5434568, -34.4569969], [-58.5433637, -34.4569849], [-58.5432504, -34.4569629], [-58.5431438, -34.456941], [-58.5430955, -34.4569253], [-58.5429419, -34.45687], [-58.5428664, -34.456841], [-58.5427289, -34.4567879], [-58.5425711, -34.4567207]]}, "properties": {"clase": "ferrocarril", "nombre": "Mitre", "osm_way": 490294575, "fuente": "OpenStreetMap vía Overpass"}}, {"type": "Feature", "geometry": {"type": "LineString", "coordinates": [[-58.5407921, -34.4565745], [-58.5405108, -34.4565588], [-58.540444, -34.4565574], [-58.5403206, -34.4565555], [-58.5402182, -34.4565537], [-58.5401357, -34.4565514], [-58.5401009, -34.4565504], [-58.5399857, -34.4565471], [-58.5398659, -34.4565484], [-58.539779, -34.4565494], [-58.5397449, -34.4565508], [-58.5396226, -34.4565509], [-58.5394777, -34.4565542], [-58.5393087, -34.4565619], [-58.5390067, -34.4565831], [-58.5385129, -34.4566184], [-58.5380788, -34.4566496], [-58.5371862, -34.4567212]]}, "properties": {"clase": "ferrocarril", "nombre": "", "osm_way": 490442716, "fuente": "OpenStreetMap vía Overpass"}}, {"type": "Feature", "geometry": {"type": "LineString", "coordinates": [[-58.5393087, -34.4565619], [-58.5391754, -34.456559], [-58.5390578, -34.4565529], [-58.5388226, -34.4565427], [-58.5385702, -34.4565417]]}, "properties": {"clase": "ferrocarril", "nombre": "", "osm_way": 490442717, "fuente": "OpenStreetMap vía Overpass"}}, {"type": "Feature", "geometry": {"type": "LineString", "coordinates": [[-58.5975533, -34.4443679], [-58.5975952, -34.4443988], [-58.5976249, -34.4444381]]}, "properties": {"clase": "avenida", "nombre": "", "osm_way": 496371397, "fuente": "OpenStreetMap vía Overpass"}}, {"type": "Feature", "geometry": {"type": "LineString", "coordinates": [[-58.5976249, -34.4444381], [-58.5976369, -34.4444911], [-58.5976382, -34.4445353], [-58.5976162, -34.4445846], [-58.5975764, -34.4446256], [-58.5975228, -34.4446542]]}, "properties": {"clase": "avenida", "nombre": "", "osm_way": 496371398, "fuente": "OpenStreetMap vía Overpass"}}, {"type": "Feature", "geometry": {"type": "LineString", "coordinates": [[-58.5973298, -34.4443697], [-58.5973574, -34.4443565], [-58.5973872, -34.444347]]}, "properties": {"clase": "avenida", "nombre": "", "osm_way": 496371399, "fuente": "OpenStreetMap vía Overpass"}}, {"type": "Feature", "geometry": {"type": "LineString", "coordinates": [[-58.5972447, -34.4445081], [-58.5972495, -34.444468], [-58.5972661, -34.44443], [-58.5972934, -34.4443966], [-58.5973298, -34.4443697]]}, "properties": {"clase": "avenida", "nombre": "", "osm_way": 496371400, "fuente": "OpenStreetMap vía Overpass"}}, {"type": "Feature", "geometry": {"type": "LineString", "coordinates": [[-58.5974574, -34.4446675], [-58.5973788, -34.4446591], [-58.5973364, -34.44464], [-58.5972833, -34.4446013]]}, "properties": {"clase": "avenida", "nombre": "", "osm_way": 496371401, "fuente": "OpenStreetMap vía Overpass"}}, {"type": "Feature", "geometry": {"type": "LineString", "coordinates": [[-58.5816952, -34.423629], [-58.5816353, -34.4236773]]}, "properties": {"clase": "ferrocarril", "nombre": "FC Mitre", "osm_way": 521694004, "fuente": "OpenStreetMap vía Overpass"}}, {"type": "Feature", "geometry": {"type": "LineString", "coordinates": [[-58.5780558, -34.4265816], [-58.5790427, -34.4258008], [-58.5793114, -34.4255855]]}, "properties": {"clase": "ferrocarril", "nombre": "FC Mitre", "osm_way": 521694008, "fuente": "OpenStreetMap vía Overpass"}}, {"type": "Feature", "geometry": {"type": "LineString", "coordinates": [[-58.5795241, -34.4253647], [-58.5798818, -34.4251356]]}, "properties": {"clase": "ferrocarril", "nombre": "FC Mitre", "osm_way": 521694024, "fuente": "OpenStreetMap vía Overpass"}}, {"type": "Feature", "geometry": {"type": "LineString", "coordinates": [[-58.5780558, -34.4265816], [-58.5783442, -34.4263004]]}, "properties": {"clase": "ferrocarril", "nombre": "FC Mitre", "osm_way": 521694028, "fuente": "OpenStreetMap vía Overpass"}}, {"type": "Feature", "geometry": {"type": "LineString", "coordinates": [[-58.5822639, -34.5272414], [-58.5812625, -34.5290861]]}, "properties": {"clase": "ferrocarril", "nombre": "", "osm_way": 521974759, "fuente": "OpenStreetMap vía Overpass"}}, {"type": "Feature", "geometry": {"type": "LineString", "coordinates": [[-58.580956, -34.5289759], [-58.5809013, -34.5291053], [-58.5807453, -34.5295065]]}, "properties": {"clase": "ferrocarril", "nombre": "", "osm_way": 521974760, "fuente": "OpenStreetMap vía Overpass"}}, {"type": "Feature", "geometry": {"type": "LineString", "coordinates": [[-58.5819511, -34.527133], [-58.580956, -34.5289759]]}, "properties": {"clase": "ferrocarril", "nombre": "", "osm_way": 521974761, "fuente": "OpenStreetMap vía Overpass"}}, {"type": "Feature", "geometry": {"type": "LineString", "coordinates": [[-58.5810034, -34.5289936], [-58.5807872, -34.5295436], [-58.5806646, -34.5298688]]}, "properties": {"clase": "ferrocarril", "nombre": "", "osm_way": 521974762, "fuente": "OpenStreetMap vía Overpass"}}, {"type": "Feature", "geometry": {"type": "LineString", "coordinates": [[-58.5820101, -34.5271507], [-58.5810034, -34.5289936]]}, "properties": {"clase": "ferrocarril", "nombre": "", "osm_way": 521974763, "fuente": "OpenStreetMap vía Overpass"}}, {"type": "Feature", "geometry": {"type": "LineString", "coordinates": [[-58.581055, -34.529012], [-58.5820484, -34.5271644]]}, "properties": {"clase": "ferrocarril", "nombre": "", "osm_way": 521974764, "fuente": "OpenStreetMap vía Overpass"}}, {"type": "Feature", "geometry": {"type": "LineString", "coordinates": [[-58.5807872, -34.5295436], [-58.581055, -34.529012]]}, "properties": {"clase": "ferrocarril", "nombre": "", "osm_way": 521974765, "fuente": "OpenStreetMap vía Overpass"}}, {"type": "Feature", "geometry": {"type": "LineString", "coordinates": [[-58.5821069, -34.5271853], [-58.582644, -34.5263058], [-58.5828181, -34.5260194]]}, "properties": {"clase": "ferrocarril", "nombre": "", "osm_way": 521974766, "fuente": "OpenStreetMap vía Overpass"}}, {"type": "Feature", "geometry": {"type": "LineString", "coordinates": [[-58.5811177, -34.5290344], [-58.5821069, -34.5271853]]}, "properties": {"clase": "ferrocarril", "nombre": "", "osm_way": 521974767, "fuente": "OpenStreetMap vía Overpass"}}, {"type": "Feature", "geometry": {"type": "LineString", "coordinates": [[-58.5811571, -34.5290485], [-58.5821466, -34.5271994]]}, "properties": {"clase": "ferrocarril", "nombre": "", "osm_way": 521974768, "fuente": "OpenStreetMap vía Overpass"}}, {"type": "Feature", "geometry": {"type": "LineString", "coordinates": [[-58.5804081, -34.5304134], [-58.5805202, -34.5302331], [-58.580786, -34.5298405], [-58.5809036, -34.5295495], [-58.5811571, -34.5290485]]}, "properties": {"clase": "ferrocarril", "nombre": "", "osm_way": 521974769, "fuente": "OpenStreetMap vía Overpass"}}, {"type": "Feature", "geometry": {"type": "LineString", "coordinates": [[-58.5812054, -34.5290657], [-58.5822041, -34.52722]]}, "properties": {"clase": "ferrocarril", "nombre": "", "osm_way": 521974770, "fuente": "OpenStreetMap vía Overpass"}}, {"type": "Feature", "geometry": {"type": "LineString", "coordinates": [[-58.5808973, -34.5296942], [-58.581085, -34.5293185], [-58.5812054, -34.5290657]]}, "properties": {"clase": "ferrocarril", "nombre": "", "osm_way": 521974771, "fuente": "OpenStreetMap vía Overpass"}}, {"type": "Feature", "geometry": {"type": "LineString", "coordinates": [[-58.5812625, -34.5290861], [-58.5810976, -34.5293877], [-58.5808973, -34.5296942], [-58.580786, -34.5298405]]}, "properties": {"clase": "ferrocarril", "nombre": "", "osm_way": 521974772, "fuente": "OpenStreetMap vía Overpass"}}, {"type": "Feature", "geometry": {"type": "LineString", "coordinates": [[-58.5823171, -34.5272603], [-58.5826204, -34.5267276], [-58.5827456, -34.5264406]]}, "properties": {"clase": "ferrocarril", "nombre": "", "osm_way": 521974773, "fuente": "OpenStreetMap vía Overpass"}}, {"type": "Feature", "geometry": {"type": "LineString", "coordinates": [[-58.5813151, -34.5291049], [-58.5823171, -34.5272603]]}, "properties": {"clase": "ferrocarril", "nombre": "", "osm_way": 521974774, "fuente": "OpenStreetMap vía Overpass"}}, {"type": "Feature", "geometry": {"type": "LineString", "coordinates": [[-58.5823514, -34.5272739], [-58.5813523, -34.5291245]]}, "properties": {"clase": "ferrocarril", "nombre": "", "osm_way": 521974775, "fuente": "OpenStreetMap vía Overpass"}}, {"type": "Feature", "geometry": {"type": "LineString", "coordinates": [[-58.5826204, -34.5267276], [-58.5823514, -34.5272739]]}, "properties": {"clase": "ferrocarril", "nombre": "", "osm_way": 521974776, "fuente": "OpenStreetMap vía Overpass"}}, {"type": "Feature", "geometry": {"type": "LineString", "coordinates": [[-58.5833824, -34.5249808], [-58.5833539, -34.5251646]]}, "properties": {"clase": "ferrocarril", "nombre": "", "osm_way": 521974780, "fuente": "OpenStreetMap vía Overpass"}}, {"type": "Feature", "geometry": {"type": "LineString", "coordinates": [[-58.5822041, -34.52722], [-58.5822853, -34.5270734], [-58.5824945, -34.5267486], [-58.5827386, -34.5263553], [-58.5828567, -34.5261752]]}, "properties": {"clase": "ferrocarril", "nombre": "", "osm_way": 521974781, "fuente": "OpenStreetMap vía Overpass"}}, {"type": "Feature", "geometry": {"type": "LineString", "coordinates": [[-58.5820484, -34.5271644], [-58.5821526, -34.5269729], [-58.582369, -34.5266377]]}, "properties": {"clase": "ferrocarril", "nombre": "", "osm_way": 521974782, "fuente": "OpenStreetMap vía Overpass"}}, {"type": "Feature", "geometry": {"type": "LineString", "coordinates": [[-58.5807805, -34.5299435], [-58.5810157, -34.529751]]}, "properties": {"clase": "ferrocarril", "nombre": "", "osm_way": 521974783, "fuente": "OpenStreetMap vía Overpass"}}, {"type": "Feature", "geometry": {"type": "LineString", "coordinates": [[-58.5795198, -34.531388], [-58.5797327, -34.5310876]]}, "properties": {"clase": "ferrocarril", "nombre": "", "osm_way": 521974784, "fuente": "OpenStreetMap vía Overpass"}}, {"type": "Feature", "geometry": {"type": "LineString", "coordinates": [[-58.581347, -34.5293367], [-58.5811521, -34.5296765], [-58.5809737, -34.529966], [-58.5807189, -34.530314], [-58.5805781, -34.5304775], [-58.5801476, -34.5309515], [-58.579984, -34.5311272], [-58.5798137, -34.5312896], [-58.5796366, -34.5314564], [-58.5791297, -34.5318795], [-58.5789768, -34.5320062], [-58.5788475, -34.5321225]]}, "properties": {"clase": "ferrocarril", "nombre": "", "osm_way": 521974786, "fuente": "OpenStreetMap vía Overpass"}}, {"type": "Feature", "geometry": {"type": "LineString", "coordinates": [[-58.5752772, -34.5354892], [-58.5749514, -34.5357574]]}, "properties": {"clase": "ferrocarril", "nombre": "FC Mitre", "osm_way": 521974787, "fuente": "OpenStreetMap vía Overpass"}}, {"type": "Feature", "geometry": {"type": "LineString", "coordinates": [[-58.581875, -34.5287407], [-58.581714, -34.5289302]]}, "properties": {"clase": "ferrocarril", "nombre": "", "osm_way": 521974788, "fuente": "OpenStreetMap vía Overpass"}}, {"type": "Feature", "geometry": {"type": "LineString", "coordinates": [[-58.4890532, -34.514847], [-58.4891587, -34.5149749]]}, "properties": {"clase": "ferrocarril", "nombre": "FC Mitre", "osm_way": 522336273, "fuente": "OpenStreetMap vía Overpass"}}, {"type": "Feature", "geometry": {"type": "LineString", "coordinates": [[-58.4892024, -34.5149504], [-58.4890942, -34.5148214]]}, "properties": {"clase": "ferrocarril", "nombre": "FC Mitre", "osm_way": 522336274, "fuente": "OpenStreetMap vía Overpass"}}, {"type": "Feature", "geometry": {"type": "LineString", "coordinates": [[-58.5578757, -34.5494807], [-58.5574699, -34.5498036]]}, "properties": {"clase": "ferrocarril", "nombre": "FC Mitre", "osm_way": 522774064, "fuente": "OpenStreetMap vía Overpass"}}, {"type": "Feature", "geometry": {"type": "LineString", "coordinates": [[-58.5718207, -34.5382807], [-58.5677481, -34.5415615], [-58.5671576, -34.5420372], [-58.5661715, -34.5428263], [-58.5622874, -34.545942], [-58.5607505, -34.5471748], [-58.5578757, -34.5494807]]}, "properties": {"clase": "ferrocarril", "nombre": "FC Mitre", "osm_way": 522774065, "fuente": "OpenStreetMap vía Overpass"}}, {"type": "Feature", "geometry": {"type": "LineString", "coordinates": [[-58.557558, -34.5493625], [-58.5570323, -34.5497547], [-58.5561901, -34.5504284]]}, "properties": {"clase": "ferrocarril", "nombre": "", "osm_way": 522774068, "fuente": "OpenStreetMap vía Overpass"}}, {"type": "Feature", "geometry": {"type": "LineString", "coordinates": [[-58.5574172, -34.5495083], [-58.5570323, -34.5497977], [-58.5562277, -34.5504384]]}, "properties": {"clase": "ferrocarril", "nombre": "", "osm_way": 522774069, "fuente": "OpenStreetMap vía Overpass"}}, {"type": "Feature", "geometry": {"type": "LineString", "coordinates": [[-58.5575875, -34.5493681], [-58.5574172, -34.5495083], [-58.5571906, -34.5497237], [-58.5557033, -34.5509145]]}, "properties": {"clase": "ferrocarril", "nombre": "", "osm_way": 522774070, "fuente": "OpenStreetMap vía Overpass"}}, {"type": "Feature", "geometry": {"type": "LineString", "coordinates": [[-58.5571094, -34.5498821], [-58.556866, -34.5500308]]}, "properties": {"clase": "ferrocarril", "nombre": "", "osm_way": 522774071, "fuente": "OpenStreetMap vía Overpass"}}, {"type": "Feature", "geometry": {"type": "LineString", "coordinates": [[-58.5547498, -34.5518202], [-58.555077, -34.5515242], [-58.5554069, -34.5512182], [-58.5555069, -34.5511361], [-58.5566957, -34.55016], [-58.556866, -34.5500308], [-58.5572469, -34.5497337], [-58.557381, -34.5496055], [-58.5576117, -34.5493658]]}, "properties": {"clase": "ferrocarril", "nombre": "", "osm_way": 522774079, "fuente": "OpenStreetMap vía Overpass"}}, {"type": "Feature", "geometry": {"type": "LineString", "coordinates": [[-58.5567197, -34.5502072], [-58.5569532, -34.5500739], [-58.557322, -34.5498861], [-58.5574699, -34.5498036]]}, "properties": {"clase": "ferrocarril", "nombre": "", "osm_way": 522774086, "fuente": "OpenStreetMap vía Overpass"}}, {"type": "Feature", "geometry": {"type": "LineString", "coordinates": [[-58.5578757, -34.5494807], [-58.5581376, -34.5493152]]}, "properties": {"clase": "ferrocarril", "nombre": "", "osm_way": 522774089, "fuente": "OpenStreetMap vía Overpass"}}, {"type": "Feature", "geometry": {"type": "LineString", "coordinates": [[-58.5733732, -34.4715572], [-58.5699322, -34.4698919], [-58.5678292, -34.4688834], [-58.5676003, -34.4687736], [-58.5659867, -34.4679668], [-58.5632081, -34.4666127], [-58.5578812, -34.4640324]]}, "properties": {"clase": "ferrocarril", "nombre": "FC Mitre", "osm_way": 523043911, "fuente": "OpenStreetMap vía Overpass"}}, {"type": "Feature", "geometry": {"type": "LineString", "coordinates": [[-58.5578599, -34.4640702], [-58.5631812, -34.4666473], [-58.5659632, -34.4680023], [-58.5661146, -34.4680756], [-58.567577, -34.4688087], [-58.5678132, -34.468922], [-58.5699006, -34.4699236], [-58.5732082, -34.4715207], [-58.5733504, -34.4715894]]}, "properties": {"clase": "ferrocarril", "nombre": "FC Mitre", "osm_way": 523043916, "fuente": "OpenStreetMap vía Overpass"}}, {"type": "Feature", "geometry": {"type": "LineString", "coordinates": [[-58.5733504, -34.4715894], [-58.5743325, -34.472062], [-58.5746594, -34.4722219], [-58.5753313, -34.4725486]]}, "properties": {"clase": "ferrocarril", "nombre": "FC Mitre", "osm_way": 523043921, "fuente": "OpenStreetMap vía Overpass"}}, {"type": "Feature", "geometry": {"type": "LineString", "coordinates": [[-58.5753518, -34.4725183], [-58.5743574, -34.4720317], [-58.5740506, -34.4718838], [-58.5733732, -34.4715572]]}, "properties": {"clase": "ferrocarril", "nombre": "FC Mitre", "osm_way": 523043925, "fuente": "OpenStreetMap vía Overpass"}}, {"type": "Feature", "geometry": {"type": "LineString", "coordinates": [[-58.4366973, -34.5491448], [-58.436581, -34.5492206], [-58.4364657, -34.5493001], [-58.4362849, -34.5494116]]}, "properties": {"clase": "ferrocarril", "nombre": "", "osm_way": 548053250, "fuente": "OpenStreetMap vía Overpass"}}, {"type": "Feature", "geometry": {"type": "LineString", "coordinates": [[-58.4397171, -34.5474744], [-58.4399688, -34.5473739]]}, "properties": {"clase": "ferrocarril", "nombre": "", "osm_way": 548053251, "fuente": "OpenStreetMap vía Overpass"}}, {"type": "Feature", "geometry": {"type": "LineString", "coordinates": [[-58.6083182, -34.486326], [-58.6064322, -34.4865405]]}, "properties": {"clase": "autopista", "nombre": "Acceso Norte", "osm_way": 550365259, "fuente": "OpenStreetMap vía Overpass"}}, {"type": "Feature", "geometry": {"type": "LineString", "coordinates": [[-58.4944934, -34.5323328], [-58.4945039, -34.5316921]]}, "properties": {"clase": "ferrocarril", "nombre": "", "osm_way": 553741819, "fuente": "OpenStreetMap vía Overpass"}}, {"type": "Feature", "geometry": {"type": "LineString", "coordinates": [[-58.4684323, -34.5355337], [-58.4685688, -34.5355922]]}, "properties": {"clase": "autopista", "nombre": "Avenida General Paz", "osm_way": 554281337, "fuente": "OpenStreetMap vía Overpass"}}, {"type": "Feature", "geometry": {"type": "LineString", "coordinates": [[-58.4640219, -34.534237], [-58.464268, -34.5342566], [-58.4645213, -34.5342865], [-58.4648162, -34.5343283], [-58.4651715, -34.5343924], [-58.4654464, -34.5344544], [-58.4657391, -34.5345331]]}, "properties": {"clase": "autopista", "nombre": "Avenida General Paz", "osm_way": 554281338, "fuente": "OpenStreetMap vía Overpass"}}, {"type": "Feature", "geometry": {"type": "LineString", "coordinates": [[-58.4411159, -34.5464767], [-58.44222, -34.5458768], [-58.4426866, -34.5456233]]}, "properties": {"clase": "autopista", "nombre": "Avenida Intendente Cantilo", "osm_way": 554281339, "fuente": "OpenStreetMap vía Overpass"}}, {"type": "Feature", "geometry": {"type": "LineString", "coordinates": [[-58.436529, -34.5490213], [-58.4385414, -34.5479092], [-58.4388725, -34.5477217], [-58.4406766, -34.5467379], [-58.4411159, -34.5464767]]}, "properties": {"clase": "autopista", "nombre": "Avenida Intendente Cantilo", "osm_way": 554281340, "fuente": "OpenStreetMap vía Overpass"}}, {"type": "Feature", "geometry": {"type": "LineString", "coordinates": [[-58.483194, -34.5422083], [-58.4853067, -34.5431211], [-58.4872329, -34.54397]]}, "properties": {"clase": "autopista", "nombre": "Avenida General Paz", "osm_way": 554290854, "fuente": "OpenStreetMap vía Overpass"}}, {"type": "Feature", "geometry": {"type": "LineString", "coordinates": [[-58.6239021, -34.4900907], [-58.6237496, -34.4900517], [-58.6228478, -34.4895847], [-58.6227531, -34.4895339], [-58.622215, -34.4892455], [-58.6221913, -34.4892328], [-58.6220721, -34.4891689], [-58.6218845, -34.4890667], [-58.6217816, -34.4890083], [-58.6213871, -34.4887854], [-58.6205788, -34.4883503], [-58.6200562, -34.4880626], [-58.6194225, -34.4877213]]}, "properties": {"clase": "avenida", "nombre": "Avenida Ángel Torcuato de Alvear", "osm_way": 555338788, "fuente": "OpenStreetMap vía Overpass"}}, {"type": "Feature", "geometry": {"type": "LineString", "coordinates": [[-58.580722, -34.4429214], [-58.5808991, -34.442702]]}, "properties": {"clase": "autopista", "nombre": "Acceso Norte Ramal Tigre", "osm_way": 556184120, "fuente": "OpenStreetMap vía Overpass"}}, {"type": "Feature", "geometry": {"type": "LineString", "coordinates": [[-58.5808991, -34.442702], [-58.5815977, -34.4419049], [-58.5821874, -34.4412573]]}, "properties": {"clase": "autopista", "nombre": "Acceso Norte Ramal Tigre", "osm_way": 556184122, "fuente": "OpenStreetMap vía Overpass"}}, {"type": "Feature", "geometry": {"type": "LineString", "coordinates": [[-58.5575403, -34.4927334], [-58.5574284, -34.4933194], [-58.5573904, -34.4935181]]}, "properties": {"clase": "autopista", "nombre": "Acceso Norte Ramal Tigre", "osm_way": 556184134, "fuente": "OpenStreetMap vía Overpass"}}, {"type": "Feature", "geometry": {"type": "LineString", "coordinates": [[-58.5573904, -34.4935181], [-58.5573202, -34.4938956], [-58.5572482, -34.4941499]]}, "properties": {"clase": "autopista", "nombre": "Acceso Norte Ramal Tigre", "osm_way": 556184136, "fuente": "OpenStreetMap vía Overpass"}}, {"type": "Feature", "geometry": {"type": "LineString", "coordinates": [[-58.558373, -34.4897871], [-58.5586967, -34.4888259], [-58.5587054, -34.4888008]]}, "properties": {"clase": "autopista", "nombre": "Acceso Norte Ramal Tigre", "osm_way": 556184137, "fuente": "OpenStreetMap vía Overpass"}}, {"type": "Feature", "geometry": {"type": "LineString", "coordinates": [[-58.4608445, -34.5366985], [-58.4601966, -34.5371767], [-58.4595798, -34.5376449], [-58.4594153, -34.537766]]}, "properties": {"clase": "autopista", "nombre": "Avenida Leopoldo Lugones", "osm_way": 560221793, "fuente": "OpenStreetMap vía Overpass"}}, {"type": "Feature", "geometry": {"type": "LineString", "coordinates": [[-58.4670985, -34.5388194], [-58.4666399, -34.5399683], [-58.4661393, -34.5412092], [-58.4656439, -34.5424372], [-58.4651814, -34.5436082], [-58.4650978, -34.5438302], [-58.4649965, -34.5440821], [-58.4649833, -34.5441164], [-58.464661, -34.5449279], [-58.4645175, -34.5452806], [-58.4644072, -34.5455508], [-58.46435, -34.5456842], [-58.4642722, -34.5458631], [-58.4641863, -34.5460554], [-58.4640804, -34.5462763], [-58.4639793, -34.5464903], [-58.4638605, -34.5467126], [-58.4637438, -34.5469225]]}, "properties": {"clase": "ferrocarril", "nombre": "FC Mitre", "osm_way": 566002641, "fuente": "OpenStreetMap vía Overpass"}}, {"type": "Feature", "geometry": {"type": "LineString", "coordinates": [[-58.4569636, -34.5386558], [-58.4571597, -34.5385575], [-58.4573504, -34.5384548], [-58.4576802, -34.5382604], [-58.4578419, -34.5381567], [-58.4580001, -34.538047], [-58.4581812, -34.5379135], [-58.458357, -34.5377796], [-58.458721, -34.5374756]]}, "properties": {"clase": "autopista", "nombre": "Avenida Intendente Cantilo", "osm_way": 572464716, "fuente": "OpenStreetMap vía Overpass"}}, {"type": "Feature", "geometry": {"type": "LineString", "coordinates": [[-58.5893436, -34.5033917], [-58.5893389, -34.5033016], [-58.5893422, -34.5031227], [-58.5893939, -34.5026135], [-58.5894481, -34.5019658]]}, "properties": {"clase": "autopista", "nombre": "Camino Parque del Buen Ayre", "osm_way": 573358979, "fuente": "OpenStreetMap vía Overpass"}}, {"type": "Feature", "geometry": {"type": "LineString", "coordinates": [[-58.5813292, -34.5066588], [-58.5815818, -34.506643], [-58.583698, -34.5065108], [-58.584085, -34.506487], [-58.5862004, -34.5063568], [-58.5895784, -34.5061162]]}, "properties": {"clase": "ferrocarril", "nombre": "FC Belgrano", "osm_way": 578689895, "fuente": "OpenStreetMap vía Overpass"}}, {"type": "Feature", "geometry": {"type": "LineString", "coordinates": [[-58.5895734, -34.5060606], [-58.5861964, -34.5063165], [-58.5840827, -34.5064466], [-58.5836942, -34.5064705], [-58.5813759, -34.5066127]]}, "properties": {"clase": "ferrocarril", "nombre": "FC Belgrano", "osm_way": 578689896, "fuente": "OpenStreetMap vía Overpass"}}, {"type": "Feature", "geometry": {"type": "LineString", "coordinates": [[-58.5905366, -34.5146254], [-58.5902327, -34.511428]]}, "properties": {"clase": "autopista", "nombre": "Camino Parque del Buen Ayre", "osm_way": 578689897, "fuente": "OpenStreetMap vía Overpass"}}, {"type": "Feature", "geometry": {"type": "LineString", "coordinates": [[-58.5902327, -34.511428], [-58.5901296, -34.5104283], [-58.5901185, -34.5102674]]}, "properties": {"clase": "autopista", "nombre": "Camino Parque del Buen Ayre", "osm_way": 578689898, "fuente": "OpenStreetMap vía Overpass"}}, {"type": "Feature", "geometry": {"type": "LineString", "coordinates": [[-58.5901185, -34.5102674], [-58.5900649, -34.5097348]]}, "properties": {"clase": "autopista", "nombre": "Camino Parque del Buen Ayre", "osm_way": 578689899, "fuente": "OpenStreetMap vía Overpass"}}, {"type": "Feature", "geometry": {"type": "LineString", "coordinates": [[-58.5901961, -34.5094375], [-58.5902427, -34.5099859]]}, "properties": {"clase": "autopista", "nombre": "Camino Parque del Buen Ayre", "osm_way": 578689900, "fuente": "OpenStreetMap vía Overpass"}}, {"type": "Feature", "geometry": {"type": "LineString", "coordinates": [[-58.5900503, -34.5078916], [-58.5901961, -34.5094375]]}, "properties": {"clase": "autopista", "nombre": "Camino Parque del Buen Ayre", "osm_way": 578689901, "fuente": "OpenStreetMap vía Overpass"}}, {"type": "Feature", "geometry": {"type": "LineString", "coordinates": [[-58.5900649, -34.5097348], [-58.589884, -34.5079049]]}, "properties": {"clase": "autopista", "nombre": "Camino Parque del Buen Ayre", "osm_way": 578689902, "fuente": "OpenStreetMap vía Overpass"}}, {"type": "Feature", "geometry": {"type": "LineString", "coordinates": [[-58.589884, -34.5079049], [-58.5897164, -34.5061133], [-58.5896185, -34.5051181]]}, "properties": {"clase": "autopista", "nombre": "Camino Parque del Buen Ayre", "osm_way": 578689903, "fuente": "OpenStreetMap vía Overpass"}}, {"type": "Feature", "geometry": {"type": "LineString", "coordinates": [[-58.5898814, -34.5061968], [-58.5900503, -34.5078916]]}, "properties": {"clase": "autopista", "nombre": "Camino Parque del Buen Ayre", "osm_way": 578689905, "fuente": "OpenStreetMap vía Overpass"}}, {"type": "Feature", "geometry": {"type": "LineString", "coordinates": [[-58.5246918, -34.4625929], [-58.5247712, -34.4625149]]}, "properties": {"clase": "ferrocarril", "nombre": "FC Mitre", "osm_way": 581764003, "fuente": "OpenStreetMap vía Overpass"}}, {"type": "Feature", "geometry": {"type": "LineString", "coordinates": [[-58.524723, -34.462492], [-58.5246479, -34.4625713]]}, "properties": {"clase": "ferrocarril", "nombre": "FC Mitre", "osm_way": 581764004, "fuente": "OpenStreetMap vía Overpass"}}, {"type": "Feature", "geometry": {"type": "LineString", "coordinates": [[-58.463784, -34.5469424], [-58.4638993, -34.5467325], [-58.4639816, -34.5465713], [-58.4640176, -34.5465008], [-58.464122, -34.5462973], [-58.464228, -34.5460763], [-58.4643111, -34.5458874], [-58.4643956, -34.5456964], [-58.4644707, -34.5455152], [-58.4645582, -34.5453001], [-58.4647041, -34.5449429], [-58.4650378, -34.5441259], [-58.4650498, -34.5440977], [-58.4651469, -34.5438454], [-58.4652356, -34.5436234], [-58.46569, -34.5424537], [-58.4661844, -34.5412229], [-58.4666437, -34.5400796], [-58.466681, -34.5399879], [-58.4671418, -34.5388344]]}, "properties": {"clase": "ferrocarril", "nombre": "FC Mitre", "osm_way": 586446549, "fuente": "OpenStreetMap vía Overpass"}}, {"type": "Feature", "geometry": {"type": "LineString", "coordinates": [[-58.5516702, -34.4948379], [-58.5514804, -34.4946844], [-58.5513631, -34.4945828]]}, "properties": {"clase": "avenida", "nombre": "Avenida Avelino Rolón", "osm_way": 590012705, "fuente": "OpenStreetMap vía Overpass"}}, {"type": "Feature", "geometry": {"type": "LineString", "coordinates": [[-58.5149431, -34.5185168], [-58.5151912, -34.5182207]]}, "properties": {"clase": "autopista", "nombre": "Colectora Acceso Norte", "osm_way": 601114912, "fuente": "OpenStreetMap vía Overpass"}}, {"type": "Feature", "geometry": {"type": "LineString", "coordinates": [[-58.5152067, -34.5186111], [-58.51654, -34.517321]]}, "properties": {"clase": "autopista", "nombre": "Acceso Norte", "osm_way": 601114916, "fuente": "OpenStreetMap vía Overpass"}}, {"type": "Feature", "geometry": {"type": "LineString", "coordinates": [[-58.5150289, -34.5187831], [-58.5152067, -34.5186111]]}, "properties": {"clase": "autopista", "nombre": "Acceso Norte", "osm_way": 601114921, "fuente": "OpenStreetMap vía Overpass"}}, {"type": "Feature", "geometry": {"type": "LineString", "coordinates": [[-58.5154263, -34.5187226], [-58.5152392, -34.5189021]]}, "properties": {"clase": "autopista", "nombre": "Acceso Norte", "osm_way": 601114926, "fuente": "OpenStreetMap vía Overpass"}}, {"type": "Feature", "geometry": {"type": "LineString", "coordinates": [[-58.5167747, -34.5174171], [-58.5154263, -34.5187226]]}, "properties": {"clase": "autopista", "nombre": "Acceso Norte", "osm_way": 601114927, "fuente": "OpenStreetMap vía Overpass"}}, {"type": "Feature", "geometry": {"type": "LineString", "coordinates": [[-58.4965113, -34.544505], [-58.4970704, -34.5444228], [-58.497494, -34.5443553], [-58.4978994, -34.5442877], [-58.498359, -34.5442061]]}, "properties": {"clase": "ferrocarril", "nombre": "FC Belgrano", "osm_way": 605450847, "fuente": "OpenStreetMap vía Overpass"}}, {"type": "Feature", "geometry": {"type": "LineString", "coordinates": [[-58.4983671, -34.5441642], [-58.4978881, -34.5442494], [-58.4974671, -34.5443222], [-58.4965005, -34.5444747]]}, "properties": {"clase": "ferrocarril", "nombre": "FC Belgrano", "osm_way": 605450848, "fuente": "OpenStreetMap vía Overpass"}}, {"type": "Feature", "geometry": {"type": "LineString", "coordinates": [[-58.5022862, -34.5426604], [-58.501772, -34.5428723]]}, "properties": {"clase": "ferrocarril", "nombre": "", "osm_way": 605450850, "fuente": "OpenStreetMap vía Overpass"}}, {"type": "Feature", "geometry": {"type": "LineString", "coordinates": [[-58.5271784, -34.4818455], [-58.5272479, -34.4818517], [-58.5273396, -34.4818685], [-58.5274255, -34.4818744], [-58.5275133, -34.481875]]}, "properties": {"clase": "avenida", "nombre": "Avenida Bernabé Márquez", "osm_way": 605751002, "fuente": "OpenStreetMap vía Overpass"}}, {"type": "Feature", "geometry": {"type": "LineString", "coordinates": [[-58.527437, -34.4820999], [-58.5273426, -34.481996], [-58.5272444, -34.4819039], [-58.5271784, -34.4818455]]}, "properties": {"clase": "avenida", "nombre": "Avenida Bernabé Márquez", "osm_way": 605751003, "fuente": "OpenStreetMap vía Overpass"}}, {"type": "Feature", "geometry": {"type": "LineString", "coordinates": [[-58.4918191, -34.5181028], [-58.4920802, -34.518353]]}, "properties": {"clase": "ferrocarril", "nombre": "", "osm_way": 605968686, "fuente": "OpenStreetMap vía Overpass"}}, {"type": "Feature", "geometry": {"type": "LineString", "coordinates": [[-58.536846, -34.5051106], [-58.536492, -34.5052802]]}, "properties": {"clase": "autopista", "nombre": "Acceso Norte", "osm_way": 608497898, "fuente": "OpenStreetMap vía Overpass"}}, {"type": "Feature", "geometry": {"type": "LineString", "coordinates": [[-58.5364142, -34.5050801], [-58.5367659, -34.504907]]}, "properties": {"clase": "autopista", "nombre": "Acceso Norte", "osm_way": 608497899, "fuente": "OpenStreetMap vía Overpass"}}, {"type": "Feature", "geometry": {"type": "LineString", "coordinates": [[-58.5587103, -34.5005563], [-58.5589504, -34.5008067], [-58.5589817, -34.5008375], [-58.5590344, -34.5008884], [-58.5592972, -34.5011423], [-58.5593426, -34.5011862], [-58.5593777, -34.5012201]]}, "properties": {"clase": "avenida", "nombre": "Avenida Avelino Rolón", "osm_way": 609646393, "fuente": "OpenStreetMap vía Overpass"}}, {"type": "Feature", "geometry": {"type": "LineString", "coordinates": [[-58.5600386, -34.501871], [-58.5599527, -34.5017874]]}, "properties": {"clase": "avenida", "nombre": "Avenida Avelino Rolón", "osm_way": 609646397, "fuente": "OpenStreetMap vía Overpass"}}, {"type": "Feature", "geometry": {"type": "LineString", "coordinates": [[-58.5599527, -34.5017874], [-58.5594427, -34.5012842], [-58.5593777, -34.5012201]]}, "properties": {"clase": "avenida", "nombre": "Avenida Avelino Rolón", "osm_way": 609646398, "fuente": "OpenStreetMap vía Overpass"}}, {"type": "Feature", "geometry": {"type": "LineString", "coordinates": [[-58.5605499, -34.502366], [-58.5604631, -34.5022845], [-58.5600386, -34.501871]]}, "properties": {"clase": "avenida", "nombre": "Avenida Avelino Rolón", "osm_way": 609646400, "fuente": "OpenStreetMap vía Overpass"}}, {"type": "Feature", "geometry": {"type": "LineString", "coordinates": [[-58.5605499, -34.502366], [-58.560653, -34.5024341], [-58.5607134, -34.5024808], [-58.5610791, -34.5028593], [-58.5612274, -34.5030149], [-58.5612682, -34.5031261]]}, "properties": {"clase": "avenida", "nombre": "Avenida Avelino Rolón", "osm_way": 609646401, "fuente": "OpenStreetMap vía Overpass"}}, {"type": "Feature", "geometry": {"type": "LineString", "coordinates": [[-58.5463176, -34.4466632], [-58.5462419, -34.446609]]}, "properties": {"clase": "avenida", "nombre": "Quintana", "osm_way": 610050057, "fuente": "OpenStreetMap vía Overpass"}}, {"type": "Feature", "geometry": {"type": "LineString", "coordinates": [[-58.5869725, -34.4420228], [-58.5868097, -34.4419903], [-58.5865758, -34.4419435], [-58.5865088, -34.4419301]]}, "properties": {"clase": "avenida", "nombre": "Avenida Crisólogo Larralde", "osm_way": 610375316, "fuente": "OpenStreetMap vía Overpass"}}, {"type": "Feature", "geometry": {"type": "LineString", "coordinates": [[-58.5879833, -34.4422216], [-58.5878652, -34.4421989], [-58.587371, -34.4421041], [-58.5872238, -34.4420758], [-58.5871433, -34.4420588], [-58.5869725, -34.4420228]]}, "properties": {"clase": "avenida", "nombre": "Avenida Crisólogo Larralde", "osm_way": 610375317, "fuente": "OpenStreetMap vía Overpass"}}, {"type": "Feature", "geometry": {"type": "LineString", "coordinates": [[-58.5865088, -34.4419301], [-58.5862556, -34.4418808], [-58.5861289, -34.4418562], [-58.5860538, -34.4418416], [-58.5850926, -34.4416546], [-58.5850198, -34.4416405], [-58.5848928, -34.4416158], [-58.5839028, -34.4414234], [-58.5838014, -34.4414039], [-58.5834854, -34.4413431], [-58.5834253, -34.4413316], [-58.5832211, -34.4412568]]}, "properties": {"clase": "avenida", "nombre": "Avenida Crisólogo Larralde", "osm_way": 610375318, "fuente": "OpenStreetMap vía Overpass"}}, {"type": "Feature", "geometry": {"type": "LineString", "coordinates": [[-58.5883169, -34.4422852], [-58.5880497, -34.4422343], [-58.5879833, -34.4422216]]}, "properties": {"clase": "avenida", "nombre": "Avenida Crisólogo Larralde", "osm_way": 610375319, "fuente": "OpenStreetMap vía Overpass"}}, {"type": "Feature", "geometry": {"type": "LineString", "coordinates": [[-58.5931089, -34.443187], [-58.5934807, -34.4432447]]}, "properties": {"clase": "avenida", "nombre": "Avenida Crisólogo Larralde", "osm_way": 610375320, "fuente": "OpenStreetMap vía Overpass"}}, {"type": "Feature", "geometry": {"type": "LineString", "coordinates": [[-58.5943016, -34.4433555], [-58.5945336, -34.4433964], [-58.5947877, -34.4434415]]}, "properties": {"clase": "avenida", "nombre": "Avenida Crisólogo Larralde", "osm_way": 610375321, "fuente": "OpenStreetMap vía Overpass"}}, {"type": "Feature", "geometry": {"type": "LineString", "coordinates": [[-58.5861447, -34.4417924], [-58.5862761, -34.4418174], [-58.5865274, -34.4418651], [-58.5869057, -34.4419409], [-58.5871625, -34.4419923], [-58.5872421, -34.4420083], [-58.5873897, -34.4420379], [-58.5878819, -34.4421365], [-58.5880043, -34.442161], [-58.5882491, -34.4422064], [-58.5884454, -34.4422428], [-58.5885913, -34.4422699], [-58.5891992, -34.4423827], [-58.589345, -34.4424097], [-58.5894476, -34.4424287], [-58.5896378, -34.442464], [-58.5902177, -34.4425819], [-58.5903688, -34.4426112], [-58.5905309, -34.4426417], [-58.5907541, -34.4426843], [-58.5908593, -34.4427054], [-58.5920864, -34.442952], [-58.5922489, -34.4429834], [-58.5924418, -34.4430216], [-58.5930002, -34.4431292], [-58.5931089, -34.443187]]}, "properties": {"clase": "avenida", "nombre": "Avenida Crisólogo Larralde", "osm_way": 610375322, "fuente": "OpenStreetMap vía Overpass"}}, {"type": "Feature", "geometry": {"type": "LineString", "coordinates": [[-58.5934807, -34.4432447], [-58.5943016, -34.4433555]]}, "properties": {"clase": "avenida", "nombre": "Avenida Crisólogo Larralde", "osm_way": 610375323, "fuente": "OpenStreetMap vía Overpass"}}, {"type": "Feature", "geometry": {"type": "LineString", "coordinates": [[-58.458129, -34.5460507], [-58.4582157, -34.5459749], [-58.4588998, -34.5454262], [-58.4589609, -34.5453764]]}, "properties": {"clase": "avenida", "nombre": "Avenida Del Libertador", "osm_way": 611886122, "fuente": "OpenStreetMap vía Overpass"}}, {"type": "Feature", "geometry": {"type": "LineString", "coordinates": [[-58.4573201, -34.5467066], [-58.4573818, -34.5466561], [-58.4574376, -34.5466119], [-58.4577774, -34.5463361], [-58.4578549, -34.5462731], [-58.458129, -34.5460507]]}, "properties": {"clase": "avenida", "nombre": "Avenida Del Libertador", "osm_way": 611886124, "fuente": "OpenStreetMap vía Overpass"}}, {"type": "Feature", "geometry": {"type": "LineString", "coordinates": [[-58.4557471, -34.5480217], [-58.4559541, -34.5478435], [-58.4562096, -34.5476165], [-58.4562934, -34.5475402]]}, "properties": {"clase": "avenida", "nombre": "Avenida Del Libertador", "osm_way": 611886127, "fuente": "OpenStreetMap vía Overpass"}}, {"type": "Feature", "geometry": {"type": "LineString", "coordinates": [[-58.4554887, -34.5482474], [-58.4557471, -34.5480217]]}, "properties": {"clase": "avenida", "nombre": "Avenida Del Libertador", "osm_way": 611886132, "fuente": "OpenStreetMap vía Overpass"}}, {"type": "Feature", "geometry": {"type": "LineString", "coordinates": [[-58.4842853, -34.5424323], [-58.4849717, -34.5427086], [-58.4860318, -34.5431223]]}, "properties": {"clase": "autopista", "nombre": "Avenida General Paz", "osm_way": 615073908, "fuente": "OpenStreetMap vía Overpass"}}, {"type": "Feature", "geometry": {"type": "LineString", "coordinates": [[-58.4836387, -34.5421794], [-58.4840327, -34.542336]]}, "properties": {"clase": "autopista", "nombre": "Avenida General Paz", "osm_way": 615073909, "fuente": "OpenStreetMap vía Overpass"}}, {"type": "Feature", "geometry": {"type": "LineString", "coordinates": [[-58.4519988, -34.5411642], [-58.4519102, -34.541205], [-58.4515573, -34.5413673], [-58.4511985, -34.5415528], [-58.4502585, -34.5420787], [-58.4492664, -34.5426279]]}, "properties": {"clase": "autopista", "nombre": "Avenida Leopoldo Lugones", "osm_way": 624774257, "fuente": "OpenStreetMap vía Overpass"}}, {"type": "Feature", "geometry": {"type": "LineString", "coordinates": [[-58.4725637, -34.5374686], [-58.4736125, -34.5378853]]}, "properties": {"clase": "autopista", "nombre": "Avenida General Paz", "osm_way": 625810452, "fuente": "OpenStreetMap vía Overpass"}}, {"type": "Feature", "geometry": {"type": "LineString", "coordinates": [[-58.4691337, -34.5361292], [-58.4686124, -34.53589]]}, "properties": {"clase": "autopista", "nombre": "Avenida General Paz", "osm_way": 625810453, "fuente": "OpenStreetMap vía Overpass"}}, {"type": "Feature", "geometry": {"type": "LineString", "coordinates": [[-58.4665478, -34.5355193], [-58.4664718, -34.5354654], [-58.4663466, -34.5353688]]}, "properties": {"clase": "autopista", "nombre": "Avenida General Paz", "osm_way": 625810454, "fuente": "OpenStreetMap vía Overpass"}}, {"type": "Feature", "geometry": {"type": "LineString", "coordinates": [[-58.4656018, -34.5348738], [-58.4655124, -34.5348495]]}, "properties": {"clase": "autopista", "nombre": "Avenida General Paz", "osm_way": 625810455, "fuente": "OpenStreetMap vía Overpass"}}, {"type": "Feature", "geometry": {"type": "LineString", "coordinates": [[-58.4654995, -34.5345753], [-58.4660152, -34.5347366], [-58.4664808, -34.5348971]]}, "properties": {"clase": "autopista", "nombre": "Avenida General Paz", "osm_way": 625810457, "fuente": "OpenStreetMap vía Overpass"}}, {"type": "Feature", "geometry": {"type": "LineString", "coordinates": [[-58.5731405, -34.5269694], [-58.5730841, -34.526874], [-58.5728839, -34.5265282], [-58.5727045, -34.5262184]]}, "properties": {"clase": "avenida", "nombre": "Diagonal 190 - Brigadier General Juan Manuel de Rosas", "osm_way": 626776697, "fuente": "OpenStreetMap vía Overpass"}}, {"type": "Feature", "geometry": {"type": "LineString", "coordinates": [[-58.6194225, -34.4877213], [-58.6192585, -34.4876427]]}, "properties": {"clase": "avenida", "nombre": "Avenida Ángel Torcuato de Alvear", "osm_way": 639788622, "fuente": "OpenStreetMap vía Overpass"}}, {"type": "Feature", "geometry": {"type": "LineString", "coordinates": [[-58.6182804, -34.4870696], [-58.6183579, -34.4871076], [-58.6191798, -34.4875107], [-58.6193732, -34.4876086]]}, "properties": {"clase": "avenida", "nombre": "Avenida Ángel Torcuato de Alvear", "osm_way": 639788623, "fuente": "OpenStreetMap vía Overpass"}}, {"type": "Feature", "geometry": {"type": "LineString", "coordinates": [[-58.5893555, -34.5035164], [-58.5893497, -34.5034556], [-58.5893436, -34.5033917]]}, "properties": {"clase": "autopista", "nombre": "Camino Parque del Buen Ayre", "osm_way": 654612036, "fuente": "OpenStreetMap vía Overpass"}}, {"type": "Feature", "geometry": {"type": "LineString", "coordinates": [[-58.5894227, -34.5039042], [-58.5893719, -34.5036337], [-58.5893555, -34.5035164]]}, "properties": {"clase": "autopista", "nombre": "Camino Parque del Buen Ayre", "osm_way": 654612037, "fuente": "OpenStreetMap vía Overpass"}}, {"type": "Feature", "geometry": {"type": "LineString", "coordinates": [[-58.5897141, -34.503371], [-58.5897159, -34.5034236]]}, "properties": {"clase": "autopista", "nombre": "Camino Parque del Buen Ayre", "osm_way": 654612038, "fuente": "OpenStreetMap vía Overpass"}}, {"type": "Feature", "geometry": {"type": "LineString", "coordinates": [[-58.5897183, -34.5034962], [-58.5897567, -34.5045932]]}, "properties": {"clase": "autopista", "nombre": "Camino Parque del Buen Ayre", "osm_way": 654612039, "fuente": "OpenStreetMap vía Overpass"}}, {"type": "Feature", "geometry": {"type": "LineString", "coordinates": [[-58.5598506, -34.4862034], [-58.5597816, -34.4863984]]}, "properties": {"clase": "autopista", "nombre": "Acceso Norte Ramal Tigre", "osm_way": 654612050, "fuente": "OpenStreetMap vía Overpass"}}, {"type": "Feature", "geometry": {"type": "LineString", "coordinates": [[-58.5598961, -34.4860875], [-58.5598722, -34.4861485]]}, "properties": {"clase": "autopista", "nombre": "Acceso Norte Ramal Tigre", "osm_way": 654612051, "fuente": "OpenStreetMap vía Overpass"}}, {"type": "Feature", "geometry": {"type": "LineString", "coordinates": [[-58.559483, -34.4860448], [-58.5595025, -34.4859896]]}, "properties": {"clase": "autopista", "nombre": "Acceso Norte Ramal Tigre", "osm_way": 654612052, "fuente": "OpenStreetMap vía Overpass"}}, {"type": "Feature", "geometry": {"type": "LineString", "coordinates": [[-58.5594612, -34.4861065], [-58.559483, -34.4860448]]}, "properties": {"clase": "autopista", "nombre": "Acceso Norte Ramal Tigre", "osm_way": 654612053, "fuente": "OpenStreetMap vía Overpass"}}, {"type": "Feature", "geometry": {"type": "LineString", "coordinates": [[-58.5620628, -34.4926935], [-58.5611908, -34.4930252]]}, "properties": {"clase": "autopista", "nombre": "Acceso Norte", "osm_way": 658885515, "fuente": "OpenStreetMap vía Overpass"}}, {"type": "Feature", "geometry": {"type": "LineString", "coordinates": [[-58.5623891, -34.4925694], [-58.5620628, -34.4926935]]}, "properties": {"clase": "autopista", "nombre": "Acceso Norte", "osm_way": 658885516, "fuente": "OpenStreetMap vía Overpass"}}, {"type": "Feature", "geometry": {"type": "LineString", "coordinates": [[-58.5733831, -34.4889953], [-58.5748439, -34.4887996]]}, "properties": {"clase": "autopista", "nombre": "Acceso Norte", "osm_way": 658889011, "fuente": "OpenStreetMap vía Overpass"}}, {"type": "Feature", "geometry": {"type": "LineString", "coordinates": [[-58.5748436, -34.4889867], [-58.5735115, -34.4891663]]}, "properties": {"clase": "autopista", "nombre": "Acceso Norte", "osm_way": 658889012, "fuente": "OpenStreetMap vía Overpass"}}, {"type": "Feature", "geometry": {"type": "LineString", "coordinates": [[-58.5198688, -34.5146597], [-58.5185924, -34.5156917]]}, "properties": {"clase": "autopista", "nombre": "Acceso Norte", "osm_way": 658908450, "fuente": "OpenStreetMap vía Overpass"}}, {"type": "Feature", "geometry": {"type": "LineString", "coordinates": [[-58.5175515, -34.5166686], [-58.5167747, -34.5174171]]}, "properties": {"clase": "autopista", "nombre": "Acceso Norte", "osm_way": 658908451, "fuente": "OpenStreetMap vía Overpass"}}, {"type": "Feature", "geometry": {"type": "LineString", "coordinates": [[-58.5367659, -34.504907], [-58.5405215, -34.5030918], [-58.5427472, -34.5020191]]}, "properties": {"clase": "autopista", "nombre": "Acceso Norte", "osm_way": 658911568, "fuente": "OpenStreetMap vía Overpass"}}, {"type": "Feature", "geometry": {"type": "LineString", "coordinates": [[-58.5815278, -34.5457441], [-58.5812021, -34.5449366], [-58.5809115, -34.5442883], [-58.5805176, -34.5434164], [-58.5802117, -34.5427355], [-58.5801397, -34.5425752]]}, "properties": {"clase": "avenida", "nombre": "Diagonal 190 - Brigadier General Juan Manuel de Rosas", "osm_way": 659189508, "fuente": "OpenStreetMap vía Overpass"}}, {"type": "Feature", "geometry": {"type": "LineString", "coordinates": [[-58.4720202, -34.5374051], [-58.4707985, -34.5368799], [-58.4701763, -34.5365986]]}, "properties": {"clase": "autopista", "nombre": "Avenida General Paz", "osm_way": 670140904, "fuente": "OpenStreetMap vía Overpass"}}, {"type": "Feature", "geometry": {"type": "LineString", "coordinates": [[-58.5210801, -34.5331414], [-58.5221641, -34.5326499], [-58.5226178, -34.5324111], [-58.5238446, -34.5317912], [-58.5247222, -34.5313414], [-58.5250254, -34.5311496], [-58.5251798, -34.5310454], [-58.5252765, -34.5309872], [-58.525555, -34.5308278]]}, "properties": {"clase": "ferrocarril", "nombre": "", "osm_way": 674012390, "fuente": "OpenStreetMap vía Overpass"}}, {"type": "Feature", "geometry": {"type": "LineString", "coordinates": [[-58.5217639, -34.5327482], [-58.5213664, -34.5328996]]}, "properties": {"clase": "ferrocarril", "nombre": "", "osm_way": 674012396, "fuente": "OpenStreetMap vía Overpass"}}, {"type": "Feature", "geometry": {"type": "LineString", "coordinates": [[-58.5597762, -34.5116855], [-58.5595107, -34.5117971], [-58.5593337, -34.5118899], [-58.5591871, -34.5119897], [-58.5584209, -34.5126019]]}, "properties": {"clase": "ferrocarril", "nombre": "", "osm_way": 675345461, "fuente": "OpenStreetMap vía Overpass"}}, {"type": "Feature", "geometry": {"type": "LineString", "coordinates": [[-58.5599935, -34.5115849], [-58.5597762, -34.5116855], [-58.5594758, -34.5118435], [-58.5592787, -34.5119706], [-58.5592179, -34.5120162], [-58.5584437, -34.5126301]]}, "properties": {"clase": "ferrocarril", "nombre": "", "osm_way": 675345462, "fuente": "OpenStreetMap vía Overpass"}}, {"type": "Feature", "geometry": {"type": "LineString", "coordinates": [[-58.5568164, -34.513837], [-58.5570256, -34.513574], [-58.5571302, -34.5134492], [-58.5572751, -34.5133177], [-58.5588777, -34.5120391]]}, "properties": {"clase": "ferrocarril", "nombre": "", "osm_way": 675345463, "fuente": "OpenStreetMap vía Overpass"}}, {"type": "Feature", "geometry": {"type": "LineString", "coordinates": [[-58.5602148, -34.5115064], [-58.5599935, -34.5115849], [-58.5597534, -34.51166], [-58.5595187, -34.5117507], [-58.5592948, -34.5118568], [-58.5590789, -34.511986], [-58.5589407, -34.5120833], [-58.5572912, -34.5133994], [-58.5568875, -34.5138194], [-58.5566769, -34.5140879], [-58.5564816, -34.5143345]]}, "properties": {"clase": "ferrocarril", "nombre": "", "osm_way": 675345464, "fuente": "OpenStreetMap vía Overpass"}}, {"type": "Feature", "geometry": {"type": "LineString", "coordinates": [[-58.5567162, -34.513949], [-58.5568164, -34.513837], [-58.5569827, -34.5136613], [-58.5572389, -34.513395], [-58.5574964, -34.5131839], [-58.5589206, -34.5120501], [-58.5590426, -34.5119639], [-58.559217, -34.511849], [-58.5594396, -34.5117352], [-58.5597186, -34.5116247]]}, "properties": {"clase": "ferrocarril", "nombre": "", "osm_way": 675345465, "fuente": "OpenStreetMap vía Overpass"}}, {"type": "Feature", "geometry": {"type": "LineString", "coordinates": [[-58.560483, -34.511575], [-58.5603207, -34.5116833], [-58.5601717, -34.5117969]]}, "properties": {"clase": "ferrocarril", "nombre": "", "osm_way": 675345466, "fuente": "OpenStreetMap vía Overpass"}}, {"type": "Feature", "geometry": {"type": "LineString", "coordinates": [[-58.5607002, -34.511479], [-58.560483, -34.511575], [-58.5603489, -34.5116424], [-58.5602295, -34.511712], [-58.5601474, -34.5117754], [-58.5586857, -34.5129245]]}, "properties": {"clase": "ferrocarril", "nombre": "", "osm_way": 675345467, "fuente": "OpenStreetMap vía Overpass"}}, {"type": "Feature", "geometry": {"type": "LineString", "coordinates": [[-58.5613775, -34.5112567], [-58.5610784, -34.5113959], [-58.5608491, -34.5115274], [-58.5603556, -34.5119098]]}, "properties": {"clase": "ferrocarril", "nombre": "", "osm_way": 675345468, "fuente": "OpenStreetMap vía Overpass"}}, {"type": "Feature", "geometry": {"type": "LineString", "coordinates": [[-58.5609274, -34.5114226], [-58.5607351, -34.5115374], [-58.5602842, -34.5118945], [-58.5588188, -34.5130418]]}, "properties": {"clase": "ferrocarril", "nombre": "", "osm_way": 675345470, "fuente": "OpenStreetMap vía Overpass"}}, {"type": "Feature", "geometry": {"type": "LineString", "coordinates": [[-58.5606851, -34.5115334], [-58.5604857, -34.5116634], [-58.5602417, -34.5118579], [-58.5587844, -34.5130094]]}, "properties": {"clase": "ferrocarril", "nombre": "", "osm_way": 675345471, "fuente": "OpenStreetMap vía Overpass"}}, {"type": "Feature", "geometry": {"type": "LineString", "coordinates": [[-58.5608084, -34.5119025], [-58.5601276, -34.5123087], [-58.5597505, -34.5125925], [-58.5578377, -34.5140977], [-58.5575529, -34.514331], [-58.5573097, -34.5145621]]}, "properties": {"clase": "ferrocarril", "nombre": "", "osm_way": 675345472, "fuente": "OpenStreetMap vía Overpass"}}, {"type": "Feature", "geometry": {"type": "LineString", "coordinates": [[-58.5605192, -34.5121286], [-58.5602443, -34.5122899], [-58.5600713, -34.5124082], [-58.559792, -34.5126296], [-58.5578777, -34.5141275], [-58.5575573, -34.5143868], [-58.5573301, -34.5146019], [-58.5571221, -34.514811]]}, "properties": {"clase": "ferrocarril", "nombre": "", "osm_way": 675345473, "fuente": "OpenStreetMap vía Overpass"}}, {"type": "Feature", "geometry": {"type": "LineString", "coordinates": [[-58.560943, -34.5118733], [-58.5605192, -34.5121286], [-58.5598375, -34.5126702], [-58.5576054, -34.5144322], [-58.5571076, -34.5148731], [-58.5569717, -34.5150106]]}, "properties": {"clase": "ferrocarril", "nombre": "", "osm_way": 675345474, "fuente": "OpenStreetMap vía Overpass"}}, {"type": "Feature", "geometry": {"type": "LineString", "coordinates": [[-58.561293, -34.5116556], [-58.5611187, -34.5117949], [-58.5609257, -34.512004]]}, "properties": {"clase": "ferrocarril", "nombre": "", "osm_way": 675345475, "fuente": "OpenStreetMap vía Overpass"}}, {"type": "Feature", "geometry": {"type": "LineString", "coordinates": [[-58.5656846, -34.5083709], [-58.5656694, -34.5083803], [-58.5654207, -34.5085338], [-58.5652345, -34.5086553], [-58.5650383, -34.5087959], [-58.564805, -34.5089791], [-58.5635809, -34.5099437], [-58.563369, -34.5101118]]}, "properties": {"clase": "ferrocarril", "nombre": "FC Belgrano", "osm_way": 675345476, "fuente": "OpenStreetMap vía Overpass"}}, {"type": "Feature", "geometry": {"type": "LineString", "coordinates": [[-58.5568193, -34.5152621], [-58.5571094, -34.5149736], [-58.5571993, -34.5148957], [-58.5585652, -34.513816], [-58.558877, -34.5136], [-58.5591271, -34.5134333]]}, "properties": {"clase": "ferrocarril", "nombre": "", "osm_way": 675345480, "fuente": "OpenStreetMap vía Overpass"}}, {"type": "Feature", "geometry": {"type": "LineString", "coordinates": [[-58.5575753, -34.5142471], [-58.5566381, -34.514976]]}, "properties": {"clase": "ferrocarril", "nombre": "", "osm_way": 675345481, "fuente": "OpenStreetMap vía Overpass"}}, {"type": "Feature", "geometry": {"type": "LineString", "coordinates": [[-58.5565562, -34.5143785], [-58.5567319, -34.5141907], [-58.5568446, -34.5140923], [-58.5595898, -34.5119363], [-58.5598312, -34.5117838], [-58.5600407, -34.5116877]]}, "properties": {"clase": "ferrocarril", "nombre": "", "osm_way": 675345482, "fuente": "OpenStreetMap vía Overpass"}}, {"type": "Feature", "geometry": {"type": "LineString", "coordinates": [[-58.5562853, -34.514657], [-58.5564141, -34.5145089], [-58.5565562, -34.5143785], [-58.5568325, -34.5141509], [-58.5581468, -34.5131187]]}, "properties": {"clase": "ferrocarril", "nombre": "", "osm_way": 675345484, "fuente": "OpenStreetMap vía Overpass"}}, {"type": "Feature", "geometry": {"type": "LineString", "coordinates": [[-58.5561807, -34.5149089], [-58.5563068, -34.5147067], [-58.5563953, -34.5145841], [-58.5565616, -34.5144216], [-58.5581937, -34.5131364]]}, "properties": {"clase": "ferrocarril", "nombre": "", "osm_way": 675345485, "fuente": "OpenStreetMap vía Overpass"}}, {"type": "Feature", "geometry": {"type": "LineString", "coordinates": [[-58.5561311, -34.515067], [-58.5563443, -34.5148128], [-58.5565267, -34.5146404], [-58.5581776, -34.5133353]]}, "properties": {"clase": "ferrocarril", "nombre": "", "osm_way": 675345486, "fuente": "OpenStreetMap vía Overpass"}}, {"type": "Feature", "geometry": {"type": "LineString", "coordinates": [[-58.5585476, -34.5129761], [-58.5567386, -34.5144028], [-58.5565536, -34.5145542], [-58.5564382, -34.5146625], [-58.5563457, -34.5147575], [-58.5562491, -34.5148813], [-58.5561311, -34.515067], [-58.5559984, -34.5152822]]}, "properties": {"clase": "ferrocarril", "nombre": "", "osm_way": 675345487, "fuente": "OpenStreetMap vía Overpass"}}, {"type": "Feature", "geometry": {"type": "LineString", "coordinates": [[-58.5577916, -34.5137033], [-58.5575728, -34.5139155]]}, "properties": {"clase": "ferrocarril", "nombre": "", "osm_way": 675345488, "fuente": "OpenStreetMap vía Overpass"}}, {"type": "Feature", "geometry": {"type": "LineString", "coordinates": [[-58.5583238, -34.5132558], [-58.5585397, -34.513048], [-58.5586857, -34.5129245]]}, "properties": {"clase": "ferrocarril", "nombre": "", "osm_way": 675345489, "fuente": "OpenStreetMap vía Overpass"}}, {"type": "Feature", "geometry": {"type": "LineString", "coordinates": [[-58.5579872, -34.5135906], [-58.5582514, -34.5133254], [-58.5583238, -34.5132558], [-58.5587158, -34.5129504], [-58.5601717, -34.5117969]]}, "properties": {"clase": "ferrocarril", "nombre": "", "osm_way": 675345490, "fuente": "OpenStreetMap vía Overpass"}}, {"type": "Feature", "geometry": {"type": "LineString", "coordinates": [[-58.5577726, -34.513763], [-58.5579872, -34.5135906], [-58.5587485, -34.5129785]]}, "properties": {"clase": "ferrocarril", "nombre": "", "osm_way": 675345491, "fuente": "OpenStreetMap vía Overpass"}}, {"type": "Feature", "geometry": {"type": "LineString", "coordinates": [[-58.5582608, -34.5134304], [-58.5587844, -34.5130094]]}, "properties": {"clase": "ferrocarril", "nombre": "", "osm_way": 675345492, "fuente": "OpenStreetMap vía Overpass"}}, {"type": "Feature", "geometry": {"type": "LineString", "coordinates": [[-58.555702, -34.5158095], [-58.5559112, -34.5154791], [-58.5560345, -34.5153067], [-58.5562585, -34.5150415], [-58.5564691, -34.5148172], [-58.5566246, -34.5146758], [-58.556799, -34.5145277], [-58.5575728, -34.5139155], [-58.5577726, -34.513763], [-58.5579805, -34.5136348], [-58.5582608, -34.5134304], [-58.5585682, -34.5132464], [-58.5588188, -34.5130418]]}, "properties": {"clase": "ferrocarril", "nombre": "", "osm_way": 675345493, "fuente": "OpenStreetMap vía Overpass"}}, {"type": "Feature", "geometry": {"type": "LineString", "coordinates": [[-58.5546572, -34.5170803], [-58.5542974, -34.5173075]]}, "properties": {"clase": "ferrocarril", "nombre": "", "osm_way": 675345494, "fuente": "OpenStreetMap vía Overpass"}}, {"type": "Feature", "geometry": {"type": "LineString", "coordinates": [[-58.5539653, -34.5176205], [-58.554459, -34.5172348], [-58.5546572, -34.5170803], [-58.5548533, -34.5169229], [-58.554952, -34.5168443], [-58.5618966, -34.5113276], [-58.5620973, -34.5111726]]}, "properties": {"clase": "ferrocarril", "nombre": "FC Belgrano", "osm_way": 675345496, "fuente": "OpenStreetMap vía Overpass"}}, {"type": "Feature", "geometry": {"type": "LineString", "coordinates": [[-58.5526296, -34.5186825], [-58.552727, -34.518607]]}, "properties": {"clase": "ferrocarril", "nombre": "FC Belgrano", "osm_way": 675345497, "fuente": "OpenStreetMap vía Overpass"}}, {"type": "Feature", "geometry": {"type": "LineString", "coordinates": [[-58.5526983, -34.5185779], [-58.5526011, -34.5186554]]}, "properties": {"clase": "ferrocarril", "nombre": "FC Belgrano", "osm_way": 675345498, "fuente": "OpenStreetMap vía Overpass"}}, {"type": "Feature", "geometry": {"type": "LineString", "coordinates": [[-58.563369, -34.5101118], [-58.561531, -34.5115733], [-58.5557824, -34.5161333], [-58.5549178, -34.5168153], [-58.554818, -34.5168926], [-58.5542974, -34.5173075], [-58.5541047, -34.5174595], [-58.5539367, -34.517595]]}, "properties": {"clase": "ferrocarril", "nombre": "FC Belgrano", "osm_way": 675345499, "fuente": "OpenStreetMap vía Overpass"}}, {"type": "Feature", "geometry": {"type": "LineString", "coordinates": [[-58.5545388, -34.5170222], [-58.5539129, -34.5175422], [-58.5538954, -34.517557]]}, "properties": {"clase": "ferrocarril", "nombre": "", "osm_way": 675345500, "fuente": "OpenStreetMap vía Overpass"}}, {"type": "Feature", "geometry": {"type": "LineString", "coordinates": [[-58.563369, -34.5101118], [-58.5630874, -34.5102942], [-58.5628553, -34.5104718], [-58.5623329, -34.5108856], [-58.5609257, -34.512004], [-58.5591271, -34.5134333], [-58.5568193, -34.5152621], [-58.5566373, -34.5154052], [-58.5557529, -34.5161068]]}, "properties": {"clase": "ferrocarril", "nombre": "", "osm_way": 675345501, "fuente": "OpenStreetMap vía Overpass"}}, {"type": "Feature", "geometry": {"type": "LineString", "coordinates": [[-58.5621071, -34.5113108], [-58.5625215, -34.5110368], [-58.5636589, -34.5101416]]}, "properties": {"clase": "ferrocarril", "nombre": "", "osm_way": 675345502, "fuente": "OpenStreetMap vía Overpass"}}, {"type": "Feature", "geometry": {"type": "LineString", "coordinates": [[-58.5635809, -34.5099437], [-58.5637985, -34.5098159]]}, "properties": {"clase": "ferrocarril", "nombre": "", "osm_way": 675345503, "fuente": "OpenStreetMap vía Overpass"}}, {"type": "Feature", "geometry": {"type": "LineString", "coordinates": [[-58.5620973, -34.5111726], [-58.5631152, -34.5103601], [-58.5637985, -34.5098159], [-58.5646311, -34.5091612], [-58.5648281, -34.5090045], [-58.5650671, -34.5088222], [-58.5652681, -34.5086796], [-58.565438, -34.5085674], [-58.5656823, -34.5084161], [-58.565706, -34.5084014]]}, "properties": {"clase": "ferrocarril", "nombre": "FC Belgrano", "osm_way": 675345504, "fuente": "OpenStreetMap vía Overpass"}}, {"type": "Feature", "geometry": {"type": "LineString", "coordinates": [[-58.5630874, -34.5102942], [-58.5638183, -34.509704]]}, "properties": {"clase": "ferrocarril", "nombre": "", "osm_way": 675345505, "fuente": "OpenStreetMap vía Overpass"}}, {"type": "Feature", "geometry": {"type": "LineString", "coordinates": [[-58.5637794, -34.5100212], [-58.5636621, -34.5101803], [-58.5626556, -34.5112235]]}, "properties": {"clase": "ferrocarril", "nombre": "", "osm_way": 675345506, "fuente": "OpenStreetMap vía Overpass"}}, {"type": "Feature", "geometry": {"type": "LineString", "coordinates": [[-58.5632242, -34.5104135], [-58.562445, -34.5110423], [-58.562268, -34.5111771], [-58.5621071, -34.5113108], [-58.5619126, -34.5114589], [-58.5615934, -34.5117076], [-58.5613507, -34.5119021], [-58.5589266, -34.5138205]]}, "properties": {"clase": "ferrocarril", "nombre": "", "osm_way": 675345508, "fuente": "OpenStreetMap vía Overpass"}}, {"type": "Feature", "geometry": {"type": "LineString", "coordinates": [[-58.4645573, -34.5395385], [-58.4646749, -34.539352]]}, "properties": {"clase": "avenida", "nombre": "Avenida Del Libertador", "osm_way": 690844882, "fuente": "OpenStreetMap vía Overpass"}}, {"type": "Feature", "geometry": {"type": "LineString", "coordinates": [[-58.4667022, -34.5360512], [-58.4667007, -34.5359775]]}, "properties": {"clase": "avenida", "nombre": "Avenida Del Libertador", "osm_way": 690847967, "fuente": "OpenStreetMap vía Overpass"}}, {"type": "Feature", "geometry": {"type": "LineString", "coordinates": [[-58.4668194, -34.5359297], [-58.4667022, -34.5360512]]}, "properties": {"clase": "avenida", "nombre": "Avenida Del Libertador", "osm_way": 690847968, "fuente": "OpenStreetMap vía Overpass"}}, {"type": "Feature", "geometry": {"type": "LineString", "coordinates": [[-58.4669343, -34.5356733], [-58.4669067, -34.5357866], [-58.4668816, -34.5358359], [-58.4668194, -34.5359297]]}, "properties": {"clase": "avenida", "nombre": "Avenida Del Libertador", "osm_way": 690847969, "fuente": "OpenStreetMap vía Overpass"}}, {"type": "Feature", "geometry": {"type": "LineString", "coordinates": [[-58.570822, -34.4324862], [-58.5707648, -34.4325711], [-58.5707241, -34.4326316]]}, "properties": {"clase": "ferrocarril", "nombre": "FC Mitre", "osm_way": 694627344, "fuente": "OpenStreetMap vía Overpass"}}, {"type": "Feature", "geometry": {"type": "LineString", "coordinates": [[-58.5756272, -34.4284371], [-58.5728467, -34.4306522], [-58.5715961, -34.4316554], [-58.5713028, -34.4319133], [-58.5711689, -34.4320416], [-58.5710461, -34.4321777], [-58.570822, -34.4324862]]}, "properties": {"clase": "ferrocarril", "nombre": "FC Mitre", "osm_way": 694627345, "fuente": "OpenStreetMap vía Overpass"}}, {"type": "Feature", "geometry": {"type": "LineString", "coordinates": [[-58.5708569, -34.4325084], [-58.571081, -34.4322061], [-58.5712051, -34.4320659], [-58.5713347, -34.4319361], [-58.571628, -34.4316796], [-58.5728758, -34.4306829], [-58.5746597, -34.4292823], [-58.5756516, -34.4284736]]}, "properties": {"clase": "ferrocarril", "nombre": "FC Mitre", "osm_way": 694627346, "fuente": "OpenStreetMap vía Overpass"}}, {"type": "Feature", "geometry": {"type": "LineString", "coordinates": [[-58.5707604, -34.4326604], [-58.5708569, -34.4325084]]}, "properties": {"clase": "ferrocarril", "nombre": "FC Mitre", "osm_way": 694627347, "fuente": "OpenStreetMap vía Overpass"}}, {"type": "Feature", "geometry": {"type": "LineString", "coordinates": [[-58.5757181, -34.4283661], [-58.5756272, -34.4284371]]}, "properties": {"clase": "ferrocarril", "nombre": "FC Mitre", "osm_way": 694627351, "fuente": "OpenStreetMap vía Overpass"}}, {"type": "Feature", "geometry": {"type": "LineString", "coordinates": [[-58.5783442, -34.4263004], [-58.5779367, -34.4266267], [-58.5772615, -34.4271618], [-58.5759438, -34.42819], [-58.5757961, -34.4283052], [-58.5757181, -34.4283661]]}, "properties": {"clase": "ferrocarril", "nombre": "FC Mitre", "osm_way": 694627352, "fuente": "OpenStreetMap vía Overpass"}}, {"type": "Feature", "geometry": {"type": "LineString", "coordinates": [[-58.5757438, -34.4284015], [-58.5772924, -34.4271901], [-58.5779623, -34.4266536], [-58.5780558, -34.4265816]]}, "properties": {"clase": "ferrocarril", "nombre": "FC Mitre", "osm_way": 694627353, "fuente": "OpenStreetMap vía Overpass"}}, {"type": "Feature", "geometry": {"type": "LineString", "coordinates": [[-58.5756516, -34.4284736], [-58.5757438, -34.4284015]]}, "properties": {"clase": "ferrocarril", "nombre": "FC Mitre", "osm_way": 694627354, "fuente": "OpenStreetMap vía Overpass"}}, {"type": "Feature", "geometry": {"type": "LineString", "coordinates": [[-58.4673251, -34.5349891], [-58.4673314, -34.5348831], [-58.4673639, -34.5348247], [-58.4673779, -34.5347985]]}, "properties": {"clase": "avenida", "nombre": "Avenida Del Libertador", "osm_way": 699009404, "fuente": "OpenStreetMap vía Overpass"}}, {"type": "Feature", "geometry": {"type": "LineString", "coordinates": [[-58.4676045, -34.5346026], [-58.4675338, -34.5347256]]}, "properties": {"clase": "avenida", "nombre": "Avenida del Libertador", "osm_way": 699009406, "fuente": "OpenStreetMap vía Overpass"}}, {"type": "Feature", "geometry": {"type": "LineString", "coordinates": [[-58.4674748, -34.5348343], [-58.4674616, -34.5348574], [-58.4674311, -34.5349117], [-58.4673251, -34.5349891]]}, "properties": {"clase": "avenida", "nombre": "Avenida Del Libertador", "osm_way": 699009407, "fuente": "OpenStreetMap vía Overpass"}}, {"type": "Feature", "geometry": {"type": "LineString", "coordinates": [[-58.4673779, -34.5347985], [-58.4675125, -34.5345501], [-58.467824, -34.5339611]]}, "properties": {"clase": "avenida", "nombre": "Avenida del Libertador", "osm_way": 699023601, "fuente": "OpenStreetMap vía Overpass"}}, {"type": "Feature", "geometry": {"type": "LineString", "coordinates": [[-58.5719957, -34.5381905], [-58.5742538, -34.5363697], [-58.5749817, -34.5357828]]}, "properties": {"clase": "ferrocarril", "nombre": "FC Mitre", "osm_way": 708175834, "fuente": "OpenStreetMap vía Overpass"}}, {"type": "Feature", "geometry": {"type": "LineString", "coordinates": [[-58.571852, -34.5383063], [-58.5719957, -34.5381905]]}, "properties": {"clase": "ferrocarril", "nombre": "FC Mitre", "osm_way": 708175835, "fuente": "OpenStreetMap vía Overpass"}}, {"type": "Feature", "geometry": {"type": "LineString", "coordinates": [[-58.5719628, -34.538165], [-58.5718207, -34.5382807]]}, "properties": {"clase": "ferrocarril", "nombre": "FC Mitre", "osm_way": 708175836, "fuente": "OpenStreetMap vía Overpass"}}, {"type": "Feature", "geometry": {"type": "LineString", "coordinates": [[-58.5749514, -34.5357574], [-58.5745283, -34.5360984], [-58.572041, -34.5381033], [-58.5719628, -34.538165]]}, "properties": {"clase": "ferrocarril", "nombre": "FC Mitre", "osm_way": 708175837, "fuente": "OpenStreetMap vía Overpass"}}, {"type": "Feature", "geometry": {"type": "LineString", "coordinates": [[-58.5663434, -34.5098213], [-58.5662678, -34.5096231], [-58.5662323, -34.5094499]]}, "properties": {"clase": "avenida", "nombre": "Avenida Avelino Rolón", "osm_way": 736393508, "fuente": "OpenStreetMap vía Overpass"}}, {"type": "Feature", "geometry": {"type": "LineString", "coordinates": [[-58.5664185, -34.5098159], [-58.5665079, -34.5100563], [-58.566514, -34.510156]]}, "properties": {"clase": "avenida", "nombre": "Avenida Avelino Rolón", "osm_way": 736393509, "fuente": "OpenStreetMap vía Overpass"}}, {"type": "Feature", "geometry": {"type": "LineString", "coordinates": [[-58.5662323, -34.5094499], [-58.5659167, -34.5086881]]}, "properties": {"clase": "avenida", "nombre": "Avenida Avelino Rolón", "osm_way": 736393510, "fuente": "OpenStreetMap vía Overpass"}}, {"type": "Feature", "geometry": {"type": "LineString", "coordinates": [[-58.566514, -34.510156], [-58.5664388, -34.5100717], [-58.5663434, -34.5098213]]}, "properties": {"clase": "avenida", "nombre": "Avenida Avelino Rolón", "osm_way": 736393511, "fuente": "OpenStreetMap vía Overpass"}}, {"type": "Feature", "geometry": {"type": "LineString", "coordinates": [[-58.5727045, -34.5262184], [-58.5726096, -34.5260425]]}, "properties": {"clase": "avenida", "nombre": "Diagonal 190 - Brigadier General Juan Manuel de Rosas", "osm_way": 739008425, "fuente": "OpenStreetMap vía Overpass"}}, {"type": "Feature", "geometry": {"type": "LineString", "coordinates": [[-58.5965188, -34.4912573], [-58.596488, -34.4914164], [-58.5958497, -34.4947167], [-58.5954296, -34.4968707], [-58.5953141, -34.4974525], [-58.5951405, -34.4981271], [-58.5949005, -34.4989288], [-58.5947483, -34.499342], [-58.5940669, -34.5009378], [-58.5937196, -34.5017402], [-58.5933673, -34.5025224], [-58.5914246, -34.5070202], [-58.5911306, -34.5076919]]}, "properties": {"clase": "ferrocarril", "nombre": "FC Mitre", "osm_way": 786085385, "fuente": "OpenStreetMap vía Overpass"}}, {"type": "Feature", "geometry": {"type": "LineString", "coordinates": [[-58.5965377, -34.4911512], [-58.5965188, -34.4912573]]}, "properties": {"clase": "ferrocarril", "nombre": "FC Mitre", "osm_way": 786085386, "fuente": "OpenStreetMap vía Overpass"}}, {"type": "Feature", "geometry": {"type": "LineString", "coordinates": [[-58.5965714, -34.4912654], [-58.5965937, -34.4911593]]}, "properties": {"clase": "ferrocarril", "nombre": "FC Mitre", "osm_way": 786085387, "fuente": "OpenStreetMap vía Overpass"}}, {"type": "Feature", "geometry": {"type": "LineString", "coordinates": [[-58.5911779, -34.507704], [-58.5914765, -34.5070239], [-58.5934139, -34.5025492], [-58.5937692, -34.5017667], [-58.5941072, -34.5009566], [-58.5947808, -34.4993591], [-58.5949411, -34.4989556], [-58.5951896, -34.4981555], [-58.5953632, -34.4974683], [-58.5954808, -34.4968755], [-58.5959042, -34.4947189], [-58.5962432, -34.4929345]]}, "properties": {"clase": "ferrocarril", "nombre": "FC Mitre", "osm_way": 786085388, "fuente": "OpenStreetMap vía Overpass"}}, {"type": "Feature", "geometry": {"type": "LineString", "coordinates": [[-58.561531, -34.5115733], [-58.5618966, -34.5113276]]}, "properties": {"clase": "ferrocarril", "nombre": "", "osm_way": 829508088, "fuente": "OpenStreetMap vía Overpass"}}, {"type": "Feature", "geometry": {"type": "LineString", "coordinates": [[-58.5620973, -34.5111726], [-58.5623646, -34.5109782], [-58.5632242, -34.5104135], [-58.5639611, -34.5098335], [-58.5649368, -34.5090664], [-58.5653317, -34.5087713], [-58.5655483, -34.5086217], [-58.5657169, -34.5085143], [-58.5657431, -34.5085002]]}, "properties": {"clase": "ferrocarril", "nombre": "", "osm_way": 829508089, "fuente": "OpenStreetMap vía Overpass"}}, {"type": "Feature", "geometry": {"type": "LineString", "coordinates": [[-58.6153669, -34.4857152], [-58.6151419, -34.4856514]]}, "properties": {"clase": "avenida", "nombre": "Avenida Ángel Torcuato de Alvear", "osm_way": 865168216, "fuente": "OpenStreetMap vía Overpass"}}, {"type": "Feature", "geometry": {"type": "LineString", "coordinates": [[-58.5377213, -34.4565722], [-58.5378964, -34.4565734], [-58.5380861, -34.4565711], [-58.5382778, -34.4565645]]}, "properties": {"clase": "ferrocarril", "nombre": "", "osm_way": 890529644, "fuente": "OpenStreetMap vía Overpass"}}, {"type": "Feature", "geometry": {"type": "LineString", "coordinates": [[-58.4559239, -34.5391554], [-58.4565157, -34.5388727], [-58.4569636, -34.5386558]]}, "properties": {"clase": "autopista", "nombre": "Avenida Intendente Cantilo", "osm_way": 925011837, "fuente": "OpenStreetMap vía Overpass"}}, {"type": "Feature", "geometry": {"type": "LineString", "coordinates": [[-58.5645797, -34.5069485], [-58.5644653, -34.5068251], [-58.5644311, -34.5067402]]}, "properties": {"clase": "avenida", "nombre": "Avenida Avelino Rolón", "osm_way": 950244008, "fuente": "OpenStreetMap vía Overpass"}}, {"type": "Feature", "geometry": {"type": "LineString", "coordinates": [[-58.565513, -34.5079141], [-58.5648483, -34.5071794]]}, "properties": {"clase": "avenida", "nombre": "Avenida Avelino Rolón", "osm_way": 950244009, "fuente": "OpenStreetMap vía Overpass"}}, {"type": "Feature", "geometry": {"type": "LineString", "coordinates": [[-58.5646407, -34.5069106], [-58.5648222, -34.5071061], [-58.5648483, -34.5071794]]}, "properties": {"clase": "avenida", "nombre": "Avenida Avelino Rolón", "osm_way": 950244011, "fuente": "OpenStreetMap vía Overpass"}}, {"type": "Feature", "geometry": {"type": "LineString", "coordinates": [[-58.581017, -34.5066722], [-58.5813292, -34.5066588]]}, "properties": {"clase": "ferrocarril", "nombre": "FC Belgrano", "osm_way": 953896681, "fuente": "OpenStreetMap vía Overpass"}}, {"type": "Feature", "geometry": {"type": "LineString", "coordinates": [[-58.5813759, -34.5066127], [-58.5810691, -34.506628]]}, "properties": {"clase": "ferrocarril", "nombre": "FC Belgrano", "osm_way": 953896682, "fuente": "OpenStreetMap vía Overpass"}}, {"type": "Feature", "geometry": {"type": "LineString", "coordinates": [[-58.5242375, -34.4549805], [-58.5241793, -34.4550251], [-58.5238574, -34.455272], [-58.5233317, -34.455682], [-58.5232804, -34.4557242], [-58.5232312, -34.455776], [-58.5226013, -34.4563929], [-58.5225365, -34.4564583], [-58.5225032, -34.4564895], [-58.5223903, -34.4565982], [-58.5223044, -34.4566794], [-58.5222791, -34.4567098], [-58.5217747, -34.4572124], [-58.5217295, -34.4572613]]}, "properties": {"clase": "avenida", "nombre": "Avenida del Libertador", "osm_way": 954695103, "fuente": "OpenStreetMap vía Overpass"}}, {"type": "Feature", "geometry": {"type": "LineString", "coordinates": [[-58.4904369, -34.4826687], [-58.4905972, -34.4825013], [-58.490674, -34.4824211], [-58.4908904, -34.4821951], [-58.4909799, -34.4821021], [-58.4910916, -34.4819903], [-58.4915537, -34.4815147]]}, "properties": {"clase": "avenida", "nombre": "Avenida del Libertador", "osm_way": 954695946, "fuente": "OpenStreetMap vía Overpass"}}, {"type": "Feature", "geometry": {"type": "LineString", "coordinates": [[-58.5251631, -34.4543219], [-58.5250939, -34.4543788], [-58.5249917, -34.4544438], [-58.5242375, -34.4549805]]}, "properties": {"clase": "avenida", "nombre": "Avenida del Libertador", "osm_way": 954696476, "fuente": "OpenStreetMap vía Overpass"}}, {"type": "Feature", "geometry": {"type": "LineString", "coordinates": [[-58.5261209, -34.4535719], [-58.5260448, -34.4536318], [-58.5257945, -34.4538307], [-58.5257082, -34.4538994], [-58.5256542, -34.4539461], [-58.5255875, -34.4539967], [-58.5252411, -34.4542622], [-58.5251992, -34.4542947], [-58.5251631, -34.4543219]]}, "properties": {"clase": "avenida", "nombre": "Avenida del Libertador", "osm_way": 954696477, "fuente": "OpenStreetMap vía Overpass"}}, {"type": "Feature", "geometry": {"type": "LineString", "coordinates": [[-58.5002873, -34.4754394], [-58.5003607, -34.4753911], [-58.5004161, -34.4753547], [-58.5009771, -34.4749859], [-58.5010345, -34.4749488], [-58.5011532, -34.4748701], [-58.5013084, -34.4747671]]}, "properties": {"clase": "avenida", "nombre": "Avenida del Libertador", "osm_way": 954699700, "fuente": "OpenStreetMap vía Overpass"}}, {"type": "Feature", "geometry": {"type": "LineString", "coordinates": [[-58.5013084, -34.4747671], [-58.5014181, -34.4746956], [-58.501434, -34.4746831], [-58.5017423, -34.474473]]}, "properties": {"clase": "avenida", "nombre": "Avenida del Libertador", "osm_way": 954699702, "fuente": "OpenStreetMap vía Overpass"}}, {"type": "Feature", "geometry": {"type": "LineString", "coordinates": [[-58.5217295, -34.4572613], [-58.5216875, -34.4573042], [-58.5210373, -34.4579666], [-58.5209164, -34.4580904], [-58.5208623, -34.458144]]}, "properties": {"clase": "avenida", "nombre": "Avenida del Libertador", "osm_way": 954722936, "fuente": "OpenStreetMap vía Overpass"}}, {"type": "Feature", "geometry": {"type": "LineString", "coordinates": [[-58.5193802, -34.4600311], [-58.5193285, -34.4600961], [-58.5192451, -34.4602115], [-58.518717, -34.460962]]}, "properties": {"clase": "avenida", "nombre": "Avenida del Libertador", "osm_way": 954722938, "fuente": "OpenStreetMap vía Overpass"}}, {"type": "Feature", "geometry": {"type": "LineString", "coordinates": [[-58.518717, -34.460962], [-58.5181841, -34.4617193], [-58.5181135, -34.4618125], [-58.5180842, -34.4618612]]}, "properties": {"clase": "avenida", "nombre": "Avenida del Libertador", "osm_way": 954722945, "fuente": "OpenStreetMap vía Overpass"}}, {"type": "Feature", "geometry": {"type": "LineString", "coordinates": [[-58.5283172, -34.4519199], [-58.528389, -34.4518812], [-58.5290676, -34.4514875], [-58.5291498, -34.4514386], [-58.5292662, -34.4513762], [-58.5293633, -34.4513255], [-58.5301078, -34.4509227], [-58.530432, -34.4507831], [-58.530495, -34.4507595], [-58.5306369, -34.4507062], [-58.5308156, -34.4506581], [-58.5309633, -34.4506286], [-58.5314077, -34.450574], [-58.5316548, -34.4505463], [-58.5319119, -34.4505059], [-58.5321997, -34.4504083], [-58.5324208, -34.4503016], [-58.5330367, -34.4500056], [-58.5331822, -34.4499357], [-58.533295, -34.4498878], [-58.5337658, -34.4496943], [-58.534106, -34.4495544], [-58.5342487, -34.4494977], [-58.5344147, -34.4494287], [-58.53486, -34.4492436]]}, "properties": {"clase": "avenida", "nombre": "Avenida del Libertador", "osm_way": 954724680, "fuente": "OpenStreetMap vía Overpass"}}, {"type": "Feature", "geometry": {"type": "LineString", "coordinates": [[-58.5406582, -34.4474926], [-58.5419363, -34.4472825], [-58.5422656, -34.4472284], [-58.5425203, -34.4471772], [-58.5431469, -34.4470511], [-58.5441374, -34.4468671], [-58.5442838, -34.4468399], [-58.5450205, -34.446698], [-58.5454574, -34.4466139], [-58.5459096, -34.4465268]]}, "properties": {"clase": "avenida", "nombre": "Avenida del Libertador", "osm_way": 954754796, "fuente": "OpenStreetMap vía Overpass"}}, {"type": "Feature", "geometry": {"type": "LineString", "coordinates": [[-58.4844596, -34.4926682], [-58.4844558, -34.4924743], [-58.4844348, -34.4918957], [-58.4844309, -34.4917819]]}, "properties": {"clase": "avenida", "nombre": "Avenida del Libertador", "osm_way": 954759833, "fuente": "OpenStreetMap vía Overpass"}}, {"type": "Feature", "geometry": {"type": "LineString", "coordinates": [[-58.4790802, -34.5090878], [-58.4791488, -34.5089288], [-58.4794083, -34.5083271]]}, "properties": {"clase": "avenida", "nombre": "Avenida del Libertador", "osm_way": 954764613, "fuente": "OpenStreetMap vía Overpass"}}, {"type": "Feature", "geometry": {"type": "LineString", "coordinates": [[-58.484637, -34.49094], [-58.4846999, -34.4906943], [-58.4847154, -34.4906335]]}, "properties": {"clase": "avenida", "nombre": "Avenida del Libertador", "osm_way": 954764979, "fuente": "OpenStreetMap vía Overpass"}}, {"type": "Feature", "geometry": {"type": "LineString", "coordinates": [[-58.4972717, -34.4772533], [-58.4974766, -34.4771721], [-58.4975863, -34.477125], [-58.4976777, -34.4770858], [-58.4978646, -34.4769962]]}, "properties": {"clase": "avenida", "nombre": "Avenida del Libertador", "osm_way": 954765116, "fuente": "OpenStreetMap vía Overpass"}}, {"type": "Feature", "geometry": {"type": "LineString", "coordinates": [[-58.4725084, -34.5373215], [-58.4726896, -34.5373863], [-58.4728517, -34.5374257], [-58.4730489, -34.5374593], [-58.4732336, -34.5374808], [-58.4734013, -34.5375032], [-58.473604, -34.5375341], [-58.4738135, -34.5375695], [-58.474023, -34.5376122]]}, "properties": {"clase": "autopista", "nombre": "Avenida General Paz", "osm_way": 955140996, "fuente": "OpenStreetMap vía Overpass"}}, {"type": "Feature", "geometry": {"type": "LineString", "coordinates": [[-58.5672132, -34.4354978], [-58.5670112, -34.4353641], [-58.5669399, -34.4353241], [-58.5666459, -34.4351647]]}, "properties": {"clase": "avenida", "nombre": "Colón", "osm_way": 955413650, "fuente": "OpenStreetMap vía Overpass"}}, {"type": "Feature", "geometry": {"type": "LineString", "coordinates": [[-58.5469912, -34.4921934], [-58.5469399, -34.4921624], [-58.5430589, -34.490132], [-58.5429724, -34.490089], [-58.5428706, -34.4900366], [-58.5404233, -34.4887559], [-58.540352, -34.4887203], [-58.540295, -34.4886917], [-58.540209, -34.4886481], [-58.5375034, -34.4872398], [-58.537418, -34.4871958], [-58.5373669, -34.4871695], [-58.5373071, -34.4871382], [-58.5338637, -34.4853607], [-58.5338111, -34.4853336], [-58.5337318, -34.4852924], [-58.5336751, -34.4852629], [-58.5325904, -34.4847011], [-58.5308763, -34.4838172], [-58.530796, -34.4837748], [-58.5307249, -34.4837372], [-58.528235, -34.4824547], [-58.5281284, -34.4824138], [-58.5280476, -34.4823995], [-58.5279645, -34.4823976], [-58.5278877, -34.4824004]]}, "properties": {"clase": "avenida", "nombre": "Avenida Bernabé Márquez", "osm_way": 956677991, "fuente": "OpenStreetMap vía Overpass"}}, {"type": "Feature", "geometry": {"type": "LineString", "coordinates": [[-58.527437, -34.4820999], [-58.5274342, -34.4820485], [-58.5274355, -34.4820109], [-58.5274409, -34.4819843], [-58.527457, -34.4819446], [-58.527481, -34.4819086], [-58.5275133, -34.481875]]}, "properties": {"clase": "avenida", "nombre": "", "osm_way": 957223681, "fuente": "OpenStreetMap vía Overpass"}}, {"type": "Feature", "geometry": {"type": "LineString", "coordinates": [[-58.5274526, -34.4821674], [-58.5274409, -34.4821292], [-58.527437, -34.4820999]]}, "properties": {"clase": "avenida", "nombre": "", "osm_way": 957223682, "fuente": "OpenStreetMap vía Overpass"}}, {"type": "Feature", "geometry": {"type": "LineString", "coordinates": [[-58.5274904, -34.4822501], [-58.5274663, -34.4822033], [-58.5274526, -34.4821674]]}, "properties": {"clase": "avenida", "nombre": "", "osm_way": 957223683, "fuente": "OpenStreetMap vía Overpass"}}, {"type": "Feature", "geometry": {"type": "LineString", "coordinates": [[-58.4835429, -34.4996573], [-58.4835737, -34.4996089], [-58.4840007, -34.4989381], [-58.4840349, -34.4988844], [-58.4840856, -34.4988047]]}, "properties": {"clase": "avenida", "nombre": "Avenida del Libertador", "osm_way": 957691558, "fuente": "OpenStreetMap vía Overpass"}}, {"type": "Feature", "geometry": {"type": "LineString", "coordinates": [[-58.4829893, -34.500565], [-58.4830284, -34.5005008], [-58.4835032, -34.4997225], [-58.4835429, -34.4996573]]}, "properties": {"clase": "avenida", "nombre": "Avenida del Libertador", "osm_way": 957691559, "fuente": "OpenStreetMap vía Overpass"}}, {"type": "Feature", "geometry": {"type": "LineString", "coordinates": [[-58.4825696, -34.501229], [-58.4829532, -34.5006221], [-58.4829893, -34.500565]]}, "properties": {"clase": "avenida", "nombre": "Avenida del Libertador", "osm_way": 957691561, "fuente": "OpenStreetMap vía Overpass"}}, {"type": "Feature", "geometry": {"type": "LineString", "coordinates": [[-58.4813997, -34.5033911], [-58.4814424, -34.5032805], [-58.4814832, -34.5031748], [-58.4815453, -34.5030138]]}, "properties": {"clase": "avenida", "nombre": "Avenida del Libertador", "osm_way": 957691563, "fuente": "OpenStreetMap vía Overpass"}}, {"type": "Feature", "geometry": {"type": "LineString", "coordinates": [[-58.4966428, -34.4775536], [-58.4968085, -34.4774672], [-58.4970494, -34.4773495], [-58.4972717, -34.4772533]]}, "properties": {"clase": "avenida", "nombre": "Avenida del Libertador", "osm_way": 957696160, "fuente": "OpenStreetMap vía Overpass"}}, {"type": "Feature", "geometry": {"type": "LineString", "coordinates": [[-58.4964125, -34.4776746], [-58.4965681, -34.4775938], [-58.4966428, -34.4775536]]}, "properties": {"clase": "avenida", "nombre": "Avenida del Libertador", "osm_way": 957696161, "fuente": "OpenStreetMap vía Overpass"}}, {"type": "Feature", "geometry": {"type": "LineString", "coordinates": [[-58.4916592, -34.4813975], [-58.4920408, -34.4809734], [-58.4923823, -34.4805579], [-58.4924161, -34.48052], [-58.4924577, -34.4804738], [-58.4930422, -34.4798238], [-58.4935066, -34.4792991], [-58.4935901, -34.4792062], [-58.4936464, -34.479158]]}, "properties": {"clase": "avenida", "nombre": "Avenida del Libertador", "osm_way": 957696401, "fuente": "OpenStreetMap vía Overpass"}}, {"type": "Feature", "geometry": {"type": "LineString", "coordinates": [[-58.4891272, -34.4838799], [-58.4891855, -34.4838267], [-58.4894928, -34.4835459], [-58.4895355, -34.483509], [-58.4895721, -34.4834734]]}, "properties": {"clase": "avenida", "nombre": "Avenida del Libertador", "osm_way": 957696404, "fuente": "OpenStreetMap vía Overpass"}}, {"type": "Feature", "geometry": {"type": "LineString", "coordinates": [[-58.4852105, -34.4888152], [-58.4852492, -34.4886821], [-58.4854896, -34.4878552], [-58.4855018, -34.4878132], [-58.4855154, -34.4877711], [-58.4856441, -34.4873734], [-58.4857253, -34.4871432], [-58.4857553, -34.4870865], [-58.4857855, -34.4870433]]}, "properties": {"clase": "avenida", "nombre": "Avenida del Libertador", "osm_way": 957696405, "fuente": "OpenStreetMap vía Overpass"}}, {"type": "Feature", "geometry": {"type": "LineString", "coordinates": [[-58.4845211, -34.4940347], [-58.4845176, -34.4939688], [-58.4845079, -34.4937884], [-58.4844984, -34.4936105], [-58.484496, -34.4935732], [-58.4844908, -34.4934529]]}, "properties": {"clase": "avenida", "nombre": "Avenida del Libertador", "osm_way": 957696573, "fuente": "OpenStreetMap vía Overpass"}}, {"type": "Feature", "geometry": {"type": "LineString", "coordinates": [[-58.4843269, -34.4967555], [-58.4843389, -34.4966292], [-58.4843452, -34.4965628], [-58.4844234, -34.4959602], [-58.4844359, -34.4958638]]}, "properties": {"clase": "avenida", "nombre": "Avenida del Libertador", "osm_way": 957696580, "fuente": "OpenStreetMap vía Overpass"}}, {"type": "Feature", "geometry": {"type": "LineString", "coordinates": [[-58.4842389, -34.4976013], [-58.484245, -34.4975431], [-58.4843156, -34.4968641], [-58.4843214, -34.496808], [-58.4843269, -34.4967555]]}, "properties": {"clase": "avenida", "nombre": "Avenida del Libertador", "osm_way": 957696581, "fuente": "OpenStreetMap vía Overpass"}}, {"type": "Feature", "geometry": {"type": "LineString", "coordinates": [[-58.5558801, -34.4980276], [-58.555937, -34.4980793], [-58.5559951, -34.4981321], [-58.5560646, -34.4981953], [-58.5561354, -34.4982596], [-58.5561644, -34.4982859], [-58.5562086, -34.4983261], [-58.5562323, -34.4983478], [-58.5563584, -34.4984622], [-58.5564798, -34.4985726], [-58.5565365, -34.4986306], [-58.5566065, -34.4986871], [-58.5570291, -34.4990718], [-58.557149, -34.499175], [-58.5572186, -34.4992359]]}, "properties": {"clase": "avenida", "nombre": "Avenida Avelino Rolón", "osm_way": 957706945, "fuente": "OpenStreetMap vía Overpass"}}, {"type": "Feature", "geometry": {"type": "LineString", "coordinates": [[-58.5572186, -34.4992359], [-58.5572872, -34.4992966], [-58.5573087, -34.4993157], [-58.5579757, -34.4999094], [-58.5580387, -34.4999625], [-58.5581236, -34.5000387], [-58.558157, -34.5000686], [-58.5583498, -34.5002374], [-58.5587103, -34.5005563]]}, "properties": {"clase": "avenida", "nombre": "Avenida Avelino Rolón", "osm_way": 957706947, "fuente": "OpenStreetMap vía Overpass"}}, {"type": "Feature", "geometry": {"type": "LineString", "coordinates": [[-58.5687173, -34.5173502], [-58.5686486, -34.5172509], [-58.5684536, -34.5164765], [-58.568308, -34.515831], [-58.5682399, -34.51554]]}, "properties": {"clase": "avenida", "nombre": "Avenida Avelino Rolón", "osm_way": 957707050, "fuente": "OpenStreetMap vía Overpass"}}, {"type": "Feature", "geometry": {"type": "LineString", "coordinates": [[-58.5682399, -34.51554], [-58.5680586, -34.5147706], [-58.5680274, -34.5146383], [-58.5677983, -34.5136774]]}, "properties": {"clase": "avenida", "nombre": "Avenida Avelino Rolón", "osm_way": 957707052, "fuente": "OpenStreetMap vía Overpass"}}, {"type": "Feature", "geometry": {"type": "LineString", "coordinates": [[-58.5208623, -34.458144], [-58.5208118, -34.4581966], [-58.5207028, -34.4583294], [-58.5201773, -34.4589405], [-58.519962, -34.4592099], [-58.5195032, -34.4598483], [-58.519401, -34.4599957], [-58.5193802, -34.4600311]]}, "properties": {"clase": "avenida", "nombre": "Avenida del Libertador", "osm_way": 958978871, "fuente": "OpenStreetMap vía Overpass"}}, {"type": "Feature", "geometry": {"type": "LineString", "coordinates": [[-58.4978646, -34.4769962], [-58.4979918, -34.4769282], [-58.4980524, -34.4768959]]}, "properties": {"clase": "avenida", "nombre": "Avenida del Libertador", "osm_way": 958993901, "fuente": "OpenStreetMap vía Overpass"}}, {"type": "Feature", "geometry": {"type": "LineString", "coordinates": [[-58.4980524, -34.4768959], [-58.4983332, -34.4767157], [-58.498473, -34.4766267]]}, "properties": {"clase": "avenida", "nombre": "Avenida del Libertador", "osm_way": 958993902, "fuente": "OpenStreetMap vía Overpass"}}, {"type": "Feature", "geometry": {"type": "LineString", "coordinates": [[-58.4897105, -34.4833467], [-58.4897777, -34.4832844]]}, "properties": {"clase": "avenida", "nombre": "Avenida del Libertador", "osm_way": 969318428, "fuente": "OpenStreetMap vía Overpass"}}, {"type": "Feature", "geometry": {"type": "LineString", "coordinates": [[-58.4897777, -34.4832844], [-58.4904369, -34.4826687]]}, "properties": {"clase": "avenida", "nombre": "Avenida del Libertador", "osm_way": 969318429, "fuente": "OpenStreetMap vía Overpass"}}, {"type": "Feature", "geometry": {"type": "LineString", "coordinates": [[-58.4895721, -34.4834734], [-58.4897105, -34.4833467]]}, "properties": {"clase": "avenida", "nombre": "Avenida del Libertador", "osm_way": 969318431, "fuente": "OpenStreetMap vía Overpass"}}, {"type": "Feature", "geometry": {"type": "LineString", "coordinates": [[-58.4996458, -34.4758585], [-58.4996975, -34.4758252], [-58.5002873, -34.4754394]]}, "properties": {"clase": "avenida", "nombre": "Avenida del Libertador", "osm_way": 969318731, "fuente": "OpenStreetMap vía Overpass"}}, {"type": "Feature", "geometry": {"type": "LineString", "coordinates": [[-58.4994274, -34.4760084], [-58.4995516, -34.4759244]]}, "properties": {"clase": "avenida", "nombre": "Avenida del Libertador", "osm_way": 969318734, "fuente": "OpenStreetMap vía Overpass"}}, {"type": "Feature", "geometry": {"type": "LineString", "coordinates": [[-58.4815453, -34.5030138], [-58.4816219, -34.5028475], [-58.4817016, -34.5026742], [-58.4817117, -34.5026501], [-58.481776, -34.5025035]]}, "properties": {"clase": "avenida", "nombre": "Avenida del Libertador", "osm_way": 969843937, "fuente": "OpenStreetMap vía Overpass"}}, {"type": "Feature", "geometry": {"type": "LineString", "coordinates": [[-58.4844359, -34.4958638], [-58.4845288, -34.4950245]]}, "properties": {"clase": "avenida", "nombre": "Avenida del Libertador", "osm_way": 969856007, "fuente": "OpenStreetMap vía Overpass"}}, {"type": "Feature", "geometry": {"type": "LineString", "coordinates": [[-58.4845315, -34.4943059], [-58.4845211, -34.4940347]]}, "properties": {"clase": "avenida", "nombre": "Avenida del Libertador", "osm_way": 969859177, "fuente": "OpenStreetMap vía Overpass"}}, {"type": "Feature", "geometry": {"type": "LineString", "coordinates": [[-58.4844908, -34.4934529], [-58.4844799, -34.4932488]]}, "properties": {"clase": "avenida", "nombre": "Avenida del Libertador", "osm_way": 969859225, "fuente": "OpenStreetMap vía Overpass"}}, {"type": "Feature", "geometry": {"type": "LineString", "coordinates": [[-58.503668, -34.4731798], [-58.5041926, -34.4728195], [-58.5043286, -34.4727271]]}, "properties": {"clase": "avenida", "nombre": "Avenida del Libertador", "osm_way": 969953930, "fuente": "OpenStreetMap vía Overpass"}}, {"type": "Feature", "geometry": {"type": "LineString", "coordinates": [[-58.4992152, -34.4761456], [-58.4993276, -34.4760713], [-58.4994274, -34.4760084]]}, "properties": {"clase": "avenida", "nombre": "Avenida del Libertador", "osm_way": 970065925, "fuente": "OpenStreetMap vía Overpass"}}, {"type": "Feature", "geometry": {"type": "LineString", "coordinates": [[-58.4987766, -34.4764305], [-58.4991445, -34.4761915], [-58.4992152, -34.4761456]]}, "properties": {"clase": "avenida", "nombre": "Avenida del Libertador", "osm_way": 970066459, "fuente": "OpenStreetMap vía Overpass"}}, {"type": "Feature", "geometry": {"type": "LineString", "coordinates": [[-58.4865597, -34.4863027], [-58.4867992, -34.4860769], [-58.4868705, -34.4860097]]}, "properties": {"clase": "avenida", "nombre": "Avenida del Libertador", "osm_way": 970114396, "fuente": "OpenStreetMap vía Overpass"}}, {"type": "Feature", "geometry": {"type": "LineString", "coordinates": [[-58.4868705, -34.4860097], [-58.486902, -34.4859804], [-58.4873674, -34.4855481], [-58.4874067, -34.4855116]]}, "properties": {"clase": "avenida", "nombre": "Avenida del Libertador", "osm_way": 970114429, "fuente": "OpenStreetMap vía Overpass"}}, {"type": "Feature", "geometry": {"type": "LineString", "coordinates": [[-58.4874067, -34.4855116], [-58.4875008, -34.4854245], [-58.487551, -34.4853781]]}, "properties": {"clase": "avenida", "nombre": "Avenida del Libertador", "osm_way": 970114781, "fuente": "OpenStreetMap vía Overpass"}}, {"type": "Feature", "geometry": {"type": "LineString", "coordinates": [[-58.4875971, -34.4853355], [-58.4876432, -34.4852944], [-58.4876717, -34.4852691], [-58.4877085, -34.4852363], [-58.4877424, -34.4852045]]}, "properties": {"clase": "avenida", "nombre": "Avenida del Libertador", "osm_way": 970114782, "fuente": "OpenStreetMap vía Overpass"}}, {"type": "Feature", "geometry": {"type": "LineString", "coordinates": [[-58.487551, -34.4853781], [-58.4875971, -34.4853355]]}, "properties": {"clase": "avenida", "nombre": "Avenida del Libertador", "osm_way": 970114783, "fuente": "OpenStreetMap vía Overpass"}}, {"type": "Feature", "geometry": {"type": "LineString", "coordinates": [[-58.4877424, -34.4852045], [-58.4881441, -34.484803], [-58.4882125, -34.4847346], [-58.488252, -34.484698], [-58.4886668, -34.4843137], [-58.4890702, -34.4839336], [-58.4891272, -34.4838799]]}, "properties": {"clase": "avenida", "nombre": "Avenida del Libertador", "osm_way": 970114801, "fuente": "OpenStreetMap vía Overpass"}}, {"type": "Feature", "geometry": {"type": "LineString", "coordinates": [[-58.4844799, -34.4932488], [-58.4844669, -34.4928777], [-58.4844631, -34.4927687], [-58.4844596, -34.4926682]]}, "properties": {"clase": "avenida", "nombre": "Avenida del Libertador", "osm_way": 970376718, "fuente": "OpenStreetMap vía Overpass"}}, {"type": "Feature", "geometry": {"type": "LineString", "coordinates": [[-58.4845288, -34.4950245], [-58.4845496, -34.4947378]]}, "properties": {"clase": "avenida", "nombre": "Avenida del Libertador", "osm_way": 970376812, "fuente": "OpenStreetMap vía Overpass"}}, {"type": "Feature", "geometry": {"type": "LineString", "coordinates": [[-58.4845496, -34.4947378], [-58.484537, -34.4944377], [-58.4845341, -34.4943692], [-58.4845315, -34.4943059]]}, "properties": {"clase": "avenida", "nombre": "Avenida del Libertador", "osm_way": 970376813, "fuente": "OpenStreetMap vía Overpass"}}, {"type": "Feature", "geometry": {"type": "LineString", "coordinates": [[-58.5056276, -34.4718851], [-58.5063068, -34.4714444], [-58.5063153, -34.4714389], [-58.5064179, -34.4713682], [-58.5065909, -34.471248]]}, "properties": {"clase": "avenida", "nombre": "Avenida del Libertador", "osm_way": 970377771, "fuente": "OpenStreetMap vía Overpass"}}, {"type": "Feature", "geometry": {"type": "LineString", "coordinates": [[-58.5043286, -34.4727271], [-58.5056276, -34.4718851]]}, "properties": {"clase": "avenida", "nombre": "Avenida del Libertador", "osm_way": 970379623, "fuente": "OpenStreetMap vía Overpass"}}, {"type": "Feature", "geometry": {"type": "LineString", "coordinates": [[-58.5030316, -34.4736215], [-58.5030931, -34.4735751], [-58.5032152, -34.473493], [-58.503668, -34.4731798]]}, "properties": {"clase": "avenida", "nombre": "Avenida del Libertador", "osm_way": 970379686, "fuente": "OpenStreetMap vía Overpass"}}, {"type": "Feature", "geometry": {"type": "LineString", "coordinates": [[-58.501931, -34.474358], [-58.5020796, -34.474264]]}, "properties": {"clase": "avenida", "nombre": "Avenida del Libertador", "osm_way": 970379988, "fuente": "OpenStreetMap vía Overpass"}}, {"type": "Feature", "geometry": {"type": "LineString", "coordinates": [[-58.5020796, -34.474264], [-58.5021531, -34.4742144], [-58.5022102, -34.4741759], [-58.5028239, -34.4737616], [-58.5029711, -34.4736602], [-58.5030316, -34.4736215]]}, "properties": {"clase": "avenida", "nombre": "Avenida del Libertador", "osm_way": 970379989, "fuente": "OpenStreetMap vía Overpass"}}, {"type": "Feature", "geometry": {"type": "LineString", "coordinates": [[-58.5017423, -34.474473], [-58.5017834, -34.474448], [-58.501931, -34.474358]]}, "properties": {"clase": "avenida", "nombre": "Avenida del Libertador", "osm_way": 970379990, "fuente": "OpenStreetMap vía Overpass"}}, {"type": "Feature", "geometry": {"type": "LineString", "coordinates": [[-58.468046, -34.5328071], [-58.468092, -34.532564], [-58.4681292, -34.532367], [-58.4682692, -34.5318937], [-58.4683532, -34.5316663], [-58.4684389, -34.531426], [-58.4684801, -34.531316]]}, "properties": {"clase": "avenida", "nombre": "Avenida del Libertador", "osm_way": 970455002, "fuente": "OpenStreetMap vía Overpass"}}, {"type": "Feature", "geometry": {"type": "LineString", "coordinates": [[-58.4643403, -34.5398829], [-58.4644218, -34.5397538], [-58.4645573, -34.5395385]]}, "properties": {"clase": "avenida", "nombre": "Avenida Del Libertador", "osm_way": 970505231, "fuente": "OpenStreetMap vía Overpass"}}, {"type": "Feature", "geometry": {"type": "LineString", "coordinates": [[-58.5014551, -34.5362602], [-58.5015863, -34.5360704]]}, "properties": {"clase": "autopista", "nombre": "Colectora Acceso Norte", "osm_way": 975277752, "fuente": "OpenStreetMap vía Overpass"}}, {"type": "Feature", "geometry": {"type": "LineString", "coordinates": [[-58.5064571, -34.5301914], [-58.5061688, -34.5306273]]}, "properties": {"clase": "autopista", "nombre": "Colectora Acceso Norte", "osm_way": 975292736, "fuente": "OpenStreetMap vía Overpass"}}, {"type": "Feature", "geometry": {"type": "LineString", "coordinates": [[-58.5726884, -34.4391944], [-58.5726365, -34.4392437]]}, "properties": {"clase": "avenida", "nombre": "", "osm_way": 975293187, "fuente": "OpenStreetMap vía Overpass"}}, {"type": "Feature", "geometry": {"type": "LineString", "coordinates": [[-58.5972833, -34.4446013], [-58.5972628, -34.4445726], [-58.5972497, -34.4445411], [-58.5972447, -34.4445081]]}, "properties": {"clase": "avenida", "nombre": "", "osm_way": 975295209, "fuente": "OpenStreetMap vía Overpass"}}, {"type": "Feature", "geometry": {"type": "LineString", "coordinates": [[-58.5975228, -34.4446542], [-58.5974574, -34.4446675]]}, "properties": {"clase": "avenida", "nombre": "", "osm_way": 975297749, "fuente": "OpenStreetMap vía Overpass"}}, {"type": "Feature", "geometry": {"type": "LineString", "coordinates": [[-58.4533375, -34.5501214], [-58.4536199, -34.5497842], [-58.4538817, -34.5495513]]}, "properties": {"clase": "avenida", "nombre": "Avenida Del Libertador", "osm_way": 1012322132, "fuente": "OpenStreetMap vía Overpass"}}, {"type": "Feature", "geometry": {"type": "LineString", "coordinates": [[-58.5706516, -34.5220426], [-58.5703523, -34.5213065]]}, "properties": {"clase": "avenida", "nombre": "Diagonal 190 - Brigadier General Juan Manuel de Rosas", "osm_way": 1013807201, "fuente": "OpenStreetMap vía Overpass"}}, {"type": "Feature", "geometry": {"type": "LineString", "coordinates": [[-58.570942, -34.5227724], [-58.5707014, -34.5221686], [-58.5706516, -34.5220426]]}, "properties": {"clase": "avenida", "nombre": "Diagonal 190 - Brigadier General Juan Manuel de Rosas", "osm_way": 1013807202, "fuente": "OpenStreetMap vía Overpass"}}, {"type": "Feature", "geometry": {"type": "LineString", "coordinates": [[-58.5624189, -34.5045353], [-58.5622816, -34.5043791], [-58.5622016, -34.5042822]]}, "properties": {"clase": "avenida", "nombre": "Avenida Avelino Rolón", "osm_way": 1016766221, "fuente": "OpenStreetMap vía Overpass"}}, {"type": "Feature", "geometry": {"type": "LineString", "coordinates": [[-58.5632544, -34.5054548], [-58.5631804, -34.5053734], [-58.5626282, -34.5047655], [-58.5625456, -34.5046756], [-58.5624835, -34.5046063], [-58.5624189, -34.5045353]]}, "properties": {"clase": "avenida", "nombre": "Avenida Avelino Rolón", "osm_way": 1016766222, "fuente": "OpenStreetMap vía Overpass"}}, {"type": "Feature", "geometry": {"type": "LineString", "coordinates": [[-58.4841739, -34.4982242], [-58.4842264, -34.4977207], [-58.4842389, -34.4976013]]}, "properties": {"clase": "avenida", "nombre": "Avenida del Libertador", "osm_way": 1019794339, "fuente": "OpenStreetMap vía Overpass"}}, {"type": "Feature", "geometry": {"type": "LineString", "coordinates": [[-58.5622016, -34.5042822], [-58.5617559, -34.5037296]]}, "properties": {"clase": "avenida", "nombre": "Avenida Avelino Rolón", "osm_way": 1026418455, "fuente": "OpenStreetMap vía Overpass"}}, {"type": "Feature", "geometry": {"type": "LineString", "coordinates": [[-58.6192585, -34.4876427], [-58.6183187, -34.4871825], [-58.6182418, -34.4871448]]}, "properties": {"clase": "avenida", "nombre": "Avenida Ángel Torcuato de Alvear", "osm_way": 1027017286, "fuente": "OpenStreetMap vía Overpass"}}, {"type": "Feature", "geometry": {"type": "LineString", "coordinates": [[-58.6171483, -34.4865635], [-58.6172354, -34.4866025], [-58.6181958, -34.4870318], [-58.6182804, -34.4870696]]}, "properties": {"clase": "avenida", "nombre": "Avenida Ángel Torcuato de Alvear", "osm_way": 1027024557, "fuente": "OpenStreetMap vía Overpass"}}, {"type": "Feature", "geometry": {"type": "LineString", "coordinates": [[-58.5022225, -34.5363434], [-58.5021629, -34.5364286]]}, "properties": {"clase": "autopista", "nombre": "Colectora Acceso Norte", "osm_way": 1027030366, "fuente": "OpenStreetMap vía Overpass"}}, {"type": "Feature", "geometry": {"type": "LineString", "coordinates": [[-58.4562934, -34.5475402], [-58.4565228, -34.5473488]]}, "properties": {"clase": "avenida", "nombre": "Avenida Del Libertador", "osm_way": 1027577092, "fuente": "OpenStreetMap vía Overpass"}}, {"type": "Feature", "geometry": {"type": "LineString", "coordinates": [[-58.5703284, -34.437817], [-58.570146, -34.437658]]}, "properties": {"clase": "avenida", "nombre": "Avenida Juan B. Justo", "osm_way": 1028535169, "fuente": "OpenStreetMap vía Overpass"}}, {"type": "Feature", "geometry": {"type": "LineString", "coordinates": [[-58.5704065, -34.4374097], [-58.5705563, -34.4375492]]}, "properties": {"clase": "avenida", "nombre": "Avenida Crisólogo Larralde", "osm_way": 1030542575, "fuente": "OpenStreetMap vía Overpass"}}, {"type": "Feature", "geometry": {"type": "LineString", "coordinates": [[-58.4779126, -34.511777], [-58.4782175, -34.5110943]]}, "properties": {"clase": "avenida", "nombre": "Avenida del Libertador", "osm_way": 1031674784, "fuente": "OpenStreetMap vía Overpass"}}, {"type": "Feature", "geometry": {"type": "LineString", "coordinates": [[-58.4569665, -34.5469912], [-58.4571497, -34.5468456], [-58.4572396, -34.5467725], [-58.4573201, -34.5467066]]}, "properties": {"clase": "avenida", "nombre": "Avenida Del Libertador", "osm_way": 1031834179, "fuente": "OpenStreetMap vía Overpass"}}, {"type": "Feature", "geometry": {"type": "LineString", "coordinates": [[-58.5653548, -34.4342763], [-58.5652014, -34.4341671]]}, "properties": {"clase": "avenida", "nombre": "Colón", "osm_way": 1036070334, "fuente": "OpenStreetMap vía Overpass"}}, {"type": "Feature", "geometry": {"type": "LineString", "coordinates": [[-58.5816713, -34.4409561], [-58.5815437, -34.4409865], [-58.5814951, -34.4409785], [-58.5805819, -34.4407858], [-58.5794182, -34.4405804], [-58.578181, -34.4403445]]}, "properties": {"clase": "avenida", "nombre": "Avenida Crisólogo Larralde", "osm_way": 1036110921, "fuente": "OpenStreetMap vía Overpass"}}, {"type": "Feature", "geometry": {"type": "LineString", "coordinates": [[-58.5783004, -34.4402187], [-58.5794752, -34.4404566], [-58.5804734, -34.4406467], [-58.5806184, -34.4406743], [-58.5813088, -34.4408193], [-58.5815999, -34.4408847], [-58.5816713, -34.4409561]]}, "properties": {"clase": "avenida", "nombre": "Avenida Crisólogo Larralde", "osm_way": 1036110923, "fuente": "OpenStreetMap vía Overpass"}}, {"type": "Feature", "geometry": {"type": "LineString", "coordinates": [[-58.5716984, -34.4382799], [-58.5724123, -34.4387366], [-58.5725736, -34.4388422]]}, "properties": {"clase": "avenida", "nombre": "Avenida Crisólogo Larralde", "osm_way": 1036111988, "fuente": "OpenStreetMap vía Overpass"}}, {"type": "Feature", "geometry": {"type": "LineString", "coordinates": [[-58.5975754, -34.473717], [-58.5977027, -34.4743329], [-58.5977945, -34.4747357], [-58.5977813, -34.4748792]]}, "properties": {"clase": "avenida", "nombre": "Avenida Hipólito Yrigoyen", "osm_way": 1036378197, "fuente": "OpenStreetMap vía Overpass"}}, {"type": "Feature", "geometry": {"type": "LineString", "coordinates": [[-58.597504, -34.4737306], [-58.5974575, -34.4735293], [-58.597295, -34.4728924], [-58.597221, -34.4726099]]}, "properties": {"clase": "avenida", "nombre": "Avenida Hipólito Yrigoyen", "osm_way": 1036378199, "fuente": "OpenStreetMap vía Overpass"}}, {"type": "Feature", "geometry": {"type": "LineString", "coordinates": [[-58.528928, -34.5299153], [-58.5286814, -34.5299594], [-58.5285218, -34.5299936], [-58.5283688, -34.5300311]]}, "properties": {"clase": "ferrocarril", "nombre": "", "osm_way": 1044273843, "fuente": "OpenStreetMap vía Overpass"}}, {"type": "Feature", "geometry": {"type": "LineString", "coordinates": [[-58.5147513, -34.536312], [-58.5145871, -34.5363882], [-58.5142867, -34.536513], [-58.5141763, -34.536559]]}, "properties": {"clase": "ferrocarril", "nombre": "", "osm_way": 1044273848, "fuente": "OpenStreetMap vía Overpass"}}, {"type": "Feature", "geometry": {"type": "LineString", "coordinates": [[-58.4806071, -34.538816], [-58.4803855, -34.5386971], [-58.4800476, -34.5385092], [-58.4797635, -34.5383384], [-58.4795571, -34.538225]]}, "properties": {"clase": "ferrocarril", "nombre": "", "osm_way": 1044273849, "fuente": "OpenStreetMap vía Overpass"}}, {"type": "Feature", "geometry": {"type": "LineString", "coordinates": [[-58.4812436, -34.5390675], [-58.4810936, -34.5390075], [-58.4808207, -34.5389064], [-58.480658, -34.538839]]}, "properties": {"clase": "ferrocarril", "nombre": "", "osm_way": 1044273850, "fuente": "OpenStreetMap vía Overpass"}}, {"type": "Feature", "geometry": {"type": "LineString", "coordinates": [[-58.6018293, -34.4812304], [-58.6016911, -34.4813852], [-58.6016335, -34.4814416], [-58.6015267, -34.4815612]]}, "properties": {"clase": "ferrocarril", "nombre": "", "osm_way": 1044402868, "fuente": "OpenStreetMap vía Overpass"}}, {"type": "Feature", "geometry": {"type": "LineString", "coordinates": [[-58.5687431, -34.5174127], [-58.5687173, -34.5173502]]}, "properties": {"clase": "avenida", "nombre": "Diagonal 190 - Brigadier General Juan Manuel de Rosas", "osm_way": 1050884923, "fuente": "OpenStreetMap vía Overpass"}}, {"type": "Feature", "geometry": {"type": "LineString", "coordinates": [[-58.5824679, -34.4558312], [-58.5834759, -34.4562499], [-58.5839553, -34.456449], [-58.5840588, -34.456492]]}, "properties": {"clase": "avenida", "nombre": "Avenida Hipólito Yrigoyen", "osm_way": 1050988316, "fuente": "OpenStreetMap vía Overpass"}}, {"type": "Feature", "geometry": {"type": "LineString", "coordinates": [[-58.5789482, -34.4544306], [-58.5779309, -34.4539956], [-58.5769504, -34.4536041]]}, "properties": {"clase": "avenida", "nombre": "Avenida Hipólito Yrigoyen", "osm_way": 1051169944, "fuente": "OpenStreetMap vía Overpass"}}, {"type": "Feature", "geometry": {"type": "LineString", "coordinates": [[-58.4795154, -34.5080877], [-58.4798943, -34.507157]]}, "properties": {"clase": "avenida", "nombre": "Avenida del Libertador", "osm_way": 1063110003, "fuente": "OpenStreetMap vía Overpass"}}, {"type": "Feature", "geometry": {"type": "LineString", "coordinates": [[-58.4798991, -34.5093711], [-58.4796449, -34.5098353]]}, "properties": {"clase": "ferrocarril", "nombre": "", "osm_way": 1063114885, "fuente": "OpenStreetMap vía Overpass"}}, {"type": "Feature", "geometry": {"type": "LineString", "coordinates": [[-58.519404, -34.4778178], [-58.5194742, -34.4778536], [-58.5204992, -34.4783763]]}, "properties": {"clase": "avenida", "nombre": "Avenida Bernabé Márquez", "osm_way": 1065759190, "fuente": "OpenStreetMap vía Overpass"}}, {"type": "Feature", "geometry": {"type": "LineString", "coordinates": [[-58.5153186, -34.4756995], [-58.5153599, -34.4757214], [-58.5157956, -34.4759526], [-58.5158314, -34.4759716], [-58.5159052, -34.4760109], [-58.5159787, -34.4760493], [-58.517076, -34.4766212], [-58.5171613, -34.4766657], [-58.5172169, -34.4766941], [-58.5184201, -34.4773084]]}, "properties": {"clase": "avenida", "nombre": "Avenida Bernabé Márquez", "osm_way": 1065759191, "fuente": "OpenStreetMap vía Overpass"}}, {"type": "Feature", "geometry": {"type": "LineString", "coordinates": [[-58.5204992, -34.4783763], [-58.5210053, -34.4786435], [-58.5210267, -34.4786551], [-58.5212038, -34.4787483]]}, "properties": {"clase": "avenida", "nombre": "Avenida Bernabé Márquez", "osm_way": 1065759193, "fuente": "OpenStreetMap vía Overpass"}}, {"type": "Feature", "geometry": {"type": "LineString", "coordinates": [[-58.5184201, -34.4773084], [-58.5185143, -34.4773575], [-58.5192455, -34.4777382], [-58.5192793, -34.4777552], [-58.519328, -34.4777797], [-58.519404, -34.4778178]]}, "properties": {"clase": "avenida", "nombre": "Avenida Bernabé Márquez", "osm_way": 1065759194, "fuente": "OpenStreetMap vía Overpass"}}, {"type": "Feature", "geometry": {"type": "LineString", "coordinates": [[-58.5123732, -34.4732901], [-58.5122612, -34.4733866], [-58.512153, -34.4734734], [-58.5120181, -34.4735883]]}, "properties": {"clase": "ferrocarril", "nombre": "", "osm_way": 1066004289, "fuente": "OpenStreetMap vía Overpass"}}, {"type": "Feature", "geometry": {"type": "LineString", "coordinates": [[-58.5147193, -34.4708495], [-58.5144523, -34.4710803], [-58.514342, -34.471182]]}, "properties": {"clase": "ferrocarril", "nombre": "", "osm_way": 1066004290, "fuente": "OpenStreetMap vía Overpass"}}, {"type": "Feature", "geometry": {"type": "LineString", "coordinates": [[-58.4635266, -34.5472977], [-58.463784, -34.5469424]]}, "properties": {"clase": "ferrocarril", "nombre": "", "osm_way": 1076228314, "fuente": "OpenStreetMap vía Overpass"}}, {"type": "Feature", "geometry": {"type": "LineString", "coordinates": [[-58.4906472, -34.5166667], [-58.4908661, -34.516989]]}, "properties": {"clase": "ferrocarril", "nombre": "", "osm_way": 1091039265, "fuente": "OpenStreetMap vía Overpass"}}, {"type": "Feature", "geometry": {"type": "LineString", "coordinates": [[-58.5843849, -34.5230499], [-58.5841315, -34.5235634]]}, "properties": {"clase": "ferrocarril", "nombre": "", "osm_way": 1091039266, "fuente": "OpenStreetMap vía Overpass"}}, {"type": "Feature", "geometry": {"type": "LineString", "coordinates": [[-58.5806408, -34.529828], [-58.5806779, -34.5296658], [-58.5807229, -34.5294008], [-58.5807463, -34.5292723], [-58.5807874, -34.5290862], [-58.5807925, -34.5290631], [-58.5808225, -34.5289568], [-58.5808915, -34.528765], [-58.5809617, -34.5286003], [-58.581122, -34.5282799], [-58.5812597, -34.5280201], [-58.5813335, -34.5278831], [-58.5814926, -34.5276072], [-58.581769, -34.5272148]]}, "properties": {"clase": "ferrocarril", "nombre": "", "osm_way": 1091039267, "fuente": "OpenStreetMap vía Overpass"}}, {"type": "Feature", "geometry": {"type": "LineString", "coordinates": [[-58.5675856, -34.5127776], [-58.567652, -34.5128738], [-58.5678199, -34.513482], [-58.5678612, -34.5136676]]}, "properties": {"clase": "avenida", "nombre": "Avenida Avelino Rolón", "osm_way": 1091718627, "fuente": "OpenStreetMap vía Overpass"}}, {"type": "Feature", "geometry": {"type": "LineString", "coordinates": [[-58.5683794, -34.5158372], [-58.5685253, -34.5164174], [-58.5687172, -34.5172281], [-58.5687173, -34.5173502]]}, "properties": {"clase": "avenida", "nombre": "Avenida Avelino Rolón", "osm_way": 1091723917, "fuente": "OpenStreetMap vía Overpass"}}, {"type": "Feature", "geometry": {"type": "LineString", "coordinates": [[-58.5680838, -34.514579], [-58.5683, -34.5154916], [-58.5683794, -34.5158372]]}, "properties": {"clase": "avenida", "nombre": "Avenida Avelino Rolón", "osm_way": 1091724586, "fuente": "OpenStreetMap vía Overpass"}}, {"type": "Feature", "geometry": {"type": "LineString", "coordinates": [[-58.5678612, -34.5136676], [-58.5680838, -34.514579]]}, "properties": {"clase": "avenida", "nombre": "Avenida Avelino Rolón", "osm_way": 1091724588, "fuente": "OpenStreetMap vía Overpass"}}, {"type": "Feature", "geometry": {"type": "LineString", "coordinates": [[-58.5239494, -34.4801687], [-58.5241056, -34.4802498], [-58.5242313, -34.4803147], [-58.5246867, -34.4805512], [-58.5247533, -34.4805854], [-58.5248578, -34.4806396], [-58.5270532, -34.4817782], [-58.5271581, -34.481835], [-58.5271784, -34.4818455]]}, "properties": {"clase": "avenida", "nombre": "Avenida Bernabé Márquez", "osm_way": 1099844182, "fuente": "OpenStreetMap vía Overpass"}}, {"type": "Feature", "geometry": {"type": "LineString", "coordinates": [[-58.5536901, -34.4975404], [-58.5536058, -34.4974972], [-58.5535321, -34.4974563], [-58.5534495, -34.4974061]]}, "properties": {"clase": "avenida", "nombre": "Puente Márquez", "osm_way": 1125987465, "fuente": "OpenStreetMap vía Overpass"}}, {"type": "Feature", "geometry": {"type": "LineString", "coordinates": [[-58.5445055, -34.4568562], [-58.5441841, -34.4567557], [-58.5440474, -34.456704], [-58.5437949, -34.4566017]]}, "properties": {"clase": "ferrocarril", "nombre": "Mitre", "osm_way": 1150358105, "fuente": "OpenStreetMap vía Overpass"}}, {"type": "Feature", "geometry": {"type": "LineString", "coordinates": [[-58.5447907, -34.4568564], [-58.5446016, -34.4568052], [-58.5444105, -34.4567267], [-58.5439805, -34.4565343]]}, "properties": {"clase": "ferrocarril", "nombre": "Mitre", "osm_way": 1150358107, "fuente": "OpenStreetMap vía Overpass"}}, {"type": "Feature", "geometry": {"type": "LineString", "coordinates": [[-58.5447962, -34.4568048], [-58.5446795, -34.456766], [-58.5445805, -34.4567276], [-58.5440365, -34.4564492]]}, "properties": {"clase": "ferrocarril", "nombre": "Mitre", "osm_way": 1150358108, "fuente": "OpenStreetMap vía Overpass"}}, {"type": "Feature", "geometry": {"type": "LineString", "coordinates": [[-58.5447962, -34.4568048], [-58.544614, -34.4566961], [-58.5444078, -34.4565769], [-58.5440664, -34.4564037]]}, "properties": {"clase": "ferrocarril", "nombre": "Mitre", "osm_way": 1150358109, "fuente": "OpenStreetMap vía Overpass"}}, {"type": "Feature", "geometry": {"type": "LineString", "coordinates": [[-58.5447907, -34.4568564], [-58.5446066, -34.4567708], [-58.5442615, -34.4566088], [-58.5440086, -34.4564916]]}, "properties": {"clase": "ferrocarril", "nombre": "Mitre", "osm_way": 1150358112, "fuente": "OpenStreetMap vía Overpass"}}, {"type": "Feature", "geometry": {"type": "LineString", "coordinates": [[-58.5454346, -34.4565742], [-58.5455319, -34.4566497], [-58.5456166, -34.456701], [-58.5458569, -34.4568231], [-58.5459864, -34.4568889]]}, "properties": {"clase": "ferrocarril", "nombre": "Mitre", "osm_way": 1150358115, "fuente": "OpenStreetMap vía Overpass"}}, {"type": "Feature", "geometry": {"type": "LineString", "coordinates": [[-58.5472517, -34.4571533], [-58.5452413, -34.4561884]]}, "properties": {"clase": "ferrocarril", "nombre": "Mitre", "osm_way": 1150358117, "fuente": "OpenStreetMap vía Overpass"}}, {"type": "Feature", "geometry": {"type": "LineString", "coordinates": [[-58.5452925, -34.4561156], [-58.5473094, -34.4570736]]}, "properties": {"clase": "ferrocarril", "nombre": "Mitre", "osm_way": 1150358118, "fuente": "OpenStreetMap vía Overpass"}}, {"type": "Feature", "geometry": {"type": "LineString", "coordinates": [[-58.5453203, -34.4560761], [-58.5473382, -34.4570341]]}, "properties": {"clase": "ferrocarril", "nombre": "Mitre", "osm_way": 1150358120, "fuente": "OpenStreetMap vía Overpass"}}, {"type": "Feature", "geometry": {"type": "LineString", "coordinates": [[-58.5481047, -34.4579681], [-58.5479504, -34.4578368], [-58.5477962, -34.4577215], [-58.5476398, -34.4576232], [-58.5475108, -34.457548], [-58.5454346, -34.4565742], [-58.5452921, -34.4564947]]}, "properties": {"clase": "ferrocarril", "nombre": "Mitre", "osm_way": 1150358121, "fuente": "OpenStreetMap vía Overpass"}}, {"type": "Feature", "geometry": {"type": "LineString", "coordinates": [[-58.545164, -34.456326], [-58.5452411, -34.4563887], [-58.5452804, -34.4564207], [-58.5453997, -34.4564972], [-58.5475907, -34.4575397], [-58.5477989, -34.4576783], [-58.5479901, -34.4578252]]}, "properties": {"clase": "ferrocarril", "nombre": "Mitre", "osm_way": 1150358122, "fuente": "OpenStreetMap vía Overpass"}}, {"type": "Feature", "geometry": {"type": "LineString", "coordinates": [[-58.545164, -34.456326], [-58.5471587, -34.4572865], [-58.5475762, -34.4574783], [-58.547753, -34.457593], [-58.5479026, -34.4577161], [-58.5479901, -34.4578252], [-58.5481047, -34.4579681]]}, "properties": {"clase": "ferrocarril", "nombre": "Mitre", "osm_way": 1150358123, "fuente": "OpenStreetMap vía Overpass"}}, {"type": "Feature", "geometry": {"type": "LineString", "coordinates": [[-58.5468735, -34.4577807], [-58.5467138, -34.4577242], [-58.5465247, -34.4576358], [-58.5463098, -34.4575231], [-58.5462053, -34.4574443], [-58.5461629, -34.4574083], [-58.5458518, -34.4570877], [-58.5457583, -34.4570023], [-58.5456646, -34.4569118], [-58.5456109, -34.4568545], [-58.5455399, -34.4567848], [-58.5454197, -34.4566342], [-58.5452921, -34.4564947]]}, "properties": {"clase": "ferrocarril", "nombre": "Mitre", "osm_way": 1150358124, "fuente": "OpenStreetMap vía Overpass"}}, {"type": "Feature", "geometry": {"type": "LineString", "coordinates": [[-58.5453759, -34.455997], [-58.5473943, -34.4569536]]}, "properties": {"clase": "ferrocarril", "nombre": "Mitre", "osm_way": 1150358136, "fuente": "OpenStreetMap vía Overpass"}}, {"type": "Feature", "geometry": {"type": "LineString", "coordinates": [[-58.5454043, -34.4559566], [-58.5474218, -34.4569153]]}, "properties": {"clase": "ferrocarril", "nombre": "Mitre", "osm_way": 1150358137, "fuente": "OpenStreetMap vía Overpass"}}, {"type": "Feature", "geometry": {"type": "LineString", "coordinates": [[-58.5453474, -34.4560376], [-58.5473677, -34.4569897]]}, "properties": {"clase": "ferrocarril", "nombre": "Mitre", "osm_way": 1150358139, "fuente": "OpenStreetMap vía Overpass"}}, {"type": "Feature", "geometry": {"type": "LineString", "coordinates": [[-58.5426769, -34.4557767], [-58.5425263, -34.455819], [-58.5424361, -34.4558405], [-58.542246, -34.4559053], [-58.5419935, -34.4560038]]}, "properties": {"clase": "ferrocarril", "nombre": "Mitre", "osm_way": 1150358141, "fuente": "OpenStreetMap vía Overpass"}}, {"type": "Feature", "geometry": {"type": "LineString", "coordinates": [[-58.5454624, -34.455874], [-58.5474776, -34.456837]]}, "properties": {"clase": "ferrocarril", "nombre": "Mitre", "osm_way": 1150358142, "fuente": "OpenStreetMap vía Overpass"}}, {"type": "Feature", "geometry": {"type": "LineString", "coordinates": [[-58.5501151, -34.4602728], [-58.5498732, -34.4601187]]}, "properties": {"clase": "ferrocarril", "nombre": "", "osm_way": 1150358143, "fuente": "OpenStreetMap vía Overpass"}}, {"type": "Feature", "geometry": {"type": "LineString", "coordinates": [[-58.5503761, -34.4603985], [-58.5499384, -34.4602369]]}, "properties": {"clase": "ferrocarril", "nombre": "", "osm_way": 1150358145, "fuente": "OpenStreetMap vía Overpass"}}, {"type": "Feature", "geometry": {"type": "LineString", "coordinates": [[-58.5408479, -34.4564622], [-58.5407705, -34.4564674], [-58.5406526, -34.4564783], [-58.5405495, -34.4564812]]}, "properties": {"clase": "ferrocarril", "nombre": "Mitre", "osm_way": 1150358146, "fuente": "OpenStreetMap vía Overpass"}}, {"type": "Feature", "geometry": {"type": "LineString", "coordinates": [[-58.5454321, -34.4559171], [-58.5466105, -34.4564801], [-58.5474484, -34.4568778]]}, "properties": {"clase": "ferrocarril", "nombre": "Mitre", "osm_way": 1150598119, "fuente": "OpenStreetMap vía Overpass"}}, {"type": "Feature", "geometry": {"type": "LineString", "coordinates": [[-58.5489763, -34.4595884], [-58.5490186, -34.4596335], [-58.5491819, -34.4597572], [-58.5493746, -34.4598796]]}, "properties": {"clase": "ferrocarril", "nombre": "Mitre", "osm_way": 1150598120, "fuente": "OpenStreetMap vía Overpass"}}, {"type": "Feature", "geometry": {"type": "LineString", "coordinates": [[-58.5452567, -34.4565358], [-58.5451513, -34.456444], [-58.5450481, -34.4563743], [-58.5446993, -34.4562044], [-58.5442577, -34.4560158]]}, "properties": {"clase": "ferrocarril", "nombre": "Mitre", "osm_way": 1150598132, "fuente": "OpenStreetMap vía Overpass"}}, {"type": "Feature", "geometry": {"type": "LineString", "coordinates": [[-58.5452567, -34.4565358], [-58.5450219, -34.4564005], [-58.5450194, -34.456399], [-58.5446787, -34.4562384], [-58.5442333, -34.45605]]}, "properties": {"clase": "ferrocarril", "nombre": "Mitre", "osm_way": 1150598133, "fuente": "OpenStreetMap vía Overpass"}}, {"type": "Feature", "geometry": {"type": "LineString", "coordinates": [[-58.5454368, -34.456707], [-58.5452272, -34.4565615], [-58.5449897, -34.4564229], [-58.5447493, -34.4563143], [-58.544729, -34.456306], [-58.5442081, -34.4560853]]}, "properties": {"clase": "ferrocarril", "nombre": "Mitre", "osm_way": 1150598134, "fuente": "OpenStreetMap vía Overpass"}}, {"type": "Feature", "geometry": {"type": "LineString", "coordinates": [[-58.5454197, -34.4566342], [-58.5455139, -34.4567087], [-58.5455896, -34.4567608], [-58.5457234, -34.4568457]]}, "properties": {"clase": "ferrocarril", "nombre": "Mitre", "osm_way": 1150598135, "fuente": "OpenStreetMap vía Overpass"}}, {"type": "Feature", "geometry": {"type": "LineString", "coordinates": [[-58.5434568, -34.4569969], [-58.543544, -34.4570055], [-58.5436554, -34.4570165], [-58.5437155, -34.4570225], [-58.544409, -34.4570911], [-58.5449305, -34.457141]]}, "properties": {"clase": "ferrocarril", "nombre": "Mitre", "osm_way": 1150598138, "fuente": "OpenStreetMap vía Overpass"}}, {"type": "Feature", "geometry": {"type": "LineString", "coordinates": [[-58.5467509, -34.4578887], [-58.5455615, -34.4573008]]}, "properties": {"clase": "ferrocarril", "nombre": "Mitre", "osm_way": 1150598140, "fuente": "OpenStreetMap vía Overpass"}}, {"type": "Feature", "geometry": {"type": "LineString", "coordinates": [[-58.5467167, -34.4579375], [-58.545535, -34.457347]]}, "properties": {"clase": "ferrocarril", "nombre": "Mitre", "osm_way": 1150598141, "fuente": "OpenStreetMap vía Overpass"}}, {"type": "Feature", "geometry": {"type": "LineString", "coordinates": [[-58.5477618, -34.4587201], [-58.5476226, -34.4585956], [-58.5474487, -34.45844], [-58.5473908, -34.4583882], [-58.5472512, -34.4582847], [-58.5470958, -34.4581912], [-58.5466837, -34.4579854]]}, "properties": {"clase": "ferrocarril", "nombre": "Mitre", "osm_way": 1150598142, "fuente": "OpenStreetMap vía Overpass"}}, {"type": "Feature", "geometry": {"type": "LineString", "coordinates": [[-58.5479431, -34.4589796], [-58.5476325, -34.458692], [-58.5475614, -34.4586267], [-58.5474683, -34.4585411], [-58.5472973, -34.4584025], [-58.5471824, -34.458333], [-58.5471032, -34.4582851], [-58.5468414, -34.458152], [-58.5466412, -34.4580489]]}, "properties": {"clase": "ferrocarril", "nombre": "Mitre", "osm_way": 1150598143, "fuente": "OpenStreetMap vía Overpass"}}, {"type": "Feature", "geometry": {"type": "LineString", "coordinates": [[-58.546613, -34.4580863], [-58.5454425, -34.4574961]]}, "properties": {"clase": "ferrocarril", "nombre": "Mitre", "osm_way": 1150598144, "fuente": "OpenStreetMap vía Overpass"}}, {"type": "Feature", "geometry": {"type": "LineString", "coordinates": [[-58.5465766, -34.4581342], [-58.5454132, -34.4575423]]}, "properties": {"clase": "ferrocarril", "nombre": "Mitre", "osm_way": 1150598145, "fuente": "OpenStreetMap vía Overpass"}}, {"type": "Feature", "geometry": {"type": "LineString", "coordinates": [[-58.5481047, -34.4579681], [-58.5482601, -34.4581683], [-58.548397, -34.4583938], [-58.5484969, -34.4586473], [-58.5485907, -34.4589059], [-58.5486546, -34.4590505]]}, "properties": {"clase": "ferrocarril", "nombre": "Mitre", "osm_way": 1150598146, "fuente": "OpenStreetMap vía Overpass"}}, {"type": "Feature", "geometry": {"type": "LineString", "coordinates": [[-58.5479864, -34.4584553], [-58.5479607, -34.4584235], [-58.547835, -34.4582748], [-58.5477236, -34.4581766], [-58.5475909, -34.4580806], [-58.5474884, -34.4580204], [-58.5474124, -34.4579853], [-58.5472988, -34.4579397], [-58.5470761, -34.4578542], [-58.5468735, -34.4577807]]}, "properties": {"clase": "ferrocarril", "nombre": "Mitre", "osm_way": 1150598147, "fuente": "OpenStreetMap vía Overpass"}}, {"type": "Feature", "geometry": {"type": "LineString", "coordinates": [[-58.5467836, -34.4578144], [-58.5469606, -34.4578831], [-58.5469775, -34.4578897], [-58.547128, -34.4579489], [-58.5471665, -34.4579691], [-58.5473191, -34.4580443], [-58.5474088, -34.4581007], [-58.5475006, -34.4581671], [-58.5476085, -34.458256], [-58.5476984, -34.4583526], [-58.5478133, -34.4584985], [-58.5478339, -34.4585254]]}, "properties": {"clase": "ferrocarril", "nombre": "Mitre", "osm_way": 1150598148, "fuente": "OpenStreetMap vía Overpass"}}, {"type": "Feature", "geometry": {"type": "LineString", "coordinates": [[-58.5483215, -34.4589784], [-58.5479358, -34.4584779]]}, "properties": {"clase": "ferrocarril", "nombre": "Mitre", "osm_way": 1150598149, "fuente": "OpenStreetMap vía Overpass"}}, {"type": "Feature", "geometry": {"type": "LineString", "coordinates": [[-58.5482763, -34.4590044], [-58.5482952, -34.4590285], [-58.548372, -34.4591439], [-58.5484553, -34.4592595], [-58.5485319, -34.4593408], [-58.5486047, -34.4594096], [-58.5487883, -34.459545]]}, "properties": {"clase": "ferrocarril", "nombre": "Mitre", "osm_way": 1150598150, "fuente": "OpenStreetMap vía Overpass"}}, {"type": "Feature", "geometry": {"type": "LineString", "coordinates": [[-58.5481839, -34.4590541], [-58.5477849, -34.4585485]]}, "properties": {"clase": "ferrocarril", "nombre": "Mitre", "osm_way": 1150598151, "fuente": "OpenStreetMap vía Overpass"}}, {"type": "Feature", "geometry": {"type": "LineString", "coordinates": [[-58.5465247, -34.4576358], [-58.5460967, -34.4574874]]}, "properties": {"clase": "ferrocarril", "nombre": "Mitre", "osm_way": 1150598152, "fuente": "OpenStreetMap vía Overpass"}}, {"type": "Feature", "geometry": {"type": "LineString", "coordinates": [[-58.5437152, -34.455575], [-58.5436855, -34.4555786], [-58.5436682, -34.4555807], [-58.5436263, -34.4555864], [-58.5435553, -34.4555944], [-58.5435123, -34.4555995], [-58.5433485, -34.4556188], [-58.5432859, -34.4556261], [-58.5431411, -34.4556432], [-58.5430589, -34.455655], [-58.5429058, -34.4556771], [-58.5427832, -34.4556995], [-58.5426555, -34.4557229], [-58.542463, -34.4557674], [-58.5422637, -34.4558175]]}, "properties": {"clase": "ferrocarril", "nombre": "Mitre", "osm_way": 1150598157, "fuente": "OpenStreetMap vía Overpass"}}, {"type": "Feature", "geometry": {"type": "LineString", "coordinates": [[-58.5436228, -34.4556982], [-58.5434472, -34.4556861], [-58.5431888, -34.4556797], [-58.5430783, -34.4556793], [-58.5429733, -34.4556842], [-58.5427832, -34.4556995]]}, "properties": {"clase": "ferrocarril", "nombre": "Mitre", "osm_way": 1150598158, "fuente": "OpenStreetMap vía Overpass"}}, {"type": "Feature", "geometry": {"type": "LineString", "coordinates": [[-58.5427973, -34.4557554], [-58.543097, -34.4556974], [-58.5431888, -34.4556797], [-58.5433492, -34.4556419], [-58.5433884, -34.4556331], [-58.5436263, -34.4555864]]}, "properties": {"clase": "ferrocarril", "nombre": "Mitre", "osm_way": 1150598159, "fuente": "OpenStreetMap vía Overpass"}}, {"type": "Feature", "geometry": {"type": "LineString", "coordinates": [[-58.5483383, -34.4572972], [-58.5486213, -34.4574538], [-58.5487941, -34.457568], [-58.5489474, -34.4576982], [-58.5491104, -34.4578713], [-58.5492156, -34.4580057], [-58.5492814, -34.4581164], [-58.5493402, -34.4582327], [-58.5494551, -34.4585087]]}, "properties": {"clase": "ferrocarril", "nombre": "Mitre", "osm_way": 1150598162, "fuente": "OpenStreetMap vía Overpass"}}, {"type": "Feature", "geometry": {"type": "LineString", "coordinates": [[-58.549445, -34.4586671], [-58.5492794, -34.4582549], [-58.5492211, -34.4581474], [-58.5491574, -34.4580384], [-58.5490544, -34.4578952], [-58.548898, -34.4577249], [-58.548752, -34.457593], [-58.548674, -34.4575326], [-58.5483383, -34.4572972]]}, "properties": {"clase": "ferrocarril", "nombre": "Mitre", "osm_way": 1150598163, "fuente": "OpenStreetMap vía Overpass"}}, {"type": "Feature", "geometry": {"type": "LineString", "coordinates": [[-58.5476375, -34.4569224], [-58.5478576, -34.4570697], [-58.5479362, -34.4571329], [-58.5480133, -34.4571949], [-58.5481292, -34.4573224], [-58.5482554, -34.4574709], [-58.5483783, -34.4576848], [-58.5484298, -34.4577979], [-58.5484856, -34.4579519], [-58.5485264, -34.4581084], [-58.5485505, -34.4583259], [-58.5485541, -34.4583495], [-58.5485682, -34.4585009]]}, "properties": {"clase": "ferrocarril", "nombre": "Mitre", "osm_way": 1150598164, "fuente": "OpenStreetMap vía Overpass"}}, {"type": "Feature", "geometry": {"type": "LineString", "coordinates": [[-58.5482554, -34.4574709], [-58.5484026, -34.4576482], [-58.5484687, -34.4577552], [-58.5485278, -34.4578652], [-58.5486496, -34.4581121], [-58.5487148, -34.4582641], [-58.5488122, -34.4584754], [-58.5490848, -34.4591007]]}, "properties": {"clase": "ferrocarril", "nombre": "Mitre", "osm_way": 1150598165, "fuente": "OpenStreetMap vía Overpass"}}, {"type": "Feature", "geometry": {"type": "LineString", "coordinates": [[-58.5491324, -34.4590434], [-58.548873, -34.4584598], [-58.5487693, -34.4582397], [-58.5486965, -34.4580701], [-58.5485817, -34.4578466], [-58.5485178, -34.4577318], [-58.548447, -34.45762], [-58.5483606, -34.4575109], [-58.5482841, -34.4574275], [-58.5481621, -34.457317], [-58.5480133, -34.4571949]]}, "properties": {"clase": "ferrocarril", "nombre": "Mitre", "osm_way": 1150598166, "fuente": "OpenStreetMap vía Overpass"}}, {"type": "Feature", "geometry": {"type": "LineString", "coordinates": [[-58.5491756, -34.4589914], [-58.5489263, -34.4584274], [-58.5488185, -34.4582022], [-58.5487473, -34.4580484], [-58.5486246, -34.4578304], [-58.5484974, -34.4575879]]}, "properties": {"clase": "ferrocarril", "nombre": "Mitre", "osm_way": 1150598167, "fuente": "OpenStreetMap vía Overpass"}}, {"type": "Feature", "geometry": {"type": "LineString", "coordinates": [[-58.54922, -34.4589379], [-58.5489788, -34.4583861], [-58.5488748, -34.4581824], [-58.5488017, -34.4580287], [-58.548669, -34.4578156], [-58.5484974, -34.4575879]]}, "properties": {"clase": "ferrocarril", "nombre": "Mitre", "osm_way": 1150598168, "fuente": "OpenStreetMap vía Overpass"}}, {"type": "Feature", "geometry": {"type": "LineString", "coordinates": [[-58.5492667, -34.4588817], [-58.5490331, -34.4583615], [-58.548982, -34.4582581], [-58.548924, -34.4581565], [-58.5488491, -34.4580141], [-58.5487115, -34.4577999], [-58.548539, -34.4575736], [-58.5483686, -34.4574145], [-58.5482451, -34.4573193]]}, "properties": {"clase": "ferrocarril", "nombre": "Mitre", "osm_way": 1150598169, "fuente": "OpenStreetMap vía Overpass"}}, {"type": "Feature", "geometry": {"type": "LineString", "coordinates": [[-58.5493111, -34.4588283], [-58.5490898, -34.4583407], [-58.5490353, -34.4582354], [-58.5489762, -34.4581358], [-58.5488936, -34.4579861], [-58.5487579, -34.4577897], [-58.5486529, -34.4576553], [-58.5485786, -34.4575603], [-58.5484926, -34.4574675], [-58.5483401, -34.4573374], [-58.5483145, -34.4573176]]}, "properties": {"clase": "ferrocarril", "nombre": "Mitre", "osm_way": 1150598170, "fuente": "OpenStreetMap vía Overpass"}}, {"type": "Feature", "geometry": {"type": "LineString", "coordinates": [[-58.5493594, -34.4587702], [-58.5491495, -34.4583071], [-58.5490922, -34.4582042], [-58.5490281, -34.4581089], [-58.5489399, -34.4579565], [-58.5488001, -34.4577702], [-58.5486845, -34.457637], [-58.5486155, -34.4575643], [-58.5485122, -34.4574551]]}, "properties": {"clase": "ferrocarril", "nombre": "Mitre", "osm_way": 1150598171, "fuente": "OpenStreetMap vía Overpass"}}, {"type": "Feature", "geometry": {"type": "LineString", "coordinates": [[-58.5494032, -34.4587174], [-58.5492103, -34.4582814], [-58.549156, -34.4581756], [-58.5490925, -34.4580792], [-58.5489936, -34.4579245], [-58.5488442, -34.4577471], [-58.5487138, -34.457615], [-58.5486474, -34.4575503], [-58.5485122, -34.4574551]]}, "properties": {"clase": "ferrocarril", "nombre": "Mitre", "osm_way": 1150598172, "fuente": "OpenStreetMap vía Overpass"}}, {"type": "Feature", "geometry": {"type": "LineString", "coordinates": [[-58.5474484, -34.4568778], [-58.5476067, -34.4569664], [-58.5477576, -34.4570603], [-58.5478419, -34.4571202], [-58.5479204, -34.4571847], [-58.5480184, -34.4572691], [-58.5481061, -34.4573611], [-58.548204, -34.4574858], [-58.5482732, -34.4576019], [-58.5483322, -34.4577024], [-58.5483821, -34.4578092], [-58.5484415, -34.457964], [-58.5484918, -34.4581237], [-58.5485505, -34.4583259]]}, "properties": {"clase": "ferrocarril", "nombre": "Mitre", "osm_way": 1150598173, "fuente": "OpenStreetMap vía Overpass"}}, {"type": "Feature", "geometry": {"type": "LineString", "coordinates": [[-58.5474218, -34.4569153], [-58.5475725, -34.4570048], [-58.5477271, -34.4571042], [-58.5478094, -34.4571557], [-58.5478872, -34.4572176], [-58.5479846, -34.4573004], [-58.5480717, -34.4573906], [-58.5481561, -34.4575082], [-58.5482278, -34.4576245], [-58.5482851, -34.4577196], [-58.5483378, -34.4578254], [-58.5484171, -34.4579733], [-58.5484918, -34.4581237]]}, "properties": {"clase": "ferrocarril", "nombre": "Mitre", "osm_way": 1150598174, "fuente": "OpenStreetMap vía Overpass"}}, {"type": "Feature", "geometry": {"type": "LineString", "coordinates": [[-58.5480493, -34.4574453], [-58.5481185, -34.4575422], [-58.5481802, -34.4576502], [-58.5482421, -34.4577427], [-58.5482934, -34.4578402], [-58.5483766, -34.4579838], [-58.5484462, -34.4581335], [-58.5485682, -34.4585009]]}, "properties": {"clase": "ferrocarril", "nombre": "Mitre", "osm_way": 1150598175, "fuente": "OpenStreetMap vía Overpass"}}, {"type": "Feature", "geometry": {"type": "LineString", "coordinates": [[-58.5473677, -34.4569897], [-58.5475232, -34.4570882], [-58.5476785, -34.4571811], [-58.5477549, -34.4572271], [-58.5478291, -34.4572807], [-58.5479313, -34.4573523], [-58.5480493, -34.4574453]]}, "properties": {"clase": "ferrocarril", "nombre": "Mitre", "osm_way": 1150598176, "fuente": "OpenStreetMap vía Overpass"}}, {"type": "Feature", "geometry": {"type": "LineString", "coordinates": [[-58.5473382, -34.4570341], [-58.5475013, -34.4571236], [-58.5476553, -34.4572165], [-58.5477284, -34.457264], [-58.5477993, -34.4573144], [-58.5478988, -34.4573833], [-58.5479901, -34.4574604], [-58.5480711, -34.4575662], [-58.5481378, -34.4576711], [-58.5482004, -34.4577571], [-58.5482556, -34.4578494], [-58.5483389, -34.4579993], [-58.5484042, -34.4581479], [-58.5485263, -34.4585081]]}, "properties": {"clase": "ferrocarril", "nombre": "Mitre", "osm_way": 1150598177, "fuente": "OpenStreetMap vía Overpass"}}, {"type": "Feature", "geometry": {"type": "LineString", "coordinates": [[-58.5473094, -34.4570736], [-58.5474741, -34.4571657], [-58.5476272, -34.4572565], [-58.5476918, -34.4573006], [-58.5477622, -34.4573503], [-58.5478609, -34.4574177], [-58.5479505, -34.4574913], [-58.5480313, -34.4575865], [-58.5481032, -34.4576879], [-58.5481642, -34.4577754], [-58.5482192, -34.4578654], [-58.5483063, -34.45801], [-58.5483776, -34.4581558], [-58.5484195, -34.4582777]]}, "properties": {"clase": "ferrocarril", "nombre": "Mitre", "osm_way": 1150598178, "fuente": "OpenStreetMap vía Overpass"}}, {"type": "Feature", "geometry": {"type": "LineString", "coordinates": [[-58.5472803, -34.4571145], [-58.5474478, -34.4572016], [-58.5475987, -34.4572927], [-58.5476623, -34.4573359], [-58.5477305, -34.4573823], [-58.5478279, -34.4574479], [-58.5479178, -34.457521], [-58.5480003, -34.4576085], [-58.5480753, -34.4577009], [-58.5481412, -34.4578034], [-58.5482071, -34.4579109]]}, "properties": {"clase": "ferrocarril", "nombre": "Mitre", "osm_way": 1150598179, "fuente": "OpenStreetMap vía Overpass"}}, {"type": "Feature", "geometry": {"type": "LineString", "coordinates": [[-58.5472517, -34.4571533], [-58.5474212, -34.4572407], [-58.5475754, -34.4573297], [-58.5477013, -34.457414], [-58.5477978, -34.457478], [-58.5478868, -34.4575471], [-58.5479648, -34.457621], [-58.5480352, -34.4576999]]}, "properties": {"clase": "ferrocarril", "nombre": "Mitre", "osm_way": 1150598180, "fuente": "OpenStreetMap vía Overpass"}}, {"type": "Feature", "geometry": {"type": "LineString", "coordinates": [[-58.5472279, -34.4571885], [-58.5473977, -34.4572747], [-58.5475571, -34.4573626], [-58.5476778, -34.4574405], [-58.5477726, -34.4575], [-58.54786, -34.4575669], [-58.5480352, -34.4576999]]}, "properties": {"clase": "ferrocarril", "nombre": "Mitre", "osm_way": 1150598181, "fuente": "OpenStreetMap vía Overpass"}}, {"type": "Feature", "geometry": {"type": "LineString", "coordinates": [[-58.5443488, -34.4568732], [-58.5441378, -34.4568658], [-58.5440416, -34.4568593], [-58.5439354, -34.4568428], [-58.5438596, -34.4568225], [-58.5437931, -34.4568001], [-58.5437587, -34.456787], [-58.5436786, -34.4567566]]}, "properties": {"clase": "ferrocarril", "nombre": "Mitre", "osm_way": 1150598182, "fuente": "OpenStreetMap vía Overpass"}}, {"type": "Feature", "geometry": {"type": "LineString", "coordinates": [[-58.5443488, -34.4568732], [-58.5440654, -34.4568277], [-58.5439687, -34.4568026], [-58.54388, -34.456772], [-58.5437188, -34.4567032]]}, "properties": {"clase": "ferrocarril", "nombre": "Mitre", "osm_way": 1150598183, "fuente": "OpenStreetMap vía Overpass"}}, {"type": "Feature", "geometry": {"type": "LineString", "coordinates": [[-58.5445055, -34.4568562], [-58.5443223, -34.4568287], [-58.5441917, -34.456807], [-58.5439555, -34.4567367], [-58.5437561, -34.4566535]]}, "properties": {"clase": "ferrocarril", "nombre": "Mitre", "osm_way": 1150598184, "fuente": "OpenStreetMap vía Overpass"}}, {"type": "Feature", "geometry": {"type": "LineString", "coordinates": [[-58.5437522, -34.4557031], [-58.5437153, -34.4557017], [-58.5436303, -34.4556985], [-58.5436228, -34.4556982], [-58.5435648, -34.4557001], [-58.5433868, -34.4557015], [-58.5432137, -34.4557083], [-58.5430524, -34.4557258], [-58.5427973, -34.4557554], [-58.5426769, -34.4557767], [-58.5422765, -34.4558457]]}, "properties": {"clase": "ferrocarril", "nombre": "Mitre", "osm_way": 1150784786, "fuente": "OpenStreetMap vía Overpass"}}, {"type": "Feature", "geometry": {"type": "LineString", "coordinates": [[-58.545032, -34.4569411], [-58.5447962, -34.4568048]]}, "properties": {"clase": "ferrocarril", "nombre": "Mitre", "osm_way": 1150784787, "fuente": "OpenStreetMap vía Overpass"}}, {"type": "Feature", "geometry": {"type": "LineString", "coordinates": [[-58.5488985, -34.4594992], [-58.5488431, -34.4594515], [-58.548793, -34.4594102]]}, "properties": {"clase": "ferrocarril", "nombre": "Mitre", "osm_way": 1150784790, "fuente": "OpenStreetMap vía Overpass"}}, {"type": "Feature", "geometry": {"type": "LineString", "coordinates": [[-58.548482, -34.459365], [-58.548637, -34.4594785], [-58.5487461, -34.4595522]]}, "properties": {"clase": "ferrocarril", "nombre": "Mitre", "osm_way": 1150784791, "fuente": "OpenStreetMap vía Overpass"}}, {"type": "Feature", "geometry": {"type": "LineString", "coordinates": [[-58.5473943, -34.4569536], [-58.5475461, -34.4570509], [-58.5477002, -34.4571428], [-58.5477815, -34.4571947], [-58.5478593, -34.4572513], [-58.5479461, -34.4573244], [-58.5480149, -34.4573999], [-58.5480493, -34.4574453]]}, "properties": {"clase": "ferrocarril", "nombre": "Mitre", "osm_way": 1150784792, "fuente": "OpenStreetMap vía Overpass"}}, {"type": "Feature", "geometry": {"type": "LineString", "coordinates": [[-58.5485263, -34.4585081], [-58.5485379, -34.4585492], [-58.5485582, -34.4586214], [-58.5486068, -34.4588147]]}, "properties": {"clase": "ferrocarril", "nombre": "Mitre", "osm_way": 1150784793, "fuente": "OpenStreetMap vía Overpass"}}, {"type": "Feature", "geometry": {"type": "LineString", "coordinates": [[-58.5482071, -34.4579109], [-58.5482305, -34.4579467], [-58.5482569, -34.457987], [-58.5482807, -34.4580234], [-58.5483191, -34.4580887], [-58.5483598, -34.4581605], [-58.5484195, -34.4582777]]}, "properties": {"clase": "ferrocarril", "nombre": "Mitre", "osm_way": 1150784794, "fuente": "OpenStreetMap vía Overpass"}}, {"type": "Feature", "geometry": {"type": "LineString", "coordinates": [[-58.5440392, -34.4557272], [-58.5442929, -34.4557695], [-58.5444869, -34.4558121]]}, "properties": {"clase": "ferrocarril", "nombre": "Mitre", "osm_way": 1150784795, "fuente": "OpenStreetMap vía Overpass"}}, {"type": "Feature", "geometry": {"type": "LineString", "coordinates": [[-58.5480352, -34.4576999], [-58.5480458, -34.4577126], [-58.548128, -34.4578111], [-58.5482071, -34.4579109]]}, "properties": {"clase": "ferrocarril", "nombre": "Mitre", "osm_way": 1150784796, "fuente": "OpenStreetMap vía Overpass"}}, {"type": "Feature", "geometry": {"type": "LineString", "coordinates": [[-58.5485682, -34.4585009], [-58.5485727, -34.4585484], [-58.5485968, -34.458746], [-58.5486068, -34.4588147], [-58.5486189, -34.4588981], [-58.5486546, -34.4590505]]}, "properties": {"clase": "ferrocarril", "nombre": "Mitre", "osm_way": 1150784797, "fuente": "OpenStreetMap vía Overpass"}}, {"type": "Feature", "geometry": {"type": "LineString", "coordinates": [[-58.5474776, -34.456837], [-58.5475589, -34.4568781], [-58.5476375, -34.4569224]]}, "properties": {"clase": "ferrocarril", "nombre": "Mitre", "osm_way": 1150784798, "fuente": "OpenStreetMap vía Overpass"}}, {"type": "Feature", "geometry": {"type": "LineString", "coordinates": [[-58.5437522, -34.4557031], [-58.5440392, -34.4557272]]}, "properties": {"clase": "ferrocarril", "nombre": "Mitre", "osm_way": 1150784799, "fuente": "OpenStreetMap vía Overpass"}}, {"type": "Feature", "geometry": {"type": "LineString", "coordinates": [[-58.5442991, -34.4558253], [-58.5441613, -34.4557839], [-58.5441273, -34.4557762], [-58.5439788, -34.4557425], [-58.5437522, -34.4557031]]}, "properties": {"clase": "ferrocarril", "nombre": "Mitre", "osm_way": 1150784800, "fuente": "OpenStreetMap vía Overpass"}}, {"type": "Feature", "geometry": {"type": "LineString", "coordinates": [[-58.545164, -34.456326], [-58.5450106, -34.456223]]}, "properties": {"clase": "ferrocarril", "nombre": "Mitre", "osm_way": 1150784801, "fuente": "OpenStreetMap vía Overpass"}}, {"type": "Feature", "geometry": {"type": "LineString", "coordinates": [[-58.5439455, -34.4573471], [-58.5438131, -34.4572762], [-58.5437065, -34.4572073], [-58.5435842, -34.4571371]]}, "properties": {"clase": "ferrocarril", "nombre": "FC Mitre", "osm_way": 1150784802, "fuente": "OpenStreetMap vía Overpass"}}, {"type": "Feature", "geometry": {"type": "LineString", "coordinates": [[-58.5479117, -34.4588997], [-58.5477618, -34.4587201], [-58.5476474, -34.4585829], [-58.5475632, -34.4584819], [-58.5474198, -34.4583411]]}, "properties": {"clase": "ferrocarril", "nombre": "Mitre", "osm_way": 1150784803, "fuente": "OpenStreetMap vía Overpass"}}, {"type": "Feature", "geometry": {"type": "LineString", "coordinates": [[-58.5480596, -34.4590875], [-58.5479832, -34.4590167], [-58.5479431, -34.4589796]]}, "properties": {"clase": "ferrocarril", "nombre": "Mitre", "osm_way": 1150784804, "fuente": "OpenStreetMap vía Overpass"}}, {"type": "Feature", "geometry": {"type": "LineString", "coordinates": [[-58.5479431, -34.4589796], [-58.547613, -34.4587132]]}, "properties": {"clase": "ferrocarril", "nombre": "Mitre", "osm_way": 1150784805, "fuente": "OpenStreetMap vía Overpass"}}, {"type": "Feature", "geometry": {"type": "LineString", "coordinates": [[-58.5763005, -34.5344335], [-58.5763858, -34.5343488], [-58.5765333, -34.5342107], [-58.5766943, -34.5340704], [-58.5767689, -34.5340103], [-58.5770136, -34.5338129]]}, "properties": {"clase": "ferrocarril", "nombre": "FC Mitre", "osm_way": 1150867378, "fuente": "OpenStreetMap vía Overpass"}}, {"type": "Feature", "geometry": {"type": "LineString", "coordinates": [[-58.5769852, -34.5337815], [-58.5767463, -34.5339751], [-58.5766902, -34.5340206], [-58.5764851, -34.5341985], [-58.5763523, -34.5343245], [-58.5761614, -34.5345159]]}, "properties": {"clase": "ferrocarril", "nombre": "FC Mitre", "osm_way": 1150867379, "fuente": "OpenStreetMap vía Overpass"}}, {"type": "Feature", "geometry": {"type": "LineString", "coordinates": [[-58.5436786, -34.4567566], [-58.5430207, -34.4564399]]}, "properties": {"clase": "ferrocarril", "nombre": "Mitre", "osm_way": 1151247910, "fuente": "OpenStreetMap vía Overpass"}}, {"type": "Feature", "geometry": {"type": "LineString", "coordinates": [[-58.5507839, -34.4605554], [-58.5503761, -34.4603985]]}, "properties": {"clase": "ferrocarril", "nombre": "", "osm_way": 1151269378, "fuente": "OpenStreetMap vía Overpass"}}, {"type": "Feature", "geometry": {"type": "LineString", "coordinates": [[-58.4816069, -34.504609], [-58.4814733, -34.504974]]}, "properties": {"clase": "ferrocarril", "nombre": "FC Mitre", "osm_way": 1152227516, "fuente": "OpenStreetMap vía Overpass"}}, {"type": "Feature", "geometry": {"type": "LineString", "coordinates": [[-58.5444688, -34.4558936], [-58.5442991, -34.4558253]]}, "properties": {"clase": "ferrocarril", "nombre": "Mitre", "osm_way": 1152478934, "fuente": "OpenStreetMap vía Overpass"}}, {"type": "Feature", "geometry": {"type": "LineString", "coordinates": [[-58.5449201, -34.4569632], [-58.5446819, -34.4568984], [-58.5445055, -34.4568562]]}, "properties": {"clase": "ferrocarril", "nombre": "Mitre", "osm_way": 1152478935, "fuente": "OpenStreetMap vía Overpass"}}, {"type": "Feature", "geometry": {"type": "LineString", "coordinates": [[-58.5452896, -34.4570913], [-58.5452356, -34.45706], [-58.545032, -34.4569411], [-58.5447907, -34.4568564]]}, "properties": {"clase": "ferrocarril", "nombre": "Mitre", "osm_way": 1152478936, "fuente": "OpenStreetMap vía Overpass"}}, {"type": "Feature", "geometry": {"type": "LineString", "coordinates": [[-58.5431438, -34.456941], [-58.542779, -34.4568589]]}, "properties": {"clase": "ferrocarril", "nombre": "Mitre", "osm_way": 1152478937, "fuente": "OpenStreetMap vía Overpass"}}, {"type": "Feature", "geometry": {"type": "LineString", "coordinates": [[-58.5479358, -34.4584779], [-58.5479116, -34.4584485], [-58.5477927, -34.4582992], [-58.5476847, -34.4582023], [-58.5475593, -34.4581109], [-58.5474601, -34.4580489], [-58.547449, -34.4580434], [-58.547371, -34.4580031], [-58.547238, -34.4579418], [-58.5471095, -34.457885], [-58.5468735, -34.4577807]]}, "properties": {"clase": "ferrocarril", "nombre": "Mitre", "osm_way": 1152478938, "fuente": "OpenStreetMap vía Overpass"}}, {"type": "Feature", "geometry": {"type": "LineString", "coordinates": [[-58.5471095, -34.457885], [-58.5473553, -34.458023], [-58.5474344, -34.4580749], [-58.5475289, -34.4581399], [-58.5476468, -34.4582296], [-58.5477472, -34.4583248], [-58.5478618, -34.4584738], [-58.5478837, -34.4585018]]}, "properties": {"clase": "ferrocarril", "nombre": "Mitre", "osm_way": 1152478939, "fuente": "OpenStreetMap vía Overpass"}}, {"type": "Feature", "geometry": {"type": "LineString", "coordinates": [[-58.5478339, -34.4585254], [-58.548227, -34.4590286]]}, "properties": {"clase": "ferrocarril", "nombre": "Mitre", "osm_way": 1152478940, "fuente": "OpenStreetMap vía Overpass"}}, {"type": "Feature", "geometry": {"type": "LineString", "coordinates": [[-58.5477849, -34.4585485], [-58.5477648, -34.4585232], [-58.5476498, -34.4583803], [-58.5475646, -34.4582796], [-58.5474726, -34.4581938], [-58.5473836, -34.4581261], [-58.547304, -34.4580648], [-58.5471665, -34.4579691]]}, "properties": {"clase": "ferrocarril", "nombre": "Mitre", "osm_way": 1152478941, "fuente": "OpenStreetMap vía Overpass"}}, {"type": "Feature", "geometry": {"type": "LineString", "coordinates": [[-58.548793, -34.4594102], [-58.5486753, -34.4592917], [-58.5485545, -34.4591805], [-58.5484536, -34.4590692], [-58.5483696, -34.4589545]]}, "properties": {"clase": "ferrocarril", "nombre": "Mitre", "osm_way": 1152478942, "fuente": "OpenStreetMap vía Overpass"}}, {"type": "Feature", "geometry": {"type": "LineString", "coordinates": [[-58.548793, -34.4594102], [-58.5486378, -34.4592992], [-58.5485136, -34.4592028], [-58.5484183, -34.4590962], [-58.5483215, -34.4589784]]}, "properties": {"clase": "ferrocarril", "nombre": "Mitre", "osm_way": 1152478943, "fuente": "OpenStreetMap vía Overpass"}}, {"type": "Feature", "geometry": {"type": "LineString", "coordinates": [[-58.5478837, -34.4585018], [-58.5482763, -34.4590044]]}, "properties": {"clase": "ferrocarril", "nombre": "Mitre", "osm_way": 1152478944, "fuente": "OpenStreetMap vía Overpass"}}, {"type": "Feature", "geometry": {"type": "LineString", "coordinates": [[-58.548227, -34.4590286], [-58.5482904, -34.4591187], [-58.5483429, -34.4591969], [-58.5484018, -34.4592768], [-58.548482, -34.459365]]}, "properties": {"clase": "ferrocarril", "nombre": "Mitre", "osm_way": 1152478945, "fuente": "OpenStreetMap vía Overpass"}}, {"type": "Feature", "geometry": {"type": "LineString", "coordinates": [[-58.548482, -34.459365], [-58.548395, -34.4592984], [-58.5483179, -34.4592238], [-58.5481839, -34.4590541]]}, "properties": {"clase": "ferrocarril", "nombre": "Mitre", "osm_way": 1152478946, "fuente": "OpenStreetMap vía Overpass"}}, {"type": "Feature", "geometry": {"type": "LineString", "coordinates": [[-58.5483696, -34.4589545], [-58.5479864, -34.4584553]]}, "properties": {"clase": "ferrocarril", "nombre": "Mitre", "osm_way": 1152478947, "fuente": "OpenStreetMap vía Overpass"}}, {"type": "Feature", "geometry": {"type": "LineString", "coordinates": [[-58.5474198, -34.4583411], [-58.5473185, -34.4582417], [-58.5472703, -34.4581943], [-58.547142, -34.458098], [-58.5469885, -34.4580062], [-58.5467509, -34.4578887]]}, "properties": {"clase": "ferrocarril", "nombre": "Mitre", "osm_way": 1152478948, "fuente": "OpenStreetMap vía Overpass"}}, {"type": "Feature", "geometry": {"type": "LineString", "coordinates": [[-58.5474198, -34.4583411], [-58.5472715, -34.4582321], [-58.5471489, -34.4581571], [-58.5469128, -34.4580355], [-58.5467167, -34.4579375]]}, "properties": {"clase": "ferrocarril", "nombre": "Mitre", "osm_way": 1152478949, "fuente": "OpenStreetMap vía Overpass"}}, {"type": "Feature", "geometry": {"type": "LineString", "coordinates": [[-58.5466837, -34.4579854], [-58.5455025, -34.4573956]]}, "properties": {"clase": "ferrocarril", "nombre": "Mitre", "osm_way": 1152478950, "fuente": "OpenStreetMap vía Overpass"}}, {"type": "Feature", "geometry": {"type": "LineString", "coordinates": [[-58.5466412, -34.4580489], [-58.5454709, -34.4574461]]}, "properties": {"clase": "ferrocarril", "nombre": "Mitre", "osm_way": 1152478951, "fuente": "OpenStreetMap vía Overpass"}}, {"type": "Feature", "geometry": {"type": "LineString", "coordinates": [[-58.547613, -34.4587132], [-58.5475272, -34.4586441], [-58.547428, -34.4585642], [-58.5472236, -34.4584137], [-58.5468071, -34.4581842], [-58.546613, -34.4580863]]}, "properties": {"clase": "ferrocarril", "nombre": "Mitre", "osm_way": 1152478952, "fuente": "OpenStreetMap vía Overpass"}}, {"type": "Feature", "geometry": {"type": "LineString", "coordinates": [[-58.547613, -34.4587132], [-58.5475129, -34.4586514], [-58.5471977, -34.4584566], [-58.546733, -34.4582129], [-58.5465766, -34.4581342]]}, "properties": {"clase": "ferrocarril", "nombre": "Mitre", "osm_way": 1152478953, "fuente": "OpenStreetMap vía Overpass"}}, {"type": "Feature", "geometry": {"type": "LineString", "coordinates": [[-58.5452413, -34.4561884], [-58.5449546, -34.4560457], [-58.5446025, -34.4559141], [-58.5443971, -34.455854], [-58.5442991, -34.4558253]]}, "properties": {"clase": "ferrocarril", "nombre": "Mitre", "osm_way": 1152478954, "fuente": "OpenStreetMap vía Overpass"}}, {"type": "Feature", "geometry": {"type": "LineString", "coordinates": [[-58.5472279, -34.4571885], [-58.5452133, -34.4562274]]}, "properties": {"clase": "ferrocarril", "nombre": "Mitre", "osm_way": 1152478955, "fuente": "OpenStreetMap vía Overpass"}}, {"type": "Feature", "geometry": {"type": "LineString", "coordinates": [[-58.5472803, -34.4571145], [-58.5452652, -34.4561552]]}, "properties": {"clase": "ferrocarril", "nombre": "Mitre", "osm_way": 1152478956, "fuente": "OpenStreetMap vía Overpass"}}, {"type": "Feature", "geometry": {"type": "LineString", "coordinates": [[-58.5444869, -34.4558121], [-58.5444965, -34.4558142], [-58.5447341, -34.4558817], [-58.5449569, -34.4559613], [-58.5451458, -34.4560421], [-58.5452925, -34.4561156]]}, "properties": {"clase": "ferrocarril", "nombre": "Mitre", "osm_way": 1152478957, "fuente": "OpenStreetMap vía Overpass"}}, {"type": "Feature", "geometry": {"type": "LineString", "coordinates": [[-58.5440392, -34.4557272], [-58.5441638, -34.4557358], [-58.544503, -34.455775], [-58.5446863, -34.4558156], [-58.5448377, -34.4558624], [-58.5449931, -34.4559181], [-58.5453203, -34.4560761]]}, "properties": {"clase": "ferrocarril", "nombre": "Mitre", "osm_way": 1152478958, "fuente": "OpenStreetMap vía Overpass"}}, {"type": "Feature", "geometry": {"type": "LineString", "coordinates": [[-58.5446347, -34.4556894], [-58.5447717, -34.4557526], [-58.5448372, -34.4557828], [-58.5449675, -34.455843], [-58.5451797, -34.4559527], [-58.5453474, -34.4560376]]}, "properties": {"clase": "ferrocarril", "nombre": "Mitre", "osm_way": 1152478959, "fuente": "OpenStreetMap vía Overpass"}}, {"type": "Feature", "geometry": {"type": "LineString", "coordinates": [[-58.5442562, -34.4555797], [-58.5444659, -34.4556309], [-58.5444969, -34.4556385], [-58.5446347, -34.4556894], [-58.5446683, -34.4556992], [-58.5448114, -34.4557473], [-58.5449633, -34.4558116], [-58.5451216, -34.4558738], [-58.5453759, -34.455997]]}, "properties": {"clase": "ferrocarril", "nombre": "Mitre", "osm_way": 1152478960, "fuente": "OpenStreetMap vía Overpass"}}, {"type": "Feature", "geometry": {"type": "LineString", "coordinates": [[-58.5440495, -34.4555593], [-58.5442562, -34.4555797], [-58.5443713, -34.4555911], [-58.5445549, -34.4556269], [-58.5446963, -34.4556638], [-58.5448471, -34.4557096], [-58.5449725, -34.4557592], [-58.5451069, -34.4558109], [-58.5454043, -34.4559566]]}, "properties": {"clase": "ferrocarril", "nombre": "Mitre", "osm_way": 1152478961, "fuente": "OpenStreetMap vía Overpass"}}, {"type": "Feature", "geometry": {"type": "LineString", "coordinates": [[-58.5437152, -34.455575], [-58.5439019, -34.4555631], [-58.5440495, -34.4555593], [-58.5442305, -34.4555591], [-58.5444041, -34.4555731], [-58.5445877, -34.4555997], [-58.5447444, -34.4556373], [-58.5448772, -34.4556754], [-58.5451108, -34.4557631], [-58.5454321, -34.4559171]]}, "properties": {"clase": "ferrocarril", "nombre": "Mitre", "osm_way": 1152478962, "fuente": "OpenStreetMap vía Overpass"}}, {"type": "Feature", "geometry": {"type": "LineString", "coordinates": [[-58.5437152, -34.455575], [-58.5438959, -34.4555486], [-58.5440629, -34.4555367], [-58.5442416, -34.4555362], [-58.544452, -34.4555467], [-58.5446637, -34.4555777], [-58.5448438, -34.4556231], [-58.5449975, -34.4556683], [-58.545153, -34.4557268], [-58.5454624, -34.455874]]}, "properties": {"clase": "ferrocarril", "nombre": "Mitre", "osm_way": 1152478963, "fuente": "OpenStreetMap vía Overpass"}}, {"type": "Feature", "geometry": {"type": "LineString", "coordinates": [[-58.5484974, -34.4575879], [-58.5483881, -34.4574575], [-58.5482451, -34.4573193], [-58.5482134, -34.4572887], [-58.5480704, -34.4571769], [-58.5479203, -34.4570726]]}, "properties": {"clase": "ferrocarril", "nombre": "Mitre", "osm_way": 1152482881, "fuente": "OpenStreetMap vía Overpass"}}, {"type": "Feature", "geometry": {"type": "LineString", "coordinates": [[-58.5483145, -34.4573176], [-58.5481668, -34.4572036]]}, "properties": {"clase": "ferrocarril", "nombre": "Mitre", "osm_way": 1152482882, "fuente": "OpenStreetMap vía Overpass"}}, {"type": "Feature", "geometry": {"type": "LineString", "coordinates": [[-58.5485122, -34.4574551], [-58.5484421, -34.4573925], [-58.5483145, -34.4573176]]}, "properties": {"clase": "ferrocarril", "nombre": "Mitre", "osm_way": 1152482883, "fuente": "OpenStreetMap vía Overpass"}}, {"type": "Feature", "geometry": {"type": "LineString", "coordinates": [[-58.5476375, -34.4569224], [-58.5479203, -34.4570726], [-58.5481668, -34.4572036], [-58.5482277, -34.4572359], [-58.5483383, -34.4572972]]}, "properties": {"clase": "ferrocarril", "nombre": "Mitre", "osm_way": 1152482884, "fuente": "OpenStreetMap vía Overpass"}}, {"type": "Feature", "geometry": {"type": "LineString", "coordinates": [[-58.4597739, -34.5447248], [-58.4598907, -34.5446178]]}, "properties": {"clase": "avenida", "nombre": "Avenida Del Libertador", "osm_way": 1164585042, "fuente": "OpenStreetMap vía Overpass"}}, {"type": "Feature", "geometry": {"type": "LineString", "coordinates": [[-58.4610213, -34.5435832], [-58.4613042, -34.543324]]}, "properties": {"clase": "avenida", "nombre": "Avenida Del Libertador", "osm_way": 1164585043, "fuente": "OpenStreetMap vía Overpass"}}, {"type": "Feature", "geometry": {"type": "LineString", "coordinates": [[-58.5486546, -34.4590505], [-58.5486861, -34.4591245], [-58.5487275, -34.4592216], [-58.5488985, -34.4594992], [-58.5489763, -34.4595884]]}, "properties": {"clase": "ferrocarril", "nombre": "Mitre", "osm_way": 1177951354, "fuente": "OpenStreetMap vía Overpass"}}, {"type": "Feature", "geometry": {"type": "LineString", "coordinates": [[-58.473165, -34.5238865], [-58.4733645, -34.5235653]]}, "properties": {"clase": "ferrocarril", "nombre": "", "osm_way": 1189276678, "fuente": "OpenStreetMap vía Overpass"}}, {"type": "Feature", "geometry": {"type": "LineString", "coordinates": [[-58.5816668, -34.423704], [-58.5816792, -34.4236945], [-58.5817274, -34.4236577]]}, "properties": {"clase": "ferrocarril", "nombre": "FC Mitre", "osm_way": 1189728219, "fuente": "OpenStreetMap vía Overpass"}}, {"type": "Feature", "geometry": {"type": "LineString", "coordinates": [[-58.5802659, -34.424663], [-58.5802199, -34.4246996], [-58.5798839, -34.4249807], [-58.5798287, -34.4250303], [-58.5795915, -34.4252436]]}, "properties": {"clase": "ferrocarril", "nombre": "FC Mitre", "osm_way": 1189728220, "fuente": "OpenStreetMap vía Overpass"}}, {"type": "Feature", "geometry": {"type": "LineString", "coordinates": [[-58.5802345, -34.4246348], [-58.5798019, -34.4250007], [-58.5795915, -34.4252436], [-58.5792802, -34.4255558]]}, "properties": {"clase": "ferrocarril", "nombre": "FC Mitre", "osm_way": 1189728221, "fuente": "OpenStreetMap vía Overpass"}}, {"type": "Feature", "geometry": {"type": "LineString", "coordinates": [[-58.5792802, -34.4255558], [-58.5783442, -34.4263004]]}, "properties": {"clase": "ferrocarril", "nombre": "FC Mitre", "osm_way": 1189728222, "fuente": "OpenStreetMap vía Overpass"}}, {"type": "Feature", "geometry": {"type": "LineString", "coordinates": [[-58.5452921, -34.4564947], [-58.545189, -34.4563952], [-58.5450106, -34.456223], [-58.5449299, -34.4561682], [-58.5447466, -34.4560474], [-58.5446126, -34.4559711], [-58.5444688, -34.4558936]]}, "properties": {"clase": "ferrocarril", "nombre": "Mitre", "osm_way": 1189734471, "fuente": "OpenStreetMap vía Overpass"}}, {"type": "Feature", "geometry": {"type": "LineString", "coordinates": [[-58.580329, -34.4247196], [-58.5800303, -34.4249581], [-58.5795241, -34.4253647], [-58.5792802, -34.4255558]]}, "properties": {"clase": "ferrocarril", "nombre": "FC Mitre", "osm_way": 1189734472, "fuente": "OpenStreetMap vía Overpass"}}, {"type": "Feature", "geometry": {"type": "LineString", "coordinates": [[-58.5408479, -34.4564622], [-58.5405467, -34.4564487], [-58.5402331, -34.4564353], [-58.5401881, -34.4564352]]}, "properties": {"clase": "ferrocarril", "nombre": "Mitre", "osm_way": 1189902100, "fuente": "OpenStreetMap vía Overpass"}}, {"type": "Feature", "geometry": {"type": "LineString", "coordinates": [[-58.5499384, -34.4602369], [-58.5499956, -34.4602644], [-58.5504757, -34.4604926], [-58.5524829, -34.461464], [-58.5539579, -34.4621794], [-58.5544485, -34.4624173], [-58.5554912, -34.462923], [-58.5554988, -34.4629267], [-58.5578599, -34.4640702]]}, "properties": {"clase": "ferrocarril", "nombre": "FC Mitre", "osm_way": 1189902102, "fuente": "OpenStreetMap vía Overpass"}}, {"type": "Feature", "geometry": {"type": "LineString", "coordinates": [[-58.5772789, -34.4734916], [-58.5766607, -34.4731588], [-58.5759388, -34.4728055], [-58.5753518, -34.4725183]]}, "properties": {"clase": "ferrocarril", "nombre": "FC Mitre", "osm_way": 1189915521, "fuente": "OpenStreetMap vía Overpass"}}, {"type": "Feature", "geometry": {"type": "LineString", "coordinates": [[-58.5753313, -34.4725486], [-58.5765227, -34.4731334], [-58.5766372, -34.4731894], [-58.5772789, -34.4734916]]}, "properties": {"clase": "ferrocarril", "nombre": "FC Mitre", "osm_way": 1189915522, "fuente": "OpenStreetMap vía Overpass"}}, {"type": "Feature", "geometry": {"type": "LineString", "coordinates": [[-58.5455399, -34.4567848], [-58.5454368, -34.456707], [-58.54532, -34.4566001], [-58.5452567, -34.4565358]]}, "properties": {"clase": "ferrocarril", "nombre": "Mitre", "osm_way": 1191334045, "fuente": "OpenStreetMap vía Overpass"}}, {"type": "Feature", "geometry": {"type": "LineString", "coordinates": [[-58.5452133, -34.4562274], [-58.5446156, -34.4559474], [-58.5444688, -34.4558936]]}, "properties": {"clase": "ferrocarril", "nombre": "Mitre", "osm_way": 1191334046, "fuente": "OpenStreetMap vía Overpass"}}, {"type": "Feature", "geometry": {"type": "LineString", "coordinates": [[-58.5452652, -34.4561552], [-58.5449031, -34.4559832], [-58.5447162, -34.4559064], [-58.5444869, -34.4558121]]}, "properties": {"clase": "ferrocarril", "nombre": "Mitre", "osm_way": 1191334047, "fuente": "OpenStreetMap vía Overpass"}}, {"type": "Feature", "geometry": {"type": "LineString", "coordinates": [[-58.5816353, -34.4236773], [-58.580329, -34.4247196]]}, "properties": {"clase": "ferrocarril", "nombre": "FC Mitre", "osm_way": 1192556972, "fuente": "OpenStreetMap vía Overpass"}}, {"type": "Feature", "geometry": {"type": "LineString", "coordinates": [[-58.5803598, -34.4247472], [-58.5816668, -34.423704]]}, "properties": {"clase": "ferrocarril", "nombre": "FC Mitre", "osm_way": 1192556973, "fuente": "OpenStreetMap vía Overpass"}}, {"type": "Feature", "geometry": {"type": "LineString", "coordinates": [[-58.5446819, -34.4568984], [-58.5444867, -34.4568774], [-58.5443488, -34.4568732]]}, "properties": {"clase": "ferrocarril", "nombre": "Mitre", "osm_way": 1195150977, "fuente": "OpenStreetMap vía Overpass"}}, {"type": "Feature", "geometry": {"type": "LineString", "coordinates": [[-58.5484195, -34.4582777], [-58.5485263, -34.4585081]]}, "properties": {"clase": "ferrocarril", "nombre": "Mitre", "osm_way": 1202654592, "fuente": "OpenStreetMap vía Overpass"}}, {"type": "Feature", "geometry": {"type": "LineString", "coordinates": [[-58.5801476, -34.5309515], [-58.5798472, -34.5313058], [-58.5793296, -34.5318808], [-58.5787811, -34.5324404], [-58.5781125, -34.533075], [-58.5776766, -34.5334938], [-58.5771921, -34.5339487]]}, "properties": {"clase": "ferrocarril", "nombre": "", "osm_way": 1204343344, "fuente": "OpenStreetMap vía Overpass"}}, {"type": "Feature", "geometry": {"type": "LineString", "coordinates": [[-58.5745283, -34.5360984], [-58.5742538, -34.5363697]]}, "properties": {"clase": "ferrocarril", "nombre": "FC Mitre", "osm_way": 1204343345, "fuente": "OpenStreetMap vía Overpass"}}, {"type": "Feature", "geometry": {"type": "LineString", "coordinates": [[-58.6023581, -34.4806216], [-58.6020484, -34.4810446], [-58.6016747, -34.4815581], [-58.6015523, -34.4817262], [-58.6013154, -34.482038], [-58.6012463, -34.4821353], [-58.6010592, -34.4823983], [-58.6004894, -34.4831875], [-58.5996223, -34.4843471], [-58.5991215, -34.4850297]]}, "properties": {"clase": "ferrocarril", "nombre": "", "osm_way": 1204343346, "fuente": "OpenStreetMap vía Overpass"}}, {"type": "Feature", "geometry": {"type": "LineString", "coordinates": [[-58.6015647, -34.4815777], [-58.6013154, -34.482038]]}, "properties": {"clase": "ferrocarril", "nombre": "", "osm_way": 1204343347, "fuente": "OpenStreetMap vía Overpass"}}, {"type": "Feature", "geometry": {"type": "LineString", "coordinates": [[-58.6012463, -34.4821353], [-58.6011443, -34.4823539], [-58.6008311, -34.4828221], [-58.6004294, -34.4834158], [-58.6001179, -34.483884], [-58.5997711, -34.4843625]]}, "properties": {"clase": "ferrocarril", "nombre": "", "osm_way": 1204343348, "fuente": "OpenStreetMap vía Overpass"}}, {"type": "Feature", "geometry": {"type": "LineString", "coordinates": [[-58.5578812, -34.4640324], [-58.5555496, -34.4629032], [-58.554469, -34.4623799], [-58.552507, -34.4614296], [-58.5508468, -34.4606255], [-58.5503761, -34.4603985]]}, "properties": {"clase": "ferrocarril", "nombre": "FC Mitre", "osm_way": 1208922403, "fuente": "OpenStreetMap vía Overpass"}}, {"type": "Feature", "geometry": {"type": "LineString", "coordinates": [[-58.5524953, -34.461376], [-58.5507839, -34.4605554], [-58.5498732, -34.4601187], [-58.5493746, -34.4598796]]}, "properties": {"clase": "ferrocarril", "nombre": "Mitre", "osm_way": 1208922404, "fuente": "OpenStreetMap vía Overpass"}}, {"type": "Feature", "geometry": {"type": "LineString", "coordinates": [[-58.5451685, -34.4571531], [-58.5452656, -34.4571634], [-58.5453461, -34.4571783], [-58.5454088, -34.4571929], [-58.5454843, -34.4572137], [-58.5456022, -34.457252]]}, "properties": {"clase": "ferrocarril", "nombre": "Mitre", "osm_way": 1208922407, "fuente": "OpenStreetMap vía Overpass"}}, {"type": "Feature", "geometry": {"type": "LineString", "coordinates": [[-58.5449305, -34.457141], [-58.5451685, -34.4571531]]}, "properties": {"clase": "ferrocarril", "nombre": "Mitre", "osm_way": 1208922408, "fuente": "OpenStreetMap vía Overpass"}}, {"type": "Feature", "geometry": {"type": "LineString", "coordinates": [[-58.5409447, -34.4564695], [-58.540886, -34.4564651], [-58.5408479, -34.4564622]]}, "properties": {"clase": "ferrocarril", "nombre": "FC Mitre", "osm_way": 1211149078, "fuente": "OpenStreetMap vía Overpass"}}, {"type": "Feature", "geometry": {"type": "LineString", "coordinates": [[-58.4694947, -34.5361389], [-58.4699083, -34.5363296]]}, "properties": {"clase": "autopista", "nombre": "Avenida General Paz", "osm_way": 1238770831, "fuente": "OpenStreetMap vía Overpass"}}, {"type": "Feature", "geometry": {"type": "LineString", "coordinates": [[-58.4686124, -34.53589], [-58.4680581, -34.5356369]]}, "properties": {"clase": "autopista", "nombre": "Avenida General Paz", "osm_way": 1238770832, "fuente": "OpenStreetMap vía Overpass"}}, {"type": "Feature", "geometry": {"type": "LineString", "coordinates": [[-58.5975458, -34.4735964], [-58.5975754, -34.473717]]}, "properties": {"clase": "avenida", "nombre": "Avenida Hipólito Yrigoyen", "osm_way": 1239288502, "fuente": "OpenStreetMap vía Overpass"}}, {"type": "Feature", "geometry": {"type": "LineString", "coordinates": [[-58.5855893, -34.4881346], [-58.5850147, -34.4881783]]}, "properties": {"clase": "autopista", "nombre": "Acceso Norte", "osm_way": 1252545781, "fuente": "OpenStreetMap vía Overpass"}}, {"type": "Feature", "geometry": {"type": "LineString", "coordinates": [[-58.4399924, -34.547672], [-58.4387547, -34.5483439], [-58.4382656, -34.5485978], [-58.4370544, -34.5492436]]}, "properties": {"clase": "autopista", "nombre": "Avenida Leopoldo Lugones", "osm_way": 1257942373, "fuente": "OpenStreetMap vía Overpass"}}, {"type": "Feature", "geometry": {"type": "LineString", "coordinates": [[-58.456043, -34.539696], [-58.4548503, -34.5402561], [-58.4545318, -34.5403873], [-58.4541862, -34.5405063], [-58.4539125, -34.5405859], [-58.453647, -34.5406557], [-58.4527895, -34.5408842], [-58.4525408, -34.5409623], [-58.4522784, -34.541051], [-58.4520359, -34.5411492], [-58.4519988, -34.5411642]]}, "properties": {"clase": "autopista", "nombre": "Avenida Leopoldo Lugones", "osm_way": 1257942375, "fuente": "OpenStreetMap vía Overpass"}}, {"type": "Feature", "geometry": {"type": "LineString", "coordinates": [[-58.5846142, -34.5532532], [-58.5844439, -34.5527964], [-58.5842435, -34.5523039], [-58.5841181, -34.5520583], [-58.583878, -34.5516199], [-58.5837261, -34.5513506], [-58.5836584, -34.5512191], [-58.5836038, -34.5511071], [-58.5835201, -34.550902], [-58.5833646, -34.5504479], [-58.5828676, -34.5491947], [-58.5824737, -34.5482012], [-58.582404, -34.5480254]]}, "properties": {"clase": "avenida", "nombre": "Diagonal 190 - Brigadier General Juan Manuel de Rosas", "osm_way": 1262027508, "fuente": "OpenStreetMap vía Overpass"}}, {"type": "Feature", "geometry": {"type": "LineString", "coordinates": [[-58.5801397, -34.5425752], [-58.5797622, -34.5417089]]}, "properties": {"clase": "avenida", "nombre": "Diagonal 190 - Brigadier General Juan Manuel de Rosas", "osm_way": 1262027510, "fuente": "OpenStreetMap vía Overpass"}}, {"type": "Feature", "geometry": {"type": "LineString", "coordinates": [[-58.5826097, -34.548078], [-58.5829476, -34.5489299], [-58.583228, -34.5496707], [-58.5835141, -34.5504036], [-58.5837512, -34.5510336], [-58.5837796, -34.551104], [-58.5839542, -34.5514501], [-58.584114, -34.5517288], [-58.5842342, -34.5519286], [-58.5843741, -34.5521664], [-58.5844653, -34.5523534], [-58.5845785, -34.5526525], [-58.584726, -34.5530337], [-58.5847881, -34.553208]]}, "properties": {"clase": "avenida", "nombre": "Diagonal 190 - Brigadier General Juan Manuel de Rosas", "osm_way": 1262027512, "fuente": "OpenStreetMap vía Overpass"}}, {"type": "Feature", "geometry": {"type": "LineString", "coordinates": [[-58.5799244, -34.5416588], [-58.5803103, -34.5425218]]}, "properties": {"clase": "avenida", "nombre": "Diagonal 190 - Brigadier General Juan Manuel de Rosas", "osm_way": 1262062913, "fuente": "OpenStreetMap vía Overpass"}}, {"type": "Feature", "geometry": {"type": "LineString", "coordinates": [[-58.5797622, -34.5417089], [-58.5795435, -34.5412053], [-58.5793886, -34.5408488], [-58.5791099, -34.5401931]]}, "properties": {"clase": "avenida", "nombre": "Diagonal 190 - Brigadier General Juan Manuel de Rosas", "osm_way": 1262062914, "fuente": "OpenStreetMap vía Overpass"}}, {"type": "Feature", "geometry": {"type": "LineString", "coordinates": [[-58.5785934, -34.5390423], [-58.5782861, -34.538138], [-58.5779495, -34.5371228]]}, "properties": {"clase": "avenida", "nombre": "Diagonal 190 - Brigadier General Juan Manuel de Rosas", "osm_way": 1262062915, "fuente": "OpenStreetMap vía Overpass"}}, {"type": "Feature", "geometry": {"type": "LineString", "coordinates": [[-58.5790275, -34.539997], [-58.5785934, -34.5390423]]}, "properties": {"clase": "avenida", "nombre": "Diagonal 190 - Brigadier General Juan Manuel de Rosas", "osm_way": 1263339598, "fuente": "OpenStreetMap vía Overpass"}}, {"type": "Feature", "geometry": {"type": "LineString", "coordinates": [[-58.5803103, -34.5425218], [-58.5807121, -34.5433756], [-58.5810933, -34.5442337], [-58.5815059, -34.5452108], [-58.5816688, -34.5455926]]}, "properties": {"clase": "avenida", "nombre": "Diagonal 190 - Brigadier General Juan Manuel de Rosas", "osm_way": 1263339605, "fuente": "OpenStreetMap vía Overpass"}}, {"type": "Feature", "geometry": {"type": "LineString", "coordinates": [[-58.582404, -34.5480254], [-58.5823584, -34.5479053], [-58.5817459, -34.5462932], [-58.5815278, -34.5457441]]}, "properties": {"clase": "avenida", "nombre": "Diagonal 190 - Brigadier General Juan Manuel de Rosas", "osm_way": 1263339610, "fuente": "OpenStreetMap vía Overpass"}}, {"type": "Feature", "geometry": {"type": "LineString", "coordinates": [[-58.5609887, -34.5116919], [-58.5606573, -34.5119463], [-58.560486, -34.5120492]]}, "properties": {"clase": "ferrocarril", "nombre": "FC Belgrano", "osm_way": 1266801446, "fuente": "OpenStreetMap vía Overpass"}}, {"type": "Feature", "geometry": {"type": "LineString", "coordinates": [[-58.5611262, -34.511507], [-58.5610488, -34.5117222]]}, "properties": {"clase": "ferrocarril", "nombre": "", "osm_way": 1266801447, "fuente": "OpenStreetMap vía Overpass"}}, {"type": "Feature", "geometry": {"type": "LineString", "coordinates": [[-58.5615938, -34.5103142], [-58.5619732, -34.5099839], [-58.5636507, -34.508664]]}, "properties": {"clase": "ferrocarril", "nombre": "", "osm_way": 1266801448, "fuente": "OpenStreetMap vía Overpass"}}, {"type": "Feature", "geometry": {"type": "LineString", "coordinates": [[-58.5570544, -34.5143818], [-58.5566567, -34.5147112], [-58.5562919, -34.5150703], [-58.556104, -34.5152881], [-58.5559112, -34.5154791]]}, "properties": {"clase": "ferrocarril", "nombre": "", "osm_way": 1266801449, "fuente": "OpenStreetMap vía Overpass"}}, {"type": "Feature", "geometry": {"type": "LineString", "coordinates": [[-58.556104, -34.5152881], [-58.5567223, -34.5147503], [-58.5572641, -34.5143241]]}, "properties": {"clase": "ferrocarril", "nombre": "", "osm_way": 1266801450, "fuente": "OpenStreetMap vía Overpass"}}, {"type": "Feature", "geometry": {"type": "LineString", "coordinates": [[-58.4538817, -34.5495513], [-58.4540059, -34.5494367], [-58.4540322, -34.5494092], [-58.4541722, -34.5492838]]}, "properties": {"clase": "avenida", "nombre": "Avenida Del Libertador", "osm_way": 1267609263, "fuente": "OpenStreetMap vía Overpass"}}, {"type": "Feature", "geometry": {"type": "LineString", "coordinates": [[-58.4606348, -34.5439419], [-58.4610213, -34.5435832]]}, "properties": {"clase": "avenida", "nombre": "Avenida Del Libertador", "osm_way": 1267609264, "fuente": "OpenStreetMap vía Overpass"}}, {"type": "Feature", "geometry": {"type": "LineString", "coordinates": [[-58.4658171, -34.5374909], [-58.4658644, -34.5374126], [-58.4660571, -34.5370936], [-58.4661214, -34.5369874], [-58.4662581, -34.5367618]]}, "properties": {"clase": "avenida", "nombre": "Avenida Del Libertador", "osm_way": 1267609265, "fuente": "OpenStreetMap vía Overpass"}}, {"type": "Feature", "geometry": {"type": "LineString", "coordinates": [[-58.4691578, -34.531582], [-58.4689006, -34.5320409]]}, "properties": {"clase": "avenida", "nombre": "Avenida del Libertador", "osm_way": 1267609271, "fuente": "OpenStreetMap vía Overpass"}}, {"type": "Feature", "geometry": {"type": "LineString", "coordinates": [[-58.469978, -34.5299048], [-58.4698156, -34.530234]]}, "properties": {"clase": "avenida", "nombre": "Avenida del Libertador", "osm_way": 1267609272, "fuente": "OpenStreetMap vía Overpass"}}, {"type": "Feature", "geometry": {"type": "LineString", "coordinates": [[-58.4554732, -34.5396672], [-58.4574214, -34.5387249], [-58.4577678, -34.5385414], [-58.4579502, -34.5384374], [-58.4581419, -34.5383205], [-58.4583579, -34.5381834], [-58.4586604, -34.5379822], [-58.4594538, -34.5373958], [-58.4614687, -34.5358966]]}, "properties": {"clase": "ferrocarril", "nombre": "FC Belgrano", "osm_way": 1271648502, "fuente": "OpenStreetMap vía Overpass"}}, {"type": "Feature", "geometry": {"type": "LineString", "coordinates": [[-58.45495, -34.5399173], [-58.4554732, -34.5396672]]}, "properties": {"clase": "ferrocarril", "nombre": "FC Belgrano", "osm_way": 1271648503, "fuente": "OpenStreetMap vía Overpass"}}, {"type": "Feature", "geometry": {"type": "LineString", "coordinates": [[-58.4614491, -34.535871], [-58.4594293, -34.5373674], [-58.4586427, -34.5379522], [-58.4583384, -34.5381543], [-58.4581156, -34.5382968], [-58.4579461, -34.538401], [-58.4577357, -34.5385204], [-58.4574022, -34.5386966], [-58.4554599, -34.5396379]]}, "properties": {"clase": "ferrocarril", "nombre": "FC Belgrano", "osm_way": 1271648504, "fuente": "OpenStreetMap vía Overpass"}}, {"type": "Feature", "geometry": {"type": "LineString", "coordinates": [[-58.4554599, -34.5396379], [-58.4549359, -34.5398892]]}, "properties": {"clase": "ferrocarril", "nombre": "FC Belgrano", "osm_way": 1271648505, "fuente": "OpenStreetMap vía Overpass"}}, {"type": "Feature", "geometry": {"type": "LineString", "coordinates": [[-58.5090361, -34.5263063], [-58.5084188, -34.5271317], [-58.5080359, -34.5276594], [-58.5074544, -34.5284582]]}, "properties": {"clase": "autopista", "nombre": "Acceso Norte", "osm_way": 1274317780, "fuente": "OpenStreetMap vía Overpass"}}, {"type": "Feature", "geometry": {"type": "LineString", "coordinates": [[-58.5074544, -34.5284582], [-58.5073117, -34.528655]]}, "properties": {"clase": "autopista", "nombre": "Acceso Norte", "osm_way": 1274317781, "fuente": "OpenStreetMap vía Overpass"}}, {"type": "Feature", "geometry": {"type": "LineString", "coordinates": [[-58.5057577, -34.5304044], [-58.5071016, -34.5285582]]}, "properties": {"clase": "autopista", "nombre": "Acceso Norte", "osm_way": 1274317782, "fuente": "OpenStreetMap vía Overpass"}}, {"type": "Feature", "geometry": {"type": "LineString", "coordinates": [[-58.5071016, -34.5285582], [-58.5072434, -34.5283644]]}, "properties": {"clase": "autopista", "nombre": "Acceso Norte", "osm_way": 1274317783, "fuente": "OpenStreetMap vía Overpass"}}, {"type": "Feature", "geometry": {"type": "LineString", "coordinates": [[-58.5905238, -34.5091977], [-58.5911303, -34.5078138]]}, "properties": {"clase": "ferrocarril", "nombre": "FC Mitre", "osm_way": 1287527663, "fuente": "OpenStreetMap vía Overpass"}}, {"type": "Feature", "geometry": {"type": "LineString", "coordinates": [[-58.5911303, -34.5078138], [-58.5911779, -34.507704]]}, "properties": {"clase": "ferrocarril", "nombre": "FC Mitre", "osm_way": 1287527664, "fuente": "OpenStreetMap vía Overpass"}}, {"type": "Feature", "geometry": {"type": "LineString", "coordinates": [[-58.5910844, -34.5078011], [-58.5904028, -34.5093545]]}, "properties": {"clase": "ferrocarril", "nombre": "FC Mitre", "osm_way": 1287527665, "fuente": "OpenStreetMap vía Overpass"}}, {"type": "Feature", "geometry": {"type": "LineString", "coordinates": [[-58.5911306, -34.5076919], [-58.5910844, -34.5078011]]}, "properties": {"clase": "ferrocarril", "nombre": "FC Mitre", "osm_way": 1287527666, "fuente": "OpenStreetMap vía Overpass"}}, {"type": "Feature", "geometry": {"type": "LineString", "coordinates": [[-58.5980207, -34.4760858], [-58.5979347, -34.4759777], [-58.5978647, -34.4758521], [-58.5978406, -34.4757443], [-58.5978371, -34.475651], [-58.5978414, -34.4755534]]}, "properties": {"clase": "avenida", "nombre": "Avenida Hipólito Yrigoyen", "osm_way": 1318150181, "fuente": "OpenStreetMap vía Overpass"}}, {"type": "Feature", "geometry": {"type": "LineString", "coordinates": [[-58.5985475, -34.4766185], [-58.5980207, -34.4760858]]}, "properties": {"clase": "avenida", "nombre": "Avenida Hipólito Yrigoyen", "osm_way": 1318150182, "fuente": "OpenStreetMap vía Overpass"}}, {"type": "Feature", "geometry": {"type": "LineString", "coordinates": [[-58.5986447, -34.4765555], [-58.5997362, -34.4775066], [-58.5998441, -34.4776007], [-58.6007487, -34.4783766], [-58.6015832, -34.4791504]]}, "properties": {"clase": "avenida", "nombre": "Avenida Hipólito Yrigoyen", "osm_way": 1318150184, "fuente": "OpenStreetMap vía Overpass"}}, {"type": "Feature", "geometry": {"type": "LineString", "coordinates": [[-58.5981014, -34.4760394], [-58.5985028, -34.4764207], [-58.5985226, -34.4764395], [-58.5986447, -34.4765555]]}, "properties": {"clase": "avenida", "nombre": "Avenida Hipólito Yrigoyen", "osm_way": 1318150185, "fuente": "OpenStreetMap vía Overpass"}}, {"type": "Feature", "geometry": {"type": "LineString", "coordinates": [[-58.6182418, -34.4871448], [-58.6181533, -34.4871042], [-58.617189, -34.486662], [-58.6170911, -34.4866181]]}, "properties": {"clase": "avenida", "nombre": "Avenida Ángel Torcuato de Alvear", "osm_way": 1318176818, "fuente": "OpenStreetMap vía Overpass"}}, {"type": "Feature", "geometry": {"type": "LineString", "coordinates": [[-58.4646749, -34.539352], [-58.4648485, -34.5390757]]}, "properties": {"clase": "avenida", "nombre": "Avenida Del Libertador", "osm_way": 1324502911, "fuente": "OpenStreetMap vía Overpass"}}, {"type": "Feature", "geometry": {"type": "LineString", "coordinates": [[-58.4921742, -34.546337], [-58.4918996, -34.5462163]]}, "properties": {"clase": "autopista", "nombre": "Avenida General Paz", "osm_way": 1326411126, "fuente": "OpenStreetMap vía Overpass"}}, {"type": "Feature", "geometry": {"type": "LineString", "coordinates": [[-58.4929366, -34.5465564], [-58.493311, -34.5467255]]}, "properties": {"clase": "autopista", "nombre": "Avenida General Paz", "osm_way": 1326411130, "fuente": "OpenStreetMap vía Overpass"}}, {"type": "Feature", "geometry": {"type": "LineString", "coordinates": [[-58.4927446, -34.5464729], [-58.4929366, -34.5465564]]}, "properties": {"clase": "autopista", "nombre": "Avenida General Paz", "osm_way": 1326411131, "fuente": "OpenStreetMap vía Overpass"}}, {"type": "Feature", "geometry": {"type": "LineString", "coordinates": [[-58.4926833, -34.5465618], [-58.492266, -34.5463774]]}, "properties": {"clase": "autopista", "nombre": "Avenida General Paz", "osm_way": 1326411132, "fuente": "OpenStreetMap vía Overpass"}}, {"type": "Feature", "geometry": {"type": "LineString", "coordinates": [[-58.4932529, -34.5468156], [-58.4928737, -34.5466459]]}, "properties": {"clase": "autopista", "nombre": "Avenida General Paz", "osm_way": 1326411133, "fuente": "OpenStreetMap vía Overpass"}}, {"type": "Feature", "geometry": {"type": "LineString", "coordinates": [[-58.515433, -34.519016], [-58.515414, -34.5190323]]}, "properties": {"clase": "autopista", "nombre": "Colectora Acceso Norte", "osm_way": 1329493004, "fuente": "OpenStreetMap vía Overpass"}}, {"type": "Feature", "geometry": {"type": "LineString", "coordinates": [[-58.5368406, -34.505323], [-58.5365663, -34.5054559]]}, "properties": {"clase": "autopista", "nombre": "Colectora Acceso Norte", "osm_way": 1329964107, "fuente": "OpenStreetMap vía Overpass"}}, {"type": "Feature", "geometry": {"type": "LineString", "coordinates": [[-58.5509662, -34.494197], [-58.5508916, -34.4941477], [-58.5507675, -34.4940716], [-58.5493369, -34.4933327], [-58.5493119, -34.4933204]]}, "properties": {"clase": "avenida", "nombre": "Avenida Bernabé Márquez", "osm_way": 1330766811, "fuente": "OpenStreetMap vía Overpass"}}, {"type": "Feature", "geometry": {"type": "LineString", "coordinates": [[-58.52253, -34.4794338], [-58.5226726, -34.4795076], [-58.5228159, -34.4795818], [-58.5237901, -34.4800862], [-58.5239494, -34.4801687]]}, "properties": {"clase": "avenida", "nombre": "Avenida Bernabé Márquez", "osm_way": 1331082241, "fuente": "OpenStreetMap vía Overpass"}}, {"type": "Feature", "geometry": {"type": "LineString", "coordinates": [[-58.5111312, -34.5237467], [-58.5110198, -34.5238994]]}, "properties": {"clase": "autopista", "nombre": "Colectora Acceso Norte", "osm_way": 1331083848, "fuente": "OpenStreetMap vía Overpass"}}, {"type": "Feature", "geometry": {"type": "LineString", "coordinates": [[-58.5105345, -34.523467], [-58.5105431, -34.5234549]]}, "properties": {"clase": "autopista", "nombre": "Colectora Acceso Norte", "osm_way": 1331083850, "fuente": "OpenStreetMap vía Overpass"}}, {"type": "Feature", "geometry": {"type": "LineString", "coordinates": [[-58.5092895, -34.5262866], [-58.5092131, -34.5263911]]}, "properties": {"clase": "autopista", "nombre": "Colectora Acceso Norte", "osm_way": 1331083851, "fuente": "OpenStreetMap vía Overpass"}}, {"type": "Feature", "geometry": {"type": "LineString", "coordinates": [[-58.5754009, -34.5313098], [-58.5750802, -34.530657], [-58.5750243, -34.5305547]]}, "properties": {"clase": "avenida", "nombre": "Diagonal 190 - Brigadier General Juan Manuel de Rosas", "osm_way": 1331424709, "fuente": "OpenStreetMap vía Overpass"}}, {"type": "Feature", "geometry": {"type": "LineString", "coordinates": [[-58.5250184, -34.5104693], [-58.5252384, -34.5103366]]}, "properties": {"clase": "autopista", "nombre": "Colectora Acceso Norte", "osm_way": 1331478146, "fuente": "OpenStreetMap vía Overpass"}}, {"type": "Feature", "geometry": {"type": "LineString", "coordinates": [[-58.5257143, -34.5107569], [-58.5256931, -34.5107671]]}, "properties": {"clase": "autopista", "nombre": "Colectora Acceso Norte", "osm_way": 1331478147, "fuente": "OpenStreetMap vía Overpass"}}, {"type": "Feature", "geometry": {"type": "LineString", "coordinates": [[-58.5366289, -34.5047537], [-58.5366878, -34.5047257]]}, "properties": {"clase": "autopista", "nombre": "Colectora Acceso Norte", "osm_way": 1331502857, "fuente": "OpenStreetMap vía Overpass"}}, {"type": "Feature", "geometry": {"type": "LineString", "coordinates": [[-58.4685688, -34.5355922], [-58.4685788, -34.5355965]]}, "properties": {"clase": "autopista", "nombre": "Avenida General Paz", "osm_way": 1331687709, "fuente": "OpenStreetMap vía Overpass"}}, {"type": "Feature", "geometry": {"type": "LineString", "coordinates": [[-58.493311, -34.5467255], [-58.4933164, -34.5467279]]}, "properties": {"clase": "autopista", "nombre": "Avenida General Paz", "osm_way": 1331703000, "fuente": "OpenStreetMap vía Overpass"}}, {"type": "Feature", "geometry": {"type": "LineString", "coordinates": [[-58.5261763, -34.5097217], [-58.5262066, -34.5097016]]}, "properties": {"clase": "autopista", "nombre": "Colectora Acceso Norte", "osm_way": 1331962336, "fuente": "OpenStreetMap vía Overpass"}}, {"type": "Feature", "geometry": {"type": "LineString", "coordinates": [[-58.5318034, -34.5077534], [-58.5315562, -34.5078747]]}, "properties": {"clase": "autopista", "nombre": "Colectora Acceso Norte", "osm_way": 1331967101, "fuente": "OpenStreetMap vía Overpass"}}, {"type": "Feature", "geometry": {"type": "LineString", "coordinates": [[-58.530856, -34.5075478], [-58.5311567, -34.5074004]]}, "properties": {"clase": "autopista", "nombre": "Colectora Acceso Norte", "osm_way": 1331967102, "fuente": "OpenStreetMap vía Overpass"}}, {"type": "Feature", "geometry": {"type": "LineString", "coordinates": [[-58.5148223, -34.5186639], [-58.5149431, -34.5185168]]}, "properties": {"clase": "autopista", "nombre": "Colectora Acceso Norte", "osm_way": 1332900616, "fuente": "OpenStreetMap vía Overpass"}}, {"type": "Feature", "geometry": {"type": "LineString", "coordinates": [[-58.5270018, -34.5101829], [-58.5269955, -34.5101857]]}, "properties": {"clase": "autopista", "nombre": "Colectora Acceso Norte", "osm_way": 1332910611, "fuente": "OpenStreetMap vía Overpass"}}, {"type": "Feature", "geometry": {"type": "LineString", "coordinates": [[-58.5261196, -34.5105631], [-58.5257143, -34.5107569]]}, "properties": {"clase": "autopista", "nombre": "Colectora Acceso Norte", "osm_way": 1332910612, "fuente": "OpenStreetMap vía Overpass"}}, {"type": "Feature", "geometry": {"type": "LineString", "coordinates": [[-58.5590751, -34.4938034], [-58.5590607, -34.493809]]}, "properties": {"clase": "autopista", "nombre": "Acceso Norte", "osm_way": 1332923135, "fuente": "OpenStreetMap vía Overpass"}}, {"type": "Feature", "geometry": {"type": "LineString", "coordinates": [[-58.557714, -34.4921496], [-58.5577118, -34.4921566]]}, "properties": {"clase": "autopista", "nombre": "Acceso Norte Ramal Tigre", "osm_way": 1332924002, "fuente": "OpenStreetMap vía Overpass"}}, {"type": "Feature", "geometry": {"type": "LineString", "coordinates": [[-58.5568296, -34.4949261], [-58.5568245, -34.4949337]]}, "properties": {"clase": "autopista", "nombre": "Acceso Norte Ramal Tigre", "osm_way": 1332924201, "fuente": "OpenStreetMap vía Overpass"}}, {"type": "Feature", "geometry": {"type": "LineString", "coordinates": [[-58.4915537, -34.4815147], [-58.4916592, -34.4813975]]}, "properties": {"clase": "avenida", "nombre": "Avenida del Libertador", "osm_way": 1333301859, "fuente": "OpenStreetMap vía Overpass"}}, {"type": "Feature", "geometry": {"type": "LineString", "coordinates": [[-58.4844531, -34.4916125], [-58.4844714, -34.4915331], [-58.4846015, -34.491067]]}, "properties": {"clase": "avenida", "nombre": "Avenida del Libertador", "osm_way": 1333304551, "fuente": "OpenStreetMap vía Overpass"}}, {"type": "Feature", "geometry": {"type": "LineString", "coordinates": [[-58.4846015, -34.491067], [-58.484637, -34.49094]]}, "properties": {"clase": "avenida", "nombre": "Avenida del Libertador", "osm_way": 1333304553, "fuente": "OpenStreetMap vía Overpass"}}, {"type": "Feature", "geometry": {"type": "LineString", "coordinates": [[-58.4801817, -34.5064683], [-58.4802187, -34.5063747], [-58.480304, -34.5061411]]}, "properties": {"clase": "avenida", "nombre": "Avenida del Libertador", "osm_way": 1333308637, "fuente": "OpenStreetMap vía Overpass"}}, {"type": "Feature", "geometry": {"type": "LineString", "coordinates": [[-58.5825421, -34.547899], [-58.5826097, -34.548078]]}, "properties": {"clase": "avenida", "nombre": "Diagonal 190 - Brigadier General Juan Manuel de Rosas", "osm_way": 1333543123, "fuente": "OpenStreetMap vía Overpass"}}, {"type": "Feature", "geometry": {"type": "LineString", "coordinates": [[-58.5816688, -34.5455926], [-58.5823042, -34.5472734], [-58.5824817, -34.5477401], [-58.5825421, -34.547899]]}, "properties": {"clase": "avenida", "nombre": "Diagonal 190 - Brigadier General Juan Manuel de Rosas", "osm_way": 1333543124, "fuente": "OpenStreetMap vía Overpass"}}, {"type": "Feature", "geometry": {"type": "LineString", "coordinates": [[-58.5791099, -34.5401931], [-58.5790684, -34.5400943], [-58.5790275, -34.539997]]}, "properties": {"clase": "avenida", "nombre": "Diagonal 190 - Brigadier General Juan Manuel de Rosas", "osm_way": 1333546900, "fuente": "OpenStreetMap vía Overpass"}}, {"type": "Feature", "geometry": {"type": "LineString", "coordinates": [[-58.4787631, -34.509823], [-58.4790802, -34.5090878]]}, "properties": {"clase": "avenida", "nombre": "Avenida del Libertador", "osm_way": 1335186853, "fuente": "OpenStreetMap vía Overpass"}}, {"type": "Feature", "geometry": {"type": "LineString", "coordinates": [[-58.6140985, -34.4850803], [-58.6139312, -34.4849744]]}, "properties": {"clase": "avenida", "nombre": "Avenida Ángel Torcuato de Alvear", "osm_way": 1337835256, "fuente": "OpenStreetMap vía Overpass"}}, {"type": "Feature", "geometry": {"type": "LineString", "coordinates": [[-58.6151419, -34.4856514], [-58.6145616, -34.4853027], [-58.6144033, -34.4852537], [-58.6140985, -34.4850803]]}, "properties": {"clase": "avenida", "nombre": "Avenida Ángel Torcuato de Alvear", "osm_way": 1337835257, "fuente": "OpenStreetMap vía Overpass"}}, {"type": "Feature", "geometry": {"type": "LineString", "coordinates": [[-58.6088243, -34.4496276], [-58.6087371, -34.4495868], [-58.6080484, -34.4492809], [-58.6074744, -34.4490224], [-58.6073186, -34.4489521], [-58.6072064, -34.4489025]]}, "properties": {"clase": "avenida", "nombre": "Avenida Juan Domingo Perón", "osm_way": 1338036281, "fuente": "OpenStreetMap vía Overpass"}}, {"type": "Feature", "geometry": {"type": "LineString", "coordinates": [[-58.6106408, -34.450438], [-58.6105497, -34.4504001], [-58.6090405, -34.4497226], [-58.6089446, -34.4496802], [-58.6088243, -34.4496276]]}, "properties": {"clase": "avenida", "nombre": "Avenida Juan Domingo Perón", "osm_way": 1338036282, "fuente": "OpenStreetMap vía Overpass"}}, {"type": "Feature", "geometry": {"type": "LineString", "coordinates": [[-58.5978414, -34.4755534], [-58.5978542, -34.4754113]]}, "properties": {"clase": "avenida", "nombre": "Avenida Hipólito Yrigoyen", "osm_way": 1338563126, "fuente": "OpenStreetMap vía Overpass"}}, {"type": "Feature", "geometry": {"type": "LineString", "coordinates": [[-58.5978542, -34.4754113], [-58.5978932, -34.4755513]]}, "properties": {"clase": "avenida", "nombre": "Avenida Hipólito Yrigoyen", "osm_way": 1338563127, "fuente": "OpenStreetMap vía Overpass"}}, {"type": "Feature", "geometry": {"type": "LineString", "coordinates": [[-58.5470971, -34.4922511], [-58.5469912, -34.4921934]]}, "properties": {"clase": "avenida", "nombre": "Avenida Bernabé Márquez", "osm_way": 1352886169, "fuente": "OpenStreetMap vía Overpass"}}, {"type": "Feature", "geometry": {"type": "LineString", "coordinates": [[-58.5492433, -34.4932867], [-58.5491546, -34.493243], [-58.5490462, -34.4931897], [-58.5486611, -34.4930001], [-58.5484718, -34.4929092], [-58.5472877, -34.492341], [-58.5471884, -34.492296], [-58.5470971, -34.4922511]]}, "properties": {"clase": "avenida", "nombre": "Avenida Bernabé Márquez", "osm_way": 1352886171, "fuente": "OpenStreetMap vía Overpass"}}, {"type": "Feature", "geometry": {"type": "LineString", "coordinates": [[-58.5470313, -34.4921101], [-58.5471468, -34.4921694]]}, "properties": {"clase": "avenida", "nombre": "Avenida Bernabé Márquez", "osm_way": 1352886172, "fuente": "OpenStreetMap vía Overpass"}}, {"type": "Feature", "geometry": {"type": "LineString", "coordinates": [[-58.5471468, -34.4921694], [-58.5472391, -34.4922149], [-58.5487171, -34.492927], [-58.5491888, -34.4931613], [-58.5492055, -34.4931704], [-58.5492951, -34.4932159], [-58.5493535, -34.4932455], [-58.5493634, -34.4932506], [-58.5494804, -34.4933106], [-58.5508931, -34.494039], [-58.5509634, -34.494082], [-58.551035, -34.4941282], [-58.5510475, -34.4941384]]}, "properties": {"clase": "avenida", "nombre": "Avenida Bernabé Márquez", "osm_way": 1352886173, "fuente": "OpenStreetMap vía Overpass"}}, {"type": "Feature", "geometry": {"type": "LineString", "coordinates": [[-58.6153954, -34.4525709], [-58.6152956, -34.4525244], [-58.6139784, -34.4519365], [-58.6139123, -34.451907], [-58.6137945, -34.4518542]]}, "properties": {"clase": "avenida", "nombre": "Avenida Juan Domingo Perón", "osm_way": 1353400225, "fuente": "OpenStreetMap vía Overpass"}}, {"type": "Feature", "geometry": {"type": "LineString", "coordinates": [[-58.6138448, -34.4517864], [-58.6139618, -34.4518405], [-58.6152739, -34.4524257], [-58.6153447, -34.4524573], [-58.615446, -34.4525006]]}, "properties": {"clase": "avenida", "nombre": "Avenida Juan Domingo Perón", "osm_way": 1353400226, "fuente": "OpenStreetMap vía Overpass"}}, {"type": "Feature", "geometry": {"type": "LineString", "coordinates": [[-58.6137945, -34.4518542], [-58.6137185, -34.4518199], [-58.612376, -34.4512117], [-58.612324, -34.4511881], [-58.6122158, -34.4511398], [-58.6121423, -34.4511067], [-58.6108114, -34.4505166], [-58.6107484, -34.4504887], [-58.6106408, -34.450438]]}, "properties": {"clase": "avenida", "nombre": "Avenida Juan Domingo Perón", "osm_way": 1353400230, "fuente": "OpenStreetMap vía Overpass"}}, {"type": "Feature", "geometry": {"type": "LineString", "coordinates": [[-58.6088734, -34.4495613], [-58.6089905, -34.4496121], [-58.610545, -34.4503126], [-58.6105912, -34.4503332], [-58.6106822, -34.4503724], [-58.6107927, -34.4504227], [-58.6121067, -34.4510066], [-58.6121866, -34.4510421], [-58.6122783, -34.4510828], [-58.6123706, -34.4511244], [-58.6134307, -34.4516018], [-58.6137293, -34.4517332], [-58.6138448, -34.4517864]]}, "properties": {"clase": "avenida", "nombre": "Avenida Juan Domingo Perón", "osm_way": 1353400231, "fuente": "OpenStreetMap vía Overpass"}}, {"type": "Feature", "geometry": {"type": "LineString", "coordinates": [[-58.6072483, -34.4488412], [-58.6073638, -34.448888], [-58.6087398, -34.4495095], [-58.60878, -34.4495216], [-58.6088734, -34.4495613]]}, "properties": {"clase": "avenida", "nombre": "Avenida Juan Domingo Perón", "osm_way": 1353400232, "fuente": "OpenStreetMap vía Overpass"}}, {"type": "Feature", "geometry": {"type": "LineString", "coordinates": [[-58.6072064, -34.4489025], [-58.6071032, -34.4488573], [-58.6057209, -34.4482366], [-58.6056946, -34.4482248], [-58.6055665, -34.4481649]]}, "properties": {"clase": "avenida", "nombre": "Avenida Juan Domingo Perón", "osm_way": 1353400235, "fuente": "OpenStreetMap vía Overpass"}}, {"type": "Feature", "geometry": {"type": "LineString", "coordinates": [[-58.6056242, -34.4481101], [-58.6057369, -34.4481608], [-58.6068693, -34.4486704], [-58.6071213, -34.4487829], [-58.6071464, -34.4487949], [-58.6072483, -34.4488412]]}, "properties": {"clase": "avenida", "nombre": "Avenida Juan Domingo Perón", "osm_way": 1353400236, "fuente": "OpenStreetMap vía Overpass"}}, {"type": "Feature", "geometry": {"type": "LineString", "coordinates": [[-58.6039463, -34.4473479], [-58.6040422, -34.4473933], [-58.6055086, -34.4480585], [-58.6055207, -34.4480639], [-58.6056242, -34.4481101]]}, "properties": {"clase": "avenida", "nombre": "Avenida Juan Domingo Perón", "osm_way": 1353400237, "fuente": "OpenStreetMap vía Overpass"}}, {"type": "Feature", "geometry": {"type": "LineString", "coordinates": [[-58.6022136, -34.4466679], [-58.602136, -34.4466367], [-58.6008168, -34.4460397], [-58.6006423, -34.4459607], [-58.6005563, -34.4459178]]}, "properties": {"clase": "avenida", "nombre": "Avenida Juan Domingo Perón", "osm_way": 1353400238, "fuente": "OpenStreetMap vía Overpass"}}, {"type": "Feature", "geometry": {"type": "LineString", "coordinates": [[-58.5276378, -34.4523453], [-58.5276005, -34.4523755]]}, "properties": {"clase": "avenida", "nombre": "Avenida del Libertador", "osm_way": 1353994391, "fuente": "OpenStreetMap vía Overpass"}}, {"type": "Feature", "geometry": {"type": "LineString", "coordinates": [[-58.5276378, -34.4523453], [-58.5277044, -34.4523031]]}, "properties": {"clase": "avenida", "nombre": "Avenida del Libertador", "osm_way": 1353994392, "fuente": "OpenStreetMap vía Overpass"}}, {"type": "Feature", "geometry": {"type": "LineString", "coordinates": [[-58.5510389, -34.4942633], [-58.5509662, -34.494197]]}, "properties": {"clase": "avenida", "nombre": "Avenida Bernabé Márquez", "osm_way": 1354710791, "fuente": "OpenStreetMap vía Overpass"}}, {"type": "Feature", "geometry": {"type": "LineString", "coordinates": [[-58.5511461, -34.4943569], [-58.5510389, -34.4942633]]}, "properties": {"clase": "avenida", "nombre": "Avenida Avelino Rolón", "osm_way": 1354710796, "fuente": "OpenStreetMap vía Overpass"}}, {"type": "Feature", "geometry": {"type": "LineString", "coordinates": [[-58.5511286, -34.4942047], [-58.5512482, -34.4943018]]}, "properties": {"clase": "avenida", "nombre": "Avenida Avelino Rolón", "osm_way": 1354710798, "fuente": "OpenStreetMap vía Overpass"}}, {"type": "Feature", "geometry": {"type": "LineString", "coordinates": [[-58.5510475, -34.4941384], [-58.5511286, -34.4942047]]}, "properties": {"clase": "avenida", "nombre": "Avenida Bernabé Márquez", "osm_way": 1354710799, "fuente": "OpenStreetMap vía Overpass"}}, {"type": "Feature", "geometry": {"type": "LineString", "coordinates": [[-58.5667035, -34.4344384], [-58.5667531, -34.4344771]]}, "properties": {"clase": "avenida", "nombre": "Almirante Brown", "osm_way": 1354812372, "fuente": "OpenStreetMap vía Overpass"}}, {"type": "Feature", "geometry": {"type": "LineString", "coordinates": [[-58.5127042, -34.4743767], [-58.5126536, -34.4742952]]}, "properties": {"clase": "avenida", "nombre": "Avenida Bernabé Márquez", "osm_way": 1355287709, "fuente": "OpenStreetMap vía Overpass"}}, {"type": "Feature", "geometry": {"type": "LineString", "coordinates": [[-58.5126536, -34.4742952], [-58.5127564, -34.4743247]]}, "properties": {"clase": "avenida", "nombre": "Avenida Bernabé Márquez", "osm_way": 1355287710, "fuente": "OpenStreetMap vía Overpass"}}, {"type": "Feature", "geometry": {"type": "LineString", "coordinates": [[-58.5599533, -34.4858943], [-58.5598961, -34.4860875]]}, "properties": {"clase": "autopista", "nombre": "Acceso Norte Ramal Tigre", "osm_way": 1355882481, "fuente": "OpenStreetMap vía Overpass"}}, {"type": "Feature", "geometry": {"type": "LineString", "coordinates": [[-58.5597816, -34.4863984], [-58.5593377, -34.4873851]]}, "properties": {"clase": "autopista", "nombre": "Acceso Norte Ramal Tigre", "osm_way": 1355882482, "fuente": "OpenStreetMap vía Overpass"}}, {"type": "Feature", "geometry": {"type": "LineString", "coordinates": [[-58.5593975, -34.4863096], [-58.5594612, -34.4861065]]}, "properties": {"clase": "autopista", "nombre": "Acceso Norte Ramal Tigre", "osm_way": 1355882483, "fuente": "OpenStreetMap vía Overpass"}}, {"type": "Feature", "geometry": {"type": "LineString", "coordinates": [[-58.5595025, -34.4859896], [-58.5595738, -34.4857833]]}, "properties": {"clase": "autopista", "nombre": "Acceso Norte Ramal Tigre", "osm_way": 1355882484, "fuente": "OpenStreetMap vía Overpass"}}, {"type": "Feature", "geometry": {"type": "LineString", "coordinates": [[-58.6022638, -34.4466004], [-58.6023726, -34.4466503], [-58.6037895, -34.4472759], [-58.6038567, -34.4473054], [-58.6039463, -34.4473479]]}, "properties": {"clase": "avenida", "nombre": "Avenida Juan Domingo Perón", "osm_way": 1376168424, "fuente": "OpenStreetMap vía Overpass"}}, {"type": "Feature", "geometry": {"type": "LineString", "coordinates": [[-58.6038997, -34.4474087], [-58.6038133, -34.4473691], [-58.6025109, -34.4468024], [-58.6023282, -34.4467229], [-58.6022136, -34.4466679]]}, "properties": {"clase": "avenida", "nombre": "Avenida Juan Domingo Perón", "osm_way": 1377033929, "fuente": "OpenStreetMap vía Overpass"}}, {"type": "Feature", "geometry": {"type": "LineString", "coordinates": [[-58.590449, -34.5093684], [-58.5905238, -34.5091977]]}, "properties": {"clase": "ferrocarril", "nombre": "FC Mitre", "osm_way": 1396679951, "fuente": "OpenStreetMap vía Overpass"}}, {"type": "Feature", "geometry": {"type": "LineString", "coordinates": [[-58.5962432, -34.4929345], [-58.5965714, -34.4912654]]}, "properties": {"clase": "ferrocarril", "nombre": "FC Mitre", "osm_way": 1396679952, "fuente": "OpenStreetMap vía Overpass"}}, {"type": "Feature", "geometry": {"type": "LineString", "coordinates": [[-58.5749817, -34.5357828], [-58.5761645, -34.5348437], [-58.576873, -34.5342686], [-58.5769562, -34.5342019]]}, "properties": {"clase": "ferrocarril", "nombre": "FC Mitre", "osm_way": 1396679954, "fuente": "OpenStreetMap vía Overpass"}}, {"type": "Feature", "geometry": {"type": "LineString", "coordinates": [[-58.577127, -34.5345852], [-58.5770582, -34.5344102], [-58.5769562, -34.5342019]]}, "properties": {"clase": "avenida", "nombre": "Diagonal 190 - Brigadier General Juan Manuel de Rosas", "osm_way": 1396679955, "fuente": "OpenStreetMap vía Overpass"}}, {"type": "Feature", "geometry": {"type": "LineString", "coordinates": [[-58.5693953, -34.5402872], [-58.571852, -34.5383063]]}, "properties": {"clase": "ferrocarril", "nombre": "FC Mitre", "osm_way": 1396679958, "fuente": "OpenStreetMap vía Overpass"}}, {"type": "Feature", "geometry": {"type": "LineString", "coordinates": [[-58.5674575, -34.5418497], [-58.5677798, -34.5415898], [-58.5693953, -34.5402872]]}, "properties": {"clase": "ferrocarril", "nombre": "FC Mitre", "osm_way": 1396679964, "fuente": "OpenStreetMap vía Overpass"}}, {"type": "Feature", "geometry": {"type": "LineString", "coordinates": [[-58.5581376, -34.5493152], [-58.5607782, -34.5472024], [-58.5611934, -34.5468701]]}, "properties": {"clase": "ferrocarril", "nombre": "FC Mitre", "osm_way": 1396679972, "fuente": "OpenStreetMap vía Overpass"}}, {"type": "Feature", "geometry": {"type": "LineString", "coordinates": [[-58.5545723, -34.5521678], [-58.5551351, -34.5517234], [-58.5552659, -34.5516201], [-58.5560625, -34.5509914], [-58.5581376, -34.5493152]]}, "properties": {"clase": "ferrocarril", "nombre": "FC Mitre", "osm_way": 1396679974, "fuente": "OpenStreetMap vía Overpass"}}, {"type": "Feature", "geometry": {"type": "LineString", "coordinates": [[-58.5769562, -34.5342019], [-58.576947, -34.5341831], [-58.5759698, -34.5324237]]}, "properties": {"clase": "avenida", "nombre": "Diagonal 190 - Brigadier General Juan Manuel de Rosas", "osm_way": 1412563145, "fuente": "OpenStreetMap vía Overpass"}}, {"type": "Feature", "geometry": {"type": "LineString", "coordinates": [[-58.5611934, -34.5468701], [-58.5623258, -34.5459638]]}, "properties": {"clase": "ferrocarril", "nombre": "FC Mitre", "osm_way": 1412601270, "fuente": "OpenStreetMap vía Overpass"}}, {"type": "Feature", "geometry": {"type": "LineString", "coordinates": [[-58.5707241, -34.4326316], [-58.5705292, -34.4329475], [-58.5703702, -34.4332834], [-58.5700679, -34.4340183], [-58.5699617, -34.4342447], [-58.5697725, -34.4346479], [-58.5695471, -34.4351281], [-58.5693122, -34.4356304], [-58.5692208, -34.4358055], [-58.5691261, -34.4359512], [-58.568997, -34.4361165], [-58.5688833, -34.4362621], [-58.5685814, -34.4365754], [-58.5685133, -34.4366461], [-58.5675337, -34.4374375], [-58.5673698, -34.4375686], [-58.5664978, -34.4382449], [-58.5664453, -34.4382875], [-58.5663521, -34.4383632], [-58.5656959, -34.4388962], [-58.564939, -34.4394659], [-58.5641736, -34.440056], [-58.5633905, -34.4406609], [-58.5627056, -34.4411899], [-58.5618584, -34.4418419], [-58.5608942, -34.4425839], [-58.55953, -34.4436412]]}, "properties": {"clase": "ferrocarril", "nombre": "FC Mitre", "osm_way": 1421197412, "fuente": "OpenStreetMap vía Overpass"}}, {"type": "Feature", "geometry": {"type": "LineString", "coordinates": [[-58.5598144, -34.4434597], [-58.5599074, -34.4433889], [-58.5609268, -34.4426127], [-58.5618885, -34.441871], [-58.563422, -34.4406884], [-58.564111, -34.440157], [-58.5642062, -34.4400836], [-58.5649684, -34.4394958], [-58.5657219, -34.4389183], [-58.5665227, -34.4382679], [-58.5673875, -34.4375827], [-58.5681749, -34.4369603], [-58.5685422, -34.4366667], [-58.5686154, -34.4365945], [-58.5686427, -34.4365668], [-58.5688378, -34.4363731], [-58.5689289, -34.4362826], [-58.5690355, -34.4361438], [-58.5691649, -34.4359782], [-58.5692643, -34.4358238], [-58.5693842, -34.4356119], [-58.569593, -34.4351485], [-58.5701188, -34.4340337], [-58.5703984, -34.4333152], [-58.5705708, -34.4329608], [-58.5707407, -34.4326917], [-58.5707604, -34.4326604]]}, "properties": {"clase": "ferrocarril", "nombre": "FC Mitre", "osm_way": 1421197413, "fuente": "OpenStreetMap vía Overpass"}}, {"type": "Feature", "geometry": {"type": "LineString", "coordinates": [[-58.4662581, -34.5367618], [-58.4663125, -34.536672]]}, "properties": {"clase": "avenida", "nombre": "Avenida Del Libertador", "osm_way": 1423831963, "fuente": "OpenStreetMap vía Overpass"}}, {"type": "Feature", "geometry": {"type": "LineString", "coordinates": [[-58.4663125, -34.536672], [-58.4663601, -34.5365949]]}, "properties": {"clase": "avenida", "nombre": "Avenida Del Libertador", "osm_way": 1423831964, "fuente": "OpenStreetMap vía Overpass"}}, {"type": "Feature", "geometry": {"type": "LineString", "coordinates": [[-58.467824, -34.5339611], [-58.4679474, -34.5336236], [-58.4679602, -34.5335156], [-58.4679863, -34.5332079], [-58.4679914, -34.5331725], [-58.4679972, -34.5331263]]}, "properties": {"clase": "avenida", "nombre": "Avenida del Libertador", "osm_way": 1423831967, "fuente": "OpenStreetMap vía Overpass"}}, {"type": "Feature", "geometry": {"type": "LineString", "coordinates": [[-58.468318, -34.5331954], [-58.4681637, -34.5335086], [-58.4681076, -34.5336133], [-58.4680205, -34.5337868], [-58.4679215, -34.5339939]]}, "properties": {"clase": "avenida", "nombre": "Avenida del Libertador", "osm_way": 1423831968, "fuente": "OpenStreetMap vía Overpass"}}, {"type": "Feature", "geometry": {"type": "LineString", "coordinates": [[-58.4566536, -34.5472385], [-58.4569665, -34.5469912]]}, "properties": {"clase": "avenida", "nombre": "Avenida Del Libertador", "osm_way": 1435802199, "fuente": "OpenStreetMap vía Overpass"}}, {"type": "Feature", "geometry": {"type": "LineString", "coordinates": [[-58.6170911, -34.4866181], [-58.6170268, -34.4865843]]}, "properties": {"clase": "avenida", "nombre": "Avenida Ángel Torcuato de Alvear", "osm_way": 1442591319, "fuente": "OpenStreetMap vía Overpass"}}, {"type": "Feature", "geometry": {"type": "LineString", "coordinates": [[-58.6170788, -34.486527], [-58.6171483, -34.4865635]]}, "properties": {"clase": "avenida", "nombre": "Avenida Ángel Torcuato de Alvear", "osm_way": 1442591320, "fuente": "OpenStreetMap vía Overpass"}}, {"type": "Feature", "geometry": {"type": "LineString", "coordinates": [[-58.5760175, -34.5323617], [-58.5760419, -34.5324046]]}, "properties": {"clase": "avenida", "nombre": "Diagonal 190 - Brigadier General Juan Manuel de Rosas", "osm_way": 1443259160, "fuente": "OpenStreetMap vía Overpass"}}, {"type": "Feature", "geometry": {"type": "LineString", "coordinates": [[-58.5757763, -34.5320748], [-58.5757637, -34.5319828]]}, "properties": {"clase": "avenida", "nombre": "Diagonal 190 - Brigadier General Juan Manuel de Rosas", "osm_way": 1443259161, "fuente": "OpenStreetMap vía Overpass"}}, {"type": "Feature", "geometry": {"type": "LineString", "coordinates": [[-58.5054016, -34.530553], [-58.505593, -34.5302806]]}, "properties": {"clase": "autopista", "nombre": "Colectora Acceso Norte", "osm_way": 1446036144, "fuente": "OpenStreetMap vía Overpass"}}, {"type": "Feature", "geometry": {"type": "LineString", "coordinates": [[-58.5180842, -34.4618612], [-58.5180169, -34.4619407], [-58.5180033, -34.4619596], [-58.5173172, -34.4627947], [-58.5172859, -34.4628329]]}, "properties": {"clase": "avenida", "nombre": "Avenida del Libertador", "osm_way": 1455793048, "fuente": "OpenStreetMap vía Overpass"}}, {"type": "Feature", "geometry": {"type": "LineString", "coordinates": [[-58.5808826, -34.4429305], [-58.580414, -34.4434621], [-58.5798191, -34.4442651]]}, "properties": {"clase": "autopista", "nombre": "Acceso Norte Ramal Tigre", "osm_way": 1462460406, "fuente": "OpenStreetMap vía Overpass"}}, {"type": "Feature", "geometry": {"type": "LineString", "coordinates": [[-58.581121, -34.4426482], [-58.5808826, -34.4429305]]}, "properties": {"clase": "autopista", "nombre": "Acceso Norte Ramal Tigre", "osm_way": 1462460407, "fuente": "OpenStreetMap vía Overpass"}}, {"type": "Feature", "geometry": {"type": "LineString", "coordinates": [[-58.6139312, -34.4849744], [-58.6137074, -34.4848323], [-58.6133735, -34.4846524]]}, "properties": {"clase": "avenida", "nombre": "Avenida Ángel Torcuato de Alvear", "osm_way": 1462831467, "fuente": "OpenStreetMap vía Overpass"}}, {"type": "Feature", "geometry": {"type": "LineString", "coordinates": [[-58.613612, -34.4846774], [-58.6137489, -34.4847508], [-58.6139035, -34.4848308], [-58.6141964, -34.4849641]]}, "properties": {"clase": "avenida", "nombre": "Avenida Ángel Torcuato de Alvear", "osm_way": 1462831472, "fuente": "OpenStreetMap vía Overpass"}}, {"type": "Feature", "geometry": {"type": "LineString", "coordinates": [[-58.6114277, -34.4835064], [-58.6122288, -34.4839419], [-58.612333, -34.4840005]]}, "properties": {"clase": "avenida", "nombre": "Avenida Ángel Torcuato de Alvear", "osm_way": 1465440179, "fuente": "OpenStreetMap vía Overpass"}}, {"type": "Feature", "geometry": {"type": "LineString", "coordinates": [[-58.5696709, -34.4504186], [-58.5695797, -34.450381]]}, "properties": {"clase": "avenida", "nombre": "Avenida Hipólito Yrigoyen", "osm_way": 1466228102, "fuente": "OpenStreetMap vía Overpass"}}, {"type": "Feature", "geometry": {"type": "LineString", "coordinates": [[-58.5756893, -34.4530029], [-58.5747142, -34.4525822], [-58.5746675, -34.452562], [-58.5745535, -34.4525097], [-58.5743964, -34.4524404], [-58.5739804, -34.4522538], [-58.5737684, -34.452165], [-58.5735346, -34.4520671], [-58.5732168, -34.4519342], [-58.5724695, -34.4516268], [-58.5723743, -34.451587], [-58.5719913, -34.4514271], [-58.5709754, -34.4509905], [-58.5709641, -34.4509857], [-58.5708538, -34.4509383], [-58.5708104, -34.4509196], [-58.5697771, -34.4504674], [-58.5696709, -34.4504186]]}, "properties": {"clase": "avenida", "nombre": "Avenida Hipólito Yrigoyen", "osm_way": 1466228103, "fuente": "OpenStreetMap vía Overpass"}}, {"type": "Feature", "geometry": {"type": "LineString", "coordinates": [[-58.4485452, -34.5430209], [-58.4472661, -34.5437073]]}, "properties": {"clase": "autopista", "nombre": "Avenida Leopoldo Lugones", "osm_way": 1469416351, "fuente": "OpenStreetMap vía Overpass"}}, {"type": "Feature", "geometry": {"type": "LineString", "coordinates": [[-58.5787567, -34.5389496], [-58.5791784, -34.5399522]]}, "properties": {"clase": "avenida", "nombre": "Diagonal 190 - Brigadier General Juan Manuel de Rosas", "osm_way": 1469953404, "fuente": "OpenStreetMap vía Overpass"}}, {"type": "Feature", "geometry": {"type": "LineString", "coordinates": [[-58.4683221, -34.5359114], [-58.4682651, -34.5358909]]}, "properties": {"clase": "autopista", "nombre": "Avenida General Paz", "osm_way": 1493546007, "fuente": "OpenStreetMap vía Overpass"}}, {"type": "Feature", "geometry": {"type": "LineString", "coordinates": [[-58.553929, -34.5176488], [-58.5539653, -34.5176205]]}, "properties": {"clase": "ferrocarril", "nombre": "FC Belgrano", "osm_way": 1503438173, "fuente": "OpenStreetMap vía Overpass"}}, {"type": "Feature", "geometry": {"type": "LineString", "coordinates": [[-58.552727, -34.518607], [-58.5528114, -34.5185395], [-58.5537645, -34.5177773], [-58.553929, -34.5176488]]}, "properties": {"clase": "ferrocarril", "nombre": "FC Belgrano", "osm_way": 1503438174, "fuente": "OpenStreetMap vía Overpass"}}, {"type": "Feature", "geometry": {"type": "LineString", "coordinates": [[-58.5539064, -34.5176194], [-58.5537399, -34.5177537], [-58.5526983, -34.5185779]]}, "properties": {"clase": "ferrocarril", "nombre": "FC Belgrano", "osm_way": 1503438175, "fuente": "OpenStreetMap vía Overpass"}}, {"type": "Feature", "geometry": {"type": "LineString", "coordinates": [[-58.5539367, -34.517595], [-58.5539064, -34.5176194]]}, "properties": {"clase": "ferrocarril", "nombre": "FC Belgrano", "osm_way": 1503438176, "fuente": "OpenStreetMap vía Overpass"}}, {"type": "Feature", "geometry": {"type": "LineString", "coordinates": [[-58.5538629, -34.5175845], [-58.553705, -34.5177179], [-58.5531592, -34.5181466]]}, "properties": {"clase": "ferrocarril", "nombre": "", "osm_way": 1503438177, "fuente": "OpenStreetMap vía Overpass"}}, {"type": "Feature", "geometry": {"type": "LineString", "coordinates": [[-58.5538954, -34.517557], [-58.5538629, -34.5175845]]}, "properties": {"clase": "ferrocarril", "nombre": "", "osm_way": 1503438178, "fuente": "OpenStreetMap vía Overpass"}}, {"type": "Feature", "geometry": {"type": "LineString", "coordinates": [[-58.5793114, -34.4255855], [-58.5798818, -34.4251356], [-58.5803598, -34.4247472]]}, "properties": {"clase": "ferrocarril", "nombre": "FC Mitre", "osm_way": 1526492803, "fuente": "OpenStreetMap vía Overpass"}}, {"type": "Feature", "geometry": {"type": "LineString", "coordinates": [[-58.5580282, -34.44488], [-58.5586083, -34.4443694], [-58.5588052, -34.444218], [-58.5592285, -34.4438984], [-58.5594632, -34.4437271], [-58.5595189, -34.4436847], [-58.5596085, -34.4436165], [-58.5598144, -34.4434597]]}, "properties": {"clase": "ferrocarril", "nombre": "FC Mitre", "osm_way": 1526492804, "fuente": "OpenStreetMap vía Overpass"}}, {"type": "Feature", "geometry": {"type": "LineString", "coordinates": [[-58.55953, -34.4436412], [-58.559442, -34.4437094], [-58.5593428, -34.4437831], [-58.5592227, -34.4438723], [-58.5587861, -34.4442017], [-58.5585871, -34.4443575], [-58.5581971, -34.4446924], [-58.5580023, -34.4448582]]}, "properties": {"clase": "ferrocarril", "nombre": "FC Mitre", "osm_way": 1526492805, "fuente": "OpenStreetMap vía Overpass"}}, {"type": "Feature", "geometry": {"type": "LineString", "coordinates": [[-58.5571223, -34.4456386], [-58.5566997, -34.4460145]]}, "properties": {"clase": "ferrocarril", "nombre": "FC Mitre", "osm_way": 1526492806, "fuente": "OpenStreetMap vía Overpass"}}, {"type": "Feature", "geometry": {"type": "LineString", "coordinates": [[-58.5569927, -34.4458084], [-58.5571479, -34.4456693]]}, "properties": {"clase": "ferrocarril", "nombre": "FC Mitre", "osm_way": 1526492807, "fuente": "OpenStreetMap vía Overpass"}}, {"type": "Feature", "geometry": {"type": "LineString", "coordinates": [[-58.5572165, -34.4455568], [-58.5571223, -34.4456386]]}, "properties": {"clase": "ferrocarril", "nombre": "FC Mitre", "osm_way": 1526492808, "fuente": "OpenStreetMap vía Overpass"}}, {"type": "Feature", "geometry": {"type": "LineString", "coordinates": [[-58.5571479, -34.4456693], [-58.5572466, -34.4455808]]}, "properties": {"clase": "ferrocarril", "nombre": "FC Mitre", "osm_way": 1526492809, "fuente": "OpenStreetMap vía Overpass"}}, {"type": "Feature", "geometry": {"type": "LineString", "coordinates": [[-58.5578561, -34.4449827], [-58.5572165, -34.4455568]]}, "properties": {"clase": "ferrocarril", "nombre": "FC Mitre", "osm_way": 1526492810, "fuente": "OpenStreetMap vía Overpass"}}, {"type": "Feature", "geometry": {"type": "LineString", "coordinates": [[-58.5572466, -34.4455808], [-58.5578837, -34.4450095]]}, "properties": {"clase": "ferrocarril", "nombre": "FC Mitre", "osm_way": 1526492811, "fuente": "OpenStreetMap vía Overpass"}}, {"type": "Feature", "geometry": {"type": "LineString", "coordinates": [[-58.5578837, -34.4450095], [-58.5580282, -34.44488]]}, "properties": {"clase": "ferrocarril", "nombre": "FC Mitre", "osm_way": 1526492812, "fuente": "OpenStreetMap vía Overpass"}}, {"type": "Feature", "geometry": {"type": "LineString", "coordinates": [[-58.5580023, -34.4448582], [-58.5578561, -34.4449827]]}, "properties": {"clase": "ferrocarril", "nombre": "FC Mitre", "osm_way": 1526492813, "fuente": "OpenStreetMap vía Overpass"}}, {"type": "Feature", "geometry": {"type": "LineString", "coordinates": [[-58.5566997, -34.4460145], [-58.5564452, -34.4462409], [-58.5563985, -34.4462808], [-58.5553964, -34.4471361], [-58.5543017, -34.4480213], [-58.5542158, -34.4480813], [-58.5533084, -34.4487506], [-58.5526174, -34.4492633], [-58.5518452, -34.4497989], [-58.5514845, -34.4500635], [-58.5514593, -34.450082], [-58.5507014, -34.4506227], [-58.5502661, -34.4509324], [-58.5499589, -34.4511507], [-58.5498986, -34.4511904], [-58.5490943, -34.45177], [-58.5487181, -34.4520564], [-58.5476037, -34.4528236], [-58.5466738, -34.4534673], [-58.5461376, -34.4538451], [-58.5460656, -34.4539015], [-58.5456718, -34.4541681], [-58.5452336, -34.4544439], [-58.5450147, -34.4545728], [-58.5448088, -34.4546861], [-58.5441683, -34.4550454], [-58.5440096, -34.4551263], [-58.543695, -34.455267], [-58.543317, -34.4554265], [-58.5431824, -34.4554823], [-58.5428556, -34.4556135]]}, "properties": {"clase": "ferrocarril", "nombre": "FC Mitre", "osm_way": 1526492814, "fuente": "OpenStreetMap vía Overpass"}}, {"type": "Feature", "geometry": {"type": "LineString", "coordinates": [[-58.5432066, -34.4555172], [-58.5433197, -34.4554676], [-58.5433421, -34.455459], [-58.5437086, -34.4553044], [-58.5440454, -34.4551533], [-58.544202, -34.4550738], [-58.5448316, -34.4547224], [-58.5450496, -34.4546038], [-58.5452797, -34.4544671], [-58.5457147, -34.4541946], [-58.5461141, -34.4539183], [-58.5467193, -34.4534839], [-58.5468253, -34.4534116], [-58.5476373, -34.452858], [-58.548728, -34.4520921], [-58.549121, -34.4517924], [-58.5499811, -34.4511733], [-58.5502806, -34.4509627], [-58.5507231, -34.4506467], [-58.5526518, -34.4492972], [-58.5533611, -34.4487905], [-58.5537059, -34.4485386], [-58.5537865, -34.4484784], [-58.5542647, -34.4481212], [-58.5543845, -34.4480218], [-58.5554259, -34.4471584], [-58.5564355, -34.4463058], [-58.5564783, -34.4462697], [-58.5569927, -34.4458084]]}, "properties": {"clase": "ferrocarril", "nombre": "FC Mitre", "osm_way": 1526492815, "fuente": "OpenStreetMap vía Overpass"}}, {"type": "Feature", "geometry": {"type": "LineString", "coordinates": [[-58.5428556, -34.4556135], [-58.5426697, -34.4556831], [-58.5425122, -34.4557384], [-58.5422637, -34.4558175], [-58.5420833, -34.4558749], [-58.5420202, -34.455895], [-58.5417301, -34.45598], [-58.5413157, -34.4560834], [-58.5409967, -34.4561579], [-58.5405226, -34.4562578], [-58.5404888, -34.4562649], [-58.540243, -34.456309], [-58.5401903, -34.4563184], [-58.5399493, -34.4563571], [-58.5395819, -34.4564073], [-58.5393365, -34.4564339], [-58.5392205, -34.4564449], [-58.5388222, -34.4564793], [-58.5377213, -34.4565722]]}, "properties": {"clase": "ferrocarril", "nombre": "FC Mitre", "osm_way": 1526492816, "fuente": "OpenStreetMap vía Overpass"}}, {"type": "Feature", "geometry": {"type": "LineString", "coordinates": [[-58.5376874, -34.4566127], [-58.5380742, -34.4565811], [-58.5382778, -34.4565645], [-58.5385702, -34.4565417], [-58.5392259, -34.4564905], [-58.5395696, -34.4564497], [-58.539689, -34.4564325], [-58.5398436, -34.4564077], [-58.5399515, -34.45639], [-58.5401849, -34.4563514], [-58.540487, -34.4562949], [-58.5405253, -34.4562872], [-58.5410037, -34.456186], [-58.5413224, -34.4561088], [-58.5417415, -34.4560097], [-58.5418815, -34.455969], [-58.5420243, -34.4559275], [-58.5420361, -34.4559237], [-58.5422765, -34.4558457], [-58.5426555, -34.4557229], [-58.5428251, -34.4556679], [-58.5432066, -34.4555172]]}, "properties": {"clase": "ferrocarril", "nombre": "FC Mitre", "osm_way": 1526492817, "fuente": "OpenStreetMap vía Overpass"}}, {"type": "Feature", "geometry": {"type": "LineString", "coordinates": [[-58.5218587, -34.4649622], [-58.5219199, -34.4649208], [-58.5219995, -34.464867], [-58.5221932, -34.4647359], [-58.5222454, -34.4647006], [-58.5226102, -34.4644383], [-58.5228828, -34.4642327], [-58.5231212, -34.4640416], [-58.5233504, -34.4638495], [-58.5236335, -34.4635993], [-58.5238574, -34.4633948], [-58.5240909, -34.463171], [-58.5246918, -34.4625929]]}, "properties": {"clase": "ferrocarril", "nombre": "FC Mitre", "osm_way": 1526492818, "fuente": "OpenStreetMap vía Overpass"}}, {"type": "Feature", "geometry": {"type": "LineString", "coordinates": [[-58.5217598, -34.4650277], [-58.5217975, -34.4650036], [-58.5218587, -34.4649622]]}, "properties": {"clase": "ferrocarril", "nombre": "FC Mitre", "osm_way": 1526492819, "fuente": "OpenStreetMap vía Overpass"}}, {"type": "Feature", "geometry": {"type": "LineString", "coordinates": [[-58.5147193, -34.4708495], [-58.5148443, -34.4707205], [-58.5156047, -34.469936], [-58.5159833, -34.4695453], [-58.5171193, -34.4683966], [-58.5172819, -34.4682312], [-58.5173501, -34.4681598], [-58.5180329, -34.4674595], [-58.5183562, -34.4671619], [-58.5184932, -34.4670518], [-58.5186698, -34.46691], [-58.5189047, -34.466724], [-58.5190409, -34.4666251], [-58.5191529, -34.4665438], [-58.5194278, -34.4663547], [-58.5197017, -34.4661885], [-58.5199803, -34.4660259], [-58.5200004, -34.4660142], [-58.5212867, -34.4653123], [-58.5215709, -34.4651484], [-58.5217598, -34.4650277]]}, "properties": {"clase": "ferrocarril", "nombre": "FC Mitre", "osm_way": 1526492820, "fuente": "OpenStreetMap vía Overpass"}}, {"type": "Feature", "geometry": {"type": "LineString", "coordinates": [[-58.5146839, -34.4708258], [-58.514342, -34.471182], [-58.5141076, -34.4714185], [-58.5140444, -34.4714854], [-58.5135543, -34.4719936], [-58.5126076, -34.4729782], [-58.5125529, -34.4730354], [-58.5120181, -34.4735883], [-58.5118686, -34.4737308]]}, "properties": {"clase": "ferrocarril", "nombre": "FC Mitre", "osm_way": 1526505564, "fuente": "OpenStreetMap vía Overpass"}}, {"type": "Feature", "geometry": {"type": "LineString", "coordinates": [[-58.5119105, -34.4737519], [-58.5123732, -34.4732901], [-58.5126473, -34.4729975], [-58.5127484, -34.4728954], [-58.5128689, -34.4727671], [-58.5135898, -34.4720177], [-58.5141471, -34.4714367], [-58.5142519, -34.4713324], [-58.5147193, -34.4708495]]}, "properties": {"clase": "ferrocarril", "nombre": "FC Mitre", "osm_way": 1526505565, "fuente": "OpenStreetMap vía Overpass"}}, {"type": "Feature", "geometry": {"type": "LineString", "coordinates": [[-58.5246479, -34.4625713], [-58.5240636, -34.4631474], [-58.5238239, -34.4633749], [-58.5235927, -34.463583], [-58.523301, -34.4638364], [-58.5230843, -34.4640184], [-58.5228559, -34.4642043], [-58.5225838, -34.4644113], [-58.5222025, -34.4646774], [-58.5220167, -34.4648053], [-58.5219282, -34.4648662], [-58.521856, -34.464916], [-58.521764, -34.4649793], [-58.5217235, -34.4650041], [-58.5215387, -34.4651175], [-58.5212593, -34.465282], [-58.5199749, -34.465991], [-58.5196803, -34.4661637], [-58.519401, -34.4663304], [-58.5191247, -34.4665151], [-58.5188685, -34.4666975], [-58.5186347, -34.4668783], [-58.5185417, -34.4669542], [-58.5184512, -34.4670282], [-58.51832, -34.4671354], [-58.5179962, -34.4674311], [-58.5172553, -34.4682168], [-58.5171076, -34.4683734], [-58.5169472, -34.4685312], [-58.5159443, -34.4695179], [-58.515332, -34.4701539], [-58.5146839, -34.4708258]]}, "properties": {"clase": "ferrocarril", "nombre": "FC Mitre", "osm_way": 1526505566, "fuente": "OpenStreetMap vía Overpass"}}, {"type": "Feature", "geometry": {"type": "LineString", "coordinates": [[-58.4814733, -34.504974], [-58.4813016, -34.5058233], [-58.4811502, -34.5064143], [-58.4810325, -34.5067543], [-58.4809496, -34.5069885], [-58.4805773, -34.507815], [-58.4802383, -34.5085615], [-58.4801727, -34.5087061], [-58.4799498, -34.5091831], [-58.4796449, -34.5098353]]}, "properties": {"clase": "ferrocarril", "nombre": "FC Mitre", "osm_way": 1526507613, "fuente": "OpenStreetMap vía Overpass"}}, {"type": "Feature", "geometry": {"type": "LineString", "coordinates": [[-58.4798991, -34.5093711], [-58.4799804, -34.5092009], [-58.4802081, -34.5087244], [-58.4802736, -34.5085803], [-58.4806159, -34.5078265], [-58.4809796, -34.5069981], [-58.481062, -34.5067636], [-58.4811843, -34.5064241], [-58.4813328, -34.5058307], [-58.4813698, -34.5056547], [-58.4815261, -34.5049116], [-58.4816069, -34.504609], [-58.4816443, -34.5044688]]}, "properties": {"clase": "ferrocarril", "nombre": "FC Mitre", "osm_way": 1526507614, "fuente": "OpenStreetMap vía Overpass"}}, {"type": "Feature", "geometry": {"type": "LineString", "coordinates": [[-58.4830215, -34.5017414], [-58.4828384, -34.5019635], [-58.4826362, -34.5022246], [-58.4824535, -34.5024628], [-58.4822924, -34.5027062], [-58.4820006, -34.5032867], [-58.4819306, -34.5034373], [-58.4818319, -34.50365], [-58.4817649, -34.503836], [-58.4817117, -34.5040246], [-58.4816002, -34.5044619], [-58.4814876, -34.5049032], [-58.4814733, -34.504974]]}, "properties": {"clase": "ferrocarril", "nombre": "FC Mitre", "osm_way": 1526507615, "fuente": "OpenStreetMap vía Overpass"}}, {"type": "Feature", "geometry": {"type": "LineString", "coordinates": [[-58.4816443, -34.5044688], [-58.4817608, -34.5040323], [-58.4818125, -34.5038453], [-58.4818735, -34.5036633], [-58.4820441, -34.5032962], [-58.4820614, -34.5032632], [-58.4823428, -34.5027258], [-58.4825003, -34.5024859], [-58.4826762, -34.5022511], [-58.4828827, -34.501979], [-58.483064, -34.5017606], [-58.4834132, -34.5013887], [-58.4838795, -34.5009563], [-58.4842125, -34.5006913], [-58.4845623, -34.500414], [-58.4847986, -34.5002391], [-58.484894, -34.5001685], [-58.4854955, -34.4997232], [-58.4864772, -34.4990396], [-58.4875816, -34.4982521], [-58.4879918, -34.4979502], [-58.4883884, -34.4976667], [-58.4891523, -34.4970949], [-58.4893648, -34.4969132]]}, "properties": {"clase": "ferrocarril", "nombre": "FC Mitre", "osm_way": 1526507616, "fuente": "OpenStreetMap vía Overpass"}}, {"type": "Feature", "geometry": {"type": "LineString", "coordinates": [[-58.4847639, -34.5002224], [-58.4845348, -34.5003924], [-58.4841846, -34.5006714], [-58.4838545, -34.5009429], [-58.4834674, -34.5012853], [-58.4833788, -34.5013637], [-58.4830215, -34.5017414]]}, "properties": {"clase": "ferrocarril", "nombre": "FC Mitre", "osm_way": 1526507617, "fuente": "OpenStreetMap vía Overpass"}}, {"type": "Feature", "geometry": {"type": "LineString", "coordinates": [[-58.4893234, -34.4968939], [-58.4891101, -34.49707], [-58.4883583, -34.4976438], [-58.4879622, -34.497923], [-58.4875485, -34.4982266], [-58.4864552, -34.4990204], [-58.4860889, -34.4992725], [-58.4854716, -34.4996973], [-58.4847639, -34.5002224]]}, "properties": {"clase": "ferrocarril", "nombre": "FC Mitre", "osm_way": 1526507618, "fuente": "OpenStreetMap vía Overpass"}}, {"type": "Feature", "geometry": {"type": "LineString", "coordinates": [[-58.4893648, -34.4969132], [-58.4895406, -34.4967623], [-58.4896408, -34.4966763], [-58.4898564, -34.496477], [-58.4899986, -34.4963333], [-58.4901392, -34.4961798], [-58.4904716, -34.4957864], [-58.490641, -34.4955751], [-58.4908059, -34.4953463], [-58.4911474, -34.4948836], [-58.4917288, -34.4941458], [-58.4934946, -34.4918065], [-58.4941046, -34.4909586], [-58.4941994, -34.4908317]]}, "properties": {"clase": "ferrocarril", "nombre": "FC Mitre", "osm_way": 1526507619, "fuente": "OpenStreetMap vía Overpass"}}, {"type": "Feature", "geometry": {"type": "LineString", "coordinates": [[-58.4941716, -34.4908189], [-58.4934531, -34.4917823], [-58.4927563, -34.4927254], [-58.491109, -34.4948573], [-58.490767, -34.4953286], [-58.4906021, -34.4955508], [-58.4904325, -34.4957619], [-58.4901932, -34.4960475], [-58.4901127, -34.4961435], [-58.4899677, -34.4963035], [-58.4898269, -34.4964494], [-58.4896189, -34.4966413], [-58.4893234, -34.4968939]]}, "properties": {"clase": "ferrocarril", "nombre": "FC Mitre", "osm_way": 1526507620, "fuente": "OpenStreetMap vía Overpass"}}, {"type": "Feature", "geometry": {"type": "LineString", "coordinates": [[-58.4941994, -34.4908317], [-58.4944209, -34.4905338], [-58.4948419, -34.4900709], [-58.4951578, -34.4897444], [-58.4954552, -34.4894709], [-58.496422, -34.4886333], [-58.497254, -34.4879116], [-58.4973594, -34.4878116], [-58.4974447, -34.487731]]}, "properties": {"clase": "ferrocarril", "nombre": "FC Mitre", "osm_way": 1526507621, "fuente": "OpenStreetMap vía Overpass"}}, {"type": "Feature", "geometry": {"type": "LineString", "coordinates": [[-58.4974193, -34.4877085], [-58.4972122, -34.4878932], [-58.4963935, -34.4886108], [-58.4956962, -34.4892117], [-58.4954335, -34.4894381], [-58.4951325, -34.4897225], [-58.4948195, -34.4900457], [-58.4943978, -34.4905151], [-58.4941716, -34.4908189]]}, "properties": {"clase": "ferrocarril", "nombre": "FC Mitre", "osm_way": 1526507622, "fuente": "OpenStreetMap vía Overpass"}}, {"type": "Feature", "geometry": {"type": "LineString", "coordinates": [[-58.4974447, -34.487731], [-58.4976276, -34.4875581]]}, "properties": {"clase": "ferrocarril", "nombre": "FC Mitre", "osm_way": 1526507623, "fuente": "OpenStreetMap vía Overpass"}}, {"type": "Feature", "geometry": {"type": "LineString", "coordinates": [[-58.4976012, -34.4875306], [-58.4974193, -34.4877085]]}, "properties": {"clase": "ferrocarril", "nombre": "FC Mitre", "osm_way": 1526507624, "fuente": "OpenStreetMap vía Overpass"}}, {"type": "Feature", "geometry": {"type": "LineString", "coordinates": [[-58.4976276, -34.4875581], [-58.4978135, -34.4873685], [-58.4979773, -34.4871864], [-58.4984529, -34.4865995], [-58.4986652, -34.4862857], [-58.4994734, -34.4850909], [-58.5000835, -34.484189], [-58.5009777, -34.4828355], [-58.5010588, -34.4827211], [-58.5012066, -34.4825266], [-58.501488, -34.4821562], [-58.5015813, -34.4820385], [-58.5016617, -34.4819436], [-58.5019697, -34.481605], [-58.5023542, -34.4812188], [-58.5024877, -34.4810915], [-58.5026375, -34.4809502], [-58.5029521, -34.4806838], [-58.5033338, -34.4804036], [-58.5040187, -34.4799052], [-58.5049212, -34.479255], [-58.5049732, -34.4792184], [-58.5056607, -34.478736], [-58.5067099, -34.4779754], [-58.5084907, -34.4766797], [-58.5085868, -34.4766063], [-58.509845, -34.475691], [-58.5111335, -34.4745714], [-58.511501, -34.4741966], [-58.5118638, -34.4737985], [-58.5119105, -34.4737519]]}, "properties": {"clase": "ferrocarril", "nombre": "FC Mitre", "osm_way": 1526507625, "fuente": "OpenStreetMap vía Overpass"}}, {"type": "Feature", "geometry": {"type": "LineString", "coordinates": [[-58.5118686, -34.4737308], [-58.5118287, -34.4737688], [-58.5114503, -34.4741694], [-58.5112075, -34.4744234], [-58.5110888, -34.474544], [-58.5098039, -34.4756508], [-58.50854, -34.4765817], [-58.5071945, -34.4775656], [-58.5066763, -34.4779359], [-58.5056211, -34.4786998], [-58.5048735, -34.479228], [-58.5039853, -34.4798791], [-58.5033032, -34.4803727], [-58.5029211, -34.480654], [-58.5025975, -34.4809249], [-58.50245, -34.4810638], [-58.502321, -34.4811864], [-58.5019331, -34.4815816], [-58.5016383, -34.4818988], [-58.501553, -34.4819981], [-58.5014516, -34.4821271], [-58.5010184, -34.4826957], [-58.5009411, -34.4828087], [-58.5002638, -34.4838261], [-58.5000283, -34.4841655], [-58.4984092, -34.48658], [-58.4979483, -34.4871604], [-58.4977827, -34.487343], [-58.4976012, -34.4875306]]}, "properties": {"clase": "ferrocarril", "nombre": "FC Mitre", "osm_way": 1526507626, "fuente": "OpenStreetMap vía Overpass"}}, {"type": "Feature", "geometry": {"type": "LineString", "coordinates": [[-58.4672596, -34.5383967], [-58.4670985, -34.5388194]]}, "properties": {"clase": "ferrocarril", "nombre": "FC Mitre", "osm_way": 1526508901, "fuente": "OpenStreetMap vía Overpass"}}, {"type": "Feature", "geometry": {"type": "LineString", "coordinates": [[-58.4671418, -34.5388344], [-58.4673111, -34.5384106], [-58.4673436, -34.5383378], [-58.467676, -34.5375017], [-58.467882, -34.5369497], [-58.4680254, -34.5366021], [-58.4682531, -34.5360422], [-58.4683405, -34.5358252], [-58.4684732, -34.5354722], [-58.4684991, -34.5354076]]}, "properties": {"clase": "ferrocarril", "nombre": "FC Mitre", "osm_way": 1526508902, "fuente": "OpenStreetMap vía Overpass"}}, {"type": "Feature", "geometry": {"type": "LineString", "coordinates": [[-58.4722402, -34.5259052], [-58.4719332, -34.5266505], [-58.4719228, -34.5266755], [-58.4717436, -34.5271089], [-58.4715059, -34.5276965], [-58.4712752, -34.5282667], [-58.4710292, -34.5288749], [-58.471012, -34.528913], [-58.4709271, -34.529132], [-58.4707799, -34.5295029], [-58.4705472, -34.5300894], [-58.4703964, -34.5304694], [-58.4699857, -34.5315532], [-58.4698492, -34.5319136], [-58.4695141, -34.5327071], [-58.469288, -34.533302], [-58.4685998, -34.5350455], [-58.4684634, -34.5353929], [-58.46844, -34.5354531], [-58.4682159, -34.5360301], [-58.4679939, -34.5365953], [-58.467688, -34.5373453], [-58.4676377, -34.5374687], [-58.4672886, -34.5383205], [-58.4672596, -34.5383967]]}, "properties": {"clase": "ferrocarril", "nombre": "FC Mitre", "osm_way": 1526508903, "fuente": "OpenStreetMap vía Overpass"}}, {"type": "Feature", "geometry": {"type": "LineString", "coordinates": [[-58.4684991, -34.5354076], [-58.4690592, -34.5340449], [-58.4691384, -34.5338497], [-58.469886, -34.5319317], [-58.4706021, -34.5301061], [-58.4708332, -34.5295172], [-58.4710639, -34.5289314], [-58.4710777, -34.5288967], [-58.4711335, -34.5287582], [-58.4713261, -34.5282863], [-58.4715525, -34.5277112], [-58.4718982, -34.5268587], [-58.471974, -34.5266652], [-58.4722268, -34.5260449], [-58.4723412, -34.5257852], [-58.472798, -34.5247968], [-58.4728188, -34.5247484], [-58.473048, -34.5242382], [-58.4731316, -34.5240456], [-58.4732013, -34.5239018]]}, "properties": {"clase": "ferrocarril", "nombre": "FC Mitre", "osm_way": 1526508904, "fuente": "OpenStreetMap vía Overpass"}}, {"type": "Feature", "geometry": {"type": "LineString", "coordinates": [[-58.4733215, -34.5235532], [-58.4732821, -34.5236363], [-58.473165, -34.5238865], [-58.473012, -34.524228], [-58.4727778, -34.5247419], [-58.4727589, -34.5247819], [-58.4722971, -34.5257698], [-58.4722402, -34.5259052]]}, "properties": {"clase": "ferrocarril", "nombre": "FC Mitre", "osm_way": 1526508905, "fuente": "OpenStreetMap vía Overpass"}}, {"type": "Feature", "geometry": {"type": "LineString", "coordinates": [[-58.4732013, -34.5239018], [-58.473318, -34.5236609], [-58.4733645, -34.5235653]]}, "properties": {"clase": "ferrocarril", "nombre": "FC Mitre", "osm_way": 1526508906, "fuente": "OpenStreetMap vía Overpass"}}, {"type": "Feature", "geometry": {"type": "LineString", "coordinates": [[-58.4777064, -34.5140838], [-58.4775933, -34.5143263], [-58.4773567, -34.5148336], [-58.4770575, -34.5154892], [-58.4767931, -34.516064], [-58.4765979, -34.5164881], [-58.4764957, -34.5167101], [-58.4764613, -34.5167849], [-58.476177, -34.5173716], [-58.4757661, -34.5182194], [-58.4750609, -34.5197759], [-58.4743593, -34.5212724], [-58.473781, -34.5225567], [-58.4737566, -34.522613], [-58.4735374, -34.5230986], [-58.4733215, -34.5235532]]}, "properties": {"clase": "ferrocarril", "nombre": "FC Mitre", "osm_way": 1526508907, "fuente": "OpenStreetMap vía Overpass"}}, {"type": "Feature", "geometry": {"type": "LineString", "coordinates": [[-58.4733645, -34.5235653], [-58.4735741, -34.5231184], [-58.4737999, -34.5226297], [-58.4738238, -34.5225736], [-58.4744026, -34.5212822], [-58.4750129, -34.5199905], [-58.4751049, -34.5197958], [-58.4758239, -34.5182467], [-58.47623, -34.517392], [-58.4765094, -34.516807], [-58.4765455, -34.5167288], [-58.4768442, -34.5160804], [-58.4771058, -34.515512], [-58.4774067, -34.5148578], [-58.4775216, -34.5145965], [-58.4776387, -34.5143426], [-58.4777478, -34.5141039]]}, "properties": {"clase": "ferrocarril", "nombre": "FC Mitre", "osm_way": 1526508908, "fuente": "OpenStreetMap vía Overpass"}}, {"type": "Feature", "geometry": {"type": "LineString", "coordinates": [[-58.4777478, -34.5141039], [-58.4779012, -34.5137715], [-58.4789374, -34.5114624], [-58.4795344, -34.5101705], [-58.4795686, -34.5100956], [-58.4798991, -34.5093711]]}, "properties": {"clase": "ferrocarril", "nombre": "FC Mitre", "osm_way": 1526508909, "fuente": "OpenStreetMap vía Overpass"}}, {"type": "Feature", "geometry": {"type": "LineString", "coordinates": [[-58.4796449, -34.5098353], [-58.479533, -34.510085], [-58.4794997, -34.5101569], [-58.4789083, -34.5114499], [-58.4783716, -34.512626], [-58.4778545, -34.5137592], [-58.4777064, -34.5140838]]}, "properties": {"clase": "ferrocarril", "nombre": "FC Mitre", "osm_way": 1526508910, "fuente": "OpenStreetMap vía Overpass"}}, {"type": "Feature", "geometry": {"type": "LineString", "coordinates": [[-58.4637438, -34.5469225], [-58.4635266, -34.5472977], [-58.4633465, -34.5475864], [-58.4632711, -34.5477058], [-58.4630209, -34.5480746], [-58.4627244, -34.5484748], [-58.4623254, -34.5490097], [-58.4621273, -34.5492699], [-58.4618917, -34.5495606], [-58.4618345, -34.5496303], [-58.46163, -34.5498687], [-58.4614968, -34.5500176], [-58.4614785, -34.5500381]]}, "properties": {"clase": "ferrocarril", "nombre": "FC Mitre", "osm_way": 1526511674, "fuente": "OpenStreetMap vía Overpass"}}, {"type": "Feature", "geometry": {"type": "LineString", "coordinates": [[-58.4615206, -34.5500604], [-58.4615318, -34.5500483], [-58.4616657, -34.5498929], [-58.4618694, -34.5496529], [-58.4619243, -34.549587], [-58.4621571, -34.549299], [-58.4622237, -34.5492106], [-58.4623607, -34.5490357], [-58.4627679, -34.5484888], [-58.4630504, -34.5481044], [-58.4633076, -34.5477362], [-58.4633875, -34.547604], [-58.4635627, -34.5473319], [-58.463784, -34.5469424]]}, "properties": {"clase": "ferrocarril", "nombre": "FC Mitre", "osm_way": 1526511675, "fuente": "OpenStreetMap vía Overpass"}}, {"type": "Feature", "geometry": {"type": "LineString", "coordinates": [[-58.612333, -34.4840005], [-58.6124402, -34.4840547], [-58.613612, -34.4846774]]}, "properties": {"clase": "avenida", "nombre": "Avenida Ángel Torcuato de Alvear", "osm_way": 1534167199, "fuente": "OpenStreetMap vía Overpass"}}, {"type": "Feature", "geometry": {"type": "LineString", "coordinates": [[-58.6066152, -34.4746234], [-58.6067681, -34.4743744]]}, "properties": {"clase": "ferrocarril", "nombre": "FC Mitre", "osm_way": 1543284936, "fuente": "OpenStreetMap vía Overpass"}}, {"type": "Feature", "geometry": {"type": "LineString", "coordinates": [[-58.5977813, -34.4748792], [-58.597722, -34.4747474]]}, "properties": {"clase": "avenida", "nombre": "Avenida Hipólito Yrigoyen", "osm_way": 1543314938, "fuente": "OpenStreetMap vía Overpass"}}, {"type": "Feature", "geometry": {"type": "LineString", "coordinates": [[-58.5858372, -34.4417364], [-58.5860406, -34.4417747], [-58.5860685, -34.4417787], [-58.5861447, -34.4417924]]}, "properties": {"clase": "avenida", "nombre": "Avenida Crisólogo Larralde", "osm_way": 1549250342, "fuente": "OpenStreetMap vía Overpass"}}, {"type": "Feature", "geometry": {"type": "LineString", "coordinates": [[-58.5832211, -34.4412568], [-58.5834629, -34.4412785], [-58.5836336, -34.441318], [-58.5838066, -34.4413531], [-58.58391, -34.441373], [-58.5849101, -34.441562], [-58.585005, -34.4415798], [-58.5851097, -34.4415994], [-58.5857199, -34.4417143], [-58.5858372, -34.4417364]]}, "properties": {"clase": "avenida", "nombre": "Avenida Crisólogo Larralde", "osm_way": 1549250343, "fuente": "OpenStreetMap vía Overpass"}}, {"type": "Feature", "geometry": {"type": "LineString", "coordinates": [[-58.5826009, -34.441134], [-58.5830496, -34.4412227], [-58.5832211, -34.4412568]]}, "properties": {"clase": "avenida", "nombre": "Avenida Crisólogo Larralde", "osm_way": 1549799015, "fuente": "OpenStreetMap vía Overpass"}}, {"type": "Feature", "geometry": {"type": "LineString", "coordinates": [[-58.5822593, -34.4410692], [-58.5826009, -34.441134]]}, "properties": {"clase": "avenida", "nombre": "Avenida Crisólogo Larralde", "osm_way": 1549799016, "fuente": "OpenStreetMap vía Overpass"}}, {"type": "Feature", "geometry": {"type": "LineString", "coordinates": [[-58.5493119, -34.4933204], [-58.5492433, -34.4932867]]}, "properties": {"clase": "avenida", "nombre": "Avenida Bernabé Márquez", "osm_way": 1550066076, "fuente": "OpenStreetMap vía Overpass"}}, {"type": "Feature", "geometry": {"type": "LineString", "coordinates": [[-58.4603657, -34.5441861], [-58.4606348, -34.5439419]]}, "properties": {"clase": "avenida", "nombre": "Avenida Del Libertador", "osm_way": 1554933753, "fuente": "OpenStreetMap vía Overpass"}}]}