<?xml version="1.0" encoding="UTF-8"?>
<osm version="0.6" generator="openstreetmap-cgimap 2.1.0 (244699 spike-07.openstreetmap.org)" copyright="OpenStreetMap and contributors" attribution="http://www.openstreetmap.org/copyright" license="http://opendatacommons.org/licenses/odbl/1-0/">
 <bounds minlat="-34.4700000" minlon="-58.5035000" maxlat="-34.4590000" maxlon="-58.4925000"/>
 <node id="94288191" visible="true" version="10" changeset="83228697" timestamp="2020-04-08T05:18:08Z" user="IjRiver" uid="10811276" lat="-34.4648317" lon="-58.4968295"/>
 <node id="94288798" visible="true" version="9" changeset="10456445" timestamp="2012-01-21T15:14:26Z" user="estela" uid="89271" lat="-34.4647881" lon="-58.4947384"/>
 <node id="94291730" visible="true" version="10" changeset="10456445" timestamp="2012-01-21T15:14:26Z" user="estela" uid="89271" lat="-34.4650663" lon="-58.4950048"/>
 <node id="94294453" visible="true" version="11" changeset="77654413" timestamp="2019-11-27T22:05:59Z" user="Hernan" uid="72347" lat="-34.4697005" lon="-58.4920076"/>
 <node id="94298271" visible="true" version="11" changeset="10657685" timestamp="2012-02-11T21:28:09Z" user="estela" uid="89271" lat="-34.4620933" lon="-58.4980113"/>
 <node id="94300726" visible="true" version="9" changeset="1555496" timestamp="2009-06-18T16:30:40Z" user="zorko" uid="22005" lat="-34.4645458" lon="-58.4951580"/>
 <node id="94302850" visible="true" version="9" changeset="1555458" timestamp="2009-06-18T16:24:49Z" user="zorko" uid="22005" lat="-34.4651752" lon="-58.4968549"/>
 <node id="94305939" visible="true" version="10" changeset="10456445" timestamp="2012-01-21T15:14:27Z" user="estela" uid="89271" lat="-34.4657875" lon="-58.4945633"/>
 <node id="94308529" visible="true" version="10" changeset="77654413" timestamp="2019-11-27T22:05:59Z" user="Hernan" uid="72347" lat="-34.4703816" lon="-58.4921497"/>
 <node id="94308646" visible="true" version="10" changeset="172457308" timestamp="2025-09-25T20:17:30Z" user="muralito" uid="755114" lat="-34.4610809" lon="-58.5002503"/>
 <node id="94310949" visible="true" version="10" changeset="85016474" timestamp="2020-05-11T10:00:42Z" user="IjRiver" uid="10811276" lat="-34.4641279" lon="-58.4959492"/>
 <node id="94311420" visible="true" version="10" changeset="10456445" timestamp="2012-01-21T15:14:27Z" user="estela" uid="89271" lat="-34.4639246" lon="-58.4940531"/>
 <node id="94314067" visible="true" version="12" changeset="172457308" timestamp="2025-09-25T20:17:30Z" user="muralito" uid="755114" lat="-34.4661074" lon="-58.4960089"/>
 <node id="94317955" visible="true" version="10" changeset="77654413" timestamp="2019-11-27T22:05:59Z" user="Hernan" uid="72347" lat="-34.4661911" lon="-58.4928551"/>
 <node id="94321751" visible="true" version="9" changeset="1555458" timestamp="2009-06-18T16:24:49Z" user="zorko" uid="22005" lat="-34.4611316" lon="-58.5007425"/>
 <node id="94322060" visible="true" version="9" changeset="1606518" timestamp="2009-06-23T21:57:39Z" user="zorko" uid="22005" lat="-34.4711739" lon="-58.4920157"/>
 <node id="94326333" visible="true" version="10" changeset="10456445" timestamp="2012-01-21T15:14:27Z" user="estela" uid="89271" lat="-34.4653296" lon="-58.4942011"/>
 <node id="94329566" visible="true" version="12" changeset="85016474" timestamp="2020-05-11T10:00:42Z" user="IjRiver" uid="10811276" lat="-34.4644075" lon="-58.4964114"/>
 <node id="94332669" visible="true" version="10" changeset="10456445" timestamp="2012-01-21T15:14:27Z" user="estela" uid="89271" lat="-34.4652436" lon="-58.4952672"/>
 <node id="94336647" visible="true" version="12" changeset="77654413" timestamp="2019-11-27T22:05:59Z" user="Hernan" uid="72347" lat="-34.4698398" lon="-58.4919325"/>
 <node id="94337773" visible="true" version="9" changeset="1555458" timestamp="2009-06-18T16:24:50Z" user="zorko" uid="22005" lat="-34.4613968" lon="-58.5012109"/>
 <node id="108246475" visible="true" version="7" changeset="26548586" timestamp="2014-11-04T13:46:02Z" user="muralito" uid="755114" lat="-34.4656178" lon="-58.5096028"/>
 <node id="108267203" visible="true" version="7" changeset="43504658" timestamp="2016-11-09T06:29:33Z" user="nicfer" uid="16712" lat="-34.4695510" lon="-58.5012010"/>
 <node id="108279081" visible="true" version="6" changeset="33966915" timestamp="2015-09-11T19:10:34Z" user="Souchong" uid="255141" lat="-34.4652971" lon="-58.5104094"/>
 <node id="243092484" visible="true" version="6" changeset="52292858" timestamp="2017-09-23T00:59:56Z" user="AgusQui" uid="331218" lat="-34.4659445" lon="-58.5070335"/>
 <node id="243092556" visible="true" version="3" changeset="41649425" timestamp="2016-08-23T22:13:34Z" user="pablopareja" uid="211657" lat="-34.4711279" lon="-58.4971174"/>
 <node id="243092557" visible="true" version="5" changeset="64918412" timestamp="2018-11-27T02:25:23Z" user="GazEddyr" uid="9008001" lat="-34.4716632" lon="-58.4953030"/>
 <node id="243092558" visible="true" version="4" changeset="52292858" timestamp="2017-09-23T00:59:56Z" user="AgusQui" uid="331218" lat="-34.4720761" lon="-58.4932176"/>
 <node id="243093225" visible="true" version="4" changeset="41675830" timestamp="2016-08-24T23:04:16Z" user="pablopareja" uid="211657" lat="-34.4640554" lon="-58.5042773"/>
 <node id="423975565" visible="true" version="11" changeset="176864195" timestamp="2026-01-05T14:29:11Z" user="PedroARovasioAguirre" uid="23550306" lat="-34.4660481" lon="-58.5071703">
  <tag k="crossing:barrier" v="full"/>
  <tag k="maxheight" v="4.8"/>
  <tag k="railway" v="level_crossing"/>
 </node>
 <node id="423978302" visible="true" version="3" changeset="172457308" timestamp="2025-09-25T20:17:30Z" user="muralito" uid="755114" lat="-34.4591672" lon="-58.5011377"/>
 <node id="423978304" visible="true" version="3" changeset="172457308" timestamp="2025-09-25T20:17:30Z" user="muralito" uid="755114" lat="-34.4593298" lon="-58.5011267"/>
 <node id="423978308" visible="true" version="1" changeset="1555458" timestamp="2009-06-18T16:24:47Z" user="zorko" uid="22005" lat="-34.4611572" lon="-58.5001653"/>
 <node id="423978312" visible="true" version="1" changeset="1555458" timestamp="2009-06-18T16:24:47Z" user="zorko" uid="22005" lat="-34.4615108" lon="-58.4998222"/>
 <node id="423978316" visible="true" version="1" changeset="1555458" timestamp="2009-06-18T16:24:47Z" user="zorko" uid="22005" lat="-34.4612986" lon="-58.4999080"/>
 <node id="423978321" visible="true" version="1" changeset="1555458" timestamp="2009-06-18T16:24:47Z" user="zorko" uid="22005" lat="-34.4606894" lon="-58.5007129"/>
 <node id="423978324" visible="true" version="3" changeset="10657685" timestamp="2012-02-11T21:28:09Z" user="estela" uid="89271" lat="-34.4618713" lon="-58.4984898"/>
 <node id="423978328" visible="true" version="2" changeset="10456445" timestamp="2012-01-21T15:14:25Z" user="estela" uid="89271" lat="-34.4634051" lon="-58.4955264"/>
 <node id="423978332" visible="true" version="2" changeset="10456445" timestamp="2012-01-21T15:14:25Z" user="estela" uid="89271" lat="-34.4634279" lon="-58.4958356"/>
 <node id="423978335" visible="true" version="2" changeset="10657206" timestamp="2012-02-11T20:41:15Z" user="estela" uid="89271" lat="-34.4624260" lon="-58.4973054"/>
 <node id="423978338" visible="true" version="1" changeset="1555458" timestamp="2009-06-18T16:24:48Z" user="zorko" uid="22005" lat="-34.4655144" lon="-58.4950125"/>
 <node id="423978342" visible="true" version="2" changeset="10456445" timestamp="2012-01-21T15:14:25Z" user="estela" uid="89271" lat="-34.4651096" lon="-58.4948232"/>
 <node id="423978346" visible="true" version="2" changeset="10456445" timestamp="2012-01-21T15:14:25Z" user="estela" uid="89271" lat="-34.4652025" lon="-58.4939627"/>
 <node id="423978351" visible="true" version="2" changeset="10456445" timestamp="2012-01-21T15:14:25Z" user="estela" uid="89271" lat="-34.4649575" lon="-58.4944235"/>
 <node id="423984067" visible="true" version="4" changeset="106554019" timestamp="2021-06-17T22:03:44Z" user="serock" uid="1810448" lat="-34.4639340" lon="-58.4974654"/>
 <node id="423984069" visible="true" version="3" changeset="41155845" timestamp="2016-07-31T23:15:54Z" user="pablopareja" uid="211657" lat="-34.4637405" lon="-58.4973946"/>
 <node id="423984072" visible="true" version="3" changeset="41155845" timestamp="2016-07-31T23:15:54Z" user="pablopareja" uid="211657" lat="-34.4638790" lon="-58.4973271"/>
 <node id="423984073" visible="true" version="3" changeset="41155845" timestamp="2016-07-31T23:15:54Z" user="pablopareja" uid="211657" lat="-34.4639202" lon="-58.4973719"/>
 <node id="423984124" visible="true" version="4" changeset="106554019" timestamp="2021-06-17T22:03:44Z" user="serock" uid="1810448" lat="-34.4638776" lon="-58.4975447"/>
 <node id="423984126" visible="true" version="3" changeset="41155845" timestamp="2016-07-31T23:15:55Z" user="pablopareja" uid="211657" lat="-34.4638109" lon="-58.4975559"/>
 <node id="423984130" visible="true" version="3" changeset="41155845" timestamp="2016-07-31T23:15:55Z" user="pablopareja" uid="211657" lat="-34.4637459" lon="-58.4974944"/>
 <node id="423984134" visible="true" version="3" changeset="41155845" timestamp="2016-07-31T23:15:55Z" user="pablopareja" uid="211657" lat="-34.4638245" lon="-58.4973155"/>
 <node id="423984137" visible="true" version="3" changeset="106554019" timestamp="2021-06-17T22:03:44Z" user="serock" uid="1810448" lat="-34.4656150" lon="-58.4986788"/>
 <node id="423984140" visible="true" version="3" changeset="24900678" timestamp="2014-08-21T05:04:46Z" user="patodiez" uid="1856060" lat="-34.4628744" lon="-58.5014987"/>
 <node id="423984150" visible="true" version="3" changeset="172457308" timestamp="2025-09-25T20:17:30Z" user="muralito" uid="755114" lat="-34.4658935" lon="-58.4960926"/>
 <node id="423984155" visible="true" version="1" changeset="1555496" timestamp="2009-06-18T16:30:39Z" user="zorko" uid="22005" lat="-34.4653958" lon="-58.4933321"/>
 <node id="423984157" visible="true" version="3" changeset="77654413" timestamp="2019-11-27T22:05:59Z" user="Hernan" uid="72347" lat="-34.4658329" lon="-58.4933862"/>
 <node id="423984159" visible="true" version="2" changeset="10456445" timestamp="2012-01-21T15:14:26Z" user="estela" uid="89271" lat="-34.4666348" lon="-58.4951458"/>
 <node id="423984160" visible="true" version="2" changeset="10456445" timestamp="2012-01-21T15:14:26Z" user="estela" uid="89271" lat="-34.4684361" lon="-58.4968661"/>
 <node id="423984168" visible="true" version="1" changeset="1555496" timestamp="2009-06-18T16:30:39Z" user="zorko" uid="22005" lat="-34.4663662" lon="-58.4948891"/>
 <node id="423984172" visible="true" version="1" changeset="1555496" timestamp="2009-06-18T16:30:39Z" user="zorko" uid="22005" lat="-34.4654828" lon="-58.4932846"/>
 <node id="423984175" visible="true" version="4" changeset="77654413" timestamp="2019-11-27T22:05:59Z" user="Hernan" uid="72347" lat="-34.4673410" lon="-58.4924823"/>
 <node id="423984177" visible="true" version="3" changeset="64918412" timestamp="2018-11-27T02:25:23Z" user="GazEddyr" uid="9008001" lat="-34.4710474" lon="-58.4947082"/>
 <node id="423984179" visible="true" version="3" changeset="60631855" timestamp="2018-07-12T02:39:35Z" user="nurdafur" uid="3172019" lat="-34.4702577" lon="-58.4961953"/>
 <node id="423984181" visible="true" version="5" changeset="41118757" timestamp="2016-07-29T21:29:25Z" user="pablopareja" uid="211657" lat="-34.4693444" lon="-58.4972754"/>
 <node id="423984183" visible="true" version="3" changeset="41118757" timestamp="2016-07-29T21:29:25Z" user="pablopareja" uid="211657" lat="-34.4650306" lon="-58.5026382"/>
 <node id="424140150" visible="true" version="3" changeset="64090718" timestamp="2018-11-01T19:16:52Z" user="moon_walker" uid="8392691" lat="-34.4704275" lon="-58.5049053"/>
 <node id="424140175" visible="true" version="8" changeset="146342612" timestamp="2024-01-17T00:00:09Z" user="AgusQui" uid="331218" lat="-34.4707439" lon="-58.4988203"/>
 <node id="424140178" visible="true" version="3" changeset="43504658" timestamp="2016-11-09T06:29:46Z" user="nicfer" uid="16712" lat="-34.4706176" lon="-58.4987378">
  <tag k="railway" v="level_crossing"/>
 </node>
 <node id="424140180" visible="true" version="4" changeset="64918412" timestamp="2018-11-27T02:25:23Z" user="GazEddyr" uid="9008001" lat="-34.4704747" lon="-58.4986312"/>
 <node id="424171015" visible="true" version="4" changeset="64918412" timestamp="2018-11-27T02:25:23Z" user="GazEddyr" uid="9008001" lat="-34.4714577" lon="-58.4960854"/>
 <node id="424171018" visible="true" version="4" changeset="64918412" timestamp="2018-11-27T02:25:23Z" user="GazEddyr" uid="9008001" lat="-34.4707598" lon="-58.4952656"/>
 <node id="424171020" visible="true" version="5" changeset="41649425" timestamp="2016-08-23T22:13:34Z" user="pablopareja" uid="211657" lat="-34.4681175" lon="-58.5010317"/>
 <node id="424171023" visible="true" version="2" changeset="24900388" timestamp="2014-08-21T04:19:20Z" user="patodiez" uid="1856060" lat="-34.4689983" lon="-58.4993866"/>
 <node id="424171028" visible="true" version="4" changeset="64918412" timestamp="2018-11-27T02:25:23Z" user="GazEddyr" uid="9008001" lat="-34.4700608" lon="-58.4981831"/>
 <node id="424171032" visible="true" version="4" changeset="64918412" timestamp="2018-11-27T02:25:23Z" user="GazEddyr" uid="9008001" lat="-34.4711291" lon="-58.4956988"/>
 <node id="424171036" visible="true" version="3" changeset="41118757" timestamp="2016-07-29T21:29:25Z" user="pablopareja" uid="211657" lat="-34.4683409" lon="-58.4983928"/>
 <node id="424171041" visible="true" version="3" changeset="24900388" timestamp="2014-08-21T04:19:20Z" user="patodiez" uid="1856060" lat="-34.4697222" lon="-58.5004403"/>
 <node id="424171044" visible="true" version="2" changeset="24900678" timestamp="2014-08-21T05:04:46Z" user="patodiez" uid="1856060" lat="-34.4666207" lon="-58.5031075"/>
 <node id="424171048" visible="true" version="3" changeset="45541914" timestamp="2017-01-27T04:37:41Z" user="JAAS" uid="3321532" lat="-34.4674395" lon="-58.5045179"/>
 <node id="424171053" visible="true" version="4" changeset="172457308" timestamp="2025-09-25T20:17:30Z" user="muralito" uid="755114" lat="-34.4646234" lon="-58.4997860"/>
 <node id="424171055" visible="true" version="3" changeset="45541914" timestamp="2017-01-27T04:37:41Z" user="JAAS" uid="3321532" lat="-34.4658243" lon="-58.5017184"/>
 <node id="424171059" visible="true" version="3" changeset="45541914" timestamp="2017-01-27T04:37:41Z" user="JAAS" uid="3321532" lat="-34.4661785" lon="-58.5012487"/>
 <node id="424171063" visible="true" version="3" changeset="45541914" timestamp="2017-01-27T04:37:41Z" user="JAAS" uid="3321532" lat="-34.4677980" lon="-58.5039127"/>
 <node id="424171066" visible="true" version="3" changeset="45541914" timestamp="2017-01-27T04:37:41Z" user="JAAS" uid="3321532" lat="-34.4669909" lon="-58.5025941"/>
 <node id="424171069" visible="true" version="3" changeset="45541914" timestamp="2017-01-27T04:37:41Z" user="JAAS" uid="3321532" lat="-34.4681048" lon="-58.5033948"/>
 <node id="424171073" visible="true" version="4" changeset="45562550" timestamp="2017-01-27T15:05:04Z" user="JAAS" uid="3321532" lat="-34.4665283" lon="-58.5007830"/>
 <node id="424171077" visible="true" version="3" changeset="45541914" timestamp="2017-01-27T04:37:41Z" user="JAAS" uid="3321532" lat="-34.4673182" lon="-58.5021402"/>
 <node id="424171081" visible="true" version="4" changeset="45541914" timestamp="2017-01-27T04:37:41Z" user="JAAS" uid="3321532" lat="-34.4684103" lon="-58.5028791"/>
 <node id="424171084" visible="true" version="3" changeset="45541914" timestamp="2017-01-27T04:37:41Z" user="JAAS" uid="3321532" lat="-34.4676534" lon="-58.5016754"/>
 <node id="424171087" visible="true" version="2" changeset="45541914" timestamp="2017-01-27T04:37:41Z" user="JAAS" uid="3321532" lat="-34.4668401" lon="-58.5055297"/>
 <node id="424171091" visible="true" version="5" changeset="45541914" timestamp="2017-01-27T04:37:41Z" user="JAAS" uid="3321532" lat="-34.4663491" lon="-58.5063586"/>
 <node id="424171093" visible="true" version="2" changeset="11554853" timestamp="2012-05-10T01:50:30Z" user="Beerforfree" uid="215693" lat="-34.4644609" lon="-58.5037082"/>
 <node id="424230897" visible="true" version="5" changeset="146342612" timestamp="2024-01-17T00:00:09Z" user="AgusQui" uid="331218" lat="-34.4675997" lon="-58.5048299"/>
 <node id="424230905" visible="true" version="3" changeset="146342612" timestamp="2024-01-17T00:00:09Z" user="AgusQui" uid="331218" lat="-34.4670717" lon="-58.5057292"/>
 <node id="428635723" visible="true" version="3" changeset="77654413" timestamp="2019-11-27T22:05:59Z" user="Hernan" uid="72347" lat="-34.4705518" lon="-58.4921926"/>
 <node id="428635724" visible="true" version="3" changeset="77654413" timestamp="2019-11-27T22:05:59Z" user="Hernan" uid="72347" lat="-34.4697536" lon="-58.4920612"/>
 <node id="428635727" visible="true" version="3" changeset="77654413" timestamp="2019-11-27T22:05:59Z" user="Hernan" uid="72347" lat="-34.4680221" lon="-58.4921524"/>
 <node id="428635728" visible="true" version="2" changeset="77654413" timestamp="2019-11-27T22:05:59Z" user="Hernan" uid="72347" lat="-34.4665339" lon="-58.4923536"/>
 <node id="428635731" visible="true" version="2" changeset="77654413" timestamp="2019-11-27T22:05:59Z" user="Hernan" uid="72347" lat="-34.4664122" lon="-58.4924689"/>
 <node id="428635733" visible="true" version="2" changeset="77654413" timestamp="2019-11-27T22:05:59Z" user="Hernan" uid="72347" lat="-34.4663238" lon="-58.4925547"/>
 <node id="428635734" visible="true" version="2" changeset="77654413" timestamp="2019-11-27T22:05:59Z" user="Hernan" uid="72347" lat="-34.4662619" lon="-58.4926406"/>
 <node id="428635736" visible="true" version="3" changeset="77654413" timestamp="2019-11-27T22:05:59Z" user="Hernan" uid="72347" lat="-34.4657046" lon="-58.4934345"/>
 <node id="428635737" visible="true" version="2" changeset="77654413" timestamp="2019-11-27T22:05:59Z" user="Hernan" uid="72347" lat="-34.4656604" lon="-58.4934479"/>
 <node id="595715676" visible="true" version="2" changeset="41649814" timestamp="2016-08-23T22:46:48Z" user="pablopareja" uid="211657" lat="-34.4616366" lon="-58.5000427">
  <tag k="noexit" v="yes"/>
 </node>
 <node id="673707917" visible="true" version="2" changeset="43453255" timestamp="2016-11-06T22:25:13Z" user="pablopareja" uid="211657" lat="-34.4592972" lon="-58.5051707"/>
 <node id="685054582" visible="true" version="3" changeset="41649425" timestamp="2016-08-23T22:13:34Z" user="pablopareja" uid="211657" lat="-34.4685405" lon="-58.5000881"/>
 <node id="685054586" visible="true" version="4" changeset="41649425" timestamp="2016-08-23T22:13:34Z" user="pablopareja" uid="211657" lat="-34.4693268" lon="-58.5012997"/>
 <node id="685054590" visible="true" version="4" changeset="41649425" timestamp="2016-08-23T22:13:34Z" user="pablopareja" uid="211657" lat="-34.4678277" lon="-58.4989899"/>
 <node id="685055386" visible="true" version="7" changeset="43504658" timestamp="2016-11-09T06:29:48Z" user="nicfer" uid="16712" lat="-34.4688268" lon="-58.5021760"/>
 <node id="1042143655" visible="true" version="2" changeset="6690397" timestamp="2010-12-17T23:33:20Z" user="xybot" uid="70696" lat="-34.4614000" lon="-58.5003000">
  <tag k="aeroway" v="helipad"/>
  <tag k="name" v="Club Nautico San Isidro Heliport"/>
  <tag k="source" v="ourairports.com"/>
 </node>
 <node id="1436121419" visible="true" version="4" changeset="52292858" timestamp="2017-09-23T00:59:57Z" user="AgusQui" uid="331218" lat="-34.4658430" lon="-58.5089186"/>
 <node id="1572867283" visible="true" version="2" changeset="77654413" timestamp="2019-11-27T22:05:59Z" user="Hernan" uid="72347" lat="-34.4659678" lon="-58.4933084"/>
 <node id="1572867285" visible="true" version="2" changeset="77654413" timestamp="2019-11-27T22:05:59Z" user="Hernan" uid="72347" lat="-34.4659545" lon="-58.4931153"/>
 <node id="1572867288" visible="true" version="2" changeset="77654413" timestamp="2019-11-27T22:05:59Z" user="Hernan" uid="72347" lat="-34.4661148" lon="-58.4928431"/>
 <node id="1572867289" visible="true" version="2" changeset="77654413" timestamp="2019-11-27T22:05:59Z" user="Hernan" uid="72347" lat="-34.4675047" lon="-58.4923133"/>
 <node id="1572867291" visible="true" version="2" changeset="77654413" timestamp="2019-11-27T22:05:59Z" user="Hernan" uid="72347" lat="-34.4674250" lon="-58.4923670"/>
 <node id="1572867293" visible="true" version="2" changeset="77654413" timestamp="2019-11-27T22:05:59Z" user="Hernan" uid="72347" lat="-34.4676263" lon="-58.4923267"/>
 <node id="1572867295" visible="true" version="2" changeset="77654413" timestamp="2019-11-27T22:05:59Z" user="Hernan" uid="72347" lat="-34.4676793" lon="-58.4923616"/>
 <node id="1572867297" visible="true" version="2" changeset="77654413" timestamp="2019-11-27T22:05:59Z" user="Hernan" uid="72347" lat="-34.4677037" lon="-58.4922999"/>
 <node id="1572867299" visible="true" version="2" changeset="77654413" timestamp="2019-11-27T22:05:59Z" user="Hernan" uid="72347" lat="-34.4677501" lon="-58.4922141"/>
 <node id="1572867301" visible="true" version="2" changeset="77654413" timestamp="2019-11-27T22:05:59Z" user="Hernan" uid="72347" lat="-34.4677899" lon="-58.4922409"/>
 <node id="1572867302" visible="true" version="2" changeset="77654413" timestamp="2019-11-27T22:05:59Z" user="Hernan" uid="72347" lat="-34.4678165" lon="-58.4923106"/>
 <node id="1572867310" visible="true" version="2" changeset="77654413" timestamp="2019-11-27T22:05:59Z" user="Hernan" uid="72347" lat="-34.4680044" lon="-58.4923106"/>
 <node id="1572867313" visible="true" version="2" changeset="77654413" timestamp="2019-11-27T22:05:59Z" user="Hernan" uid="72347" lat="-34.4680464" lon="-58.4922221"/>
 <node id="1572867314" visible="true" version="2" changeset="77654413" timestamp="2019-11-27T22:05:59Z" user="Hernan" uid="72347" lat="-34.4679204" lon="-58.4921390"/>
 <node id="1572867315" visible="true" version="2" changeset="77654413" timestamp="2019-11-27T22:05:59Z" user="Hernan" uid="72347" lat="-34.4679027" lon="-58.4920478"/>
 <node id="1572867316" visible="true" version="2" changeset="77654413" timestamp="2019-11-27T22:05:59Z" user="Hernan" uid="72347" lat="-34.4679337" lon="-58.4919566"/>
 <node id="1572867317" visible="true" version="2" changeset="77654413" timestamp="2019-11-27T22:05:59Z" user="Hernan" uid="72347" lat="-34.4679757" lon="-58.4918493"/>
 <node id="1572867318" visible="true" version="2" changeset="77654413" timestamp="2019-11-27T22:05:59Z" user="Hernan" uid="72347" lat="-34.4680309" lon="-58.4917474"/>
 <node id="1572867319" visible="true" version="2" changeset="77654413" timestamp="2019-11-27T22:05:59Z" user="Hernan" uid="72347" lat="-34.4697115" lon="-58.4919459"/>
 <node id="1572867320" visible="true" version="2" changeset="77654413" timestamp="2019-11-27T22:05:59Z" user="Hernan" uid="72347" lat="-34.4697779" lon="-58.4921631"/>
 <node id="1572867321" visible="true" version="2" changeset="77654413" timestamp="2019-11-27T22:05:59Z" user="Hernan" uid="72347" lat="-34.4697491" lon="-58.4922838"/>
 <node id="1572867323" visible="true" version="1" changeset="10263256" timestamp="2012-01-01T17:03:07Z" user="estela" uid="89271" lat="-34.4698674" lon="-58.4922775"/>
 <node id="1572867325" visible="true" version="2" changeset="77654413" timestamp="2019-11-27T22:05:59Z" user="Hernan" uid="72347" lat="-34.4700477" lon="-58.4922650"/>
 <node id="1572867327" visible="true" version="2" changeset="77654413" timestamp="2019-11-27T22:05:59Z" user="Hernan" uid="72347" lat="-34.4703174" lon="-58.4921122"/>
 <node id="1600115313" visible="true" version="1" changeset="10456445" timestamp="2012-01-21T15:13:47Z" user="estela" uid="89271" lat="-34.4634908" lon="-58.4954116"/>
 <node id="1600115316" visible="true" version="1" changeset="10456445" timestamp="2012-01-21T15:13:48Z" user="estela" uid="89271" lat="-34.4636183" lon="-58.4949803"/>
 <node id="1600115317" visible="true" version="1" changeset="10456445" timestamp="2012-01-21T15:13:48Z" user="estela" uid="89271" lat="-34.4637483" lon="-58.4944508"/>
 <node id="1600115318" visible="true" version="1" changeset="10456445" timestamp="2012-01-21T15:13:48Z" user="estela" uid="89271" lat="-34.4640524" lon="-58.4939749"/>
 <node id="1600115319" visible="true" version="2" changeset="85016474" timestamp="2020-05-11T10:00:42Z" user="IjRiver" uid="10811276" lat="-34.4641718" lon="-58.4962301"/>
 <node id="1600115320" visible="true" version="1" changeset="10456445" timestamp="2012-01-21T15:13:48Z" user="estela" uid="89271" lat="-34.4642388" lon="-58.4940314"/>
 <node id="1600115322" visible="true" version="1" changeset="10456445" timestamp="2012-01-21T15:13:48Z" user="estela" uid="89271" lat="-34.4645012" lon="-58.4966341"/>
 <node id="1600115325" visible="true" version="1" changeset="10456445" timestamp="2012-01-21T15:13:48Z" user="estela" uid="89271" lat="-34.4645159" lon="-58.4939808"/>
 <node id="1600115326" visible="true" version="1" changeset="10456445" timestamp="2012-01-21T15:13:48Z" user="estela" uid="89271" lat="-34.4646410" lon="-58.4939302"/>
 <node id="1600115329" visible="true" version="1" changeset="10456445" timestamp="2012-01-21T15:13:48Z" user="estela" uid="89271" lat="-34.4646827" lon="-58.4947780"/>
 <node id="1600115343" visible="true" version="1" changeset="10456445" timestamp="2012-01-21T15:13:48Z" user="estela" uid="89271" lat="-34.4646876" lon="-58.4967591"/>
 <node id="1600115344" visible="true" version="1" changeset="10456445" timestamp="2012-01-21T15:13:49Z" user="estela" uid="89271" lat="-34.4647097" lon="-58.4948762"/>
 <node id="1600115345" visible="true" version="1" changeset="10456445" timestamp="2012-01-21T15:13:49Z" user="estela" uid="89271" lat="-34.4647268" lon="-58.4947363"/>
 <node id="1600115346" visible="true" version="1" changeset="10456445" timestamp="2012-01-21T15:13:49Z" user="estela" uid="89271" lat="-34.4648470" lon="-58.4939124"/>
 <node id="1600115347" visible="true" version="2" changeset="83228697" timestamp="2020-04-08T05:18:08Z" user="IjRiver" uid="10811276" lat="-34.4649170" lon="-58.4968465"/>
 <node id="1600115348" visible="true" version="1" changeset="10456445" timestamp="2012-01-21T15:13:49Z" user="estela" uid="89271" lat="-34.4649157" lon="-58.4945073"/>
 <node id="1600115349" visible="true" version="1" changeset="10456445" timestamp="2012-01-21T15:13:49Z" user="estela" uid="89271" lat="-34.4650702" lon="-58.4968840"/>
 <node id="1600115350" visible="true" version="1" changeset="10456445" timestamp="2012-01-21T15:13:49Z" user="estela" uid="89271" lat="-34.4650726" lon="-58.4944657"/>
 <node id="1600115351" visible="true" version="1" changeset="10456445" timestamp="2012-01-21T15:13:49Z" user="estela" uid="89271" lat="-34.4650824" lon="-58.4939243"/>
 <node id="1600115352" visible="true" version="1" changeset="10456445" timestamp="2012-01-21T15:13:49Z" user="estela" uid="89271" lat="-34.4652370" lon="-58.4943556"/>
 <node id="1600115363" visible="true" version="1" changeset="10456445" timestamp="2012-01-21T15:13:49Z" user="estela" uid="89271" lat="-34.4652492" lon="-58.4968989"/>
 <node id="1600115366" visible="true" version="1" changeset="10456445" timestamp="2012-01-21T15:13:50Z" user="estela" uid="89271" lat="-34.4653277" lon="-58.4940373"/>
 <node id="1600115369" visible="true" version="1" changeset="10456445" timestamp="2012-01-21T15:13:50Z" user="estela" uid="89271" lat="-34.4653350" lon="-58.4943080"/>
 <node id="1600115372" visible="true" version="1" changeset="10456445" timestamp="2012-01-21T15:13:50Z" user="estela" uid="89271" lat="-34.4653400" lon="-58.4967769"/>
 <node id="1600115373" visible="true" version="1" changeset="10456445" timestamp="2012-01-21T15:13:50Z" user="estela" uid="89271" lat="-34.4653571" lon="-58.4941266"/>
 <node id="1600115375" visible="true" version="1" changeset="10456445" timestamp="2012-01-21T15:13:50Z" user="estela" uid="89271" lat="-34.4653731" lon="-58.4947099"/>
 <node id="1600115376" visible="true" version="1" changeset="10456445" timestamp="2012-01-21T15:13:50Z" user="estela" uid="89271" lat="-34.4654286" lon="-58.4933890"/>
 <node id="1600115378" visible="true" version="1" changeset="10456445" timestamp="2012-01-21T15:13:50Z" user="estela" uid="89271" lat="-34.4655153" lon="-58.4937886"/>
 <node id="1600115380" visible="true" version="1" changeset="10456445" timestamp="2012-01-21T15:13:50Z" user="estela" uid="89271" lat="-34.4655257" lon="-58.4946594"/>
 <node id="1600115383" visible="true" version="1" changeset="10456445" timestamp="2012-01-21T15:13:50Z" user="estela" uid="89271" lat="-34.4655708" lon="-58.4937171"/>
 <node id="1600115384" visible="true" version="1" changeset="10456445" timestamp="2012-01-21T15:13:50Z" user="estela" uid="89271" lat="-34.4655847" lon="-58.4945627"/>
 <node id="1600115386" visible="true" version="1" changeset="10456445" timestamp="2012-01-21T15:13:50Z" user="estela" uid="89271" lat="-34.4656575" lon="-58.4940326"/>
 <node id="1600115388" visible="true" version="1" changeset="10456445" timestamp="2012-01-21T15:13:50Z" user="estela" uid="89271" lat="-34.4656922" lon="-58.4945332"/>
 <node id="1600115389" visible="true" version="2" changeset="172457308" timestamp="2025-09-25T20:17:30Z" user="muralito" uid="755114" lat="-34.4656789" lon="-58.4963171"/>
 <node id="1600115391" visible="true" version="1" changeset="10456445" timestamp="2012-01-21T15:13:51Z" user="estela" uid="89271" lat="-34.4658379" lon="-58.4942556"/>
 <node id="1600115392" visible="true" version="2" changeset="77654413" timestamp="2019-11-27T22:05:59Z" user="Hernan" uid="72347" lat="-34.4657643" lon="-58.4934023"/>
 <node id="1600115394" visible="true" version="1" changeset="10456445" timestamp="2012-01-21T15:13:51Z" user="estela" uid="89271" lat="-34.4660598" lon="-58.4943523"/>
 <node id="1600115395" visible="true" version="2" changeset="172457308" timestamp="2025-09-25T20:17:30Z" user="muralito" uid="755114" lat="-34.4660381" lon="-58.4960446"/>
 <node id="1600115397" visible="true" version="1" changeset="10456445" timestamp="2012-01-21T15:13:51Z" user="estela" uid="89271" lat="-34.4661674" lon="-58.4945458"/>
 <node id="1600115407" visible="true" version="1" changeset="10456445" timestamp="2012-01-21T15:13:51Z" user="estela" uid="89271" lat="-34.4662194" lon="-58.4937886"/>
 <node id="1600115409" visible="true" version="1" changeset="10456445" timestamp="2012-01-21T15:13:51Z" user="estela" uid="89271" lat="-34.4662714" lon="-58.4938938"/>
 <node id="1600115412" visible="true" version="1" changeset="10456445" timestamp="2012-01-21T15:13:51Z" user="estela" uid="89271" lat="-34.4663442" lon="-58.4938938"/>
 <node id="1600115413" visible="true" version="1" changeset="10456445" timestamp="2012-01-21T15:13:51Z" user="estela" uid="89271" lat="-34.4663651" lon="-58.4933091"/>
 <node id="1600115416" visible="true" version="1" changeset="10456445" timestamp="2012-01-21T15:13:51Z" user="estela" uid="89271" lat="-34.4663824" lon="-58.4935278"/>
 <node id="1600115418" visible="true" version="1" changeset="10456445" timestamp="2012-01-21T15:13:51Z" user="estela" uid="89271" lat="-34.4663893" lon="-58.4934016"/>
 <node id="1600115419" visible="true" version="1" changeset="10456445" timestamp="2012-01-21T15:13:51Z" user="estela" uid="89271" lat="-34.4664310" lon="-58.4939064"/>
 <node id="1600115421" visible="true" version="1" changeset="10456445" timestamp="2012-01-21T15:13:51Z" user="estela" uid="89271" lat="-34.4664552" lon="-58.4934689"/>
 <node id="1600115422" visible="true" version="1" changeset="10456445" timestamp="2012-01-21T15:13:51Z" user="estela" uid="89271" lat="-34.4664587" lon="-58.4932081"/>
 <node id="1600115427" visible="true" version="1" changeset="10456445" timestamp="2012-01-21T15:13:52Z" user="estela" uid="89271" lat="-34.4664691" lon="-58.4950843"/>
 <node id="1600115428" visible="true" version="1" changeset="10456445" timestamp="2012-01-21T15:13:52Z" user="estela" uid="89271" lat="-34.4664968" lon="-58.4934058"/>
 <node id="1600115429" visible="true" version="1" changeset="10456445" timestamp="2012-01-21T15:13:52Z" user="estela" uid="89271" lat="-34.4665107" lon="-58.4933301"/>
 <node id="1600115430" visible="true" version="1" changeset="10456445" timestamp="2012-01-21T15:13:52Z" user="estela" uid="89271" lat="-34.4665315" lon="-58.4940074"/>
 <node id="1600115432" visible="true" version="1" changeset="10456445" timestamp="2012-01-21T15:13:52Z" user="estela" uid="89271" lat="-34.4665419" lon="-58.4938812"/>
 <node id="1600115433" visible="true" version="1" changeset="10456445" timestamp="2012-01-21T15:13:52Z" user="estela" uid="89271" lat="-34.4665801" lon="-58.4931955"/>
 <node id="1600115435" visible="true" version="1" changeset="10456445" timestamp="2012-01-21T15:13:52Z" user="estela" uid="89271" lat="-34.4665940" lon="-58.4937508"/>
 <node id="1600115436" visible="true" version="1" changeset="10456445" timestamp="2012-01-21T15:13:52Z" user="estela" uid="89271" lat="-34.4666286" lon="-58.4938601"/>
 <node id="1600115438" visible="true" version="1" changeset="10456445" timestamp="2012-01-21T15:13:52Z" user="estela" uid="89271" lat="-34.4666321" lon="-58.4940705"/>
 <node id="1600115439" visible="true" version="1" changeset="10456445" timestamp="2012-01-21T15:13:52Z" user="estela" uid="89271" lat="-34.4666356" lon="-58.4936035"/>
 <node id="1600115451" visible="true" version="1" changeset="10456445" timestamp="2012-01-21T15:13:53Z" user="estela" uid="89271" lat="-34.4667153" lon="-58.4939821"/>
 <node id="1600115453" visible="true" version="1" changeset="10456445" timestamp="2012-01-21T15:13:53Z" user="estela" uid="89271" lat="-34.4667223" lon="-58.4941841"/>
 <node id="1600115456" visible="true" version="1" changeset="10456445" timestamp="2012-01-21T15:13:53Z" user="estela" uid="89271" lat="-34.4667292" lon="-58.4934815"/>
 <node id="1600115457" visible="true" version="1" changeset="10456445" timestamp="2012-01-21T15:13:53Z" user="estela" uid="89271" lat="-34.4667431" lon="-58.4932586"/>
 <node id="1600115458" visible="true" version="1" changeset="10456445" timestamp="2012-01-21T15:13:53Z" user="estela" uid="89271" lat="-34.4667917" lon="-58.4943607"/>
 <node id="1600115460" visible="true" version="1" changeset="10456445" timestamp="2012-01-21T15:13:53Z" user="estela" uid="89271" lat="-34.4668021" lon="-58.4936077"/>
 <node id="1600115462" visible="true" version="1" changeset="10456445" timestamp="2012-01-21T15:13:53Z" user="estela" uid="89271" lat="-34.4668021" lon="-58.4939611"/>
 <node id="1600115463" visible="true" version="1" changeset="10456445" timestamp="2012-01-21T15:13:53Z" user="estela" uid="89271" lat="-34.4668541" lon="-58.4938181"/>
 <node id="1600115464" visible="true" version="1" changeset="10456445" timestamp="2012-01-21T15:13:53Z" user="estela" uid="89271" lat="-34.4668818" lon="-58.4944280"/>
 <node id="1600115465" visible="true" version="1" changeset="10456445" timestamp="2012-01-21T15:13:53Z" user="estela" uid="89271" lat="-34.4669130" lon="-58.4933679"/>
 <node id="1600115466" visible="true" version="1" changeset="10456445" timestamp="2012-01-21T15:13:53Z" user="estela" uid="89271" lat="-34.4669443" lon="-58.4945669"/>
 <node id="1600115468" visible="true" version="1" changeset="10456445" timestamp="2012-01-21T15:13:53Z" user="estela" uid="89271" lat="-34.4670497" lon="-58.4947040"/>
 <node id="1600115470" visible="true" version="1" changeset="10456445" timestamp="2012-01-21T15:13:53Z" user="estela" uid="89271" lat="-34.4671489" lon="-58.4934773"/>
 <node id="1600115472" visible="true" version="1" changeset="10456445" timestamp="2012-01-21T15:13:53Z" user="estela" uid="89271" lat="-34.4672252" lon="-58.4935615"/>
 <node id="1600115474" visible="true" version="1" changeset="10456445" timestamp="2012-01-21T15:13:53Z" user="estela" uid="89271" lat="-34.4673327" lon="-58.4935152"/>
 <node id="1600115476" visible="true" version="1" changeset="10456445" timestamp="2012-01-21T15:13:53Z" user="estela" uid="89271" lat="-34.4674402" lon="-58.4935825"/>
 <node id="1600115478" visible="true" version="1" changeset="10456445" timestamp="2012-01-21T15:13:54Z" user="estela" uid="89271" lat="-34.4675339" lon="-58.4935530"/>
 <node id="1600115492" visible="true" version="1" changeset="10456445" timestamp="2012-01-21T15:13:54Z" user="estela" uid="89271" lat="-34.4676622" lon="-58.4935152"/>
 <node id="1600115493" visible="true" version="1" changeset="10456445" timestamp="2012-01-21T15:13:54Z" user="estela" uid="89271" lat="-34.4677801" lon="-58.4934563"/>
 <node id="1600115494" visible="true" version="1" changeset="10456445" timestamp="2012-01-21T15:13:54Z" user="estela" uid="89271" lat="-34.4678023" lon="-58.4967676"/>
 <node id="1600115495" visible="true" version="1" changeset="10456445" timestamp="2012-01-21T15:13:54Z" user="estela" uid="89271" lat="-34.4678341" lon="-58.4967527"/>
 <node id="1600115496" visible="true" version="1" changeset="10456445" timestamp="2012-01-21T15:13:54Z" user="estela" uid="89271" lat="-34.4678668" lon="-58.4933679"/>
 <node id="1600115497" visible="true" version="1" changeset="10456445" timestamp="2012-01-21T15:13:54Z" user="estela" uid="89271" lat="-34.4679015" lon="-58.4946636"/>
 <node id="1600115498" visible="true" version="1" changeset="10456445" timestamp="2012-01-21T15:13:54Z" user="estela" uid="89271" lat="-34.4679570" lon="-58.4943649"/>
 <node id="1600115499" visible="true" version="1" changeset="10456445" timestamp="2012-01-21T15:13:54Z" user="estela" uid="89271" lat="-34.4679715" lon="-58.4968568"/>
 <node id="1600115500" visible="true" version="1" changeset="10456445" timestamp="2012-01-21T15:13:54Z" user="estela" uid="89271" lat="-34.4680125" lon="-58.4948529"/>
 <node id="1600115502" visible="true" version="1" changeset="10456445" timestamp="2012-01-21T15:13:54Z" user="estela" uid="89271" lat="-34.4680263" lon="-58.4932628"/>
 <node id="1600115509" visible="true" version="1" changeset="10456445" timestamp="2012-01-21T15:13:55Z" user="estela" uid="89271" lat="-34.4680818" lon="-58.4945164"/>
 <node id="1600115512" visible="true" version="1" changeset="10456445" timestamp="2012-01-21T15:13:55Z" user="estela" uid="89271" lat="-34.4681304" lon="-58.4942892"/>
 <node id="1600115515" visible="true" version="1" changeset="10456445" timestamp="2012-01-21T15:13:55Z" user="estela" uid="89271" lat="-34.4681789" lon="-58.4951937"/>
 <node id="1600115518" visible="true" version="1" changeset="10456445" timestamp="2012-01-21T15:13:55Z" user="estela" uid="89271" lat="-34.4682414" lon="-58.4931576"/>
 <node id="1600115520" visible="true" version="1" changeset="10456445" timestamp="2012-01-21T15:13:55Z" user="estela" uid="89271" lat="-34.4682622" lon="-58.4944238"/>
 <node id="1600115522" visible="true" version="1" changeset="10456445" timestamp="2012-01-21T15:13:55Z" user="estela" uid="89271" lat="-34.4683107" lon="-58.4954461"/>
 <node id="1600115524" visible="true" version="1" changeset="10456445" timestamp="2012-01-21T15:13:55Z" user="estela" uid="89271" lat="-34.4683419" lon="-58.4943818"/>
 <node id="1600115525" visible="true" version="1" changeset="10456445" timestamp="2012-01-21T15:13:55Z" user="estela" uid="89271" lat="-34.4684044" lon="-58.4942850"/>
 <node id="1600115527" visible="true" version="1" changeset="10456445" timestamp="2012-01-21T15:13:55Z" user="estela" uid="89271" lat="-34.4684286" lon="-58.4929893"/>
 <node id="1600115532" visible="true" version="1" changeset="10456445" timestamp="2012-01-21T15:13:55Z" user="estela" uid="89271" lat="-34.4684876" lon="-58.4943818"/>
 <node id="1600115534" visible="true" version="1" changeset="10456445" timestamp="2012-01-21T15:13:56Z" user="estela" uid="89271" lat="-34.4685674" lon="-58.4929473"/>
 <node id="1600115536" visible="true" version="1" changeset="10456445" timestamp="2012-01-21T15:13:56Z" user="estela" uid="89271" lat="-34.4686333" lon="-58.4958457"/>
 <node id="1600115537" visible="true" version="1" changeset="10456445" timestamp="2012-01-21T15:13:56Z" user="estela" uid="89271" lat="-34.4686367" lon="-58.4943776"/>
 <node id="1600115539" visible="true" version="1" changeset="10456445" timestamp="2012-01-21T15:13:56Z" user="estela" uid="89271" lat="-34.4686853" lon="-58.4938475"/>
 <node id="1600115540" visible="true" version="1" changeset="10456445" timestamp="2012-01-21T15:13:56Z" user="estela" uid="89271" lat="-34.4686992" lon="-58.4942934"/>
 <node id="1600115542" visible="true" version="1" changeset="10456445" timestamp="2012-01-21T15:13:56Z" user="estela" uid="89271" lat="-34.4687061" lon="-58.4941041"/>
 <node id="1600115543" visible="true" version="1" changeset="10456445" timestamp="2012-01-21T15:13:56Z" user="estela" uid="89271" lat="-34.4687373" lon="-58.4930777"/>
 <node id="1600115545" visible="true" version="1" changeset="10456445" timestamp="2012-01-21T15:13:56Z" user="estela" uid="89271" lat="-34.4688067" lon="-58.4939274"/>
 <node id="1600115546" visible="true" version="1" changeset="10456445" timestamp="2012-01-21T15:13:56Z" user="estela" uid="89271" lat="-34.4688275" lon="-58.4962622"/>
 <node id="1600115554" visible="true" version="1" changeset="10456445" timestamp="2012-01-21T15:13:56Z" user="estela" uid="89271" lat="-34.4688344" lon="-58.4942892"/>
 <node id="1600115556" visible="true" version="1" changeset="10456445" timestamp="2012-01-21T15:13:56Z" user="estela" uid="89271" lat="-34.4688448" lon="-58.4929557"/>
 <node id="1600115557" visible="true" version="1" changeset="10456445" timestamp="2012-01-21T15:13:56Z" user="estela" uid="89271" lat="-34.4689211" lon="-58.4945122"/>
 <node id="1600115558" visible="true" version="1" changeset="10456445" timestamp="2012-01-21T15:13:56Z" user="estela" uid="89271" lat="-34.4689246" lon="-58.4942640"/>
 <node id="1600115559" visible="true" version="1" changeset="10456445" timestamp="2012-01-21T15:13:56Z" user="estela" uid="89271" lat="-34.4689454" lon="-58.4963379"/>
 <node id="1600115561" visible="true" version="1" changeset="10456445" timestamp="2012-01-21T15:13:56Z" user="estela" uid="89271" lat="-34.4689870" lon="-58.4944028"/>
 <node id="1600115562" visible="true" version="1" changeset="10456445" timestamp="2012-01-21T15:13:56Z" user="estela" uid="89271" lat="-34.4690182" lon="-58.4965651"/>
 <node id="1600115565" visible="true" version="1" changeset="10456445" timestamp="2012-01-21T15:13:57Z" user="estela" uid="89271" lat="-34.4690807" lon="-58.4942135"/>
 <node id="1600115567" visible="true" version="1" changeset="10456445" timestamp="2012-01-21T15:13:57Z" user="estela" uid="89271" lat="-34.4691188" lon="-58.4929052"/>
 <node id="1600115575" visible="true" version="1" changeset="10456445" timestamp="2012-01-21T15:13:57Z" user="estela" uid="89271" lat="-34.4691466" lon="-58.4971414"/>
 <node id="1600115577" visible="true" version="1" changeset="10456445" timestamp="2012-01-21T15:13:57Z" user="estela" uid="89271" lat="-34.4691778" lon="-58.4971919"/>
 <node id="1600115579" visible="true" version="3" changeset="77640286" timestamp="2019-11-27T14:57:46Z" user="Hernan" uid="72347" lat="-34.4692142" lon="-58.4970374"/>
 <node id="1600115580" visible="true" version="1" changeset="10456445" timestamp="2012-01-21T15:13:57Z" user="estela" uid="89271" lat="-34.4692090" lon="-58.4967501"/>
 <node id="1600115581" visible="true" version="1" changeset="10456445" timestamp="2012-01-21T15:13:57Z" user="estela" uid="89271" lat="-34.4692124" lon="-58.4941209"/>
 <node id="1600115582" visible="true" version="2" changeset="41118549" timestamp="2016-07-29T21:14:49Z" user="pablopareja" uid="211657" lat="-34.4693229" lon="-58.4971697"/>
 <node id="1600115583" visible="true" version="1" changeset="10456445" timestamp="2012-01-21T15:13:57Z" user="estela" uid="89271" lat="-34.4693512" lon="-58.4939947"/>
 <node id="1600115585" visible="true" version="1" changeset="10456445" timestamp="2012-01-21T15:13:57Z" user="estela" uid="89271" lat="-34.4693546" lon="-58.4928758"/>
 <node id="1600115586" visible="true" version="1" changeset="10456445" timestamp="2012-01-21T15:13:57Z" user="estela" uid="89271" lat="-34.4693789" lon="-58.4967123"/>
 <node id="1600115588" visible="true" version="1" changeset="10456445" timestamp="2012-01-21T15:13:57Z" user="estela" uid="89271" lat="-34.4695003" lon="-58.4929262"/>
 <node id="1600115597" visible="true" version="1" changeset="10456445" timestamp="2012-01-21T15:13:58Z" user="estela" uid="89271" lat="-34.4695072" lon="-58.4966197"/>
 <node id="1600115600" visible="true" version="1" changeset="10456445" timestamp="2012-01-21T15:13:58Z" user="estela" uid="89271" lat="-34.4695142" lon="-58.4942009"/>
 <node id="1600115602" visible="true" version="1" changeset="10456445" timestamp="2012-01-21T15:13:58Z" user="estela" uid="89271" lat="-34.4696113" lon="-58.4930777"/>
 <node id="1600115604" visible="true" version="1" changeset="10456445" timestamp="2012-01-21T15:13:58Z" user="estela" uid="89271" lat="-34.4696286" lon="-58.4942892"/>
 <node id="1600115606" visible="true" version="1" changeset="10456445" timestamp="2012-01-21T15:13:58Z" user="estela" uid="89271" lat="-34.4696737" lon="-58.4951011"/>
 <node id="1600115608" visible="true" version="2" changeset="60631855" timestamp="2018-07-12T02:39:35Z" user="nurdafur" uid="3172019" lat="-34.4697018" lon="-58.4944147"/>
 <node id="1600115609" visible="true" version="1" changeset="10456445" timestamp="2012-01-21T15:13:58Z" user="estela" uid="89271" lat="-34.4697257" lon="-58.4964935"/>
 <node id="1600115611" visible="true" version="1" changeset="10456445" timestamp="2012-01-21T15:13:58Z" user="estela" uid="89271" lat="-34.4697327" lon="-58.4947435"/>
 <node id="1600115612" visible="true" version="1" changeset="10456445" timestamp="2012-01-21T15:13:58Z" user="estela" uid="89271" lat="-34.4697327" lon="-58.4949202"/>
 <node id="1600115615" visible="true" version="1" changeset="10456445" timestamp="2012-01-21T15:13:58Z" user="estela" uid="89271" lat="-34.4697361" lon="-58.4946131"/>
 <node id="1600115616" visible="true" version="1" changeset="10456445" timestamp="2012-01-21T15:13:59Z" user="estela" uid="89271" lat="-34.4697431" lon="-58.4951137"/>
 <node id="1600115617" visible="true" version="1" changeset="10456445" timestamp="2012-01-21T15:13:59Z" user="estela" uid="89271" lat="-34.4697569" lon="-58.4933133"/>
 <node id="1600115619" visible="true" version="1" changeset="10456445" timestamp="2012-01-21T15:13:59Z" user="estela" uid="89271" lat="-34.4697673" lon="-58.4962033"/>
 <node id="1600115621" visible="true" version="1" changeset="10456445" timestamp="2012-01-21T15:13:59Z" user="estela" uid="89271" lat="-34.4698541" lon="-58.4946047"/>
 <node id="1600115622" visible="true" version="1" changeset="10456445" timestamp="2012-01-21T15:13:59Z" user="estela" uid="89271" lat="-34.4698714" lon="-58.4942892"/>
 <node id="1600115624" visible="true" version="1" changeset="10456445" timestamp="2012-01-21T15:13:59Z" user="estela" uid="89271" lat="-34.4698714" lon="-58.4959593"/>
 <node id="1600115626" visible="true" version="1" changeset="10456445" timestamp="2012-01-21T15:13:59Z" user="estela" uid="89271" lat="-34.4698783" lon="-58.4944785"/>
 <node id="1600115628" visible="true" version="1" changeset="10456445" timestamp="2012-01-21T15:13:59Z" user="estela" uid="89271" lat="-34.4698922" lon="-58.4953493"/>
 <node id="1600115639" visible="true" version="1" changeset="10456445" timestamp="2012-01-21T15:13:59Z" user="estela" uid="89271" lat="-34.4698957" lon="-58.4935194"/>
 <node id="1600115642" visible="true" version="1" changeset="10456445" timestamp="2012-01-21T15:13:59Z" user="estela" uid="89271" lat="-34.4699026" lon="-58.4947898"/>
 <node id="1600115644" visible="true" version="1" changeset="10456445" timestamp="2012-01-21T15:13:59Z" user="estela" uid="89271" lat="-34.4699199" lon="-58.4957363"/>
 <node id="1600115646" visible="true" version="1" changeset="10456445" timestamp="2012-01-21T15:13:59Z" user="estela" uid="89271" lat="-34.4699234" lon="-58.4955092"/>
 <node id="1600115647" visible="true" version="1" changeset="10456445" timestamp="2012-01-21T15:14:00Z" user="estela" uid="89271" lat="-34.4699304" lon="-58.4941756"/>
 <node id="1600115648" visible="true" version="1" changeset="10456445" timestamp="2012-01-21T15:14:00Z" user="estela" uid="89271" lat="-34.4699789" lon="-58.4949034"/>
 <node id="1600115649" visible="true" version="1" changeset="10456445" timestamp="2012-01-21T15:14:00Z" user="estela" uid="89271" lat="-34.4700101" lon="-58.4951095"/>
 <node id="1600115650" visible="true" version="1" changeset="10456445" timestamp="2012-01-21T15:14:00Z" user="estela" uid="89271" lat="-34.4700344" lon="-58.4952694"/>
 <node id="1600115651" visible="true" version="1" changeset="10456445" timestamp="2012-01-21T15:14:00Z" user="estela" uid="89271" lat="-34.4700483" lon="-58.4934563"/>
 <node id="1600115652" visible="true" version="1" changeset="10456445" timestamp="2012-01-21T15:14:00Z" user="estela" uid="89271" lat="-34.4700795" lon="-58.4942472"/>
 <node id="1600115658" visible="true" version="1" changeset="10456445" timestamp="2012-01-21T15:14:00Z" user="estela" uid="89271" lat="-34.4701072" lon="-58.4953535"/>
 <node id="1600115659" visible="true" version="1" changeset="10456445" timestamp="2012-01-21T15:14:00Z" user="estela" uid="89271" lat="-34.4701454" lon="-58.4935951"/>
 <node id="1600115662" visible="true" version="1" changeset="10456445" timestamp="2012-01-21T15:14:00Z" user="estela" uid="89271" lat="-34.4701662" lon="-58.4938181"/>
 <node id="1600115666" visible="true" version="1" changeset="10456445" timestamp="2012-01-21T15:14:00Z" user="estela" uid="89271" lat="-34.4701766" lon="-58.4943523"/>
 <node id="1600115669" visible="true" version="1" changeset="10456445" timestamp="2012-01-21T15:14:00Z" user="estela" uid="89271" lat="-34.4701939" lon="-58.4952063"/>
 <node id="1600115671" visible="true" version="1" changeset="10456445" timestamp="2012-01-21T15:14:00Z" user="estela" uid="89271" lat="-34.4701974" lon="-58.4940284"/>
 <node id="1600115673" visible="true" version="1" changeset="10456445" timestamp="2012-01-21T15:14:00Z" user="estela" uid="89271" lat="-34.4702598" lon="-58.4934857"/>
 <node id="1600115674" visible="true" version="1" changeset="10456445" timestamp="2012-01-21T15:14:00Z" user="estela" uid="89271" lat="-34.4702702" lon="-58.4946636"/>
 <node id="1600115680" visible="true" version="1" changeset="10456445" timestamp="2012-01-21T15:14:01Z" user="estela" uid="89271" lat="-34.4703049" lon="-58.4935867"/>
 <node id="1600115681" visible="true" version="1" changeset="10456445" timestamp="2012-01-21T15:14:01Z" user="estela" uid="89271" lat="-34.4703084" lon="-58.4942976"/>
 <node id="1600115682" visible="true" version="1" changeset="10456445" timestamp="2012-01-21T15:14:01Z" user="estela" uid="89271" lat="-34.4703465" lon="-58.4951516"/>
 <node id="1600115683" visible="true" version="1" changeset="10456445" timestamp="2012-01-21T15:14:01Z" user="estela" uid="89271" lat="-34.4703777" lon="-58.4949371"/>
 <node id="1600115684" visible="true" version="1" changeset="10456445" timestamp="2012-01-21T15:14:01Z" user="estela" uid="89271" lat="-34.4703916" lon="-58.4944449"/>
 <node id="1600115685" visible="true" version="1" changeset="10456445" timestamp="2012-01-21T15:14:01Z" user="estela" uid="89271" lat="-34.4703985" lon="-58.4946089"/>
 <node id="1600115687" visible="true" version="1" changeset="10456445" timestamp="2012-01-21T15:14:01Z" user="estela" uid="89271" lat="-34.4704957" lon="-58.4948193"/>
 <node id="1600115689" visible="true" version="2" changeset="77640286" timestamp="2019-11-27T14:57:46Z" user="Hernan" uid="72347" lat="-34.4706233" lon="-58.4950682"/>
 <node id="1617923973" visible="true" version="1" changeset="10586307" timestamp="2012-02-04T17:00:06Z" user="estela" uid="89271" lat="-34.4628898" lon="-58.4955390"/>
 <node id="1617923974" visible="true" version="1" changeset="10586307" timestamp="2012-02-04T17:00:06Z" user="estela" uid="89271" lat="-34.4634898" lon="-58.4958015"/>
 <node id="1617923978" visible="true" version="1" changeset="10586307" timestamp="2012-02-04T17:00:06Z" user="estela" uid="89271" lat="-34.4636521" lon="-58.4959566"/>
 <node id="1617923980" visible="true" version="1" changeset="10586307" timestamp="2012-02-04T17:00:06Z" user="estela" uid="89271" lat="-34.4638686" lon="-58.4962787"/>
 <node id="1617923982" visible="true" version="1" changeset="10586307" timestamp="2012-02-04T17:00:06Z" user="estela" uid="89271" lat="-34.4639964" lon="-58.4964219"/>
 <node id="1617923983" visible="true" version="1" changeset="10586307" timestamp="2012-02-04T17:00:06Z" user="estela" uid="89271" lat="-34.4643998" lon="-58.4967977"/>
 <node id="1617923985" visible="true" version="1" changeset="10586307" timestamp="2012-02-04T17:00:06Z" user="estela" uid="89271" lat="-34.4648375" lon="-58.4971855"/>
 <node id="1617923987" visible="true" version="1" changeset="10586307" timestamp="2012-02-04T17:00:06Z" user="estela" uid="89271" lat="-34.4652675" lon="-58.4976613"/>
 <node id="1617923995" visible="true" version="1" changeset="10586307" timestamp="2012-02-04T17:00:07Z" user="estela" uid="89271" lat="-34.4656726" lon="-58.4980705"/>
 <node id="1617923998" visible="true" version="1" changeset="10586307" timestamp="2012-02-04T17:00:07Z" user="estela" uid="89271" lat="-34.4658744" lon="-58.4982540"/>
 <node id="1617924000" visible="true" version="1" changeset="10586307" timestamp="2012-02-04T17:00:07Z" user="estela" uid="89271" lat="-34.4659457" lon="-58.4983595"/>
 <node id="1617924002" visible="true" version="1" changeset="10586307" timestamp="2012-02-04T17:00:07Z" user="estela" uid="89271" lat="-34.4664186" lon="-58.4987054"/>
 <node id="1617924004" visible="true" version="1" changeset="10586307" timestamp="2012-02-04T17:00:07Z" user="estela" uid="89271" lat="-34.4669125" lon="-58.4990386"/>
 <node id="1617924006" visible="true" version="1" changeset="10586307" timestamp="2012-02-04T17:00:07Z" user="estela" uid="89271" lat="-34.4671212" lon="-58.4992285"/>
 <node id="1628511722" visible="true" version="1" changeset="10654626" timestamp="2012-02-11T16:38:11Z" user="estela" uid="89271" lat="-34.4591877" lon="-58.5010759"/>
 <node id="1628511726" visible="true" version="1" changeset="10654626" timestamp="2012-02-11T16:38:11Z" user="estela" uid="89271" lat="-34.4592404" lon="-58.5010392"/>
 <node id="1628511727" visible="true" version="2" changeset="172457308" timestamp="2025-09-25T20:17:30Z" user="muralito" uid="755114" lat="-34.4593003" lon="-58.5010837"/>
 <node id="1628511729" visible="true" version="1" changeset="10654626" timestamp="2012-02-11T16:38:11Z" user="estela" uid="89271" lat="-34.4594102" lon="-58.5008855"/>
 <node id="1628511738" visible="true" version="2" changeset="172457308" timestamp="2025-09-25T20:17:30Z" user="muralito" uid="755114" lat="-34.4593703" lon="-58.5012089"/>
 <node id="1628511740" visible="true" version="1" changeset="10654626" timestamp="2012-02-11T16:38:11Z" user="estela" uid="89271" lat="-34.4594537" lon="-58.5010438"/>
 <node id="1628511742" visible="true" version="1" changeset="10654626" timestamp="2012-02-11T16:38:12Z" user="estela" uid="89271" lat="-34.4594675" lon="-58.5008488"/>
 <node id="1628511744" visible="true" version="1" changeset="10654626" timestamp="2012-02-11T16:38:12Z" user="estela" uid="89271" lat="-34.4594698" lon="-58.5011906"/>
 <node id="1628511746" visible="true" version="1" changeset="10654626" timestamp="2012-02-11T16:38:12Z" user="estela" uid="89271" lat="-34.4595524" lon="-58.5008465"/>
 <node id="1628511747" visible="true" version="1" changeset="10654626" timestamp="2012-02-11T16:38:12Z" user="estela" uid="89271" lat="-34.4596900" lon="-58.5009107"/>
 <node id="1628511750" visible="true" version="1" changeset="10654626" timestamp="2012-02-11T16:38:12Z" user="estela" uid="89271" lat="-34.4597863" lon="-58.5010048"/>
 <node id="1628511752" visible="true" version="1" changeset="10654626" timestamp="2012-02-11T16:38:12Z" user="estela" uid="89271" lat="-34.4598643" lon="-58.5010025"/>
 <node id="1628511755" visible="true" version="1" changeset="10654626" timestamp="2012-02-11T16:38:12Z" user="estela" uid="89271" lat="-34.4598781" lon="-58.5008648"/>
 <node id="1628511766" visible="true" version="1" changeset="10654626" timestamp="2012-02-11T16:38:12Z" user="estela" uid="89271" lat="-34.4598987" lon="-58.5008167"/>
 <node id="1628511768" visible="true" version="1" changeset="10654626" timestamp="2012-02-11T16:38:12Z" user="estela" uid="89271" lat="-34.4599263" lon="-58.5009726"/>
 <node id="1628511771" visible="true" version="1" changeset="10654626" timestamp="2012-02-11T16:38:12Z" user="estela" uid="89271" lat="-34.4600891" lon="-58.5006492"/>
 <node id="1628511772" visible="true" version="1" changeset="10654626" timestamp="2012-02-11T16:38:12Z" user="estela" uid="89271" lat="-34.4603254" lon="-58.5006217"/>
 <node id="1628511773" visible="true" version="1" changeset="10654626" timestamp="2012-02-11T16:38:12Z" user="estela" uid="89271" lat="-34.4605020" lon="-58.5007364"/>
 <node id="1628511775" visible="true" version="1" changeset="10654626" timestamp="2012-02-11T16:38:12Z" user="estela" uid="89271" lat="-34.4605548" lon="-58.5004084"/>
 <node id="1628511778" visible="true" version="1" changeset="10654626" timestamp="2012-02-11T16:38:12Z" user="estela" uid="89271" lat="-34.4606190" lon="-58.5002822"/>
 <node id="1628511790" visible="true" version="2" changeset="10657206" timestamp="2012-02-11T20:41:15Z" user="estela" uid="89271" lat="-34.4606431" lon="-58.5008338"/>
 <node id="1628511794" visible="true" version="1" changeset="10654626" timestamp="2012-02-11T16:38:13Z" user="estela" uid="89271" lat="-34.4606328" lon="-58.5006148"/>
 <node id="1628511797" visible="true" version="1" changeset="10654626" timestamp="2012-02-11T16:38:13Z" user="estela" uid="89271" lat="-34.4606832" lon="-58.5001606"/>
 <node id="1628511799" visible="true" version="1" changeset="10654626" timestamp="2012-02-11T16:38:13Z" user="estela" uid="89271" lat="-34.4607842" lon="-58.5001010"/>
 <node id="1628812854" visible="true" version="2" changeset="172457308" timestamp="2025-09-25T20:17:30Z" user="muralito" uid="755114" lat="-34.4587511" lon="-58.5017456"/>
 <node id="1628812860" visible="true" version="1" changeset="10657206" timestamp="2012-02-11T20:41:10Z" user="estela" uid="89271" lat="-34.4588277" lon="-58.5017257"/>
 <node id="1628812867" visible="true" version="1" changeset="10657206" timestamp="2012-02-11T20:41:10Z" user="estela" uid="89271" lat="-34.4589053" lon="-58.5016884"/>
 <node id="1628812888" visible="true" version="1" changeset="10657206" timestamp="2012-02-11T20:41:10Z" user="estela" uid="89271" lat="-34.4589225" lon="-58.5013823"/>
 <node id="1628812891" visible="true" version="1" changeset="10657206" timestamp="2012-02-11T20:41:10Z" user="estela" uid="89271" lat="-34.4589254" lon="-58.5014901"/>
 <node id="1628812899" visible="true" version="1" changeset="10657206" timestamp="2012-02-11T20:41:11Z" user="estela" uid="89271" lat="-34.4589527" lon="-58.5016251"/>
 <node id="1628812902" visible="true" version="1" changeset="10657206" timestamp="2012-02-11T20:41:11Z" user="estela" uid="89271" lat="-34.4589800" lon="-58.5012817"/>
 <node id="1628812926" visible="true" version="1" changeset="10657206" timestamp="2012-02-11T20:41:11Z" user="estela" uid="89271" lat="-34.4590921" lon="-58.5012429"/>
 <node id="1628812973" visible="true" version="1" changeset="10657206" timestamp="2012-02-11T20:41:12Z" user="estela" uid="89271" lat="-34.4597919" lon="-58.5011984"/>
 <node id="1628812976" visible="true" version="1" changeset="10657206" timestamp="2012-02-11T20:41:12Z" user="estela" uid="89271" lat="-34.4598623" lon="-58.5011567"/>
 <node id="1628813023" visible="true" version="1" changeset="10657206" timestamp="2012-02-11T20:41:12Z" user="estela" uid="89271" lat="-34.4608854" lon="-58.5001594"/>
 <node id="1628813027" visible="true" version="1" changeset="10657206" timestamp="2012-02-11T20:41:12Z" user="estela" uid="89271" lat="-34.4609788" lon="-58.5002026"/>
 <node id="1628813032" visible="true" version="2" changeset="10657685" timestamp="2012-02-11T21:28:09Z" user="estela" uid="89271" lat="-34.4618354" lon="-58.4991837"/>
 <node id="1628813034" visible="true" version="1" changeset="10657206" timestamp="2012-02-11T20:41:13Z" user="estela" uid="89271" lat="-34.4618242" lon="-58.4985995"/>
 <node id="1628813035" visible="true" version="1" changeset="10657206" timestamp="2012-02-11T20:41:13Z" user="estela" uid="89271" lat="-34.4621128" lon="-58.4978110"/>
 <node id="1628813037" visible="true" version="1" changeset="10657206" timestamp="2012-02-11T20:41:13Z" user="estela" uid="89271" lat="-34.4622144" lon="-58.4976769"/>
 <node id="1628813040" visible="true" version="2" changeset="10657685" timestamp="2012-02-11T21:28:09Z" user="estela" uid="89271" lat="-34.4622235" lon="-58.4974838"/>
 <node id="1628813042" visible="true" version="1" changeset="10657206" timestamp="2012-02-11T20:41:13Z" user="estela" uid="89271" lat="-34.4622957" lon="-58.4973720"/>
 <node id="1628813044" visible="true" version="1" changeset="10657206" timestamp="2012-02-11T20:41:13Z" user="estela" uid="89271" lat="-34.4624176" lon="-58.4970509"/>
 <node id="1628813047" visible="true" version="1" changeset="10657206" timestamp="2012-02-11T20:41:13Z" user="estela" uid="89271" lat="-34.4626655" lon="-58.4965429"/>
 <node id="1628813049" visible="true" version="1" changeset="10657206" timestamp="2012-02-11T20:41:13Z" user="estela" uid="89271" lat="-34.4629053" lon="-58.4961405"/>
 <node id="1628813053" visible="true" version="1" changeset="10657206" timestamp="2012-02-11T20:41:13Z" user="estela" uid="89271" lat="-34.4630679" lon="-58.4961852"/>
 <node id="1628866559" visible="true" version="1" changeset="10657685" timestamp="2012-02-11T21:27:54Z" user="estela" uid="89271" lat="-34.4615047" lon="-58.4993901"/>
 <node id="1628866560" visible="true" version="1" changeset="10657685" timestamp="2012-02-11T21:27:54Z" user="estela" uid="89271" lat="-34.4615263" lon="-58.4992004"/>
 <node id="1628866575" visible="true" version="1" changeset="10657685" timestamp="2012-02-11T21:27:54Z" user="estela" uid="89271" lat="-34.4615263" lon="-58.4994907"/>
 <node id="1628866577" visible="true" version="1" changeset="10657685" timestamp="2012-02-11T21:27:55Z" user="estela" uid="89271" lat="-34.4615291" lon="-58.4994260"/>
 <node id="1628866580" visible="true" version="1" changeset="10657685" timestamp="2012-02-11T21:27:55Z" user="estela" uid="89271" lat="-34.4615464" lon="-58.4991042"/>
 <node id="1628866581" visible="true" version="1" changeset="10657685" timestamp="2012-02-11T21:27:55Z" user="estela" uid="89271" lat="-34.4615607" lon="-58.4995381"/>
 <node id="1628866583" visible="true" version="1" changeset="10657685" timestamp="2012-02-11T21:27:55Z" user="estela" uid="89271" lat="-34.4615909" lon="-58.4996588"/>
 <node id="1628866584" visible="true" version="1" changeset="10657685" timestamp="2012-02-11T21:27:55Z" user="estela" uid="89271" lat="-34.4615938" lon="-58.4990467"/>
 <node id="1628866585" visible="true" version="1" changeset="10657685" timestamp="2012-02-11T21:27:55Z" user="estela" uid="89271" lat="-34.4616211" lon="-58.4995539"/>
 <node id="1628866587" visible="true" version="1" changeset="10657685" timestamp="2012-02-11T21:27:55Z" user="estela" uid="89271" lat="-34.4616240" lon="-58.4989705"/>
 <node id="1628866589" visible="true" version="1" changeset="10657685" timestamp="2012-02-11T21:27:55Z" user="estela" uid="89271" lat="-34.4616534" lon="-58.4994930"/>
 <node id="1628866591" visible="true" version="1" changeset="10657685" timestamp="2012-02-11T21:27:55Z" user="estela" uid="89271" lat="-34.4616636" lon="-58.4994493"/>
 <node id="1628866593" visible="true" version="1" changeset="10657685" timestamp="2012-02-11T21:27:55Z" user="estela" uid="89271" lat="-34.4616839" lon="-58.4994239"/>
 <node id="1628866596" visible="true" version="1" changeset="10657685" timestamp="2012-02-11T21:27:55Z" user="estela" uid="89271" lat="-34.4616998" lon="-58.4989875"/>
 <node id="1628866605" visible="true" version="1" changeset="10657685" timestamp="2012-02-11T21:27:55Z" user="estela" uid="89271" lat="-34.4617012" lon="-58.4994016"/>
 <node id="1628866607" visible="true" version="1" changeset="10657685" timestamp="2012-02-11T21:27:55Z" user="estela" uid="89271" lat="-34.4617184" lon="-58.4993782"/>
 <node id="1628866610" visible="true" version="1" changeset="10657685" timestamp="2012-02-11T21:27:55Z" user="estela" uid="89271" lat="-34.4617374" lon="-58.4989814"/>
 <node id="1628866613" visible="true" version="1" changeset="10657685" timestamp="2012-02-11T21:27:55Z" user="estela" uid="89271" lat="-34.4617395" lon="-58.4988818"/>
 <node id="1628866615" visible="true" version="1" changeset="10657685" timestamp="2012-02-11T21:27:55Z" user="estela" uid="89271" lat="-34.4617425" lon="-58.4989093"/>
 <node id="1628866618" visible="true" version="1" changeset="10657685" timestamp="2012-02-11T21:27:55Z" user="estela" uid="89271" lat="-34.4617438" lon="-58.4993416"/>
 <node id="1628866620" visible="true" version="1" changeset="10657685" timestamp="2012-02-11T21:27:56Z" user="estela" uid="89271" lat="-34.4617567" lon="-58.4989957"/>
 <node id="1628866622" visible="true" version="1" changeset="10657685" timestamp="2012-02-11T21:27:56Z" user="estela" uid="89271" lat="-34.4617611" lon="-58.4993172"/>
 <node id="1628866625" visible="true" version="1" changeset="10657685" timestamp="2012-02-11T21:27:56Z" user="estela" uid="89271" lat="-34.4617618" lon="-58.4988605"/>
 <node id="1628866627" visible="true" version="1" changeset="10657685" timestamp="2012-02-11T21:27:56Z" user="estela" uid="89271" lat="-34.4617638" lon="-58.4990383"/>
 <node id="1628866628" visible="true" version="1" changeset="10657685" timestamp="2012-02-11T21:27:56Z" user="estela" uid="89271" lat="-34.4617845" lon="-58.4992847"/>
 <node id="1628866629" visible="true" version="1" changeset="10657685" timestamp="2012-02-11T21:27:56Z" user="estela" uid="89271" lat="-34.4618055" lon="-58.4988656"/>
 <node id="1628866630" visible="true" version="1" changeset="10657685" timestamp="2012-02-11T21:27:56Z" user="estela" uid="89271" lat="-34.4618157" lon="-58.4987061"/>
 <node id="1628866647" visible="true" version="1" changeset="10657685" timestamp="2012-02-11T21:27:56Z" user="estela" uid="89271" lat="-34.4618167" lon="-58.4991166"/>
 <node id="1628866648" visible="true" version="1" changeset="10657685" timestamp="2012-02-11T21:27:56Z" user="estela" uid="89271" lat="-34.4618208" lon="-58.4987691"/>
 <node id="1628866649" visible="true" version="1" changeset="10657685" timestamp="2012-02-11T21:27:56Z" user="estela" uid="89271" lat="-34.4618251" lon="-58.4992603"/>
 <node id="1628866650" visible="true" version="1" changeset="10657685" timestamp="2012-02-11T21:27:56Z" user="estela" uid="89271" lat="-34.4618350" lon="-58.4988869"/>
 <node id="1628866652" visible="true" version="1" changeset="10657685" timestamp="2012-02-11T21:27:56Z" user="estela" uid="89271" lat="-34.4618390" lon="-58.4991237"/>
 <node id="1628866654" visible="true" version="1" changeset="10657685" timestamp="2012-02-11T21:27:56Z" user="estela" uid="89271" lat="-34.4618451" lon="-58.4991674"/>
 <node id="1628866657" visible="true" version="1" changeset="10657685" timestamp="2012-02-11T21:27:56Z" user="estela" uid="89271" lat="-34.4618719" lon="-58.4992319"/>
 <node id="1628866659" visible="true" version="1" changeset="10657685" timestamp="2012-02-11T21:27:57Z" user="estela" uid="89271" lat="-34.4618879" lon="-58.4991736"/>
 <node id="1628866662" visible="true" version="1" changeset="10657685" timestamp="2012-02-11T21:27:57Z" user="estela" uid="89271" lat="-34.4618909" lon="-58.4984185"/>
 <node id="1628866669" visible="true" version="1" changeset="10657685" timestamp="2012-02-11T21:27:57Z" user="estela" uid="89271" lat="-34.4619335" lon="-58.4984063"/>
 <node id="1628866672" visible="true" version="1" changeset="10657685" timestamp="2012-02-11T21:27:57Z" user="estela" uid="89271" lat="-34.4619447" lon="-58.4982813"/>
 <node id="1628866677" visible="true" version="1" changeset="10657685" timestamp="2012-02-11T21:27:57Z" user="estela" uid="89271" lat="-34.4619447" lon="-58.4983748"/>
 <node id="1628866681" visible="true" version="1" changeset="10657685" timestamp="2012-02-11T21:27:57Z" user="estela" uid="89271" lat="-34.4619508" lon="-58.4983515"/>
 <node id="1628866684" visible="true" version="1" changeset="10657685" timestamp="2012-02-11T21:27:57Z" user="estela" uid="89271" lat="-34.4619691" lon="-58.4982478"/>
 <node id="1628866690" visible="true" version="1" changeset="10657685" timestamp="2012-02-11T21:27:57Z" user="estela" uid="89271" lat="-34.4619827" lon="-58.4990271"/>
 <node id="1628866695" visible="true" version="1" changeset="10657685" timestamp="2012-02-11T21:27:57Z" user="estela" uid="89271" lat="-34.4619843" lon="-58.4982458"/>
 <node id="1628866697" visible="true" version="1" changeset="10657685" timestamp="2012-02-11T21:27:57Z" user="estela" uid="89271" lat="-34.4619986" lon="-58.4982072"/>
 <node id="1628866700" visible="true" version="1" changeset="10657685" timestamp="2012-02-11T21:27:57Z" user="estela" uid="89271" lat="-34.4620311" lon="-58.4981929"/>
 <node id="1628866704" visible="true" version="1" changeset="10657685" timestamp="2012-02-11T21:27:58Z" user="estela" uid="89271" lat="-34.4620488" lon="-58.4989552"/>
 <node id="1628866707" visible="true" version="1" changeset="10657685" timestamp="2012-02-11T21:27:58Z" user="estela" uid="89271" lat="-34.4620555" lon="-58.4980456"/>
 <node id="1628866710" visible="true" version="1" changeset="10657685" timestamp="2012-02-11T21:27:58Z" user="estela" uid="89271" lat="-34.4620574" lon="-58.4988920"/>
 <node id="1628866712" visible="true" version="1" changeset="10657685" timestamp="2012-02-11T21:27:58Z" user="estela" uid="89271" lat="-34.4620636" lon="-58.4980924"/>
 <node id="1628866714" visible="true" version="1" changeset="10657685" timestamp="2012-02-11T21:27:58Z" user="estela" uid="89271" lat="-34.4620859" lon="-58.4979440"/>
 <node id="1628866727" visible="true" version="2" changeset="43270922" timestamp="2016-10-29T18:27:53Z" user="pablopareja" uid="211657" lat="-34.4621127" lon="-58.4992106"/>
 <node id="1628866729" visible="true" version="1" changeset="10657685" timestamp="2012-02-11T21:27:58Z" user="estela" uid="89271" lat="-34.4620900" lon="-58.4978597"/>
 <node id="1628866732" visible="true" version="1" changeset="10657685" timestamp="2012-02-11T21:27:58Z" user="estela" uid="89271" lat="-34.4620931" lon="-58.4979044"/>
 <node id="1628866734" visible="true" version="1" changeset="10657685" timestamp="2012-02-11T21:27:58Z" user="estela" uid="89271" lat="-34.4621063" lon="-58.4988403"/>
 <node id="1628866737" visible="true" version="1" changeset="10657685" timestamp="2012-02-11T21:27:58Z" user="estela" uid="89271" lat="-34.4621276" lon="-58.4977997"/>
 <node id="1628866739" visible="true" version="1" changeset="10657685" timestamp="2012-02-11T21:27:58Z" user="estela" uid="89271" lat="-34.4621571" lon="-58.4977814"/>
 <node id="1628866742" visible="true" version="1" changeset="10657685" timestamp="2012-02-11T21:27:58Z" user="estela" uid="89271" lat="-34.4621695" lon="-58.4987943"/>
 <node id="1628866746" visible="true" version="1" changeset="10657685" timestamp="2012-02-11T21:27:58Z" user="estela" uid="89271" lat="-34.4621815" lon="-58.4977134"/>
 <node id="1628866749" visible="true" version="2" changeset="43270922" timestamp="2016-10-29T18:27:53Z" user="pablopareja" uid="211657" lat="-34.4621830" lon="-58.4992246"/>
 <node id="1628866751" visible="true" version="1" changeset="10657685" timestamp="2012-02-11T21:27:58Z" user="estela" uid="89271" lat="-34.4622170" lon="-58.4975782"/>
 <node id="1628866753" visible="true" version="1" changeset="10657685" timestamp="2012-02-11T21:27:58Z" user="estela" uid="89271" lat="-34.4622241" lon="-58.4981793"/>
 <node id="1628866757" visible="true" version="1" changeset="10657685" timestamp="2012-02-11T21:27:59Z" user="estela" uid="89271" lat="-34.4622299" lon="-58.4982511"/>
 <node id="1628866767" visible="true" version="1" changeset="10657685" timestamp="2012-02-11T21:27:59Z" user="estela" uid="89271" lat="-34.4622299" lon="-58.4985471"/>
 <node id="1628866770" visible="true" version="1" changeset="10657685" timestamp="2012-02-11T21:27:59Z" user="estela" uid="89271" lat="-34.4622327" lon="-58.4983661"/>
 <node id="1628866774" visible="true" version="1" changeset="10657685" timestamp="2012-02-11T21:27:59Z" user="estela" uid="89271" lat="-34.4622385" lon="-58.4986247"/>
 <node id="1628866778" visible="true" version="1" changeset="10657685" timestamp="2012-02-11T21:27:59Z" user="estela" uid="89271" lat="-34.4622500" lon="-58.4983086"/>
 <node id="1628866780" visible="true" version="1" changeset="10657685" timestamp="2012-02-11T21:27:59Z" user="estela" uid="89271" lat="-34.4622672" lon="-58.4984293"/>
 <node id="1628866783" visible="true" version="1" changeset="10657685" timestamp="2012-02-11T21:27:59Z" user="estela" uid="89271" lat="-34.4623075" lon="-58.4980528"/>
 <node id="1628866785" visible="true" version="1" changeset="10657685" timestamp="2012-02-11T21:27:59Z" user="estela" uid="89271" lat="-34.4623764" lon="-58.4980212"/>
 <node id="1628866790" visible="true" version="1" changeset="10657685" timestamp="2012-02-11T21:27:59Z" user="estela" uid="89271" lat="-34.4624109" lon="-58.4994984"/>
 <node id="1628866792" visible="true" version="1" changeset="10657685" timestamp="2012-02-11T21:27:59Z" user="estela" uid="89271" lat="-34.4624397" lon="-58.4979695"/>
 <node id="1628866794" visible="true" version="1" changeset="10657685" timestamp="2012-02-11T21:27:59Z" user="estela" uid="89271" lat="-34.4625086" lon="-58.4979608"/>
 <node id="1628866795" visible="true" version="1" changeset="10657685" timestamp="2012-02-11T21:27:59Z" user="estela" uid="89271" lat="-34.4625460" lon="-58.4996737"/>
 <node id="1628866796" visible="true" version="1" changeset="10657685" timestamp="2012-02-11T21:27:59Z" user="estela" uid="89271" lat="-34.4625546" lon="-58.4979120"/>
 <node id="1628866802" visible="true" version="1" changeset="10657685" timestamp="2012-02-11T21:27:59Z" user="estela" uid="89271" lat="-34.4626265" lon="-58.4977798"/>
 <node id="1628866805" visible="true" version="1" changeset="10657685" timestamp="2012-02-11T21:28:00Z" user="estela" uid="89271" lat="-34.4626293" lon="-58.4997599"/>
 <node id="1628866808" visible="true" version="1" changeset="10657685" timestamp="2012-02-11T21:28:00Z" user="estela" uid="89271" lat="-34.4626437" lon="-58.4979005"/>
 <node id="1628866811" visible="true" version="1" changeset="10657685" timestamp="2012-02-11T21:28:00Z" user="estela" uid="89271" lat="-34.4626437" lon="-58.4998231"/>
 <node id="1628866814" visible="true" version="1" changeset="10657685" timestamp="2012-02-11T21:28:00Z" user="estela" uid="89271" lat="-34.4627041" lon="-58.4977338"/>
 <node id="1628866817" visible="true" version="2" changeset="43270922" timestamp="2016-10-29T18:27:53Z" user="pablopareja" uid="211657" lat="-34.4626998" lon="-58.4999277"/>
 <node id="1628866820" visible="true" version="1" changeset="10657685" timestamp="2012-02-11T21:28:00Z" user="estela" uid="89271" lat="-34.4627730" lon="-58.4976878"/>
 <node id="1628866823" visible="true" version="1" changeset="10657685" timestamp="2012-02-11T21:28:00Z" user="estela" uid="89271" lat="-34.4627845" lon="-58.4975240"/>
 <node id="1628866825" visible="true" version="1" changeset="10657685" timestamp="2012-02-11T21:28:00Z" user="estela" uid="89271" lat="-34.4627989" lon="-58.4975901"/>
 <node id="1628866826" visible="true" version="1" changeset="10657685" timestamp="2012-02-11T21:28:00Z" user="estela" uid="89271" lat="-34.4627995" lon="-58.4963182"/>
 <node id="1628866827" visible="true" version="1" changeset="10657685" timestamp="2012-02-11T21:28:00Z" user="estela" uid="89271" lat="-34.4628190" lon="-58.4974522"/>
 <node id="1628866828" visible="true" version="1" changeset="10657685" timestamp="2012-02-11T21:28:00Z" user="estela" uid="89271" lat="-34.4628209" lon="-58.4973392"/>
 <node id="1628866834" visible="true" version="1" changeset="10657685" timestamp="2012-02-11T21:28:00Z" user="estela" uid="89271" lat="-34.4628679" lon="-58.4974119"/>
 <node id="1628866839" visible="true" version="1" changeset="10657685" timestamp="2012-02-11T21:28:01Z" user="estela" uid="89271" lat="-34.4628813" lon="-58.4963391"/>
 <node id="1628866842" visible="true" version="1" changeset="10657685" timestamp="2012-02-11T21:28:01Z" user="estela" uid="89271" lat="-34.4628856" lon="-58.4972803"/>
 <node id="1628866845" visible="true" version="1" changeset="10657685" timestamp="2012-02-11T21:28:01Z" user="estela" uid="89271" lat="-34.4629114" lon="-58.4971639"/>
 <node id="1628866848" visible="true" version="1" changeset="10657685" timestamp="2012-02-11T21:28:01Z" user="estela" uid="89271" lat="-34.4629143" lon="-58.4972199"/>
 <node id="1628866852" visible="true" version="1" changeset="10657685" timestamp="2012-02-11T21:28:01Z" user="estela" uid="89271" lat="-34.4629157" lon="-58.4970791"/>
 <node id="1628866854" visible="true" version="1" changeset="10657685" timestamp="2012-02-11T21:28:01Z" user="estela" uid="89271" lat="-34.4629402" lon="-58.4963879"/>
 <node id="1628866855" visible="true" version="1" changeset="10657685" timestamp="2012-02-11T21:28:01Z" user="estela" uid="89271" lat="-34.4629488" lon="-58.4970015"/>
 <node id="1628866856" visible="true" version="1" changeset="10657685" timestamp="2012-02-11T21:28:01Z" user="estela" uid="89271" lat="-34.4629627" lon="-58.4974320"/>
 <node id="1628866857" visible="true" version="1" changeset="10657685" timestamp="2012-02-11T21:28:01Z" user="estela" uid="89271" lat="-34.4629703" lon="-58.4969383"/>
 <node id="1628866858" visible="true" version="1" changeset="10657685" timestamp="2012-02-11T21:28:01Z" user="estela" uid="89271" lat="-34.4629790" lon="-58.4968406"/>
 <node id="1628866859" visible="true" version="1" changeset="10657685" timestamp="2012-02-11T21:28:01Z" user="estela" uid="89271" lat="-34.4629948" lon="-58.4964238"/>
 <node id="1628866860" visible="true" version="2" changeset="43270922" timestamp="2016-10-29T18:27:53Z" user="pablopareja" uid="211657" lat="-34.4629928" lon="-58.5001210"/>
 <node id="1628866874" visible="true" version="1" changeset="10657685" timestamp="2012-02-11T21:28:02Z" user="estela" uid="89271" lat="-34.4630202" lon="-58.4975096"/>
 <node id="1628866877" visible="true" version="1" changeset="10657685" timestamp="2012-02-11T21:28:02Z" user="estela" uid="89271" lat="-34.4630432" lon="-58.4974205"/>
 <node id="1628866879" visible="true" version="1" changeset="10657685" timestamp="2012-02-11T21:28:02Z" user="estela" uid="89271" lat="-34.4630436" lon="-58.4964713"/>
 <node id="1628866881" visible="true" version="1" changeset="10657685" timestamp="2012-02-11T21:28:02Z" user="estela" uid="89271" lat="-34.4630461" lon="-58.4974924"/>
 <node id="1628866883" visible="true" version="1" changeset="10657685" timestamp="2012-02-11T21:28:02Z" user="estela" uid="89271" lat="-34.4630576" lon="-58.4975585"/>
 <node id="1628866885" visible="true" version="1" changeset="10657685" timestamp="2012-02-11T21:28:02Z" user="estela" uid="89271" lat="-34.4630580" lon="-58.4965072"/>
 <node id="1628866886" visible="true" version="1" changeset="10657685" timestamp="2012-02-11T21:28:02Z" user="estela" uid="89271" lat="-34.4630604" lon="-58.4974522"/>
 <node id="1628866890" visible="true" version="1" changeset="10657685" timestamp="2012-02-11T21:28:02Z" user="estela" uid="89271" lat="-34.4631025" lon="-58.4965172"/>
 <node id="1628866892" visible="true" version="1" changeset="10657685" timestamp="2012-02-11T21:28:02Z" user="estela" uid="89271" lat="-34.4631054" lon="-58.4967342"/>
 <node id="1628866896" visible="true" version="1" changeset="10657685" timestamp="2012-02-11T21:28:02Z" user="estela" uid="89271" lat="-34.4631150" lon="-58.4975844"/>
 <node id="1628866907" visible="true" version="1" changeset="10657685" timestamp="2012-02-11T21:28:03Z" user="estela" uid="89271" lat="-34.4631528" lon="-58.4965172"/>
 <node id="1628866909" visible="true" version="1" changeset="10657685" timestamp="2012-02-11T21:28:03Z" user="estela" uid="89271" lat="-34.4631557" lon="-58.4966681"/>
 <node id="1628866911" visible="true" version="1" changeset="10657685" timestamp="2012-02-11T21:28:03Z" user="estela" uid="89271" lat="-34.4631840" lon="-58.4976677"/>
 <node id="1628866912" visible="true" version="1" changeset="10657685" timestamp="2012-02-11T21:28:03Z" user="estela" uid="89271" lat="-34.4631859" lon="-58.4965388"/>
 <node id="1628866914" visible="true" version="1" changeset="10657685" timestamp="2012-02-11T21:28:03Z" user="estela" uid="89271" lat="-34.4631959" lon="-58.4966135"/>
 <node id="1628866916" visible="true" version="1" changeset="10657685" timestamp="2012-02-11T21:28:03Z" user="estela" uid="89271" lat="-34.4632103" lon="-58.4965790"/>
 <node id="1628866920" visible="true" version="1" changeset="10657685" timestamp="2012-02-11T21:28:03Z" user="estela" uid="89271" lat="-34.4632300" lon="-58.4977252"/>
 <node id="1628866924" visible="true" version="1" changeset="10657685" timestamp="2012-02-11T21:28:03Z" user="estela" uid="89271" lat="-34.4633421" lon="-58.4977482"/>
 <node id="1628866927" visible="true" version="2" changeset="43270922" timestamp="2016-10-29T18:27:53Z" user="pablopareja" uid="211657" lat="-34.4633485" lon="-58.4996779"/>
 <node id="1628866929" visible="true" version="1" changeset="10657685" timestamp="2012-02-11T21:28:03Z" user="estela" uid="89271" lat="-34.4634312" lon="-58.4977051"/>
 <node id="1628866937" visible="true" version="1" changeset="10657685" timestamp="2012-02-11T21:28:03Z" user="estela" uid="89271" lat="-34.4635030" lon="-58.4976878"/>
 <node id="1628866940" visible="true" version="1" changeset="10657685" timestamp="2012-02-11T21:28:04Z" user="estela" uid="89271" lat="-34.4635289" lon="-58.4977223"/>
 <node id="1628866942" visible="true" version="1" changeset="10657685" timestamp="2012-02-11T21:28:04Z" user="estela" uid="89271" lat="-34.4635662" lon="-58.4978401"/>
 <node id="1628866949" visible="true" version="1" changeset="10657685" timestamp="2012-02-11T21:28:04Z" user="estela" uid="89271" lat="-34.4635835" lon="-58.4977166"/>
 <node id="1628866951" visible="true" version="1" changeset="10657685" timestamp="2012-02-11T21:28:04Z" user="estela" uid="89271" lat="-34.4635950" lon="-58.4977712"/>
 <node id="1628866982" visible="true" version="3" changeset="178950932" timestamp="2026-02-23T16:13:57Z" user="Avardent" uid="20972825" lat="-34.4631695" lon="-58.4992988"/>
 <node id="1628866987" visible="true" version="2" changeset="178950932" timestamp="2026-02-23T16:13:57Z" user="Avardent" uid="20972825" lat="-34.4635364" lon="-58.4981410"/>
 <node id="1628866988" visible="true" version="2" changeset="178950932" timestamp="2026-02-23T16:13:57Z" user="Avardent" uid="20972825" lat="-34.4634602" lon="-58.4983368"/>
 <node id="1628866990" visible="true" version="2" changeset="178950932" timestamp="2026-02-23T16:13:57Z" user="Avardent" uid="20972825" lat="-34.4634500" lon="-58.4985259"/>
 <node id="1628867004" visible="true" version="2" changeset="178950932" timestamp="2026-02-23T16:13:57Z" user="Avardent" uid="20972825" lat="-34.4635696" lon="-58.4986229"/>
 <node id="1628867006" visible="true" version="2" changeset="178950932" timestamp="2026-02-23T16:13:57Z" user="Avardent" uid="20972825" lat="-34.4636434" lon="-58.4987851"/>
 <node id="1628871735" visible="true" version="1" changeset="10657726" timestamp="2012-02-11T21:31:15Z" user="estela" uid="89271" lat="-34.4628387" lon="-58.4962523"/>
 <node id="1628871736" visible="true" version="1" changeset="10657726" timestamp="2012-02-11T21:31:15Z" user="estela" uid="89271" lat="-34.4628650" lon="-58.4962943"/>
 <node id="1628871738" visible="true" version="1" changeset="10657726" timestamp="2012-02-11T21:31:15Z" user="estela" uid="89271" lat="-34.4629260" lon="-58.4963471"/>
 <node id="1628871740" visible="true" version="1" changeset="10657726" timestamp="2012-02-11T21:31:15Z" user="estela" uid="89271" lat="-34.4629646" lon="-58.4963745"/>
 <node id="1628871742" visible="true" version="1" changeset="10657726" timestamp="2012-02-11T21:31:15Z" user="estela" uid="89271" lat="-34.4630011" lon="-58.4974265"/>
 <node id="1628871744" visible="true" version="1" changeset="10657726" timestamp="2012-02-11T21:31:15Z" user="estela" uid="89271" lat="-34.4630081" lon="-58.4973762"/>
 <node id="1628871746" visible="true" version="1" changeset="10657726" timestamp="2012-02-11T21:31:15Z" user="estela" uid="89271" lat="-34.4630164" lon="-58.4963898"/>
 <node id="1628871748" visible="true" version="1" changeset="10657726" timestamp="2012-02-11T21:31:15Z" user="estela" uid="89271" lat="-34.4630239" lon="-58.4973288"/>
 <node id="1628871750" visible="true" version="1" changeset="10657726" timestamp="2012-02-11T21:31:16Z" user="estela" uid="89271" lat="-34.4630296" lon="-58.4964142"/>
 <node id="1628871751" visible="true" version="1" changeset="10657726" timestamp="2012-02-11T21:31:16Z" user="estela" uid="89271" lat="-34.4630469" lon="-58.4972756"/>
 <node id="1628871752" visible="true" version="1" changeset="10657726" timestamp="2012-02-11T21:31:16Z" user="estela" uid="89271" lat="-34.4630570" lon="-58.4964264"/>
 <node id="1628871754" visible="true" version="1" changeset="10657726" timestamp="2012-02-11T21:31:16Z" user="estela" uid="89271" lat="-34.4630872" lon="-58.4972267"/>
 <node id="1628871755" visible="true" version="1" changeset="10657726" timestamp="2012-02-11T21:31:16Z" user="estela" uid="89271" lat="-34.4630875" lon="-58.4964335"/>
 <node id="1628871757" visible="true" version="1" changeset="10657726" timestamp="2012-02-11T21:31:16Z" user="estela" uid="89271" lat="-34.4631044" lon="-58.4971908"/>
 <node id="1628871759" visible="true" version="1" changeset="10657726" timestamp="2012-02-11T21:31:16Z" user="estela" uid="89271" lat="-34.4631099" lon="-58.4962425"/>
 <node id="1628871761" visible="true" version="1" changeset="10657726" timestamp="2012-02-11T21:31:16Z" user="estela" uid="89271" lat="-34.4631231" lon="-58.4964477"/>
 <node id="1628871763" visible="true" version="1" changeset="10657726" timestamp="2012-02-11T21:31:16Z" user="estela" uid="89271" lat="-34.4631274" lon="-58.4971405"/>
 <node id="1628871764" visible="true" version="1" changeset="10657726" timestamp="2012-02-11T21:31:16Z" user="estela" uid="89271" lat="-34.4631444" lon="-58.4962912"/>
 <node id="1628871766" visible="true" version="1" changeset="10657726" timestamp="2012-02-11T21:31:16Z" user="estela" uid="89271" lat="-34.4631444" lon="-58.4964782"/>
 <node id="1628871770" visible="true" version="1" changeset="10657726" timestamp="2012-02-11T21:31:16Z" user="estela" uid="89271" lat="-34.4631658" lon="-58.4964934"/>
 <node id="1628871771" visible="true" version="1" changeset="10657726" timestamp="2012-02-11T21:31:16Z" user="estela" uid="89271" lat="-34.4631748" lon="-58.4970184"/>
 <node id="1628871772" visible="true" version="1" changeset="10657726" timestamp="2012-02-11T21:31:16Z" user="estela" uid="89271" lat="-34.4631769" lon="-58.4963024"/>
 <node id="1628871773" visible="true" version="1" changeset="10657726" timestamp="2012-02-11T21:31:16Z" user="estela" uid="89271" lat="-34.4632095" lon="-58.4965361"/>
 <node id="1628871775" visible="true" version="1" changeset="10657726" timestamp="2012-02-11T21:31:16Z" user="estela" uid="89271" lat="-34.4632166" lon="-58.4962943"/>
 <node id="1628871777" visible="true" version="1" changeset="10657726" timestamp="2012-02-11T21:31:16Z" user="estela" uid="89271" lat="-34.4632323" lon="-58.4969092"/>
 <node id="1628871778" visible="true" version="1" changeset="10657726" timestamp="2012-02-11T21:31:16Z" user="estela" uid="89271" lat="-34.4632379" lon="-58.4964772"/>
 <node id="1628871780" visible="true" version="1" changeset="10657726" timestamp="2012-02-11T21:31:16Z" user="estela" uid="89271" lat="-34.4632423" lon="-58.4965830"/>
 <node id="1628871782" visible="true" version="1" changeset="10657726" timestamp="2012-02-11T21:31:16Z" user="estela" uid="89271" lat="-34.4632450" lon="-58.4963105"/>
 <node id="1628871783" visible="true" version="1" changeset="10657726" timestamp="2012-02-11T21:31:16Z" user="estela" uid="89271" lat="-34.4632481" lon="-58.4966002"/>
 <node id="1628871785" visible="true" version="1" changeset="10657726" timestamp="2012-02-11T21:31:16Z" user="estela" uid="89271" lat="-34.4632510" lon="-58.4968546"/>
 <node id="1628871790" visible="true" version="1" changeset="10657726" timestamp="2012-02-11T21:31:17Z" user="estela" uid="89271" lat="-34.4632581" lon="-58.4967439"/>
 <node id="1628871791" visible="true" version="1" changeset="10657726" timestamp="2012-02-11T21:31:17Z" user="estela" uid="89271" lat="-34.4632682" lon="-58.4966678"/>
 <node id="1628871792" visible="true" version="1" changeset="10657726" timestamp="2012-02-11T21:31:17Z" user="estela" uid="89271" lat="-34.4632725" lon="-58.4965456"/>
 <node id="1628871793" visible="true" version="1" changeset="10657726" timestamp="2012-02-11T21:31:17Z" user="estela" uid="89271" lat="-34.4632745" lon="-58.4964253"/>
 <node id="1628871794" visible="true" version="1" changeset="10657726" timestamp="2012-02-11T21:31:17Z" user="estela" uid="89271" lat="-34.4632806" lon="-58.4963349"/>
 <node id="1628871795" visible="true" version="1" changeset="10657726" timestamp="2012-02-11T21:31:17Z" user="estela" uid="89271" lat="-34.4632826" lon="-58.4962439"/>
 <node id="1628871797" visible="true" version="1" changeset="10657726" timestamp="2012-02-11T21:31:17Z" user="estela" uid="89271" lat="-34.4633084" lon="-58.4965427"/>
 <node id="1628871799" visible="true" version="1" changeset="10657726" timestamp="2012-02-11T21:31:17Z" user="estela" uid="89271" lat="-34.4633171" lon="-58.4961619"/>
 <node id="1628871801" visible="true" version="1" changeset="10657726" timestamp="2012-02-11T21:31:17Z" user="estela" uid="89271" lat="-34.4633257" lon="-58.4966103"/>
 <node id="1628871803" visible="true" version="1" changeset="10657726" timestamp="2012-02-11T21:31:17Z" user="estela" uid="89271" lat="-34.4633271" lon="-58.4960973"/>
 <node id="1628871805" visible="true" version="1" changeset="10657726" timestamp="2012-02-11T21:31:17Z" user="estela" uid="89271" lat="-34.4633357" lon="-58.4963660"/>
 <node id="1628871810" visible="true" version="1" changeset="10657726" timestamp="2012-02-11T21:31:17Z" user="estela" uid="89271" lat="-34.4633444" lon="-58.4963344"/>
 <node id="1628871811" visible="true" version="1" changeset="10657726" timestamp="2012-02-11T21:31:17Z" user="estela" uid="89271" lat="-34.4633487" lon="-58.4960211"/>
 <node id="1628871812" visible="true" version="1" changeset="10657726" timestamp="2012-02-11T21:31:17Z" user="estela" uid="89271" lat="-34.4633544" lon="-58.4963947"/>
 <node id="1628871813" visible="true" version="1" changeset="10657726" timestamp="2012-02-11T21:31:17Z" user="estela" uid="89271" lat="-34.4633659" lon="-58.4963272"/>
 <node id="1628871814" visible="true" version="1" changeset="10657726" timestamp="2012-02-11T21:31:17Z" user="estela" uid="89271" lat="-34.4633832" lon="-58.4960139"/>
 <node id="1628871816" visible="true" version="1" changeset="10657726" timestamp="2012-02-11T21:31:18Z" user="estela" uid="89271" lat="-34.4633990" lon="-58.4963042"/>
 <node id="1628871817" visible="true" version="1" changeset="10657726" timestamp="2012-02-11T21:31:18Z" user="estela" uid="89271" lat="-34.4634033" lon="-58.4963602"/>
 <node id="1628871819" visible="true" version="1" changeset="10657726" timestamp="2012-02-11T21:31:18Z" user="estela" uid="89271" lat="-34.4634162" lon="-58.4966060"/>
 <node id="1628871821" visible="true" version="1" changeset="10657726" timestamp="2012-02-11T21:31:18Z" user="estela" uid="89271" lat="-34.4634176" lon="-58.4963329"/>
 <node id="1628871823" visible="true" version="1" changeset="10657726" timestamp="2012-02-11T21:31:18Z" user="estela" uid="89271" lat="-34.4634478" lon="-58.4963689"/>
 <node id="1628871825" visible="true" version="1" changeset="10657726" timestamp="2012-02-11T21:31:18Z" user="estela" uid="89271" lat="-34.4634536" lon="-58.4960513"/>
 <node id="1628871827" visible="true" version="1" changeset="10657726" timestamp="2012-02-11T21:31:18Z" user="estela" uid="89271" lat="-34.4634636" lon="-58.4965097"/>
 <node id="1628871830" visible="true" version="1" changeset="10657726" timestamp="2012-02-11T21:31:18Z" user="estela" uid="89271" lat="-34.4634809" lon="-58.4963717"/>
 <node id="1628871831" visible="true" version="1" changeset="10657726" timestamp="2012-02-11T21:31:18Z" user="estela" uid="89271" lat="-34.4634852" lon="-58.4964766"/>
 <node id="1628871832" visible="true" version="1" changeset="10657726" timestamp="2012-02-11T21:31:18Z" user="estela" uid="89271" lat="-34.4634909" lon="-58.4963962"/>
 <node id="1628871833" visible="true" version="1" changeset="10657726" timestamp="2012-02-11T21:31:18Z" user="estela" uid="89271" lat="-34.4635067" lon="-58.4963631"/>
 <node id="1628871834" visible="true" version="1" changeset="10657726" timestamp="2012-02-11T21:31:18Z" user="estela" uid="89271" lat="-34.4635297" lon="-58.4961562"/>
 <node id="1628871836" visible="true" version="1" changeset="10657726" timestamp="2012-02-11T21:31:18Z" user="estela" uid="89271" lat="-34.4635326" lon="-58.4962970"/>
 <node id="1628871838" visible="true" version="1" changeset="10657726" timestamp="2012-02-11T21:31:18Z" user="estela" uid="89271" lat="-34.4635369" lon="-58.4962510"/>
 <node id="1719986423" visible="true" version="3" changeset="146342612" timestamp="2024-01-17T00:00:09Z" user="AgusQui" uid="331218" lat="-34.4667129" lon="-58.5063303"/>
 <node id="1719986434" visible="true" version="9" changeset="176864195" timestamp="2026-01-05T14:21:46Z" user="PedroARovasioAguirre" uid="23550306" lat="-34.4689265" lon="-58.5023231">
  <tag k="crossing:barrier" v="half"/>
  <tag k="crossing:bell" v="yes"/>
  <tag k="crossing:light" v="yes"/>
  <tag k="maxheight" v="4.8"/>
  <tag k="railway" v="level_crossing"/>
 </node>
 <node id="1719986435" visible="true" version="2" changeset="43504658" timestamp="2016-11-09T06:29:34Z" user="nicfer" uid="16712" lat="-34.4715473" lon="-58.4963683"/>
 <node id="1744981985" visible="true" version="2" changeset="12770562" timestamp="2012-08-18T08:52:50Z" user="dbusse" uid="149876" lat="-34.4700457" lon="-58.4960337"/>
 <node id="1744981987" visible="true" version="1" changeset="11535197" timestamp="2012-05-08T02:01:48Z" user="grtouron" uid="676690" lat="-34.4700265" lon="-58.4959215"/>
 <node id="1744981995" visible="true" version="1" changeset="11535197" timestamp="2012-05-08T02:01:48Z" user="grtouron" uid="676690" lat="-34.4700280" lon="-58.4958069"/>
 <node id="1744982003" visible="true" version="1" changeset="11535197" timestamp="2012-05-08T02:01:48Z" user="grtouron" uid="676690" lat="-34.4700207" lon="-58.4957390"/>
 <node id="1744982012" visible="true" version="1" changeset="11535197" timestamp="2012-05-08T02:01:49Z" user="grtouron" uid="676690" lat="-34.4699999" lon="-58.4956385"/>
 <node id="1744982015" visible="true" version="1" changeset="11535197" timestamp="2012-05-08T02:01:49Z" user="grtouron" uid="676690" lat="-34.4699634" lon="-58.4954878"/>
 <node id="1744982022" visible="true" version="1" changeset="11535197" timestamp="2012-05-08T02:01:49Z" user="grtouron" uid="676690" lat="-34.4699219" lon="-58.4953308"/>
 <node id="1744982032" visible="true" version="1" changeset="11535197" timestamp="2012-05-08T02:01:50Z" user="grtouron" uid="676690" lat="-34.4698907" lon="-58.4952115"/>
 <node id="1744982042" visible="true" version="1" changeset="11535197" timestamp="2012-05-08T02:01:50Z" user="grtouron" uid="676690" lat="-34.4698713" lon="-58.4950062"/>
 <node id="1744982044" visible="true" version="1" changeset="11535197" timestamp="2012-05-08T02:01:50Z" user="grtouron" uid="676690" lat="-34.4698126" lon="-58.4948724"/>
 <node id="1744982053" visible="true" version="1" changeset="11535197" timestamp="2012-05-08T02:01:51Z" user="grtouron" uid="676690" lat="-34.4697711" lon="-58.4947154"/>
 <node id="1744982062" visible="true" version="1" changeset="11535197" timestamp="2012-05-08T02:01:51Z" user="grtouron" uid="676690" lat="-34.4697694" lon="-58.4946559"/>
 <node id="1744982093" visible="true" version="1" changeset="11535197" timestamp="2012-05-08T02:01:53Z" user="grtouron" uid="676690" lat="-34.4697242" lon="-58.4945836"/>
 <node id="1744982099" visible="true" version="1" changeset="11535197" timestamp="2012-05-08T02:01:53Z" user="grtouron" uid="676690" lat="-34.4697156" lon="-58.4944976"/>
 <node id="1744982108" visible="true" version="1" changeset="11535197" timestamp="2012-05-08T02:01:53Z" user="grtouron" uid="676690" lat="-34.4697062" lon="-58.4943733"/>
 <node id="1744982116" visible="true" version="1" changeset="11535197" timestamp="2012-05-08T02:01:53Z" user="grtouron" uid="676690" lat="-34.4696923" lon="-58.4940536"/>
 <node id="1744982118" visible="true" version="1" changeset="11535197" timestamp="2012-05-08T02:01:54Z" user="grtouron" uid="676690" lat="-34.4696307" lon="-58.4939620"/>
 <node id="1744982120" visible="true" version="1" changeset="11535197" timestamp="2012-05-08T02:01:54Z" user="grtouron" uid="676690" lat="-34.4695994" lon="-58.4938992"/>
 <node id="1744982122" visible="true" version="1" changeset="11535197" timestamp="2012-05-08T02:01:54Z" user="grtouron" uid="676690" lat="-34.4696167" lon="-58.4935163"/>
 <node id="1744982124" visible="true" version="1" changeset="11535197" timestamp="2012-05-08T02:01:55Z" user="grtouron" uid="676690" lat="-34.4695923" lon="-58.4933875"/>
 <node id="1744982125" visible="true" version="1" changeset="11535197" timestamp="2012-05-08T02:01:55Z" user="grtouron" uid="676690" lat="-34.4695370" lon="-58.4933090"/>
 <node id="1744982126" visible="true" version="1" changeset="11535197" timestamp="2012-05-08T02:01:55Z" user="grtouron" uid="676690" lat="-34.4694070" lon="-58.4932902"/>
 <node id="1744982135" visible="true" version="1" changeset="11535197" timestamp="2012-05-08T02:01:56Z" user="grtouron" uid="676690" lat="-34.4693082" lon="-58.4932650"/>
 <node id="1744982145" visible="true" version="1" changeset="11535197" timestamp="2012-05-08T02:01:56Z" user="grtouron" uid="676690" lat="-34.4691815" lon="-58.4932034"/>
 <node id="1744982151" visible="true" version="1" changeset="11535197" timestamp="2012-05-08T02:01:56Z" user="grtouron" uid="676690" lat="-34.4690616" lon="-58.4932241"/>
 <node id="1744982187" visible="true" version="1" changeset="11535197" timestamp="2012-05-08T02:01:57Z" user="grtouron" uid="676690" lat="-34.4689247" lon="-58.4932961"/>
 <node id="1744982195" visible="true" version="2" changeset="161665215" timestamp="2025-01-23T08:55:33Z" user="LakePoyang" uid="18237328" lat="-34.4688153" lon="-58.4932774"/>
 <node id="1744982205" visible="true" version="1" changeset="11535197" timestamp="2012-05-08T02:01:58Z" user="grtouron" uid="676690" lat="-34.4687377" lon="-58.4932705"/>
 <node id="1744982212" visible="true" version="2" changeset="161665215" timestamp="2025-01-23T08:55:33Z" user="LakePoyang" uid="18237328" lat="-34.4686376" lon="-58.4932707"/>
 <node id="1744982219" visible="true" version="1" changeset="11535197" timestamp="2012-05-08T02:01:58Z" user="grtouron" uid="676690" lat="-34.4685453" lon="-58.4933134"/>
 <node id="1744982228" visible="true" version="1" changeset="11535197" timestamp="2012-05-08T02:01:59Z" user="grtouron" uid="676690" lat="-34.4683886" lon="-58.4933790"/>
 <node id="1744982238" visible="true" version="1" changeset="11535197" timestamp="2012-05-08T02:01:59Z" user="grtouron" uid="676690" lat="-34.4683498" lon="-58.4935098"/>
 <node id="1744982248" visible="true" version="1" changeset="11535197" timestamp="2012-05-08T02:01:59Z" user="grtouron" uid="676690" lat="-34.4683761" lon="-58.4936858"/>
 <node id="1744982258" visible="true" version="1" changeset="11535197" timestamp="2012-05-08T02:02:00Z" user="grtouron" uid="676690" lat="-34.4682914" lon="-58.4938009"/>
 <node id="1744982264" visible="true" version="1" changeset="11535197" timestamp="2012-05-08T02:02:00Z" user="grtouron" uid="676690" lat="-34.4681988" lon="-58.4938881"/>
 <node id="1744982282" visible="true" version="1" changeset="11535197" timestamp="2012-05-08T02:02:00Z" user="grtouron" uid="676690" lat="-34.4681256" lon="-58.4939382"/>
 <node id="1744982296" visible="true" version="1" changeset="11535197" timestamp="2012-05-08T02:02:01Z" user="grtouron" uid="676690" lat="-34.4680438" lon="-58.4939735"/>
 <node id="1744982314" visible="true" version="1" changeset="11535197" timestamp="2012-05-08T02:02:01Z" user="grtouron" uid="676690" lat="-34.4679293" lon="-58.4938566"/>
 <node id="1744982320" visible="true" version="1" changeset="11535197" timestamp="2012-05-08T02:02:01Z" user="grtouron" uid="676690" lat="-34.4678222" lon="-58.4936987"/>
 <node id="1744982330" visible="true" version="1" changeset="11535197" timestamp="2012-05-08T02:02:01Z" user="grtouron" uid="676690" lat="-34.4676790" lon="-58.4936419"/>
 <node id="1744982340" visible="true" version="1" changeset="11535197" timestamp="2012-05-08T02:02:02Z" user="grtouron" uid="676690" lat="-34.4675990" lon="-58.4936480"/>
 <node id="1744982349" visible="true" version="1" changeset="11535197" timestamp="2012-05-08T02:02:02Z" user="grtouron" uid="676690" lat="-34.4674521" lon="-58.4936030"/>
 <node id="1744982359" visible="true" version="1" changeset="11535197" timestamp="2012-05-08T02:02:03Z" user="grtouron" uid="676690" lat="-34.4673856" lon="-58.4935911"/>
 <node id="1744982366" visible="true" version="1" changeset="11535197" timestamp="2012-05-08T02:02:03Z" user="grtouron" uid="676690" lat="-34.4673269" lon="-58.4935100"/>
 <node id="1744982372" visible="true" version="1" changeset="11535197" timestamp="2012-05-08T02:02:03Z" user="grtouron" uid="676690" lat="-34.4673830" lon="-58.4934151"/>
 <node id="1744982382" visible="true" version="2" changeset="77654413" timestamp="2019-11-27T22:05:59Z" user="Hernan" uid="72347" lat="-34.4674240" lon="-58.4932421"/>
 <node id="1744982412" visible="true" version="1" changeset="11535197" timestamp="2012-05-08T02:02:05Z" user="grtouron" uid="676690" lat="-34.4679089" lon="-58.4939647"/>
 <node id="1744982418" visible="true" version="1" changeset="11535197" timestamp="2012-05-08T02:02:05Z" user="grtouron" uid="676690" lat="-34.4678797" lon="-58.4940386"/>
 <node id="1744982425" visible="true" version="1" changeset="11535197" timestamp="2012-05-08T02:02:05Z" user="grtouron" uid="676690" lat="-34.4677712" lon="-58.4941480"/>
 <node id="1744982434" visible="true" version="1" changeset="11535197" timestamp="2012-05-08T02:02:05Z" user="grtouron" uid="676690" lat="-34.4677820" lon="-58.4942892"/>
 <node id="1744982451" visible="true" version="1" changeset="11535197" timestamp="2012-05-08T02:02:06Z" user="grtouron" uid="676690" lat="-34.4677475" lon="-58.4944167"/>
 <node id="1744982461" visible="true" version="1" changeset="11535197" timestamp="2012-05-08T02:02:06Z" user="grtouron" uid="676690" lat="-34.4677093" lon="-58.4945935"/>
 <node id="1744982469" visible="true" version="1" changeset="11535197" timestamp="2012-05-08T02:02:07Z" user="grtouron" uid="676690" lat="-34.4676895" lon="-58.4946691"/>
 <node id="1744982473" visible="true" version="1" changeset="11535197" timestamp="2012-05-08T02:02:07Z" user="grtouron" uid="676690" lat="-34.4677269" lon="-58.4947876"/>
 <node id="1744982483" visible="true" version="1" changeset="11535197" timestamp="2012-05-08T02:02:07Z" user="grtouron" uid="676690" lat="-34.4678507" lon="-58.4949617"/>
 <node id="1744982494" visible="true" version="1" changeset="11535197" timestamp="2012-05-08T02:02:08Z" user="grtouron" uid="676690" lat="-34.4679155" lon="-58.4950064"/>
 <node id="1744982498" visible="true" version="1" changeset="11535197" timestamp="2012-05-08T02:02:08Z" user="grtouron" uid="676690" lat="-34.4679870" lon="-58.4950883"/>
 <node id="1744982508" visible="true" version="1" changeset="11535197" timestamp="2012-05-08T02:02:08Z" user="grtouron" uid="676690" lat="-34.4680460" lon="-58.4951608"/>
 <node id="1744982518" visible="true" version="1" changeset="11535197" timestamp="2012-05-08T02:02:09Z" user="grtouron" uid="676690" lat="-34.4681250" lon="-58.4953171"/>
 <node id="1744982522" visible="true" version="1" changeset="11535197" timestamp="2012-05-08T02:02:09Z" user="grtouron" uid="676690" lat="-34.4681902" lon="-58.4954193"/>
 <node id="1744982530" visible="true" version="1" changeset="11535197" timestamp="2012-05-08T02:02:09Z" user="grtouron" uid="676690" lat="-34.4682970" lon="-58.4956024"/>
 <node id="1744982541" visible="true" version="1" changeset="11535197" timestamp="2012-05-08T02:02:10Z" user="grtouron" uid="676690" lat="-34.4684061" lon="-58.4957379"/>
 <node id="1744982548" visible="true" version="1" changeset="11535197" timestamp="2012-05-08T02:02:10Z" user="grtouron" uid="676690" lat="-34.4685174" lon="-58.4958516"/>
 <node id="1744982561" visible="true" version="1" changeset="11535197" timestamp="2012-05-08T02:02:10Z" user="grtouron" uid="676690" lat="-34.4686207" lon="-58.4960300"/>
 <node id="1744982571" visible="true" version="1" changeset="11535197" timestamp="2012-05-08T02:02:11Z" user="grtouron" uid="676690" lat="-34.4687185" lon="-58.4961832"/>
 <node id="1744982583" visible="true" version="1" changeset="11535197" timestamp="2012-05-08T02:02:11Z" user="grtouron" uid="676690" lat="-34.4688102" lon="-58.4963156"/>
 <node id="1744982593" visible="true" version="1" changeset="11535197" timestamp="2012-05-08T02:02:12Z" user="grtouron" uid="676690" lat="-34.4689364" lon="-58.4965197"/>
 <node id="1744982598" visible="true" version="1" changeset="11535197" timestamp="2012-05-08T02:02:12Z" user="grtouron" uid="676690" lat="-34.4690271" lon="-58.4966500"/>
 <node id="1744982605" visible="true" version="1" changeset="11535197" timestamp="2012-05-08T02:02:12Z" user="grtouron" uid="676690" lat="-34.4691828" lon="-58.4968493"/>
 <node id="1744982615" visible="true" version="1" changeset="11535197" timestamp="2012-05-08T02:02:12Z" user="grtouron" uid="676690" lat="-34.4692956" lon="-58.4968567"/>
 <node id="1744982624" visible="true" version="1" changeset="11535197" timestamp="2012-05-08T02:02:13Z" user="grtouron" uid="676690" lat="-34.4694383" lon="-58.4967819"/>
 <node id="1744982631" visible="true" version="1" changeset="11535197" timestamp="2012-05-08T02:02:13Z" user="grtouron" uid="676690" lat="-34.4694872" lon="-58.4967425"/>
 <node id="1744982642" visible="true" version="1" changeset="11535197" timestamp="2012-05-08T02:02:13Z" user="grtouron" uid="676690" lat="-34.4695479" lon="-58.4966943"/>
 <node id="1744982651" visible="true" version="1" changeset="11535197" timestamp="2012-05-08T02:02:14Z" user="grtouron" uid="676690" lat="-34.4697311" lon="-58.4965505"/>
 <node id="1744982656" visible="true" version="1" changeset="11535197" timestamp="2012-05-08T02:02:14Z" user="grtouron" uid="676690" lat="-34.4698430" lon="-58.4964596"/>
 <node id="1744982667" visible="true" version="1" changeset="11535197" timestamp="2012-05-08T02:02:14Z" user="grtouron" uid="676690" lat="-34.4699731" lon="-58.4962862"/>
 <node id="1744982677" visible="true" version="2" changeset="60631855" timestamp="2018-07-12T02:39:35Z" user="nurdafur" uid="3172019" lat="-34.4700227" lon="-58.4960702"/>
 <node id="2169672636" visible="true" version="3" changeset="43504658" timestamp="2016-11-09T06:29:36Z" user="nicfer" uid="16712" lat="-34.4695222" lon="-58.5011735"/>
 <node id="2186582514" visible="true" version="2" changeset="24900678" timestamp="2014-08-21T05:04:46Z" user="patodiez" uid="1856060" lat="-34.4633499" lon="-58.5021782"/>
 <node id="2186582515" visible="true" version="2" changeset="24900678" timestamp="2014-08-21T05:04:46Z" user="patodiez" uid="1856060" lat="-34.4636791" lon="-58.5037730"/>
 <node id="2189091087" visible="true" version="5" changeset="146342612" timestamp="2024-01-17T00:00:09Z" user="AgusQui" uid="331218" lat="-34.4660838" lon="-58.5072193"/>
 <node id="2189091088" visible="true" version="3" changeset="146342612" timestamp="2024-01-17T00:00:09Z" user="AgusQui" uid="331218" lat="-34.4663067" lon="-58.5068101"/>
 <node id="2189091090" visible="true" version="2" changeset="146342612" timestamp="2024-01-17T00:00:09Z" user="AgusQui" uid="331218" lat="-34.4697040" lon="-58.5009918"/>
 <node id="2189091101" visible="true" version="5" changeset="146342612" timestamp="2024-01-17T00:00:09Z" user="AgusQui" uid="331218" lat="-34.4689678" lon="-58.5023856"/>
 <node id="2189091117" visible="true" version="2" changeset="146342612" timestamp="2024-01-17T00:00:09Z" user="AgusQui" uid="331218" lat="-34.4716598" lon="-58.4960900"/>
 <node id="2189091126" visible="true" version="2" changeset="146342612" timestamp="2024-01-17T00:00:09Z" user="AgusQui" uid="331218" lat="-34.4711995" lon="-58.4974676"/>
 <node id="2189091127" visible="true" version="4" changeset="146342612" timestamp="2024-01-17T00:00:09Z" user="AgusQui" uid="331218" lat="-34.4706839" lon="-58.4987800"/>
 <node id="2189105380" visible="true" version="1" changeset="15276983" timestamp="2013-03-06T23:12:24Z" user="fedecanete" uid="1217164" lat="-34.4671023" lon="-58.4996333"/>
 <node id="2189105383" visible="true" version="1" changeset="15276983" timestamp="2013-03-06T23:12:24Z" user="fedecanete" uid="1217164" lat="-34.4667484" lon="-58.4998157"/>
 <node id="2189105385" visible="true" version="1" changeset="15276983" timestamp="2013-03-06T23:12:24Z" user="fedecanete" uid="1217164" lat="-34.4664256" lon="-58.5000410"/>
 <node id="2189105388" visible="true" version="2" changeset="172457308" timestamp="2025-09-25T20:17:30Z" user="muralito" uid="755114" lat="-34.4659155" lon="-58.5006032"/>
 <node id="2189105390" visible="true" version="2" changeset="172457308" timestamp="2025-09-25T20:17:30Z" user="muralito" uid="755114" lat="-34.4658042" lon="-58.5007896"/>
 <node id="2189105392" visible="true" version="1" changeset="15276983" timestamp="2013-03-06T23:12:24Z" user="fedecanete" uid="1217164" lat="-34.4661337" lon="-58.5003199"/>
 <node id="2189105395" visible="true" version="4" changeset="172457308" timestamp="2025-09-25T20:17:30Z" user="muralito" uid="755114" lat="-34.4655662" lon="-58.5013154"/>
 <node id="2189105396" visible="true" version="3" changeset="174857994" timestamp="2025-11-19T12:50:41Z" user="pezapesta" uid="1972084" lat="-34.4685730" lon="-58.5015108">
  <tag k="addr:city" v="San Isidro"/>
  <tag k="addr:housenumber" v="1061"/>
  <tag k="addr:postcode" v="B1642"/>
  <tag k="addr:street" v="Roque Sáenz Peña"/>
  <tag k="amenity" v="restaurant"/>
  <tag k="check_date" v="2025-11-19"/>
  <tag k="cuisine" v="pizza"/>
  <tag k="name" v="Lo de Nacho"/>
  <tag k="phone" v="+54 11 4747-6058"/>
  <tag k="takeaway" v="yes"/>
 </node>
 <node id="2447670362" visible="true" version="2" changeset="50379298" timestamp="2017-07-18T13:19:45Z" user="juanperez79" uid="6218510" lat="-34.4603746" lon="-58.5045198"/>
 <node id="2447670363" visible="true" version="1" changeset="17695947" timestamp="2013-09-05T23:18:25Z" user="adrifernand" uid="1735763" lat="-34.4601090" lon="-58.5035270"/>
 <node id="2447670364" visible="true" version="1" changeset="17695947" timestamp="2013-09-05T23:18:25Z" user="adrifernand" uid="1735763" lat="-34.4595517" lon="-58.5013598"/>
 <node id="2447670365" visible="true" version="2" changeset="50379298" timestamp="2017-07-18T13:19:45Z" user="juanperez79" uid="6218510" lat="-34.4600405" lon="-58.5010446"/>
 <node id="2447670366" visible="true" version="1" changeset="17695947" timestamp="2013-09-05T23:18:25Z" user="adrifernand" uid="1735763" lat="-34.4605602" lon="-58.5010272"/>
 <node id="2447670367" visible="true" version="1" changeset="17695947" timestamp="2013-09-05T23:18:25Z" user="adrifernand" uid="1735763" lat="-34.4606840" lon="-58.5015208"/>
 <node id="2447670368" visible="true" version="1" changeset="17695947" timestamp="2013-09-05T23:18:25Z" user="adrifernand" uid="1735763" lat="-34.4609052" lon="-58.5015851"/>
 <node id="2447670369" visible="true" version="1" changeset="17695947" timestamp="2013-09-05T23:18:25Z" user="adrifernand" uid="1735763" lat="-34.4610556" lon="-58.5026258"/>
 <node id="2447670370" visible="true" version="1" changeset="17695947" timestamp="2013-09-05T23:18:25Z" user="adrifernand" uid="1735763" lat="-34.4607813" lon="-58.5027975"/>
 <node id="2447670371" visible="true" version="1" changeset="17695947" timestamp="2013-09-05T23:18:25Z" user="adrifernand" uid="1735763" lat="-34.4608610" lon="-58.5032910"/>
 <node id="2447670372" visible="true" version="1" changeset="17695947" timestamp="2013-09-05T23:18:25Z" user="adrifernand" uid="1735763" lat="-34.4605425" lon="-58.5034519"/>
 <node id="2447670373" visible="true" version="1" changeset="17695947" timestamp="2013-09-05T23:18:25Z" user="adrifernand" uid="1735763" lat="-34.4607194" lon="-58.5041064"/>
 <node id="2447670374" visible="true" version="1" changeset="17695947" timestamp="2013-09-05T23:18:25Z" user="adrifernand" uid="1735763" lat="-34.4610733" lon="-58.5039884"/>
 <node id="2561133535" visible="true" version="2" changeset="43504658" timestamp="2016-11-09T06:29:39Z" user="nicfer" uid="16712" lat="-34.4712403" lon="-58.4971658"/>
 <node id="2561133541" visible="true" version="10" changeset="176864195" timestamp="2026-01-05T14:29:07Z" user="PedroARovasioAguirre" uid="23550306" lat="-34.4660218" lon="-58.5071331">
  <tag k="crossing:barrier" v="full"/>
  <tag k="maxheight" v="4.8"/>
  <tag k="railway" v="level_crossing"/>
 </node>
 <node id="2561133542" visible="true" version="3" changeset="146342612" timestamp="2024-01-17T00:00:09Z" user="AgusQui" uid="331218" lat="-34.4675602" lon="-58.5047066"/>
 <node id="2561133548" visible="true" version="4" changeset="146342612" timestamp="2024-01-17T00:00:09Z" user="AgusQui" uid="331218" lat="-34.4675017" lon="-58.5046365">
  <tag k="bicycle" v="yes"/>
  <tag k="crossing:barrier" v="no"/>
  <tag k="railway" v="crossing"/>
 </node>
 <node id="2561133550" visible="true" version="7" changeset="176864195" timestamp="2026-01-05T14:21:49Z" user="PedroARovasioAguirre" uid="23550306" lat="-34.4689024" lon="-58.5022901">
  <tag k="crossing:barrier" v="half"/>
  <tag k="crossing:bell" v="yes"/>
  <tag k="crossing:light" v="yes"/>
  <tag k="maxheight" v="4.8"/>
  <tag k="railway" v="level_crossing"/>
 </node>
 <node id="2561133590" visible="true" version="4" changeset="146342612" timestamp="2024-01-17T00:00:09Z" user="AgusQui" uid="331218" lat="-34.4675274" lon="-58.5046642">
  <tag k="bicycle" v="yes"/>
  <tag k="crossing:barrier" v="no"/>
  <tag k="railway" v="crossing"/>
 </node>
 <node id="2561133592" visible="true" version="3" changeset="43504658" timestamp="2016-11-09T06:29:40Z" user="nicfer" uid="16712" lat="-34.4676384" lon="-58.5047521"/>
 <node id="2561158495" visible="true" version="2" changeset="43504658" timestamp="2016-11-09T06:29:41Z" user="nicfer" uid="16712" lat="-34.4715092" lon="-58.4963600"/>
 <node id="2674983149" visible="true" version="1" changeset="20598013" timestamp="2014-02-16T16:06:30Z" user="pablopareja" uid="211657" lat="-34.4636106" lon="-58.4982099"/>
 <node id="2674983152" visible="true" version="1" changeset="20598013" timestamp="2014-02-16T16:06:30Z" user="pablopareja" uid="211657" lat="-34.4637663" lon="-58.4983969"/>
 <node id="2674983156" visible="true" version="1" changeset="20598013" timestamp="2014-02-16T16:06:30Z" user="pablopareja" uid="211657" lat="-34.4639383" lon="-58.4986132"/>
 <node id="2674983158" visible="true" version="1" changeset="20598013" timestamp="2014-02-16T16:06:30Z" user="pablopareja" uid="211657" lat="-34.4639456" lon="-58.4986368"/>
 <node id="2674983161" visible="true" version="1" changeset="20598013" timestamp="2014-02-16T16:06:30Z" user="pablopareja" uid="211657" lat="-34.4641193" lon="-58.4988705"/>
 <node id="2674983162" visible="true" version="1" changeset="20598013" timestamp="2014-02-16T16:06:30Z" user="pablopareja" uid="211657" lat="-34.4641707" lon="-58.4989289"/>
 <node id="2674983164" visible="true" version="1" changeset="20598013" timestamp="2014-02-16T16:06:30Z" user="pablopareja" uid="211657" lat="-34.4642390" lon="-58.4978442"/>
 <node id="2674983174" visible="true" version="1" changeset="20598013" timestamp="2014-02-16T16:06:30Z" user="pablopareja" uid="211657" lat="-34.4643321" lon="-58.4991474"/>
 <node id="2674983177" visible="true" version="1" changeset="20598013" timestamp="2014-02-16T16:06:30Z" user="pablopareja" uid="211657" lat="-34.4643904" lon="-58.4992127"/>
 <node id="2674983180" visible="true" version="1" changeset="20598013" timestamp="2014-02-16T16:06:30Z" user="pablopareja" uid="211657" lat="-34.4644110" lon="-58.4980605"/>
 <node id="2674983182" visible="true" version="1" changeset="20598013" timestamp="2014-02-16T16:06:30Z" user="pablopareja" uid="211657" lat="-34.4644375" lon="-58.4980632"/>
 <node id="2674983186" visible="true" version="1" changeset="20598013" timestamp="2014-02-16T16:06:30Z" user="pablopareja" uid="211657" lat="-34.4645498" lon="-58.4994317"/>
 <node id="2674983188" visible="true" version="1" changeset="20598013" timestamp="2014-02-16T16:06:30Z" user="pablopareja" uid="211657" lat="-34.4645762" lon="-58.4995233"/>
 <node id="2674983193" visible="true" version="1" changeset="20598013" timestamp="2014-02-16T16:06:30Z" user="pablopareja" uid="211657" lat="-34.4646287" lon="-58.4983110"/>
 <node id="2674983195" visible="true" version="1" changeset="20598013" timestamp="2014-02-16T16:06:30Z" user="pablopareja" uid="211657" lat="-34.4647196" lon="-58.4983324"/>
 <node id="2674983199" visible="true" version="1" changeset="20598013" timestamp="2014-02-16T16:06:30Z" user="pablopareja" uid="211657" lat="-34.4648810" lon="-58.4985510"/>
 <node id="2674983201" visible="true" version="1" changeset="20598013" timestamp="2014-02-16T16:06:30Z" user="pablopareja" uid="211657" lat="-34.4649449" lon="-58.4986191"/>
 <node id="2674983205" visible="true" version="1" changeset="20598013" timestamp="2014-02-16T16:06:30Z" user="pablopareja" uid="211657" lat="-34.4651042" lon="-58.4988381"/>
 <node id="2674983208" visible="true" version="1" changeset="20598013" timestamp="2014-02-16T16:06:30Z" user="pablopareja" uid="211657" lat="-34.4651073" lon="-58.5001039"/>
 <node id="2674983210" visible="true" version="1" changeset="20598013" timestamp="2014-02-16T16:06:30Z" user="pablopareja" uid="211657" lat="-34.4654455" lon="-58.4996462"/>
 <node id="2674983213" visible="true" version="1" changeset="20598013" timestamp="2014-02-16T16:06:30Z" user="pablopareja" uid="211657" lat="-34.4654553" lon="-58.4990940"/>
 <node id="2674983218" visible="true" version="1" changeset="20598013" timestamp="2014-02-16T16:06:30Z" user="pablopareja" uid="211657" lat="-34.4655550" lon="-58.4992236"/>
 <node id="2674983223" visible="true" version="2" changeset="106554019" timestamp="2021-06-17T22:03:44Z" user="serock" uid="1810448" lat="-34.4656138" lon="-58.4985163"/>
 <node id="2674983225" visible="true" version="1" changeset="20598013" timestamp="2014-02-16T16:06:30Z" user="pablopareja" uid="211657" lat="-34.4656707" lon="-58.4993739"/>
 <node id="2674983228" visible="true" version="1" changeset="20598013" timestamp="2014-02-16T16:06:30Z" user="pablopareja" uid="211657" lat="-34.4656819" lon="-58.4988375"/>
 <node id="2674983232" visible="true" version="1" changeset="20598013" timestamp="2014-02-16T16:06:30Z" user="pablopareja" uid="211657" lat="-34.4657425" lon="-58.5007942"/>
 <node id="2674983234" visible="true" version="1" changeset="20598013" timestamp="2014-02-16T16:06:30Z" user="pablopareja" uid="211657" lat="-34.4657816" lon="-58.4989670"/>
 <node id="2674983236" visible="true" version="1" changeset="20598013" timestamp="2014-02-16T16:06:30Z" user="pablopareja" uid="211657" lat="-34.4658973" lon="-58.4991174"/>
 <node id="2674983239" visible="true" version="1" changeset="20598013" timestamp="2014-02-16T16:06:30Z" user="pablopareja" uid="211657" lat="-34.4660806" lon="-58.5003364"/>
 <node id="2674983242" visible="true" version="4" changeset="106554019" timestamp="2021-06-17T22:03:44Z" user="serock" uid="1810448" lat="-34.4672362" lon="-58.4995878"/>
 <node id="2762183350" visible="true" version="1" changeset="21465334" timestamp="2014-04-02T20:20:47Z" user="Souchong" uid="255141" lat="-34.4604200" lon="-58.5045460"/>
 <node id="3031268404" visible="true" version="1" changeset="24900678" timestamp="2014-08-21T05:04:43Z" user="patodiez" uid="1856060" lat="-34.4687065" lon="-58.5030489"/>
 <node id="3031268406" visible="true" version="1" changeset="24900678" timestamp="2014-08-21T05:04:43Z" user="patodiez" uid="1856060" lat="-34.4652262" lon="-58.5036752"/>
 <node id="3031268407" visible="true" version="1" changeset="24900678" timestamp="2014-08-21T05:04:43Z" user="patodiez" uid="1856060" lat="-34.4651776" lon="-58.5033828"/>
 <node id="3031268408" visible="true" version="1" changeset="24900678" timestamp="2014-08-21T05:04:43Z" user="patodiez" uid="1856060" lat="-34.4651400" lon="-58.5033480"/>
 <node id="3031268409" visible="true" version="1" changeset="24900678" timestamp="2014-08-21T05:04:43Z" user="patodiez" uid="1856060" lat="-34.4650980" lon="-58.5033480"/>
 <node id="3031268410" visible="true" version="1" changeset="24900678" timestamp="2014-08-21T05:04:43Z" user="patodiez" uid="1856060" lat="-34.4650471" lon="-58.5033775"/>
 <node id="3031268411" visible="true" version="1" changeset="24900678" timestamp="2014-08-21T05:04:43Z" user="patodiez" uid="1856060" lat="-34.4650161" lon="-58.5034606"/>
 <node id="3031268412" visible="true" version="1" changeset="24900678" timestamp="2014-08-21T05:04:44Z" user="patodiez" uid="1856060" lat="-34.4650161" lon="-58.5035196"/>
 <node id="3031268413" visible="true" version="1" changeset="24900678" timestamp="2014-08-21T05:04:44Z" user="patodiez" uid="1856060" lat="-34.4650559" lon="-58.5035921"/>
 <node id="3031268414" visible="true" version="1" changeset="24900678" timestamp="2014-08-21T05:04:44Z" user="patodiez" uid="1856060" lat="-34.4651400" lon="-58.5036457"/>
 <node id="3031268415" visible="true" version="2" changeset="161707116" timestamp="2025-01-24T10:54:06Z" user="RideauCanal" uid="20109092" lat="-34.4640898" lon="-58.5041574"/>
 <node id="3031268417" visible="true" version="2" changeset="41118757" timestamp="2016-07-29T21:29:25Z" user="pablopareja" uid="211657" lat="-34.4646267" lon="-58.5034524"/>
 <node id="3031268420" visible="true" version="2" changeset="41675830" timestamp="2016-08-24T23:04:16Z" user="pablopareja" uid="211657" lat="-34.4660922" lon="-58.5043582"/>
 <node id="3031268421" visible="true" version="1" changeset="24900678" timestamp="2014-08-21T05:04:44Z" user="patodiez" uid="1856060" lat="-34.4665707" lon="-58.5039505"/>
 <node id="3031268422" visible="true" version="2" changeset="161939096" timestamp="2025-01-30T14:08:57Z" user="RideauCanal" uid="20109092" lat="-34.4671190" lon="-58.5048045">
  <tag k="highway" v="turning_circle"/>
 </node>
 <node id="3031268423" visible="true" version="1" changeset="24900678" timestamp="2014-08-21T05:04:44Z" user="patodiez" uid="1856060" lat="-34.4670673" lon="-58.5047327"/>
 <node id="3031268424" visible="true" version="1" changeset="24900678" timestamp="2014-08-21T05:04:44Z" user="patodiez" uid="1856060" lat="-34.4657756" lon="-58.5026359"/>
 <node id="3031268425" visible="true" version="1" changeset="24900678" timestamp="2014-08-21T05:04:44Z" user="patodiez" uid="1856060" lat="-34.4657332" lon="-58.5025962">
  <tag k="highway" v="turning_circle"/>
 </node>
 <node id="3031268426" visible="true" version="1" changeset="24900678" timestamp="2014-08-21T05:04:44Z" user="patodiez" uid="1856060" lat="-34.4632633" lon="-58.5019494"/>
 <node id="3031268427" visible="true" version="1" changeset="24900678" timestamp="2014-08-21T05:04:44Z" user="patodiez" uid="1856060" lat="-34.4636271" lon="-58.5036236"/>
 <node id="3031268428" visible="true" version="2" changeset="41118757" timestamp="2016-07-29T21:29:25Z" user="pablopareja" uid="211657" lat="-34.4653002" lon="-58.5022350"/>
 <node id="3031268430" visible="true" version="2" changeset="161723148" timestamp="2025-01-24T18:04:16Z" user="RideauCanal" uid="20109092" lat="-34.4656344" lon="-58.5020010"/>
 <node id="3031268431" visible="true" version="2" changeset="161723148" timestamp="2025-01-24T18:04:16Z" user="RideauCanal" uid="20109092" lat="-34.4655850" lon="-58.5020306"/>
 <node id="3031268432" visible="true" version="2" changeset="41118757" timestamp="2016-07-29T21:29:25Z" user="pablopareja" uid="211657" lat="-34.4654447" lon="-58.5020057"/>
 <node id="3031274135" visible="true" version="3" changeset="161608002" timestamp="2025-01-21T16:51:55Z" user="RideauCanal" uid="20109092" lat="-34.4671784" lon="-58.4998920"/>
 <node id="3031274136" visible="true" version="2" changeset="41118757" timestamp="2016-07-29T21:29:25Z" user="pablopareja" uid="211657" lat="-34.4667758" lon="-58.4998664"/>
 <node id="3031274137" visible="true" version="2" changeset="41118757" timestamp="2016-07-29T21:29:25Z" user="pablopareja" uid="211657" lat="-34.4664854" lon="-58.5000709"/>
 <node id="3031274138" visible="true" version="2" changeset="41118757" timestamp="2016-07-29T21:29:25Z" user="pablopareja" uid="211657" lat="-34.4662706" lon="-58.5002660"/>
 <node id="3031274139" visible="true" version="2" changeset="41118757" timestamp="2016-07-29T21:29:25Z" user="pablopareja" uid="211657" lat="-34.4660839" lon="-58.5004769"/>
 <node id="3031274140" visible="true" version="2" changeset="41118757" timestamp="2016-07-29T21:29:25Z" user="pablopareja" uid="211657" lat="-34.4659502" lon="-58.5006673"/>
 <node id="3031274141" visible="true" version="2" changeset="41118757" timestamp="2016-07-29T21:29:25Z" user="pablopareja" uid="211657" lat="-34.4657992" lon="-58.5009304"/>
 <node id="3031274143" visible="true" version="2" changeset="41118757" timestamp="2016-07-29T21:29:25Z" user="pablopareja" uid="211657" lat="-34.4654606" lon="-58.5017432"/>
 <node id="3177996785" visible="true" version="2" changeset="43504658" timestamp="2016-11-09T06:29:44Z" user="nicfer" uid="16712" lat="-34.4705887" lon="-58.4987150">
  <tag k="railway" v="level_crossing"/>
 </node>
 <node id="4072676692" visible="true" version="2" changeset="41649425" timestamp="2016-08-23T22:13:33Z" user="pablopareja" uid="211657" lat="-34.4676480" lon="-58.5001827">
  <tag k="addr:housenumber" v="1159"/>
  <tag k="addr:street" v="Roque Sáenz Peña"/>
  <tag k="amenity" v="restaurant"/>
  <tag k="cuisine" v="burger"/>
  <tag k="name" v="El Puesto de Fabio"/>
 </node>
 <node id="4089366531" visible="true" version="2" changeset="43504658" timestamp="2016-11-09T06:29:46Z" user="nicfer" uid="16712" lat="-34.4712756" lon="-58.4971806"/>
 <node id="4327371352" visible="true" version="1" changeset="41118396" timestamp="2016-07-29T21:06:15Z" user="pablopareja" uid="211657" lat="-34.4654462" lon="-58.5100344"/>
 <node id="4327375585" visible="true" version="2" changeset="51287614" timestamp="2017-08-20T22:31:47Z" user="juanperez79" uid="6218510" lat="-34.4699113" lon="-58.5032042"/>
 <node id="4327375591" visible="true" version="2" changeset="51287614" timestamp="2017-08-20T22:31:47Z" user="juanperez79" uid="6218510" lat="-34.4700827" lon="-58.5029709"/>
 <node id="4327375594" visible="true" version="2" changeset="51287614" timestamp="2017-08-20T22:31:47Z" user="juanperez79" uid="6218510" lat="-34.4701404" lon="-58.5034519"/>
 <node id="4327375598" visible="true" version="2" changeset="51287614" timestamp="2017-08-20T22:31:47Z" user="juanperez79" uid="6218510" lat="-34.4703118" lon="-58.5032186"/>
 <node id="4327379147" visible="true" version="1" changeset="41118549" timestamp="2016-07-29T21:14:48Z" user="pablopareja" uid="211657" lat="-34.4656617" lon="-58.4940378"/>
 <node id="4327379148" visible="true" version="2" changeset="77654413" timestamp="2019-11-27T22:05:59Z" user="Hernan" uid="72347" lat="-34.4672172" lon="-58.4924394"/>
 <node id="4327379149" visible="true" version="1" changeset="41118549" timestamp="2016-07-29T21:14:48Z" user="pablopareja" uid="211657" lat="-34.4696858" lon="-58.4968143"/>
 <node id="4327379150" visible="true" version="1" changeset="41118549" timestamp="2016-07-29T21:14:48Z" user="pablopareja" uid="211657" lat="-34.4701262" lon="-58.4962558"/>
 <node id="4327399221" visible="true" version="3" changeset="50887282" timestamp="2017-08-06T14:57:39Z" user="juanperez79" uid="6218510" lat="-34.4629805" lon="-58.5015158"/>
 <node id="4327399222" visible="true" version="2" changeset="50379298" timestamp="2017-07-18T13:19:45Z" user="juanperez79" uid="6218510" lat="-34.4633111" lon="-58.5019214"/>
 <node id="4327399223" visible="true" version="2" changeset="41675830" timestamp="2016-08-24T23:04:16Z" user="pablopareja" uid="211657" lat="-34.4636786" lon="-58.5036397"/>
 <node id="4327399224" visible="true" version="2" changeset="50887282" timestamp="2017-08-06T14:57:39Z" user="juanperez79" uid="6218510" lat="-34.4636720" lon="-58.5007247"/>
 <node id="4327399225" visible="true" version="4" changeset="75865212" timestamp="2019-10-18T00:03:41Z" user="alpertron" uid="466854" lat="-34.4640750" lon="-58.5041007">
  <tag k="addr:housenumber" v="499"/>
  <tag k="addr:street" v="Camino de la Ribera"/>
 </node>
 <node id="4327399226" visible="true" version="1" changeset="41118757" timestamp="2016-07-29T21:29:19Z" user="pablopareja" uid="211657" lat="-34.4641458" lon="-58.5042099"/>
 <node id="4327399227" visible="true" version="1" changeset="41118757" timestamp="2016-07-29T21:29:19Z" user="pablopareja" uid="211657" lat="-34.4645048" lon="-58.5037699"/>
 <node id="4327399228" visible="true" version="2" changeset="50887282" timestamp="2017-08-06T14:57:39Z" user="juanperez79" uid="6218510" lat="-34.4645862" lon="-58.5034361"/>
 <node id="4327399230" visible="true" version="1" changeset="41118757" timestamp="2016-07-29T21:29:19Z" user="pablopareja" uid="211657" lat="-34.4646681" lon="-58.5035355"/>
 <node id="4327399231" visible="true" version="3" changeset="50887282" timestamp="2017-08-06T14:57:39Z" user="juanperez79" uid="6218510" lat="-34.4649405" lon="-58.5026444"/>
 <node id="4327399232" visible="true" version="1" changeset="41118757" timestamp="2016-07-29T21:29:19Z" user="pablopareja" uid="211657" lat="-34.4650750" lon="-58.5027100"/>
 <node id="4327399233" visible="true" version="2" changeset="50887282" timestamp="2017-08-06T14:57:39Z" user="juanperez79" uid="6218510" lat="-34.4652477" lon="-58.5022002"/>
 <node id="4327399234" visible="true" version="1" changeset="41118757" timestamp="2016-07-29T21:29:19Z" user="pablopareja" uid="211657" lat="-34.4653412" lon="-58.5023095"/>
 <node id="4327399235" visible="true" version="1" changeset="41118757" timestamp="2016-07-29T21:29:19Z" user="pablopareja" uid="211657" lat="-34.4653596" lon="-58.5020612"/>
 <node id="4327399236" visible="true" version="1" changeset="41118757" timestamp="2016-07-29T21:29:19Z" user="pablopareja" uid="211657" lat="-34.4655235" lon="-58.5017579"/>
 <node id="4327399238" visible="true" version="1" changeset="41118757" timestamp="2016-07-29T21:29:20Z" user="pablopareja" uid="211657" lat="-34.4655978" lon="-58.5013889"/>
 <node id="4327399239" visible="true" version="1" changeset="41118757" timestamp="2016-07-29T21:29:20Z" user="pablopareja" uid="211657" lat="-34.4657532" lon="-58.5011872"/>
 <node id="4327399240" visible="true" version="1" changeset="41118757" timestamp="2016-07-29T21:29:20Z" user="pablopareja" uid="211657" lat="-34.4660188" lon="-58.5006875"/>
 <node id="4327399241" visible="true" version="1" changeset="41118757" timestamp="2016-07-29T21:29:20Z" user="pablopareja" uid="211657" lat="-34.4662237" lon="-58.5004036"/>
 <node id="4327399242" visible="true" version="2" changeset="41281389" timestamp="2016-08-06T03:58:56Z" user="pablopareja" uid="211657" lat="-34.4665260" lon="-58.4955838">
  <tag k="noexit" v="yes"/>
 </node>
 <node id="4327399243" visible="true" version="1" changeset="41118757" timestamp="2016-07-29T21:29:20Z" user="pablopareja" uid="211657" lat="-34.4665659" lon="-58.5000950"/>
 <node id="4327399244" visible="true" version="2" changeset="161723148" timestamp="2025-01-24T18:04:16Z" user="RideauCanal" uid="20109092" lat="-34.4666785" lon="-58.4951332"/>
 <node id="4327399245" visible="true" version="1" changeset="41118757" timestamp="2016-07-29T21:29:20Z" user="pablopareja" uid="211657" lat="-34.4669115" lon="-58.5012825"/>
 <node id="4327399246" visible="true" version="1" changeset="41118757" timestamp="2016-07-29T21:29:20Z" user="pablopareja" uid="211657" lat="-34.4669238" lon="-58.4998684"/>
 <node id="4327399247" visible="true" version="3" changeset="161723148" timestamp="2025-01-24T18:04:16Z" user="RideauCanal" uid="20109092" lat="-34.4669607" lon="-58.4954604"/>
 <node id="4327399248" visible="true" version="1" changeset="41118757" timestamp="2016-07-29T21:29:20Z" user="pablopareja" uid="211657" lat="-34.4669971" lon="-58.5014347"/>
 <node id="4327399249" visible="true" version="1" changeset="41118757" timestamp="2016-07-29T21:29:20Z" user="pablopareja" uid="211657" lat="-34.4670778" lon="-58.5015781"/>
 <node id="4327399250" visible="true" version="2" changeset="161608002" timestamp="2025-01-21T16:51:55Z" user="RideauCanal" uid="20109092" lat="-34.4670581" lon="-58.4997058">
  <tag k="highway" v="crossing"/>
 </node>
 <node id="4327399251" visible="true" version="2" changeset="161723148" timestamp="2025-01-24T18:04:16Z" user="RideauCanal" uid="20109092" lat="-34.4671583" lon="-58.4956667"/>
 <node id="4327399252" visible="true" version="1" changeset="41118757" timestamp="2016-07-29T21:29:20Z" user="pablopareja" uid="211657" lat="-34.4671358" lon="-58.4963335"/>
 <node id="4327399253" visible="true" version="3" changeset="161608002" timestamp="2025-01-21T16:51:55Z" user="RideauCanal" uid="20109092" lat="-34.4671769" lon="-58.4994888">
  <tag k="highway" v="crossing"/>
 </node>
 <node id="4327399254" visible="true" version="1" changeset="41118757" timestamp="2016-07-29T21:29:20Z" user="pablopareja" uid="211657" lat="-34.4671574" lon="-58.5017196"/>
 <node id="4327399255" visible="true" version="2" changeset="106554019" timestamp="2021-06-17T22:03:44Z" user="serock" uid="1810448" lat="-34.4671577" lon="-58.4997176"/>
 <node id="4327399256" visible="true" version="2" changeset="106554019" timestamp="2021-06-17T22:03:44Z" user="serock" uid="1810448" lat="-34.4671593" lon="-58.4996748"/>
 <node id="4327399257" visible="true" version="2" changeset="106554019" timestamp="2021-06-17T22:03:44Z" user="serock" uid="1810448" lat="-34.4671691" lon="-58.4997582"/>
 <node id="4327399258" visible="true" version="2" changeset="106554019" timestamp="2021-06-17T22:03:44Z" user="serock" uid="1810448" lat="-34.4671747" lon="-58.4996341"/>
 <node id="4327399259" visible="true" version="1" changeset="41118757" timestamp="2016-07-29T21:29:20Z" user="pablopareja" uid="211657" lat="-34.4671793" lon="-58.4997019"/>
 <node id="4327399260" visible="true" version="1" changeset="41118757" timestamp="2016-07-29T21:29:20Z" user="pablopareja" uid="211657" lat="-34.4671832" lon="-58.4996672"/>
 <node id="4327399261" visible="true" version="1" changeset="41118757" timestamp="2016-07-29T21:29:20Z" user="pablopareja" uid="211657" lat="-34.4671867" lon="-58.4997356"/>
 <node id="4327399262" visible="true" version="1" changeset="41118757" timestamp="2016-07-29T21:29:20Z" user="pablopareja" uid="211657" lat="-34.4671882" lon="-58.5010535"/>
 <node id="4327399263" visible="true" version="2" changeset="106554019" timestamp="2021-06-17T22:03:44Z" user="serock" uid="1810448" lat="-34.4671919" lon="-58.4997908"/>
 <node id="4327399264" visible="true" version="1" changeset="41118757" timestamp="2016-07-29T21:29:20Z" user="pablopareja" uid="211657" lat="-34.4671981" lon="-58.4996371"/>
 <node id="4327399266" visible="true" version="1" changeset="41118757" timestamp="2016-07-29T21:29:20Z" user="pablopareja" uid="211657" lat="-34.4672043" lon="-58.4997631"/>
 <node id="4327399267" visible="true" version="1" changeset="41118757" timestamp="2016-07-29T21:29:20Z" user="pablopareja" uid="211657" lat="-34.4672215" lon="-58.4996164"/>
 <node id="4327399268" visible="true" version="2" changeset="106554019" timestamp="2021-06-17T22:03:44Z" user="serock" uid="1810448" lat="-34.4672229" lon="-58.4998111"/>
 <node id="4327399269" visible="true" version="1" changeset="41118757" timestamp="2016-07-29T21:29:20Z" user="pablopareja" uid="211657" lat="-34.4672293" lon="-58.4997802"/>
 <node id="4327399271" visible="true" version="1" changeset="41118757" timestamp="2016-07-29T21:29:20Z" user="pablopareja" uid="211657" lat="-34.4672497" lon="-58.4996085"/>
 <node id="4327399272" visible="true" version="1" changeset="41118757" timestamp="2016-07-29T21:29:20Z" user="pablopareja" uid="211657" lat="-34.4672578" lon="-58.4997842"/>
 <node id="4327399273" visible="true" version="2" changeset="106554019" timestamp="2021-06-17T22:03:44Z" user="serock" uid="1810448" lat="-34.4672593" lon="-58.4998161"/>
 <node id="4327399274" visible="true" version="2" changeset="106554019" timestamp="2021-06-17T22:03:44Z" user="serock" uid="1810448" lat="-34.4672730" lon="-58.4995892"/>
 <node id="4327399275" visible="true" version="1" changeset="41118757" timestamp="2016-07-29T21:29:20Z" user="pablopareja" uid="211657" lat="-34.4672738" lon="-58.5012057"/>
 <node id="4327399276" visible="true" version="1" changeset="41118757" timestamp="2016-07-29T21:29:20Z" user="pablopareja" uid="211657" lat="-34.4672782" lon="-58.4996145"/>
 <node id="4327399277" visible="true" version="1" changeset="41118757" timestamp="2016-07-29T21:29:20Z" user="pablopareja" uid="211657" lat="-34.4672854" lon="-58.4997744"/>
 <node id="4327399278" visible="true" version="2" changeset="106554019" timestamp="2021-06-17T22:03:44Z" user="serock" uid="1810448" lat="-34.4672945" lon="-58.4998041"/>
 <node id="4327399279" visible="true" version="2" changeset="161723148" timestamp="2025-01-24T18:04:16Z" user="RideauCanal" uid="20109092" lat="-34.4673207" lon="-58.4958884"/>
 <node id="4327399280" visible="true" version="1" changeset="41118757" timestamp="2016-07-29T21:29:20Z" user="pablopareja" uid="211657" lat="-34.4673014" lon="-58.4996323"/>
 <node id="4327399281" visible="true" version="2" changeset="106554019" timestamp="2021-06-17T22:03:44Z" user="serock" uid="1810448" lat="-34.4673067" lon="-58.4996076"/>
 <node id="4327399282" visible="true" version="1" changeset="41118757" timestamp="2016-07-29T21:29:20Z" user="pablopareja" uid="211657" lat="-34.4673069" lon="-58.4997536"/>
 <node id="4327399283" visible="true" version="1" changeset="41118757" timestamp="2016-07-29T21:29:20Z" user="pablopareja" uid="211657" lat="-34.4673175" lon="-58.4996593"/>
 <node id="4327399284" visible="true" version="1" changeset="41118757" timestamp="2016-07-29T21:29:20Z" user="pablopareja" uid="211657" lat="-34.4673204" lon="-58.4997247"/>
 <node id="4327399285" visible="true" version="2" changeset="106554019" timestamp="2021-06-17T22:03:44Z" user="serock" uid="1810448" lat="-34.4673233" lon="-58.4997768"/>
 <node id="4327399286" visible="true" version="1" changeset="41118757" timestamp="2016-07-29T21:29:20Z" user="pablopareja" uid="211657" lat="-34.4673242" lon="-58.4996916"/>
 <node id="4327399287" visible="true" version="3" changeset="161608002" timestamp="2025-01-21T16:51:55Z" user="RideauCanal" uid="20109092" lat="-34.4673455" lon="-58.4996635"/>
 <node id="4327399288" visible="true" version="2" changeset="106554019" timestamp="2021-06-17T22:03:44Z" user="serock" uid="1810448" lat="-34.4673424" lon="-58.4997352"/>
 <node id="4327399989" visible="true" version="2" changeset="106554019" timestamp="2021-06-17T22:03:44Z" user="serock" uid="1810448" lat="-34.4673459" lon="-58.4996878"/>
 <node id="4327399990" visible="true" version="1" changeset="41118757" timestamp="2016-07-29T21:29:20Z" user="pablopareja" uid="211657" lat="-34.4673545" lon="-58.5013491"/>
 <node id="4327399991" visible="true" version="1" changeset="41118757" timestamp="2016-07-29T21:29:20Z" user="pablopareja" uid="211657" lat="-34.4673572" lon="-58.4995819"/>
 <node id="4327399992" visible="true" version="3" changeset="161675786" timestamp="2025-01-23T13:58:17Z" user="RideauCanal" uid="20109092" lat="-34.4673631" lon="-58.4995336">
  <tag k="highway" v="crossing"/>
 </node>
 <node id="4327399993" visible="true" version="1" changeset="41118757" timestamp="2016-07-29T21:29:20Z" user="pablopareja" uid="211657" lat="-34.4673737" lon="-58.4996026"/>
 <node id="4327399994" visible="true" version="2" changeset="161608002" timestamp="2025-01-21T16:51:55Z" user="RideauCanal" uid="20109092" lat="-34.4674097" lon="-58.4995959">
  <tag k="highway" v="crossing"/>
 </node>
 <node id="4327399995" visible="true" version="1" changeset="41118757" timestamp="2016-07-29T21:29:20Z" user="pablopareja" uid="211657" lat="-34.4674341" lon="-58.5014906"/>
 <node id="4327399996" visible="true" version="1" changeset="41118757" timestamp="2016-07-29T21:29:20Z" user="pablopareja" uid="211657" lat="-34.4674737" lon="-58.4968258"/>
 <node id="4327399997" visible="true" version="2" changeset="161723148" timestamp="2025-01-24T18:04:16Z" user="RideauCanal" uid="20109092" lat="-34.4674965" lon="-58.4960938"/>
 <node id="4327399999" visible="true" version="1" changeset="41118757" timestamp="2016-07-29T21:29:20Z" user="pablopareja" uid="211657" lat="-34.4675351" lon="-58.4998602"/>
 <node id="4327400000" visible="true" version="1" changeset="41118757" timestamp="2016-07-29T21:29:20Z" user="pablopareja" uid="211657" lat="-34.4676421" lon="-58.4997604"/>
 <node id="4327400001" visible="true" version="2" changeset="161723148" timestamp="2025-01-24T18:04:16Z" user="RideauCanal" uid="20109092" lat="-34.4676550" lon="-58.4963153"/>
 <node id="4327400003" visible="true" version="1" changeset="41118757" timestamp="2016-07-29T21:29:20Z" user="pablopareja" uid="211657" lat="-34.4677172" lon="-58.5001473"/>
 <node id="4327400004" visible="true" version="1" changeset="41118757" timestamp="2016-07-29T21:29:20Z" user="pablopareja" uid="211657" lat="-34.4677386" lon="-58.4996703"/>
 <node id="4327400005" visible="true" version="1" changeset="41118757" timestamp="2016-07-29T21:29:20Z" user="pablopareja" uid="211657" lat="-34.4678015" lon="-58.5002801"/>
 <node id="4327400006" visible="true" version="1" changeset="41118757" timestamp="2016-07-29T21:29:20Z" user="pablopareja" uid="211657" lat="-34.4678242" lon="-58.5000474"/>
 <node id="4327400008" visible="true" version="2" changeset="41649425" timestamp="2016-08-23T22:13:34Z" user="pablopareja" uid="211657" lat="-34.4678733" lon="-58.4990602"/>
 <node id="4327400009" visible="true" version="2" changeset="161723148" timestamp="2025-01-24T18:04:16Z" user="RideauCanal" uid="20109092" lat="-34.4678714" lon="-58.4965335"/>
 <node id="4327400010" visible="true" version="1" changeset="41118757" timestamp="2016-07-29T21:29:20Z" user="pablopareja" uid="211657" lat="-34.4679207" lon="-58.4999574"/>
 <node id="4327400011" visible="true" version="1" changeset="41118757" timestamp="2016-07-29T21:29:20Z" user="pablopareja" uid="211657" lat="-34.4679636" lon="-58.4999174"/>
 <node id="4327400012" visible="true" version="1" changeset="41118757" timestamp="2016-07-29T21:29:20Z" user="pablopareja" uid="211657" lat="-34.4679682" lon="-58.4975680"/>
 <node id="4327400014" visible="true" version="1" changeset="41118757" timestamp="2016-07-29T21:29:20Z" user="pablopareja" uid="211657" lat="-34.4680478" lon="-58.5000502"/>
 <node id="4327400015" visible="true" version="1" changeset="41118757" timestamp="2016-07-29T21:29:20Z" user="pablopareja" uid="211657" lat="-34.4680856" lon="-58.4976605"/>
 <node id="4327400017" visible="true" version="2" changeset="161723148" timestamp="2025-01-24T18:04:16Z" user="RideauCanal" uid="20109092" lat="-34.4682087" lon="-58.4967083"/>
 <node id="4327400018" visible="true" version="3" changeset="161723148" timestamp="2025-01-24T18:04:16Z" user="RideauCanal" uid="20109092" lat="-34.4683582" lon="-58.4978075"/>
 <node id="4327400020" visible="true" version="1" changeset="41118757" timestamp="2016-07-29T21:29:21Z" user="pablopareja" uid="211657" lat="-34.4683861" lon="-58.4984612"/>
 <node id="4327400021" visible="true" version="2" changeset="161723148" timestamp="2025-01-24T18:04:16Z" user="RideauCanal" uid="20109092" lat="-34.4683966" lon="-58.4977132"/>
 <node id="4327400022" visible="true" version="2" changeset="161642439" timestamp="2025-01-22T15:21:32Z" user="RideauCanal" uid="20109092" lat="-34.4685125" lon="-58.4975846"/>
 <node id="4327400024" visible="true" version="3" changeset="161648181" timestamp="2025-01-22T18:11:52Z" user="RideauCanal" uid="20109092" lat="-34.4688644" lon="-58.4968583"/>
 <node id="4327400025" visible="true" version="2" changeset="161642439" timestamp="2025-01-22T15:21:32Z" user="RideauCanal" uid="20109092" lat="-34.4690019" lon="-58.4970736"/>
 <node id="4327400026" visible="true" version="2" changeset="161642439" timestamp="2025-01-22T15:21:32Z" user="RideauCanal" uid="20109092" lat="-34.4690754" lon="-58.4971739"/>
 <node id="4327400027" visible="true" version="1" changeset="41118757" timestamp="2016-07-29T21:29:21Z" user="pablopareja" uid="211657" lat="-34.4691590" lon="-58.4972457"/>
 <node id="4327400028" visible="true" version="1" changeset="41118757" timestamp="2016-07-29T21:29:21Z" user="pablopareja" uid="211657" lat="-34.4692413" lon="-58.4973431"/>
 <node id="4327400029" visible="true" version="1" changeset="41118757" timestamp="2016-07-29T21:29:21Z" user="pablopareja" uid="211657" lat="-34.4692712" lon="-58.4973422"/>
 <node id="4327400030" visible="true" version="1" changeset="41118757" timestamp="2016-07-29T21:29:21Z" user="pablopareja" uid="211657" lat="-34.4692877" lon="-58.4973630"/>
 <node id="4327400031" visible="true" version="1" changeset="41118757" timestamp="2016-07-29T21:29:21Z" user="pablopareja" uid="211657" lat="-34.4692970" lon="-58.4973981"/>
 <node id="4327400032" visible="true" version="2" changeset="161648181" timestamp="2025-01-22T18:11:52Z" user="RideauCanal" uid="20109092" lat="-34.4697711" lon="-58.4967937"/>
 <node id="4330090789" visible="true" version="2" changeset="178625201" timestamp="2026-02-16T11:28:57Z" user="Fabri Limon" uid="16939085" lat="-34.4630704" lon="-58.4973536"/>
 <node id="4330090794" visible="true" version="1" changeset="41155845" timestamp="2016-07-31T23:15:52Z" user="pablopareja" uid="211657" lat="-34.4632610" lon="-58.4969176"/>
 <node id="4330090822" visible="true" version="1" changeset="41155845" timestamp="2016-07-31T23:15:52Z" user="pablopareja" uid="211657" lat="-34.4635128" lon="-58.4973740"/>
 <node id="4330090824" visible="true" version="1" changeset="41155845" timestamp="2016-07-31T23:15:52Z" user="pablopareja" uid="211657" lat="-34.4635487" lon="-58.4973961"/>
 <node id="4330090825" visible="true" version="1" changeset="41155845" timestamp="2016-07-31T23:15:52Z" user="pablopareja" uid="211657" lat="-34.4635626" lon="-58.4975857"/>
 <node id="4330090827" visible="true" version="1" changeset="41155845" timestamp="2016-07-31T23:15:52Z" user="pablopareja" uid="211657" lat="-34.4635819" lon="-58.4976656"/>
 <node id="4330090829" visible="true" version="1" changeset="41155845" timestamp="2016-07-31T23:15:52Z" user="pablopareja" uid="211657" lat="-34.4636117" lon="-58.4971133"/>
 <node id="4330090830" visible="true" version="1" changeset="41155845" timestamp="2016-07-31T23:15:52Z" user="pablopareja" uid="211657" lat="-34.4636236" lon="-58.4975641"/>
 <node id="4330090831" visible="true" version="1" changeset="41155845" timestamp="2016-07-31T23:15:52Z" user="pablopareja" uid="211657" lat="-34.4636274" lon="-58.4974417"/>
 <node id="4330090833" visible="true" version="1" changeset="41155845" timestamp="2016-07-31T23:15:52Z" user="pablopareja" uid="211657" lat="-34.4636428" lon="-58.4976439"/>
 <node id="4330090834" visible="true" version="1" changeset="41155845" timestamp="2016-07-31T23:15:52Z" user="pablopareja" uid="211657" lat="-34.4636462" lon="-58.4971489"/>
 <node id="4330090837" visible="true" version="1" changeset="41155845" timestamp="2016-07-31T23:15:52Z" user="pablopareja" uid="211657" lat="-34.4637248" lon="-58.4971945"/>
 <node id="4330090839" visible="true" version="1" changeset="41155845" timestamp="2016-07-31T23:15:52Z" user="pablopareja" uid="211657" lat="-34.4637344" lon="-58.4974452"/>
 <node id="4330090840" visible="true" version="1" changeset="41155845" timestamp="2016-07-31T23:15:52Z" user="pablopareja" uid="211657" lat="-34.4637686" lon="-58.4970798"/>
 <node id="4330090841" visible="true" version="1" changeset="41155845" timestamp="2016-07-31T23:15:52Z" user="pablopareja" uid="211657" lat="-34.4637729" lon="-58.4975336"/>
 <node id="4330090842" visible="true" version="1" changeset="41155845" timestamp="2016-07-31T23:15:52Z" user="pablopareja" uid="211657" lat="-34.4637732" lon="-58.4973405"/>
 <node id="4330090843" visible="true" version="1" changeset="41155845" timestamp="2016-07-31T23:15:52Z" user="pablopareja" uid="211657" lat="-34.4637797" lon="-58.4974490"/>
 <node id="4330090844" visible="true" version="1" changeset="41155845" timestamp="2016-07-31T23:15:52Z" user="pablopareja" uid="211657" lat="-34.4637806" lon="-58.4974175"/>
 <node id="4330090845" visible="true" version="1" changeset="41155845" timestamp="2016-07-31T23:15:52Z" user="pablopareja" uid="211657" lat="-34.4637896" lon="-58.4974781"/>
 <node id="4330090846" visible="true" version="1" changeset="41155845" timestamp="2016-07-31T23:15:52Z" user="pablopareja" uid="211657" lat="-34.4637909" lon="-58.4971603"/>
 <node id="4330090847" visible="true" version="1" changeset="41155845" timestamp="2016-07-31T23:15:52Z" user="pablopareja" uid="211657" lat="-34.4637921" lon="-58.4973893"/>
 <node id="4330090848" visible="true" version="1" changeset="41155845" timestamp="2016-07-31T23:15:52Z" user="pablopareja" uid="211657" lat="-34.4638085" lon="-58.4974997"/>
 <node id="4330090849" visible="true" version="1" changeset="41155845" timestamp="2016-07-31T23:15:52Z" user="pablopareja" uid="211657" lat="-34.4638091" lon="-58.4973714"/>
 <node id="4330090850" visible="true" version="1" changeset="41155845" timestamp="2016-07-31T23:15:52Z" user="pablopareja" uid="211657" lat="-34.4638302" lon="-58.4973621"/>
 <node id="4330090851" visible="true" version="1" changeset="41155845" timestamp="2016-07-31T23:15:52Z" user="pablopareja" uid="211657" lat="-34.4638330" lon="-58.4975099"/>
 <node id="4330090852" visible="true" version="1" changeset="41155845" timestamp="2016-07-31T23:15:52Z" user="pablopareja" uid="211657" lat="-34.4638338" lon="-58.4970532"/>
 <node id="4330090853" visible="true" version="1" changeset="41155845" timestamp="2016-07-31T23:15:52Z" user="pablopareja" uid="211657" lat="-34.4638527" lon="-58.4973626"/>
 <node id="4330090854" visible="true" version="1" changeset="41155845" timestamp="2016-07-31T23:15:52Z" user="pablopareja" uid="211657" lat="-34.4638530" lon="-58.4975575"/>
 <node id="4330090855" visible="true" version="1" changeset="41155845" timestamp="2016-07-31T23:15:52Z" user="pablopareja" uid="211657" lat="-34.4638561" lon="-58.4971336"/>
 <node id="4330090856" visible="true" version="1" changeset="41155845" timestamp="2016-07-31T23:15:52Z" user="pablopareja" uid="211657" lat="-34.4638568" lon="-58.4975077"/>
 <node id="4330090857" visible="true" version="1" changeset="41155845" timestamp="2016-07-31T23:15:52Z" user="pablopareja" uid="211657" lat="-34.4638736" lon="-58.4973729"/>
 <node id="4330090858" visible="true" version="1" changeset="41155845" timestamp="2016-07-31T23:15:52Z" user="pablopareja" uid="211657" lat="-34.4638782" lon="-58.4974946"/>
 <node id="4330090859" visible="true" version="1" changeset="41155845" timestamp="2016-07-31T23:15:52Z" user="pablopareja" uid="211657" lat="-34.4638900" lon="-58.4973917"/>
 <node id="4330090860" visible="true" version="1" changeset="41155845" timestamp="2016-07-31T23:15:52Z" user="pablopareja" uid="211657" lat="-34.4638938" lon="-58.4974727"/>
 <node id="4330090861" visible="true" version="1" changeset="41155845" timestamp="2016-07-31T23:15:52Z" user="pablopareja" uid="211657" lat="-34.4638997" lon="-58.4974163"/>
 <node id="4330090862" visible="true" version="1" changeset="41155845" timestamp="2016-07-31T23:15:52Z" user="pablopareja" uid="211657" lat="-34.4639013" lon="-58.4974452"/>
 <node id="4330090863" visible="true" version="1" changeset="41155845" timestamp="2016-07-31T23:15:52Z" user="pablopareja" uid="211657" lat="-34.4639358" lon="-58.4974363"/>
 <node id="4337969991" visible="true" version="2" changeset="50887282" timestamp="2017-08-06T14:57:39Z" user="juanperez79" uid="6218510" lat="-34.4663137" lon="-58.4955069"/>
 <node id="4337969992" visible="true" version="1" changeset="41281389" timestamp="2016-08-06T03:58:50Z" user="pablopareja" uid="211657" lat="-34.4664693" lon="-58.4953092"/>
 <node id="4337969993" visible="true" version="2" changeset="50887282" timestamp="2017-08-06T14:57:39Z" user="juanperez79" uid="6218510" lat="-34.4683177" lon="-58.4981895"/>
 <node id="4340236308" visible="true" version="1" changeset="41308932" timestamp="2016-08-07T17:47:42Z" user="pablopareja" uid="211657" lat="-34.4711074" lon="-58.5064814">
  <tag k="addr:housenumber" v="602"/>
  <tag k="addr:street" v="Roque Sáenz Peña"/>
 </node>
 <node id="4340236310" visible="true" version="3" changeset="41649425" timestamp="2016-08-23T22:13:33Z" user="pablopareja" uid="211657" lat="-34.4690898" lon="-58.5027070">
  <tag k="addr:housenumber" v="1000"/>
  <tag k="addr:street" v="Roque Sáenz Peña"/>
 </node>
 <node id="4340572699" visible="true" version="1" changeset="41314358" timestamp="2016-08-08T01:08:28Z" user="pablopareja" uid="211657" lat="-34.4670979" lon="-58.5058251"/>
 <node id="4346636629" visible="true" version="1" changeset="41399884" timestamp="2016-08-11T23:10:20Z" user="pablopareja" uid="211657" lat="-34.4690239" lon="-58.5026381">
  <tag k="addr:housenumber" v="2"/>
  <tag k="addr:street" v="Juan Bautista de Lasalle"/>
 </node>
 <node id="4346636635" visible="true" version="2" changeset="146342612" timestamp="2024-01-17T00:00:09Z" user="AgusQui" uid="331218" lat="-34.4676908" lon="-58.5048153">
  <tag k="addr:housenumber" v="300"/>
  <tag k="addr:street" v="Juan Bautista de Lasalle"/>
 </node>
 <node id="4346636893" visible="true" version="2" changeset="146342612" timestamp="2024-01-17T00:00:09Z" user="AgusQui" uid="331218" lat="-34.4660367" lon="-58.5070476"/>
 <node id="4346636894" visible="true" version="2" changeset="146342612" timestamp="2024-01-17T00:00:09Z" user="AgusQui" uid="331218" lat="-34.4661097" lon="-58.5071351"/>
 <node id="4346636897" visible="true" version="2" changeset="146342612" timestamp="2024-01-17T00:00:09Z" user="AgusQui" uid="331218" lat="-34.4664176" lon="-58.5065829"/>
 <node id="4346636898" visible="true" version="2" changeset="146342612" timestamp="2024-01-17T00:00:09Z" user="AgusQui" uid="331218" lat="-34.4666740" lon="-58.5061592"/>
 <node id="4346636903" visible="true" version="2" changeset="146342612" timestamp="2024-01-17T00:00:09Z" user="AgusQui" uid="331218" lat="-34.4669500" lon="-58.5057012"/>
 <node id="4346636906" visible="true" version="1" changeset="41399884" timestamp="2016-08-11T23:10:22Z" user="pablopareja" uid="211657" lat="-34.4670609" lon="-58.5052574"/>
 <node id="4346636907" visible="true" version="2" changeset="146342612" timestamp="2024-01-17T00:00:09Z" user="AgusQui" uid="331218" lat="-34.4688175" lon="-58.5023250"/>
 <node id="4346636908" visible="true" version="2" changeset="146342612" timestamp="2024-01-17T00:00:09Z" user="AgusQui" uid="331218" lat="-34.4688924" lon="-58.5024208"/>
 <node id="4346646794" visible="true" version="1" changeset="41400100" timestamp="2016-08-11T23:34:27Z" user="pablopareja" uid="211657" lat="-34.4699762" lon="-58.5037769">
  <tag k="addr:housenumber" v="801"/>
  <tag k="addr:street" v="Roque Sáenz Peña"/>
 </node>
 <node id="4346646799" visible="true" version="2" changeset="41649425" timestamp="2016-08-23T22:13:33Z" user="pablopareja" uid="211657" lat="-34.4692127" lon="-58.5024960">
  <tag k="addr:housenumber" v="999"/>
  <tag k="addr:street" v="Roque Sáenz Peña"/>
 </node>
 <node id="4346646813" visible="true" version="1" changeset="41400100" timestamp="2016-08-11T23:34:27Z" user="pablopareja" uid="211657" lat="-34.4698793" lon="-58.5040078"/>
 <node id="4353255947" visible="true" version="1" changeset="41500228" timestamp="2016-08-16T22:06:54Z" user="pablopareja" uid="211657" lat="-34.4692274" lon="-58.5023722">
  <tag k="addr:housenumber" v="1"/>
  <tag k="addr:street" v="Juan Díaz de Solís"/>
 </node>
 <node id="4353256590" visible="true" version="2" changeset="146342612" timestamp="2024-01-17T00:00:09Z" user="AgusQui" uid="331218" lat="-34.4707310" lon="-58.4990347">
  <tag k="addr:housenumber" v="399"/>
  <tag k="addr:street" v="Juan Díaz de Solís"/>
 </node>
 <node id="4353256621" visible="true" version="2" changeset="146342612" timestamp="2024-01-17T00:00:09Z" user="AgusQui" uid="331218" lat="-34.4699410" lon="-58.5008435"/>
 <node id="4354866712" visible="true" version="1" changeset="41523804" timestamp="2016-08-17T23:42:43Z" user="pablopareja" uid="211657" lat="-34.4690765" lon="-58.5022364">
  <tag k="addr:housenumber" v="2"/>
  <tag k="addr:street" v="Juan Díaz de Solís"/>
 </node>
 <node id="4354866713" visible="true" version="1" changeset="41523804" timestamp="2016-08-17T23:42:43Z" user="pablopareja" uid="211657" lat="-34.4705894" lon="-58.4990019">
  <tag k="addr:housenumber" v="400"/>
  <tag k="addr:street" v="Juan Díaz de Solís"/>
 </node>
 <node id="4354866722" visible="true" version="2" changeset="146342612" timestamp="2024-01-17T00:00:09Z" user="AgusQui" uid="331218" lat="-34.4689055" lon="-58.5021779"/>
 <node id="4354866723" visible="true" version="2" changeset="146342612" timestamp="2024-01-17T00:00:09Z" user="AgusQui" uid="331218" lat="-34.4689908" lon="-58.5022895"/>
 <node id="4354866724" visible="true" version="2" changeset="146342612" timestamp="2024-01-17T00:00:09Z" user="AgusQui" uid="331218" lat="-34.4694898" lon="-58.5011429"/>
 <node id="4354866725" visible="true" version="1" changeset="41523804" timestamp="2016-08-17T23:42:43Z" user="pablopareja" uid="211657" lat="-34.4697389" lon="-58.5009860"/>
 <node id="4354866726" visible="true" version="2" changeset="146342612" timestamp="2024-01-17T00:00:09Z" user="AgusQui" uid="331218" lat="-34.4695791" lon="-58.5011947"/>
 <node id="4354866727" visible="true" version="2" changeset="146342612" timestamp="2024-01-17T00:00:09Z" user="AgusQui" uid="331218" lat="-34.4705136" lon="-58.4987092"/>
 <node id="4354866729" visible="true" version="2" changeset="146342612" timestamp="2024-01-17T00:00:09Z" user="AgusQui" uid="331218" lat="-34.4706256" lon="-58.4988003"/>
 <node id="4354872845" visible="true" version="1" changeset="41523870" timestamp="2016-08-17T23:49:14Z" user="pablopareja" uid="211657" lat="-34.4689111" lon="-58.5025106">
  <tag k="addr:housenumber" v="1"/>
  <tag k="addr:street" v="Juan Bautista de Lasalle"/>
 </node>
 <node id="4354872846" visible="true" version="1" changeset="41523870" timestamp="2016-08-17T23:49:14Z" user="pablopareja" uid="211657" lat="-34.4670171" lon="-58.5057223">
  <tag k="addr:housenumber" v="399"/>
  <tag k="addr:street" v="Juan Bautista de Lasalle"/>
 </node>
 <node id="4363674922" visible="true" version="3" changeset="75865212" timestamp="2019-10-18T00:03:41Z" user="alpertron" uid="466854" lat="-34.4674475" lon="-58.4996609">
  <tag k="addr:housenumber" v="1"/>
  <tag k="addr:street" v="Camino de la Ribera"/>
 </node>
 <node id="4363674923" visible="true" version="3" changeset="75672615" timestamp="2019-10-14T14:41:42Z" user="alpertron" uid="466854" lat="-34.4689369" lon="-58.5021051">
  <tag k="addr:housenumber" v="1"/>
  <tag k="addr:street" v="Sebastián Elcano"/>
 </node>
 <node id="4363674924" visible="true" version="1" changeset="41649425" timestamp="2016-08-23T22:13:25Z" user="pablopareja" uid="211657" lat="-34.4687037" lon="-58.5022326">
  <tag k="addr:housenumber" v="1"/>
  <tag k="addr:street" v="Pedro de Mendoza"/>
 </node>
 <node id="4363674925" visible="true" version="2" changeset="75865212" timestamp="2019-10-18T00:03:41Z" user="alpertron" uid="466854" lat="-34.4682687" lon="-58.5009617">
  <tag k="addr:housenumber" v="1"/>
  <tag k="addr:street" v="Combate Vuelta de Obligado"/>
 </node>
 <node id="4363674926" visible="true" version="3" changeset="75672615" timestamp="2019-10-14T14:41:42Z" user="alpertron" uid="466854" lat="-34.4692338" lon="-58.5013249">
  <tag k="addr:housenumber" v="100"/>
  <tag k="addr:street" v="Sebastián Elcano"/>
 </node>
 <node id="4363674927" visible="true" version="2" changeset="75865212" timestamp="2019-10-18T00:03:41Z" user="alpertron" uid="466854" lat="-34.4684394" lon="-58.5000320">
  <tag k="addr:housenumber" v="100"/>
  <tag k="addr:street" v="Combate Vuelta de Obligado"/>
 </node>
 <node id="4363674928" visible="true" version="1" changeset="41649425" timestamp="2016-08-23T22:13:26Z" user="pablopareja" uid="211657" lat="-34.4692649" lon="-58.5010480">
  <tag k="addr:housenumber" v="1001"/>
  <tag k="addr:street" v="Las Gaviotas"/>
 </node>
 <node id="4363674929" visible="true" version="1" changeset="41649425" timestamp="2016-08-23T22:13:26Z" user="pablopareja" uid="211657" lat="-34.4696844" lon="-58.5002365">
  <tag k="addr:housenumber" v="1001"/>
  <tag k="addr:street" v="Los Sauces"/>
 </node>
 <node id="4363674930" visible="true" version="1" changeset="41649425" timestamp="2016-08-23T22:13:26Z" user="pablopareja" uid="211657" lat="-34.4688363" lon="-58.5019638">
  <tag k="addr:housenumber" v="1001"/>
  <tag k="addr:street" v="Roque Sáenz Peña"/>
 </node>
 <node id="4363674931" visible="true" version="1" changeset="41649425" timestamp="2016-08-23T22:13:26Z" user="pablopareja" uid="211657" lat="-34.4691828" lon="-58.5012492">
  <tag k="addr:housenumber" v="1002"/>
  <tag k="addr:street" v="Las Gaviotas"/>
 </node>
 <node id="4363674932" visible="true" version="1" changeset="41649425" timestamp="2016-08-23T22:13:26Z" user="pablopareja" uid="211657" lat="-34.4695990" lon="-58.5004221">
  <tag k="addr:housenumber" v="1002"/>
  <tag k="addr:street" v="Los Sauces"/>
 </node>
 <node id="4363674933" visible="true" version="1" changeset="41649425" timestamp="2016-08-23T22:13:26Z" user="pablopareja" uid="211657" lat="-34.4687094" lon="-58.5021340">
  <tag k="addr:housenumber" v="1002"/>
  <tag k="addr:street" v="Roque Sáenz Peña"/>
 </node>
 <node id="4363674934" visible="true" version="3" changeset="75865212" timestamp="2019-10-18T00:03:41Z" user="alpertron" uid="466854" lat="-34.4679756" lon="-58.4990555">
  <tag k="addr:housenumber" v="101"/>
  <tag k="addr:street" v="Camino de la Ribera"/>
 </node>
 <node id="4363674935" visible="true" version="2" changeset="75865212" timestamp="2019-10-18T00:03:41Z" user="alpertron" uid="466854" lat="-34.4686584" lon="-58.5000906">
  <tag k="addr:housenumber" v="101"/>
  <tag k="addr:street" v="Combate Vuelta de Obligado"/>
 </node>
 <node id="4363674936" visible="true" version="3" changeset="75672615" timestamp="2019-10-14T14:41:42Z" user="alpertron" uid="466854" lat="-34.4693072" lon="-58.5011705">
  <tag k="addr:housenumber" v="102"/>
  <tag k="addr:street" v="Sebastián Elcano"/>
 </node>
 <node id="4363674937" visible="true" version="2" changeset="75865212" timestamp="2019-10-18T00:03:41Z" user="alpertron" uid="466854" lat="-34.4685457" lon="-58.4998758">
  <tag k="addr:housenumber" v="102"/>
  <tag k="addr:street" v="Combate Vuelta de Obligado"/>
 </node>
 <node id="4363674938" visible="true" version="1" changeset="41649425" timestamp="2016-08-23T22:13:26Z" user="pablopareja" uid="211657" lat="-34.4687207" lon="-58.5001496">
  <tag k="addr:housenumber" v="1099"/>
  <tag k="addr:street" v="Las Gaviotas"/>
 </node>
 <node id="4363674939" visible="true" version="1" changeset="41649425" timestamp="2016-08-23T22:13:26Z" user="pablopareja" uid="211657" lat="-34.4691756" lon="-58.4994826">
  <tag k="addr:housenumber" v="1099"/>
  <tag k="addr:street" v="Los Sauces"/>
 </node>
 <node id="4363674940" visible="true" version="1" changeset="41649425" timestamp="2016-08-23T22:13:26Z" user="pablopareja" uid="211657" lat="-34.4682327" lon="-58.5010345">
  <tag k="addr:housenumber" v="1099"/>
  <tag k="addr:street" v="Roque Sáenz Peña"/>
 </node>
 <node id="4363674941" visible="true" version="1" changeset="41649425" timestamp="2016-08-23T22:13:26Z" user="pablopareja" uid="211657" lat="-34.4686096" lon="-58.5003195">
  <tag k="addr:housenumber" v="1100"/>
  <tag k="addr:street" v="Las Gaviotas"/>
 </node>
 <node id="4363674942" visible="true" version="1" changeset="41649425" timestamp="2016-08-23T22:13:26Z" user="pablopareja" uid="211657" lat="-34.4690451" lon="-58.4996096">
  <tag k="addr:housenumber" v="1100"/>
  <tag k="addr:street" v="Los Sauces"/>
 </node>
 <node id="4363674943" visible="true" version="1" changeset="41649425" timestamp="2016-08-23T22:13:26Z" user="pablopareja" uid="211657" lat="-34.4681214" lon="-58.5012047">
  <tag k="addr:housenumber" v="1100"/>
  <tag k="addr:street" v="Roque Sáenz Peña"/>
 </node>
 <node id="4363674944" visible="true" version="1" changeset="41649425" timestamp="2016-08-23T22:13:26Z" user="pablopareja" uid="211657" lat="-34.4685017" lon="-58.4998410">
  <tag k="addr:housenumber" v="1101"/>
  <tag k="addr:street" v="Las Gaviotas"/>
 </node>
 <node id="4363674945" visible="true" version="1" changeset="41649425" timestamp="2016-08-23T22:13:26Z" user="pablopareja" uid="211657" lat="-34.4689823" lon="-58.4991858">
  <tag k="addr:housenumber" v="1101"/>
  <tag k="addr:street" v="Los Sauces"/>
 </node>
 <node id="4363674946" visible="true" version="1" changeset="41649425" timestamp="2016-08-23T22:13:26Z" user="pablopareja" uid="211657" lat="-34.4681147" lon="-58.5008076">
  <tag k="addr:housenumber" v="1101"/>
  <tag k="addr:street" v="Roque Sáenz Peña"/>
 </node>
 <node id="4363674947" visible="true" version="1" changeset="41649425" timestamp="2016-08-23T22:13:26Z" user="pablopareja" uid="211657" lat="-34.4683906" lon="-58.4999797">
  <tag k="addr:housenumber" v="1102"/>
  <tag k="addr:street" v="Las Gaviotas"/>
 </node>
 <node id="4363674948" visible="true" version="1" changeset="41649425" timestamp="2016-08-23T22:13:26Z" user="pablopareja" uid="211657" lat="-34.4688519" lon="-58.4993127">
  <tag k="addr:housenumber" v="1102"/>
  <tag k="addr:street" v="Los Sauces"/>
 </node>
 <node id="4363674949" visible="true" version="1" changeset="41649425" timestamp="2016-08-23T22:13:26Z" user="pablopareja" uid="211657" lat="-34.4679877" lon="-58.5010237">
  <tag k="addr:housenumber" v="1102"/>
  <tag k="addr:street" v="Roque Sáenz Peña"/>
 </node>
 <node id="4363674950" visible="true" version="1" changeset="41649425" timestamp="2016-08-23T22:13:26Z" user="pablopareja" uid="211657" lat="-34.4680186" lon="-58.4991106">
  <tag k="addr:housenumber" v="1199"/>
  <tag k="addr:street" v="Las Gaviotas"/>
 </node>
 <node id="4363674951" visible="true" version="1" changeset="41649425" timestamp="2016-08-23T22:13:26Z" user="pablopareja" uid="211657" lat="-34.4685347" lon="-58.4985295">
  <tag k="addr:housenumber" v="1199"/>
  <tag k="addr:street" v="Los Sauces"/>
 </node>
 <node id="4363674952" visible="true" version="1" changeset="41649425" timestamp="2016-08-23T22:13:26Z" user="pablopareja" uid="211657" lat="-34.4674487" lon="-58.4997674">
  <tag k="addr:housenumber" v="1199"/>
  <tag k="addr:street" v="Roque Sáenz Peña"/>
 </node>
 <node id="4363674953" visible="true" version="1" changeset="41649425" timestamp="2016-08-23T22:13:26Z" user="pablopareja" uid="211657" lat="-34.4679107" lon="-58.4992336">
  <tag k="addr:housenumber" v="1200"/>
  <tag k="addr:street" v="Las Gaviotas"/>
 </node>
 <node id="4363674954" visible="true" version="1" changeset="41649425" timestamp="2016-08-23T22:13:27Z" user="pablopareja" uid="211657" lat="-34.4684043" lon="-58.4986565">
  <tag k="addr:housenumber" v="1200"/>
  <tag k="addr:street" v="Los Sauces"/>
 </node>
 <node id="4363674955" visible="true" version="2" changeset="60818680" timestamp="2018-07-18T03:41:58Z" user="AgusQui" uid="331218" lat="-34.4672909" lon="-58.4999485">
  <tag k="addr:housenumber" v="1200"/>
  <tag k="addr:street" v="Roque Sáenz Peña"/>
 </node>
 <node id="4363674956" visible="true" version="1" changeset="41649425" timestamp="2016-08-23T22:13:27Z" user="pablopareja" uid="211657" lat="-34.4672751" lon="-58.4994625">
  <tag k="addr:housenumber" v="1201"/>
  <tag k="addr:street" v="Roque Sáenz Peña"/>
 </node>
 <node id="4363674957" visible="true" version="2" changeset="106554019" timestamp="2021-06-17T22:03:44Z" user="serock" uid="1810448" lat="-34.4670541" lon="-58.4995914">
  <tag k="addr:housenumber" v="1202"/>
  <tag k="addr:street" v="Roque Sáenz Peña"/>
 </node>
 <node id="4363674958" visible="true" version="1" changeset="41649425" timestamp="2016-08-23T22:13:27Z" user="pablopareja" uid="211657" lat="-34.4656648" lon="-58.4986969">
  <tag k="addr:housenumber" v="1400"/>
  <tag k="addr:street" v="Roque Sáenz Peña"/>
 </node>
 <node id="4363674964" visible="true" version="2" changeset="106554019" timestamp="2021-06-17T22:03:44Z" user="serock" uid="1810448" lat="-34.4654071" lon="-58.4985352">
  <tag k="addr:housenumber" v="1402"/>
  <tag k="addr:street" v="Roque Sáenz Peña"/>
 </node>
 <node id="4363674974" visible="true" version="1" changeset="41649425" timestamp="2016-08-23T22:13:28Z" user="pablopareja" uid="211657" lat="-34.4700249" lon="-58.4979639">
  <tag k="addr:housenumber" v="1501"/>
  <tag k="addr:street" v="Vicente López y Planes"/>
 </node>
 <node id="4363674975" visible="true" version="1" changeset="41649425" timestamp="2016-08-23T22:13:28Z" user="pablopareja" uid="211657" lat="-34.4698703" lon="-58.4981084">
  <tag k="addr:housenumber" v="1502"/>
  <tag k="addr:street" v="Vicente López y Planes"/>
 </node>
 <node id="4363674976" visible="true" version="1" changeset="41649425" timestamp="2016-08-23T22:13:28Z" user="pablopareja" uid="211657" lat="-34.4640127" lon="-58.4974625">
  <tag k="addr:housenumber" v="1599"/>
  <tag k="addr:street" v="Roque Sáenz Peña"/>
 </node>
 <node id="4363674977" visible="true" version="1" changeset="41649425" timestamp="2016-08-23T22:13:28Z" user="pablopareja" uid="211657" lat="-34.4695257" lon="-58.4973389">
  <tag k="addr:housenumber" v="1599"/>
  <tag k="addr:street" v="Vicente López y Planes"/>
 </node>
 <node id="4363674978" visible="true" version="2" changeset="106554019" timestamp="2021-06-17T22:03:44Z" user="serock" uid="1810448" lat="-34.4639565" lon="-58.4976496">
  <tag k="addr:housenumber" v="1600"/>
  <tag k="addr:street" v="Roque Sáenz Peña"/>
 </node>
 <node id="4363674979" visible="true" version="1" changeset="41649425" timestamp="2016-08-23T22:13:28Z" user="pablopareja" uid="211657" lat="-34.4693969" lon="-58.4974952">
  <tag k="addr:housenumber" v="1600"/>
  <tag k="addr:street" v="Vicente López y Planes"/>
 </node>
 <node id="4363674980" visible="true" version="3" changeset="75865212" timestamp="2019-10-18T00:03:41Z" user="alpertron" uid="466854" lat="-34.4683589" lon="-58.4986219">
  <tag k="addr:housenumber" v="199"/>
  <tag k="addr:street" v="Camino de la Ribera"/>
 </node>
 <node id="4363674981" visible="true" version="2" changeset="75865212" timestamp="2019-10-18T00:03:41Z" user="alpertron" uid="466854" lat="-34.4689997" lon="-58.4995633">
  <tag k="addr:housenumber" v="199"/>
  <tag k="addr:street" v="Combate Vuelta de Obligado"/>
 </node>
 <node id="4363674982" visible="true" version="3" changeset="75865212" timestamp="2019-10-18T00:03:41Z" user="alpertron" uid="466854" lat="-34.4673605" lon="-58.4994070">
  <tag k="addr:housenumber" v="2"/>
  <tag k="addr:street" v="Camino de la Ribera"/>
 </node>
 <node id="4363674983" visible="true" version="3" changeset="75672615" timestamp="2019-10-14T14:41:42Z" user="alpertron" uid="466854" lat="-34.4688885" lon="-58.5019462">
  <tag k="addr:housenumber" v="2"/>
  <tag k="addr:street" v="Sebastián Elcano"/>
 </node>
 <node id="4363674984" visible="true" version="2" changeset="75865212" timestamp="2019-10-18T00:03:41Z" user="alpertron" uid="466854" lat="-34.4681495" lon="-58.5007234">
  <tag k="addr:housenumber" v="2"/>
  <tag k="addr:street" v="Combate Vuelta de Obligado"/>
 </node>
 <node id="4363674985" visible="true" version="3" changeset="75672615" timestamp="2019-10-14T14:41:42Z" user="alpertron" uid="466854" lat="-34.4696351" lon="-58.5004661">
  <tag k="addr:housenumber" v="200"/>
  <tag k="addr:street" v="Sebastián Elcano"/>
 </node>
 <node id="4363674986" visible="true" version="2" changeset="75865212" timestamp="2019-10-18T00:03:41Z" user="alpertron" uid="466854" lat="-34.4688870" lon="-58.4993484">
  <tag k="addr:housenumber" v="200"/>
  <tag k="addr:street" v="Combate Vuelta de Obligado"/>
 </node>
 <node id="4363674987" visible="true" version="3" changeset="75865212" timestamp="2019-10-18T00:03:41Z" user="alpertron" uid="466854" lat="-34.4685038" lon="-58.4984656">
  <tag k="addr:housenumber" v="201"/>
  <tag k="addr:street" v="Camino de la Ribera"/>
 </node>
 <node id="4363674988" visible="true" version="2" changeset="75865212" timestamp="2019-10-18T00:03:41Z" user="alpertron" uid="466854" lat="-34.4691543" lon="-58.4993797">
  <tag k="addr:housenumber" v="201"/>
  <tag k="addr:street" v="Combate Vuelta de Obligado"/>
 </node>
 <node id="4363674989" visible="true" version="3" changeset="75672615" timestamp="2019-10-14T14:41:42Z" user="alpertron" uid="466854" lat="-34.4697175" lon="-58.5002710">
  <tag k="addr:housenumber" v="202"/>
  <tag k="addr:street" v="Sebastián Elcano"/>
 </node>
 <node id="4363674990" visible="true" version="2" changeset="75865212" timestamp="2019-10-18T00:03:41Z" user="alpertron" uid="466854" lat="-34.4690416" lon="-58.4991648">
  <tag k="addr:housenumber" v="202"/>
  <tag k="addr:street" v="Combate Vuelta de Obligado"/>
 </node>
 <node id="4363674991" visible="true" version="3" changeset="75865212" timestamp="2019-10-18T00:03:41Z" user="alpertron" uid="466854" lat="-34.4693636" lon="-58.4974539">
  <tag k="addr:housenumber" v="399"/>
  <tag k="addr:street" v="Camino de la Ribera"/>
 </node>
 <node id="4363674992" visible="true" version="3" changeset="75672615" timestamp="2019-10-14T14:41:42Z" user="alpertron" uid="466854" lat="-34.4704922" lon="-58.4987437">
  <tag k="addr:housenumber" v="399"/>
  <tag k="addr:street" v="Sebastián Elcano"/>
 </node>
 <node id="4363674993" visible="true" version="2" changeset="75865212" timestamp="2019-10-18T00:03:41Z" user="alpertron" uid="466854" lat="-34.4700335" lon="-58.4983602">
  <tag k="addr:housenumber" v="399"/>
  <tag k="addr:street" v="Combate Vuelta de Obligado"/>
 </node>
 <node id="4363674994" visible="true" version="3" changeset="75865212" timestamp="2019-10-18T00:03:41Z" user="alpertron" uid="466854" lat="-34.4691608" lon="-58.4973289">
  <tag k="addr:housenumber" v="400"/>
  <tag k="addr:street" v="Camino de la Ribera"/>
 </node>
 <node id="4363674995" visible="true" version="4" changeset="146342612" timestamp="2024-01-17T00:00:09Z" user="AgusQui" uid="331218" lat="-34.4703697" lon="-58.4987271">
  <tag k="addr:housenumber" v="400"/>
  <tag k="addr:street" v="Sebastián Elcano"/>
 </node>
 <node id="4363674996" visible="true" version="2" changeset="75865212" timestamp="2019-10-18T00:03:41Z" user="alpertron" uid="466854" lat="-34.4699208" lon="-58.4981453">
  <tag k="addr:housenumber" v="400"/>
  <tag k="addr:street" v="Combate Vuelta de Obligado"/>
 </node>
 <node id="4363674997" visible="true" version="3" changeset="75865212" timestamp="2019-10-18T00:03:41Z" user="alpertron" uid="466854" lat="-34.4695053" lon="-58.4972625">
  <tag k="addr:housenumber" v="401"/>
  <tag k="addr:street" v="Camino de la Ribera"/>
 </node>
 <node id="4363675000" visible="true" version="3" changeset="75865212" timestamp="2019-10-18T00:03:41Z" user="alpertron" uid="466854" lat="-34.4693411" lon="-58.4971258">
  <tag k="addr:housenumber" v="402"/>
  <tag k="addr:street" v="Camino de la Ribera"/>
 </node>
 <node id="4363675003" visible="true" version="3" changeset="75865212" timestamp="2019-10-18T00:03:41Z" user="alpertron" uid="466854" lat="-34.4707226" lon="-58.4955008">
  <tag k="addr:housenumber" v="499"/>
  <tag k="addr:street" v="Camino de la Ribera"/>
 </node>
 <node id="4363675010" visible="true" version="4" changeset="77640286" timestamp="2019-11-27T14:57:46Z" user="Hernan" uid="72347" lat="-34.4709693" lon="-58.4947064">
  <tag k="addr:housenumber" v="600"/>
  <tag k="addr:street" v="Camino de la Ribera"/>
 </node>
 <node id="4363675017" visible="true" version="3" changeset="75865212" timestamp="2019-10-18T00:03:41Z" user="alpertron" uid="466854" lat="-34.4678629" lon="-58.4991766">
  <tag k="addr:housenumber" v="99"/>
  <tag k="addr:street" v="Camino de la Ribera"/>
 </node>
 <node id="4363675018" visible="true" version="2" changeset="41649814" timestamp="2016-08-23T22:46:48Z" user="pablopareja" uid="211657" lat="-34.4684119" lon="-58.5027486">
  <tag k="addr:housenumber" v="49"/>
  <tag k="addr:street" v="Pedro de Mendoza"/>
 </node>
 <node id="4363675019" visible="true" version="2" changeset="75865212" timestamp="2019-10-18T00:03:41Z" user="alpertron" uid="466854" lat="-34.4685585" lon="-58.5002703">
  <tag k="addr:housenumber" v="99"/>
  <tag k="addr:street" v="Combate Vuelta de Obligado"/>
 </node>
 <node id="4363675020" visible="true" version="1" changeset="41649425" timestamp="2016-08-23T22:13:30Z" user="pablopareja" uid="211657" lat="-34.4656648" lon="-58.4984625"/>
 <node id="4363675021" visible="true" version="1" changeset="41649425" timestamp="2016-08-23T22:13:30Z" user="pablopareja" uid="211657" lat="-34.4694926" lon="-58.5011025"/>
 <node id="4363675022" visible="true" version="1" changeset="41649425" timestamp="2016-08-23T22:13:30Z" user="pablopareja" uid="211657" lat="-34.4701526" lon="-58.4961805"/>
 <node id="4363675023" visible="true" version="1" changeset="41649425" timestamp="2016-08-23T22:13:30Z" user="pablopareja" uid="211657" lat="-34.4702525" lon="-58.4963797"/>
 <node id="4363694226" visible="true" version="1" changeset="41649814" timestamp="2016-08-23T22:46:41Z" user="pablopareja" uid="211657" lat="-34.4679842" lon="-58.5011092">
  <tag k="addr:housenumber" v="1"/>
  <tag k="addr:street" v="Gaboto"/>
 </node>
 <node id="4363694227" visible="true" version="1" changeset="41649814" timestamp="2016-08-23T22:46:41Z" user="pablopareja" uid="211657" lat="-34.4674610" lon="-58.5021603">
  <tag k="addr:housenumber" v="100"/>
  <tag k="addr:street" v="Gaboto"/>
 </node>
 <node id="4363694228" visible="true" version="1" changeset="41649814" timestamp="2016-08-23T22:46:41Z" user="pablopareja" uid="211657" lat="-34.4661510" lon="-58.5045738">
  <tag k="addr:housenumber" v="1000"/>
  <tag k="addr:street" v="Belgrano"/>
 </node>
 <node id="4363694229" visible="true" version="1" changeset="41649814" timestamp="2016-08-23T22:46:41Z" user="pablopareja" uid="211657" lat="-34.4677508" lon="-58.5037300">
  <tag k="addr:housenumber" v="1001"/>
  <tag k="addr:street" v="Coronel Obarrio"/>
 </node>
 <node id="4363694230" visible="true" version="1" changeset="41649814" timestamp="2016-08-23T22:46:41Z" user="pablopareja" uid="211657" lat="-34.4680392" lon="-58.5031885">
  <tag k="addr:housenumber" v="1001"/>
  <tag k="addr:street" v="Coronel Rosales"/>
 </node>
 <node id="4363694231" visible="true" version="1" changeset="41649814" timestamp="2016-08-23T22:46:41Z" user="pablopareja" uid="211657" lat="-34.4683684" lon="-58.5027001">
  <tag k="addr:housenumber" v="1001"/>
  <tag k="addr:street" v="Leandro N. Alem"/>
 </node>
 <node id="4363694232" visible="true" version="1" changeset="41649814" timestamp="2016-08-23T22:46:41Z" user="pablopareja" uid="211657" lat="-34.4674160" lon="-58.5043347">
  <tag k="addr:housenumber" v="1001"/>
  <tag k="addr:street" v="Martín y Omar"/>
 </node>
 <node id="4363694233" visible="true" version="1" changeset="41649814" timestamp="2016-08-23T22:46:41Z" user="pablopareja" uid="211657" lat="-34.4676847" lon="-58.5038875">
  <tag k="addr:housenumber" v="1002"/>
  <tag k="addr:street" v="Coronel Obarrio"/>
 </node>
 <node id="4363694234" visible="true" version="1" changeset="41649814" timestamp="2016-08-23T22:46:41Z" user="pablopareja" uid="211657" lat="-34.4679732" lon="-58.5033377">
  <tag k="addr:housenumber" v="1002"/>
  <tag k="addr:street" v="Coronel Rosales"/>
 </node>
 <node id="4363694235" visible="true" version="1" changeset="41649814" timestamp="2016-08-23T22:46:41Z" user="pablopareja" uid="211657" lat="-34.4683024" lon="-58.5028493">
  <tag k="addr:housenumber" v="1002"/>
  <tag k="addr:street" v="Leandro N. Alem"/>
 </node>
 <node id="4363694236" visible="true" version="1" changeset="41649814" timestamp="2016-08-23T22:46:41Z" user="pablopareja" uid="211657" lat="-34.4673233" lon="-58.5044423">
  <tag k="addr:housenumber" v="1002"/>
  <tag k="addr:street" v="Martín y Omar"/>
 </node>
 <node id="4363694237" visible="true" version="1" changeset="41649814" timestamp="2016-08-23T22:46:41Z" user="pablopareja" uid="211657" lat="-34.4672324" lon="-58.5021380">
  <tag k="addr:housenumber" v="101"/>
  <tag k="addr:street" v="Gaboto"/>
 </node>
 <node id="4363694238" visible="true" version="1" changeset="41649814" timestamp="2016-08-23T22:46:41Z" user="pablopareja" uid="211657" lat="-34.4679860" lon="-58.5033961">
  <tag k="addr:housenumber" v="101"/>
  <tag k="addr:street" v="Pedro de Mendoza"/>
 </node>
 <node id="4363694239" visible="true" version="1" changeset="41649814" timestamp="2016-08-23T22:46:41Z" user="pablopareja" uid="211657" lat="-34.4673464" lon="-58.5023018">
  <tag k="addr:housenumber" v="102"/>
  <tag k="addr:street" v="Gaboto"/>
 </node>
 <node id="4363694240" visible="true" version="1" changeset="41649814" timestamp="2016-08-23T22:46:41Z" user="pablopareja" uid="211657" lat="-34.4671234" lon="-58.5026653">
  <tag k="addr:housenumber" v="1099"/>
  <tag k="addr:street" v="Coronel Obarrio"/>
 </node>
 <node id="4363694241" visible="true" version="1" changeset="41649814" timestamp="2016-08-23T22:46:41Z" user="pablopareja" uid="211657" lat="-34.4674840" lon="-58.5022529">
  <tag k="addr:housenumber" v="1099"/>
  <tag k="addr:street" v="Coronel Rosales"/>
 </node>
 <node id="4363694242" visible="true" version="1" changeset="41649814" timestamp="2016-08-23T22:46:41Z" user="pablopareja" uid="211657" lat="-34.4678132" lon="-58.5017645">
  <tag k="addr:housenumber" v="1099"/>
  <tag k="addr:street" v="Leandro N. Alem"/>
 </node>
 <node id="4363694243" visible="true" version="1" changeset="41649814" timestamp="2016-08-23T22:46:41Z" user="pablopareja" uid="211657" lat="-34.4667620" lon="-58.5031994">
  <tag k="addr:housenumber" v="1099"/>
  <tag k="addr:street" v="Martín y Omar"/>
 </node>
 <node id="4363694244" visible="true" version="1" changeset="41649814" timestamp="2016-08-23T22:46:41Z" user="pablopareja" uid="211657" lat="-34.4670334" lon="-58.5028036">
  <tag k="addr:housenumber" v="1100"/>
  <tag k="addr:street" v="Coronel Obarrio"/>
 </node>
 <node id="4363694245" visible="true" version="1" changeset="41649814" timestamp="2016-08-23T22:46:41Z" user="pablopareja" uid="211657" lat="-34.4673940" lon="-58.5023912">
  <tag k="addr:housenumber" v="1100"/>
  <tag k="addr:street" v="Coronel Rosales"/>
 </node>
 <node id="4363694246" visible="true" version="1" changeset="41649814" timestamp="2016-08-23T22:46:41Z" user="pablopareja" uid="211657" lat="-34.4677231" lon="-58.5019028">
  <tag k="addr:housenumber" v="1100"/>
  <tag k="addr:street" v="Leandro N. Alem"/>
 </node>
 <node id="4363694247" visible="true" version="1" changeset="41649814" timestamp="2016-08-23T22:46:41Z" user="pablopareja" uid="211657" lat="-34.4669621" lon="-58.5023987">
  <tag k="addr:housenumber" v="1101"/>
  <tag k="addr:street" v="Coronel Obarrio"/>
 </node>
 <node id="4363694248" visible="true" version="1" changeset="41649814" timestamp="2016-08-23T22:46:41Z" user="pablopareja" uid="211657" lat="-34.4673011" lon="-58.5019331">
  <tag k="addr:housenumber" v="1101"/>
  <tag k="addr:street" v="Coronel Rosales"/>
 </node>
 <node id="4363694249" visible="true" version="1" changeset="41649814" timestamp="2016-08-23T22:46:41Z" user="pablopareja" uid="211657" lat="-34.4665873" lon="-58.5028860">
  <tag k="addr:housenumber" v="1101"/>
  <tag k="addr:street" v="Martín y Omar"/>
 </node>
 <node id="4363694250" visible="true" version="1" changeset="41649814" timestamp="2016-08-23T22:46:41Z" user="pablopareja" uid="211657" lat="-34.4668419" lon="-58.5025487">
  <tag k="addr:housenumber" v="1102"/>
  <tag k="addr:street" v="Coronel Obarrio"/>
 </node>
 <node id="4363694251" visible="true" version="1" changeset="41649814" timestamp="2016-08-23T22:46:42Z" user="pablopareja" uid="211657" lat="-34.4671809" lon="-58.5020830">
  <tag k="addr:housenumber" v="1102"/>
  <tag k="addr:street" v="Coronel Rosales"/>
 </node>
 <node id="4363694252" visible="true" version="1" changeset="41649814" timestamp="2016-08-23T22:46:42Z" user="pablopareja" uid="211657" lat="-34.4662821" lon="-58.5012616">
  <tag k="addr:housenumber" v="1199"/>
  <tag k="addr:street" v="Coronel Obarrio"/>
 </node>
 <node id="4363694253" visible="true" version="1" changeset="41649814" timestamp="2016-08-23T22:46:42Z" user="pablopareja" uid="211657" lat="-34.4666211" lon="-58.5007960">
  <tag k="addr:housenumber" v="1199"/>
  <tag k="addr:street" v="Coronel Rosales"/>
 </node>
 <node id="4363694254" visible="true" version="1" changeset="41649814" timestamp="2016-08-23T22:46:42Z" user="pablopareja" uid="211657" lat="-34.4659219" lon="-58.5017489">
  <tag k="addr:housenumber" v="1199"/>
  <tag k="addr:street" v="Martín y Omar"/>
 </node>
 <node id="4363694255" visible="true" version="1" changeset="41649814" timestamp="2016-08-23T22:46:42Z" user="pablopareja" uid="211657" lat="-34.4661688" lon="-58.5014199">
  <tag k="addr:housenumber" v="1200"/>
  <tag k="addr:street" v="Coronel Obarrio"/>
 </node>
 <node id="4363694256" visible="true" version="1" changeset="41649814" timestamp="2016-08-23T22:46:42Z" user="pablopareja" uid="211657" lat="-34.4665078" lon="-58.5009542">
  <tag k="addr:housenumber" v="1200"/>
  <tag k="addr:street" v="Coronel Rosales"/>
 </node>
 <node id="4363694257" visible="true" version="1" changeset="41649814" timestamp="2016-08-23T22:46:42Z" user="pablopareja" uid="211657" lat="-34.4658220" lon="-58.5018326">
  <tag k="addr:housenumber" v="1200"/>
  <tag k="addr:street" v="Martín y Omar"/>
 </node>
 <node id="4363694258" visible="true" version="1" changeset="41649814" timestamp="2016-08-23T22:46:42Z" user="pablopareja" uid="211657" lat="-34.4669863" lon="-58.5024656">
  <tag k="addr:housenumber" v="149"/>
  <tag k="addr:street" v="Gaboto"/>
 </node>
 <node id="4363694259" visible="true" version="1" changeset="41649814" timestamp="2016-08-23T22:46:42Z" user="pablopareja" uid="211657" lat="-34.4678087" lon="-58.5037200">
  <tag k="addr:housenumber" v="149"/>
  <tag k="addr:street" v="Pedro de Mendoza"/>
 </node>
 <node id="4363694260" visible="true" version="1" changeset="41649814" timestamp="2016-08-23T22:46:42Z" user="pablopareja" uid="211657" lat="-34.4671063" lon="-58.5026185">
  <tag k="addr:housenumber" v="150"/>
  <tag k="addr:street" v="Gaboto"/>
 </node>
 <node id="4363694261" visible="true" version="1" changeset="41649814" timestamp="2016-08-23T22:46:42Z" user="pablopareja" uid="211657" lat="-34.4668872" lon="-58.5026040">
  <tag k="addr:housenumber" v="151"/>
  <tag k="addr:street" v="Gaboto"/>
 </node>
 <node id="4363694263" visible="true" version="1" changeset="41649814" timestamp="2016-08-23T22:46:42Z" user="pablopareja" uid="211657" lat="-34.4669803" lon="-58.5027641">
  <tag k="addr:housenumber" v="152"/>
  <tag k="addr:street" v="Gaboto"/>
 </node>
 <node id="4363694264" visible="true" version="1" changeset="41649814" timestamp="2016-08-23T22:46:42Z" user="pablopareja" uid="211657" lat="-34.4666291" lon="-58.5029389">
  <tag k="addr:housenumber" v="199"/>
  <tag k="addr:street" v="Gaboto"/>
 </node>
 <node id="4363694266" visible="true" version="1" changeset="41649814" timestamp="2016-08-23T22:46:42Z" user="pablopareja" uid="211657" lat="-34.4680773" lon="-58.5012585">
  <tag k="addr:housenumber" v="2"/>
  <tag k="addr:street" v="Gaboto"/>
 </node>
 <node id="4363694267" visible="true" version="1" changeset="41649814" timestamp="2016-08-23T22:46:42Z" user="pablopareja" uid="211657" lat="-34.4687949" lon="-58.5023120">
  <tag k="addr:housenumber" v="2"/>
  <tag k="addr:street" v="Pedro de Mendoza"/>
 </node>
 <node id="4363694268" visible="true" version="1" changeset="41649814" timestamp="2016-08-23T22:46:42Z" user="pablopareja" uid="211657" lat="-34.4667222" lon="-58.5031391">
  <tag k="addr:housenumber" v="200"/>
  <tag k="addr:street" v="Gaboto"/>
 </node>
 <node id="4363694270" visible="true" version="1" changeset="41649814" timestamp="2016-08-23T22:46:42Z" user="pablopareja" uid="211657" lat="-34.4663909" lon="-58.5040136">
  <tag k="addr:housenumber" v="201"/>
  <tag k="addr:street" v="Gaboto"/>
 </node>
 <node id="4363694271" visible="true" version="1" changeset="41649814" timestamp="2016-08-23T22:46:42Z" user="pablopareja" uid="211657" lat="-34.4664809" lon="-58.5041519">
  <tag k="addr:housenumber" v="202"/>
  <tag k="addr:street" v="Gaboto"/>
 </node>
 <node id="4363694274" visible="true" version="1" changeset="41649814" timestamp="2016-08-23T22:46:42Z" user="pablopareja" uid="211657" lat="-34.4677651" lon="-58.5016953">
  <tag k="addr:housenumber" v="50"/>
  <tag k="addr:street" v="Gaboto"/>
 </node>
 <node id="4363694275" visible="true" version="1" changeset="41649814" timestamp="2016-08-23T22:46:42Z" user="pablopareja" uid="211657" lat="-34.4682968" lon="-58.5029042">
  <tag k="addr:housenumber" v="51"/>
  <tag k="addr:street" v="Pedro de Mendoza"/>
 </node>
 <node id="4363694276" visible="true" version="1" changeset="41649814" timestamp="2016-08-23T22:46:42Z" user="pablopareja" uid="211657" lat="-34.4676811" lon="-58.5018591">
  <tag k="addr:housenumber" v="52"/>
  <tag k="addr:street" v="Gaboto"/>
 </node>
 <node id="4363694278" visible="true" version="1" changeset="41649814" timestamp="2016-08-23T22:46:42Z" user="pablopareja" uid="211657" lat="-34.4667213" lon="-58.5054948">
  <tag k="addr:housenumber" v="902"/>
  <tag k="addr:street" v="Belgrano"/>
 </node>
 <node id="4363694279" visible="true" version="1" changeset="41649814" timestamp="2016-08-23T22:46:42Z" user="pablopareja" uid="211657" lat="-34.4673560" lon="-58.5019599">
  <tag k="addr:housenumber" v="99"/>
  <tag k="addr:street" v="Gaboto"/>
 </node>
 <node id="4363694280" visible="true" version="1" changeset="41649814" timestamp="2016-08-23T22:46:42Z" user="pablopareja" uid="211657" lat="-34.4681025" lon="-58.5032252">
  <tag k="addr:housenumber" v="99"/>
  <tag k="addr:street" v="Pedro de Mendoza"/>
 </node>
 <node id="4363694282" visible="true" version="1" changeset="41649814" timestamp="2016-08-23T22:46:43Z" user="pablopareja" uid="211657" lat="-34.4594114" lon="-58.5027157"/>
 <node id="4363694283" visible="true" version="1" changeset="41649814" timestamp="2016-08-23T22:46:43Z" user="pablopareja" uid="211657" lat="-34.4594486" lon="-58.5028594"/>
 <node id="4363694284" visible="true" version="1" changeset="41649814" timestamp="2016-08-23T22:46:43Z" user="pablopareja" uid="211657" lat="-34.4594858" lon="-58.5030032"/>
 <node id="4363694285" visible="true" version="1" changeset="41649814" timestamp="2016-08-23T22:46:43Z" user="pablopareja" uid="211657" lat="-34.4595247" lon="-58.5031532"/>
 <node id="4363694286" visible="true" version="1" changeset="41649814" timestamp="2016-08-23T22:46:43Z" user="pablopareja" uid="211657" lat="-34.4596971" lon="-58.5026068"/>
 <node id="4363694287" visible="true" version="2" changeset="186536604" timestamp="2026-07-28T18:29:06Z" user="Fabri Limon" uid="16939085" lat="-34.4597484" lon="-58.5027776"/>
 <node id="4363694288" visible="true" version="2" changeset="186536604" timestamp="2026-07-28T18:29:06Z" user="Fabri Limon" uid="16939085" lat="-34.4597783" lon="-58.5028916"/>
 <node id="4363694489" visible="true" version="2" changeset="186536604" timestamp="2026-07-28T18:29:06Z" user="Fabri Limon" uid="16939085" lat="-34.4598298" lon="-58.5030554"/>
 <node id="4363694490" visible="true" version="2" changeset="161642439" timestamp="2025-01-22T15:21:32Z" user="RideauCanal" uid="20109092" lat="-34.4604535" lon="-58.5020733"/>
 <node id="4363694491" visible="true" version="2" changeset="161642439" timestamp="2025-01-22T15:21:32Z" user="RideauCanal" uid="20109092" lat="-34.4604609" lon="-58.5022290"/>
 <node id="4363694492" visible="true" version="1" changeset="41649814" timestamp="2016-08-23T22:46:43Z" user="pablopareja" uid="211657" lat="-34.4604500" lon="-58.5030414"/>
 <node id="4363694493" visible="true" version="1" changeset="41649814" timestamp="2016-08-23T22:46:43Z" user="pablopareja" uid="211657" lat="-34.4604553" lon="-58.5032696"/>
 <node id="4363694494" visible="true" version="2" changeset="161642439" timestamp="2025-01-22T15:21:32Z" user="RideauCanal" uid="20109092" lat="-34.4604783" lon="-58.5025328"/>
 <node id="4363694495" visible="true" version="1" changeset="41649814" timestamp="2016-08-23T22:46:43Z" user="pablopareja" uid="211657" lat="-34.4604924" lon="-58.5026397"/>
 <node id="4363694496" visible="true" version="1" changeset="41649814" timestamp="2016-08-23T22:46:43Z" user="pablopareja" uid="211657" lat="-34.4605848" lon="-58.5031072"/>
 <node id="4363694497" visible="true" version="2" changeset="161642439" timestamp="2025-01-22T15:21:32Z" user="RideauCanal" uid="20109092" lat="-34.4606469" lon="-58.5039441"/>
 <node id="4363694498" visible="true" version="1" changeset="41649814" timestamp="2016-08-23T22:46:43Z" user="pablopareja" uid="211657" lat="-34.4606806" lon="-58.5031695"/>
 <node id="4363694499" visible="true" version="1" changeset="41649814" timestamp="2016-08-23T22:46:43Z" user="pablopareja" uid="211657" lat="-34.4606898" lon="-58.5028699"/>
 <node id="4363694500" visible="true" version="2" changeset="161642439" timestamp="2025-01-22T15:21:32Z" user="RideauCanal" uid="20109092" lat="-34.4607210" lon="-58.5041589"/>
 <node id="4363694501" visible="true" version="1" changeset="41649814" timestamp="2016-08-23T22:46:43Z" user="pablopareja" uid="211657" lat="-34.4607856" lon="-58.5029322"/>
 <node id="4363694502" visible="true" version="1" changeset="41649814" timestamp="2016-08-23T22:46:43Z" user="pablopareja" uid="211657" lat="-34.4608496" lon="-58.5028903"/>
 <node id="4363694503" visible="true" version="1" changeset="41649814" timestamp="2016-08-23T22:46:43Z" user="pablopareja" uid="211657" lat="-34.4608728" lon="-58.5027974"/>
 <node id="4363694504" visible="true" version="1" changeset="41649814" timestamp="2016-08-23T22:46:43Z" user="pablopareja" uid="211657" lat="-34.4608875" lon="-58.5028804"/>
 <node id="4363694505" visible="true" version="1" changeset="41649814" timestamp="2016-08-23T22:46:43Z" user="pablopareja" uid="211657" lat="-34.4608913" lon="-58.5031252"/>
 <node id="4363694508" visible="true" version="1" changeset="41649814" timestamp="2016-08-23T22:46:43Z" user="pablopareja" uid="211657" lat="-34.4609289" lon="-58.5031154"/>
 <node id="4363694510" visible="true" version="1" changeset="41649814" timestamp="2016-08-23T22:46:43Z" user="pablopareja" uid="211657" lat="-34.4609348" lon="-58.5031488"/>
 <node id="4363694516" visible="true" version="1" changeset="41649814" timestamp="2016-08-23T22:46:43Z" user="pablopareja" uid="211657" lat="-34.4610571" lon="-58.5031169"/>
 <node id="4363694517" visible="true" version="1" changeset="41649814" timestamp="2016-08-23T22:46:43Z" user="pablopareja" uid="211657" lat="-34.4610630" lon="-58.5031500"/>
 <node id="4363694520" visible="true" version="1" changeset="41649814" timestamp="2016-08-23T22:46:43Z" user="pablopareja" uid="211657" lat="-34.4611651" lon="-58.5030913"/>
 <node id="4363694521" visible="true" version="1" changeset="41649814" timestamp="2016-08-23T22:46:43Z" user="pablopareja" uid="211657" lat="-34.4611706" lon="-58.5031219"/>
 <node id="4363694522" visible="true" version="1" changeset="41649814" timestamp="2016-08-23T22:46:43Z" user="pablopareja" uid="211657" lat="-34.4612262" lon="-58.5027052"/>
 <node id="4363694523" visible="true" version="1" changeset="41649814" timestamp="2016-08-23T22:46:43Z" user="pablopareja" uid="211657" lat="-34.4612446" lon="-58.5028089"/>
 <node id="4363694526" visible="true" version="1" changeset="41649814" timestamp="2016-08-23T22:46:43Z" user="pablopareja" uid="211657" lat="-34.4612819" lon="-58.5030305"/>
 <node id="4363694527" visible="true" version="1" changeset="41649814" timestamp="2016-08-23T22:46:43Z" user="pablopareja" uid="211657" lat="-34.4612871" lon="-58.5030595"/>
 <node id="4363694528" visible="true" version="1" changeset="41649814" timestamp="2016-08-23T22:46:43Z" user="pablopareja" uid="211657" lat="-34.4612971" lon="-58.5027952"/>
 <node id="4363694529" visible="true" version="1" changeset="41649814" timestamp="2016-08-23T22:46:43Z" user="pablopareja" uid="211657" lat="-34.4613113" lon="-58.5026955"/>
 <node id="4363694530" visible="true" version="1" changeset="41649814" timestamp="2016-08-23T22:46:43Z" user="pablopareja" uid="211657" lat="-34.4613363" lon="-58.5030164"/>
 <node id="4363694531" visible="true" version="1" changeset="41649814" timestamp="2016-08-23T22:46:43Z" user="pablopareja" uid="211657" lat="-34.4613382" lon="-58.5028663"/>
 <node id="4363694532" visible="true" version="1" changeset="41649814" timestamp="2016-08-23T22:46:43Z" user="pablopareja" uid="211657" lat="-34.4613660" lon="-58.5030427"/>
 <node id="4363694534" visible="true" version="1" changeset="41649814" timestamp="2016-08-23T22:46:43Z" user="pablopareja" uid="211657" lat="-34.4613941" lon="-58.5032210"/>
 <node id="4363694536" visible="true" version="2" changeset="63809445" timestamp="2018-10-23T19:59:58Z" user="Nickopotomus" uid="8392696" lat="-34.4615981" lon="-58.5032431"/>
 <node id="4363694537" visible="true" version="1" changeset="41649814" timestamp="2016-08-23T22:46:43Z" user="pablopareja" uid="211657" lat="-34.4616451" lon="-58.5026182"/>
 <node id="4363694538" visible="true" version="2" changeset="63809445" timestamp="2018-10-23T19:59:58Z" user="Nickopotomus" uid="8392696" lat="-34.4616307" lon="-58.5034490"/>
 <node id="4363694539" visible="true" version="1" changeset="41649814" timestamp="2016-08-23T22:46:43Z" user="pablopareja" uid="211657" lat="-34.4616720" lon="-58.5027890"/>
 <node id="4363694540" visible="true" version="2" changeset="63809445" timestamp="2018-10-23T19:59:58Z" user="Nickopotomus" uid="8392696" lat="-34.4616585" lon="-58.5036251"/>
 <node id="4363694541" visible="true" version="1" changeset="41649814" timestamp="2016-08-23T22:46:43Z" user="pablopareja" uid="211657" lat="-34.4616998" lon="-58.5029654"/>
 <node id="4363694542" visible="true" version="1" changeset="41649814" timestamp="2016-08-23T22:46:43Z" user="pablopareja" uid="211657" lat="-34.4617279" lon="-58.5031437"/>
 <node id="4363694543" visible="true" version="1" changeset="41649814" timestamp="2016-08-23T22:46:43Z" user="pablopareja" uid="211657" lat="-34.4617825" lon="-58.5016988"/>
 <node id="4363694544" visible="true" version="1" changeset="41649814" timestamp="2016-08-23T22:46:43Z" user="pablopareja" uid="211657" lat="-34.4618127" lon="-58.5018598"/>
 <node id="4363694545" visible="true" version="1" changeset="41649814" timestamp="2016-08-23T22:46:43Z" user="pablopareja" uid="211657" lat="-34.4618130" lon="-58.5018708"/>
 <node id="4363694546" visible="true" version="1" changeset="41649814" timestamp="2016-08-23T22:46:43Z" user="pablopareja" uid="211657" lat="-34.4618432" lon="-58.5020317"/>
 <node id="4363694547" visible="true" version="1" changeset="41649814" timestamp="2016-08-23T22:46:43Z" user="pablopareja" uid="211657" lat="-34.4618448" lon="-58.5020459"/>
 <node id="4363694548" visible="true" version="1" changeset="41649814" timestamp="2016-08-23T22:46:43Z" user="pablopareja" uid="211657" lat="-34.4618750" lon="-58.5022069"/>
 <node id="4363694549" visible="true" version="1" changeset="41649814" timestamp="2016-08-23T22:46:43Z" user="pablopareja" uid="211657" lat="-34.4618836" lon="-58.5022339"/>
 <node id="4363694550" visible="true" version="1" changeset="41649814" timestamp="2016-08-23T22:46:43Z" user="pablopareja" uid="211657" lat="-34.4619138" lon="-58.5023949"/>
 <node id="4363694551" visible="true" version="2" changeset="63809445" timestamp="2018-10-23T19:59:58Z" user="Nickopotomus" uid="8392696" lat="-34.4619315" lon="-58.5031656"/>
 <node id="4363694552" visible="true" version="2" changeset="63809445" timestamp="2018-10-23T19:59:58Z" user="Nickopotomus" uid="8392696" lat="-34.4619640" lon="-58.5033714"/>
 <node id="4363694553" visible="true" version="2" changeset="63809445" timestamp="2018-10-23T19:59:58Z" user="Nickopotomus" uid="8392696" lat="-34.4619919" lon="-58.5035476"/>
 <node id="4363694554" visible="true" version="1" changeset="41649814" timestamp="2016-08-23T22:46:43Z" user="pablopareja" uid="211657" lat="-34.4620546" lon="-58.5016237"/>
 <node id="4363694555" visible="true" version="1" changeset="41649814" timestamp="2016-08-23T22:46:43Z" user="pablopareja" uid="211657" lat="-34.4620556" lon="-58.5023769"/>
 <node id="4363694556" visible="true" version="1" changeset="41649814" timestamp="2016-08-23T22:46:43Z" user="pablopareja" uid="211657" lat="-34.4620848" lon="-58.5017847"/>
 <node id="4363694557" visible="true" version="1" changeset="41649814" timestamp="2016-08-23T22:46:43Z" user="pablopareja" uid="211657" lat="-34.4620851" lon="-58.5017957"/>
 <node id="4363694558" visible="true" version="1" changeset="41649814" timestamp="2016-08-23T22:46:43Z" user="pablopareja" uid="211657" lat="-34.4621153" lon="-58.5019566"/>
 <node id="4363694559" visible="true" version="1" changeset="41649814" timestamp="2016-08-23T22:46:43Z" user="pablopareja" uid="211657" lat="-34.4621169" lon="-58.5019708"/>
 <node id="4363694560" visible="true" version="1" changeset="41649814" timestamp="2016-08-23T22:46:43Z" user="pablopareja" uid="211657" lat="-34.4621208" lon="-58.5027353"/>
 <node id="4363694561" visible="true" version="2" changeset="43453255" timestamp="2016-11-06T22:25:12Z" user="pablopareja" uid="211657" lat="-34.4621323" lon="-58.5027585"/>
 <node id="4363694562" visible="true" version="1" changeset="41649814" timestamp="2016-08-23T22:46:43Z" user="pablopareja" uid="211657" lat="-34.4621471" lon="-58.5021318"/>
 <node id="4363694563" visible="true" version="1" changeset="41649814" timestamp="2016-08-23T22:46:43Z" user="pablopareja" uid="211657" lat="-34.4621556" lon="-58.5021589"/>
 <node id="4363694564" visible="true" version="1" changeset="41649814" timestamp="2016-08-23T22:46:43Z" user="pablopareja" uid="211657" lat="-34.4621858" lon="-58.5023198"/>
 <node id="4363694565" visible="true" version="1" changeset="41649814" timestamp="2016-08-23T22:46:43Z" user="pablopareja" uid="211657" lat="-34.4621970" lon="-58.5023391"/>
 <node id="4363694566" visible="true" version="2" changeset="43453255" timestamp="2016-11-06T22:25:12Z" user="pablopareja" uid="211657" lat="-34.4621975" lon="-58.5031169"/>
 <node id="4363694567" visible="true" version="2" changeset="43453255" timestamp="2016-11-06T22:25:12Z" user="pablopareja" uid="211657" lat="-34.4622007" lon="-58.5031335"/>
 <node id="4363694568" visible="true" version="1" changeset="41649814" timestamp="2016-08-23T22:46:44Z" user="pablopareja" uid="211657" lat="-34.4622622" lon="-58.5026975"/>
 <node id="4363694569" visible="true" version="2" changeset="43453255" timestamp="2016-11-06T22:25:12Z" user="pablopareja" uid="211657" lat="-34.4622658" lon="-58.5034919"/>
 <node id="4363694570" visible="true" version="2" changeset="43453255" timestamp="2016-11-06T22:25:12Z" user="pablopareja" uid="211657" lat="-34.4622736" lon="-58.5027207"/>
 <node id="4363694571" visible="true" version="2" changeset="43453255" timestamp="2016-11-06T22:25:12Z" user="pablopareja" uid="211657" lat="-34.4623139" lon="-58.5027848"/>
 <node id="4363694572" visible="true" version="2" changeset="43453255" timestamp="2016-11-06T22:25:12Z" user="pablopareja" uid="211657" lat="-34.4623437" lon="-58.5029512"/>
 <node id="4363694573" visible="true" version="2" changeset="43453255" timestamp="2016-11-06T22:25:12Z" user="pablopareja" uid="211657" lat="-34.4623388" lon="-58.5030791"/>
 <node id="4363694574" visible="true" version="2" changeset="43453255" timestamp="2016-11-06T22:25:13Z" user="pablopareja" uid="211657" lat="-34.4623420" lon="-58.5030957"/>
 <node id="4363694575" visible="true" version="2" changeset="43453255" timestamp="2016-11-06T22:25:13Z" user="pablopareja" uid="211657" lat="-34.4623722" lon="-58.5031098"/>
 <node id="4363694576" visible="true" version="2" changeset="43453255" timestamp="2016-11-06T22:25:13Z" user="pablopareja" uid="211657" lat="-34.4623998" lon="-58.5032639"/>
 <node id="4363694577" visible="true" version="2" changeset="43453255" timestamp="2016-11-06T22:25:13Z" user="pablopareja" uid="211657" lat="-34.4624072" lon="-58.5034541"/>
 <node id="4363694578" visible="true" version="2" changeset="43453255" timestamp="2016-11-06T22:25:13Z" user="pablopareja" uid="211657" lat="-34.4624320" lon="-58.5034429"/>
 <node id="4363694579" visible="true" version="2" changeset="43453255" timestamp="2016-11-06T22:25:13Z" user="pablopareja" uid="211657" lat="-34.4625999" lon="-58.5027093"/>
 <node id="4363694580" visible="true" version="2" changeset="43453255" timestamp="2016-11-06T22:25:13Z" user="pablopareja" uid="211657" lat="-34.4626297" lon="-58.5028757"/>
 <node id="4363694581" visible="true" version="2" changeset="43453255" timestamp="2016-11-06T22:25:13Z" user="pablopareja" uid="211657" lat="-34.4626582" lon="-58.5030343"/>
 <node id="4363694582" visible="true" version="2" changeset="43453255" timestamp="2016-11-06T22:25:13Z" user="pablopareja" uid="211657" lat="-34.4626859" lon="-58.5031884"/>
 <node id="4363694583" visible="true" version="2" changeset="43453255" timestamp="2016-11-06T22:25:13Z" user="pablopareja" uid="211657" lat="-34.4627180" lon="-58.5033673"/>
 <node id="4363694584" visible="true" version="1" changeset="41649814" timestamp="2016-08-23T22:46:44Z" user="pablopareja" uid="211657" lat="-34.4627203" lon="-58.5027251"/>
 <node id="4363694585" visible="true" version="1" changeset="41649814" timestamp="2016-08-23T22:46:44Z" user="pablopareja" uid="211657" lat="-34.4627455" lon="-58.5028429"/>
 <node id="4363694586" visible="true" version="2" changeset="43453255" timestamp="2016-11-06T22:25:13Z" user="pablopareja" uid="211657" lat="-34.4628191" lon="-58.5019697"/>
 <node id="4363694587" visible="true" version="1" changeset="41649814" timestamp="2016-08-23T22:46:44Z" user="pablopareja" uid="211657" lat="-34.4629342" lon="-58.5026578"/>
 <node id="4363694588" visible="true" version="2" changeset="43453255" timestamp="2016-11-06T22:25:13Z" user="pablopareja" uid="211657" lat="-34.4629442" lon="-58.5018469"/>
 <node id="4363694589" visible="true" version="1" changeset="41649814" timestamp="2016-08-23T22:46:44Z" user="pablopareja" uid="211657" lat="-34.4629594" lon="-58.5027756"/>
 <node id="4363694590" visible="true" version="2" changeset="43453255" timestamp="2016-11-06T22:25:13Z" user="pablopareja" uid="211657" lat="-34.4630366" lon="-58.5022954"/>
 <node id="4363694591" visible="true" version="1" changeset="41649814" timestamp="2016-08-23T22:46:44Z" user="pablopareja" uid="211657" lat="-34.4630999" lon="-58.5029936"/>
 <node id="4363694592" visible="true" version="1" changeset="41649814" timestamp="2016-08-23T22:46:44Z" user="pablopareja" uid="211657" lat="-34.4631726" lon="-58.5033454"/>
 <node id="4363694593" visible="true" version="2" changeset="43453255" timestamp="2016-11-06T22:25:13Z" user="pablopareja" uid="211657" lat="-34.4631617" lon="-58.5021726"/>
 <node id="4363694594" visible="true" version="1" changeset="41649814" timestamp="2016-08-23T22:46:44Z" user="pablopareja" uid="211657" lat="-34.4632476" lon="-58.5029487"/>
 <node id="4363694595" visible="true" version="1" changeset="41649814" timestamp="2016-08-23T22:46:44Z" user="pablopareja" uid="211657" lat="-34.4633204" lon="-58.5033005"/>
 <node id="4363694596" visible="true" version="1" changeset="41649814" timestamp="2016-08-23T22:46:44Z" user="pablopareja" uid="211657" lat="-34.4633954" lon="-58.5029037"/>
 <node id="4363694597" visible="true" version="1" changeset="41649814" timestamp="2016-08-23T22:46:44Z" user="pablopareja" uid="211657" lat="-34.4634682" lon="-58.5032555"/>
 <node id="4365529882" visible="true" version="2" changeset="75865212" timestamp="2019-10-18T00:03:41Z" user="alpertron" uid="466854" lat="-34.4670468" lon="-58.4996168">
  <tag k="addr:housenumber" v="1"/>
  <tag k="addr:street" v="Camino de la Ribera"/>
 </node>
 <node id="4365529885" visible="true" version="1" changeset="41675830" timestamp="2016-08-24T23:04:12Z" user="pablopareja" uid="211657" lat="-34.4660641" lon="-58.5041895">
  <tag k="addr:housenumber" v="1001"/>
  <tag k="addr:street" v="Belgrano"/>
 </node>
 <node id="4365529888" visible="true" version="1" changeset="41675830" timestamp="2016-08-24T23:04:12Z" user="pablopareja" uid="211657" lat="-34.4659805" lon="-58.5043516">
  <tag k="addr:housenumber" v="1002"/>
  <tag k="addr:street" v="Belgrano"/>
 </node>
 <node id="4365534793" visible="true" version="1" changeset="41675830" timestamp="2016-08-24T23:04:12Z" user="pablopareja" uid="211657" lat="-34.4651854" lon="-58.5027104">
  <tag k="addr:housenumber" v="1099"/>
  <tag k="addr:street" v="Belgrano"/>
 </node>
 <node id="4365534796" visible="true" version="1" changeset="41675830" timestamp="2016-08-24T23:04:12Z" user="pablopareja" uid="211657" lat="-34.4651018" lon="-58.5028644">
  <tag k="addr:housenumber" v="1100"/>
  <tag k="addr:street" v="Belgrano"/>
 </node>
 <node id="4365534799" visible="true" version="2" changeset="75865212" timestamp="2019-10-18T00:03:41Z" user="alpertron" uid="466854" lat="-34.4671098" lon="-58.4998344">
  <tag k="addr:housenumber" v="2"/>
  <tag k="addr:street" v="Camino de la Ribera"/>
 </node>
 <node id="4365534800" visible="true" version="2" changeset="75865212" timestamp="2019-10-18T00:03:41Z" user="alpertron" uid="466854" lat="-34.4655195" lon="-58.5019375">
  <tag k="addr:housenumber" v="200"/>
  <tag k="addr:street" v="Camino de la Ribera"/>
 </node>
 <node id="4365534802" visible="true" version="2" changeset="75865212" timestamp="2019-10-18T00:03:41Z" user="alpertron" uid="466854" lat="-34.4654861" lon="-58.5020996">
  <tag k="addr:housenumber" v="202"/>
  <tag k="addr:street" v="Camino de la Ribera"/>
 </node>
 <node id="4365534804" visible="true" version="2" changeset="75865212" timestamp="2019-10-18T00:03:41Z" user="alpertron" uid="466854" lat="-34.4651954" lon="-58.5026609">
  <tag k="addr:housenumber" v="300"/>
  <tag k="addr:street" v="Camino de la Ribera"/>
 </node>
 <node id="4365534805" visible="true" version="1" changeset="41675830" timestamp="2016-08-24T23:04:13Z" user="pablopareja" uid="211657" lat="-34.4667054" lon="-58.5055591">
  <tag k="addr:housenumber" v="301"/>
  <tag k="addr:street" v="Pedro de Mendoza"/>
 </node>
 <node id="4365534806" visible="true" version="2" changeset="75865212" timestamp="2019-10-18T00:03:41Z" user="alpertron" uid="466854" lat="-34.4650601" lon="-58.5029101">
  <tag k="addr:housenumber" v="302"/>
  <tag k="addr:street" v="Camino de la Ribera"/>
 </node>
 <node id="4365534808" visible="true" version="2" changeset="75865212" timestamp="2019-10-18T00:03:41Z" user="alpertron" uid="466854" lat="-34.4646325" lon="-58.5037084">
  <tag k="addr:housenumber" v="400"/>
  <tag k="addr:street" v="Camino de la Ribera"/>
 </node>
 <node id="4365534818" visible="true" version="1" changeset="41675830" timestamp="2016-08-24T23:04:13Z" user="pablopareja" uid="211657" lat="-34.4660603" lon="-58.5069614">
  <tag k="addr:housenumber" v="500"/>
  <tag k="addr:street" v="Pedro de Mendoza"/>
 </node>
 <node id="4365534827" visible="true" version="1" changeset="41675830" timestamp="2016-08-24T23:04:13Z" user="pablopareja" uid="211657" lat="-34.4636808" lon="-58.5034029"/>
 <node id="4365534828" visible="true" version="1" changeset="41675830" timestamp="2016-08-24T23:04:13Z" user="pablopareja" uid="211657" lat="-34.4636875" lon="-58.5031349"/>
 <node id="4365534829" visible="true" version="1" changeset="41675830" timestamp="2016-08-24T23:04:13Z" user="pablopareja" uid="211657" lat="-34.4638103" lon="-58.5036192"/>
 <node id="4365534831" visible="true" version="1" changeset="41675830" timestamp="2016-08-24T23:04:13Z" user="pablopareja" uid="211657" lat="-34.4640116" lon="-58.5037095"/>
 <node id="4365534832" visible="true" version="1" changeset="41675830" timestamp="2016-08-24T23:04:13Z" user="pablopareja" uid="211657" lat="-34.4640458" lon="-58.5009764"/>
 <node id="4365534833" visible="true" version="1" changeset="41675830" timestamp="2016-08-24T23:04:13Z" user="pablopareja" uid="211657" lat="-34.4642167" lon="-58.5036163"/>
 <node id="4365534834" visible="true" version="1" changeset="41675830" timestamp="2016-08-24T23:04:13Z" user="pablopareja" uid="211657" lat="-34.4642521" lon="-58.5022438"/>
 <node id="4365534835" visible="true" version="1" changeset="41675830" timestamp="2016-08-24T23:04:13Z" user="pablopareja" uid="211657" lat="-34.4643861" lon="-58.5014508"/>
 <node id="4365534836" visible="true" version="1" changeset="41675830" timestamp="2016-08-24T23:04:13Z" user="pablopareja" uid="211657" lat="-34.4644336" lon="-58.5015729"/>
 <node id="4365534837" visible="true" version="1" changeset="41675830" timestamp="2016-08-24T23:04:13Z" user="pablopareja" uid="211657" lat="-34.4644510" lon="-58.5021736"/>
 <node id="4365534839" visible="true" version="1" changeset="41675830" timestamp="2016-08-24T23:04:13Z" user="pablopareja" uid="211657" lat="-34.4646541" lon="-58.5003346"/>
 <node id="4365534840" visible="true" version="1" changeset="41675830" timestamp="2016-08-24T23:04:14Z" user="pablopareja" uid="211657" lat="-34.4646661" lon="-58.5022561"/>
 <node id="4365534841" visible="true" version="1" changeset="41675830" timestamp="2016-08-24T23:04:14Z" user="pablopareja" uid="211657" lat="-34.4647594" lon="-58.5035342"/>
 <node id="4365534842" visible="true" version="1" changeset="41675830" timestamp="2016-08-24T23:04:14Z" user="pablopareja" uid="211657" lat="-34.4647672" lon="-58.5027367"/>
 <node id="4365534843" visible="true" version="1" changeset="41675830" timestamp="2016-08-24T23:04:14Z" user="pablopareja" uid="211657" lat="-34.4647699" lon="-58.5024917"/>
 <node id="4365534844" visible="true" version="1" changeset="41675830" timestamp="2016-08-24T23:04:14Z" user="pablopareja" uid="211657" lat="-34.4647862" lon="-58.5020743"/>
 <node id="4365534846" visible="true" version="1" changeset="41675830" timestamp="2016-08-24T23:04:14Z" user="pablopareja" uid="211657" lat="-34.4649943" lon="-58.5008090"/>
 <node id="4365534847" visible="true" version="1" changeset="41675830" timestamp="2016-08-24T23:04:14Z" user="pablopareja" uid="211657" lat="-34.4650478" lon="-58.5009375"/>
 <node id="4365534849" visible="true" version="1" changeset="41675830" timestamp="2016-08-24T23:04:14Z" user="pablopareja" uid="211657" lat="-34.4653976" lon="-58.5023630"/>
 <node id="4365534850" visible="true" version="1" changeset="41675830" timestamp="2016-08-24T23:04:14Z" user="pablopareja" uid="211657" lat="-34.4654004" lon="-58.5014390"/>
 <node id="4365534851" visible="true" version="1" changeset="41675830" timestamp="2016-08-24T23:04:14Z" user="pablopareja" uid="211657" lat="-34.4656269" lon="-58.5011911"/>
 <node id="4365534852" visible="true" version="1" changeset="41675830" timestamp="2016-08-24T23:04:14Z" user="pablopareja" uid="211657" lat="-34.4657818" lon="-58.5012689"/>
 <node id="4365534853" visible="true" version="1" changeset="41675830" timestamp="2016-08-24T23:04:14Z" user="pablopareja" uid="211657" lat="-34.4659025" lon="-58.5006177"/>
 <node id="4365534854" visible="true" version="1" changeset="41675830" timestamp="2016-08-24T23:04:14Z" user="pablopareja" uid="211657" lat="-34.4660240" lon="-58.5008049"/>
 <node id="4365534855" visible="true" version="1" changeset="41675830" timestamp="2016-08-24T23:04:14Z" user="pablopareja" uid="211657" lat="-34.4661130" lon="-58.5002915"/>
 <node id="4365534856" visible="true" version="1" changeset="41675830" timestamp="2016-08-24T23:04:14Z" user="pablopareja" uid="211657" lat="-34.4662028" lon="-58.5005354"/>
 <node id="4365534857" visible="true" version="1" changeset="41675830" timestamp="2016-08-24T23:04:14Z" user="pablopareja" uid="211657" lat="-34.4663970" lon="-58.5000160"/>
 <node id="4365534858" visible="true" version="1" changeset="41675830" timestamp="2016-08-24T23:04:14Z" user="pablopareja" uid="211657" lat="-34.4665435" lon="-58.5001970"/>
 <node id="4365534859" visible="true" version="1" changeset="41675830" timestamp="2016-08-24T23:04:14Z" user="pablopareja" uid="211657" lat="-34.4667344" lon="-58.4997850"/>
 <node id="4470373968" visible="true" version="1" changeset="43270922" timestamp="2016-10-29T18:27:49Z" user="pablopareja" uid="211657" lat="-34.4610649" lon="-58.5005398"/>
 <node id="4470373969" visible="true" version="1" changeset="43270922" timestamp="2016-10-29T18:27:50Z" user="pablopareja" uid="211657" lat="-34.4611852" lon="-58.5002875"/>
 <node id="4470373970" visible="true" version="1" changeset="43270922" timestamp="2016-10-29T18:27:50Z" user="pablopareja" uid="211657" lat="-34.4612415" lon="-58.5015114"/>
 <node id="4470373971" visible="true" version="1" changeset="43270922" timestamp="2016-10-29T18:27:50Z" user="pablopareja" uid="211657" lat="-34.4612471" lon="-58.5011661"/>
 <node id="4470373972" visible="true" version="1" changeset="43270922" timestamp="2016-10-29T18:27:50Z" user="pablopareja" uid="211657" lat="-34.4612924" lon="-58.5026540"/>
 <node id="4470373973" visible="true" version="1" changeset="43270922" timestamp="2016-10-29T18:27:50Z" user="pablopareja" uid="211657" lat="-34.4613808" lon="-58.5014846"/>
 <node id="4470373974" visible="true" version="1" changeset="43270922" timestamp="2016-10-29T18:27:50Z" user="pablopareja" uid="211657" lat="-34.4614007" lon="-58.5033407"/>
 <node id="4470373975" visible="true" version="1" changeset="43270922" timestamp="2016-10-29T18:27:50Z" user="pablopareja" uid="211657" lat="-34.4614472" lon="-58.5026165"/>
 <node id="4470373976" visible="true" version="1" changeset="43270922" timestamp="2016-10-29T18:27:50Z" user="pablopareja" uid="211657" lat="-34.4615423" lon="-58.5000281"/>
 <node id="4470373977" visible="true" version="1" changeset="43270922" timestamp="2016-10-29T18:27:50Z" user="pablopareja" uid="211657" lat="-34.4616512" lon="-58.4999275"/>
 <node id="4470373979" visible="true" version="1" changeset="43270922" timestamp="2016-10-29T18:27:50Z" user="pablopareja" uid="211657" lat="-34.4617772" lon="-58.4997907"/>
 <node id="4470373980" visible="true" version="1" changeset="43270922" timestamp="2016-10-29T18:27:50Z" user="pablopareja" uid="211657" lat="-34.4617795" lon="-58.5008261"/>
 <node id="4470373984" visible="true" version="1" changeset="43270922" timestamp="2016-10-29T18:27:50Z" user="pablopareja" uid="211657" lat="-34.4619320" lon="-58.4993857"/>
 <node id="4470373985" visible="true" version="2" changeset="43453255" timestamp="2016-11-06T22:25:13Z" user="pablopareja" uid="211657" lat="-34.4619862" lon="-58.5005592"/>
 <node id="4470373986" visible="true" version="2" changeset="43453255" timestamp="2016-11-06T22:25:13Z" user="pablopareja" uid="211657" lat="-34.4620515" lon="-58.5015114"/>
 <node id="4470374089" visible="true" version="1" changeset="43270922" timestamp="2016-10-29T18:27:50Z" user="pablopareja" uid="211657" lat="-34.4623942" lon="-58.5008502"/>
 <node id="4470374090" visible="true" version="1" changeset="43270922" timestamp="2016-10-29T18:27:50Z" user="pablopareja" uid="211657" lat="-34.4624407" lon="-58.5001528">
  <tag k="leisure" v="playground"/>
 </node>
 <node id="4470374091" visible="true" version="2" changeset="43453255" timestamp="2016-11-06T22:25:13Z" user="pablopareja" uid="211657" lat="-34.4626785" lon="-58.5029841"/>
 <node id="4470374092" visible="true" version="1" changeset="43270922" timestamp="2016-10-29T18:27:50Z" user="pablopareja" uid="211657" lat="-34.4627408" lon="-58.5007473"/>
 <node id="4470374093" visible="true" version="1" changeset="43270922" timestamp="2016-10-29T18:27:50Z" user="pablopareja" uid="211657" lat="-34.4627487" lon="-58.5007055"/>
 <node id="4470374094" visible="true" version="1" changeset="43270922" timestamp="2016-10-29T18:27:50Z" user="pablopareja" uid="211657" lat="-34.4627623" lon="-58.5007242"/>
 <node id="4470374095" visible="true" version="2" changeset="43453255" timestamp="2016-11-06T22:25:13Z" user="pablopareja" uid="211657" lat="-34.4627794" lon="-58.5034557"/>
 <node id="4470374096" visible="true" version="1" changeset="43270922" timestamp="2016-10-29T18:27:50Z" user="pablopareja" uid="211657" lat="-34.4627803" lon="-58.5008014"/>
 <node id="4470374097" visible="true" version="1" changeset="43270922" timestamp="2016-10-29T18:27:50Z" user="pablopareja" uid="211657" lat="-34.4628072" lon="-58.5007725"/>
 <node id="4470374098" visible="true" version="1" changeset="43270922" timestamp="2016-10-29T18:27:50Z" user="pablopareja" uid="211657" lat="-34.4628476" lon="-58.5013974"/>
 <node id="4470374099" visible="true" version="1" changeset="43270922" timestamp="2016-10-29T18:27:50Z" user="pablopareja" uid="211657" lat="-34.4628479" lon="-58.5008284"/>
 <node id="4470374100" visible="true" version="1" changeset="43270922" timestamp="2016-10-29T18:27:50Z" user="pablopareja" uid="211657" lat="-34.4629607" lon="-58.5007074"/>
 <node id="4470374101" visible="true" version="1" changeset="43270922" timestamp="2016-10-29T18:27:50Z" user="pablopareja" uid="211657" lat="-34.4629753" lon="-58.5004348"/>
 <node id="4470374102" visible="true" version="1" changeset="43270922" timestamp="2016-10-29T18:27:50Z" user="pablopareja" uid="211657" lat="-34.4629866" lon="-58.5004504"/>
 <node id="4470374104" visible="true" version="1" changeset="43270922" timestamp="2016-10-29T18:27:50Z" user="pablopareja" uid="211657" lat="-34.4629913" lon="-58.5007493"/>
 <node id="4470374105" visible="true" version="2" changeset="43453255" timestamp="2016-11-06T22:25:13Z" user="pablopareja" uid="211657" lat="-34.4630186" lon="-58.5028771"/>
 <node id="4470374106" visible="true" version="1" changeset="43270922" timestamp="2016-10-29T18:27:50Z" user="pablopareja" uid="211657" lat="-34.4630831" lon="-58.5003192"/>
 <node id="4470374107" visible="true" version="2" changeset="43453255" timestamp="2016-11-06T22:25:13Z" user="pablopareja" uid="211657" lat="-34.4631195" lon="-58.5033487"/>
 <node id="4470374108" visible="true" version="2" changeset="43453255" timestamp="2016-11-06T22:25:13Z" user="pablopareja" uid="211657" lat="-34.4627602" lon="-58.5014846"/>
 <node id="4470374109" visible="true" version="1" changeset="43270922" timestamp="2016-10-29T18:27:50Z" user="pablopareja" uid="211657" lat="-34.4632188" lon="-58.5005053"/>
 <node id="4470374110" visible="true" version="2" changeset="43453255" timestamp="2016-11-06T22:25:13Z" user="pablopareja" uid="211657" lat="-34.4632755" lon="-58.5022047"/>
 <node id="4470374112" visible="true" version="2" changeset="43453255" timestamp="2016-11-06T22:25:13Z" user="pablopareja" uid="211657" lat="-34.4635674" lon="-58.5036518"/>
 <node id="4486072604" visible="true" version="2" changeset="50379298" timestamp="2017-07-18T13:19:45Z" user="juanperez79" uid="6218510" lat="-34.4618674" lon="-58.5040246"/>
 <node id="4486072607" visible="true" version="1" changeset="43453255" timestamp="2016-11-06T22:25:07Z" user="pablopareja" uid="211657" lat="-34.4620723" lon="-58.5010303"/>
 <node id="4486072608" visible="true" version="1" changeset="43453255" timestamp="2016-11-06T22:25:07Z" user="pablopareja" uid="211657" lat="-34.4621656" lon="-58.5015780"/>
 <node id="4486072609" visible="true" version="1" changeset="43453255" timestamp="2016-11-06T22:25:07Z" user="pablopareja" uid="211657" lat="-34.4621874" lon="-58.5016878"/>
 <node id="4486072611" visible="true" version="1" changeset="43453255" timestamp="2016-11-06T22:25:07Z" user="pablopareja" uid="211657" lat="-34.4621987" lon="-58.5017487"/>
 <node id="4486072612" visible="true" version="1" changeset="43453255" timestamp="2016-11-06T22:25:07Z" user="pablopareja" uid="211657" lat="-34.4622012" lon="-58.5021095">
  <tag k="amenity" v="shelter"/>
  <tag k="shelter_type" v="picnic_shelter"/>
 </node>
 <node id="4486072613" visible="true" version="1" changeset="43453255" timestamp="2016-11-06T22:25:07Z" user="pablopareja" uid="211657" lat="-34.4622134" lon="-58.5021953">
  <tag k="amenity" v="shelter"/>
  <tag k="shelter_type" v="picnic_shelter"/>
 </node>
 <node id="4486072614" visible="true" version="1" changeset="43453255" timestamp="2016-11-06T22:25:07Z" user="pablopareja" uid="211657" lat="-34.4622206" lon="-58.5018584"/>
 <node id="4486072615" visible="true" version="1" changeset="43453255" timestamp="2016-11-06T22:25:07Z" user="pablopareja" uid="211657" lat="-34.4622289" lon="-58.5022946">
  <tag k="amenity" v="shelter"/>
  <tag k="shelter_type" v="picnic_shelter"/>
 </node>
 <node id="4486072616" visible="true" version="1" changeset="43453255" timestamp="2016-11-06T22:25:08Z" user="pablopareja" uid="211657" lat="-34.4622333" lon="-58.5009184"/>
 <node id="4486072617" visible="true" version="1" changeset="43453255" timestamp="2016-11-06T22:25:08Z" user="pablopareja" uid="211657" lat="-34.4622399" lon="-58.5013849"/>
 <node id="4486072618" visible="true" version="1" changeset="43453255" timestamp="2016-11-06T22:25:08Z" user="pablopareja" uid="211657" lat="-34.4622648" lon="-58.5020921"/>
 <node id="4486072619" visible="true" version="1" changeset="43453255" timestamp="2016-11-06T22:25:08Z" user="pablopareja" uid="211657" lat="-34.4623126" lon="-58.5023231"/>
 <node id="4486072620" visible="true" version="1" changeset="43453255" timestamp="2016-11-06T22:25:08Z" user="pablopareja" uid="211657" lat="-34.4623168" lon="-58.5024847"/>
 <node id="4486072621" visible="true" version="1" changeset="43453255" timestamp="2016-11-06T22:25:08Z" user="pablopareja" uid="211657" lat="-34.4623195" lon="-58.5025117"/>
 <node id="4486072622" visible="true" version="1" changeset="43453255" timestamp="2016-11-06T22:25:08Z" user="pablopareja" uid="211657" lat="-34.4623229" lon="-58.5024589"/>
 <node id="4486072623" visible="true" version="1" changeset="43453255" timestamp="2016-11-06T22:25:08Z" user="pablopareja" uid="211657" lat="-34.4623289" lon="-58.5015301"/>
 <node id="4486072624" visible="true" version="1" changeset="43453255" timestamp="2016-11-06T22:25:08Z" user="pablopareja" uid="211657" lat="-34.4623310" lon="-58.5025351"/>
 <node id="4486072625" visible="true" version="1" changeset="43453255" timestamp="2016-11-06T22:25:08Z" user="pablopareja" uid="211657" lat="-34.4623370" lon="-58.5024381"/>
 <node id="4486072626" visible="true" version="1" changeset="43453255" timestamp="2016-11-06T22:25:08Z" user="pablopareja" uid="211657" lat="-34.4623491" lon="-58.5025511"/>
 <node id="4486072627" visible="true" version="1" changeset="43453255" timestamp="2016-11-06T22:25:08Z" user="pablopareja" uid="211657" lat="-34.4623507" lon="-58.5016399"/>
 <node id="4486072628" visible="true" version="1" changeset="43453255" timestamp="2016-11-06T22:25:08Z" user="pablopareja" uid="211657" lat="-34.4623566" lon="-58.5024257"/>
 <node id="4486072629" visible="true" version="1" changeset="43453255" timestamp="2016-11-06T22:25:08Z" user="pablopareja" uid="211657" lat="-34.4623620" lon="-58.5017008"/>
 <node id="4486072630" visible="true" version="1" changeset="43453255" timestamp="2016-11-06T22:25:08Z" user="pablopareja" uid="211657" lat="-34.4623710" lon="-58.5025569"/>
 <node id="4486072631" visible="true" version="1" changeset="43453255" timestamp="2016-11-06T22:25:08Z" user="pablopareja" uid="211657" lat="-34.4623740" lon="-58.5020589"/>
 <node id="4486072632" visible="true" version="1" changeset="43453255" timestamp="2016-11-06T22:25:08Z" user="pablopareja" uid="211657" lat="-34.4623770" lon="-58.5024877">
  <tag k="amenity" v="shelter"/>
  <tag k="shelter_type" v="picnic_shelter"/>
 </node>
 <node id="4486072633" visible="true" version="1" changeset="43453255" timestamp="2016-11-06T22:25:08Z" user="pablopareja" uid="211657" lat="-34.4623787" lon="-58.5024237"/>
 <node id="4486072634" visible="true" version="1" changeset="43453255" timestamp="2016-11-06T22:25:08Z" user="pablopareja" uid="211657" lat="-34.4623839" lon="-58.5018105"/>
 <node id="4486072636" visible="true" version="1" changeset="43453255" timestamp="2016-11-06T22:25:08Z" user="pablopareja" uid="211657" lat="-34.4623931" lon="-58.5025517"/>
 <node id="4486072637" visible="true" version="1" changeset="43453255" timestamp="2016-11-06T22:25:08Z" user="pablopareja" uid="211657" lat="-34.4623942" lon="-58.5016452"/>
 <node id="4486072638" visible="true" version="1" changeset="43453255" timestamp="2016-11-06T22:25:08Z" user="pablopareja" uid="211657" lat="-34.4623997" lon="-58.5024324"/>
 <node id="4486072639" visible="true" version="1" changeset="43453255" timestamp="2016-11-06T22:25:08Z" user="pablopareja" uid="211657" lat="-34.4624009" lon="-58.5012730"/>
 <node id="4486072640" visible="true" version="1" changeset="43453255" timestamp="2016-11-06T22:25:08Z" user="pablopareja" uid="211657" lat="-34.4624100" lon="-58.5025383"/>
 <node id="4486072641" visible="true" version="1" changeset="43453255" timestamp="2016-11-06T22:25:08Z" user="pablopareja" uid="211657" lat="-34.4624150" lon="-58.5024485"/>
 <node id="4486072642" visible="true" version="1" changeset="43453255" timestamp="2016-11-06T22:25:08Z" user="pablopareja" uid="211657" lat="-34.4624151" lon="-58.5017767"/>
 <node id="4486072643" visible="true" version="1" changeset="43453255" timestamp="2016-11-06T22:25:08Z" user="pablopareja" uid="211657" lat="-34.4624217" lon="-58.5025183"/>
 <node id="4486072644" visible="true" version="1" changeset="43453255" timestamp="2016-11-06T22:25:08Z" user="pablopareja" uid="211657" lat="-34.4624218" lon="-58.5022898"/>
 <node id="4486072645" visible="true" version="1" changeset="43453255" timestamp="2016-11-06T22:25:08Z" user="pablopareja" uid="211657" lat="-34.4624244" lon="-58.5024702"/>
 <node id="4486072646" visible="true" version="1" changeset="43453255" timestamp="2016-11-06T22:25:08Z" user="pablopareja" uid="211657" lat="-34.4624246" lon="-58.5017085">
  <tag k="amenity" v="shelter"/>
  <tag k="shelter_type" v="picnic_shelter"/>
 </node>
 <node id="4486072647" visible="true" version="1" changeset="43453255" timestamp="2016-11-06T22:25:08Z" user="pablopareja" uid="211657" lat="-34.4624268" lon="-58.5024946"/>
 <node id="4486072648" visible="true" version="1" changeset="43453255" timestamp="2016-11-06T22:25:08Z" user="pablopareja" uid="211657" lat="-34.4624406" lon="-58.5016344"/>
 <node id="4486072649" visible="true" version="1" changeset="43453255" timestamp="2016-11-06T22:25:08Z" user="pablopareja" uid="211657" lat="-34.4624423" lon="-58.5034554"/>
 <node id="4486072650" visible="true" version="1" changeset="43453255" timestamp="2016-11-06T22:25:08Z" user="pablopareja" uid="211657" lat="-34.4624505" lon="-58.5034953"/>
 <node id="4486072651" visible="true" version="1" changeset="43453255" timestamp="2016-11-06T22:25:08Z" user="pablopareja" uid="211657" lat="-34.4624615" lon="-58.5017658"/>
 <node id="4486072652" visible="true" version="1" changeset="43453255" timestamp="2016-11-06T22:25:08Z" user="pablopareja" uid="211657" lat="-34.4624621" lon="-58.5018595"/>
 <node id="4486072653" visible="true" version="1" changeset="43453255" timestamp="2016-11-06T22:25:08Z" user="pablopareja" uid="211657" lat="-34.4624834" lon="-58.5020005"/>
 <node id="4486072654" visible="true" version="1" changeset="43453255" timestamp="2016-11-06T22:25:08Z" user="pablopareja" uid="211657" lat="-34.4624850" lon="-58.5034425"/>
 <node id="4486072655" visible="true" version="1" changeset="43453255" timestamp="2016-11-06T22:25:08Z" user="pablopareja" uid="211657" lat="-34.4624932" lon="-58.5034823"/>
 <node id="4486072656" visible="true" version="1" changeset="43453255" timestamp="2016-11-06T22:25:08Z" user="pablopareja" uid="211657" lat="-34.4624953" lon="-58.5019311">
  <tag k="amenity" v="shelter"/>
  <tag k="shelter_type" v="picnic_shelter"/>
 </node>
 <node id="4486072657" visible="true" version="1" changeset="43453255" timestamp="2016-11-06T22:25:08Z" user="pablopareja" uid="211657" lat="-34.4625150" lon="-58.5018477"/>
 <node id="4486072658" visible="true" version="1" changeset="43453255" timestamp="2016-11-06T22:25:08Z" user="pablopareja" uid="211657" lat="-34.4625216" lon="-58.5034704"/>
 <node id="4486072659" visible="true" version="1" changeset="43453255" timestamp="2016-11-06T22:25:08Z" user="pablopareja" uid="211657" lat="-34.4625363" lon="-58.5019887"/>
 <node id="4486072661" visible="true" version="1" changeset="43453255" timestamp="2016-11-06T22:25:08Z" user="pablopareja" uid="211657" lat="-34.4625600" lon="-58.5015005"/>
 <node id="4486072662" visible="true" version="1" changeset="43453255" timestamp="2016-11-06T22:25:08Z" user="pablopareja" uid="211657" lat="-34.4625680" lon="-58.5037346"/>
 <node id="4486072663" visible="true" version="1" changeset="43453255" timestamp="2016-11-06T22:25:08Z" user="pablopareja" uid="211657" lat="-34.4626010" lon="-58.5014662"/>
 <node id="4486072664" visible="true" version="1" changeset="43453255" timestamp="2016-11-06T22:25:08Z" user="pablopareja" uid="211657" lat="-34.4626059" lon="-58.5015355">
  <tag k="amenity" v="shelter"/>
  <tag k="shelter_type" v="picnic_shelter"/>
 </node>
 <node id="4486072665" visible="true" version="1" changeset="43453255" timestamp="2016-11-06T22:25:08Z" user="pablopareja" uid="211657" lat="-34.4626268" lon="-58.5016183"/>
 <node id="4486072666" visible="true" version="1" changeset="43453255" timestamp="2016-11-06T22:25:08Z" user="pablopareja" uid="211657" lat="-34.4626679" lon="-58.5015840"/>
 <node id="4486072668" visible="true" version="1" changeset="43453255" timestamp="2016-11-06T22:25:08Z" user="pablopareja" uid="211657" lat="-34.4626813" lon="-58.5017432"/>
 <node id="4486072669" visible="true" version="1" changeset="43453255" timestamp="2016-11-06T22:25:08Z" user="pablopareja" uid="211657" lat="-34.4626977" lon="-58.5024207">
  <tag k="amenity" v="shelter"/>
  <tag k="shelter_type" v="picnic_shelter"/>
 </node>
 <node id="4486072670" visible="true" version="1" changeset="43453255" timestamp="2016-11-06T22:25:08Z" user="pablopareja" uid="211657" lat="-34.4626977" lon="-58.5025481">
  <tag k="amenity" v="shelter"/>
  <tag k="shelter_type" v="picnic_shelter"/>
 </node>
 <node id="4486072671" visible="true" version="2" changeset="50379298" timestamp="2017-07-18T13:19:45Z" user="juanperez79" uid="6218510" lat="-34.4624896" lon="-58.5038126"/>
 <node id="4486072672" visible="true" version="1" changeset="43453255" timestamp="2016-11-06T22:25:08Z" user="pablopareja" uid="211657" lat="-34.4627179" lon="-58.5016358"/>
 <node id="4486072673" visible="true" version="1" changeset="43453255" timestamp="2016-11-06T22:25:08Z" user="pablopareja" uid="211657" lat="-34.4627242" lon="-58.5016978">
  <tag k="amenity" v="shelter"/>
  <tag k="shelter_type" v="picnic_shelter"/>
 </node>
 <node id="4486072674" visible="true" version="1" changeset="43453255" timestamp="2016-11-06T22:25:08Z" user="pablopareja" uid="211657" lat="-34.4627305" lon="-58.5017678"/>
 <node id="4486072675" visible="true" version="1" changeset="43453255" timestamp="2016-11-06T22:25:08Z" user="pablopareja" uid="211657" lat="-34.4627394" lon="-58.5034168"/>
 <node id="4486072676" visible="true" version="1" changeset="43453255" timestamp="2016-11-06T22:25:08Z" user="pablopareja" uid="211657" lat="-34.4627571" lon="-58.5035080"/>
 <node id="4486072677" visible="true" version="1" changeset="43453255" timestamp="2016-11-06T22:25:08Z" user="pablopareja" uid="211657" lat="-34.4627671" lon="-58.5016605"/>
 <node id="4486072678" visible="true" version="1" changeset="43453255" timestamp="2016-11-06T22:25:08Z" user="pablopareja" uid="211657" lat="-34.4627707" lon="-58.5024837">
  <tag k="amenity" v="shelter"/>
  <tag k="shelter_type" v="picnic_shelter"/>
 </node>
 <node id="4486072679" visible="true" version="1" changeset="43453255" timestamp="2016-11-06T22:25:09Z" user="pablopareja" uid="211657" lat="-34.4628359" lon="-58.5025695">
  <tag k="amenity" v="shelter"/>
  <tag k="shelter_type" v="picnic_shelter"/>
 </node>
 <node id="4486072684" visible="true" version="1" changeset="43453255" timestamp="2016-11-06T22:25:09Z" user="pablopareja" uid="211657" lat="-34.4628846" lon="-58.5025092">
  <tag k="amenity" v="shelter"/>
  <tag k="shelter_type" v="picnic_shelter"/>
 </node>
 <node id="4486072685" visible="true" version="1" changeset="43453255" timestamp="2016-11-06T22:25:09Z" user="pablopareja" uid="211657" lat="-34.4628896" lon="-58.5029177"/>
 <node id="4486072686" visible="true" version="2" changeset="50379298" timestamp="2017-07-18T13:19:45Z" user="juanperez79" uid="6218510" lat="-34.4629427" lon="-58.5037872"/>
 <node id="4486072687" visible="true" version="1" changeset="43453255" timestamp="2016-11-06T22:25:09Z" user="pablopareja" uid="211657" lat="-34.4629296" lon="-58.5037279"/>
 <node id="4486072688" visible="true" version="1" changeset="43453255" timestamp="2016-11-06T22:25:09Z" user="pablopareja" uid="211657" lat="-34.4629409" lon="-58.5023938">
  <tag k="amenity" v="shelter"/>
  <tag k="shelter_type" v="picnic_shelter"/>
 </node>
 <node id="4486072689" visible="true" version="1" changeset="43453255" timestamp="2016-11-06T22:25:09Z" user="pablopareja" uid="211657" lat="-34.4629577" lon="-58.5018300"/>
 <node id="4486072690" visible="true" version="1" changeset="43453255" timestamp="2016-11-06T22:25:09Z" user="pablopareja" uid="211657" lat="-34.4629905" lon="-58.5033893"/>
 <node id="4486072691" visible="true" version="1" changeset="43453255" timestamp="2016-11-06T22:25:09Z" user="pablopareja" uid="211657" lat="-34.4630150" lon="-58.5023670">
  <tag k="amenity" v="shelter"/>
  <tag k="shelter_type" v="picnic_shelter"/>
 </node>
 <node id="4486072692" visible="true" version="1" changeset="43453255" timestamp="2016-11-06T22:25:09Z" user="pablopareja" uid="211657" lat="-34.4630189" lon="-58.5017671"/>
 <node id="4486072693" visible="true" version="1" changeset="43453255" timestamp="2016-11-06T22:25:09Z" user="pablopareja" uid="211657" lat="-34.4630316" lon="-58.5017484"/>
 <node id="4486072695" visible="true" version="1" changeset="43453255" timestamp="2016-11-06T22:25:09Z" user="pablopareja" uid="211657" lat="-34.4630427" lon="-58.5024716">
  <tag k="amenity" v="shelter"/>
  <tag k="shelter_type" v="picnic_shelter"/>
 </node>
 <node id="4486072698" visible="true" version="1" changeset="43453255" timestamp="2016-11-06T22:25:09Z" user="pablopareja" uid="211657" lat="-34.4630601" lon="-58.5019765"/>
 <node id="4486072699" visible="true" version="1" changeset="43453255" timestamp="2016-11-06T22:25:09Z" user="pablopareja" uid="211657" lat="-34.4630744" lon="-58.5019986"/>
 <node id="4486072701" visible="true" version="1" changeset="43453255" timestamp="2016-11-06T22:25:09Z" user="pablopareja" uid="211657" lat="-34.4630891" lon="-58.5023965">
  <tag k="amenity" v="shelter"/>
  <tag k="shelter_type" v="picnic_shelter"/>
 </node>
 <node id="4486072702" visible="true" version="1" changeset="43453255" timestamp="2016-11-06T22:25:09Z" user="pablopareja" uid="211657" lat="-34.4631123" lon="-58.5025333">
  <tag k="amenity" v="shelter"/>
  <tag k="shelter_type" v="picnic_shelter"/>
 </node>
 <node id="4486072703" visible="true" version="1" changeset="43453255" timestamp="2016-11-06T22:25:09Z" user="pablopareja" uid="211657" lat="-34.4631213" lon="-58.5019136"/>
 <node id="4486072704" visible="true" version="1" changeset="43453255" timestamp="2016-11-06T22:25:09Z" user="pablopareja" uid="211657" lat="-34.4631346" lon="-58.5019408"/>
 <node id="4486072705" visible="true" version="1" changeset="43453255" timestamp="2016-11-06T22:25:09Z" user="pablopareja" uid="211657" lat="-34.4631478" lon="-58.5022834"/>
 <node id="4486072707" visible="true" version="1" changeset="43453255" timestamp="2016-11-06T22:25:09Z" user="pablopareja" uid="211657" lat="-34.4631711" lon="-58.5028630"/>
 <node id="4486072708" visible="true" version="1" changeset="43453255" timestamp="2016-11-06T22:25:09Z" user="pablopareja" uid="211657" lat="-34.4631777" lon="-58.5021569"/>
 <node id="4486072709" visible="true" version="1" changeset="43453255" timestamp="2016-11-06T22:25:09Z" user="pablopareja" uid="211657" lat="-34.4631856" lon="-58.5029412"/>
 <node id="4486072711" visible="true" version="1" changeset="43453255" timestamp="2016-11-06T22:25:09Z" user="pablopareja" uid="211657" lat="-34.4632142" lon="-58.5021898"/>
 <node id="4486072712" visible="true" version="1" changeset="43453255" timestamp="2016-11-06T22:25:09Z" user="pablopareja" uid="211657" lat="-34.4632203" lon="-58.5026213"/>
 <node id="4486072713" visible="true" version="1" changeset="43453255" timestamp="2016-11-06T22:25:09Z" user="pablopareja" uid="211657" lat="-34.4632288" lon="-58.5022579"/>
 <node id="4486072714" visible="true" version="1" changeset="43453255" timestamp="2016-11-06T22:25:09Z" user="pablopareja" uid="211657" lat="-34.4632378" lon="-58.5020586"/>
 <node id="4486072715" visible="true" version="1" changeset="43453255" timestamp="2016-11-06T22:25:09Z" user="pablopareja" uid="211657" lat="-34.4632379" lon="-58.5020991"/>
 <node id="4486072716" visible="true" version="1" changeset="43453255" timestamp="2016-11-06T22:25:09Z" user="pablopareja" uid="211657" lat="-34.4632585" lon="-58.5021759"/>
 <node id="4486072717" visible="true" version="1" changeset="43453255" timestamp="2016-11-06T22:25:09Z" user="pablopareja" uid="211657" lat="-34.4632711" lon="-58.5027065"/>
 <node id="4486072718" visible="true" version="1" changeset="43453255" timestamp="2016-11-06T22:25:09Z" user="pablopareja" uid="211657" lat="-34.4632940" lon="-58.5028293"/>
 <node id="4486072719" visible="true" version="4" changeset="111794147" timestamp="2021-09-28T02:32:40Z" user="RCA7HEAD" uid="5489757" lat="-34.4633105" lon="-58.5028347">
  <tag k="access" v="yes"/>
  <tag k="amenity" v="toilets"/>
 </node>
 <node id="4486072720" visible="true" version="1" changeset="43453255" timestamp="2016-11-06T22:25:09Z" user="pablopareja" uid="211657" lat="-34.4633455" lon="-58.5025818"/>
 <node id="4486072721" visible="true" version="1" changeset="43453255" timestamp="2016-11-06T22:25:09Z" user="pablopareja" uid="211657" lat="-34.4633557" lon="-58.5026834"/>
 <node id="4486072722" visible="true" version="1" changeset="43453255" timestamp="2016-11-06T22:25:09Z" user="pablopareja" uid="211657" lat="-34.4633931" lon="-58.5028844"/>
 <node id="4486072723" visible="true" version="2" changeset="74061279" timestamp="2019-09-04T00:36:23Z" user="Admasawi" uid="8792857" lat="-34.4634285" lon="-58.5035059"/>
 <node id="4486072724" visible="true" version="1" changeset="43453255" timestamp="2016-11-06T22:25:09Z" user="pablopareja" uid="211657" lat="-34.4634626" lon="-58.5033229"/>
 <node id="4486072725" visible="true" version="1" changeset="43453255" timestamp="2016-11-06T22:25:09Z" user="pablopareja" uid="211657" lat="-34.4634968" lon="-58.5036112"/>
 <node id="4636714058" visible="true" version="1" changeset="45541914" timestamp="2017-01-27T04:37:40Z" user="JAAS" uid="3321532" lat="-34.4686587" lon="-58.5023489"/>
 <node id="4636714059" visible="true" version="1" changeset="45541914" timestamp="2017-01-27T04:37:40Z" user="JAAS" uid="3321532" lat="-34.4687345" lon="-58.5022531"/>
 <node id="4636714060" visible="true" version="1" changeset="45541914" timestamp="2017-01-27T04:37:40Z" user="JAAS" uid="3321532" lat="-34.4687370" lon="-58.5021931"/>
 <node id="4636714061" visible="true" version="1" changeset="45541914" timestamp="2017-01-27T04:37:40Z" user="JAAS" uid="3321532" lat="-34.4686800" lon="-58.5021004"/>
 <node id="4636714062" visible="true" version="1" changeset="45541914" timestamp="2017-01-27T04:37:40Z" user="JAAS" uid="3321532" lat="-34.4685672" lon="-58.5022136"/>
 <node id="4636714063" visible="true" version="3" changeset="109488744" timestamp="2021-08-11T02:19:50Z" user="EsLoQueHay" uid="11572928" lat="-34.4687113" lon="-58.5022166">
  <tag k="addr:city" v="San Isidro"/>
  <tag k="addr:housenumber" v="1004"/>
  <tag k="addr:postcode" v="B1642DBB"/>
  <tag k="addr:street" v="Roque Sáenz Peña"/>
  <tag k="amenity" v="restaurant"/>
  <tag k="delivery" v="yes"/>
  <tag k="internet_access" v="wlan"/>
  <tag k="name" v="Restaurant Parrilla"/>
  <tag k="phone" v="+54 11 4743-2243"/>
  <tag k="source" v="Reconocimiento terrestre por Kaart 2016"/>
  <tag k="takeaway" v="yes"/>
 </node>
 <node id="4942801565" visible="true" version="1" changeset="49927985" timestamp="2017-06-29T19:15:57Z" user="juanperez79" uid="6218510" lat="-34.4664023" lon="-58.5061009"/>
 <node id="4942801566" visible="true" version="1" changeset="49927985" timestamp="2017-06-29T19:15:57Z" user="juanperez79" uid="6218510" lat="-34.4656627" lon="-58.5049952"/>
 <node id="4942801567" visible="true" version="1" changeset="49927985" timestamp="2017-06-29T19:15:58Z" user="juanperez79" uid="6218510" lat="-34.4651873" lon="-58.5042656"/>
 <node id="4942801568" visible="true" version="1" changeset="49927985" timestamp="2017-06-29T19:15:58Z" user="juanperez79" uid="6218510" lat="-34.4647051" lon="-58.5036087"/>
 <node id="4977397572" visible="true" version="1" changeset="50379298" timestamp="2017-07-18T13:19:43Z" user="juanperez79" uid="6218510" lat="-34.4611568" lon="-58.5042602"/>
 <node id="4977397573" visible="true" version="1" changeset="50379298" timestamp="2017-07-18T13:19:43Z" user="juanperez79" uid="6218510" lat="-34.4602308" lon="-58.5045915"/>
 <node id="4977397574" visible="true" version="1" changeset="50379298" timestamp="2017-07-18T13:19:43Z" user="juanperez79" uid="6218510" lat="-34.4593353" lon="-58.5015061"/>
 <node id="4977397575" visible="true" version="1" changeset="50379298" timestamp="2017-07-18T13:19:43Z" user="juanperez79" uid="6218510" lat="-34.4591335" lon="-58.5012178"/>
 <node id="4977397576" visible="true" version="1" changeset="50379298" timestamp="2017-07-18T13:19:43Z" user="juanperez79" uid="6218510" lat="-34.4605219" lon="-58.5009052"/>
 <node id="4977397577" visible="true" version="1" changeset="50379298" timestamp="2017-07-18T13:19:43Z" user="juanperez79" uid="6218510" lat="-34.4604620" lon="-58.5009400"/>
 <node id="4977397578" visible="true" version="1" changeset="50379298" timestamp="2017-07-18T13:19:43Z" user="juanperez79" uid="6218510" lat="-34.4603796" lon="-58.5009469"/>
 <node id="4977397579" visible="true" version="1" changeset="50379298" timestamp="2017-07-18T13:19:43Z" user="juanperez79" uid="6218510" lat="-34.4602948" lon="-58.5009455"/>
 <node id="4977397580" visible="true" version="1" changeset="50379298" timestamp="2017-07-18T13:19:43Z" user="juanperez79" uid="6218510" lat="-34.4602201" lon="-58.5009426"/>
 <node id="4977397581" visible="true" version="1" changeset="50379298" timestamp="2017-07-18T13:19:43Z" user="juanperez79" uid="6218510" lat="-34.4601454" lon="-58.5009670"/>
 <node id="4977397582" visible="true" version="1" changeset="50379298" timestamp="2017-07-18T13:19:43Z" user="juanperez79" uid="6218510" lat="-34.4595055" lon="-58.5012694"/>
 <node id="4977397583" visible="true" version="1" changeset="50379298" timestamp="2017-07-18T13:19:44Z" user="juanperez79" uid="6218510" lat="-34.4595663" lon="-58.5012731"/>
 <node id="4977397584" visible="true" version="1" changeset="50379298" timestamp="2017-07-18T13:19:44Z" user="juanperez79" uid="6218510" lat="-34.4596338" lon="-58.5012544"/>
 <node id="4977397585" visible="true" version="1" changeset="50379298" timestamp="2017-07-18T13:19:44Z" user="juanperez79" uid="6218510" lat="-34.4597387" lon="-58.5012257"/>
 <node id="4977397586" visible="true" version="2" changeset="172457308" timestamp="2025-09-25T20:17:30Z" user="muralito" uid="755114" lat="-34.4598880" lon="-58.5009871"/>
 <node id="4977397587" visible="true" version="1" changeset="50379298" timestamp="2017-07-18T13:19:44Z" user="juanperez79" uid="6218510" lat="-34.4599169" lon="-58.5011222"/>
 <node id="4977397588" visible="true" version="1" changeset="50379298" timestamp="2017-07-18T13:19:44Z" user="juanperez79" uid="6218510" lat="-34.4598157" lon="-58.5011843"/>
 <node id="4977397589" visible="true" version="1" changeset="50379298" timestamp="2017-07-18T13:19:44Z" user="juanperez79" uid="6218510" lat="-34.4634122" lon="-58.5021781"/>
 <node id="5016887999" visible="true" version="1" changeset="50869369" timestamp="2017-08-05T19:22:54Z" user="juanperez79" uid="6218510" lat="-34.4656295" lon="-58.5021007"/>
 <node id="5016888000" visible="true" version="1" changeset="50869369" timestamp="2017-08-05T19:22:54Z" user="juanperez79" uid="6218510" lat="-34.4672209" lon="-58.5047358"/>
 <node id="5016888001" visible="true" version="1" changeset="50869369" timestamp="2017-08-05T19:22:54Z" user="juanperez79" uid="6218510" lat="-34.4670514" lon="-58.5050298"/>
 <node id="5018197829" visible="true" version="2" changeset="77640286" timestamp="2019-11-27T14:57:46Z" user="Hernan" uid="72347" lat="-34.4687670" lon="-58.4965927"/>
 <node id="5018197830" visible="true" version="2" changeset="161723148" timestamp="2025-01-24T18:04:16Z" user="RideauCanal" uid="20109092" lat="-34.4685935" lon="-58.4962761"/>
 <node id="5018197831" visible="true" version="2" changeset="161723148" timestamp="2025-01-24T18:04:16Z" user="RideauCanal" uid="20109092" lat="-34.4683488" lon="-58.4959661"/>
 <node id="5018197833" visible="true" version="2" changeset="77640286" timestamp="2019-11-27T14:57:46Z" user="Hernan" uid="72347" lat="-34.4688329" lon="-58.4964910"/>
 <node id="5018197834" visible="true" version="2" changeset="77640286" timestamp="2019-11-27T14:57:46Z" user="Hernan" uid="72347" lat="-34.4687381" lon="-58.4965305"/>
 <node id="5018197835" visible="true" version="1" changeset="50887282" timestamp="2017-08-06T14:57:37Z" user="juanperez79" uid="6218510" lat="-34.4672629" lon="-58.4944619"/>
 <node id="5018197836" visible="true" version="2" changeset="161723148" timestamp="2025-01-24T18:04:16Z" user="RideauCanal" uid="20109092" lat="-34.4672353" lon="-58.4945469"/>
 <node id="5018197837" visible="true" version="1" changeset="50887282" timestamp="2017-08-06T14:57:37Z" user="juanperez79" uid="6218510" lat="-34.4672156" lon="-58.4945217"/>
 <node id="5018197838" visible="true" version="2" changeset="161723148" timestamp="2025-01-24T18:04:16Z" user="RideauCanal" uid="20109092" lat="-34.4675035" lon="-58.4948535"/>
 <node id="5018197839" visible="true" version="2" changeset="161723148" timestamp="2025-01-24T18:04:16Z" user="RideauCanal" uid="20109092" lat="-34.4676914" lon="-58.4950672"/>
 <node id="5018197840" visible="true" version="2" changeset="161723148" timestamp="2025-01-24T18:04:16Z" user="RideauCanal" uid="20109092" lat="-34.4678502" lon="-58.4952863"/>
 <node id="5018197841" visible="true" version="2" changeset="161723148" timestamp="2025-01-24T18:04:16Z" user="RideauCanal" uid="20109092" lat="-34.4681728" lon="-58.4957250"/>
 <node id="5018197842" visible="true" version="2" changeset="161723148" timestamp="2025-01-24T18:04:16Z" user="RideauCanal" uid="20109092" lat="-34.4680126" lon="-58.4955002"/>
 <node id="5018197843" visible="true" version="1" changeset="50887282" timestamp="2017-08-06T14:57:38Z" user="juanperez79" uid="6218510" lat="-34.4683941" lon="-58.4983308"/>
 <node id="5018197844" visible="true" version="1" changeset="50887282" timestamp="2017-08-06T14:57:38Z" user="juanperez79" uid="6218510" lat="-34.4682270" lon="-58.4981553"/>
 <node id="5018197845" visible="true" version="2" changeset="161638253" timestamp="2025-01-22T13:26:46Z" user="RideauCanal" uid="20109092" lat="-34.4681386" lon="-58.4980507"/>
 <node id="5018197846" visible="true" version="2" changeset="161638253" timestamp="2025-01-22T13:26:46Z" user="RideauCanal" uid="20109092" lat="-34.4680789" lon="-58.4979622"/>
 <node id="5018197847" visible="true" version="1" changeset="50887282" timestamp="2017-08-06T14:57:38Z" user="juanperez79" uid="6218510" lat="-34.4680435" lon="-58.4978924"/>
 <node id="5018197848" visible="true" version="1" changeset="50887282" timestamp="2017-08-06T14:57:38Z" user="juanperez79" uid="6218510" lat="-34.4679771" lon="-58.4977825"/>
 <node id="5018197849" visible="true" version="1" changeset="50887282" timestamp="2017-08-06T14:57:38Z" user="juanperez79" uid="6218510" lat="-34.4676366" lon="-58.4973211"/>
 <node id="5018197850" visible="true" version="2" changeset="161723148" timestamp="2025-01-24T18:04:16Z" user="RideauCanal" uid="20109092" lat="-34.4674774" lon="-58.4971361"/>
 <node id="5018197857" visible="true" version="1" changeset="50887282" timestamp="2017-08-06T14:57:38Z" user="juanperez79" uid="6218510" lat="-34.4646059" lon="-58.4996209"/>
 <node id="5018197858" visible="true" version="1" changeset="50887282" timestamp="2017-08-06T14:57:38Z" user="juanperez79" uid="6218510" lat="-34.4656427" lon="-58.5012868"/>
 <node id="5018197859" visible="true" version="1" changeset="50887282" timestamp="2017-08-06T14:57:38Z" user="juanperez79" uid="6218510" lat="-34.4663031" lon="-58.4985093"/>
 <node id="5018197860" visible="true" version="1" changeset="50887282" timestamp="2017-08-06T14:57:38Z" user="juanperez79" uid="6218510" lat="-34.4674507" lon="-58.4970289"/>
 <node id="5018197861" visible="true" version="1" changeset="50887282" timestamp="2017-08-06T14:57:38Z" user="juanperez79" uid="6218510" lat="-34.4673115" lon="-58.4993998"/>
 <node id="5018197862" visible="true" version="1" changeset="50887282" timestamp="2017-08-06T14:57:38Z" user="juanperez79" uid="6218510" lat="-34.4672784" lon="-58.4994186"/>
 <node id="5018197863" visible="true" version="1" changeset="50887282" timestamp="2017-08-06T14:57:38Z" user="juanperez79" uid="6218510" lat="-34.4672297" lon="-58.4994025"/>
 <node id="5018197864" visible="true" version="1" changeset="50887282" timestamp="2017-08-06T14:57:38Z" user="juanperez79" uid="6218510" lat="-34.4671987" lon="-58.4993864"/>
 <node id="5018197865" visible="true" version="1" changeset="50887282" timestamp="2017-08-06T14:57:38Z" user="juanperez79" uid="6218510" lat="-34.4672253" lon="-58.4993221"/>
 <node id="5018197866" visible="true" version="1" changeset="50887282" timestamp="2017-08-06T14:57:38Z" user="juanperez79" uid="6218510" lat="-34.4671987" lon="-58.4992040"/>
 <node id="5018197867" visible="true" version="1" changeset="50887282" timestamp="2017-08-06T14:57:38Z" user="juanperez79" uid="6218510" lat="-34.4671103" lon="-58.4990941"/>
 <node id="5046992408" visible="true" version="2" changeset="146342612" timestamp="2024-01-17T00:00:09Z" user="AgusQui" uid="331218" lat="-34.4669872" lon="-58.5058791"/>
 <node id="5046992409" visible="true" version="2" changeset="146342612" timestamp="2024-01-17T00:00:09Z" user="AgusQui" uid="331218" lat="-34.4666199" lon="-58.5065258"/>
 <node id="5046992411" visible="true" version="1" changeset="51287614" timestamp="2017-08-20T22:31:46Z" user="juanperez79" uid="6218510" lat="-34.4670659" lon="-58.5074261"/>
 <node id="5046992412" visible="true" version="3" changeset="161723148" timestamp="2025-01-24T18:04:16Z" user="RideauCanal" uid="20109092" lat="-34.4662813" lon="-58.5075929"/>
 <node id="5046992417" visible="true" version="3" changeset="177827134" timestamp="2026-01-29T01:38:41Z" user="Josuer" uid="3382594" lat="-34.4699854" lon="-58.5040459"/>
 <node id="5046992418" visible="true" version="1" changeset="51287614" timestamp="2017-08-20T22:31:46Z" user="juanperez79" uid="6218510" lat="-34.4708019" lon="-58.5029561"/>
 <node id="5046992419" visible="true" version="1" changeset="51287614" timestamp="2017-08-20T22:31:46Z" user="juanperez79" uid="6218510" lat="-34.4703146" lon="-58.5021794"/>
 <node id="5046992420" visible="true" version="2" changeset="146342612" timestamp="2024-01-17T00:00:09Z" user="AgusQui" uid="331218" lat="-34.4698891" lon="-58.5008158"/>
 <node id="5046992821" visible="true" version="1" changeset="51287614" timestamp="2017-08-20T22:31:46Z" user="juanperez79" uid="6218510" lat="-34.4690070" lon="-58.5024482"/>
 <node id="5046992822" visible="true" version="1" changeset="51287614" timestamp="2017-08-20T22:31:46Z" user="juanperez79" uid="6218510" lat="-34.4702498" lon="-58.5017996"/>
 <node id="5046992823" visible="true" version="1" changeset="51287614" timestamp="2017-08-20T22:31:46Z" user="juanperez79" uid="6218510" lat="-34.4700101" lon="-58.5014119"/>
 <node id="5046992824" visible="true" version="1" changeset="51287614" timestamp="2017-08-20T22:31:46Z" user="juanperez79" uid="6218510" lat="-34.4700641" lon="-58.5010453"/>
 <node id="5046992825" visible="true" version="2" changeset="146342612" timestamp="2024-01-17T00:00:09Z" user="AgusQui" uid="331218" lat="-34.4697614" lon="-58.5010977"/>
 <node id="5082752993" visible="true" version="1" changeset="51766629" timestamp="2017-09-06T01:13:41Z" user="juanperez79" uid="6218510" lat="-34.4692476" lon="-58.5029670"/>
 <node id="5082752994" visible="true" version="1" changeset="51766629" timestamp="2017-09-06T01:13:41Z" user="juanperez79" uid="6218510" lat="-34.4688095" lon="-58.5034260"/>
 <node id="5082752995" visible="true" version="1" changeset="51766629" timestamp="2017-09-06T01:13:41Z" user="juanperez79" uid="6218510" lat="-34.4691854" lon="-58.5039517"/>
 <node id="5082752996" visible="true" version="1" changeset="51766629" timestamp="2017-09-06T01:13:41Z" user="juanperez79" uid="6218510" lat="-34.4693977" lon="-58.5043272"/>
 <node id="5092297193" visible="true" version="2" changeset="106554019" timestamp="2021-06-17T22:03:44Z" user="serock" uid="1810448" lat="-34.4639456" lon="-58.4971149"/>
 <node id="5092297194" visible="true" version="2" changeset="106554019" timestamp="2021-06-17T22:03:44Z" user="serock" uid="1810448" lat="-34.4640013" lon="-58.4968279"/>
 <node id="5092297196" visible="true" version="3" changeset="161684558" timestamp="2025-01-23T18:12:22Z" user="RideauCanal" uid="20109092" lat="-34.4635453" lon="-58.4980097"/>
 <node id="5123249969" visible="true" version="1" changeset="52292858" timestamp="2017-09-23T00:59:53Z" user="AgusQui" uid="331218" lat="-34.4715778" lon="-58.4961274"/>
 <node id="5123249970" visible="true" version="1" changeset="52292858" timestamp="2017-09-23T00:59:53Z" user="AgusQui" uid="331218" lat="-34.4716176" lon="-58.4961368"/>
 <node id="5123250003" visible="true" version="2" changeset="161723148" timestamp="2025-01-24T18:04:16Z" user="RideauCanal" uid="20109092" lat="-34.4663248" lon="-58.5073350"/>
 <node id="5123250005" visible="true" version="1" changeset="52292858" timestamp="2017-09-23T00:59:54Z" user="AgusQui" uid="331218" lat="-34.4664640" lon="-58.5076871"/>
 <node id="5301427380" visible="true" version="2" changeset="174857994" timestamp="2025-11-19T12:50:41Z" user="pezapesta" uid="1972084" lat="-34.4676016" lon="-58.5005145">
  <tag k="addr:housenumber" v="1172"/>
  <tag k="addr:postcode" v="B1642"/>
  <tag k="addr:street" v="Roque Sáenz Peña"/>
  <tag k="amenity" v="nightclub"/>
  <tag k="check_date" v="2025-11-19"/>
  <tag k="name" v="Brandy"/>
  <tag k="name:en" v="Brandy Nightclub"/>
  <tag k="name:es" v="Brandy"/>
  <tag k="outdoor_seating" v="yes"/>
  <tag k="smoking" v="yes"/>
 </node>
 <node id="5755103818" visible="true" version="1" changeset="60631855" timestamp="2018-07-12T02:39:32Z" user="nurdafur" uid="3172019" lat="-34.4694632" lon="-58.4947807"/>
 <node id="5755104121" visible="true" version="1" changeset="60631855" timestamp="2018-07-12T02:39:32Z" user="nurdafur" uid="3172019" lat="-34.4696185" lon="-58.4943826"/>
 <node id="5755104122" visible="true" version="1" changeset="60631855" timestamp="2018-07-12T02:39:32Z" user="nurdafur" uid="3172019" lat="-34.4693437" lon="-58.4946240"/>
 <node id="5755104123" visible="true" version="1" changeset="60631855" timestamp="2018-07-12T02:39:32Z" user="nurdafur" uid="3172019" lat="-34.4692967" lon="-58.4945900"/>
 <node id="5755104124" visible="true" version="1" changeset="60631855" timestamp="2018-07-12T02:39:32Z" user="nurdafur" uid="3172019" lat="-34.4697202" lon="-58.4945212"/>
 <node id="5755104126" visible="true" version="1" changeset="60631855" timestamp="2018-07-12T02:39:32Z" user="nurdafur" uid="3172019" lat="-34.4696156" lon="-58.4943662"/>
 <node id="5755104127" visible="true" version="1" changeset="60631855" timestamp="2018-07-12T02:39:32Z" user="nurdafur" uid="3172019" lat="-34.4697065" lon="-58.4945844"/>
 <node id="5755104128" visible="true" version="1" changeset="60631855" timestamp="2018-07-12T02:39:32Z" user="nurdafur" uid="3172019" lat="-34.4695589" lon="-58.4943960"/>
 <node id="5755104134" visible="true" version="1" changeset="60631855" timestamp="2018-07-12T02:39:32Z" user="nurdafur" uid="3172019" lat="-34.4695936" lon="-58.4943909"/>
 <node id="5755104137" visible="true" version="1" changeset="60631855" timestamp="2018-07-12T02:39:32Z" user="nurdafur" uid="3172019" lat="-34.4694057" lon="-58.4945873"/>
 <node id="5755104139" visible="true" version="1" changeset="60631855" timestamp="2018-07-12T02:39:32Z" user="nurdafur" uid="3172019" lat="-34.4695452" lon="-58.4943878"/>
 <node id="5755104140" visible="true" version="1" changeset="60631855" timestamp="2018-07-12T02:39:32Z" user="nurdafur" uid="3172019" lat="-34.4694551" lon="-58.4967684"/>
 <node id="5755104142" visible="true" version="1" changeset="60631855" timestamp="2018-07-12T02:39:32Z" user="nurdafur" uid="3172019" lat="-34.4696767" lon="-58.4944032"/>
 <node id="5755104143" visible="true" version="1" changeset="60631855" timestamp="2018-07-12T02:39:32Z" user="nurdafur" uid="3172019" lat="-34.4697043" lon="-58.4946918"/>
 <node id="5755104144" visible="true" version="1" changeset="60631855" timestamp="2018-07-12T02:39:32Z" user="nurdafur" uid="3172019" lat="-34.4696894" lon="-58.4945623"/>
 <node id="5755104145" visible="true" version="1" changeset="60631855" timestamp="2018-07-12T02:39:32Z" user="nurdafur" uid="3172019" lat="-34.4692127" lon="-58.4948260"/>
 <node id="5755104146" visible="true" version="1" changeset="60631855" timestamp="2018-07-12T02:39:32Z" user="nurdafur" uid="3172019" lat="-34.4692305" lon="-58.4947039"/>
 <node id="5755104148" visible="true" version="1" changeset="60631855" timestamp="2018-07-12T02:39:32Z" user="nurdafur" uid="3172019" lat="-34.4693885" lon="-58.4945990"/>
 <node id="5755104150" visible="true" version="1" changeset="60631855" timestamp="2018-07-12T02:39:33Z" user="nurdafur" uid="3172019" lat="-34.4697023" lon="-58.4945580"/>
 <node id="5755104151" visible="true" version="1" changeset="60631855" timestamp="2018-07-12T02:39:33Z" user="nurdafur" uid="3172019" lat="-34.4694167" lon="-58.4945451"/>
 <node id="5755104152" visible="true" version="1" changeset="60631855" timestamp="2018-07-12T02:39:33Z" user="nurdafur" uid="3172019" lat="-34.4692904" lon="-58.4946459"/>
 <node id="5755104154" visible="true" version="1" changeset="60631855" timestamp="2018-07-12T02:39:33Z" user="nurdafur" uid="3172019" lat="-34.4692391" lon="-58.4948241"/>
 <node id="5755104155" visible="true" version="1" changeset="60631855" timestamp="2018-07-12T02:39:33Z" user="nurdafur" uid="3172019" lat="-34.4694213" lon="-58.4944222"/>
 <node id="5755104156" visible="true" version="1" changeset="60631855" timestamp="2018-07-12T02:39:33Z" user="nurdafur" uid="3172019" lat="-34.4692193" lon="-58.4948016"/>
 <node id="5755104158" visible="true" version="1" changeset="60631855" timestamp="2018-07-12T02:39:33Z" user="nurdafur" uid="3172019" lat="-34.4696625" lon="-58.4943901"/>
 <node id="5755104159" visible="true" version="1" changeset="60631855" timestamp="2018-07-12T02:39:33Z" user="nurdafur" uid="3172019" lat="-34.4697299" lon="-58.4946549"/>
 <node id="5755104160" visible="true" version="1" changeset="60631855" timestamp="2018-07-12T02:39:33Z" user="nurdafur" uid="3172019" lat="-34.4692531" lon="-58.4947284"/>
 <node id="5755104162" visible="true" version="1" changeset="60631855" timestamp="2018-07-12T02:39:33Z" user="nurdafur" uid="3172019" lat="-34.4693060" lon="-58.4946019"/>
 <node id="5755104163" visible="true" version="1" changeset="60631855" timestamp="2018-07-12T02:39:33Z" user="nurdafur" uid="3172019" lat="-34.4695942" lon="-58.4966580"/>
 <node id="5755104164" visible="true" version="1" changeset="60631855" timestamp="2018-07-12T02:39:33Z" user="nurdafur" uid="3172019" lat="-34.4693981" lon="-58.4944577"/>
 <node id="5755104165" visible="true" version="1" changeset="60631855" timestamp="2018-07-12T02:39:33Z" user="nurdafur" uid="3172019" lat="-34.4692752" lon="-58.4945939"/>
 <node id="5755104168" visible="true" version="1" changeset="60631855" timestamp="2018-07-12T02:39:33Z" user="nurdafur" uid="3172019" lat="-34.4696050" lon="-58.4947129"/>
 <node id="5755104169" visible="true" version="1" changeset="60631855" timestamp="2018-07-12T02:39:33Z" user="nurdafur" uid="3172019" lat="-34.4693783" lon="-58.4946201"/>
 <node id="5755104171" visible="true" version="1" changeset="60631855" timestamp="2018-07-12T02:39:33Z" user="nurdafur" uid="3172019" lat="-34.4693308" lon="-58.4946084"/>
 <node id="5755104172" visible="true" version="1" changeset="60631855" timestamp="2018-07-12T02:39:33Z" user="nurdafur" uid="3172019" lat="-34.4694052" lon="-58.4944400"/>
 <node id="5755104175" visible="true" version="1" changeset="60631855" timestamp="2018-07-12T02:39:33Z" user="nurdafur" uid="3172019" lat="-34.4693905" lon="-58.4945248"/>
 <node id="5755104176" visible="true" version="1" changeset="60631855" timestamp="2018-07-12T02:39:33Z" user="nurdafur" uid="3172019" lat="-34.4696456" lon="-58.4943418"/>
 <node id="5755104180" visible="true" version="1" changeset="60631855" timestamp="2018-07-12T02:39:33Z" user="nurdafur" uid="3172019" lat="-34.4696792" lon="-58.4944354"/>
 <node id="5755104181" visible="true" version="1" changeset="60631855" timestamp="2018-07-12T02:39:33Z" user="nurdafur" uid="3172019" lat="-34.4694069" lon="-58.4944940"/>
 <node id="5755104182" visible="true" version="1" changeset="60631855" timestamp="2018-07-12T02:39:33Z" user="nurdafur" uid="3172019" lat="-34.4695037" lon="-58.4944035"/>
 <node id="5755104183" visible="true" version="1" changeset="60631855" timestamp="2018-07-12T02:39:33Z" user="nurdafur" uid="3172019" lat="-34.4695112" lon="-58.4943853"/>
 <node id="5755104185" visible="true" version="1" changeset="60631855" timestamp="2018-07-12T02:39:33Z" user="nurdafur" uid="3172019" lat="-34.4692882" lon="-58.4946161"/>
 <node id="5755104186" visible="true" version="1" changeset="60631855" timestamp="2018-07-12T02:39:33Z" user="nurdafur" uid="3172019" lat="-34.4696958" lon="-58.4944825"/>
 <node id="5755104187" visible="true" version="1" changeset="60631855" timestamp="2018-07-12T02:39:33Z" user="nurdafur" uid="3172019" lat="-34.4694540" lon="-58.4943860"/>
 <node id="5755104188" visible="true" version="1" changeset="60631855" timestamp="2018-07-12T02:39:33Z" user="nurdafur" uid="3172019" lat="-34.4696842" lon="-58.4945856"/>
 <node id="5755104190" visible="true" version="1" changeset="60631855" timestamp="2018-07-12T02:39:33Z" user="nurdafur" uid="3172019" lat="-34.4697412" lon="-58.4946862"/>
 <node id="5755104191" visible="true" version="1" changeset="60631855" timestamp="2018-07-12T02:39:33Z" user="nurdafur" uid="3172019" lat="-34.4693883" lon="-58.4944957"/>
 <node id="5755104192" visible="true" version="1" changeset="60631855" timestamp="2018-07-12T02:39:33Z" user="nurdafur" uid="3172019" lat="-34.4695145" lon="-58.4947879"/>
 <node id="5755104193" visible="true" version="1" changeset="60631855" timestamp="2018-07-12T02:39:33Z" user="nurdafur" uid="3172019" lat="-34.4691897" lon="-58.4948125"/>
 <node id="5755104194" visible="true" version="1" changeset="60631855" timestamp="2018-07-12T02:39:33Z" user="nurdafur" uid="3172019" lat="-34.4697349" lon="-58.4945330">
  <tag k="leisure" v="bird_hide"/>
 </node>
 <node id="5755104195" visible="true" version="1" changeset="60631855" timestamp="2018-07-12T02:39:33Z" user="nurdafur" uid="3172019" lat="-34.4699529" lon="-58.4961187">
  <tag k="amenity" v="toilets"/>
 </node>
 <node id="5755104197" visible="true" version="1" changeset="60631855" timestamp="2018-07-12T02:39:33Z" user="nurdafur" uid="3172019" lat="-34.4694140" lon="-58.4944710"/>
 <node id="5755104198" visible="true" version="1" changeset="60631855" timestamp="2018-07-12T02:39:33Z" user="nurdafur" uid="3172019" lat="-34.4693408" lon="-58.4947630"/>
 <node id="5755104199" visible="true" version="1" changeset="60631855" timestamp="2018-07-12T02:39:33Z" user="nurdafur" uid="3172019" lat="-34.4691748" lon="-58.4948611"/>
 <node id="5755104203" visible="true" version="1" changeset="60631855" timestamp="2018-07-12T02:39:33Z" user="nurdafur" uid="3172019" lat="-34.4696001" lon="-58.4943736"/>
 <node id="5755104204" visible="true" version="1" changeset="60631855" timestamp="2018-07-12T02:39:33Z" user="nurdafur" uid="3172019" lat="-34.4697351" lon="-58.4945207"/>
 <node id="5755104205" visible="true" version="1" changeset="60631855" timestamp="2018-07-12T02:39:33Z" user="nurdafur" uid="3172019" lat="-34.4695023" lon="-58.4944240"/>
 <node id="5755104208" visible="true" version="1" changeset="60631855" timestamp="2018-07-12T02:39:33Z" user="nurdafur" uid="3172019" lat="-34.4695166" lon="-58.4944005"/>
 <node id="5755104210" visible="true" version="1" changeset="60631855" timestamp="2018-07-12T02:39:34Z" user="nurdafur" uid="3172019" lat="-34.4700277" lon="-58.4961859"/>
 <node id="5755104211" visible="true" version="1" changeset="60631855" timestamp="2018-07-12T02:39:34Z" user="nurdafur" uid="3172019" lat="-34.4692625" lon="-58.4946919"/>
 <node id="5755104212" visible="true" version="1" changeset="60631855" timestamp="2018-07-12T02:39:34Z" user="nurdafur" uid="3172019" lat="-34.4701997" lon="-58.4962994"/>
 <node id="5755104213" visible="true" version="1" changeset="60631855" timestamp="2018-07-12T02:39:34Z" user="nurdafur" uid="3172019" lat="-34.4696486" lon="-58.4946779"/>
 <node id="5755104214" visible="true" version="1" changeset="60631855" timestamp="2018-07-12T02:39:34Z" user="nurdafur" uid="3172019" lat="-34.4694346" lon="-58.4947396"/>
 <node id="5755104217" visible="true" version="1" changeset="60631855" timestamp="2018-07-12T02:39:34Z" user="nurdafur" uid="3172019" lat="-34.4696188" lon="-58.4943229"/>
 <node id="5755104218" visible="true" version="1" changeset="60631855" timestamp="2018-07-12T02:39:34Z" user="nurdafur" uid="3172019" lat="-34.4695283" lon="-58.4943956"/>
 <node id="5755104220" visible="true" version="1" changeset="60631855" timestamp="2018-07-12T02:39:34Z" user="nurdafur" uid="3172019" lat="-34.4692634" lon="-58.4947992"/>
 <node id="5755104221" visible="true" version="1" changeset="60631855" timestamp="2018-07-12T02:39:34Z" user="nurdafur" uid="3172019" lat="-34.4696068" lon="-58.4943502"/>
 <node id="5755104225" visible="true" version="1" changeset="60631855" timestamp="2018-07-12T02:39:34Z" user="nurdafur" uid="3172019" lat="-34.4697101" lon="-58.4946269"/>
 <node id="5755104226" visible="true" version="1" changeset="60631855" timestamp="2018-07-12T02:39:34Z" user="nurdafur" uid="3172019" lat="-34.4695668" lon="-58.4947193"/>
 <node id="5755104229" visible="true" version="1" changeset="60631855" timestamp="2018-07-12T02:39:34Z" user="nurdafur" uid="3172019" lat="-34.4696593" lon="-58.4943693"/>
 <node id="5755104230" visible="true" version="1" changeset="60631855" timestamp="2018-07-12T02:39:34Z" user="nurdafur" uid="3172019" lat="-34.4697036" lon="-58.4945316"/>
 <node id="5767230420" visible="true" version="1" changeset="60818680" timestamp="2018-07-18T03:41:54Z" user="AgusQui" uid="331218" lat="-34.4690800" lon="-58.5024536"/>
 <node id="6008401708" visible="true" version="2" changeset="161675786" timestamp="2025-01-23T13:58:17Z" user="RideauCanal" uid="20109092" lat="-34.4618072" lon="-58.5028017"/>
 <node id="6008401709" visible="true" version="1" changeset="63809445" timestamp="2018-10-23T19:59:56Z" user="Nickopotomus" uid="8392696" lat="-34.4619707" lon="-58.5032511"/>
 <node id="6008401710" visible="true" version="2" changeset="150417744" timestamp="2024-04-23T22:29:45Z" user="dcskobuffs" uid="14174445" lat="-34.4620799" lon="-58.5037504"/>
 <node id="6094240840" visible="true" version="1" changeset="64918412" timestamp="2018-11-27T02:25:23Z" user="GazEddyr" uid="9008001" lat="-34.4709983" lon="-58.4947505"/>
 <node id="6301571010" visible="true" version="1" changeset="67553578" timestamp="2019-02-25T16:05:46Z" user="Barta" uid="185325" lat="-34.4712640" lon="-58.5064108"/>
 <node id="6301571011" visible="true" version="1" changeset="67553578" timestamp="2019-02-25T16:05:46Z" user="Barta" uid="185325" lat="-34.4711832" lon="-58.5063641"/>
 <node id="6301571012" visible="true" version="1" changeset="67553578" timestamp="2019-02-25T16:05:46Z" user="Barta" uid="185325" lat="-34.4700482" lon="-58.5040213"/>
 <node id="6301571013" visible="true" version="1" changeset="67553578" timestamp="2019-02-25T16:05:46Z" user="Barta" uid="185325" lat="-34.4708331" lon="-58.5030133"/>
 <node id="6301571014" visible="true" version="1" changeset="67553578" timestamp="2019-02-25T16:05:46Z" user="Barta" uid="185325" lat="-34.4707709" lon="-58.5029067"/>
 <node id="6301571015" visible="true" version="1" changeset="67553578" timestamp="2019-02-25T16:05:46Z" user="Barta" uid="185325" lat="-34.4699341" lon="-58.5008525"/>
 <node id="6301571016" visible="true" version="1" changeset="67553578" timestamp="2019-02-25T16:05:46Z" user="Barta" uid="185325" lat="-34.4708293" lon="-58.4988084"/>
 <node id="6301571017" visible="true" version="1" changeset="67553578" timestamp="2019-02-25T16:05:46Z" user="Barta" uid="185325" lat="-34.4714449" lon="-58.4972449"/>
 <node id="6301571018" visible="true" version="1" changeset="67553578" timestamp="2019-02-25T16:05:46Z" user="Barta" uid="185325" lat="-34.4715988" lon="-58.4968622"/>
 <node id="6301571019" visible="true" version="1" changeset="67553578" timestamp="2019-02-25T16:05:46Z" user="Barta" uid="185325" lat="-34.4719681" lon="-58.4955462"/>
 <node id="6301571020" visible="true" version="1" changeset="67553578" timestamp="2019-02-25T16:05:46Z" user="Barta" uid="185325" lat="-34.4724567" lon="-58.4937074"/>
 <node id="6301571021" visible="true" version="2" changeset="146342612" timestamp="2024-01-17T00:00:09Z" user="AgusQui" uid="331218" lat="-34.4728069" lon="-58.4926231"/>
 <node id="6301571022" visible="true" version="2" changeset="146342612" timestamp="2024-01-17T00:00:09Z" user="AgusQui" uid="331218" lat="-34.4730971" lon="-58.4928791"/>
 <node id="6301571023" visible="true" version="1" changeset="67553578" timestamp="2019-02-25T16:05:46Z" user="Barta" uid="185325" lat="-34.4733147" lon="-58.4930867"/>
 <node id="6301571024" visible="true" version="1" changeset="67553578" timestamp="2019-02-25T16:05:46Z" user="Barta" uid="185325" lat="-34.4739264" lon="-58.4945334"/>
 <node id="6301571025" visible="true" version="1" changeset="67553578" timestamp="2019-02-25T16:05:46Z" user="Barta" uid="185325" lat="-34.4740611" lon="-58.4946874"/>
 <node id="6301571026" visible="true" version="1" changeset="67553578" timestamp="2019-02-25T16:05:46Z" user="Barta" uid="185325" lat="-34.4744304" lon="-58.4949441"/>
 <node id="6301571027" visible="true" version="1" changeset="67553578" timestamp="2019-02-25T16:05:46Z" user="Barta" uid="185325" lat="-34.4747767" lon="-58.4954715"/>
 <node id="6301571028" visible="true" version="1" changeset="67553578" timestamp="2019-02-25T16:05:46Z" user="Barta" uid="185325" lat="-34.4763656" lon="-58.4987243"/>
 <node id="6301571029" visible="true" version="1" changeset="67553578" timestamp="2019-02-25T16:05:46Z" user="Barta" uid="185325" lat="-34.4747690" lon="-58.5012072"/>
 <node id="6301571030" visible="true" version="1" changeset="67553578" timestamp="2019-02-25T16:05:46Z" user="Barta" uid="185325" lat="-34.4726453" lon="-58.5043387"/>
 <node id="6301571031" visible="true" version="1" changeset="67553578" timestamp="2019-02-25T16:05:46Z" user="Barta" uid="185325" lat="-34.4711871" lon="-58.5065601"/>
 <node id="6301571032" visible="true" version="1" changeset="67553578" timestamp="2019-02-25T16:05:46Z" user="Barta" uid="185325" lat="-34.4705292" lon="-58.5073395"/>
 <node id="6301571033" visible="true" version="1" changeset="67553578" timestamp="2019-02-25T16:05:46Z" user="Barta" uid="185325" lat="-34.4695519" lon="-58.5083569"/>
 <node id="6301571034" visible="true" version="1" changeset="67553578" timestamp="2019-02-25T16:05:46Z" user="Barta" uid="185325" lat="-34.4675415" lon="-58.5092996"/>
 <node id="6301571035" visible="true" version="1" changeset="67553578" timestamp="2019-02-25T16:05:46Z" user="Barta" uid="185325" lat="-34.4674107" lon="-58.5092086"/>
 <node id="6301571036" visible="true" version="1" changeset="67553578" timestamp="2019-02-25T16:05:46Z" user="Barta" uid="185325" lat="-34.4675434" lon="-58.5088189"/>
 <node id="6301571037" visible="true" version="1" changeset="67553578" timestamp="2019-02-25T16:05:46Z" user="Barta" uid="185325" lat="-34.4671721" lon="-58.5085647"/>
 <node id="6301571038" visible="true" version="1" changeset="67553578" timestamp="2019-02-25T16:05:46Z" user="Barta" uid="185325" lat="-34.4674089" lon="-58.5073530"/>
 <node id="6301571039" visible="true" version="1" changeset="67553578" timestamp="2019-02-25T16:05:46Z" user="Barta" uid="185325" lat="-34.4674286" lon="-58.5074278"/>
 <node id="6301571040" visible="true" version="1" changeset="67553578" timestamp="2019-02-25T16:05:46Z" user="Barta" uid="185325" lat="-34.4678899" lon="-58.5072153"/>
 <node id="6301571041" visible="true" version="2" changeset="146342612" timestamp="2024-01-17T00:00:09Z" user="AgusQui" uid="331218" lat="-34.4675629" lon="-58.5050423"/>
 <node id="6301571042" visible="true" version="2" changeset="146342612" timestamp="2024-01-17T00:00:09Z" user="AgusQui" uid="331218" lat="-34.4676781" lon="-58.5048277"/>
 <node id="6301571043" visible="true" version="1" changeset="67553578" timestamp="2019-02-25T16:05:46Z" user="Barta" uid="185325" lat="-34.4687310" lon="-58.5030627"/>
 <node id="6301571044" visible="true" version="1" changeset="67553578" timestamp="2019-02-25T16:05:46Z" user="Barta" uid="185325" lat="-34.4690097" lon="-58.5025092"/>
 <node id="6301571045" visible="true" version="1" changeset="67553578" timestamp="2019-02-25T16:05:46Z" user="Barta" uid="185325" lat="-34.4692736" lon="-58.5029430"/>
 <node id="6301571046" visible="true" version="1" changeset="67553578" timestamp="2019-02-25T16:05:46Z" user="Barta" uid="185325" lat="-34.4699273" lon="-58.5039901"/>
 <node id="6301571047" visible="true" version="1" changeset="67553578" timestamp="2019-02-25T16:05:46Z" user="Barta" uid="185325" lat="-34.4703959" lon="-58.5049236"/>
 <node id="6376494190" visible="true" version="1" changeset="68765179" timestamp="2019-04-01T18:23:34Z" user="Barta" uid="185325" lat="-34.4716242" lon="-58.4953289"/>
 <node id="6376494191" visible="true" version="1" changeset="68765179" timestamp="2019-04-01T18:23:34Z" user="Barta" uid="185325" lat="-34.4711118" lon="-58.4947795"/>
 <node id="6376494192" visible="true" version="1" changeset="68765179" timestamp="2019-04-01T18:23:34Z" user="Barta" uid="185325" lat="-34.4710042" lon="-58.4948200"/>
 <node id="6376494193" visible="true" version="1" changeset="68765179" timestamp="2019-04-01T18:23:34Z" user="Barta" uid="185325" lat="-34.4707629" lon="-58.4953514"/>
 <node id="6376494194" visible="true" version="1" changeset="68765179" timestamp="2019-04-01T18:23:34Z" user="Barta" uid="185325" lat="-34.4702951" lon="-58.4962386"/>
 <node id="6376494195" visible="true" version="1" changeset="68765179" timestamp="2019-04-01T18:23:34Z" user="Barta" uid="185325" lat="-34.4693558" lon="-58.4973869"/>
 <node id="6376494196" visible="true" version="1" changeset="68765179" timestamp="2019-04-01T18:23:34Z" user="Barta" uid="185325" lat="-34.4673917" lon="-58.4996656"/>
 <node id="6376494197" visible="true" version="1" changeset="68765179" timestamp="2019-04-01T18:23:34Z" user="Barta" uid="185325" lat="-34.4672878" lon="-58.4998998"/>
 <node id="6376494198" visible="true" version="1" changeset="68765179" timestamp="2019-04-01T18:23:35Z" user="Barta" uid="185325" lat="-34.4672395" lon="-58.4999088"/>
 <node id="6376494199" visible="true" version="1" changeset="68765179" timestamp="2019-04-01T18:23:35Z" user="Barta" uid="185325" lat="-34.4656281" lon="-58.5020389"/>
 <node id="6376494200" visible="true" version="1" changeset="68765179" timestamp="2019-04-01T18:23:35Z" user="Barta" uid="185325" lat="-34.4674474" lon="-58.5044166"/>
 <node id="6376494201" visible="true" version="1" changeset="68765179" timestamp="2019-04-01T18:23:35Z" user="Barta" uid="185325" lat="-34.4687654" lon="-58.5021875"/>
 <node id="6376494202" visible="true" version="1" changeset="68765179" timestamp="2019-04-01T18:23:35Z" user="Barta" uid="185325" lat="-34.4693149" lon="-58.5012103"/>
 <node id="6376494203" visible="true" version="1" changeset="68765179" timestamp="2019-04-01T18:23:35Z" user="Barta" uid="185325" lat="-34.4697159" lon="-58.5003276"/>
 <node id="6376494204" visible="true" version="1" changeset="68765179" timestamp="2019-04-01T18:23:35Z" user="Barta" uid="185325" lat="-34.4704027" lon="-58.4986298"/>
 <node id="6376494205" visible="true" version="1" changeset="68765179" timestamp="2019-04-01T18:23:35Z" user="Barta" uid="185325" lat="-34.4710710" lon="-58.4971212"/>
 <node id="6387672952" visible="true" version="1" changeset="68953252" timestamp="2019-04-06T14:22:51Z" user="leandropennella" uid="290450" lat="-34.4640020" lon="-58.4973521"/>
 <node id="6387672953" visible="true" version="1" changeset="68953252" timestamp="2019-04-06T14:22:51Z" user="leandropennella" uid="290450" lat="-34.4638250" lon="-58.4972019"/>
 <node id="6387672954" visible="true" version="1" changeset="68953252" timestamp="2019-04-06T14:22:51Z" user="leandropennella" uid="290450" lat="-34.4639312" lon="-58.4968264"/>
 <node id="6387672955" visible="true" version="1" changeset="68953252" timestamp="2019-04-06T14:22:51Z" user="leandropennella" uid="290450" lat="-34.4639312" lon="-58.4965474"/>
 <node id="6387672956" visible="true" version="1" changeset="68953252" timestamp="2019-04-06T14:22:51Z" user="leandropennella" uid="290450" lat="-34.4642098" lon="-58.4967620"/>
 <node id="6387692997" visible="true" version="1" changeset="68953621" timestamp="2019-04-06T14:36:33Z" user="leandropennella" uid="290450" lat="-34.4641365" lon="-58.4967056"/>
 <node id="6387692998" visible="true" version="1" changeset="68953621" timestamp="2019-04-06T14:36:33Z" user="leandropennella" uid="290450" lat="-34.4640584" lon="-58.4965766"/>
 <node id="6387692999" visible="true" version="1" changeset="68953621" timestamp="2019-04-06T14:36:33Z" user="leandropennella" uid="290450" lat="-34.4641427" lon="-58.4964575"/>
 <node id="6387693000" visible="true" version="1" changeset="68953621" timestamp="2019-04-06T14:36:33Z" user="leandropennella" uid="290450" lat="-34.4641237" lon="-58.4964377"/>
 <node id="6387693001" visible="true" version="1" changeset="68953621" timestamp="2019-04-06T14:36:33Z" user="leandropennella" uid="290450" lat="-34.4640394" lon="-58.4965568"/>
 <node id="6387693003" visible="true" version="3" changeset="85016474" timestamp="2020-05-11T10:00:42Z" user="IjRiver" uid="10811276" lat="-34.4644356" lon="-58.4965337"/>
 <node id="6387693004" visible="true" version="2" changeset="83228697" timestamp="2020-04-08T05:18:08Z" user="IjRiver" uid="10811276" lat="-34.4643957" lon="-58.4963915"/>
 <node id="6387693005" visible="true" version="2" changeset="83228697" timestamp="2020-04-08T05:18:08Z" user="IjRiver" uid="10811276" lat="-34.4642887" lon="-58.4962765"/>
 <node id="7014449555" visible="true" version="1" changeset="77640286" timestamp="2019-11-27T14:57:46Z" user="Hernan" uid="72347" lat="-34.4704850" lon="-58.4955996"/>
 <node id="7014449556" visible="true" version="1" changeset="77640286" timestamp="2019-11-27T14:57:46Z" user="Hernan" uid="72347" lat="-34.4704689" lon="-58.4955494"/>
 <node id="7014449557" visible="true" version="1" changeset="77640286" timestamp="2019-11-27T14:57:46Z" user="Hernan" uid="72347" lat="-34.4704733" lon="-58.4954877"/>
 <node id="7014449558" visible="true" version="1" changeset="77640286" timestamp="2019-11-27T14:57:46Z" user="Hernan" uid="72347" lat="-34.4704965" lon="-58.4954287"/>
 <node id="7014449559" visible="true" version="1" changeset="77640286" timestamp="2019-11-27T14:57:46Z" user="Hernan" uid="72347" lat="-34.4705485" lon="-58.4953013"/>
 <node id="7014449560" visible="true" version="1" changeset="77640286" timestamp="2019-11-27T14:57:46Z" user="Hernan" uid="72347" lat="-34.4706137" lon="-58.4951592"/>
 <node id="7014449561" visible="true" version="1" changeset="77640286" timestamp="2019-11-27T14:57:46Z" user="Hernan" uid="72347" lat="-34.4654580" lon="-58.4935270"/>
 <node id="7014449562" visible="true" version="1" changeset="77640286" timestamp="2019-11-27T14:57:46Z" user="Hernan" uid="72347" lat="-34.4692549" lon="-58.4972271"/>
 <node id="7015576997" visible="true" version="2" changeset="77654413" timestamp="2019-11-27T22:05:59Z" user="Hernan" uid="72347" lat="-34.4666999" lon="-58.4857220"/>
 <node id="7015577001" visible="true" version="2" changeset="77654413" timestamp="2019-11-27T22:05:59Z" user="Hernan" uid="72347" lat="-34.4623152" lon="-58.4888891"/>
 <node id="7015631157" visible="true" version="1" changeset="77654413" timestamp="2019-11-27T22:05:59Z" user="Hernan" uid="72347" lat="-34.4701870" lon="-58.4913638"/>
 <node id="7015631158" visible="true" version="1" changeset="77654413" timestamp="2019-11-27T22:05:59Z" user="Hernan" uid="72347" lat="-34.4680840" lon="-58.4916535"/>
 <node id="7015631159" visible="true" version="1" changeset="77654413" timestamp="2019-11-27T22:05:59Z" user="Hernan" uid="72347" lat="-34.4681526" lon="-58.4916133"/>
 <node id="7015631160" visible="true" version="1" changeset="77654413" timestamp="2019-11-27T22:05:59Z" user="Hernan" uid="72347" lat="-34.4682366" lon="-58.4915274"/>
 <node id="7015631161" visible="true" version="1" changeset="77654413" timestamp="2019-11-27T22:05:59Z" user="Hernan" uid="72347" lat="-34.4682720" lon="-58.4914309"/>
 <node id="7015631162" visible="true" version="1" changeset="77654413" timestamp="2019-11-27T22:05:59Z" user="Hernan" uid="72347" lat="-34.4683140" lon="-58.4913424"/>
 <node id="7015631163" visible="true" version="1" changeset="77654413" timestamp="2019-11-27T22:05:59Z" user="Hernan" uid="72347" lat="-34.4683936" lon="-58.4912217"/>
 <node id="7015631164" visible="true" version="1" changeset="77654413" timestamp="2019-11-27T22:05:59Z" user="Hernan" uid="72347" lat="-34.4684688" lon="-58.4911707"/>
 <node id="7015631165" visible="true" version="1" changeset="77654413" timestamp="2019-11-27T22:05:59Z" user="Hernan" uid="72347" lat="-34.4685197" lon="-58.4911680"/>
 <node id="7015631166" visible="true" version="1" changeset="77654413" timestamp="2019-11-27T22:05:59Z" user="Hernan" uid="72347" lat="-34.4686037" lon="-58.4911305"/>
 <node id="7015631167" visible="true" version="1" changeset="77654413" timestamp="2019-11-27T22:05:59Z" user="Hernan" uid="72347" lat="-34.4686678" lon="-58.4911492"/>
 <node id="7015631168" visible="true" version="1" changeset="77654413" timestamp="2019-11-27T22:05:59Z" user="Hernan" uid="72347" lat="-34.4687563" lon="-58.4911734"/>
 <node id="7015631169" visible="true" version="1" changeset="77654413" timestamp="2019-11-27T22:05:59Z" user="Hernan" uid="72347" lat="-34.4688049" lon="-58.4913477"/>
 <node id="7015631170" visible="true" version="1" changeset="77654413" timestamp="2019-11-27T22:05:59Z" user="Hernan" uid="72347" lat="-34.4688447" lon="-58.4914711"/>
 <node id="7015631171" visible="true" version="1" changeset="77654413" timestamp="2019-11-27T22:05:59Z" user="Hernan" uid="72347" lat="-34.4688292" lon="-58.4915918"/>
 <node id="7015631172" visible="true" version="1" changeset="77654413" timestamp="2019-11-27T22:05:59Z" user="Hernan" uid="72347" lat="-34.4687916" lon="-58.4916696"/>
 <node id="7015631173" visible="true" version="1" changeset="77654413" timestamp="2019-11-27T22:05:59Z" user="Hernan" uid="72347" lat="-34.4688226" lon="-58.4917474"/>
 <node id="7015631174" visible="true" version="1" changeset="77654413" timestamp="2019-11-27T22:05:59Z" user="Hernan" uid="72347" lat="-34.4689066" lon="-58.4916535"/>
 <node id="7015631175" visible="true" version="1" changeset="77654413" timestamp="2019-11-27T22:05:59Z" user="Hernan" uid="72347" lat="-34.4689973" lon="-58.4916052"/>
 <node id="7015631176" visible="true" version="1" changeset="77654413" timestamp="2019-11-27T22:05:59Z" user="Hernan" uid="72347" lat="-34.4691123" lon="-58.4915569"/>
 <node id="7015631177" visible="true" version="1" changeset="77654413" timestamp="2019-11-27T22:05:59Z" user="Hernan" uid="72347" lat="-34.4692405" lon="-58.4915087"/>
 <node id="7015631178" visible="true" version="1" changeset="77654413" timestamp="2019-11-27T22:05:59Z" user="Hernan" uid="72347" lat="-34.4692980" lon="-58.4915006"/>
 <node id="7015631179" visible="true" version="1" changeset="77654413" timestamp="2019-11-27T22:05:59Z" user="Hernan" uid="72347" lat="-34.4694020" lon="-58.4915623"/>
 <node id="7015631180" visible="true" version="1" changeset="77654413" timestamp="2019-11-27T22:05:59Z" user="Hernan" uid="72347" lat="-34.4694904" lon="-58.4916347"/>
 <node id="7015631181" visible="true" version="1" changeset="77654413" timestamp="2019-11-27T22:05:59Z" user="Hernan" uid="72347" lat="-34.4696098" lon="-58.4916696"/>
 <node id="7015631182" visible="true" version="1" changeset="77654413" timestamp="2019-11-27T22:05:59Z" user="Hernan" uid="72347" lat="-34.4696850" lon="-58.4917125"/>
 <node id="7015631183" visible="true" version="1" changeset="77654413" timestamp="2019-11-27T22:05:59Z" user="Hernan" uid="72347" lat="-34.4698133" lon="-58.4917876"/>
 <node id="7015631184" visible="true" version="1" changeset="77654413" timestamp="2019-11-27T22:05:59Z" user="Hernan" uid="72347" lat="-34.4698641" lon="-58.4918574"/>
 <node id="7015637585" visible="true" version="1" changeset="77654413" timestamp="2019-11-27T22:05:59Z" user="Hernan" uid="72347" lat="-34.4672636" lon="-58.4923053"/>
 <node id="7015637586" visible="true" version="1" changeset="77654413" timestamp="2019-11-27T22:05:59Z" user="Hernan" uid="72347" lat="-34.4672592" lon="-58.4922087"/>
 <node id="7015637587" visible="true" version="1" changeset="77654413" timestamp="2019-11-27T22:05:59Z" user="Hernan" uid="72347" lat="-34.4672194" lon="-58.4921363"/>
 <node id="7015637588" visible="true" version="1" changeset="77654413" timestamp="2019-11-27T22:05:59Z" user="Hernan" uid="72347" lat="-34.4671508" lon="-58.4921256"/>
 <node id="7015637589" visible="true" version="1" changeset="77654413" timestamp="2019-11-27T22:05:59Z" user="Hernan" uid="72347" lat="-34.4670867" lon="-58.4921202"/>
 <node id="7015637590" visible="true" version="1" changeset="77654413" timestamp="2019-11-27T22:05:59Z" user="Hernan" uid="72347" lat="-34.4670491" lon="-58.4921899"/>
 <node id="7015637591" visible="true" version="1" changeset="77654413" timestamp="2019-11-27T22:05:59Z" user="Hernan" uid="72347" lat="-34.4670049" lon="-58.4922463"/>
 <node id="7015637592" visible="true" version="1" changeset="77654413" timestamp="2019-11-27T22:05:59Z" user="Hernan" uid="72347" lat="-34.4669408" lon="-58.4922114"/>
 <node id="7015637593" visible="true" version="1" changeset="77654413" timestamp="2019-11-27T22:05:59Z" user="Hernan" uid="72347" lat="-34.4668899" lon="-58.4921739"/>
 <node id="7015637594" visible="true" version="1" changeset="77654413" timestamp="2019-11-27T22:05:59Z" user="Hernan" uid="72347" lat="-34.4668346" lon="-58.4922248"/>
 <node id="7015637595" visible="true" version="1" changeset="77654413" timestamp="2019-11-27T22:05:59Z" user="Hernan" uid="72347" lat="-34.4667661" lon="-58.4922677"/>
 <node id="7015637596" visible="true" version="1" changeset="77654413" timestamp="2019-11-27T22:05:59Z" user="Hernan" uid="72347" lat="-34.4667152" lon="-58.4922409"/>
 <node id="7015637597" visible="true" version="1" changeset="77654413" timestamp="2019-11-27T22:05:59Z" user="Hernan" uid="72347" lat="-34.4666290" lon="-58.4922624"/>
 <node id="7015637598" visible="true" version="1" changeset="77654413" timestamp="2019-11-27T22:05:59Z" user="Hernan" uid="72347" lat="-34.4658793" lon="-58.4930402"/>
 <node id="7015637599" visible="true" version="1" changeset="77654413" timestamp="2019-11-27T22:05:59Z" user="Hernan" uid="72347" lat="-34.4658992" lon="-58.4929624"/>
 <node id="7015637600" visible="true" version="1" changeset="77654413" timestamp="2019-11-27T22:05:59Z" user="Hernan" uid="72347" lat="-34.4659456" lon="-58.4928846"/>
 <node id="7015637601" visible="true" version="1" changeset="77654413" timestamp="2019-11-27T22:05:59Z" user="Hernan" uid="72347" lat="-34.4660164" lon="-58.4928444"/>
 <node id="7015637602" visible="true" version="1" changeset="77654413" timestamp="2019-11-27T22:05:59Z" user="Hernan" uid="72347" lat="-34.4659567" lon="-58.4931743"/>
 <node id="7015637603" visible="true" version="1" changeset="77654413" timestamp="2019-11-27T22:05:59Z" user="Hernan" uid="72347" lat="-34.4659589" lon="-58.4932494"/>
 <node id="7015637604" visible="true" version="1" changeset="77654413" timestamp="2019-11-27T22:05:59Z" user="Hernan" uid="72347" lat="-34.4700830" lon="-58.4922168"/>
 <node id="7015637605" visible="true" version="1" changeset="77654413" timestamp="2019-11-27T22:05:59Z" user="Hernan" uid="72347" lat="-34.4700919" lon="-58.4921578"/>
 <node id="7015637606" visible="true" version="1" changeset="77654413" timestamp="2019-11-27T22:05:59Z" user="Hernan" uid="72347" lat="-34.4701295" lon="-58.4921175"/>
 <node id="7015637607" visible="true" version="1" changeset="77654413" timestamp="2019-11-27T22:05:59Z" user="Hernan" uid="72347" lat="-34.4702024" lon="-58.4920558"/>
 <node id="7015637608" visible="true" version="1" changeset="77654413" timestamp="2019-11-27T22:05:59Z" user="Hernan" uid="72347" lat="-34.4702555" lon="-58.4920853"/>
 <node id="7015637609" visible="true" version="1" changeset="77654413" timestamp="2019-11-27T22:05:59Z" user="Hernan" uid="72347" lat="-34.4704789" lon="-58.4921631"/>
 <node id="7204568970" visible="true" version="1" changeset="80871645" timestamp="2020-02-11T21:58:42Z" user="Cumin_bean" uid="9461073" lat="-34.4607525" lon="-58.5042718"/>
 <node id="7306356103" visible="true" version="1" changeset="82355380" timestamp="2020-03-18T16:20:59Z" user="(Inactive) Hoordinates" uid="8867106" lat="-34.4666782" lon="-58.5058030"/>
 <node id="7377727110" visible="true" version="2" changeset="85016474" timestamp="2020-05-11T10:00:42Z" user="IjRiver" uid="10811276" lat="-34.4642429" lon="-58.4962830"/>
 <node id="7377727112" visible="true" version="2" changeset="85016474" timestamp="2020-05-11T10:00:42Z" user="IjRiver" uid="10811276" lat="-34.4642052" lon="-58.4962723"/>
 <node id="7377727113" visible="true" version="1" changeset="83228697" timestamp="2020-04-08T05:18:08Z" user="IjRiver" uid="10811276" lat="-34.4642483" lon="-58.4964532"/>
 <node id="7377727114" visible="true" version="1" changeset="83228697" timestamp="2020-04-08T05:18:08Z" user="IjRiver" uid="10811276" lat="-34.4641987" lon="-58.4963998"/>
 <node id="7377727115" visible="true" version="1" changeset="83228697" timestamp="2020-04-08T05:18:08Z" user="IjRiver" uid="10811276" lat="-34.4643056" lon="-58.4965147"/>
 <node id="7391240097" visible="true" version="1" changeset="83386109" timestamp="2020-04-11T00:59:20Z" user="FranchuFranchu" uid="11012515" lat="-34.4654126" lon="-58.4996432"/>
 <node id="7391240098" visible="true" version="1" changeset="83386109" timestamp="2020-04-11T00:59:20Z" user="FranchuFranchu" uid="11012515" lat="-34.4652087" lon="-58.4993600"/>
 <node id="7391240099" visible="true" version="1" changeset="83386109" timestamp="2020-04-11T00:59:20Z" user="FranchuFranchu" uid="11012515" lat="-34.4653310" lon="-58.4992206"/>
 <node id="7391240100" visible="true" version="1" changeset="83386109" timestamp="2020-04-11T00:59:20Z" user="FranchuFranchu" uid="11012515" lat="-34.4655404" lon="-58.4995016"/>
 <node id="7391240101" visible="true" version="1" changeset="83386109" timestamp="2020-04-11T00:59:20Z" user="FranchuFranchu" uid="11012515" lat="-34.4656913" lon="-58.4998513"/>
 <node id="7391240102" visible="true" version="1" changeset="83386109" timestamp="2020-04-11T00:59:20Z" user="FranchuFranchu" uid="11012515" lat="-34.4666561" lon="-58.4995696"/>
 <node id="7391240103" visible="true" version="1" changeset="83386109" timestamp="2020-04-11T00:59:20Z" user="FranchuFranchu" uid="11012515" lat="-34.4662509" lon="-58.4991410"/>
 <node id="7391240104" visible="true" version="1" changeset="83386109" timestamp="2020-04-11T00:59:20Z" user="FranchuFranchu" uid="11012515" lat="-34.4659508" lon="-58.4994475"/>
 <node id="7391240105" visible="true" version="1" changeset="83386109" timestamp="2020-04-11T00:59:20Z" user="FranchuFranchu" uid="11012515" lat="-34.4658199" lon="-58.4992947"/>
 <node id="7391240106" visible="true" version="1" changeset="83386109" timestamp="2020-04-11T00:59:20Z" user="FranchuFranchu" uid="11012515" lat="-34.4655302" lon="-58.4996639"/>
 <node id="7391240107" visible="true" version="1" changeset="83386109" timestamp="2020-04-11T00:59:20Z" user="FranchuFranchu" uid="11012515" lat="-34.4656710" lon="-58.4998287"/>
 <node id="7391240108" visible="true" version="1" changeset="83386109" timestamp="2020-04-11T00:59:20Z" user="FranchuFranchu" uid="11012515" lat="-34.4658669" lon="-58.4990581"/>
 <node id="7391240109" visible="true" version="1" changeset="83386109" timestamp="2020-04-11T00:59:20Z" user="FranchuFranchu" uid="11012515" lat="-34.4659438" lon="-58.4989649"/>
 <node id="7391240110" visible="true" version="1" changeset="83386109" timestamp="2020-04-11T00:59:20Z" user="FranchuFranchu" uid="11012515" lat="-34.4659912" lon="-58.4990346"/>
 <node id="7391240111" visible="true" version="1" changeset="83386109" timestamp="2020-04-11T00:59:20Z" user="FranchuFranchu" uid="11012515" lat="-34.4659174" lon="-58.4991165"/>
 <node id="7391240112" visible="true" version="1" changeset="83386109" timestamp="2020-04-11T00:59:20Z" user="FranchuFranchu" uid="11012515" lat="-34.4659008" lon="-58.4993561"/>
 <node id="7391240113" visible="true" version="1" changeset="83386109" timestamp="2020-04-11T00:59:20Z" user="FranchuFranchu" uid="11012515" lat="-34.4661133" lon="-58.4990844"/>
 <node id="7391240114" visible="true" version="1" changeset="83386109" timestamp="2020-04-11T00:59:20Z" user="FranchuFranchu" uid="11012515" lat="-34.4661899" lon="-58.4991948"/>
 <node id="7391240115" visible="true" version="1" changeset="83386109" timestamp="2020-04-11T00:59:20Z" user="FranchuFranchu" uid="11012515" lat="-34.4659817" lon="-58.4994508"/>
 <node id="7391240116" visible="true" version="1" changeset="83386109" timestamp="2020-04-11T00:59:20Z" user="FranchuFranchu" uid="11012515" lat="-34.4643746" lon="-58.4985901"/>
 <node id="7391240117" visible="true" version="1" changeset="83386109" timestamp="2020-04-11T00:59:20Z" user="FranchuFranchu" uid="11012515" lat="-34.4658331" lon="-58.4988728">
  <tag k="access" v="permissive"/>
  <tag k="amenity" v="toilets"/>
  <tag k="toilets:disposal" v="chemical"/>
  <tag k="toilets:position" v="seated"/>
  <tag k="toilets:type" v="mobile"/>
  <tag k="unisex" v="yes"/>
  <tag k="wheelchair" v="no"/>
 </node>
 <node id="7391240118" visible="true" version="1" changeset="83386109" timestamp="2020-04-11T00:59:20Z" user="FranchuFranchu" uid="11012515" lat="-34.4638490" lon="-58.4981469">
  <tag k="amenity" v="toilets"/>
  <tag k="changing_table" v="no"/>
  <tag k="toilets:access" v="permissive"/>
  <tag k="toilets:disposal" v="chemical"/>
  <tag k="toilets:type" v="mobile"/>
  <tag k="unisex" v="yes"/>
  <tag k="wheelchair" v="no"/>
 </node>
 <node id="7501969250" visible="true" version="2" changeset="174857994" timestamp="2025-11-19T12:50:41Z" user="pezapesta" uid="1972084" lat="-34.4666378" lon="-58.5012129">
  <tag k="addr:full" v="Coronel Rosales 1196"/>
  <tag k="addr:housenumber" v="1194"/>
  <tag k="addr:postcode" v="1642"/>
  <tag k="addr:street" v="Coronel Rosales"/>
  <tag k="amenity" v="clinic"/>
  <tag k="check_date" v="2025-11-19"/>
  <tag k="email" v="capslaribera@sanisidro.gob.ar"/>
  <tag k="healthcare" v="clinic"/>
  <tag k="name" v="CAPS La Ribera"/>
  <tag k="opening_hours" v="Mo-Fr 07:00-16:00; Sa 08:00-12:00; Su,PH off"/>
  <tag k="operator" v="Municipal"/>
  <tag k="operator:type" v="public"/>
  <tag k="phone" v="+54 11 45123150"/>
  <tag k="ref:sisa_codigo" v="50067562201471"/>
  <tag k="ref:sisa_tipologia" v="ESSIDT"/>
  <tag k="website" v="https://www.sanisidro.gob.ar/la-ribera"/>
 </node>
 <node id="7506192008" visible="true" version="1" changeset="85016474" timestamp="2020-05-11T10:00:42Z" user="IjRiver" uid="10811276" lat="-34.4641212" lon="-58.4959947"/>
 <node id="7506192009" visible="true" version="2" changeset="164265264" timestamp="2025-03-29T20:48:40Z" user="11000matias" uid="9658350" lat="-34.4641167" lon="-58.4960389"/>
 <node id="8842262842" visible="true" version="2" changeset="106554019" timestamp="2021-06-17T22:03:44Z" user="serock" uid="1810448" lat="-34.4655920" lon="-58.4985940"/>
 <node id="8842262845" visible="true" version="3" changeset="161675786" timestamp="2025-01-23T13:58:17Z" user="RideauCanal" uid="20109092" lat="-34.4640033" lon="-58.4967011"/>
 <node id="8842262846" visible="true" version="2" changeset="106554019" timestamp="2021-06-17T22:03:44Z" user="serock" uid="1810448" lat="-34.4641643" lon="-58.4967878"/>
 <node id="8842262847" visible="true" version="1" changeset="106537682" timestamp="2021-06-17T14:53:51Z" user="i2004" uid="11462915" lat="-34.4639253" lon="-58.4973930"/>
 <node id="8842262848" visible="true" version="2" changeset="106554019" timestamp="2021-06-17T22:03:44Z" user="serock" uid="1810448" lat="-34.4672016" lon="-58.4996036"/>
 <node id="8842262850" visible="true" version="2" changeset="106554019" timestamp="2021-06-17T22:03:44Z" user="serock" uid="1810448" lat="-34.4660918" lon="-58.4988935"/>
 <node id="8843338231" visible="true" version="1" changeset="106554019" timestamp="2021-06-17T22:03:44Z" user="serock" uid="1810448" lat="-34.4639150" lon="-58.4975027"/>
 <node id="8843338232" visible="true" version="1" changeset="106554019" timestamp="2021-06-17T22:03:44Z" user="serock" uid="1810448" lat="-34.4640051" lon="-58.4976082"/>
 <node id="8843338233" visible="true" version="1" changeset="106554019" timestamp="2021-06-17T22:03:44Z" user="serock" uid="1810448" lat="-34.4640360" lon="-58.4975424"/>
 <node id="8843338234" visible="true" version="1" changeset="106554019" timestamp="2021-06-17T22:03:44Z" user="serock" uid="1810448" lat="-34.4661227" lon="-58.4988261"/>
 <node id="8843338235" visible="true" version="1" changeset="106554019" timestamp="2021-06-17T22:03:44Z" user="serock" uid="1810448" lat="-34.4671016" lon="-58.4995192"/>
 <node id="8843338236" visible="true" version="1" changeset="106554019" timestamp="2021-06-17T22:03:44Z" user="serock" uid="1810448" lat="-34.4639515" lon="-58.4976969"/>
 <node id="8843338237" visible="true" version="1" changeset="106554019" timestamp="2021-06-17T22:03:44Z" user="serock" uid="1810448" lat="-34.4653861" lon="-58.4986023"/>
 <node id="8912011642" visible="true" version="1" changeset="107794359" timestamp="2021-07-11T18:53:24Z" user="Fedejru" uid="3367777" lat="-34.4709519" lon="-58.4948507"/>
 <node id="8912011643" visible="true" version="1" changeset="107794359" timestamp="2021-07-11T18:53:24Z" user="Fedejru" uid="3367777" lat="-34.4707888" lon="-58.4948623"/>
 <node id="8912011644" visible="true" version="1" changeset="107794359" timestamp="2021-07-11T18:53:24Z" user="Fedejru" uid="3367777" lat="-34.4707301" lon="-58.4948602"/>
 <node id="8912011645" visible="true" version="1" changeset="107794359" timestamp="2021-07-11T18:53:24Z" user="Fedejru" uid="3367777" lat="-34.4706949" lon="-58.4948440"/>
 <node id="8912011646" visible="true" version="1" changeset="107794359" timestamp="2021-07-11T18:53:24Z" user="Fedejru" uid="3367777" lat="-34.4706581" lon="-58.4948013"/>
 <node id="8912011647" visible="true" version="1" changeset="107794359" timestamp="2021-07-11T18:53:24Z" user="Fedejru" uid="3367777" lat="-34.4706296" lon="-58.4947342"/>
 <node id="8912011648" visible="true" version="1" changeset="107794359" timestamp="2021-07-11T18:53:24Z" user="Fedejru" uid="3367777" lat="-34.4706162" lon="-58.4946529"/>
 <node id="8912011649" visible="true" version="1" changeset="107794359" timestamp="2021-07-11T18:53:24Z" user="Fedejru" uid="3367777" lat="-34.4705944" lon="-58.4945411"/>
 <node id="8912011650" visible="true" version="1" changeset="107794359" timestamp="2021-07-11T18:53:24Z" user="Fedejru" uid="3367777" lat="-34.4705676" lon="-58.4944191"/>
 <node id="8912011651" visible="true" version="1" changeset="107794359" timestamp="2021-07-11T18:53:24Z" user="Fedejru" uid="3367777" lat="-34.4705441" lon="-58.4943114"/>
 <node id="8912011652" visible="true" version="1" changeset="107794359" timestamp="2021-07-11T18:53:24Z" user="Fedejru" uid="3367777" lat="-34.4705240" lon="-58.4942301"/>
 <node id="8912011653" visible="true" version="1" changeset="107794359" timestamp="2021-07-11T18:53:24Z" user="Fedejru" uid="3367777" lat="-34.4705039" lon="-58.4941833"/>
 <node id="8912011654" visible="true" version="1" changeset="107794359" timestamp="2021-07-11T18:53:24Z" user="Fedejru" uid="3367777" lat="-34.4704754" lon="-58.4941447"/>
 <node id="8912011655" visible="true" version="1" changeset="107794359" timestamp="2021-07-11T18:53:24Z" user="Fedejru" uid="3367777" lat="-34.4704002" lon="-58.4940910"/>
 <node id="8912011656" visible="true" version="1" changeset="107794359" timestamp="2021-07-11T18:53:24Z" user="Fedejru" uid="3367777" lat="-34.4703767" lon="-58.4940504"/>
 <node id="8912011657" visible="true" version="1" changeset="107794359" timestamp="2021-07-11T18:53:24Z" user="Fedejru" uid="3367777" lat="-34.4703549" lon="-58.4939874"/>
 <node id="8912011658" visible="true" version="1" changeset="107794359" timestamp="2021-07-11T18:53:24Z" user="Fedejru" uid="3367777" lat="-34.4703314" lon="-58.4939345"/>
 <node id="8912011659" visible="true" version="1" changeset="107794359" timestamp="2021-07-11T18:53:24Z" user="Fedejru" uid="3367777" lat="-34.4702996" lon="-58.4938837"/>
 <node id="8912011660" visible="true" version="1" changeset="107794359" timestamp="2021-07-11T18:53:24Z" user="Fedejru" uid="3367777" lat="-34.4702678" lon="-58.4938573"/>
 <node id="8912011661" visible="true" version="1" changeset="107794359" timestamp="2021-07-11T18:53:24Z" user="Fedejru" uid="3367777" lat="-34.4702221" lon="-58.4938085"/>
 <node id="8912011662" visible="true" version="1" changeset="107794359" timestamp="2021-07-11T18:53:24Z" user="Fedejru" uid="3367777" lat="-34.4701690" lon="-58.4937361"/>
 <node id="8912011663" visible="true" version="1" changeset="107794359" timestamp="2021-07-11T18:53:24Z" user="Fedejru" uid="3367777" lat="-34.4701093" lon="-58.4936449"/>
 <node id="8912011664" visible="true" version="1" changeset="107794359" timestamp="2021-07-11T18:53:24Z" user="Fedejru" uid="3367777" lat="-34.4700739" lon="-58.4935912"/>
 <node id="8912011665" visible="true" version="1" changeset="107794359" timestamp="2021-07-11T18:53:24Z" user="Fedejru" uid="3367777" lat="-34.4700363" lon="-58.4935296"/>
 <node id="8912011666" visible="true" version="1" changeset="107794359" timestamp="2021-07-11T18:53:24Z" user="Fedejru" uid="3367777" lat="-34.4699877" lon="-58.4934464"/>
 <node id="8912011667" visible="true" version="1" changeset="107794359" timestamp="2021-07-11T18:53:24Z" user="Fedejru" uid="3367777" lat="-34.4699678" lon="-58.4933820"/>
 <node id="8912011668" visible="true" version="1" changeset="107794359" timestamp="2021-07-11T18:53:24Z" user="Fedejru" uid="3367777" lat="-34.4699501" lon="-58.4932855"/>
 <node id="8912011669" visible="true" version="1" changeset="107794359" timestamp="2021-07-11T18:53:24Z" user="Fedejru" uid="3367777" lat="-34.4699479" lon="-58.4931701"/>
 <node id="9170617635" visible="true" version="1" changeset="112481087" timestamp="2021-10-13T22:23:30Z" user="CapAhab" uid="6172866" lat="-34.4639830" lon="-58.5041803"/>
 <node id="9170617662" visible="true" version="1" changeset="112481087" timestamp="2021-10-13T22:23:30Z" user="CapAhab" uid="6172866" lat="-34.4636499" lon="-58.5036892"/>
 <node id="9210892841" visible="true" version="3" changeset="177827134" timestamp="2026-01-29T01:38:41Z" user="Josuer" uid="3382594" lat="-34.4694062" lon="-58.5036739"/>
 <node id="9210892842" visible="true" version="2" changeset="161636856" timestamp="2025-01-22T12:43:58Z" user="RideauCanal" uid="20109092" lat="-34.4688836" lon="-58.5036910"/>
 <node id="9210892843" visible="true" version="3" changeset="177827134" timestamp="2026-01-29T01:38:41Z" user="Josuer" uid="3382594" lat="-34.4692020" lon="-58.5034448"/>
 <node id="9210892844" visible="true" version="3" changeset="177827134" timestamp="2026-01-29T01:38:41Z" user="Josuer" uid="3382594" lat="-34.4692520" lon="-58.5034418"/>
 <node id="9210892845" visible="true" version="3" changeset="177827134" timestamp="2026-01-29T01:38:41Z" user="Josuer" uid="3382594" lat="-34.4692925" lon="-58.5034677"/>
 <node id="9210892846" visible="true" version="2" changeset="177827134" timestamp="2026-01-29T01:38:41Z" user="Josuer" uid="3382594" lat="-34.4694018" lon="-58.5036428"/>
 <node id="9210892847" visible="true" version="3" changeset="177827134" timestamp="2026-01-29T01:38:41Z" user="Josuer" uid="3382594" lat="-34.4694006" lon="-58.5037071"/>
 <node id="9210892848" visible="true" version="3" changeset="177827134" timestamp="2026-01-29T01:38:41Z" user="Josuer" uid="3382594" lat="-34.4693725" lon="-58.5037750"/>
 <node id="9210892849" visible="true" version="2" changeset="161636856" timestamp="2025-01-22T12:43:58Z" user="RideauCanal" uid="20109092" lat="-34.4693633" lon="-58.5038250"/>
 <node id="9210892850" visible="true" version="2" changeset="177827134" timestamp="2026-01-29T01:38:41Z" user="Josuer" uid="3382594" lat="-34.4693751" lon="-58.5039013"/>
 <node id="9210892851" visible="true" version="3" changeset="177827134" timestamp="2026-01-29T01:38:41Z" user="Josuer" uid="3382594" lat="-34.4695793" lon="-58.5042400"/>
 <node id="9210892853" visible="true" version="3" changeset="177827134" timestamp="2026-01-29T01:38:41Z" user="Josuer" uid="3382594" lat="-34.4699400" lon="-58.5039718"/>
 <node id="9210892857" visible="true" version="3" changeset="177827134" timestamp="2026-01-29T01:38:41Z" user="Josuer" uid="3382594" lat="-34.4699066" lon="-58.5039172"/>
 <node id="9978691545" visible="true" version="1" changeset="125381996" timestamp="2022-08-25T22:43:14Z" user="i2004" uid="11462915" lat="-34.4705430" lon="-58.4984730">
  <tag k="bus" v="yes"/>
  <tag k="name" v="Elcano y Lopez y Planes"/>
  <tag k="public_transport" v="stop_position"/>
 </node>
 <node id="9978691547" visible="true" version="1" changeset="125381996" timestamp="2022-08-25T22:43:14Z" user="i2004" uid="11462915" lat="-34.4688818" lon="-58.5020795">
  <tag k="bus" v="yes"/>
  <tag k="name" v="Elcano y Saenz Peña"/>
  <tag k="public_transport" v="stop_position"/>
 </node>
 <node id="9982160247" visible="true" version="2" changeset="125792852" timestamp="2022-09-05T02:54:40Z" user="AgusQui" uid="331218" lat="-34.4687498" lon="-58.5023076">
  <tag k="bus" v="yes"/>
  <tag k="name" v="Pedro de Mendoza y Saenz Peña"/>
  <tag k="public_transport" v="stop_position"/>
 </node>
 <node id="10000868249" visible="true" version="3" changeset="155432048" timestamp="2024-08-18T19:44:23Z" user="i2004" uid="11462915" lat="-34.4687778" lon="-58.5023327">
  <tag k="bus" v="yes"/>
  <tag k="highway" v="bus_stop"/>
  <tag k="name" v="Pedro de Mendoza y Saenz Peña"/>
  <tag k="public_transport" v="platform"/>
 </node>
 <node id="10005198934" visible="true" version="2" changeset="125882001" timestamp="2022-09-07T04:45:21Z" user="AgusQui" uid="331218" lat="-34.4703181" lon="-58.4990077">
  <tag k="bus" v="yes"/>
  <tag k="name" v="Elcano y Lopez y Planes"/>
  <tag k="public_transport" v="stop_position"/>
 </node>
 <node id="10005213905" visible="true" version="1" changeset="125876222" timestamp="2022-09-06T21:31:12Z" user="i2004" uid="11462915" lat="-34.4675218" lon="-58.5043790">
  <tag k="bus" v="yes"/>
  <tag k="name" v="Pedro de Mendoza y Martin y Omar"/>
  <tag k="public_transport" v="stop_position"/>
 </node>
 <node id="10005239720" visible="true" version="1" changeset="125876146" timestamp="2022-09-06T21:27:46Z" user="i2004" uid="11462915" lat="-34.4660303" lon="-58.5068903">
  <tag k="bus" v="yes"/>
  <tag k="name" v="Pedro de Mendoza y Centenera"/>
  <tag k="public_transport" v="stop_position"/>
 </node>
 <node id="10007881249" visible="true" version="2" changeset="155432048" timestamp="2024-08-18T19:44:23Z" user="i2004" uid="11462915" lat="-34.4688547" lon="-58.5020518">
  <tag k="bus" v="yes"/>
  <tag k="highway" v="bus_stop"/>
  <tag k="name" v="Elcano y Saenz Peña"/>
  <tag k="public_transport" v="platform"/>
 </node>
 <node id="10285486001" visible="true" version="1" changeset="130472752" timestamp="2022-12-25T06:06:19Z" user="timmy911" uid="17463179" lat="-34.4629244" lon="-58.5032080">
  <tag k="addr:city" v="San Isidro"/>
  <tag k="addr:housenumber" v="805"/>
  <tag k="addr:postcode" v="1642"/>
  <tag k="addr:street" v="Gaetán Gutiérrez"/>
  <tag k="amenity" v="school"/>
  <tag k="name" v="Centro de Formación Profesional nº 407"/>
  <tag k="operator:type" v="public"/>
  <tag k="ref:cue" v="062429000"/>
  <tag k="source" v="Padrón Oficial de Establecimientos Educativos;https://catalogo.datos.gba.gob.ar/dataset/establecimientos-educativos/archivo/08a49256-620d-4d75-9a40-6f57df3be830"/>
 </node>
 <node id="10929748594" visible="true" version="3" changeset="152057079" timestamp="2024-05-30T23:04:26Z" user="i2004" uid="11462915" lat="-34.4688489" lon="-58.5086866">
  <tag k="bus" v="yes"/>
  <tag k="highway" v="bus_stop"/>
  <tag k="name" v="Libertador y Belgrano"/>
  <tag k="public_transport" v="platform"/>
 </node>
 <node id="11053982338" visible="true" version="1" changeset="138691823" timestamp="2023-07-19T00:39:43Z" user="LeNetsi" uid="16106864" lat="-34.4656085" lon="-58.4984472"/>
 <node id="11053982339" visible="true" version="1" changeset="138691823" timestamp="2023-07-19T00:39:43Z" user="LeNetsi" uid="16106864" lat="-34.4656499" lon="-58.4983307"/>
 <node id="11053982340" visible="true" version="1" changeset="138691823" timestamp="2023-07-19T00:39:43Z" user="LeNetsi" uid="16106864" lat="-34.4657696" lon="-58.4982442"/>
 <node id="11053982341" visible="true" version="1" changeset="138691823" timestamp="2023-07-19T00:39:43Z" user="LeNetsi" uid="16106864" lat="-34.4658305" lon="-58.4981627"/>
 <node id="11053982342" visible="true" version="2" changeset="161633143" timestamp="2025-01-22T11:01:19Z" user="RideauCanal" uid="20109092" lat="-34.4659268" lon="-58.4981033"/>
 <node id="11053982343" visible="true" version="2" changeset="161633143" timestamp="2025-01-22T11:01:19Z" user="RideauCanal" uid="20109092" lat="-34.4663527" lon="-58.4979974"/>
 <node id="11053982344" visible="true" version="2" changeset="161633143" timestamp="2025-01-22T11:01:19Z" user="RideauCanal" uid="20109092" lat="-34.4664594" lon="-58.4979611"/>
 <node id="11053982345" visible="true" version="1" changeset="138691823" timestamp="2023-07-19T00:39:43Z" user="LeNetsi" uid="16106864" lat="-34.4665527" lon="-58.4979182"/>
 <node id="11053982346" visible="true" version="2" changeset="161633143" timestamp="2025-01-22T11:01:19Z" user="RideauCanal" uid="20109092" lat="-34.4672070" lon="-58.4972889"/>
 <node id="11523765076" visible="true" version="1" changeset="146342612" timestamp="2024-01-17T00:00:09Z" user="AgusQui" uid="331218" lat="-34.4715911" lon="-58.4963313"/>
 <node id="11523765079" visible="true" version="1" changeset="146342612" timestamp="2024-01-17T00:00:09Z" user="AgusQui" uid="331218" lat="-34.4714219" lon="-58.4968664"/>
 <node id="11523765080" visible="true" version="1" changeset="146342612" timestamp="2024-01-17T00:00:09Z" user="AgusQui" uid="331218" lat="-34.4712937" lon="-58.4972204"/>
 <node id="11523765081" visible="true" version="1" changeset="146342612" timestamp="2024-01-17T00:00:09Z" user="AgusQui" uid="331218" lat="-34.4706723" lon="-58.4989826">
  <tag k="traffic_calming" v="bump"/>
 </node>
 <node id="11523765082" visible="true" version="1" changeset="146342612" timestamp="2024-01-17T00:00:09Z" user="AgusQui" uid="331218" lat="-34.4707354" lon="-58.4985642"/>
 <node id="11523765083" visible="true" version="1" changeset="146342612" timestamp="2024-01-17T00:00:09Z" user="AgusQui" uid="331218" lat="-34.4706135" lon="-58.4988564"/>
 <node id="11523765084" visible="true" version="1" changeset="146342612" timestamp="2024-01-17T00:00:09Z" user="AgusQui" uid="331218" lat="-34.4700595" lon="-58.5003719">
  <tag k="traffic_calming" v="bump"/>
 </node>
 <node id="11523765085" visible="true" version="1" changeset="146342612" timestamp="2024-01-17T00:00:09Z" user="AgusQui" uid="331218" lat="-34.4694241" lon="-58.5015535"/>
 <node id="11523765086" visible="true" version="1" changeset="146342612" timestamp="2024-01-17T00:00:09Z" user="AgusQui" uid="331218" lat="-34.4698045" lon="-58.5011366"/>
 <node id="11523765087" visible="true" version="1" changeset="146342612" timestamp="2024-01-17T00:00:09Z" user="AgusQui" uid="331218" lat="-34.4698792" lon="-58.5009941"/>
 <node id="11523765088" visible="true" version="1" changeset="146342612" timestamp="2024-01-17T00:00:09Z" user="AgusQui" uid="331218" lat="-34.4691750" lon="-58.5021502">
  <tag k="traffic_calming" v="bump"/>
 </node>
 <node id="11523765089" visible="true" version="1" changeset="146342612" timestamp="2024-01-17T00:00:09Z" user="AgusQui" uid="331218" lat="-34.4678372" lon="-58.5044350">
  <tag k="traffic_calming" v="bump"/>
 </node>
 <node id="11523765090" visible="true" version="1" changeset="146342612" timestamp="2024-01-17T00:00:09Z" user="AgusQui" uid="331218" lat="-34.4675595" lon="-58.5047272"/>
 <node id="11523765091" visible="true" version="1" changeset="146342612" timestamp="2024-01-17T00:00:09Z" user="AgusQui" uid="331218" lat="-34.4675099" lon="-58.5047865"/>
 <node id="11523765092" visible="true" version="1" changeset="146342612" timestamp="2024-01-17T00:00:09Z" user="AgusQui" uid="331218" lat="-34.4690677" lon="-58.5022216"/>
 <node id="11523765093" visible="true" version="1" changeset="146342612" timestamp="2024-01-17T00:00:09Z" user="AgusQui" uid="331218" lat="-34.4691132" lon="-58.5020888"/>
 <node id="11523765094" visible="true" version="1" changeset="146342612" timestamp="2024-01-17T00:00:09Z" user="AgusQui" uid="331218" lat="-34.4689208" lon="-58.5024517"/>
 <node id="11523765095" visible="true" version="1" changeset="146342612" timestamp="2024-01-17T00:00:09Z" user="AgusQui" uid="331218" lat="-34.4688616" lon="-58.5025045"/>
 <node id="11523765096" visible="true" version="1" changeset="146342612" timestamp="2024-01-17T00:00:09Z" user="AgusQui" uid="331218" lat="-34.4672748" lon="-58.5053866">
  <tag k="traffic_calming" v="bump"/>
 </node>
 <node id="11523765099" visible="true" version="1" changeset="146342612" timestamp="2024-01-17T00:00:09Z" user="AgusQui" uid="331218" lat="-34.4667889" lon="-58.5061917"/>
 <node id="11523765100" visible="true" version="1" changeset="146342612" timestamp="2024-01-17T00:00:09Z" user="AgusQui" uid="331218" lat="-34.4667068" lon="-58.5061345"/>
 <node id="11842453855" visible="true" version="2" changeset="161675786" timestamp="2025-01-23T13:58:17Z" user="RideauCanal" uid="20109092" lat="-34.4620889" lon="-58.5029697"/>
 <node id="11842453856" visible="true" version="1" changeset="150417744" timestamp="2024-04-23T22:29:45Z" user="dcskobuffs" uid="14174445" lat="-34.4622806" lon="-58.5037960"/>
 <node id="12118978811" visible="true" version="1" changeset="155432015" timestamp="2024-08-18T19:43:23Z" user="i2004" uid="11462915" lat="-34.4671400" lon="-58.4995044"/>
 <node id="12118978812" visible="true" version="1" changeset="155432015" timestamp="2024-08-18T19:43:23Z" user="i2004" uid="11462915" lat="-34.4656025" lon="-58.4985565"/>
 <node id="12118978813" visible="true" version="1" changeset="155432015" timestamp="2024-08-18T19:43:23Z" user="i2004" uid="11462915" lat="-34.4638243" lon="-58.4974253"/>
 <node id="12352341314" visible="true" version="1" changeset="159301940" timestamp="2024-11-18T21:41:37Z" user="Pegasus21" uid="13510663" lat="-34.4710738" lon="-58.5062331"/>
 <node id="12520943998" visible="true" version="1" changeset="161608002" timestamp="2025-01-21T16:51:55Z" user="RideauCanal" uid="20109092" lat="-34.4666953" lon="-58.4957479"/>
 <node id="12520943999" visible="true" version="1" changeset="161608002" timestamp="2025-01-21T16:51:55Z" user="RideauCanal" uid="20109092" lat="-34.4667583" lon="-58.4958297"/>
 <node id="12520944000" visible="true" version="2" changeset="162131264" timestamp="2025-02-04T15:40:08Z" user="RideauCanal" uid="20109092" lat="-34.4673811" lon="-58.4998681"/>
 <node id="12520973201" visible="true" version="1" changeset="161608002" timestamp="2025-01-21T16:51:55Z" user="RideauCanal" uid="20109092" lat="-34.4670785" lon="-58.4997989">
  <tag k="highway" v="crossing"/>
 </node>
 <node id="12520973202" visible="true" version="1" changeset="161608002" timestamp="2025-01-21T16:51:55Z" user="RideauCanal" uid="20109092" lat="-34.4671257" lon="-58.4995503">
  <tag k="highway" v="crossing"/>
 </node>
 <node id="12522649945" visible="true" version="1" changeset="161633143" timestamp="2025-01-22T11:01:19Z" user="RideauCanal" uid="20109092" lat="-34.4628762" lon="-58.5010909"/>
 <node id="12522649946" visible="true" version="1" changeset="161633143" timestamp="2025-01-22T11:01:19Z" user="RideauCanal" uid="20109092" lat="-34.4628563" lon="-58.5012169"/>
 <node id="12522649947" visible="true" version="1" changeset="161633143" timestamp="2025-01-22T11:01:19Z" user="RideauCanal" uid="20109092" lat="-34.4629208" lon="-58.5009957"/>
 <node id="12522649948" visible="true" version="1" changeset="161633143" timestamp="2025-01-22T11:01:19Z" user="RideauCanal" uid="20109092" lat="-34.4628220" lon="-58.5009299"/>
 <node id="12522649949" visible="true" version="1" changeset="161633143" timestamp="2025-01-22T11:01:19Z" user="RideauCanal" uid="20109092" lat="-34.4627689" lon="-58.5009581"/>
 <node id="12522649950" visible="true" version="1" changeset="161633143" timestamp="2025-01-22T11:01:19Z" user="RideauCanal" uid="20109092" lat="-34.4627358" lon="-58.5009889"/>
 <node id="12522649951" visible="true" version="1" changeset="161633143" timestamp="2025-01-22T11:01:19Z" user="RideauCanal" uid="20109092" lat="-34.4627269" lon="-58.5010332"/>
 <node id="12522649952" visible="true" version="1" changeset="161633143" timestamp="2025-01-22T11:01:19Z" user="RideauCanal" uid="20109092" lat="-34.4627369" lon="-58.5010949"/>
 <node id="12522649953" visible="true" version="1" changeset="161633143" timestamp="2025-01-22T11:01:19Z" user="RideauCanal" uid="20109092" lat="-34.4627855" lon="-58.5011673"/>
 <node id="12522649954" visible="true" version="1" changeset="161633143" timestamp="2025-01-22T11:01:19Z" user="RideauCanal" uid="20109092" lat="-34.4629978" lon="-58.5008843"/>
 <node id="12522649955" visible="true" version="1" changeset="161633143" timestamp="2025-01-22T11:01:19Z" user="RideauCanal" uid="20109092" lat="-34.4628508" lon="-58.5011794"/>
 <node id="12522649956" visible="true" version="2" changeset="162131264" timestamp="2025-02-04T15:40:08Z" user="RideauCanal" uid="20109092" lat="-34.4629016" lon="-58.5012927">
  <tag k="barrier" v="gate"/>
 </node>
 <node id="12522649957" visible="true" version="1" changeset="161633143" timestamp="2025-01-22T11:01:19Z" user="RideauCanal" uid="20109092" lat="-34.4629692" lon="-58.5013958"/>
 <node id="12522649958" visible="true" version="1" changeset="161633143" timestamp="2025-01-22T11:01:19Z" user="RideauCanal" uid="20109092" lat="-34.4666654" lon="-58.4978534"/>
 <node id="12522649959" visible="true" version="1" changeset="161633143" timestamp="2025-01-22T11:01:19Z" user="RideauCanal" uid="20109092" lat="-34.4668833" lon="-58.4976657"/>
 <node id="12522848883" visible="true" version="1" changeset="161638253" timestamp="2025-01-22T13:26:46Z" user="RideauCanal" uid="20109092" lat="-34.4718828" lon="-58.4941901"/>
 <node id="12522848886" visible="true" version="1" changeset="161638253" timestamp="2025-01-22T13:26:46Z" user="RideauCanal" uid="20109092" lat="-34.4717679" lon="-58.4947742"/>
 <node id="12522848887" visible="true" version="1" changeset="161638253" timestamp="2025-01-22T13:26:46Z" user="RideauCanal" uid="20109092" lat="-34.4680768" lon="-58.4980942"/>
 <node id="12522848888" visible="true" version="1" changeset="161638253" timestamp="2025-01-22T13:26:46Z" user="RideauCanal" uid="20109092" lat="-34.4680210" lon="-58.4981351"/>
 <node id="12522848889" visible="true" version="1" changeset="161638253" timestamp="2025-01-22T13:26:46Z" user="RideauCanal" uid="20109092" lat="-34.4680044" lon="-58.4981612"/>
 <node id="12522848890" visible="true" version="1" changeset="161638253" timestamp="2025-01-22T13:26:46Z" user="RideauCanal" uid="20109092" lat="-34.4679889" lon="-58.4981827"/>
 <node id="12522848891" visible="true" version="1" changeset="161638253" timestamp="2025-01-22T13:26:46Z" user="RideauCanal" uid="20109092" lat="-34.4679696" lon="-58.4982229"/>
 <node id="12522848892" visible="true" version="1" changeset="161638253" timestamp="2025-01-22T13:26:46Z" user="RideauCanal" uid="20109092" lat="-34.4677877" lon="-58.4981203"/>
 <node id="12522848893" visible="true" version="2" changeset="161645105" timestamp="2025-01-22T16:36:13Z" user="RideauCanal" uid="20109092" lat="-34.4678938" lon="-58.4982316"/>
 <node id="12522848894" visible="true" version="2" changeset="161645105" timestamp="2025-01-22T16:36:13Z" user="RideauCanal" uid="20109092" lat="-34.4679380" lon="-58.4982765"/>
 <node id="12522848895" visible="true" version="1" changeset="161638253" timestamp="2025-01-22T13:26:46Z" user="RideauCanal" uid="20109092" lat="-34.4681783" lon="-58.4985820"/>
 <node id="12522848896" visible="true" version="1" changeset="161638253" timestamp="2025-01-22T13:26:46Z" user="RideauCanal" uid="20109092" lat="-34.4677379" lon="-58.4969683"/>
 <node id="12522848897" visible="true" version="1" changeset="161638253" timestamp="2025-01-22T13:26:46Z" user="RideauCanal" uid="20109092" lat="-34.4679746" lon="-58.4972486"/>
 <node id="12522848898" visible="true" version="1" changeset="161638253" timestamp="2025-01-22T13:26:46Z" user="RideauCanal" uid="20109092" lat="-34.4677766" lon="-58.4969951"/>
 <node id="12522848899" visible="true" version="1" changeset="161638253" timestamp="2025-01-22T13:26:46Z" user="RideauCanal" uid="20109092" lat="-34.4676981" lon="-58.4969670"/>
 <node id="12522848900" visible="true" version="1" changeset="161638253" timestamp="2025-01-22T13:26:46Z" user="RideauCanal" uid="20109092" lat="-34.4676190" lon="-58.4970438"/>
 <node id="12522849101" visible="true" version="1" changeset="161638253" timestamp="2025-01-22T13:26:46Z" user="RideauCanal" uid="20109092" lat="-34.4653176" lon="-58.4973907"/>
 <node id="12522849102" visible="true" version="1" changeset="161638253" timestamp="2025-01-22T13:26:46Z" user="RideauCanal" uid="20109092" lat="-34.4653801" lon="-58.4975688"/>
 <node id="12522849103" visible="true" version="1" changeset="161638253" timestamp="2025-01-22T13:26:46Z" user="RideauCanal" uid="20109092" lat="-34.4653066" lon="-58.4972271"/>
 <node id="12522849104" visible="true" version="1" changeset="161638253" timestamp="2025-01-22T13:26:46Z" user="RideauCanal" uid="20109092" lat="-34.4653331" lon="-58.4970984"/>
 <node id="12522849105" visible="true" version="1" changeset="161638253" timestamp="2025-01-22T13:26:46Z" user="RideauCanal" uid="20109092" lat="-34.4654414" lon="-58.4969562"/>
 <node id="12522849106" visible="true" version="1" changeset="161638253" timestamp="2025-01-22T13:26:46Z" user="RideauCanal" uid="20109092" lat="-34.4655697" lon="-58.4968355"/>
 <node id="12522849107" visible="true" version="1" changeset="161638253" timestamp="2025-01-22T13:26:46Z" user="RideauCanal" uid="20109092" lat="-34.4657400" lon="-58.4967953"/>
 <node id="12522849108" visible="true" version="1" changeset="161638253" timestamp="2025-01-22T13:26:46Z" user="RideauCanal" uid="20109092" lat="-34.4659324" lon="-58.4968516"/>
 <node id="12522849109" visible="true" version="1" changeset="161638253" timestamp="2025-01-22T13:26:46Z" user="RideauCanal" uid="20109092" lat="-34.4661137" lon="-58.4969723"/>
 <node id="12522849110" visible="true" version="1" changeset="161638253" timestamp="2025-01-22T13:26:46Z" user="RideauCanal" uid="20109092" lat="-34.4662773" lon="-58.4972674"/>
 <node id="12522849111" visible="true" version="1" changeset="161638253" timestamp="2025-01-22T13:26:46Z" user="RideauCanal" uid="20109092" lat="-34.4664034" lon="-58.4976617"/>
 <node id="12522849112" visible="true" version="2" changeset="164265264" timestamp="2025-03-29T20:48:40Z" user="11000matias" uid="9658350" lat="-34.4640541" lon="-58.4963519"/>
 <node id="12522849113" visible="true" version="1" changeset="161638253" timestamp="2025-01-22T13:26:46Z" user="RideauCanal" uid="20109092" lat="-34.4648532" lon="-58.4971038"/>
 <node id="12522849114" visible="true" version="1" changeset="161638253" timestamp="2025-01-22T13:26:46Z" user="RideauCanal" uid="20109092" lat="-34.4655188" lon="-58.4976912"/>
 <node id="12523027882" visible="true" version="1" changeset="161642439" timestamp="2025-01-22T15:21:32Z" user="RideauCanal" uid="20109092" lat="-34.4610307" lon="-58.5031870"/>
 <node id="12523027883" visible="true" version="1" changeset="161642439" timestamp="2025-01-22T15:21:32Z" user="RideauCanal" uid="20109092" lat="-34.4604872" lon="-58.5034136"/>
 <node id="12523027884" visible="true" version="2" changeset="161723148" timestamp="2025-01-24T18:04:16Z" user="RideauCanal" uid="20109092" lat="-34.4683665" lon="-58.4978441"/>
 <node id="12523027885" visible="true" version="2" changeset="161723148" timestamp="2025-01-24T18:04:16Z" user="RideauCanal" uid="20109092" lat="-34.4683803" lon="-58.4978756"/>
 <node id="12523027886" visible="true" version="2" changeset="161723148" timestamp="2025-01-24T18:04:16Z" user="RideauCanal" uid="20109092" lat="-34.4684135" lon="-58.4978923"/>
 <node id="12523027887" visible="true" version="1" changeset="161642439" timestamp="2025-01-22T15:21:32Z" user="RideauCanal" uid="20109092" lat="-34.4684489" lon="-58.4978923"/>
 <node id="12523027888" visible="true" version="1" changeset="161642439" timestamp="2025-01-22T15:21:32Z" user="RideauCanal" uid="20109092" lat="-34.4686960" lon="-58.4976020"/>
 <node id="12523090848" visible="true" version="1" changeset="161643864" timestamp="2025-01-22T15:58:24Z" user="RideauCanal" uid="20109092" lat="-34.4598685" lon="-58.5047105">
  <tag k="access" v="private"/>
  <tag k="barrier" v="gate"/>
 </node>
 <node id="12523090849" visible="true" version="1" changeset="161643864" timestamp="2025-01-22T15:58:24Z" user="RideauCanal" uid="20109092" lat="-34.4594904" lon="-58.5033882"/>
 <node id="12523090850" visible="true" version="1" changeset="161643864" timestamp="2025-01-22T15:58:24Z" user="RideauCanal" uid="20109092" lat="-34.4598998" lon="-58.5048142"/>
 <node id="12523128417" visible="true" version="1" changeset="161645105" timestamp="2025-01-22T16:36:13Z" user="RideauCanal" uid="20109092" lat="-34.4635695" lon="-58.5034170"/>
 <node id="12523128418" visible="true" version="1" changeset="161645105" timestamp="2025-01-22T16:36:13Z" user="RideauCanal" uid="20109092" lat="-34.4635098" lon="-58.5033949"/>
 <node id="12523128419" visible="true" version="1" changeset="161645105" timestamp="2025-01-22T16:36:13Z" user="RideauCanal" uid="20109092" lat="-34.4635951" lon="-58.5034567"/>
 <node id="12523128420" visible="true" version="1" changeset="161645105" timestamp="2025-01-22T16:36:13Z" user="RideauCanal" uid="20109092" lat="-34.4635474" lon="-58.5034002"/>
 <node id="12523128421" visible="true" version="1" changeset="161645105" timestamp="2025-01-22T16:36:13Z" user="RideauCanal" uid="20109092" lat="-34.4634843" lon="-58.5034036"/>
 <node id="12523128422" visible="true" version="1" changeset="161645105" timestamp="2025-01-22T16:36:13Z" user="RideauCanal" uid="20109092" lat="-34.4634456" lon="-58.5034492"/>
 <node id="12523333157" visible="true" version="1" changeset="161648181" timestamp="2025-01-22T18:11:52Z" user="RideauCanal" uid="20109092" lat="-34.4688878" lon="-58.4967779"/>
 <node id="12523333158" visible="true" version="1" changeset="161648181" timestamp="2025-01-22T18:11:52Z" user="RideauCanal" uid="20109092" lat="-34.4691045" lon="-58.4970152"/>
 <node id="12523333159" visible="true" version="1" changeset="161648181" timestamp="2025-01-22T18:11:52Z" user="RideauCanal" uid="20109092" lat="-34.4691034" lon="-58.4970924"/>
 <node id="12523333160" visible="true" version="1" changeset="161648181" timestamp="2025-01-22T18:11:52Z" user="RideauCanal" uid="20109092" lat="-34.4690891" lon="-58.4969361"/>
 <node id="12523333161" visible="true" version="1" changeset="161648181" timestamp="2025-01-22T18:11:52Z" user="RideauCanal" uid="20109092" lat="-34.4690470" lon="-58.4968704"/>
 <node id="12523333162" visible="true" version="1" changeset="161648181" timestamp="2025-01-22T18:11:52Z" user="RideauCanal" uid="20109092" lat="-34.4689343" lon="-58.4967705"/>
 <node id="12523333163" visible="true" version="1" changeset="161648181" timestamp="2025-01-22T18:11:52Z" user="RideauCanal" uid="20109092" lat="-34.4689138" lon="-58.4967651"/>
 <node id="12523333164" visible="true" version="1" changeset="161648181" timestamp="2025-01-22T18:11:52Z" user="RideauCanal" uid="20109092" lat="-34.4688690" lon="-58.4968047"/>
 <node id="12523333167" visible="true" version="1" changeset="161648181" timestamp="2025-01-22T18:11:52Z" user="RideauCanal" uid="20109092" lat="-34.4679486" lon="-58.5042574"/>
 <node id="12523333168" visible="true" version="1" changeset="161648181" timestamp="2025-01-22T18:11:52Z" user="RideauCanal" uid="20109092" lat="-34.4680184" lon="-58.5041521"/>
 <node id="12525864384" visible="true" version="1" changeset="161664462" timestamp="2025-01-23T08:30:08Z" user="LakePoyang" uid="18237328" lat="-34.4720572" lon="-58.4933128"/>
 <node id="12526443720" visible="true" version="1" changeset="161675786" timestamp="2025-01-23T13:58:17Z" user="RideauCanal" uid="20109092" lat="-34.4619042" lon="-58.5030180"/>
 <node id="12526443730" visible="true" version="1" changeset="161675786" timestamp="2025-01-23T13:58:17Z" user="RideauCanal" uid="20109092" lat="-34.4616119" lon="-58.5038427"/>
 <node id="12526443731" visible="true" version="2" changeset="161723148" timestamp="2025-01-24T18:04:16Z" user="RideauCanal" uid="20109092" lat="-34.4613237" lon="-58.5034632"/>
 <node id="12526443733" visible="true" version="1" changeset="161675786" timestamp="2025-01-23T13:58:17Z" user="RideauCanal" uid="20109092" lat="-34.4615814" lon="-58.5009232"/>
 <node id="12526443734" visible="true" version="1" changeset="161675786" timestamp="2025-01-23T13:58:17Z" user="RideauCanal" uid="20109092" lat="-34.4617682" lon="-58.5006785"/>
 <node id="12526443735" visible="true" version="1" changeset="161675786" timestamp="2025-01-23T13:58:17Z" user="RideauCanal" uid="20109092" lat="-34.4619698" lon="-58.5004346"/>
 <node id="12526443736" visible="true" version="1" changeset="161675786" timestamp="2025-01-23T13:58:17Z" user="RideauCanal" uid="20109092" lat="-34.4641599" lon="-58.4967685"/>
 <node id="12526443737" visible="true" version="1" changeset="161675786" timestamp="2025-01-23T13:58:17Z" user="RideauCanal" uid="20109092" lat="-34.4640306" lon="-58.4966853"/>
 <node id="12528322472" visible="true" version="1" changeset="161696413" timestamp="2025-01-24T03:39:38Z" user="LakePoyang" uid="18237328" lat="-34.4588656" lon="-58.5031092"/>
 <node id="12528322473" visible="true" version="1" changeset="161696413" timestamp="2025-01-24T03:39:38Z" user="LakePoyang" uid="18237328" lat="-34.4589906" lon="-58.5031414"/>
 <node id="12528322474" visible="true" version="1" changeset="161696413" timestamp="2025-01-24T03:39:38Z" user="LakePoyang" uid="18237328" lat="-34.4590326" lon="-58.5031749"/>
 <node id="12528322475" visible="true" version="1" changeset="161696413" timestamp="2025-01-24T03:39:38Z" user="LakePoyang" uid="18237328" lat="-34.4590691" lon="-58.5032219"/>
 <node id="12528322476" visible="true" version="1" changeset="161696413" timestamp="2025-01-24T03:39:38Z" user="LakePoyang" uid="18237328" lat="-34.4591011" lon="-58.5032849"/>
 <node id="12528322477" visible="true" version="1" changeset="161696413" timestamp="2025-01-24T03:39:38Z" user="LakePoyang" uid="18237328" lat="-34.4593820" lon="-58.5044141"/>
 <node id="12528322478" visible="true" version="1" changeset="161696413" timestamp="2025-01-24T03:39:38Z" user="LakePoyang" uid="18237328" lat="-34.4593909" lon="-58.5045992"/>
 <node id="12528322479" visible="true" version="1" changeset="161696413" timestamp="2025-01-24T03:39:38Z" user="LakePoyang" uid="18237328" lat="-34.4593820" lon="-58.5046756"/>
 <node id="12528322480" visible="true" version="1" changeset="161696413" timestamp="2025-01-24T03:39:38Z" user="LakePoyang" uid="18237328" lat="-34.4593300" lon="-58.5047306"/>
 <node id="12528322481" visible="true" version="1" changeset="161696413" timestamp="2025-01-24T03:39:38Z" user="LakePoyang" uid="18237328" lat="-34.4592825" lon="-58.5047682"/>
 <node id="12528322482" visible="true" version="1" changeset="161696413" timestamp="2025-01-24T03:39:38Z" user="LakePoyang" uid="18237328" lat="-34.4592548" lon="-58.5048325"/>
 <node id="12528322483" visible="true" version="1" changeset="161696413" timestamp="2025-01-24T03:39:38Z" user="LakePoyang" uid="18237328" lat="-34.4592416" lon="-58.5049023"/>
 <node id="12528322484" visible="true" version="1" changeset="161696413" timestamp="2025-01-24T03:39:38Z" user="LakePoyang" uid="18237328" lat="-34.4592526" lon="-58.5049948">
  <tag k="access" v="private"/>
  <tag k="barrier" v="gate"/>
 </node>
 <node id="12528322485" visible="true" version="1" changeset="161696413" timestamp="2025-01-24T03:39:38Z" user="LakePoyang" uid="18237328" lat="-34.4597888" lon="-58.5044317"/>
 <node id="12528322492" visible="true" version="1" changeset="161696413" timestamp="2025-01-24T03:39:38Z" user="LakePoyang" uid="18237328" lat="-34.4598359" lon="-58.5045964"/>
 <node id="12528322493" visible="true" version="1" changeset="161696413" timestamp="2025-01-24T03:39:38Z" user="LakePoyang" uid="18237328" lat="-34.4596562" lon="-58.5022295"/>
 <node id="12528322494" visible="true" version="1" changeset="161696413" timestamp="2025-01-24T03:39:38Z" user="LakePoyang" uid="18237328" lat="-34.4599128" lon="-58.5031293"/>
 <node id="12528322495" visible="true" version="1" changeset="161696413" timestamp="2025-01-24T03:39:38Z" user="LakePoyang" uid="18237328" lat="-34.4602091" lon="-58.5041164"/>
 <node id="12528322496" visible="true" version="1" changeset="161696413" timestamp="2025-01-24T03:39:38Z" user="LakePoyang" uid="18237328" lat="-34.4603009" lon="-58.5043752"/>
 <node id="12529068065" visible="true" version="1" changeset="161707116" timestamp="2025-01-24T10:54:06Z" user="RideauCanal" uid="20109092" lat="-34.4656538" lon="-58.4986310">
  <tag k="highway" v="crossing"/>
 </node>
 <node id="12529068066" visible="true" version="1" changeset="161707116" timestamp="2025-01-24T10:54:06Z" user="RideauCanal" uid="20109092" lat="-34.4656858" lon="-58.4985602">
  <tag k="highway" v="crossing"/>
 </node>
 <node id="12529068067" visible="true" version="1" changeset="161707116" timestamp="2025-01-24T10:54:06Z" user="RideauCanal" uid="20109092" lat="-34.4641179" lon="-58.5042428">
  <tag k="highway" v="crossing"/>
 </node>
 <node id="12529068068" visible="true" version="1" changeset="161707116" timestamp="2025-01-24T10:54:06Z" user="RideauCanal" uid="20109092" lat="-34.4640734" lon="-58.5041885">
  <tag k="highway" v="crossing"/>
 </node>
 <node id="12529068072" visible="true" version="1" changeset="161707116" timestamp="2025-01-24T10:54:06Z" user="RideauCanal" uid="20109092" lat="-34.4660114" lon="-58.5069233">
  <tag k="highway" v="crossing"/>
 </node>
 <node id="12529842066" visible="true" version="1" changeset="161723148" timestamp="2025-01-24T18:04:16Z" user="RideauCanal" uid="20109092" lat="-34.4665552" lon="-58.4954032"/>
 <node id="12529842067" visible="true" version="1" changeset="161723148" timestamp="2025-01-24T18:04:16Z" user="RideauCanal" uid="20109092" lat="-34.4665704" lon="-58.4953831"/>
 <node id="12529842068" visible="true" version="1" changeset="161723148" timestamp="2025-01-24T18:04:16Z" user="RideauCanal" uid="20109092" lat="-34.4674168" lon="-58.4963132"/>
 <node id="12529842078" visible="true" version="1" changeset="161723148" timestamp="2025-01-24T18:04:16Z" user="RideauCanal" uid="20109092" lat="-34.4663006" lon="-58.5074294"/>
 <node id="12529842090" visible="true" version="1" changeset="161723148" timestamp="2025-01-24T18:04:16Z" user="RideauCanal" uid="20109092" lat="-34.4655354" lon="-58.5020337"/>
 <node id="12529842091" visible="true" version="1" changeset="161723148" timestamp="2025-01-24T18:04:16Z" user="RideauCanal" uid="20109092" lat="-34.4683676" lon="-58.4977602"/>
 <node id="12556774863" visible="true" version="2" changeset="187061698" timestamp="2026-08-07T01:14:53Z" user="GongolaRiver" uid="23639040" lat="-34.4680912" lon="-58.4984744">
  <tag k="access" v="private"/>
  <tag k="barrier" v="gate"/>
 </node>
 <node id="12556774866" visible="true" version="1" changeset="162131264" timestamp="2025-02-04T15:40:08Z" user="RideauCanal" uid="20109092" lat="-34.4688027" lon="-58.4963581"/>
 <node id="12556774867" visible="true" version="1" changeset="162131264" timestamp="2025-02-04T15:40:08Z" user="RideauCanal" uid="20109092" lat="-34.4688049" lon="-58.4964171"/>
 <node id="12556774868" visible="true" version="1" changeset="162131264" timestamp="2025-02-04T15:40:08Z" user="RideauCanal" uid="20109092" lat="-34.4688403" lon="-58.4965311"/>
 <node id="12558616248" visible="true" version="1" changeset="162158969" timestamp="2025-02-05T10:21:07Z" user="MulwalaCanal" uid="19895412" lat="-34.4684374" lon="-58.4984014"/>
 <node id="12558616249" visible="true" version="1" changeset="162158969" timestamp="2025-02-05T10:21:07Z" user="MulwalaCanal" uid="19895412" lat="-34.4682289" lon="-58.4986449"/>
 <node id="12710547669" visible="true" version="1" changeset="164265264" timestamp="2025-03-29T20:48:40Z" user="11000matias" uid="9658350" lat="-34.4640085" lon="-58.4962887"/>
 <node id="12710547670" visible="true" version="1" changeset="164265264" timestamp="2025-03-29T20:48:40Z" user="11000matias" uid="9658350" lat="-34.4639882" lon="-58.4962456"/>
 <node id="12710547671" visible="true" version="1" changeset="164265264" timestamp="2025-03-29T20:48:40Z" user="11000matias" uid="9658350" lat="-34.4641429" lon="-58.4964356"/>
 <node id="12710547672" visible="true" version="1" changeset="164265264" timestamp="2025-03-29T20:48:40Z" user="11000matias" uid="9658350" lat="-34.4640267" lon="-58.4965980"/>
 <node id="12710547673" visible="true" version="1" changeset="164265264" timestamp="2025-03-29T20:48:40Z" user="11000matias" uid="9658350" lat="-34.4640489" lon="-58.4965667"/>
 <node id="12710547674" visible="true" version="1" changeset="164265264" timestamp="2025-03-29T20:48:40Z" user="11000matias" uid="9658350" lat="-34.4641332" lon="-58.4964476"/>
 <node id="12710547675" visible="true" version="1" changeset="164265264" timestamp="2025-03-29T20:48:40Z" user="11000matias" uid="9658350" lat="-34.4634190" lon="-58.4957147"/>
 <node id="12710547676" visible="true" version="1" changeset="164265264" timestamp="2025-03-29T20:48:40Z" user="11000matias" uid="9658350" lat="-34.4639337" lon="-58.4959625"/>
 <node id="12710547677" visible="true" version="1" changeset="164265264" timestamp="2025-03-29T20:48:40Z" user="11000matias" uid="9658350" lat="-34.4639723" lon="-58.4961008"/>
 <node id="12710547678" visible="true" version="1" changeset="164265264" timestamp="2025-03-29T20:48:40Z" user="11000matias" uid="9658350" lat="-34.4640135" lon="-58.4961735"/>
 <node id="12710547679" visible="true" version="1" changeset="164265264" timestamp="2025-03-29T20:48:40Z" user="11000matias" uid="9658350" lat="-34.4642153" lon="-58.4953182"/>
 <node id="12710547680" visible="true" version="1" changeset="164265264" timestamp="2025-03-29T20:48:40Z" user="11000matias" uid="9658350" lat="-34.4644315" lon="-58.4949706"/>
 <node id="12710547681" visible="true" version="1" changeset="164265264" timestamp="2025-03-29T20:48:40Z" user="11000matias" uid="9658350" lat="-34.4646477" lon="-58.4945010"/>
 <node id="12710547682" visible="true" version="1" changeset="164265264" timestamp="2025-03-29T20:48:40Z" user="11000matias" uid="9658350" lat="-34.4647851" lon="-58.4943343"/>
 <node id="12710547683" visible="true" version="1" changeset="164265264" timestamp="2025-03-29T20:48:40Z" user="11000matias" uid="9658350" lat="-34.4649041" lon="-58.4942754"/>
 <node id="12710547684" visible="true" version="1" changeset="164265264" timestamp="2025-03-29T20:48:40Z" user="11000matias" uid="9658350" lat="-34.4649779" lon="-58.4943018"/>
 <node id="12710547685" visible="true" version="1" changeset="164265264" timestamp="2025-03-29T20:48:40Z" user="11000matias" uid="9658350" lat="-34.4650592" lon="-58.4942195"/>
 <node id="12710547686" visible="true" version="1" changeset="164265264" timestamp="2025-03-29T20:48:40Z" user="11000matias" uid="9658350" lat="-34.4651278" lon="-58.4940691"/>
 <node id="12710547687" visible="true" version="1" changeset="164265264" timestamp="2025-03-29T20:48:40Z" user="11000matias" uid="9658350" lat="-34.4634693" lon="-58.4957137"/>
 <node id="12710547688" visible="true" version="1" changeset="164265264" timestamp="2025-03-29T20:48:40Z" user="11000matias" uid="9658350" lat="-34.4635313" lon="-58.4957523"/>
 <node id="12710547689" visible="true" version="1" changeset="164265264" timestamp="2025-03-29T20:48:40Z" user="11000matias" uid="9658350" lat="-34.4636168" lon="-58.4958742"/>
 <node id="12710547690" visible="true" version="1" changeset="164265264" timestamp="2025-03-29T20:48:40Z" user="11000matias" uid="9658350" lat="-34.4637324" lon="-58.4960409"/>
 <node id="12710547691" visible="true" version="1" changeset="164265264" timestamp="2025-03-29T20:48:40Z" user="11000matias" uid="9658350" lat="-34.4637945" lon="-58.4960714"/>
 <node id="12710547692" visible="true" version="1" changeset="164265264" timestamp="2025-03-29T20:48:40Z" user="11000matias" uid="9658350" lat="-34.4638883" lon="-58.4960531"/>
 <node id="12710547693" visible="true" version="1" changeset="164265264" timestamp="2025-03-29T20:48:40Z" user="11000matias" uid="9658350" lat="-34.4640997" lon="-58.4961389"/>
 <node id="12710547694" visible="true" version="1" changeset="164265264" timestamp="2025-03-29T20:48:40Z" user="11000matias" uid="9658350" lat="-34.4661792" lon="-58.4954763"/>
 <node id="12710547695" visible="true" version="1" changeset="164265264" timestamp="2025-03-29T20:48:40Z" user="11000matias" uid="9658350" lat="-34.4659303" lon="-58.4950727"/>
 <node id="12710547696" visible="true" version="1" changeset="164265264" timestamp="2025-03-29T20:48:40Z" user="11000matias" uid="9658350" lat="-34.4656991" lon="-58.4947276"/>
 <node id="12710547697" visible="true" version="1" changeset="164265264" timestamp="2025-03-29T20:48:40Z" user="11000matias" uid="9658350" lat="-34.4658219" lon="-58.4953783"/>
 <node id="12710547698" visible="true" version="1" changeset="164265264" timestamp="2025-03-29T20:48:40Z" user="11000matias" uid="9658350" lat="-34.4662108" lon="-58.4959200"/>
 <node id="12710547699" visible="true" version="1" changeset="164265264" timestamp="2025-03-29T20:48:40Z" user="11000matias" uid="9658350" lat="-34.4666228" lon="-58.4964874"/>
 <node id="12710547700" visible="true" version="1" changeset="164265264" timestamp="2025-03-29T20:48:40Z" user="11000matias" uid="9658350" lat="-34.4669731" lon="-58.4971132"/>
 <node id="12710607201" visible="true" version="1" changeset="164265264" timestamp="2025-03-29T20:48:40Z" user="11000matias" uid="9658350" lat="-34.4671772" lon="-58.4972416"/>
 <node id="12710607202" visible="true" version="1" changeset="164265264" timestamp="2025-03-29T20:48:40Z" user="11000matias" uid="9658350" lat="-34.4672797" lon="-58.4972495"/>
 <node id="12710607203" visible="true" version="1" changeset="164265264" timestamp="2025-03-29T20:48:40Z" user="11000matias" uid="9658350" lat="-34.4653830" lon="-58.4948506"/>
 <node id="12710607204" visible="true" version="1" changeset="164265264" timestamp="2025-03-29T20:48:40Z" user="11000matias" uid="9658350" lat="-34.4654735" lon="-58.4949533"/>
 <node id="12710607205" visible="true" version="1" changeset="164265264" timestamp="2025-03-29T20:48:40Z" user="11000matias" uid="9658350" lat="-34.4671312" lon="-58.4973459"/>
 <node id="12710607206" visible="true" version="1" changeset="164265264" timestamp="2025-03-29T20:48:40Z" user="11000matias" uid="9658350" lat="-34.4670118" lon="-58.4974908"/>
 <node id="12710607207" visible="true" version="1" changeset="164265264" timestamp="2025-03-29T20:48:40Z" user="11000matias" uid="9658350" lat="-34.4669145" lon="-58.4975069"/>
 <node id="12710607208" visible="true" version="1" changeset="164265264" timestamp="2025-03-29T20:48:40Z" user="11000matias" uid="9658350" lat="-34.4667663" lon="-58.4972306"/>
 <node id="12710607209" visible="true" version="1" changeset="164265264" timestamp="2025-03-29T20:48:40Z" user="11000matias" uid="9658350" lat="-34.4656758" lon="-58.4951615"/>
 <node id="12710607210" visible="true" version="1" changeset="164265264" timestamp="2025-03-29T20:48:40Z" user="11000matias" uid="9658350" lat="-34.4655755" lon="-58.4951902"/>
 <node id="12710607211" visible="true" version="1" changeset="164265264" timestamp="2025-03-29T20:48:40Z" user="11000matias" uid="9658350" lat="-34.4657693" lon="-58.4954793"/>
 <node id="12741538482" visible="true" version="1" changeset="164725220" timestamp="2025-04-09T13:32:33Z" user="maia itati" uid="22729361" lat="-34.4693529" lon="-58.5002964"/>
 <node id="12741538483" visible="true" version="1" changeset="164725220" timestamp="2025-04-09T13:32:33Z" user="maia itati" uid="22729361" lat="-34.4693026" lon="-58.5002232"/>
 <node id="12741538484" visible="true" version="1" changeset="164725220" timestamp="2025-04-09T13:32:33Z" user="maia itati" uid="22729361" lat="-34.4693777" lon="-58.5001451"/>
 <node id="12741538485" visible="true" version="1" changeset="164725220" timestamp="2025-04-09T13:32:33Z" user="maia itati" uid="22729361" lat="-34.4694340" lon="-58.5002248"/>
 <node id="12741538486" visible="true" version="1" changeset="164725220" timestamp="2025-04-09T13:32:33Z" user="maia itati" uid="22729361" lat="-34.4692825" lon="-58.5005029"/>
 <node id="12741538487" visible="true" version="1" changeset="164725220" timestamp="2025-04-09T13:32:33Z" user="maia itati" uid="22729361" lat="-34.4692309" lon="-58.5004224"/>
 <node id="12741538488" visible="true" version="1" changeset="164725220" timestamp="2025-04-09T13:32:33Z" user="maia itati" uid="22729361" lat="-34.4692758" lon="-58.5003736"/>
 <node id="12741538489" visible="true" version="1" changeset="164725220" timestamp="2025-04-09T13:32:33Z" user="maia itati" uid="22729361" lat="-34.4692912" lon="-58.5004005"/>
 <node id="12741538490" visible="true" version="1" changeset="164725220" timestamp="2025-04-09T13:32:33Z" user="maia itati" uid="22729361" lat="-34.4694420" lon="-58.5002639"/>
 <node id="12741538491" visible="true" version="1" changeset="164725220" timestamp="2025-04-09T13:32:33Z" user="maia itati" uid="22729361" lat="-34.4694802" lon="-58.5003200"/>
 <node id="12741538492" visible="true" version="1" changeset="164725220" timestamp="2025-04-09T13:32:33Z" user="maia itati" uid="22729361" lat="-34.4691528" lon="-58.5002093"/>
 <node id="12741538493" visible="true" version="1" changeset="164725220" timestamp="2025-04-09T13:32:33Z" user="maia itati" uid="22729361" lat="-34.4691279" lon="-58.5001670"/>
 <node id="12741538494" visible="true" version="1" changeset="164725220" timestamp="2025-04-09T13:32:33Z" user="maia itati" uid="22729361" lat="-34.4692246" lon="-58.5000787"/>
 <node id="12741538495" visible="true" version="1" changeset="164725220" timestamp="2025-04-09T13:32:33Z" user="maia itati" uid="22729361" lat="-34.4692500" lon="-58.5001251"/>
 <node id="12741538496" visible="true" version="2" changeset="178950932" timestamp="2026-02-23T16:13:57Z" user="Avardent" uid="20972825" lat="-34.4691453" lon="-58.4999792"/>
 <node id="12741538497" visible="true" version="2" changeset="178950932" timestamp="2026-02-23T16:13:57Z" user="Avardent" uid="20972825" lat="-34.4691952" lon="-58.5000593"/>
 <node id="12741538498" visible="true" version="2" changeset="178950932" timestamp="2026-02-23T16:13:57Z" user="Avardent" uid="20972825" lat="-34.4692654" lon="-58.4999948"/>
 <node id="12741538499" visible="true" version="2" changeset="178950932" timestamp="2026-02-23T16:13:57Z" user="Avardent" uid="20972825" lat="-34.4692155" lon="-58.4999148"/>
 <node id="12741538500" visible="true" version="1" changeset="164725220" timestamp="2025-04-09T13:32:33Z" user="maia itati" uid="22729361" lat="-34.4693814" lon="-58.5004276"/>
 <node id="12741570801" visible="true" version="1" changeset="164725220" timestamp="2025-04-09T13:32:33Z" user="maia itati" uid="22729361" lat="-34.4694260" lon="-58.5005082"/>
 <node id="12741570802" visible="true" version="1" changeset="164725220" timestamp="2025-04-09T13:32:33Z" user="maia itati" uid="22729361" lat="-34.4694569" lon="-58.5004688"/>
 <node id="12741570803" visible="true" version="1" changeset="164725220" timestamp="2025-04-09T13:32:33Z" user="maia itati" uid="22729361" lat="-34.4694456" lon="-58.5004505"/>
 <node id="12741570804" visible="true" version="1" changeset="164725220" timestamp="2025-04-09T13:32:33Z" user="maia itati" uid="22729361" lat="-34.4695076" lon="-58.5004019"/>
 <node id="12741570805" visible="true" version="1" changeset="164725220" timestamp="2025-04-09T13:32:33Z" user="maia itati" uid="22729361" lat="-34.4694705" lon="-58.5003451"/>
 <node id="12741570806" visible="true" version="1" changeset="164725220" timestamp="2025-04-09T13:32:33Z" user="maia itati" uid="22729361" lat="-34.4696179" lon="-58.5004606"/>
 <node id="12741570807" visible="true" version="1" changeset="164725220" timestamp="2025-04-09T13:32:33Z" user="maia itati" uid="22729361" lat="-34.4695227" lon="-58.5004194"/>
 <node id="12741570808" visible="true" version="1" changeset="164725220" timestamp="2025-04-09T13:32:33Z" user="maia itati" uid="22729361" lat="-34.4694282" lon="-58.5005202"/>
 <node id="12741570809" visible="true" version="1" changeset="164725220" timestamp="2025-04-09T13:32:33Z" user="maia itati" uid="22729361" lat="-34.4694668" lon="-58.5005513"/>
 <node id="12741570810" visible="true" version="1" changeset="164725220" timestamp="2025-04-09T13:32:33Z" user="maia itati" uid="22729361" lat="-34.4694010" lon="-58.5006961"/>
 <node id="12741570811" visible="true" version="1" changeset="164725220" timestamp="2025-04-09T13:32:33Z" user="maia itati" uid="22729361" lat="-34.4694864" lon="-58.5007529"/>
 <node id="12741570812" visible="true" version="1" changeset="164725220" timestamp="2025-04-09T13:32:33Z" user="maia itati" uid="22729361" lat="-34.4692784" lon="-58.5007459"/>
 <node id="12741570813" visible="true" version="1" changeset="164725220" timestamp="2025-04-09T13:32:33Z" user="maia itati" uid="22729361" lat="-34.4693200" lon="-58.5006442"/>
 <node id="12741570814" visible="true" version="1" changeset="164725220" timestamp="2025-04-09T13:32:33Z" user="maia itati" uid="22729361" lat="-34.4694359" lon="-58.5007234"/>
 <node id="12741570815" visible="true" version="1" changeset="164725220" timestamp="2025-04-09T13:32:33Z" user="maia itati" uid="22729361" lat="-34.4693885" lon="-58.5008191"/>
 <node id="12741570816" visible="true" version="1" changeset="164725220" timestamp="2025-04-09T13:32:33Z" user="maia itati" uid="22729361" lat="-34.4692433" lon="-58.5009702"/>
 <node id="12741570817" visible="true" version="1" changeset="164725220" timestamp="2025-04-09T13:32:33Z" user="maia itati" uid="22729361" lat="-34.4693552" lon="-58.5010380"/>
 <node id="12741570818" visible="true" version="1" changeset="164725220" timestamp="2025-04-09T13:32:33Z" user="maia itati" uid="22729361" lat="-34.4694440" lon="-58.5008514"/>
 <node id="12741570819" visible="true" version="1" changeset="164725220" timestamp="2025-04-09T13:32:33Z" user="maia itati" uid="22729361" lat="-34.4693749" lon="-58.5008306"/>
 <node id="12741570820" visible="true" version="1" changeset="164725220" timestamp="2025-04-09T13:32:33Z" user="maia itati" uid="22729361" lat="-34.4691795" lon="-58.5008777"/>
 <node id="12741570821" visible="true" version="1" changeset="164725220" timestamp="2025-04-09T13:32:33Z" user="maia itati" uid="22729361" lat="-34.4691289" lon="-58.5007995"/>
 <node id="12741570822" visible="true" version="1" changeset="164725220" timestamp="2025-04-09T13:32:33Z" user="maia itati" uid="22729361" lat="-34.4691947" lon="-58.5007381"/>
 <node id="12741570823" visible="true" version="1" changeset="164725220" timestamp="2025-04-09T13:32:33Z" user="maia itati" uid="22729361" lat="-34.4692381" lon="-58.5008306"/>
 <node id="12741570824" visible="true" version="1" changeset="164725220" timestamp="2025-04-09T13:32:33Z" user="maia itati" uid="22729361" lat="-34.4691855" lon="-58.5008889"/>
 <node id="12741570825" visible="true" version="1" changeset="164725220" timestamp="2025-04-09T13:32:33Z" user="maia itati" uid="22729361" lat="-34.4692282" lon="-58.5009654"/>
 <node id="12741570826" visible="true" version="1" changeset="164725220" timestamp="2025-04-09T13:32:33Z" user="maia itati" uid="22729361" lat="-34.4692828" lon="-58.5009120"/>
 <node id="12741570827" visible="true" version="1" changeset="164725220" timestamp="2025-04-09T13:32:33Z" user="maia itati" uid="22729361" lat="-34.4692414" lon="-58.5008362"/>
 <node id="12741570828" visible="true" version="1" changeset="164725220" timestamp="2025-04-09T13:32:33Z" user="maia itati" uid="22729361" lat="-34.4692716" lon="-58.5006312"/>
 <node id="12741570829" visible="true" version="1" changeset="164725220" timestamp="2025-04-09T13:32:33Z" user="maia itati" uid="22729361" lat="-34.4692289" lon="-58.5005634"/>
 <node id="12741570830" visible="true" version="1" changeset="164725220" timestamp="2025-04-09T13:32:33Z" user="maia itati" uid="22729361" lat="-34.4693361" lon="-58.5004636"/>
 <node id="12741570831" visible="true" version="1" changeset="164725220" timestamp="2025-04-09T13:32:33Z" user="maia itati" uid="22729361" lat="-34.4693545" lon="-58.5004947"/>
 <node id="12741570832" visible="true" version="1" changeset="164725220" timestamp="2025-04-09T13:32:33Z" user="maia itati" uid="22729361" lat="-34.4692894" lon="-58.5005562"/>
 <node id="12741570833" visible="true" version="1" changeset="164725220" timestamp="2025-04-09T13:32:33Z" user="maia itati" uid="22729361" lat="-34.4693091" lon="-58.5005921"/>
 <node id="12741570834" visible="true" version="1" changeset="164725220" timestamp="2025-04-09T13:32:33Z" user="maia itati" uid="22729361" lat="-34.4691019" lon="-58.5007596"/>
 <node id="12741570835" visible="true" version="1" changeset="164725220" timestamp="2025-04-09T13:32:33Z" user="maia itati" uid="22729361" lat="-34.4690243" lon="-58.5006264"/>
 <node id="12741570836" visible="true" version="1" changeset="164725220" timestamp="2025-04-09T13:32:33Z" user="maia itati" uid="22729361" lat="-34.4690947" lon="-58.5005586"/>
 <node id="12741570837" visible="true" version="1" changeset="164725220" timestamp="2025-04-09T13:32:33Z" user="maia itati" uid="22729361" lat="-34.4691289" lon="-58.5006375"/>
 <node id="12741570838" visible="true" version="1" changeset="164725220" timestamp="2025-04-09T13:32:33Z" user="maia itati" uid="22729361" lat="-34.4691677" lon="-58.5005961"/>
 <node id="12741570839" visible="true" version="1" changeset="164725220" timestamp="2025-04-09T13:32:33Z" user="maia itati" uid="22729361" lat="-34.4692065" lon="-58.5006551"/>
 <node id="12741570840" visible="true" version="1" changeset="164725220" timestamp="2025-04-09T13:32:33Z" user="maia itati" uid="22729361" lat="-34.4690171" lon="-58.5006152"/>
 <node id="12741570841" visible="true" version="1" changeset="164725220" timestamp="2025-04-09T13:32:33Z" user="maia itati" uid="22729361" lat="-34.4689704" lon="-58.5005314"/>
 <node id="12741570842" visible="true" version="1" changeset="164725220" timestamp="2025-04-09T13:32:33Z" user="maia itati" uid="22729361" lat="-34.4690684" lon="-58.5004389"/>
 <node id="12741570843" visible="true" version="1" changeset="164725220" timestamp="2025-04-09T13:32:33Z" user="maia itati" uid="22729361" lat="-34.4691315" lon="-58.5005171"/>
 <node id="12741570844" visible="true" version="1" changeset="164725220" timestamp="2025-04-09T13:32:33Z" user="maia itati" uid="22729361" lat="-34.4692088" lon="-58.5004339"/>
 <node id="12741570845" visible="true" version="1" changeset="164725220" timestamp="2025-04-09T13:32:33Z" user="maia itati" uid="22729361" lat="-34.4691600" lon="-58.5003511"/>
 <node id="12741570846" visible="true" version="1" changeset="164725220" timestamp="2025-04-09T13:32:33Z" user="maia itati" uid="22729361" lat="-34.4692038" lon="-58.5003027"/>
 <node id="12741570847" visible="true" version="1" changeset="164725220" timestamp="2025-04-09T13:32:33Z" user="maia itati" uid="22729361" lat="-34.4692362" lon="-58.5003553"/>
 <node id="12741570848" visible="true" version="1" changeset="164725220" timestamp="2025-04-09T13:32:33Z" user="maia itati" uid="22729361" lat="-34.4692602" lon="-58.5003323"/>
 <node id="12741570849" visible="true" version="1" changeset="164725220" timestamp="2025-04-09T13:32:33Z" user="maia itati" uid="22729361" lat="-34.4692816" lon="-58.5003674"/>
 <node id="12741570850" visible="true" version="1" changeset="164725220" timestamp="2025-04-09T13:32:33Z" user="maia itati" uid="22729361" lat="-34.4689631" lon="-58.5005248"/>
 <node id="12741570851" visible="true" version="1" changeset="164725220" timestamp="2025-04-09T13:32:33Z" user="maia itati" uid="22729361" lat="-34.4688669" lon="-58.5003604"/>
 <node id="12741570852" visible="true" version="1" changeset="164725220" timestamp="2025-04-09T13:32:33Z" user="maia itati" uid="22729361" lat="-34.4689805" lon="-58.5002425"/>
 <node id="12741570853" visible="true" version="1" changeset="164725220" timestamp="2025-04-09T13:32:33Z" user="maia itati" uid="22729361" lat="-34.4690643" lon="-58.5004287"/>
 <node id="12741570854" visible="true" version="1" changeset="164725220" timestamp="2025-04-09T13:32:33Z" user="maia itati" uid="22729361" lat="-34.4688739" lon="-58.5001947"/>
 <node id="12741570855" visible="true" version="1" changeset="164725220" timestamp="2025-04-09T13:32:33Z" user="maia itati" uid="22729361" lat="-34.4688290" lon="-58.5001082"/>
 <node id="12741570856" visible="true" version="1" changeset="164725220" timestamp="2025-04-09T13:32:33Z" user="maia itati" uid="22729361" lat="-34.4689242" lon="-58.5000236"/>
 <node id="12741570857" visible="true" version="1" changeset="164725220" timestamp="2025-04-09T13:32:33Z" user="maia itati" uid="22729361" lat="-34.4689676" lon="-58.5001149"/>
 <node id="12741570858" visible="true" version="1" changeset="164725220" timestamp="2025-04-09T13:32:33Z" user="maia itati" uid="22729361" lat="-34.4688599" lon="-58.5003513"/>
 <node id="12741570859" visible="true" version="1" changeset="164725220" timestamp="2025-04-09T13:32:33Z" user="maia itati" uid="22729361" lat="-34.4687637" lon="-58.5001965"/>
 <node id="12741570860" visible="true" version="1" changeset="164725220" timestamp="2025-04-09T13:32:33Z" user="maia itati" uid="22729361" lat="-34.4688081" lon="-58.5001554"/>
 <node id="12741570861" visible="true" version="1" changeset="164725220" timestamp="2025-04-09T13:32:33Z" user="maia itati" uid="22729361" lat="-34.4688414" lon="-58.5002328"/>
 <node id="12741570862" visible="true" version="1" changeset="164725220" timestamp="2025-04-09T13:32:33Z" user="maia itati" uid="22729361" lat="-34.4688843" lon="-58.5001917"/>
 <node id="12741570863" visible="true" version="1" changeset="164725220" timestamp="2025-04-09T13:32:33Z" user="maia itati" uid="22729361" lat="-34.4689312" lon="-58.5002769"/>
 <node id="12741570864" visible="true" version="2" changeset="178950932" timestamp="2026-02-23T16:13:57Z" user="Avardent" uid="20972825" lat="-34.4691205" lon="-58.5000000"/>
 <node id="12741570865" visible="true" version="2" changeset="178950932" timestamp="2026-02-23T16:13:57Z" user="Avardent" uid="20972825" lat="-34.4690626" lon="-58.4999125"/>
 <node id="12741570866" visible="true" version="2" changeset="178950932" timestamp="2026-02-23T16:13:57Z" user="Avardent" uid="20972825" lat="-34.4691560" lon="-58.4998213"/>
 <node id="12741570867" visible="true" version="2" changeset="178950932" timestamp="2026-02-23T16:13:57Z" user="Avardent" uid="20972825" lat="-34.4692140" lon="-58.4999089"/>
 <node id="12741570868" visible="true" version="1" changeset="164725220" timestamp="2025-04-09T13:32:33Z" user="maia itati" uid="22729361" lat="-34.4690088" lon="-58.4997927"/>
 <node id="12741570869" visible="true" version="1" changeset="164725220" timestamp="2025-04-09T13:32:33Z" user="maia itati" uid="22729361" lat="-34.4689275" lon="-58.4996906"/>
 <node id="12741570870" visible="true" version="1" changeset="164725220" timestamp="2025-04-09T13:32:33Z" user="maia itati" uid="22729361" lat="-34.4690054" lon="-58.4995816"/>
 <node id="12741570871" visible="true" version="1" changeset="164725220" timestamp="2025-04-09T13:32:33Z" user="maia itati" uid="22729361" lat="-34.4690976" lon="-58.4997219"/>
 <node id="12741570872" visible="true" version="1" changeset="164725220" timestamp="2025-04-09T13:32:33Z" user="maia itati" uid="22729361" lat="-34.4690947" lon="-58.4997330"/>
 <node id="12741570873" visible="true" version="1" changeset="164725220" timestamp="2025-04-09T13:32:33Z" user="maia itati" uid="22729361" lat="-34.4691365" lon="-58.4998094"/>
 <node id="12741570874" visible="true" version="1" changeset="164725220" timestamp="2025-04-09T13:32:33Z" user="maia itati" uid="22729361" lat="-34.4690649" lon="-58.4998719"/>
 <node id="12741570875" visible="true" version="1" changeset="164725220" timestamp="2025-04-09T13:32:33Z" user="maia itati" uid="22729361" lat="-34.4690185" lon="-58.4998024"/>
 <node id="12741570876" visible="true" version="1" changeset="164725220" timestamp="2025-04-09T13:32:33Z" user="maia itati" uid="22729361" lat="-34.4689240" lon="-58.4997225"/>
 <node id="12741570877" visible="true" version="1" changeset="164725220" timestamp="2025-04-09T13:32:33Z" user="maia itati" uid="22729361" lat="-34.4689761" lon="-58.4997919"/>
 <node id="12741570878" visible="true" version="1" changeset="164725220" timestamp="2025-04-09T13:32:33Z" user="maia itati" uid="22729361" lat="-34.4689067" lon="-58.4998762"/>
 <node id="12741570879" visible="true" version="1" changeset="164725220" timestamp="2025-04-09T13:32:33Z" user="maia itati" uid="22729361" lat="-34.4688772" lon="-58.4998498"/>
 <node id="12741570880" visible="true" version="1" changeset="164725220" timestamp="2025-04-09T13:32:33Z" user="maia itati" uid="22729361" lat="-34.4688477" lon="-58.4998930"/>
 <node id="12741570881" visible="true" version="1" changeset="164725220" timestamp="2025-04-09T13:32:33Z" user="maia itati" uid="22729361" lat="-34.4688104" lon="-58.4998719"/>
 <node id="12741570882" visible="true" version="1" changeset="164725220" timestamp="2025-04-09T13:32:33Z" user="maia itati" uid="22729361" lat="-34.4687019" lon="-58.5000551"/>
 <node id="12741570883" visible="true" version="1" changeset="164725220" timestamp="2025-04-09T13:32:33Z" user="maia itati" uid="22729361" lat="-34.4687487" lon="-58.5000972"/>
 <node id="12741570884" visible="true" version="1" changeset="164725220" timestamp="2025-04-09T13:32:33Z" user="maia itati" uid="22729361" lat="-34.4687869" lon="-58.5000330"/>
 <node id="12741570885" visible="true" version="1" changeset="164725220" timestamp="2025-04-09T13:32:33Z" user="maia itati" uid="22729361" lat="-34.4688590" lon="-58.4999477"/>
 <node id="12741570886" visible="true" version="1" changeset="164725220" timestamp="2025-04-09T13:32:33Z" user="maia itati" uid="22729361" lat="-34.4687999" lon="-58.4998867"/>
 <node id="13131361353" visible="true" version="1" changeset="171695708" timestamp="2025-09-09T16:35:23Z" user="g0nz" uid="9536659" lat="-34.4594859" lon="-58.4995937"/>
 <node id="13131361354" visible="true" version="1" changeset="171695708" timestamp="2025-09-09T16:35:23Z" user="g0nz" uid="9536659" lat="-34.4596327" lon="-58.4997201"/>
 <node id="13131361355" visible="true" version="1" changeset="171695708" timestamp="2025-09-09T16:35:23Z" user="g0nz" uid="9536659" lat="-34.4597346" lon="-58.4997545"/>
 <node id="13131361356" visible="true" version="1" changeset="171695708" timestamp="2025-09-09T16:35:23Z" user="g0nz" uid="9536659" lat="-34.4598624" lon="-58.4997344"/>
 <node id="13131361357" visible="true" version="1" changeset="171695708" timestamp="2025-09-09T16:35:23Z" user="g0nz" uid="9536659" lat="-34.4599359" lon="-58.4997258"/>
 <node id="13131361358" visible="true" version="1" changeset="171695708" timestamp="2025-09-09T16:35:23Z" user="g0nz" uid="9536659" lat="-34.4600424" lon="-58.4997057"/>
 <node id="13131361359" visible="true" version="1" changeset="171695708" timestamp="2025-09-09T16:35:23Z" user="g0nz" uid="9536659" lat="-34.4601064" lon="-58.4997143"/>
 <node id="13131361360" visible="true" version="1" changeset="171695708" timestamp="2025-09-09T16:35:23Z" user="g0nz" uid="9536659" lat="-34.4601561" lon="-58.4997028"/>
 <node id="13131361361" visible="true" version="1" changeset="171695708" timestamp="2025-09-09T16:35:23Z" user="g0nz" uid="9536659" lat="-34.4602011" lon="-58.4996425"/>
 <node id="13131361362" visible="true" version="1" changeset="171695708" timestamp="2025-09-09T16:35:23Z" user="g0nz" uid="9536659" lat="-34.4602414" lon="-58.4995707"/>
 <node id="13131361363" visible="true" version="1" changeset="171695708" timestamp="2025-09-09T16:35:23Z" user="g0nz" uid="9536659" lat="-34.4603124" lon="-58.4995247"/>
 <node id="13131361364" visible="true" version="1" changeset="171695708" timestamp="2025-09-09T16:35:23Z" user="g0nz" uid="9536659" lat="-34.4603788" lon="-58.4994730"/>
 <node id="13131361365" visible="true" version="1" changeset="171695708" timestamp="2025-09-09T16:35:23Z" user="g0nz" uid="9536659" lat="-34.4604072" lon="-58.4994012"/>
 <node id="13131361366" visible="true" version="1" changeset="171695708" timestamp="2025-09-09T16:35:23Z" user="g0nz" uid="9536659" lat="-34.4604214" lon="-58.4992835"/>
 <node id="13131361367" visible="true" version="1" changeset="171695708" timestamp="2025-09-09T16:35:23Z" user="g0nz" uid="9536659" lat="-34.4603930" lon="-58.4990910"/>
 <node id="13131361368" visible="true" version="1" changeset="171695708" timestamp="2025-09-09T16:35:23Z" user="g0nz" uid="9536659" lat="-34.4603006" lon="-58.4990221"/>
 <node id="13131361369" visible="true" version="1" changeset="171695708" timestamp="2025-09-09T16:35:23Z" user="g0nz" uid="9536659" lat="-34.4601822" lon="-58.4989675"/>
 <node id="13131361370" visible="true" version="1" changeset="171695708" timestamp="2025-09-09T16:35:23Z" user="g0nz" uid="9536659" lat="-34.4601206" lon="-58.4989187"/>
 <node id="13131361371" visible="true" version="1" changeset="171695708" timestamp="2025-09-09T16:35:23Z" user="g0nz" uid="9536659" lat="-34.4600022" lon="-58.4988957"/>
 <node id="13131361372" visible="true" version="1" changeset="171695708" timestamp="2025-09-09T16:35:23Z" user="g0nz" uid="9536659" lat="-34.4598932" lon="-58.4988957"/>
 <node id="13131361373" visible="true" version="1" changeset="171695708" timestamp="2025-09-09T16:35:23Z" user="g0nz" uid="9536659" lat="-34.4598080" lon="-58.4989589"/>
 <node id="13131361374" visible="true" version="1" changeset="171695708" timestamp="2025-09-09T16:35:23Z" user="g0nz" uid="9536659" lat="-34.4597488" lon="-58.4990451"/>
 <node id="13131361375" visible="true" version="1" changeset="171695708" timestamp="2025-09-09T16:35:23Z" user="g0nz" uid="9536659" lat="-34.4596493" lon="-58.4991370"/>
 <node id="13131361376" visible="true" version="1" changeset="171695708" timestamp="2025-09-09T16:35:23Z" user="g0nz" uid="9536659" lat="-34.4595498" lon="-58.4992145"/>
 <node id="13131361377" visible="true" version="1" changeset="171695708" timestamp="2025-09-09T16:35:23Z" user="g0nz" uid="9536659" lat="-34.4594835" lon="-58.4992892"/>
 <node id="13131361378" visible="true" version="1" changeset="171695708" timestamp="2025-09-09T16:35:23Z" user="g0nz" uid="9536659" lat="-34.4594527" lon="-58.4993897"/>
 <node id="13131361379" visible="true" version="1" changeset="171695708" timestamp="2025-09-09T16:35:23Z" user="g0nz" uid="9536659" lat="-34.4594361" lon="-58.4994817"/>
 <node id="13131361380" visible="true" version="1" changeset="171695708" timestamp="2025-09-09T16:35:23Z" user="g0nz" uid="9536659" lat="-34.4594480" lon="-58.4995420"/>
 <node id="13171913977" visible="true" version="1" changeset="172457308" timestamp="2025-09-25T20:17:30Z" user="muralito" uid="755114" lat="-34.4657555" lon="-58.5008823"/>
 <node id="13171913978" visible="true" version="1" changeset="172457308" timestamp="2025-09-25T20:17:30Z" user="muralito" uid="755114" lat="-34.4647183" lon="-58.4996881"/>
 <node id="13171913979" visible="true" version="1" changeset="172457308" timestamp="2025-09-25T20:17:30Z" user="muralito" uid="755114" lat="-34.4656150" lon="-58.5011244"/>
 <node id="13171913980" visible="true" version="1" changeset="172457308" timestamp="2025-09-25T20:17:30Z" user="muralito" uid="755114" lat="-34.4655410" lon="-58.5013356"/>
 <node id="13171913981" visible="true" version="1" changeset="172457308" timestamp="2025-09-25T20:17:30Z" user="muralito" uid="755114" lat="-34.4652358" lon="-58.5021845"/>
 <node id="13171913982" visible="true" version="1" changeset="172457308" timestamp="2025-09-25T20:17:30Z" user="muralito" uid="755114" lat="-34.4649229" lon="-58.5026076"/>
 <node id="13171913983" visible="true" version="1" changeset="172457308" timestamp="2025-09-25T20:17:30Z" user="muralito" uid="755114" lat="-34.4645746" lon="-58.5034230"/>
 <node id="13171913984" visible="true" version="1" changeset="172457308" timestamp="2025-09-25T20:17:30Z" user="muralito" uid="755114" lat="-34.4640637" lon="-58.5040909"/>
 <node id="13184488138" visible="true" version="1" changeset="172670265" timestamp="2025-09-30T17:02:06Z" user="muralito" uid="755114" lat="-34.4690363" lon="-58.4901135"/>
 <node id="13316400169" visible="true" version="1" changeset="174857994" timestamp="2025-11-19T12:50:41Z" user="pezapesta" uid="1972084" lat="-34.4688678" lon="-58.5008788">
  <tag k="addr:housenumber" v="1050"/>
  <tag k="addr:postcode" v="B1642"/>
  <tag k="addr:street" v="Las Gaviotas"/>
  <tag k="check_date" v="2025-11-19"/>
  <tag k="club" v="sport"/>
  <tag k="name" v="Club Armenio de Zona Norte"/>
  <tag k="sport" v="soccer;swimming"/>
 </node>
 <node id="13316400170" visible="true" version="1" changeset="174857994" timestamp="2025-11-19T12:50:41Z" user="pezapesta" uid="1972084" lat="-34.4683920" lon="-58.5026645">
  <tag k="amenity" v="restaurant"/>
  <tag k="check_date" v="2025-11-19"/>
  <tag k="cuisine" v="pizza"/>
  <tag k="dog" v="yes"/>
  <tag k="name" v="La Romana"/>
  <tag k="outdoor_seating" v="yes"/>
  <tag k="takeaway" v="yes"/>
 </node>
 <node id="13507917156" visible="true" version="1" changeset="177827134" timestamp="2026-01-29T01:38:41Z" user="Josuer" uid="3382594" lat="-34.4693644" lon="-58.5038643"/>
 <node id="13507917157" visible="true" version="1" changeset="177827134" timestamp="2026-01-29T01:38:41Z" user="Josuer" uid="3382594" lat="-34.4699882" lon="-58.5039989"/>
 <node id="13569597928" visible="true" version="1" changeset="178625201" timestamp="2026-02-16T11:28:57Z" user="Fabri Limon" uid="16939085" lat="-34.4630848" lon="-58.4974907"/>
 <node id="13569597929" visible="true" version="1" changeset="178625201" timestamp="2026-02-16T11:28:57Z" user="Fabri Limon" uid="16939085" lat="-34.4632765" lon="-58.4976148"/>
 <node id="13569597930" visible="true" version="1" changeset="178625201" timestamp="2026-02-16T11:28:57Z" user="Fabri Limon" uid="16939085" lat="-34.4633970" lon="-58.4976655"/>
 <node id="13569597931" visible="true" version="1" changeset="178625201" timestamp="2026-02-16T11:28:57Z" user="Fabri Limon" uid="16939085" lat="-34.4633689" lon="-58.4966482"/>
 <node id="13569597932" visible="true" version="1" changeset="178625201" timestamp="2026-02-16T11:28:57Z" user="Fabri Limon" uid="16939085" lat="-34.4636658" lon="-58.4968707"/>
 <node id="13569597933" visible="true" version="1" changeset="178625201" timestamp="2026-02-16T11:28:57Z" user="Fabri Limon" uid="16939085" lat="-34.4636784" lon="-58.4968296"/>
 <node id="13593273497" visible="true" version="1" changeset="178950932" timestamp="2026-02-23T16:13:57Z" user="Avardent" uid="20972825" lat="-34.4694686" lon="-58.4999033"/>
 <node id="13593273498" visible="true" version="1" changeset="178950932" timestamp="2026-02-23T16:13:57Z" user="Avardent" uid="20972825" lat="-34.4695891" lon="-58.4997825"/>
 <node id="13593273499" visible="true" version="1" changeset="178950932" timestamp="2026-02-23T16:13:57Z" user="Avardent" uid="20972825" lat="-34.4696356" lon="-58.4998507"/>
 <node id="13593273500" visible="true" version="1" changeset="178950932" timestamp="2026-02-23T16:13:57Z" user="Avardent" uid="20972825" lat="-34.4695150" lon="-58.4999715"/>
 <node id="13593284701" visible="true" version="1" changeset="178950932" timestamp="2026-02-23T16:13:57Z" user="Avardent" uid="20972825" lat="-34.4695322" lon="-58.4997001"/>
 <node id="13593284702" visible="true" version="1" changeset="178950932" timestamp="2026-02-23T16:13:57Z" user="Avardent" uid="20972825" lat="-34.4694129" lon="-58.4998203"/>
 <node id="13593284703" visible="true" version="1" changeset="178950932" timestamp="2026-02-23T16:13:57Z" user="Avardent" uid="20972825" lat="-34.4694968" lon="-58.4997375"/>
 <node id="13593284704" visible="true" version="1" changeset="178950932" timestamp="2026-02-23T16:13:57Z" user="Avardent" uid="20972825" lat="-34.4694379" lon="-58.4996495"/>
 <node id="13593284705" visible="true" version="1" changeset="178950932" timestamp="2026-02-23T16:13:57Z" user="Avardent" uid="20972825" lat="-34.4693539" lon="-58.4997323"/>
 <node id="13593284706" visible="true" version="1" changeset="178950932" timestamp="2026-02-23T16:13:57Z" user="Avardent" uid="20972825" lat="-34.4695005" lon="-58.4995735"/>
 <node id="13593284707" visible="true" version="1" changeset="178950932" timestamp="2026-02-23T16:13:57Z" user="Avardent" uid="20972825" lat="-34.4694432" lon="-58.4994855"/>
 <node id="13593284708" visible="true" version="1" changeset="178950932" timestamp="2026-02-23T16:13:57Z" user="Avardent" uid="20972825" lat="-34.4695284" lon="-58.4994038"/>
 <node id="13593284709" visible="true" version="1" changeset="178950932" timestamp="2026-02-23T16:13:57Z" user="Avardent" uid="20972825" lat="-34.4695858" lon="-58.4994919"/>
 <node id="13593284710" visible="true" version="1" changeset="178950932" timestamp="2026-02-23T16:13:57Z" user="Avardent" uid="20972825" lat="-34.4692848" lon="-58.4996321"/>
 <node id="13593284711" visible="true" version="1" changeset="178950932" timestamp="2026-02-23T16:13:57Z" user="Avardent" uid="20972825" lat="-34.4692370" lon="-58.4995601"/>
 <node id="13593284712" visible="true" version="1" changeset="178950932" timestamp="2026-02-23T16:13:57Z" user="Avardent" uid="20972825" lat="-34.4693543" lon="-58.4994453"/>
 <node id="13593284713" visible="true" version="1" changeset="178950932" timestamp="2026-02-23T16:13:57Z" user="Avardent" uid="20972825" lat="-34.4694022" lon="-58.4995172"/>
 <node id="13593284714" visible="true" version="1" changeset="178950932" timestamp="2026-02-23T16:13:57Z" user="Avardent" uid="20972825" lat="-34.4638276" lon="-58.5003480"/>
 <node id="13593284715" visible="true" version="1" changeset="178950932" timestamp="2026-02-23T16:13:57Z" user="Avardent" uid="20972825" lat="-34.4638195" lon="-58.5003567"/>
 <node id="13593284716" visible="true" version="1" changeset="178950932" timestamp="2026-02-23T16:13:57Z" user="Avardent" uid="20972825" lat="-34.4643664" lon="-58.4997261"/>
 <node id="13774797905" visible="true" version="1" changeset="181984206" timestamp="2026-04-29T11:46:13Z" user="AlejandroAlba" uid="6499071" lat="-34.4699857" lon="-58.4915918"/>
 <node id="13774797906" visible="true" version="1" changeset="181984206" timestamp="2026-04-29T11:46:13Z" user="AlejandroAlba" uid="6499071" lat="-34.4698807" lon="-58.4931622"/>
 <node id="13774797907" visible="true" version="1" changeset="181984206" timestamp="2026-04-29T11:46:13Z" user="AlejandroAlba" uid="6499071" lat="-34.4699922" lon="-58.4934795"/>
 <node id="13774797908" visible="true" version="1" changeset="181984206" timestamp="2026-04-29T11:46:13Z" user="AlejandroAlba" uid="6499071" lat="-34.4700908" lon="-58.4936665"/>
 <node id="13774797909" visible="true" version="1" changeset="181984206" timestamp="2026-04-29T11:46:13Z" user="AlejandroAlba" uid="6499071" lat="-34.4701903" lon="-58.4941024"/>
 <node id="13774797910" visible="true" version="1" changeset="181984206" timestamp="2026-04-29T11:46:13Z" user="AlejandroAlba" uid="6499071" lat="-34.4703760" lon="-58.4945261"/>
 <node id="13774797911" visible="true" version="1" changeset="181984206" timestamp="2026-04-29T11:46:13Z" user="AlejandroAlba" uid="6499071" lat="-34.4706082" lon="-58.4950706"/>
 <node id="13774797916" visible="true" version="1" changeset="181984206" timestamp="2026-04-29T11:46:13Z" user="AlejandroAlba" uid="6499071" lat="-34.4716723" lon="-58.4960400"/>
 <node id="13774797918" visible="true" version="1" changeset="181984206" timestamp="2026-04-29T11:46:13Z" user="AlejandroAlba" uid="6499071" lat="-34.4716452" lon="-58.4960299"/>
 <node id="13774797920" visible="true" version="1" changeset="181984206" timestamp="2026-04-29T11:46:13Z" user="AlejandroAlba" uid="6499071" lat="-34.4716070" lon="-58.4960163"/>
 <node id="14042132275" visible="true" version="1" changeset="186251834" timestamp="2026-07-23T18:35:01Z" user="Bondi Maps" uid="22225370" lat="-34.4641457" lon="-58.4965610"/>
 <node id="14042132276" visible="true" version="1" changeset="186251834" timestamp="2026-07-23T18:35:01Z" user="Bondi Maps" uid="22225370" lat="-34.4634231" lon="-58.4957709"/>
 <node id="14056863428" visible="true" version="1" changeset="186536604" timestamp="2026-07-28T18:29:06Z" user="Fabri Limon" uid="16939085" lat="-34.4593274" lon="-58.5023040"/>
 <node id="14056863429" visible="true" version="1" changeset="186536604" timestamp="2026-07-28T18:29:06Z" user="Fabri Limon" uid="16939085" lat="-34.4594023" lon="-58.5025252"/>
 <node id="14056863430" visible="true" version="1" changeset="186536604" timestamp="2026-07-28T18:29:06Z" user="Fabri Limon" uid="16939085" lat="-34.4593639" lon="-58.5025508"/>
 <node id="14056863431" visible="true" version="1" changeset="186536604" timestamp="2026-07-28T18:29:06Z" user="Fabri Limon" uid="16939085" lat="-34.4593966" lon="-58.5026556"/>
 <node id="14056863432" visible="true" version="1" changeset="186536604" timestamp="2026-07-28T18:29:06Z" user="Fabri Limon" uid="16939085" lat="-34.4596963" lon="-58.5025189"/>
 <node id="14056863433" visible="true" version="1" changeset="186536604" timestamp="2026-07-28T18:29:06Z" user="Fabri Limon" uid="16939085" lat="-34.4596031" lon="-58.5021703"/>
 <node id="14056863434" visible="true" version="1" changeset="186536604" timestamp="2026-07-28T18:29:06Z" user="Fabri Limon" uid="16939085" lat="-34.4596294" lon="-58.5025987"/>
 <node id="14056863435" visible="true" version="1" changeset="186536604" timestamp="2026-07-28T18:29:06Z" user="Fabri Limon" uid="16939085" lat="-34.4596726" lon="-58.5027505"/>
 <node id="14056863436" visible="true" version="1" changeset="186536604" timestamp="2026-07-28T18:29:06Z" user="Fabri Limon" uid="16939085" lat="-34.4597168" lon="-58.5028943"/>
 <node id="14056863437" visible="true" version="1" changeset="186536604" timestamp="2026-07-28T18:29:06Z" user="Fabri Limon" uid="16939085" lat="-34.4597642" lon="-58.5030432"/>
 <way id="4662581" visible="true" version="43" changeset="161723148" timestamp="2025-01-24T18:04:16Z" user="RideauCanal" uid="20109092">
  <nd ref="5046992821"/>
  <nd ref="3031268404"/>
  <nd ref="12523333168"/>
  <nd ref="12523333167"/>
  <nd ref="11523765089"/>
  <nd ref="2561133592"/>
  <nd ref="424230897"/>
  <nd ref="11523765096"/>
  <nd ref="424230905"/>
  <nd ref="5046992408"/>
  <nd ref="11523765099"/>
  <nd ref="1719986423"/>
  <nd ref="5046992409"/>
  <nd ref="5123250003"/>
  <nd ref="12529842078"/>
  <nd ref="5046992412"/>
  <nd ref="1436121419"/>
  <nd ref="108246475"/>
  <nd ref="4327371352"/>
  <nd ref="108279081"/>
  <tag k="cycleway:both" v="no"/>
  <tag k="highway" v="residential"/>
  <tag k="lanes" v="2"/>
  <tag k="maxspeed" v="40"/>
  <tag k="name" v="Juan Bautista de Lasalle"/>
  <tag k="oneway" v="no"/>
  <tag k="surface" v="sett"/>
 </way>
 <way id="22664192" visible="true" version="18" changeset="176864212" timestamp="2026-01-05T14:22:10Z" user="PedroARovasioAguirre" uid="23550306">
  <nd ref="243092484"/>
  <nd ref="12529068072"/>
  <nd ref="10005239720"/>
  <nd ref="424171091"/>
  <nd ref="7306356103"/>
  <nd ref="424171087"/>
  <nd ref="424171048"/>
  <nd ref="10005213905"/>
  <nd ref="424171063"/>
  <nd ref="424171069"/>
  <nd ref="424171081"/>
  <nd ref="9982160247"/>
  <nd ref="685055386"/>
  <tag k="highway" v="residential"/>
  <tag k="lane_markings" v="no"/>
  <tag k="maxspeed" v="40"/>
  <tag k="name" v="Pedro de Mendoza"/>
  <tag k="surface" v="concrete"/>
 </way>
 <way id="36352224" visible="true" version="11" changeset="161707116" timestamp="2025-01-24T10:54:06Z" user="RideauCanal" uid="20109092">
  <nd ref="8842262842"/>
  <nd ref="5018197857"/>
  <nd ref="12522649957"/>
  <nd ref="423984140"/>
  <tag k="highway" v="residential"/>
  <tag k="name" v="Vuelta de Obligado"/>
 </way>
 <way id="36369919" visible="true" version="5" changeset="60818680" timestamp="2018-07-18T03:42:04Z" user="AgusQui" uid="331218">
  <nd ref="424171044"/>
  <nd ref="424171066"/>
  <nd ref="424171077"/>
  <nd ref="424171084"/>
  <nd ref="424171020"/>
  <tag k="highway" v="residential"/>
  <tag k="maxspeed" v="40"/>
  <tag k="name" v="Gaboto"/>
  <tag k="surface" v="concrete"/>
 </way>
 <way id="36369920" visible="true" version="5" changeset="60818680" timestamp="2018-07-18T03:42:05Z" user="AgusQui" uid="331218">
  <nd ref="424171036"/>
  <nd ref="4327400020"/>
  <nd ref="424171023"/>
  <nd ref="424171041"/>
  <tag k="highway" v="residential"/>
  <tag k="maxspeed" v="40"/>
  <tag k="name" v="Los Sauces"/>
  <tag k="oneway" v="no"/>
 </way>
 <way id="36369921" visible="true" version="11" changeset="106554019" timestamp="2021-06-17T22:03:44Z" user="serock" uid="1810448">
  <nd ref="424171048"/>
  <nd ref="424171044"/>
  <nd ref="424171055"/>
  <tag k="highway" v="residential"/>
  <tag k="maxspeed" v="40"/>
  <tag k="name" v="Martín y Omar"/>
 </way>
 <way id="36369922" visible="true" version="7" changeset="60818680" timestamp="2018-07-18T03:42:05Z" user="AgusQui" uid="331218">
  <nd ref="424171059"/>
  <nd ref="424171066"/>
  <nd ref="424171063"/>
  <tag k="highway" v="residential"/>
  <tag k="maxspeed" v="40"/>
  <tag k="name" v="Coronel Obarrio"/>
  <tag k="surface" v="concrete"/>
 </way>
 <way id="36369924" visible="true" version="5" changeset="60818680" timestamp="2018-07-18T03:42:05Z" user="AgusQui" uid="331218">
  <nd ref="424171069"/>
  <nd ref="424171077"/>
  <nd ref="424171073"/>
  <tag k="highway" v="residential"/>
  <tag k="maxspeed" v="40"/>
  <tag k="name" v="Coronel Rosales"/>
  <tag k="surface" v="concrete"/>
 </way>
 <way id="36369925" visible="true" version="4" changeset="60818680" timestamp="2018-07-18T03:42:05Z" user="AgusQui" uid="331218">
  <nd ref="424171081"/>
  <nd ref="424171084"/>
  <tag k="highway" v="residential"/>
  <tag k="maxspeed" v="40"/>
  <tag k="name" v="Leandro N. Alem"/>
 </way>
 <way id="36369926" visible="true" version="8" changeset="60818680" timestamp="2018-07-18T03:42:05Z" user="AgusQui" uid="331218">
  <nd ref="424171087"/>
  <nd ref="3031268420"/>
  <nd ref="4327399232"/>
  <nd ref="423984183"/>
  <tag k="highway" v="residential"/>
  <tag k="maxspeed" v="40"/>
  <tag k="name" v="Belgrano"/>
  <tag k="surface" v="concrete"/>
 </way>
 <way id="54357505" visible="true" version="4" changeset="60818680" timestamp="2018-07-18T03:42:07Z" user="AgusQui" uid="331218">
  <nd ref="424171020"/>
  <nd ref="685054582"/>
  <nd ref="424171023"/>
  <nd ref="424171028"/>
  <nd ref="424171032"/>
  <tag k="highway" v="residential"/>
  <tag k="maxspeed" v="40"/>
  <tag k="name" v="Combate Vuelta de Obligado"/>
  <tag k="surface" v="concrete"/>
 </way>
 <way id="54357506" visible="true" version="4" changeset="60818680" timestamp="2018-07-18T03:42:08Z" user="AgusQui" uid="331218">
  <nd ref="685054586"/>
  <nd ref="685054582"/>
  <nd ref="4327400008"/>
  <nd ref="685054590"/>
  <tag k="highway" v="residential"/>
  <tag k="maxspeed" v="40"/>
  <tag k="name" v="Las Gaviotas"/>
  <tag k="oneway" v="no"/>
 </way>
 <way id="132652495" visible="true" version="20" changeset="146342612" timestamp="2024-01-17T00:00:09Z" user="AgusQui" uid="331218">
  <nd ref="5046992821"/>
  <nd ref="2189091101"/>
  <nd ref="1719986434"/>
  <nd ref="2561133550"/>
  <nd ref="685055386"/>
  <tag k="hgv" v="no"/>
  <tag k="highway" v="tertiary"/>
  <tag k="lanes" v="2"/>
  <tag k="maxheight" v="4.80"/>
  <tag k="maxspeed" v="20"/>
  <tag k="name" v="Roque Sáenz Peña"/>
  <tag k="oneway" v="no"/>
  <tag k="surface" v="concrete"/>
 </way>
 <way id="133213055" visible="true" version="11" changeset="107794359" timestamp="2021-07-11T18:53:24Z" user="Fedejru" uid="3367777">
  <nd ref="423984177"/>
  <nd ref="6094240840"/>
  <nd ref="8912011642"/>
  <nd ref="424171018"/>
  <nd ref="423984179"/>
  <nd ref="5755104212"/>
  <nd ref="4327400032"/>
  <nd ref="423984181"/>
  <tag k="alt_name" v="Sor Camila Rolón"/>
  <tag k="highway" v="residential"/>
  <tag k="name" v="Camino de la Ribera"/>
 </way>
 <way id="133213059" visible="true" version="2" changeset="161675786" timestamp="2025-01-23T13:58:17Z" user="RideauCanal" uid="20109092">
  <nd ref="423984140"/>
  <nd ref="12526443735"/>
  <nd ref="595715676"/>
  <tag k="highway" v="residential"/>
  <tag k="name" v="Stella Maris"/>
 </way>
 <way id="139486214" visible="true" version="11" changeset="106554027" timestamp="2021-06-17T22:04:13Z" user="serock" uid="1810448">
  <nd ref="423984069"/>
  <nd ref="4330090839"/>
  <nd ref="423984130"/>
  <nd ref="4330090841"/>
  <nd ref="423984126"/>
  <nd ref="4330090854"/>
  <nd ref="423984124"/>
  <nd ref="8843338231"/>
  <nd ref="423984067"/>
  <nd ref="4330090863"/>
  <nd ref="8842262847"/>
  <nd ref="423984073"/>
  <nd ref="423984072"/>
  <nd ref="423984134"/>
  <nd ref="4330090842"/>
  <nd ref="423984069"/>
  <tag k="highway" v="residential"/>
  <tag k="junction" v="roundabout"/>
  <tag k="name" v="Roque Sáenz Peña"/>
  <tag k="oneway" v="yes"/>
 </way>
 <way id="139486215" visible="true" version="29" changeset="172457308" timestamp="2025-09-25T20:17:30Z" user="muralito" uid="755114">
  <nd ref="423978332"/>
  <nd ref="1628813053"/>
  <nd ref="1628813049"/>
  <nd ref="1628871735"/>
  <nd ref="1628866826"/>
  <nd ref="1628813047"/>
  <nd ref="1628813044"/>
  <nd ref="423978335"/>
  <nd ref="1628813042"/>
  <nd ref="1628813040"/>
  <nd ref="1628866751"/>
  <nd ref="1628813037"/>
  <nd ref="1628866746"/>
  <nd ref="1628866739"/>
  <nd ref="1628866737"/>
  <nd ref="1628813035"/>
  <nd ref="1628866729"/>
  <nd ref="1628866732"/>
  <nd ref="1628866714"/>
  <nd ref="94298271"/>
  <nd ref="1628866707"/>
  <nd ref="1628866712"/>
  <nd ref="1628866700"/>
  <nd ref="1628866697"/>
  <nd ref="1628866695"/>
  <nd ref="1628866684"/>
  <nd ref="1628866672"/>
  <nd ref="1628866681"/>
  <nd ref="1628866677"/>
  <nd ref="1628866669"/>
  <nd ref="1628866662"/>
  <nd ref="423978324"/>
  <nd ref="1628813034"/>
  <nd ref="1628866630"/>
  <nd ref="1628866648"/>
  <nd ref="1628866650"/>
  <nd ref="1628866629"/>
  <nd ref="1628866625"/>
  <nd ref="1628866613"/>
  <nd ref="1628866615"/>
  <nd ref="1628866610"/>
  <nd ref="1628866620"/>
  <nd ref="1628866627"/>
  <nd ref="1628866647"/>
  <nd ref="1628866652"/>
  <nd ref="1628866654"/>
  <nd ref="1628813032"/>
  <nd ref="1628866596"/>
  <nd ref="1628866587"/>
  <nd ref="1628866584"/>
  <nd ref="1628866580"/>
  <nd ref="1628866560"/>
  <nd ref="1628866559"/>
  <nd ref="1628866577"/>
  <nd ref="1628866575"/>
  <nd ref="1628866581"/>
  <nd ref="1628866585"/>
  <nd ref="1628866583"/>
  <nd ref="423978312"/>
  <nd ref="423978316"/>
  <nd ref="423978308"/>
 </way>
 <way id="146765794" visible="true" version="7" changeset="181984206" timestamp="2026-04-29T11:46:13Z" user="AlejandroAlba" uid="6499071">
  <nd ref="1600115468"/>
  <nd ref="1600115466"/>
  <nd ref="1600115464"/>
  <nd ref="1600115458"/>
  <nd ref="1600115453"/>
  <nd ref="1600115438"/>
  <nd ref="1600115430"/>
  <nd ref="1600115436"/>
  <nd ref="1600115451"/>
  <nd ref="1600115462"/>
  <nd ref="1600115463"/>
  <nd ref="1600115460"/>
  <nd ref="1600115456"/>
  <nd ref="1600115439"/>
  <nd ref="1600115435"/>
  <nd ref="1600115432"/>
  <nd ref="1600115419"/>
  <nd ref="1600115412"/>
  <nd ref="1600115409"/>
  <nd ref="1600115407"/>
  <nd ref="1600115416"/>
  <nd ref="1600115421"/>
  <nd ref="1600115428"/>
  <nd ref="1600115429"/>
  <nd ref="1600115418"/>
  <nd ref="1600115413"/>
  <nd ref="1600115422"/>
  <nd ref="1600115433"/>
  <nd ref="1600115457"/>
  <nd ref="1600115465"/>
  <nd ref="1600115470"/>
  <nd ref="1600115472"/>
  <nd ref="1600115474"/>
  <nd ref="1600115476"/>
  <nd ref="1600115478"/>
  <nd ref="1600115492"/>
  <nd ref="1600115493"/>
  <nd ref="1600115496"/>
  <nd ref="1600115502"/>
  <nd ref="1600115518"/>
  <nd ref="1600115527"/>
  <nd ref="1600115534"/>
  <nd ref="1600115543"/>
  <nd ref="1600115556"/>
  <nd ref="1600115567"/>
  <nd ref="1600115585"/>
  <nd ref="1600115588"/>
  <nd ref="1600115602"/>
  <nd ref="1600115617"/>
  <nd ref="1600115639"/>
  <nd ref="13774797907"/>
  <nd ref="1600115651"/>
  <nd ref="1600115659"/>
  <nd ref="1600115673"/>
  <nd ref="1600115680"/>
  <nd ref="1600115662"/>
  <nd ref="1600115671"/>
  <nd ref="1600115681"/>
  <nd ref="1600115684"/>
  <nd ref="1600115666"/>
  <nd ref="1600115652"/>
  <nd ref="1600115647"/>
  <nd ref="1600115622"/>
  <nd ref="1600115626"/>
  <nd ref="1600115615"/>
  <nd ref="5755104124"/>
  <nd ref="1600115608"/>
  <nd ref="1600115604"/>
  <nd ref="1600115600"/>
  <nd ref="1600115583"/>
  <nd ref="1600115581"/>
  <nd ref="1600115565"/>
  <nd ref="1600115558"/>
  <nd ref="1600115561"/>
  <nd ref="1600115557"/>
  <nd ref="1600115554"/>
  <nd ref="1600115545"/>
  <nd ref="1600115539"/>
  <nd ref="1600115542"/>
  <nd ref="1600115540"/>
  <nd ref="1600115537"/>
  <nd ref="1600115532"/>
  <nd ref="1600115525"/>
  <nd ref="1600115524"/>
  <nd ref="1600115520"/>
  <nd ref="1600115512"/>
  <nd ref="1600115498"/>
  <nd ref="1600115509"/>
  <nd ref="1600115497"/>
  <nd ref="1600115500"/>
  <nd ref="1600115515"/>
  <nd ref="1600115522"/>
  <nd ref="1600115536"/>
  <nd ref="1600115546"/>
  <nd ref="1600115559"/>
  <nd ref="1600115562"/>
  <nd ref="1600115580"/>
  <nd ref="1600115586"/>
  <nd ref="1600115597"/>
  <nd ref="1600115609"/>
  <nd ref="1600115619"/>
  <nd ref="1600115624"/>
  <nd ref="1600115644"/>
  <nd ref="1600115646"/>
  <nd ref="1600115628"/>
  <nd ref="1600115616"/>
  <nd ref="1600115606"/>
  <nd ref="1600115612"/>
  <nd ref="1600115611"/>
  <nd ref="1600115621"/>
  <nd ref="1600115642"/>
  <nd ref="1600115648"/>
  <nd ref="1600115649"/>
  <nd ref="1600115650"/>
  <nd ref="1600115658"/>
  <nd ref="1600115669"/>
  <nd ref="1600115682"/>
  <nd ref="1600115683"/>
  <nd ref="1600115674"/>
  <nd ref="1600115685"/>
  <nd ref="1600115687"/>
  <nd ref="1600115689"/>
  <nd ref="7014449560"/>
  <nd ref="7014449559"/>
  <nd ref="7014449558"/>
  <nd ref="7014449557"/>
  <nd ref="7014449556"/>
  <nd ref="7014449555"/>
 </way>
 <way id="146765810" visible="true" version="11" changeset="172457308" timestamp="2025-09-25T20:17:30Z" user="muralito" uid="755114">
  <nd ref="94314067"/>
  <nd ref="1600115395"/>
  <nd ref="423984150"/>
  <nd ref="1600115389"/>
  <nd ref="1600115372"/>
  <nd ref="1600115363"/>
  <nd ref="94302850"/>
  <nd ref="1600115349"/>
  <nd ref="1600115347"/>
  <nd ref="94288191"/>
  <nd ref="1600115343"/>
  <nd ref="1600115322"/>
  <nd ref="6387693003"/>
  <nd ref="94329566"/>
  <nd ref="6387693004"/>
  <nd ref="6387693005"/>
  <nd ref="7377727110"/>
  <nd ref="7377727112"/>
  <nd ref="1600115319"/>
  <nd ref="7506192009"/>
 </way>
 <way id="148719811" visible="true" version="2" changeset="186251834" timestamp="2026-07-23T18:35:01Z" user="Bondi Maps" uid="22225370">
  <nd ref="1617924006"/>
  <nd ref="1617924004"/>
  <nd ref="1617924002"/>
  <nd ref="1617924000"/>
  <nd ref="1617923998"/>
  <nd ref="1617923995"/>
  <nd ref="1617923987"/>
  <nd ref="1617923985"/>
  <nd ref="1617923983"/>
  <nd ref="14042132275"/>
  <tag k="waterway" v="stream"/>
 </way>
 <way id="149944278" visible="true" version="3" changeset="172457308" timestamp="2025-09-25T20:17:30Z" user="muralito" uid="755114">
  <nd ref="4977397576"/>
  <nd ref="4977397577"/>
  <nd ref="4977397578"/>
  <nd ref="4977397579"/>
  <nd ref="4977397580"/>
  <nd ref="4977397581"/>
  <nd ref="2447670365"/>
  <nd ref="4977397587"/>
  <nd ref="1628812976"/>
  <nd ref="4977397588"/>
  <nd ref="1628812973"/>
  <nd ref="4977397585"/>
  <nd ref="4977397584"/>
  <nd ref="4977397583"/>
  <nd ref="4977397582"/>
 </way>
 <way id="149948188" visible="true" version="1" changeset="10657685" timestamp="2012-02-11T21:28:05Z" user="estela" uid="89271">
  <nd ref="1628866585"/>
  <nd ref="1628866589"/>
  <nd ref="1628866591"/>
  <nd ref="1628866593"/>
  <nd ref="1628866605"/>
  <nd ref="1628866607"/>
  <nd ref="1628866618"/>
  <nd ref="1628866622"/>
  <nd ref="1628866628"/>
  <nd ref="1628866649"/>
  <nd ref="1628866657"/>
  <nd ref="1628866659"/>
  <nd ref="1628866690"/>
  <nd ref="1628866704"/>
  <nd ref="1628866710"/>
  <nd ref="1628866734"/>
  <nd ref="1628866742"/>
  <nd ref="1628866774"/>
  <nd ref="1628866767"/>
  <nd ref="1628866780"/>
  <nd ref="1628866770"/>
  <nd ref="1628866778"/>
  <nd ref="1628866757"/>
  <nd ref="1628866753"/>
  <nd ref="1628866783"/>
  <nd ref="1628866785"/>
  <nd ref="1628866792"/>
  <nd ref="1628866794"/>
  <nd ref="1628866796"/>
  <nd ref="1628866808"/>
  <nd ref="1628866802"/>
  <nd ref="1628866814"/>
  <nd ref="1628866820"/>
  <nd ref="1628866825"/>
  <nd ref="1628866823"/>
  <nd ref="1628866827"/>
  <nd ref="1628866828"/>
  <nd ref="1628866842"/>
  <nd ref="1628866848"/>
  <nd ref="1628866845"/>
  <nd ref="1628866852"/>
  <nd ref="1628866855"/>
  <nd ref="1628866857"/>
  <nd ref="1628866858"/>
  <nd ref="1628866892"/>
  <nd ref="1628866909"/>
  <nd ref="1628866914"/>
  <nd ref="1628866916"/>
  <nd ref="1628866912"/>
  <nd ref="1628866907"/>
  <nd ref="1628866890"/>
  <nd ref="1628866885"/>
  <nd ref="1628866879"/>
  <nd ref="1628866859"/>
  <nd ref="1628866854"/>
  <nd ref="1628866839"/>
  <nd ref="1628866826"/>
  <nd ref="1628813047"/>
  <nd ref="1628813044"/>
  <nd ref="423978335"/>
  <nd ref="1628813042"/>
  <nd ref="1628813040"/>
  <nd ref="1628866751"/>
  <nd ref="1628813037"/>
  <nd ref="1628866746"/>
  <nd ref="1628866739"/>
  <nd ref="1628866737"/>
  <nd ref="1628813035"/>
  <nd ref="1628866729"/>
  <nd ref="1628866732"/>
  <nd ref="1628866714"/>
  <nd ref="94298271"/>
  <nd ref="1628866707"/>
  <nd ref="1628866712"/>
  <nd ref="1628866700"/>
  <nd ref="1628866697"/>
  <nd ref="1628866695"/>
  <nd ref="1628866684"/>
  <nd ref="1628866672"/>
  <nd ref="1628866681"/>
  <nd ref="1628866677"/>
  <nd ref="1628866669"/>
  <nd ref="1628866662"/>
  <nd ref="423978324"/>
  <nd ref="1628813034"/>
  <nd ref="1628866630"/>
  <nd ref="1628866648"/>
  <nd ref="1628866650"/>
  <nd ref="1628866629"/>
  <nd ref="1628866625"/>
  <nd ref="1628866613"/>
  <nd ref="1628866615"/>
  <nd ref="1628866610"/>
  <nd ref="1628866620"/>
  <nd ref="1628866627"/>
  <nd ref="1628866647"/>
  <nd ref="1628866652"/>
  <nd ref="1628866654"/>
  <nd ref="1628813032"/>
  <nd ref="1628866596"/>
  <nd ref="1628866587"/>
  <nd ref="1628866584"/>
  <nd ref="1628866580"/>
  <nd ref="1628866560"/>
  <nd ref="1628866559"/>
  <nd ref="1628866577"/>
  <nd ref="1628866575"/>
  <nd ref="1628866581"/>
  <nd ref="1628866585"/>
  <tag k="natural" v="wetland"/>
 </way>
 <way id="149948189" visible="true" version="5" changeset="178950932" timestamp="2026-02-23T16:13:57Z" user="Avardent" uid="20972825">
  <nd ref="1628866659"/>
  <nd ref="1628866690"/>
  <nd ref="1628866704"/>
  <nd ref="1628866710"/>
  <nd ref="1628866734"/>
  <nd ref="1628866742"/>
  <nd ref="1628866774"/>
  <nd ref="1628866767"/>
  <nd ref="1628866780"/>
  <nd ref="1628866770"/>
  <nd ref="1628866778"/>
  <nd ref="1628866757"/>
  <nd ref="1628866753"/>
  <nd ref="1628866783"/>
  <nd ref="1628866785"/>
  <nd ref="1628866792"/>
  <nd ref="1628866794"/>
  <nd ref="1628866796"/>
  <nd ref="1628866808"/>
  <nd ref="1628866802"/>
  <nd ref="1628866814"/>
  <nd ref="1628866820"/>
  <nd ref="1628866825"/>
  <nd ref="1628866823"/>
  <nd ref="1628866827"/>
  <nd ref="1628866834"/>
  <nd ref="1628866856"/>
  <nd ref="1628871742"/>
  <nd ref="1628866877"/>
  <nd ref="1628866886"/>
  <nd ref="1628866881"/>
  <nd ref="1628866874"/>
  <nd ref="1628866883"/>
  <nd ref="1628866896"/>
  <nd ref="1628866911"/>
  <nd ref="1628866920"/>
  <nd ref="1628866924"/>
  <nd ref="1628866929"/>
  <nd ref="1628866937"/>
  <nd ref="1628866940"/>
  <nd ref="1628866949"/>
  <nd ref="1628866951"/>
  <nd ref="1628866942"/>
  <nd ref="1628866987"/>
  <nd ref="1628866988"/>
  <nd ref="1628866990"/>
  <nd ref="1628867004"/>
  <nd ref="1628867006"/>
  <nd ref="1628866982"/>
  <nd ref="1628866927"/>
  <nd ref="1628866860"/>
  <nd ref="1628866817"/>
  <nd ref="1628866811"/>
  <nd ref="1628866805"/>
  <nd ref="1628866795"/>
  <nd ref="1628866790"/>
  <nd ref="1628866749"/>
  <nd ref="1628866727"/>
  <nd ref="4470373984"/>
  <nd ref="4470373979"/>
  <nd ref="1628866583"/>
  <nd ref="1628866585"/>
  <nd ref="1628866589"/>
  <nd ref="1628866591"/>
  <nd ref="1628866593"/>
  <nd ref="1628866605"/>
  <nd ref="1628866607"/>
  <nd ref="1628866618"/>
  <nd ref="1628866622"/>
  <nd ref="1628866628"/>
  <nd ref="1628866649"/>
  <nd ref="1628866657"/>
  <nd ref="1628866659"/>
  <tag k="natural" v="wood"/>
 </way>
 <way id="149948646" visible="true" version="1" changeset="10657726" timestamp="2012-02-11T21:31:18Z" user="estela" uid="89271">
  <nd ref="1628866912"/>
  <nd ref="1628871770"/>
  <nd ref="1628871766"/>
  <nd ref="1628871761"/>
  <nd ref="1628871755"/>
  <nd ref="1628871752"/>
  <nd ref="1628871750"/>
  <nd ref="1628871746"/>
  <nd ref="1628871740"/>
  <nd ref="1628871738"/>
  <nd ref="1628871736"/>
  <nd ref="1628871735"/>
  <nd ref="1628813049"/>
  <nd ref="1628813053"/>
  <nd ref="1628871759"/>
  <nd ref="1628871764"/>
  <nd ref="1628871772"/>
  <nd ref="1628871775"/>
  <nd ref="1628871782"/>
  <nd ref="1628871794"/>
  <nd ref="1628871793"/>
  <nd ref="1628871778"/>
  <nd ref="1628871773"/>
  <nd ref="1628866912"/>
  <tag k="natural" v="wetland"/>
 </way>
 <way id="149948647" visible="true" version="1" changeset="10657726" timestamp="2012-02-11T21:31:19Z" user="estela" uid="89271">
  <nd ref="1628871742"/>
  <nd ref="1628871744"/>
  <nd ref="1628871748"/>
  <nd ref="1628871751"/>
  <nd ref="1628871754"/>
  <nd ref="1628871757"/>
  <nd ref="1628871763"/>
  <nd ref="1628871771"/>
  <nd ref="1628871777"/>
  <nd ref="1628871785"/>
  <nd ref="1628871790"/>
  <nd ref="1628871791"/>
  <nd ref="1628871783"/>
  <nd ref="1628871780"/>
  <nd ref="1628871792"/>
  <nd ref="1628871797"/>
  <nd ref="1628871801"/>
  <nd ref="1628871819"/>
  <nd ref="1628871827"/>
  <nd ref="1628871831"/>
  <nd ref="1628871832"/>
  <nd ref="1628871823"/>
  <nd ref="1628871817"/>
  <nd ref="1628871812"/>
  <nd ref="1628871805"/>
  <nd ref="1628871810"/>
  <nd ref="1628871813"/>
  <nd ref="1628871816"/>
  <nd ref="1628871821"/>
  <nd ref="1628871830"/>
  <nd ref="1628871833"/>
  <nd ref="1628871836"/>
  <nd ref="1628871838"/>
  <nd ref="1628871834"/>
  <nd ref="1628871825"/>
  <nd ref="1628871814"/>
  <nd ref="1628871811"/>
  <nd ref="1628871803"/>
  <nd ref="1628871799"/>
  <nd ref="1628871795"/>
  <nd ref="1628871782"/>
  <nd ref="1628871794"/>
  <nd ref="1628871793"/>
  <nd ref="1628871778"/>
  <nd ref="1628871773"/>
  <nd ref="1628866912"/>
  <nd ref="1628866916"/>
  <nd ref="1628866914"/>
  <nd ref="1628866909"/>
  <nd ref="1628866892"/>
  <nd ref="1628866858"/>
  <nd ref="1628866857"/>
  <nd ref="1628866855"/>
  <nd ref="1628866852"/>
  <nd ref="1628866845"/>
  <nd ref="1628866848"/>
  <nd ref="1628866842"/>
  <nd ref="1628866828"/>
  <nd ref="1628866827"/>
  <nd ref="1628866834"/>
  <nd ref="1628866856"/>
  <nd ref="1628871742"/>
  <tag k="natural" v="scrub"/>
 </way>
 <way id="162632544" visible="true" version="3" changeset="60631855" timestamp="2018-07-12T02:39:35Z" user="nurdafur" uid="3172019">
  <nd ref="1744982314"/>
  <nd ref="1744982412"/>
  <nd ref="1744982418"/>
  <nd ref="1744982425"/>
  <nd ref="1744982434"/>
  <nd ref="1744982451"/>
  <nd ref="1744982461"/>
  <nd ref="1744982469"/>
  <nd ref="1744982473"/>
  <nd ref="1744982483"/>
  <nd ref="1744982494"/>
  <nd ref="1744982498"/>
  <nd ref="1744982508"/>
  <nd ref="1744982518"/>
  <nd ref="1744982522"/>
  <nd ref="1744982530"/>
  <nd ref="1744982541"/>
  <nd ref="1744982548"/>
  <nd ref="1744982561"/>
  <nd ref="1744982571"/>
  <nd ref="1744982583"/>
  <nd ref="1744982593"/>
  <nd ref="1744982598"/>
  <nd ref="1744982605"/>
  <nd ref="1744982615"/>
  <nd ref="1744982624"/>
  <tag k="bicycle" v="no"/>
  <tag k="highway" v="footway"/>
  <tag k="name" v="Regreso"/>
 </way>
 <way id="162931473" visible="true" version="5" changeset="161633143" timestamp="2025-01-22T11:01:19Z" user="RideauCanal" uid="20109092">
  <nd ref="3031268406"/>
  <nd ref="3031268414"/>
  <nd ref="3031268413"/>
  <nd ref="3031268412"/>
  <nd ref="3031268411"/>
  <nd ref="3031268410"/>
  <nd ref="3031268409"/>
  <nd ref="3031268408"/>
  <nd ref="3031268407"/>
  <nd ref="3031268406"/>
  <tag k="access" v="private"/>
  <tag k="highway" v="service"/>
 </way>
 <way id="208358260" visible="true" version="7" changeset="161645105" timestamp="2025-01-22T16:36:13Z" user="RideauCanal" uid="20109092">
  <nd ref="243093225"/>
  <nd ref="9170617635"/>
  <nd ref="2186582515"/>
  <nd ref="9170617662"/>
  <nd ref="3031268427"/>
  <nd ref="12523128419"/>
  <nd ref="2186582514"/>
  <nd ref="3031268426"/>
  <nd ref="423984140"/>
  <tag k="highway" v="residential"/>
  <tag k="name" v="Del Barco Centenera"/>
  <tag k="oneway" v="no"/>
  <tag k="surface" v="concrete"/>
 </way>
 <way id="208636772" visible="true" version="8" changeset="181984206" timestamp="2026-04-29T11:46:13Z" user="AlejandroAlba" uid="6499071">
  <nd ref="13774797916"/>
  <nd ref="2189091117"/>
  <nd ref="11523765076"/>
  <nd ref="11523765079"/>
  <nd ref="11523765080"/>
  <nd ref="2189091126"/>
  <nd ref="11523765082"/>
  <nd ref="2189091127"/>
  <nd ref="11523765083"/>
  <nd ref="2189091090"/>
  <nd ref="11523765085"/>
  <nd ref="11523765093"/>
  <nd ref="11523765092"/>
  <nd ref="2189091101"/>
  <nd ref="11523765094"/>
  <nd ref="11523765095"/>
  <nd ref="2561133542"/>
  <nd ref="11523765090"/>
  <nd ref="11523765091"/>
  <nd ref="11523765100"/>
  <nd ref="2189091088"/>
  <nd ref="2189091087"/>
  <tag k="highway" v="cycleway"/>
  <tag k="surface" v="asphalt"/>
  <tag k="width" v="1.8"/>
 </way>
 <way id="208638474" visible="true" version="5" changeset="172457308" timestamp="2025-09-25T20:17:30Z" user="muralito" uid="755114">
  <nd ref="2189105385"/>
  <nd ref="2189105392"/>
  <nd ref="2189105388"/>
  <nd ref="2189105390"/>
  <nd ref="13171913977"/>
  <nd ref="13171913979"/>
  <nd ref="13171913978"/>
  <nd ref="423984137"/>
  <nd ref="2189105380"/>
  <nd ref="2189105383"/>
  <nd ref="2189105385"/>
 </way>
 <way id="261880500" visible="true" version="2" changeset="83386109" timestamp="2020-04-11T00:59:20Z" user="FranchuFranchu" uid="11012515">
  <nd ref="2674983218"/>
  <nd ref="2674983213"/>
  <nd ref="2674983228"/>
  <nd ref="2674983234"/>
  <nd ref="2674983218"/>
  <tag k="leisure" v="pitch"/>
  <tag k="sport" v="tennis"/>
 </way>
 <way id="261880501" visible="true" version="2" changeset="83386109" timestamp="2020-04-11T00:59:20Z" user="FranchuFranchu" uid="11012515">
  <nd ref="2674983232"/>
  <nd ref="2674983239"/>
  <nd ref="2674983210"/>
  <nd ref="2674983208"/>
  <nd ref="2674983232"/>
  <tag k="leisure" v="pitch"/>
  <tag k="sport" v="hockey"/>
 </way>
 <way id="261880502" visible="true" version="1" changeset="20598013" timestamp="2014-02-16T16:06:31Z" user="pablopareja" uid="211657">
  <nd ref="2674983180"/>
  <nd ref="2674983164"/>
  <nd ref="2674983152"/>
  <nd ref="2674983156"/>
  <nd ref="2674983180"/>
  <tag k="leisure" v="pitch"/>
 </way>
 <way id="261880503" visible="true" version="2" changeset="83386109" timestamp="2020-04-11T00:59:20Z" user="FranchuFranchu" uid="11012515">
  <nd ref="2674983225"/>
  <nd ref="2674983236"/>
  <nd ref="2674983234"/>
  <nd ref="2674983218"/>
  <nd ref="2674983225"/>
  <tag k="leisure" v="pitch"/>
  <tag k="sport" v="tennis"/>
 </way>
 <way id="261880504" visible="true" version="2" changeset="83386109" timestamp="2020-04-11T00:59:20Z" user="FranchuFranchu" uid="11012515">
  <nd ref="2674983161"/>
  <nd ref="7391240116"/>
  <nd ref="2674983193"/>
  <nd ref="2674983182"/>
  <nd ref="2674983158"/>
  <nd ref="2674983161"/>
  <tag k="leisure" v="pitch"/>
 </way>
 <way id="261880505" visible="true" version="1" changeset="20598013" timestamp="2014-02-16T16:06:31Z" user="pablopareja" uid="211657">
  <nd ref="2674983174"/>
  <nd ref="2674983199"/>
  <nd ref="2674983195"/>
  <nd ref="2674983162"/>
  <nd ref="2674983174"/>
  <tag k="leisure" v="pitch"/>
 </way>
 <way id="261880506" visible="true" version="1" changeset="20598013" timestamp="2014-02-16T16:06:31Z" user="pablopareja" uid="211657">
  <nd ref="2674983186"/>
  <nd ref="2674983205"/>
  <nd ref="2674983201"/>
  <nd ref="2674983177"/>
  <nd ref="2674983186"/>
  <tag k="leisure" v="pitch"/>
 </way>
 <way id="299175809" visible="true" version="3" changeset="41675890" timestamp="2016-08-24T23:10:01Z" user="pablopareja" uid="211657">
  <nd ref="3031268422"/>
  <nd ref="3031268423"/>
  <nd ref="3031268421"/>
  <nd ref="3031268424"/>
  <nd ref="3031268425"/>
  <tag k="access" v="private"/>
  <tag k="highway" v="service"/>
 </way>
 <way id="434819098" visible="true" version="1" changeset="41118477" timestamp="2016-07-29T21:11:12Z" user="pablopareja" uid="211657">
  <nd ref="4327375594"/>
  <nd ref="4327375598"/>
  <nd ref="4327375591"/>
  <nd ref="4327375585"/>
  <nd ref="4327375594"/>
 </way>
 <way id="434820799" visible="true" version="1" changeset="41118757" timestamp="2016-07-29T21:29:21Z" user="pablopareja" uid="211657">
  <nd ref="4327399277"/>
  <nd ref="4327399282"/>
  <nd ref="4327399284"/>
  <nd ref="4327399286"/>
  <nd ref="4327399283"/>
  <nd ref="4327399280"/>
  <nd ref="4327399276"/>
  <nd ref="4327399271"/>
  <nd ref="4327399267"/>
  <nd ref="4327399264"/>
  <nd ref="4327399260"/>
  <nd ref="4327399259"/>
  <nd ref="4327399261"/>
  <nd ref="4327399266"/>
  <nd ref="4327399269"/>
  <nd ref="4327399272"/>
  <nd ref="4327399277"/>
  <tag k="leisure" v="common"/>
 </way>
 <way id="434820800" visible="true" version="2" changeset="50887282" timestamp="2017-08-06T14:57:41Z" user="juanperez79" uid="6218510">
  <nd ref="5018197836"/>
  <nd ref="4327399244"/>
  <tag k="man_made" v="pier"/>
 </way>
 <way id="434820801" visible="true" version="3" changeset="75259224" timestamp="2019-10-04T04:08:18Z" user="Degorap" uid="10244496">
  <nd ref="5018197841"/>
  <nd ref="4327400001"/>
  <tag k="man_made" v="pier"/>
  <tag k="mooring" v="yes"/>
 </way>
 <way id="434820802" visible="true" version="3" changeset="75259224" timestamp="2019-10-04T04:08:18Z" user="Degorap" uid="10244496">
  <nd ref="5018197830"/>
  <nd ref="4327400017"/>
  <tag k="man_made" v="pier"/>
  <tag k="mooring" v="yes"/>
 </way>
 <way id="434820803" visible="true" version="3" changeset="75259224" timestamp="2019-10-04T04:08:18Z" user="Degorap" uid="10244496">
  <nd ref="5018197842"/>
  <nd ref="4327399997"/>
  <tag k="man_made" v="pier"/>
  <tag k="mooring" v="yes"/>
 </way>
 <way id="434820804" visible="true" version="3" changeset="75259224" timestamp="2019-10-04T04:08:18Z" user="Degorap" uid="10244496">
  <nd ref="5018197831"/>
  <nd ref="4327400009"/>
  <tag k="man_made" v="pier"/>
  <tag k="mooring" v="yes"/>
 </way>
 <way id="434820805" visible="true" version="3" changeset="75259224" timestamp="2019-10-04T04:08:18Z" user="Degorap" uid="10244496">
  <nd ref="5018197840"/>
  <nd ref="4327399279"/>
  <tag k="man_made" v="pier"/>
  <tag k="mooring" v="yes"/>
 </way>
 <way id="434820807" visible="true" version="3" changeset="75259224" timestamp="2019-10-04T04:08:18Z" user="Degorap" uid="10244496">
  <nd ref="5018197838"/>
  <nd ref="4327399247"/>
  <tag k="man_made" v="pier"/>
  <tag k="mooring" v="yes"/>
 </way>
 <way id="434820808" visible="true" version="3" changeset="75259224" timestamp="2019-10-04T04:08:18Z" user="Degorap" uid="10244496">
  <nd ref="5018197839"/>
  <nd ref="4327399251"/>
  <tag k="man_made" v="pier"/>
  <tag k="mooring" v="yes"/>
 </way>
 <way id="434820809" visible="true" version="1" changeset="41118757" timestamp="2016-07-29T21:29:21Z" user="pablopareja" uid="211657">
  <nd ref="4327400000"/>
  <nd ref="4327400004"/>
  <nd ref="4327400010"/>
  <nd ref="4327400006"/>
  <nd ref="4327400000"/>
  <tag k="leisure" v="pitch"/>
  <tag k="sport" v="tennis"/>
 </way>
 <way id="434820810" visible="true" version="1" changeset="41118757" timestamp="2016-07-29T21:29:21Z" user="pablopareja" uid="211657">
  <nd ref="4327399254"/>
  <nd ref="4327399995"/>
  <nd ref="4327399990"/>
  <nd ref="4327399249"/>
  <nd ref="4327399254"/>
  <tag k="leisure" v="pitch"/>
  <tag k="sport" v="tennis"/>
 </way>
 <way id="434820811" visible="true" version="1" changeset="41118757" timestamp="2016-07-29T21:29:21Z" user="pablopareja" uid="211657">
  <nd ref="4327399249"/>
  <nd ref="4327399990"/>
  <nd ref="4327399275"/>
  <nd ref="4327399248"/>
  <nd ref="4327399249"/>
  <tag k="leisure" v="pitch"/>
  <tag k="sport" v="tennis"/>
 </way>
 <way id="434820812" visible="true" version="1" changeset="41118757" timestamp="2016-07-29T21:29:21Z" user="pablopareja" uid="211657">
  <nd ref="4327399993"/>
  <nd ref="4327400030"/>
  <nd ref="4327400029"/>
  <nd ref="4327399991"/>
  <nd ref="4327399993"/>
  <tag k="leisure" v="common"/>
 </way>
 <way id="434820813" visible="true" version="1" changeset="41118757" timestamp="2016-07-29T21:29:21Z" user="pablopareja" uid="211657">
  <nd ref="4327399275"/>
  <nd ref="4327399262"/>
  <nd ref="4327399245"/>
  <nd ref="4327399248"/>
  <nd ref="4327399275"/>
  <tag k="leisure" v="pitch"/>
  <tag k="sport" v="tennis"/>
 </way>
 <way id="434820814" visible="true" version="1" changeset="41118757" timestamp="2016-07-29T21:29:21Z" user="pablopareja" uid="211657">
  <nd ref="4327400000"/>
  <nd ref="4327400006"/>
  <nd ref="4327400003"/>
  <nd ref="4327399999"/>
  <nd ref="4327400000"/>
  <tag k="leisure" v="pitch"/>
  <tag k="sport" v="tennis"/>
 </way>
 <way id="434820815" visible="true" version="9" changeset="172457308" timestamp="2025-09-25T20:17:30Z" user="muralito" uid="755114">
  <nd ref="13171913980"/>
  <nd ref="13171913981"/>
  <nd ref="13171913982"/>
 </way>
 <way id="434820816" visible="true" version="1" changeset="41118757" timestamp="2016-07-29T21:29:21Z" user="pablopareja" uid="211657">
  <nd ref="4327400003"/>
  <nd ref="4327400006"/>
  <nd ref="4327400010"/>
  <nd ref="4327400011"/>
  <nd ref="4327400014"/>
  <nd ref="4327400005"/>
  <nd ref="4327400003"/>
  <tag k="leisure" v="pitch"/>
  <tag k="sport" v="tennis"/>
 </way>
 <way id="434820817" visible="true" version="3" changeset="172457308" timestamp="2025-09-25T20:17:30Z" user="muralito" uid="755114">
  <nd ref="4327399224"/>
  <nd ref="4327399221"/>
  <nd ref="4327399222"/>
  <nd ref="4977397589"/>
  <nd ref="4327399223"/>
  <nd ref="13171913984"/>
  <nd ref="13171913983"/>
  <nd ref="13171913982"/>
 </way>
 <way id="434820819" visible="true" version="7" changeset="161707116" timestamp="2025-01-24T10:54:06Z" user="RideauCanal" uid="20109092">
  <nd ref="243093225"/>
  <nd ref="12529068067"/>
  <nd ref="4327399226"/>
  <nd ref="4327399227"/>
  <nd ref="4327399230"/>
  <nd ref="4327399232"/>
  <nd ref="4327399234"/>
  <nd ref="3031268432"/>
  <nd ref="4327399236"/>
  <nd ref="4327399239"/>
  <nd ref="4327399240"/>
  <nd ref="4327399241"/>
  <nd ref="4327399243"/>
  <nd ref="4327399246"/>
  <nd ref="12520973201"/>
  <nd ref="4327399257"/>
  <tag k="alt_name" v="El Fomentista"/>
  <tag k="highway" v="residential"/>
  <tag k="maxspeed" v="40"/>
  <tag k="name" v="Camino de la Ribera"/>
  <tag k="oneway" v="yes"/>
  <tag k="surface" v="concrete"/>
 </way>
 <way id="434820820" visible="true" version="7" changeset="161707116" timestamp="2025-01-24T10:54:06Z" user="RideauCanal" uid="20109092">
  <nd ref="4327399256"/>
  <nd ref="4327399250"/>
  <nd ref="3031274136"/>
  <nd ref="3031274137"/>
  <nd ref="3031274138"/>
  <nd ref="3031274139"/>
  <nd ref="3031274140"/>
  <nd ref="3031274141"/>
  <nd ref="5018197858"/>
  <nd ref="4327399238"/>
  <nd ref="3031274143"/>
  <nd ref="4327399235"/>
  <nd ref="3031268428"/>
  <nd ref="423984183"/>
  <nd ref="3031268417"/>
  <nd ref="424171093"/>
  <nd ref="3031268415"/>
  <nd ref="12529068068"/>
  <nd ref="243093225"/>
  <tag k="alt_name" v="El Fomentista"/>
  <tag k="highway" v="residential"/>
  <tag k="maxspeed" v="40"/>
  <tag k="name" v="Camino de la Ribera"/>
  <tag k="oneway" v="yes"/>
  <tag k="surface" v="concrete"/>
 </way>
 <way id="434820821" visible="true" version="5" changeset="161638253" timestamp="2025-01-22T13:26:46Z" user="RideauCanal" uid="20109092">
  <nd ref="423984181"/>
  <nd ref="4327400028"/>
  <nd ref="5018197843"/>
  <nd ref="424171036"/>
  <nd ref="12522848895"/>
  <nd ref="685054590"/>
  <nd ref="4327399992"/>
  <nd ref="4327399281"/>
  <tag k="alt_name" v="Sor Camila Rolón"/>
  <tag k="highway" v="residential"/>
  <tag k="maxspeed" v="40"/>
  <tag k="name" v="Camino de la Ribera"/>
  <tag k="oneway" v="yes"/>
 </way>
 <way id="434820822" visible="true" version="4" changeset="162158969" timestamp="2025-02-05T10:21:07Z" user="MulwalaCanal" uid="19895412">
  <nd ref="4327399287"/>
  <nd ref="4327399994"/>
  <nd ref="4327400008"/>
  <nd ref="12558616249"/>
  <nd ref="4327400020"/>
  <nd ref="12558616248"/>
  <nd ref="4327400031"/>
  <nd ref="423984181"/>
  <tag k="alt_name" v="Sor Camila Rolón"/>
  <tag k="highway" v="residential"/>
  <tag k="maxspeed" v="40"/>
  <tag k="name" v="Camino de la Ribera"/>
  <tag k="oneway" v="yes"/>
 </way>
 <way id="434820823" visible="true" version="6" changeset="106554019" timestamp="2021-06-17T22:03:44Z" user="serock" uid="1810448">
  <nd ref="4327399278"/>
  <nd ref="4327399285"/>
  <nd ref="4327399288"/>
  <nd ref="4327399989"/>
  <nd ref="4327399287"/>
  <nd ref="4327399281"/>
  <nd ref="4327399274"/>
  <nd ref="2674983242"/>
  <nd ref="8842262848"/>
  <nd ref="4327399258"/>
  <nd ref="4327399256"/>
  <nd ref="4327399255"/>
  <nd ref="4327399257"/>
  <nd ref="4327399263"/>
  <nd ref="4327399268"/>
  <nd ref="4327399273"/>
  <nd ref="4327399278"/>
  <tag k="highway" v="residential"/>
  <tag k="junction" v="roundabout"/>
  <tag k="maxspeed" v="40"/>
  <tag k="name" v="Roque Sáenz Peña"/>
 </way>
 <way id="434820824" visible="true" version="5" changeset="161707116" timestamp="2025-01-24T10:54:06Z" user="RideauCanal" uid="20109092">
  <nd ref="2674983242"/>
  <nd ref="4327399253"/>
  <nd ref="8843338234"/>
  <nd ref="12529068066"/>
  <nd ref="2674983223"/>
  <nd ref="8843338233"/>
  <nd ref="423984067"/>
  <tag k="highway" v="residential"/>
  <tag k="lanes" v="2"/>
  <tag k="maxspeed" v="40"/>
  <tag k="name" v="Roque Sáenz Peña"/>
  <tag k="oneway" v="yes"/>
 </way>
 <way id="434820825" visible="true" version="3" changeset="162158969" timestamp="2025-02-05T10:21:07Z" user="MulwalaCanal" uid="19895412">
  <nd ref="4327400026"/>
  <nd ref="4327400025"/>
  <nd ref="4327400024"/>
  <nd ref="12523333164"/>
  <nd ref="12523333157"/>
  <nd ref="12523333163"/>
  <nd ref="12523333162"/>
  <nd ref="12523333161"/>
  <nd ref="12523333160"/>
  <nd ref="12523333158"/>
  <nd ref="12523333159"/>
  <nd ref="4327400026"/>
  <tag k="highway" v="service"/>
  <tag k="oneway" v="yes"/>
 </way>
 <way id="434820826" visible="true" version="5" changeset="45562550" timestamp="2017-01-27T15:05:06Z" user="JAAS" uid="3321532">
  <nd ref="4327399268"/>
  <nd ref="3031274135"/>
  <nd ref="424171073"/>
  <tag k="alt_name" v="El Fomentista"/>
  <tag k="highway" v="living_street"/>
  <tag k="name" v="Camino de la Ribera"/>
  <tag k="surface" v="unpaved"/>
 </way>
 <way id="434820827" visible="true" version="4" changeset="161645105" timestamp="2025-01-22T16:36:13Z" user="RideauCanal" uid="20109092">
  <nd ref="4327400018"/>
  <nd ref="4327400015"/>
  <nd ref="4327400012"/>
  <nd ref="12522848900"/>
  <nd ref="4327399996"/>
  <nd ref="4327399252"/>
  <nd ref="12520943999"/>
  <nd ref="12520943998"/>
  <nd ref="4327399242"/>
  <tag k="highway" v="service"/>
 </way>
 <way id="435068367" visible="true" version="2" changeset="164265264" timestamp="2025-03-29T20:48:40Z" user="11000matias" uid="9658350">
  <nd ref="4330090861"/>
  <nd ref="4330090859"/>
  <nd ref="4330090857"/>
  <nd ref="4330090853"/>
  <nd ref="4330090850"/>
  <nd ref="4330090849"/>
  <nd ref="4330090847"/>
  <nd ref="4330090844"/>
  <nd ref="4330090843"/>
  <nd ref="4330090845"/>
  <nd ref="4330090848"/>
  <nd ref="4330090851"/>
  <nd ref="4330090856"/>
  <nd ref="4330090858"/>
  <nd ref="4330090860"/>
  <nd ref="4330090862"/>
  <nd ref="4330090861"/>
  <tag k="landuse" v="grass"/>
 </way>
 <way id="435068368" visible="true" version="2" changeset="178625201" timestamp="2026-02-16T11:28:57Z" user="Fabri Limon" uid="16939085">
  <nd ref="4330090822"/>
  <nd ref="4330090829"/>
  <nd ref="13569597932"/>
  <nd ref="13569597933"/>
  <nd ref="13569597931"/>
  <nd ref="4330090794"/>
  <nd ref="4330090789"/>
  <nd ref="13569597928"/>
  <nd ref="13569597929"/>
  <nd ref="13569597930"/>
  <nd ref="4330090822"/>
  <tag k="leisure" v="park"/>
 </way>
 <way id="435068369" visible="true" version="1" changeset="41155845" timestamp="2016-07-31T23:15:53Z" user="pablopareja" uid="211657">
  <nd ref="4330090824"/>
  <nd ref="4330090834"/>
  <nd ref="4330090837"/>
  <nd ref="4330090831"/>
  <nd ref="4330090824"/>
  <tag k="amenity" v="parking"/>
 </way>
 <way id="435068372" visible="true" version="1" changeset="41155845" timestamp="2016-07-31T23:15:53Z" user="pablopareja" uid="211657">
  <nd ref="4330090827"/>
  <nd ref="4330090833"/>
  <nd ref="4330090830"/>
  <nd ref="4330090825"/>
  <nd ref="4330090827"/>
  <tag k="building" v="yes"/>
 </way>
 <way id="435068373" visible="true" version="1" changeset="41155845" timestamp="2016-07-31T23:15:53Z" user="pablopareja" uid="211657">
  <nd ref="4330090846"/>
  <nd ref="4330090855"/>
  <nd ref="4330090852"/>
  <nd ref="4330090840"/>
  <nd ref="4330090846"/>
  <tag k="building" v="yes"/>
 </way>
 <way id="436144290" visible="true" version="3" changeset="51766629" timestamp="2017-09-06T01:13:41Z" user="juanperez79" uid="6218510">
  <nd ref="4340236308"/>
  <nd ref="4346646813"/>
  <nd ref="5082752993"/>
  <nd ref="4340236310"/>
  <tag k="addr:inclusion" v="actual"/>
  <tag k="addr:interpolation" v="even"/>
 </way>
 <way id="436799064" visible="true" version="1" changeset="41399884" timestamp="2016-08-11T23:10:23Z" user="pablopareja" uid="211657">
  <nd ref="4346636629"/>
  <nd ref="4346636635"/>
  <tag k="addr:inclusion" v="actual"/>
  <tag k="addr:interpolation" v="even"/>
 </way>
 <way id="436799073" visible="true" version="4" changeset="146342612" timestamp="2024-01-17T00:00:09Z" user="AgusQui" uid="331218">
  <nd ref="4346636898"/>
  <nd ref="4346636903"/>
  <nd ref="4346636908"/>
  <nd ref="4346636907"/>
  <nd ref="4346636906"/>
  <nd ref="4346636893"/>
  <nd ref="4346636894"/>
  <nd ref="4346636897"/>
  <nd ref="4346636898"/>
  <tag k="landuse" v="railway"/>
 </way>
 <way id="436800594" visible="true" version="1" changeset="41400100" timestamp="2016-08-11T23:34:28Z" user="pablopareja" uid="211657">
  <nd ref="4346646794"/>
  <nd ref="4346646799"/>
  <tag k="addr:inclusion" v="actual"/>
  <tag k="addr:interpolation" v="odd"/>
 </way>
 <way id="437510935" visible="true" version="1" changeset="41500228" timestamp="2016-08-16T22:06:59Z" user="pablopareja" uid="211657">
  <nd ref="4353255947"/>
  <nd ref="4353256621"/>
  <nd ref="4353256590"/>
  <tag k="addr:inclusion" v="actual"/>
  <tag k="addr:interpolation" v="odd"/>
 </way>
 <way id="437690569" visible="true" version="1" changeset="41523804" timestamp="2016-08-17T23:42:44Z" user="pablopareja" uid="211657">
  <nd ref="4354866712"/>
  <nd ref="4354866725"/>
  <nd ref="4354866713"/>
  <tag k="addr:inclusion" v="actual"/>
  <tag k="addr:interpolation" v="even"/>
 </way>
 <way id="437690571" visible="true" version="2" changeset="146342612" timestamp="2024-01-17T00:00:09Z" user="AgusQui" uid="331218">
  <nd ref="4354866723"/>
  <nd ref="4354866726"/>
  <nd ref="4354866729"/>
  <nd ref="4354866727"/>
  <nd ref="4354866724"/>
  <nd ref="4354866722"/>
  <nd ref="4354866723"/>
  <tag k="landuse" v="railway"/>
 </way>
 <way id="437690846" visible="true" version="1" changeset="41523870" timestamp="2016-08-17T23:49:14Z" user="pablopareja" uid="211657">
  <nd ref="4354872845"/>
  <nd ref="4354872846"/>
  <tag k="addr:inclusion" v="actual"/>
  <tag k="addr:interpolation" v="odd"/>
 </way>
 <way id="438659498" visible="true" version="1" changeset="41649425" timestamp="2016-08-23T22:13:30Z" user="pablopareja" uid="211657">
  <nd ref="4363674948"/>
  <nd ref="4363674954"/>
  <tag k="addr:inclusion" v="actual"/>
  <tag k="addr:interpolation" v="even"/>
 </way>
 <way id="438659499" visible="true" version="1" changeset="41649425" timestamp="2016-08-23T22:13:30Z" user="pablopareja" uid="211657">
  <nd ref="4363674974"/>
  <nd ref="4363674977"/>
  <tag k="addr:inclusion" v="actual"/>
  <tag k="addr:interpolation" v="odd"/>
 </way>
 <way id="438659502" visible="true" version="1" changeset="41649425" timestamp="2016-08-23T22:13:30Z" user="pablopareja" uid="211657">
  <nd ref="4363674937"/>
  <nd ref="4363674986"/>
  <tag k="addr:inclusion" v="actual"/>
  <tag k="addr:interpolation" v="even"/>
 </way>
 <way id="438659504" visible="true" version="2" changeset="106554019" timestamp="2021-06-17T22:03:44Z" user="serock" uid="1810448">
  <nd ref="4363674964"/>
  <nd ref="4363674978"/>
  <tag k="addr:inclusion" v="actual"/>
  <tag k="addr:interpolation" v="even"/>
 </way>
 <way id="438659505" visible="true" version="1" changeset="41649425" timestamp="2016-08-23T22:13:30Z" user="pablopareja" uid="211657">
  <nd ref="4363674945"/>
  <nd ref="4363674951"/>
  <tag k="addr:inclusion" v="actual"/>
  <tag k="addr:interpolation" v="odd"/>
 </way>
 <way id="438659506" visible="true" version="1" changeset="41649425" timestamp="2016-08-23T22:13:30Z" user="pablopareja" uid="211657">
  <nd ref="4363674936"/>
  <nd ref="4363674985"/>
  <tag k="addr:inclusion" v="actual"/>
  <tag k="addr:interpolation" v="even"/>
 </way>
 <way id="438659509" visible="true" version="1" changeset="41649425" timestamp="2016-08-23T22:13:30Z" user="pablopareja" uid="211657">
  <nd ref="4363674990"/>
  <nd ref="4363674996"/>
  <tag k="addr:inclusion" v="actual"/>
  <tag k="addr:interpolation" v="even"/>
 </way>
 <way id="438659510" visible="true" version="1" changeset="41649425" timestamp="2016-08-23T22:13:30Z" user="pablopareja" uid="211657">
  <nd ref="4363674949"/>
  <nd ref="4363674955"/>
  <tag k="addr:inclusion" v="actual"/>
  <tag k="addr:interpolation" v="even"/>
 </way>
 <way id="438659511" visible="true" version="1" changeset="41649425" timestamp="2016-08-23T22:13:30Z" user="pablopareja" uid="211657">
  <nd ref="4363674987"/>
  <nd ref="4363674991"/>
  <tag k="addr:inclusion" v="actual"/>
  <tag k="addr:interpolation" v="odd"/>
 </way>
 <way id="438659513" visible="true" version="1" changeset="41649425" timestamp="2016-08-23T22:13:30Z" user="pablopareja" uid="211657">
  <nd ref="4363674944"/>
  <nd ref="4363674950"/>
  <tag k="addr:inclusion" v="actual"/>
  <tag k="addr:interpolation" v="odd"/>
 </way>
 <way id="438659514" visible="true" version="1" changeset="41649425" timestamp="2016-08-23T22:13:31Z" user="pablopareja" uid="211657">
  <nd ref="4363674930"/>
  <nd ref="4363674940"/>
  <tag k="addr:inclusion" v="actual"/>
  <tag k="addr:interpolation" v="odd"/>
 </way>
 <way id="438659515" visible="true" version="1" changeset="41649425" timestamp="2016-08-23T22:13:31Z" user="pablopareja" uid="211657">
  <nd ref="4363674922"/>
  <nd ref="4363675017"/>
  <tag k="addr:inclusion" v="actual"/>
  <tag k="addr:interpolation" v="odd"/>
 </way>
 <way id="438659516" visible="true" version="1" changeset="41649425" timestamp="2016-08-23T22:13:31Z" user="pablopareja" uid="211657">
  <nd ref="4363674988"/>
  <nd ref="4363674993"/>
  <tag k="addr:inclusion" v="actual"/>
  <tag k="addr:interpolation" v="odd"/>
 </way>
 <way id="438659518" visible="true" version="1" changeset="41649425" timestamp="2016-08-23T22:13:31Z" user="pablopareja" uid="211657">
  <nd ref="4363674984"/>
  <nd ref="4363674927"/>
  <tag k="addr:inclusion" v="actual"/>
  <tag k="addr:interpolation" v="even"/>
 </way>
 <way id="438659519" visible="true" version="1" changeset="41649425" timestamp="2016-08-23T22:13:31Z" user="pablopareja" uid="211657">
  <nd ref="4363674989"/>
  <nd ref="4363674995"/>
  <tag k="addr:inclusion" v="actual"/>
  <tag k="addr:interpolation" v="even"/>
 </way>
 <way id="438659520" visible="true" version="1" changeset="41649425" timestamp="2016-08-23T22:13:31Z" user="pablopareja" uid="211657">
  <nd ref="4363674925"/>
  <nd ref="4363675019"/>
  <tag k="addr:inclusion" v="actual"/>
  <tag k="addr:interpolation" v="odd"/>
 </way>
 <way id="438659521" visible="true" version="1" changeset="41649425" timestamp="2016-08-23T22:13:31Z" user="pablopareja" uid="211657">
  <nd ref="4363674975"/>
  <nd ref="4363674979"/>
  <tag k="addr:inclusion" v="actual"/>
  <tag k="addr:interpolation" v="even"/>
 </way>
 <way id="438659522" visible="true" version="1" changeset="41649425" timestamp="2016-08-23T22:13:31Z" user="pablopareja" uid="211657">
  <nd ref="4363674931"/>
  <nd ref="4363674941"/>
  <tag k="addr:inclusion" v="actual"/>
  <tag k="addr:interpolation" v="even"/>
 </way>
 <way id="438659524" visible="true" version="1" changeset="41649425" timestamp="2016-08-23T22:13:31Z" user="pablopareja" uid="211657">
  <nd ref="4363674957"/>
  <nd ref="4363674958"/>
  <tag k="addr:inclusion" v="actual"/>
  <tag k="addr:interpolation" v="even"/>
 </way>
 <way id="438659526" visible="true" version="1" changeset="41649425" timestamp="2016-08-23T22:13:31Z" user="pablopareja" uid="211657">
  <nd ref="4363674932"/>
  <nd ref="4363674942"/>
  <tag k="addr:inclusion" v="actual"/>
  <tag k="addr:interpolation" v="even"/>
 </way>
 <way id="438659529" visible="true" version="1" changeset="41649425" timestamp="2016-08-23T22:13:31Z" user="pablopareja" uid="211657">
  <nd ref="4363674929"/>
  <nd ref="4363674939"/>
  <tag k="addr:inclusion" v="actual"/>
  <tag k="addr:interpolation" v="odd"/>
 </way>
 <way id="438659530" visible="true" version="1" changeset="41649425" timestamp="2016-08-23T22:13:31Z" user="pablopareja" uid="211657">
  <nd ref="4363674924"/>
  <nd ref="4363675018"/>
  <tag k="addr:inclusion" v="actual"/>
  <tag k="addr:interpolation" v="odd"/>
 </way>
 <way id="438659531" visible="true" version="1" changeset="41649425" timestamp="2016-08-23T22:13:31Z" user="pablopareja" uid="211657">
  <nd ref="4363674947"/>
  <nd ref="4363674953"/>
  <tag k="addr:inclusion" v="actual"/>
  <tag k="addr:interpolation" v="even"/>
 </way>
 <way id="438659534" visible="true" version="1" changeset="41649425" timestamp="2016-08-23T22:13:31Z" user="pablopareja" uid="211657">
  <nd ref="4363674946"/>
  <nd ref="4363674952"/>
  <tag k="addr:inclusion" v="actual"/>
  <tag k="addr:interpolation" v="odd"/>
 </way>
 <way id="438659535" visible="true" version="1" changeset="41649425" timestamp="2016-08-23T22:13:31Z" user="pablopareja" uid="211657">
  <nd ref="4363674933"/>
  <nd ref="4363674943"/>
  <tag k="addr:inclusion" v="actual"/>
  <tag k="addr:interpolation" v="even"/>
 </way>
 <way id="438659536" visible="true" version="1" changeset="41649425" timestamp="2016-08-23T22:13:31Z" user="pablopareja" uid="211657">
  <nd ref="4363674934"/>
  <nd ref="4363674980"/>
  <tag k="addr:inclusion" v="actual"/>
  <tag k="addr:interpolation" v="odd"/>
 </way>
 <way id="438659537" visible="true" version="1" changeset="41649425" timestamp="2016-08-23T22:13:32Z" user="pablopareja" uid="211657">
  <nd ref="4363674982"/>
  <nd ref="4363674994"/>
  <tag k="addr:inclusion" v="actual"/>
  <tag k="addr:interpolation" v="even"/>
 </way>
 <way id="438659538" visible="true" version="1" changeset="41649425" timestamp="2016-08-23T22:13:32Z" user="pablopareja" uid="211657">
  <nd ref="4363674935"/>
  <nd ref="4363674981"/>
  <tag k="addr:inclusion" v="actual"/>
  <tag k="addr:interpolation" v="odd"/>
 </way>
 <way id="438659539" visible="true" version="1" changeset="41649425" timestamp="2016-08-23T22:13:32Z" user="pablopareja" uid="211657">
  <nd ref="4363674983"/>
  <nd ref="4363674926"/>
  <tag k="addr:inclusion" v="actual"/>
  <tag k="addr:interpolation" v="even"/>
 </way>
 <way id="438659540" visible="true" version="1" changeset="41649425" timestamp="2016-08-23T22:13:32Z" user="pablopareja" uid="211657">
  <nd ref="4363674928"/>
  <nd ref="4363674938"/>
  <tag k="addr:inclusion" v="actual"/>
  <tag k="addr:interpolation" v="odd"/>
 </way>
 <way id="438659541" visible="true" version="2" changeset="77640286" timestamp="2019-11-27T14:57:46Z" user="Hernan" uid="72347">
  <nd ref="4363675000"/>
  <nd ref="4363675022"/>
  <nd ref="4363675010"/>
  <tag k="addr:inclusion" v="actual"/>
  <tag k="addr:interpolation" v="even"/>
 </way>
 <way id="438659542" visible="true" version="1" changeset="41649425" timestamp="2016-08-23T22:13:32Z" user="pablopareja" uid="211657">
  <nd ref="4363674997"/>
  <nd ref="4363675023"/>
  <nd ref="4363675003"/>
  <tag k="addr:inclusion" v="actual"/>
  <tag k="addr:interpolation" v="odd"/>
 </way>
 <way id="438659544" visible="true" version="1" changeset="41649425" timestamp="2016-08-23T22:13:32Z" user="pablopareja" uid="211657">
  <nd ref="4363674956"/>
  <nd ref="4363675020"/>
  <nd ref="4363674976"/>
  <tag k="addr:inclusion" v="actual"/>
  <tag k="addr:interpolation" v="odd"/>
 </way>
 <way id="438659545" visible="true" version="1" changeset="41649425" timestamp="2016-08-23T22:13:32Z" user="pablopareja" uid="211657">
  <nd ref="4363674923"/>
  <nd ref="4363675021"/>
  <nd ref="4363674992"/>
  <tag k="addr:inclusion" v="actual"/>
  <tag k="addr:interpolation" v="odd"/>
 </way>
 <way id="438661811" visible="true" version="1" changeset="41649814" timestamp="2016-08-23T22:46:44Z" user="pablopareja" uid="211657">
  <nd ref="4363694231"/>
  <nd ref="4363694242"/>
  <tag k="addr:inclusion" v="actual"/>
  <tag k="addr:interpolation" v="odd"/>
 </way>
 <way id="438661812" visible="true" version="1" changeset="41649814" timestamp="2016-08-23T22:46:44Z" user="pablopareja" uid="211657">
  <nd ref="4363694261"/>
  <nd ref="4363694264"/>
  <tag k="addr:inclusion" v="actual"/>
  <tag k="addr:interpolation" v="odd"/>
 </way>
 <way id="438661813" visible="true" version="1" changeset="41649814" timestamp="2016-08-23T22:46:44Z" user="pablopareja" uid="211657">
  <nd ref="4363694226"/>
  <nd ref="4363694279"/>
  <tag k="addr:inclusion" v="actual"/>
  <tag k="addr:interpolation" v="odd"/>
 </way>
 <way id="438661815" visible="true" version="1" changeset="41649814" timestamp="2016-08-23T22:46:44Z" user="pablopareja" uid="211657">
  <nd ref="4363694275"/>
  <nd ref="4363694280"/>
  <tag k="addr:inclusion" v="actual"/>
  <tag k="addr:interpolation" v="odd"/>
 </way>
 <way id="438661816" visible="true" version="1" changeset="41649814" timestamp="2016-08-23T22:46:44Z" user="pablopareja" uid="211657">
  <nd ref="4363694232"/>
  <nd ref="4363694243"/>
  <tag k="addr:inclusion" v="actual"/>
  <tag k="addr:interpolation" v="odd"/>
 </way>
 <way id="438661818" visible="true" version="1" changeset="41649814" timestamp="2016-08-23T22:46:44Z" user="pablopareja" uid="211657">
  <nd ref="4363694235"/>
  <nd ref="4363694246"/>
  <tag k="addr:inclusion" v="actual"/>
  <tag k="addr:interpolation" v="even"/>
 </way>
 <way id="438661819" visible="true" version="1" changeset="41649814" timestamp="2016-08-23T22:46:44Z" user="pablopareja" uid="211657">
  <nd ref="4363694248"/>
  <nd ref="4363694253"/>
  <tag k="addr:inclusion" v="actual"/>
  <tag k="addr:interpolation" v="odd"/>
 </way>
 <way id="438661820" visible="true" version="1" changeset="41649814" timestamp="2016-08-23T22:46:44Z" user="pablopareja" uid="211657">
  <nd ref="4363694239"/>
  <nd ref="4363694260"/>
  <tag k="addr:inclusion" v="actual"/>
  <tag k="addr:interpolation" v="even"/>
 </way>
 <way id="438661821" visible="true" version="1" changeset="41649814" timestamp="2016-08-23T22:46:44Z" user="pablopareja" uid="211657">
  <nd ref="4363694266"/>
  <nd ref="4363694274"/>
  <tag k="addr:inclusion" v="actual"/>
  <tag k="addr:interpolation" v="even"/>
 </way>
 <way id="438661822" visible="true" version="1" changeset="41649814" timestamp="2016-08-23T22:46:44Z" user="pablopareja" uid="211657">
  <nd ref="4363694229"/>
  <nd ref="4363694240"/>
  <tag k="addr:inclusion" v="actual"/>
  <tag k="addr:interpolation" v="odd"/>
 </way>
 <way id="438661823" visible="true" version="1" changeset="41649814" timestamp="2016-08-23T22:46:44Z" user="pablopareja" uid="211657">
  <nd ref="4363694230"/>
  <nd ref="4363694241"/>
  <tag k="addr:inclusion" v="actual"/>
  <tag k="addr:interpolation" v="odd"/>
 </way>
 <way id="438661825" visible="true" version="1" changeset="41649814" timestamp="2016-08-23T22:46:44Z" user="pablopareja" uid="211657">
  <nd ref="4363694238"/>
  <nd ref="4363694259"/>
  <tag k="addr:inclusion" v="actual"/>
  <tag k="addr:interpolation" v="odd"/>
 </way>
 <way id="438661827" visible="true" version="1" changeset="41649814" timestamp="2016-08-23T22:46:45Z" user="pablopareja" uid="211657">
  <nd ref="4363694251"/>
  <nd ref="4363694256"/>
  <tag k="addr:inclusion" v="actual"/>
  <tag k="addr:interpolation" v="even"/>
 </way>
 <way id="438661828" visible="true" version="1" changeset="41649814" timestamp="2016-08-23T22:46:45Z" user="pablopareja" uid="211657">
  <nd ref="4363694263"/>
  <nd ref="4363694268"/>
  <tag k="addr:inclusion" v="actual"/>
  <tag k="addr:interpolation" v="even"/>
 </way>
 <way id="438661829" visible="true" version="1" changeset="41649814" timestamp="2016-08-23T22:46:45Z" user="pablopareja" uid="211657">
  <nd ref="4363694276"/>
  <nd ref="4363694227"/>
  <tag k="addr:inclusion" v="actual"/>
  <tag k="addr:interpolation" v="even"/>
 </way>
 <way id="438661830" visible="true" version="1" changeset="41649814" timestamp="2016-08-23T22:46:45Z" user="pablopareja" uid="211657">
  <nd ref="4363694236"/>
  <nd ref="4363694257"/>
  <tag k="addr:inclusion" v="actual"/>
  <tag k="addr:interpolation" v="even"/>
 </way>
 <way id="438661831" visible="true" version="1" changeset="41649814" timestamp="2016-08-23T22:46:45Z" user="pablopareja" uid="211657">
  <nd ref="4363694233"/>
  <nd ref="4363694244"/>
  <tag k="addr:inclusion" v="actual"/>
  <tag k="addr:interpolation" v="even"/>
 </way>
 <way id="438661833" visible="true" version="1" changeset="41649814" timestamp="2016-08-23T22:46:45Z" user="pablopareja" uid="211657">
  <nd ref="4363694234"/>
  <nd ref="4363694245"/>
  <tag k="addr:inclusion" v="actual"/>
  <tag k="addr:interpolation" v="even"/>
 </way>
 <way id="438661834" visible="true" version="1" changeset="41649814" timestamp="2016-08-23T22:46:45Z" user="pablopareja" uid="211657">
  <nd ref="4363694247"/>
  <nd ref="4363694252"/>
  <tag k="addr:inclusion" v="actual"/>
  <tag k="addr:interpolation" v="odd"/>
 </way>
 <way id="438661835" visible="true" version="1" changeset="41649814" timestamp="2016-08-23T22:46:45Z" user="pablopareja" uid="211657">
  <nd ref="4363694237"/>
  <nd ref="4363694258"/>
  <tag k="addr:inclusion" v="actual"/>
  <tag k="addr:interpolation" v="odd"/>
 </way>
 <way id="438661836" visible="true" version="1" changeset="41649814" timestamp="2016-08-23T22:46:45Z" user="pablopareja" uid="211657">
  <nd ref="4363694250"/>
  <nd ref="4363694255"/>
  <tag k="addr:inclusion" v="actual"/>
  <tag k="addr:interpolation" v="even"/>
 </way>
 <way id="438661837" visible="true" version="2" changeset="41675830" timestamp="2016-08-24T23:04:15Z" user="pablopareja" uid="211657">
  <nd ref="4363694267"/>
  <nd ref="4365534818"/>
  <tag k="addr:inclusion" v="actual"/>
  <tag k="addr:interpolation" v="even"/>
 </way>
 <way id="438661838" visible="true" version="1" changeset="41649814" timestamp="2016-08-23T22:46:45Z" user="pablopareja" uid="211657">
  <nd ref="4363694249"/>
  <nd ref="4363694254"/>
  <tag k="addr:inclusion" v="actual"/>
  <tag k="addr:interpolation" v="odd"/>
 </way>
 <way id="438661839" visible="true" version="1" changeset="41649814" timestamp="2016-08-23T22:46:45Z" user="pablopareja" uid="211657">
  <nd ref="4363694529"/>
  <nd ref="4363694537"/>
  <nd ref="4363694539"/>
  <nd ref="4363694531"/>
  <nd ref="4363694529"/>
  <tag k="leisure" v="pitch"/>
  <tag k="sport" v="tennis"/>
 </way>
 <way id="438661840" visible="true" version="2" changeset="186536604" timestamp="2026-07-28T18:29:06Z" user="Fabri Limon" uid="16939085">
  <nd ref="4363694285"/>
  <nd ref="4363694284"/>
  <nd ref="14056863436"/>
  <nd ref="14056863437"/>
  <nd ref="4363694285"/>
  <tag k="leisure" v="pitch"/>
  <tag k="sport" v="tennis"/>
 </way>
 <way id="438661841" visible="true" version="1" changeset="41649814" timestamp="2016-08-23T22:46:45Z" user="pablopareja" uid="211657">
  <nd ref="4363694585"/>
  <nd ref="4363694589"/>
  <nd ref="4363694587"/>
  <nd ref="4363694584"/>
  <nd ref="4363694585"/>
  <tag k="leisure" v="swimming_pool"/>
  <tag k="sport" v="swimming"/>
 </way>
 <way id="438661842" visible="true" version="1" changeset="41649814" timestamp="2016-08-23T22:46:45Z" user="pablopareja" uid="211657">
  <nd ref="4363694566"/>
  <nd ref="4363694561"/>
  <nd ref="4363694570"/>
  <nd ref="4363694573"/>
  <nd ref="4363694566"/>
  <tag k="leisure" v="pitch"/>
 </way>
 <way id="438661843" visible="true" version="1" changeset="41649814" timestamp="2016-08-23T22:46:45Z" user="pablopareja" uid="211657">
  <nd ref="4363694560"/>
  <nd ref="4363694555"/>
  <nd ref="4363694565"/>
  <nd ref="4363694568"/>
  <nd ref="4363694560"/>
  <tag k="leisure" v="pitch"/>
 </way>
 <way id="438661844" visible="true" version="1" changeset="41649814" timestamp="2016-08-23T22:46:45Z" user="pablopareja" uid="211657">
  <nd ref="4363694548"/>
  <nd ref="4363694562"/>
  <nd ref="4363694559"/>
  <nd ref="4363694547"/>
  <nd ref="4363694548"/>
  <tag k="leisure" v="pitch"/>
 </way>
 <way id="438661845" visible="true" version="1" changeset="41649814" timestamp="2016-08-23T22:46:45Z" user="pablopareja" uid="211657">
  <nd ref="4363694544"/>
  <nd ref="4363694556"/>
  <nd ref="4363694554"/>
  <nd ref="4363694543"/>
  <nd ref="4363694544"/>
  <tag k="leisure" v="pitch"/>
 </way>
 <way id="438661846" visible="true" version="2" changeset="186536604" timestamp="2026-07-28T18:29:06Z" user="Fabri Limon" uid="16939085">
  <nd ref="4363694284"/>
  <nd ref="4363694283"/>
  <nd ref="14056863435"/>
  <nd ref="14056863436"/>
  <nd ref="4363694284"/>
  <tag k="leisure" v="pitch"/>
  <tag k="sport" v="tennis"/>
 </way>
 <way id="438661847" visible="true" version="1" changeset="41649814" timestamp="2016-08-23T22:46:45Z" user="pablopareja" uid="211657">
  <nd ref="4363694572"/>
  <nd ref="4363694580"/>
  <nd ref="4363694581"/>
  <nd ref="4363694575"/>
  <nd ref="4363694572"/>
  <tag k="leisure" v="pitch"/>
  <tag k="sport" v="tennis"/>
 </way>
 <way id="438661848" visible="true" version="1" changeset="41649814" timestamp="2016-08-23T22:46:45Z" user="pablopareja" uid="211657">
  <nd ref="4363694546"/>
  <nd ref="4363694558"/>
  <nd ref="4363694557"/>
  <nd ref="4363694545"/>
  <nd ref="4363694546"/>
  <tag k="leisure" v="pitch"/>
 </way>
 <way id="438661849" visible="true" version="1" changeset="41649814" timestamp="2016-08-23T22:46:45Z" user="pablopareja" uid="211657">
  <nd ref="4363694592"/>
  <nd ref="4363694591"/>
  <nd ref="4363694594"/>
  <nd ref="4363694595"/>
  <nd ref="4363694592"/>
  <tag k="leisure" v="pitch"/>
  <tag k="sport" v="tennis"/>
 </way>
 <way id="438661850" visible="true" version="1" changeset="41649814" timestamp="2016-08-23T22:46:46Z" user="pablopareja" uid="211657">
  <nd ref="4363694569"/>
  <nd ref="4363694567"/>
  <nd ref="4363694574"/>
  <nd ref="4363694577"/>
  <nd ref="4363694569"/>
  <tag k="leisure" v="pitch"/>
 </way>
 <way id="438661851" visible="true" version="2" changeset="43453255" timestamp="2016-11-06T22:25:11Z" user="pablopareja" uid="211657">
  <nd ref="4363694590"/>
  <nd ref="4363694586"/>
  <nd ref="4363694588"/>
  <nd ref="4363694593"/>
  <nd ref="4363694590"/>
  <tag k="leisure" v="pitch"/>
  <tag k="sport" v="soccer"/>
 </way>
 <way id="438661852" visible="true" version="2" changeset="186536604" timestamp="2026-07-28T18:29:06Z" user="Fabri Limon" uid="16939085">
  <nd ref="4363694283"/>
  <nd ref="4363694282"/>
  <nd ref="14056863434"/>
  <nd ref="14056863435"/>
  <nd ref="4363694283"/>
  <tag k="leisure" v="pitch"/>
  <tag k="sport" v="tennis"/>
 </way>
 <way id="438661853" visible="true" version="1" changeset="41649814" timestamp="2016-08-23T22:46:46Z" user="pablopareja" uid="211657">
  <nd ref="4363694498"/>
  <nd ref="4363694501"/>
  <nd ref="4363694499"/>
  <nd ref="4363694496"/>
  <nd ref="4363694498"/>
  <tag k="leisure" v="swimming_pool"/>
  <tag k="sport" v="swimming"/>
 </way>
 <way id="438661854" visible="true" version="1" changeset="41649814" timestamp="2016-08-23T22:46:46Z" user="pablopareja" uid="211657">
  <nd ref="4363694575"/>
  <nd ref="4363694581"/>
  <nd ref="4363694582"/>
  <nd ref="4363694576"/>
  <nd ref="4363694575"/>
  <tag k="leisure" v="pitch"/>
  <tag k="sport" v="tennis"/>
 </way>
 <way id="438661855" visible="true" version="1" changeset="41649814" timestamp="2016-08-23T22:46:46Z" user="pablopareja" uid="211657">
  <nd ref="4363694532"/>
  <nd ref="4363694541"/>
  <nd ref="4363694542"/>
  <nd ref="4363694534"/>
  <nd ref="4363694532"/>
  <tag k="leisure" v="pitch"/>
  <tag k="sport" v="tennis"/>
 </way>
 <way id="438661856" visible="true" version="1" changeset="41649814" timestamp="2016-08-23T22:46:46Z" user="pablopareja" uid="211657">
  <nd ref="4363694550"/>
  <nd ref="4363694564"/>
  <nd ref="4363694563"/>
  <nd ref="4363694549"/>
  <nd ref="4363694550"/>
  <tag k="leisure" v="pitch"/>
 </way>
 <way id="438661857" visible="true" version="1" changeset="41649814" timestamp="2016-08-23T22:46:46Z" user="pablopareja" uid="211657">
  <nd ref="4363694595"/>
  <nd ref="4363694594"/>
  <nd ref="4363694596"/>
  <nd ref="4363694597"/>
  <nd ref="4363694595"/>
  <tag k="leisure" v="pitch"/>
  <tag k="sport" v="tennis"/>
 </way>
 <way id="438661858" visible="true" version="1" changeset="41649814" timestamp="2016-08-23T22:46:46Z" user="pablopareja" uid="211657">
  <nd ref="4363694536"/>
  <nd ref="4363694551"/>
  <nd ref="4363694552"/>
  <nd ref="4363694538"/>
  <nd ref="4363694536"/>
  <tag k="leisure" v="pitch"/>
  <tag k="sport" v="tennis"/>
 </way>
 <way id="438661859" visible="true" version="1" changeset="41649814" timestamp="2016-08-23T22:46:46Z" user="pablopareja" uid="211657">
  <nd ref="4363694531"/>
  <nd ref="4363694539"/>
  <nd ref="4363694541"/>
  <nd ref="4363694532"/>
  <nd ref="4363694531"/>
  <tag k="leisure" v="pitch"/>
  <tag k="sport" v="tennis"/>
 </way>
 <way id="438661860" visible="true" version="1" changeset="41649814" timestamp="2016-08-23T22:46:46Z" user="pablopareja" uid="211657">
  <nd ref="4363694571"/>
  <nd ref="4363694579"/>
  <nd ref="4363694580"/>
  <nd ref="4363694572"/>
  <nd ref="4363694571"/>
  <tag k="leisure" v="pitch"/>
  <tag k="sport" v="tennis"/>
 </way>
 <way id="438661861" visible="true" version="1" changeset="41649814" timestamp="2016-08-23T22:46:46Z" user="pablopareja" uid="211657">
  <nd ref="4363694538"/>
  <nd ref="4363694552"/>
  <nd ref="4363694553"/>
  <nd ref="4363694540"/>
  <nd ref="4363694538"/>
  <tag k="leisure" v="pitch"/>
  <tag k="sport" v="tennis"/>
 </way>
 <way id="438661862" visible="true" version="1" changeset="41649814" timestamp="2016-08-23T22:46:46Z" user="pablopareja" uid="211657">
  <nd ref="4363694576"/>
  <nd ref="4363694582"/>
  <nd ref="4363694583"/>
  <nd ref="4363694578"/>
  <nd ref="4363694576"/>
  <tag k="leisure" v="pitch"/>
  <tag k="sport" v="tennis"/>
 </way>
 <way id="438661864" visible="true" version="1" changeset="41649814" timestamp="2016-08-23T22:46:46Z" user="pablopareja" uid="211657">
  <nd ref="4363694510"/>
  <nd ref="4363694516"/>
  <nd ref="4363694517"/>
  <nd ref="4363694521"/>
  <nd ref="4363694520"/>
  <nd ref="4363694527"/>
  <nd ref="4363694526"/>
  <nd ref="4363694530"/>
  <nd ref="4363694528"/>
  <nd ref="4363694523"/>
  <nd ref="4363694522"/>
  <nd ref="4363694503"/>
  <nd ref="4363694504"/>
  <nd ref="4363694502"/>
  <nd ref="4363694505"/>
  <nd ref="4363694508"/>
  <nd ref="4363694510"/>
  <tag k="building" v="yes"/>
 </way>
 <way id="438661867" visible="true" version="4" changeset="161642439" timestamp="2025-01-22T15:21:32Z" user="RideauCanal" uid="20109092">
  <nd ref="7204568970"/>
  <nd ref="4363694500"/>
  <nd ref="4363694497"/>
  <nd ref="12523027883"/>
  <nd ref="4363694493"/>
  <nd ref="4363694492"/>
  <nd ref="4363694495"/>
  <nd ref="4363694494"/>
  <nd ref="4363694491"/>
  <nd ref="4363694490"/>
  <tag k="access" v="private"/>
  <tag k="highway" v="service"/>
 </way>
 <way id="438905874" visible="true" version="1" changeset="41675830" timestamp="2016-08-24T23:04:14Z" user="pablopareja" uid="211657">
  <nd ref="4365534834"/>
  <nd ref="4365534828"/>
  <nd ref="4365534827"/>
  <nd ref="4365534829"/>
  <nd ref="4365534831"/>
  <nd ref="4365534833"/>
  <nd ref="4365534842"/>
  <nd ref="4365534843"/>
  <nd ref="4365534840"/>
  <nd ref="4365534837"/>
  <nd ref="4365534834"/>
  <tag k="leisure" v="track"/>
 </way>
 <way id="438905875" visible="true" version="2" changeset="50887282" timestamp="2017-08-06T14:57:42Z" user="juanperez79" uid="6218510">
  <nd ref="4365529882"/>
  <nd ref="4365534859"/>
  <nd ref="4365534857"/>
  <nd ref="4365534855"/>
  <nd ref="4365534853"/>
  <nd ref="4365534851"/>
  <nd ref="2189105395"/>
  <nd ref="4327399233"/>
  <nd ref="4327399231"/>
  <nd ref="4327399228"/>
  <nd ref="4327399225"/>
  <tag k="addr:inclusion" v="actual"/>
  <tag k="addr:interpolation" v="odd"/>
 </way>
 <way id="438905884" visible="true" version="1" changeset="41675830" timestamp="2016-08-24T23:04:14Z" user="pablopareja" uid="211657">
  <nd ref="4365529888"/>
  <nd ref="4365534796"/>
  <tag k="addr:inclusion" v="actual"/>
  <tag k="addr:interpolation" v="even"/>
 </way>
 <way id="438905893" visible="true" version="1" changeset="41675830" timestamp="2016-08-24T23:04:15Z" user="pablopareja" uid="211657">
  <nd ref="4365529885"/>
  <nd ref="4365534793"/>
  <tag k="addr:inclusion" v="actual"/>
  <tag k="addr:interpolation" v="odd"/>
 </way>
 <way id="438905894" visible="true" version="1" changeset="41675830" timestamp="2016-08-24T23:04:15Z" user="pablopareja" uid="211657">
  <nd ref="4365534802"/>
  <nd ref="4365534849"/>
  <nd ref="4365534804"/>
  <tag k="addr:inclusion" v="actual"/>
  <tag k="addr:interpolation" v="even"/>
 </way>
 <way id="438905895" visible="true" version="2" changeset="49927985" timestamp="2017-06-29T19:15:58Z" user="juanperez79" uid="6218510">
  <nd ref="4365534806"/>
  <nd ref="4365534841"/>
  <nd ref="4942801568"/>
  <nd ref="4365534808"/>
  <tag k="addr:inclusion" v="actual"/>
  <tag k="addr:interpolation" v="even"/>
 </way>
 <way id="438905896" visible="true" version="2" changeset="50885278" timestamp="2017-08-06T13:28:42Z" user="juanperez79" uid="6218510">
  <nd ref="4365534844"/>
  <nd ref="4365534836"/>
  <nd ref="4365534847"/>
  <nd ref="4365534850"/>
  <nd ref="4365534844"/>
  <tag k="leisure" v="pitch"/>
  <tag k="sport" v="rugby_league"/>
 </way>
 <way id="438905897" visible="true" version="2" changeset="50885278" timestamp="2017-08-06T13:28:42Z" user="juanperez79" uid="6218510">
  <nd ref="4365534835"/>
  <nd ref="4365534846"/>
  <nd ref="4365534839"/>
  <nd ref="4365534832"/>
  <nd ref="4365534835"/>
  <tag k="leisure" v="pitch"/>
  <tag k="sport" v="rugby_league"/>
 </way>
 <way id="438905898" visible="true" version="1" changeset="41675830" timestamp="2016-08-24T23:04:15Z" user="pablopareja" uid="211657">
  <nd ref="4365534799"/>
  <nd ref="4365534858"/>
  <nd ref="4365534856"/>
  <nd ref="4365534854"/>
  <nd ref="4365534852"/>
  <nd ref="4365534800"/>
  <tag k="addr:inclusion" v="actual"/>
  <tag k="addr:interpolation" v="even"/>
 </way>
 <way id="450116333" visible="true" version="2" changeset="178950932" timestamp="2026-02-23T16:13:57Z" user="Avardent" uid="20972825">
  <nd ref="4470374098"/>
  <nd ref="13593284715"/>
  <nd ref="13593284714"/>
  <nd ref="1628866927"/>
  <nd ref="1628866860"/>
  <nd ref="4470374089"/>
  <nd ref="4470374098"/>
  <tag k="landuse" v="recreation_ground"/>
  <tag k="name" v="Centro Municipal de Exposiciones"/>
  <tag k="website" v="http://sanisidro.gov.ar"/>
 </way>
 <way id="450116337" visible="true" version="1" changeset="43270922" timestamp="2016-10-29T18:27:51Z" user="pablopareja" uid="211657">
  <nd ref="4470374089"/>
  <nd ref="4470373977"/>
  <nd ref="4470373979"/>
  <nd ref="4470373984"/>
  <nd ref="1628866727"/>
  <nd ref="1628866749"/>
  <nd ref="1628866790"/>
  <nd ref="1628866795"/>
  <nd ref="1628866805"/>
  <nd ref="1628866811"/>
  <nd ref="1628866817"/>
  <nd ref="1628866860"/>
  <nd ref="4470374089"/>
  <tag k="leisure" v="park"/>
  <tag k="name" v="Plaza Bosque Alegre"/>
 </way>
 <way id="450116338" visible="true" version="1" changeset="43270922" timestamp="2016-10-29T18:27:51Z" user="pablopareja" uid="211657">
  <nd ref="4470374099"/>
  <nd ref="4470374100"/>
  <nd ref="4470374104"/>
  <nd ref="4470374109"/>
  <nd ref="4470374106"/>
  <nd ref="4470374101"/>
  <nd ref="4470374102"/>
  <nd ref="4470374093"/>
  <nd ref="4470374094"/>
  <nd ref="4470374092"/>
  <nd ref="4470374096"/>
  <nd ref="4470374097"/>
  <nd ref="4470374099"/>
  <tag k="building" v="yes"/>
 </way>
 <way id="450116339" visible="true" version="2" changeset="43453255" timestamp="2016-11-06T22:25:11Z" user="pablopareja" uid="211657">
  <nd ref="4486072685"/>
  <nd ref="4470374091"/>
  <nd ref="4470374095"/>
  <nd ref="4486072690"/>
  <nd ref="4486072685"/>
  <tag k="building" v="yes"/>
 </way>
 <way id="450116340" visible="true" version="4" changeset="172457308" timestamp="2025-09-25T20:17:30Z" user="muralito" uid="755114">
  <nd ref="4486072671"/>
  <nd ref="4470373986"/>
  <nd ref="4470373980"/>
  <nd ref="4470373985"/>
 </way>
 <way id="451791677" visible="true" version="1" changeset="43453255" timestamp="2016-11-06T22:25:09Z" user="pablopareja" uid="211657">
  <nd ref="4486072627"/>
  <nd ref="4486072609"/>
  <nd ref="4486072608"/>
  <nd ref="4486072623"/>
  <nd ref="4486072627"/>
  <tag k="leisure" v="pitch"/>
  <tag k="sport" v="volleyball"/>
 </way>
 <way id="451791678" visible="true" version="1" changeset="43453255" timestamp="2016-11-06T22:25:09Z" user="pablopareja" uid="211657">
  <nd ref="4486072698"/>
  <nd ref="4486072703"/>
  <nd ref="4486072692"/>
  <nd ref="4486072689"/>
  <nd ref="4486072698"/>
  <tag k="leisure" v="pitch"/>
  <tag k="sport" v="tennis"/>
 </way>
 <way id="451791679" visible="true" version="1" changeset="43453255" timestamp="2016-11-06T22:25:10Z" user="pablopareja" uid="211657">
  <nd ref="4486072617"/>
  <nd ref="4486072639"/>
  <nd ref="4486072616"/>
  <nd ref="4486072607"/>
  <nd ref="4486072617"/>
  <tag k="leisure" v="pitch"/>
  <tag k="sport" v="soccer"/>
 </way>
 <way id="451791680" visible="true" version="1" changeset="43453255" timestamp="2016-11-06T22:25:10Z" user="pablopareja" uid="211657">
  <nd ref="4486072708"/>
  <nd ref="4486072715"/>
  <nd ref="4486072704"/>
  <nd ref="4486072699"/>
  <nd ref="4486072708"/>
  <tag k="leisure" v="pitch"/>
  <tag k="sport" v="tennis"/>
 </way>
 <way id="451791681" visible="true" version="1" changeset="43453255" timestamp="2016-11-06T22:25:10Z" user="pablopareja" uid="211657">
  <nd ref="4486072619"/>
  <nd ref="4486072644"/>
  <nd ref="4486072631"/>
  <nd ref="4486072618"/>
  <nd ref="4486072619"/>
  <tag k="leisure" v="playground"/>
 </way>
 <way id="451791682" visible="true" version="1" changeset="43453255" timestamp="2016-11-06T22:25:10Z" user="pablopareja" uid="211657">
  <nd ref="4486072634"/>
  <nd ref="4486072614"/>
  <nd ref="4486072611"/>
  <nd ref="4486072629"/>
  <nd ref="4486072634"/>
  <tag k="leisure" v="pitch"/>
  <tag k="sport" v="volleyball"/>
 </way>
 <way id="451791683" visible="true" version="1" changeset="43453255" timestamp="2016-11-06T22:25:10Z" user="pablopareja" uid="211657">
  <nd ref="4486072725"/>
  <nd ref="4486072724"/>
  <nd ref="4486072676"/>
  <nd ref="4486072675"/>
  <nd ref="4486072658"/>
  <nd ref="4486072662"/>
  <nd ref="4486072687"/>
  <nd ref="4486072725"/>
  <tag k="access" v="private"/>
  <tag k="amenity" v="parking"/>
 </way>
 <way id="451791684" visible="true" version="3" changeset="172457308" timestamp="2025-09-25T20:17:30Z" user="muralito" uid="755114">
  <nd ref="4486072671"/>
  <nd ref="4486072686"/>
  <nd ref="4470374112"/>
  <nd ref="4470374110"/>
  <nd ref="4486072714"/>
  <nd ref="4486072693"/>
  <nd ref="4470374108"/>
  <nd ref="4470373985"/>
 </way>
 <way id="451791686" visible="true" version="1" changeset="43453255" timestamp="2016-11-06T22:25:10Z" user="pablopareja" uid="211657">
  <nd ref="4486072636"/>
  <nd ref="4486072640"/>
  <nd ref="4486072643"/>
  <nd ref="4486072647"/>
  <nd ref="4486072645"/>
  <nd ref="4486072641"/>
  <nd ref="4486072638"/>
  <nd ref="4486072633"/>
  <nd ref="4486072628"/>
  <nd ref="4486072625"/>
  <nd ref="4486072622"/>
  <nd ref="4486072620"/>
  <nd ref="4486072621"/>
  <nd ref="4486072624"/>
  <nd ref="4486072626"/>
  <nd ref="4486072630"/>
  <nd ref="4486072636"/>
  <tag k="building" v="yes"/>
 </way>
 <way id="451791687" visible="true" version="1" changeset="43453255" timestamp="2016-11-06T22:25:10Z" user="pablopareja" uid="211657">
  <nd ref="4486072642"/>
  <nd ref="4486072651"/>
  <nd ref="4486072648"/>
  <nd ref="4486072637"/>
  <nd ref="4486072642"/>
  <tag k="building" v="yes"/>
 </way>
 <way id="451791688" visible="true" version="1" changeset="43453255" timestamp="2016-11-06T22:25:10Z" user="pablopareja" uid="211657">
  <nd ref="4486072652"/>
  <nd ref="4486072657"/>
  <nd ref="4486072659"/>
  <nd ref="4486072653"/>
  <nd ref="4486072652"/>
  <tag k="building" v="yes"/>
 </way>
 <way id="451791689" visible="true" version="1" changeset="43453255" timestamp="2016-11-06T22:25:10Z" user="pablopareja" uid="211657">
  <nd ref="4486072661"/>
  <nd ref="4486072665"/>
  <nd ref="4486072666"/>
  <nd ref="4486072663"/>
  <nd ref="4486072661"/>
  <tag k="building" v="yes"/>
 </way>
 <way id="451791690" visible="true" version="1" changeset="43453255" timestamp="2016-11-06T22:25:10Z" user="pablopareja" uid="211657">
  <nd ref="4486072674"/>
  <nd ref="4486072677"/>
  <nd ref="4486072672"/>
  <nd ref="4486072668"/>
  <nd ref="4486072674"/>
  <tag k="building" v="yes"/>
 </way>
 <way id="451791691" visible="true" version="1" changeset="43453255" timestamp="2016-11-06T22:25:10Z" user="pablopareja" uid="211657">
  <nd ref="4486072690"/>
  <nd ref="4470374107"/>
  <nd ref="4470374105"/>
  <nd ref="4486072685"/>
  <nd ref="4486072690"/>
  <tag k="building" v="yes"/>
 </way>
 <way id="451791692" visible="true" version="1" changeset="43453255" timestamp="2016-11-06T22:25:10Z" user="pablopareja" uid="211657">
  <nd ref="4486072650"/>
  <nd ref="4486072655"/>
  <nd ref="4486072654"/>
  <nd ref="4486072649"/>
  <nd ref="4486072650"/>
  <tag k="building" v="yes"/>
 </way>
 <way id="451791693" visible="true" version="1" changeset="43453255" timestamp="2016-11-06T22:25:10Z" user="pablopareja" uid="211657">
  <nd ref="4486072705"/>
  <nd ref="4486072713"/>
  <nd ref="4486072711"/>
  <nd ref="4486072716"/>
  <nd ref="4486072720"/>
  <nd ref="4486072712"/>
  <nd ref="4486072705"/>
  <tag k="building" v="yes"/>
 </way>
 <way id="451791694" visible="true" version="1" changeset="43453255" timestamp="2016-11-06T22:25:10Z" user="pablopareja" uid="211657">
  <nd ref="4486072709"/>
  <nd ref="4486072707"/>
  <nd ref="4486072718"/>
  <nd ref="4486072717"/>
  <nd ref="4486072721"/>
  <nd ref="4486072722"/>
  <nd ref="4486072709"/>
  <tag k="building" v="yes"/>
 </way>
 <way id="463766963" visible="true" version="2" changeset="146342942" timestamp="2024-01-17T00:25:19Z" user="AgusQui" uid="331218">
  <nd ref="424140180"/>
  <nd ref="424171028"/>
  <nd ref="423984181"/>
  <tag k="highway" v="residential"/>
  <tag k="maxspeed" v="40"/>
  <tag k="name" v="Vicente López y Planes"/>
  <tag k="oneway" v="no"/>
  <tag k="surface" v="concrete"/>
 </way>
 <way id="463766967" visible="true" version="3" changeset="146342612" timestamp="2024-01-17T00:00:09Z" user="AgusQui" uid="331218">
  <nd ref="424140175"/>
  <nd ref="11523765081"/>
  <nd ref="11523765084"/>
  <nd ref="5046992420"/>
  <nd ref="5046992825"/>
  <nd ref="11523765088"/>
  <nd ref="5046992821"/>
  <tag k="highway" v="residential"/>
  <tag k="lanes" v="1"/>
  <tag k="maxspeed" v="40"/>
  <tag k="name" v="Juan Díaz de Solís"/>
  <tag k="oneway" v="no"/>
  <tag k="surface" v="concrete"/>
 </way>
 <way id="469319728" visible="true" version="2" changeset="45989471" timestamp="2017-02-11T04:48:11Z" user="JAAS" uid="3321532">
  <nd ref="4636714058"/>
  <nd ref="4636714059"/>
  <nd ref="4636714060"/>
  <nd ref="4636714061"/>
  <nd ref="4636714062"/>
  <nd ref="4636714058"/>
  <tag k="addr:street" v="Pedro de Mendoza"/>
  <tag k="building" v="yes"/>
  <tag k="building:levels" v="1"/>
  <tag k="source" v="Reconocimiento terrestre por Kaart 2016"/>
 </way>
 <way id="469452626" visible="true" version="2" changeset="161723148" timestamp="2025-01-24T18:04:16Z" user="RideauCanal" uid="20109092">
  <nd ref="424171073"/>
  <nd ref="424171059"/>
  <nd ref="424171055"/>
  <nd ref="3031268430"/>
  <nd ref="3031268431"/>
  <nd ref="12529842090"/>
  <nd ref="3031268432"/>
  <tag k="alt_name" v="El Fomentista"/>
  <tag k="highway" v="residential"/>
  <tag k="name" v="Camino de la Ribera"/>
  <tag k="surface" v="unpaved"/>
 </way>
 <way id="504071234" visible="true" version="1" changeset="49927985" timestamp="2017-06-29T19:15:58Z" user="juanperez79" uid="6218510">
  <nd ref="4942801565"/>
  <nd ref="4942801566"/>
  <nd ref="4942801567"/>
  <nd ref="4942801568"/>
  <nd ref="4365534841"/>
  <nd ref="4365534806"/>
  <nd ref="4365534796"/>
  <nd ref="4365529888"/>
  <nd ref="4363694228"/>
  <nd ref="4363694278"/>
  <nd ref="4365534805"/>
  <nd ref="4942801565"/>
  <tag k="landuse" v="residential"/>
  <tag k="name" v="Barrio Barrancas de San Isidro"/>
 </way>
 <way id="513154559" visible="true" version="1" changeset="50869369" timestamp="2017-08-05T19:22:54Z" user="juanperez79" uid="6218510">
  <nd ref="4363694270"/>
  <nd ref="4365534849"/>
  <nd ref="5016887999"/>
  <nd ref="5016888000"/>
  <nd ref="5016888001"/>
  <nd ref="4363694271"/>
  <nd ref="4363694270"/>
  <tag k="landuse" v="residential"/>
  <tag k="name" v="Barrio Casas de la Ribera"/>
 </way>
 <way id="513332526" visible="true" version="3" changeset="162158969" timestamp="2025-02-05T10:21:07Z" user="MulwalaCanal" uid="19895412">
  <nd ref="12558616248"/>
  <nd ref="5018197843"/>
  <nd ref="5018197844"/>
  <nd ref="5018197845"/>
  <nd ref="5018197846"/>
  <nd ref="5018197847"/>
  <nd ref="5018197848"/>
  <nd ref="5018197849"/>
  <nd ref="5018197850"/>
  <tag k="highway" v="service"/>
 </way>
 <way id="513332527" visible="true" version="2" changeset="172457308" timestamp="2025-09-25T20:17:30Z" user="muralito" uid="755114">
  <nd ref="5018197857"/>
  <nd ref="5018197858"/>
  <tag k="highway" v="residential"/>
  <tag k="name" v="Martín y Omar"/>
 </way>
 <way id="513332528" visible="true" version="3" changeset="164265264" timestamp="2025-03-29T20:48:40Z" user="11000matias" uid="9658350">
  <nd ref="5018197859"/>
  <nd ref="12710607202"/>
  <nd ref="5018197860"/>
  <nd ref="4337969993"/>
  <nd ref="5018197861"/>
  <nd ref="5018197862"/>
  <nd ref="5018197863"/>
  <nd ref="5018197864"/>
  <nd ref="5018197865"/>
  <nd ref="5018197866"/>
  <nd ref="5018197867"/>
  <nd ref="5018197859"/>
  <tag k="landuse" v="recreation_ground"/>
  <tag k="name" v="Club Hípico del Norte"/>
 </way>
 <way id="517109240" visible="true" version="13" changeset="177827134" timestamp="2026-01-29T01:38:41Z" user="Josuer" uid="3382594">
  <nd ref="13507917157"/>
  <nd ref="5046992418"/>
  <nd ref="6301571014"/>
  <nd ref="5046992419"/>
  <nd ref="5046992822"/>
  <nd ref="5046992823"/>
  <nd ref="5046992824"/>
  <nd ref="6301571015"/>
  <nd ref="11523765087"/>
  <nd ref="11523765086"/>
  <nd ref="5767230420"/>
  <nd ref="13507917157"/>
  <tag k="addr:city" v="San Isidro"/>
  <tag k="addr:housename" v="Museo Pueyrredón"/>
  <tag k="addr:housenumber" v="48"/>
  <tag k="addr:postcode" v="B1642IFB"/>
  <tag k="addr:street" v="Rivera Indarte"/>
  <tag k="check_date" v="2025-11-19"/>
  <tag k="description" v="Mobiliario, platería, porcelana, imaginería correspondientes al siglo XIX. Efectos personales del General Juan Martín de Pueyrredón y de su familia. Historia de San Isidro, desde 1580 hasta 1944. Retratos por Prilidiano Pueyrredón."/>
  <tag k="email" v="info@museopueyrredon.gob.ar"/>
  <tag k="landuse" v="recreation_ground"/>
  <tag k="museum_type" v="municipal"/>
  <tag k="name" v="Museo Histórico Municipal Brig. Gral. Juan M. Pueyrredón"/>
  <tag k="opening_hours" v="Mo-Tu off; We-Fr 10:00-18:00; Sa-Su 14:00-18:00"/>
  <tag k="phone" v="+54 11 4512-3131"/>
  <tag k="postal_code" v="B1642IFB"/>
  <tag k="start_date" v="1941"/>
  <tag k="tourism" v="museum"/>
  <tag k="website" v="https://www.museopueyrredon.gob.ar/"/>
  <tag k="wikidata" v="Q6940514"/>
  <tag k="wikimedia_commons" v="Category:Museo Pueyrredón"/>
  <tag k="wikipedia" v="es:Museo Juan Martín de Pueyrredón"/>
 </way>
 <way id="521679564" visible="true" version="2" changeset="67553578" timestamp="2019-02-25T16:05:48Z" user="Barta" uid="185325">
  <nd ref="5082752993"/>
  <nd ref="5082752994"/>
  <nd ref="5082752995"/>
  <nd ref="5082752996"/>
  <nd ref="4346646813"/>
  <nd ref="5082752993"/>
  <tag k="landuse" v="residential"/>
  <tag k="name" v="Barrio Sáenz Peña"/>
  <tag k="residential" v="gated"/>
 </way>
 <way id="522967714" visible="true" version="5" changeset="161684558" timestamp="2025-01-23T18:12:22Z" user="RideauCanal" uid="20109092">
  <nd ref="4330090841"/>
  <nd ref="5092297196"/>
  <tag k="highway" v="service"/>
 </way>
 <way id="607200389" visible="true" version="1" changeset="60631855" timestamp="2018-07-12T02:39:34Z" user="nurdafur" uid="3172019">
  <nd ref="5755104124"/>
  <nd ref="5755104204"/>
  <tag k="bicycle" v="no"/>
  <tag k="highway" v="path"/>
 </way>
 <way id="607200391" visible="true" version="2" changeset="77654413" timestamp="2019-11-27T22:05:59Z" user="Hernan" uid="72347">
  <nd ref="1744981985"/>
  <nd ref="1744981987"/>
  <nd ref="1744981995"/>
  <nd ref="1744982003"/>
  <nd ref="1744982012"/>
  <nd ref="1744982015"/>
  <nd ref="1744982022"/>
  <nd ref="1744982032"/>
  <nd ref="1744982042"/>
  <nd ref="1744982044"/>
  <nd ref="1744982053"/>
  <nd ref="1744982062"/>
  <nd ref="1744982093"/>
  <nd ref="1744982099"/>
  <nd ref="1744982108"/>
  <nd ref="1744982116"/>
  <nd ref="1744982118"/>
  <nd ref="1744982120"/>
  <nd ref="1744982122"/>
  <nd ref="1744982124"/>
  <nd ref="1744982125"/>
  <nd ref="1744982126"/>
  <nd ref="1744982135"/>
  <nd ref="1744982145"/>
  <nd ref="1744982151"/>
  <nd ref="1744982187"/>
  <nd ref="1744982195"/>
  <nd ref="1744982205"/>
  <nd ref="1744982212"/>
  <nd ref="1744982219"/>
  <nd ref="1744982228"/>
  <nd ref="1744982238"/>
  <nd ref="1744982248"/>
  <nd ref="1744982258"/>
  <nd ref="1744982264"/>
  <nd ref="1744982282"/>
  <nd ref="1744982296"/>
  <nd ref="1744982314"/>
  <nd ref="1744982320"/>
  <nd ref="1744982330"/>
  <nd ref="1744982340"/>
  <nd ref="1744982349"/>
  <nd ref="1744982359"/>
  <nd ref="1744982366"/>
  <nd ref="1744982372"/>
  <nd ref="1744982382"/>
  <tag k="bicycle" v="no"/>
  <tag k="highway" v="footway"/>
  <tag k="name" v="Ida hasta la playa"/>
 </way>
 <way id="607200392" visible="true" version="1" changeset="60631855" timestamp="2018-07-12T02:39:34Z" user="nurdafur" uid="3172019">
  <nd ref="5755104140"/>
  <nd ref="1744982631"/>
  <nd ref="1744982642"/>
  <nd ref="5755104163"/>
  <tag k="bicycle" v="no"/>
  <tag k="highway" v="footway"/>
  <tag k="name" v="Regreso"/>
 </way>
 <way id="607200393" visible="true" version="1" changeset="60631855" timestamp="2018-07-12T02:39:34Z" user="nurdafur" uid="3172019">
  <nd ref="1744982624"/>
  <nd ref="5755104140"/>
  <tag k="bicycle" v="no"/>
  <tag k="highway" v="steps"/>
  <tag k="name" v="Regreso"/>
 </way>
 <way id="607200394" visible="true" version="1" changeset="60631855" timestamp="2018-07-12T02:39:34Z" user="nurdafur" uid="3172019">
  <nd ref="5755104190"/>
  <nd ref="5755104143"/>
  <nd ref="5755104213"/>
  <nd ref="5755104168"/>
  <nd ref="5755104226"/>
  <nd ref="5755104192"/>
  <nd ref="5755103818"/>
  <nd ref="5755104214"/>
  <nd ref="5755104198"/>
  <nd ref="5755104220"/>
  <nd ref="5755104154"/>
  <nd ref="5755104145"/>
  <nd ref="5755104199"/>
  <nd ref="5755104193"/>
  <nd ref="5755104156"/>
  <nd ref="5755104160"/>
  <nd ref="5755104146"/>
  <nd ref="5755104211"/>
  <nd ref="5755104152"/>
  <nd ref="5755104185"/>
  <nd ref="5755104165"/>
  <nd ref="5755104123"/>
  <nd ref="5755104162"/>
  <nd ref="5755104171"/>
  <nd ref="5755104122"/>
  <nd ref="5755104169"/>
  <nd ref="5755104148"/>
  <nd ref="5755104137"/>
  <nd ref="5755104151"/>
  <nd ref="5755104175"/>
  <nd ref="5755104191"/>
  <nd ref="5755104181"/>
  <nd ref="5755104197"/>
  <nd ref="5755104164"/>
  <nd ref="5755104172"/>
  <nd ref="5755104155"/>
  <nd ref="5755104187"/>
  <nd ref="5755104205"/>
  <nd ref="5755104182"/>
  <nd ref="5755104208"/>
  <nd ref="5755104183"/>
  <nd ref="5755104218"/>
  <nd ref="5755104139"/>
  <nd ref="5755104128"/>
  <nd ref="5755104134"/>
  <nd ref="5755104203"/>
  <nd ref="5755104121"/>
  <nd ref="5755104126"/>
  <nd ref="5755104221"/>
  <nd ref="5755104217"/>
  <nd ref="5755104176"/>
  <nd ref="5755104229"/>
  <nd ref="5755104158"/>
  <nd ref="5755104142"/>
  <nd ref="5755104180"/>
  <nd ref="5755104186"/>
  <nd ref="5755104230"/>
  <nd ref="5755104150"/>
  <nd ref="5755104144"/>
  <nd ref="5755104188"/>
  <nd ref="5755104127"/>
  <nd ref="5755104225"/>
  <nd ref="5755104159"/>
  <nd ref="5755104190"/>
  <tag k="natural" v="water"/>
  <tag k="water" v="pond"/>
 </way>
 <way id="607200395" visible="true" version="1" changeset="60631855" timestamp="2018-07-12T02:39:35Z" user="nurdafur" uid="3172019">
  <nd ref="5755104204"/>
  <nd ref="5755104194"/>
  <tag k="highway" v="steps"/>
  <tag k="surface" v="wood"/>
 </way>
 <way id="607200396" visible="true" version="1" changeset="60631855" timestamp="2018-07-12T02:39:35Z" user="nurdafur" uid="3172019">
  <nd ref="1744982656"/>
  <nd ref="1744982667"/>
  <nd ref="5755104210"/>
  <nd ref="1744982677"/>
  <nd ref="1744981985"/>
  <tag k="bicycle" v="no"/>
  <tag k="highway" v="footway"/>
  <tag k="name" v="Regreso"/>
 </way>
 <way id="607200397" visible="true" version="1" changeset="60631855" timestamp="2018-07-12T02:39:35Z" user="nurdafur" uid="3172019">
  <nd ref="5755104163"/>
  <nd ref="1744982651"/>
  <nd ref="1744982656"/>
  <tag k="bicycle" v="no"/>
  <tag k="bridge" v="yes"/>
  <tag k="highway" v="footway"/>
  <tag k="layer" v="1"/>
  <tag k="name" v="Regreso"/>
 </way>
 <way id="608807421" visible="true" version="2" changeset="161608002" timestamp="2025-01-21T16:51:55Z" user="RideauCanal" uid="20109092">
  <nd ref="685055386"/>
  <nd ref="424171020"/>
  <nd ref="12520944000"/>
  <nd ref="4327399285"/>
  <tag k="hgv" v="no"/>
  <tag k="highway" v="tertiary"/>
  <tag k="lanes" v="2"/>
  <tag k="name" v="Roque Sáenz Peña"/>
  <tag k="oneway" v="no"/>
  <tag k="surface" v="concrete"/>
 </way>
 <way id="608807422" visible="true" version="4" changeset="159301940" timestamp="2024-11-18T21:41:37Z" user="Pegasus21" uid="13510663">
  <nd ref="12352341314"/>
  <nd ref="424140150"/>
  <nd ref="5046992417"/>
  <nd ref="9210892853"/>
  <nd ref="9210892857"/>
  <nd ref="5046992821"/>
  <tag k="hgv" v="no"/>
  <tag k="highway" v="tertiary"/>
  <tag k="lanes" v="2"/>
  <tag k="name" v="Roque Sáenz Peña"/>
  <tag k="oneway" v="no"/>
  <tag k="sidewalk" v="both"/>
  <tag k="surface" v="concrete"/>
 </way>
 <way id="637288294" visible="true" version="4" changeset="161675786" timestamp="2025-01-23T13:58:17Z" user="RideauCanal" uid="20109092">
  <nd ref="6008401710"/>
  <nd ref="6008401709"/>
  <nd ref="12526443720"/>
  <nd ref="6008401708"/>
  <tag k="access" v="private"/>
  <tag k="highway" v="service"/>
 </way>
 <way id="672916766" visible="true" version="2" changeset="146342612" timestamp="2024-01-17T00:00:09Z" user="AgusQui" uid="331218">
  <nd ref="6301571010"/>
  <nd ref="6301571011"/>
  <nd ref="6301571012"/>
  <nd ref="6301571013"/>
  <nd ref="6301571014"/>
  <nd ref="5046992419"/>
  <nd ref="5046992822"/>
  <nd ref="5046992823"/>
  <nd ref="5046992824"/>
  <nd ref="6301571015"/>
  <nd ref="6301571016"/>
  <nd ref="6301571017"/>
  <nd ref="6301571018"/>
  <nd ref="6301571019"/>
  <nd ref="6301571020"/>
  <nd ref="6301571021"/>
  <nd ref="6301571022"/>
  <nd ref="6301571023"/>
  <nd ref="6301571024"/>
  <nd ref="6301571025"/>
  <nd ref="6301571026"/>
  <nd ref="6301571027"/>
  <nd ref="6301571028"/>
  <nd ref="6301571029"/>
  <nd ref="6301571030"/>
  <nd ref="6301571010"/>
  <tag k="landuse" v="residential"/>
 </way>
 <way id="672916767" visible="true" version="3" changeset="146342612" timestamp="2024-01-17T00:00:09Z" user="AgusQui" uid="331218">
  <nd ref="6301571031"/>
  <nd ref="6301571032"/>
  <nd ref="6301571033"/>
  <nd ref="10929748594"/>
  <nd ref="6301571034"/>
  <nd ref="6301571035"/>
  <nd ref="6301571036"/>
  <nd ref="6301571037"/>
  <nd ref="5123250005"/>
  <nd ref="5046992411"/>
  <nd ref="6301571038"/>
  <nd ref="6301571039"/>
  <nd ref="6301571040"/>
  <nd ref="4340572699"/>
  <nd ref="6301571041"/>
  <nd ref="6301571042"/>
  <nd ref="6301571043"/>
  <nd ref="6301571044"/>
  <nd ref="6301571045"/>
  <nd ref="5082752994"/>
  <nd ref="5082752995"/>
  <nd ref="5082752996"/>
  <nd ref="6301571046"/>
  <nd ref="6301571047"/>
  <nd ref="6301571031"/>
  <tag k="landuse" v="residential"/>
 </way>
 <way id="680958360" visible="true" version="1" changeset="68765179" timestamp="2019-04-01T18:23:35Z" user="Barta" uid="185325">
  <nd ref="6376494190"/>
  <nd ref="6376494191"/>
  <nd ref="6376494192"/>
  <nd ref="6376494193"/>
  <nd ref="6376494194"/>
  <nd ref="6376494195"/>
  <nd ref="6376494196"/>
  <nd ref="6376494197"/>
  <nd ref="6376494198"/>
  <nd ref="6376494199"/>
  <nd ref="5016887999"/>
  <nd ref="5016888000"/>
  <nd ref="6376494200"/>
  <nd ref="6376494201"/>
  <nd ref="6376494202"/>
  <nd ref="6376494203"/>
  <nd ref="6376494204"/>
  <nd ref="6376494205"/>
  <nd ref="6376494190"/>
  <tag k="landuse" v="residential"/>
 </way>
 <way id="682105107" visible="true" version="2" changeset="68953621" timestamp="2019-04-06T14:36:33Z" user="leandropennella" uid="290450">
  <nd ref="6387672952"/>
  <nd ref="6387672953"/>
  <nd ref="6387672954"/>
  <nd ref="6387672955"/>
  <nd ref="6387692997"/>
  <nd ref="6387672956"/>
  <nd ref="6387672952"/>
  <tag k="access" v="yes"/>
  <tag k="amenity" v="parking"/>
  <tag k="capacity" v="50"/>
  <tag k="fee" v="no"/>
  <tag k="parking" v="surface"/>
  <tag k="surface" v="concrete"/>
 </way>
 <way id="682107624" visible="true" version="2" changeset="164265264" timestamp="2025-03-29T20:48:40Z" user="11000matias" uid="9658350">
  <nd ref="6387692998"/>
  <nd ref="6387692999"/>
  <nd ref="12710547674"/>
  <nd ref="6387693000"/>
  <nd ref="6387693001"/>
  <nd ref="12710547673"/>
  <nd ref="6387692998"/>
  <tag k="bridge" v="low_water_crossing"/>
  <tag k="layer" v="1"/>
  <tag k="man_made" v="bridge"/>
 </way>
 <way id="682107625" visible="true" version="4" changeset="126028623" timestamp="2022-09-10T20:03:30Z" user="EsLoQueHay" uid="11572928">
  <nd ref="7377727114"/>
  <nd ref="7377727113"/>
  <nd ref="7377727115"/>
  <nd ref="6387693004"/>
  <nd ref="6387693005"/>
  <nd ref="7377727114"/>
  <tag k="addr:city" v="San Isidro"/>
  <tag k="addr:postcode" v="B1642"/>
  <tag k="amenity" v="ferry_terminal"/>
  <tag k="ferry" v="yes"/>
  <tag k="name" v="Muelle Publico de San Isidro"/>
  <tag k="operator" v="Sturla"/>
  <tag k="public_transport" v="station"/>
  <tag k="website" v="https://sanisidro.gob.ar"/>
 </way>
 <way id="750142458" visible="true" version="10" changeset="172670265" timestamp="2025-09-30T17:02:06Z" user="muralito" uid="755114">
  <nd ref="94322060"/>
  <nd ref="428635723"/>
  <nd ref="7015637609"/>
  <nd ref="94308529"/>
  <nd ref="1572867327"/>
  <nd ref="7015637608"/>
  <nd ref="7015637607"/>
  <nd ref="7015637606"/>
  <nd ref="7015637605"/>
  <nd ref="7015637604"/>
  <nd ref="1572867325"/>
  <nd ref="1572867323"/>
  <nd ref="1572867321"/>
  <nd ref="1572867320"/>
  <nd ref="428635724"/>
  <nd ref="94294453"/>
  <nd ref="1572867319"/>
  <nd ref="94336647"/>
  <nd ref="7015631184"/>
  <nd ref="7015631183"/>
  <nd ref="7015631182"/>
  <nd ref="7015631181"/>
  <nd ref="7015631180"/>
  <nd ref="7015631179"/>
  <nd ref="7015631178"/>
  <nd ref="7015631177"/>
  <nd ref="7015631176"/>
  <nd ref="7015631175"/>
  <nd ref="7015631174"/>
  <nd ref="7015631173"/>
  <nd ref="7015631172"/>
  <nd ref="7015631171"/>
  <nd ref="7015631170"/>
  <nd ref="7015631169"/>
  <nd ref="7015631168"/>
  <nd ref="7015631167"/>
  <nd ref="7015631166"/>
  <nd ref="7015631165"/>
  <nd ref="7015631164"/>
  <nd ref="7015631163"/>
  <nd ref="7015631162"/>
  <nd ref="7015631161"/>
  <nd ref="7015631160"/>
  <nd ref="7015631159"/>
  <nd ref="7015631158"/>
  <nd ref="1572867318"/>
  <nd ref="1572867317"/>
  <nd ref="1572867316"/>
  <nd ref="1572867315"/>
  <nd ref="1572867314"/>
  <nd ref="428635727"/>
  <nd ref="1572867313"/>
  <nd ref="1572867310"/>
  <nd ref="1572867302"/>
  <nd ref="1572867301"/>
  <nd ref="1572867299"/>
  <nd ref="1572867297"/>
  <nd ref="1572867295"/>
  <nd ref="1572867293"/>
  <nd ref="1572867289"/>
  <nd ref="1572867291"/>
  <nd ref="423984175"/>
  <nd ref="4327379148"/>
  <nd ref="7015637585"/>
  <nd ref="7015637586"/>
  <nd ref="7015637587"/>
  <nd ref="7015637588"/>
  <nd ref="7015637589"/>
  <nd ref="7015637590"/>
  <nd ref="7015637591"/>
  <nd ref="7015637592"/>
  <nd ref="7015637593"/>
  <nd ref="7015637594"/>
  <nd ref="7015637595"/>
  <nd ref="7015637596"/>
  <nd ref="7015637597"/>
  <nd ref="428635728"/>
  <nd ref="428635731"/>
  <nd ref="428635733"/>
  <nd ref="428635734"/>
  <nd ref="94317955"/>
  <nd ref="1572867288"/>
  <nd ref="7015637601"/>
  <nd ref="7015637600"/>
  <nd ref="7015637599"/>
  <nd ref="7015637598"/>
  <nd ref="1572867285"/>
  <nd ref="7015637602"/>
  <nd ref="7015637603"/>
  <nd ref="1572867283"/>
  <nd ref="423984157"/>
  <nd ref="1600115392"/>
  <nd ref="428635736"/>
  <nd ref="428635737"/>
  <nd ref="423984172"/>
  <nd ref="423984155"/>
  <tag k="admin_level" v="9"/>
  <tag k="boundary" v="administrative"/>
 </way>
 <way id="750142460" visible="true" version="1" changeset="77640286" timestamp="2019-11-27T14:57:46Z" user="Hernan" uid="72347">
  <nd ref="7014449555"/>
  <nd ref="4327379150"/>
  <nd ref="4327379149"/>
  <nd ref="1600115582"/>
  <nd ref="7014449562"/>
  <nd ref="1600115577"/>
 </way>
 <way id="750142461" visible="true" version="2" changeset="164265264" timestamp="2025-03-29T20:48:40Z" user="11000matias" uid="9658350">
  <nd ref="1600115577"/>
  <nd ref="4337969993"/>
  <nd ref="5018197860"/>
  <nd ref="4337969991"/>
 </way>
 <way id="750142462" visible="true" version="1" changeset="77640286" timestamp="2019-11-27T14:57:46Z" user="Hernan" uid="72347">
  <nd ref="1600115468"/>
  <nd ref="5018197837"/>
 </way>
 <way id="750142463" visible="true" version="2" changeset="161723148" timestamp="2025-01-24T18:04:16Z" user="RideauCanal" uid="20109092">
  <nd ref="5018197837"/>
  <nd ref="5018197836"/>
  <nd ref="5018197838"/>
  <nd ref="5018197839"/>
  <nd ref="5018197840"/>
  <nd ref="5018197842"/>
  <nd ref="5018197841"/>
  <nd ref="5018197831"/>
  <nd ref="5018197830"/>
  <nd ref="5018197834"/>
  <nd ref="5018197829"/>
  <nd ref="423984160"/>
  <nd ref="1600115499"/>
  <nd ref="1600115495"/>
  <nd ref="1600115494"/>
  <nd ref="12529842066"/>
  <nd ref="4337969992"/>
 </way>
 <way id="750142464" visible="true" version="2" changeset="172457308" timestamp="2025-09-25T20:17:30Z" user="muralito" uid="755114">
  <nd ref="423984155"/>
  <nd ref="1600115376"/>
  <nd ref="7014449561"/>
  <nd ref="1600115383"/>
  <nd ref="1600115378"/>
  <nd ref="1600115386"/>
  <nd ref="4327379147"/>
  <nd ref="1600115391"/>
  <nd ref="1600115394"/>
  <nd ref="1600115397"/>
  <nd ref="423984168"/>
  <nd ref="1600115427"/>
  <nd ref="423984159"/>
 </way>
 <way id="750142465" visible="true" version="1" changeset="77640286" timestamp="2019-11-27T14:57:46Z" user="Hernan" uid="72347">
  <nd ref="5018197837"/>
  <nd ref="5018197835"/>
  <nd ref="5018197833"/>
  <nd ref="1600115579"/>
  <nd ref="1600115575"/>
  <nd ref="1600115577"/>
 </way>
 <way id="750142466" visible="true" version="10" changeset="172457308" timestamp="2025-09-25T20:17:30Z" user="muralito" uid="755114">
  <nd ref="423978346"/>
  <nd ref="1600115351"/>
  <nd ref="1600115346"/>
  <nd ref="1600115326"/>
  <nd ref="1600115325"/>
  <nd ref="1600115320"/>
  <nd ref="1600115318"/>
  <nd ref="94311420"/>
  <nd ref="1600115317"/>
  <nd ref="1600115316"/>
  <nd ref="1600115313"/>
  <nd ref="423978328"/>
  <nd ref="12710547675"/>
 </way>
 <way id="750142467" visible="true" version="9" changeset="172457308" timestamp="2025-09-25T20:17:30Z" user="muralito" uid="755114">
  <nd ref="423984155"/>
  <nd ref="423978346"/>
 </way>
 <way id="750292393" visible="true" version="2" changeset="77654413" timestamp="2019-11-27T22:05:59Z" user="Hernan" uid="72347">
  <nd ref="423984155"/>
  <nd ref="7015577001"/>
  <nd ref="7015576997"/>
  <nd ref="7015631157"/>
  <nd ref="94322060"/>
 </way>
 <way id="790613011" visible="true" version="1" changeset="83386109" timestamp="2020-04-11T00:59:20Z" user="FranchuFranchu" uid="11012515">
  <nd ref="7391240097"/>
  <nd ref="7391240098"/>
  <nd ref="7391240099"/>
  <nd ref="7391240100"/>
  <nd ref="7391240097"/>
  <tag k="leisure" v="pitch"/>
  <tag k="sport" v="tennis"/>
 </way>
 <way id="790613012" visible="true" version="1" changeset="83386109" timestamp="2020-04-11T00:59:20Z" user="FranchuFranchu" uid="11012515">
  <nd ref="7391240100"/>
  <nd ref="2674983225"/>
  <nd ref="2674983213"/>
  <nd ref="7391240099"/>
  <nd ref="7391240100"/>
  <tag k="leisure" v="pitch"/>
  <tag k="sport" v="tennis"/>
 </way>
 <way id="790613013" visible="true" version="1" changeset="83386109" timestamp="2020-04-11T00:59:20Z" user="FranchuFranchu" uid="11012515">
  <nd ref="7391240101"/>
  <nd ref="4365534855"/>
  <nd ref="7391240102"/>
  <nd ref="7391240103"/>
  <nd ref="7391240101"/>
  <tag k="leisure" v="pitch"/>
  <tag k="sport" v="soccer"/>
 </way>
 <way id="790613014" visible="true" version="1" changeset="83386109" timestamp="2020-04-11T00:59:20Z" user="FranchuFranchu" uid="11012515">
  <nd ref="7391240104"/>
  <nd ref="7391240105"/>
  <nd ref="7391240106"/>
  <nd ref="7391240107"/>
  <nd ref="7391240104"/>
  <tag k="leisure" v="pitch"/>
  <tag k="sport" v="soccer"/>
 </way>
 <way id="790613015" visible="true" version="1" changeset="83386109" timestamp="2020-04-11T00:59:20Z" user="FranchuFranchu" uid="11012515">
  <nd ref="7391240108"/>
  <nd ref="7391240109"/>
  <nd ref="7391240110"/>
  <nd ref="7391240111"/>
  <nd ref="7391240108"/>
  <tag k="building" v="yes"/>
  <tag k="building:levels" v="1"/>
  <tag k="height" v="3"/>
  <tag k="name" v="Edificio administrativo"/>
 </way>
 <way id="790613016" visible="true" version="1" changeset="83386109" timestamp="2020-04-11T00:59:20Z" user="FranchuFranchu" uid="11012515">
  <nd ref="7391240112"/>
  <nd ref="7391240113"/>
  <nd ref="7391240114"/>
  <nd ref="7391240115"/>
  <nd ref="7391240112"/>
  <tag k="leisure" v="pitch"/>
  <tag k="sport" v="volleyball"/>
 </way>
 <way id="790613017" visible="true" version="3" changeset="108584951" timestamp="2021-07-26T02:37:27Z" user="Camello_AR" uid="657643">
  <nd ref="8843338237"/>
  <nd ref="8843338236"/>
  <nd ref="2674983149"/>
  <nd ref="2674983188"/>
  <nd ref="8843338237"/>
  <tag k="landuse" v="recreation_ground"/>
  <tag k="name" v="Campo municipal de deportes N° 6 (Anexo)"/>
 </way>
 <way id="955363909" visible="true" version="5" changeset="161707116" timestamp="2025-01-24T10:54:06Z" user="RideauCanal" uid="20109092">
  <nd ref="423984124"/>
  <nd ref="8843338232"/>
  <nd ref="8842262842"/>
  <nd ref="12529068065"/>
  <nd ref="8842262850"/>
  <nd ref="8843338235"/>
  <nd ref="12520973202"/>
  <nd ref="4327399258"/>
  <tag k="highway" v="residential"/>
  <tag k="name" v="Roque Sáenz Peña"/>
  <tag k="oneway" v="yes"/>
 </way>
 <way id="955363910" visible="true" version="3" changeset="161675786" timestamp="2025-01-23T13:58:17Z" user="RideauCanal" uid="20109092">
  <nd ref="8842262847"/>
  <nd ref="8842262846"/>
  <nd ref="12526443736"/>
  <nd ref="12526443737"/>
  <nd ref="8842262845"/>
  <nd ref="5092297194"/>
  <nd ref="5092297193"/>
  <nd ref="423984072"/>
  <tag k="highway" v="residential"/>
  <tag k="oneway" v="yes"/>
 </way>
 <way id="956666870" visible="true" version="5" changeset="161664462" timestamp="2025-01-23T08:30:08Z" user="LakePoyang" uid="18237328">
  <nd ref="243092558"/>
  <nd ref="12525864384"/>
  <nd ref="12522848883"/>
  <nd ref="12522848886"/>
  <nd ref="243092557"/>
  <nd ref="424171015"/>
  <nd ref="243092556"/>
  <nd ref="9978691545"/>
  <nd ref="424140180"/>
  <nd ref="10005198934"/>
  <nd ref="424171041"/>
  <nd ref="685054586"/>
  <nd ref="9978691547"/>
  <nd ref="685055386"/>
  <tag k="highway" v="residential"/>
  <tag k="lanes" v="2"/>
  <tag k="maxspeed" v="40"/>
  <tag k="name" v="Sebastián Elcano"/>
  <tag k="oneway" v="no"/>
  <tag k="surface" v="concrete"/>
 </way>
 <way id="963458649" visible="true" version="1" changeset="107794359" timestamp="2021-07-11T18:53:24Z" user="Fedejru" uid="3367777">
  <nd ref="8912011642"/>
  <nd ref="8912011643"/>
  <nd ref="8912011644"/>
  <nd ref="8912011645"/>
  <nd ref="8912011646"/>
  <nd ref="8912011647"/>
  <nd ref="8912011648"/>
  <nd ref="8912011649"/>
  <nd ref="8912011650"/>
  <nd ref="8912011651"/>
  <nd ref="8912011652"/>
  <nd ref="8912011653"/>
  <nd ref="8912011654"/>
  <nd ref="8912011655"/>
  <nd ref="8912011656"/>
  <nd ref="8912011657"/>
  <nd ref="8912011658"/>
  <nd ref="8912011659"/>
  <nd ref="8912011660"/>
  <nd ref="8912011661"/>
  <nd ref="8912011662"/>
  <nd ref="8912011663"/>
  <nd ref="8912011664"/>
  <nd ref="8912011665"/>
  <nd ref="8912011666"/>
  <nd ref="8912011667"/>
  <nd ref="8912011668"/>
  <nd ref="8912011669"/>
  <tag k="highway" v="footway"/>
  <tag k="surface" v="ground"/>
 </way>
 <way id="997548562" visible="true" version="3" changeset="177827134" timestamp="2026-01-29T01:38:41Z" user="Josuer" uid="3382594">
  <nd ref="9210892851"/>
  <nd ref="9210892850"/>
  <nd ref="13507917156"/>
  <nd ref="9210892849"/>
  <nd ref="9210892848"/>
  <nd ref="9210892847"/>
  <nd ref="9210892841"/>
  <nd ref="9210892846"/>
  <nd ref="9210892845"/>
  <nd ref="9210892844"/>
  <nd ref="9210892843"/>
  <nd ref="9210892842"/>
  <tag k="access" v="private"/>
  <tag k="highway" v="residential"/>
 </way>
 <way id="1190499086" visible="true" version="1" changeset="138691823" timestamp="2023-07-19T00:39:43Z" user="LeNetsi" uid="16106864">
  <nd ref="11053982340"/>
  <nd ref="11053982339"/>
  <nd ref="11053982338"/>
  <nd ref="2674983223"/>
  <tag k="highway" v="service"/>
 </way>
 <way id="1190499087" visible="true" version="1" changeset="138691823" timestamp="2023-07-19T00:39:43Z" user="LeNetsi" uid="16106864">
  <nd ref="11053982341"/>
  <nd ref="11053982340"/>
  <tag k="bridge" v="yes"/>
  <tag k="highway" v="service"/>
  <tag k="layer" v="1"/>
 </way>
 <way id="1190499088" visible="true" version="2" changeset="161633143" timestamp="2025-01-22T11:01:19Z" user="RideauCanal" uid="20109092">
  <nd ref="11053982346"/>
  <nd ref="12522649959"/>
  <nd ref="12522649958"/>
  <nd ref="11053982345"/>
  <nd ref="11053982344"/>
  <nd ref="11053982343"/>
  <nd ref="11053982342"/>
  <nd ref="11053982341"/>
  <tag k="highway" v="service"/>
 </way>
 <way id="1275422956" visible="true" version="1" changeset="150417744" timestamp="2024-04-23T22:29:45Z" user="dcskobuffs" uid="14174445">
  <nd ref="11842453856"/>
  <nd ref="11842453855"/>
  <tag k="access" v="private"/>
  <tag k="highway" v="service"/>
 </way>
 <way id="1308657500" visible="true" version="1" changeset="155432015" timestamp="2024-08-18T19:43:23Z" user="i2004" uid="11462915">
  <nd ref="4327399285"/>
  <nd ref="12118978811"/>
  <nd ref="12118978812"/>
  <nd ref="12118978813"/>
  <tag k="boundary" v="administrative"/>
 </way>
 <way id="1353191180" visible="true" version="1" changeset="161608002" timestamp="2025-01-21T16:51:55Z" user="RideauCanal" uid="20109092">
  <nd ref="4327399250"/>
  <nd ref="12520973201"/>
  <tag k="footway" v="crossing"/>
  <tag k="highway" v="footway"/>
 </way>
 <way id="1353191181" visible="true" version="1" changeset="161608002" timestamp="2025-01-21T16:51:55Z" user="RideauCanal" uid="20109092">
  <nd ref="12520973202"/>
  <nd ref="4327399253"/>
  <tag k="footway" v="crossing"/>
  <tag k="highway" v="footway"/>
 </way>
 <way id="1353191182" visible="true" version="1" changeset="161608002" timestamp="2025-01-21T16:51:55Z" user="RideauCanal" uid="20109092">
  <nd ref="4327399994"/>
  <nd ref="4327399992"/>
  <tag k="footway" v="crossing"/>
  <tag k="highway" v="footway"/>
 </way>
 <way id="1353355299" visible="true" version="1" changeset="161633143" timestamp="2025-01-22T11:01:19Z" user="RideauCanal" uid="20109092">
  <nd ref="12522649955"/>
  <nd ref="12522649953"/>
  <nd ref="12522649952"/>
  <nd ref="12522649951"/>
  <nd ref="12522649950"/>
  <nd ref="12522649949"/>
  <nd ref="12522649948"/>
  <nd ref="12522649947"/>
  <tag k="highway" v="service"/>
 </way>
 <way id="1353355300" visible="true" version="1" changeset="161633143" timestamp="2025-01-22T11:01:19Z" user="RideauCanal" uid="20109092">
  <nd ref="12522649957"/>
  <nd ref="12522649956"/>
  <nd ref="12522649946"/>
  <nd ref="12522649955"/>
  <nd ref="12522649945"/>
  <nd ref="12522649947"/>
  <nd ref="12522649954"/>
  <tag k="highway" v="service"/>
 </way>
 <way id="1353379468" visible="true" version="2" changeset="187061698" timestamp="2026-08-07T01:14:53Z" user="GongolaRiver" uid="23639040">
  <nd ref="12522848894"/>
  <nd ref="12522848891"/>
  <nd ref="12522848890"/>
  <nd ref="12522848889"/>
  <nd ref="12522848888"/>
  <nd ref="12522848887"/>
  <tag k="access" v="private"/>
  <tag k="highway" v="service"/>
 </way>
 <way id="1353379469" visible="true" version="4" changeset="187061698" timestamp="2026-08-07T01:14:53Z" user="GongolaRiver" uid="23639040">
  <nd ref="12558616249"/>
  <nd ref="12522848895"/>
  <nd ref="12556774863"/>
  <tag k="highway" v="service"/>
 </way>
 <way id="1353379470" visible="true" version="1" changeset="161638253" timestamp="2025-01-22T13:26:46Z" user="RideauCanal" uid="20109092">
  <nd ref="12522848900"/>
  <nd ref="12522848899"/>
  <nd ref="12522848896"/>
  <nd ref="12522848898"/>
  <nd ref="12522848897"/>
  <tag k="highway" v="service"/>
 </way>
 <way id="1353379471" visible="true" version="1" changeset="161638253" timestamp="2025-01-22T13:26:46Z" user="RideauCanal" uid="20109092">
  <nd ref="11053982344"/>
  <nd ref="12522849111"/>
  <nd ref="12522849110"/>
  <nd ref="12522849109"/>
  <nd ref="12522849108"/>
  <nd ref="12522849107"/>
  <nd ref="12522849106"/>
  <nd ref="12522849105"/>
  <nd ref="12522849104"/>
  <nd ref="12522849103"/>
  <nd ref="12522849101"/>
  <nd ref="12522849102"/>
  <tag k="highway" v="service"/>
 </way>
 <way id="1353379472" visible="true" version="2" changeset="164265264" timestamp="2025-03-29T20:48:40Z" user="11000matias" uid="9658350">
  <nd ref="11053982342"/>
  <nd ref="12522849114"/>
  <nd ref="12522849102"/>
  <nd ref="12522849113"/>
  <nd ref="12710547671"/>
  <nd ref="12522849112"/>
  <nd ref="12710547669"/>
  <nd ref="12710547670"/>
  <tag k="highway" v="service"/>
 </way>
 <way id="1353402664" visible="true" version="3" changeset="161723148" timestamp="2025-01-24T18:04:16Z" user="RideauCanal" uid="20109092">
  <nd ref="12523027883"/>
  <nd ref="12523027882"/>
  <tag k="access" v="private"/>
  <tag k="highway" v="service"/>
 </way>
 <way id="1353402665" visible="true" version="2" changeset="161645105" timestamp="2025-01-22T16:36:13Z" user="RideauCanal" uid="20109092">
  <nd ref="4327400018"/>
  <nd ref="12523027884"/>
  <nd ref="12523027885"/>
  <nd ref="12523027886"/>
  <nd ref="12523027887"/>
  <nd ref="12523027888"/>
  <nd ref="4327400026"/>
  <tag k="highway" v="service"/>
  <tag k="oneway" v="yes"/>
 </way>
 <way id="1353408840" visible="true" version="2" changeset="161696413" timestamp="2025-01-24T03:39:38Z" user="LakePoyang" uid="18237328">
  <nd ref="12523090850"/>
  <nd ref="12523090848"/>
  <nd ref="12528322492"/>
  <nd ref="12528322485"/>
  <nd ref="12523090849"/>
  <tag k="access" v="private"/>
  <tag k="highway" v="service"/>
 </way>
 <way id="1353415512" visible="true" version="2" changeset="161723148" timestamp="2025-01-24T18:04:16Z" user="RideauCanal" uid="20109092">
  <nd ref="4327400025"/>
  <nd ref="4327400022"/>
  <nd ref="4327400021"/>
  <nd ref="12529842091"/>
  <nd ref="4327400018"/>
  <tag k="highway" v="service"/>
  <tag k="oneway" v="yes"/>
 </way>
 <way id="1353415514" visible="true" version="1" changeset="161645105" timestamp="2025-01-22T16:36:13Z" user="RideauCanal" uid="20109092">
  <nd ref="4486072723"/>
  <nd ref="12523128422"/>
  <nd ref="12523128421"/>
  <nd ref="12523128418"/>
  <nd ref="12523128420"/>
  <nd ref="12523128417"/>
  <nd ref="12523128419"/>
  <tag k="highway" v="residential"/>
 </way>
 <way id="1353676562" visible="true" version="1" changeset="161675786" timestamp="2025-01-23T13:58:17Z" user="RideauCanal" uid="20109092">
  <nd ref="12526443735"/>
  <nd ref="12526443734"/>
  <nd ref="12526443733"/>
  <tag k="highway" v="service"/>
 </way>
 <way id="1353850507" visible="true" version="1" changeset="161696413" timestamp="2025-01-24T03:39:38Z" user="LakePoyang" uid="18237328">
  <nd ref="673707917"/>
  <nd ref="12528322484"/>
  <nd ref="12528322483"/>
  <nd ref="12528322482"/>
  <nd ref="12528322481"/>
  <nd ref="12528322480"/>
  <nd ref="12528322479"/>
  <nd ref="12528322478"/>
  <nd ref="12528322477"/>
  <nd ref="12528322476"/>
  <nd ref="12528322475"/>
  <nd ref="12528322474"/>
  <nd ref="12528322473"/>
  <nd ref="12528322472"/>
  <tag k="access" v="private"/>
  <tag k="highway" v="service"/>
 </way>
 <way id="1353850509" visible="true" version="1" changeset="161696413" timestamp="2025-01-24T03:39:38Z" user="LakePoyang" uid="18237328">
  <nd ref="2762183350"/>
  <nd ref="12528322496"/>
  <nd ref="12528322495"/>
  <nd ref="12528322494"/>
  <nd ref="12528322493"/>
  <tag k="access" v="private"/>
  <tag k="highway" v="service"/>
 </way>
 <way id="1353918633" visible="true" version="1" changeset="161707116" timestamp="2025-01-24T10:54:06Z" user="RideauCanal" uid="20109092">
  <nd ref="2674983223"/>
  <nd ref="12118978812"/>
  <nd ref="8842262842"/>
  <tag k="foot" v="no"/>
  <tag k="highway" v="residential"/>
  <tag k="name" v="Vuelta de Obligado"/>
 </way>
 <way id="1353918634" visible="true" version="1" changeset="161707116" timestamp="2025-01-24T10:54:06Z" user="RideauCanal" uid="20109092">
  <nd ref="12529068066"/>
  <nd ref="12529068065"/>
  <tag k="footway" v="crossing"/>
  <tag k="highway" v="footway"/>
 </way>
 <way id="1354000769" visible="true" version="1" changeset="161723148" timestamp="2025-01-24T18:04:16Z" user="RideauCanal" uid="20109092">
  <nd ref="12529842068"/>
  <nd ref="12529842067"/>
  <nd ref="12529842066"/>
  <tag k="man_made" v="pier"/>
 </way>
 <way id="1354000774" visible="true" version="1" changeset="161723148" timestamp="2025-01-24T18:04:16Z" user="RideauCanal" uid="20109092">
  <nd ref="12526443731"/>
  <nd ref="12526443730"/>
  <tag k="access" v="private"/>
  <tag k="highway" v="service"/>
 </way>
 <way id="1356709183" visible="true" version="1" changeset="162131264" timestamp="2025-02-04T15:40:08Z" user="RideauCanal" uid="20109092">
  <nd ref="12523333162"/>
  <nd ref="12556774868"/>
  <nd ref="12556774867"/>
  <nd ref="12556774866"/>
  <nd ref="1744982583"/>
  <tag k="highway" v="footway"/>
 </way>
 <way id="1356884580" visible="true" version="1" changeset="162158969" timestamp="2025-02-05T10:21:07Z" user="MulwalaCanal" uid="19895412">
  <nd ref="423984181"/>
  <nd ref="4327400027"/>
  <nd ref="4327400026"/>
  <tag k="highway" v="service"/>
 </way>
 <way id="1372763311" visible="true" version="1" changeset="164265264" timestamp="2025-03-29T20:48:40Z" user="11000matias" uid="9658350">
  <nd ref="12710547673"/>
  <nd ref="12710547672"/>
  <nd ref="12526443737"/>
  <tag k="highway" v="footway"/>
 </way>
 <way id="1372763312" visible="true" version="1" changeset="164265264" timestamp="2025-03-29T20:48:40Z" user="11000matias" uid="9658350">
  <nd ref="12710547674"/>
  <nd ref="12710547673"/>
  <tag k="bridge" v="yes"/>
  <tag k="highway" v="footway"/>
  <tag k="layer" v="1"/>
 </way>
 <way id="1372763313" visible="true" version="1" changeset="164265264" timestamp="2025-03-29T20:48:40Z" user="11000matias" uid="9658350">
  <nd ref="12710547671"/>
  <nd ref="12710547674"/>
  <tag k="highway" v="footway"/>
 </way>
 <way id="1372763314" visible="true" version="1" changeset="164265264" timestamp="2025-03-29T20:48:40Z" user="11000matias" uid="9658350">
  <nd ref="12710547677"/>
  <nd ref="12710547676"/>
  <nd ref="12710547679"/>
  <nd ref="12710547680"/>
  <nd ref="12710547681"/>
  <nd ref="12710547682"/>
  <nd ref="12710547683"/>
  <nd ref="12710547684"/>
 </way>
 <way id="1372763315" visible="true" version="1" changeset="164265264" timestamp="2025-03-29T20:48:40Z" user="11000matias" uid="9658350">
  <nd ref="423978351"/>
  <nd ref="1600115350"/>
  <nd ref="1600115352"/>
  <nd ref="1600115369"/>
  <nd ref="94326333"/>
  <nd ref="1600115373"/>
  <nd ref="1600115366"/>
  <nd ref="423978346"/>
 </way>
 <way id="1372763316" visible="true" version="1" changeset="164265264" timestamp="2025-03-29T20:48:40Z" user="11000matias" uid="9658350">
  <nd ref="7506192009"/>
  <nd ref="7506192008"/>
  <nd ref="94310949"/>
  <nd ref="94300726"/>
  <nd ref="1600115344"/>
  <nd ref="1600115329"/>
  <nd ref="1600115345"/>
  <nd ref="94288798"/>
  <nd ref="1600115348"/>
  <nd ref="423978351"/>
 </way>
 <way id="1372763317" visible="true" version="1" changeset="164265264" timestamp="2025-03-29T20:48:40Z" user="11000matias" uid="9658350">
  <nd ref="12710547684"/>
  <nd ref="12710547685"/>
  <nd ref="12710547686"/>
  <nd ref="423978346"/>
 </way>
 <way id="1372763318" visible="true" version="1" changeset="164265264" timestamp="2025-03-29T20:48:40Z" user="11000matias" uid="9658350">
  <nd ref="12710547684"/>
  <nd ref="423978351"/>
 </way>
 <way id="1372763319" visible="true" version="1" changeset="164265264" timestamp="2025-03-29T20:48:40Z" user="11000matias" uid="9658350">
  <nd ref="12710547675"/>
  <nd ref="12710547687"/>
  <nd ref="12710547688"/>
  <nd ref="12710547689"/>
  <nd ref="12710547690"/>
  <nd ref="12710547691"/>
  <nd ref="12710547692"/>
  <nd ref="12710547677"/>
 </way>
 <way id="1372763320" visible="true" version="1" changeset="164265264" timestamp="2025-03-29T20:48:40Z" user="11000matias" uid="9658350">
  <nd ref="7506192009"/>
  <nd ref="12710547693"/>
  <nd ref="12710547678"/>
  <nd ref="12710547677"/>
 </way>
 <way id="1372763321" visible="true" version="3" changeset="186251834" timestamp="2026-07-23T18:35:01Z" user="Bondi Maps" uid="22225370">
  <nd ref="14042132276"/>
  <nd ref="423978332"/>
 </way>
 <way id="1372763322" visible="true" version="1" changeset="164265264" timestamp="2025-03-29T20:48:40Z" user="11000matias" uid="9658350">
  <nd ref="4337969992"/>
  <nd ref="94305939"/>
  <nd ref="1600115388"/>
  <nd ref="1600115384"/>
 </way>
 <way id="1372763323" visible="true" version="1" changeset="164265264" timestamp="2025-03-29T20:48:40Z" user="11000matias" uid="9658350">
  <nd ref="4337969991"/>
  <nd ref="4337969992"/>
 </way>
 <way id="1372763324" visible="true" version="1" changeset="164265264" timestamp="2025-03-29T20:48:40Z" user="11000matias" uid="9658350">
  <nd ref="4337969991"/>
  <nd ref="12710547694"/>
  <nd ref="12710547695"/>
  <nd ref="12710547696"/>
  <nd ref="1600115384"/>
 </way>
 <way id="1372763325" visible="true" version="1" changeset="164265264" timestamp="2025-03-29T20:48:40Z" user="11000matias" uid="9658350">
  <nd ref="12710607201"/>
  <nd ref="12710607202"/>
  <nd ref="5018197860"/>
  <nd ref="4337969991"/>
  <nd ref="12710547694"/>
  <nd ref="12710547695"/>
  <nd ref="12710547696"/>
  <nd ref="1600115384"/>
  <nd ref="1600115380"/>
  <nd ref="1600115375"/>
 </way>
 <way id="1372763326" visible="true" version="1" changeset="164265264" timestamp="2025-03-29T20:48:40Z" user="11000matias" uid="9658350">
  <nd ref="1600115375"/>
  <nd ref="12710607203"/>
  <nd ref="12710607204"/>
  <nd ref="423978338"/>
 </way>
 <way id="1372763327" visible="true" version="1" changeset="164265264" timestamp="2025-03-29T20:48:40Z" user="11000matias" uid="9658350">
  <nd ref="1600115384"/>
  <nd ref="1600115380"/>
  <nd ref="1600115375"/>
 </way>
 <way id="1372763328" visible="true" version="1" changeset="164265264" timestamp="2025-03-29T20:48:40Z" user="11000matias" uid="9658350">
  <nd ref="1600115375"/>
  <nd ref="423978342"/>
  <nd ref="94291730"/>
  <nd ref="94332669"/>
  <nd ref="423978338"/>
 </way>
 <way id="1372763329" visible="true" version="1" changeset="164265264" timestamp="2025-03-29T20:48:40Z" user="11000matias" uid="9658350">
  <nd ref="423978338"/>
  <nd ref="12710607209"/>
  <nd ref="12710547697"/>
  <nd ref="12710547698"/>
  <nd ref="12710547699"/>
  <nd ref="12710547700"/>
  <nd ref="12710607201"/>
 </way>
 <way id="1372763330" visible="true" version="1" changeset="164265264" timestamp="2025-03-29T20:48:40Z" user="11000matias" uid="9658350">
  <nd ref="12710607201"/>
  <nd ref="12710607205"/>
  <nd ref="12710607206"/>
  <nd ref="12710607207"/>
  <nd ref="12710607208"/>
  <nd ref="94314067"/>
 </way>
 <way id="1372763331" visible="true" version="1" changeset="164265264" timestamp="2025-03-29T20:48:40Z" user="11000matias" uid="9658350">
  <nd ref="423978338"/>
  <nd ref="12710607210"/>
  <nd ref="12710607211"/>
  <nd ref="94314067"/>
 </way>
 <way id="1376120057" visible="true" version="1" changeset="164725220" timestamp="2025-04-09T13:32:33Z" user="maia itati" uid="22729361">
  <nd ref="12741538482"/>
  <nd ref="12741538483"/>
  <nd ref="12741538484"/>
  <nd ref="12741538485"/>
  <nd ref="12741538482"/>
  <tag k="building" v="house"/>
 </way>
 <way id="1376120058" visible="true" version="1" changeset="164725220" timestamp="2025-04-09T13:32:33Z" user="maia itati" uid="22729361">
  <nd ref="12741538486"/>
  <nd ref="12741538487"/>
  <nd ref="12741538488"/>
  <nd ref="12741538489"/>
  <nd ref="12741538490"/>
  <nd ref="12741538491"/>
  <nd ref="12741538486"/>
  <tag k="building" v="house"/>
 </way>
 <way id="1376120059" visible="true" version="1" changeset="164725220" timestamp="2025-04-09T13:32:33Z" user="maia itati" uid="22729361">
  <nd ref="12741538492"/>
  <nd ref="12741538493"/>
  <nd ref="12741538494"/>
  <nd ref="12741538495"/>
  <nd ref="12741538492"/>
  <tag k="building" v="house"/>
 </way>
 <way id="1376120060" visible="true" version="1" changeset="164725220" timestamp="2025-04-09T13:32:33Z" user="maia itati" uid="22729361">
  <nd ref="12741538496"/>
  <nd ref="12741538497"/>
  <nd ref="12741538498"/>
  <nd ref="12741538499"/>
  <nd ref="12741538496"/>
  <tag k="building" v="house"/>
 </way>
 <way id="1376120061" visible="true" version="1" changeset="164725220" timestamp="2025-04-09T13:32:33Z" user="maia itati" uid="22729361">
  <nd ref="12741538500"/>
  <nd ref="12741570801"/>
  <nd ref="12741570802"/>
  <nd ref="12741570803"/>
  <nd ref="12741570804"/>
  <nd ref="12741570805"/>
  <nd ref="12741538500"/>
  <tag k="building" v="house"/>
 </way>
 <way id="1376120062" visible="true" version="1" changeset="164725220" timestamp="2025-04-09T13:32:33Z" user="maia itati" uid="22729361">
  <nd ref="12741570806"/>
  <nd ref="12741570807"/>
  <nd ref="12741570808"/>
  <nd ref="12741570809"/>
  <nd ref="12741570810"/>
  <nd ref="12741570811"/>
  <nd ref="12741570806"/>
  <tag k="building" v="house"/>
 </way>
 <way id="1376120063" visible="true" version="1" changeset="164725220" timestamp="2025-04-09T13:32:33Z" user="maia itati" uid="22729361">
  <nd ref="12741570812"/>
  <nd ref="12741570813"/>
  <nd ref="12741570814"/>
  <nd ref="12741570815"/>
  <nd ref="12741570812"/>
  <tag k="building" v="house"/>
 </way>
 <way id="1376120064" visible="true" version="1" changeset="164725220" timestamp="2025-04-09T13:32:33Z" user="maia itati" uid="22729361">
  <nd ref="12741570816"/>
  <nd ref="12741570817"/>
  <nd ref="12741570818"/>
  <nd ref="12741570819"/>
  <nd ref="12741570816"/>
  <tag k="building" v="house"/>
 </way>
 <way id="1376120065" visible="true" version="1" changeset="164725220" timestamp="2025-04-09T13:32:33Z" user="maia itati" uid="22729361">
  <nd ref="12741570820"/>
  <nd ref="12741570821"/>
  <nd ref="12741570822"/>
  <nd ref="12741570823"/>
  <nd ref="12741570820"/>
  <tag k="building" v="house"/>
 </way>
 <way id="1376120066" visible="true" version="1" changeset="164725220" timestamp="2025-04-09T13:32:33Z" user="maia itati" uid="22729361">
  <nd ref="12741570824"/>
  <nd ref="12741570825"/>
  <nd ref="12741570826"/>
  <nd ref="12741570827"/>
  <nd ref="12741570824"/>
  <tag k="building" v="house"/>
 </way>
 <way id="1376120067" visible="true" version="1" changeset="164725220" timestamp="2025-04-09T13:32:33Z" user="maia itati" uid="22729361">
  <nd ref="12741570828"/>
  <nd ref="12741570829"/>
  <nd ref="12741570830"/>
  <nd ref="12741570831"/>
  <nd ref="12741570832"/>
  <nd ref="12741570833"/>
  <nd ref="12741570828"/>
  <tag k="building" v="house"/>
 </way>
 <way id="1376120068" visible="true" version="1" changeset="164725220" timestamp="2025-04-09T13:32:33Z" user="maia itati" uid="22729361">
  <nd ref="12741570834"/>
  <nd ref="12741570835"/>
  <nd ref="12741570836"/>
  <nd ref="12741570837"/>
  <nd ref="12741570838"/>
  <nd ref="12741570839"/>
  <nd ref="12741570834"/>
  <tag k="building" v="house"/>
 </way>
 <way id="1376120069" visible="true" version="1" changeset="164725220" timestamp="2025-04-09T13:32:33Z" user="maia itati" uid="22729361">
  <nd ref="12741570840"/>
  <nd ref="12741570841"/>
  <nd ref="12741570842"/>
  <nd ref="12741570843"/>
  <nd ref="12741570840"/>
  <tag k="building" v="house"/>
 </way>
 <way id="1376120070" visible="true" version="1" changeset="164725220" timestamp="2025-04-09T13:32:33Z" user="maia itati" uid="22729361">
  <nd ref="12741570844"/>
  <nd ref="12741570845"/>
  <nd ref="12741570846"/>
  <nd ref="12741570847"/>
  <nd ref="12741570848"/>
  <nd ref="12741570849"/>
  <nd ref="12741570844"/>
  <tag k="building" v="house"/>
  <tag k="height" v="3"/>
 </way>
 <way id="1376120071" visible="true" version="1" changeset="164725220" timestamp="2025-04-09T13:32:33Z" user="maia itati" uid="22729361">
  <nd ref="12741570850"/>
  <nd ref="12741570851"/>
  <nd ref="12741570852"/>
  <nd ref="12741570853"/>
  <nd ref="12741570850"/>
  <tag k="building" v="house"/>
 </way>
 <way id="1376120072" visible="true" version="1" changeset="164725220" timestamp="2025-04-09T13:32:33Z" user="maia itati" uid="22729361">
  <nd ref="12741570854"/>
  <nd ref="12741570855"/>
  <nd ref="12741570856"/>
  <nd ref="12741570857"/>
  <nd ref="12741570854"/>
  <tag k="building" v="house"/>
 </way>
 <way id="1376120073" visible="true" version="1" changeset="164725220" timestamp="2025-04-09T13:32:33Z" user="maia itati" uid="22729361">
  <nd ref="12741570858"/>
  <nd ref="12741570859"/>
  <nd ref="12741570860"/>
  <nd ref="12741570861"/>
  <nd ref="12741570862"/>
  <nd ref="12741570863"/>
  <nd ref="12741570858"/>
  <tag k="building" v="house"/>
  <tag k="height" v="4"/>
 </way>
 <way id="1376120074" visible="true" version="1" changeset="164725220" timestamp="2025-04-09T13:32:33Z" user="maia itati" uid="22729361">
  <nd ref="12741570864"/>
  <nd ref="12741570865"/>
  <nd ref="12741570866"/>
  <nd ref="12741570867"/>
  <nd ref="12741570864"/>
  <tag k="building" v="house"/>
  <tag k="height" v="4.5"/>
 </way>
 <way id="1376120075" visible="true" version="1" changeset="164725220" timestamp="2025-04-09T13:32:33Z" user="maia itati" uid="22729361">
  <nd ref="12741570868"/>
  <nd ref="12741570869"/>
  <nd ref="12741570870"/>
  <nd ref="12741570871"/>
  <nd ref="12741570868"/>
  <tag k="building" v="house"/>
 </way>
 <way id="1376120076" visible="true" version="1" changeset="164725220" timestamp="2025-04-09T13:32:33Z" user="maia itati" uid="22729361">
  <nd ref="12741570872"/>
  <nd ref="12741570873"/>
  <nd ref="12741570874"/>
  <nd ref="12741570875"/>
  <nd ref="12741570872"/>
  <tag k="building" v="house"/>
 </way>
 <way id="1376120077" visible="true" version="1" changeset="164725220" timestamp="2025-04-09T13:32:33Z" user="maia itati" uid="22729361">
  <nd ref="12741570876"/>
  <nd ref="12741570877"/>
  <nd ref="12741570878"/>
  <nd ref="12741570879"/>
  <nd ref="12741570880"/>
  <nd ref="12741570881"/>
  <nd ref="12741570876"/>
  <tag k="building" v="house"/>
 </way>
 <way id="1376120078" visible="true" version="1" changeset="164725220" timestamp="2025-04-09T13:32:33Z" user="maia itati" uid="22729361">
  <nd ref="12741570882"/>
  <nd ref="12741570883"/>
  <nd ref="12741570884"/>
  <nd ref="12741570885"/>
  <nd ref="12741570886"/>
  <nd ref="12741570882"/>
  <tag k="building" v="house"/>
  <tag k="height" v="4"/>
 </way>
 <way id="1428327371" visible="true" version="1" changeset="171695708" timestamp="2025-09-09T16:35:23Z" user="g0nz" uid="9536659">
  <nd ref="13131361353"/>
  <nd ref="13131361354"/>
  <nd ref="13131361355"/>
  <nd ref="13131361356"/>
  <nd ref="13131361357"/>
  <nd ref="13131361358"/>
  <nd ref="13131361359"/>
  <nd ref="13131361360"/>
  <nd ref="13131361361"/>
  <nd ref="13131361362"/>
  <nd ref="13131361363"/>
  <nd ref="13131361364"/>
  <nd ref="13131361365"/>
  <nd ref="13131361366"/>
  <nd ref="13131361367"/>
  <nd ref="13131361368"/>
  <nd ref="13131361369"/>
  <nd ref="13131361370"/>
  <nd ref="13131361371"/>
  <nd ref="13131361372"/>
  <nd ref="13131361373"/>
  <nd ref="13131361374"/>
  <nd ref="13131361375"/>
  <nd ref="13131361376"/>
  <nd ref="13131361377"/>
  <nd ref="13131361378"/>
  <nd ref="13131361379"/>
  <nd ref="13131361380"/>
  <nd ref="13131361353"/>
  <tag k="natural" v="wetland"/>
  <tag k="surface" v="mud"/>
  <tag k="wetland" v="tidalflat"/>
 </way>
 <way id="1433125554" visible="true" version="1" changeset="172457308" timestamp="2025-09-25T20:17:30Z" user="muralito" uid="755114">
  <nd ref="4337969992"/>
  <nd ref="423984159"/>
 </way>
 <way id="1433125555" visible="true" version="1" changeset="172457308" timestamp="2025-09-25T20:17:30Z" user="muralito" uid="755114">
  <nd ref="423984159"/>
  <nd ref="1600115468"/>
 </way>
 <way id="1433125556" visible="true" version="1" changeset="172457308" timestamp="2025-09-25T20:17:30Z" user="muralito" uid="755114">
  <nd ref="13171913982"/>
  <nd ref="4327399224"/>
 </way>
 <way id="1433125557" visible="true" version="1" changeset="172457308" timestamp="2025-09-25T20:17:30Z" user="muralito" uid="755114">
  <nd ref="4327399224"/>
  <nd ref="424171053"/>
  <nd ref="13171913980"/>
 </way>
 <way id="1433125558" visible="true" version="1" changeset="172457308" timestamp="2025-09-25T20:17:30Z" user="muralito" uid="755114">
  <nd ref="4470373985"/>
  <nd ref="4470373976"/>
  <nd ref="4470373969"/>
 </way>
 <way id="1433125559" visible="true" version="1" changeset="172457308" timestamp="2025-09-25T20:17:30Z" user="muralito" uid="755114">
  <nd ref="4977397576"/>
  <nd ref="1628511790"/>
 </way>
 <way id="1433125560" visible="true" version="1" changeset="172457308" timestamp="2025-09-25T20:17:30Z" user="muralito" uid="755114">
  <nd ref="4470373969"/>
  <nd ref="94337773"/>
  <nd ref="4470373971"/>
 </way>
 <way id="1433125561" visible="true" version="1" changeset="172457308" timestamp="2025-09-25T20:17:30Z" user="muralito" uid="755114">
  <nd ref="423978308"/>
  <nd ref="94308646"/>
  <nd ref="1628813027"/>
  <nd ref="1628813023"/>
  <nd ref="1628511799"/>
  <nd ref="1628511797"/>
  <nd ref="1628511778"/>
  <nd ref="1628511775"/>
  <nd ref="1628511794"/>
  <nd ref="423978321"/>
 </way>
 <way id="1433125562" visible="true" version="1" changeset="172457308" timestamp="2025-09-25T20:17:30Z" user="muralito" uid="755114">
  <nd ref="423978321"/>
  <nd ref="1628511790"/>
 </way>
 <way id="1433125563" visible="true" version="1" changeset="172457308" timestamp="2025-09-25T20:17:30Z" user="muralito" uid="755114">
  <nd ref="4470373971"/>
  <nd ref="94321751"/>
  <nd ref="4470373968"/>
  <nd ref="423978321"/>
 </way>
 <way id="1433125564" visible="true" version="1" changeset="172457308" timestamp="2025-09-25T20:17:30Z" user="muralito" uid="755114">
  <nd ref="423978308"/>
  <nd ref="4470373969"/>
 </way>
 <way id="1433125572" visible="true" version="1" changeset="172457308" timestamp="2025-09-25T20:17:30Z" user="muralito" uid="755114">
  <nd ref="4486072604"/>
  <nd ref="4470373974"/>
  <nd ref="4470373972"/>
  <nd ref="4470373975"/>
  <nd ref="4470373973"/>
  <nd ref="4470373970"/>
  <nd ref="4470373971"/>
 </way>
 <way id="1433125573" visible="true" version="1" changeset="172457308" timestamp="2025-09-25T20:17:30Z" user="muralito" uid="755114">
  <nd ref="1628511790"/>
  <nd ref="1628511773"/>
  <nd ref="1628511772"/>
  <nd ref="1628511771"/>
  <nd ref="1628511766"/>
  <nd ref="1628511755"/>
  <nd ref="1628511768"/>
  <nd ref="4977397586"/>
  <nd ref="1628511752"/>
  <nd ref="1628511750"/>
  <nd ref="1628511747"/>
  <nd ref="1628511746"/>
  <nd ref="1628511742"/>
  <nd ref="1628511729"/>
  <nd ref="1628511740"/>
  <nd ref="1628511744"/>
 </way>
 <way id="1433125574" visible="true" version="1" changeset="172457308" timestamp="2025-09-25T20:17:30Z" user="muralito" uid="755114">
  <nd ref="1628511744"/>
  <nd ref="1628511738"/>
  <nd ref="423978304"/>
  <nd ref="1628511727"/>
  <nd ref="1628511726"/>
  <nd ref="1628511722"/>
  <nd ref="423978302"/>
  <nd ref="4977397575"/>
 </way>
 <way id="1433125575" visible="true" version="1" changeset="172457308" timestamp="2025-09-25T20:17:30Z" user="muralito" uid="755114">
  <nd ref="4977397582"/>
  <nd ref="1628511744"/>
 </way>
 <way id="1433125576" visible="true" version="1" changeset="172457308" timestamp="2025-09-25T20:17:30Z" user="muralito" uid="755114">
  <nd ref="4977397576"/>
  <nd ref="2447670366"/>
  <nd ref="2447670367"/>
  <nd ref="2447670368"/>
  <nd ref="2447670369"/>
  <nd ref="2447670370"/>
  <nd ref="2447670371"/>
  <nd ref="2447670372"/>
  <nd ref="2447670373"/>
  <nd ref="2447670374"/>
  <nd ref="4977397572"/>
 </way>
 <way id="1433125578" visible="true" version="1" changeset="172457308" timestamp="2025-09-25T20:17:30Z" user="muralito" uid="755114">
  <nd ref="4977397575"/>
  <nd ref="1628812926"/>
  <nd ref="1628812902"/>
  <nd ref="1628812888"/>
  <nd ref="1628812891"/>
  <nd ref="1628812899"/>
  <nd ref="1628812867"/>
  <nd ref="1628812860"/>
  <nd ref="1628812854"/>
 </way>
 <way id="1433125579" visible="true" version="1" changeset="172457308" timestamp="2025-09-25T20:17:30Z" user="muralito" uid="755114">
  <nd ref="4977397582"/>
  <nd ref="2447670364"/>
  <nd ref="2447670363"/>
  <nd ref="2447670362"/>
 </way>
 <way id="1433125581" visible="true" version="2" changeset="186536604" timestamp="2026-07-28T18:29:06Z" user="Fabri Limon" uid="16939085">
  <nd ref="4977397573"/>
  <nd ref="4363694489"/>
  <nd ref="4363694288"/>
  <nd ref="4363694287"/>
  <nd ref="4363694286"/>
  <nd ref="14056863432"/>
  <nd ref="14056863433"/>
  <nd ref="4977397574"/>
  <nd ref="4977397575"/>
 </way>
 <way id="1482264278" visible="true" version="1" changeset="178950932" timestamp="2026-02-23T16:13:57Z" user="Avardent" uid="20972825">
  <nd ref="13593273497"/>
  <nd ref="13593273498"/>
  <nd ref="13593273499"/>
  <nd ref="13593273500"/>
  <nd ref="13593273497"/>
  <tag k="building" v="house"/>
 </way>
 <way id="1482264279" visible="true" version="1" changeset="178950932" timestamp="2026-02-23T16:13:57Z" user="Avardent" uid="20972825">
  <nd ref="13593273497"/>
  <nd ref="13593273498"/>
  <nd ref="13593284701"/>
  <nd ref="13593284703"/>
  <nd ref="13593284702"/>
  <nd ref="13593273497"/>
  <tag k="building" v="house"/>
 </way>
 <way id="1482264280" visible="true" version="1" changeset="178950932" timestamp="2026-02-23T16:13:57Z" user="Avardent" uid="20972825">
  <nd ref="13593284702"/>
  <nd ref="13593284703"/>
  <nd ref="13593284704"/>
  <nd ref="13593284705"/>
  <nd ref="13593284702"/>
  <tag k="building" v="house"/>
 </way>
 <way id="1482264281" visible="true" version="1" changeset="178950932" timestamp="2026-02-23T16:13:57Z" user="Avardent" uid="20972825">
  <nd ref="13593284706"/>
  <nd ref="13593284707"/>
  <nd ref="13593284708"/>
  <nd ref="13593284709"/>
  <nd ref="13593284706"/>
  <tag k="building" v="house"/>
 </way>
 <way id="1482264282" visible="true" version="1" changeset="178950932" timestamp="2026-02-23T16:13:57Z" user="Avardent" uid="20972825">
  <nd ref="13593284710"/>
  <nd ref="13593284711"/>
  <nd ref="13593284712"/>
  <nd ref="13593284713"/>
  <nd ref="13593284710"/>
  <tag k="building" v="house"/>
 </way>
 <way id="1482264283" visible="true" version="1" changeset="178950932" timestamp="2026-02-23T16:13:57Z" user="Avardent" uid="20972825">
  <nd ref="13593284715"/>
  <nd ref="13593284716"/>
  <nd ref="1628867006"/>
  <nd ref="1628866982"/>
  <nd ref="1628866927"/>
  <nd ref="13593284715"/>
  <tag k="landuse" v="grass"/>
 </way>
 <way id="1505735949" visible="true" version="1" changeset="181984206" timestamp="2026-04-29T11:46:13Z" user="AlejandroAlba" uid="6499071">
  <nd ref="13774797911"/>
  <nd ref="13774797910"/>
  <nd ref="13774797909"/>
  <nd ref="13774797908"/>
  <nd ref="13774797907"/>
  <nd ref="13774797906"/>
  <nd ref="1572867323"/>
  <nd ref="13774797905"/>
  <nd ref="13184488138"/>
  <tag k="intermittent" v="yes"/>
  <tag k="waterway" v="drain"/>
 </way>
 <way id="1505735951" visible="true" version="1" changeset="181984206" timestamp="2026-04-29T11:46:13Z" user="AlejandroAlba" uid="6499071">
  <nd ref="2561133541"/>
  <nd ref="2561133548"/>
  <nd ref="2561133550"/>
  <nd ref="2169672636"/>
  <nd ref="3177996785"/>
  <nd ref="2561133535"/>
  <nd ref="2561158495"/>
  <nd ref="5123249969"/>
  <nd ref="13774797920"/>
  <tag k="electrified" v="contact_line"/>
  <tag k="frequency" v="0"/>
  <tag k="gauge" v="1435"/>
  <tag k="maxspeed" v="70"/>
  <tag k="name" v="Tren de la Costa"/>
  <tag k="network" v="Mitre"/>
  <tag k="official_name" v="Ramal Mitre II - Delta"/>
  <tag k="old_gauge" v="1676"/>
  <tag k="operator" v="Ferrocarriles Argentinos S.A. (FASA)"/>
  <tag k="passenger_lines" v="2"/>
  <tag k="railway" v="light_rail"/>
  <tag k="railway:preferred_direction" v="forward"/>
  <tag k="ref" v="GM-16"/>
  <tag k="usage" v="main"/>
  <tag k="voltage" v="1500"/>
 </way>
 <way id="1505735952" visible="true" version="1" changeset="181984206" timestamp="2026-04-29T11:46:13Z" user="AlejandroAlba" uid="6499071">
  <nd ref="13774797918"/>
  <nd ref="5123249970"/>
  <nd ref="1719986435"/>
  <nd ref="4089366531"/>
  <nd ref="424140178"/>
  <nd ref="108267203"/>
  <nd ref="1719986434"/>
  <nd ref="2561133590"/>
  <nd ref="423975565"/>
  <tag k="electrified" v="contact_line"/>
  <tag k="frequency" v="0"/>
  <tag k="gauge" v="1435"/>
  <tag k="maxspeed" v="70"/>
  <tag k="name" v="Tren de la Costa"/>
  <tag k="network" v="Mitre"/>
  <tag k="official_name" v="Ramal Mitre II - Delta"/>
  <tag k="old_gauge" v="1676"/>
  <tag k="operator" v="Ferrocarriles Argentinos S.A. (FASA)"/>
  <tag k="passenger_lines" v="2"/>
  <tag k="railway" v="light_rail"/>
  <tag k="railway:preferred_direction" v="forward"/>
  <tag k="ref" v="GM-16"/>
  <tag k="usage" v="main"/>
  <tag k="voltage" v="1500"/>
 </way>
 <way id="1543316508" visible="true" version="1" changeset="186251834" timestamp="2026-07-23T18:35:01Z" user="Bondi Maps" uid="22225370">
  <nd ref="12118978813"/>
  <nd ref="14042132275"/>
  <tag k="boundary" v="administrative"/>
 </way>
 <way id="1543316509" visible="true" version="1" changeset="186251834" timestamp="2026-07-23T18:35:01Z" user="Bondi Maps" uid="22225370">
  <nd ref="14042132275"/>
  <nd ref="1617923982"/>
  <nd ref="1617923980"/>
  <nd ref="1617923978"/>
  <nd ref="1617923974"/>
  <nd ref="14042132276"/>
  <tag k="waterway" v="stream"/>
 </way>
 <way id="1543316510" visible="true" version="1" changeset="186251834" timestamp="2026-07-23T18:35:01Z" user="Bondi Maps" uid="22225370">
  <nd ref="14042132276"/>
  <nd ref="1617923973"/>
  <tag k="waterway" v="stream"/>
 </way>
 <way id="1543316511" visible="true" version="1" changeset="186251834" timestamp="2026-07-23T18:35:01Z" user="Bondi Maps" uid="22225370">
  <nd ref="12710547675"/>
  <nd ref="14042132276"/>
 </way>
 <way id="1545477773" visible="true" version="1" changeset="186536604" timestamp="2026-07-28T18:29:06Z" user="Fabri Limon" uid="16939085">
  <nd ref="14056863428"/>
  <nd ref="14056863429"/>
  <nd ref="14056863430"/>
  <nd ref="14056863431"/>
  <nd ref="14056863432"/>
  <nd ref="14056863433"/>
  <nd ref="14056863428"/>
  <tag k="access" v="yes"/>
  <tag k="amenity" v="restaurant"/>
  <tag k="building" v="yes"/>
  <tag k="name" v="Neptuno"/>
  <tag k="opening_hours" v="Sa-Su 09:00-20:00"/>
 </way>
 <way id="1547815184" visible="true" version="1" changeset="187061698" timestamp="2026-08-07T01:14:53Z" user="GongolaRiver" uid="23639040">
  <nd ref="12556774863"/>
  <nd ref="12522848894"/>
  <nd ref="12522848893"/>
  <nd ref="12522848892"/>
  <tag k="access" v="private"/>
  <tag k="highway" v="service"/>
 </way>
 <relation id="129404" visible="true" version="45" changeset="181986792" timestamp="2026-04-29T12:40:54Z" user="AlejandroAlba" uid="6499071">
  <member type="node" ref="256023519" role="stop_entry_only"/>
  <member type="way" ref="204492403" role="platform_entry_only"/>
  <member type="node" ref="925962341" role="stop"/>
  <member type="way" ref="526867366" role="platform"/>
  <member type="node" ref="5122945456" role="stop"/>
  <member type="way" ref="526895463" role="platform"/>
  <member type="node" ref="1432924995" role="stop"/>
  <member type="way" ref="208637107" role="platform"/>
  <member type="node" ref="2189091110" role="stop"/>
  <member type="way" ref="208636774" role="platform"/>
  <member type="node" ref="108267209" role="stop"/>
  <member type="way" ref="207202618" role="platform"/>
  <member type="node" ref="108260652" role="stop"/>
  <member type="way" ref="207466604" role="platform"/>
  <member type="node" ref="1432949529" role="stop"/>
  <member type="way" ref="526913912" role="platform"/>
  <member type="node" ref="1432949475" role="stop"/>
  <member type="way" ref="249519059" role="platform"/>
  <member type="node" ref="1432949504" role="stop"/>
  <member type="way" ref="206904256" role="platform"/>
  <member type="node" ref="3651107373" role="stop_exit_only"/>
  <member type="way" ref="1012323498" role="platform_exit_only"/>
  <member type="way" ref="526867369" role=""/>
  <member type="way" ref="22983193" role=""/>
  <member type="way" ref="30554650" role=""/>
  <member type="way" ref="30554653" role=""/>
  <member type="way" ref="30554644" role=""/>
  <member type="way" ref="30554647" role=""/>
  <member type="way" ref="53237880" role=""/>
  <member type="way" ref="53237875" role=""/>
  <member type="way" ref="204492519" role=""/>
  <member type="way" ref="79291726" role=""/>
  <member type="way" ref="204492404" role=""/>
  <member type="way" ref="79291715" role=""/>
  <member type="way" ref="79291730" role=""/>
  <member type="way" ref="1504461212" role=""/>
  <member type="way" ref="1504461211" role=""/>
  <member type="way" ref="368772602" role=""/>
  <member type="way" ref="138999608" role=""/>
  <member type="way" ref="1504433011" role=""/>
  <member type="way" ref="1504434094" role=""/>
  <member type="way" ref="1504434093" role=""/>
  <member type="way" ref="1504433010" role=""/>
  <member type="way" ref="1505727930" role=""/>
  <member type="way" ref="1505727929" role=""/>
  <member type="way" ref="1505731591" role=""/>
  <member type="way" ref="1505731590" role=""/>
  <member type="way" ref="1505732394" role=""/>
  <member type="way" ref="1505732393" role=""/>
  <member type="way" ref="1152272544" role=""/>
  <member type="way" ref="1505735953" role=""/>
  <member type="way" ref="1505735952" role=""/>
  <member type="way" ref="1152272546" role=""/>
  <member type="way" ref="1505789329" role=""/>
  <member type="way" ref="1505789328" role=""/>
  <member type="way" ref="1505789321" role=""/>
  <member type="way" ref="1505789320" role=""/>
  <member type="way" ref="249519151" role=""/>
  <member type="way" ref="1505789312" role=""/>
  <member type="way" ref="1505789311" role=""/>
  <member type="way" ref="1505789310" role=""/>
  <member type="way" ref="1505789304" role=""/>
  <member type="way" ref="1505789303" role=""/>
  <member type="way" ref="1505789309" role=""/>
  <member type="way" ref="249519150" role=""/>
  <member type="way" ref="1505789290" role=""/>
  <member type="way" ref="1505789289" role=""/>
  <member type="way" ref="249519149" role=""/>
  <member type="way" ref="96811166" role=""/>
  <member type="way" ref="96811160" role=""/>
  <member type="way" ref="951810720" role=""/>
  <tag k="colour" v="#37bbed"/>
  <tag k="from" v="Avenida Maipú"/>
  <tag k="interval" v="30"/>
  <tag k="name" v="Tren de la Costa: Avenida Maipú → Delta"/>
  <tag k="network" v="Mitre"/>
  <tag k="opening_hours" v="Mo-Fr 06:50-21:45; Sa,Su,PH 08:00-21:55"/>
  <tag k="operator" v="Trenes Argentinos"/>
  <tag k="public_transport:version" v="2"/>
  <tag k="ref" v="TC"/>
  <tag k="route" v="light_rail"/>
  <tag k="service" v="commuter"/>
  <tag k="to" v="Delta"/>
  <tag k="type" v="route"/>
  <tag k="wheelchair" v="limited"/>
 </relation>
 <relation id="286393" visible="true" version="1203" changeset="189239489" timestamp="2026-09-19T07:09:50Z" user="jptolosa" uid="1975220">
  <member type="way" ref="816840987" role="outer"/>
  <member type="way" ref="816840988" role="outer"/>
  <member type="way" ref="1239776071" role="outer"/>
  <member type="way" ref="1239776072" role="outer"/>
  <member type="way" ref="233777740" role="outer"/>
  <member type="way" ref="234914340" role="outer"/>
  <member type="way" ref="351298755" role="outer"/>
  <member type="way" ref="118631709" role="outer"/>
  <member type="way" ref="118670933" role="outer"/>
  <member type="way" ref="118670931" role="outer"/>
  <member type="way" ref="172346964" role="outer"/>
  <member type="way" ref="380849325" role="outer"/>
  <member type="way" ref="380849324" role="outer"/>
  <member type="way" ref="810282312" role="outer"/>
  <member type="way" ref="837960314" role="outer"/>
  <member type="way" ref="258926620" role="outer"/>
  <member type="way" ref="837942841" role="outer"/>
  <member type="way" ref="1312517495" role="outer"/>
  <member type="way" ref="837942837" role="outer"/>
  <member type="way" ref="837991141" role="outer"/>
  <member type="way" ref="837991137" role="outer"/>
  <member type="way" ref="263121327" role="outer"/>
  <member type="way" ref="1046150981" role="outer"/>
  <member type="way" ref="691675190" role="outer"/>
  <member type="way" ref="691675189" role="outer"/>
  <member type="way" ref="1046150980" role="outer"/>
  <member type="way" ref="1190289193" role="outer"/>
  <member type="way" ref="263284840" role="outer"/>
  <member type="way" ref="1190289192" role="outer"/>
  <member type="way" ref="1312802039" role="outer"/>
  <member type="way" ref="838322864" role="outer"/>
  <member type="way" ref="838322869" role="outer"/>
  <member type="way" ref="443657049" role="outer"/>
  <member type="way" ref="443657045" role="outer"/>
  <member type="way" ref="28579357" role="outer"/>
  <member type="way" ref="276734377" role="outer"/>
  <member type="way" ref="443657053" role="outer"/>
  <member type="way" ref="443657054" role="outer"/>
  <member type="way" ref="443657051" role="outer"/>
  <member type="way" ref="708636243" role="outer"/>
  <member type="way" ref="737360161" role="outer"/>
  <member type="way" ref="737707342" role="outer"/>
  <member type="way" ref="737707356" role="outer"/>
  <member type="way" ref="1169218419" role="outer"/>
  <member type="way" ref="443657046" role="outer"/>
  <member type="way" ref="1169218418" role="outer"/>
  <member type="way" ref="276577459" role="outer"/>
  <member type="way" ref="276457590" role="outer"/>
  <member type="way" ref="443657056" role="outer"/>
  <member type="way" ref="274668480" role="outer"/>
  <member type="way" ref="691535606" role="outer"/>
  <member type="way" ref="164930123" role="outer"/>
  <member type="way" ref="29704029" role="outer"/>
  <member type="way" ref="691535353" role="outer"/>
  <member type="way" ref="442783734" role="outer"/>
  <member type="way" ref="442783727" role="outer"/>
  <member type="way" ref="164929597" role="outer"/>
  <member type="way" ref="691535354" role="outer"/>
  <member type="way" ref="165410273" role="outer"/>
  <member type="way" ref="164946219" role="outer"/>
  <member type="way" ref="165410255" role="outer"/>
  <member type="way" ref="165410236" role="outer"/>
  <member type="way" ref="165495576" role="outer"/>
  <member type="way" ref="262182001" role="outer"/>
  <member type="way" ref="1313069564" role="outer"/>
  <member type="way" ref="1313069559" role="outer"/>
  <member type="way" ref="262313420" role="outer"/>
  <member type="way" ref="825478444" role="outer"/>
  <member type="way" ref="825478446" role="outer"/>
  <member type="way" ref="259456152" role="outer"/>
  <member type="way" ref="262181985" role="outer"/>
  <member type="way" ref="1313069549" role="outer"/>
  <member type="way" ref="259526389" role="outer"/>
  <member type="way" ref="263337754" role="outer"/>
  <member type="way" ref="259520663" role="outer"/>
  <member type="way" ref="442783728" role="outer"/>
  <member type="way" ref="442783732" role="outer"/>
  <member type="way" ref="1313538368" role="outer"/>
  <member type="way" ref="259519375" role="outer"/>
  <member type="way" ref="1313538356" role="outer"/>
  <member type="way" ref="263337768" role="outer"/>
  <member type="way" ref="165194650" role="outer"/>
  <member type="way" ref="1313820314" role="outer"/>
  <member type="way" ref="259639510" role="outer"/>
  <member type="way" ref="1313820300" role="outer"/>
  <member type="way" ref="442783725" role="outer"/>
  <member type="way" ref="259633989" role="outer"/>
  <member type="way" ref="1314438108" role="outer"/>
  <member type="way" ref="263337741" role="outer"/>
  <member type="way" ref="165986701" role="outer"/>
  <member type="way" ref="595205052" role="outer"/>
  <member type="way" ref="1314440823" role="outer"/>
  <member type="way" ref="263337742" role="outer"/>
  <member type="way" ref="1314677265" role="outer"/>
  <member type="way" ref="596471248" role="outer"/>
  <member type="way" ref="596471249" role="outer"/>
  <member type="way" ref="596471250" role="outer"/>
  <member type="way" ref="838602716" role="outer"/>
  <member type="way" ref="1314677258" role="outer"/>
  <member type="way" ref="119008711" role="outer"/>
  <member type="way" ref="838602715" role="outer"/>
  <member type="way" ref="596471253" role="outer"/>
  <member type="way" ref="596471254" role="outer"/>
  <member type="way" ref="69286799" role="outer"/>
  <member type="way" ref="540439350" role="outer"/>
  <member type="way" ref="596471257" role="outer"/>
  <member type="way" ref="208665259" role="outer"/>
  <member type="way" ref="799227844" role="outer"/>
  <member type="way" ref="799227848" role="outer"/>
  <member type="way" ref="799227798" role="outer"/>
  <member type="way" ref="799227797" role="outer"/>
  <member type="way" ref="799227796" role="outer"/>
  <member type="way" ref="799227795" role="outer"/>
  <member type="way" ref="799227842" role="outer"/>
  <member type="way" ref="799227794" role="outer"/>
  <member type="way" ref="799227841" role="outer"/>
  <member type="way" ref="799227793" role="outer"/>
  <member type="way" ref="799227840" role="outer"/>
  <member type="way" ref="799227792" role="outer"/>
  <member type="way" ref="799227838" role="outer"/>
  <member type="way" ref="799227837" role="outer"/>
  <member type="way" ref="799227839" role="outer"/>
  <member type="way" ref="799227836" role="outer"/>
  <member type="way" ref="799227835" role="outer"/>
  <member type="way" ref="799227790" role="outer"/>
  <member type="way" ref="799227789" role="outer"/>
  <member type="way" ref="799227834" role="outer"/>
  <member type="way" ref="799227833" role="outer"/>
  <member type="way" ref="799227788" role="outer"/>
  <member type="way" ref="799227832" role="outer"/>
  <member type="way" ref="799227831" role="outer"/>
  <member type="way" ref="799227830" role="outer"/>
  <member type="way" ref="799227829" role="outer"/>
  <member type="way" ref="799227828" role="outer"/>
  <member type="way" ref="849509084" role="outer"/>
  <member type="way" ref="881073057" role="outer"/>
  <member type="way" ref="881073061" role="outer"/>
  <member type="way" ref="799227847" role="outer"/>
  <member type="way" ref="799227826" role="outer"/>
  <member type="way" ref="799227824" role="outer"/>
  <member type="way" ref="799227825" role="outer"/>
  <member type="way" ref="799227823" role="outer"/>
  <member type="way" ref="848463278" role="outer"/>
  <member type="way" ref="799227822" role="outer"/>
  <member type="way" ref="799227816" role="outer"/>
  <member type="way" ref="799227821" role="outer"/>
  <member type="way" ref="799227820" role="outer"/>
  <member type="way" ref="799227819" role="outer"/>
  <member type="way" ref="799227817" role="outer"/>
  <member type="way" ref="799227815" role="outer"/>
  <member type="way" ref="799227846" role="outer"/>
  <member type="way" ref="821223056" role="outer"/>
  <member type="way" ref="799227813" role="outer"/>
  <member type="way" ref="799227812" role="outer"/>
  <member type="way" ref="799227811" role="outer"/>
  <member type="way" ref="821223057" role="outer"/>
  <member type="way" ref="799227810" role="outer"/>
  <member type="way" ref="799227809" role="outer"/>
  <member type="way" ref="799227807" role="outer"/>
  <member type="way" ref="799227814" role="outer"/>
  <member type="way" ref="799227804" role="outer"/>
  <member type="way" ref="799227803" role="outer"/>
  <member type="way" ref="799227802" role="outer"/>
  <member type="way" ref="799227801" role="outer"/>
  <member type="way" ref="799227800" role="outer"/>
  <member type="way" ref="799227799" role="outer"/>
  <member type="way" ref="799227806" role="outer"/>
  <member type="way" ref="263719421" role="outer"/>
  <member type="way" ref="323333901" role="outer"/>
  <member type="way" ref="35584678" role="outer"/>
  <member type="way" ref="497747008" role="outer"/>
  <member type="way" ref="392719988" role="outer"/>
  <member type="way" ref="381513530" role="outer"/>
  <member type="way" ref="335310072" role="outer"/>
  <member type="way" ref="660350953" role="outer"/>
  <member type="way" ref="213877991" role="outer"/>
  <member type="way" ref="335310073" role="outer"/>
  <member type="way" ref="1323096643" role="outer"/>
  <member type="way" ref="658978606" role="outer"/>
  <member type="way" ref="658978605" role="outer"/>
  <member type="way" ref="381513537" role="outer"/>
  <member type="way" ref="381513534" role="outer"/>
  <member type="way" ref="114910784" role="outer"/>
  <member type="way" ref="41413068" role="outer"/>
  <member type="way" ref="1547824600" role="outer"/>
  <member type="way" ref="1547824601" role="outer"/>
  <member type="way" ref="659790232" role="outer"/>
  <member type="way" ref="659790230" role="outer"/>
  <member type="way" ref="381513511" role="outer"/>
  <member type="way" ref="659790224" role="outer"/>
  <member type="way" ref="659790226" role="outer"/>
  <member type="way" ref="1557508606" role="outer"/>
  <member type="way" ref="1557508607" role="outer"/>
  <member type="way" ref="1557508604" role="outer"/>
  <member type="way" ref="1557508605" role="outer"/>
  <member type="way" ref="41412382" role="outer"/>
  <member type="way" ref="392723690" role="outer"/>
  <member type="way" ref="111843638" role="outer"/>
  <member type="way" ref="856069759" role="outer"/>
  <member type="way" ref="659620252" role="outer"/>
  <member type="way" ref="659620253" role="outer"/>
  <member type="way" ref="659620251" role="outer"/>
  <member type="way" ref="314789122" role="outer"/>
  <member type="way" ref="35766832" role="outer"/>
  <member type="way" ref="267238372" role="outer"/>
  <member type="way" ref="860197984" role="outer"/>
  <member type="way" ref="35567173" role="outer"/>
  <member type="way" ref="695866119" role="outer"/>
  <member type="way" ref="111699563" role="outer"/>
  <member type="way" ref="43309952" role="outer"/>
  <member type="way" ref="40791016" role="outer"/>
  <member type="way" ref="645479247" role="outer"/>
  <member type="way" ref="777006876" role="outer"/>
  <member type="way" ref="645474772" role="outer"/>
  <member type="way" ref="520433812" role="outer"/>
  <member type="way" ref="520433813" role="outer"/>
  <member type="way" ref="494813399" role="outer"/>
  <member type="way" ref="494365310" role="outer"/>
  <member type="way" ref="494365309" role="outer"/>
  <member type="way" ref="1267017886" role="outer"/>
  <member type="way" ref="494365315" role="outer"/>
  <member type="way" ref="494365274" role="outer"/>
  <member type="way" ref="1441747912" role="outer"/>
  <member type="way" ref="1441747909" role="outer"/>
  <member type="way" ref="494365312" role="outer"/>
  <member type="way" ref="494348096" role="outer"/>
  <member type="way" ref="494348089" role="outer"/>
  <member type="way" ref="1441747907" role="outer"/>
  <member type="way" ref="494348085" role="outer"/>
  <member type="way" ref="494505286" role="outer"/>
  <member type="way" ref="1525957374" role="outer"/>
  <member type="way" ref="494505285" role="outer"/>
  <member type="way" ref="1525957378" role="outer"/>
  <member type="way" ref="1525957377" role="outer"/>
  <member type="way" ref="1525957379" role="outer"/>
  <member type="way" ref="1525957386" role="outer"/>
  <member type="way" ref="1525957376" role="outer"/>
  <member type="way" ref="1525957375" role="outer"/>
  <member type="way" ref="494616291" role="outer"/>
  <member type="way" ref="1525957384" role="outer"/>
  <member type="way" ref="1525957385" role="outer"/>
  <member type="way" ref="881695998" role="outer"/>
  <member type="way" ref="1525957383" role="outer"/>
  <member type="way" ref="1525957382" role="outer"/>
  <member type="way" ref="494616254" role="outer"/>
  <member type="way" ref="1525957381" role="outer"/>
  <member type="way" ref="494616200" role="outer"/>
  <member type="way" ref="1525957380" role="outer"/>
  <member type="way" ref="494616339" role="outer"/>
  <member type="way" ref="1537852401" role="outer"/>
  <member type="way" ref="494616223" role="outer"/>
  <member type="way" ref="495124064" role="outer"/>
  <member type="way" ref="1537852393" role="outer"/>
  <member type="way" ref="1537852392" role="outer"/>
  <member type="way" ref="495124065" role="outer"/>
  <member type="way" ref="495124071" role="outer"/>
  <member type="way" ref="495124063" role="outer"/>
  <member type="way" ref="40342803" role="outer"/>
  <member type="way" ref="165347885" role="outer"/>
  <member type="way" ref="443728510" role="outer"/>
  <member type="way" ref="443728772" role="outer"/>
  <member type="way" ref="37221955" role="outer"/>
  <member type="way" ref="496042803" role="outer"/>
  <member type="way" ref="496042797" role="outer"/>
  <member type="way" ref="496042805" role="outer"/>
  <member type="way" ref="496042804" role="outer"/>
  <member type="way" ref="496042801" role="outer"/>
  <member type="way" ref="1540193040" role="outer"/>
  <member type="way" ref="1540193038" role="outer"/>
  <member type="way" ref="1540193039" role="outer"/>
  <member type="way" ref="1540193041" role="outer"/>
  <member type="way" ref="496042802" role="outer"/>
  <member type="way" ref="1540193045" role="outer"/>
  <member type="way" ref="1540193046" role="outer"/>
  <member type="way" ref="1540193044" role="outer"/>
  <member type="way" ref="1540193043" role="outer"/>
  <member type="way" ref="750250979" role="outer"/>
  <member type="way" ref="443728773" role="outer"/>
  <member type="way" ref="1238678924" role="outer"/>
  <member type="way" ref="1540193010" role="outer"/>
  <member type="way" ref="1540193009" role="outer"/>
  <member type="way" ref="225792265" role="outer"/>
  <member type="way" ref="244456553" role="outer"/>
  <member type="way" ref="1238678923" role="outer"/>
  <member type="way" ref="227668240" role="outer"/>
  <member type="way" ref="1538795723" role="outer"/>
  <member type="way" ref="1538795719" role="outer"/>
  <member type="way" ref="1537337166" role="outer"/>
  <member type="way" ref="227335684" role="outer"/>
  <member type="way" ref="1538795730" role="outer"/>
  <member type="way" ref="1538795731" role="outer"/>
  <member type="way" ref="1537337167" role="outer"/>
  <member type="way" ref="1537337168" role="outer"/>
  <member type="way" ref="1537337169" role="outer"/>
  <member type="way" ref="1537337173" role="outer"/>
  <member type="way" ref="1537337172" role="outer"/>
  <member type="way" ref="1537337171" role="outer"/>
  <member type="way" ref="1537337170" role="outer"/>
  <member type="way" ref="226620157" role="outer"/>
  <member type="way" ref="1529904949" role="outer"/>
  <member type="way" ref="1238473871" role="outer"/>
  <member type="way" ref="1529904944" role="outer"/>
  <member type="way" ref="1529904946" role="outer"/>
  <member type="way" ref="1529904945" role="outer"/>
  <member type="way" ref="1537337177" role="outer"/>
  <member type="way" ref="1537337178" role="outer"/>
  <member type="way" ref="1238505496" role="outer"/>
  <member type="way" ref="1537337175" role="outer"/>
  <member type="way" ref="1537337176" role="outer"/>
  <member type="way" ref="1238505495" role="outer"/>
  <member type="way" ref="1238505497" role="outer"/>
  <member type="way" ref="462883341" role="outer"/>
  <member type="way" ref="462883340" role="outer"/>
  <member type="way" ref="39201381" role="outer"/>
  <member type="way" ref="1520989103" role="outer"/>
  <member type="way" ref="1537869268" role="outer"/>
  <member type="way" ref="867803106" role="outer"/>
  <member type="way" ref="1530738320" role="outer"/>
  <member type="way" ref="1530738319" role="outer"/>
  <member type="way" ref="226614083" role="outer"/>
  <member type="way" ref="121752106" role="outer"/>
  <member type="way" ref="867107904" role="outer"/>
  <member type="way" ref="40645305" role="outer"/>
  <member type="way" ref="867803107" role="outer"/>
  <member type="way" ref="1528960626" role="outer"/>
  <member type="way" ref="1528960623" role="outer"/>
  <member type="way" ref="1528960624" role="outer"/>
  <member type="way" ref="1528960627" role="outer"/>
  <member type="way" ref="1528960625" role="outer"/>
  <member type="way" ref="1235954738" role="outer"/>
  <member type="way" ref="1235954737" role="outer"/>
  <member type="way" ref="1235962742" role="outer"/>
  <member type="way" ref="1235962744" role="outer"/>
  <member type="way" ref="1235962743" role="outer"/>
  <member type="way" ref="54614885" role="outer"/>
  <member type="way" ref="1235962745" role="outer"/>
  <member type="way" ref="1235962746" role="outer"/>
  <member type="way" ref="1235962747" role="outer"/>
  <member type="way" ref="1235962748" role="outer"/>
  <member type="way" ref="1527695150" role="outer"/>
  <member type="way" ref="1527695149" role="outer"/>
  <member type="way" ref="1527695151" role="outer"/>
  <member type="way" ref="1527695156" role="outer"/>
  <member type="way" ref="1527695169" role="outer"/>
  <member type="way" ref="1527695170" role="outer"/>
  <member type="way" ref="1527695171" role="outer"/>
  <member type="way" ref="1527695174" role="outer"/>
  <member type="way" ref="1527695173" role="outer"/>
  <member type="way" ref="1527695168" role="outer"/>
  <member type="way" ref="1527695167" role="outer"/>
  <member type="way" ref="1527695152" role="outer"/>
  <member type="way" ref="1527695153" role="outer"/>
  <member type="way" ref="228287680" role="outer"/>
  <member type="way" ref="1531122202" role="outer"/>
  <member type="way" ref="1531122201" role="outer"/>
  <member type="way" ref="42207728" role="outer"/>
  <member type="way" ref="659597908" role="outer"/>
  <member type="way" ref="659597909" role="outer"/>
  <member type="way" ref="1468131859" role="outer"/>
  <member type="way" ref="54614879" role="outer"/>
  <member type="way" ref="1468131855" role="outer"/>
  <member type="way" ref="1536668483" role="outer"/>
  <member type="way" ref="1536668482" role="outer"/>
  <member type="way" ref="228287679" role="outer"/>
  <member type="way" ref="1536668481" role="outer"/>
  <member type="way" ref="1536668480" role="outer"/>
  <member type="way" ref="1535715212" role="outer"/>
  <member type="way" ref="1535715213" role="outer"/>
  <member type="way" ref="1535715214" role="outer"/>
  <member type="way" ref="1535715215" role="outer"/>
  <member type="way" ref="1535715219" role="outer"/>
  <member type="way" ref="1535715220" role="outer"/>
  <member type="way" ref="1535715221" role="outer"/>
  <member type="way" ref="1535715226" role="outer"/>
  <member type="way" ref="1535715222" role="outer"/>
  <member type="way" ref="1535715223" role="outer"/>
  <member type="way" ref="1535715224" role="outer"/>
  <member type="way" ref="1535715225" role="outer"/>
  <member type="way" ref="1535715227" role="outer"/>
  <member type="way" ref="1535715228" role="outer"/>
  <member type="way" ref="1535715229" role="outer"/>
  <member type="way" ref="1535715230" role="outer"/>
  <member type="way" ref="40931658" role="outer"/>
  <member type="way" ref="202034189" role="outer"/>
  <member type="way" ref="1526544319" role="outer"/>
  <member type="way" ref="191618148" role="outer"/>
  <member type="way" ref="1237450970" role="outer"/>
  <member type="way" ref="1526544322" role="outer"/>
  <member type="way" ref="1526544323" role="outer"/>
  <member type="way" ref="1240657705" role="outer"/>
  <member type="way" ref="1240657706" role="outer"/>
  <member type="way" ref="1238239859" role="outer"/>
  <member type="way" ref="1238239860" role="outer"/>
  <member type="way" ref="1526544329" role="outer"/>
  <member type="way" ref="1237450969" role="outer"/>
  <member type="way" ref="41003098" role="outer"/>
  <member type="way" ref="1237450977" role="outer"/>
  <member type="way" ref="1237450978" role="outer"/>
  <member type="way" ref="1526544336" role="outer"/>
  <member type="way" ref="1526544337" role="outer"/>
  <member type="way" ref="1526544338" role="outer"/>
  <member type="way" ref="1526544343" role="outer"/>
  <member type="way" ref="1526544344" role="outer"/>
  <member type="way" ref="1526544345" role="outer"/>
  <member type="way" ref="1526544346" role="outer"/>
  <member type="way" ref="1526544350" role="outer"/>
  <member type="way" ref="1526544351" role="outer"/>
  <member type="way" ref="1526544348" role="outer"/>
  <member type="way" ref="1526544347" role="outer"/>
  <member type="way" ref="520430373" role="outer"/>
  <member type="way" ref="496021217" role="outer"/>
  <member type="way" ref="496021211" role="outer"/>
  <member type="way" ref="657444559" role="outer"/>
  <member type="way" ref="658948669" role="outer"/>
  <member type="way" ref="658948674" role="outer"/>
  <member type="way" ref="496021190" role="outer"/>
  <member type="way" ref="567565257" role="outer"/>
  <member type="way" ref="1226122728" role="outer"/>
  <member type="way" ref="567565258" role="outer"/>
  <member type="way" ref="1226122729" role="outer"/>
  <member type="way" ref="1226344457" role="outer"/>
  <member type="way" ref="496021177" role="outer"/>
  <member type="way" ref="1526202629" role="outer"/>
  <member type="way" ref="1526202630" role="outer"/>
  <member type="way" ref="657444558" role="outer"/>
  <member type="way" ref="1526202625" role="outer"/>
  <member type="way" ref="1526202618" role="outer"/>
  <member type="way" ref="248144001" role="outer"/>
  <member type="way" ref="41057336" role="outer"/>
  <member type="way" ref="1526202588" role="outer"/>
  <member type="way" ref="248143999" role="outer"/>
  <member type="way" ref="1526202617" role="outer"/>
  <member type="way" ref="248143997" role="outer"/>
  <member type="way" ref="1526202616" role="outer"/>
  <member type="way" ref="567565256" role="outer"/>
  <member type="way" ref="567565253" role="outer"/>
  <member type="way" ref="567565254" role="outer"/>
  <member type="way" ref="567565255" role="outer"/>
  <member type="way" ref="41164626" role="outer"/>
  <member type="way" ref="248144003" role="outer"/>
  <member type="way" ref="1526202615" role="outer"/>
  <member type="way" ref="191955520" role="outer"/>
  <member type="way" ref="1425705490" role="outer"/>
  <member type="way" ref="1526202611" role="outer"/>
  <member type="way" ref="1526202610" role="outer"/>
  <member type="way" ref="1526202609" role="outer"/>
  <member type="way" ref="1526202608" role="outer"/>
  <member type="way" ref="1526202606" role="outer"/>
  <member type="way" ref="191618149" role="outer"/>
  <member type="way" ref="1526234464" role="outer"/>
  <member type="way" ref="1526234463" role="outer"/>
  <member type="way" ref="569815730" role="outer"/>
  <member type="way" ref="1526234473" role="outer"/>
  <member type="way" ref="1526234466" role="outer"/>
  <member type="way" ref="1526234465" role="outer"/>
  <member type="way" ref="1526234467" role="outer"/>
  <member type="way" ref="569815734" role="outer"/>
  <member type="way" ref="183021269" role="outer"/>
  <member type="way" ref="853100615" role="outer"/>
  <member type="way" ref="1526234461" role="outer"/>
  <member type="way" ref="1526234462" role="outer"/>
  <member type="way" ref="1526254705" role="outer"/>
  <member type="way" ref="1526254704" role="outer"/>
  <member type="way" ref="343137291" role="outer"/>
  <member type="way" ref="659425303" role="outer"/>
  <member type="way" ref="1526254702" role="outer"/>
  <member type="way" ref="1526254703" role="outer"/>
  <member type="way" ref="853100614" role="outer"/>
  <member type="way" ref="659425304" role="outer"/>
  <member type="way" ref="198822611" role="outer"/>
  <member type="way" ref="191657647" role="outer"/>
  <member type="way" ref="1526254716" role="outer"/>
  <member type="way" ref="1526254717" role="outer"/>
  <member type="way" ref="1526254718" role="outer"/>
  <member type="way" ref="1526254719" role="outer"/>
  <member type="way" ref="43305960" role="outer"/>
  <member type="way" ref="1526254720" role="outer"/>
  <member type="way" ref="659429005" role="outer"/>
  <member type="way" ref="1526254714" role="outer"/>
  <member type="way" ref="1526254715" role="outer"/>
  <member type="way" ref="659429002" role="outer"/>
  <member type="way" ref="659429004" role="outer"/>
  <member type="way" ref="1526254713" role="outer"/>
  <member type="way" ref="1526254712" role="outer"/>
  <member type="way" ref="368184639" role="outer"/>
  <member type="way" ref="368184640" role="outer"/>
  <member type="way" ref="368191130" role="outer"/>
  <member type="way" ref="196679998" role="outer"/>
  <member type="way" ref="368191129" role="outer"/>
  <member type="way" ref="842830193" role="outer"/>
  <member type="way" ref="860854710" role="outer"/>
  <member type="way" ref="842830192" role="outer"/>
  <member type="way" ref="860854706" role="outer"/>
  <member type="way" ref="191657648" role="outer"/>
  <member type="way" ref="456814775" role="outer"/>
  <member type="way" ref="128443821" role="outer"/>
  <member type="way" ref="204431111" role="outer"/>
  <member type="way" ref="822947811" role="outer"/>
  <member type="way" ref="822947809" role="outer"/>
  <member type="way" ref="823220640" role="outer"/>
  <member type="way" ref="826197407" role="outer"/>
  <member type="way" ref="1526810252" role="outer"/>
  <member type="way" ref="1526810251" role="outer"/>
  <member type="way" ref="1526810249" role="outer"/>
  <member type="way" ref="1526810250" role="outer"/>
  <member type="way" ref="1526810247" role="outer"/>
  <member type="way" ref="1526810248" role="outer"/>
  <member type="way" ref="191657645" role="outer"/>
  <member type="way" ref="826197404" role="outer"/>
  <member type="way" ref="823220633" role="outer"/>
  <member type="way" ref="823220641" role="outer"/>
  <member type="way" ref="456809231" role="outer"/>
  <member type="way" ref="812659011" role="outer"/>
  <member type="way" ref="826197411" role="outer"/>
  <member type="way" ref="823261631" role="outer"/>
  <member type="way" ref="825992957" role="outer"/>
  <member type="way" ref="823269831" role="outer"/>
  <member type="way" ref="823573282" role="outer"/>
  <member type="way" ref="812659017" role="outer"/>
  <member type="way" ref="812659014" role="outer"/>
  <member type="way" ref="823573278" role="outer"/>
  <member type="way" ref="456809232" role="outer"/>
  <member type="way" ref="823573276" role="outer"/>
  <member type="way" ref="1227074343" role="outer"/>
  <member type="way" ref="659803349" role="outer"/>
  <member type="way" ref="659803348" role="outer"/>
  <member type="way" ref="659803346" role="outer"/>
  <member type="way" ref="812648224" role="outer"/>
  <member type="way" ref="460962248" role="outer"/>
  <member type="way" ref="823573275" role="outer"/>
  <member type="way" ref="823607389" role="outer"/>
  <member type="way" ref="825973890" role="outer"/>
  <member type="way" ref="220888685" role="outer"/>
  <member type="way" ref="824180206" role="outer"/>
  <member type="way" ref="753942736" role="outer"/>
  <member type="way" ref="825973886" role="outer"/>
  <member type="way" ref="660825589" role="outer"/>
  <member type="way" ref="131665536" role="outer"/>
  <member type="way" ref="660825591" role="outer"/>
  <member type="way" ref="660825592" role="outer"/>
  <member type="way" ref="825936424" role="outer"/>
  <member type="way" ref="204431106" role="outer"/>
  <member type="way" ref="131908812" role="outer"/>
  <member type="way" ref="746988204" role="outer"/>
  <member type="way" ref="824710129" role="outer"/>
  <member type="way" ref="191708814" role="outer"/>
  <member type="way" ref="824710126" role="outer"/>
  <member type="way" ref="198130988" role="outer"/>
  <member type="way" ref="133042561" role="outer"/>
  <member type="way" ref="133040587" role="outer"/>
  <member type="way" ref="824710119" role="outer"/>
  <member type="way" ref="335279149" role="outer"/>
  <member type="way" ref="746957626" role="outer"/>
  <member type="way" ref="1557529539" role="outer"/>
  <member type="way" ref="133576948" role="outer"/>
  <member type="way" ref="133040586" role="outer"/>
  <member type="way" ref="824969650" role="outer"/>
  <member type="way" ref="746957622" role="outer"/>
  <member type="way" ref="860821784" role="outer"/>
  <member type="way" ref="824988409" role="outer"/>
  <member type="way" ref="860821785" role="outer"/>
  <member type="way" ref="660809020" role="outer"/>
  <member type="way" ref="1125948157" role="outer"/>
  <member type="way" ref="1125948165" role="outer"/>
  <member type="way" ref="1125948148" role="outer"/>
  <member type="way" ref="1125948164" role="outer"/>
  <member type="way" ref="1125948162" role="outer"/>
  <member type="way" ref="1125948161" role="outer"/>
  <member type="way" ref="1125948159" role="outer"/>
  <member type="way" ref="1125948147" role="outer"/>
  <member type="way" ref="824988436" role="outer"/>
  <member type="way" ref="660809019" role="outer"/>
  <member type="way" ref="133885049" role="outer"/>
  <member type="way" ref="746640727" role="outer"/>
  <member type="way" ref="204431116" role="outer"/>
  <member type="way" ref="746640725" role="outer"/>
  <member type="way" ref="661618249" role="outer"/>
  <member type="way" ref="747140598" role="outer"/>
  <member type="way" ref="660365621" role="outer"/>
  <member type="way" ref="742180847" role="outer"/>
  <member type="way" ref="1539622129" role="outer"/>
  <member type="way" ref="1539622130" role="outer"/>
  <member type="way" ref="1539622131" role="outer"/>
  <member type="way" ref="1539622115" role="outer"/>
  <member type="way" ref="1539622116" role="outer"/>
  <member type="way" ref="1539622132" role="outer"/>
  <member type="way" ref="1539622110" role="outer"/>
  <member type="way" ref="847018293" role="outer"/>
  <member type="way" ref="1539622109" role="outer"/>
  <member type="way" ref="783750787" role="outer"/>
  <member type="way" ref="1539622108" role="outer"/>
  <member type="way" ref="1539622107" role="outer"/>
  <member type="way" ref="1539622106" role="outer"/>
  <member type="way" ref="141198685" role="outer"/>
  <member type="way" ref="1539622105" role="outer"/>
  <member type="way" ref="783750788" role="outer"/>
  <member type="way" ref="194755895" role="outer"/>
  <member type="way" ref="749807289" role="outer"/>
  <member type="way" ref="822675497" role="outer"/>
  <member type="way" ref="1560435243" role="outer"/>
  <member type="way" ref="194755896" role="outer"/>
  <member type="way" ref="1560435242" role="outer"/>
  <member type="way" ref="1560435251" role="outer"/>
  <member type="way" ref="1560435244" role="outer"/>
  <member type="way" ref="192582160" role="outer"/>
  <member type="way" ref="1560435245" role="outer"/>
  <member type="way" ref="1560435226" role="outer"/>
  <member type="way" ref="1282045995" role="outer"/>
  <member type="way" ref="1560435229" role="outer"/>
  <member type="way" ref="1560435230" role="outer"/>
  <member type="way" ref="192582161" role="outer"/>
  <member type="way" ref="1560435240" role="outer"/>
  <member type="way" ref="1560435241" role="outer"/>
  <member type="way" ref="1560435239" role="outer"/>
  <member type="way" ref="1560435236" role="outer"/>
  <member type="way" ref="1560435237" role="outer"/>
  <member type="way" ref="35567419" role="outer"/>
  <member type="way" ref="1560435238" role="outer"/>
  <member type="way" ref="362875633" role="outer"/>
  <member type="way" ref="362875636" role="outer"/>
  <member type="way" ref="344925564" role="outer"/>
  <member type="way" ref="1083436057" role="outer"/>
  <member type="way" ref="197951123" role="outer"/>
  <member type="way" ref="194604780" role="outer"/>
  <member type="way" ref="194656687" role="outer"/>
  <member type="way" ref="344928203" role="outer"/>
  <member type="way" ref="822352918" role="outer"/>
  <member type="way" ref="228881376" role="outer"/>
  <member type="way" ref="715619303" role="outer"/>
  <member type="way" ref="628688430" role="outer"/>
  <member type="way" ref="194656688" role="outer"/>
  <member type="way" ref="715619302" role="outer"/>
  <member type="way" ref="337837168" role="outer"/>
  <member type="way" ref="494337815" role="outer"/>
  <member type="way" ref="780233771" role="outer"/>
  <member type="way" ref="494337817" role="outer"/>
  <member type="way" ref="494337816" role="outer"/>
  <member type="way" ref="228889817" role="outer"/>
  <member type="way" ref="659408390" role="outer"/>
  <member type="way" ref="741896355" role="outer"/>
  <member type="way" ref="659408389" role="outer"/>
  <member type="way" ref="197961755" role="outer"/>
  <member type="way" ref="659408386" role="outer"/>
  <member type="way" ref="659408387" role="outer"/>
  <member type="way" ref="659408385" role="outer"/>
  <member type="way" ref="1148707605" role="outer"/>
  <member type="way" ref="1148707609" role="outer"/>
  <member type="way" ref="1148707604" role="outer"/>
  <member type="way" ref="1148707610" role="outer"/>
  <member type="way" ref="360829097" role="outer"/>
  <member type="way" ref="859033256" role="outer"/>
  <member type="way" ref="1148707606" role="outer"/>
  <member type="way" ref="1148707600" role="outer"/>
  <member type="way" ref="780253238" role="outer"/>
  <member type="way" ref="339103497" role="outer"/>
  <member type="way" ref="780253237" role="outer"/>
  <member type="way" ref="364286870" role="outer"/>
  <member type="way" ref="364286872" role="outer"/>
  <member type="way" ref="780253235" role="outer"/>
  <member type="way" ref="364286871" role="outer"/>
  <member type="way" ref="320736718" role="outer"/>
  <member type="way" ref="486287145" role="outer"/>
  <member type="way" ref="859398528" role="outer"/>
  <member type="way" ref="486287166" role="outer"/>
  <member type="way" ref="390865042" role="outer"/>
  <member type="way" ref="780253234" role="outer"/>
  <member type="way" ref="390865043" role="outer"/>
  <member type="way" ref="783469436" role="outer"/>
  <member type="way" ref="494339808" role="outer"/>
  <member type="way" ref="494339809" role="outer"/>
  <member type="way" ref="494339807" role="outer"/>
  <member type="way" ref="1279843698" role="outer"/>
  <member type="way" ref="1279843697" role="outer"/>
  <member type="way" ref="494324804" role="outer"/>
  <member type="way" ref="1278647222" role="outer"/>
  <member type="way" ref="859355359" role="outer"/>
  <member type="way" ref="320736711" role="outer"/>
  <member type="way" ref="1032971271" role="outer"/>
  <member type="way" ref="1256731864" role="outer"/>
  <member type="way" ref="340024650" role="outer"/>
  <member type="way" ref="1256781287" role="outer"/>
  <member type="way" ref="1256781285" role="outer"/>
  <member type="way" ref="146851560" role="outer"/>
  <member type="way" ref="340037402" role="outer"/>
  <member type="way" ref="228287327" role="outer"/>
  <member type="way" ref="659398234" role="outer"/>
  <member type="way" ref="659398250" role="outer"/>
  <member type="way" ref="658987006" role="outer"/>
  <member type="way" ref="228330106" role="outer"/>
  <member type="way" ref="859029875" role="outer"/>
  <member type="way" ref="658987007" role="outer"/>
  <member type="way" ref="659262368" role="outer"/>
  <member type="way" ref="659262367" role="outer"/>
  <member type="way" ref="859028522" role="outer"/>
  <member type="way" ref="660778446" role="outer"/>
  <member type="way" ref="660793579" role="outer"/>
  <member type="way" ref="360261706" role="outer"/>
  <member type="way" ref="360261705" role="outer"/>
  <member type="way" ref="360262197" role="outer"/>
  <member type="way" ref="491828612" role="outer"/>
  <member type="way" ref="360262198" role="outer"/>
  <member type="way" ref="1258390963" role="outer"/>
  <member type="way" ref="1258390962" role="outer"/>
  <member type="way" ref="660645633" role="outer"/>
  <member type="way" ref="1263573104" role="outer"/>
  <member type="way" ref="1136879125" role="outer"/>
  <member type="way" ref="1136879124" role="outer"/>
  <member type="way" ref="228329679" role="outer"/>
  <member type="way" ref="1278659622" role="outer"/>
  <member type="way" ref="1278659620" role="outer"/>
  <member type="way" ref="399771638" role="outer"/>
  <member type="way" ref="399771618" role="outer"/>
  <member type="way" ref="399771696" role="outer"/>
  <member type="way" ref="360264507" role="outer"/>
  <member type="way" ref="360264509" role="outer"/>
  <member type="way" ref="146849903" role="outer"/>
  <member type="way" ref="339282708" role="outer"/>
  <member type="way" ref="1238741165" role="outer"/>
  <member type="way" ref="1238741166" role="outer"/>
  <member type="way" ref="1238741167" role="outer"/>
  <member type="way" ref="1344741698" role="outer"/>
  <member type="way" ref="341044560" role="outer"/>
  <member type="way" ref="159619943" role="outer"/>
  <member type="way" ref="146819483" role="outer"/>
  <member type="way" ref="658051195" role="outer"/>
  <member type="way" ref="257379356" role="outer"/>
  <member type="way" ref="399136472" role="outer"/>
  <member type="way" ref="760617476" role="outer"/>
  <member type="way" ref="760617477" role="outer"/>
  <member type="way" ref="760617478" role="outer"/>
  <member type="way" ref="760617479" role="outer"/>
  <member type="way" ref="494328284" role="outer"/>
  <member type="way" ref="494328286" role="outer"/>
  <member type="way" ref="494328285" role="outer"/>
  <member type="way" ref="337749271" role="outer"/>
  <member type="way" ref="760617481" role="outer"/>
  <member type="way" ref="198987226" role="outer"/>
  <member type="way" ref="318993439" role="outer"/>
  <member type="way" ref="760617480" role="outer"/>
  <member type="way" ref="318993438" role="outer"/>
  <member type="way" ref="494334757" role="outer"/>
  <member type="way" ref="494334758" role="outer"/>
  <member type="way" ref="659266390" role="outer"/>
  <member type="way" ref="1258522357" role="outer"/>
  <member type="way" ref="206411960" role="outer"/>
  <member type="way" ref="659266389" role="outer"/>
  <member type="way" ref="737624868" role="outer"/>
  <member type="way" ref="234174442" role="outer"/>
  <member type="way" ref="737618795" role="outer"/>
  <member type="way" ref="206614299" role="outer"/>
  <member type="way" ref="821975518" role="outer"/>
  <member type="way" ref="206614066" role="outer"/>
  <member type="way" ref="821982081" role="outer"/>
  <member type="way" ref="234174443" role="outer"/>
  <member type="way" ref="737618800" role="outer"/>
  <member type="way" ref="206436682" role="outer"/>
  <member type="way" ref="206436683" role="outer"/>
  <member type="way" ref="206437841" role="outer"/>
  <member type="way" ref="360265363" role="outer"/>
  <member type="way" ref="658627547" role="outer"/>
  <member type="way" ref="341030047" role="outer"/>
  <member type="way" ref="738004076" role="outer"/>
  <member type="way" ref="658632993" role="outer"/>
  <member type="way" ref="638571317" role="outer"/>
  <member type="way" ref="778846892" role="outer"/>
  <member type="way" ref="206452855" role="outer"/>
  <member type="way" ref="659849987" role="outer"/>
  <member type="way" ref="659850001" role="outer"/>
  <member type="way" ref="659849979" role="outer"/>
  <member type="way" ref="206452878" role="outer"/>
  <member type="way" ref="338729067" role="outer"/>
  <member type="way" ref="206446254" role="outer"/>
  <member type="way" ref="341077765" role="outer"/>
  <member type="way" ref="779884113" role="outer"/>
  <member type="way" ref="412561019" role="outer"/>
  <member type="way" ref="492211877" role="outer"/>
  <member type="way" ref="779884111" role="outer"/>
  <member type="way" ref="364451506" role="outer"/>
  <member type="way" ref="778846891" role="outer"/>
  <member type="way" ref="1136546917" role="outer"/>
  <member type="way" ref="638571324" role="outer"/>
  <member type="way" ref="779892446" role="outer"/>
  <member type="way" ref="779892448" role="outer"/>
  <member type="way" ref="655813920" role="outer"/>
  <member type="way" ref="742196997" role="outer"/>
  <member type="way" ref="412561018" role="outer"/>
  <member type="way" ref="453432961" role="outer"/>
  <member type="way" ref="410368381" role="outer"/>
  <member type="way" ref="1534121683" role="outer"/>
  <member type="way" ref="659435028" role="outer"/>
  <member type="way" ref="1534121684" role="outer"/>
  <member type="way" ref="1534121688" role="outer"/>
  <member type="way" ref="1533804396" role="outer"/>
  <member type="way" ref="1533373913" role="outer"/>
  <member type="way" ref="1533373910" role="outer"/>
  <member type="way" ref="1533373909" role="outer"/>
  <member type="way" ref="659435025" role="outer"/>
  <member type="way" ref="1533373907" role="outer"/>
  <member type="way" ref="1533373921" role="outer"/>
  <member type="way" ref="1533373925" role="outer"/>
  <member type="way" ref="1533373926" role="outer"/>
  <member type="way" ref="1533373927" role="outer"/>
  <member type="way" ref="1533373922" role="outer"/>
  <member type="way" ref="659435019" role="outer"/>
  <member type="way" ref="1533373934" role="outer"/>
  <member type="way" ref="712068329" role="outer"/>
  <member type="way" ref="712068328" role="outer"/>
  <member type="way" ref="712068321" role="outer"/>
  <member type="way" ref="1533373932" role="outer"/>
  <member type="way" ref="364451529" role="outer"/>
  <member type="way" ref="712068314" role="outer"/>
  <member type="way" ref="712068315" role="outer"/>
  <member type="way" ref="712068317" role="outer"/>
  <member type="way" ref="712068330" role="outer"/>
  <member type="way" ref="1534121678" role="outer"/>
  <member type="way" ref="1533373952" role="outer"/>
  <member type="way" ref="712068318" role="outer"/>
  <member type="way" ref="492873586" role="outer"/>
  <member type="way" ref="364451522" role="outer"/>
  <member type="way" ref="364451615" role="outer"/>
  <member type="way" ref="273358429" role="outer"/>
  <member type="way" ref="1145224770" role="outer"/>
  <member type="way" ref="818872085" role="outer"/>
  <member type="way" ref="1145224769" role="outer"/>
  <member type="way" ref="819197321" role="outer"/>
  <member type="way" ref="492873585" role="outer"/>
  <member type="way" ref="1533324924" role="outer"/>
  <member type="way" ref="1533324921" role="outer"/>
  <member type="way" ref="1533324923" role="outer"/>
  <member type="way" ref="1533324922" role="outer"/>
  <member type="way" ref="1536034531" role="outer"/>
  <member type="way" ref="364451619" role="outer"/>
  <member type="way" ref="492873584" role="outer"/>
  <member type="way" ref="364451581" role="outer"/>
  <member type="way" ref="492873583" role="outer"/>
  <member type="way" ref="1540152019" role="outer"/>
  <member type="way" ref="492873582" role="outer"/>
  <member type="way" ref="364451600" role="outer"/>
  <member type="way" ref="820504356" role="outer"/>
  <member type="way" ref="206475805" role="outer"/>
  <member type="way" ref="1533324914" role="outer"/>
  <member type="way" ref="655813921" role="outer"/>
  <member type="way" ref="364451584" role="outer"/>
  <member type="way" ref="364451587" role="outer"/>
  <member type="way" ref="274467512" role="outer"/>
  <member type="way" ref="747816319" role="outer"/>
  <member type="way" ref="655813923" role="outer"/>
  <member type="way" ref="206461886" role="outer"/>
  <member type="way" ref="273358430" role="outer"/>
  <member type="way" ref="491727816" role="outer"/>
  <member type="way" ref="409101915" role="outer"/>
  <member type="way" ref="491727817" role="outer"/>
  <member type="way" ref="409101916" role="outer"/>
  <member type="way" ref="395020542" role="outer"/>
  <member type="way" ref="395019725" role="outer"/>
  <member type="way" ref="383380763" role="outer"/>
  <member type="way" ref="381407724" role="outer"/>
  <member type="way" ref="381407723" role="outer"/>
  <member type="way" ref="392919870" role="outer"/>
  <member type="way" ref="603186391" role="outer"/>
  <member type="way" ref="661634461" role="outer"/>
  <member type="way" ref="491727814" role="outer"/>
  <member type="way" ref="658936445" role="outer"/>
  <member type="way" ref="658911663" role="outer"/>
  <member type="way" ref="206410733" role="outer"/>
  <member type="way" ref="658895397" role="outer"/>
  <member type="way" ref="658660013" role="outer"/>
  <member type="way" ref="509331621" role="outer"/>
  <member type="way" ref="509331620" role="outer"/>
  <member type="way" ref="658312487" role="outer"/>
  <member type="way" ref="775573228" role="outer"/>
  <member type="way" ref="658044845" role="outer"/>
  <member type="way" ref="658044838" role="outer"/>
  <member type="way" ref="146701041" role="outer"/>
  <member type="way" ref="658934283" role="outer"/>
  <member type="way" ref="658934261" role="outer"/>
  <member type="way" ref="658934274" role="outer"/>
  <member type="way" ref="658934278" role="outer"/>
  <member type="way" ref="484864601" role="outer"/>
  <member type="way" ref="146700251" role="outer"/>
  <member type="way" ref="484864602" role="outer"/>
  <member type="way" ref="484864603" role="outer"/>
  <member type="way" ref="205694202" role="outer"/>
  <member type="way" ref="737882322" role="outer"/>
  <member type="way" ref="381411947" role="outer"/>
  <member type="way" ref="10854053" role="outer"/>
  <member type="way" ref="437261267" role="outer"/>
  <member type="way" ref="381411946" role="outer"/>
  <member type="way" ref="146711600" role="outer"/>
  <member type="way" ref="146711601" role="outer"/>
  <member type="way" ref="453441462" role="outer"/>
  <member type="way" ref="1030238671" role="outer"/>
  <member type="way" ref="365213339" role="outer"/>
  <member type="way" ref="542138021" role="outer"/>
  <member type="way" ref="365213338" role="outer"/>
  <member type="way" ref="365213343" role="outer"/>
  <member type="way" ref="365213342" role="outer"/>
  <member type="way" ref="777798662" role="outer"/>
  <member type="way" ref="365213341" role="outer"/>
  <member type="way" ref="238410773" role="outer"/>
  <member type="way" ref="542138022" role="outer"/>
  <member type="way" ref="365213340" role="outer"/>
  <member type="way" ref="197732137" role="outer"/>
  <member type="way" ref="817928150" role="outer"/>
  <member type="way" ref="146584507" role="outer"/>
  <member type="way" ref="775367471" role="outer"/>
  <member type="way" ref="817928153" role="outer"/>
  <member type="way" ref="145812443" role="outer"/>
  <member type="way" ref="817871608" role="outer"/>
  <member type="way" ref="411879484" role="outer"/>
  <member type="way" ref="817928160" role="outer"/>
  <member type="way" ref="568584692" role="outer"/>
  <member type="way" ref="363531474" role="outer"/>
  <member type="way" ref="541646289" role="outer"/>
  <member type="way" ref="302960209" role="outer"/>
  <member type="way" ref="1047696148" role="outer"/>
  <member type="way" ref="1047696147" role="outer"/>
  <member type="way" ref="1047696146" role="outer"/>
  <member type="way" ref="1115386305" role="outer"/>
  <member type="way" ref="1115386304" role="outer"/>
  <member type="way" ref="1047696145" role="outer"/>
  <member type="way" ref="1047696144" role="outer"/>
  <member type="way" ref="1047696143" role="outer"/>
  <member type="way" ref="1047696142" role="outer"/>
  <member type="way" ref="1047696141" role="outer"/>
  <member type="way" ref="1047696149" role="outer"/>
  <member type="way" ref="259109125" role="outer"/>
  <member type="way" ref="406431785" role="outer"/>
  <member type="way" ref="922099087" role="outer"/>
  <member type="way" ref="550674404" role="outer"/>
  <member type="way" ref="406431786" role="outer"/>
  <member type="way" ref="406431787" role="outer"/>
  <member type="way" ref="192164373" role="outer"/>
  <member type="way" ref="119945049" role="outer"/>
  <member type="way" ref="220974713" role="outer"/>
  <member type="way" ref="220940523" role="outer"/>
  <member type="way" ref="119945047" role="outer"/>
  <member type="way" ref="220971955" role="outer"/>
  <member type="way" ref="220962083" role="outer"/>
  <member type="way" ref="219066747" role="outer"/>
  <member type="way" ref="795643487" role="outer"/>
  <member type="way" ref="219300382" role="outer"/>
  <member type="way" ref="121595854" role="outer"/>
  <member type="way" ref="795643486" role="outer"/>
  <member type="way" ref="219297934" role="outer"/>
  <member type="way" ref="213573898" role="outer"/>
  <member type="way" ref="216449101" role="outer"/>
  <member type="way" ref="216261533" role="outer"/>
  <member type="way" ref="215116718" role="outer"/>
  <member type="way" ref="812569093" role="outer"/>
  <member type="way" ref="214817390" role="outer"/>
  <member type="way" ref="214796402" role="outer"/>
  <member type="way" ref="749053106" role="outer"/>
  <member type="way" ref="749053105" role="outer"/>
  <member type="way" ref="210298970" role="outer"/>
  <member type="way" ref="1249319061" role="outer"/>
  <member type="way" ref="210395988" role="outer"/>
  <member type="way" ref="121557397" role="outer"/>
  <member type="way" ref="210638139" role="outer"/>
  <member type="way" ref="210637108" role="outer"/>
  <member type="way" ref="210392982" role="outer"/>
  <member type="way" ref="210637109" role="outer"/>
  <member type="way" ref="208360441" role="outer"/>
  <member type="way" ref="208503131" role="outer"/>
  <member type="way" ref="208621744" role="outer"/>
  <member type="way" ref="119943741" role="outer"/>
  <member type="way" ref="119017116" role="outer"/>
  <member type="way" ref="234460420" role="outer"/>
  <member type="way" ref="659290575" role="outer"/>
  <member type="way" ref="659290578" role="outer"/>
  <member type="way" ref="659290577" role="outer"/>
  <member type="way" ref="659290573" role="outer"/>
  <member type="way" ref="659238761" role="outer"/>
  <member type="way" ref="659238760" role="outer"/>
  <member type="way" ref="659238759" role="outer"/>
  <member type="way" ref="50329406" role="outer"/>
  <member type="way" ref="659238758" role="outer"/>
  <member type="way" ref="659238764" role="outer"/>
  <member type="way" ref="659238765" role="outer"/>
  <member type="way" ref="1251432299" role="outer"/>
  <member type="way" ref="234460419" role="outer"/>
  <member type="way" ref="1251432300" role="outer"/>
  <member type="way" ref="118988242" role="outer"/>
  <member type="way" ref="659288858" role="outer"/>
  <member type="way" ref="659288860" role="outer"/>
  <member type="way" ref="659288859" role="outer"/>
  <member type="way" ref="659288852" role="outer"/>
  <member type="way" ref="659288851" role="outer"/>
  <member type="way" ref="234460421" role="outer"/>
  <member type="way" ref="1352212273" role="outer"/>
  <member type="way" ref="48041867" role="outer"/>
  <member type="way" ref="548593434" role="outer"/>
  <member type="way" ref="671740814" role="outer"/>
  <member type="way" ref="671740815" role="outer"/>
  <member type="way" ref="548593480" role="outer"/>
  <member type="way" ref="234501167" role="outer"/>
  <member type="way" ref="1411915939" role="outer"/>
  <member type="way" ref="234501166" role="outer"/>
  <member type="way" ref="1166027339" role="outer"/>
  <member type="way" ref="671740817" role="outer"/>
  <member type="way" ref="1166027337" role="outer"/>
  <member type="way" ref="671740819" role="outer"/>
  <member type="way" ref="518959072" role="outer"/>
  <member type="way" ref="518959060" role="outer"/>
  <member type="way" ref="234501165" role="outer"/>
  <member type="way" ref="501098404" role="outer"/>
  <member type="way" ref="54750720" role="outer"/>
  <member type="way" ref="235051126" role="outer"/>
  <member type="way" ref="233331226" role="outer"/>
  <member type="way" ref="664542613" role="outer"/>
  <member type="way" ref="507054589" role="outer"/>
  <member type="way" ref="668577212" role="outer"/>
  <member type="way" ref="668577221" role="outer"/>
  <member type="way" ref="54750809" role="outer"/>
  <member type="way" ref="233331227" role="outer"/>
  <member type="way" ref="664535179" role="outer"/>
  <member type="way" ref="426669982" role="outer"/>
  <member type="way" ref="507050158" role="outer"/>
  <member type="way" ref="507050160" role="outer"/>
  <member type="way" ref="507050153" role="outer"/>
  <member type="way" ref="40834474" role="outer"/>
  <member type="way" ref="671740821" role="outer"/>
  <member type="way" ref="671740824" role="outer"/>
  <member type="way" ref="507050154" role="outer"/>
  <member type="way" ref="235081812" role="outer"/>
  <member type="way" ref="1411870840" role="outer"/>
  <member type="way" ref="235081814" role="outer"/>
  <member type="way" ref="40835573" role="outer"/>
  <member type="way" ref="671740827" role="outer"/>
  <member type="way" ref="235832882" role="outer"/>
  <member type="way" ref="1174260870" role="outer"/>
  <member type="way" ref="54750700" role="outer"/>
  <member type="way" ref="1173075914" role="outer"/>
  <member type="way" ref="237322565" role="outer"/>
  <member type="way" ref="1173075913" role="outer"/>
  <member type="way" ref="40835056" role="outer"/>
  <member type="way" ref="40834748" role="outer"/>
  <member type="way" ref="237322564" role="outer"/>
  <member type="way" ref="40834412" role="outer"/>
  <member type="way" ref="238882388" role="outer"/>
  <member type="way" ref="495731037" role="outer"/>
  <member type="way" ref="671740829" role="outer"/>
  <member type="way" ref="40835072" role="outer"/>
  <member type="way" ref="238882387" role="outer"/>
  <member type="way" ref="238882891" role="outer"/>
  <member type="way" ref="40834961" role="outer"/>
  <member type="way" ref="238226477" role="outer"/>
  <member type="way" ref="671740830" role="outer"/>
  <member type="way" ref="40835456" role="outer"/>
  <member type="way" ref="671740831" role="outer"/>
  <member type="way" ref="238268560" role="outer"/>
  <member type="way" ref="671740833" role="outer"/>
  <member type="way" ref="238226476" role="outer"/>
  <member type="way" ref="671740832" role="outer"/>
  <member type="way" ref="40835511" role="outer"/>
  <member type="way" ref="238885036" role="outer"/>
  <member type="way" ref="41682759" role="outer"/>
  <member type="way" ref="527125882" role="outer"/>
  <member type="way" ref="671740834" role="outer"/>
  <member type="way" ref="238885037" role="outer"/>
  <member type="way" ref="40835109" role="outer"/>
  <member type="way" ref="237757438" role="outer"/>
  <member type="way" ref="527125894" role="outer"/>
  <member type="way" ref="40835438" role="outer"/>
  <member type="way" ref="40835087" role="outer"/>
  <member type="way" ref="549174310" role="outer"/>
  <member type="way" ref="671740835" role="outer"/>
  <member type="way" ref="40834662" role="outer"/>
  <member type="way" ref="549174308" role="outer"/>
  <member type="way" ref="268599304" role="outer"/>
  <member type="way" ref="558301390" role="outer"/>
  <member type="way" ref="832332258" role="outer"/>
  <member type="way" ref="268776277" role="outer"/>
  <member type="way" ref="558301392" role="outer"/>
  <member type="way" ref="558301386" role="outer"/>
  <member type="way" ref="558301393" role="outer"/>
  <member type="way" ref="558301388" role="outer"/>
  <member type="way" ref="832332260" role="outer"/>
  <member type="way" ref="152198247" role="outer"/>
  <member type="way" ref="558301383" role="outer"/>
  <member type="way" ref="832685913" role="outer"/>
  <member type="way" ref="231159791" role="outer"/>
  <member type="way" ref="48779813" role="outer"/>
  <member type="way" ref="48780028" role="outer"/>
  <member type="way" ref="1557975292" role="outer"/>
  <member type="way" ref="48780029" role="outer"/>
  <member type="way" ref="48780027" role="outer"/>
  <member type="way" ref="1167097728" role="outer"/>
  <member type="way" ref="48780120" role="outer"/>
  <member type="way" ref="1165088354" role="outer"/>
  <member type="way" ref="558301367" role="outer"/>
  <member type="way" ref="42785996" role="outer"/>
  <member type="way" ref="237615180" role="outer"/>
  <member type="way" ref="592491369" role="outer"/>
  <member type="way" ref="1165091763" role="outer"/>
  <member type="way" ref="42786180" role="outer"/>
  <member type="way" ref="42786117" role="outer"/>
  <member type="way" ref="118524343" role="outer"/>
  <member type="way" ref="1387070045" role="outer"/>
  <member type="way" ref="530860719" role="outer"/>
  <member type="way" ref="530860710" role="outer"/>
  <member type="way" ref="530860713" role="outer"/>
  <member type="way" ref="1096299299" role="outer"/>
  <member type="way" ref="530860716" role="outer"/>
  <member type="way" ref="1186857026" role="outer"/>
  <member type="way" ref="42840454" role="outer"/>
  <member type="way" ref="530860722" role="outer"/>
  <member type="way" ref="530860726" role="outer"/>
  <member type="way" ref="118524344" role="outer"/>
  <member type="way" ref="120372468" role="outer"/>
  <member type="way" ref="275281059" role="outer"/>
  <member type="way" ref="42840398" role="outer"/>
  <member type="way" ref="42840064" role="outer"/>
  <member type="way" ref="237615190" role="outer"/>
  <member type="way" ref="1182452746" role="outer"/>
  <member type="way" ref="1182452745" role="outer"/>
  <member type="way" ref="157246170" role="outer"/>
  <member type="way" ref="439260561" role="outer"/>
  <member type="way" ref="1182452743" role="outer"/>
  <member type="way" ref="439260565" role="outer"/>
  <member type="way" ref="71183548" role="outer"/>
  <member type="way" ref="1165063918" role="outer"/>
  <member type="way" ref="71183550" role="outer"/>
  <member type="way" ref="832377975" role="outer"/>
  <member type="way" ref="237615181" role="outer"/>
  <member type="way" ref="71183551" role="outer"/>
  <member type="way" ref="45733858" role="outer"/>
  <member type="way" ref="290774315" role="outer"/>
  <member type="way" ref="42840005" role="outer"/>
  <member type="way" ref="219298907" role="outer"/>
  <member type="way" ref="237615188" role="outer"/>
  <member type="way" ref="27996034" role="outer"/>
  <member type="way" ref="439630583" role="outer"/>
  <member type="way" ref="202879822" role="outer"/>
  <member type="way" ref="262166336" role="outer"/>
  <member type="way" ref="740287543" role="outer"/>
  <member type="way" ref="48629608" role="outer"/>
  <member type="way" ref="439973529" role="outer"/>
  <member type="way" ref="751868357" role="outer"/>
  <member type="way" ref="444003242" role="outer"/>
  <member type="way" ref="262654935" role="outer"/>
  <member type="way" ref="1283182575" role="outer"/>
  <member type="way" ref="1343432226" role="outer"/>
  <member type="way" ref="444003247" role="outer"/>
  <member type="way" ref="444003246" role="outer"/>
  <member type="way" ref="237615813" role="outer"/>
  <member type="way" ref="237615814" role="outer"/>
  <member type="way" ref="444175191" role="outer"/>
  <member type="way" ref="237616193" role="outer"/>
  <member type="way" ref="237455566" role="outer"/>
  <member type="way" ref="23616552" role="outer"/>
  <member type="way" ref="237474752" role="outer"/>
  <member type="way" ref="237474753" role="outer"/>
  <member type="way" ref="864189023" role="outer"/>
  <member type="way" ref="237455565" role="outer"/>
  <member type="way" ref="238022553" role="outer"/>
  <member type="way" ref="833625195" role="outer"/>
  <member type="way" ref="833625194" role="outer"/>
  <member type="way" ref="1162436526" role="outer"/>
  <member type="way" ref="238022552" role="outer"/>
  <member type="way" ref="238021719" role="outer"/>
  <member type="way" ref="833625196" role="outer"/>
  <member type="way" ref="238021718" role="outer"/>
  <member type="way" ref="1153231352" role="outer"/>
  <member type="way" ref="238021717" role="outer"/>
  <member type="way" ref="238021720" role="outer"/>
  <member type="way" ref="238021721" role="outer"/>
  <member type="way" ref="238021722" role="outer"/>
  <member type="way" ref="238394003" role="outer"/>
  <member type="way" ref="238394001" role="outer"/>
  <member type="way" ref="238394002" role="outer"/>
  <member type="way" ref="833636495" role="outer"/>
  <member type="way" ref="833636494" role="outer"/>
  <member type="way" ref="238363388" role="outer"/>
  <member type="way" ref="864214352" role="outer"/>
  <member type="way" ref="833636488" role="outer"/>
  <member type="way" ref="833636487" role="outer"/>
  <member type="way" ref="238363389" role="outer"/>
  <member type="way" ref="864214353" role="outer"/>
  <member type="way" ref="864186615" role="outer"/>
  <member type="way" ref="422234890" role="outer"/>
  <member type="way" ref="236927014" role="outer"/>
  <member type="way" ref="864185762" role="outer"/>
  <member type="way" ref="237148215" role="outer"/>
  <member type="way" ref="236927015" role="outer"/>
  <member type="way" ref="864181771" role="outer"/>
  <member type="way" ref="703507583" role="outer"/>
  <member type="way" ref="262797395" role="outer"/>
  <member type="way" ref="237321536" role="outer"/>
  <member type="way" ref="864181769" role="outer"/>
  <member type="way" ref="703507582" role="outer"/>
  <member type="way" ref="118513794" role="outer"/>
  <member type="way" ref="23621856" role="outer"/>
  <member type="way" ref="682143170" role="outer"/>
  <member type="way" ref="682143169" role="outer"/>
  <member type="way" ref="233890987" role="outer"/>
  <member type="way" ref="233890984" role="outer"/>
  <member type="way" ref="1200627986" role="outer"/>
  <member type="way" ref="170435112" role="outer"/>
  <member type="way" ref="233381470" role="outer"/>
  <member type="way" ref="144406529" role="outer"/>
  <member type="way" ref="1200050125" role="outer"/>
  <member type="way" ref="170766958" role="outer"/>
  <member type="way" ref="170509858" role="outer"/>
  <member type="way" ref="232847228" role="outer"/>
  <member type="way" ref="1214358804" role="outer"/>
  <member type="way" ref="313893707" role="outer"/>
  <member type="way" ref="10662797" role="inner"/>
  <member type="way" ref="617674687" role="outer"/>
  <member type="way" ref="343952492" role="outer"/>
  <member type="way" ref="344398834" role="outer"/>
  <member type="way" ref="173739567" role="outer"/>
  <member type="way" ref="173739564" role="outer"/>
  <member type="way" ref="170515725" role="outer"/>
  <member type="way" ref="343954010" role="outer"/>
  <member type="way" ref="170772879" role="outer"/>
  <member type="way" ref="318746051" role="outer"/>
  <member type="way" ref="318746050" role="outer"/>
  <member type="way" ref="318746640" role="outer"/>
  <member type="way" ref="313862828" role="outer"/>
  <member type="way" ref="343799831" role="outer"/>
  <member type="way" ref="333920065" role="outer"/>
  <member type="way" ref="313868746" role="outer"/>
  <member type="way" ref="313868536" role="outer"/>
  <member type="way" ref="313868376" role="outer"/>
  <member type="way" ref="313868311" role="outer"/>
  <member type="way" ref="313868262" role="outer"/>
  <member type="way" ref="313869181" role="outer"/>
  <member type="way" ref="85625060" role="outer"/>
  <member type="way" ref="313869634" role="outer"/>
  <member type="way" ref="313874096" role="outer"/>
  <member type="way" ref="314028338" role="outer"/>
  <member type="way" ref="313893706" role="outer"/>
  <member type="way" ref="343362079" role="outer"/>
  <member type="way" ref="343362078" role="outer"/>
  <member type="way" ref="321517205" role="outer"/>
  <member type="way" ref="170763678" role="outer"/>
  <member type="way" ref="837266026" role="outer"/>
  <member type="way" ref="837266027" role="outer"/>
  <member type="way" ref="118401134" role="outer"/>
  <member type="way" ref="837266343" role="outer"/>
  <member type="way" ref="837266344" role="outer"/>
  <member type="way" ref="260419568" role="outer"/>
  <member type="way" ref="170766956" role="outer"/>
  <member type="way" ref="126470842" role="outer"/>
  <member type="way" ref="126470877" role="outer"/>
  <member type="way" ref="620917932" role="outer"/>
  <member type="way" ref="233913585" role="outer"/>
  <member type="way" ref="614112897" role="outer"/>
  <member type="way" ref="614112896" role="outer"/>
  <member type="way" ref="829413658" role="outer"/>
  <member type="way" ref="829412006" role="outer"/>
  <member type="way" ref="614106631" role="outer"/>
  <member type="way" ref="837264628" role="outer"/>
  <member type="way" ref="836531085" role="outer"/>
  <member type="way" ref="836531084" role="outer"/>
  <member type="way" ref="829413651" role="outer"/>
  <member type="way" ref="829413652" role="outer"/>
  <member type="way" ref="829413655" role="outer"/>
  <member type="way" ref="829413657" role="outer"/>
  <member type="way" ref="829413653" role="outer"/>
  <member type="way" ref="829413656" role="outer"/>
  <member type="way" ref="623549381" role="outer"/>
  <member type="way" ref="620976563" role="outer"/>
  <member type="way" ref="23638910" role="outer"/>
  <member type="way" ref="126470870" role="outer"/>
  <member type="way" ref="615329441" role="outer"/>
  <member type="way" ref="23638908" role="outer"/>
  <member type="way" ref="23623225" role="outer"/>
  <member type="way" ref="23638921" role="outer"/>
  <member type="way" ref="23638927" role="outer"/>
  <member type="way" ref="620976564" role="outer"/>
  <member type="way" ref="233913580" role="outer"/>
  <member type="way" ref="623149698" role="outer"/>
  <member type="way" ref="233913582" role="outer"/>
  <member type="way" ref="233913578" role="outer"/>
  <member type="way" ref="23623252" role="outer"/>
  <member type="way" ref="126470848" role="outer"/>
  <member type="way" ref="126470851" role="outer"/>
  <member type="way" ref="23638919" role="outer"/>
  <member type="way" ref="343954992" role="outer"/>
  <member type="way" ref="313870364" role="outer"/>
  <member type="way" ref="201989831" role="outer"/>
  <member type="way" ref="10663197" role="inner"/>
  <member type="way" ref="20324681" role="inner"/>
  <member type="way" ref="203774471" role="inner"/>
  <member type="way" ref="203756007" role="inner"/>
  <member type="way" ref="518953919" role="inner"/>
  <member type="way" ref="10662928" role="inner"/>
  <member type="way" ref="181098348" role="inner"/>
  <member type="way" ref="20324664" role="inner"/>
  <member type="way" ref="613501469" role="outer"/>
  <member type="way" ref="227912340" role="outer"/>
  <member type="way" ref="620630742" role="outer"/>
  <member type="way" ref="620631453" role="outer"/>
  <member type="way" ref="620413834" role="outer"/>
  <member type="way" ref="620917930" role="outer"/>
  <member type="way" ref="621233067" role="outer"/>
  <member type="way" ref="621577216" role="outer"/>
  <member type="way" ref="620636853" role="outer"/>
  <member type="way" ref="615651433" role="outer"/>
  <member type="way" ref="615651630" role="outer"/>
  <member type="way" ref="624755854" role="outer"/>
  <member type="way" ref="626243996" role="outer"/>
  <member type="way" ref="626244000" role="outer"/>
  <member type="way" ref="772631543" role="outer"/>
  <member type="way" ref="772631545" role="inner"/>
  <member type="way" ref="772631550" role="outer"/>
  <member type="way" ref="772631551" role="outer"/>
  <member type="way" ref="344396039" role="outer"/>
  <member type="way" ref="772654980" role="outer"/>
  <member type="way" ref="772654981" role="outer"/>
  <member type="way" ref="772654982" role="outer"/>
  <member type="way" ref="772654983" role="outer"/>
  <member type="way" ref="772654984" role="outer"/>
  <member type="way" ref="772654985" role="outer"/>
  <member type="way" ref="772654986" role="outer"/>
  <member type="way" ref="772631544" role="inner"/>
  <member type="way" ref="772631546" role="inner"/>
  <member type="way" ref="772631547" role="inner"/>
  <member type="way" ref="313867445" role="outer"/>
  <member type="way" ref="313873245" role="outer"/>
  <member type="way" ref="343952495" role="outer"/>
  <member type="way" ref="233913584" role="outer"/>
  <member type="way" ref="623868729" role="outer"/>
  <member type="way" ref="772654987" role="outer"/>
  <member type="way" ref="619166037" role="outer"/>
  <member type="way" ref="620632267" role="outer"/>
  <member type="node" ref="81590481" role="admin_centre"/>
  <member type="node" ref="249399280" role="label"/>
  <member type="relation" ref="153558" role="subarea"/>
  <member type="relation" ref="153550" role="subarea"/>
  <member type="relation" ref="153544" role="subarea"/>
  <member type="relation" ref="153543" role="subarea"/>
  <member type="relation" ref="153549" role="subarea"/>
  <member type="relation" ref="153538" role="subarea"/>
  <member type="relation" ref="153539" role="subarea"/>
  <member type="relation" ref="2405230" role="subarea"/>
  <member type="relation" ref="153547" role="subarea"/>
  <member type="relation" ref="1606727" role="subarea"/>
  <member type="relation" ref="153553" role="subarea"/>
  <member type="relation" ref="153540" role="subarea"/>
  <member type="relation" ref="153536" role="subarea"/>
  <member type="relation" ref="153541" role="subarea"/>
  <member type="relation" ref="153556" role="subarea"/>
  <member type="relation" ref="2849847" role="subarea"/>
  <member type="relation" ref="153551" role="subarea"/>
  <member type="relation" ref="153552" role="subarea"/>
  <member type="relation" ref="3592494" role="subarea"/>
  <member type="relation" ref="153548" role="subarea"/>
  <member type="relation" ref="153554" role="subarea"/>
  <member type="relation" ref="153545" role="subarea"/>
  <member type="relation" ref="1632167" role="subarea"/>
  <member type="relation" ref="3082668" role="subarea"/>
  <tag k="admin_level" v="2"/>
  <tag k="alt_name:be-tarask" v="Аргенціна"/>
  <tag k="alt_name:ckb" v="ئارجەنتین"/>
  <tag k="alt_name:co" v="Arghjintina"/>
  <tag k="alt_name:gn" v="Arahentína"/>
  <tag k="alt_name:kn" v="ಅರ್ಜೆಂಟೀನ ಗಣರಾಜ್ಯ"/>
  <tag k="alt_name:mzn" v="آرجانتین"/>
  <tag k="alt_name:nah" v="Argentina Tlācatlahtohcāyōtl"/>
  <tag k="alt_name:oc" v="Riu de la Plata"/>
  <tag k="alt_name:qu" v="Qullqillaqta"/>
  <tag k="alt_name:roa-rup" v="Arghentinescã"/>
  <tag k="alt_name:rw" v="Arijantina"/>
  <tag k="alt_name:ta" v="அர்ஜெந்தீனா"/>
  <tag k="alt_name:wo" v="Argentiin"/>
  <tag k="boundary" v="administrative"/>
  <tag k="capital_city" v="Buenos Aires"/>
  <tag k="country_code_fips" v="AR"/>
  <tag k="default_language" v="es"/>
  <tag k="driving_side" v="right"/>
  <tag k="flag" v="https://upload.wikimedia.org/wikipedia/commons/1/1a/Flag_of_Argentina.svg"/>
  <tag k="geonames:id" v="3865483"/>
  <tag k="int_name" v="Argentina"/>
  <tag k="ISO3166-1" v="AR"/>
  <tag k="ISO3166-1:alpha2" v="AR"/>
  <tag k="ISO3166-1:alpha3" v="ARG"/>
  <tag k="ISO3166-1:numeric" v="032"/>
  <tag k="name" v="Argentina"/>
  <tag k="name:ace" v="Argentina"/>
  <tag k="name:ady" v="Аргентинэ"/>
  <tag k="name:af" v="Argentinië"/>
  <tag k="name:ak" v="Agyɛntina"/>
  <tag k="name:als" v="Argentinie"/>
  <tag k="name:am" v="አርጀንቲና"/>
  <tag k="name:an" v="Archentina"/>
  <tag k="name:ang" v="Argentina"/>
  <tag k="name:ar" v="الأرجنتين"/>
  <tag k="name:arz" v="ارجنتين"/>
  <tag k="name:as" v="আৰ্জেণ্টিনা"/>
  <tag k="name:ast" v="Arxentina"/>
  <tag k="name:av" v="Аргентина"/>
  <tag k="name:ay" v="Arxintina"/>
  <tag k="name:az" v="Argentina"/>
  <tag k="name:azb" v="آرژانتین"/>
  <tag k="name:ba" v="Аргенти́на"/>
  <tag k="name:bar" v="Argentinien"/>
  <tag k="name:bat-smg" v="Argentėna"/>
  <tag k="name:bcl" v="Argentina"/>
  <tag k="name:be" v="Аргенці́на"/>
  <tag k="name:be-tarask" v="Аргенты́на"/>
  <tag k="name:bg" v="Аржентѝна"/>
  <tag k="name:bh" v="अर्जेन्टीना"/>
  <tag k="name:bi" v="Argentina"/>
  <tag k="name:bm" v="Argentina"/>
  <tag k="name:bn" v="আর্জেন্টিনা"/>
  <tag k="name:bo" v="ཨར་ཇེན་ཊི་ན།"/>
  <tag k="name:bpy" v="আর্জেন্টিনা"/>
  <tag k="name:br" v="Arc'hantina"/>
  <tag k="name:bs" v="Argentina"/>
  <tag k="name:bxr" v="Аргентина"/>
  <tag k="name:ca" v="Argentina"/>
  <tag k="name:cbk-zam" v="Argentina"/>
  <tag k="name:cdo" v="Ā-gŏng-dìng"/>
  <tag k="name:ce" v="Аргенти́на"/>
  <tag k="name:ceb" v="Arhentina"/>
  <tag k="name:ch" v="Argentina"/>
  <tag k="name:chr" v="ᎠᏥᏂᏘᏂᎠ"/>
  <tag k="name:ckb" v="ئەرجەنتین"/>
  <tag k="name:co" v="Argentina"/>
  <tag k="name:crh" v="Argentina"/>
  <tag k="name:cs" v="Argentina"/>
  <tag k="name:csb" v="Argentina"/>
  <tag k="name:cv" v="Аргентина"/>
  <tag k="name:cy" v="Ariannin"/>
  <tag k="name:da" v="Argentina"/>
  <tag k="name:de" v="Argentinien"/>
  <tag k="name:diq" v="Arcantin"/>
  <tag k="name:dsb" v="Argentinska"/>
  <tag k="name:dty" v="अर्जेन्टिना"/>
  <tag k="name:dv" v="އާޖެންޓީނާ"/>
  <tag k="name:dz" v="ཨར་ཇེན་ཊི་ན"/>
  <tag k="name:ee" v="Argentina"/>
  <tag k="name:el" v="Αργεντινή"/>
  <tag k="name:en" v="Argentina"/>
  <tag k="name:eo" v="Argentino"/>
  <tag k="name:es" v="Argentina"/>
  <tag k="name:et" v="Argentina"/>
  <tag k="name:eu" v="Argentina"/>
  <tag k="name:ext" v="Argentina"/>
  <tag k="name:fa" v="آرژانتین"/>
  <tag k="name:ff" v="Arjantiin"/>
  <tag k="name:fi" v="Argentiina"/>
  <tag k="name:fj" v="Argentina"/>
  <tag k="name:fo" v="Argentina"/>
  <tag k="name:fr" v="Argentine"/>
  <tag k="name:frp" v="Argentena"/>
  <tag k="name:frr" v="Argentiinien"/>
  <tag k="name:fur" v="Argjentine"/>
  <tag k="name:fy" v="Argentynje"/>
  <tag k="name:ga" v="an Airgintín"/>
  <tag k="name:gag" v="Argentina"/>
  <tag k="name:gan" v="阿根廷"/>
  <tag k="name:gd" v="Argentina"/>
  <tag k="name:gl" v="Arxentina"/>
  <tag k="name:gn" v="Argentina"/>
  <tag k="name:gom" v="आर्जेन्टिना"/>
  <tag k="name:gu" v="આર્જેન્ટીના"/>
  <tag k="name:gv" v="yn Argenteen"/>
  <tag k="name:ha" v="Argentina"/>
  <tag k="name:hak" v="Â-kîn-thìn"/>
  <tag k="name:haw" v="ʻAlekina"/>
  <tag k="name:he" v="ארגנטינה"/>
  <tag k="name:hi" v="अर्जेण्टीना"/>
  <tag k="name:hif" v="Argentina"/>
  <tag k="name:hr" v="Argentina"/>
  <tag k="name:hsb" v="Argentinska"/>
  <tag k="name:ht" v="Ajantin"/>
  <tag k="name:hu" v="Argentína"/>
  <tag k="name:hy" v="Արգենտինա"/>
  <tag k="name:ia" v="Argentina"/>
  <tag k="name:id" v="Argentina"/>
  <tag k="name:ie" v="Argentina"/>
  <tag k="name:ig" v="Argentina"/>
  <tag k="name:ilo" v="Arhentina"/>
  <tag k="name:io" v="Arjentinia"/>
  <tag k="name:is" v="Argentína"/>
  <tag k="name:it" v="Argentina"/>
  <tag k="name:ja" v="アルゼンチン"/>
  <tag k="name:ja-Latn" v="Aruzenchin"/>
  <tag k="name:jam" v="Aajentiina"/>
  <tag k="name:jbo" v="getygu'e"/>
  <tag k="name:jv" v="Argèntina"/>
  <tag k="name:ka" v="არგენტინა"/>
  <tag k="name:kaa" v="Argentina"/>
  <tag k="name:kab" v="Tarjentint"/>
  <tag k="name:kbd" v="Архенти́нэ"/>
  <tag k="name:kbp" v="Arzantiini"/>
  <tag k="name:kg" v="Arhentina"/>
  <tag k="name:ki" v="Argentina"/>
  <tag k="name:kk" v="Аргентина"/>
  <tag k="name:kl" v="Argentina"/>
  <tag k="name:km" v="អាហ្សង់ទីន"/>
  <tag k="name:kn" v="ಅರ್ಜೆಂಟೀನ"/>
  <tag k="name:ko" v="아르헨티나"/>
  <tag k="name:krc" v="Аргенти́на"/>
  <tag k="name:ks" v="أرجَنٹینا"/>
  <tag k="name:ksh" v="Ajjentiinije"/>
  <tag k="name:ku" v="Arjentîn"/>
  <tag k="name:kv" v="Аргентина"/>
  <tag k="name:kw" v="Arghantina"/>
  <tag k="name:ky" v="Аргентина"/>
  <tag k="name:la" v="Argentina"/>
  <tag k="name:lad" v="Arjentina"/>
  <tag k="name:lb" v="Argentinien"/>
  <tag k="name:lez" v="Аргентина"/>
  <tag k="name:lg" v="Arigentina"/>
  <tag k="name:li" v="Argentinië"/>
  <tag k="name:lij" v="Argentinn-a"/>
  <tag k="name:lmo" v="Argentina"/>
  <tag k="name:ln" v="Argentina"/>
  <tag k="name:lo" v="ອາກຊັງຕີນ"/>
  <tag k="name:lrc" v="آرجانتین"/>
  <tag k="name:lt" v="Argentina"/>
  <tag k="name:ltg" v="Argeņtina"/>
  <tag k="name:lv" v="Argentīna"/>
  <tag k="name:lzh" v="阿根廷"/>
  <tag k="name:mai" v="अर्जेन्टिना"/>
  <tag k="name:mg" v="Arjentina"/>
  <tag k="name:mhr" v="Аргентине"/>
  <tag k="name:mi" v="Āketina"/>
  <tag k="name:min" v="Argentina"/>
  <tag k="name:mk" v="Аргентина"/>
  <tag k="name:ml" v="അർജന്റീന"/>
  <tag k="name:mn" v="Аргентин"/>
  <tag k="name:mr" v="आर्जेन्टिना"/>
  <tag k="name:mrj" v="Аргентина"/>
  <tag k="name:ms" v="Argentina"/>
  <tag k="name:mt" v="Arġentina"/>
  <tag k="name:mwl" v="Argentina"/>
  <tag k="name:my" v="အာဂျင်တီးနားနိုင်ငံ"/>
  <tag k="name:mzn" v="آرژانتین"/>
  <tag k="name:na" v="Ardjentina"/>
  <tag k="name:nah" v="Argentina"/>
  <tag k="name:nan" v="Argentina"/>
  <tag k="name:nap" v="Argentina"/>
  <tag k="name:nds" v="Argentinien"/>
  <tag k="name:nds-nl" v="Argentinië"/>
  <tag k="name:ne" v="अर्जेन्टिना"/>
  <tag k="name:new" v="अर्जेन्टिना"/>
  <tag k="name:nl" v="Argentinië"/>
  <tag k="name:nn" v="Argentina"/>
  <tag k="name:no" v="Argentina"/>
  <tag k="name:nov" v="Argentina"/>
  <tag k="name:nrm" v="Argentinne"/>
  <tag k="name:nso" v="Argentina"/>
  <tag k="name:nv" v="Béésh Łigaii Bikéyah"/>
  <tag k="name:oc" v="Argentina"/>
  <tag k="name:olo" v="Argentiinu"/>
  <tag k="name:om" v="Arjentiinaa"/>
  <tag k="name:or" v="ଆର୍ଜେଣ୍ଟିନା"/>
  <tag k="name:os" v="Аргентинæ"/>
  <tag k="name:pa" v="ਅਰਜਨਟੀਨਾ"/>
  <tag k="name:pag" v="Argentina"/>
  <tag k="name:pam" v="Argentina"/>
  <tag k="name:pap" v="Argentina"/>
  <tag k="name:pdc" v="Artschenti"/>
  <tag k="name:pfl" v="Argentinje"/>
  <tag k="name:pi" v="अर्जन्टीना"/>
  <tag k="name:pih" v="Aajentiina"/>
  <tag k="name:pl" v="Argentyna"/>
  <tag k="name:pms" v="Argentin-a"/>
  <tag k="name:pnb" v="ارجنٹاین"/>
  <tag k="name:ps" v="ارجنټاین"/>
  <tag k="name:pt" v="Argentina"/>
  <tag k="name:qu" v="Arhintina"/>
  <tag k="name:rm" v="Argentinia"/>
  <tag k="name:rmy" v="Arxentina"/>
  <tag k="name:rn" v="Argentine"/>
  <tag k="name:ro" v="Argentina"/>
  <tag k="name:roa-rup" v="Arghentina"/>
  <tag k="name:roa-tara" v="Argendine"/>
  <tag k="name:ru" v="Аргентина"/>
  <tag k="name:rue" v="Арґентина"/>
  <tag k="name:rw" v="Arijantine"/>
  <tag k="name:sa" v="अर्जण्टिना"/>
  <tag k="name:sah" v="Аргентина"/>
  <tag k="name:sc" v="Argentina"/>
  <tag k="name:scn" v="Argintina"/>
  <tag k="name:sco" v="Argentinae"/>
  <tag k="name:se" v="Argentiinná"/>
  <tag k="name:sg" v="Arzantîna"/>
  <tag k="name:sh" v="Argentina"/>
  <tag k="name:si" v="ආජන්ටිනාව"/>
  <tag k="name:sk" v="Argentína"/>
  <tag k="name:sl" v="Argentina"/>
  <tag k="name:sm" v="Atenitina"/>
  <tag k="name:smn" v="Argentiina"/>
  <tag k="name:sms" v="Argentiin"/>
  <tag k="name:sn" v="Argentina"/>
  <tag k="name:so" v="Arjantiina"/>
  <tag k="name:sq" v="Argjentina"/>
  <tag k="name:sr" v="Аргентина"/>
  <tag k="name:srn" v="Argentinikondre"/>
  <tag k="name:stq" v="Argentinien"/>
  <tag k="name:su" v="Argéntina"/>
  <tag k="name:sv" v="Argentina"/>
  <tag k="name:sw" v="Argentina"/>
  <tag k="name:szl" v="Argyntyna"/>
  <tag k="name:ta" v="அர்கெந்தீனா"/>
  <tag k="name:te" v="అర్జెంటీనా"/>
  <tag k="name:tet" v="Arjentina"/>
  <tag k="name:tg" v="Аргенти́на"/>
  <tag k="name:th" v="อาร์เจนตินา"/>
  <tag k="name:ti" v="አርጀንቲና"/>
  <tag k="name:tk" v="Argentina"/>
  <tag k="name:tl" v="Arhentina"/>
  <tag k="name:to" v="ʻAsenitina"/>
  <tag k="name:tok" v="ma Alensina"/>
  <tag k="name:tpi" v="Ajentina"/>
  <tag k="name:tr" v="Arjantin"/>
  <tag k="name:ts" v="Arjentina"/>
  <tag k="name:tt" v="Аргенти́на"/>
  <tag k="name:tum" v="Argentina"/>
  <tag k="name:tw" v="Argentina"/>
  <tag k="name:ty" v="’Atetina"/>
  <tag k="name:tyv" v="Аргентина"/>
  <tag k="name:tzl" v="Arxhentì"/>
  <tag k="name:udm" v="Аргентина"/>
  <tag k="name:ug" v="ئارگېنتىنا"/>
  <tag k="name:uk" v="Аргенти́на"/>
  <tag k="name:ur" v="ارجنٹائن"/>
  <tag k="name:uz" v="Argentina"/>
  <tag k="name:vec" v="Argentina"/>
  <tag k="name:vep" v="Argentin"/>
  <tag k="name:vi" v="Argentina"/>
  <tag k="name:vls" v="Argentinië"/>
  <tag k="name:vo" v="Largäntän"/>
  <tag k="name:vro" v="Argentina"/>
  <tag k="name:wa" v="Årdjintene"/>
  <tag k="name:war" v="Argentina"/>
  <tag k="name:wo" v="Arsantin"/>
  <tag k="name:wuu" v="阿根廷"/>
  <tag k="name:xal" v="Эрҗентудин"/>
  <tag k="name:xmf" v="არგენტინა"/>
  <tag k="name:yi" v="אַרגענטינע"/>
  <tag k="name:yo" v="Argẹntínà"/>
  <tag k="name:yue" v="阿根廷"/>
  <tag k="name:za" v="Argentina"/>
  <tag k="name:zea" v="Arhentinië"/>
  <tag k="name:zh" v="阿根廷"/>
  <tag k="name:zh-Hans" v="阿根廷"/>
  <tag k="name:zh-Hant" v="阿根廷"/>
  <tag k="name:zu" v="i-Argentina"/>
  <tag k="official_name" v="República Argentina"/>
  <tag k="official_name:af" v="Argentynse Republiek"/>
  <tag k="official_name:als" v="Argentinischi Republik"/>
  <tag k="official_name:am" v="አርጀንቲናዊ ሬፑብሊክ"/>
  <tag k="official_name:an" v="Republica Archentina"/>
  <tag k="official_name:ar" v="جمهورية الأرجنتين"/>
  <tag k="official_name:arz" v="الجمهوريه الارچنتينيه"/>
  <tag k="official_name:ast" v="República Arxentina"/>
  <tag k="official_name:av" v="ЖумхIурият Аргентина"/>
  <tag k="official_name:ay" v="Arjintina Republika"/>
  <tag k="official_name:az" v="Argentina Respublikası"/>
  <tag k="official_name:azb" v="آرژانتین جومهوریسی"/>
  <tag k="official_name:ba" v="Аргентина Республикаһы"/>
  <tag k="official_name:bar" v="Argentinische Republik"/>
  <tag k="official_name:bat-smg" v="Argentėnas Respoblėka"/>
  <tag k="official_name:be" v="Аргенці́нская Рэспу́бліка"/>
  <tag k="official_name:be-tarask" v="Рэспу́бліка Аргенты́на"/>
  <tag k="official_name:bg" v="Република Аржентина"/>
  <tag k="official_name:bm" v="Argentina Fasojamana"/>
  <tag k="official_name:bn" v="আর্জেন্টিনীয় প্রজাতন্ত্র"/>
  <tag k="official_name:bpy" v="প্রজাতন্ত্রি আর্জেন্টিনা"/>
  <tag k="official_name:bs" v="Republika Argentina"/>
  <tag k="official_name:bxr" v="Бүгэдэ Найрамдаха Аргентинэ Улас"/>
  <tag k="official_name:ca" v="República Argentina"/>
  <tag k="official_name:cbk-zam" v="República Argentina"/>
  <tag k="official_name:ce" v="Аргентинан Пачхьалкх"/>
  <tag k="official_name:chr" v="ᎠᏥᏂᏘᏂᎠ ᏍᎦᏚᎩ"/>
  <tag k="official_name:ckb" v="کۆماری ئەرجەنتین"/>
  <tag k="official_name:crh" v="Argentina Cumhuriyeti"/>
  <tag k="official_name:cs" v="Argentinská republika"/>
  <tag k="official_name:cv" v="Аргентина Республики"/>
  <tag k="official_name:cy" v="Gweriniaeth yr Ariannin"/>
  <tag k="official_name:da" v="Argentinske Republik"/>
  <tag k="official_name:de" v="Argentinische Republik"/>
  <tag k="official_name:dsb" v="Republika Argentinska"/>
  <tag k="official_name:el" v="Δημοκρατία της Αργεντινής"/>
  <tag k="official_name:en" v="Argentine Republic"/>
  <tag k="official_name:eo" v="Argentina Respubliko"/>
  <tag k="official_name:es" v="República Argentina"/>
  <tag k="official_name:et" v="Argentina Vabariik"/>
  <tag k="official_name:eu" v="Argentinako Errepublika"/>
  <tag k="official_name:ext" v="Repúbrica Argentina"/>
  <tag k="official_name:fa" v="جمهوری آرژانتین"/>
  <tag k="official_name:fi" v="Argentiinan tasavalta"/>
  <tag k="official_name:fo" v="Lýðveldið Argentina"/>
  <tag k="official_name:fr" v="République Argentine"/>
  <tag k="official_name:frp" v="Rèpublica argentina"/>
  <tag k="official_name:frr" v="Argentiinsk Republiik"/>
  <tag k="official_name:fur" v="Republiche Argjentine"/>
  <tag k="official_name:fy" v="Argentynske Republyk"/>
  <tag k="official_name:gan" v="阿根廷共和國"/>
  <tag k="official_name:gd" v="an Argantain"/>
  <tag k="official_name:gl" v="República Arxentina"/>
  <tag k="official_name:gn" v="Tetã Argentina"/>
  <tag k="official_name:gu" v="આર્જેન્ટીના ગણરાજ્ય"/>
  <tag k="official_name:gv" v="Pobblaght ny h-Argenteen"/>
  <tag k="official_name:ha" v="Jamhuriyar Argentina"/>
  <tag k="official_name:haw" v="Lepupalika o ʻAlekina"/>
  <tag k="official_name:he" v="הרפובליקה הארגנטינאית"/>
  <tag k="official_name:hi" v="अर्जेन्टीना गणराज्य"/>
  <tag k="official_name:hif" v="República Argentina"/>
  <tag k="official_name:hr" v="Argentinska Republika"/>
  <tag k="official_name:hsb" v="Republika Argentinska"/>
  <tag k="official_name:hu" v="Argentin Köztársaság"/>
  <tag k="official_name:hy" v="Արգենտինայի Հանրապետություն"/>
  <tag k="official_name:ia" v="Republica Argentin"/>
  <tag k="official_name:id" v="Republik Argentina"/>
  <tag k="official_name:ilo" v="Arhentino a Republika"/>
  <tag k="official_name:io" v="Republiko Arjentinia"/>
  <tag k="official_name:is" v="Argentínska lýðveldið"/>
  <tag k="official_name:it" v="Repubblica Argentina"/>
  <tag k="official_name:ja" v="アルゼンチン共和国"/>
  <tag k="official_name:jam" v="Aajentiin Ripoblik"/>
  <tag k="official_name:ka" v="არგენტინის რესპუბლიკა"/>
  <tag k="official_name:kbd" v="Республикэ Архентинэ"/>
  <tag k="official_name:kk" v="Аргентина Республикасы"/>
  <tag k="official_name:kl" v="Kunngiitsuuffik Argentina"/>
  <tag k="official_name:kn" v="ರಿಪಬ್ಲಿಕ ಅರ್ಜೆಂಟೀನ"/>
  <tag k="official_name:ko" v="아르헨티나 공화국"/>
  <tag k="official_name:krc" v="Аргенти́на Респу́блика"/>
  <tag k="official_name:ku" v="Komara Arjentînê"/>
  <tag k="official_name:kv" v="Аргентина Республика"/>
  <tag k="official_name:kw" v="Repoblek Arghantinek"/>
  <tag k="official_name:ky" v="Аргентинa Республикaсы"/>
  <tag k="official_name:la" v="res publica Argentina"/>
  <tag k="official_name:lad" v="Republika Arjentina"/>
  <tag k="official_name:lb" v="Republik Argentinien"/>
  <tag k="official_name:lez" v="Аргентинадин Республика"/>
  <tag k="official_name:li" v="Rippebliek Argentinië"/>
  <tag k="official_name:lmo" v="Repübliga Argentina"/>
  <tag k="official_name:lo" v="ສາທາລະນະລັດອາກຊັງຕິນ"/>
  <tag k="official_name:lt" v="Argentinos Respublika"/>
  <tag k="official_name:ltg" v="Argeņtinys Republika"/>
  <tag k="official_name:lv" v="Argentīnas Republika"/>
  <tag k="official_name:lzh" v="阿根廷共和國"/>
  <tag k="official_name:mai" v="अर्जेन्टिना गणतन्त्र"/>
  <tag k="official_name:mg" v="Repoblika Arjentina"/>
  <tag k="official_name:mi" v="Te Whenua Tū Wehe o Āketina"/>
  <tag k="official_name:mk" v="Аргентинска Република"/>
  <tag k="official_name:ml" v="അർജന്റീന റിപ്പബ്ലിക്ക്"/>
  <tag k="official_name:mn" v="Бүгд Найрамдах Аргентин Улс"/>
  <tag k="official_name:mr" v="आर्जेन्टिनाचे प्रजासत्ताक"/>
  <tag k="official_name:mrj" v="Аргентина Республика"/>
  <tag k="official_name:ms" v="Republik Argentina"/>
  <tag k="official_name:mt" v="Repubblika Arġentina"/>
  <tag k="official_name:mwl" v="República Argentina"/>
  <tag k="official_name:mzn" v="آرژانتین جمهوری"/>
  <tag k="official_name:nah" v="Ticpatlahua Argentina"/>
  <tag k="official_name:nan" v="Argentina Kiōng-hô-kok"/>
  <tag k="official_name:nap" v="Repubbreca Argentina"/>
  <tag k="official_name:nds" v="Republiek Argentinien"/>
  <tag k="official_name:nds-nl" v="Republiek Argentinië"/>
  <tag k="official_name:ne" v="अर्जेन्टिनी गणतन्त्र"/>
  <tag k="official_name:new" v="गणतन्त्र अर्जेन्टिना"/>
  <tag k="official_name:nl" v="Argentijnse Republiek"/>
  <tag k="official_name:nn" v="Republikk Argentina"/>
  <tag k="official_name:no" v="Republikken Argentina"/>
  <tag k="official_name:nov" v="Republike de Argentina"/>
  <tag k="official_name:oc" v="Republica Argentina"/>
  <tag k="official_name:os" v="Аргентинæйы Республикæ"/>
  <tag k="official_name:pa" v="ਅਰਜਨਟੀਨ ਗਣਰਾਜ"/>
  <tag k="official_name:pam" v="Argentina Republica"/>
  <tag k="official_name:pap" v="Repúblika Argentino"/>
  <tag k="official_name:pfl" v="Republik Argentinje"/>
  <tag k="official_name:pl" v="Republika Argentyńska"/>
  <tag k="official_name:pms" v="Repùblica Argentin-a"/>
  <tag k="official_name:pt" v="República Argentina"/>
  <tag k="official_name:qu" v="Arhintina Ripuwlika"/>
  <tag k="official_name:rm" v="Republica Argentinia"/>
  <tag k="official_name:rmy" v="Republika Arxentina"/>
  <tag k="official_name:ro" v="Republica Argentina"/>
  <tag k="official_name:roa-rup" v="Republica Arghentinescã"/>
  <tag k="official_name:roa-tara" v="Repubbleche Argendine"/>
  <tag k="official_name:ru" v="Аргентинская Республика"/>
  <tag k="official_name:rue" v="Арґентиньска републіка"/>
  <tag k="official_name:sah" v="Аргентина Республиката"/>
  <tag k="official_name:sc" v="Repubblica Argentina"/>
  <tag k="official_name:scn" v="Ripubblicca Argintina"/>
  <tag k="official_name:sco" v="Argentine Republic"/>
  <tag k="official_name:se" v="Argentiinná dásseváldi"/>
  <tag k="official_name:sh" v="Argentinska Republika"/>
  <tag k="official_name:si" v="ආජන්ටිනා සමුහාණ්ඩුව"/>
  <tag k="official_name:sk" v="Argentínska republika"/>
  <tag k="official_name:sl" v="Argentinska republika"/>
  <tag k="official_name:so" v="Jamhuuriyadda Arjantiina"/>
  <tag k="official_name:sq" v="Republika Argjentine"/>
  <tag k="official_name:sr" v="Република Аргентина"/>
  <tag k="official_name:stq" v="Republik Argentinien"/>
  <tag k="official_name:su" v="Républik Argéntina"/>
  <tag k="official_name:sv" v="Republiken Argentina"/>
  <tag k="official_name:sw" v="Jamhuri ya Argentina"/>
  <tag k="official_name:szl" v="Republika Argyntyńskŏ"/>
  <tag k="official_name:ta" v="அர்கெந்தீனா குடியரசு"/>
  <tag k="official_name:te" v="రిపబ్లికా అర్జెంటీనా"/>
  <tag k="official_name:tet" v="Repúblika Arjentina"/>
  <tag k="official_name:tg" v="Ҷумҳурии Аргентина"/>
  <tag k="official_name:th" v="สาธารณรัฐอาร์เจนตินา"/>
  <tag k="official_name:tk" v="Argentina Respublikasy"/>
  <tag k="official_name:tl" v="Republikang Arhentino"/>
  <tag k="official_name:tr" v="Arjantin Cumhuriyeti"/>
  <tag k="official_name:tt" v="Аргентина Җөмһүрияте"/>
  <tag k="official_name:udm" v="Аргентина Республика"/>
  <tag k="official_name:ug" v="ئاندوررا كېنەزلىكى"/>
  <tag k="official_name:uk" v="Аргенти́нська Респу́бліка"/>
  <tag k="official_name:ur" v="جمہوریہ ارجنٹائن"/>
  <tag k="official_name:uz" v="Argenti-na Respublikasi"/>
  <tag k="official_name:vec" v="Republica Argentina"/>
  <tag k="official_name:vep" v="Argentinan Tazovaldkund"/>
  <tag k="official_name:vi" v="Cộng hòa Argentina"/>
  <tag k="official_name:vls" v="Republiek Argentinië"/>
  <tag k="official_name:vo" v="Republik Largäntänik"/>
  <tag k="official_name:vro" v="Argentina Vabariik"/>
  <tag k="official_name:war" v="Republika Argentina"/>
  <tag k="official_name:wo" v="Republik bu Argentiin"/>
  <tag k="official_name:wuu" v="阿根廷共和国"/>
  <tag k="official_name:xal" v="Эрҗентудин Орн"/>
  <tag k="official_name:xmf" v="არგენტინაშ რესპუბლიკა"/>
  <tag k="official_name:yi" v="אַרגענטינער רעפובליק"/>
  <tag k="official_name:yo" v="Republic Argẹntínà"/>
  <tag k="official_name:yue" v="阿根廷共和國"/>
  <tag k="official_name:zea" v="Rippebliek Arhentinië"/>
  <tag k="official_name:zh" v="阿根廷共和国 / 阿根廷共和國"/>
  <tag k="official_name:zh-Hans" v="阿根廷共和国"/>
  <tag k="official_name:zh-Hant" v="阿根廷共和國"/>
  <tag k="old_name:vi" v="Á Căn Đình"/>
  <tag k="population" v="47327407"/>
  <tag k="population:date" v="2022-05-20"/>
  <tag k="type" v="boundary"/>
  <tag k="wikidata" v="Q414"/>
  <tag k="wikimedia_commons" v="Category:Argentina"/>
  <tag k="wikipedia" v="es:Argentina"/>
 </relation>
 <relation id="1632167" visible="true" version="570" changeset="189901438" timestamp="2026-10-02T21:42:24Z" user="donlaser" uid="1692368">
  <member type="node" ref="247782633" role="admin_centre"/>
  <member type="node" ref="618279734" role="label"/>
  <member type="way" ref="1144573554" role="outer"/>
  <member type="way" ref="296794070" role="outer"/>
  <member type="way" ref="263739911" role="outer"/>
  <member type="way" ref="1238770814" role="outer"/>
  <member type="way" ref="1033991092" role="outer"/>
  <member type="way" ref="1511175631" role="outer"/>
  <member type="way" ref="48393709" role="outer"/>
  <member type="way" ref="583093072" role="outer"/>
  <member type="way" ref="48114828" role="outer"/>
  <member type="way" ref="198239669" role="outer"/>
  <member type="way" ref="197873679" role="outer"/>
  <member type="way" ref="296794072" role="outer"/>
  <member type="way" ref="1000947029" role="outer"/>
  <member type="way" ref="1000947028" role="outer"/>
  <member type="way" ref="1000947027" role="outer"/>
  <member type="way" ref="198871850" role="outer"/>
  <member type="way" ref="1001595825" role="outer"/>
  <member type="way" ref="1344477770" role="outer"/>
  <member type="way" ref="681040265" role="outer"/>
  <member type="way" ref="1428194600" role="outer"/>
  <member type="way" ref="1428194604" role="outer"/>
  <member type="way" ref="28260425" role="outer"/>
  <member type="way" ref="1428196122" role="outer"/>
  <member type="way" ref="229110105" role="outer"/>
  <member type="way" ref="1238770810" role="outer"/>
  <member type="way" ref="1238770809" role="outer"/>
  <member type="way" ref="226504411" role="outer"/>
  <member type="way" ref="297307155" role="outer"/>
  <member type="way" ref="229109915" role="outer"/>
  <member type="way" ref="92988169" role="outer"/>
  <member type="way" ref="510224153" role="outer"/>
  <member type="way" ref="92988156" role="outer"/>
  <member type="way" ref="297307153" role="outer"/>
  <member type="way" ref="297307154" role="outer"/>
  <member type="way" ref="92988179" role="outer"/>
  <member type="way" ref="47521364" role="outer"/>
  <member type="way" ref="303130490" role="outer"/>
  <member type="way" ref="1451843983" role="outer"/>
  <member type="way" ref="25799186" role="outer"/>
  <member type="way" ref="303130491" role="outer"/>
  <member type="way" ref="292390520" role="outer"/>
  <member type="way" ref="1194892368" role="outer"/>
  <member type="way" ref="28549114" role="outer"/>
  <member type="way" ref="292492015" role="outer"/>
  <member type="way" ref="265863298" role="outer"/>
  <member type="way" ref="1457337063" role="outer"/>
  <member type="way" ref="25617630" role="outer"/>
  <member type="way" ref="298030608" role="outer"/>
  <member type="way" ref="298030609" role="outer"/>
  <member type="way" ref="547350122" role="outer"/>
  <member type="way" ref="334054598" role="outer"/>
  <member type="way" ref="47059830" role="outer"/>
  <member type="way" ref="28615741" role="outer"/>
  <member type="way" ref="28533996" role="outer"/>
  <member type="way" ref="115811556" role="outer"/>
  <member type="way" ref="28533998" role="outer"/>
  <member type="way" ref="1396679990" role="outer"/>
  <member type="way" ref="28533999" role="outer"/>
  <member type="way" ref="87889826" role="outer"/>
  <member type="way" ref="87889827" role="outer"/>
  <member type="way" ref="298234733" role="outer"/>
  <member type="way" ref="298241488" role="outer"/>
  <member type="way" ref="1018417244" role="outer"/>
  <member type="way" ref="1041325445" role="outer"/>
  <member type="way" ref="778460840" role="outer"/>
  <member type="way" ref="1041325446" role="outer"/>
  <member type="way" ref="28534001" role="outer"/>
  <member type="way" ref="208937729" role="outer"/>
  <member type="way" ref="298241487" role="outer"/>
  <member type="way" ref="323554269" role="outer"/>
  <member type="way" ref="298244215" role="outer"/>
  <member type="way" ref="298244214" role="outer"/>
  <member type="way" ref="22718646" role="outer"/>
  <member type="way" ref="298458095" role="outer"/>
  <member type="way" ref="305654319" role="outer"/>
  <member type="way" ref="1396688996" role="outer"/>
  <member type="way" ref="1396689001" role="outer"/>
  <member type="way" ref="298458094" role="outer"/>
  <member type="way" ref="1356191322" role="outer"/>
  <member type="way" ref="31781704" role="outer"/>
  <member type="way" ref="892509688" role="outer"/>
  <member type="way" ref="31781700" role="outer"/>
  <member type="way" ref="1502921023" role="outer"/>
  <member type="way" ref="892509692" role="outer"/>
  <member type="way" ref="892509693" role="outer"/>
  <member type="way" ref="1285436674" role="outer"/>
  <member type="way" ref="289480889" role="outer"/>
  <member type="way" ref="299317209" role="outer"/>
  <member type="way" ref="299317217" role="outer"/>
  <member type="way" ref="298463834" role="outer"/>
  <member type="way" ref="82692932" role="outer"/>
  <member type="way" ref="26513143" role="outer"/>
  <member type="way" ref="312340734" role="outer"/>
  <member type="way" ref="81244709" role="outer"/>
  <member type="way" ref="291271632" role="outer"/>
  <member type="way" ref="298729191" role="outer"/>
  <member type="way" ref="82692969" role="outer"/>
  <member type="way" ref="298729193" role="outer"/>
  <member type="way" ref="85099564" role="outer"/>
  <member type="way" ref="298739055" role="outer"/>
  <member type="way" ref="226508752" role="outer"/>
  <member type="way" ref="223092075" role="outer"/>
  <member type="way" ref="596733538" role="outer"/>
  <member type="way" ref="226508750" role="outer"/>
  <member type="way" ref="1265697387" role="outer"/>
  <member type="way" ref="223092076" role="outer"/>
  <member type="way" ref="439084630" role="outer"/>
  <member type="way" ref="62940951" role="outer"/>
  <member type="way" ref="1320220898" role="outer"/>
  <member type="way" ref="303404814" role="outer"/>
  <member type="way" ref="993352856" role="outer"/>
  <member type="way" ref="222720128" role="outer"/>
  <member type="way" ref="1309220231" role="outer"/>
  <member type="way" ref="36102360" role="outer"/>
  <member type="way" ref="62940968" role="outer"/>
  <member type="way" ref="288399222" role="outer"/>
  <member type="way" ref="484301223" role="outer"/>
  <member type="way" ref="288399221" role="outer"/>
  <member type="way" ref="26508395" role="outer"/>
  <member type="way" ref="483833155" role="outer"/>
  <member type="way" ref="86576227" role="outer"/>
  <member type="way" ref="474972785" role="outer"/>
  <member type="way" ref="46933265" role="outer"/>
  <member type="way" ref="81339746" role="outer"/>
  <member type="way" ref="26330278" role="outer"/>
  <member type="way" ref="81341265" role="outer"/>
  <member type="way" ref="81341261" role="outer"/>
  <member type="way" ref="81341262" role="outer"/>
  <member type="way" ref="39517293" role="outer"/>
  <member type="way" ref="39517297" role="outer"/>
  <member type="way" ref="81341259" role="outer"/>
  <member type="way" ref="36866330" role="outer"/>
  <member type="way" ref="85099536" role="outer"/>
  <member type="way" ref="81341260" role="outer"/>
  <member type="way" ref="131828246" role="outer"/>
  <member type="way" ref="750142458" role="outer"/>
  <member type="way" ref="750142467" role="outer"/>
  <member type="way" ref="750142466" role="outer"/>
  <member type="way" ref="1543316511" role="outer"/>
  <member type="way" ref="1372763321" role="outer"/>
  <member type="way" ref="139486215" role="outer"/>
  <member type="way" ref="1433125561" role="outer"/>
  <member type="way" ref="1433125562" role="outer"/>
  <member type="way" ref="1433125573" role="outer"/>
  <member type="way" ref="1433125574" role="outer"/>
  <member type="way" ref="1433125578" role="outer"/>
  <member type="way" ref="1433125584" role="outer"/>
  <member type="way" ref="1433125588" role="outer"/>
  <member type="way" ref="1433125592" role="outer"/>
  <member type="way" ref="131828368" role="outer"/>
  <member type="way" ref="1433125586" role="outer"/>
  <member type="way" ref="1543316513" role="outer"/>
  <member type="way" ref="180867887" role="outer"/>
  <member type="way" ref="1325728695" role="outer"/>
  <member type="way" ref="183600708" role="outer"/>
  <member type="way" ref="922099087" role="outer"/>
  <member type="way" ref="550674404" role="outer"/>
  <member type="way" ref="406431786" role="outer"/>
  <member type="way" ref="406431787" role="outer"/>
  <member type="way" ref="801714116" role="outer"/>
  <member type="way" ref="262795442" role="outer"/>
  <member type="way" ref="183600716" role="outer"/>
  <member type="way" ref="184096014" role="outer"/>
  <member type="way" ref="220974712" role="outer"/>
  <member type="way" ref="872964806" role="outer"/>
  <member type="way" ref="220523009" role="outer"/>
  <member type="way" ref="184147156" role="outer"/>
  <member type="way" ref="1169052241" role="outer"/>
  <member type="way" ref="1169052240" role="outer"/>
  <member type="way" ref="1428863312" role="outer"/>
  <member type="way" ref="184234727" role="outer"/>
  <member type="way" ref="184241994" role="outer"/>
  <member type="way" ref="1025990857" role="outer"/>
  <member type="way" ref="637884333" role="outer"/>
  <member type="way" ref="637884337" role="outer"/>
  <member type="way" ref="184249250" role="outer"/>
  <member type="way" ref="623930063" role="outer"/>
  <member type="way" ref="119100490" role="outer"/>
  <member type="way" ref="637624216" role="outer"/>
  <member type="way" ref="304659589" role="outer"/>
  <member type="way" ref="624576596" role="outer"/>
  <member type="way" ref="624575003" role="outer"/>
  <member type="way" ref="624143167" role="outer"/>
  <member type="way" ref="624575002" role="outer"/>
  <member type="way" ref="624145296" role="outer"/>
  <member type="way" ref="624145297" role="outer"/>
  <member type="way" ref="675750121" role="outer"/>
  <member type="way" ref="304659579" role="outer"/>
  <member type="way" ref="304736371" role="outer"/>
  <member type="way" ref="304736369" role="outer"/>
  <member type="way" ref="184249248" role="outer"/>
  <member type="way" ref="304736341" role="outer"/>
  <member type="way" ref="304736372" role="outer"/>
  <member type="way" ref="304736370" role="outer"/>
  <member type="way" ref="304789153" role="outer"/>
  <member type="way" ref="184690785" role="outer"/>
  <member type="way" ref="948540076" role="outer"/>
  <member type="way" ref="304980265" role="outer"/>
  <member type="way" ref="614327586" role="outer"/>
  <member type="way" ref="618388542" role="outer"/>
  <member type="way" ref="842709509" role="outer"/>
  <member type="way" ref="643433563" role="outer"/>
  <member type="way" ref="842709510" role="outer"/>
  <member type="way" ref="187114388" role="outer"/>
  <member type="way" ref="185642485" role="outer"/>
  <member type="way" ref="189150209" role="outer"/>
  <member type="way" ref="616687662" role="outer"/>
  <member type="way" ref="305190402" role="outer"/>
  <member type="way" ref="616919449" role="outer"/>
  <member type="way" ref="618388546" role="outer"/>
  <member type="way" ref="1558982843" role="outer"/>
  <member type="way" ref="618388544" role="outer"/>
  <member type="way" ref="187114386" role="outer"/>
  <member type="way" ref="583464024" role="outer"/>
  <member type="way" ref="327521110" role="outer"/>
  <member type="way" ref="189154488" role="outer"/>
  <member type="way" ref="618388547" role="outer"/>
  <member type="way" ref="646776715" role="outer"/>
  <member type="way" ref="646776714" role="outer"/>
  <member type="way" ref="646776713" role="outer"/>
  <member type="way" ref="646776712" role="outer"/>
  <member type="way" ref="305190403" role="outer"/>
  <member type="way" ref="264691704" role="outer"/>
  <member type="way" ref="993314654" role="outer"/>
  <member type="way" ref="119108136" role="outer"/>
  <member type="way" ref="239252462" role="outer"/>
  <member type="way" ref="688216646" role="outer"/>
  <member type="way" ref="187130998" role="outer"/>
  <member type="way" ref="688216632" role="outer"/>
  <member type="way" ref="587373345" role="outer"/>
  <member type="way" ref="259457933" role="outer"/>
  <member type="way" ref="349940005" role="outer"/>
  <member type="way" ref="847010990" role="outer"/>
  <member type="way" ref="850096597" role="outer"/>
  <member type="way" ref="249490653" role="outer"/>
  <member type="way" ref="189308645" role="outer"/>
  <member type="way" ref="1564562239" role="outer"/>
  <member type="way" ref="1537202701" role="outer"/>
  <member type="way" ref="1564562240" role="outer"/>
  <member type="way" ref="1537202700" role="outer"/>
  <member type="way" ref="249707936" role="outer"/>
  <member type="way" ref="198046030" role="outer"/>
  <member type="way" ref="878050090" role="outer"/>
  <member type="way" ref="965034547" role="outer"/>
  <member type="way" ref="878050093" role="outer"/>
  <member type="way" ref="965034550" role="outer"/>
  <member type="way" ref="250259414" role="outer"/>
  <member type="way" ref="189410655" role="outer"/>
  <member type="way" ref="189410654" role="outer"/>
  <member type="way" ref="839722318" role="outer"/>
  <member type="way" ref="189779409" role="outer"/>
  <member type="way" ref="198065740" role="outer"/>
  <member type="way" ref="254526044" role="outer"/>
  <member type="way" ref="189826525" role="outer"/>
  <member type="way" ref="254584662" role="outer"/>
  <member type="way" ref="198079396" role="outer"/>
  <member type="way" ref="189781506" role="outer"/>
  <member type="way" ref="189412484" role="outer"/>
  <member type="way" ref="189410653" role="outer"/>
  <member type="way" ref="198090737" role="outer"/>
  <member type="way" ref="254687286" role="outer"/>
  <member type="way" ref="45304651" role="outer"/>
  <member type="way" ref="254688365" role="outer"/>
  <member type="way" ref="255228768" role="outer"/>
  <member type="way" ref="255228769" role="outer"/>
  <member type="way" ref="198097283" role="outer"/>
  <member type="way" ref="255228767" role="outer"/>
  <member type="way" ref="295762360" role="outer"/>
  <member type="way" ref="1303387189" role="outer"/>
  <member type="way" ref="191329178" role="outer"/>
  <member type="way" ref="1303387167" role="outer"/>
  <member type="way" ref="191412676" role="outer"/>
  <member type="way" ref="191412664" role="outer"/>
  <member type="way" ref="1303387162" role="outer"/>
  <member type="way" ref="191412670" role="outer"/>
  <member type="way" ref="191412665" role="outer"/>
  <member type="way" ref="1392749154" role="outer"/>
  <member type="way" ref="1392749153" role="outer"/>
  <member type="way" ref="636715774" role="outer"/>
  <member type="way" ref="255447759" role="outer"/>
  <member type="way" ref="636715773" role="outer"/>
  <member type="way" ref="191412666" role="outer"/>
  <member type="way" ref="885734120" role="outer"/>
  <member type="way" ref="1448158834" role="outer"/>
  <member type="way" ref="885734119" role="outer"/>
  <member type="way" ref="1448158837" role="outer"/>
  <member type="way" ref="1448300486" role="outer"/>
  <member type="way" ref="1448300488" role="outer"/>
  <member type="way" ref="885734117" role="outer"/>
  <member type="way" ref="1448300489" role="outer"/>
  <member type="way" ref="558616414" role="outer"/>
  <member type="way" ref="812910653" role="outer"/>
  <member type="way" ref="263414059" role="outer"/>
  <member type="way" ref="1303343752" role="outer"/>
  <member type="way" ref="263414060" role="outer"/>
  <member type="way" ref="1127419342" role="outer"/>
  <member type="way" ref="32785776" role="outer"/>
  <member type="way" ref="191504316" role="outer"/>
  <member type="way" ref="640877764" role="outer"/>
  <member type="way" ref="1127419340" role="outer"/>
  <member type="way" ref="708152691" role="outer"/>
  <member type="way" ref="1301825242" role="outer"/>
  <member type="way" ref="708152692" role="outer"/>
  <member type="way" ref="1415874990" role="outer"/>
  <member type="way" ref="1415874975" role="outer"/>
  <member type="way" ref="191504634" role="outer"/>
  <member type="way" ref="1415874974" role="outer"/>
  <member type="way" ref="1415874972" role="outer"/>
  <member type="way" ref="10579105" role="outer"/>
  <member type="way" ref="802285117" role="outer"/>
  <member type="way" ref="1127419326" role="outer"/>
  <member type="way" ref="406471373" role="outer"/>
  <member type="way" ref="796220167" role="outer"/>
  <member type="way" ref="796285773" role="outer"/>
  <member type="way" ref="796285772" role="outer"/>
  <member type="way" ref="796220154" role="outer"/>
  <member type="way" ref="1127862791" role="outer"/>
  <member type="way" ref="805912145" role="outer"/>
  <member type="way" ref="805912146" role="outer"/>
  <member type="way" ref="796220111" role="outer"/>
  <member type="way" ref="796220140" role="outer"/>
  <member type="way" ref="796220138" role="outer"/>
  <member type="way" ref="796220135" role="outer"/>
  <member type="way" ref="796220127" role="outer"/>
  <member type="way" ref="796220121" role="outer"/>
  <member type="way" ref="796220120" role="outer"/>
  <member type="way" ref="796220119" role="outer"/>
  <member type="way" ref="796220113" role="outer"/>
  <member type="way" ref="376619678" role="outer"/>
  <member type="way" ref="796220116" role="outer"/>
  <member type="way" ref="796220115" role="outer"/>
  <member type="way" ref="796220151" role="outer"/>
  <member type="way" ref="796220149" role="outer"/>
  <member type="way" ref="796220150" role="outer"/>
  <member type="way" ref="704094039" role="outer"/>
  <member type="way" ref="808919766" role="outer"/>
  <member type="way" ref="808259066" role="outer"/>
  <member type="way" ref="812608524" role="outer"/>
  <member type="way" ref="1127419325" role="outer"/>
  <member type="way" ref="796287385" role="outer"/>
  <member type="way" ref="1127419366" role="outer"/>
  <member type="way" ref="1303343775" role="outer"/>
  <member type="way" ref="10579117" role="outer"/>
  <member type="way" ref="796220161" role="outer"/>
  <member type="way" ref="837274704" role="outer"/>
  <member type="way" ref="191502688" role="outer"/>
  <member type="way" ref="837274714" role="outer"/>
  <member type="way" ref="639989428" role="outer"/>
  <member type="way" ref="837274716" role="outer"/>
  <member type="way" ref="837274720" role="outer"/>
  <member type="way" ref="837274719" role="outer"/>
  <member type="way" ref="837274723" role="outer"/>
  <member type="way" ref="796220164" role="outer"/>
  <member type="way" ref="10582427" role="outer"/>
  <member type="way" ref="639386233" role="outer"/>
  <member type="way" ref="639386230" role="outer"/>
  <member type="way" ref="10582245" role="outer"/>
  <member type="way" ref="1127835172" role="outer"/>
  <member type="way" ref="836662453" role="outer"/>
  <member type="way" ref="10582218" role="outer"/>
  <member type="way" ref="791428966" role="outer"/>
  <member type="way" ref="10582426" role="outer"/>
  <member type="way" ref="836662448" role="outer"/>
  <member type="way" ref="835139871" role="outer"/>
  <member type="way" ref="10582749" role="outer"/>
  <member type="way" ref="616959299" role="outer"/>
  <member type="way" ref="836662444" role="outer"/>
  <member type="way" ref="836662446" role="outer"/>
  <member type="way" ref="836662442" role="outer"/>
  <member type="way" ref="836662440" role="outer"/>
  <member type="way" ref="836662436" role="outer"/>
  <member type="way" ref="836662438" role="outer"/>
  <member type="way" ref="836662403" role="outer"/>
  <member type="way" ref="792167636" role="outer"/>
  <member type="way" ref="616959300" role="outer"/>
  <member type="way" ref="836662406" role="outer"/>
  <member type="way" ref="836662405" role="outer"/>
  <member type="way" ref="836662408" role="outer"/>
  <member type="way" ref="836662413" role="outer"/>
  <member type="way" ref="836662411" role="outer"/>
  <member type="way" ref="836662410" role="outer"/>
  <member type="way" ref="836662417" role="outer"/>
  <member type="way" ref="836662416" role="outer"/>
  <member type="way" ref="836662419" role="outer"/>
  <member type="way" ref="836662421" role="outer"/>
  <member type="way" ref="836662422" role="outer"/>
  <member type="way" ref="836662425" role="outer"/>
  <member type="way" ref="836662424" role="outer"/>
  <member type="way" ref="836662429" role="outer"/>
  <member type="way" ref="836662428" role="outer"/>
  <member type="way" ref="836662432" role="outer"/>
  <member type="way" ref="836662434" role="outer"/>
  <member type="way" ref="791428958" role="outer"/>
  <member type="way" ref="835131708" role="outer"/>
  <member type="way" ref="795753571" role="outer"/>
  <member type="way" ref="616959297" role="outer"/>
  <member type="way" ref="791428956" role="outer"/>
  <member type="way" ref="10582945" role="outer"/>
  <member type="way" ref="833237181" role="outer"/>
  <member type="way" ref="833237180" role="outer"/>
  <member type="way" ref="1127909881" role="outer"/>
  <member type="way" ref="1127830164" role="outer"/>
  <member type="way" ref="792167637" role="outer"/>
  <member type="way" ref="10582009" role="outer"/>
  <member type="way" ref="10582956" role="outer"/>
  <member type="way" ref="10583212" role="outer"/>
  <member type="way" ref="1127909888" role="outer"/>
  <member type="way" ref="10582906" role="outer"/>
  <member type="way" ref="10582055" role="outer"/>
  <member type="way" ref="791428955" role="outer"/>
  <member type="way" ref="10582287" role="outer"/>
  <member type="way" ref="1127830148" role="outer"/>
  <member type="way" ref="10618189" role="outer"/>
  <member type="way" ref="10618605" role="outer"/>
  <member type="way" ref="10618582" role="outer"/>
  <member type="way" ref="10618163" role="outer"/>
  <member type="way" ref="795753572" role="outer"/>
  <member type="way" ref="1127830109" role="outer"/>
  <member type="way" ref="10618750" role="outer"/>
  <member type="way" ref="813484955" role="outer"/>
  <member type="way" ref="10618642" role="outer"/>
  <member type="way" ref="10617577" role="outer"/>
  <member type="way" ref="10617706" role="outer"/>
  <member type="way" ref="813484956" role="outer"/>
  <member type="way" ref="10618176" role="outer"/>
  <member type="way" ref="10617426" role="outer"/>
  <member type="way" ref="10618708" role="outer"/>
  <member type="way" ref="10618105" role="outer"/>
  <member type="way" ref="10618431" role="outer"/>
  <member type="way" ref="10618309" role="outer"/>
  <member type="way" ref="36911839" role="outer"/>
  <member type="way" ref="10618320" role="outer"/>
  <member type="way" ref="813484960" role="outer"/>
  <member type="way" ref="813484961" role="outer"/>
  <member type="way" ref="793866408" role="outer"/>
  <member type="way" ref="793866403" role="outer"/>
  <member type="way" ref="793866409" role="outer"/>
  <member type="way" ref="1301837657" role="outer"/>
  <member type="way" ref="431587391" role="outer"/>
  <member type="way" ref="793866404" role="outer"/>
  <member type="way" ref="836189516" role="outer"/>
  <member type="way" ref="435244951" role="outer"/>
  <member type="way" ref="435244952" role="outer"/>
  <member type="way" ref="435244466" role="outer"/>
  <member type="way" ref="813690240" role="outer"/>
  <member type="way" ref="435244465" role="outer"/>
  <member type="way" ref="813690239" role="outer"/>
  <member type="way" ref="813680576" role="outer"/>
  <member type="way" ref="1301860225" role="outer"/>
  <member type="way" ref="10618599" role="outer"/>
  <member type="way" ref="191511568" role="outer"/>
  <member type="way" ref="430896685" role="outer"/>
  <member type="way" ref="430896686" role="outer"/>
  <member type="way" ref="1303542169" role="outer"/>
  <member type="way" ref="431106779" role="outer"/>
  <member type="way" ref="220537998" role="outer"/>
  <member type="way" ref="813680578" role="outer"/>
  <member type="way" ref="813690237" role="outer"/>
  <member type="way" ref="815558701" role="outer"/>
  <member type="way" ref="815558700" role="outer"/>
  <member type="way" ref="815558706" role="outer"/>
  <member type="way" ref="815558705" role="outer"/>
  <member type="way" ref="815558709" role="outer"/>
  <member type="way" ref="815558708" role="outer"/>
  <member type="way" ref="815558712" role="outer"/>
  <member type="way" ref="815558714" role="outer"/>
  <member type="way" ref="962413310" role="outer"/>
  <member type="way" ref="815558721" role="outer"/>
  <member type="way" ref="815558727" role="outer"/>
  <member type="way" ref="1303778868" role="outer"/>
  <member type="way" ref="791428960" role="outer"/>
  <member type="way" ref="815558725" role="outer"/>
  <member type="way" ref="815558724" role="outer"/>
  <member type="way" ref="708584035" role="outer"/>
  <member type="way" ref="815558722" role="outer"/>
  <member type="way" ref="795677056" role="outer"/>
  <member type="way" ref="791428961" role="outer"/>
  <member type="way" ref="708584036" role="outer"/>
  <member type="way" ref="395301496" role="outer"/>
  <member type="way" ref="791428965" role="outer"/>
  <member type="way" ref="791428963" role="outer"/>
  <member type="way" ref="795303811" role="outer"/>
  <member type="way" ref="1278250732" role="outer"/>
  <member type="way" ref="1303542132" role="outer"/>
  <member type="way" ref="1278250735" role="outer"/>
  <member type="way" ref="1278250741" role="outer"/>
  <member type="way" ref="191643422" role="outer"/>
  <member type="way" ref="1278250763" role="outer"/>
  <member type="way" ref="1278250746" role="outer"/>
  <member type="way" ref="1278250733" role="outer"/>
  <member type="way" ref="782255879" role="outer"/>
  <member type="way" ref="782255878" role="outer"/>
  <member type="way" ref="795303803" role="outer"/>
  <member type="way" ref="143982086" role="outer"/>
  <member type="way" ref="1303542121" role="outer"/>
  <member type="way" ref="191644166" role="outer"/>
  <member type="way" ref="1303776277" role="outer"/>
  <member type="way" ref="164962786" role="outer"/>
  <member type="way" ref="791157680" role="outer"/>
  <member type="way" ref="47840132" role="outer"/>
  <member type="way" ref="192148175" role="outer"/>
  <member type="way" ref="960817305" role="outer"/>
  <member type="way" ref="960817304" role="outer"/>
  <member type="way" ref="960817302" role="outer"/>
  <member type="way" ref="961359131" role="outer"/>
  <member type="way" ref="961359127" role="outer"/>
  <member type="way" ref="961359128" role="outer"/>
  <member type="way" ref="961359130" role="outer"/>
  <member type="way" ref="961359129" role="outer"/>
  <member type="way" ref="192148173" role="outer"/>
  <member type="way" ref="557235224" role="outer"/>
  <member type="way" ref="797983715" role="outer"/>
  <member type="way" ref="978703716" role="outer"/>
  <member type="way" ref="980100789" role="outer"/>
  <member type="way" ref="980100788" role="outer"/>
  <member type="way" ref="192168443" role="outer"/>
  <member type="way" ref="980100787" role="outer"/>
  <member type="way" ref="980100786" role="outer"/>
  <member type="way" ref="963254592" role="outer"/>
  <member type="way" ref="963254593" role="outer"/>
  <member type="way" ref="433838131" role="outer"/>
  <member type="way" ref="963254598" role="outer"/>
  <member type="way" ref="433838136" role="outer"/>
  <member type="way" ref="963254599" role="outer"/>
  <member type="way" ref="963254597" role="outer"/>
  <member type="way" ref="1013742854" role="outer"/>
  <member type="way" ref="963254589" role="outer"/>
  <member type="way" ref="963254588" role="outer"/>
  <member type="way" ref="963254587" role="outer"/>
  <member type="way" ref="183843439" role="outer"/>
  <member type="way" ref="1548628972" role="outer"/>
  <member type="way" ref="1013742851" role="outer"/>
  <member type="way" ref="192948173" role="outer"/>
  <member type="way" ref="193042527" role="outer"/>
  <member type="way" ref="963724228" role="outer"/>
  <member type="way" ref="963724227" role="outer"/>
  <member type="way" ref="963724214" role="outer"/>
  <member type="way" ref="963724215" role="outer"/>
  <member type="way" ref="147187551" role="outer"/>
  <member type="way" ref="337622173" role="outer"/>
  <member type="way" ref="337622174" role="outer"/>
  <member type="way" ref="337622172" role="outer"/>
  <member type="way" ref="337622178" role="outer"/>
  <member type="way" ref="337622168" role="outer"/>
  <member type="way" ref="337622167" role="outer"/>
  <member type="way" ref="337622176" role="outer"/>
  <member type="way" ref="337622132" role="outer"/>
  <member type="way" ref="147187516" role="outer"/>
  <member type="way" ref="388764768" role="outer"/>
  <member type="way" ref="1446894994" role="outer"/>
  <member type="way" ref="388764769" role="outer"/>
  <member type="way" ref="487981420" role="outer"/>
  <member type="way" ref="487597530" role="outer"/>
  <member type="way" ref="147187519" role="outer"/>
  <member type="way" ref="194714849" role="outer"/>
  <member type="way" ref="335298597" role="outer"/>
  <member type="way" ref="1501673836" role="outer"/>
  <member type="way" ref="335298598" role="outer"/>
  <member type="way" ref="580230905" role="outer"/>
  <member type="way" ref="992910994" role="outer"/>
  <member type="way" ref="580230902" role="outer"/>
  <member type="way" ref="718892747" role="outer"/>
  <member type="way" ref="335298599" role="outer"/>
  <member type="way" ref="718900773" role="outer"/>
  <member type="way" ref="718892742" role="outer"/>
  <member type="way" ref="798122250" role="outer"/>
  <member type="way" ref="718892746" role="outer"/>
  <member type="way" ref="798122249" role="outer"/>
  <member type="way" ref="718900774" role="outer"/>
  <member type="way" ref="718892748" role="outer"/>
  <member type="way" ref="194706389" role="outer"/>
  <member type="way" ref="995841062" role="outer"/>
  <member type="way" ref="441717701" role="outer"/>
  <member type="way" ref="441717702" role="outer"/>
  <member type="way" ref="441716229" role="outer"/>
  <member type="way" ref="441716200" role="outer"/>
  <member type="way" ref="441716207" role="outer"/>
  <member type="way" ref="441716225" role="outer"/>
  <member type="way" ref="441716226" role="outer"/>
  <member type="way" ref="441716204" role="outer"/>
  <member type="way" ref="194705913" role="outer"/>
  <member type="way" ref="194704682" role="outer"/>
  <member type="way" ref="1008203207" role="outer"/>
  <member type="way" ref="1008230510" role="outer"/>
  <member type="way" ref="1251452278" role="outer"/>
  <member type="way" ref="1251452274" role="outer"/>
  <member type="way" ref="1251452270" role="outer"/>
  <member type="way" ref="1251452264" role="outer"/>
  <member type="way" ref="1251452260" role="outer"/>
  <member type="way" ref="1251452253" role="outer"/>
  <member type="way" ref="1251452251" role="outer"/>
  <member type="way" ref="1245145132" role="outer"/>
  <member type="way" ref="147187540" role="outer"/>
  <member type="way" ref="1245145136" role="outer"/>
  <member type="way" ref="1245025270" role="outer"/>
  <member type="way" ref="1245025269" role="outer"/>
  <member type="way" ref="1245037605" role="outer"/>
  <member type="way" ref="676237532" role="outer"/>
  <member type="way" ref="676237535" role="outer"/>
  <member type="way" ref="676237543" role="outer"/>
  <member type="way" ref="676237541" role="outer"/>
  <member type="way" ref="676237544" role="outer"/>
  <member type="way" ref="147187541" role="outer"/>
  <member type="way" ref="798536462" role="outer"/>
  <member type="way" ref="798536464" role="outer"/>
  <member type="way" ref="798536472" role="outer"/>
  <member type="way" ref="581406140" role="outer"/>
  <member type="way" ref="798536469" role="outer"/>
  <member type="way" ref="259109325" role="outer"/>
  <member type="way" ref="798536471" role="outer"/>
  <member type="way" ref="798536473" role="outer"/>
  <member type="way" ref="1295972795" role="outer"/>
  <member type="way" ref="194704681" role="outer"/>
  <member type="way" ref="1295972796" role="outer"/>
  <member type="way" ref="1295972793" role="outer"/>
  <member type="way" ref="798536458" role="outer"/>
  <member type="way" ref="91820919" role="outer"/>
  <member type="way" ref="194704685" role="outer"/>
  <member type="way" ref="706820749" role="outer"/>
  <member type="way" ref="194704675" role="outer"/>
  <member type="way" ref="462426587" role="outer"/>
  <member type="way" ref="10620778" role="outer"/>
  <member type="way" ref="262425259" role="outer"/>
  <member type="way" ref="462426572" role="outer"/>
  <member type="way" ref="462426571" role="outer"/>
  <member type="way" ref="462426576" role="outer"/>
  <member type="way" ref="462426575" role="outer"/>
  <member type="way" ref="462426574" role="outer"/>
  <member type="way" ref="462426573" role="outer"/>
  <member type="way" ref="462426578" role="outer"/>
  <member type="way" ref="262405924" role="outer"/>
  <member type="way" ref="465883120" role="outer"/>
  <member type="way" ref="319783939" role="outer"/>
  <member type="way" ref="462426601" role="outer"/>
  <member type="way" ref="462426600" role="outer"/>
  <member type="way" ref="462426599" role="outer"/>
  <member type="way" ref="462426598" role="outer"/>
  <member type="way" ref="462426597" role="outer"/>
  <member type="way" ref="462426596" role="outer"/>
  <member type="way" ref="789972444" role="outer"/>
  <member type="way" ref="462426595" role="outer"/>
  <member type="way" ref="462426594" role="outer"/>
  <member type="way" ref="462426593" role="outer"/>
  <member type="way" ref="462426592" role="outer"/>
  <member type="way" ref="462426591" role="outer"/>
  <member type="way" ref="462426590" role="outer"/>
  <member type="way" ref="462426589" role="outer"/>
  <member type="way" ref="462426588" role="outer"/>
  <member type="way" ref="319786217" role="outer"/>
  <member type="way" ref="462426580" role="outer"/>
  <member type="way" ref="462426581" role="outer"/>
  <member type="way" ref="319791029" role="outer"/>
  <member type="way" ref="462426582" role="outer"/>
  <member type="way" ref="319791405" role="outer"/>
  <member type="way" ref="462426584" role="outer"/>
  <member type="way" ref="462426583" role="outer"/>
  <member type="way" ref="462426586" role="outer"/>
  <member type="way" ref="462426585" role="outer"/>
  <member type="way" ref="319791406" role="outer"/>
  <member type="way" ref="798493144" role="outer"/>
  <member type="way" ref="798493127" role="outer"/>
  <member type="way" ref="798493143" role="outer"/>
  <member type="way" ref="762280383" role="outer"/>
  <member type="way" ref="762280382" role="outer"/>
  <member type="way" ref="798493145" role="outer"/>
  <member type="way" ref="465883116" role="outer"/>
  <member type="way" ref="465883114" role="outer"/>
  <member type="way" ref="465883107" role="outer"/>
  <member type="way" ref="465883106" role="outer"/>
  <member type="way" ref="319959766" role="outer"/>
  <member type="way" ref="465883112" role="outer"/>
  <member type="way" ref="465883110" role="outer"/>
  <member type="way" ref="465883109" role="outer"/>
  <member type="way" ref="798493146" role="outer"/>
  <member type="way" ref="465883108" role="outer"/>
  <member type="way" ref="659299371" role="outer"/>
  <member type="way" ref="659299372" role="outer"/>
  <member type="way" ref="186841794" role="outer"/>
  <member type="way" ref="465883104" role="outer"/>
  <member type="way" ref="465883105" role="outer"/>
  <member type="way" ref="19554547" role="outer"/>
  <member type="way" ref="659299362" role="outer"/>
  <member type="way" ref="762280385" role="outer"/>
  <member type="way" ref="206883630" role="outer"/>
  <member type="way" ref="1419674512" role="outer"/>
  <member type="way" ref="259109245" role="outer"/>
  <member type="way" ref="259109344" role="outer"/>
  <member type="way" ref="19425617" role="outer"/>
  <member type="way" ref="799494170" role="outer"/>
  <member type="way" ref="799494171" role="outer"/>
  <member type="way" ref="19425557" role="outer"/>
  <member type="way" ref="706820752" role="outer"/>
  <member type="way" ref="19425562" role="outer"/>
  <member type="way" ref="182888681" role="outer"/>
  <member type="way" ref="182888679" role="outer"/>
  <member type="way" ref="179988909" role="outer"/>
  <member type="way" ref="259109251" role="outer"/>
  <member type="way" ref="179988903" role="outer"/>
  <member type="way" ref="1054974823" role="outer"/>
  <member type="way" ref="1149018794" role="outer"/>
  <member type="way" ref="1054974822" role="outer"/>
  <member type="way" ref="1148366607" role="outer"/>
  <member type="way" ref="1148366606" role="outer"/>
  <member type="way" ref="679024268" role="outer"/>
  <member type="way" ref="679024267" role="outer"/>
  <member type="way" ref="116792806" role="outer"/>
  <member type="way" ref="788904107" role="outer"/>
  <member type="way" ref="175593695" role="outer"/>
  <member type="way" ref="788904105" role="outer"/>
  <member type="way" ref="167908389" role="outer"/>
  <member type="way" ref="206848424" role="outer"/>
  <member type="way" ref="206848423" role="outer"/>
  <member type="way" ref="167906372" role="outer"/>
  <member type="way" ref="305653010" role="outer"/>
  <member type="way" ref="1418583338" role="outer"/>
  <member type="way" ref="206861192" role="outer"/>
  <member type="way" ref="185599306" role="outer"/>
  <member type="way" ref="1418531502" role="outer"/>
  <member type="way" ref="185597693" role="outer"/>
  <member type="way" ref="1418539003" role="outer"/>
  <member type="way" ref="1418539005" role="outer"/>
  <member type="way" ref="1552356824" role="outer"/>
  <member type="way" ref="1418496946" role="outer"/>
  <member type="way" ref="206861190" role="outer"/>
  <member type="way" ref="206861184" role="outer"/>
  <member type="way" ref="1049745149" role="outer"/>
  <member type="way" ref="1049745148" role="outer"/>
  <member type="way" ref="1444794896" role="outer"/>
  <member type="way" ref="19757608" role="outer"/>
  <member type="way" ref="1444794894" role="outer"/>
  <member type="way" ref="153194630" role="outer"/>
  <member type="way" ref="153194617" role="outer"/>
  <member type="way" ref="160359623" role="outer"/>
  <member type="way" ref="160376150" role="outer"/>
  <member type="way" ref="875880066" role="outer"/>
  <member type="way" ref="160376149" role="outer"/>
  <member type="way" ref="875880065" role="outer"/>
  <member type="way" ref="160535506" role="outer"/>
  <member type="way" ref="875880062" role="outer"/>
  <member type="way" ref="466121322" role="outer"/>
  <member type="way" ref="875880063" role="outer"/>
  <member type="way" ref="466121318" role="outer"/>
  <member type="way" ref="160540618" role="outer"/>
  <member type="way" ref="865547600" role="outer"/>
  <member type="way" ref="610359435" role="outer"/>
  <member type="way" ref="865547603" role="outer"/>
  <member type="way" ref="466121317" role="outer"/>
  <member type="way" ref="865547602" role="outer"/>
  <member type="way" ref="176937346" role="outer"/>
  <member type="way" ref="81339747" role="outer"/>
  <member type="way" ref="444637743" role="outer"/>
  <member type="way" ref="444637746" role="outer"/>
  <member type="way" ref="444637739" role="outer"/>
  <member type="way" ref="867931025" role="outer"/>
  <member type="way" ref="1485124884" role="outer"/>
  <member type="way" ref="160680309" role="outer"/>
  <member type="way" ref="1317447693" role="outer"/>
  <member type="way" ref="548442230" role="outer"/>
  <member type="way" ref="444637744" role="outer"/>
  <member type="way" ref="444637742" role="outer"/>
  <member type="way" ref="444637745" role="outer"/>
  <member type="way" ref="444637738" role="outer"/>
  <member type="way" ref="1489186670" role="outer"/>
  <member type="way" ref="1484801122" role="outer"/>
  <member type="way" ref="188289836" role="outer"/>
  <member type="way" ref="1489205365" role="outer"/>
  <member type="way" ref="444637741" role="outer"/>
  <member type="way" ref="444637747" role="outer"/>
  <member type="way" ref="444637740" role="outer"/>
  <member type="way" ref="1341335171" role="outer"/>
  <member type="way" ref="1341335170" role="outer"/>
  <member type="way" ref="81722452" role="outer"/>
  <member type="way" ref="1238770823" role="outer"/>
  <member type="way" ref="244316714" role="outer"/>
  <member type="way" ref="244316713" role="outer"/>
  <member type="way" ref="303265238" role="outer"/>
  <member type="way" ref="48055913" role="outer"/>
  <member type="way" ref="293501224" role="outer"/>
  <member type="way" ref="293501227" role="outer"/>
  <member type="way" ref="293945394" role="outer"/>
  <member type="way" ref="28533932" role="outer"/>
  <member type="way" ref="265965119" role="outer"/>
  <member type="way" ref="48055240" role="outer"/>
  <member type="way" ref="293945750" role="outer"/>
  <member type="way" ref="783961383" role="outer"/>
  <member type="way" ref="23136616" role="outer"/>
  <member type="way" ref="1277772902" role="outer"/>
  <member type="way" ref="1238770820" role="outer"/>
  <member type="way" ref="1279791486" role="outer"/>
  <member type="way" ref="379689202" role="outer"/>
  <member type="way" ref="48664397" role="outer"/>
  <member type="way" ref="272149446" role="outer"/>
  <member type="way" ref="23136615" role="outer"/>
  <member type="way" ref="129480974" role="outer"/>
  <member type="way" ref="272149445" role="outer"/>
  <member type="way" ref="292492005" role="outer"/>
  <member type="way" ref="583093071" role="outer"/>
  <member type="way" ref="26549522" role="outer"/>
  <member type="way" ref="1334087675" role="outer"/>
  <member type="way" ref="292492021" role="outer"/>
  <member type="way" ref="1276736080" role="outer"/>
  <member type="way" ref="653654256" role="outer"/>
  <member type="way" ref="29195885" role="outer"/>
  <member type="way" ref="653654257" role="outer"/>
  <member type="way" ref="126454322" role="outer"/>
  <member type="way" ref="29195887" role="outer"/>
  <member type="way" ref="680640187" role="outer"/>
  <member type="way" ref="680965155" role="outer"/>
  <member type="way" ref="653680172" role="outer"/>
  <member type="way" ref="292492014" role="outer"/>
  <member type="way" ref="29196366" role="outer"/>
  <member type="way" ref="296380519" role="outer"/>
  <member type="way" ref="292500042" role="outer"/>
  <member type="way" ref="560617731" role="outer"/>
  <member type="way" ref="1442966039" role="outer"/>
  <member type="way" ref="292500043" role="outer"/>
  <member type="way" ref="1128352604" role="outer"/>
  <member type="way" ref="1128352603" role="outer"/>
  <member type="way" ref="10579059" role="outer"/>
  <member type="way" ref="1185576410" role="outer"/>
  <member type="way" ref="1127896958" role="outer"/>
  <member type="way" ref="1127860143" role="outer"/>
  <member type="way" ref="807436228" role="inner"/>
  <member type="way" ref="118398302" role="inner"/>
  <member type="way" ref="807436233" role="inner"/>
  <member type="way" ref="807436227" role="inner"/>
  <member type="way" ref="807436231" role="inner"/>
  <member type="way" ref="807436230" role="inner"/>
  <member type="way" ref="825943227" role="inner"/>
  <member type="way" ref="825943226" role="inner"/>
  <member type="way" ref="825943229" role="inner"/>
  <member type="way" ref="1076233994" role="inner"/>
  <member type="way" ref="1076233995" role="inner"/>
  <member type="way" ref="807680463" role="inner"/>
  <member type="way" ref="825943228" role="inner"/>
  <member type="way" ref="807689002" role="inner"/>
  <member type="way" ref="10579214" role="inner"/>
  <member type="way" ref="118397539" role="inner"/>
  <member type="way" ref="837266026" role="outer"/>
  <member type="way" ref="837266027" role="outer"/>
  <member type="way" ref="118401134" role="outer"/>
  <member type="way" ref="837266343" role="outer"/>
  <member type="way" ref="837266344" role="outer"/>
  <member type="way" ref="260419568" role="outer"/>
  <member type="way" ref="319959764" role="outer"/>
  <member type="way" ref="319959765" role="outer"/>
  <member type="way" ref="10583035" role="outer"/>
  <member type="way" ref="10582233" role="outer"/>
  <member type="way" ref="10618446" role="outer"/>
  <member type="way" ref="803658493" role="outer"/>
  <member type="way" ref="10579388" role="outer"/>
  <member type="way" ref="10583156" role="outer"/>
  <member type="way" ref="10581975" role="outer"/>
  <member type="way" ref="704415366" role="outer"/>
  <member type="way" ref="10618459" role="outer"/>
  <member type="way" ref="10582043" role="outer"/>
  <member type="way" ref="791774675" role="outer"/>
  <member type="way" ref="10617743" role="outer"/>
  <member type="way" ref="10617932" role="outer"/>
  <member type="way" ref="10582318" role="outer"/>
  <member type="way" ref="10581992" role="outer"/>
  <member type="way" ref="10617501" role="outer"/>
  <member type="way" ref="10582674" role="outer"/>
  <member type="way" ref="780758085" role="outer"/>
  <member type="way" ref="10618526" role="outer"/>
  <member type="way" ref="10582640" role="outer"/>
  <member type="way" ref="10579235" role="outer"/>
  <member type="way" ref="10582878" role="outer"/>
  <member type="way" ref="10582076" role="outer"/>
  <member type="way" ref="10579148" role="outer"/>
  <member type="way" ref="10579370" role="outer"/>
  <member type="way" ref="10583323" role="outer"/>
  <member type="way" ref="10617965" role="outer"/>
  <member type="way" ref="616916688" role="outer"/>
  <member type="way" ref="616961460" role="outer"/>
  <member type="way" ref="791510531" role="outer"/>
  <member type="way" ref="10583024" role="outer"/>
  <member type="way" ref="10579485" role="outer"/>
  <member type="way" ref="10618220" role="outer"/>
  <member type="way" ref="10579436" role="outer"/>
  <member type="way" ref="10583389" role="outer"/>
  <member type="way" ref="791794071" role="outer"/>
  <member type="way" ref="10582213" role="outer"/>
  <member type="way" ref="616916416" role="outer"/>
  <member type="way" ref="10582435" role="outer"/>
  <member type="way" ref="205417905" role="outer"/>
  <member type="way" ref="10583460" role="outer"/>
  <member type="way" ref="10579194" role="outer"/>
  <member type="way" ref="10617910" role="outer"/>
  <member type="way" ref="10582280" role="outer"/>
  <member type="way" ref="704415361" role="outer"/>
  <member type="way" ref="10579022" role="outer"/>
  <member type="way" ref="10583218" role="outer"/>
  <member type="way" ref="10617208" role="outer"/>
  <member type="way" ref="10583440" role="outer"/>
  <member type="way" ref="10579213" role="outer"/>
  <member type="way" ref="791428945" role="outer"/>
  <member type="way" ref="616916686" role="outer"/>
  <member type="way" ref="10579348" role="outer"/>
  <member type="way" ref="10579314" role="outer"/>
  <member type="way" ref="10579449" role="outer"/>
  <member type="way" ref="10582226" role="outer"/>
  <member type="way" ref="791485035" role="outer"/>
  <member type="way" ref="704415356" role="outer"/>
  <member type="way" ref="10582124" role="outer"/>
  <member type="way" ref="10579004" role="outer"/>
  <member type="way" ref="10617173" role="outer"/>
  <member type="way" ref="10617394" role="outer"/>
  <member type="way" ref="10618198" role="outer"/>
  <member type="way" ref="10582805" role="outer"/>
  <member type="way" ref="10618641" role="outer"/>
  <member type="way" ref="10579075" role="outer"/>
  <member type="way" ref="10579500" role="outer"/>
  <member type="way" ref="832515266" role="outer"/>
  <member type="way" ref="832515267" role="outer"/>
  <member type="way" ref="10618607" role="outer"/>
  <member type="way" ref="10617804" role="outer"/>
  <member type="way" ref="788625832" role="outer"/>
  <member type="way" ref="10579259" role="outer"/>
  <member type="way" ref="10582036" role="outer"/>
  <member type="way" ref="791428943" role="outer"/>
  <member type="way" ref="791428944" role="outer"/>
  <member type="way" ref="791428941" role="outer"/>
  <member type="way" ref="10579108" role="outer"/>
  <member type="way" ref="10617562" role="outer"/>
  <member type="way" ref="10582514" role="outer"/>
  <member type="way" ref="791870932" role="outer"/>
  <member type="way" ref="10618727" role="outer"/>
  <member type="way" ref="10617925" role="outer"/>
  <member type="way" ref="1351004727" role="outer"/>
  <member type="way" ref="10579088" role="outer"/>
  <member type="way" ref="10582633" role="outer"/>
  <member type="way" ref="10582291" role="outer"/>
  <member type="way" ref="10582768" role="outer"/>
  <member type="way" ref="704415372" role="outer"/>
  <member type="way" ref="10579584" role="outer"/>
  <member type="way" ref="780454184" role="outer"/>
  <member type="way" ref="10578986" role="outer"/>
  <member type="way" ref="10583266" role="outer"/>
  <member type="way" ref="1350974505" role="outer"/>
  <member type="way" ref="10583127" role="outer"/>
  <member type="way" ref="10618397" role="outer"/>
  <member type="way" ref="10583039" role="outer"/>
  <member type="way" ref="10583484" role="outer"/>
  <member type="way" ref="1350974507" role="outer"/>
  <member type="way" ref="10582598" role="outer"/>
  <member type="way" ref="10579154" role="outer"/>
  <member type="way" ref="10581930" role="outer"/>
  <member type="way" ref="10579579" role="outer"/>
  <member type="way" ref="10618430" role="outer"/>
  <member type="way" ref="10582492" role="outer"/>
  <member type="way" ref="10617442" role="outer"/>
  <member type="way" ref="10582631" role="outer"/>
  <member type="way" ref="10579274" role="outer"/>
  <member type="way" ref="10582853" role="outer"/>
  <member type="way" ref="10582273" role="outer"/>
  <member type="way" ref="10582186" role="outer"/>
  <member type="way" ref="10582408" role="outer"/>
  <member type="way" ref="10582390" role="outer"/>
  <member type="way" ref="10618685" role="outer"/>
  <member type="way" ref="10579119" role="outer"/>
  <member type="way" ref="791855286" role="outer"/>
  <member type="way" ref="10617731" role="outer"/>
  <member type="way" ref="10583109" role="outer"/>
  <member type="way" ref="10579442" role="outer"/>
  <member type="way" ref="10618158" role="outer"/>
  <member type="way" ref="10618379" role="outer"/>
  <member type="way" ref="10579239" role="outer"/>
  <member type="way" ref="10582866" role="outer"/>
  <member type="way" ref="10579136" role="outer"/>
  <member type="way" ref="704415349" role="outer"/>
  <member type="way" ref="847783559" role="outer"/>
  <member type="way" ref="1351004725" role="outer"/>
  <member type="way" ref="10617987" role="outer"/>
  <member type="way" ref="1351004726" role="outer"/>
  <member type="way" ref="10582117" role="outer"/>
  <member type="way" ref="10578997" role="outer"/>
  <member type="way" ref="10617387" role="outer"/>
  <member type="way" ref="10582798" role="outer"/>
  <member type="way" ref="10579169" role="outer"/>
  <member type="way" ref="10583122" role="outer"/>
  <member type="way" ref="10618171" role="outer"/>
  <member type="way" ref="10617199" role="outer"/>
  <member type="way" ref="10582372" role="outer"/>
  <member type="way" ref="10579252" role="outer"/>
  <member type="way" ref="317457813" role="outer"/>
  <member type="way" ref="10579165" role="outer"/>
  <member type="way" ref="803658492" role="outer"/>
  <member type="way" ref="10582164" role="outer"/>
  <member type="way" ref="10618000" role="outer"/>
  <member type="way" ref="10579424" role="outer"/>
  <member type="way" ref="616916420" role="outer"/>
  <member type="way" ref="10582439" role="outer"/>
  <member type="way" ref="10582062" role="outer"/>
  <member type="way" ref="704415365" role="outer"/>
  <member type="way" ref="10579201" role="outer"/>
  <member type="way" ref="10582042" role="outer"/>
  <member type="way" ref="791428949" role="outer"/>
  <member type="way" ref="10582939" role="outer"/>
  <member type="way" ref="791774674" role="outer"/>
  <member type="way" ref="10583067" role="outer"/>
  <member type="way" ref="10579318" role="outer"/>
  <member type="way" ref="780758084" role="outer"/>
  <member type="way" ref="10618288" role="outer"/>
  <member type="way" ref="791496992" role="outer"/>
  <member type="way" ref="791496991" role="outer"/>
  <member type="way" ref="10582263" role="outer"/>
  <member type="way" ref="10579079" role="outer"/>
  <member type="way" ref="10583510" role="outer"/>
  <member type="way" ref="10579488" role="outer"/>
  <member type="way" ref="10617944" role="outer"/>
  <member type="way" ref="10583133" role="outer"/>
  <member type="way" ref="10583204" role="outer"/>
  <member type="way" ref="10579334" role="outer"/>
  <member type="way" ref="10582961" role="outer"/>
  <member type="way" ref="791794070" role="outer"/>
  <member type="way" ref="10618048" role="outer"/>
  <member type="way" ref="10579280" role="outer"/>
  <member type="way" ref="10579193" role="outer"/>
  <member type="way" ref="704415360" role="outer"/>
  <member type="way" ref="10582994" role="outer"/>
  <member type="way" ref="10579554" role="outer"/>
  <member type="way" ref="10583421" role="outer"/>
  <member type="way" ref="10582791" role="outer"/>
  <member type="way" ref="782028905" role="outer"/>
  <member type="way" ref="10582002" role="outer"/>
  <member type="way" ref="10579448" role="outer"/>
  <member type="way" ref="10618164" role="outer"/>
  <member type="way" ref="10582225" role="outer"/>
  <member type="way" ref="704057151" role="outer"/>
  <member type="way" ref="10618438" role="outer"/>
  <member type="way" ref="314209983" role="outer"/>
  <member type="way" ref="791485034" role="outer"/>
  <member type="way" ref="10617770" role="outer"/>
  <member type="way" ref="704415355" role="outer"/>
  <member type="way" ref="10582157" role="outer"/>
  <member type="way" ref="10617993" role="outer"/>
  <member type="way" ref="10617393" role="outer"/>
  <member type="way" ref="10582717" role="outer"/>
  <member type="way" ref="10581914" role="outer"/>
  <member type="way" ref="10579191" role="outer"/>
  <member type="way" ref="791866002" role="outer"/>
  <member type="way" ref="10618113" role="outer"/>
  <member type="way" ref="10582190" role="outer"/>
  <member type="way" ref="10583437" role="outer"/>
  <member type="way" ref="10582615" role="outer"/>
  <member type="way" ref="10618230" role="outer"/>
  <member type="way" ref="10618365" role="outer"/>
  <member type="way" ref="10618059" role="outer"/>
  <member type="way" ref="10579069" role="outer"/>
  <member type="way" ref="10582068" role="outer"/>
  <member type="way" ref="704415371" role="outer"/>
  <member type="way" ref="10583228" role="outer"/>
  <member type="way" ref="10579223" role="outer"/>
  <member type="way" ref="10618400" role="outer"/>
  <member type="way" ref="10582699" role="outer"/>
  <member type="way" ref="10579324" role="outer"/>
  <member type="way" ref="10617714" role="outer"/>
  <member type="way" ref="10582013" role="outer"/>
  <member type="way" ref="10618072" role="outer"/>
  <member type="way" ref="780758090" role="outer"/>
  <member type="way" ref="10618347" role="outer"/>
  <member type="way" ref="1351004732" role="outer"/>
  <member type="way" ref="1351004731" role="outer"/>
  <member type="way" ref="1351004730" role="outer"/>
  <member type="way" ref="10582954" role="outer"/>
  <member type="way" ref="10582134" role="outer"/>
  <member type="way" ref="10617183" role="outer"/>
  <member type="way" ref="780414995" role="outer"/>
  <member type="way" ref="10618192" role="outer"/>
  <member type="way" ref="10582269" role="outer"/>
  <member type="way" ref="10582630" role="outer"/>
  <member type="way" ref="10579510" role="outer"/>
  <member type="way" ref="10582050" role="outer"/>
  <member type="way" ref="10581962" role="outer"/>
  <member type="way" ref="10618124" role="outer"/>
  <member type="way" ref="10582185" role="outer"/>
  <member type="way" ref="1350974501" role="outer"/>
  <member type="way" ref="10583210" role="outer"/>
  <member type="way" ref="10617659" role="outer"/>
  <member type="way" ref="791855285" role="outer"/>
  <member type="way" ref="10582643" role="outer"/>
  <member type="way" ref="10579459" role="outer"/>
  <member type="way" ref="10618717" role="outer"/>
  <member type="way" ref="10618566" role="outer"/>
  <member type="way" ref="704415348" role="outer"/>
  <member type="way" ref="314209274" role="outer"/>
  <member type="way" ref="847783558" role="outer"/>
  <member type="way" ref="10582116" role="outer"/>
  <member type="way" ref="10617952" role="outer"/>
  <member type="way" ref="10583498" role="outer"/>
  <member type="way" ref="10582898" role="outer"/>
  <member type="way" ref="10582096" role="outer"/>
  <member type="way" ref="10617216" role="outer"/>
  <member type="way" ref="10582405" role="outer"/>
  <member type="way" ref="10617419" role="outer"/>
  <member type="way" ref="10582592" role="outer"/>
  <member type="way" ref="10579472" role="outer"/>
  <member type="way" ref="10618444" role="outer"/>
  <member type="way" ref="10583053" role="outer"/>
  <member type="way" ref="10617554" role="outer"/>
  <member type="way" ref="1350974502" role="outer"/>
  <member type="way" ref="10582506" role="outer"/>
  <member type="way" ref="1350974503" role="outer"/>
  <member type="way" ref="1350974504" role="outer"/>
  <member type="way" ref="803658491" role="outer"/>
  <member type="way" ref="10582965" role="outer"/>
  <member type="way" ref="10582129" role="outer"/>
  <member type="way" ref="10579439" role="outer"/>
  <member type="way" ref="10618203" role="outer"/>
  <member type="way" ref="10618424" role="outer"/>
  <member type="way" ref="616916419" role="outer"/>
  <member type="way" ref="10582659" role="outer"/>
  <member type="way" ref="704415364" role="outer"/>
  <member type="way" ref="10582196" role="outer"/>
  <member type="way" ref="616916415" role="outer"/>
  <member type="way" ref="10618236" role="outer"/>
  <member type="way" ref="791774673" role="outer"/>
  <member type="way" ref="10617364" role="outer"/>
  <member type="way" ref="10583341" role="outer"/>
  <member type="way" ref="10617278" role="outer"/>
  <member type="way" ref="780758083" role="outer"/>
  <member type="way" ref="10583099" role="outer"/>
  <member type="way" ref="704415359" role="outer"/>
  <member type="way" ref="10579007" role="outer"/>
  <member type="way" ref="10617963" role="outer"/>
  <member type="way" ref="10579078" role="outer"/>
  <member type="way" ref="10579044" role="outer"/>
  <member type="way" ref="10617720" role="outer"/>
  <member type="way" ref="10581955" role="outer"/>
  <member type="way" ref="10583203" role="outer"/>
  <member type="way" ref="616959603" role="outer"/>
  <member type="way" ref="791774671" role="outer"/>
  <member type="way" ref="10582174" role="outer"/>
  <member type="way" ref="616959298" role="outer"/>
  <member type="way" ref="10617976" role="outer"/>
  <member type="way" ref="10581988" role="outer"/>
  <member type="way" ref="791794069" role="outer"/>
  <member type="way" ref="10579295" role="outer"/>
  <member type="way" ref="10579516" role="outer"/>
  <member type="way" ref="10582294" role="outer"/>
  <member type="way" ref="10618130" role="outer"/>
  <member type="way" ref="10618623" role="outer"/>
  <member type="way" ref="10617820" role="outer"/>
  <member type="way" ref="10582207" role="outer"/>
  <member type="way" ref="10617601" role="outer"/>
  <member type="way" ref="10617736" role="outer"/>
  <member type="way" ref="10582891" role="outer"/>
  <member type="way" ref="10582327" role="outer"/>
  <member type="way" ref="10617412" role="outer"/>
  <member type="way" ref="10582649" role="outer"/>
  <member type="way" ref="10579244" role="outer"/>
  <member type="way" ref="10618437" role="outer"/>
  <member type="way" ref="314209982" role="outer"/>
  <member type="way" ref="791517426" role="outer"/>
  <member type="way" ref="791485033" role="outer"/>
  <member type="way" ref="10582720" role="outer"/>
  <member type="way" ref="704415354" role="outer"/>
  <member type="way" ref="10617171" role="outer"/>
  <member type="way" ref="10582344" role="outer"/>
  <member type="way" ref="10618417" role="outer"/>
  <member type="way" ref="10581913" role="outer"/>
  <member type="way" ref="10583504" role="outer"/>
  <member type="way" ref="10579277" role="outer"/>
  <member type="way" ref="780399482" role="outer"/>
  <member type="way" ref="10581966" role="outer"/>
  <member type="way" ref="791866000" role="outer"/>
  <member type="way" ref="10582189" role="outer"/>
  <member type="way" ref="10579257" role="outer"/>
  <member type="way" ref="10582836" role="outer"/>
  <member type="way" ref="10582034" role="outer"/>
  <member type="way" ref="10581946" role="outer"/>
  <member type="way" ref="10579328" role="outer"/>
  <member type="way" ref="10617700" role="outer"/>
  <member type="way" ref="10583194" role="outer"/>
  <member type="way" ref="10581999" role="outer"/>
  <member type="way" ref="10579445" role="outer"/>
  <member type="way" ref="1185576414" role="outer"/>
  <member type="way" ref="10579102" role="outer"/>
  <member type="way" ref="10618058" role="outer"/>
  <member type="way" ref="10579068" role="outer"/>
  <member type="way" ref="10618483" role="outer"/>
  <member type="way" ref="704415370" role="outer"/>
  <member type="way" ref="10579361" role="outer"/>
  <member type="way" ref="10618618" role="outer"/>
  <member type="way" ref="10579222" role="outer"/>
  <member type="way" ref="10617612" role="outer"/>
  <member type="way" ref="10617288" role="outer"/>
  <member type="way" ref="10618313" role="outer"/>
  <member type="way" ref="10583502" role="outer"/>
  <member type="way" ref="10617220" role="outer"/>
  <member type="way" ref="780758089" role="outer"/>
  <member type="way" ref="10582818" role="outer"/>
  <member type="way" ref="10582953" role="outer"/>
  <member type="way" ref="10582268" role="outer"/>
  <member type="way" ref="10618703" role="outer"/>
  <member type="way" ref="10582184" role="outer"/>
  <member type="way" ref="10583209" role="outer"/>
  <member type="way" ref="10583107" role="outer"/>
  <member type="way" ref="10618156" role="outer"/>
  <member type="way" ref="780758087" role="outer"/>
  <member type="way" ref="10579015" role="outer"/>
  <member type="way" ref="10618716" role="outer"/>
  <member type="way" ref="10579150" role="outer"/>
  <member type="way" ref="10617319" role="outer"/>
  <member type="way" ref="704415347" role="outer"/>
  <member type="way" ref="791496995" role="outer"/>
  <member type="way" ref="10578995" role="outer"/>
  <member type="way" ref="10617623" role="outer"/>
  <member type="way" ref="10579130" role="outer"/>
  <member type="way" ref="10583429" role="outer"/>
  <member type="way" ref="10582370" role="outer"/>
  <member type="way" ref="10579487" role="outer"/>
  <member type="way" ref="10618443" role="outer"/>
  <member type="way" ref="1351004729" role="outer"/>
  <member type="way" ref="10579163" role="outer"/>
  <member type="way" ref="803658490" role="outer"/>
  <member type="way" ref="10618578" role="outer"/>
  <member type="way" ref="10582964" role="outer"/>
  <member type="way" ref="10582809" role="outer"/>
  <member type="way" ref="616916418" role="outer"/>
  <member type="way" ref="205417907" role="outer"/>
  <member type="way" ref="10579061" role="outer"/>
  <member type="way" ref="780400262" role="outer"/>
  <member type="way" ref="10582282" role="outer"/>
  <member type="way" ref="704415363" role="outer"/>
  <member type="way" ref="813466445" role="outer"/>
  <member type="way" ref="813466446" role="outer"/>
  <member type="way" ref="10617838" role="outer"/>
  <member type="way" ref="10579557" role="outer"/>
  <member type="way" ref="10582195" role="outer"/>
  <member type="way" ref="616916414" role="outer"/>
  <member type="way" ref="10578977" role="outer"/>
  <member type="way" ref="10582399" role="outer"/>
  <member type="way" ref="791774672" role="outer"/>
  <member type="way" ref="10583495" role="outer"/>
  <member type="way" ref="10583030" role="outer"/>
  <member type="way" ref="10582450" role="outer"/>
  <member type="way" ref="780758082" role="outer"/>
  <member type="way" ref="10583475" role="outer"/>
  <member type="way" ref="10582653" role="outer"/>
  <member type="way" ref="10579232" role="outer"/>
  <member type="way" ref="791485037" role="outer"/>
  <member type="way" ref="704415358" role="outer"/>
  <member type="way" ref="1127862796" role="outer"/>
  <member type="way" ref="10579014" role="outer"/>
  <member type="way" ref="10618184" role="outer"/>
  <member type="way" ref="10618643" role="outer"/>
  <member type="way" ref="616961457" role="outer"/>
  <member type="way" ref="10618029" role="outer"/>
  <member type="way" ref="10579261" role="outer"/>
  <member type="way" ref="791774670" role="outer"/>
  <member type="way" ref="10579332" role="outer"/>
  <member type="way" ref="10582139" role="outer"/>
  <member type="way" ref="10618149" role="outer"/>
  <member type="way" ref="10618370" role="outer"/>
  <member type="way" ref="10583012" role="outer"/>
  <member type="way" ref="10582432" role="outer"/>
  <member type="way" ref="780463855" role="outer"/>
  <member type="way" ref="10617597" role="outer"/>
  <member type="way" ref="10581983" role="outer"/>
  <member type="way" ref="704415374" role="outer"/>
  <member type="way" ref="10579365" role="outer"/>
  <member type="way" ref="791881532" role="outer"/>
  <member type="way" ref="10582465" role="outer"/>
  <member type="way" ref="616961455" role="outer"/>
  <member type="way" ref="10579345" role="outer"/>
  <member type="way" ref="10582924" role="outer"/>
  <member type="way" ref="314209985" role="outer"/>
  <member type="way" ref="10618297" role="outer"/>
  <member type="way" ref="10579156" role="outer"/>
  <member type="way" ref="10582735" role="outer"/>
  <member type="way" ref="704415353" role="outer"/>
  <member type="way" ref="10579001" role="outer"/>
  <member type="way" ref="10618416" role="outer"/>
  <member type="way" ref="10583281" role="outer"/>
  <member type="way" ref="10582937" role="outer"/>
  <member type="way" ref="730268801" role="outer"/>
  <member type="way" ref="10579411" role="outer"/>
  <member type="way" ref="10579034" role="outer"/>
  <member type="way" ref="10583435" role="outer"/>
  <member type="way" ref="10618687" role="outer"/>
  <member type="way" ref="10582748" role="outer"/>
  <member type="way" ref="10579309" role="outer"/>
  <member type="way" ref="10617834" role="outer"/>
  <member type="way" ref="10582443" role="outer"/>
  <member type="way" ref="10582646" role="outer"/>
  <member type="way" ref="10579138" role="outer"/>
  <member type="way" ref="704415369" role="outer"/>
  <member type="way" ref="10579360" role="outer"/>
  <member type="way" ref="10583313" role="outer"/>
  <member type="way" ref="704415351" role="outer"/>
  <member type="way" ref="10582201" role="outer"/>
  <member type="way" ref="10583226" role="outer"/>
  <member type="way" ref="10578999" role="outer"/>
  <member type="way" ref="10582254" role="outer"/>
  <member type="way" ref="10579134" role="outer"/>
  <member type="way" ref="10618090" role="outer"/>
  <member type="way" ref="10579356" role="outer"/>
  <member type="way" ref="10583501" role="outer"/>
  <member type="way" ref="10583124" role="outer"/>
  <member type="way" ref="10582011" role="outer"/>
  <member type="way" ref="780758088" role="outer"/>
  <member type="way" ref="10579475" role="outer"/>
  <member type="way" ref="10617644" role="outer"/>
  <member type="way" ref="10582952" role="outer"/>
  <member type="way" ref="10582628" role="outer"/>
  <member type="way" ref="10582048" role="outer"/>
  <member type="way" ref="10581960" role="outer"/>
  <member type="way" ref="704415367" role="outer"/>
  <member type="way" ref="780103703" role="outer"/>
  <member type="way" ref="10618257" role="outer"/>
  <member type="way" ref="10583412" role="outer"/>
  <member type="way" ref="10579116" role="outer"/>
  <member type="way" ref="10583069" role="outer"/>
  <member type="way" ref="10582522" role="outer"/>
  <member type="way" ref="10582695" role="outer"/>
  <member type="way" ref="10618753" role="outer"/>
  <member type="way" ref="791505450" role="outer"/>
  <member type="way" ref="780758086" role="outer"/>
  <member type="way" ref="10583479" role="outer"/>
  <member type="way" ref="10579236" role="outer"/>
  <member type="way" ref="10618493" role="outer"/>
  <member type="way" ref="10579371" role="outer"/>
  <member type="way" ref="704415346" role="outer"/>
  <member type="way" ref="791496994" role="outer"/>
  <member type="way" ref="10578994" role="outer"/>
  <member type="way" ref="10583139" role="outer"/>
  <member type="way" ref="10583496" role="outer"/>
  <member type="way" ref="10579490" role="outer"/>
  <member type="way" ref="10582110" role="outer"/>
  <member type="way" ref="10583135" role="outer"/>
  <member type="way" ref="10579027" role="outer"/>
  <member type="way" ref="10579162" role="outer"/>
  <member type="way" ref="803658489" role="outer"/>
  <member type="way" ref="10582963" role="outer"/>
  <member type="way" ref="10579302" role="outer"/>
  <member type="way" ref="10618013" role="outer"/>
  <member type="way" ref="10582586" role="outer"/>
  <member type="way" ref="616916417" role="outer"/>
  <member type="way" ref="205417906" role="outer"/>
  <member type="way" ref="10618272" role="outer"/>
  <member type="way" ref="10618509" role="outer"/>
  <member type="way" ref="10582639" role="outer"/>
  <member type="way" ref="780400261" role="outer"/>
  <member type="way" ref="10582774" role="outer"/>
  <member type="way" ref="704415362" role="outer"/>
  <member type="way" ref="10579417" role="outer"/>
  <member type="way" ref="10582996" role="outer"/>
  <member type="way" ref="10582194" role="outer"/>
  <member type="way" ref="10582416" role="outer"/>
  <member type="way" ref="616916687" role="outer"/>
  <member type="way" ref="10583494" role="outer"/>
  <member type="way" ref="1351004728" role="outer"/>
  <member type="way" ref="10618079" role="outer"/>
  <member type="way" ref="10583252" role="outer"/>
  <member type="way" ref="10579247" role="outer"/>
  <member type="way" ref="10617637" role="outer"/>
  <member type="way" ref="10582072" role="outer"/>
  <member type="way" ref="791485036" role="outer"/>
  <member type="way" ref="780126000" role="outer"/>
  <member type="way" ref="10617550" role="outer"/>
  <member type="way" ref="704415357" role="outer"/>
  <member type="way" ref="10579569" role="outer"/>
  <member type="way" ref="1351008737" role="outer"/>
  <member type="way" ref="10582125" role="outer"/>
  <member type="way" ref="10618199" role="outer"/>
  <member type="way" ref="616961456" role="outer"/>
  <member type="way" ref="10583507" role="outer"/>
  <member type="way" ref="10582941" role="outer"/>
  <member type="way" ref="10582380" role="outer"/>
  <member type="way" ref="10618453" role="outer"/>
  <member type="way" ref="780465724" role="outer"/>
  <member type="way" ref="10581949" role="outer"/>
  <member type="way" ref="10579432" role="outer"/>
  <member type="way" ref="10579071" role="outer"/>
  <member type="way" ref="10618094" role="outer"/>
  <member type="way" ref="10582464" role="outer"/>
  <member type="way" ref="314209984" role="outer"/>
  <member type="way" ref="10582103" role="outer"/>
  <member type="way" ref="10617939" role="outer"/>
  <member type="way" ref="10582238" role="outer"/>
  <member type="way" ref="780758092" role="outer"/>
  <member type="way" ref="10579242" role="outer"/>
  <member type="way" ref="10579479" role="outer"/>
  <member type="way" ref="10617871" role="outer"/>
  <member type="way" ref="1350979568" role="outer"/>
  <member type="way" ref="10582734" role="outer"/>
  <member type="way" ref="10579377" role="outer"/>
  <member type="way" ref="704415352" role="outer"/>
  <member type="way" ref="10582358" role="outer"/>
  <member type="way" ref="10583280" role="outer"/>
  <member type="way" ref="10618502" role="outer"/>
  <member type="way" ref="10579496" role="outer"/>
  <member type="way" ref="780399481" role="outer"/>
  <member type="way" ref="779482957" role="outer"/>
  <member type="way" ref="10579033" role="outer"/>
  <member type="way" ref="10583434" role="outer"/>
  <member type="way" ref="10617439" role="outer"/>
  <member type="way" ref="10618686" role="outer"/>
  <member type="way" ref="10581944" role="outer"/>
  <member type="way" ref="791855287" role="outer"/>
  <member type="way" ref="10579529" role="outer"/>
  <member type="way" ref="10581997" role="outer"/>
  <member type="way" ref="10583022" role="outer"/>
  <member type="way" ref="10617269" role="outer"/>
  <member type="way" ref="780411704" role="outer"/>
  <member type="way" ref="10618719" role="outer"/>
  <member type="way" ref="704415368" role="outer"/>
  <member type="way" ref="10579375" role="outer"/>
  <member type="way" ref="704415350" role="outer"/>
  <member type="way" ref="10579562" role="outer"/>
  <member type="way" ref="780103704" role="outer"/>
  <member type="way" ref="10582118" role="outer"/>
  <member type="way" ref="10578998" role="outer"/>
  <member type="way" ref="10617610" role="outer"/>
  <member type="way" ref="10618635" role="outer"/>
  <member type="way" ref="838365895" role="outer"/>
  <member type="way" ref="10582475" role="outer"/>
  <member type="way" ref="835155151" role="outer"/>
  <member type="way" ref="791428950" role="outer"/>
  <member type="way" ref="791428952" role="outer"/>
  <member type="way" ref="1443228349" role="outer"/>
  <member type="way" ref="1442966782" role="outer"/>
  <member type="way" ref="1442966783" role="outer"/>
  <tag k="admin_level" v="4"/>
  <tag k="boundary" v="administrative"/>
  <tag k="ISO3166-2" v="AR-B"/>
  <tag k="name" v="Buenos Aires"/>
  <tag k="name:af" v="Buenos Aires"/>
  <tag k="name:ar" v="بوينس آيرس"/>
  <tag k="name:ay" v="Buenos Aires jisk'a suyu"/>
  <tag k="name:be" v="Буэнас-Айрэс"/>
  <tag k="name:bg" v="Буенос Айрес"/>
  <tag k="name:br" v="Buenos Aires"/>
  <tag k="name:ca" v="Província de Buenos Aires"/>
  <tag k="name:cs" v="Buenos Aires"/>
  <tag k="name:cy" v="Talaith Buenos Aires"/>
  <tag k="name:da" v="Provincia de Buenos Aires"/>
  <tag k="name:de" v="Provinz Buenos Aires"/>
  <tag k="name:en" v="Buenos Aires"/>
  <tag k="name:eo" v="Provinco Bonaero"/>
  <tag k="name:es" v="Buenos Aires"/>
  <tag k="name:et" v="Buenos Airese provints"/>
  <tag k="name:eu" v="Buenos Airesko probintzia"/>
  <tag k="name:fa" v="استان بوئنوس آیرس"/>
  <tag k="name:fi" v="Buenos Airesin maakunta"/>
  <tag k="name:fr" v="Province de Buenos Aires"/>
  <tag k="name:gl" v="Provincia de Buenos Aires"/>
  <tag k="name:gn" v="Tetãvore Buenos Aires"/>
  <tag k="name:he" v="בואנוס איירס"/>
  <tag k="name:hi" v="ब्यूनर्स आयर्स"/>
  <tag k="name:hr" v="Buenos Aires"/>
  <tag k="name:hu" v="Buenos Aires tartomány"/>
  <tag k="name:hy" v="Բուենոս Այրես"/>
  <tag k="name:ia" v="Provincia de Buenos Aires"/>
  <tag k="name:id" v="Provinsi Buenos Aires"/>
  <tag k="name:io" v="Provinco Buenos Aires"/>
  <tag k="name:it" v="Provincia di Buenos Aires"/>
  <tag k="name:ja" v="ブエノスアイレス州"/>
  <tag k="name:ka" v="ბუენოს-აირესის პროვინცია"/>
  <tag k="name:ko" v="부에노스아이레스주"/>
  <tag k="name:la" v="Bonus Aër"/>
  <tag k="name:lt" v="Buenos Airės"/>
  <tag k="name:lv" v="Buenosairesas province"/>
  <tag k="name:mk" v="Буенос Аирес"/>
  <tag k="name:mn" v="Буэнос-Айрес муж"/>
  <tag k="name:mr" v="बुएनोस आइरेस प्रांत"/>
  <tag k="name:ms" v="Buenos Aires"/>
  <tag k="name:nl" v="Buenos Aires"/>
  <tag k="name:no" v="Buenos Aires"/>
  <tag k="name:oc" v="Província de Buenos Aires"/>
  <tag k="name:os" v="Буэнос-Айрес"/>
  <tag k="name:pl" v="Buenos Aires"/>
  <tag k="name:pt" v="Buenos Aires"/>
  <tag k="name:qu" v="Buenos Aires wamani"/>
  <tag k="name:ro" v="Provincia Buenos Aires"/>
  <tag k="name:ru" v="Буэнос-Айрес"/>
  <tag k="name:sk" v="Buenos Aires"/>
  <tag k="name:sr" v="Буенос Ајрес"/>
  <tag k="name:sr-Latn" v="Buenos Ajres"/>
  <tag k="name:sv" v="Buenos Aires"/>
  <tag k="name:sw" v="Mkoa wa Buenos Aires"/>
  <tag k="name:tg" v="Буэнос-Айрес"/>
  <tag k="name:th" v="รัฐบัวโนสไอเรส"/>
  <tag k="name:tl" v="Lalawigan ng Buenos Aires"/>
  <tag k="name:tr" v="Buenos Aires"/>
  <tag k="name:tt" v="Буйныс-Айрыс"/>
  <tag k="name:uk" v="Буенос-Айрес"/>
  <tag k="name:ur" v="صوبہ بیونس آئرس"/>
  <tag k="name:vi" v="Buenos Aires"/>
  <tag k="name:vo" v="Buenos Aires"/>
  <tag k="name:zh" v="布宜诺斯艾利斯省"/>
  <tag k="official_name" v="Provincia de Buenos Aires"/>
  <tag k="official_name:sr" v="Провинција Буенос Ајрес"/>
  <tag k="official_name:sr-Latn" v="Provincija Buenos Ajres"/>
  <tag k="ref" v="BA"/>
  <tag k="short_name" v="Bs. As."/>
  <tag k="type" v="boundary"/>
  <tag k="wikidata" v="Q44754"/>
  <tag k="wikipedia" v="es:Provincia de Buenos Aires"/>
 </relation>
 <relation id="1769044" visible="true" version="130" changeset="186255891" timestamp="2026-07-23T20:04:13Z" user="Flynn Marquardt" uid="100357">
  <member type="way" ref="271947493" role="outer"/>
  <member type="way" ref="658624919" role="outer"/>
  <member type="way" ref="1352266312" role="outer"/>
  <member type="way" ref="658624918" role="outer"/>
  <member type="way" ref="658624917" role="outer"/>
  <member type="way" ref="658624916" role="outer"/>
  <member type="way" ref="131828237" role="outer"/>
  <member type="way" ref="452772968" role="outer"/>
  <member type="way" ref="470286297" role="outer"/>
  <member type="way" ref="1021012641" role="outer"/>
  <member type="way" ref="1340783903" role="outer"/>
  <member type="way" ref="470319433" role="outer"/>
  <member type="way" ref="1067453370" role="outer"/>
  <member type="way" ref="1050986361" role="outer"/>
  <member type="way" ref="1442073889" role="outer"/>
  <member type="way" ref="1050908942" role="outer"/>
  <member type="way" ref="131640775" role="outer"/>
  <member type="way" ref="64376442" role="outer"/>
  <member type="way" ref="64376431" role="outer"/>
  <member type="way" ref="64376445" role="outer"/>
  <member type="way" ref="958634506" role="outer"/>
  <member type="way" ref="468230090" role="outer"/>
  <member type="way" ref="272203083" role="outer"/>
  <member type="way" ref="1353994393" role="outer"/>
  <member type="way" ref="1353994394" role="outer"/>
  <member type="way" ref="4766348" role="outer"/>
  <member type="way" ref="64376474" role="outer"/>
  <member type="way" ref="513314395" role="outer"/>
  <member type="way" ref="1543332489" role="outer"/>
  <member type="way" ref="1543316514" role="outer"/>
  <member type="way" ref="180707132" role="outer"/>
  <member type="way" ref="180878267" role="outer"/>
  <member type="way" ref="180867887" role="outer"/>
  <member type="way" ref="1543316513" role="outer"/>
  <member type="way" ref="1433125586" role="outer"/>
  <member type="way" ref="131828368" role="outer"/>
  <member type="way" ref="1433125592" role="outer"/>
  <member type="way" ref="1433125588" role="outer"/>
  <member type="way" ref="1433125584" role="outer"/>
  <member type="way" ref="1433125578" role="outer"/>
  <member type="way" ref="1433125574" role="outer"/>
  <member type="way" ref="1433125573" role="outer"/>
  <member type="way" ref="1433125562" role="outer"/>
  <member type="way" ref="1433125561" role="outer"/>
  <member type="way" ref="139486215" role="outer"/>
  <member type="way" ref="1372763321" role="outer"/>
  <member type="way" ref="1543316511" role="outer"/>
  <member type="way" ref="750142466" role="outer"/>
  <member type="way" ref="750142467" role="outer"/>
  <member type="way" ref="750142458" role="outer"/>
  <member type="way" ref="131828246" role="outer"/>
  <member type="way" ref="81341260" role="outer"/>
  <member type="way" ref="81341263" role="outer"/>
  <member type="way" ref="435901541" role="outer"/>
  <member type="way" ref="964793352" role="outer"/>
  <member type="way" ref="970640245" role="outer"/>
  <member type="way" ref="79498816" role="outer"/>
  <member type="way" ref="1333304550" role="outer"/>
  <member type="way" ref="1333304552" role="outer"/>
  <member type="way" ref="971034995" role="outer"/>
  <member type="way" ref="971034994" role="outer"/>
  <member type="way" ref="971034993" role="outer"/>
  <member type="way" ref="971034977" role="outer"/>
  <member type="way" ref="1333308641" role="outer"/>
  <member type="way" ref="79498818" role="outer"/>
  <member type="way" ref="1008192079" role="outer"/>
  <member type="way" ref="1008192078" role="outer"/>
  <member type="way" ref="57400754" role="outer"/>
  <member type="way" ref="970635713" role="outer"/>
  <member type="way" ref="970635642" role="outer"/>
  <member type="way" ref="970635641" role="outer"/>
  <member type="way" ref="1353721154" role="outer"/>
  <member type="way" ref="436022417" role="outer"/>
  <member type="way" ref="133114648" role="outer"/>
  <member type="way" ref="1308646876" role="outer"/>
  <member type="way" ref="1353721155" role="outer"/>
  <member type="way" ref="286995383" role="outer"/>
  <member type="way" ref="311105228" role="outer"/>
  <member type="way" ref="1331439566" role="outer"/>
  <member type="way" ref="1034907214" role="outer"/>
  <member type="way" ref="1034907212" role="outer"/>
  <member type="way" ref="465565671" role="outer"/>
  <member type="way" ref="606222938" role="outer"/>
  <member type="way" ref="1322776655" role="outer"/>
  <member type="way" ref="425654849" role="outer"/>
  <member type="way" ref="294844726" role="outer"/>
  <member type="way" ref="85099547" role="outer"/>
  <member type="way" ref="294844727" role="outer"/>
  <member type="way" ref="285597491" role="outer"/>
  <member type="way" ref="81549798" role="outer"/>
  <member type="way" ref="81549837" role="outer"/>
  <member type="way" ref="86141594" role="outer"/>
  <member type="way" ref="46426610" role="outer"/>
  <member type="way" ref="81549830" role="outer"/>
  <member type="way" ref="358993384" role="outer"/>
  <member type="way" ref="86113049" role="outer"/>
  <member type="way" ref="200700158" role="outer"/>
  <member type="way" ref="267888905" role="outer"/>
  <member type="way" ref="172823677" role="outer"/>
  <member type="way" ref="472853382" role="outer"/>
  <member type="way" ref="358568675" role="outer"/>
  <member type="way" ref="81539581" role="outer"/>
  <member type="way" ref="375751590" role="outer"/>
  <member type="way" ref="47083985" role="outer"/>
  <member type="way" ref="200700160" role="outer"/>
  <member type="way" ref="172823678" role="outer"/>
  <member type="way" ref="30218143" role="outer"/>
  <member type="way" ref="47083982" role="outer"/>
  <member type="way" ref="659182028" role="outer"/>
  <member type="way" ref="1285072907" role="outer"/>
  <member type="way" ref="1285072908" role="outer"/>
  <member type="way" ref="1262429323" role="outer"/>
  <member type="way" ref="1262429325" role="outer"/>
  <member type="way" ref="131828229" role="outer"/>
  <member type="way" ref="47087009" role="outer"/>
  <member type="way" ref="1285074990" role="outer"/>
  <member type="way" ref="1285074991" role="outer"/>
  <member type="way" ref="1285074996" role="outer"/>
  <member type="way" ref="30280787" role="outer"/>
  <member type="way" ref="1026862649" role="outer"/>
  <member type="way" ref="1024270660" role="outer"/>
  <member type="way" ref="1285076939" role="outer"/>
  <member type="way" ref="1027190094" role="outer"/>
  <member type="way" ref="1285076940" role="outer"/>
  <member type="way" ref="1285076942" role="outer"/>
  <member type="way" ref="546721001" role="outer"/>
  <member type="way" ref="739008429" role="outer"/>
  <member type="way" ref="420676356" role="outer"/>
  <member type="way" ref="1285080505" role="outer"/>
  <member type="way" ref="269720900" role="outer"/>
  <member type="way" ref="1024287521" role="outer"/>
  <member type="way" ref="1285080506" role="outer"/>
  <member type="way" ref="269549998" role="outer"/>
  <member type="way" ref="1050884930" role="outer"/>
  <member type="way" ref="953896675" role="outer"/>
  <member type="way" ref="731815696" role="outer"/>
  <member type="way" ref="731815697" role="outer"/>
  <member type="way" ref="953896676" role="outer"/>
  <member type="way" ref="1050886394" role="outer"/>
  <member type="way" ref="1050886397" role="outer"/>
  <member type="way" ref="609646391" role="outer"/>
  <member type="way" ref="1285080511" role="outer"/>
  <member type="way" ref="1285080512" role="outer"/>
  <member type="way" ref="1285080513" role="outer"/>
  <member type="way" ref="1285080514" role="outer"/>
  <member type="way" ref="1013807199" role="outer"/>
  <member type="way" ref="1013807198" role="outer"/>
  <member type="way" ref="1285080515" role="outer"/>
  <member type="way" ref="271047555" role="outer"/>
  <member type="way" ref="1285080516" role="outer"/>
  <member type="way" ref="1285080517" role="outer"/>
  <member type="way" ref="257202342" role="outer"/>
  <member type="way" ref="1396679953" role="outer"/>
  <member type="way" ref="1543314934" role="outer"/>
  <member type="way" ref="1543314935" role="outer"/>
  <member type="node" ref="198420711" role="admin_centre"/>
  <tag k="admin_level" v="5"/>
  <tag k="boundary" v="administrative"/>
  <tag k="name" v="Partido de San Isidro"/>
  <tag k="population" v="291608"/>
  <tag k="type" v="boundary"/>
  <tag k="wikidata" v="Q2644735"/>
  <tag k="wikipedia" v="es:Partido de San Isidro"/>
 </relation>
 <relation id="1877206" visible="true" version="40" changeset="186251834" timestamp="2026-07-23T18:35:01Z" user="Bondi Maps" uid="22225370">
  <member type="way" ref="1308657500" role="outer"/>
  <member type="way" ref="608807421" role="outer"/>
  <member type="way" ref="132652495" role="outer"/>
  <member type="way" ref="608807422" role="outer"/>
  <member type="way" ref="1335186861" role="outer"/>
  <member type="way" ref="132652496" role="outer"/>
  <member type="way" ref="257816202" role="outer"/>
  <member type="way" ref="1356719586" role="outer"/>
  <member type="way" ref="378845476" role="outer"/>
  <member type="way" ref="4762898" role="outer"/>
  <member type="way" ref="261476981" role="outer"/>
  <member type="way" ref="261476982" role="outer"/>
  <member type="way" ref="608807424" role="outer"/>
  <member type="way" ref="378845477" role="outer"/>
  <member type="way" ref="389131621" role="outer"/>
  <member type="way" ref="1308647247" role="outer"/>
  <member type="way" ref="1308654537" role="outer"/>
  <member type="way" ref="470720698" role="outer"/>
  <member type="way" ref="30260246" role="outer"/>
  <member type="way" ref="57400753" role="outer"/>
  <member type="way" ref="312002417" role="outer"/>
  <member type="way" ref="209543836" role="outer"/>
  <member type="way" ref="131828246" role="outer"/>
  <member type="way" ref="750142458" role="outer"/>
  <member type="way" ref="750142467" role="outer"/>
  <member type="way" ref="750142466" role="outer"/>
  <member type="way" ref="1543316511" role="outer"/>
  <member type="way" ref="1543316509" role="outer"/>
  <member type="way" ref="1543316508" role="outer"/>
  <tag k="admin_level" v="8"/>
  <tag k="boundary" v="administrative"/>
  <tag k="name" v="Acassuso"/>
  <tag k="type" v="boundary"/>
  <tag k="wikidata" v="Q2351223"/>
  <tag k="wikipedia" v="es:Acassuso (Buenos Aires)"/>
 </relation>
 <relation id="1877221" visible="true" version="79" changeset="186251834" timestamp="2026-07-23T18:35:01Z" user="Bondi Maps" uid="22225370">
  <member type="node" ref="198420711" role="label"/>
  <member type="way" ref="1433125588" role="outer"/>
  <member type="way" ref="1433125584" role="outer"/>
  <member type="way" ref="1433125578" role="outer"/>
  <member type="way" ref="1433125574" role="outer"/>
  <member type="way" ref="1433125573" role="outer"/>
  <member type="way" ref="1433125562" role="outer"/>
  <member type="way" ref="1433125561" role="outer"/>
  <member type="way" ref="139486215" role="outer"/>
  <member type="way" ref="1372763321" role="outer"/>
  <member type="way" ref="1543316509" role="outer"/>
  <member type="way" ref="1543316508" role="outer"/>
  <member type="way" ref="1308657500" role="outer"/>
  <member type="way" ref="608807421" role="outer"/>
  <member type="way" ref="132652495" role="outer"/>
  <member type="way" ref="608807422" role="outer"/>
  <member type="way" ref="1335186861" role="outer"/>
  <member type="way" ref="132652496" role="outer"/>
  <member type="way" ref="257816202" role="outer"/>
  <member type="way" ref="1356719586" role="outer"/>
  <member type="way" ref="378845476" role="outer"/>
  <member type="way" ref="4762898" role="outer"/>
  <member type="way" ref="261476981" role="outer"/>
  <member type="way" ref="261476982" role="outer"/>
  <member type="way" ref="608807424" role="outer"/>
  <member type="way" ref="378845477" role="outer"/>
  <member type="way" ref="389131621" role="outer"/>
  <member type="way" ref="1308647247" role="outer"/>
  <member type="way" ref="1308651126" role="outer"/>
  <member type="way" ref="1308651127" role="outer"/>
  <member type="way" ref="1308651128" role="outer"/>
  <member type="way" ref="1308652568" role="outer"/>
  <member type="way" ref="1308651129" role="outer"/>
  <member type="way" ref="1308651130" role="outer"/>
  <member type="way" ref="229130542" role="outer"/>
  <member type="way" ref="1354710800" role="outer"/>
  <member type="way" ref="51966496" role="outer"/>
  <member type="way" ref="1332919056" role="outer"/>
  <member type="way" ref="53053539" role="outer"/>
  <member type="way" ref="389134026" role="outer"/>
  <member type="way" ref="510796830" role="outer"/>
  <member type="way" ref="52835921" role="outer"/>
  <member type="way" ref="53051862" role="outer"/>
  <member type="way" ref="658032670" role="outer"/>
  <member type="way" ref="992752840" role="outer"/>
  <member type="way" ref="992752841" role="outer"/>
  <member type="way" ref="131828367" role="outer"/>
  <member type="way" ref="658032669" role="outer"/>
  <member type="way" ref="659827655" role="outer"/>
  <member type="way" ref="468425732" role="outer"/>
  <member type="way" ref="468535370" role="outer"/>
  <member type="way" ref="954728787" role="outer"/>
  <member type="way" ref="468535373" role="outer"/>
  <member type="way" ref="53051863" role="outer"/>
  <member type="way" ref="389119590" role="outer"/>
  <member type="way" ref="659540332" role="outer"/>
  <member type="way" ref="659540333" role="outer"/>
  <member type="way" ref="659540334" role="outer"/>
  <member type="way" ref="256257078" role="outer"/>
  <member type="way" ref="36130443" role="outer"/>
  <member type="way" ref="132390512" role="outer"/>
  <member type="way" ref="1240325345" role="outer"/>
  <member type="way" ref="1240325346" role="outer"/>
  <member type="way" ref="22663959" role="outer"/>
  <member type="way" ref="1543316512" role="outer"/>
  <member type="way" ref="1543316513" role="outer"/>
  <member type="way" ref="1433125586" role="outer"/>
  <member type="way" ref="131828368" role="outer"/>
  <member type="way" ref="1433125592" role="outer"/>
  <tag k="admin_level" v="8"/>
  <tag k="boundary" v="administrative"/>
  <tag k="name" v="San Isidro"/>
  <tag k="postal_code" v="1642"/>
  <tag k="type" v="boundary"/>
  <tag k="wikidata" v="Q2164117"/>
  <tag k="wikipedia" v="es:San Isidro (Buenos Aires)"/>
 </relation>
 <relation id="3474227" visible="true" version="243" changeset="188004451" timestamp="2026-08-25T18:00:15Z" user="Bondi Maps" uid="22225370">
  <member type="way" ref="185599306" role="outer"/>
  <member type="way" ref="1418531502" role="outer"/>
  <member type="way" ref="185597693" role="outer"/>
  <member type="way" ref="1418539003" role="outer"/>
  <member type="way" ref="1418539005" role="outer"/>
  <member type="way" ref="1552356824" role="outer"/>
  <member type="way" ref="1418496946" role="outer"/>
  <member type="way" ref="206861190" role="outer"/>
  <member type="way" ref="206861184" role="outer"/>
  <member type="way" ref="1049745149" role="outer"/>
  <member type="way" ref="1049745148" role="outer"/>
  <member type="way" ref="1444794896" role="outer"/>
  <member type="way" ref="19757608" role="outer"/>
  <member type="way" ref="1444794894" role="outer"/>
  <member type="way" ref="153194630" role="outer"/>
  <member type="way" ref="153194617" role="outer"/>
  <member type="way" ref="160359623" role="outer"/>
  <member type="way" ref="160376150" role="outer"/>
  <member type="way" ref="875880066" role="outer"/>
  <member type="way" ref="160376149" role="outer"/>
  <member type="way" ref="875880065" role="outer"/>
  <member type="way" ref="160535506" role="outer"/>
  <member type="way" ref="875880062" role="outer"/>
  <member type="way" ref="466121322" role="outer"/>
  <member type="way" ref="875880063" role="outer"/>
  <member type="way" ref="466121318" role="outer"/>
  <member type="way" ref="160540618" role="outer"/>
  <member type="way" ref="865547600" role="outer"/>
  <member type="way" ref="729129375" role="outer"/>
  <member type="way" ref="610359434" role="outer"/>
  <member type="way" ref="867931023" role="outer"/>
  <member type="way" ref="750095805" role="outer"/>
  <member type="way" ref="750095794" role="outer"/>
  <member type="way" ref="750095804" role="outer"/>
  <member type="way" ref="750095811" role="outer"/>
  <member type="way" ref="750095787" role="outer"/>
  <member type="way" ref="750095798" role="outer"/>
  <member type="way" ref="750095812" role="outer"/>
  <member type="way" ref="166828644" role="outer"/>
  <member type="way" ref="176937145" role="outer"/>
  <member type="way" ref="1428175630" role="outer"/>
  <member type="way" ref="1428175623" role="outer"/>
  <member type="way" ref="854707340" role="outer"/>
  <member type="way" ref="854808900" role="outer"/>
  <member type="way" ref="316462982" role="outer"/>
  <member type="way" ref="854707347" role="outer"/>
  <member type="way" ref="729210115" role="outer"/>
  <member type="way" ref="854707348" role="outer"/>
  <member type="way" ref="729219967" role="outer"/>
  <member type="way" ref="357291361" role="outer"/>
  <member type="way" ref="81339745" role="outer"/>
  <member type="way" ref="81339742" role="outer"/>
  <member type="way" ref="859138371" role="outer"/>
  <member type="way" ref="19357332" role="outer"/>
  <member type="way" ref="854707341" role="outer"/>
  <member type="way" ref="176937148" role="outer"/>
  <member type="way" ref="860549128" role="outer"/>
  <member type="way" ref="860549127" role="outer"/>
  <member type="way" ref="176937144" role="outer"/>
  <member type="way" ref="860549130" role="outer"/>
  <member type="way" ref="176936127" role="outer"/>
  <member type="way" ref="860549129" role="outer"/>
  <member type="way" ref="176936125" role="outer"/>
  <member type="way" ref="859138370" role="outer"/>
  <member type="way" ref="176936126" role="outer"/>
  <member type="way" ref="860549131" role="outer"/>
  <member type="way" ref="176936123" role="outer"/>
  <member type="way" ref="176936119" role="outer"/>
  <member type="way" ref="166883955" role="outer"/>
  <member type="way" ref="860549132" role="outer"/>
  <member type="way" ref="176936122" role="outer"/>
  <member type="way" ref="860286577" role="outer"/>
  <member type="way" ref="857710314" role="outer"/>
  <member type="way" ref="860549133" role="outer"/>
  <member type="way" ref="176936124" role="outer"/>
  <member type="way" ref="860549134" role="outer"/>
  <member type="way" ref="857710319" role="outer"/>
  <member type="way" ref="857710318" role="outer"/>
  <member type="way" ref="176936121" role="outer"/>
  <member type="way" ref="858779851" role="outer"/>
  <member type="way" ref="954081788" role="outer"/>
  <member type="way" ref="858779880" role="outer"/>
  <member type="way" ref="577629279" role="outer"/>
  <member type="way" ref="858779879" role="outer"/>
  <member type="way" ref="316435817" role="outer"/>
  <member type="way" ref="857710305" role="outer"/>
  <member type="way" ref="1428176848" role="outer"/>
  <member type="way" ref="176936120" role="outer"/>
  <member type="way" ref="176937152" role="outer"/>
  <member type="way" ref="26330945" role="outer"/>
  <member type="way" ref="1180651636" role="outer"/>
  <member type="way" ref="686101580" role="outer"/>
  <member type="way" ref="1180650040" role="outer"/>
  <member type="way" ref="1180082195" role="outer"/>
  <member type="way" ref="1180082194" role="outer"/>
  <member type="way" ref="176937307" role="outer"/>
  <member type="way" ref="1180649690" role="outer"/>
  <member type="way" ref="1180649689" role="outer"/>
  <member type="way" ref="166704159" role="outer"/>
  <member type="way" ref="375978044" role="outer"/>
  <member type="way" ref="375978045" role="outer"/>
  <member type="way" ref="275862278" role="outer"/>
  <member type="way" ref="275862276" role="outer"/>
  <member type="way" ref="275862277" role="outer"/>
  <member type="way" ref="280417313" role="outer"/>
  <member type="way" ref="166703468" role="outer"/>
  <member type="way" ref="26330278" role="outer"/>
  <member type="way" ref="81341265" role="outer"/>
  <member type="way" ref="81341261" role="outer"/>
  <member type="way" ref="81341262" role="outer"/>
  <member type="way" ref="39517293" role="outer"/>
  <member type="way" ref="39517297" role="outer"/>
  <member type="way" ref="81341259" role="outer"/>
  <member type="way" ref="36866330" role="outer"/>
  <member type="way" ref="85099536" role="outer"/>
  <member type="way" ref="81341260" role="outer"/>
  <member type="way" ref="131828246" role="outer"/>
  <member type="way" ref="750142458" role="outer"/>
  <member type="way" ref="750142467" role="outer"/>
  <member type="way" ref="750142466" role="outer"/>
  <member type="way" ref="1543316511" role="outer"/>
  <member type="way" ref="1372763321" role="outer"/>
  <member type="way" ref="139486215" role="outer"/>
  <member type="way" ref="1433125561" role="outer"/>
  <member type="way" ref="1433125562" role="outer"/>
  <member type="way" ref="1433125573" role="outer"/>
  <member type="way" ref="1433125574" role="outer"/>
  <member type="way" ref="1433125578" role="outer"/>
  <member type="way" ref="1433125584" role="outer"/>
  <member type="way" ref="1433125588" role="outer"/>
  <member type="way" ref="1433125592" role="outer"/>
  <member type="way" ref="131828368" role="outer"/>
  <member type="way" ref="1433125586" role="outer"/>
  <member type="way" ref="825284233" role="outer"/>
  <member type="way" ref="825284115" role="outer"/>
  <member type="way" ref="825284232" role="outer"/>
  <member type="way" ref="825284252" role="outer"/>
  <member type="way" ref="825284251" role="outer"/>
  <member type="way" ref="825284250" role="outer"/>
  <member type="way" ref="825284249" role="outer"/>
  <member type="way" ref="825284234" role="outer"/>
  <member type="way" ref="825284123" role="outer"/>
  <member type="way" ref="825284102" role="outer"/>
  <member type="way" ref="825284247" role="outer"/>
  <member type="way" ref="825284246" role="outer"/>
  <member type="way" ref="825284255" role="outer"/>
  <member type="way" ref="825284244" role="outer"/>
  <member type="way" ref="259109283" role="outer"/>
  <member type="way" ref="825284243" role="outer"/>
  <member type="way" ref="825284287" role="outer"/>
  <member type="way" ref="825284231" role="outer"/>
  <member type="way" ref="825284230" role="outer"/>
  <member type="way" ref="825284226" role="outer"/>
  <member type="way" ref="825284229" role="outer"/>
  <member type="way" ref="825284228" role="outer"/>
  <member type="way" ref="825284238" role="outer"/>
  <member type="way" ref="825284237" role="outer"/>
  <member type="way" ref="825284239" role="outer"/>
  <member type="way" ref="825284235" role="outer"/>
  <member type="way" ref="825284278" role="outer"/>
  <member type="way" ref="452821178" role="outer"/>
  <member type="way" ref="259109293" role="outer"/>
  <member type="way" ref="825284224" role="outer"/>
  <member type="way" ref="825284277" role="outer"/>
  <member type="way" ref="825284276" role="outer"/>
  <member type="way" ref="825284274" role="outer"/>
  <member type="way" ref="825284275" role="outer"/>
  <member type="way" ref="825284266" role="outer"/>
  <member type="way" ref="825284273" role="outer"/>
  <member type="way" ref="825284265" role="outer"/>
  <member type="way" ref="825284264" role="outer"/>
  <member type="way" ref="825284272" role="outer"/>
  <member type="way" ref="825284271" role="outer"/>
  <member type="way" ref="185787374" role="outer"/>
  <member type="way" ref="825284270" role="outer"/>
  <member type="way" ref="825284268" role="outer"/>
  <member type="way" ref="825284267" role="outer"/>
  <member type="way" ref="825284261" role="outer"/>
  <member type="way" ref="825284260" role="outer"/>
  <member type="way" ref="825284262" role="outer"/>
  <member type="way" ref="825284220" role="outer"/>
  <member type="way" ref="825284222" role="outer"/>
  <member type="way" ref="825284221" role="outer"/>
  <member type="way" ref="825284173" role="outer"/>
  <member type="way" ref="825284197" role="outer"/>
  <member type="way" ref="825284175" role="outer"/>
  <member type="way" ref="825284194" role="outer"/>
  <member type="way" ref="825284130" role="outer"/>
  <member type="way" ref="825284193" role="outer"/>
  <member type="way" ref="452821183" role="outer"/>
  <member type="way" ref="801689122" role="outer"/>
  <member type="way" ref="801689124" role="outer"/>
  <member type="way" ref="625184392" role="outer"/>
  <member type="way" ref="625184391" role="outer"/>
  <member type="way" ref="185745205" role="outer"/>
  <member type="way" ref="801689130" role="outer"/>
  <member type="way" ref="801689128" role="outer"/>
  <member type="way" ref="801689126" role="outer"/>
  <member type="way" ref="801689127" role="outer"/>
  <member type="way" ref="259109343" role="outer"/>
  <member type="way" ref="259109275" role="outer"/>
  <member type="way" ref="13239234" role="outer"/>
  <member type="way" ref="801689129" role="outer"/>
  <member type="way" ref="801689131" role="outer"/>
  <member type="way" ref="452821189" role="outer"/>
  <member type="way" ref="825626277" role="outer"/>
  <member type="way" ref="825626276" role="outer"/>
  <member type="way" ref="259109310" role="outer"/>
  <member type="way" ref="259109304" role="outer"/>
  <member type="way" ref="259109272" role="outer"/>
  <member type="way" ref="259109240" role="outer"/>
  <member type="way" ref="259109241" role="outer"/>
  <member type="way" ref="259109302" role="outer"/>
  <member type="way" ref="259109233" role="outer"/>
  <member type="way" ref="20303630" role="outer"/>
  <member type="way" ref="259109232" role="outer"/>
  <member type="way" ref="259109329" role="outer"/>
  <member type="way" ref="259109225" role="outer"/>
  <member type="way" ref="259109281" role="outer"/>
  <member type="way" ref="259109276" role="outer"/>
  <member type="way" ref="259109160" role="outer"/>
  <member type="way" ref="625184400" role="outer"/>
  <member type="way" ref="625184402" role="outer"/>
  <member type="way" ref="625184401" role="outer"/>
  <member type="way" ref="258851250" role="outer"/>
  <member type="way" ref="625184403" role="outer"/>
  <member type="way" ref="625184398" role="outer"/>
  <member type="way" ref="259109227" role="outer"/>
  <member type="way" ref="801714115" role="outer"/>
  <member type="way" ref="259109282" role="outer"/>
  <member type="way" ref="258851254" role="outer"/>
  <member type="way" ref="258851261" role="outer"/>
  <member type="way" ref="874871931" role="outer"/>
  <member type="way" ref="258851265" role="outer"/>
  <member type="way" ref="10667965" role="outer"/>
  <member type="way" ref="258851244" role="outer"/>
  <member type="way" ref="10663155" role="outer"/>
  <member type="way" ref="258851241" role="outer"/>
  <member type="way" ref="258851245" role="outer"/>
  <member type="way" ref="258851259" role="outer"/>
  <member type="way" ref="832607967" role="outer"/>
  <member type="way" ref="218892766" role="outer"/>
  <member type="way" ref="258851256" role="outer"/>
  <member type="way" ref="10663000" role="outer"/>
  <member type="way" ref="231382741" role="outer"/>
  <member type="way" ref="231382739" role="outer"/>
  <member type="way" ref="1536199762" role="outer"/>
  <member type="way" ref="231382737" role="outer"/>
  <member type="way" ref="1536199761" role="outer"/>
  <member type="way" ref="205388497" role="outer"/>
  <member type="way" ref="188493508" role="outer"/>
  <member type="way" ref="188493499" role="outer"/>
  <member type="way" ref="185029367" role="outer"/>
  <member type="way" ref="185029344" role="outer"/>
  <member type="way" ref="188496576" role="outer"/>
  <member type="way" ref="188496579" role="outer"/>
  <member type="way" ref="441615907" role="outer"/>
  <member type="way" ref="441615904" role="outer"/>
  <member type="way" ref="205388508" role="outer"/>
  <member type="way" ref="10669161" role="outer"/>
  <member type="way" ref="441599683" role="outer"/>
  <member type="way" ref="441599674" role="outer"/>
  <member type="way" ref="441599681" role="outer"/>
  <member type="way" ref="441599676" role="outer"/>
  <member type="way" ref="1123723777" role="outer"/>
  <member type="way" ref="1123723778" role="outer"/>
  <member type="way" ref="832607969" role="outer"/>
  <member type="way" ref="1423902562" role="outer"/>
  <member type="way" ref="448170919" role="outer"/>
  <member type="way" ref="202864600" role="outer"/>
  <member type="way" ref="202864599" role="outer"/>
  <member type="way" ref="216873232" role="outer"/>
  <member type="way" ref="1023801028" role="outer"/>
  <member type="way" ref="442773869" role="outer"/>
  <member type="way" ref="1531739964" role="outer"/>
  <member type="way" ref="1531739963" role="outer"/>
  <member type="way" ref="1531739969" role="outer"/>
  <member type="way" ref="1531739970" role="outer"/>
  <member type="way" ref="1531739984" role="outer"/>
  <member type="way" ref="1531739985" role="outer"/>
  <member type="way" ref="1531739989" role="outer"/>
  <member type="way" ref="1531739988" role="outer"/>
  <member type="way" ref="1531723082" role="outer"/>
  <member type="way" ref="1531723086" role="outer"/>
  <member type="way" ref="1531740074" role="outer"/>
  <member type="way" ref="1531723085" role="outer"/>
  <member type="way" ref="10668635" role="outer"/>
  <member type="way" ref="585931419" role="outer"/>
  <member type="way" ref="546873063" role="outer"/>
  <member type="way" ref="546873065" role="outer"/>
  <member type="way" ref="546873066" role="outer"/>
  <member type="way" ref="551539042" role="outer"/>
  <member type="way" ref="546873075" role="outer"/>
  <member type="way" ref="551539043" role="outer"/>
  <member type="way" ref="585931418" role="outer"/>
  <member type="way" ref="592129392" role="outer"/>
  <member type="way" ref="592129390" role="outer"/>
  <member type="way" ref="592129389" role="outer"/>
  <member type="way" ref="592129388" role="outer"/>
  <member type="way" ref="546873071" role="outer"/>
  <member type="way" ref="215506029" role="outer"/>
  <member type="way" ref="208616161" role="outer"/>
  <member type="way" ref="215506031" role="outer"/>
  <member type="way" ref="448187194" role="outer"/>
  <member type="way" ref="448187186" role="outer"/>
  <member type="way" ref="448187175" role="outer"/>
  <member type="way" ref="448187192" role="outer"/>
  <member type="way" ref="448187198" role="outer"/>
  <member type="way" ref="448187156" role="outer"/>
  <member type="way" ref="448187176" role="outer"/>
  <member type="way" ref="448187187" role="outer"/>
  <member type="way" ref="448187177" role="outer"/>
  <member type="way" ref="448187181" role="outer"/>
  <member type="way" ref="448187170" role="outer"/>
  <member type="way" ref="448187180" role="outer"/>
  <member type="way" ref="448187190" role="outer"/>
  <member type="way" ref="448187199" role="outer"/>
  <member type="way" ref="448187188" role="outer"/>
  <member type="way" ref="448187174" role="outer"/>
  <member type="way" ref="448187195" role="outer"/>
  <member type="way" ref="448187149" role="outer"/>
  <member type="way" ref="448187184" role="outer"/>
  <member type="way" ref="10668347" role="outer"/>
  <member type="way" ref="448187191" role="outer"/>
  <member type="way" ref="448187178" role="outer"/>
  <member type="way" ref="448187162" role="outer"/>
  <member type="way" ref="204587902" role="outer"/>
  <member type="way" ref="204587892" role="outer"/>
  <member type="way" ref="204587903" role="outer"/>
  <member type="way" ref="448187185" role="outer"/>
  <member type="way" ref="204579516" role="outer"/>
  <member type="way" ref="447518537" role="outer"/>
  <member type="way" ref="447518536" role="outer"/>
  <member type="way" ref="204579523" role="outer"/>
  <member type="way" ref="196779562" role="outer"/>
  <member type="way" ref="196779560" role="outer"/>
  <member type="way" ref="70802369" role="outer"/>
  <member type="way" ref="204576666" role="outer"/>
  <member type="way" ref="204576665" role="outer"/>
  <member type="way" ref="554312269" role="outer"/>
  <member type="way" ref="554312265" role="outer"/>
  <member type="way" ref="554312266" role="outer"/>
  <member type="way" ref="554312268" role="outer"/>
  <member type="way" ref="204576676" role="outer"/>
  <member type="way" ref="204576673" role="outer"/>
  <member type="way" ref="258851260" role="outer"/>
  <member type="way" ref="258851270" role="outer"/>
  <member type="way" ref="10669236" role="outer"/>
  <member type="way" ref="447272530" role="outer"/>
  <member type="way" ref="204683847" role="outer"/>
  <member type="way" ref="447272499" role="outer"/>
  <member type="way" ref="204683848" role="outer"/>
  <member type="way" ref="208607767" role="outer"/>
  <member type="way" ref="208592754" role="outer"/>
  <member type="way" ref="208458035" role="outer"/>
  <member type="way" ref="208455195" role="outer"/>
  <member type="way" ref="208279460" role="outer"/>
  <member type="way" ref="208279463" role="outer"/>
  <member type="way" ref="231384171" role="outer"/>
  <member type="way" ref="258851253" role="outer"/>
  <member type="way" ref="231384170" role="outer"/>
  <member type="way" ref="258851268" role="outer"/>
  <member type="way" ref="204692123" role="outer"/>
  <member type="way" ref="204692118" role="outer"/>
  <member type="way" ref="194517605" role="outer"/>
  <member type="way" ref="10668200" role="outer"/>
  <member type="way" ref="194517613" role="outer"/>
  <member type="way" ref="194517609" role="outer"/>
  <member type="way" ref="194517615" role="outer"/>
  <member type="way" ref="194517607" role="outer"/>
  <member type="way" ref="583074988" role="outer"/>
  <member type="way" ref="583074987" role="outer"/>
  <member type="way" ref="194517612" role="outer"/>
  <member type="way" ref="196852484" role="outer"/>
  <member type="way" ref="196852485" role="outer"/>
  <member type="way" ref="196852478" role="outer"/>
  <member type="way" ref="775385873" role="outer"/>
  <member type="way" ref="775385870" role="outer"/>
  <member type="way" ref="200204402" role="outer"/>
  <member type="way" ref="775385868" role="outer"/>
  <member type="way" ref="775385869" role="outer"/>
  <member type="way" ref="200197811" role="outer"/>
  <member type="way" ref="200197848" role="outer"/>
  <member type="way" ref="119939918" role="outer"/>
  <member type="way" ref="258851257" role="outer"/>
  <member type="way" ref="775385874" role="outer"/>
  <member type="way" ref="258851247" role="outer"/>
  <member type="way" ref="226734065" role="outer"/>
  <member type="way" ref="226734067" role="outer"/>
  <member type="way" ref="226734069" role="outer"/>
  <member type="way" ref="226734053" role="outer"/>
  <member type="way" ref="226734063" role="outer"/>
  <member type="way" ref="226734052" role="outer"/>
  <member type="way" ref="226734064" role="outer"/>
  <member type="way" ref="226734060" role="outer"/>
  <member type="way" ref="226734055" role="outer"/>
  <member type="way" ref="226734057" role="outer"/>
  <member type="way" ref="226734054" role="outer"/>
  <member type="way" ref="455512955" role="outer"/>
  <member type="way" ref="455512954" role="outer"/>
  <member type="way" ref="226734068" role="outer"/>
  <member type="way" ref="1163631552" role="outer"/>
  <member type="way" ref="1163631551" role="outer"/>
  <member type="way" ref="1163502929" role="outer"/>
  <member type="way" ref="1163502928" role="outer"/>
  <member type="way" ref="1163502934" role="outer"/>
  <member type="way" ref="1163502932" role="outer"/>
  <member type="way" ref="1163502924" role="outer"/>
  <member type="way" ref="1163502923" role="outer"/>
  <member type="way" ref="1163502935" role="outer"/>
  <member type="way" ref="1163502921" role="outer"/>
  <member type="way" ref="1163502922" role="outer"/>
  <member type="way" ref="189153001" role="outer"/>
  <member type="way" ref="1163502914" role="outer"/>
  <member type="way" ref="189152999" role="outer"/>
  <member type="way" ref="1163502915" role="outer"/>
  <member type="way" ref="37859226" role="outer"/>
  <member type="way" ref="218815755" role="outer"/>
  <member type="way" ref="455087327" role="outer"/>
  <member type="way" ref="218815756" role="outer"/>
  <member type="way" ref="1497355734" role="outer"/>
  <member type="way" ref="452677809" role="outer"/>
  <member type="way" ref="1135514641" role="outer"/>
  <member type="way" ref="1135514640" role="outer"/>
  <member type="way" ref="452677807" role="outer"/>
  <member type="way" ref="452677806" role="outer"/>
  <member type="way" ref="452677804" role="outer"/>
  <member type="way" ref="188210942" role="outer"/>
  <member type="way" ref="188210941" role="outer"/>
  <member type="way" ref="188246743" role="outer"/>
  <member type="way" ref="188246744" role="outer"/>
  <member type="way" ref="1250844725" role="outer"/>
  <member type="way" ref="188210929" role="outer"/>
  <member type="way" ref="1497436484" role="outer"/>
  <member type="way" ref="1497436483" role="outer"/>
  <member type="way" ref="1497436486" role="outer"/>
  <member type="way" ref="1497436485" role="outer"/>
  <member type="way" ref="1250864166" role="outer"/>
  <member type="way" ref="204738407" role="outer"/>
  <member type="way" ref="188210940" role="outer"/>
  <member type="way" ref="204738366" role="outer"/>
  <member type="way" ref="554103155" role="outer"/>
  <member type="way" ref="1191321239" role="outer"/>
  <member type="way" ref="1191321240" role="outer"/>
  <member type="way" ref="1209545221" role="outer"/>
  <member type="way" ref="1191321225" role="outer"/>
  <member type="way" ref="1191321226" role="outer"/>
  <member type="way" ref="1191321238" role="outer"/>
  <member type="way" ref="903875875" role="outer"/>
  <member type="way" ref="205233690" role="outer"/>
  <member type="way" ref="1191321221" role="outer"/>
  <member type="way" ref="1191321220" role="outer"/>
  <member type="way" ref="1191321218" role="outer"/>
  <member type="way" ref="211846856" role="outer"/>
  <member type="way" ref="1306063799" role="outer"/>
  <member type="way" ref="995435999" role="outer"/>
  <member type="way" ref="1306063798" role="outer"/>
  <member type="way" ref="1306063802" role="outer"/>
  <member type="way" ref="1306063801" role="outer"/>
  <member type="way" ref="995434504" role="outer"/>
  <member type="way" ref="1306063803" role="outer"/>
  <member type="way" ref="435457911" role="outer"/>
  <member type="way" ref="435457876" role="outer"/>
  <member type="way" ref="435457896" role="outer"/>
  <member type="way" ref="1245707416" role="outer"/>
  <member type="way" ref="435457898" role="outer"/>
  <member type="way" ref="291051465" role="outer"/>
  <member type="way" ref="435457905" role="outer"/>
  <member type="way" ref="435457878" role="outer"/>
  <member type="way" ref="484556277" role="outer"/>
  <member type="way" ref="484556276" role="outer"/>
  <member type="way" ref="484556275" role="outer"/>
  <member type="way" ref="484556272" role="outer"/>
  <member type="way" ref="995434506" role="outer"/>
  <member type="way" ref="484556267" role="outer"/>
  <member type="way" ref="291051456" role="outer"/>
  <member type="way" ref="435457888" role="outer"/>
  <member type="way" ref="435457877" role="outer"/>
  <member type="way" ref="646138744" role="outer"/>
  <member type="way" ref="646138743" role="outer"/>
  <member type="way" ref="646138739" role="outer"/>
  <member type="way" ref="646138740" role="outer"/>
  <member type="way" ref="1283773252" role="outer"/>
  <member type="way" ref="1283773251" role="outer"/>
  <member type="way" ref="1283773257" role="outer"/>
  <member type="way" ref="435457901" role="outer"/>
  <member type="way" ref="1283773256" role="outer"/>
  <member type="way" ref="646130188" role="outer"/>
  <member type="way" ref="646130190" role="outer"/>
  <member type="way" ref="1245707418" role="outer"/>
  <member type="way" ref="435457899" role="outer"/>
  <member type="way" ref="189151224" role="outer"/>
  <member type="way" ref="189151232" role="outer"/>
  <member type="way" ref="189151220" role="outer"/>
  <member type="way" ref="189151231" role="outer"/>
  <member type="way" ref="189151222" role="outer"/>
  <member type="way" ref="189151229" role="outer"/>
  <member type="way" ref="189151233" role="outer"/>
  <member type="way" ref="1357528294" role="outer"/>
  <member type="way" ref="1357528293" role="outer"/>
  <member type="way" ref="1357528290" role="outer"/>
  <member type="way" ref="1357528289" role="outer"/>
  <member type="way" ref="189151235" role="outer"/>
  <member type="way" ref="1357528280" role="outer"/>
  <member type="way" ref="258851267" role="outer"/>
  <member type="way" ref="188160375" role="outer"/>
  <member type="way" ref="188160253" role="outer"/>
  <member type="way" ref="555260029" role="outer"/>
  <member type="way" ref="188160252" role="outer"/>
  <member type="way" ref="188160254" role="outer"/>
  <member type="way" ref="188157859" role="outer"/>
  <member type="way" ref="188157864" role="outer"/>
  <member type="way" ref="188157865" role="outer"/>
  <member type="way" ref="188164847" role="outer"/>
  <member type="way" ref="156850270" role="outer"/>
  <member type="way" ref="188164862" role="outer"/>
  <member type="way" ref="188164852" role="outer"/>
  <member type="way" ref="188164848" role="outer"/>
  <member type="way" ref="188164845" role="outer"/>
  <member type="way" ref="189469588" role="outer"/>
  <member type="way" ref="191118584" role="outer"/>
  <member type="way" ref="191118603" role="outer"/>
  <member type="way" ref="187699903" role="outer"/>
  <member type="way" ref="502481176" role="outer"/>
  <member type="way" ref="191123797" role="outer"/>
  <member type="way" ref="187699911" role="outer"/>
  <member type="way" ref="470465843" role="outer"/>
  <member type="way" ref="470484542" role="outer"/>
  <member type="way" ref="1391912432" role="outer"/>
  <member type="way" ref="187699872" role="outer"/>
  <member type="way" ref="187699895" role="outer"/>
  <member type="way" ref="187699889" role="outer"/>
  <member type="way" ref="187709464" role="outer"/>
  <member type="way" ref="156850287" role="outer"/>
  <member type="way" ref="187699894" role="outer"/>
  <member type="way" ref="187714638" role="outer"/>
  <member type="way" ref="187699875" role="outer"/>
  <member type="way" ref="187699874" role="outer"/>
  <member type="way" ref="187717166" role="outer"/>
  <member type="way" ref="187717168" role="outer"/>
  <member type="way" ref="187717165" role="outer"/>
  <member type="way" ref="187796582" role="outer"/>
  <member type="way" ref="187801363" role="outer"/>
  <member type="way" ref="187801347" role="outer"/>
  <member type="way" ref="187801359" role="outer"/>
  <member type="way" ref="187801327" role="outer"/>
  <member type="way" ref="187479417" role="outer"/>
  <member type="way" ref="187479408" role="outer"/>
  <member type="way" ref="187504795" role="outer"/>
  <member type="way" ref="187504797" role="outer"/>
  <member type="way" ref="187504794" role="outer"/>
  <member type="way" ref="185282225" role="outer"/>
  <member type="way" ref="185282173" role="outer"/>
  <member type="way" ref="185282230" role="outer"/>
  <member type="way" ref="185282172" role="outer"/>
  <member type="way" ref="185282222" role="outer"/>
  <member type="way" ref="185282220" role="outer"/>
  <member type="way" ref="185282238" role="outer"/>
  <member type="way" ref="185282176" role="outer"/>
  <member type="way" ref="185282187" role="outer"/>
  <member type="way" ref="185282207" role="outer"/>
  <member type="way" ref="187485799" role="outer"/>
  <member type="way" ref="187485798" role="outer"/>
  <member type="way" ref="118740585" role="outer"/>
  <member type="way" ref="186515757" role="outer"/>
  <member type="way" ref="1306055296" role="outer"/>
  <member type="way" ref="1306055298" role="outer"/>
  <member type="way" ref="184158882" role="outer"/>
  <member type="way" ref="184157212" role="outer"/>
  <member type="way" ref="1252637147" role="outer"/>
  <member type="way" ref="184156425" role="outer"/>
  <member type="way" ref="186513814" role="outer"/>
  <member type="way" ref="186513817" role="outer"/>
  <member type="way" ref="186513820" role="outer"/>
  <member type="way" ref="186513811" role="outer"/>
  <member type="way" ref="184098093" role="outer"/>
  <member type="way" ref="186513809" role="outer"/>
  <member type="way" ref="186513808" role="outer"/>
  <member type="way" ref="184098094" role="outer"/>
  <member type="way" ref="186513812" role="outer"/>
  <member type="way" ref="184522599" role="outer"/>
  <member type="way" ref="184096079" role="outer"/>
  <member type="way" ref="184522605" role="outer"/>
  <member type="way" ref="427626047" role="outer"/>
  <member type="way" ref="10669191" role="outer"/>
  <member type="way" ref="200067949" role="outer"/>
  <member type="way" ref="184522600" role="outer"/>
  <member type="way" ref="184067126" role="outer"/>
  <member type="way" ref="186155345" role="outer"/>
  <member type="way" ref="186155347" role="outer"/>
  <member type="way" ref="184067125" role="outer"/>
  <member type="way" ref="427646765" role="outer"/>
  <member type="way" ref="186155341" role="outer"/>
  <member type="way" ref="186155340" role="outer"/>
  <member type="way" ref="184086595" role="outer"/>
  <member type="way" ref="186508934" role="outer"/>
  <member type="way" ref="186508928" role="outer"/>
  <member type="way" ref="186511043" role="outer"/>
  <member type="way" ref="184197867" role="outer"/>
  <member type="way" ref="186511047" role="outer"/>
  <member type="way" ref="184197865" role="outer"/>
  <member type="way" ref="1024652475" role="outer"/>
  <member type="way" ref="186511483" role="outer"/>
  <member type="way" ref="1024652476" role="outer"/>
  <member type="way" ref="186511608" role="outer"/>
  <member type="way" ref="186511609" role="outer"/>
  <member type="way" ref="186511611" role="outer"/>
  <member type="way" ref="184791632" role="outer"/>
  <member type="way" ref="283870914" role="outer"/>
  <member type="way" ref="10669002" role="outer"/>
  <member type="way" ref="427827217" role="outer"/>
  <member type="way" ref="184791636" role="outer"/>
  <member type="way" ref="554036160" role="outer"/>
  <member type="way" ref="1526529706" role="outer"/>
  <member type="way" ref="186169891" role="outer"/>
  <member type="way" ref="554036161" role="outer"/>
  <member type="way" ref="554036158" role="outer"/>
  <member type="way" ref="100290330" role="outer"/>
  <member type="way" ref="547981450" role="outer"/>
  <member type="way" ref="554036164" role="outer"/>
  <member type="way" ref="100290353" role="outer"/>
  <member type="way" ref="547981449" role="outer"/>
  <member type="way" ref="406530495" role="outer"/>
  <member type="way" ref="186710973" role="outer"/>
  <member type="way" ref="583074985" role="outer"/>
  <member type="way" ref="259109325" role="outer"/>
  <member type="way" ref="798536471" role="outer"/>
  <member type="way" ref="798536473" role="outer"/>
  <member type="way" ref="1295972795" role="outer"/>
  <member type="way" ref="194704681" role="outer"/>
  <member type="way" ref="1295972796" role="outer"/>
  <member type="way" ref="1295972793" role="outer"/>
  <member type="way" ref="798536458" role="outer"/>
  <member type="way" ref="91820919" role="outer"/>
  <member type="way" ref="194704685" role="outer"/>
  <member type="way" ref="706820749" role="outer"/>
  <member type="way" ref="194704675" role="outer"/>
  <member type="way" ref="462426587" role="outer"/>
  <member type="way" ref="10620778" role="outer"/>
  <member type="way" ref="262425259" role="outer"/>
  <member type="way" ref="262404481" role="outer"/>
  <member type="way" ref="462426571" role="outer"/>
  <member type="way" ref="262404478" role="outer"/>
  <member type="way" ref="462426573" role="outer"/>
  <member type="way" ref="262405934" role="outer"/>
  <member type="way" ref="262405924" role="outer"/>
  <member type="way" ref="465883120" role="outer"/>
  <member type="way" ref="319783939" role="outer"/>
  <member type="way" ref="462426601" role="outer"/>
  <member type="way" ref="319785755" role="outer"/>
  <member type="way" ref="462426599" role="outer"/>
  <member type="way" ref="319783967" role="outer"/>
  <member type="way" ref="462426597" role="outer"/>
  <member type="way" ref="319784236" role="outer"/>
  <member type="way" ref="462426595" role="outer"/>
  <member type="way" ref="319784507" role="outer"/>
  <member type="way" ref="462426593" role="outer"/>
  <member type="way" ref="319784842" role="outer"/>
  <member type="way" ref="462426591" role="outer"/>
  <member type="way" ref="319785179" role="outer"/>
  <member type="way" ref="462426589" role="outer"/>
  <member type="way" ref="319785180" role="outer"/>
  <member type="way" ref="319786217" role="outer"/>
  <member type="way" ref="462426580" role="outer"/>
  <member type="way" ref="462426581" role="outer"/>
  <member type="way" ref="319791029" role="outer"/>
  <member type="way" ref="462426582" role="outer"/>
  <member type="way" ref="319791405" role="outer"/>
  <member type="way" ref="462426584" role="outer"/>
  <member type="way" ref="462426583" role="outer"/>
  <member type="way" ref="462426586" role="outer"/>
  <member type="way" ref="462426585" role="outer"/>
  <member type="way" ref="319791406" role="outer"/>
  <member type="way" ref="798493144" role="outer"/>
  <member type="way" ref="798493127" role="outer"/>
  <member type="way" ref="798493143" role="outer"/>
  <member type="way" ref="762280383" role="outer"/>
  <member type="way" ref="762280382" role="outer"/>
  <member type="way" ref="798493145" role="outer"/>
  <member type="way" ref="465883116" role="outer"/>
  <member type="way" ref="465883114" role="outer"/>
  <member type="way" ref="465883107" role="outer"/>
  <member type="way" ref="465883106" role="outer"/>
  <member type="way" ref="319959766" role="outer"/>
  <member type="way" ref="465883112" role="outer"/>
  <member type="way" ref="465883110" role="outer"/>
  <member type="way" ref="465883109" role="outer"/>
  <member type="way" ref="798493146" role="outer"/>
  <member type="way" ref="465883108" role="outer"/>
  <member type="way" ref="659299371" role="outer"/>
  <member type="way" ref="659299372" role="outer"/>
  <member type="way" ref="186841794" role="outer"/>
  <member type="way" ref="465883104" role="outer"/>
  <member type="way" ref="465883105" role="outer"/>
  <member type="way" ref="19554547" role="outer"/>
  <member type="way" ref="659299362" role="outer"/>
  <member type="way" ref="762280385" role="outer"/>
  <member type="way" ref="206883630" role="outer"/>
  <member type="way" ref="1419674512" role="outer"/>
  <member type="way" ref="259109245" role="outer"/>
  <member type="way" ref="259109344" role="outer"/>
  <member type="way" ref="19425617" role="outer"/>
  <member type="way" ref="799494170" role="outer"/>
  <member type="way" ref="799494171" role="outer"/>
  <member type="way" ref="19425557" role="outer"/>
  <member type="way" ref="706820752" role="outer"/>
  <member type="way" ref="19425562" role="outer"/>
  <member type="way" ref="182888681" role="outer"/>
  <member type="way" ref="182888679" role="outer"/>
  <member type="way" ref="179988909" role="outer"/>
  <member type="way" ref="259109251" role="outer"/>
  <member type="way" ref="179988903" role="outer"/>
  <member type="way" ref="1054974823" role="outer"/>
  <member type="way" ref="1149018794" role="outer"/>
  <member type="way" ref="1054974822" role="outer"/>
  <member type="way" ref="1148366607" role="outer"/>
  <member type="way" ref="1148366606" role="outer"/>
  <member type="way" ref="679024268" role="outer"/>
  <member type="way" ref="679024267" role="outer"/>
  <member type="way" ref="116792806" role="outer"/>
  <member type="way" ref="788904107" role="outer"/>
  <member type="way" ref="175593695" role="outer"/>
  <member type="way" ref="788904105" role="outer"/>
  <member type="way" ref="167908389" role="outer"/>
  <member type="way" ref="206848424" role="outer"/>
  <member type="way" ref="206848423" role="outer"/>
  <member type="way" ref="167906372" role="outer"/>
  <member type="way" ref="305653010" role="outer"/>
  <member type="way" ref="1418583338" role="outer"/>
  <member type="way" ref="206861192" role="outer"/>
  <member type="way" ref="605883276" role="inner"/>
  <member type="way" ref="605883277" role="inner"/>
  <member type="way" ref="605837413" role="inner"/>
  <member type="way" ref="837266344" role="inner"/>
  <member type="way" ref="260419568" role="inner"/>
  <member type="way" ref="1002377947" role="inner"/>
  <member type="way" ref="260419567" role="inner"/>
  <member type="way" ref="698405748" role="inner"/>
  <member type="way" ref="260419566" role="inner"/>
  <member type="way" ref="10663454" role="inner"/>
  <member type="way" ref="10663510" role="inner"/>
  <member type="way" ref="10668736" role="inner"/>
  <member type="way" ref="10669023" role="inner"/>
  <member type="way" ref="10668678" role="inner"/>
  <member type="way" ref="10669109" role="inner"/>
  <member type="way" ref="10668500" role="inner"/>
  <member type="way" ref="10668296" role="inner"/>
  <member type="way" ref="10668780" role="inner"/>
  <member type="way" ref="10668026" role="inner"/>
  <member type="way" ref="377074112" role="inner"/>
  <member type="way" ref="10668792" role="inner"/>
  <member type="way" ref="10669104" role="inner"/>
  <member type="way" ref="10668529" role="inner"/>
  <member type="way" ref="258785238" role="inner"/>
  <member type="way" ref="10668038" role="inner"/>
  <member type="way" ref="605837411" role="inner"/>
  <member type="way" ref="10668725" role="inner"/>
  <member type="way" ref="10669126" role="inner"/>
  <member type="way" ref="10668119" role="inner"/>
  <member type="way" ref="1420102266" role="inner"/>
  <member type="way" ref="10668990" role="inner"/>
  <member type="way" ref="259218482" role="inner"/>
  <member type="way" ref="10668414" role="inner"/>
  <member type="way" ref="10668227" role="inner"/>
  <member type="way" ref="10669099" role="inner"/>
  <member type="way" ref="10663290" role="inner"/>
  <member type="way" ref="10663720" role="inner"/>
  <member type="way" ref="10663374" role="inner"/>
  <member type="way" ref="10668537" role="inner"/>
  <member type="way" ref="10669105" role="inner"/>
  <member type="way" ref="10668925" role="inner"/>
  <member type="way" ref="10668553" role="inner"/>
  <member type="way" ref="10669084" role="inner"/>
  <member type="way" ref="10668328" role="inner"/>
  <member type="way" ref="10668418" role="inner"/>
  <member type="way" ref="10668577" role="inner"/>
  <member type="way" ref="10668339" role="inner"/>
  <member type="way" ref="262787749" role="inner"/>
  <member type="way" ref="262787752" role="inner"/>
  <member type="way" ref="262787747" role="inner"/>
  <member type="way" ref="10668989" role="inner"/>
  <member type="way" ref="10669243" role="inner"/>
  <member type="way" ref="554103158" role="inner"/>
  <member type="way" ref="10668495" role="inner"/>
  <member type="way" ref="10668929" role="inner"/>
  <member type="way" ref="10668656" role="inner"/>
  <member type="way" ref="10669169" role="inner"/>
  <member type="way" ref="188285172" role="inner"/>
  <member type="way" ref="188285174" role="inner"/>
  <member type="way" ref="188285173" role="inner"/>
  <member type="way" ref="188285171" role="inner"/>
  <member type="way" ref="10668787" role="inner"/>
  <member type="way" ref="10668924" role="inner"/>
  <member type="way" ref="259293737" role="inner"/>
  <member type="way" ref="19585522" role="inner"/>
  <member type="way" ref="10668483" role="inner"/>
  <member type="way" ref="10668479" role="inner"/>
  <member type="way" ref="10668573" role="inner"/>
  <member type="way" ref="10669043" role="inner"/>
  <member type="way" ref="319959764" role="inner"/>
  <member type="way" ref="319959765" role="inner"/>
  <member type="way" ref="330736794" role="inner"/>
  <member type="way" ref="330172521" role="inner"/>
  <member type="way" ref="377074110" role="inner"/>
  <member type="way" ref="377074103" role="inner"/>
  <member type="way" ref="377074108" role="inner"/>
  <member type="way" ref="377074107" role="inner"/>
  <member type="way" ref="37346356" role="inner"/>
  <member type="way" ref="152111788" role="inner"/>
  <member type="way" ref="10668902" role="inner"/>
  <member type="way" ref="330172489" role="inner"/>
  <member type="way" ref="330172488" role="inner"/>
  <member type="way" ref="452969735" role="inner"/>
  <member type="way" ref="462426579" role="inner"/>
  <member type="way" ref="462426575" role="inner"/>
  <member type="way" ref="462426577" role="inner"/>
  <member type="way" ref="625184396" role="inner"/>
  <member type="way" ref="658344920" role="inner"/>
  <member type="way" ref="658344922" role="inner"/>
  <member type="way" ref="658344924" role="inner"/>
  <member type="way" ref="658344923" role="inner"/>
  <member type="way" ref="825284257" role="inner"/>
  <member type="way" ref="825284256" role="inner"/>
  <member type="way" ref="825284110" role="inner"/>
  <member type="way" ref="825626266" role="inner"/>
  <member type="way" ref="832607965" role="inner"/>
  <member type="way" ref="832607961" role="inner"/>
  <member type="way" ref="832607962" role="inner"/>
  <member type="way" ref="832607963" role="inner"/>
  <member type="way" ref="832607964" role="inner"/>
  <member type="way" ref="832607960" role="inner"/>
  <member type="way" ref="10669129" role="inner"/>
  <member type="way" ref="825284043" role="inner"/>
  <member type="way" ref="825284044" role="inner"/>
  <member type="way" ref="10668699" role="inner"/>
  <member type="way" ref="10668272" role="inner"/>
  <member type="way" ref="1420102265" role="inner"/>
  <member type="way" ref="605927673" role="inner"/>
  <member type="way" ref="825626274" role="inner"/>
  <member type="way" ref="452969736" role="inner"/>
  <member type="way" ref="10669172" role="inner"/>
  <member type="way" ref="858779853" role="inner"/>
  <member type="way" ref="857783850" role="inner"/>
  <member type="way" ref="857783848" role="inner"/>
  <member type="way" ref="857710317" role="inner"/>
  <member type="way" ref="858779852" role="inner"/>
  <member type="way" ref="1012337845" role="inner"/>
  <member type="way" ref="1009759463" role="inner"/>
  <member type="way" ref="615908312" role="inner"/>
  <member type="way" ref="605837412" role="inner"/>
  <member type="way" ref="605837414" role="inner"/>
  <member type="way" ref="1215046074" role="inner"/>
  <member type="way" ref="1215046073" role="inner"/>
  <member type="way" ref="1090755511" role="inner"/>
  <member type="way" ref="1007454820" role="inner"/>
  <member type="way" ref="825284042" role="inner"/>
  <member type="way" ref="1420102264" role="inner"/>
  <tag k="alt_name:cs" v="La Platský záliv"/>
  <tag k="description" v="Cuerpo de aguas del Rio de la Plata"/>
  <tag k="name" v="Río de la Plata"/>
  <tag k="name:af" v="Río de la Plata"/>
  <tag k="name:ar" v="ريو دي لا بلاتا"/>
  <tag k="name:ca" v="Riu de la Plata"/>
  <tag k="name:cs" v="Río de la Plata"/>
  <tag k="name:de" v="Río de la Plata"/>
  <tag k="name:el" v="Ρίο ντε λα Πλάτα"/>
  <tag k="name:en" v="Río de la Plata"/>
  <tag k="name:eo" v="Plata-Rivero"/>
  <tag k="name:es" v="Río de la Plata"/>
  <tag k="name:fa" v="دهانه پلاتا"/>
  <tag k="name:fr" v="Río de la Plata"/>
  <tag k="name:he" v="ריו דה לה פלטה"/>
  <tag k="name:hi" v="रिओ दे ला प्लाता"/>
  <tag k="name:hu" v="Río de la Plata"/>
  <tag k="name:it" v="Río de la Plata"/>
  <tag k="name:ja" v="ラプラタ川"/>
  <tag k="name:ko" v="라플라타 강"/>
  <tag k="name:nl" v="Río de la Plata"/>
  <tag k="name:pa" v="ਪਲਾਤਾ ਦਰਿਆ"/>
  <tag k="name:pt" v="Rio da Prata"/>
  <tag k="name:ru" v="Ла-Плата"/>
  <tag k="name:uk" v="Ла-Плата"/>
  <tag k="name:zh" v="拉普拉塔河"/>
  <tag k="natural" v="water"/>
  <tag k="place" v="sea"/>
  <tag k="short_name:cs" v="La Plata"/>
  <tag k="short_name:hu" v="La Plata"/>
  <tag k="source" v="IHO"/>
  <tag k="tidal" v="yes"/>
  <tag k="type" v="multipolygon"/>
  <tag k="water" v="river"/>
  <tag k="wikidata" v="Q35827"/>
  <tag k="wikimedia_commons" v="Category:Río de la Plata"/>
  <tag k="wikipedia" v="es:Río de la Plata"/>
 </relation>
 <relation id="5188890" visible="true" version="297" changeset="189708124" timestamp="2026-09-29T04:59:41Z" user="RiverDeel" uid="23759952">
  <member type="node" ref="9219826258" role="stop"/>
  <member type="node" ref="9219826257" role="platform"/>
  <member type="node" ref="6551807242" role="stop"/>
  <member type="node" ref="6551807226" role="platform"/>
  <member type="node" ref="6551807241" role="stop"/>
  <member type="node" ref="6551807225" role="platform"/>
  <member type="node" ref="10910591105" role="stop"/>
  <member type="node" ref="10910588800" role="platform"/>
  <member type="node" ref="10998513593" role="stop"/>
  <member type="node" ref="10998513594" role="platform"/>
  <member type="node" ref="10998360211" role="stop"/>
  <member type="node" ref="10998360210" role="platform"/>
  <member type="node" ref="11011359578" role="stop"/>
  <member type="node" ref="11011359577" role="platform"/>
  <member type="node" ref="7111375295" role="stop"/>
  <member type="node" ref="7111375296" role="platform"/>
  <member type="node" ref="7111375288" role="stop"/>
  <member type="node" ref="7111375289" role="platform"/>
  <member type="node" ref="7194584439" role="stop"/>
  <member type="node" ref="7194584438" role="platform"/>
  <member type="node" ref="11552894813" role="stop"/>
  <member type="node" ref="11552894812" role="platform"/>
  <member type="node" ref="11013957557" role="stop"/>
  <member type="node" ref="11013957556" role="platform"/>
  <member type="node" ref="4706146859" role="stop"/>
  <member type="node" ref="4706146860" role="platform"/>
  <member type="node" ref="4407495785" role="stop"/>
  <member type="node" ref="4407495784" role="platform"/>
  <member type="node" ref="4704731801" role="stop"/>
  <member type="node" ref="4704731802" role="platform"/>
  <member type="node" ref="3881372293" role="stop"/>
  <member type="node" ref="3881372292" role="platform"/>
  <member type="node" ref="4706146856" role="stop"/>
  <member type="node" ref="4706146857" role="platform"/>
  <member type="node" ref="4706146853" role="stop"/>
  <member type="node" ref="4706146854" role="platform"/>
  <member type="node" ref="4706146851" role="stop"/>
  <member type="node" ref="4706146852" role="platform"/>
  <member type="node" ref="4706146849" role="stop"/>
  <member type="node" ref="4706146850" role="platform"/>
  <member type="node" ref="4706146845" role="stop"/>
  <member type="node" ref="4706146846" role="platform"/>
  <member type="node" ref="5409144766" role="stop"/>
  <member type="node" ref="5409144765" role="platform"/>
  <member type="node" ref="4706146843" role="stop"/>
  <member type="node" ref="4706146844" role="platform"/>
  <member type="node" ref="4706146839" role="stop"/>
  <member type="node" ref="4706146840" role="platform"/>
  <member type="node" ref="4706146836" role="stop"/>
  <member type="node" ref="3840245664" role="platform"/>
  <member type="node" ref="4706146834" role="stop"/>
  <member type="node" ref="4706146835" role="platform"/>
  <member type="node" ref="4706146832" role="stop"/>
  <member type="node" ref="4706146833" role="platform"/>
  <member type="node" ref="5294932619" role="stop"/>
  <member type="node" ref="3110509368" role="platform"/>
  <member type="node" ref="3909887546" role="stop"/>
  <member type="node" ref="3909887545" role="platform"/>
  <member type="node" ref="3909887554" role="stop"/>
  <member type="node" ref="3909887553" role="platform"/>
  <member type="node" ref="3436438088" role="stop"/>
  <member type="node" ref="3436438089" role="platform"/>
  <member type="node" ref="3436437415" role="stop"/>
  <member type="node" ref="3436437416" role="platform"/>
  <member type="node" ref="3436437413" role="stop"/>
  <member type="node" ref="3436437414" role="platform"/>
  <member type="node" ref="3909891157" role="stop"/>
  <member type="node" ref="3909887555" role="platform"/>
  <member type="node" ref="3909887491" role="stop"/>
  <member type="node" ref="3909887492" role="platform"/>
  <member type="node" ref="3909887541" role="stop"/>
  <member type="node" ref="3909887542" role="platform"/>
  <member type="node" ref="3909887493" role="stop"/>
  <member type="node" ref="3909887494" role="platform"/>
  <member type="node" ref="5732950122" role="stop"/>
  <member type="node" ref="5732950121" role="platform"/>
  <member type="node" ref="3909887510" role="stop"/>
  <member type="node" ref="3909887509" role="platform"/>
  <member type="node" ref="3909887502" role="stop"/>
  <member type="node" ref="3909887501" role="platform"/>
  <member type="node" ref="3909887514" role="stop"/>
  <member type="node" ref="3909887513" role="platform"/>
  <member type="node" ref="3909887530" role="stop"/>
  <member type="node" ref="3909887529" role="platform"/>
  <member type="node" ref="3621260437" role="stop"/>
  <member type="node" ref="3186071092" role="platform"/>
  <member type="node" ref="3909887518" role="stop"/>
  <member type="node" ref="3909887517" role="platform"/>
  <member type="node" ref="3909887520" role="stop"/>
  <member type="node" ref="3909887519" role="platform"/>
  <member type="node" ref="3909887524" role="stop"/>
  <member type="node" ref="3909887523" role="platform"/>
  <member type="node" ref="3909887496" role="stop"/>
  <member type="node" ref="3909887495" role="platform"/>
  <member type="node" ref="3909887528" role="stop"/>
  <member type="node" ref="3909887527" role="platform"/>
  <member type="node" ref="3909887526" role="stop"/>
  <member type="node" ref="3909887525" role="platform"/>
  <member type="node" ref="3909887505" role="stop"/>
  <member type="node" ref="3909887506" role="platform"/>
  <member type="node" ref="3909887547" role="stop"/>
  <member type="node" ref="3909887548" role="platform"/>
  <member type="node" ref="3909887538" role="stop"/>
  <member type="node" ref="3909887537" role="platform"/>
  <member type="node" ref="3909887534" role="stop"/>
  <member type="node" ref="3909887533" role="platform"/>
  <member type="node" ref="3909887540" role="stop"/>
  <member type="node" ref="3909887539" role="platform"/>
  <member type="node" ref="3909891160" role="stop"/>
  <member type="node" ref="3909891159" role="platform"/>
  <member type="node" ref="3909887536" role="stop"/>
  <member type="node" ref="3909887535" role="platform"/>
  <member type="node" ref="7727258306" role="stop"/>
  <member type="node" ref="3003585937" role="platform"/>
  <member type="node" ref="3003706942" role="stop"/>
  <member type="node" ref="3003585732" role="platform"/>
  <member type="node" ref="7194605202" role="stop"/>
  <member type="node" ref="7194605201" role="platform"/>
  <member type="node" ref="4522545232" role="stop"/>
  <member type="node" ref="4522545231" role="platform"/>
  <member type="node" ref="4522545210" role="stop"/>
  <member type="node" ref="4522545209" role="platform"/>
  <member type="node" ref="3606354947" role="stop"/>
  <member type="node" ref="3606354946" role="platform"/>
  <member type="node" ref="3606354929" role="stop"/>
  <member type="node" ref="3606354928" role="platform"/>
  <member type="node" ref="3606354913" role="stop"/>
  <member type="node" ref="3606354912" role="platform"/>
  <member type="node" ref="3606354897" role="stop"/>
  <member type="node" ref="3606354896" role="platform"/>
  <member type="node" ref="3606354781" role="stop"/>
  <member type="node" ref="3606354780" role="platform"/>
  <member type="node" ref="3606354769" role="stop"/>
  <member type="node" ref="3606354767" role="platform"/>
  <member type="node" ref="3646872436" role="stop"/>
  <member type="node" ref="3646872435" role="platform"/>
  <member type="node" ref="3646859358" role="stop"/>
  <member type="node" ref="3646872452" role="platform"/>
  <member type="node" ref="3646859299" role="stop"/>
  <member type="node" ref="3646872464" role="platform"/>
  <member type="node" ref="3646859242" role="stop"/>
  <member type="node" ref="3646872466" role="platform"/>
  <member type="node" ref="3710051986" role="stop"/>
  <member type="node" ref="3710051987" role="platform"/>
  <member type="node" ref="10927095631" role="stop"/>
  <member type="node" ref="10927095632" role="platform"/>
  <member type="node" ref="6467387513" role="stop"/>
  <member type="node" ref="6467387514" role="platform"/>
  <member type="node" ref="3710051988" role="stop"/>
  <member type="node" ref="3710051989" role="platform"/>
  <member type="node" ref="9994827210" role="stop"/>
  <member type="node" ref="9994855269" role="platform"/>
  <member type="node" ref="9994855270" role="stop"/>
  <member type="node" ref="10003372177" role="platform"/>
  <member type="node" ref="10013198718" role="stop"/>
  <member type="node" ref="10013199978" role="platform"/>
  <member type="node" ref="10036128127" role="stop"/>
  <member type="node" ref="10036151052" role="platform"/>
  <member type="node" ref="9765912606" role="stop"/>
  <member type="node" ref="9765912605" role="platform"/>
  <member type="node" ref="10003197093" role="stop"/>
  <member type="node" ref="10003197094" role="platform"/>
  <member type="node" ref="9994855271" role="stop"/>
  <member type="node" ref="10000807697" role="platform"/>
  <member type="node" ref="9994855272" role="stop"/>
  <member type="node" ref="10007881247" role="platform"/>
  <member type="node" ref="10000807698" role="stop"/>
  <member type="node" ref="4604868650" role="platform"/>
  <member type="node" ref="10003199658" role="stop"/>
  <member type="node" ref="10003199659" role="platform"/>
  <member type="node" ref="10000807695" role="stop"/>
  <member type="node" ref="4604868649" role="platform"/>
  <member type="node" ref="10013000557" role="stop"/>
  <member type="node" ref="10013000558" role="platform"/>
  <member type="node" ref="10005480819" role="stop"/>
  <member type="node" ref="10005480820" role="platform"/>
  <member type="node" ref="10005468018" role="stop"/>
  <member type="node" ref="4602114126" role="platform"/>
  <member type="node" ref="10057375333" role="stop"/>
  <member type="node" ref="10057375334" role="platform"/>
  <member type="node" ref="10005422699" role="stop"/>
  <member type="node" ref="4602022579" role="platform"/>
  <member type="node" ref="10008577556" role="stop"/>
  <member type="node" ref="4600451812" role="platform"/>
  <member type="node" ref="10057291402" role="stop"/>
  <member type="node" ref="10057291403" role="platform"/>
  <member type="node" ref="10005447762" role="stop"/>
  <member type="node" ref="10005475224" role="platform"/>
  <member type="node" ref="10005459967" role="stop"/>
  <member type="node" ref="10007881248" role="platform"/>
  <member type="node" ref="10061048852" role="stop"/>
  <member type="node" ref="10061048853" role="platform"/>
  <member type="node" ref="10005459966" role="stop"/>
  <member type="node" ref="4626716437" role="platform"/>
  <member type="node" ref="10005447764" role="stop"/>
  <member type="node" ref="10005447765" role="platform"/>
  <member type="node" ref="10000807696" role="stop"/>
  <member type="node" ref="4626474121" role="platform"/>
  <member type="node" ref="10929748593" role="stop"/>
  <member type="node" ref="10929748594" role="platform"/>
  <member type="node" ref="9978724301" role="stop"/>
  <member type="node" ref="4626349575" role="platform"/>
  <member type="node" ref="9978717402" role="stop"/>
  <member type="node" ref="4636755917" role="platform"/>
  <member type="way" ref="348072929" role=""/>
  <member type="way" ref="1230933560" role=""/>
  <member type="way" ref="1230931867" role=""/>
  <member type="way" ref="75032344" role=""/>
  <member type="way" ref="1231803254" role=""/>
  <member type="way" ref="31719482" role=""/>
  <member type="way" ref="1562122188" role=""/>
  <member type="way" ref="1324395621" role=""/>
  <member type="way" ref="260548028" role=""/>
  <member type="way" ref="288588226" role=""/>
  <member type="way" ref="19782861" role=""/>
  <member type="way" ref="1562110754" role=""/>
  <member type="way" ref="1174204473" role=""/>
  <member type="way" ref="1174204472" role=""/>
  <member type="way" ref="1174212173" role=""/>
  <member type="way" ref="1174212174" role=""/>
  <member type="way" ref="1173851685" role=""/>
  <member type="way" ref="1314015917" role=""/>
  <member type="way" ref="1085883144" role=""/>
  <member type="way" ref="38445839" role=""/>
  <member type="way" ref="1387429997" role=""/>
  <member type="way" ref="1387921874" role=""/>
  <member type="way" ref="147999102" role=""/>
  <member type="way" ref="147999100" role=""/>
  <member type="way" ref="1252957315" role=""/>
  <member type="way" ref="1252957318" role=""/>
  <member type="way" ref="47259046" role=""/>
  <member type="way" ref="1563388508" role=""/>
  <member type="way" ref="1563388506" role=""/>
  <member type="way" ref="47259045" role=""/>
  <member type="way" ref="147999106" role=""/>
  <member type="way" ref="147999098" role=""/>
  <member type="way" ref="147999108" role=""/>
  <member type="way" ref="906011613" role=""/>
  <member type="way" ref="147999107" role=""/>
  <member type="way" ref="147999104" role=""/>
  <member type="way" ref="147999087" role=""/>
  <member type="way" ref="618077470" role=""/>
  <member type="way" ref="147999089" role=""/>
  <member type="way" ref="618077475" role=""/>
  <member type="way" ref="47032800" role=""/>
  <member type="way" ref="141895237" role=""/>
  <member type="way" ref="141895236" role=""/>
  <member type="way" ref="25965589" role=""/>
  <member type="way" ref="532822943" role=""/>
  <member type="way" ref="256799264" role=""/>
  <member type="way" ref="136104201" role=""/>
  <member type="way" ref="258699531" role=""/>
  <member type="way" ref="628465558" role=""/>
  <member type="way" ref="495592436" role=""/>
  <member type="way" ref="495592434" role=""/>
  <member type="way" ref="1172771838" role=""/>
  <member type="way" ref="495592433" role=""/>
  <member type="way" ref="923613082" role=""/>
  <member type="way" ref="258699524" role=""/>
  <member type="way" ref="761617347" role=""/>
  <member type="way" ref="1284742023" role=""/>
  <member type="way" ref="1284741741" role=""/>
  <member type="way" ref="1284742025" role=""/>
  <member type="way" ref="1284742024" role=""/>
  <member type="way" ref="1286580814" role=""/>
  <member type="way" ref="1006632474" role=""/>
  <member type="way" ref="131318297" role=""/>
  <member type="way" ref="258699532" role=""/>
  <member type="way" ref="1286872609" role=""/>
  <member type="way" ref="1242711682" role=""/>
  <member type="way" ref="532832986" role=""/>
  <member type="way" ref="47521384" role=""/>
  <member type="way" ref="901864396" role=""/>
  <member type="way" ref="901864395" role=""/>
  <member type="way" ref="532832985" role=""/>
  <member type="way" ref="532832984" role=""/>
  <member type="way" ref="477066607" role=""/>
  <member type="way" ref="47521382" role=""/>
  <member type="way" ref="814037606" role=""/>
  <member type="way" ref="477066606" role=""/>
  <member type="way" ref="477066604" role=""/>
  <member type="way" ref="348072923" role=""/>
  <member type="way" ref="792428247" role=""/>
  <member type="way" ref="47398644" role=""/>
  <member type="way" ref="562927539" role=""/>
  <member type="way" ref="532838111" role=""/>
  <member type="way" ref="532838110" role=""/>
  <member type="way" ref="477066609" role=""/>
  <member type="way" ref="20280326" role=""/>
  <member type="way" ref="477066608" role=""/>
  <member type="way" ref="477066610" role=""/>
  <member type="way" ref="110609963" role=""/>
  <member type="way" ref="48098624" role=""/>
  <member type="way" ref="348072981" role=""/>
  <member type="way" ref="348072960" role=""/>
  <member type="way" ref="387741268" role=""/>
  <member type="way" ref="387741269" role=""/>
  <member type="way" ref="48100987" role=""/>
  <member type="way" ref="48055256" role=""/>
  <member type="way" ref="348072902" role=""/>
  <member type="way" ref="48055928" role=""/>
  <member type="way" ref="226301125" role=""/>
  <member type="way" ref="845791745" role=""/>
  <member type="way" ref="845791744" role=""/>
  <member type="way" ref="849894731" role=""/>
  <member type="way" ref="166644419" role=""/>
  <member type="way" ref="473609241" role=""/>
  <member type="way" ref="46934485" role=""/>
  <member type="way" ref="121035100" role=""/>
  <member type="way" ref="947762681" role=""/>
  <member type="way" ref="637203331" role=""/>
  <member type="way" ref="387741267" role=""/>
  <member type="way" ref="722092105" role=""/>
  <member type="way" ref="722092109" role=""/>
  <member type="way" ref="722092107" role=""/>
  <member type="way" ref="166639860" role=""/>
  <member type="way" ref="637203330" role=""/>
  <member type="way" ref="101891616" role=""/>
  <member type="way" ref="48113504" role=""/>
  <member type="way" ref="1216611145" role=""/>
  <member type="way" ref="405942972" role=""/>
  <member type="way" ref="1216611143" role=""/>
  <member type="way" ref="1216614695" role=""/>
  <member type="way" ref="1216614694" role=""/>
  <member type="way" ref="302356633" role=""/>
  <member type="way" ref="101891610" role=""/>
  <member type="way" ref="94656330" role=""/>
  <member type="way" ref="101815003" role=""/>
  <member type="way" ref="47084016" role=""/>
  <member type="way" ref="101815032" role=""/>
  <member type="way" ref="101815015" role=""/>
  <member type="way" ref="48664842" role=""/>
  <member type="way" ref="101815027" role=""/>
  <member type="way" ref="536189213" role=""/>
  <member type="way" ref="536189212" role=""/>
  <member type="way" ref="348072879" role=""/>
  <member type="way" ref="226665343" role=""/>
  <member type="way" ref="746284435" role=""/>
  <member type="way" ref="87649394" role=""/>
  <member type="way" ref="22697706" role=""/>
  <member type="way" ref="37938167" role=""/>
  <member type="way" ref="28679966" role=""/>
  <member type="way" ref="48664847" role=""/>
  <member type="way" ref="455630586" role=""/>
  <member type="way" ref="455630590" role=""/>
  <member type="way" ref="1026279339" role=""/>
  <member type="way" ref="1026279338" role=""/>
  <member type="way" ref="1026279337" role=""/>
  <member type="way" ref="455630584" role=""/>
  <member type="way" ref="455630594" role=""/>
  <member type="way" ref="335169968" role=""/>
  <member type="way" ref="351993140" role=""/>
  <member type="way" ref="351993131" role=""/>
  <member type="way" ref="351993139" role=""/>
  <member type="way" ref="351993133" role=""/>
  <member type="way" ref="351993142" role=""/>
  <member type="way" ref="671008652" role=""/>
  <member type="way" ref="351993137" role=""/>
  <member type="way" ref="351993141" role=""/>
  <member type="way" ref="351993145" role=""/>
  <member type="way" ref="351993150" role=""/>
  <member type="way" ref="354436814" role=""/>
  <member type="way" ref="351993152" role=""/>
  <member type="way" ref="379857121" role=""/>
  <member type="way" ref="354436810" role=""/>
  <member type="way" ref="354436816" role=""/>
  <member type="way" ref="615073907" role=""/>
  <member type="way" ref="1368603530" role=""/>
  <member type="way" ref="1368603519" role=""/>
  <member type="way" ref="1368603535" role=""/>
  <member type="way" ref="1368603509" role=""/>
  <member type="way" ref="357012693" role=""/>
  <member type="way" ref="357023063" role=""/>
  <member type="way" ref="357023060" role=""/>
  <member type="way" ref="357023066" role=""/>
  <member type="way" ref="360091792" role=""/>
  <member type="way" ref="360085667" role=""/>
  <member type="way" ref="360091789" role=""/>
  <member type="way" ref="360091800" role=""/>
  <member type="way" ref="368856634" role=""/>
  <member type="way" ref="360091777" role=""/>
  <member type="way" ref="360085647" role=""/>
  <member type="way" ref="360091794" role=""/>
  <member type="way" ref="360091778" role=""/>
  <member type="way" ref="368856633" role=""/>
  <member type="way" ref="360091753" role=""/>
  <member type="way" ref="360091765" role=""/>
  <member type="way" ref="360091793" role=""/>
  <member type="way" ref="360091751" role=""/>
  <member type="way" ref="360085635" role=""/>
  <member type="way" ref="360091762" role=""/>
  <member type="way" ref="360091743" role=""/>
  <member type="way" ref="360091747" role=""/>
  <member type="way" ref="360091796" role=""/>
  <member type="way" ref="360091759" role=""/>
  <member type="way" ref="360085642" role=""/>
  <member type="way" ref="360091786" role=""/>
  <member type="way" ref="360091801" role=""/>
  <member type="way" ref="360091797" role=""/>
  <member type="way" ref="360085648" role=""/>
  <member type="way" ref="360091798" role=""/>
  <member type="way" ref="974506707" role=""/>
  <member type="way" ref="360091763" role=""/>
  <member type="way" ref="357023043" role=""/>
  <member type="way" ref="292389131" role=""/>
  <member type="way" ref="62897946" role=""/>
  <member type="way" ref="62898073" role=""/>
  <member type="way" ref="119241318" role=""/>
  <member type="way" ref="119241307" role=""/>
  <member type="way" ref="107497600" role=""/>
  <member type="way" ref="107497604" role=""/>
  <member type="way" ref="79291740" role=""/>
  <member type="way" ref="79291758" role=""/>
  <member type="way" ref="1031674784" role=""/>
  <member type="way" ref="79291724" role=""/>
  <member type="way" ref="1335186853" role=""/>
  <member type="way" ref="954764613" role=""/>
  <member type="way" ref="18943981" role=""/>
  <member type="way" ref="1063110003" role=""/>
  <member type="way" ref="382003744" role=""/>
  <member type="way" ref="1333308637" role=""/>
  <member type="way" ref="382003746" role=""/>
  <member type="way" ref="47304458" role=""/>
  <member type="way" ref="465963930" role=""/>
  <member type="way" ref="465963929" role=""/>
  <member type="way" ref="957691563" role=""/>
  <member type="way" ref="969843937" role=""/>
  <member type="way" ref="381982456" role=""/>
  <member type="way" ref="129996889" role=""/>
  <member type="way" ref="957691561" role=""/>
  <member type="way" ref="957691559" role=""/>
  <member type="way" ref="957691558" role=""/>
  <member type="way" ref="464854385" role=""/>
  <member type="way" ref="1019794339" role=""/>
  <member type="way" ref="957696581" role=""/>
  <member type="way" ref="957696580" role=""/>
  <member type="way" ref="969856007" role=""/>
  <member type="way" ref="970376812" role=""/>
  <member type="way" ref="970376813" role=""/>
  <member type="way" ref="969859177" role=""/>
  <member type="way" ref="957696573" role=""/>
  <member type="way" ref="969859225" role=""/>
  <member type="way" ref="970376718" role=""/>
  <member type="way" ref="954759833" role=""/>
  <member type="way" ref="79498815" role=""/>
  <member type="way" ref="1333304551" role=""/>
  <member type="way" ref="1333304553" role=""/>
  <member type="way" ref="954764979" role=""/>
  <member type="way" ref="79498817" role=""/>
  <member type="way" ref="957696405" role=""/>
  <member type="way" ref="255861799" role=""/>
  <member type="way" ref="970114396" role=""/>
  <member type="way" ref="970114429" role=""/>
  <member type="way" ref="970114781" role=""/>
  <member type="way" ref="970114783" role=""/>
  <member type="way" ref="970114782" role=""/>
  <member type="way" ref="970114801" role=""/>
  <member type="way" ref="957696404" role=""/>
  <member type="way" ref="969318431" role=""/>
  <member type="way" ref="969318428" role=""/>
  <member type="way" ref="969318429" role=""/>
  <member type="way" ref="954695946" role=""/>
  <member type="way" ref="1333301859" role=""/>
  <member type="way" ref="957696401" role=""/>
  <member type="way" ref="132363898" role=""/>
  <member type="way" ref="957696161" role=""/>
  <member type="way" ref="957696160" role=""/>
  <member type="way" ref="954765116" role=""/>
  <member type="way" ref="958993901" role=""/>
  <member type="way" ref="958993902" role=""/>
  <member type="way" ref="465002070" role=""/>
  <member type="way" ref="970066459" role=""/>
  <member type="way" ref="970065925" role=""/>
  <member type="way" ref="969318734" role=""/>
  <member type="way" ref="463770641" role=""/>
  <member type="way" ref="969318731" role=""/>
  <member type="way" ref="954699700" role=""/>
  <member type="way" ref="954699702" role=""/>
  <member type="way" ref="970379990" role=""/>
  <member type="way" ref="970379988" role=""/>
  <member type="way" ref="970379989" role=""/>
  <member type="way" ref="970379686" role=""/>
  <member type="way" ref="969953930" role=""/>
  <member type="way" ref="970379623" role=""/>
  <member type="way" ref="970377771" role=""/>
  <member type="way" ref="4651802" role=""/>
  <member type="way" ref="305352915" role=""/>
  <member type="way" ref="961427717" role=""/>
  <member type="way" ref="161365793" role=""/>
  <member type="way" ref="161365794" role=""/>
  <member type="way" ref="348072877" role=""/>
  <member type="way" ref="4762895" role=""/>
  <member type="way" ref="348072955" role=""/>
  <member type="way" ref="469452624" role=""/>
  <member type="way" ref="469326267" role=""/>
  <member type="way" ref="22663996" role=""/>
  <member type="way" ref="866434999" role=""/>
  <member type="way" ref="955329926" role=""/>
  <member type="way" ref="955329925" role=""/>
  <member type="way" ref="955329924" role=""/>
  <member type="way" ref="866435002" role=""/>
  <tag k="colour" v="red"/>
  <tag k="description" v="Algunos terminan en Saavedra"/>
  <tag k="fee" v="yes"/>
  <tag k="from" v="La Boca"/>
  <tag k="name" v="Línea 168: La Boca →x Lacroze→ San Isidro"/>
  <tag k="network" v="Nacional"/>
  <tag k="operator" v="Expreso San Isidro S.A.T.C.I.F.I."/>
  <tag k="payment:apple_pay" v="yes"/>
  <tag k="payment:contactless" v="yes"/>
  <tag k="payment:google_pay" v="yes"/>
  <tag k="payment:mastercard_contactless" v="yes"/>
  <tag k="payment:mercado_pago_qr" v="yes"/>
  <tag k="payment:qr_code" v="yes"/>
  <tag k="payment:sube" v="yes"/>
  <tag k="payment:sube_app" v="yes"/>
  <tag k="payment:sube_qr" v="yes"/>
  <tag k="payment:visa_contactless" v="yes"/>
  <tag k="public_transport:version" v="2"/>
  <tag k="ref" v="168"/>
  <tag k="reservation" v="no"/>
  <tag k="route" v="bus"/>
  <tag k="scope" v="urban"/>
  <tag k="to" v="Puerto de San Isidro"/>
  <tag k="type" v="route"/>
  <tag k="via" v="Lacroze"/>
  <tag k="wheelchair" v="yes"/>
 </relation>
 <relation id="5188891" visible="true" version="5" changeset="171402723" timestamp="2025-09-03T11:26:47Z" user="i2004" uid="11462915">
  <member type="relation" ref="5188889" role=""/>
  <member type="relation" ref="5188890" role=""/>
  <member type="relation" ref="4681272" role=""/>
  <member type="relation" ref="4049352" role=""/>
  <tag k="colour" v="red"/>
  <tag k="name" v="Línea 168"/>
  <tag k="network" v="Nacional"/>
  <tag k="operator" v="Expreso San Isidro S.A.T.C.I.F.I."/>
  <tag k="ref" v="168"/>
  <tag k="route_master" v="bus"/>
  <tag k="type" v="route_master"/>
 </relation>
 <relation id="6446871" visible="true" version="1" changeset="41118477" timestamp="2016-07-29T21:11:12Z" user="pablopareja" uid="211657">
  <member type="way" ref="434819098" role="outer"/>
  <member type="way" ref="434819097" role="inner"/>
  <tag k="building" v="yes"/>
  <tag k="type" v="multipolygon"/>
 </relation>
 <relation id="6699648" visible="true" version="27" changeset="181986792" timestamp="2026-04-29T12:40:54Z" user="AlejandroAlba" uid="6499071">
  <member type="node" ref="3651107372" role="stop_entry_only"/>
  <member type="way" ref="1012323498" role="platform_entry_only"/>
  <member type="node" ref="2561087191" role="stop"/>
  <member type="way" ref="206904255" role="platform"/>
  <member type="node" ref="2561105846" role="stop"/>
  <member type="way" ref="249519061" role="platform"/>
  <member type="node" ref="2561121710" role="stop"/>
  <member type="way" ref="526913911" role="platform"/>
  <member type="node" ref="2561133552" role="stop"/>
  <member type="way" ref="207466605" role="platform"/>
  <member type="node" ref="2169675628" role="stop"/>
  <member type="way" ref="207202619" role="platform"/>
  <member type="node" ref="247764953" role="stop"/>
  <member type="way" ref="208636773" role="platform"/>
  <member type="node" ref="108260648" role="stop"/>
  <member type="way" ref="208637106" role="platform"/>
  <member type="node" ref="5122945455" role="stop"/>
  <member type="way" ref="526895464" role="platform"/>
  <member type="node" ref="108260640" role="stop"/>
  <member type="way" ref="526867362" role="platform"/>
  <member type="node" ref="2561085079" role="stop_exit_only"/>
  <member type="way" ref="204492403" role="platform_exit_only"/>
  <member type="way" ref="951810721" role=""/>
  <member type="way" ref="1352265693" role=""/>
  <member type="way" ref="1352265692" role=""/>
  <member type="way" ref="249518083" role=""/>
  <member type="way" ref="249518220" role=""/>
  <member type="way" ref="206903977" role=""/>
  <member type="way" ref="1505789292" role=""/>
  <member type="way" ref="1505789291" role=""/>
  <member type="way" ref="249517010" role=""/>
  <member type="way" ref="1505789314" role=""/>
  <member type="way" ref="1505789306" role=""/>
  <member type="way" ref="1505789305" role=""/>
  <member type="way" ref="1505789308" role=""/>
  <member type="way" ref="1505789307" role=""/>
  <member type="way" ref="1505789313" role=""/>
  <member type="way" ref="306029273" role=""/>
  <member type="way" ref="1505789323" role=""/>
  <member type="way" ref="1505789322" role=""/>
  <member type="way" ref="1505789327" role=""/>
  <member type="way" ref="1505789326" role=""/>
  <member type="way" ref="1152272548" role=""/>
  <member type="way" ref="1505735951" role=""/>
  <member type="way" ref="1505735950" role=""/>
  <member type="way" ref="1152272542" role=""/>
  <member type="way" ref="1505732396" role=""/>
  <member type="way" ref="1505732395" role=""/>
  <member type="way" ref="1505731593" role=""/>
  <member type="way" ref="1505731592" role=""/>
  <member type="way" ref="1505727932" role=""/>
  <member type="way" ref="1505727931" role=""/>
  <member type="way" ref="1504433009" role=""/>
  <member type="way" ref="1504434096" role=""/>
  <member type="way" ref="1504434095" role=""/>
  <member type="way" ref="1504433008" role=""/>
  <member type="way" ref="129994727" role=""/>
  <member type="way" ref="275805125" role=""/>
  <member type="way" ref="1504461214" role=""/>
  <member type="way" ref="1504461213" role=""/>
  <member type="way" ref="275805866" role=""/>
  <member type="way" ref="306029167" role=""/>
  <member type="way" ref="234112353" role=""/>
  <member type="way" ref="361488637" role=""/>
  <member type="way" ref="361488639" role=""/>
  <member type="way" ref="320734346" role=""/>
  <member type="way" ref="361488635" role=""/>
  <member type="way" ref="320734345" role=""/>
  <member type="way" ref="371538637" role=""/>
  <member type="way" ref="249517005" role=""/>
  <member type="way" ref="79291717" role=""/>
  <member type="way" ref="76492953" role=""/>
  <member type="way" ref="526867367" role=""/>
  <tag k="colour" v="#37bbed"/>
  <tag k="from" v="Delta"/>
  <tag k="interval" v="30"/>
  <tag k="name" v="Tren de la Costa: Delta → Avenida Maipú"/>
  <tag k="network" v="Mitre"/>
  <tag k="opening_hours" v="Mo-Fr 06:20-21:15; Sa,Su,PH 07:30-21:25"/>
  <tag k="operator" v="Trenes Argentinos"/>
  <tag k="public_transport:version" v="2"/>
  <tag k="ref" v="TC"/>
  <tag k="route" v="light_rail"/>
  <tag k="service" v="commuter"/>
  <tag k="to" v="Avenida Maipú"/>
  <tag k="type" v="route"/>
  <tag k="wheelchair" v="limited"/>
 </relation>
 <relation id="7553061" visible="true" version="24" changeset="181986792" timestamp="2026-04-29T12:40:54Z" user="AlejandroAlba" uid="6499071">
  <member type="way" ref="205186323" role=""/>
  <member type="way" ref="205200621" role=""/>
  <member type="way" ref="254660749" role=""/>
  <member type="way" ref="254660751" role=""/>
  <member type="way" ref="205200620" role=""/>
  <member type="way" ref="205201401" role=""/>
  <member type="way" ref="205201400" role=""/>
  <member type="way" ref="205204060" role=""/>
  <member type="way" ref="205204062" role=""/>
  <member type="way" ref="280804179" role=""/>
  <member type="way" ref="40102513" role=""/>
  <member type="way" ref="280804177" role=""/>
  <member type="way" ref="40102512" role=""/>
  <member type="way" ref="85355088" role=""/>
  <member type="way" ref="85355091" role=""/>
  <member type="way" ref="68667048" role=""/>
  <member type="way" ref="254660750" role=""/>
  <member type="way" ref="254660752" role=""/>
  <member type="way" ref="68667058" role=""/>
  <member type="way" ref="207522679" role=""/>
  <member type="way" ref="166699778" role=""/>
  <member type="way" ref="86113919" role=""/>
  <member type="way" ref="161010619" role=""/>
  <member type="way" ref="522336273" role=""/>
  <member type="way" ref="522336274" role=""/>
  <member type="way" ref="249526626" role=""/>
  <member type="way" ref="951810721" role=""/>
  <member type="way" ref="1352265693" role=""/>
  <member type="way" ref="1352265692" role=""/>
  <member type="way" ref="249518083" role=""/>
  <member type="way" ref="249518220" role=""/>
  <member type="way" ref="206903977" role=""/>
  <member type="way" ref="1505789292" role=""/>
  <member type="way" ref="1505789291" role=""/>
  <member type="way" ref="249517010" role=""/>
  <member type="way" ref="1505789314" role=""/>
  <member type="way" ref="1505789306" role=""/>
  <member type="way" ref="1505789305" role=""/>
  <member type="way" ref="1505789308" role=""/>
  <member type="way" ref="1505789307" role=""/>
  <member type="way" ref="1505789313" role=""/>
  <member type="way" ref="306029273" role=""/>
  <member type="way" ref="1505789323" role=""/>
  <member type="way" ref="1505789322" role=""/>
  <member type="way" ref="1505789327" role=""/>
  <member type="way" ref="1505789326" role=""/>
  <member type="way" ref="1152272548" role=""/>
  <member type="way" ref="1505735951" role=""/>
  <member type="way" ref="1505735950" role=""/>
  <member type="way" ref="1152272542" role=""/>
  <member type="way" ref="1505732396" role=""/>
  <member type="way" ref="1505732395" role=""/>
  <member type="way" ref="1505731593" role=""/>
  <member type="way" ref="1505731592" role=""/>
  <member type="way" ref="1505727932" role=""/>
  <member type="way" ref="1505727931" role=""/>
  <member type="way" ref="1504433009" role=""/>
  <member type="way" ref="1504434096" role=""/>
  <member type="way" ref="1504434095" role=""/>
  <member type="way" ref="1504433008" role=""/>
  <member type="way" ref="129994727" role=""/>
  <member type="way" ref="275805125" role=""/>
  <member type="way" ref="1504461214" role=""/>
  <member type="way" ref="1504461213" role=""/>
  <member type="way" ref="275805866" role=""/>
  <member type="way" ref="306029167" role=""/>
  <member type="way" ref="234112353" role=""/>
  <member type="way" ref="361488637" role=""/>
  <member type="way" ref="361488639" role=""/>
  <member type="way" ref="320734346" role=""/>
  <member type="way" ref="361488635" role=""/>
  <member type="way" ref="320734345" role=""/>
  <member type="way" ref="371538637" role=""/>
  <member type="way" ref="249517005" role=""/>
  <member type="way" ref="79291717" role=""/>
  <member type="way" ref="76492953" role=""/>
  <member type="way" ref="526867367" role=""/>
  <member type="way" ref="526867378" role=""/>
  <member type="way" ref="526867375" role=""/>
  <member type="way" ref="526867369" role=""/>
  <member type="way" ref="22983193" role=""/>
  <member type="way" ref="30554650" role=""/>
  <member type="way" ref="30554653" role=""/>
  <member type="way" ref="30554644" role=""/>
  <member type="way" ref="30554647" role=""/>
  <member type="way" ref="53237880" role=""/>
  <member type="way" ref="53237875" role=""/>
  <member type="way" ref="204492519" role=""/>
  <member type="way" ref="79291726" role=""/>
  <member type="way" ref="204492404" role=""/>
  <member type="way" ref="79291715" role=""/>
  <member type="way" ref="79291730" role=""/>
  <member type="way" ref="1504461212" role=""/>
  <member type="way" ref="1504461211" role=""/>
  <member type="way" ref="368772602" role=""/>
  <member type="way" ref="138999608" role=""/>
  <member type="way" ref="1504433011" role=""/>
  <member type="way" ref="1504434094" role=""/>
  <member type="way" ref="1504434093" role=""/>
  <member type="way" ref="1504433010" role=""/>
  <member type="way" ref="1505727930" role=""/>
  <member type="way" ref="1505727929" role=""/>
  <member type="way" ref="1505731591" role=""/>
  <member type="way" ref="1505731590" role=""/>
  <member type="way" ref="1505732394" role=""/>
  <member type="way" ref="1505732393" role=""/>
  <member type="way" ref="1152272544" role=""/>
  <member type="way" ref="1505735953" role=""/>
  <member type="way" ref="1505735952" role=""/>
  <member type="way" ref="1152272546" role=""/>
  <member type="way" ref="1505789329" role=""/>
  <member type="way" ref="1505789328" role=""/>
  <member type="way" ref="1505789321" role=""/>
  <member type="way" ref="1505789320" role=""/>
  <member type="way" ref="249519151" role=""/>
  <member type="way" ref="1505789312" role=""/>
  <member type="way" ref="1505789311" role=""/>
  <member type="way" ref="1505789310" role=""/>
  <member type="way" ref="1505789304" role=""/>
  <member type="way" ref="1505789303" role=""/>
  <member type="way" ref="1505789309" role=""/>
  <member type="way" ref="249519150" role=""/>
  <member type="way" ref="1505789290" role=""/>
  <member type="way" ref="1505789289" role=""/>
  <member type="way" ref="249519149" role=""/>
  <member type="way" ref="96811166" role=""/>
  <member type="way" ref="96811160" role=""/>
  <member type="way" ref="951810720" role=""/>
  <member type="way" ref="1012323497" role=""/>
  <tag k="name" v="Ramal ferroviario Belgrano R - Delta"/>
  <tag k="network" v="Mitre"/>
  <tag k="route" v="tracks"/>
  <tag k="type" v="route"/>
  <tag k="wikipedia" v="es:Ramal ferroviario Retiro-Bartolomé Mitre"/>
 </relation>
 <relation id="7597545" visible="true" version="8" changeset="180553125" timestamp="2026-03-28T17:58:15Z" user="AgusQui" uid="331218">
  <member type="relation" ref="6699648" role=""/>
  <member type="relation" ref="129404" role=""/>
  <tag k="colour" v="#37bbed"/>
  <tag k="contact:twitter" v="https://x.com/infotrenmitre"/>
  <tag k="name" v="Tren de la Costa"/>
  <tag k="network" v="Mitre"/>
  <tag k="operator" v="Trenes Argentinos"/>
  <tag k="ref" v="TC"/>
  <tag k="route_master" v="light_rail"/>
  <tag k="start_date" v="1995-04-25"/>
  <tag k="type" v="route_master"/>
  <tag k="website" v="https://www.argentina.gob.ar/transporte/trenes-argentinos/horarios-tarifas-y-recorridos/areametropolitana/tren-de-la-costa"/>
  <tag k="wheelchair" v="limited"/>
  <tag k="wikidata" v="Q3538439"/>
  <tag k="wikipedia" v="es:Tren de la Costa"/>
 </relation>
 <relation id="10343660" visible="true" version="1" changeset="77640286" timestamp="2019-11-27T14:57:46Z" user="Hernan" uid="72347">
  <member type="way" ref="750142460" role="outer"/>
  <member type="way" ref="750142465" role="outer"/>
  <member type="way" ref="750142462" role="outer"/>
  <member type="way" ref="146765794" role="outer"/>
  <tag k="natural" v="wood"/>
  <tag k="type" v="multipolygon"/>
 </relation>
 <relation id="10343661" visible="true" version="3" changeset="172457308" timestamp="2025-09-25T20:17:30Z" user="muralito" uid="755114">
  <member type="way" ref="750142467" role="outer"/>
  <member type="way" ref="750142464" role="outer"/>
  <member type="way" ref="1433125555" role="outer"/>
  <member type="way" ref="750142462" role="outer"/>
  <member type="way" ref="750142463" role="outer"/>
  <member type="way" ref="1372763322" role="outer"/>
  <member type="way" ref="1372763327" role="outer"/>
  <member type="way" ref="1372763328" role="outer"/>
  <member type="way" ref="1372763331" role="outer"/>
  <member type="way" ref="146765810" role="outer"/>
  <member type="way" ref="1372763316" role="outer"/>
  <member type="way" ref="1372763315" role="outer"/>
  <tag k="natural" v="water"/>
  <tag k="type" v="multipolygon"/>
 </relation>
 <relation id="10343662" visible="true" version="3" changeset="172457308" timestamp="2025-09-25T20:17:30Z" user="muralito" uid="755114">
  <member type="way" ref="750142462" role="outer"/>
  <member type="way" ref="1433125555" role="outer"/>
  <member type="way" ref="1433125554" role="outer"/>
  <member type="way" ref="1372763323" role="outer"/>
  <member type="way" ref="750142461" role="outer"/>
  <member type="way" ref="750142465" role="outer"/>
  <tag k="leisure" v="marina"/>
  <tag k="name" v="Club Náutico Las Barrancas"/>
  <tag k="type" v="multipolygon"/>
 </relation>
 <relation id="10343663" visible="true" version="4" changeset="172457308" timestamp="2025-09-25T20:17:30Z" user="muralito" uid="755114">
  <member type="way" ref="750292393" role="outer"/>
  <member type="way" ref="750142459" role="outer"/>
  <member type="way" ref="750142460" role="outer"/>
  <member type="way" ref="750142465" role="outer"/>
  <member type="way" ref="750142462" role="outer"/>
  <member type="way" ref="1433125555" role="outer"/>
  <member type="way" ref="750142464" role="outer"/>
  <tag k="boundary" v="protected_area"/>
  <tag k="name" v="Parque Natural Municipal Ribera Norte"/>
  <tag k="operator" v="Municipalidad de San Isidro"/>
  <tag k="protect_class" v="6"/>
  <tag k="protected_area" v="sustainable"/>
  <tag k="protection_title" v="Parque Natural"/>
  <tag k="type" v="boundary"/>
  <tag k="wikidata" v="Q6106261"/>
  <tag k="wikipedia" v="es:Parque natural municipal Ribera Norte"/>
 </relation>
 <relation id="10343684" visible="true" version="2" changeset="172457308" timestamp="2025-09-25T20:17:30Z" user="muralito" uid="755114">
  <member type="way" ref="607200394" role="inner"/>
  <member type="way" ref="1433125555" role="outer"/>
  <member type="way" ref="750142464" role="outer"/>
  <member type="way" ref="750142458" role="outer"/>
  <member type="way" ref="750142459" role="outer"/>
  <member type="way" ref="146765794" role="outer"/>
  <tag k="natural" v="scrub"/>
  <tag k="type" v="multipolygon"/>
 </relation>
 <relation id="13561563" visible="true" version="91" changeset="187516978" timestamp="2026-08-16T05:14:22Z" user="AgusQui" uid="331218">
  <member type="node" ref="4581535017" role="platform"/>
  <member type="node" ref="9978691545" role="stop"/>
  <member type="node" ref="9978691546" role="platform"/>
  <member type="node" ref="9978691547" role="stop"/>
  <member type="node" ref="10007881249" role="platform"/>
  <member type="node" ref="10005213905" role="stop"/>
  <member type="node" ref="10005213906" role="platform"/>
  <member type="node" ref="10005239720" role="stop"/>
  <member type="node" ref="10005239721" role="platform"/>
  <member type="node" ref="10005239722" role="stop"/>
  <member type="node" ref="10005239725" role="platform"/>
  <member type="node" ref="10000807694" role="stop"/>
  <member type="node" ref="4636714036" role="platform"/>
  <member type="node" ref="10962657765" role="stop"/>
  <member type="node" ref="10962657764" role="platform"/>
  <member type="node" ref="9978724302" role="stop"/>
  <member type="node" ref="4636651830" role="platform"/>
  <member type="node" ref="9978724299" role="stop"/>
  <member type="node" ref="4636651815" role="platform"/>
  <member type="node" ref="10013967164" role="stop"/>
  <member type="node" ref="10014713776" role="platform"/>
  <member type="node" ref="10206350153" role="stop"/>
  <member type="node" ref="9978657215" role="platform"/>
  <member type="node" ref="9441335609" role="stop"/>
  <member type="node" ref="3922942201" role="platform"/>
  <member type="node" ref="10007648686" role="stop"/>
  <member type="node" ref="10007648687" role="platform"/>
  <member type="node" ref="10007660997" role="stop"/>
  <member type="node" ref="10007660998" role="platform"/>
  <member type="node" ref="10007660995" role="stop"/>
  <member type="node" ref="10007660996" role="platform"/>
  <member type="node" ref="10005223225" role="stop"/>
  <member type="node" ref="10016853698" role="platform"/>
  <member type="node" ref="10005223995" role="stop"/>
  <member type="node" ref="11481105821" role="platform"/>
  <member type="node" ref="10057284996" role="stop"/>
  <member type="node" ref="4638795401" role="platform"/>
  <member type="node" ref="10057284997" role="stop"/>
  <member type="node" ref="4630860543" role="platform"/>
  <member type="node" ref="10057358128" role="stop"/>
  <member type="node" ref="10057358129" role="platform"/>
  <member type="node" ref="10057284995" role="stop"/>
  <member type="node" ref="4638795426" role="platform"/>
  <member type="node" ref="10005284284" role="stop"/>
  <member type="node" ref="10005284285" role="platform"/>
  <member type="node" ref="14098330026" role="stop"/>
  <member type="node" ref="14098330025" role="platform"/>
  <member type="node" ref="9982275263" role="stop"/>
  <member type="node" ref="9982275264" role="platform"/>
  <member type="node" ref="7069647210" role="stop"/>
  <member type="node" ref="2886093102" role="platform"/>
  <member type="node" ref="2912759001" role="stop"/>
  <member type="node" ref="2912759101" role="platform"/>
  <member type="node" ref="2384912347" role="stop"/>
  <member type="node" ref="5315831514" role="platform"/>
  <member type="node" ref="3385460413" role="stop"/>
  <member type="node" ref="3385460412" role="platform"/>
  <member type="node" ref="6433535630" role="stop"/>
  <member type="node" ref="6433535631" role="platform"/>
  <member type="node" ref="6433535621" role="stop"/>
  <member type="node" ref="6433535623" role="platform"/>
  <member type="node" ref="6433535615" role="stop"/>
  <member type="node" ref="4241051495" role="platform"/>
  <member type="node" ref="6433535611" role="stop"/>
  <member type="node" ref="6433535612" role="platform"/>
  <member type="node" ref="6433535603" role="stop"/>
  <member type="node" ref="6433535604" role="platform"/>
  <member type="node" ref="6433535599" role="stop"/>
  <member type="node" ref="6433535600" role="platform"/>
  <member type="node" ref="9441335606" role="stop"/>
  <member type="node" ref="6433553049" role="platform"/>
  <member type="node" ref="717422247" role="stop"/>
  <member type="node" ref="10580740145" role="platform"/>
  <member type="node" ref="10580683739" role="stop"/>
  <member type="node" ref="10580683740" role="platform"/>
  <member type="node" ref="503719079" role="stop"/>
  <member type="node" ref="10580683738" role="platform"/>
  <member type="node" ref="10757999571" role="stop"/>
  <member type="node" ref="5905456266" role="platform"/>
  <member type="way" ref="956666870" role=""/>
  <member type="way" ref="22664192" role=""/>
  <member type="way" ref="1013084629" role=""/>
  <member type="way" ref="452726686" role=""/>
  <member type="way" ref="22664296" role=""/>
  <member type="way" ref="439428390" role=""/>
  <member type="way" ref="166433196" role=""/>
  <member type="way" ref="866435005" role=""/>
  <member type="way" ref="955329924" role=""/>
  <member type="way" ref="955329923" role=""/>
  <member type="way" ref="926056793" role=""/>
  <member type="way" ref="866435000" role=""/>
  <member type="way" ref="22663996" role=""/>
  <member type="way" ref="469326267" role=""/>
  <member type="way" ref="469452624" role=""/>
  <member type="way" ref="348072955" role=""/>
  <member type="way" ref="4762895" role=""/>
  <member type="way" ref="4781013" role=""/>
  <member type="way" ref="1452964197" role=""/>
  <member type="way" ref="132653166" role=""/>
  <member type="way" ref="1452964196" role=""/>
  <member type="way" ref="163156270" role=""/>
  <member type="way" ref="1452964195" role=""/>
  <member type="way" ref="1452964194" role=""/>
  <member type="way" ref="469300220" role=""/>
  <member type="way" ref="1452964193" role=""/>
  <member type="way" ref="469300217" role=""/>
  <member type="way" ref="64361861" role=""/>
  <member type="way" ref="240013485" role=""/>
  <member type="way" ref="1423243635" role=""/>
  <member type="way" ref="425628925" role=""/>
  <member type="way" ref="1423243639" role=""/>
  <member type="way" ref="716012775" role=""/>
  <member type="way" ref="480754862" role=""/>
  <member type="way" ref="480754861" role=""/>
  <member type="way" ref="1352842485" role=""/>
  <member type="way" ref="1352842484" role=""/>
  <member type="way" ref="867863285" role=""/>
  <member type="way" ref="867863284" role=""/>
  <member type="way" ref="24616511" role=""/>
  <member type="way" ref="956677994" role=""/>
  <member type="way" ref="468621740" role=""/>
  <member type="way" ref="468562739" role=""/>
  <member type="way" ref="469578872" role=""/>
  <member type="way" ref="956682682" role=""/>
  <member type="way" ref="469578876" role=""/>
  <member type="way" ref="956682680" role=""/>
  <member type="way" ref="956682678" role=""/>
  <member type="way" ref="469578874" role=""/>
  <member type="way" ref="958713145" role=""/>
  <member type="way" ref="956677992" role=""/>
  <member type="way" ref="1352886173" role=""/>
  <member type="way" ref="1354710799" role=""/>
  <member type="way" ref="1354710798" role=""/>
  <member type="way" ref="284909428" role=""/>
  <member type="way" ref="46772376" role=""/>
  <member type="way" ref="51966497" role=""/>
  <member type="way" ref="53082903" role=""/>
  <member type="way" ref="229130536" role=""/>
  <member type="way" ref="53082901" role=""/>
  <member type="way" ref="53082902" role=""/>
  <member type="way" ref="53082905" role=""/>
  <member type="way" ref="1332924003" role=""/>
  <member type="way" ref="53082904" role=""/>
  <member type="way" ref="229130532" role=""/>
  <member type="way" ref="223091991" role=""/>
  <member type="way" ref="53083497" role=""/>
  <member type="way" ref="654612041" role=""/>
  <member type="way" ref="1238224310" role=""/>
  <member type="way" ref="229358756" role=""/>
  <member type="way" ref="654612040" role=""/>
  <member type="way" ref="1238224311" role=""/>
  <member type="way" ref="229358755" role=""/>
  <member type="way" ref="223092040" role=""/>
  <member type="way" ref="53083501" role=""/>
  <member type="way" ref="658889011" role=""/>
  <member type="way" ref="223091994" role=""/>
  <member type="way" ref="27999649" role=""/>
  <member type="way" ref="229952052" role=""/>
  <member type="way" ref="654619022" role=""/>
  <member type="way" ref="654619023" role=""/>
  <member type="way" ref="281465681" role=""/>
  <member type="way" ref="1274320256" role=""/>
  <member type="way" ref="229952047" role=""/>
  <member type="way" ref="261030955" role=""/>
  <member type="way" ref="462007544" role=""/>
  <member type="way" ref="260923907" role=""/>
  <member type="way" ref="223092001" role=""/>
  <member type="way" ref="96810355" role=""/>
  <member type="way" ref="96810370" role=""/>
  <member type="way" ref="224056143" role=""/>
  <member type="way" ref="27653686" role=""/>
  <member type="way" ref="1274320253" role=""/>
  <member type="way" ref="462011131" role=""/>
  <member type="way" ref="197737424" role=""/>
  <member type="way" ref="280940552" role=""/>
  <member type="way" ref="269726666" role=""/>
  <member type="way" ref="223092044" role=""/>
  <member type="way" ref="1156509754" role=""/>
  <member type="way" ref="280940550" role=""/>
  <member type="way" ref="47413125" role=""/>
  <member type="way" ref="611734171" role=""/>
  <member type="way" ref="96808789" role=""/>
  <member type="way" ref="152121271" role=""/>
  <member type="way" ref="96808799" role=""/>
  <member type="way" ref="611734172" role=""/>
  <member type="way" ref="152121278" role=""/>
  <member type="way" ref="689408805" role=""/>
  <member type="way" ref="444089820" role=""/>
  <member type="way" ref="280940601" role=""/>
  <member type="way" ref="1087817725" role=""/>
  <member type="way" ref="280940612" role=""/>
  <member type="way" ref="1534167195" role=""/>
  <member type="way" ref="1087817726" role=""/>
  <member type="way" ref="688274332" role=""/>
  <member type="way" ref="280940603" role=""/>
  <member type="way" ref="257395517" role=""/>
  <member type="way" ref="686383274" role=""/>
  <member type="way" ref="280940599" role=""/>
  <member type="way" ref="1368211693" role=""/>
  <member type="way" ref="132895784" role=""/>
  <member type="way" ref="96808791" role=""/>
  <member type="way" ref="215910439" role=""/>
  <member type="way" ref="1462970464" role=""/>
  <member type="way" ref="281755699" role=""/>
  <member type="way" ref="1462970463" role=""/>
  <member type="way" ref="96808804" role=""/>
  <member type="way" ref="57836929" role=""/>
  <member type="way" ref="41224816" role=""/>
  <member type="way" ref="280940533" role=""/>
  <member type="way" ref="420676350" role=""/>
  <member type="way" ref="280940536" role=""/>
  <member type="way" ref="57822907" role=""/>
  <member type="way" ref="280940538" role=""/>
  <member type="way" ref="140046037" role=""/>
  <member type="way" ref="420676349" role=""/>
  <member type="way" ref="280940535" role=""/>
  <member type="way" ref="739705962" role=""/>
  <member type="way" ref="180598222" role=""/>
  <member type="way" ref="282400890" role=""/>
  <member type="way" ref="150959163" role=""/>
  <member type="way" ref="282400905" role=""/>
  <member type="way" ref="29088702" role=""/>
  <member type="way" ref="29088703" role=""/>
  <member type="way" ref="426062996" role=""/>
  <member type="way" ref="38848702" role=""/>
  <member type="way" ref="1260687588" role=""/>
  <member type="way" ref="281239853" role=""/>
  <member type="way" ref="38848705" role=""/>
  <member type="way" ref="56188722" role=""/>
  <member type="way" ref="426062997" role=""/>
  <member type="way" ref="1156509733" role=""/>
  <member type="way" ref="927997217" role=""/>
  <member type="way" ref="281239846" role=""/>
  <member type="way" ref="1306036747" role=""/>
  <member type="way" ref="1156852200" role=""/>
  <member type="way" ref="653281488" role=""/>
  <member type="way" ref="315683737" role=""/>
  <member type="way" ref="1196122019" role=""/>
  <member type="way" ref="1196122016" role=""/>
  <member type="way" ref="1368227838" role=""/>
  <member type="way" ref="1156852199" role=""/>
  <tag k="colour" v="yellow"/>
  <tag k="fee" v="yes"/>
  <tag k="from" v="Barrancas"/>
  <tag k="name" v="Línea 437: Acassuso → Garín"/>
  <tag k="network" v="Provincia de Buenos Aires"/>
  <tag k="operator" v="Micro Ómnibus Tigre S.A."/>
  <tag k="operator:short" v="MOTSA"/>
  <tag k="payment:apple_pay" v="yes"/>
  <tag k="payment:contactless" v="yes"/>
  <tag k="payment:google_pay" v="yes"/>
  <tag k="payment:mastercard_contactless" v="yes"/>
  <tag k="payment:mercado_pago_qr" v="yes"/>
  <tag k="payment:qr_code" v="yes"/>
  <tag k="payment:sube" v="yes"/>
  <tag k="payment:sube_app" v="yes"/>
  <tag k="payment:sube_qr" v="yes"/>
  <tag k="payment:visa_contactless" v="yes"/>
  <tag k="public_transport:version" v="2"/>
  <tag k="ref" v="437"/>
  <tag k="reservation" v="no"/>
  <tag k="route" v="bus"/>
  <tag k="scope" v="urban"/>
  <tag k="to" v="Garin"/>
  <tag k="type" v="route"/>
 </relation>
 <relation id="13708639" visible="true" version="85" changeset="187516978" timestamp="2026-08-16T05:14:22Z" user="AgusQui" uid="331218">
  <member type="node" ref="9441335607" role="stop"/>
  <member type="node" ref="5905438015" role="platform"/>
  <member type="node" ref="12671261668" role="stop"/>
  <member type="node" ref="5896446222" role="platform"/>
  <member type="node" ref="14044860147" role="stop"/>
  <member type="node" ref="14044860148" role="platform"/>
  <member type="node" ref="9441335608" role="stop"/>
  <member type="node" ref="6433533063" role="platform"/>
  <member type="node" ref="6433533059" role="stop"/>
  <member type="node" ref="6433533058" role="platform"/>
  <member type="node" ref="6433533051" role="stop"/>
  <member type="node" ref="6433533052" role="platform"/>
  <member type="node" ref="6433533049" role="stop"/>
  <member type="node" ref="6433533050" role="platform"/>
  <member type="node" ref="6433533042" role="stop"/>
  <member type="node" ref="4630102524" role="platform"/>
  <member type="node" ref="6433533025" role="stop"/>
  <member type="node" ref="6433533026" role="platform"/>
  <member type="node" ref="6433533019" role="stop"/>
  <member type="node" ref="6433533020" role="platform"/>
  <member type="node" ref="5315831935" role="stop"/>
  <member type="node" ref="4012063571" role="platform"/>
  <member type="node" ref="2385965110" role="stop"/>
  <member type="node" ref="3429537100" role="platform"/>
  <member type="node" ref="2899788301" role="stop"/>
  <member type="node" ref="2899788302" role="platform"/>
  <member type="node" ref="9378093130" role="stop"/>
  <member type="node" ref="9378093131" role="platform"/>
  <member type="node" ref="7144579755" role="stop"/>
  <member type="node" ref="3264458668" role="platform"/>
  <member type="node" ref="9441335611" role="stop"/>
  <member type="node" ref="3264457413" role="platform"/>
  <member type="node" ref="9787180547" role="stop"/>
  <member type="node" ref="9787180548" role="platform"/>
  <member type="node" ref="10005284286" role="stop"/>
  <member type="node" ref="10005284287" role="platform"/>
  <member type="node" ref="10057284998" role="stop"/>
  <member type="node" ref="4638795427" role="platform"/>
  <member type="node" ref="10057285000" role="stop"/>
  <member type="node" ref="4638795400" role="platform"/>
  <member type="node" ref="10057284999" role="stop"/>
  <member type="node" ref="4638795399" role="platform"/>
  <member type="node" ref="10005257732" role="stop"/>
  <member type="node" ref="11481105822" role="platform"/>
  <member type="node" ref="9852226980" role="stop"/>
  <member type="node" ref="9852226981" role="platform"/>
  <member type="node" ref="9852226979" role="stop"/>
  <member type="node" ref="4636497754" role="platform"/>
  <member type="node" ref="9852226976" role="stop"/>
  <member type="node" ref="9852226977" role="platform"/>
  <member type="node" ref="9852226975" role="stop"/>
  <member type="node" ref="4636497745" role="platform"/>
  <member type="node" ref="9852226973" role="stop"/>
  <member type="node" ref="9852226974" role="platform"/>
  <member type="node" ref="9852226971" role="stop"/>
  <member type="node" ref="9852226972" role="platform"/>
  <member type="node" ref="9852226970" role="stop"/>
  <member type="node" ref="4636497743" role="platform"/>
  <member type="node" ref="9852226968" role="stop"/>
  <member type="node" ref="9852226969" role="platform"/>
  <member type="node" ref="9993719173" role="stop"/>
  <member type="node" ref="10000827561" role="platform"/>
  <member type="node" ref="9978724298" role="stop"/>
  <member type="node" ref="4636755931" role="platform"/>
  <member type="node" ref="9978724300" role="stop"/>
  <member type="node" ref="9980964082" role="platform"/>
  <member type="node" ref="9978717402" role="stop"/>
  <member type="node" ref="4636755917" role="platform"/>
  <member type="node" ref="10005239723" role="stop"/>
  <member type="node" ref="10005239724" role="platform"/>
  <member type="node" ref="10005246655" role="stop"/>
  <member type="node" ref="10005246656" role="platform"/>
  <member type="node" ref="9982160247" role="stop"/>
  <member type="node" ref="10000868249" role="platform"/>
  <member type="node" ref="10005198934" role="stop"/>
  <member type="node" ref="10005198935" role="platform"/>
  <member type="way" ref="1156509730" role=""/>
  <member type="way" ref="1013105201" role=""/>
  <member type="way" ref="1196122018" role=""/>
  <member type="way" ref="1465774563" role=""/>
  <member type="way" ref="1368227830" role=""/>
  <member type="way" ref="83758321" role=""/>
  <member type="way" ref="802940132" role=""/>
  <member type="way" ref="1306036746" role=""/>
  <member type="way" ref="783923916" role=""/>
  <member type="way" ref="965755585" role=""/>
  <member type="way" ref="927997217" role=""/>
  <member type="way" ref="1156509733" role=""/>
  <member type="way" ref="426062997" role=""/>
  <member type="way" ref="281239857" role=""/>
  <member type="way" ref="280940488" role=""/>
  <member type="way" ref="29088705" role=""/>
  <member type="way" ref="29088706" role=""/>
  <member type="way" ref="247134064" role=""/>
  <member type="way" ref="280940577" role=""/>
  <member type="way" ref="1368211707" role=""/>
  <member type="way" ref="280940578" role=""/>
  <member type="way" ref="1368211694" role=""/>
  <member type="way" ref="23167273" role=""/>
  <member type="way" ref="57822906" role=""/>
  <member type="way" ref="41224996" role=""/>
  <member type="way" ref="1543932677" role=""/>
  <member type="way" ref="280940543" role=""/>
  <member type="way" ref="739008433" role=""/>
  <member type="way" ref="280940545" role=""/>
  <member type="way" ref="132895783" role=""/>
  <member type="way" ref="96808793" role=""/>
  <member type="way" ref="96808803" role=""/>
  <member type="way" ref="281755700" role=""/>
  <member type="way" ref="59708114" role=""/>
  <member type="way" ref="1334355105" role=""/>
  <member type="way" ref="1334355109" role=""/>
  <member type="way" ref="41225150" role=""/>
  <member type="way" ref="41225155" role=""/>
  <member type="way" ref="257395514" role=""/>
  <member type="way" ref="132895738" role=""/>
  <member type="way" ref="1368211692" role=""/>
  <member type="way" ref="1077012823" role=""/>
  <member type="way" ref="255626937" role=""/>
  <member type="way" ref="305206707" role=""/>
  <member type="way" ref="280940553" role=""/>
  <member type="way" ref="1462840300" role=""/>
  <member type="way" ref="280940555" role=""/>
  <member type="way" ref="54233564" role=""/>
  <member type="way" ref="47413540" role=""/>
  <member type="way" ref="47413539" role=""/>
  <member type="way" ref="1156852192" role=""/>
  <member type="way" ref="47413546" role=""/>
  <member type="way" ref="1337835253" role=""/>
  <member type="way" ref="223092042" role=""/>
  <member type="way" ref="266015228" role=""/>
  <member type="way" ref="331602587" role=""/>
  <member type="way" ref="550365258" role=""/>
  <member type="way" ref="654612043" role=""/>
  <member type="way" ref="1274320952" role=""/>
  <member type="way" ref="550365257" role=""/>
  <member type="way" ref="654612042" role=""/>
  <member type="way" ref="398449004" role=""/>
  <member type="way" ref="280940482" role=""/>
  <member type="way" ref="96810347" role=""/>
  <member type="way" ref="96810357" role=""/>
  <member type="way" ref="47413545" role=""/>
  <member type="way" ref="1252545781" role=""/>
  <member type="way" ref="550365254" role=""/>
  <member type="way" ref="550365253" role=""/>
  <member type="way" ref="1274320259" role=""/>
  <member type="way" ref="27999656" role=""/>
  <member type="way" ref="230282309" role=""/>
  <member type="way" ref="1238224312" role=""/>
  <member type="way" ref="1274320257" role=""/>
  <member type="way" ref="654619019" role=""/>
  <member type="way" ref="654619018" role=""/>
  <member type="way" ref="223091988" role=""/>
  <member type="way" ref="658889012" role=""/>
  <member type="way" ref="53083498" role=""/>
  <member type="way" ref="658889013" role=""/>
  <member type="way" ref="230282304" role=""/>
  <member type="way" ref="472853370" role=""/>
  <member type="way" ref="53083502" role=""/>
  <member type="way" ref="1274317786" role=""/>
  <member type="way" ref="654619021" role=""/>
  <member type="way" ref="654619020" role=""/>
  <member type="way" ref="658885516" role=""/>
  <member type="way" ref="658885515" role=""/>
  <member type="way" ref="53083500" role=""/>
  <member type="way" ref="229481716" role=""/>
  <member type="way" ref="467206598" role=""/>
  <member type="way" ref="467206597" role=""/>
  <member type="way" ref="1335995475" role=""/>
  <member type="way" ref="283600422" role=""/>
  <member type="way" ref="609646393" role=""/>
  <member type="way" ref="957706947" role=""/>
  <member type="way" ref="957706945" role=""/>
  <member type="way" ref="4958007" role=""/>
  <member type="way" ref="4772384" role=""/>
  <member type="way" ref="1125987465" role=""/>
  <member type="way" ref="4958018" role=""/>
  <member type="way" ref="139942090" role=""/>
  <member type="way" ref="227258913" role=""/>
  <member type="way" ref="229130538" role=""/>
  <member type="way" ref="229130545" role=""/>
  <member type="way" ref="472853416" role=""/>
  <member type="way" ref="1354710796" role=""/>
  <member type="way" ref="1354710791" role=""/>
  <member type="way" ref="1330766811" role=""/>
  <member type="way" ref="1550066076" role=""/>
  <member type="way" ref="1352886171" role=""/>
  <member type="way" ref="254643279" role=""/>
  <member type="way" ref="956677992" role=""/>
  <member type="way" ref="958713145" role=""/>
  <member type="way" ref="1013088725" role=""/>
  <member type="way" ref="956682677" role=""/>
  <member type="way" ref="27584484" role=""/>
  <member type="way" ref="469578872" role=""/>
  <member type="way" ref="468562739" role=""/>
  <member type="way" ref="468621740" role=""/>
  <member type="way" ref="135794677" role=""/>
  <member type="way" ref="469284026" role=""/>
  <member type="way" ref="469300203" role=""/>
  <member type="way" ref="956667496" role=""/>
  <member type="way" ref="960929379" role=""/>
  <member type="way" ref="1423243638" role=""/>
  <member type="way" ref="1423243635" role=""/>
  <member type="way" ref="240013485" role=""/>
  <member type="way" ref="64361861" role=""/>
  <member type="way" ref="469300217" role=""/>
  <member type="way" ref="1452964193" role=""/>
  <member type="way" ref="469300220" role=""/>
  <member type="way" ref="1452964194" role=""/>
  <member type="way" ref="1452964195" role=""/>
  <member type="way" ref="163156270" role=""/>
  <member type="way" ref="1452964196" role=""/>
  <member type="way" ref="132653166" role=""/>
  <member type="way" ref="1452964197" role=""/>
  <member type="way" ref="425628918" role=""/>
  <member type="way" ref="425628917" role=""/>
  <member type="way" ref="348072872" role=""/>
  <member type="way" ref="348072905" role=""/>
  <member type="way" ref="348072955" role=""/>
  <member type="way" ref="469452624" role=""/>
  <member type="way" ref="469326267" role=""/>
  <member type="way" ref="22663996" role=""/>
  <member type="way" ref="866434999" role=""/>
  <member type="way" ref="955329926" role=""/>
  <member type="way" ref="866435004" role=""/>
  <member type="way" ref="166433196" role=""/>
  <member type="way" ref="439428390" role=""/>
  <member type="way" ref="439428393" role=""/>
  <member type="way" ref="1362047615" role=""/>
  <member type="way" ref="452726686" role=""/>
  <member type="way" ref="1013084629" role=""/>
  <member type="way" ref="22664192" role=""/>
  <member type="way" ref="956666870" role=""/>
  <tag k="colour" v="yellow"/>
  <tag k="description" v="Cartel: &quot;San Isidro (Bajo)&quot;"/>
  <tag k="fee" v="yes"/>
  <tag k="from" v="Estación Garín"/>
  <tag k="name" v="Línea 437: Garín → Acassuso"/>
  <tag k="network" v="Provincia de Buenos Aires"/>
  <tag k="operator" v="Micro Ómnibus Tigre S.A."/>
  <tag k="operator:short" v="MOTSA"/>
  <tag k="payment:apple_pay" v="yes"/>
  <tag k="payment:contactless" v="yes"/>
  <tag k="payment:google_pay" v="yes"/>
  <tag k="payment:mastercard_contactless" v="yes"/>
  <tag k="payment:mercado_pago_qr" v="yes"/>
  <tag k="payment:qr_code" v="yes"/>
  <tag k="payment:sube" v="yes"/>
  <tag k="payment:sube_app" v="yes"/>
  <tag k="payment:sube_qr" v="yes"/>
  <tag k="payment:visa_contactless" v="yes"/>
  <tag k="public_transport:version" v="2"/>
  <tag k="ref" v="437"/>
  <tag k="reservation" v="no"/>
  <tag k="route" v="bus"/>
  <tag k="scope" v="urban"/>
  <tag k="to" v="Barrancas"/>
  <tag k="type" v="route"/>
 </relation>
 <relation id="13708640" visible="true" version="5" changeset="183720909" timestamp="2026-06-06T03:17:50Z" user="AgusQui" uid="331218">
  <member type="relation" ref="13561563" role=""/>
  <member type="relation" ref="13708639" role=""/>
  <tag k="colour" v="yellow"/>
  <tag k="name" v="Línea 437"/>
  <tag k="network" v="Provincia de Buenos Aires"/>
  <tag k="old_operator" v="Micro Omnibus General San Martín"/>
  <tag k="operator" v="Micro Ómnibus Tigre S.A."/>
  <tag k="operator:short" v="MOTSA"/>
  <tag k="ref" v="437"/>
  <tag k="route_master" v="bus"/>
  <tag k="type" v="route_master"/>
 </relation>
 <relation id="18911296" visible="true" version="1" changeset="164265264" timestamp="2025-03-29T20:48:40Z" user="11000matias" uid="9658350">
  <member type="way" ref="1372763316" role="outer"/>
  <member type="way" ref="1372763320" role="outer"/>
  <member type="way" ref="1372763314" role="outer"/>
  <member type="way" ref="1372763318" role="outer"/>
  <tag k="natural" v="wood"/>
  <tag k="type" v="multipolygon"/>
 </relation>
 <relation id="18911297" visible="true" version="1" changeset="164265264" timestamp="2025-03-29T20:48:40Z" user="11000matias" uid="9658350">
  <member type="way" ref="1372763315" role="outer"/>
  <member type="way" ref="1372763318" role="outer"/>
  <member type="way" ref="1372763317" role="outer"/>
  <tag k="natural" v="scrub"/>
  <tag k="type" v="multipolygon"/>
 </relation>
 <relation id="18911298" visible="true" version="1" changeset="164265264" timestamp="2025-03-29T20:48:40Z" user="11000matias" uid="9658350">
  <member type="way" ref="750142466" role="outer"/>
  <member type="way" ref="1372763319" role="outer"/>
  <member type="way" ref="1372763314" role="outer"/>
  <member type="way" ref="1372763317" role="outer"/>
  <tag k="natural" v="scrub"/>
  <tag k="type" v="multipolygon"/>
 </relation>
 <relation id="18911299" visible="true" version="1" changeset="164265264" timestamp="2025-03-29T20:48:40Z" user="11000matias" uid="9658350">
  <member type="way" ref="1372763324" role="outer"/>
  <member type="way" ref="1372763322" role="outer"/>
  <member type="way" ref="1372763323" role="outer"/>
  <tag k="natural" v="wood"/>
  <tag k="type" v="multipolygon"/>
 </relation>
 <relation id="18911300" visible="true" version="1" changeset="164265264" timestamp="2025-03-29T20:48:40Z" user="11000matias" uid="9658350">
  <member type="way" ref="1372763329" role="outer"/>
  <member type="way" ref="1372763325" role="outer"/>
  <member type="way" ref="1372763326" role="outer"/>
  <tag k="natural" v="grassland"/>
  <tag k="type" v="multipolygon"/>
 </relation>
 <relation id="18911301" visible="true" version="1" changeset="164265264" timestamp="2025-03-29T20:48:40Z" user="11000matias" uid="9658350">
  <member type="way" ref="1372763328" role="outer"/>
  <member type="way" ref="1372763326" role="outer"/>
  <tag k="natural" v="scrub"/>
  <tag k="type" v="multipolygon"/>
 </relation>
 <relation id="18911302" visible="true" version="1" changeset="164265264" timestamp="2025-03-29T20:48:40Z" user="11000matias" uid="9658350">
  <member type="way" ref="1372763329" role="outer"/>
  <member type="way" ref="1372763330" role="outer"/>
  <member type="way" ref="1372763331" role="outer"/>
  <tag k="natural" v="wood"/>
  <tag k="type" v="multipolygon"/>
 </relation>
 <relation id="19648927" visible="true" version="1" changeset="172457308" timestamp="2025-09-25T20:17:30Z" user="muralito" uid="755114">
  <member type="way" ref="208638474" role="outer"/>
  <tag k="landuse" v="recreation_ground"/>
  <tag k="name" v="Campo de Deportes Nº6"/>
  <tag k="type" v="multipolygon"/>
 </relation>
 <relation id="19648928" visible="true" version="1" changeset="172457308" timestamp="2025-09-25T20:17:30Z" user="muralito" uid="755114">
  <member type="way" ref="1433125556" role="outer"/>
  <member type="way" ref="434820817" role="outer"/>
  <tag k="landuse" v="recreation_ground"/>
  <tag k="name" v="Campo de deportes Colegio San Juan el Precursor"/>
  <tag k="operator" v="Colegio San Juan el Precursor"/>
  <tag k="type" v="multipolygon"/>
 </relation>
 <relation id="19648929" visible="true" version="1" changeset="172457308" timestamp="2025-09-25T20:17:30Z" user="muralito" uid="755114">
  <member type="way" ref="1433125557" role="outer"/>
  <member type="way" ref="434820815" role="outer"/>
  <member type="way" ref="1433125556" role="outer"/>
  <tag k="landuse" v="recreation_ground"/>
  <tag k="name" v="Club Atlético San Isidro Anexo La Boya"/>
  <tag k="short_name" v="CASI Anexo"/>
  <tag k="type" v="multipolygon"/>
  <tag k="wikidata" v="Q57304906"/>
  <tag k="wikimedia_commons" v="Category:La Boya"/>
 </relation>
 <relation id="19648930" visible="true" version="1" changeset="172457308" timestamp="2025-09-25T20:17:30Z" user="muralito" uid="755114">
  <member type="way" ref="450116340" role="outer"/>
  <member type="way" ref="451791684" role="outer"/>
  <tag k="landuse" v="recreation_ground"/>
  <tag k="name" v="Club Círculo de Gendarmería"/>
  <tag k="type" v="multipolygon"/>
 </relation>
 <relation id="19648931" visible="true" version="1" changeset="172457308" timestamp="2025-09-25T20:17:30Z" user="muralito" uid="755114">
  <member type="way" ref="1433125561" role="outer"/>
  <member type="way" ref="1433125563" role="outer"/>
  <member type="way" ref="1433125560" role="outer"/>
  <member type="way" ref="1433125564" role="outer"/>
  <tag k="natural" v="wetland"/>
  <tag k="type" v="multipolygon"/>
 </relation>
 <relation id="19648932" visible="true" version="1" changeset="172457308" timestamp="2025-09-25T20:17:30Z" user="muralito" uid="755114">
  <member type="way" ref="1433125573" role="outer"/>
  <member type="way" ref="1433125575" role="outer"/>
  <member type="way" ref="149944278" role="outer"/>
  <member type="way" ref="1433125559" role="outer"/>
  <tag k="natural" v="wetland"/>
  <tag k="type" v="multipolygon"/>
 </relation>
 <relation id="19648935" visible="true" version="1" changeset="172457308" timestamp="2025-09-25T20:17:30Z" user="muralito" uid="755114">
  <member type="way" ref="1433125560" role="outer"/>
  <member type="way" ref="1433125558" role="outer"/>
  <member type="way" ref="450116340" role="outer"/>
  <member type="way" ref="1433125571" role="outer"/>
  <member type="way" ref="1433125572" role="outer"/>
  <tag k="landuse" v="recreation_ground"/>
  <tag k="name" v="Club Náutico Azopardo"/>
  <tag k="type" v="multipolygon"/>
 </relation>
 <relation id="19648936" visible="true" version="1" changeset="172457308" timestamp="2025-09-25T20:17:30Z" user="muralito" uid="755114">
  <member type="way" ref="1433125562" role="outer"/>
  <member type="way" ref="1433125563" role="outer"/>
  <member type="way" ref="1433125572" role="outer"/>
  <member type="way" ref="1433125570" role="outer"/>
  <member type="way" ref="1433125576" role="outer"/>
  <member type="way" ref="1433125559" role="outer"/>
  <tag k="landuse" v="recreation_ground"/>
  <tag k="name" v="Club 7"/>
  <tag k="type" v="multipolygon"/>
 </relation>
 <relation id="19648937" visible="true" version="1" changeset="172457308" timestamp="2025-09-25T20:17:30Z" user="muralito" uid="755114">
  <member type="way" ref="1433125579" role="outer"/>
  <member type="way" ref="1433125569" role="outer"/>
  <member type="way" ref="1433125576" role="outer"/>
  <member type="way" ref="149944278" role="outer"/>
  <tag k="landuse" v="recreation_ground"/>
  <tag k="name" v="Club Ciudad de San Isidro"/>
  <tag k="type" v="multipolygon"/>
 </relation>
 <relation id="19648938" visible="true" version="1" changeset="172457308" timestamp="2025-09-25T20:17:30Z" user="muralito" uid="755114">
  <member type="way" ref="1433125575" role="outer"/>
  <member type="way" ref="1433125574" role="outer"/>
  <member type="way" ref="1433125581" role="outer"/>
  <member type="way" ref="1433125577" role="outer"/>
  <member type="way" ref="1433125579" role="outer"/>
  <tag k="landuse" v="recreation_ground"/>
  <tag k="name" v="Avellaneda Yacht Club"/>
  <tag k="type" v="multipolygon"/>
 </relation>
 <relation id="19648939" visible="true" version="1" changeset="172457308" timestamp="2025-09-25T20:17:30Z" user="muralito" uid="755114">
  <member type="way" ref="1433125578" role="outer"/>
  <member type="way" ref="1433125583" role="outer"/>
  <member type="way" ref="1433125580" role="outer"/>
  <member type="way" ref="1433125581" role="outer"/>
  <tag k="landuse" v="recreation_ground"/>
  <tag k="name" v="Club Tribunales"/>
  <tag k="type" v="multipolygon"/>
 </relation>
</osm>
