recordNumber,recordDate,projectType,politicalParty,author,topic,parlState,commissionEntryDate,commissionReportDate,diasEnComision,subtheme
00427-2023-HCD,2023-12-11,DEC - Decreto,Bloque Convocación por San Isidro,Rojo Maria Lucia,Licencia,Archivado,2024-02-29,2024-03-27,27,LICENCIA CONCEJAL ROJO
00423-2023-HCD,2023-12-11,DEC - Decreto,,Perez Walter Dr.,Licencia,Archivado,2024-02-29,2024-03-27,27,LIMITANDO USO DE LA LICENCIA.
00422-2023-HCD,2023-12-11,DEC - Decreto,Bloque Cambia San Isidro,Lanus Ramon,Otros,Archivado,2024-02-29,2024-03-27,27,RENUNCIA CONCEJAL RAMÓN LANÚS.
00425-2023-HCD,2023-12-12,ORD - Ordenanza,Bloque Frente Renovador – Frente de todos,Durand Maria Soledad,Salud Pública,Archivado,2023-12-07,,1021,CREANDO EL PROGRAMA INTEGRAL DE SALUD SEXUAL Y PROCREACIÓN RESPONSABLE.
12605-2023-A,2023-12-12,ORD - Ordenanza,Ejecutivo,Ejecutivo,ORDENANZA FISCAL,Sancionado,2023-12-11,,1017,PROYECTO DE ORDENANZA FISCAL 2024
12606-2023-A,2023-12-12,ORD - Ordenanza,Ejecutivo,Ejecutivo,ORDENANZA IMPOSITIVA,Sancionado,2023-12-11,,1017,PROYECTO DE ORDENANZA IMPOSITIVA 2024
006964-2023-S,2023-12-12,ORD - Ordenanza,Ejecutivo,Ejecutivo,Donación,Sancionado,2023-12-11,2024-03-27,107,ACEPTANDO UNA DONACIÓN.
007504-2023-S,2023-12-12,ORD - Ordenanza,Ejecutivo,Ejecutivo,Donación,Sancionado,2023-12-11,2024-03-27,107,ACEPTANDO DONACIÓN
12607-2023-C,2023-12-14,ORD - Ordenanza,Ejecutivo,Ejecutivo,Presupuesto,Sancionado,2023-12-12,,1016,PRESUPUESTO 2024
15471-2023-S,2023-12-14,ORD - Ordenanza,Ejecutivo,Ejecutivo,Adhesión,Sancionado,2023-12-13,2023-12-18,5,"PROYECTO DE ORDENANZA ADHIRIENDO A LA LEY PROVINCIAL N° 13.666 (modificada por Ley N° 14.828)) mediante la cual la Provincia de Buenos Aires se adhiere a la Ley Nacional N° 25.506 "" Ley de Firma Digital"". (modificatorias, complementarias y reglamentarias), en los términos del artículo 50 de dicho Cuerpo Legal.-"
00428-2023-HCD,2023-12-26,DEC - Decreto,Bloque UCR - Juntos San Isidro,Cuello Juliana (mandato cumplido),Licencia,Archivado,2024-02-29,2024-03-27,27,LICENCIA CONCEJAL CUELLO
00432-2023-HCD,2023-12-27,ORD - Ordenanza,Bloque Bloque FR - Unión X La Patria,Meca Federico,Seguridad,Archivado,2023-12-20,2024-05-07,139,CREANDO UNA CAMPAÑA DESTINADA A INFORMAR Y CREAR CONCIENCIA SOBRE LOS PELIGROS Y DAÑOS QUE IMPLICA EL USO IRRESPONSABLE DE PIROTECNIA.
007943-2019-A,2023-12-28,ORD - Ordenanza,Ejecutivo,Ejecutivo,Otros,En comisión,2023-12-28,,1000,SOLICITA AMPLIACIÓN DE COMODATO
12115-2023-S,2023-12-28,ORD - Ordenanza,Ejecutivo,Ejecutivo,ORDENANZA IMPOSITIVA,En comisión,2023-12-28,,1000,"SOLICITUD EXIMICION DE LA APLICACION DEL CAP. IX, ARTICULO 24°, INCISO 8.-"
003910-2023-A,2023-12-28,ORD - Ordenanza,Ejecutivo,Ejecutivo,Comercios e Industrias,En comisión,2023-12-28,,1000,EXENCION TASAS ARTICULOS . 58 INC. 7 AP.D - 85 INC VEREDAS AV. DE MAYO E/ VIRREY VERTIZ Y JOSE M. MORENO
11279-2021-S,2023-12-28,ORD - Ordenanza,Ejecutivo,Ejecutivo,Donación,Sancionado,2023-12-28,2024-03-27,90,DONACIÓN PARA EL MUSEO GRAL JUAN MARTIN DE PUYERREDÓN
00436-2023-HCD,2023-12-29,DEC - Decreto,Bloque UCR - Juntos San Isidro,Cuello Juliana (mandato cumplido),Licencia,Archivado,2024-02-29,2024-03-27,27,LICENCIA CONCEJAL CUELLO
00437-2023-HCD,2023-12-29,DEC - Decreto,Bloque Acción Vecinal San Isidro es Distinto - Juntos San Iisdro,Posse Macarena (mandato cumplido),Licencia,Archivado,2024-02-29,2024-03-27,27,LICENCIA CONCEJAL POSSE
0013-2024-HCD,2024-02-06,ORD - Ordenanza,Bloque Unión X La Patria,Sarmiento Celia (mandato cumplido),Ordenanza,Archivado,2024-02-06,,960,"DISPONIENDO QUE DURANTE EL AÑO 2024 TODA LA DOCUMENTACIÓN OFICIAL DE LA ADMINISTRACIÓN PÚBLICA DEL PARTIDO DE SAN ISIDRO LLEVE LA LEYENDA ""AÑO 2024 - 75° ANIVERSARIO DE LA GRATITUD UNIVERSITARIA EN LA REPÚBLICA ARGENTINA."
0011-2024-HCD,2024-02-06,RES - Resolución,Bloque Unión X La Patria,Sarmiento Celia (mandato cumplido),Declaración,Archivado,2024-02-06,,960,"EL H.C.D. MANIFIESTA SU PREOCUPACIÓN POR LA POSIBLE ELIMINACIÓN DE LA ZONA FRIA QUE INTRODUCE EL PROYECTO DE "" LEY OMNIBUS""."
0012-2024-HCD,2024-02-06,RES - Resolución,Bloque Unión X La Patria,Sarmiento Celia (mandato cumplido),Repudio,Archivado,2024-02-06,,960,EL H.C.D. EXPRESA SU REPUDIO Y PRECUPACIÓN ANTE LA SANCIÓN AL DECRETO 70/2023.
0017-2024-HCD,2024-02-28,DEC - Decreto,Bloque Unión X La Patria,Schuppisser Manuela,Deportes,Archivado,2024-02-27,2024-03-27,29,S/ SE RECTIFIQUE LA DECISIÓN TOMADA RESPECTO A LOS CLUBES QUE FORMAN PARTE DE LA LIGA MUNICIPAL DE BABY FUTBOL.
02105-2024-D ALC 1,2024-02-29,ORD - Ordenanza,Ejecutivo,Ejecutivo,Licencia,Sancionado,2024-02-29,,937,LICENCIA SR. INTENDENTE MUNICIPAL.
0033-2024-HCD,2024-02-29,ORD - Ordenanza,Bloque Pro San Isidro,Martinez Gabriela (mandato cumplido),Otros,Archivado,2024-02-28,2024-05-23,85,"EL H.C.D. EXPRESA SU PREOCUPACIÓN SOBRE EL ESTADO DEL INMUEBLE UBICADO EN LA AV. DEL LIBERTADOR AL 601, DE ESTE PARTIDO."
0037-2024-HCD,2024-03-07,ORD - Ordenanza,La Libertad Avanza,Feldtmann Maria Ines,Educación,Archivado,2024-03-01,,936,"INSTRUMENTANDO EL PROGRAMA ""QUEREMOS APRENDER""."
0036-2024-HCD,2024-03-07,ORD - Ordenanza,La Libertad Avanza,Feldtmann Maria Ines,Ordenanza,Archivado,2024-03-01,,936,"ESTABLECIENDO EL 25 DE MARZO DE CADA AÑO COMO ""DIA MUNICIPAL DEL NIÑO POR NACER""."
0043-2024-HCD,2024-03-11,RES - Resolución,Bloque Unión X La Patria,Sarmiento Celia (mandato cumplido),Repudio,Archivado,2024-03-21,,916,"EL H.C.D. EXPRESA SU REPUDIO A LA PRESENCIA DE LEONARDO SOSA EN EL CONGRESO DE LA NACIÓN, EN EL TRATAMIENTO DE LA LEY ÓMNIBUS."
0054-2024-HCD,2024-03-11,DEC - Decreto,Bloque Unión X La Patria,Bartolini Mateo (mandato cumplido),Pedido de informes,Archivado,2024-03-21,,916,CONVOCANDO AL DEPARTAMENTO EJECUTIVO PARA QUE POR INTERMEDIO DE LA SUBSECRETARÍA DE RECURSOS HUMANOS BRINDE UN INFORME RELACIONADO CON LA POLÍTICA DE RECURSOS HUMANOS DEL MUNICIPIO.
0052-2024-HCD,2024-03-11,DEC - Decreto,Bloque Unión X La Patria,Bartolini Mateo (mandato cumplido),Declaración de Interes,En comisión,2024-03-21,,916,DECLARANDO DE INTERÉS EL MONUMENTO A HIPÓLITO YRIGOYEN UBICADO EN LA PLAZA DE LA MUNICIPALIDAD.
0050-2024-HCD,2024-03-11,ORD - Ordenanza,Bloque Unión X La Patria,Sarmiento Celia (mandato cumplido),Ordenanza,Archivado,2024-03-21,,916,CREANDO LA OFICINA DE ACCESO A LA INFORMACIÓN PÚBLICA.-
0046-2024-HCD,2024-03-11,ORD - Ordenanza,Bloque Unión X La Patria,Schuppisser Manuela,Presupuesto,Archivado,2024-03-21,2024-04-25,35,"ORDENANDO EL PAGO DE UNA BONIFICACIÓN ESPECIAL POR ÚNICA VEZ , A EMPLEADAS Y EMPLEADOS MUNICIPALES QUE PRESTEN SERVICIOS DURANTE EL FESTIVAL LOLLAPALOOZA.-"
0041-2024-HCD,2024-03-11,RES - Resolución,Bloque Unión X La Patria,Sarmiento Celia (mandato cumplido),Repudio,Archivado,2024-03-21,2024-03-27,6,EL H.C.D . EXPRESA SU REPUDIO AL ACTO DE VIOLENCIA SIMBÓLICA PERPETRADO POR EL PRESIDENTE JAVIER GERARDO MILEI HACIA LAS PERSONAS CON SINDROME DE DOWN.
0058-2024-HCD,2024-03-12,RES - Resolución,Bloque Unión X La Patria,Sarmiento Celia (mandato cumplido),Repudio,Archivado,2024-03-21,,916,EL H.C.D EXPRESA SU REPUDIO AL ACTO DE VIOLENCIA SIMBÓLICA PERPETRADO POR EL PRESIDENTE JAVIER MILEI HACIA EL GOBERNADOR DE CHUBUT.
0055-2024-HCD,2024-03-12,ORD - Ordenanza,Bloque Unión X La Patria,Bartolini Mateo (mandato cumplido),Pedido de informes,Archivado,2024-03-21,,916,"REMITIENDO A ESTE CUERPO, POR PARTE DEL DEPARTAMENTO EJECUTIVO, CERTIFICADOS DE LIBRE DEUDA DE ABL Y DE MULTAS MUNICIPALES DE TODOS LOS FUNCIONARIOS DEL MUNICIPIO."
0057-2024-HCD,2024-03-12,DEC - Decreto,Bloque Unión X La Patria,Sarmiento Celia (mandato cumplido),Honorable Concejo Deliberante,Archivado,2024-03-21,,916,MODIFICANDO LOS ARTÍCULOS N° 22 Y 45 DEL REGLAMENTO INTERNO DE ESTE H.C.D.
0059-2024-HCD,2024-03-12,DEC - Decreto,Bloque Unión X La Patria,Sarmiento Celia (mandato cumplido),Honorable Concejo Deliberante,En comisión,2024-03-21,,916,MODIFICANDO LOS ARTICULOS N° 22 Y 47 DEL REGLAMENTO INTERNO DE ESTE H.C.D.
0060-2024-HCD,2024-03-12,RES - Resolución,Bloque Unión X La Patria,Sarmiento Celia (mandato cumplido),Repudio,Sancionado,2024-03-21,2024-09-12,175,"EL H.C.D EXPRESA SU REPUDIO A LA PUBLICACIÓN QUE MENCIONA AL 12 DE OCTUBRE COMO ""LA CELEBRACIÓN DEL DESCUBRIMIENTO DE AMÉRICA""."
0066-2024-HCD,2024-03-13,ORD - Ordenanza,Bloque Unión X La Patria,Diaz Marcos,Tránsito,Archivado,2024-03-21,,916,ESTABLECIENDO MODIFICACIONES DE SENTIDOS DE CIRCULACIÓN EN DIVERSAS CALLES DEL PARTIDO.
0067-2024-HCD,2024-03-13,ORD - Ordenanza,Bloque Unión X La Patria,Sarmiento Celia (mandato cumplido),Declaración de Interes,Archivado,2024-03-21,,916,DECLARANDO DE INTERÉS LAS ACCIONES TENDIENTES A FACILITAR EL ACCESO A LA VIVIENDA MEDIANTE LOCACIÓN EN EL PARTIDO DE SAN ISIDRO.
0068-2024-HCD,2024-03-13,DEC - Decreto,Bloque Unión X La Patria,Sarmiento Celia (mandato cumplido),Honorable Concejo Deliberante,En comisión,2024-03-21,,916,MODIFICANDO LOS ARTICULOS N° 22 Y 43° DEL REGLAMENTO INTERNO DEL H.C.D.
0062-2024-HCD,2024-03-13,ORD - Ordenanza,Bloque Unión X La Patria,Diaz Marcos,Transporte,Sancionado,2024-03-21,2024-04-09,19,ESTABLECIENDO LOS FRENTES DE LAS INSTITUCIONES RELIGIOSAS COMO ZONAS DE ASCENSO Y DESCENSO DE PERSONAS.
0064-2024-HCD,2024-03-13,ORD - Ordenanza,Bloque Unión X La Patria,Diaz Marcos,Seguridad,Archivado,2024-03-21,2024-03-26,5,INSTALANDO CÁMARAS Y DOMOS DE VIGILANCIA DENTRO DEL BARRIO SAN ISIDRO.
0093-2024-HCD,2024-03-15,ORD - Ordenanza,Bloque Unión X La Patria,Diaz Marcos,Educación,Archivado,2024-03-21,,916,CREANDO EL CENTRO DE INTEGRACIÓN Y CUIDADOS INFANTILES (CICI) EN EL BARRIO LA CAVA.
0088-2024-HCD,2024-03-15,ORD - Ordenanza,Bloque Unión X La Patria,Schuppisser Manuela,Transporte,Archivado,2024-03-21,,916,"CREANDO EL ""SISTEMA INTEGRAL DE MOVILIDAD SUSTENTABLE"" (SIMS)"
0083-2024-HCD,2024-03-15,ORD - Ordenanza,Bloque Pro San Isidro,Martinez Gabriela (mandato cumplido),Otros,Archivado,2024-03-21,,916,REANUDANDO EL FUNCIONAMIENTO DE LA COMISIÓN PARA LA EVALUACIÓN DEL VÍNCULO ENTRE EL INSTITUTO OBRA MÉDICO ASISTENCIAL Y EL GOBIERNO DE SAN ISIDRO
0094-2024-HCD,2024-03-15,ORD - Ordenanza,Bloque Unión X La Patria,Diaz Marcos,Educación,Archivado,2024-03-21,,916,CREANDO EL PRIMER JARDÍN MATERNAL MUNICIPAL DE JORNADA EXTENDIDA EN LA CIUDAD DE BECCAR
0087-2024-HCD,2024-03-15,ORD - Ordenanza,La Libertad Avanza,Feldtmann Maria Ines,Seguridad,Archivado,2024-03-21,,916,"CREANDO EL PROGRAMA ""SISTEMA INTEGRADO PÚBLICO PRIVADO DE SEGURIDAD""."
0082-2024-HCD,2024-03-15,RES - Resolución,Bloque Pro San Isidro,Martinez Gabriela (mandato cumplido),Repudio,Archivado,2024-03-21,,916,"EL H.C.D. REPUDIA LAS AMENAZAS HACIA EL GOBERNADOR DE SANTA FE, MÁXIMILIANO PULLARO.-"
0080-2024-HCD,2024-03-15,RES - Resolución,Bloque Unión X La Patria,Schuppisser Manuela,Declaración de Interes,Archivado,2024-03-21,,916,"DECLARANDO DE INTERÉS MUNICIPAL LA ACTIVIDAD DENOMINADA ""SILUETAZO""."
0079-2024-HCD,2024-03-15,RES - Resolución,Bloque Unión X La Patria,Schuppisser Manuela,Declaración de Interes,Archivado,2024-03-21,,916,"DECLARANDO DE INTERÉS MUNICIPAL EL 24 DE MARZO COMO ""DIA DE LA MEMORIA, VERDAD Y LA JUSTICIA""."
0089-2024-HCD,2024-03-15,RES - Resolución,La Libertad Avanza,Feldtmann Maria Ines,Seguridad,Archivado,2024-03-21,2024-07-10,111,EL H.C.D. MANIFIESTA SU PREOCUPACIÓN POR EL AUMENTO Y LA GRAVEDAD DE LOS HECHOS DE INSEGURIDAD EN EL PARTIDO
0096-2024-HCD,2024-03-21,RES - Resolución,Bloque Convocación por San Isidro,Quintana Bernabe Durini,Seguridad,Archivado,2024-07-04,2024-07-10,6,EL H.C.D. EXPRESA SU PROFUNDA CONSTERNACIÓN ANTE EL LAMENTABLE ASESINATO DE JORGE DE MARCO.
0120-2024-HCD,2024-03-27,ORD - Ordenanza,Bloque Unión X La Patria,Schuppisser Manuela,Educación,Archivado,2024-04-08,,898,"CONFORMANDO UNA MESA DE TRABAJO CON EL OBJETIVO DE DEBATIR SOBRE LA APLICACIÓN DE LOS FONDOS RECIBIDOS PARA REFACCIONAR, ACONDICIONAR Y CONSTRUIR NUEVAS ESCUELAS."
0101-2024-HCD,2024-03-27,ORD - Ordenanza,Bloque Unión X La Patria,Sarmiento Celia (mandato cumplido),Parques y Plazas,Archivado,2024-04-08,,898,INSTALANDO UNA ESCULTURA CON LA IMAGEN DE CARLOS FUENTEALBA EN LA PLAZA MAESTRO SANTANA EN LA ROTONDA DE ACASSUSO
0122-2024-HCD,2024-03-27,RES - Resolución,Bloque Unión X La Patria,Schuppisser Manuela,Repudio,,2024-04-08,,898,EL H.C.D. MANIFIESTA SU REPUDIO Y PREOCUPACIÓN POR EL DESFINANCIAMIENTO DEL SISTEMA DE SALUD NACIONAL.
0114-2024-HCD,2024-03-27,ORD - Ordenanza,La Libertad Avanza,Debora Ruiz Ceballos,Discapacidad,Archivado,2024-04-08,,898,CREANDO EL CENTRO MUNICIPAL DE REHABILITACIÓN Y ESTIMULACIÓN PARA EL VECINO CON DISCAPACIDAD.
0103-2024-HCD,2024-03-27,RES - Resolución,Bloque Unión X La Patria,Schuppisser Manuela,Honorable Concejo Deliberante,Archivado,2024-04-08,,898,"EL H.C.D. MANIFIESTA SU PREOCUPACIÓN ANTE LAS ASEVERACIONES DEL SR. PRESIDENTE DE LA NACIÓN Y EL DIPUTADO NACIONAL JOSE LUIS ESPERT, POR LA CONVOCATORIA A UN ACTO DE ""REBELIÓN FISCAL"" EN LA PROVINCIA DE BS. AS."
0104-2024-HCD,2024-03-27,RES - Resolución,Bloque Unión X La Patria,Schuppisser Manuela,Repudio,Archivado,2024-04-08,,898,EL H.C.D. REPUDIA LOS DESPIDOS DE LOS TRABAJADORES DE LAS UNIDADES DE ATENCIÓN INTEGRAL (UDAI) DE BOULOGNE Y SAN ISIDRO.
0113-2024-HCD,2024-03-27,ORD - Ordenanza,La Libertad Avanza,Debora Ruiz Ceballos,Deportes,Archivado,2024-04-08,,898,CREANDO EL PROGRAMA DE ASISTENCIA AL DEPORTE INFANTIL
0124-2024-HCD,2024-03-27,ORD - Ordenanza,Bloque Unión X La Patria,Sarmiento Celia (mandato cumplido),Arbolado Público,Sancionado,2024-04-08,2024-12-09,245,"PRESERVANDO, CONSERVANDO Y RECUPERANDO INCREMENTANDO Y MEJORANDO EL ARBOLADO DEL DISTRITO."
0102-2024-HCD,2024-03-27,RES - Resolución,Bloque Unión X La Patria,Schuppisser Manuela,Repudio,Sancionado,2024-04-08,2024-09-12,157,"EL H.C.D. EXPRESA SU REPUDIO POR LA ELIMINACIÓN DE LA CELEBRACIÓN DEL ""20 DE NOVIEMBRE-DÍA DE LA SOBERANÍA NACIONAL""."
0121-2024-HCD,2024-03-27,RES - Resolución,Bloque Unión X La Patria,Schuppisser Manuela,Educación,Sancionado,2024-04-08,2024-05-23,45,EL H.C.D. EXPRESA SU PREOCUPACIÓN POR LA SITUACIÓN PRESUPUESTARIA QUE ATRAVIESAN LAS UNIVERSIDADES NACIONALES.
0125-2024-HCD,2024-03-27,ORD - Ordenanza,Bloque Unión X La Patria,Diaz Marcos,Transporte,Sancionado,2024-04-08,2024-04-23,15,"INCORPORANDO AL SISTEMA INTEGRAL DE MOVILIDAD SUSTENTABLE, LA COLOCACIÓN DE TÓTEMS DE INFLADO Y REPARACIÓN DE BICICLETAS EN PUNTOS ESTRATÉGICOS DEL MUNICIPIO."
0123-2024-HCD,2024-03-27,ORD - Ordenanza,Bloque Unión X La Patria,Diaz Marcos,Estacionamiento,Sancionado,2024-04-08,2024-04-23,15,"INCORPORANDO AL SISTEMA INTEGRAL DE MOVILIDAD SUSTENTABLE, ESTACIONAMIENTOS DE BICICLETAS, EN TODO EL TERRITORIO DEL MUNICIPIO."
00127-2024-HCD,2024-04-05,ORD - Ordenanza,Bloque Bloque FR - Unión X La Patria,Meca Federico,Salud Pública,Archivado,2024-04-08,,898,DECLARANDO LA EMERGENCIA MUNICIPAL SANITARIA POR DENGUE EN TODO EL PARTIDO DE SAN ISIDRO.
4105-2422-2024-C,2024-04-09,ORD - Ordenanza,Ejecutivo,Ejecutivo,Rendición de Cuentas,Sancionado,2024-04-08,2024-05-09,31,RENDICIÓN DE CUENTAS 2023
00136-2024-HCD,2024-04-11,ORD - Ordenanza,Bloque Bloque FR - Unión X La Patria,Rivadulla Estefania,Derechos Humanos y Género,Archivado,2024-04-18,,888,CREANDO EL PROGRAMA DE INSERCIÓN LABORAL PARA VÍCTIMAS DE VIOLENCIA DE GENERO.
00135-2024-HCD,2024-04-11,ORD - Ordenanza,Bloque Bloque FR - Unión X La Patria,Meca Federico,Zoonosis y Vectores,Archivado,2024-04-18,,888,ESTABLECIENDO LA NORMATIVA APLICABLE EN EL PARTIDO DE SAN ISIDRO A LA REGISTRACIÓN DE LA PROPIEDAD DE PERROS.
00140-2024-HCD,2024-04-11,ORD - Ordenanza,Bloque Unión X La Patria,Sarmiento Celia (mandato cumplido),Seguridad,Archivado,2024-04-18,,888,CREANDO EL OBSERVATORIO DE LA SEGURIDAD PUBLICA EN EL MUNICIPIO DE SAN ISIDRO.
00134-2024-HCD,2024-04-11,ORD - Ordenanza,Bloque Bloque FR - Unión X La Patria,Meca Federico,Zoonosis y Vectores,Archivado,2024-04-18,,888,CREANDO EL REGISTRO ÚNICO DE MASCOTAS EXTRAVIADAS DEL MUNICIPIO DE SAN ISIDRO
00141-2024-HCD,2024-04-11,RES - Resolución,Bloque Unión X La Patria,Schuppisser Manuela,Declaración de Interes,Archivado,2024-04-18,2024-04-25,7,"EL H.C.D DE SAN ISIDRO DECLARA DE INTERÉS EL PROGRAMA ""JUEGOS BONAERENSES 2024""."
00132-2024-HCD,2024-04-11,,Bloque Unión X La Patria,Schuppisser Manuela,Zoonosis y Vectores,Sancionado,2024-04-18,2024-04-23,5,S/ IMPLEMENTAR UN PROTOCOLO DE FUMIGACIÓN EN LAS INSTALACIONES DE LOS CLUBES DE BARRIOS Y CAMPOS DEPORTIVOS DEL DISTRITO.
00149-2024-HCD,2024-04-12,ORD - Ordenanza,Bloque Unión X La Patria,Sarmiento Celia (mandato cumplido),Adhesión,En comisión,2024-04-18,,888,"ADHIRIENDO A LA LEY PROVINCIAL N° 10.471. ""CARRERA PROFESIONAL HOSPITALARIA"""
00173-2024-HCD,2024-04-12,ORD - Ordenanza,Bloque Unión X La Patria,Diaz Marcos,Ordenanza,En comisión,2024-04-18,,888,CREANDO EL RÉGIMEN DE PROMOCIÓN INDUSTRIAL DE BIENES INTANGIBLES.
00146-2024-HCD,2024-04-12,RES - Resolución,Bloque Unión X La Patria,Schuppisser Manuela,Educación,En comisión,2024-04-18,,888,"EL H.C.D. EXPRESA SU PREOCUPACIÓN POR LOS DICHOS DEL PORTAVOZ PRESIDENCIAL, SOBRE EL PROYECTO QUE ENVIARÁ EL PODER EJECUTIVO CON REFORMAS DE LA LEY DE EDUCACIÓN NACIONAL."
00147-2024-HCD,2024-04-12,RES - Resolución,Bloque Unión X La Patria,Schuppisser Manuela,Educación,Archivado,2024-04-18,,888,EL H.C.D. EXPRESA SU PREOCUPACIÓN POR LOS DICHOS DEL DIPUTADO NACIONAL ALBERTO BENEGAS LYNCH.-
00179-2024-HCD,2024-04-12,DEC - Decreto,Bloque Unión X La Patria,Bartolini Mateo (mandato cumplido),Otros,Archivado,2024-04-18,,888,DISPONIENDO LA HABILITACIÓN DEL PATIO UBICADO EN LA PLANTA BAJA QUE CONECTA CON EL EDIFICIO HISTÓRICO MUNICIPAL PARA UTILIZARLO COMO ZONA DE DESCANSO Y ÁREA DE FUMADORES.
00157-2024-HCD,2024-04-12,ORD - Ordenanza,Bloque Unión X La Patria,Bartolini Mateo (mandato cumplido),Turismo,Archivado,2024-04-18,,888,CREANDO EL ENTE MIXTO DE TURISMO DE SAN ISIDRO.-
00178-2024-HCD,2024-04-12,ORD - Ordenanza,Bloque Unión X La Patria,Bartolini Mateo (mandato cumplido),Turismo,Sancionado,2024-04-18,2024-09-11,146,CREANDO UNA ESTRATEGIA DE TURISMO GASTRONÓMICO LOCAL
00164-2024-HCD,2024-04-12,RES - Resolución,La Libertad Avanza,Feldtmann Maria Ines,Declaración de Interes,Archivado,2024-04-18,2024-04-25,7,"EL H.C.D. DECLARA DE INTERÉS LA ""DIPLOMATURA EN CULTURA ARGENTINA"" DEL INSTITUTO DE CULTURA CUDES, QUE CELEBRA SU 10° ANIVERSARIO."
00172-2024-HCD,2024-04-12,RES - Resolución,Bloque Unión X La Patria,Schuppisser Manuela,Declaración de Interes,Sancionado,2024-04-18,2024-04-25,7,"EL H.C.D. DECLARA DE INTERÉS EL PROYECTO ""VOCES UNIDAS CONTRA EL BULLYING: UN PUENTE TRASOCEÁNICO DE HISTORIAS Y SOLUCIONES"" DEL CÍRCULO ITALIANO RAÍCES SARDAS BUENOS AIRES NORTE - SEDE SAN ISIDRO.-"
00155-2024-HCD,2024-04-12,RES - Resolución,Bloque Unión X La Patria,Bartolini Mateo (mandato cumplido),Declaración de Interes,Archivado,2024-04-18,2024-04-25,7,"EL H.C.D. DECLARA DE INTERÉS LA ONG ""ARTE Y ESPERANZA"""
00153-2024-HCD,2024-04-12,ORD - Ordenanza,Bloque Unión X La Patria,Bartolini Mateo (mandato cumplido),Parques y Plazas,Sancionado,2024-04-18,2024-04-23,5,"IMPLEMENTANDO UN PLAN DE URGENCIA PARA LA PUESTA EN VALOR DE LA RESERVA NATURAL MUNICIPAL ""REFUGIO EDUCATIVO DE LA RIBERA NORTE""."
00183-2024-HCD,2024-04-25,RES - Resolución,Bloque Unión X La Patria,Diaz Marcos,Repudio,Archivado,2024-05-03,,873,EL H.C.D. REPUDIA EL DESMEDIDO Y VIOLENTO ACCIONAR POLICIAL CONTRA UN VENDEDOR AMBULANTE EN EL CENTRO DE SAN ISIDRO
00193-2024-HCD,2024-04-25,RES - Resolución,Bloque Unión X La Patria,Schuppisser Manuela,Declaración,Archivado,2024-05-03,,873,"DECLARANDO EL 02 DE MAYO DE CADA AÑO COMO EL ""DÍA MUNICIPAL DE LUCHA CONTRA EL ACOSO ESCOLAR"".-"
00197-2024-HCD,2024-04-25,DEC - Decreto,Bloque Unión X La Patria,Bartolini Mateo (mandato cumplido),Pedido de informes,Archivado,2024-05-03,,873,CONVOCANDO AL DEPARTAMENTO EJECUTIVO PARA QUE POR INTERMEDIO DE LA JEFATURA DE GABINETE BRINDE UN AMPLIO INFORME EN RELACIÓN A LOS PRIMEROS SEIS MESES DE GESTIÓN AL HCD.
00196-2024-HCD,2024-04-25,ORD - Ordenanza,Bloque Bloque FR - Unión X La Patria,Rivadulla Estefania,Arbolado Público,Archivado,2024-05-03,,873,PLANTACIÓN DE ÁRBOLES EN ACERAS
00191-2024-HCD,2024-04-25,ORD - Ordenanza,Bloque Pro San Isidro,Martinez Gabriela (mandato cumplido),ORDENANZA FISCAL,Sancionado,2024-05-03,2024-06-13,41,"PUBLICANDO EL EL DETALLE DE LOS BENEFICIOS Y EXENCIONES VIGENTES EN LA ORDENANZA FISCAL PARA LAS PERSONAS CON DISCAPACIDAD, EN EL MENÚ CORRESPONDIENTE AL PORTAL WEB DE LA AGENCIA DE RECAUDACIÓN DE SAN ISIDRO."
00188-2024-HCD,2024-04-25,RES - Resolución,Bloque Pro San Isidro,Martinez Gabriela (mandato cumplido),Repudio,Archivado,2024-05-03,2024-05-23,20,EL H.C.D. EXPRESA SU REPUDIO A LA INEFICIENTE PROTECCIÓN DE NIÑOS Y JÓVENES FRENTE A LAS ACTIVIDADES DE JUEGOS DE APUESTAS ONLINE Y A LA FALTA DE RESPONSABILIDAD DEL ESTADO Y LAS EMPRESAS GENERADORAS.
00187-2024-HCD,2024-04-25,ORD - Ordenanza,Bloque Unión X La Patria,Schuppisser Manuela,Derechos Humanos y Género,Sancionado,2024-05-03,2024-05-20,17,"APLICANDO LAS CAPACITACIONES EN RELACIÓN A LO ESTABLECIDO POR ""LEY MICAELA BONAERENSE N° 15.134"
00202-2024-HCD,2024-04-25,DEC - Decreto,Bloque Unión X La Patria,Schuppisser Manuela,Derechos Humanos y Género,Sancionado,2024-05-03,2024-05-20,17,"APLICANDO LAS CAPACITACIONES EN RELACIÓN A LO ESTABLECIDO POR ""LEY MICAELA BONAERENSE N° 15.134"""
00205-2024-HCD,2024-04-26,ORD - Ordenanza,Bloque Unión X La Patria,Schuppisser Manuela,Educación,Archivado,2024-05-03,,873,"CREANDO EL ""PROGRAMA MUNICIPAL DE CONCIENTIZACIÓN, PREVENCIÓN E INFORMACIÓN SOBRE ACOSO ESCOLAR"".-"
00227-2024-HCD,2024-04-26,ORD - Ordenanza,Bloque Unión X La Patria,Diaz Marcos,Calles,Archivado,2024-05-03,,873,CREANDO EL PROGRAMA MUNICIPAL DE REPARACIÓN DE VEREDAS.-
00233-2024-HCD,2024-04-26,RES - Resolución,Bloque Convocación por San Isidro,Ocampo Juan Bautista,Declaración de Interes,Archivado,2024-05-03,,873,DECLARANDO DE INTERÉS EL PROGRAMA DE FORTALECIMIENTO INSTITUCIONAL.
00234-2024-HCD,2024-04-26,RES - Resolución,,,Declaración de Interes,Archivado,2024-05-03,,873,"DECLARANDO DE INTERÉS MUNICIPAL LA LABOR SOCIAL Y COMUNITARIA REALIZADA POR LA ORGANIZACIÓN SIN FINES DE LUCRO ""TECHO""."
00218-2024-HCD,2024-04-26,,Bloque Unión X La Patria,Schuppisser Manuela,Otros,Archivado,2024-05-03,,873,"S/ INTERVENIR ANTE LAS EMPRESAS AYSA, EDENOR Y NATURGY S.A. PARA QUE SE APLIQUE LA TARIFA SOCIAL DE LOS SERVICIOS DE LOS CLUBES DE BARRIO, BIBLIOTECAS, CENTROS DE JUBILADOS Y DEMÁS ENTIDADES DE TRABAJO SOCIAL, COMUNITARIO Y DEPORTIVO DEL PARTIDO"
00207-2024-HCD,2024-04-26,RES - Resolución,La Libertad Avanza,Feldtmann Maria Ines,Declaración de Interes,Archivado,2024-05-03,,873,"EL H.C.D. DECLARA DE INTERÉS EL DOCUMENTAL ""1982: LA GESTA""."
00215-2024-HCD,2024-04-26,RES - Resolución,Bloque Unión X La Patria,Bartolini Mateo (mandato cumplido),Declaración,Archivado,2024-05-03,,873,EL H.C.D. SOLICITA EL PRONTO TRATAMIENTO Y SANCIÓN DEL PROYECTO DE LEY PRESENTADO EN EL CONGRESO NACIONAL PARA GARANTIZAR EL CUMPLIMIENTO DE LA CARTA ORGÁNICA DEL BANCO NACIÓN.
00232-2024-HCD,2024-04-26,ORD - Ordenanza,Bloque Unión X La Patria,Diaz Marcos,Comercios e Industrias,Archivado,2024-05-03,,873,CREANDO EL PROGRAMA DE EMPRENDEDORES Y MICROEMPRENDEDORES DE SAN ISIDRO (PEMSI).
00230-2024-HCD,2024-04-26,ORD - Ordenanza,Bloque Unión X La Patria,Diaz Marcos,Salud Pública,En comisión,2024-05-03,2024-06-13,41,CREANDO UNA CAMPAÑA PREVENTIVA DISEÑADA PARA CONCIENCIAR SOBRE LOS RIESGOS ASOCIADOS AL JUEGO EN LÍNEA.
00214-2024-HCD,2024-04-26,DEC - Decreto,Bloque Unión X La Patria,Bartolini Mateo (mandato cumplido),Presupuesto,Sancionado,2024-05-03,2024-06-13,41,CONVOCANDO AL DIRECTOR DE LA SEDE REGIONAL NORTE DE LA UNIVERSIDAD DE BUENOS AIRES Y A LA RECTORA DE LA UNIVERSIDAD NACIONAL SCALABRINI ORTÍZ A EXPONER ANTE ESTE HONORABLE CUERPO LA SITUACIÓN PRESUPUESTARIA DE AMBAS INSTITUCIONES.
00204-2024-HCD,2024-04-26,RES - Resolución,Bloque Cambia San Isidro,Alvarado Guido,Declaración,Sancionado,2024-05-03,2024-05-23,20,EL H.C.D. EXPRESA PREOCUPACIÓN POR LA FALTA DE ACTUALIZACIÓN DE LOS VALORES DE LAS PRESTACIONES COMPRENDIDAS EN LOS PROGRAMAS PROVINCIALES SAE Y MESA.
00208-2024-HCD,2024-04-26,,La Libertad Avanza,Feldtmann Maria Ines,Semáforos,Sancionado,2024-05-03,2024-05-07,4,"S/ LA COLOCACIÓN DE SEMÁFOROS CON BOTÓN PULSADOR EN LAS INTERSECCIONES DE LA CALLE CAMINO REAL MORÓN Y SARRATEA, Y CAMINO REAL MORÓN Y JUNÍN, DE LA CIUDAD DE BOULOGNE."
00231-2024-HCD,2024-04-26,RES - Resolución,Bloque Unión X La Patria,Diaz Marcos,Salud Pública,Archivado,2024-05-03,2024-04-23,-10,EL H.C.D. EXPRESA SU PREOCUPACIÓN POR EL AUMENTO DE LAS APUESTAS ONLINE DE PREADOLESCENTES Y ADOLESCENTES.
00253-2024-HCD,2024-05-07,,La Libertad Avanza San Isidro Libre,Alberto Montes,Semáforos,Archivado,2024-05-17,,859,"S/ LA COLOCACION DE UN SEMAFORO EN LA INTERSECCION DE LA AV. ANDRES ROLON Y LA CALLE TRES DE FEBRERO, DE ESTE PARTIDO."
00240-2024-HCD,2024-05-08,ORD - Ordenanza,Bloque Unión X La Patria,Schuppisser Manuela,Derechos Humanos y Género,Archivado,2024-05-17,,859,CREANDO EL OBSERVATORIO DE SEGUIMIENTOS DE CASOS DE VIOLENCIA INSTITUCIONAL.-
00239-2024-HCD,2024-05-08,RES - Resolución,Bloque UCR - Juntos San Isidro,Cuello Juliana (mandato cumplido),Declaración,En comisión,2024-05-17,,859,EL H.C.D. EXPRESA PREOCUPACIÓN POR LA FALTA DE DISTINTAS COBERTURAS Y PRESTACIONES POR PARTE DE I.O.M.A. Y SOLICITA A LAS AUTORIDADES COMPETENTES ASIGNAR RECURSO QUE PERMITAN RESTABLECER LOS SERVICIOS DE ESTA OBRA SOCIAL
00248-2024-HCD,2024-05-09,DEC - Decreto,Bloque Unión X La Patria,Bartolini Mateo (mandato cumplido),Honorable Concejo Deliberante,En comisión,2024-05-17,,859,DISPONIENDO LAS MODIFICACIONES PERTINENTES DEL REGLAMENTO INTERNO Y ORGANIZACIÓN INTERNA DEL H.C.D. PARA QUE EN EL INICIO DE TODAS LAS SESIONES SEA OBLIGATORIO ENTONAR LAS ESTROFAS DEL HIMNO NACIONAL ARGENTINO.
00249-2024-HCD,2024-05-09,ORD - Ordenanza,Bloque Unión X La Patria,Bartolini Mateo (mandato cumplido),ORDENANZA IMPOSITIVA,Archivado,2024-05-17,,859,"MODIFICANDO LOS VALORES DEL COEFICIENTE DE MAYOR SUPERFICIE DE LA VALUACIÓN FISCAL DE LA TASA DE ALUMBRADO, BARRIDO Y LIMPIEZA DE LA ORDENANZA IMPOSITIVA."
00242-2024-HCD,2024-05-09,RES - Resolución,Bloque Unión X La Patria,Schuppisser Manuela,Honorable Concejo Deliberante,Archivado,2024-05-17,,859,"ESTABLECIENDO QUE EL DÍA 17 DE MAYO DE CADA AÑO, SE ILUMINE LA FACHADA DE ESTE HONORABLE CONCEJO DELIBERANTE CON LOS COLORES DEL ARCOIRIS CORRESPONDIENTES AL ""DÍA INTERNACIONAL CONTRA LA HOMOFOBIA, TRANSFOBIA Y BIFOBIA."""
00247-2024-HCD,2024-05-09,DEC - Decreto,Bloque Unión X La Patria,Bartolini Mateo (mandato cumplido),Honorable Concejo Deliberante,En comisión,2024-05-17,2024-07-11,55,"DISPONIENDO INCLUIR EN EL SITIO WEB DEL H.C.D. UNA SECCIÓN DONDE SE INFORME SOBRE LA HISTORIA, EL PATRIMONIO ARQUITECTÓNICO Y CULTURAL, EL VALOR SOCIAL Y EL ORIGEN DEL TÉRMINO ""HONORABLE""."
00244-2024-HCD,2024-05-09,RES - Resolución,Bloque UCR - Juntos San Isidro,Cuello Juliana (mandato cumplido),Reconocimiento,Archivado,2024-05-17,2024-05-23,6,"EL H.C.D. DE SAN ISIDRO EXPRESA SU MÁS SINCERO RECONOCIMIENTO Y FELICITACIÓN AL ""COLEGIO SAN CAYETANO"" POR CUMPLIRSE 60 AÑOS DE SU FUNDACIÓN."
00256-2024-HCD,2024-05-10,ORD - Ordenanza,Bloque Bloque FR - Unión X La Patria,Meca Federico,Comercios e Industrias,Archivado,2024-05-17,,859,"CREANDO EL PROGRAMA MUNICIPAL ""SAN ISIDRO EMPRENDE"
00261-2024-HCD,2024-05-10,RES - Resolución,Bloque Pro San Isidro,Martinez Gabriela (mandato cumplido),Declaración,Archivado,2024-05-17,,859,EL H.C.D. EXPRESA SU PREOCUPACIÓN POR LAS AMENAZAS DE EDGARDO LLANO QUE TUVIERON COMO DESTINATARIOS A VARIOS SENADORES NACIONALES.
00258-2024-HCD,2024-05-10,RES - Resolución,La Libertad Avanza,Feldtmann Maria Ines,Declaración de Interes,Sancionado,2024-05-17,2024-07-11,55,"EL H.C.D. DECLARA DE INTERÉS EL ""COMPROMISO DE MAYO"" DE LA ASOCIACIÓN DE EMPRENDEDORES DE ARGENTINA (ASEA) QUE PROPONE LA CREACIÓN DE UN MILLÓN DE NUEVOS PUESTOS DE TRABAJO."
00276-2024-HCD,2024-05-13,DEC - Decreto,Bloque Unión X La Patria,Bartolini Mateo (mandato cumplido),Honorable Concejo Deliberante,Archivado,2024-05-17,,859,CONVOCANDO A EXPONER ANTE ESTE CUERPO A LA ASOCACIÓN ARGENTINA DE KITE.
00275-2024-HCD,2024-05-13,ORD - Ordenanza,Bloque Unión X La Patria,Schuppisser Manuela,Deportes,Archivado,2024-05-17,,859,"CREANDO EL PROGRAMA DE ""CORREDORES EDUCATIVOS SEGUROS PARA CAMPOS DE DEPORTE""."
00281-2024-HCD,2024-05-13,ORD - Ordenanza,Bloque Unión X La Patria,Diaz Marcos,Obras Particulares,Archivado,2024-05-17,,859,COLOCANDO TENDIDO DE FIBRA ÓPTICA EN EL BARRIO SAN ISIDRO (BASI).
00268-2024-HCD,2024-05-13,RES - Resolución,La Libertad Avanza,Feldtmann Maria Ines,Repudio,Archivado,2024-05-17,,859,"EL H.C.D. EXPRESA SU ENÉRGICO REPUDIO Y MANIFIESTA PREOCUPACIÓN POR LAS AMENAZAS, INSULTOS Y VIOLENCIA POR PARTE DE UNA MILITANTE DE UNIÓN POR LA PATRIA A LA PERIODISTA PAULA BERNINI."
00279-2024-HCD,2024-05-13,ORD - Ordenanza,Bloque Unión X La Patria,Diaz Marcos,Salud Pública,Archivado,2024-05-17,,859,"CREANDO EL PROGRAMA ""SAN ISIDRO LIBRE DE GLUTEN""."
00271-2024-HCD,2024-05-13,RES - Resolución,Bloque Unión X La Patria,Schuppisser Manuela,Declaración,Archivado,2024-05-17,,859,"EL H.C.D. MANIFIESTA SU PREOCUPACIÓN ANTE EL PROYECTO ""LEY BASES Y PUNTOS DE PARTIDA PARA LA LIBERTAD DE LOS ARGENTINOS""."
00284-2024-HCD,2024-05-13,RES - Resolución,Bloque Cambia San Isidro,Alvarado Guido,Beneplácito,Archivado,2024-05-17,,859,"EL H.C.D. EXPRESA SU BENEPLÁCITO POR LA REALIZACIÓN DE LA ""DIPLOMATURA EN NEUROPSICOGERONTOLOGÍA APLICADA"" QUE TENDRÁ LUGAR EN LA UNIVERSIDAD DE SAN ISIDRO.-"
00273-2024-HCD,2024-05-13,RES - Resolución,Bloque Unión X La Patria,Schuppisser Manuela,Repudio,Sancionado,2024-05-17,,859,EL H.C.D. EXPRESA SU PROFUNDA PREOCUPACIÓN ANTE LOS CRÍMENES Y DISCURSOS DE ODIO QUE ATENTAN CONTRA EL BIENESTAR DE LA COMUNIDAD LGBTI+.-
00274-2024-HCD,2024-05-13,DEC - Decreto,Bloque Convocación por San Isidro,Riganti Catalina,Honorable Concejo Deliberante,Archivado,2024-05-17,2024-05-23,6,"IMPLEMENTANDO EN EL H.C.D. EL PROGRAMA DE ""H.C.D. SUSTENTABLE""."
00267-2024-HCD,2024-05-13,RES - Resolución,Bloque Pro San Isidro,Martinez Gabriela (mandato cumplido),Reconocimiento,Archivado,2024-05-17,2024-05-23,6,"EL H.C.D. FELICITA A LA ORGANIZACIÓN DE VOLUNTARIAS COMPROMETIDAS EN EL ACOMPAÑAMIENTO A LA COMUNIDAD HOSPITALARIA ""DAMAS ROSADAS"" POR SUS 65 AÑOS DE INVALUABLE LABOR."
00283-2024-HCD,2024-05-13,DEC - Decreto,Bloque Convocación por San Isidro,Ocampo Juan Bautista,Declaración de Interes,Archivado,2024-05-17,2024-05-23,6,"EL H.C.D. DECLARA DE INTERÉS EL LABOR QUE LLEVA A CABO LA ORGANIZACIÓN SIN FINES DE LUCRO ""LAS LOMAS ORAL""."
4474-2024-S,2024-05-20,ORD - Ordenanza,Ejecutivo,Ejecutivo,Donación,Sancionado,2024-05-17,2024-06-13,27,"DONACION DE PIEZAS ARQUEOLÓGICAS DEL MUSEO DE LA RECONQUISTA AL MUSEO, BIBLIOTECA Y ARCHIVO HISTÓRICO DR. HORACIO BECCAR VARELA."
00311-2024-HCD,2024-05-28,ORD - Ordenanza,Bloque Unión X La Patria,Diaz Marcos,Adhesión,En comisión,2024-06-06,,839,"ADHIRIENDO A LA LEY NACIONAL N°27.709 DENOMINADA ""LEY LUCIO""."
00314-2024-HCD,2024-05-28,ORD - Ordenanza,Bloque Unión X La Patria,Diaz Marcos,Salud Pública,Archivado,2024-06-06,,839,CREANDO UN PROGRAMA INTEGRAL DE SALUD MENTAL ESPECIALIZADO EN ADICCIONES.
00299-2024-HCD,2024-05-28,RES - Resolución,Bloque Bloque FR - Unión X La Patria,Meca Federico,Seguridad,Archivado,2024-06-06,,839,"DECLARANDO LA EMERGENCIA SOCIAL, ECONÓMICA Y EN MATERIA DE SEGURIDAD EN LOS BARRIOS POPULARES DEL PARTIDO."
00307-2024-HCD,2024-05-28,RES - Resolución,Bloque Unión X La Patria,Schuppisser Manuela,Declaración,Archivado,2024-06-06,,839,"EL H.C.D. DE SAN ISIDRO MANIFIESTA SU PREOCUPACIÓN POR EL ACTO REINVINDICATORIO DEL ACCIONAR DE LA MARINA, EN EL MARCO DEL DÍA DE LA ARMADA LLEVADO A CABO EN LA EX ESMA POR EGRESADOS DE LA ESCUELA MECÁNICA DE LA ARMADA."
00305-2024-HCD,2024-05-28,RES - Resolución,Bloque Unión X La Patria,Sarmiento Celia (mandato cumplido),Declaración,Archivado,2024-06-06,,839,EL H.C.D. DE SAN ISIDRO MANIFIESTA SU PREOCUPACIÓN ANTE LA MODIFICACIÓN ESTABLECIDA EN EL ARTÍCULO 1 DE LA RESOLUCIÓN N° 67/2024 DEL EJECUTIVO NACIONAL.
00329-2024-HCD,2024-05-30,ORD - Ordenanza,Bloque Unión X La Patria,Bartolini Mateo (mandato cumplido),Otros,Archivado,2024-06-06,,839,"REFORMANDO LOS TRIBUTOS MUNICIPALES DE ESPECTÁCULOS, A ESCALA DE LOS MEGA FESTIVALES Y RECITALES QUE EL DISTRITO PUEDE RECIBIR."
00324-2024-HCD,2024-05-30,DEC - Decreto,Bloque Unión X La Patria,Sarmiento Celia (mandato cumplido),Honorable Concejo Deliberante,Archivado,2024-06-06,,839,ESTABLECIENDO UN CRONOGRAMA EN EL CUAL EL JEFE DE GABINETE CONCURRA A ESTA HONORABLE CASA EN UN LAPSO QUE NO SUPERE LOS 4 MESES ENTRE CADA VISITA.
00326-2024-HCD,2024-05-30,DEC - Decreto,Bloque Unión X La Patria,Sarmiento Celia (mandato cumplido),Honorable Concejo Deliberante,Archivado,2024-06-06,,839,ESTABLECIENDO UN CRONOGRAMA EN EL CUAL LOS SECRETARIOS DEL DEPARTAMENTO EJECUTIVO CONCURRAN A ESTA HONORABLE CASA EN UN LAPSO QUE NO SUPERE LOS 4 MESES ENTRE CADA VISITA.
00327-2024-HCD,2024-05-30,RES - Resolución,Bloque Unión X La Patria,Sarmiento Celia (mandato cumplido),Repudio,Archivado,2024-06-06,,839,EL HONORABLE CONCEJO DELIBERTANTE EXPRESA SU REPUDIO POR EL ANUNCIO DEL RECORTE DE PERSONAL DEL INSTITUTO NACIONAL DE TECNOLOGÍA INDUSTRIAL (INTI).-
00322-2024-HCD,2024-05-30,ORD - Ordenanza,Bloque Unión X La Patria,Sarmiento Celia (mandato cumplido),Arbolado Público,En comisión,2024-06-06,,839,CREANDO EL REGISTRO ÚNICO DE PODADORES URBANOS.
00328-2024-HCD,2024-05-30,ORD - Ordenanza,Bloque Unión X La Patria,Bartolini Mateo (mandato cumplido),Otros,Archivado,2024-06-06,,839,DISPONIENDO LA OBLIGATORIEDAD DE EMITIR LAS FACTURAS DE LAS TASAS MUNICIPALES EN FORMA MENSUAL.
00321-2024-HCD,2024-05-30,RES - Resolución,La Libertad Avanza,Feldtmann Maria Ines,Declaración,Sancionado,2024-06-06,2024-09-26,112,"DECLARANDO COMO ""PERSONALIDAD DESTACADA DEL PARTIDO DE SAN ISIDRO"" A LA EDITORA ADRIANA HIDALGO SOLÁ POR SU DESTACADA LABOR EDITORIAL Y APORTE A LA CULTURA Y LITERATURA NACIONAL."
00334-2024-HCD,2024-05-30,RES - Resolución,Bloque Bloque FR - Unión X La Patria,Meca Federico,Declaración,Sancionado,2024-06-06,2024-07-30,54,DECLARANDO PAISAJE PROTEGIDO MUNICIPAL AL PARQUE PÚBLICO GOLF DE VILLA ADELINA.-
00333-2024-HCD,2024-05-30,RES - Resolución,Bloque Bloque FR - Unión X La Patria,Meca Federico,Declaración,Archivado,2024-06-06,2024-06-25,19,"DECLARANDO ""ARBOL POTREGIDO MUNICIPAL "" AL ARBOLADO QUE INTEGRA EL PARQUE PUBLICO GOLF DE VILLA ADELINA."
00317-2024-HCD,2024-05-30,RES - Resolución,Bloque Unión X La Patria,Schuppisser Manuela,Beneplácito,Archivado,2024-06-06,2024-06-13,7,"EL H.C.D DE SAN ISIDRO EXPRESA SU BENEPLACITO Y CONGRATULACIONES POR LA REALIZACION DE LAS ELECCIONES EN EL CENTRO DE ESTUDIANTES DE LA ESCUELA MEDIA N° 8 ""DR. ANTONIO SAGARNA""."
00349-2024-HCD,2024-05-31,RES - Resolución,La Libertad Avanza,Feldtmann Maria Ines,Educación,Archivado,2024-06-06,,839,EL H.C.D. EXPRESA SU PREOCUPACIÓN POR LOS EPISODIOS DE ADOCTRINAMIENTO EN ESCUELAS DEL PARTIDO.
00346-2024-HCD,2024-05-31,RES - Resolución,Bloque Unión X La Patria,Schuppisser Manuela,Declaración,Archivado,2024-06-06,,839,EL H.C.D. EXPRESA SU PROFUNDA PREOCUPACIÓN POR LA CRISIS ALIMENTARIA QUE GENERAN LAS POLÍTICAS DE AJUSTE EN LOS COMEDORES COMUNITARIOS DEL MUNICIPIO.
00344-2024-HCD,2024-05-31,RES - Resolución,Bloque Unión X La Patria,Schuppisser Manuela,Derechos Humanos y Género,Archivado,2024-06-06,,839,"DECLARANDO DE INTERÉS DEL H.C.D. EL DÍA 28 DE MAYO COMO EL ""DÍA INTERNACIONAL DE ACCIÓN POR LA SALUD DE LAS MUJERES Y DISIDENCIAS SEXOGENÉRICAS""."
00357-2024-HCD,2024-06-03,RES - Resolución,Bloque Cambia San Isidro,Alvarado Guido,Declaración,Archivado,2024-06-06,2025-06-19,378,EL H.C.D. MANIFIESTA PREOCUPACIÓN POR EL RETRASO POR PARTE DEL INSTITUTO DE PREVISIÓN SOCIAL DE LA PROV. DE BS. AS. EN LA APLICACIÓN DE LOS AJUSTES EN LOS HABERES DE LOS JUBILADOS Y PENSIONADOS DEL MUNICIPIO.
01551-2024-S,2024-06-03,DEC - Decreto,Ejecutivo,Ejecutivo,Donación,Sancionado,2024-06-06,2024-06-13,7,DONACION A LA POLICÍA DE LA PROVINCIA DE BUENOS AIRES.
02788-2024-D CUERPOS 0 2 3,2024-06-03,ORD - Ordenanza,Ejecutivo,Ejecutivo,Licitacion,Sancionado,2024-06-06,2024-06-13,7,"SUMINISTRO ""IMPLEMENTACIÓN Y MANTENIMIENTO DE LICENCIAS EN PLATAFORMA DE ATENCIÓN""."
00335-2024-HCD,2024-06-07,,Bloque Bloque FR - Unión X La Patria,Meca Federico,Deportes,Sancionado,2024-06-06,2024-06-11,5,S/ LA REPARACIÓN Y/O ACONDICIONAMIENTO DE LAS PILETAS CLIMATIZADAS DE LOS CAMPOS DE DEPORTES N° 1 DE LA CIUDAD DE BECCAR Y N° 2 DE LA CIUDAD DE BOULOGNE.
00392-2024-HCD,2024-06-13,ORD - Ordenanza,La Libertad Avanza,Feldtmann Maria Ines,Salud Pública,Archivado,2024-06-24,,821,"CREANDO EL PROGRAMA ""CAMINO DE LA EMBARAZADA""."
00390-2024-HCD,2024-06-13,ORD - Ordenanza,Bloque Unión X La Patria,Schuppisser Manuela,Veredas,Archivado,2024-06-24,,821,"REALIZANDO LA REPARACIÓN DE LA VEREDA SOBRE LA CALLE NEUQUÉN, ENTRE LAS CALLES INT. LINIERS E INT. TOMKINSON, DE LA CIUDAD DE SAN ISIDRO."
00402-2024-HCD,2024-06-13,RES - Resolución,Bloque Unión X La Patria,Sarmiento Celia (mandato cumplido),Declaración,Archivado,2024-06-24,,821,EL H.C.D. EXPRESA SU REPUDIO A LA REPRESIÓN EJERCIDA DE PARTE DE LAS FUERZAS NACIONALES DE SEGURIDAD CONTRA QUIENES MANIFESTARON EL MIÉRCOLES 12 DE JUNIO DE 2024.
00393-2024-HCD,2024-06-13,ORD - Ordenanza,La Libertad Avanza,Feldtmann Maria Ines,Asistencia Social,Archivado,2024-06-24,,821,CREANDO EL PROGRAMA INTEGRAL DE ACOMPAÑAMIENTO FAMILIAR.
00406-2024-HCD,2024-06-13,RES - Resolución,La Libertad Avanza,Feldtmann Maria Ines,Repudio,Archivado,2024-06-24,,821,EL H.C.D. EXPRESA SU REPUDIO A LA VIOLENCIA DESMEDIDA Y ACTOS VANDÁLICOS PERPETRADOS POR LOS MANIFIESTANTES DURANTE EL TRATAMIENTO DE LA LEY BASES Y PUNTOS DE PARTIDA PARA LA LIBERTAD DE LOS ARGENTINOS EN EL HONORABLE SENADO DE LA NACIÓN.
00398-2024-HCD,2024-06-13,ORD - Ordenanza,Bloque Unión X La Patria,Diaz Marcos,Calles,En comisión,2024-06-24,,821,"MODIFICANDO EN TODO SU RECORRIDO EL ACTUAL NOMBRE DE LA CALLE TTE. GRAL. PEDRO EUGENIO ARAMBURU, DE LA CIUDAD DE MARTÍNEZ, POR EL NOMBRE ""PTE. RAÚL ALFONSÍN""."
00381-2024-HCD,2024-06-13,RES - Resolución,Bloque Pro San Isidro,Martinez Gabriela (mandato cumplido),Educación,En comisión,2024-07-18,,797,"EL H.C.D. EXPRESA SU PREOCUPACIÓN ANTE LA REFORMA AS. QUE PROPONE LA ELIMINACIÓN DE LA ""REPITENCIA"" EN LAS ESCUELAS SECUNDARIAS."
00404-2024-HCD,2024-06-13,RES - Resolución,La Libertad Avanza,Feldtmann Maria Ines,Educación,En comisión,2024-07-18,,797,EL H.C.D. EXPRESA SU REPUDIO AL NUEVO RÉGIMEN ACADÉMICO ANUNCIADO POR EL GOBIERNO DE LA PROV. DE BS. AS. PARA LA ESCUELA SECUNDARIA
00377-2024-HCD,2024-06-13,ORD - Ordenanza,Bloque Unión X La Patria,Schuppisser Manuela,Salud Pública,Sancionado,2024-06-24,2025-09-24,457,"CREANDO LA CAMPAÑA ""INDETECTABLE=INTRANSMISIBLE""."
00396-2024-HCD,2024-06-13,ORD - Ordenanza,Bloque Unión X La Patria,Diaz Marcos,Comercios e Industrias,Sancionado,2024-06-24,2024-09-11,79,CREANDO EL PROGRAMA DE PROMOCIÓN DE LA ACTIVIDAD GASTRONÓMICA DE SAN ISIDRO
00382-2024-HCD,2024-06-13,,Bloque Pro San Isidro,Viveka Nyborg Andersen,Higiene Urbana,Sancionado,2024-06-24,2024-06-25,1,"SOLICITANDO LA LIMPIEZA Y PUESTA EN VALOR DEL PASEO DE LOS PARAÍSOS, EL PASEO EL TALA Y EL PASEO DE LOS TRES OMBÚES, DE LA CIUDAD DE SAN ISIDRO."
00437-2024-HCD,2024-06-28,RES - Resolución,La Libertad Avanza,Feldtmann Maria Ines,Declaración,Sancionado,2024-07-04,,811,EL H.C.D. EXPRESA SU BENEPLÁCITO POR LA SANCIÓN DE LA LEY DE BASES Y PUNTOS DE PARTIDA PARA LA LIBERTAD DE LOS ARGENTINOS.
00449-2024-HCD,2024-06-28,ORD - Ordenanza,Bloque Unión X La Patria,Schuppisser Manuela,Adhesión,Archivado,2024-07-04,,811,"ADHIRIENDO A LA LEY PROVINCIAL N° 15.302 QUE ESTABLECE DISPSICIONES GENERALES RESPECTO DEL FUNCIONAMIENTO DE SALAS DE TEATRO, CENTROS CULTURALES Y ESPACIOS CULTURALES ALTERNATIVOS EN LA PROVINCIA DE BUENOS AIRES."
00430-2024-HCD,2024-06-28,ORD - Ordenanza,La Libertad Avanza,Feldtmann Maria Ines,Arbolado Público,Archivado,2024-07-04,,811,DECLARANDO DE INTERÉS LA CONSERVACIÓN Y RECUPERACIÓN DEL ARBOLADO URBANO DEL PARTIDO DE SAN ISIDRO.-
00417-2024-HCD,2024-06-28,DEC - Decreto,Bloque Unión X La Patria,Sarmiento Celia (mandato cumplido),Educación,Archivado,2024-07-04,,811,"CONVOCANDO A LOS COLEGIOS E INSTITUCIONES EDUCATIVAS DEL DISTRITO A PARTICIPAR DE LA EXPOSICIÓN FOTOGRÁFICA ""PATAGONIA, EL CAMINO DEL AGUA""."
00414-2024-HCD,2024-06-28,RES - Resolución,Bloque Unión X La Patria,Sarmiento Celia (mandato cumplido),Declaración,Archivado,2024-07-04,,811,"EL H.C.D MANIFIESTA SU PREOCUPACOPN POR EL DESFINANCIAMIENTO DEL PROGRAMA DE PATROCINIO JURIDICO Y ACOMPAÑAMIENTO INTERDISCIPLINARIO PARA NIÑAS, NIÑOS Y ADOLESCENTES VICTIMAS DE ABUSO SEXUAL (PATROCINAR)."
00415-2024-HCD,2024-06-28,RES - Resolución,Bloque Unión X La Patria,Sarmiento Celia (mandato cumplido),Declaración,Archivado,2024-07-04,,811,EL H.C.D MANIFIESTA SU PREOCUPACION Y REPUDIO POR EL DESFINANCIAMIENTO DEL COMITE EJECUTIVO DE LUCHA CONTRA LA TRATA DE PERSONAS.
00424-2024-HCD,2024-06-28,ORD - Ordenanza,Bloque Unión X La Patria,Schuppisser Manuela,Convenios,Archivado,2024-07-04,,811,SUSCRIBIENDO AL CONVENIO DE ADHESION PARA LA IMPLEMENTACION DEL PLAN QUNITA BONAERENSE DEL MINISTERIO DE SALUD DE LA PROVINCIA DE BUENOS AIRES.
03204-2024-S,2024-07-02,ORD - Ordenanza,Ejecutivo,Ejecutivo,Legítimo Abono,Sancionado,2024-07-04,2024-07-11,7,LEGITIMO ABONO
03203-2024-S,2024-07-02,ORD - Ordenanza,Ejecutivo,Ejecutivo,Legítimo Abono,Sancionado,2024-07-04,2024-07-11,7,LEGITIMO ABONO
03202-2024-S,2024-07-02,ORD - Ordenanza,Ejecutivo,Ejecutivo,Legítimo Abono,Sancionado,2024-07-04,2024-07-11,7,LEGITIMO ABONO
02624-2024-S,2024-07-02,ORD - Ordenanza,Ejecutivo,Ejecutivo,Legítimo Abono,Sancionado,2024-07-04,2024-07-11,7,LEGITIMO ABONO
00474-2024-HCD,2024-07-12,ORD - Ordenanza,Bloque Bloque FR - Unión X La Patria,Meca Federico,Otros,Archivado,2024-07-18,,797,ESTABLECIENDO LA OBLIGATORIEDAD PARA EL SECTOR PÚBLICO MUNICIPAL DE IMPLEMENTAR UNA POLÍTICA PÚBLICA DE GOBIERNO ABIERTO.
00502-2024-HCD,2024-07-12,RES - Resolución,Bloque Unión X La Patria,Schuppisser Manuela,Declaración,Archivado,2024-07-18,,797,"EL H.C.D. DECLARA COMO ""PERSONALIDAD DESTACADA DEL PARTIDO DE SAN ISIDRO"" AL SR. HÉCTOR GERMÁN OESTERHELD, VECINO DE LA CIUDAD DE BECCAR, POR SU RECONOCIDA Y VASTA TRAYECTORIA EN LA CULTURA NACIONAL."
00500-2024-HCD,2024-07-12,RES - Resolución,La Libertad Avanza,Feldtmann Maria Ines,Declaración,Sancionado,2024-07-18,,797,EL H.C.D. EXPRESA SU BENEPLÁCITO POR LA FIRMA DEL PACTO DE MAYO EN LA CASA HISTÓRICA DE TUCUMÁN.
00503-2024-HCD,2024-07-12,ORD - Ordenanza,La Libertad Avanza,Debora Ruiz Ceballos,Honorable Concejo Deliberante,Archivado,2024-07-18,,797,CREANDO EL MODELO LEGISLATIVO DEL HONORABLE CONCEJO DELIBERANTE DE SAN ISIDRO.
00466-2024-HCD,2024-07-12,RES - Resolución,Bloque Unión X La Patria,Schuppisser Manuela,Declaración,Archivado,2024-07-18,,797,"EL H.C.D. MANIFIESTA PREOCUPACION POR LA DECISIÓN DEL GOBIERNO NACIONAL DE DESMANTELAR LA CONADI ""COMISIÓN NACIONAL POR EL DERECHO A LA IDENTIDAD"""
00462-2024-HCD,2024-07-12,ORD - Ordenanza,Bloque Unión X La Patria,Sarmiento Celia (mandato cumplido),Tercera Edad,Archivado,2024-07-18,,797,CREANDO LA DEFENSORÍA DE LA PERSONA MAYOR EN EL PARTIDO DE SAN ISIDRO.
00467-2024-HCD,2024-07-12,ORD - Ordenanza,Bloque Unión X La Patria,Schuppisser Manuela,Discapacidad,Archivado,2024-07-18,,797,DISPONIENDO LA OBLIGATORIEDAD DE PRESTAR EL SERVICIO DE INTÉRPRETE DE LENGUAJE DE SEÑAS EN LAS OFICINAS DE ATENCIÓN AL PÚBLICO EN LA MUNICIPALIDAD DE SAN ISIDRO.
00486-2024-HCD,2024-07-12,ORD - Ordenanza,Bloque Unión X La Patria,Diaz Marcos,Transporte,Archivado,2024-07-18,,797,"CREANDO UNA LÍNEA DE COLECTIVOS COMUNAL Y GRATUITA, QUE CONECTE DISTINTOS PUNTOS DEL PARTIDO CON LA COSTANERA DEL RÍO DE LA PLATA."
00498-2024-HCD,2024-07-12,RES - Resolución,Bloque Convocación por San Isidro,Riganti Catalina,Declaración de Interes,Archivado,2024-07-18,,797,EL H.C.D. DECLARA DE INTERÉS LA LABOR QUE LLEVA A CABO LA FUNDACIÓN INICIA.-
00480-2024-HCD,2024-07-12,ORD - Ordenanza,Bloque Unión X La Patria,Sarmiento Celia (mandato cumplido),Discapacidad,Archivado,2024-07-18,,797,ESTABLECINDO QUE EN EL MUNICIPIO DE SAN ISIDRO DEBERÁ CONTAR CON AL MENOS UN/A AGENTE CAPACITADO/A EN LENGUA DE SEÑAS ARGENTINA PARA DISTINTAS ÁREAS DE ATENCIÓN GENERAL AL PÚBLICO.
00489-2024-HCD,2024-07-12,,Bloque Acción Vecinal San Isidro es Distinto - Juntos San Iisdro,Perez Walter Dr.,Otros,Sancionado,2024-07-18,2024-11-14,119,ESTABLECIENDO LA OBLIGATORIEDAD DE PUBLICAR TODAS LAS ENCUESTAS QUE REALICE EL DEPARTAMENTO EJECUTIVO.
00492-2024-HCD,2024-07-12,RES - Resolución,Bloque Acción Vecinal San Isidro es Distinto - Juntos San Iisdro,Giordani Fernanda,Declaración de Interes,Sancionado,2024-07-18,2024-08-15,28,"EL H.C.D. DECLARA DE INTERÉS LAS CATIVIDADES QUE LLEVARÁ ADELANTE LA FUNDACIÓN JUNTOS VAMOS POR MÁS/ FUNDACIÓN CARLOS TEVÉS Y EL ÁREA SOCIAL DE VULCANITAS, PROMOVIENDO EN LOS NIÑOS, NIÑAS Y ADOLESCENTES ""UN DÍA SIN PANTALLAS"""
00464-2024-HCD,2024-07-12,RES - Resolución,Bloque Unión X La Patria,Sarmiento Celia (mandato cumplido),Declaración de Interes,Sancionado,2024-07-18,2024-08-15,28,EL H.C.D. DECLARA DE INTERÉS EL TRABAJO DE LA DIRECCIÓN DE DERECHOS HUMANOS DEL SENADO DE LA PCIA. DE BS. AS.
00473-2024-HCD,2024-07-12,RES - Resolución,Bloque Bloque FR - Unión X La Patria,Rivadulla Estefania,Beneplácito,Sancionado,2024-07-18,2024-08-01,14,"EL H.C.D. EXPRESA SU BENEPLÁCITO A LA SANCIÓN DE LA ""LEY DE ENDOMETRIOSIS""."
00458-2024-HCD,2024-07-12,RES - Resolución,Bloque Unión X La Patria,Schuppisser Manuela,Beneplácito,Sancionado,2024-07-18,2024-08-01,14,EL H.C.D. EXPRESA SU BENEPLÁCITO ANTE LA DECISIÓN DEL GOBIERNO DE LA PCIA. DE BS. AS. DE AMPLIAR EL VADEMÉCUM DE MEDIACAMENTOS OCONCOLÓGICOS.
00491-2024-HCD,2024-07-12,,Bloque Acción Vecinal San Isidro es Distinto - Juntos San Iisdro,Perez Walter Dr.,Otros,Sancionado,2024-07-18,2024-08-01,14,"SOLICITANDO LA REMISION DE UN ORGANIGRAMA COMPLETO DE LA INTEGRACIÓN DE LAS SECRETARÍAS, SUBSECRETARÍAS, DIRECCIONES GENERALES, DIRECCIONES Y ASESORÍAS DEL MUNICIPIO."
00501-2024-HCD,2024-07-12,RES - Resolución,La Libertad Avanza,Debora Ruiz Ceballos,Beneplácito,Sancionado,2024-07-18,2024-08-01,14,EL H.C.D. EXPRESA SU BENEPLÁCITO POR EL LANZAMIENTO DEL PLAN NACIONAL DE ALFABETIZACIÓN.
00497-2024-HCD,2024-07-12,DEC - Decreto,La Libertad Avanza,Feldtmann Maria Ines,Honorable Concejo Deliberante,Sancionado,2024-07-18,2024-08-01,14,ESTABLECIENDO QUE LA FACHADA DEL H.C.D. SEA ILUMINADO DE CESLESTE Y BLANCO EN LOS DIAS PATRIOS.
00499-2024-HCD,2024-07-12,,Bloque Cambia San Isidro,Alvarado Guido,Licencia de conducir,Sancionado,2024-07-18,2024-07-29,11,"S/ LA POSIBILIDAD DE CONTAR CON PERSONAL ESPECIALIZADO PARA LA REALIZACIÓN DE LOS EXÁMENES TEÓRICOS Y PRÁCTICOS, CUANDO LOS SOLICITANTES SEAN PERONAS MAYORES DE 70 AÑOS DE EDAD."
7750-2024-S,2024-07-19,ORD - Ordenanza,,,Adhesión,Sancionado,2024-07-18,2024-08-01,14,RIGI RÉGIMEN DE INCENTIVO PARA GRANDES INVERSIONES
00508-2024-HCD,2024-07-26,,La Libertad Avanza San Isidro Libre,Alberto Montes,Arbolado Público,Sancionado,2024-08-08,2024-08-12,4,"S/ LA PODA Y RALEO EN ALTURA DE LOS ÁRBOLES QUE SE ENCUENTRAN EN LA CALLE AMÉRICA, ENTRE LAS CALLES INT. NEYER Y ADA ELFLEIN, DE LA CIUDAD DE BECCAR."
00526-2024-HCD,2024-08-01,RES - Resolución,Bloque Bloque FR - Unión X La Patria,Meca Federico,Presupuesto,Sancionado,2024-08-08,,776,EL H.C.D. EXPRESA SU PREOCUPACIÓN POR LA FALTA DE RESPUESTAS A LOS PLANTEOS DE PARITARIAS.
00519-2024-HCD,2024-08-01,RES - Resolución,Bloque Unión X La Patria,Schuppisser Manuela,Repudio,Archivado,2024-08-08,,776,"EL H.C.D. EXPRESA SU RECHAZO A LA DECISIÓN DEL PODER EJECUTIVO NACIONAL INSTRUMENTADA POR LA RESOLUCIÓN GENERAL DE LA INSPECCIÓN GENERAL DE JUSTICIA N° 15/2024, QUE HABILITA LA TRANSFORMACIÓN DE LAS ASOCIACIONES CIVILES SIN FINES DE LUCRO EN SOCIEDADES ANÓNIMAS DEPORTIVAS.-"
00525-2024-HCD,2024-08-01,ORD - Ordenanza,Bloque Unión X La Patria,Sarmiento Celia (mandato cumplido),Salud Pública,Archivado,2024-08-08,,776,CREANDO EL PROGRAMA MUNICIPAL DE PREVENCION DEL SUICIDIO EN ADOLESCENTES.
00522-2024-HCD,2024-08-01,RES - Resolución,Bloque Bloque FR - Unión X La Patria,Rivadulla Estefania,Adhesión,Sancionado,2024-08-08,2024-09-12,35,"ADHIRIENDO A LA LEY PROVINCIAL N° 15.491, QUE DA MARCO LEGAL AL TRATAMIENTO DE LA ENFERMEDAD LLAMADA ENDOMETRIOSIS EN EL ÁMBITO DE LA PCIA. DE BS. AS.-"
00546-2024-HCD,2024-08-02,RES - Resolución,Bloque Unión X La Patria,Sarmiento Celia (mandato cumplido),Declaración de Interes,Archivado,2024-08-07,,777,"EL H.C.D. DECLARA DE INTERÉS LA MARCHA ""POR LOS DERECHOS HUMANOS DE AYER Y HOY"" REALIZADA EL PASADO 16 DE MAYO Y LLEVADA ADELANTE POR LA MESA POR LA MEMORIA DE CAMPO DE MAYO"
00557-2024-HCD,2024-08-02,RES - Resolución,Bloque Unión X La Patria,Diaz Marcos,Declaración de Interes,Archivado,2024-08-08,,776,"DECLARANDO DE INTERÉS EL PROGRAMA ""CORTA A TIEMPO"", DICTADO POR LA DEFENSORÍA DEL PUEBLO DE LA PROVINCIA DE BUENOS AIRES"
00565-2024-HCD,2024-08-02,RES - Resolución,La Libertad Avanza,Debora Ruiz Ceballos,Repudio,Sancionado,2024-08-08,,776,EL H.C.D. EXPRESA SU REPUDIO AL RÉGIMEN DICTATORIAL DE NICOLÁS MADURO EN VENEZUELA.
00554-2024-HCD,2024-08-02,ORD - Ordenanza,Bloque Unión X La Patria,Diaz Marcos,Zoonosis y Vectores,Archivado,2024-08-08,,776,CREANDO EL CONSULTORIO VIRTUAL VETERINARIO DE SAN ISIDRO.
00556-2024-HCD,2024-08-02,RES - Resolución,Bloque Unión X La Patria,Diaz Marcos,Declaración de Interes,Archivado,2024-08-08,,776,"DECLARANDO DE INTERÉS EL PROGRAMA ""HABLEMOS DE BULLYING"", DICTADO POR LA DEFENSORÍA DEL PUEBLO DE LA PROVINCIA DE BUENOS AIRES."
00548-2024-HCD,2024-08-02,ORD - Ordenanza,Bloque Unión X La Patria,Bartolini Mateo (mandato cumplido),ORDENANZA FISCAL,Archivado,2024-08-08,,776,MODIFICANDO EL ARTÍCULO 55 DE LA ORDENANZA FISCAL VIGENTE.
00535-2024-HCD,2024-08-02,ORD - Ordenanza,Bloque Unión X La Patria,Schuppisser Manuela,Otros,Archivado,2024-08-08,,776,CREANDO LAS CONSEJERÍAS PARA LA REDUCCIÓN DE RIESGOS Y DAÑOS EN SITUACIONES DE EMBARAZOS NO PLANIFICADOS
00541-2024-HCD,2024-08-02,DEC - Decreto,Bloque Unión X La Patria,Schuppisser Manuela,Declaración,Sancionado,2024-08-08,2024-08-15,7,"DECLARANDO EL 30 DE AGOSTO DE CADA AÑO EL ""DÍA INTERNACIONAL DEL DETENIDO DESAPARECIDO"" EN ESTE H.C.D."
00540-2024-HCD,2024-08-02,RES - Resolución,Bloque Unión X La Patria,Schuppisser Manuela,Repudio,Sancionado,2024-08-08,2024-08-15,7,EL H.C.D. MANIFIESTA SU PREOCUPACION POR LA VISITA REALIZADA POR VARIOS DIPUTADOS NACIONALES DEL BLOQUE LA LIBERTADA AVANZA A GENOCIDAS CONDENADOS POR DELITOS DE LESA HUMANIDAD EN LA UNIDAD PENITENCIARIA DE EZEIZA N°31.
00533-2024-HCD,2024-08-02,DEC - Decreto,Bloque Unión X La Patria,Bartolini Mateo (mandato cumplido),Otros,En comisión,2024-08-08,2024-08-15,7,DISPONIENDO LA COLOCACIÓN DE UN CARTEL EN LA FACHADA DE ESTE EDIFICIO DONDE SE INDIQUE QUE AQUI FUNCIONA EL HONORABLE CONCEJO DELIBERANTE DE SAN ISIDRO
00531-2024-HCD,2024-08-02,ORD - Ordenanza,Bloque Unión X La Patria,Bartolini Mateo (mandato cumplido),Declaración,Sancionado,2024-08-08,2024-08-15,7,DECLARANDO AL TURISMO COMO ACTIVIDAD SOCIOECONÓMICA ESTRATÉGICA Y ESCENCIAL PARA EL DESARROLLO DEL DISTRITO
0014057-2023-A,2024-08-09,ORD - Ordenanza,,Otros,Adhesión,Sancionado,2024-08-08,2024-08-15,7,SOLICITA ADHESIÓN A LA LEY 12875. REGIMEN PREVISIONAL ESPECIAL PARA SOLDADOS CONSCRIPTOS EX COMBATIENTES DE LAS FUERZAS ARMADAS Y DE SEGURIDAD
00601-2024-HCD,2024-08-16,RES - Resolución,La Libertad Avanza,Feldtmann Maria Ines,Repudio,Archivado,2024-08-22,,762,EL H.C.D. EXPRESA SU PREOCUPACIÓN Y REPUDIO A LOS ACTOS DE VIOLENCIA FÍSICA Y PSICOLÓGICA DEL EX PRESIDENTE ALBERTO FERNÁNDEZ CONTRA FABIOLA YÁÑEZ.
00590-2024-HCD,2024-08-16,RES - Resolución,Bloque Pro San Isidro,Martinez Gabriela (mandato cumplido),Otros,Archivado,2024-08-22,,762,"EL H.C.D. EXPRESA SU CONFORMIDAD CON LA MEDIA SANCIÓN QUE OBTUVO EL PROYECTO DE LEY 0322-D-2024, EN LA HONORABLE CÁMARA DE DIPUTADOS DE LA NACIÓN.-"
00591-2024-HCD,2024-08-16,ORD - Ordenanza,Bloque Unión X La Patria,Sarmiento Celia (mandato cumplido),Otros,Archivado,2024-08-22,,762,"ESTABLECIENDO UNA ARTICULACIÓN EFECTIVA ENTRE LA SECRETARÍA DE EMPLEO Y LOS CENTROS DE FORMACIÓN PROFESIONALES, PARA LA CESIÓN DE NUEVOS EMPLEOS EN EL DISTRITO.-"
00574-2024-HCD,2024-08-16,ORD - Ordenanza,Bloque Unión X La Patria,Sarmiento Celia (mandato cumplido),Adhesión,Sancionado,2024-08-22,2025-03-27,217,ADHIRIENDO A LA LEY NACIONAL N° 27.043 Y A LA LEY PROVINCIAL N° 15.035 QUE REFIEREN AL ABORDAJE INTEGRAL E INTERDISCIPLINARIO DE LAS PERSONAS QUE PRESENTAN TRASTORNOS DEL ESPECTRO AUTISTA (TEA).-
00589-2024-HCD,2024-08-16,ORD - Ordenanza,Bloque Pro San Isidro,Martinez Gabriela (mandato cumplido),Otros,Sancionado,2024-08-22,2024-11-13,83,"IMPLEMENTANDO EN TODOS LOS ESTABLECIMIENTOS EDUCATIVOS DE GESTIÓN PÚBLICA MUNICIPAL, Y EN ESPACIOS PÚBLICOS DEL DISTRITO, EL BLOQUEO DE LOS SITIOS DE APUESTAS ONLINE EN TODAS LAS REDES DE INTERNET POR WIFI GRATUITO.-"
00570-2024-HCD,2024-08-16,ORD - Ordenanza,Bloque Pro San Isidro,Martinez Gabriela (mandato cumplido),Declaración de Interes,Sancionado,2024-08-22,2024-09-26,35,DECLARANDO DE INTERÉS CULTURAL MUNICIPAL LA LABOR REALIZADA POR EL EXPLORATORIO DE CIENCIAS DE SAN ISIDRO.
00585-2024-HCD,2024-08-16,DEC - Decreto,Bloque Unión X La Patria,Bartolini Mateo (mandato cumplido),Declaración de Interes,Sancionado,2024-08-22,2024-09-12,21,"EL H.C.D. DECLARA DE INTERÉS LA MUESTRA DE ARTE ""GRUPO ESPARTACO"" DE LA GALERIA DE ARTE JUANA DE ARTE, UBICADA EN LA CIUDAD DE MARTÍNEZ.-"
004862-2024-S,2024-08-20,ORD - Ordenanza,Ejecutivo,Ejecutivo,Legítimo Abono,Sancionado,2024-08-22,2024-08-29,7,LEGITIMO ABONO
004863-2024-S,2024-08-20,ORD - Ordenanza,Ejecutivo,Ejecutivo,Legítimo Abono,Sancionado,2024-08-22,2024-08-29,7,LEGITIMO ABONO
00615-2024-HCD,2024-08-28,RES - Resolución,Bloque Unión X La Patria,Schuppisser Manuela,Declaración,En comisión,2024-09-05,,748,"EL H.C.D. DECLARA EL 4 DE SEPTIEMBRE DE CADA AÑO COMO EL ""DIA MUNDIAL DE SALUD SEXUAL""."
00624-2024-HCD,2024-08-30,ORD - Ordenanza,Bloque Unión X La Patria,Sarmiento Celia (mandato cumplido),Educación,Archivado,2024-09-05,,748,CREANDO EL OBSERVATORIO MUNICIPAL DEL BULLYING
00635-2024-HCD,2024-08-30,ORD - Ordenanza,Bloque Unión X La Patria,Diaz Marcos,Comercios e Industrias,En comisión,2024-09-05,,748,"AUTORIZÁNDO EN EL PARTIDO DE SAN ISIDRO EL EJERCICIO DE LA ACTIVIDAD GASTRONÓMICA DE LOS CARROS DE COMIDAS DENOMINADOS ""FOOD TRUCKS""."
00626-2024-HCD,2024-08-30,ORD - Ordenanza,Bloque Unión X La Patria,Sarmiento Celia (mandato cumplido),Presupuesto,Archivado,2024-09-05,,748,"CREANDO EL ""PROGRAMA MUNICIPAL DE PRESUPUESTO PARTICIPATIVO"" EN EL MUNICIPIO DE SAN ISIDRO"
00627-2024-HCD,2024-08-30,RES - Resolución,Bloque Bloque FR - Unión X La Patria,Meca Federico,Reconocimiento,Sancionado,2024-09-05,2024-09-12,7,EL H.C.D. EXPRESA SU RECONOCIMIENTO Y FELICITACIONES AL COLEGIO REPÚBLICA ARGENTINA POR CUMPLIRSE 40 AÑOS DE SU FUNDACIÓN.
00658-2024-HCD,2024-09-11,DEC - Decreto,Bloque Unión X La Patria,Schuppisser Manuela,Medio Ambiente,Sancionado,2024-09-19,,734,S/ SE IMPLEMENTE UNA CAMPAÑA DE RECOLECCIÓN DE RAEES EN EL EDIFICIO DE ESTE HONORABLE CONCEJO DELIBERANTE.
00660-2024-HCD,2024-09-11,ORD - Ordenanza,Bloque Unión X La Patria,Sarmiento Celia (mandato cumplido),Medio Ambiente,Archivado,2024-09-19,,734,"CREANDO EL ""DIGESTO AMBIENTAL"" EN EL ÁMBITO DEL MUNICIPIO DE SAN ISIDRO."
00661-2024-HCD,2024-09-11,DEC - Decreto,Bloque Unión X La Patria,Sarmiento Celia (mandato cumplido),Salud Pública,Sancionado,2024-09-18,2024-09-25,7,INSTALANDO UN DESFIBRILADOR EXTERNO AUTOMÁTICO (DEA) EN EL INTERIOR DE ESTE HONORABLE CONCEJO DELIBERANTE.
00657-2024-HCD,2024-09-11,RES - Resolución,Bloque Unión X La Patria,Diaz Marcos,Declaración de Interes,Sancionado,2024-09-19,2024-09-26,7,"EL H.C.D. DECLARA DE INTERÉS EL FESTIVAL TEATRAL ""NORESTADA""."
00690-2024-HCD,2024-09-13,DEC - Decreto,Bloque Unión X La Patria,Bartolini Mateo (mandato cumplido),Reconocimiento,Archivado,2024-09-19,,734,DISPONIENDO LA COLOCACIÓN DE UNA PLACA CONMEMORATIVA EN EL CEMENTERIO DE BOULOGNE CON MOTIVO DE CUMPLIRSE EL 40° ANIVERSARIO DE LA PRIMERA EXHUMACIÓN DEL EQUIPO ARGENTINO DE ANTROPOLOGÍA FORENSE EN EL PAÍS Y QUE SE REALIZÓ EN DICHO CEMENTERIO.
00695-2024-HCD,2024-09-13,ORD - Ordenanza,Bloque Bloque FR - Unión X La Patria,Meca Federico,Otros,Sancionado,2024-09-19,2024-10-08,19,CREÁNDO EL PLAN INTEGRAL DE DEMARCACION DE SENDAS PEATONALES Y CONCIENTIZACIÓN EN EL PARTIDO DE SAN ISIDRO.-
00672-2024-HCD,2024-09-13,RES - Resolución,Bloque Bloque FR - Unión X La Patria,Meca Federico,Reconocimiento,Sancionado,2024-09-19,2024-09-26,7,"EL H.C.D. EXPRESA SU RECONOCIMIENTO Y FELICITA AL INSTITUTO SAN JOSÉ, M POR CUMPLIR 62 AÑOS DE SU FUNDACIÓN.-"
00676-2024-HCD,2024-09-13,RES - Resolución,Bloque Unión X La Patria,Schuppisser Manuela,Declaración de Interes,Sancionado,2024-09-19,2024-09-26,7,"EL H.C.D. DECLARA DE INTERÉS AL CORO ""STELLA MARIS"" POR SU APORTE A LA CULTURA DE NUESTRA CIUDAD.-"
003125-2024-S CUERPO 0-2,2024-09-23,ORD - Ordenanza,Ejecutivo,Ejecutivo,Patrimonio Municipal,Sancionado,2024-09-19,2024-09-26,7,BAJA PATRIMONIAL DE AUTOMÓVILES Y MOTOS. INCLUYE EXPTE. 7924-S-2024 (INFORME CHATARRIZACION DE VEHICULOS/ DEPOSITO JUDICIAL).
00732-2024-HCD,2024-09-27,ORD - Ordenanza,Bloque Unión X La Patria,Diaz Marcos,Medio Ambiente,Archivado,2024-10-03,,720,"ESTABLECIENDO LA OBLIGATORIEDAD PARA LOS LOCALES QUE OFREZCAN COMIDA AL PASO, CONTAR CON CESTOS DIFERENCIADOS PARA LA DISPOSICIÓN DE RESIDUOS RECICLABES Y NO RECICLABES."
00734-2024-HCD,2024-09-27,RES - Resolución,La Libertad Avanza,Feldtmann Maria Ines,Declaración,Sancionado,2024-10-03,,720,"DECLARANDO COMO ""PERSONALIDAD DESTACADA DEL PARTIDO DE SAN ISIDRO"" AL VECINO, MÚSICO, COMPOSITOR Y EMPRESARIO MICHEL PEYRONEL POR SUS INVALUABLES APORTES AL DESARROLLO DEL ROCK NACIONAL Y DEL TANGO Y CONSTANTE APOYO A LA MÚSICA NACIONAL.-"
00717-2024-HCD,2024-09-27,ORD - Ordenanza,Bloque Bloque FR - Unión X La Patria,Rivadulla Estefania,Otros,Archivado,2024-10-03,,720,"CREANDOEL PROGRAMA ""TECHOS Y TERRAZAS VERDES"", EN EL ÁMBITO DEL PARTIDO DE SAN ISIDRO.-"
00730-2024-HCD,2024-09-27,DEC - Decreto,Bloque Unión X La Patria,Diaz Marcos,Salud Pública,Archivado,2024-10-03,,720,DISPONIENDO LA INSTALACIÓN DE UN BOTIQUÍN DE PRIMEROS AUXILIOS EN CADA PISO DE ESTA HONORABLE CASA.-
00716-2024-HCD,2024-09-27,RES - Resolución,Bloque Bloque FR - Unión X La Patria,Meca Federico,Reconocimiento,Sancionado,2024-10-03,2024-11-14,42,"EL H.C.D. FELICITA A LOS JÓVENES SANISIDRENSES Y A TODO EL EQUIPO DE FÚTBOL CALLEJERO Y A LOS TÉCNICOS DEL PROGRAMA DE DESARROLLO PERSONAL DE HECHO CLUB SOCIAL, POR SU DESTACADA ACTUACIÓN REPRESENTANDO A LA ARGENTINA EN LA HOMELESS WORLD CUP SEUL 2024.-"
00743-2024-HCD,2024-09-27,RES - Resolución,Bloque Convocación por San Isidro,Riganti Catalina,Declaración de Interes,Sancionado,2024-10-03,2024-10-10,7,"EL H.C.D. DECLARA DE INTERÉS EL TRABAJO QUE LLEVABA A CABO LA ASOCIACIÓN CIVIL SIN FINES DE LUCRO ""CRUZ ROJA FILIAL SAN ISIDRO"" POR SU DESTACADA LABOR SOCIAL, HUMANITARIA Y VOLUNTARIA EN BENEFICIO DE LA COMUNIDAD SANISIDRENSE.-"
00740-2024-HCD,2024-09-27,RES - Resolución,Bloque Unión X La Patria,Schuppisser Manuela,Declaración de Interes,Sancionado,2024-10-03,2024-10-10,7,"DECLARANDO DE INTERÉS EL PROGRAMA PROVINCIAL ""ESI CON AMIGUES"".-"
09037-2024-C,2024-09-30,ORD - Ordenanza,Ejecutivo,Ejecutivo,Presupuesto,Sancionado,2024-10-03,2024-10-10,7,AMPLIACIÓN PRESUPUESTARIA 2024
03205-2024-S,2024-09-30,ORD - Ordenanza,Ejecutivo,Ejecutivo,Legítimo Abono,Sancionado,2024-10-03,2024-10-10,7,LEGITOMO ABONO
04861-2024-S,2024-09-30,ORD - Ordenanza,Ejecutivo,Ejecutivo,Legítimo Abono,Sancionado,2024-10-03,2024-10-10,7,LEGITIMO ABONO
00763-2024-HCD,2024-10-09,RES - Resolución,Bloque Unión X La Patria,Schuppisser Manuela,Declaración,Archivado,2024-10-17,,706,"EL H.C.D. EXPRESA SU PREOCUPACION Y RECHAZO POR LA DECISIÓN POLÍTICA DEL GOBIERNO NACIONAL DE REESTRUCTURAR EL HOSPITAL NACIONAL DE SALUD MENTAL ""LAURA BONAPARTE"" ÚNICO DEL PAÍS ESPECIALIZADO EN SALUD MENTAL."
00757-2024-HCD,2024-10-09,RES - Resolución,Bloque Unión X La Patria,Schuppisser Manuela,Declaración de Interes,Sancionado,2024-10-17,,706,EL H.C.D. DECLARA DE INTERÉS LA 3° MARCHA DEL ORGULLO LGTBI+ DE SAN ISIDRO.
00756-2024-HCD,2024-10-09,ORD - Ordenanza,Bloque Unión X La Patria,Schuppisser Manuela,Calles,En comisión,2024-10-17,,706,"MODIFICANDO EN TODO SU RECORRIDO EL NOMBRE DEL PASAJE 2 DEL BARRIO LA CAVA, POR EL DE EDUARDO ""LALO"" BARRIOS."
00750-2024-HCD,2024-10-09,ORD - Ordenanza,Bloque Unión X La Patria,Diaz Marcos,Ordenanza,Archivado,2024-10-17,,706,"CREANDO EL ESPACIO MUNICIPAL ""INNOVASI-ON""."
00754-2024-HCD,2024-10-09,RES - Resolución,Bloque Unión X La Patria,Schuppisser Manuela,Declaración de Interes,Sancionado,2024-10-17,2024-11-14,28,"EL H.C.D. DECLARA DE INTERÉS AL 22 DE OCTUBRE DE CADA AÑO COMO EL ""DÍA NACIONAL DEL DERECHO A LA IDENTIDAD""."
00803-2024-HCD,2024-10-10,RES - Resolución,Bloque Cambia San Isidro,Alvarado Guido,Reconocimiento,Sancionado,2024-10-17,,706,"EL H.C.D. EXPREA SU RECONOCIMIENTO Y FELICITACIÓN A LA ESCUELA SECUNDARIA N° 13 EX "" COLEGIO COMERCIAL DE SAN ISIDRO"", POR CUMPLIRSE 100 AÑS DE SU FUNDACIÓN."
00801-2024-HCD,2024-10-10,RES - Resolución,Bloque Unión X La Patria,Schuppisser Manuela,Beneplácito,Sancionado,2024-10-17,,706,"EL H.C.D. EXPRESA SU BENEPLÁCITO POR LA CONMEMORACIÓN DEL ANIVERSARIO N° 100 DE LA ESCUELA NACIONAL DE COMERCIO DE SAN ISIDRO ""DR. MANUEL OBARRIO""."
00805-2024-HCD,2024-10-10,RES - Resolución,Bloque Unión X La Patria,Schuppisser Manuela,Declaración,Archivado,2024-10-17,,706,"EL H.C.D. MANIFIESTA SU INMENSA PREOCUPACIÓN POR LA VIOLENCIA INSTITUCIONAL QUE SUFRIERON LA CONCEJAL MANDATO CUMPLIDO FERNANDA MIÑO Y SU FAMILIA, DURANTE EL ALLANAMIENTO OCURRIDO EL PASADO 08 DE OCTUBRE DEL CORRIENTE AÑO, A CARGO DE LA DDI DE SAN MARTÍN Y EL GAD DE LA POLICÍA BONAERENSE."
00780-2024-HCD,2024-10-10,RES - Resolución,Bloque Unión X La Patria,Sarmiento Celia (mandato cumplido),Declaración,En comisión,2024-10-17,,706,"EL H.C.D. EXPRESA SU PREOCUPACIÓN POR LA HABILITACIÓN A JÓVNES DE 13 A 16 AÑOS PARA PARTICIPAR EN EL MERCADO DE CAPITALES MENDIANTE LA COMPRA DE ACCIONES, BONOS Y OTROS VALORES NEGOCIABLES."
00790-2024-HCD,2024-10-10,RES - Resolución,Bloque Unión X La Patria,Diaz Marcos,Declaración,Archivado,2024-10-17,,706,EL H.C.D. EXPRESA PREOCUPACIÓN POR LA FALTA DE ESPACIOS VERDES PÚBLICOS EN LA CIUDAD DE BOULOGNE.
00783-2024-HCD,2024-10-10,RES - Resolución,Bloque Bloque FR - Unión X La Patria,Meca Federico,Repudio,Archivado,2024-10-17,,706,EL H.C.D. REPUDIA ENÉRGICAMENTE EL VETO A LA LEY DE FINANACIAMIENTO UNIVERSITARIO.
00804-2024-HCD,2024-10-10,RES - Resolución,La Libertad Avanza,Debora Ruiz Ceballos,Repudio,Archivado,2024-10-17,,706,EL H.C.D. EXPRESA SU REPUDIO A LA VIOLENCIA DESMEDIDA Y A LOS ACTOS VANDÁLICOS PERPETRADOS POR LOS MANIFESTANTES DURANTE EL TRATAMIENTO DEL VETO A LA LEY DE FINANCIAMIENTO DE LAS UNIVERSIDADES NACIONALES EN EL CONGRESO DE LA NACIÓN.
00781-2024-HCD,2024-10-10,RES - Resolución,Bloque Convocación por San Isidro,Riganti Catalina,Declaración de Interes,Sancionado,2024-10-17,2024-11-14,28,"EL H.C.D. DECLARA DE INTERÉS EL PROYECTO DE INVESTIGACION TITULADO ""APRENDIZAJE BASADO EN PROYECTOS: INICIATIVA AMBIENTAL PARQUE PÚBLICO DE VILLA ADELINA"", PRESENTADO POR LOS ALUMNOS DEL SEXTO AÑO DE LA ESCUELA SECUNDARIA N° 11, DE LA CIUDAD DE VILLA ADELINA."
00806-2024-HCD,2024-10-10,RES - Resolución,La Libertad Avanza,Feldtmann Maria Ines,Beneplácito,Sancionado,2024-10-17,2024-11-14,28,"EL H.C. D. EXPRESA SU BENEPLÁCITO AL NUEVO DISEÑO CURRICULAR QUE SE IMPLEMENTARÁ A PARTIR DEL PROXIMO CICLO LECTIVO, EN LAS ESCUELAS PRIMARIAS DE LACIUDAD DE BUENOS AIRES."
00800-2024-HCD,2024-10-10,RES - Resolución,Bloque Cambia San Isidro,Alvarado Guido,Adhesión,Sancionado,2024-10-17,2024-10-24,7,"EL H.C.D. ADHIERE AL USO DE LA DEFINICIÓN DE ""ANTISEMITISMO"" AVALADA POR LA RESOLUCIÓN N° 114/2020 DEL MIN. DE RELACIONES EXTERIORES, COMERCIO INTERNACIONAL Y CULTO DE LA NACIÓN COMO HERRAMIENTA DE APLICACIÓN CONTRA LA LUCHA CONTRA EL ANTISEMITISMO HACIA LA COMUNIDAD JUDÍA-"
00764-2024-HCD,2024-10-10,RES - Resolución,Bloque Pro San Isidro,Martinez Gabriela (mandato cumplido),Reconocimiento,Sancionado,2024-10-17,2024-10-24,7,"EL H.C.D. FELICITA A LA COMUNIDAD EDUCATIVA DEL JARDÍN DE INFANTES N° 901 ""DOMINGUITO"", DE LA CIUDAD DE SAN ISIDRO, POR ENCONTRARSE CELEBRANDO SUS 75 AÑOS."
00802-2024-HCD,2024-10-10,RES - Resolución,Bloque Cambia San Isidro,Alvarado Guido,Declaración de Interes,Sancionado,2024-10-17,2024-10-24,7,"EL H.C.D. DECLARA DE INTERÉS LA ""XI JORNADA DE HISTORIAS DE LA CIUDAD DE MARTÍNEZ"" A REALIZARSE EL 23 DE NOVIEMBRE DE 2024 EN LA SEDE DEL AUTOMÓVIL CLUB ARGENTINO., DE DICHA CIUDAD"
11697-2024-S,2024-10-14,ORD - Ordenanza,Ejecutivo,Ejecutivo,Tránsito,Sancionado,2024-10-17,2024-12-12,56,AUTORIZAR AL DEPARTAMENTO EJECUTIVO A DICTAR NORMAS TRANSITORIAS Y EXPERIMENTALES EN MATERIA DE TRÁNSITO Y TRANSPORTE.
06006-2024-S,2024-10-14,ORD - Ordenanza,Ejecutivo,Ejecutivo,Asistencia Social,Sancionado,2024-10-17,2024-11-14,28,CREACIÓN DEL REGISTRO UNICO DE ENTIDADES CIVILES
10122-2024-S,2024-10-14,ORD - Ordenanza,Ejecutivo,Ejecutivo,Presupuesto,Sancionado,2024-10-17,2024-10-24,7,SOLICITA PRÉSTAMO BANCO PROVINCIA
11724-2024-S,2024-10-14,ORD - Ordenanza,Ejecutivo,Ejecutivo,Adhesión,Sancionado,2024-10-17,2024-10-24,7,"ADHIRIENDO A LA LEY PROVINCIAL N° 10.989, MEDIANTE LA CUAL LA PROVINCIA DE BUENOS AIRES ESTABLECE UN REGIMEN DE COBRO OBLIGATORIO DE LOS COSTOS DE DE LA ATENCIÓN DE PACIENTES QUE POSEEN RIESGO ASEGURADO."
09283-2024-S,2024-10-14,ORD - Ordenanza,Ejecutivo,Ejecutivo,Donación,Sancionado,2024-10-17,2024-10-24,7,"DONACION DE ""RESPIRADOR DE ALTA FRECUENCIA PARA EL HOSPITAL MATERNO INFANTIL DE SAN ISIDRO : DR.CARLOS GIANANTONIO "", POR EL CLUB ROTARIO"
00818-2024-HCD,2024-10-29,ORD - Ordenanza,Bloque Unión X La Patria,Sarmiento Celia (mandato cumplido),Discapacidad,Archivado,2024-11-07,,685,INSTALANDO DISPOSITIVOS PARLANTES PARA CIEGOS Y PERSONAS CON DISMINUCION VISUAL EN DIVERSOS LOS SEMÁFOROS CON CRUCE PEATONAL Y EN LAS CERCANÍAS DE LAS INSTITUCIONES ORIENTADAS A PERSONAS CON ALGUNA DISCAPACIDAD VISUAL.-
00810-2024-HCD,2024-10-29,ORD - Ordenanza,Bloque Pro San Isidro,Martinez Gabriela (mandato cumplido),Otros,Sancionado,2024-11-07,2024-12-12,35,PROHIBIENDO EL USO DE PIROTECNIA EN TODO EVENTO QUE SE REALICE EN EL AMBITO DEL PARTIDO DE SAN ISIDRO.-
00819-2024-HCD,2024-10-29,DEC - Decreto,Bloque Unión X La Patria,Schuppisser Manuela,Declaración de Interes,Sancionado,2024-11-07,2024-11-14,7,"EL H.C.D. DECLARA EL 1° DE DICIEMBRE DE CADA AÑO COMO EL ""DÍA MUNDIAL DEL SIDA""."
00838-2024-HCD,2024-10-31,ORD - Ordenanza,Bloque Acción Vecinal San Isidro es Distinto - Juntos San Iisdro,Perez Walter Dr.,Otros,Archivado,2024-11-07,,685,"ESTABLECIENDO COMO REQUISITO PARA OCUPAR CARGOS COMO FUNCIONARIO PÚBLICO EN EL PODER EJECUTIVO MUNICIPAL, QUE LA PERSONA TENGA UNA RESIDENCIA MÍNIMA DE TRES AÑOS INMEDIATAMENTE ANTERIORES A SU DESIGNACIÓN EN EL PARTIDO."
00834-2024-HCD,2024-10-31,DEC - Decreto,Bloque Unión X La Patria,Schuppisser Manuela,Honorable Concejo Deliberante,Archivado,2024-11-07,,685,"INCLUYENDO AL H.C.D. A LA MUESTRA DISTRITAL DE LAS ACTIVIDADES REALIZADAS DENTRO DEL PROGRAMA JÓVENES Y MEMORIA ""MEMORIA EN MOVIMIENTO, JÓVENES EN ACCIÓN CONSTRUYENDO ESPERANZA""."
00835-2024-HCD,2024-10-31,RES - Resolución,Bloque Unión X La Patria,Sarmiento Celia (mandato cumplido),Repudio,Archivado,2024-11-07,,685,EL H.C.D. EXPRESA SU REPUDIO A LA RESOLUCIÓN DE LA SUPERINTENDENCIA DE SERVICIOS DE SALUD QUE LIMITA EL ACCESO A LA COBERTURA DE SALUD EN LOS PLANES CERRADOS.
00836-2024-HCD,2024-10-31,ORD - Ordenanza,Bloque Unión X La Patria,Sarmiento Celia (mandato cumplido),Cultura,Archivado,2024-11-07,,685,"DECLARANDO A LA CIUDAD DE MARTÍNEZ COMO ""CIUDAD DEL CINE Y LAS ARTES VISUALES""."
00864-2024-HCD,2024-11-01,ORD - Ordenanza,La Libertad Avanza,Feldtmann Maria Ines,Otros,Archivado,2024-11-07,,685,MODIFICANDO EL PUNTO 1.2.4.8 DEL CÓDIGO DE ORDENAMIENTO URBANO.-
00840-2024-HCD,2024-11-01,ORD - Ordenanza,Bloque Bloque FR - Unión X La Patria,Meca Federico,Otros,En comisión,2024-11-07,,685,"CREANDO EL ""BANCO MUNICIPAL DE MEDICAMENTOS PARA USO VETERINARIO"".-"
00842-2024-HCD,2024-11-01,RES - Resolución,Bloque Bloque FR - Unión X La Patria,Rivadulla Estefania,Declaración de Interes,Sancionado,2024-11-07,,685,"EL H.C.D. DECLARA DE INTERÉS LA JORNADA DE LIMPIEZA DE PLAYA LLEVADA A CABO POR ASEZ BAJO EL LEMA ""SALVEMOS LA TIERRA DE LA A A LA Z"" REALIZADA EL DÍA 30 DE OCTUBRE.-"
00843-2024-HCD,2024-11-01,RES - Resolución,Bloque Unión X La Patria,Schuppisser Manuela,Declaración de Interes,Archivado,2024-11-07,,685,EL H.C.D. DECLARA DE INTERÉS EL PROGRAMA FUTURO MEMORIA LLEVADO A CABO POR LA SUBSECRETARIA DE DERECHOS HUMANOS DE LA PROV. DE BUENOS AIRES.-
00844-2024-HCD,2024-11-01,ORD - Ordenanza,Bloque Unión X La Patria,Sarmiento Celia (mandato cumplido),Declaración de Interes,Archivado,2024-11-07,,685,DECLARANDO DE INTERÉS EL DÍA MUNDIAL PARA LA PREVENCIÓN DEL ABUSO SEXUAL INFANTIL QUE SE CONMEMORA EL DÍA 19 DE NOVIEMBRE DE CADA AÑO.-
00861-2024-HCD,2024-11-01,RES - Resolución,Bloque Unión X La Patria,Schuppisser Manuela,Declaración de Interes,Sancionado,2024-11-07,2025-07-24,259,EL H.C.D. DECLARA DE INTERÉS EL PROGRAMA DECISIÓN NIÑEZ LLEVADO ADELANTE POR EL ORGANISMO PROVINCIAL DE NIÑEZ Y ADOLESCENCIQA DEL MINISTERIO DE DESARROLLO DE LA COMUNIDAD.-
00847-2024-HCD,2024-11-01,RES - Resolución,Bloque Unión X La Patria,Sarmiento Celia (mandato cumplido),Otros,Sancionado,2024-11-07,2024-11-14,7,"EL H.C.D. EXPRESA SU PROFUNDA PREOCUPACIÓN POR LA SUBASTA DEL TERRENO UBICADO EN TOMKINSON Y NEUQUÉN, DE LA CIUDAD DE BECCAR.-"
00846-2024-HCD,2024-11-01,ORD - Ordenanza,Bloque Unión X La Patria,Sarmiento Celia (mandato cumplido),Otros,Sancionado,2024-11-07,2024-11-12,5,"DISPONIENDO LA INSTALACIÓN DE CARTELES DE ""BIENVENIDOS AL PARTIDO DE SAN ISIDRO"" EN LOS PRINCIPALES ACCESOS AL DISTRITO.-"
00868-2024-HCD,2024-11-04,ORD - Ordenanza,Bloque Unión X La Patria,Schuppisser Manuela,Salud Pública,Archivado,2024-11-07,,685,"ESTABLECIENDO EN EL ÁMBITO DEL PARTIDO DE SAN ISIDRO, LA ""SEMANA DE LOS TRANSTORNOS ALIMENTARIOS Y LA IMAGEN CORPORAL"".-"
012089-2024-C C 0 2 3,2024-11-04,ORD - Ordenanza,Ejecutivo,Ejecutivo,Presupuesto,Sancionado,2024-11-07,,685,PRESUPUESTO GENERAL DE GASTOS 2025
00872-2024-HCD,2024-11-04,ORD - Ordenanza,La Libertad Avanza,Feldtmann Maria Ines,Puertos,Archivado,2024-11-07,,685,CREANDO EL PROYECTO INTEGRAL DEL PUERTO DE SAN ISIDRO.-
00869-2024-HCD,2024-11-04,RES - Resolución,Bloque Unión X La Patria,Schuppisser Manuela,Declaración de Interes,Sancionado,2024-11-07,2024-11-14,7,"EL H.C.D. DECLARA DE INTERÉS EL DÍA 30 DE NOVIEMBRE DE CADA AÑO COMO ""DÍA INTERNACIONAL DE LUCHA CONTRA LOS TRANSTORNOS ALIMENTARIOS"".-"
012436-2024-S,2024-11-04,ORD - Ordenanza,Ejecutivo,Ejecutivo,ORDENANZA FISCAL,Sancionado,2024-11-07,2024-11-14,7,ORDENANZA FISCAL 2025
009681-2024-S,2024-11-04,ORD - Ordenanza,Ejecutivo,Ejecutivo,Tránsito,Sancionado,2024-11-07,2024-11-12,5,CAMBIO DE SENTIDO DE CIRCULACION CALLE PASTEUR.
012447-2024-S,2024-11-04,ORD - Ordenanza,Ejecutivo,Ejecutivo,ORDENANZA IMPOSITIVA,Sancionado,2024-11-07,2024-11-11,4,ORDENANZA IMPOSITIVA 2025
00906-2024-HCD,2024-11-14,ORD - Ordenanza,Bloque Bloque FR - Unión X La Patria,Meca Federico,Adhesión,En comisión,2024-11-21,,671,ADHIRIENDO A LA LEY PROVINCIAL N° 15.406.Regula el uso de artificios pirotécnicos y de cohetería de alto impacto.PIROTECNIA
00914-2024-HCD,2024-11-14,RES - Resolución,Bloque Unión X La Patria,Schuppisser Manuela,Declaración de Interes,Archivado,2024-11-21,,671,"EL H.C.D. DECLARA DE INTERÉS A LA UNIVERSIDAD NACIONAL SCALABRINI ORTÍZ EN EL MARCO DEL ""DÍA NACIONAL DE LA GRATUIDAD DE LA ENSEÑANZA UNIVERSITARIA EN ARGENTINA"".-"
00908-2024-HCD,2024-11-14,ORD - Ordenanza,Bloque Bloque FR - Unión X La Patria,Meca Federico,Otros,En comisión,2024-11-21,,671,"ESTABLECIENDO EN EL PARTIDO DE SAN ISIDRO TODOS LOS 19 DE FEBRERO DE CADA AÑO COMO EL ""DÍA MUNICIPAL CONTRA LA DISCRIMINACIÓN POR ORIENTACIÓN SEXUAL, IDENTIDAD Y EXPRESIÓN DE GÉNERO EN EL DEPORTE"".-"
00916-2024-HCD,2024-11-14,ORD - Ordenanza,Bloque Unión X La Patria,Schuppisser Manuela,Derechos Humanos y Género,Archivado,2024-11-21,,671,CREANDO LA DIRECCIÓN MUNICIPAL DE DERECHOS HUMANOS.-
00927-2024-HCD,2024-11-14,RES - Resolución,Bloque Cambia San Isidro,Alvarado Guido,Declaración de Interes,En comisión,2024-11-21,,671,"EL H.C.D. DECLARA DE INTERÉS A LA REVISTA ESPECIALIZADA EN RUGBY INGOAL, POR SU CONTRIBUCIÓN A LA PROMOCIÓN Y DIFUSIÓN DE LOS VALORES DEPORTIVOS EN LA COMUNIDAD."
00921-2024-HCD,2024-11-14,RES - Resolución,Bloque Unión X La Patria,Diaz Marcos,Declaración de Interes,Sancionado,2024-11-21,,671,"EL H.C.D. DECLARA DE INTERÉS EL PROYECTO ECO-CYCLE, REALIZADO POR ESTUDIANTES DEL CICLO LECTIVO 2024 DE LA ESCUELA DE EDUCACIÓN SECUNDARIA TÉNICA N°4, DE LA CUUDAD DE BOULOGNE.-"
00924-2024-HCD,2024-11-14,RES - Resolución,La Libertad Avanza,Feldtmann Maria Ines,Beneplácito,Sancionado,2024-11-21,2025-07-24,245,EL H.C.D. EXPRESA SU BENEPLÁCITO A LA ADMIRABLE LABOR SOCIAL Y APOYO AL DESARROLLO HUMANO QUE DESEMPEÑAN LOS CENTROS CONIN EN SAN ISIDRO Y EN TODO EL PAÍS.-
00912-2024-HCD,2024-11-14,,Bloque Unión X La Patria,Schuppisser Manuela,Educación,Sancionado,2024-11-21,2025-03-12,111,"S/ GARANTIZAR MICROS ESCOLARES PARA EL TRASLADO DE LOS ESTUDIANTES QUE PARTICIPAN EN EL ""PROGRAMA DE CONSOLIDACIÓN DEMOCRÁTICA Y PARTICIPACIÓN CIUDADANA JUVENIL, BANCA 25"".-"
00904-2024-HCD,2024-11-14,RES - Resolución,Bloque Unión X La Patria,Schuppisser Manuela,Beneplácito,Sancionado,2024-11-21,2024-11-28,7,EL H.C.D. MANIFIESTA SU BENEPLÁCITO Y FELICITA A TODA LA DELEGACIÓN DEL PARTIDO DE SAN ISIDRO QUE NOS REPRESENTÓ EN LA 33° EDICIÓN DE LOS JUEGOS BONAERENSES -
00928-2024-HCD,2024-11-14,RES - Resolución,Bloque Cambia San Isidro,Alvarado Guido,Reconocimiento,Archivado,2024-11-21,2024-11-28,7,"EL H.C.D. EXPRESA SU RECONOCIMIENTO AL SR. DONALD MCCLUSKEY, VECINO DE SAN ISIDRO, POR SU RECONOCIDA Y VASTA TRAYECTORIA EN LA CULTURA NACIONAL.-"
00909-2024-HCD,2024-11-14,RES - Resolución,Bloque Pro San Isidro,Viveka Nyborg Andersen,Reconocimiento,Archivado,2024-11-21,2024-11-28,7,"EL H.C.D. FELICITA Y SE ENORGULLECE POR LA TRAYECTORIA Y LA RECIENTE CONDECORACIÓN DE ""MEMBER OF THE BRITISH EMPIRE"" OTORGADA AL VECINO PETER MACFARLANES."
00903-2024-HCD,2024-11-14,RES - Resolución,La Libertad Avanza,Feldtmann Maria Ines,Repudio,Sancionado,2024-11-21,2024-11-20,-1,EL HCD EXPRESA SU REPUDIO AL PROGRAMA IDENTIDADES BONAERENSES.-
00905-2024-HCD,2024-11-14,RES - Resolución,Bloque Bloque FR - Unión X La Patria,Meca Federico,Repudio,Sancionado,2024-11-21,2024-11-20,-1,EL H.C.D. EXPRESA SU REPUDIO A LO OCURRIDO EL PASADO 9 DE NOVIEMBRE EN LA INAUGURACIÓN DE NUEVOS VESTUARIOS MASCULINOS EN EL CLUB BA.NA.DE.-
00901-2024-HCD,2024-11-14,RES - Resolución,Bloque Pro San Isidro,Martinez Gabriela (mandato cumplido),Repudio,Sancionado,2024-11-21,2024-11-20,-1,"EL HC.D. MANIFIESTA SU REPUDIO A LA DISTRIBUCION REALIZADA POR EL GOBIERNO DE LA PROVINCIA DE BUENOS AIRES EN LAS ESCUELAS SECUNDARIAS DE LA PROVINCIA EL MATERIAL LLAMADO ""COMETIERRA"".-"
12604-2024-S,2024-11-15,ORD - Ordenanza,Ejecutivo,Ejecutivo,Obras Particulares,Girado al ejecutivo,2024-11-21,2024-12-12,21,MODIFICACION DEL CORDIGO DE ORDENAMIENTO URBANO
06550-2024-S,2024-11-15,ORD - Ordenanza,Ejecutivo,Ejecutivo,Arbolado Público,Sancionado,2024-11-21,2024-12-09,18,PROCEDIMIENTO PARA EXTRACCION ARBOREA
12831-2024-S,2024-11-15,ORD - Ordenanza,Ejecutivo,Ejecutivo,Otros,Sancionado,2024-11-21,2024-11-28,7,CREACIÓN DE LA AGENCIA DE CONTROL DE SAN ISIDRO
12832-2024-S,2024-11-15,ORD - Ordenanza,Ejecutivo,Ejecutivo,Comercios e Industrias,Sancionado,2024-11-21,2024-11-28,7,REGULACIÓN DE LAS ACTIVIDADES ECONÓMICAS DE SAN ISIDRO
00929-2024-HCD,2024-11-20,DEC - Decreto,Bloque UCR - Juntos San Isidro,Vazquez Pol Martín (mandato cumplido),Honorable Concejo Deliberante,Sancionado,2024-11-21,,671,PRORROGANDO POR EL PLAZO DE TREINTA DÍAS EL PERIODO DE SESIONES ORDINARIAS CORRESPONDIENTES AL AÑO 2024.-
09093-2024-S,2024-11-21,ORD - Ordenanza,Ejecutivo,Ejecutivo,Legítimo Abono,Sancionado,2024-11-21,2024-11-28,7,LEGITIMO ABONO
11237-2024-S,2024-11-21,ORD - Ordenanza,Ejecutivo,Ejecutivo,Legítimo Abono,Sancionado,2024-11-21,2024-11-28,7,LEGITIMO ABONO
11238-2024-S,2024-11-21,ORD - Ordenanza,Ejecutivo,Ejecutivo,Legítimo Abono,Sancionado,2024-11-21,2024-11-28,7,LEGITIMO ABONO
10899-2024-S,2024-11-21,ORD - Ordenanza,Ejecutivo,Ejecutivo,Patrimonio Municipal,Sancionado,2024-11-21,2024-11-28,7,ADQUISICIÓN DE PROPIEDAD CONTIGUA A LA ESCUELA MUNICIPAL MALVINAS ARGENTINAS
02105-2024-D,2024-11-22,ORD - Ordenanza,Ejecutivo,Ejecutivo,Licencia,Sancionado,2024-11-21,2024-12-12,21,LICENCIA DEL SR. INTENDENTE MUNICIPAL
00937-2024-HCD,2024-11-29,RES - Resolución,Bloque Unión X La Patria,Sarmiento Celia (mandato cumplido),Salud Pública,En comisión,2024-12-05,,657,EL H.C.D. EXPRESA SU BENEPLÁCITO POR EL PROGRAMA PROVINCIAL DE CANNABIS TERAPÉUTICO POR PARTE DEL MINISTERIO DE SALUD DE LA PROVINCIA DE BUENOS AIRES.-
00938-2024-HCD,2024-11-29,ORD - Ordenanza,La Libertad Avanza,Feldtmann Maria Ines,Higiene Urbana,Archivado,2024-12-05,,657,"ESTABLECIENDO UNA REDUCCIÓN DEL 10% EN EL IMPORTE DE LA TASA DE ALUMBRADO, BARRIDO Y LIMPIEZA PARA AQUELLOS VECINOS QUE TENGAN UN CONTENEDOR DE RESIDUOS EN EL FRENTE DE SU CASA.-"
00940-2024-HCD,2024-11-29,RES - Resolución,Bloque Acción Vecinal San Isidro es Distinto - Juntos San Iisdro,Perez Walter Dr.,Beneplácito,Sancionado,2024-12-05,,657,"EL H.C.D. MANIFIESTA SU BENEPLÁCITO Y LAS FELICITACIONES CORRESPONDIENTES A LA DELEGACIÓN DEL CLUB DE CIENCIAS, DE LA ESCUELA DE EDUCACIÓN SECUNDARIA TÉCNICA N°4 ""ESTADO PLURINACIONAL DE BOLIVIA"" DE SAN ISIDRO, POR SU PARTICIPACIÓN EN LA CONFRENCIA LATINOAMERICANA SOBRE ""TECNOLOGÍA Y APLICACIONES DE SATÉLITES PEQUEÑOS"" DE LA ACADEMIA INTERNACIONAL DE ASTRONÁUTICA.-"
00932-2024-HCD,2024-11-29,RES - Resolución,Bloque Unión X La Patria,Schuppisser Manuela,Salud Pública,En comisión,2024-12-05,,657,EL H.C.D. EXPRESA SU PREOCUPACIÓN POR EL DECRETO NACIONAL N° 1024/2024 POR EL CUAL EL GOBIERNO NACIONAL HABILITA LA VENTA LIBRE DE MEDICAMENTOS EN GÓNDOLAS.-
00939-2024-HCD,2024-11-29,ORD - Ordenanza,Bloque Acción Vecinal San Isidro es Distinto - Juntos San Iisdro,Perez Walter Dr.,Ordenamiento vial,Sancionado,2024-12-05,2024-12-12,7,ESTABLECIENDO LA VELOCIDAD MÁXIMA PERMITIDA DE 30KM/H. EN TODAS LAS ARTERIAS VIALES UBICADAS DENTRO DEL PERÍMETRO DEL CENTRO COMERCIAL DE SAN ISIDRO.-
10914-2011-S ALC22 CUERPO 023,2024-12-02,ORD - Ordenanza,Ejecutivo,Ejecutivo,Licitacion,Sancionado,2024-12-05,2024-12-12,7,LLAMADO A LICITACION PARA ADJUDICACION DE PUBLICIDAD EN VIA PUBLICA
0008-2025-HCD,2025-02-05,ORD - Ordenanza,Bloque Bloque FR - Unión X La Patria,Meca Federico,Tránsito,En comisión,2025-02-04,,596,CREANDO EL OBSERVATORIO VIAL DE LA CIUDAD DE SAN ISIDRO.
0011-2025-HCD,2025-02-18,RES - Resolución,Bloque Bloque FR - Unión X La Patria,Rivadulla Estefania,Repudio,En comisión,2025-02-14,,586,EL H.C.D. EXPRESA SU MÁS ENÉRGICO REPUDIO AL ACCIONAR DE LOS MILITANTES DE LA LIBERTAD AVANZA QUIENES SE MOSTRARON REIVINDICANDO SÍMBOLOS ASOCIADOS A LA ÚLTIMA DICTADURA MILITAR.-
0028-2025-HCD,2025-02-27,RES - Resolución,Bloque Bloque FR - Unión X La Patria,Meca Federico,Obras Públicas,Sancionado,2025-02-27,2025-03-10,11,S/ LA FINALIZACIÓN DEL PROYECTO DEL ALIVIADOR ALTO PERÚ.
012988-2024-D CUERPO 0 Y 2,2025-02-28,ORD - Ordenanza,Ejecutivo,Ejecutivo,Licitacion,Sancionado,2025-01-28,2025-03-13,44,SUMINISTRO SUM: 700-1601/2024 SERVICIO PROVISIÓN DE SANGRE
0040-2025-HCD,2025-03-10,ORD - Ordenanza,La Libertad Avanza,Feldtmann Maria Ines,Declaración,En comisión,2025-03-20,,552,ESTABLECIENDO EL 25 DE MARZO COMO DÍA MUNICIPAL DEL NIÑO POR NACER.
0050-2025-HCD,2025-03-13,ORD - Ordenanza,Bloque Unión X La Patria,Schuppisser Manuela,Derechos Humanos y Género,En comisión,2025-03-20,,552,"CREANDO EL PROGRAMA MUNICIPAL DE DERECHOS HUMANOS ""ESQUINAS POR LA MEMORIA"", EN EL ÁMBITO DEL PARTIDO DE SAN ISIDRO."
0051-2025-HCD,2025-03-13,ORD - Ordenanza,Bloque Unión X La Patria,Schuppisser Manuela,Parques y Plazas,En comisión,2025-03-20,,552,"DISPONIENDO CON EL NOMBRE DE ""TENIENTE DE FRAGATA ALEJANDRO TAGLIAPIETRA"" A LA ROTONDA QUE SE ENCUENTRA EN LA INTERSECCION DE LA AV. ANDRÉS ROLÓN Y LA CALLE JOSÉ INGENIEROS, DE LA CIUDAD DE BECCAR."
0057-2025-HCD,2025-03-14,ORD - Ordenanza,Bloque Unión X La Patria,Schuppisser Manuela,Estacionamiento,Archivado,2025-03-20,,552,CREANDO EL BENEFICIO DE LIBRE ESTACIONAMIENTO EN LUGARES ESPECÍFICOS EN TODO EL DISTRITO DE SAN ISIDRO PARA VETERANOS DE MALVINAS.-
0059-2025-HCD,2025-03-14,RES - Resolución,Bloque Unión X La Patria,Sarmiento Celia (mandato cumplido),Repudio,En comisión,2025-03-20,,552,"EL H.C.D. EXPRESA SU PEPUDIO A LA RESOLUCIÓN N° 187/2025 DE LA AGENCIA NACIONAL DE DISCAPACIDAD, POR EL USO DE TERMINOLOGÍA DISCRIMINATORIA Y OFENSIVA HACIA PERSONAS CON DISCAPACIDAD.-"
0053-2025-HCD,2025-03-14,RES - Resolución,Bloque Unión X La Patria,Sarmiento Celia (mandato cumplido),Repudio,En comisión,2025-03-20,,552,"EL H.C.D. EXPRESA SU REPUDIO A LA REPRESIÓN EJERCIDA EL DÍA 12 DE MARZO DE 2025 CONTRA JUBILADOS, JUBILADAS, MANIFESTANTES Y PERIODISTAS EN LA MOVILIZACIÓN REALIZADA FRENTE AL CONGRESO DE LA NACIÓN.-"
0074-2025-HCD,2025-03-14,ORD - Ordenanza,Bloque Acción Vecinal San Isidro es Distinto - Juntos San Iisdro,Perez Walter Dr.,Planeamiento Urbano,Archivado,2025-03-20,,552,"ESTABLECIENDO LA PROTECCIÓN INTEGRAL DEL PREDIO UBICADO CATASTRALMENTE COMO PARCELA 1E- FRACCIÓN IV SECCIÓN D- CIRCUNSCRIPCIÓNI V Y FRACCIÓN V- SECCIÓN FCIRCUNSCRIPCIÓNVI, PARA QUE EN UN FUTURO LA ÚNICA ZONIFICACIÓN AUTORIZADA SEA DENOMINADA ""E"" (ESPACIO PÚBLICO), EN NUESTRO C.O.U."
0065-2025-HCD,2025-03-14,DEC - Decreto,Bloque Unión X La Patria,Schuppisser Manuela,Otros,En comisión,2025-03-20,,552,"ESTABLECIENDO QUE EL DÍA 8 DE MARZO DE CADA AÑO, SE ILUMINE LA FACHADA DEL H.C.D. CON EL COLOR VIOLETA,"
0064-2025-HCD,2025-03-14,,La Libertad Avanza,Debora Ruiz Ceballos,Obras Públicas,Sancionado,2025-03-20,2025-05-27,68,"S/ LA INCLUSIÓN DE UNA RAMPA PARA PEQUEÑAS EMBARCACIONES Y BAÑOS PÚBLICOS EN EL PROYECTO DE REFORMA DE LAS COSTA A LA ALTURA DE 33 ORIENTALES, DE LA CIUDAD DE BECCAR."
0060-2025-HCD,2025-03-14,DEC - Decreto,Bloque Unión X La Patria,Sarmiento Celia (mandato cumplido),Presupuesto,Sancionado,2025-03-20,2025-04-10,21,"S/ EL ACCESO AL SISTEMA INFORMÁTICO RAFAM, CON USUARIO PERSONAL, CLAVE Y PERMISO DE CONSULTA A CADA UNO DE LOS CONCEJALES."
0095-2025-HCD,2025-03-28,ORD - Ordenanza,Bloque Acción Vecinal San Isidro es Distinto - Juntos San Iisdro,Perez Walter Dr.,Otros,Archivado,2025-04-04,,537,EFECTUÁNDO MODIFICACIONES AL CÓDIGO DE ORDENAMIENTO URBANO.-
0112-2025-HCD,2025-03-28,ORD - Ordenanza,Bloque Unión X La Patria,Diaz Marcos,Otros,En comisión,2025-04-04,,537,"CREANDO EN LOS EDIFICIOS DE LAS INSTITUCIONES MUNICIPALES DE SAN ISIDRO UN ESPACIO DEDICADO A LA LACTANCIA , CUYA FUNCIÓN SERÁ RECOLECTAR, CONSERVAR Y ADMINISTRAR LA LECHE MATERNA."
0087-2025-HCD,2025-03-28,ORD - Ordenanza,Bloque Acción Vecinal San Isidro es Distinto - Juntos San Iisdro,Perez Walter Dr.,Ordenanza,En comisión,2025-04-04,,537,"DEROGANDO EL INCISO ""F"" DEL ARTÍCULO 1° Y EL ARTÍCULO 5° DE LA ORDENANZA N°9390.-"
0080-2025-HCD,2025-03-28,DEC - Decreto,Bloque Unión X La Patria,Schuppisser Manuela,Declaración de Interes,Sancionado,2025-04-04,2025-05-29,55,"DECLARANDO DE INTERÉS DEL H.C.D. LA JORNADA AERÓBICA RECREATIVA ""BENITO CORRE"", ORGANIZADA POR LA COMUNIDAD DE LA ESCUELA SECUNDARIA N° 14 ""BENITO LYNCH"", DE LA CIUDAD DE BOULOGNE."
0110-2025-HCD,2025-03-28,ORD - Ordenanza,Bloque Unión X La Patria,Diaz Marcos,Declaración de Interes,En comisión,2025-04-04,2025-05-15,41,"DECLARANDO DE INTERÉS HISTÓRICO Y ARQUITECTÓNICO EL INMUEBLE UBICADO EN LA CALLE VICENTE LÓPEZ N° 39 , DE LA CIUDAD DE MARTÍNEZ."
4105-2494-2025-C,2025-04-04,ORD - Ordenanza,Ejecutivo,Ejecutivo,Rendición de Cuentas,Sancionado,2025-04-04,,537,RENDICION DE CUENTAS
00139-2025-HCD,2025-04-11,ORD - Ordenanza,Bloque Acción Vecinal San Isidro es Distinto - Juntos San Iisdro,Perez Walter Dr.,Comercios e Industrias,En comisión,2025-04-21,,520,ESTABLECIENDO LA OBLIGATORIEDAD PARA TODA PERSONA QUE DESARROLLE CUALQUIER TIPO DE ACTIVIDAD LABORAL EN LA VÍA PÚBLICA PORTAR DE MANERA INEQUÍVOCAS Y PERMANENTEMENTE VISIBLE UNA IDENTIFICACIÓN.
00155-2025-HCD,2025-04-11,DEC - Decreto,Bloque Acción Vecinal San Isidro es Distinto - Juntos San Iisdro,Perez Walter Dr.,Honorable Concejo Deliberante,En comisión,2025-04-21,,520,CONVOCANDO AL SR. INTENDENTE MUNICIPAL A UNA SESIÓN ESPECIAL A REALIZARSE EL DÍA 28 DE ABRIL DEL CORRIENTE AÑO.
00137-2025-HCD,2025-04-11,RES - Resolución,Bloque Unión X La Patria,Sarmiento Celia (mandato cumplido),Beneplácito,En comisión,2025-04-21,,520,"EL H.C.D EXPRESA SU BENEPLÁCITO POR LA PRESENTACIÓN DEL PROGRAMA ""MEDICAMENTOS BONAERENSES DEL GOBIERNO DE LA PCIA. DE BUENOS AIRES."""
00148-2025-HCD,2025-04-11,ORD - Ordenanza,Bloque Unión X La Patria,Schuppisser Manuela,Salud Pública,Archivado,2025-04-21,,520,CREANDO EL OBSERVATORIO DE SALUD MENTAL Y CONSUMO PROBLEMÁTICO.
00141-2025-HCD,2025-04-11,ORD - Ordenanza,Bloque Bloque FR - Unión X La Patria,Meca Federico,Obras Particulares,En comisión,2025-04-21,,520,"SUSPENDIENDO MOMENTÁNEAMENTE EL PERMISO DE OBRA OTORGADO Y LOS TRABAJOS DE OBRA INICIADOS SOBRE LA CALLE IPIRANGA DESDE SERRANO HASTA ROLÓN, DE LA CIUDAD DE BOULOGNE."
00151-2025-HCD,2025-04-11,,Bloque Acción Vecinal San Isidro es Distinto - Juntos San Iisdro,Perez Walter Dr.,Tránsito,Sancionado,2025-04-21,2025-04-29,8,"S/ SUSPENDER EL CAMBIO DE MANO DE CIRCULACIÓN IMPLEMENTADO EN LAS CALLE PADRE ACEVEDO Y GENERAL GUIDO, EN EL TRAMO COMPRENDIDO ENTRE ACCESO TIGRE Y LA AV. BLANCO ENCALADA, DE LA CIUDAD DE SAN ISIDRO"
00146-2025-HCD,2025-04-11,ORD - Ordenanza,Bloque Unión X La Patria,Diaz Marcos,Tránsito,Sancionado,2025-04-21,2025-04-29,8,"ESTABLECIENDO EL SENTIDO ÚNICO DE CIRCULACIÓN VEHÍCULAR DE LA CALLE LUIS MARÍA DRAGO (OESTE-ESTE), EN EL TRAMO COMPRENDIDO ENTRE LA AV. BERNARDO ADER HASTA COMANDANTE LUIS PIEDRABUENA, DE LA CIUDAD DE VILLA ADELINA."
00179-2025-HCD,2025-04-25,RES - Resolución,Bloque Bloque FR - Unión X La Patria,Meca Federico,Repudio,En comisión,2025-05-08,,503,EL H.C.D. EXPRESA SU REPUDIO A LA MEDIDA DE AUDITORIA DE PENSIONES TOMADA POR EL GOBIERNO NACIONAL.-
00174-2025-HCD,2025-04-25,RES - Resolución,Bloque Unión X La Patria,Sarmiento Celia (mandato cumplido),Repudio,En comisión,2025-05-08,,503,
0182-2025-HCD,2025-04-25,RES - Resolución,Bloque Unión X La Patria,Schuppisser Manuela,Beneplácito,Sancionado,2025-05-08,2025-05-29,21,"EL H.C.D. EXPRESA SU BENEPLÁCITO POR LA PROMULGACIÓN DEL GOBIERNO BONAERENSE DE LA LEY 15.520 QUE INTRODUCE MODIFICACIONES A LA NORMATIVA SOBRE EL ""REGISTRO DE DEUDORES ALIMENTARIOS MOROSOS."""
0175-2025-HCD,2025-04-25,ORD - Ordenanza,Bloque Unión X La Patria,Sarmiento Celia (mandato cumplido),Planeamiento Urbano,Sancionado,2025-05-08,2025-05-12,4,"S/ INSTALAR UN PASO PEATONAL ELEVADO SOBRE LA CALLE CONSCRIPTO MARCELO OSCAR ROMERO, ENTRE MÑOR. LARUMBE Y CÓRDOBA EN LA CIUDAD DE MARTÍNEZ.-"
0184-2025-HCD,2025-04-29,RES - Resolución,Bloque Pro San Isidro,Viveka Nyborg Andersen,Beneplácito,En comisión,2025-05-08,,503,EL H.C.D. EXPRESA SU BENEPLÁCITO POR LA PROMULGACIÓN DE LA LEY NACIONAL N°27.786 POR SU RELEVANCIA PARA LA SEGURIDAD NACIONAL Y EL FORTALECIMIENTO DEL ORDEN JURÍDICO.
0186-2025-HCD,2025-04-29,ORD - Ordenanza,Bloque Unión X La Patria,Diaz Marcos,Seguridad,En comisión,2025-05-08,,503,CREANDO EL REGISTRO MUNICIPAL DE ALARMAS VECINALES DE SAN ISIDRO.
0183-2025-HCD,2025-04-29,ORD - Ordenanza,Bloque Pro San Isidro,Viveka Nyborg Andersen,Otros,En comisión,2025-05-08,,503,FACULTANDO AL D.E. A IMPULSAR CAMPAÑAS DE CONCIENCIACIÓN Y EDUCACIÓN SOBRE LA LEY NACIONAL ANTIMAFIAS N°27.786.-
0190-2025-HCD,2025-04-29,RES - Resolución,Bloque Bloque FR - Unión X La Patria,Meca Federico,Beneplácito,Sancionado,2025-05-08,2025-05-29,21,"EL H.C.D. EXPRESA SU RECONOCIMIENTO Y FELICITACIÓN AL LOCAL DE PANIFICADOS ""LA MANTEQUERIA"", POR APOSTAR E IMPULSAR EL DESARROLLO ECONÓMICO EN LA CIUDAD DE SAN ISIDRO."
00215-2025-HCD,2025-04-30,RES - Resolución,Bloque Acción Vecinal San Isidro es Distinto - Juntos San Iisdro,Perez Walter Dr.,Repudio,En comisión,2025-05-08,,503,EL H.C.D. EXPRESA SU REPUDIO A LA PARALIZACIÓN DE LAS OBRAS DE MANTENIMIENTO DE URGENCIAS DE LA SEDE DE LA UNIVERSIDAD NACIONAL SCALABRINI ORTIZ.-
00212-2025-HCD,2025-04-30,ORD - Ordenanza,Bloque Bloque FR - Unión X La Patria,Meca Federico,Reconocimiento,En comisión,2025-05-08,,503,"AUTORIZANDO AL D.E. LA CONSTRUCCIÓN Y EMPLAZAMIENTO DE UN MONUMENTO EN HOMENAJE AL PAPA FRANCISCO EN LA PLAZA MITRE, FRENTE A LA CATEDRAL DE SAN ISIDRO."
00204-2025-HCD,2025-04-30,ORD - Ordenanza,Bloque Unión X La Patria,Sarmiento Celia (mandato cumplido),Calles,En comisión,2025-05-08,,503,DESAFECTANDO DEL USO PÚBLICO EL TRAMO DE LA CALLE JUNCAL COMPRENDIDO ENTRE LAS CALLES LA PAZ Y FLEMING DEL PARTIDO DE SAN ISIDRO.
00213-2025-HCD,2025-04-30,RES - Resolución,Bloque Bloque FR - Unión X La Patria,Meca Federico,Educación,En comisión,2025-05-08,,503,"EL H.C.D. CELEBRA LA JORNADA DE LUCHA EN DEFENSA DE LA ESCUELA SECUNDARIA ESPECIALIZADA EN ARTE N°1, LLEVADA A CABO EL PASADO 29 DE ABRIL.-"
00207-2025-HCD,2025-04-30,ORD - Ordenanza,Bloque Unión X La Patria,Diaz Marcos,Tercera Edad,En comisión,2025-05-08,,503,CREANDO LA RESIDENCIA GERIÁTRICA MUNICIPAL DE SAN ISIDRO.-
00214-2025-HCD,2025-04-30,RES - Resolución,Bloque Acción Vecinal San Isidro es Distinto - Juntos San Iisdro,Perez Walter Dr.,Repudio,En comisión,2025-05-08,,503,"EL H.C.D. EXPRESA SU REPUDIO ANTE LAS INTENCIONES DEL PODER EJECUTIVO MUNICIPAL DE ABRIR LA CALLE JUNCAL DESDE LA AV. FLEMING HASTA LA CALLE LA PAZ, DE LA CIUDAD DE MARTÍNEZ."
00218-2025-HCD,2025-04-30,ORD - Ordenanza,Bloque Acción Vecinal San Isidro es Distinto - Juntos San Iisdro,Perez Walter Dr.,Parques y Plazas,En comisión,2025-05-08,,503,ESTABLECIENDO UN LÍMITE MÁXIMO DE DOS EVENTOS POR AÑO CALENDARIO QUE PODRÁN REALIZARSE EN EL PARQUE PÚBLICO DE VILLA ADELINA.
00201-2025-HCD,2025-04-30,DEC - Decreto,La Libertad Avanza,Feldtmann Maria Ines,Honorable Concejo Deliberante,Sancionado,2025-05-08,2025-05-15,7,ESTABLECIENDO LA ILUMINACIÓN DE LA FACHADA DEL HONORABLE CONCEJO DELIBERANTE DE SAN ISIDRO CON LOS COLORES BLANCO Y AMARILLO TODOS LOS 21 DE ABRIL EN HOMENAJE AL SANTO PADRE FRANCISCO.-
00220-2025-HCD,2025-04-30,ORD - Ordenanza,La Libertad Avanza,Feldtmann Maria Ines,Declaración,En comisión,2025-05-08,2025-05-15,7,DECLARANDO COMO PATRIMONIO INDUSTRIAL A LA USINA DE MARTÍNEZ.
00216-2025-HCD,2025-04-30,ORD - Ordenanza,Bloque Acción Vecinal San Isidro es Distinto - Juntos San Iisdro,Perez Walter Dr.,Declaración,En comisión,2025-05-08,2025-05-13,5,"DECLARANDO PAISAJE PROTEGIDO MUNICIPAL AL SECTOR DE LA RIBERA DEL PARTIDO DE SAN ISIDRO, COMPRENDIDO AL ESTE POR EL RÍO DE LA PLAZA, AL OESTE POR LA CALLE SEBASTIÁN ELCANO, AL SUR POR EL EMPRENDIMIENTO COMERCIAL MALLOY ´S Y AL NORTE POR EL PREDIO AGUILA CLUB."
00226-2025-HCD,2025-05-14,RES - Resolución,Bloque Bloque FR - Unión X La Patria,Meca Federico,Declaración,En comisión,2025-05-22,,489,"EL H.C.D. DECLARA A LA FERIA ARTESANAL DE SAN ISIDRO DE LA PLAZA MITRE, COMO PATRIMONIO CULTURAL MUNICIPAL"
00224-2025-HCD,2025-05-14,,Bloque Bloque FR - Unión X La Patria,Meca Federico,Seguridad,Sancionado,2025-05-22,2025-07-22,61,"S/ LA INSTALACIÓN DE UN TÓTEM DE SEGURIDAD EN LAS INMEDIACIONES DEL COLEGIO NACIONES UNIDAS, SITO EN LA AV. FELMING N° 973, DE LA CIUDAD DE MARTÍNEZ."
00245-2025-HCD,2025-05-16,DEC - Decreto,Bloque Acción Vecinal San Isidro es Distinto - Juntos San Iisdro,Perez Walter Dr.,Honorable Concejo Deliberante,En comisión,2025-05-22,,489,"AUTORIZANDO A LOS CONCEJALES EN EJERCICIO A REALIZAR VIDEOFILMACIONES DENTRO DEL RECINTO, EXCLUSIVAMENTE EN RELACIÓN CON LAS ACTIVIDADES PROPIAS DE SU FUNCIÓN COMO EDILES."
00244-2025-HCD,2025-05-16,ORD - Ordenanza,Bloque Acción Vecinal San Isidro es Distinto - Juntos San Iisdro,Perez Walter Dr.,Otros,En comisión,2025-05-22,,489,ESTABLECIENDO UN RÉGIMEN PARA CARGOS AD HONOREM DENTRO DE LA MUNICIPALIDAD DE SAN ISIDRO.-
00252-2025-HCD,2025-05-16,ORD - Ordenanza,Bloque Unión X La Patria,Diaz Marcos,Discapacidad,En comisión,2025-05-22,,489,"ESTABLECIENDO EN EL PARTIDO DE SAN ISIDRO EL SERVICIO GRATUITO DE TRASLADOS DE PERSONAS, DESTINADO A INSTITUCIONES DE LA SOCIEDAD CIVIL QUE TRABAJEN EN MATERIA DE DISCAPACIDAD.-"
00268-2025-HCD,2025-05-16,ORD - Ordenanza,Bloque Pro San Isidro,Viveka Nyborg Andersen,Parques y Plazas,En comisión,2025-05-22,,489,"DENOMINANDO AL PARQUE PÚBLICO SITO EN LAS CALLES ELCANO Y ALVEAR COMO ""PARQUE DEL RÍO PAPA FRANCISCO"".-"
00235-2025-HCD,2025-05-16,ORD - Ordenanza,Bloque Acción Vecinal San Isidro es Distinto - Juntos San Iisdro,Perez Walter Dr.,Seguridad,En comisión,2025-07-17,,433,"DISPONIENDO LA CREACIÓN Y PUBLICACIÓN DE UN INSTRUCTIVO DIGITAL DETALLADO SOBRE EL FUNCIONAMIENTO DEL SISTEMA DE COMUNICACIÓN POR WHATSAPP DENOMINADO ""OJOS EN ALERTA""."
00250-2025-HCD,2025-05-16,ORD - Ordenanza,Bloque Unión X La Patria,Diaz Marcos,Otros,Sancionado,2025-05-22,2026-05-11,354,"CREANDO EL PROGRAMA MUNICIPAL ""SAN ISIDRO INCLUYE"".-"
00251-2025-HCD,2025-05-16,ORD - Ordenanza,Bloque Unión X La Patria,Diaz Marcos,Declaración,,2025-05-22,2025-06-10,19,"ESTABLECIENDO COMO ""CIELO OSCURO PROTEGIDO"" DE SAN ISIDRO LA COSTA DEL RIO DE LA PLATA."
00269-2025-HCD,2025-05-16,RES - Resolución,Bloque Convocación por San Isidro,Riganti Catalina,Declaración de Interes,Sancionado,2025-05-22,2025-05-29,7,"EL H.C.D. DECLARA DE INTERÉS EL LIBRO ""QUE TU LÍMITE SEA LA FINISH LINE"" DE LA ESCRITORA MARÍA DE LOS ÁNGELES MUÑOZ POR SER UN EJEMPLO DE MOTIVACIÓN, PERSEVERANCIA Y RESILIENCIA"
00254-2025-HCD,2025-05-16,RES - Resolución,Bloque Cambia San Isidro,Alvarado Guido,Reconocimiento,Sancionado,2025-05-22,2025-05-29,7,"EL H.C.D. EXPRESA SU RECONOCIMIENTO A LA ASOCIACIÓN VECINOS EN ACCIÓN, POR SUS 25 AÑOS DE LABOR ININTERRUMPIDA EN DEFENSA DE LOS INTERESES PARA LA COMUNIDAD DE SAN ISIDRO.-"
00236-2025-HCD,2025-05-16,ORD - Ordenanza,Bloque Unión X La Patria,Schuppisser Manuela,Cultura,Archivado,2025-05-22,2025-05-28,6,"INCORPORANDO A LA AGENDA CULTURAL DEL PARTIDO DE SAN ISIDRO LAS FUNCIONES DE ""CINE Y TEATRO DISTENDIDOS"".-"
00279-2025-HCD,2025-05-29,ORD - Ordenanza,,,Otros,En comisión,2025-06-05,,475,CREANDO EL REGISTRO MUNICIPAL DE PROPIEDADES ABANDONADAS.-
00281-2025-HCD,2025-05-29,RES - Resolución,Bloque Unión X La Patria,Schuppisser Manuela,Otros,En comisión,2025-06-05,,475,"EL H.C.D. EXPRESA PREOCUPACION POR LA RESOLUCION Nº 45/2025 DONDE EL GOBIERNO NACIONAL HABILITA MEDIANTE UN TRAMITE DIGITAL LA TENENCIA DE ARMAS DE FUEGO ADQUIRIDAS EN ARMERIAS LLAMADO ""TENENCIA EXPRESS"".-"
00289-2025-HCD,2025-05-29,ORD - Ordenanza,Bloque Bloque FR - Unión X La Patria,Meca Federico,Otros,Sancionado,2025-06-05,,475,CREANDO LA MESA LOCAL DE POLÍTICAS AMBIENTALES DE SAN ISIDRO.-
00291-2025-HCD,2025-05-29,ORD - Ordenanza,Bloque Bloque FR - Unión X La Patria,Meca Federico,Reconocimiento,En comisión,2025-06-05,,475,AUTORIZANDO AL D.E. A LA CONSTRUCCION Y EMPLAZAMIENTO DE UN MONUMENTO EN HOMENAJE AL PAPA FRANCISCO.-
00284-2025-HCD,2025-05-29,RES - Resolución,Bloque Unión X La Patria,Schuppisser Manuela,Declaración de Interes,En comisión,2025-06-05,,475,"EL H.C.D. DECLARA DE INTERÉS EL 27 DE MAYO DE CADA AÑO COMO EL ""DÍA DE LA VISIBILIZACIÓN Y LUCHA CONTRA LA VIOLENCIA EN LOS NOVIAZGOS""."
00292-2025-HCD,2025-05-29,ORD - Ordenanza,Bloque Bloque FR - Unión X La Patria,Meca Federico,Educación,En comisión,2025-06-05,,475,CREANDO LA COMISIÓN DE SEGUIMIENTO DEL FONDO EDUCATIVO.
00288-2025-HCD,2025-05-29,ORD - Ordenanza,Bloque Bloque FR - Unión X La Patria,Meca Federico,Obras Particulares,En comisión,2025-06-05,,475,"PROCEDIENDO A LA SUSPENCIÓN MOMENTANEA DEL PERMISO DE OBRA OTORGADO Y DE TRABAJOS DE OBRA INICIADOS SOBRE LA CALLE IPIRANGA, DESDE LA CALLE SERRANO HASTA LA AV. ROLÓN, DE LA CIUDAD DE BOULOGNE."
00287-2025-HCD,2025-05-29,RES - Resolución,Bloque Pro San Isidro,Martinez Gabriela (mandato cumplido),Adhesión,Sancionado,2025-06-05,2025-11-13,161,"EL H.C.D. SOLICITA A LA HONORABLE CÁMARA DE DIPUTADOS DE LA PCIA. DE BS. AS. EL PRONTO TRATAMIENTO Y SANCIÓN QUE PROPONE LA ADHESIÓN DE LA PCIA. DE BS. AS. AL ""RÉGIMEN DE TRANSPARENCIA FISCAL AL CONSUMIDOR"""
00290-2025-HCD,2025-05-29,ORD - Ordenanza,Bloque Bloque FR - Unión X La Patria,Meca Federico,Ordenanza,Sancionado,2025-06-05,2025-06-25,20,ESTABLECIENDO QUE EL CONSEJO ESCOLAR DE SAN ISIDRO REMITA AL H.C.D. UN INFORME ANUAL DETALLANDO LA SITUACIÓN EDUCATIVA DE CADA ESTABLECIMIENTO DEL DISTRITO.-
00293-2025-HCD,2025-05-29,ORD - Ordenanza,Bloque Acción Vecinal San Isidro es Distinto - Juntos San Iisdro,Perez Walter Dr.,Patrimonio Municipal,En comisión,2025-06-05,2025-06-11,6,"ESTABLECIENDO LA PRESERVACIÓN INTEGRAL DEL SOLADO DE ADOQUINES EXISTENTE EN LAS CALLES DEL PARTIDO DE SAN ISIDRO, RECONOCIENDOSE SU VALOR HISTÓRICO, PATRIMONIAL Y ECONÓMICO.-"
00312-2025-HCD,2025-06-02,ORD - Ordenanza,Bloque Unión X La Patria,Diaz Marcos,Obras Públicas,Archivado,2025-06-05,,475,MODIFICANDO EL CÓDIGO DE ORDENAMIENTO URBANO (C.O.U.).-
00296-2025-HCD,2025-06-02,RES - Resolución,Bloque Unión X La Patria,Schuppisser Manuela,Reconocimiento,Sancionado,2025-06-05,,475,"EL H.C.D. EXPRESA SU BENEPLÁCITO POR LA CONMEMORACIÓN DEL 40º ANIVERSARIO DE LA CREACIÓN DE LA ESCUELA DE EDUCACIÓN SECUNDARIA N° 14 ""BENITO LYNCH""."
00306-2025-HCD,2025-06-02,DEC - Decreto,La Libertad Avanza,Feldtmann Maria Ines,Cultura,En comisión,2025-06-05,,475,ESTABLECIENDO EL CONCURSO DE ARTE SAN ISIDRO LABRADOR EN EL MARCO DE LAS PROPUESTAS CULTURALES DEL H.C.D.-
00342-2025-HCD,2025-06-12,RES - Resolución,Bloque Pro San Isidro,Martinez Gabriela (mandato cumplido),Repudio,En comisión,2025-06-19,,461,"EL H.C.D. EXPRESA SU REPUDIO POR EL INTENTO DE ASESINATO AL CONGRESISTA DEL CENTRO DEMOCRÁTICO DE COLOMBIA, MIGUEL URIBE."
00349-2025-HCD,2025-06-12,ORD - Ordenanza,Bloque Acción Vecinal San Isidro es Distinto - Juntos San Iisdro,Perez Walter Dr.,Terrenos,Archivado,2025-06-19,,461,"DECLARÁNDO DE UTILIDAD PÚBLICA Y SUJETO A EXPROPIACIÓN EL SECTOR DEL INMUEBLE IDENTIFICADO CATASTRALMENTE COMO CIRCUNSCRIPCIÓN 6, SECCIÓN D, FRACCIÓN 4, PARCELA 1B."
00326-2025-HCD,2025-06-12,RES - Resolución,La Libertad Avanza,Feldtmann Maria Ines,Declaración de Interes,Sancionado,2025-06-19,,461,"EL H.C.D. DECLARA DE INTERÉS EL ""CURSO DE HISTORIA DE SAN ISIDRO 2025"" DEL INSTITUTO HISTÓRICO MUNICIPAL DE SAN ISIDRO.-"
00334-2025-HCD,2025-06-12,ORD - Ordenanza,Bloque Bloque FR - Unión X La Patria,Meca Federico,Planeamiento Urbano,Archivado,2025-06-19,,461,EFECTÚANDO DIVERSAS MODIFICACIONES AL CÓDIGO DE ORDENAMIENTO URBANO (COU).
00348-2025-HCD,2025-06-12,ORD - Ordenanza,Bloque Acción Vecinal San Isidro es Distinto - Juntos San Iisdro,Perez Walter Dr.,Planeamiento Urbano,Archivado,2025-06-19,,461,EFECTÚANDO DIVERSAS MODIFICACIONES AL CÓDIGO DE ORDENAMIENTO URBANO (COU).
00335-2025-HCD,2025-06-12,RES - Resolución,Bloque Bloque FR - Unión X La Patria,Meca Federico,Repudio,En comisión,2025-06-19,,461,EL H.C.D. EXPRESA SU REPUDIO A LA UTILIZACIÓN DEL PODER JUDICIAL COMO INSTRUMENTO DE PERSECUCIÓN POLÍTICA Y EXPRESA SU SOLIDARIDAD CON LA EX VICEPRESIDENTA DE LA NACIÓN CRISTINA FERNANDEZ DE KIRCHNER.
00344-2025-HCD,2025-06-12,RES - Resolución,Bloque Cambia San Isidro,Alvarado Guido,Repudio,Sancionado,2025-06-19,2025-10-09,112,EL H.C.D. EXPRESA PREOCUPACIÓN POR LA INJUSTIFICADA REDUCCIÓN DEL FONDO COMPENSADOR DISPUESTA POR EL GOBIERNO DE LA PROVINCIA DE BUENOS AIRES QUE AFECTA A LOS ESTABLECIMIENTOS EDUCATIVOS DEL DISTRITO.
00325-2025-HCD,2025-06-12,RES - Resolución,La Libertad Avanza,Feldtmann Maria Ines,Declaración de Interes,Sancionado,2025-06-19,2025-06-26,7,"EL H.C.D. DECLARA DE INTERÉS LA CAMPAÑA ""QUE ENTIENDAN LO QUE LEAN"" DE ARGENTINOS POR LA EDUCACIÓN.-"
00331-2025-HCD,2025-06-12,DEC - Decreto,Bloque Unión X La Patria,Schuppisser Manuela,Declaración de Interes,Sancionado,2025-06-19,2025-06-26,7,"EL H.C.D. DECLARA DE INTERÉS EL ""PROYECTO DE NUCLEAMIENTOS DE BIBLIOTECAS ESCOLARES NUBE"" EN EL DISTRITO DE SAN ISIDRO.-"
00327-2025-HCD,2025-06-12,RES - Resolución,La Libertad Avanza,Feldtmann Maria Ines,Reconocimiento,Sancionado,2025-06-19,2025-06-26,7,"EL H.C.D. FELICITA A LA LENCERÍA ""CAROLINA"" UBICADA EN LA CALLE BELGRANO Nº 314, CON MOTIVO DE SU 30º ANIVERSARIO."
00324-2025-HCD,2025-06-12,RES - Resolución,La Libertad Avanza,Feldtmann Maria Ines,Educación,Sancionado,2025-06-19,2025-06-26,7,EL H.C.D. EXPRESA SU PREOCUPACIÓN POR LOS RESULTADOS DE LAS PRUEBAS APRENDER CON UNA GRAN MAYORÍA DE LOS ALUMNOS DEBAJO DE LOS NIVELES ESPERADOS.-
00323-2025-HCD,2025-06-12,RES - Resolución,Bloque Bloque FR - Unión X La Patria,Meca Federico,Reconocimiento,Sancionado,2025-06-19,2025-06-26,7,"EL H.C.D. EXPRESA SU RECONOCIMIENTO Y FELICITACIÓN POR EL ANIVERSARIO Nº70 A LA HISTÓRICA PANCHERÍA ""COQUITO"", UBICADA EN GRAL. MANUEL BELGRANO Nº92, SAN ISIDRO."
00353-2025-HCD,2025-06-23,DEC - Decreto,Bloque Acción Vecinal San Isidro es Distinto - Juntos San Iisdro,Posse Macarena (mandato cumplido),Licencia,Sancionado,2025-06-18,,462,LICENCIA CONCEJAL POSSE
00381-2025-HCD,2025-06-27,ORD - Ordenanza,Bloque Bloque FR - Unión X La Patria,Meca Federico,Otros,En comisión,2025-07-03,,447,"CREANDO EN EL ÁMBITO DEL CONCEJO DELIBERANTE DE SAN ISIDRO, LA OFICINA ANTICORRUPCIÓN PARA LA GESTIÓN MUNICIPAL.-"
00368-2025-HCD,2025-06-27,RES - Resolución,Bloque Unión X La Patria,Schuppisser Manuela,Otros,En comisión,2025-07-03,,447,"EL H.C.D. EXPRESA SU PREOCUPACIÓN POR EL DECRETO 383/2025 ""POLICÍA FEDERAL ARGENTINA"" ANEXO- ESTATUTO DE LA POLICÍA FEDERAL ARGENTINA, DONDE SE MODIFICA LA LEY ORGÁNICA DE LA PFA."
00394-2025-HCD,2025-06-27,ORD - Ordenanza,Bloque Acción Vecinal San Isidro es Distinto - Juntos San Iisdro,Perez Walter Dr.,Presupuesto,En comisión,2025-07-03,,447,"EXIMIENDO DEL PAGO DE LA TASA POR ALUMBRADO, LIMPIEZA Y SERVICIOS GENERALES A LAS CUENTAS TRIBUTARIAS CORRESPONDIENTES A LOS INMUEBLES FRENTISTAS DE LA AV. ANDRÉS ROLÓN, EN EL TRAMO COMPRENDIDO ENTRE LAS CALLES JOSÉ INGENIEROS Y URUGUAY, DE LA CIUDAD DE BECCAR"
00391-2025-HCD,2025-06-27,RES - Resolución,Bloque Acción Vecinal San Isidro es Distinto - Juntos San Iisdro,Perez Walter Dr.,Repudio,Sancionado,2025-07-03,,447,"EL H.C.D. MANIFIESTA REPUDIO A LOS HECHOS ACONTECIDOS EL PASADO DÍA 19 DE JUNIO EN EL HIPÓDROMO DE SAN ISIDRO, DURANTE EL ACTO DE LA PROMESA DE LA LEALTAD A LA BANDERA.-"
00356-2025-HCD,2025-06-27,RES - Resolución,Bloque Pro San Isidro,Viveka Nyborg Andersen,Repudio,Sancionado,2025-07-03,,447,EL H.C.D EXPRESA SU REPUDIO POR LAS AMENAZAS AL DIPUTADO JOSE LUIS EXPERT Y AL ATAQUE A SU DOMICILIO EN EL PARTIDO DE SAN ISIDRO.
00388-2025-HCD,2025-06-27,RES - Resolución,La Libertad Avanza,Debora Ruiz Ceballos,Declaración,En comisión,2025-07-03,,447,EL H.C.D. FELICITA A LA DOCENTE ÁNGELA ETCHEBERRY POR SU TRAYECTORIA Y SU EJEMPLAR LABOR TANTO DENTRO DE LA COMUNIDAD EDUCATIVA COMO PARA LOS VECINOS DE SAN ISIDRO.
00357-2025-HCD,2025-06-27,ORD - Ordenanza,Bloque Bloque FR - Unión X La Patria,Rivadulla Estefania,Obras Públicas,En comisión,2025-07-03,,447,"S/ LA CREACION Y COLOCACION DE DIVERSOS PUNTOS DE CONEXION AL SERVICIO DE INTERNET FRATUITOS EN PUBLICOS, EN DIFERENTES ESPACIOS PUBLICOS DONDE SE CURSEN NIVELES ACADEMICOS SECUDARIOS O TERCIARIOS DENTRO DEL PARTIDO DE SAN ISIDRO."
00399-2025-HCD,2025-06-27,RES - Resolución,La Libertad Avanza,Feldtmann Maria Ines,Repudio,Sancionado,2025-07-03,,447,EL H.C.D. EXPRESA SU REPUDIO AL ACTO VANDÁLICO EN LA CASA DEL DIPUTADO NACIONAL JOSÉ LUIS ESPERT EN LA CIUDAD DE BECCAR.-
00358-2025-HCD,2025-06-27,RES - Resolución,Bloque Bloque FR - Unión X La Patria,Rivadulla Estefania,Repudio,En comisión,2025-07-03,,447,"EL H.C.D. EXPRESA SU REPUDIO AL RESPALDO PÚBLICO DEL PRESIDENTE DE LA NACIÓN, AL ACCIONAR MILITAR DE ESTADOS UNIDOS E ISRAEL CONTRA IRÁN."
00372-2025-HCD,2025-06-27,RES - Resolución,Bloque Bloque FR - Unión X La Patria,Meca Federico,,Sancionado,2025-07-03,,447,EL H.C.D. EXPRESA SU REPUDIO A LA UTILIZACIÓN INDEBIDA DE LA BANDERA NACIONAL EL PASADO 19 DE JUNIO EN EL ACTO DE LA JURA A LA BANDERA EN EL HIPÓDROMO DE SAN ISIDRO.
00384-2025-HCD,2025-06-27,ORD - Ordenanza,La Libertad Avanza,Feldtmann Maria Ines,Declaración de Interes,En comisión,2025-07-03,,447,"DECLARANDO COMO ""PERSONALIDAD DESTACADA DEL PARTIDO DE SAN ISIDRO"" AL HISTORIADOR BERNARDO LOZIER ALMAZÁN POR SU DESTACADA TRAYECTORIA Y SUS INVALUABLES APORTES A LA CULTURA, EL PATRIMONIO Y LA HISTORIA DE SAN ISIDRO"
00361-2025-HCD,2025-06-27,RES - Resolución,Bloque Unión X La Patria,Sarmiento Celia (mandato cumplido),Repudio,En comisión,2025-07-03,,447,"EL H.C.D EXPRESA SU REPUDIO A LAS DECLARACIONES REALIZADAS POR PARTE DEL DIPUTADO NACIONAL JOSE LUIS ESPERT, EL PASADO 11 DE JUNIO."
00360-2025-HCD,2025-06-27,RES - Resolución,Bloque Unión X La Patria,Sarmiento Celia (mandato cumplido),Repudio,En comisión,2025-07-03,,447,EL H.C.D. EXPRESA RECHAZO AL NUEVO ESTATUTO DE LA POLICÍA FEDERAL ARGENTINA (PFA) APROBADO POR EL ARTÍCULO 1° DEL DECRETO N° 383/2025.
00359-2025-HCD,2025-06-27,RES - Resolución,Bloque Bloque FR - Unión X La Patria,Rivadulla Estefania,Otros,En comisión,2025-07-03,,447,"EL H.C.D EXPRESA SU REPUDIO A LA UTILIZACIÓN DE LOS CORREOS ELECTRÓNICOS DE LA BASE DE DATOS MUNICIPAL DE LOS VECINOS POR PARTE DEL SR. INTENDENTE , CRUZANDO UNA LÍNEA ENTRE EL ROL INSTITUCIONAL Y EL INTERÉS INDIVIDUAL."
00367-2025-HCD,2025-06-27,RES - Resolución,Bloque Convocación por San Isidro,Quintana Bernabe Durini,Otros,En comisión,2025-07-03,,447,"EL H.C.D. EXPRESA SU PREOCUPACIÓN POR LA MEDIA SANCIÓN OTORGADA POR EL HONORABLE SENADO DE LA PROVINCIA DE BUENOS AIRES, SOBRE EL PROYECTO DE LEY QUE HABILITA LAS REELECCIONES INDEFINIDAS EN LOS CARGOS ELECTIVOS DE LA PROVINCIA DE BS. AS."
00389-2025-HCD,2025-06-27,RES - Resolución,La Libertad Avanza,Feldtmann Maria Ines,Declaración de Interes,Sancionado,2025-07-03,2025-10-09,98,"EL H.C.D. DECLARA DE INTERÉS EL LIBRO ""NO APRENDIMOS NADA"" DE LA EDUCADORA VICTORIA ZORRAQUÍN Y CELEBRA SU APORTE AL DEBATE SOBRE LA EDUCACIÓN Y FUTURO DE NUESTRO PAÍS.-"
00390-2025-HCD,2025-06-27,DEC - Decreto,Bloque Unión X La Patria,Schuppisser Manuela,Salud Pública,Sancionado,2025-07-03,2025-09-24,83,"ESTABLECIENDO LA CAPACITACIÓN DE REANIMACIÓN CARDIOPULMONAR (RCP) Y EL USO DEL DESFIBRILADOR EXTERNO AUTOMÁTICO (DEA), QUE SE ENCUENTRA DENTRO DEL HONORABLE CONCEJO DELIBERANTE."
00400-2025-HCD,2025-06-27,RES - Resolución,Bloque Cambia San Isidro,Alvarado Guido,Reconocimiento,Sancionado,2025-07-03,2025-07-24,21,EL H.C.D. EXPRESA RU RECONOCIMIENTO Y FELICITACIÓN AL DIBUJANTE Y HUMORISTA GRÁFICO JORGE HIPÓLITO MEIJIDE POR SU APORTE A LA CULTURA NACIONAL
00444-2025-HCD,2025-07-11,ORD - Ordenanza,Bloque Acción Vecinal San Isidro es Distinto - Juntos San Iisdro,Perez Walter Dr.,Ordenanza,En comisión,2025-07-17,,433,"ESTABLECIENDO LA OBLIGATORIEDAD PARA TODO EL PERSONAL DEPENDIENTE DE LA MUNICIPALIDAD DE SAN ISIDRO O DE EMPRESAS DE SERVICIOS PÚBLICOS DENTRO DEL PARTIDO,PORTAR UNA IDENTIFICACIÓN."
00432-2025-HCD,2025-07-11,RES - Resolución,Bloque Unión X La Patria,Schuppisser Manuela,Beneplácito,Sancionado,2025-07-17,,433,EL H.C.D. EXPRESA SU BENEPLÁCITO POR EL 15º ANIVERSARIO DEL PROGRAMA PROVINCIAL ENVIÓN DEPENDIENTE DE LA DIRECCIÓN PROVINCIAL DE JUVENTUDES DEL MINISTERIO DE DESARROLLO DE LA COMUNIDAD DEL GOBIERNO DE LA PROVINCIA DE BUENOS AIRES
00442-2025-HCD,2025-07-11,RES - Resolución,Bloque Pro San Isidro,Martinez Gabriela (mandato cumplido),Declaración,Sancionado,2025-07-17,,433,"EL H.C.D. FELICITA POR SUS 40 AÑOS A LA FUNDACIÓN NOSOTROS, POR SU LABOR Y TRAYECTORIA BRINDANDO APOYO Y FORMACIÓN PROFESIONAL A PERSONAS CON DISCAPACIDAD INTELECTUAL Y A SUS FAMILIAS EN SAN ISIDRO."
00443-2025-HCD,2025-07-11,ORD - Ordenanza,Bloque Acción Vecinal San Isidro es Distinto - Juntos San Iisdro,Perez Walter Dr.,Ordenanza,En comisión,2025-07-17,,433,ORDENANDO LA PUBLICACIÓN EN EL BOLETÍN OFICIAL MUNICIPAL EL LISTADO COMPLETO Y ACTUALIZADO DE TODOS LOS TRABAJADORES CONTRATADOS BAJO LA MODALIDAD DEL RÉGIMEN DE MONOTRIBUTO.-
00436-2025-HCD,2025-07-11,RES - Resolución,Bloque Bloque FR - Unión X La Patria,Meca Federico,Reconocimiento,Sancionado,2025-07-17,,433,"EL H.C.D. EXPRESA SU RECONOCIMIENTO A LA FUNDACIÓN NOSOTROS, SITA EN LA CALLE MANZONE Nº 501, DE LA LOCALIDAD DE ACASSUSO, POR SU 40º ANIVERSARIO."
00435-2025-HCD,2025-07-11,RES - Resolución,Bloque Unión X La Patria,Schuppisser Manuela,Beneplácito,Sancionado,2025-07-17,,433,EL H.C.D. EXPRESA SU BENEPLÁCITO A LA FUNDACIÓN NOSOTROS EN EL 40º ANIVERSARIO DE SU CREACIÓN Y SU GRAN APORTE A LA COMUNIDAD.-
00446-2025-HCD,2025-07-11,ORD - Ordenanza,La Libertad Avanza,Feldtmann Maria Ines,Declaración,Archivado,2025-07-17,,433,"DECLANDO COMO ""PERSONALIDAD DESTACADA DEL PARTIDO DE SAN ISIDRO"" AL HISTORIADOR Y VECINO BERNARDO LOZIER ALMAZÁN POR SU DESTACADA TRAYECTORIA Y SUS INVALUABLES APORTES A LA CULTURA, EL PATRIMONIO Y LA HISTORIA DE SAN ISIDRO.-"
00423-2025-HCD,2025-07-11,RES - Resolución,Bloque Bloque FR - Unión X La Patria,Meca Federico,Reconocimiento,Sancionado,2025-07-17,,433,"EL H.C.D. EXPRESA SU RECONOCIMIENTOS AL CENTRO DE FORMACIÓN PROFESIONAL N° 403, DE LA CIUDAD DE SAN ISIDRO.-"
00427-2025-HCD,2025-07-11,RES - Resolución,Bloque Unión X La Patria,Diaz Marcos,Declaración de Interes,Sancionado,2025-07-17,2025-07-24,7,"EL H.C.D. DECLARA DE INTERÉS EL PROYECTO EDUCATIVO ""LA CAVA 4.0"", IMPULSADO POR EL CENTRO DE FORMACIÓN LABORAL Nº 404, DEL BARRIO LA CAVA.-"
00447-2025-HCD,2025-07-11,RES - Resolución,La Libertad Avanza,Feldtmann Maria Ines,Reconocimiento,Sancionado,2025-07-17,2025-07-24,7,EL H.C.D. FELICITA A BRU-MI DEPORTES POR SU 70º ANIVERSARIO Y POR SU INVALUABLE APORTE AL CENTRO COMERCIAL DE LA CIUDAD DE MARTÍNEZ.-
00439-2025-HCD,2025-07-11,RES - Resolución,Bloque Pro San Isidro,Martinez Gabriela (mandato cumplido),Declaración de Interes,Sancionado,2025-07-17,2025-07-24,7,"EL H.C.D. DECLARA DE INTERÉS EL ENCUENTRO ""EL ARTE DE CHAGUAR"", A REALIZARSE EL DÍA 24 DE JULIO DE 2025 A LAS 17:00HS. EN PEDRO DE MENDOZA Nº 587, SAN ISIDRO.-"
00437-2025-HCD,2025-07-11,DEC - Decreto,Bloque Cambia San Isidro,Alvarado Guido,Honorable Concejo Deliberante,Sancionado,2025-07-17,2025-07-24,7,"ESTABLECIENDO QUE EL DÍA 4 DE JULIO DE CADA AÑO, SE ILUMINE LA FACHADA DEL H.C.D. CON EL COLOR AZUL CONMEMORANDO EL ""DÍA DE LA CONCIENTIZACIÓN DEL SÍNDROME XYY"".-"
00429-2025-HCD,2025-07-11,RES - Resolución,Bloque Unión X La Patria,Sarmiento Celia (mandato cumplido),Beneplácito,Sancionado,2025-07-17,2025-07-24,7,"EL H.C.D. EXPRESA BENEPLÁCITO Y ALEGRÍA POR LA RESTITUCIÓN DEL NIETO 140, ANUNCIADA POR LA ASOCIACIÓN ABUELAS DE PLAZA DE MAYO EL PASADO 7 DE JULIO DE 2025.-"
00445-2025-HCD,2025-07-11,ORD - Ordenanza,Bloque Acción Vecinal San Isidro es Distinto - Juntos San Iisdro,Perez Walter Dr.,Calles,En comisión,2025-07-17,2025-07-21,4,"ESTABLECIENDO LA PRESERVACIÓN INTEGRAL DEL SOLADO DE ADOQUINES EXISTENTE EN LAS CALLES DEL PARTIDO DE SAN ISIDRO, RECONOCIENDOSE SU VALOR HISTÓRICO, PATRIMONIAL Y ECONÓMICO.-"
050237-2025-S,2025-07-15,ORD - Ordenanza,Ejecutivo,Ejecutivo,Calles,Sancionado,2025-07-17,,433,"PROYECTO DE ORDENANZA SOLICITA CAMBIO DE NOMINACIÓN DE LA CALLE ""PADRE JOSE RAMON SORRIBAS""."
009284-2024-S,2025-07-15,ORD - Ordenanza,Ejecutivo,Ejecutivo,Donación,Sancionado,2025-07-17,2026-03-26,252,"DONACION ""DE COMPUTADORAS A LA DIRECCIÓN DE TRANSFORMACIÓN DE LA SECRETARIA DE SALUD PUBLICA DE LA MUNICIPALIDAD DE SAN ISIDRO , POR PFIZER SRL""."
00465-2025-HCD,2025-08-01,RES - Resolución,Bloque Unión X La Patria,Schuppisser Manuela,Repudio,En comisión,2025-08-07,,412,EL H.C.D. EXPRESA SU REPUDIO Y PREOCUPACIÓN POR EL DECRETO Nº 345/2025 QUE MODIFICA LA LEY NACIONAL DEL TEATRO Nº 24.800
00472-2025-HCD,2025-08-01,RES - Resolución,Bloque Partido Demócrata,Debora Ruiz Ceballos,Repudio,En comisión,2025-08-07,,412,"EL H.C.D. EXPRESA SU REPUDIO A LA CONDUCTA DE ANDREA KARINA VÁZQUEZ, DENUNCIADA POR INSTIGAR Y MANTENER UNA DENUNCIA FALSA DE ABUSO CONTRA SU EX PAREJA, EL DR. PABLO GHISONI."
00476-2025-HCD,2025-08-01,RES - Resolución,Bloque Con los Vecinos,Alvarado Guido,Reconocimiento,Sancionado,2025-08-07,2025-08-14,7,"EL H.C.D. EXPRESA SU RECONOCIMIENTO Y FELICITACIÓN A LA CANTINA ""EL TALADRO"", UBICADA EN DIAGONAL SALTA Nº 596 DE LA CIUDAD DE MARTÍNEZ, CON MOTIVO DE SU 50º ANIVERSARIO"
00475-2025-HCD,2025-08-01,RES - Resolución,Bloque Cambia San Isidro,Alvarado Guido,Declaración de Interes,Sancionado,2025-08-07,2025-08-14,7,"EL H.C.D. DECLARA DE INTERÉS EL LIBRO ""LOS TRES PIQUETEROS"", PUBLICADO POR EL POLITÓLOGO, PERIODISTA Y ESCRITOR JULIÁN ÁLVAREZ SANSONE."
00459-2025-HCD,2025-08-01,ORD - Ordenanza,,,Declaración,En comisión,2025-11-19,2025-08-14,-97,"DECLARANDO ""PERSONALIDAD DESTACADA DEL PARTIDO DE SAN ISIDRO"" AL SR. HECTOR FACUNDO VITALE, CONOCIDO COMO LITO VITALE, EN RECONOCIMIENTO A SU TRAYECTORIA ARTÍSTICA, SU COMPROMISO CULTURAL Y SU VÍNCULO ENTRAÑABLE CON EL DISTRITO"
00489-2025-HCD,2025-08-18,RES - Resolución,Bloque Unión X La Patria,Schuppisser Manuela,Beneplácito,Sancionado,2025-08-21,2025-09-11,21,"EL H.C.D. EXPRESA SU BENEPLÁCITO POR LA CONMEMORACIÓN DEL 85º ANIVERSARIO DE LA CREACIÓN DE LA ESCUELA DE EDUCACIÓN SECUNDARIA Nº3 ""LIBERTADOR GRAL. JOSÉ DE SAN MARTÍN"" DE LA CIUDAD DE SAN ISIDRO."
00504-2025-HCD,2025-08-18,RES - Resolución,La Libertad Avanza,Martinez Gabriela (mandato cumplido),Beneplácito,Sancionado,2025-08-21,2025-09-11,21,EL H.C.D. EXPRESA SU BENEPLÁCITO POR LA CREACIÓN DEL MAPA FEDERAL DE CONSULTA PÚBLICA SOBRE ORGANIZACIONES Y CLUBES INCLUSIVOS.-
00499-2025-HCD,2025-08-18,RES - Resolución,Bloque Convocación por San Isidro,Riganti Catalina,Declaración de Interes,Sancionado,2025-08-21,2025-09-11,21,EL H.C.D. DECLARA DE INTERÉS LA VALIOSA CONTRIBUCIÓN DE LAS CHARLAS TEDX SAN ISIDRO A LO LARGO DE SUS DIEZ AÑOS DE TRAYECTORIA EN LA MUNICIPIO.-
00527-2025-HCD,2025-08-28,ORD - Ordenanza,Bloque Unión X La Patria,Schuppisser Manuela,Cultura,En comisión,2025-09-04,,384,"CREANDO EL REGISTRO MUNICIPAL DE ""ARTISTAS CALLEJEROS"" EN EL ÁMBITO DEL MUNICIPIO DE SAN ISIDRO."
00531-2025-HCD,2025-08-28,RES - Resolución,Bloque Unión X La Patria,Sarmiento Celia (mandato cumplido),Beneplácito,En comisión,2025-09-04,,384,EL H.C.D. EXPRESA BENEPLÁCITO POR LA INSISTENCIA DEL CONGRESO DE LA NACIÓN EN SOSTENER LA LEY DE EMERGENCIA EN DISCAPACIDAD.
00532-2025-HCD,2025-08-28,RES - Resolución,Bloque Unión X La Patria,Sarmiento Celia (mandato cumplido),Repudio,En comisión,2025-09-04,,384,EL H.C.D. REPUDIA LOS HECHOS DE CORRUPCIÓN DENUNCIADOS EN EL SENO DE LA AGENCIA NACIONAL DE DISCAPACIDAD (ANDIS)
00534-2025-HCD,2025-08-28,RES - Resolución,Bloque Unión X La Patria,Bartolini Mateo (mandato cumplido),Beneplácito,Sancionado,2025-09-04,2025-09-11,7,EL H.C.D. DECLARA SU BENEPLÁCITO POR LA APERTURA DE LA PRIMER OFICINA REGIONAL DE ONU TURISMO PARA LAS AMÉRICAS Y EL CARIBE.
00544-2025-HCD,2025-08-29,RES - Resolución,Bloque Bloque FR - Unión X La Patria,Meca Federico,Repudio,En comisión,2025-09-04,,384,EL H.C.D. EXPRESA REPUDIO AL D.E. POR DIFICULTAR LAS ACCIONES LIBRES EN LA CAMPAÑA POLÍTICA.
00553-2025-HCD,2025-08-29,RES - Resolución,Bloque Convocación por San Isidro,Riganti Catalina,Declaración de Interes,Sancionado,2025-09-04,2025-09-25,21,"EL H.C.D. DECLARA DE INTERÉS EL PROYECTO ESCOLAR ""RECORRIDO LITERARIO- BICICLETEADA ""LOS CHICOS Y CHICAS LEEEMOS Y APRENDEMOS"""", IMPULSADO POR LA ESCUELA PRIMARIA DE LA CASA SALESIANA SANTA ISABEL JUNTO A DIVERSAS INSTITUCIONES EDUCATIVAS DE SAN ISIDRO."
00552-2025-HCD,2025-08-29,RES - Resolución,Bloque Convocación por San Isidro,Riganti Catalina,Declaración de Interes,Sancionado,2025-09-04,2025-09-25,21,"EL H.C.D. DECLARA DE INTERÉS LA APLICACIÓN ""SATELLITES ON FIRE"", POR SU APORTE A LA DETECCIÓN TEMPRANA Y PREVENCIÓN DE INCENDIOS FORESTALES, ASÍ COMO POR SU CONTRIBUCIÓN AL CUIDADO DEL MEDIO AMBIENTE."
00551-2025-HCD,2025-08-29,RES - Resolución,Bloque Partido Demócrata,Debora Ruiz Ceballos,Declaración de Interes,Sancionado,2025-09-04,2025-09-11,7,"EL H.C.D: DECLARA DE INTERÉS LA ""VI JORNADA DE HISTORIA DE LOS HISTORIADORES DE FONDO DE LA LEGUA"", A REALIZARSE EL PRÓXIMO 27 DE SEPTIEMBRE DEL CORRIENTE AÑO."
00540-2025-HCD,2025-08-29,ORD - Ordenanza,Bloque Unión X La Patria,Diaz Marcos,Ordenanza,Archivado,2025-09-04,2025-09-09,5,"INSTALANDO LA CARTELERÌA CORRESPONDIENTE CON EL LEMA ""BIENVENIDOS A BOULOGNE, DECLARADA CIUDAD EL 13 DE AGOSTO DE 1964, MEDIANTE LA LEY PROVINCIAL N° 6792"", EN LOS INGRESOS A LA LOCALIDAD."
002207-2025-S,2025-09-01,ORD - Ordenanza,Ejecutivo,Ejecutivo,Legítimo Abono,Sancionado,2025-09-04,2025-09-11,7,LEGITIMO ABONO
002208-2025-S,2025-09-01,ORD - Ordenanza,Ejecutivo,Ejecutivo,Legítimo Abono,Sancionado,2025-09-04,2025-09-11,7,LEGITIMO ABONO
00568-2025-HCD,2025-09-11,RES - Resolución,Bloque Convocación por San Isidro,Rojo Maria Lucia,Declaración de Interes,Sancionado,2025-09-18,2025-09-25,7,"EL H.C.D. DECLARA DE INTERÉS LA VALIOSA CONTRIBUCIÓN DEL DISPOSITIVO GES (GÉNERO, EMPLEO Y SALUD) DESTACANDO SU ROL EN EL EMPODERAMIENTO DE LAS MUJERES ESPECIALMENTE EN LA COMUNIDAD DEL BAJO BOULOGNE."
00569-2025-HCD,2025-09-12,RES - Resolución,Bloque Unión X La Patria,Sarmiento Celia (mandato cumplido),Repudio,En comisión,2025-09-18,,370,EL H.C.D. REPUDIA LOS HECHOS ACONTECIDOS DURANTE LAS AUDITORÍAS DE PENSIONES POR DISCAPACIDAD REALIZADAS POR LA AGENCIA NACIONAL DE DISCAPACIDAD EN MISIONES.
00586-2025-HCD,2025-09-12,RES - Resolución,Bloque Cambia San Isidro,Alvarado Guido,Reconocimiento,Sancionado,2025-09-18,,370,"EL H.C.D. EXPRESA SU RECONOCIMIENTO Y FELICITACIÓN AL ""COLEGIO MARTÍN Y OMAR"" DE SAN ISIDRO, POR EL 90º ANIVERSARIO DE SU FUNDACIÓN Y SU APORTE EDUCATIVO A LA COMUNIDAD."
00584-2025-HCD,2025-09-12,ORD - Ordenanza,Bloque Unión X La Patria,Diaz Marcos,Salud Pública,En comisión,2025-09-18,,370,CREANDO EL ESPACIO MUNICIPAL DE COCINA DE USO COMPARTIDO DE SAN ISIDRO PARA LA ELABORACIÓN DE PRODUCTOS SIN TACC.
00573-2025-HCD,2025-09-12,ORD - Ordenanza,Bloque Unión X La Patria,Schuppisser Manuela,Ordenanza,En comisión,2025-09-18,,370,"CREANDO EL ""CONSEJO MUNICIPAL DE LAS JUVENTUDES"""
00571-2025-HCD,2025-09-12,ORD - Ordenanza,Bloque Bloque FR - Unión X La Patria,Meca Federico,Planeamiento Urbano,En comisión,2025-09-18,,370,"ESTABLECIENDO QUE TODA CONSTRUCCIÓN NUEVA QUE SUPERE LOS TRES PISOS O NIVELES DENTRO DEL PARTIDO DE SAN ISIDRO, DEBERÁ CONTAR CON LA APROBACIÓN PREVIA DEL H.C.D., ADEMÁS DE CUMPLIR CON LAS NORMATIVAS VIGENTES."
00570-2025-HCD,2025-09-12,RES - Resolución,Bloque Bloque FR - Unión X La Patria,Meca Federico,Repudio,En comisión,2025-09-18,,370,EL H.C.D. EXPRESA SU REPUDIO AL VETO DEL PRESIDENTE JAVIER MILEI A LA LEY DE FINANCIAMIENTO UNIVERSITARIO Y A LA LEY DE EMERGENCIA PEDIÁTRICA.
00574-2025-HCD,2025-09-12,RES - Resolución,Bloque Unión X La Patria,Schuppisser Manuela,Declaración,En comisión,2025-09-18,,370,"DECLARANDO COMO ""PERSONALIDADES DESTACADAS DEL PARTIDO DE SAN ISIDRO"" A RAQUEL Y JORGE WITIS, POR SU INCLAUDICABLE LUCHA EN EL ÁMBITO DE LOS DERECHOS HUMANOS A FAVOR DE LAS VICTIMAS DE LA VIOLENCIA INSTITUCIONAL."
00583-2025-HCD,2025-09-12,RES - Resolución,Bloque Partido Demócrata,Debora Ruiz Ceballos,Repudio,En comisión,2025-09-18,,370,EL H.C.D. EXPRESA PREOCUPACIÒN POR EL ASESINATO DEL REFERENTE POLÍTICO ESTADOUNIDENSE CHARLIE KIRK.-
00572-2025-HCD,2025-09-12,RES - Resolución,Bloque Unión X La Patria,Schuppisser Manuela,Declaración,En comisión,2025-09-18,,370,"EL H.C.D. EXPRESA SU PREOCUPACIÓN POR EL DESFINANCIAMIENTO A LA SECRETARÍA DE POLÍTICAS INTEGRALES SOBRE DROGAS DE LA NACIÓN ARGENTINA ""SEDRONAR""."
00581-2025-HCD,2025-09-12,RES - Resolución,Bloque Partido Demócrata,Feldtmann Maria Ines,Declaración de Interes,Sancionado,2025-09-18,2025-09-25,7,"EL H.C.D. DECLARA DE INTERÉS EL DOCUMENTAL ""ANTÁRTIDA DOMINIO 1"" DE LOS GAUCHOS DEL MAR, JOAQUÍN Y JULIÁN AZULAY, POR SU APORTE A LA CULTURA NACIONAL Y A LA PROTECCIÓN DEL MEDIO AMBIENTE."
2205-2025-S,2025-09-19,ORD - Ordenanza,,Ejecutivo,Legítimo Abono,Sancionado,2025-09-18,2025-09-25,7,LEGÍTIMO ABONO
2206-2025-S,2025-09-19,ORD - Ordenanza,,Ejecutivo,Legítimo Abono,Sancionado,2025-09-18,2025-09-25,7,LEGÍTIMO ABONO
00592-2025-HCD,2025-09-24,ORD - Ordenanza,Bloque Bloque FR - Unión X La Patria,Meca Federico,Ordenanza,En comisión,2025-10-02,,356,DEROGANDO LA ORDENANZA N° 9390.-
00598-2025-HCD,2025-09-24,DEC - Decreto,La Libertad Avanza San Isidro,Alberto Montes,Alumbrado Público,Archivado,2025-10-02,2025-10-06,4,S/ LA COLOCACIÓN DE LUMINARIAS EN LA PLAZA JOSÉ DE SAN MARTÍN DE LA CIUDAD DE BOULOGNE
00609-2025-HCD,2025-09-25,ORD - Ordenanza,Bloque Unión X La Patria,Bartolini Mateo (mandato cumplido),Turismo,En comisión,2025-10-02,,356,CREANDO EL ENTRE MIXTO DE TURISMO DE SAN ISIDRO.
00615-2025-HCD,2025-09-25,ORD - Ordenanza,Conservador Popular,Viaggio Juan (mandato cumplido),Ordenanza,En comisión,2025-10-02,,356,DEROGANDO LA ORDENANZA N°9365/2024.
00614-2025-HCD,2025-09-25,RES - Resolución,Bloque Bloque FR - Unión X La Patria,Meca Federico,Reconocimiento,Sancionado,2025-10-02,,356,"EL H.C.D. EXPRESA SU RECONOCIMIENTO Y FELICITACIÓN A LA ESCUELA PRIMARIA N°16 JUAN BAUTISTA DE LA SALLE, POR CUMPLIRSE 75 AÑOS DE SU FUNDACIÓN."
00619-2025-HCD,2025-09-25,DEC - Decreto,Bloque Convocación por San Isidro,Rojo Maria Lucia,Honorable Concejo Deliberante,Sancionado,2025-10-02,,356,"DISPONIENDO QUE CADA 13 DE OCTUBRE LA FACHADA DEL H.C.D. SEA ILUMINADA CON LOS COLORES ROJO Y AZUL, CONMEMORANDO EL ""DÍA MUNDIAL DE LA TROMBOSIS"""
00628-2025-HCD,2025-09-26,RES - Resolución,La Libertad Avanza,Martinez Gabriela (mandato cumplido),Repudio,Sancionado,2025-10-02,,356,"EL H.C.D. EXPRESA SU MÁXIMO REPUDIO Y PESAR POR EL BRUTAL ASESINATO DE MORENA VERRI, BRENDA LORELEY DEL CASTILLO Y LARA MORENA GUTIERREZ, VÍCTIMAS DEL CRIMEN ORGANIZADO."
00633-2025-HCD,2025-09-26,RES - Resolución,La Libertad Avanza,Martinez Gabriela (mandato cumplido),Declaración de Interes,Sancionado,2025-10-02,,356,"EL H.C.D. DECLARA DE INTERÉS EL TRABAJO DE LA FUNDACIÓN DE PAYASOS VOLUNTARIOS ALEGRAÑATAS, CON 10 AÑOS DE LABOR SOLIDARIA CON LOS PACIENTES DEL HOSPITAL MATERNO INFANTIL DE SAN ISIDRO."
00624-2025-HCD,2025-09-26,RES - Resolución,Bloque Unión X La Patria,Schuppisser Manuela,Declaración,Sancionado,2025-10-02,,356,"EL H.C.D. EXPRESA SU PROFUNDA PREOCUPACIÓN ANTE EL TRIPLE FEMICIDIO DE MORENA VERRI, BRENDA LORELEY DEL CASTILLO Y LARA MORENA GUTIÉRREZ."
00635-2025-HCD,2025-09-26,RES - Resolución,Bloque Bloque FR - Unión X La Patria,Meca Federico,Reconocimiento,Sancionado,2025-10-02,,356,"EL H.C.D. FELICITA Y RECONOCE AL JARDÍN DE INFANTES N° 906 ""MANUEL BELGRANO"" DE LA CIUDAD DE VILLA ADELINA, POR SUS 50 AÑOS SEMBRANDO AMOR Y APRENDIZAJE EN LA COMUNIDAD EDUCATIVA DE SAN ISIDRO."
00632-2025-HCD,2025-09-26,RES - Resolución,Bloque Unión X La Patria,Diaz Marcos,Declaración de Interes,Sancionado,2025-10-02,2025-10-09,7,"EL H.C.D. DECLARA DE INTERÉS LA CONMEMORACIÓN DEL ""AÑO INTERNACIONAL DE LAS COOPERATIVAS"", PROCLAMADO POR LA ORGANIZACIÓN DE LAS NACIONES UNIDAS (ONU) PARA EL AÑO 2025."
36701-2025-M,2025-09-29,ORD - Ordenanza,Ejecutivo,Ejecutivo,Transporte,En comisión,2025-10-02,,356,SOLICITA CAMBIO DE RECORRIDO LINEA 707 (UNIFICA RAMALES).
00641-2025-HCD,2025-10-09,DEC - Decreto,Bloque Partido Demócrata,Feldtmann Maria Ines,Honorable Concejo Deliberante,Sancionado,2025-10-16,2025-10-23,7,"ESTABLECIENDÓSE LA ILUMINACIÓN DE LA FACHADA DEL H.C.D. CON EL COLOR AZUL TURQUESA, TODOS LOS 8 DE OCTUBRE, CON MOTIVO DEL DÍA INTERNACIONAL DE LA DISLEXIA."
00648-2025-HCD,2025-10-13,ORD - Ordenanza,Bloque Unión X La Patria,Bartolini Mateo (mandato cumplido),Otros,En comisión,2025-10-16,,342,CREANDO LA TASA DE PROMOCIÒN Y POSICIONAMIENTO TERRITORIAL DE SAN ISIDRO.
00672-2025-HCD,2025-10-13,RES - Resolución,Bloque Partido Demócrata,Feldtmann Maria Ines,Declaración de Interes,Sancionado,2025-10-16,,342,"EL H.C.D. DECLARA DE INTERÉS LA JORNADA DE NADO Y CONCIENTIZACIÓN SOBRE EL CÁNCER DE MAMA ""TRAVESÍA ROSA"" A REALIZARSE EL 18 DE OCTUBRE EN LA COSTA DE SAN ISIDRO"
00657-2025-HCD,2025-10-13,RES - Resolución,Bloque Bloque FR - Unión X La Patria,Meca Federico,Declaración,En comisión,2025-10-16,,342,"EL H.C.D. MANIFIESTA SU RECHAZO A LA INTENCIÓN DEL GOBIERNO NACIONAL DE REIMPRIMIR LAS BOLETAS ÚNICAS DE PAPEL, POR CONSIDERARLA UN USO INNECESARIO"
00658-2025-HCD,2025-10-13,ORD - Ordenanza,Bloque Bloque FR - Unión X La Patria,Meca Federico,Comercios e Industrias,En comisión,2025-10-16,,342,CREANDO EL PROGRAMA DE INCENTIVO AL EMBELLECIMIENTO COMERCIAL
00650-2025-HCD,2025-10-13,RES - Resolución,Bloque Unión X La Patria,Schuppisser Manuela,Beneplácito,Sancionado,2025-10-16,,342,"EL H.C.D. MANIFIESTA SU BENEPLÀCITO A ""LA RUTA DE EL ETERNAUTA"" Y SUS RECORRIDOS SOCIOEDUCATIVOS, POR SU CONTRIBUCIÓN A LA CULTURA Y TURISMO DE MEMORIA HISTÓRICA EN NUESTRO MUNICIPIO"
00653-2025-HCD,2025-10-13,ORD - Ordenanza,Bloque Acción Vecinal San Isidro es Distinto - Juntos San Iisdro,Perez Walter Dr.,Obras Públicas,En comisión,2025-10-16,,342,GARANTIZANDO LA TRANSPARENCIA Y EL ACCESO A LA INFORMACIÓN SOBRE TODAS LAS OBRAS PÚBLICAS QUE SE REALICEN EN EL ÁMBITO DEL PARTIDO DE SAN ISIDRO
00667-2025-HCD,2025-10-13,ORD - Ordenanza,Bloque Unión X La Patria,Diaz Marcos,Declaración,En comisión,2025-10-16,,342,"DECLARANDO PERSONALIDAD DESTACADA DEL PARTIDO DE SAN ISIDRO, POR SU APORTE EN EL CAMPO DE LA CULTURA Y LAS CIENCIAS, AL VECINO DE MARTÍNEZ, DR. FRANCISCO GARCÍA BAZÁN"
00670-2025-HCD,2025-10-13,RES - Resolución,Bloque Unión X La Patria,Sarmiento Celia (mandato cumplido),Declaración de Interes,Sancionado,2025-10-16,2025-10-23,7,EL H.C.D. DECLARA DE INTERÉS LA LABOR DESARROLLADA POR LA ASOCIACIÓN ARGENTINA DE SINDROME DE WILLIAMS
00662-2025-HCD,2025-10-13,DEC - Decreto,Bloque Partido Demócrata,Debora Ruiz Ceballos,Honorable Concejo Deliberante,Archivado,2025-10-16,2025-10-23,7,"ESTABLECIENDO LA ILUMINACIÓN DE LA FACHADA DEL H.C.D. CON EL COLOR ROSA, TODOS LOS 19 DE OCTUBRE CON MOTIVO DEL DÍA INTERNACIONAL DE LUCHA CONTRA EL CÁNCER DE MAMA"
00665-2025-HCD,2025-10-13,RES - Resolución,Bloque Unión X La Patria,Diaz Marcos,Declaración de Interes,Sancionado,2025-10-16,2025-10-23,7,"EL H.C.D. DECLARA DE INTERÉS A LA OBRA ""CROMAÑÓN 20 AÑOS. 194 RETRATOS"" DEL ARTISTA VECINO DE SAN ISIDRO, GUSTAVO RUIZ"
00673-2025-HCD,2025-10-29,RES - Resolución,Bloque Bloque FR - Unión X La Patria,Meca Federico,Reconocimiento,Sancionado,2025-11-06,,321,"EL H.C.D.EXPRESA SU RECONOCIMIENTO Y FELICITACIÓN A LA ESCUELA PRIMERA N° 12 DOMINGO FAUSTINO SARMIENTO, POR CUMPLIRSE 125 AÑOS DE SU FUNDACIÓN."
00685-2025-HCD,2025-10-29,RES - Resolución,Bloque Unión X La Patria,Schuppisser Manuela,Declaración de Interes,Sancionado,2025-11-06,2025-11-13,7,"EL H.C.D. DECLARA DE INTERÉS EL LIBRO ""LOS AFRO-PORTEÑOS: LA INVISIBILIZACIÓN DE LO IMAGINARIO (1880-1910) ESCRITO POT EL HISTORIADOR DIEGO GASTÓN DOUER."
00682-2025-HCD,2025-10-29,RES - Resolución,Bloque Unión X La Patria,Sarmiento Celia (mandato cumplido),Beneplácito,Sancionado,2025-11-06,2025-11-13,7,EL H.C.D. MANIFIESTA SU BENEPLÁCITO POR LA PARTICIPACIÓN DEL CONCEJAL MATEO BARTOLINI EN EL GLOBAL TOURISM FORUM 2025.
00690-2025-HCD,2025-10-30,RES - Resolución,Bloque Unión X La Patria,Bartolini Mateo (mandato cumplido),Repudio,En comisión,2025-11-06,,321,"EL H.C.D. REPUDIA LA DECISIÓN DEL GOBIERNO NACIONAL DE CERRAR, PRIVATIZAR O CONCESIONAR LA UNIDAD TURÍSTICA CHAPADMALAL."
00708-2025-HCD,2025-10-31,ORD - Ordenanza,Bloque Partido Demócrata,Feldtmann Maria Ines,Educación,En comisión,2025-11-06,,321,"INSTRUMENTANDO EL PROGRAMA ""QUEREMOS APRENDER"" , DE LAS DRAS. ANA MARÍA BORZONE Y VANESA DE MIER, EN LOS JARDINES MUNICIPALES Y EN LA ESCUELA MUNICIPAL MALVINAS ARGENTINAS."
00714-2025-HCD,2025-10-31,ORD - Ordenanza,,,Declaración,En comisión,2025-11-06,,321,DECLARANDO LA EMERGENCIA EN SEGURIDAD PÚBLICA EN TODO EL TERRITORIO DE SAN ISIDRO.-
00702-2025-HCD,2025-10-31,RES - Resolución,Bloque Convocación por San Isidro,Riganti Catalina,Declaración de Interes,Sancionado,2025-11-06,,321,"EL H.C.D. DECLARA DE INTERÉS LA CAMPAÑA ""DÍA MUNDIAL CONTRA LA POLIO"" LLEVADA ADELANTE POR EL ROTARY INTERNACIONAL."
00704-2025-HCD,2025-10-31,DEC - Decreto,Bloque Unión X La Patria,Bartolini Mateo (mandato cumplido),Declaración de Interes,Sancionado,2025-11-06,2025-11-13,7,"EL H.C.D. DECLARA DE INTERÉS LA PLATAFORMA DE CAPACITACIÓN GRATUITA Y UNIVERSAL EN TURISMO, HOTELERÍA, GASTRONOMÍA Y HOSPITALIDAD DESARROLLADA POR OTT COLLEGE."
00707-2025-HCD,2025-10-31,RES - Resolución,Bloque Cambia San Isidro,Alvarado Guido,Declaración de Interes,Sancionado,2025-11-06,2025-11-13,7,"EL H.C.D. DECLARA DE INTERÉS LA ""XII JORNADA DE HISTORIAS DE LA CIUDAD DE MARTÍNEZ""."
00709-2025-HCD,2025-10-31,RES - Resolución,Bloque Partido Demócrata,Feldtmann Maria Ines,Declaración de Interes,Sancionado,2025-11-06,2025-11-13,7,"EL H.C.D. DECLARA DE INTERÉS EL LIBRO ""UN LEGADO ESPIRITUAL EN LAS BARRANCAS DE SAN ISIDRO: HISTORIA Y MEMORIA DE LA QUINTA ELORTONDO- ARMSTRONG"" DE LA ARQUITECTA MARCELA FUGARDO JUNTO CON EL SACERDOTE JUAN PAVLO BALLESTEROS Y EL HISTORIADOR OSCAR ANDRÉS DE MASI"
00757-2025-HCD,2025-11-13,DEC - Decreto,Bloque Unión X La Patria,Schuppisser Manuela,Declaración,En comisión,2025-11-06,,321,"ESTABLECIENDO QUE EL DÍA 24 DE MARZO DEL AÑO 2026 SE COLOQUE UN MOSAICO EN ESTE H.C.D. QUE CONTENGA EL ""PAÑUELO BLANCO DE LAS MADRES Y ABUELAS DE PLAZA DE MAYO"" .-"
00756-2025-HCD,2025-11-13,RES - Resolución,Bloque Unión X La Patria,Schuppisser Manuela,Beneplácito,En comisión,2025-11-06,,321,"EL H.C.D. MANIFIESTA SU BENEPLÁCITO Y LAS FELICITACIONES CORRESPONDIENTES A TODA LA DELEGACIÓN DEL PARTIDO DE SAN ISIDRO QUE NOS REPRESENTÓ EN LA 34° EDICIÓN DE LOS JUEGOS BONAERENSES, POR EL COMPROMISO Y LOS RESULTADOS OBTENIDOS EN DICHA COMPETENCIA.-"
00754-2025-HCD,2025-11-13,RES - Resolución,Bloque Unión X La Patria,Schuppisser Manuela,Declaración,Sancionado,2025-11-20,,307,"EL H.C.D. DECLARA COMO ""PERSONALIDAD DESTACADA DEL PARTIDO DE SAN ISIDRO"" AL SR. ARIEL STALTARI POR SU RECONOCIDA Y VASTA TRAYECTORIA EN LA CULTURA NACIONAL.-"
00765-2025-HCD,2025-11-14,RES - Resolución,Bloque Bloque FR - Unión X La Patria,Rivadulla Estefania,Repudio,En comisión,2025-11-20,,307,"EL H.C.D. EXPRESA SU REPUDIO A LA DIFUSIÓN DE NOTICIAS FALSAS (FAKE NEWS) Y A TODA FORMA DE CAMPAÑA DE DESPRESTIGIO, DIFAMACIÓN O VIOLENCIA SIMBÓLICA EJERCIDA A TRAVÉS DE LAS REDES SOCIALES O MEDIOS DIGITALES.-"
00759-2025-HCD,2025-11-14,RES - Resolución,Bloque Bloque FR - Unión X La Patria,Meca Federico,Declaración de Interes,Sancionado,2025-11-20,,307,"EL H.C.D DECLARA DE INTERÉS EL PROGRAMA RADIAL ""NOCHE DE LENTOS"" QUE SE EMITE POR LA RADIO FÉNIX 100.3 DE LA CIUDAD DE MARTÍNEZ.-"
00766-2025-HCD,2025-11-14,ORD - Ordenanza,La Libertad Avanza,Martinez Gabriela (mandato cumplido),Declaración,En comisión,2025-11-20,,307,"DECLARANDO PATRIMONIO CULTURAL MUNICIPAL A LA RESIDENCIA ""VILLA OCAMPO"", SITA EN LA CALLE ELORTONDO N° 1837, DE LA CIUDAD DE SAN ISIDRO.-"
00769-2025-HCD,2025-11-14,ORD - Ordenanza,Bloque Bloque FR - Unión X La Patria,Meca Federico,Otros,En comisión,2025-11-20,,307,"AUTORIZAR, PROMOVER Y REGULAR LA UTILIZACIÓN, DESARROLLO E IMPLEMENTACIÓN DE TECNOLOGÍA BASADA EN INTELIGENCIA ARTIFICIAL (IA) EN EL ÁMBITO DE LA ADMINISTRACIÓN PÚBLICA MUNICIPAL.-"
00770-2025-HCD,2025-11-14,RES - Resolución,Bloque Partido Demócrata,Feldtmann Maria Ines,Declaración de Interes,Sancionado,2025-11-20,2026-05-14,175,"EL H.C.D. DECLARA DE INTERÉS EL LIBRO ""CLAVES PARA LA EDUCACIÓN CÍVICA DE LOS ARGENTINOS"", DEL CONSTITUCIONALISTA FÉLIX LONIGRO.-"
00778-2025-HCD,2025-11-17,DEC - Decreto,Bloque Unión X La Patria,Bartolini Mateo (mandato cumplido),Otros,En comisión,2025-11-20,,307,INVITANDO A LAS EMPRESAS MANTELECTRIC I.C.I.S.A. Y ZONA VERDE U.T.E. A CONCURRIR A UNA REUNIÓN DE TRABAJO Y DIÁLOGO INSTITUCIONAL EN EL H.C.D.-
00798-2025-HCD,2025-11-17,ORD - Ordenanza,Bloque Acción Vecinal San Isidro es Distinto - Juntos San Iisdro,Perez Walter Dr.,Seguridad,En comisión,2025-11-20,,307,REQUIRIENDO AL D.E. LA IMPLEMENTACIÓN DE UN PLAN DEDOTACIÓN Y USO DE ARMAMENTO NO LETAL DESTINADO AL PERSONAL DEL CUERPO DE INSPECTORES AFECTADO AL SERVICIO DE CUIDADOS COMUNITARIOS MUNICIPAL DE SAN ISIDRO.-
00793-2025-HCD,2025-11-17,ORD - Ordenanza,Bloque Unión X La Patria,Diaz Marcos,Declaración,En comisión,2025-11-20,,307,"ESTABLECIENDO EN EL PARTIDO DE SAN ISIDRO, EL DÍA 7 DE ABRIL DE CADA AÑO, COMO EL ""DÍA DE LOS ESPACIOS VERDES PÚBLICOS"".-"
00790-2025-HCD,2025-11-17,ORD - Ordenanza,Bloque Unión X La Patria,Diaz Marcos,Comercios e Industrias,En comisión,2025-11-20,,307,DISPONIENDO LA INSTALACIÓN PROGRESIVA DE PISOS PODOTACTILES EN LOS CENTROS COMERCIALES A CIELO ABIERTO DEL PARTIDO DE SAN ISIDRO.-
00773-2025-HCD,2025-11-17,RES - Resolución,Bloque Unión X La Patria,Schuppisser Manuela,Declaración,En comisión,2025-11-20,,307,"EL HC.D. DECLARA COMO ""BIEN DEL PATRIMONIO CULTURAL INMATERIAL"", EN LOS TÉRMINOS DE LA LEY N° 26.118, AL GÉNERO ARTÍSTICO ""MURGA"".-"
00784-2025-HCD,2025-11-17,RES - Resolución,Bloque Unión X La Patria,Diaz Marcos,Declaración de Interes,En comisión,2025-11-20,,307,"EL H.C.D. DECLARA DE INTERÉS ""LA CAMPAÑA MANTENGA LA ESPERANZA"" RALIZADA EL DÍA 13 DE NOVIEMBRE EN LA QUE SE DONARON ALIMENTOS DESTINADOS A VECINOS DE NUESTRO DISTRITO.-"
00776-2025-HCD,2025-11-17,RES - Resolución,Bloque Bloque FR - Unión X La Patria,Meca Federico,Declaración de Interes,Sancionado,2025-11-20,2026-05-14,175,"EL H.C.D. DECLARA DE INTERÉS LA PELÍCULA DOCUMENTAL ""NOBLE IGUALDAD"" LEY Nº 24.012 DE CUPO FEMENINO."
269568-2025-S,2025-11-20,ORD - Ordenanza,Ejecutivo,Ejecutivo,Ordenanza,Sancionado,2025-11-20,,307,PROYECTO DE MODIFICACIÓN DE ORDENANZA Nº. 9370
264731-2025-C,2025-11-20,ORD - Ordenanza,Ejecutivo,Ejecutivo,Presupuesto,Sancionado,2025-11-20,,307,PRESUPUESTO GENERAL DE GASTOS 2026
109952-2025-S,2025-11-20,ORD - Ordenanza,,,Educación,Sancionado,2025-11-20,,307,SOLICITA CREACIÓN DE LA ESCUELA DE FORMACIÓN MUNICIPAL
270506-2025-A,2025-11-20,ORD - Ordenanza,Ejecutivo,Ejecutivo,ORDENANZA IMPOSITIVA,Sancionado,2025-11-20,2025-11-25,5,ORDENANZA IMPOSITIVA 2026
270302-2025-A,2025-11-20,ORD - Ordenanza,Ejecutivo,Ejecutivo,ORDENANZA FISCAL,Sancionado,2025-11-20,2025-11-25,5,ORDENANZA FISCAL 2026
071473-2025-S,2025-11-28,ORD - Ordenanza,Ejecutivo,Ejecutivo,Convenios,Sancionado,2025-11-28,,299,CONVENIO DE COOPERACIÓN CON EL CONSORCIO BARRIO B.A.S.I
283656-2025-D CUERPO 0-2,2025-12-11,ORD - Ordenanza,Ejecutivo,Ejecutivo,Planeamiento Urbano,Sancionado,2025-12-11,,286,PUBLICIDAD EN VIA PÚBLICA
004096-2025-D,2025-12-11,ORD - Ordenanza,Ejecutivo,Ejecutivo,Licencia,Sancionado,2025-12-11,,286,LICENCIA INTENDENTE MUNICIPAL
33966-2025-D,2025-12-12,ORD - Ordenanza,Ejecutivo,Ejecutivo,Convenios,Sancionado,2025-12-12,,285,CONVENIO MUNICIPALIDAD DE SAN ISIDRO - UNESCO ( VILLA OCAMPO)
83342-2025-S,2026-01-20,ORD - Ordenanza,Ejecutivo,Ejecutivo,Tránsito,Sancionado,2025-11-06,2026-03-25,139,SOLICITA CAMBIO DE SENTIDO DE CIRCULACIÓN
138645-2025-D,2026-01-28,ORD - Ordenanza,Ejecutivo,Ejecutivo,CONVALIDACIÓN,En comisión,2026-01-26,,240,ACTA PARITARIA N° 109 - DÍA DEL EMPLEADO MUNICIPAL
242262-2025-S,2026-01-28,ORD - Ordenanza,Ejecutivo,Ejecutivo,Tránsito,Sancionado,2026-01-26,2026-03-25,58,SOLICITA CAMBIOS DE SENTIDO CALLES LUIS MARÍA DRAGO Y PERITO MORENO
0012-2026-HCD,2026-02-11,RES - Resolución,Bloque FRENTE RENOVADOR- FUERZA PATRIA,Meca Federico,Declaración de Interes,En comisión,2026-02-10,,225,EL H.C.D. DECLARA DE INTERÉS A LAS MURGAS Y EXPRESIONES DEL CARNAVAL POPULAR QUE SE DESARROLLAN EN EL PARTIDO DE SAN ISIDRO.-
127445-2025-D,2026-02-20,ORD - Ordenanza,,Ejecutivo,Transporte,Girado al ejecutivo,2026-02-19,,216,MODIFICACIÓN DE RECORRIDO LINEA 707
0018-2026-HCD,2026-03-02,RES - Resolución,Bloque Fuerza Patria,Schuppisser Manuela,Repudio,En comisión,2026-02-26,,209,EL H.C.D. EXPRESA SU REPUDIO Y PREOCUPACIÓN ANTE EL CIERRE DE LA PLANTA INDUSTRIAL DE LA EMPRESA FATE S.A.I.C.I.
0801-2025-HCD,2026-03-02,DEC - Decreto,,,Honorable Concejo Deliberante,En comisión,2026-02-27,,208,APROBANDO LOS DIPLOMAS DE LOS/AS SRES./AS CONCEJALES TÍTULARES Y SUPLENTES ELECTOS.
0022-2026-HCD,2026-03-02,ORD - Ordenanza,La Libertad Avanza,Colombo Federico,Adhesión,En comisión,2026-02-27,,208,"ADHIRIENDOSE A LA DECLARACIÓN DEL AÑO 2026 COMO EL ""AÑO DE LA GRANDEZA ARGENTINA"", CONFORME DECRETO PEN 56/2026.-"
0024-2026-HCD,2026-03-02,ORD - Ordenanza,La Libertad Avanza,Lopez Daniela,Presupuesto,En comisión,2026-02-27,,208,"ESTABLECIENDO ""EL PROGRAMA MUNICIPAL DE RACIONALIZACIÓN DEL GASTO POLÍTICO Y DE GESTIÓN"""
0023-2026-HCD,2026-03-02,ORD - Ordenanza,La Libertad Avanza,Viveka Nyborg Andersen,Declaración de Interes,En comisión,2026-02-27,,208,"EL H.C.D. DECLARA DE INTERÉS EL COMPLEJO EDILICIO DENOMINADO RESIDENCIA DE VILLA OCAMPO, SITO EN ELORTONDO N°1837, DE LA CIUDAD DE BECCAR.-"
0019-2026-HCD,2026-03-02,RES - Resolución,La Libertad Avanza,Viveka Nyborg Andersen,Reconocimiento,Sancionado,2026-02-27,2026-03-26,27,"EL H.C.D. FELICITA AL JOVEN VECINO TIZIANO GRAVIER, POR SU HISTÓRICA PARTICIPACIÓN EN LOS JUEGOS OLÍMPICOS DE INVIERNO MILANO-CORTINA 2026 EN ESQUÍ ALPINO."
97341-2026-S,2026-03-03,ORD - Ordenanza,Ejecutivo,Ejecutivo,Presupuesto,Sancionado,2026-06-04,2026-03-12,-84,BONO DE INFRAESTRUCTURA DE SAN ISIDRO - BISI
0037-2026-HCD,2026-03-10,ORD - Ordenanza,Movimiento Derecho al Futuro,Schuppisser Manuela,Declaración,En comisión,2026-03-19,,188,"EL H.C.D. EXPRESA SU REPUDIO Y PREOCUPACIÓN ANTE EL CIERRE DEFINITIVO DE LA ""ESCUELA NACIONES UNIDAS"",DE LA CIUDAD DE MARTÍNEZ."
0039-2026-HCD,2026-03-10,DEC - Decreto,Movimiento Derecho al Futuro,Schuppisser Manuela,Declaración,En comisión,2026-03-19,,188,"EL H.C.D. DECLARA DE INTERÉS LA INICIATIVA ""50 AÑOS- 50 ACCIONES"" , LLEVADA ADELANTE POR LA COMISIÓN POR LA MEMORIA, LA VERDAD Y LA JUSTICIA ZONA NORTE, EN CONMEMORACIÓN DEL 50° ANIVERSARIO DEL GOLPE DE ESTADO DE 1976."
0038-2026-HCD,2026-03-10,ORD - Ordenanza,Movimiento Derecho al Futuro,Schuppisser Manuela,Adhesión,En comisión,2026-03-19,,188,ADHIRIENDO A LA LEY PROVINCIAL N° 15.204.Registro Único de Trabajadoras y Trabajadores Estatales y Estudiantes víctimas de asesinato y/o desaparición entre 1974 y 1983
0036-2026-HCD,2026-03-10,ORD - Ordenanza,Movimiento Derecho al Futuro,Schuppisser Manuela,Declaración,En comisión,2026-03-19,,188,"DECLARANDO EN EL MUNICIPIO DE SAN ISIDRO EL AÑO 2026 COMO ""AÑO DE LOS DERECHOS HUMANOS POR LA MEMORIA, LA VERDAD Y LA JUSTICIA. A 50 AÑOS DE LA ÚLTIMA DICTADURA CÍVICO MILITAR""."
0032-2026-HCD,2026-03-10,ORD - Ordenanza,Bloque Partido Demócrata,Feldtmann Maria Ines,Ordenanza,En comisión,2026-03-19,,188,"DEROGANDO EN EL PARTIDO DE SAN ISIDRO EL ARTÍCULO 2° DE LA ORDENANZA GENERAL N°31/68, QUE DISPONE LA ADHESIÓN OBLIGATORIA PARA EL PERSONAL MUNICIPAL AL INSTITUTO OBRA MÉDICO ASISTENCIAL (IOMA)"
0045-2026-HCD,2026-03-11,ORD - Ordenanza,Movimiento Derecho al Futuro,Schuppisser Manuela,Asistencia Social,En comisión,2026-03-19,,188,"CREANDO EL ""PROGRAMA MUNICIPAL DE ATENCIÓN INTEGRAL A PERSONAS EN SITUACIÓN DE CALLE""."
0044-2026-HCD,2026-03-11,ORD - Ordenanza,Bloque Partido Demócrata,Feldtmann Maria Ines,Declaración,Archivado,2026-03-19,,188,ESTABLECIENDO EL 25 DE MARZO COMO DÍA MUNICIPAL DEL NIÑO POR NACER
0046-2026-HCD,2026-03-12,RES - Resolución,Movimiento Derecho al Futuro,Schuppisser Manuela,Declaración,En comisión,2026-03-19,,188,EL H.C.D. EXPRESA SU PREOCUPACIÓN Y REPUDIO ANTE LA PROMULGACIÓN DE LA LEY DE RÉGIMEN PENAL JUVENIL N° 27.801 Y SU REGLAMENTACIÓN MEDIANTE EL DECRETO N° 138/2026.-
0048-2026-HCD,2026-03-12,RES - Resolución,Movimiento Derecho al Futuro,Schuppisser Manuela,Beneplácito,En comisión,2026-03-19,,188,"EL H.C.D. EXPRESA SU BENEPLÁCITO Y RECONOCIMIENTO A LA ""COMISIÓN POR LA MEMORIA, VERDAD Y JUSTICIA DE ZONA NORTE"", POR EL 30° ANIVERSARIO DE SU FUNDACIÓN."
0047-2026-HCD,2026-03-12,RES - Resolución,Movimiento Derecho al Futuro,Schuppisser Manuela,Declaración,En comisión,2026-03-19,,188,"EL H.C.D. EXPRESA SU PREOCUPACIÓN POR LA SITUACIÓN QUE SE VIVE EN LA INDUSTRIA LÁCTEA VERÓNICA, EN PARTICULAR EN LA PLANTA UBICADA EN LA CIUDAD DE BOULOGNE."
0054-2026-HCD,2026-03-13,ORD - Ordenanza,Bloque Fuerza Patria,Diaz Marcos,Discapacidad,En comisión,2026-03-19,,188,CREANDO EL CONSEJO DE DISCAPACIDAD EN EL ÁMBITO DE SAN ISIDRO.
0056-2026-HCD,2026-03-13,RES - Resolución,Bloque FRENTE RENOVADOR- FUERZA PATRIA,Meca Federico,Declaración,En comisión,2026-03-19,,188,EL H.C.D. EXPRESA SU PREOCUPACIÓN ANTE LAS INFORMACIONES QUE DAN CUENTA DEL POSIBLE USO INDEBIDO DE RECURSOS PÚBLICOS POR EL JEFE DE GABINETE DE LA NACIÓN.
0057-2026-HCD,2026-03-13,RES - Resolución,Bloque Fuerza Patria,Franco Virginia,Adhesión,En comisión,2026-03-19,,188,"EL H.C.D. MANIFIESTA SU ADHESIÓN A LA LEY PROVINCIAL Nº 12.654, DE CONFORMIDAD CON LO DISPUESTO EN EL ART. 5."
0053-2026-HCD,2026-03-13,ORD - Ordenanza,Bloque Fuerza Patria,Diaz Marcos,Planeamiento Urbano,Sancionado,2026-03-19,2026-04-06,18,"CONSTRUIR UNA SENDA AERÓBICA PERIMETRAL EN EL BARRIO SAN ISIDRO, DE LA CIUDAD DE BOULOGNE."
0052-2026-HCD,2026-03-13,RES - Resolución,Bloque Fuerza Patria,Diaz Marcos,Declaración,Sancionado,2026-03-19,2026-03-26,7,"EL H.C.D.EXPRESA PREOCUAPCIÓN POR EL DESPIDO DE TODOS LOS DOCENTES DE LAS DOS TECNICATURAS AUDIOVISUALES DE LA UNIVERSIDAD NACIONAL ""SCALABRINI ORTÍZ."""
0059-2026-HCD,2026-03-17,RES - Resolución,La Libertad Avanza San Isidro,Alberto Montes,Declaración,En comisión,2026-03-19,,188,EL H.C.D. EXPRESA PREOCUPACIÓN POR LA CONSTRUCCIÓN DEL DESAROLLO INMOBILIARIO BLISS BUENOS AIRES UBICADO EN LA CALLE URUGUAY 4075 DEL PARTIDO DE SAN FERNANDO.
65385-2026-D,2026-03-19,ORD - Ordenanza,Ejecutivo,Ejecutivo,Legítimo Abono,Sancionado,2026-03-19,2026-03-26,7,EJERCICIO VENCIDO - TRIPODI ANDRES
00079-2026-HCD,2026-03-25,ORD - Ordenanza,Bloque Acción Vecinal San Isidro es Distinto,Broese Barbara,Arbolado Público,En comisión,2026-04-06,,170,"CREANDO EL ""PROGRAMA MUNICIPAL DE REALIZACIÓN SUSTENTABLE DEL ARBOLADO URBANO CAÍDO""."
00087-2026-HCD,2026-03-26,ORD - Ordenanza,Movimiento Derecho al Futuro,Schuppisser Manuela,Salud Pública,En comisión,2026-04-06,,170,"CREANDO LAS ""CONSEJERÍAS PARA LA REDUCCIÓN DE RIESGOS Y DAÑOS EN SITUACIONES DE EMBARAZOS NO PLANIFICADOS""."
00085-2026-HCD,2026-03-26,RES - Resolución,Bloque FRENTE RENOVADOR- FUERZA PATRIA,Meca Federico,Beneplácito,En comisión,2026-04-06,,170,EL H.C.D. EXPRESA SU BENEPLÁCITO AL PROYECTO DE LEY QUE PROPONE LA CREACIÓN DE UN INSTITUTO NACIONAL DE ESTADÍSTICA Y CENSOS (INDEC) COMO ORGANISMO AUTÓNOMO EN EL ÁMBITO DEL CONGRESO DE LA NACIÓN.
00083-2026-HCD,2026-03-26,RES - Resolución,Bloque FRENTE RENOVADOR- FUERZA PATRIA,Montivero Diego,Beneplácito,En comisión,2026-04-06,,170,EL H.C.D. EXPRESA SU BENEPLÁCITO AL PROYECTO DE LEY QUE PROPONE LA PROHIBICIÓN DE LA TENENCIA Y USO DE DISPOSITIVOS DE TELEFONÍA CELULAR Y OTROS MEDIOS DE COMUNICACIÓN INALÁMBRICA EN LAS UNIDADES DEL SERVICIO PENITENCIARIO BONAERENSE
00093-2026-HCD,2026-03-26,,Bloque Partido Demócrata,Debora Ruiz Ceballos,Seguridad,Sancionado,2026-04-06,2026-05-14,38,"S/ CONTROLAR Y RESTRINGIR LAS ""PICADAS"" DE AUTOS QUE SE CORREN EN DISTINTAS AVENIDAS DEL DISTRITO.-"
00088-2026-HCD,2026-03-26,ORD - Ordenanza,Movimiento Derecho al Futuro,Schuppisser Manuela,Salud Pública,Sancionado,2026-04-06,2026-05-13,37,"ESTABLECIENDO EN EL PARTIDO DE SAN ISIDRO, LA ""SEMANA DE LOS TRASTORNOS ALIMENTARIOS Y LA IMAGEN CORPORAL"" LA ÚLTIMA SEMANA DEL MES DE NOVIEMBRE DE CADA AÑO.-"
00092-2026-HCD,2026-03-26,RES - Resolución,Bloque Partido Demócrata,Feldtmann Maria Ines,Declaración de Interes,Sancionado,2026-04-06,2026-04-09,3,EL H.C.D. DECLARA DE INTERÉS EL CURSO DE HISTORIA 2026 DEL INSTITUTO HISTÓRICO MUNICIPAL DE SAN ISIDRO
00109-2026-HCD,2026-03-27,ORD - Ordenanza,Bloque Fuerza Patria,Diaz Marcos,Reconocimiento,En comisión,2026-04-06,,170,"SEÑALIZANDO TODAS LAS INSTITUCIONES EDUCATIVAS PÚBLICAS DE TODOS LOS NIVELES, EN LAS QUE SE CONSTATE QUE HAYAN EXISTIDO ESTUDIANTES EX COMBATIENTES DE MALVINAS."
00102-2026-HCD,2026-03-27,ORD - Ordenanza,La Libertad Avanza,Colombo Federico,Ordenanza,En comisión,2026-04-06,,170,"INSTRUYENDO AL D.E. A IMPULSAR CAMPAÑAS DE CONCIENTIZACIÓN, PROTOCOLOS DE ALERTA TEMPRANA Y ACCIONES EDUCATIVAS SOBRE LOS EFECTOS NOCIVOS DE LA DELINCUENCIA ORGANIZADA Y LA IMPORTANCIA DE LA LEY NACIONAL ANTIMAFIAS N°27.786.-"
00112-2026-HCD,2026-03-27,RES - Resolución,Bloque PRIMERO SAN ISIDRO,Alvarado Guido,Declaración de Interes,En comisión,2026-04-06,,170,"EL H.C.D. DECLARA DE INTERÉS EL CORTO DOCUMENTAL ""MERLO BAJO CERO"", DEL VECINO DE LA CIUDAD DE MARTÍNEZ SEBASTIÁN RUFF POR SU APORTE A LA CULTURA Y PUESTA EN VALOR DEL PATRIMONIO NATURAL DE NUESTRO PAÍS.-"
00111-2026-HCD,2026-03-27,ORD - Ordenanza,Bloque Fuerza Patria,Diaz Marcos,Calles,En comisión,2026-04-06,,170,"MODIFICANDO EN TODO SU RECORRIDO EL ACTUAL NOMBRE DE LAS CALLES TTE. GRAL. PEDRO E. ARAMBURU, POR EL NOMBRE ""PAPA FRANCISCO"", Y TTE. GRAL. EDUARDO LONARDI, POR EL NOMBRE ""TTE. ALEJANDRO DAMIÁN TAGLIAPIETRA"".-"
00104-2026-HCD,2026-03-27,RES - Resolución,La Libertad Avanza,Colombo Federico,Declaración,Sancionado,2026-04-06,2026-04-09,3,EL H.C.D. EXPRESA SU RESPALDO A LA LEY ANTIMAFIAS Y A LOS OBJETIVOS DE POLÍTICA DE SEGURIDAD QUE LA INSPIRAN.
00095-2026-HCD,2026-03-27,RES - Resolución,Bloque FRENTE RENOVADOR- FUERZA PATRIA,Meca Federico,Reconocimiento,Sancionado,2026-04-06,2026-04-09,3,"EL H.C.D. EXPRESA SU RECONOCIMIENTO A LA SELECCIÓN ARGENTINA DE GOALBALL ""LOS TOPOS"" POR LA OBTENCION DE LA MEDALLA DE PLATA EN LA COPA AMÉRICA 2025.-"
65387-2026-D,2026-03-30,ORD - Ordenanza,Ejecutivo,Ejecutivo,Legítimo Abono,Sancionado,2026-04-06,2026-04-09,3,EJERCICIO VENCIDO - PASSARINI MARÍA
65370-2026-D,2026-03-30,ORD - Ordenanza,Ejecutivo,Ejecutivo,Legítimo Abono,Sancionado,2026-04-06,2026-04-09,3,EJERCICIO VENCIDO - MALDOTTI CARLOS ALBERTO
128077-2026-C,2026-04-06,ORD - Ordenanza,Ejecutivo,Ejecutivo,Rendición de Cuentas,Sancionado,2026-04-06,2026-03-30,-7,RENDICIÓN DE CUENTAS 2025
00129-2026-HCD,2026-04-09,RES - Resolución,Movimiento Derecho al Futuro,Schuppisser Manuela,Comercios e Industrias,En comisión,2026-04-16,,160,"EL H.C.D. EXPRESA PREOCUPACIÓN POR AL SITUACIÓN DE CRISIS PRODUCTIVA Y RIESGO LABORAL QUE ATRAVIESA LA FABRICA JHON FOOS, DE LA CIUDAD DE BECCAR."
00123-2026-HCD,2026-04-09,RES - Resolución,Bloque Acción Vecinal San Isidro es Distinto,Giordani Fernanda,Reconocimiento,Sancionado,2026-04-16,2026-05-14,28,EL H.C.D. RECONOCE LA TRAYECTORIA DE LA SRA. JULIE HELENA FORTABAT POR SU COMPROMISO COMUNITARIO AMBIENTAL Y SOLIDARIO QUE ENALTECEN A LA COMUNIDAD DE SAN ISIDRO.-
00128-2026-HCD,2026-04-09,RES - Resolución,Movimiento Derecho al Futuro,Schuppisser Manuela,Beneplácito,Sancionado,2026-04-16,2026-05-14,28,"EL H.C.D. EXPRESA BENEPLÁCITO Y RECONOCIMIENTO POR LA HISTÓRICA PARTICIPACIÓN DEL SISTEMA CIENTÍFICO, TECNOLÓGICO Y ACADÉMICO ARGENTINO, A TRAVÉS DEL PROYECTO ARENEA EN LA MISIÓN ARTEMIS II DE LA NASA."
00132-2026-HCD,2026-04-10,ORD - Ordenanza,Movimiento Derecho al Futuro,Schuppisser Manuela,Derechos Humanos y Género,En comisión,2026-04-16,,160,"ESTABLECIENDO LA OBLIGATORIEDAD, CUMPLIMIENTO Y ACTUALIZACIÓN PERMANENTE DE LAS CAPACITACIONES EN PERSPECTIVA DE GÉNERO Y PREVENCIÓN DE LAS VIOLENCIAS CONTRA LAS MUJERES Y DIVERSIDADES EN EL MARCO DE LA LEY MICAELA.-"
00144-2026-HCD,2026-04-10,ORD - Ordenanza,Bloque FRENTE RENOVADOR- FUERZA PATRIA,Meca Federico,Planeamiento Urbano,En comisión,2026-04-16,,160,"CREANDO EL ""PROGRAMA DE REGULARIZACIÓN DOMINIAL Y DE CONSTRUCCIONES FAMILIARES DEL PARTIDO DE SAN ISIDRO"""
00133-2026-HCD,2026-04-10,RES - Resolución,Movimiento Derecho al Futuro,Schuppisser Manuela,Declaración,Sancionado,2026-04-16,,160,"DECLARANDO ""PERSONALIDAD DESTACADA DEL PARTIDO DE SAN ISIDRO"" A LA SRA. CRISTINA VALLEJOS, EN RECONOCIMIENTO A SU DISTINGUIDA TRAYECTORIA, SU COMPROMISO CON LA COMUNIDAD Y SU LABOR A FAVOR DE LA JUSTICIA SOCIAL."
00138-2026-HCD,2026-04-10,DEC - Decreto,Movimiento Derecho al Futuro,Schuppisser Manuela,Honorable Concejo Deliberante,En comisión,2026-04-16,,160,ESTABLECIENDO EL CARÁCTER PÚBLICO DE LAS REUNIONES DE TODAS LAS COMISIONES DE TRABAJO DEL HONORABLE CONCEJO DELIBERANTE DE SAN ISIDRO.
00142-2026-HCD,2026-04-10,RES - Resolución,Bloque FRENTE RENOVADOR- FUERZA PATRIA,Meca Federico,Repudio,En comisión,2026-04-16,,160,EL H.C.D. EXPRESA SU REPUDIO ANTE EL OTORGAMIENTO DE CRÉDITOS HIPOTECARIOS POR PARTE DEL BANCO NACIÓN ARGENTINA A FUNCIONARIOS Y LEGISLADORES NACIONALES.
00143-2026-HCD,2026-04-10,RES - Resolución,Bloque FRENTE RENOVADOR- FUERZA PATRIA,Meca Federico,Repudio,En comisión,2026-04-16,,160,EL H.C.D. EXPRESA SU REPUDIO A LAS MODIFICACIONES INTRODUCIDAS A LA LEY NACIONAL N° 26.639 DE PROTECCIÓN DE GLACIARES.
00148-2026-HCD,2026-04-10,RES - Resolución,Bloque Partido Demócrata,Feldtmann Maria Ines,Declaración de Interes,Sancionado,2026-04-16,,160,"EL H.C.D. DECLARA DE INTERÉS EL LIBRO ""JOSÉ MARÍA PIRÁN. HACEDOR DE INSTITUCIONES SANISIDRENSES"" DE MARCELA FUGARDO Y OSCAR ANDRÉS DE MASI POR SU APORTE A LA DIFUSIÓN DE LA HISTORIA DE SAN ISIDRO."
00150-2026-HCD,2026-04-10,ORD - Ordenanza,Bloque Fuerza Patria,Diaz Marcos,Ordenanza,En comisión,2026-04-16,,160,"CREANDO EL ESPACIO MUNICIPAL ""INNOVASI-ON"""
00153-2026-HCD,2026-04-10,RES - Resolución,La Libertad Avanza,Viveka Nyborg Andersen,Seguridad,En comisión,2026-04-16,,160,"EL H.C.D. RESUELVE PROHIBIR, EN EL ÁMBITO DE SU COMPETENCIA POLÍTICA, EL RECONOCIMIENTO DE CUALQUIER PROTOCOLO QUE AUTORICE EL USO DE DISPOSITIVOS MÓVILES A INTERNOS DENTRO DE ESTABLECIMIENTOS DE DETENCIÓN."
00159-2026-HCD,2026-04-10,RES - Resolución,Movimiento Derecho al Futuro,Schuppisser Manuela,Repudio,En comisión,2026-04-16,,160,EL H.C.D. EXPRESA SU RECHAZO Y PREOCUPACIÓN ANTE LAS MODIFICACIONES A LA LEY N° 26.639 DE PRESERVACIÓN DE LOS GLACIARES Y DEL ENTORNO PERIGLACIAL.
00160-2026-HCD,2026-04-10,RES - Resolución,Movimiento Derecho al Futuro,Schuppisser Manuela,Declaración,En comisión,2026-04-16,,160,EL H.C.D. EXPRESA SU PREOCUPACIÓN POR LA DECISIÓN DEL GOBIERNO NACIONAL DE FINALIZAR EL PROGRAMA REMEDIAR
00141-2026-HCD,2026-04-10,RES - Resolución,Bloque FRENTE RENOVADOR- FUERZA PATRIA,Meca Federico,Declaración,En comisión,2026-04-16,,160,EL H.C.D. EXPRESA SU PREOCUPACIÓN Y RECHAZO AL CIERRE DE LA PLANTA PRODUCTIVA DE LA EMPRESA JOHN FOOS UBICADA EN LA CIUDAD DE BECCAR.
00149-2026-HCD,2026-04-10,ORD - Ordenanza,Bloque Fuerza Patria,Diaz Marcos,Transporte,En comisión,2026-04-16,,160,"CREANDO EL ""SISTEMA INTEGRAL DE MOVILIDAD SUSTENTABLE"" (SIMS)."
00156-2026-HCD,2026-04-10,ORD - Ordenanza,La Libertad Avanza,Viveka Nyborg Andersen,Ordenanza,En comisión,2026-04-16,,160,CREANDO EL PROGRAMA DE ESPACIOS URBANOS.
00157-2026-HCD,2026-04-10,RES - Resolución,Bloque Unión Civica Radical,Perez Walter Dr.,Reconocimiento,Sancionado,2026-04-16,2026-06-11,56,"EL H.C.D. EXPRESA SU RECONOCIMIENTO Y HOMENAJE A LA TRAYECTORIA DE LA HISTÓRICA ""PIZZERÍA DON JUAN"" DE LA CIUDAD DE BOULOGNE, POR SUS 86 AÑOS ININTERRUMPIDOS DE TRABAJO."
00178-2026-HCD,2026-04-27,ORD - Ordenanza,Bloque Acción Vecinal San Isidro es Distinto,Broese Barbara,Salud Pública,Sancionado,2026-05-07,,139,"EXHORTANDO AL D.E. A IMPLEMENTAR ANTES DEL INICIO DE LA COPA MUNDIAL DE FÚTBOL FIFA 2026, ACCIONES EN MATERIA DE PREVENCIÓN DEL SARAMPIÓN."
00179-2026-HCD,2026-04-27,RES - Resolución,Bloque FRENTE RENOVADOR- FUERZA PATRIA,Meca Federico,Repudio,En comisión,2026-05-07,,139,"EL H.C.D. EXPRESA SU REPUDIO AL CIERRE DEL PROGRAMA ""VOLVER AL TRABAJO""."
00199-2026-HCD,2026-04-29,RES - Resolución,,,Repudio,En comisión,2026-05-07,,139,EL H.C.D. EXPRESA EL REPUDIO A LA DECISIÓN DEL GOBIERNO NACIONAL DE RETENER LOS FONDOS CORRESPONDIENTES A LA PROVINCIA DE BUENOS AIRES.
00200-2026-HCD,2026-04-29,RES - Resolución,Bloque PRIMERO SAN ISIDRO,Alvarado Guido,Reconocimiento,Sancionado,2026-05-07,,139,"EL H.C.D. EXPRESA SU RECONOCIMIENTO Y FELICITACIÓN AL LOCAL DE VENTA DE INDUMENTARIA MASCULINA ""GONPER"", SITO EN LA CALLE PARANÁ N° 6619, DE LA CIUDAD DE VILLA ADELINA."
00201-2026-HCD,2026-04-29,ORD - Ordenanza,La Libertad Avanza,Colombo Federico,Asistencia Social,En comisión,2026-05-07,,139,"CREANDO EN EL ÁMBITO DE LA SUBSECRETARÍA DE NIÑEZ, ADOLESCENCIA Y COMUNIDAD EL ÁREA DE ASISTENCIA A VÍCTIMAS DE FALSAS DENUNCIAS, OBSTRUCCIÓN DE VINCULOS Y DERECHO A LA COPARENTABILIDAD EN EL ÁMBITO FAMILIAR.-"
00198-2026-HCD,2026-04-29,RES - Resolución,,,Declaración,En comisión,2026-05-07,,139,"EL H.C.D. EXPRESA SU PREOCUPACIÓN Y RECHAZO AL AVANCE DEL PROYECTO DE LEY S-0228/2025 SOBRE EL ENDURECIMIENTO DE PENAS POR ""DENUNCIAS FALSAS""."
00194-2026-HCD,2026-04-29,RES - Resolución,Bloque PRIMERO SAN ISIDRO,Alvarado Guido,Reconocimiento,Sancionado,2026-05-07,,139,"EL H.C.D. FELICITA AL CLUB ATLÉTICO Y SOCIAL VILLA ADELINA (C.A.S.V.A), CON MOTIVO DE CELEBRARSE EL 100° ANIVERSARIO DE SU FUNDACIÓN."
00189-2026-HCD,2026-04-29,ORD - Ordenanza,Bloque FRENTE RENOVADOR- FUERZA PATRIA,Meca Federico,Parques y Plazas,En comisión,2026-05-07,,139,"CREANDO EL ""PARQUE PÚBLICO LOZADUR"", EN LA CIUDAD DE VILLA ADELINA"
00223-2026-HCD,2026-04-30,RES - Resolución,Bloque Fuerza Patria,Franco Virginia,Declaración,En comisión,2026-05-07,,139,EL H.C.D. EXPRESA SU DESACUERDO CON LA DISMINUCIÓN DE LA OFERTA FORMATIVA EN EL CENTRO DE FORMACIÓN PROFESIONAL MUNICIPAL N°1.
00217-2026-HCD,2026-04-30,RES - Resolución,Movimiento Derecho al Futuro,Schuppisser Manuela,Declaración de Interes,En comisión,2026-05-07,,139,"EL H.C.D. DECLARA DE INTERÉS LAS JORNADAS ""BRAIAN TOLEDO"", IMPULSADAS POR EL MINISTERIO DE DESARROLLO DE LA COMUNIDAD DE LA PCIA. DE BS. AS., POR SU APORTE AL FORTALECIMIENTO DE LOS CLUBES DE BARRIO DE SAN ISIDRO."
00228-2026-HCD,2026-04-30,RES - Resolución,Movimiento Derecho al Futuro,Schuppisser Manuela,Declaración,En comisión,2026-05-07,,139,"EL H.C.D.EXPRESA PREOCUPACIÓN Y RECHAZO ANTE LA NEGATIVA DEL MINISTERIO DE CAPITAL HUMANO DE LA NACIÓN DE ASISTIR FINANCIERAMENTE AL PROGRAMA ""MESA"".-"
00236-2026-HCD,2026-04-30,ORD - Ordenanza,Bloque Unión Civica Radical,Perez Walter Dr.,Declaración,En comisión,2026-05-07,,139,"DECLARANDO LA CADUCIDAD DE LA CONCESIÓN DEL SERVICIO PÚBLICO DE TRANSPORTE AUTOMOTOR DE PASAJEROS DE LA LÍNEA MUNICIPAL N°707, EN TODOS SUS RAMALES, OTORGADA A LA EMPRESA MICRO ÓMNIBUS GRAL. SAN MARTÍN (MOGSM).-"
00227-2026-HCD,2026-04-30,RES - Resolución,Movimiento Derecho al Futuro,Schuppisser Manuela,Repudio,En comisión,2026-05-07,,139,"EL H.C.D. EXPRESA SU REPUDIO AL CIERRE Y DESFINANCIAMIENTO DEL PROGRAMA ""VOLVER AL TRABAJO""."
00239-2026-HCD,2026-05-05,RES - Resolución,La Libertad Avanza,Colombo Federico,Beneplácito,Sancionado,2026-05-07,2026-05-14,7,EL H.C.D. EXPRESA SU BENEPLÁCITO AL PROYECTO DE RESOLUCIÓN POR EL CUAL SE EXIGE AL GOB. DE LA PROV. DE BS. AS. LA RESTITUCIÓN Y NORMALIZACIÓN DEL MÓDULO EXTRAORDINARIO PARA LA SEGURIDAD ALIMENTARIA.
00264-2026-HCD,2026-05-14,RES - Resolución,Bloque FRENTE RENOVADOR- FUERZA PATRIA,Montivero Diego,Beneplácito,En comisión,2026-05-21,,125,"EL H.C.D. EXPRESA SU BENEPLÁCITO POR LA PRESENTACIÓN DEL PROYECTO DE LEY ""PROTECCIÓN Y USO RESPONSABLE DE REDES SOCIALS EN NIÑOS, NIÑAS Y ADOLESCENTES"" IMPULSADO EN LA H. CÁMARA DE DIPUTADOS."
00263-2026-HCD,2026-05-14,ORD - Ordenanza,Movimiento Derecho al Futuro,Schuppisser Manuela,Ordenanza,En comisión,2026-05-21,,125,CREANDO LA DIRECCIÓN MUNICIPAL DE JUVENTUDES (DIMJU).-
00260-2026-HCD,2026-05-14,RES - Resolución,La Libertad Avanza,Viveka Nyborg Andersen,Adhesión,Sancionado,2026-05-21,2026-06-11,21,EL H.C.D. ADHIERE A LOS LINEAMIENTOS DE NEUTRALIDAD EDUCATIVA IMPULSADOS POR EL PODER EJECUTIVO NACIONAL Y LA DIFUSIÓN DE LA LINEA GRATUITA HABILITADA PARA RECIBIR DENUNCIAS DE PROPAGANDA EN LAS ESCUELAS.-
00262-2026-HCD,2026-05-14,RES - Resolución,Movimiento Derecho al Futuro,Schuppisser Manuela,Beneplácito,Sancionado,2026-05-21,2026-05-28,7,"EL H.C.D. EXPRESA SU BENEPLÁCITO POR EL DESEMPEÑO DEL EQUIPO DE PATINAJE ARTÍSTICO ""A.S.G. ARTISTIC SOUL GROUP"" DEL CLUB SOCIAL BECCAR, TRAS SU PARTICIPACIÓN EN LOS JUEGOS ARGENTINOS DE ALTO RENDIMIENTO ROSARIO 2025."
00255-2026-HCD,2026-05-14,RES - Resolución,La Libertad Avanza,Lopez Daniela,Declaración,Sancionado,2026-05-21,2026-05-28,7,EL H.C.D. EXPRESA SU RESPALDO A LA IMPLEMENTACIÓN DE LA BOLETA ÚNICA DE PAPEL COMO INSTRUMENTO DE VOTACIÓN PARA LOS CARGOS ELECTIVOS DE LA PROVINCIA DE BUENOS AIRES.
00278-2026-HCD,2026-05-15,RES - Resolución,Bloque Fuerza Patria,Diaz Marcos,Declaración,En comisión,2026-05-21,,125,"EL H.C.D. EXIGE AL PODER EJECUTIVO NACIONAL EL CUMPLIMIENTO INMEDIATO DE LA LEY NACIONAL N° 27.795, DE FINANCIAMIENTO UNIVERSITARIO."
00273-2026-HCD,2026-05-15,ORD - Ordenanza,Bloque Fuerza Patria,Diaz Marcos,Ordenanza,En comisión,2026-05-21,,125,"CREANDO EL PROGRAMA DE PARTICIPACIÓN UNIVERSITARIA EN LA EVALUACIÓN DEL IMPACTO AMBIENTAL, EN EL MUNICIPIO DE SAN ISIDRO.-"
00280-2026-HCD,2026-05-15,RES - Resolución,Bloque Fuerza Patria,Diaz Marcos,Declaración,En comisión,2026-05-21,,125,"EL H.C.D. EXIGE AL PODER EJECUTIVO NACIONAL EL CUMPLIMIENTO INMEDIATO DE LA LEY NACIONAL N° 27.795, DE FINANCIAMIENTO UNIVERSITARIO."
00281-2026-HCD,2026-05-15,RES - Resolución,Movimiento Derecho al Futuro,Schuppisser Manuela,Declaración,En comisión,2026-05-21,,125,EL H.C.D. EXPRESA SU PREOCUPACIÓN Y RECHAZO ANTE LA CRÍTICA SITUACIÓN PRESUPUESTARIA Y DE DESFINANCIAMIENTO OPERATIVO QUE ATRAVIESA EL BANCO NACIONAL DE DATOS GENÉTICOS.-
00279-2026-HCD,2026-05-15,ORD - Ordenanza,Bloque Fuerza Patria,Diaz Marcos,Asistencia Social,En comisión,2026-05-21,,125,CREANDO EL SERVICIO DE SEPELIO GRATUITO A CARGO DE LA MUNICIPALIDAD DE SAN ISIDRO.-
00269-2026-HCD,2026-05-15,RES - Resolución,Movimiento Derecho al Futuro,Schuppisser Manuela,Repudio,En comisión,2026-05-21,,125,EL H.C.D. EXPRESA SU REPUDIO ANTE EL INCUMPLIMIENTO POR PARTE DEL GOBIERNO NACIONAL DE LA LEY N° 27.795 DE FINANCIAMIENTO DE LA EDUCACIÓN UNIVERSITARIA Y RECOMPOSICIÓN DEL SALARIO DOCENTE.-
00271-2026-HCD,2026-05-15,RES - Resolución,Bloque PRIMERO SAN ISIDRO,Alvarado Guido,Reconocimiento,Sancionado,2026-05-21,,125,"EL H.C.D. EXPRESA SU RECONOCIMIENTO Y FELICITACIÓN AL CLUB SOCIAL Y DEPORTIVO 25 DE MAYO, CON MOTIVO DE LA CONMEMORACIÓN DEL 120° ANIVERSARIO DE SU FUNDACIÓN.-"
00267-2026-HCD,2026-05-15,RES - Resolución,Bloque Partido Demócrata,Debora Ruiz Ceballos,Declaración,Sancionado,2026-05-21,,125,EL H.C.D. FELICITA AL EXPLORATORIO DE CIENCIAS POR SU 30° ANIVERSARIO Y RECONOCE SU LABOR EDUCATIVA Y DIFUSIÓN A LA CIENCIA A LOS VECINOS DE SAN ISIDRO.-
00272-2026-HCD,2026-05-15,RES - Resolución,Bloque PRIMERO SAN ISIDRO,Antoniassi Ricardo,Reconocimiento,Sancionado,2026-05-21,,125,"EL H.C.D. EXPRESA SU RECONOCIMIENTO AL PRESTIGIOSO ACTOR Y VECINO DE VILLA ADELINA, ROBERTO CARNAGUI, POR SU DESTACADA TRAYECTORIA ARTÍSTICA Y SU INVALUABLE APORTE A LA CULTURA NACIONAL."
00282-2026-HCD,2026-05-15,RES - Resolución,La Libertad Avanza,Lopez Daniela,Beneplácito,En comisión,2026-05-21,,125,EL H.C.D. EXPRESA SU BENEPLÁCITO Y RECONOCIMIENTO AL GOBIERNO NACIONAL POR LA EFICIENCIA DEMOSTRADA EN EL FUNCIONAMIENTO DEL PRESUPUESTO NACIONAL Y LA OBTENCIÓN DE SUPERÁVIT FISCAL.
199536-2025-S C 0 2 3,2026-05-18,ORD - Ordenanza,Ejecutivo,Ejecutivo,Licitacion,Sancionado,2026-05-21,2026-05-28,7,LICITACIÓN PÚBLICA DE ACOMPAÑANTES TERAPÉUTICOS
134822-2025-D,2026-05-18,ORD - Ordenanza,Ejecutivo,Ejecutivo,Tránsito,Sancionado,2026-05-21,2026-05-26,5,CAMBIO DE SENTIDO DEL ENTORNO DE LA PLAZA 9 DE JULIO
273252-2025-V,2026-05-18,ORD - Ordenanza,Ejecutivo,Ejecutivo,Tránsito,Sancionado,2026-05-21,2026-05-26,5,SOLICITA CAMBIO DE SENTIDO DE LA CALLE LA PAZ
00256-2026-HCD,2026-05-26,ORD - Ordenanza,La Libertad Avanza,Viveka Nyborg Andersen,Ordenanza,En comisión,2026-05-21,,125,CREANDO EL DIGESTO MUNICIPAL DIGITAL DE SAN ISIDRO.
00318-2026-HCD,2026-05-29,RES - Resolución,Movimiento Derecho al Futuro,Schuppisser Manuela,Reconocimiento,En comisión,2026-06-04,,111,EL H.C.D. RESUELVE OTORGAR UN RECONOCIMIENTO A LA MEMORIA DE LOS VECINOS DE NUESTRO PARTIDO POR EL TERRORISMO DE ESTADO EL 9 DE JUNIO DE 1956 EN LOS BASURALES DE JOSÉ LEÓN SUÁREZ.-
00317-2026-HCD,2026-05-29,RES - Resolución,Bloque Convocación por San Isidro,Rojo Maria Lucia,Reconocimiento,Sancionado,2026-06-04,,111,"EL H.C.D. EXPRESA SU RECONOCIMIENTO Y FELICITACIONES A LA ""FUNDACIÓN JUNTOS PARA HACER"", POR CELEBRARSE 20 AÑOS DE SU CREACIÓN."
00305-2026-HCD,2026-05-29,ORD - Ordenanza,Bloque FRENTE RENOVADOR- FUERZA PATRIA,Meca Federico,Transporte,En comisión,2026-06-04,,111,CREANDO LA MESA INTERJURISDICCIONAL PARA LA EMERGENCIA DEL TRANSPORTE PÚBLICO DE SAN ISIDRO.-
00329-2026-HCD,2026-05-29,ORD - Ordenanza,La Libertad Avanza,Viveka Nyborg Andersen,Adhesión,En comisión,2026-06-04,,111,"PROHIBIENDO FUMAR EN TODOS LOS ESPACIOS CERRADOS DE ACCESO PÚBLICO DEPENDIENTES DE LA ADMINISTRACIÓN MUNICIPAL, PROVINCIAL Y NACIONAL, CONFORME LO DISPUESTO POR LA LEY NACIONAL N° 26.687 Y LA LEY PROVINCIAL N° 13.894.-"
00323-2026-HCD,2026-05-29,RES - Resolución,Movimiento Derecho al Futuro,Schuppisser Manuela,Reconocimiento,Sancionado,2026-06-04,,111,"EL H.C.D. EXPRESA SU RECONOCIMIENTO POR EL 20° ANIVERSARIO DE LA FUNDACIÓN ""JUNTOS PARA HACER""- CENTRO DE DÍA ""SENTIRES""."
00311-2026-HCD,2026-05-29,DEC - Decreto,Bloque Acción Vecinal San Isidro es Distinto,Broese Barbara,Honorable Concejo Deliberante,En comisión,2026-06-04,,111,ESTABLECIENDO CON CARÁCTER OBLIGATORIO UN CURSO ANUAL DE TÉCNICA LEGISLATIVA Y REDACCIÓN DE PROYECTOS.
00292-2026-HCD,2026-05-29,ORD - Ordenanza,Bloque Fuerza Patria,Diaz Marcos,Ordenanza,En comisión,2026-06-04,,111,"CREANDO EN EL PARTIDOS DE SAN ISIDRO LA FIGURA DE ""CENTRO CULTURAL"""
00299-2026-HCD,2026-05-29,RES - Resolución,Movimiento Derecho al Futuro,Schuppisser Manuela,Declaración,En comisión,2026-06-04,,111,EL H.C.D. EXPRESA SU PREOCUPACIÓN ANTE LAS POLÍTICAS DE AJUSTE IMPULSADAS POR EL GOBIERNO NACIONAL QIE AFECTAN AL SISTEMA DE PRESTACIONES DE LAS PERSONAS CON DISCAPACIDAD.-
00331-2026-HCD,2026-05-29,RES - Resolución,La Libertad Avanza,Viveka Nyborg Andersen,Reconocimiento,En comisión,2026-06-04,,111,"EL H.C.D. RECONOCE AL GOBIERNO NACIONAL POR SU COMPROMISO CON LA DESBUROCRATIZACIÓN, MODERNIZACIÓN Y TRANSPARENCIA DEL ESTADO, MANIFESTANDO EL IMPULSO A LA LEY DE DEROGACIÓN DE LEGISLACIÓN OBSOLETA"
00325-2026-HCD,2026-05-29,RES - Resolución,Bloque FRENTE RENOVADOR- FUERZA PATRIA,Meca Federico,Declaración,En comisión,2026-06-04,,111,EL H.C.D. EXPRESA SU PREOCUPACIÓN ANTE EL PROCESO DE PRIVATIZACIÓN DE LA EMPRESA AYSA IMPULSADO POR EL GOBIERNO NACIONAL.
00326-2026-HCD,2026-05-29,RES - Resolución,Bloque PRIMERO SAN ISIDRO,Durand Ángeles,Beneplácito,En comisión,2026-06-04,,111,EL H.C.D. EXPRESA SU BENEPLÁCITO POR LAS DISTINCIONES NACIONALES RECIBIDAS POR EL MUNICIPIO DE SAN ISIDRO OTORGADAS POR LA RED DE INNOVACIÓN LOCAL.-
00302-2026-HCD,2026-05-29,RES - Resolución,Movimiento Derecho al Futuro,Schuppisser Manuela,Declaración de Interes,Sancionado,2026-06-04,,111,"EL H.C.D. DECLARA DE INTERÉS LA TAREA LLEVADA A CABO POR LA FUNDACIÓN ""CAROLINA ALO"", POR SUS ACCIONES VINCULADAS A LA PROMOCIÓN Y PROTECCIÓN DE LOS DERECHOS DE LAS MUJERES.-"
00327-2026-HCD,2026-05-29,RES - Resolución,Bloque PRIMERO SAN ISIDRO,Durand Ángeles,Repudio,Sancionado,2026-06-04,2026-06-25,21,EL H.C.D. EXPRESA SU REPUDIO ANTE LOS ACTOS VANDALICOS Y DE PROFANACIÓN OCURRIDOS EN EL SANTUARIO DE LA VIRGEN DE FÁTIMA UBICADO EN EL BAJO DE MARTÍNEZ.
00313-2026-HCD,2026-05-29,RES - Resolución,Bloque Fuerza Patria,Diaz Marcos,Declaración de Interes,Sancionado,2026-06-04,2026-06-25,21,"EL H.C.D. DECLARA DE INTERÉS EL LIBRO ""DERROTA DEL SUBMARINO"", OBRA DEL ESCRITOR SANISIDRENSE BRUNO PEDRO DE ALTO."
00296-2026-HCD,2026-05-29,,Bloque Fuerza Patria,Diaz Marcos,Otros,Sancionado,2026-06-04,2026-06-08,4,"S/ LA LIBERACIÓN DEL ESPACIO FISICO QUE SE ENCUENTRA OCUPADO POR UNA VIVIENDA EN EL CENTRO DE FORMACIÓN PROFESIONAL N° 402, DE LA CIUDAD DE MARTÍNEZ."
195220-2026-S,2026-06-01,ORD - Ordenanza,Ejecutivo,Ejecutivo,Presupuesto,Sancionado,2026-06-04,2026-06-11,7,SOLICITA NUEVO PRÉSTAMO BANCO PROVINCIA
00386-2026-HCD,2026-06-11,RES - Resolución,Bloque Fuerza Patria,Franco Virginia,Declaración de Interes,En comisión,2026-06-18,,97,"DECLARANDO PERSONALIDAD DESTACADA DE LA CULTURA DEL PARTIDO DE SAN ISIDRO AL SR. CARLOS ALBERTO SOLARI, CONOCIDO ARTÍSTA Y POPULARMENTE COMO ""EL INDIO SOLARI""."
00385-2026-HCD,2026-06-11,ORD - Ordenanza,Bloque Fuerza Patria,Franco Virginia,Seguridad,En comisión,2026-06-18,,97,CREANDO EL PROGRAMA CORREDORES ESCOLARES
00384-2026-HCD,2026-06-11,RES - Resolución,Bloque Fuerza Patria,Franco Virginia,Declaración,En comisión,2026-06-18,,97,EL H.C.D. DECLARA PREOCUPACIÓN Y RECHAZO ANTE EL PROCESO DE PERSECUCIÓN JUDICIAL Y PROSCRIPCIÓN POLÍTICA QUE HA SIDO INSTRUMENTADO CONTRA LA EX PRESIDENTA DE LA NACIÓN DRA. CRISTINA FERNÁNDEZ DE KIRCHNER.
00336-2026-HCD,2026-06-11,RES - Resolución,Movimiento Derecho al Futuro,Schuppisser Manuela,Reconocimiento,Sancionado,2026-06-18,,97,"EL H.C.D. EXPRESA SU RECONOCIMIENTO A LA ""ASOCIACIÓN CIVIL BINCA PARA TODOS"", POR SU COMPROMISO CON LA COMUNIDAD Y SU TRABAJO TERRITORIAL EN NUESTRA CIUDAD EN SU 20° ANIVERSARIO."
00353-2026-HCD,2026-06-11,RES - Resolución,Bloque FRENTE RENOVADOR- FUERZA PATRIA,Meca Federico,Declaración,En comisión,2026-06-18,,97,EL H.C.D. EXPRESA PREOCUPACIÓN Y RECHAZO ANTE LA UTILIZACIÓN DE MECANISMOS EXCEPCIONALES DE REGULACIÓN FISCAL POR PARTE DE FUNCIONARIOS PÚBLICOS NACIONALES O INTEGRANTES DE SU GRUPO FAMILIAR DIRECTO.
00352-2026-HCD,2026-06-11,ORD - Ordenanza,Bloque FRENTE RENOVADOR- FUERZA PATRIA,Meca Federico,Medio Ambiente,En comisión,2026-06-18,,97,CREANDO LA MESA LOCAL DE POLÍTICAS AMBIENTALES DE SAN ISIDRO.
00350-2026-HCD,2026-06-11,ORD - Ordenanza,Bloque FRENTE RENOVADOR- FUERZA PATRIA,Meca Federico,Parques y Plazas,En comisión,2026-06-18,,97,"ESTABLECIENDO QUE EL PREDIO DEL GOLF DE VILLA ADELINA DEBERÁ DESTINARSE PRIORITARIAMENTE A ACTIVIDADES RECREATIVAS, DEPORTIVAS NO COMPETITIVAS, EDUCATIVAS, CULTURALES, AMBIENTALES Y DE ESPARCIMIENTO COMPATIBLES CON SU CARÁCTER DE PAISAJE PROTEGIDO."
00349-2026-HCD,2026-06-11,RES - Resolución,Bloque FRENTE RENOVADOR- FUERZA PATRIA,Meca Federico,Declaración,En comisión,2026-06-18,,97,"EL H.C.D. EXPRESA SU PROFUNDO PESAR POR EL FALLECIMIENTO DE CARLOS ALBERTO ""INDIO"" SOLARI, UNA DE LAS FIGURAS MÁS TRASCENDENTES DE LA CULTURA POPULAR ARGENTINA CONTEMPORÁNEA."
00348-2026-HCD,2026-06-11,RES - Resolución,Bloque FRENTE RENOVADOR- FUERZA PATRIA,Meca Federico,Declaración,En comisión,2026-06-18,,97,"EL H.C.D. EXPRESA PREOCUPACIÓN Y RECHAZO AL PROYECTO DENOMINADO ""SÚPER RIGI"" IMPULSADO POR EL GOBIERNO NACIONAL."
00347-2026-HCD,2026-06-11,RES - Resolución,Movimiento Derecho al Futuro,Schuppisser Manuela,Declaración,En comisión,2026-06-18,,97,"DECLARANDO ""SITIO HISTÓRICO Y DE INTERÉS CULTURAL DEL ROCK ARGENTINO"" AL INMUEBLE UBICADO EN LA CALLE RIVERA N° 2100, DE LA CIUDAD DE VILLA ADELINA."
00374-2026-HCD,2026-06-11,ORD - Ordenanza,Bloque Fuerza Patria,Diaz Marcos,Calles,Sancionado,2026-06-18,2026-08-11,54,"ESTABLECIENDO LA NOMENCLATURA PARCELARIA POR ALTURA EN DIVERSOS TRAMOS PERIMETRALES DEL BARRIO SAN ISIDRO (BASI), DE LA CIUDAD DE BOULOGNE."
00345-2026-HCD,2026-06-11,RES - Resolución,Movimiento Derecho al Futuro,Schuppisser Manuela,Declaración de Interes,Sancionado,2026-06-18,2026-06-25,7,"EL H.C.D. DECLARA DE INTERÉS LA ""SEMANA DE SENSIBILIZACIÓN SOBRE LA SORDOCEGUERA""A CONMEMORARSE LA ÚLTIMA SEMANA DEL MES DE JUNIO DE CADA AÑO."
129283-2026-S,2026-06-12,ORD - Ordenanza,Ejecutivo,Ejecutivo,Estacionamiento,Sancionado,2026-06-18,2026-06-23,5,RECONSTRUCCIÓN DE EXPEDIENTE NRO 6328/1971
00396-2026-HCD,2026-06-18,,Otros,Otros,,En comisión,2026-06-18,,97,
129286-2026-S,2026-06-22,ORD - Ordenanza,,,Ordenanza,En comisión,2026-06-18,,97,RECONSTRUCCIÓN DE EXPEDIENTE NRO 6328/1971 (ORDENANZA 4116)
00452-2026-HCD,2026-06-26,ORD - Ordenanza,Bloque Unión Civica Radical,Perez Walter Dr.,Comercios e Industrias,En comisión,2026-07-15,,70,"AUTORIZANDO A LOS TITULARES DE PERMISOS DE USOS, OCUPACIÓN DE ESPACIO PÚBLICO Y/O HABILITACIONES DE PUESTOS DESTINADOS A LA VENTA DE DIARIOS, REVISTAS Y AFINES, A RECONVERTIR Y AMPLIAR SUS ACTIVIDADES.-"
00449-2026-HCD,2026-06-26,RES - Resolución,,,Declaración,En comisión,2026-07-16,,69,EL H.C.D. EXPRESA SU CONVICCIÓN QUE LA PARTICIPACIÓN PÓLITICA DE LOS JÓVENES EN LOS CUERPOS DELIBERATIVOS MUNICIPALES CONSTITUYE UNA NECESIDAD INSTITUCIONAL E INSTA LA H. CAMARA DE DIPUTADOS DE LA PROV. BS. AS. A AVANZAR EN LA MODIFICACIÓN DEL DECRETO LEY N° 6.769/58.
00450-2026-HCD,2026-06-26,ORD - Ordenanza,Bloque Unión Civica Radical,Perez Walter Dr.,Planeamiento Urbano,En comisión,2026-07-16,,69,MODIFICANDO EL ARTÍCULO 1.2.1.1. DE LA SECCIÓN 1.2.1. DEL CAPÍTULO I DEL CÓDIGO DE ORDENAMIENTO URBANO DE SAN ISIDRO.-
00426-2026-HCD,2026-06-26,ORD - Ordenanza,Movimiento Derecho al Futuro,Schuppisser Manuela,Adhesión,En comisión,2026-07-16,,69,ADHIRIENDO A LA LEY PROVINCIAL N° 10.605 DE PREVENCIÓN AL SUICIDIO.-
00424-2026-HCD,2026-06-26,RES - Resolución,La Libertad Avanza,Viveka Nyborg Andersen,Beneplácito,En comisión,2026-07-16,,69,EL H.C.D. EXPRESA SU BENEPLÁCITO POR LA APROBACIÓN DEL PLAN NACIONAL PARA LA PREVENCIÓN Y CONTROL DE LA RESISTENCIA A LOS ANTIMICROBIANOS 2026-2029.-
00456-2026-HCD,2026-06-26,ORD - Ordenanza,Bloque Fuerza Patria,Franco Virginia,Derechos Humanos y Género,En comisión,2026-07-16,,69,CREANDO EL PROGRAMA MUNICIPAL DE PROMOTORES TERRITORIALES DE PREVENCIÓN CIUDADANA Y DERECHOS HUMANOS.-
00457-2026-HCD,2026-06-26,ORD - Ordenanza,Bloque Fuerza Patria,Franco Virginia,Asistencia Social,En comisión,2026-07-16,,69,"CREANDO EL PROGRAMA MUNICIPAL ""YO MAMÁ"", DESTINADO A BRINDAR ACOMPAÑAMIENTO INTEGRAL A ADOLESCENTES EMBARAZADAS Y MADRES ADOLESCENTES RESIDENTES EN EL PARTIDO DE SAN ISIDRO"
00423-2026-HCD,2026-06-26,ORD - Ordenanza,La Libertad Avanza,Colombo Federico,Cultura,En comisión,2026-07-16,,69,CREANDO EL PASEO DE LAS PERSONALIDADES DESTACADAS DE SAN ISIDRO.
00416-2026-HCD,2026-06-26,RES - Resolución,Movimiento Derecho al Futuro,Schuppisser Manuela,Otros,En comisión,2026-07-16,,69,"EL H.C.D. EXPRESA SU PREOCUPACIÓN Y RECHAZO ANTE LA DECISIÓN DEL GOBIERNO NACIONAL DE AVANZAR CON LA HIDROVÍA PARANÁ - PARAGUAY, EN EL MARCO DE LA LICITACIÓN PÚBLICA INTERNACIONAL N° 1/2026.-"
00406-2026-HCD,2026-06-26,RES - Resolución,Movimiento Derecho al Futuro,Schuppisser Manuela,Declaración de Interes,En comisión,2026-07-16,,69,"EL H.C.D. DECLARA DE INTERÉS EL VEREDICTO DICTADO EL 22 DE JUNIO DE 2026 POR EL JUZGADO CRIMINAL Y CORRECCIONAL FEDERAL Nº 2 DE SAN MARTÍN EN EL MARCO DEL ""JUICIO POR LA VERDAD POR LOS FUSILAMIENTOS DE JOSÉ LEÓN DE 1956"".-"
00405-2026-HCD,2026-06-26,ORD - Ordenanza,Movimiento Derecho al Futuro,Schuppisser Manuela,Calles,En comisión,2026-07-16,,69,"MODIFICANDO EL ACTUAL NOMBRE DE LA CALLE ""TTE. GRAL. PEDRO EUGENIO ARAMBURU"" DE LA CIUDAD DE MARTÍNEZ, POR EL NOMBRE DE ""INTENDENTE NORBERTO GAVINO"", SOBREVIVIENTE DE LOS FUSILAMIENTOS DE JOSÉ L. SUÁREZ."
00401-2026-HCD,2026-06-26,RES - Resolución,Bloque Unión Civica Radical,Perez Walter Dr.,Declaración,En comisión,2026-07-16,,69,"EL H.C.D. MANIFIESTA OPSICIÓN Y ROTUNDO RECHAZO A LA EVALUACIÓN DEL IMPACTO AMBIENTAL PRESENTADA BAJO EL MARCO DEL EXPEDIENTE N° 158/2026, RELACIONADO CON EL INMUEBLE SITO EN LA CALLE GRAL. ALVEAR N° 1495, DE LA CIUDAD DE MARTÍNEZ."
00398-2026-HCD,2026-06-26,ORD - Ordenanza,Movimiento Derecho al Futuro,Schuppisser Manuela,Convenios,En comisión,2026-07-16,,69,"AUTORIZANDO A SUSCRIBIR EL CONVENIO CON EL MINISTERIO DE SALUD DE LA PCIA. DE BUENOS AIRES PARA LA IMPLEMENTACIÓN DEL PROGRAMA PROVINCIAL DE ACOMPAÑAMIENTO Y CUIDADOS DE LA SALUD DURANTE EL EMBARAZO Y LA PRIMERA INFANCIA ""QUNITA BONARENSE"".-"
00441-2026-HCD,2026-06-26,ORD - Ordenanza,Bloque Fuerza Patria,Diaz Marcos,Tránsito,En comisión,2026-07-16,,69,CREANDO EL PLAN MUNICIPAL ANTI PICADAS EN EL PARTIDO DE SAN ISIDRO.
00448-2026-HCD,2026-06-26,ORD - Ordenanza,La Libertad Avanza,Lopez Daniela,Otros,En comisión,2026-07-16,,69,"CREANDO EL ""RÉGIMEN DE PERMISOS INSTANTÁNEOS Y APERTURA INMEDIATA"" EN EL ÁMBITO DEL PARTIDO DE SAN ISIDRO.-"
00419-2026-HCD,2026-06-26,RES - Resolución,La Libertad Avanza,Viveka Nyborg Andersen,Declaración,Sancionado,2026-07-16,2026-08-11,26,"EL H.C.D. DECLARA COMO PERSONALIDAD DESTACADA DE LA CULTURA DE SAN ISIDRO A LA ESCULTORA LUCY MATTOS, POR SU TRAYECTORIA Y CONTRIBUCIÓN A LA CULTURA DE SAN ISIDRO"
00428-2026-HCD,2026-06-26,RES - Resolución,Bloque FRENTE RENOVADOR- FUERZA PATRIA,Montivero Diego,Beneplácito,Sancionado,2026-07-16,2026-07-24,8,"EL H.C.D. EXPRESA SU BENEPLÁCITO POR LA SANCIÓN DE LA LEY PROVINCIAL DE PICTOGRAMAS QUE PROMUEVE LA ACCESIBILIDAD, LA INCLUSIÓN Y LA AMPLIACIÓN DE DERECHOS DE LAS PERSONAS CON DISCAPACIDAD.-"
00443-2026-HCD,2026-06-26,ORD - Ordenanza,Bloque Fuerza Patria,Diaz Marcos,Transporte,Sancionado,2026-07-16,2026-07-21,5,COLOCANDO EN TODAS LAS PARADAS DE COLECTIVOS DEL PARTIDO DE SAN ISIDRO LA CORRESPONDIENTE CARTELERÍA QUE INDIQUE QUE LÍNEAS PARAN ALLÍ Y SUS RECORRIDOS.
00465-2026-HCD,2026-07-08,RES - Resolución,Bloque Unión Civica Radical,Perez Walter Dr.,Honorable Concejo Deliberante,En comisión,2026-07-16,,69,REAFIRMANDO EL CARÁCTER IRRESTRICTO DEL ACCESO PÚBLICO AL RECINTO DE SESIONES DEL H.C.D. POR PARTE DE LOS CIUDADANOS.
00461-2026-HCD,2026-07-08,RES - Resolución,La Libertad Avanza,Viveka Nyborg Andersen,Reconocimiento,Sancionado,2026-07-16,2026-08-11,26,"EL H.C.D. DE SAN ISIDRO RECONOCE LA LABOR Y LOS APORTES DE LA APLICACIÓN ""PASITO"" AL BIENESTAR DE LA COMUNIDAD DE SAN ISIDRO, INCENTIVANDO LA ACTIVIDAD FÍSICA Y LA VIDA SALUDABLE."
00470-2026-HCD,2026-07-08,RES - Resolución,Bloque PRIMERO SAN ISIDRO,Alvarado Guido,Reconocimiento,Sancionado,2026-07-16,2026-07-24,8,"EL H.C.D. EXPRESA SU RECONOCIMIENTO Y FELICITACIÓN A LA DEPORTISTA Y VECINA DE MARTÍNEZ MARÍA RITA FERNANDEZ, POR SU PARTICIPACIÓN EN EL US OPEN DE GOLF ADAPTADO, QUE SE REALIZÓ DEL 6 AL 8 DE JULIO EN MARYLAND ESTADOS UNIDOS."
00472-2026-HCD,2026-07-08,RES - Resolución,La Libertad Avanza,Lopez Daniela,Beneplácito,Sancionado,2026-07-16,2026-07-24,8,EL H.C.D. DE SAN ISIDRO EXPRESA SU BENEPLÁCITO POR LOS RESULTADOS OBTENIDOS EN LAS PRUEBAS APRENDER 2025 DADOS A CONOCER POR EL MINISTERIO DE CAPITAL HUMANO DE LA NACIÓN
00460-2026-HCD,2026-07-08,RES - Resolución,La Libertad Avanza,Viveka Nyborg Andersen,Declaración de Interes,Sancionado,2026-07-16,2026-07-24,8,"EL H.C.D. DECLARA DE INTERÉS AL PROGRAMA ""CONCURSO EMPRENDADOR ARGENTINO"", DE LA DIRECCIÓN NACIONAL DE FORTALECIMIENTO DE CAPACIDADES EMPRENDEDORAS DEPENDIENTE DE LA SUBSEC. DE EMPRENDEDORES DEL MINIST. DE ECONOMÍA DE LA NACIÓN."
009821-2024-S,2026-07-13,ORD - Ordenanza,Ejecutivo,Ejecutivo,CONVALIDACIÓN,En comisión,2026-07-16,,69,CEMENTERIOS SERVICIO ESCENCIAL Y PRIORITARIO
170946-2026-S,2026-07-13,ORD - Ordenanza,Ejecutivo,Ejecutivo,Medio Ambiente,Sancionado,2026-07-16,2026-07-24,8,RÉGIMEN PARA LA REMOCIÓN DE INSTALACIONES DE CABLEADO AÉREO EN DESUSO EN LA MUNICIPALIDAD DE SAN ISIDRO
00499-2026-HCD,2026-07-24,DEC - Decreto,Bloque FRENTE RENOVADOR- FUERZA PATRIA,Montivero Diego,Honorable Concejo Deliberante,En comisión,2026-08-06,,48,"DECLARANDO AL EDIFICIO DEL HONORABLE CONCEJO DELIBERANTE DE SAN ISIDRO COMO ""ESPACIO CARDIOASISTIDO"" DISPONIENDOSE LA ADQUISICION E INSTALACION DE UN EQUIPO DESFIBRILADOR EXTERO AUTOMATICO (DEA)."
00497-2026-HCD,2026-07-24,RES - Resolución,Bloque Fuerza Patria,Diaz Marcos,Declaración,En comisión,2026-08-06,,48,"EL H.C.D EXPRESA SU PREOCUPACION Y RECHAZO AL PROYECTO DE LEY SOBRE INVIOLABILIDAD DE LA PROPIEDAD PRIVADA, DEL PODER EJECUTIVO NACIONAL."
00495-2026-HCD,2026-07-24,ORD - Ordenanza,Bloque Fuerza Patria,Diaz Marcos,Ordenanza,En comisión,2026-08-06,,48,"CREANDO EL PROGRAMA ""ROTONDAS CON IDENTIDAD - 210 AÑOS DE PATRIA"" EN EL AMBITO DEL PARTIDO DE SAN ISIDRO"
00492-2026-HCD,2026-07-24,ORD - Ordenanza,Bloque Fuerza Patria,Diaz Marcos,Educación,En comisión,2026-08-06,,48,CREANDO LA BECA ESTUDIANTIL DE SAN ISIDRO PARA ESTUDIANTES DE LOS CENTROS DE FORMACIÓN PROFESIONAL Y CENTROS DE FORMACIÓN LABORAL QUE RESIDAN EN EL MUNICIPIO.
00490-2026-HCD,2026-07-24,RES - Resolución,Bloque FRENTE RENOVADOR- FUERZA PATRIA,Meca Federico,Reconocimiento,En comisión,2026-08-06,,48,EL H.C.D EXPREASA SU BENEPLACITO AL PROYECTO DE LEY QUE PROPONE DECLARAR CIUDADANOS ILUSTRES DE LA PROVINCIA DE BUENOS AIRES A LOS FUTBOLISTAS INTEGRANTES DEL PLANTEL DE LA SELECCIÓN ARGENTINA.
00485-2026-HCD,2026-07-24,RES - Resolución,Bloque FRENTE RENOVADOR- FUERZA PATRIA,Meca Federico,Reconocimiento,Sancionado,2026-08-06,2026-08-27,21,"EL H.C.D. EXPRESA SU RECONOCIMIENTO Y HOMENAJE A LA SELECCIÓN ARGENTINA DE FÚTBOL Y LA TOTALIDAD DE JUGADORES QUE INTEGRAN SU PLANTEL, POR SU EJEMPLO DE SACRIFICIO, TRABAJO EN EQUIPO Y UNIÓN."
00503-2026-HCD,2026-07-27,ORD - Ordenanza,Bloque FRENTE RENOVADOR- FUERZA PATRIA,Meca Federico,Ordenanza,En comisión,2026-08-06,,48,CREANDO EN EL AMBITO DEL PARTIDO DE SAN ISIDRO EL PROCEDIMIENTO ADMINISTRATIVO DE PROTECCION Y ASISTENCIA AL CONSUMIDOR SOBREENDEUDADO.
00505-2026-HCD,2026-07-29,RES - Resolución,Bloque FRENTE RENOVADOR- FUERZA PATRIA,Meca Federico,Repudio,En comisión,2026-08-06,,48,EL H.C.D. EXPRESA SU REPUDIO A LOS INSULTOS DICHOS POR EL PRESIDENTE DE LA NACIÓN HACIA EL PRESIDENTE DE LA REPÚBLICA DE BRASIL LUIZ IGNACIO LULA DA SILVA..
00512-2026-HCD,2026-07-29,DEC - Decreto,Bloque Partido Demócrata,Feldtmann Maria Ines,Honorable Concejo Deliberante,En comisión,2026-08-06,,48,"ESTABLECIENDO LA ILUMINACIÓN DE LA FACHADA DEL H.C.D. DE COLOR CELESTE TODOS LOS 25 DE MARZO POR EL ""DÍA MUNICIPAL DEL NIÑO POR NACER""."
00509-2026-HCD,2026-07-29,RES - Resolución,Bloque Partido Demócrata,Feldtmann Maria Ines,Declaración de Interes,Sancionado,2026-08-06,,48,"EL H.C.D. DECLARA DE INTERÉS LA ""VII JORNADA DE HISTORIA DE LOS HISTORIADORES DE FONDO DE LA LEGUA"", A REALIZARSE EL PRÓXIMO 08 DE AGOSTO DEL CORRIENTE AÑO."
00518-2026-HCD,2026-07-30,ORD - Ordenanza,Movimiento Derecho al Futuro,Schuppisser Manuela,Adhesión,En comisión,2026-08-06,,48,"ADHERIR A TODOS LOS TÉRMINOS DE LA LEY PROVINCIAL N° 15.296, QUE ESTABLECE LA CAPACITACIÓN OBLIGATORIA EN TEMÁTICA DE DISCAPACIDAD PARA TODAS LAS PERSONAS QUE SE DESMPEÑEN EN LA FUNCIÓN PÚBLICA MUNICIPAL."
00527-2026-HCD,2026-07-31,ORD - Ordenanza,La Libertad Avanza,Lopez Daniela,Ordenanza,En comisión,2026-08-06,,48,"GARANTIZANDO UN PROCEDIMIENTO HUMANO, DIGNO E INFORMADO PARA LA SEPULTURA Y/O CREMACIÓN DE SERES HUMANOS FALLECIDOS DURANTE LA GESTACIÓN (DEFUNCIÓN FETALO INTRAUTERINA)."
00535-2026-HCD,2026-07-31,RES - Resolución,La Libertad Avanza,Viveka Nyborg Andersen,Repudio,En comisión,2026-08-06,,48,EL HONORABLE CONCEJO DELIBERANTE MANIFIESTA SU REPUDIO A LA RESOLUCIÓN N° RESO-2026-1640-GDEBA-MDCGP QUE DISPONE LA SUSPENSIÓN DEL PROGRAMA MESA BONAERENSE .
00529-2026-HCD,2026-07-31,RES - Resolución,La Libertad Avanza,Lopez Daniela,Declaración de Interes,En comisión,2026-08-06,,48,"EL HONORABLE CONCEJO DELIBERANTE DECLARA DE INTERÉS LA CONMEMORACIÓN DEL DÍA INTERNACIONAL DE ACCIÓN POR LAS DOS VIDAS, QUE SE CELEBRA EL DIA 8 DE AGOSTO DE CADA AÑO."
00531-2026-HCD,2026-07-31,RES - Resolución,La Libertad Avanza,Lopez Daniela,Repudio,En comisión,2026-08-06,,48,EL HONORABLE CONCEJO DELIBERANTE REPUDIA LAS EXPRESIONES Y CAMPAÑAS DIFUNDIDAS EN MEDIOS Y REDES SOCIALES QUE BUSCARON INSTALAR UNA IMAGEN FALSA Y AGRAVIANTE DE LA NACIÓN ARGENTINA.
00532-2026-HCD,2026-07-31,,La Libertad Avanza,Lopez Daniela,,En comisión,2026-08-06,,48,EL HONORABLE CONCEJO DELIBERANTE REPUDIA EL INCREMENTO DE LOS COSTOS ASOCIADOS A LA OBTENCIÓN Y RENOVACIÓN DE LAS LICENCIAS DE CONDUCIR PROFESIONALES EN LA PCIA. DE BS. AS.
00519-2026-HCD,2026-07-31,RES - Resolución,Bloque FRENTE RENOVADOR- FUERZA PATRIA,Meca Federico,Declaración,Sancionado,2026-08-06,2026-08-27,21,"EL HONORABLE CONCEJO DELIBERANTE EXPRESA SU PREOCUPACIÓN POR EL INCUMPLIMIENTO DE LA LEY PROVINCIAL N° 27.023 Y DE LA LEY PROVINCIAL N° 15.062, POR FALTA DE EXHIBIECION DE LA LEYENDA ""LAS ISLAS MALVINAS SON ARGENTINAS"" Y EL MAPA BICONTINENTAL, EN LAS UNIDADES DE EMPRESAS DE COLECTIVO."
00533-2026-HCD,2026-07-31,,La Libertad Avanza,Lopez Daniela,,Sancionado,2026-08-06,2026-08-11,5,S/ LA INCORPORACION DE PUERTOS USB DE CARGA PARA DISPOSITIVOS MÓVILES EN LOS TOTEMS DE SEGURIDAD Y ASISTENCIA INMEDIATA INSTALDOS EN EL PARTIDO.-
00530-2026-HCD,2026-07-31,RES - Resolución,La Libertad Avanza,Viveka Nyborg Andersen,Adhesión,Sancionado,2026-08-06,2026-08-11,5,"S/ AL MINISTERIO DE TRANSPORTE DE LA PCIA. DE BS. AS. ADHERIR AL DECRETO NACIONAL N° 196/2025, CON EL FIN DE IMPLEMENTAR LAS NUEVAS DISPOSICIONES ESTABLECIDAS RESPECTO DE LA VERIFICACIÓN TÉCNICA VEHICULAR."
0196856-2026-S,2026-08-03,ORD - Ordenanza,Ejecutivo,Ejecutivo,Convenios,En comisión,2026-08-06,,48,CONVENIO MARCO CON LA CIUDAD AUTÓNOMA DE BUENOS AIRES.
0237295-2026-S,2026-08-03,ORD - Ordenanza,Ejecutivo,Ejecutivo,Presupuesto,Sancionado,2026-08-06,2026-08-27,21,MODIFICACIÓN DEL RÉGIMEN DE EXENCIONES PARA ESTABLECIMIENTOS EDUCACIONALES DE GESTIÓN PRIVADA.
087587-2026-S CUERPOS 0 2 3,2026-08-03,ORD - Ordenanza,Ejecutivo,Ejecutivo,Licitacion,Sancionado,2026-08-06,2026-08-27,21,LICITACION PUBLICA SUMINISTRO N°192 - SER. LAVADO DE ROPA REUTILIZABLE DE USO HOSPITALARIO - SSP
0251285-2025-D,2026-08-03,ORD - Ordenanza,Ejecutivo,Ejecutivo,Licitacion,Sancionado,2026-08-06,2026-08-27,21,LICITACION PUBLICA SUMINISTRO N° 1232- SERV. DE ANESTESIOLOGÍA - HCSI-HMI-HCB
0275249-2026-D,2026-08-03,ORD - Ordenanza,Ejecutivo,Ejecutivo,Ordenanza,Sancionado,2026-08-06,2026-08-11,5,MODIFICAR EL ARTÍCULO 3° DEL ANEXO ÚNICO DE LA ORDENANZA N° 8996.(DECLARACIONES JURADAS PATRIMONIALES)
0248392-2026-S,2026-08-03,ORD - Ordenanza,Ejecutivo,Ejecutivo,Legítimo Abono,Sancionado,2026-08-06,2026-08-10,4,CONVALIDACIÓN DE CONVENIO DE LEGÍTIMO ABONO - AGENTE ROXANA ALEJANDRA TASIN
0211270-2026-S,2026-08-03,ORD - Ordenanza,Ejecutivo,Ejecutivo,Legítimo Abono,Sancionado,2026-08-06,2026-08-10,4,"LIQUIDACIÓN POR EJERCICIO VENCIDO - TESAR, NADIA MILAGROS - LEGAJO Nº 76.893"
00550-2026-HCD,2026-08-13,ORD - Ordenanza,Bloque Fuerza Patria,Diaz Marcos,Veredas,En comisión,2026-08-20,,34,"CREANDO EL ""PROGRAMA MUNICIPAL VEREDAS SEGURAS DE SAN ISIDRO"""
00562-2026-HCD,2026-08-13,ORD - Ordenanza,Bloque FRENTE RENOVADOR- FUERZA PATRIA,Meca Federico,Planeamiento Urbano,En comisión,2026-08-20,,34,"CREANDO EL PROGRAMA MUNICIAPAL DE ORDENAMIENTO, REGISTRO, RETIRO Y SOTERRAMIENTO PROGRESIVO DEL CABELADO AÉREO, EN EL ESPACIO PÚBLICO DEL PARTIDO DE SAN ISIDRO."
00542-2026-HCD,2026-08-13,DEC - Decreto,,,Honorable Concejo Deliberante,En comisión,2026-08-20,,34,DISPONIENDO LA INSTALACIÓN DE MAQUINAS EXPENDEDORAS DE ALIMENTOS Y BEBIDAS DENTRO DEL H.C.D.
00586-2026-HCD,2026-08-13,RES - Resolución,Bloque Fuerza Patria,Franco Virginia,Repudio,En comisión,2026-08-20,,34,EL H.C.D. REPUDIA EL ACCIONAR REPRESIVO DESPLEGADO POR LAS FUERZAS DE SEGURIDAD FEDERALES EL PASADO 6 DE AGOSTO DEL CORRIENTE AÑO FRENTE AL CONGRESO DE LA NACIÓN.
00564-2026-HCD,2026-08-13,RES - Resolución,Bloque FRENTE RENOVADOR- FUERZA PATRIA,Meca Federico,Declaración,En comisión,2026-08-20,,34,"EL H.C.D. EXPRESA SU PREOCUPACIÓN ANTE LA SITUACIÓN QUE ATRAVIESAN LOS COMERCIOS, PEQUEÑAS Y MEDIANAS EMPRESAS, EMPRENDIMIENTOS PRODUCTIVOS Y ESTABLECIMIENTOS INDUSTRIALES DEL PARTIDO."
00578-2026-HCD,2026-08-13,ORD - Ordenanza,Bloque Fuerza Patria,Franco Virginia,Semáforos,En comisión,2026-08-20,,34,"CREANDO EL ""PROGRAMA DE SEMÁFOROS SONOROS"" EN EL ÁMBITO DEL PARTIDO DE SAN ISIDRO."
00558-2026-HCD,2026-08-13,RES - Resolución,Bloque FRENTE RENOVADOR- FUERZA PATRIA,Montivero Diego,Repudio,En comisión,2026-08-20,,34,"EL H.C.D. REPUDIA AL INTEMPESTIVO E INJUSTIFICADO CIERRE Y DESARTICULACIÓN DEL CORO NACIONAL DE NIÑOS, INSTITUCIÓN EMBLEMÁTICA DEL PATRIMONIO CULTURAL, EDUCATIVO Y ARTÍSTICO DE LA NACIÓN ARGENTINA"
00579-2026-HCD,2026-08-13,RES - Resolución,Bloque Fuerza Patria,Franco Virginia,Declaración,En comisión,2026-08-20,,34,"EL H.C.D. EXPRESA PREOCUPACIÓN POR LA DENOMINACIÓN ""DESFILE CÍVICO- MILITAR"" ADOPTADA POR EL D.E. PARA EL EVENTO CONMEMORATIVO DEL ANIVERSARIO DEL FALLECIMIENTO DEL GRAL. JOSÉ DE SAN MARTÍN."
00560-2026-HCD,2026-08-13,ORD - Ordenanza,Bloque FRENTE RENOVADOR- FUERZA PATRIA,Debora Ruiz Ceballos,Derechos Humanos y Género,En comisión,2026-08-20,,34,"ESTABLECIENDO LA CAPACITACIÓN OBLIGATORIA Y PERIÓDICA EN PERSPECTIVA DE GÉNERO, PREVENCIÓN Y ABORDAJE DE LAS VIOLENCIAS POR MOTIVOS DE GÉNERO PARA LA TOTALIDAD DEL PERSONAL AFECTADO AL PATRULLAJE MUNICIPAL DE SAN ISIDRO."
00561-2026-HCD,2026-08-13,ORD - Ordenanza,Bloque FRENTE RENOVADOR- FUERZA PATRIA,Rivadulla Estefania,Derechos Humanos y Género,En comisión,2026-08-20,,34,"ESTABLECIENDO COMO CRITERIO DE CONFORMACIÓN DE LAS DOTACIONES DEL PATRULLAJE MUNICIPAL DE SAN ISIDRO LA INTEGRACIÓN PROGRASIVA DE EQUIPOS MIXTOS, PROCURANDO QUE LAS UNIDADES MÓVILES CUENTEN CON AL MENOS UNA AGENTE MUJER ENTRE LOS INTEGRANTES DE CADA DOTACIÓN."
83628-2026-D Cuerpo 0 2,2026-08-13,ORD - Ordenanza,Ejecutivo,Ejecutivo,Licitacion,Sancionado,2026-08-20,2026-08-27,7,LICITACION PUBLICA SUMINISTRO N° 181- SERV. DE LABORATORIO EN SITUACIONES EXTREMAS - SSP
00555-2026-HCD,2026-08-13,RES - Resolución,Bloque Convocación por San Isidro,Rojo Maria Lucia,Reconocimiento,Sancionado,2026-08-20,2026-08-27,7,"EL H.C.D. EXPRESA SU RECONOCIMIENTO Y FELICITACIONES AL ""CLUB INQUIETOS"" Y A SU FUNDADORA, MARÍA FLORENCIA FORTELLI, POR SU INVALUABLE LABOR SOCIAL, DEPORTIVA E INCLUSIVA EN NUESTRO PARTIDO."
00585-2026-HCD,2026-08-13,RES - Resolución,Bloque PRIMERO SAN ISIDRO,Alvarado Guido,Declaración de Interes,Sancionado,2026-08-20,2026-08-27,7,"EL H.C.D. DECLARA DE INTERÉS LA ""III CONVENCIÓN DE LA RED PANHISPÁNICA DE LENGUAJE CLARO Y ACCESIBLE"", ORGANIZADA POR LA SUPREMA CORTE DE JUSTICIA DE LA PCIA. DE BS. AS."
00589-2026-HCD,2026-08-27,RES - Resolución,Bloque FRENTE RENOVADOR- FUERZA PATRIA,Meca Federico,Repudio,En comisión,2026-09-03,,20,"EL H.C.D. EXPRESA SU REPUDIOY PREOCUPACIÓN POR EL INGRESO Y AMARRE DEL BUQUE PRETOLERO DE BANDERA DEL REINO UNIDO DE GRAN BRETAÑA E IRLANDA DEL NORTE, EN EL PUERTO DE USHUAIA, TIERRA DEL FUEGO, ANTÁRTIDA E ISLAS DEL ATLÁNTICO SUR"
00592-2026-HCD,2026-08-27,RES - Resolución,Bloque FRENTE RENOVADOR- FUERZA PATRIA,Montivero Diego,Declaración,En comisión,2026-09-03,,20,EL H.C.D. EXPRESA SU PREOCUPACIÓN POR EL DETERIORO DE LA TRAMA DE CALLES Y AVENIDAS EN LAS DISTINTAS LOCALIDADES DEL DISTRITO.-
00595-2026-HCD,2026-08-27,ORD - Ordenanza,Bloque FRENTE RENOVADOR- FUERZA PATRIA,Rivadulla Estefania,Ordenanza,En comisión,2026-09-03,,20,"CREANDO EN EL ÁMBITO MUNICIPAL AL PROGRAMA ""TECHOS Y TERRAZAS VERDES""."
00596-2026-HCD,2026-08-28,RES - Resolución,Movimiento Derecho al Futuro,Schuppisser Manuela,Beneplácito,En comisión,2026-09-03,,20,"EL H.C.D. EXPRESA SU BENEPLÁCITO Y RECONOCIMIENTO AL SINDICATO UNIFICADO DE TRABAJADORES DE LA EDUCACIÓN DE BUENOS AIRES (SUTEBA) Y A SU SECCIONAL SAN ISIDRO, CON MOTIVO DE CELEBRARSE EL 40° ANIVERSARIO DE SU FUNDACIÓN."
00627-2026-HCD,2026-08-28,RES - Resolución,Bloque PRIMERO SAN ISIDRO,Alvarado Guido,Declaración,En comisión,2026-09-03,,20,"EL H.C.D. EXPRESA SU RECONOCIMIENTO Y FELICITACIÓN AL VECINO DE LA CIUDAD DE MARTÍNEZ, NICOLÁS YANNUZZI, POR SU PARTICIPACIÓN EN EL MUNDIAL DE PICKLEBALL QUE SE LLEVA A CABO EN TAIWÁN."
00620-2026-HCD,2026-08-28,ORD - Ordenanza,Movimiento Derecho al Futuro,Schuppisser Manuela,Parques y Plazas,En comisión,2026-09-03,,20,"DESIGNANDO CON EL NOMBRE DE ""VETERANOS DE GUERRA DE MALVINAS- SAN ISIDRO"" AL BOULEVARD EN CONSTRUCCIÓN UBICADO SOBRE LA CALLE IPIRANGA, EN LA CIUDAD DE BOULOGNE."
00617-2026-HCD,2026-08-28,RES - Resolución,Bloque FRENTE RENOVADOR- FUERZA PATRIA,Meca Federico,Repudio,En comisión,2026-09-03,,20,"EL H.C.D. EXPRESA SU REPUDIO A LAS RECIENTES DECLARACIONES, EXPRESIONES Y PUBLICACIONES DEL PRESIDENTE DE LA NACIÓN, DIRIGIDAS CONTRA PERIODISTAS, TRABAJADORES DE PRENSA Y MEDIOS DE COMUNICACIÓN."
00628-2026-HCD,2026-08-28,RES - Resolución,Bloque Fuerza Patria,Diaz Marcos,Beneplácito,En comisión,2026-09-03,,20,EL H.C.D. MANIFIESTA SU BENEPLÁCITO Y ACOMPAÑAMIENTO A LA ADHESIÓN DE LA PROVINCIA DE BUENOS AIRES A LA LEY NACIONAL N° 26.816 DE RÉGIMEN FEDEAL DE EMPLEO PROTEGIDO PARA PERSONAS CON DISCAPACIDAD.
00602-2026-HCD,2026-08-28,RES - Resolución,Bloque Fuerza Patria,Diaz Marcos,Declaración de Interes,En comisión,2026-09-03,,20,"EL H.C.D. DECLARA DE INTERÉS LA ""GUÍA EMA PARA EL ABORDAJE DE CASOS DE DIFUSIÓN DE CONTENIDO ÍNTIMO SEXUAL SIN CONSENTIMIENTO EN ÁMBITOS EDUCATIVOS"",ELABORADA POR LA FAMILIA DE EMA BONDARUK JUNTO A ORGANIZACIONES ESPECIALIZADAS."
00632-2026-HCD,2026-08-28,ORD - Ordenanza,Bloque Fuerza Patria,Franco Virginia,Patrimonio Municipal,En comisión,2026-09-03,,20,"DECLARANDO DE UTILIDAD PÚBLICA Y SUJETO A EXPROPIACIÓN EL SECTOR DEL INMUEBLE IDENTIFICADO CATASTRALMENTE COMO CIRCUNSCRIPCIÓN 4, SECCIÓN D, MANZANA 6, PARCELA 12, DE LA CIUDAD DE MARTÍNEZ"
00626-2026-HCD,2026-08-28,RES - Resolución,Bloque PRIMERO SAN ISIDRO,Alvarado Guido,Declaración,En comisión,2026-09-03,,20,EL H.C.D. FELICITA A LA DELEGACIÓN DEL EQUIPO DE PATINAJE ARTÍSTICO DEL CLUB ATLÉTICO SOCIAL VILLA ADELINA (CASVA) POR SU DESTACADA PARTICIPACIÓN EN EL CAMPEONATO PANAMERICANO DE PATINAJE ARTÍSTICO 2026
00629-2026-HCD,2026-08-28,ORD - Ordenanza,Bloque Fuerza Patria,Diaz Marcos,Comercios e Industrias,En comisión,2026-09-03,,20,"AUTORIZANDO A LOS TITULARES DE PERMISOS DE USO, OCUPACIÓN DE ESPACIO PÚBLICO Y/O HABILITACIONES CORRESPONDIENTES A PUESTOS DESTINADOS A LA VENTA DE DIARIOS Y REVISTAS, A INCORPORAR ACTIVIDADES Y SERVICIOS COMPLEMENTARIOS"
00631-2026-HCD,2026-08-28,ORD - Ordenanza,Bloque Fuerza Patria,Franco Virginia,Ordenanza,En comisión,2026-09-03,,20,"ARBITRANDO LOS MEDIOS NECESARIOS PARA LA SEÑALIZACIÓN DEL SITIO DONDE FUNCIONÓ LA VIVIENDA DE LA FAMILIA LANUSCOU UBICADA EN LA CALLE CATAMARCA N° 1975, DE LA CIUDAD DE MARTÍNEZ."
00598-2026-HCD,2026-08-28,RES - Resolución,Movimiento Derecho al Futuro,Schuppisser Manuela,Beneplácito,En comisión,2026-09-03,,20,EL H.C.D. DECLARA SU BENEPLÁCITO Y RECONOCIMIENTO AL CUMPLIRSE 5 AÑOS DE LA CONFORMACIÓN DEL FRENTE ORGULLO SAN ISIDRO (FOSI) Y DE LA REALIZACIÓN DE LA 1RA MARCHA DEL ORGULLO LGBTI+ EN EL PARTIDO DE SAN ISIDRO
00623-2026-HCD,2026-08-28,ORD - Ordenanza,Bloque Fuerza Patria,Diaz Marcos,Obras Particulares,En comisión,2026-09-03,,20,"ESTABLECIENDO LA RECUPERACIÓN, PUESTA EN VALOR Y REAPERTURA AL USO PÚBLICO DEL PASEO DEL ÁGUILA, UBICADO EN LA CALLE GRAL. PUEYRREDÓN Y LA BARRANCA, DEL PARTIDO DE SAN ISIDRO."
00630-2026-HCD,2026-08-28,ORD - Ordenanza,Bloque Fuerza Patria,Diaz Marcos,Ordenanza,En comisión,2026-09-03,,20,"CREANDO EN EL ÁMBITO DEL PARTIDO DE SAN ISIDRO EL PROGRAMA ""PARADA LIMPIA""."
00644-2026-HCD,2026-08-31,RES - Resolución,La Libertad Avanza,Lopez Daniela,Declaración,En comisión,2026-09-03,,20,EL H.C.D. EXPRESA SU PREOCUPACIÓN Y RECHAZO ANTE LAS INFORMACIONES PERIODÍSTICAS QUE DAN CUENTA DEL VIAJE REALIZADO POR LA SENADORA PROVINCIAL MALENA GALMARINI A LA ISLA DE BARBADOS.
00645-2026-HCD,2026-08-31,RES - Resolución,La Libertad Avanza,Lopez Daniela,Repudio,En comisión,2026-09-03,,20,EL H.C.D. REPUDIA EL HECHO VANDÁLICO OCURRIDO EL DÍA 19 DE AGOSTO DE 2026 CONTRA LA SEDE DEL PARTIDO LA LIBERTAD AVANZA DEL PARTIDO DE SAN ISIDRO
257878-2026-S,2026-09-01,ORD - Ordenanza,Ejecutivo,Ejecutivo,Legítimo Abono,En comisión,2026-09-03,,20,LEGITIMO ABONO
