expediente,anio,bloque,tipo_proyecto,tema
7-HCD-2018,2018,frente renovador,resolucion,el h.c.d. repudia la decision del cierre de escuelas publicas en la zona insular de san fernando.-
27-HCD-2018,2018,unidad ciudadana,resolucion,"el h.c.d. declara su preocupacion y disconformidad por el cierre y fusion de cursos, en instituciones educativas del distrito.-"
061-HCD-2018,2018,unidad ciudadana,decreto,estableciendo la paridad de genero en el ambito de las autoridades del honorable concejo deliberante.-
062-HCD-2018,2018,unidad ciudadana,decreto,"adoptando en el ambito d~l honorable concejo deliberante la ""guia de lenguaje igualitario"".- i"
064-HCD-2018,2018,frente renovador,comunicacion,si la instalacion d~ un semaforo en la avda. juan segundo fernandez en su interseccion con la e:alle nicolas a vellaneda¡ de la ciudad de san isidro.-
065-HCD-2018,2018,unidad ciudadana,resolucion,el h.cd. manifiesta su preocupacion y disconformidad por la creacion de una comision permanente del mapa judicial de la pcia. de es. as.-
066-HCD-2018,2018,partido justicialista,resolucion,el hcd. expresa :3u repudio a la decision determinada por la jueza federal dra. maria servini de cubria de decretar la intervencion del partido justicialista n acional.-
070-HCD-2018,2018,partido justicialista,comunicacion,si impulsar la creacion de un fondo de asistencia medica excepcional.-
071-HCD-2018,2018,partido justicialista,resolucion,el hcd. expresa su repudio al injusto beneficio concedido al asesino miguel etchecolatz.-
073-HCD-2018,2018,partido justicialista,comunicacion,si informes relacionados con las patrullas comunitarias.-
076-HCD-2018,2018,partido justicialista,resolucion,"el h.cd. veria con agrado que el d.e. adhiera a la ley nº 14.603, decreto reglamentario nº 459/17 de la p,cia de bs. as.-"
077-HCD-2018,2018,partido justicialista,resolucion,"el h.cd. manifies;:a el rechazo por la medida impulsada por el poder judicial brasileno al arrestar al ex presidente de la republica federativa de brasil, luiz 1. lula da silva,-"
081-HCD-2018,2018,partido justicialista,resolucion,"el h.cd, expresa su preocupacion ante los desmedidos y continuos aumentos en las tarifas de servicios publicos.-"
082-HCD-2018,2018,partido rusticialista,comunicacion,si informes relacionados al programa de reconversion de luminarias para clubes de barrios y sociedades de fomento.-
084-HCD-2018,2018,partido justicialista,comunicacion,"slla repavimentacion ylo bacheo en la calle manuel lainez en su interseccion con la calle ntras. mc.lvinas, de la ciudad de boulogne.-"
089-HCD-2018,2018,convocacion por san isidro,comunicacion,"si convertir en sentido linico de circulacion vehicular a las calle cuyo y entre rios entre las a vdas. fleming y fondo de la legua, de la ciudad de martinez"
090-HCD-2018,2018,convocacion por san isidro,comunicacion,si estudio hidraulico en diversas calles de la ciudad de martij1ez.- i
092-HCD-2018,2018,convocacion por san isidro,comunicacion,"si la: colocacion de lomo de burro en la calle betbeder, entre las calles ipiranga y figueroa alcorta, de la ciudad de boulogne.-"
093-HCD-2018,2018,convocacion por san isidro,comunicacion,si informes sobre el puerto de san isidro.-. p. ase a : .l 36 - expte. nº 15664-s-2017.- departamento ejecutivo.- proyecto de ordenanza.- convalidando lo actuado por el d.e. mediante el decreto nº 2662/17.-
114-HCD-2018,2018,partido justicialista,comunicacion,si el vaciado de diversos contenedores de la ciudad de boulogne.-
115-HCD-2018,2018,partido justicialista,comunicacion,si diversos informes sobre la obra social ioma.-
116-HCD-2018,2018,partido justicialista,resolucion,el h.c.d. manifiesta su rechazo y preocupacion a la cadena farmacity.-
117-HCD-2018,2018,partido justicialista,resolucion,el h.c.d. expresa su desacuerdo ante la solicitud de ajuste a las provincias y municipios.-
128-HCD-2018,2018,unidad ciudadana,comunicacion,si la colocacion de senales y tachas refractarias en la_ interseccion de las calles jose ingenieros y uruguay con la ruta panamericana.-
129-HCD-2018,2018,unidad ciudadana,comunicacion,"si la extraccion del arbol situado en la calle los platanos nº 1174/1176, de la ciudad de villa adelina.-"
130-HCD-2018,2018,unidad ciudadana,comunicacion,si diversos :.nformes relacionados con las campanas de prevencion del vih-sida y otras enfermedades de transmision sexua1.-
136-HCD-2018,2018,unidad ciudadana,comunicacion,si aumentar la frecuencia de recoleccion de residuos en todos ..•. los barrios sin urbanizar del partido.-
138-HCD-2018,2018,unidad ciudadana,comunicacion,"si la instalacion de camaras de seguridad en la interseccion de las calles jorge newbery y marcon:l, de la ciudad de beccar.-"
139-HCD-2018,2018,convocacion por san isidro.,comunicacion,"~/ informes sobre el estado de diversos reclamos relacionados con luminarias, en el partido.-"
140-HCD-2018,2018,convocacion por san isidro,comunicacion,"si arbitrar las medidas necesarias con el fin de brindar una solucion al cruce peatonal para los alumnos que concurren a la escuela ""naciones unidas"", de la ciudad de martinez"
143-HCD-2018,2018,unidad ciudadana,resolucion,"el h.c.d. repudia la decision de retornar al financiamiento del'"" fondo monetario internacional (f.m.i.).-"
144-HCD-2018,2018,unidad ciudadana,comunicacion,si un amplio informe relacionado con el hospital central de san isidro.-
145-HCD-2018,2018,partido justicialista,comunicacion,"si la reparacion de la cinta asfaltica en la calle nuestras malvinas, entre las calles alte. betbeder y gregaria matorras de san martin, de la ciudad de boulogne.-"
146-HCD-2018,2018,partido justicialista,ordenanza,eximiendo totalmente de la tasa por servicios generales a contribuyentes de bajos recursos.-
149-HCD-2018,2018,partido justicialista,comunicacion,"si el reordenamiento vehicular en la calle matheu, entre la calle ipiranga y la avda. bernardo de irigoyen, de la ciudad de boulogne.-"
150-HCD-2018,2018,partido justicialista,resolucion,"el h.c.d. manifiesta su total apoyo y compromiso con la preservacion como espacio verde, publico y de acceso gratuito al predio del campo de golf de villa adelina.- -"
151-HCD-2018,2018,pro san isidro - cambiemos .,ordenanza,"creando y ejecutando campana de adopcion y tenencia responsable de perros y gatos ""hagamos amigos"".-"
156-HCD-2018,2018,partido justicialista,ordenanza,creando el registro municipal de actores de la economia social.-_
163-HCD-2018,2018,unidad ciudadana,ordenanza,declarando la emergencia tarifaria en materia de servicios publicos.-
166-HCD-2018,2018,unidad ciudadana,decreto,el h.c.d. adhiere a la ley nº 14.783 de la pcia. de buenos aires.- _
172-HCD-2018,2018,frente renov ador,comunicacion,"si la pavimentacion de la calle roma, entre las calles mtra. manuela garcia y padre acevedo, de la ciudad de beccar.-"
173-HCD-2018,2018,frente renovador,comunicacion,"si informe sobre lo ocurrido el dia 14 de mayo del corriente ano, en el hospital central de san isidro.-"
174-HCD-2018,2018,frente renovador,comunicacion,"si la construccion de un reductor de velocidad sobre la calle independencia esquina salguero, de la ciudad de boulogne.-"
175-HCD-2018,2018,frente renovador,comunicacion,"si refugios para pasajeros de transporte publico en la interseccion de las calles godoy cruz e independencia, de la ciudad de boulogne.-"
176-HCD-2018,2018,unidad ciudadana,ordenanza,"creando el programa ""prevencion de acoso callejero"".-"
182-HCD-2018,2018,convocacion por san isidro,comunicacion,"si reductores de velocidad en la interseccion de las calles intendente alfara y ricardo gutierrez, de la localidad de acassuso.-"
183-HCD-2018,2018,pro san isidro - cambiemos,decreto,declarando de interes del h.c.d. la realizacion del 3º foro nacional de gobierno abierto y tecnologia civica.-
190-HCD-2018,2018,premte renovador,resolucion,declarando paisaje protegido y de interes municipal la conservacion del predio del golf de la ciudad de villa adelina.-
201-HCD-2018,2018,unidad ciudadana,comunicacion,"s/ la pavimentacion de la calle los ceibos, entre las calles juan a mazza y bartolome novaro, de este partido.-"
202-HCD-2018,2018,unidad ciudadana,resolucion,el h.c.d. expresa su rechazo al decreto presidencial nº 499/2018.-
206-HCD-2018,2018,convocacion por san isidro,ordenanza,estableciendo que los boletines oficiales del d.e. sean publicados en la correspondiente pagina web oficial.-
207-HCD-2018,2018,convocacion por san isidro,comunicacion,"si el refuerzo de patrullaje al ""comando de patrullas"" (c.p ..) en diversas zonas de:la ciudad de villa adeli1:a.-"
208-HCD-2018,2018,convocacion por san isidro,resolucion,el h.c.d. expresa su beneplacito por la sancion de la ley e 158/18-19.-
209-HCD-2018,2018,convocacion por san isidro,comunicacion,"si informes relacionados con la construccion de un muelle a la altura de la calle roque saenz pena y la ribera del rio de plata, de este partido.-"
211-HCD-2018,2018,unidad ciudadana,resolucion,el h.c.d. manifiesta su repudio a las declaraciones de la gobernadora de la provincia de buenos aires.-
213-HCD-2018,2018,unidad ciudadana,comunicacion,si informes relacionados con la falta de servicio de ferrocarriles de la linea belgrano norte.-
222-HCD-2018,2018,unidad ciudadana,resolucion,"el b.c.d, adhiere al ""dia mundial contra la trata de personas"",-"
237-HCD-2018,2018,frente renovador,comunicacion,si a la agencia de administracion de bienes e1el estado (aabe) un informe sobre lo establecido en la resolucion nº 9/18.~
239-HCD-2018,2018,frente renovador,comunicacion,"si el entubamiento del arroyo alto peru en los tramos a cielo abierto: desde la a vda. marquez hasta la calle tomkinson, de este partido.-"
240-HCD-2018,2018,frente renovador,comunicacion,"si la realizacion de veredas en diversas calles del barrio santa rita, de laciudad de boulogne.-"
241-HCD-2018,2018,frente renov ador,comunicacion,"si la instalacion de un semaforo en la calle lamadrid en su interseccion con la calle thames, en la ciudad de villa adelina.-"
244-HCD-2018,2018,unidad ciudadana,comunicacion,"si la denominacion ""soldado carlos viegas cascalheiras"", a alguna calle de este partido.-"
253-HCD-2018,2018,convocacion por s.an isidro,comunicacion,"s/ la inspeccion del cantero ubicado en la calle la . calandria, entre las calles curupayti y wernicke, de este partido.-"
254-HCD-2018,2018,convocacion por san isidro,comunicacion,"s! la inspeccion del estado de las veredas ubicadas en la a vda. fondo de la legua, entre las calles gorriti y wilde, de este partido.-"
255-HCD-2018,2018,convocacion por san isidro,comunicacion,"si la instalacion de luminarias bajas led en la avda. fondo de la legua, en el tramo comprendido entre la avda. marquez y la calle thames, de este partido.-"
256-HCD-2018,2018,convocacion por san isidro,comunicacion,si camaras de seguridad y refuerzo de patrullaje en diversas calles de la ciudad de bou1cgne.-
269-HCD-2018,2018,frente renovador,ordenanza,reemplazando el articulo nº 46 de la ordenanza nº 8965.-
270-HCD-2018,2018,frente renovador,ordenanza,"derogando las facult3.des otorgadas al poder ejecutivo, previstas en el articulo nº 41 de la ordenanza ]\fº 8966/17.-"
272-HCD-2018,2018,frente renov ador,ordenanza,incorporando texto ej articulo 46 de la ordenanza nº 8965.-
277-HCD-2018,2018,partido justicialista,resolucion,"el h.c.d. manifiesta su adhesion a la modificacion de la ley nº 24.193 ""ley justina"".-"
278-HCD-2018,2018,partido justicialista,comunicacion,"s/ tareas preventivas de transito en las calles moises lebensohn y yatay, entre las calles medrana y gascon, de la ciudad de boulogne.-"
279-HCD-2018,2018,partido justicialista,comunicacion,"si diversos informes relacionados con la universidad nacional ""scalabrini ortiz"".-"
280-HCD-2018,2018,partido justicialista,comunicacion,"si incluir en el plan municipal de repavimentacion ylo bacheo a la calle pasaje del jardin en su interseccion con las calles yerbal y bomberos voluntarios, de la ciudad de boulogne.-"
281-HCD-2018,2018,partido justicialista,comunicacion,"si intensificar el barrido, limpieza y eliminacion del basural a cielo abierto en el barrio santa rita, de la ciudad de boulogne.-"
283-HCD-2018,2018,partido justicialista,ordenanza,"creando el programa municipal de alimentacion saludable para ninas, ninos y adolescentes en edad escolar, instaurados como ""kioscos mas saludables"" .-"
284-HCD-2018,2018,partido justicialista,comunicacion,"si un semaforo en la avda. bernardo de irigoyen, entre las calles el zorzal y gral. hilario lagos, en la ciudad de boulogne.-"
285-HCD-2018,2018,partido justicialista,ordenanza,"creando la comie,ion para la proteccion, restauracion y promocion del patrimonio historico, cultural, natural y de preservacion edilicia de san isidro.-"
286-HCD-2018,2018,unidad ciudadana,resolucion,el h.c.d. expresa su beneplacito a la caravana a realizarse por integrantes de fipca.-
287-HCD-2018,2018,unidad ciudadana,comunicacjon,si informes relacionados con el hospital materno infantil de san isidro.-
288-HCD-2018,2018,unidad ciudadana,ordenanza,adhiriendo a la ley nacional nº 27.447.-
289-HCD-2018,2018,unidad ciudadana,ordenanza,creando un registro de inmuebles.-
290-HCD-2018,2018,unidad ciudadana,comunicacion,si se implemente el instrumento de observacion de desarrollo infantil.-
295-HCD-2018,2018,partido justicialista,ordenanza,declarando la emergencia laboral en el municipio de san isidro.-
296-HCD-2018,2018,partido justicialista,comunicacion,"si informes relacionados con la barrera existente en la calle manuel lainez en su interseccion con la calle cura allievi, de la ciudad de boulogne.-"
297-HCD-2018,2018,partido justicialista,ordenanza,declarando la emergencia comercial en el partido de san isidro.-
298-HCD-2018,2018,partido justicialista,comunicacion,si informes relacionados con la adquisicion de contenedores para la separacion de residuos.-
300-HCD-2018,2018,convocacion por san isidro,comunicacion,si informes relacionados con la comision asesora permanente de adjudicaciones de licitaciones publicas.-
301-HCD-2018,2018,convocacion por san isidro,comunicacion,si informes relacionados con el decreto nº 190/18.-
302-HCD-2018,2018,convocacion por san isidro,comunicacion,"si a autopistas del sol un informe relacionado al estado de la obra de ampliacion de la ruta acceso tigre, entre las calles tomkinson y uruguay, de este partido.-"
303-HCD-2018,2018,convocacion por san isidro,ordenanza,"establec:endo que las comunicaciones sancionadas por el h.c.d. requiriendo informes, sean remitidas dentro de un plazo de los 20 dias habiles.-"
304-HCD-2018,2018,convocacion por san isidro,comunicacion,"si declarar de interes municipal el dia 27 de junio como ""dia de las microempresas y las pequenas y medianas empresas"".-"
305-HCD-2018,2018,convocacion por san isidro,comunicacion,"s/ a la secretaria de desarrollo economico sustentable del municipio, un informe relacionado con los resultados del programa 2017.-"
306-HCD-2018,2018,unidad ciudadana,resolucion,"el h.c.d. manifiesta preocupacion por el accionar del partido politico pro, pcia. de bs. as.-"
307-HCD-2018,2018,partido justicialista .,ordenanza,declarando la emergencia alimentaria en el partido de san isidro.-
308-HCD-2018,2018,unidad ciudadana,comunicacion,"si se implemente en todos sus terminos la ley nº 27.351, sobre gratuidad de tarifas de servicios electrico para usuarios electrodependientes.-"
309-HCD-2018,2018,unidad ciudadana,resolucion,el h.c.d. repudia los despidos de la agencia telam.-
310-HCD-2018,2018,unidad ciudadana,comunicacion,si la implementacion en todos sus terminos de la ley nº 25.929.-
311-HCD-2018,2018,unidad ciudadana,comunicacion,"s/ la colocacion de camaras y/o domo de seguridad en la interseccion de las calles dean funes y novaro, de la ciudad de boulogne.-"
312-HCD-2018,2018,frente renovador,resolucion,el h.c.d. expresa su repudio ante el desmantelamiento de las policias locales en distintos municipios de la pcia. de bs. as.-
319-HCD-2018,2018,frente renovador,resolucion,"el h.cd. expresa su beneplacito por la sancion de la ley nacional de ""trasplante de organos, tejidos y celulas"".-"
320-HCD-2018,2018,frente renovador,resolucion,el h.c.d. manifiesta su preocupacion ante la situacion en que se encuentra atravesando el colegio nacional de san isidro (essnº 8).-
322-HCD-2018,2018,frente renovador,comunicacion,"si solucion a problemas cloacales, aguas residuales y desagues pluviales en el barrio santa rita, de la ciudad de boulogne.-"
324-HCD-2018,2018,frente renovador,resolucion,"el hcd expresa su repudio a la represion y desalojo en la vigilia realizada en el colegio nacional de san isidro, el dia 12 de junio del corriente ano.-"
325-HCD-2018,2018,frente renovador,comunicacion,"s/ incluir en el plan municipal de repavimentacion y/o bacheo a la calle uriarte en su interseccion con la calle junin, de la ciudad de boulogne.-"
328-HCD-2018,2018,unidad ciudadana,comunicacion,s/ al poder ejecutivo de la pcia. de bs. as. un informe relacionado con la investigacion periodistica de juan amorin.-
329-HCD-2018,2018,unidad ciudadana,ordenanza,autorizado al d.e. el la senalizacion de los centros clandestinos de detencion.-
330-HCD-2018,2018,unidad ciudadana,resolucion,"el h.c.d. expresa :3u preocupacion por el decreto nº 683/18, emitido por el sr. presidente de la nacion.-"
331-HCD-2018,2018,unidad ciudadana,comunicacion,"si tareas de saneamiento y desmalezamiento en la zona lindante con las vias del ferrocarril belgrano norte desde el paso a nivel de la calle perito moreno hasta la calle thames, de la ciudad de boulogne.-"
332-HCD-2018,2018,unidad ciudadana,comunicacion,"si la colocacion de luminarias led en la calle jorge newbery del barrio la cava, de la ciudad de beccar.-"
333-HCD-2018,2018,unidad ciudadana,comunicacion,si un informe relacionado con la dificil situacion en materia electrica.-
335-HCD-2018,2018,convocacion por san isidro,ordenanza,creando protocolo de accion para la asistencia de personas en situacion de calle e indigencia.-
336-HCD-2018,2018,convocacion por san isidro,comunicacion,"si verificar el funcionamiento de las luminarias existentes en el paso bajo nivel de la calle florencia varela, de la ciudad de beccar.-"
337-HCD-2018,2018,convocacion por san isidro,comunicacion,si un informe referente con el regimen de horas de pileta libre en los natatorios municipales.-
338-HCD-2018,2018,convocacion por san isidro,comunicacion,"si que el abono para la categoria de ""pileta libre"", pueda ser utilizado en cualquiera de los campos de deportes municipales.-"
339-HCD-2018,2018,convocacion por san isidro,resolucion,el h.cd. declara de interes municipal los juegos olimpicos de la juventud.-
340-HCD-2018,2018,convocacion por san isidro,comunicacion,"si la instalacion de un cartel con la senalizacion de la parada de colectivos ubicada en la interseccion de las calles rodriguez pena y berutti, de la ciudad de martinez.-"
341-HCD-2018,2018,convocacion por san isidro,comunicacion,"si la repavimentacion de la calle luis m. drago en el tramo comprendido desde la avda. ader hasta la calle batalla la florida, de la ciudad de villa adelina.-"
342-HCD-2018,2018,frente renovador,comunicacion,"si un amplio informe relacionado con el ex predio de obras sanitarias, situado en la avda. centenario, de la ciudad de beccar.-"
343-HCD-2018,2018,partido justicialista.,comunicacion,"si incluir en el plan de pavimentacion ylo bacheo a la calle capitan juan de san martin, entre lae:calles bulnes y padre castiglia, de la ciudad de boulogne.-"
344-HCD-2018,2018,partido justicialista,ordenanza,"creando el ""club de ajedrez municipal de san isidro"".-"
345-HCD-2018,2018,pro san isidro - cambiemos,comunicacion,"si la reparacion de rampas de accesibilidad situadas en las esquinas de la avda. del libertador gral. san martin, entre las calles parana y uruguay, del partido de san isidro.-"
346-HCD-2018,2018,pro san isidro - cambiemos,resolucion,"el h,c.d. expresa su beneplacito por la media sancion por parte de la honorable camara de diputados de la nacion de la denominada ""ley de bancos de alimentos"".-"
347-HCD-2018,2018,partido justicialista,resolucion,el h.c.d. rechaza el decreto nº 683/18 de defensa nacional.-
348-HCD-2018,2018,partido justicialista,ordenanza,"erigiendo en la ""plaza de la memoria por los muertos y desaparecidos de dictaduras"" un monumento que recuerde la tematica senalada.-"
349-HCD-2018,2018,partido justicialista,ordenanza,"instituyendo en el ambito del municipio de san isidro el ""defensor del pueblo de san isidro"".-"
350-HCD-2018,2018,partido justicialista,comunicacion,"s/ incluir en el plan de pavimentacion y/o bacheo a la esquina que forman las calles rodriguez pena y tres sargentos, de la ciudad de martinez.-"
351-HCD-2018,2018,partido justicialista,ordenanza,"creando el ""corredor seguro"" en diversas calles de la ciudad de boulogne.-"
352-HCD-2018,2018,partido justicialista,comunicacion,"s/ incluir en el plan de pavimentacion y/o bacheo a la calle agustin repetto, entre las calles bulnes y padre castiglia, de la ciudad de boulogne.-"
353-HCD-2018,2018,partido justicialista,comunicacion,"s/ incluir en el plan de pavimentacion y/o bacheo a la calle tiradentes, entre las calles el zorzal y gral. hilario lagos, de la ciudad de boulogne.-"
354-HCD-2018,2018,unidad ciudadana,comunicacion,si un informe relacionado con los datos publicados por el ministerio de salud de la nacion.-
355-HCD-2018,2018,unidad ciudadana,resolucion,el h.c.d. manifiesta su preocupacion por el desfinanciamiento que padece el sistema nacional de bomberos voluntarios y sus cuarteles.-
356-HCD-2018,2018,unidad ciudadana,comunicacion,"si la instalacion de un refugio de pasajeros en la interseccion de las calles perito moreno y juramento, de la ciudad de villa adelina.-"
357-HCD-2018,2018,unidad ciudadana,ordenanza,"creando el ""fondo salarial solidario complementario para los trabajadores municipales"".-"
358-HCD-2018,2018,unidad ciudadana,comunicacion,"si la reparacion de la cinta asfaltica en la calle las gaviotas, en su interseccion con la calle vuelta de obligado y la avda. de la ribera, del partido de san isidro.-"
361-HCD-2018,2018,convocacion por san isidro,comunicacion,si la respuesta de la comunicacion nº 88/17.-
364-HCD-2018,2018,frente renovador,ordenanza,"extendiendo el horario de apertura de la calle martin y ornar, del partido de san isidro.-"
365-HCD-2018,2018,unidad ciudadana,resolucion,el h.c.d. expresa su solidaridad con las familias de los 44 tripulantes del submarino ara san juan.-
366-HCD-2018,2018,unidad ciudadana,resolucion,el h.c.d. manifiesta su preocupacion al arbitrario y desmedido incremento de las tarifas de los servicios publicos.- .
367-HCD-2018,2018,unidad ciudadana,resolucion,"el h.c.d. adhiere al ""dia internacional de las victimas de desapariciones forzadas"".-"
368-HCD-2018,2018,unidad ciudadana,resolucion,"el h.cd. veria con agrado que de pronto tr~tamiento y posterior sancion al expediente nº 3895-d-2018, que se encuentra en la honorable camara de diputados de la nacion.-"
369-HCD-2018,2018,frente renovador,ordenanza,"creando el programa ""si con vos"".-"
371-HCD-2018,2018,pro san isidro - cambiemos,comunicacion,"si un semaforo con cruce peatonal en las esquinas de la calle corrientes y la avda. fleming, de la ciudad de martinez.-"
374-HCD-2018,2018,partido justicialista,comunicacion,"si la senalizacion con carteles de prioridad peaton en la interseccion de colector~ oeste coil.la entrada al barrio san isidro y la interseccion oeste con la calle nuestras malvinas, ele la ciudad de boulogne.-"
376-HCD-2018,2018,partido justicialista,ordenanza,"creando en san isidro el hogar ""madre teresa de ca1cuta"",-,"
377-HCD-2018,2018,partido justicialista,comunicacion,"si al consejo escolar un informe con el programa nacional ljamado ""valoremos los alimentos"".-"
379-HCD-2018,2018,partido justicialista,comunicacion,"si reductores de velocidad en la calle bulnes, entre la avda. camino real moron a san fernando y la calle capitan juan de san martin, de la ciudad de boulogne.-"
380-HCD-2018,2018,partido justicialista,comunicacion,si informe relacionado con la proteccion de pymes.-
381-HCD-2018,2018,partido justicialista,comunicacion,"si a la empresa cliba la limpieza de la interseccion de las calles ntras. malvinas y gregoria matorras, de la ciudad de boulogne.-"
383-HCD-2018,2018,partido justicialista,comunicacion,"si que el d.e. interceda entre las partes en el conflicto nicotex s.r.l. y los ministerios de trabajo, empleo y seguridad social de la nacion y de trabajo de la pcia. de bs. as.-"
384-HCD-2018,2018,partido justicialista,comunicacion,si informes sobr2 diversas obras publicas para el municipio por parte del gobierno provincial.-
385-HCD-2018,2018,partido justicialista,ordenanza,creando un sistema de guias tactiles 'para personas con discapacidad visual.-
386-HCD-2018,2018,partido justicialista,resolucion,"el h.c.d. manifiesta su consternacion con los hechos ocurridos en la escuela nº 49 ""nicolas avellaneda"", de la localidad de moreno.-"
388-HCD-2018,2018,partido justicialista,ordenanza,"facultando al d.e. a suscribir un convenio de colaboracion con la municipalidad de vte. lopez, para permitir la circulacion de la linea de transporte publico municipal gral. san martin.-"
389-HCD-2018,2018,partido justicialista,resolucion,el h.c.d. manifiesta su solidaridad con los trabajadores despedidos por la empresa textil nicotex s.r.l.-
390-HCD-2018,2018,frente renovador,ordenanza,"creando un plan de contingencia municipal ""gestion de riesgo"" .-"
392-HCD-2018,2018,frente renovador,comunicacion,"s/ informes relacionados al cierre del ""paseo el aguila"", de la ciudad de martinez.-"
395-HCD-2018,2018,convocacion por san isidro .,comunicacion,si informes sobre centros de jubilados.-
396-HCD-2018,2018,convocacion por san isidro,resolucion,el h c.d. solicita la presencia de funcionarios munici pales.-
398-HCD-2018,2018,convocacion por san isidro,comunicacion,"si una inspeccion de transito en la calle valentin vergara, en su interseccion entre las avdas. sucre y avelino rolon, para mayor fluidez de circulacion vehicular de la ciudad de boulogne.-"
399-HCD-2018,2018,convocacion por san isidro,decreto,arbitrando los medios necesarios para digitalizar las reuniones de comision del h.c.d.-
400-HCD-2018,2018,convocacion por san isidro,comunicacion,"si irformes relacionados con las obras del tunel bajo nivel de la calle sarratea, de la ciudad de boulogne.-"
402-HCD-2018,2018,convocacion por san isidro,comunicacion,"si diversas obras a lo largo de la calle thames, de este partido,-"
403-HCD-2018,2018,convocacion por san isidro,comunicacion,si informes relacionados con la licitacion publica nº 05/18.-
404-HCD-2018,2018,unidad ciudadana,resolucion,el h.c.d. manifiesta su repudio a la multa anunciada por el ministerio de trabajo bonaerense al gremio docente de suteba.-
406-HCD-2018,2018,unidad ciudadana,ordenanza,implementado el programa de monitoreo y prevencion del dengue en todo el ambito del municipio.-
407-HCD-2018,2018,unidad ciudadana,comunicacion,si informes relacionado con el sarampion.-
408-HCD-2018,2018,unidad ciudadana,comunicacion,si realizar un relevamiento de todos los refugios para pasajeros del distrito.-
409-HCD-2018,2018,unidad ciudadana,comunicacion,"si la colocacion de reductores de velocidad en la calle olazabal en su interseccion con la calle darragueria, de la ciudad de boulogne.-"
410-HCD-2018,2018,unidad ciudadana,comunicacion,"si informes relacionados con el predio ubicado entre las calles gaetan gutierrez, del barco centenera y camino de la ribera, de este partido.-"
412-HCD-2018,2018,unidad ciudadana,comunicacion,si al consejo escolar diversos informes relacionados con la escuela primaria nº 1 l/di. cosme be:::carl/ de san isidro.-
413-HCD-2018,2018,unidad ciudadana,comunicacion,"s/ la pintada de pafiuelos en una plaza del distrito, en conmemoracion de los 30,000 detenidos desaparecidos.-"
414-HCD-2018,2018,unidad ciudadana,comunicacion,"si la instalacion de un refugio para pasajeros en la interseccion de las calles juramento y luis m. drago, de la ciudad de villa adelina.-"
415-HCD-2018,2018,unidad ciudadana,comunicacion,"si instalar en la plaza de la memoria placas conmemorativas para los detenidos, torturados y desaparecidos del distrito.-"
416-HCD-2018,2018,unidad ciudadana,ordenanza,"implementar la conf,=ccion de siluetas y pintadas de pai1uelos en los colegios secundarios del distrito.-"
417-HCD-2018,2018,unidad ciudadana,resolucion,"el h.c.d. declara de interes municipal ell/silvetazol/, el cual se realiza en vispera al 24 de marzo,-"
418-HCD-2018,2018,unidad ciudadana,comunicacion,si se declare en el partido de san isidro la l/emergencia publica en materia social por violencia de generol/.-
419-HCD-2018,2018,unidad ciudadana,ordenanza,creando en el ambito del partido de san isidro el l/concejo municipal de las mujeresl/.-
420-HCD-2018,2018,unidad ciudadana,comunicacion,"si informes relacionados con los casos de mortalidad materna, en el distrito.-"
421-HCD-2018,2018,unidad ciudadana,comunicacion,el h.c.d. manifiesta su mas profundo pesar y condolencias a las familias de la comunidad educativa de la escuela primaria nº 49 de moreno.-
426-HCD-2018,2018,frente renovador,comunicacion,"si realizar campanas de promocion y fomento del futbol femenino,-"
427-HCD-2018,2018,unidad ciudadana,ordenanza,goce de licencia e5.pecial por violencia de genero.-
429-HCD-2018,2018,frente renovador,ordenanza,"instalacion de ""'puestos fijos"" para la distribucion de preservativos.-"
433-HCD-2018,2018,unidad ciudadana,ordenanza,creando el programa de presupuesto participativo en el municipio de san isidro.-
435-HCD-2018,2018,pro san isidro - cambiemos,comunicacion,si se articule una campana de difusion de di:versas herramientas tecnologicas a disposicion de los vecinos.-
436-HCD-2018,2018,unidad ciudadana,riesolucion,el h.c.d. expresa su rechazo al proyecto de reforma de escuelas t~cnicas.- .
439-HCD-2018,2018,unidad ciudadana,comunicacion,s/ diversos informes relacionados con la ley nº 26.130 de atlticoncepcion quirurgica.-
441-HCD-2018,2018,unidad ciudadana,resolucion,el h.c.d. manifiesta su repudio ante las irregularidades de los alianamientos en los domicilios de cristina fernandez de kirchner.- i
443-HCD-2018,2018,unidad ciudadana,ordenanza,"modificando el nombre de la calle ""teniente gral. lonardi"", de la ciudad de beccar.-"
444-HCD-2018,2018,unidad ciudadana,cqmunicacion,si evaluar la modificacion de sentido de circulacion vehicular en diversas arterias de la ciudad de 30ulogne.-
445-HCD-2018,2018,unidad ciudadana,comunicacion,"si la incorporacion de semaforos peatonales en la interseccion d~ la calle primera junta y la avda. centenario, de la ciudad de san isidro.-"
447-HCD-2018,2018,unidad ciudadana,cpmunicacion,"si al gobierno de la pcia. de bs. as. un informe sobre el plan d~ integracion socio urbana a desarrollar en el barrio ""la cava"", por intermedio delo.p.i.s.u.-"
448-HCD-2018,2018,unidad ciudadana,comunicacion,"si gestionar un permiso provisorio para aquellas personas q*e no se encuentren domiciliados en el distrito, pero que .vivan en el miso de forma temporal, que les permita acceder a los servicios de los hospitales 11 unicipales.-"
450-HCD-2018,2018,unidad ciudadana,comunicacion,"si la instalacion de reductores de velocidad en la calle junin en su interseccion con la calle segurola y en la calle tornas de anchorena en su interseccion con la calle junin, de este partido.-"
451-HCD-2018,2018,convocacion por san isidro,decreto,"ordenanclo al sr. presidente del h.c.d. un informe re'lacionado con el personal de la casa,-"
453-HCD-2018,2018,convocacion por san isidro,comunicacion,"si un relevamiento de diversas calles de la ciudad de villa adelina, para ser incluidos en el plan municipal de pavimentacion y/o bacheo, si fuera necesario.-"
458-HCD-2018,2018,partido justicialista,cumunicacion,"s/ un informe relacionado con el cercamiento de las calles luis de flores y cardenal cap ello, entre las calles udaondo y padre acevedo, de la ciudad de beccar.-"
459-HCD-2018,2018,partido justicialista,resolucion,el h.c.d. manif:lesta su repudio y preocupacion por la determinacion adoptada por el gobierno nacional en cumplimiento de las metas establecidas por el fmi.-
460-HCD-2018,2018,unidad ciudadana,comunicacion,"s/ asfaltar las calles que se encuentran dentro del perimetro de las arterias presbitero b. marquez, carlos tejedor, camino real moron y santa ri:ta,de este partido.-"
463-HCD-2018,2018,unidad ciudadana,decreto,estableciendo modificaciones en diversos articulados del reglamento interno del h.c.d.-
464-HCD-2018,2018,unidad ciudadana,comunicacion,s/un informe relacionado a la pileta del campo municipal de d~portes 1 nº 1.-
465-HCD-2018,2018,unidad ciudadana,comunicacion,s/arbitrar los recursos necesarios para realizar una muestra distrital de alumnos/as y docentes al regreso del xvii encuentro de jovenes y memoria a realizarse en la localidad de chapadmalal.-
466-HCD-2018,2018,unidad ciudadana,comunicacion,s/ crear un plan de becas deportivas para deportistas amateurs del partido de san isidro.-
467-HCD-2018,2018,unidad ciudadana,comunicacion,s/ a las autoridades del consejo escolar un informe relacionado a obras de infraestructura en las escuelas de san isidro.-
469-HCD-2018,2018,unidad ciudadana,comunicacion,el h.c.d. veria con agrado que el d.e. declare de interes municipal el programa jovenes y memoria.-
479-HCD-2018,2018,frente renovador,comunicacion,si un informe relacionado con el funcionamiento del estacionamiento medido a cargo de la municipalidad.-
481-HCD-2018,2018,frente renov ador,resolucion,el h.c.d. expresa su preocupacion por la falta de reglamentaciones e implementacion de la ley nacional nº 27.452.-
482-HCD-2018,2018,pro san isidro - cambiemos,comunicacion,s/ informes relacionados con los centros de prevencion de adicciones del municipio.-
483-HCD-2018,2018,pro san isidro - cambiemos,comunicacion,si la creacion de un programa tendiente a brindar charlas y talleres para inculcar buenos habitos de alimentacion en establecimientos educativos de nivel primario.-
484-HCD-2018,2018,pro san isidro - cambiemos,comunicacion,si adherir a la ley nº 27.159.-
485-HCD-2018,2018,pro san isidro - cambiemos,comunicacion,si adherir al plan nacional de orquestas infantiles y juveniles.-
486-HCD-2018,2018,pro san isidro - cambiemos,comunicacion,s/ adherir al plan integral implementado por la direccion de prevencion de la corr~pcion y ejecucion de pruebas de integridad del ministerio de seguridad de la nacion para ser destinado a los miembros del patrullaje municipal.-
488-HCD-2018,2018,u.cr. - cambiemos,comunicacion,"s/ intimar a loe,propietarios del predio ubicado en la calle luis de flores s/n, entre las calles padre acevedo y gobernador udaondo, para la puesta en valor del mismo.-"
489-HCD-2018,2018,u.cr. - cambiemos,comunicacion,s/ informes sobre el sr. ariel lazzaro.-
490-HCD-2018,2018,u.cr. - cambiemos,comunicacion,s/ celebrar un convenio marco con la agencia nacional de discapacidad.-
491-HCD-2018,2018,partido rusticialista,comunicacion,"s/ incluir en el plan de pavimentacion y bacheo a la calle nuestras malvinas, entre las calles betbeder y gregaria matorras, de la ciudad de boulogne.-"
492-HCD-2018,2018,partido rusticialista,comunicacion,"s/ realizar cordon y rampa de acceso en la esquina de la calle nuestras malvinas, entre las calles betbeder y gregaria matorras, de la ciudad de boulogne.-"
493-HCD-2018,2018,partido rusticialista,comunicacion,"s/ la senalizacion del lomo de burro sito en la calle capitan juan de san martin, entre las calles nuestras malvinas y rueda, de la ciudad de boulogne.-"
494-HCD-2018,2018,partido justicialista,comunicacion,"si la reubicacion de las camaras de seguridad existentes en la calle nuestras malvinas y la instalacion de camaras de seguridad en la interseccion de las calles cerrito y nuestras malvinas, de la ciudad de boulogne.-"
495-HCD-2018,2018,partido justicialista,ordenanza,instalando detectores de gases en los establecimientos educativos dependientes del estado provincial y municipal.-
496-HCD-2018,2018,partido justicialista,comunicacion,"si el mantenimiento de desagues cloacales en el barrio uruguay, de este partido.-"
497-HCD-2018,2018,partido justicialista,resolucion,"el h.c.d. manifieeta su solidaridad con la docente corina de bonis, del distrito de moreno.-"
498-HCD-2018,2018,partido justicialista,resolucion,el h.c.d. manifiesta su disconformidad y repudio con la decision adoptada por el gobierno nacional de eliminar el ministerio de salud.-
499-HCD-2018,2018,partido justicialista,resolucion,"si a la agencia de administracion de bienes del estado la cesion del predio perteneciente al golf de villa adelina, a efectos de destinarlo para uso de actividades deportivas y recreativ3.s de escuelas publicas.-"
500-HCD-2018,2018,unidad ciudadana,comunicacion,"si un informe relacionado con el predio ubicado en la interseccion de las calles araoz y guayaquil, de la ciudad de boulogne.-"
501-HCD-2018,2018,unidad ciudadana,ordenanza,creando la campana de difusion de lineas telefonicas de emergencia en el municipio.-
502-HCD-2018,2018,unidad ciudadana,ordenanza,instalando dispositivos parlantes para personas no videntes y disminuidos visuales en los semaforos de las arterias de alta circulacion vehicular.-
503-HCD-2018,2018,unidad ciudadana,resolucion,el h.c.d. repudia el atentado sufrido por corina de bonis el dia 12 de septiembre del corriente ano.-
504-HCD-2018,2018,unidad ciudadana,comunicacion,si el aumento de las partidas para el servicio alimentario escolar.-
506-HCD-2018,2018,unidad ciudadana,comunicacion,"si reductores d,= velocidad, indicando cruce peligroso en la calle jose ingenieros, entre las avdas. andres rolon y sucre, de la ciudad de beccar.-"
507-HCD-2018,2018,unidad ciudadana,comunicacion,"si la construccion de rampas de accesibilidad en la interseccion de las calles jose ingenieros y clemente onelli, de la ciudad de beccar.-"
508-HCD-2018,2018,unidad ciudadana,cqmunicacion,"si medidas de eeguridad para transeuntes en la interseccion de las calles pedro de mendoza y del barco centenera, del bajo de san isidro.-"
509-HCD-2018,2018,unidad ciudadana,comunicacion,si realizar una revision completa de toda la superficie de la avda. ader y complete la capa asfaltica.-
511-HCD-2018,2018,unidad ciudadana,comunicacion,si diversos informes relacionados a tematicas de discapacidad.-
512-HCD-2018,2018,unidad ciudadana,comunicacion,"si diversos inl'ormes a la agencia de administracion de bienes del estado referente al club d,~golf villa adelina.-"
513-HCD-2018,2018,unidad ciudadana,comunicacion,si un informe relacionado a la existencia de programas gratuitos para la rehabilitacion fisica en el municipio.-
514-HCD-2018,2018,convocacion por san isidro,comunicacion,si un informe referente a luminarias.-
515-HCD-2018,2018,convocacion por san isidro,comunicacion,"s/ intensificar la limpieza y recoleccion de residuos en la calle obispo terrero al 1700, de este partido.-"
517-HCD-2018,2018,convocacion por san isidro,comunicacion,s/ un informe sobre el proyecto complejo residencial avellaneda y onelli.-
518-HCD-2018,2018,convocacion por san isidro,comunicacion,si la respuesta de la comunicacion nº 70/2018.-
519-HCD-2018,2018,convocacion por san isidro,comunicacion,"s/ la colocacion de lomos de burro a paso nivel con senda peatonal en la calle jose ingenieros, entre las avdas. andres rolon y suere, de este partido.-"
520-HCD-2018,2018,convocacion por san isidro,comunicacion,s/ 12. respuesta de la comunicacion nº 55/2018.-
521-HCD-2018,2018,convocacion por san isidro,comunicacion,s/ la respuesta de la comunicacion nº 71/2018.-
522-HCD-2018,2018,convocacion por san isidro,comunicacion,s/ la apertura de diversas calles de la ciudad de beccar.-
523-HCD-2018,2018,convocacion por san isidro,comunicacion,"s/ un informe referente a los resultados de la recertificacion iso 9001, en ei area de higiene urbana.-"
524-HCD-2018,2018,convocacion por san isidro,comunicacion,"s/ incluir en el plan municipal de pavimentacion y/o bacheo a las calles del barrio santa rita, de este partido.-"
525-HCD-2018,2018,convocacion por san isidro,ordenanza,disponiendo la prioridad de libre estacionamiento frente a los locales de establecimientos farmaceuticos.-
526-HCD-2018,2018,convocacion por san isidro,comunicacion,"s/ la instalacion de rampas de accesibilidad en la interseccion de las calles magallanes y guerrico, del bajo de san isidro.-"
531-HCD-2018,2018,pro san isidro - cambiemos,comunicacion,si la creacion de grupos de running y acondicionamiento fisico destinado a las personas con problemas de adiccion que acuden a los centros municipales de prevencion de adicciones.-
532-HCD-2018,2018,pro san isidro - cambiemos,comunicacion,"si la creacion del programa ""si reciclamos, construimos futuro"".-"
533-HCD-2018,2018,pro san isidro - cambiemos,comunicacion,si articule una campana de concientizacion sobre la importancia de recolectar los desechos de las mascotas.-
534-HCD-2018,2018,pro san isidro - cambiemos,comunicacion,si adherir a la ley nacional nº 27.306.-
535-HCD-2018,2018,pro san isidro - cambiemos,ordenanza,"declarando ""personalidad destacada del partido de san isidro al sr. agustin pichot"".-"
536-HCD-2018,2018,pro san isidro - cambiemos,comunicacion,si resolver la falta de desagues cloacales en la ciudad de beccar.-
537-HCD-2018,2018,pro san isidro - cambiemos,decreto,"el honorable concejo deliberante felicita a melina dongiovanni, por sus logros alcanzados en el torneo nacional de patin artistico copa ""roberto rodriguez"" y copa ""roberto tagliabui"" en san luis 2018.-"
538-HCD-2018,2018,pro san isidro - cambiemos,decreto,el h.c.d. declara de interes municipal a la fundacion cor por su destacable mision llevada a cabo en el distrito durante 25 anos.-
539-HCD-2018,2018,partido justicialista,comunicacion,"si un informe referente al programa ""creciendo sanos"".-"
540-HCD-2018,2018,partido justicialista,ordenanza,"declarando de interes historico cultural municipal la propiedad conocida como ""la posta del triunfo"".-"
541-HCD-2018,2018,partido justicialista,comunicacion,si un informe referente al plan de accion del comuni.-
542-HCD-2018,2018,partido justicialista,ordenanza,"creando el programa ""al gran pueblo argentino salud"",-"
543-HCD-2018,2018,unidad ciudadana,comunicacion,si desarrollar cursos gratuitos de lenguaje de senas en el distrito.-
545-HCD-2018,2018,unidad ciudadana,ordenanza,declarando la emergencia productiva y comercial.-
546-HCD-2018,2018,unidad ciudadana,resolucion,"el h.c.d. repudia la decision del gobierno nacional de modificar el sistema de notificacion de incompatibilidades, suspension y caducidad de pensiones no contributivas por invalidez,-"
548-HCD-2018,2018,unidad ciudadana,ordenanza,"creando el fondo especial de emergencias denominado ""san isidro somos todos"".-"
549-HCD-2018,2018,unidad ciudadana,comunicacion,s/ un informe al consejo escolar sobre procedimientos de fumigacion y desratizacion de centros educativos.-
550-HCD-2018,2018,unidad ciudadana,resolucion,el h.c.d. expresa preocupacion por la situacion actual que estan viviendo lo habitantes de nuestro pais.-
551-HCD-2018,2018,unidad ciudadana,ordenanza,autorizando la reserva de espacio en la via publica para estacionamiento de vehiculos de personas con discapacidad.-
552-HCD-2018,2018,unidad ciudadana,comunicacion,"s/ la instalacion de un semaforo en la avda. centenario al 428/432, de este partido.-"
553-HCD-2018,2018,unidad ciudadana,comunicacion,"s/ informes sobre el cruce bajo nivel en la calle la calandria en su interseccion con las vias del ferrocarril beigrano norte, de la ciudad de villa adelina.-"
554-HCD-2018,2018,unidad ciudadana,comunicacion,"s/ informes sobre el centro de atencion primaria de salud lila ribera"".-"
555-HCD-2018,2018,unidad ciudadana,resolucion,"s/ la reparacion de canos y asfalto en la calle ipiranga, entre las calles figueroa aleorta y tiradentes, de este partido.-"
558-HCD-2018,2018,frente renov ador,ordenanza,fijando sentido de circulacion de transito en diversas calles del partido.-
559-HCD-2018,2018,unidad ciudadana,ordenanza,"eximir del pago de la tasa por alumbrado, limpieza y servicios generales, tasa por inspeccion de comercio e industria y derechos de publicidad a comercios de villa adelina.-"
560-HCD-2018,2018,partido justicialista,comunicacion,"si incluir en el plan de repavimentacion ylo bacheo a la calle scalabrini ortiz, en su interseccion con la av. avelino rolon y la calle godoy cruz de la ciudad de boulogne.-"
561-HCD-2018,2018,partido justicialista,ordenanza,"instalando dispositivos parlantes para personas no videntes y disminuidos visuales, en los semaforos de todos los cruces de alta circulacion peatonal.-"
562-HCD-2018,2018,partido justicialista,ordenanza,"creando el programa ""lucha contra la violencia familiar y de genero"" -"
563-HCD-2018,2018,partido justicialista,comunicacion,si un informe relacionado con el shopping lindante a la estacion del bajo de san isidro del ferrocarril del tren de la costa.-
566-HCD-2018,2018,convocacion por san isidro,ordenanza,derogando la ordenanza n° 8689.-
567-HCD-2018,2018,convocacion por san isidro,ordenanza,gestion y transparencia de la compras del ejecutivo municipaj.-
568-HCD-2018,2018,unidad ciudadana,comunicacion,"si al consejo general de cultura y educacion del gobierno del provincia de buenos aires evalue un plan en el marco de la ley nacional 26.150 y en base al programa nacional de salud sexual y procreacion reproductiva, para consultas"
569-HCD-2018,2018,unidad ciudadana,comunicacion,si un informe sobre los drenajes en el partido.-
570-HCD-2018,2018,unidad ciudadana,resolucion,el h.c.d. manifiesta su preocupacion ante la decision administrativa 1606/18 firmada por el jefe de gabinete de ministros del poder ejecutivo nacional.-
571-HCD-2018,2018,unidad ciudadana,comunicacion,"si la construccion de rampas de accesibilidad en la calle tres sargentos y rodriguez pena, de la ciudad de martinez.-"
572-HCD-2018,2018,unidad ciudadana,resolucion,el h.c.d. expresa su beneplacito ante la realizacion del 33 ° encuentro nacional de mujeres.-
573-HCD-2018,2018,unidad ciudadnana,comunicacion,"si un informe relacionado al jardin de infantes n° 908, de este partido.-"
577-HCD-2018,2018,frente renovador,comunicacion,"s! la instalacion de refugios de pasajeros sobre la calle intendente neyer, de la ciudad de beccar.-"
579-HCD-2018,2018,partido justicialista,resolucion,"el h.cd. manifiesta su rechazo a lo establecido por la resolucion nº 20!2018 del ministerio de hacienda, secretaria de energia y la resolucion nº 281!2018 del ente nacional regulador del gas.-"
580-HCD-2018,2018,partido justicialista,comunicacion,"s! incluir en el plan de bacheo y pavimentacion a la calle juan a. mazza, en el tramo comprendido entre las calles potosi hasta colectora panamericana este, de la ciudad de villa adelina.-"
581-HCD-2018,2018,partido justicialista,comunicacion,"s! incluir en el plan de pavimentacion y bacheo a la calle nuestras malvinas, entre las calles betbeder y gregoria matorras, de la ciudad de boulogne.-"
582-HCD-2018,2018,partido justicialista,comunicacion,"s! la instalacion de camaras de seguridad en la calle batalla la florida, entre las calles perito moreno y boedo, de la ciudad de villa adelina.-"
583-HCD-2018,2018,partido justicialista,comunicacion,"s! la poda del arbol existente en la calle boedo nº 2674, de la ciudad de villa adelina.-"
584-HCD-2018,2018,partido justicialista,comunicacion,"s! incluir en el plan de bacheo y pavimentacion a la calle blandengues, entre las calles matheu y serrano, de la ciudad de boulogne.-"
585-HCD-2018,2018,partido justicialista,comunicacion,"s! mayor patrullaje en el barrio comprendido por las calles virrey vertiz, cne!. bogado, perito moreno y las vias del ferrocarril belgrano norte, de la ciudad de boulogne.-"
586-HCD-2018,2018,partido justicialista,decreto,"el hcd. saluda a la comunidad del centro de formacion profesional nº 401 de san isidro, por cumplir sus primeros 42 anos desde su fundacion.-"
587-HCD-2018,2018,partido justicialista,resolucion,el hcd. expresa su preocupacion ante el panorama critico que se esta generando en la corte suprema de justicia.-
589-HCD-2018,2018,unidad ciudadana,comunicacion,"s/ cortar diversas calles del partido para ser usadas como ""paseo de bicicletas"".-"
590-HCD-2018,2018,unidad ciudadana,resolucion,el hcd. expresa su rechazo al proyecto de ley e-224/18-19 ingresado al senado.-
592-HCD-2018,2018,frente renovador,ordenanza,"creando el ""programa de adopcion de mascotas en san isidro.-"
593-HCD-2018,2018,frente renovador,ordenanza,"creando el ""programa de educacion sexual municipal"".-"
594-HCD-2018,2018,frente renovador,comunicacion,"s/ eximir y/o realizar descuentos en el pago de la tasa de alumbrado, limpieza y servicios cenerales a los vecinos de la ciudad de beccar, afectados por la inundacion del 29/09/2018.-"
595-HCD-2018,2018,frente renovador,resolucion,el h.cd. expresa su repudio al arbitrario y desmedido incremento de la tarifa del gas.-
596-HCD-2018,2018,pro san isidro - cambiemos,comunicacion,si replicar el programa tarjeta mayor en el distrito de san isidro.-
597-HCD-2018,2018,pro san isidro - cambiemos,comunicacion,"s! llevar a cabo la propuesta de ""la noche de los museos"".-"
598-HCD-2018,2018,pro san isidro - cambiemos,decreto,el h.cd. felicita a la delegacion que nos representa en los juegos bonaerenses 2018.-
599-HCD-2018,2018,partido justicialista,comunicacion,"s! reforzar el patrullaje en la calle nuestras malvinas, entre las calles capitan juan de san martin y bagnati, de la ciudad de boulogne.-"
600-HCD-2018,2018,partido justicialista,ordenanza,"creando el ""programa aprendiendo a conocernos"".-"
601-HCD-2018,2018,partido justicialista,decreto,"el h.cd. felicita a delfina pignatiello por su logro en natacion durante los juegos olimpicos de la juventud 2018, al ganar la medalla de plata.-"
602-HCD-2018,2018,partido justicialista,ordenanza,"creando la ""tarjeta educativa si"", en el municipio.-"
603-HCD-2018,2018,partido justicialista,comunicacion,"si la puesta en valor del monumento cenotafio ubicado en la interseccion de las avdas. marquez y santa fe, de este partido.-"
604-HCD-2018,2018,partido justicialista,resolucion,"el h.cd. manifiesta su rechazo a la resolucion n° 268/18, dictada por la agencia nacional de discapacidad.-"
605-HCD-2018,2018,pro san isidro - cambiemos,resolucion,"el h.cd. manifiesta su repudio al ataque sufrido por la gobernadora maria e. vida!, en la ciudad de chascomus.-"
606-HCD-2018,2018,pro san isidro - cambiemos,comunicacion,"si al consejo escolar de san isidro, visitas a diversas escuelas de educacion especial del distrito, bajo el calendario del programa consolidacion democratica ""banca 25"".-"
607-HCD-2018,2018,unidad ciudadana,comunicacion,"si un relevamiento e inspeccion del arbol ubicado frente al domicilio de la calle h. yrigoyen al 2302, de la ciudad de martinez.-"
608-HCD-2018,2018,unidad ciudadana,comunicacion,"si la instalacion de camaras ylo domos de seguridad en la calle francia entre las alturas o al 200, de la ciudad de san isidro.-"
609-HCD-2018,2018,unidad ciudadana,comunicacion,"si la puesta en valor de la plaza mitre, de la ciudad de martinez.-"
610-HCD-2018,2018,unidad ciudadana,comunicacion,"si la reparacion de las luminarias en la calle belgrano, entre las calles pedro de mendoza y el fomentista, de la ciudad de san isidro.-"
611-HCD-2018,2018,unidad ciudadana,resolucion,el h.cd. adhiere a la barrileteada por el autismo.-
612-HCD-2018,2018,unidad ciudadana,comunicacion,"si el saneamiento y limpieza del paisaje protegido ""bosque alegre"".-"
613-HCD-2018,2018,unidad ciudadana,comunicacion,"si la construccion de una darsena en la entrada de la escuela especial nº 501 ycentro de formacion laboral nº 1, de la ciudad de martinez.-"
614-HCD-2018,2018,unidad ciudadana,comunicacion,"si la instalacion de cambiadores para bebes en los banos del ""teatro municipal del viejo concejo"".-"
615-HCD-2018,2018,unidad ciudadana,comunicacion,si informes sobre el sistema de atencion medica organizada (samo).-
616-HCD-2018,2018,unidad ciudadana,comunicacion,si informes acerca de las escuelas especiales del distrito.-
617-HCD-2018,2018,unidad ciudadana,decreto,disponiendose la instalacion de cambiadores para bebes en los banos del h.cd.-
618-HCD-2018,2018,unidad ciudadana,resolucion,el hcd. repudia los dichos manifestados por el sr. jorge lanata.-
619-HCD-2018,2018,unidad ciudadana,comunicacion,"si informes respecto a la calle jose ingeniero en su interseccion con la avda. andres rolan y la calle lynch, de la ciudad de beccar.-"
621-HCD-2018,2018,unidad ciudadana,comunicacion,"si la senalizacion vial correspondiente en la escuela especial nº 501 ycentro de formacion laboral nº 1, de la ciudad de martinez.-"
622-HCD-2018,2018,unidad ciudadana,comunicacion,si informes referentes a obras que se llevan a cabo en el predio de aysa.-
623-HCD-2018,2018,unidad ciudadana,resolucion,"el. hcd. rechaza las medidas de estado que pretendan el vaciamiento del programa ""las victimas contra las violencias"".-"
624-HCD-2018,2018,unidad ciudadana,resolucion,el hcd. repudia y rechaza que sea el estado nacional el que deba hacerse cargo de las deudas de las empresas privadas distribuidoras de gas.-
625-HCD-2018,2018,unidad ciudadana,ordenanza,"eximiendo del pago de la tasa por alumbrado, limpieza y servicios generales a todas aquellas personas que se encuentren cobrando el seguro de desempleo brindado por anses.-"
626-HCD-2018,2018,unidad ciudadana,ordenanza,"creando la cuenta presupuestaria y financiera denominada ""financiamiento y asistencia tecnica para la mejora del habitat"".-"
630-HCD-2018,2018,partido justicialista,resolucion,"el h.cd. adhiere al ""mes de la sensibilizacion sobre el cancer de marna"".-"
631-HCD-2018,2018,convocacion por san isidro,decreto,autorizan::io al d.e. a regularizar decretos del d.e.
643-HCD-2018,2018,frente renovador,comunicacion,"s/dar en comodeto algun inmueble a la asociacion de padres y amigos de discapacitados mentale,3 de san isidro.-"
644-HCD-2018,2018,frente renovador,comunicacion,"s/ ejecutar obrc:s de infrqcstructura y mantenimiento en la 1'1;)""a mitre, del partid"" de san isidro.- 14- expte. nº 88-hcd-2018.-':jepartamento ejecutivo.- remite actuaciones, relacionadas con la remision del expte. nº 5229/08.-"
647-HCD-2018,2018,unidad ciudadana,decreto,el h.c.d. declara de lnteres el 7º encuentro latinoamericano de vai'ones antipatriarcales.-
648-HCD-2018,2018,unidad c1udadana,comunlcaclon,"s/la puesta en valor del monumento al pte. juan domingo peron, ubicado en la interseccion de thames, diego carman, fondo de la legua y de la unidad nacional, de este partido.-"
649-HCD-2018,2018,unidad ciudadana,comunlcacion,"si la senalizacion vial en la calle olazabal en su interseccion con la calle malavia, de la ciudad de boulogne.-"
652-HCD-2018,2018,partido justiciausta,resolucion,el h.cd. expresa su repudio a los ejercicios belicos realizados por las fuerzas armadas inglesas en territorio argentino y nuestras malvinas.-
653-HCD-2018,2018,partido justicialista,ordenanza,"instituyendo en el ,imbito de la municipalidad de san isidro la ""comision paritaria y negociacion colectiva"".-"
662-HCD-2018,2018,"pro san isidro . cambiemos,",comunjcacion,"si poner en marcha una unidad de patrulla especializada en violencia de genero"""
664-HCD-2018,2018,pro san isidro - cambiemos,comunicacion,si incorporar actividades de terapia asistida con perros para pacientes del servicio de :3alud mental.-
665-HCD-2018,2018,pro san isidro - cambiemos,decreto,"el hcd. declara de interes la campana de difusion de los objetivos de desarrollo sostenible y turismo responsable de ""la heroica"".-"
667-HCD-2018,2018,unidad ciudadana,ordenanza,rechazando el decreto nº 2221/17.-
669-HCD-2018,2018,partido justicialista,resolucion,"el hcd. adhiere al 'dia mundial de la lucha contra el accidente cerebrovascular (acv)"".-"
673-HCD-2018,2018,unidad ciudadana,comunicacion,si un informe relacionado con los areneros de las plazas del partido.-
675-HCD-2018,2018,unidad ciudadana,ordenanza,"creando el ""centro educativo terapeutico municipal"".-"
676-HCD-2018,2018,unidad ciudadana,resolucion,el h.cd. manifiesta preocupacion frente a la embestida judicial efectuada contra concejales del bloque unidad ciudadana de la ciudad de gra!. rodriguez.-
682-HCD-2018,2018,paetido justicialista,resolucion,el h.c.d. manifiesta su preocupacion y solidaridad con los trabajadores municipales a los que no se les incorporo el ajuste salarial acordado.-
684-HCD-2018,2018,unidad ciudadana,ordenanza,estableciendo terminos maximos para la contestacion por escrito de los pedidos de informes al d.e.-
685-HCD-2018,2018,unidad ciudadana,comunicacion,"si un informe relacionado al predio que se encuentra ubicado entre las calles riobamba y pasaje b, de la ciudad de beccar.- ."
686-HCD-2018,2018,unidad ciudadana,comunicacion,"si un informe rel""cion""do a la mesa de integracion social.- pejse a : 85 - expte. nº 687-hcd-2018.- bloque unidad ciudadana- proyecto de ordenanza,- declarando la emergencia social y laboral en san isidro.-"
688-HCD-2018,2018,unidad ciudadana,ordenanza,"autorizando la colocacion de un monumento con el busto del ex presidente nestor carlos kirchner, en la ciudad de boulogne.-"
689-HCD-2018,2018,unidad ciudadana,comunicacion,"slla puesta en valor del ""paseo de la virgen"" de san isidro.- pase el : ss - exple. n° 690-1-icd-2018.- b1oq;je unidad ciudadana.- proyecto de [,esolucion.- el i!.c.d. expresa preocupacion y repudia el beneficio de prision domicil"
692-HCD-2018,2018,unidad ciudadana,fesolucion,el h.cd. repudie. la modificacion de la ley de carrera profesional de la salud.-
695-HCD-2018,2018,convocacion por san isidro,ordenanza,estableciendo el codigo de etica publica municipal.- pase el : 94 e exple. nº 696-hcd-2018.-bloque convocacion por san isidro.- proyecto de comunicacion.- si la instalacion de luminarias led de baja altura en diversas calles del p
697-HCD-2018,2018,convocacion por san isidro,comunicacion,si la actualizacion de la publicacion de boletines oficiales.-
698-HCD-2018,2018,convocacion por san isidro,comunicacion,si evaluar la modificacion de los sentidos de circulacion de diversas calles del partido.-
701-HCD-2018,2018,convocacion por san isidro,comunicacion,si considerar la creacion del paseo regional de la costa.-
702-HCD-2018,2018,convocacion por san isidro,resolucion,el h.cd. declara personalidad destacada del partido a] sr. ronald david scott.-
705-HCD-2018,2018,convocacion por san isidro,comunicacion,"si ]a instalacion de camaras de seguridad y lummanas led de baja altura, en el barrio eugenio blanco, del partido de san isidro.-"
708-HCD-2018,2018,unidad ciudadana,comunicacion,"si la instalacion :ie un semaforo en la interseccion de la calle posadas y la avda. andres rolon, de la ciudad de beccar.-"
709-HCD-2018,2018,convocacion por san isidro,comunicacion,"si inipectores de transito en el horario de ingreso y egreso del colegio ""holy cross"", de este partido.-"
711-HCD-2018,2018,convocacion por san isidro,decreto,estableciendo un mecanismo de implementacion de las visitas escolares al h.c.d. que garantice la pluralidad y representacion de los distintos bloques politicos de estacasa.-
712-HCD-2018,2018,convocacion por san isidro,comunicacion,"si le inspeccion y reparacion de las luminarias publicas de la calle udaondo, entre las calles roma y madame curie, de la ciudad de beccar.-"
713-HCD-2018,2018,convocacion por san isidro,comunicacion,"si la instalacion de un semaforo vehicular y peatonal sobre la avda. andres rolon en su interseccion con la calle posadas, de la ciudad de beccar.-"
714-HCD-2018,2018,convocacion por san isidro,comunicacion,"si la puesta en valor de la plaza ""la tahona""', de la ciudad de san isid ro.-"
715-HCD-2018,2018,convocacion por san isidro,comunicacion,"si realizar la repavimentacion y bacheo dentro de la zona comprendida por las avda~;. aleorta y ader, de la ciudad de villa adelina.-"
716-HCD-2018,2018,convocacion por san isidro,comunicacjon,"si cunal"":¡s de seguridad en diversas calles de la ciudad de villa adelina.- fase a : ] 15 - expte. nº 717-hcd-2018.- bloque convocacion por san isidro.- proyecto de comunicacion.- si informes sobre el eslogan ""posse s1"".-"
724-HCD-2018,2018,unidad ciudadana,decreto,"el hcd. declara de interes el libro ""el otro belgrano lejos del mito, cerca de una vision"".-"
725-HCD-2018,2018,unidad ciudadana,comunicacion,"s! efectuar releva miento, inspeccion y extraccion del arbol sito en la calle jose m. verduga nº 837, de la ciudad de villa adelina.-"
726-HCD-2018,2018,unidad ciudadana,decreto,"creando el ""programa de consolidacion democratica y participacion ciudadana, para adultos, banca 25-adultos"".-"
727-HCD-2018,2018,unidad ciudadana,resolucion,"el hcd. manifiesta su beneplacito por la labor llevada adelante por toda la comunidad educativa de la escuela secundaria especializada en arte nº 1, ex polivalente de arte.-"
731-HCD-2018,2018,frente renovador,ordenanza,"disponiendo en todos los bares ylo locales publicos bailables un cartel en los banos que indique la 'jalabra calve, de deberan decir en caso de sentirse acosadas, expuestas o incomodas por alguien.-"
732-HCD-2018,2018,frente renovador,resolucion,el h.cd. expresa su beneplacito por el fallo ejemplificador a las maestras del jardin de infantes tribilb.-
733-HCD-2018,2018,frente renovador,ordenanza,"creando el ""programa de prevencion y sancion de la violencia laboral"" en el ambito municipal.-"
734-HCD-2018,2018,frente renovador,comunicacion,"si la construccion y habilitacion nuevas darsenas sobre la avda. diego carman, entre las avdas. marquez y la rotonda de la unidad nacional, de la ciudad de san isidro.-"
735-HCD-2018,2018,frente renovador,comunicacion,si reforzar los mecanismos de control a todos los jardines de infantes del municipio.-
736-HCD-2018,2018,frente renovador,comunicacion,"si realizar obras de infraestructuras en la calle gral. guido al 2300, de la ciudad de beccar.-."
737-HCD-2018,2018,partido justicialista,comunicacion,si a la subsecretaria gral. de espacios piiblicos los estudios y criterios que utilizan para la distribucion de los contenedores de residuos en el distrito.-
738-HCD-2018,2018,partido justicialista,comunicacion,"si la colocacion de camaras de seguridad en la calle nuestras malvinas, entre las calles capitan juan de san martin y gregaria matorras, de la ciudad de boulogne.-"
740-HCD-2018,2018,partido justicialista,comunicacion,si la creacion de la comision ad-boc sobre la historia de san isidro.-
745-HCD-2018,2018,pro san isidro - cambiemos,comunicacion,"si la cr~acion de un calendario de excursiones y visitas para que se puedan conocer espacios de interes historico, cultural, social, ambiental y de esparcimiento.-"
746-HCD-2018,2018,pro san isidro - cambiemos,comunicacion,si ad;lerlr a la ley provincial n° 13.994.-
747-HCD-2018,2018,pro san isidro - cambiemos,comunicacion,"si la construccion y reparacion de rampas de accesibilidad en la calle jose hernandez, entre la calle victoria aguirre y la avda. libertador, de este partido.-"
748-HCD-2018,2018,pro san isidro - cambiemos,comunicacion,"si la colocacion de un reductor de velocidad en la calle jose e. rodo, entre las calles ing. marconi y julian navarro, de la ciudad de beccar.-"
753-HCD-2018,2018,convocacion por san isidro,comunicacion,05/ al consejo escolar diversas obras en escuelas del partido.-
754-HCD-2018,2018,convocacion por san isidro,comunicacion,"05/ refugio para pasajeros y luminarias de baja altura en las calles gral. guido, ing. marconi y uruguay, de la ciudad de beccar.-"
756-HCD-2018,2018,convocacion por san isidro,comunicacion,"05/ un informe relacionado al desempeno del punto verde ubicado en la calle dardo rocha al 300, de la localidad de acassuso.-"
757-HCD-2018,2018,convocacion por san isidro,comunicacion,"05/ convertir en sentido unico de circulacion vehicular a la calle gral lamadrid, desde avda. de mayo hasta la calle parana, de este partido.-"
758-HCD-2018,2018,convocacion por san isidro,comunicacion,"05/ informes relacionados con el proyecto de urbanizacion especial denominado ""barrancas de alvear"", de la ciudad de martinez"
759-HCD-2018,2018,convocacion por san isidro,comunicacion,05/ coordine obras para que una vez realizado el recorte de raices se proceda a la reparacion de las veredas.-
763-HCD-2018,2018,partido justicialista,ordenanza,"prohibiendo a todos los comercios o locales que provean el servicio de credito virtual, aplicar e imponer el cobro de un cargo adicional, al prestar dicho servicio,-"
768-HCD-2018,2018,unidad ciudadana,comunicacion,si solucionar diversas problematicas para el barrio uruguay.-
769-HCD-2018,2018,unidad ciudadana,comunicacion,"si informes relacionados al barrio martin y ornar, de este partido.-"
773-HCD-2018,2018,unidad ciudadana,comnicacion,"si un informe respecto al barrio uruguay, de la ciudad de beccar.-"
774-HCD-2018,2018,unidad ciudadana,comnicacion,si senalizacion con una estrella amarilla donde tuviera ocasion el fatal accidente de malena albornoz.-
775-HCD-2018,2018,unidad ciudadana,comnicacion,si informes relacionados con la linea 107.-
776-HCD-2018,2018,unidad ciudadana,comnicacion,si la posibilidad de incorporar un servicio de guardia medica en el centro de atencion primaria y promocion de villa adelina.-
777-HCD-2018,2018,unidad ciudadana,resolucion,el h.c.d. expresa su repudio a los dichos de la ministra de seguridad patricia bullrich.-
779-HCD-2018,2018,unidad ciudadana,comnicacion,"si la realizacion de obras para la construccion de una plaza integradora dentro de la escuela especial nº 501, de la ciudad de martinez.-"
780-HCD-2018,2018,unidad ciudadana,comnicacion,si establecer una unidad de desarrollo infantil en el isfd y t nº 52.-
782-HCD-2018,2018,unidad ciudadana,comnicacion,"si la reparacion de la vereda y puesta en' valor del arbol del espacio donde se encuentra el arbol historico ubicado en la av. andres rolon, entre las calles gral. guido y manuela carcia, de la ciudad de beccar"
784-HCD-2018,2018,unidad ciudadana,comnicacion,si implementar en el distrito la primera escuela de educacion de estetica.-
785-HCD-2018,2018,unidad ciudadana,comnicacion,si informes referente a los tres hospitales municipales del distrito.-
787-HCD-2018,2018,unidad ciudadana,ordenanza,"todo club o instalacion barrial en la que practiquen deportes, ninos, ninas y adolescentes debera contar con una ficha clinica deportiva.-"
788-HCD-2018,2018,unidad ciudadana,comunicacion,si al ministerio de educacion de la pcia. de bs.as. una sede unica para el instituto superior de formacion docente y tecnica nº 52.-
789-HCD-2018,2018,unidad ciudadana,comunicacion,si rampas de accesibilidad y salida de emergencias dentro de la escuela especial nº 501 yel centro de formacion laboral de martinez.-
791-HCD-2018,2018,unidad ciudadana,comunicacion,si la reparacion del ventanal que se encuentra en la guardia del hospital central de san isidro.-
792-HCD-2018,2018,unidad ciudadana,ordenanza,adhiriendo a la ley nacional nº 27.453.-
793-HCD-2018,2018,unidad ciudadana,comunicacion,"si un informe sobre la situacion de la calle cerrada que se encuentra en la circunscripcion 7, sector c, fraccion 1, manzana 093, de la ciudad de san isidro.-"
795-HCD-2018,2018,unidad ciudadana,comunicacion,si un amplio inferme relacionado con atencion odontologica para personas con discapacidad.-
796-HCD-2018,2018,unidad ciudadana,comunicacion,"si un informar en que situacion se encuentran las gestiones realizadas ante la agencia nacional de discapacidad, frente a la falta de pago a todos los prestadores.-"
797-HCD-2018,2018,unidad ciudadana,ordenanza,si se reconozca a los detenidos y detenidas en la dictadura.-
798-HCD-2018,2018,unidad ciudadana,resolucion,el h.cd. adhiere al dia internacional de las personas con discapacidad.-
801-HCD-2018,2018,unidad ciudadana,comunicacion,si un informe relacionado al estacionamiento tarifado en los espacios publicos del partido.-
803-HCD-2018,2018,unidad ciudadana,ordenanza,"si senalizacion de estacionamiento al vecino con modalidad reducida domiciliado en la avda. b. marquez nº 869, el partido.-"
22-HCD-2019,2019,unidad ciudadana,comunciacion,"s/ la colocacion de camaras y/o domo de seguridad en la interseccion de las calles dardo rocha y garcia moreu, de la ciudad de martinez.-"
23-HCD-2019,2019,unidad ciudadana,comunciacion,s/ reductores de velocidad en diversas calles de la ciudad de boulogne.-
24-HCD-2019,2019,unidad ciudadana,comunciacion,s/ diversos informes relacionados con los tres hospitales municipales.-
25-HCD-2019,2019,unidad cludadana,ordenanza,"creando la ""comision especial de seguimiento para el desarrollo del ciclo lectivo 2019"".-"
26-HCD-2019,2019,unidad ciudadana,comunciacion,"s/ el control del transito vehicular en los horarios de entrada y salida de la escuela n° 26 y el jardin de infantes n° 907, del bajo de san isidro.-"
27-HCD-2019,2019,u ljdad ciudadana,resolucion,el h.cd. expresa su repudio ante la decision de la gobernadora de efectuar despidos que ponen en riesgo cursos de capacitacion a los que acceden los maestros.-
28-HCD-2019,2019,unidad ciudadana,resolucion,el h.c.d. expresa su preocupacion ante la decision del gobierno nacional de congelar los montos para becas progresar 2019.-
36-HCD-2019,2019,partido justicia llsta,ordenanza,"creando el ""hospital veterinario municipal"".-"
37-HCD-2019,2019,partido justicia llsta,ordenanza,"creando el programa ""caminando juntas"".-"
38-HCD-2019,2019,partido justicia llsta,comunicacion,"s/ el recambio de contendores en el barrio ""el sauce"", de la ciudad de beccar, acortando el tiempo de frecuencia para la recoleccion de los mismos.-"
39-HCD-2019,2019,partido justiciallsta,ordenanza,estableciendo como tiempo perentorio de 30 dias a toda solicitud de informes al departamento ejecutivo.-
40-HCD-2019,2019,partido justicia llsta,comunicacion,"s/ la puesta en valor del espacio sito en la calle nuestras malvinas, entre las calles luis maria campos y camino real moron, de la ciudad de beccar.-"
41-HCD-2019,2019,partido justiciallsta,comunicacion,"s/ la realizacion de campanas perentorias a nivel salud, en la zona del bajo boulogne, de este partido.-"
42-HCD-2019,2019,partido justicia llsta,comunicacion,"s/ la pavimentacion de la calle almirante betbeder, entre las calles nuestras malvinas y maestra rueda, de la ciudad de boulogne.-"
43-HCD-2019,2019,partido justiciallst a,comunicacion,"s/ se realice una limpieza del barrio santa ana, de la ciudad de boulogne.-"
44-HCD-2019,2019,partido justicia llsta,comunicacion,'s/ la erradicacion del deposito vehicular del poder judicial existente en la ciudad de boulogne.-
46-HCD-2019,2019,unidad ciudadana,resolucion,el h.c.d. felicita a abigail chaves por sus logros alcanzados tanto en la actividad deportiva como en la lucha laboral por la profesionalizacion del futbol femenino.-
47-HCD-2019,2019,unidad ciudadana,comunicacion,si diversos informes relacionados con amenazas de bombas en el partido.-
48-HCD-2019,2019,unidad ciudadana,comunicacion,si un informe relacionado con el hospital central de san isidro.-
51-HCD-2019,2019,union civica - cambiemos,resolucion,el h.c.d. felicita a maria del rocio pereyra por su clasificacion al mundial de taekwondo ift.-
52-HCD-2019,2019,unidad ciudadana,comunicacion,"si la instalacion de camaras de seguridad en la interseccion de las calles hipolito yrigoyen y santo domingo, de la ciudad de martinez.-"
53-HCD-2019,2019,unidad ciudadana,comunicacion,"si un informe relacionado con el ""registro de entidades de bien publico"".-"
54-HCD-2019,2019,unidad ciudadana,comunicacion,"s/ un informe relacionado con la obra del paso bajo nivel en la avda. sarratea, de este partido.-"
55-HCD-2019,2019,unidad ciudadana,ordenanza,"estipulando el dia 2 de abril como ""dia por la conciencia del au tismo"".-"
56-HCD-2019,2019,partido justicialista,ordenanza,adhiriendo en todos sus terminos a la ley nacional n° 27.499 y al decreto reglamentario n° 38/2019.-
57-HCD-2019,2019,partido justicia lista,ordenanza,"creando el ""programa de capacitacion de promotoras y promotores en genero ""micaela garcia"".-"
58-HCD-2019,2019,unidad ciudadana,comunicacion,s/ la remision de una copia del plan maestro de obras hidraulicas del partido.-
59-HCD-2019,2019,convocacion por san isidro,comunicacion,"s/ la repavimentacion y/o bacheo de la calle alte. betbeder, desde la calle gdor. arana hasta la calle paraguay, de la ciudad de boulogne.-"
60-HCD-2019,2019,convocacion por san isidro,resolucion,el h.c.d. declara su preocupacion por las obras del tunel de sarratea.-
61-HCD-2019,2019,convocacion por san isidro,ordenanza,creando la comision vecinal de fiscalizacion para la obra del tunel sarratea.-
62-HCD-2019,2019,convocacion por san isidro,comunicacion,"s/ un informe relacionado con la obra en construccion sobre la avda. fleming al 2481/97, de este partido.-"
63-HCD-2019,2019,convocacion por san isidro,comunicacion,s/ un informe sobre el servicio de transporte en barco de san isidro a puerto madero.-
64-HCD-2019,2019,convocacion por san isidro,comunicacion,"s/ un informe relacionado con la obra del cruce bajo nivel sarratea, de este partido.-"
65-HCD-2019,2019,convocacion por san isidro,comunicacion,s/ un informe relacionado con el cumplimiento de la ley provincial n° 12.276.-
66-HCD-2019,2019,convocacion por san isidro,comunicacion,"s/ un informe relacionado con la poda de tipas sobre la avda. del libertador, de este partido.-"
67-HCD-2019,2019,"unidad, ciudadana",comunicacion,s/ brindar medidas de seguridad en el barrio puerto de san isidro.-
68-HCD-2019,2019,unidad ciudadana,comunicacion,".s/ un informe relacionado al denominado ""paseo del tren de la costa"".-"
69-HCD-2019,2019,unidad ciudadana,comunicacion,s/ un informe relacionado con las reiteradas llamadas de amenazas de bomba en el hospital central de san isidro.-
70-HCD-2019,2019,unidad ciudadana,resolucion,el h.c.d. expresa su beneplacito ante la reglamentacion de la liga profesional femenina de futbol.-
71-HCD-2019,2019,"unidad ciudadana,",comunicacion,"s/ un informe relacionado con las acciones de visibilizacion a tomar por la ""semana mundial del parto respetado"".-"
72-HCD-2019,2019,unidad ciudadana,resolucion,"el h.cd. adhiere al ""dia internacional de la eliminacion de la discriminacion racial"".-"
73-HCD-2019,2019,unidad cludadana,decreto,"el h.cd. declara de interes la comision por la memoria, la verdad y la justicia zona norte.-"
74-HCD-2019,2019,unidad ciudadana,comunicacion,"s/ la puesta en valor de la plaza delimitada por las calles l° de mayo, monsenor magliaro y cne], cetz, de este partido,-"
75-HCD-2019,2019,unidad ciudadana,ordenanza,"estableciendo como requisito para la habilitacion y funcionamiento de locales y/o espacios y/o eventos con concurrencia masiva de publico, contar con un plan de respuesta a emergencia que incluya capacitacion para el personal en r"
76-HCD-2019,2019,"unidad ciudadana,",comunicacion,"s/ la adhesion a la ley nacional n° 27.159,-"
77-HCD-2019,2019,unidad cludadana,comunicacion,"s/ la implementacion del servicio alimentario escolar en las escuelas de educacion tecnica del municipio de san isidro,-"
78-HCD-2019,2019,unidad ciudadana,comunicacion,s/ arbitrar las medidas necesarias para interponer una accion de amparo para retrotraer las tarifas de diversos servicios.-
79-HCD-2019,2019,unidad cludadana,comunicacion,s/ informe relacionado al ex club de municipales.-
80-HCD-2019,2019,unidad ciudadana,ordenanza,creando el ente municipal de lucha contra la corrupcion y la violencia institucional.-
81-HCD-2019,2019,unidad ciudadana,comunicacion,s/ informes referentes al sae para la escuela secundaria especializada en arte n° 1 de san isidro.-
82-HCD-2019,2019,unidad ciudadana,comunicacion,s/ un informe referente a los tres hospitales municipales del distrito.-
83-HCD-2019,2019,unidad ciudadana,decreto,disponiendo de las medidas necesarias para cumplir e implementar la ley n° 27.159 en el h.c.d.-
84-HCD-2019,2019,unidad ciudadana,resolucion,el h.c.d. expresa su preocupacion por la situacion de desfinanciamiento que esta sufriendo la educacion publica.-
85-HCD-2019,2019,unidad ciudadana,comunicacion,s/ declarar la emergencia municipal por la situacion que estan viviendo los adultos mayores.-
86-HCD-2019,2019,unidad ciudadana,comunicacion,s/ a la gobernadora de la pcia. de bs. as. que convoque a paritarias docentes.-
87-HCD-2019,2019,unidad ciudadana,ordenanza,"modificando el nombre de la calle ""teniente gral. lonardi"" por el de ""teniente de corbeta alejandro damian tagliapietra ara san juan"".-"
88-HCD-2019,2019,convocacion por san isidro,ordenanza,reemplazando el contenido del articulo nº 71 de la ordenanza fiscal anual para el ejercicio 2019.-
89-HCD-2019,2019,convocacion por san isidro,ordenanza,"eximiendo del pago total de la tasa por alumbrado, limpieza y servicios generales, tasa por inspeccion de comercios e industrias y derechos de publicidad a los vecinos afectados por las obras de mejoramiento en la estacion de tren"
93-HCD-2019,2019,pro san isidro - cambiemos,comunicacion,"si arbitrar los medios necesarios para llevar a cabo un programa de capacitacion para el personal de comercios gastronomicos, en materia de seguridad alimentaria para persona con alergia celiaca.-"
95-HCD-2019,2019,pro san isidro - cambiemos,comunicacion,si informe relacionado con las plazas deipartido.-
97-HCD-2019,2019,pro san isidro - cambiemos,ordenanza,prohibiendo en los comercios del municipio la utilizacion de bolsas plasticas a los fines de entregar mercaderia.-
98-HCD-2019,2019,pro san isidro - cambiemos,decreto,"el h.c.d. declara de interes el ['rograma ""compra py1nel/ ,-"
99-HCD-2019,2019,frente renovador,comunicacion,si un amplio informe relacionado con camaras y domos de seguridad en el partido.-
104-HCD-2019,2019,unidad ciudadana,comunicacion,s/ un informe relacionado con el centro provincial de atencion a las adicciones.-
108-HCD-2019,2019,unidad ciudadana,resolucion,"el h.c.d. expresa su beneplacito para la proxima beatificacion del monsenor emique angelelli, del sacerdote diocesano gabriel longueville, del sacerdote de la orden de los rrailes menores conventuales carlos murias y del laico wen"
109-HCD-2019,2019,unidad ciudadana,comunicacion,"s/ la colocacion de camaras de seguridad en el perimetro comprendido por las avdas. centenario, andres rolon, marquez y la calle tomkinson, de este partido.-"
110-HCD-2019,2019,partido justicialista,resolucion,"el h.c.d. expresa su beneplacito a la iniciativa del proyecto de la denominada ""ley malvinas"".-"
112-HCD-2019,2019,partido justiciallsta,ordenanza,creando en el ambito de la municipalidad el comite interno distrital.-
113-HCD-2019,2019,partido justiciallsta,ordenanza,"modificando el sentido de circulacion vehicular de la calle actis, en su interseccion con las calles monsenor magliano y san vladimiro, de la ciudad de martinez.-"
114-HCD-2019,2019,partido justicialista,comunicacion,"s/ incluir en el plan municipal de repavimentacion y/o bacheo a la calle ingeniero marconi, de la ciudad de beccar.-"
116-HCD-2019,2019,frente renovador,ordenanza,"estableciendo en el territorio municipal el caracter de ""practica abusiva"" contraria al ""trato digno"" al consumido o al usuario.-"
117-HCD-2019,2019,frente renovador,comunicacion,"s/ incrementar el patrullaje en las periferias de la escuela secundaria n 12, de la ciudad 9 de san isidro.-"
121-HCD-2019,2019,convocacion por san isidro,comunicacion,s/ informes relacionado con la 6ta edicion del festival lollapalooza.-
122-HCD-2019,2019,convocacion por sa isidro,ordenanza,"ordenando realizar acciones necesarias para garantizar el libre transito de personas con movilidad reducida por el cruce bajo nivel de la calle florencio varela, de la ciudad de beccar.-"
123-HCD-2019,2019,convocacion por san isidro,comunicacion,"s/ un informe relacionado a la obra en construccion sobre la calle sebastian elcano al 1924, de este partido.-"
124-HCD-2019,2019,convocacion por san isidro,comunicacion,"s/ la instalacion de un semaforo peatonal en la calle el resero y jose maria moreno, de la ciudad de villa adelina.-"
126-HCD-2019,2019,unidad ciudadana,decreto,"el h.cd. declara de interes el ""via crucis en la cava"".-"
127-HCD-2019,2019,unidad ciudadana,comunicacion,s/ un informe relacionado con la comunicacion nº 70/18.-
128-HCD-2019,2019,unidad ciudadana,comunicacion,s/ un informe relacionado con lo acontecido el dia 23 de marzo de 2019 en el barrio de la cava.-
129-HCD-2019,2019,unidad ciudadana,resolucion,el h.cd. expresa preocupacion por la situacion del barrio puerto de san isidro.-
141-HCD-2019,2019,pro san isidro - camiliemos,comunicacion,"s/ la incorporacion en el co.u., el requisito de colocar una linea transversal al transito peatonal de baldosas ""podotactiles"".,"
161-HCD-2019,2019,unidad cjudadana,comunicacion,"s/ informes relacionadas con la calle carlos tejedor, entre las calles patagonia y curruchaga, de la ciudad de boulogne.-"
162-HCD-2019,2019,unidad cjudadana,comunicacion,s/ informes relacionados con el certificado medico oficial digital.-
174-HCD-2019,2019,frente renovador,comunicacion,"s/ a la empresa proveedora de gas natural finalizar la instalacion de la red en la escuela n° 25, de la ciudad de beccar.-"
175-HCD-2019,2019,pro san isidro - cambiemos,decreto,"el h.cd. declara de interes a la fundacion"" al reparo"" por la labor que lleva a cabo.-"
176-HCD-2019,2019,pro san isidro - cambiemos,ordenanza,modificando la ordenanza n° 8366.-
177-HCD-2019,2019,pro san isidro - cambiemos,comunicacion,s/ garantizar el efectivo cumplimiento de la ordenanza n° 8366 y de la ley provincial n° 13.868.-
183-HCD-2019,2019,unidad ciudadana,resolucion,el h.cd. expresa preocupacion por las familias del puerto de san isidro.-
184-HCD-2019,2019,frente renovado r,comunicacion,"s/ la reposicion de adoquines en la calle reclus, entre las calles betbeder y wernes, de la ciudad de boulogne.-"
185-HCD-2019,2019,unidad ciudadana,resolucion,"el h.cd. repudia la resolucion n° 395, firmada por la ministra patricia bullrich.-"
186-HCD-2019,2019,unidad ciudadana,resolucion,el h.cd. manifiesta preocupacion por el impacto inflacionario en los medicamentos.-
187-HCD-2019,2019,unidad ciudadana,resolucion,el h.cd. manifiesta su preocupacion por el nivel de endeudamiento de la pcia. de bs. as.-
188-HCD-2019,2019,unidad ciudadana,resolucion,"el h.cd. adhiere al ""dia internacional contra el maltrato infantil"" .-"
189-HCD-2019,2019,unidad ciudadana,comunicacion,"si un informe relacionado con la obra que se lleva a cabo en la calle sebastian eicano n° 1942, de este partido.-"
190-HCD-2019,2019,unidad ciudadana,comunicacion,si informe relacionado con las acciones de visibilizacion por la semana mundial del parto respetado.-
191-HCD-2019,2019,unidad ciudadana,comunicacion,"si reductores de velocidad en pasaje 1, entre las calles jorge newbery y juan clark, de la ciudad de beccar.-"
192-HCD-2019,2019,unidad ciudadana,comunicacion,si informes relacionados al ex campo de deportes y pista de atletismo de as.a.-
193-HCD-2019,2019,unidad ciudadana,comunicaclon,"si reductores de velocidad en la calle intendente neyer, entre la avda. andres rolon y la calle jorge newbery, de este partido.-"
194-HCD-2019,2019,unidad ciudadana,ordenanza,"creando el"" area de diversidad sexual"".-"
195-HCD-2019,2019,unidad ciudadana,ordenanza,"creando el ""programa integral para cartoneros, recuperadores y/o recicladores urbanos del partido de san isidro"".-"
197-HCD-2019,2019,pro san isidro - cambiemos,comunicacion,"s/ articular un programa de beneficios, para jovenes de entre 12 y 29 anos de edad.-"
198-HCD-2019,2019,pro san isidro - cambiemos,decreto,el h.c.d. declara de interes el trabajo realizado por la clinica oftalmologica kaufer y su servicio brindado a la comunidad de san isidro.-
199-HCD-2019,2019,pro san isidro - cambiemos,ordenanza,creando la campana de concientizacion permanente para la promocion del reciclaje y la dentalizacion de envases y recipientes plasticos en comercios y supermercados dentro del distrito.-
200-HCD-2019,2019,unidad ciudadana,comunicacion,s/ informes relacionados con casos de muerte perinata!.-
201-HCD-2019,2019,unidad ciudadana,resolucion,el h.c.d. expresa preocupacion ante la medida tomada al abolir la ley de jubilacion de amas de casa.-
202-HCD-2019,2019,unidad ciudadana,comunicacion,s/ arbitrar las medidas necesarias para que las noches de festejo de carnavales oficiales la frecuencia de transporte publico locales se extienda hasta el fin de dichos festejos.-
203-HCD-2019,2019,unidad ciudadana,comunicacion,s/ informes relacionados a la piletas de natacion que se encuentran en los campos de deportes municipales.-
204-HCD-2019,2019,unidad ciudadana,comunicacion,s/ a la gobernacion de la pcia. de bs. as. el numero de beneficiario que otorga la ley n° 12.006 ysus modificatorias.-
205-HCD-2019,2019,unidad ciudadana,comunicacion,s/ diversos informes relacionados con los festejos de los carnavales.-
206-HCD-2019,2019,unidad ciudadana,resolucion,el h.cd. expresa preocupacion por la suba indiscriminada del precio de medicamentos.-
207-HCD-2019,2019,unidad ciudadana,comunicacion,s/ informes relacionados con las murgas de san isidro.-
208-HCD-2019,2019,unidad ciudadana,resolucion,el h.cd. expresa su beneplacito al proyecto de ley de verificacion escolar.-
209-HCD-2019,2019,unidad ciudadana,comunicacion,"s/ informes relacionados con el campo n° 4, de la ciudad de martinez.-"
210-HCD-2019,2019,unidad ciudadana,resolucion,el h.cd. manifiesta su beneplacito por el avance en el tratamiento y proxima sancion de la ley provincia] de acompanante tera peu ticos.-
212-HCD-2019,2019,frente renovador,resolucion,"el h.c.d. expresa su preocupacion por el vencimiento del plazo previsto para ingresar al ""regimen de regularizacion de deudas previsionales"".-"
213-HCD-2019,2019,unidad ciudadana,comunicacion,s/ la remision del expte. n° 16517-d-2018.-
214-HCD-2019,2019,unidad ciudadana,comunicacion,"s/ incorporar en el plan de reparacion de veredas a la calle jose figueroa aleorta, entre las calles medrano y matheu, de la ciudad de boulogne.-"
215-HCD-2019,2019,partido justicialista,ordenanza,"reemplazando la denominacion del pasaje 725 por el nombre de monsenor angelini, sito en barrio obrero jurisdiccion de este partido.-"
216-HCD-2019,2019,partido justicialista,comunicacion,"s/ la poda de los arboles existentes en la calle cespedes, entre las calles martin rodriguez y virrey vertiz, de la ciudad de villa adelina.-"
218-HCD-2019,2019,partido justicialista,comunicacion,s/ informes relacionados con el fallo de la suprema corte de la provincia de bs. as.
219-HCD-2019,2019,partido justicialista,comunicacion,"si la poda de los arboles sitos en la calle nuestras malvinas, entre las calles capitan juan de san martin y cervantes, de la ciudad de boulogne.-"
220-HCD-2019,2019,partido justicialista,ordenanza,"creando el ""centro deportivo de alto rendimiento"" de san isidro.-"
221-HCD-2019,2019,partido justiclalista,ordenanza,"creando el ""consejo economico y social de san isidro"".-"
222-HCD-2019,2019,convocacion por san isidro,ordenanza,reglamentando la asignacion del gasto previsto para la publicidad oficial en el presupuesto municipal.-
223-HCD-2019,2019,convocacion por san isidro,comunicacion,"s/ incrementar luminarias en la calle el indio, entre la avda. bernardo ader y la calle comandante luis piedrabuena, de la ciudad de villa adelina.-"
224-HCD-2019,2019,convocacion por san isidro,comunicacion,"s/ la designacion de inspectores de transito en la interseccion de la avda. del libertador y la calle primera junta, en el ingreso y egreso de los alumnos del colegio ""santa maria de lujan"".-"
230-HCD-2019,2019,frente renovador,comunicacion,s/ informes referentes al hospital de la ciudad de boulogne.-
233-HCD-2019,2019,pro san isidro - cambiemos,decreto,"el h.cd. reconoce al sr. eduardo oderigo, por su desempeno en el desarrollo de la fundacion espartanos.-"
234-HCD-2019,2019,pro san isidro - cambiemos,comunicacion,s/ la adhesion a la red iclei - local government for sustainability.-
235-HCD-2019,2019,pro san isidro - cambiemos,decreto,"el h.cd. declara de interes la ley nacional nº 27.454, que crea el plan nacional de reduccion de perdidas y desperdicios de alimentos.-"
236-HCD-2019,2019,pro san isidro - cambiemos,comunicacion,s/ la reparacion de pavimento en diversas calles de la ciudad de beccar.- .
237-HCD-2019,2019,pro san isidro - cambiemos,decreto,"el h.c.d. declara de interes el espectaculo ""la otra vereda. la poesia de borges"".-"
238-HCD-2019,2019,partido justicialist a,ordenanza,adhiriendo a la ley n° 14.735.-
239-HCD-2019,2019,partido justicialist a,ordenanza,"autorizando la implementacion de un area peatonal en la calle alvear, de la ciudad de martinez.-"
240-HCD-2019,2019,partido justicialista,ordenanza,creando una linea de colectivos municipal gratuita.-
241-HCD-2019,2019,partido justicialista,ordenanza,creando el registro de paseadores de perros.-
242-HCD-2019,2019,partido justicialista,decreto,el h.c.d. expresa su beneplacito por la restitucion de la verdadera identidad de javier matias darroux mijalchuk.-
243-HCD-2019,2019,partido justicialista,comunicacion,"s/ la instalacion en zonas centrales o de mayor concentracion de usuarios del transporte publico de pasajeros, carteles con codigo qr.-"
244-HCD-2019,2019,partido justicialista,comunicacion,"si gestiones con areas nacionales, provinciales y el municipio de san martin, para la construccion de una nueva estacion ferroviaria en cercania del cruce conformado por la avda. sarratea y el cruce del ferrocarril belgrano.-"
245-HCD-2019,2019,unidad ciudadana,comunicacion,si informes relacionados al sistema de barrido municipal.-
246-HCD-2019,2019,unidad ciudadana,resolucion,"el h.c.d. felicita al seleccionado de futbol con sindrome de down ""los halcones"" por haber conseguido el subcampeonato mundial.-"
248-HCD-2019,2019,unidad ciudadana,comunicacion,"si informes sobre las obras en la calle bernardo de irigoyen, de la ciudad de boulogne.-"
249-HCD-2019,2019,unidad ciudadana,resolucion,"el h.c.d. expresa beneplacito por la ""marcha de la soberania"".-"
250-HCD-2019,2019,unidad ciudadana,comunicacion,si la puesta en valor del vestuario de caballeros del edificio donde funcionan los talleres de obras publicas.-
251-HCD-2019,2019,unidad ciudadana,resolucion,"el h.c.d. expresa beneplacito por los 91 anos del natalicio del comandante ernesto ""che"" guevara.-"
252-HCD-2019,2019,unidad ciudadana,resolucion,"el h.c.d. expresa beneplacito a hector carlos scotta ""el gringo"", por su trayectoria deportiva en el futbol nacional e internacional.-"
253-HCD-2019,2019,unidad ciudadana,resolucion,"el h.c.d. adhiere al ""dia mundial contra el trabajo infantil"".-"
254-HCD-2019,2019,unidad ciudadana,comunlcacion,"s/ relevar y reparar rampas de accesibilidad situadas en las esquinas de la calle curupayti y la colectora panamericana, de la ciudad de boulogne.-"
255-HCD-2019,2019,convocacion por san isidro,comunicacion,"s/ la instalacion de camaras de seguridad en la interseccion de las calles cordoba y lima, de la ciudad de martinez.-"
256-HCD-2019,2019,convocacion por san isidro,comunicacion,"s/ informes al consejo escolar, relacionado con la infraestructura adecuada previa al inicio del invierno en establecimientos educativos.-"
257-HCD-2019,2019,convocacion por san isidro,comunicacion,"s/ un releva miento de las calles lindantes con el destacamento de bomberos voluntarios n° 2, de san isidro.-"
259-HCD-2019,2019,convocacion por san isidro,comunicacion,s/ respuesta relacionada con la comunicacion n° 33/19.-
260-HCD-2019,2019,convocacion por san isidro,comunicacion,s/ respuesta relacionada con la comunicacion n° 36/19.-
261-HCD-2019,2019,pro san isidro - cambiemos,decreto,el h.c.d. declara de interes a la biblioteca popular de san isidro por constituir parte del patrimonio historico y cultural de nuestro pais y del distrito.-
263-HCD-2019,2019,pro san isidro - cambiemos,comunicacion,"s/ la colocacion del banos quimicos en puntos estrategicos de la senda aerobica paralela a la calle sebastian elcano, de este partido.-"
264-HCD-2019,2019,pro san isidro - cambiemos,comunicacion,"s/ camaras de seguridad en la calle juan b. justo, entre las calles haedo y misiones, de este partido.-"
265-HCD-2019,2019,pro san isidro - cambiemos,decreto,"el h.c.d. declara de interes al grupo musical ""industria nacional"" .-"
266-HCD-2019,2019,unidad ciudadana,comunicacion,"s/ realizar una campana de prevencion y difusion de la enfermedad denominada ""endometriosis"".-"
267-HCD-2019,2019,unidad ciudadana,resolucion,el h.c.d. expresa preocupacion ante la falta de la correcta aplicacion de la ley provincial nº 14.735.-
268-HCD-2019,2019,unidad ciudadana,resolucion,el h.c.d. manifiesta su beneplacito al proyecto presentado en la camara de diputados de la nacion que busca modificar el articulo nº 8 de la ley nº 27.350.-
269-HCD-2019,2019,unidad ciudadana,comunicacion,"s/ un asiento y cerramiento, en al menos uno de los lados, del refugio de transporte publico ubicado en la calle diego palma al 500, de la ciudad de san isidro.-"
270-HCD-2019,2019,unidad ciudadana,comunicacion,s/ al gobierno de la pcia. de bs. as. el congelamiento de las tarifas de electricidad hasta el ano 2021.-
271-HCD-2019,2019,unidad ciudadana,resolucion,el h.c.d. expresa su preocupacion por la falta de informacion relacionada con el traspaso de jurisdiccion de distribucion electrica.-
275-HCD-2019,2019,convocacion por san isidro,ordenanza,disponiendo la apertura de diversas calles del partido.-
276-HCD-2019,2019,unidad ciudadana,ordenanza,regularizando el servicio de reparto y/o distribucion y/o traslado a domicilio de los productos alimenticios que se realice en motos.-
277-HCD-2019,2019,unidad ciudadana,comunicacion,"s/ informe al ministerio de seguridad de la pcia. de bs. as. y a la fiscalia general de s.1. relacionada a lo ocurrido el dia 24 de junio de 2019, en la ciudad de beccar.-"
278-HCD-2019,2019,unidad ciudadana,ordenanza,"creando regimen especial de ""boleto estatal para trabajadores/as y obreros/as"".-"
279-HCD-2019,2019,convocacion por san isidro,comunicacion,s/ al ministerio de trasporte de la nacion un informe acerca de las obras de la estacion de villa adelina.-
281-HCD-2019,2019,pro san isidro - cambiemos,decreto,el h.cd. reconoce a la sra. silvia barrera por su desempeno corno instrumentadora quirurgica durante la guerra de malvinas.-
282-HCD-2019,2019,pro san isidro - cambiemos,ordenanza,creando el programa de recoleccion y reciclado de llaves de metal de uso residencial.-
283-HCD-2019,2019,pro san isidro - cambiemos,comunicacion,s/ incluir en la pagina web oficial del municipio un portal abierto que permita notificar sobre mascotas extraviadas y en adopcion.-
284-HCD-2019,2019,partido justicialista,comunicacion,"s/ rampas de accesibilidad en las esquinas de las calles hipolito yrigoyen y berutti, de la ciudad de martinez.-"
285-HCD-2019,2019,partido justicialista,ordenanza,"creando el programa de prevencion del suicidio joven ""no estas solo"" .-"
286-HCD-2019,2019,partido justicialista,ordenanza,"crando el programa municipal de prevencion y tratamiento del vih/sida ""me cuido te cuido"".-"
287-HCD-2019,2019,partido justicialista,comunicacion,"s/ un estudio de transito para tornar medidas en relacion a seguridad en transito vehicular en la calle nuestras malvinas, de la ciudad de boulogne.-"
289-HCD-2019,2019,unidad ciudadana,resolucion,el h.c.d. expresa su beneplacito a los 239 anos del natalicio de la heroica juana azurduy.-
290-HCD-2019,2019,unidad ciudadana,resolucion,el h.c.d. expresa surechazo a la inaccion del gobierno de la pcia. de bs. as. frente a los graves atropellos que sufren usuarias y usuarios de energia electrica por parte de las empresas de distribucion de energia electrica en ter
291-HCD-2019,2019,unidad ciudadana,comunicacion,s/ diversos informes relacionados con el area de rehabilitacion en los tres hospitales municipales del distrito.-
292-HCD-2019,2019,unidad ciudadana,comunicacion,s/ un informe relacionado con la red de efectores publicos pertenecientes a la zona amba.-
293-HCD-2019,2019,unidad ciudadana,resolucion,el h.c.d. expresa su preocupacion por la firma del tratado de comercios entre el mercosur y la ue.-
294-HCD-2019,2019,unidad ciudadana,comunicacion,"s/la instalacion de un semaforo en la interseccion de las calles pichincha y el resero, de la ciudad de villa adelina.-"
296-HCD-2019,2019,unidad ciudadana,comunicacion,s/ informes relacionados con convenios de articulacion para el mantenimiento de los establecimientos educativos de la pcia. de bs. as. en el distrito de san isidro.-
297-HCD-2019,2019,unidad ciudadana,comunicacion,"s/ informes relacionados con diversas gripes, dentro del partido de san [sidro.-"
298-HCD-2019,2019,unidad ciudadana,comunicacion,s/ informe sobre las vacunas incluidas en el calendario nacional de vacunacion.-
303-HCD-2019,2019,convoca clan por san isidro,comunicacion,"s/ la puesta en valor del centro comercial a cielo abierto sobre la calle pichinca,. entre la avda. avelino rolon y la calle bogado, de la ciudad de boulogne.-"
304-HCD-2019,2019,convoca clan por san isidro,comunicacion,s/ un amplio informe relacionado con el decreto n° 1113 del corriente ano.-
305-HCD-2019,2019,convocacion por san isidro,comunicacion,"s/ la posibilidad de proceder a la apertura del boulevard en la interseccion de la avda. sucre con la calle bermejo, de la ciudad de boulogne.-"
306-HCD-2019,2019,convocacion por san isidro,comunicacion,"s/ arbitrar medidas de seguridad vial en la interseccion de las calles 3 de febrero y lynch, de la ciudad de san isidro.-"
307-HCD-2019,2019,unidad ciudadana,resolucion,el h.c.o. expresa que se declare la emergencia educativa en cada distrito de la provincia.-
312-HCD-2019,2019,pro san isidro - cambiemos,comunicacion,s/ incorporar los diecisiete objetivos de desarrollo sostenible de la organizacion de las naciones unidas a la agenda estrategica del partido de san isidro.-
315-HCD-2019,2019,partido justicia lista,comunicacion,"s/ a la empresa encargada de la recoleccion de residuos la limpieza del contenedor instalado en la calle jorge newery, entre las calles padre acevedo y udaondo, de la ciudad de beccar.-"
316-HCD-2019,2019,partido justicia lista,comunicacion,s/ informes relacionados con el calendario de vacunacion.-
317-HCD-2019,2019,unidad ciudadana,resolucion,el h.cd. expresa su beneplacito a los 236 anos del natalicio de simon bolivar.-
318-HCD-2019,2019,unidad ciudadana,resolucion,el h.cd. expresa su beneplacito al cumplirse 72 anos de la aprobacion de la ley de voto femenino.-
319-HCD-2019,2019,unidad ciudadana,resolucion,"s/ arbitrar las medidas necesarias con el fin de solucionar problemas de inundaciones en la calle libertad al 2224, de la ciudad de martinez.-"
320-HCD-2019,2019,convocacion por san isidro,comunicacion,"s/ la instalacion de camaras de seguridad y aumentar la iluminacion en la interseccion de las calles padre acevedo y charcas, de la ciudad de beccar.-"
321-HCD-2019,2019,convocacion por san isidro,comunicacion,"s/ cuidado y mantenimiento de arboles, relacionados con diversos reclamos.-"
322-HCD-2019,2019,convocacion por san isidro,resolucion,el h.cd. repudia las campanas sucias y las agresiones dirigidas contra candidatos de todo espectro politico.-
325-HCD-2019,2019,pro san isidro - cambiemos,comunicacion,"s/ la creacion de espacios destinados a paradas de vehiculos exclusivo para ascenso y descenso de personas con discapacidad, en todas las estaciones ferroviarias que se encuentran dentro del distrito.-"
326-HCD-2019,2019,pro san isidro - cambiemos,comunicacion,s/ la promocion de funciones distendidas en diversas salas y recintos de espectaculos culturales para la plena inclusion de personas con discapacidad.-
329-HCD-2019,2019,frente renovador,comunicacion,"s/ la puesta en valor de la sala quirurgica, donde se realizan diversas intervenciones a animales, ubicada en la calle 3 de febrero 536, de la ciudad de san isidro.-"
330-HCD-2019,2019,frente renov ador,comunlcacion,"s/ tomar las medidas necesarias a fin de salvaguardar los derechos de ninos, ninas y adolescentes que residen en el hogar de ninos ""el barrilete"" .-"
331-HCD-2019,2019,convocacion por san isidro,comunicacion,"5/ el recorte de raices y posterior reparacion de veredas, requeridos en diversos reclamos.-"
332-HCD-2019,2019,unidad ciudadana,comunlcacion,"s/ la reparacion y colocacion de luminarias en el barrio ferroviario santa rosa, de la ciudad de boulogne.-"
334-HCD-2019,2019,unidad ciudadana,comunicacion,"s/ la puesta en valor y posterior mantenimiento de la plaza ubicada en el barrio ferroviario santa rosa, de la ciudad de boulogne.-"
335-HCD-2019,2019,unidad ciudadana,comunicacion,"s/ se resuelva a la brevedad la falta de desagues cloacales, pluviales y su mantenimiento en el barrio ferroviario santa rosa, de la ciudad de boulogne.-"
337-HCD-2019,2019,unidad ciudadana,comunicacion,"s/ la reparacion de la vereda sita en la interseccion de las calles dardo rocha y paramaribo al 800, de la ciudad de martinez.-"
338-HCD-2019,2019,unidad ciudadana,resolucion,"el hcd expresa su beneplacito al 1600 aniversario del paso a la inmortalidad del padre de la patria, el general don jose de san martin.-"
340-HCD-2019,2019,unidad ciudadana,comunicacion,"si un informe relacionado con la situacion actual del hogar . ""el barrilete"".-"
341-HCD-2019,2019,unidad ciudadana,comunicacion,si un informe relacionado con personas en situacion de calle.-
343-HCD-2019,2019,frente renovador,comunicacion,"s/ la construccion de una plaza en el boulevard sito en la calle lynch, de la ciudad de beccar.-"
346-HCD-2019,2019,pro san isidro - cambiemos,comunicacion,"s/ articular un programa municipal de pintura de contenedores de similares caracteristicas al de ""gualeguay te pinta"".-"
347-HCD-2019,2019,pro san isidro - cambiemos,comunicacion,s/ la posibilidad de disponer mayor numero de lugares para estacionamiento de motos en los centros comerciales a cielo abierto dentro del distrito.-
351-HCD-2019,2019,unidad ciudadana,resolucion,"el, h.c.d. manifiesta su honda preocupacion ante la actual situacion de escalada de violencia tanto institucional como social en la que se encuentra el pais.-"
352-HCD-2019,2019,unidad ciudadana,comunicacion,s/ reformar de manera integral del sistema de turnos para los centros de salud municipales.-
354-HCD-2019,2019,partido justicia lista,resolucion,el h.c.d. expresa su mas profunda preocupacion por los incendios que estan devastando el amazonas.-
355-HCD-2019,2019,unidad ciudadana,ordenanza,"creando la delegacion del registro de perros potencialmente peligrosos, de acuerdo a lo establecido en la ley provincial n0 14.107.-"
356-HCD-2019,2019,unidad ciudadana,comunicacion,"s/ arbitrar las medidas necesarias para la reparacion de diversas veredas, que se encuentran dentro de la zona centrica de la ciudad de san isidro,-"
357-HCD-2019,2019,unidad ciudadana,comunicacion,s/ un informe relacionado con casos detectados de mordeduras en los centros de salud de san isidro.-
358-HCD-2019,2019,unidad ciudadana,resolucion,el h.c.d. expresa su preocupacion por el tiempo de espera en las guardias de los centros municipales de salud.-
359-HCD-2019,2019,partido justicialista,comunicacion,s/ al ministerio de transporte de la nacion un informe sobre las obras que se estan llevando a cabo en las estaciones de villa adelina y boulogne.-
360-HCD-2019,2019,partido justicia lista,comunlcacion,s/ al o.e. que se ofrezca corno mediador entre la empresa de servicio publico de transporte de pasajeros por automotor micro omnibus gral. san martin s.a.c.a y el ministerio de transporte de la nacion.-
361-HCD-2019,2019,varios senores concejales,oroenanza,estableciendo la obligatoriedad de la realizacion de debates publicos entre los candidatos a intendente del municipio.-
362-HCD-2019,2019,frente renovador,comunlcacion,"s/ a la empresa agua y saneamientos argentinos (aysa) la instalacion del tendido de red de agua en el pje. dr. raul scalabrini ortiz, de la ciudad de boulogne.-"
363-HCD-2019,2019,unidad ciudadana,resolucion,"el h.c.d. adhiere al 5 de septiembre corno ""dia de la mujer indigena"" en conmemoracion a la lucha y al paso a la inmortalidad de bartolina sisa, guerrera aymara.-"
364-HCD-2019,2019,unidad ciudadana,resolucion,el h.cd. expresa su preocupacion ante los incendios que afectan la region amazonica.-
365-HCD-2019,2019,unidad ciudadana,resolucion,"el h.c.d. expresa su beneplacito por el dia internacional de las victimas de desapariciones forzadas, conmemorado el pasado 30 de agosto.-"
366-HCD-2019,2019,unidad ciudadana,comunicacion,s/ al director ejecutivo de anses informe los motivos de la falta de pago a los beneficiarios de asignaciones familiares y las auh que fueron incorporadas recientemente al sistema cuna.-
367-HCD-2019,2019,unidad ciudadana,resolucion,el h.cd. manifiesta su repudio a los hechos de violencia hacia las personas en situacion de calle.-
369-HCD-2019,2019,unidad ciudadana,ordenanza,"implementando el programa de ""fomento y promocion del ajedrez"" .-"
376-HCD-2019,2019,unidad ciudadana,comunicacion,"s/ la posibilidad de colocar refugios para pasajeros que incluyan asientos en diversas paradas de transporte publico de pasajeros, en la ciudad de martinez,-"
377-HCD-2019,2019,"unidad ciudadana,",comunicacion,"s/ el abastecimiento de implantes anticonceptivos en los centros de salud municipales,."
378-HCD-2019,2019,unidad ciudadana,comunicacion,"s/ informes relacionados con ""emergencia alimentaria"" ,-"
379-HCD-2019,2019,convocacion por san isidro,comunicacion,"s/ incorporar en el plan de pavimentacion y bacheo a la calle la ribera, entre las calles almafuerte y vicente lopez, de la ciudad de san isidro.-"
381-HCD-2019,2019,partido justiciallsta,comunicacion,"s/ la senalizacion y permiso para estacionar a los trabajadores de la empresa de transporte publico de pasajeros ers sus coches en la vereda sita en la calle guayaquil, de este partido.-,"
384-HCD-2019,2019,partido justicialista,resolucion,"proyecto de resolucion.- el h.cd. expresa su adhesion al ""dia de los derechos de los estudiantes secundarios"""
386-HCD-2019,2019,unidad ciudadana,comunicacion,"el h.c.d. manifiesta preocupacion por la creciente violencia y } hechos de inseguridad en el barrio ""la cava"" y otras zonas del distrito.-"
387-HCD-2019,2019,unidad ciudadana,comunicacion,s/ al cuerpo activo del destacamento de bomberos voluntarios de san isidro un informe relacionado con el incendio ocurrido el dia 08 de septiembre del corriente ano.-
388-HCD-2019,2019,unidad ciudadana,ordenanza,adhiriendo a la ley n° 25.689.-
389-HCD-2019,2019,unidad ciudadana,comunicacion,"s/la instalacion de gas en el centro de formacion 403, sito en la calle formosa 1050, del distrito de san isidro.-"
390-HCD-2019,2019,unidad ciudadana,resolucion,"el h.c.d. felicita a anapaola suri por la medalla de oro obtenida en la categoria sub 16 en la disciplina ajedrez, en el festival panamericano de la juventud en guayaquil.- }"
391-HCD-2019,2019,unidad ciudadana,ordenanza,encomendando la senalizacion de la chacra de don avelino rolon.-
392-HCD-2019,2019,unidad ciudadana,comunicacion,s/ a las h. camaras de diputados y senadores de la pcia. de bs. as. el tratamiento y aprobacion del proyecto de ley de ejercicio profesional y del colegio profesional de terapia ocupacional de la pcia. de bs. as.-
393-HCD-2019,2019,unidad ciudadana,comunicacion,"s/ informes relacionado con el tanque de agua ubicado en la calle rastreador fournier 2146, de la ciudad de villa adelina.-"
394-HCD-2019,2019,unidad ciudadana,comunicacion,s/ informes relacionado con el campo de deportes municipal n° 2.-
395-HCD-2019,2019,unidad ciudadana,resolucion,"el h.c.d. declara su beneplacito por la media sancion de prorroga de la ""emergencia alimentaria nacional.-"
396-HCD-2019,2019,unidad ciudadana,ordenanza,s/ la creacion del servicio municipal de interpretes lsa.-
401-HCD-2019,2019,pro san isidro - cambiemos,comunicacion,s/ la realizacion de un censo de poblacion celiaca dentro del distrito.-
402-HCD-2019,2019,pro san isidro - cambiemos,decreto,"el h.c.d declara de interes la ""septima jornada nacional de asesoramiento gratuito"", realizada por el colegio de escribanos de la pcia. de buenos aires.-"
403-HCD-2019,2019,pro san isidro - cambiemos,comunicacion,"s/ la instalacion de camaras de seguridad en la calle corrientes esquina lima, de la ciudad de martinez.-"
407-HCD-2019,2019,unidad ciudadana,resolucion,"el. h.c.d. expresa su beneplacito al conmemorarse el 24 aniversario del ""dia nacional de la conciencia ambiental"".-"
408-HCD-2019,2019,unidad ciudadana,comunicacion,"s/ informes relacionados con el programa ""justo vos"".-"
409-HCD-2019,2019,unidad ciudadana,ordenanza,"creando el comite de crisis barrio ""la cava"".-"
410-HCD-2019,2019,unidad ciudadana,comunicacion,"s/ releva miento e inspeccion de arboles ubicados en la calle patagonia, entre las calles carlos tejedor y aguado, de la ciudad de boulogne.-"
414-HCD-2019,2019,unidad ciudadana,comunicacion,"s/ la instalacion de reductores de velocidad en la calle carlos tejedor, entre las calles uruguay y camino real moron, del barrio jardin"
415-HCD-2019,2019,unidad ciudadana,comunicacion,s/ un informe relacionado con la universidad nacional scalabrini ortiz.-
416-HCD-2019,2019,varios senores concejales,decreto,citando a diversos funcionarios del d.e. _
417-HCD-2019,2019,unidad ciudadana,ordenanza,"autorlzando la desafectacion de calles ubicadas en los alrededores del bahio "" bajo san isidro"".-"
427-HCD-2019,2019,pro san isidro - cambiemos,resolucion,"el eco. felicita a delfina pignatiello, santiago lange, belen succi, facundo olezza, bautista saubidet y santiago alvarez fourcade, por la clasificacion a los juegos olimpicos de tokio 2020.-."
428-HCD-2019,2019,unidad ciudadana,comunicacion,"s/ la construccion de una darsena frente al banco piano, sito en la calle antonio saenz n° 2170, de la ciudad de boulogne.-"
430-HCD-2019,2019,unidad ciudadana,comunicacion,"s/ informacion referente a la restauracion de la plaza mitre, de la ciudad de san isidro.-"
431-HCD-2019,2019,unidad ciudadana,comunicacion,s/ informes referentes a los museos que se encuentran dentro del distrito.-
432-HCD-2019,2019,unidad ciudadana,resolucion,el h.c.d. expresa su beneplacito ante la realizacion del 34q encuentro nacional de mujeres.-
433-HCD-2019,2019,unidad ciudadana,resolucion,"el h.c.d. expresa su beneplacito al ""dia internacional de las personas de edad"".-"
434-HCD-2019,2019,unidad ciudadana,resolucion,el h.c.d. expresa su repudio a la decision publicada mediante la resolucion nq392/19 en el boletin oficial.-
435-HCD-2019,2019,unidad ciudadana,resolucion,el h.c.d. expresa su beneplacito al cumplirse el 124 aniversario del nacimiento de juan domingo peron.-
436-HCD-2019,2019,unidad ciudadana,resolucion,"el h.c.d. expresa su beneplacito al ""dia internacional de la no violencia"" .-"
437-HCD-2019,2019,unidad ciudadana,ordenanza,"modificando en todo su recorrido el actual nombre de la calle sarratea por el nombre de ""presidente nestor carlos kirchner"".-"
438-HCD-2019,2019,unidad ciudadana,comunicacion,s/ informes relacionados con promotores de la salud del distrito.-
439-HCD-2019,2019,unidad ciudadana,comunicacion,"s/ incluir en el equipo terapeutico del hospital de dia del distrito, terapias ocupacionales.-"
440-HCD-2019,2019,unidad ciudadana,resolucion,"adherir y solicitar el pronto tratamiento del proyecto de ley de creacion del programa de ""precios cuidados de medicamentos para las personas mayores"".-"
441-HCD-2019,2019,unidad ciudadana,resolucion,"el h.c.d. declara su beneplacito por el proyecto de ley del plan de cuidadores y cuidadoras domiciliarios, ingresado en la honorable camara de diputados de la nacion.-"
442-HCD-2019,2019,unidad ciudadana,resolucion,"el h.c.d. expresa su beneplacito al conmemorarse el ""dia mundial de la salud mental"".-"
443-HCD-2019,2019,unidad ciudadana,ordenanza,adhiriendo al municipio de san isidro a la declaracion de emergencia alimentaria.-
444-HCD-2019,2019,unidad ciudadana,resolucion,"el h.c.d. expresa su beneplacito al ""dia del profesor de educacion fisica"".-"
445-HCD-2019,2019,unidad ciudadana,resolucion,"el h.c.d. expresa su beneplacito al ""dia de la lealtad peronista"".-"
446-HCD-2019,2019,unidad ciudadana,comunicacion,"s/ al consejo escolar la realizacion de obras de infraestructura en la escuela media n° 4 ""fray luis beltran"", de este partido.-"
447-HCD-2019,2019,unidad ciudadana,comunicacion,s/ informes relacionados con seguridad vial dentro del distrito.-
448-HCD-2019,2019,unidad ciudadana,comunicacion,"s/ informes relacionados con el predio costero conocido como ""la olla"".-"
449-HCD-2019,2019,unidad ciudadana,comunicacion,s/ informes relacionados con el centro de diferenciacion ubicado en la ciudad de villa adelina.-
450-HCD-2019,2019,unidad ciudadana,comunicacion,"s/ la instalacion de camaras de seguridad en la interseccion de las calles intendente neyer y maestro santana, de la ciudad de beccar.-"
451-HCD-2019,2019,unidad ciudadana,ordenanza,"creando la ""diplomatura en promocion territorial de salud"".-"
452-HCD-2019,2019,convoca clan por san isidro,comunicacion,"s/ la instalacion de camaras de seguridad en la avda. de mayo, en su interseccion con las calles la rioja y soldado de malvinas, de la ciudad de villa adelina.-"
455-HCD-2019,2019,convocacion por san isidro,comunicacion,s/ informes relacionados con hechos delictivos sufridos por comerciantes de la ciudad de martinez.-
456-HCD-2019,2019,frente renov ador,ordenanza,"fijando la circulacion de transito vehicular en la zona delimitada por las calles roca, rivadavia, uruguay y la av. del libertador, de la ciudad de beccar.-"
457-HCD-2019,2019,unidad ciudadana,comunicacion,"s/ la instalacion de una rampa de accesibilidad y reparacion de la vereda sita en la calle rosario, a la altura del n° 1772, de la ciudad de boulogne.-"
458-HCD-2019,2019,pro san isidro - cambiemos,comunicacion,"s/ la creacion de una ""mesa conjunta para la creacion de una agenda deportiva local"".-"
459-HCD-2019,2019,unidad ciudadana,comunicacion,s/ informes relacionados con el alquiler de monopatines electricos.-
460-HCD-2019,2019,unidad ciudadana,resolucion,el rcd. expresa su repudio a la situacion de acosos y posterior despido de una trabajadora municipal del servicio de barrido.-
461-HCD-2019,2019,unidad ciudadana,comunicacion,s/ informes relacionados con la ley nacional n° 26.473.-
462-HCD-2019,2019,unidad ciudadana,resolucion,el h.c.d. manifiesta su preocupacion por faltante de hormonas en el sistema publico de salud.-
463-HCD-2019,2019,unidad ciudadana,resolucion,"el h.c.d. adhiere al ""dia nacional de los/as afroargentinos/as y de la cultura afro"".-"
464-HCD-2019,2019,pro san isidro - cambiemos,comunicacion,"s/ la reparacion del pavimento en la av. blanco encalada, desde la av. sucre hasta la calle darragueira, de la ciudad de boulogne.-"
465-HCD-2019,2019,partido justicialista,ordenanza,"creando la ""tarjeta turismo 51"".-"
466-HCD-2019,2019,partido justicialist a,ordenanza,"facultando al d.e. para gestionar y adquirir la propiedad ubicada en la calle virrey vertiz n° 1051 de la ciudad de villa adelina, para ser declarada de ""interes historico cultural municipal"".-"
467-HCD-2019,2019,partido justicialista,comunicacion,"s/ la instalacion para refugios para pasajeros en la calle nuestras malvinas, desde el 600 al 1100, de la ciudad de boulogne.-"
468-HCD-2019,2019,unidad ciudadana,ordenanza,"modificando la denominacion de la plazoleta ""jose obregoso"" paria de ""juana azurduy"".-"
469-HCD-2019,2019,unidad ciudadana,comunicacion,s/ declarar de interes municipal el primer encuentro distrital de deporte alternativo.-
470-HCD-2019,2019,unidad ciudadana,comunicacion,s/ informes relacionados con la actividad del servicio de cuidadores/as domiciliarios y polivalentes.-
471-HCD-2019,2019,unidad ciudadana,resolucion,"el h.c.d expresa su be~eplacito al celebrarse el ""dia nacional del derecho a la identidad"".-"
472-HCD-2019,2019,unidad ciudadana,comunicacion,"s/ considerar el pedido de proteccion y preservacion como parque publico del predio conocido como ex obras sanitarias de la nacion, de la ciudad de beccar.-"
473-HCD-2019,2019,unidad ciudadana,resolucion,"el h.c.d expresa su beneplacito al conmemorarse el aniversario del ""dia de la cooperacion escolar"".-"
474-HCD-2019,2019,unidad ciudadana,comunicacion,s/ arbitrar los medios necesarios para que los/as vecinos/as del partido san isidro puedan contratar el servicio de internet de acuerdo a sus necesidades.-
475-HCD-2019,2019,unidad ciudadana,ordenanza,"estableciendo como ""dia municipal de los/as afroargentinos/as y de la cultura afro"".-"
476-HCD-2019,2019,convocacion por san isidro,comunicacion,s/ la pronta solucion al reclamo n° 6325.-
477-HCD-2019,2019,convocacion por san isidro,comunicacion,s/ la construccion de una bajada nautica municipal en la calle del barco centenera y su interseccion con la ribera municipal.-
508-HCD-2019,2019,convocacion por san isidro,comunicacion,"s/ reanudar con celeridad las obras de repavimentacion de la calle pedro de mendoza entre las calles espana y primera junta, en el bajo de san isidro.-"
511-HCD-2019,2019,unidad ciudadana,comunicacion,"s/ un informe relacionado con la situacion del hogar querubines asociacion casa del sol, de la ciudad de san isidro.-"
512-HCD-2019,2019,unidad ciudadana,resolucion,"el h,c.d. expresa su beneplacito a la quinta marcha pacifica al lago escondido.-"
513-HCD-2019,2019,unidad ciudadana,ordenanza,"implementandose el ""mes del sindrome de williams"" en el ambito del distrito de san isidro,-"
514-HCD-2019,2019,unidad ciudadana,resolucion,el h.c.d. manifiesta su repudio ante el golpe de estado a la republica plurinacional de bolivia.-
515-HCD-2019,2019,unidad ciudadana,resolucion,"el h,c.d. expresa su repudio a los hechos de violencia ocurridos el 05 de noviembre en el jardin n° 907 de san isidro.-"
516-HCD-2019,2019,unidad ciudadana,comunicacion,s/ las medidas necesarias para garantizar un movil en la puerta del jardin n° 907 de san isidro.-
517-HCD-2019,2019,unidad ciudadana,resolucion,el h.c.d. expresa su energico repudio a situaciones de violencia que se dan en el contexto de trabajo.-
522-HCD-2019,2019,unidad ciudadana,resolucion,"el acd. expresa su beneplacito al conmemorase el 14 de noviembre corno ""dia internacional de la diabetes"".-"
523-HCD-2019,2019,varios senores concejales,comunicacion,"s/ declarar de interes municipal el ""registro nacional de barrios populares en proceso de integracion urbana"".-"
524-HCD-2019,2019,pro san isidro - cambiemos,comunicacion,el h.c.d. felicita a los jovenes federados del equipo de natacion de la municipalidad de san isidro y a sus entrenadores por su desempeno y logros obtenidos en el campeonato provincial de natacion.-
525-HCD-2019,2019,pro san isidro - cambiemos,resolucion,el h.cd. exhorta a las autoridades y organismos nacionales e internacionales y paises linderos del mercosur para que agoten todas las instancias de negociacion para prevenir un recrudecimiento de acciones antidemocraticas.-
526-HCD-2019,2019,convocacion por san isidro,comunicacion,s/ realizar diversas obras de repavirnentacion en la ciudad de boulogne.-
537-HCD-2019,2019,unidad ciudadana,resolucion,"el h.c.d. declara de interes cultural y municipal el espectaculo ""de fuego y arena"".-"
540-HCD-2019,2019,unidad ciudadana,resolucion,el h.c.d. de san isidro expresa su beneplacito al vi congreso nacional de salud que se realizara el 21 de diciembre de 2019.-
15-HCD-2020,2020,frente. de todos,ordenanza,"creando la ""mesa municipal contra el hambre en san isidro"".-"
17-HCD-2020,2020,unidad ciudadana,comunicacion,s/ un informe relacionado a los gastos realizados en el ano 2019 en el ambito educativo.-
278-HCD-2020,2020,frente de todos,resoluoon,el r.c.d. expresa su repudio por la actitud de sectores de la oposicion en el congreso de la nacion.-
286-HCD-2020,2020,frente de todos,comunicacion,"si informes relacionados a la aplicacion del protocolo de seguridad ante concentraciones de vecinos y vecinas, en el distrito.-"
287-HCD-2020,2020,frente de todos,comunicacion,si realizar las acciones que correspondan para firmar el convenio de adhesion al programa comunidades sin violencia. fortalecimiento de la gestion municipal contra la violencia de genero.-
289-HCD-2020,2020,frente de todos,comunlcacion,"si informes relacionados al cupo laboral de personas travestis, transexuales y transgenero.-"
300-HCD-2020,2020,frente de todos,comunicacion,"si suscribir con el ministerio de la mujeres, genero y diversidad convenios para constituirse como unidades de ingreso y acompanamiento del programa"" acompanar"".-"
302-HCD-2020,2020,frente de todos -lc,resolucion,el h.c.d expresa su repudio y preocupacion ante la manifestacion de algunos efectivos de la policia de la pcia. de buenos aires .-
304-HCD-2020,2020,frente de todos- lc,comunicacion,s/ se lleven a cabo diversas medidas para fomentar la actividad gastronomica en el distrito.-
305-HCD-2020,2020,frente de todos- lc,comunicacion,"si informe referente a la situacion en que se encuentra el paseo publico costero, ubicado en la calle pacheco y el rio, de la ciudad de martinez.-"
306-HCD-2020,2020,frente de todos,ordenanza,creando la mesa local multisectorial para la erradicacion del trabajo infantil.-
354-HCD-2020,2020,frente de todos-lc,comunicacion,"si un informe referente al contrato, acuerdo o convenio firmado con la empresa nipear.com.-"
355-HCD-2020,2020,frente de todos-lc,ordenanza,creando el hospital veterinario publico y gratuito en el municipio de san isidro.-
358-HCD-2020,2020,frente de todos- lc,resolucion,"el h.cd. expresa su reconocimiento a la vecina marilina gimenez, por la labor realizada al llevar adelante la direccion del documental ""una banda de chicas"".-"
359-HCD-2020,2020,frente de todos- lc,comunicacion,si informes relacionados con el arroyo pavon y gauto.-
360-HCD-2020,2020,frente de todos- lc,resolucion,el h.cd. solicita la adhesion a la ley provincial nº 15.192.-
362-HCD-2020,2020,union civica radical,resolucion,el hc.d. resuelve colocar en las instalaciones de su edificio un retrato del dr. raul ricardo alfonsin.-
363-HCD-2020,2020,frente de todos,resolucion,"el hc.d. expresa su beneplacito por la medida adoptada por el gobierno de la provincia de buenos aires, consistente en la creacion del ""fondo especial municipal para la reactivacion cultural y artistica"".-"
364-HCD-2020,2020,frente de todos,comunicacion,"si informes relacionados con urbaniz<1ciones en el partido de si1l1 isiel 1""0.- kct~n'nllli~ 19 - explc. nu 36s-hcd-2020.- bloque frente renov ador- frente de todos.-. proyecto de ordenanza- creando el consejo economico, social y "
370-HCD-2020,2020,frente de todos-lc,resolucion,el h.c.d. expresa su beneplacito al cumplirse 40 anos del otorgamiento del premio nobel de la paz al sr. adolfo perez esquivel.-
376-HCD-2020,2020,convocacion por san isidro,comunicacion,"si realizar un relevamiento de las luminarias comprendidas por el triangulo que forman la av. de mayo y las calle paran a y jose maria moreno, de la ciudad de villa l\delina.-"
383-HCD-2020,2020,frente de todos- lc,comunicacion,"s/ informes relacionados con la recoleccion de residuos en las inmediaciones del arroyo pavon y gauto, de este partido.-"
385-HCD-2020,2020,frente de todos-lc,resolucion,"el h.c.d. expresa su beneplacito a la campana ""10 dias, 10 . discursos, 10 anos"", para recordar al:ex presidente nestor kirchner.-"
386-HCD-2020,2020,frente de todos-lc,resolucion,el h.c.d. expresa su beneplacito al estado plurinacional de bolivia por el acto eleccionario del d:la08 de octubre del 2020.-
387-HCD-2020,2020,frente de todos-lc,resolucion,el h.c.d. repudia el hostigamiento sistematico hacia la figura de la vicepresidente de la argentina.-
388-HCD-2020,2020,frente. de todos-lc,comunicacion,"s/ un informe relacionado con trabajos de obra publica con fondos de los estados nacionales, provinciales y municipales.-"
389-HCD-2020,2020,frente de todos,resolucion,el h.c.d. expresa su beneplacito al programa acomp anar.-
390-HCD-2020,2020,frente de todos,resolucion,el h.c.d. expresa sil sentido homenaje al ex presidente nestor carlos kirchner.-
391-HCD-2020,2020,frente de todos,ordenanza,"imponiendo el nombre del presidente nestor kirchner al paso bajo nivel ubicado en la av. centenario, entre los distritos de san isidro y san fernando.-"
392-HCD-2020,2020,frente de todos,ordenanza,"imponiendo el nombre av. presidente nestor kirchner a la calle bernardo de irigoyen en el tramo comprendido desde la av. cno. real moron san fernando y la autopista panamericana, de este partido.-"
395-HCD-2020,2020,frente de todos,ordenanza,implementando en el arroyo pavon un sector de amarre de uso publico para embarcaciones pequenas.-
396-HCD-2020,2020,frente de todos,ordenanza,habilitando el uso de las aguas del rio de forma recreativa y realizar todo deporte acuatico que no utilice veruculos motorizados.-
397-HCD-2020,2020,frente de todos,ordenanza,"creando el ""programa estudiantes contra la violencia de genero"".-"
398-HCD-2020,2020,frente de todos,ordenanza,"imponiendo el nombre ""presidente dr. nestor carlos kirchner"", al jardin de infantes n"" 6, de la ciudad de beccar.-"
412-HCD-2020,2020,frente de todos-lc,comunicacion,"si la instalacion de reductores de velocidad en la calle junin, entre las calles cazon y segurola, ele la ciudad de boulogne.-"
416-HCD-2020,2020,frente de todos,ordenanza,adhiriendo al programa gobernanza ambiental.-
417-HCD-2020,2020,frente de todos,resolucion,"declarando de interes educativo al ""plan fines"".-"
418-HCD-2020,2020,frente de todos- le,ordenanza,"creando el ""programa de folklore adaptado"".-"
421-HCD-2020,2020,frente de todos,ordenanza,"creando el programa ""yo mama"".-"
422-HCD-2020,2020,frente de todos,ordenanza,creando la institucion defensoria de la persona mayor.-
426-HCD-2020,2020,convocacion por san sidro,comunlcacion,s/ la instalacion de camaras de seguridad en diversas calles del partido.-
430-HCD-2020,2020,frente de todos,resolucion,el honorable concejo deliberante expresa su beneplacito frente al decreto nº 833/2020 que reglamenta la ley nº 27.350.-
432-HCD-2020,2020,frente de todos,ordenanza,autorizando al departamento ejecutivo a realizar un llamado a licitacion de aparatos desfibriladores externos automaticos.-
437-HCD-2020,2020,frente de todos,comunlcacion,"el honorable concejo deliberante expresa su hondo pesar por la partida de nair amuedo, madre de plaza de mayo- linea fundadora.-"
438-HCD-2020,2020,frente de todos- le,resolucion,el honorable concejo deliberante expresa su beneplacito a la reglamentacion de la ley nq27.350.-
440-HCD-2020,2020,frente de todos- le,comunicacion,si informes relacionados con el servicio de wifi en los barrios vulnerables del distrito.-
441-HCD-2020,2020,frente de todos- lc,ordenanza,"modificando en todo su recorrido el nombre del pasaje 1, de la ciudad de beccar.-"
58-HCD-2021,2021,frente de todos-lc,comunicacion,"s/ establecer en las pantallas luminosas del municipio, la exhibicion de textos e imagenes en conmemoracion al ""dia de la memoria""; durante la jornada del 24 de marzo del corriente ano.-"
61-HCD-2021,2021,frente de todos,comunicacion,"el hc.d. manifiesta su beneplacito por el programa i provincial"" a 45 anos del golpe plantamos memoria con raices bonaerenses"".-"
62-HCD-2021,2021,frente de todos,comunicacion,s/ informe sobre los centros familiares de aprendizaje.-
63-HCD-2021,2021,frente de todos,ordenanza,regularizando el reparto a domicilio de sustancias alimenticias'y mensajeria.-
65-HCD-2021,2021,frente de todos-lc,resolucion,"el h.c.d. veria con agrado que el departamento ejecutivo dec1ar,e de interes municipal la campana "",a 45 anos del golpe genocida, plantamo:s memoria"".-"
66-HCD-2021,2021,frente de todos-lc,resolucion,"el h.cd. felicita a la medica cirujana, concejal y vecina de la ciudad de boulogne susana guidi rojo, por su incesante labor ante la pandemul covid-19.-"
69-HCD-2021,2021,convocacion por san isidro,comunicacion,s/informe sobre la instalacion de una antena en el predio del club atletico san isidro.-
70-HCD-2021,2021,convocacion por san isidro,comunicacion,s/ reabrir la casa de la cultura que se encuentra en la localidad de acassuso.-
85-HCD-2021,2021,frente de todos-lc,odenanza,"declarando la feria artesanal de san isidro como ""patrimonio cultural de san isidro"" ,-"
86-HCD-2021,2021,frente de todos-lc,odenanza,"eximiendo de la tasa de alumbrado, barrido, limpieza y servicios generales al colectivo de personas trasplantadas del distrito,-"
87-HCD-2021,2021,frente de todos-lc,resolucion,el h.cd. manifiesta su repudio ante los hechos ocurridos e127 de febrero de 2021 en la plaza de mayo.-
94-HCD-2021,2021,frente de todos-le,resolucion,el h.e.d. manifiesta su repudio por el hecho vandalico que sufrio una placa que homa la memoria de los desaparecidos en nuestro distrito.-
97-HCD-2021,2021,frente de todos-le,resolucion,"el h.cd. expresa su repudio a los hechos ocurridos el dia 18 de marzo del corriente ano, en la escuela primaria nº 5, de la ciudad de beccar.-"
98-HCD-2021,2021,frente de todos-le,comunicacion,"s/ informes relacionados con los hechos ocurridos el dia 18 de marzo del corriente ano en la escuela primaria n° 5, de la ciudad de beccar.-"
99-HCD-2021,2021,frente de todos-le,comunicacion,"s/ la reparacion de la vereda sita en la calle alsina, entre las calles haedo y gral. paz, de la ciudad de san isidro.-"
108-HCD-2021,2021,frente de todos-lc,comunicacion,"s/ informes relacionados a la prohibicion y/o circulacion de personas con carros para la recoleccion de residuos solidos,-"
110-HCD-2021,2021,frente de todos,comunicacion,s/ un informe relacionado con el programa de capacitacion de promotoras y promotores territoriales en genero.-
113-HCD-2021,2021,frente de todos-lc,resolucion,el h.cd. expresa su energico repudio y preocupacion ante la agresion sufrida por el presidente de la nacion alberto fernandez en la pcia. de chubut.-
114-HCD-2021,2021,frente de todos,resolucion,"el h.cd. repudia las declaraciones del sr. intendente de san isidro en el programa ""buenos dias america"".-"
115-HCD-2021,2021,frente de todos,ordenanza,"creando en el umbito del municipio de san isidro la ""escuela municipal de manejo"".-"
129-HCD-2021,2021,frente de todos- lc,comunicacion,"s/ realizar un estudio de factibilidad para la instalacion de un semaforo con tiempo para peatones en la interseccion de la av. bernardo ader y la calle gorriti, de la ciudad de boulogne.-"
133-HCD-2021,2021,frente de todos,ordenanza,"imponiendo ""malvinas argentinas"" como nombre oficial a la plaza que se encuentra ubicada en la calle neuquen, entre el pasaje granaderos y la calle gobernador udaondo, de la ciudad de beccar.-"
134-HCD-2021,2021,frente de todos,comunicacion,s/ un informe referente a los monopatines electricos de la empresa grin.-
135-HCD-2021,2021,frente de todos,comunicacion,s/ al d.e. dar respuesta a lo solicitado en la comunicacion n° 40/2020.-
136-HCD-2021,2021,frente de todos,comunicacion,s/ al d.e. dar respuesta a lo solicitado en la comunicacion nº 57/2020.-
145-HCD-2021,2021,frente de todos,comunicacion,si dar pronta solucion al reclamo nº 888566.-
147-HCD-2021,2021,frente de todos,decreto,protocolo de funcionamiento durante la pandemia covid-19.-
148-HCD-2021,2021,frente de todos,comunicacion,si el libre <2stacionamiento en zonas donde rige el estacionamiento medido por parquimetros.-
151-HCD-2021,2021,convocacion por san isidro,resolucion,el hcd. expresa su reconocimiento a la casa que habito carlos sacheri.-
159-HCD-2021,2021,frente de todos.-l.c,comunicacion,si arbitrar los medios necesarios para la reglamentacion de la practica de kitesurf.-
160-HCD-2021,2021,frente de todos.-l.c,ordenanza,"declarando espacio protegido de interes municipal el predio denominado ""espacio fuera de tiempo"".-"
161-HCD-2021,2021,frente de todos.-l.c,comunicacion,"si informe de por que razon no hay presencia policial en la interseccion de la calle int. tomkinson, desde la av. rolon hasta la calle bergallo, de la ciudad de beccar.-"
162-HCD-2021,2021,"frente de todos,-l.e",comunicacion,si autorizar la celebracion del inti raymi.-
163-HCD-2021,2021,frente de todos.-l.c,ordenanza,"modificando en todo su recorrido el nombre del pasaje 2 por el de eduarlo ""lalo"" barrios.-"
164-HCD-2021,2021,frente de todos.-l.e,comunicacion,si arbitrar las medidas necesarias para garantizar la medicacion de enfermedades oportunistas para pacientes con vih.-
165-HCD-2021,2021,convocacion por san isidro,comunicacion,"si la puesta en valor del espacio publico ubicado en emilio zola nº 2251, entre las calles padre acevedo, gral. guido y ernesto de las carreras, de la ciudad de beccar.-"
166-HCD-2021,2021,frente de todos - lc,resolucion,"el h.cd veria con agrado que el d.e gestione junto a la agencia federal de ingresos publicos (a.f.i.p) y al instituto de la vivienda, los titulos de propiedad para los vecinos y vecinas de los barrios santa rosa y la esperanza, de"
167-HCD-2021,2021,frente de todos - lc,ordenanza,"declarando ""bosque de la memoria"" a la plantacion de treinta arboles nativos en el predio denominado ""ex golf de villa adelina"".-"
169-HCD-2021,2021,frente de todos- lc,comunicacion,"s/ un informe relacionado con lo acontecido en el barrio del puerto del bajo de san isidro, el dia 15 de abril del corriente ano.-"
177-HCD-2021,2021,frente de todos.,ordenanza,estableciendo la ampliacion de los servicios de wifi gratuitos garantizando el acceso al mismo a las comunidades educativas.-
179-HCD-2021,2021,frente de todos.,comunicacion,si un informe relacionado a la transferencia de fondos desde la direccion provincial de coordinacion municipal y programas de desarrollo dependiente de la subsecretaria de coordinacion economica y estadistica de la pcia. de bs. as
180-HCD-2021,2021,frente de todos.,comunicacion,si un informe relacionado con el personal de salud de los hospitales municipales del distrito
183-HCD-2021,2021,frente de todos.,comunicacion,"si la puesta en valor del busto de eva peron, ubicado en la estacion de tren de la ciudad de boulogne.-"
184-HCD-2021,2021,frente de todos.,comunicacion,si informes sobre los centros de aislamiento.-
185-HCD-2021,2021,frente de todos.,resolucion,el h.c.d. expresa su beneplacito por el inicio de juicio politico de los dres. juan facundo gomez ursa y pablo vinas.-
186-HCD-2021,2021,frente de todos.,resolucion,"el h.c.d. expresa su preocupacion por la desaparicion de tehuel de la torre, el pasado 11 de marzo de~2021.-"
198-HCD-2021,2021,frente de todos,comunicacion,"s/ al d~partamento ejecutivo que adhiera al decreto n° i 01/2021, promulgado por el gobierno de la provincia de buenos aires.-"
213-HCD-2021,2021,frente de todos-le,comunicacion,"s/ un informe del bloqueo vehicular en las intersecciones de la colectora acceso oeste y la calle zorzal, y colectora acceso oeste y la calle pablo a. abriata, de es~e partido.-"
214-HCD-2021,2021,frente de todos- le,comunicacion,"s/ que el d.e. declare de interes municipal el programa ""futuro memoria"".-"
215-HCD-2021,2021,frente de todos,resolucion,"declarando de lnteres el ""registro provincial de pequenas unidades productivas de alimentos artesanales (pupaas).-"
226-HCD-2021,2021,frente de todos,comunicacion,el h.cd. expresa su repudio frente al atentado con explosivos ocurrido en una unidad basica del partido de bahia blanca.-
227-HCD-2021,2021,frente de todos,comunicacion,"s/ la reparacion de la vereda de la calle asuncion al 2054, de la ciudad de martinez.-"
228-HCD-2021,2021,frente de todos,comunicacion,"s/ el mejoramiento de la av. amancio alcorta, entre las calles los platanos y luis maria drago, de la ciudad de villa adelina.-"
229-HCD-2021,2021,frente de todos,comunicacion,"el h.c.d. expresa su beneplacito por el anuncio realizado por el presidente de la nacion, publicado en el d.n.u. nº 287/2021.-"
230-HCD-2021,2021,frente de todos,ordenanza,"modificando el sentido de circulacion vehicular de la calle gral guido, entre las avenidas a. rolon y sucre, de este partido.-"
231-HCD-2021,2021,frente de todos,comunicacion,"s/ se refuerce el patrullaje e instalacion de camaras de seguridad en la calle j. diaz, en las calles m. curie y l. onelli, de este partido.-"
232-HCD-2021,2021,frente de todos,comunicacion,s/ la puesta en valor de la plaza ubicada en la calle wilde y las vias del ferrocarril belgrano norte.-
233-HCD-2021,2021,frente de todos,comunicacion,s/ diversos informes relacionados a la ordenanza nº 9025 y la ordenanza gral 38.-
234-HCD-2021,2021,frente de todos,comunicacion,"s/ que los titulares de inmuebles cuyo desarrollo sea • compatible con las figuras de club de campo y/o barrio cerrado, queden debidamente empadronadas.-"
235-HCD-2021,2021,frente de todos,resolucion,el h.c.d. expresa su reconocimiento y homenaje al dr. alfredo rossi por su labor y compromiso.-
236-HCD-2021,2021,frente de todos,ordenanza,"declarando el o.ia 28 de mayo como ""dia de la gestion menstrual"" .-"
237-HCD-2021,2021,frente de todos,resolucion,"el h. c. d. expresa su beneplacito por la creacion del programa de fortalecimiento de acceso a derechos para personas travestis, transexuales y transgenero del ministerio de las mujeres, generos y oiversidad de la nacion.-"
238-HCD-2021,2021,frente de todos,resolucion,"el h. c. d. expresa su beneplacito por la publicacion del ""protocolo para la atencion integral de las personas con derecho a la interrupcion voluntaria del embarazo"".-"
288-HCD-2021,2021,frente de todos,ordenanza,"declarando como sitio de interes historico y/o cultural qel distrito de san isidro, a la pizzeria ""las tercetas"", de la ciudad de martinez.-"
291-HCD-2021,2021,frente de todos,comunicacion,"s/ arbih'ar los medios necesarios para la aplicacion del ""programa nacional de reparacion de derechos y de fortalecimiento de las competencias laborales para las afectadas/os por los delitos de trata y explotacion de personas'~.-"
296-HCD-2021,2021,frente de todos,comunicacion,s/ un informe detallando informacion relacionada a las obras de la plaza mitre de la ciudad de san isidro.-
297-HCD-2021,2021,frente de todos,resolucion,el h.c.d de san isidro expresa su mas energico repudio ante la visita del gobernador de la provincia de jujuy.-
298-HCD-2021,2021,frente de todos,comunicacion,"s/ la poela de los arboles que se encuentran ubicados en.la calle san jose al 900, de la ciudad de beccar.-"
299-HCD-2021,2021,convocacion por san isidro,comunicacion,s/ se proceda a solucionar diversos reclamos relacionados con el cuidado y mantenimiento de arboles.-
300-HCD-2021,2021,convocacion por san isidro,comunicacion,s/ elaborar un programa recreativo de revinculacion social en establecimientos que el municipio disponga.-
301-HCD-2021,2021,frente de todos,resolucion,"el h.cd de:san isidro expresa su beneplacito por la creacion del ""programa nacional de reparacion de derechos y de fortalecimiento de las competencias laborales para las afectadas/os por los delitos de trata y explotacion de perso"
306-HCD-2021,2021,"frente de todos,",ordenanza,"adhiriendo a la ley n° 14,226 la cual creo la comision mixta de salud y seguridad en el empleo publico (comisasep).-"
309-HCD-2021,2021,"frente de todos,",resolucion,"el h.cd.nanifiesta su adhesion a la ley nacional n° 26,877, asi como tambien a la ley frovincial n° 14.581.-"
312-HCD-2021,2021,frente de todos,comunicacion,"s/ b. colocacion de luminarias y/o presencia patrullas municipales para la seguridad de los vecinos que transitan diariamente la . escalera ubicada en el ""m,irador los paraisos"".- •"
324-HCD-2021,2021,convocacion por san isidro,comunicacion,si trabajos de mantenimiento para retomar el funcionamiento completo y normal de la actividad tenistica en el campo de deportes municipal n° 6.-
327-HCD-2021,2021,frente de todos,ordenanaza,"creando la(,:tarios y/o ""espacios amigos de la lactancia materna"" .-"
328-HCD-2021,2021,frente de todos,ordenanaza,ordenando la senalizacion del banco itau como lugar donde tuvo inicio un hecho de violencia instituciona1.-
330-HCD-2021,2021,frente de todos,resolucion,el h.cd de san isidro manifiesta su beneplacito por la reglamentacion de la ley de zonas frias.-
443-HCD-2021,2021,frente de todos,comunicacion,si la colocacion de luminarias en diversas calles de la ciudad de beccar.-
444-HCD-2021,2021,frente de todos,comunicacion,si un informe detallando el funcionamiento del area de salud mental del hospital central de san isidro.-
445-HCD-2021,2021,frente de todos,comunicacion,"si la instalacion de juegos infantiles inclusivos en el boulevard sito en la calle alto peru, entre las calles gervasio posadas e intendente neyer, de la ciudad de beccar.-"
447-HCD-2021,2021,frente de todos,comunicacion,"si el relevarniento, inspeccion y extraccion de arboles ubicados en diversas zonas de la ciudad de beccar.-"
448-HCD-2021,2021,frente de todos,comunicacion,"si la puesta en valor del sumidero ubicado en la interseccion de las calles ge:rvasio posadas y alto peru, de la ciudad de beccar.-"
449-HCD-2021,2021,frente de todos,comunicacion,"si realizar una campana de concientizacion sobre la importancia socioeconornica y ambiental del uso de los trenes, con el objetivo de impulsar su uso.-"
450-HCD-2021,2021,frente de todos,comunicacion,"si la instalacion de un semaforo, con tiempo para peatones, en la interseccion de las calles virrey vertiz y ribera, de este partido.-"
451-HCD-2021,2021,frente de todos,comunicacion,"si el arreglo de la cinta asfaltica en la calle riobamba, entre las calles alto peru y esnaola, de la ciudad de beccar.-"
452-HCD-2021,2021,frente de todos,comunicacion,si un informe relacionado a personas privadas de su libertad trasladadas por el servicio penitenciario al hospital central de san isidro.-
455-HCD-2021,2021,frente de todos,comunicacion,"si tornar las medidas necesarias para mejorar la infraestructura general del barrio uruguay, de este partido.-"
