expediente,anio,bloque,tipo_proyecto,tema
98-HCD-2024,2024,la libertad avanza san isidro,comunicacion,"s/ la instalacion de un semaforo con tiempo diferenciado en la interseccion de las calles thames y gral. lamadrid, de este partido.-"
99-HCD-2024,2024,varios senores concejales,comunicacion,"s/ la reparacion de la luminaria ubicada en la interseccion de las calles neuquen y o´ higgins, de la ciudad de san isidro.-"
101-HCD-2024,2024,varios senores concejales,ordenanza,instalando una escultura con la imagen de carlos fuentealba en la plaza maestro santana en la rotonda de acassuso.-
102-HCD-2024,2024,varios senores concejales,resolucion,"el h.c.d. expresa su repudio por la eliminacion de la celebracion del ""20 de noviembre - dia de la soberania nacional"".-"
103-HCD-2024,2024,varios senores concejales,resolucion,"el h.c.d. manifiesta su preocupacion ante las aseveraciones del sr. presidente de la nacion y el diputado nacional jose luis espert, por la convocacion a un acto de ""rebelion fiscal"" en la provincia de bs. as.-"
104-HCD-2024,2024,varios senores concejales,resolucion,el h.c.d. repudia los despidos de los trabajadores de las unidades de atencion integral (udai) de boulogne y san isidro.-
105-HCD-2024,2024,union por la patria,resolucion,"el h.c.d. expresa su repudio al cierre del instituto nacional de la agricultura familiar, campesina e indigena y al consejo nacional de agricultura familiar.-"
106-HCD-2024,2024,union por la patria,comunicacion,el h.c.d. manifiesta su preocupacion por el recorte en el presupuesto destinado al plan nacional de prevencion del embarazo no intencional (enia).-
107-HCD-2024,2024,union por la patria,comunicacion,s/ evaluar la implementacion de talleres extraprogramaticos en las escuelas del municipio.-
108-HCD-2024,2024,union por la patria,resolucion,el h.c.d. expresa su repudio al cierre de la agencia nacional de discapacidad (andis).-
109-HCD-2024,2024,varios senores concejales,comunicacion,"s/ garantizar el cumplimiento de la comunicacion sancionada en relacion a la plaza ""12 de octubre"" de la ciudad de beccar.-"
110-HCD-2024,2024,union por la patria,comunicacion,s/ un relevamiento de la situacion y la campana de desratizacion y control de plagas en el distrito.-
111-HCD-2024,2024,varios senores concejales,comunicacion,s/ un informe relacionado al servicio de agua potable en el barrio la cava.-
112-HCD-2024,2024,la libertad avanza,comunicacion,"s/ se realicen los trabajos de bacheo correspondientes en la calle bolivar entre elortondo y lasalle, de la ciudad de beccar.-"
113-HCD-2024,2024,la libertad avanza,ordenanza,creando el programa de asistencia al deporte infantil.-
114-HCD-2024,2024,la libertad avanza,ordenanza,creando el centro municipal de rehabilitacion y estimulacion para el vecino con discapacidad.-
115-HCD-2024,2024,la libertad avanza,comunicacion,s/ un informe relacionado con el sistema de camaras de monitoreo.-
116-HCD-2024,2024,la libertad avanza,comunicacion,s/ un informe relacionado con la secretaria de seguridad del municipio.-
117-HCD-2024,2024,la libertad avanza,comunicacion,"s/ la reparacion de luminarias en la calle bomberos voluntarios entre lamadrid y gorriti, de la ciudad de boulogne.-"
118-HCD-2024,2024,la libertad avanza,comunicacion,"s/ la clausura de demolicion en el terreno situado en la calle elcano 1850, de la ciudad de martinez.-"
119-HCD-2024,2024,la libertad avanza,comunicacion,"s/ la reparacion de luminarias en las calles bolivar y lasalle, entre la av. centenario y ayacucho, de la ciudad de beccar.-.-"
120-HCD-2024,2024,varios senores concejales,ordenanza,"conformando una mesa de trabajo con el objetivo de debatir sobre la aplicacion de los fondos recibidos para refaccionar, acondicionar y construir nuevas escuelas.-"
121-HCD-2024,2024,varios senores concejales,resolucion,el h.c.d. expresa su preocupacion por la situacion presupuestaria que atraviesan las universidades nacionales.-
122-HCD-2024,2024,union por la patria,resolucion,el h.c.d. manifiesta su repudio y preocupacion por el desfinanciamiento del sistema de salud nacional.-
123-HCD-2024,2024,varios senores concejales,ordenanza,"incorporando al sistema integral de movilidad sustentable, estacionamientos de bicicletas, en todo el territorio del municipio.-"
124-HCD-2024,2024,union por la patria,ordenanza,"preservando, conservando y recuperando, incrementando y mejorando el arbolado del distrito.-"
125-HCD-2024,2024,varios senores concejales,ordenanza,"incorporando al sistema integral de movilidad sustentable, la colocacion de totems de inflado y reparacion de bicicletas en puntos estrategicos del municipio.-"
126-HCD-2024,2024,varios senores concejales,comunicacion,s/ un informe sobre el funcionamiento del area de salud mental del hospital central de san isidro.-
129-HCD-2024,2024,la libertad avanza lffire,comunicacion,si informar el estado del tramite correspondiente al n° 4535/2023.-
130-HCD-2024,2024,varios senores concejales,comunicacion,"si la implementacion de medidas de seguridad vial en la interseccion de la calle jorge newbery, entre las calles tomkinson e intendente neyer, del barrio ""la cava"", de este partido.-"
131-HCD-2024,2024,varios senores concejales,comunicacion,"si el mantenimiento y saneamiento de las cloacas ubicadas en los pasillos del barrio uruguay, de la ciudad de beccar.-"
132-HCD-2024,2024,varios senores concejales,comunicacion,si implementar un protocolo de fumigacion en las instalaciones de los clubes de barrios y campos deportivos del distrito.-
133-HCD-2024,2024,varios senores concejales,comunicacion,"si realizar tareas de fumigacion, descacharreo y desmalezamiento intradomiciliario en todo el municipio.-"
134-HCD-2024,2024,varios senores concejales,ordenanza,creando el registro unico de mascotas extraviadas del municipio de san isidro.-
135-HCD-2024,2024,varios senores concejales,ordenanza,estableciendo la normativa aplicable en el partido de san isidro a la registracion de la propiedad de perros.-
137-HCD-2024,2024,union por la patria,comunicacion,si informes referentes al desfinanciamiento del plan enia por parte del gobierno nacional.-
138-HCD-2024,2024,union por la patria,comunicacion,si la posibilidad de actualizar el sitio web de san isidro.-
139-HCD-2024,2024,union por la patria,comunicacion,"si garantizar la instalacion de luminarias en la interseccion de las calles blandengues y cno. real moron, de la ciudad de boulogne.-"
140-HCD-2024,2024,union por la patria,ordenanza,creando el observatorio de la seguridad publica en el municipio de san isidro.-
142-HCD-2024,2024,varios senores concejales,comunicacion,si un pedido de informe referente a comedores y merenderos del municipio de san isidro.-
146-HCD-2024,2024,varios senores concejales,resolucion,"el h.c.d. expresa su preocupacion por los dichos del portavoz presidencial, sobre el proyecto que enviara el poder ejecutivo con reformas de la ley de educacion nacional.-"
147-HCD-2024,2024,varios senores concejales,resolucion,el h.c.d. expresa eu preocupacion por los dichos del diputado nacional alberto benegas lynch.-
148-HCD-2024,2024,varios senores concejales,comunicacion,"si un informe relacionado con la obra de pavimentacion de la calle int. neyer, entre la calle alvarado y la av. rolon, de la ciudad de beccar.-"
149-HCD-2024,2024,union por la patria,ordenanza,adhiriendo a la ley provincial n° 10.471.-
150-HCD-2024,2024,union por la patria,comunicacion,si la instalacion de puestos de control de alcoholemia en las principales avenidas del partido.-
152-HCD-2024,2024,varios senores concejales,resolucion,"el h.c.d. expresa eu repudio y preocupacion frente a las amenazas, insultos y agravios de las que fueron victimas el juez del tribunal de faltas, dr. andres rolon y el inspector municipal, damian aon.-"
153-HCD-2024,2024,varios senores concejales,ordenanza,"implementando un plan de urgencia para la puesta en valor de la reserva natural municipal ""refugio educativo de la ribera norte"".-"
154-HCD-2024,2024,varios senores concejales,comunicacion,"si la habilitacion de un sector de estacionamiento exclusivo para transporte de pasajeros automotor de empresas de turismo sobre la calle belgrano, entre la av. del libertador y la calle luis vernet los dias sabados, domingos y feriados.-"
155-HCD-2024,2024,varios senores concejales,resolucion,"el h.c.d. declara de interes la ong ""arte y esperanza"".-"
156-HCD-2024,2024,union por la patria,comunicacion,"si incluir en el portal del turismo oficial y la oferta de la oficina de turismo local, un circuito de arte urbano sobre murales y graffitis.-"
157-HCD-2024,2024,varlos senores concejales,ordenanza,creando el ente mixto de turismo de san isidro.-
158-HCD-2024,2024,varios senores concejales,comunicacion,si la definicion de una estrategia para participar en la feria internacional de turismo de america latina edicion 2024.-
159-HCD-2024,2024,union por la patria,comunicacion,si un informe relacionado con los trabajadores municipales.-
160-HCD-2024,2024,la libertad avanza,comunicacion,si crear el fondo de seguridad utilizando los ingresos por la realizacion del festival lollapalooza.-
161-HCD-2024,2024,la libertad avanza,comunicacion,"si la reparacion de la luminaria en la calle roma n° 1815, entre las calles gervasio posadas y jose ingenieros, de la ciudad de beccar.-"
162-HCD-2024,2024,la lmertad avanza,resolucion,"el h.c.d. declara de interes el ""curso de historia de san isidro 2024"" del instituto historico municipal-"
163-HCD-2024,2024,..- bloque la libertad avanza,comunicacion,"si un informe relacionado a la situacion que atraviesa la escuela secundaria n° 8 ""dr. antonio sagarna"" ante la problematica de ausencias y falta de suplentes.-"
164-HCD-2024,2024,la libertad avanza,resolucion,"el h.c.d. declara de interes la ""diplomatura en cultura argentina"" del instituto de cultura cudes, que celebra su 10° aniversario.-"
165-HCD-2024,2024,la libertad avanza,comunicacion,si que se provea a cada concejal el mapa del delito a traves de la secretaria de seguridad del municipio.-
166-HCD-2024,2024,la libertad avanza,comunicacion,si un informe relacionado con los recursos del hospital materno infantil.-
167-HCD-2024,2024,la libertad avanza,comunicacion,"si la reparacion de veredas en la esquina de las calles pedro de mendoza y belgrano, en el bajo de san isidro.-"
168-HCD-2024,2024,vamos senores concejales,comunicacion,"si la recoleccion de troncos y ramas en la calle primera junta y 25 de mayo, de la ciudad de san isidro.-"
169-HCD-2024,2024,varios senores concejales,comunicacion,"si un informe relacionado a la plaza ""9 de julio"", de la ciudad de martinez.-"
170-HCD-2024,2024,varios senores concejales,comunicacion,"si tareas de limpieza en el barrio santa rita, de la ciudad de boulogne.-"
171-HCD-2024,2024,varios senores concejales,comunicacion,"si la recoleccion de troncos y ramas en la calle chacabuco hasta su interseccion con la calle martin y ornar, de la ciudad de san isidro.~"
172-HCD-2024,2024,union por la patria,resolucion,"el h.c.d. declara de interes el proyecto ""voces unidas contra el bullying: un puente trasoceanico de historias y soluciones"" del circulo italiano raices sardas buenos aires norte - sede san isidro.-"
173-HCD-2024,2024,union por la patria,ordenanza,creando el regimen de promocion industrial de bienes intangibles.-
174-HCD-2024,2024,bloqu.e union por la patria,comunicacion,"si la organizacion de la ""noche de las pancherias"" en el partido de san isidro.-"
175-HCD-2024,2024,union por la patria,comunicacion,si se arbitren las medidas necesarias para firmar un convenio entre el municipio y el jockey club para la apertura de una pista de ciclismo.-
176-HCD-2024,2024,union por la patria,comunicacion,"si la incorporacion de banos publicos de manera permanente en espacios verdes, plazas, costa del rio, hipodromo y centros comerciales en toda la extension del distrito.-"
177-HCD-2024,2024,union por la patria,comunicacion,"si la iniciacion de un plan de reparacion y construccion de rampas por etapas, hasta alcanzar todo el trazado urbano de san isidro.-"
178-HCD-2024,2024,union por la patria,ordenanza,creando una estrategia de turismo gastronomico local.-
179-HCD-2024,2024,union por la patria,decreto,"disponiendo la habilitacion del patio ubicado en la planta baja que conecta el h.c.d con el edificio historico municipal, para utilizarlo corno zona de descanso y area de fumadores.-"
182-HCD-2024,2024,varios senores concejales,comunicacion,si un amplio informe relacionado con el turismo local.-
183-HCD-2024,2024,",- bloque union por la patria",resolucion,el h.cd. repudia el desmedido y violento accionar policial contra un vendedor ambulante en el centro de san isidro.-
184-HCD-2024,2024,union por la patria,comunicacion,"si un amplio informe sobre las acciones llevadas a cabo por el personal policial, el dia 22 de abril de 2024, en donde se detuvo a un vendedor ambulante en la ciudad de san isidro.-"
187-HCD-2024,2024,varios senores concejales,ordenanza,"aplicando las capacitaciones con relacion a lo establecido por ""ley micaela bonaerense n° 15.134"".-"
188-HCD-2024,2024,pro san isidro,resolucion,"el h.cd. expresa ,:u repudio frente a la ineficiente proteccion de ninos y jovenes frente a las actividades de juegos de apuestas online y a la falta de responsabilidad del estado y las em?resas generadoras.c"
189-HCD-2024,2024,pro san isidro,comunicacion,"si la reparacion de la luminaria baja sita en la vereda de la av. del libertador n° 14.621, de este partido.-"
190-HCD-2024,2024,pro san isidro,comunicacion,"si la reparacion del cano saliente del cordon de la vereda sita en la calle manzone n° 1027, de este partido,-"
191-HCD-2024,2024,pro san isidro,ordenanza,"publicando el detalle de los beneficios y exenciones vigentes en la ordenanza fiscal para las personas con discapacidad, en el menu correspondiente al portal web de la agencia de recaudacion de san isidro.-"
193-HCD-2024,2024,varios senores concejales,ordenanza,"declarando el 02 de mayo de cada ano como el ""dia municipal de lucha contra el acoso escolar"".-"
194-HCD-2024,2024,varios senores concejales,comunicacion,s/ un informe relacionado con el ex campo de deportes y pista de atletismo de as.a.-
195-HCD-2024,2024,varios senores concejales,comunicacion,"s/ la reparacion de la vereda sita en la calle int. neyer, entre la av. andres rolon y la calle america, de la ciudad de beccar.-"
196-HCD-2024,2024,varios senores concejales,ordenanza,plantacion de arboles en aceras.-
197-HCD-2024,2024,varios senores concejales,decreto,convocando al departamento ejecutivo para que por intermedio de la jefatura de gabinete brinde un amplio informe en relacion a los primeros seis meses de gestion al hcd.-
198-HCD-2024,2024,varios senores concejales,comunicacion,"s/ la colocacion de contenedores para la disposicion de residuos en la calle luis maria drago al 2300, de la ciudad de villa adelina.-"
199-HCD-2024,2024,varios senores concejales,comunicacion,s/ evaluar la posibilidad de generar un fondo municipal para reemplazar el fondo de incentivo docente.-
202-HCD-2024,2024,varios senores concejales,decreto,"aplicando las capacitaciones con relacion a lo establecido por ""ley micaela bonaerense n° 15.134"".-"
203-HCD-2024,2024,varios senores concejales,comunicacion,"si la reparacion de la vereda y reconstruccion de la rampa de accesibilidad sita en la calle alsina '2squina con la calle garibaldi, de la ciudad de san isidro.-"
204-HCD-2024,2024,varios senores concejales,resolucion,el h.c.d. expresa preocupacion por la falta de actualizacion de los valores de las prestaciones compr'2ndidas en los programas provinciales sae y mesa.-
205-HCD-2024,2024,varios senores concejales,ordenanza,"creando el ""programa municipal de concientizacion, prevencion e informacion sobre acoso escolar"",,-"
206-HCD-2024,2024,la libertad avanza,comunicacion,si la construccion de un monumento a modo de reconocimiento al veterano sr. jose mauricio castillo por su heroismo y participacion en el conflicto de las islas malvinas.-
207-HCD-2024,2024,la libertad avanza,resolucion,"el h.c.d. declara de interes el documental ""1982: la gesta"".-"
208-HCD-2024,2024,la libertad avanza,comunicacion,"si la colocacion de semaforos con boton pulsador en las intersecciones de la calle camino real moron y sarratea, y camino real moron y junin, de la ciudad de boulogne.-"
209-HCD-2024,2024,la libertad avanza,comunicacion,"si establecer una posta policial permanente en la interseccion de las calles sarratea y camino real moron, en la ciudad de boulogne.-"
210-HCD-2024,2024,la libertad avanza,comunicacion,si al d.e. que exprese su repudio a las acciones sindicales que atentan contra el normal funcionamiento del ramal mitre a tigre.-
211-HCD-2024,2024,union por la patria,comunicacion,"si la colocacion de senalizacion vial correspondiente a escuelas en el jardin de infantes ""santo domingo savio"" de la ciudad de beccar.-"
212-HCD-2024,2024,union por la patria,comunicacion,si un informe relacionado con los empleados municipales.-
213-HCD-2024,2024,union por la patria,comunicacion,"si la pavimentacion de la calle edison en su interseccion con la calle hornos, de la ciudad de marl:inez.-"
214-HCD-2024,2024,union por la patria,decreto,convocando al director de la sede regional norte de la universidad de buenos aires y a la rectora de la universidad nacional scalabrini ortiz a exponer ante este honorable cuerpo la situacion presupuestaria de ambas instituciones.-
215-HCD-2024,2024,union por la patria,resolucion,el h.c.d. solicita el pronto tratamiento y sancion del proyecto de ley presentado en el congreso nacional para garantizar el cumplimiento de la carta organica del banco nacion.-
216-HCD-2024,2024,union por la patria,comunicacion,"si incluir en el portal del turismo oficial y la oferta de la oficina de turismo local, un circuito de turismo religioso local.-"
217-HCD-2024,2024,varios senores concejales,comunicacion,"si al departamento ejecutivo que inste al ministerio de seguridad de la prov. de buenos aires a que brinde un informe relacionado al operativo de seguridad llevado a cabo el dia 9 de abril del 2024, en la ciudad de san isidro.-"
218-HCD-2024,2024,union por la patria,comunicacion,"si intervenir ante las empresas aysa, edenor y naturgy s.a. para que se aplique la tarifa social de los servicios a los clubes de barrio, bibliotecas, centros de jubilados y demas entidades de trabajo social, comunitario y deportivo del par"
219-HCD-2024,2024,union por la patria,compnicacion,"si la reparacion de luminarias en la calle sarratea entre las intersecciones con las calles saturnino segurola y maestra vicenta ravello, de la ciudad de boulogne.-"
221-HCD-2024,2024,union por la patrla,comunicacion,"si un informe sobre el agrupamiento de contenedores que se encuentran en la calle sarratea, entre las calles maestra ravello y segurola, de la ciudad de boulogne.-"
222-HCD-2024,2024,la lffiertad avanza,comunicacion,"si un informe respecto a un cartel colocado en la obra sita en elcano n° 1850, de la ciudad de martinez.-"
223-HCD-2024,2024,la libertad avanza,comunicacion,"si la plantacion d,~arboles en el pasaje yerbal, esquina godoy cruz, del barrio santa rita, en la ciudad de boulogne.-"
224-HCD-2024,2024,la libertad avanza,comunicacion,"si la reparacion y mejora del alumbrado publico en la plaza situada en la calle yerbal y gorriti, de la ciudad de boulogne.-"
225-HCD-2024,2024,la libertad avanza,comunicacion,"si proveer de losmsumos necesarios a la cuadrilla de barrido y limpieza del barrio santa rita, de la ciudad de boulogne.-"
226-HCD-2024,2024,la libertad avanza,comunicacion,"si la reparacion de los baches ubicados en la calle colon, entre las calles pedro goyena y ricardo gutierrez, y en la calle rodriguez pena, entre av. santa fe y la calle tres sargentos, de la ciudad de martinez.-"
227-HCD-2024,2024,varios senores concejales,ordenanza,creando el programa municipal de reparacion de veredas.-
228-HCD-2024,2024,varios senores concejales,comunicacion,"si la instalacion de un semaforo en la interseccion de las calles . jose ingenieros y billinghurst, de la ciudad de beccar.-"
229-HCD-2024,2024,varios senores concejales,comunicacion,si un informe relacionado con la situacion actual del crematorio de boulogne.-
230-HCD-2024,2024,varios senores concejales,ordenanza,"creando una campan.a preventiva disenada para concienciar sobre los riesgos asociados al juego en linea."""""
231-HCD-2024,2024,varios senores concejales,resolucion,el h.c.d. expresa su preocupacion por el aumento de las apuestas online de preadolescentes y adolescentes.-
233-HCD-2024,2024,convocacion por san isidro,resolucion,declarando de interes el programa de fortalecimiento institucional.-
234-HCD-2024,2024,convocacion por san isidro,resolucion,declarando de interes la labor social y comunitaria realizada por la organizacion sin fines de lucro techo.-
238-HCD-2024,2024,union por la patria,comunicacion,"si la colocacion de reductores de velocidad en la calle int. neyer altura 1200, de la ciudad de beccar.-"
240-HCD-2024,2024,varios senores concejales,ordenanza,creando el observatorio de seguimientos de casos de violencia institucional.-
241-HCD-2024,2024,varios senores concejales,comunicacion,si un informe relacionado con la distribucion y asignacion de los tratamientos medicamentosos para pacientes de hiv en el municipio.-
242-HCD-2024,2024,varios senores concejales,resolucion,"estableciendo que el dia 17 de mayo de cada ano, se ilumine la fachada de este honorable concejo deliberante con los colores del arcoiris correspondientes al ""dia internacional contra la homofobia, transfobia y bifobia"".-"
243-HCD-2024,2024,varios senores concejales,comunicacion,si la construccion de una pista de atletismo en el distrito.-
244-HCD-2024,2024,varios senores concejales,resolucion,"el h.cd. de san isidro expresa su mas sincero reconocimiento y felicitacion al ""colegio san cayetano"" por cumplirse 60 anos de su fundacion.-"
245-HCD-2024,2024,union por la patria,comunicacion,"si la pavimentacion y reparacion del bache ubicado en la calle la calandria n° 1110, entre las calles pedernera y joaquin v. gonzalez, de la ciudad de villa adelina.-"
246-HCD-2024,2024,union por la patria,comunicacion,si reforzar la luminaria en todo el perimetro del barrio san isidro (basi) y sus calles internas.-
247-HCD-2024,2024,varios senores concejales,decreto,"disponiendo incluir en el sitio web del h.c.d. una seccion donde se informe sobre la historia, el patrimonio arquitectonico y cultural, el valor social y el origen del termino ""honorable"".-"
248-HCD-2024,2024,varios senores concejales,decreto,disponiendo las modificaciones pertinentes del reglamento interno y organizacion interna del h.c.d. para que en el inicio de todas las sesiones sea obligatorio entonar las estrofas del himno nacional argentino.-
249-HCD-2024,2024,varios senores concejales,ordenanza,"modificando los valores del coeficiente de mayor superficie de la valuacion fiscal de la tasa de alumbrado, barrido y limpieza de la ordenanza impositiva.-"
250-HCD-2024,2024,varios senores concejales,comunicacion,si informes relacionados al servicio del barrido y limpieza municipal.-
251-HCD-2024,2024,varios senores concejales,comunicacion,"si un informe relacionado al funcionamiento de la guardia del hospital materno infantil, respecto al servido de neurologia.-"
258-HCD-2024,2024,la libertad avanza,resolucion,"el h.cd. declara de interes el ""compromiso de mayo"" de la asociacion de emprendedores de argentina (asea) que propone la creacion de un millon de nuevos puestos de trabajo,-"
259-HCD-2024,2024,la libertad avanza,comunicacion,si la puesta en valor del parque publico dr. carlos arenaza de la ciudad de boulogne.-
260-HCD-2024,2024,blaque la libertad avanza,comunicacion,"si un informe sobre el estado de la quinta santa rita, de la ciudad de boulogne.-"
261-HCD-2024,2024,pro- san isidro,resolucion,el h.cd. expresa su preocupacion por las amenazas de edgardo llano que tuvieron como destinatar:os a varios senadores nacionales.-
262-HCD-2024,2024,union por la patria,comunicacion,"si realizar una campana de difusion destinada a los emprendimientos gastronomicos del distrito y hoteles de adhesion al programa ""viaja+ con bna"" del banco nacion de la republica argentina.-"
265-HCD-2024,2024,la libertad avanza,comunicacion,"s! un informe relacionado con la obra de la calle 25 de mayo y almte. brown, de la ciudad de san i:3idro.-"
266-HCD-2024,2024,la libertad avanza,comunicacion,s! los insumas necesarios para la realizacion del trabajo de las cuadrillas de barrenderos.-
267-HCD-2024,2024,pro - san isidro,resolucion,"el h.cd. felicita a la organizacion de voluntarias comprometidas en el acompanamiento a la comunidad hospitalaria ""damas rosadas"" por sus 65 anos de invaluable labor.-"
268-HCD-2024,2024,la libertad avanza,resolucion,"el h.cd. expresa su energico repudio y manifiesta preocupacion: por las amenazas, insultos y violencia por parte de una militante de union por la patria a la periodista paula bernini.-"
269-HCD-2024,2024,la libertad avanza,comunicacion,s! un informe relacionado con la sra. carolina cabrera.-
270-HCD-2024,2024,union por la patria,comunicacion,s! reforzar la luminaria en diversos puntos del distrito.-
271-HCD-2024,2024,varios senores concejales,resolucion,"el h.cd. manifiesta su preocupacion ante el proyecto ""ley bases y puntos de partida para la libertad de los argentinos"".-"
272-HCD-2024,2024,varios senores concejales,comunicacion,"s! un informe relacionado con el operativo ocurrido el sabado 3 de mayo en el barrio la cava, de la ciudad de beccar.-"
273-HCD-2024,2024,varios senores concejales,resolucion,el h.cd. expresa su profunda preocupacion ante los crimenes y discursos de odio que atentan contra el bienestar de la comunidad lgbti+.-
274-HCD-2024,2024,convocacion por san isidro,decreto,"implemen::ando en el h.cd. el programa de ""h.cd. sustentable"" .-"
275-HCD-2024,2024,varios senores concejales,ordenanza,"creando el programa de ""corredores educativos seguros para campos de deporte"".-"
276-HCD-2024,2024,varios senores concejales,decreto,convocando a exponer ante este cuerpo a la asociacion argentina de kite.-
277-HCD-2024,2024,varios senores concejales,comunicacion,si un informe relacionado con el estado general de las obras publicas dependientes del gobierno l\jacional en el distrito.-
278-HCD-2024,2024,union por la patria,comunicacion,si un informe relacionado al estado actual del proyecto de la plaza de olazabal de la ciudad de boulogne.-
279-HCD-2024,2024,union por la patria,ordenanza,"creando el programa ""san isidro libre de gluten"".-"
280-HCD-2024,2024,union por la patria,comunicacion,"si la reparacion de veredas que circundan el barrio san isidro (basi), de la ciudad de boulogne.-"
281-HCD-2024,2024,union por la patria,ordenanza,"colocando tendido de fibra optica en el barrio san isidro (basi), de la ciudad de boulogne.-"
282-HCD-2024,2024,union por la patria,comunicacion,si un informe relacionado con el programa de personas en situacion de calle.-
283-HCD-2024,2024,convocacion por san isidro,decreto,"el h.cd. declara de interes la labor que lleva a cabo la organizacion sin fines de lucro ""las lomas oral"".-"
284-HCD-2024,2024,varios senores concejales,resolucion,"el h.c.d. expre1;a su beneplacito por la realizacion de la ""diplomatura en neuropsicogermltologia aplicada"" que tendra lugar en hi universidad de san isidro.-"
293-HCD-2024,2024,varios senores concejales,comunicacion,"si la colocacion de luminarias y la reparacion de las ya existentes dentro del predio del parque publico del golf de villa adelina, de este partido.-"
294-HCD-2024,2024,varios senores concejales,comunicacion,si incluir al parque publico del golf de villa adelina en el sitio web del municipio en el desplegable de areas protegidas y en el denominado identidad.-
295-HCD-2024,2024,varios senores concejales,comunicacion,si la colocacion de mosquiteros en la casa de cultura que se encuentra dentro del predio del parque publico del golf de villa adelina.-
296-HCD-2024,2024,varios senores concejales,comunicacion,si la realizacion de un reempadronamiento de socios de puerto libre.-
297-HCD-2024,2024,varios senores concejales,comunicacion,"si un informe relacionado con el hospital central de san isidro ""dr. melchor angel posse"".-"
298-HCD-2024,2024,varios senores concejales,comunicacion,si un informe relacionado con los horarios de atencion de la tesoreria municipal.-
299-HCD-2024,2024,varios senores concejales,resolucion,"declarando la emergencia social, economica y en materia de seguridad en los barrios populares del partido.-"
302-HCD-2024,2024,varios senores concejales,comunicacion,si un informe relacionado a las competencias de la nueva subsecretaria de proyectos urbanok
303-HCD-2024,2024,varios senores concejales,comunicacion,si un informe relacionado con la inclusion en el ambito laboral de personas con discapacidad.-
304-HCD-2024,2024,varios senores concejales,comunicacion,si que se garantice el correcto cumplimiento de la ordenanza n° 9077.-
305-HCD-2024,2024,varios senores concejales,resolucion,el h.c.d. de san isidro manifiesta su preocupacion ante la modificacion establecida en el artkulo 1 de la resolucion n° 67/2024 del ejecutivo nacional-
306-HCD-2024,2024,varios senores concejales,comunicacion,el h.c.d. de san isidro manifiesta su preocupacion por la demora y falta de pago en la asignacion economica establecida en la ley nacional n° 27.364.-
307-HCD-2024,2024,union por la .patria,resolucion,"el h.c.d. de san isidro manifiesta su preocupacion por el acto reivindicatorio del accionar de la marina, en el marco del dia de la armada llevado a cabo en la ex esma por egresad05 de la escuela mecanica de la armada.-"
308-HCD-2024,2024,varios senores concejales,comunicacion,"si la reparadon del pozo ubicado en la vereda de la calle ipiranga al 99, de la ciudad de boulogne.-"
309-HCD-2024,2024,varios senores concejales,comunicacion,"si la reparacion del pozo ubicado en la vereda de la calle maestro santana, en su interseccion con la calle uruguay, de la ciudad de beccar.-"
310-HCD-2024,2024,varios senores concejales,ordenanza,"instalando camaras y domos de vigilancia en las calles jose maria moreno, entre thames y gorriti, de .laciudad de boulogne.-"
311-HCD-2024,2024,union por la patria,ordenanza,"adhiriendo a la ley nacional n°27.709 denominada ""ley lucio"".-"
312-HCD-2024,2024,union por la patria,comunicacion,"si la colocacion de reductores de velocidad en la calle junin n°1500, de la ciudad de boulogne.-"
313-HCD-2024,2024,varios senores concejales,comunicacion,si informes relacionados al servicio de castracion llevado a cabo por la direccion de zoonosis del municipio de san isidro.-
314-HCD-2024,2024,varios senores concejales,ordenanza,creando un programa integral de salud mental especializado en adicciones.-
315-HCD-2024,2024,varios senores concejales,comunicacion,"si intensificar las tareas de barrido, limpieza, higiene y recoleccion de basura en la calle malabia, de la ciudad de boulogne.-"
317-HCD-2024,2024,varios senores concejales,resolucion,"el h.c.d de san isidro expresa su beneplacito y congratulaciones por la realizacion de las elecciones en el centro de estudiantes de la escuela media n° 8 ""dr. antonio sagarna"".-"
319-HCD-2024,2024,varios senores concejales,comunicacion,si un informe relacionado con los hospitales municipales.-
321-HCD-2024,2024,la libertad avanza,ordenanza,"declarando corno' ""personalidad destacada del partido de san isidro"" a la editora adriana hidalgo sola por su destacada labor editorial y aporte a la cultura y literatura nacional.-"
322-HCD-2024,2024,v arios senores concejales,ordenanza,creando el registro unico de podadores urbanos.-
323-HCD-2024,2024,varios senores concejales,comunicacion,"si un informe relacionado con el ciclo de eventos denominado ""mi barrio de fiesta"".-"
324-HCD-2024,2024,varios senores concejales,decreto,estableciendo un cronograma en el cual el jefe de gabinete concurra a esta honorable casa en un lapso que no supere los 4 meses entre cada visita.-
325-HCD-2024,2024,varios senores concejales,comunicacion,si un informe relacionado con las funciones de la jefatura de gabinete.-
326-HCD-2024,2024,varios senores concejales,decreto,estableciendo un cronograma en el cual los secretarios del departamento ejecutivo concurran a esta honorable casa en un lapso que no supere los 4 meses entre cada visita.-
327-HCD-2024,2024,union por la patria,resolucion,el honorable concejo deliberante expresa su repudio por el anuncio del recorte de personal del instituto nacional de tecnologia industrial (inti).-
328-HCD-2024,2024,varios senores concejales,ordenanza,disponiendo la obligatoriedad de emitir las facturas de las tasas municipales en forma mensual.-
329-HCD-2024,2024,varios senores concejales,ordenanza,"reformando los tributos municipales de espectaculos, a escala de los mega festivales y recitales que el distrito puede recibir.-"
330-HCD-2024,2024,union por la patria,ordenanza,creando un concurso municipal para elegir cinco souvenirs de san isidro realizados por emprendedore's ylo artesanos del partido.-
331-HCD-2024,2024,pro san isidro,comunicacion,"si al d.e. que arbitre los medios necesarios a los fines de que la asociacion civil down is up, pueda llevar a cabo la puesta en valor del inmueble cedido para la implementacion del proyecto casa up.-"
332-HCD-2024,2024,varios senores concejales,comunicacion,"si la limpieza de la calle sarratea entre las calles segurola y ravelo, de la ciudad de boulogne.-"
333-HCD-2024,2024,varios senores concejales,resolucion,"declarando ""arbol. protegido municipal"" al arbolado que integra el parque publico golf de villa adelina.-"
334-HCD-2024,2024,varios senores concejales,resolucion,declarando paisaje protegido municipal al parque publico golf de villa adelina.-
335-HCD-2024,2024,varios senores concejales,comunicacion,si la reparacion ylo acondicionamiento de las piletas climatizadas de los campos de deportes n° 1 de la ciudad de beccar y n° 2 de la ciudad de boulogne.-
337-HCD-2024,2024,varios senores concejales,comunicacion,"si la colocacion de un numero mayor de luminarias y reparacion de las ya existentes eilla calle italia, entre las calles dorrego y edison, de la ciudad de martinez.-"
338-HCD-2024,2024,varios senores concejales,comunicacion,"si la senalizacion vial correspondiente en la calle italia n° 2451 de la ciudad de martinez, donde se encuentra el colegio republica argentina.-"
339-HCD-2024,2024,varios senores concejales,comunicacion,"si se garantice el cumplimiento del decreto n° 2706/2004, relacionado con las bibliotecas populares.-"
340-HCD-2024,2024,varios senores concejales,comunicacion,"si el refuerzo de patrullaje en la calle jose ingenieros, entre las avdas. andres rolon y sucre, de la ciudad de beccar.-"
341-HCD-2024,2024,varios senores concejales,comunicacion,"si informe sobre el predio ubicado sobre la calle comandante luis piedrabuena, entre las calles eduardo wilde y loria, de la ciudad de boulogne.-"
342-HCD-2024,2024,varios senores concejales,comunicacion,"si la presencia de un agente de transito, en los horarios de ingreso y egreso de la comunidad educativa, en la puerta de la escuela secundaria tecnica n° 4, ubicada en la calle yerbal n° 50, de la ciudad de boulogne.-"
343-HCD-2024,2024,varios senores concejales,comunicacion,s/ un informe relacionado con el incremento de diversas tasas y derechos municipales.-
344-HCD-2024,2024,union por la patria,resolucion,"declarando de interes del h.cd. el dia 28 de mayo como el ""dia internacional de accion por la salud de las mujeres y disidencias sexogenericas"".-"
345-HCD-2024,2024,union por la patria,comunicacion,"si la articulacion con el ministerio de mujeres, politicas de genero y diversidad sexual de la prov. de bs. as., a fin de ejecutar el programa provincial ""mariposas"" en nuestro municipio.-"
346-HCD-2024,2024,union por la patria,resolucion,el h.cd. expresa su preocupacion por la crisis alimentaria que generan las politicas de ajuste en los comedores comunitarios del municipio.-
347-HCD-2024,2024,varios senores concejales,comunicacion,"si la colocacion de un semaforo de giro a la izquierda en sentido sur-norte en direccion al barrio la cava, en la interseccion de la calle int. neyer y la av. andres rolon, de la ciudad de l3eccar.-"
348-HCD-2024,2024,union por la patria,comunicacion,si un informe relacionado con los proveedores del servicio alimentario escolar (sae) que se brinda en las escuelas del distrito.-
349-HCD-2024,2024,la libertad avanza,resolucion,el h.cd. expresa su preocupacion por los episodios de adoctrinamiento en escuelas del partido.-
350-HCD-2024,2024,la libertad avanza,comunicacion,"si la reparacion de la luminaria ubicada en la calle yerbal n°235, entre las calles godoy cruz y plumerillo, de la ciudad de boulogne.-"
351-HCD-2024,2024,la libertad avanza,comunicacion,"si dotar a la e¡;cuela primaria n° 1 ""dr. cosme beccar"" de una driza para el mastil que permita realizar el izamiento de la bandera;-"
352-HCD-2024,2024,la libertad avanza,comunicacion,si un informe detallando el plan del d.e. para el espacio de la costa del rio de la plata.-
353-HCD-2024,2024,bldque la libertad avanza,comunicacion,si un informe detallando el plan de preservacion para el patrimonio historico municipal.-
354-HCD-2024,2024,la libertad avanza,comunicacion,si un informe relacionado con los proveedores de los hospitales municipales.-
355-HCD-2024,2024,varios senores concejales,comunicacion,si un informe relacionado con los aumentos de haberes otorgados a los empleados municipales y la falta de actualizacion en los haberes de los jubilados del municipio.-
356-HCD-2024,2024,un ion por la patria,comunicacion,si un informe con la actualizacion del valor de diferentes derechos y tasas municipales.-
357-HCD-2024,2024,. bloque cambia san isidro,resolucion,el h.c.d. manifiesta preocupacion por el retraso por parte del instituto de prevision social de la prov. de bs. as. en la aplicacion de los ajustes en los haberes de los jubilados y pensionados del municipio.-
371-HCD-2024,2024,varios senores concejales,comunicacion,si la reposicion de contenedores de residuos en diversos puntos de la ciudad de beccar.-
372-HCD-2024,2024,varlos senores concejales,comunicacion,"si la reparacion del bache ubicado en la calle dorrego altura soo, entre pasaje galileo y la calle monteagudo , de la ciudad de martinez.-"
375-HCD-2024,2024,varios senores concejales,comunicacion,si el refuerzo de patrullaje y luminaria en diversas zonas de la ciudad de martinez.-
377-HCD-2024,2024,varios senores concejales,ordenanza,"creando la campana ""indetectable=intransmisible"".-"
378-HCD-2024,2024,union por la patria,comunicacion,si el refuerzo de luminaria en todo el partido de san isidro.-
379-HCD-2024,2024,union por la patria,comunicacion,si un informe relacionado con atencion al vecino en materia de discapacidad.-
380-HCD-2024,2024,pro san isidro,comunicacion,"si la reparacion de los canos que esten originando la perdida de agua en santa rita n° 280, de la ciudad de san isidro.-"
381-HCD-2024,2024,pro san isidro,resolucion,"el h.c.d. expresa su preocupacion ante la reforma educativa planteada por el gobierno de la prov. de bs. as. que propone la eliminacion de la ""repitencia"" en las escuelas secundaria¡:.-"
382-HCD-2024,2024,pro san isidro,comunicacion,"si la limpieza y puesta en valor del paseo de los paraisos, el paseo el tala y el paseo de los tres ombues, de la ciudad de san isidro.-"
383-HCD-2024,2024,pro san isidro,comunicacion,si un informe relacionado con la accesibilidad en los corredores escolares.-
384-HCD-2024,2024,la libertad avanza,comunicacion,"si instalar un domo de seguridad en la calle neuquen, entre las calles tomkinson y liniers, de la ciudad de san isidro.-"
385-HCD-2024,2024,la libertad avanza,comunicacion,si realizar un estudio completo del sentido de circulacion de las calles del bajo de san isidro con el objetivo de dinamizar la circulacion y evitar embotellamiento.-
386-HCD-2024,2024,varios senores concejales,comunicacion,s/ la colocacion de camaras de seguridad e intensificar patrullaje municipal en el centro comercial de san isidro.-
387-HCD-2024,2024,varios senores concejales,comunicacion,"s/ un informe relacionado a la situacion de la esquina de la av. rolon entre las calles posadas y jose ingenieros, de la ciudad de beccar.-"
388-HCD-2024,2024,varios senores concejales,comunicacion,"s/ garantizar el patrullaje en las inmediaciones de las escuela secundaria tecnica n° 1, escuela secundaria roberto arlt n° 12 y escuela especial n° 503, ubicadas sobre la calle neuquen entre las calles liniers y tomkinson, de la ciudad de "
390-HCD-2024,2024,varios senoresconcejales,ordenanza,"realizando la reparacion de la vereda sobre la calle neuquen, entre. las calles int. liniers e int. tomkinson, de la ciudad de san isidro.-"
391-HCD-2024,2024,varios senores concejales,comunicacion,"s/la presencia de un agente de transito en la interseccion de la av. hipolito yrigoyen, entre las calles panama y lima, de la ciudad de martinez.-"
392-HCD-2024,2024,la libertad avanza,ordenanza,"creando el programa ""camino de la embarazada"".-"
393-HCD-2024,2024,bloquela libertad avanza,ordenanza,creando el programa integral de acompanamiento familiar.-
394-HCD-2024,2024,la libertad avanza,comunicacion,s/ el desarrollo de una campana masiva de concientizacion y prevencion contra el dengue.-
395-HCD-2024,2024,varios senores concejales,comunicacion,si la senalizacion de las paradas de colectivos en la estacion de boulogne.-
396-HCD-2024,2024,varios senores concejales,ordenanza,creando el programa de promocion de la actividad gastronomica de san isidro.-
397-HCD-2024,2024,varios senores concejales,comunicacion,si un informe relacionado al funcionamiento del area de salud mental en el municipio.-
398-HCD-2024,2024,varios senores concejales,ordenanza,"modificando en todo su recorrido el actual nombre de la calle tte. gral. pedro eugenio aramburu, de la ciudad de martinez, por el nombre ""pte. raul alfonsin"".-"
400-HCD-2024,2024,varios senores concejales,comunicacion,"si el incremento de patrullaje en las inmediaciones de las sedes de la universidad nacional raul scalabrini ortiz, del tren de la costa y de la calle 3 de febrero 375, de la ciudad de san isidro.-"
401-HCD-2024,2024,union por la patria,comunicacion,el h.c.d. manifiesta su preocupacion por el cierre del ministerio del interior dispuesto en el decreto n° 484/2024.-
402-HCD-2024,2024,union por la patria,resolucion,el h.c.d. expresa su repudio a la represion ejercida de parte de las fuerzas nacionales de seguridad contra quienes manifestaron el miercoles 12 de junio de 2024.-
404-HCD-2024,2024,la libertad avanza,resolucion,el h.c.d. expresa su repudio al nuevo regimen academico anunciado por el gobierno de la prov. de bs. as. para la escuela secundaria.-
405-HCD-2024,2024,la libertad avanza,comunicacion,si un informe acerca del funcionamiento de la direccion de la mujer del municipio.-
406-HCD-2024,2024,la libertad avanza,resolucion,el rcd. expresa su repudio a la violencia desmedida y actos vandalicos perpetrados por los manifestantes durante el tratamiento de la ley bases y puntos de partida para la libertad de los argentinos en el honorable senado de la nacion.-
407-HCD-2024,2024,varios senores concejales,resolucion,declarando el mes de junio de cada ano como el mes del orgullo en el h.cd.-
412-HCD-2024,2024,varios senores concejales,comunicacion,"si la reparacion del totem de seguridad instalado en la plaza 9 de julio, sita en la calle cordoba, entre las calles berutti y necochea, de la ciudad de martinez.-"
413-HCD-2024,2024,varios senores concejales,comunicacion,si un informe referente al estado de los totems de seguridad distribuidos en diversos puntos del partido.-
415-HCD-2024,2024,union por la patria,resolucion,el h.cd. manifiesta su preocupacion y repudio por el desfinanciamiento del comite ejecutivo de lucha contra la trata de personas.-
416-HCD-2024,2024,union por la patria,comunicacion,"si un informe referente a la recoleccion de ""eco residuos"".-"
417-HCD-2024,2024,union por la patria,decreto,"convocando a los colegios e instituciones educativas del distrito a participar de la exposicion fotografica ""patagonia, el camino del agua"".-"
420-HCD-2024,2024,varios senores concejales,ordenanza,creando el plan de separacion de residuos en escuelas.-
421-HCD-2024,2024,varios senores concejales,comunicacion,si un informe referente a los tres hospitales municipales del distrito.-
422-HCD-2024,2024,varios senores concejales,comunicacion,"si un informe referente al hospital materno infantil, del partido desan isidro.-"
423-HCD-2024,2024,varios senores concejales,comunicacion,si garantizar capacitaciones en rcp para clubes de barrio.-
424-HCD-2024,2024,varios senores concejales,ordenanza,suscribiendo al convenio de adhesion para la implementacion del plan qunita bonaerense del mini~;terio de salud de la provincia de buenos aires.-
425-HCD-2024,2024,varios senores concejales,comunicacion,"si la repavimentacion y bacheo de la calle el indio n° 2400, de la ciudad de villa adelina.-"
428-HCD-2024,2024,pro san isidro,comunicacion,"si la reparacion de la vereda correspondiente a la callealsina n° 986, de la ciudad de san isidro.-"
429-HCD-2024,2024,la libertad avanza,comunicacion,si un informe relacionado con la falta de dosis de la vacuna vph.-
431-HCD-2024,2024,varios senores concejales,comunicacion,"si la construccion de una rampa de ascenso y descenso para peatones en la interseccion de las calles thames y pedernera, de la ciudad de villa adelina.-"
434-HCD-2024,2024,la libertad avanza,comunicacion,"si la reparacion de la luminaria ubicada en la calle formosa n° 1909, de la ciudad de beccar.-"
435-HCD-2024,2024,varios senores concejales,comunicacion,si evaluar la posibilidad de trasladar las paradas de colectivos que se encuentran en las esquinas de las avenidas que tienen giro a la izquierda dentro del distrito.-
436-HCD-2024,2024,la libertad avanza,comunicacion,"si la instalacion de camaras de seguridad e intensificacion del patrullaje en las calles gorriti, pedernera y eduardo wilde, de la ciudad de boulogne.-"
437-HCD-2024,2024,la libertad avanza,resolucion,el h.c.d. expresa su beneplacito por la sancion de la ley de bases y puntos de partida para la libertad de los argentinos.-
438-HCD-2024,2024,la libertad avanza,comunicacion,si al d.e. brindarles a los senores concejales acceso a los expedientes municipales con respecto a la quinta santa rita de don avelino rolon.-
439-HCD-2024,2024,la libertad avanza,comunicacion,si un informe relacionado con el estado y alcances del contrato del municipio con la empresa basani.-
440-HCD-2024,2024,la libertad avanza,comunicacion,si un informe relacionado con el funcionamiento de el nido.-
441-HCD-2024,2024,union por la patria,comunicacion,"si un informe relacionado con el procedimiento por el cual se ejecuto la demolicion de la vivienda ubicada en la calle intendente neyer y alvarado, de la ciudad de beccar.-"
442-HCD-2024,2024,la libertad avanza,comunicacion,"si establecer un programa de habilidades para el futuro, que incluya los ejes de habilidades socio emocionales para la empleabilidad y educacion financiera en la escuela secundaria municipal malvinas argentinas.-"
443-HCD-2024,2024,.bloque la libertad avanza,comunicacion,si desarrollar un programa de practicas laborales con el objetivo de ayudar a los jovenes del municipio a insertarse en el mercado laboral.-
446-HCD-2024,2024,varios senores concejales,comunicacion,s/ se deje sin efecto el llamado a licitacion publica 29/2024.-
447-HCD-2024,2024,varios senores concejales,comunicacion,"s/ un informe relacionado a los montos abonados y la efectiva fecha de pago de las obligaciones dinerarias establecidas en el decreto n° 225/2024, de fecha 13 de marzo de 2024.-"
449-HCD-2024,2024,union por la patria,ordenanza,"adhiriendo a la ley provincial n° 15.302, que establece disposiciones generales respecto del funcionamiento de salas de teatro, centros culturales y espacios culturales alternativos en la provincia de buenos aires.-"
452-HCD-2024,2024,varios senores concejales,comunicacion,si un informe referente a la situacion de incremento de aranceles y cuotas el) la casa de cultura de villa adelina.-
461-HCD-2024,2024,vamos senores concejales,comunicacion,si un informe referente a los motivos por los cuales se han clausurado o inhabilitado distintos comercios gastronomicos y bares del municipio de san isidro.-
462-HCD-2024,2024,union por la patria,ordenanza,creando la defensoria de la persona mayor en el partido de san isidro.-
464-HCD-2024,2024,union por la patria,resolucion,el h.cd. declara de interes el trabajo de la direccion de derechos humanos del senado de la pcia. de bs. as.-
465-HCD-2024,2024,varios senores concejales,comunicacion,"si las medidas necesarias para gestionar el raleo y poda del arbol ubicado en la av bernabe marquez n° 865, de la ciudad de san isidro.-"
466-HCD-2024,2024,varios senores concejales,resolucion,"el h.cd. manifiesta preocupacion por la decision. del gobierno nacional de desmantelar la conadi ""comision nacional por el derecho a la identidad"" .-"
467-HCD-2024,2024,varios senores concejales,ordenanza,disponiendo la obligatoriedad de prestar servicio de interprete de lengua de senas en las oficinas de atencion al publico en la municipalidad de san isidro.-
468-HCD-2024,2024,varios senores concejales,comunicacion,si un informe re~ferentea los paradores del campo municipal n° 9 y el anexo del campo n° 2 para personas en situacion de calle dentro del partido de san isidro.-
469-HCD-2024,2024,varios senores concejales,comunicacion,"si la reparacion y posterior mantenimiento de la vereda ubicada en la av. bernabe marquez n° 865, de la ciudad de san isidro.-"
470-HCD-2024,2024,varios senores concejales,comunicacion,"si la reparacion y posterior mantenimiento de la vereda ubicada en la calle int. tomkinson n° 950, de la ciudad de san isidro.-"
472-HCD-2024,2024,pro san isidro,comunicacion,si un informe referente al ultimo censo de arbolado municipal que se haya elaborado.-
474-HCD-2024,2024,varios senores concejales,ordenanaza,estableciendo la obligatoriedad para el sector publico municipal de implementar una politica publica oe gobierno abierto.-
475-HCD-2024,2024,la libertad avanza,comunicacion,"si la instalacion de camaras de seguridad en la calle rondeau, entre la av. bartolome mitre y la calle caseros, de la ciudad de san isidro.-"
476-HCD-2024,2024,la libertad avanza,comunicacion,si el arreglo de luminarias en diversas plazas del partido.-
477-HCD-2024,2024,la libertad avanza,comunicacion,"si la reparacion de las luminarias que se encuentran en los alrededores de la escuela tecnica n° 2, de la ciudad de boulogne.-"
478-HCD-2024,2024,union por la patria,comunicacion,si arbitrar las medidas necesarias para hacer efectivo el traslado del crematorio situado en el cementerio de boulogne.-
479-HCD-2024,2024,varios senores concejales,comunicacion,"si la instalacion de una escultura de ""maria remedios del valle"", heroina afrodescendiente de nuestra patria, en alguna plaza deidistrito.-"
480-HCD-2024,2024,union por la patria,ordenanza,establecido que en el municipio de san isidro debera contar con al menos unla agente capacitadola en lengua de senas argentina para distintas areas de atencion general al publico.-
481-HCD-2024,2024,varios senores concejales,comunicacion,si un informe relacionado con la falta de medicamentos a personas con discapacidad en el partido.-
482-HCD-2024,2024,varios senores concejales,comunicacion,"si la puesta en valor del tunel que se encuentra en la av. avelino rolon al 2.000, de la ciudad de boulogne.-"
483-HCD-2024,2024,vamos senores concejales,comunicacion,"si la reconstrucdon del cordon en la calle garibaldi al 1889, de la ciudad de beccar.-"
484-HCD-2024,2024,varios senores concejales,comunicacion,"si un control de ramas y raices de los arboles paraisos ubicados en la calle lonardi al 132 de la ciudad de beccar, y se realice la poda y raleo de los mismos de ser necesario.-"
487-HCD-2024,2024,varios senores concejales,comunicacion,si la reparacion de baches situados en diversas calles de la ciudad de martinez.-
488-HCD-2024,2024,varios senores concejales,comunicacion,si la instalacion de camaras de seguridad en la interseccion de las calles posadas y maestro santana ;'de la ciudad de beccar.-
489-HCD-2024,2024,varios senores concejales,ordenanza,estableciendo la obligatoriedad de publicar todas las encuestas que realice el departamento ejecutivo.-
490-HCD-2024,2024,vaflos senores concejales,comunicacion,si un informe relacionado con la contratacion de personal realizado bajo la modalidad de monotributistas o por medio de la universidad de san martin.-
491-HCD-2024,2024,varios senores concejales,comunicacion,"si la remision de un organigrama completo de la integracion de las secretarias, subsecretarias, direcciones generales, direcciones y asesorias del municipio.-"
492-HCD-2024,2024,varios senores concejales,resolucion,"el h.c.d. declara de interes las actividades que llevara adelante la fundacion juntos vamos por masl fundacion carlos teves y el area social de vulcanitas, promoviendo en los ninos, ninas y adolescentes ""un dia sin pantallas"".-"
493-HCD-2024,2024,varios senores concejales,comunicacion,"si un informe relacionado con la invitacion oficial realizada por la fundacion ""bloomberg philanthropies city data aljiance"".-"
494-HCD-2024,2024,la libertad avanza,comunicacion,"si la colocacion de reductores de velocidad en la calle rondeau, entre la av. bartolome mitre y la calle caseros, de la ciudad de san isidro.-"
495-HCD-2024,2024,la libertad avanza,comunicacion,si la instalacion de camaras de seguridad en la en diversas calles de la ciudad de beccar.-
497-HCD-2024,2024,la libertad avanza,decreto,"estableciendo que la fachada del h.cd, sea iluminado de celeste y blanco en los dias patrios.-"
499-HCD-2024,2024,varios senores concejales,comunicacion,"si la posibilidad de contar con personal especializado para la realizacion de los examenes teoricos y practicos, .cuando los solicitantes sean personas mayores de 70 anos de edad.-"
500-HCD-2024,2024,la libertad avanza,resolucion,el h.c.d.expresa su beneplacito parla firma del pacto de mayo en la casa historica de tucuman.-
501-HCD-2024,2024,la libertad avanza,resolucion,el h.cd .. expresa su beneplacito' por el lanzamiento del plan nacional de alfabetizacion.-
512-HCD-2024,2024,varios senores concejales,comunicacion,si la ejecucion del expediente n° 383-hcd-2024 el cual ya se encuentra aprobado.-
513-HCD-2024,2024,pro san isidro,comunicacion,"si el mejoramiento de la iluminacion en la calle urquiza n° 98, de la ciudad de martinez.-"
516-HCD-2024,2024,varios senores concejales,comunicacion,"s/ la reparacion y el mantenimiento de la vereda que se encuentra en la calle bernardo de irigoyen n° 2157, de la ciudad de boulogne.-"
517-HCD-2024,2024,varios senores concejales,comunicacion,"s/ la poda y raleo del arbol existente en la calle bernardo de irigoyen n° 2157, de la ciudad de boulogne.-"
518-HCD-2024,2024,varios senores concejales,comunicacion,"s/ la instalacion d,~luminarias dentro del parque publico golf villa adelina, en el trayecto del acceso que se encuentra en la calle luis maria drago n° 299 hasta la sede de la casa de cultura, que se encuentra dentro del mismo.-"
519-HCD-2024,2024,varios senores concejales,resolucion,"el h.cd. expresa su rechazo a la decision del poder ejecutivo nacional instrumentada por la resolucioj;l general de la inspeccion general de justicia n° 15/2024, que habilita la transformacion de las asociaciones civiles sin . fines de lucr"
520-HCD-2024,2024,varios senores concejales,comunicacion,"si intimar a la inmobiliaria malatini bienes raices a la remocion de cualquier tipo de cartel publicitario dentro del distrito y se proceda a la clausura de manera preventiva de dicha inmobiliaria, hasta que se expida la justicia.-"
523-HCD-2024,2024,union por la patria,comunicacion,si un informe referente a las paradas seguras en el municipio de san isidro.-
524-HCD-2024,2024,union por la patria,comunicacion,si que sea publico el sentido del voto de cada concejal en los proyectos sancionados en la plataforma citymis.-
525-HCD-2024,2024,varios senores concejales,ordenanza,creando el programa municipal de prevencion del suicidio en adolescentes.-
527-HCD-2024,2024,union por la patria,comunicacion,"si patrullaje de agentes municipales caminantes en el barrio san isidro, de este partido.-"
531-HCD-2024,2024,varios senores concejales,ordenanza,"declarando al turismo como actividad socioeconomica estrategica y esencial para el desarrollo del distrito,-"
532-HCD-2024,2024,"varios senores concejales,",comunicacion,si incluir en el portal de turismo oficial y la oferta de la oficina de turismo local un circuito de turismo funerario local.-
535-HCD-2024,2024,"varios senores concejales,",ordenanza,creando las consejerias para la reduccion de riesgos y danos en situaciones de embarazos no planificados.-
537-HCD-2024,2024,varios senores concejales,comunicacion,si asignar personal de seguridad municipal en el parque publico ex- golf de villa adelina.-
539-HCD-2024,2024,varios senores concejales,comunicacion,si realizar y publicar un arqueo de caja de las treinta y cinco cuentas bancarias y no bancarias de la municipalidad de san isidro.-
540-HCD-2024,2024,varios senores concejales,resolucion,el h.cd. manifiesta su preocupacion por la visita realizada por varios diputados nacionales del bloque la libertada avanza a genocidas condenados por delitos de lesa humanidad en la unidad penitenciaria de ezeiza n° 31.-
541-HCD-2024,2024,varios senores concejales,decreto,"declarando el 30 de agosto de cada ano el ""dia internacional del detenido desaparecido"" en este h.cd.-"
542-HCD-2024,2024,la libertad avanza,comunicacion,si al d.e. brindarles a los senores concejales todos los documentos referentes a las licitacione¡: sobre inversiones en seguridad anunciadas por el sr. intendente.-
543-HCD-2024,2024,la lffiertad avanza,comunicacion,"si un informe relacionado con las adjudicaciones hechas por la secretaria de educacion, cultura y trabajo en 'lo que respecta a programas educativos los ultimos meses.-"
544-HCD-2024,2024,union por la patria,comunicacion,"si se lleve a cabo la reparacion de la vereda ubicada en la calle thomas edison n° 1366 yn°1370, de la ciudad de martinez.-"
545-HCD-2024,2024,union por la patria,comunicacion,si un informe referente a la atencion en el centro de atencion ptimaria de salud del bajo boulogne ...
546-HCD-2024,2024,union por la patria,resolucion,"el h.cd. declara de interes la marcha ""por los derechos humanos de ayer y hoy"" realizada el pasado 16 de mayo y llevada adelante por la mesa por la memoria de campo de mayo.-"
547-HCD-2024,2024,union por la patria,comunicacion,si se garantice el cumplimiento del pedido realizado por la subsecretaria de politica ambiental del ministerio de ambiente de la provincia de buenos aires.-
548-HCD-2024,2024,varios senores concejales,ordenanza,modificando el articulo 55 de la ordenanza fiscal vigente.-
549-HCD-2024,2024,varios senores concejales,comunicacion,"si incluir en todas las delegaciones municipales, asesoramiento y material de difusion disponible para acercar informacion y promocion turistica de san isidro.-"
550-HCD-2024,2024,pro san isidro,comunicacion,"si arbitrar los medios necesari9s a los fines de implementar un momento semanal, en el que libreria:> y jugueterias de san isidro disminuyan los estimulos sonoros y luminicos segun propone la iniciativa ""hora tranquila"".-"
554-HCD-2024,2024,varios senores concejales,ordenanza,creando el consultorio virtual veterinario de san isidro.-
555-HCD-2024,2024,union por la patria,comunicacion,"si un informe relacionado al estado de la obra realizada durante el mes de junio en la calle udaondo al 1400 del barrio sauce, de la ciudad de beccar,-"
559-HCD-2024,2024,la libertad avanza,comunicacion,"si la restitucion de la placa en homenaje al bombero carlos ayala en la .plaza bartolome mitre, de la ciud.ad de san isidro.-'"
560-HCD-2024,2024,varios senores concejales,comunicacion,~iun informe relacionado a la eliminacion de la tasa vial contemplada en la ordenanza fiscal e impositiva.-
563-HCD-2024,2024,varios senores concejales,comunicacion,si un informe relacionado con los motivos por los cuales no se convoco a una reunion paritaria para procurar una suba salarial acorde para los trabajadores municipales.-
564-HCD-2024,2024,la libertad avanza,ordenanza,creando el programa de incentivos al empleo local.-
565-HCD-2024,2024,la lffiertad avanza,resolucion,"el h.c.d. expresa su repudio al regimen dictatorial de nicolas maduro en venezuela.- """
566-HCD-2024,2024,union por la patria,comunicacion,si al d.e. informe si el sr. fabricio acosta presta seryicios para el municipio.-
567-HCD-2024,2024,union por la patria,ordenanza,"creando el programa ""gondola del turismo"".-"
570-HCD-2024,2024,pro san isidro,ordenanza,declarando de interes cultural municipal la labor realizada por el exploratorio de ciencias de san isidro.-
572-HCD-2024,2024,varios senores concejales,resolucion,el h.c.d. expresa su reconocimiento a mateo majdalini por su. destacado desempeno en los juegos olimpicos paris 2024.-
573-HCD-2024,2024,varios senores concejales,resolucion,"el h.c.d. expresa su preocupacion y repudio a los hechos de violencia de genero denunciados contra el ex presidente de la nacion alberto fernandez, por quien fuera su pareja fabiola yanez.-"
574-HCD-2024,2024,union por la patria,ordenanza,adhiriendo a la ley nacional n° 27.043 y a la ley provincial n° 15.035 que refieren al abordaje integral e interdisciplinario de las personas que presentan trastornos del espectro autista (tea).-
575-HCD-2024,2024,varios senores concejales,comunicacion,"si trabajos de poda, recorte de raices y arreglo de veredas sobre la calle catamarca al 800, de la ciudad de martinez.-"
576-HCD-2024,2024,varios senores concejales,comunicacion,"si la reparacion de la rampa de accesibilidad ubicada en !a interseccion de las calles capitan alelo garrido y belgrano, de la ciudad san isidro.-"
577-HCD-2024,2024,varios senores concejales,comunicacion,"si la instalacion de totem s de seguridad en las inmediaciones del colegio san jose y el colegio republica argentina, de la ciudad de martinez.-"
579-HCD-2024,2024,varios senores concejales,comunicacion,"si la desratizacion en el radio comprendido entre av. centenario, diego palma y laprida, de la ciudad de san isidro.~"
580-HCD-2024,2024,varios senores concejales,comunicacion,"si los recursos necesarios para la construccion de una plazoleta entre las calles manuel lainez y bacacay, de la ciudad de boulogne.-"
581-HCD-2024,2024,varios senores concejales,comunicacion,"si garantizar el patrullaje y la instalacion de camaras de seguridad, en la interseccion de las calles udaondo y madame curie del barrio san cayetano, de la ciudad de beccar."""
584-HCD-2024,2024,",- varios senores concejales",resolucion,el h.cd. expresa su preocupacion sobre los datos arrojados del estudio realizado por la organizacion internacional unicef donde se revelo la situacion economica y social de la argentina.-
585-HCD-2024,2024,",- va.rios senores concejales",decreto,"el h.cd. declara de interes la muestra de arte ""grupo espartaco"" de la galeria de arte juana de arte, ubicada en la ciudad de martinez.-"
586-HCD-2024,2024,", va.rios senores concejales",comunicacion,si un informe relacionado con el plan de gobierno municipal para la costa de san isidro.-
587-HCD-2024,2024,la lmertad avanza,comunicacion,si la reparacion de las veredas en los ingresos al jardin de infantes municipal n°s de la ciudad de martinez.-
589-HCD-2024,2024,pro san isidro,ordenanza,"implementando en todos los establecimientos educativos de gestion publica municipal, y en espados publicos del distrito, el bloqueo de los sitios de apuestas online en todas las rede., de internet por wif! gratuito.-"
590-HCD-2024,2024,pro san isidro,resolucion,ei h.cd. expresa su conformidad con la media sancion que obtuvo el proyecto de ley 0322-d-2024: en la honorable camara de diputados de la nacion.-
591-HCD-2024,2024,union por la patria,ordenanza,"estableciendo una articulacion efectiva entre la secretaria de empleo y los centros de formacion profesionales, para la creacion de nuevos .empleos en el distrito.~"
592-HCD-2024,2024,union por la patria,comunicacion,"si a la secretaria de salud, responda a la brevedad el pedido realizado por la direccion de salud sexual y reproductiva del ministerio de salud de la provincia de buenos aires.-"
593-HCD-2024,2024,varios senores concejales,comunicacion,"si un informe relacionado con el retiro de desfibriladores cardiacos, de los moviles del progr2ma de cuidados comunitarios.-"
594-HCD-2024,2024,varios senores concejales,comunicacion,"si que se publique en el boletin oficial y se remita de manera urgente el decreto ""ad referendum"" por el cual se otorgo el incremento de haberes a los empleados municipales en actividad.-"
595-HCD-2024,2024,varios senores concejales,comunicacion,si extender las guarderias de bicicletas a todas las estaciones de trenes de las distintas localidades de san isidro.-
596-HCD-2024,2024,varios senores concejales,comunicacion,si la reparacion de baches de diversas calles de la ciudad de villa adelina.-
597-HCD-2024,2024,varios senores concejales,comunicacion,"si la posibilidad de modificar la carteleria que se encuentra frente a la escuela secundaria n°6, de la ciudad de san isidro.-"
598-HCD-2024,2024,varios senores concejales,comunicacion,si un informe relacionado con el consultorio de maternidades vulnerables del hospital municipal materno infantil.-
599-HCD-2024,2024,"va,rios senores concejales",resolucion,el h.cd. felicita y reconoce la actuacion del equipo argentino compuesto por mateo majdalani y eugenia bosco en nacra 17 por su participacion y la obtencion de la medalla de plata en los juegos olimpicos paris 2024.-
600-HCD-2024,2024,varios senores concejales,resolucion,"el h.cd. expresa su consternacion y manifiesta su repudio a los hechos de violencia de genero perpetrados por el ex presidente alberto fernandez, denunciado por fabiola yanez.-"
601-HCD-2024,2024,varios senores concejales,resolucion,el h.cd. expresa su preocupacion y repudio a los actos de violencia fisica y psicologica del ex presidente alberto fernandez contra fabiola yanez.-
602-HCD-2024,2024,la libertad avanza,comunicacion,si realizar todos los 28 de julio un homenaje al bombero carlos ayala.- .
603-HCD-2024,2024,varios senores concejales,comunicacion,si un informe relacionado a lo sucedido el pasado 12 de agosto en el area de monitoreo municipal.-
606-HCD-2024,2024,la libertad avanza san isidro,comunicacion,"si la reparacion de la cal1e america, en el tramo comprendido entre las cal1esjacinto dj¡iz y nicolas avel1aneda, de la ciudad de san isidro.-"
608-HCD-2024,2024,la libertad avanza san isidro,comunicacion,"si restablecer la iluminacion en la cal1e riobamba, entre la cal1e juan clark y la av. andres rolon, de la ciudad de beccar.-"
614-HCD-2024,2024,varios senores concejales,comunicacion,"si instalar un ~iemaforo peatonal y vehicular en la interseccion de la cal1es martin rodriguez y co':onel bogado, de la ciudad de boulogne.-.-"
615-HCD-2024,2024,varios senores concejales,resolucion,"el h.cd. declara de interes el 4 de septiembre de cada ano como el ""dia mundial de salud sexual"".-"
616-HCD-2024,2024,varios senores concejales,resolucion,"el h.cd. expresa su beneplacito por la conmemoracion del 50° aniversario de la escuela de educacion secundaria tecnica n°4 ""republica de bolivia"", de la ciudad de boulogne ..-"
618-HCD-2024,2024,la libertad avanza san isidro,comunicacion,"si planificar y ejecutar las obras necesarias para la reparacion de la calle o'hi~gins, en el tramo comprendido entre la calle neuquen y av. andres rolan, de la ciudad de san isidro.-."
619-HCD-2024,2024,la libertad avanza san isidro,comunicacion,"si realizar la poda y raleo en altura de los arboles de la calle udaondo, de la ciudad de beccar.-"
621-HCD-2024,2024,la libertad avanza san isidro,comunicacion,"si planificar y ejecutar las obras necesarias para la reparacion de la calle 3 de febrero, en el tramo comprendido entre la calle jorge' newbery y.ja av. andres rolon, dela ciudad de san isidro.-"
622-HCD-2024,2024,varios senores concejales,comunicacion,"si la reparacion del bache ubicado en la interseccion de las , calles camiro real moron y asamblea, de la ciudad de boulogne.-"
623-HCD-2024,2024,varios senores concejales,comunicacion,"si reparar y mantener la vereda de la calle moises lebensohn n°156, de la ciudad de boulogne.-"
625-HCD-2024,2024,union por la patria,comunicacion,si la correcta implementacion de la ley provincial n° 10.471 de la carrera hospitalaria.-
626-HCD-2024,2024,union por la patria,ordenanza,"creando el ""programa municipal de presupuesto participativo"" en el municipio de san isidro.-"
627-HCD-2024,2024,varios senores concejales,resolucion,el h.c.d. expresa su reconocimiento y felicitaciones al colegio republica argentina por cumplirse 40 anos de su fundacion.-
628-HCD-2024,2024,union por la patria,comunicacion,si el cese del subdelegado de la delegacion del barrio san isidro (bas.i.) .-
629-HCD-2024,2024,union por la patria,comunicacion,si realizar la correcta numeracion y nomenclatura de las calles perimetrales al barrio san isidro (bas.i.).-
631-HCD-2024,2024,b.loque union por la patria,comunicacion,si ala empresa aysa informacion relacionada con el cierre de las oficinas en el partido de san isidro.-
632-HCD-2024,2024,varios senores concejales,comunicacion,"s/ se gestione la administracion, ante el aabe o ante quien corresponda, del predio en desuso del arsenal de boulogne sito en av. rolon n° 1445, de este partido.-"
633-HCD-2024,2024,varios senores concejales,comunicacion,s/ un informe relacionado con el incendio de viviendas que se hayan reportado desde enero del corriente ano hasta la fecha.-
634-HCD-2024,2024,varios senores concejales,ordenanza,"creando el ""programa de atencion en casos de emergencia habitacional"", ante situaciones de incendios de viviendas en el partido de san isidro.-"
635-HCD-2024,2024,varios senores concejales,ordenanza,"autorizando en el partido de san isidro el ejercicio de la actividad gastronomica de los carros de comidas denominados ""food trucks"".- ."
636-HCD-2024,2024,la libertad avanza,comunicacion,"s/ la puesta en valor de los juegos y el reemplazo de la arena por piso de goma en la plaza roca, de la ciudad de beccar.-"
637-HCD-2024,2024,la libertad avanza,comunicacion,"s/ la reparacion de las luminarias y postes de luz del campo municipal de deportes n° 2, de la ciudad de boulogne.-"
638-HCD-2024,2024,varios senores concejales,comunicacion,"s/ la posibilidad de articular con el estado nacional para poner en valor los ~spacios verdes adyacentes a las autopistas panamericana y acceso norte, entre las calles parana y uru.guay, del partido de san isidro.-"
642-HCD-2024,2024,varios senores concejales,resolucion,"el h.c.d. expresa su repudio contra el diputado german kiczka, acusado de pedofilia, posesion y distribucion de material de abuso infantil.-"
645-HCD-2024,2024,pro san isidro,comunicacion,si un informe relacionado con el programa ojos en alerta.-
646-HCD-2024,2024,pro san isidro,comunicacion,si al d.e. que eleve al ministerio de transporte de la nacion un pedido de informe relacionado con la emision de licencias de conducir.-
647-HCD-2024,2024,pro san isidro,comunicacion,"si un informe relacionado con el estado de las instalaciones del predio del centro del programa juventud prolongada, puerto libre, de la ciudad de martinez.-"
648-HCD-2024,2024,la libertad avanza,comunicacion,si un informe sobre el centro municipal una mirada distinta.-
649-HCD-2024,2024,la libertad avanza,comunicacion,si un informe relacionado con el programa ojos en alerta.-
653-HCD-2024,2024,la libertad avanza san isidro,comunicacion,"si la reparacion de la calle liniers, entre las calles santana y formosa, de la ciudad de san isidro.-"
654-HCD-2024,2024,la libertad avanza san isidro,comunicacion,"si la instalacion de luminarias en las inmediaciones del centro de atencion primaria de sllud ""san isidro labrador"", de la ciudad de beccar.-"
655-HCD-2024,2024,la libertad avanza san isidro,comunicacion,"si la instalacion de reductores de velocidad en la calle lainez, entre las calles sarratea y 14 de julio, de la ciudad de boulogne.-"
656-HCD-2024,2024,union por la patria,comunicacion,"si la puesta en valor y la reapertura al publico del llamado ""paseo del aguila"", ubicado en la calle pueyrredon y la barranca, de este partido.-"
657-HCD-2024,2024,varios senores concejales,resolucion,"el h.c.d. declara de interes el festival teatral ""norestada"".-"
658-HCD-2024,2024,varios senores concejales,comunicacion,si se implemente una campana de recoleccion de raees en el edificio de este honorable concejo deliberante.-
659-HCD-2024,2024,union por la patria,resolucion,el h.c.d. expresa su beneplacito y felicitacion al comite paralimpico argentino por su destacada participacion en los juegos paralimpicos paris 2024.-
660-HCD-2024,2024,union por la patria,ordenanza,"creando el ""digesto .ambiental"" en el ambito del municipio de san isidro.-"
661-HCD-2024,2024,union por la patria,decreto,instalando un desfibrilador externo automatico (dea) en el interior de este honorable concejo deliberant€.-
662-HCD-2024,2024,union por la patria,comunicacion,si se proceda a reinstaurar y fortalecer el programa de justicia juvenil restaurativa.-
663-HCD-2024,2024,vaidos senores concejales,comunicacion,si dar cumplimiento a la ordenanza n° 7659.-
664-HCD-2024,2024,varios senores concejales,comunicacion,"si la construccion de una darsena para las lineas de colectivos que transitan por la av. camino real moron san fernando altura 1200, de la ciudad de boulogne.-"
665-HCD-2024,2024,varios senores concejales,comunicacion,"si la colocacion de un refugio para pasajeros en la parada de transporte publico sita en la calle juan a. mazza en su interseccion con la av. bernardo ader , de este partido.-"
666-HCD-2024,2024,varios senores concejales,comunicacion,"si la realizacion de trabajos de poda y recorte de raices del arbol ubicado en la vereda de la calle' italia n° 2486, de la ciudad de martinez.-"
667-HCD-2024,2024,varios senores concejales,comunicacion,"si la evaluacion d,~larbol ubicado en la calle wilde n° 2078 de la ciudad de boulogne, debido a que sus raices afectaron la senda publica y el interior de un inmueble. -"
668-HCD-2024,2024,varios senores concejales,comunicacion,"si la reconstruccion del cordon en la interseccion de las calles pampa y gobernador udaondo, de la ciudad de beccar.-"
669-HCD-2024,2024,varios senores concejales,comunicacion,"si realizar las tareas necesarias para acondicionar la vereda que circunda el perimetro del jardin de infantes n° 902, ubicado en la calle aristobulo del valle n° 21, de la ciudad de martinez.-"
670-HCD-2024,2024,varios senores concejales,comunicacion,"si realizar una evaluacion, y de ser necesario proceder a la poda y raleo de los arboles ubicados en la calle gral. guemes n° 170, de la localidad de acassuso.-"
671-HCD-2024,2024,varios senores concejales,comunicacion,"si un informe relacionado con la calle dorrego altura 1800, entre las calles la paz y talcahuano, de la ciudad de martinez.-"
672-HCD-2024,2024,varios senores concejales,resolucion,"el h.c.d. expresa su reconocimiento y felicita al instituto san jose, por cumplir 62 anos de su fundacion."""
673-HCD-2024,2024,varios senores concejales,comunicacion,"si evaluar las medidas necesarias para fortalecer y brindar mayor seguridad en la escuela secundaria tecnica n° 1, ubicada en la calle neuquen n° 1229, de la ciudad de san isidro.-"
674-HCD-2024,2024,varios senores concejales,resolucion,"el h.c.d. expresa tu beneplacito por la conmemoracion del 40° aniversario del instituto de formacion docente y tecnica ""maestro isauro arancibia"" ,de la ciudad de san isidro.-"
675-HCD-2024,2024,varios senores concejales,comunicacion,"si la repavimenlacion de la calle jose figueroa alcorta, entre la av. camino real moron y la calle dr. raul bagnati, de la ciudad de boulogne.-"
676-HCD-2024,2024,varios senores concejales,resolucion,"el h.c.d. declara de interes al coro ""stella maris"" por su aporte a la cultura de nuestra ciudad.-"
677-HCD-2024,2024,la libertad avanza,comunicacion,"si la extraccion del arbol situado en la calle pampa n° 214 de la ciudad de san isidro, que se encuentra bajo el reclamo n° 631622.-"
678-HCD-2024,2024,la libertad avanza,comunicacion,"si la reposicion del nomenclador de la calle monsenor larumbe y la av. san fe, de la ciudad de martinez.-"
680-HCD-2024,2024,la libertad avanza san isidro,comunicacion,"si la reparacion de la calle diego palma, entre la calle haedo y la av. andres rolon, c.e la ciudad de san isidro.-"
681-HCD-2024,2024,la libertad avanza san isidro,comunicacion,"si realizar la poda y raleo en altura de los arboles que se encuentran en la calle billinghurst, entre las calles avellaneda y don basca, de la ciudad de san isidro.-"
682-HCD-2024,2024,la libertad avanza san isidro,comunicacion,"sise evalue la posibilidad de implementar la instalacion de una posta policial en la interseccion de las calles lynch y gral. guido, de la ciudad de beccar.- ."
684-HCD-2024,2024,pro san isidro,comunicacion,"si trabajos de bacheo y pavimentacion en la calle justo jose de urquiza alturas 183 y 171, de la localidad de acassuso.-"
685-HCD-2024,2024,pro san isidro,comunicacion,si un informe relacionado con politicas publicas en materia de salud sexl:lal y procreacion responsable.-
686-HCD-2024,2024,pro san isidro,resolucion,"el h.c.d. declara de interes la jornada de nado solidario y concientizacion por el cancer de mama ""travesia rosa"".-"
687-HCD-2024,2024,moque pro san isidro,comunicacion,si un informe relerente al programa eco residuos.-
688-HCD-2024,2024,pro san isidro,comunicacion,si un informe relacionado con el operativo frio.-
690-HCD-2024,2024,varios senores concejales,decreto,disponiendo la colocacion de una placa conmemorativa en el cementerio de boulogne con motivo de cumplirse el 40° aniversario de la primera exhumacion del equipo argentino de antropologia forense en el pais y que se realizo en dicho cementer
691-HCD-2024,2024,la libertad avanza,comunicacion,"si la reparacion de la vereda sobre la calle fondo de la legua n°49, de la ciudad de san isidro.-"
692-HCD-2024,2024,la libertad avanza,comunicacion,si llevar a cabo la limpieza de las veredas en los centros comerciales del partido de san isidro.-
693-HCD-2024,2024,la libertad avanza,comunicacion,si desarrollar un plan integral de arreglo y mantenimiento de las calles del municipio.-
694-HCD-2024,2024,la libertad avanza,comunicacion,"si brindarles a los comerciantes del centro de san isidro los materiales necesarios para que puedan llevar a cabo la celebracion organizada por el ""dia de la madre"".-"
697-HCD-2024,2024,la libertad avanza,comunicacion,s/ intensificar el patrullaje en el bajo de san isidro.-
698-HCD-2024,2024,la libertad avanza,comunicacion,s/ arbitrar las medidas necesarias con el fin de articular el trabajo del cuerpo de caminantes junto con los comerciantes para prevenir el delito en los centros comerciales del partido.-
699-HCD-2024,2024,la libertad avanza,comunicacion,"s/ arbitrar las medidas necesarias para capacitar a todos los comerciantes del distrito sobre el programa ""ojos en alerta"".-"
700-HCD-2024,2024,la libertad avanza,comunicacion,s/ la instalacion de camaras de seguridad en todos los centros comerciales del partido.-
701-HCD-2024,2024,la libertad avanza,resolucion,el h.c.d. declara de interes las jornadas de historia de los historiadores de fondo de la legua.-
702-HCD-2024,2024,varios senores concejales,resolucion,"el h.c.d. felicita a b delegacion del equipo de patinaje artistico del club atletico social villa adelna (casva) y a su profesora maria belen facciorusso, por su desempeno en el campeonato nacional absoluto 2024, que se disputo el corriente"
810-HCD-2024,2024,pro - san isidro,ordenanza,prohibiendo el uso de pirotecnia en todo evento que se realice en el ambito del partido de san isidro.-
814-HCD-2024,2024,varios senores concejales,resolucion,el h.cd. expresa su repudio frente a las expresiones vertidas por el presidente de la nacion.-
815-HCD-2024,2024,union por la patria,comunicacion,si un informe referente a las politicas y acciones de apoyo a la integracion escolar implementadas por el municipio.-
816-HCD-2024,2024,union por la patria,comunicacion,s! un informe relacionado con el convenio firmado con la fundacion barcelo.-
817-HCD-2024,2024,union por la patria,comunicacion,s! un informe relacionado con las denuncias de violencia de genero.-
818-HCD-2024,2024,union por la patria,ordenanza,instalando dispositivos parlantes para ciegos y personas con disminucion visual en diversos semaforos con cruce peatonal y en las cercanias de las instituciones orientadas a personas con alguna discapacidad visual.-
819-HCD-2024,2024,union por la patria,decreto,"el h.cd. declara ello de diciembre de cada ano corno el ""dia mundial del sida"".-"
820-HCD-2024,2024,union por la patria,comunicacion,"s! un informe relacionado con la ong ""alegrate madre"".-"
822-HCD-2024,2024,la libertad avanza san isidro,comunicacion,"s! la reparacion de la calle don basca, en el tramo comprendido entre las calles guillermo hudson y alto peru, de la ciudad de san isidro.-"
823-HCD-2024,2024,varios senores concejales,comunicacion,s! al d.e. que informe los indices de cobrabilidad mensual de las tasas alcanzadas por el plan de regularizacion de deudas durante el ano 2024.-
824-HCD-2024,2024,varios senores concejales,comunicacion,"s! al d.e. que cree el ""programa vecino cumplidor"", destinado a premiar y reconocer a vecinos que se destacan por el cumplimiento puntual y responsable de las obligaciones tributarias municipales.-"
826-HCD-2024,2024,varios senores concejales,comunicacion,"si al d.e. qul~remita las constancias de la invitacion oficial al ""eleventh anual boomberg citylab and mayor inovation studio"", llevado a cabo en la ciudad de mexico los dias 14, 15 y 16 de octubre.-"
827-HCD-2024,2024,varios senores concejales,comunicacion,si un informe relacionado con la renuncia del secretario de salud publica del municipio.-
828-HCD-2024,2024,varios senores concejales,comunicacion,si al d.e. que remita los convenios suscriptos en el marco de lo establecido en el decreto n° 502/2024.-
829-HCD-2024,2024,varios senores concejales,ordenanza,"regulando los viajes y obsequios otorgados por empresas privadas, instituciones y personas fisicas al intendente, funcionarios municipales y cualquier otro agente en funcion publica del municipio.-"
831-HCD-2024,2024,por - san isidro,comunicacion,si que los sanitarios publicos de la plaza mitre permanezcan abiertos a disposicion de los vecinos hasta las 18.30 hs.-
832-HCD-2024,2024,varios senores concejales,comunicacion,"si el refuerzo de patrullaje y la instalacion de camaras de seguridad en la calle rosario, entre las calles nuestras malvinas y montes de oca, de la ciudad de boulogne.-"
833-HCD-2024,2024,varios senores concejales,comunicacion,si un informe relacionado al servicio de guardia pediatrica del hospital municipal de boulogne.-
834-HCD-2024,2024,varios senores concejales,decreto,"incluyendo al h.c.d. a la muestra distrital de las actividades realizadas dentro del programa jovenes y memoria ""memoria en movimiento, jovenes en accion. construyendo esperanza"".-"
836-HCD-2024,2024,varios senores concejales,ordenanza,"declarando a la ciudad de martinez como ""ciudad del cine y las artes visuales"".-"
837-HCD-2024,2024,union por la patria,comunicacion,si un informe relacionado con el acceso al trabajo formal travesti-trans en el ambito municipal.-
838-HCD-2024,2024,varios senores concejales,ordenanza,"estableciendo como requisito para ocupar cargos como funcionario publico en el poder ejecutivo municipal, que la persona tenga una residencia minima de tres anos inmediatamente anteriores a su designacion en el partido.-"
840-HCD-2024,2024,varios senores concejales,ordenanza,"creando el ""banco municipal de medicamentos para uso veterinario"". -"
841-HCD-2024,2024,varios senores concejales,comunicacion,si al organo nacional correspondil:mte la implementacion de la boleta unica de papel en las proximas elecciones legislativas 2025.-
842-HCD-2024,2024,varios senores concejales,resolucion,"el hcd. declara de interes la jornada de limpieza de playa llevada a cabo por asez bajo el lema ""salvemos la tierra de la a a la z"", realizada el dia 30 de octubre.-"
843-HCD-2024,2024,varios senores concejales,resolucion,el hcd. declara de'interes el programa futuro memoria llevado a cabo por la subsecretaria de derechos humanos de la prov. de buenos aires.-
844-HCD-2024,2024,varios senores concejales,ordenanza,"declarando de interes el dia mundial para la prevencion del abuso sexual infantil, que se conmemora el dia 19 de noviembre de cada ano.-,"
845-HCD-2024,2024,union por la patria,comunicacion,si un informe relacionado con la agencia de control ambiental.-
848-HCD-2024,2024,union por la patria,comunicacion,si un informe relacionado con las actividades planificadas para el carnaval 2025.-
849-HCD-2024,2024,varios senores concejales,comunicacion,"si reparar los baches que se encuentran en la interseccion de las calles darragueira y asamblea, y en la batalla la florida, entre las calles novaro y mazza, de la ciudad de boulogne.-"
850-HCD-2024,2024,varios senores concejales,comunicacion,si articular con el banco de la provincia de buenos aires a efectos la colocacion de un cajero automatico en alguna de las instalaciones municipales.-
851-HCD-2024,2024,varios senores concejales,comunicacion,"si interceder ante la aabe por el predio ubicado en la interseccion de las calles int. tomkim:on y neuquen, en la ciudad de beccar.-"
852-HCD-2024,2024,varios senores concejales,comunicacion,"si la reparacion de las luminarias ubicadas en la av. andres rolon al 1600, de la ciudad de beccar.-"
853-HCD-2024,2024,varios senores concejales,comunicacion,"si la colocacion y nomenclatura en la interseccion de las calles maestro santana y uruguay, de la ciudad de beccar.-"
854-HCD-2024,2024,vaflos senores concejales,comunicacion,"si realizar las tareas que correspondan al arbol ubicado en la calle maestro santana n° 2584, de la ciudad de beccar.-.-"
855-HCD-2024,2024,vaflos senores concejales,comunicacion,si la reparacion y puesta en valor de los aparatos de la posta aerobica ubicada en el arsenal de boulogne.-
856-HCD-2024,2024,varios senores concejales,comunicacion,"si incorporar al programa de puesta en valor y mantenimiento de la red vial y aceras, la reparacion del bache situado en la interseccion de la av. de mayo y la calle virrey vertiz, de la ciudad de villa adelina.-"
857-HCD-2024,2024,varios senores concejales,comunicacion,"si la poda en altura de los arboles ubicados en la calle olazabal n° 508 al 558, de la ciudad de boulogne.-"
858-HCD-2024,2024,varios senores concejales,comunicacion,"si la puesta en valor de los juegos de la plaza almirante brown, de la ciudad de villa adelina.-"
859-HCD-2024,2024,varios senores concejales,comunicacion,si un informe relacionado a la readecuacion del sistema educativo en el nivel inicial del municipio.-
860-HCD-2024,2024,varios senores concejales,comunicacion,"si incorporar al programa de puesta en valor y mantenimiento de la red vial y aceras, a las veredas de ambas manos de la av. andres rolon, entre las calles riobamba e int. neyer, de la ciudad de beccar.-"
862-HCD-2024,2024,la libertad avanza,comunicacion,"si la reparacion y asfaltado de la calle magallanes, entre las calles pedro de mendoza y el camino de la ribera norte, del bajo de san isidro.-"
863-HCD-2024,2024,la libertad avanza,comunicacion,si un informe sobre el estado del estacionamiento del tren de la costa.-
864-HCD-2024,2024,la libertad avanza,ordenanza,modificando el punto 1.2.4.8 del codigo de ordenamiento urbano.-
865-HCD-2024,2024,varios senores concejales,comunicacion,si un informe relacionado con la licitacion publica n° 16/2024.-
866-HCD-2024,2024,union por la patria,resolucion,"estableciendo que el dia 14 de noviembre de cada ano se ilumine la fachada de este h,cd. con el color azul, correspondiente al ""dia mundial de la diabetes"" .-"
867-HCD-2024,2024,union por la patria,comunicacion,si las medidas necesarias para la realizacion de la deteccion de diabetes en todo el personal municipal.-
868-HCD-2024,2024,"union por la patria,",ordenanza,"estableciendo en el ambito del partido de san isidro, la ""semana de los trastornos alimentarios y la imagen corporal"",-"
869-HCD-2024,2024,union por la patria,resolucion,"el h,cd. declara de interes el dia 30 de noviembre de cada ano como ""dia internacional de lucha contra los trastornos alimentarios"".-"
870-HCD-2024,2024,la libertad avanza,comunicacion,si un informe relacionado con el programa de reciclaje municipal.-
871-HCD-2024,2024,la libertad avanza,comunicacion,si prohibir las pintadas en paredes sin previa autorizacion de los duenos o del municipio segun corresponda.-
872-HCD-2024,2024,la libertad avanza,ordenanza,creando el proyecto integral del puerto de san isidro.-
874-HCD-2024,2024,la libertad avanza,comunicacion,"si establecer la obligatoriedad del estacionamiento a 45° contra las vias del tren en la calle rivadavia, entre uriburu y brasil, de la ciudad de beccar,-"
875-HCD-2024,2024,la libertad avanza,comunicacion,si al d.e que brinde a los senores concejales el mapa de camaras de seguridad del municipio.-
895-HCD-2024,2024,la libertad avanza san isidro,comunicacion,si le.instalacion /:leun semaforo en la interseccion de las calles jose ingenieros y hudson~ de la ciudad de beccar.-
896-HCD-2024,2024,la libertad avanza san isidro,comunicacion,"si la instalacion de una camara de seguridad en la interseccion de las calles rivadavia y uriburu, de la ciudad de beccar.-"
897-HCD-2024,2024,la libertad avanza san isidro,comunicacion,"si la extraccion del arbol situado en la calle rivadavia n° 1893, de la ciudad de b'2ccar.-"
898-HCD-2024,2024,la libertad avanza san isidro,comunicacion,"si la :instalacion de luminarias en la calle rivadavia en su interseccion con la calle sarandi, de la ciudad de beccar.-"
900-HCD-2024,2024,la libertad avanza san isidro,comunicacion,"si la reposicion del nomenclador de la calle formosa en su interseccion con la calle uruguay, de la ciudad de beccar.-"
901-HCD-2024,2024,pro - san isidro,resolucion,"el hcd. manifiesta su repudio a la distribucion realizada por el gobierno de la provincia de buenos aires en las .escuelas secundarias de la provincia del material llamado ""cometierra"".-"
902-HCD-2024,2024,pro - san isidro,comunicacion,"si un pedido de informe referente al uso de armas no letales dentro de las fuerzas de seguridad municipales.- ,"
904-HCD-2024,2024,varios senores concejales,resolucion,el h.cd. manifiesta su beneplacito y felicita a toda la delegacion del partido de san isidro que nos represento en la 33° edicion de los juegos bonaerenses.-
905-HCD-2024,2024,varios senores concejales,resolucion,el h.co. expresa su repudio a lo ocurrido el pasado 9 de noviembre en la inauguracion de nuevos vestuarios masculinos en el club ba.nade.-
906-HCD-2024,2024,varios senores concejales,ordenanza,adhiriendo a la ley provincial n° 15.406.-
907-HCD-2024,2024,varios senores concejales,comunicacion,"si al d.e. que considere disponer el libre estacionamiento de transito en aquellas zonas comerciales a cielo abierto en todo el partido, desde el dia 23 de diciembre de 2024 hasta el6 de enero de 2025.-,"
908-HCD-2024,2024,varios senores concejales,ordenanza,"estableciendo en el partido de san isidro todos los 19 de febrero de cada ano como el ""dia municipal contra la discriminacion por orientacion sexual, identidad y expresion de genero en el deporte"" .•"
909-HCD-2024,2024,pro. - san isidro,resolucion,"el h.cd. felicita y se enorgullece por la trayectoria y la reciente condecoracion de ""member of the british empire"" otorgada al vecino peter macfarlane.-"
912-HCD-2024,2024,varios senores concejales,comunicacion,"si garantizar micras escolares para el traslado de los estudiantes que participan en el ""programa de consolidacion democratica y participacion ciudadana juvenil, banca 25"".-"
913-HCD-2024,2024,varios senores concejales,comunicacion,"si gestionar ante edenor s.a. el correcto mantenimiento del poste de luz ubicado en la calle martin y ornar n° 1098, de la ciudad de san isidro.-"
914-HCD-2024,2024,varios senores concejales,resolucion,"el h.c.d. declara de interes a la universidad nacional scalabrini ortiz en el marco del ""dia nacional de la gratuidad de la ensenanza universitaria en argentina"".-"
915-HCD-2024,2024,la libertad avanza san isidro,comunicacion,"si la colocacion de un- cartel indicador con la leyenda ""a 100 mts. destacamento de bomberos"" sobre la calle uruguay en su interseccion con la calle murature, de la ciudad de beccar.-"
916-HCD-2024,2024,varios senores concejales,ordenanza,creando la direccion municipal de derechos humanos.-
917-HCD-2024,2024,varios senores concejales,comunicacion,"si el mantenimiento y saneamiento de las cloacas de todo el. barrio ""276 viviendas, villa la cava, fonavi"", de la ciudad de beccar.-"
918-HCD-2024,2024,union por la patria,comunicacion,si la colocacion de refugios para las paradas de transporte publico de la linea 333 y 407 en divemas calles del bajo boulogne.-
919-HCD-2024,2024,union por la patria,comunicacion,"si reforzar las luminarias en la calle jose ingenieros, entre ramal tigre y la calle uspallata, de la ciudad de beccar.-"
920-HCD-2024,2024,varios senores concejales,comunicacion,si un informe relacionado con la supuesta disminucion de los indices delictivos en el distrito.-
921-HCD-2024,2024,varios senores concejales,resolucion,"el h.c.d. declara de interes el proyecto eco-cycle, realizado por estudiantes del ciclo lectivo 2024 de la escuela de educacion secundaria tecnica n°4, de la ciudad de boulogne.-"
924-HCD-2024,2024,la libertad avanza,resolucion,el h.c.d. expresa su beneplacito a la admirable labor social y apoyo al desarrollo humano que desempenan los centros conin en san isidro y en todo el pais.-
925-HCD-2024,2024,la libertad avanza,comunicacion,"si el arreglo de las rejas de las alcantarillas de lacalle pacheco, a la altura de las vias del tren de la costa, de la ciudad de martinez.-"
926-HCD-2024,2024,la libertad avanza,comunicacion,s/ proveer de pistolas taser a los agentes de seguridad del municipio.-
927-HCD-2024,2024,cambia san isidro,resolucion,"el h.cd. declara de interes a la revista especializada en rugby ingoal, por su contribucion a la pl'omocion y difusion de los valores deportivos en la comunidad.-"
928-HCD-2024,2024,cambia san isidro,resolucion,"el h,cd. expresa su reconocimiento al sr. donald mccluskey, vecino de san isidro, por su reconocida y vasta trayectoria en la cultura nacional.-"
931-HCD-2024,2024,frente renovador - union x la patria,comunicacion,"s/ la reparacion de las luminarias ubicadas en el exterior de la escuela de educacion secundaria n° 7 ""nicolas copernico"", de la ciudad de villa adelina.-"
932-HCD-2024,2024,vamos senores concejales,resolucion,el h.cd. expresa su preocupacion por el decreto nacional n° 1024/2024 por el cual el gobierno nacional habilita la venta libre de medicamentos en gondolas.-
933-HCD-2024,2024,union por la patria,comunicacion,"s/ la remocion del auto ubicado en la calle maestra manuela garcia n° 2255, entre las calles hudson y lynch, de la ciudad de beccar.-"
934-HCD-2024,2024,union por la patria,comunicacion,"s/ la instalacion de un semaforo peatonal y vehicular en la interseccion de las calles nuestras malvinas y luis maria campos, de la ciudad de boulogne.-"
935-HCD-2024,2024,union por la patria,comunicacion,s/ un informe relacionado con la emergencia habitacional en nuestro municipio.-
936-HCD-2024,2024,union por la patria,comunicacion,"s/ un informe relacionado con la camara de seguridad ubicada en la interseccion de las calles moises lebensohn y sarratea, de la ciudad de boulogne.-"
937-HCD-2024,2024,union por la patria,resolucion,el h.cd. expresa su beneplacito por el programa provincial de cannabis terapeutico por parte del ministerio de salud de la provincia de buenos aires.-
938-HCD-2024,2024,la libertad avanza,ordenanza,"estableciendo una reduccion del 10% en el importe de la tasa de alumbrado, barrido y limpieza para aquellos vecinos que tengan un contenedor de residuos en el frente de su casa.-"
945-HCD-2024,2024,union por la patria,comunicacion,"si garantizar la correcta iluminacion correspondiente a las intersecciones de la calle sarratea entre m. belen de cazon y mtra. vicenta ravello, de la ciudad de boulogne.-"
946-HCD-2024,2024,union por la patria,comunicacion,"si la colocacion de reductores de velocidad en la interseccion de las calles sarratea y cervantes, de la ciudad de boulogne.-"
947-HCD-2024,2024,union por la patria,comunicacion,"si la instalacion de un semaforo peatonal y vehicular en la interseccion de las calles bernardo de irigoyen y comodoro rivadavia, de la ciudad de boulogne.-"
948-HCD-2024,2024,union por la patria,comunicacion,"si la remocion del contenedor ubicado en la calle jorge j\iewbery n° 1972, de la ciudad de beccar.-"
949-HCD-2024,2024,union por la patria,comunicacion,"si el raleo y poda del arbol ubicado en la calle jorge newbery j\io1972, de la ciudad de beccar.-"
40-HCD-2025,2025,la libertad avanza,ordenanza,"estableciendo el 25 de marzo como"" dia municipal del nino por nacer"".-"
47-HCD-2025,2025,union por la patria,comunicacion,si un informe referente a jos hechos de inseguridad en barrios populares de la ciudad de beccar.-
50-HCD-2025,2025,varios senores concejales,ordenanza,"creando el programa municipal de,derechos humanos ""esquinas por la memoria"", en el ambito del partido de san isidro.-"
51-HCD-2025,2025,varios senores concejales,ordenanza,"disponiendo con el nombre de ''teniente de fragata alejandro tagliapietra"" a la rotonda que se encuentra en l<iinterseccion de la av. andres rolon y la calle jose ingenieros, de la ciudad de beccar.-"
52-HCD-2025,2025,varios senores concejales,resolucion,"estableciendo que el dia 24 (le marzo de cada ano se ilumine la • ~achada del h,cd. de color blanco, en homenaje a los panuelos de las madres y abuelas de plaza de mayo.-"
53-HCD-2025,2025,union por la patria,resoj,",ucion.- el h.c.d. expresa su repudio'a la represion ejercida el dia 12 de marzo de 2025 contra jubilados, jubiladas, manifestantes y periodistas en la movilizacion realizada frente al congreso de la nacion.- ."
54-HCD-2025,2025,union por la patria,comunicacion,"si el arreglo de luminarias de la calle olazabal y su interseccion , . con la calle c. gascon, de la ciudad de boulogne.- i . ~. !,"
55-HCD-2025,2025,union por la patria,comunicacion,"si la reparacion de los baches que se encuentran en la "" interseccion de las calles perito moreno y yerbal, de la ciudad de villa adelina.-"
59-HCD-2025,2025,union por la patria,resolucion,"el h.c.d. expresa su repudio a la resolucion n° 187/2025 de la agencia nacional de discapacidad, por el uso de terminologia discriminatoria y ofensiva hacia'personas con discapacidad.-"
60-HCD-2025,2025,union por la patria,comunicacion,"si el acceso al sistema informatico rafam, con usuario persoral, clave y permiso de consulta a cada uno de lasl os concejales.-"
61-HCD-2025,2025,la libertad avanza,comunicacion,"si asignar los :recursos nec'esarios, en materia de seguridad, en el.municipio.-' .~"
63-HCD-2025,2025,la libertad avanza,comunicacion,"si la puesta en valor, en diversos tramos, de la calle aguado de la ciudad de boulogne.-"
64-HCD-2025,2025,la libertad avanza,comunicacion,"si la inclusion de una rampa para pequenas embarcaciones y banos publicos en el proyecto de reforma de las costa a la altura de 33 orientales, de la ciudad de beccar.-"
65-HCD-2025,2025,union por la patria,resolucion,"estableciendo que el dia 8 de marzo de cada ano se ilumine la fachada del h.c.d. con el color violeta, conmemorando el ""dia internacional de la mujer trabajadora"".-"
66-HCD-2025,2025,varios senores concejales,decreto,"modificando la fecha de celebracion de la tercera sesion ordinaria de este h. cuerpo, para el dia 03 de abril del corriente ano, a las 12 horas.-"
67-HCD-2025,2025,union por la patria,comunicacion,"si un informe relacionado con el festival ""lollapalooza"", que se llevara a cabo los dias 21, 22, y23 de marzo de 2025, en el hipodromo de san isidro.-"
68-HCD-2025,2025,union por la patria,comunicacion,"si un informe referente al proyecto ""master plan"" que se esta llevando a cabo en la zona de 33 orientales y la av. mitre, en la ciudad de beccar.-"
69-HCD-2025,2025,union por la patria,comunicacion,"s i la reparacion de los baches en la calle nuestras malvinas, entre el 1000 y ellloo, de la ciudad de boulogne.-"
70-HCD-2025,2025,union por la patria,comunicacion,si la reparacion de baches en diversas calles de la ciudad de villa adelina.-
71-HCD-2025,2025,union por la patria,comunicacion,"si la reparacion de la vereda ubicada en la calle corrientes al 1557, de la ciudad de martinez.-"
80-HCD-2025,2025,union por la patria,decreto,"declarando de interes del h.ed. la jornada aerobica- recreativa ""benito corre"", organizada por la comunidad de la escuela secundaria n° 14 ""benito lynch"", de la ciudad de boulogne.-"
81-HCD-2025,2025,union por la patria,comunicacion,"s/ garantizar el patrullaje correspondiente a la zona de la escuela n° 19, donde funciona fines y epa durante la jornada comprendida entre las 18 y 22 horas, de lunes a viernes desde marzo hasta diciembre.-"
82-HCD-2025,2025,la libertad avanza san isidro,comunicacion,"si un refugio de pasajeros en la calle patagonia en su interseccion con la calle reclus, de la ciudad de boulogne.-"
83-HCD-2025,2025,la libertad avanza san isidro,comunicacion,"s/ la reparacion y bacheo en la calle rodriguez pena, en el tramo comprendido entre la calle carlos pellegrini y la av. santa fe, de la ciudad de martinez.-"
85-HCD-2025,2025,la libertad avanza san isidro,comunicacion,"si la instalacion de una camara o domo de seguridad en la interseccion de las calles gervasio posadas y america, de la ciudad de beccar.-"
86-HCD-2025,2025,union por la patria,comunicacion,"si garantizar el patrullaje en las inmediaciones de las calles junin entre capitan juan de san martin y camino real moron, de la ciudad de boulogne.-"
88-HCD-2025,2025,union por la patria,comunicacion,"si un informe relacionado con la suspension del proyecto inmobiliario ""costa-townhouses al rio"".-"
89-HCD-2025,2025,union por la patria,comunicacion,si un informe relacionado sobre la donacion efectuada por la sra. wanda nara al hospital central de san isidro.-
90-HCD-2025,2025,union por la patria,comunicacion,"si un informe relacionado con el ""convenio de asistencia academica, tecnica y de cooperacion"" y el ""convenio especifico"" suscritos con la universidad austral.-"
92-HCD-2025,2025,union por la patria,comunicacion,"si garantizar lida correcta iluminacion en la zona comprendida por la calle junin entre las calles capitan juan de san martin y rosario, de la ciudad de boulogne.-"
93-HCD-2025,2025,union por la patria,comunicacion,si la ampliacion del estacionamiento publico del cementerio municipal de la ciudad de boulogne.-
94-HCD-2025,2025,union por la patria,comunicacion,si la reincorporacion de los cursos dados de baja del centro de formacion profesional municipal n°i de san isidro.-
95-HCD-2025,2025,varios senores concejales,ordenanza,efectuando modificaciones al codigo de ordenamiento urbano.-
96-HCD-2025,2025,vaiuos senores concejales,comunicacion,si un informe relacionado con la contratacion directa de una campana integral de difusion adjudicada mediante decreto n° 192/2025.-
97-HCD-2025,2025,la libertad avanza san isidro,comunicacion,"si reforzar la iluminacion e instalar camaras de . seguridad en la calle jacinto diaz, entre las calles america y san jose, de la ciudad de san isidro.-"
98-HCD-2025,2025,la libertad avanza san isidro,comunicacion,"si la poda del arbol ubicado en la calle verduga n° 1286, de la ciudad de villa adelina.-"
99-HCD-2025,2025,union por la patria,comunicacion,si garantizar el correcto desecho de residuos en las inmediaciones del cementerio municipal de la ciudad de boulogne.-
100-HCD-2025,2025,varios senores concejales,comunicacion,si un informe relacionado con la modalidad de contratacion de las practicas diagnosticas de medicina nuclear generadas en el sistema de salud de san isidro.-
101-HCD-2025,2025,union por la patria,comunicacion,si gestionar la adjudicacion de escrituras a las familias del distrito que cumplan con los requisitos establecidos en la ley provincial n° 10.830 de regularizacion dominial-
112-HCD-2025,2025,union por la patria,ordenanza,"creando en los edificios de las instituciones municipales de san isidro un espacio dedicado a la lactancia, cuya funcion sera recolectar, conservar y administrar la leche materna.-"
113-HCD-2025,2025,union por la patria,comunicacion,"si la apertura de una oficina de la direccion provincial de personas juridicas de la pcia. de buenos aires, para dar curso a la certificacion de firma y reserva de nombre y demas tramites necesarios para el inicio de la personeria juridica."
114-HCD-2025,2025,la libertad avanza,comunicacion,si un informe relacionado con especificaciones tecnicas del anillo digital que planea implementar el departamento ejecutivo en materia de seguridad.-
117-HCD-2025,2025,la libertad avanza,comunicacion,"si dar solucion definitiva a los reclamos de los vecinos de la calle juan clark al 1300, relacionados con la limpieza, de la ciudad de beccar.-"
118-HCD-2025,2025,la libertad avanza,comunicacion,si un informe que incluya el censo de arbolado requerido para la elaboracion del plan maestro de arbolado publico.-
120-HCD-2025,2025,la libertad avanza,comunicacion,"si reforzar la seguridad en la salida del jardin de infantes n° 901 ""dominguito"", de la ciudad de san isidro.-"
121-HCD-2025,2025,la libertad avanza,comunicacion,"si la modificacion de sentido unico de circulacion vehicular para la calle aguado, entre las avenidas sucre hacia rolon, de la ciudad de san isidro.-"
122-HCD-2025,2025,la libertad avanza,comunicacion,si reforzar la limpieza del espacio publico en el centro comercial de san isidro.-
128-HCD-2025,2025,union por la patria,comunicacion,"si la colocacion de una valla de contencion frente al jardin municipal n°s ""stella maris"", de la ciudad de martinez.-"
129-HCD-2025,2025,union por la patria,comunicacion,"si la habilitacion de una oficina permanente de atencion para personas con discapacidad, con el objeto de brindar contencion, orientacion y asistencia a quienes hayan visto interrumpidas sus prestaciones y pensiones.-"
130-HCD-2025,2025,union por la patria,comunicacion,"si un informe relacionado con el acceso publico a las calles pedro de mendoza y los robles, de la ciudad de san isidro.-"
131-HCD-2025,2025,union por la patria,comunicacion,si la remision de un listado completo de las calles del partido cuyo acceso se encuentre restringido o limitado.-
132-HCD-2025,2025,conservador popular,comunicacion,"si un informe relacionado a un llamado de emergencia ocurrido en la madrugada del lunes 8 de abril de 2025 en la calle mitre al 800, de la ciudad de martinez.-"
133-HCD-2025,2025,union por la patria,comunicacion,"si a la empresa edenor el mantenimiento del poste de luz ubicado en la calle thames n° 2854, pasillo 1 b de la ciudad de boulogne.- o"
134-HCD-2025,2025,union por la patrla,comunicacion,si un informe relacionado con la planificacion de paradores y campanas de frio para personas en sihlacion de calle en el ambito del partido.-
135-HCD-2025,2025,union por la patria,comunicacion,"si a la empresa edenor el mantenimiento del poste de luz ubicado en la interseccion de las calles luis piedrabuena y wilde, de la ciudad de boulogne .-"
136-HCD-2025,2025,union por la patria,resolucion,el h.c.d. expresa su preocupacion ante la creciente violencia que viven en la actualidad las juventudes.-
137-HCD-2025,2025,union por la patria,resolucion,"el h.c.d expresa su beneplacito por la presentacion del programa ""medicamentos bonaerenses del gobierno de la pcia. de buenos aires"" .-"
141-HCD-2025,2025,varios senores concejales,ordenanza,"suspendiendo momentaneamente el permiso de obra otorgado y los trabajos de obra iniciados sobre la calle ipiranga, desde la calle serrano hasta av. rolon, de la ciudad de boulogne ..."
143-HCD-2025,2025,union por la patria,ordenanza,"creando la guarderia nautica municipal en el campo municipal n°9, de la ciudad de san isidro.-"
144-HCD-2025,2025,union por la patria,comunicacion,"si la colocacion de lomas de burro en la calle luis maria drago, entre la av. bernardo ader y la calle comandante luis piedrabuena, de la ciudad de villa adelina.- ,"
145-HCD-2025,2025,union por la patria,comunicacion,"si la construccion de una senda peatonal en altura sobre la calle edison, en su interseccion con la av. sir alexander fleming, de la ciudad de martinez.-"
146-HCD-2025,2025,union por la patria,ordenanza,"estableciendo el sentido unico de circulacion vehicular de la calle luis maria drago (oeste-este), en el tramo comprendido entre la av. bernardo ader hasta la calle comandante luis piedra buena, de la ciudad de villa adelina.-"
147-HCD-2025,2025,union por la patria,ordenanza,"estableciendo en los establecimientos municipales donde presten tareas cien personas o mas, espacios destinados al cuidado de ninos de entre 45 dias y 3 anos, que esten a cargo de los trabajadores.-"
148-HCD-2025,2025,union por la patria,ordenanza,creando el observatorio de salud mental y consumo problematico.-
149-HCD-2025,2025,la libertad avanza,comunicacion,si un informe sobre el funcionamiento del sistema sem por el que el hospital central recibe los llamados de emergencia.-
150-HCD-2025,2025,la libertad avanza,comunicacion,"si la reparacion del totem de seguridad de la plaza almirante brown, de la ciudad de villa adelina.-"
153-HCD-2025,2025,la libertad avanza,comunicacion,"si dar solucion al reclamo del propietario del inmueble ubicado en la calle hilario ascasubi n°277, de la localidad de acassuso.-"
154-HCD-2025,2025,la libertad avanza,comunicacion,si la eliminacion de contenedores de basura de la via publica en barrios residenciales.-
155-HCD-2025,2025,varios senores concejales,decreto,convocando al sr. intendente municipal a una sesion especial.-
156-HCD-2025,2025,varios senores concejales,comunicacion,si un informe relacionado con la donacion efectuada por la empresa farmaceutica pfizer al departamento ejecutivo municipal.-
157-HCD-2025,2025,la libertad avanza,comunicacion,"si la reposicion de la placa del tunel dr. manuel obarrio en la calle primera junta, de la ciudad de san isidro.-"
164-HCD-2025,2025,union por la patria,comunicacion,"s/ la poda y raleo de los arboles que se encuentran en la calle arenales n° 1216, de la localidad d2 acassuso.-"
165-HCD-2025,2025,union por la patria,comunicacion,"s/ la colocaciorc del cartel nomenclador en la interseccion de las calles arenales y gral. guemes, de la localidad de acassuso.-"
166-HCD-2025,2025,la libertad avanza san isidro,comunicacion,"si la poda del arbolado urbano en la calle america, en el tramo comprendido entre las calles don basca y tres de febrero, de la ciudad de san isidro.-"
167-HCD-2025,2025,la libertad avanza san isidro,comunicacion,"si la colocacion de un refugio para pasajeros en la parada de colectivos situada sobre la calle bernardo de irigoyen, entre las calles antonio saenz y medrana, de la ciudad de boulogne.-"
168-HCD-2025,2025,la libertad avanza san isidro,comunicacion,"si la reparacion de la calle bergallo, en el tramo comprendido entre las calles int. tomkinson y liniers, de la ciudad de san isidro.-"
169-HCD-2025,2025,la libertad avanza san isidro,comunicacion,"si la poda y raleo del arbolado urbano en la calle gobernador udaondo, entre las calles cardenal copello y san jose, de la ciudad de san isidro.-"
170-HCD-2025,2025,la libertad avanza san isidro,comunicacion,"si el arreglo y la nivelacion del baden ubicado en la interseccion de las calles pampa y padre acevedo, de la ciudad de beccar.-"
171-HCD-2025,2025,la libertad avanza san isidro,comunicacion,"si la reparacion y el mantenimiento de la calle. cardenal cap ello, entre liniers y o""higgins, de la ciudad de san isidro.-"
172-HCD-2025,2025,la libertad avanza san isidro,comunicacion,"si .lapoda y raleo del arbolado urbano en la calle gral. lonardi, en el tramo comprendido entre las calles san jose y pampa, de la ciudad de beccar.-"
174-HCD-2025,2025,union por la patria,ordenanza,"designando con el nombre de ""plaza francisco i"" al espacio verde ubicado entre la colectora conscripto marcelo osear romero y, las calles cangallo e hipolito yrigoyen, de la ciudad de martinez.- ."
175-HCD-2025,2025,union por la patria,comunicacion,"si instalar un paso peatonal elevado sobre la calle conscripto marcelo osear romero, entre las calles mnor. larumbe v, cordoba en la ciudad de martinez.-"
176-HCD-2025,2025,union por la patria,comunicacion,"si la limpieza de la interseccion de las calles pasaje 950 y piedrabuena, de la ciudad de boulogne.-"
177-HCD-2025,2025,union por la patria,comunicacion,"si reparar la vereda ubicada en la calle azcuenaga n°831, de la ciudad de martinez.-"
178-HCD-2025,2025,union por la patria,comunicacion,"si la poda y raleo del arbol que se encuentra en la calle raul bagnati n° 1640, de la ciudad de boulogne.-"
180-HCD-2025,2025,union por la patria,comunicacion,"si una amplia campana de difusion en diferentes medios y redes sociales acerca de la importancia de la ""donacion de organos y tejidos"".-"
181-HCD-2025,2025,union por la patria,comunicacion,"si un informe sobre las obras en el barrio el congo, de la ciudad de martinez.-"
182-HCD-2025,2025,union por la patria,resolucion,"el h.cd. expresa su beneplacito por la promulgacion del gobierno bonaerense de la ley n° 15.520 que introduce modificaciones a la normativa sobre el ""registro de deudores alimentarios morosos"".-"
183-HCD-2025,2025,pro san isidro,ordenanza,facultando al d.e. a impulsar campai'las de concienciacion y educacion sobre la ley nacional antimafias n° 27.786.-
184-HCD-2025,2025,pro san isidro,resolucion,el hc.d. expresa su beneplacito por la promulgacion de la ley nacional n°27.786 por su relevancia para la seguridad nacional y el fortalecimiento del orden juridico.-
185-HCD-2025,2025,pro san isidro,comunicacion,si la instalacion de modulos sanitarios en el paseo costero de san isidro.-
186-HCD-2025,2025,union por la patria,ordenanza,creando el i~egistro municipal de alarmas vecinales de san isidro.-
187-HCD-2025,2025,union por la patria,comunicacion,"si la instalacion eleuna camara de seguridad o domo, donde se encuentra el caps de barrio obrero, de la ciudad de boulogne.-"
188-HCD-2025,2025,union por la patria,comunicacion,si un informe relacionado con la planta de separacion de residuos de la ciudad de villa adelina.-
189-HCD-2025,2025,union por la patria,comunicacion,"si medidas para la desratizacion en el radio comprendido por las calles luis maria drago, guayaquil, perito moreno y los ceibos, de la ciudad de villa adelina.-"
193-HCD-2025,2025,unjon por la patrja,comunicacion,si un informe sobre el acto realizado el dia 16 de abril de 2025 en el hipodromo de san isidro.-
194-HCD-2025,2025,union por la patria,comunicacion,si un informe relacionado con el reciente brote de sarampion en el area metropolitana de buenos aires.-
195-HCD-2025,2025,i3ioque union por la patria,comunicacion,"si el mantenimiento del poste de luz ubicado en la interseccion de las calles padre acevedo y roma, en el barrio san cayetano, de la ciudad de beccar.-"
196-HCD-2025,2025,union por la patria,comunicacion,"si garantizar el patrullaje en la zona del barrio santa rosa, de la ciudad de boulogne.-"
197-HCD-2025,2025,un ion por la patria,comunicacion,"si gestionar el raleo y poda del arbol ubicado en la calle jose ingenieros n° 2137, de la ciudad de b'2ccar.-"
198-HCD-2025,2025,union por la patria,comunicacion,"si articular con el consejo escolar la provision de ventiladores y protectores de estufas al jardin de infantes n° 901 ""dominguito"", de la ciudad de san isidro.-"
199-HCD-2025,2025,union por la patria,comunicacion,"si un informe relacionado al servicio de agua potable en el barrio la cava, de la ciudad de beccar.-"
200-HCD-2025,2025,la libertad avanza,comunicacion,"si peticionar ante ausa la colocacion de luminaria correspondiente a los postes de acceeotigre y la calle jose ingenieros, de la ciudad de beccar.-"
201-HCD-2025,2025,la libertad avanza,decreto,"estableciendo la ilumir,acion de la fachada del honorable concejo deliberante de san isidro con los colores blanco y amarillo todos los 21 de abril en homenaje al santo padre francisco.-"
202-HCD-2025,2025,union por la patria,comunicacion,"si la reparacion y el mantenimiento de la vereda de la salida de emergencia del jardin de infantes n° 901 ""dominguito"", de la ciudad de san isidro.-"
203-HCD-2025,2025,union por la patria,comunicacion,si el raleo y poda del arbol ubicado en la interseccion de las calles padre acevedo y roma. en el barrio san cayetano. de la ciudad de beccar.-
204-HCD-2025,2025,union por la patria,ordenanza,desafectando del uso publico el tramo de la calle juncal comprendido entre las calles la paz y fleming. del partido de san isidro.-.-
205-HCD-2025,2025,un ion por la patria,comunicacion,"si tareas de de,:ratizacion. limpieza y control sanitario en el edificio del colegio nacional de san jsidro.-"
206-HCD-2025,2025,unjon por la patria,comunicacjon,"si retirar el asfalto que rodea los troncos de los arboles ubicados en el triangulo entre las calles juncal :1 sargento cabra!, en la ciudad de martinez.-"
207-HCD-2025,2025,union por la patria,ordenanza,creando la residencia geriatrica municipal de san isidro.-
208-HCD-2025,2025,union por la pamia,comunicacion,si un informe relacionado a lo ocurrido el21 de marzo de 2025 en el festival lollapalooza.-
209-HCD-2025,2025,la libertad avanza,comunicacion,"si establecer que en el casco historico y en el barrio parque aguirre cuando se extraiga un paraiso, se plante uno nuevo en su lugar.-"
210-HCD-2025,2025,la libertad avanza,comunicacion,"si al consejo escolar las medidas necesarias para llevar a cabo reparaciones en la escuela tecnica n°3, de la ciudad de san isidro.-"
211-HCD-2025,2025,la libertad avanza,comunicacion,"si darle solucion al reclamo por la vereda de la calle francia n° 718, de la ciudad de san lsidro.-"
214-HCD-2025,2025,varios senores concejales,resolucion,"el hcd. expresa su repudio ante las intenciones del poder ejecutivo municipal de abrir la calle tuncal desde la av. fleming hasta la calle la paz, de la ciudad de martinez.-"
215-HCD-2025,2025,varios senores concejales,resolucion,el hcd. expresa su repudio a la paralizacion de las obras de mantenimiento de urgencias de la sede de la universidad nacionalscalabrini ortiz.-
216-HCD-2025,2025,varios senores concejales,ordenanza,"declarando paisaje protegido municipal al sector de la ribera del partido de san isidro, comprendido al este por el rio de la plaza, al oeste por la calle sebastian elcano, al sur por el emprendimiento comercial malloy' s y al norte por el "
217-HCD-2025,2025,vairios senores concejales,comunicacion,si un informe relacionado con el personal municipal.-
218-HCD-2025,2025,varios senores concejales,ordenanza,estableciendo un limite maximo de dos eventos por ano calendario que podran realizarse en el parque publico de villa adelina.-
219-HCD-2025,2025,pro san isidro,comunicacion,"si la posibilidad de restablecer el doble sentido de circulacion en la calle uspallata, entre la calle laprida y la av. bernabe marquez, de la ciudad de san isidro.-"
220-HCD-2025,2025,la libertad avanza,ordenanza,declarando como patrimonio industrial a la usina de martinez.-
221-HCD-2025,2025,la libertad avanza,comunicacion,si un informe relacionado con la colocacion de nuevas camaras en el municipio.-
231-HCD-2025,2025,union por la patria,comunicacion,si un informe relacionado con la suspension del sistema de foto multas en el municipio.-
232-HCD-2025,2025,union por la patria,comunicacion,"si la instalacion de un paso peatonal elevado sobre la calle camino real moron, en el tramo comprendido entre la rotonda conocida como ""el colibri"" y el final de la plaza camino ileal, de la ciudad de boulogne.-"
233-HCD-2025,2025,varios senores concejales,comunicacion,"si un informe relacionado con diversas reuniones llevadas a cabo con vecinos en las que se presentan funcionarios publicos, relacionadas con temas de seguridad.-"
234-HCD-2025,2025,varios senores concejales,comunicacion,"si un informe relacionado con el cobro de la tasa por alumbrado, limpieza y servicios generales para el ejercicio 2025.-"
235-HCD-2025,2025,varios senores concejales,ordenanza,"disponiendo la creacion y publicacion de un instructivo digital detallado sobre el funcionamiento del sistema de comunicacion por whatsapp denominado ""ojos en alerta"".-"
236-HCD-2025,2025,union por la patria,ordenanza,"incorporando a la agenda cultural del partido de san isidro las funciones de ""cine y teatro distendidos"".-"
237-HCD-2025,2025,union por la patria,comunicacion,"si el arreglo y posterior mantenimiento del medidor de aysa ubicado sobre la calle roma n° 2627, ele la ciudad de beccar.-"
238-HCD-2025,2025,union por la patria,comunicacion,"si el saneamiento y mantenimiento de las cloacas de los monoblocks del barrio santa rita, de la ciudad de boulogne.-"
240-HCD-2025,2025,"varios senores concejales,",resolucion,"el h.cd. expresa su preocupacion por el avance de obra en el predio ubicado en la av. rolon y la calle ipiranga, de la ciudad de boulogne.-"
241-HCD-2025,2025,varios senores concejales,comunicacion,"si al d.e. dar respuesta a la nota presentada por la asamblea vecinal parque boulogne conjuntamente con la asociacion civil ""para todos porque es de todos"", el dia 7 de mayo del corriente ano.-"
242-HCD-2025,2025,union por la patria,comunicacion,"si un informe sobre el ""protocolo de abordaje y actuacion para la prevencion de situaciones de violencia laboral en el ambito del municipio de san isidro"".-"
243-HCD-2025,2025,varios senores concejales,comunicacion,si un estudio tecnico en la interseccion de la calle jose ingenieros y la av. andres rolon a fin de evaluar la factibilidad de instalar un sistema de semaforizacion en dicho cruce.-
244-HCD-2025,2025,varios senores concejales,ordenanza,"estableciendo un regimen para cargos"" ad honorem"" dentro de la municipalidad de san isidro.-"
246-HCD-2025,2025,varios senores concejales,comunicacion,si un informe relacionado con el festival lollapalooza argentina 2025.-
247-HCD-2025,2025,union por la patria,comunicacion,"si articular con el consejo escolar para la reposicion de los reflectores para el patio del centro ed'jcativo complementario 801, de la ciudad de beccar.-"
248-HCD-2025,2025,union por la patria,comunicacion,"si la reparacion de la alcantarilla que atraviesa la calle almirante brown al 100, de la ciudad de san isidro.-"
249-HCD-2025,2025,union por la patria,comunicacion,si un informe sobre el sistema de salud del municipio.-
250-HCD-2025,2025,union por la patria,ordenanza,"creando el programa municipal ""san isidro incluye"".-"
251-HCD-2025,2025,union por la patria,ordenanza,"estableciendo como ""cielo oscuro protegido"" de san isidro la costa del rio de la plata.-"
252-HCD-2025,2025,union por la patria,ordenanza,"estableciendo en el partido de san isidro el servicio gratuito de. traslados de personas, destinado a instituciones de la sociedad civil que trabajen en materia de discapacidad.-"
253-HCD-2025,2025,varios senores concejales,comunicacion,"si la implementacion de un programa integral de capacitacion en reanimacion cardiopulmonar ¡rcp), maniobra de heimlich y primeros auxilios, destinado al personal de establecimientos educativos del distrito.-"
254-HCD-2025,2025,varios senores concejales,resolucion,"el h.c.d. expresa su reconocimiento a la asociacion vecinos en accion, por sus 25 anos de labor ininterrumpida en defensa de los intereses para la comunidad de san isidro.-"
257-HCD-2025,2025,union por la patria,comunicacion,"si la reparacion del bache ubicado en la interseccion de las calles wilde y piedrabuena, de la ciudad de boulogne.-"
258-HCD-2025,2025,union por la patria,comunicacion,"si la suspension de todos los productos de las firmas ""laboratorios ramallo s.a."" y ""hlb pearma group s.a."".-"
259-HCD-2025,2025,union por la patria,ordenanza,creando el registro de bicicletas municipal de san isidro.-
260-HCD-2025,2025,la libertad avanza,comunicacion,si peticionar a la direccion general de cultura y educacion de la provincia de buenos aires la incorporacion de huertas e invernaderos a las escuelas publicas.-
261-HCD-2025,2025,la libertad avanza,comunicacion,si el control y supervision de las podas llevadas a cabo por edenor en el territorio de san isidro.-
262-HCD-2025,2025,la libertad avanza,comunicacion,si un informe relacionado con las telas decorativas que fueron colocadas en los arboles durante las fechas festivas.-
263-HCD-2025,2025,pro san isidro,comunicacion,si arbitrar los medios necesarios para que los vecinos puedan realizar denuncias anonimas en las delegaciones de las 6 localidades de san isidro.-
264-HCD-2025,2025,pro san isidro,comunicacion,"si un informe relacionado con las denuncias de vecinos sobre el pedido de contribuciones por par"":e de sujetos con vestimenta municipal en la localidad de acassuso.-"
265-HCD-2025,2025,pro san isidro,comunicacion,"si un informe sobre el estado actual de la obra sita en la calle juan bautista lasalle al 2000, del bajo de san isidro.-"
266-HCD-2025,2025,pro san isidro,comunicacion,"si establecer sinergias entre los huerteros y los locales gastronomicos de todas las localidades del partido, con el fin de que los comercios puedan conocer su labor e incorporar sus productos.-"
267-HCD-2025,2025,pro san isidro,comunicacion,"si la instalacion en todos los espacios verdes del distrito, de modulos dispensadores de bolsas y cestos de residuos para la recoleccion de excrementos de los animales domesticos.-"
269-HCD-2025,2025,varios senores concejales,resolucion,"el h.cd. declara de interes el libro ""que tu limite sea la finish line"" de la escritora maria de los angeles munoz por ser un ejemplo de motivacion, perseverancia y resiliencia.-"
270-HCD-2025,2025,la libertad avanza,comunicacion,si la intensificacion del patrullaje entre las 23hs. y las 6hs. en cada cuadricula del municipio.-
278-HCD-2025,2025,union por la patria,comunicacion,"si un informe relacionado con el registro de la adenda entre la municipalidad de san isidro y el miriisterio de infraestructura y servicios publicos de la pcia. de bs. as. en el marco del programa provincial ""municipios a la obra"".-"
279-HCD-2025,2025,union por la patria,ordenanza,creando el registro municipal de propiedades abandonadas .-
280-HCD-2025,2025,union por la patera,comunicacion,"si la colocacior; de refugios para pasajeros en las paradas de transporte publico de las lineas 407 y 314 en diversas alturas de la calle figueroa aleorta, de la ciudad de boulogne.-"
281-HCD-2025,2025,varios senores concejales,resolucion,"el e.c.d. expresa preocupacion por la resolucion nº 45/2025 donde el gobierno nacional habilita mediante un tramite digital la tenencia de armas de fuego adquiridas en armer'as llamado ""tenencia express"".-"
282-HCD-2025,2025,varios senores concejales,comunicacion,"si la re pavimentacion de la calle jorge newbery, entre las calles int. neyer y riobamba, de la ciudad de beccar.-"
283-HCD-2025,2025,varios senores concejales,comunicacion,"si realizar el correcto mantenimiento del poste de luz ubicado en la interseccion de la av. rolon y la calle thomas tomkinson, de la ciudad de beccar.-"
284-HCD-2025,2025,varios senores concejales,resolucion,"el e.c.d. declara di, interes el dia 27 de mayo de cada ano como el ""dia de la visibilizacion y lucha contra la violencia en los noviazgos"".-"
287-HCD-2025,2025,pro san isidro,resolucion,"el h.cd. solicita a la honorable camara de diputados de la pcia. de bs. as. el pronto tratamiento y sancion del proyecto de ley que propone la adhesion de la pcia. de bs. as. al ""regimen de transparencia fiscal al consumidor"".-"
288-HCD-2025,2025,varios senores concejales,ordenanza,"procediendo a la ,:uspension momentanea del permiso de obra otorgado y de trabajos de obra iniciados sobre la calle ipiranga, desde la calle serrano hasta la av. rolon, de la ciudad de boulogne.-"
289-HCD-2025,2025,varios senores concejales,ordenanza,creando la mesa local de politicas ambientales de san isidro.-
290-HCD-2025,2025,varios senores concejales,ordenanza,estableciendo que el consejo escolar de san isidro remita al h.cd. un informe anual detallando la situacion educativa de cada establecimiento del distrito.-
291-HCD-2025,2025,varios senores concejales,ordenanza,autorizando al d.e. la construccion y emplazamiento de un monumento en homenaje al papa francisco.-
292-HCD-2025,2025,varios senores concejales,ordenanza,creando la comision de seguimiento del fondo educativo.-
293-HCD-2025,2025,varios senores concejales,ordenanza,"estableciendo la preservacion integral del solado de adoquines existente en las calles del partido de san isidro, reconociendose su valor historico, patrimonial y economico.-"
296-HCD-2025,2025,union por la patria,resolucion,"el h.cd. expresa su beneplacito por la conmemoracion del 40º aniversario de la creacion de la escuela de educacion secundaria n° 14 ""benito lynch"".-"
297-HCD-2025,2025,union por la patria,resolucion,el h.cd. expr2sa preocupacion y repudio por el brutal desfinanciamiento del estado nacional que esta sufriendo el hospital pediatrico garrahan.-
298-HCD-2025,2025,union por la patria,comunicacion,"si a la empresa aysa el arreglo del cano de agua ubicado en la calle jorge newbery, entre las calle¡ int. neyer y riobamba, de la ciudad de beccar.-"
299-HCD-2025,2025,b.loque union por la patria,comunicacion,si un informe respecto a los insumas medicos utilizados en los caps que estan ubicados en todo 21territorio sanisidrense.-
300-HCD-2025,2025,union por la patria,comunicacion,"si sumar las diferentes modalidades de caracter publico que ofrece la pcia. de es. as., a la campafia de difusion que lleva nuestro municipio sobre el programa de la ciudad de bs. as., para terminar el secundario en jovenes y adultos de man"
309-HCD-2025,2025,varios senores concejales,comunicacion,si un informe r'2lacionado a la implementacion del sistema de atencion medica organizada (samo).-
310-HCD-2025,2025,union por la patria,comunicacion,"si el retiro del arenero ubicado en la plaza carlos gardel, de la ciudad de beccar.-"
311-HCD-2025,2025,union por la patria,comunicacion,"si a las empresas encargadas de la semaforizacion en las autopistas panamericana y acceso norte, la modificacion del horario de funcionamiento de los semaforos en forma intermitente.-"
312-HCD-2025,2025,union por la patria,ordenanza,modificando el codigo de ordenamiento urbano (co.u.).-
313-HCD-2025,2025,cambia san isidro,comunicacion,si ante la secretaria de transporte la posibilidad de reabrir el acceso peatonal al anden con sentido a estacion retiro de la estacion villa adelina del ferrocarril belgrano norte.-
319-HCD-2025,2025,la libertad avanza san isidro,comunicacion,"s/ un informe relacionado con el expte. n0 2236/2023, relacionado con el pedido de extraccion de un arbol en la av. rolon n0 1126, de este partido.- ."
320-HCD-2025,2025,la libertad avanza san isidro,comunicacion,"s/ reducir y/o reacondicionar el baden ubicado en la interseccion de la calle monsenor larumbe y la av. santa fe, de la ciudad de martinez.-"
324-HCD-2025,2025,la libertad avanza,resolucion,el h.cd. expresa su preocupacion por los resultados de las pruebas aprender con una gran mayoria de los alumnos debajo de los niveles esperados.-
325-HCD-2025,2025,bloqle la libertad avanza,resolucion,"el h.cd. declara de interes la campana ""que entiendan lo que lean"" de argentinos por la educacion.-"
326-HCD-2025,2025,la libertad avanza,resolucion,"el h.cd. declara de interes el ""curso de historia de san isidro 2025"" del instituto historico municipal de san isidro.-"
327-HCD-2025,2025,la libertad avanza,resolucion,"el h.cd. felicita a la lenceria ""carolina"" ubicada en la calle belgrano nº 314, con motivo de su 30º aniversario.-"
328-HCD-2025,2025,la libertad avanza,comunicacion,"si un estudio ele transito en los alrededores del colegio cardenal spinola, de la ciudad de san isidro, con el objetivo de definir las medidas adecuadas para maximizar la seguridad vial.-"
329-HCD-2025,2025,union por la patria,comunicacion,"si la reparacion de los pozos cloacales ubicados en la calle piedrabuena nº 391 del barrio santa rosa, de la ciudad de beccar.-"
331-HCD-2025,2025,union por la patria,decreto,"el h.cd. declara de interes el ""proyecto de nucleamientos de bibliotecas escolares nube"" en el distrito de san isidro.-"
332-HCD-2025,2025,union por la patria,comunicacion,"si la pavimentacion de la calle cmte. luis piedrabuena bis entre las calles eduardo wilde y loria, en el barrio santa rosa, de la ciudad de boulogne.-"
335-HCD-2025,2025,varios senores concejales,resolucion,el h.cd. expresa su repudio a la utilizacion del poder judicial como instrumento de persecucion politica y expresa su solidaridad con la ex vicepresidenta de la nacion cristina fernandez de kirchner.-
336-HCD-2025,2025,varios senores concejales,comunicacion,"si la instalacion de un totem de seguridad en las inmediaciones del colegio republica argentina, sito en la calle italia n° 2451, de la ciudad de martinez.-"
338-HCD-2025,2025,varios senores concejales,ordenanza,derogando el punto 4d del decreto n° 1729 de fecha 8 de julio de 2009 y su modificatoria en el punto d2.b del decreto n° 4011 de fecha 12 de diciembre de 2014.-
339-HCD-2025,2025,union por la patria,comunicacion,"si la correcta senalizacion del sentido de circulacion y ""contramano"" en la calle gervasio de posadas, en su interseccion con las calles alto peru y lynch, de la ciudad de beccar.-"
340-HCD-2025,2025,union por la patria,comunicacion,"si la colocacion de lomas de burro en la calle gervasio de posadas, de la ciudad de beccar, en su tramo comprendido entre la av. sucre y la calle lynch.-"
341-HCD-2025,2025,union por la patria,comunicacion,"si la instalacion de una camara de seguridad o domo, en las calles alto peru y gervasio de posadas, en la ciudad de beccar.-"
342-HCD-2025,2025,pro- san isidro,resolucion,"el h.cd. expresa su repudio por el intento de asesinato al congresista del centro democratico de colombia, miguel uribe.-"
344-HCD-2025,2025,varios senores concejales,resolucion,"el h,cd. expresa preocupacion por la injustificada reduccion del fondo compensador dispuesta por el gobierno de la provincia de buenos aires que afecta a los establecimientos educativos del distrito.-"
346-HCD-2025,2025,varios senores concejales,comunicacion,"si un informe rdacionado con la remocion de los alamos piramidales y la plantacion de lapachos rosados en el boulevard de la av. marquez, entre la av. andres rolon y la av. segundo fernandez, de la ciudad de san isidro.-"
347-HCD-2025,2025,varios senores concejales,comunicacion,"si un informe relacionado con la maraton ""villa adelina corre 2025"".-"
348-HCD-2025,2025,varios senores concejales,ordenanza,efectuando diversas modificaciones al codigo de ordenamiento urbano (cou).-
349-HCD-2025,2025,varios senores concejales,ordenanza,"declarando de utilidad publica y sujeto a expropiacion el sector del inmueble identificado catastralmente como circunscripcion 6, seccion d, fraccion 4, parcela 1b.-"
350-HCD-2025,2025,varios senores concejales,comunicacion,"si un informe relacionado con los convenios sus criptas con la universidad nacional de general san martin (unsam) en el marco del ""plan de fortalecimiento institucional"" durante los anos 2024 y 2025.-"
351-HCD-2025,2025,union por la patria,comunicacion,"si la reparacion del sistema de drenaje en la calle bias parera, entre la calle salguero y la av. avelino rolon, de la ciudad de boulogne.-"
406-HCD-2025,2025,la libertad avanza san isidro,comunicacion,"si la reparacion y mantenimiento del empedrado de la calle almirante brown, en el tramo comprendido entre la calle 25 de mayo y la av. del libertador, de la ciudad de san isidro.-"
409-HCD-2025,2025,la libertad avanza san isidro,comunicacion,"si la reparacion del bache ubicado en la interseccion de las calles diego palma y cardenal copello, de la ciudad de san isidro.-"
410-HCD-2025,2025,la libertad avanza san isidro,comunicacion,"si retirar el lomo de burro ubicada en la calle carlos tejedor al 1031 de la ciudad de boulogne, y reemplazarlo por un guarda ganado para evitar danos y anegamientos.-"
416-HCD-2025,2025,union por la patria,comunicacion,"slla reparacion dd guarda ganado ubicado en la calle yrigoyen nº 2910, a la altura de la calle santo domingo, de la ciudad de martinez.-"
417-HCD-2025,2025,union por la patria,comunicacion,si reforzar la campana de difusion vigente vinculada a la asistencia de personas en situacion de calle durante la ola polar.-
418-HCD-2025,2025,union por la patria,comunicacion,"si la reparacion y mantenimiento de la vereda de la calle int. tomkinson, entre las calles neuquen ji luis de flores, de la ciudad de san isidro.-"
419-HCD-2025,2025,un ion por la patria,comunicacion,"si el desecho y recol~ccion de residuos sobre la calle neuquen, entre las calles int. tomkinson y o'higgins, de la ciudad de san isidro.-"
424-HCD-2025,2025,union por la patria,comunicacion,"si la reparacion de la calle riobamba en su interseccion con la calle juan p. esnaola, de la ciudad de beccar.-"
425-HCD-2025,2025,union por la patria,comunicacion,"si la colocacion de refugios en las paradas de transporte publico de la linea 333 a la altura de jose ingenieros n° 2700, de la ciudad de beccar.-"
426-HCD-2025,2025,union por la patria,comunicacion,"si la colocacion de contenedores de basura en la calle gervasio posadas al 2600, de la ciudad de beccar.-"
427-HCD-2025,2025,union por la patria,resolucion,"el h.cd. declara de interes el proyecto educativo ""la cava 4.0"", impulsado por el centro de formacion laboral nº 404, del barrio la cava.-"
428-HCD-2025,2025,union por la patria,comunicacion,"si la puesta en valor de la senalizacion del sitio de memoria del centro clandestino de detenciones ""casa del s.i.n"", ubicado en la calle thames nº 333, de la ciudad de villa adelina.-"
429-HCD-2025,2025,union por la patria,resolucion,"el h.cd. expresa benplacito y alegria por la restitucion del nieto 140, anunciada por la asociacion abuelas de plaza de mayo el pasado 7 de julio de 2025.-"
430-HCD-2025,2025,un ion por la patria,comunicacion,"si articular desde el area de salud mental del municipio, acciones de concientizacion, prevencion y promocion de la salud mental en los institutos de formacion docente que funcionan en el partido.-"
431-HCD-2025,2025,union por la patria,comunicacion,si un informe relacionado con el servicio de salud mental en los centros de atencion primaria de la salud.-
432-HCD-2025,2025,union por la patria,resolucion,el h.cd. expresa su beneplacito por el 15º aniversario del programa provincial envion dependiente de la direccion provincial de juventudes del ministerio de desarrollo de la comunidad del gobierno de la provincia de buenos aires.-
433-HCD-2025,2025,union por la patria,comunicacion,"si la desratizacion en los barrios la cava y cava chica, de la ciudad de beccar.-"
434-HCD-2025,2025,union por la patria,comunicacion,"si un informe relacionado con el master plan de las obras de ampliacion del establecimiento educativo ""escuela municipal malvinas argentinas"" .-"
435-HCD-2025,2025,union por la patria,resolucion,el h.cd. expresa su beneplacito a la fundacion nosotros en e140º aniversario de su creacion y su gran aporte a la comunidad.-
437-HCD-2025,2025,cambia san isidro,decreto,"estableciendo que el dia 4 de julio de cada ano, se ilumine la fachada del h.cd. con el color azul conmemorando el ""dia de la concientizacion del sindrome xyy"".-"
439-HCD-2025,2025,pro - san isidro,resolucion,"el h.cd. declara de interes el encuentro ""el arte de chaguar"", a realizarse el dia 24 de julio de 2025 a las 17:00hs. en pedro de mendoza nº 587, san isidro.-"
440-HCD-2025,2025,pro - san isidro,comunicacion,"si dar solucion al reclamo nº 8686257, relacionado con la reconstruccion de la vereda de la calle jacinto diaz nº 1051, de la ciudad de san isidro.-"
441-HCD-2025,2025,pro - san isidro,comunicacion,"si la remocion del vehiculo abandonado que se encuentra estacionado en la calle urquiza, esquina albarellos, de la localidad de acassuso.-"
442-HCD-2025,2025,pro - san isidro,resolucion,"el h.cd. felicita por sus 40 anos a la fundacion nosotros, por su labor y trayectoria brindando apoyo y formacion profesional a personas con discapacidad intelectual y a sus familias en san isidro.-"
443-HCD-2025,2025,varios senores concejales,ordenanza,ordenando la publicacion en el boletin oficial municipal el listado completo y actualizado de todos los trabajadores contratados bajo la modalidad del regimen de monotributo.-
444-HCD-2025,2025,varios senores concejales,ordenanza,"estableciendo la obligatoriedad para todo el personal dependiente de la municipalidad de san isidro o de empresas de servicios publicos dentro del partido, portar una identificacion.-"
445-HCD-2025,2025,varios senores concejales,ordenanza,"estableciendo la preservacion integral del solado de adoquines existente en las calles del partido de san isidro, reconociendose su valor historico, patrimonial y economico.-"
446-HCD-2025,2025,la libertad avanza,ordenanza,"declarando como ""personalidad destacada del partido de san isidro"" al historiador y vecino bernardo lozier almazan por su destacada trayectoria y sus invaluables aportes a la cultura, el patrimonio y la historia de san isidro.-"
447-HCD-2025,2025,la libertad avanza,resolucion,el h.c.d. felicita a bru-mi deportes por su 70. aniversario y por su invaluable aporte al centro comercial de la ciudad de martinez.-
448-HCD-2025,2025,la libertad avanza,comunicaclon,"si volver al sistema convencional de circulacion vehicular, los dias sabados y feriados en las calles belgrano y 9 de julio de la ciudad de san isidro y alvear, de la ciudad de martinez.-"
449-HCD-2025,2025,la libertad avanza,comunicacion,si el arreglo de baches en diversas calles del municipio.-
479-HCD-2025,2025,la libertad avanza san isidro,comunicacion,"si la reparacion de la vereda ubicada frente al domicilio de la calle french nº 2400, de la ciudad de beccar.-"
480-HCD-2025,2025,la libertad avanza san isidro,comunicacion,"si la reparacion de la calle salguero, en el tramo comprendido entre las calles martin rodriguez y juramento, de la ciudad de boulogne.-"
481-HCD-2025,2025,la libertad avanza san isidro,comunicacion,"si la colocacion de reductores de velocidad en varios tramos de la calle virrey vertiz, en el sector comprendido por las calles perito moreno y godoy cruz, de la ciudad de boulogne.-"
482-HCD-2025,2025,la libertad avanza san isidro,comunicacion,"1:/ tareas de reparacion y mantenimiento del empedrado de la calle moreno, en el tramo comprendido entre la calle obispo terrero y la av. bernabe marquez, de la ciudad de san isidro.-"
483-HCD-2025,2025,union por la patria,comunicacion,si la correcta implementacion de lo dispuesto en la ordenanza n° 9392.-
484-HCD-2025,2025,union por la patria,comunicacion,"si un informe relacionado con las funciones, autoridades y personal a cargo de la direccion ceneral de transformacion de la secretaria de salud.-"
485-HCD-2025,2025,union por la patria,comunicacion,"si la colocacion de reductores de velocidad sobre la calle sarratea, en las intersecciones con las calles luis maria campos y tornas anchorena, y saturnino segurola y maria b. de cazon, de la ciudad de boulogne.-"
486-HCD-2025,2025,union por la patria,comunicacion,"si la colocacion de banos quimicos durante los dias sabados y domingos, en el horario comprendido entre las 10 a 19hs. en la plaza olazabal, de la ciudad de boulogne.-"
487-HCD-2025,2025,union por la patria,comunicacion,"si garantizar el patrullaje correspondiente en la zona de la calle sarratea entre las calles moises lebensohn y la av. camino real moron, de la ciudad de boulogne.-"
488-HCD-2025,2025,union por la patria,comunicacion,"si garantizar el correcto desecho de residuos en la interseccion de las calles avellaneda y marinsalta, de la ciudad de san isidro.-"
489-HCD-2025,2025,union por la patria,resolucion,"el h.c.d. expresa su beneplacito por la conmemoracion del 85º aniversario de la creacion de la escuela de educacion secundaria nº3 ""libertador gral. jose de san martin"" de la ciudad de san isidro.-.-"
490-HCD-2025,2025,union por la patria,comunicacion,si al d.e. que gestione ante la empresa aysa a fin de brindar una respuesta a los vecinos del bajo boulogne frente a los montos excesivos de facturacion. -
499-HCD-2025,2025,varios senores concejales,resolucion,el h.cd. declara de interes la valiosa contribucion de las charlas tedx san isidro a lo largo de sus diez anos de trayectoria en el municipio.-
500-HCD-2025,2025,partido democrata,comunicacion,"si las medidas necesarias para agilizar el transito en la calle juan bautista de lasalle, esquina del barco centenera, de la ciudad de san isidro.-"
503-HCD-2025,2025,la libertad avanza,comunicacion,si un informe relacionado con las plantaciones de arboles en diversas avenidas del distrito.-
504-HCD-2025,2025,la libertad avanza,resolucion,el h.cd. expresa su beneplacito por la creacion del mapa federal de consulta publica sobre organizaciones y clubes inclusivos.-
505-HCD-2025,2025,union por la patria,comunicacion,"si el refuerzo en la limpieza de las cunetas en la calle rodriguez pena, entre la av. santa fe y la calle tres sargentos, de la ciudad de martinez.-"
506-HCD-2025,2025,union por la patria,comunicacion,"si reparar el bache situado en la av. fondo de la legua y la calle edison, en la ciudad de martinez.-"
508-HCD-2025,2025,la libertad avanza,comunicacion,"si la reparacion de la tapa del desague ubicada en la vereda del colegio nightingale en la esquina de :lascalles los alamos y vuelta de obligado, en el bajo de san isidro.-"
509-HCD-2025,2025,la libertad avanza,comunicacion,"si la reparacion de la vereda sita en la esquina de las calles don bosco y gral. paz, frente al edificio d'2 la subsecretaria de desarrollo social de san isidro.-"
510-HCD-2025,2025,la libertad avanza,comunicacion,"si el cumplimiento de la comunicacion n° 273/2024, relacionada con cestos para residuos wbre la av. de la unidad nacional.-"
511-HCD-2025,2025,la libertad avanza,comunicacion,"si evaluar soluciones de ordenamiento vial para normalizar la circulacion en la interseccion de las calles eduardo costa y peru, de la localidad de acassuso.-"
512-HCD-2025,2025,la libertad avanza,comunicacion,"si la ampliacion del recinto correspondiente a la plaza de juegos para ninos sita en las calles da,rdo rocha y tres sargentos, de la ciudad de martinez.-"
513-HCD-2025,2025,la libertad avanza,comunicacion,"si la remocion de las instalaciones electricas que se encuentran emergiendo en el suelo en el parque del boulevard de dardo rocha, entre las avenidas fleming y santa fe, de la ciudad de martinez.-"
514-HCD-2025,2025,la libertad avanza,comunicacion,si la reposicion de la rejilla guardaganado del extremo sur del cruce peatonal que atraviesa la calle luis m. drago y conecta la esquina del instituto nicolas copernico con el ingreso al parque publico del golf de villa adelina.-
515-HCD-2025,2025,union por la patria,comunicacion,"si a la empresa que corresponda el correcto mantenimiento del poste de luz ubicado en al calle yerbal n° 371, de la ciudad de boulogne.-"
516-HCD-2025,2025,union por la patria,comunicacion,"si el raleo y poda de los arboles ubicados en la calle castro barros n° 1078, entre las calles mariano ezpeleta y entre rios, de la ciudad de martinez.-"
518-HCD-2025,2025,la libertad avanza 5an isidro,comunicacion,"si la remocion de los vehiculos en estado de abandono en la calle formosa, entre ¡las calles juan b. justo e intendente marconi, de la ciudad de beccar.-"
519-HCD-2025,2025,la libertad avanza san isidro,comunicacion,"si la reparacion de la calle cardenal copello, entre las calles diego palma y 3 de febrero, de la ciudad de san isidro.-"
520-HCD-2025,2025,la libertad avanza san isidro,comunicacion,"si la reparacion del bache ubicado en la calle sargento cabral en su interseccion con la calle hipolito yrigoyen, de la ciudad de martinez.-"
521-HCD-2025,2025,la libertad avanza san isidro,comunicacion,"si la reparacion integral de la calle 3 de febrero, entre las calles americo y juan clark, de la.ciudad de san isidro.-"
522-HCD-2025,2025,la libertad avanza san isidro,comunicacion,"si la remocion de los vehiculos incautados frente a la comisaria, ubicada en la av. andres rolon n° 1470, de la ciudad de beccar.-"
523-HCD-2025,2025,la libertad avanza san isidro,comunicacion,"si la reparacion integral de la calle catamarca, entre las calles luis saenz pena y sargento cabra!, de la ciudad de martinez.-"
524-HCD-2025,2025,la libertad avanza san isidro,comunicacion,"si camaras de seguridad en el exterior de las patrullas municipales, con el fin de reforzar la seguridad de los vecinos y del personal de las unidades.-"
525-HCD-2025,2025,la libertad avanza san isidro,comunicacion,"si la extraccion de los arboles ubicados frente a la propiedad ubicada en la calle saenz valiente n° 419, de la ciudad de martinez.-"
527-HCD-2025,2025,union por la patria,ordenanza,"creando el registro municipal de ""artistas callejeros"" en el ambito del municipio de san isidro.-"
528-HCD-2025,2025,union por la patria,ordenanza,instando al d.e. a dar cumplimiento a la ordenanza n° 9120.-
529-HCD-2025,2025,union por la patria,comunicacion,"si a la empresa aysa el correcto arreglo de los canos de agua"" ubicados en la interseccion de las calles int. neyer y alvarado , de la ciudad de beccar.-"
530-HCD-2025,2025,union por la patria,comunicacion,"si garantizar el correcto desecho y recoleccion de residuos, especificamente en la interseccion de las calles int. neyer y alvarado, de la ciudad de beccar.-"
531-HCD-2025,2025,union por la patria,resolucion,el h.cd. expresa beneplacito por la insistencia del congreso de la nacion en sostener la ley de emergencia en discapacidad.-
533-HCD-2025,2025,varios senores concejales,comunicacion,"si la implementacion de un programa de capacitacion para funcionarios municipales en el uso de chatgpt plus, corno herramienta de apoyo a la gestion administrativa y de gobierno.-"
534-HCD-2025,2025,varios senores concejales,resolucion,el h.cd. declara su beneplacito por la apertura de la primer oficina regional de onu turismo para las americas y el caribe.-
535-HCD-2025,2025,varlos senores concejales,comunicacion,si por medio de! area responsable de turismo establezca un primer contacto institucional con la oficina regional de onu turismo en la republica federativa del brasil.-
536-HCD-2025,2025,varios senores concejales,comunicacion,"si evaluar la reci.ente modificacion del sentido de circulacion vehicular en los ultimos 60 metros de los carriles de la av. marquez en su interseccion con la av. centenario, de la ciudad de san isidro.-"
545-HCD-2025,2025,varios senores concejales,comunicacion,"si un informe relacionado con las obras de repavimentacion en la av. del libertador, en el tramo comprendido entre las calles parana y uruguay, de este partido.-"
546-HCD-2025,2025,varios senores concejales,comunicacion,si un informe rdacionado con las designaciones de personal efectuadas y publicadas en el boletin oficial.-
547-HCD-2025,2025,varios senores concejales,comunicacion,"si se remita diversa documentacion relativa a la obra ""aliviador alto peru- etapa 1"".-"
548-HCD-2025,2025,varios senores concejales,comunicacion,si un informe detallado relacionado con las contrataciones relacionadas con la drogueria suizo argentina s.a.-
549-HCD-2025,2025,union por la patria,comunicacion,si al d.e. cese sus contrataciones con la drogueria suizo argentina s.a.-
550-HCD-2025,2025,partido democrata,comunicacion,si el arreglo de baches en diversas calles del partido.-
551-HCD-2025,2025,partido democrata,resolucion,"el h.cd. declara de interes la ""vi jornada de historia de los historiadores de fondo de la legua"", a realizarse el proximo 27 de septiembre del corriente ano.-"
552-HCD-2025,2025,convocacion por san isidro,resolucion,"el h.cd. declara de interes la aplicacion ""satellites on fire"", por su aporte a la deteccion temprana y prevencion de incendios forestales, asi como por su contribucion al cuidado del medio ambiente.-"
558-HCD-2025,2025,union por la patria,comunicacion,si una evaluacion para establecer una linea de cooperacion institucional con el world tourism forum institute con el objetivo de posicionar internacionalmente a san isidro como destino cultural estrategico.-
560-HCD-2025,2025,union por la patria,comunicacion,"si garantizar la correcta iluminacion en las intersecciones de la calle rosario, entre las calles asamblea y junin, de la ciudad de boulogne.-"
561-HCD-2025,2025,union por la patria,comunicacion,"si la desratizacion en la calle castro , barros n° 1078, entre las calles mariano ezpeleta y entre rios, de la ciudad de martinez.-"
562-HCD-2025,2025,union por la patria,comunicacion,"si el raleo, poda del arbol y posterior arreglo de la vereda ubicada en la calle gascon n° 3085, de la ciudad de boulogne.-"
568-HCD-2025,2025,varios senores concejales,resolucion,"el hcd. declara de interes la valiosa contribucion del dispositivo ges (genero, empleo y salud) destacando su rol en el empoderamiento de las mujeres, especialmente en la comunidad del bajo boulogne.-"
569-HCD-2025,2025,union por la patria,resolucion,el hcd. repudia loehechos acontecidos durante las auditorias de pensiones por discapacidad realizadas por la agencia nacional de discapacidad en misiones.-
572-HCD-2025,2025,union por la patria,resolucion,"el h.cd. expresa su preocupacion por el desfinanciamiento a la secretaria de politicas integrales sobre drogas de la nacion argentina ""sedronar"".-"
573-HCD-2025,2025,union por la patria,ordenanza,"creando el ""consejo municipal de las juventudes"".-"
574-HCD-2025,2025,",- bloque union por la patria",ordenanza,"declarando como ""personalidades destacadas del partido de san isidro"" a raquel y jorge witis, por su inclaudicable lucha en el ambito de los derechos humanos a favor de las victimas de la violencia institucional.-"
575-HCD-2025,2025,varios senores concejales,comunicacion,"si un informe relacionado con el predio conocido popularmente como ""parque boulo~;ne"", ubicado en la interseccion de la calle ipiranga y la av. avelino rolon, de la ciudad de boulogne,-"
577-HCD-2025,2025,union por la patria,comunicacion,"si establecer contacto institucional con la municipalidad de general pueyrredon, a fin de disenar un plan de trabajo conjunto para la promocion turistica y cultural del patrimonio de victoria ocampo en ambas ciudades,-"
580-HCD-2025,2025,varios senores concejales,ordenanza,"estableciendo para la arteria haedo el sentido unico de circulacion de sur a norte, en el tramo comprendido entre las calles neyer y posadas, de la ciudad de beccar.-"
581-HCD-2025,2025,partido democrata,resolucion,"el h.cd. declara de interes el documental ""antartida dominio 1"" de los gauchos del mar, joaquin y julian azulay, por su aporte a la cultura nacional y a la proteccion del medio ambiente."""
582-HCD-2025,2025,partido democrata,comunicacion,"si la colocacion de camaras y la intensificacion del patrullaje en el barrio santa rita, de la ciudad de boulogne.-"
583-HCD-2025,2025,partido democrata,resolucion,el h.cd. expresa preocupacion por el asesinato del referente politico estadounidense charlie kirk.-
584-HCD-2025,2025,union por la patria,ordenanza,creando el espacio municipal de cocina de uso compartido de san isidro para la elaboracion de productos sin tacc-
585-HCD-2025,2025,union por la patria,comunicacion,"si reparar la vereda ubicada en la calle berutiy cordoba, de la ciudad de martinez.-"
586-HCD-2025,2025,varios senores concejales,resolucion,"el h.cd. expresa su reconocimiento y felicitacion al ""colegio martin y ornar"" de san isidro, por el 90º aniversario de su fundacion y su aporte educativo a la comunidad.-"
598-HCD-2025,2025,la libertad avanza san isidro,comunicacion,"si la colocacion de luminarias en la plaza jose de san martin, de la ciudad de boulogne.-"
600-HCD-2025,2025,la libertad avanza san isidro,comunicacion,"si la colocacion de reductores de velocidad en la calle juramento, en el tramo comprendido entre las calles parana y el indio, de la ciudad de villa adelina.-"
601-HCD-2025,2025,la libertad avanza san isidro,comunicacion,"si la reparacion del cruce de las calles juramento y bogado, de la ciudad de boulogne.-"
602-HCD-2025,2025,la libertad avanza san isidro,comunicacion,"si la reparacion de la calle godoy cruz, en el tramo comprendido entre las calles scalabrini ortiz e independencia, de la ciudad de boulogne.-"
603-HCD-2025,2025,la libertad avanza san isidro,comunicacion,"si la reparacion del bache ubicado en la interseccion de las calles hipolito yrigoyen y berutti, de la ciudad de martinez.-"
604-HCD-2025,2025,union por la patria,comunicacion,si llevar adelante una campana de difusion sobre la inscripcion a la campana de vacunacion contra el dengue de la provincia de buenos aires.-
605-HCD-2025,2025,union por la patria,comunicacion,"slla colocacion de reductores de velocidad en la calle nuestras malvinas al 2300, de la ciudad de boulogne.-"
606-HCD-2025,2025,union por la patria,comunicacion,"si la correcta iluminacion sobre la calle nuestras malvinas, entre colectora oeste acceso norte y cervantes, del barrio los rosales, de la ciudad de boulogne.-"
608-HCD-2025,2025,union por la patria,comunicacion,"si la reparacion y pavimentacion del bache ubicado en la interseccion de las calles entre rios y emilio frers, de la ciudad de martinez.-"
610-HCD-2025,2025,varios senores concejales,comunicacion,"si evaluar la creacion e implementacion de un programa de turismo social para jubilados de san i""idro, en articulacion con puerto libre.-"
611-HCD-2025,2025,varios senores concejales,comunicacion,"si la creacion de un itinerario de sitios turisticos accesibles en san isidro, destinado a personas con movilidad reducida.- ,"
612-HCD-2025,2025,varios senores concejales,comunicacion,"si la creacion e implementacion de una oferta de turismo accesible en san isidro, para personas con discapacidad visual, en colaboracion con el hogar roman rosell.-"
620-HCD-2025,2025,union por la patria,comunicacion,"si las medidas necesarias para agregar a la ""feria de artesanos de san isidro"" en los carteles de informacion turistica de san isidro.-"
621-HCD-2025,2025,union por la patria,comunicacion,"si la colocacion de una senalizacion de transito de. estacionamiento exclusivo destinado a carga y descarga en el muelle ""33orientales"", ubicado en darsena gauto y pavon, de la ciudad de beccar.-"
622-HCD-2025,2025,union por la patria,comunicacion,si las medidas necesarias para promocionar una campana de difusion en lps redes sociales de) municipio sobre los cortes de calles que ocasionara la 4ta marcha del orgullo de san isidro.-
623-HCD-2025,2025,union por la patria,comunicacion,"si la colocacion de reductores de velocidad con la senalizacion correspondiente, en la calle maestra vicenta ravello entre las calles junin y asamblea, de la ciudad de boulogne.-"
625-HCD-2025,2025,union por la patria,comunicacion,"si la colocacion de un contenedor de basura y correcta recoleccion de residuos, en las inmediaciones del muelle ""33orientales"", ubicado en darsena gautoy pavon de la ciudad de beccar.-"
626-HCD-2025,2025,varios senores concejales,comunicacion,"si la difusion de la inscripcion de prestadores al programa de financiamiento del banco provincia, dirigido a financiar el consumo de alojamientos turisticos con costos financiero del cero por ciento a los hoteles que brindan servicios de a"
627-HCD-2025,2025,la libertad avanza,comunicacion,"si dar pronta respuesta a reclamos en la calle pueyrredon al 400, de la localidad de acassuso, sobre los problemas de anegamientos e higiene urpana que generan los arboles al tapar desgues de la via publica y domiciliarios.-"
628-HCD-2025,2025,la libertad avanza,resolucion,"el hcd. expresa su maximo repudio y pesar por el brutal asesinato de morena verri, brenda loreley del castillo y lara morena gutierrez, victimas del crimen organizado.-"
629-HCD-2025,2025,la libertad avanza,comunicacion,"si agregar un codigo qr en la carteleria turistica de la via publica presente en los sitios mas visitados de san isidro, que replique la informacion para los viajeros para que puedan consultarla desde cualquier sitio.-"
630-HCD-2025,2025,la libertad avanza,comunicacion,"si dar cumplimiento a la comunicacion n° 191/2022,mediante la cual se solicita incorporar"
631-HCD-2025,2025,la libertad avanza,comunicacion,"si la repavimentacion de las calles segurola y blandengues, de la ciudad de boulogne.-"
632-HCD-2025,2025,union por la patria,resolucion,"el h.cd. declara de interes la conmemoracion del ""ano internacional de las cooperativas"", proclamado por la organizacion de las naciones unidas (onu) para el ano 2025.-"
633-HCD-2025,2025,varios senores concejales,resolucion,"el hcd. declara de interes el trabajo de la fundacion de.payasos voluntarios alegranatas, con 10 anos de labor solidaria con los pacientes del hospital materno infantil de san isidro.-"
636-HCD-2025,2025,union por la patria,comunicaclon,"si la creacion e ilmplementacion de un programa de turismo estival y popular para los ninos y adolescentes que participan del programa municipal ""colonias de verano"", en el partido de san isidro.-"
637-HCD-2025,2025,partido democrata,comunicaclon,si un informe relacionado con el objetivo de i'\s obras en el espigon de san isidro.-
638-HCD-2025,2025,partido democrata,comunicacion,si un informe sobre la nueva brigada de operaciones inmediatas (boi).-
641-HCD-2025,2025,partido democrata,decreto,"estableciendo la iluminacion de la fachada del hcd. con el color azul turquesa, todos los 8 de octubre, con motivo del dia internacional de la dislexia.-"
642-HCD-2025,2025,la libertad avanza,comunicacion,"si la revision y correccion de las rampas de accesibilidad construidas en la calle rodriguez pena, en su interseccion con las calles diagonal salta, sargente cabral y necochea, d,~la ciudad de martinez.-"
644-HCD-2025,2025,union por la patria,comunicacion,si un informe sobre el estado de la laguna del parque publico del golf de villa adelina.-
645-HCD-2025,2025,union por la patria,comunicacion,"si articular con el consejo escolar para garantizar la construccion de una rampa de acce:¡opara personas con movilidad reducida en la escuela secundaria tecnica n° 1, ubicada en la calle neuquen n° 1229,de la ciudad de san isidro.-"
646-HCD-2025,2025,union por la patria,comunicacion,si un informe relacionado con el plan de modernizacion del sistema de salud publica que propone el departamento ejecutivo.-
647-HCD-2025,2025,union por la patria,comunicacion,"si restablecer el asueto publico local en el partido de san isidro con motivo de la festividad de san isidro labrador, patrono del distrito.-"
648-HCD-2025,2025,union por la patria,ordenanza,creando la tasa de promocion y posicionamiento territorial de san isidro.-
649-HCD-2025,2025,union por la patria,comunicacion,si generar un sistema donde los pacientes menores de18 anos que son derivados de urgencia de la guardia del hospital materno infantil al hopital central o al hospital de boulogne tengan prioridad en la atencion.-
650-HCD-2025,2025,union por la patria,resolucion,"el h.cd. manifiesta su beneplacito a ""la ruta de el eternauta"" y sus recorridos socioeducativos, por su contribucion a la cultura y turismo de memoria historica en nuestro muniopio.-"
651-HCD-2025,2025,union por la patria,comunicacion,si la colocacion de reductores de velocidad en diversas calles de la ciudad de boulogne.-
652-HCD-2025,2025,union por la patria,comunicacion,si un informe relacionado con la interrupcion voluntaria del embarazo.-
654-HCD-2025,2025,la libertad avanza,comunicacion,"si la revision y respuesta a los inconvenientes ocasionados por el crecimiento de las raices del arbol sito en la calle pedro goyena n°2665, de la ciudad de san isidro.-"
655-HCD-2025,2025,union por la patria,ordenanza,"creando la ""campana municipal de difusion sobre la cetoacidosis diabetica cad"", en el ambito de salud local.-"
656-HCD-2025,2025,varios senores concejales,comunicacion,"si tareas de poda en la calle pasaje garrido, entre las calles belgrano y 9 de julio, y en la calle chacabuco, entre las calles belgrano y martin y ornar, de la ciudad de san isidro.-"
659-HCD-2025,2025,partido democrata,comunicacion,"si el arreglo de la rejilla ubicada en la esquina de las calles suipacha y bolivar, de la ciudad de beccar.-"
660-HCD-2025,2025,partido democrata,comunicacion,si interceder ante trenes argentinos para el arreglo de los multiples pasos peatonales a nivel a lo largo del ramal mitre retiro-tigre.-
661-HCD-2025,2025,varios senores concejales,comunicacion,"si un informe relacionado con el ""anticipo jubilatorio"" vigente en el municipio.-"
662-HCD-2025,2025,partido democrata,decreto,"estableciendo la iluminacion de la fachada del h.cd. con el color rosa, todos los 19 de octubre con motivo del dia internacional de lucha contra el cancer de mama.-"
663-HCD-2025,2025,partido democrata,comunicacion,"si un informe relacionado con la extraccion del arbol ubicado enla calle suipacha n° 1968, de la ciudad de beccar.-"
664-HCD-2025,2025,partido democrata,comunicacion,"si asegurar un correcto final de obra, en las obras de repavimentacion y bacheo que se estan realizando en diversas zonas del partido.-"
665-HCD-2025,2025,union por la patria,resolucion,"el h.cd. declara de interes a la obra ""cromanon 20 anos. 194 retratos"" del artista vecino de san isidro, gustavo ruiz.-"
666-HCD-2025,2025,union por la patria,comunicacion,"s/ la repacion de la calle caracas en su tramo comprendido entre las calles parana y yapeyu, de la ciudad de martinez.-"
667-HCD-2025,2025,union por la patria,ordenanza,"declarando personalidad destacada del partido de san isidro, por su aporte en el campo de la cultura y las ciencias, al vecino de martinez, dr. francisco garcia bazan.-"
668-HCD-2025,2025,union por la patria,comunicacion,"s/ un control de las ramas y las raices de los arboles ubicados en la calle ibanez al 1349, de la ciudad de beccar.-"
669-HCD-2025,2025,union por la patria,comunicacion,"si se de cumplimiento a la ley provincial n° 14.798, el decreto n° 2551/15 y la disposicion n° 6/2021, procediendo a la elaboracion y presentacion del programa de gestion integral de seguridad acuatica.-"
670-HCD-2025,2025,union por la patria,resolucion,el h.cd. declara ele interes la labor desarrollada por la asociacion. argentina de sindrome de williams.-
671-HCD-2025,2025,union por la patria,comunicacion,s/ se de respuesta al pedido efectuado por amnistia internacional en relacion al hospital materno infantil de san isidro.-
672-HCD-2025,2025,partido democrata,resolucion,"el h.cd. declara de interes la jornada de nado y concientizacion sobre el cancer de mama 'travesia rosa"" a realizarse el 18 de octubre en la costa de san isidro.-"
675-HCD-2025,2025,la libertad avanza san isidro,comunicacion,"si el refuerzo de la luminaria publica en la calle int. tomkinson, en el tramo comprendido entre las calles ing. bergallo y la av. andres rolon, de la ciudad de san i""idro.-"
676-HCD-2025,2025,"la libertad avanza san isidro,",comunicacion,"si la reparacion integral de la vereda en la calle int. neyer, en el tramo comprendido entre las calles america y av. andres rolon, de la ciudad de beccar.-"
677-HCD-2025,2025,"la libertad avanza san isidro,",comunicacion,"si la extraccion del arbol ubicado sobre la calle rondeau altura 475, de la ciudad de beccar.-."
678-HCD-2025,2025,la libertad avanza san isidro,comunicacion,"si la extension de la darsena de estacionamiento ubicada sobre la calle dardo rocha, en el tramo comprendido entre las calles fray luis beltran y pringles, de la ciudad de martinez.-"
680-HCD-2025,2025,la libertad avanza san isidro,comunicacion,"si la reparacion de la calle neuquen, en el tramo comprendido entre las calles diego palma y don bosco, de la ciudad de san isidro.-"
682-HCD-2025,2025,union por la patria,resolucion,el hcd. manifiesta su beneplacito por la participacion del sr. concejal mateo bartolini en el global tourism forum 2025.-
685-HCD-2025,2025,union por la patria,resolucion,"el h.cd. declara de interes el libro ""los afro-portenos: la invisibilizacion de lo imaginario (1880-1910)""escrito por el historiador diego gaston douer.-"
686-HCD-2025,2025,union por la patria,comunicacion,"si la instalacion de un refugio en la parada de colectivos de la calle thames, entre la colectora panamericana y la calle potosi, de la ciudad de villa adelina.-"
687-HCD-2025,2025,union por la patria,comunicacion,"si se gestione ante la diocesis de san isidro la implementacion de 1u1 tour audiovisual gratuito y bilingue en la catedral de san isidro, con sistema de codigo qr.-"
688-HCD-2025,2025,union por la patria,comunicacion,si un informe relacionado con la 31' asamblea ordinaria del consejo provincial de turismo.-
689-HCD-2025,2025,union por la patria,comunicacion,"si se proceda a la entrega de un ""kit escolar patriotico argentino"" a todos los establecimientos sociales, deportivos y culturales del partido de san isidro, donde se desarrolla el programa fines.-"
690-HCD-2025,2025,union por la patria,resolucion,"el h.cd. repudia la decision del gobierno nacional de cerrar, privatizar o concesionar la unidad turistica chapadmalal.-"
691-HCD-2025,2025,union por la patria,comunicacion,"si la instalacion de reductores de velocidad en ambas manos de la calle sebastian elcano, en su interseccion con la calle los alamos, de la ciudad de san isidro.-"
692-HCD-2025,2025,la libertad avanza,comunicacion,"si la instalacion de reductores de velocidad y reubicar el cartel de ""despacio escuela"" en inmediaciones del jardin de infantes storyland, de la ciudad de martinez.-"
693-HCD-2025,2025,la libertad avanza,comunicacion,si la reubicacion de la pantalla del cartel con informacion turistica sito en el acceso a la estacion san isidro del tren mitre.-
694-HCD-2025,2025,la libertad avanza,comunicacion,si agregar en la carteleria turistica de la via publica informacion de interes para turistas en idioma ingles a traves de un codigo qr.-
704-HCD-2025,2025,union por la .patria,decreto,"el hcd. declara de interes la plataforma de capacitacion gratuita y universal en turismo, hoteleria, gastronomia y hospitalidad desarrollada por ott college.-"
705-HCD-2025,2025,union por la patria,resolucion,"el hcd. manifiesta su beneplacito y reconocimiento por la entrega de una llave michelin al ""hotel del casco"", ubicado en el casco historico de san isidro.-"
706-HCD-2025,2025,union por la patria,comunicacion,"si interceder ante la empresa mogsm, a fin de que considere la reversion del cambio de recorrido recientemente implementado en las lineas 707 y 333.-"
707-HCD-2025,2025,varios senores concejales,resolucion,"el h.cd. declara de interes la ""xii jornada de historias de la ciudad de martinez"".-"
708-HCD-2025,2025,partido democrata,ordenanza,"instrumentando el programa ""queremos aprender"" , de las dras. ana maria borzone y vanesa de mier, en los jardines municipales y en la escuela municipal malvinas argentinas.-"
709-HCD-2025,2025,partido democrata,resolucion,"el hcd. declara de interes el libro ""un legado espiritual en las barrancas de san isidro: historia y memoria de la quinta elortondo- armstrong"" de la arquitecta marcela fugardo junto con el sacerdote juan pablo ballesteros y el historiador "
710-HCD-2025,2025,union por la patria,ordenanza,declarandose de utilidad publica y sujeto a expropiacion el sector del inmueble conocido popularmente como parque boulogne.-
714-HCD-2025,2025,union por la patria,ordenanza,declarando la emergencia en seguridad publica en todo el territorio de san isidro.-
33-HCD-2026,2026,frente renovador - fuerza patria,comunicacion,"si la poda y raleo del arbolado que se encuentra en la calle coronel cetz n°231, de la ciudad de san isidro.-"
34-HCD-2026,2026,la libertad avanza san isidro,comunicacion,"si la implementacion de un programa de relevamiento, senalizacion y digitalizacion de la red de hidrantes o bocas de incendio subterraneas existentes en el partido.-"
35-HCD-2026,2026,la libertad avanza san isidro,comunicacion,"si la articulacion de operativos de seguridad junto al municipio de gral. san martin, en la calle sarratea, en el tramo comprendido entre la av. avelino rolon y av. carnina real moron san fernando, de la ciudad de boulogne.-"
36-HCD-2026,2026,movimiento derecho al futuro,ordenanza,"declarando en el municipio de san isidro el ano 2026 corno ""ano de los derechos humanos por la memoria, la verdad y la justicia. a 50 anos de la ultima dictadura civico militar"".-"
37-HCD-2026,2026,movimiento derecho al futuro,resolucion,"el h.cd. expresa su repudio y preocupacion ante el cierre definitivo de la ""escuela naciones unidas"", de la ciudad de martinez.-"
38-HCD-2026,2026,movimiento derecho al futuro,ordenanza,adhiriendo a la ley provincial n° 15.204.-
39-HCD-2026,2026,movimiento derecho al futuro,resolucion,"el h.cd. declara de interes la iniciativa ""50 anos- 50 acciones"" ,llevada adelante por la comision por la memoria, la verdad y la justicia zona norte, en conmemoracion del 500 aniversario del golpe de estado de 1976.-"
40-HCD-2026,2026,varios senores concejales,comunicacion,si un informe relacionado con la renuncia del tesorero municipal.-
41-HCD-2026,2026,varjlos senores concejales,comunicacion,"si un informe relacionado con las habilitaciones de comercios gastronomicos bajo la modalidad ""expres"".-"
42-HCD-2026,2026,frente renovador - fuerza patria,comunicacion,"si realizar tareas de barrido y limpieza en la av. santa fe esquina con la calle sarmiento, de la ciudad de martinez.-"
43-HCD-2026,2026,movimiento derecho al futuro,comunicacion,"si la reparacion del refugio de colectivos en la calle hipolito yrigoyen, esquina av. santa fe, de la ciudad de martinez.-"
44-HCD-2026,2026,partido democrata,ordenanza,estableciendo el 25 de marzo como dia municipal del nino por nacer.-
45-HCD-2026,2026,movimiento derecho al futuro,ordenanza,"creando el ""programa municipal de atencion integral a personas en situacion de calle"".-"
46-HCD-2026,2026,movimiento derecho al futuro,resolucion,el h.c.d. expresa su preocupacion y repudio ante la promulgacion de la ley de regimen penal juvenil n° 27.801 y su reglamentacion mediante el decreto n° 138/2026.-
47-HCD-2026,2026,movimiento derecho al futuro,resolucion,"el h.c.d. expresa su preocupacion por la situacion que se vive en la industria lactea veronica, en particular en la planta ubicada en la ciudad de boulogne.-"
49-HCD-2026,2026,varios senores concejales,comunicacion,"si la reparacion del bache que se encuentra en la calle gascon n° 2243, de la ciudad de boulogne.-"
52-HCD-2026,2026,fuerza patria,resolucion,"el h.cd. expresa preocupacion por el despido de todos los docentes de las dos tecnicaturas audiovisuales de la universidad nacional ""scalabrini ortiz"".-"
53-HCD-2026,2026,varios senores concejales,ordenanza,"construir una senda aerobica perimetral en el barrio san isidro, de la ciudad de boulogne.-"
54-HCD-2026,2026,varios senores concejales,ordenanza,creando el consejo de discapacidad en el ambito de san isidro.-
55-HCD-2026,2026,varios senores concejales,comunicacion,si los medios necesarios para agilizar el cobro de los aumentos de los haberes de los trabajadores por ips de la carrera profesional hospitalaria.-
56-HCD-2026,2026,varios senores concejales,resolucion,el h.cd. expresa su preocupacion ante las informaciones que dan cuenta del posible uso indebido de recursos publicos por el jefe de gabinete de la nacion.-
57-HCD-2026,2026,varios senores concejales,resolucion,"el h.c.d. manifiesta su adhesion a la ley provincial nº 12.654, de conformidad con lo dispuesto en el art. sº.-"
58-HCD-2026,2026,varios senores concejales,comunicacion,si al d.e. evaluar los medios necesarios para brindarle una bonificacion del 75% en el boleto del transporte publico local a los trabajadores del municipio.-
59-HCD-2026,2026,la libertad avanza san isidro,resolucion,el h.c:.d. expresa preocupacion por la construccion del desarrollo inmobiliario blissbuenos aires ubicado en la calle uruguay nº 4075 del partido de san fernando.-' .
114-HCD-2026,2026,frente renovador - fuerza patria,comunicacion,"si tareas de raleo y poda de los arboles que se encuentran en la calle cordoba n° 2221, entre las calles caracas y panama, de la ciudad de martinez.-"
115-HCD-2026,2026,frente renovador - fuerza patria,comunicacion,"si refuerzo de seguridad de las calles rastreador founier y los platanos, de la ciudad de villa adelina.-"
116-HCD-2026,2026,frente renovador - fuerza patria,comunicacion,"si la instalacion de camaras de seguridad sobre la calle bernardo de irigoyen, entre la calle saenz y el paso nivel, de la ciudad de boulogne.-"
117-HCD-2026,2026,movimiento derecho al futuro,comunicacion,"si la remocion del auto abandonado en la calle neuquen n° 227, de la ciudad de san isidro.-"
118-HCD-2026,2026,movimiento derecho al futuro,comunicacion,"si la instalacion de contenedores de residuos y su adecuada recoleccion e higiene sobre la calle jose ingenieros, entre las calles roma y madame curie, de la ciudad de beccar.-"
119-HCD-2026,2026,movimiento derecho al futuro,comunicacion,"si la desratizacion y el correcto desecho de residuos en el barrio ""monte viejo"", de la ciudad de beccar.-"
120-HCD-2026,2026,movimiento derecho al futuro,comunicacion,"si el raleo, la poda de los arboles y posterior arreglo de la vereda sobre la calle uruguay n' 776, de la ciudad de beccar.-"
121-HCD-2026,2026,varios senores concejales,comunicacion,si un informe relacionado con el sistema de emergencias medicas (sem).-
122-HCD-2026,2026,varios senores concejales,comunicacion,si un informe relacionado con las denuncias recibidas sobre el rechazo a vacunar a estudiantes de ciencias de la salud en efectores municipales.-
123-HCD-2026,2026,varios senores concejales,resolucion,el h.cd. reconoce la trayectoria de la sra. julie helena fortabat por su compromiso comunitario ambiental y solidario que enaltecen a la comunidad de san isidro.-
124-HCD-2026,2026,varios senores concejales,comunicacion,si un informe relacionado con los nombres de diversos espacios publicos.-
125-HCD-2026,2026,frente renovador - fuerza patria,comunicacion,"si un informe relacionado con la situacion ocasionada por ruidos molestos en ailtas horas de la noche en el domicilio sito en la calle mexico nº 947, dto 5, de la ciudad de martinez.-"
126-HCD-2026,2026,frente renovador - fuerza patria,comunicacion,"si la instalacion de camaras de seguridad y mejora en la iluminacion en la calle gervasio posadas, en su interseccion con la calle guillermo hudson, de la ciudad de j3eccar.-"
138-HCD-2026,2026,varios senores concejales.,decreto,estableciendo el caracter publico de las reuniones de todas las comisiones de trabajo del honorable concejo deliberante de san isidro.-
139-HCD-2026,2026,movimiento derecho al futuro.,comunicacion,"si un informe relacionado con el subsidio otorgado a la ""asociacion cooperadora casa d'e cultura"".-"
144-HCD-2026,2026,varios senores concejales.,ordenanza,"creando el ""programa de regularizacion dominial y de construcciones familiares del partido de san isidro"".-"
145-HCD-2026,2026,partido democrata.,comunicacion,"si las medidas necesarias para dar respuesta definitiva al reclamo n° 11747939, relacionado con una palmera ubicada en la calle moreno n° 381, de la ciudad de san isidro.-"
146-HCD-2026,2026,partido democrata.,comunicacion,"si el retiro del quiosco de diarios abandonado en la calle 3 de febrero n° 795, de la ciudad de san isidro.-"
168-HCD-2026,2026,la libertad avanza san isidro,comunicacion,"si el arreglo de la cinta asfaltica en la calle eduardo wilde, entre las calles pichincha y gral. lamadrid, de la ciudad de villa adelina.-"
169-HCD-2026,2026,la libertad avanza san isidro,comunicacion,"si el arreglo de la cinta asfaltica en la calle gervasio posadas, entre las calles juan clark e ing. bergallo, de la ciudad de beccar.-"
170-HCD-2026,2026,la libertad avanza san isidro,comunicacion,"si la instalacion de un semaforo peatonal en la salida del tunel de la calle primera junta a la av. centenario, de la ciudad de san isidro.-"
171-HCD-2026,2026,la libertad avanza san isidro,comunicacion,"si la reparacion de las veredas y la calzada de la interseccion de las calles virrey vertiz. y godoy cruz, de la ciudad de boulogne.-"
186-HCD-2026,2026,movimiento derecho al futuro,comunicacion,"si el raleo, la poda de los arboles y posterior arreglo de la vereda sobre la calle luis maria campos n° 2748 y 2750, de la ciudad de boulogne.-"
187-HCD-2026,2026,"movimiento derecho al futuro,",ordenanza,"creando el beneficio de estacionamiento gratuito y prioritario en el partido de san isidro para los veteranos de guerra de malvinas,-"
194-HCD-2026,2026,"varios senores concejales,",resolucion,"el h.c.d, felicita al club atletico y social villa adelina (c.a.s.v.a), con motivo de celebrarse el 100° aniversario de su fundacion.-"
195-HCD-2026,2026,la libertad avanza,comunicacion,"si la instalacion de camaras de seguridad y luminarias bajas en la calle urquiza n° 98, de la ciudad de martinez,-"
197-HCD-2026,2026,la libertad avanza,comunicacion,"s/ restablecer el doble sentido de circulacion en la calle uspallata, entre la calle laprida y la av. bernabe marquez, de este distrito.-"
198-HCD-2026,2026,bloqi.le movimiento derecho al futuro,resolucion,"el h.cd. expresa su preocupacion y rechazo al avance del proyecto de ley s-0228/2025 sobre el endurecimiento de penas por ""denuncias falsas"".-"
199-HCD-2026,2026,movimiento derecho al futuro,resolucion,el h.cd. expresa el repudio a la decision del gobierno nacional de retener los fondos correspondientes a la provincia de buenos aires.-
200-HCD-2026,2026,varios senores concejales,resolucion,"el h.cd. expresa su reconocimiento y felicitacion al local de venta de indumentaria masculina ""gonper"", sito en la calle parana n° 6619, de la ciudad de villa adelina.-"
201-HCD-2026,2026,la libertad avanza,ordenanza,"creando en el ambito de la subsecretaria de ninez, adolescencia y comunidad el area de asistencia a victimas de falsas denuncias, obstruccion de vinculos y derecho a la coparentabilidad en el ambito familiar.-"
202-HCD-2026,2026,varios senores concejales,comunicacion,s/ un informe relacionado con el evento realizado el pasado 12 de abril del corriente ano en el predio del hipodromo de san isidro.-
203-HCD-2026,2026,union civica radical,comunicacion,"s/ un informe relacionado a la obra denominada ""corredor rolon"".-"
204-HCD-2026,2026,varios senores concejales,comunicacion,si un informe detallando la planificacion pedagogica y la oferta academica final del centro de formacion profesional municipal n° 1 para el ciclo lectivo 2026.-
205-HCD-2026,2026,fuerza patria,comunicacion,"si realizar una inspeccion tecnica del estado del pavimento y del entubamiento en la calle luis maria drago, en el tramo comprendido, entre la av. ader y la calle los ceibos, de la ciudad de villa adelina.-"
206-HCD-2026,2026,fuerza patria,comunicacion,"si la reparacion de veredas y la construccion de rampas en la interseccion de las calles luis maria drago y los platanos, de la ciudad de villa adelina.-"
207-HCD-2026,2026,fuerza patria,comunicacion,"si la poda de los arboles ubicados en la calle luis maria drago, entre las calles guayaquil y comandante luis piedra buena, de la ciudad de villa adelina.-"
208-HCD-2026,2026,fuerza patria,comunicacion,"si realizar tarea:; de limpieza en la calle guayaquil, entre las calles soldado de malvinas y ucrania, de la ciudad de villa adelina.-"
209-HCD-2026,2026,fuerza patria,comunicacion,"si la reparacion de la verdad y efectuar controles de ramas y raices de los arboles en la calle jose figueroa alcorta n° 307, de la ciudad de boulogne.-"
210-HCD-2026,2026,fuerza patria,comunicacion,"si la restitucion ele la placa identificatoria en el busto del gral. don jose de san martin ubicado en la plaza san martin, de la ciudad de boulogne.-"
211-HCD-2026,2026,fuerza patria,comunicacion,"si el destape de 1<1 boca de tormenta en la calle dr. raul bagnati n° 2400, entre las calles olazabal y asamblea, ciudad de boulogne.-"
212-HCD-2026,2026,fuerza patria,comunicacion,"si la reparacion de la rampa ubicada en la calle jose figueroa alcorta en la interseccion de la calle serrano, de la ciudad de boulogne.-"
213-HCD-2026,2026,fuerza patria,comunicacion,"si la reparacion del bache que se encuentra en la calle perito moreno, entre las calles martin rodriguez e independencia, de la ciudad de villa adelina.-"
214-HCD-2026,2026,fuerza patria,comunicacion,"si la reparacion del bache que se encuentra en la calle dr. raul bagnati, entre las calles olazabal y a!;amblea, de la ciudad de boulogne.-"
215-HCD-2026,2026,fuerza patria,comunicacion,"si la plantacion de un ejemplar arboreo frente a la vivienda ubicada en la calle ucrania n° 2746, de la ciudad de villa adelina.-"
216-HCD-2026,2026,movimiento derecho al futuro,comunicacion,"si el raleo, poda de despeje, mantenimiento del arbol y posterior arreglo de vereda en la calle intendente neyer n° 1622, de la ciudad de beccar.-"
217-HCD-2026,2026,movimiento derecho al futuro,resolucion,"el h.cd. declara de interes las jornadas ""braian toledo"", impulsadas por el ministerio de desarrollo de la comunidad de la pcia. de bs. as., por su aporte al fortalecimiento de los clubes de barrio de san isidro.-"
218-HCD-2026,2026,partido democrata,comunicacion,"si la correcta iluminacion de la plaza san martin, de la ciudad de boulogne.-"
219-HCD-2026,2026,partido democrata,comunicacion,"si reforzar la luminaria a ambos lados de la calle virrey vertiz, entre la av. avelino rolon y la calle perito moreno, de la ciudad de boulogne.-"
220-HCD-2026,2026,partido democrata,comunicacion,"si reforzar el patrullaje en los alrededores de la calle virrey vertiz, entre la av. avelino rolon y la calle perito moreno, de la ciudad de boulogne.-"
221-HCD-2026,2026,partido democrata,comunicacion,"si la reparacion del pozo ubicado en la esquina de las calles virrey vertiz y gorriti, de la ciudad de boulogne.-"
222-HCD-2026,2026,fuerza patria,comunicacion,"si la reparacion del pavimento en la calle cordoba, entre la av. fleming y la calle diagonal salta, de la ciudad de martinez.-"
223-HCD-2026,2026,fuerza patria,resolucion,el h.cd. expresa su desacuerdo con la disminucion de la oferta formativa en el centro de formacion profesional municipal n°l.-
224-HCD-2026,2026,union civica radical.,comunicacion,"si un informe relacionado con el retiro de la gendarmeria nacional en el barrio ""la cava"".-"
225-HCD-2026,2026,varios senores concejales,comunicacion,"si un informe relacionado al cierre de la sede de la casa de la juventud, ubicada en la calle don basca n° 47, de la ciudad de san isidro.-"
226-HCD-2026,2026,partido democrata,comunicacion,"si arbitrar las medidas necesarias para invitar a las escuelas del distrito a enviar una delegacion de alumnos a la peregrinacion que se realiza el 15 de mayo, en honor a nuestro patrono 5an isidro labrador.-"
228-HCD-2026,2026,movimiento derecho al futuro,resolucion,"el h.c.d. expresa preocupacion y rechazo ante la negativa del ministerio de capital humano de la nacion de asistir financieramente al programa ""mesa"".-"
229-HCD-2026,2026,fuerza patria,comunicacion,"si un informe relacionado con el cierre de la casa de la juventud, ubicada en la calle don bosco n°47 de la ciudad de san isidro.-"
230-HCD-2026,2026,fuerza patria,comunicacion,"si la reparacion del pozo ubicado al costado de la senda aerobica sobre la calle cura allievi al 100, de la ciudad de boulogne.-"
231-HCD-2026,2026,fuerza patria,resolucion,"el h.c.d. expresa preocupacion por la situacion laboral, economica y operativa que atraviesan los trabajadores de las lineas de transporte publico 437, 333, 707 y407.-"
232-HCD-2026,2026,fuerza patria,comunicacion,"si la reposicion d,~las farolas de iluminacion faltan tes en la calle luis maria drago, entre las calles lo¡. ceibos y comandante luis piedrabuena, de la ciudad de villa adelina.-"
233-HCD-2026,2026,fuerza patria,comunicacion,"si la incorporacion del curso de reparacion de iphone al programa ""oficios en tu barrio"", a diotarse en la calle araoz n°2.279, de la ciudad de boulogne.-"
234-HCD-2026,2026,fuerza patria,comunicacion,"si evaluar la situacion del arbol ubicado en la calle martin rodriguez n° 541, de la ciudad de boulogne.-"
235-HCD-2026,2026,varios senores concejales,comunicacion,si un informe relacionado con el sistema de liquidacion de guardias en el sistema de salud munidpal.-
236-HCD-2026,2026,union civica radical,ordenanza,"declarando la caducidad de la concesion del servicio publico de transporte automotor de pasajeros de la linea municipal n°707, en todos sus ramales, otorgada a la empresa micro omnibus gral. san martin (mogsm).-"
237-HCD-2026,2026,fuerza patria,comunicacion,"si la construccion de una darsena de estacionamiento en la calle yatay, en su interseccion con la calle bernardo de irigoyen, de la ciudad de boulogne.-"
238-HCD-2026,2026,movimiento derecho al futuro,comunicacion,si al d.e. que de respuesta a diversas cuestiones relacionadas con el protocolo para la interrupcion voluntaria del embarazo que se lleva a cabo en el hospital materno infantil de este distrito.-
239-HCD-2026,2026,la libertad avanza,resolucion,el h.c.d. expresa su beneplacito al proyecto de resolucion por el cual se exige al gob. de la prov. de bs. as. la restitucion y normalizacion del modulo extraordinario para la seguridad alimentaria.-
240-HCD-2026,2026,la libertad avanza,comunicacion,si la inspeccion del establecimiento ubicado en la calle uruguay n° 3.720 de la ciudad de beccar.-
241-HCD-2026,2026,movimiento derecho al futuro,comunicacion,"si el mantenimiento de los postes de luz ubicados en la calle riobamba n° 1526, de la ciudad de beccar.-"
292-HCD-2026,2026,fuerza patria,ordenanza,"creando en el partido de san isidro la figura de ""centro cultural"".-"
293-HCD-2026,2026,fuerza patria,comunicacion,"si la reparacion del bache que se encuentra en la interseccion de las calles hipolito yrigoyen y santo domingo, de la ciudad de martinez.- ."
294-HCD-2026,2026,fuerza patria,comunicacion,"si la reparacion del bache que se encuentra en la calle paran a al 7115, de la ciudad de villa adelina.-"
295-HCD-2026,2026,fuerza patria,comunicacion,"si al consejo escolar la reparacion de los techos y paredes de diversos sectores del centro de formacion profesional n° 402, de la ciudad de martinez .-"
296-HCD-2026,2026,fuerza patria,comunicacion,"si la liberacion de! espacio fisico que se encuentra ocupado por una vivienda en el centro de form¡lcion profesional n° 402, de la. ciudad de martinez.-"
297-HCD-2026,2026,fuerza patria,comunicacion,"si la limpieza y reparacion del sumidero que se encuentra en la calle manuela garcia al 2289, de la ciudad de beccar.-"
298-HCD-2026,2026,movimiento derecho al futuro,comunicacion,"si ij,¡forme relacionado con el servicio de agua corriente en el sector denominado ""escalera isabel la catolica"" del barrio la cava, de la ciudad de beccar.-"
299-HCD-2026,2026,movimiento derecho al futuro,resolucion,el h.c.d. expresa su preocupacion ante las politicas de ajuste impulsadas por el gobierno nacional que afectan al sistema de prestaciones de las personas con discapacidad.-
300-HCD-2026,2026,movimiento derecho al futuro,comunicacion,"si las medidas necesarias para reparar los danos causados por el arbol ubicado sobre la ':alle sucre n° 3100 del barrio san cayetano, de la ciudad de beccar.-"
301-HCD-2026,2026,union civica radical,comunicacion,"si la reparacion integral de las veredas de la calle alsina n° 1396, esquina calle san jose, de la ciudad de san isidro.-"
302-HCD-2026,2026,movimiento derecho al futuro,resolucion,"el h.c.d. declara de interes la tarea llevada a cabo por la fundacion ""carolina alo"", por sus acciones vinculadas a la promocion y proteccion de los derechos de las mujeres.-"
303-HCD-2026,2026,movimiento derecho al futuro,comunicacion,"si la reparacion, nivelacion y mantenimiento de la vereda ubicada en la av. andres rolon n° 1652, de la ciudad de beccar.-"
307-HCD-2026,2026,movimiento derecho al futuro,comunicacion,"si un informe relacionado con las politicas publicas operativas vigentes destinadas a la prevencion, contencion y tratamiento de los trastornos de la conducta alimentaria (tca) en el distrito.-"
308-HCD-2026,2026,movimiento derecho al futuro,comunicacion,si un informe relacionado con la implementacion de armas de letalidad reducida anunciadas por el sr. intendente municipal.-
309-HCD-2026,2026,varios senores concejales,comunicacion,"si un informe relacionado con el proyecto ""san isidro plan urbano costero"" (sipuc).-"
310-HCD-2026,2026,varios senores concejales,comunicacion,"si un informe sobre el protocolo de accion ante la deteccion de casos sospechosos o confirmados de' enfermedades transmisibles de alto riesgo biologico o emergencias sanitarias de importancia internacional, en el distrito.-"
313-HCD-2026,2026,fuerza patria,resolucion,"el h.cd. declara de interes el libro ""derrota del submarino"", obra del escritor sanisidrense bruno pedro de alto.-"
317-HCD-2026,2026,varios senores concejales,resolucion,"el h.cd. expresa su reconocimiento y felicitaciones a la ""fundacion juntos para hacer"", por celebrarse 20 anos de su creacion.-"
318-HCD-2026,2026,movimiento derecho al futuro,resolucion,el h.cd. resuelve otorgar un reconocimiento a la memoria de los vecinos de nuestro partido por el terrorismo de estado el 9 de junio de 1956 en los basurales de jose leon 5uarez.-
319-HCD-2026,2026,movimiento derecho al futuro,comunicacion,si un informe sobre la demanda contencioso administrativa (causa n° 43.029) promovida por la asociacion civil pro amnistia.-
320-HCD-2026,2026,varios senores concejales,comunicacion,"si un informe relacionado con el convenio suscripto por el municipio con la asociacion civil ""red de innovacion local"".-"
321-HCD-2026,2026,varios senores concejales,comunicacion,"si un informe en relacion a la licitacion publica n° 52/2024 para la contratacion del servicio de ""implementacion y mantenimiento del sistema informatico de salud de la municipalidad de san isidro"".-"
322-HCD-2026,2026,varios senores concejales,comunicacion,"si un informe acerca de la falta de energia electrica en el hospital municipal materno infantil ""dra. carlos gianantonio"".-"
323-HCD-2026,2026,movimiento derecho al futuro,resolucion,"el rcd. expresa su reconocimiento por el 20° aniversario de la fundacion ""juntos para hacer"". centro de dia ""sentires"".-"
324-HCD-2026,2026,partido democrata,comunicacion,"si un informe respecto del proyecto inmobiliario ""barrancas de alvear"", de la ciudad de martinez.-"
326-HCD-2026,2026,varios senores concejales,resolucion,el hcd. expresa :>ubeneplacito por las distinciones nacionales recibidas por el municipio de san isidro otorgadas por la red de innovacion local.-
327-HCD-2026,2026,varios senores concejales,resolucion,el hcd. expresa su repudio ante los actos vandalicos y de profanacion ocurridos en el santuario de la virgen de fatima ubicado en el bajo de martinez.-
328-HCD-2026,2026,la libertad avanza,comunicacion,si un informe relacionado con el servicio de higiene urbana.-
331-HCD-2026,2026,la libertad avanza,resolucion,"el h.cd. reconoce al gobierno nacional por su compromiso con la desburocratizacion, modernizacion y transparencia del estado, manifestando el impulso a la ley de derogacion de legi""lacion obsoleta.-"
334-HCD-2026,2026,movimiento derecho al futuro,comunicacion,"si un informe relacionado con el expte. n°3/2026 referente a la ""evaluacion de impacto-ambiental - ampliacion centro comercial unicenter"".-"
335-HCD-2026,2026,movimiento derecho al futuro,comunicacion,"si ta reparacion e instalacion de la tapa de la boca de tormenta ubicada en la calle bulnes n° 2399, de la ciudad de boulogne.-"
337-HCD-2026,2026,movimiento derecho al futuro,comunicacion,"si el raleo, la poda y posterior arreglo de la vereda ubicada en la interseccion de las can~s bulnes y comodoro rivadavia, de la ciudad de boulogne.-"
338-HCD-2026,2026,la libertad avanza san isidro,comunicacion,"si :lareparacion de la calle gaetan gutierrez, en el tramo comprendido entre la calle del barco centenera y el campo de deportes municipal n° 9, de la ciudad de san isidro.-"
339-HCD-2026,2026,la libertad avanza san isidro,comunicacion,"si la construccion de sendas peatonales elevadas en las esquinas de la calle alem, entrl~las calles 25 de mayo y acassuso, de la cuidad de san isidro.-"
340-HCD-2026,2026,la libertad avanza san isidro,comunicacion,"si la reparacion de la calle 1 interna, en el tramo comprendido entre las calles roque saenz pena y del barco centenera, de la ciudad de san isidro.-"
342-HCD-2026,2026,movimiento derecho al futuro,comunicacion,"si la reparacion y posterior mantenimiento de la vereda ubicada en la interseccion d,~las calles monsenor alberti y diego palma, de la ciudad de san isidro.-"
343-HCD-2026,2026,movimiento derecho al futuro,comunicacion,si un informe relacionado a los criterios de actuacion del personal de seguridad en los espacios publicos del distrito.-
344-HCD-2026,2026,varios senores concejales,comunicacion,"si un informe relacionado con las instalaciones sanitarias del tercer piso, ala norte, del hospital central de san isidro.-"
345-HCD-2026,2026,movimiento derecho al futuro,resolucion,"el h.c.d. declara de interes la ""semana de sensibilizacion sobre la sordocegu,~ra"" a conmemorarse la ultima semana del mes de junio de cada ano.-"
346-HCD-2026,2026,movimiento derecho al futuro,comunicacion,"si un informe relacionado con el proyecto urbanistico de la calle gral. alvear n° 1495, de la ciudad de martinez.-"
347-HCD-2026,2026,movimiento derecho al futuro,ordenanza,"declarando ""sitio historico y de interes cultural del rock argentino"" al inmueble ubicado en la calle rivera n° 2100, de la ciudad de villa adelina.-"
355-HCD-2026,2026,la libertad avanza san isidro,comunlcacion,si un informe relacionado con tareas de control y fiscalizacion de transito que se desarrollan en el centro comercial de la ciudad de san isidro.-
356-HCD-2026,2026,la libertad avanza san isidro,comunicacion,"iii realizar las inspecciones correspondientes y adopte las medidas necesarias para la remocion de los vehiculos abandonados ubicados sobre la calle formosa, entre las calles juan b. justo e ing. marconi, de la ciudad de beccar.-"
362-HCD-2026,2026,frente renovador - fuerza patria,comunicacion,":,1 la reparacion del bache que se encuentra en la calle luis maria campos, entre las calles bernardo de irigoyen y padre acevedo, de la ciudad de boulogne.-"
363-HCD-2026,2026,frente renovador - fuerza patria,comunicacion,"si el recorte de raices del arbol que se encuentra sobre la calle salguero n° 899, de 'la ciudad de beccar.-"
364-HCD-2026,2026,frente renovador - fuerza pa tria,comunicacion,"si la puesta en valor de la cinta asfaltica sobr~ la calle camino moron en su intersecdon con la calle padre castiglia, de este partido.-"
365-HCD-2026,2026,la llliertad avanza,comunicacion,si. un informe relacionado con los kits del programa qunita bonaerense.-
366-HCD-2026,2026,la libertad avanza,comunicacion,"s/ un informe relacionado con el cuadro que se encuentra en el recinto de sesiones, con la inscripcion ""ni una menos"".-"
367-HCD-2026,2026,la libertad avanza,comunicacion,"s/ articular con ongs, escuelas y comedores comunitarios con capacidad para la produccion gastronomica, la cosecha y distribucion de naranjas amargas de los ejemplares que se encuentran en las veredas del partido para la posterior realizaci"
368-HCD-2026,2026,hloque la libertad avanza,ordenanza,"disponiendo la remocion total y definitiva de los carteles ""grua remueve'! vinculados a solo £rentistas o solo vehiculos autorizados que se encuentran instalados bajo ordenanza n° 8849.-"
369-HCD-2026,2026,la libertad avanza,comunicacion,"creando el programa municipal de ""ferias tematicas abiertas y distritales"" en el ambito del partldo.-"
370-HCD-2026,2026,la llliertad avanza,comunicacion,s/ un relevamiento integral de los espacios de estacionamiento exclusivos para personas con discapacidad existentes en la via publica del partido.-
371-HCD-2026,2026,varios senores concejales,comunicacion,s/ un infmme relacionado con el convenio n° 24/2026 aprobado por el decreto n° 360/2026.-
373-HCD-2026,2026,fuerza patria,comunicacion,"si una inspeccion tecnica urgente por riesgo electrico y caida del arbol que se encuentra en la calle bagnati n° 2427, de la ciudad de boulogne.-"
374-HCD-2026,2026,fuerza patria,ordenanza,"estableciendo la nomenclatura parcelaria por altura en diversos tramos perimetrales del barrio san isidro (basi), de la ciudad de boulogne.-"
375-HCD-2026,2026,fuerza patria,comunicacion,"si la reparacion de los baches que se encuentran en la calle camino real moron , entre las calles sarratea y bernardo de irigoyen, de la ciudad de boulogne.-"
376-HCD-2026,2026,",.- bloque fuerza patria",comunicacion,"si la reparacion del bache que se encuentra en la calle virrey vertiz n° 1798, de la ciudad de villa adelina.-"
378-HCD-2026,2026,fuerza patria,comunicacion,"si la inspeccion de arboles y de la vereda que se encuentra en la calle rivera n° 2012, de la ciudad de villa adelina.-"
379-HCD-2026,2026,varios senores concejales,comunicacion,"si la incorporacion de una flotilla de motociclistas con personal debidamente capacitado como socorristas, para ser apoyo y complemento de las ambulancias en situaciones de emergencia.-"
388-HCD-2026,2026,fuerza patria,comunicacion,"si la instalacion de una camara en la interseccion de las calles america y o'higgins, de la ciudad de beccar.-"
389-HCD-2026,2026,varios senores concejales,comunicacion,"si un informe relacionado con la disminucion del coeficiente unico de distribucion (cud) correspondiente al municipio de san isidro durante los ejercicios 2024, 2025 y2026.-"
390-HCD-2026,2026,fuerza patria,comunicacion,"si interceder ante la empresa edenor s.a. realice una inspeccion tecnica, para determinar la necesidad de poda y despeje del arbol que se encuentra en la calle rivera n° 204,s, de la ciudad de villa adelina.-"
392-HCD-2026,2026,fuerza patria,comunicacion,"si la reparacion de la rampa ubicada en la interseccion de las calles luis maria drago y foumier, de la ciudad de villa adelina.-"
394-HCD-2026,2026,fuerza patria,comunicacion,"si la instaladon de una camara en la interseccion de las calles pichincha y soldado de malvinas, de la ciudad de villa adelina.-"
398-HCD-2026,2026,movimiento derecho al futuro,ordenanza,"autorizando a suscribir el convenio con el ministerio de salud de la pcia. de buenos aires para la implementacion del programa provincial de acompanamiento y cuidados de la salud durante el embarazo y la primera infancia ""qunita bonarense""."
400-HCD-2026,2026,movimiento derecho al futuro,comunicacion,"s/ la reparacion integral y puesta en funcionamiento del sistema de duchas del vestuario de mujeres y ninos del campo de deportes municipal n° 1, de la ciudad de beccar.-"
401-HCD-2026,2026,union civica radical,resolucion,"el h.cd. manifiel:ta oposicion y rechazo a la evaluacion del impacto ambiental presentada ba:io el marco del expediente n° 158/2026, relacionado con el inmueble sito en la calle gral. alvear n° 1495, de la ciudad de martinez.-"
402-HCD-2026,2026,movimiento derecho al futuro,comunicacion,"s/ reformular el plan estrategico de optimizacion comunicacional para la ""agenda ambiental"".-"
403-HCD-2026,2026,movimiento derecho al futuro,comunicacion,"s/ un informe relacionado a la difusion de las politicas y actividades ambientales d,~lmunicipio.7"
404-HCD-2026,2026,movimiento derecho al futuro,comunicacion,"s/ al consejo escolar un informe relacionado a la obra presupuestada para el jardin d,~infantes n° 901 ""dominguito"", de la ciudad de san isidro.-"
405-HCD-2026,2026,movimiento derecho al futuro,ordenanza,"modifi.cando el actual nombre de la calle ""tte. gral. . pedro eugenio aramburu"" de la ciudad de martinez, por el nombre de ""intendente norberto gavino"", sobreviviente de los fusilamientos de jose l. suarez.-"
406-HCD-2026,2026,movimiento derecho al futuro,resolucion,"el h.c.d. declara de interes el veredicto dictado el 22 de junio de 2026 por el juzgado criminal y correccional federal nº 2 de san martin en el marco del ""juicio por la verdad por los fusilamientos de jose leon de 1956"".-"
407-HCD-2026,2026,movimiento derecho al futuro,comunicacion,"s/ un informe relacionado con el hecho ocurrido el pasado 23 de junio en las calles intendente neyer y jorge newbery, de la ciudad de beccar.-"
408-HCD-2026,2026,movimiento derecho al futuro,comunicacion,"s/ la pavimentacion y/o la mejora integral de la infraestructura del sector denominado ""pasillo ancho"", ubicado en la calle int. neyer nº 1985, de la ciudad de beccar.-"
410-HCD-2026,2026,frente renovador -fuerza patria,comunicacion,"si la reparacion de pozos y roturas que se encuentran en la calle salguero nº 1500, de la ciudad de boulogne.-"
413-HCD-2026,2026,partido democrata,comunicacion,"s/ la instalacion de semaforos con giro a la izquierda hacia el bajo sobre la av. del libertador, entre las calles 33 orientales y chile, de la ciudad de beccar.-"
414-HCD-2026,2026,partido democrata,comunicacion,"s/ el arreglo de diversos baches a lo largo del trazado de la calle uruguay, entre las avenidas centen<uio y del libertador, de la ciudad de beccar.-"
415-HCD-2026,2026,primero san isidro,comunicacion,"s/ evaluar la factibilidad de establecer la obligatoriedad de que los delegados de los 44 cll;lbes de barrios que participan de la liga municipal de baby futbol, realicen la capacitacion basica en reanimacion cardiopulmonar y primeros auxil"
416-HCD-2026,2026,movimiento derecho al futuro,resolucion,"el h.c.d. expresa su preocupacion y rechazo ante la decision del gobierno nacional de avanzar con la hidrovia parana - paraguay, en el marco de la licitacion publica internacional n° 1/2026.-"
417-HCD-2026,2026,movimiento derecho al futuro,resolucion,"s/ al d.e. que a traves de la secretaria de ninez, adolescencia y familia o del area competente, se garantice la institucionalidad del colos!.-"
418-HCD-2026,2026,movimiento derecho al futuro,comunicacion,"s/ un informe relacionado con el operativo llevado a cabo el dia miercoles 17 de junio de 2026, en la interseccion de la calles int. beco e tomkinson, de la ciudad de beccar.-"
419-HCD-2026,2026,la libertad avanza,resolucion,"el h.c.d. declara como personalidad destacada de la cultura de san isidro a la escultora lucy mattos, por su trayectoria y contribucion a la cultura de san isidro.-"
420-HCD-2026,2026,la libertad avanza,comunicacion,s/ generar una campana de difusion y conciencia vial enfocada en la legislacion sobre circulacion en wtondas.-
421-HCD-2026,2026,la libertad avanza,comunicacion,"s/ la instalacion de una camara de seguridad en la interseccion de las calles rivera y la rioja, de la ciudad de villa adelina.-"
422-HCD-2026,2026,la libertad avanza,comunicacion,"si la colocacion de luminaria y la poda del arbol ubicado en la calle la rioja altura 1000, de la ciudad de villa adelina.-"
423-HCD-2026,2026,la libertad avanza,ordenanza,creando el paseo de las personalidades destacadas de san isidro.-
424-HCD-2026,2026,la libertad avanza,resolucion,el h.c.d. expresa su beneplacito por la aprobacion del plan nacional para la prevencion y control de la resistencia a los antimicrobianos 2026- 2029.-
425-HCD-2026,2026,union civica radical,comunicacion,si un informe relacionado con el expediente n° ex-2026- 00131994-si-dds y el dictado de la resolucion resfc-2026-476-si-sssalu.-
426-HCD-2026,2026,movimiento derecho al futuro,ordenanza,adhiriendo a la ley provincial n° 10.605 de prevencion al suicidio.-
427-HCD-2026,2026,movimiento derecho al futuro,comunicacion,"si wl informe relacionado a las inscripciones a los talleres que se dictan en la ""casa de la juventud"" de san isidro.-"
432-HCD-2026,2026,fuerza patria,comunicacion,"si evaluar las medidas necesarias para garantizar la seguridad de los peatones en el cruce del puente de camino real moron y autopista panamericana, de este distrito.-"
433-HCD-2026,2026,fuerza patria,comunicacion,"si la reubicacion de los contenedores de residuos situados sobre la calzada en la calle nuestras malvinas y diversas intersecciones, de la ciudad de boulogne.-"
434-HCD-2026,2026,fuerza patria,comunicacion,"si un informe relacionado con la semaforizacion del cruce de camino real moron y la autpista panamericana, de este distrito.-"
435-HCD-2026,2026,fuerza patria,comunicacion,"si la instalacion de semaforos peatonales con boton en el boulevard frente al barrio san isidro, frente a la escalera 8, de la ciudad de boulogne.-"
436-HCD-2026,2026,fuerza patria,comunicacion,"si la reparacion ele la calzada de la calle matheu en el tramo comprendido entre las calles nuestras malvinas y jose figueroa alcorta, de la ciudad de boulogne.-"
437-HCD-2026,2026,fuerza patria,comunicacion,"si la reparacion integral de la calzada de la calle nuestras malvinas, en su tramo comprendido entre las calles capitan juan de san martin y matheu, de la ciudad de boulogne.-"
438-HCD-2026,2026,fuerza patria,comunicacion,"si la instalacion de carteleria oficial de nomenclatura urbana en la interseccion de la calle marcos paz y la av. avelino rolon, de la ciudad de boulogne.-"
439-HCD-2026,2026,fuerza patria,comunicacion,"si la instalacion de un semaforo en las interseccion de la av. avelino rolon y las calles marcos pazjlarrea, de la ciudad de boulogne.-"
440-HCD-2026,2026,fuerza patria,comunicacion,"si las medidas necesarias para evitar la caida del poste de cableado electrico ubicado en la interseccion de la calle ada eflein y av. andres rolon, de la ciudad de beccar.-"
441-HCD-2026,2026,fuerza patria,ordenanza,creando el plan municipal anti picadas en el partido de san isidro.-
442-HCD-2026,2026,fuerza patria,comunicacion,"si al d.e. realice las acciones pertinentes en conjunto con el municipio de vte. lopez, para erradicar las practicas ¡legales de velocidad que se realizan semanalmente sobre la calle parana, entre la av. fondo de la legual av. mitre y colec"
443-HCD-2026,2026,fuerza patria,ordenanza,colocando en todas las paradas de colectivos del partido de san isidro la correspondiente carteleria que indique que lineas paran alli y sus recorridos.-
444-HCD-2026,2026,frente renovador - fuerza patria,comunicacion,si al d.e. informar si se tiene previsto llevar adelante alguna accion para reestablecer los servicios de transporte en los lugares donde aun no hay colectivos.-
445-HCD-2026,2026,frente renovador - fuerza patria,comunlcacion,"si el raleo y la poda del arbol ubicado en la calle hilario lagos n° 1990, de la ciudad de boulogne.-"
446-HCD-2026,2026,frente renovador - fuerza patria,comunicacion,"si la reparacion de la boca de tormenta que se encuentra emplazada sobre la av. rolon 2382, de la ciudad de boulogne.-"
447-HCD-2026,2026,la libertad avanza,comunicacion,"s/ verificar el estado de la vereda ubicada en padre acevedo n° 2504, de la ciudad de beccar.-"
448-HCD-2026,2026,la libertad avanza,ordenanza,"creando el ""regimen de permisos instantaneos y apertura inmediata"" en el ambito del partido de san isidro.-"
449-HCD-2026,2026,la libertad avanza,resolucion,el h.c.d. expresa su conviccion que la participacion politica de los jovenes en los cuerpos deliberativos municipales constituye una necesidad institucional e insta la h. camara de diputados de la prov. bs. as. a avanzar en la modificacion 
450-HCD-2026,2026,varios senores concejales,ordenanza,modificando el arblculo 1.2.1.1. de la seccion 1.2.1. del capitulo i del codigo de ordenamiento urbano de san isidro.-
451-HCD-2026,2026,varios senores concejales,comunicacion,s/ un informe relacionado con la licitacion publica n° 13/2026.-
452-HCD-2026,2026,varios senores concejales,ordenanza,"autorizando a los titulares de permisos de usos, ocupacion de espacio publico y/o habilitaciones de puestos destinados a la venta de diarios, revistas y afines, a reconvertir y ampliar sus actividades.-"
453-HCD-2026,2026,varios senores concejales,comunicacion,"s/ un informe relacionado con el uso de la calle manuel aguirre, entre la calle sebastian elcano y la linea de la costa del rio de la plata, en relacion a la linea de colectivos 228, de este partido.-"
456-HCD-2026,2026,fuerza patria,ordenanza,creando el programa municipal de promotores territoriales de prevencion ciudadana y derechos humanos.-
457-HCD-2026,2026,fuerza patria,ordenanza,"creando el programa municipal ""yo mama"", destinado a brindar acompanamiento integral a adoles,centes embarazadas y madres adolescentes residentes en el partido de san isidro.-"
547-HCD-2026,2026,fuerza patria,comunicacion,"si una evaluacion tecnica del ejemplar arboreo y de raices que afectan la vereda y la casa ubicada en la calle charcas n° 2422, de la ciudad de beccar.-"
548-HCD-2026,2026,fuerza pa tria,comunicacion,"si un informe relacionado con los espacios de estacionamiento construidos sobre el boulevard de la calle dardo rocha al 1100, de este partido,-"
549-HCD-2026,2026,fuerza patria,comunicacion,"si la colocacion de reductores de velocidad en la calle pichincha en su interseccion con la calle parana, de la ciudad de villa adelina,-"
550-HCD-2026,2026,fuerza patria,ordenanza,"creando el ""programa municipal veredas seguras de san isidro"".-"
551-HCD-2026,2026,fuerza patria,comunicacion,"si la realizacio¡:l de un releva miento integral de veredas del barrio ""la horqueta"", de la ciudad de boulogne.-"
552-HCD-2026,2026,movimiento derecho al futuro,comunicaclon,"si el refuerzo del alumbrado publico sobre la calle anatole france, entre las calles diego carman y coronel cetz, de la ciudad de san isidro.-"
555-HCD-2026,2026,varios senores concejales,resolucion,"el h.c.d. expresa su reconocimiento y felicitaciones al ""club inquietos"" y a su fundadora, maria florencia fortelli, por su invaluable labor social, deportiva e inclusiva en nuestro partido.-"
563-HCD-2026,2026,bloquefrente renovador- fuerza patria,comunicacion,"si un informe relacionado con los alimentos incluidos en viandas o raciones proporcionadas al personal municipal que desarrolla tareas de barrido y limpieza urbana, en el partido de san isidro.-"
565-HCD-2026,2026,frente renov ador- fuerza patria,comunicacion,"si un informe relacionado con los comercios, pequenas y medianas empresas, emprendimientos productivos y establecimientos industriales radicados en el partido ele san isidro.-"
566-HCD-2026,2026,partido democrata,comunicacion,si la realizacion de un estudio de transito que evalue como mejorar la circulacion este- oeste y la salida hacia la av. centenario en el barrio que rodea a la estacion beccar del tren mitre - tigre.-
569-HCD-2026,2026,la libertad avanza,comunicacion,si un informe relacionado con los espectaculos y eventos que se realizan en el hipodromo de san isidro.-
571-HCD-2026,2026,la libertad avanza,comunicacion,si que se evalue' la implementacion periodica de expos de empleo presenciales en el partido de san isidro.-
576-HCD-2026,2026,varios senores concejales,comunicacion,si un informe relacionado con la licitacion privada n° 37/2025 para la provision de viandas destinadas al personal municipal que realiza tareas y destajos en la via publica.-
578-HCD-2026,2026,fuerza patria,ordenanza,"creando el ""programa de semaforos sonoros"" en el ambito del partido de san isidro.-"
579-HCD-2026,2026,fuerza patria,comunicacion,"el h.cd. expresa preocupacion por la denominacion ""desfile civico- militar"" adoptada por el departamento ejecutivo para el evento conmemorativo del aniversario del fauecimiento del gral. jose de san martin.-"
581-HCD-2026,2026,varios senores concejales,comunicacion,s/ un informe relacionado con las tasas sobre las patentes de vehiculos (automotores municipalizados y motovehiculos).-
582-HCD-2026,2026,varios senores concejales,comunicacion,"s/ un informe relacionado con las obras e intervenciones en el predio de puerto libre, de la ciudad de martinez.-"
584-HCD-2026,2026,primero san isidro,comunicacion,"s/ \ln informe relacionad'o con presuntas irregularidades vinculadas con la ejecucion del programa de viviendas sociales del barrio martin y ornar, de este partido.-"
585-HCD-2026,2026,varios senores concejales,resolucion,"el h.c.d. declara de interes la ""111 convencion de la red panhispanica de lenguaje claro y accesible"", organizada por la suprema corte de justicia de la pcia. de bs. as.-"
586-HCD-2026,2026,fuerza patria,resolucion,el h.c.d. repudia el accionar represivo desplegado por las fuerzas de seguridad federales el pasado 6 de agosto del corriente ano frente al congreso de la nacion.-
588-HCD-2026,2026,varios senores concejales,comunicacion,s/ un informe relacionado con la realizacion de eventos nocturnos y actividades aranceladasen el cementerio municipal de san isidro.-
596-HCD-2026,2026,movimiento derecho al futuro,resolucion,"el h.c.d. expresa su beneplacito y reconocimiento al sindicato unificado de trabajadores de la educacion de buenos aires (suteba) y a su seccional san isidro, con motivo de celebrarse el 40° aniversario de su fundacion.-"
597-HCD-2026,2026,movimiento derecho al futuro,comunicacion,si un informe relacionado con la provision y entrega regular de metodos anticonceptivos en los centros de atencion primaria de salud (caps) y en los hospitales municipales del partido.-
598-HCD-2026,2026,movimiento derecho al futuro,resolucion,el h.c.d. declara su beneplacito y reconocimiento al cumplirse 5 anos de la conformacion del frente orgullo san isidro (fosi) y de la realizacion de la ira marcha del orgullo lgbti+ en el partido de san isidro.-
599-HCD-2026,2026,fuerza patria,comunicacion,"si la construccion de una darsena de estacionamiento en la calle gral. lamadrid n° 694, de la ciudad de boulogne.-"
600-HCD-2026,2026,fuerza patria,comunicacion,"si la colocacion de un refugio con asiento y la correcta senalizacion de la parada de colectivos, en la calle gral. lamadrid n° 691, de la ciudad de boulogne.-"
601-HCD-2026,2026,fuerza patria,ordenanza,"realizando la construccion de una senda peatonal elevada sobre la calle edison, en su interseccion con k av. sir alexander fleming, de la ciudad de martinez.-"
602-HCD-2026,2026,fuerza patria,resolucion,"el h.c.d. declara de interes la ""guia ema para el abordaje de casos de difusion de contenido intimo sexual sin consentimiento en ambitos educativos"", elaborada por la familia de ema bondaruk junto a organizaciones especializadas.-"
603-HCD-2026,2026,movimiento derecho al futuro,comunicacion,"si la poda y raleo del ejemplar ubicado en la calle lynch n° 1783, de la ciudad de beccar.-"
604-HCD-2026,2026,movimiento derecho al futuro,comunicacion,si un informe relacionado al plan de obra y gestion a desarrollarse en la costane;ra de san isidro.-
605-HCD-2026,2026,bloql1e movimiento derecho al futuro,comunicacion,"si un informe relacionado a la prestacion del servicio de camiones atmosfericos en el bario sauce, de la ciudad de beccar.-"
606-HCD-2026,2026,varios senores concejales,comunicacion,"si al d.e. que revea la situacion tomada, y deje sin efecto la implementacion del sistema municipal de estacionamiento medido en el sector del centro comercial de las lomas de san isidro.-"
607-HCD-2026,2026,varios senores concejales,comunicacion,si un informe relacionado con la vacunacion contra el dengue en el partido de san isidro.-
611-HCD-2026,2026,partido democrata,comunicacion,si un informe sobre las actividades nocturnas que se realizan en el cementerio de san isidro.-
612-HCD-2026,2026,partido democrata,comunicacion,"s/ la realizacion de una jornada abierta sobre la reconquista de buenos aires con los historiadores au.tores del libro ""220 anos de gesta. el camino de la reconquista por los pagos de monte grande y de las conchas"".-"
618-HCD-2026,2026,movimiento derecho al futuro,comunicacion,"s/ un informe relacionado con el plan municipal de prevencion y mitigacion ante el fenomeno ""super el nino"".-"
620-HCD-2026,2026,movimiento derecho al futuro,ordenanza,"designando con el nombre de ""veteranos de guerra de malvinas- san isidro"" al boulevard en construccion ubicado sobre la calle ipiranga, en la ciudad de boulogne.-"
622-HCD-2026,2026,fuerza patria,comunicacion,"si la colocacion de refugios en las paradas de transporte publico de las lineas 343 cartel amarillo y 314, ubicadas en la calle figueroa aleorta de la ciudad de boulogne.-"
623-HCD-2026,2026,fuerza patria,ordenanza,"estableciendo la recuperacion, puesta en valor y reapertura al uso publico del paseo del aguila, ubicado en la calle gral. pueyrredon y la barranca, del partido de san isidro.-"
624-HCD-2026,2026,fuerza patria,comunicacion,"si garantizar la conectividad de villa adelina con san isidro, restituyendo el recorrido historico del ramal naranja de la linea 707.-"
625-HCD-2026,2026,varjlos senores concejales,comunicacion,"si a la direccion gral. de cultura y educacion de la provincia de bs.as., por intermedio del consejo escolar de san isidro, un informe relacionado con la situacion edilicia de la escuela primaria n° 17 de san isidro.-"
626-HCD-2026,2026,varios senores concejales,resolucion,el h.c.d. felicita a la delegacion del equipo de patinaje artistico del club atletico social villa adelina (casva) por su destacada participacion en el campeonato panamericano de patinaje artistico 2026.-
627-HCD-2026,2026,varios senores concejales,resolucion,"el h.c.d. expresa su reconocimiento y felicitacion al vecino de la ciudad de martinez, nicolas yannuzzi, por su participacion en el mundial de pickleball que se lleva a cabo en taiwan.-"
628-HCD-2026,2026,fuerza patria,resolucion,el h.c.d. manifiesta su beneplacito y acompanamiento a la adhesion de la provincia de buenos aires a la ley nacional n° 26.816 de regimen federal de empleo protegido para p€'rsonas con discapacidad.-
629-HCD-2026,2026,fuerza patria,ordenanza,"autorizando a los titulares de permisos de uso, ocupacion de espacio publico y/o habilitaciones correspondientes a puestos destinados a la venta de diarios y revistas, a incorporar actividades y servicios complementarios.-"
630-HCD-2026,2026,fuerza patria,ordenanza,"creando en el ambito del partido de san isidro el programa ""parada limpia"".-"
632-HCD-2026,2026,fuerza patria,ordenanza,"declarando de utilidad publica y sujeto a expropiacion el sector del inmueble identificado catastralmente como circunscripcion 4, seccion d, manzana 6, parcela 12, de la ciudad de martinez.-"
633-HCD-2026,2026,fuerza patria,ordenanza,desarrollando una campana de concientizacion sobre la repercusion en la salud de la inhalacion de monoxido de carbono.-
635-HCD-2026,2026,union civica radical,comunicacion,si un informe vinculado al convenio de asistencia tecnica celebrado con la universidad nacional de san martin (usam).-
636-HCD-2026,2026,"varios senores concejales,",comunicacion,"si un informe relacionado con la fijacion de alicuotas y esquemas tributarios de las patentes de motovehiculos y automotores municipalizados,-"
638-HCD-2026,2026,la libertad avanza,comunicacion,"si evaluar el cambio de circulacion de la calle carlos tejedor, entre colectora panamericana y avenida sucre, de este partido.-"
639-HCD-2026,2026,la libertad avanza,comunicacion,si la instalacion de espacios de estacionamiento reservados para personas con discapacidad en todos los centros comerciales a cielo abierto del distrito.-
641-HCD-2026,2026,la libertad avanza,comunicacion,"si un informe referido a la contaminacion por residuos plasticos y otros materiales flotantes en la interfaz fluvial costera del partido,-"
642-HCD-2026,2026,la libertad avanza,ordenanza,"creando el ""programa de regularizacion, ordenamiento y simplificacion de construcciones existentes no declaradas"".-"
643-HCD-2026,2026,la libertad avanza,comunicacion,si un informe respecto de la relacion prestacional que vincula a la municipalidad de san isidro con el instituto de obra medico asistencial (loma) de la provincia de buenos aires.-
644-HCD-2026,2026,la libertad avanza,resolucion,el h.c.d. expresa su preocupacion y rechazo ante las informaciones periodisticas que dan cuenta del viaje realizado por la senadora provincial malena galmarini a la isla de barbados.-
645-HCD-2026,2026,la libertad avanza,resolucion,el h.c.d. repudia el hecho vandalico ocurrido el dia 19 de agosto de 2026 contra la sede del partido la libertad avanza del partido de san isidro.-
